1,57285,732,302,38,72,1,-1,-1,-1
1,57286,807,394,28,72,1,-1,-1,-1
1,57287,507,385,33,79,1,-1,-1,-1
1,57288,542,559,32,97,1,-1,-1,-1
1,57289,311,344,27,72,1,-1,-1,-1
1,57290,345,481,23,89,1,-1,-1,-1
1,57291,271,567,37,94,1,-1,-1,-1
1,57292,450,707,43,107,1,-1,-1,-1
1,57293,309,750,35,118,1,-1,-1,-1
1,57294,1444,531,25,103,1,-1,-1,-1
1,57295,1391,534,35,107,1,-1,-1,-1
1,57296,1408,532,27,106,1,-1,-1,-1
1,57297,1266,505,35,96,1,-1,-1,-1
1,57298,1252,502,20,92,1,-1,-1,-1
1,57299,1234,505,21,87,1,-1,-1,-1
1,57300,1226,639,44,108,1,-1,-1,-1
1,57301,1257,634,37,100,1,-1,-1,-1
1,57302,1153,640,45,96,1,-1,-1,-1
1,57303,1180,629,32,102,1,-1,-1,-1
1,57304,1202,610,38,107,1,-1,-1,-1
1,57305,1215,604,35,104,1,-1,-1,-1
2,57285,732,302,38,72,1,-1,-1,-1
2,57286,806,394,28,72,1,-1,-1,-1
2,57287,507,385,33,79,1,-1,-1,-1
2,57288,542,559,32,97,1,-1,-1,-1
2,57289,311,344,27,72,1,-1,-1,-1
2,57290,345,481,23,89,1,-1,-1,-1
2,57291,273,567,37,94,1,-1,-1,-1
2,57292,450,707,43,107,1,-1,-1,-1
2,57293,308,750,35,118,1,-1,-1,-1
2,57294,1444,531,25,103,1,-1,-1,-1
2,57295,1391,534,35,107,1,-1,-1,-1
2,57296,1408,532,27,106,1,-1,-1,-1
2,57297,1266,505,35,96,1,-1,-1,-1
2,57298,1251,502,20,92,1,-1,-1,-1
2,57299,1233,505,21,87,1,-1,-1,-1
2,57300,1226,639,44,108,1,-1,-1,-1
2,57301,1257,634,37,100,1,-1,-1,-1
2,57302,1153,639,45,96,1,-1,-1,-1
2,57303,1180,629,32,102,1,-1,-1,-1
2,57304,1202,610,38,107,1,-1,-1,-1
2,57305,1215,604,35,104,1,-1,-1,-1
3,57285,733,302,38,72,1,-1,-1,-1
3,57286,805,394,28,72,1,-1,-1,-1
3,57287,508,385,33,79,1,-1,-1,-1
3,57288,542,559,32,97,1,-1,-1,-1
3,57289,311,344,27,72,1,-1,-1,-1
3,57290,345,481,23,89,1,-1,-1,-1
3,57291,274,567,37,94,1,-1,-1,-1
3,57292,450,707,43,107,1,-1,-1,-1
3,57293,307,751,35,118,1,-1,-1,-1
3,57294,1443,531,25,103,1,-1,-1,-1
3,57295,1391,534,35,107,1,-1,-1,-1
3,57296,1408,532,27,106,1,-1,-1,-1
3,57297,1266,505,35,96,1,-1,-1,-1
3,57298,1250,502,20,92,1,-1,-1,-1
3,57299,1232,505,21,87,1,-1,-1,-1
3,57300,1227,639,44,108,1,-1,-1,-1
3,57301,1257,635,37,100,1,-1,-1,-1
3,57302,1152,638,45,96,1,-1,-1,-1
3,57303,1180,629,32,102,1,-1,-1,-1
3,57304,1202,609,38,107,1,-1,-1,-1
3,57305,1215,604,35,104,1,-1,-1,-1
4,57285,734,302,38,72,1,-1,-1,-1
4,57286,805,394,28,72,1,-1,-1,-1
4,57287,508,385,33,79,1,-1,-1,-1
4,57288,542,558,32,97,1,-1,-1,-1
4,57289,311,344,27,72,1,-1,-1,-1
4,57290,345,481,23,89,1,-1,-1,-1
4,57291,276,567,37,94,1,-1,-1,-1
4,57292,452,707,43,107,1,-1,-1,-1
4,57293,307,751,35,118,1,-1,-1,-1
4,57294,1443,531,25,103,1,-1,-1,-1
4,57295,1391,534,35,107,1,-1,-1,-1
4,57296,1408,532,27,106,1,-1,-1,-1
4,57297,1266,505,35,96,1,-1,-1,-1
4,57298,1250,502,20,92,1,-1,-1,-1
4,57299,1232,505,21,87,1,-1,-1,-1
4,57300,1228,639,45,109,1,-1,-1,-1
4,57301,1258,635,37,100,1,-1,-1,-1
4,57302,1151,638,45,96,1,-1,-1,-1
4,57303,1180,629,32,102,1,-1,-1,-1
4,57304,1202,608,38,107,1,-1,-1,-1
4,57305,1216,604,35,104,1,-1,-1,-1
5,57285,734,302,38,72,1,-1,-1,-1
5,57286,805,394,28,72,1,-1,-1,-1
5,57287,508,385,33,79,1,-1,-1,-1
5,57288,542,557,32,97,1,-1,-1,-1
5,57289,310,344,27,72,1,-1,-1,-1
5,57290,345,480,23,89,1,-1,-1,-1
5,57291,278,568,37,94,1,-1,-1,-1
5,57292,453,707,43,107,1,-1,-1,-1
5,57293,306,751,35,118,1,-1,-1,-1
5,57294,1443,531,25,103,1,-1,-1,-1
5,57295,1391,534,35,107,1,-1,-1,-1
5,57296,1408,532,27,106,1,-1,-1,-1
5,57297,1265,505,36,96,1,-1,-1,-1
5,57298,1249,502,20,92,1,-1,-1,-1
5,57299,1231,505,21,87,1,-1,-1,-1
5,57300,1229,639,45,109,1,-1,-1,-1
5,57301,1259,635,37,100,1,-1,-1,-1
5,57302,1150,638,45,96,1,-1,-1,-1
5,57303,1180,629,32,102,1,-1,-1,-1
5,57304,1202,608,38,107,1,-1,-1,-1
5,57305,1216,604,35,104,1,-1,-1,-1
6,57285,735,302,37,72,1,-1,-1,-1
6,57286,806,394,28,72,1,-1,-1,-1
6,57287,508,385,33,79,1,-1,-1,-1
6,57288,541,557,32,97,1,-1,-1,-1
6,57289,310,344,27,72,1,-1,-1,-1
6,57290,344,480,24,89,1,-1,-1,-1
6,57291,280,568,37,94,1,-1,-1,-1
6,57292,454,707,43,107,1,-1,-1,-1
6,57293,305,752,35,118,1,-1,-1,-1
6,57294,1443,531,25,103,1,-1,-1,-1
6,57295,1391,534,35,107,1,-1,-1,-1
6,57296,1408,532,27,106,1,-1,-1,-1
6,57297,1266,505,35,96,1,-1,-1,-1
6,57298,1248,502,20,92,1,-1,-1,-1
6,57299,1231,505,21,87,1,-1,-1,-1
6,57300,1230,639,45,110,1,-1,-1,-1
6,57301,1259,635,37,100,1,-1,-1,-1
6,57302,1148,637,46,97,1,-1,-1,-1
6,57303,1180,629,32,102,1,-1,-1,-1
6,57304,1203,608,38,107,1,-1,-1,-1
6,57305,1217,604,35,104,1,-1,-1,-1
7,57285,735,302,38,72,1,-1,-1,-1
7,57286,806,394,28,72,1,-1,-1,-1
7,57287,508,385,33,79,1,-1,-1,-1
7,57288,541,557,32,97,1,-1,-1,-1
7,57289,309,344,27,72,1,-1,-1,-1
7,57290,345,479,23,89,1,-1,-1,-1
7,57291,281,568,38,94,1,-1,-1,-1
7,57292,455,707,43,107,1,-1,-1,-1
7,57293,304,752,35,118,1,-1,-1,-1
7,57294,1443,531,26,103,1,-1,-1,-1
7,57295,1391,534,35,107,1,-1,-1,-1
7,57296,1409,532,27,106,1,-1,-1,-1
7,57297,1266,505,35,96,1,-1,-1,-1
7,57298,1248,502,20,92,1,-1,-1,-1
7,57299,1231,505,21,87,1,-1,-1,-1
7,57300,1231,639,45,110,1,-1,-1,-1
7,57301,1259,635,37,100,1,-1,-1,-1
7,57302,1147,637,46,97,1,-1,-1,-1
7,57303,1180,629,32,102,1,-1,-1,-1
7,57304,1203,608,37,107,1,-1,-1,-1
7,57305,1217,603,35,104,1,-1,-1,-1
8,57285,736,302,38,72,1,-1,-1,-1
8,57286,805,394,28,72,1,-1,-1,-1
8,57287,508,385,33,79,1,-1,-1,-1
8,57288,540,557,32,97,1,-1,-1,-1
8,57289,309,344,27,72,1,-1,-1,-1
8,57290,344,479,24,89,1,-1,-1,-1
8,57291,283,568,38,94,1,-1,-1,-1
8,57292,456,707,44,107,1,-1,-1,-1
8,57293,303,752,36,119,1,-1,-1,-1
8,57294,1443,531,26,103,1,-1,-1,-1
8,57295,1391,534,35,107,1,-1,-1,-1
8,57296,1409,532,27,106,1,-1,-1,-1
8,57297,1266,505,36,96,1,-1,-1,-1
8,57298,1247,502,20,92,1,-1,-1,-1
8,57299,1230,505,21,87,1,-1,-1,-1
8,57300,1232,639,45,111,1,-1,-1,-1
8,57301,1260,636,37,100,1,-1,-1,-1
8,57302,1147,636,45,97,1,-1,-1,-1
8,57303,1180,629,33,102,1,-1,-1,-1
8,57304,1203,608,37,107,1,-1,-1,-1
8,57305,1218,603,35,104,1,-1,-1,-1
9,57285,736,302,38,72,1,-1,-1,-1
9,57286,805,394,28,72,1,-1,-1,-1
9,57287,509,385,33,79,1,-1,-1,-1
9,57288,540,557,32,97,1,-1,-1,-1
9,57289,309,344,27,72,1,-1,-1,-1
9,57290,344,479,24,89,1,-1,-1,-1
9,57291,285,568,38,94,1,-1,-1,-1
9,57292,457,707,44,107,1,-1,-1,-1
9,57293,302,752,36,119,1,-1,-1,-1
9,57294,1443,531,26,103,1,-1,-1,-1
9,57295,1391,534,35,107,1,-1,-1,-1
9,57296,1409,532,27,106,1,-1,-1,-1
9,57297,1266,505,36,96,1,-1,-1,-1
9,57298,1246,502,20,92,1,-1,-1,-1
9,57299,1230,505,21,87,1,-1,-1,-1
9,57300,1232,639,46,111,1,-1,-1,-1
9,57301,1260,636,38,100,1,-1,-1,-1
9,57302,1146,636,46,97,1,-1,-1,-1
9,57303,1180,629,33,102,1,-1,-1,-1
9,57304,1203,608,37,107,1,-1,-1,-1
9,57305,1218,602,35,105,1,-1,-1,-1
10,57285,737,302,37,72,1,-1,-1,-1
10,57286,805,395,28,72,1,-1,-1,-1
10,57287,509,385,33,79,1,-1,-1,-1
10,57288,540,557,32,97,1,-1,-1,-1
10,57289,309,344,27,72,1,-1,-1,-1
10,57290,344,479,25,89,1,-1,-1,-1
10,57291,286,568,39,94,1,-1,-1,-1
10,57292,459,707,43,107,1,-1,-1,-1
10,57293,302,753,36,119,1,-1,-1,-1
10,57294,1443,531,26,103,1,-1,-1,-1
10,57295,1391,534,35,107,1,-1,-1,-1
10,57296,1409,532,27,106,1,-1,-1,-1
10,57297,1266,505,36,96,1,-1,-1,-1
10,57298,1246,502,20,92,1,-1,-1,-1
10,57299,1229,505,21,87,1,-1,-1,-1
10,57300,1233,639,45,112,1,-1,-1,-1
10,57301,1261,637,37,99,1,-1,-1,-1
10,57302,1145,636,46,97,1,-1,-1,-1
10,57303,1180,629,33,102,1,-1,-1,-1
10,57304,1203,608,37,107,1,-1,-1,-1
10,57305,1219,602,35,105,1,-1,-1,-1
11,57285,738,302,37,72,1,-1,-1,-1
11,57286,805,395,28,72,1,-1,-1,-1
11,57287,509,385,33,79,1,-1,-1,-1
11,57288,540,557,33,98,1,-1,-1,-1
11,57289,309,344,27,72,1,-1,-1,-1
11,57290,343,479,26,89,1,-1,-1,-1
11,57291,289,568,40,94,1,-1,-1,-1
11,57292,460,707,43,107,1,-1,-1,-1
11,57293,301,753,36,119,1,-1,-1,-1
11,57294,1442,531,27,104,1,-1,-1,-1
11,57295,1391,533,35,107,1,-1,-1,-1
11,57296,1409,532,27,106,1,-1,-1,-1
11,57297,1267,505,36,96,1,-1,-1,-1
11,57298,1245,502,20,92,1,-1,-1,-1
11,57299,1229,505,21,87,1,-1,-1,-1
11,57300,1234,639,46,112,1,-1,-1,-1
11,57301,1261,637,37,99,1,-1,-1,-1
11,57302,1144,635,46,97,1,-1,-1,-1
11,57303,1180,629,33,102,1,-1,-1,-1
11,57304,1204,608,37,107,1,-1,-1,-1
11,57305,1220,602,35,105,1,-1,-1,-1
12,57285,739,302,37,72,1,-1,-1,-1
12,57286,805,395,29,72,1,-1,-1,-1
12,57287,509,385,33,79,1,-1,-1,-1
12,57288,540,557,32,98,1,-1,-1,-1
12,57289,308,344,27,72,1,-1,-1,-1
12,57290,343,479,26,89,1,-1,-1,-1
12,57291,290,568,41,94,1,-1,-1,-1
12,57292,461,707,44,107,1,-1,-1,-1
12,57293,301,753,36,119,1,-1,-1,-1
12,57294,1442,531,28,104,1,-1,-1,-1
12,57295,1391,533,35,107,1,-1,-1,-1
12,57296,1410,532,27,106,1,-1,-1,-1
12,57297,1267,505,36,96,1,-1,-1,-1
12,57298,1244,502,20,92,1,-1,-1,-1
12,57299,1229,505,21,87,1,-1,-1,-1
12,57300,1235,639,45,113,1,-1,-1,-1
12,57301,1261,637,38,99,1,-1,-1,-1
12,57302,1143,635,46,97,1,-1,-1,-1
12,57303,1180,629,33,103,1,-1,-1,-1
12,57304,1204,608,37,107,1,-1,-1,-1
12,57305,1220,602,35,105,1,-1,-1,-1
13,57285,740,302,36,72,1,-1,-1,-1
13,57286,805,395,29,72,1,-1,-1,-1
13,57287,509,385,33,79,1,-1,-1,-1
13,57288,539,557,33,98,1,-1,-1,-1
13,57289,308,344,27,72,1,-1,-1,-1
13,57290,344,479,26,89,1,-1,-1,-1
13,57291,295,568,41,94,1,-1,-1,-1
13,57292,462,707,45,107,1,-1,-1,-1
13,57293,300,753,36,119,1,-1,-1,-1
13,57294,1442,531,28,104,1,-1,-1,-1
13,57295,1391,532,35,107,1,-1,-1,-1
13,57296,1410,532,27,106,1,-1,-1,-1
13,57297,1266,505,37,96,1,-1,-1,-1
13,57298,1243,502,21,92,1,-1,-1,-1
13,57299,1228,505,22,88,1,-1,-1,-1
13,57300,1236,639,46,113,1,-1,-1,-1
13,57301,1262,637,38,99,1,-1,-1,-1
13,57302,1142,635,46,97,1,-1,-1,-1
13,57303,1180,629,34,103,1,-1,-1,-1
13,57304,1204,607,37,107,1,-1,-1,-1
13,57305,1221,602,35,106,1,-1,-1,-1
14,57285,740,302,36,72,1,-1,-1,-1
14,57286,804,395,29,72,1,-1,-1,-1
14,57287,510,385,33,79,1,-1,-1,-1
14,57288,539,557,33,99,1,-1,-1,-1
14,57289,308,344,27,72,1,-1,-1,-1
14,57290,343,479,27,89,1,-1,-1,-1
14,57291,298,568,40,94,1,-1,-1,-1
14,57292,463,707,44,107,1,-1,-1,-1
14,57293,299,754,36,119,1,-1,-1,-1
14,57294,1441,531,28,104,1,-1,-1,-1
14,57295,1390,532,35,107,1,-1,-1,-1
14,57296,1410,533,27,106,1,-1,-1,-1
14,57297,1266,505,38,96,1,-1,-1,-1
14,57298,1243,502,21,92,1,-1,-1,-1
14,57299,1228,505,21,88,1,-1,-1,-1
14,57300,1237,639,45,114,1,-1,-1,-1
14,57301,1262,638,38,98,1,-1,-1,-1
14,57302,1142,634,46,98,1,-1,-1,-1
14,57303,1180,629,34,103,1,-1,-1,-1
14,57304,1204,607,36,107,1,-1,-1,-1
14,57305,1221,602,35,106,1,-1,-1,-1
15,57285,741,302,35,72,1,-1,-1,-1
15,57286,804,395,29,72,1,-1,-1,-1
15,57287,510,385,33,79,1,-1,-1,-1
15,57288,540,557,32,99,1,-1,-1,-1
15,57289,308,344,27,72,1,-1,-1,-1
15,57290,344,479,27,89,1,-1,-1,-1
15,57291,301,569,40,94,1,-1,-1,-1
15,57292,463,707,45,107,1,-1,-1,-1
15,57293,298,754,37,119,1,-1,-1,-1
15,57294,1441,531,29,104,1,-1,-1,-1
15,57295,1390,532,35,107,1,-1,-1,-1
15,57296,1410,533,27,106,1,-1,-1,-1
15,57297,1266,505,38,96,1,-1,-1,-1
15,57298,1243,502,21,92,1,-1,-1,-1
15,57299,1228,505,21,88,1,-1,-1,-1
15,57300,1237,639,44,114,1,-1,-1,-1
15,57301,1262,638,38,99,1,-1,-1,-1
15,57302,1141,634,46,98,1,-1,-1,-1
15,57303,1180,629,34,103,1,-1,-1,-1
15,57304,1204,607,37,107,1,-1,-1,-1
15,57305,1222,602,35,106,1,-1,-1,-1
16,57285,741,302,35,72,1,-1,-1,-1
16,57286,803,395,29,72,1,-1,-1,-1
16,57287,509,385,33,79,1,-1,-1,-1
16,57288,540,557,32,99,1,-1,-1,-1
16,57289,308,343,27,72,1,-1,-1,-1
16,57290,344,479,28,89,1,-1,-1,-1
16,57291,305,569,40,94,1,-1,-1,-1
16,57292,464,708,45,107,1,-1,-1,-1
16,57293,298,754,37,120,1,-1,-1,-1
16,57294,1441,530,30,104,1,-1,-1,-1
16,57295,1389,532,35,107,1,-1,-1,-1
16,57296,1410,533,27,106,1,-1,-1,-1
16,57297,1265,505,39,96,1,-1,-1,-1
16,57298,1242,502,21,92,1,-1,-1,-1
16,57299,1228,505,21,88,1,-1,-1,-1
16,57300,1236,639,45,114,1,-1,-1,-1
16,57301,1262,638,38,99,1,-1,-1,-1
16,57302,1141,634,46,98,1,-1,-1,-1
16,57303,1180,629,34,103,1,-1,-1,-1
16,57304,1204,607,37,107,1,-1,-1,-1
16,57305,1222,602,35,106,1,-1,-1,-1
17,57285,741,302,35,72,1,-1,-1,-1
17,57286,803,395,29,72,1,-1,-1,-1
17,57287,509,385,33,79,1,-1,-1,-1
17,57288,541,557,32,98,1,-1,-1,-1
17,57289,308,343,27,72,1,-1,-1,-1
17,57290,345,479,28,89,1,-1,-1,-1
17,57291,309,569,41,94,1,-1,-1,-1
17,57292,465,708,45,107,1,-1,-1,-1
17,57293,298,755,37,120,1,-1,-1,-1
17,57294,1441,530,29,104,1,-1,-1,-1
17,57295,1389,533,35,107,1,-1,-1,-1
17,57296,1410,533,27,106,1,-1,-1,-1
17,57297,1265,505,39,96,1,-1,-1,-1
17,57298,1242,502,21,92,1,-1,-1,-1
17,57299,1228,505,21,88,1,-1,-1,-1
17,57300,1235,639,45,115,1,-1,-1,-1
17,57301,1261,638,39,99,1,-1,-1,-1
17,57302,1140,634,46,98,1,-1,-1,-1
17,57303,1181,629,33,103,1,-1,-1,-1
17,57304,1204,607,37,107,1,-1,-1,-1
17,57305,1223,602,35,106,1,-1,-1,-1
18,57285,742,302,34,72,1,-1,-1,-1
18,57286,803,395,29,72,1,-1,-1,-1
18,57287,509,385,33,79,1,-1,-1,-1
18,57288,541,557,32,98,1,-1,-1,-1
18,57289,308,342,27,72,1,-1,-1,-1
18,57290,345,479,29,89,1,-1,-1,-1
18,57291,312,569,42,94,1,-1,-1,-1
18,57292,465,709,45,107,1,-1,-1,-1
18,57293,297,755,38,120,1,-1,-1,-1
18,57294,1441,529,29,105,1,-1,-1,-1
18,57295,1389,533,35,107,1,-1,-1,-1
18,57296,1411,533,27,106,1,-1,-1,-1
18,57297,1265,505,39,96,1,-1,-1,-1
18,57298,1241,502,21,92,1,-1,-1,-1
18,57299,1228,504,21,89,1,-1,-1,-1
18,57300,1235,639,45,115,1,-1,-1,-1
18,57301,1261,639,39,98,1,-1,-1,-1
18,57302,1140,634,45,98,1,-1,-1,-1
18,57303,1180,629,35,103,1,-1,-1,-1
18,57304,1205,607,36,107,1,-1,-1,-1
18,57305,1223,602,35,106,1,-1,-1,-1
19,57285,742,302,34,72,1,-1,-1,-1
19,57286,802,395,30,72,1,-1,-1,-1
19,57287,509,385,33,79,1,-1,-1,-1
19,57288,542,557,32,98,1,-1,-1,-1
19,57289,308,342,27,72,1,-1,-1,-1
19,57290,345,479,30,89,1,-1,-1,-1
19,57291,316,569,42,94,1,-1,-1,-1
19,57292,465,709,46,107,1,-1,-1,-1
19,57293,297,755,38,120,1,-1,-1,-1
19,57294,1441,529,30,104,1,-1,-1,-1
19,57295,1389,533,35,107,1,-1,-1,-1
19,57296,1411,533,27,106,1,-1,-1,-1
19,57297,1264,505,40,96,1,-1,-1,-1
19,57298,1241,502,21,92,1,-1,-1,-1
19,57299,1228,505,21,88,1,-1,-1,-1
19,57300,1234,639,44,116,1,-1,-1,-1
19,57301,1261,639,39,99,1,-1,-1,-1
19,57302,1140,634,45,98,1,-1,-1,-1
19,57303,1180,629,35,103,1,-1,-1,-1
19,57304,1205,607,36,107,1,-1,-1,-1
19,57305,1223,602,36,106,1,-1,-1,-1
20,57285,743,302,33,72,1,-1,-1,-1
20,57286,801,395,30,72,1,-1,-1,-1
20,57287,509,385,33,79,1,-1,-1,-1
20,57288,542,557,32,97,1,-1,-1,-1
20,57289,308,342,27,72,1,-1,-1,-1
20,57290,346,479,31,89,1,-1,-1,-1
20,57291,319,569,43,94,1,-1,-1,-1
20,57292,466,710,45,107,1,-1,-1,-1
20,57293,296,755,38,120,1,-1,-1,-1
20,57294,1441,529,30,104,1,-1,-1,-1
20,57295,1388,534,35,107,1,-1,-1,-1
20,57296,1411,533,27,106,1,-1,-1,-1
20,57297,1264,505,40,96,1,-1,-1,-1
20,57298,1241,502,21,92,1,-1,-1,-1
20,57299,1228,505,21,88,1,-1,-1,-1
20,57300,1233,639,44,116,1,-1,-1,-1
20,57301,1260,639,39,99,1,-1,-1,-1
20,57302,1139,635,46,99,1,-1,-1,-1
20,57303,1181,629,34,103,1,-1,-1,-1
20,57304,1205,606,36,107,1,-1,-1,-1
20,57305,1224,602,36,106,1,-1,-1,-1
21,57285,743,302,33,72,1,-1,-1,-1
21,57286,801,395,30,72,1,-1,-1,-1
21,57287,509,385,33,79,1,-1,-1,-1
21,57288,543,557,32,97,1,-1,-1,-1
21,57289,308,342,27,72,1,-1,-1,-1
21,57290,346,479,32,89,1,-1,-1,-1
21,57291,325,569,44,94,1,-1,-1,-1
21,57292,466,711,46,107,1,-1,-1,-1
21,57293,296,756,39,120,1,-1,-1,-1
21,57294,1441,529,30,104,1,-1,-1,-1
21,57295,1388,534,34,107,1,-1,-1,-1
21,57296,1411,533,27,106,1,-1,-1,-1
21,57297,1264,505,39,96,1,-1,-1,-1
21,57298,1240,502,22,92,1,-1,-1,-1
21,57299,1228,504,22,89,1,-1,-1,-1
21,57300,1233,639,44,117,1,-1,-1,-1
21,57301,1260,640,39,99,1,-1,-1,-1
21,57302,1139,635,46,99,1,-1,-1,-1
21,57303,1180,628,36,104,1,-1,-1,-1
21,57304,1205,606,36,107,1,-1,-1,-1
21,57305,1225,602,36,107,1,-1,-1,-1
22,57285,743,302,34,72,1,-1,-1,-1
22,57286,800,395,30,72,1,-1,-1,-1
22,57287,508,385,33,79,1,-1,-1,-1
22,57288,544,557,32,97,1,-1,-1,-1
22,57289,308,342,27,72,1,-1,-1,-1
22,57290,347,479,32,89,1,-1,-1,-1
22,57291,327,569,45,94,1,-1,-1,-1
22,57292,467,712,46,107,1,-1,-1,-1
22,57293,296,756,38,120,1,-1,-1,-1
22,57294,1441,529,30,104,1,-1,-1,-1
22,57295,1388,534,34,107,1,-1,-1,-1
22,57296,1411,533,27,106,1,-1,-1,-1
22,57297,1263,505,40,96,1,-1,-1,-1
22,57298,1240,502,22,92,1,-1,-1,-1
22,57299,1228,505,22,88,1,-1,-1,-1
22,57300,1233,639,43,117,1,-1,-1,-1
22,57301,1260,640,39,98,1,-1,-1,-1
22,57302,1138,635,46,99,1,-1,-1,-1
22,57303,1180,629,36,104,1,-1,-1,-1
22,57304,1206,606,35,107,1,-1,-1,-1
22,57305,1225,602,36,107,1,-1,-1,-1
23,57285,744,302,32,72,1,-1,-1,-1
23,57286,800,395,30,72,1,-1,-1,-1
23,57287,508,385,33,79,1,-1,-1,-1
23,57288,545,557,31,97,1,-1,-1,-1
23,57289,308,342,27,72,1,-1,-1,-1
23,57290,347,480,33,89,1,-1,-1,-1
23,57291,329,569,46,94,1,-1,-1,-1
23,57292,468,712,46,107,1,-1,-1,-1
23,57293,295,756,39,120,1,-1,-1,-1
23,57294,1441,529,30,104,1,-1,-1,-1
23,57295,1387,534,34,107,1,-1,-1,-1
23,57296,1412,533,27,106,1,-1,-1,-1
23,57297,1263,505,40,96,1,-1,-1,-1
23,57298,1239,502,22,92,1,-1,-1,-1
23,57299,1228,505,22,89,1,-1,-1,-1
23,57300,1232,639,43,117,1,-1,-1,-1
23,57301,1259,640,40,98,1,-1,-1,-1
23,57302,1138,635,46,100,1,-1,-1,-1
23,57303,1180,629,36,104,1,-1,-1,-1
23,57304,1206,606,35,107,1,-1,-1,-1
23,57305,1226,602,36,107,1,-1,-1,-1
24,57285,744,302,32,72,1,-1,-1,-1
24,57286,800,395,30,72,1,-1,-1,-1
24,57287,508,385,33,79,1,-1,-1,-1
24,57288,545,558,32,97,1,-1,-1,-1
24,57289,308,342,27,72,1,-1,-1,-1
24,57290,347,480,34,89,1,-1,-1,-1
24,57291,331,569,47,94,1,-1,-1,-1
24,57292,469,712,46,107,1,-1,-1,-1
24,57293,296,757,39,120,1,-1,-1,-1
24,57294,1441,529,30,104,1,-1,-1,-1
24,57295,1387,534,34,107,1,-1,-1,-1
24,57296,1412,533,27,106,1,-1,-1,-1
24,57297,1263,505,40,96,1,-1,-1,-1
24,57298,1239,502,22,92,1,-1,-1,-1
24,57299,1228,504,22,90,1,-1,-1,-1
24,57300,1232,639,42,118,1,-1,-1,-1
24,57301,1259,640,39,98,1,-1,-1,-1
24,57302,1137,635,46,100,1,-1,-1,-1
24,57303,1180,629,36,104,1,-1,-1,-1
24,57304,1206,606,35,107,1,-1,-1,-1
24,57305,1226,602,36,107,1,-1,-1,-1
25,57285,744,302,32,72,1,-1,-1,-1
25,57286,799,395,30,72,1,-1,-1,-1
25,57287,507,385,33,79,1,-1,-1,-1
25,57288,546,558,32,97,1,-1,-1,-1
25,57289,308,342,27,72,1,-1,-1,-1
25,57290,348,480,34,89,1,-1,-1,-1
25,57291,336,569,46,94,1,-1,-1,-1
25,57292,471,713,46,107,1,-1,-1,-1
25,57293,295,757,39,121,1,-1,-1,-1
25,57294,1441,529,30,105,1,-1,-1,-1
25,57295,1385,534,34,107,1,-1,-1,-1
25,57296,1412,533,27,106,1,-1,-1,-1
25,57297,1263,505,40,96,1,-1,-1,-1
25,57298,1238,502,22,92,1,-1,-1,-1
25,57299,1228,505,22,89,1,-1,-1,-1
25,57300,1231,639,42,118,1,-1,-1,-1
25,57301,1258,641,40,97,1,-1,-1,-1
25,57302,1136,635,46,100,1,-1,-1,-1
25,57303,1180,629,36,104,1,-1,-1,-1
25,57304,1206,606,35,107,1,-1,-1,-1
25,57305,1227,602,36,107,1,-1,-1,-1
26,57285,745,302,31,72,1,-1,-1,-1
26,57286,798,395,31,72,1,-1,-1,-1
26,57287,507,385,33,79,1,-1,-1,-1
26,57288,547,558,32,97,1,-1,-1,-1
26,57289,308,342,27,72,1,-1,-1,-1
26,57290,348,481,35,89,1,-1,-1,-1
26,57291,338,569,45,94,1,-1,-1,-1
26,57292,472,714,46,107,1,-1,-1,-1
26,57293,294,757,40,121,1,-1,-1,-1
26,57294,1441,529,29,105,1,-1,-1,-1
26,57295,1384,534,34,107,1,-1,-1,-1
26,57296,1412,533,27,106,1,-1,-1,-1
26,57297,1263,505,39,96,1,-1,-1,-1
26,57298,1238,502,22,92,1,-1,-1,-1
26,57299,1228,505,22,89,1,-1,-1,-1
26,57300,1231,639,41,119,1,-1,-1,-1
26,57301,1258,641,40,98,1,-1,-1,-1
26,57302,1136,635,46,100,1,-1,-1,-1
26,57303,1180,629,37,104,1,-1,-1,-1
26,57304,1206,606,35,107,1,-1,-1,-1
26,57305,1227,602,36,107,1,-1,-1,-1
27,57285,745,302,31,72,1,-1,-1,-1
27,57286,798,395,31,72,1,-1,-1,-1
27,57287,507,385,33,79,1,-1,-1,-1
27,57288,547,559,32,97,1,-1,-1,-1
27,57289,308,342,27,72,1,-1,-1,-1
27,57290,349,481,36,89,1,-1,-1,-1
27,57291,342,570,44,94,1,-1,-1,-1
27,57292,473,714,46,107,1,-1,-1,-1
27,57293,295,757,40,121,1,-1,-1,-1
27,57294,1441,529,30,105,1,-1,-1,-1
27,57295,1384,534,34,107,1,-1,-1,-1
27,57296,1413,534,27,106,1,-1,-1,-1
27,57297,1263,505,39,96,1,-1,-1,-1
27,57298,1238,502,22,92,1,-1,-1,-1
27,57299,1228,505,21,89,1,-1,-1,-1
27,57300,1231,639,41,119,1,-1,-1,-1
27,57301,1258,641,40,98,1,-1,-1,-1
27,57302,1137,635,45,100,1,-1,-1,-1
27,57303,1180,629,37,104,1,-1,-1,-1
27,57304,1207,605,34,107,1,-1,-1,-1
27,57305,1228,602,36,107,1,-1,-1,-1
28,57285,745,302,31,72,1,-1,-1,-1
28,57286,798,395,31,72,1,-1,-1,-1
28,57287,507,385,33,79,1,-1,-1,-1
28,57288,549,559,32,97,1,-1,-1,-1
28,57289,308,342,27,72,1,-1,-1,-1
28,57290,350,481,36,89,1,-1,-1,-1
28,57291,346,570,43,94,1,-1,-1,-1
28,57292,475,714,45,107,1,-1,-1,-1
28,57293,296,758,40,121,1,-1,-1,-1
28,57294,1441,528,30,106,1,-1,-1,-1
28,57295,1384,534,34,107,1,-1,-1,-1
28,57296,1413,534,27,106,1,-1,-1,-1
28,57297,1263,505,40,96,1,-1,-1,-1
28,57298,1238,502,22,92,1,-1,-1,-1
28,57299,1227,505,21,89,1,-1,-1,-1
28,57300,1232,639,41,119,1,-1,-1,-1
28,57301,1258,642,40,97,1,-1,-1,-1
28,57302,1137,635,45,100,1,-1,-1,-1
28,57303,1180,629,36,104,1,-1,-1,-1
28,57304,1208,605,34,107,1,-1,-1,-1
28,57305,1228,602,36,107,1,-1,-1,-1
29,57285,745,302,31,72,1,-1,-1,-1
29,57286,798,395,31,72,1,-1,-1,-1
29,57287,507,385,33,79,1,-1,-1,-1
29,57288,550,559,32,97,1,-1,-1,-1
29,57289,308,342,27,72,1,-1,-1,-1
29,57290,351,481,37,89,1,-1,-1,-1
29,57291,351,570,42,94,1,-1,-1,-1
29,57292,477,714,44,107,1,-1,-1,-1
29,57293,297,758,40,120,1,-1,-1,-1
29,57294,1441,528,29,106,1,-1,-1,-1
29,57295,1384,534,34,107,1,-1,-1,-1
29,57296,1413,534,27,106,1,-1,-1,-1
29,57297,1263,505,40,96,1,-1,-1,-1
29,57298,1238,502,22,92,1,-1,-1,-1
29,57299,1226,505,21,89,1,-1,-1,-1
29,57300,1233,640,41,119,1,-1,-1,-1
29,57301,1258,642,41,98,1,-1,-1,-1
29,57302,1137,635,46,100,1,-1,-1,-1
29,57303,1180,629,36,104,1,-1,-1,-1
29,57304,1209,605,34,107,1,-1,-1,-1
29,57305,1229,602,36,107,1,-1,-1,-1
30,57285,745,302,31,72,1,-1,-1,-1
30,57286,798,395,31,72,1,-1,-1,-1
30,57287,507,385,33,79,1,-1,-1,-1
30,57288,551,559,32,97,1,-1,-1,-1
30,57289,308,342,27,72,1,-1,-1,-1
30,57290,352,481,37,89,1,-1,-1,-1
30,57291,355,570,42,94,1,-1,-1,-1
30,57292,478,715,45,107,1,-1,-1,-1
30,57293,298,758,40,120,1,-1,-1,-1
30,57294,1442,528,29,105,1,-1,-1,-1
30,57295,1384,534,34,107,1,-1,-1,-1
30,57296,1413,534,27,105,1,-1,-1,-1
30,57297,1264,504,39,96,1,-1,-1,-1
30,57298,1238,502,22,92,1,-1,-1,-1
30,57299,1224,505,22,89,1,-1,-1,-1
30,57300,1234,641,40,118,1,-1,-1,-1
30,57301,1258,643,41,98,1,-1,-1,-1
30,57302,1137,635,46,101,1,-1,-1,-1
30,57303,1181,629,36,104,1,-1,-1,-1
30,57304,1209,605,36,108,1,-1,-1,-1
30,57305,1229,602,37,107,1,-1,-1,-1
31,57285,746,302,30,72,1,-1,-1,-1
31,57286,798,395,31,72,1,-1,-1,-1
31,57287,507,385,33,79,1,-1,-1,-1
31,57288,552,559,33,97,1,-1,-1,-1
31,57289,308,342,27,72,1,-1,-1,-1
31,57290,354,481,37,89,1,-1,-1,-1
31,57291,360,570,41,94,1,-1,-1,-1
31,57292,480,715,45,107,1,-1,-1,-1
31,57293,299,759,39,120,1,-1,-1,-1
31,57294,1442,528,28,105,1,-1,-1,-1
31,57295,1384,534,34,107,1,-1,-1,-1
31,57296,1413,534,26,105,1,-1,-1,-1
31,57297,1264,504,40,96,1,-1,-1,-1
31,57298,1238,502,22,92,1,-1,-1,-1
31,57299,1223,505,23,89,1,-1,-1,-1
31,57300,1235,641,41,119,1,-1,-1,-1
31,57301,1258,643,42,98,1,-1,-1,-1
31,57302,1137,635,46,101,1,-1,-1,-1
31,57303,1181,629,36,104,1,-1,-1,-1
31,57304,1210,605,36,108,1,-1,-1,-1
31,57305,1229,602,37,107,1,-1,-1,-1
32,57285,746,302,30,72,1,-1,-1,-1
32,57286,798,394,31,72,1,-1,-1,-1
32,57287,508,385,33,79,1,-1,-1,-1
32,57288,553,559,33,97,1,-1,-1,-1
32,57289,308,342,27,72,1,-1,-1,-1
32,57290,354,481,38,89,1,-1,-1,-1
32,57291,364,570,40,94,1,-1,-1,-1
32,57292,481,715,45,107,1,-1,-1,-1
32,57293,300,759,40,120,1,-1,-1,-1
32,57294,1442,528,28,105,1,-1,-1,-1
32,57295,1384,534,34,107,1,-1,-1,-1
32,57296,1413,534,26,105,1,-1,-1,-1
32,57297,1265,503,39,96,1,-1,-1,-1
32,57298,1238,502,23,92,1,-1,-1,-1
32,57299,1222,505,23,89,1,-1,-1,-1
32,57300,1236,642,40,118,1,-1,-1,-1
32,57301,1258,644,42,99,1,-1,-1,-1
32,57302,1138,635,45,101,1,-1,-1,-1
32,57303,1181,629,36,104,1,-1,-1,-1
32,57304,1211,605,37,108,1,-1,-1,-1
32,57305,1230,602,37,108,1,-1,-1,-1
33,57285,746,302,29,72,1,-1,-1,-1
33,57286,798,394,31,73,1,-1,-1,-1
33,57287,508,385,33,79,1,-1,-1,-1
33,57288,554,559,33,97,1,-1,-1,-1
33,57289,308,342,27,72,1,-1,-1,-1
33,57290,356,481,37,89,1,-1,-1,-1
33,57291,369,571,39,94,1,-1,-1,-1
33,57292,483,715,44,107,1,-1,-1,-1
33,57293,301,759,39,120,1,-1,-1,-1
33,57294,1442,528,28,105,1,-1,-1,-1
33,57295,1384,534,34,107,1,-1,-1,-1
33,57296,1413,534,26,105,1,-1,-1,-1
33,57297,1266,503,39,96,1,-1,-1,-1
33,57298,1238,502,23,92,1,-1,-1,-1
33,57299,1220,504,24,89,1,-1,-1,-1
33,57300,1237,643,41,117,1,-1,-1,-1
33,57301,1258,645,42,98,1,-1,-1,-1
33,57302,1138,635,45,101,1,-1,-1,-1
33,57303,1180,629,37,104,1,-1,-1,-1
33,57304,1211,605,38,108,1,-1,-1,-1
33,57305,1231,602,37,108,1,-1,-1,-1
34,57285,746,302,29,72,1,-1,-1,-1
34,57286,798,394,31,73,1,-1,-1,-1
34,57287,508,384,33,79,1,-1,-1,-1
34,57288,555,560,33,97,1,-1,-1,-1
34,57289,307,342,27,72,1,-1,-1,-1
34,57290,358,481,37,89,1,-1,-1,-1
34,57291,373,571,39,94,1,-1,-1,-1
34,57292,484,716,45,107,1,-1,-1,-1
34,57293,302,759,39,120,1,-1,-1,-1
34,57294,1443,528,27,105,1,-1,-1,-1
34,57295,1384,534,34,107,1,-1,-1,-1
34,57296,1413,534,26,104,1,-1,-1,-1
34,57297,1266,503,39,96,1,-1,-1,-1
34,57298,1238,501,23,92,1,-1,-1,-1
34,57299,1219,504,24,89,1,-1,-1,-1
34,57300,1238,644,41,117,1,-1,-1,-1
34,57301,1258,645,42,99,1,-1,-1,-1
34,57302,1138,635,45,101,1,-1,-1,-1
34,57303,1180,629,37,104,1,-1,-1,-1
34,57304,1212,605,39,108,1,-1,-1,-1
34,57305,1231,602,37,108,1,-1,-1,-1
35,57285,746,302,29,72,1,-1,-1,-1
35,57286,798,394,31,73,1,-1,-1,-1
35,57287,509,384,33,79,1,-1,-1,-1
35,57288,557,560,33,97,1,-1,-1,-1
35,57289,307,342,27,72,1,-1,-1,-1
35,57290,359,482,37,89,1,-1,-1,-1
35,57291,377,571,38,94,1,-1,-1,-1
35,57292,486,716,44,107,1,-1,-1,-1
35,57293,304,760,38,120,1,-1,-1,-1
35,57294,1443,528,27,105,1,-1,-1,-1
35,57295,1384,534,34,107,1,-1,-1,-1
35,57296,1413,534,27,104,1,-1,-1,-1
35,57297,1266,503,39,96,1,-1,-1,-1
35,57298,1238,501,23,92,1,-1,-1,-1
35,57299,1217,503,25,90,1,-1,-1,-1
35,57300,1238,645,41,117,1,-1,-1,-1
35,57301,1258,646,42,99,1,-1,-1,-1
35,57302,1139,635,45,101,1,-1,-1,-1
35,57303,1181,629,36,104,1,-1,-1,-1
35,57304,1212,605,40,108,1,-1,-1,-1
35,57305,1232,602,37,108,1,-1,-1,-1
36,57285,746,302,30,72,1,-1,-1,-1
36,57286,798,394,31,73,1,-1,-1,-1
36,57287,509,383,33,79,1,-1,-1,-1
36,57288,558,560,33,97,1,-1,-1,-1
36,57289,307,342,27,72,1,-1,-1,-1
36,57290,360,482,37,89,1,-1,-1,-1
36,57291,382,571,37,94,1,-1,-1,-1
36,57292,487,716,45,107,1,-1,-1,-1
36,57293,305,760,38,120,1,-1,-1,-1
36,57294,1443,528,27,105,1,-1,-1,-1
36,57295,1384,534,34,107,1,-1,-1,-1
36,57296,1413,534,27,104,1,-1,-1,-1
36,57297,1266,503,39,96,1,-1,-1,-1
36,57298,1238,500,23,92,1,-1,-1,-1
36,57299,1216,503,26,89,1,-1,-1,-1
36,57300,1239,646,42,116,1,-1,-1,-1
36,57301,1259,646,42,99,1,-1,-1,-1
36,57302,1139,635,45,101,1,-1,-1,-1
36,57303,1181,629,37,104,1,-1,-1,-1
36,57304,1213,604,41,109,1,-1,-1,-1
36,57305,1232,602,37,108,1,-1,-1,-1
37,57285,746,302,30,72,1,-1,-1,-1
37,57286,798,394,31,73,1,-1,-1,-1
37,57287,509,383,33,79,1,-1,-1,-1
37,57288,559,560,34,97,1,-1,-1,-1
37,57289,307,342,27,72,1,-1,-1,-1
37,57290,362,482,36,89,1,-1,-1,-1
37,57291,386,571,37,94,1,-1,-1,-1
37,57292,489,716,44,107,1,-1,-1,-1
37,57293,306,760,37,119,1,-1,-1,-1
37,57294,1443,528,26,105,1,-1,-1,-1
37,57295,1384,535,34,107,1,-1,-1,-1
37,57296,1413,534,27,104,1,-1,-1,-1
37,57297,1267,502,38,96,1,-1,-1,-1
37,57298,1238,500,23,92,1,-1,-1,-1
37,57299,1214,503,27,89,1,-1,-1,-1
37,57300,1240,646,42,116,1,-1,-1,-1
37,57301,1259,647,42,99,1,-1,-1,-1
37,57302,1139,635,44,101,1,-1,-1,-1
37,57303,1181,629,37,104,1,-1,-1,-1
37,57304,1213,604,42,108,1,-1,-1,-1
37,57305,1233,602,37,108,1,-1,-1,-1
38,57285,747,302,29,72,1,-1,-1,-1
38,57286,798,393,31,74,1,-1,-1,-1
38,57287,509,383,33,79,1,-1,-1,-1
38,57288,560,560,35,97,1,-1,-1,-1
38,57289,307,342,27,72,1,-1,-1,-1
38,57290,364,482,36,89,1,-1,-1,-1
38,57291,392,571,37,94,1,-1,-1,-1
38,57292,491,717,44,107,1,-1,-1,-1
38,57293,307,760,37,119,1,-1,-1,-1
38,57294,1443,527,26,106,1,-1,-1,-1
38,57295,1384,535,34,107,1,-1,-1,-1
38,57296,1413,534,27,104,1,-1,-1,-1
38,57297,1267,502,38,96,1,-1,-1,-1
38,57298,1238,500,23,92,1,-1,-1,-1
38,57299,1212,503,28,89,1,-1,-1,-1
38,57300,1241,647,42,116,1,-1,-1,-1
38,57301,1259,647,42,99,1,-1,-1,-1
38,57302,1139,635,45,100,1,-1,-1,-1
38,57303,1181,629,36,104,1,-1,-1,-1
38,57304,1214,604,43,108,1,-1,-1,-1
38,57305,1234,602,37,108,1,-1,-1,-1
39,57285,747,302,30,72,1,-1,-1,-1
39,57286,798,393,31,74,1,-1,-1,-1
39,57287,509,383,33,79,1,-1,-1,-1
39,57288,562,560,34,97,1,-1,-1,-1
39,57289,307,342,27,72,1,-1,-1,-1
39,57290,365,482,35,89,1,-1,-1,-1
39,57291,395,571,36,94,1,-1,-1,-1
39,57292,492,717,44,107,1,-1,-1,-1
39,57293,309,761,37,119,1,-1,-1,-1
39,57294,1444,527,25,106,1,-1,-1,-1
39,57295,1384,535,34,107,1,-1,-1,-1
39,57296,1413,534,27,104,1,-1,-1,-1
39,57297,1268,502,37,96,1,-1,-1,-1
39,57298,1238,500,23,92,1,-1,-1,-1
39,57299,1211,503,29,89,1,-1,-1,-1
39,57300,1242,648,42,115,1,-1,-1,-1
39,57301,1259,648,42,99,1,-1,-1,-1
39,57302,1140,635,44,100,1,-1,-1,-1
39,57303,1182,629,36,104,1,-1,-1,-1
39,57304,1213,604,45,108,1,-1,-1,-1
39,57305,1234,602,37,108,1,-1,-1,-1
40,57285,747,302,30,72,1,-1,-1,-1
40,57286,798,393,31,73,1,-1,-1,-1
40,57287,509,383,33,79,1,-1,-1,-1
40,57288,563,560,34,97,1,-1,-1,-1
40,57289,307,342,27,72,1,-1,-1,-1
40,57290,366,482,35,89,1,-1,-1,-1
40,57291,399,571,36,94,1,-1,-1,-1
40,57292,494,717,44,107,1,-1,-1,-1
40,57293,311,761,37,119,1,-1,-1,-1
40,57294,1444,527,25,106,1,-1,-1,-1
40,57295,1384,535,34,107,1,-1,-1,-1
40,57296,1413,534,27,104,1,-1,-1,-1
40,57297,1267,502,38,96,1,-1,-1,-1
40,57298,1237,500,23,92,1,-1,-1,-1
40,57299,1211,503,29,89,1,-1,-1,-1
40,57300,1242,648,43,115,1,-1,-1,-1
40,57301,1259,648,42,99,1,-1,-1,-1
40,57302,1141,634,44,101,1,-1,-1,-1
40,57303,1182,629,36,104,1,-1,-1,-1
40,57304,1212,604,46,108,1,-1,-1,-1
40,57305,1234,602,38,108,1,-1,-1,-1
41,57285,747,302,30,72,1,-1,-1,-1
41,57286,798,393,31,73,1,-1,-1,-1
41,57287,509,383,33,79,1,-1,-1,-1
41,57288,564,561,35,97,1,-1,-1,-1
41,57289,307,342,27,72,1,-1,-1,-1
41,57290,366,482,35,89,1,-1,-1,-1
41,57291,402,571,37,94,1,-1,-1,-1
41,57292,495,718,44,107,1,-1,-1,-1
41,57293,313,761,37,119,1,-1,-1,-1
41,57294,1444,527,25,106,1,-1,-1,-1
41,57295,1383,535,35,107,1,-1,-1,-1
41,57296,1413,534,27,104,1,-1,-1,-1
41,57297,1267,502,37,96,1,-1,-1,-1
41,57298,1237,500,23,92,1,-1,-1,-1
41,57299,1210,503,30,89,1,-1,-1,-1
41,57300,1242,649,43,114,1,-1,-1,-1
41,57301,1258,649,43,99,1,-1,-1,-1
41,57302,1141,634,45,100,1,-1,-1,-1
41,57303,1182,628,36,105,1,-1,-1,-1
41,57304,1210,604,46,108,1,-1,-1,-1
41,57305,1234,602,38,108,1,-1,-1,-1
42,57285,747,302,30,72,1,-1,-1,-1
42,57286,797,393,33,74,1,-1,-1,-1
42,57287,508,383,33,79,1,-1,-1,-1
42,57288,565,561,36,97,1,-1,-1,-1
42,57289,307,342,27,72,1,-1,-1,-1
42,57290,367,482,35,89,1,-1,-1,-1
42,57291,405,572,37,94,1,-1,-1,-1
42,57292,497,718,44,107,1,-1,-1,-1
42,57293,315,761,38,119,1,-1,-1,-1
42,57294,1445,527,24,105,1,-1,-1,-1
42,57295,1383,535,34,107,1,-1,-1,-1
42,57296,1413,534,27,104,1,-1,-1,-1
42,57297,1267,502,37,96,1,-1,-1,-1
42,57298,1236,500,23,92,1,-1,-1,-1
42,57299,1210,503,30,89,1,-1,-1,-1
42,57300,1243,649,44,114,1,-1,-1,-1
42,57301,1258,649,42,99,1,-1,-1,-1
42,57302,1142,634,45,100,1,-1,-1,-1
42,57303,1182,628,36,105,1,-1,-1,-1
42,57304,1209,604,47,108,1,-1,-1,-1
42,57305,1235,603,37,107,1,-1,-1,-1
43,57285,747,302,30,72,1,-1,-1,-1
43,57286,797,393,33,74,1,-1,-1,-1
43,57287,508,383,33,79,1,-1,-1,-1
43,57288,567,561,35,97,1,-1,-1,-1
43,57289,307,342,27,72,1,-1,-1,-1
43,57290,367,482,35,89,1,-1,-1,-1
43,57291,409,572,38,94,1,-1,-1,-1
43,57292,498,718,45,107,1,-1,-1,-1
43,57293,317,762,39,118,1,-1,-1,-1
43,57294,1445,527,24,105,1,-1,-1,-1
43,57295,1383,535,34,107,1,-1,-1,-1
43,57296,1413,534,27,104,1,-1,-1,-1
43,57297,1266,502,37,96,1,-1,-1,-1
43,57298,1235,500,23,92,1,-1,-1,-1
43,57299,1209,503,31,89,1,-1,-1,-1
43,57300,1243,650,45,114,1,-1,-1,-1
43,57301,1258,649,42,99,1,-1,-1,-1
43,57302,1144,634,44,100,1,-1,-1,-1
43,57303,1182,629,36,104,1,-1,-1,-1
43,57304,1207,604,47,108,1,-1,-1,-1
43,57305,1235,603,37,107,1,-1,-1,-1
44,57285,747,303,30,72,1,-1,-1,-1
44,57286,797,393,33,74,1,-1,-1,-1
44,57287,508,383,33,79,1,-1,-1,-1
44,57288,568,561,36,97,1,-1,-1,-1
44,57289,307,342,27,72,1,-1,-1,-1
44,57290,367,483,35,89,1,-1,-1,-1
44,57291,411,572,41,94,1,-1,-1,-1
44,57292,499,718,45,108,1,-1,-1,-1
44,57293,319,762,40,119,1,-1,-1,-1
44,57294,1445,527,24,105,1,-1,-1,-1
44,57295,1382,535,35,107,1,-1,-1,-1
44,57296,1413,534,27,105,1,-1,-1,-1
44,57297,1265,501,38,96,1,-1,-1,-1
44,57298,1235,500,23,92,1,-1,-1,-1
44,57299,1209,503,31,89,1,-1,-1,-1
44,57300,1243,650,46,114,1,-1,-1,-1
44,57301,1258,649,42,99,1,-1,-1,-1
44,57302,1145,634,45,100,1,-1,-1,-1
44,57303,1183,629,35,104,1,-1,-1,-1
44,57304,1205,604,47,108,1,-1,-1,-1
44,57305,1235,603,37,107,1,-1,-1,-1
45,57285,747,303,30,72,1,-1,-1,-1
45,57286,797,393,33,74,1,-1,-1,-1
45,57287,507,383,33,79,1,-1,-1,-1
45,57288,570,561,36,97,1,-1,-1,-1
45,57289,307,342,27,72,1,-1,-1,-1
45,57290,368,483,35,89,1,-1,-1,-1
45,57291,415,572,42,94,1,-1,-1,-1
45,57292,501,719,45,108,1,-1,-1,-1
45,57293,321,762,42,119,1,-1,-1,-1
45,57294,1445,528,24,105,1,-1,-1,-1
45,57295,1382,535,35,107,1,-1,-1,-1
45,57296,1413,534,27,105,1,-1,-1,-1
45,57297,1265,501,37,96,1,-1,-1,-1
45,57298,1234,500,23,92,1,-1,-1,-1
45,57299,1209,503,31,88,1,-1,-1,-1
45,57300,1244,651,46,113,1,-1,-1,-1
45,57301,1258,650,42,99,1,-1,-1,-1
45,57302,1146,634,45,100,1,-1,-1,-1
45,57303,1183,629,35,104,1,-1,-1,-1
45,57304,1203,605,47,108,1,-1,-1,-1
45,57305,1236,604,37,106,1,-1,-1,-1
46,57285,747,303,30,72,1,-1,-1,-1
46,57286,797,392,33,75,1,-1,-1,-1
46,57287,507,383,33,79,1,-1,-1,-1
46,57288,571,561,36,97,1,-1,-1,-1
46,57289,308,342,27,72,1,-1,-1,-1
46,57290,368,483,35,89,1,-1,-1,-1
46,57291,417,573,44,94,1,-1,-1,-1
46,57292,503,719,45,108,1,-1,-1,-1
46,57293,322,763,42,118,1,-1,-1,-1
46,57294,1445,528,25,105,1,-1,-1,-1
46,57295,1382,535,35,107,1,-1,-1,-1
46,57296,1413,535,27,104,1,-1,-1,-1
46,57297,1264,501,38,96,1,-1,-1,-1
46,57298,1234,500,22,92,1,-1,-1,-1
46,57299,1208,503,32,88,1,-1,-1,-1
46,57300,1244,651,47,113,1,-1,-1,-1
46,57301,1258,650,41,98,1,-1,-1,-1
46,57302,1146,634,46,100,1,-1,-1,-1
46,57303,1183,629,35,104,1,-1,-1,-1
46,57304,1201,605,47,108,1,-1,-1,-1
46,57305,1236,604,37,106,1,-1,-1,-1
47,57285,747,303,29,72,1,-1,-1,-1
47,57286,797,392,33,75,1,-1,-1,-1
47,57287,507,383,32,79,1,-1,-1,-1
47,57288,573,561,36,97,1,-1,-1,-1
47,57289,308,342,27,72,1,-1,-1,-1
47,57290,368,483,36,89,1,-1,-1,-1
47,57291,419,573,45,94,1,-1,-1,-1
47,57292,504,719,45,108,1,-1,-1,-1
47,57293,322,763,44,118,1,-1,-1,-1
47,57294,1445,528,25,105,1,-1,-1,-1
47,57295,1382,535,35,107,1,-1,-1,-1
47,57296,1413,535,27,105,1,-1,-1,-1
47,57297,1263,501,38,96,1,-1,-1,-1
47,57298,1233,500,22,92,1,-1,-1,-1
47,57299,1208,503,32,88,1,-1,-1,-1
47,57300,1244,652,48,112,1,-1,-1,-1
47,57301,1258,650,41,98,1,-1,-1,-1
47,57302,1147,634,46,100,1,-1,-1,-1
47,57303,1183,629,35,104,1,-1,-1,-1
47,57304,1200,605,47,108,1,-1,-1,-1
47,57305,1237,605,36,105,1,-1,-1,-1
48,57285,747,303,29,71,1,-1,-1,-1
48,57286,797,392,33,74,1,-1,-1,-1
48,57287,506,383,33,79,1,-1,-1,-1
48,57288,574,562,36,97,1,-1,-1,-1
48,57289,308,342,27,72,1,-1,-1,-1
48,57290,368,483,37,89,1,-1,-1,-1
48,57291,423,573,45,94,1,-1,-1,-1
48,57292,505,719,45,108,1,-1,-1,-1
48,57293,322,763,45,118,1,-1,-1,-1
48,57294,1445,529,25,105,1,-1,-1,-1
48,57295,1382,535,35,107,1,-1,-1,-1
48,57296,1413,535,27,105,1,-1,-1,-1
48,57297,1262,501,38,96,1,-1,-1,-1
48,57298,1232,500,23,92,1,-1,-1,-1
48,57299,1208,503,31,88,1,-1,-1,-1
48,57300,1244,652,49,112,1,-1,-1,-1
48,57301,1258,650,41,98,1,-1,-1,-1
48,57302,1148,634,46,100,1,-1,-1,-1
48,57303,1183,629,35,104,1,-1,-1,-1
48,57304,1199,606,46,108,1,-1,-1,-1
48,57305,1237,605,36,105,1,-1,-1,-1
49,57285,747,303,29,71,1,-1,-1,-1
49,57286,797,392,33,74,1,-1,-1,-1
49,57287,506,383,32,78,1,-1,-1,-1
49,57288,576,562,36,97,1,-1,-1,-1
49,57289,308,342,27,72,1,-1,-1,-1
49,57290,369,483,36,89,1,-1,-1,-1
49,57291,426,573,45,94,1,-1,-1,-1
49,57292,507,720,45,108,1,-1,-1,-1
49,57293,322,763,46,118,1,-1,-1,-1
49,57294,1445,529,25,105,1,-1,-1,-1
49,57295,1382,535,35,107,1,-1,-1,-1
49,57296,1413,535,27,104,1,-1,-1,-1
49,57297,1262,501,38,96,1,-1,-1,-1
49,57298,1231,500,22,92,1,-1,-1,-1
49,57299,1208,503,31,88,1,-1,-1,-1
49,57300,1245,653,49,112,1,-1,-1,-1
49,57301,1258,651,40,98,1,-1,-1,-1
49,57302,1150,634,46,100,1,-1,-1,-1
49,57303,1183,629,35,104,1,-1,-1,-1
49,57304,1198,606,45,108,1,-1,-1,-1
49,57305,1238,606,35,104,1,-1,-1,-1
50,57285,747,303,29,71,1,-1,-1,-1
50,57286,797,392,33,75,1,-1,-1,-1
50,57287,506,383,32,78,1,-1,-1,-1
50,57288,578,562,36,97,1,-1,-1,-1
50,57289,308,342,27,72,1,-1,-1,-1
50,57290,369,483,37,89,1,-1,-1,-1
50,57291,432,574,44,94,1,-1,-1,-1
50,57292,509,720,46,108,1,-1,-1,-1
50,57293,323,763,45,118,1,-1,-1,-1
50,57294,1446,529,24,105,1,-1,-1,-1
50,57295,1382,535,35,107,1,-1,-1,-1
50,57296,1413,535,28,104,1,-1,-1,-1
50,57297,1261,501,38,96,1,-1,-1,-1
50,57298,1230,499,22,92,1,-1,-1,-1
50,57299,1207,503,32,88,1,-1,-1,-1
50,57300,1246,654,50,112,1,-1,-1,-1
50,57301,1257,651,41,98,1,-1,-1,-1
50,57302,1151,634,46,100,1,-1,-1,-1
50,57303,1184,629,34,104,1,-1,-1,-1
50,57304,1195,606,45,108,1,-1,-1,-1
50,57305,1238,606,36,104,1,-1,-1,-1
51,57285,747,303,29,70,1,-1,-1,-1
51,57286,797,392,33,75,1,-1,-1,-1
51,57287,505,383,33,78,1,-1,-1,-1
51,57288,579,562,36,97,1,-1,-1,-1
51,57289,308,342,27,72,1,-1,-1,-1
51,57290,369,483,38,89,1,-1,-1,-1
51,57291,434,574,44,94,1,-1,-1,-1
51,57292,510,720,46,108,1,-1,-1,-1
51,57293,322,764,47,117,1,-1,-1,-1
51,57294,1446,529,24,105,1,-1,-1,-1
51,57295,1382,535,35,107,1,-1,-1,-1
51,57296,1413,535,28,104,1,-1,-1,-1
51,57297,1260,501,39,96,1,-1,-1,-1
51,57298,1230,499,21,92,1,-1,-1,-1
51,57299,1207,502,32,88,1,-1,-1,-1
51,57300,1246,655,50,111,1,-1,-1,-1
51,57301,1257,651,41,98,1,-1,-1,-1
51,57302,1151,634,47,100,1,-1,-1,-1
51,57303,1184,629,34,104,1,-1,-1,-1
51,57304,1194,606,45,108,1,-1,-1,-1
51,57305,1239,607,35,103,1,-1,-1,-1
52,57285,747,303,29,70,1,-1,-1,-1
52,57286,798,392,32,75,1,-1,-1,-1
52,57287,505,383,32,78,1,-1,-1,-1
52,57288,580,562,36,97,1,-1,-1,-1
52,57289,308,342,27,72,1,-1,-1,-1
52,57290,373,484,37,89,1,-1,-1,-1
52,57291,437,574,43,94,1,-1,-1,-1
52,57292,511,720,46,108,1,-1,-1,-1
52,57293,324,764,47,118,1,-1,-1,-1
52,57294,1446,529,24,105,1,-1,-1,-1
52,57295,1382,535,35,107,1,-1,-1,-1
52,57296,1413,535,28,103,1,-1,-1,-1
52,57297,1260,500,39,96,1,-1,-1,-1
52,57298,1230,499,21,92,1,-1,-1,-1
52,57299,1207,502,32,88,1,-1,-1,-1
52,57300,1245,654,51,111,1,-1,-1,-1
52,57301,1258,651,40,98,1,-1,-1,-1
52,57302,1152,634,47,100,1,-1,-1,-1
52,57303,1185,629,34,104,1,-1,-1,-1
52,57304,1194,605,44,108,1,-1,-1,-1
52,57305,1238,606,35,104,1,-1,-1,-1
53,57285,747,303,29,70,1,-1,-1,-1
53,57286,798,392,32,74,1,-1,-1,-1
53,57287,504,383,33,78,1,-1,-1,-1
53,57288,580,562,37,97,1,-1,-1,-1
53,57289,308,342,27,72,1,-1,-1,-1
53,57290,375,484,36,89,1,-1,-1,-1
53,57291,441,574,42,94,1,-1,-1,-1
53,57292,513,720,46,108,1,-1,-1,-1
53,57293,326,764,47,118,1,-1,-1,-1
53,57294,1446,529,24,105,1,-1,-1,-1
53,57295,1382,535,35,107,1,-1,-1,-1
53,57296,1413,535,27,103,1,-1,-1,-1
53,57297,1260,500,39,96,1,-1,-1,-1
53,57298,1230,499,21,92,1,-1,-1,-1
53,57299,1207,502,31,88,1,-1,-1,-1
53,57300,1244,654,52,111,1,-1,-1,-1
53,57301,1257,651,40,98,1,-1,-1,-1
53,57302,1151,634,48,100,1,-1,-1,-1
53,57303,1185,629,34,104,1,-1,-1,-1
53,57304,1194,604,43,108,1,-1,-1,-1
53,57305,1237,606,35,104,1,-1,-1,-1
54,57285,747,303,28,70,1,-1,-1,-1
54,57286,799,392,32,74,1,-1,-1,-1
54,57287,504,383,32,78,1,-1,-1,-1
54,57288,582,563,36,97,1,-1,-1,-1
54,57289,308,342,27,72,1,-1,-1,-1
54,57290,376,484,35,89,1,-1,-1,-1
54,57291,444,574,42,94,1,-1,-1,-1
54,57292,515,721,46,108,1,-1,-1,-1
54,57293,329,764,47,118,1,-1,-1,-1
54,57294,1446,529,24,105,1,-1,-1,-1
54,57295,1382,535,35,107,1,-1,-1,-1
54,57296,1413,535,27,103,1,-1,-1,-1
54,57297,1260,500,39,96,1,-1,-1,-1
54,57298,1230,499,21,92,1,-1,-1,-1
54,57299,1207,502,31,88,1,-1,-1,-1
54,57300,1243,654,53,112,1,-1,-1,-1
54,57301,1257,651,41,99,1,-1,-1,-1
54,57302,1152,634,47,100,1,-1,-1,-1
54,57303,1186,629,34,104,1,-1,-1,-1
54,57304,1193,603,43,108,1,-1,-1,-1
54,57305,1235,605,35,104,1,-1,-1,-1
55,57285,746,303,29,70,1,-1,-1,-1
55,57286,799,391,31,75,1,-1,-1,-1
55,57287,503,382,33,78,1,-1,-1,-1
55,57288,583,563,37,97,1,-1,-1,-1
55,57289,308,342,27,72,1,-1,-1,-1
55,57290,376,483,35,89,1,-1,-1,-1
55,57291,447,574,42,94,1,-1,-1,-1
55,57292,517,721,46,108,1,-1,-1,-1
55,57293,331,764,48,118,1,-1,-1,-1
55,57294,1446,529,25,105,1,-1,-1,-1
55,57295,1382,535,35,107,1,-1,-1,-1
55,57296,1413,535,27,103,1,-1,-1,-1
55,57297,1260,501,39,96,1,-1,-1,-1
55,57298,1231,499,20,92,1,-1,-1,-1
55,57299,1207,502,31,88,1,-1,-1,-1
55,57300,1241,653,54,112,1,-1,-1,-1
55,57301,1257,652,40,99,1,-1,-1,-1
55,57302,1153,633,47,100,1,-1,-1,-1
55,57303,1187,629,34,103,1,-1,-1,-1
55,57304,1192,602,43,108,1,-1,-1,-1
55,57305,1234,605,35,104,1,-1,-1,-1
56,57285,746,303,28,70,1,-1,-1,-1
56,57286,799,391,31,74,1,-1,-1,-1
56,57287,503,382,33,78,1,-1,-1,-1
56,57288,584,563,37,97,1,-1,-1,-1
56,57289,308,342,27,72,1,-1,-1,-1
56,57290,377,483,35,89,1,-1,-1,-1
56,57291,450,574,41,94,1,-1,-1,-1
56,57292,518,721,47,108,1,-1,-1,-1
56,57293,334,764,48,118,1,-1,-1,-1
56,57294,1447,529,24,105,1,-1,-1,-1
56,57295,1382,535,35,107,1,-1,-1,-1
56,57296,1413,535,27,103,1,-1,-1,-1
56,57297,1260,501,39,96,1,-1,-1,-1
56,57298,1230,499,20,91,1,-1,-1,-1
56,57299,1207,502,31,88,1,-1,-1,-1
56,57300,1239,653,56,112,1,-1,-1,-1
56,57301,1257,652,40,100,1,-1,-1,-1
56,57302,1152,633,47,100,1,-1,-1,-1
56,57303,1187,629,34,103,1,-1,-1,-1
56,57304,1192,601,41,108,1,-1,-1,-1
56,57305,1232,604,35,104,1,-1,-1,-1
57,57285,745,303,28,70,1,-1,-1,-1
57,57286,800,391,31,74,1,-1,-1,-1
57,57287,503,382,32,78,1,-1,-1,-1
57,57288,586,563,37,97,1,-1,-1,-1
57,57289,308,342,27,72,1,-1,-1,-1
57,57290,378,483,33,89,1,-1,-1,-1
57,57291,454,574,41,94,1,-1,-1,-1
57,57292,520,721,47,108,1,-1,-1,-1
57,57293,336,764,49,119,1,-1,-1,-1
57,57294,1447,529,24,105,1,-1,-1,-1
57,57295,1382,535,35,107,1,-1,-1,-1
57,57296,1413,535,27,103,1,-1,-1,-1
57,57297,1260,501,39,96,1,-1,-1,-1
57,57298,1230,500,20,91,1,-1,-1,-1
57,57299,1207,502,31,88,1,-1,-1,-1
57,57300,1238,653,56,112,1,-1,-1,-1
57,57301,1257,652,41,100,1,-1,-1,-1
57,57302,1153,633,47,100,1,-1,-1,-1
57,57303,1188,629,34,103,1,-1,-1,-1
57,57304,1191,600,41,108,1,-1,-1,-1
57,57305,1231,603,35,104,1,-1,-1,-1
58,57285,745,303,28,70,1,-1,-1,-1
58,57286,800,391,31,74,1,-1,-1,-1
58,57287,502,382,33,78,1,-1,-1,-1
58,57288,588,563,37,97,1,-1,-1,-1
58,57289,308,342,27,72,1,-1,-1,-1
58,57290,379,483,32,89,1,-1,-1,-1
58,57291,457,574,41,95,1,-1,-1,-1
58,57292,522,721,47,108,1,-1,-1,-1
58,57293,339,764,49,119,1,-1,-1,-1
58,57294,1447,529,24,105,1,-1,-1,-1
58,57295,1382,535,35,107,1,-1,-1,-1
58,57296,1413,535,27,103,1,-1,-1,-1
58,57297,1260,501,39,96,1,-1,-1,-1
58,57298,1230,500,20,91,1,-1,-1,-1
58,57299,1207,502,31,88,1,-1,-1,-1
58,57300,1237,653,57,113,1,-1,-1,-1
58,57301,1256,652,42,100,1,-1,-1,-1
58,57302,1153,633,47,100,1,-1,-1,-1
58,57303,1189,629,33,102,1,-1,-1,-1
58,57304,1190,599,41,108,1,-1,-1,-1
58,57305,1229,603,35,104,1,-1,-1,-1
59,57285,744,303,28,70,1,-1,-1,-1
59,57286,800,391,31,74,1,-1,-1,-1
59,57287,502,382,33,78,1,-1,-1,-1
59,57288,589,563,38,97,1,-1,-1,-1
59,57289,309,342,26,72,1,-1,-1,-1
59,57290,380,482,32,89,1,-1,-1,-1
59,57291,462,574,40,95,1,-1,-1,-1
59,57292,524,721,47,108,1,-1,-1,-1
59,57293,341,765,50,119,1,-1,-1,-1
59,57294,1447,529,24,105,1,-1,-1,-1
59,57295,1382,535,35,107,1,-1,-1,-1
59,57296,1413,535,27,103,1,-1,-1,-1
59,57297,1260,501,39,96,1,-1,-1,-1
59,57298,1230,500,20,91,1,-1,-1,-1
59,57299,1207,502,30,88,1,-1,-1,-1
59,57300,1235,652,58,114,1,-1,-1,-1
59,57301,1256,652,42,101,1,-1,-1,-1
59,57302,1153,633,47,101,1,-1,-1,-1
59,57303,1190,629,33,102,1,-1,-1,-1
59,57304,1189,598,41,107,1,-1,-1,-1
59,57305,1228,602,35,104,1,-1,-1,-1
60,57285,743,303,28,69,1,-1,-1,-1
60,57286,800,391,31,74,1,-1,-1,-1
60,57287,502,382,32,78,1,-1,-1,-1
60,57288,591,563,38,97,1,-1,-1,-1
60,57289,309,342,27,72,1,-1,-1,-1
60,57290,381,482,31,89,1,-1,-1,-1
60,57291,465,574,40,95,1,-1,-1,-1
60,57292,526,721,47,108,1,-1,-1,-1
60,57293,344,765,50,119,1,-1,-1,-1
60,57294,1447,529,25,105,1,-1,-1,-1
60,57295,1382,535,35,107,1,-1,-1,-1
60,57296,1413,535,27,103,1,-1,-1,-1
60,57297,1260,502,39,96,1,-1,-1,-1
60,57298,1230,501,20,90,1,-1,-1,-1
60,57299,1207,502,30,88,1,-1,-1,-1
60,57300,1234,652,59,114,1,-1,-1,-1
60,57301,1256,652,42,101,1,-1,-1,-1
60,57302,1154,633,47,101,1,-1,-1,-1
60,57303,1191,629,33,102,1,-1,-1,-1
60,57304,1188,597,41,107,1,-1,-1,-1
60,57305,1226,602,36,103,1,-1,-1,-1
61,57285,743,303,27,69,1,-1,-1,-1
61,57286,801,391,30,73,1,-1,-1,-1
61,57287,501,382,33,78,1,-1,-1,-1
61,57288,593,563,38,97,1,-1,-1,-1
61,57289,309,342,27,72,1,-1,-1,-1
61,57290,381,482,31,89,1,-1,-1,-1
61,57291,469,574,39,95,1,-1,-1,-1
61,57292,528,721,47,108,1,-1,-1,-1
61,57293,346,765,51,119,1,-1,-1,-1
61,57294,1448,529,24,105,1,-1,-1,-1
61,57295,1381,535,35,107,1,-1,-1,-1
61,57296,1413,535,27,103,1,-1,-1,-1
61,57297,1260,502,39,96,1,-1,-1,-1
61,57298,1230,501,20,90,1,-1,-1,-1
61,57299,1207,502,30,88,1,-1,-1,-1
61,57300,1233,652,59,114,1,-1,-1,-1
61,57301,1256,652,42,101,1,-1,-1,-1
61,57302,1154,633,46,101,1,-1,-1,-1
61,57303,1191,629,33,101,1,-1,-1,-1
61,57304,1187,596,41,107,1,-1,-1,-1
61,57305,1225,601,35,104,1,-1,-1,-1
62,57285,742,303,28,69,1,-1,-1,-1
62,57286,801,391,30,73,1,-1,-1,-1
62,57287,501,382,33,78,1,-1,-1,-1
62,57288,594,564,38,97,1,-1,-1,-1
62,57289,309,342,27,72,1,-1,-1,-1
62,57290,382,482,31,89,1,-1,-1,-1
62,57291,474,574,38,95,1,-1,-1,-1
62,57292,529,721,48,108,1,-1,-1,-1
62,57293,349,765,51,120,1,-1,-1,-1
62,57294,1448,529,24,105,1,-1,-1,-1
62,57295,1382,535,34,106,1,-1,-1,-1
62,57296,1412,535,28,103,1,-1,-1,-1
62,57297,1260,502,39,96,1,-1,-1,-1
62,57298,1230,501,20,90,1,-1,-1,-1
62,57299,1207,502,29,88,1,-1,-1,-1
62,57300,1232,652,60,114,1,-1,-1,-1
62,57301,1256,652,42,102,1,-1,-1,-1
62,57302,1155,632,46,102,1,-1,-1,-1
62,57303,1192,629,33,101,1,-1,-1,-1
62,57304,1187,595,40,107,1,-1,-1,-1
62,57305,1223,600,36,104,1,-1,-1,-1
63,57285,741,303,28,69,1,-1,-1,-1
63,57286,802,391,30,73,1,-1,-1,-1
63,57287,500,382,33,78,1,-1,-1,-1
63,57288,597,564,37,97,1,-1,-1,-1
63,57289,309,342,27,72,1,-1,-1,-1
63,57290,383,482,30,89,1,-1,-1,-1
63,57291,479,574,38,96,1,-1,-1,-1
63,57292,532,721,48,108,1,-1,-1,-1
63,57293,352,765,52,120,1,-1,-1,-1
63,57294,1448,529,24,105,1,-1,-1,-1
63,57295,1382,535,34,106,1,-1,-1,-1
63,57296,1412,535,28,103,1,-1,-1,-1
63,57297,1261,502,38,96,1,-1,-1,-1
63,57298,1230,501,20,90,1,-1,-1,-1
63,57299,1207,502,29,88,1,-1,-1,-1
63,57300,1230,651,61,115,1,-1,-1,-1
63,57301,1255,652,44,102,1,-1,-1,-1
63,57302,1155,632,46,101,1,-1,-1,-1
63,57303,1193,629,33,101,1,-1,-1,-1
63,57304,1186,594,40,107,1,-1,-1,-1
63,57305,1222,599,35,104,1,-1,-1,-1
64,57285,740,303,28,69,1,-1,-1,-1
64,57286,802,391,29,73,1,-1,-1,-1
64,57287,500,382,33,78,1,-1,-1,-1
64,57288,598,564,37,97,1,-1,-1,-1
64,57289,309,342,27,72,1,-1,-1,-1
64,57290,383,482,30,89,1,-1,-1,-1
64,57291,483,574,37,96,1,-1,-1,-1
64,57292,533,721,48,108,1,-1,-1,-1
64,57293,354,765,52,120,1,-1,-1,-1
64,57294,1448,528,24,105,1,-1,-1,-1
64,57295,1382,535,34,106,1,-1,-1,-1
64,57296,1412,535,28,103,1,-1,-1,-1
64,57297,1260,502,38,96,1,-1,-1,-1
64,57298,1231,501,20,89,1,-1,-1,-1
64,57299,1207,502,29,88,1,-1,-1,-1
64,57300,1229,651,61,115,1,-1,-1,-1
64,57301,1255,652,44,102,1,-1,-1,-1
64,57302,1156,632,45,101,1,-1,-1,-1
64,57303,1193,629,33,101,1,-1,-1,-1
64,57304,1185,593,40,107,1,-1,-1,-1
64,57305,1221,599,36,104,1,-1,-1,-1
65,57285,740,303,28,69,1,-1,-1,-1
65,57286,802,391,29,73,1,-1,-1,-1
65,57287,500,382,33,78,1,-1,-1,-1
65,57288,600,564,37,97,1,-1,-1,-1
65,57289,309,342,27,72,1,-1,-1,-1
65,57290,384,482,29,89,1,-1,-1,-1
65,57291,487,575,37,96,1,-1,-1,-1
65,57292,533,721,49,108,1,-1,-1,-1
65,57293,356,765,52,120,1,-1,-1,-1
65,57294,1448,528,24,105,1,-1,-1,-1
65,57295,1382,535,34,105,1,-1,-1,-1
65,57296,1412,535,28,103,1,-1,-1,-1
65,57297,1260,502,38,96,1,-1,-1,-1
65,57298,1231,501,20,89,1,-1,-1,-1
65,57299,1208,502,28,88,1,-1,-1,-1
65,57300,1227,650,63,116,1,-1,-1,-1
65,57301,1254,652,44,102,1,-1,-1,-1
65,57302,1156,632,44,101,1,-1,-1,-1
65,57303,1194,629,33,101,1,-1,-1,-1
65,57304,1185,593,40,106,1,-1,-1,-1
65,57305,1220,598,36,104,1,-1,-1,-1
66,57285,739,303,28,69,1,-1,-1,-1
66,57286,802,391,29,73,1,-1,-1,-1
66,57287,500,382,33,78,1,-1,-1,-1
66,57288,602,564,37,97,1,-1,-1,-1
66,57289,309,342,27,72,1,-1,-1,-1
66,57290,384,482,29,89,1,-1,-1,-1
66,57291,492,575,37,96,1,-1,-1,-1
66,57292,533,721,50,108,1,-1,-1,-1
66,57293,358,765,52,120,1,-1,-1,-1
66,57294,1448,528,25,105,1,-1,-1,-1
66,57295,1382,535,34,105,1,-1,-1,-1
66,57296,1412,535,27,103,1,-1,-1,-1
66,57297,1260,502,39,96,1,-1,-1,-1
66,57298,1231,501,21,90,1,-1,-1,-1
66,57299,1208,502,28,88,1,-1,-1,-1
66,57300,1225,650,64,116,1,-1,-1,-1
66,57301,1254,652,44,102,1,-1,-1,-1
66,57302,1156,632,44,101,1,-1,-1,-1
66,57303,1195,629,33,100,1,-1,-1,-1
66,57304,1185,592,40,107,1,-1,-1,-1
66,57305,1220,598,35,104,1,-1,-1,-1
67,57285,739,303,28,70,1,-1,-1,-1
67,57286,801,391,29,73,1,-1,-1,-1
67,57287,500,382,33,78,1,-1,-1,-1
67,57288,604,564,37,97,1,-1,-1,-1
67,57289,309,342,27,72,1,-1,-1,-1
67,57290,384,482,28,89,1,-1,-1,-1
67,57291,497,575,38,97,1,-1,-1,-1
67,57292,533,721,50,108,1,-1,-1,-1
67,57293,360,765,52,120,1,-1,-1,-1
67,57294,1449,527,24,105,1,-1,-1,-1
67,57295,1382,535,34,105,1,-1,-1,-1
67,57296,1412,535,27,103,1,-1,-1,-1
67,57297,1260,502,38,96,1,-1,-1,-1
67,57298,1232,501,21,90,1,-1,-1,-1
67,57299,1208,502,29,88,1,-1,-1,-1
67,57300,1224,650,64,116,1,-1,-1,-1
67,57301,1254,652,44,102,1,-1,-1,-1
67,57302,1156,632,44,101,1,-1,-1,-1
67,57303,1195,629,33,100,1,-1,-1,-1
67,57304,1186,592,39,107,1,-1,-1,-1
67,57305,1219,598,36,104,1,-1,-1,-1
68,57285,738,303,28,70,1,-1,-1,-1
68,57286,802,391,28,73,1,-1,-1,-1
68,57287,500,382,33,78,1,-1,-1,-1
68,57288,606,565,36,97,1,-1,-1,-1
68,57289,309,342,27,72,1,-1,-1,-1
68,57290,385,482,28,89,1,-1,-1,-1
68,57291,500,576,38,96,1,-1,-1,-1
68,57292,534,722,51,108,1,-1,-1,-1
68,57293,362,765,53,120,1,-1,-1,-1
68,57294,1449,527,24,105,1,-1,-1,-1
68,57295,1382,535,34,105,1,-1,-1,-1
68,57296,1412,535,27,103,1,-1,-1,-1
68,57297,1259,502,39,96,1,-1,-1,-1
68,57298,1233,501,20,90,1,-1,-1,-1
68,57299,1209,502,29,88,1,-1,-1,-1
68,57300,1223,650,64,116,1,-1,-1,-1
68,57301,1253,652,45,102,1,-1,-1,-1
68,57302,1157,631,44,101,1,-1,-1,-1
68,57303,1196,629,33,100,1,-1,-1,-1
68,57304,1186,592,39,107,1,-1,-1,-1
68,57305,1219,597,36,104,1,-1,-1,-1
69,57285,737,303,29,70,1,-1,-1,-1
69,57286,801,391,29,74,1,-1,-1,-1
69,57287,501,382,33,78,1,-1,-1,-1
69,57288,608,565,36,97,1,-1,-1,-1
69,57289,309,342,27,72,1,-1,-1,-1
69,57290,385,482,28,89,1,-1,-1,-1
69,57291,501,576,39,96,1,-1,-1,-1
69,57292,536,722,51,108,1,-1,-1,-1
69,57293,364,765,53,120,1,-1,-1,-1
69,57294,1449,527,25,105,1,-1,-1,-1
69,57295,1382,535,34,105,1,-1,-1,-1
69,57296,1412,535,27,103,1,-1,-1,-1
69,57297,1260,502,38,96,1,-1,-1,-1
69,57298,1233,500,21,91,1,-1,-1,-1
69,57299,1209,502,29,88,1,-1,-1,-1
69,57300,1222,649,65,117,1,-1,-1,-1
69,57301,1253,653,44,101,1,-1,-1,-1
69,57302,1158,631,43,101,1,-1,-1,-1
69,57303,1197,629,32,100,1,-1,-1,-1
69,57304,1186,592,39,107,1,-1,-1,-1
69,57305,1219,597,36,104,1,-1,-1,-1
70,57285,737,303,29,71,1,-1,-1,-1
70,57286,801,391,29,74,1,-1,-1,-1
70,57287,501,381,33,78,1,-1,-1,-1
70,57288,611,565,35,97,1,-1,-1,-1
70,57289,309,342,27,72,1,-1,-1,-1
70,57290,385,482,28,89,1,-1,-1,-1
70,57291,503,576,38,97,1,-1,-1,-1
70,57292,538,722,51,108,1,-1,-1,-1
70,57293,367,766,52,120,1,-1,-1,-1
70,57294,1449,527,25,105,1,-1,-1,-1
70,57295,1382,535,34,105,1,-1,-1,-1
70,57296,1412,535,26,103,1,-1,-1,-1
70,57297,1259,502,38,96,1,-1,-1,-1
70,57298,1234,500,21,91,1,-1,-1,-1
70,57299,1210,502,29,88,1,-1,-1,-1
70,57300,1220,649,66,118,1,-1,-1,-1
70,57301,1252,653,45,101,1,-1,-1,-1
70,57302,1158,631,43,101,1,-1,-1,-1
70,57303,1198,629,32,100,1,-1,-1,-1
70,57304,1186,592,39,107,1,-1,-1,-1
70,57305,1218,596,36,104,1,-1,-1,-1
71,57285,736,303,29,71,1,-1,-1,-1
71,57286,800,391,30,74,1,-1,-1,-1
71,57287,501,381,33,78,1,-1,-1,-1
71,57288,613,565,34,97,1,-1,-1,-1
71,57289,309,342,27,72,1,-1,-1,-1
71,57290,386,482,27,89,1,-1,-1,-1
71,57291,504,577,39,96,1,-1,-1,-1
71,57292,540,722,51,108,1,-1,-1,-1
71,57293,369,766,52,120,1,-1,-1,-1
71,57294,1449,527,25,105,1,-1,-1,-1
71,57295,1382,535,34,105,1,-1,-1,-1
71,57296,1412,535,26,103,1,-1,-1,-1
71,57297,1259,502,38,96,1,-1,-1,-1
71,57298,1235,500,21,91,1,-1,-1,-1
71,57299,1210,502,30,88,1,-1,-1,-1
71,57300,1219,649,66,118,1,-1,-1,-1
71,57301,1251,653,45,101,1,-1,-1,-1
71,57302,1158,631,43,101,1,-1,-1,-1
71,57303,1199,628,32,100,1,-1,-1,-1
71,57304,1186,592,38,106,1,-1,-1,-1
71,57305,1218,596,36,104,1,-1,-1,-1
72,57285,735,303,30,71,1,-1,-1,-1
72,57286,800,390,29,75,1,-1,-1,-1
72,57287,501,381,34,79,1,-1,-1,-1
72,57288,614,565,35,97,1,-1,-1,-1
72,57289,309,342,27,72,1,-1,-1,-1
72,57290,386,482,27,89,1,-1,-1,-1
72,57291,506,578,38,96,1,-1,-1,-1
72,57292,542,722,50,108,1,-1,-1,-1
72,57293,371,766,52,120,1,-1,-1,-1
72,57294,1450,527,24,105,1,-1,-1,-1
72,57295,1382,535,34,105,1,-1,-1,-1
72,57296,1411,535,27,103,1,-1,-1,-1
72,57297,1259,502,38,96,1,-1,-1,-1
72,57298,1236,499,20,91,1,-1,-1,-1
72,57299,1210,502,30,88,1,-1,-1,-1
72,57300,1218,649,67,118,1,-1,-1,-1
72,57301,1251,653,45,101,1,-1,-1,-1
72,57302,1158,631,43,100,1,-1,-1,-1
72,57303,1199,629,32,99,1,-1,-1,-1
72,57304,1186,592,38,106,1,-1,-1,-1
72,57305,1218,595,35,104,1,-1,-1,-1
73,57285,735,303,30,71,1,-1,-1,-1
73,57286,800,390,30,74,1,-1,-1,-1
73,57287,501,381,34,79,1,-1,-1,-1
73,57288,616,565,34,97,1,-1,-1,-1
73,57289,309,342,27,72,1,-1,-1,-1
73,57290,386,482,27,89,1,-1,-1,-1
73,57291,507,578,38,96,1,-1,-1,-1
73,57292,545,722,49,108,1,-1,-1,-1
73,57293,374,766,51,119,1,-1,-1,-1
73,57294,1450,527,25,105,1,-1,-1,-1
73,57295,1382,535,34,105,1,-1,-1,-1
73,57296,1411,535,27,103,1,-1,-1,-1
73,57297,1258,502,39,96,1,-1,-1,-1
73,57298,1236,499,21,91,1,-1,-1,-1
73,57299,1211,502,30,88,1,-1,-1,-1
73,57300,1217,648,67,119,1,-1,-1,-1
73,57301,1249,653,45,101,1,-1,-1,-1
73,57302,1159,631,43,100,1,-1,-1,-1
73,57303,1200,629,32,99,1,-1,-1,-1
73,57304,1186,592,38,106,1,-1,-1,-1
73,57305,1217,595,35,104,1,-1,-1,-1
74,57285,735,303,29,72,1,-1,-1,-1
74,57286,799,390,30,74,1,-1,-1,-1
74,57287,501,381,34,79,1,-1,-1,-1
74,57288,619,565,33,97,1,-1,-1,-1
74,57289,309,342,27,72,1,-1,-1,-1
74,57290,386,481,26,89,1,-1,-1,-1
74,57291,509,578,37,96,1,-1,-1,-1
74,57292,548,722,48,108,1,-1,-1,-1
74,57293,376,766,51,119,1,-1,-1,-1
74,57294,1450,527,25,105,1,-1,-1,-1
74,57295,1382,535,34,105,1,-1,-1,-1
74,57296,1411,535,26,103,1,-1,-1,-1
74,57297,1258,502,39,96,1,-1,-1,-1
74,57298,1237,499,21,92,1,-1,-1,-1
74,57299,1211,502,31,88,1,-1,-1,-1
74,57300,1215,648,68,119,1,-1,-1,-1
74,57301,1248,653,45,101,1,-1,-1,-1
74,57302,1159,631,43,100,1,-1,-1,-1
74,57303,1201,629,32,99,1,-1,-1,-1
74,57304,1186,592,38,106,1,-1,-1,-1
74,57305,1217,595,35,104,1,-1,-1,-1
75,57285,734,303,30,72,1,-1,-1,-1
75,57286,799,390,30,75,1,-1,-1,-1
75,57287,501,381,34,79,1,-1,-1,-1
75,57288,622,566,33,97,1,-1,-1,-1
75,57289,309,342,27,72,1,-1,-1,-1
75,57290,387,481,26,89,1,-1,-1,-1
75,57291,512,579,35,96,1,-1,-1,-1
75,57292,551,722,48,108,1,-1,-1,-1
75,57293,380,766,51,119,1,-1,-1,-1
75,57294,1450,527,25,105,1,-1,-1,-1
75,57295,1382,535,34,105,1,-1,-1,-1
75,57296,1411,535,26,103,1,-1,-1,-1
75,57297,1257,502,39,96,1,-1,-1,-1
75,57298,1238,499,21,92,1,-1,-1,-1
75,57299,1211,502,32,88,1,-1,-1,-1
75,57300,1213,648,69,119,1,-1,-1,-1
75,57301,1247,653,44,101,1,-1,-1,-1
75,57302,1159,630,43,100,1,-1,-1,-1
75,57303,1202,629,32,99,1,-1,-1,-1
75,57304,1186,592,38,106,1,-1,-1,-1
75,57305,1216,594,35,104,1,-1,-1,-1
76,57285,733,303,31,72,1,-1,-1,-1
76,57286,798,390,31,75,1,-1,-1,-1
76,57287,501,381,34,80,1,-1,-1,-1
76,57288,623,566,33,97,1,-1,-1,-1
76,57289,309,342,27,72,1,-1,-1,-1
76,57290,387,481,26,89,1,-1,-1,-1
76,57291,513,580,34,95,1,-1,-1,-1
76,57292,552,722,48,108,1,-1,-1,-1
76,57293,382,766,50,119,1,-1,-1,-1
76,57294,1450,527,25,105,1,-1,-1,-1
76,57295,1381,535,35,105,1,-1,-1,-1
76,57296,1411,535,26,103,1,-1,-1,-1
76,57297,1257,502,39,96,1,-1,-1,-1
76,57298,1239,499,21,92,1,-1,-1,-1
76,57299,1211,502,32,88,1,-1,-1,-1
76,57300,1212,648,69,119,1,-1,-1,-1
76,57301,1246,653,44,101,1,-1,-1,-1
76,57302,1159,630,43,100,1,-1,-1,-1
76,57303,1202,629,32,98,1,-1,-1,-1
76,57304,1186,592,39,106,1,-1,-1,-1
76,57305,1216,593,35,104,1,-1,-1,-1
77,57285,733,303,30,72,1,-1,-1,-1
77,57286,798,390,31,75,1,-1,-1,-1
77,57287,502,381,33,80,1,-1,-1,-1
77,57288,626,566,32,97,1,-1,-1,-1
77,57289,309,342,27,72,1,-1,-1,-1
77,57290,387,481,27,89,1,-1,-1,-1
77,57291,515,580,34,95,1,-1,-1,-1
77,57292,553,722,48,108,1,-1,-1,-1
77,57293,382,766,50,119,1,-1,-1,-1
77,57294,1450,527,25,105,1,-1,-1,-1
77,57295,1381,535,34,105,1,-1,-1,-1
77,57296,1411,535,25,103,1,-1,-1,-1
77,57297,1258,502,39,96,1,-1,-1,-1
77,57298,1239,499,21,93,1,-1,-1,-1
77,57299,1212,502,32,88,1,-1,-1,-1
77,57300,1211,647,70,120,1,-1,-1,-1
77,57301,1246,653,44,102,1,-1,-1,-1
77,57302,1160,630,43,100,1,-1,-1,-1
77,57303,1203,628,32,99,1,-1,-1,-1
77,57304,1186,592,39,106,1,-1,-1,-1
77,57305,1217,593,34,104,1,-1,-1,-1
78,57285,733,303,31,72,1,-1,-1,-1
78,57286,798,390,30,76,1,-1,-1,-1
78,57287,502,381,34,80,1,-1,-1,-1
78,57288,629,566,32,97,1,-1,-1,-1
78,57289,309,342,27,72,1,-1,-1,-1
78,57290,387,481,27,89,1,-1,-1,-1
78,57291,517,580,32,95,1,-1,-1,-1
78,57292,554,722,48,108,1,-1,-1,-1
78,57293,384,766,49,119,1,-1,-1,-1
78,57294,1450,527,25,105,1,-1,-1,-1
78,57295,1381,535,34,104,1,-1,-1,-1
78,57296,1411,535,25,103,1,-1,-1,-1
78,57297,1257,502,40,96,1,-1,-1,-1
78,57298,1238,499,22,92,1,-1,-1,-1
78,57299,1212,502,33,88,1,-1,-1,-1
78,57300,1211,647,71,120,1,-1,-1,-1
78,57301,1247,653,43,102,1,-1,-1,-1
78,57302,1160,630,43,100,1,-1,-1,-1
78,57303,1203,628,32,99,1,-1,-1,-1
78,57304,1186,592,38,106,1,-1,-1,-1
78,57305,1217,594,35,103,1,-1,-1,-1
79,57285,733,303,31,72,1,-1,-1,-1
79,57286,798,390,30,76,1,-1,-1,-1
79,57287,502,381,33,80,1,-1,-1,-1
79,57288,632,566,32,97,1,-1,-1,-1
79,57289,309,342,27,72,1,-1,-1,-1
79,57290,387,481,27,89,1,-1,-1,-1
79,57291,519,581,32,95,1,-1,-1,-1
79,57292,556,722,47,108,1,-1,-1,-1
79,57293,384,765,50,119,1,-1,-1,-1
79,57294,1450,527,25,105,1,-1,-1,-1
79,57295,1381,535,34,104,1,-1,-1,-1
79,57296,1410,535,25,103,1,-1,-1,-1
79,57297,1258,501,39,96,1,-1,-1,-1
79,57298,1238,499,22,92,1,-1,-1,-1
79,57299,1213,502,33,88,1,-1,-1,-1
79,57300,1211,646,70,121,1,-1,-1,-1
79,57301,1247,653,43,102,1,-1,-1,-1
79,57302,1161,630,42,100,1,-1,-1,-1
79,57303,1203,629,33,98,1,-1,-1,-1
79,57304,1185,592,39,105,1,-1,-1,-1
79,57305,1218,594,34,103,1,-1,-1,-1
80,57285,733,303,31,72,1,-1,-1,-1
80,57286,798,390,30,75,1,-1,-1,-1
80,57287,502,381,33,80,1,-1,-1,-1
80,57288,635,567,33,97,1,-1,-1,-1
80,57289,309,342,27,72,1,-1,-1,-1
80,57290,387,481,27,89,1,-1,-1,-1
80,57291,521,581,32,95,1,-1,-1,-1
80,57292,557,722,47,108,1,-1,-1,-1
80,57293,385,765,50,119,1,-1,-1,-1
80,57294,1450,527,25,105,1,-1,-1,-1
80,57295,1381,535,34,104,1,-1,-1,-1
80,57296,1409,535,26,103,1,-1,-1,-1
80,57297,1259,501,39,96,1,-1,-1,-1
80,57298,1238,498,23,93,1,-1,-1,-1
80,57299,1214,502,33,88,1,-1,-1,-1
80,57300,1211,646,71,121,1,-1,-1,-1
80,57301,1248,653,42,102,1,-1,-1,-1
80,57302,1161,630,43,100,1,-1,-1,-1
80,57303,1204,629,32,98,1,-1,-1,-1
80,57304,1185,591,39,106,1,-1,-1,-1
80,57305,1219,594,34,102,1,-1,-1,-1
81,57285,733,302,32,72,1,-1,-1,-1
81,57286,798,390,31,75,1,-1,-1,-1
81,57287,503,381,33,80,1,-1,-1,-1
81,57288,636,567,34,97,1,-1,-1,-1
81,57289,309,342,27,72,1,-1,-1,-1
81,57290,388,481,26,89,1,-1,-1,-1
81,57291,523,582,31,95,1,-1,-1,-1
81,57292,558,722,47,108,1,-1,-1,-1
81,57293,386,765,49,119,1,-1,-1,-1
81,57294,1451,527,25,105,1,-1,-1,-1
81,57295,1381,535,34,104,1,-1,-1,-1
81,57296,1409,534,25,104,1,-1,-1,-1
81,57297,1259,500,38,96,1,-1,-1,-1
81,57298,1238,498,23,92,1,-1,-1,-1
81,57299,1214,502,34,88,1,-1,-1,-1
81,57300,1211,645,70,122,1,-1,-1,-1
81,57301,1249,653,41,102,1,-1,-1,-1
81,57302,1161,630,43,100,1,-1,-1,-1
81,57303,1204,629,32,98,1,-1,-1,-1
81,57304,1185,591,38,106,1,-1,-1,-1
81,57305,1219,594,34,102,1,-1,-1,-1
82,57285,733,302,32,72,1,-1,-1,-1
82,57286,798,391,30,74,1,-1,-1,-1
82,57287,503,381,33,80,1,-1,-1,-1
82,57288,638,567,34,97,1,-1,-1,-1
82,57289,309,342,27,72,1,-1,-1,-1
82,57290,388,481,26,89,1,-1,-1,-1
82,57291,525,582,31,95,1,-1,-1,-1
82,57292,560,722,46,108,1,-1,-1,-1
82,57293,388,764,49,119,1,-1,-1,-1
82,57294,1451,527,25,105,1,-1,-1,-1
82,57295,1381,535,34,104,1,-1,-1,-1
82,57296,1408,534,26,104,1,-1,-1,-1
82,57297,1259,500,39,96,1,-1,-1,-1
82,57298,1236,498,25,91,1,-1,-1,-1
82,57299,1215,501,34,88,1,-1,-1,-1
82,57300,1212,645,70,121,1,-1,-1,-1
82,57301,1249,653,41,102,1,-1,-1,-1
82,57302,1162,630,42,100,1,-1,-1,-1
82,57303,1205,629,32,97,1,-1,-1,-1
82,57304,1185,591,38,106,1,-1,-1,-1
82,57305,1219,594,35,101,1,-1,-1,-1
83,57285,733,302,33,72,1,-1,-1,-1
83,57286,798,391,30,74,1,-1,-1,-1
83,57287,503,381,33,80,1,-1,-1,-1
83,57288,639,567,35,97,1,-1,-1,-1
83,57289,309,342,27,72,1,-1,-1,-1
83,57290,388,481,26,89,1,-1,-1,-1
83,57291,527,583,31,95,1,-1,-1,-1
83,57292,562,722,46,108,1,-1,-1,-1
83,57293,390,764,49,119,1,-1,-1,-1
83,57294,1451,527,25,105,1,-1,-1,-1
83,57295,1381,535,34,104,1,-1,-1,-1
83,57296,1407,534,27,103,1,-1,-1,-1
83,57297,1260,500,38,96,1,-1,-1,-1
83,57298,1236,498,25,91,1,-1,-1,-1
83,57299,1216,501,34,88,1,-1,-1,-1
83,57300,1211,644,70,122,1,-1,-1,-1
83,57301,1250,653,40,102,1,-1,-1,-1
83,57302,1162,630,43,100,1,-1,-1,-1
83,57303,1205,629,32,97,1,-1,-1,-1
83,57304,1185,591,38,106,1,-1,-1,-1
83,57305,1220,595,35,100,1,-1,-1,-1
84,57285,733,301,33,72,1,-1,-1,-1
84,57286,798,391,30,74,1,-1,-1,-1
84,57287,503,381,32,80,1,-1,-1,-1
84,57288,640,568,34,97,1,-1,-1,-1
84,57289,309,342,27,72,1,-1,-1,-1
84,57290,388,481,26,89,1,-1,-1,-1
84,57291,529,583,30,95,1,-1,-1,-1
84,57292,563,723,46,108,1,-1,-1,-1
84,57293,392,763,49,119,1,-1,-1,-1
84,57294,1451,527,25,105,1,-1,-1,-1
84,57295,1381,534,34,105,1,-1,-1,-1
84,57296,1407,533,27,104,1,-1,-1,-1
84,57297,1260,500,39,96,1,-1,-1,-1
84,57298,1235,497,27,91,1,-1,-1,-1
84,57299,1217,501,34,88,1,-1,-1,-1
84,57300,1211,644,70,122,1,-1,-1,-1
84,57301,1250,653,39,102,1,-1,-1,-1
84,57302,1163,629,42,100,1,-1,-1,-1
84,57303,1206,628,32,98,1,-1,-1,-1
84,57304,1185,591,38,106,1,-1,-1,-1
84,57305,1221,595,35,100,1,-1,-1,-1
85,57285,733,301,33,72,1,-1,-1,-1
85,57286,798,392,29,74,1,-1,-1,-1
85,57287,504,381,32,80,1,-1,-1,-1
85,57288,641,568,35,97,1,-1,-1,-1
85,57289,309,342,27,72,1,-1,-1,-1
85,57290,388,481,26,89,1,-1,-1,-1
85,57291,531,584,30,95,1,-1,-1,-1
85,57292,565,723,45,108,1,-1,-1,-1
85,57293,394,763,48,119,1,-1,-1,-1
85,57294,1451,527,25,105,1,-1,-1,-1
85,57295,1381,534,34,105,1,-1,-1,-1
85,57296,1407,533,27,104,1,-1,-1,-1
85,57297,1261,500,38,96,1,-1,-1,-1
85,57298,1235,497,27,91,1,-1,-1,-1
85,57299,1218,501,33,87,1,-1,-1,-1
85,57300,1212,643,69,123,1,-1,-1,-1
85,57301,1251,652,39,102,1,-1,-1,-1
85,57302,1163,629,43,100,1,-1,-1,-1
85,57303,1207,628,32,98,1,-1,-1,-1
85,57304,1184,591,39,106,1,-1,-1,-1
85,57305,1221,595,35,100,1,-1,-1,-1
86,57285,733,301,34,72,1,-1,-1,-1
86,57286,798,392,29,74,1,-1,-1,-1
86,57287,504,381,32,80,1,-1,-1,-1
86,57288,642,568,35,97,1,-1,-1,-1
86,57289,309,342,27,72,1,-1,-1,-1
86,57290,388,481,26,89,1,-1,-1,-1
86,57291,533,584,30,95,1,-1,-1,-1
86,57292,566,723,45,108,1,-1,-1,-1
86,57293,396,763,48,119,1,-1,-1,-1
86,57294,1451,527,25,105,1,-1,-1,-1
86,57295,1381,533,34,105,1,-1,-1,-1
86,57296,1406,533,28,104,1,-1,-1,-1
86,57297,1261,500,38,96,1,-1,-1,-1
86,57298,1234,497,29,91,1,-1,-1,-1
86,57299,1218,500,34,88,1,-1,-1,-1
86,57300,1211,643,69,122,1,-1,-1,-1
86,57301,1251,652,38,102,1,-1,-1,-1
86,57302,1164,629,42,100,1,-1,-1,-1
86,57303,1207,627,32,98,1,-1,-1,-1
86,57304,1184,590,38,106,1,-1,-1,-1
86,57305,1222,595,35,99,1,-1,-1,-1
87,57285,733,301,35,72,1,-1,-1,-1
87,57286,797,392,30,74,1,-1,-1,-1
87,57287,504,381,32,80,1,-1,-1,-1
87,57288,643,568,35,97,1,-1,-1,-1
87,57289,309,342,27,72,1,-1,-1,-1
87,57290,388,481,26,89,1,-1,-1,-1
87,57291,535,585,30,95,1,-1,-1,-1
87,57292,568,723,44,108,1,-1,-1,-1
87,57293,399,762,46,119,1,-1,-1,-1
87,57294,1451,527,25,105,1,-1,-1,-1
87,57295,1381,533,34,105,1,-1,-1,-1
87,57296,1405,533,28,104,1,-1,-1,-1
87,57297,1262,500,37,96,1,-1,-1,-1
87,57298,1233,497,31,90,1,-1,-1,-1
87,57299,1220,500,34,87,1,-1,-1,-1
87,57300,1212,642,68,123,1,-1,-1,-1
87,57301,1252,652,38,102,1,-1,-1,-1
87,57302,1164,629,42,100,1,-1,-1,-1
87,57303,1207,627,32,98,1,-1,-1,-1
87,57304,1184,590,38,106,1,-1,-1,-1
87,57305,1222,595,35,99,1,-1,-1,-1
88,57285,733,301,35,72,1,-1,-1,-1
88,57286,797,392,29,74,1,-1,-1,-1
88,57287,504,381,31,80,1,-1,-1,-1
88,57288,645,569,34,97,1,-1,-1,-1
88,57289,309,342,27,72,1,-1,-1,-1
88,57290,388,481,27,89,1,-1,-1,-1
88,57291,537,585,30,95,1,-1,-1,-1
88,57292,569,723,44,108,1,-1,-1,-1
88,57293,402,762,45,119,1,-1,-1,-1
88,57294,1451,527,25,105,1,-1,-1,-1
88,57295,1381,533,34,105,1,-1,-1,-1
88,57296,1404,533,29,104,1,-1,-1,-1
88,57297,1262,499,37,96,1,-1,-1,-1
88,57298,1232,496,32,91,1,-1,-1,-1
88,57299,1221,500,34,87,1,-1,-1,-1
88,57300,1212,642,68,123,1,-1,-1,-1
88,57301,1252,651,37,103,1,-1,-1,-1
88,57302,1164,629,43,100,1,-1,-1,-1
88,57303,1208,627,32,98,1,-1,-1,-1
88,57304,1184,590,38,106,1,-1,-1,-1
88,57305,1223,596,35,97,1,-1,-1,-1
89,57285,733,301,36,72,1,-1,-1,-1
89,57286,797,392,29,74,1,-1,-1,-1
89,57287,504,381,31,80,1,-1,-1,-1
89,57288,646,570,34,97,1,-1,-1,-1
89,57289,309,342,27,72,1,-1,-1,-1
89,57290,388,481,27,89,1,-1,-1,-1
89,57291,538,586,31,95,1,-1,-1,-1
89,57292,571,723,43,108,1,-1,-1,-1
89,57293,403,762,45,118,1,-1,-1,-1
89,57294,1451,527,25,105,1,-1,-1,-1
89,57295,1381,533,34,105,1,-1,-1,-1
89,57296,1404,533,29,104,1,-1,-1,-1
89,57297,1263,499,36,96,1,-1,-1,-1
89,57298,1232,496,34,91,1,-1,-1,-1
89,57299,1221,500,34,86,1,-1,-1,-1
89,57300,1213,642,67,123,1,-1,-1,-1
89,57301,1253,651,37,103,1,-1,-1,-1
89,57302,1165,629,42,100,1,-1,-1,-1
89,57303,1208,627,32,98,1,-1,-1,-1
89,57304,1184,590,38,106,1,-1,-1,-1
89,57305,1223,596,36,97,1,-1,-1,-1
90,57285,733,301,37,72,1,-1,-1,-1
90,57286,797,392,29,74,1,-1,-1,-1
90,57287,504,381,31,80,1,-1,-1,-1
90,57288,648,570,34,97,1,-1,-1,-1
90,57289,309,342,27,72,1,-1,-1,-1
90,57290,388,481,26,89,1,-1,-1,-1
90,57291,539,586,31,95,1,-1,-1,-1
90,57292,572,723,44,108,1,-1,-1,-1
90,57293,406,761,44,119,1,-1,-1,-1
90,57294,1451,527,25,105,1,-1,-1,-1
90,57295,1381,533,34,105,1,-1,-1,-1
90,57296,1403,533,30,104,1,-1,-1,-1
90,57297,1263,499,36,96,1,-1,-1,-1
90,57298,1232,496,35,91,1,-1,-1,-1
90,57299,1221,499,33,87,1,-1,-1,-1
90,57300,1213,642,66,123,1,-1,-1,-1
90,57301,1253,651,36,104,1,-1,-1,-1
90,57302,1166,629,42,100,1,-1,-1,-1
90,57303,1209,627,32,98,1,-1,-1,-1
90,57304,1184,590,38,106,1,-1,-1,-1
90,57305,1223,595,37,98,1,-1,-1,-1
91,57285,734,301,36,72,1,-1,-1,-1
91,57286,798,392,28,74,1,-1,-1,-1
91,57287,504,381,31,80,1,-1,-1,-1
91,57288,651,570,33,97,1,-1,-1,-1
91,57289,309,342,27,72,1,-1,-1,-1
91,57290,387,481,27,89,1,-1,-1,-1
91,57291,541,587,31,95,1,-1,-1,-1
91,57292,574,723,43,108,1,-1,-1,-1
91,57293,408,761,45,119,1,-1,-1,-1
91,57294,1451,527,25,105,1,-1,-1,-1
91,57295,1381,533,34,105,1,-1,-1,-1
91,57296,1404,533,30,104,1,-1,-1,-1
91,57297,1263,499,36,96,1,-1,-1,-1
91,57298,1233,497,36,91,1,-1,-1,-1
91,57299,1221,499,33,87,1,-1,-1,-1
91,57300,1213,643,65,122,1,-1,-1,-1
91,57301,1254,651,36,104,1,-1,-1,-1
91,57302,1166,629,42,100,1,-1,-1,-1
91,57303,1209,627,32,97,1,-1,-1,-1
91,57304,1184,590,38,106,1,-1,-1,-1
91,57305,1222,595,38,98,1,-1,-1,-1
92,57285,735,301,37,72,1,-1,-1,-1
92,57286,798,392,28,74,1,-1,-1,-1
92,57287,504,381,31,80,1,-1,-1,-1
92,57288,653,570,34,97,1,-1,-1,-1
92,57289,309,342,27,72,1,-1,-1,-1
92,57290,387,481,27,89,1,-1,-1,-1
92,57291,542,587,31,95,1,-1,-1,-1
92,57292,576,723,43,108,1,-1,-1,-1
92,57293,411,760,44,119,1,-1,-1,-1
92,57294,1451,527,25,105,1,-1,-1,-1
92,57295,1381,533,34,104,1,-1,-1,-1
92,57296,1404,533,30,104,1,-1,-1,-1
92,57297,1263,499,36,96,1,-1,-1,-1
92,57298,1233,497,37,91,1,-1,-1,-1
92,57299,1220,499,33,87,1,-1,-1,-1
92,57300,1214,644,64,121,1,-1,-1,-1
92,57301,1254,651,35,104,1,-1,-1,-1
92,57302,1166,629,42,100,1,-1,-1,-1
92,57303,1210,627,32,97,1,-1,-1,-1
92,57304,1184,590,38,106,1,-1,-1,-1
92,57305,1223,594,37,99,1,-1,-1,-1
93,57285,736,301,36,72,1,-1,-1,-1
93,57286,799,392,27,74,1,-1,-1,-1
93,57287,504,381,31,80,1,-1,-1,-1
93,57288,655,570,34,97,1,-1,-1,-1
93,57289,309,342,27,72,1,-1,-1,-1
93,57290,387,481,26,89,1,-1,-1,-1
93,57291,544,588,31,95,1,-1,-1,-1
93,57292,577,723,43,108,1,-1,-1,-1
93,57293,413,760,44,119,1,-1,-1,-1
93,57294,1451,527,25,105,1,-1,-1,-1
93,57295,1380,533,35,104,1,-1,-1,-1
93,57296,1404,533,31,104,1,-1,-1,-1
93,57297,1263,500,35,96,1,-1,-1,-1
93,57298,1234,498,38,90,1,-1,-1,-1
93,57299,1219,499,33,86,1,-1,-1,-1
93,57300,1215,645,63,120,1,-1,-1,-1
93,57301,1255,651,35,104,1,-1,-1,-1
93,57302,1167,629,42,100,1,-1,-1,-1
93,57303,1210,627,32,97,1,-1,-1,-1
93,57304,1183,589,38,106,1,-1,-1,-1
93,57305,1222,593,39,99,1,-1,-1,-1
94,57285,737,301,37,72,1,-1,-1,-1
94,57286,799,392,27,74,1,-1,-1,-1
94,57287,503,381,31,80,1,-1,-1,-1
94,57288,657,571,35,97,1,-1,-1,-1
94,57289,309,341,27,72,1,-1,-1,-1
94,57290,387,481,26,89,1,-1,-1,-1
94,57291,545,588,31,95,1,-1,-1,-1
94,57292,579,723,43,108,1,-1,-1,-1
94,57293,414,760,46,119,1,-1,-1,-1
94,57294,1451,527,25,105,1,-1,-1,-1
94,57295,1380,533,34,104,1,-1,-1,-1
94,57296,1405,532,31,104,1,-1,-1,-1
94,57297,1263,500,35,96,1,-1,-1,-1
94,57298,1235,498,38,90,1,-1,-1,-1
94,57299,1219,498,33,87,1,-1,-1,-1
94,57300,1215,646,62,119,1,-1,-1,-1
94,57301,1255,651,34,104,1,-1,-1,-1
94,57302,1167,629,42,100,1,-1,-1,-1
94,57303,1211,627,31,97,1,-1,-1,-1
94,57304,1183,589,38,106,1,-1,-1,-1
94,57305,1222,592,39,100,1,-1,-1,-1
95,57285,738,301,36,72,1,-1,-1,-1
95,57286,799,392,27,74,1,-1,-1,-1
95,57287,503,381,31,80,1,-1,-1,-1
95,57288,660,571,36,97,1,-1,-1,-1
95,57289,309,341,27,72,1,-1,-1,-1
95,57290,387,481,26,89,1,-1,-1,-1
95,57291,547,589,31,95,1,-1,-1,-1
95,57292,581,723,43,108,1,-1,-1,-1
95,57293,417,759,46,119,1,-1,-1,-1
95,57294,1451,527,25,105,1,-1,-1,-1
95,57295,1380,533,34,104,1,-1,-1,-1
95,57296,1405,532,31,104,1,-1,-1,-1
95,57297,1263,500,35,96,1,-1,-1,-1
95,57298,1235,498,40,90,1,-1,-1,-1
95,57299,1218,498,33,87,1,-1,-1,-1
95,57300,1216,646,60,119,1,-1,-1,-1
95,57301,1256,651,34,104,1,-1,-1,-1
95,57302,1167,629,43,101,1,-1,-1,-1
95,57303,1212,626,31,97,1,-1,-1,-1
95,57304,1183,589,38,106,1,-1,-1,-1
95,57305,1222,591,39,100,1,-1,-1,-1
96,57285,740,300,35,72,1,-1,-1,-1
96,57286,799,392,27,74,1,-1,-1,-1
96,57287,503,381,31,80,1,-1,-1,-1
96,57288,661,571,37,97,1,-1,-1,-1
96,57289,309,341,27,72,1,-1,-1,-1
96,57290,387,481,25,89,1,-1,-1,-1
96,57291,547,590,31,95,1,-1,-1,-1
96,57292,582,723,43,108,1,-1,-1,-1
96,57293,419,759,46,119,1,-1,-1,-1
96,57294,1451,527,25,105,1,-1,-1,-1
96,57295,1380,533,34,104,1,-1,-1,-1
96,57296,1405,532,31,104,1,-1,-1,-1
96,57297,1263,500,35,96,1,-1,-1,-1
96,57298,1236,499,40,90,1,-1,-1,-1
96,57299,1217,498,33,86,1,-1,-1,-1
96,57300,1216,647,60,118,1,-1,-1,-1
96,57301,1256,651,33,104,1,-1,-1,-1
96,57302,1168,629,43,101,1,-1,-1,-1
96,57303,1212,626,31,97,1,-1,-1,-1
96,57304,1183,589,38,106,1,-1,-1,-1
96,57305,1223,590,39,101,1,-1,-1,-1
97,57285,741,300,35,72,1,-1,-1,-1
97,57286,799,392,27,74,1,-1,-1,-1
97,57287,503,381,31,80,1,-1,-1,-1
97,57288,662,571,37,97,1,-1,-1,-1
97,57289,309,341,27,72,1,-1,-1,-1
97,57290,386,481,26,89,1,-1,-1,-1
97,57291,548,590,32,95,1,-1,-1,-1
97,57292,584,723,43,108,1,-1,-1,-1
97,57293,420,759,47,119,1,-1,-1,-1
97,57294,1451,527,25,105,1,-1,-1,-1
97,57295,1380,533,34,104,1,-1,-1,-1
97,57296,1405,532,31,104,1,-1,-1,-1
97,57297,1263,501,35,96,1,-1,-1,-1
97,57298,1238,499,40,90,1,-1,-1,-1
97,57299,1217,497,32,87,1,-1,-1,-1
97,57300,1217,648,58,116,1,-1,-1,-1
97,57301,1257,651,33,103,1,-1,-1,-1
97,57302,1168,629,43,101,1,-1,-1,-1
97,57303,1213,626,31,97,1,-1,-1,-1
97,57304,1183,589,38,106,1,-1,-1,-1
97,57305,1222,589,40,102,1,-1,-1,-1
98,57285,742,300,36,72,1,-1,-1,-1
98,57286,800,392,27,74,1,-1,-1,-1
98,57287,503,381,31,80,1,-1,-1,-1
98,57288,663,572,38,97,1,-1,-1,-1
98,57289,309,341,27,72,1,-1,-1,-1
98,57290,386,481,26,89,1,-1,-1,-1
98,57291,548,590,32,95,1,-1,-1,-1
98,57292,585,723,44,108,1,-1,-1,-1
98,57293,420,758,47,119,1,-1,-1,-1
98,57294,1451,527,25,105,1,-1,-1,-1
98,57295,1380,533,34,104,1,-1,-1,-1
98,57296,1406,532,31,104,1,-1,-1,-1
98,57297,1264,501,34,96,1,-1,-1,-1
98,57298,1239,500,41,89,1,-1,-1,-1
98,57299,1216,497,32,86,1,-1,-1,-1
98,57300,1217,649,57,115,1,-1,-1,-1
98,57301,1257,651,32,103,1,-1,-1,-1
98,57302,1169,628,42,102,1,-1,-1,-1
98,57303,1213,626,31,96,1,-1,-1,-1
98,57304,1183,589,38,106,1,-1,-1,-1
98,57305,1222,589,40,102,1,-1,-1,-1
99,57285,744,300,34,72,1,-1,-1,-1
99,57286,800,392,27,74,1,-1,-1,-1
99,57287,503,381,31,80,1,-1,-1,-1
99,57288,665,572,37,97,1,-1,-1,-1
99,57289,309,341,27,72,1,-1,-1,-1
99,57290,386,481,25,89,1,-1,-1,-1
99,57291,549,591,31,95,1,-1,-1,-1
99,57292,587,723,43,108,1,-1,-1,-1
99,57293,420,758,47,119,1,-1,-1,-1
99,57294,1451,527,25,105,1,-1,-1,-1
99,57295,1380,533,34,104,1,-1,-1,-1
99,57296,1406,532,31,104,1,-1,-1,-1
99,57297,1263,501,34,96,1,-1,-1,-1
99,57298,1239,500,42,89,1,-1,-1,-1
99,57299,1215,497,33,86,1,-1,-1,-1
99,57300,1218,650,56,114,1,-1,-1,-1
99,57301,1258,650,32,104,1,-1,-1,-1
99,57302,1170,628,42,101,1,-1,-1,-1
99,57303,1214,626,31,96,1,-1,-1,-1
99,57304,1182,588,38,106,1,-1,-1,-1
99,57305,1222,588,40,102,1,-1,-1,-1
100,57285,745,300,35,72,1,-1,-1,-1
100,57286,800,392,27,74,1,-1,-1,-1
100,57287,503,381,31,80,1,-1,-1,-1
100,57288,666,572,37,97,1,-1,-1,-1
100,57289,309,341,27,72,1,-1,-1,-1
100,57290,386,481,25,89,1,-1,-1,-1
100,57291,549,591,31,95,1,-1,-1,-1
100,57292,588,723,44,108,1,-1,-1,-1
100,57293,421,758,48,119,1,-1,-1,-1
100,57294,1451,527,25,105,1,-1,-1,-1
100,57295,1380,533,34,104,1,-1,-1,-1
100,57296,1407,532,30,104,1,-1,-1,-1
100,57297,1263,501,34,96,1,-1,-1,-1
100,57298,1241,501,42,88,1,-1,-1,-1
100,57299,1215,497,32,86,1,-1,-1,-1
100,57300,1218,651,55,113,1,-1,-1,-1
100,57301,1258,650,32,104,1,-1,-1,-1
100,57302,1170,628,43,101,1,-1,-1,-1
100,57303,1214,626,31,96,1,-1,-1,-1
100,57304,1182,588,38,106,1,-1,-1,-1
100,57305,1223,586,39,104,1,-1,-1,-1
101,57285,748,300,33,73,1,-1,-1,-1
101,57286,800,392,27,74,1,-1,-1,-1
101,57287,503,381,30,80,1,-1,-1,-1
101,57288,667,573,37,97,1,-1,-1,-1
101,57289,309,341,27,72,1,-1,-1,-1
101,57290,387,481,24,89,1,-1,-1,-1
101,57291,556,592,31,95,1,-1,-1,-1
101,57292,588,723,45,108,1,-1,-1,-1
101,57293,422,757,47,119,1,-1,-1,-1
101,57294,1450,527,26,106,1,-1,-1,-1
101,57295,1380,533,34,104,1,-1,-1,-1
101,57296,1407,532,30,104,1,-1,-1,-1
101,57297,1263,501,34,96,1,-1,-1,-1
101,57298,1241,501,43,88,1,-1,-1,-1
101,57299,1214,496,33,86,1,-1,-1,-1
101,57300,1219,652,54,112,1,-1,-1,-1
101,57301,1259,650,30,104,1,-1,-1,-1
101,57302,1171,628,42,101,1,-1,-1,-1
101,57303,1215,626,30,96,1,-1,-1,-1
101,57304,1182,588,38,106,1,-1,-1,-1
101,57305,1223,585,39,104,1,-1,-1,-1
102,57285,749,300,33,73,1,-1,-1,-1
102,57286,800,392,27,73,1,-1,-1,-1
102,57287,502,381,31,80,1,-1,-1,-1
102,57288,668,573,37,97,1,-1,-1,-1
102,57289,309,341,27,72,1,-1,-1,-1
102,57290,387,481,24,89,1,-1,-1,-1
102,57291,557,592,33,96,1,-1,-1,-1
102,57292,589,723,45,108,1,-1,-1,-1
102,57293,422,757,47,119,1,-1,-1,-1
102,57294,1450,527,26,106,1,-1,-1,-1
102,57295,1380,533,34,104,1,-1,-1,-1
102,57296,1407,532,30,104,1,-1,-1,-1
102,57297,1263,501,33,96,1,-1,-1,-1
102,57298,1241,501,43,88,1,-1,-1,-1
102,57299,1214,496,32,86,1,-1,-1,-1
102,57300,1219,652,54,111,1,-1,-1,-1
102,57301,1259,650,30,104,1,-1,-1,-1
102,57302,1172,628,42,101,1,-1,-1,-1
102,57303,1215,626,30,96,1,-1,-1,-1
102,57304,1182,588,38,106,1,-1,-1,-1
102,57305,1223,585,39,104,1,-1,-1,-1
103,57285,750,300,32,73,1,-1,-1,-1
103,57286,800,392,27,73,1,-1,-1,-1
103,57287,502,381,31,80,1,-1,-1,-1
103,57288,669,573,37,97,1,-1,-1,-1
103,57289,309,341,27,72,1,-1,-1,-1
103,57290,387,481,24,89,1,-1,-1,-1
103,57291,559,592,34,96,1,-1,-1,-1
103,57292,590,723,45,108,1,-1,-1,-1
103,57293,423,757,47,119,1,-1,-1,-1
103,57294,1451,527,25,106,1,-1,-1,-1
103,57295,1380,533,35,104,1,-1,-1,-1
103,57296,1407,532,30,104,1,-1,-1,-1
103,57297,1263,501,33,96,1,-1,-1,-1
103,57298,1240,500,43,88,1,-1,-1,-1
103,57299,1213,495,32,86,1,-1,-1,-1
103,57300,1219,652,54,111,1,-1,-1,-1
103,57301,1259,650,30,104,1,-1,-1,-1
103,57302,1172,628,43,101,1,-1,-1,-1
103,57303,1216,626,30,96,1,-1,-1,-1
103,57304,1181,588,38,106,1,-1,-1,-1
103,57305,1223,585,40,104,1,-1,-1,-1
104,57285,751,299,31,74,1,-1,-1,-1
104,57286,800,391,27,73,1,-1,-1,-1
104,57287,502,381,31,80,1,-1,-1,-1
104,57288,670,574,37,97,1,-1,-1,-1
104,57289,309,341,27,72,1,-1,-1,-1
104,57290,387,481,24,89,1,-1,-1,-1
104,57291,560,593,35,96,1,-1,-1,-1
104,57292,591,722,45,108,1,-1,-1,-1
104,57293,424,756,47,119,1,-1,-1,-1
104,57294,1451,527,25,107,1,-1,-1,-1
104,57295,1380,533,35,104,1,-1,-1,-1
104,57296,1407,532,30,105,1,-1,-1,-1
104,57297,1263,501,33,96,1,-1,-1,-1
104,57298,1240,499,43,88,1,-1,-1,-1
104,57299,1212,494,32,86,1,-1,-1,-1
104,57300,1220,652,53,111,1,-1,-1,-1
104,57301,1260,650,29,104,1,-1,-1,-1
104,57302,1173,628,43,101,1,-1,-1,-1
104,57303,1216,626,30,96,1,-1,-1,-1
104,57304,1181,587,37,106,1,-1,-1,-1
104,57305,1224,585,39,104,1,-1,-1,-1
105,57285,751,299,31,73,1,-1,-1,-1
105,57286,801,391,26,73,1,-1,-1,-1
105,57287,502,381,31,80,1,-1,-1,-1
105,57288,671,574,37,97,1,-1,-1,-1
105,57289,309,341,27,72,1,-1,-1,-1
105,57290,388,481,23,89,1,-1,-1,-1
105,57291,561,593,35,96,1,-1,-1,-1
105,57292,591,722,46,108,1,-1,-1,-1
105,57293,424,756,47,119,1,-1,-1,-1
105,57294,1451,527,25,107,1,-1,-1,-1
105,57295,1381,533,35,104,1,-1,-1,-1
105,57296,1407,532,30,105,1,-1,-1,-1
105,57297,1263,500,33,96,1,-1,-1,-1
105,57298,1240,498,43,88,1,-1,-1,-1
105,57299,1211,494,32,86,1,-1,-1,-1
105,57300,1221,652,52,111,1,-1,-1,-1
105,57301,1259,650,30,103,1,-1,-1,-1
105,57302,1175,628,43,101,1,-1,-1,-1
105,57303,1217,625,30,96,1,-1,-1,-1
105,57304,1180,587,38,106,1,-1,-1,-1
105,57305,1224,585,39,104,1,-1,-1,-1
106,57285,752,299,30,73,1,-1,-1,-1
106,57286,801,391,27,72,1,-1,-1,-1
106,57287,502,381,31,80,1,-1,-1,-1
106,57288,672,575,37,97,1,-1,-1,-1
106,57289,309,341,27,72,1,-1,-1,-1
106,57290,388,481,23,89,1,-1,-1,-1
106,57291,562,593,36,97,1,-1,-1,-1
106,57292,593,722,46,108,1,-1,-1,-1
106,57293,425,755,47,119,1,-1,-1,-1
106,57294,1451,527,25,107,1,-1,-1,-1
106,57295,1382,533,35,104,1,-1,-1,-1
106,57296,1407,532,30,105,1,-1,-1,-1
106,57297,1263,500,33,96,1,-1,-1,-1
106,57298,1239,497,43,88,1,-1,-1,-1
106,57299,1210,493,32,86,1,-1,-1,-1
106,57300,1221,652,52,111,1,-1,-1,-1
106,57301,1259,651,30,103,1,-1,-1,-1
106,57302,1176,628,43,101,1,-1,-1,-1
106,57303,1217,625,30,95,1,-1,-1,-1
106,57304,1180,586,37,106,1,-1,-1,-1
106,57305,1225,585,39,104,1,-1,-1,-1
107,57285,753,298,30,74,1,-1,-1,-1
107,57286,801,390,27,73,1,-1,-1,-1
107,57287,502,381,30,80,1,-1,-1,-1
107,57288,673,575,37,98,1,-1,-1,-1
107,57289,309,341,27,72,1,-1,-1,-1
107,57290,388,481,23,89,1,-1,-1,-1
107,57291,562,594,37,97,1,-1,-1,-1
107,57292,594,721,46,108,1,-1,-1,-1
107,57293,425,755,47,119,1,-1,-1,-1
107,57294,1451,527,25,107,1,-1,-1,-1
107,57295,1383,533,35,104,1,-1,-1,-1
107,57296,1407,532,30,106,1,-1,-1,-1
107,57297,1263,500,32,96,1,-1,-1,-1
107,57298,1239,496,42,88,1,-1,-1,-1
107,57299,1209,492,32,86,1,-1,-1,-1
107,57300,1221,652,52,111,1,-1,-1,-1
107,57301,1260,651,29,103,1,-1,-1,-1
107,57302,1177,628,44,101,1,-1,-1,-1
107,57303,1218,625,30,95,1,-1,-1,-1
107,57304,1180,585,37,106,1,-1,-1,-1
107,57305,1225,586,39,104,1,-1,-1,-1
108,57285,753,298,30,74,1,-1,-1,-1
108,57286,801,390,27,73,1,-1,-1,-1
108,57287,502,381,30,80,1,-1,-1,-1
108,57288,675,576,37,97,1,-1,-1,-1
108,57289,310,341,26,72,1,-1,-1,-1
108,57290,388,481,23,89,1,-1,-1,-1
108,57291,564,594,36,97,1,-1,-1,-1
108,57292,595,721,46,108,1,-1,-1,-1
108,57293,426,754,47,119,1,-1,-1,-1
108,57294,1451,527,25,106,1,-1,-1,-1
108,57295,1383,533,35,105,1,-1,-1,-1
108,57296,1407,532,30,106,1,-1,-1,-1
108,57297,1262,499,33,96,1,-1,-1,-1
108,57298,1238,495,42,88,1,-1,-1,-1
108,57299,1208,491,32,86,1,-1,-1,-1
108,57300,1222,652,51,111,1,-1,-1,-1
108,57301,1259,651,30,103,1,-1,-1,-1
108,57302,1179,628,43,101,1,-1,-1,-1
108,57303,1219,625,29,95,1,-1,-1,-1
108,57304,1179,585,37,106,1,-1,-1,-1
108,57305,1225,586,39,104,1,-1,-1,-1
109,57285,754,298,29,74,1,-1,-1,-1
109,57286,801,390,26,73,1,-1,-1,-1
109,57287,502,381,30,80,1,-1,-1,-1
109,57288,675,576,37,98,1,-1,-1,-1
109,57289,310,341,26,72,1,-1,-1,-1
109,57290,388,481,23,89,1,-1,-1,-1
109,57291,565,594,37,98,1,-1,-1,-1
109,57292,596,721,46,108,1,-1,-1,-1
109,57293,426,754,48,119,1,-1,-1,-1
109,57294,1451,527,25,106,1,-1,-1,-1
109,57295,1383,533,36,105,1,-1,-1,-1
109,57296,1407,532,30,106,1,-1,-1,-1
109,57297,1263,499,32,96,1,-1,-1,-1
109,57298,1238,494,42,88,1,-1,-1,-1
109,57299,1207,490,33,86,1,-1,-1,-1
109,57300,1222,652,51,112,1,-1,-1,-1
109,57301,1259,652,30,103,1,-1,-1,-1
109,57302,1180,628,44,101,1,-1,-1,-1
109,57303,1219,625,29,95,1,-1,-1,-1
109,57304,1179,584,36,106,1,-1,-1,-1
109,57305,1226,586,38,104,1,-1,-1,-1
110,57285,755,297,28,75,1,-1,-1,-1
110,57286,801,390,26,73,1,-1,-1,-1
110,57287,502,381,30,80,1,-1,-1,-1
110,57288,676,577,37,98,1,-1,-1,-1
110,57289,310,341,26,72,1,-1,-1,-1
110,57290,388,481,23,89,1,-1,-1,-1
110,57291,566,595,37,98,1,-1,-1,-1
110,57292,598,721,45,108,1,-1,-1,-1
110,57293,427,753,47,119,1,-1,-1,-1
110,57294,1451,526,25,107,1,-1,-1,-1
110,57295,1384,533,35,105,1,-1,-1,-1
110,57296,1407,532,30,106,1,-1,-1,-1
110,57297,1263,499,32,96,1,-1,-1,-1
110,57298,1238,493,41,88,1,-1,-1,-1
110,57299,1207,489,32,86,1,-1,-1,-1
110,57300,1223,653,51,111,1,-1,-1,-1
110,57301,1259,652,30,103,1,-1,-1,-1
110,57302,1181,628,44,101,1,-1,-1,-1
110,57303,1220,625,29,95,1,-1,-1,-1
110,57304,1179,584,35,106,1,-1,-1,-1
110,57305,1227,586,38,104,1,-1,-1,-1
111,57285,755,296,29,76,1,-1,-1,-1
111,57286,801,390,26,73,1,-1,-1,-1
111,57287,502,381,30,80,1,-1,-1,-1
111,57288,677,577,36,98,1,-1,-1,-1
111,57289,310,341,26,72,1,-1,-1,-1
111,57290,388,481,23,89,1,-1,-1,-1
111,57291,567,595,37,98,1,-1,-1,-1
111,57292,599,721,45,108,1,-1,-1,-1
111,57293,427,753,48,119,1,-1,-1,-1
111,57294,1451,526,25,106,1,-1,-1,-1
111,57295,1384,533,36,106,1,-1,-1,-1
111,57296,1407,532,30,106,1,-1,-1,-1
111,57297,1263,498,32,96,1,-1,-1,-1
111,57298,1238,492,40,88,1,-1,-1,-1
111,57299,1206,488,32,86,1,-1,-1,-1
111,57300,1223,653,51,111,1,-1,-1,-1
111,57301,1259,652,30,102,1,-1,-1,-1
111,57302,1182,629,44,101,1,-1,-1,-1
111,57303,1220,625,29,95,1,-1,-1,-1
111,57304,1178,583,36,106,1,-1,-1,-1
111,57305,1227,586,38,104,1,-1,-1,-1
112,57285,755,296,28,76,1,-1,-1,-1
112,57286,802,390,26,73,1,-1,-1,-1
112,57287,502,381,30,80,1,-1,-1,-1
112,57288,677,577,37,98,1,-1,-1,-1
112,57289,310,341,26,72,1,-1,-1,-1
112,57290,388,481,23,89,1,-1,-1,-1
112,57291,569,596,36,98,1,-1,-1,-1
112,57292,600,720,45,108,1,-1,-1,-1
112,57293,428,752,47,119,1,-1,-1,-1
112,57294,1451,526,25,106,1,-1,-1,-1
112,57295,1385,533,35,106,1,-1,-1,-1
112,57296,1408,532,29,106,1,-1,-1,-1
112,57297,1263,498,32,96,1,-1,-1,-1
112,57298,1237,491,40,88,1,-1,-1,-1
112,57299,1205,488,32,86,1,-1,-1,-1
112,57300,1223,653,51,112,1,-1,-1,-1
112,57301,1259,652,30,102,1,-1,-1,-1
112,57302,1183,629,44,101,1,-1,-1,-1
112,57303,1221,625,29,95,1,-1,-1,-1
112,57304,1178,583,35,106,1,-1,-1,-1
112,57305,1227,586,38,104,1,-1,-1,-1
113,57285,756,296,28,76,1,-1,-1,-1
113,57286,802,390,26,73,1,-1,-1,-1
113,57287,501,381,31,80,1,-1,-1,-1
113,57288,678,578,37,98,1,-1,-1,-1
113,57289,310,341,26,72,1,-1,-1,-1
113,57290,388,481,23,89,1,-1,-1,-1
113,57291,570,596,37,98,1,-1,-1,-1
113,57292,602,720,45,108,1,-1,-1,-1
113,57293,428,752,48,119,1,-1,-1,-1
113,57294,1451,526,25,106,1,-1,-1,-1
113,57295,1385,533,36,106,1,-1,-1,-1
113,57296,1408,532,29,106,1,-1,-1,-1
113,57297,1262,498,33,97,1,-1,-1,-1
113,57298,1237,489,39,88,1,-1,-1,-1
113,57299,1204,486,32,86,1,-1,-1,-1
113,57300,1224,653,50,112,1,-1,-1,-1
113,57301,1259,652,31,102,1,-1,-1,-1
113,57302,1185,629,44,101,1,-1,-1,-1
113,57303,1222,625,29,94,1,-1,-1,-1
113,57304,1178,582,34,106,1,-1,-1,-1
113,57305,1227,586,38,104,1,-1,-1,-1
114,57285,756,294,28,78,1,-1,-1,-1
114,57286,802,390,26,73,1,-1,-1,-1
114,57287,500,381,31,80,1,-1,-1,-1
114,57288,678,579,37,98,1,-1,-1,-1
114,57289,310,341,26,72,1,-1,-1,-1
114,57290,388,481,23,89,1,-1,-1,-1
114,57291,571,596,37,99,1,-1,-1,-1
114,57292,602,720,45,108,1,-1,-1,-1
114,57293,429,751,47,119,1,-1,-1,-1
114,57294,1451,526,25,106,1,-1,-1,-1
114,57295,1386,533,35,106,1,-1,-1,-1
114,57296,1408,532,29,106,1,-1,-1,-1
114,57297,1262,498,33,97,1,-1,-1,-1
114,57298,1237,488,38,88,1,-1,-1,-1
114,57299,1203,485,32,86,1,-1,-1,-1
114,57300,1225,653,49,112,1,-1,-1,-1
114,57301,1259,652,31,101,1,-1,-1,-1
114,57302,1186,630,44,101,1,-1,-1,-1
114,57303,1222,625,29,94,1,-1,-1,-1
114,57304,1177,582,34,106,1,-1,-1,-1
114,57305,1228,586,37,104,1,-1,-1,-1
115,57285,756,292,29,80,1,-1,-1,-1
115,57286,802,390,26,73,1,-1,-1,-1
115,57287,499,381,31,80,1,-1,-1,-1
115,57288,679,579,36,98,1,-1,-1,-1
115,57289,310,341,26,72,1,-1,-1,-1
115,57290,388,481,23,89,1,-1,-1,-1
115,57291,573,597,36,99,1,-1,-1,-1
115,57292,603,720,44,108,1,-1,-1,-1
115,57293,428,751,47,119,1,-1,-1,-1
115,57294,1451,526,25,106,1,-1,-1,-1
115,57295,1386,533,36,106,1,-1,-1,-1
115,57296,1408,532,29,106,1,-1,-1,-1
115,57297,1262,498,33,97,1,-1,-1,-1
115,57298,1236,488,37,88,1,-1,-1,-1
115,57299,1201,485,32,86,1,-1,-1,-1
115,57300,1225,653,50,112,1,-1,-1,-1
115,57301,1259,652,31,101,1,-1,-1,-1
115,57302,1185,630,45,101,1,-1,-1,-1
115,57303,1222,625,29,94,1,-1,-1,-1
115,57304,1178,582,33,106,1,-1,-1,-1
115,57305,1228,586,37,104,1,-1,-1,-1
116,57285,756,291,29,81,1,-1,-1,-1
116,57286,802,390,26,73,1,-1,-1,-1
116,57287,498,381,32,80,1,-1,-1,-1
116,57288,680,579,36,98,1,-1,-1,-1
116,57289,310,341,26,72,1,-1,-1,-1
116,57290,388,481,23,89,1,-1,-1,-1
116,57291,574,597,36,99,1,-1,-1,-1
116,57292,603,720,44,108,1,-1,-1,-1
116,57293,427,750,47,119,1,-1,-1,-1
116,57294,1451,526,25,106,1,-1,-1,-1
116,57295,1385,533,36,106,1,-1,-1,-1
116,57296,1408,532,29,106,1,-1,-1,-1
116,57297,1262,498,33,97,1,-1,-1,-1
116,57298,1235,487,36,87,1,-1,-1,-1
116,57299,1199,485,32,86,1,-1,-1,-1
116,57300,1226,653,50,112,1,-1,-1,-1
116,57301,1260,652,31,101,1,-1,-1,-1
116,57302,1185,630,45,100,1,-1,-1,-1
116,57303,1223,625,28,94,1,-1,-1,-1
116,57304,1178,582,33,106,1,-1,-1,-1
116,57305,1228,585,37,104,1,-1,-1,-1
117,57285,756,290,29,82,1,-1,-1,-1
117,57286,802,390,26,73,1,-1,-1,-1
117,57287,498,381,32,80,1,-1,-1,-1
117,57288,680,580,36,98,1,-1,-1,-1
117,57289,310,341,26,72,1,-1,-1,-1
117,57290,389,481,22,89,1,-1,-1,-1
117,57291,576,597,35,99,1,-1,-1,-1
117,57292,603,720,43,108,1,-1,-1,-1
117,57293,427,750,47,119,1,-1,-1,-1
117,57294,1451,526,25,106,1,-1,-1,-1
117,57295,1384,533,36,107,1,-1,-1,-1
117,57296,1408,532,29,106,1,-1,-1,-1
117,57297,1262,497,34,97,1,-1,-1,-1
117,57298,1233,486,37,87,1,-1,-1,-1
117,57299,1197,484,32,86,1,-1,-1,-1
117,57300,1227,653,50,112,1,-1,-1,-1
117,57301,1261,652,31,101,1,-1,-1,-1
117,57302,1185,630,45,100,1,-1,-1,-1
117,57303,1223,625,28,94,1,-1,-1,-1
117,57304,1179,582,33,106,1,-1,-1,-1
117,57305,1228,585,37,104,1,-1,-1,-1
118,57285,756,290,28,82,1,-1,-1,-1
118,57286,802,390,26,73,1,-1,-1,-1
118,57287,498,381,32,80,1,-1,-1,-1
118,57288,681,580,36,99,1,-1,-1,-1
118,57289,310,341,26,72,1,-1,-1,-1
118,57290,389,481,22,89,1,-1,-1,-1
118,57291,578,598,35,99,1,-1,-1,-1
118,57292,603,719,43,108,1,-1,-1,-1
118,57293,426,750,47,119,1,-1,-1,-1
118,57294,1451,526,25,106,1,-1,-1,-1
118,57295,1384,533,36,107,1,-1,-1,-1
118,57296,1408,532,29,106,1,-1,-1,-1
118,57297,1261,497,34,97,1,-1,-1,-1
118,57298,1232,486,36,86,1,-1,-1,-1
118,57299,1196,484,32,86,1,-1,-1,-1
118,57300,1228,653,51,112,1,-1,-1,-1
118,57301,1261,652,31,101,1,-1,-1,-1
118,57302,1185,630,45,100,1,-1,-1,-1
118,57303,1223,626,28,94,1,-1,-1,-1
118,57304,1180,582,33,106,1,-1,-1,-1
118,57305,1228,584,37,104,1,-1,-1,-1
119,57285,756,289,28,83,1,-1,-1,-1
119,57286,802,390,26,73,1,-1,-1,-1
119,57287,498,381,33,80,1,-1,-1,-1
119,57288,681,581,36,99,1,-1,-1,-1
119,57289,310,341,26,72,1,-1,-1,-1
119,57290,389,481,22,89,1,-1,-1,-1
119,57291,579,598,35,99,1,-1,-1,-1
119,57292,602,719,44,108,1,-1,-1,-1
119,57293,425,749,47,119,1,-1,-1,-1
119,57294,1451,526,25,106,1,-1,-1,-1
119,57295,1384,533,36,107,1,-1,-1,-1
119,57296,1408,532,29,106,1,-1,-1,-1
119,57297,1261,497,35,97,1,-1,-1,-1
119,57298,1231,485,35,86,1,-1,-1,-1
119,57299,1194,483,32,86,1,-1,-1,-1
119,57300,1228,653,52,112,1,-1,-1,-1
119,57301,1262,652,31,102,1,-1,-1,-1
119,57302,1184,630,46,100,1,-1,-1,-1
119,57303,1223,626,28,94,1,-1,-1,-1
119,57304,1180,582,33,106,1,-1,-1,-1
119,57305,1228,583,37,105,1,-1,-1,-1
120,57285,756,289,28,83,1,-1,-1,-1
120,57286,802,390,26,73,1,-1,-1,-1
120,57287,498,381,33,80,1,-1,-1,-1
120,57288,682,581,35,99,1,-1,-1,-1
120,57289,310,341,26,72,1,-1,-1,-1
120,57290,389,481,22,89,1,-1,-1,-1
120,57291,581,598,34,99,1,-1,-1,-1
120,57292,602,719,43,108,1,-1,-1,-1
120,57293,424,749,47,119,1,-1,-1,-1
120,57294,1451,526,26,106,1,-1,-1,-1
120,57295,1384,533,35,107,1,-1,-1,-1
120,57296,1408,532,29,106,1,-1,-1,-1
120,57297,1261,497,35,97,1,-1,-1,-1
120,57298,1229,484,35,86,1,-1,-1,-1
120,57299,1192,483,32,86,1,-1,-1,-1
120,57300,1229,653,52,112,1,-1,-1,-1
120,57301,1263,652,31,102,1,-1,-1,-1
120,57302,1184,630,45,100,1,-1,-1,-1
120,57303,1224,626,28,94,1,-1,-1,-1
120,57304,1181,582,33,106,1,-1,-1,-1
120,57305,1228,583,37,104,1,-1,-1,-1
121,57285,756,289,28,83,1,-1,-1,-1
121,57286,802,390,26,73,1,-1,-1,-1
121,57287,498,381,33,80,1,-1,-1,-1
121,57288,682,582,35,99,1,-1,-1,-1
121,57289,310,341,26,72,1,-1,-1,-1
121,57290,389,481,22,89,1,-1,-1,-1
121,57291,582,599,34,99,1,-1,-1,-1
121,57292,603,718,42,108,1,-1,-1,-1
121,57293,424,748,47,119,1,-1,-1,-1
121,57294,1451,526,26,106,1,-1,-1,-1
121,57295,1383,533,36,107,1,-1,-1,-1
121,57296,1408,532,30,106,1,-1,-1,-1
121,57297,1261,497,35,97,1,-1,-1,-1
121,57298,1227,484,35,85,1,-1,-1,-1
121,57299,1190,482,32,86,1,-1,-1,-1
121,57300,1229,653,53,112,1,-1,-1,-1
121,57301,1263,653,31,101,1,-1,-1,-1
121,57302,1183,631,46,99,1,-1,-1,-1
121,57303,1224,627,28,93,1,-1,-1,-1
121,57304,1181,582,33,106,1,-1,-1,-1
121,57305,1229,582,36,104,1,-1,-1,-1
122,57285,756,288,28,84,1,-1,-1,-1
122,57286,802,390,26,73,1,-1,-1,-1
122,57287,498,381,33,80,1,-1,-1,-1
122,57288,683,582,35,99,1,-1,-1,-1
122,57289,310,341,26,72,1,-1,-1,-1
122,57290,389,481,22,89,1,-1,-1,-1
122,57291,584,599,33,99,1,-1,-1,-1
122,57292,603,718,42,108,1,-1,-1,-1
122,57293,423,748,47,119,1,-1,-1,-1
122,57294,1452,526,25,106,1,-1,-1,-1
122,57295,1383,533,35,107,1,-1,-1,-1
122,57296,1408,532,30,106,1,-1,-1,-1
122,57297,1261,497,36,97,1,-1,-1,-1
122,57298,1226,483,35,85,1,-1,-1,-1
122,57299,1188,482,32,86,1,-1,-1,-1
122,57300,1230,653,54,112,1,-1,-1,-1
122,57301,1264,653,31,102,1,-1,-1,-1
122,57302,1183,631,46,100,1,-1,-1,-1
122,57303,1224,627,28,93,1,-1,-1,-1
122,57304,1181,582,34,106,1,-1,-1,-1
122,57305,1229,582,36,104,1,-1,-1,-1
123,57285,756,288,28,84,1,-1,-1,-1
123,57286,802,390,26,73,1,-1,-1,-1
123,57287,499,381,33,80,1,-1,-1,-1
123,57288,683,583,35,99,1,-1,-1,-1
123,57289,309,341,27,72,1,-1,-1,-1
123,57290,389,481,22,89,1,-1,-1,-1
123,57291,585,599,34,99,1,-1,-1,-1
123,57292,603,718,42,108,1,-1,-1,-1
123,57293,422,747,47,119,1,-1,-1,-1
123,57294,1452,526,25,106,1,-1,-1,-1
123,57295,1382,533,36,107,1,-1,-1,-1
123,57296,1408,532,30,107,1,-1,-1,-1
123,57297,1260,497,37,97,1,-1,-1,-1
123,57298,1224,482,36,85,1,-1,-1,-1
123,57299,1186,481,32,86,1,-1,-1,-1
123,57300,1230,653,55,112,1,-1,-1,-1
123,57301,1265,653,30,102,1,-1,-1,-1
123,57302,1182,631,47,100,1,-1,-1,-1
123,57303,1224,627,28,93,1,-1,-1,-1
123,57304,1181,582,34,106,1,-1,-1,-1
123,57305,1229,581,36,104,1,-1,-1,-1
124,57285,757,288,27,84,1,-1,-1,-1
124,57286,802,390,26,73,1,-1,-1,-1
124,57287,499,381,33,80,1,-1,-1,-1
124,57288,684,583,34,99,1,-1,-1,-1
124,57289,309,341,27,72,1,-1,-1,-1
124,57290,389,481,22,89,1,-1,-1,-1
124,57291,587,600,33,99,1,-1,-1,-1
124,57292,603,718,42,108,1,-1,-1,-1
124,57293,421,747,47,119,1,-1,-1,-1
124,57294,1452,526,25,106,1,-1,-1,-1
124,57295,1382,533,35,108,1,-1,-1,-1
124,57296,1408,532,30,107,1,-1,-1,-1
124,57297,1260,497,37,97,1,-1,-1,-1
124,57298,1222,482,36,84,1,-1,-1,-1
124,57299,1185,481,32,86,1,-1,-1,-1
124,57300,1230,653,56,112,1,-1,-1,-1
124,57301,1266,653,30,102,1,-1,-1,-1
124,57302,1182,631,48,100,1,-1,-1,-1
124,57303,1224,627,29,93,1,-1,-1,-1
124,57304,1181,582,34,106,1,-1,-1,-1
124,57305,1229,581,36,104,1,-1,-1,-1
125,57285,757,287,28,85,1,-1,-1,-1
125,57286,803,390,25,73,1,-1,-1,-1
125,57287,499,381,33,80,1,-1,-1,-1
125,57288,685,584,33,99,1,-1,-1,-1
125,57289,309,341,26,72,1,-1,-1,-1
125,57290,389,481,22,89,1,-1,-1,-1
125,57291,590,600,32,99,1,-1,-1,-1
125,57292,603,717,41,108,1,-1,-1,-1
125,57293,420,746,47,119,1,-1,-1,-1
125,57294,1452,526,26,106,1,-1,-1,-1
125,57295,1382,533,34,108,1,-1,-1,-1
125,57296,1408,532,30,107,1,-1,-1,-1
125,57297,1260,497,38,97,1,-1,-1,-1
125,57298,1219,481,36,84,1,-1,-1,-1
125,57299,1181,480,32,86,1,-1,-1,-1
125,57300,1230,653,58,112,1,-1,-1,-1
125,57301,1267,653,30,102,1,-1,-1,-1
125,57302,1182,631,47,100,1,-1,-1,-1
125,57303,1224,628,29,92,1,-1,-1,-1
125,57304,1182,583,35,106,1,-1,-1,-1
125,57305,1229,580,36,104,1,-1,-1,-1
126,57285,758,287,27,85,1,-1,-1,-1
126,57286,803,390,24,72,1,-1,-1,-1
126,57287,499,381,33,80,1,-1,-1,-1
126,57288,685,585,33,99,1,-1,-1,-1
126,57289,309,341,26,72,1,-1,-1,-1
126,57290,389,481,22,89,1,-1,-1,-1
126,57291,591,601,32,98,1,-1,-1,-1
126,57292,603,717,41,108,1,-1,-1,-1
126,57293,419,745,47,119,1,-1,-1,-1
126,57294,1452,526,26,106,1,-1,-1,-1
126,57295,1381,533,35,108,1,-1,-1,-1
126,57296,1408,532,30,107,1,-1,-1,-1
126,57297,1260,497,38,97,1,-1,-1,-1
126,57298,1218,480,36,84,1,-1,-1,-1
126,57299,1180,479,32,86,1,-1,-1,-1
126,57300,1230,653,59,112,1,-1,-1,-1
126,57301,1268,653,29,102,1,-1,-1,-1
126,57302,1181,631,48,100,1,-1,-1,-1
126,57303,1224,628,29,92,1,-1,-1,-1
126,57304,1183,583,34,106,1,-1,-1,-1
126,57305,1229,579,35,104,1,-1,-1,-1
127,57285,757,287,27,85,1,-1,-1,-1
127,57286,803,390,24,72,1,-1,-1,-1
127,57287,499,381,34,80,1,-1,-1,-1
127,57288,685,585,34,99,1,-1,-1,-1
127,57289,309,341,27,72,1,-1,-1,-1
127,57290,389,481,22,89,1,-1,-1,-1
127,57291,591,601,32,98,1,-1,-1,-1
127,57292,602,717,42,108,1,-1,-1,-1
127,57293,419,745,47,119,1,-1,-1,-1
127,57294,1452,526,26,106,1,-1,-1,-1
127,57295,1382,533,34,108,1,-1,-1,-1
127,57296,1408,532,30,107,1,-1,-1,-1
127,57297,1259,497,40,97,1,-1,-1,-1
127,57298,1215,480,37,83,1,-1,-1,-1
127,57299,1179,479,32,86,1,-1,-1,-1
127,57300,1231,653,59,111,1,-1,-1,-1
127,57301,1268,653,29,102,1,-1,-1,-1
127,57302,1180,632,48,100,1,-1,-1,-1
127,57303,1224,628,29,93,1,-1,-1,-1
127,57304,1183,583,34,106,1,-1,-1,-1
127,57305,1229,579,35,104,1,-1,-1,-1
128,57285,757,288,27,84,1,-1,-1,-1
128,57286,803,390,24,72,1,-1,-1,-1
128,57287,499,381,34,80,1,-1,-1,-1
128,57288,685,585,34,99,1,-1,-1,-1
128,57289,309,341,27,72,1,-1,-1,-1
128,57290,389,481,23,89,1,-1,-1,-1
128,57291,592,601,31,99,1,-1,-1,-1
128,57292,600,716,41,108,1,-1,-1,-1
128,57293,419,744,47,119,1,-1,-1,-1
128,57294,1452,526,26,106,1,-1,-1,-1
128,57295,1382,534,34,107,1,-1,-1,-1
128,57296,1408,532,30,106,1,-1,-1,-1
128,57297,1259,497,40,97,1,-1,-1,-1
128,57298,1213,479,36,84,1,-1,-1,-1
128,57299,1177,478,32,86,1,-1,-1,-1
128,57300,1231,653,59,111,1,-1,-1,-1
128,57301,1268,653,28,102,1,-1,-1,-1
128,57302,1179,632,48,100,1,-1,-1,-1
128,57303,1224,628,29,93,1,-1,-1,-1
128,57304,1184,584,34,105,1,-1,-1,-1
128,57305,1229,580,35,103,1,-1,-1,-1
129,57285,757,289,27,83,1,-1,-1,-1
129,57286,803,390,24,72,1,-1,-1,-1
129,57287,500,381,32,79,1,-1,-1,-1
129,57288,685,585,34,100,1,-1,-1,-1
129,57289,309,341,27,72,1,-1,-1,-1
129,57290,390,481,23,89,1,-1,-1,-1
129,57291,594,602,31,99,1,-1,-1,-1
129,57292,599,716,42,108,1,-1,-1,-1
129,57293,419,744,46,119,1,-1,-1,-1
129,57294,1452,526,26,106,1,-1,-1,-1
129,57295,1381,534,35,107,1,-1,-1,-1
129,57296,1408,533,30,105,1,-1,-1,-1
129,57297,1259,497,40,97,1,-1,-1,-1
129,57298,1209,478,37,84,1,-1,-1,-1
129,57299,1175,477,32,86,1,-1,-1,-1
129,57300,1230,653,60,111,1,-1,-1,-1
129,57301,1268,653,28,102,1,-1,-1,-1
129,57302,1178,633,48,99,1,-1,-1,-1
129,57303,1224,629,29,92,1,-1,-1,-1
129,57304,1185,585,34,104,1,-1,-1,-1
129,57305,1229,580,35,103,1,-1,-1,-1
129,57306,686,371,13,10,1,-1,-1,-1
130,57285,758,291,25,80,1,-1,-1,-1
130,57286,803,390,24,72,1,-1,-1,-1
130,57287,499,381,33,79,1,-1,-1,-1
130,57288,684,586,35,100,1,-1,-1,-1
130,57289,309,341,26,72,1,-1,-1,-1
130,57290,390,481,23,89,1,-1,-1,-1
130,57291,594,602,31,99,1,-1,-1,-1
130,57292,598,715,43,108,1,-1,-1,-1
130,57293,419,743,46,118,1,-1,-1,-1
130,57294,1452,526,26,106,1,-1,-1,-1
130,57295,1382,534,34,107,1,-1,-1,-1
130,57296,1408,533,30,105,1,-1,-1,-1
130,57297,1258,497,41,97,1,-1,-1,-1
130,57298,1206,478,37,84,1,-1,-1,-1
130,57299,1172,476,32,86,1,-1,-1,-1
130,57300,1230,653,60,110,1,-1,-1,-1
130,57301,1268,652,28,103,1,-1,-1,-1
130,57302,1178,634,47,98,1,-1,-1,-1
130,57303,1224,629,30,92,1,-1,-1,-1
130,57304,1186,586,34,102,1,-1,-1,-1
130,57305,1229,581,35,101,1,-1,-1,-1
130,57306,686,371,13,10,1,-1,-1,-1
131,57285,757,292,26,79,1,-1,-1,-1
131,57286,803,390,24,72,1,-1,-1,-1
131,57287,500,381,33,78,1,-1,-1,-1
131,57288,684,586,35,100,1,-1,-1,-1
131,57289,309,342,26,72,1,-1,-1,-1
131,57290,390,481,23,89,1,-1,-1,-1
131,57291,595,602,31,99,1,-1,-1,-1
131,57292,598,715,43,107,1,-1,-1,-1
131,57293,418,742,47,118,1,-1,-1,-1
131,57294,1452,526,25,106,1,-1,-1,-1
131,57295,1381,535,35,106,1,-1,-1,-1
131,57296,1408,534,30,104,1,-1,-1,-1
131,57297,1257,497,41,97,1,-1,-1,-1
131,57298,1204,477,36,84,1,-1,-1,-1
131,57299,1170,475,32,86,1,-1,-1,-1
131,57300,1230,653,60,110,1,-1,-1,-1
131,57301,1268,652,27,103,1,-1,-1,-1
131,57302,1176,635,47,98,1,-1,-1,-1
131,57303,1224,629,29,92,1,-1,-1,-1
131,57304,1186,587,35,101,1,-1,-1,-1
131,57305,1230,581,34,101,1,-1,-1,-1
131,57306,686,371,13,10,1,-1,-1,-1
132,57285,757,294,25,77,1,-1,-1,-1
132,57286,803,390,24,72,1,-1,-1,-1
132,57287,500,381,33,78,1,-1,-1,-1
132,57288,683,587,36,100,1,-1,-1,-1
132,57289,309,342,26,72,1,-1,-1,-1
132,57290,390,481,23,89,1,-1,-1,-1
132,57291,595,603,31,99,1,-1,-1,-1
132,57292,598,714,43,107,1,-1,-1,-1
132,57293,418,741,46,118,1,-1,-1,-1
132,57294,1452,526,25,106,1,-1,-1,-1
132,57295,1381,535,35,106,1,-1,-1,-1
132,57296,1408,534,30,105,1,-1,-1,-1
132,57297,1257,497,41,97,1,-1,-1,-1
132,57298,1201,476,36,85,1,-1,-1,-1
132,57299,1168,474,32,86,1,-1,-1,-1
132,57300,1230,653,59,110,1,-1,-1,-1
132,57301,1268,652,27,103,1,-1,-1,-1
132,57302,1175,635,47,98,1,-1,-1,-1
132,57303,1223,629,30,92,1,-1,-1,-1
132,57304,1187,588,35,101,1,-1,-1,-1
132,57305,1230,581,34,101,1,-1,-1,-1
133,57285,758,295,24,76,1,-1,-1,-1
133,57286,802,390,25,72,1,-1,-1,-1
133,57287,500,381,33,78,1,-1,-1,-1
133,57288,682,587,38,100,1,-1,-1,-1
133,57289,309,343,26,71,1,-1,-1,-1
133,57290,390,481,23,89,1,-1,-1,-1
133,57291,596,603,31,99,1,-1,-1,-1
133,57292,598,714,43,107,1,-1,-1,-1
133,57293,418,741,46,118,1,-1,-1,-1
133,57294,1452,526,25,106,1,-1,-1,-1
133,57295,1381,536,36,105,1,-1,-1,-1
133,57296,1408,534,31,105,1,-1,-1,-1
133,57297,1256,497,42,97,1,-1,-1,-1
133,57298,1198,476,35,85,1,-1,-1,-1
133,57299,1166,472,32,86,1,-1,-1,-1
133,57300,1231,653,58,110,1,-1,-1,-1
133,57301,1268,651,27,104,1,-1,-1,-1
133,57302,1174,636,46,97,1,-1,-1,-1
133,57303,1224,629,29,91,1,-1,-1,-1
133,57304,1188,589,35,100,1,-1,-1,-1
133,57305,1231,582,33,99,1,-1,-1,-1
134,57285,757,297,24,74,1,-1,-1,-1
134,57286,802,390,25,72,1,-1,-1,-1
134,57287,500,381,33,78,1,-1,-1,-1
134,57288,681,588,40,100,1,-1,-1,-1
134,57289,309,343,26,71,1,-1,-1,-1
134,57290,390,481,23,89,1,-1,-1,-1
134,57291,597,603,31,100,1,-1,-1,-1
134,57292,597,713,43,107,1,-1,-1,-1
134,57293,418,740,45,118,1,-1,-1,-1
134,57294,1451,526,27,107,1,-1,-1,-1
134,57295,1381,536,36,105,1,-1,-1,-1
134,57296,1408,534,31,105,1,-1,-1,-1
134,57297,1256,497,42,97,1,-1,-1,-1
134,57298,1194,475,36,86,1,-1,-1,-1
134,57299,1164,471,32,86,1,-1,-1,-1
134,57300,1231,653,58,110,1,-1,-1,-1
134,57301,1268,651,27,104,1,-1,-1,-1
134,57302,1174,637,45,97,1,-1,-1,-1
134,57303,1224,629,29,91,1,-1,-1,-1
134,57304,1189,589,35,100,1,-1,-1,-1
134,57305,1231,582,33,99,1,-1,-1,-1
135,57285,757,299,25,72,1,-1,-1,-1
135,57286,802,390,24,72,1,-1,-1,-1
135,57287,500,381,32,78,1,-1,-1,-1
135,57288,681,588,40,100,1,-1,-1,-1
135,57289,310,343,25,71,1,-1,-1,-1
135,57290,390,481,23,89,1,-1,-1,-1
135,57291,598,604,31,100,1,-1,-1,-1
135,57292,597,712,43,107,1,-1,-1,-1
135,57293,418,739,45,117,1,-1,-1,-1
135,57294,1451,526,27,107,1,-1,-1,-1
135,57295,1380,536,37,105,1,-1,-1,-1
135,57296,1408,535,31,104,1,-1,-1,-1
135,57297,1256,497,41,97,1,-1,-1,-1
135,57298,1192,474,35,86,1,-1,-1,-1
135,57299,1162,470,31,85,1,-1,-1,-1
135,57300,1231,653,57,110,1,-1,-1,-1
135,57301,1268,651,26,103,1,-1,-1,-1
135,57302,1173,637,45,97,1,-1,-1,-1
135,57303,1223,629,30,91,1,-1,-1,-1
135,57304,1189,590,35,99,1,-1,-1,-1
135,57305,1231,582,33,99,1,-1,-1,-1
136,57285,757,300,24,71,1,-1,-1,-1
136,57286,801,390,25,72,1,-1,-1,-1
136,57287,501,381,32,78,1,-1,-1,-1
136,57288,681,588,40,100,1,-1,-1,-1
136,57289,310,343,25,70,1,-1,-1,-1
136,57290,390,481,23,89,1,-1,-1,-1
136,57291,599,604,30,100,1,-1,-1,-1
136,57292,597,712,43,107,1,-1,-1,-1
136,57293,418,738,44,117,1,-1,-1,-1
136,57294,1451,526,27,107,1,-1,-1,-1
136,57295,1380,536,38,105,1,-1,-1,-1
136,57296,1408,535,31,104,1,-1,-1,-1
136,57297,1256,497,41,97,1,-1,-1,-1
136,57298,1189,474,35,86,1,-1,-1,-1
136,57299,1160,469,31,85,1,-1,-1,-1
136,57300,1232,653,56,110,1,-1,-1,-1
136,57301,1268,651,26,103,1,-1,-1,-1
136,57302,1172,638,45,96,1,-1,-1,-1
136,57303,1223,630,30,90,1,-1,-1,-1
136,57304,1190,591,35,97,1,-1,-1,-1
136,57305,1231,583,33,98,1,-1,-1,-1
137,57285,758,302,23,69,1,-1,-1,-1
137,57286,801,390,25,72,1,-1,-1,-1
137,57287,501,381,32,78,1,-1,-1,-1
137,57288,681,589,40,100,1,-1,-1,-1
137,57289,310,343,25,70,1,-1,-1,-1
137,57290,390,481,23,89,1,-1,-1,-1
137,57291,599,605,31,100,1,-1,-1,-1
137,57292,596,711,44,107,1,-1,-1,-1
137,57293,418,738,44,117,1,-1,-1,-1
137,57294,1451,526,27,108,1,-1,-1,-1
137,57295,1380,537,38,105,1,-1,-1,-1
137,57296,1408,535,31,104,1,-1,-1,-1
137,57297,1256,497,41,97,1,-1,-1,-1
137,57298,1186,473,34,87,1,-1,-1,-1
137,57299,1158,468,31,85,1,-1,-1,-1
137,57300,1232,653,55,110,1,-1,-1,-1
137,57301,1268,650,26,103,1,-1,-1,-1
137,57302,1171,639,44,96,1,-1,-1,-1
137,57303,1223,630,30,90,1,-1,-1,-1
137,57304,1191,592,35,96,1,-1,-1,-1
137,57305,1231,583,33,98,1,-1,-1,-1
138,57285,757,304,24,66,1,-1,-1,-1
138,57286,801,390,25,72,1,-1,-1,-1
138,57287,501,381,32,78,1,-1,-1,-1
138,57288,681,589,41,101,1,-1,-1,-1
138,57289,309,343,25,70,1,-1,-1,-1
138,57290,390,481,23,89,1,-1,-1,-1
138,57291,600,605,31,100,1,-1,-1,-1
138,57292,596,711,44,106,1,-1,-1,-1
138,57293,418,737,43,117,1,-1,-1,-1
138,57294,1451,526,27,108,1,-1,-1,-1
138,57295,1379,537,40,105,1,-1,-1,-1
138,57296,1408,536,31,104,1,-1,-1,-1
138,57297,1255,497,42,97,1,-1,-1,-1
138,57298,1183,473,33,86,1,-1,-1,-1
138,57299,1155,466,31,85,1,-1,-1,-1
138,57300,1233,653,53,110,1,-1,-1,-1
138,57301,1268,650,26,103,1,-1,-1,-1
138,57302,1170,639,43,96,1,-1,-1,-1
138,57303,1223,630,30,90,1,-1,-1,-1
138,57304,1192,593,35,95,1,-1,-1,-1
138,57305,1231,584,33,96,1,-1,-1,-1
139,57285,757,305,24,65,1,-1,-1,-1
139,57286,802,390,25,72,1,-1,-1,-1
139,57287,501,380,32,78,1,-1,-1,-1
139,57288,681,590,41,100,1,-1,-1,-1
139,57289,310,343,24,70,1,-1,-1,-1
139,57290,390,481,23,89,1,-1,-1,-1
139,57291,600,606,31,100,1,-1,-1,-1
139,57292,595,710,44,106,1,-1,-1,-1
139,57293,418,736,43,117,1,-1,-1,-1
139,57294,1452,526,26,108,1,-1,-1,-1
139,57295,1379,537,40,105,1,-1,-1,-1
139,57296,1408,536,31,104,1,-1,-1,-1
139,57297,1255,497,42,97,1,-1,-1,-1
139,57298,1181,472,32,87,1,-1,-1,-1
139,57299,1153,465,31,85,1,-1,-1,-1
139,57300,1234,653,52,109,1,-1,-1,-1
139,57301,1268,650,26,103,1,-1,-1,-1
139,57302,1170,640,41,95,1,-1,-1,-1
139,57303,1222,630,31,89,1,-1,-1,-1
139,57304,1193,594,35,94,1,-1,-1,-1
139,57305,1231,584,33,96,1,-1,-1,-1
140,57285,756,306,24,64,1,-1,-1,-1
140,57286,803,390,25,72,1,-1,-1,-1
140,57287,501,380,32,78,1,-1,-1,-1
140,57288,681,590,40,100,1,-1,-1,-1
140,57289,310,343,24,70,1,-1,-1,-1
140,57290,390,481,23,89,1,-1,-1,-1
140,57291,600,606,31,100,1,-1,-1,-1
140,57292,595,710,44,106,1,-1,-1,-1
140,57293,417,736,43,116,1,-1,-1,-1
140,57294,1451,526,26,108,1,-1,-1,-1
140,57295,1379,539,41,103,1,-1,-1,-1
140,57296,1408,537,31,103,1,-1,-1,-1
140,57297,1255,497,41,97,1,-1,-1,-1
140,57298,1179,471,31,87,1,-1,-1,-1
140,57299,1151,465,31,85,1,-1,-1,-1
140,57300,1234,653,51,109,1,-1,-1,-1
140,57301,1268,651,26,102,1,-1,-1,-1
140,57302,1168,641,42,93,1,-1,-1,-1
140,57303,1221,630,31,89,1,-1,-1,-1
140,57304,1193,594,36,94,1,-1,-1,-1
140,57305,1231,585,33,95,1,-1,-1,-1
141,57285,756,307,24,63,1,-1,-1,-1
141,57286,803,391,25,72,1,-1,-1,-1
141,57287,501,380,31,78,1,-1,-1,-1
141,57288,682,590,40,100,1,-1,-1,-1
141,57289,311,343,24,70,1,-1,-1,-1
141,57290,390,481,24,89,1,-1,-1,-1
141,57291,600,606,31,101,1,-1,-1,-1
141,57292,594,709,44,106,1,-1,-1,-1
141,57293,417,736,42,115,1,-1,-1,-1
141,57294,1451,526,27,108,1,-1,-1,-1
141,57295,1379,540,42,103,1,-1,-1,-1
141,57296,1408,537,31,103,1,-1,-1,-1
141,57297,1254,497,42,97,1,-1,-1,-1
141,57298,1176,471,32,87,1,-1,-1,-1
141,57299,1149,465,31,85,1,-1,-1,-1
141,57300,1235,653,50,109,1,-1,-1,-1
141,57301,1268,652,26,101,1,-1,-1,-1
141,57302,1167,641,41,93,1,-1,-1,-1
141,57303,1220,629,32,90,1,-1,-1,-1
141,57304,1194,595,36,93,1,-1,-1,-1
141,57305,1231,586,33,94,1,-1,-1,-1
142,57285,755,307,25,63,1,-1,-1,-1
142,57286,803,391,26,72,1,-1,-1,-1
142,57287,501,380,31,78,1,-1,-1,-1
142,57288,682,590,40,100,1,-1,-1,-1
142,57289,311,343,24,70,1,-1,-1,-1
142,57290,390,481,24,89,1,-1,-1,-1
142,57291,599,607,32,101,1,-1,-1,-1
142,57292,593,709,44,106,1,-1,-1,-1
142,57293,416,735,42,116,1,-1,-1,-1
142,57294,1451,527,27,107,1,-1,-1,-1
142,57295,1379,541,43,102,1,-1,-1,-1
142,57296,1408,537,31,103,1,-1,-1,-1
142,57297,1254,497,41,97,1,-1,-1,-1
142,57298,1174,470,32,88,1,-1,-1,-1
142,57299,1148,465,30,84,1,-1,-1,-1
142,57300,1236,653,50,110,1,-1,-1,-1
142,57301,1268,653,26,100,1,-1,-1,-1
142,57302,1166,642,40,91,1,-1,-1,-1
142,57303,1219,629,32,90,1,-1,-1,-1
142,57304,1195,596,35,92,1,-1,-1,-1
142,57305,1231,586,33,94,1,-1,-1,-1
143,57285,754,308,25,62,1,-1,-1,-1
143,57286,804,392,25,72,1,-1,-1,-1
143,57287,501,380,31,78,1,-1,-1,-1
143,57288,682,591,39,99,1,-1,-1,-1
143,57289,311,344,24,69,1,-1,-1,-1
143,57290,390,481,24,89,1,-1,-1,-1
143,57291,598,607,32,101,1,-1,-1,-1
143,57292,592,708,45,106,1,-1,-1,-1
143,57293,415,735,42,116,1,-1,-1,-1
143,57294,1451,527,27,107,1,-1,-1,-1
143,57295,1379,543,44,102,1,-1,-1,-1
143,57296,1408,537,31,103,1,-1,-1,-1
143,57297,1253,497,42,97,1,-1,-1,-1
143,57298,1172,469,31,88,1,-1,-1,-1
143,57299,1146,465,30,84,1,-1,-1,-1
143,57300,1237,653,49,110,1,-1,-1,-1
143,57301,1268,654,26,99,1,-1,-1,-1
143,57302,1164,643,40,89,1,-1,-1,-1
143,57303,1218,629,32,90,1,-1,-1,-1
143,57304,1195,597,36,91,1,-1,-1,-1
143,57305,1231,587,33,93,1,-1,-1,-1
144,57285,753,309,25,61,1,-1,-1,-1
144,57286,804,392,26,72,1,-1,-1,-1
144,57287,501,380,31,78,1,-1,-1,-1
144,57288,682,591,40,99,1,-1,-1,-1
144,57289,312,344,23,69,1,-1,-1,-1
144,57290,390,481,24,89,1,-1,-1,-1
144,57291,598,607,32,101,1,-1,-1,-1
144,57292,591,708,44,106,1,-1,-1,-1
144,57293,414,735,42,116,1,-1,-1,-1
144,57294,1451,527,27,108,1,-1,-1,-1
144,57295,1379,544,44,101,1,-1,-1,-1
144,57296,1408,538,31,102,1,-1,-1,-1
144,57297,1252,497,42,97,1,-1,-1,-1
144,57298,1169,469,32,88,1,-1,-1,-1
144,57299,1144,464,31,84,1,-1,-1,-1
144,57300,1237,654,50,109,1,-1,-1,-1
144,57301,1269,654,24,99,1,-1,-1,-1
144,57302,1162,643,41,88,1,-1,-1,-1
144,57303,1217,628,33,91,1,-1,-1,-1
144,57304,1196,598,36,90,1,-1,-1,-1
144,57305,1231,587,33,93,1,-1,-1,-1
145,57285,752,309,26,61,1,-1,-1,-1
145,57286,804,393,27,72,1,-1,-1,-1
145,57287,500,380,32,78,1,-1,-1,-1
145,57288,683,592,39,99,1,-1,-1,-1
145,57289,312,344,24,69,1,-1,-1,-1
145,57290,390,481,24,89,1,-1,-1,-1
145,57291,597,608,32,101,1,-1,-1,-1
145,57292,590,707,44,106,1,-1,-1,-1
145,57293,413,735,42,115,1,-1,-1,-1
145,57294,1451,528,27,107,1,-1,-1,-1
145,57295,1378,545,45,101,1,-1,-1,-1
145,57296,1408,538,31,102,1,-1,-1,-1
145,57297,1252,497,42,97,1,-1,-1,-1
145,57298,1167,468,31,88,1,-1,-1,-1
145,57299,1143,464,30,84,1,-1,-1,-1
145,57300,1238,654,50,109,1,-1,-1,-1
145,57301,1269,655,24,98,1,-1,-1,-1
145,57302,1160,644,42,87,1,-1,-1,-1
145,57303,1215,628,34,91,1,-1,-1,-1
145,57304,1197,598,36,90,1,-1,-1,-1
145,57305,1231,588,33,92,1,-1,-1,-1
146,57285,751,310,26,60,1,-1,-1,-1
146,57286,804,393,27,72,1,-1,-1,-1
146,57287,500,380,32,78,1,-1,-1,-1
146,57288,682,592,39,98,1,-1,-1,-1
146,57289,312,344,24,70,1,-1,-1,-1
146,57290,390,481,24,89,1,-1,-1,-1
146,57291,597,608,33,102,1,-1,-1,-1
146,57292,589,707,44,106,1,-1,-1,-1
146,57293,412,735,42,115,1,-1,-1,-1
146,57294,1450,528,28,107,1,-1,-1,-1
146,57295,1378,547,46,100,1,-1,-1,-1
146,57296,1408,538,31,102,1,-1,-1,-1
146,57297,1251,497,42,97,1,-1,-1,-1
146,57298,1165,467,32,89,1,-1,-1,-1
146,57299,1141,464,31,83,1,-1,-1,-1
146,57300,1238,654,50,109,1,-1,-1,-1
146,57301,1269,656,24,97,1,-1,-1,-1
146,57302,1158,645,42,85,1,-1,-1,-1
146,57303,1214,627,35,92,1,-1,-1,-1
146,57304,1198,599,36,89,1,-1,-1,-1
146,57305,1231,588,33,91,1,-1,-1,-1
147,57285,750,310,27,60,1,-1,-1,-1
147,57286,805,394,27,71,1,-1,-1,-1
147,57287,500,380,32,78,1,-1,-1,-1
147,57288,683,592,38,98,1,-1,-1,-1
147,57289,312,344,24,70,1,-1,-1,-1
147,57290,390,481,24,89,1,-1,-1,-1
147,57291,596,609,33,102,1,-1,-1,-1
147,57292,589,706,43,106,1,-1,-1,-1
147,57293,412,734,41,115,1,-1,-1,-1
147,57294,1450,528,28,107,1,-1,-1,-1
147,57295,1378,548,46,100,1,-1,-1,-1
147,57296,1409,539,31,101,1,-1,-1,-1
147,57297,1251,497,42,97,1,-1,-1,-1
147,57298,1163,467,32,89,1,-1,-1,-1
147,57299,1139,464,31,83,1,-1,-1,-1
147,57300,1238,654,50,109,1,-1,-1,-1
147,57301,1269,657,25,96,1,-1,-1,-1
147,57302,1157,645,42,84,1,-1,-1,-1
147,57303,1212,627,36,92,1,-1,-1,-1
147,57304,1199,600,35,88,1,-1,-1,-1
147,57305,1231,589,33,90,1,-1,-1,-1
148,57285,749,311,27,59,1,-1,-1,-1
148,57286,806,394,27,71,1,-1,-1,-1
148,57287,499,380,32,78,1,-1,-1,-1
148,57288,683,593,38,98,1,-1,-1,-1
148,57289,312,344,25,70,1,-1,-1,-1
148,57290,390,481,24,89,1,-1,-1,-1
148,57291,595,609,33,102,1,-1,-1,-1
148,57292,588,706,43,105,1,-1,-1,-1
148,57293,411,734,41,115,1,-1,-1,-1
148,57294,1450,528,28,107,1,-1,-1,-1
148,57295,1378,549,47,99,1,-1,-1,-1
148,57296,1410,539,31,102,1,-1,-1,-1
148,57297,1250,497,43,97,1,-1,-1,-1
148,57298,1160,466,33,89,1,-1,-1,-1
148,57299,1138,464,30,83,1,-1,-1,-1
148,57300,1238,654,51,109,1,-1,-1,-1
148,57301,1270,658,24,95,1,-1,-1,-1
148,57302,1156,645,43,83,1,-1,-1,-1
148,57303,1211,627,37,92,1,-1,-1,-1
148,57304,1199,601,36,87,1,-1,-1,-1
148,57305,1231,589,33,90,1,-1,-1,-1
149,57285,748,312,28,58,1,-1,-1,-1
149,57286,806,395,27,70,1,-1,-1,-1
149,57287,499,380,33,78,1,-1,-1,-1
149,57288,683,593,38,98,1,-1,-1,-1
149,57289,313,344,24,70,1,-1,-1,-1
149,57290,390,481,24,89,1,-1,-1,-1
149,57291,595,609,33,102,1,-1,-1,-1
149,57292,587,705,43,105,1,-1,-1,-1
149,57293,411,734,41,115,1,-1,-1,-1
149,57294,1449,529,29,107,1,-1,-1,-1
149,57295,1378,551,48,98,1,-1,-1,-1
149,57296,1411,540,31,101,1,-1,-1,-1
149,57297,1249,497,43,97,1,-1,-1,-1
149,57298,1157,465,34,90,1,-1,-1,-1
149,57299,1136,464,30,82,1,-1,-1,-1
149,57300,1239,654,51,108,1,-1,-1,-1
149,57301,1270,659,24,94,1,-1,-1,-1
149,57302,1155,644,44,83,1,-1,-1,-1
149,57303,1210,626,37,92,1,-1,-1,-1
149,57304,1200,602,36,86,1,-1,-1,-1
149,57305,1231,590,33,89,1,-1,-1,-1
150,57285,747,312,28,58,1,-1,-1,-1
150,57286,806,395,29,71,1,-1,-1,-1
150,57287,499,380,33,78,1,-1,-1,-1
150,57288,684,594,37,97,1,-1,-1,-1
150,57289,314,345,24,69,1,-1,-1,-1
150,57290,390,481,24,89,1,-1,-1,-1
150,57291,594,610,34,102,1,-1,-1,-1
150,57292,586,705,42,105,1,-1,-1,-1
150,57293,409,734,41,114,1,-1,-1,-1
150,57294,1449,529,29,107,1,-1,-1,-1
150,57295,1379,553,48,97,1,-1,-1,-1
150,57296,1412,540,32,102,1,-1,-1,-1
150,57297,1249,497,43,97,1,-1,-1,-1
150,57298,1153,464,34,90,1,-1,-1,-1
150,57299,1133,464,30,82,1,-1,-1,-1
150,57300,1239,654,52,109,1,-1,-1,-1
150,57301,1270,660,24,93,1,-1,-1,-1
150,57302,1154,643,45,83,1,-1,-1,-1
150,57303,1208,626,39,92,1,-1,-1,-1
150,57304,1201,603,36,85,1,-1,-1,-1
150,57305,1231,590,32,89,1,-1,-1,-1
151,57285,746,313,29,57,1,-1,-1,-1
151,57286,806,396,29,70,1,-1,-1,-1
151,57287,498,380,33,78,1,-1,-1,-1
151,57288,684,594,37,97,1,-1,-1,-1
151,57289,314,345,24,69,1,-1,-1,-1
151,57290,390,481,24,89,1,-1,-1,-1
151,57291,594,610,34,102,1,-1,-1,-1
151,57292,585,704,42,105,1,-1,-1,-1
151,57293,408,734,41,114,1,-1,-1,-1
151,57294,1449,529,30,107,1,-1,-1,-1
151,57295,1378,554,50,97,1,-1,-1,-1
151,57296,1413,541,32,101,1,-1,-1,-1
151,57297,1248,497,43,97,1,-1,-1,-1
151,57298,1151,463,35,90,1,-1,-1,-1
151,57299,1132,464,31,81,1,-1,-1,-1
151,57300,1239,654,53,109,1,-1,-1,-1
151,57301,1270,661,24,92,1,-1,-1,-1
151,57302,1154,643,45,82,1,-1,-1,-1
151,57303,1207,625,40,93,1,-1,-1,-1
151,57304,1202,604,36,85,1,-1,-1,-1
151,57305,1231,591,32,87,1,-1,-1,-1
152,57285,743,313,30,58,1,-1,-1,-1
152,57286,807,396,29,71,1,-1,-1,-1
152,57287,498,380,33,78,1,-1,-1,-1
152,57288,684,594,36,97,1,-1,-1,-1
152,57289,314,345,25,69,1,-1,-1,-1
152,57290,390,481,24,89,1,-1,-1,-1
152,57291,591,610,35,102,1,-1,-1,-1
152,57292,584,704,42,105,1,-1,-1,-1
152,57293,407,734,41,114,1,-1,-1,-1
152,57294,1448,529,30,107,1,-1,-1,-1
152,57295,1377,553,50,98,1,-1,-1,-1
152,57296,1414,541,31,101,1,-1,-1,-1
152,57297,1248,497,43,97,1,-1,-1,-1
152,57298,1148,464,35,89,1,-1,-1,-1
152,57299,1128,464,32,81,1,-1,-1,-1
152,57300,1242,655,54,108,1,-1,-1,-1
152,57301,1271,661,24,91,1,-1,-1,-1
152,57302,1157,643,46,83,1,-1,-1,-1
152,57303,1210,624,40,92,1,-1,-1,-1
152,57304,1201,603,37,85,1,-1,-1,-1
152,57305,1230,592,32,88,1,-1,-1,-1
153,57285,741,314,31,58,1,-1,-1,-1
153,57286,807,396,30,71,1,-1,-1,-1
153,57287,498,380,33,78,1,-1,-1,-1
153,57288,683,595,37,97,1,-1,-1,-1
153,57289,314,346,25,68,1,-1,-1,-1
153,57290,390,481,25,89,1,-1,-1,-1
153,57291,589,611,35,102,1,-1,-1,-1
153,57292,583,703,42,105,1,-1,-1,-1
153,57293,405,733,41,114,1,-1,-1,-1
153,57294,1448,529,30,107,1,-1,-1,-1
153,57295,1375,553,52,98,1,-1,-1,-1
153,57296,1413,541,32,100,1,-1,-1,-1
153,57297,1247,497,44,97,1,-1,-1,-1
153,57298,1146,464,35,89,1,-1,-1,-1
153,57299,1125,464,31,81,1,-1,-1,-1
153,57300,1246,655,54,109,1,-1,-1,-1
153,57301,1272,661,25,91,1,-1,-1,-1
153,57302,1162,643,47,84,1,-1,-1,-1
153,57303,1213,623,41,91,1,-1,-1,-1
153,57304,1200,602,37,85,1,-1,-1,-1
153,57305,1230,594,32,88,1,-1,-1,-1
154,57285,738,314,32,58,1,-1,-1,-1
154,57286,808,397,31,71,1,-1,-1,-1
154,57287,498,380,33,78,1,-1,-1,-1
154,57288,683,595,36,98,1,-1,-1,-1
154,57289,314,347,25,68,1,-1,-1,-1
154,57290,391,481,24,89,1,-1,-1,-1
154,57291,586,611,35,102,1,-1,-1,-1
154,57292,582,703,42,105,1,-1,-1,-1
154,57293,402,732,41,114,1,-1,-1,-1
154,57294,1448,530,30,106,1,-1,-1,-1
154,57295,1373,552,53,98,1,-1,-1,-1
154,57296,1413,541,32,100,1,-1,-1,-1
154,57297,1247,497,43,97,1,-1,-1,-1
154,57298,1142,464,35,87,1,-1,-1,-1
154,57299,1122,464,31,81,1,-1,-1,-1
154,57300,1250,655,55,109,1,-1,-1,-1
154,57301,1273,661,25,91,1,-1,-1,-1
154,57302,1168,643,47,84,1,-1,-1,-1
154,57303,1217,621,41,90,1,-1,-1,-1
154,57304,1198,600,39,87,1,-1,-1,-1
154,57305,1228,596,34,88,1,-1,-1,-1
155,57285,735,314,33,60,1,-1,-1,-1
155,57286,810,397,32,71,1,-1,-1,-1
155,57287,497,381,34,78,1,-1,-1,-1
155,57288,682,596,37,98,1,-1,-1,-1
155,57289,314,348,25,68,1,-1,-1,-1
155,57290,391,481,24,89,1,-1,-1,-1
155,57291,585,612,35,102,1,-1,-1,-1
155,57292,581,703,42,105,1,-1,-1,-1
155,57293,401,732,42,114,1,-1,-1,-1
155,57294,1447,530,31,106,1,-1,-1,-1
155,57295,1371,551,54,99,1,-1,-1,-1
155,57296,1413,542,33,99,1,-1,-1,-1
155,57297,1246,497,43,97,1,-1,-1,-1
155,57298,1139,464,35,86,1,-1,-1,-1
155,57299,1118,464,32,80,1,-1,-1,-1
155,57300,1255,656,55,109,1,-1,-1,-1
155,57301,1274,660,26,92,1,-1,-1,-1
155,57302,1174,643,47,85,1,-1,-1,-1
155,57303,1221,620,41,88,1,-1,-1,-1
155,57304,1198,599,39,86,1,-1,-1,-1
155,57305,1227,598,34,88,1,-1,-1,-1
156,57285,732,315,35,59,1,-1,-1,-1
156,57286,812,398,31,70,1,-1,-1,-1
156,57287,497,381,34,78,1,-1,-1,-1
156,57288,682,596,36,99,1,-1,-1,-1
156,57289,314,349,25,67,1,-1,-1,-1
156,57290,391,481,24,89,1,-1,-1,-1
156,57291,583,612,35,102,1,-1,-1,-1
156,57292,580,703,42,105,1,-1,-1,-1
156,57293,400,731,42,114,1,-1,-1,-1
156,57294,1447,530,31,105,1,-1,-1,-1
156,57295,1369,550,55,99,1,-1,-1,-1
156,57296,1413,542,32,99,1,-1,-1,-1
156,57297,1246,497,43,97,1,-1,-1,-1
156,57298,1136,465,35,84,1,-1,-1,-1
156,57299,1115,464,32,80,1,-1,-1,-1
156,57300,1260,656,55,109,1,-1,-1,-1
156,57301,1275,660,26,91,1,-1,-1,-1
156,57302,1179,642,48,86,1,-1,-1,-1
156,57303,1225,618,41,87,1,-1,-1,-1
156,57304,1196,597,41,88,1,-1,-1,-1
156,57305,1227,601,34,87,1,-1,-1,-1
157,57285,729,315,36,60,1,-1,-1,-1
157,57286,814,398,32,70,1,-1,-1,-1
157,57287,497,382,34,77,1,-1,-1,-1
157,57288,682,596,36,99,1,-1,-1,-1
157,57289,315,350,24,67,1,-1,-1,-1
157,57290,390,481,25,89,1,-1,-1,-1
157,57291,580,613,36,101,1,-1,-1,-1
157,57292,579,702,42,105,1,-1,-1,-1
157,57293,400,731,42,114,1,-1,-1,-1
157,57294,1447,530,31,105,1,-1,-1,-1
157,57295,1367,550,56,99,1,-1,-1,-1
157,57296,1413,542,32,98,1,-1,-1,-1
157,57297,1245,497,43,96,1,-1,-1,-1
157,57298,1132,465,36,83,1,-1,-1,-1
157,57299,1111,464,33,79,1,-1,-1,-1
157,57300,1265,656,55,109,1,-1,-1,-1
157,57301,1275,660,27,91,1,-1,-1,-1
157,57302,1185,642,49,87,1,-1,-1,-1
157,57303,1229,617,42,86,1,-1,-1,-1
157,57304,1194,595,42,89,1,-1,-1,-1
157,57305,1225,603,36,88,1,-1,-1,-1
158,57285,725,315,38,61,1,-1,-1,-1
158,57286,816,398,32,70,1,-1,-1,-1
158,57287,497,382,33,78,1,-1,-1,-1
158,57288,682,596,37,100,1,-1,-1,-1
158,57289,315,350,24,67,1,-1,-1,-1
158,57290,390,481,25,89,1,-1,-1,-1
158,57291,579,613,35,101,1,-1,-1,-1
158,57292,578,702,42,105,1,-1,-1,-1
158,57293,399,731,42,115,1,-1,-1,-1
158,57294,1447,530,31,105,1,-1,-1,-1
158,57295,1364,549,58,100,1,-1,-1,-1
158,57296,1413,542,33,98,1,-1,-1,-1
158,57297,1245,497,43,96,1,-1,-1,-1
158,57298,1129,465,36,82,1,-1,-1,-1
158,57299,1108,464,33,79,1,-1,-1,-1
158,57300,1270,657,54,109,1,-1,-1,-1
158,57301,1277,660,28,90,1,-1,-1,-1
158,57302,1191,642,48,87,1,-1,-1,-1
158,57303,1233,615,42,85,1,-1,-1,-1
158,57304,1193,594,43,89,1,-1,-1,-1
158,57305,1224,605,37,88,1,-1,-1,-1
159,57285,722,315,39,62,1,-1,-1,-1
159,57286,818,399,33,70,1,-1,-1,-1
159,57287,497,383,34,77,1,-1,-1,-1
159,57288,682,597,37,100,1,-1,-1,-1
159,57289,315,351,24,67,1,-1,-1,-1
159,57290,390,481,25,89,1,-1,-1,-1
159,57291,577,614,36,101,1,-1,-1,-1
159,57292,577,702,43,105,1,-1,-1,-1
159,57293,399,731,42,115,1,-1,-1,-1
159,57294,1446,530,32,105,1,-1,-1,-1
159,57295,1362,548,59,100,1,-1,-1,-1
159,57296,1413,542,34,97,1,-1,-1,-1
159,57297,1244,497,43,96,1,-1,-1,-1
159,57298,1126,465,36,81,1,-1,-1,-1
159,57299,1104,464,34,78,1,-1,-1,-1
159,57300,1274,658,55,108,1,-1,-1,-1
159,57301,1277,660,29,90,1,-1,-1,-1
159,57302,1197,641,49,89,1,-1,-1,-1
159,57303,1237,614,43,84,1,-1,-1,-1
159,57304,1191,592,45,90,1,-1,-1,-1
159,57305,1224,607,36,88,1,-1,-1,-1
160,57285,719,316,41,62,1,-1,-1,-1
160,57286,820,399,33,70,1,-1,-1,-1
160,57287,497,383,34,77,1,-1,-1,-1
160,57288,682,597,37,101,1,-1,-1,-1
160,57289,315,352,25,66,1,-1,-1,-1
160,57290,390,481,25,89,1,-1,-1,-1
160,57291,574,614,37,101,1,-1,-1,-1
160,57292,576,702,42,105,1,-1,-1,-1
160,57293,398,730,43,115,1,-1,-1,-1
160,57294,1446,530,32,105,1,-1,-1,-1
160,57295,1360,547,60,100,1,-1,-1,-1
160,57296,1412,542,34,97,1,-1,-1,-1
160,57297,1243,497,43,95,1,-1,-1,-1
160,57298,1122,465,37,79,1,-1,-1,-1
160,57299,1101,464,33,78,1,-1,-1,-1
160,57300,1280,658,54,109,1,-1,-1,-1
160,57301,1278,659,30,91,1,-1,-1,-1
160,57302,1203,641,49,90,1,-1,-1,-1
160,57303,1242,612,42,82,1,-1,-1,-1
160,57304,1189,591,46,90,1,-1,-1,-1
160,57305,1222,609,38,88,1,-1,-1,-1
161,57285,717,316,42,63,1,-1,-1,-1
161,57286,823,400,33,69,1,-1,-1,-1
161,57287,496,384,34,76,1,-1,-1,-1
161,57288,682,598,36,101,1,-1,-1,-1
161,57289,316,353,24,66,1,-1,-1,-1
161,57290,390,481,25,89,1,-1,-1,-1
161,57291,572,615,37,101,1,-1,-1,-1
161,57292,575,701,42,105,1,-1,-1,-1
161,57293,398,730,43,115,1,-1,-1,-1
161,57294,1446,531,32,104,1,-1,-1,-1
161,57295,1359,547,61,100,1,-1,-1,-1
161,57296,1412,542,35,97,1,-1,-1,-1
161,57297,1243,497,42,95,1,-1,-1,-1
161,57298,1119,466,37,77,1,-1,-1,-1
161,57299,1097,464,34,78,1,-1,-1,-1
161,57300,1285,659,53,109,1,-1,-1,-1
161,57301,1279,659,31,90,1,-1,-1,-1
161,57302,1209,641,49,91,1,-1,-1,-1
161,57303,1246,611,43,81,1,-1,-1,-1
161,57304,1188,589,47,91,1,-1,-1,-1
161,57305,1221,611,39,88,1,-1,-1,-1
162,57285,713,316,44,64,1,-1,-1,-1
162,57286,825,400,33,69,1,-1,-1,-1
162,57287,496,385,34,75,1,-1,-1,-1
162,57288,682,598,36,101,1,-1,-1,-1
162,57289,316,354,24,65,1,-1,-1,-1
162,57290,390,481,25,89,1,-1,-1,-1
162,57291,570,615,37,101,1,-1,-1,-1
162,57292,574,701,42,105,1,-1,-1,-1
162,57293,397,730,44,115,1,-1,-1,-1
162,57294,1445,531,33,104,1,-1,-1,-1
162,57295,1357,546,62,101,1,-1,-1,-1
162,57296,1412,542,35,96,1,-1,-1,-1
162,57297,1243,497,42,95,1,-1,-1,-1
162,57298,1116,466,37,76,1,-1,-1,-1
162,57299,1094,464,34,77,1,-1,-1,-1
162,57300,1290,659,53,109,1,-1,-1,-1
162,57301,1279,659,33,90,1,-1,-1,-1
162,57302,1215,641,49,91,1,-1,-1,-1
162,57303,1250,609,43,80,1,-1,-1,-1
162,57304,1186,588,48,91,1,-1,-1,-1
162,57305,1220,613,40,88,1,-1,-1,-1
163,57285,709,317,46,64,1,-1,-1,-1
163,57286,828,400,33,69,1,-1,-1,-1
163,57287,496,385,34,75,1,-1,-1,-1
163,57288,682,598,36,102,1,-1,-1,-1
163,57289,316,355,24,65,1,-1,-1,-1
163,57290,390,481,24,89,1,-1,-1,-1
163,57291,568,616,38,100,1,-1,-1,-1
163,57292,572,701,43,105,1,-1,-1,-1
163,57293,397,729,44,115,1,-1,-1,-1
163,57294,1444,531,33,103,1,-1,-1,-1
163,57295,1355,545,63,101,1,-1,-1,-1
163,57296,1412,542,35,96,1,-1,-1,-1
163,57297,1242,497,42,94,1,-1,-1,-1
163,57298,1111,466,38,75,1,-1,-1,-1
163,57299,1089,464,35,77,1,-1,-1,-1
163,57300,1296,660,53,109,1,-1,-1,-1
163,57301,1280,659,34,90,1,-1,-1,-1
163,57302,1222,641,50,92,1,-1,-1,-1
163,57303,1256,607,43,78,1,-1,-1,-1
163,57304,1185,585,49,93,1,-1,-1,-1
163,57305,1219,616,41,88,1,-1,-1,-1
164,57285,706,317,47,64,1,-1,-1,-1
164,57286,829,401,33,69,1,-1,-1,-1
164,57287,495,386,34,74,1,-1,-1,-1
164,57288,682,599,35,102,1,-1,-1,-1
164,57289,316,356,24,65,1,-1,-1,-1
164,57290,390,481,24,89,1,-1,-1,-1
164,57291,565,616,38,100,1,-1,-1,-1
164,57292,571,701,44,105,1,-1,-1,-1
164,57293,397,729,43,115,1,-1,-1,-1
164,57294,1444,531,33,103,1,-1,-1,-1
164,57295,1352,544,64,101,1,-1,-1,-1
164,57296,1411,542,36,95,1,-1,-1,-1
164,57297,1241,497,42,93,1,-1,-1,-1
164,57298,1109,466,38,74,1,-1,-1,-1
164,57299,1086,465,35,76,1,-1,-1,-1
164,57300,1301,660,52,109,1,-1,-1,-1
164,57301,1282,658,35,90,1,-1,-1,-1
164,57302,1227,641,49,93,1,-1,-1,-1
164,57303,1258,606,44,78,1,-1,-1,-1
164,57304,1184,584,50,93,1,-1,-1,-1
164,57305,1218,616,42,89,1,-1,-1,-1
165,57285,702,317,47,64,1,-1,-1,-1
165,57286,830,400,34,70,1,-1,-1,-1
165,57287,493,386,35,74,1,-1,-1,-1
165,57288,683,599,35,102,1,-1,-1,-1
165,57289,316,357,24,65,1,-1,-1,-1
165,57290,390,481,24,89,1,-1,-1,-1
165,57291,561,616,39,101,1,-1,-1,-1
165,57292,571,701,43,105,1,-1,-1,-1
165,57293,395,729,44,115,1,-1,-1,-1
165,57294,1444,531,33,103,1,-1,-1,-1
165,57295,1349,543,65,101,1,-1,-1,-1
165,57296,1408,541,36,94,1,-1,-1,-1
165,57297,1240,497,42,94,1,-1,-1,-1
165,57298,1106,467,40,73,1,-1,-1,-1
165,57299,1080,465,35,76,1,-1,-1,-1
165,57300,1307,659,51,109,1,-1,-1,-1
165,57301,1286,656,36,92,1,-1,-1,-1
165,57302,1232,641,49,93,1,-1,-1,-1
165,57303,1259,604,45,79,1,-1,-1,-1
165,57304,1184,582,52,95,1,-1,-1,-1
165,57305,1220,614,42,89,1,-1,-1,-1
166,57285,695,317,47,64,1,-1,-1,-1
166,57286,832,399,34,72,1,-1,-1,-1
166,57287,491,386,36,74,1,-1,-1,-1
166,57288,685,601,34,101,1,-1,-1,-1
166,57289,316,358,25,64,1,-1,-1,-1
166,57290,390,481,25,89,1,-1,-1,-1
166,57291,555,617,40,100,1,-1,-1,-1
166,57292,569,701,44,105,1,-1,-1,-1
166,57293,393,727,44,115,1,-1,-1,-1
166,57294,1442,532,34,103,1,-1,-1,-1
166,57295,1346,542,65,100,1,-1,-1,-1
166,57296,1402,539,38,93,1,-1,-1,-1
166,57297,1238,497,43,94,1,-1,-1,-1
166,57298,1101,467,42,74,1,-1,-1,-1
166,57299,1071,467,34,75,1,-1,-1,-1
166,57300,1313,658,52,109,1,-1,-1,-1
166,57301,1295,654,37,93,1,-1,-1,-1
166,57302,1240,643,51,92,1,-1,-1,-1
166,57303,1259,600,47,82,1,-1,-1,-1
166,57304,1186,578,52,99,1,-1,-1,-1
166,57305,1223,609,44,92,1,-1,-1,-1
167,57285,693,318,46,64,1,-1,-1,-1
167,57286,833,399,34,72,1,-1,-1,-1
167,57287,490,386,37,74,1,-1,-1,-1
167,57288,685,601,34,102,1,-1,-1,-1
167,57289,316,359,26,64,1,-1,-1,-1
167,57290,390,481,25,89,1,-1,-1,-1
167,57291,552,617,41,101,1,-1,-1,-1
167,57292,568,701,44,105,1,-1,-1,-1
167,57293,392,727,44,115,1,-1,-1,-1
167,57294,1442,532,33,103,1,-1,-1,-1
167,57295,1343,541,65,99,1,-1,-1,-1
167,57296,1400,539,39,92,1,-1,-1,-1
167,57297,1237,497,44,94,1,-1,-1,-1
167,57298,1099,467,44,74,1,-1,-1,-1
167,57299,1068,467,33,75,1,-1,-1,-1
167,57300,1320,658,51,108,1,-1,-1,-1
167,57301,1298,654,38,93,1,-1,-1,-1
167,57302,1242,643,53,92,1,-1,-1,-1
167,57303,1259,599,48,83,1,-1,-1,-1
167,57304,1186,577,53,99,1,-1,-1,-1
167,57305,1224,607,44,92,1,-1,-1,-1
168,57285,693,318,45,64,1,-1,-1,-1
168,57286,834,399,33,72,1,-1,-1,-1
168,57287,488,386,37,75,1,-1,-1,-1
168,57288,685,603,33,100,1,-1,-1,-1
168,57289,315,360,26,63,1,-1,-1,-1
168,57290,389,481,25,89,1,-1,-1,-1
168,57291,549,617,41,101,1,-1,-1,-1
168,57292,567,701,45,105,1,-1,-1,-1
168,57293,390,726,44,114,1,-1,-1,-1
168,57294,1440,533,34,102,1,-1,-1,-1
168,57295,1340,540,65,99,1,-1,-1,-1
168,57296,1395,538,41,92,1,-1,-1,-1
168,57297,1234,497,45,94,1,-1,-1,-1
168,57298,1091,467,47,74,1,-1,-1,-1
168,57299,1061,468,33,74,1,-1,-1,-1
168,57300,1327,657,50,108,1,-1,-1,-1
168,57301,1300,653,40,94,1,-1,-1,-1
168,57302,1250,643,54,92,1,-1,-1,-1
168,57303,1255,600,50,86,1,-1,-1,-1
168,57304,1187,575,51,99,1,-1,-1,-1
168,57305,1228,603,44,93,1,-1,-1,-1
169,57285,693,318,43,64,1,-1,-1,-1
169,57286,835,400,34,72,1,-1,-1,-1
169,57287,485,386,38,75,1,-1,-1,-1
169,57288,684,604,33,100,1,-1,-1,-1
169,57289,312,361,27,64,1,-1,-1,-1
169,57290,388,482,24,89,1,-1,-1,-1
169,57291,545,618,42,101,1,-1,-1,-1
169,57292,566,701,44,105,1,-1,-1,-1
169,57293,388,725,44,114,1,-1,-1,-1
169,57294,1437,533,34,102,1,-1,-1,-1
169,57295,1337,539,64,98,1,-1,-1,-1
169,57296,1390,537,42,93,1,-1,-1,-1
169,57297,1231,497,45,94,1,-1,-1,-1
169,57298,1082,467,47,74,1,-1,-1,-1
169,57299,1054,469,33,74,1,-1,-1,-1
169,57300,1333,656,50,107,1,-1,-1,-1
169,57301,1303,654,41,94,1,-1,-1,-1
169,57302,1259,642,54,91,1,-1,-1,-1
169,57303,1251,601,51,91,1,-1,-1,-1
169,57304,1186,573,51,99,1,-1,-1,-1
169,57305,1232,599,45,94,1,-1,-1,-1
170,57285,693,319,42,63,1,-1,-1,-1
170,57286,836,401,34,72,1,-1,-1,-1
170,57287,482,387,38,74,1,-1,-1,-1
170,57288,682,606,32,98,1,-1,-1,-1
170,57289,309,362,28,64,1,-1,-1,-1
170,57290,386,482,25,89,1,-1,-1,-1
170,57291,539,619,43,100,1,-1,-1,-1
170,57292,564,701,43,105,1,-1,-1,-1
170,57293,384,724,44,114,1,-1,-1,-1
170,57294,1432,534,35,101,1,-1,-1,-1
170,57295,1332,538,64,97,1,-1,-1,-1
170,57296,1382,535,42,94,1,-1,-1,-1
170,57297,1226,497,46,95,1,-1,-1,-1
170,57298,1068,466,48,75,1,-1,-1,-1
170,57299,1047,470,32,73,1,-1,-1,-1
170,57300,1342,655,51,107,1,-1,-1,-1
170,57301,1308,655,41,94,1,-1,-1,-1
170,57302,1275,641,53,91,1,-1,-1,-1
170,57303,1244,603,53,98,1,-1,-1,-1
170,57304,1186,569,48,99,1,-1,-1,-1
170,57305,1238,594,46,94,1,-1,-1,-1
171,57285,693,319,40,63,1,-1,-1,-1
171,57286,836,402,34,72,1,-1,-1,-1
171,57287,479,387,38,75,1,-1,-1,-1
171,57288,681,607,32,97,1,-1,-1,-1
171,57289,307,363,29,64,1,-1,-1,-1
171,57290,384,483,24,89,1,-1,-1,-1
171,57291,535,620,44,100,1,-1,-1,-1
171,57292,563,701,43,105,1,-1,-1,-1
171,57293,381,723,44,114,1,-1,-1,-1
171,57294,1429,534,36,102,1,-1,-1,-1
171,57295,1330,537,64,97,1,-1,-1,-1
171,57296,1377,535,42,95,1,-1,-1,-1
171,57297,1224,496,45,96,1,-1,-1,-1
171,57298,1062,466,47,74,1,-1,-1,-1
171,57299,1039,471,33,73,1,-1,-1,-1
171,57300,1346,654,51,107,1,-1,-1,-1
171,57301,1308,655,43,94,1,-1,-1,-1
171,57302,1282,640,53,91,1,-1,-1,-1
171,57303,1243,604,53,100,1,-1,-1,-1
171,57304,1186,568,46,97,1,-1,-1,-1
171,57305,1239,591,47,94,1,-1,-1,-1
172,57285,691,319,40,63,1,-1,-1,-1
172,57286,834,404,34,70,1,-1,-1,-1
172,57287,472,386,39,76,1,-1,-1,-1
172,57288,678,606,32,97,1,-1,-1,-1
172,57289,305,364,29,63,1,-1,-1,-1
172,57290,380,483,25,89,1,-1,-1,-1
172,57291,530,619,44,100,1,-1,-1,-1
172,57292,560,701,42,105,1,-1,-1,-1
172,57293,377,724,44,114,1,-1,-1,-1
172,57294,1425,534,37,102,1,-1,-1,-1
172,57295,1327,536,64,96,1,-1,-1,-1
172,57296,1370,534,43,96,1,-1,-1,-1
172,57297,1220,498,44,94,1,-1,-1,-1
172,57298,1054,467,48,75,1,-1,-1,-1
172,57299,1032,472,33,72,1,-1,-1,-1
172,57300,1349,653,52,107,1,-1,-1,-1
172,57301,1308,654,43,93,1,-1,-1,-1
172,57302,1287,639,53,91,1,-1,-1,-1
172,57303,1246,605,52,100,1,-1,-1,-1
172,57304,1185,565,45,97,1,-1,-1,-1
172,57305,1240,588,47,93,1,-1,-1,-1
173,57285,688,320,39,63,1,-1,-1,-1
173,57286,832,407,34,67,1,-1,-1,-1
173,57287,461,386,38,77,1,-1,-1,-1
173,57288,675,606,32,97,1,-1,-1,-1
173,57289,301,364,29,64,1,-1,-1,-1
173,57290,372,483,26,89,1,-1,-1,-1
173,57291,521,619,44,100,1,-1,-1,-1
173,57292,553,701,43,105,1,-1,-1,-1
173,57293,368,724,45,114,1,-1,-1,-1
173,57294,1419,534,37,102,1,-1,-1,-1
173,57295,1324,535,63,96,1,-1,-1,-1
173,57296,1363,532,42,98,1,-1,-1,-1
173,57297,1216,500,44,92,1,-1,-1,-1
173,57298,1042,469,48,77,1,-1,-1,-1
173,57299,1019,473,34,72,1,-1,-1,-1
173,57300,1353,651,53,107,1,-1,-1,-1
173,57301,1307,653,44,92,1,-1,-1,-1
173,57302,1295,636,53,91,1,-1,-1,-1
173,57303,1250,606,51,100,1,-1,-1,-1
173,57304,1182,561,43,96,1,-1,-1,-1
173,57305,1238,582,50,93,1,-1,-1,-1
174,57285,685,321,39,63,1,-1,-1,-1
174,57286,831,409,34,66,1,-1,-1,-1
174,57287,454,388,38,75,1,-1,-1,-1
174,57288,672,605,31,98,1,-1,-1,-1
174,57289,298,365,29,64,1,-1,-1,-1
174,57290,365,483,26,90,1,-1,-1,-1
174,57291,513,619,43,101,1,-1,-1,-1
174,57292,550,701,42,105,1,-1,-1,-1
174,57293,359,724,45,114,1,-1,-1,-1
174,57294,1413,534,38,102,1,-1,-1,-1
174,57295,1321,533,63,95,1,-1,-1,-1
174,57296,1353,531,43,98,1,-1,-1,-1
174,57297,1211,502,44,91,1,-1,-1,-1
174,57298,1033,471,48,77,1,-1,-1,-1
174,57299,1014,474,34,71,1,-1,-1,-1
174,57300,1355,651,53,106,1,-1,-1,-1
174,57301,1307,652,43,91,1,-1,-1,-1
174,57302,1298,635,54,91,1,-1,-1,-1
174,57303,1254,607,50,99,1,-1,-1,-1
174,57304,1176,558,44,95,1,-1,-1,-1
174,57305,1237,580,51,93,1,-1,-1,-1
175,57285,682,321,40,63,1,-1,-1,-1
175,57286,826,413,34,64,1,-1,-1,-1
175,57287,447,388,36,76,1,-1,-1,-1
175,57288,668,604,31,99,1,-1,-1,-1
175,57289,293,366,29,64,1,-1,-1,-1
175,57290,362,483,25,90,1,-1,-1,-1
175,57291,506,619,42,101,1,-1,-1,-1
175,57292,545,701,42,105,1,-1,-1,-1
175,57293,352,725,45,113,1,-1,-1,-1
175,57294,1409,536,37,99,1,-1,-1,-1
175,57295,1315,530,63,95,1,-1,-1,-1
175,57296,1349,530,43,99,1,-1,-1,-1
175,57297,1205,505,42,88,1,-1,-1,-1
175,57298,1025,473,47,77,1,-1,-1,-1
175,57299,999,475,34,71,1,-1,-1,-1
175,57300,1361,649,53,107,1,-1,-1,-1
175,57301,1306,649,42,90,1,-1,-1,-1
175,57302,1310,632,53,91,1,-1,-1,-1
175,57303,1262,609,49,97,1,-1,-1,-1
175,57304,1169,556,44,95,1,-1,-1,-1
175,57305,1228,576,52,95,1,-1,-1,-1
176,57285,681,322,40,62,1,-1,-1,-1
176,57286,824,414,34,64,1,-1,-1,-1
176,57287,445,389,35,76,1,-1,-1,-1
176,57288,666,604,31,99,1,-1,-1,-1
176,57289,291,367,29,64,1,-1,-1,-1
176,57290,361,484,25,90,1,-1,-1,-1
176,57291,504,619,41,102,1,-1,-1,-1
176,57292,543,701,42,105,1,-1,-1,-1
176,57293,349,725,46,113,1,-1,-1,-1
176,57294,1407,537,37,95,1,-1,-1,-1
176,57295,1313,529,62,94,1,-1,-1,-1
176,57296,1346,528,43,100,1,-1,-1,-1
176,57297,1202,506,42,88,1,-1,-1,-1
176,57298,1023,474,46,77,1,-1,-1,-1
176,57299,993,476,34,71,1,-1,-1,-1
176,57300,1363,648,52,107,1,-1,-1,-1
176,57301,1306,649,42,89,1,-1,-1,-1
176,57302,1314,631,52,92,1,-1,-1,-1
176,57303,1265,610,48,96,1,-1,-1,-1
176,57304,1167,556,44,94,1,-1,-1,-1
176,57305,1224,575,54,95,1,-1,-1,-1
176,57307,776,380,17,13,1,-1,-1,-1
177,57285,677,321,41,63,1,-1,-1,-1
177,57286,817,416,35,62,1,-1,-1,-1
177,57287,436,391,34,76,1,-1,-1,-1
177,57288,663,605,30,99,1,-1,-1,-1
177,57289,286,368,29,65,1,-1,-1,-1
177,57290,352,485,26,90,1,-1,-1,-1
177,57291,495,621,41,102,1,-1,-1,-1
177,57292,537,702,42,106,1,-1,-1,-1
177,57293,346,725,46,113,1,-1,-1,-1
177,57294,1406,537,37,95,1,-1,-1,-1
177,57295,1305,528,63,95,1,-1,-1,-1
177,57296,1347,528,41,97,1,-1,-1,-1
177,57297,1196,507,40,87,1,-1,-1,-1
177,57298,1013,475,46,76,1,-1,-1,-1
177,57299,981,477,34,69,1,-1,-1,-1
177,57300,1365,645,54,111,1,-1,-1,-1
177,57301,1304,646,44,90,1,-1,-1,-1
177,57302,1319,630,52,92,1,-1,-1,-1
177,57303,1270,611,48,95,1,-1,-1,-1
177,57304,1153,553,47,97,1,-1,-1,-1
177,57305,1215,571,53,95,1,-1,-1,-1
178,57285,673,321,41,63,1,-1,-1,-1
178,57286,815,416,35,62,1,-1,-1,-1
178,57287,431,392,34,76,1,-1,-1,-1
178,57288,660,606,31,99,1,-1,-1,-1
178,57289,284,369,30,66,1,-1,-1,-1
178,57290,348,485,25,90,1,-1,-1,-1
178,57291,491,621,39,102,1,-1,-1,-1
178,57292,533,702,42,106,1,-1,-1,-1
178,57293,341,726,47,113,1,-1,-1,-1
178,57294,1401,538,38,97,1,-1,-1,-1
178,57295,1302,527,63,95,1,-1,-1,-1
178,57296,1339,525,41,97,1,-1,-1,-1
178,57297,1193,508,40,86,1,-1,-1,-1
178,57298,1009,476,46,75,1,-1,-1,-1
178,57299,976,478,34,68,1,-1,-1,-1
178,57300,1368,644,54,111,1,-1,-1,-1
178,57301,1304,645,45,90,1,-1,-1,-1
178,57302,1324,629,51,92,1,-1,-1,-1
178,57303,1273,611,48,96,1,-1,-1,-1
178,57304,1147,551,49,98,1,-1,-1,-1
178,57305,1210,570,53,95,1,-1,-1,-1
179,57285,669,321,41,63,1,-1,-1,-1
179,57286,814,415,36,64,1,-1,-1,-1
179,57287,426,393,34,76,1,-1,-1,-1
179,57288,658,608,30,99,1,-1,-1,-1
179,57289,280,368,31,70,1,-1,-1,-1
179,57290,344,486,25,90,1,-1,-1,-1
179,57291,485,623,39,102,1,-1,-1,-1
179,57292,529,703,42,106,1,-1,-1,-1
179,57293,336,727,47,114,1,-1,-1,-1
179,57294,1397,540,38,97,1,-1,-1,-1
179,57295,1297,525,64,97,1,-1,-1,-1
179,57296,1335,522,40,97,1,-1,-1,-1
179,57297,1190,508,40,87,1,-1,-1,-1
179,57298,1005,476,47,75,1,-1,-1,-1
179,57299,968,478,36,70,1,-1,-1,-1
179,57300,1372,642,54,111,1,-1,-1,-1
179,57301,1307,642,46,89,1,-1,-1,-1
179,57302,1336,628,50,89,1,-1,-1,-1
179,57303,1275,610,49,96,1,-1,-1,-1
179,57304,1142,549,51,98,1,-1,-1,-1
179,57305,1205,568,52,95,1,-1,-1,-1
180,57285,664,320,41,64,1,-1,-1,-1
180,57286,813,413,39,66,1,-1,-1,-1
180,57287,420,394,34,76,1,-1,-1,-1
180,57288,654,611,31,99,1,-1,-1,-1
180,57289,276,368,33,73,1,-1,-1,-1
180,57290,339,487,25,90,1,-1,-1,-1
180,57291,478,625,39,101,1,-1,-1,-1
180,57292,524,704,42,106,1,-1,-1,-1
180,57293,330,728,48,114,1,-1,-1,-1
180,57294,1393,542,37,95,1,-1,-1,-1
180,57295,1293,524,64,97,1,-1,-1,-1
180,57296,1330,520,40,97,1,-1,-1,-1
180,57297,1188,508,40,87,1,-1,-1,-1
180,57298,1002,476,47,76,1,-1,-1,-1
180,57299,962,479,36,70,1,-1,-1,-1
180,57300,1377,641,53,108,1,-1,-1,-1
180,57301,1310,637,48,91,1,-1,-1,-1
180,57302,1353,625,49,87,1,-1,-1,-1
180,57303,1277,608,49,97,1,-1,-1,-1
180,57304,1138,547,52,97,1,-1,-1,-1
180,57305,1200,566,50,95,1,-1,-1,-1
181,57285,659,320,40,64,1,-1,-1,-1
181,57286,815,412,39,68,1,-1,-1,-1
181,57287,415,394,34,76,1,-1,-1,-1
181,57288,652,613,31,99,1,-1,-1,-1
181,57289,274,369,32,74,1,-1,-1,-1
181,57290,336,488,25,89,1,-1,-1,-1
181,57291,472,626,39,101,1,-1,-1,-1
181,57292,520,705,42,107,1,-1,-1,-1
181,57293,326,728,48,115,1,-1,-1,-1
181,57294,1391,541,37,96,1,-1,-1,-1
181,57295,1290,523,63,96,1,-1,-1,-1
181,57296,1328,519,41,97,1,-1,-1,-1
181,57297,1187,507,39,86,1,-1,-1,-1
181,57298,999,476,47,76,1,-1,-1,-1
181,57299,955,479,36,72,1,-1,-1,-1
181,57300,1383,639,54,109,1,-1,-1,-1
181,57301,1315,636,49,90,1,-1,-1,-1
181,57302,1361,624,48,87,1,-1,-1,-1
181,57303,1279,608,50,97,1,-1,-1,-1
181,57304,1136,547,54,95,1,-1,-1,-1
181,57305,1198,564,48,94,1,-1,-1,-1
182,57285,654,320,40,65,1,-1,-1,-1
182,57286,819,411,39,68,1,-1,-1,-1
182,57287,410,394,34,77,1,-1,-1,-1
182,57288,649,614,32,99,1,-1,-1,-1
182,57289,272,371,32,72,1,-1,-1,-1
182,57290,333,488,25,89,1,-1,-1,-1
182,57291,467,625,39,102,1,-1,-1,-1
182,57292,516,707,42,107,1,-1,-1,-1
182,57293,322,729,49,115,1,-1,-1,-1
182,57294,1390,540,36,96,1,-1,-1,-1
182,57295,1287,523,62,95,1,-1,-1,-1
182,57296,1328,519,41,97,1,-1,-1,-1
182,57297,1185,506,39,86,1,-1,-1,-1
182,57298,995,476,49,77,1,-1,-1,-1
182,57299,948,480,36,73,1,-1,-1,-1
182,57300,1390,639,54,108,1,-1,-1,-1
182,57301,1321,636,51,91,1,-1,-1,-1
182,57302,1365,623,48,89,1,-1,-1,-1
182,57303,1283,607,49,97,1,-1,-1,-1
182,57304,1134,547,55,93,1,-1,-1,-1
182,57305,1195,562,48,94,1,-1,-1,-1
183,57285,648,319,40,66,1,-1,-1,-1
183,57286,824,410,40,69,1,-1,-1,-1
183,57287,403,394,35,77,1,-1,-1,-1
183,57288,647,616,32,99,1,-1,-1,-1
183,57289,271,374,31,70,1,-1,-1,-1
183,57290,330,489,26,89,1,-1,-1,-1
183,57291,459,625,40,103,1,-1,-1,-1
183,57292,512,708,42,108,1,-1,-1,-1
183,57293,317,729,49,116,1,-1,-1,-1
183,57294,1389,537,36,97,1,-1,-1,-1
183,57295,1284,523,60,93,1,-1,-1,-1
183,57296,1328,519,42,97,1,-1,-1,-1
183,57297,1183,505,39,86,1,-1,-1,-1
183,57298,991,476,49,77,1,-1,-1,-1
183,57299,939,480,37,76,1,-1,-1,-1
183,57300,1400,638,54,109,1,-1,-1,-1
183,57301,1330,636,52,92,1,-1,-1,-1
183,57302,1368,622,49,91,1,-1,-1,-1
183,57303,1287,607,50,97,1,-1,-1,-1
183,57304,1133,548,55,89,1,-1,-1,-1
183,57305,1192,558,47,96,1,-1,-1,-1
184,57285,645,319,39,66,1,-1,-1,-1
184,57286,827,410,40,69,1,-1,-1,-1
184,57287,399,394,35,78,1,-1,-1,-1
184,57288,646,617,33,99,1,-1,-1,-1
184,57289,269,375,32,70,1,-1,-1,-1
184,57290,328,490,26,89,1,-1,-1,-1
184,57291,455,625,39,103,1,-1,-1,-1
184,57292,510,709,43,108,1,-1,-1,-1
184,57293,314,729,49,117,1,-1,-1,-1
184,57294,1388,535,36,97,1,-1,-1,-1
184,57295,1283,522,59,93,1,-1,-1,-1
184,57296,1328,519,43,97,1,-1,-1,-1
184,57297,1183,505,38,86,1,-1,-1,-1
184,57298,989,476,49,78,1,-1,-1,-1
184,57299,935,481,36,77,1,-1,-1,-1
184,57300,1408,638,54,109,1,-1,-1,-1
184,57301,1336,635,52,92,1,-1,-1,-1
184,57302,1370,621,50,92,1,-1,-1,-1
184,57303,1290,606,50,98,1,-1,-1,-1
184,57304,1133,548,56,89,1,-1,-1,-1
184,57305,1191,557,46,95,1,-1,-1,-1
185,57285,641,320,38,65,1,-1,-1,-1
185,57286,829,411,41,70,1,-1,-1,-1
185,57287,395,395,35,77,1,-1,-1,-1
185,57288,645,616,34,101,1,-1,-1,-1
185,57289,268,376,32,70,1,-1,-1,-1
185,57290,325,491,26,89,1,-1,-1,-1
185,57291,449,627,40,104,1,-1,-1,-1
185,57292,508,710,43,108,1,-1,-1,-1
185,57293,310,730,50,117,1,-1,-1,-1
185,57294,1388,533,36,98,1,-1,-1,-1
185,57295,1283,521,58,94,1,-1,-1,-1
185,57296,1327,519,43,97,1,-1,-1,-1
185,57297,1182,505,38,86,1,-1,-1,-1
185,57298,987,477,51,78,1,-1,-1,-1
185,57299,930,481,37,80,1,-1,-1,-1
185,57300,1415,638,55,110,1,-1,-1,-1
185,57301,1342,634,54,92,1,-1,-1,-1
185,57302,1371,620,51,93,1,-1,-1,-1
185,57303,1294,604,49,98,1,-1,-1,-1
185,57304,1133,547,58,90,1,-1,-1,-1
185,57305,1190,556,44,93,1,-1,-1,-1
186,57285,637,321,38,65,1,-1,-1,-1
186,57286,833,413,41,70,1,-1,-1,-1
186,57287,388,398,34,76,1,-1,-1,-1
186,57288,645,616,35,104,1,-1,-1,-1
186,57289,267,378,33,70,1,-1,-1,-1
186,57290,322,492,26,89,1,-1,-1,-1
186,57291,440,629,40,104,1,-1,-1,-1
186,57292,506,711,43,109,1,-1,-1,-1
186,57293,306,732,50,116,1,-1,-1,-1
186,57294,1389,529,35,100,1,-1,-1,-1
186,57295,1284,520,57,96,1,-1,-1,-1
186,57296,1326,519,43,97,1,-1,-1,-1
186,57297,1181,507,38,85,1,-1,-1,-1
186,57298,986,477,51,78,1,-1,-1,-1
186,57299,924,484,38,82,1,-1,-1,-1
186,57300,1428,637,57,111,1,-1,-1,-1
186,57301,1353,632,53,91,1,-1,-1,-1
186,57302,1373,618,52,93,1,-1,-1,-1
186,57303,1300,601,50,99,1,-1,-1,-1
186,57304,1135,546,58,91,1,-1,-1,-1
186,57305,1188,555,43,89,1,-1,-1,-1
187,57285,633,322,38,64,1,-1,-1,-1
187,57286,835,414,41,70,1,-1,-1,-1
187,57287,384,398,35,77,1,-1,-1,-1
187,57288,644,616,36,105,1,-1,-1,-1
187,57289,266,379,34,72,1,-1,-1,-1
187,57290,319,492,26,89,1,-1,-1,-1
187,57291,436,630,40,104,1,-1,-1,-1
187,57292,505,712,44,109,1,-1,-1,-1
187,57293,303,733,50,116,1,-1,-1,-1
187,57294,1389,528,35,100,1,-1,-1,-1
187,57295,1284,519,57,97,1,-1,-1,-1
187,57296,1325,519,43,97,1,-1,-1,-1
187,57297,1181,507,38,85,1,-1,-1,-1
187,57298,986,477,51,79,1,-1,-1,-1
187,57299,922,484,38,83,1,-1,-1,-1
187,57300,1434,637,58,111,1,-1,-1,-1
187,57301,1359,631,55,90,1,-1,-1,-1
187,57302,1375,617,53,93,1,-1,-1,-1
187,57303,1303,600,50,98,1,-1,-1,-1
187,57304,1135,545,58,92,1,-1,-1,-1
187,57305,1188,554,42,88,1,-1,-1,-1
188,57285,627,323,39,64,1,-1,-1,-1
188,57286,837,415,41,71,1,-1,-1,-1
188,57287,379,401,35,76,1,-1,-1,-1
188,57288,645,618,35,101,1,-1,-1,-1
188,57289,265,380,34,74,1,-1,-1,-1
188,57290,315,493,26,89,1,-1,-1,-1
188,57291,429,635,39,102,1,-1,-1,-1
188,57292,505,713,44,109,1,-1,-1,-1
188,57293,298,736,50,114,1,-1,-1,-1
188,57294,1391,525,36,100,1,-1,-1,-1
188,57295,1286,518,55,99,1,-1,-1,-1
188,57296,1323,519,44,97,1,-1,-1,-1
188,57297,1181,510,38,85,1,-1,-1,-1
188,57298,986,477,53,79,1,-1,-1,-1
188,57299,918,487,39,84,1,-1,-1,-1
188,57300,1444,637,58,107,1,-1,-1,-1
188,57302,1385,617,54,90,1,-1,-1,-1
188,57303,1309,600,48,96,1,-1,-1,-1
188,57304,1135,544,58,93,1,-1,-1,-1
188,57305,1188,553,42,90,1,-1,-1,-1
189,57285,625,323,40,65,1,-1,-1,-1
189,57286,840,416,40,71,1,-1,-1,-1
189,57287,377,402,35,76,1,-1,-1,-1
189,57288,645,619,35,100,1,-1,-1,-1
189,57289,265,382,35,74,1,-1,-1,-1
189,57290,313,494,26,89,1,-1,-1,-1
189,57291,425,637,39,101,1,-1,-1,-1
189,57292,505,714,44,109,1,-1,-1,-1
189,57293,297,736,50,115,1,-1,-1,-1
189,57294,1392,524,36,101,1,-1,-1,-1
189,57295,1287,518,53,100,1,-1,-1,-1
189,57296,1323,519,43,97,1,-1,-1,-1
189,57297,1180,511,38,85,1,-1,-1,-1
189,57298,987,477,53,79,1,-1,-1,-1
189,57299,916,489,39,84,1,-1,-1,-1
189,57300,1450,637,59,105,1,-1,-1,-1
189,57302,1391,618,56,88,1,-1,-1,-1
189,57303,1312,601,49,95,1,-1,-1,-1
189,57304,1135,544,57,92,1,-1,-1,-1
189,57305,1190,552,43,91,1,-1,-1,-1
189,57308,1401,632,37,95,1,-1,-1,-1
190,57285,620,322,43,67,1,-1,-1,-1
190,57286,847,416,41,71,1,-1,-1,-1
190,57287,374,404,35,76,1,-1,-1,-1
190,57288,644,622,35,100,1,-1,-1,-1
190,57289,267,385,36,74,1,-1,-1,-1
190,57290,312,496,26,90,1,-1,-1,-1
190,57291,420,639,41,100,1,-1,-1,-1
190,57292,507,717,45,109,1,-1,-1,-1
190,57293,295,738,51,116,1,-1,-1,-1
190,57294,1395,525,35,100,1,-1,-1,-1
190,57295,1288,519,51,98,1,-1,-1,-1
190,57296,1322,517,42,95,1,-1,-1,-1
190,57297,1180,512,38,85,1,-1,-1,-1
190,57298,989,477,53,79,1,-1,-1,-1
190,57299,914,491,38,84,1,-1,-1,-1
190,57300,1461,639,58,102,1,-1,-1,-1
190,57302,1402,621,59,86,1,-1,-1,-1
190,57303,1319,602,50,96,1,-1,-1,-1
190,57304,1134,545,53,88,1,-1,-1,-1
190,57305,1194,550,43,93,1,-1,-1,-1
190,57308,1411,633,37,94,1,-1,-1,-1
191,57285,618,322,45,67,1,-1,-1,-1
191,57286,852,416,40,72,1,-1,-1,-1
191,57287,372,405,36,76,1,-1,-1,-1
191,57288,643,624,36,99,1,-1,-1,-1
191,57289,269,387,36,74,1,-1,-1,-1
191,57290,312,497,27,89,1,-1,-1,-1
191,57291,417,639,42,101,1,-1,-1,-1
191,57292,508,718,45,109,1,-1,-1,-1
191,57293,295,739,51,116,1,-1,-1,-1
191,57294,1396,525,35,100,1,-1,-1,-1
191,57295,1290,519,48,97,1,-1,-1,-1
191,57296,1322,517,42,94,1,-1,-1,-1
191,57297,1179,512,39,86,1,-1,-1,-1
191,57298,991,478,53,79,1,-1,-1,-1
191,57299,914,492,37,83,1,-1,-1,-1
191,57300,1466,639,59,103,1,-1,-1,-1
191,57302,1407,622,61,85,1,-1,-1,-1
191,57303,1323,602,51,97,1,-1,-1,-1
191,57304,1134,544,51,87,1,-1,-1,-1
191,57305,1196,549,43,93,1,-1,-1,-1
191,57308,1418,634,36,93,1,-1,-1,-1
192,57285,614,323,46,66,1,-1,-1,-1
192,57286,859,419,42,71,1,-1,-1,-1
192,57287,372,406,36,76,1,-1,-1,-1
192,57288,644,627,36,99,1,-1,-1,-1
192,57289,273,389,37,74,1,-1,-1,-1
192,57290,312,497,27,90,1,-1,-1,-1
192,57291,413,640,43,101,1,-1,-1,-1
192,57292,510,719,45,110,1,-1,-1,-1
192,57293,295,741,52,116,1,-1,-1,-1
192,57294,1398,527,35,99,1,-1,-1,-1
192,57295,1293,520,47,96,1,-1,-1,-1
192,57296,1324,516,41,94,1,-1,-1,-1
192,57297,1177,512,39,86,1,-1,-1,-1
192,57298,994,479,53,79,1,-1,-1,-1
192,57299,913,493,38,84,1,-1,-1,-1
192,57300,1476,639,59,104,1,-1,-1,-1
192,57302,1414,623,61,84,1,-1,-1,-1
192,57303,1331,602,52,97,1,-1,-1,-1
192,57304,1134,544,50,87,1,-1,-1,-1
192,57305,1199,549,42,91,1,-1,-1,-1
192,57308,1432,635,37,92,1,-1,-1,-1
193,57285,611,325,45,65,1,-1,-1,-1
193,57286,868,421,42,72,1,-1,-1,-1
193,57287,372,407,36,77,1,-1,-1,-1
193,57288,645,631,38,98,1,-1,-1,-1
193,57289,279,391,36,74,1,-1,-1,-1
193,57290,313,499,26,89,1,-1,-1,-1
193,57291,410,640,44,102,1,-1,-1,-1
193,57292,512,721,45,110,1,-1,-1,-1
193,57293,294,744,53,116,1,-1,-1,-1
193,57294,1401,530,35,99,1,-1,-1,-1
193,57295,1296,520,46,96,1,-1,-1,-1
193,57296,1324,516,42,92,1,-1,-1,-1
193,57297,1174,513,40,85,1,-1,-1,-1
193,57298,999,480,52,79,1,-1,-1,-1
193,57299,913,493,37,86,1,-1,-1,-1
193,57300,1487,637,60,108,1,-1,-1,-1
193,57302,1423,623,58,83,1,-1,-1,-1
193,57303,1340,601,52,98,1,-1,-1,-1
193,57304,1133,543,51,89,1,-1,-1,-1
193,57305,1203,549,41,90,1,-1,-1,-1
193,57308,1450,637,37,90,1,-1,-1,-1
194,57285,606,327,46,65,1,-1,-1,-1
194,57286,878,424,44,73,1,-1,-1,-1
194,57287,372,408,35,77,1,-1,-1,-1
194,57288,647,636,38,96,1,-1,-1,-1
194,57289,287,393,36,74,1,-1,-1,-1
194,57290,314,500,27,89,1,-1,-1,-1
194,57291,405,641,45,102,1,-1,-1,-1
194,57292,514,723,46,110,1,-1,-1,-1
194,57293,293,747,55,115,1,-1,-1,-1
194,57294,1404,533,34,98,1,-1,-1,-1
194,57295,1300,521,45,94,1,-1,-1,-1
194,57296,1326,515,41,91,1,-1,-1,-1
194,57297,1171,514,40,84,1,-1,-1,-1
194,57298,1004,482,52,79,1,-1,-1,-1
194,57299,912,494,38,88,1,-1,-1,-1
194,57300,1500,636,61,111,1,-1,-1,-1
194,57302,1434,624,55,81,1,-1,-1,-1
194,57303,1351,600,53,99,1,-1,-1,-1
194,57304,1132,542,52,90,1,-1,-1,-1
194,57305,1206,549,41,87,1,-1,-1,-1
194,57308,1471,639,37,89,1,-1,-1,-1
195,57285,605,329,45,65,1,-1,-1,-1
195,57286,885,426,44,73,1,-1,-1,-1
195,57287,374,410,34,78,1,-1,-1,-1
195,57288,648,638,40,96,1,-1,-1,-1
195,57289,293,396,37,73,1,-1,-1,-1
195,57290,314,501,27,90,1,-1,-1,-1
195,57291,402,641,45,103,1,-1,-1,-1
195,57292,517,725,46,110,1,-1,-1,-1
195,57293,292,748,56,115,1,-1,-1,-1
195,57294,1408,536,32,97,1,-1,-1,-1
195,57295,1302,521,44,95,1,-1,-1,-1
195,57296,1328,515,41,90,1,-1,-1,-1
195,57297,1169,515,42,84,1,-1,-1,-1
195,57298,1008,483,51,79,1,-1,-1,-1
195,57299,913,496,37,90,1,-1,-1,-1
195,57300,1509,636,60,111,1,-1,-1,-1
195,57302,1441,624,55,82,1,-1,-1,-1
195,57303,1358,600,54,100,1,-1,-1,-1
195,57304,1132,541,52,91,1,-1,-1,-1
195,57305,1209,550,41,86,1,-1,-1,-1
195,57308,1482,640,37,89,1,-1,-1,-1
196,57285,605,330,46,66,1,-1,-1,-1
196,57286,890,428,44,73,1,-1,-1,-1
196,57287,376,413,34,78,1,-1,-1,-1
196,57288,650,639,41,96,1,-1,-1,-1
196,57289,299,399,37,73,1,-1,-1,-1
196,57290,313,501,29,92,1,-1,-1,-1
196,57291,399,642,46,103,1,-1,-1,-1
196,57292,521,726,46,111,1,-1,-1,-1
196,57293,291,749,57,117,1,-1,-1,-1
196,57294,1411,540,32,94,1,-1,-1,-1
196,57295,1304,522,45,96,1,-1,-1,-1
196,57296,1330,516,43,90,1,-1,-1,-1
196,57297,1169,517,42,83,1,-1,-1,-1
196,57298,1011,485,51,79,1,-1,-1,-1
196,57299,914,500,37,90,1,-1,-1,-1
196,57300,1518,637,57,109,1,-1,-1,-1
196,57302,1449,624,56,86,1,-1,-1,-1
196,57303,1366,602,53,99,1,-1,-1,-1
196,57304,1131,541,52,91,1,-1,-1,-1
196,57305,1212,550,42,87,1,-1,-1,-1
196,57308,1490,641,39,89,1,-1,-1,-1
197,57285,607,332,46,67,1,-1,-1,-1
197,57286,895,429,44,74,1,-1,-1,-1
197,57287,379,417,34,78,1,-1,-1,-1
197,57288,652,640,41,96,1,-1,-1,-1
197,57289,307,403,37,73,1,-1,-1,-1
197,57290,313,501,30,94,1,-1,-1,-1
197,57291,395,642,47,104,1,-1,-1,-1
197,57292,526,729,46,110,1,-1,-1,-1
197,57293,289,750,58,118,1,-1,-1,-1
197,57294,1415,545,31,91,1,-1,-1,-1
197,57295,1305,522,46,97,1,-1,-1,-1
197,57296,1334,518,42,89,1,-1,-1,-1
197,57297,1168,520,44,83,1,-1,-1,-1
197,57298,1014,486,51,79,1,-1,-1,-1
197,57299,914,505,37,91,1,-1,-1,-1
197,57300,1528,639,55,106,1,-1,-1,-1
197,57302,1458,624,59,91,1,-1,-1,-1
197,57303,1376,603,52,98,1,-1,-1,-1
197,57304,1131,542,52,89,1,-1,-1,-1
197,57305,1215,551,42,87,1,-1,-1,-1
197,57308,1500,641,39,91,1,-1,-1,-1
198,57285,607,333,46,67,1,-1,-1,-1
198,57286,899,431,45,74,1,-1,-1,-1
198,57287,382,419,33,79,1,-1,-1,-1
198,57288,653,641,42,97,1,-1,-1,-1
198,57289,312,405,38,73,1,-1,-1,-1
198,57290,314,502,30,95,1,-1,-1,-1
198,57291,394,643,47,104,1,-1,-1,-1
198,57292,528,730,47,111,1,-1,-1,-1
198,57293,288,750,59,120,1,-1,-1,-1
198,57294,1418,547,31,91,1,-1,-1,-1
198,57295,1306,522,47,98,1,-1,-1,-1
198,57296,1335,519,43,89,1,-1,-1,-1
198,57297,1168,521,46,83,1,-1,-1,-1
198,57298,1018,488,51,79,1,-1,-1,-1
198,57299,915,507,36,92,1,-1,-1,-1
198,57300,1536,640,53,105,1,-1,-1,-1
198,57302,1465,624,58,92,1,-1,-1,-1
198,57303,1382,604,52,99,1,-1,-1,-1
198,57304,1130,543,52,89,1,-1,-1,-1
198,57305,1217,552,43,87,1,-1,-1,-1
198,57308,1507,642,40,91,1,-1,-1,-1
199,57285,605,334,47,69,1,-1,-1,-1
199,57286,904,433,45,75,1,-1,-1,-1
199,57287,384,421,33,79,1,-1,-1,-1
199,57288,655,641,42,97,1,-1,-1,-1
199,57289,318,408,37,72,1,-1,-1,-1
199,57290,314,505,30,94,1,-1,-1,-1
199,57291,393,643,46,104,1,-1,-1,-1
199,57292,531,732,46,110,1,-1,-1,-1
199,57293,287,750,59,121,1,-1,-1,-1
199,57294,1423,549,31,91,1,-1,-1,-1
199,57295,1308,523,47,99,1,-1,-1,-1
199,57296,1336,520,43,90,1,-1,-1,-1
199,57297,1168,521,48,85,1,-1,-1,-1
199,57298,1022,489,50,79,1,-1,-1,-1
199,57299,916,510,35,92,1,-1,-1,-1
199,57300,1545,643,53,104,1,-1,-1,-1
199,57302,1471,626,57,91,1,-1,-1,-1
199,57303,1389,606,51,99,1,-1,-1,-1
199,57304,1128,545,53,88,1,-1,-1,-1
199,57305,1220,552,44,89,1,-1,-1,-1
199,57308,1515,643,40,91,1,-1,-1,-1
200,57285,602,336,47,71,1,-1,-1,-1
200,57286,912,436,45,75,1,-1,-1,-1
200,57287,388,425,35,79,1,-1,-1,-1
200,57288,658,643,43,97,1,-1,-1,-1
200,57289,326,413,38,72,1,-1,-1,-1
200,57290,314,509,30,93,1,-1,-1,-1
200,57291,391,644,47,104,1,-1,-1,-1
200,57292,535,735,47,110,1,-1,-1,-1
200,57293,284,751,60,123,1,-1,-1,-1
200,57294,1431,551,32,93,1,-1,-1,-1
200,57295,1310,523,48,101,1,-1,-1,-1
200,57296,1337,522,43,92,1,-1,-1,-1
200,57297,1170,522,51,88,1,-1,-1,-1
200,57298,1027,492,50,79,1,-1,-1,-1
200,57299,917,514,35,90,1,-1,-1,-1
200,57300,1561,648,52,101,1,-1,-1,-1
200,57302,1481,628,56,87,1,-1,-1,-1
200,57303,1399,608,52,102,1,-1,-1,-1
200,57304,1126,549,52,85,1,-1,-1,-1
200,57305,1224,554,45,88,1,-1,-1,-1
200,57308,1531,646,40,90,1,-1,-1,-1
201,57285,601,337,47,72,1,-1,-1,-1
201,57286,920,437,46,76,1,-1,-1,-1
201,57287,390,427,35,79,1,-1,-1,-1
201,57288,661,644,43,97,1,-1,-1,-1
201,57289,334,416,38,72,1,-1,-1,-1
201,57290,313,510,31,94,1,-1,-1,-1
201,57291,389,644,47,105,1,-1,-1,-1
201,57292,538,738,48,111,1,-1,-1,-1
201,57293,283,752,59,123,1,-1,-1,-1
201,57294,1437,552,32,93,1,-1,-1,-1
201,57295,1313,524,50,102,1,-1,-1,-1
201,57296,1339,522,43,93,1,-1,-1,-1
201,57297,1172,523,52,89,1,-1,-1,-1
201,57298,1030,493,51,81,1,-1,-1,-1
201,57299,920,516,34,89,1,-1,-1,-1
201,57300,1572,651,52,101,1,-1,-1,-1
201,57302,1491,631,55,85,1,-1,-1,-1
201,57303,1406,609,51,103,1,-1,-1,-1
201,57304,1124,550,52,85,1,-1,-1,-1
201,57305,1226,554,45,90,1,-1,-1,-1
201,57308,1544,648,41,89,1,-1,-1,-1
202,57285,600,338,46,72,1,-1,-1,-1
202,57286,926,440,45,74,1,-1,-1,-1
202,57287,391,427,37,79,1,-1,-1,-1
202,57288,664,646,43,96,1,-1,-1,-1
202,57289,338,417,38,73,1,-1,-1,-1
202,57290,314,512,31,93,1,-1,-1,-1
202,57291,388,644,46,105,1,-1,-1,-1
202,57292,540,740,49,110,1,-1,-1,-1
202,57293,285,753,58,124,1,-1,-1,-1
202,57294,1442,552,32,94,1,-1,-1,-1
202,57295,1315,525,50,102,1,-1,-1,-1
202,57296,1341,523,42,93,1,-1,-1,-1
202,57297,1173,523,53,90,1,-1,-1,-1
202,57298,1032,493,51,83,1,-1,-1,-1
202,57299,922,517,35,91,1,-1,-1,-1
202,57300,1579,653,53,101,1,-1,-1,-1
202,57302,1495,631,56,86,1,-1,-1,-1
202,57303,1411,610,51,103,1,-1,-1,-1
202,57304,1123,551,53,86,1,-1,-1,-1
202,57305,1226,553,47,91,1,-1,-1,-1
202,57308,1553,649,42,89,1,-1,-1,-1
203,57285,600,339,46,72,1,-1,-1,-1
203,57286,932,443,45,73,1,-1,-1,-1
203,57287,393,428,37,79,1,-1,-1,-1
203,57288,665,647,44,95,1,-1,-1,-1
203,57289,342,418,38,72,1,-1,-1,-1
203,57290,316,515,33,91,1,-1,-1,-1
203,57291,387,646,46,104,1,-1,-1,-1
203,57292,542,741,49,110,1,-1,-1,-1
203,57293,287,754,57,124,1,-1,-1,-1
203,57294,1448,552,33,95,1,-1,-1,-1
203,57295,1318,526,50,102,1,-1,-1,-1
203,57296,1344,523,42,95,1,-1,-1,-1
203,57297,1175,524,52,90,1,-1,-1,-1
203,57298,1035,492,51,86,1,-1,-1,-1
203,57299,924,518,36,92,1,-1,-1,-1
203,57300,1586,653,53,102,1,-1,-1,-1
203,57302,1497,632,57,85,1,-1,-1,-1
203,57303,1417,611,50,101,1,-1,-1,-1
203,57304,1122,550,55,89,1,-1,-1,-1
203,57305,1227,552,46,92,1,-1,-1,-1
203,57308,1562,650,43,88,1,-1,-1,-1
204,57285,600,340,45,72,1,-1,-1,-1
204,57286,940,448,44,72,1,-1,-1,-1
204,57287,396,428,37,79,1,-1,-1,-1
204,57288,667,648,45,93,1,-1,-1,-1
204,57289,347,418,38,74,1,-1,-1,-1
204,57290,319,518,34,90,1,-1,-1,-1
204,57291,387,648,45,102,1,-1,-1,-1
204,57292,545,742,50,110,1,-1,-1,-1
204,57293,290,757,56,123,1,-1,-1,-1
204,57294,1457,552,33,96,1,-1,-1,-1
204,57295,1321,528,50,101,1,-1,-1,-1
204,57296,1348,522,43,97,1,-1,-1,-1
204,57297,1176,527,52,88,1,-1,-1,-1
204,57298,1040,491,51,88,1,-1,-1,-1
204,57299,928,520,37,94,1,-1,-1,-1
204,57300,1594,653,52,103,1,-1,-1,-1
204,57302,1501,633,58,85,1,-1,-1,-1
204,57303,1424,611,49,100,1,-1,-1,-1
204,57304,1123,549,56,92,1,-1,-1,-1
204,57305,1227,550,47,93,1,-1,-1,-1
204,57308,1575,652,45,89,1,-1,-1,-1
205,57285,599,340,46,74,1,-1,-1,-1
205,57286,944,450,45,72,1,-1,-1,-1
205,57287,398,428,38,79,1,-1,-1,-1
205,57288,668,649,46,92,1,-1,-1,-1
205,57289,351,418,37,74,1,-1,-1,-1
205,57290,320,520,37,89,1,-1,-1,-1
205,57291,386,649,45,101,1,-1,-1,-1
205,57292,546,742,50,110,1,-1,-1,-1
205,57293,291,758,56,124,1,-1,-1,-1
205,57294,1461,551,34,97,1,-1,-1,-1
205,57295,1323,530,50,100,1,-1,-1,-1
205,57296,1351,522,42,98,1,-1,-1,-1
205,57297,1176,528,52,88,1,-1,-1,-1
205,57298,1043,492,50,88,1,-1,-1,-1
205,57299,929,521,39,95,1,-1,-1,-1
205,57300,1601,654,52,104,1,-1,-1,-1
205,57302,1503,634,58,85,1,-1,-1,-1
205,57303,1431,612,48,99,1,-1,-1,-1
205,57304,1123,549,56,93,1,-1,-1,-1
205,57305,1227,550,47,93,1,-1,-1,-1
205,57308,1581,653,46,89,1,-1,-1,-1
206,57285,599,341,46,74,1,-1,-1,-1
206,57286,947,452,46,70,1,-1,-1,-1
206,57287,402,429,39,79,1,-1,-1,-1
206,57288,668,649,48,92,1,-1,-1,-1
206,57289,356,419,36,74,1,-1,-1,-1
206,57290,322,520,39,90,1,-1,-1,-1
206,57291,385,648,46,102,1,-1,-1,-1
206,57292,547,742,52,110,1,-1,-1,-1
206,57293,292,761,56,122,1,-1,-1,-1
206,57294,1466,551,34,97,1,-1,-1,-1
206,57295,1326,531,50,100,1,-1,-1,-1
206,57296,1354,523,42,98,1,-1,-1,-1
206,57297,1176,529,51,88,1,-1,-1,-1
206,57298,1048,492,49,89,1,-1,-1,-1
206,57299,933,523,39,95,1,-1,-1,-1
206,57300,1608,654,52,105,1,-1,-1,-1
206,57302,1504,634,60,85,1,-1,-1,-1
206,57303,1438,613,47,97,1,-1,-1,-1
206,57304,1123,549,55,94,1,-1,-1,-1
206,57305,1229,549,46,95,1,-1,-1,-1
206,57308,1586,653,47,90,1,-1,-1,-1
207,57285,598,342,46,74,1,-1,-1,-1
207,57286,954,455,45,69,1,-1,-1,-1
207,57287,410,429,39,79,1,-1,-1,-1
207,57288,670,650,49,91,1,-1,-1,-1
207,57289,365,421,36,73,1,-1,-1,-1
207,57290,325,521,41,91,1,-1,-1,-1
207,57291,384,647,48,103,1,-1,-1,-1
207,57292,550,742,51,110,1,-1,-1,-1
207,57293,293,766,58,119,1,-1,-1,-1
207,57294,1475,551,34,96,1,-1,-1,-1
207,57295,1331,534,49,99,1,-1,-1,-1
207,57296,1359,525,42,99,1,-1,-1,-1
207,57297,1175,529,52,89,1,-1,-1,-1
207,57298,1053,493,48,90,1,-1,-1,-1
207,57299,938,528,39,95,1,-1,-1,-1
207,57300,1620,655,52,107,1,-1,-1,-1
207,57302,1508,634,60,85,1,-1,-1,-1
207,57303,1447,614,47,95,1,-1,-1,-1
207,57304,1122,550,55,93,1,-1,-1,-1
207,57305,1232,549,47,96,1,-1,-1,-1
207,57308,1595,653,49,92,1,-1,-1,-1
208,57285,597,343,47,74,1,-1,-1,-1
208,57286,955,456,47,69,1,-1,-1,-1
208,57287,414,429,39,79,1,-1,-1,-1
208,57288,669,650,51,91,1,-1,-1,-1
208,57289,368,421,36,74,1,-1,-1,-1
208,57290,325,521,43,92,1,-1,-1,-1
208,57291,383,647,51,103,1,-1,-1,-1
208,57292,551,742,50,110,1,-1,-1,-1
208,57293,293,767,59,119,1,-1,-1,-1
208,57294,1478,552,34,96,1,-1,-1,-1
208,57295,1333,534,49,100,1,-1,-1,-1
208,57296,1361,527,41,99,1,-1,-1,-1
208,57297,1174,529,52,90,1,-1,-1,-1
208,57298,1059,495,47,90,1,-1,-1,-1
208,57299,940,530,40,94,1,-1,-1,-1
208,57300,1624,655,51,108,1,-1,-1,-1
208,57302,1509,634,61,85,1,-1,-1,-1
208,57303,1451,615,47,94,1,-1,-1,-1
208,57304,1122,551,54,93,1,-1,-1,-1
208,57305,1233,549,48,96,1,-1,-1,-1
208,57308,1598,653,51,93,1,-1,-1,-1
209,57285,594,344,46,73,1,-1,-1,-1
209,57286,956,456,48,70,1,-1,-1,-1
209,57287,418,429,39,79,1,-1,-1,-1
209,57288,667,650,52,91,1,-1,-1,-1
209,57289,370,421,37,75,1,-1,-1,-1
209,57290,325,521,44,93,1,-1,-1,-1
209,57291,381,648,52,102,1,-1,-1,-1
209,57292,554,743,50,110,1,-1,-1,-1
209,57293,294,769,61,118,1,-1,-1,-1
209,57294,1484,552,34,96,1,-1,-1,-1
209,57295,1335,535,50,100,1,-1,-1,-1
209,57296,1363,528,41,99,1,-1,-1,-1
209,57297,1172,530,54,90,1,-1,-1,-1
209,57298,1064,496,46,91,1,-1,-1,-1
209,57299,940,532,40,93,1,-1,-1,-1
209,57300,1631,655,51,109,1,-1,-1,-1
209,57302,1508,634,62,85,1,-1,-1,-1
209,57303,1456,614,46,95,1,-1,-1,-1
209,57304,1121,551,53,93,1,-1,-1,-1
209,57305,1235,551,48,96,1,-1,-1,-1
209,57308,1602,652,51,93,1,-1,-1,-1
210,57285,587,344,45,73,1,-1,-1,-1
210,57286,957,456,49,72,1,-1,-1,-1
210,57287,425,429,39,79,1,-1,-1,-1
210,57288,663,650,53,92,1,-1,-1,-1
210,57289,371,421,38,76,1,-1,-1,-1
210,57290,325,521,45,94,1,-1,-1,-1
210,57291,379,651,50,100,1,-1,-1,-1
210,57292,561,744,50,110,1,-1,-1,-1
210,57293,298,770,62,121,1,-1,-1,-1
210,57294,1490,553,34,96,1,-1,-1,-1
210,57295,1340,534,50,101,1,-1,-1,-1
210,57296,1367,528,40,99,1,-1,-1,-1
210,57297,1170,530,54,92,1,-1,-1,-1
210,57298,1069,498,46,91,1,-1,-1,-1
210,57299,940,536,40,91,1,-1,-1,-1
210,57300,1638,655,51,110,1,-1,-1,-1
210,57302,1508,635,62,85,1,-1,-1,-1
210,57303,1460,613,47,96,1,-1,-1,-1
210,57304,1119,553,51,92,1,-1,-1,-1
210,57305,1237,552,48,96,1,-1,-1,-1
210,57308,1609,650,53,96,1,-1,-1,-1
211,57285,585,345,44,72,1,-1,-1,-1
211,57286,956,456,51,73,1,-1,-1,-1
211,57287,428,429,39,79,1,-1,-1,-1
211,57288,661,649,53,93,1,-1,-1,-1
211,57289,371,421,40,77,1,-1,-1,-1
211,57290,325,521,46,95,1,-1,-1,-1
211,57291,378,651,50,100,1,-1,-1,-1
211,57292,564,745,49,110,1,-1,-1,-1
211,57293,299,771,63,121,1,-1,-1,-1
211,57294,1497,554,33,96,1,-1,-1,-1
211,57295,1341,534,50,102,1,-1,-1,-1
211,57296,1369,528,40,99,1,-1,-1,-1
211,57297,1168,531,55,92,1,-1,-1,-1
211,57298,1075,499,45,92,1,-1,-1,-1
211,57299,939,538,41,90,1,-1,-1,-1
211,57300,1644,655,51,112,1,-1,-1,-1
211,57302,1507,636,63,85,1,-1,-1,-1
211,57303,1465,612,47,97,1,-1,-1,-1
211,57304,1119,553,50,92,1,-1,-1,-1
211,57305,1239,554,49,96,1,-1,-1,-1
211,57308,1612,649,53,97,1,-1,-1,-1
212,57285,584,346,45,73,1,-1,-1,-1
212,57286,957,457,52,73,1,-1,-1,-1
212,57287,429,429,39,79,1,-1,-1,-1
212,57288,659,648,54,94,1,-1,-1,-1
212,57289,374,421,41,78,1,-1,-1,-1
212,57290,325,521,46,96,1,-1,-1,-1
212,57291,377,649,50,102,1,-1,-1,-1
212,57292,567,745,49,111,1,-1,-1,-1
212,57293,298,772,63,121,1,-1,-1,-1
212,57294,1504,556,33,96,1,-1,-1,-1
212,57295,1344,535,50,102,1,-1,-1,-1
212,57296,1373,528,39,100,1,-1,-1,-1
212,57297,1167,532,55,92,1,-1,-1,-1
212,57298,1080,501,44,92,1,-1,-1,-1
212,57299,940,538,41,91,1,-1,-1,-1
212,57300,1651,655,51,113,1,-1,-1,-1
212,57302,1508,637,63,85,1,-1,-1,-1
212,57303,1469,611,48,98,1,-1,-1,-1
212,57304,1120,554,49,91,1,-1,-1,-1
212,57305,1241,557,50,95,1,-1,-1,-1
212,57308,1616,649,53,97,1,-1,-1,-1
213,57285,584,347,45,75,1,-1,-1,-1
213,57286,959,457,53,75,1,-1,-1,-1
213,57287,430,429,39,79,1,-1,-1,-1
213,57288,656,645,56,96,1,-1,-1,-1
213,57289,378,421,42,79,1,-1,-1,-1
213,57290,326,522,44,96,1,-1,-1,-1
213,57291,374,646,52,106,1,-1,-1,-1
213,57292,571,746,50,110,1,-1,-1,-1
213,57293,297,773,62,122,1,-1,-1,-1
213,57294,1512,557,33,96,1,-1,-1,-1
213,57295,1348,537,50,100,1,-1,-1,-1
213,57296,1379,529,38,99,1,-1,-1,-1
213,57297,1164,535,55,90,1,-1,-1,-1
213,57298,1087,503,44,93,1,-1,-1,-1
213,57299,941,539,43,92,1,-1,-1,-1
213,57300,1661,656,51,114,1,-1,-1,-1
213,57302,1507,638,63,85,1,-1,-1,-1
213,57303,1476,609,47,99,1,-1,-1,-1
213,57304,1119,554,50,91,1,-1,-1,-1
213,57305,1244,560,51,94,1,-1,-1,-1
213,57308,1622,649,53,98,1,-1,-1,-1
214,57285,584,348,45,76,1,-1,-1,-1
214,57286,960,457,53,75,1,-1,-1,-1
214,57287,428,428,40,79,1,-1,-1,-1
214,57288,655,643,57,98,1,-1,-1,-1
214,57289,381,421,43,80,1,-1,-1,-1
214,57290,326,522,44,98,1,-1,-1,-1
214,57291,374,645,52,106,1,-1,-1,-1
214,57292,573,747,50,110,1,-1,-1,-1
214,57293,297,773,62,123,1,-1,-1,-1
214,57294,1518,558,33,96,1,-1,-1,-1
214,57295,1350,538,50,100,1,-1,-1,-1
214,57296,1383,529,37,100,1,-1,-1,-1
214,57297,1162,536,55,90,1,-1,-1,-1
214,57298,1090,504,44,93,1,-1,-1,-1
214,57299,942,539,43,93,1,-1,-1,-1
214,57300,1666,656,51,115,1,-1,-1,-1
214,57302,1507,639,63,86,1,-1,-1,-1
214,57303,1480,609,47,99,1,-1,-1,-1
214,57304,1118,555,51,91,1,-1,-1,-1
214,57305,1245,561,52,94,1,-1,-1,-1
214,57308,1626,649,53,98,1,-1,-1,-1
215,57285,583,349,45,76,1,-1,-1,-1
215,57286,961,458,53,75,1,-1,-1,-1
215,57287,430,428,40,79,1,-1,-1,-1
215,57288,654,642,57,98,1,-1,-1,-1
215,57289,387,422,42,79,1,-1,-1,-1
215,57290,327,524,43,97,1,-1,-1,-1
215,57291,373,645,51,105,1,-1,-1,-1
215,57292,576,746,50,111,1,-1,-1,-1
215,57293,297,774,61,123,1,-1,-1,-1
215,57294,1524,559,33,97,1,-1,-1,-1
215,57295,1351,538,50,101,1,-1,-1,-1
215,57296,1387,531,36,98,1,-1,-1,-1
215,57297,1161,535,55,91,1,-1,-1,-1
215,57298,1094,505,43,94,1,-1,-1,-1
215,57299,943,541,43,93,1,-1,-1,-1
215,57300,1671,657,51,116,1,-1,-1,-1
215,57302,1507,640,63,86,1,-1,-1,-1
215,57303,1485,609,46,99,1,-1,-1,-1
215,57304,1118,556,51,91,1,-1,-1,-1
215,57305,1245,562,53,94,1,-1,-1,-1
215,57308,1630,651,52,97,1,-1,-1,-1
216,57285,582,349,45,77,1,-1,-1,-1
216,57286,962,459,53,75,1,-1,-1,-1
216,57287,433,427,42,79,1,-1,-1,-1
216,57288,653,641,57,99,1,-1,-1,-1
216,57289,392,422,42,79,1,-1,-1,-1
216,57290,327,525,43,97,1,-1,-1,-1
216,57291,373,645,50,104,1,-1,-1,-1
216,57292,578,746,51,112,1,-1,-1,-1
216,57293,297,775,61,123,1,-1,-1,-1
216,57294,1531,560,33,97,1,-1,-1,-1
216,57295,1352,539,49,100,1,-1,-1,-1
216,57296,1391,533,35,98,1,-1,-1,-1
216,57297,1159,535,56,91,1,-1,-1,-1
216,57298,1098,506,43,94,1,-1,-1,-1
216,57299,943,542,44,94,1,-1,-1,-1
216,57300,1677,658,51,116,1,-1,-1,-1
216,57302,1507,640,64,87,1,-1,-1,-1
216,57303,1490,610,46,99,1,-1,-1,-1
216,57304,1117,556,51,92,1,-1,-1,-1
216,57305,1246,561,53,95,1,-1,-1,-1
216,57308,1635,654,51,95,1,-1,-1,-1
217,57285,580,350,46,78,1,-1,-1,-1
217,57286,964,460,52,75,1,-1,-1,-1
217,57287,437,427,43,79,1,-1,-1,-1
217,57288,651,640,57,99,1,-1,-1,-1
217,57289,397,422,42,79,1,-1,-1,-1
217,57290,329,527,42,96,1,-1,-1,-1
217,57291,372,644,49,104,1,-1,-1,-1
217,57292,581,745,50,113,1,-1,-1,-1
217,57293,298,776,61,123,1,-1,-1,-1
217,57294,1538,561,33,98,1,-1,-1,-1
217,57295,1352,539,50,100,1,-1,-1,-1
217,57296,1395,536,34,98,1,-1,-1,-1
217,57297,1157,535,57,92,1,-1,-1,-1
217,57298,1102,508,42,93,1,-1,-1,-1
217,57299,943,544,45,93,1,-1,-1,-1
217,57300,1682,660,51,115,1,-1,-1,-1
217,57302,1507,641,64,87,1,-1,-1,-1
217,57303,1495,610,46,99,1,-1,-1,-1
217,57304,1115,557,53,92,1,-1,-1,-1
217,57305,1246,561,53,96,1,-1,-1,-1
217,57308,1639,657,52,93,1,-1,-1,-1
218,57285,579,351,45,78,1,-1,-1,-1
218,57286,966,461,51,75,1,-1,-1,-1
218,57287,442,426,43,79,1,-1,-1,-1
218,57288,650,639,57,99,1,-1,-1,-1
218,57289,402,423,42,78,1,-1,-1,-1
218,57290,329,529,43,95,1,-1,-1,-1
218,57291,371,644,48,103,1,-1,-1,-1
218,57292,584,745,50,113,1,-1,-1,-1
218,57293,299,777,60,123,1,-1,-1,-1
218,57294,1545,561,34,101,1,-1,-1,-1
218,57295,1352,539,50,100,1,-1,-1,-1
218,57296,1399,538,34,98,1,-1,-1,-1
218,57297,1156,534,57,92,1,-1,-1,-1
218,57298,1106,509,41,93,1,-1,-1,-1
218,57299,944,545,45,94,1,-1,-1,-1
218,57300,1688,661,51,116,1,-1,-1,-1
218,57302,1507,641,64,88,1,-1,-1,-1
218,57303,1500,611,45,98,1,-1,-1,-1
218,57304,1115,558,53,93,1,-1,-1,-1
218,57305,1246,561,54,96,1,-1,-1,-1
218,57308,1643,660,52,92,1,-1,-1,-1
219,57285,577,353,45,77,1,-1,-1,-1
219,57286,968,462,50,75,1,-1,-1,-1
219,57287,449,426,45,78,1,-1,-1,-1
219,57288,648,637,56,100,1,-1,-1,-1
219,57289,411,423,41,78,1,-1,-1,-1
219,57290,329,532,43,94,1,-1,-1,-1
219,57291,370,644,47,102,1,-1,-1,-1
219,57292,588,744,51,114,1,-1,-1,-1
219,57293,299,778,61,123,1,-1,-1,-1
219,57294,1556,563,34,102,1,-1,-1,-1
219,57295,1353,539,50,101,1,-1,-1,-1
219,57296,1403,540,34,98,1,-1,-1,-1
219,57297,1153,534,58,93,1,-1,-1,-1
219,57298,1113,511,40,93,1,-1,-1,-1
219,57299,944,547,46,93,1,-1,-1,-1
219,57300,1696,663,51,115,1,-1,-1,-1
219,57302,1507,641,65,91,1,-1,-1,-1
219,57303,1508,612,44,98,1,-1,-1,-1
219,57304,1114,559,53,93,1,-1,-1,-1
219,57305,1248,561,53,97,1,-1,-1,-1
219,57308,1649,664,53,90,1,-1,-1,-1
220,57285,576,354,45,78,1,-1,-1,-1
220,57286,969,463,49,75,1,-1,-1,-1
220,57287,452,426,46,78,1,-1,-1,-1
220,57288,648,637,56,100,1,-1,-1,-1
220,57289,415,424,40,76,1,-1,-1,-1
220,57290,330,533,43,94,1,-1,-1,-1
220,57291,370,644,46,102,1,-1,-1,-1
220,57292,591,744,50,114,1,-1,-1,-1
220,57293,299,779,62,123,1,-1,-1,-1
220,57294,1560,564,35,103,1,-1,-1,-1
220,57295,1354,540,50,101,1,-1,-1,-1
220,57296,1406,542,36,98,1,-1,-1,-1
220,57297,1152,534,58,93,1,-1,-1,-1
220,57298,1115,512,40,93,1,-1,-1,-1
220,57299,945,548,46,94,1,-1,-1,-1
220,57300,1700,664,51,116,1,-1,-1,-1
220,57302,1508,642,65,91,1,-1,-1,-1
220,57303,1511,612,45,98,1,-1,-1,-1
220,57304,1113,559,54,93,1,-1,-1,-1
220,57305,1249,561,51,98,1,-1,-1,-1
220,57308,1651,665,53,90,1,-1,-1,-1
221,57285,575,355,44,77,1,-1,-1,-1
221,57286,971,463,48,75,1,-1,-1,-1
221,57287,454,425,47,78,1,-1,-1,-1
221,57288,647,636,55,100,1,-1,-1,-1
221,57289,419,424,39,77,1,-1,-1,-1
221,57290,333,534,44,94,1,-1,-1,-1
221,57291,371,643,45,102,1,-1,-1,-1
221,57292,593,744,51,114,1,-1,-1,-1
221,57293,301,779,62,123,1,-1,-1,-1
221,57294,1567,565,35,103,1,-1,-1,-1
221,57295,1355,541,50,100,1,-1,-1,-1
221,57296,1410,544,35,97,1,-1,-1,-1
221,57297,1150,536,58,93,1,-1,-1,-1
221,57298,1120,513,38,93,1,-1,-1,-1
221,57299,945,550,47,93,1,-1,-1,-1
221,57300,1706,665,52,116,1,-1,-1,-1
221,57302,1507,642,65,92,1,-1,-1,-1
221,57303,1515,612,45,98,1,-1,-1,-1
221,57304,1112,560,55,94,1,-1,-1,-1
221,57305,1251,562,51,98,1,-1,-1,-1
221,57308,1651,667,55,89,1,-1,-1,-1
222,57285,573,357,44,76,1,-1,-1,-1
222,57286,973,464,47,75,1,-1,-1,-1
222,57287,456,425,48,78,1,-1,-1,-1
222,57288,645,636,55,100,1,-1,-1,-1
222,57289,424,425,38,75,1,-1,-1,-1
222,57290,337,535,45,94,1,-1,-1,-1
222,57291,371,642,46,103,1,-1,-1,-1
222,57292,596,745,50,114,1,-1,-1,-1
222,57293,303,780,62,123,1,-1,-1,-1
222,57294,1574,566,36,105,1,-1,-1,-1
222,57295,1357,543,49,100,1,-1,-1,-1
222,57296,1414,546,36,97,1,-1,-1,-1
222,57297,1150,538,56,93,1,-1,-1,-1
222,57298,1124,515,38,92,1,-1,-1,-1
222,57299,946,552,47,93,1,-1,-1,-1
222,57300,1713,667,52,116,1,-1,-1,-1
222,57302,1506,642,65,93,1,-1,-1,-1
222,57303,1520,612,45,98,1,-1,-1,-1
222,57304,1111,561,55,94,1,-1,-1,-1
222,57305,1254,563,51,98,1,-1,-1,-1
222,57308,1650,667,56,90,1,-1,-1,-1
223,57285,570,359,44,76,1,-1,-1,-1
223,57286,975,465,48,75,1,-1,-1,-1
223,57287,458,424,48,78,1,-1,-1,-1
223,57288,644,636,55,100,1,-1,-1,-1
223,57289,427,425,38,74,1,-1,-1,-1
223,57290,342,536,45,95,1,-1,-1,-1
223,57291,371,640,47,106,1,-1,-1,-1
223,57292,599,745,50,113,1,-1,-1,-1
223,57293,305,780,62,123,1,-1,-1,-1
223,57294,1583,567,37,106,1,-1,-1,-1
223,57295,1358,546,50,100,1,-1,-1,-1
223,57296,1417,549,37,97,1,-1,-1,-1
223,57297,1148,541,55,94,1,-1,-1,-1
223,57298,1130,516,36,92,1,-1,-1,-1
223,57299,946,553,48,93,1,-1,-1,-1
223,57300,1722,669,53,116,1,-1,-1,-1
223,57302,1505,642,65,94,1,-1,-1,-1
223,57303,1526,611,45,98,1,-1,-1,-1
223,57304,1110,562,55,95,1,-1,-1,-1
223,57305,1257,565,51,98,1,-1,-1,-1
223,57308,1650,668,57,90,1,-1,-1,-1
224,57285,570,361,43,75,1,-1,-1,-1
224,57286,976,465,47,76,1,-1,-1,-1
224,57287,460,424,48,78,1,-1,-1,-1
224,57288,641,636,55,99,1,-1,-1,-1
224,57289,432,425,37,74,1,-1,-1,-1
224,57290,344,536,46,96,1,-1,-1,-1
224,57291,372,640,47,105,1,-1,-1,-1
224,57292,603,746,48,112,1,-1,-1,-1
224,57293,307,781,61,123,1,-1,-1,-1
224,57294,1589,569,37,107,1,-1,-1,-1
224,57295,1358,547,49,100,1,-1,-1,-1
224,57296,1419,550,37,97,1,-1,-1,-1
224,57297,1148,542,53,94,1,-1,-1,-1
224,57298,1134,518,35,91,1,-1,-1,-1
224,57299,946,555,48,92,1,-1,-1,-1
224,57300,1727,670,54,116,1,-1,-1,-1
224,57302,1503,642,66,95,1,-1,-1,-1
224,57303,1528,611,46,98,1,-1,-1,-1
224,57304,1110,563,56,95,1,-1,-1,-1
224,57305,1260,566,50,98,1,-1,-1,-1
224,57308,1650,667,58,92,1,-1,-1,-1
225,57285,569,364,42,74,1,-1,-1,-1
225,57286,975,467,48,75,1,-1,-1,-1
225,57287,464,423,48,78,1,-1,-1,-1
225,57288,635,636,55,98,1,-1,-1,-1
225,57289,438,426,37,72,1,-1,-1,-1
225,57290,347,537,45,96,1,-1,-1,-1
225,57291,374,640,45,101,1,-1,-1,-1
225,57292,608,748,48,111,1,-1,-1,-1
225,57293,309,781,60,124,1,-1,-1,-1
225,57294,1598,572,38,108,1,-1,-1,-1
225,57295,1356,549,48,99,1,-1,-1,-1
225,57296,1419,551,39,98,1,-1,-1,-1
225,57297,1146,543,53,95,1,-1,-1,-1
225,57298,1139,522,35,90,1,-1,-1,-1
225,57299,946,558,48,92,1,-1,-1,-1
225,57300,1733,671,54,116,1,-1,-1,-1
225,57302,1501,642,66,96,1,-1,-1,-1
225,57303,1532,613,47,97,1,-1,-1,-1
225,57304,1111,566,56,96,1,-1,-1,-1
225,57305,1262,569,50,98,1,-1,-1,-1
225,57308,1650,665,61,97,1,-1,-1,-1
226,57285,569,365,42,74,1,-1,-1,-1
226,57286,975,468,48,75,1,-1,-1,-1
226,57287,471,423,47,76,1,-1,-1,-1
226,57288,633,636,55,97,1,-1,-1,-1
226,57289,440,426,37,72,1,-1,-1,-1
226,57290,348,537,44,97,1,-1,-1,-1
226,57291,374,640,45,100,1,-1,-1,-1
226,57292,609,748,48,111,1,-1,-1,-1
226,57293,311,782,57,123,1,-1,-1,-1
226,57294,1605,573,39,109,1,-1,-1,-1
226,57295,1356,550,47,99,1,-1,-1,-1
226,57296,1419,551,41,99,1,-1,-1,-1
226,57297,1145,543,53,96,1,-1,-1,-1
226,57298,1141,523,34,90,1,-1,-1,-1
226,57299,946,559,49,92,1,-1,-1,-1
226,57300,1738,672,55,116,1,-1,-1,-1
226,57302,1501,642,65,97,1,-1,-1,-1
226,57303,1534,614,47,96,1,-1,-1,-1
226,57304,1111,567,56,96,1,-1,-1,-1
226,57305,1264,570,48,98,1,-1,-1,-1
226,57308,1650,660,64,103,1,-1,-1,-1
227,57285,568,366,42,74,1,-1,-1,-1
227,57286,974,468,48,76,1,-1,-1,-1
227,57287,474,422,48,76,1,-1,-1,-1
227,57288,631,635,55,98,1,-1,-1,-1
227,57289,443,426,37,72,1,-1,-1,-1
227,57290,349,538,44,97,1,-1,-1,-1
227,57291,373,640,46,100,1,-1,-1,-1
227,57292,611,749,48,110,1,-1,-1,-1
227,57293,312,782,56,123,1,-1,-1,-1
227,57294,1611,575,39,109,1,-1,-1,-1
227,57295,1357,551,47,99,1,-1,-1,-1
227,57296,1420,551,42,100,1,-1,-1,-1
227,57297,1147,540,52,96,1,-1,-1,-1
227,57298,1144,527,34,91,1,-1,-1,-1
227,57299,946,560,48,92,1,-1,-1,-1
227,57300,1741,673,56,116,1,-1,-1,-1
227,57302,1499,643,66,97,1,-1,-1,-1
227,57303,1534,615,48,96,1,-1,-1,-1
227,57304,1111,568,56,97,1,-1,-1,-1
227,57305,1265,570,48,99,1,-1,-1,-1
227,57308,1651,658,66,105,1,-1,-1,-1
228,57285,567,368,42,74,1,-1,-1,-1
228,57286,973,468,49,76,1,-1,-1,-1
228,57287,477,421,48,76,1,-1,-1,-1
228,57288,629,633,56,100,1,-1,-1,-1
228,57289,445,426,38,72,1,-1,-1,-1
228,57290,352,539,42,96,1,-1,-1,-1
228,57291,372,639,47,102,1,-1,-1,-1
228,57292,614,749,47,110,1,-1,-1,-1
228,57293,312,783,56,123,1,-1,-1,-1
228,57294,1616,576,39,111,1,-1,-1,-1
228,57295,1359,552,47,99,1,-1,-1,-1
228,57296,1422,550,44,103,1,-1,-1,-1
228,57297,1149,536,51,95,1,-1,-1,-1
228,57298,1146,532,36,93,1,-1,-1,-1
228,57299,946,561,48,92,1,-1,-1,-1
228,57300,1744,674,56,117,1,-1,-1,-1
228,57302,1498,645,65,97,1,-1,-1,-1
228,57303,1534,615,49,97,1,-1,-1,-1
228,57304,1109,570,56,97,1,-1,-1,-1
228,57305,1267,571,48,99,1,-1,-1,-1
228,57308,1654,658,65,105,1,-1,-1,-1
229,57285,566,369,41,74,1,-1,-1,-1
229,57286,973,468,47,76,1,-1,-1,-1
229,57287,479,421,50,76,1,-1,-1,-1
229,57288,628,631,55,102,1,-1,-1,-1
229,57289,447,426,39,73,1,-1,-1,-1
229,57290,354,539,42,97,1,-1,-1,-1
229,57291,370,639,48,103,1,-1,-1,-1
229,57292,617,748,46,110,1,-1,-1,-1
229,57293,312,783,55,123,1,-1,-1,-1
229,57294,1621,578,40,111,1,-1,-1,-1
229,57295,1360,553,48,100,1,-1,-1,-1
229,57296,1424,549,45,106,1,-1,-1,-1
229,57297,1153,532,49,95,1,-1,-1,-1
229,57298,1148,538,37,95,1,-1,-1,-1
229,57299,946,562,48,92,1,-1,-1,-1
229,57300,1747,676,55,116,1,-1,-1,-1
229,57302,1497,646,64,98,1,-1,-1,-1
229,57303,1534,615,50,97,1,-1,-1,-1
229,57304,1108,571,56,98,1,-1,-1,-1
229,57305,1268,572,48,100,1,-1,-1,-1
229,57308,1657,659,64,104,1,-1,-1,-1
230,57285,564,371,42,74,1,-1,-1,-1
230,57286,973,469,47,76,1,-1,-1,-1
230,57287,481,420,51,76,1,-1,-1,-1
230,57288,626,629,56,103,1,-1,-1,-1
230,57289,450,425,41,74,1,-1,-1,-1
230,57290,355,540,43,97,1,-1,-1,-1
230,57291,369,638,48,105,1,-1,-1,-1
230,57292,620,748,45,110,1,-1,-1,-1
230,57293,312,784,55,123,1,-1,-1,-1
230,57294,1626,579,40,112,1,-1,-1,-1
230,57295,1361,554,50,100,1,-1,-1,-1
230,57296,1426,549,47,107,1,-1,-1,-1
230,57297,1156,527,48,95,1,-1,-1,-1
230,57298,1150,544,40,97,1,-1,-1,-1
230,57299,945,563,49,92,1,-1,-1,-1
230,57300,1749,677,56,116,1,-1,-1,-1
230,57302,1496,648,63,98,1,-1,-1,-1
230,57303,1534,615,50,99,1,-1,-1,-1
230,57304,1107,572,56,98,1,-1,-1,-1
230,57305,1270,573,47,101,1,-1,-1,-1
230,57308,1660,660,64,104,1,-1,-1,-1
231,57285,564,372,42,75,1,-1,-1,-1
231,57286,972,469,47,76,1,-1,-1,-1
231,57287,484,420,53,76,1,-1,-1,-1
231,57288,625,628,55,103,1,-1,-1,-1
231,57289,452,425,41,74,1,-1,-1,-1
231,57290,357,541,43,97,1,-1,-1,-1
231,57291,369,637,48,105,1,-1,-1,-1
231,57292,623,748,45,110,1,-1,-1,-1
231,57293,314,785,55,122,1,-1,-1,-1
231,57294,1633,581,39,110,1,-1,-1,-1
231,57295,1363,554,50,102,1,-1,-1,-1
231,57296,1430,550,47,108,1,-1,-1,-1
231,57297,1160,526,46,95,1,-1,-1,-1
231,57298,1149,546,42,99,1,-1,-1,-1
231,57299,944,563,49,92,1,-1,-1,-1
231,57300,1752,678,55,117,1,-1,-1,-1
231,57302,1495,649,63,98,1,-1,-1,-1
231,57303,1535,615,51,99,1,-1,-1,-1
231,57304,1106,574,56,98,1,-1,-1,-1
231,57305,1271,574,47,101,1,-1,-1,-1
231,57308,1662,662,63,103,1,-1,-1,-1
232,57285,564,374,42,75,1,-1,-1,-1
232,57286,972,469,46,76,1,-1,-1,-1
232,57287,491,420,54,76,1,-1,-1,-1
232,57288,623,626,55,103,1,-1,-1,-1
232,57289,457,425,40,74,1,-1,-1,-1
232,57290,360,543,43,96,1,-1,-1,-1
232,57291,368,635,47,105,1,-1,-1,-1
232,57292,628,747,45,110,1,-1,-1,-1
232,57293,316,788,56,120,1,-1,-1,-1
232,57294,1645,582,38,109,1,-1,-1,-1
232,57295,1366,555,50,103,1,-1,-1,-1
232,57296,1437,551,48,109,1,-1,-1,-1
232,57297,1164,527,46,96,1,-1,-1,-1
232,57298,1147,547,43,99,1,-1,-1,-1
232,57299,941,563,49,92,1,-1,-1,-1
232,57300,1757,681,54,116,1,-1,-1,-1
232,57302,1494,650,62,98,1,-1,-1,-1
232,57303,1538,613,52,101,1,-1,-1,-1
232,57304,1104,576,56,99,1,-1,-1,-1
232,57305,1276,574,48,104,1,-1,-1,-1
232,57308,1665,666,60,100,1,-1,-1,-1
233,57285,565,375,42,76,1,-1,-1,-1
233,57286,971,469,46,76,1,-1,-1,-1
233,57287,494,420,54,76,1,-1,-1,-1
233,57288,622,625,55,104,1,-1,-1,-1
233,57289,459,425,40,74,1,-1,-1,-1
233,57290,361,544,43,95,1,-1,-1,-1
233,57291,368,634,47,105,1,-1,-1,-1
233,57292,630,747,46,110,1,-1,-1,-1
233,57293,317,789,57,120,1,-1,-1,-1
233,57294,1650,583,39,107,1,-1,-1,-1
233,57295,1368,556,50,103,1,-1,-1,-1
233,57296,1440,552,48,110,1,-1,-1,-1
233,57297,1166,528,45,95,1,-1,-1,-1
233,57298,1144,548,44,98,1,-1,-1,-1
233,57299,940,564,50,92,1,-1,-1,-1
233,57300,1759,682,54,116,1,-1,-1,-1
233,57302,1495,651,60,97,1,-1,-1,-1
233,57303,1539,613,53,101,1,-1,-1,-1
233,57304,1103,577,56,99,1,-1,-1,-1
233,57305,1277,574,48,105,1,-1,-1,-1
233,57308,1666,667,59,100,1,-1,-1,-1
234,57285,566,376,41,76,1,-1,-1,-1
234,57286,971,469,44,76,1,-1,-1,-1
234,57287,498,420,54,76,1,-1,-1,-1
234,57288,622,624,54,104,1,-1,-1,-1
234,57289,461,424,40,74,1,-1,-1,-1
234,57290,363,544,44,96,1,-1,-1,-1
234,57291,368,633,46,104,1,-1,-1,-1
234,57292,633,747,47,110,1,-1,-1,-1
234,57293,319,789,58,120,1,-1,-1,-1
234,57294,1658,584,38,108,1,-1,-1,-1
234,57295,1369,557,50,103,1,-1,-1,-1
234,57296,1444,554,48,109,1,-1,-1,-1
234,57297,1170,529,44,95,1,-1,-1,-1
234,57298,1141,548,45,99,1,-1,-1,-1
234,57299,939,565,50,92,1,-1,-1,-1
234,57300,1763,683,53,115,1,-1,-1,-1
234,57302,1495,652,60,97,1,-1,-1,-1
234,57303,1540,613,52,101,1,-1,-1,-1
234,57304,1104,578,55,99,1,-1,-1,-1
234,57305,1279,575,47,105,1,-1,-1,-1
234,57308,1667,668,58,100,1,-1,-1,-1
235,57285,567,377,41,76,1,-1,-1,-1
235,57286,970,470,44,76,1,-1,-1,-1
235,57287,502,419,54,76,1,-1,-1,-1
235,57288,622,623,54,104,1,-1,-1,-1
235,57289,464,423,40,75,1,-1,-1,-1
235,57290,366,544,44,96,1,-1,-1,-1
235,57291,369,632,44,104,1,-1,-1,-1
235,57292,637,747,47,111,1,-1,-1,-1
235,57293,322,790,58,120,1,-1,-1,-1
235,57294,1666,585,39,109,1,-1,-1,-1
235,57295,1369,558,50,104,1,-1,-1,-1
235,57296,1449,556,47,108,1,-1,-1,-1
235,57297,1173,530,44,95,1,-1,-1,-1
235,57298,1138,549,47,98,1,-1,-1,-1
235,57299,938,566,49,92,1,-1,-1,-1
235,57300,1767,684,54,115,1,-1,-1,-1
235,57302,1496,653,60,98,1,-1,-1,-1
235,57303,1541,614,52,101,1,-1,-1,-1
235,57304,1103,580,55,98,1,-1,-1,-1
235,57305,1280,577,46,103,1,-1,-1,-1
235,57308,1668,668,58,101,1,-1,-1,-1
236,57285,567,378,41,77,1,-1,-1,-1
236,57286,970,470,43,77,1,-1,-1,-1
236,57287,507,418,54,76,1,-1,-1,-1
236,57288,623,623,54,103,1,-1,-1,-1
236,57289,466,423,40,75,1,-1,-1,-1
236,57290,369,545,44,96,1,-1,-1,-1
236,57291,370,632,43,103,1,-1,-1,-1
236,57292,641,747,47,112,1,-1,-1,-1
236,57293,325,791,58,119,1,-1,-1,-1
236,57294,1675,586,39,111,1,-1,-1,-1
236,57295,1370,558,49,105,1,-1,-1,-1
236,57296,1453,558,47,108,1,-1,-1,-1
236,57297,1176,531,44,95,1,-1,-1,-1
236,57298,1135,549,48,98,1,-1,-1,-1
236,57299,938,567,48,92,1,-1,-1,-1
236,57300,1771,686,55,115,1,-1,-1,-1
236,57302,1497,654,59,98,1,-1,-1,-1
236,57303,1542,614,51,100,1,-1,-1,-1
236,57304,1104,582,54,98,1,-1,-1,-1
236,57305,1281,580,46,101,1,-1,-1,-1
236,57308,1669,668,58,102,1,-1,-1,-1
237,57285,567,380,41,77,1,-1,-1,-1
237,57286,970,470,41,77,1,-1,-1,-1
237,57287,512,417,53,77,1,-1,-1,-1
237,57288,624,622,52,102,1,-1,-1,-1
237,57289,469,422,39,75,1,-1,-1,-1
237,57290,373,545,43,96,1,-1,-1,-1
237,57291,370,631,42,103,1,-1,-1,-1
237,57292,645,747,48,113,1,-1,-1,-1
237,57293,328,791,58,120,1,-1,-1,-1
237,57294,1684,587,38,112,1,-1,-1,-1
237,57295,1371,559,49,105,1,-1,-1,-1
237,57296,1458,560,46,108,1,-1,-1,-1
237,57297,1180,532,43,95,1,-1,-1,-1
237,57298,1132,549,49,99,1,-1,-1,-1
237,57299,937,568,48,92,1,-1,-1,-1
237,57300,1775,687,56,115,1,-1,-1,-1
237,57302,1498,655,59,99,1,-1,-1,-1
237,57303,1543,615,51,99,1,-1,-1,-1
237,57304,1104,584,54,98,1,-1,-1,-1
237,57305,1281,582,45,101,1,-1,-1,-1
237,57308,1670,668,57,103,1,-1,-1,-1
238,57285,569,383,40,77,1,-1,-1,-1
238,57286,972,470,42,77,1,-1,-1,-1
238,57287,523,416,51,77,1,-1,-1,-1
238,57288,624,620,53,102,1,-1,-1,-1
238,57289,473,423,38,74,1,-1,-1,-1
238,57290,377,546,44,96,1,-1,-1,-1
238,57291,373,630,42,105,1,-1,-1,-1
238,57292,651,746,48,111,1,-1,-1,-1
238,57293,332,790,57,122,1,-1,-1,-1
238,57294,1695,588,39,115,1,-1,-1,-1
238,57295,1376,559,50,107,1,-1,-1,-1
238,57296,1464,563,45,107,1,-1,-1,-1
238,57297,1188,534,45,95,1,-1,-1,-1
238,57298,1132,552,46,90,1,-1,-1,-1
238,57299,939,566,47,92,1,-1,-1,-1
238,57300,1786,689,57,115,1,-1,-1,-1
238,57302,1496,660,57,95,1,-1,-1,-1
238,57303,1544,616,49,98,1,-1,-1,-1
238,57304,1102,585,53,100,1,-1,-1,-1
238,57305,1286,582,47,104,1,-1,-1,-1
238,57308,1670,668,59,105,1,-1,-1,-1
239,57285,571,384,39,78,1,-1,-1,-1
239,57286,974,471,41,77,1,-1,-1,-1
239,57287,529,415,50,77,1,-1,-1,-1
239,57288,625,619,52,102,1,-1,-1,-1
239,57289,475,423,37,73,1,-1,-1,-1
239,57290,380,546,43,97,1,-1,-1,-1
239,57291,374,629,43,105,1,-1,-1,-1
239,57292,655,746,48,110,1,-1,-1,-1
239,57293,333,790,56,123,1,-1,-1,-1
239,57294,1702,589,38,116,1,-1,-1,-1
239,57295,1379,560,49,108,1,-1,-1,-1
239,57296,1467,564,44,107,1,-1,-1,-1
239,57297,1192,535,45,95,1,-1,-1,-1
239,57298,1130,553,46,88,1,-1,-1,-1
239,57299,940,565,47,93,1,-1,-1,-1
239,57300,1791,691,58,115,1,-1,-1,-1
239,57302,1495,661,55,96,1,-1,-1,-1
239,57303,1546,616,49,98,1,-1,-1,-1
239,57304,1101,585,53,101,1,-1,-1,-1
239,57305,1289,583,47,106,1,-1,-1,-1
239,57308,1671,669,60,105,1,-1,-1,-1
240,57285,573,385,40,78,1,-1,-1,-1
240,57286,975,471,41,77,1,-1,-1,-1
240,57287,535,415,48,77,1,-1,-1,-1
240,57288,625,619,52,101,1,-1,-1,-1
240,57289,477,423,37,73,1,-1,-1,-1
240,57290,382,546,42,97,1,-1,-1,-1
240,57291,376,629,42,103,1,-1,-1,-1
240,57292,658,745,48,110,1,-1,-1,-1
240,57293,333,791,55,123,1,-1,-1,-1
240,57294,1709,590,37,116,1,-1,-1,-1
240,57295,1380,561,51,108,1,-1,-1,-1
240,57296,1470,565,44,107,1,-1,-1,-1
240,57297,1197,536,45,95,1,-1,-1,-1
240,57298,1128,553,47,89,1,-1,-1,-1
240,57299,941,564,47,94,1,-1,-1,-1
240,57300,1794,692,60,115,1,-1,-1,-1
240,57302,1494,663,53,95,1,-1,-1,-1
240,57303,1548,617,49,97,1,-1,-1,-1
240,57304,1102,586,52,101,1,-1,-1,-1
240,57305,1292,584,47,107,1,-1,-1,-1
240,57308,1673,670,60,104,1,-1,-1,-1
241,57285,577,387,38,77,1,-1,-1,-1
241,57286,976,471,42,77,1,-1,-1,-1
241,57287,540,414,47,76,1,-1,-1,-1
241,57288,625,618,51,102,1,-1,-1,-1
241,57289,479,423,38,73,1,-1,-1,-1
241,57290,386,546,41,98,1,-1,-1,-1
241,57291,377,628,43,103,1,-1,-1,-1
241,57292,663,745,48,110,1,-1,-1,-1
241,57293,334,792,55,123,1,-1,-1,-1
241,57294,1718,591,36,116,1,-1,-1,-1
241,57295,1383,562,51,109,1,-1,-1,-1
241,57296,1474,565,44,108,1,-1,-1,-1
241,57297,1201,537,46,95,1,-1,-1,-1
241,57298,1125,553,49,91,1,-1,-1,-1
241,57299,943,563,47,95,1,-1,-1,-1
241,57300,1799,692,61,116,1,-1,-1,-1
241,57302,1495,664,52,95,1,-1,-1,-1
241,57303,1550,617,50,97,1,-1,-1,-1
241,57304,1102,587,52,101,1,-1,-1,-1
241,57305,1295,585,48,107,1,-1,-1,-1
241,57308,1675,670,59,105,1,-1,-1,-1
242,57285,581,389,37,75,1,-1,-1,-1
242,57286,976,471,42,77,1,-1,-1,-1
242,57287,547,413,46,76,1,-1,-1,-1
242,57288,625,618,51,101,1,-1,-1,-1
242,57289,481,423,39,73,1,-1,-1,-1
242,57290,391,547,40,97,1,-1,-1,-1
242,57291,378,628,43,100,1,-1,-1,-1
242,57292,670,744,48,110,1,-1,-1,-1
242,57293,336,792,54,123,1,-1,-1,-1
242,57294,1726,592,36,116,1,-1,-1,-1
242,57295,1386,563,51,109,1,-1,-1,-1
242,57296,1477,566,44,108,1,-1,-1,-1
242,57297,1206,538,46,95,1,-1,-1,-1
242,57298,1122,553,50,93,1,-1,-1,-1
242,57299,944,562,47,97,1,-1,-1,-1
242,57300,1805,693,60,116,1,-1,-1,-1
242,57302,1496,665,52,96,1,-1,-1,-1
242,57303,1553,617,50,98,1,-1,-1,-1
242,57304,1104,588,51,102,1,-1,-1,-1
242,57305,1300,586,48,107,1,-1,-1,-1
242,57308,1676,671,59,105,1,-1,-1,-1
243,57285,586,393,35,72,1,-1,-1,-1
243,57286,977,472,43,77,1,-1,-1,-1
243,57287,553,413,47,75,1,-1,-1,-1
243,57288,626,617,50,101,1,-1,-1,-1
243,57289,483,424,41,72,1,-1,-1,-1
243,57290,395,547,40,97,1,-1,-1,-1
243,57291,379,627,43,98,1,-1,-1,-1
243,57292,678,744,48,110,1,-1,-1,-1
243,57293,337,793,56,123,1,-1,-1,-1
243,57294,1738,593,35,116,1,-1,-1,-1
243,57295,1389,564,51,110,1,-1,-1,-1
243,57296,1480,566,44,109,1,-1,-1,-1
243,57297,1211,538,46,95,1,-1,-1,-1
243,57298,1118,553,53,96,1,-1,-1,-1
243,57299,946,561,47,98,1,-1,-1,-1
243,57300,1813,694,59,116,1,-1,-1,-1
243,57302,1498,665,51,97,1,-1,-1,-1
243,57303,1555,617,51,99,1,-1,-1,-1
243,57304,1105,589,51,102,1,-1,-1,-1
243,57305,1306,587,47,108,1,-1,-1,-1
243,57308,1677,672,58,104,1,-1,-1,-1
244,57285,589,394,35,72,1,-1,-1,-1
244,57286,977,472,43,78,1,-1,-1,-1
244,57287,560,412,47,75,1,-1,-1,-1
244,57288,627,617,49,100,1,-1,-1,-1
244,57289,482,423,42,73,1,-1,-1,-1
244,57290,399,548,40,97,1,-1,-1,-1
244,57291,379,626,45,98,1,-1,-1,-1
244,57292,683,743,48,111,1,-1,-1,-1
244,57293,340,794,56,123,1,-1,-1,-1
244,57294,1746,594,35,116,1,-1,-1,-1
244,57295,1392,565,51,110,1,-1,-1,-1
244,57296,1484,566,43,110,1,-1,-1,-1
244,57297,1214,539,47,95,1,-1,-1,-1
244,57298,1116,553,54,97,1,-1,-1,-1
244,57299,947,561,47,98,1,-1,-1,-1
244,57300,1817,694,58,117,1,-1,-1,-1
244,57302,1499,666,51,97,1,-1,-1,-1
244,57303,1555,618,52,98,1,-1,-1,-1
244,57304,1106,590,51,102,1,-1,-1,-1
244,57305,1308,588,47,108,1,-1,-1,-1
244,57308,1680,673,57,104,1,-1,-1,-1
245,57285,593,393,34,74,1,-1,-1,-1
245,57286,977,472,43,78,1,-1,-1,-1
245,57287,568,411,47,75,1,-1,-1,-1
245,57288,629,616,49,100,1,-1,-1,-1
245,57289,478,423,44,73,1,-1,-1,-1
245,57290,404,548,39,97,1,-1,-1,-1
245,57291,380,625,45,99,1,-1,-1,-1
245,57292,689,743,47,111,1,-1,-1,-1
245,57293,343,794,57,123,1,-1,-1,-1
245,57294,1754,595,35,116,1,-1,-1,-1
245,57295,1395,566,50,110,1,-1,-1,-1
245,57296,1487,567,44,110,1,-1,-1,-1
245,57297,1216,540,48,95,1,-1,-1,-1
245,57298,1115,553,54,96,1,-1,-1,-1
245,57299,949,560,47,100,1,-1,-1,-1
245,57300,1821,694,58,118,1,-1,-1,-1
245,57302,1501,667,51,98,1,-1,-1,-1
245,57303,1555,618,52,99,1,-1,-1,-1
245,57304,1107,591,51,103,1,-1,-1,-1
245,57305,1311,589,47,109,1,-1,-1,-1
245,57308,1683,673,57,105,1,-1,-1,-1
246,57285,596,393,35,74,1,-1,-1,-1
246,57286,978,473,43,78,1,-1,-1,-1
246,57287,581,410,46,75,1,-1,-1,-1
246,57288,634,615,47,99,1,-1,-1,-1
246,57289,472,422,45,74,1,-1,-1,-1
246,57290,407,548,40,97,1,-1,-1,-1
246,57291,381,623,46,101,1,-1,-1,-1
246,57292,698,743,46,111,1,-1,-1,-1
246,57293,348,795,58,123,1,-1,-1,-1
246,57294,1763,596,34,116,1,-1,-1,-1
246,57295,1400,567,49,111,1,-1,-1,-1
246,57296,1490,567,44,111,1,-1,-1,-1
246,57297,1220,540,48,95,1,-1,-1,-1
246,57298,1113,553,54,95,1,-1,-1,-1
246,57299,951,558,48,103,1,-1,-1,-1
246,57300,1826,694,59,119,1,-1,-1,-1
246,57302,1502,668,53,99,1,-1,-1,-1
246,57303,1553,618,51,100,1,-1,-1,-1
246,57304,1108,592,51,103,1,-1,-1,-1
246,57305,1312,590,47,109,1,-1,-1,-1
246,57308,1689,673,57,105,1,-1,-1,-1
247,57285,599,392,36,76,1,-1,-1,-1
247,57286,979,473,43,78,1,-1,-1,-1
247,57287,587,409,46,75,1,-1,-1,-1
247,57288,636,614,47,99,1,-1,-1,-1
247,57289,470,421,46,75,1,-1,-1,-1
247,57290,412,549,39,97,1,-1,-1,-1
247,57291,381,622,46,101,1,-1,-1,-1
247,57292,702,743,46,111,1,-1,-1,-1
247,57293,350,795,59,123,1,-1,-1,-1
247,57294,1773,597,34,116,1,-1,-1,-1
247,57295,1403,568,48,111,1,-1,-1,-1
247,57296,1494,567,44,111,1,-1,-1,-1
247,57297,1223,541,49,95,1,-1,-1,-1
247,57298,1112,553,54,94,1,-1,-1,-1
247,57299,952,558,47,102,1,-1,-1,-1
247,57300,1829,695,59,120,1,-1,-1,-1
247,57302,1503,668,53,100,1,-1,-1,-1
247,57303,1553,618,51,100,1,-1,-1,-1
247,57304,1108,593,51,104,1,-1,-1,-1
247,57305,1313,591,48,110,1,-1,-1,-1
247,57308,1691,673,57,106,1,-1,-1,-1
248,57285,603,391,37,77,1,-1,-1,-1
248,57286,979,473,43,78,1,-1,-1,-1
248,57287,593,408,45,75,1,-1,-1,-1
248,57288,637,614,46,98,1,-1,-1,-1
248,57289,470,421,46,75,1,-1,-1,-1
248,57290,416,549,39,97,1,-1,-1,-1
248,57291,382,621,46,101,1,-1,-1,-1
248,57292,707,743,45,111,1,-1,-1,-1
248,57293,351,796,60,123,1,-1,-1,-1
248,57294,1782,598,34,116,1,-1,-1,-1
248,57295,1407,569,48,111,1,-1,-1,-1
248,57296,1497,568,44,111,1,-1,-1,-1
248,57297,1226,542,49,95,1,-1,-1,-1
248,57298,1107,554,54,93,1,-1,-1,-1
248,57299,953,558,47,101,1,-1,-1,-1
248,57300,1832,696,59,120,1,-1,-1,-1
248,57302,1503,669,53,100,1,-1,-1,-1
248,57303,1555,618,50,100,1,-1,-1,-1
248,57304,1109,593,51,104,1,-1,-1,-1
248,57305,1314,592,49,110,1,-1,-1,-1
248,57308,1694,674,56,106,1,-1,-1,-1
249,57285,606,390,38,78,1,-1,-1,-1
249,57286,979,473,43,78,1,-1,-1,-1
249,57287,598,408,45,74,1,-1,-1,-1
249,57288,639,613,45,98,1,-1,-1,-1
249,57289,470,420,48,76,1,-1,-1,-1
249,57290,420,549,39,97,1,-1,-1,-1
249,57291,382,620,47,100,1,-1,-1,-1
249,57292,712,743,45,110,1,-1,-1,-1
249,57293,352,796,60,123,1,-1,-1,-1
249,57294,1791,599,34,117,1,-1,-1,-1
249,57295,1411,569,49,112,1,-1,-1,-1
249,57296,1500,568,45,113,1,-1,-1,-1
249,57297,1230,542,49,95,1,-1,-1,-1
249,57298,1102,554,53,92,1,-1,-1,-1
249,57299,955,558,46,99,1,-1,-1,-1
249,57300,1836,698,59,119,1,-1,-1,-1
249,57302,1504,670,53,101,1,-1,-1,-1
249,57303,1557,618,51,101,1,-1,-1,-1
249,57304,1110,594,51,104,1,-1,-1,-1
249,57305,1314,593,50,111,1,-1,-1,-1
249,57308,1696,675,56,105,1,-1,-1,-1
250,57285,611,389,40,80,1,-1,-1,-1
250,57286,979,474,42,78,1,-1,-1,-1
250,57287,608,406,44,75,1,-1,-1,-1
250,57288,641,613,45,98,1,-1,-1,-1
250,57289,473,419,48,77,1,-1,-1,-1
250,57290,427,550,39,97,1,-1,-1,-1
250,57291,384,617,45,100,1,-1,-1,-1
250,57292,718,743,45,110,1,-1,-1,-1
250,57293,354,797,59,123,1,-1,-1,-1
250,57294,1801,600,33,117,1,-1,-1,-1
250,57295,1418,571,50,113,1,-1,-1,-1
250,57296,1505,568,45,114,1,-1,-1,-1
250,57297,1234,543,50,96,1,-1,-1,-1
250,57298,1096,554,52,90,1,-1,-1,-1
250,57299,958,558,44,95,1,-1,-1,-1
250,57300,1841,701,60,117,1,-1,-1,-1
250,57302,1504,671,55,103,1,-1,-1,-1
250,57303,1561,618,52,102,1,-1,-1,-1
250,57304,1110,595,53,105,1,-1,-1,-1
250,57305,1316,594,51,112,1,-1,-1,-1
250,57308,1699,678,56,103,1,-1,-1,-1
251,57285,613,389,41,81,1,-1,-1,-1
251,57286,979,474,43,78,1,-1,-1,-1
251,57287,611,405,44,75,1,-1,-1,-1
251,57288,642,613,45,97,1,-1,-1,-1
251,57289,474,418,48,78,1,-1,-1,-1
251,57290,429,551,40,97,1,-1,-1,-1
251,57291,385,616,45,99,1,-1,-1,-1
251,57292,721,742,45,110,1,-1,-1,-1
251,57293,355,798,58,123,1,-1,-1,-1
251,57294,1803,600,33,117,1,-1,-1,-1
251,57295,1420,572,51,113,1,-1,-1,-1
251,57296,1507,569,46,114,1,-1,-1,-1
251,57297,1236,544,50,96,1,-1,-1,-1
251,57298,1093,554,51,89,1,-1,-1,-1
251,57299,960,558,43,93,1,-1,-1,-1
251,57300,1843,703,60,116,1,-1,-1,-1
251,57302,1504,672,55,103,1,-1,-1,-1
251,57303,1563,618,52,102,1,-1,-1,-1
251,57304,1111,596,52,105,1,-1,-1,-1
251,57305,1316,595,52,112,1,-1,-1,-1
251,57308,1701,678,54,104,1,-1,-1,-1
252,57285,617,388,42,81,1,-1,-1,-1
252,57286,979,474,44,78,1,-1,-1,-1
252,57287,617,403,44,76,1,-1,-1,-1
252,57288,645,611,44,97,1,-1,-1,-1
252,57289,475,419,48,77,1,-1,-1,-1
252,57290,432,550,40,97,1,-1,-1,-1
252,57291,386,615,46,99,1,-1,-1,-1
252,57292,727,742,45,111,1,-1,-1,-1
252,57293,356,798,59,123,1,-1,-1,-1
252,57294,1810,601,33,117,1,-1,-1,-1
252,57295,1424,573,51,113,1,-1,-1,-1
252,57296,1511,569,46,114,1,-1,-1,-1
252,57297,1240,544,50,96,1,-1,-1,-1
252,57298,1091,554,51,90,1,-1,-1,-1
252,57299,961,558,44,92,1,-1,-1,-1
252,57300,1847,703,60,117,1,-1,-1,-1
252,57302,1505,673,55,103,1,-1,-1,-1
252,57303,1563,619,53,102,1,-1,-1,-1
252,57304,1111,597,53,105,1,-1,-1,-1
252,57305,1319,596,52,112,1,-1,-1,-1
252,57308,1703,679,55,103,1,-1,-1,-1
253,57285,622,387,44,80,1,-1,-1,-1
253,57286,980,474,44,78,1,-1,-1,-1
253,57287,624,400,44,77,1,-1,-1,-1
253,57288,649,609,43,97,1,-1,-1,-1
253,57289,478,419,47,77,1,-1,-1,-1
253,57290,434,550,40,97,1,-1,-1,-1
253,57291,388,613,45,101,1,-1,-1,-1
253,57292,733,742,46,111,1,-1,-1,-1
253,57293,359,798,58,123,1,-1,-1,-1
253,57294,1819,602,33,117,1,-1,-1,-1
253,57295,1428,573,50,114,1,-1,-1,-1
253,57296,1517,570,45,113,1,-1,-1,-1
253,57297,1245,544,50,96,1,-1,-1,-1
253,57298,1090,553,51,92,1,-1,-1,-1
253,57299,964,556,44,94,1,-1,-1,-1
253,57300,1852,703,61,118,1,-1,-1,-1
253,57302,1507,674,54,103,1,-1,-1,-1
253,57303,1564,620,53,101,1,-1,-1,-1
253,57304,1112,598,53,106,1,-1,-1,-1
253,57305,1323,597,53,112,1,-1,-1,-1
253,57308,1704,679,55,104,1,-1,-1,-1
254,57285,628,387,45,80,1,-1,-1,-1
254,57286,980,473,45,78,1,-1,-1,-1
254,57287,632,397,44,78,1,-1,-1,-1
254,57288,652,607,43,97,1,-1,-1,-1
254,57289,480,420,48,76,1,-1,-1,-1
254,57290,438,550,39,97,1,-1,-1,-1
254,57291,390,610,46,103,1,-1,-1,-1
254,57292,740,741,46,111,1,-1,-1,-1
254,57293,361,798,59,123,1,-1,-1,-1
254,57294,1830,602,32,118,1,-1,-1,-1
254,57295,1432,574,50,113,1,-1,-1,-1
254,57296,1522,572,45,112,1,-1,-1,-1
254,57297,1252,545,49,96,1,-1,-1,-1
254,57298,1089,553,50,93,1,-1,-1,-1
254,57299,966,555,44,94,1,-1,-1,-1
254,57300,1858,704,60,119,1,-1,-1,-1
254,57302,1508,675,54,104,1,-1,-1,-1
254,57303,1564,620,53,102,1,-1,-1,-1
254,57304,1113,598,54,107,1,-1,-1,-1
254,57305,1328,598,52,112,1,-1,-1,-1
254,57308,1705,678,57,105,1,-1,-1,-1
255,57285,633,386,47,79,1,-1,-1,-1
255,57286,980,473,45,78,1,-1,-1,-1
255,57287,641,394,43,78,1,-1,-1,-1
255,57288,656,604,43,97,1,-1,-1,-1
255,57289,482,421,48,75,1,-1,-1,-1
255,57290,440,550,40,97,1,-1,-1,-1
255,57291,392,608,47,103,1,-1,-1,-1
255,57292,747,741,47,111,1,-1,-1,-1
255,57293,364,799,59,123,1,-1,-1,-1
255,57294,1840,603,32,118,1,-1,-1,-1
255,57295,1436,575,50,113,1,-1,-1,-1
255,57296,1528,573,45,112,1,-1,-1,-1
255,57297,1258,545,49,96,1,-1,-1,-1
255,57298,1088,553,50,95,1,-1,-1,-1
255,57299,968,553,45,96,1,-1,-1,-1
255,57300,1864,704,59,120,1,-1,-1,-1
255,57302,1509,677,53,104,1,-1,-1,-1
255,57303,1565,621,51,101,1,-1,-1,-1
255,57304,1114,599,54,107,1,-1,-1,-1
255,57305,1333,599,51,112,1,-1,-1,-1
255,57308,1706,678,58,105,1,-1,-1,-1
256,57285,639,385,48,79,1,-1,-1,-1
256,57286,980,473,46,78,1,-1,-1,-1
256,57287,649,390,43,80,1,-1,-1,-1
256,57288,660,602,43,97,1,-1,-1,-1
256,57289,484,421,48,75,1,-1,-1,-1
256,57290,444,550,39,97,1,-1,-1,-1
256,57291,394,605,48,105,1,-1,-1,-1
256,57292,754,740,47,112,1,-1,-1,-1
256,57293,366,799,60,123,1,-1,-1,-1
256,57294,1852,604,32,118,1,-1,-1,-1
256,57295,1442,575,48,114,1,-1,-1,-1
256,57296,1534,574,45,111,1,-1,-1,-1
256,57297,1265,545,47,96,1,-1,-1,-1
256,57298,1087,553,50,97,1,-1,-1,-1
256,57299,971,552,45,97,1,-1,-1,-1
256,57300,1870,704,58,122,1,-1,-1,-1
256,57302,1511,679,52,104,1,-1,-1,-1
256,57303,1565,622,51,101,1,-1,-1,-1
256,57304,1115,600,54,107,1,-1,-1,-1
256,57305,1339,599,49,113,1,-1,-1,-1
256,57308,1707,678,59,106,1,-1,-1,-1
257,57285,645,385,50,79,1,-1,-1,-1
257,57286,980,473,46,78,1,-1,-1,-1
257,57287,656,389,41,80,1,-1,-1,-1
257,57288,662,600,43,97,1,-1,-1,-1
257,57289,486,422,48,74,1,-1,-1,-1
257,57290,447,550,40,97,1,-1,-1,-1
257,57291,396,604,48,106,1,-1,-1,-1
257,57292,760,739,47,113,1,-1,-1,-1
257,57293,369,800,60,123,1,-1,-1,-1
257,57295,1446,576,47,114,1,-1,-1,-1
257,57296,1538,575,45,110,1,-1,-1,-1
257,57297,1269,545,47,96,1,-1,-1,-1
257,57298,1086,552,50,98,1,-1,-1,-1
257,57299,974,551,44,97,1,-1,-1,-1
257,57300,1875,708,54,119,1,-1,-1,-1
257,57302,1513,680,51,104,1,-1,-1,-1
257,57303,1567,623,49,100,1,-1,-1,-1
257,57304,1116,601,54,107,1,-1,-1,-1
257,57305,1344,600,47,112,1,-1,-1,-1
257,57308,1709,678,60,107,1,-1,-1,-1
258,57285,653,385,50,79,1,-1,-1,-1
258,57286,980,472,45,78,1,-1,-1,-1
258,57287,661,389,41,79,1,-1,-1,-1
258,57288,663,598,43,97,1,-1,-1,-1
258,57289,487,423,49,73,1,-1,-1,-1
258,57290,451,549,39,97,1,-1,-1,-1
258,57291,398,603,48,106,1,-1,-1,-1
258,57292,766,739,46,112,1,-1,-1,-1
258,57293,372,799,61,123,1,-1,-1,-1
258,57295,1450,577,47,114,1,-1,-1,-1
258,57296,1542,575,44,111,1,-1,-1,-1
258,57297,1273,545,47,97,1,-1,-1,-1
258,57298,1085,551,49,98,1,-1,-1,-1
258,57299,976,550,44,97,1,-1,-1,-1
258,57300,1879,714,50,113,1,-1,-1,-1
258,57302,1515,681,51,104,1,-1,-1,-1
258,57303,1569,624,48,100,1,-1,-1,-1
258,57304,1117,602,54,107,1,-1,-1,-1
258,57305,1347,601,47,112,1,-1,-1,-1
258,57308,1711,679,60,107,1,-1,-1,-1
258,57310,1843,604,28,117,1,-1,-1,-1
259,57285,660,386,51,78,1,-1,-1,-1
259,57286,979,472,46,78,1,-1,-1,-1
259,57287,667,389,39,78,1,-1,-1,-1
259,57288,664,597,43,97,1,-1,-1,-1
259,57289,489,423,49,73,1,-1,-1,-1
259,57290,454,549,40,97,1,-1,-1,-1
259,57291,399,603,48,105,1,-1,-1,-1
259,57292,771,738,46,112,1,-1,-1,-1
259,57293,376,799,60,123,1,-1,-1,-1
259,57295,1454,578,47,114,1,-1,-1,-1
259,57296,1545,575,44,111,1,-1,-1,-1
259,57297,1276,546,47,97,1,-1,-1,-1
259,57298,1083,551,49,97,1,-1,-1,-1
259,57299,978,550,44,97,1,-1,-1,-1
259,57300,1881,721,46,106,1,-1,-1,-1
259,57302,1517,682,51,104,1,-1,-1,-1
259,57303,1571,625,48,100,1,-1,-1,-1
259,57304,1117,603,54,107,1,-1,-1,-1
259,57305,1351,601,47,113,1,-1,-1,-1
259,57308,1713,679,60,107,1,-1,-1,-1
259,57310,1836,603,28,117,1,-1,-1,-1
259,57311,651,424,17,13,1,-1,-1,-1
260,57285,667,386,51,78,1,-1,-1,-1
260,57286,978,472,46,77,1,-1,-1,-1
260,57287,672,389,38,77,1,-1,-1,-1
260,57288,665,595,43,97,1,-1,-1,-1
260,57289,490,424,49,72,1,-1,-1,-1
260,57290,458,549,41,97,1,-1,-1,-1
260,57291,400,602,48,105,1,-1,-1,-1
260,57292,777,738,46,111,1,-1,-1,-1
260,57293,379,799,60,123,1,-1,-1,-1
260,57295,1459,579,47,114,1,-1,-1,-1
260,57296,1548,575,45,111,1,-1,-1,-1
260,57297,1279,546,47,97,1,-1,-1,-1
260,57298,1082,550,49,97,1,-1,-1,-1
260,57299,982,550,42,95,1,-1,-1,-1
260,57300,1884,728,42,99,1,-1,-1,-1
260,57302,1519,683,50,104,1,-1,-1,-1
260,57303,1574,626,48,100,1,-1,-1,-1
260,57304,1118,604,54,107,1,-1,-1,-1
260,57305,1354,602,47,112,1,-1,-1,-1
260,57308,1715,679,60,107,1,-1,-1,-1
260,57310,1828,602,28,117,1,-1,-1,-1
261,57285,675,387,51,77,1,-1,-1,-1
261,57286,978,471,45,78,1,-1,-1,-1
261,57287,676,389,38,77,1,-1,-1,-1
261,57288,666,593,43,97,1,-1,-1,-1
261,57289,491,425,49,71,1,-1,-1,-1
261,57290,462,549,41,97,1,-1,-1,-1
261,57291,402,601,48,105,1,-1,-1,-1
261,57292,782,737,46,110,1,-1,-1,-1
261,57293,383,799,59,123,1,-1,-1,-1
261,57295,1463,580,47,114,1,-1,-1,-1
261,57296,1551,575,45,112,1,-1,-1,-1
261,57297,1282,546,47,97,1,-1,-1,-1
261,57298,1080,549,49,97,1,-1,-1,-1
261,57299,984,549,42,95,1,-1,-1,-1
261,57300,1887,736,37,91,1,-1,-1,-1
261,57302,1521,683,50,104,1,-1,-1,-1
261,57303,1577,627,47,99,1,-1,-1,-1
261,57304,1119,605,54,107,1,-1,-1,-1
261,57305,1358,603,46,112,1,-1,-1,-1
261,57308,1718,680,59,107,1,-1,-1,-1
261,57310,1820,601,28,117,1,-1,-1,-1
261,57312,667,426,17,13,1,-1,-1,-1
262,57285,683,388,51,76,1,-1,-1,-1
262,57286,977,471,45,77,1,-1,-1,-1
262,57287,680,390,38,75,1,-1,-1,-1
262,57288,667,591,43,97,1,-1,-1,-1
262,57289,493,426,49,70,1,-1,-1,-1
262,57290,466,549,41,97,1,-1,-1,-1
262,57291,404,601,47,104,1,-1,-1,-1
262,57292,787,736,46,111,1,-1,-1,-1
262,57293,387,799,58,123,1,-1,-1,-1
262,57295,1467,581,48,114,1,-1,-1,-1
262,57296,1554,575,45,112,1,-1,-1,-1
262,57297,1285,546,48,97,1,-1,-1,-1
262,57298,1078,549,50,97,1,-1,-1,-1
262,57299,987,549,41,94,1,-1,-1,-1
262,57300,1889,743,34,84,1,-1,-1,-1
262,57302,1523,684,50,104,1,-1,-1,-1
262,57303,1579,628,47,99,1,-1,-1,-1
262,57304,1120,606,54,107,1,-1,-1,-1
262,57305,1361,604,46,112,1,-1,-1,-1
262,57308,1720,680,58,107,1,-1,-1,-1
262,57310,1813,601,28,117,1,-1,-1,-1
263,57285,693,389,51,76,1,-1,-1,-1
263,57286,976,471,45,77,1,-1,-1,-1
263,57287,687,390,37,74,1,-1,-1,-1
263,57288,668,589,43,97,1,-1,-1,-1
263,57289,495,426,49,70,1,-1,-1,-1
263,57290,471,548,42,97,1,-1,-1,-1
263,57291,406,600,47,104,1,-1,-1,-1
263,57292,794,736,46,109,1,-1,-1,-1
263,57293,393,799,57,123,1,-1,-1,-1
263,57295,1472,582,49,114,1,-1,-1,-1
263,57296,1558,575,45,113,1,-1,-1,-1
263,57297,1289,546,49,97,1,-1,-1,-1
263,57298,1076,548,51,97,1,-1,-1,-1
263,57299,990,548,41,94,1,-1,-1,-1
263,57300,1892,752,30,75,1,-1,-1,-1
263,57302,1525,685,51,104,1,-1,-1,-1
263,57303,1582,629,47,99,1,-1,-1,-1
263,57304,1121,608,54,107,1,-1,-1,-1
263,57305,1365,605,47,112,1,-1,-1,-1
263,57308,1723,681,57,107,1,-1,-1,-1
263,57310,1803,600,28,117,1,-1,-1,-1
264,57285,700,389,50,76,1,-1,-1,-1
264,57286,975,470,45,77,1,-1,-1,-1
264,57287,690,391,37,73,1,-1,-1,-1
264,57288,669,587,43,98,1,-1,-1,-1
264,57289,495,427,50,69,1,-1,-1,-1
264,57290,472,548,43,97,1,-1,-1,-1
264,57291,407,599,47,104,1,-1,-1,-1
264,57292,797,735,45,109,1,-1,-1,-1
264,57293,395,799,56,124,1,-1,-1,-1
264,57295,1474,583,50,113,1,-1,-1,-1
264,57296,1560,575,45,113,1,-1,-1,-1
264,57297,1291,546,49,98,1,-1,-1,-1
264,57298,1074,547,52,97,1,-1,-1,-1
264,57299,991,546,41,95,1,-1,-1,-1
264,57300,1893,756,28,71,1,-1,-1,-1
264,57302,1525,686,52,105,1,-1,-1,-1
264,57303,1585,630,46,99,1,-1,-1,-1
264,57304,1120,609,55,107,1,-1,-1,-1
264,57305,1367,606,48,111,1,-1,-1,-1
264,57308,1724,681,57,108,1,-1,-1,-1
264,57314,690,431,17,13,1,-1,-1,-1
265,57285,707,390,50,74,1,-1,-1,-1
265,57286,973,470,44,77,1,-1,-1,-1
265,57287,694,391,36,72,1,-1,-1,-1
265,57288,670,586,43,98,1,-1,-1,-1
265,57289,496,428,50,68,1,-1,-1,-1
265,57290,474,548,43,97,1,-1,-1,-1
265,57291,406,598,47,104,1,-1,-1,-1
265,57292,800,735,44,108,1,-1,-1,-1
265,57293,396,799,55,124,1,-1,-1,-1
265,57295,1475,584,51,113,1,-1,-1,-1
265,57296,1562,576,45,113,1,-1,-1,-1
265,57297,1293,546,50,98,1,-1,-1,-1
265,57298,1071,546,52,98,1,-1,-1,-1
265,57299,991,545,41,96,1,-1,-1,-1
265,57300,1894,757,27,71,1,-1,-1,-1
265,57302,1523,686,52,105,1,-1,-1,-1
265,57303,1585,630,47,99,1,-1,-1,-1
265,57304,1119,610,55,107,1,-1,-1,-1
265,57305,1369,607,48,111,1,-1,-1,-1
265,57308,1726,681,56,108,1,-1,-1,-1
266,57285,715,390,49,74,1,-1,-1,-1
266,57286,969,470,45,77,1,-1,-1,-1
266,57287,698,392,36,70,1,-1,-1,-1
266,57288,670,585,43,97,1,-1,-1,-1
266,57289,498,428,51,69,1,-1,-1,-1
266,57290,475,547,44,97,1,-1,-1,-1
266,57291,405,597,48,104,1,-1,-1,-1
266,57292,803,734,43,108,1,-1,-1,-1
266,57293,396,798,55,124,1,-1,-1,-1
266,57295,1477,584,51,113,1,-1,-1,-1
266,57296,1565,576,44,113,1,-1,-1,-1
266,57297,1295,546,50,98,1,-1,-1,-1
266,57298,1065,546,54,98,1,-1,-1,-1
266,57299,992,544,41,96,1,-1,-1,-1
266,57300,1894,757,27,71,1,-1,-1,-1
266,57302,1521,687,51,105,1,-1,-1,-1
266,57303,1585,630,47,99,1,-1,-1,-1
266,57304,1117,611,55,107,1,-1,-1,-1
266,57305,1369,607,49,111,1,-1,-1,-1
266,57308,1727,681,55,108,1,-1,-1,-1
266,57315,701,440,17,13,1,-1,-1,-1
267,57285,724,390,48,73,1,-1,-1,-1
267,57286,966,469,44,78,1,-1,-1,-1
267,57287,702,393,36,69,1,-1,-1,-1
267,57288,671,583,42,97,1,-1,-1,-1
267,57289,500,429,51,68,1,-1,-1,-1
267,57290,476,547,44,97,1,-1,-1,-1
267,57291,405,596,47,104,1,-1,-1,-1
267,57292,806,734,44,108,1,-1,-1,-1
267,57293,397,798,54,124,1,-1,-1,-1
267,57295,1478,585,52,113,1,-1,-1,-1
267,57296,1567,577,44,113,1,-1,-1,-1
267,57297,1297,546,49,98,1,-1,-1,-1
267,57298,1060,546,54,98,1,-1,-1,-1
267,57299,992,543,41,96,1,-1,-1,-1
267,57300,1894,757,26,71,1,-1,-1,-1
267,57302,1518,687,52,106,1,-1,-1,-1
267,57303,1585,630,47,99,1,-1,-1,-1
267,57304,1115,611,55,107,1,-1,-1,-1
267,57305,1370,608,49,111,1,-1,-1,-1
267,57308,1727,682,55,108,1,-1,-1,-1
268,57285,732,390,48,72,1,-1,-1,-1
268,57286,962,469,45,78,1,-1,-1,-1
268,57287,706,394,35,68,1,-1,-1,-1
268,57288,671,582,42,97,1,-1,-1,-1
268,57289,502,429,51,69,1,-1,-1,-1
268,57290,478,547,45,97,1,-1,-1,-1
268,57291,404,595,47,104,1,-1,-1,-1
268,57292,809,734,44,108,1,-1,-1,-1
268,57293,397,798,54,124,1,-1,-1,-1
268,57295,1478,585,53,113,1,-1,-1,-1
268,57296,1570,577,43,113,1,-1,-1,-1
268,57297,1299,546,49,98,1,-1,-1,-1
268,57298,1055,545,54,99,1,-1,-1,-1
268,57299,993,542,39,96,1,-1,-1,-1
268,57300,1894,757,26,71,1,-1,-1,-1
268,57302,1516,688,52,106,1,-1,-1,-1
268,57303,1584,630,48,100,1,-1,-1,-1
268,57304,1112,612,55,107,1,-1,-1,-1
268,57305,1371,608,49,111,1,-1,-1,-1
268,57308,1729,682,54,108,1,-1,-1,-1
268,57316,712,448,17,13,1,-1,-1,-1
269,57285,740,390,48,71,1,-1,-1,-1
269,57286,958,468,45,79,1,-1,-1,-1
269,57287,710,395,35,67,1,-1,-1,-1
269,57288,671,580,44,97,1,-1,-1,-1
269,57289,505,430,50,68,1,-1,-1,-1
269,57290,479,547,46,97,1,-1,-1,-1
269,57291,404,593,46,104,1,-1,-1,-1
269,57292,812,734,44,107,1,-1,-1,-1
269,57293,397,798,55,124,1,-1,-1,-1
269,57295,1480,586,53,113,1,-1,-1,-1
269,57296,1572,578,43,113,1,-1,-1,-1
269,57297,1301,546,49,98,1,-1,-1,-1
269,57298,1050,545,54,98,1,-1,-1,-1
269,57299,993,541,39,96,1,-1,-1,-1
269,57300,1894,757,26,71,1,-1,-1,-1
269,57302,1513,689,51,106,1,-1,-1,-1
269,57303,1583,630,49,100,1,-1,-1,-1
269,57304,1110,612,55,108,1,-1,-1,-1
269,57305,1372,609,50,111,1,-1,-1,-1
269,57308,1729,682,54,108,1,-1,-1,-1
270,57285,749,390,46,70,1,-1,-1,-1
270,57286,954,467,46,80,1,-1,-1,-1
270,57287,713,396,35,65,1,-1,-1,-1
270,57288,672,579,43,97,1,-1,-1,-1
270,57289,507,430,50,68,1,-1,-1,-1
270,57290,481,547,46,97,1,-1,-1,-1
270,57291,403,592,46,104,1,-1,-1,-1
270,57292,816,733,43,107,1,-1,-1,-1
270,57293,397,798,55,124,1,-1,-1,-1
270,57295,1481,586,53,113,1,-1,-1,-1
270,57296,1574,578,43,113,1,-1,-1,-1
270,57297,1304,546,47,99,1,-1,-1,-1
270,57298,1045,544,54,99,1,-1,-1,-1
270,57299,993,541,39,95,1,-1,-1,-1
270,57300,1894,757,26,71,1,-1,-1,-1
270,57302,1510,690,52,106,1,-1,-1,-1
270,57303,1583,631,49,100,1,-1,-1,-1
270,57304,1108,613,55,107,1,-1,-1,-1
270,57305,1372,609,51,111,1,-1,-1,-1
270,57308,1730,682,53,108,1,-1,-1,-1
270,57317,724,457,17,13,1,-1,-1,-1
271,57285,756,390,47,69,1,-1,-1,-1
271,57286,950,467,46,80,1,-1,-1,-1
271,57287,717,397,35,64,1,-1,-1,-1
271,57288,672,578,44,97,1,-1,-1,-1
271,57289,509,431,50,67,1,-1,-1,-1
271,57290,482,547,47,97,1,-1,-1,-1
271,57291,402,591,45,104,1,-1,-1,-1
271,57292,819,733,43,107,1,-1,-1,-1
271,57293,397,797,56,125,1,-1,-1,-1
271,57295,1481,587,54,113,1,-1,-1,-1
271,57296,1576,579,43,113,1,-1,-1,-1
271,57297,1307,546,47,99,1,-1,-1,-1
271,57298,1040,544,54,98,1,-1,-1,-1
271,57299,993,540,39,95,1,-1,-1,-1
271,57300,1894,756,26,72,1,-1,-1,-1
271,57302,1508,691,51,105,1,-1,-1,-1
271,57303,1582,631,50,101,1,-1,-1,-1
271,57304,1106,614,55,107,1,-1,-1,-1
271,57305,1373,609,52,111,1,-1,-1,-1
271,57308,1731,683,53,107,1,-1,-1,-1
272,57285,767,390,45,68,1,-1,-1,-1
272,57286,945,466,47,81,1,-1,-1,-1
272,57287,722,398,35,63,1,-1,-1,-1
272,57288,672,576,44,97,1,-1,-1,-1
272,57289,512,431,50,68,1,-1,-1,-1
272,57290,484,547,46,97,1,-1,-1,-1
272,57291,402,589,44,104,1,-1,-1,-1
272,57292,823,733,44,107,1,-1,-1,-1
272,57293,397,797,57,125,1,-1,-1,-1
272,57295,1483,587,54,113,1,-1,-1,-1
272,57296,1579,579,42,113,1,-1,-1,-1
272,57297,1310,546,46,99,1,-1,-1,-1
272,57298,1033,543,54,99,1,-1,-1,-1
272,57299,994,539,38,95,1,-1,-1,-1
272,57300,1894,756,26,72,1,-1,-1,-1
272,57302,1505,692,51,106,1,-1,-1,-1
272,57303,1581,631,50,101,1,-1,-1,-1
272,57304,1102,614,56,108,1,-1,-1,-1
272,57305,1373,609,53,111,1,-1,-1,-1
272,57308,1732,683,53,107,1,-1,-1,-1
272,57318,737,464,17,13,1,-1,-1,-1
273,57285,774,389,46,68,1,-1,-1,-1
273,57286,942,466,46,80,1,-1,-1,-1
273,57287,725,399,35,62,1,-1,-1,-1
273,57288,672,575,44,97,1,-1,-1,-1
273,57289,515,432,49,67,1,-1,-1,-1
273,57290,485,547,47,97,1,-1,-1,-1
273,57291,401,588,45,104,1,-1,-1,-1
273,57292,825,732,44,107,1,-1,-1,-1
273,57293,397,796,57,126,1,-1,-1,-1
273,57295,1484,588,54,113,1,-1,-1,-1
273,57296,1581,580,42,113,1,-1,-1,-1
273,57297,1311,546,46,99,1,-1,-1,-1
273,57298,1028,543,54,99,1,-1,-1,-1
273,57299,994,538,38,95,1,-1,-1,-1
273,57302,1502,693,52,106,1,-1,-1,-1
273,57303,1580,631,51,101,1,-1,-1,-1
273,57304,1100,615,56,108,1,-1,-1,-1
273,57305,1374,610,54,111,1,-1,-1,-1
273,57308,1732,683,53,107,1,-1,-1,-1
273,57318,739,463,17,13,1,-1,-1,-1
274,57285,782,388,48,68,1,-1,-1,-1
274,57286,938,465,46,79,1,-1,-1,-1
274,57287,730,399,35,62,1,-1,-1,-1
274,57288,671,574,44,97,1,-1,-1,-1
274,57289,519,433,48,67,1,-1,-1,-1
274,57290,486,547,48,97,1,-1,-1,-1
274,57291,400,587,45,103,1,-1,-1,-1
274,57292,826,732,44,107,1,-1,-1,-1
274,57293,396,796,57,125,1,-1,-1,-1
274,57295,1485,588,55,113,1,-1,-1,-1
274,57296,1585,580,42,113,1,-1,-1,-1
274,57297,1312,546,46,99,1,-1,-1,-1
274,57298,1023,542,54,99,1,-1,-1,-1
274,57299,994,537,37,94,1,-1,-1,-1
274,57302,1500,694,52,106,1,-1,-1,-1
274,57303,1577,630,51,102,1,-1,-1,-1
274,57304,1096,615,56,108,1,-1,-1,-1
274,57305,1374,610,55,111,1,-1,-1,-1
274,57308,1732,683,54,108,1,-1,-1,-1
274,57318,743,462,17,13,1,-1,-1,-1
275,57285,793,387,50,69,1,-1,-1,-1
275,57286,932,463,43,77,1,-1,-1,-1
275,57287,735,398,37,63,1,-1,-1,-1
275,57288,668,573,45,98,1,-1,-1,-1
275,57289,524,434,48,66,1,-1,-1,-1
275,57290,489,547,48,97,1,-1,-1,-1
275,57291,399,585,44,102,1,-1,-1,-1
275,57292,828,732,44,106,1,-1,-1,-1
275,57293,397,796,55,124,1,-1,-1,-1
275,57295,1486,589,56,113,1,-1,-1,-1
275,57296,1590,581,42,113,1,-1,-1,-1
275,57297,1312,546,47,99,1,-1,-1,-1
275,57298,1011,540,55,102,1,-1,-1,-1
275,57299,994,536,36,94,1,-1,-1,-1
275,57302,1495,694,54,107,1,-1,-1,-1
275,57303,1572,629,50,103,1,-1,-1,-1
275,57304,1088,615,56,108,1,-1,-1,-1
275,57305,1376,611,55,111,1,-1,-1,-1
275,57308,1732,682,54,109,1,-1,-1,-1
275,57318,748,461,17,13,1,-1,-1,-1
276,57285,796,387,53,70,1,-1,-1,-1
276,57286,930,463,42,76,1,-1,-1,-1
276,57287,739,398,37,63,1,-1,-1,-1
276,57288,667,572,46,98,1,-1,-1,-1
276,57289,526,435,48,66,1,-1,-1,-1
276,57290,490,547,49,97,1,-1,-1,-1
276,57291,398,584,45,101,1,-1,-1,-1
276,57292,828,732,45,106,1,-1,-1,-1
276,57293,397,796,55,124,1,-1,-1,-1
276,57295,1487,589,55,113,1,-1,-1,-1
276,57296,1593,582,41,113,1,-1,-1,-1
276,57297,1312,546,47,99,1,-1,-1,-1
276,57298,1003,540,55,102,1,-1,-1,-1
276,57299,994,535,36,94,1,-1,-1,-1
276,57302,1493,695,56,106,1,-1,-1,-1
276,57303,1570,629,49,103,1,-1,-1,-1
276,57304,1085,615,57,108,1,-1,-1,-1
276,57305,1376,612,57,111,1,-1,-1,-1
276,57308,1733,683,54,108,1,-1,-1,-1
276,57318,751,461,17,13,1,-1,-1,-1
277,57285,803,388,53,69,1,-1,-1,-1
277,57286,926,461,42,77,1,-1,-1,-1
277,57287,742,397,37,64,1,-1,-1,-1
277,57288,665,571,47,98,1,-1,-1,-1
277,57289,534,434,49,66,1,-1,-1,-1
277,57290,491,547,49,97,1,-1,-1,-1
277,57291,397,583,45,101,1,-1,-1,-1
277,57292,829,735,45,103,1,-1,-1,-1
277,57293,397,796,55,123,1,-1,-1,-1
277,57295,1487,590,55,113,1,-1,-1,-1
277,57296,1594,582,41,112,1,-1,-1,-1
277,57297,1313,546,48,100,1,-1,-1,-1
277,57298,1000,540,54,101,1,-1,-1,-1
277,57299,994,535,35,95,1,-1,-1,-1
277,57302,1490,696,56,106,1,-1,-1,-1
277,57303,1569,629,49,104,1,-1,-1,-1
277,57304,1082,615,57,108,1,-1,-1,-1
277,57305,1376,612,57,111,1,-1,-1,-1
277,57308,1733,683,54,108,1,-1,-1,-1
277,57318,755,461,17,13,1,-1,-1,-1
278,57285,811,391,53,67,1,-1,-1,-1
278,57286,918,458,44,79,1,-1,-1,-1
278,57287,745,397,38,64,1,-1,-1,-1
278,57288,663,569,47,98,1,-1,-1,-1
278,57289,543,433,49,66,1,-1,-1,-1
278,57290,492,547,49,97,1,-1,-1,-1
278,57291,394,582,46,100,1,-1,-1,-1
278,57292,831,738,44,100,1,-1,-1,-1
278,57293,397,797,55,123,1,-1,-1,-1
278,57295,1488,590,54,113,1,-1,-1,-1
278,57296,1595,582,41,112,1,-1,-1,-1
278,57297,1314,546,47,100,1,-1,-1,-1
278,57298,993,540,55,100,1,-1,-1,-1
278,57299,994,534,35,96,1,-1,-1,-1
278,57302,1486,696,57,107,1,-1,-1,-1
278,57303,1567,629,49,105,1,-1,-1,-1
278,57304,1076,615,58,108,1,-1,-1,-1
278,57305,1375,612,56,111,1,-1,-1,-1
278,57308,1729,685,54,106,1,-1,-1,-1
278,57318,758,462,17,13,1,-1,-1,-1
279,57285,820,394,52,64,1,-1,-1,-1
279,57286,914,457,43,75,1,-1,-1,-1
279,57287,748,397,40,65,1,-1,-1,-1
279,57288,662,566,47,98,1,-1,-1,-1
279,57289,553,432,50,65,1,-1,-1,-1
279,57290,494,546,49,97,1,-1,-1,-1
279,57291,395,581,46,100,1,-1,-1,-1
279,57292,833,742,45,95,1,-1,-1,-1
279,57293,397,798,55,123,1,-1,-1,-1
279,57295,1488,591,53,113,1,-1,-1,-1
279,57296,1597,583,40,111,1,-1,-1,-1
279,57297,1315,546,47,100,1,-1,-1,-1
279,57298,984,540,54,98,1,-1,-1,-1
279,57299,995,534,34,97,1,-1,-1,-1
279,57302,1483,697,56,106,1,-1,-1,-1
279,57303,1565,630,49,107,1,-1,-1,-1
279,57304,1071,616,59,108,1,-1,-1,-1
279,57305,1374,612,55,111,1,-1,-1,-1
279,57308,1724,687,52,104,1,-1,-1,-1
279,57318,762,463,17,13,1,-1,-1,-1
280,57285,824,395,53,63,1,-1,-1,-1
280,57286,909,456,43,75,1,-1,-1,-1
280,57287,751,397,40,65,1,-1,-1,-1
280,57288,661,565,47,97,1,-1,-1,-1
280,57289,562,431,51,66,1,-1,-1,-1
280,57290,495,546,48,97,1,-1,-1,-1
280,57291,395,580,46,100,1,-1,-1,-1
280,57292,832,744,47,93,1,-1,-1,-1
280,57293,396,798,55,123,1,-1,-1,-1
280,57295,1489,591,52,113,1,-1,-1,-1
280,57296,1598,584,41,111,1,-1,-1,-1
280,57297,1315,546,47,100,1,-1,-1,-1
280,57298,977,540,54,98,1,-1,-1,-1
280,57299,995,534,33,96,1,-1,-1,-1
280,57302,1478,698,56,106,1,-1,-1,-1
280,57303,1564,631,49,106,1,-1,-1,-1
280,57304,1067,616,58,108,1,-1,-1,-1
280,57305,1374,612,53,111,1,-1,-1,-1
280,57308,1722,688,51,104,1,-1,-1,-1
280,57318,766,465,17,13,1,-1,-1,-1
281,57285,827,394,54,64,1,-1,-1,-1
281,57286,903,455,45,74,1,-1,-1,-1
281,57287,754,397,42,65,1,-1,-1,-1
281,57288,659,563,48,97,1,-1,-1,-1
281,57289,571,431,52,67,1,-1,-1,-1
281,57290,496,546,47,97,1,-1,-1,-1
281,57291,395,579,46,100,1,-1,-1,-1
281,57292,830,745,48,92,1,-1,-1,-1
281,57293,395,799,56,122,1,-1,-1,-1
281,57295,1490,592,51,113,1,-1,-1,-1
281,57296,1599,584,40,111,1,-1,-1,-1
281,57297,1315,546,47,100,1,-1,-1,-1
281,57298,969,539,56,98,1,-1,-1,-1
281,57299,995,534,32,96,1,-1,-1,-1
281,57302,1472,699,57,106,1,-1,-1,-1
281,57303,1565,632,47,106,1,-1,-1,-1
281,57304,1061,616,59,108,1,-1,-1,-1
281,57305,1374,613,53,111,1,-1,-1,-1
281,57308,1720,687,52,105,1,-1,-1,-1
281,57318,770,468,17,13,1,-1,-1,-1
282,57285,829,393,55,64,1,-1,-1,-1
282,57286,898,454,46,75,1,-1,-1,-1
282,57287,757,397,42,66,1,-1,-1,-1
282,57288,658,562,48,97,1,-1,-1,-1
282,57289,580,431,53,68,1,-1,-1,-1
282,57290,496,546,48,97,1,-1,-1,-1
282,57291,395,578,46,99,1,-1,-1,-1
282,57292,824,744,51,93,1,-1,-1,-1
282,57293,393,799,59,123,1,-1,-1,-1
282,57295,1490,592,51,113,1,-1,-1,-1
282,57296,1600,585,40,111,1,-1,-1,-1
282,57297,1315,546,46,100,1,-1,-1,-1
282,57298,962,538,56,99,1,-1,-1,-1
282,57299,993,533,33,95,1,-1,-1,-1
282,57302,1467,699,58,106,1,-1,-1,-1
282,57303,1565,632,47,106,1,-1,-1,-1
282,57304,1056,617,58,107,1,-1,-1,-1
282,57305,1375,613,51,111,1,-1,-1,-1
282,57308,1719,686,53,106,1,-1,-1,-1
282,57318,774,471,17,13,1,-1,-1,-1
283,57285,830,391,58,66,1,-1,-1,-1
283,57286,893,452,47,76,1,-1,-1,-1
283,57287,761,397,43,66,1,-1,-1,-1
283,57288,656,561,48,97,1,-1,-1,-1
283,57289,589,432,54,68,1,-1,-1,-1
283,57290,497,546,47,97,1,-1,-1,-1
283,57291,396,577,45,99,1,-1,-1,-1
283,57292,816,743,54,93,1,-1,-1,-1
283,57293,390,799,60,123,1,-1,-1,-1
283,57295,1490,593,52,113,1,-1,-1,-1
283,57296,1600,585,40,111,1,-1,-1,-1
283,57297,1316,547,44,100,1,-1,-1,-1
283,57298,956,537,56,100,1,-1,-1,-1
283,57299,993,532,32,94,1,-1,-1,-1
283,57302,1461,699,58,106,1,-1,-1,-1
283,57303,1565,633,46,105,1,-1,-1,-1
283,57304,1050,618,58,106,1,-1,-1,-1
283,57305,1375,614,51,111,1,-1,-1,-1
283,57308,1717,685,54,107,1,-1,-1,-1
283,57318,777,474,17,13,1,-1,-1,-1
284,57285,833,389,59,66,1,-1,-1,-1
284,57286,886,450,49,77,1,-1,-1,-1
284,57287,766,397,43,66,1,-1,-1,-1
284,57288,655,560,48,97,1,-1,-1,-1
284,57289,602,432,55,69,1,-1,-1,-1
284,57290,499,545,47,97,1,-1,-1,-1
284,57291,396,576,44,99,1,-1,-1,-1
284,57292,804,742,56,93,1,-1,-1,-1
284,57293,384,800,63,123,1,-1,-1,-1
284,57295,1490,594,53,113,1,-1,-1,-1
284,57296,1601,585,40,111,1,-1,-1,-1
284,57297,1315,547,44,100,1,-1,-1,-1
284,57298,946,536,57,100,1,-1,-1,-1
284,57299,991,531,33,93,1,-1,-1,-1
284,57302,1454,699,59,107,1,-1,-1,-1
284,57303,1566,635,45,103,1,-1,-1,-1
284,57304,1042,618,58,106,1,-1,-1,-1
284,57305,1375,614,51,111,1,-1,-1,-1
284,57308,1715,683,56,109,1,-1,-1,-1
284,57318,783,478,17,13,1,-1,-1,-1
285,57285,834,389,60,66,1,-1,-1,-1
285,57286,881,449,48,73,1,-1,-1,-1
285,57287,771,397,44,67,1,-1,-1,-1
285,57288,653,558,48,97,1,-1,-1,-1
285,57289,614,434,56,69,1,-1,-1,-1
285,57290,500,545,46,97,1,-1,-1,-1
285,57291,396,575,45,98,1,-1,-1,-1
285,57292,797,742,59,92,1,-1,-1,-1
285,57293,381,800,64,123,1,-1,-1,-1
285,57295,1490,594,54,113,1,-1,-1,-1
285,57296,1602,585,40,112,1,-1,-1,-1
285,57297,1315,547,44,100,1,-1,-1,-1
285,57298,939,535,56,99,1,-1,-1,-1
285,57299,989,530,34,93,1,-1,-1,-1
285,57302,1447,701,60,106,1,-1,-1,-1
285,57303,1566,635,45,104,1,-1,-1,-1
285,57304,1038,619,59,105,1,-1,-1,-1
285,57305,1376,615,50,111,1,-1,-1,-1
285,57308,1713,683,58,109,1,-1,-1,-1
285,57318,786,480,17,13,1,-1,-1,-1
286,57285,834,388,60,67,1,-1,-1,-1
286,57286,879,448,49,72,1,-1,-1,-1
286,57287,780,398,44,67,1,-1,-1,-1
286,57288,651,557,49,97,1,-1,-1,-1
286,57289,626,432,57,70,1,-1,-1,-1
286,57290,501,545,46,97,1,-1,-1,-1
286,57291,396,575,45,98,1,-1,-1,-1
286,57292,793,740,61,94,1,-1,-1,-1
286,57293,376,800,67,123,1,-1,-1,-1
286,57295,1490,595,55,113,1,-1,-1,-1
286,57296,1602,585,39,112,1,-1,-1,-1
286,57297,1316,547,44,100,1,-1,-1,-1
286,57298,936,535,55,98,1,-1,-1,-1
286,57299,988,529,35,95,1,-1,-1,-1
286,57302,1444,702,61,106,1,-1,-1,-1
286,57303,1568,636,44,104,1,-1,-1,-1
286,57304,1034,619,59,106,1,-1,-1,-1
286,57305,1376,615,49,111,1,-1,-1,-1
286,57308,1712,683,59,110,1,-1,-1,-1
286,57318,789,480,17,13,1,-1,-1,-1
287,57285,835,389,58,65,1,-1,-1,-1
287,57286,873,447,49,72,1,-1,-1,-1
287,57287,788,398,45,67,1,-1,-1,-1
287,57288,650,556,49,96,1,-1,-1,-1
287,57289,638,432,57,70,1,-1,-1,-1
287,57290,502,545,47,97,1,-1,-1,-1
287,57291,397,574,44,98,1,-1,-1,-1
287,57292,789,739,64,95,1,-1,-1,-1
287,57293,372,799,67,123,1,-1,-1,-1
287,57295,1491,595,55,114,1,-1,-1,-1
287,57296,1603,586,38,112,1,-1,-1,-1
287,57297,1318,547,43,100,1,-1,-1,-1
287,57298,930,536,56,98,1,-1,-1,-1
287,57299,985,529,36,96,1,-1,-1,-1
287,57302,1439,702,61,106,1,-1,-1,-1
287,57303,1569,635,45,106,1,-1,-1,-1
287,57304,1030,619,61,107,1,-1,-1,-1
287,57305,1377,616,49,111,1,-1,-1,-1
287,57308,1711,685,58,108,1,-1,-1,-1
287,57318,793,480,17,13,1,-1,-1,-1
288,57285,836,389,56,64,1,-1,-1,-1
288,57286,864,446,50,75,1,-1,-1,-1
288,57287,796,399,44,67,1,-1,-1,-1
288,57288,649,555,48,96,1,-1,-1,-1
288,57289,655,432,57,70,1,-1,-1,-1
288,57290,504,545,47,97,1,-1,-1,-1
288,57291,398,573,45,97,1,-1,-1,-1
288,57292,785,738,66,96,1,-1,-1,-1
288,57293,367,799,68,123,1,-1,-1,-1
288,57295,1492,595,55,114,1,-1,-1,-1
288,57296,1603,586,39,112,1,-1,-1,-1
288,57297,1319,547,45,100,1,-1,-1,-1
288,57298,922,536,55,99,1,-1,-1,-1
288,57299,982,527,37,97,1,-1,-1,-1
288,57302,1432,704,60,106,1,-1,-1,-1
288,57303,1572,635,44,108,1,-1,-1,-1
288,57304,1025,619,62,109,1,-1,-1,-1
288,57305,1377,616,49,111,1,-1,-1,-1
288,57308,1706,686,58,108,1,-1,-1,-1
288,57318,799,480,17,13,1,-1,-1,-1
289,57285,837,389,57,65,1,-1,-1,-1
289,57286,862,444,48,76,1,-1,-1,-1
289,57287,806,400,44,66,1,-1,-1,-1
289,57288,650,553,49,96,1,-1,-1,-1
289,57289,667,431,58,71,1,-1,-1,-1
289,57290,505,545,47,97,1,-1,-1,-1
289,57291,398,570,46,98,1,-1,-1,-1
289,57292,781,737,68,97,1,-1,-1,-1
289,57293,365,797,70,125,1,-1,-1,-1
289,57295,1492,596,55,114,1,-1,-1,-1
289,57296,1603,586,38,112,1,-1,-1,-1
289,57297,1320,547,46,100,1,-1,-1,-1
289,57298,913,536,54,100,1,-1,-1,-1
289,57299,980,525,37,98,1,-1,-1,-1
289,57302,1423,705,60,106,1,-1,-1,-1
289,57303,1574,635,44,109,1,-1,-1,-1
289,57304,1020,621,62,108,1,-1,-1,-1
289,57305,1377,616,50,112,1,-1,-1,-1
289,57308,1699,686,58,108,1,-1,-1,-1
289,57318,803,481,17,13,1,-1,-1,-1
290,57285,838,389,56,65,1,-1,-1,-1
290,57286,861,443,47,75,1,-1,-1,-1
290,57287,810,401,45,66,1,-1,-1,-1
290,57288,650,552,49,96,1,-1,-1,-1
290,57289,674,430,59,72,1,-1,-1,-1
290,57290,507,544,46,97,1,-1,-1,-1
290,57291,398,571,45,96,1,-1,-1,-1
290,57292,779,737,68,97,1,-1,-1,-1
290,57293,365,798,70,124,1,-1,-1,-1
290,57295,1492,596,55,115,1,-1,-1,-1
290,57296,1604,586,37,112,1,-1,-1,-1
290,57297,1322,547,46,100,1,-1,-1,-1
290,57298,910,536,53,100,1,-1,-1,-1
290,57299,978,524,38,98,1,-1,-1,-1
290,57302,1420,705,58,106,1,-1,-1,-1
290,57303,1576,636,43,109,1,-1,-1,-1
290,57304,1018,621,62,109,1,-1,-1,-1
290,57305,1377,616,49,113,1,-1,-1,-1
290,57308,1697,687,57,108,1,-1,-1,-1
290,57318,805,483,17,13,1,-1,-1,-1
291,57285,838,389,56,65,1,-1,-1,-1
291,57286,857,444,47,72,1,-1,-1,-1
291,57287,816,401,45,67,1,-1,-1,-1
291,57288,647,552,48,95,1,-1,-1,-1
291,57289,681,428,61,72,1,-1,-1,-1
291,57290,508,544,47,97,1,-1,-1,-1
291,57291,398,570,45,96,1,-1,-1,-1
291,57292,772,736,69,99,1,-1,-1,-1
291,57293,366,797,71,125,1,-1,-1,-1
291,57295,1493,597,54,115,1,-1,-1,-1
291,57296,1604,586,38,112,1,-1,-1,-1
291,57297,1323,547,48,100,1,-1,-1,-1
291,57298,906,534,53,101,1,-1,-1,-1
291,57299,977,523,39,99,1,-1,-1,-1
291,57302,1417,705,58,106,1,-1,-1,-1
291,57303,1579,637,43,109,1,-1,-1,-1
291,57304,1012,621,61,108,1,-1,-1,-1
291,57305,1377,616,50,113,1,-1,-1,-1
291,57308,1695,686,57,108,1,-1,-1,-1
291,57318,808,484,17,13,1,-1,-1,-1
292,57285,837,389,55,66,1,-1,-1,-1
292,57286,849,444,43,63,1,-1,-1,-1
292,57287,822,401,46,67,1,-1,-1,-1
292,57288,642,551,48,95,1,-1,-1,-1
292,57289,694,427,61,73,1,-1,-1,-1
292,57290,510,544,47,97,1,-1,-1,-1
292,57291,397,569,46,95,1,-1,-1,-1
292,57292,761,736,69,100,1,-1,-1,-1
292,57293,365,795,72,127,1,-1,-1,-1
292,57295,1493,597,53,115,1,-1,-1,-1
292,57296,1604,587,39,110,1,-1,-1,-1
292,57297,1326,547,47,100,1,-1,-1,-1
292,57298,900,533,54,101,1,-1,-1,-1
292,57299,975,523,39,98,1,-1,-1,-1
292,57302,1413,704,58,106,1,-1,-1,-1
292,57303,1581,638,42,109,1,-1,-1,-1
292,57304,1003,620,61,109,1,-1,-1,-1
292,57305,1377,617,50,112,1,-1,-1,-1
292,57308,1694,686,57,108,1,-1,-1,-1
292,57318,811,485,17,13,1,-1,-1,-1
293,57285,837,388,54,68,1,-1,-1,-1
293,57286,844,445,43,61,1,-1,-1,-1
293,57287,832,401,48,68,1,-1,-1,-1
293,57288,640,550,48,95,1,-1,-1,-1
293,57290,511,544,47,97,1,-1,-1,-1
293,57291,396,568,46,95,1,-1,-1,-1
293,57292,754,736,69,101,1,-1,-1,-1
293,57293,366,798,69,124,1,-1,-1,-1
293,57295,1493,598,52,115,1,-1,-1,-1
293,57296,1604,587,40,110,1,-1,-1,-1
293,57297,1329,546,48,100,1,-1,-1,-1
293,57298,891,531,55,102,1,-1,-1,-1
293,57299,974,521,39,98,1,-1,-1,-1
293,57302,1408,703,58,106,1,-1,-1,-1
293,57303,1584,639,41,109,1,-1,-1,-1
293,57304,996,620,62,109,1,-1,-1,-1
293,57305,1377,619,50,111,1,-1,-1,-1
293,57308,1691,685,58,109,1,-1,-1,-1
293,57318,818,487,17,13,1,-1,-1,-1
294,57285,837,388,53,69,1,-1,-1,-1
294,57286,841,445,44,61,1,-1,-1,-1
294,57287,846,400,48,69,1,-1,-1,-1
294,57288,640,550,46,95,1,-1,-1,-1
294,57290,513,544,46,97,1,-1,-1,-1
294,57291,394,567,46,94,1,-1,-1,-1
294,57292,748,736,71,101,1,-1,-1,-1
294,57293,364,799,68,124,1,-1,-1,-1
294,57295,1494,599,51,115,1,-1,-1,-1
294,57296,1603,588,42,109,1,-1,-1,-1
294,57297,1330,546,48,100,1,-1,-1,-1
294,57298,887,530,56,102,1,-1,-1,-1
294,57299,972,520,40,98,1,-1,-1,-1
294,57302,1405,703,59,106,1,-1,-1,-1
294,57303,1587,640,40,109,1,-1,-1,-1
294,57304,994,619,61,110,1,-1,-1,-1
294,57305,1377,619,50,112,1,-1,-1,-1
294,57308,1690,685,59,109,1,-1,-1,-1
294,57318,820,488,17,13,1,-1,-1,-1
294,57319,748,430,37,72,1,-1,-1,-1
295,57285,839,388,53,73,1,-1,-1,-1
295,57286,833,444,47,62,1,-1,-1,-1
295,57287,856,399,48,71,1,-1,-1,-1
295,57288,639,549,45,95,1,-1,-1,-1
295,57290,515,544,46,97,1,-1,-1,-1
295,57291,392,565,47,95,1,-1,-1,-1
295,57292,743,736,72,101,1,-1,-1,-1
295,57293,363,799,67,124,1,-1,-1,-1
295,57295,1494,599,50,115,1,-1,-1,-1
295,57296,1604,588,42,109,1,-1,-1,-1
295,57297,1331,546,46,100,1,-1,-1,-1
295,57298,881,529,57,103,1,-1,-1,-1
295,57299,967,519,40,98,1,-1,-1,-1
295,57302,1400,703,60,106,1,-1,-1,-1
295,57303,1589,641,40,109,1,-1,-1,-1
295,57304,989,618,62,109,1,-1,-1,-1
295,57305,1379,620,49,111,1,-1,-1,-1
295,57308,1687,685,59,109,1,-1,-1,-1
295,57318,824,488,17,13,1,-1,-1,-1
295,57319,763,430,37,72,1,-1,-1,-1
296,57285,839,388,54,74,1,-1,-1,-1
296,57286,829,444,48,63,1,-1,-1,-1
296,57287,865,400,46,71,1,-1,-1,-1
296,57288,637,548,45,95,1,-1,-1,-1
296,57290,517,543,46,97,1,-1,-1,-1
296,57291,390,564,47,95,1,-1,-1,-1
296,57292,738,735,72,103,1,-1,-1,-1
296,57293,362,800,66,123,1,-1,-1,-1
296,57295,1494,599,50,115,1,-1,-1,-1
296,57296,1605,588,44,110,1,-1,-1,-1
296,57297,1331,545,45,100,1,-1,-1,-1
296,57298,875,529,58,103,1,-1,-1,-1
296,57299,965,518,39,98,1,-1,-1,-1
296,57302,1394,704,61,106,1,-1,-1,-1
296,57303,1592,642,40,109,1,-1,-1,-1
296,57304,983,619,62,109,1,-1,-1,-1
296,57305,1379,620,50,111,1,-1,-1,-1
296,57308,1683,685,60,109,1,-1,-1,-1
296,57318,825,490,17,13,1,-1,-1,-1
296,57319,776,430,37,71,1,-1,-1,-1
297,57285,840,388,52,75,1,-1,-1,-1
297,57286,827,444,49,64,1,-1,-1,-1
297,57287,869,400,45,71,1,-1,-1,-1
297,57288,636,547,44,95,1,-1,-1,-1
297,57290,518,543,46,97,1,-1,-1,-1
297,57291,388,563,47,94,1,-1,-1,-1
297,57292,731,735,72,103,1,-1,-1,-1
297,57293,360,800,66,122,1,-1,-1,-1
297,57295,1494,600,50,115,1,-1,-1,-1
297,57296,1607,589,43,109,1,-1,-1,-1
297,57297,1332,545,44,100,1,-1,-1,-1
297,57298,868,528,58,103,1,-1,-1,-1
297,57299,965,517,38,98,1,-1,-1,-1
297,57302,1388,705,61,106,1,-1,-1,-1
297,57303,1595,643,39,109,1,-1,-1,-1
297,57304,980,619,62,109,1,-1,-1,-1
297,57305,1380,621,51,111,1,-1,-1,-1
297,57308,1680,684,59,110,1,-1,-1,-1
297,57319,781,430,38,71,1,-1,-1,-1
298,57285,839,387,52,76,1,-1,-1,-1
298,57286,825,444,49,63,1,-1,-1,-1
298,57287,877,400,46,73,1,-1,-1,-1
298,57288,634,546,44,95,1,-1,-1,-1
298,57290,520,543,46,97,1,-1,-1,-1
298,57291,386,562,47,94,1,-1,-1,-1
298,57292,722,735,72,104,1,-1,-1,-1
298,57293,358,800,66,122,1,-1,-1,-1
298,57295,1494,600,50,116,1,-1,-1,-1
298,57296,1609,589,43,110,1,-1,-1,-1
298,57297,1333,545,44,100,1,-1,-1,-1
298,57298,862,527,58,103,1,-1,-1,-1
298,57299,964,516,38,98,1,-1,-1,-1
298,57302,1382,705,60,106,1,-1,-1,-1
298,57303,1597,644,38,109,1,-1,-1,-1
298,57304,974,620,62,108,1,-1,-1,-1
298,57305,1382,621,50,111,1,-1,-1,-1
298,57308,1676,684,59,111,1,-1,-1,-1
298,57319,790,430,38,70,1,-1,-1,-1
299,57285,836,386,52,77,1,-1,-1,-1
299,57286,821,441,49,65,1,-1,-1,-1
299,57287,886,400,46,74,1,-1,-1,-1
299,57288,631,545,43,94,1,-1,-1,-1
299,57290,522,543,45,97,1,-1,-1,-1
299,57291,384,561,46,93,1,-1,-1,-1
299,57292,710,735,69,104,1,-1,-1,-1
299,57293,356,800,67,122,1,-1,-1,-1
299,57295,1494,601,50,116,1,-1,-1,-1
299,57296,1611,589,42,111,1,-1,-1,-1
299,57297,1334,545,43,100,1,-1,-1,-1
299,57298,851,525,58,103,1,-1,-1,-1
299,57299,962,515,39,97,1,-1,-1,-1
299,57302,1373,707,60,106,1,-1,-1,-1
299,57303,1601,645,38,109,1,-1,-1,-1
299,57304,965,622,61,106,1,-1,-1,-1
299,57305,1383,622,50,111,1,-1,-1,-1
299,57308,1671,684,58,111,1,-1,-1,-1
299,57319,800,430,39,71,1,-1,-1,-1
300,57285,833,385,52,78,1,-1,-1,-1
300,57286,820,440,48,65,1,-1,-1,-1
300,57287,895,400,45,75,1,-1,-1,-1
300,57288,633,543,43,94,1,-1,-1,-1
300,57290,524,543,46,97,1,-1,-1,-1
300,57291,381,560,46,92,1,-1,-1,-1
300,57292,703,734,69,106,1,-1,-1,-1
300,57293,352,800,68,123,1,-1,-1,-1
300,57295,1493,601,51,116,1,-1,-1,-1
300,57296,1614,590,41,110,1,-1,-1,-1
300,57297,1336,545,42,100,1,-1,-1,-1
300,57298,845,524,57,103,1,-1,-1,-1
300,57299,960,513,40,97,1,-1,-1,-1
300,57302,1369,708,59,106,1,-1,-1,-1
300,57303,1605,647,37,107,1,-1,-1,-1
300,57304,960,623,60,105,1,-1,-1,-1
300,57305,1385,623,50,111,1,-1,-1,-1
300,57308,1668,684,58,111,1,-1,-1,-1
300,57319,818,430,39,71,1,-1,-1,-1
300,57322,729,457,21,13,1,-1,-1,-1
301,57285,831,385,52,78,1,-1,-1,-1
301,57286,817,433,49,69,1,-1,-1,-1
301,57287,905,400,44,75,1,-1,-1,-1
301,57288,633,542,44,94,1,-1,-1,-1
301,57290,526,542,45,97,1,-1,-1,-1
301,57291,380,559,46,92,1,-1,-1,-1
301,57292,700,734,68,107,1,-1,-1,-1
301,57293,350,801,69,123,1,-1,-1,-1
301,57295,1493,602,52,116,1,-1,-1,-1
301,57296,1616,590,40,111,1,-1,-1,-1
301,57297,1337,545,42,100,1,-1,-1,-1
301,57298,843,523,57,103,1,-1,-1,-1
301,57299,959,512,41,97,1,-1,-1,-1
301,57302,1367,709,60,106,1,-1,-1,-1
301,57303,1606,648,37,106,1,-1,-1,-1
301,57304,958,624,60,105,1,-1,-1,-1
301,57305,1386,624,50,111,1,-1,-1,-1
301,57308,1667,684,57,112,1,-1,-1,-1
301,57319,828,434,37,67,1,-1,-1,-1
302,57285,824,388,51,77,1,-1,-1,-1
302,57286,819,432,48,68,1,-1,-1,-1
302,57287,914,400,43,75,1,-1,-1,-1
302,57288,630,539,45,96,1,-1,-1,-1
302,57290,528,542,45,97,1,-1,-1,-1
302,57291,380,558,46,91,1,-1,-1,-1
302,57292,694,734,67,105,1,-1,-1,-1
302,57293,338,803,69,123,1,-1,-1,-1
302,57295,1493,602,52,116,1,-1,-1,-1
302,57296,1619,590,39,111,1,-1,-1,-1
302,57297,1340,545,41,99,1,-1,-1,-1
302,57298,840,523,56,103,1,-1,-1,-1
302,57299,961,515,39,93,1,-1,-1,-1
302,57302,1364,709,60,106,1,-1,-1,-1
302,57303,1608,648,37,107,1,-1,-1,-1
302,57304,951,622,61,107,1,-1,-1,-1
302,57305,1387,623,49,112,1,-1,-1,-1
302,57308,1664,685,58,111,1,-1,-1,-1
302,57319,844,429,37,70,1,-1,-1,-1
303,57285,821,389,50,77,1,-1,-1,-1
303,57286,820,428,47,69,1,-1,-1,-1
303,57287,924,402,43,73,1,-1,-1,-1
303,57288,630,537,44,97,1,-1,-1,-1
303,57290,531,542,45,97,1,-1,-1,-1
303,57291,380,557,46,90,1,-1,-1,-1
303,57292,691,733,66,106,1,-1,-1,-1
303,57293,333,804,70,122,1,-1,-1,-1
303,57295,1493,601,51,116,1,-1,-1,-1
303,57296,1622,591,39,111,1,-1,-1,-1
303,57297,1344,545,41,99,1,-1,-1,-1
303,57298,836,523,55,103,1,-1,-1,-1
303,57299,962,515,38,92,1,-1,-1,-1
303,57302,1361,710,59,106,1,-1,-1,-1
303,57303,1611,648,37,107,1,-1,-1,-1
303,57304,948,621,61,108,1,-1,-1,-1
303,57305,1387,622,49,113,1,-1,-1,-1
303,57308,1663,685,59,112,1,-1,-1,-1
303,57319,852,427,38,70,1,-1,-1,-1
303,57324,645,440,20,13,1,-1,-1,-1
304,57285,821,390,49,77,1,-1,-1,-1
304,57286,820,423,47,71,1,-1,-1,-1
304,57287,937,404,42,72,1,-1,-1,-1
304,57288,628,536,43,96,1,-1,-1,-1
304,57290,534,542,45,97,1,-1,-1,-1
304,57291,381,555,47,89,1,-1,-1,-1
304,57292,683,733,66,108,1,-1,-1,-1
304,57293,325,805,71,122,1,-1,-1,-1
304,57295,1493,601,50,116,1,-1,-1,-1
304,57296,1627,591,38,111,1,-1,-1,-1
304,57297,1349,545,41,99,1,-1,-1,-1
304,57298,833,522,53,101,1,-1,-1,-1
304,57299,964,514,38,91,1,-1,-1,-1
304,57302,1357,711,59,106,1,-1,-1,-1
304,57303,1613,649,39,108,1,-1,-1,-1
304,57304,943,621,62,109,1,-1,-1,-1
304,57305,1387,622,49,115,1,-1,-1,-1
304,57308,1664,686,58,111,1,-1,-1,-1
304,57319,868,427,36,67,1,-1,-1,-1
305,57285,822,388,49,79,1,-1,-1,-1
305,57286,821,421,47,71,1,-1,-1,-1
305,57287,948,404,43,73,1,-1,-1,-1
305,57288,626,536,43,95,1,-1,-1,-1
305,57290,538,542,45,96,1,-1,-1,-1
305,57291,379,554,47,89,1,-1,-1,-1
305,57292,676,734,65,108,1,-1,-1,-1
305,57293,321,806,73,120,1,-1,-1,-1
305,57295,1495,601,49,116,1,-1,-1,-1
305,57296,1629,591,38,111,1,-1,-1,-1
305,57297,1352,546,41,98,1,-1,-1,-1
305,57298,829,523,50,99,1,-1,-1,-1
305,57299,965,514,38,90,1,-1,-1,-1
305,57302,1352,712,58,106,1,-1,-1,-1
305,57303,1617,649,39,107,1,-1,-1,-1
305,57304,939,621,63,109,1,-1,-1,-1
305,57305,1389,622,47,116,1,-1,-1,-1
305,57308,1663,687,58,110,1,-1,-1,-1
305,57319,880,426,37,68,1,-1,-1,-1
306,57285,822,385,51,82,1,-1,-1,-1
306,57286,824,421,46,71,1,-1,-1,-1
306,57287,955,407,44,72,1,-1,-1,-1
306,57288,624,536,42,93,1,-1,-1,-1
306,57290,541,542,45,95,1,-1,-1,-1
306,57291,376,554,47,88,1,-1,-1,-1
306,57292,668,734,63,108,1,-1,-1,-1
306,57293,319,806,73,118,1,-1,-1,-1
306,57295,1496,601,50,116,1,-1,-1,-1
306,57296,1631,593,38,109,1,-1,-1,-1
306,57297,1354,546,42,98,1,-1,-1,-1
306,57298,826,524,47,97,1,-1,-1,-1
306,57299,967,512,38,91,1,-1,-1,-1
306,57302,1344,713,57,106,1,-1,-1,-1
306,57303,1621,649,40,105,1,-1,-1,-1
306,57304,936,623,62,108,1,-1,-1,-1
306,57305,1392,623,46,115,1,-1,-1,-1
306,57308,1661,689,58,110,1,-1,-1,-1
306,57319,893,427,38,68,1,-1,-1,-1
307,57285,823,388,51,81,1,-1,-1,-1
307,57286,827,421,46,71,1,-1,-1,-1
307,57287,964,411,44,72,1,-1,-1,-1
307,57288,623,537,42,93,1,-1,-1,-1
307,57290,547,542,45,95,1,-1,-1,-1
307,57291,369,554,46,87,1,-1,-1,-1
307,57292,662,736,63,108,1,-1,-1,-1
307,57293,316,805,75,118,1,-1,-1,-1
307,57295,1495,602,51,116,1,-1,-1,-1
307,57296,1632,596,39,107,1,-1,-1,-1
307,57297,1360,548,42,96,1,-1,-1,-1
307,57298,821,524,47,96,1,-1,-1,-1
307,57299,970,511,37,90,1,-1,-1,-1
307,57302,1340,715,57,106,1,-1,-1,-1
307,57303,1626,649,41,106,1,-1,-1,-1
307,57304,927,625,61,106,1,-1,-1,-1
307,57305,1395,624,46,114,1,-1,-1,-1
307,57308,1658,690,55,109,1,-1,-1,-1
307,57319,909,429,38,68,1,-1,-1,-1
308,57285,824,389,50,81,1,-1,-1,-1
308,57286,830,421,45,71,1,-1,-1,-1
308,57287,971,412,44,72,1,-1,-1,-1
308,57288,622,538,43,93,1,-1,-1,-1
308,57290,548,541,46,95,1,-1,-1,-1
308,57291,367,554,46,86,1,-1,-1,-1
308,57292,660,737,62,107,1,-1,-1,-1
308,57293,313,804,76,118,1,-1,-1,-1
308,57295,1495,603,52,116,1,-1,-1,-1
308,57296,1633,597,39,107,1,-1,-1,-1
308,57297,1361,548,43,96,1,-1,-1,-1
308,57298,822,524,46,95,1,-1,-1,-1
308,57299,971,510,37,90,1,-1,-1,-1
308,57302,1339,715,56,106,1,-1,-1,-1
308,57303,1628,650,42,106,1,-1,-1,-1
308,57304,921,626,60,105,1,-1,-1,-1
308,57305,1396,624,46,115,1,-1,-1,-1
308,57308,1659,691,53,108,1,-1,-1,-1
308,57319,921,429,40,69,1,-1,-1,-1
308,57328,524,428,19,13,1,-1,-1,-1
309,57285,825,389,49,80,1,-1,-1,-1
309,57286,834,421,44,71,1,-1,-1,-1
309,57287,975,413,45,72,1,-1,-1,-1
309,57288,625,539,42,90,1,-1,-1,-1
309,57290,552,542,46,95,1,-1,-1,-1
309,57291,367,553,48,86,1,-1,-1,-1
309,57292,653,736,64,107,1,-1,-1,-1
309,57293,311,803,76,117,1,-1,-1,-1
309,57295,1500,603,53,116,1,-1,-1,-1
309,57296,1640,600,41,104,1,-1,-1,-1
309,57297,1364,549,44,95,1,-1,-1,-1
309,57298,822,521,47,94,1,-1,-1,-1
309,57299,977,510,36,89,1,-1,-1,-1
309,57302,1339,713,57,108,1,-1,-1,-1
309,57303,1631,652,42,105,1,-1,-1,-1
309,57304,917,627,60,104,1,-1,-1,-1
309,57305,1401,626,47,113,1,-1,-1,-1
309,57308,1660,692,53,107,1,-1,-1,-1
309,57319,934,428,41,70,1,-1,-1,-1
310,57285,826,389,48,79,1,-1,-1,-1
310,57286,837,421,43,71,1,-1,-1,-1
310,57287,985,412,45,72,1,-1,-1,-1
310,57288,626,539,43,89,1,-1,-1,-1
310,57290,557,542,46,95,1,-1,-1,-1
310,57291,366,552,50,86,1,-1,-1,-1
310,57292,650,736,66,107,1,-1,-1,-1
310,57293,309,801,76,117,1,-1,-1,-1
310,57295,1502,604,56,116,1,-1,-1,-1
310,57296,1643,601,42,103,1,-1,-1,-1
310,57297,1367,549,43,95,1,-1,-1,-1
310,57298,822,520,48,94,1,-1,-1,-1
310,57299,981,509,36,88,1,-1,-1,-1
310,57302,1339,713,59,109,1,-1,-1,-1
310,57303,1634,652,41,104,1,-1,-1,-1
310,57304,917,626,60,105,1,-1,-1,-1
310,57305,1405,627,47,113,1,-1,-1,-1
310,57308,1661,692,55,107,1,-1,-1,-1
310,57319,941,428,42,71,1,-1,-1,-1
311,57285,830,392,45,76,1,-1,-1,-1
311,57286,840,421,43,71,1,-1,-1,-1
311,57287,994,412,46,72,1,-1,-1,-1
311,57288,630,539,42,86,1,-1,-1,-1
311,57290,565,543,46,94,1,-1,-1,-1
311,57291,366,552,51,85,1,-1,-1,-1
311,57292,650,736,65,106,1,-1,-1,-1
311,57293,305,800,74,116,1,-1,-1,-1
311,57295,1508,604,56,116,1,-1,-1,-1
311,57296,1649,602,42,102,1,-1,-1,-1
311,57297,1370,549,44,95,1,-1,-1,-1
311,57298,820,519,49,93,1,-1,-1,-1
311,57299,986,508,35,88,1,-1,-1,-1
311,57302,1341,715,59,107,1,-1,-1,-1
311,57303,1640,653,40,99,1,-1,-1,-1
311,57304,918,626,60,105,1,-1,-1,-1
311,57305,1411,628,48,111,1,-1,-1,-1
311,57308,1664,692,56,107,1,-1,-1,-1
311,57319,957,427,42,72,1,-1,-1,-1
312,57285,832,393,44,76,1,-1,-1,-1
312,57286,842,422,43,71,1,-1,-1,-1
312,57287,999,412,46,72,1,-1,-1,-1
312,57288,632,539,43,84,1,-1,-1,-1
312,57290,569,544,46,94,1,-1,-1,-1
312,57291,367,552,50,83,1,-1,-1,-1
312,57292,649,736,66,106,1,-1,-1,-1
312,57293,305,800,73,116,1,-1,-1,-1
312,57295,1514,604,58,116,1,-1,-1,-1
312,57296,1655,603,44,102,1,-1,-1,-1
312,57297,1376,549,44,94,1,-1,-1,-1
312,57298,819,519,49,93,1,-1,-1,-1
312,57299,991,508,35,87,1,-1,-1,-1
312,57302,1341,716,60,107,1,-1,-1,-1
312,57303,1648,653,38,93,1,-1,-1,-1
312,57304,919,625,61,105,1,-1,-1,-1
312,57305,1418,630,48,109,1,-1,-1,-1
312,57308,1668,692,56,106,1,-1,-1,-1
312,57319,966,427,41,72,1,-1,-1,-1
312,57331,436,436,17,13,1,-1,-1,-1
313,57285,837,395,42,74,1,-1,-1,-1
313,57286,848,427,43,71,1,-1,-1,-1
313,57287,1010,412,46,72,1,-1,-1,-1
313,57288,640,541,43,81,1,-1,-1,-1
313,57290,579,544,47,94,1,-1,-1,-1
313,57291,368,552,50,81,1,-1,-1,-1
313,57292,647,736,64,106,1,-1,-1,-1
313,57293,309,798,73,115,1,-1,-1,-1
313,57295,1523,605,59,116,1,-1,-1,-1
313,57296,1663,606,44,99,1,-1,-1,-1
313,57297,1383,549,45,94,1,-1,-1,-1
313,57298,816,519,51,92,1,-1,-1,-1
313,57299,999,507,35,87,1,-1,-1,-1
313,57302,1340,719,59,106,1,-1,-1,-1
313,57303,1659,652,35,85,1,-1,-1,-1
313,57304,921,624,63,105,1,-1,-1,-1
313,57305,1428,632,48,108,1,-1,-1,-1
313,57308,1674,692,56,106,1,-1,-1,-1
313,57319,983,426,42,74,1,-1,-1,-1
314,57285,840,395,41,74,1,-1,-1,-1
314,57286,854,429,43,69,1,-1,-1,-1
314,57287,1019,412,46,71,1,-1,-1,-1
314,57288,646,541,43,80,1,-1,-1,-1
314,57290,586,545,48,93,1,-1,-1,-1
314,57291,370,552,50,80,1,-1,-1,-1
314,57292,647,735,63,107,1,-1,-1,-1
314,57293,311,798,74,114,1,-1,-1,-1
314,57295,1530,605,59,116,1,-1,-1,-1
314,57296,1666,607,44,99,1,-1,-1,-1
314,57297,1389,550,46,93,1,-1,-1,-1
314,57298,815,518,51,92,1,-1,-1,-1
314,57299,1005,506,35,86,1,-1,-1,-1
314,57302,1340,720,58,106,1,-1,-1,-1
314,57303,1666,653,35,83,1,-1,-1,-1
314,57304,922,624,64,105,1,-1,-1,-1
314,57305,1434,633,49,107,1,-1,-1,-1
314,57308,1675,694,57,106,1,-1,-1,-1
314,57319,997,425,40,74,1,-1,-1,-1
315,57285,843,395,40,74,1,-1,-1,-1
315,57286,863,431,43,65,1,-1,-1,-1
315,57287,1028,413,45,69,1,-1,-1,-1
315,57288,652,541,45,79,1,-1,-1,-1
315,57290,596,544,48,93,1,-1,-1,-1
315,57291,375,551,51,80,1,-1,-1,-1
315,57292,647,733,62,107,1,-1,-1,-1
315,57293,313,796,74,115,1,-1,-1,-1
315,57295,1538,606,57,114,1,-1,-1,-1
315,57296,1667,609,45,98,1,-1,-1,-1
315,57297,1397,549,47,94,1,-1,-1,-1
315,57298,815,518,52,91,1,-1,-1,-1
315,57299,1015,506,34,83,1,-1,-1,-1
315,57302,1340,721,58,106,1,-1,-1,-1
315,57303,1674,656,36,83,1,-1,-1,-1
315,57304,925,626,63,103,1,-1,-1,-1
315,57305,1439,636,49,106,1,-1,-1,-1
315,57308,1673,697,57,106,1,-1,-1,-1
315,57319,1015,423,40,74,1,-1,-1,-1
316,57285,846,394,40,75,1,-1,-1,-1
316,57286,870,431,43,65,1,-1,-1,-1
316,57287,1037,414,45,68,1,-1,-1,-1
316,57288,654,540,46,78,1,-1,-1,-1
316,57290,604,543,49,93,1,-1,-1,-1
316,57291,376,549,53,81,1,-1,-1,-1
316,57292,647,732,62,108,1,-1,-1,-1
316,57293,313,795,75,115,1,-1,-1,-1
316,57295,1546,606,56,114,1,-1,-1,-1
316,57296,1672,608,47,99,1,-1,-1,-1
316,57297,1405,549,48,94,1,-1,-1,-1
316,57298,817,517,53,91,1,-1,-1,-1
316,57299,1023,506,36,82,1,-1,-1,-1
316,57302,1343,722,58,106,1,-1,-1,-1
316,57303,1682,657,38,86,1,-1,-1,-1
316,57304,924,626,62,103,1,-1,-1,-1
316,57305,1447,636,50,106,1,-1,-1,-1
316,57308,1675,697,59,106,1,-1,-1,-1
316,57319,1032,422,39,74,1,-1,-1,-1
317,57285,850,393,40,76,1,-1,-1,-1
317,57286,878,432,45,63,1,-1,-1,-1
317,57287,1046,414,45,68,1,-1,-1,-1
317,57288,654,540,48,78,1,-1,-1,-1
317,57290,614,542,49,93,1,-1,-1,-1
317,57291,378,547,54,81,1,-1,-1,-1
317,57292,647,731,62,107,1,-1,-1,-1
317,57293,312,794,75,115,1,-1,-1,-1
317,57295,1555,605,54,115,1,-1,-1,-1
317,57296,1681,607,48,99,1,-1,-1,-1
317,57297,1414,550,49,92,1,-1,-1,-1
317,57298,820,516,54,90,1,-1,-1,-1
317,57299,1032,505,35,82,1,-1,-1,-1
317,57302,1347,722,58,106,1,-1,-1,-1
317,57303,1691,658,40,89,1,-1,-1,-1
317,57304,923,626,60,103,1,-1,-1,-1
317,57305,1455,635,51,107,1,-1,-1,-1
317,57308,1680,696,60,106,1,-1,-1,-1
317,57319,1049,422,38,72,1,-1,-1,-1
318,57285,855,393,41,76,1,-1,-1,-1
318,57286,884,432,45,63,1,-1,-1,-1
318,57287,1053,414,45,68,1,-1,-1,-1
318,57288,654,539,49,78,1,-1,-1,-1
318,57290,622,541,50,93,1,-1,-1,-1
318,57291,378,545,55,82,1,-1,-1,-1
318,57292,647,730,62,108,1,-1,-1,-1
318,57293,312,793,73,115,1,-1,-1,-1
318,57295,1562,605,53,115,1,-1,-1,-1
318,57296,1690,606,49,99,1,-1,-1,-1
318,57297,1423,551,49,91,1,-1,-1,-1
318,57298,824,515,54,89,1,-1,-1,-1
318,57299,1039,505,36,81,1,-1,-1,-1
318,57302,1352,723,58,106,1,-1,-1,-1
318,57303,1700,659,44,92,1,-1,-1,-1
318,57304,924,626,61,103,1,-1,-1,-1
318,57305,1465,635,51,107,1,-1,-1,-1
318,57308,1686,695,61,106,1,-1,-1,-1
318,57319,1066,423,37,70,1,-1,-1,-1
319,57285,863,393,41,78,1,-1,-1,-1
319,57286,890,432,44,63,1,-1,-1,-1
319,57287,1061,414,44,68,1,-1,-1,-1
319,57288,655,539,49,78,1,-1,-1,-1
319,57290,632,540,49,93,1,-1,-1,-1
319,57291,378,543,57,82,1,-1,-1,-1
319,57292,648,730,61,107,1,-1,-1,-1
319,57293,311,791,73,115,1,-1,-1,-1
319,57295,1571,606,54,115,1,-1,-1,-1
319,57296,1701,605,50,98,1,-1,-1,-1
319,57297,1433,553,50,89,1,-1,-1,-1
319,57298,828,514,54,88,1,-1,-1,-1
319,57299,1048,504,37,82,1,-1,-1,-1
319,57302,1357,723,59,106,1,-1,-1,-1
319,57303,1710,659,47,97,1,-1,-1,-1
319,57304,929,626,61,103,1,-1,-1,-1
319,57305,1476,634,52,108,1,-1,-1,-1
319,57308,1693,694,61,105,1,-1,-1,-1
319,57319,1086,423,36,68,1,-1,-1,-1
320,57285,868,392,41,79,1,-1,-1,-1
320,57286,897,431,44,64,1,-1,-1,-1
320,57287,1070,414,43,68,1,-1,-1,-1
320,57288,657,539,49,77,1,-1,-1,-1
320,57290,639,539,50,93,1,-1,-1,-1
320,57291,380,542,57,82,1,-1,-1,-1
320,57292,649,729,62,107,1,-1,-1,-1
320,57293,313,790,72,115,1,-1,-1,-1
320,57295,1579,607,54,114,1,-1,-1,-1
320,57296,1708,606,51,97,1,-1,-1,-1
320,57297,1439,553,52,89,1,-1,-1,-1
320,57298,831,513,54,87,1,-1,-1,-1
320,57299,1056,504,37,81,1,-1,-1,-1
320,57302,1362,724,59,105,1,-1,-1,-1
320,57303,1718,660,49,99,1,-1,-1,-1
320,57304,932,625,61,104,1,-1,-1,-1
320,57305,1483,635,53,107,1,-1,-1,-1
320,57308,1697,693,62,106,1,-1,-1,-1
320,57319,1101,424,36,68,1,-1,-1,-1
321,57285,874,391,42,80,1,-1,-1,-1
321,57286,905,431,44,63,1,-1,-1,-1
321,57287,1080,415,44,67,1,-1,-1,-1
321,57288,659,537,49,77,1,-1,-1,-1
321,57290,647,538,50,93,1,-1,-1,-1
321,57291,382,540,58,83,1,-1,-1,-1
321,57292,651,729,62,107,1,-1,-1,-1
321,57293,316,789,72,114,1,-1,-1,-1
321,57295,1588,608,54,113,1,-1,-1,-1
321,57296,1716,606,51,98,1,-1,-1,-1
321,57297,1446,552,53,90,1,-1,-1,-1
321,57298,833,512,56,87,1,-1,-1,-1
321,57299,1064,504,37,80,1,-1,-1,-1
321,57302,1367,725,59,104,1,-1,-1,-1
321,57303,1726,661,51,99,1,-1,-1,-1
321,57304,935,625,61,104,1,-1,-1,-1
321,57305,1490,635,53,107,1,-1,-1,-1
321,57308,1701,693,64,106,1,-1,-1,-1
321,57319,1117,425,37,69,1,-1,-1,-1
321,57339,297,499,17,13,1,-1,-1,-1
322,57285,880,390,42,80,1,-1,-1,-1
322,57286,913,430,44,64,1,-1,-1,-1
322,57287,1092,415,43,68,1,-1,-1,-1
322,57288,662,536,49,77,1,-1,-1,-1
322,57290,656,537,50,93,1,-1,-1,-1
322,57291,384,538,59,84,1,-1,-1,-1
322,57292,652,729,63,107,1,-1,-1,-1
322,57293,319,788,72,114,1,-1,-1,-1
322,57295,1598,609,54,111,1,-1,-1,-1
322,57296,1724,607,51,97,1,-1,-1,-1
322,57297,1453,552,54,90,1,-1,-1,-1
322,57298,836,511,57,87,1,-1,-1,-1
322,57299,1072,504,38,79,1,-1,-1,-1
322,57302,1373,725,58,104,1,-1,-1,-1
322,57303,1734,662,52,99,1,-1,-1,-1
322,57304,937,625,62,104,1,-1,-1,-1
322,57305,1497,636,53,107,1,-1,-1,-1
322,57308,1703,693,64,106,1,-1,-1,-1
322,57319,1134,426,37,70,1,-1,-1,-1
323,57285,886,389,43,80,1,-1,-1,-1
323,57286,922,429,44,64,1,-1,-1,-1
323,57287,1102,415,44,68,1,-1,-1,-1
323,57288,664,535,50,77,1,-1,-1,-1
323,57290,664,536,51,93,1,-1,-1,-1
323,57291,387,537,60,84,1,-1,-1,-1
323,57292,654,728,63,107,1,-1,-1,-1
323,57293,322,787,74,115,1,-1,-1,-1
323,57295,1607,610,54,110,1,-1,-1,-1
323,57296,1732,607,51,98,1,-1,-1,-1
323,57297,1459,551,56,91,1,-1,-1,-1
323,57298,838,510,58,87,1,-1,-1,-1
323,57299,1080,503,38,79,1,-1,-1,-1
323,57302,1379,726,57,102,1,-1,-1,-1
323,57303,1742,663,54,99,1,-1,-1,-1
323,57304,940,625,62,104,1,-1,-1,-1
323,57305,1503,637,54,106,1,-1,-1,-1
323,57308,1705,693,64,104,1,-1,-1,-1
323,57319,1150,427,38,72,1,-1,-1,-1
324,57285,892,387,43,81,1,-1,-1,-1
324,57286,932,428,45,64,1,-1,-1,-1
324,57287,1116,415,45,68,1,-1,-1,-1
324,57288,667,534,51,76,1,-1,-1,-1
324,57290,674,535,51,93,1,-1,-1,-1
324,57291,389,535,61,85,1,-1,-1,-1
324,57292,656,728,63,106,1,-1,-1,-1
324,57293,325,785,75,116,1,-1,-1,-1
324,57295,1617,611,54,108,1,-1,-1,-1
324,57296,1742,608,49,97,1,-1,-1,-1
324,57297,1466,550,57,92,1,-1,-1,-1
324,57298,841,509,59,87,1,-1,-1,-1
324,57299,1091,503,38,77,1,-1,-1,-1
324,57302,1386,726,55,102,1,-1,-1,-1
324,57303,1753,663,54,100,1,-1,-1,-1
324,57304,942,624,62,105,1,-1,-1,-1
324,57305,1510,638,54,105,1,-1,-1,-1
324,57308,1709,694,62,101,1,-1,-1,-1
324,57319,1170,428,40,74,1,-1,-1,-1
325,57285,901,385,44,81,1,-1,-1,-1
325,57286,937,428,45,63,1,-1,-1,-1
325,57287,1123,415,45,68,1,-1,-1,-1
325,57288,671,532,51,75,1,-1,-1,-1
325,57290,684,533,52,93,1,-1,-1,-1
325,57291,393,531,62,86,1,-1,-1,-1
325,57292,659,728,64,106,1,-1,-1,-1
325,57293,327,783,76,116,1,-1,-1,-1
325,57295,1632,613,54,105,1,-1,-1,-1
325,57296,1750,609,49,97,1,-1,-1,-1
325,57297,1477,549,59,93,1,-1,-1,-1
325,57298,845,507,60,87,1,-1,-1,-1
325,57299,1099,502,40,80,1,-1,-1,-1
325,57302,1392,727,57,105,1,-1,-1,-1
325,57303,1764,664,56,100,1,-1,-1,-1
325,57304,947,624,62,105,1,-1,-1,-1
325,57305,1521,640,55,103,1,-1,-1,-1
325,57308,1715,696,65,103,1,-1,-1,-1
325,57319,1187,426,42,77,1,-1,-1,-1
325,57342,249,543,17,13,1,-1,-1,-1
326,57285,904,385,46,81,1,-1,-1,-1
326,57286,940,427,45,64,1,-1,-1,-1
326,57287,1128,415,46,68,1,-1,-1,-1
326,57288,672,531,52,75,1,-1,-1,-1
326,57290,687,532,53,93,1,-1,-1,-1
326,57291,383,532,63,89,1,-1,-1,-1
326,57292,660,727,65,106,1,-1,-1,-1
326,57293,327,782,78,116,1,-1,-1,-1
326,57295,1638,614,54,104,1,-1,-1,-1
326,57296,1753,610,48,96,1,-1,-1,-1
326,57297,1481,549,61,93,1,-1,-1,-1
326,57298,846,506,61,87,1,-1,-1,-1
326,57299,1102,501,41,81,1,-1,-1,-1
326,57302,1395,728,57,104,1,-1,-1,-1
326,57303,1767,665,57,99,1,-1,-1,-1
326,57304,948,623,62,106,1,-1,-1,-1
326,57305,1524,641,56,103,1,-1,-1,-1
326,57308,1717,696,66,104,1,-1,-1,-1
326,57319,1192,426,43,77,1,-1,-1,-1
327,57285,911,385,47,81,1,-1,-1,-1
327,57286,944,427,44,64,1,-1,-1,-1
327,57287,1136,414,46,68,1,-1,-1,-1
327,57288,671,529,53,76,1,-1,-1,-1
327,57290,700,531,53,93,1,-1,-1,-1
327,57291,389,529,61,88,1,-1,-1,-1
327,57292,664,727,66,105,1,-1,-1,-1
327,57293,327,781,76,115,1,-1,-1,-1
327,57295,1644,613,55,104,1,-1,-1,-1
327,57296,1762,608,49,99,1,-1,-1,-1
327,57297,1492,548,59,90,1,-1,-1,-1
327,57298,850,507,59,83,1,-1,-1,-1
327,57299,1110,501,39,78,1,-1,-1,-1
327,57302,1399,728,57,105,1,-1,-1,-1
327,57303,1780,663,58,100,1,-1,-1,-1
327,57304,950,620,63,105,1,-1,-1,-1
327,57305,1533,640,59,106,1,-1,-1,-1
327,57308,1725,695,65,101,1,-1,-1,-1
327,57319,1210,424,44,77,1,-1,-1,-1
328,57285,915,385,47,81,1,-1,-1,-1
328,57286,948,427,44,64,1,-1,-1,-1
328,57287,1140,414,46,68,1,-1,-1,-1
328,57288,671,528,54,76,1,-1,-1,-1
328,57290,706,530,53,93,1,-1,-1,-1
328,57291,393,528,59,87,1,-1,-1,-1
328,57292,668,726,65,105,1,-1,-1,-1
328,57293,328,780,75,115,1,-1,-1,-1
328,57295,1647,612,56,105,1,-1,-1,-1
328,57296,1767,608,49,99,1,-1,-1,-1
328,57297,1496,548,60,89,1,-1,-1,-1
328,57298,851,508,59,81,1,-1,-1,-1
328,57299,1115,501,39,76,1,-1,-1,-1
328,57302,1403,729,56,104,1,-1,-1,-1
328,57303,1785,662,60,101,1,-1,-1,-1
328,57304,952,617,62,106,1,-1,-1,-1
328,57305,1538,640,60,107,1,-1,-1,-1
328,57308,1728,694,65,100,1,-1,-1,-1
328,57319,1220,422,44,78,1,-1,-1,-1
328,57344,226,534,17,13,1,-1,-1,-1
329,57285,919,385,48,80,1,-1,-1,-1
329,57286,956,427,45,64,1,-1,-1,-1
329,57287,1148,414,45,68,1,-1,-1,-1
329,57288,673,528,54,75,1,-1,-1,-1
329,57290,712,530,53,91,1,-1,-1,-1
329,57291,396,525,59,88,1,-1,-1,-1
329,57292,671,725,66,105,1,-1,-1,-1
329,57293,330,778,74,115,1,-1,-1,-1
329,57295,1654,611,57,106,1,-1,-1,-1
329,57296,1774,608,48,98,1,-1,-1,-1
329,57297,1500,547,60,89,1,-1,-1,-1
329,57298,853,507,58,81,1,-1,-1,-1
329,57299,1121,500,39,76,1,-1,-1,-1
329,57302,1408,730,55,102,1,-1,-1,-1
329,57303,1791,662,61,101,1,-1,-1,-1
329,57304,954,617,62,105,1,-1,-1,-1
329,57305,1544,640,62,109,1,-1,-1,-1
329,57308,1729,693,66,100,1,-1,-1,-1
329,57319,1233,420,45,78,1,-1,-1,-1
330,57285,924,384,47,81,1,-1,-1,-1
330,57286,967,426,44,66,1,-1,-1,-1
330,57287,1156,414,46,68,1,-1,-1,-1
330,57288,676,526,55,76,1,-1,-1,-1
330,57290,719,529,51,90,1,-1,-1,-1
330,57291,399,522,61,90,1,-1,-1,-1
330,57292,675,723,65,107,1,-1,-1,-1
330,57293,332,777,74,115,1,-1,-1,-1
330,57295,1660,610,59,107,1,-1,-1,-1
330,57296,1780,608,48,97,1,-1,-1,-1
330,57297,1504,547,59,88,1,-1,-1,-1
330,57298,853,507,59,80,1,-1,-1,-1
330,57299,1128,500,39,75,1,-1,-1,-1
330,57302,1412,731,56,101,1,-1,-1,-1
330,57303,1797,661,63,102,1,-1,-1,-1
330,57304,956,616,62,105,1,-1,-1,-1
330,57305,1552,641,62,109,1,-1,-1,-1
330,57308,1731,693,66,99,1,-1,-1,-1
330,57319,1248,417,46,79,1,-1,-1,-1
331,57285,929,384,47,80,1,-1,-1,-1
331,57286,978,426,45,66,1,-1,-1,-1
331,57287,1165,415,46,67,1,-1,-1,-1
331,57288,680,525,55,76,1,-1,-1,-1
331,57290,727,527,50,89,1,-1,-1,-1
331,57291,402,519,63,91,1,-1,-1,-1
331,57292,680,720,64,109,1,-1,-1,-1
331,57293,335,775,74,114,1,-1,-1,-1
331,57295,1668,607,62,110,1,-1,-1,-1
331,57296,1788,610,48,95,1,-1,-1,-1
331,57297,1509,547,59,87,1,-1,-1,-1
331,57298,855,505,58,80,1,-1,-1,-1
331,57299,1137,499,39,75,1,-1,-1,-1
331,57302,1417,732,55,99,1,-1,-1,-1
331,57303,1804,661,64,102,1,-1,-1,-1
331,57304,959,616,62,105,1,-1,-1,-1
331,57305,1561,641,62,109,1,-1,-1,-1
331,57308,1732,693,66,99,1,-1,-1,-1
331,57319,1265,415,46,79,1,-1,-1,-1
332,57285,935,383,47,80,1,-1,-1,-1
332,57286,987,425,44,66,1,-1,-1,-1
332,57287,1173,415,46,67,1,-1,-1,-1
332,57288,684,524,54,76,1,-1,-1,-1
332,57290,735,526,49,88,1,-1,-1,-1
332,57291,404,517,63,92,1,-1,-1,-1
332,57292,684,720,64,108,1,-1,-1,-1
332,57293,336,774,75,114,1,-1,-1,-1
332,57295,1675,607,62,110,1,-1,-1,-1
332,57296,1795,610,49,96,1,-1,-1,-1
332,57297,1514,546,59,88,1,-1,-1,-1
332,57298,857,504,59,80,1,-1,-1,-1
332,57299,1144,499,39,75,1,-1,-1,-1
332,57302,1423,733,55,100,1,-1,-1,-1
332,57303,1809,660,65,102,1,-1,-1,-1
332,57304,961,615,61,105,1,-1,-1,-1
332,57305,1568,640,62,110,1,-1,-1,-1
332,57308,1735,692,65,100,1,-1,-1,-1
332,57319,1279,414,46,80,1,-1,-1,-1
332,57347,200,519,17,13,1,-1,-1,-1
333,57285,941,383,47,80,1,-1,-1,-1
333,57286,994,425,44,66,1,-1,-1,-1
333,57287,1180,415,46,67,1,-1,-1,-1
333,57288,688,522,54,77,1,-1,-1,-1
333,57290,743,524,50,90,1,-1,-1,-1
333,57291,405,516,64,92,1,-1,-1,-1
333,57292,689,720,63,108,1,-1,-1,-1
333,57293,339,774,74,114,1,-1,-1,-1
333,57295,1682,606,62,111,1,-1,-1,-1
333,57296,1802,611,50,97,1,-1,-1,-1
333,57297,1520,546,60,89,1,-1,-1,-1
333,57298,859,504,59,79,1,-1,-1,-1
333,57299,1152,499,39,75,1,-1,-1,-1
333,57302,1429,734,57,101,1,-1,-1,-1
333,57303,1814,660,66,102,1,-1,-1,-1
333,57304,963,615,62,105,1,-1,-1,-1
333,57305,1575,639,63,110,1,-1,-1,-1
333,57308,1739,690,65,100,1,-1,-1,-1
333,57319,1295,415,45,79,1,-1,-1,-1
333,57347,197,519,17,13,1,-1,-1,-1
334,57285,947,382,48,80,1,-1,-1,-1
334,57286,1001,424,44,67,1,-1,-1,-1
334,57287,1189,415,45,67,1,-1,-1,-1
334,57288,692,521,55,77,1,-1,-1,-1
334,57290,751,522,51,91,1,-1,-1,-1
334,57291,407,516,63,92,1,-1,-1,-1
334,57292,694,720,63,107,1,-1,-1,-1
334,57293,342,774,74,113,1,-1,-1,-1
334,57295,1690,606,62,111,1,-1,-1,-1
334,57296,1809,611,52,99,1,-1,-1,-1
334,57297,1527,546,61,89,1,-1,-1,-1
334,57298,861,503,60,79,1,-1,-1,-1
334,57299,1161,499,39,75,1,-1,-1,-1
334,57302,1436,735,57,103,1,-1,-1,-1
334,57303,1821,659,66,102,1,-1,-1,-1
334,57304,965,615,62,105,1,-1,-1,-1
334,57305,1583,638,63,110,1,-1,-1,-1
334,57308,1743,688,66,100,1,-1,-1,-1
334,57319,1311,416,45,80,1,-1,-1,-1
334,57347,193,518,17,13,1,-1,-1,-1
335,57285,955,381,49,80,1,-1,-1,-1
335,57286,1010,424,44,66,1,-1,-1,-1
335,57287,1199,415,46,67,1,-1,-1,-1
335,57288,696,519,57,78,1,-1,-1,-1
335,57290,763,519,51,93,1,-1,-1,-1
335,57291,409,515,63,92,1,-1,-1,-1
335,57292,699,720,64,105,1,-1,-1,-1
335,57293,346,774,73,113,1,-1,-1,-1
335,57295,1700,607,60,110,1,-1,-1,-1
335,57296,1820,611,52,102,1,-1,-1,-1
335,57297,1536,545,62,92,1,-1,-1,-1
335,57298,865,502,60,79,1,-1,-1,-1
335,57299,1172,499,38,74,1,-1,-1,-1
335,57302,1445,736,58,105,1,-1,-1,-1
335,57303,1828,658,66,101,1,-1,-1,-1
335,57304,968,614,61,105,1,-1,-1,-1
335,57305,1592,635,64,111,1,-1,-1,-1
335,57308,1748,685,67,101,1,-1,-1,-1
335,57319,1327,418,45,79,1,-1,-1,-1
335,57347,188,517,17,13,1,-1,-1,-1
336,57285,958,380,50,80,1,-1,-1,-1
336,57286,1017,424,44,66,1,-1,-1,-1
336,57287,1206,414,45,68,1,-1,-1,-1
336,57288,697,518,58,78,1,-1,-1,-1
336,57290,769,518,52,93,1,-1,-1,-1
336,57291,412,513,63,93,1,-1,-1,-1
336,57292,704,720,63,104,1,-1,-1,-1
336,57293,348,773,73,113,1,-1,-1,-1
336,57295,1705,607,60,109,1,-1,-1,-1
336,57296,1826,612,52,102,1,-1,-1,-1
336,57297,1541,545,62,92,1,-1,-1,-1
336,57298,867,501,59,78,1,-1,-1,-1
336,57299,1178,499,39,74,1,-1,-1,-1
336,57302,1451,736,58,107,1,-1,-1,-1
336,57303,1833,658,67,101,1,-1,-1,-1
336,57304,971,614,61,105,1,-1,-1,-1
336,57305,1598,634,65,111,1,-1,-1,-1
336,57308,1751,685,68,100,1,-1,-1,-1
336,57319,1344,420,44,78,1,-1,-1,-1
336,57347,186,517,17,13,1,-1,-1,-1
337,57285,961,380,50,79,1,-1,-1,-1
337,57286,1026,422,45,68,1,-1,-1,-1
337,57287,1214,412,46,69,1,-1,-1,-1
337,57288,696,517,58,78,1,-1,-1,-1
337,57290,777,518,52,92,1,-1,-1,-1
337,57291,416,511,62,92,1,-1,-1,-1
337,57292,710,721,63,102,1,-1,-1,-1
337,57293,351,771,72,113,1,-1,-1,-1
337,57295,1711,606,59,109,1,-1,-1,-1
337,57296,1835,612,51,101,1,-1,-1,-1
337,57297,1546,545,60,91,1,-1,-1,-1
337,57298,868,499,59,79,1,-1,-1,-1
337,57299,1186,498,38,74,1,-1,-1,-1
337,57302,1457,736,58,108,1,-1,-1,-1
337,57303,1839,657,68,104,1,-1,-1,-1
337,57304,975,613,62,106,1,-1,-1,-1
337,57305,1603,634,68,112,1,-1,-1,-1
337,57308,1753,684,68,101,1,-1,-1,-1
337,57319,1361,422,43,78,1,-1,-1,-1
337,57347,184,518,17,13,1,-1,-1,-1
338,57285,965,379,48,79,1,-1,-1,-1
338,57286,1037,420,46,69,1,-1,-1,-1
338,57287,1223,410,48,71,1,-1,-1,-1
338,57288,695,515,57,79,1,-1,-1,-1
338,57290,788,519,51,90,1,-1,-1,-1
338,57291,421,507,63,93,1,-1,-1,-1
338,57292,721,721,59,101,1,-1,-1,-1
338,57293,356,768,70,112,1,-1,-1,-1
338,57295,1718,606,58,108,1,-1,-1,-1
338,57296,1847,613,49,99,1,-1,-1,-1
338,57297,1551,544,59,91,1,-1,-1,-1
338,57298,869,497,59,79,1,-1,-1,-1
338,57299,1197,496,38,74,1,-1,-1,-1
338,57302,1464,735,56,109,1,-1,-1,-1
338,57303,1847,657,69,105,1,-1,-1,-1
338,57304,980,613,64,106,1,-1,-1,-1
338,57305,1610,634,69,112,1,-1,-1,-1
338,57308,1755,684,68,101,1,-1,-1,-1
338,57319,1379,423,43,77,1,-1,-1,-1
338,57347,181,520,17,13,1,-1,-1,-1
339,57285,969,379,48,78,1,-1,-1,-1
339,57286,1044,420,46,69,1,-1,-1,-1
339,57287,1227,410,49,71,1,-1,-1,-1
339,57288,696,514,57,79,1,-1,-1,-1
339,57290,794,518,50,90,1,-1,-1,-1
339,57291,424,506,63,92,1,-1,-1,-1
339,57292,728,721,57,100,1,-1,-1,-1
339,57293,357,767,71,112,1,-1,-1,-1
339,57295,1723,605,58,108,1,-1,-1,-1
339,57296,1853,614,47,97,1,-1,-1,-1
339,57297,1556,543,57,90,1,-1,-1,-1
339,57298,871,496,59,79,1,-1,-1,-1
339,57299,1203,496,38,74,1,-1,-1,-1
339,57302,1470,734,55,111,1,-1,-1,-1
339,57303,1850,657,70,105,1,-1,-1,-1
339,57304,984,613,64,106,1,-1,-1,-1
339,57305,1613,634,69,112,1,-1,-1,-1
339,57308,1755,684,68,102,1,-1,-1,-1
339,57319,1389,424,42,77,1,-1,-1,-1
339,57347,180,523,17,13,1,-1,-1,-1
340,57285,980,377,49,78,1,-1,-1,-1
340,57286,1052,420,47,71,1,-1,-1,-1
340,57287,1234,409,49,72,1,-1,-1,-1
340,57288,701,513,58,78,1,-1,-1,-1
340,57290,803,517,51,90,1,-1,-1,-1
340,57291,431,502,63,92,1,-1,-1,-1
340,57292,738,718,57,104,1,-1,-1,-1
340,57293,361,765,72,112,1,-1,-1,-1
340,57295,1731,605,57,108,1,-1,-1,-1
340,57296,1862,614,46,97,1,-1,-1,-1
340,57297,1565,539,58,92,1,-1,-1,-1
340,57298,878,495,61,81,1,-1,-1,-1
340,57299,1212,493,40,78,1,-1,-1,-1
340,57302,1476,734,54,111,1,-1,-1,-1
340,57303,1855,656,67,105,1,-1,-1,-1
340,57304,991,613,63,106,1,-1,-1,-1
340,57305,1616,633,70,113,1,-1,-1,-1
340,57308,1754,682,67,103,1,-1,-1,-1
340,57319,1408,426,41,77,1,-1,-1,-1
340,57347,177,527,17,13,1,-1,-1,-1
341,57285,984,376,49,78,1,-1,-1,-1
341,57286,1056,420,46,71,1,-1,-1,-1
341,57287,1237,408,49,73,1,-1,-1,-1
341,57288,703,512,58,78,1,-1,-1,-1
341,57290,807,516,50,90,1,-1,-1,-1
341,57291,434,501,64,91,1,-1,-1,-1
341,57292,742,717,57,105,1,-1,-1,-1
341,57293,362,764,73,113,1,-1,-1,-1
341,57295,1739,604,57,109,1,-1,-1,-1
341,57296,1866,614,45,97,1,-1,-1,-1
341,57297,1569,538,58,93,1,-1,-1,-1
341,57298,881,494,61,82,1,-1,-1,-1
341,57299,1216,493,41,78,1,-1,-1,-1
341,57302,1483,734,54,112,1,-1,-1,-1
341,57303,1857,656,66,104,1,-1,-1,-1
341,57304,994,613,62,105,1,-1,-1,-1
341,57305,1617,633,71,113,1,-1,-1,-1
341,57308,1754,681,66,104,1,-1,-1,-1
341,57319,1415,426,42,77,1,-1,-1,-1
341,57347,176,529,17,13,1,-1,-1,-1
342,57285,991,375,49,79,1,-1,-1,-1
342,57286,1063,419,46,71,1,-1,-1,-1
342,57287,1243,408,49,72,1,-1,-1,-1
342,57288,705,511,58,78,1,-1,-1,-1
342,57290,815,514,51,91,1,-1,-1,-1
342,57291,438,499,64,91,1,-1,-1,-1
342,57292,748,716,57,106,1,-1,-1,-1
342,57293,366,763,73,113,1,-1,-1,-1
342,57295,1747,603,58,110,1,-1,-1,-1
342,57296,1871,613,44,97,1,-1,-1,-1
342,57297,1575,537,58,93,1,-1,-1,-1
342,57298,885,494,61,82,1,-1,-1,-1
342,57299,1225,492,41,79,1,-1,-1,-1
342,57302,1490,734,54,113,1,-1,-1,-1
342,57303,1859,654,65,104,1,-1,-1,-1
342,57304,999,612,61,105,1,-1,-1,-1
342,57305,1622,630,71,114,1,-1,-1,-1
342,57308,1757,680,66,104,1,-1,-1,-1
342,57319,1429,426,40,76,1,-1,-1,-1
343,57285,997,374,50,81,1,-1,-1,-1
343,57286,1071,418,46,71,1,-1,-1,-1
343,57287,1251,407,50,73,1,-1,-1,-1
343,57288,708,510,58,79,1,-1,-1,-1
343,57290,826,511,51,93,1,-1,-1,-1
343,57291,444,498,62,91,1,-1,-1,-1
343,57292,756,716,56,106,1,-1,-1,-1
343,57293,372,763,72,112,1,-1,-1,-1
343,57295,1756,602,58,110,1,-1,-1,-1
343,57296,1877,612,42,97,1,-1,-1,-1
343,57297,1582,537,59,94,1,-1,-1,-1
343,57298,889,493,60,82,1,-1,-1,-1
343,57299,1236,492,41,78,1,-1,-1,-1
343,57302,1497,734,54,113,1,-1,-1,-1
343,57303,1862,651,64,103,1,-1,-1,-1
343,57304,1004,610,60,105,1,-1,-1,-1
343,57305,1627,628,72,114,1,-1,-1,-1
343,57308,1760,678,67,106,1,-1,-1,-1
343,57319,1444,425,40,76,1,-1,-1,-1
343,57348,176,542,17,13,1,-1,-1,-1
344,57285,1008,374,50,81,1,-1,-1,-1
344,57286,1082,416,46,71,1,-1,-1,-1
344,57287,1264,406,50,75,1,-1,-1,-1
344,57288,712,509,57,79,1,-1,-1,-1
344,57290,841,508,52,95,1,-1,-1,-1
344,57291,451,496,61,90,1,-1,-1,-1
344,57292,767,717,55,105,1,-1,-1,-1
344,57293,381,762,70,112,1,-1,-1,-1
344,57295,1764,601,59,112,1,-1,-1,-1
344,57296,1885,610,41,97,1,-1,-1,-1
344,57297,1593,536,59,94,1,-1,-1,-1
344,57298,895,493,58,82,1,-1,-1,-1
344,57299,1252,492,41,77,1,-1,-1,-1
344,57302,1506,734,55,114,1,-1,-1,-1
344,57303,1867,647,61,103,1,-1,-1,-1
344,57304,1010,607,61,105,1,-1,-1,-1
344,57305,1635,624,73,116,1,-1,-1,-1
344,57308,1765,675,70,109,1,-1,-1,-1
344,57319,1466,424,40,74,1,-1,-1,-1
345,57285,1014,373,51,82,1,-1,-1,-1
345,57286,1089,416,46,71,1,-1,-1,-1
345,57287,1270,405,50,76,1,-1,-1,-1
345,57288,715,508,56,80,1,-1,-1,-1
345,57290,849,507,52,95,1,-1,-1,-1
345,57291,457,494,60,90,1,-1,-1,-1
345,57292,774,716,55,106,1,-1,-1,-1
345,57293,387,761,69,113,1,-1,-1,-1
345,57295,1773,601,59,112,1,-1,-1,-1
345,57296,1889,610,39,97,1,-1,-1,-1
345,57297,1598,536,60,95,1,-1,-1,-1
345,57298,901,492,56,82,1,-1,-1,-1
345,57299,1260,492,42,77,1,-1,-1,-1
345,57302,1511,734,56,114,1,-1,-1,-1
345,57303,1869,646,60,102,1,-1,-1,-1
345,57304,1014,606,60,105,1,-1,-1,-1
345,57305,1639,623,74,117,1,-1,-1,-1
345,57308,1768,674,71,110,1,-1,-1,-1
345,57319,1478,424,39,73,1,-1,-1,-1
345,57349,176,555,17,13,1,-1,-1,-1
346,57285,1021,372,51,82,1,-1,-1,-1
346,57286,1096,417,46,71,1,-1,-1,-1
346,57287,1278,405,50,76,1,-1,-1,-1
346,57288,720,507,56,81,1,-1,-1,-1
346,57290,860,507,50,94,1,-1,-1,-1
346,57291,464,492,59,90,1,-1,-1,-1
346,57292,783,716,54,105,1,-1,-1,-1
346,57293,393,760,68,113,1,-1,-1,-1
346,57295,1781,600,60,113,1,-1,-1,-1
346,57296,1890,610,38,96,1,-1,-1,-1
346,57297,1604,536,60,95,1,-1,-1,-1
346,57298,908,491,53,80,1,-1,-1,-1
346,57299,1270,492,42,78,1,-1,-1,-1
346,57302,1517,734,56,114,1,-1,-1,-1
346,57303,1871,645,58,104,1,-1,-1,-1
346,57304,1019,605,60,106,1,-1,-1,-1
346,57305,1647,624,75,115,1,-1,-1,-1
346,57308,1773,675,71,109,1,-1,-1,-1
346,57319,1489,423,40,74,1,-1,-1,-1
346,57349,180,554,17,13,1,-1,-1,-1
347,57285,1029,372,50,82,1,-1,-1,-1
347,57286,1103,418,46,71,1,-1,-1,-1
347,57287,1285,405,51,76,1,-1,-1,-1
347,57288,725,506,56,81,1,-1,-1,-1
347,57290,870,507,50,93,1,-1,-1,-1
347,57291,471,491,59,89,1,-1,-1,-1
347,57292,794,715,53,105,1,-1,-1,-1
347,57293,399,759,69,114,1,-1,-1,-1
347,57295,1790,599,60,114,1,-1,-1,-1
347,57296,1891,609,36,97,1,-1,-1,-1
347,57297,1610,535,60,95,1,-1,-1,-1
347,57298,915,491,52,76,1,-1,-1,-1
347,57299,1281,492,42,79,1,-1,-1,-1
347,57302,1523,735,56,114,1,-1,-1,-1
347,57303,1877,646,55,104,1,-1,-1,-1
347,57304,1024,605,60,106,1,-1,-1,-1
347,57305,1651,623,76,116,1,-1,-1,-1
347,57308,1776,675,70,109,1,-1,-1,-1
347,57319,1502,423,40,73,1,-1,-1,-1
347,57349,185,553,17,13,1,-1,-1,-1
348,57285,1042,372,50,81,1,-1,-1,-1
348,57286,1116,419,45,71,1,-1,-1,-1
348,57287,1298,406,50,76,1,-1,-1,-1
348,57288,733,504,57,83,1,-1,-1,-1
348,57290,887,507,48,92,1,-1,-1,-1
348,57291,482,488,59,89,1,-1,-1,-1
348,57292,811,714,52,105,1,-1,-1,-1
348,57293,409,756,71,117,1,-1,-1,-1
348,57295,1799,598,61,115,1,-1,-1,-1
348,57297,1619,535,61,95,1,-1,-1,-1
348,57298,923,490,50,74,1,-1,-1,-1
348,57299,1298,492,44,81,1,-1,-1,-1
348,57302,1534,737,55,113,1,-1,-1,-1
348,57303,1879,646,53,104,1,-1,-1,-1
348,57304,1032,606,61,106,1,-1,-1,-1
348,57305,1659,622,76,116,1,-1,-1,-1
348,57308,1780,674,70,110,1,-1,-1,-1
348,57319,1514,423,41,74,1,-1,-1,-1
348,57349,193,553,17,13,1,-1,-1,-1
349,57285,1047,371,49,81,1,-1,-1,-1
349,57286,1121,419,45,71,1,-1,-1,-1
349,57287,1303,406,49,76,1,-1,-1,-1
349,57288,735,503,58,83,1,-1,-1,-1
349,57290,894,507,47,91,1,-1,-1,-1
349,57291,487,486,59,89,1,-1,-1,-1
349,57292,818,713,51,105,1,-1,-1,-1
349,57293,412,755,72,118,1,-1,-1,-1
349,57295,1807,598,62,115,1,-1,-1,-1
349,57297,1623,534,60,96,1,-1,-1,-1
349,57298,930,489,49,72,1,-1,-1,-1
349,57299,1305,492,44,81,1,-1,-1,-1
349,57302,1537,738,56,113,1,-1,-1,-1
349,57303,1882,649,50,104,1,-1,-1,-1
349,57304,1035,606,61,106,1,-1,-1,-1
349,57305,1662,621,76,116,1,-1,-1,-1
349,57308,1783,673,70,110,1,-1,-1,-1
349,57319,1527,422,41,76,1,-1,-1,-1
349,57349,195,552,17,13,1,-1,-1,-1
350,57285,1062,369,49,81,1,-1,-1,-1
350,57286,1129,419,44,71,1,-1,-1,-1
350,57287,1309,406,49,76,1,-1,-1,-1
350,57288,735,502,57,84,1,-1,-1,-1
350,57290,911,506,47,93,1,-1,-1,-1
350,57291,492,484,58,88,1,-1,-1,-1
350,57292,832,712,52,104,1,-1,-1,-1
350,57293,421,756,72,117,1,-1,-1,-1
350,57295,1820,596,64,117,1,-1,-1,-1
350,57297,1628,534,62,97,1,-1,-1,-1
350,57298,942,488,48,68,1,-1,-1,-1
350,57299,1320,493,45,82,1,-1,-1,-1
350,57302,1549,740,56,112,1,-1,-1,-1
350,57303,1884,650,48,104,1,-1,-1,-1
350,57304,1040,606,60,106,1,-1,-1,-1
350,57305,1667,619,74,117,1,-1,-1,-1
350,57308,1789,671,70,110,1,-1,-1,-1
350,57319,1547,422,43,76,1,-1,-1,-1
350,57349,200,551,17,13,1,-1,-1,-1
351,57285,1066,368,50,82,1,-1,-1,-1
351,57286,1137,419,45,72,1,-1,-1,-1
351,57287,1315,405,50,77,1,-1,-1,-1
351,57288,735,502,57,84,1,-1,-1,-1
351,57290,917,505,47,94,1,-1,-1,-1
351,57291,494,483,57,88,1,-1,-1,-1
351,57292,838,711,52,104,1,-1,-1,-1
351,57293,424,757,73,116,1,-1,-1,-1
351,57295,1825,595,65,118,1,-1,-1,-1
351,57297,1630,534,64,97,1,-1,-1,-1
351,57298,946,487,48,67,1,-1,-1,-1
351,57299,1327,493,45,82,1,-1,-1,-1
351,57302,1553,741,57,112,1,-1,-1,-1
351,57303,1885,650,45,104,1,-1,-1,-1
351,57304,1041,606,60,105,1,-1,-1,-1
351,57305,1670,618,71,117,1,-1,-1,-1
351,57308,1791,670,70,111,1,-1,-1,-1
351,57319,1554,422,44,76,1,-1,-1,-1
351,57349,206,549,17,13,1,-1,-1,-1
352,57285,1072,368,50,81,1,-1,-1,-1
352,57286,1146,419,45,72,1,-1,-1,-1
352,57287,1322,405,50,77,1,-1,-1,-1
352,57288,738,501,57,85,1,-1,-1,-1
352,57290,927,504,46,94,1,-1,-1,-1
352,57291,501,480,57,88,1,-1,-1,-1
352,57292,848,711,53,104,1,-1,-1,-1
352,57293,431,756,71,115,1,-1,-1,-1
352,57295,1831,595,65,118,1,-1,-1,-1
352,57297,1636,534,65,97,1,-1,-1,-1
352,57298,950,487,49,68,1,-1,-1,-1
352,57299,1337,493,45,83,1,-1,-1,-1
352,57302,1559,741,57,112,1,-1,-1,-1
352,57303,1886,650,43,104,1,-1,-1,-1
352,57304,1047,606,59,105,1,-1,-1,-1
352,57305,1676,617,69,117,1,-1,-1,-1
352,57308,1793,670,71,110,1,-1,-1,-1
352,57319,1565,421,44,77,1,-1,-1,-1
352,57349,212,548,17,13,1,-1,-1,-1
353,57285,1079,368,50,81,1,-1,-1,-1
353,57286,1155,419,45,72,1,-1,-1,-1
353,57287,1329,405,49,76,1,-1,-1,-1
353,57288,741,501,56,84,1,-1,-1,-1
353,57290,938,504,46,94,1,-1,-1,-1
353,57291,509,477,56,87,1,-1,-1,-1
353,57292,861,711,52,104,1,-1,-1,-1
353,57293,439,756,70,113,1,-1,-1,-1
353,57295,1838,595,64,118,1,-1,-1,-1
353,57297,1644,533,64,98,1,-1,-1,-1
353,57298,952,487,51,70,1,-1,-1,-1
353,57299,1349,493,45,84,1,-1,-1,-1
353,57302,1564,741,57,112,1,-1,-1,-1
353,57303,1886,650,42,104,1,-1,-1,-1
353,57304,1054,605,59,105,1,-1,-1,-1
353,57305,1682,615,69,117,1,-1,-1,-1
353,57308,1796,669,70,111,1,-1,-1,-1
353,57319,1577,421,44,78,1,-1,-1,-1
353,57349,218,546,17,13,1,-1,-1,-1
354,57285,1090,368,50,81,1,-1,-1,-1
354,57286,1168,419,46,72,1,-1,-1,-1
354,57287,1339,404,49,77,1,-1,-1,-1
354,57288,747,500,56,83,1,-1,-1,-1
354,57290,950,503,45,95,1,-1,-1,-1
354,57291,522,473,56,86,1,-1,-1,-1
354,57292,880,711,51,103,1,-1,-1,-1
354,57293,452,754,68,112,1,-1,-1,-1
354,57295,1844,595,64,119,1,-1,-1,-1
354,57297,1657,532,62,99,1,-1,-1,-1
354,57298,956,487,53,74,1,-1,-1,-1
354,57299,1361,493,46,84,1,-1,-1,-1
354,57302,1573,741,58,113,1,-1,-1,-1
354,57303,1887,650,40,104,1,-1,-1,-1
354,57304,1064,604,61,105,1,-1,-1,-1
354,57305,1691,612,69,116,1,-1,-1,-1
354,57308,1798,669,70,110,1,-1,-1,-1
354,57319,1590,421,44,78,1,-1,-1,-1
355,57285,1095,368,49,81,1,-1,-1,-1
355,57286,1174,419,46,71,1,-1,-1,-1
355,57287,1344,404,49,76,1,-1,-1,-1
355,57288,749,500,56,82,1,-1,-1,-1
355,57290,962,503,45,94,1,-1,-1,-1
355,57291,528,470,56,86,1,-1,-1,-1
355,57292,890,711,50,102,1,-1,-1,-1
355,57293,458,753,66,111,1,-1,-1,-1
355,57295,1852,595,62,119,1,-1,-1,-1
355,57297,1664,532,60,98,1,-1,-1,-1
355,57298,959,487,54,77,1,-1,-1,-1
355,57299,1374,492,45,85,1,-1,-1,-1
355,57302,1577,742,57,112,1,-1,-1,-1
355,57304,1069,603,61,105,1,-1,-1,-1
355,57305,1696,610,69,116,1,-1,-1,-1
355,57308,1800,669,71,110,1,-1,-1,-1
355,57319,1602,421,45,79,1,-1,-1,-1
355,57352,0,545,30,108,1,-1,-1,-1
355,57349,231,543,17,13,1,-1,-1,-1
356,57285,1104,368,48,81,1,-1,-1,-1
356,57286,1182,417,48,71,1,-1,-1,-1
356,57287,1355,404,50,77,1,-1,-1,-1
356,57288,753,499,54,82,1,-1,-1,-1
356,57290,974,502,44,94,1,-1,-1,-1
356,57291,538,467,56,86,1,-1,-1,-1
356,57292,908,712,51,103,1,-1,-1,-1
356,57293,468,748,68,115,1,-1,-1,-1
356,57295,1863,595,61,119,1,-1,-1,-1
356,57297,1673,531,58,98,1,-1,-1,-1
356,57298,966,487,59,83,1,-1,-1,-1
356,57299,1393,491,46,86,1,-1,-1,-1
356,57302,1583,742,57,112,1,-1,-1,-1
356,57304,1074,603,62,105,1,-1,-1,-1
356,57305,1708,607,68,116,1,-1,-1,-1
356,57308,1803,668,71,110,1,-1,-1,-1
356,57319,1623,421,44,79,1,-1,-1,-1
356,57352,5,542,30,107,1,-1,-1,-1
357,57285,1108,368,47,81,1,-1,-1,-1
357,57286,1185,417,49,71,1,-1,-1,-1
357,57287,1359,404,51,77,1,-1,-1,-1
357,57288,755,499,53,81,1,-1,-1,-1
357,57290,986,501,44,94,1,-1,-1,-1
357,57291,543,465,55,85,1,-1,-1,-1
357,57292,916,712,50,104,1,-1,-1,-1
357,57293,473,747,69,116,1,-1,-1,-1
357,57295,1871,595,58,120,1,-1,-1,-1
357,57297,1676,530,58,99,1,-1,-1,-1
357,57298,970,487,59,85,1,-1,-1,-1
357,57299,1401,491,46,87,1,-1,-1,-1
357,57302,1589,742,57,112,1,-1,-1,-1
357,57304,1079,602,63,105,1,-1,-1,-1
357,57305,1713,606,68,115,1,-1,-1,-1
357,57308,1805,668,71,109,1,-1,-1,-1
357,57319,1633,423,44,78,1,-1,-1,-1
357,57352,8,541,30,107,1,-1,-1,-1
357,57349,244,543,17,13,1,-1,-1,-1
358,57285,1115,368,47,81,1,-1,-1,-1
358,57286,1191,416,51,72,1,-1,-1,-1
358,57287,1366,405,51,77,1,-1,-1,-1
358,57288,757,498,53,82,1,-1,-1,-1
358,57290,998,500,43,94,1,-1,-1,-1
358,57291,551,463,55,85,1,-1,-1,-1
358,57292,927,712,50,104,1,-1,-1,-1
358,57293,480,746,69,117,1,-1,-1,-1
358,57295,1874,595,57,120,1,-1,-1,-1
358,57297,1681,531,59,98,1,-1,-1,-1
358,57298,977,488,58,85,1,-1,-1,-1
358,57299,1413,491,45,87,1,-1,-1,-1
358,57302,1596,742,57,112,1,-1,-1,-1
358,57304,1084,602,64,105,1,-1,-1,-1
358,57305,1718,605,68,115,1,-1,-1,-1
358,57308,1808,668,71,109,1,-1,-1,-1
358,57319,1643,423,43,78,1,-1,-1,-1
358,57352,20,538,30,107,1,-1,-1,-1
359,57285,1124,368,46,81,1,-1,-1,-1
359,57286,1199,417,53,73,1,-1,-1,-1
359,57287,1374,405,51,77,1,-1,-1,-1
359,57288,760,498,52,83,1,-1,-1,-1
359,57290,1010,499,43,93,1,-1,-1,-1
359,57291,559,461,55,85,1,-1,-1,-1
359,57292,939,712,49,103,1,-1,-1,-1
359,57293,489,746,68,117,1,-1,-1,-1
359,57295,1875,595,55,120,1,-1,-1,-1
359,57297,1690,531,59,98,1,-1,-1,-1
359,57298,985,488,56,85,1,-1,-1,-1
359,57299,1426,491,44,88,1,-1,-1,-1
359,57302,1602,743,58,112,1,-1,-1,-1
359,57304,1090,601,64,105,1,-1,-1,-1
359,57305,1725,604,67,114,1,-1,-1,-1
359,57308,1810,667,71,109,1,-1,-1,-1
359,57319,1654,423,43,79,1,-1,-1,-1
359,57352,33,534,32,106,1,-1,-1,-1
360,57285,1132,368,46,81,1,-1,-1,-1
360,57286,1208,417,54,73,1,-1,-1,-1
360,57287,1382,406,51,77,1,-1,-1,-1
360,57288,763,498,52,83,1,-1,-1,-1
360,57290,1022,498,42,93,1,-1,-1,-1
360,57291,568,459,55,85,1,-1,-1,-1
360,57292,951,712,49,102,1,-1,-1,-1
360,57293,498,745,67,117,1,-1,-1,-1
360,57295,1876,595,54,120,1,-1,-1,-1
360,57297,1699,532,59,96,1,-1,-1,-1
360,57298,993,488,55,85,1,-1,-1,-1
360,57299,1438,492,45,87,1,-1,-1,-1
360,57302,1608,743,58,112,1,-1,-1,-1
360,57304,1095,600,65,105,1,-1,-1,-1
360,57305,1730,602,67,114,1,-1,-1,-1
360,57308,1812,667,71,108,1,-1,-1,-1
360,57319,1666,424,42,78,1,-1,-1,-1
360,57352,48,530,32,106,1,-1,-1,-1
361,57285,1142,368,44,81,1,-1,-1,-1
361,57286,1219,418,56,74,1,-1,-1,-1
361,57287,1394,407,51,77,1,-1,-1,-1
361,57288,766,497,52,84,1,-1,-1,-1
361,57290,1034,497,42,94,1,-1,-1,-1
361,57291,580,456,55,84,1,-1,-1,-1
361,57292,965,712,48,101,1,-1,-1,-1
361,57293,511,745,66,117,1,-1,-1,-1
361,57297,1713,533,58,95,1,-1,-1,-1
361,57298,1003,489,53,84,1,-1,-1,-1
361,57299,1457,493,44,87,1,-1,-1,-1
361,57302,1617,743,59,112,1,-1,-1,-1
361,57304,1101,600,66,105,1,-1,-1,-1
361,57305,1739,600,66,113,1,-1,-1,-1
361,57308,1815,666,72,108,1,-1,-1,-1
361,57319,1684,424,41,78,1,-1,-1,-1
362,57285,1151,368,44,81,1,-1,-1,-1
362,57286,1225,418,57,75,1,-1,-1,-1
362,57287,1398,407,52,77,1,-1,-1,-1
362,57288,768,496,52,84,1,-1,-1,-1
362,57290,1046,497,42,93,1,-1,-1,-1
362,57291,586,454,55,83,1,-1,-1,-1
362,57292,978,712,48,100,1,-1,-1,-1
362,57293,519,745,64,117,1,-1,-1,-1
362,57297,1717,533,58,94,1,-1,-1,-1
362,57298,1011,489,51,82,1,-1,-1,-1
362,57299,1467,493,44,87,1,-1,-1,-1
362,57302,1620,744,59,112,1,-1,-1,-1
362,57304,1106,599,67,105,1,-1,-1,-1
362,57305,1742,598,67,113,1,-1,-1,-1
362,57308,1816,666,71,108,1,-1,-1,-1
362,57319,1693,424,40,79,1,-1,-1,-1
362,57352,75,523,33,105,1,-1,-1,-1
363,57285,1163,368,43,81,1,-1,-1,-1
363,57286,1231,418,57,76,1,-1,-1,-1
363,57287,1402,408,51,77,1,-1,-1,-1
363,57288,771,496,51,80,1,-1,-1,-1
363,57290,1062,496,41,93,1,-1,-1,-1
363,57291,594,452,55,83,1,-1,-1,-1
363,57292,994,713,47,98,1,-1,-1,-1
363,57293,534,744,63,117,1,-1,-1,-1
363,57297,1721,534,56,93,1,-1,-1,-1
363,57298,1022,488,50,82,1,-1,-1,-1
363,57299,1481,494,44,86,1,-1,-1,-1
363,57302,1619,744,59,112,1,-1,-1,-1
363,57304,1113,598,68,105,1,-1,-1,-1
363,57305,1746,597,68,113,1,-1,-1,-1
363,57308,1815,666,69,108,1,-1,-1,-1
363,57319,1707,425,41,78,1,-1,-1,-1
363,57352,85,521,35,106,1,-1,-1,-1
364,57285,1169,368,42,81,1,-1,-1,-1
364,57286,1239,418,57,76,1,-1,-1,-1
364,57287,1407,408,51,77,1,-1,-1,-1
364,57288,771,495,55,83,1,-1,-1,-1
364,57290,1071,495,40,93,1,-1,-1,-1
364,57291,600,449,54,83,1,-1,-1,-1
364,57292,1004,713,48,97,1,-1,-1,-1
364,57293,542,744,61,117,1,-1,-1,-1
364,57297,1724,534,54,92,1,-1,-1,-1
364,57298,1027,488,52,85,1,-1,-1,-1
364,57299,1489,495,42,86,1,-1,-1,-1
364,57302,1621,743,60,112,1,-1,-1,-1
364,57304,1118,597,67,105,1,-1,-1,-1
364,57305,1749,595,68,112,1,-1,-1,-1
364,57308,1813,664,70,109,1,-1,-1,-1
364,57319,1714,425,40,79,1,-1,-1,-1
364,57352,99,518,37,108,1,-1,-1,-1
364,57355,298,560,17,13,1,-1,-1,-1
365,57285,1173,368,42,81,1,-1,-1,-1
365,57286,1242,418,57,76,1,-1,-1,-1
365,57287,1410,408,50,77,1,-1,-1,-1
365,57288,770,495,57,84,1,-1,-1,-1
365,57290,1079,494,40,93,1,-1,-1,-1
365,57291,602,448,54,83,1,-1,-1,-1
365,57292,1014,713,49,99,1,-1,-1,-1
365,57293,548,744,61,116,1,-1,-1,-1
365,57297,1726,534,53,92,1,-1,-1,-1
365,57298,1030,488,53,86,1,-1,-1,-1
365,57299,1497,496,41,86,1,-1,-1,-1
365,57302,1621,743,61,112,1,-1,-1,-1
365,57304,1119,597,68,105,1,-1,-1,-1
365,57305,1750,594,69,112,1,-1,-1,-1
365,57308,1812,663,69,109,1,-1,-1,-1
365,57319,1719,425,41,79,1,-1,-1,-1
365,57352,106,518,39,107,1,-1,-1,-1
365,57355,302,560,17,13,1,-1,-1,-1
366,57285,1177,368,42,81,1,-1,-1,-1
366,57286,1244,418,57,76,1,-1,-1,-1
366,57287,1411,408,51,77,1,-1,-1,-1
366,57288,769,495,58,84,1,-1,-1,-1
366,57290,1087,494,40,93,1,-1,-1,-1
366,57291,604,446,53,84,1,-1,-1,-1
366,57292,1025,712,49,101,1,-1,-1,-1
366,57293,554,744,59,116,1,-1,-1,-1
366,57297,1728,534,53,92,1,-1,-1,-1
366,57298,1032,489,54,86,1,-1,-1,-1
366,57299,1505,496,41,86,1,-1,-1,-1
366,57302,1621,742,61,113,1,-1,-1,-1
366,57304,1121,597,67,105,1,-1,-1,-1
366,57305,1750,593,69,111,1,-1,-1,-1
366,57308,1809,662,69,109,1,-1,-1,-1
366,57319,1725,425,40,80,1,-1,-1,-1
366,57352,115,517,41,106,1,-1,-1,-1
366,57355,307,561,17,13,1,-1,-1,-1
367,57285,1180,368,42,80,1,-1,-1,-1
367,57286,1246,419,57,75,1,-1,-1,-1
367,57287,1413,408,51,78,1,-1,-1,-1
367,57288,766,494,60,85,1,-1,-1,-1
367,57290,1095,494,40,93,1,-1,-1,-1
367,57291,605,444,53,85,1,-1,-1,-1
367,57292,1036,712,51,102,1,-1,-1,-1
367,57293,560,744,58,116,1,-1,-1,-1
367,57297,1730,533,52,94,1,-1,-1,-1
367,57298,1035,489,54,86,1,-1,-1,-1
367,57299,1513,497,40,85,1,-1,-1,-1
367,57302,1621,742,62,113,1,-1,-1,-1
367,57304,1121,597,68,105,1,-1,-1,-1
367,57305,1751,592,68,111,1,-1,-1,-1
367,57308,1805,660,69,108,1,-1,-1,-1
367,57319,1731,426,40,79,1,-1,-1,-1
367,57352,126,518,42,104,1,-1,-1,-1
367,57355,311,561,17,13,1,-1,-1,-1
368,57285,1184,367,42,80,1,-1,-1,-1
368,57286,1247,419,58,76,1,-1,-1,-1
368,57287,1415,408,51,78,1,-1,-1,-1
368,57288,764,492,61,87,1,-1,-1,-1
368,57290,1103,493,40,93,1,-1,-1,-1
368,57291,607,442,53,85,1,-1,-1,-1
368,57292,1047,712,52,103,1,-1,-1,-1
368,57293,566,744,56,116,1,-1,-1,-1
368,57297,1733,534,51,94,1,-1,-1,-1
368,57298,1038,490,53,85,1,-1,-1,-1
368,57299,1520,498,40,85,1,-1,-1,-1
368,57302,1621,741,62,114,1,-1,-1,-1
368,57304,1122,597,68,105,1,-1,-1,-1
368,57305,1752,591,66,110,1,-1,-1,-1
368,57308,1802,658,68,108,1,-1,-1,-1
368,57319,1737,426,39,79,1,-1,-1,-1
368,57352,137,518,43,102,1,-1,-1,-1
368,57355,316,562,17,13,1,-1,-1,-1
369,57285,1187,367,43,80,1,-1,-1,-1
369,57286,1249,419,57,76,1,-1,-1,-1
369,57287,1417,408,51,79,1,-1,-1,-1
369,57288,762,491,62,87,1,-1,-1,-1
369,57290,1111,493,40,94,1,-1,-1,-1
369,57291,610,440,52,86,1,-1,-1,-1
369,57292,1059,712,52,105,1,-1,-1,-1
369,57293,572,744,55,115,1,-1,-1,-1
369,57297,1736,534,50,95,1,-1,-1,-1
369,57298,1040,490,53,86,1,-1,-1,-1
369,57299,1528,499,39,84,1,-1,-1,-1
369,57302,1622,741,62,114,1,-1,-1,-1
369,57304,1123,597,67,105,1,-1,-1,-1
369,57305,1753,589,65,110,1,-1,-1,-1
369,57308,1798,656,68,108,1,-1,-1,-1
369,57319,1742,427,39,79,1,-1,-1,-1
369,57352,148,519,44,99,1,-1,-1,-1
369,57355,320,562,17,13,1,-1,-1,-1
370,57285,1190,366,45,80,1,-1,-1,-1
370,57286,1251,420,58,75,1,-1,-1,-1
370,57287,1419,408,51,80,1,-1,-1,-1
370,57288,759,490,63,88,1,-1,-1,-1
370,57290,1120,493,40,94,1,-1,-1,-1
370,57291,612,438,52,86,1,-1,-1,-1
370,57292,1071,711,53,108,1,-1,-1,-1
370,57293,578,744,55,115,1,-1,-1,-1
370,57297,1739,534,49,95,1,-1,-1,-1
370,57298,1043,491,53,85,1,-1,-1,-1
370,57299,1536,500,38,84,1,-1,-1,-1
370,57302,1622,740,62,115,1,-1,-1,-1
370,57304,1124,597,67,105,1,-1,-1,-1
370,57305,1754,588,63,110,1,-1,-1,-1
370,57308,1795,654,66,107,1,-1,-1,-1
370,57319,1748,427,39,79,1,-1,-1,-1
370,57352,160,519,45,97,1,-1,-1,-1
370,57355,325,563,17,13,1,-1,-1,-1
371,57285,1190,366,46,80,1,-1,-1,-1
371,57286,1250,420,59,76,1,-1,-1,-1
371,57287,1418,409,51,80,1,-1,-1,-1
371,57288,756,490,63,88,1,-1,-1,-1
371,57290,1125,493,40,94,1,-1,-1,-1
371,57291,614,436,52,86,1,-1,-1,-1
371,57292,1079,711,54,109,1,-1,-1,-1
371,57293,582,744,54,116,1,-1,-1,-1
371,57297,1739,534,49,95,1,-1,-1,-1
371,57298,1044,492,53,86,1,-1,-1,-1
371,57299,1541,501,38,83,1,-1,-1,-1
371,57302,1620,739,62,115,1,-1,-1,-1
371,57304,1125,596,66,105,1,-1,-1,-1
371,57305,1754,587,61,109,1,-1,-1,-1
371,57308,1790,653,67,107,1,-1,-1,-1
371,57319,1752,427,39,80,1,-1,-1,-1
371,57352,168,518,47,96,1,-1,-1,-1
371,57355,327,563,17,13,1,-1,-1,-1
372,57285,1188,365,46,80,1,-1,-1,-1
372,57286,1249,421,58,75,1,-1,-1,-1
372,57287,1416,409,50,80,1,-1,-1,-1
372,57288,753,491,63,88,1,-1,-1,-1
372,57290,1130,493,40,94,1,-1,-1,-1
372,57291,616,433,51,87,1,-1,-1,-1
372,57292,1087,711,55,110,1,-1,-1,-1
372,57293,584,744,55,117,1,-1,-1,-1
372,57297,1739,533,49,96,1,-1,-1,-1
372,57298,1044,493,53,86,1,-1,-1,-1
372,57299,1543,501,39,85,1,-1,-1,-1
372,57302,1617,739,62,114,1,-1,-1,-1
372,57304,1125,596,66,105,1,-1,-1,-1
372,57305,1754,586,59,109,1,-1,-1,-1
372,57308,1785,651,66,107,1,-1,-1,-1
372,57319,1754,426,40,82,1,-1,-1,-1
372,57352,176,516,48,96,1,-1,-1,-1
372,57355,327,562,17,13,1,-1,-1,-1
373,57285,1186,365,45,80,1,-1,-1,-1
373,57286,1247,421,59,75,1,-1,-1,-1
373,57287,1412,408,51,80,1,-1,-1,-1
373,57288,745,494,63,85,1,-1,-1,-1
373,57290,1134,492,40,94,1,-1,-1,-1
373,57291,619,430,51,88,1,-1,-1,-1
373,57292,1099,711,56,113,1,-1,-1,-1
373,57293,586,744,57,119,1,-1,-1,-1
373,57297,1738,531,50,96,1,-1,-1,-1
373,57298,1043,495,54,87,1,-1,-1,-1
373,57299,1548,502,39,86,1,-1,-1,-1
373,57302,1611,737,63,113,1,-1,-1,-1
373,57304,1127,596,65,105,1,-1,-1,-1
373,57305,1754,585,57,108,1,-1,-1,-1
373,57308,1778,649,67,106,1,-1,-1,-1
373,57319,1758,425,42,86,1,-1,-1,-1
373,57352,184,514,49,96,1,-1,-1,-1
373,57355,327,562,17,13,1,-1,-1,-1
374,57285,1185,364,44,80,1,-1,-1,-1
374,57286,1246,421,58,75,1,-1,-1,-1
374,57287,1408,408,51,80,1,-1,-1,-1
374,57288,742,495,63,84,1,-1,-1,-1
374,57290,1138,492,40,94,1,-1,-1,-1
374,57291,620,429,51,88,1,-1,-1,-1
374,57292,1103,710,57,114,1,-1,-1,-1
374,57293,587,744,58,120,1,-1,-1,-1
374,57297,1738,530,50,97,1,-1,-1,-1
374,57298,1043,495,54,88,1,-1,-1,-1
374,57299,1549,502,40,87,1,-1,-1,-1
374,57302,1609,737,63,112,1,-1,-1,-1
374,57304,1128,596,64,105,1,-1,-1,-1
374,57305,1753,583,55,108,1,-1,-1,-1
374,57308,1772,647,68,107,1,-1,-1,-1
374,57319,1759,425,43,87,1,-1,-1,-1
374,57352,191,511,50,96,1,-1,-1,-1
374,57355,327,561,17,13,1,-1,-1,-1
375,57285,1185,364,46,80,1,-1,-1,-1
375,57286,1244,421,57,75,1,-1,-1,-1
375,57287,1405,408,51,80,1,-1,-1,-1
375,57288,733,495,61,84,1,-1,-1,-1
375,57290,1144,492,41,94,1,-1,-1,-1
375,57291,623,427,51,88,1,-1,-1,-1
375,57292,1113,710,57,115,1,-1,-1,-1
375,57293,591,744,58,120,1,-1,-1,-1
375,57297,1736,528,52,97,1,-1,-1,-1
375,57298,1045,496,53,89,1,-1,-1,-1
375,57299,1554,505,40,85,1,-1,-1,-1
375,57302,1605,734,65,112,1,-1,-1,-1
375,57304,1123,596,62,105,1,-1,-1,-1
375,57305,1753,582,52,106,1,-1,-1,-1
375,57308,1763,644,68,106,1,-1,-1,-1
375,57319,1760,426,41,85,1,-1,-1,-1
375,57352,198,509,51,96,1,-1,-1,-1
375,57355,327,561,17,13,1,-1,-1,-1
376,57285,1185,362,47,80,1,-1,-1,-1
376,57286,1243,421,56,75,1,-1,-1,-1
376,57287,1401,408,52,80,1,-1,-1,-1
376,57288,724,495,60,84,1,-1,-1,-1
376,57290,1147,492,40,94,1,-1,-1,-1
376,57291,624,426,51,88,1,-1,-1,-1
376,57292,1120,710,57,116,1,-1,-1,-1
376,57293,595,743,58,121,1,-1,-1,-1
376,57297,1735,528,53,97,1,-1,-1,-1
376,57298,1046,494,52,90,1,-1,-1,-1
376,57299,1555,504,40,87,1,-1,-1,-1
376,57302,1599,734,65,112,1,-1,-1,-1
376,57304,1119,595,61,105,1,-1,-1,-1
376,57305,1753,581,50,106,1,-1,-1,-1
376,57308,1754,643,69,105,1,-1,-1,-1
376,57319,1760,426,41,84,1,-1,-1,-1
376,57352,205,507,52,95,1,-1,-1,-1
376,57355,327,560,17,13,1,-1,-1,-1
377,57285,1183,362,48,80,1,-1,-1,-1
377,57286,1241,420,55,75,1,-1,-1,-1
377,57287,1397,407,52,80,1,-1,-1,-1
377,57288,717,494,60,84,1,-1,-1,-1
377,57290,1150,492,40,94,1,-1,-1,-1
377,57291,622,424,51,88,1,-1,-1,-1
377,57292,1127,710,56,115,1,-1,-1,-1
377,57293,597,743,57,120,1,-1,-1,-1
377,57297,1732,527,54,97,1,-1,-1,-1
377,57298,1045,493,52,90,1,-1,-1,-1
377,57299,1557,503,40,88,1,-1,-1,-1
377,57302,1593,733,66,112,1,-1,-1,-1
377,57304,1116,595,60,105,1,-1,-1,-1
377,57305,1752,580,49,106,1,-1,-1,-1
377,57308,1746,642,70,105,1,-1,-1,-1
377,57319,1760,426,40,84,1,-1,-1,-1
377,57352,213,505,52,95,1,-1,-1,-1
377,57355,326,559,17,13,1,-1,-1,-1
378,57285,1182,361,47,80,1,-1,-1,-1
378,57286,1238,420,55,75,1,-1,-1,-1
378,57287,1394,407,52,80,1,-1,-1,-1
378,57288,711,493,59,85,1,-1,-1,-1
378,57290,1152,491,40,93,1,-1,-1,-1
378,57291,621,423,51,87,1,-1,-1,-1
378,57292,1134,709,55,115,1,-1,-1,-1
378,57293,597,742,57,120,1,-1,-1,-1
378,57297,1729,527,55,97,1,-1,-1,-1
378,57298,1045,493,51,90,1,-1,-1,-1
378,57299,1558,503,41,89,1,-1,-1,-1
378,57302,1587,732,67,112,1,-1,-1,-1
378,57304,1112,593,61,105,1,-1,-1,-1
378,57305,1751,579,47,106,1,-1,-1,-1
378,57308,1739,640,70,105,1,-1,-1,-1
378,57319,1759,427,41,83,1,-1,-1,-1
378,57352,221,503,52,95,1,-1,-1,-1
378,57355,325,559,17,13,1,-1,-1,-1
379,57285,1180,360,47,80,1,-1,-1,-1
379,57286,1235,419,55,75,1,-1,-1,-1
379,57287,1391,406,51,80,1,-1,-1,-1
379,57288,706,492,57,85,1,-1,-1,-1
379,57290,1155,489,39,93,1,-1,-1,-1
379,57291,619,421,50,86,1,-1,-1,-1
379,57292,1141,709,55,114,1,-1,-1,-1
379,57293,597,742,57,120,1,-1,-1,-1
379,57297,1726,526,55,97,1,-1,-1,-1
379,57298,1045,493,50,91,1,-1,-1,-1
379,57299,1559,503,42,89,1,-1,-1,-1
379,57302,1582,732,66,111,1,-1,-1,-1
379,57304,1110,592,60,105,1,-1,-1,-1
379,57305,1749,578,47,106,1,-1,-1,-1
379,57308,1732,638,70,105,1,-1,-1,-1
379,57319,1758,427,41,82,1,-1,-1,-1
379,57352,228,501,53,94,1,-1,-1,-1
379,57355,324,558,17,13,1,-1,-1,-1
380,57285,1179,360,46,79,1,-1,-1,-1
380,57286,1232,419,55,75,1,-1,-1,-1
380,57287,1387,405,51,80,1,-1,-1,-1
380,57288,700,491,57,86,1,-1,-1,-1
380,57290,1158,488,39,91,1,-1,-1,-1
380,57291,617,420,50,85,1,-1,-1,-1
380,57292,1148,708,54,114,1,-1,-1,-1
380,57293,597,742,57,120,1,-1,-1,-1
380,57297,1724,526,54,96,1,-1,-1,-1
380,57298,1044,493,50,91,1,-1,-1,-1
380,57299,1562,503,41,89,1,-1,-1,-1
380,57302,1576,731,66,111,1,-1,-1,-1
380,57304,1106,591,61,105,1,-1,-1,-1
380,57305,1747,576,46,106,1,-1,-1,-1
380,57308,1726,635,69,105,1,-1,-1,-1
380,57319,1757,427,42,82,1,-1,-1,-1
380,57352,236,499,54,94,1,-1,-1,-1
380,57355,323,557,17,13,1,-1,-1,-1
381,57285,1177,359,45,79,1,-1,-1,-1
381,57286,1227,418,55,75,1,-1,-1,-1
381,57287,1382,404,51,80,1,-1,-1,-1
381,57288,691,489,56,86,1,-1,-1,-1
381,57290,1163,486,38,90,1,-1,-1,-1
381,57291,616,418,49,83,1,-1,-1,-1
381,57292,1158,707,52,113,1,-1,-1,-1
381,57293,596,742,58,118,1,-1,-1,-1
381,57297,1720,526,54,96,1,-1,-1,-1
381,57298,1042,493,50,91,1,-1,-1,-1
381,57299,1563,503,42,89,1,-1,-1,-1
381,57302,1570,730,67,111,1,-1,-1,-1
381,57304,1102,589,61,105,1,-1,-1,-1
381,57305,1745,575,47,106,1,-1,-1,-1
381,57308,1716,632,68,105,1,-1,-1,-1
381,57319,1756,426,42,82,1,-1,-1,-1
381,57352,244,497,53,94,1,-1,-1,-1
381,57355,321,557,17,13,1,-1,-1,-1
382,57285,1175,358,44,79,1,-1,-1,-1
382,57286,1224,418,56,74,1,-1,-1,-1
382,57287,1380,404,51,80,1,-1,-1,-1
382,57288,687,489,55,86,1,-1,-1,-1
382,57290,1165,485,37,90,1,-1,-1,-1
382,57291,614,417,48,82,1,-1,-1,-1
382,57292,1164,706,51,114,1,-1,-1,-1
382,57293,596,741,57,119,1,-1,-1,-1
382,57297,1718,526,54,95,1,-1,-1,-1
382,57298,1042,493,50,91,1,-1,-1,-1
382,57299,1565,503,42,89,1,-1,-1,-1
382,57302,1565,729,66,110,1,-1,-1,-1
382,57304,1099,588,62,105,1,-1,-1,-1
382,57305,1743,574,47,105,1,-1,-1,-1
382,57308,1711,630,68,105,1,-1,-1,-1
382,57319,1755,426,43,82,1,-1,-1,-1
382,57352,252,495,54,94,1,-1,-1,-1
382,57355,321,556,17,13,1,-1,-1,-1
383,57285,1175,358,43,78,1,-1,-1,-1
383,57286,1220,416,55,74,1,-1,-1,-1
383,57287,1377,403,50,80,1,-1,-1,-1
383,57288,682,487,54,85,1,-1,-1,-1
383,57290,1167,485,37,89,1,-1,-1,-1
383,57291,612,415,48,81,1,-1,-1,-1
383,57292,1172,707,49,113,1,-1,-1,-1
383,57293,596,741,58,118,1,-1,-1,-1
383,57297,1716,525,53,95,1,-1,-1,-1
383,57298,1042,493,50,91,1,-1,-1,-1
383,57299,1567,503,41,90,1,-1,-1,-1
383,57302,1559,728,65,110,1,-1,-1,-1
383,57304,1096,588,63,105,1,-1,-1,-1
383,57305,1741,573,47,105,1,-1,-1,-1
383,57308,1705,629,67,104,1,-1,-1,-1
383,57319,1754,426,43,82,1,-1,-1,-1
383,57352,260,493,53,94,1,-1,-1,-1
383,57355,322,555,17,13,1,-1,-1,-1
384,57285,1174,357,43,78,1,-1,-1,-1
384,57286,1216,415,55,72,1,-1,-1,-1
384,57287,1374,403,49,79,1,-1,-1,-1
384,57288,676,486,54,84,1,-1,-1,-1
384,57290,1170,485,36,89,1,-1,-1,-1
384,57291,610,414,47,80,1,-1,-1,-1
384,57292,1180,707,49,113,1,-1,-1,-1
384,57293,597,741,58,118,1,-1,-1,-1
384,57297,1713,525,54,95,1,-1,-1,-1
384,57298,1042,493,50,92,1,-1,-1,-1
384,57299,1569,503,41,90,1,-1,-1,-1
384,57302,1554,728,65,109,1,-1,-1,-1
384,57304,1093,586,62,105,1,-1,-1,-1
384,57305,1738,572,48,105,1,-1,-1,-1
384,57308,1699,627,66,104,1,-1,-1,-1
384,57319,1752,426,44,82,1,-1,-1,-1
384,57352,268,491,53,94,1,-1,-1,-1
384,57355,324,555,17,13,1,-1,-1,-1
385,57285,1173,357,43,78,1,-1,-1,-1
385,57286,1211,414,55,72,1,-1,-1,-1
385,57287,1370,403,49,79,1,-1,-1,-1
385,57288,670,485,53,83,1,-1,-1,-1
385,57290,1174,485,35,88,1,-1,-1,-1
385,57291,609,413,47,78,1,-1,-1,-1
385,57292,1189,708,48,112,1,-1,-1,-1
385,57293,597,741,58,117,1,-1,-1,-1
385,57297,1712,525,52,95,1,-1,-1,-1
385,57298,1042,493,49,93,1,-1,-1,-1
385,57299,1570,503,41,90,1,-1,-1,-1
385,57302,1550,727,63,110,1,-1,-1,-1
385,57304,1089,585,63,105,1,-1,-1,-1
385,57305,1736,571,48,104,1,-1,-1,-1
385,57308,1692,624,65,106,1,-1,-1,-1
385,57319,1751,425,44,81,1,-1,-1,-1
385,57352,276,489,53,93,1,-1,-1,-1
385,57355,327,554,17,13,1,-1,-1,-1
386,57285,1172,357,43,78,1,-1,-1,-1
386,57286,1207,413,55,71,1,-1,-1,-1
386,57287,1367,403,49,79,1,-1,-1,-1
386,57288,664,484,52,82,1,-1,-1,-1
386,57290,1178,485,34,87,1,-1,-1,-1
386,57291,607,411,46,77,1,-1,-1,-1
386,57292,1197,709,48,112,1,-1,-1,-1
386,57293,598,741,58,117,1,-1,-1,-1
386,57297,1710,525,51,94,1,-1,-1,-1
386,57298,1042,494,49,92,1,-1,-1,-1
386,57299,1572,503,41,90,1,-1,-1,-1
386,57302,1544,726,62,109,1,-1,-1,-1
386,57304,1085,584,64,105,1,-1,-1,-1
386,57305,1733,569,50,105,1,-1,-1,-1
386,57308,1685,622,64,106,1,-1,-1,-1
386,57319,1749,425,45,81,1,-1,-1,-1
386,57352,284,487,53,93,1,-1,-1,-1
386,57355,330,554,17,13,1,-1,-1,-1
387,57285,1171,356,43,78,1,-1,-1,-1
387,57286,1201,411,54,70,1,-1,-1,-1
387,57287,1363,403,48,79,1,-1,-1,-1
387,57288,655,482,53,81,1,-1,-1,-1
387,57290,1181,485,34,87,1,-1,-1,-1
387,57291,606,410,45,76,1,-1,-1,-1
387,57292,1206,709,47,112,1,-1,-1,-1
387,57293,599,741,58,116,1,-1,-1,-1
387,57297,1708,524,50,94,1,-1,-1,-1
387,57298,1043,494,48,92,1,-1,-1,-1
387,57299,1574,503,41,90,1,-1,-1,-1
387,57302,1539,725,61,109,1,-1,-1,-1
387,57304,1081,582,63,105,1,-1,-1,-1
387,57305,1731,568,50,105,1,-1,-1,-1
387,57308,1678,620,63,106,1,-1,-1,-1
387,57319,1748,424,44,81,1,-1,-1,-1
387,57352,292,485,52,93,1,-1,-1,-1
387,57355,334,553,17,13,1,-1,-1,-1
388,57285,1170,356,43,77,1,-1,-1,-1
388,57286,1198,410,54,69,1,-1,-1,-1
388,57287,1361,403,47,79,1,-1,-1,-1
388,57288,651,481,51,79,1,-1,-1,-1
388,57290,1186,485,33,86,1,-1,-1,-1
388,57291,603,408,45,74,1,-1,-1,-1
388,57292,1217,710,47,111,1,-1,-1,-1
388,57293,599,740,58,116,1,-1,-1,-1
388,57297,1705,524,49,93,1,-1,-1,-1
388,57298,1043,494,48,93,1,-1,-1,-1
388,57299,1577,503,41,91,1,-1,-1,-1
388,57302,1533,724,60,109,1,-1,-1,-1
388,57304,1078,581,63,105,1,-1,-1,-1
388,57305,1728,567,51,104,1,-1,-1,-1
388,57308,1669,617,62,106,1,-1,-1,-1
388,57319,1746,424,44,81,1,-1,-1,-1
388,57352,304,482,51,93,1,-1,-1,-1
388,57355,337,552,17,13,1,-1,-1,-1
389,57285,1170,355,43,77,1,-1,-1,-1
389,57286,1194,409,54,69,1,-1,-1,-1
389,57287,1358,404,46,78,1,-1,-1,-1
389,57288,649,480,50,80,1,-1,-1,-1
389,57290,1189,485,32,86,1,-1,-1,-1
389,57291,603,407,45,74,1,-1,-1,-1
389,57292,1223,710,47,111,1,-1,-1,-1
389,57293,601,741,58,116,1,-1,-1,-1
389,57297,1705,523,48,94,1,-1,-1,-1
389,57298,1044,494,48,93,1,-1,-1,-1
389,57299,1579,503,40,91,1,-1,-1,-1
389,57302,1530,723,59,109,1,-1,-1,-1
389,57304,1076,580,63,105,1,-1,-1,-1
389,57305,1727,565,52,104,1,-1,-1,-1
389,57308,1664,615,61,106,1,-1,-1,-1
389,57319,1745,424,44,81,1,-1,-1,-1
389,57352,310,480,51,93,1,-1,-1,-1
389,57355,341,552,17,13,1,-1,-1,-1
389,57356,1867,594,51,101,1,-1,-1,-1
389,57357,3,382,17,77,1,-1,-1,-1
390,57285,1168,355,44,78,1,-1,-1,-1
390,57286,1191,409,53,69,1,-1,-1,-1
390,57287,1355,404,46,78,1,-1,-1,-1
390,57288,645,479,50,80,1,-1,-1,-1
390,57290,1194,485,32,85,1,-1,-1,-1
390,57291,603,406,45,74,1,-1,-1,-1
390,57292,1231,711,47,111,1,-1,-1,-1
390,57293,602,742,58,116,1,-1,-1,-1
390,57297,1703,521,49,96,1,-1,-1,-1
390,57298,1045,496,47,94,1,-1,-1,-1
390,57299,1580,504,40,91,1,-1,-1,-1
390,57302,1526,721,59,109,1,-1,-1,-1
390,57304,1073,581,62,105,1,-1,-1,-1
390,57305,1726,564,53,104,1,-1,-1,-1
390,57308,1659,615,61,105,1,-1,-1,-1
390,57319,1743,425,44,81,1,-1,-1,-1
390,57352,319,479,50,92,1,-1,-1,-1
390,57356,1865,594,51,101,1,-1,-1,-1
391,57285,1167,355,44,77,1,-1,-1,-1
391,57286,1187,409,53,68,1,-1,-1,-1
391,57287,1352,404,45,78,1,-1,-1,-1
391,57288,641,477,49,80,1,-1,-1,-1
391,57290,1198,484,32,86,1,-1,-1,-1
391,57291,604,405,45,73,1,-1,-1,-1
391,57292,1239,711,46,111,1,-1,-1,-1
391,57293,603,743,59,117,1,-1,-1,-1
391,57297,1702,519,50,98,1,-1,-1,-1
391,57298,1046,498,47,94,1,-1,-1,-1
391,57299,1582,505,40,91,1,-1,-1,-1
391,57302,1522,719,61,110,1,-1,-1,-1
391,57304,1070,581,61,105,1,-1,-1,-1
391,57305,1727,563,53,105,1,-1,-1,-1
391,57308,1654,614,61,104,1,-1,-1,-1
391,57319,1741,426,44,80,1,-1,-1,-1
391,57352,328,478,50,92,1,-1,-1,-1
391,57356,1864,594,51,101,1,-1,-1,-1
391,57358,358,549,17,13,1,-1,-1,-1
391,57359,16,378,23,79,1,-1,-1,-1
392,57285,1167,354,44,78,1,-1,-1,-1
392,57286,1184,408,53,69,1,-1,-1,-1
392,57287,1349,405,45,77,1,-1,-1,-1
392,57288,636,476,50,80,1,-1,-1,-1
392,57290,1203,484,32,87,1,-1,-1,-1
392,57291,605,404,45,72,1,-1,-1,-1
392,57292,1246,712,47,111,1,-1,-1,-1
392,57293,605,745,60,117,1,-1,-1,-1
392,57297,1701,517,52,100,1,-1,-1,-1
392,57298,1048,500,47,94,1,-1,-1,-1
392,57299,1584,507,40,91,1,-1,-1,-1
392,57302,1518,716,62,112,1,-1,-1,-1
392,57304,1067,582,60,104,1,-1,-1,-1
392,57305,1728,562,52,105,1,-1,-1,-1
392,57308,1646,613,63,103,1,-1,-1,-1
392,57319,1739,427,43,80,1,-1,-1,-1
392,57352,338,476,49,92,1,-1,-1,-1
392,57356,1862,594,51,101,1,-1,-1,-1
392,57359,24,376,23,80,1,-1,-1,-1
393,57285,1166,354,44,78,1,-1,-1,-1
393,57286,1181,408,51,68,1,-1,-1,-1
393,57287,1345,405,44,77,1,-1,-1,-1
393,57288,630,474,50,81,1,-1,-1,-1
393,57290,1207,484,32,87,1,-1,-1,-1
393,57291,606,402,45,73,1,-1,-1,-1
393,57292,1256,712,47,111,1,-1,-1,-1
393,57293,606,745,60,117,1,-1,-1,-1
393,57297,1699,516,53,101,1,-1,-1,-1
393,57298,1050,501,47,95,1,-1,-1,-1
393,57299,1586,508,40,91,1,-1,-1,-1
393,57302,1514,715,63,112,1,-1,-1,-1
393,57304,1063,582,59,104,1,-1,-1,-1
393,57305,1729,562,51,105,1,-1,-1,-1
393,57308,1642,612,63,103,1,-1,-1,-1
393,57319,1738,427,43,80,1,-1,-1,-1
393,57352,347,475,49,91,1,-1,-1,-1
393,57356,1860,593,51,101,1,-1,-1,-1
393,57359,35,374,25,81,1,-1,-1,-1
394,57285,1166,353,43,78,1,-1,-1,-1
394,57286,1178,407,51,70,1,-1,-1,-1
394,57287,1344,405,43,77,1,-1,-1,-1
394,57288,628,473,50,81,1,-1,-1,-1
394,57290,1212,484,32,87,1,-1,-1,-1
394,57291,608,401,45,73,1,-1,-1,-1
394,57292,1263,712,48,111,1,-1,-1,-1
394,57293,606,746,60,118,1,-1,-1,-1
394,57297,1699,516,52,101,1,-1,-1,-1
394,57298,1051,502,47,95,1,-1,-1,-1
394,57299,1588,509,40,91,1,-1,-1,-1
394,57302,1509,715,64,111,1,-1,-1,-1
394,57304,1061,582,59,104,1,-1,-1,-1
394,57305,1729,563,51,105,1,-1,-1,-1
394,57308,1636,611,65,102,1,-1,-1,-1
394,57319,1738,428,43,80,1,-1,-1,-1
394,57352,356,474,49,90,1,-1,-1,-1
394,57356,1856,591,51,101,1,-1,-1,-1
394,57359,44,373,25,82,1,-1,-1,-1
394,57361,384,545,17,13,1,-1,-1,-1
395,57285,1165,353,44,79,1,-1,-1,-1
395,57286,1175,407,51,71,1,-1,-1,-1
395,57287,1342,406,43,78,1,-1,-1,-1
395,57288,628,471,50,81,1,-1,-1,-1
395,57290,1216,484,32,88,1,-1,-1,-1
395,57291,613,400,45,72,1,-1,-1,-1
395,57292,1271,714,47,111,1,-1,-1,-1
395,57293,606,747,61,117,1,-1,-1,-1
395,57297,1698,516,53,101,1,-1,-1,-1
395,57298,1053,502,47,97,1,-1,-1,-1
395,57299,1590,511,40,92,1,-1,-1,-1
395,57302,1505,715,64,110,1,-1,-1,-1
395,57304,1061,582,58,103,1,-1,-1,-1
395,57305,1730,564,50,105,1,-1,-1,-1
395,57308,1631,611,65,101,1,-1,-1,-1
395,57319,1738,428,43,80,1,-1,-1,-1
395,57352,365,473,49,89,1,-1,-1,-1
395,57356,1853,590,51,101,1,-1,-1,-1
395,57359,55,372,26,82,1,-1,-1,-1
396,57285,1166,353,43,79,1,-1,-1,-1
396,57286,1173,408,50,72,1,-1,-1,-1
396,57287,1341,406,44,79,1,-1,-1,-1
396,57288,628,470,50,80,1,-1,-1,-1
396,57290,1220,484,33,88,1,-1,-1,-1
396,57291,618,398,45,73,1,-1,-1,-1
396,57292,1280,716,48,111,1,-1,-1,-1
396,57293,606,747,61,118,1,-1,-1,-1
396,57297,1697,517,52,100,1,-1,-1,-1
396,57298,1054,501,47,98,1,-1,-1,-1
396,57299,1593,512,40,92,1,-1,-1,-1
396,57302,1500,714,64,110,1,-1,-1,-1
396,57304,1060,583,58,103,1,-1,-1,-1
396,57305,1730,565,51,105,1,-1,-1,-1
396,57308,1626,610,66,101,1,-1,-1,-1
396,57319,1738,428,44,82,1,-1,-1,-1
396,57352,375,471,48,89,1,-1,-1,-1
396,57356,1849,588,53,101,1,-1,-1,-1
396,57359,66,372,26,81,1,-1,-1,-1
396,57362,397,543,17,13,1,-1,-1,-1
397,57285,1167,352,41,79,1,-1,-1,-1
397,57286,1170,408,50,74,1,-1,-1,-1
397,57287,1339,406,44,80,1,-1,-1,-1
397,57288,628,469,50,78,1,-1,-1,-1
397,57290,1225,484,33,88,1,-1,-1,-1
397,57291,625,396,44,73,1,-1,-1,-1
397,57292,1289,718,49,111,1,-1,-1,-1
397,57293,606,747,61,118,1,-1,-1,-1
397,57297,1696,518,52,100,1,-1,-1,-1
397,57298,1056,501,47,99,1,-1,-1,-1
397,57299,1595,514,40,92,1,-1,-1,-1
397,57302,1495,714,64,109,1,-1,-1,-1
397,57304,1060,583,58,103,1,-1,-1,-1
397,57305,1731,566,51,105,1,-1,-1,-1
397,57308,1621,609,67,100,1,-1,-1,-1
397,57319,1738,429,45,81,1,-1,-1,-1
397,57352,385,470,48,89,1,-1,-1,-1
397,57356,1845,586,53,101,1,-1,-1,-1
397,57359,78,372,28,81,1,-1,-1,-1
398,57285,1167,352,41,79,1,-1,-1,-1
398,57286,1167,409,50,75,1,-1,-1,-1
398,57287,1337,406,45,80,1,-1,-1,-1
398,57288,629,468,50,77,1,-1,-1,-1
398,57290,1228,484,34,88,1,-1,-1,-1
398,57291,629,394,44,74,1,-1,-1,-1
398,57292,1295,721,49,111,1,-1,-1,-1
398,57293,606,747,61,119,1,-1,-1,-1
398,57297,1695,518,52,100,1,-1,-1,-1
398,57298,1057,503,48,98,1,-1,-1,-1
398,57299,1597,515,40,92,1,-1,-1,-1
398,57302,1491,714,64,108,1,-1,-1,-1
398,57304,1058,583,59,102,1,-1,-1,-1
398,57305,1731,567,51,106,1,-1,-1,-1
398,57308,1616,608,67,100,1,-1,-1,-1
398,57319,1737,429,45,82,1,-1,-1,-1
398,57352,393,470,48,88,1,-1,-1,-1
398,57356,1841,585,53,101,1,-1,-1,-1
398,57359,85,371,29,82,1,-1,-1,-1
399,57285,1166,352,41,80,1,-1,-1,-1
399,57286,1164,410,49,75,1,-1,-1,-1
399,57287,1336,406,45,81,1,-1,-1,-1
399,57288,630,466,50,77,1,-1,-1,-1
399,57290,1231,484,34,89,1,-1,-1,-1
399,57291,633,392,44,74,1,-1,-1,-1
399,57292,1300,723,49,111,1,-1,-1,-1
399,57293,607,748,60,119,1,-1,-1,-1
399,57297,1694,519,51,98,1,-1,-1,-1
399,57298,1059,505,46,98,1,-1,-1,-1
399,57299,1598,516,40,93,1,-1,-1,-1
399,57302,1488,714,64,107,1,-1,-1,-1
399,57304,1055,583,59,102,1,-1,-1,-1
399,57305,1731,568,51,106,1,-1,-1,-1
399,57308,1610,607,68,99,1,-1,-1,-1
399,57319,1735,431,45,80,1,-1,-1,-1
399,57352,401,470,47,88,1,-1,-1,-1
399,57356,1836,583,54,101,1,-1,-1,-1
399,57359,93,371,29,81,1,-1,-1,-1
400,57285,1166,352,41,80,1,-1,-1,-1
400,57286,1160,411,49,75,1,-1,-1,-1
400,57287,1334,406,46,82,1,-1,-1,-1
400,57288,633,465,48,74,1,-1,-1,-1
400,57290,1235,484,34,89,1,-1,-1,-1
400,57291,639,389,44,75,1,-1,-1,-1
400,57292,1308,726,50,111,1,-1,-1,-1
400,57293,607,748,61,120,1,-1,-1,-1
400,57297,1692,520,51,97,1,-1,-1,-1
400,57298,1062,509,46,97,1,-1,-1,-1
400,57299,1601,519,40,92,1,-1,-1,-1
400,57302,1483,713,65,107,1,-1,-1,-1
400,57304,1051,583,58,102,1,-1,-1,-1
400,57305,1732,570,52,106,1,-1,-1,-1
400,57308,1602,606,68,98,1,-1,-1,-1
400,57319,1732,433,44,80,1,-1,-1,-1
400,57352,413,471,48,87,1,-1,-1,-1
400,57356,1831,581,54,101,1,-1,-1,-1
400,57359,105,371,30,80,1,-1,-1,-1
401,57285,1165,351,41,80,1,-1,-1,-1
401,57286,1157,412,50,75,1,-1,-1,-1
401,57287,1333,407,45,81,1,-1,-1,-1
401,57288,633,463,47,74,1,-1,-1,-1
401,57290,1236,484,35,89,1,-1,-1,-1
401,57291,642,388,43,75,1,-1,-1,-1
401,57292,1311,728,50,111,1,-1,-1,-1
401,57293,607,749,61,120,1,-1,-1,-1
401,57297,1691,520,50,97,1,-1,-1,-1
401,57298,1063,510,46,97,1,-1,-1,-1
401,57299,1602,520,41,92,1,-1,-1,-1
401,57302,1481,713,66,106,1,-1,-1,-1
401,57304,1049,583,58,101,1,-1,-1,-1
401,57305,1732,570,52,106,1,-1,-1,-1
401,57308,1600,606,67,97,1,-1,-1,-1
401,57319,1731,434,44,79,1,-1,-1,-1
401,57352,418,471,47,87,1,-1,-1,-1
401,57356,1826,579,55,101,1,-1,-1,-1
401,57359,109,370,31,80,1,-1,-1,-1
402,57285,1164,352,41,80,1,-1,-1,-1
402,57286,1151,413,50,75,1,-1,-1,-1
402,57287,1330,407,46,81,1,-1,-1,-1
402,57288,633,462,47,74,1,-1,-1,-1
402,57290,1240,484,35,89,1,-1,-1,-1
402,57291,644,388,43,75,1,-1,-1,-1
402,57292,1318,728,51,110,1,-1,-1,-1
402,57293,605,749,59,120,1,-1,-1,-1
402,57297,1686,521,51,97,1,-1,-1,-1
402,57298,1061,511,46,97,1,-1,-1,-1
402,57299,1601,522,40,92,1,-1,-1,-1
402,57302,1473,713,66,106,1,-1,-1,-1
402,57304,1044,583,58,101,1,-1,-1,-1
402,57305,1733,570,52,106,1,-1,-1,-1
402,57308,1592,605,67,96,1,-1,-1,-1
402,57319,1726,435,43,79,1,-1,-1,-1
402,57352,427,472,47,85,1,-1,-1,-1
402,57356,1818,576,55,101,1,-1,-1,-1
402,57359,120,370,31,80,1,-1,-1,-1
403,57285,1160,352,43,80,1,-1,-1,-1
403,57286,1149,413,50,76,1,-1,-1,-1
403,57287,1325,407,46,82,1,-1,-1,-1
403,57288,633,461,46,73,1,-1,-1,-1
403,57290,1241,484,36,89,1,-1,-1,-1
403,57291,645,388,43,74,1,-1,-1,-1
403,57292,1330,729,50,109,1,-1,-1,-1
403,57293,605,749,57,120,1,-1,-1,-1
403,57297,1683,521,53,97,1,-1,-1,-1
403,57298,1057,513,47,96,1,-1,-1,-1
403,57299,1599,523,41,92,1,-1,-1,-1
403,57302,1459,713,65,105,1,-1,-1,-1
403,57304,1037,583,58,101,1,-1,-1,-1
403,57305,1733,568,53,106,1,-1,-1,-1
403,57308,1589,604,65,97,1,-1,-1,-1
403,57319,1719,435,43,79,1,-1,-1,-1
403,57352,430,472,47,85,1,-1,-1,-1
403,57356,1815,575,55,101,1,-1,-1,-1
403,57359,124,370,31,80,1,-1,-1,-1
403,57369,1907,594,11,108,1,-1,-1,-1
404,57285,1158,352,43,80,1,-1,-1,-1
404,57286,1144,414,50,75,1,-1,-1,-1
404,57287,1322,408,45,81,1,-1,-1,-1
404,57288,632,459,46,73,1,-1,-1,-1
404,57290,1244,484,35,89,1,-1,-1,-1
404,57291,647,388,42,73,1,-1,-1,-1
404,57292,1336,728,51,110,1,-1,-1,-1
404,57293,603,749,56,120,1,-1,-1,-1
404,57297,1678,521,53,97,1,-1,-1,-1
404,57298,1054,514,46,97,1,-1,-1,-1
404,57299,1596,524,42,92,1,-1,-1,-1
404,57302,1452,712,64,105,1,-1,-1,-1
404,57304,1030,583,59,101,1,-1,-1,-1
404,57305,1735,567,52,106,1,-1,-1,-1
404,57308,1577,603,62,96,1,-1,-1,-1
404,57319,1712,436,42,78,1,-1,-1,-1
404,57352,431,472,47,85,1,-1,-1,-1
404,57356,1809,574,53,94,1,-1,-1,-1
404,57359,133,370,32,80,1,-1,-1,-1
404,57369,1902,581,12,114,1,-1,-1,-1
405,57285,1153,353,44,80,1,-1,-1,-1
405,57286,1136,414,51,75,1,-1,-1,-1
405,57287,1317,409,46,81,1,-1,-1,-1
405,57288,631,458,47,72,1,-1,-1,-1
405,57290,1244,484,35,89,1,-1,-1,-1
405,57291,647,388,43,72,1,-1,-1,-1
405,57292,1342,728,53,111,1,-1,-1,-1
405,57293,601,750,56,119,1,-1,-1,-1
405,57297,1673,522,53,96,1,-1,-1,-1
405,57298,1050,516,47,95,1,-1,-1,-1
405,57299,1593,526,42,92,1,-1,-1,-1
405,57302,1444,712,64,105,1,-1,-1,-1
405,57304,1023,583,58,101,1,-1,-1,-1
405,57305,1736,565,52,106,1,-1,-1,-1
405,57308,1569,602,61,97,1,-1,-1,-1
405,57319,1704,436,43,78,1,-1,-1,-1
405,57352,433,472,47,84,1,-1,-1,-1
405,57356,1805,572,52,92,1,-1,-1,-1
405,57359,136,370,33,80,1,-1,-1,-1
405,57369,1898,579,12,109,1,-1,-1,-1
406,57285,1148,353,44,80,1,-1,-1,-1
406,57286,1128,413,52,75,1,-1,-1,-1
406,57287,1313,410,45,81,1,-1,-1,-1
406,57288,630,456,47,73,1,-1,-1,-1
406,57290,1243,485,35,88,1,-1,-1,-1
406,57291,648,388,42,72,1,-1,-1,-1
406,57292,1348,727,53,111,1,-1,-1,-1
406,57293,598,750,56,119,1,-1,-1,-1
406,57297,1667,521,53,97,1,-1,-1,-1
406,57298,1047,517,47,95,1,-1,-1,-1
406,57299,1590,527,43,92,1,-1,-1,-1
406,57302,1435,712,65,105,1,-1,-1,-1
406,57304,1016,583,58,101,1,-1,-1,-1
406,57305,1737,564,53,105,1,-1,-1,-1
406,57308,1561,601,60,97,1,-1,-1,-1
406,57319,1697,436,42,78,1,-1,-1,-1
406,57352,434,472,47,83,1,-1,-1,-1
406,57356,1800,570,52,92,1,-1,-1,-1
406,57359,139,370,32,80,1,-1,-1,-1
407,57285,1144,354,43,80,1,-1,-1,-1
407,57286,1121,413,52,75,1,-1,-1,-1
407,57287,1308,411,44,81,1,-1,-1,-1
407,57288,629,455,48,72,1,-1,-1,-1
407,57290,1241,485,35,88,1,-1,-1,-1
407,57291,648,388,43,71,1,-1,-1,-1
407,57292,1354,726,54,112,1,-1,-1,-1
407,57293,594,750,57,119,1,-1,-1,-1
407,57297,1661,521,53,97,1,-1,-1,-1
407,57298,1043,518,48,96,1,-1,-1,-1
407,57299,1588,529,42,92,1,-1,-1,-1
407,57302,1426,712,66,105,1,-1,-1,-1
407,57304,1009,583,59,101,1,-1,-1,-1
407,57305,1738,562,53,105,1,-1,-1,-1
407,57308,1553,600,60,97,1,-1,-1,-1
407,57319,1689,437,42,78,1,-1,-1,-1
407,57352,435,472,47,83,1,-1,-1,-1
407,57356,1795,567,52,93,1,-1,-1,-1
407,57359,141,370,33,80,1,-1,-1,-1
407,57374,1886,580,31,107,1,-1,-1,-1
408,57285,1137,354,42,80,1,-1,-1,-1
408,57286,1108,413,53,75,1,-1,-1,-1
408,57287,1300,413,43,81,1,-1,-1,-1
408,57288,628,452,48,71,1,-1,-1,-1
408,57290,1240,485,35,88,1,-1,-1,-1
408,57291,649,388,42,70,1,-1,-1,-1
408,57292,1364,725,54,113,1,-1,-1,-1
408,57293,588,751,58,119,1,-1,-1,-1
408,57297,1652,521,51,97,1,-1,-1,-1
408,57298,1037,521,48,94,1,-1,-1,-1
408,57299,1584,530,43,92,1,-1,-1,-1
408,57302,1413,712,65,104,1,-1,-1,-1
408,57304,997,583,60,100,1,-1,-1,-1
408,57305,1740,560,53,105,1,-1,-1,-1
408,57308,1540,599,61,97,1,-1,-1,-1
408,57319,1682,437,42,78,1,-1,-1,-1
408,57352,436,472,47,82,1,-1,-1,-1
408,57356,1787,563,53,95,1,-1,-1,-1
408,57359,143,370,33,80,1,-1,-1,-1
408,57374,1883,580,31,107,1,-1,-1,-1
409,57285,1134,354,42,80,1,-1,-1,-1
409,57286,1103,413,54,75,1,-1,-1,-1
409,57287,1297,413,42,82,1,-1,-1,-1
409,57288,627,451,48,71,1,-1,-1,-1
409,57290,1239,486,34,87,1,-1,-1,-1
409,57291,649,388,43,70,1,-1,-1,-1
409,57292,1368,725,54,113,1,-1,-1,-1
409,57293,585,751,59,119,1,-1,-1,-1
409,57297,1648,521,51,96,1,-1,-1,-1
409,57298,1035,522,48,94,1,-1,-1,-1
409,57299,1581,532,43,92,1,-1,-1,-1
409,57302,1407,711,66,104,1,-1,-1,-1
409,57304,992,582,60,101,1,-1,-1,-1
409,57305,1741,559,53,105,1,-1,-1,-1
409,57308,1534,599,61,97,1,-1,-1,-1
409,57319,1674,438,41,78,1,-1,-1,-1
409,57352,438,472,47,82,1,-1,-1,-1
409,57356,1784,562,52,96,1,-1,-1,-1
409,57359,144,370,34,80,1,-1,-1,-1
409,57374,1881,580,32,107,1,-1,-1,-1
410,57285,1130,355,40,79,1,-1,-1,-1
410,57286,1090,412,54,75,1,-1,-1,-1
410,57287,1285,415,43,81,1,-1,-1,-1
410,57288,624,450,50,70,1,-1,-1,-1
410,57290,1237,486,34,88,1,-1,-1,-1
410,57291,649,388,43,69,1,-1,-1,-1
410,57292,1376,731,53,108,1,-1,-1,-1
410,57293,574,752,58,118,1,-1,-1,-1
410,57297,1637,520,51,97,1,-1,-1,-1
410,57298,1026,523,47,94,1,-1,-1,-1
410,57299,1577,533,43,92,1,-1,-1,-1
410,57302,1390,711,66,104,1,-1,-1,-1
410,57304,976,582,59,101,1,-1,-1,-1
410,57305,1743,558,52,104,1,-1,-1,-1
410,57308,1525,598,62,97,1,-1,-1,-1
410,57319,1665,438,41,78,1,-1,-1,-1
410,57352,439,473,47,81,1,-1,-1,-1
410,57356,1775,562,52,97,1,-1,-1,-1
410,57359,147,370,34,80,1,-1,-1,-1
410,57374,1874,579,32,107,1,-1,-1,-1
411,57285,1124,355,40,79,1,-1,-1,-1
411,57286,1082,412,53,75,1,-1,-1,-1
411,57287,1277,416,43,81,1,-1,-1,-1
411,57288,621,448,50,71,1,-1,-1,-1
411,57290,1234,487,34,87,1,-1,-1,-1
411,57291,649,389,43,68,1,-1,-1,-1
411,57292,1380,734,52,106,1,-1,-1,-1
411,57293,567,752,58,118,1,-1,-1,-1
411,57297,1631,520,51,97,1,-1,-1,-1
411,57298,1021,523,46,94,1,-1,-1,-1
411,57299,1575,535,42,92,1,-1,-1,-1
411,57302,1381,711,64,104,1,-1,-1,-1
411,57304,967,582,58,101,1,-1,-1,-1
411,57305,1746,557,52,104,1,-1,-1,-1
411,57308,1516,597,62,96,1,-1,-1,-1
411,57319,1657,439,42,78,1,-1,-1,-1
411,57352,439,473,47,80,1,-1,-1,-1
411,57356,1763,564,52,97,1,-1,-1,-1
411,57359,147,370,35,80,1,-1,-1,-1
411,57374,1864,579,33,107,1,-1,-1,-1
411,57378,594,480,17,13,1,-1,-1,-1
412,57285,1117,356,40,79,1,-1,-1,-1
412,57286,1070,411,52,75,1,-1,-1,-1
412,57287,1266,419,43,81,1,-1,-1,-1
412,57288,619,447,49,70,1,-1,-1,-1
412,57290,1231,487,34,87,1,-1,-1,-1
412,57291,650,389,43,67,1,-1,-1,-1
412,57292,1382,735,52,106,1,-1,-1,-1
412,57293,559,752,57,118,1,-1,-1,-1
412,57297,1625,522,50,95,1,-1,-1,-1
412,57298,1014,524,47,93,1,-1,-1,-1
412,57299,1571,536,42,92,1,-1,-1,-1
412,57302,1369,711,64,104,1,-1,-1,-1
412,57304,956,582,58,101,1,-1,-1,-1
412,57305,1748,564,50,100,1,-1,-1,-1
412,57308,1506,595,61,97,1,-1,-1,-1
412,57319,1648,439,42,78,1,-1,-1,-1
412,57352,436,474,48,80,1,-1,-1,-1
412,57356,1752,557,53,102,1,-1,-1,-1
412,57359,147,370,35,80,1,-1,-1,-1
412,57374,1853,578,33,107,1,-1,-1,-1
413,57285,1108,356,39,79,1,-1,-1,-1
413,57286,1061,410,50,75,1,-1,-1,-1
413,57287,1258,420,43,81,1,-1,-1,-1
413,57288,615,445,49,70,1,-1,-1,-1
413,57290,1227,487,34,87,1,-1,-1,-1
413,57291,650,389,43,67,1,-1,-1,-1
413,57292,1384,736,53,105,1,-1,-1,-1
413,57293,547,753,57,118,1,-1,-1,-1
413,57297,1617,524,49,93,1,-1,-1,-1
413,57298,1005,525,47,93,1,-1,-1,-1
413,57299,1567,538,42,92,1,-1,-1,-1
413,57302,1353,711,63,103,1,-1,-1,-1
413,57304,942,582,59,101,1,-1,-1,-1
413,57308,1494,593,59,97,1,-1,-1,-1
413,57319,1635,440,43,77,1,-1,-1,-1
413,57352,432,475,49,79,1,-1,-1,-1
413,57356,1750,554,54,103,1,-1,-1,-1
413,57359,147,371,35,80,1,-1,-1,-1
413,57374,1846,578,33,108,1,-1,-1,-1
414,57285,1102,356,39,79,1,-1,-1,-1
414,57286,1053,409,49,75,1,-1,-1,-1
414,57287,1251,420,43,82,1,-1,-1,-1
414,57288,613,443,49,70,1,-1,-1,-1
414,57290,1225,487,34,87,1,-1,-1,-1
414,57291,649,389,43,66,1,-1,-1,-1
414,57292,1386,736,55,105,1,-1,-1,-1
414,57293,540,753,57,118,1,-1,-1,-1
414,57297,1612,524,47,93,1,-1,-1,-1
414,57298,999,526,47,93,1,-1,-1,-1
414,57299,1562,539,42,92,1,-1,-1,-1
414,57302,1344,710,62,104,1,-1,-1,-1
414,57304,934,582,59,101,1,-1,-1,-1
414,57308,1487,592,57,97,1,-1,-1,-1
414,57319,1627,440,44,78,1,-1,-1,-1
414,57352,427,475,50,79,1,-1,-1,-1
414,57356,1747,551,54,104,1,-1,-1,-1
414,57359,147,371,35,80,1,-1,-1,-1
414,57374,1838,578,35,109,1,-1,-1,-1
414,57380,622,468,17,13,1,-1,-1,-1
414,57381,1728,569,51,101,1,-1,-1,-1
415,57285,1095,356,39,79,1,-1,-1,-1
415,57286,1044,408,48,75,1,-1,-1,-1
415,57287,1243,421,43,81,1,-1,-1,-1
415,57288,613,442,47,69,1,-1,-1,-1
415,57290,1222,488,33,87,1,-1,-1,-1
415,57291,647,388,43,66,1,-1,-1,-1
415,57292,1389,734,57,106,1,-1,-1,-1
415,57293,533,753,57,118,1,-1,-1,-1
415,57297,1605,524,47,92,1,-1,-1,-1
415,57298,992,528,49,93,1,-1,-1,-1
415,57299,1558,541,42,92,1,-1,-1,-1
415,57302,1333,710,63,104,1,-1,-1,-1
415,57304,924,582,60,101,1,-1,-1,-1
415,57308,1478,590,56,96,1,-1,-1,-1
415,57319,1619,441,45,78,1,-1,-1,-1
415,57352,420,474,51,79,1,-1,-1,-1
415,57356,1739,549,52,103,1,-1,-1,-1
415,57359,146,371,35,80,1,-1,-1,-1
415,57374,1831,579,36,110,1,-1,-1,-1
415,57381,1726,568,51,101,1,-1,-1,-1
416,57285,1088,356,39,79,1,-1,-1,-1
416,57286,1031,407,48,75,1,-1,-1,-1
416,57287,1233,422,42,81,1,-1,-1,-1
416,57288,612,440,48,69,1,-1,-1,-1
416,57290,1218,488,33,86,1,-1,-1,-1
416,57291,643,388,43,65,1,-1,-1,-1
416,57292,1394,731,60,109,1,-1,-1,-1
416,57293,523,754,57,117,1,-1,-1,-1
416,57297,1598,524,46,92,1,-1,-1,-1
416,57298,981,531,51,94,1,-1,-1,-1
416,57299,1552,543,42,92,1,-1,-1,-1
416,57302,1317,709,64,104,1,-1,-1,-1
416,57304,909,582,62,101,1,-1,-1,-1
416,57308,1464,587,55,96,1,-1,-1,-1
416,57319,1607,441,45,78,1,-1,-1,-1
416,57352,409,473,52,80,1,-1,-1,-1
416,57356,1725,545,50,103,1,-1,-1,-1
416,57359,146,371,35,80,1,-1,-1,-1
416,57374,1821,580,37,111,1,-1,-1,-1
416,57381,1724,566,51,101,1,-1,-1,-1
417,57285,1080,356,40,79,1,-1,-1,-1
417,57286,1024,406,49,75,1,-1,-1,-1
417,57287,1228,422,42,81,1,-1,-1,-1
417,57288,612,438,47,69,1,-1,-1,-1
417,57290,1216,488,32,86,1,-1,-1,-1
417,57291,642,387,42,66,1,-1,-1,-1
417,57292,1398,729,60,110,1,-1,-1,-1
417,57293,518,754,57,117,1,-1,-1,-1
417,57297,1590,523,46,91,1,-1,-1,-1
417,57298,974,533,52,93,1,-1,-1,-1
417,57299,1549,545,41,92,1,-1,-1,-1
417,57302,1308,708,64,104,1,-1,-1,-1
417,57304,902,582,62,101,1,-1,-1,-1
417,57308,1457,586,54,95,1,-1,-1,-1
417,57319,1600,442,45,78,1,-1,-1,-1
417,57352,404,472,52,81,1,-1,-1,-1
417,57356,1718,542,49,104,1,-1,-1,-1
417,57359,146,371,35,80,1,-1,-1,-1
417,57374,1814,580,39,112,1,-1,-1,-1
417,57381,1723,565,50,101,1,-1,-1,-1
417,57383,647,456,17,13,1,-1,-1,-1
418,57285,1072,355,40,79,1,-1,-1,-1
418,57286,1016,405,48,75,1,-1,-1,-1
418,57287,1221,422,42,81,1,-1,-1,-1
418,57288,612,435,47,68,1,-1,-1,-1
418,57290,1213,488,32,86,1,-1,-1,-1
418,57291,640,386,42,66,1,-1,-1,-1
418,57292,1402,728,60,110,1,-1,-1,-1
418,57293,509,755,57,117,1,-1,-1,-1
418,57297,1582,523,46,91,1,-1,-1,-1
418,57298,965,533,52,94,1,-1,-1,-1
418,57299,1544,546,42,92,1,-1,-1,-1
418,57302,1297,708,64,104,1,-1,-1,-1
418,57304,892,581,62,101,1,-1,-1,-1
418,57308,1450,585,53,94,1,-1,-1,-1
418,57319,1590,442,45,78,1,-1,-1,-1
418,57352,398,470,52,81,1,-1,-1,-1
418,57356,1711,540,47,104,1,-1,-1,-1
418,57359,145,371,36,80,1,-1,-1,-1
418,57374,1806,581,39,110,1,-1,-1,-1
418,57381,1721,564,49,100,1,-1,-1,-1
418,57383,650,454,17,13,1,-1,-1,-1
419,57285,1060,354,41,79,1,-1,-1,-1
419,57286,1003,405,46,75,1,-1,-1,-1
419,57287,1209,422,42,81,1,-1,-1,-1
419,57288,612,433,46,68,1,-1,-1,-1
419,57290,1208,488,33,86,1,-1,-1,-1
419,57291,638,385,43,66,1,-1,-1,-1
419,57292,1411,726,58,109,1,-1,-1,-1
419,57293,495,755,56,117,1,-1,-1,-1
419,57297,1570,522,46,90,1,-1,-1,-1
419,57298,950,533,53,95,1,-1,-1,-1
419,57299,1540,548,41,92,1,-1,-1,-1
419,57302,1277,707,64,104,1,-1,-1,-1
419,57304,875,581,62,101,1,-1,-1,-1
419,57308,1438,581,51,94,1,-1,-1,-1
419,57319,1572,442,45,78,1,-1,-1,-1
419,57352,387,466,53,84,1,-1,-1,-1
419,57356,1698,537,46,103,1,-1,-1,-1
419,57359,145,371,36,80,1,-1,-1,-1
419,57374,1792,581,38,109,1,-1,-1,-1
419,57381,1716,562,48,100,1,-1,-1,-1
420,57285,1055,354,42,79,1,-1,-1,-1
420,57286,998,404,43,75,1,-1,-1,-1
420,57287,1203,423,44,81,1,-1,-1,-1
420,57288,612,431,45,67,1,-1,-1,-1
420,57290,1206,488,34,85,1,-1,-1,-1
420,57291,638,384,43,66,1,-1,-1,-1
420,57292,1415,726,57,108,1,-1,-1,-1
420,57293,489,756,55,117,1,-1,-1,-1
420,57297,1565,522,45,90,1,-1,-1,-1
420,57298,943,533,53,95,1,-1,-1,-1
420,57299,1535,549,42,92,1,-1,-1,-1
420,57302,1269,706,63,105,1,-1,-1,-1
420,57304,867,581,61,101,1,-1,-1,-1
420,57308,1433,580,50,93,1,-1,-1,-1
420,57319,1565,443,44,78,1,-1,-1,-1
420,57352,382,465,54,84,1,-1,-1,-1
420,57356,1693,535,45,102,1,-1,-1,-1
420,57359,145,372,36,79,1,-1,-1,-1
420,57374,1785,581,39,108,1,-1,-1,-1
420,57381,1714,561,48,100,1,-1,-1,-1
420,57384,657,449,17,13,1,-1,-1,-1
421,57285,1050,353,42,79,1,-1,-1,-1
421,57286,987,404,41,72,1,-1,-1,-1
421,57287,1196,424,43,80,1,-1,-1,-1
421,57288,613,429,44,67,1,-1,-1,-1
421,57290,1201,488,34,85,1,-1,-1,-1
421,57291,637,383,43,66,1,-1,-1,-1
421,57292,1420,727,55,107,1,-1,-1,-1
421,57293,481,756,54,116,1,-1,-1,-1
421,57297,1561,521,45,90,1,-1,-1,-1
421,57298,933,533,53,95,1,-1,-1,-1
421,57299,1529,551,43,92,1,-1,-1,-1
421,57302,1256,706,63,105,1,-1,-1,-1
421,57304,858,581,60,101,1,-1,-1,-1
421,57308,1427,579,48,92,1,-1,-1,-1
421,57319,1555,443,44,78,1,-1,-1,-1
421,57352,374,464,53,85,1,-1,-1,-1
421,57356,1687,533,43,100,1,-1,-1,-1
421,57359,145,372,36,80,1,-1,-1,-1
421,57374,1777,579,40,109,1,-1,-1,-1
421,57381,1711,560,48,100,1,-1,-1,-1
422,57285,1043,353,41,78,1,-1,-1,-1
422,57286,972,405,38,68,1,-1,-1,-1
422,57287,1184,427,42,78,1,-1,-1,-1
422,57288,613,426,43,66,1,-1,-1,-1
422,57290,1196,488,34,85,1,-1,-1,-1
422,57291,637,381,44,66,1,-1,-1,-1
422,57292,1426,728,54,106,1,-1,-1,-1
422,57293,469,756,55,116,1,-1,-1,-1
422,57297,1557,520,45,89,1,-1,-1,-1
422,57298,917,534,53,95,1,-1,-1,-1
422,57299,1522,553,42,92,1,-1,-1,-1
422,57302,1236,706,63,105,1,-1,-1,-1
422,57304,847,581,61,101,1,-1,-1,-1
422,57308,1420,577,47,92,1,-1,-1,-1
422,57319,1544,444,44,78,1,-1,-1,-1
422,57352,359,464,52,85,1,-1,-1,-1
422,57356,1676,530,42,94,1,-1,-1,-1
422,57359,145,372,36,80,1,-1,-1,-1
422,57374,1765,577,40,109,1,-1,-1,-1
422,57381,1708,558,47,101,1,-1,-1,-1
423,57285,1039,353,40,78,1,-1,-1,-1
423,57286,963,405,37,66,1,-1,-1,-1
423,57287,1177,428,42,78,1,-1,-1,-1
423,57288,613,424,43,67,1,-1,-1,-1
423,57290,1191,488,34,85,1,-1,-1,-1
423,57291,636,380,45,66,1,-1,-1,-1
423,57292,1431,729,53,105,1,-1,-1,-1
423,57293,463,756,55,116,1,-1,-1,-1
423,57297,1554,520,44,88,1,-1,-1,-1
423,57298,909,534,53,96,1,-1,-1,-1
423,57299,1520,555,42,92,1,-1,-1,-1
423,57302,1226,705,63,105,1,-1,-1,-1
423,57304,836,581,60,101,1,-1,-1,-1
423,57308,1413,575,46,91,1,-1,-1,-1
423,57319,1534,444,43,78,1,-1,-1,-1
423,57352,352,464,51,86,1,-1,-1,-1
423,57356,1670,528,41,93,1,-1,-1,-1
423,57359,142,372,37,80,1,-1,-1,-1
423,57374,1759,576,40,110,1,-1,-1,-1
423,57381,1705,557,47,102,1,-1,-1,-1
423,57386,675,438,17,13,1,-1,-1,-1
424,57285,1035,352,40,78,1,-1,-1,-1
424,57286,953,407,37,64,1,-1,-1,-1
424,57287,1169,428,42,78,1,-1,-1,-1
424,57288,613,422,43,69,1,-1,-1,-1
424,57290,1186,488,33,85,1,-1,-1,-1
424,57291,636,380,46,65,1,-1,-1,-1
424,57292,1436,730,53,105,1,-1,-1,-1
424,57293,457,757,56,115,1,-1,-1,-1
424,57297,1550,519,43,89,1,-1,-1,-1
424,57298,900,534,54,96,1,-1,-1,-1
424,57299,1518,556,42,92,1,-1,-1,-1
424,57302,1214,704,64,105,1,-1,-1,-1
424,57304,825,581,60,101,1,-1,-1,-1
424,57308,1404,573,47,91,1,-1,-1,-1
424,57319,1523,445,42,78,1,-1,-1,-1
424,57352,347,464,49,86,1,-1,-1,-1
424,57356,1661,525,41,92,1,-1,-1,-1
424,57359,138,372,36,80,1,-1,-1,-1
424,57374,1750,576,41,110,1,-1,-1,-1
424,57381,1701,557,46,101,1,-1,-1,-1
424,57386,675,436,17,13,1,-1,-1,-1
425,57285,1028,352,39,78,1,-1,-1,-1
425,57286,944,409,36,63,1,-1,-1,-1
425,57287,1160,429,42,78,1,-1,-1,-1
425,57288,614,419,44,72,1,-1,-1,-1
425,57290,1178,488,33,85,1,-1,-1,-1
425,57291,636,380,46,65,1,-1,-1,-1
425,57292,1445,732,53,103,1,-1,-1,-1
425,57293,448,758,55,116,1,-1,-1,-1
425,57297,1544,518,41,88,1,-1,-1,-1
425,57298,885,533,55,96,1,-1,-1,-1
425,57299,1515,559,43,92,1,-1,-1,-1
425,57302,1196,704,66,105,1,-1,-1,-1
425,57304,806,581,62,101,1,-1,-1,-1
425,57308,1391,569,46,90,1,-1,-1,-1
425,57319,1505,445,42,79,1,-1,-1,-1
425,57352,337,464,51,87,1,-1,-1,-1
425,57356,1652,521,42,95,1,-1,-1,-1
425,57359,133,372,36,80,1,-1,-1,-1
425,57374,1737,577,42,110,1,-1,-1,-1
425,57381,1698,557,45,100,1,-1,-1,-1
425,57386,677,434,17,13,1,-1,-1,-1
426,57285,1025,352,39,77,1,-1,-1,-1
426,57286,933,411,37,62,1,-1,-1,-1
426,57287,1151,430,42,77,1,-1,-1,-1
426,57288,614,418,45,73,1,-1,-1,-1
426,57290,1175,488,32,85,1,-1,-1,-1
426,57291,636,380,46,65,1,-1,-1,-1
426,57292,1448,732,54,103,1,-1,-1,-1
426,57293,444,758,55,116,1,-1,-1,-1
426,57297,1542,517,41,88,1,-1,-1,-1
426,57298,880,533,56,96,1,-1,-1,-1
426,57299,1515,560,42,92,1,-1,-1,-1
426,57302,1189,703,66,106,1,-1,-1,-1
426,57304,799,581,62,101,1,-1,-1,-1
426,57308,1386,568,46,89,1,-1,-1,-1
426,57319,1499,446,41,79,1,-1,-1,-1
426,57352,334,464,51,87,1,-1,-1,-1
426,57356,1644,518,40,89,1,-1,-1,-1
426,57359,128,371,36,81,1,-1,-1,-1
426,57374,1731,578,43,110,1,-1,-1,-1
426,57381,1693,557,44,99,1,-1,-1,-1
426,57386,678,433,17,13,1,-1,-1,-1
427,57285,1018,351,37,78,1,-1,-1,-1
427,57286,919,413,38,61,1,-1,-1,-1
427,57287,1139,430,42,78,1,-1,-1,-1
427,57288,617,416,43,74,1,-1,-1,-1
427,57290,1170,488,32,85,1,-1,-1,-1
427,57291,637,380,47,65,1,-1,-1,-1
427,57292,1449,733,56,104,1,-1,-1,-1
427,57293,432,759,54,116,1,-1,-1,-1
427,57297,1539,517,40,88,1,-1,-1,-1
427,57298,863,533,55,96,1,-1,-1,-1
427,57299,1513,561,42,91,1,-1,-1,-1
427,57302,1170,703,65,106,1,-1,-1,-1
427,57304,783,580,62,101,1,-1,-1,-1
427,57308,1378,566,47,91,1,-1,-1,-1
427,57319,1490,446,41,79,1,-1,-1,-1
427,57352,319,464,52,87,1,-1,-1,-1
427,57356,1642,517,41,92,1,-1,-1,-1
427,57359,120,371,37,81,1,-1,-1,-1
427,57374,1725,579,43,110,1,-1,-1,-1
427,57381,1687,557,44,97,1,-1,-1,-1
427,57386,679,430,17,13,1,-1,-1,-1
428,57285,1014,352,37,77,1,-1,-1,-1
428,57286,912,414,40,60,1,-1,-1,-1
428,57287,1133,431,42,78,1,-1,-1,-1
428,57288,620,414,42,74,1,-1,-1,-1
428,57290,1166,488,32,85,1,-1,-1,-1
428,57291,639,380,47,65,1,-1,-1,-1
428,57292,1450,734,57,103,1,-1,-1,-1
428,57293,427,760,52,116,1,-1,-1,-1
428,57297,1536,516,39,88,1,-1,-1,-1
428,57298,854,532,55,96,1,-1,-1,-1
428,57299,1511,562,41,90,1,-1,-1,-1
428,57302,1160,702,64,106,1,-1,-1,-1
428,57304,775,580,62,101,1,-1,-1,-1
428,57308,1374,564,47,92,1,-1,-1,-1
428,57319,1480,446,42,79,1,-1,-1,-1
428,57352,312,463,52,88,1,-1,-1,-1
428,57356,1634,514,40,89,1,-1,-1,-1
428,57359,117,370,38,82,1,-1,-1,-1
428,57374,1722,579,42,110,1,-1,-1,-1
428,57381,1685,556,43,97,1,-1,-1,-1
428,57386,681,429,17,13,1,-1,-1,-1
429,57285,1007,354,37,75,1,-1,-1,-1
429,57286,905,415,42,59,1,-1,-1,-1
429,57287,1127,431,42,78,1,-1,-1,-1
429,57288,623,413,41,72,1,-1,-1,-1
429,57290,1161,488,33,85,1,-1,-1,-1
429,57291,641,380,47,65,1,-1,-1,-1
429,57292,1453,734,60,104,1,-1,-1,-1
429,57293,420,760,52,116,1,-1,-1,-1
429,57297,1531,516,38,88,1,-1,-1,-1
429,57298,846,532,54,96,1,-1,-1,-1
429,57299,1508,565,41,88,1,-1,-1,-1
429,57302,1143,702,62,106,1,-1,-1,-1
429,57304,766,580,62,101,1,-1,-1,-1
429,57308,1369,562,47,92,1,-1,-1,-1
429,57319,1466,446,42,79,1,-1,-1,-1
429,57352,305,463,52,87,1,-1,-1,-1
429,57356,1622,512,40,89,1,-1,-1,-1
429,57359,116,371,38,81,1,-1,-1,-1
429,57374,1715,579,42,111,1,-1,-1,-1
429,57381,1682,554,43,98,1,-1,-1,-1
429,57386,682,429,17,13,1,-1,-1,-1
430,57285,1003,355,37,74,1,-1,-1,-1
430,57286,902,413,42,60,1,-1,-1,-1
430,57287,1123,431,42,78,1,-1,-1,-1
430,57288,626,411,40,72,1,-1,-1,-1
430,57290,1159,488,33,85,1,-1,-1,-1
430,57291,643,379,47,66,1,-1,-1,-1
430,57292,1455,733,61,105,1,-1,-1,-1
430,57293,414,761,51,116,1,-1,-1,-1
430,57297,1528,515,38,88,1,-1,-1,-1
430,57298,837,531,54,96,1,-1,-1,-1
430,57299,1508,567,41,87,1,-1,-1,-1
430,57302,1134,702,62,105,1,-1,-1,-1
430,57304,758,580,61,101,1,-1,-1,-1
430,57308,1365,561,47,91,1,-1,-1,-1
430,57319,1458,446,43,79,1,-1,-1,-1
430,57352,296,462,52,88,1,-1,-1,-1
430,57356,1616,511,40,89,1,-1,-1,-1
430,57359,115,371,38,81,1,-1,-1,-1
430,57374,1712,579,41,110,1,-1,-1,-1
430,57381,1679,552,43,98,1,-1,-1,-1
430,57386,684,429,17,13,1,-1,-1,-1
431,57285,1000,355,37,74,1,-1,-1,-1
431,57286,897,411,44,61,1,-1,-1,-1
431,57287,1116,431,42,78,1,-1,-1,-1
431,57288,629,409,39,71,1,-1,-1,-1
431,57290,1156,488,33,85,1,-1,-1,-1
431,57291,645,379,48,66,1,-1,-1,-1
431,57292,1460,731,61,105,1,-1,-1,-1
431,57293,408,761,50,116,1,-1,-1,-1
431,57297,1526,514,38,89,1,-1,-1,-1
431,57298,828,531,54,96,1,-1,-1,-1
431,57299,1508,568,43,88,1,-1,-1,-1
431,57302,1126,702,61,105,1,-1,-1,-1
431,57304,749,579,61,102,1,-1,-1,-1
431,57308,1361,558,46,91,1,-1,-1,-1
431,57319,1450,446,42,79,1,-1,-1,-1
431,57352,289,462,52,87,1,-1,-1,-1
431,57356,1610,509,41,90,1,-1,-1,-1
431,57359,114,371,38,81,1,-1,-1,-1
431,57374,1708,577,41,110,1,-1,-1,-1
431,57381,1677,549,42,99,1,-1,-1,-1
431,57386,685,429,17,13,1,-1,-1,-1
432,57285,995,357,37,74,1,-1,-1,-1
432,57286,891,407,45,63,1,-1,-1,-1
432,57287,1104,431,42,78,1,-1,-1,-1
432,57288,632,407,39,70,1,-1,-1,-1
432,57290,1153,488,34,85,1,-1,-1,-1
432,57291,648,379,47,66,1,-1,-1,-1
432,57292,1469,728,60,106,1,-1,-1,-1
432,57293,401,762,50,116,1,-1,-1,-1
432,57297,1523,514,38,89,1,-1,-1,-1
432,57298,816,530,53,96,1,-1,-1,-1
432,57299,1510,570,43,87,1,-1,-1,-1
432,57302,1114,702,61,105,1,-1,-1,-1
432,57304,736,579,61,102,1,-1,-1,-1
432,57308,1354,554,46,91,1,-1,-1,-1
432,57319,1438,446,42,79,1,-1,-1,-1
432,57352,280,461,52,87,1,-1,-1,-1
432,57356,1601,507,42,90,1,-1,-1,-1
432,57359,113,371,38,82,1,-1,-1,-1
432,57374,1702,575,41,110,1,-1,-1,-1
432,57381,1673,546,43,100,1,-1,-1,-1
432,57386,687,429,17,13,1,-1,-1,-1
433,57285,993,357,38,74,1,-1,-1,-1
433,57286,888,405,46,65,1,-1,-1,-1
433,57287,1098,431,43,78,1,-1,-1,-1
433,57288,635,405,38,70,1,-1,-1,-1
433,57290,1150,488,34,85,1,-1,-1,-1
433,57291,650,378,47,66,1,-1,-1,-1
433,57292,1473,727,59,106,1,-1,-1,-1
433,57293,394,762,50,116,1,-1,-1,-1
433,57297,1521,513,38,89,1,-1,-1,-1
433,57298,809,530,53,96,1,-1,-1,-1
433,57299,1512,571,44,88,1,-1,-1,-1
433,57302,1105,701,63,105,1,-1,-1,-1
433,57304,728,579,62,102,1,-1,-1,-1
433,57308,1351,553,46,91,1,-1,-1,-1
433,57319,1432,446,41,79,1,-1,-1,-1
433,57352,273,461,51,87,1,-1,-1,-1
433,57356,1597,506,42,90,1,-1,-1,-1
433,57359,112,372,38,81,1,-1,-1,-1
433,57374,1698,574,41,110,1,-1,-1,-1
433,57381,1671,544,42,101,1,-1,-1,-1
433,57386,689,430,17,13,1,-1,-1,-1
434,57285,992,358,38,73,1,-1,-1,-1
434,57286,887,403,45,65,1,-1,-1,-1
434,57287,1095,431,42,78,1,-1,-1,-1
434,57288,638,403,37,69,1,-1,-1,-1
434,57290,1148,488,34,85,1,-1,-1,-1
434,57291,653,378,46,66,1,-1,-1,-1
434,57292,1478,728,59,106,1,-1,-1,-1
434,57293,387,763,50,116,1,-1,-1,-1
434,57297,1520,513,37,89,1,-1,-1,-1
434,57298,799,529,54,96,1,-1,-1,-1
434,57299,1514,573,44,89,1,-1,-1,-1
434,57302,1094,701,63,105,1,-1,-1,-1
434,57304,719,578,61,102,1,-1,-1,-1
434,57308,1347,552,45,91,1,-1,-1,-1
434,57319,1423,446,41,78,1,-1,-1,-1
434,57352,265,460,51,87,1,-1,-1,-1
434,57356,1591,504,43,92,1,-1,-1,-1
434,57359,111,372,38,81,1,-1,-1,-1
434,57374,1694,573,40,110,1,-1,-1,-1
434,57381,1668,543,41,101,1,-1,-1,-1
434,57386,691,430,17,13,1,-1,-1,-1
435,57285,992,357,38,74,1,-1,-1,-1
435,57286,886,402,45,65,1,-1,-1,-1
435,57287,1091,431,43,78,1,-1,-1,-1
435,57288,641,401,36,69,1,-1,-1,-1
435,57290,1146,488,34,85,1,-1,-1,-1
435,57291,657,378,45,66,1,-1,-1,-1
435,57292,1484,730,58,106,1,-1,-1,-1
435,57293,380,764,50,116,1,-1,-1,-1
435,57297,1518,512,38,89,1,-1,-1,-1
435,57298,790,528,53,96,1,-1,-1,-1
435,57299,1516,575,45,89,1,-1,-1,-1
435,57302,1081,701,63,105,1,-1,-1,-1
435,57304,708,578,61,102,1,-1,-1,-1
435,57308,1343,551,45,91,1,-1,-1,-1
435,57319,1413,446,40,78,1,-1,-1,-1
435,57352,257,459,51,87,1,-1,-1,-1
435,57356,1585,502,43,92,1,-1,-1,-1
435,57359,110,372,38,81,1,-1,-1,-1
435,57374,1689,573,41,110,1,-1,-1,-1
435,57381,1664,542,41,100,1,-1,-1,-1
435,57386,692,430,17,13,1,-1,-1,-1
436,57285,992,357,39,74,1,-1,-1,-1
436,57286,885,400,45,65,1,-1,-1,-1
436,57287,1086,431,43,78,1,-1,-1,-1
436,57288,645,398,35,68,1,-1,-1,-1
436,57290,1143,488,34,85,1,-1,-1,-1
436,57291,660,377,45,66,1,-1,-1,-1
436,57292,1489,731,59,108,1,-1,-1,-1
436,57293,373,764,50,116,1,-1,-1,-1
436,57297,1517,511,37,90,1,-1,-1,-1
436,57298,780,528,53,96,1,-1,-1,-1
436,57299,1518,577,46,90,1,-1,-1,-1
436,57302,1068,701,62,105,1,-1,-1,-1
436,57304,698,578,59,102,1,-1,-1,-1
436,57308,1339,550,44,91,1,-1,-1,-1
436,57319,1403,446,40,78,1,-1,-1,-1
436,57352,250,459,50,87,1,-1,-1,-1
436,57356,1578,500,43,93,1,-1,-1,-1
436,57359,109,372,38,81,1,-1,-1,-1
436,57374,1683,573,42,110,1,-1,-1,-1
436,57381,1660,540,40,100,1,-1,-1,-1
436,57386,694,430,17,13,1,-1,-1,-1
437,57285,992,357,38,73,1,-1,-1,-1
437,57286,884,399,44,64,1,-1,-1,-1
437,57287,1081,431,44,78,1,-1,-1,-1
437,57288,648,397,35,67,1,-1,-1,-1
437,57290,1140,488,35,85,1,-1,-1,-1
437,57291,664,377,44,66,1,-1,-1,-1
437,57292,1494,733,59,108,1,-1,-1,-1
437,57293,367,765,50,116,1,-1,-1,-1
437,57297,1515,511,37,90,1,-1,-1,-1
437,57298,770,527,52,96,1,-1,-1,-1
437,57299,1519,579,47,90,1,-1,-1,-1
437,57302,1055,701,62,104,1,-1,-1,-1
437,57304,687,577,58,103,1,-1,-1,-1
437,57308,1334,548,45,91,1,-1,-1,-1
437,57319,1393,446,40,78,1,-1,-1,-1
437,57352,242,458,49,87,1,-1,-1,-1
437,57356,1573,498,43,93,1,-1,-1,-1
437,57359,108,372,38,81,1,-1,-1,-1
437,57374,1678,573,42,110,1,-1,-1,-1
437,57381,1657,539,39,99,1,-1,-1,-1
437,57386,696,430,17,13,1,-1,-1,-1
438,57285,992,357,38,73,1,-1,-1,-1
438,57286,882,397,45,64,1,-1,-1,-1
438,57287,1075,430,43,78,1,-1,-1,-1
438,57288,652,396,35,67,1,-1,-1,-1
438,57290,1136,488,35,85,1,-1,-1,-1
438,57291,669,378,43,66,1,-1,-1,-1
438,57292,1501,735,59,109,1,-1,-1,-1
438,57293,360,766,50,116,1,-1,-1,-1
438,57297,1512,510,37,90,1,-1,-1,-1
438,57298,759,526,51,97,1,-1,-1,-1
438,57299,1519,580,47,90,1,-1,-1,-1
438,57302,1041,700,60,104,1,-1,-1,-1
438,57304,675,577,57,102,1,-1,-1,-1
438,57308,1328,547,44,90,1,-1,-1,-1
438,57319,1380,446,40,78,1,-1,-1,-1
438,57352,234,458,49,87,1,-1,-1,-1
438,57356,1567,496,43,93,1,-1,-1,-1
438,57359,107,372,38,81,1,-1,-1,-1
438,57374,1674,573,42,110,1,-1,-1,-1
438,57381,1651,538,39,98,1,-1,-1,-1
438,57386,697,430,17,13,1,-1,-1,-1
439,57285,991,357,39,72,1,-1,-1,-1
439,57286,880,396,45,63,1,-1,-1,-1
439,57287,1068,430,42,78,1,-1,-1,-1
439,57288,656,396,35,66,1,-1,-1,-1
439,57290,1134,488,35,85,1,-1,-1,-1
439,57291,672,378,44,67,1,-1,-1,-1
439,57292,1503,736,60,109,1,-1,-1,-1
439,57293,353,766,50,116,1,-1,-1,-1
439,57297,1510,510,36,89,1,-1,-1,-1
439,57298,751,527,50,96,1,-1,-1,-1
439,57299,1519,581,48,90,1,-1,-1,-1
439,57302,1028,700,60,104,1,-1,-1,-1
439,57304,666,577,56,102,1,-1,-1,-1
439,57308,1324,546,44,89,1,-1,-1,-1
439,57319,1373,446,39,78,1,-1,-1,-1
439,57352,226,457,49,87,1,-1,-1,-1
439,57356,1562,490,43,94,1,-1,-1,-1
439,57359,104,373,39,81,1,-1,-1,-1
439,57374,1670,573,43,110,1,-1,-1,-1
439,57381,1648,537,37,98,1,-1,-1,-1
439,57386,700,430,17,13,1,-1,-1,-1
440,57285,991,357,39,72,1,-1,-1,-1
440,57286,878,395,46,63,1,-1,-1,-1
440,57287,1062,430,42,78,1,-1,-1,-1
440,57288,657,396,35,66,1,-1,-1,-1
440,57290,1131,488,36,85,1,-1,-1,-1
440,57291,674,379,44,66,1,-1,-1,-1
440,57292,1503,737,60,109,1,-1,-1,-1
440,57293,346,767,51,116,1,-1,-1,-1
440,57297,1507,510,36,89,1,-1,-1,-1
440,57298,743,527,50,96,1,-1,-1,-1
440,57299,1519,582,49,91,1,-1,-1,-1
440,57302,1015,700,60,104,1,-1,-1,-1
440,57304,658,577,56,103,1,-1,-1,-1
440,57308,1321,544,43,89,1,-1,-1,-1
440,57319,1365,446,39,78,1,-1,-1,-1
440,57352,219,457,49,87,1,-1,-1,-1
440,57356,1555,487,43,93,1,-1,-1,-1
440,57359,102,373,38,81,1,-1,-1,-1
440,57374,1665,573,43,110,1,-1,-1,-1
440,57381,1643,536,37,98,1,-1,-1,-1
440,57386,702,429,17,13,1,-1,-1,-1
441,57285,990,357,40,72,1,-1,-1,-1
441,57286,877,393,45,63,1,-1,-1,-1
441,57287,1056,430,42,78,1,-1,-1,-1
441,57288,658,395,35,65,1,-1,-1,-1
441,57290,1128,488,37,85,1,-1,-1,-1
441,57291,675,379,43,66,1,-1,-1,-1
441,57292,1503,737,60,110,1,-1,-1,-1
441,57293,340,767,51,116,1,-1,-1,-1
441,57297,1503,511,36,87,1,-1,-1,-1
441,57298,736,526,49,96,1,-1,-1,-1
441,57299,1519,584,49,91,1,-1,-1,-1
441,57302,1003,700,59,104,1,-1,-1,-1
441,57304,649,577,56,103,1,-1,-1,-1
441,57308,1318,542,43,89,1,-1,-1,-1
441,57319,1357,446,39,78,1,-1,-1,-1
441,57352,212,455,48,87,1,-1,-1,-1
441,57356,1547,486,43,93,1,-1,-1,-1
441,57359,98,373,39,81,1,-1,-1,-1
441,57374,1660,573,44,110,1,-1,-1,-1
441,57381,1637,534,36,98,1,-1,-1,-1
441,57386,703,429,17,13,1,-1,-1,-1
442,57285,990,357,39,72,1,-1,-1,-1
442,57286,876,392,45,63,1,-1,-1,-1
442,57287,1050,430,42,78,1,-1,-1,-1
442,57288,658,395,35,64,1,-1,-1,-1
442,57290,1125,488,37,85,1,-1,-1,-1
442,57291,675,379,43,65,1,-1,-1,-1
442,57292,1502,737,60,111,1,-1,-1,-1
442,57293,334,767,51,116,1,-1,-1,-1
442,57297,1500,512,36,86,1,-1,-1,-1
442,57298,728,526,50,95,1,-1,-1,-1
442,57299,1519,585,50,92,1,-1,-1,-1
442,57302,990,699,59,104,1,-1,-1,-1
442,57304,641,577,55,103,1,-1,-1,-1
442,57308,1315,541,42,88,1,-1,-1,-1
442,57319,1349,447,38,77,1,-1,-1,-1
442,57352,205,454,49,87,1,-1,-1,-1
442,57356,1539,485,43,92,1,-1,-1,-1
442,57359,95,373,39,81,1,-1,-1,-1
442,57374,1655,573,44,110,1,-1,-1,-1
442,57381,1631,533,36,97,1,-1,-1,-1
442,57386,705,428,17,13,1,-1,-1,-1
443,57285,989,357,40,72,1,-1,-1,-1
443,57286,873,389,45,63,1,-1,-1,-1
443,57287,1040,430,41,78,1,-1,-1,-1
443,57288,658,394,35,64,1,-1,-1,-1
443,57290,1119,488,38,85,1,-1,-1,-1
443,57291,675,380,42,64,1,-1,-1,-1
443,57292,1502,737,60,111,1,-1,-1,-1
443,57293,323,767,51,116,1,-1,-1,-1
443,57297,1494,513,36,84,1,-1,-1,-1
443,57298,715,525,50,95,1,-1,-1,-1
443,57299,1519,587,50,92,1,-1,-1,-1
443,57302,978,699,58,104,1,-1,-1,-1
443,57304,627,578,56,103,1,-1,-1,-1
443,57308,1310,538,42,87,1,-1,-1,-1
443,57319,1335,447,38,76,1,-1,-1,-1
443,57352,194,451,49,87,1,-1,-1,-1
443,57356,1527,484,43,91,1,-1,-1,-1
443,57359,90,373,39,81,1,-1,-1,-1
443,57374,1650,572,44,110,1,-1,-1,-1
443,57381,1625,531,36,97,1,-1,-1,-1
443,57386,709,428,17,13,1,-1,-1,-1
444,57285,989,357,40,72,1,-1,-1,-1
444,57286,873,388,44,63,1,-1,-1,-1
444,57287,1036,430,42,78,1,-1,-1,-1
444,57288,658,394,35,63,1,-1,-1,-1
444,57290,1117,488,39,85,1,-1,-1,-1
444,57291,675,380,41,63,1,-1,-1,-1
444,57292,1502,737,59,112,1,-1,-1,-1
444,57293,319,767,51,116,1,-1,-1,-1
444,57297,1492,513,35,83,1,-1,-1,-1
444,57298,710,524,51,96,1,-1,-1,-1
444,57299,1519,588,51,92,1,-1,-1,-1
444,57302,965,699,58,103,1,-1,-1,-1
444,57304,621,578,57,103,1,-1,-1,-1
444,57308,1308,537,42,87,1,-1,-1,-1
444,57319,1330,448,39,75,1,-1,-1,-1
444,57352,190,450,50,88,1,-1,-1,-1
444,57356,1521,483,42,91,1,-1,-1,-1
444,57359,88,373,39,81,1,-1,-1,-1
444,57374,1645,572,44,110,1,-1,-1,-1
444,57381,1619,530,35,97,1,-1,-1,-1
444,57386,710,427,17,13,1,-1,-1,-1
445,57285,987,357,40,72,1,-1,-1,-1
445,57286,870,387,44,63,1,-1,-1,-1
445,57287,1029,430,42,78,1,-1,-1,-1
445,57288,658,393,34,63,1,-1,-1,-1
445,57290,1114,488,39,85,1,-1,-1,-1
445,57291,671,380,41,64,1,-1,-1,-1
445,57292,1501,737,59,112,1,-1,-1,-1
445,57293,312,767,51,116,1,-1,-1,-1
445,57297,1488,514,35,82,1,-1,-1,-1
445,57298,700,524,51,95,1,-1,-1,-1
445,57299,1519,589,51,93,1,-1,-1,-1
445,57302,952,699,59,103,1,-1,-1,-1
445,57304,611,578,57,103,1,-1,-1,-1
445,57308,1303,535,42,87,1,-1,-1,-1
445,57319,1321,448,38,74,1,-1,-1,-1
445,57352,181,450,51,87,1,-1,-1,-1
445,57356,1513,481,42,90,1,-1,-1,-1
445,57359,84,373,39,81,1,-1,-1,-1
445,57374,1639,572,45,110,1,-1,-1,-1
445,57381,1613,528,35,97,1,-1,-1,-1
446,57285,984,357,40,72,1,-1,-1,-1
446,57286,866,386,43,63,1,-1,-1,-1
446,57287,1021,430,42,78,1,-1,-1,-1
446,57288,658,393,33,62,1,-1,-1,-1
446,57290,1109,488,40,85,1,-1,-1,-1
446,57291,666,380,41,64,1,-1,-1,-1
446,57292,1500,737,59,112,1,-1,-1,-1
446,57293,305,768,51,116,1,-1,-1,-1
446,57297,1482,515,35,81,1,-1,-1,-1
446,57298,688,523,51,95,1,-1,-1,-1
446,57299,1518,591,52,93,1,-1,-1,-1
446,57302,940,699,58,103,1,-1,-1,-1
446,57304,598,577,58,103,1,-1,-1,-1
446,57308,1298,533,41,86,1,-1,-1,-1
446,57319,1310,448,38,73,1,-1,-1,-1
446,57352,171,450,50,87,1,-1,-1,-1
446,57356,1504,478,41,90,1,-1,-1,-1
446,57359,78,373,39,81,1,-1,-1,-1
446,57374,1634,571,44,110,1,-1,-1,-1
446,57381,1607,527,35,97,1,-1,-1,-1
447,57285,981,357,40,71,1,-1,-1,-1
447,57286,862,386,43,63,1,-1,-1,-1
447,57287,1014,430,41,78,1,-1,-1,-1
447,57288,659,393,32,61,1,-1,-1,-1
447,57290,1105,488,40,85,1,-1,-1,-1
447,57291,660,380,41,64,1,-1,-1,-1
447,57292,1501,737,58,113,1,-1,-1,-1
447,57293,297,769,51,116,1,-1,-1,-1
447,57297,1475,517,35,79,1,-1,-1,-1
447,57298,675,522,51,95,1,-1,-1,-1
447,57299,1518,592,53,93,1,-1,-1,-1
447,57302,926,698,59,103,1,-1,-1,-1
447,57304,585,576,57,103,1,-1,-1,-1
447,57308,1292,530,40,86,1,-1,-1,-1
447,57319,1298,447,38,72,1,-1,-1,-1
447,57352,160,450,50,87,1,-1,-1,-1
447,57356,1491,474,41,90,1,-1,-1,-1
447,57359,72,373,38,81,1,-1,-1,-1
447,57374,1628,571,45,110,1,-1,-1,-1
447,57381,1601,526,34,96,1,-1,-1,-1
448,57285,977,357,40,71,1,-1,-1,-1
448,57286,857,385,41,63,1,-1,-1,-1
448,57287,1003,431,42,78,1,-1,-1,-1
448,57288,658,392,32,61,1,-1,-1,-1
448,57290,1101,488,40,85,1,-1,-1,-1
448,57291,655,380,41,65,1,-1,-1,-1
448,57292,1500,737,57,113,1,-1,-1,-1
448,57293,289,770,51,116,1,-1,-1,-1
448,57297,1472,515,35,79,1,-1,-1,-1
448,57298,657,521,51,95,1,-1,-1,-1
448,57299,1518,593,53,94,1,-1,-1,-1
448,57302,909,698,59,103,1,-1,-1,-1
448,57304,571,576,58,103,1,-1,-1,-1
448,57308,1284,527,40,85,1,-1,-1,-1
448,57319,1282,447,37,71,1,-1,-1,-1
448,57352,150,450,49,87,1,-1,-1,-1
448,57356,1482,472,41,89,1,-1,-1,-1
448,57359,65,373,39,81,1,-1,-1,-1
448,57374,1622,571,45,110,1,-1,-1,-1
448,57381,1592,524,35,96,1,-1,-1,-1
449,57285,975,357,40,71,1,-1,-1,-1
449,57286,853,384,41,63,1,-1,-1,-1
449,57287,996,431,41,78,1,-1,-1,-1
449,57288,659,392,31,60,1,-1,-1,-1
449,57290,1096,488,41,86,1,-1,-1,-1
449,57291,649,379,41,66,1,-1,-1,-1
449,57292,1500,737,56,114,1,-1,-1,-1
449,57293,280,771,51,116,1,-1,-1,-1
449,57297,1467,510,38,84,1,-1,-1,-1
449,57298,647,520,51,95,1,-1,-1,-1
449,57299,1518,595,54,94,1,-1,-1,-1
449,57302,899,698,59,103,1,-1,-1,-1
449,57304,557,575,57,103,1,-1,-1,-1
449,57308,1280,526,39,85,1,-1,-1,-1
449,57319,1273,447,38,70,1,-1,-1,-1
449,57352,139,450,48,87,1,-1,-1,-1
449,57356,1475,470,40,88,1,-1,-1,-1
449,57359,55,373,39,81,1,-1,-1,-1
449,57374,1618,570,45,110,1,-1,-1,-1
449,57381,1587,522,35,96,1,-1,-1,-1
450,57285,973,356,39,72,1,-1,-1,-1
450,57286,849,383,40,63,1,-1,-1,-1
450,57287,988,431,41,78,1,-1,-1,-1
450,57288,659,392,30,59,1,-1,-1,-1
450,57290,1090,488,40,86,1,-1,-1,-1
450,57291,640,378,40,67,1,-1,-1,-1
450,57292,1500,737,55,114,1,-1,-1,-1
450,57293,267,774,50,116,1,-1,-1,-1
450,57297,1463,508,39,86,1,-1,-1,-1
450,57298,633,520,51,95,1,-1,-1,-1
450,57299,1518,597,54,95,1,-1,-1,-1
450,57302,881,698,60,102,1,-1,-1,-1
450,57304,534,573,58,104,1,-1,-1,-1
450,57308,1271,525,39,84,1,-1,-1,-1
450,57319,1258,446,38,70,1,-1,-1,-1
450,57352,121,450,47,87,1,-1,-1,-1
450,57356,1466,468,36,79,1,-1,-1,-1
450,57359,51,374,38,81,1,-1,-1,-1
450,57374,1611,570,46,110,1,-1,-1,-1
450,57381,1584,521,36,96,1,-1,-1,-1
450,57392,1905,700,13,104,1,-1,-1,-1
451,57285,973,356,38,72,1,-1,-1,-1
451,57286,844,382,40,63,1,-1,-1,-1
451,57287,980,431,41,78,1,-1,-1,-1
451,57288,659,391,30,59,1,-1,-1,-1
451,57290,1087,489,40,86,1,-1,-1,-1
451,57291,636,378,40,67,1,-1,-1,-1
451,57292,1499,737,55,115,1,-1,-1,-1
451,57293,261,774,51,116,1,-1,-1,-1
451,57297,1461,508,40,86,1,-1,-1,-1
451,57298,628,519,50,95,1,-1,-1,-1
451,57299,1518,598,55,95,1,-1,-1,-1
451,57302,873,697,61,103,1,-1,-1,-1
451,57304,526,573,57,104,1,-1,-1,-1
451,57308,1268,525,38,84,1,-1,-1,-1
451,57319,1253,446,37,69,1,-1,-1,-1
451,57352,115,450,45,87,1,-1,-1,-1
451,57356,1463,467,35,76,1,-1,-1,-1
451,57359,43,374,39,81,1,-1,-1,-1
451,57374,1605,570,47,110,1,-1,-1,-1
451,57381,1577,520,36,95,1,-1,-1,-1
451,57392,1901,694,14,108,1,-1,-1,-1
452,57285,970,356,36,71,1,-1,-1,-1
452,57286,840,381,39,63,1,-1,-1,-1
452,57287,972,431,41,78,1,-1,-1,-1
452,57288,655,391,30,59,1,-1,-1,-1
452,57290,1081,489,40,86,1,-1,-1,-1
452,57291,628,377,40,68,1,-1,-1,-1
452,57292,1498,737,54,115,1,-1,-1,-1
452,57293,252,775,50,116,1,-1,-1,-1
452,57297,1454,507,41,87,1,-1,-1,-1
452,57298,617,519,49,95,1,-1,-1,-1
452,57299,1518,598,54,95,1,-1,-1,-1
452,57302,857,697,62,102,1,-1,-1,-1
452,57304,512,573,56,103,1,-1,-1,-1
452,57308,1261,524,38,84,1,-1,-1,-1
452,57319,1244,445,37,69,1,-1,-1,-1
452,57352,104,450,44,86,1,-1,-1,-1
452,57356,1455,465,36,74,1,-1,-1,-1
452,57359,34,374,39,81,1,-1,-1,-1
452,57374,1599,570,48,110,1,-1,-1,-1
452,57381,1568,519,36,95,1,-1,-1,-1
452,57392,1896,687,15,113,1,-1,-1,-1
453,57285,965,356,36,71,1,-1,-1,-1
453,57286,834,380,37,63,1,-1,-1,-1
453,57287,960,430,42,78,1,-1,-1,-1
453,57288,651,390,29,60,1,-1,-1,-1
453,57290,1074,489,40,86,1,-1,-1,-1
453,57291,619,377,39,69,1,-1,-1,-1
453,57292,1495,737,54,114,1,-1,-1,-1
453,57293,240,776,51,116,1,-1,-1,-1
453,57297,1442,506,42,87,1,-1,-1,-1
453,57298,604,518,48,95,1,-1,-1,-1
453,57299,1517,598,54,95,1,-1,-1,-1
453,57302,831,697,62,103,1,-1,-1,-1
453,57304,495,573,56,103,1,-1,-1,-1
453,57308,1248,522,38,84,1,-1,-1,-1
453,57319,1233,444,37,69,1,-1,-1,-1
453,57352,87,450,43,85,1,-1,-1,-1
453,57356,1442,461,36,75,1,-1,-1,-1
453,57359,25,375,39,81,1,-1,-1,-1
453,57374,1589,570,49,110,1,-1,-1,-1
453,57381,1555,517,37,95,1,-1,-1,-1
454,57285,959,356,36,71,1,-1,-1,-1
454,57286,825,380,36,63,1,-1,-1,-1
454,57287,949,430,42,78,1,-1,-1,-1
454,57288,646,390,29,60,1,-1,-1,-1
454,57290,1066,489,40,86,1,-1,-1,-1
454,57291,609,377,39,69,1,-1,-1,-1
454,57292,1491,737,55,114,1,-1,-1,-1
454,57293,228,776,51,118,1,-1,-1,-1
454,57297,1436,505,43,87,1,-1,-1,-1
454,57298,589,518,48,95,1,-1,-1,-1
454,57299,1515,599,54,95,1,-1,-1,-1
454,57302,815,697,62,103,1,-1,-1,-1
454,57304,478,574,56,103,1,-1,-1,-1
454,57308,1241,521,38,84,1,-1,-1,-1
454,57319,1222,442,37,69,1,-1,-1,-1
454,57352,73,451,44,83,1,-1,-1,-1
454,57356,1433,459,37,75,1,-1,-1,-1
454,57359,15,375,39,81,1,-1,-1,-1
454,57374,1584,569,50,110,1,-1,-1,-1
454,57381,1547,515,38,95,1,-1,-1,-1
454,57397,1870,676,46,122,1,-1,-1,-1
455,57285,951,357,36,70,1,-1,-1,-1
455,57286,819,380,35,63,1,-1,-1,-1
455,57287,941,430,42,78,1,-1,-1,-1
455,57288,640,389,29,61,1,-1,-1,-1
455,57290,1058,489,40,85,1,-1,-1,-1
455,57291,599,377,38,67,1,-1,-1,-1
455,57292,1486,737,55,113,1,-1,-1,-1
455,57293,212,777,50,119,1,-1,-1,-1
455,57297,1427,504,44,87,1,-1,-1,-1
455,57298,575,518,48,95,1,-1,-1,-1
455,57299,1511,599,54,95,1,-1,-1,-1
455,57302,787,697,62,103,1,-1,-1,-1
455,57304,455,575,55,103,1,-1,-1,-1
455,57308,1233,520,38,83,1,-1,-1,-1
455,57319,1210,441,37,69,1,-1,-1,-1
455,57352,52,452,44,82,1,-1,-1,-1
455,57356,1418,457,39,75,1,-1,-1,-1
455,57359,3,376,39,81,1,-1,-1,-1
455,57374,1578,569,49,108,1,-1,-1,-1
455,57381,1539,514,39,95,1,-1,-1,-1
455,57397,1864,675,46,122,1,-1,-1,-1
456,57285,942,358,37,71,1,-1,-1,-1
456,57286,810,379,35,63,1,-1,-1,-1
456,57287,931,431,43,78,1,-1,-1,-1
456,57288,634,389,30,61,1,-1,-1,-1
456,57290,1050,489,40,85,1,-1,-1,-1
456,57291,589,377,37,67,1,-1,-1,-1
456,57292,1480,737,55,112,1,-1,-1,-1
456,57293,203,778,50,119,1,-1,-1,-1
456,57297,1418,503,44,87,1,-1,-1,-1
456,57298,560,518,48,95,1,-1,-1,-1
456,57299,1506,599,54,95,1,-1,-1,-1
456,57302,769,697,61,103,1,-1,-1,-1
456,57304,443,575,53,103,1,-1,-1,-1
456,57308,1225,518,38,84,1,-1,-1,-1
456,57319,1198,440,37,68,1,-1,-1,-1
456,57352,32,452,45,81,1,-1,-1,-1
456,57356,1401,455,40,76,1,-1,-1,-1
456,57359,-6,376,37,81,1,-1,-1,-1
456,57374,1572,569,47,104,1,-1,-1,-1
456,57381,1532,513,38,94,1,-1,-1,-1
456,57397,1852,674,46,122,1,-1,-1,-1
457,57285,935,358,36,71,1,-1,-1,-1
457,57286,804,379,34,63,1,-1,-1,-1
457,57287,923,431,42,78,1,-1,-1,-1
457,57288,629,388,29,62,1,-1,-1,-1
457,57290,1042,489,40,85,1,-1,-1,-1
457,57291,579,376,37,68,1,-1,-1,-1
457,57292,1473,737,55,112,1,-1,-1,-1
457,57293,193,778,50,120,1,-1,-1,-1
457,57297,1412,502,44,87,1,-1,-1,-1
457,57298,546,517,47,95,1,-1,-1,-1
457,57299,1502,600,55,95,1,-1,-1,-1
457,57302,760,697,60,103,1,-1,-1,-1
457,57304,428,575,53,103,1,-1,-1,-1
457,57308,1216,517,38,84,1,-1,-1,-1
457,57319,1188,439,37,68,1,-1,-1,-1
457,57352,18,452,46,83,1,-1,-1,-1
457,57356,1388,453,40,76,1,-1,-1,-1
457,57359,-9,376,35,81,1,-1,-1,-1
457,57374,1565,569,47,103,1,-1,-1,-1
457,57381,1524,511,38,94,1,-1,-1,-1
457,57397,1841,674,46,122,1,-1,-1,-1
457,57400,971,454,17,13,1,-1,-1,-1
458,57285,927,359,36,70,1,-1,-1,-1
458,57286,796,379,34,63,1,-1,-1,-1
458,57287,910,429,43,78,1,-1,-1,-1
458,57288,623,388,30,63,1,-1,-1,-1
458,57290,1034,489,40,84,1,-1,-1,-1
458,57291,569,376,36,67,1,-1,-1,-1
458,57292,1467,737,54,111,1,-1,-1,-1
458,57293,183,780,50,120,1,-1,-1,-1
458,57297,1406,502,44,87,1,-1,-1,-1
458,57298,531,517,47,95,1,-1,-1,-1
458,57299,1499,601,55,95,1,-1,-1,-1
458,57302,746,697,59,103,1,-1,-1,-1
458,57304,412,576,54,102,1,-1,-1,-1
458,57308,1207,515,39,84,1,-1,-1,-1
458,57319,1179,438,36,68,1,-1,-1,-1
458,57352,5,452,48,83,1,-1,-1,-1
458,57356,1374,451,41,76,1,-1,-1,-1
458,57374,1556,569,47,102,1,-1,-1,-1
458,57381,1515,510,39,94,1,-1,-1,-1
458,57397,1831,671,46,122,1,-1,-1,-1
459,57285,920,359,36,71,1,-1,-1,-1
459,57286,789,379,34,63,1,-1,-1,-1
459,57287,903,429,43,78,1,-1,-1,-1
459,57288,618,388,30,62,1,-1,-1,-1
459,57290,1026,489,40,84,1,-1,-1,-1
459,57291,558,376,36,67,1,-1,-1,-1
459,57292,1461,737,53,111,1,-1,-1,-1
459,57293,173,781,50,121,1,-1,-1,-1
459,57297,1400,501,45,87,1,-1,-1,-1
459,57298,516,517,47,95,1,-1,-1,-1
459,57299,1498,601,55,95,1,-1,-1,-1
459,57302,730,697,58,104,1,-1,-1,-1
459,57304,397,576,53,102,1,-1,-1,-1
459,57308,1199,514,38,84,1,-1,-1,-1
459,57319,1169,436,36,68,1,-1,-1,-1
459,57352,-2,455,45,78,1,-1,-1,-1
459,57356,1361,449,41,76,1,-1,-1,-1
459,57374,1552,568,47,102,1,-1,-1,-1
459,57381,1507,509,39,94,1,-1,-1,-1
459,57397,1826,669,46,122,1,-1,-1,-1
460,57285,913,359,36,70,1,-1,-1,-1
460,57286,784,379,35,63,1,-1,-1,-1
460,57287,896,428,44,78,1,-1,-1,-1
460,57288,612,387,31,64,1,-1,-1,-1
460,57290,1018,489,40,84,1,-1,-1,-1
460,57291,548,376,36,67,1,-1,-1,-1
460,57292,1455,737,53,110,1,-1,-1,-1
460,57293,162,782,50,122,1,-1,-1,-1
460,57297,1395,500,44,87,1,-1,-1,-1
460,57298,502,517,46,95,1,-1,-1,-1
460,57299,1496,602,55,95,1,-1,-1,-1
460,57302,712,697,58,104,1,-1,-1,-1
460,57304,381,577,54,102,1,-1,-1,-1
460,57308,1190,512,38,84,1,-1,-1,-1
460,57319,1159,435,37,68,1,-1,-1,-1
460,57352,-4,458,44,76,1,-1,-1,-1
460,57356,1348,447,41,76,1,-1,-1,-1
460,57374,1546,568,47,102,1,-1,-1,-1
460,57381,1499,507,39,94,1,-1,-1,-1
460,57397,1818,665,46,122,1,-1,-1,-1
460,57402,1007,454,17,13,1,-1,-1,-1
461,57285,905,359,36,70,1,-1,-1,-1
461,57286,776,379,36,63,1,-1,-1,-1
461,57287,889,428,43,78,1,-1,-1,-1
461,57288,606,387,31,64,1,-1,-1,-1
461,57290,1010,489,40,84,1,-1,-1,-1
461,57291,538,375,35,67,1,-1,-1,-1
461,57292,1449,737,52,109,1,-1,-1,-1
461,57293,152,783,50,122,1,-1,-1,-1
461,57297,1389,499,44,87,1,-1,-1,-1
461,57298,487,517,46,95,1,-1,-1,-1
461,57299,1494,602,55,95,1,-1,-1,-1
461,57302,695,697,56,104,1,-1,-1,-1
461,57304,365,577,54,102,1,-1,-1,-1
461,57308,1181,511,38,84,1,-1,-1,-1
461,57319,1150,434,35,67,1,-1,-1,-1
461,57352,-8,458,42,75,1,-1,-1,-1
461,57356,1334,445,42,77,1,-1,-1,-1
461,57374,1539,568,47,101,1,-1,-1,-1
461,57381,1492,506,39,94,1,-1,-1,-1
461,57397,1809,662,46,122,1,-1,-1,-1
462,57285,898,359,35,70,1,-1,-1,-1
462,57286,764,379,38,63,1,-1,-1,-1
462,57287,879,427,44,78,1,-1,-1,-1
462,57288,600,386,32,65,1,-1,-1,-1
462,57290,1002,489,40,84,1,-1,-1,-1
462,57291,528,375,35,67,1,-1,-1,-1
462,57292,1442,737,52,109,1,-1,-1,-1
462,57293,142,784,49,123,1,-1,-1,-1
462,57297,1383,498,44,87,1,-1,-1,-1
462,57298,473,516,45,95,1,-1,-1,-1
462,57299,1492,602,55,95,1,-1,-1,-1
462,57302,678,697,55,104,1,-1,-1,-1
462,57304,349,578,55,101,1,-1,-1,-1
462,57308,1172,510,38,83,1,-1,-1,-1
462,57319,1139,433,36,67,1,-1,-1,-1
462,57356,1321,443,42,77,1,-1,-1,-1
462,57374,1530,567,47,102,1,-1,-1,-1
462,57381,1484,504,39,94,1,-1,-1,-1
462,57397,1797,658,47,122,1,-1,-1,-1
463,57285,889,359,35,70,1,-1,-1,-1
463,57286,758,379,39,63,1,-1,-1,-1
463,57287,870,427,44,78,1,-1,-1,-1
463,57288,593,386,33,65,1,-1,-1,-1
463,57290,992,489,40,83,1,-1,-1,-1
463,57291,514,374,35,68,1,-1,-1,-1
463,57292,1434,737,51,108,1,-1,-1,-1
463,57293,129,785,49,124,1,-1,-1,-1
463,57297,1376,497,43,87,1,-1,-1,-1
463,57298,454,516,45,95,1,-1,-1,-1
463,57299,1490,602,54,95,1,-1,-1,-1
463,57302,655,697,54,104,1,-1,-1,-1
463,57304,328,578,57,101,1,-1,-1,-1
463,57308,1161,508,38,83,1,-1,-1,-1
463,57319,1127,431,35,67,1,-1,-1,-1
463,57356,1304,441,42,77,1,-1,-1,-1
463,57374,1525,567,47,102,1,-1,-1,-1
463,57381,1474,503,38,93,1,-1,-1,-1
463,57397,1791,655,46,122,1,-1,-1,-1
464,57285,884,359,34,69,1,-1,-1,-1
464,57286,753,379,41,63,1,-1,-1,-1
464,57287,865,427,44,78,1,-1,-1,-1
464,57288,588,385,33,66,1,-1,-1,-1
464,57290,987,489,40,83,1,-1,-1,-1
464,57291,507,374,35,67,1,-1,-1,-1
464,57292,1429,737,50,107,1,-1,-1,-1
464,57293,121,786,49,125,1,-1,-1,-1
464,57297,1372,496,42,87,1,-1,-1,-1
464,57298,442,516,46,95,1,-1,-1,-1
464,57299,1488,602,54,95,1,-1,-1,-1
464,57302,642,697,53,105,1,-1,-1,-1
464,57304,315,579,58,101,1,-1,-1,-1
464,57308,1155,506,39,83,1,-1,-1,-1
464,57319,1120,430,35,66,1,-1,-1,-1
464,57356,1294,440,42,77,1,-1,-1,-1
464,57374,1521,567,48,102,1,-1,-1,-1
464,57381,1468,502,38,93,1,-1,-1,-1
464,57397,1784,654,47,122,1,-1,-1,-1
464,57405,1059,458,17,13,1,-1,-1,-1
465,57285,878,359,34,70,1,-1,-1,-1
465,57286,747,379,41,63,1,-1,-1,-1
465,57287,859,427,44,78,1,-1,-1,-1
465,57288,582,385,34,66,1,-1,-1,-1
465,57290,981,489,40,83,1,-1,-1,-1
465,57291,499,375,35,67,1,-1,-1,-1
465,57292,1424,736,50,108,1,-1,-1,-1
465,57293,113,787,49,125,1,-1,-1,-1
465,57297,1367,495,42,87,1,-1,-1,-1
465,57298,429,516,46,95,1,-1,-1,-1
465,57299,1487,602,54,95,1,-1,-1,-1
465,57302,628,697,52,104,1,-1,-1,-1
465,57304,300,578,59,101,1,-1,-1,-1
465,57308,1150,505,38,83,1,-1,-1,-1
465,57319,1113,429,34,66,1,-1,-1,-1
465,57356,1282,438,42,77,1,-1,-1,-1
465,57374,1515,567,47,102,1,-1,-1,-1
465,57381,1461,501,39,93,1,-1,-1,-1
465,57397,1774,652,46,122,1,-1,-1,-1
466,57285,871,360,35,69,1,-1,-1,-1
466,57286,744,379,43,63,1,-1,-1,-1
466,57287,856,427,44,78,1,-1,-1,-1
466,57288,575,384,34,67,1,-1,-1,-1
466,57290,975,489,41,83,1,-1,-1,-1
466,57291,491,376,34,67,1,-1,-1,-1
466,57292,1420,735,49,108,1,-1,-1,-1
466,57293,104,788,49,125,1,-1,-1,-1
466,57297,1362,495,42,86,1,-1,-1,-1
466,57298,416,516,45,95,1,-1,-1,-1
466,57299,1485,602,54,95,1,-1,-1,-1
466,57302,611,697,53,104,1,-1,-1,-1
466,57304,285,578,60,101,1,-1,-1,-1
466,57308,1144,504,39,83,1,-1,-1,-1
466,57319,1106,428,35,67,1,-1,-1,-1
466,57356,1271,437,42,77,1,-1,-1,-1
466,57374,1513,567,48,102,1,-1,-1,-1
466,57381,1455,500,39,93,1,-1,-1,-1
466,57397,1770,651,46,122,1,-1,-1,-1
466,57406,1080,464,17,13,1,-1,-1,-1
467,57285,863,361,34,69,1,-1,-1,-1
467,57286,742,379,43,63,1,-1,-1,-1
467,57287,845,428,44,78,1,-1,-1,-1
467,57288,566,383,35,68,1,-1,-1,-1
467,57290,970,489,41,83,1,-1,-1,-1
467,57291,482,376,35,67,1,-1,-1,-1
467,57292,1415,734,49,108,1,-1,-1,-1
467,57293,95,789,49,124,1,-1,-1,-1
467,57297,1357,495,42,86,1,-1,-1,-1
467,57298,397,515,46,95,1,-1,-1,-1
467,57299,1484,603,53,95,1,-1,-1,-1
467,57302,590,696,53,105,1,-1,-1,-1
467,57304,269,577,61,102,1,-1,-1,-1
467,57308,1140,502,38,83,1,-1,-1,-1
467,57319,1098,426,36,69,1,-1,-1,-1
467,57356,1258,436,42,76,1,-1,-1,-1
467,57374,1508,567,48,102,1,-1,-1,-1
467,57381,1448,500,40,93,1,-1,-1,-1
467,57397,1757,649,47,122,1,-1,-1,-1
468,57285,859,361,35,69,1,-1,-1,-1
468,57286,740,379,43,63,1,-1,-1,-1
468,57287,840,428,44,78,1,-1,-1,-1
468,57288,559,383,36,68,1,-1,-1,-1
468,57290,964,489,41,82,1,-1,-1,-1
468,57291,473,377,35,67,1,-1,-1,-1
468,57292,1410,733,48,108,1,-1,-1,-1
468,57293,87,790,48,124,1,-1,-1,-1
468,57297,1351,495,43,85,1,-1,-1,-1
468,57298,387,515,45,95,1,-1,-1,-1
468,57299,1482,603,53,95,1,-1,-1,-1
468,57302,578,696,53,105,1,-1,-1,-1
468,57304,253,576,61,102,1,-1,-1,-1
468,57308,1135,501,38,82,1,-1,-1,-1
468,57319,1091,425,36,69,1,-1,-1,-1
468,57356,1246,434,42,76,1,-1,-1,-1
468,57374,1503,565,48,102,1,-1,-1,-1
468,57381,1441,499,41,93,1,-1,-1,-1
468,57397,1750,648,47,122,1,-1,-1,-1
468,57407,1099,475,17,13,1,-1,-1,-1
468,57408,1893,828,24,125,1,-1,-1,-1
469,57285,855,362,35,69,1,-1,-1,-1
469,57286,736,379,43,63,1,-1,-1,-1
469,57287,837,428,44,78,1,-1,-1,-1
469,57288,553,384,36,69,1,-1,-1,-1
469,57290,958,489,41,82,1,-1,-1,-1
469,57291,464,377,36,67,1,-1,-1,-1
469,57292,1404,732,48,108,1,-1,-1,-1
469,57293,78,791,48,124,1,-1,-1,-1
469,57297,1345,495,44,85,1,-1,-1,-1
469,57298,375,515,45,95,1,-1,-1,-1
469,57299,1480,603,53,95,1,-1,-1,-1
469,57302,563,696,54,105,1,-1,-1,-1
469,57304,238,576,61,102,1,-1,-1,-1
469,57308,1130,499,38,82,1,-1,-1,-1
469,57319,1083,424,37,69,1,-1,-1,-1
469,57356,1234,433,43,76,1,-1,-1,-1
469,57374,1497,564,48,102,1,-1,-1,-1
469,57381,1434,498,42,93,1,-1,-1,-1
469,57397,1742,646,47,122,1,-1,-1,-1
469,57408,1890,825,25,128,1,-1,-1,-1
470,57285,851,363,37,68,1,-1,-1,-1
470,57286,731,379,44,63,1,-1,-1,-1
470,57287,834,428,45,78,1,-1,-1,-1
470,57288,546,384,36,69,1,-1,-1,-1
470,57290,953,489,41,82,1,-1,-1,-1
470,57291,456,378,35,67,1,-1,-1,-1
470,57292,1399,731,48,108,1,-1,-1,-1
470,57293,69,793,49,123,1,-1,-1,-1
470,57297,1339,495,45,85,1,-1,-1,-1
470,57298,363,515,45,95,1,-1,-1,-1
470,57299,1478,604,52,95,1,-1,-1,-1
470,57302,549,695,55,106,1,-1,-1,-1
470,57304,222,575,63,102,1,-1,-1,-1
470,57308,1125,498,38,81,1,-1,-1,-1
470,57319,1076,423,36,69,1,-1,-1,-1
470,57356,1223,432,42,76,1,-1,-1,-1
470,57374,1490,563,49,102,1,-1,-1,-1
470,57381,1427,498,43,92,1,-1,-1,-1
470,57397,1735,645,46,122,1,-1,-1,-1
470,57408,1887,820,26,132,1,-1,-1,-1
470,57406,1084,465,17,13,1,-1,-1,-1
471,57285,847,363,38,68,1,-1,-1,-1
471,57286,725,379,44,63,1,-1,-1,-1
471,57287,831,428,45,78,1,-1,-1,-1
471,57288,540,385,36,70,1,-1,-1,-1
471,57290,947,489,42,82,1,-1,-1,-1
471,57291,448,379,36,67,1,-1,-1,-1
471,57292,1394,730,47,108,1,-1,-1,-1
471,57293,60,794,49,123,1,-1,-1,-1
471,57297,1331,495,46,85,1,-1,-1,-1
471,57298,351,514,44,95,1,-1,-1,-1
471,57299,1476,604,52,95,1,-1,-1,-1
471,57302,535,695,55,105,1,-1,-1,-1
471,57304,203,574,63,103,1,-1,-1,-1
471,57308,1120,496,38,81,1,-1,-1,-1
471,57319,1068,421,37,71,1,-1,-1,-1
471,57356,1208,431,42,75,1,-1,-1,-1
471,57374,1482,561,50,102,1,-1,-1,-1
471,57381,1417,497,45,92,1,-1,-1,-1
471,57397,1724,642,47,122,1,-1,-1,-1
471,57408,1883,815,27,137,1,-1,-1,-1
472,57285,843,364,38,68,1,-1,-1,-1
472,57286,722,379,44,63,1,-1,-1,-1
472,57287,828,428,45,78,1,-1,-1,-1
472,57288,533,386,36,70,1,-1,-1,-1
472,57290,942,489,41,82,1,-1,-1,-1
472,57291,439,379,37,67,1,-1,-1,-1
472,57292,1389,729,47,108,1,-1,-1,-1
472,57293,51,795,50,123,1,-1,-1,-1
472,57297,1327,495,47,84,1,-1,-1,-1
472,57298,339,514,44,95,1,-1,-1,-1
472,57299,1474,604,52,95,1,-1,-1,-1
472,57302,521,695,55,105,1,-1,-1,-1
472,57304,189,574,63,103,1,-1,-1,-1
472,57308,1115,495,37,81,1,-1,-1,-1
472,57319,1061,420,37,71,1,-1,-1,-1
472,57356,1198,429,42,76,1,-1,-1,-1
472,57374,1479,560,50,102,1,-1,-1,-1
472,57381,1412,497,46,92,1,-1,-1,-1
472,57397,1718,641,46,122,1,-1,-1,-1
472,57408,1878,813,29,139,1,-1,-1,-1
472,57410,1072,459,17,13,1,-1,-1,-1
473,57285,839,365,40,67,1,-1,-1,-1
473,57286,719,379,45,63,1,-1,-1,-1
473,57287,823,428,45,78,1,-1,-1,-1
473,57288,526,387,37,71,1,-1,-1,-1
473,57290,936,489,42,82,1,-1,-1,-1
473,57291,431,380,36,67,1,-1,-1,-1
473,57292,1384,728,47,108,1,-1,-1,-1
473,57293,42,797,50,122,1,-1,-1,-1
473,57297,1324,495,48,84,1,-1,-1,-1
473,57298,326,514,45,95,1,-1,-1,-1
473,57299,1472,604,52,95,1,-1,-1,-1
473,57302,505,695,56,105,1,-1,-1,-1
473,57304,173,576,63,103,1,-1,-1,-1
473,57308,1111,493,37,81,1,-1,-1,-1
473,57319,1053,419,39,72,1,-1,-1,-1
473,57356,1186,428,43,75,1,-1,-1,-1
473,57374,1476,560,51,102,1,-1,-1,-1
473,57381,1408,496,47,92,1,-1,-1,-1
473,57397,1710,640,47,122,1,-1,-1,-1
473,57408,1872,811,30,139,1,-1,-1,-1
473,57405,1064,458,17,13,1,-1,-1,-1
474,57285,835,365,41,67,1,-1,-1,-1
474,57286,715,379,45,63,1,-1,-1,-1
474,57287,818,428,44,78,1,-1,-1,-1
474,57288,519,387,37,71,1,-1,-1,-1
474,57290,930,489,42,81,1,-1,-1,-1
474,57291,422,381,36,66,1,-1,-1,-1
474,57292,1379,727,46,108,1,-1,-1,-1
474,57293,33,798,51,121,1,-1,-1,-1
474,57297,1321,495,48,84,1,-1,-1,-1
474,57298,313,514,45,95,1,-1,-1,-1
474,57299,1470,605,52,95,1,-1,-1,-1
474,57302,491,694,56,106,1,-1,-1,-1
474,57304,156,577,64,103,1,-1,-1,-1
474,57308,1106,492,37,81,1,-1,-1,-1
474,57319,1046,418,38,72,1,-1,-1,-1
474,57356,1175,427,42,75,1,-1,-1,-1
474,57374,1475,559,50,102,1,-1,-1,-1
474,57381,1403,496,48,91,1,-1,-1,-1
474,57397,1702,639,47,122,1,-1,-1,-1
474,57408,1865,809,33,139,1,-1,-1,-1
474,57405,1060,457,17,13,1,-1,-1,-1
475,57285,829,366,42,67,1,-1,-1,-1
475,57286,712,379,45,63,1,-1,-1,-1
475,57287,812,428,44,78,1,-1,-1,-1
475,57288,512,388,37,72,1,-1,-1,-1
475,57290,921,489,42,81,1,-1,-1,-1
475,57291,408,381,37,66,1,-1,-1,-1
475,57292,1370,725,46,108,1,-1,-1,-1
475,57293,22,799,52,121,1,-1,-1,-1
475,57297,1316,495,49,83,1,-1,-1,-1
475,57298,299,514,44,95,1,-1,-1,-1
475,57299,1467,605,52,95,1,-1,-1,-1
475,57302,475,694,55,106,1,-1,-1,-1
475,57304,137,579,64,103,1,-1,-1,-1
475,57308,1098,490,36,80,1,-1,-1,-1
475,57319,1033,416,40,73,1,-1,-1,-1
475,57356,1162,426,42,75,1,-1,-1,-1
475,57374,1473,559,51,102,1,-1,-1,-1
475,57381,1399,495,49,92,1,-1,-1,-1
475,57397,1695,638,46,122,1,-1,-1,-1
475,57408,1857,807,35,139,1,-1,-1,-1
476,57285,826,367,43,66,1,-1,-1,-1
476,57286,709,379,45,63,1,-1,-1,-1
476,57287,809,428,44,78,1,-1,-1,-1
476,57288,509,389,37,72,1,-1,-1,-1
476,57290,917,489,43,81,1,-1,-1,-1
476,57291,402,382,38,66,1,-1,-1,-1
476,57292,1367,724,46,108,1,-1,-1,-1
476,57293,18,800,53,121,1,-1,-1,-1
476,57297,1315,495,48,83,1,-1,-1,-1
476,57298,295,513,45,95,1,-1,-1,-1
476,57299,1466,606,52,95,1,-1,-1,-1
476,57302,468,693,55,107,1,-1,-1,-1
476,57304,126,581,64,104,1,-1,-1,-1
476,57308,1095,489,36,80,1,-1,-1,-1
476,57319,1028,415,41,73,1,-1,-1,-1
476,57356,1156,425,42,75,1,-1,-1,-1
476,57374,1471,559,51,101,1,-1,-1,-1
476,57381,1396,494,50,92,1,-1,-1,-1
476,57397,1688,637,47,122,1,-1,-1,-1
476,57408,1850,807,37,138,1,-1,-1,-1
476,57411,1045,456,17,13,1,-1,-1,-1
477,57285,824,367,45,66,1,-1,-1,-1
477,57286,706,379,45,63,1,-1,-1,-1
477,57287,807,428,44,78,1,-1,-1,-1
477,57288,502,390,37,73,1,-1,-1,-1
477,57290,913,489,42,82,1,-1,-1,-1
477,57291,395,383,38,66,1,-1,-1,-1
477,57292,1362,724,46,107,1,-1,-1,-1
477,57293,12,800,53,121,1,-1,-1,-1
477,57297,1312,495,49,83,1,-1,-1,-1
477,57298,284,514,44,95,1,-1,-1,-1
477,57299,1465,606,51,95,1,-1,-1,-1
477,57302,454,695,55,106,1,-1,-1,-1
477,57304,112,581,64,104,1,-1,-1,-1
477,57308,1090,488,36,80,1,-1,-1,-1
477,57319,1021,415,41,73,1,-1,-1,-1
477,57356,1147,426,41,73,1,-1,-1,-1
477,57374,1469,558,52,102,1,-1,-1,-1
477,57381,1391,494,51,92,1,-1,-1,-1
477,57397,1681,636,48,122,1,-1,-1,-1
477,57408,1842,806,40,139,1,-1,-1,-1
478,57285,822,367,46,67,1,-1,-1,-1
478,57286,703,379,45,63,1,-1,-1,-1
478,57287,806,428,44,78,1,-1,-1,-1
478,57288,493,391,37,73,1,-1,-1,-1
478,57290,907,489,43,82,1,-1,-1,-1
478,57291,386,384,39,67,1,-1,-1,-1
478,57292,1356,724,46,107,1,-1,-1,-1
478,57293,7,800,53,121,1,-1,-1,-1
478,57297,1310,495,49,83,1,-1,-1,-1
478,57298,269,514,45,96,1,-1,-1,-1
478,57299,1464,606,52,95,1,-1,-1,-1
478,57302,437,696,55,106,1,-1,-1,-1
478,57304,97,582,64,104,1,-1,-1,-1
478,57308,1083,487,37,80,1,-1,-1,-1
478,57319,1012,416,42,73,1,-1,-1,-1
478,57356,1137,426,41,72,1,-1,-1,-1
478,57374,1467,558,53,102,1,-1,-1,-1
478,57381,1388,493,51,92,1,-1,-1,-1
478,57397,1675,634,49,122,1,-1,-1,-1
478,57408,1835,806,42,138,1,-1,-1,-1
478,57412,1031,454,17,13,1,-1,-1,-1
479,57285,821,367,46,67,1,-1,-1,-1
479,57286,699,379,46,63,1,-1,-1,-1
479,57287,804,428,44,78,1,-1,-1,-1
479,57288,484,392,38,73,1,-1,-1,-1
479,57290,902,490,43,82,1,-1,-1,-1
479,57291,378,385,39,67,1,-1,-1,-1
479,57292,1348,724,47,106,1,-1,-1,-1
479,57293,2,800,53,121,1,-1,-1,-1
479,57297,1307,496,49,83,1,-1,-1,-1
479,57298,254,514,44,96,1,-1,-1,-1
479,57299,1464,606,51,95,1,-1,-1,-1
479,57302,420,698,55,106,1,-1,-1,-1
479,57304,81,583,64,104,1,-1,-1,-1
479,57308,1077,487,37,80,1,-1,-1,-1
479,57319,1003,416,43,73,1,-1,-1,-1
479,57356,1126,426,41,71,1,-1,-1,-1
479,57374,1466,557,52,102,1,-1,-1,-1
479,57381,1384,493,51,92,1,-1,-1,-1
479,57397,1669,633,49,122,1,-1,-1,-1
479,57408,1828,805,45,138,1,-1,-1,-1
480,57285,818,367,48,67,1,-1,-1,-1
480,57286,696,379,46,63,1,-1,-1,-1
480,57287,803,428,43,78,1,-1,-1,-1
480,57288,475,393,37,73,1,-1,-1,-1
480,57290,896,490,44,82,1,-1,-1,-1
480,57291,369,386,39,67,1,-1,-1,-1
480,57292,1341,723,48,106,1,-1,-1,-1
480,57293,-3,800,52,121,1,-1,-1,-1
480,57297,1305,496,49,83,1,-1,-1,-1
480,57298,237,515,45,97,1,-1,-1,-1
480,57299,1463,607,51,95,1,-1,-1,-1
480,57302,402,699,55,106,1,-1,-1,-1
480,57304,65,585,63,104,1,-1,-1,-1
480,57308,1069,486,38,81,1,-1,-1,-1
480,57319,994,416,44,73,1,-1,-1,-1
480,57356,1115,427,40,69,1,-1,-1,-1
480,57374,1464,557,53,102,1,-1,-1,-1
480,57381,1380,492,52,92,1,-1,-1,-1
480,57397,1662,632,51,122,1,-1,-1,-1
480,57408,1821,805,47,138,1,-1,-1,-1
480,57413,1016,453,17,13,1,-1,-1,-1
481,57285,817,367,48,67,1,-1,-1,-1
481,57286,694,379,46,63,1,-1,-1,-1
481,57287,800,427,43,78,1,-1,-1,-1
481,57288,465,394,38,74,1,-1,-1,-1
481,57290,891,491,44,82,1,-1,-1,-1
481,57291,360,387,40,67,1,-1,-1,-1
481,57292,1336,723,49,105,1,-1,-1,-1
481,57293,-6,800,50,121,1,-1,-1,-1
481,57297,1301,497,50,83,1,-1,-1,-1
481,57298,224,515,45,97,1,-1,-1,-1
481,57299,1463,607,51,95,1,-1,-1,-1
481,57302,388,700,54,106,1,-1,-1,-1
481,57304,50,586,63,104,1,-1,-1,-1
481,57308,1064,486,38,81,1,-1,-1,-1
481,57319,987,416,45,73,1,-1,-1,-1
481,57356,1105,427,40,68,1,-1,-1,-1
481,57374,1461,556,52,102,1,-1,-1,-1
481,57381,1376,492,52,91,1,-1,-1,-1
481,57397,1657,630,52,122,1,-1,-1,-1
481,57408,1814,805,49,138,1,-1,-1,-1
481,57402,1007,454,17,13,1,-1,-1,-1
482,57285,815,367,49,67,1,-1,-1,-1
482,57286,693,380,47,64,1,-1,-1,-1
482,57287,798,426,42,76,1,-1,-1,-1
482,57288,456,395,37,74,1,-1,-1,-1
482,57290,885,491,44,82,1,-1,-1,-1
482,57291,351,388,39,67,1,-1,-1,-1
482,57292,1333,723,50,104,1,-1,-1,-1
482,57293,-10,800,49,121,1,-1,-1,-1
482,57297,1298,497,50,83,1,-1,-1,-1
482,57298,212,516,45,98,1,-1,-1,-1
482,57299,1462,607,51,95,1,-1,-1,-1
482,57302,374,701,55,106,1,-1,-1,-1
482,57304,35,586,63,104,1,-1,-1,-1
482,57308,1059,485,39,81,1,-1,-1,-1
482,57319,980,416,45,72,1,-1,-1,-1
482,57356,1095,428,39,67,1,-1,-1,-1
482,57374,1456,556,53,102,1,-1,-1,-1
482,57381,1373,491,51,91,1,-1,-1,-1
482,57397,1652,630,53,122,1,-1,-1,-1
482,57408,1806,805,51,138,1,-1,-1,-1
483,57285,814,367,49,67,1,-1,-1,-1
483,57286,692,380,47,64,1,-1,-1,-1
483,57287,795,425,43,74,1,-1,-1,-1
483,57288,447,396,37,74,1,-1,-1,-1
483,57290,880,492,44,82,1,-1,-1,-1
483,57291,343,389,39,67,1,-1,-1,-1
483,57292,1329,723,51,102,1,-1,-1,-1
483,57297,1295,497,51,83,1,-1,-1,-1
483,57298,201,516,45,98,1,-1,-1,-1
483,57299,1461,608,51,95,1,-1,-1,-1
483,57302,361,702,55,106,1,-1,-1,-1
483,57304,12,586,62,105,1,-1,-1,-1
483,57308,1055,484,39,81,1,-1,-1,-1
483,57319,974,416,45,72,1,-1,-1,-1
483,57356,1085,428,39,66,1,-1,-1,-1
483,57374,1451,556,53,102,1,-1,-1,-1
483,57381,1369,490,51,91,1,-1,-1,-1
483,57397,1648,629,54,122,1,-1,-1,-1
483,57408,1799,806,52,138,1,-1,-1,-1
483,57414,994,456,17,13,1,-1,-1,-1
484,57285,812,367,49,67,1,-1,-1,-1
484,57286,691,381,48,65,1,-1,-1,-1
484,57287,792,423,42,73,1,-1,-1,-1
484,57288,438,397,37,74,1,-1,-1,-1
484,57290,874,493,44,81,1,-1,-1,-1
484,57291,335,391,38,67,1,-1,-1,-1
484,57292,1326,722,51,102,1,-1,-1,-1
484,57297,1292,498,52,83,1,-1,-1,-1
484,57298,190,517,45,98,1,-1,-1,-1
484,57299,1461,608,50,95,1,-1,-1,-1
484,57302,348,703,55,106,1,-1,-1,-1
484,57304,0,587,60,104,1,-1,-1,-1
484,57308,1050,484,40,81,1,-1,-1,-1
484,57319,968,415,45,72,1,-1,-1,-1
484,57356,1075,428,39,64,1,-1,-1,-1
484,57374,1445,556,53,102,1,-1,-1,-1
484,57381,1365,490,52,90,1,-1,-1,-1
484,57397,1642,628,55,122,1,-1,-1,-1
484,57408,1791,806,53,138,1,-1,-1,-1
484,57415,0,800,18,121,1,-1,-1,-1
485,57285,810,368,50,66,1,-1,-1,-1
485,57286,691,382,47,65,1,-1,-1,-1
485,57287,789,423,43,72,1,-1,-1,-1
485,57288,428,398,37,75,1,-1,-1,-1
485,57290,869,493,44,82,1,-1,-1,-1
485,57291,326,392,38,67,1,-1,-1,-1
485,57292,1324,722,49,101,1,-1,-1,-1
485,57297,1290,498,51,83,1,-1,-1,-1
485,57298,179,517,45,99,1,-1,-1,-1
485,57299,1460,609,50,95,1,-1,-1,-1
485,57302,336,704,55,106,1,-1,-1,-1
485,57304,-13,586,58,105,1,-1,-1,-1
485,57308,1046,483,40,82,1,-1,-1,-1
485,57319,961,415,46,72,1,-1,-1,-1
485,57356,1065,429,40,63,1,-1,-1,-1
485,57374,1441,557,54,102,1,-1,-1,-1
485,57381,1362,489,52,91,1,-1,-1,-1
485,57397,1639,627,56,122,1,-1,-1,-1
485,57408,1786,806,53,138,1,-1,-1,-1
485,57416,978,459,17,13,1,-1,-1,-1
486,57285,809,368,50,67,1,-1,-1,-1
486,57286,690,382,48,66,1,-1,-1,-1
486,57287,788,422,43,72,1,-1,-1,-1
486,57288,419,399,37,75,1,-1,-1,-1
486,57290,863,494,44,82,1,-1,-1,-1
486,57291,317,393,38,68,1,-1,-1,-1
486,57292,1321,722,50,99,1,-1,-1,-1
486,57297,1287,499,52,82,1,-1,-1,-1
486,57298,168,518,45,99,1,-1,-1,-1
486,57299,1460,609,49,95,1,-1,-1,-1
486,57302,323,705,55,106,1,-1,-1,-1
486,57308,1042,483,39,82,1,-1,-1,-1
486,57319,955,415,46,72,1,-1,-1,-1
486,57356,1055,429,40,62,1,-1,-1,-1
486,57374,1438,557,54,102,1,-1,-1,-1
486,57381,1358,489,52,90,1,-1,-1,-1
486,57397,1636,627,57,122,1,-1,-1,-1
486,57408,1780,806,53,138,1,-1,-1,-1
487,57285,807,368,51,68,1,-1,-1,-1
487,57286,689,383,48,66,1,-1,-1,-1
487,57287,787,422,43,72,1,-1,-1,-1
487,57288,410,400,37,75,1,-1,-1,-1
487,57290,858,494,44,82,1,-1,-1,-1
487,57291,309,394,38,68,1,-1,-1,-1
487,57292,1319,722,49,98,1,-1,-1,-1
487,57297,1284,499,53,83,1,-1,-1,-1
487,57298,156,518,45,100,1,-1,-1,-1
487,57299,1459,609,49,95,1,-1,-1,-1
487,57302,311,706,54,106,1,-1,-1,-1
487,57308,1037,482,40,82,1,-1,-1,-1
487,57319,949,415,45,71,1,-1,-1,-1
487,57356,1045,429,40,61,1,-1,-1,-1
487,57374,1435,558,54,102,1,-1,-1,-1
487,57381,1354,488,52,91,1,-1,-1,-1
487,57397,1634,627,57,122,1,-1,-1,-1
487,57408,1773,806,55,138,1,-1,-1,-1
487,57417,963,462,17,13,1,-1,-1,-1
487,57418,0,588,20,99,1,-1,-1,-1
488,57285,805,368,51,68,1,-1,-1,-1
488,57286,688,384,49,66,1,-1,-1,-1
488,57287,785,423,45,72,1,-1,-1,-1
488,57288,398,401,37,76,1,-1,-1,-1
488,57290,852,495,44,82,1,-1,-1,-1
488,57291,297,396,38,68,1,-1,-1,-1
488,57292,1315,721,48,98,1,-1,-1,-1
488,57297,1280,499,53,83,1,-1,-1,-1
488,57298,142,519,45,100,1,-1,-1,-1
488,57299,1459,610,49,95,1,-1,-1,-1
488,57302,294,707,54,106,1,-1,-1,-1
488,57308,1032,482,39,82,1,-1,-1,-1
488,57319,941,414,44,72,1,-1,-1,-1
488,57356,1032,430,39,58,1,-1,-1,-1
488,57374,1433,558,54,102,1,-1,-1,-1
488,57381,1350,487,51,91,1,-1,-1,-1
488,57397,1631,627,57,122,1,-1,-1,-1
488,57408,1765,806,55,138,1,-1,-1,-1
489,57285,804,368,51,68,1,-1,-1,-1
489,57286,688,384,48,67,1,-1,-1,-1
489,57287,784,423,45,72,1,-1,-1,-1
489,57288,390,402,37,76,1,-1,-1,-1
489,57290,847,495,44,82,1,-1,-1,-1
489,57291,291,397,38,68,1,-1,-1,-1
489,57292,1313,721,48,97,1,-1,-1,-1
489,57297,1278,500,54,83,1,-1,-1,-1
489,57298,133,519,45,101,1,-1,-1,-1
489,57299,1458,610,49,96,1,-1,-1,-1
489,57302,283,708,55,106,1,-1,-1,-1
489,57308,1029,481,39,82,1,-1,-1,-1
489,57319,936,414,44,71,1,-1,-1,-1
489,57356,1025,430,40,58,1,-1,-1,-1
489,57374,1430,559,54,102,1,-1,-1,-1
489,57381,1347,486,51,91,1,-1,-1,-1
489,57397,1629,627,58,122,1,-1,-1,-1
489,57408,1761,806,55,138,1,-1,-1,-1
489,57419,948,464,17,13,1,-1,-1,-1
490,57285,804,367,51,68,1,-1,-1,-1
490,57286,687,385,49,68,1,-1,-1,-1
490,57287,783,423,45,72,1,-1,-1,-1
490,57288,383,403,37,76,1,-1,-1,-1
490,57290,841,496,44,82,1,-1,-1,-1
490,57291,285,398,37,68,1,-1,-1,-1
490,57292,1312,721,47,96,1,-1,-1,-1
490,57297,1280,501,54,82,1,-1,-1,-1
490,57298,123,520,45,101,1,-1,-1,-1
490,57299,1458,610,48,96,1,-1,-1,-1
490,57302,271,709,55,106,1,-1,-1,-1
490,57308,1026,480,39,83,1,-1,-1,-1
490,57319,931,414,43,71,1,-1,-1,-1
490,57356,1019,430,42,58,1,-1,-1,-1
490,57374,1427,559,54,102,1,-1,-1,-1
490,57381,1345,487,51,90,1,-1,-1,-1
490,57397,1626,626,58,122,1,-1,-1,-1
490,57408,1756,806,56,138,1,-1,-1,-1
490,57419,945,464,17,13,1,-1,-1,-1
491,57285,804,367,51,68,1,-1,-1,-1
491,57286,686,386,49,68,1,-1,-1,-1
491,57287,782,423,46,72,1,-1,-1,-1
491,57288,374,404,37,76,1,-1,-1,-1
491,57290,836,496,44,82,1,-1,-1,-1
491,57291,279,399,38,68,1,-1,-1,-1
491,57292,1308,720,48,98,1,-1,-1,-1
491,57297,1281,501,55,83,1,-1,-1,-1
491,57298,113,520,45,101,1,-1,-1,-1
491,57299,1458,611,48,96,1,-1,-1,-1
491,57302,259,710,54,106,1,-1,-1,-1
491,57308,1023,480,38,81,1,-1,-1,-1
491,57319,924,414,43,71,1,-1,-1,-1
491,57356,1013,430,43,58,1,-1,-1,-1
491,57374,1423,560,54,102,1,-1,-1,-1
491,57381,1343,487,50,90,1,-1,-1,-1
491,57397,1623,626,59,122,1,-1,-1,-1
491,57408,1749,806,56,138,1,-1,-1,-1
492,57285,804,367,50,68,1,-1,-1,-1
492,57286,685,386,49,68,1,-1,-1,-1
492,57287,781,423,46,73,1,-1,-1,-1
492,57288,366,405,37,77,1,-1,-1,-1
492,57290,830,497,44,82,1,-1,-1,-1
492,57291,274,400,37,69,1,-1,-1,-1
492,57292,1306,720,50,97,1,-1,-1,-1
492,57297,1282,502,55,83,1,-1,-1,-1
492,57298,104,521,45,101,1,-1,-1,-1
492,57299,1458,611,48,96,1,-1,-1,-1
492,57302,245,711,55,106,1,-1,-1,-1
492,57308,1019,479,38,81,1,-1,-1,-1
492,57319,919,414,42,71,1,-1,-1,-1
492,57356,1007,429,44,58,1,-1,-1,-1
492,57374,1421,561,55,102,1,-1,-1,-1
492,57381,1340,487,50,90,1,-1,-1,-1
492,57397,1620,626,59,122,1,-1,-1,-1
492,57408,1746,806,56,138,1,-1,-1,-1
492,57420,933,462,17,13,1,-1,-1,-1
493,57285,804,367,50,68,1,-1,-1,-1
493,57286,683,386,49,68,1,-1,-1,-1
493,57287,779,423,47,73,1,-1,-1,-1
493,57288,357,406,37,77,1,-1,-1,-1
493,57290,825,497,44,82,1,-1,-1,-1
493,57291,267,401,38,69,1,-1,-1,-1
493,57292,1303,719,51,98,1,-1,-1,-1
493,57297,1281,502,55,83,1,-1,-1,-1
493,57298,93,521,45,102,1,-1,-1,-1
493,57299,1457,611,48,96,1,-1,-1,-1
493,57302,232,713,54,106,1,-1,-1,-1
493,57308,1016,479,37,81,1,-1,-1,-1
493,57319,913,414,42,70,1,-1,-1,-1
493,57356,1001,429,46,59,1,-1,-1,-1
493,57374,1420,561,55,102,1,-1,-1,-1
493,57381,1338,487,50,90,1,-1,-1,-1
493,57397,1615,626,60,122,1,-1,-1,-1
493,57408,1743,806,57,138,1,-1,-1,-1
494,57285,804,367,50,68,1,-1,-1,-1
494,57286,680,386,48,68,1,-1,-1,-1
494,57287,778,423,48,73,1,-1,-1,-1
494,57288,349,407,37,77,1,-1,-1,-1
494,57290,819,498,44,82,1,-1,-1,-1
494,57291,262,402,38,70,1,-1,-1,-1
494,57292,1299,719,52,98,1,-1,-1,-1
494,57297,1281,503,54,83,1,-1,-1,-1
494,57298,80,522,45,102,1,-1,-1,-1
494,57299,1458,612,47,96,1,-1,-1,-1
494,57302,219,714,54,106,1,-1,-1,-1
494,57308,1012,478,38,80,1,-1,-1,-1
494,57319,906,414,42,70,1,-1,-1,-1
494,57356,994,428,47,59,1,-1,-1,-1
494,57374,1419,562,55,102,1,-1,-1,-1
494,57381,1335,487,51,90,1,-1,-1,-1
494,57397,1609,626,60,122,1,-1,-1,-1
494,57408,1738,806,58,138,1,-1,-1,-1
495,57285,805,367,48,68,1,-1,-1,-1
495,57286,679,386,48,68,1,-1,-1,-1
495,57287,777,424,48,73,1,-1,-1,-1
495,57288,340,408,37,77,1,-1,-1,-1
495,57290,814,498,44,82,1,-1,-1,-1
495,57291,255,404,38,69,1,-1,-1,-1
495,57292,1299,718,53,99,1,-1,-1,-1
495,57297,1279,504,55,83,1,-1,-1,-1
495,57298,71,522,45,103,1,-1,-1,-1
495,57299,1457,612,48,96,1,-1,-1,-1
495,57302,206,715,54,106,1,-1,-1,-1
495,57308,1009,477,38,80,1,-1,-1,-1
495,57319,900,414,41,70,1,-1,-1,-1
495,57356,990,428,48,60,1,-1,-1,-1
495,57374,1418,563,55,102,1,-1,-1,-1
495,57381,1333,487,51,90,1,-1,-1,-1
495,57397,1607,626,60,122,1,-1,-1,-1
495,57408,1735,806,57,138,1,-1,-1,-1
495,57422,913,467,17,13,1,-1,-1,-1
496,57285,804,367,49,68,1,-1,-1,-1
496,57286,679,386,47,68,1,-1,-1,-1
496,57287,776,424,48,73,1,-1,-1,-1
496,57288,332,409,37,77,1,-1,-1,-1
496,57290,808,499,44,82,1,-1,-1,-1
496,57291,249,405,39,70,1,-1,-1,-1
496,57292,1302,718,53,99,1,-1,-1,-1
496,57297,1278,506,55,83,1,-1,-1,-1
496,57298,61,522,44,104,1,-1,-1,-1
496,57299,1457,612,48,96,1,-1,-1,-1
496,57302,192,717,54,106,1,-1,-1,-1
496,57308,1005,477,38,80,1,-1,-1,-1
496,57319,894,414,41,70,1,-1,-1,-1
496,57356,986,427,50,61,1,-1,-1,-1
496,57374,1417,564,55,102,1,-1,-1,-1
496,57381,1330,487,51,90,1,-1,-1,-1
496,57397,1606,624,61,122,1,-1,-1,-1
496,57408,1730,806,58,138,1,-1,-1,-1
496,57422,909,466,17,13,1,-1,-1,-1
497,57285,805,367,48,68,1,-1,-1,-1
497,57286,679,386,47,68,1,-1,-1,-1
497,57287,776,424,48,73,1,-1,-1,-1
497,57288,322,410,37,78,1,-1,-1,-1
497,57290,802,499,45,82,1,-1,-1,-1
497,57291,244,406,39,70,1,-1,-1,-1
497,57292,1305,718,54,99,1,-1,-1,-1
497,57297,1277,507,55,83,1,-1,-1,-1
497,57298,48,523,45,104,1,-1,-1,-1
497,57299,1456,613,49,96,1,-1,-1,-1
497,57302,177,718,54,106,1,-1,-1,-1
497,57308,1001,476,39,79,1,-1,-1,-1
497,57319,887,414,41,70,1,-1,-1,-1
497,57356,983,427,51,61,1,-1,-1,-1
497,57374,1416,565,55,102,1,-1,-1,-1
497,57381,1328,487,50,90,1,-1,-1,-1
497,57397,1605,622,61,122,1,-1,-1,-1
497,57408,1724,806,58,138,1,-1,-1,-1
497,57422,902,465,17,13,1,-1,-1,-1
498,57285,805,367,48,69,1,-1,-1,-1
498,57286,679,386,46,69,1,-1,-1,-1
498,57287,775,424,48,73,1,-1,-1,-1
498,57288,315,411,37,78,1,-1,-1,-1
498,57290,797,500,45,82,1,-1,-1,-1
498,57291,237,407,40,71,1,-1,-1,-1
498,57292,1306,717,55,100,1,-1,-1,-1
498,57297,1277,508,55,83,1,-1,-1,-1
498,57298,40,523,45,104,1,-1,-1,-1
498,57299,1456,613,49,96,1,-1,-1,-1
498,57302,166,719,54,107,1,-1,-1,-1
498,57308,998,475,39,79,1,-1,-1,-1
498,57319,881,414,40,69,1,-1,-1,-1
498,57356,980,426,53,62,1,-1,-1,-1
498,57374,1415,566,56,102,1,-1,-1,-1
498,57381,1325,487,51,90,1,-1,-1,-1
498,57397,1605,620,61,122,1,-1,-1,-1
498,57408,1721,806,58,138,1,-1,-1,-1
498,57422,902,465,17,13,1,-1,-1,-1
499,57285,807,367,47,69,1,-1,-1,-1
499,57286,679,387,46,70,1,-1,-1,-1
499,57287,774,425,49,73,1,-1,-1,-1
499,57288,309,412,37,78,1,-1,-1,-1
499,57290,791,500,45,82,1,-1,-1,-1
499,57291,231,408,40,71,1,-1,-1,-1
499,57292,1306,717,56,100,1,-1,-1,-1
499,57297,1279,509,54,83,1,-1,-1,-1
499,57298,33,524,45,104,1,-1,-1,-1
499,57299,1455,614,50,96,1,-1,-1,-1
499,57302,156,721,54,106,1,-1,-1,-1
499,57308,994,475,40,78,1,-1,-1,-1
499,57319,875,413,40,69,1,-1,-1,-1
499,57356,976,426,54,62,1,-1,-1,-1
499,57374,1413,567,57,102,1,-1,-1,-1
499,57381,1323,488,50,89,1,-1,-1,-1
499,57397,1605,619,61,122,1,-1,-1,-1
499,57408,1718,806,59,138,1,-1,-1,-1
500,57285,809,366,48,69,1,-1,-1,-1
500,57286,678,387,48,73,1,-1,-1,-1
500,57287,773,425,49,73,1,-1,-1,-1
500,57288,298,414,37,78,1,-1,-1,-1
500,57290,782,501,45,82,1,-1,-1,-1
500,57291,221,410,41,72,1,-1,-1,-1
500,57292,1305,716,58,100,1,-1,-1,-1
500,57297,1281,511,53,83,1,-1,-1,-1
500,57298,21,524,45,106,1,-1,-1,-1
500,57299,1454,614,50,96,1,-1,-1,-1
500,57302,139,723,54,106,1,-1,-1,-1
500,57308,988,474,40,78,1,-1,-1,-1
500,57319,865,413,39,69,1,-1,-1,-1
500,57356,971,425,55,62,1,-1,-1,-1
500,57374,1412,567,57,102,1,-1,-1,-1
500,57381,1320,488,50,89,1,-1,-1,-1
500,57397,1605,616,61,122,1,-1,-1,-1
500,57408,1713,806,60,138,1,-1,-1,-1
501,57285,810,366,48,69,1,-1,-1,-1
501,57286,678,388,48,73,1,-1,-1,-1
501,57287,772,425,49,73,1,-1,-1,-1
501,57288,294,415,37,78,1,-1,-1,-1
501,57290,779,502,45,82,1,-1,-1,-1
501,57291,217,411,41,72,1,-1,-1,-1
501,57292,1305,715,59,101,1,-1,-1,-1
501,57297,1282,512,52,83,1,-1,-1,-1
501,57298,11,528,43,103,1,-1,-1,-1
501,57299,1454,615,50,96,1,-1,-1,-1
501,57302,132,724,54,106,1,-1,-1,-1
501,57308,985,473,41,78,1,-1,-1,-1
501,57319,861,413,39,69,1,-1,-1,-1
501,57356,969,424,56,63,1,-1,-1,-1
501,57374,1411,568,58,102,1,-1,-1,-1
501,57381,1318,488,50,89,1,-1,-1,-1
501,57397,1604,614,62,122,1,-1,-1,-1
501,57408,1711,805,62,138,1,-1,-1,-1
501,57424,917,458,17,13,1,-1,-1,-1
502,57285,812,366,48,69,1,-1,-1,-1
502,57286,678,390,48,74,1,-1,-1,-1
502,57287,771,425,49,74,1,-1,-1,-1
502,57288,287,416,37,78,1,-1,-1,-1
502,57290,774,502,45,82,1,-1,-1,-1
502,57291,212,412,41,72,1,-1,-1,-1
502,57292,1308,715,60,101,1,-1,-1,-1
502,57297,1283,512,51,83,1,-1,-1,-1
502,57298,0,529,43,102,1,-1,-1,-1
502,57299,1453,615,51,96,1,-1,-1,-1
502,57302,120,725,54,107,1,-1,-1,-1
502,57308,982,473,41,78,1,-1,-1,-1
502,57319,856,414,39,69,1,-1,-1,-1
502,57356,966,425,58,63,1,-1,-1,-1
502,57374,1410,569,58,102,1,-1,-1,-1
502,57381,1315,488,51,89,1,-1,-1,-1
502,57397,1603,614,61,122,1,-1,-1,-1
502,57408,1706,805,62,138,1,-1,-1,-1
503,57285,814,366,47,69,1,-1,-1,-1
503,57286,679,392,46,75,1,-1,-1,-1
503,57287,770,425,49,74,1,-1,-1,-1
503,57288,278,417,37,78,1,-1,-1,-1
503,57290,770,502,45,82,1,-1,-1,-1
503,57291,207,413,41,71,1,-1,-1,-1
503,57292,1312,715,61,101,1,-1,-1,-1
503,57297,1282,513,51,83,1,-1,-1,-1
503,57298,-4,529,40,103,1,-1,-1,-1
503,57299,1451,615,51,96,1,-1,-1,-1
503,57302,104,726,55,109,1,-1,-1,-1
503,57308,979,473,41,78,1,-1,-1,-1
503,57319,850,414,39,69,1,-1,-1,-1
503,57356,963,425,58,63,1,-1,-1,-1
503,57374,1408,570,59,102,1,-1,-1,-1
503,57381,1313,488,51,89,1,-1,-1,-1
503,57397,1601,614,62,122,1,-1,-1,-1
503,57408,1699,805,63,138,1,-1,-1,-1
503,57425,929,455,17,13,1,-1,-1,-1
504,57285,816,366,47,69,1,-1,-1,-1
504,57286,679,396,46,74,1,-1,-1,-1
504,57287,769,426,49,74,1,-1,-1,-1
504,57288,268,418,38,79,1,-1,-1,-1
504,57290,765,502,45,82,1,-1,-1,-1
504,57291,202,414,40,71,1,-1,-1,-1
504,57292,1318,715,60,101,1,-1,-1,-1
504,57297,1281,515,51,83,1,-1,-1,-1
504,57298,-10,529,40,105,1,-1,-1,-1
504,57299,1449,616,52,96,1,-1,-1,-1
504,57302,88,727,54,111,1,-1,-1,-1
504,57308,975,473,41,77,1,-1,-1,-1
504,57319,844,415,39,69,1,-1,-1,-1
504,57356,960,425,58,63,1,-1,-1,-1
504,57374,1408,571,59,102,1,-1,-1,-1
504,57381,1310,488,51,89,1,-1,-1,-1
504,57397,1599,614,62,122,1,-1,-1,-1
504,57408,1692,806,64,138,1,-1,-1,-1
505,57285,817,366,46,70,1,-1,-1,-1
505,57286,679,397,45,75,1,-1,-1,-1
505,57287,767,426,49,74,1,-1,-1,-1
505,57288,259,419,38,79,1,-1,-1,-1
505,57290,759,503,45,82,1,-1,-1,-1
505,57291,197,415,40,71,1,-1,-1,-1
505,57292,1321,715,59,101,1,-1,-1,-1
505,57297,1281,516,51,83,1,-1,-1,-1
505,57299,1448,617,52,96,1,-1,-1,-1
505,57302,76,729,54,111,1,-1,-1,-1
505,57308,971,474,41,77,1,-1,-1,-1
505,57319,838,416,38,69,1,-1,-1,-1
505,57356,957,426,58,62,1,-1,-1,-1
505,57374,1406,571,60,102,1,-1,-1,-1
505,57381,1306,488,51,89,1,-1,-1,-1
505,57397,1597,614,62,122,1,-1,-1,-1
505,57408,1685,806,65,138,1,-1,-1,-1
505,57426,938,452,17,13,1,-1,-1,-1
506,57285,818,367,45,69,1,-1,-1,-1
506,57286,678,398,45,75,1,-1,-1,-1
506,57287,764,426,49,74,1,-1,-1,-1
506,57288,244,421,38,79,1,-1,-1,-1
506,57290,754,503,45,82,1,-1,-1,-1
506,57291,188,417,40,71,1,-1,-1,-1
506,57292,1322,715,59,100,1,-1,-1,-1
506,57297,1283,517,50,83,1,-1,-1,-1
506,57299,1446,618,52,96,1,-1,-1,-1
506,57302,58,730,54,113,1,-1,-1,-1
506,57308,967,474,41,77,1,-1,-1,-1
506,57319,832,416,39,69,1,-1,-1,-1
506,57356,954,427,58,62,1,-1,-1,-1
506,57374,1405,572,60,102,1,-1,-1,-1
506,57381,1303,488,52,89,1,-1,-1,-1
506,57397,1595,614,62,122,1,-1,-1,-1
506,57408,1679,807,65,137,1,-1,-1,-1
506,57426,939,450,17,13,1,-1,-1,-1
506,57427,0,532,12,96,1,-1,-1,-1
507,57285,818,367,44,68,1,-1,-1,-1
507,57286,677,399,45,74,1,-1,-1,-1
507,57287,762,426,49,74,1,-1,-1,-1
507,57288,239,422,36,79,1,-1,-1,-1
507,57290,749,503,45,82,1,-1,-1,-1
507,57291,185,418,38,71,1,-1,-1,-1
507,57292,1323,715,60,100,1,-1,-1,-1
507,57297,1283,518,51,84,1,-1,-1,-1
507,57299,1444,619,53,96,1,-1,-1,-1
507,57302,52,731,54,113,1,-1,-1,-1
507,57308,963,474,41,77,1,-1,-1,-1
507,57319,825,417,39,70,1,-1,-1,-1
507,57356,951,427,59,62,1,-1,-1,-1
507,57374,1404,573,61,102,1,-1,-1,-1
507,57381,1300,489,51,88,1,-1,-1,-1
507,57397,1593,614,62,122,1,-1,-1,-1
507,57408,1674,808,66,137,1,-1,-1,-1
507,57426,940,449,17,13,1,-1,-1,-1
508,57285,819,367,43,68,1,-1,-1,-1
508,57286,676,400,45,74,1,-1,-1,-1
508,57287,760,427,48,74,1,-1,-1,-1
508,57288,229,423,37,79,1,-1,-1,-1
508,57290,743,503,46,82,1,-1,-1,-1
508,57291,179,419,38,71,1,-1,-1,-1
508,57292,1325,715,60,100,1,-1,-1,-1
508,57297,1285,519,51,84,1,-1,-1,-1
508,57299,1443,620,53,96,1,-1,-1,-1
508,57302,38,732,54,114,1,-1,-1,-1
508,57308,959,474,41,77,1,-1,-1,-1
508,57319,819,417,40,70,1,-1,-1,-1
508,57356,948,428,58,62,1,-1,-1,-1
508,57374,1402,574,62,102,1,-1,-1,-1
508,57381,1296,489,51,88,1,-1,-1,-1
508,57397,1591,614,62,122,1,-1,-1,-1
508,57408,1669,808,65,137,1,-1,-1,-1
508,57426,942,447,17,13,1,-1,-1,-1
509,57285,819,367,42,68,1,-1,-1,-1
509,57286,675,400,44,74,1,-1,-1,-1
509,57287,757,427,47,74,1,-1,-1,-1
509,57288,218,425,37,80,1,-1,-1,-1
509,57290,738,503,46,82,1,-1,-1,-1
509,57291,171,420,38,73,1,-1,-1,-1
509,57292,1325,715,61,100,1,-1,-1,-1
509,57297,1286,521,51,84,1,-1,-1,-1
509,57299,1441,620,53,96,1,-1,-1,-1
509,57302,22,734,54,114,1,-1,-1,-1
509,57308,954,474,41,76,1,-1,-1,-1
509,57319,813,418,39,70,1,-1,-1,-1
509,57356,945,429,58,61,1,-1,-1,-1
509,57374,1401,575,62,102,1,-1,-1,-1
509,57381,1293,489,51,88,1,-1,-1,-1
509,57397,1589,613,62,122,1,-1,-1,-1
509,57408,1664,809,65,136,1,-1,-1,-1
509,57426,943,446,17,13,1,-1,-1,-1
510,57285,819,367,42,67,1,-1,-1,-1
510,57286,674,400,44,74,1,-1,-1,-1
510,57287,754,428,47,74,1,-1,-1,-1
510,57288,207,427,37,80,1,-1,-1,-1
510,57290,733,504,46,82,1,-1,-1,-1
510,57291,163,421,38,74,1,-1,-1,-1
510,57292,1326,715,61,100,1,-1,-1,-1
510,57297,1288,522,51,84,1,-1,-1,-1
510,57299,1440,621,53,96,1,-1,-1,-1
510,57302,3,737,55,115,1,-1,-1,-1
510,57308,950,475,40,76,1,-1,-1,-1
510,57319,806,419,40,70,1,-1,-1,-1
510,57356,942,430,58,61,1,-1,-1,-1
510,57374,1399,576,63,102,1,-1,-1,-1
510,57381,1289,490,51,87,1,-1,-1,-1
510,57397,1586,613,63,122,1,-1,-1,-1
510,57408,1658,810,65,136,1,-1,-1,-1
510,57426,945,444,17,13,1,-1,-1,-1
511,57285,820,367,41,67,1,-1,-1,-1
511,57286,672,401,44,74,1,-1,-1,-1
511,57287,751,429,45,74,1,-1,-1,-1
511,57288,196,429,37,80,1,-1,-1,-1
511,57290,727,504,46,82,1,-1,-1,-1
511,57291,154,423,38,74,1,-1,-1,-1
511,57292,1327,715,61,100,1,-1,-1,-1
511,57297,1289,523,50,85,1,-1,-1,-1
511,57299,1438,622,53,96,1,-1,-1,-1
511,57302,-7,739,52,116,1,-1,-1,-1
511,57308,944,475,41,76,1,-1,-1,-1
511,57319,800,420,40,70,1,-1,-1,-1
511,57356,938,431,58,61,1,-1,-1,-1
511,57374,1398,576,63,102,1,-1,-1,-1
511,57381,1285,490,52,87,1,-1,-1,-1
511,57397,1583,613,63,122,1,-1,-1,-1
511,57408,1651,811,65,135,1,-1,-1,-1
511,57426,946,442,17,13,1,-1,-1,-1
512,57285,819,367,41,67,1,-1,-1,-1
512,57286,671,401,44,74,1,-1,-1,-1
512,57287,749,429,45,74,1,-1,-1,-1
512,57288,184,431,37,80,1,-1,-1,-1
512,57290,722,504,46,82,1,-1,-1,-1
512,57291,146,424,38,75,1,-1,-1,-1
512,57292,1328,715,62,99,1,-1,-1,-1
512,57297,1291,525,50,84,1,-1,-1,-1
512,57299,1436,623,54,96,1,-1,-1,-1
512,57302,-12,744,49,112,1,-1,-1,-1
512,57308,940,475,41,76,1,-1,-1,-1
512,57319,794,420,41,70,1,-1,-1,-1
512,57356,935,431,58,61,1,-1,-1,-1
512,57374,1397,577,64,102,1,-1,-1,-1
512,57381,1282,490,51,87,1,-1,-1,-1
512,57397,1581,613,63,122,1,-1,-1,-1
512,57408,1646,812,65,135,1,-1,-1,-1
512,57426,947,441,17,13,1,-1,-1,-1
513,57285,815,367,42,67,1,-1,-1,-1
513,57286,668,402,44,74,1,-1,-1,-1
513,57287,747,428,44,74,1,-1,-1,-1
513,57288,170,433,37,81,1,-1,-1,-1
513,57290,715,504,46,82,1,-1,-1,-1
513,57291,135,425,39,77,1,-1,-1,-1
513,57292,1329,715,63,99,1,-1,-1,-1
513,57297,1292,526,51,85,1,-1,-1,-1
513,57299,1434,624,53,96,1,-1,-1,-1
513,57308,933,476,40,75,1,-1,-1,-1
513,57319,785,421,42,70,1,-1,-1,-1
513,57356,932,428,57,60,1,-1,-1,-1
513,57374,1395,578,65,102,1,-1,-1,-1
513,57381,1276,490,52,87,1,-1,-1,-1
513,57397,1580,613,62,122,1,-1,-1,-1
513,57408,1640,812,65,135,1,-1,-1,-1
513,57426,949,439,17,13,1,-1,-1,-1
514,57285,813,367,42,67,1,-1,-1,-1
514,57286,665,402,44,74,1,-1,-1,-1
514,57287,744,428,43,74,1,-1,-1,-1
514,57288,161,435,36,80,1,-1,-1,-1
514,57290,711,505,46,82,1,-1,-1,-1
514,57291,128,426,39,78,1,-1,-1,-1
514,57292,1331,715,63,99,1,-1,-1,-1
514,57297,1294,527,50,85,1,-1,-1,-1
514,57299,1432,625,54,96,1,-1,-1,-1
514,57308,928,476,42,75,1,-1,-1,-1
514,57319,781,422,41,70,1,-1,-1,-1
514,57356,930,427,57,61,1,-1,-1,-1
514,57374,1394,579,65,102,1,-1,-1,-1
514,57381,1275,490,52,87,1,-1,-1,-1
514,57397,1577,613,63,122,1,-1,-1,-1
514,57408,1634,812,64,135,1,-1,-1,-1
514,57426,949,437,17,13,1,-1,-1,-1
514,57428,0,766,14,90,1,-1,-1,-1
515,57285,812,366,43,68,1,-1,-1,-1
515,57286,663,402,44,75,1,-1,-1,-1
515,57287,741,427,42,74,1,-1,-1,-1
515,57288,150,436,37,81,1,-1,-1,-1
515,57290,706,504,47,82,1,-1,-1,-1
515,57291,122,428,39,78,1,-1,-1,-1
515,57292,1334,715,64,99,1,-1,-1,-1
515,57297,1296,528,50,85,1,-1,-1,-1
515,57299,1429,625,54,96,1,-1,-1,-1
515,57308,923,478,42,75,1,-1,-1,-1
515,57319,776,422,42,70,1,-1,-1,-1
515,57356,928,427,58,61,1,-1,-1,-1
515,57374,1393,580,66,102,1,-1,-1,-1
515,57381,1273,490,52,87,1,-1,-1,-1
515,57397,1575,613,62,122,1,-1,-1,-1
515,57408,1627,813,64,134,1,-1,-1,-1
515,57426,948,436,17,13,1,-1,-1,-1
516,57285,810,366,44,68,1,-1,-1,-1
516,57286,660,403,45,74,1,-1,-1,-1
516,57287,738,426,42,74,1,-1,-1,-1
516,57288,140,438,36,80,1,-1,-1,-1
516,57290,701,504,48,82,1,-1,-1,-1
516,57291,116,429,38,79,1,-1,-1,-1
516,57292,1339,715,63,98,1,-1,-1,-1
516,57297,1299,528,49,85,1,-1,-1,-1
516,57299,1425,626,54,96,1,-1,-1,-1
516,57308,916,479,43,74,1,-1,-1,-1
516,57319,772,422,42,71,1,-1,-1,-1
516,57356,925,426,58,62,1,-1,-1,-1
516,57374,1392,581,66,102,1,-1,-1,-1
516,57381,1271,489,53,88,1,-1,-1,-1
516,57397,1572,613,63,122,1,-1,-1,-1
516,57408,1620,813,64,135,1,-1,-1,-1
516,57426,947,435,17,13,1,-1,-1,-1
517,57285,810,365,44,69,1,-1,-1,-1
517,57286,657,404,46,74,1,-1,-1,-1
517,57287,734,426,42,74,1,-1,-1,-1
517,57288,129,439,37,80,1,-1,-1,-1
517,57290,698,504,48,82,1,-1,-1,-1
517,57291,110,431,38,79,1,-1,-1,-1
517,57292,1342,714,63,98,1,-1,-1,-1
517,57297,1301,529,50,85,1,-1,-1,-1
517,57299,1424,626,55,96,1,-1,-1,-1
517,57308,912,479,43,74,1,-1,-1,-1
517,57319,767,423,43,71,1,-1,-1,-1
517,57356,923,426,58,62,1,-1,-1,-1
517,57374,1391,582,67,102,1,-1,-1,-1
517,57381,1270,489,52,88,1,-1,-1,-1
517,57397,1569,614,62,120,1,-1,-1,-1
517,57408,1615,813,64,134,1,-1,-1,-1
517,57426,946,434,17,13,1,-1,-1,-1
518,57285,808,365,46,69,1,-1,-1,-1
518,57286,655,405,46,74,1,-1,-1,-1
518,57287,729,426,42,75,1,-1,-1,-1
518,57288,119,441,36,80,1,-1,-1,-1
518,57290,695,504,49,82,1,-1,-1,-1
518,57291,103,433,38,79,1,-1,-1,-1
518,57292,1345,714,62,97,1,-1,-1,-1
518,57297,1303,529,50,86,1,-1,-1,-1
518,57299,1424,627,54,96,1,-1,-1,-1
518,57308,910,480,43,74,1,-1,-1,-1
518,57319,763,424,43,71,1,-1,-1,-1
518,57356,920,425,59,63,1,-1,-1,-1
518,57374,1391,582,66,102,1,-1,-1,-1
518,57381,1268,488,53,88,1,-1,-1,-1
518,57397,1567,614,61,118,1,-1,-1,-1
518,57408,1611,814,62,131,1,-1,-1,-1
518,57426,944,432,17,13,1,-1,-1,-1
519,57285,808,364,46,70,1,-1,-1,-1
519,57286,653,406,47,74,1,-1,-1,-1
519,57287,725,426,41,75,1,-1,-1,-1
519,57288,108,442,36,80,1,-1,-1,-1
519,57290,693,503,49,82,1,-1,-1,-1
519,57291,97,435,37,79,1,-1,-1,-1
519,57292,1347,713,62,97,1,-1,-1,-1
519,57297,1306,529,50,86,1,-1,-1,-1
519,57299,1425,627,54,96,1,-1,-1,-1
519,57308,907,480,44,74,1,-1,-1,-1
519,57319,759,424,43,71,1,-1,-1,-1
519,57356,918,424,59,64,1,-1,-1,-1
519,57374,1391,582,66,102,1,-1,-1,-1
519,57381,1267,488,53,88,1,-1,-1,-1
519,57397,1564,615,60,116,1,-1,-1,-1
519,57408,1606,814,62,130,1,-1,-1,-1
519,57426,943,431,17,13,1,-1,-1,-1
520,57285,807,364,47,70,1,-1,-1,-1
520,57286,651,407,47,74,1,-1,-1,-1
520,57287,720,426,41,76,1,-1,-1,-1
520,57288,97,444,36,80,1,-1,-1,-1
520,57290,691,503,50,82,1,-1,-1,-1
520,57291,91,437,37,79,1,-1,-1,-1
520,57292,1349,713,63,95,1,-1,-1,-1
520,57297,1308,530,50,86,1,-1,-1,-1
520,57299,1425,627,54,96,1,-1,-1,-1
520,57308,904,480,44,74,1,-1,-1,-1
520,57319,754,425,43,71,1,-1,-1,-1
520,57356,916,424,59,64,1,-1,-1,-1
520,57374,1390,582,66,102,1,-1,-1,-1
520,57381,1266,487,53,88,1,-1,-1,-1
520,57397,1561,616,59,113,1,-1,-1,-1
520,57408,1601,815,61,127,1,-1,-1,-1
520,57426,941,429,17,13,1,-1,-1,-1
521,57285,807,363,47,71,1,-1,-1,-1
521,57286,648,409,47,74,1,-1,-1,-1
521,57287,715,426,41,76,1,-1,-1,-1
521,57288,86,445,37,80,1,-1,-1,-1
521,57290,689,502,49,82,1,-1,-1,-1
521,57291,84,438,36,80,1,-1,-1,-1
521,57292,1352,712,64,94,1,-1,-1,-1
521,57297,1311,530,50,87,1,-1,-1,-1
521,57299,1426,628,54,96,1,-1,-1,-1
521,57308,901,480,45,73,1,-1,-1,-1
521,57319,750,425,42,71,1,-1,-1,-1
521,57356,914,423,59,66,1,-1,-1,-1
521,57374,1390,583,65,102,1,-1,-1,-1
521,57381,1264,487,54,88,1,-1,-1,-1
521,57397,1557,617,58,110,1,-1,-1,-1
521,57408,1596,815,59,125,1,-1,-1,-1
521,57426,939,428,17,13,1,-1,-1,-1
522,57285,806,362,47,72,1,-1,-1,-1
522,57286,646,410,47,74,1,-1,-1,-1
522,57287,710,426,41,77,1,-1,-1,-1
522,57288,76,447,36,79,1,-1,-1,-1
522,57290,686,502,49,82,1,-1,-1,-1
522,57291,77,440,36,81,1,-1,-1,-1
522,57292,1354,712,64,94,1,-1,-1,-1
522,57297,1312,531,50,86,1,-1,-1,-1
522,57299,1426,628,55,96,1,-1,-1,-1
522,57308,898,480,46,73,1,-1,-1,-1
522,57319,746,426,42,71,1,-1,-1,-1
522,57356,912,423,60,67,1,-1,-1,-1
522,57374,1390,583,64,102,1,-1,-1,-1
522,57381,1263,486,54,89,1,-1,-1,-1
522,57397,1554,617,58,109,1,-1,-1,-1
522,57408,1592,816,59,124,1,-1,-1,-1
522,57426,937,426,17,13,1,-1,-1,-1
523,57285,805,362,48,72,1,-1,-1,-1
523,57286,643,411,47,74,1,-1,-1,-1
523,57287,705,427,42,77,1,-1,-1,-1
523,57288,65,448,36,79,1,-1,-1,-1
523,57290,682,501,50,82,1,-1,-1,-1
523,57291,71,441,35,81,1,-1,-1,-1
523,57292,1356,712,66,95,1,-1,-1,-1
523,57297,1312,531,51,87,1,-1,-1,-1
523,57299,1427,629,54,96,1,-1,-1,-1
523,57308,895,480,47,73,1,-1,-1,-1
523,57319,742,427,42,71,1,-1,-1,-1
523,57356,910,423,59,67,1,-1,-1,-1
523,57374,1388,583,64,103,1,-1,-1,-1
523,57381,1262,486,54,89,1,-1,-1,-1
523,57397,1552,618,58,108,1,-1,-1,-1
523,57408,1587,815,59,124,1,-1,-1,-1
523,57426,934,426,17,13,1,-1,-1,-1
524,57285,804,361,49,73,1,-1,-1,-1
524,57286,638,412,48,74,1,-1,-1,-1
524,57287,700,427,42,78,1,-1,-1,-1
524,57288,54,450,36,79,1,-1,-1,-1
524,57290,677,502,50,82,1,-1,-1,-1
524,57291,65,441,34,82,1,-1,-1,-1
524,57292,1360,711,67,97,1,-1,-1,-1
524,57297,1312,531,52,87,1,-1,-1,-1
524,57299,1427,629,55,96,1,-1,-1,-1
524,57308,892,480,47,72,1,-1,-1,-1
524,57319,737,427,42,72,1,-1,-1,-1
524,57356,908,422,60,68,1,-1,-1,-1
524,57374,1386,584,63,103,1,-1,-1,-1
524,57381,1262,486,53,89,1,-1,-1,-1
524,57397,1549,618,59,108,1,-1,-1,-1
524,57408,1583,815,58,123,1,-1,-1,-1
524,57426,930,425,17,13,1,-1,-1,-1
525,57285,803,361,49,73,1,-1,-1,-1
525,57286,633,412,48,75,1,-1,-1,-1
525,57287,695,427,43,79,1,-1,-1,-1
525,57288,37,452,36,79,1,-1,-1,-1
525,57290,670,502,49,82,1,-1,-1,-1
525,57291,55,441,34,82,1,-1,-1,-1
525,57292,1366,711,67,99,1,-1,-1,-1
525,57297,1313,532,53,87,1,-1,-1,-1
525,57299,1428,630,55,96,1,-1,-1,-1
525,57308,888,479,48,72,1,-1,-1,-1
525,57319,730,428,42,72,1,-1,-1,-1
525,57356,904,422,60,69,1,-1,-1,-1
525,57374,1383,584,63,103,1,-1,-1,-1
525,57381,1261,487,53,89,1,-1,-1,-1
525,57397,1547,618,58,108,1,-1,-1,-1
525,57408,1577,814,59,124,1,-1,-1,-1
525,57426,926,425,17,13,1,-1,-1,-1
526,57285,803,360,49,74,1,-1,-1,-1
526,57286,626,413,49,74,1,-1,-1,-1
526,57287,688,428,43,78,1,-1,-1,-1
526,57288,22,452,36,79,1,-1,-1,-1
526,57290,667,502,50,82,1,-1,-1,-1
526,57291,47,441,33,82,1,-1,-1,-1
526,57292,1366,711,66,101,1,-1,-1,-1
526,57297,1313,532,54,87,1,-1,-1,-1
526,57299,1428,631,55,96,1,-1,-1,-1
526,57308,887,479,48,72,1,-1,-1,-1
526,57319,727,429,43,72,1,-1,-1,-1
526,57356,903,421,60,70,1,-1,-1,-1
526,57374,1380,585,63,103,1,-1,-1,-1
526,57381,1260,487,52,89,1,-1,-1,-1
526,57397,1543,618,58,108,1,-1,-1,-1
526,57408,1569,813,59,124,1,-1,-1,-1
526,57426,920,424,17,13,1,-1,-1,-1
527,57285,801,360,49,73,1,-1,-1,-1
527,57286,623,414,48,74,1,-1,-1,-1
527,57287,683,428,43,79,1,-1,-1,-1
527,57288,17,452,36,79,1,-1,-1,-1
527,57290,663,503,49,82,1,-1,-1,-1
527,57291,38,444,33,82,1,-1,-1,-1
527,57292,1367,711,65,101,1,-1,-1,-1
527,57297,1312,532,56,88,1,-1,-1,-1
527,57299,1427,631,55,96,1,-1,-1,-1
527,57308,884,479,49,73,1,-1,-1,-1
527,57319,723,429,43,72,1,-1,-1,-1
527,57356,900,421,59,70,1,-1,-1,-1
527,57374,1378,585,63,104,1,-1,-1,-1
527,57381,1260,487,51,89,1,-1,-1,-1
527,57397,1541,618,58,108,1,-1,-1,-1
527,57408,1565,813,59,123,1,-1,-1,-1
528,57285,799,359,48,74,1,-1,-1,-1
528,57286,617,415,49,74,1,-1,-1,-1
528,57287,677,428,43,79,1,-1,-1,-1
528,57288,16,452,36,79,1,-1,-1,-1
528,57290,658,503,50,82,1,-1,-1,-1
528,57291,31,446,33,82,1,-1,-1,-1
528,57292,1368,711,64,101,1,-1,-1,-1
528,57297,1312,533,57,88,1,-1,-1,-1
528,57299,1425,631,56,97,1,-1,-1,-1
528,57308,880,479,50,73,1,-1,-1,-1
528,57319,719,430,42,72,1,-1,-1,-1
528,57356,896,420,59,70,1,-1,-1,-1
528,57374,1376,586,63,104,1,-1,-1,-1
528,57381,1258,488,51,89,1,-1,-1,-1
528,57397,1537,618,58,109,1,-1,-1,-1
528,57408,1561,813,59,123,1,-1,-1,-1
529,57285,797,359,48,74,1,-1,-1,-1
529,57286,611,416,49,74,1,-1,-1,-1
529,57287,669,428,44,80,1,-1,-1,-1
529,57288,14,452,36,81,1,-1,-1,-1
529,57290,654,504,50,83,1,-1,-1,-1
529,57291,23,450,32,80,1,-1,-1,-1
529,57292,1369,711,64,101,1,-1,-1,-1
529,57297,1312,534,58,88,1,-1,-1,-1
529,57299,1424,632,56,97,1,-1,-1,-1
529,57308,876,480,50,73,1,-1,-1,-1
529,57319,715,430,41,72,1,-1,-1,-1
529,57356,892,419,59,71,1,-1,-1,-1
529,57374,1375,587,63,104,1,-1,-1,-1
529,57381,1254,488,51,89,1,-1,-1,-1
529,57397,1532,618,58,109,1,-1,-1,-1
529,57408,1557,812,59,124,1,-1,-1,-1
530,57285,795,359,48,73,1,-1,-1,-1
530,57286,605,417,49,74,1,-1,-1,-1
530,57287,661,429,44,79,1,-1,-1,-1
530,57288,7,455,35,81,1,-1,-1,-1
530,57290,650,504,50,83,1,-1,-1,-1
530,57291,20,452,32,79,1,-1,-1,-1
530,57292,1371,710,64,102,1,-1,-1,-1
530,57297,1312,534,59,90,1,-1,-1,-1
530,57299,1421,632,57,98,1,-1,-1,-1
530,57308,872,480,51,75,1,-1,-1,-1
530,57319,710,431,41,72,1,-1,-1,-1
530,57356,888,418,58,72,1,-1,-1,-1
530,57374,1374,587,63,105,1,-1,-1,-1
530,57381,1250,488,52,90,1,-1,-1,-1
530,57397,1527,619,57,109,1,-1,-1,-1
530,57408,1552,812,60,124,1,-1,-1,-1
531,57285,792,359,47,73,1,-1,-1,-1
531,57286,599,418,48,74,1,-1,-1,-1
531,57287,653,429,44,79,1,-1,-1,-1
531,57288,-2,459,34,82,1,-1,-1,-1
531,57290,646,505,50,83,1,-1,-1,-1
531,57291,19,452,33,79,1,-1,-1,-1
531,57292,1372,710,64,102,1,-1,-1,-1
531,57297,1313,535,59,90,1,-1,-1,-1
531,57299,1419,633,57,98,1,-1,-1,-1
531,57308,869,480,51,75,1,-1,-1,-1
531,57319,705,432,42,72,1,-1,-1,-1
531,57356,883,418,58,71,1,-1,-1,-1
531,57374,1372,588,63,106,1,-1,-1,-1
531,57381,1246,489,53,90,1,-1,-1,-1
531,57397,1521,619,58,109,1,-1,-1,-1
531,57408,1548,812,60,123,1,-1,-1,-1
532,57285,789,359,48,73,1,-1,-1,-1
532,57286,594,419,49,74,1,-1,-1,-1
532,57287,647,430,44,79,1,-1,-1,-1
532,57288,-6,460,32,81,1,-1,-1,-1
532,57290,641,505,50,84,1,-1,-1,-1
532,57292,1373,710,64,103,1,-1,-1,-1
532,57297,1313,535,60,91,1,-1,-1,-1
532,57299,1416,633,58,99,1,-1,-1,-1
532,57308,865,481,51,75,1,-1,-1,-1
532,57319,700,433,42,72,1,-1,-1,-1
532,57356,879,417,57,71,1,-1,-1,-1
532,57374,1371,589,63,106,1,-1,-1,-1
532,57381,1245,489,53,90,1,-1,-1,-1
532,57397,1518,618,59,110,1,-1,-1,-1
532,57408,1544,810,60,124,1,-1,-1,-1
533,57285,787,359,48,73,1,-1,-1,-1
533,57286,590,419,48,74,1,-1,-1,-1
533,57287,642,431,43,79,1,-1,-1,-1
533,57288,-7,461,31,80,1,-1,-1,-1
533,57290,637,506,50,84,1,-1,-1,-1
533,57292,1375,710,64,103,1,-1,-1,-1
533,57297,1313,536,60,92,1,-1,-1,-1
533,57299,1414,634,59,99,1,-1,-1,-1
533,57308,861,481,52,76,1,-1,-1,-1
533,57319,696,433,42,73,1,-1,-1,-1
533,57356,875,416,57,72,1,-1,-1,-1
533,57374,1369,590,63,107,1,-1,-1,-1
533,57381,1244,490,54,90,1,-1,-1,-1
533,57397,1517,616,59,110,1,-1,-1,-1
533,57408,1540,808,60,124,1,-1,-1,-1
534,57285,784,359,47,73,1,-1,-1,-1
534,57286,584,419,47,74,1,-1,-1,-1
534,57287,635,433,43,80,1,-1,-1,-1
534,57290,633,507,50,84,1,-1,-1,-1
534,57292,1376,710,65,102,1,-1,-1,-1
534,57297,1314,537,60,92,1,-1,-1,-1
534,57299,1412,634,59,99,1,-1,-1,-1
534,57308,858,481,51,77,1,-1,-1,-1
534,57319,688,435,42,73,1,-1,-1,-1
534,57356,871,415,56,72,1,-1,-1,-1
534,57374,1367,592,63,108,1,-1,-1,-1
534,57381,1244,490,53,90,1,-1,-1,-1
534,57397,1515,612,60,112,1,-1,-1,-1
534,57408,1534,805,60,124,1,-1,-1,-1
535,57285,782,359,47,73,1,-1,-1,-1
535,57286,581,419,47,74,1,-1,-1,-1
535,57287,633,434,43,79,1,-1,-1,-1
535,57290,628,507,51,85,1,-1,-1,-1
535,57292,1377,710,65,102,1,-1,-1,-1
535,57297,1314,537,60,93,1,-1,-1,-1
535,57299,1410,635,60,100,1,-1,-1,-1
535,57308,854,482,52,77,1,-1,-1,-1
535,57319,685,436,41,73,1,-1,-1,-1
535,57356,867,414,55,73,1,-1,-1,-1
535,57374,1366,593,63,108,1,-1,-1,-1
535,57381,1244,490,52,91,1,-1,-1,-1
535,57397,1515,611,60,113,1,-1,-1,-1
535,57408,1532,804,60,124,1,-1,-1,-1
536,57285,780,359,46,72,1,-1,-1,-1
536,57286,577,420,46,74,1,-1,-1,-1
536,57287,629,435,42,79,1,-1,-1,-1
536,57290,624,508,50,85,1,-1,-1,-1
536,57292,1379,709,65,102,1,-1,-1,-1
536,57297,1314,538,61,93,1,-1,-1,-1
536,57299,1407,636,61,100,1,-1,-1,-1
536,57308,851,482,51,78,1,-1,-1,-1
536,57319,680,436,41,73,1,-1,-1,-1
536,57356,863,414,54,72,1,-1,-1,-1
536,57374,1363,593,63,109,1,-1,-1,-1
536,57381,1242,491,51,90,1,-1,-1,-1
536,57397,1512,610,60,113,1,-1,-1,-1
536,57408,1527,801,60,126,1,-1,-1,-1
537,57285,778,359,46,72,1,-1,-1,-1
537,57286,572,420,46,75,1,-1,-1,-1
537,57287,623,436,42,79,1,-1,-1,-1
537,57290,619,509,51,85,1,-1,-1,-1
537,57292,1380,708,65,103,1,-1,-1,-1
537,57297,1315,538,60,95,1,-1,-1,-1
537,57299,1405,636,62,101,1,-1,-1,-1
537,57308,847,483,52,78,1,-1,-1,-1
537,57319,674,436,41,74,1,-1,-1,-1
537,57356,858,413,54,73,1,-1,-1,-1
537,57374,1358,594,64,109,1,-1,-1,-1
537,57381,1239,491,52,90,1,-1,-1,-1
537,57397,1508,611,60,113,1,-1,-1,-1
537,57408,1520,798,61,128,1,-1,-1,-1
538,57285,774,358,46,72,1,-1,-1,-1
538,57286,566,421,46,76,1,-1,-1,-1
538,57287,618,437,41,79,1,-1,-1,-1
538,57290,614,509,50,86,1,-1,-1,-1
538,57292,1383,708,63,102,1,-1,-1,-1
538,57297,1316,539,60,95,1,-1,-1,-1
538,57299,1402,637,63,101,1,-1,-1,-1
538,57308,843,483,51,79,1,-1,-1,-1
538,57319,665,437,42,73,1,-1,-1,-1
538,57356,854,412,53,73,1,-1,-1,-1
538,57374,1353,594,64,110,1,-1,-1,-1
538,57381,1235,491,52,91,1,-1,-1,-1
538,57397,1505,611,59,113,1,-1,-1,-1
538,57408,1514,794,62,131,1,-1,-1,-1
539,57285,775,358,46,72,1,-1,-1,-1
539,57286,556,422,47,78,1,-1,-1,-1
539,57287,608,439,41,79,1,-1,-1,-1
539,57290,610,510,50,86,1,-1,-1,-1
539,57292,1384,707,63,103,1,-1,-1,-1
539,57297,1316,540,59,95,1,-1,-1,-1
539,57299,1400,637,64,102,1,-1,-1,-1
539,57308,841,483,50,80,1,-1,-1,-1
539,57319,660,438,43,73,1,-1,-1,-1
539,57356,850,411,52,73,1,-1,-1,-1
539,57374,1349,595,64,110,1,-1,-1,-1
539,57381,1231,491,53,91,1,-1,-1,-1
539,57397,1498,612,60,113,1,-1,-1,-1
539,57408,1504,789,62,135,1,-1,-1,-1
539,57429,832,420,17,13,1,-1,-1,-1
540,57285,775,358,47,72,1,-1,-1,-1
540,57286,551,423,48,78,1,-1,-1,-1
540,57287,604,440,41,79,1,-1,-1,-1
540,57290,605,510,50,86,1,-1,-1,-1
540,57292,1384,707,62,103,1,-1,-1,-1
540,57297,1316,541,58,96,1,-1,-1,-1
540,57299,1398,638,64,101,1,-1,-1,-1
540,57308,838,484,50,81,1,-1,-1,-1
540,57319,655,439,44,73,1,-1,-1,-1
540,57356,849,410,51,73,1,-1,-1,-1
540,57374,1344,596,65,111,1,-1,-1,-1
540,57381,1228,492,54,92,1,-1,-1,-1
540,57397,1496,612,59,113,1,-1,-1,-1
540,57408,1499,788,63,136,1,-1,-1,-1
540,57429,831,420,17,13,1,-1,-1,-1
541,57285,772,358,48,72,1,-1,-1,-1
541,57286,545,424,48,78,1,-1,-1,-1
541,57287,598,440,41,80,1,-1,-1,-1
541,57290,600,510,50,86,1,-1,-1,-1
541,57292,1384,707,61,102,1,-1,-1,-1
541,57297,1315,542,58,96,1,-1,-1,-1
541,57299,1397,638,64,102,1,-1,-1,-1
541,57308,835,485,50,81,1,-1,-1,-1
541,57319,651,440,45,74,1,-1,-1,-1
541,57356,846,410,50,74,1,-1,-1,-1
541,57374,1339,597,65,111,1,-1,-1,-1
541,57381,1225,493,54,92,1,-1,-1,-1
541,57397,1490,613,60,113,1,-1,-1,-1
541,57408,1494,786,60,135,1,-1,-1,-1
541,57429,827,419,17,13,1,-1,-1,-1
542,57285,770,359,48,72,1,-1,-1,-1
542,57286,539,425,47,78,1,-1,-1,-1
542,57287,590,441,41,79,1,-1,-1,-1
542,57290,594,510,50,87,1,-1,-1,-1
542,57292,1384,706,60,103,1,-1,-1,-1
542,57297,1315,543,57,95,1,-1,-1,-1
542,57299,1395,639,65,102,1,-1,-1,-1
542,57308,832,486,49,82,1,-1,-1,-1
542,57319,647,441,46,74,1,-1,-1,-1
542,57356,843,410,49,74,1,-1,-1,-1
542,57374,1334,598,65,112,1,-1,-1,-1
542,57381,1222,493,55,94,1,-1,-1,-1
542,57397,1484,615,60,113,1,-1,-1,-1
542,57408,1488,785,59,133,1,-1,-1,-1
542,57429,823,419,17,13,1,-1,-1,-1
543,57285,767,359,48,73,1,-1,-1,-1
543,57286,532,426,46,79,1,-1,-1,-1
543,57287,582,442,42,79,1,-1,-1,-1
543,57290,589,510,50,87,1,-1,-1,-1
543,57292,1384,706,59,102,1,-1,-1,-1
543,57297,1314,544,56,95,1,-1,-1,-1
543,57299,1394,639,64,102,1,-1,-1,-1
543,57308,829,487,48,82,1,-1,-1,-1
543,57319,642,442,47,74,1,-1,-1,-1
543,57356,840,409,48,74,1,-1,-1,-1
543,57374,1329,599,66,113,1,-1,-1,-1
543,57381,1218,494,56,94,1,-1,-1,-1
543,57397,1478,616,60,113,1,-1,-1,-1
543,57408,1481,785,58,130,1,-1,-1,-1
543,57429,820,419,17,13,1,-1,-1,-1
544,57285,764,359,48,73,1,-1,-1,-1
544,57286,522,428,45,78,1,-1,-1,-1
544,57287,570,442,43,81,1,-1,-1,-1
544,57290,581,510,49,87,1,-1,-1,-1
544,57292,1384,705,59,102,1,-1,-1,-1
544,57297,1313,545,55,95,1,-1,-1,-1
544,57299,1393,640,63,102,1,-1,-1,-1
544,57308,824,488,48,83,1,-1,-1,-1
544,57319,636,443,48,74,1,-1,-1,-1
544,57356,835,409,48,74,1,-1,-1,-1
544,57374,1322,600,66,113,1,-1,-1,-1
544,57381,1214,494,56,96,1,-1,-1,-1
544,57397,1468,617,61,113,1,-1,-1,-1
544,57408,1472,784,56,126,1,-1,-1,-1
544,57429,815,419,17,13,1,-1,-1,-1
545,57285,762,359,47,73,1,-1,-1,-1
545,57286,517,429,44,78,1,-1,-1,-1
545,57287,565,443,43,81,1,-1,-1,-1
545,57290,578,510,49,88,1,-1,-1,-1
545,57292,1383,705,59,102,1,-1,-1,-1
545,57297,1312,546,55,95,1,-1,-1,-1
545,57299,1392,641,62,102,1,-1,-1,-1
545,57308,822,489,47,83,1,-1,-1,-1
545,57319,633,444,49,74,1,-1,-1,-1
545,57356,831,409,48,74,1,-1,-1,-1
545,57374,1319,601,66,114,1,-1,-1,-1
545,57381,1211,495,57,96,1,-1,-1,-1
545,57397,1463,617,62,113,1,-1,-1,-1
545,57408,1467,783,56,125,1,-1,-1,-1
546,57285,759,359,47,74,1,-1,-1,-1
546,57286,512,430,43,78,1,-1,-1,-1
546,57287,559,445,44,81,1,-1,-1,-1
546,57290,573,511,49,88,1,-1,-1,-1
546,57292,1383,705,58,102,1,-1,-1,-1
546,57297,1311,547,54,94,1,-1,-1,-1
546,57299,1391,642,61,102,1,-1,-1,-1
546,57308,819,489,47,84,1,-1,-1,-1
546,57319,631,445,50,74,1,-1,-1,-1
546,57356,828,408,47,75,1,-1,-1,-1
546,57374,1317,602,65,113,1,-1,-1,-1
546,57381,1209,496,57,96,1,-1,-1,-1
546,57397,1460,617,61,113,1,-1,-1,-1
546,57408,1462,782,56,126,1,-1,-1,-1
547,57285,757,359,46,74,1,-1,-1,-1
547,57286,506,430,43,79,1,-1,-1,-1
547,57287,553,447,45,81,1,-1,-1,-1
547,57290,569,511,49,88,1,-1,-1,-1
547,57292,1383,705,58,102,1,-1,-1,-1
547,57297,1310,548,53,94,1,-1,-1,-1
547,57299,1390,643,60,102,1,-1,-1,-1
547,57308,815,490,48,85,1,-1,-1,-1
547,57319,629,446,50,74,1,-1,-1,-1
547,57356,824,408,47,75,1,-1,-1,-1
547,57374,1315,603,65,113,1,-1,-1,-1
547,57381,1206,498,57,96,1,-1,-1,-1
547,57397,1455,617,62,113,1,-1,-1,-1
547,57408,1457,780,56,128,1,-1,-1,-1
548,57285,755,359,44,74,1,-1,-1,-1
548,57286,499,431,44,79,1,-1,-1,-1
548,57287,548,448,44,81,1,-1,-1,-1
548,57290,564,511,50,89,1,-1,-1,-1
548,57292,1382,705,59,102,1,-1,-1,-1
548,57297,1310,549,51,94,1,-1,-1,-1
548,57299,1388,644,59,102,1,-1,-1,-1
548,57308,811,491,49,85,1,-1,-1,-1
548,57319,626,446,52,74,1,-1,-1,-1
548,57356,821,407,46,75,1,-1,-1,-1
548,57374,1313,603,63,114,1,-1,-1,-1
548,57381,1204,500,56,95,1,-1,-1,-1
548,57397,1452,616,61,114,1,-1,-1,-1
548,57408,1452,778,56,130,1,-1,-1,-1
549,57285,753,359,43,74,1,-1,-1,-1
549,57286,491,432,44,79,1,-1,-1,-1
549,57287,541,451,45,81,1,-1,-1,-1
549,57290,559,511,49,89,1,-1,-1,-1
549,57292,1382,705,59,101,1,-1,-1,-1
549,57297,1309,551,50,92,1,-1,-1,-1
549,57299,1386,646,58,102,1,-1,-1,-1
549,57308,806,492,50,86,1,-1,-1,-1
549,57319,624,447,53,74,1,-1,-1,-1
549,57356,815,407,47,75,1,-1,-1,-1
549,57374,1311,604,62,114,1,-1,-1,-1
549,57381,1201,502,55,95,1,-1,-1,-1
549,57397,1447,615,61,115,1,-1,-1,-1
549,57408,1446,776,56,132,1,-1,-1,-1
549,57429,803,420,17,13,1,-1,-1,-1
550,57285,749,360,42,74,1,-1,-1,-1
550,57286,486,433,45,79,1,-1,-1,-1
550,57287,536,452,46,81,1,-1,-1,-1
550,57290,553,511,51,89,1,-1,-1,-1
550,57292,1381,706,61,101,1,-1,-1,-1
550,57297,1310,552,50,92,1,-1,-1,-1
550,57299,1384,649,57,102,1,-1,-1,-1
550,57308,800,494,51,87,1,-1,-1,-1
550,57319,620,448,54,75,1,-1,-1,-1
550,57356,810,406,45,74,1,-1,-1,-1
550,57374,1308,605,61,114,1,-1,-1,-1
550,57381,1199,503,56,95,1,-1,-1,-1
550,57397,1444,615,60,115,1,-1,-1,-1
550,57408,1442,775,55,133,1,-1,-1,-1
550,57430,1884,577,31,111,1,-1,-1,-1
550,57429,802,421,17,13,1,-1,-1,-1
551,57285,748,360,40,74,1,-1,-1,-1
551,57286,481,434,45,79,1,-1,-1,-1
551,57287,532,453,47,81,1,-1,-1,-1
551,57290,551,511,52,90,1,-1,-1,-1
551,57292,1380,706,62,101,1,-1,-1,-1
551,57297,1311,553,49,92,1,-1,-1,-1
551,57299,1384,650,55,102,1,-1,-1,-1
551,57308,798,495,52,87,1,-1,-1,-1
551,57319,618,449,55,75,1,-1,-1,-1
551,57356,808,406,45,73,1,-1,-1,-1
551,57374,1305,607,60,115,1,-1,-1,-1
551,57381,1199,503,55,96,1,-1,-1,-1
551,57397,1442,615,59,115,1,-1,-1,-1
551,57408,1437,775,55,133,1,-1,-1,-1
551,57430,1877,578,31,111,1,-1,-1,-1
551,57429,801,422,17,13,1,-1,-1,-1
552,57285,745,360,39,73,1,-1,-1,-1
552,57286,476,435,45,79,1,-1,-1,-1
552,57287,528,454,47,81,1,-1,-1,-1
552,57290,549,512,52,90,1,-1,-1,-1
552,57292,1380,706,63,101,1,-1,-1,-1
552,57297,1311,554,48,92,1,-1,-1,-1
552,57299,1383,651,54,102,1,-1,-1,-1
552,57308,798,496,52,87,1,-1,-1,-1
552,57319,617,449,56,76,1,-1,-1,-1
552,57356,807,406,44,73,1,-1,-1,-1
552,57374,1301,608,60,116,1,-1,-1,-1
552,57381,1198,504,56,96,1,-1,-1,-1
552,57397,1439,614,59,116,1,-1,-1,-1
552,57408,1433,776,54,131,1,-1,-1,-1
552,57430,1870,580,31,111,1,-1,-1,-1
552,57429,800,423,17,13,1,-1,-1,-1
553,57285,740,360,40,72,1,-1,-1,-1
553,57286,469,437,45,78,1,-1,-1,-1
553,57287,523,455,47,81,1,-1,-1,-1
553,57290,547,514,53,91,1,-1,-1,-1
553,57292,1382,707,63,101,1,-1,-1,-1
553,57297,1311,556,48,92,1,-1,-1,-1
553,57299,1381,652,52,101,1,-1,-1,-1
553,57308,799,499,51,87,1,-1,-1,-1
553,57319,616,451,56,75,1,-1,-1,-1
553,57356,806,406,45,73,1,-1,-1,-1
553,57374,1296,611,60,116,1,-1,-1,-1
553,57381,1198,505,55,94,1,-1,-1,-1
553,57397,1436,614,58,116,1,-1,-1,-1
553,57408,1426,777,53,130,1,-1,-1,-1
553,57430,1862,582,31,111,1,-1,-1,-1
553,57429,800,424,17,13,1,-1,-1,-1
554,57285,738,361,40,71,1,-1,-1,-1
554,57286,466,438,43,78,1,-1,-1,-1
554,57287,520,456,48,81,1,-1,-1,-1
554,57290,544,515,54,92,1,-1,-1,-1
554,57292,1384,708,63,101,1,-1,-1,-1
554,57297,1311,558,47,92,1,-1,-1,-1
554,57299,1381,653,51,101,1,-1,-1,-1
554,57308,799,500,52,87,1,-1,-1,-1
554,57319,616,452,56,75,1,-1,-1,-1
554,57356,806,407,44,74,1,-1,-1,-1
554,57374,1294,613,59,117,1,-1,-1,-1
554,57381,1198,506,54,94,1,-1,-1,-1
554,57397,1434,616,58,116,1,-1,-1,-1
554,57408,1423,777,52,130,1,-1,-1,-1
554,57430,1855,583,31,111,1,-1,-1,-1
554,57429,799,426,17,13,1,-1,-1,-1
555,57285,736,363,40,71,1,-1,-1,-1
555,57286,461,440,44,78,1,-1,-1,-1
555,57287,519,458,48,81,1,-1,-1,-1
555,57290,542,517,54,92,1,-1,-1,-1
555,57292,1386,709,63,101,1,-1,-1,-1
555,57297,1310,560,47,92,1,-1,-1,-1
555,57299,1382,654,50,101,1,-1,-1,-1
555,57308,797,503,51,87,1,-1,-1,-1
555,57319,615,453,57,75,1,-1,-1,-1
555,57356,806,407,44,74,1,-1,-1,-1
555,57374,1293,616,57,117,1,-1,-1,-1
555,57381,1197,508,54,94,1,-1,-1,-1
555,57397,1433,620,58,115,1,-1,-1,-1
555,57408,1421,777,51,130,1,-1,-1,-1
555,57430,1847,585,31,110,1,-1,-1,-1
555,57429,798,427,17,13,1,-1,-1,-1
556,57285,736,367,39,70,1,-1,-1,-1
556,57286,456,442,44,78,1,-1,-1,-1
556,57287,517,461,50,81,1,-1,-1,-1
556,57290,539,519,54,93,1,-1,-1,-1
556,57292,1388,709,62,101,1,-1,-1,-1
556,57297,1309,561,47,92,1,-1,-1,-1
556,57299,1383,657,48,100,1,-1,-1,-1
556,57308,795,506,52,87,1,-1,-1,-1
556,57319,614,455,57,75,1,-1,-1,-1
556,57356,805,407,43,74,1,-1,-1,-1
556,57374,1291,619,57,117,1,-1,-1,-1
556,57381,1197,510,53,94,1,-1,-1,-1
556,57397,1432,624,59,115,1,-1,-1,-1
556,57408,1418,776,50,130,1,-1,-1,-1
556,57430,1840,587,31,110,1,-1,-1,-1
556,57429,797,428,17,13,1,-1,-1,-1
557,57285,735,370,38,70,1,-1,-1,-1
557,57286,451,444,43,78,1,-1,-1,-1
557,57287,515,463,50,81,1,-1,-1,-1
557,57290,537,521,54,94,1,-1,-1,-1
557,57292,1391,710,60,101,1,-1,-1,-1
557,57297,1309,563,46,91,1,-1,-1,-1
557,57299,1384,659,48,100,1,-1,-1,-1
557,57308,792,509,53,87,1,-1,-1,-1
557,57319,613,456,57,75,1,-1,-1,-1
557,57356,805,408,43,75,1,-1,-1,-1
557,57374,1289,622,56,118,1,-1,-1,-1
557,57381,1197,512,52,93,1,-1,-1,-1
557,57397,1431,628,60,115,1,-1,-1,-1
557,57408,1415,776,50,130,1,-1,-1,-1
557,57430,1833,588,31,110,1,-1,-1,-1
557,57429,796,429,17,13,1,-1,-1,-1
558,57285,735,373,37,68,1,-1,-1,-1
558,57286,447,445,44,78,1,-1,-1,-1
558,57287,514,465,51,81,1,-1,-1,-1
558,57290,536,523,52,93,1,-1,-1,-1
558,57292,1394,711,60,101,1,-1,-1,-1
558,57297,1309,565,47,91,1,-1,-1,-1
558,57299,1385,661,47,99,1,-1,-1,-1
558,57308,792,510,53,88,1,-1,-1,-1
558,57319,614,457,57,76,1,-1,-1,-1
558,57356,805,408,42,75,1,-1,-1,-1
558,57374,1289,625,55,117,1,-1,-1,-1
558,57381,1197,514,51,93,1,-1,-1,-1
558,57397,1430,629,60,115,1,-1,-1,-1
558,57408,1413,776,49,130,1,-1,-1,-1
558,57430,1826,590,31,109,1,-1,-1,-1
559,57285,734,374,37,68,1,-1,-1,-1
559,57286,445,447,44,78,1,-1,-1,-1
559,57287,514,467,52,81,1,-1,-1,-1
559,57290,534,525,51,92,1,-1,-1,-1
559,57292,1398,712,59,101,1,-1,-1,-1
559,57297,1310,567,48,91,1,-1,-1,-1
559,57299,1386,663,46,99,1,-1,-1,-1
559,57308,793,512,53,87,1,-1,-1,-1
559,57319,617,459,56,75,1,-1,-1,-1
559,57356,806,408,42,75,1,-1,-1,-1
559,57374,1289,627,55,117,1,-1,-1,-1
559,57381,1197,516,50,93,1,-1,-1,-1
559,57397,1429,630,60,115,1,-1,-1,-1
559,57408,1412,776,48,130,1,-1,-1,-1
559,57430,1819,591,30,109,1,-1,-1,-1
560,57285,733,376,38,67,1,-1,-1,-1
560,57286,443,448,45,78,1,-1,-1,-1
560,57287,514,468,52,81,1,-1,-1,-1
560,57290,532,527,50,91,1,-1,-1,-1
560,57292,1402,713,59,101,1,-1,-1,-1
560,57297,1310,569,49,91,1,-1,-1,-1
560,57299,1387,665,45,99,1,-1,-1,-1
560,57308,795,513,53,88,1,-1,-1,-1
560,57319,619,460,56,75,1,-1,-1,-1
560,57356,807,408,41,76,1,-1,-1,-1
560,57374,1290,629,54,118,1,-1,-1,-1
560,57381,1197,518,50,93,1,-1,-1,-1
560,57397,1427,630,61,115,1,-1,-1,-1
560,57408,1410,776,48,130,1,-1,-1,-1
560,57430,1811,593,31,109,1,-1,-1,-1
561,57285,733,377,38,66,1,-1,-1,-1
561,57286,440,450,45,78,1,-1,-1,-1
561,57287,513,470,53,81,1,-1,-1,-1
561,57290,530,529,49,90,1,-1,-1,-1
561,57292,1406,714,58,100,1,-1,-1,-1
561,57297,1310,570,51,91,1,-1,-1,-1
561,57299,1387,667,45,98,1,-1,-1,-1
561,57308,798,516,51,86,1,-1,-1,-1
561,57319,621,461,56,75,1,-1,-1,-1
561,57356,808,408,40,76,1,-1,-1,-1
561,57374,1290,632,54,117,1,-1,-1,-1
561,57381,1196,520,50,93,1,-1,-1,-1
561,57397,1427,630,61,115,1,-1,-1,-1
561,57408,1407,776,47,130,1,-1,-1,-1
561,57430,1804,594,30,109,1,-1,-1,-1
562,57285,733,378,39,65,1,-1,-1,-1
562,57286,439,451,45,78,1,-1,-1,-1
562,57287,514,471,53,81,1,-1,-1,-1
562,57290,529,531,47,88,1,-1,-1,-1
562,57292,1409,714,58,100,1,-1,-1,-1
562,57297,1310,572,53,91,1,-1,-1,-1
562,57299,1389,669,44,98,1,-1,-1,-1
562,57308,799,517,50,86,1,-1,-1,-1
562,57319,624,463,56,75,1,-1,-1,-1
562,57356,808,409,41,77,1,-1,-1,-1
562,57374,1290,634,54,117,1,-1,-1,-1
562,57381,1196,522,50,93,1,-1,-1,-1
562,57397,1425,630,62,115,1,-1,-1,-1
562,57408,1406,776,47,130,1,-1,-1,-1
562,57430,1797,596,30,108,1,-1,-1,-1
563,57285,739,379,38,64,1,-1,-1,-1
563,57286,437,452,45,77,1,-1,-1,-1
563,57287,516,471,54,81,1,-1,-1,-1
563,57290,527,534,46,86,1,-1,-1,-1
563,57292,1414,715,58,100,1,-1,-1,-1
563,57297,1310,575,55,91,1,-1,-1,-1
563,57299,1390,672,44,97,1,-1,-1,-1
563,57308,799,519,49,86,1,-1,-1,-1
563,57319,627,464,55,75,1,-1,-1,-1
563,57356,809,409,39,77,1,-1,-1,-1
563,57374,1291,635,52,117,1,-1,-1,-1
563,57381,1195,525,52,92,1,-1,-1,-1
563,57397,1425,630,61,115,1,-1,-1,-1
563,57408,1403,776,46,130,1,-1,-1,-1
563,57430,1788,598,30,108,1,-1,-1,-1
564,57285,740,380,38,64,1,-1,-1,-1
564,57286,435,453,46,76,1,-1,-1,-1
564,57287,519,472,54,81,1,-1,-1,-1
564,57290,527,535,44,86,1,-1,-1,-1
564,57292,1415,716,59,101,1,-1,-1,-1
564,57297,1310,576,56,91,1,-1,-1,-1
564,57299,1389,672,44,97,1,-1,-1,-1
564,57308,799,519,50,86,1,-1,-1,-1
564,57319,629,465,55,75,1,-1,-1,-1
564,57356,810,409,39,78,1,-1,-1,-1
564,57374,1291,636,52,117,1,-1,-1,-1
564,57381,1195,527,52,92,1,-1,-1,-1
564,57397,1424,630,61,115,1,-1,-1,-1
564,57408,1400,775,45,130,1,-1,-1,-1
564,57430,1781,599,31,108,1,-1,-1,-1
564,57431,797,438,17,13,1,-1,-1,-1
565,57285,738,381,40,64,1,-1,-1,-1
565,57286,431,454,47,75,1,-1,-1,-1
565,57287,522,472,54,81,1,-1,-1,-1
565,57290,526,535,44,86,1,-1,-1,-1
565,57292,1414,716,59,105,1,-1,-1,-1
565,57297,1307,576,56,91,1,-1,-1,-1
565,57299,1387,671,43,97,1,-1,-1,-1
565,57308,799,521,51,86,1,-1,-1,-1
565,57319,632,466,55,75,1,-1,-1,-1
565,57356,811,410,38,76,1,-1,-1,-1
565,57374,1291,638,52,117,1,-1,-1,-1
565,57381,1196,527,51,92,1,-1,-1,-1
565,57397,1422,630,61,115,1,-1,-1,-1
565,57408,1393,772,45,130,1,-1,-1,-1
565,57430,1775,599,30,108,1,-1,-1,-1
565,57431,797,438,17,13,1,-1,-1,-1
566,57285,738,381,40,65,1,-1,-1,-1
566,57286,430,455,48,74,1,-1,-1,-1
566,57287,526,472,53,81,1,-1,-1,-1
566,57290,525,535,44,86,1,-1,-1,-1
566,57292,1413,716,59,106,1,-1,-1,-1
566,57297,1306,575,56,93,1,-1,-1,-1
566,57299,1384,669,43,97,1,-1,-1,-1
566,57308,800,521,52,86,1,-1,-1,-1
566,57319,633,466,55,75,1,-1,-1,-1
566,57356,812,410,37,75,1,-1,-1,-1
566,57374,1291,639,52,117,1,-1,-1,-1
566,57381,1196,527,52,93,1,-1,-1,-1
566,57397,1422,630,60,115,1,-1,-1,-1
566,57408,1391,772,45,130,1,-1,-1,-1
566,57430,1768,599,31,108,1,-1,-1,-1
566,57431,798,438,17,13,1,-1,-1,-1
567,57285,739,382,42,64,1,-1,-1,-1
567,57286,428,456,48,74,1,-1,-1,-1
567,57287,529,472,52,81,1,-1,-1,-1
567,57290,524,536,44,86,1,-1,-1,-1
567,57292,1414,715,59,107,1,-1,-1,-1
567,57297,1306,574,57,95,1,-1,-1,-1
567,57299,1381,667,43,97,1,-1,-1,-1
567,57308,802,522,52,86,1,-1,-1,-1
567,57319,638,467,55,75,1,-1,-1,-1
567,57356,814,410,36,74,1,-1,-1,-1
567,57374,1292,639,51,117,1,-1,-1,-1
567,57381,1196,528,51,93,1,-1,-1,-1
567,57397,1422,628,60,115,1,-1,-1,-1
567,57408,1389,771,44,128,1,-1,-1,-1
567,57430,1761,599,31,108,1,-1,-1,-1
567,57431,798,438,17,13,1,-1,-1,-1
568,57285,740,382,44,65,1,-1,-1,-1
568,57286,426,457,48,73,1,-1,-1,-1
568,57287,533,472,51,81,1,-1,-1,-1
568,57290,523,536,45,86,1,-1,-1,-1
568,57292,1415,714,58,107,1,-1,-1,-1
568,57297,1308,573,57,97,1,-1,-1,-1
568,57299,1378,665,42,97,1,-1,-1,-1
568,57308,805,523,53,86,1,-1,-1,-1
568,57319,643,467,55,75,1,-1,-1,-1
568,57356,815,410,36,73,1,-1,-1,-1
568,57374,1293,639,50,117,1,-1,-1,-1
568,57381,1195,528,51,93,1,-1,-1,-1
568,57397,1422,627,60,115,1,-1,-1,-1
568,57408,1387,770,43,126,1,-1,-1,-1
568,57430,1753,600,32,108,1,-1,-1,-1
568,57431,798,438,17,13,1,-1,-1,-1
569,57285,743,383,44,65,1,-1,-1,-1
569,57286,424,458,47,74,1,-1,-1,-1
569,57287,536,473,51,81,1,-1,-1,-1
569,57290,521,536,46,86,1,-1,-1,-1
569,57292,1416,712,58,108,1,-1,-1,-1
569,57297,1309,570,58,102,1,-1,-1,-1
569,57299,1374,663,43,97,1,-1,-1,-1
569,57308,809,524,53,86,1,-1,-1,-1
569,57319,652,468,54,75,1,-1,-1,-1
569,57356,816,410,36,72,1,-1,-1,-1
569,57374,1294,639,49,117,1,-1,-1,-1
569,57381,1194,529,50,93,1,-1,-1,-1
569,57397,1421,625,60,115,1,-1,-1,-1
569,57408,1385,768,42,122,1,-1,-1,-1
569,57430,1747,600,31,109,1,-1,-1,-1
569,57431,798,438,17,13,1,-1,-1,-1
570,57285,745,383,45,66,1,-1,-1,-1
570,57286,423,459,45,74,1,-1,-1,-1
570,57287,539,473,49,81,1,-1,-1,-1
570,57290,520,537,47,86,1,-1,-1,-1
570,57292,1417,712,58,107,1,-1,-1,-1
570,57297,1310,570,57,104,1,-1,-1,-1
570,57299,1371,661,43,97,1,-1,-1,-1
570,57308,811,525,53,86,1,-1,-1,-1
570,57319,656,468,54,75,1,-1,-1,-1
570,57356,816,410,37,71,1,-1,-1,-1
570,57374,1295,639,47,116,1,-1,-1,-1
570,57381,1194,529,50,94,1,-1,-1,-1
570,57397,1420,625,60,115,1,-1,-1,-1
570,57408,1382,767,43,122,1,-1,-1,-1
570,57430,1739,600,32,109,1,-1,-1,-1
571,57285,748,384,45,65,1,-1,-1,-1
571,57286,421,459,44,74,1,-1,-1,-1
571,57287,541,473,49,81,1,-1,-1,-1
571,57290,520,537,47,86,1,-1,-1,-1
571,57292,1418,713,57,105,1,-1,-1,-1
571,57297,1311,570,56,103,1,-1,-1,-1
571,57299,1369,658,43,98,1,-1,-1,-1
571,57308,812,526,53,86,1,-1,-1,-1
571,57319,661,468,53,75,1,-1,-1,-1
571,57356,817,409,37,70,1,-1,-1,-1
571,57374,1295,639,46,113,1,-1,-1,-1
571,57381,1194,530,50,94,1,-1,-1,-1
571,57397,1420,627,59,115,1,-1,-1,-1
571,57408,1380,765,44,122,1,-1,-1,-1
571,57430,1732,600,32,109,1,-1,-1,-1
572,57285,750,384,46,66,1,-1,-1,-1
572,57286,418,459,44,74,1,-1,-1,-1
572,57287,543,473,48,81,1,-1,-1,-1
572,57290,519,537,48,86,1,-1,-1,-1
572,57292,1420,713,57,105,1,-1,-1,-1
572,57297,1311,570,54,103,1,-1,-1,-1
572,57299,1367,657,42,98,1,-1,-1,-1
572,57308,813,527,53,86,1,-1,-1,-1
572,57319,666,469,51,75,1,-1,-1,-1
572,57356,818,409,37,70,1,-1,-1,-1
572,57374,1295,639,44,110,1,-1,-1,-1
572,57381,1194,530,51,95,1,-1,-1,-1
572,57397,1419,631,59,115,1,-1,-1,-1
572,57408,1377,763,44,122,1,-1,-1,-1
572,57430,1725,601,32,109,1,-1,-1,-1
573,57285,752,385,47,66,1,-1,-1,-1
573,57286,415,459,43,74,1,-1,-1,-1
573,57287,545,473,47,81,1,-1,-1,-1
573,57290,520,537,47,86,1,-1,-1,-1
573,57292,1421,713,56,103,1,-1,-1,-1
573,57297,1310,571,54,102,1,-1,-1,-1
573,57299,1364,655,43,98,1,-1,-1,-1
573,57308,814,528,53,86,1,-1,-1,-1
573,57319,671,469,49,75,1,-1,-1,-1
573,57356,819,409,37,69,1,-1,-1,-1
573,57374,1295,639,43,106,1,-1,-1,-1
573,57381,1193,530,54,97,1,-1,-1,-1
573,57397,1418,634,60,115,1,-1,-1,-1
573,57408,1374,761,45,123,1,-1,-1,-1
573,57430,1717,601,33,109,1,-1,-1,-1
574,57285,754,385,47,67,1,-1,-1,-1
574,57286,411,459,44,74,1,-1,-1,-1
574,57287,547,474,47,81,1,-1,-1,-1
574,57290,520,538,47,85,1,-1,-1,-1
574,57292,1423,714,55,102,1,-1,-1,-1
574,57297,1309,572,53,102,1,-1,-1,-1
574,57299,1362,653,42,98,1,-1,-1,-1
574,57308,815,529,52,85,1,-1,-1,-1
574,57319,675,469,48,75,1,-1,-1,-1
574,57356,820,408,38,69,1,-1,-1,-1
574,57374,1295,638,41,103,1,-1,-1,-1
574,57381,1193,531,55,97,1,-1,-1,-1
574,57397,1417,638,60,115,1,-1,-1,-1
574,57408,1371,758,45,125,1,-1,-1,-1
574,57430,1709,601,33,109,1,-1,-1,-1
575,57285,759,385,47,68,1,-1,-1,-1
575,57286,409,459,43,74,1,-1,-1,-1
575,57287,549,474,47,81,1,-1,-1,-1
575,57290,520,538,46,86,1,-1,-1,-1
575,57292,1425,715,55,100,1,-1,-1,-1
575,57297,1308,573,53,100,1,-1,-1,-1
575,57299,1359,650,42,98,1,-1,-1,-1
575,57308,816,530,53,85,1,-1,-1,-1
575,57319,683,469,45,75,1,-1,-1,-1
575,57356,821,408,39,67,1,-1,-1,-1
575,57374,1294,637,41,101,1,-1,-1,-1
575,57381,1192,531,56,98,1,-1,-1,-1
575,57397,1416,639,59,114,1,-1,-1,-1
575,57408,1369,757,45,124,1,-1,-1,-1
575,57430,1702,601,34,109,1,-1,-1,-1
575,57432,817,430,17,13,1,-1,-1,-1
576,57285,760,386,47,68,1,-1,-1,-1
576,57286,408,459,42,74,1,-1,-1,-1
576,57287,551,474,46,81,1,-1,-1,-1
576,57290,520,538,46,86,1,-1,-1,-1
576,57292,1425,715,56,100,1,-1,-1,-1
576,57297,1307,574,53,99,1,-1,-1,-1
576,57299,1357,649,42,98,1,-1,-1,-1
576,57308,815,531,54,85,1,-1,-1,-1
576,57319,686,470,44,75,1,-1,-1,-1
576,57356,821,408,40,66,1,-1,-1,-1
576,57374,1291,636,42,99,1,-1,-1,-1
576,57381,1190,532,57,98,1,-1,-1,-1
576,57397,1416,640,59,111,1,-1,-1,-1
576,57408,1367,757,46,122,1,-1,-1,-1
576,57430,1699,601,34,109,1,-1,-1,-1
577,57285,757,384,46,69,1,-1,-1,-1
577,57286,405,459,42,74,1,-1,-1,-1
577,57287,554,474,45,81,1,-1,-1,-1
577,57290,515,538,45,86,1,-1,-1,-1
577,57292,1422,716,56,98,1,-1,-1,-1
577,57297,1303,575,51,97,1,-1,-1,-1
577,57299,1353,647,42,97,1,-1,-1,-1
577,57308,817,531,53,86,1,-1,-1,-1
577,57319,689,470,44,75,1,-1,-1,-1
577,57356,819,408,40,66,1,-1,-1,-1
577,57374,1289,634,42,98,1,-1,-1,-1
577,57381,1186,532,56,99,1,-1,-1,-1
577,57397,1416,641,57,107,1,-1,-1,-1
577,57408,1365,758,45,117,1,-1,-1,-1
577,57430,1687,601,34,109,1,-1,-1,-1
578,57285,756,384,45,70,1,-1,-1,-1
578,57286,404,459,40,74,1,-1,-1,-1
578,57287,555,475,45,81,1,-1,-1,-1
578,57290,513,538,44,87,1,-1,-1,-1
578,57292,1418,715,56,98,1,-1,-1,-1
578,57297,1301,576,50,95,1,-1,-1,-1
578,57299,1349,646,42,95,1,-1,-1,-1
578,57308,818,531,51,86,1,-1,-1,-1
578,57319,690,470,44,75,1,-1,-1,-1
578,57356,818,408,41,66,1,-1,-1,-1
578,57374,1286,631,43,98,1,-1,-1,-1
578,57381,1185,533,56,98,1,-1,-1,-1
578,57397,1415,640,57,106,1,-1,-1,-1
578,57408,1364,758,45,116,1,-1,-1,-1
578,57430,1682,602,34,108,1,-1,-1,-1
579,57285,754,383,44,70,1,-1,-1,-1
579,57286,401,459,40,74,1,-1,-1,-1
579,57287,557,475,44,81,1,-1,-1,-1
579,57290,510,538,44,87,1,-1,-1,-1
579,57292,1414,714,56,98,1,-1,-1,-1
579,57297,1300,576,49,93,1,-1,-1,-1
579,57299,1345,644,41,95,1,-1,-1,-1
579,57308,818,532,51,86,1,-1,-1,-1
579,57319,692,470,44,75,1,-1,-1,-1
579,57356,815,408,40,66,1,-1,-1,-1
579,57374,1284,628,43,98,1,-1,-1,-1
579,57381,1184,533,55,98,1,-1,-1,-1
579,57397,1411,638,58,105,1,-1,-1,-1
579,57408,1358,757,46,115,1,-1,-1,-1
579,57430,1673,601,34,108,1,-1,-1,-1
580,57285,752,382,43,71,1,-1,-1,-1
580,57286,397,460,39,74,1,-1,-1,-1
580,57287,557,475,44,81,1,-1,-1,-1
580,57290,506,538,44,88,1,-1,-1,-1
580,57292,1410,714,56,97,1,-1,-1,-1
580,57297,1298,577,49,91,1,-1,-1,-1
580,57299,1341,643,40,92,1,-1,-1,-1
580,57308,819,532,50,86,1,-1,-1,-1
580,57319,695,470,44,76,1,-1,-1,-1
580,57356,811,408,40,65,1,-1,-1,-1
580,57374,1281,626,44,97,1,-1,-1,-1
580,57381,1182,533,56,98,1,-1,-1,-1
580,57397,1406,635,59,105,1,-1,-1,-1
580,57408,1352,756,47,115,1,-1,-1,-1
580,57430,1663,601,34,108,1,-1,-1,-1
581,57285,749,381,43,72,1,-1,-1,-1
581,57286,393,461,39,74,1,-1,-1,-1
581,57287,559,475,43,81,1,-1,-1,-1
581,57290,502,538,44,88,1,-1,-1,-1
581,57292,1405,713,56,98,1,-1,-1,-1
581,57297,1297,578,47,88,1,-1,-1,-1
581,57299,1335,642,41,90,1,-1,-1,-1
581,57308,818,532,51,86,1,-1,-1,-1
581,57319,698,471,44,76,1,-1,-1,-1
581,57356,808,407,39,65,1,-1,-1,-1
581,57374,1279,624,45,96,1,-1,-1,-1
581,57381,1181,533,55,98,1,-1,-1,-1
581,57397,1400,632,60,105,1,-1,-1,-1
581,57408,1346,754,47,116,1,-1,-1,-1
581,57430,1653,601,34,107,1,-1,-1,-1
582,57285,747,380,42,73,1,-1,-1,-1
582,57286,388,462,39,74,1,-1,-1,-1
582,57287,560,475,42,81,1,-1,-1,-1
582,57290,497,538,43,89,1,-1,-1,-1
582,57292,1401,713,54,97,1,-1,-1,-1
582,57297,1296,578,45,86,1,-1,-1,-1
582,57299,1330,640,40,88,1,-1,-1,-1
582,57308,819,532,51,87,1,-1,-1,-1
582,57319,702,471,44,76,1,-1,-1,-1
582,57356,803,407,37,64,1,-1,-1,-1
582,57374,1276,621,46,95,1,-1,-1,-1
582,57381,1179,534,55,97,1,-1,-1,-1
582,57397,1394,628,60,105,1,-1,-1,-1
582,57408,1338,752,48,116,1,-1,-1,-1
582,57430,1641,600,34,107,1,-1,-1,-1
583,57285,745,379,41,74,1,-1,-1,-1
583,57286,385,463,40,74,1,-1,-1,-1
583,57287,562,475,42,81,1,-1,-1,-1
583,57290,495,538,43,89,1,-1,-1,-1
583,57292,1398,712,54,97,1,-1,-1,-1
583,57297,1295,579,44,85,1,-1,-1,-1
583,57299,1327,640,40,87,1,-1,-1,-1
583,57308,820,532,52,87,1,-1,-1,-1
583,57319,704,471,44,77,1,-1,-1,-1
583,57356,802,406,36,65,1,-1,-1,-1
583,57374,1274,620,47,94,1,-1,-1,-1
583,57381,1177,534,55,98,1,-1,-1,-1
583,57397,1388,626,61,105,1,-1,-1,-1
583,57408,1335,751,48,116,1,-1,-1,-1
583,57430,1634,600,34,107,1,-1,-1,-1
584,57285,742,377,41,75,1,-1,-1,-1
584,57286,384,463,38,74,1,-1,-1,-1
584,57287,565,475,42,81,1,-1,-1,-1
584,57290,495,538,43,89,1,-1,-1,-1
584,57292,1395,712,54,96,1,-1,-1,-1
584,57297,1296,580,43,82,1,-1,-1,-1
584,57299,1326,641,40,85,1,-1,-1,-1
584,57308,822,532,52,87,1,-1,-1,-1
584,57319,706,471,45,77,1,-1,-1,-1
584,57356,800,406,36,65,1,-1,-1,-1
584,57374,1271,618,49,94,1,-1,-1,-1
584,57381,1173,535,55,97,1,-1,-1,-1
584,57397,1382,625,61,104,1,-1,-1,-1
584,57408,1332,751,49,116,1,-1,-1,-1
584,57430,1628,601,34,106,1,-1,-1,-1
585,57285,739,376,41,76,1,-1,-1,-1
585,57286,382,463,38,74,1,-1,-1,-1
585,57287,567,475,44,81,1,-1,-1,-1
585,57290,494,537,43,90,1,-1,-1,-1
585,57292,1393,711,54,97,1,-1,-1,-1
585,57297,1297,581,41,80,1,-1,-1,-1
585,57299,1324,641,41,83,1,-1,-1,-1
585,57308,825,533,52,87,1,-1,-1,-1
585,57319,709,472,45,77,1,-1,-1,-1
585,57356,800,405,35,65,1,-1,-1,-1
585,57374,1269,616,49,95,1,-1,-1,-1
585,57381,1170,535,55,97,1,-1,-1,-1
585,57397,1377,623,60,105,1,-1,-1,-1
585,57408,1330,751,50,116,1,-1,-1,-1
585,57430,1623,601,33,106,1,-1,-1,-1
586,57285,737,375,40,77,1,-1,-1,-1
586,57286,381,463,38,74,1,-1,-1,-1
586,57287,570,475,45,81,1,-1,-1,-1
586,57290,494,537,43,90,1,-1,-1,-1
586,57292,1390,710,53,96,1,-1,-1,-1
586,57297,1298,583,40,77,1,-1,-1,-1
586,57299,1322,642,41,82,1,-1,-1,-1
586,57308,828,533,52,87,1,-1,-1,-1
586,57319,711,472,46,77,1,-1,-1,-1
586,57356,799,405,36,65,1,-1,-1,-1
586,57374,1267,615,49,94,1,-1,-1,-1
586,57381,1166,536,54,97,1,-1,-1,-1
586,57397,1371,622,59,104,1,-1,-1,-1
586,57408,1328,751,50,116,1,-1,-1,-1
586,57430,1616,601,34,106,1,-1,-1,-1
587,57285,734,374,40,78,1,-1,-1,-1
587,57286,380,463,37,74,1,-1,-1,-1
587,57287,572,475,47,81,1,-1,-1,-1
587,57290,494,537,43,91,1,-1,-1,-1
587,57292,1388,709,53,96,1,-1,-1,-1
587,57297,1299,584,38,76,1,-1,-1,-1
587,57299,1321,643,41,80,1,-1,-1,-1
587,57308,830,533,52,87,1,-1,-1,-1
587,57319,713,472,47,78,1,-1,-1,-1
587,57356,798,404,36,65,1,-1,-1,-1
587,57374,1265,613,50,94,1,-1,-1,-1
587,57381,1163,536,53,97,1,-1,-1,-1
587,57397,1364,621,59,104,1,-1,-1,-1
587,57408,1325,751,52,116,1,-1,-1,-1
587,57430,1611,602,34,105,1,-1,-1,-1
588,57285,731,372,40,79,1,-1,-1,-1
588,57286,378,463,36,74,1,-1,-1,-1
588,57287,574,475,49,81,1,-1,-1,-1
588,57290,494,536,43,92,1,-1,-1,-1
588,57292,1385,709,52,96,1,-1,-1,-1
588,57297,1300,586,37,73,1,-1,-1,-1
588,57299,1320,644,41,79,1,-1,-1,-1
588,57308,833,533,51,88,1,-1,-1,-1
588,57319,719,472,47,78,1,-1,-1,-1
588,57356,797,404,36,64,1,-1,-1,-1
588,57374,1263,611,51,95,1,-1,-1,-1
588,57381,1159,536,52,97,1,-1,-1,-1
588,57397,1361,620,58,105,1,-1,-1,-1
588,57408,1321,751,52,116,1,-1,-1,-1
588,57430,1606,602,33,105,1,-1,-1,-1
589,57285,729,371,39,80,1,-1,-1,-1
589,57286,375,463,35,74,1,-1,-1,-1
589,57287,577,475,49,81,1,-1,-1,-1
589,57290,493,536,43,92,1,-1,-1,-1
589,57292,1382,708,52,96,1,-1,-1,-1
589,57297,1299,586,36,72,1,-1,-1,-1
589,57299,1316,644,42,78,1,-1,-1,-1
589,57308,835,533,52,88,1,-1,-1,-1
589,57319,723,472,47,79,1,-1,-1,-1
589,57356,796,403,37,64,1,-1,-1,-1
589,57374,1262,610,50,94,1,-1,-1,-1
589,57381,1157,537,51,96,1,-1,-1,-1
589,57397,1359,620,58,105,1,-1,-1,-1
589,57408,1316,751,53,115,1,-1,-1,-1
589,57430,1602,602,33,105,1,-1,-1,-1
590,57285,726,371,39,79,1,-1,-1,-1
590,57286,371,464,36,74,1,-1,-1,-1
590,57287,580,475,50,81,1,-1,-1,-1
590,57290,490,536,43,93,1,-1,-1,-1
590,57292,1377,708,53,96,1,-1,-1,-1
590,57297,1297,586,36,74,1,-1,-1,-1
590,57299,1311,642,43,79,1,-1,-1,-1
590,57308,838,534,52,88,1,-1,-1,-1
590,57319,727,472,48,79,1,-1,-1,-1
590,57356,794,402,38,65,1,-1,-1,-1
590,57374,1259,608,51,94,1,-1,-1,-1
590,57381,1154,537,51,96,1,-1,-1,-1
590,57397,1357,620,57,105,1,-1,-1,-1
590,57408,1309,750,55,116,1,-1,-1,-1
590,57430,1597,600,33,106,1,-1,-1,-1
591,57285,724,370,38,80,1,-1,-1,-1
591,57286,370,464,35,74,1,-1,-1,-1
591,57287,583,475,49,81,1,-1,-1,-1
591,57290,487,536,42,93,1,-1,-1,-1
591,57292,1372,707,52,97,1,-1,-1,-1
591,57297,1295,585,36,76,1,-1,-1,-1
591,57299,1304,640,46,81,1,-1,-1,-1
591,57308,838,534,53,89,1,-1,-1,-1
591,57319,731,472,49,79,1,-1,-1,-1
591,57356,791,401,39,67,1,-1,-1,-1
591,57374,1257,606,51,95,1,-1,-1,-1
591,57381,1152,537,50,97,1,-1,-1,-1
591,57397,1355,620,57,105,1,-1,-1,-1
591,57408,1303,747,56,116,1,-1,-1,-1
591,57430,1592,597,34,107,1,-1,-1,-1
592,57285,721,370,38,78,1,-1,-1,-1
592,57286,368,464,36,76,1,-1,-1,-1
592,57287,587,475,48,81,1,-1,-1,-1
592,57290,484,537,41,92,1,-1,-1,-1
592,57292,1367,706,52,97,1,-1,-1,-1
592,57297,1292,585,37,77,1,-1,-1,-1
592,57299,1297,638,47,82,1,-1,-1,-1
592,57308,838,534,53,90,1,-1,-1,-1
592,57319,736,472,48,80,1,-1,-1,-1
592,57356,789,399,39,68,1,-1,-1,-1
592,57374,1256,604,50,95,1,-1,-1,-1
592,57381,1149,536,50,97,1,-1,-1,-1
592,57397,1354,620,56,105,1,-1,-1,-1
592,57408,1295,744,58,116,1,-1,-1,-1
592,57430,1587,595,34,108,1,-1,-1,-1
593,57285,719,369,37,78,1,-1,-1,-1
593,57286,366,464,37,78,1,-1,-1,-1
593,57287,591,475,47,81,1,-1,-1,-1
593,57290,480,537,42,93,1,-1,-1,-1
593,57292,1361,705,52,97,1,-1,-1,-1
593,57297,1288,584,38,80,1,-1,-1,-1
593,57299,1290,636,49,84,1,-1,-1,-1
593,57308,837,534,54,92,1,-1,-1,-1
593,57319,740,471,49,82,1,-1,-1,-1
593,57356,786,398,41,69,1,-1,-1,-1
593,57374,1254,603,51,94,1,-1,-1,-1
593,57381,1146,536,49,97,1,-1,-1,-1
593,57397,1352,620,56,105,1,-1,-1,-1
593,57408,1285,740,60,116,1,-1,-1,-1
593,57430,1580,592,36,110,1,-1,-1,-1
594,57285,716,368,37,79,1,-1,-1,-1
594,57286,365,464,36,78,1,-1,-1,-1
594,57287,594,475,46,81,1,-1,-1,-1
594,57290,477,538,41,92,1,-1,-1,-1
594,57292,1355,704,52,98,1,-1,-1,-1
594,57297,1285,583,39,83,1,-1,-1,-1
594,57299,1284,634,50,85,1,-1,-1,-1
594,57308,838,534,53,93,1,-1,-1,-1
594,57319,745,471,48,82,1,-1,-1,-1
594,57356,785,397,40,70,1,-1,-1,-1
594,57374,1253,601,50,95,1,-1,-1,-1
594,57381,1144,536,48,97,1,-1,-1,-1
594,57397,1351,619,55,105,1,-1,-1,-1
594,57408,1277,737,61,116,1,-1,-1,-1
594,57430,1576,590,35,111,1,-1,-1,-1
595,57285,714,368,36,78,1,-1,-1,-1
595,57286,363,464,35,79,1,-1,-1,-1
595,57287,596,475,46,81,1,-1,-1,-1
595,57290,474,538,41,93,1,-1,-1,-1
595,57292,1350,704,52,98,1,-1,-1,-1
595,57297,1283,583,39,85,1,-1,-1,-1
595,57299,1277,632,51,87,1,-1,-1,-1
595,57308,838,535,53,92,1,-1,-1,-1
595,57319,749,471,49,82,1,-1,-1,-1
595,57356,782,397,41,70,1,-1,-1,-1
595,57374,1251,599,49,95,1,-1,-1,-1
595,57381,1140,536,48,97,1,-1,-1,-1
595,57397,1350,618,55,105,1,-1,-1,-1
595,57408,1268,734,62,116,1,-1,-1,-1
595,57430,1571,589,35,111,1,-1,-1,-1
596,57285,711,367,35,78,1,-1,-1,-1
596,57286,359,464,35,79,1,-1,-1,-1
596,57287,599,475,45,81,1,-1,-1,-1
596,57290,471,539,40,92,1,-1,-1,-1
596,57292,1344,703,52,99,1,-1,-1,-1
596,57297,1278,582,40,88,1,-1,-1,-1
596,57299,1266,629,54,89,1,-1,-1,-1
596,57308,839,535,53,92,1,-1,-1,-1
596,57319,754,471,48,83,1,-1,-1,-1
596,57356,780,397,41,70,1,-1,-1,-1
596,57374,1249,596,48,94,1,-1,-1,-1
596,57381,1137,536,47,97,1,-1,-1,-1
596,57397,1348,615,55,105,1,-1,-1,-1
596,57408,1254,731,63,115,1,-1,-1,-1
596,57430,1565,588,36,111,1,-1,-1,-1
597,57285,708,366,35,78,1,-1,-1,-1
597,57286,358,464,35,79,1,-1,-1,-1
597,57287,601,475,44,81,1,-1,-1,-1
597,57290,467,539,40,93,1,-1,-1,-1
597,57292,1338,702,53,99,1,-1,-1,-1
597,57297,1276,582,41,89,1,-1,-1,-1
597,57299,1262,627,54,91,1,-1,-1,-1
597,57308,840,535,53,92,1,-1,-1,-1
597,57319,759,470,48,85,1,-1,-1,-1
597,57356,778,397,41,70,1,-1,-1,-1
597,57374,1247,595,48,94,1,-1,-1,-1
597,57381,1133,536,46,97,1,-1,-1,-1
597,57397,1347,615,55,104,1,-1,-1,-1
597,57408,1249,729,63,116,1,-1,-1,-1
597,57430,1560,588,37,110,1,-1,-1,-1
598,57285,706,366,34,78,1,-1,-1,-1
598,57286,355,464,34,79,1,-1,-1,-1
598,57287,603,476,43,81,1,-1,-1,-1
598,57290,464,539,39,94,1,-1,-1,-1
598,57292,1333,701,52,100,1,-1,-1,-1
598,57297,1273,581,41,92,1,-1,-1,-1
598,57299,1253,626,56,92,1,-1,-1,-1
598,57308,840,535,53,91,1,-1,-1,-1
598,57319,764,470,48,85,1,-1,-1,-1
598,57356,776,397,41,70,1,-1,-1,-1
598,57374,1244,593,47,94,1,-1,-1,-1
598,57381,1129,536,46,97,1,-1,-1,-1
598,57397,1344,615,54,105,1,-1,-1,-1
598,57408,1239,727,66,120,1,-1,-1,-1
598,57430,1555,587,37,110,1,-1,-1,-1
599,57285,703,365,33,78,1,-1,-1,-1
599,57286,350,464,34,79,1,-1,-1,-1
599,57287,605,476,43,81,1,-1,-1,-1
599,57290,460,540,39,93,1,-1,-1,-1
599,57292,1327,700,53,101,1,-1,-1,-1
599,57297,1269,580,42,94,1,-1,-1,-1
599,57299,1244,624,56,94,1,-1,-1,-1
599,57308,841,535,53,91,1,-1,-1,-1
599,57319,769,470,47,85,1,-1,-1,-1
599,57356,774,397,41,70,1,-1,-1,-1
599,57374,1238,589,48,94,1,-1,-1,-1
599,57381,1125,536,46,97,1,-1,-1,-1
599,57397,1339,616,55,105,1,-1,-1,-1
599,57408,1230,726,67,123,1,-1,-1,-1
599,57430,1550,586,37,111,1,-1,-1,-1
600,57285,699,364,32,77,1,-1,-1,-1
600,57286,346,464,33,79,1,-1,-1,-1
600,57287,607,477,42,81,1,-1,-1,-1
600,57290,457,541,39,93,1,-1,-1,-1
600,57292,1322,700,53,101,1,-1,-1,-1
600,57297,1264,579,43,98,1,-1,-1,-1
600,57299,1234,622,56,96,1,-1,-1,-1
600,57308,843,535,52,91,1,-1,-1,-1
600,57319,777,469,47,87,1,-1,-1,-1
600,57356,771,397,41,70,1,-1,-1,-1
600,57374,1233,585,47,94,1,-1,-1,-1
600,57381,1121,536,46,97,1,-1,-1,-1
600,57397,1335,616,54,105,1,-1,-1,-1
600,57408,1219,723,69,128,1,-1,-1,-1
600,57430,1544,586,38,110,1,-1,-1,-1
601,57285,698,363,31,77,1,-1,-1,-1
601,57286,343,464,32,79,1,-1,-1,-1
601,57287,609,477,42,81,1,-1,-1,-1
601,57290,459,541,38,93,1,-1,-1,-1
601,57292,1319,698,53,102,1,-1,-1,-1
601,57297,1262,579,43,99,1,-1,-1,-1
601,57299,1226,620,56,98,1,-1,-1,-1
601,57308,843,536,53,91,1,-1,-1,-1
601,57319,780,469,46,87,1,-1,-1,-1
601,57356,770,396,41,71,1,-1,-1,-1
601,57374,1229,584,47,94,1,-1,-1,-1
601,57381,1117,536,45,97,1,-1,-1,-1
601,57397,1331,616,54,104,1,-1,-1,-1
601,57408,1211,722,71,130,1,-1,-1,-1
601,57430,1543,585,39,110,1,-1,-1,-1
602,57285,695,363,32,77,1,-1,-1,-1
602,57286,341,464,32,79,1,-1,-1,-1
602,57287,610,478,42,81,1,-1,-1,-1
602,57290,456,541,38,93,1,-1,-1,-1
602,57292,1312,697,53,101,1,-1,-1,-1
602,57297,1259,578,43,100,1,-1,-1,-1
602,57299,1216,616,57,102,1,-1,-1,-1
602,57308,842,536,52,91,1,-1,-1,-1
602,57319,783,467,45,89,1,-1,-1,-1
602,57356,767,396,41,71,1,-1,-1,-1
602,57374,1224,584,47,94,1,-1,-1,-1
602,57381,1113,536,45,97,1,-1,-1,-1
602,57397,1327,615,54,105,1,-1,-1,-1
602,57408,1203,722,71,130,1,-1,-1,-1
602,57430,1536,585,40,109,1,-1,-1,-1
603,57285,692,362,31,77,1,-1,-1,-1
603,57286,339,464,31,79,1,-1,-1,-1
603,57287,612,478,42,81,1,-1,-1,-1
603,57290,451,541,37,93,1,-1,-1,-1
603,57292,1304,696,53,101,1,-1,-1,-1
603,57297,1255,578,44,100,1,-1,-1,-1
603,57299,1206,613,58,105,1,-1,-1,-1
603,57308,840,536,53,91,1,-1,-1,-1
603,57319,785,465,46,91,1,-1,-1,-1
603,57356,763,395,41,72,1,-1,-1,-1
603,57374,1220,584,46,93,1,-1,-1,-1
603,57381,1108,536,45,97,1,-1,-1,-1
603,57397,1324,614,53,105,1,-1,-1,-1
603,57408,1196,722,70,130,1,-1,-1,-1
603,57430,1528,584,40,109,1,-1,-1,-1
604,57285,690,362,30,77,1,-1,-1,-1
604,57286,337,464,31,79,1,-1,-1,-1
604,57287,613,478,44,81,1,-1,-1,-1
604,57290,443,541,37,93,1,-1,-1,-1
604,57292,1296,695,52,101,1,-1,-1,-1
604,57297,1252,578,43,100,1,-1,-1,-1
604,57299,1194,608,59,110,1,-1,-1,-1
604,57308,838,537,52,91,1,-1,-1,-1
604,57319,788,463,45,92,1,-1,-1,-1
604,57356,759,394,41,72,1,-1,-1,-1
604,57374,1215,584,46,94,1,-1,-1,-1
604,57381,1104,536,44,97,1,-1,-1,-1
604,57397,1319,612,54,105,1,-1,-1,-1
604,57408,1187,722,71,130,1,-1,-1,-1
604,57430,1516,582,40,109,1,-1,-1,-1
605,57285,686,361,30,77,1,-1,-1,-1
605,57286,335,464,31,79,1,-1,-1,-1
605,57287,614,478,44,81,1,-1,-1,-1
605,57290,439,540,36,94,1,-1,-1,-1
605,57292,1286,694,53,102,1,-1,-1,-1
605,57297,1248,578,43,100,1,-1,-1,-1
605,57299,1186,606,59,112,1,-1,-1,-1
605,57308,837,537,51,91,1,-1,-1,-1
605,57319,790,462,45,93,1,-1,-1,-1
605,57356,756,393,40,73,1,-1,-1,-1
605,57374,1211,583,47,95,1,-1,-1,-1
605,57381,1101,536,44,98,1,-1,-1,-1
605,57397,1316,611,53,105,1,-1,-1,-1
605,57408,1182,722,70,130,1,-1,-1,-1
605,57430,1510,581,40,109,1,-1,-1,-1
605,57450,1091,402,17,13,1,-1,-1,-1
606,57285,683,360,29,77,1,-1,-1,-1
606,57286,333,464,32,80,1,-1,-1,-1
606,57287,613,478,45,81,1,-1,-1,-1
606,57290,435,540,36,94,1,-1,-1,-1
606,57292,1278,694,53,101,1,-1,-1,-1
606,57297,1245,578,43,99,1,-1,-1,-1
606,57299,1177,605,58,112,1,-1,-1,-1
606,57308,836,537,50,91,1,-1,-1,-1
606,57319,792,462,44,94,1,-1,-1,-1
606,57356,752,393,41,74,1,-1,-1,-1
606,57374,1208,582,47,97,1,-1,-1,-1
606,57381,1097,536,44,98,1,-1,-1,-1
606,57397,1312,610,54,108,1,-1,-1,-1
606,57408,1177,721,69,128,1,-1,-1,-1
606,57430,1503,580,42,109,1,-1,-1,-1
607,57285,680,359,29,77,1,-1,-1,-1
607,57286,331,465,33,79,1,-1,-1,-1
607,57287,613,478,44,81,1,-1,-1,-1
607,57290,431,540,35,94,1,-1,-1,-1
607,57292,1268,693,54,101,1,-1,-1,-1
607,57297,1241,578,43,98,1,-1,-1,-1
607,57299,1169,604,57,113,1,-1,-1,-1
607,57308,834,538,50,91,1,-1,-1,-1
607,57319,795,462,42,93,1,-1,-1,-1
607,57356,748,393,41,74,1,-1,-1,-1
607,57374,1204,580,48,100,1,-1,-1,-1
607,57381,1094,536,43,98,1,-1,-1,-1
607,57397,1309,610,54,108,1,-1,-1,-1
607,57408,1171,719,69,128,1,-1,-1,-1
607,57430,1498,579,41,109,1,-1,-1,-1
608,57285,677,359,29,77,1,-1,-1,-1
608,57286,329,466,33,79,1,-1,-1,-1
608,57287,612,478,45,81,1,-1,-1,-1
608,57290,427,540,35,94,1,-1,-1,-1
608,57292,1260,692,53,102,1,-1,-1,-1
608,57297,1237,578,43,98,1,-1,-1,-1
608,57299,1161,604,56,112,1,-1,-1,-1
608,57308,832,538,49,91,1,-1,-1,-1
608,57319,797,462,42,93,1,-1,-1,-1
608,57356,744,393,41,75,1,-1,-1,-1
608,57374,1201,579,48,102,1,-1,-1,-1
608,57381,1090,536,43,98,1,-1,-1,-1
608,57397,1304,609,55,109,1,-1,-1,-1
608,57408,1165,718,69,126,1,-1,-1,-1
608,57430,1493,577,41,108,1,-1,-1,-1
609,57285,674,358,28,77,1,-1,-1,-1
609,57286,325,467,35,79,1,-1,-1,-1
609,57287,611,478,44,81,1,-1,-1,-1
609,57290,420,539,35,94,1,-1,-1,-1
609,57292,1245,692,53,100,1,-1,-1,-1
609,57297,1234,577,43,99,1,-1,-1,-1
609,57299,1153,603,55,112,1,-1,-1,-1
609,57308,830,538,49,91,1,-1,-1,-1
609,57319,801,462,41,92,1,-1,-1,-1
609,57356,740,393,41,75,1,-1,-1,-1
609,57374,1196,577,49,106,1,-1,-1,-1
609,57381,1087,536,43,98,1,-1,-1,-1
609,57397,1298,607,56,112,1,-1,-1,-1
609,57408,1156,717,67,123,1,-1,-1,-1
609,57430,1484,575,42,108,1,-1,-1,-1
610,57285,670,357,29,77,1,-1,-1,-1
610,57286,323,468,36,79,1,-1,-1,-1
610,57287,611,478,44,81,1,-1,-1,-1
610,57290,417,539,35,94,1,-1,-1,-1
610,57292,1240,691,53,100,1,-1,-1,-1
610,57297,1230,577,43,99,1,-1,-1,-1
610,57299,1144,603,56,111,1,-1,-1,-1
610,57308,829,539,47,91,1,-1,-1,-1
610,57319,802,462,41,92,1,-1,-1,-1
610,57356,737,392,40,76,1,-1,-1,-1
610,57374,1193,576,50,108,1,-1,-1,-1
610,57381,1084,536,42,98,1,-1,-1,-1
610,57397,1295,606,56,113,1,-1,-1,-1
610,57408,1153,716,67,123,1,-1,-1,-1
610,57430,1480,574,42,108,1,-1,-1,-1
611,57285,667,357,28,77,1,-1,-1,-1
611,57286,320,468,38,79,1,-1,-1,-1
611,57287,611,477,43,81,1,-1,-1,-1
611,57290,413,539,35,94,1,-1,-1,-1
611,57292,1232,691,54,100,1,-1,-1,-1
611,57297,1226,577,43,99,1,-1,-1,-1
611,57299,1136,602,55,112,1,-1,-1,-1
611,57308,827,539,47,91,1,-1,-1,-1
611,57319,804,462,40,91,1,-1,-1,-1
611,57356,733,392,41,77,1,-1,-1,-1
611,57374,1188,575,50,109,1,-1,-1,-1
611,57381,1081,536,42,98,1,-1,-1,-1
611,57397,1292,606,55,113,1,-1,-1,-1
611,57408,1150,716,66,122,1,-1,-1,-1
611,57430,1475,573,42,108,1,-1,-1,-1
612,57285,664,356,28,77,1,-1,-1,-1
612,57286,316,468,39,79,1,-1,-1,-1
612,57287,611,477,43,81,1,-1,-1,-1
612,57290,409,538,34,95,1,-1,-1,-1
612,57292,1224,690,54,100,1,-1,-1,-1
612,57297,1222,577,43,99,1,-1,-1,-1
612,57299,1127,602,55,111,1,-1,-1,-1
612,57308,826,539,46,91,1,-1,-1,-1
612,57319,805,463,41,90,1,-1,-1,-1
612,57356,729,392,40,77,1,-1,-1,-1
612,57374,1184,574,49,109,1,-1,-1,-1
612,57381,1077,536,42,98,1,-1,-1,-1
612,57397,1286,606,55,113,1,-1,-1,-1
612,57408,1146,716,65,122,1,-1,-1,-1
612,57430,1466,572,42,108,1,-1,-1,-1
613,57285,660,355,27,77,1,-1,-1,-1
613,57286,315,468,39,79,1,-1,-1,-1
613,57287,611,476,43,82,1,-1,-1,-1
613,57290,402,538,33,95,1,-1,-1,-1
613,57292,1213,689,54,100,1,-1,-1,-1
613,57297,1218,577,43,98,1,-1,-1,-1
613,57299,1115,601,55,112,1,-1,-1,-1
613,57308,825,540,44,91,1,-1,-1,-1
613,57319,806,463,43,90,1,-1,-1,-1
613,57356,724,392,40,78,1,-1,-1,-1
613,57374,1179,573,49,109,1,-1,-1,-1
613,57381,1073,536,41,98,1,-1,-1,-1
613,57397,1284,606,54,113,1,-1,-1,-1
613,57408,1144,716,64,122,1,-1,-1,-1
613,57430,1457,571,42,108,1,-1,-1,-1
614,57285,658,354,27,77,1,-1,-1,-1
614,57286,312,467,40,79,1,-1,-1,-1
614,57287,611,476,43,82,1,-1,-1,-1
614,57290,398,538,33,95,1,-1,-1,-1
614,57292,1206,689,55,100,1,-1,-1,-1
614,57297,1215,577,44,98,1,-1,-1,-1
614,57299,1109,601,54,111,1,-1,-1,-1
614,57308,823,540,44,91,1,-1,-1,-1
614,57319,807,463,43,89,1,-1,-1,-1
614,57356,721,392,40,79,1,-1,-1,-1
614,57374,1173,572,49,109,1,-1,-1,-1
614,57381,1071,536,40,98,1,-1,-1,-1
614,57397,1279,606,55,113,1,-1,-1,-1
614,57408,1138,714,63,122,1,-1,-1,-1
614,57430,1451,570,43,108,1,-1,-1,-1
615,57285,654,354,27,77,1,-1,-1,-1
615,57286,309,467,41,79,1,-1,-1,-1
615,57287,611,475,43,83,1,-1,-1,-1
615,57290,394,537,32,96,1,-1,-1,-1
615,57292,1199,688,55,100,1,-1,-1,-1
615,57297,1214,577,43,98,1,-1,-1,-1
615,57299,1101,601,53,110,1,-1,-1,-1
615,57308,822,540,42,91,1,-1,-1,-1
615,57319,808,462,43,89,1,-1,-1,-1
615,57356,718,391,40,80,1,-1,-1,-1
615,57374,1168,571,48,109,1,-1,-1,-1
615,57381,1067,536,41,98,1,-1,-1,-1
615,57397,1275,605,54,114,1,-1,-1,-1
615,57408,1131,712,61,122,1,-1,-1,-1
615,57430,1446,569,43,108,1,-1,-1,-1
616,57285,651,353,27,77,1,-1,-1,-1
616,57286,307,467,40,79,1,-1,-1,-1
616,57287,611,475,43,82,1,-1,-1,-1
616,57290,390,537,31,95,1,-1,-1,-1
616,57292,1191,688,55,100,1,-1,-1,-1
616,57297,1212,577,43,98,1,-1,-1,-1
616,57299,1094,601,51,109,1,-1,-1,-1
616,57308,820,540,41,91,1,-1,-1,-1
616,57319,809,461,42,89,1,-1,-1,-1
616,57356,715,390,40,81,1,-1,-1,-1
616,57374,1163,570,47,109,1,-1,-1,-1
616,57381,1064,535,40,99,1,-1,-1,-1
616,57397,1271,605,54,113,1,-1,-1,-1
616,57408,1122,710,60,122,1,-1,-1,-1
616,57430,1440,568,43,108,1,-1,-1,-1
617,57285,647,352,28,77,1,-1,-1,-1
617,57286,304,466,40,79,1,-1,-1,-1
617,57287,611,475,43,82,1,-1,-1,-1
617,57290,386,537,30,95,1,-1,-1,-1
617,57292,1182,687,55,100,1,-1,-1,-1
617,57297,1210,576,44,99,1,-1,-1,-1
617,57299,1085,602,50,107,1,-1,-1,-1
617,57308,818,540,41,91,1,-1,-1,-1
617,57319,810,460,41,89,1,-1,-1,-1
617,57356,712,389,40,82,1,-1,-1,-1
617,57374,1157,569,47,108,1,-1,-1,-1
617,57381,1061,535,39,99,1,-1,-1,-1
617,57397,1266,604,54,113,1,-1,-1,-1
617,57408,1113,707,59,122,1,-1,-1,-1
617,57430,1435,567,43,108,1,-1,-1,-1
618,57285,643,351,29,77,1,-1,-1,-1
618,57286,302,466,40,79,1,-1,-1,-1
618,57287,611,474,42,82,1,-1,-1,-1
618,57290,382,536,30,96,1,-1,-1,-1
618,57292,1175,687,54,100,1,-1,-1,-1
618,57297,1208,576,44,99,1,-1,-1,-1
618,57299,1080,602,48,107,1,-1,-1,-1
618,57308,815,540,41,91,1,-1,-1,-1
618,57319,812,458,40,89,1,-1,-1,-1
618,57356,709,387,40,84,1,-1,-1,-1
618,57374,1154,568,46,108,1,-1,-1,-1
618,57381,1059,535,39,99,1,-1,-1,-1
618,57397,1263,603,54,114,1,-1,-1,-1
618,57408,1107,704,58,122,1,-1,-1,-1
618,57430,1430,566,43,108,1,-1,-1,-1
619,57285,640,350,28,77,1,-1,-1,-1
619,57286,300,466,39,79,1,-1,-1,-1
619,57287,611,474,42,82,1,-1,-1,-1
619,57290,379,536,30,96,1,-1,-1,-1
619,57292,1167,686,53,100,1,-1,-1,-1
619,57297,1207,576,43,99,1,-1,-1,-1
619,57299,1075,602,47,106,1,-1,-1,-1
619,57308,813,540,40,91,1,-1,-1,-1
619,57319,814,456,40,89,1,-1,-1,-1
619,57356,706,386,40,85,1,-1,-1,-1
619,57374,1151,568,46,108,1,-1,-1,-1
619,57381,1057,534,39,99,1,-1,-1,-1
619,57397,1262,603,53,113,1,-1,-1,-1
619,57408,1101,701,58,122,1,-1,-1,-1
619,57430,1424,565,43,108,1,-1,-1,-1
620,57285,637,350,28,77,1,-1,-1,-1
620,57286,298,466,38,79,1,-1,-1,-1
620,57287,611,474,42,82,1,-1,-1,-1
620,57290,376,535,29,96,1,-1,-1,-1
620,57292,1159,685,53,101,1,-1,-1,-1
620,57297,1205,576,43,99,1,-1,-1,-1
620,57299,1070,602,46,105,1,-1,-1,-1
620,57308,811,540,40,91,1,-1,-1,-1
620,57319,817,455,38,88,1,-1,-1,-1
620,57356,703,385,40,86,1,-1,-1,-1
620,57374,1148,568,45,108,1,-1,-1,-1
620,57381,1056,534,39,99,1,-1,-1,-1
620,57397,1260,603,53,113,1,-1,-1,-1
620,57408,1095,698,57,122,1,-1,-1,-1
620,57430,1419,563,43,109,1,-1,-1,-1
621,57285,632,349,29,77,1,-1,-1,-1
621,57286,295,466,38,80,1,-1,-1,-1
621,57287,611,474,42,82,1,-1,-1,-1
621,57290,373,534,29,97,1,-1,-1,-1
621,57292,1151,685,51,101,1,-1,-1,-1
621,57297,1203,575,44,100,1,-1,-1,-1
621,57299,1065,603,46,104,1,-1,-1,-1
621,57308,809,540,39,91,1,-1,-1,-1
621,57319,818,453,39,88,1,-1,-1,-1
621,57356,699,383,40,87,1,-1,-1,-1
621,57374,1146,568,44,108,1,-1,-1,-1
621,57381,1055,533,39,100,1,-1,-1,-1
621,57397,1259,603,53,113,1,-1,-1,-1
621,57408,1089,695,57,122,1,-1,-1,-1
621,57430,1413,562,44,109,1,-1,-1,-1
622,57285,631,349,29,77,1,-1,-1,-1
622,57286,294,466,38,79,1,-1,-1,-1
622,57287,612,473,42,82,1,-1,-1,-1
622,57290,369,534,29,96,1,-1,-1,-1
622,57292,1145,684,50,101,1,-1,-1,-1
622,57297,1202,575,43,101,1,-1,-1,-1
622,57299,1061,603,44,103,1,-1,-1,-1
622,57308,808,540,39,91,1,-1,-1,-1
622,57319,820,452,39,88,1,-1,-1,-1
622,57356,696,382,40,88,1,-1,-1,-1
622,57374,1143,568,44,108,1,-1,-1,-1
622,57381,1053,533,39,99,1,-1,-1,-1
622,57397,1258,602,53,113,1,-1,-1,-1
622,57408,1085,693,56,122,1,-1,-1,-1
622,57430,1408,561,44,109,1,-1,-1,-1
623,57285,630,348,29,77,1,-1,-1,-1
623,57286,294,465,38,79,1,-1,-1,-1
623,57287,612,473,42,82,1,-1,-1,-1
623,57290,366,533,28,97,1,-1,-1,-1
623,57292,1140,684,50,101,1,-1,-1,-1
623,57297,1200,575,43,101,1,-1,-1,-1
623,57299,1055,603,45,103,1,-1,-1,-1
623,57308,806,540,39,91,1,-1,-1,-1
623,57319,822,451,40,88,1,-1,-1,-1
623,57356,695,381,40,89,1,-1,-1,-1
623,57374,1141,567,42,109,1,-1,-1,-1
623,57381,1051,533,40,99,1,-1,-1,-1
623,57397,1258,600,53,113,1,-1,-1,-1
623,57408,1080,693,55,122,1,-1,-1,-1
623,57430,1402,560,44,109,1,-1,-1,-1
624,57285,630,347,29,77,1,-1,-1,-1
624,57286,294,464,37,79,1,-1,-1,-1
624,57287,612,473,42,82,1,-1,-1,-1
624,57290,362,533,29,97,1,-1,-1,-1
624,57292,1135,683,50,101,1,-1,-1,-1
624,57297,1198,574,43,102,1,-1,-1,-1
624,57299,1050,603,44,102,1,-1,-1,-1
624,57308,805,540,39,91,1,-1,-1,-1
624,57319,824,450,40,88,1,-1,-1,-1
624,57356,693,380,40,91,1,-1,-1,-1
624,57374,1138,567,42,108,1,-1,-1,-1
624,57381,1050,533,39,99,1,-1,-1,-1
624,57397,1258,599,53,113,1,-1,-1,-1
624,57408,1075,692,55,122,1,-1,-1,-1
624,57430,1396,559,44,109,1,-1,-1,-1
625,57285,630,347,29,77,1,-1,-1,-1
625,57286,294,463,37,79,1,-1,-1,-1
625,57287,612,473,42,82,1,-1,-1,-1
625,57290,356,532,29,97,1,-1,-1,-1
625,57292,1126,683,51,102,1,-1,-1,-1
625,57297,1195,574,42,102,1,-1,-1,-1
625,57299,1042,604,43,100,1,-1,-1,-1
625,57308,804,540,39,91,1,-1,-1,-1
625,57319,827,450,42,87,1,-1,-1,-1
625,57356,689,377,40,93,1,-1,-1,-1
625,57374,1135,566,42,108,1,-1,-1,-1
625,57381,1048,532,40,100,1,-1,-1,-1
625,57397,1257,597,53,113,1,-1,-1,-1
625,57408,1069,692,55,122,1,-1,-1,-1
625,57430,1387,557,45,109,1,-1,-1,-1
626,57285,631,346,28,77,1,-1,-1,-1
626,57286,294,461,37,79,1,-1,-1,-1
626,57287,613,473,41,82,1,-1,-1,-1
626,57290,354,532,28,97,1,-1,-1,-1
626,57292,1123,683,52,102,1,-1,-1,-1
626,57297,1194,573,42,103,1,-1,-1,-1
626,57299,1032,604,43,99,1,-1,-1,-1
626,57308,803,540,39,91,1,-1,-1,-1
626,57319,828,449,43,87,1,-1,-1,-1
626,57356,688,376,40,94,1,-1,-1,-1
626,57374,1133,565,41,108,1,-1,-1,-1
626,57381,1047,532,40,100,1,-1,-1,-1
626,57397,1257,594,53,113,1,-1,-1,-1
626,57408,1062,691,55,122,1,-1,-1,-1
626,57430,1384,556,44,109,1,-1,-1,-1
626,57462,1213,426,17,13,1,-1,-1,-1
627,57285,629,346,29,77,1,-1,-1,-1
627,57286,294,461,37,79,1,-1,-1,-1
627,57287,613,473,41,82,1,-1,-1,-1
627,57290,351,532,29,97,1,-1,-1,-1
627,57292,1117,682,52,102,1,-1,-1,-1
627,57297,1192,573,41,103,1,-1,-1,-1
627,57299,1027,603,42,99,1,-1,-1,-1
627,57308,802,540,38,91,1,-1,-1,-1
627,57319,829,449,43,87,1,-1,-1,-1
627,57356,686,376,39,94,1,-1,-1,-1
627,57374,1130,564,40,108,1,-1,-1,-1
627,57381,1045,532,41,100,1,-1,-1,-1
627,57397,1257,593,52,114,1,-1,-1,-1
627,57408,1058,690,54,122,1,-1,-1,-1
627,57430,1379,555,45,109,1,-1,-1,-1
628,57285,628,345,29,77,1,-1,-1,-1
628,57286,294,460,36,79,1,-1,-1,-1
628,57287,613,473,41,82,1,-1,-1,-1
628,57290,347,531,29,97,1,-1,-1,-1
628,57292,1110,682,52,101,1,-1,-1,-1
628,57297,1189,573,41,103,1,-1,-1,-1
628,57299,1020,602,42,99,1,-1,-1,-1
628,57308,800,540,38,91,1,-1,-1,-1
628,57319,829,449,44,87,1,-1,-1,-1
628,57356,683,376,39,94,1,-1,-1,-1
628,57374,1127,563,40,108,1,-1,-1,-1
628,57381,1044,531,41,100,1,-1,-1,-1
628,57397,1255,593,52,113,1,-1,-1,-1
628,57408,1053,689,53,121,1,-1,-1,-1
628,57430,1375,554,44,109,1,-1,-1,-1
629,57285,627,344,28,77,1,-1,-1,-1
629,57286,293,460,37,79,1,-1,-1,-1
629,57287,612,472,42,83,1,-1,-1,-1
629,57290,344,530,29,98,1,-1,-1,-1
629,57292,1103,681,52,101,1,-1,-1,-1
629,57297,1185,573,41,103,1,-1,-1,-1
629,57299,1012,601,42,99,1,-1,-1,-1
629,57308,799,540,38,91,1,-1,-1,-1
629,57319,829,448,45,87,1,-1,-1,-1
629,57356,680,376,38,93,1,-1,-1,-1
629,57374,1124,562,40,108,1,-1,-1,-1
629,57381,1042,531,41,100,1,-1,-1,-1
629,57397,1254,593,51,113,1,-1,-1,-1
629,57408,1047,688,53,118,1,-1,-1,-1
629,57430,1370,553,44,109,1,-1,-1,-1
630,57285,625,344,28,77,1,-1,-1,-1
630,57286,293,460,37,79,1,-1,-1,-1
630,57287,612,472,41,83,1,-1,-1,-1
630,57290,340,530,29,97,1,-1,-1,-1
630,57292,1093,680,51,101,1,-1,-1,-1
630,57297,1181,573,41,102,1,-1,-1,-1
630,57299,1001,599,41,99,1,-1,-1,-1
630,57308,797,540,38,91,1,-1,-1,-1
630,57319,830,448,45,86,1,-1,-1,-1
630,57356,678,376,37,93,1,-1,-1,-1
630,57374,1120,561,40,108,1,-1,-1,-1
630,57381,1039,530,42,101,1,-1,-1,-1
630,57397,1252,593,49,113,1,-1,-1,-1
630,57408,1040,686,52,117,1,-1,-1,-1
630,57430,1365,553,43,107,1,-1,-1,-1
631,57285,624,343,28,77,1,-1,-1,-1
631,57286,293,460,37,79,1,-1,-1,-1
631,57287,611,471,42,84,1,-1,-1,-1
631,57290,337,529,29,97,1,-1,-1,-1
631,57292,1089,679,50,101,1,-1,-1,-1
631,57297,1178,572,40,102,1,-1,-1,-1
631,57299,995,599,41,98,1,-1,-1,-1
631,57308,795,539,37,91,1,-1,-1,-1
631,57319,831,448,44,86,1,-1,-1,-1
631,57356,674,376,38,92,1,-1,-1,-1
631,57374,1119,560,39,108,1,-1,-1,-1
631,57381,1038,530,42,101,1,-1,-1,-1
631,57397,1251,593,48,113,1,-1,-1,-1
631,57408,1036,684,52,117,1,-1,-1,-1
631,57430,1360,552,43,107,1,-1,-1,-1
632,57285,622,342,28,77,1,-1,-1,-1
632,57286,292,460,37,79,1,-1,-1,-1
632,57287,610,470,42,85,1,-1,-1,-1
632,57290,333,528,29,97,1,-1,-1,-1
632,57292,1083,678,49,101,1,-1,-1,-1
632,57297,1175,572,40,102,1,-1,-1,-1
632,57299,989,598,42,98,1,-1,-1,-1
632,57308,794,539,37,91,1,-1,-1,-1
632,57319,833,448,43,85,1,-1,-1,-1
632,57356,671,376,38,92,1,-1,-1,-1
632,57374,1117,560,39,108,1,-1,-1,-1
632,57381,1038,530,42,101,1,-1,-1,-1
632,57397,1250,593,46,113,1,-1,-1,-1
632,57408,1030,682,53,116,1,-1,-1,-1
632,57430,1356,551,41,107,1,-1,-1,-1
633,57285,621,342,28,77,1,-1,-1,-1
633,57286,292,460,37,79,1,-1,-1,-1
633,57287,609,469,43,86,1,-1,-1,-1
633,57290,329,528,28,97,1,-1,-1,-1
633,57292,1076,678,47,101,1,-1,-1,-1
633,57297,1171,572,40,101,1,-1,-1,-1
633,57299,985,597,41,99,1,-1,-1,-1
633,57308,792,539,37,91,1,-1,-1,-1
633,57319,834,448,43,85,1,-1,-1,-1
633,57356,667,376,37,91,1,-1,-1,-1
633,57374,1115,560,38,108,1,-1,-1,-1
633,57381,1036,529,43,102,1,-1,-1,-1
633,57397,1248,593,45,113,1,-1,-1,-1
633,57408,1023,678,52,116,1,-1,-1,-1
633,57430,1351,550,40,107,1,-1,-1,-1
634,57285,620,341,28,77,1,-1,-1,-1
634,57286,292,460,37,79,1,-1,-1,-1
634,57287,609,468,43,87,1,-1,-1,-1
634,57290,326,527,28,97,1,-1,-1,-1
634,57292,1072,677,46,101,1,-1,-1,-1
634,57297,1167,571,40,102,1,-1,-1,-1
634,57299,979,596,42,99,1,-1,-1,-1
634,57308,790,538,36,91,1,-1,-1,-1
634,57319,837,447,42,85,1,-1,-1,-1
634,57356,665,376,37,90,1,-1,-1,-1
634,57374,1114,560,38,108,1,-1,-1,-1
634,57381,1036,529,43,101,1,-1,-1,-1
634,57397,1247,593,45,113,1,-1,-1,-1
634,57408,1019,677,51,116,1,-1,-1,-1
634,57430,1346,550,40,106,1,-1,-1,-1
635,57285,618,340,28,77,1,-1,-1,-1
635,57286,293,458,37,79,1,-1,-1,-1
635,57287,609,468,42,87,1,-1,-1,-1
635,57290,322,527,28,97,1,-1,-1,-1
635,57292,1066,677,45,101,1,-1,-1,-1
635,57297,1163,571,41,101,1,-1,-1,-1
635,57299,974,594,41,99,1,-1,-1,-1
635,57308,789,538,35,91,1,-1,-1,-1
635,57319,838,447,42,84,1,-1,-1,-1
635,57356,661,375,37,91,1,-1,-1,-1
635,57374,1111,560,38,108,1,-1,-1,-1
635,57381,1036,529,42,101,1,-1,-1,-1
635,57397,1244,593,45,113,1,-1,-1,-1
635,57408,1013,676,51,116,1,-1,-1,-1
635,57430,1341,549,39,106,1,-1,-1,-1
636,57285,617,340,28,77,1,-1,-1,-1
636,57286,295,456,36,79,1,-1,-1,-1
636,57287,608,467,43,87,1,-1,-1,-1
636,57290,318,526,28,97,1,-1,-1,-1
636,57292,1059,676,45,101,1,-1,-1,-1
636,57297,1160,571,40,101,1,-1,-1,-1
636,57299,968,593,42,99,1,-1,-1,-1
636,57308,787,538,35,91,1,-1,-1,-1
636,57319,840,447,41,84,1,-1,-1,-1
636,57356,657,375,36,90,1,-1,-1,-1
636,57374,1107,560,38,108,1,-1,-1,-1
636,57381,1035,529,42,101,1,-1,-1,-1
636,57397,1241,594,45,113,1,-1,-1,-1
636,57408,1007,676,51,116,1,-1,-1,-1
636,57430,1336,549,38,105,1,-1,-1,-1
637,57285,615,339,28,77,1,-1,-1,-1
637,57286,298,454,35,79,1,-1,-1,-1
637,57287,608,466,42,87,1,-1,-1,-1
637,57290,315,525,27,97,1,-1,-1,-1
637,57292,1051,676,46,101,1,-1,-1,-1
637,57297,1156,571,40,101,1,-1,-1,-1
637,57299,962,592,43,99,1,-1,-1,-1
637,57308,785,538,35,92,1,-1,-1,-1
637,57319,842,447,40,83,1,-1,-1,-1
637,57356,652,375,36,90,1,-1,-1,-1
637,57374,1103,560,37,108,1,-1,-1,-1
637,57381,1034,528,42,102,1,-1,-1,-1
637,57397,1236,594,47,113,1,-1,-1,-1
637,57408,999,675,50,116,1,-1,-1,-1
637,57430,1331,548,38,104,1,-1,-1,-1
638,57285,614,338,28,77,1,-1,-1,-1
638,57286,299,453,34,79,1,-1,-1,-1
638,57287,607,465,41,88,1,-1,-1,-1
638,57290,310,525,28,97,1,-1,-1,-1
638,57292,1047,675,46,101,1,-1,-1,-1
638,57297,1151,570,41,101,1,-1,-1,-1
638,57299,955,591,42,99,1,-1,-1,-1
638,57308,783,538,35,92,1,-1,-1,-1
638,57319,844,446,40,83,1,-1,-1,-1
638,57356,647,375,35,89,1,-1,-1,-1
638,57374,1099,559,37,108,1,-1,-1,-1
638,57381,1033,528,42,102,1,-1,-1,-1
638,57397,1234,594,47,113,1,-1,-1,-1
638,57408,994,674,50,115,1,-1,-1,-1
638,57430,1326,547,36,104,1,-1,-1,-1
639,57285,612,338,28,77,1,-1,-1,-1
639,57286,301,452,33,79,1,-1,-1,-1
639,57287,607,465,40,87,1,-1,-1,-1
639,57290,307,524,28,97,1,-1,-1,-1
639,57292,1044,674,46,101,1,-1,-1,-1
639,57297,1148,570,41,101,1,-1,-1,-1
639,57299,950,590,43,98,1,-1,-1,-1
639,57308,781,538,34,92,1,-1,-1,-1
639,57319,845,446,39,83,1,-1,-1,-1
639,57356,644,375,35,89,1,-1,-1,-1
639,57374,1096,559,37,108,1,-1,-1,-1
639,57381,1033,528,41,102,1,-1,-1,-1
639,57397,1231,594,48,113,1,-1,-1,-1
639,57408,989,672,50,116,1,-1,-1,-1
639,57430,1322,546,35,104,1,-1,-1,-1
640,57285,611,337,28,77,1,-1,-1,-1
640,57286,301,452,33,79,1,-1,-1,-1
640,57287,607,465,39,87,1,-1,-1,-1
640,57290,304,524,28,97,1,-1,-1,-1
640,57292,1039,674,46,101,1,-1,-1,-1
640,57297,1143,570,41,101,1,-1,-1,-1
640,57299,944,589,43,98,1,-1,-1,-1
640,57308,778,538,34,92,1,-1,-1,-1
640,57319,846,446,38,83,1,-1,-1,-1
640,57356,641,376,35,88,1,-1,-1,-1
640,57374,1092,558,37,108,1,-1,-1,-1
640,57381,1032,528,41,102,1,-1,-1,-1
640,57397,1228,593,49,113,1,-1,-1,-1
640,57408,984,670,50,116,1,-1,-1,-1
640,57430,1318,545,35,104,1,-1,-1,-1
641,57285,609,336,28,77,1,-1,-1,-1
641,57286,302,451,33,79,1,-1,-1,-1
641,57287,606,465,39,87,1,-1,-1,-1
641,57290,302,523,27,97,1,-1,-1,-1
641,57292,1033,673,46,102,1,-1,-1,-1
641,57297,1138,569,42,101,1,-1,-1,-1
641,57299,938,588,43,98,1,-1,-1,-1
641,57308,774,538,35,92,1,-1,-1,-1
641,57319,846,445,38,83,1,-1,-1,-1
641,57356,638,377,34,87,1,-1,-1,-1
641,57374,1089,557,37,108,1,-1,-1,-1
641,57381,1031,528,41,101,1,-1,-1,-1
641,57397,1226,592,49,113,1,-1,-1,-1
641,57408,979,668,50,116,1,-1,-1,-1
641,57430,1314,545,34,104,1,-1,-1,-1
642,57285,608,336,28,77,1,-1,-1,-1
642,57286,303,451,32,79,1,-1,-1,-1
642,57287,605,465,39,87,1,-1,-1,-1
642,57290,299,522,27,97,1,-1,-1,-1
642,57292,1027,673,46,102,1,-1,-1,-1
642,57297,1134,569,42,101,1,-1,-1,-1
642,57299,932,587,44,98,1,-1,-1,-1
642,57308,770,537,35,93,1,-1,-1,-1
642,57319,847,444,38,83,1,-1,-1,-1
642,57356,634,377,34,87,1,-1,-1,-1
642,57374,1086,556,37,108,1,-1,-1,-1
642,57381,1030,527,41,102,1,-1,-1,-1
642,57397,1223,591,50,113,1,-1,-1,-1
642,57408,974,666,50,116,1,-1,-1,-1
642,57430,1310,544,34,105,1,-1,-1,-1
643,57285,606,335,29,77,1,-1,-1,-1
643,57286,303,451,32,79,1,-1,-1,-1
643,57287,605,465,38,87,1,-1,-1,-1
643,57290,296,522,27,97,1,-1,-1,-1
643,57292,1021,672,46,103,1,-1,-1,-1
643,57297,1129,569,42,101,1,-1,-1,-1
643,57299,926,586,44,99,1,-1,-1,-1
643,57308,766,537,36,93,1,-1,-1,-1
643,57319,848,443,37,83,1,-1,-1,-1
643,57356,631,378,34,86,1,-1,-1,-1
643,57374,1082,555,37,108,1,-1,-1,-1
643,57381,1029,527,41,101,1,-1,-1,-1
643,57397,1220,589,51,113,1,-1,-1,-1
643,57408,970,663,49,116,1,-1,-1,-1
643,57430,1305,544,34,105,1,-1,-1,-1
643,57466,1247,423,17,13,1,-1,-1,-1
644,57285,604,334,29,77,1,-1,-1,-1
644,57286,303,450,33,79,1,-1,-1,-1
644,57287,604,465,38,87,1,-1,-1,-1
644,57290,293,521,27,97,1,-1,-1,-1
644,57292,1015,672,47,103,1,-1,-1,-1
644,57297,1124,568,43,101,1,-1,-1,-1
644,57299,920,585,44,99,1,-1,-1,-1
644,57308,762,537,37,93,1,-1,-1,-1
644,57319,849,443,36,83,1,-1,-1,-1
644,57356,627,378,35,86,1,-1,-1,-1
644,57374,1079,554,37,108,1,-1,-1,-1
644,57381,1028,527,40,101,1,-1,-1,-1
644,57397,1218,588,51,113,1,-1,-1,-1
644,57408,966,661,49,116,1,-1,-1,-1
644,57430,1301,544,34,104,1,-1,-1,-1
644,57466,1244,423,17,13,1,-1,-1,-1
645,57285,603,334,29,77,1,-1,-1,-1
645,57286,304,450,33,79,1,-1,-1,-1
645,57287,604,465,37,87,1,-1,-1,-1
645,57290,291,520,27,97,1,-1,-1,-1
645,57292,1009,671,46,104,1,-1,-1,-1
645,57297,1120,568,43,101,1,-1,-1,-1
645,57299,914,585,44,98,1,-1,-1,-1
645,57308,758,537,38,94,1,-1,-1,-1
645,57319,849,442,36,83,1,-1,-1,-1
645,57356,624,379,34,85,1,-1,-1,-1
645,57374,1075,552,37,108,1,-1,-1,-1
645,57381,1028,527,39,100,1,-1,-1,-1
645,57397,1215,587,51,113,1,-1,-1,-1
645,57408,961,659,49,116,1,-1,-1,-1
645,57430,1297,543,34,105,1,-1,-1,-1
645,57466,1240,423,17,13,1,-1,-1,-1
646,57285,601,333,29,77,1,-1,-1,-1
646,57286,304,450,34,79,1,-1,-1,-1
646,57287,603,465,37,87,1,-1,-1,-1
646,57290,287,520,27,97,1,-1,-1,-1
646,57292,1004,670,46,105,1,-1,-1,-1
646,57297,1115,568,43,101,1,-1,-1,-1
646,57299,907,584,45,99,1,-1,-1,-1
646,57308,754,537,39,94,1,-1,-1,-1
646,57319,850,441,36,83,1,-1,-1,-1
646,57356,620,379,35,85,1,-1,-1,-1
646,57374,1071,551,37,108,1,-1,-1,-1
646,57381,1026,527,40,100,1,-1,-1,-1
646,57397,1212,586,52,113,1,-1,-1,-1
646,57408,955,657,49,116,1,-1,-1,-1
646,57430,1292,543,34,104,1,-1,-1,-1
646,57466,1236,423,17,13,1,-1,-1,-1
647,57285,600,332,29,77,1,-1,-1,-1
647,57286,304,449,34,79,1,-1,-1,-1
647,57287,602,465,37,87,1,-1,-1,-1
647,57290,284,519,27,97,1,-1,-1,-1
647,57292,998,670,46,105,1,-1,-1,-1
647,57297,1111,568,44,101,1,-1,-1,-1
647,57299,903,583,45,99,1,-1,-1,-1
647,57308,752,537,40,95,1,-1,-1,-1
647,57319,850,440,36,83,1,-1,-1,-1
647,57356,617,380,35,84,1,-1,-1,-1
647,57374,1068,550,37,108,1,-1,-1,-1
647,57381,1025,527,40,100,1,-1,-1,-1
647,57397,1210,585,52,113,1,-1,-1,-1
647,57408,950,655,49,116,1,-1,-1,-1
647,57430,1288,542,34,105,1,-1,-1,-1
647,57466,1233,423,17,13,1,-1,-1,-1
648,57285,598,332,30,77,1,-1,-1,-1
648,57286,305,449,35,79,1,-1,-1,-1
648,57287,600,465,37,87,1,-1,-1,-1
648,57290,281,519,27,97,1,-1,-1,-1
648,57292,992,669,46,105,1,-1,-1,-1
648,57297,1108,567,44,102,1,-1,-1,-1
648,57299,899,582,45,99,1,-1,-1,-1
648,57308,750,537,41,95,1,-1,-1,-1
648,57319,850,440,36,83,1,-1,-1,-1
648,57356,613,380,36,84,1,-1,-1,-1
648,57374,1064,549,37,108,1,-1,-1,-1
648,57381,1024,527,39,100,1,-1,-1,-1
648,57397,1209,585,51,113,1,-1,-1,-1
648,57408,944,653,49,116,1,-1,-1,-1
648,57430,1283,542,35,105,1,-1,-1,-1
648,57466,1230,423,17,13,1,-1,-1,-1
649,57285,597,331,30,77,1,-1,-1,-1
649,57286,304,448,36,79,1,-1,-1,-1
649,57287,599,465,37,87,1,-1,-1,-1
649,57290,278,518,27,97,1,-1,-1,-1
649,57292,986,668,46,106,1,-1,-1,-1
649,57297,1104,567,45,102,1,-1,-1,-1
649,57299,895,581,46,99,1,-1,-1,-1
649,57308,749,537,42,95,1,-1,-1,-1
649,57319,851,439,36,84,1,-1,-1,-1
649,57356,610,381,36,83,1,-1,-1,-1
649,57374,1061,549,36,108,1,-1,-1,-1
649,57381,1024,527,38,100,1,-1,-1,-1
649,57397,1207,585,51,113,1,-1,-1,-1
649,57408,939,652,49,116,1,-1,-1,-1
649,57430,1279,541,35,106,1,-1,-1,-1
649,57466,1227,423,17,13,1,-1,-1,-1
650,57285,595,330,29,77,1,-1,-1,-1
650,57286,305,448,36,79,1,-1,-1,-1
650,57287,597,465,38,87,1,-1,-1,-1
650,57290,273,517,28,97,1,-1,-1,-1
650,57292,977,667,45,107,1,-1,-1,-1
650,57297,1100,567,44,102,1,-1,-1,-1
650,57299,890,580,45,99,1,-1,-1,-1
650,57308,748,536,41,96,1,-1,-1,-1
650,57319,851,438,36,84,1,-1,-1,-1
650,57356,604,382,37,82,1,-1,-1,-1
650,57374,1057,548,36,108,1,-1,-1,-1
650,57381,1022,527,38,99,1,-1,-1,-1
650,57397,1205,585,50,113,1,-1,-1,-1
650,57408,933,651,49,116,1,-1,-1,-1
650,57430,1271,541,36,106,1,-1,-1,-1
650,57466,1224,420,17,13,1,-1,-1,-1
651,57285,594,329,29,77,1,-1,-1,-1
651,57286,304,448,38,79,1,-1,-1,-1
651,57287,596,465,38,87,1,-1,-1,-1
651,57290,271,516,28,97,1,-1,-1,-1
651,57292,973,666,45,107,1,-1,-1,-1
651,57297,1097,566,45,103,1,-1,-1,-1
651,57299,888,579,46,99,1,-1,-1,-1
651,57308,748,536,41,96,1,-1,-1,-1
651,57319,851,437,36,84,1,-1,-1,-1
651,57356,601,383,39,81,1,-1,-1,-1
651,57374,1053,548,36,108,1,-1,-1,-1
651,57381,1021,527,38,99,1,-1,-1,-1
651,57397,1204,585,49,113,1,-1,-1,-1
651,57408,927,649,49,116,1,-1,-1,-1
651,57430,1268,540,37,106,1,-1,-1,-1
651,57466,1220,418,17,13,1,-1,-1,-1
652,57285,594,329,30,77,1,-1,-1,-1
652,57286,304,447,39,79,1,-1,-1,-1
652,57287,594,465,38,87,1,-1,-1,-1
652,57290,269,516,28,97,1,-1,-1,-1
652,57292,966,666,44,107,1,-1,-1,-1
652,57297,1090,566,45,102,1,-1,-1,-1
652,57299,882,576,46,99,1,-1,-1,-1
652,57308,746,536,41,97,1,-1,-1,-1
652,57319,852,437,36,84,1,-1,-1,-1
652,57356,599,382,39,82,1,-1,-1,-1
652,57374,1049,547,36,108,1,-1,-1,-1
652,57381,1020,527,37,98,1,-1,-1,-1
652,57397,1203,585,46,113,1,-1,-1,-1
652,57408,921,648,48,116,1,-1,-1,-1
652,57430,1261,540,38,106,1,-1,-1,-1
652,57466,1215,415,17,13,1,-1,-1,-1
653,57285,594,327,30,77,1,-1,-1,-1
653,57286,304,447,40,79,1,-1,-1,-1
653,57287,591,465,40,87,1,-1,-1,-1
653,57290,268,515,28,97,1,-1,-1,-1
653,57292,960,666,44,107,1,-1,-1,-1
653,57297,1084,566,45,101,1,-1,-1,-1
653,57299,877,575,46,99,1,-1,-1,-1
653,57308,745,536,40,97,1,-1,-1,-1
653,57319,853,436,36,83,1,-1,-1,-1
653,57356,596,381,40,83,1,-1,-1,-1
653,57374,1047,547,36,108,1,-1,-1,-1
653,57381,1018,526,37,99,1,-1,-1,-1
653,57397,1201,585,45,113,1,-1,-1,-1
653,57408,917,646,48,116,1,-1,-1,-1
653,57430,1257,539,38,106,1,-1,-1,-1
654,57285,594,326,30,77,1,-1,-1,-1
654,57286,304,446,41,79,1,-1,-1,-1
654,57287,589,465,40,87,1,-1,-1,-1
654,57290,267,513,28,97,1,-1,-1,-1
654,57292,955,666,44,107,1,-1,-1,-1
654,57297,1078,565,45,101,1,-1,-1,-1
654,57299,873,574,46,99,1,-1,-1,-1
654,57308,744,536,40,97,1,-1,-1,-1
654,57319,853,435,36,83,1,-1,-1,-1
654,57356,593,380,41,83,1,-1,-1,-1
654,57374,1046,547,36,108,1,-1,-1,-1
654,57381,1017,526,37,98,1,-1,-1,-1
654,57397,1198,583,44,113,1,-1,-1,-1
654,57408,913,642,48,116,1,-1,-1,-1
654,57430,1253,538,38,106,1,-1,-1,-1
655,57285,594,324,31,77,1,-1,-1,-1
655,57286,304,446,42,79,1,-1,-1,-1
655,57287,585,465,43,87,1,-1,-1,-1
655,57290,265,512,28,97,1,-1,-1,-1
655,57292,950,666,43,106,1,-1,-1,-1
655,57297,1072,564,44,100,1,-1,-1,-1
655,57299,868,573,45,99,1,-1,-1,-1
655,57308,742,536,40,97,1,-1,-1,-1
655,57319,854,434,36,83,1,-1,-1,-1
655,57356,591,379,41,84,1,-1,-1,-1
655,57374,1045,547,36,108,1,-1,-1,-1
655,57381,1015,526,37,98,1,-1,-1,-1
655,57397,1196,581,43,113,1,-1,-1,-1
655,57408,909,638,48,116,1,-1,-1,-1
655,57430,1249,537,38,105,1,-1,-1,-1
656,57285,594,323,31,77,1,-1,-1,-1
656,57286,305,445,43,79,1,-1,-1,-1
656,57287,584,465,44,87,1,-1,-1,-1
656,57290,263,511,28,97,1,-1,-1,-1
656,57292,945,665,43,107,1,-1,-1,-1
656,57297,1068,563,44,101,1,-1,-1,-1
656,57299,864,573,46,99,1,-1,-1,-1
656,57308,742,536,39,97,1,-1,-1,-1
656,57319,855,433,35,83,1,-1,-1,-1
656,57356,589,378,42,85,1,-1,-1,-1
656,57374,1044,547,36,108,1,-1,-1,-1
656,57381,1015,526,37,98,1,-1,-1,-1
656,57397,1195,580,42,113,1,-1,-1,-1
656,57408,906,636,48,116,1,-1,-1,-1
656,57430,1246,537,39,105,1,-1,-1,-1
657,57285,595,323,31,77,1,-1,-1,-1
657,57286,305,445,44,79,1,-1,-1,-1
657,57287,583,465,45,87,1,-1,-1,-1
657,57290,262,511,28,97,1,-1,-1,-1
657,57292,940,665,42,106,1,-1,-1,-1
657,57297,1066,563,44,100,1,-1,-1,-1
657,57299,862,573,46,100,1,-1,-1,-1
657,57308,742,536,38,97,1,-1,-1,-1
657,57319,856,433,35,82,1,-1,-1,-1
657,57356,587,377,41,86,1,-1,-1,-1
657,57374,1042,547,36,108,1,-1,-1,-1
657,57381,1016,526,37,98,1,-1,-1,-1
657,57397,1195,580,41,113,1,-1,-1,-1
657,57408,904,636,48,116,1,-1,-1,-1
657,57430,1244,537,40,105,1,-1,-1,-1
658,57285,596,323,32,77,1,-1,-1,-1
658,57286,307,445,44,79,1,-1,-1,-1
658,57287,582,465,46,87,1,-1,-1,-1
658,57290,261,510,28,97,1,-1,-1,-1
658,57292,934,665,41,106,1,-1,-1,-1
658,57297,1064,563,43,100,1,-1,-1,-1
658,57299,860,572,45,100,1,-1,-1,-1
658,57308,742,536,38,97,1,-1,-1,-1
658,57319,856,432,35,82,1,-1,-1,-1
658,57356,584,375,42,88,1,-1,-1,-1
658,57374,1039,548,37,108,1,-1,-1,-1
658,57381,1018,526,36,98,1,-1,-1,-1
658,57397,1195,580,40,113,1,-1,-1,-1
658,57408,901,636,49,116,1,-1,-1,-1
658,57430,1242,538,40,105,1,-1,-1,-1
659,57285,597,323,32,77,1,-1,-1,-1
659,57286,308,445,44,79,1,-1,-1,-1
659,57287,582,464,47,87,1,-1,-1,-1
659,57290,260,510,27,97,1,-1,-1,-1
659,57292,930,664,41,106,1,-1,-1,-1
659,57297,1062,563,43,99,1,-1,-1,-1
659,57299,857,572,45,100,1,-1,-1,-1
659,57308,742,536,37,97,1,-1,-1,-1
659,57319,857,431,35,82,1,-1,-1,-1
659,57356,582,375,41,87,1,-1,-1,-1
659,57374,1037,548,36,108,1,-1,-1,-1
659,57381,1019,526,36,97,1,-1,-1,-1
659,57397,1196,580,39,113,1,-1,-1,-1
659,57408,899,636,48,116,1,-1,-1,-1
659,57430,1240,538,41,105,1,-1,-1,-1
660,57285,598,323,32,77,1,-1,-1,-1
660,57286,311,445,43,79,1,-1,-1,-1
660,57287,582,464,48,87,1,-1,-1,-1
660,57290,259,510,27,97,1,-1,-1,-1
660,57292,926,664,42,105,1,-1,-1,-1
660,57297,1060,563,42,99,1,-1,-1,-1
660,57299,854,571,45,100,1,-1,-1,-1
660,57308,742,536,37,97,1,-1,-1,-1
660,57319,858,432,34,82,1,-1,-1,-1
660,57356,581,374,40,88,1,-1,-1,-1
660,57374,1034,548,37,108,1,-1,-1,-1
660,57381,1021,526,35,97,1,-1,-1,-1
660,57397,1195,580,39,113,1,-1,-1,-1
660,57408,896,635,48,116,1,-1,-1,-1
660,57430,1238,538,41,105,1,-1,-1,-1
661,57285,599,323,32,77,1,-1,-1,-1
661,57286,315,445,42,79,1,-1,-1,-1
661,57287,583,464,48,87,1,-1,-1,-1
661,57290,258,510,27,97,1,-1,-1,-1
661,57292,923,664,41,105,1,-1,-1,-1
661,57297,1058,563,42,99,1,-1,-1,-1
661,57299,852,570,44,101,1,-1,-1,-1
661,57308,742,536,36,97,1,-1,-1,-1
661,57319,858,433,35,82,1,-1,-1,-1
661,57356,578,373,41,89,1,-1,-1,-1
661,57374,1032,549,36,108,1,-1,-1,-1
661,57381,1022,526,35,97,1,-1,-1,-1
661,57397,1195,580,39,113,1,-1,-1,-1
661,57408,893,635,48,116,1,-1,-1,-1
661,57430,1236,539,42,104,1,-1,-1,-1
662,57285,600,322,33,77,1,-1,-1,-1
662,57286,318,445,41,79,1,-1,-1,-1
662,57287,583,464,49,87,1,-1,-1,-1
662,57290,257,509,26,97,1,-1,-1,-1
662,57292,919,664,42,105,1,-1,-1,-1
662,57297,1056,563,41,98,1,-1,-1,-1
662,57299,850,570,43,100,1,-1,-1,-1
662,57308,742,536,36,97,1,-1,-1,-1
662,57319,859,434,35,82,1,-1,-1,-1
662,57356,577,372,40,90,1,-1,-1,-1
662,57374,1030,549,36,108,1,-1,-1,-1
662,57381,1024,527,35,96,1,-1,-1,-1
662,57397,1195,580,38,113,1,-1,-1,-1
662,57408,889,635,48,116,1,-1,-1,-1
662,57430,1234,539,42,104,1,-1,-1,-1
663,57285,601,322,34,77,1,-1,-1,-1
663,57286,323,445,41,79,1,-1,-1,-1
663,57287,584,464,49,87,1,-1,-1,-1
663,57290,255,509,26,97,1,-1,-1,-1
663,57292,914,663,43,105,1,-1,-1,-1
663,57297,1054,563,40,98,1,-1,-1,-1
663,57299,847,569,43,101,1,-1,-1,-1
663,57308,742,536,35,97,1,-1,-1,-1
663,57319,859,436,35,81,1,-1,-1,-1
663,57356,574,370,40,92,1,-1,-1,-1
663,57374,1027,549,36,108,1,-1,-1,-1
663,57381,1026,527,34,96,1,-1,-1,-1
663,57397,1195,580,38,113,1,-1,-1,-1
663,57408,886,634,48,116,1,-1,-1,-1
663,57430,1232,540,42,104,1,-1,-1,-1
664,57285,601,322,34,78,1,-1,-1,-1
664,57286,331,445,42,79,1,-1,-1,-1
664,57287,584,464,49,87,1,-1,-1,-1
664,57290,255,509,26,97,1,-1,-1,-1
664,57292,912,663,44,104,1,-1,-1,-1
664,57297,1053,563,39,97,1,-1,-1,-1
664,57299,846,569,42,100,1,-1,-1,-1
664,57308,743,536,35,97,1,-1,-1,-1
664,57319,860,435,35,82,1,-1,-1,-1
664,57356,574,370,38,92,1,-1,-1,-1
664,57374,1024,550,36,108,1,-1,-1,-1
664,57381,1027,527,35,96,1,-1,-1,-1
664,57397,1195,580,38,113,1,-1,-1,-1
664,57408,881,633,48,116,1,-1,-1,-1
664,57430,1231,540,43,104,1,-1,-1,-1
665,57285,602,322,35,78,1,-1,-1,-1
665,57286,334,445,43,79,1,-1,-1,-1
665,57287,585,463,48,87,1,-1,-1,-1
665,57290,256,509,26,97,1,-1,-1,-1
665,57292,911,662,44,104,1,-1,-1,-1
665,57297,1051,563,39,97,1,-1,-1,-1
665,57299,846,569,41,100,1,-1,-1,-1
665,57308,743,537,35,96,1,-1,-1,-1
665,57319,860,435,34,82,1,-1,-1,-1
665,57356,574,371,37,90,1,-1,-1,-1
665,57374,1023,550,36,108,1,-1,-1,-1
665,57381,1030,528,34,95,1,-1,-1,-1
665,57397,1195,580,38,113,1,-1,-1,-1
665,57408,879,633,48,116,1,-1,-1,-1
665,57430,1230,540,44,104,1,-1,-1,-1
666,57285,603,321,35,79,1,-1,-1,-1
666,57286,338,445,43,79,1,-1,-1,-1
666,57287,586,463,48,87,1,-1,-1,-1
666,57290,257,509,26,97,1,-1,-1,-1
666,57292,908,662,45,104,1,-1,-1,-1
666,57297,1050,563,38,97,1,-1,-1,-1
666,57299,846,569,40,99,1,-1,-1,-1
666,57308,744,538,35,96,1,-1,-1,-1
666,57319,859,435,35,81,1,-1,-1,-1
666,57356,574,372,36,89,1,-1,-1,-1
666,57374,1022,550,36,108,1,-1,-1,-1
666,57381,1033,527,34,96,1,-1,-1,-1
666,57397,1196,580,37,113,1,-1,-1,-1
666,57408,876,632,48,116,1,-1,-1,-1
666,57430,1230,540,44,104,1,-1,-1,-1
667,57285,604,320,36,81,1,-1,-1,-1
667,57286,342,445,44,79,1,-1,-1,-1
667,57287,587,463,48,87,1,-1,-1,-1
667,57290,258,508,26,97,1,-1,-1,-1
667,57292,906,661,45,105,1,-1,-1,-1
667,57297,1048,562,38,98,1,-1,-1,-1
667,57299,845,568,40,99,1,-1,-1,-1
667,57308,746,538,34,96,1,-1,-1,-1
667,57319,859,434,35,81,1,-1,-1,-1
667,57356,574,373,36,89,1,-1,-1,-1
667,57374,1021,551,36,108,1,-1,-1,-1
667,57381,1036,527,34,96,1,-1,-1,-1
667,57397,1196,580,37,113,1,-1,-1,-1
667,57408,873,630,48,116,1,-1,-1,-1
667,57430,1229,540,45,103,1,-1,-1,-1
668,57285,605,320,36,81,1,-1,-1,-1
668,57286,346,445,44,79,1,-1,-1,-1
668,57287,588,463,47,87,1,-1,-1,-1
668,57290,260,508,25,97,1,-1,-1,-1
668,57292,903,660,45,105,1,-1,-1,-1
668,57297,1046,562,37,98,1,-1,-1,-1
668,57299,846,568,38,99,1,-1,-1,-1
668,57308,747,539,35,96,1,-1,-1,-1
668,57319,858,433,35,81,1,-1,-1,-1
668,57356,574,374,35,88,1,-1,-1,-1
668,57374,1021,551,36,108,1,-1,-1,-1
668,57381,1039,527,34,95,1,-1,-1,-1
668,57397,1196,580,38,113,1,-1,-1,-1
668,57408,870,628,48,116,1,-1,-1,-1
668,57430,1228,539,46,104,1,-1,-1,-1
669,57285,606,319,36,83,1,-1,-1,-1
669,57286,351,445,43,79,1,-1,-1,-1
669,57287,589,463,46,87,1,-1,-1,-1
669,57290,260,508,26,97,1,-1,-1,-1
669,57292,901,660,45,105,1,-1,-1,-1
669,57297,1045,562,36,98,1,-1,-1,-1
669,57299,846,567,37,99,1,-1,-1,-1
669,57308,749,539,34,96,1,-1,-1,-1
669,57319,858,432,35,81,1,-1,-1,-1
669,57356,574,375,34,87,1,-1,-1,-1
669,57374,1020,551,36,108,1,-1,-1,-1
669,57381,1042,526,34,96,1,-1,-1,-1
669,57397,1197,580,37,113,1,-1,-1,-1
669,57408,867,626,48,116,1,-1,-1,-1
669,57430,1227,539,47,104,1,-1,-1,-1
670,57285,609,319,36,83,1,-1,-1,-1
670,57286,358,445,42,79,1,-1,-1,-1
670,57287,593,463,45,87,1,-1,-1,-1
670,57290,263,508,26,97,1,-1,-1,-1
670,57292,899,659,45,105,1,-1,-1,-1
670,57297,1044,562,36,98,1,-1,-1,-1
670,57299,847,567,36,98,1,-1,-1,-1
670,57308,751,540,34,96,1,-1,-1,-1
670,57319,858,432,36,80,1,-1,-1,-1
670,57356,576,377,34,86,1,-1,-1,-1
670,57374,1019,551,36,108,1,-1,-1,-1
670,57381,1045,526,34,96,1,-1,-1,-1
670,57397,1199,580,37,113,1,-1,-1,-1
670,57408,866,625,48,116,1,-1,-1,-1
670,57430,1226,538,48,105,1,-1,-1,-1
671,57285,614,321,35,81,1,-1,-1,-1
671,57286,366,445,42,79,1,-1,-1,-1
671,57287,596,463,44,87,1,-1,-1,-1
671,57290,268,508,25,97,1,-1,-1,-1
671,57292,897,658,45,105,1,-1,-1,-1
671,57297,1044,561,35,99,1,-1,-1,-1
671,57299,848,567,36,98,1,-1,-1,-1
671,57308,754,540,34,96,1,-1,-1,-1
671,57319,859,432,36,80,1,-1,-1,-1
671,57356,579,378,33,85,1,-1,-1,-1
671,57374,1019,551,36,108,1,-1,-1,-1
671,57381,1049,526,34,96,1,-1,-1,-1
671,57397,1202,579,37,113,1,-1,-1,-1
671,57408,865,625,48,116,1,-1,-1,-1
671,57430,1226,538,49,105,1,-1,-1,-1
672,57285,619,322,35,80,1,-1,-1,-1
672,57286,374,444,42,79,1,-1,-1,-1
672,57287,600,463,44,87,1,-1,-1,-1
672,57290,272,507,26,97,1,-1,-1,-1
672,57292,896,658,45,105,1,-1,-1,-1
672,57297,1043,561,34,99,1,-1,-1,-1
672,57299,849,566,35,98,1,-1,-1,-1
672,57308,758,540,34,96,1,-1,-1,-1
672,57319,860,433,36,80,1,-1,-1,-1
672,57356,583,379,32,84,1,-1,-1,-1
672,57374,1018,551,36,108,1,-1,-1,-1
672,57381,1053,526,33,96,1,-1,-1,-1
672,57397,1205,578,37,113,1,-1,-1,-1
672,57408,864,625,48,116,1,-1,-1,-1
672,57430,1225,538,50,105,1,-1,-1,-1
673,57285,625,323,34,80,1,-1,-1,-1
673,57286,383,444,42,79,1,-1,-1,-1
673,57287,605,463,43,87,1,-1,-1,-1
673,57290,277,507,26,97,1,-1,-1,-1
673,57292,894,657,46,105,1,-1,-1,-1
673,57297,1043,561,33,99,1,-1,-1,-1
673,57299,850,566,34,97,1,-1,-1,-1
673,57308,761,540,34,96,1,-1,-1,-1
673,57319,861,433,37,80,1,-1,-1,-1
673,57356,587,381,33,83,1,-1,-1,-1
673,57374,1017,551,36,108,1,-1,-1,-1
673,57381,1056,526,34,97,1,-1,-1,-1
673,57397,1208,577,37,113,1,-1,-1,-1
673,57408,864,625,48,116,1,-1,-1,-1
673,57430,1224,538,51,105,1,-1,-1,-1
674,57285,630,324,34,79,1,-1,-1,-1
674,57286,392,443,42,79,1,-1,-1,-1
674,57287,610,463,42,87,1,-1,-1,-1
674,57290,281,507,27,97,1,-1,-1,-1
674,57292,892,656,46,105,1,-1,-1,-1
674,57297,1045,560,32,100,1,-1,-1,-1
674,57299,851,565,35,97,1,-1,-1,-1
674,57308,765,540,34,96,1,-1,-1,-1
674,57319,863,434,36,80,1,-1,-1,-1
674,57356,591,382,32,82,1,-1,-1,-1
674,57374,1018,551,36,108,1,-1,-1,-1
674,57381,1059,526,34,97,1,-1,-1,-1
674,57397,1210,576,38,113,1,-1,-1,-1
674,57408,865,624,48,114,1,-1,-1,-1
674,57430,1223,537,52,105,1,-1,-1,-1
674,57474,1024,374,17,13,1,-1,-1,-1
675,57285,639,326,33,78,1,-1,-1,-1
675,57286,402,442,42,79,1,-1,-1,-1
675,57287,614,464,42,87,1,-1,-1,-1
675,57290,289,507,26,97,1,-1,-1,-1
675,57292,889,655,47,105,1,-1,-1,-1
675,57297,1047,560,31,100,1,-1,-1,-1
675,57299,853,565,34,96,1,-1,-1,-1
675,57308,770,540,34,96,1,-1,-1,-1
675,57319,865,435,36,79,1,-1,-1,-1
675,57356,596,385,33,81,1,-1,-1,-1
675,57374,1018,551,36,108,1,-1,-1,-1
675,57381,1062,526,35,97,1,-1,-1,-1
675,57397,1213,576,37,113,1,-1,-1,-1
675,57408,867,621,47,114,1,-1,-1,-1
675,57430,1222,537,53,105,1,-1,-1,-1
676,57285,644,326,32,77,1,-1,-1,-1
676,57286,414,442,43,79,1,-1,-1,-1
676,57287,619,464,42,87,1,-1,-1,-1
676,57290,291,506,27,97,1,-1,-1,-1
676,57292,888,654,48,106,1,-1,-1,-1
676,57297,1048,560,30,100,1,-1,-1,-1
676,57299,853,564,35,96,1,-1,-1,-1
676,57308,775,540,34,96,1,-1,-1,-1
676,57319,865,435,37,79,1,-1,-1,-1
676,57356,600,386,32,80,1,-1,-1,-1
676,57374,1020,551,37,108,1,-1,-1,-1
676,57381,1065,526,35,98,1,-1,-1,-1
676,57397,1215,576,37,113,1,-1,-1,-1
676,57408,868,618,47,113,1,-1,-1,-1
676,57430,1221,537,54,105,1,-1,-1,-1
677,57285,650,326,32,77,1,-1,-1,-1
677,57286,423,441,43,78,1,-1,-1,-1
677,57287,624,464,42,87,1,-1,-1,-1
677,57290,298,504,26,97,1,-1,-1,-1
677,57292,887,652,49,106,1,-1,-1,-1
677,57297,1050,558,29,100,1,-1,-1,-1
677,57299,855,563,36,95,1,-1,-1,-1
677,57308,781,539,34,95,1,-1,-1,-1
677,57319,867,435,37,79,1,-1,-1,-1
677,57356,604,385,32,79,1,-1,-1,-1
677,57374,1022,551,36,108,1,-1,-1,-1
677,57381,1069,526,34,98,1,-1,-1,-1
677,57397,1217,576,37,111,1,-1,-1,-1
677,57408,870,616,47,111,1,-1,-1,-1
677,57430,1223,535,53,104,1,-1,-1,-1
677,57476,1004,389,17,13,1,-1,-1,-1
677,57477,3,817,20,125,1,-1,-1,-1
678,57285,656,325,33,77,1,-1,-1,-1
678,57286,431,440,44,78,1,-1,-1,-1
678,57287,630,464,41,87,1,-1,-1,-1
678,57290,304,502,27,96,1,-1,-1,-1
678,57292,887,650,49,105,1,-1,-1,-1
678,57297,1051,556,28,99,1,-1,-1,-1
678,57299,858,560,35,95,1,-1,-1,-1
678,57308,788,537,33,95,1,-1,-1,-1
678,57319,868,434,37,78,1,-1,-1,-1
678,57356,609,385,32,78,1,-1,-1,-1
678,57374,1023,551,37,108,1,-1,-1,-1
678,57381,1072,526,35,99,1,-1,-1,-1
678,57397,1219,573,37,110,1,-1,-1,-1
678,57408,873,613,45,110,1,-1,-1,-1
678,57430,1225,534,53,102,1,-1,-1,-1
678,57477,10,813,19,125,1,-1,-1,-1
679,57285,663,324,32,77,1,-1,-1,-1
679,57286,439,439,44,78,1,-1,-1,-1
679,57287,635,463,41,87,1,-1,-1,-1
679,57290,312,499,27,96,1,-1,-1,-1
679,57292,887,647,49,104,1,-1,-1,-1
679,57297,1052,554,28,99,1,-1,-1,-1
679,57299,860,558,35,94,1,-1,-1,-1
679,57308,794,535,34,95,1,-1,-1,-1
679,57319,870,433,38,78,1,-1,-1,-1
679,57356,615,384,32,77,1,-1,-1,-1
679,57374,1025,552,36,108,1,-1,-1,-1
679,57381,1075,526,36,99,1,-1,-1,-1
679,57397,1221,571,36,108,1,-1,-1,-1
679,57408,874,610,45,108,1,-1,-1,-1
679,57430,1227,532,52,99,1,-1,-1,-1
679,57477,16,807,20,125,1,-1,-1,-1
680,57285,671,323,32,77,1,-1,-1,-1
680,57286,448,438,43,77,1,-1,-1,-1
680,57287,642,462,40,87,1,-1,-1,-1
680,57290,321,496,27,96,1,-1,-1,-1
680,57292,887,644,49,102,1,-1,-1,-1
680,57297,1054,552,27,98,1,-1,-1,-1
680,57299,863,555,35,94,1,-1,-1,-1
680,57308,801,533,35,94,1,-1,-1,-1
680,57319,873,432,38,77,1,-1,-1,-1
680,57356,622,384,31,75,1,-1,-1,-1
680,57374,1026,552,36,108,1,-1,-1,-1
680,57381,1079,526,35,99,1,-1,-1,-1
680,57397,1223,569,37,106,1,-1,-1,-1
680,57408,876,607,45,106,1,-1,-1,-1
680,57430,1229,530,52,97,1,-1,-1,-1
680,57477,24,801,21,125,1,-1,-1,-1
681,57285,677,321,32,77,1,-1,-1,-1
681,57286,456,436,44,77,1,-1,-1,-1
681,57287,646,460,40,87,1,-1,-1,-1
681,57290,326,493,27,96,1,-1,-1,-1
681,57292,886,642,50,101,1,-1,-1,-1
681,57297,1055,549,27,98,1,-1,-1,-1
681,57299,865,553,35,93,1,-1,-1,-1
681,57308,807,531,34,93,1,-1,-1,-1
681,57319,874,430,37,77,1,-1,-1,-1
681,57356,626,383,31,74,1,-1,-1,-1
681,57374,1027,550,36,108,1,-1,-1,-1
681,57381,1082,525,35,99,1,-1,-1,-1
681,57397,1225,567,37,105,1,-1,-1,-1
681,57408,877,603,44,105,1,-1,-1,-1
681,57430,1230,528,52,95,1,-1,-1,-1
681,57477,30,797,22,125,1,-1,-1,-1
682,57285,682,320,32,76,1,-1,-1,-1
682,57286,466,433,42,77,1,-1,-1,-1
682,57287,650,458,39,87,1,-1,-1,-1
682,57290,332,491,27,95,1,-1,-1,-1
682,57292,886,640,50,100,1,-1,-1,-1
682,57297,1056,547,26,97,1,-1,-1,-1
682,57299,868,551,35,92,1,-1,-1,-1
682,57308,811,529,35,93,1,-1,-1,-1
682,57319,874,426,37,76,1,-1,-1,-1
682,57356,628,383,31,73,1,-1,-1,-1
682,57374,1027,546,37,108,1,-1,-1,-1
682,57381,1084,523,35,99,1,-1,-1,-1
682,57397,1227,564,37,105,1,-1,-1,-1
682,57408,877,599,45,105,1,-1,-1,-1
682,57430,1231,526,51,93,1,-1,-1,-1
682,57477,34,793,24,125,1,-1,-1,-1
683,57285,688,318,32,76,1,-1,-1,-1
683,57286,477,430,41,77,1,-1,-1,-1
683,57287,654,455,39,87,1,-1,-1,-1
683,57290,338,489,27,95,1,-1,-1,-1
683,57292,885,637,50,99,1,-1,-1,-1
683,57297,1057,545,26,96,1,-1,-1,-1
683,57299,869,548,36,92,1,-1,-1,-1
683,57308,816,527,35,92,1,-1,-1,-1
683,57319,874,423,37,76,1,-1,-1,-1
683,57356,631,383,31,72,1,-1,-1,-1
683,57374,1027,542,37,108,1,-1,-1,-1
683,57381,1086,521,35,97,1,-1,-1,-1
683,57397,1229,561,37,105,1,-1,-1,-1
683,57408,877,595,45,104,1,-1,-1,-1
683,57430,1231,524,50,90,1,-1,-1,-1
683,57477,39,789,26,125,1,-1,-1,-1
684,57285,693,316,32,76,1,-1,-1,-1
684,57286,485,428,41,77,1,-1,-1,-1
684,57287,657,452,39,87,1,-1,-1,-1
684,57290,343,486,27,95,1,-1,-1,-1
684,57292,885,635,50,98,1,-1,-1,-1
684,57297,1058,543,25,96,1,-1,-1,-1
684,57299,872,546,35,91,1,-1,-1,-1
684,57308,821,525,35,92,1,-1,-1,-1
684,57319,874,419,37,76,1,-1,-1,-1
684,57356,633,382,31,70,1,-1,-1,-1
684,57374,1027,539,37,108,1,-1,-1,-1
684,57381,1089,518,35,97,1,-1,-1,-1
684,57397,1230,558,37,105,1,-1,-1,-1
684,57408,878,592,44,104,1,-1,-1,-1
684,57430,1232,522,49,88,1,-1,-1,-1
684,57477,44,785,27,125,1,-1,-1,-1
684,57481,968,392,17,13,1,-1,-1,-1
685,57285,699,315,32,75,1,-1,-1,-1
685,57286,493,426,41,77,1,-1,-1,-1
685,57287,660,450,39,87,1,-1,-1,-1
685,57290,349,484,27,94,1,-1,-1,-1
685,57292,883,632,50,97,1,-1,-1,-1
685,57297,1059,541,25,95,1,-1,-1,-1
685,57299,874,544,35,90,1,-1,-1,-1
685,57308,827,523,34,91,1,-1,-1,-1
685,57319,874,415,36,76,1,-1,-1,-1
685,57356,635,382,30,69,1,-1,-1,-1
685,57374,1027,538,37,106,1,-1,-1,-1
685,57381,1092,516,34,95,1,-1,-1,-1
685,57397,1230,555,38,105,1,-1,-1,-1
685,57408,878,589,45,104,1,-1,-1,-1
685,57430,1233,520,48,86,1,-1,-1,-1
685,57477,48,780,28,125,1,-1,-1,-1
686,57285,705,313,31,75,1,-1,-1,-1
686,57286,503,424,40,77,1,-1,-1,-1
686,57287,665,447,38,87,1,-1,-1,-1
686,57290,355,482,27,94,1,-1,-1,-1
686,57292,883,630,50,96,1,-1,-1,-1
686,57297,1059,539,25,95,1,-1,-1,-1
686,57299,876,541,34,90,1,-1,-1,-1
686,57308,832,521,33,90,1,-1,-1,-1
686,57319,874,412,35,75,1,-1,-1,-1
686,57356,638,381,29,68,1,-1,-1,-1
686,57374,1027,536,37,105,1,-1,-1,-1
686,57381,1095,513,33,95,1,-1,-1,-1
686,57397,1230,550,38,105,1,-1,-1,-1
686,57408,878,586,45,104,1,-1,-1,-1
686,57430,1233,518,48,85,1,-1,-1,-1
686,57477,54,773,30,125,1,-1,-1,-1
687,57285,710,311,32,75,1,-1,-1,-1
687,57286,509,422,41,77,1,-1,-1,-1
687,57287,667,446,38,87,1,-1,-1,-1
687,57290,360,479,27,94,1,-1,-1,-1
687,57292,883,627,49,95,1,-1,-1,-1
687,57297,1060,536,24,94,1,-1,-1,-1
687,57299,878,539,34,89,1,-1,-1,-1
687,57308,837,519,33,90,1,-1,-1,-1
687,57319,874,408,35,75,1,-1,-1,-1
687,57356,640,381,29,67,1,-1,-1,-1
687,57374,1027,535,37,104,1,-1,-1,-1
687,57381,1098,510,33,95,1,-1,-1,-1
687,57397,1230,548,39,104,1,-1,-1,-1
687,57408,878,583,45,105,1,-1,-1,-1
687,57430,1234,516,47,83,1,-1,-1,-1
687,57477,59,769,32,125,1,-1,-1,-1
688,57285,717,309,32,75,1,-1,-1,-1
688,57286,515,421,41,77,1,-1,-1,-1
688,57287,671,444,38,87,1,-1,-1,-1
688,57290,367,476,27,93,1,-1,-1,-1
688,57292,882,624,49,93,1,-1,-1,-1
688,57297,1061,533,24,93,1,-1,-1,-1
688,57299,881,535,33,88,1,-1,-1,-1
688,57308,844,516,31,89,1,-1,-1,-1
688,57319,874,404,34,74,1,-1,-1,-1
688,57356,643,380,28,65,1,-1,-1,-1
688,57374,1027,533,37,103,1,-1,-1,-1
688,57381,1101,507,33,94,1,-1,-1,-1
688,57397,1231,545,39,105,1,-1,-1,-1
688,57408,879,581,45,104,1,-1,-1,-1
688,57430,1235,513,45,81,1,-1,-1,-1
688,57477,67,763,33,122,1,-1,-1,-1
689,57285,722,308,31,75,1,-1,-1,-1
689,57286,521,420,41,77,1,-1,-1,-1
689,57287,674,443,38,87,1,-1,-1,-1
689,57290,373,474,26,93,1,-1,-1,-1
689,57292,882,622,49,92,1,-1,-1,-1
689,57297,1062,531,23,93,1,-1,-1,-1
689,57299,883,533,33,88,1,-1,-1,-1
689,57308,848,515,31,89,1,-1,-1,-1
689,57319,874,401,35,74,1,-1,-1,-1
689,57356,645,379,29,65,1,-1,-1,-1
689,57374,1028,531,36,103,1,-1,-1,-1
689,57381,1104,506,32,93,1,-1,-1,-1
689,57397,1231,543,39,104,1,-1,-1,-1
689,57408,879,578,45,104,1,-1,-1,-1
689,57430,1236,511,46,81,1,-1,-1,-1
689,57477,74,758,34,122,1,-1,-1,-1
690,57285,727,306,31,75,1,-1,-1,-1
690,57286,528,418,42,77,1,-1,-1,-1
690,57287,679,442,37,87,1,-1,-1,-1
690,57290,378,473,27,93,1,-1,-1,-1
690,57292,883,619,49,93,1,-1,-1,-1
690,57297,1063,530,23,92,1,-1,-1,-1
690,57299,887,529,33,88,1,-1,-1,-1
690,57308,854,513,31,89,1,-1,-1,-1
690,57319,876,399,34,74,1,-1,-1,-1
690,57356,648,378,29,64,1,-1,-1,-1
690,57374,1028,530,36,101,1,-1,-1,-1
690,57381,1106,504,32,93,1,-1,-1,-1
690,57397,1232,539,39,105,1,-1,-1,-1
690,57408,879,574,45,105,1,-1,-1,-1
690,57430,1238,510,46,81,1,-1,-1,-1
690,57477,84,751,35,121,1,-1,-1,-1
691,57285,733,305,31,74,1,-1,-1,-1
691,57286,534,416,41,77,1,-1,-1,-1
691,57287,683,440,36,87,1,-1,-1,-1
691,57290,384,471,27,93,1,-1,-1,-1
691,57292,884,616,49,93,1,-1,-1,-1
691,57297,1064,528,23,91,1,-1,-1,-1
691,57299,890,527,33,88,1,-1,-1,-1
691,57308,859,512,30,90,1,-1,-1,-1
691,57319,878,397,33,73,1,-1,-1,-1
691,57356,652,377,29,64,1,-1,-1,-1
691,57374,1030,528,36,101,1,-1,-1,-1
691,57381,1110,502,32,93,1,-1,-1,-1
691,57397,1232,538,40,105,1,-1,-1,-1
691,57408,880,571,46,105,1,-1,-1,-1
691,57430,1241,508,46,82,1,-1,-1,-1
691,57477,91,747,36,120,1,-1,-1,-1
692,57285,740,304,31,74,1,-1,-1,-1
692,57286,543,413,41,76,1,-1,-1,-1
692,57287,688,439,37,87,1,-1,-1,-1
692,57290,390,470,27,92,1,-1,-1,-1
692,57292,886,614,48,92,1,-1,-1,-1
692,57297,1065,524,24,91,1,-1,-1,-1
692,57299,894,526,32,87,1,-1,-1,-1
692,57308,865,511,30,91,1,-1,-1,-1
692,57319,880,395,32,73,1,-1,-1,-1
692,57356,657,375,30,65,1,-1,-1,-1
692,57374,1037,524,36,101,1,-1,-1,-1
692,57381,1115,498,32,93,1,-1,-1,-1
692,57397,1235,537,40,105,1,-1,-1,-1
692,57408,883,569,45,104,1,-1,-1,-1
692,57430,1245,505,46,84,1,-1,-1,-1
692,57477,101,744,38,120,1,-1,-1,-1
692,57485,957,341,17,13,1,-1,-1,-1
693,57285,744,303,31,74,1,-1,-1,-1
693,57286,549,411,40,77,1,-1,-1,-1
693,57287,691,439,37,87,1,-1,-1,-1
693,57290,396,468,27,92,1,-1,-1,-1
693,57292,887,611,47,92,1,-1,-1,-1
693,57297,1066,523,24,91,1,-1,-1,-1
693,57299,897,525,33,87,1,-1,-1,-1
693,57308,871,510,30,92,1,-1,-1,-1
693,57319,882,393,32,73,1,-1,-1,-1
693,57356,660,374,30,65,1,-1,-1,-1
693,57374,1041,523,36,100,1,-1,-1,-1
693,57381,1119,497,31,93,1,-1,-1,-1
693,57397,1238,536,39,105,1,-1,-1,-1
693,57408,886,566,46,104,1,-1,-1,-1
693,57430,1247,503,47,85,1,-1,-1,-1
693,57477,107,742,39,120,1,-1,-1,-1
693,57485,957,339,17,13,1,-1,-1,-1
694,57285,749,302,32,74,1,-1,-1,-1
694,57286,558,409,39,77,1,-1,-1,-1
694,57287,696,438,37,87,1,-1,-1,-1
694,57290,403,467,26,91,1,-1,-1,-1
694,57292,889,608,47,92,1,-1,-1,-1
694,57297,1069,522,24,90,1,-1,-1,-1
694,57299,900,524,33,87,1,-1,-1,-1
694,57308,877,509,30,92,1,-1,-1,-1
694,57319,884,391,32,73,1,-1,-1,-1
694,57356,664,373,30,65,1,-1,-1,-1
694,57374,1046,523,36,100,1,-1,-1,-1
694,57381,1123,497,31,93,1,-1,-1,-1
694,57397,1241,535,40,104,1,-1,-1,-1
694,57408,889,563,46,104,1,-1,-1,-1
694,57430,1250,503,47,85,1,-1,-1,-1
694,57477,113,738,41,119,1,-1,-1,-1
694,57485,957,336,17,13,1,-1,-1,-1
695,57285,756,301,31,74,1,-1,-1,-1
695,57286,575,408,38,76,1,-1,-1,-1
695,57287,706,436,36,87,1,-1,-1,-1
695,57290,409,466,26,91,1,-1,-1,-1
695,57292,892,603,45,92,1,-1,-1,-1
695,57297,1076,520,24,90,1,-1,-1,-1
695,57299,903,523,33,86,1,-1,-1,-1
695,57308,887,508,31,92,1,-1,-1,-1
695,57319,887,389,32,73,1,-1,-1,-1
695,57356,668,372,31,66,1,-1,-1,-1
695,57374,1055,522,36,99,1,-1,-1,-1
695,57381,1130,497,31,93,1,-1,-1,-1
695,57397,1248,533,39,102,1,-1,-1,-1
695,57408,894,558,46,105,1,-1,-1,-1
695,57430,1253,502,47,87,1,-1,-1,-1
695,57477,125,730,41,119,1,-1,-1,-1
695,57485,958,332,17,13,1,-1,-1,-1
696,57285,762,300,31,73,1,-1,-1,-1
696,57286,582,406,38,77,1,-1,-1,-1
696,57287,709,435,37,87,1,-1,-1,-1
696,57290,415,465,27,90,1,-1,-1,-1
696,57292,893,602,45,92,1,-1,-1,-1
696,57297,1078,520,24,89,1,-1,-1,-1
696,57299,906,522,34,86,1,-1,-1,-1
696,57308,891,507,31,93,1,-1,-1,-1
696,57319,888,388,32,73,1,-1,-1,-1
696,57356,673,371,31,66,1,-1,-1,-1
696,57374,1059,522,35,99,1,-1,-1,-1
696,57381,1134,497,31,93,1,-1,-1,-1
696,57397,1250,532,39,101,1,-1,-1,-1
696,57408,896,556,46,105,1,-1,-1,-1
696,57430,1257,501,47,88,1,-1,-1,-1
696,57477,130,727,41,119,1,-1,-1,-1
697,57285,769,299,30,73,1,-1,-1,-1
697,57286,592,405,38,77,1,-1,-1,-1
697,57287,715,434,36,87,1,-1,-1,-1
697,57290,421,463,27,90,1,-1,-1,-1
697,57292,895,601,44,92,1,-1,-1,-1
697,57297,1079,518,26,89,1,-1,-1,-1
697,57299,910,520,34,86,1,-1,-1,-1
697,57308,897,506,31,94,1,-1,-1,-1
697,57319,891,386,32,73,1,-1,-1,-1
697,57356,678,370,31,66,1,-1,-1,-1
697,57374,1064,521,36,98,1,-1,-1,-1
697,57381,1139,495,31,93,1,-1,-1,-1
697,57397,1254,532,39,101,1,-1,-1,-1
697,57408,901,553,46,105,1,-1,-1,-1
697,57430,1260,501,46,89,1,-1,-1,-1
697,57477,137,725,42,119,1,-1,-1,-1
698,57285,775,298,31,72,1,-1,-1,-1
698,57286,602,403,38,77,1,-1,-1,-1
698,57287,721,433,36,87,1,-1,-1,-1
698,57290,427,462,27,90,1,-1,-1,-1
698,57292,896,600,44,92,1,-1,-1,-1
698,57297,1081,517,26,88,1,-1,-1,-1
698,57299,913,519,34,85,1,-1,-1,-1
698,57308,904,505,31,94,1,-1,-1,-1
698,57319,893,385,32,73,1,-1,-1,-1
698,57356,683,369,31,66,1,-1,-1,-1
698,57374,1071,519,35,99,1,-1,-1,-1
698,57381,1145,494,31,93,1,-1,-1,-1
698,57397,1258,531,39,101,1,-1,-1,-1
698,57408,907,550,45,105,1,-1,-1,-1
698,57430,1263,500,47,91,1,-1,-1,-1
698,57477,145,724,44,119,1,-1,-1,-1
699,57285,782,296,30,73,1,-1,-1,-1
699,57286,615,401,38,77,1,-1,-1,-1
699,57287,729,432,36,87,1,-1,-1,-1
699,57290,433,460,27,90,1,-1,-1,-1
699,57292,897,599,44,92,1,-1,-1,-1
699,57297,1083,516,26,88,1,-1,-1,-1
699,57299,916,518,35,85,1,-1,-1,-1
699,57308,911,504,31,95,1,-1,-1,-1
699,57319,897,384,32,73,1,-1,-1,-1
699,57356,687,368,31,67,1,-1,-1,-1
699,57374,1078,516,35,99,1,-1,-1,-1
699,57381,1153,492,31,93,1,-1,-1,-1
699,57397,1262,531,40,101,1,-1,-1,-1
699,57408,913,546,46,105,1,-1,-1,-1
699,57430,1267,500,46,92,1,-1,-1,-1
699,57477,155,722,44,119,1,-1,-1,-1
700,57285,792,295,30,72,1,-1,-1,-1
700,57286,623,400,38,77,1,-1,-1,-1
700,57287,733,432,36,87,1,-1,-1,-1
700,57290,443,458,27,89,1,-1,-1,-1
700,57292,900,598,44,92,1,-1,-1,-1
700,57297,1086,515,27,87,1,-1,-1,-1
700,57299,922,517,35,84,1,-1,-1,-1
700,57308,922,503,32,95,1,-1,-1,-1
700,57319,898,382,32,73,1,-1,-1,-1
700,57356,695,366,31,68,1,-1,-1,-1
700,57374,1082,515,35,99,1,-1,-1,-1
700,57381,1158,491,31,93,1,-1,-1,-1
700,57397,1266,531,39,101,1,-1,-1,-1
700,57408,917,545,45,105,1,-1,-1,-1
700,57430,1272,499,47,93,1,-1,-1,-1
700,57477,161,721,45,118,1,-1,-1,-1
700,57487,9,562,56,98,1,-1,-1,-1
701,57285,796,294,30,72,1,-1,-1,-1
701,57286,629,400,39,77,1,-1,-1,-1
701,57287,737,432,36,87,1,-1,-1,-1
701,57290,447,457,27,89,1,-1,-1,-1
701,57292,900,598,45,92,1,-1,-1,-1
701,57297,1087,514,28,87,1,-1,-1,-1
701,57299,923,516,36,84,1,-1,-1,-1
701,57308,926,502,32,96,1,-1,-1,-1
701,57319,899,381,32,73,1,-1,-1,-1
701,57356,698,365,31,68,1,-1,-1,-1
701,57374,1085,515,36,99,1,-1,-1,-1
701,57381,1164,492,31,93,1,-1,-1,-1
701,57397,1269,531,40,101,1,-1,-1,-1
701,57408,918,544,45,105,1,-1,-1,-1
701,57430,1275,498,45,94,1,-1,-1,-1
701,57477,166,719,45,119,1,-1,-1,-1
701,57487,21,561,56,98,1,-1,-1,-1
702,57285,803,294,30,72,1,-1,-1,-1
702,57286,636,400,39,77,1,-1,-1,-1
702,57287,740,433,36,87,1,-1,-1,-1
702,57290,450,457,27,89,1,-1,-1,-1
702,57292,900,598,46,92,1,-1,-1,-1
702,57297,1087,514,29,87,1,-1,-1,-1
702,57299,922,516,37,84,1,-1,-1,-1
702,57308,930,503,32,95,1,-1,-1,-1
702,57319,898,381,32,73,1,-1,-1,-1
702,57356,702,365,31,68,1,-1,-1,-1
702,57374,1088,516,37,98,1,-1,-1,-1
702,57381,1169,492,32,93,1,-1,-1,-1
702,57397,1272,531,40,101,1,-1,-1,-1
702,57408,918,544,46,105,1,-1,-1,-1
702,57430,1279,499,45,94,1,-1,-1,-1
702,57477,170,718,45,118,1,-1,-1,-1
702,57487,36,559,56,98,1,-1,-1,-1
703,57285,811,295,30,72,1,-1,-1,-1
703,57286,644,400,39,77,1,-1,-1,-1
703,57287,744,433,36,87,1,-1,-1,-1
703,57290,452,457,27,89,1,-1,-1,-1
703,57292,900,597,45,92,1,-1,-1,-1
703,57297,1086,514,29,87,1,-1,-1,-1
703,57299,921,515,36,84,1,-1,-1,-1
703,57308,935,503,32,94,1,-1,-1,-1
703,57319,898,380,31,73,1,-1,-1,-1
703,57356,706,364,31,68,1,-1,-1,-1
703,57374,1092,516,37,99,1,-1,-1,-1
703,57381,1175,493,33,93,1,-1,-1,-1
703,57397,1276,531,40,101,1,-1,-1,-1
703,57408,918,544,46,105,1,-1,-1,-1
703,57430,1285,499,44,95,1,-1,-1,-1
703,57477,176,716,46,118,1,-1,-1,-1
703,57487,55,557,56,98,1,-1,-1,-1
704,57285,816,295,29,71,1,-1,-1,-1
704,57286,649,400,39,77,1,-1,-1,-1
704,57287,746,433,35,87,1,-1,-1,-1
704,57290,453,457,27,88,1,-1,-1,-1
704,57292,900,597,45,92,1,-1,-1,-1
704,57297,1085,515,30,86,1,-1,-1,-1
704,57299,918,515,37,84,1,-1,-1,-1
704,57308,939,503,32,94,1,-1,-1,-1
704,57319,897,379,31,73,1,-1,-1,-1
704,57356,708,365,31,67,1,-1,-1,-1
704,57374,1094,517,37,99,1,-1,-1,-1
704,57381,1178,493,34,93,1,-1,-1,-1
704,57397,1278,530,40,101,1,-1,-1,-1
704,57408,919,543,45,105,1,-1,-1,-1
704,57430,1288,499,44,95,1,-1,-1,-1
704,57477,178,715,46,118,1,-1,-1,-1
704,57487,66,555,56,98,1,-1,-1,-1
705,57285,819,295,29,71,1,-1,-1,-1
705,57286,652,400,39,77,1,-1,-1,-1
705,57287,746,433,36,87,1,-1,-1,-1
705,57290,456,457,27,88,1,-1,-1,-1
705,57292,899,597,45,92,1,-1,-1,-1
705,57297,1083,515,31,87,1,-1,-1,-1
705,57299,916,515,37,84,1,-1,-1,-1
705,57308,943,504,32,93,1,-1,-1,-1
705,57319,896,378,31,73,1,-1,-1,-1
705,57356,710,365,30,67,1,-1,-1,-1
705,57374,1094,518,38,99,1,-1,-1,-1
705,57381,1179,494,36,93,1,-1,-1,-1
705,57397,1279,529,40,101,1,-1,-1,-1
705,57408,919,544,45,104,1,-1,-1,-1
705,57430,1291,500,43,95,1,-1,-1,-1
705,57477,180,714,46,117,1,-1,-1,-1
705,57487,76,554,56,98,1,-1,-1,-1
706,57285,821,295,29,71,1,-1,-1,-1
706,57286,656,400,39,77,1,-1,-1,-1
706,57287,747,433,35,87,1,-1,-1,-1
706,57290,458,457,26,88,1,-1,-1,-1
706,57292,899,597,45,92,1,-1,-1,-1
706,57297,1083,515,31,88,1,-1,-1,-1
706,57299,914,514,37,84,1,-1,-1,-1
706,57308,948,504,32,92,1,-1,-1,-1
706,57319,895,377,31,73,1,-1,-1,-1
706,57356,710,365,30,67,1,-1,-1,-1
706,57374,1095,519,38,99,1,-1,-1,-1
706,57381,1181,494,36,93,1,-1,-1,-1
706,57397,1281,527,40,101,1,-1,-1,-1
706,57408,919,544,45,105,1,-1,-1,-1
706,57430,1294,500,42,95,1,-1,-1,-1
706,57477,182,713,46,117,1,-1,-1,-1
706,57487,87,553,56,98,1,-1,-1,-1
707,57285,824,296,29,71,1,-1,-1,-1
707,57286,660,400,39,77,1,-1,-1,-1
707,57287,747,433,35,87,1,-1,-1,-1
707,57290,460,457,27,88,1,-1,-1,-1
707,57292,899,597,44,92,1,-1,-1,-1
707,57297,1082,515,32,88,1,-1,-1,-1
707,57299,912,514,37,83,1,-1,-1,-1
707,57308,953,504,31,92,1,-1,-1,-1
707,57319,894,377,30,73,1,-1,-1,-1
707,57356,710,365,30,67,1,-1,-1,-1
707,57374,1095,521,39,99,1,-1,-1,-1
707,57381,1183,495,36,93,1,-1,-1,-1
707,57397,1283,525,40,101,1,-1,-1,-1
707,57408,918,543,46,105,1,-1,-1,-1
707,57430,1297,501,40,95,1,-1,-1,-1
707,57477,184,712,46,117,1,-1,-1,-1
707,57487,98,552,56,98,1,-1,-1,-1
708,57285,826,296,28,71,1,-1,-1,-1
708,57286,664,400,40,77,1,-1,-1,-1
708,57287,748,433,35,87,1,-1,-1,-1
708,57290,462,457,26,88,1,-1,-1,-1
708,57292,898,597,44,92,1,-1,-1,-1
708,57297,1081,515,32,88,1,-1,-1,-1
708,57299,910,514,37,83,1,-1,-1,-1
708,57308,957,504,32,91,1,-1,-1,-1
708,57319,893,376,30,73,1,-1,-1,-1
708,57356,711,365,30,67,1,-1,-1,-1
708,57374,1096,523,39,98,1,-1,-1,-1
708,57381,1184,495,37,93,1,-1,-1,-1
708,57397,1284,524,40,101,1,-1,-1,-1
708,57408,918,543,46,105,1,-1,-1,-1
708,57430,1299,501,40,95,1,-1,-1,-1
708,57477,185,712,47,117,1,-1,-1,-1
708,57487,108,551,56,98,1,-1,-1,-1
708,57489,960,369,17,13,1,-1,-1,-1
709,57285,829,296,28,71,1,-1,-1,-1
709,57286,671,401,39,77,1,-1,-1,-1
709,57287,748,433,35,87,1,-1,-1,-1
709,57290,464,457,26,88,1,-1,-1,-1
709,57292,898,597,43,92,1,-1,-1,-1
709,57297,1079,516,33,88,1,-1,-1,-1
709,57299,908,514,37,83,1,-1,-1,-1
709,57308,963,505,32,89,1,-1,-1,-1
709,57319,892,375,29,73,1,-1,-1,-1
709,57356,712,366,29,66,1,-1,-1,-1
709,57374,1097,525,39,98,1,-1,-1,-1
709,57381,1186,495,37,93,1,-1,-1,-1
709,57397,1285,524,40,101,1,-1,-1,-1
709,57408,918,543,46,105,1,-1,-1,-1
709,57430,1302,501,39,96,1,-1,-1,-1
709,57477,187,711,47,117,1,-1,-1,-1
709,57487,123,550,55,98,1,-1,-1,-1
709,57489,957,368,17,13,1,-1,-1,-1
710,57285,831,296,28,70,1,-1,-1,-1
710,57286,674,401,39,77,1,-1,-1,-1
710,57287,748,433,36,87,1,-1,-1,-1
710,57290,466,457,26,87,1,-1,-1,-1
710,57292,897,597,42,92,1,-1,-1,-1
710,57297,1079,516,33,89,1,-1,-1,-1
710,57299,907,513,37,83,1,-1,-1,-1
710,57308,966,505,32,89,1,-1,-1,-1
710,57319,891,374,29,73,1,-1,-1,-1
710,57356,713,366,29,66,1,-1,-1,-1
710,57374,1097,526,39,99,1,-1,-1,-1
710,57381,1187,496,37,93,1,-1,-1,-1
710,57397,1285,524,40,101,1,-1,-1,-1
710,57408,918,542,46,105,1,-1,-1,-1
710,57430,1305,502,38,96,1,-1,-1,-1
710,57477,188,710,47,116,1,-1,-1,-1
710,57487,131,549,55,98,1,-1,-1,-1
710,57489,955,365,17,13,1,-1,-1,-1
711,57285,833,296,28,70,1,-1,-1,-1
711,57286,676,401,39,77,1,-1,-1,-1
711,57287,749,433,35,87,1,-1,-1,-1
711,57290,469,456,25,87,1,-1,-1,-1
711,57292,895,597,43,92,1,-1,-1,-1
711,57297,1078,516,33,89,1,-1,-1,-1
711,57299,905,513,36,83,1,-1,-1,-1
711,57308,968,506,33,88,1,-1,-1,-1
711,57319,890,373,28,73,1,-1,-1,-1
711,57356,713,366,29,66,1,-1,-1,-1
711,57374,1097,528,40,99,1,-1,-1,-1
711,57381,1189,496,37,93,1,-1,-1,-1
711,57397,1285,524,41,101,1,-1,-1,-1
711,57408,918,542,46,105,1,-1,-1,-1
711,57430,1307,502,38,96,1,-1,-1,-1
711,57477,190,709,47,116,1,-1,-1,-1
711,57487,140,548,55,98,1,-1,-1,-1
711,57489,951,361,17,13,1,-1,-1,-1
712,57285,836,297,27,70,1,-1,-1,-1
712,57286,679,401,39,77,1,-1,-1,-1
712,57287,750,433,35,87,1,-1,-1,-1
712,57290,471,456,25,87,1,-1,-1,-1
712,57292,892,597,43,91,1,-1,-1,-1
712,57297,1077,516,34,89,1,-1,-1,-1
712,57299,903,513,36,82,1,-1,-1,-1
712,57308,971,507,32,87,1,-1,-1,-1
712,57319,889,372,28,73,1,-1,-1,-1
712,57356,714,366,28,66,1,-1,-1,-1
712,57374,1098,529,40,99,1,-1,-1,-1
712,57381,1191,497,36,93,1,-1,-1,-1
712,57397,1286,524,41,101,1,-1,-1,-1
712,57408,918,542,46,105,1,-1,-1,-1
712,57430,1310,502,37,97,1,-1,-1,-1
712,57477,192,709,47,116,1,-1,-1,-1
712,57487,149,547,55,98,1,-1,-1,-1
713,57285,839,297,27,70,1,-1,-1,-1
713,57286,681,401,39,77,1,-1,-1,-1
713,57287,750,433,35,87,1,-1,-1,-1
713,57290,473,456,25,87,1,-1,-1,-1
713,57292,888,597,43,91,1,-1,-1,-1
713,57297,1076,517,34,89,1,-1,-1,-1
713,57299,901,513,36,82,1,-1,-1,-1
713,57308,974,507,33,87,1,-1,-1,-1
713,57319,888,371,28,73,1,-1,-1,-1
713,57356,715,367,28,65,1,-1,-1,-1
713,57374,1099,531,40,99,1,-1,-1,-1
713,57381,1194,498,36,93,1,-1,-1,-1
713,57397,1286,524,41,101,1,-1,-1,-1
713,57408,918,541,46,105,1,-1,-1,-1
713,57430,1313,503,36,96,1,-1,-1,-1
713,57477,194,708,47,116,1,-1,-1,-1
713,57487,160,546,56,98,1,-1,-1,-1
714,57285,841,297,26,70,1,-1,-1,-1
714,57286,685,400,39,77,1,-1,-1,-1
714,57287,750,434,35,87,1,-1,-1,-1
714,57290,475,456,25,87,1,-1,-1,-1
714,57292,886,597,44,91,1,-1,-1,-1
714,57297,1075,517,35,89,1,-1,-1,-1
714,57299,899,512,36,82,1,-1,-1,-1
714,57308,976,508,33,86,1,-1,-1,-1
714,57319,886,371,28,72,1,-1,-1,-1
714,57356,715,367,28,65,1,-1,-1,-1
714,57374,1100,532,40,99,1,-1,-1,-1
714,57381,1196,498,35,93,1,-1,-1,-1
714,57397,1287,524,41,101,1,-1,-1,-1
714,57408,918,541,46,105,1,-1,-1,-1
714,57430,1315,503,35,96,1,-1,-1,-1
714,57477,196,707,46,115,1,-1,-1,-1
714,57487,168,545,56,98,1,-1,-1,-1
715,57285,841,297,27,70,1,-1,-1,-1
715,57286,690,399,39,77,1,-1,-1,-1
715,57287,750,436,35,87,1,-1,-1,-1
715,57290,476,457,24,87,1,-1,-1,-1
715,57292,883,598,44,91,1,-1,-1,-1
715,57297,1074,517,34,89,1,-1,-1,-1
715,57299,896,512,35,82,1,-1,-1,-1
715,57308,977,508,34,87,1,-1,-1,-1
715,57319,884,370,28,72,1,-1,-1,-1
715,57356,715,367,28,65,1,-1,-1,-1
715,57374,1100,534,40,99,1,-1,-1,-1
715,57381,1198,499,35,93,1,-1,-1,-1
715,57397,1288,524,41,101,1,-1,-1,-1
715,57408,918,541,46,105,1,-1,-1,-1
715,57430,1316,503,35,97,1,-1,-1,-1
715,57477,197,706,47,115,1,-1,-1,-1
715,57487,176,545,57,98,1,-1,-1,-1
716,57285,842,297,26,70,1,-1,-1,-1
716,57286,696,397,38,77,1,-1,-1,-1
716,57287,750,437,35,87,1,-1,-1,-1
716,57290,476,457,25,87,1,-1,-1,-1
716,57292,881,598,45,92,1,-1,-1,-1
716,57297,1073,517,35,89,1,-1,-1,-1
716,57299,893,512,35,81,1,-1,-1,-1
716,57308,980,509,34,86,1,-1,-1,-1
716,57319,882,370,28,72,1,-1,-1,-1
716,57356,714,368,28,65,1,-1,-1,-1
716,57374,1101,535,40,99,1,-1,-1,-1
716,57381,1200,499,35,93,1,-1,-1,-1
716,57397,1288,524,41,101,1,-1,-1,-1
716,57408,918,540,46,105,1,-1,-1,-1
716,57430,1318,504,34,97,1,-1,-1,-1
716,57477,199,705,47,115,1,-1,-1,-1
716,57487,184,544,57,98,1,-1,-1,-1
717,57285,843,297,25,70,1,-1,-1,-1
717,57286,702,396,37,77,1,-1,-1,-1
717,57287,750,438,35,87,1,-1,-1,-1
717,57290,477,457,24,87,1,-1,-1,-1
717,57292,877,598,46,92,1,-1,-1,-1
717,57297,1072,517,34,89,1,-1,-1,-1
717,57299,890,511,35,82,1,-1,-1,-1
717,57308,982,509,34,87,1,-1,-1,-1
717,57319,879,369,28,72,1,-1,-1,-1
717,57356,714,368,28,65,1,-1,-1,-1
717,57374,1101,537,41,99,1,-1,-1,-1
717,57381,1203,499,35,93,1,-1,-1,-1
717,57397,1289,524,41,101,1,-1,-1,-1
717,57408,918,540,46,105,1,-1,-1,-1
717,57430,1319,504,34,97,1,-1,-1,-1
717,57477,201,704,46,115,1,-1,-1,-1
717,57487,194,544,58,97,1,-1,-1,-1
718,57285,844,297,25,71,1,-1,-1,-1
718,57286,706,395,37,77,1,-1,-1,-1
718,57287,750,440,35,87,1,-1,-1,-1
718,57290,477,457,24,87,1,-1,-1,-1
718,57292,875,598,46,92,1,-1,-1,-1
718,57297,1070,517,35,89,1,-1,-1,-1
718,57299,887,511,35,82,1,-1,-1,-1
718,57308,985,509,35,87,1,-1,-1,-1
718,57319,876,369,28,71,1,-1,-1,-1
718,57356,713,368,28,65,1,-1,-1,-1
718,57374,1102,538,40,99,1,-1,-1,-1
718,57381,1204,500,35,93,1,-1,-1,-1
718,57397,1289,524,41,101,1,-1,-1,-1
718,57408,916,540,46,105,1,-1,-1,-1
718,57430,1321,504,34,97,1,-1,-1,-1
718,57477,202,703,46,115,1,-1,-1,-1
718,57487,203,544,58,97,1,-1,-1,-1
718,57491,929,334,17,13,1,-1,-1,-1
719,57285,844,297,25,71,1,-1,-1,-1
719,57286,709,394,36,77,1,-1,-1,-1
719,57287,750,441,35,87,1,-1,-1,-1
719,57290,478,457,23,87,1,-1,-1,-1
719,57292,872,598,46,92,1,-1,-1,-1
719,57297,1069,517,35,90,1,-1,-1,-1
719,57299,884,511,35,82,1,-1,-1,-1
719,57308,987,510,35,86,1,-1,-1,-1
719,57319,874,368,27,72,1,-1,-1,-1
719,57356,713,369,28,65,1,-1,-1,-1
719,57374,1102,539,41,99,1,-1,-1,-1
719,57381,1205,501,36,93,1,-1,-1,-1
719,57397,1289,524,40,101,1,-1,-1,-1
719,57408,915,540,46,105,1,-1,-1,-1
719,57430,1322,504,34,97,1,-1,-1,-1
719,57477,203,703,46,114,1,-1,-1,-1
719,57487,212,544,58,97,1,-1,-1,-1
719,57491,926,334,17,13,1,-1,-1,-1
720,57285,845,297,24,71,1,-1,-1,-1
720,57286,712,394,36,77,1,-1,-1,-1
720,57287,750,443,35,87,1,-1,-1,-1
720,57290,478,458,24,87,1,-1,-1,-1
720,57292,869,598,47,92,1,-1,-1,-1
720,57297,1066,517,36,90,1,-1,-1,-1
720,57299,880,510,36,83,1,-1,-1,-1
720,57308,989,510,36,87,1,-1,-1,-1
720,57319,872,368,27,71,1,-1,-1,-1
720,57356,713,369,28,65,1,-1,-1,-1
720,57374,1102,539,41,99,1,-1,-1,-1
720,57381,1206,501,36,94,1,-1,-1,-1
720,57397,1288,524,41,101,1,-1,-1,-1
720,57408,913,539,46,105,1,-1,-1,-1
720,57430,1323,504,34,97,1,-1,-1,-1
720,57477,204,702,46,114,1,-1,-1,-1
720,57487,224,545,59,97,1,-1,-1,-1
720,57491,922,334,17,13,1,-1,-1,-1
721,57285,845,297,25,71,1,-1,-1,-1
721,57286,715,393,35,77,1,-1,-1,-1
721,57287,750,444,35,87,1,-1,-1,-1
721,57290,479,458,23,87,1,-1,-1,-1
721,57292,866,598,47,92,1,-1,-1,-1
721,57297,1065,517,35,90,1,-1,-1,-1
721,57299,877,510,36,83,1,-1,-1,-1
721,57308,992,511,36,86,1,-1,-1,-1
721,57319,869,367,27,71,1,-1,-1,-1
721,57356,713,370,28,65,1,-1,-1,-1
721,57374,1101,539,42,99,1,-1,-1,-1
721,57381,1208,502,35,93,1,-1,-1,-1
721,57397,1287,524,41,101,1,-1,-1,-1
721,57408,910,539,46,105,1,-1,-1,-1
721,57430,1325,504,34,97,1,-1,-1,-1
721,57477,205,702,46,114,1,-1,-1,-1
721,57487,231,544,59,97,1,-1,-1,-1
722,57285,846,297,24,71,1,-1,-1,-1
722,57286,717,392,36,77,1,-1,-1,-1
722,57287,750,444,35,87,1,-1,-1,-1
722,57290,479,458,24,87,1,-1,-1,-1
722,57292,864,598,47,92,1,-1,-1,-1
722,57297,1062,517,36,91,1,-1,-1,-1
722,57299,874,510,36,83,1,-1,-1,-1
722,57308,994,511,37,87,1,-1,-1,-1
722,57319,866,367,27,70,1,-1,-1,-1
722,57356,713,370,28,65,1,-1,-1,-1
722,57374,1101,540,42,99,1,-1,-1,-1
722,57381,1209,502,36,94,1,-1,-1,-1
722,57397,1287,524,41,101,1,-1,-1,-1
722,57408,909,538,46,105,1,-1,-1,-1
722,57430,1325,504,35,98,1,-1,-1,-1
722,57477,206,701,45,114,1,-1,-1,-1
722,57487,238,544,60,97,1,-1,-1,-1
723,57285,847,297,24,72,1,-1,-1,-1
723,57286,720,392,35,77,1,-1,-1,-1
723,57287,749,444,35,87,1,-1,-1,-1
723,57290,480,458,23,87,1,-1,-1,-1
723,57292,861,598,47,92,1,-1,-1,-1
723,57297,1060,517,37,91,1,-1,-1,-1
723,57299,871,509,36,83,1,-1,-1,-1
723,57308,997,512,37,86,1,-1,-1,-1
723,57319,864,366,27,70,1,-1,-1,-1
723,57356,712,371,28,65,1,-1,-1,-1
723,57374,1101,540,42,99,1,-1,-1,-1
723,57381,1210,502,36,94,1,-1,-1,-1
723,57397,1286,524,41,101,1,-1,-1,-1
723,57408,907,537,46,105,1,-1,-1,-1
723,57430,1327,504,35,98,1,-1,-1,-1
723,57477,207,700,45,113,1,-1,-1,-1
723,57487,246,544,60,96,1,-1,-1,-1
724,57285,847,297,24,72,1,-1,-1,-1
724,57286,724,391,35,77,1,-1,-1,-1
724,57287,749,445,35,87,1,-1,-1,-1
724,57290,480,458,23,87,1,-1,-1,-1
724,57292,858,598,48,92,1,-1,-1,-1
724,57297,1058,517,37,91,1,-1,-1,-1
724,57299,868,509,36,83,1,-1,-1,-1
724,57308,999,512,37,87,1,-1,-1,-1
724,57319,861,366,28,69,1,-1,-1,-1
724,57356,711,371,29,65,1,-1,-1,-1
724,57374,1101,540,42,99,1,-1,-1,-1
724,57381,1212,503,36,94,1,-1,-1,-1
724,57397,1286,524,41,101,1,-1,-1,-1
724,57408,904,537,46,105,1,-1,-1,-1
724,57430,1328,504,35,99,1,-1,-1,-1
724,57477,208,700,45,112,1,-1,-1,-1
724,57487,254,543,61,96,1,-1,-1,-1
725,57285,849,297,23,72,1,-1,-1,-1
725,57286,726,390,35,77,1,-1,-1,-1
725,57287,749,445,35,87,1,-1,-1,-1
725,57290,481,459,23,87,1,-1,-1,-1
725,57292,854,598,48,93,1,-1,-1,-1
725,57297,1054,517,38,91,1,-1,-1,-1
725,57299,863,509,36,83,1,-1,-1,-1
725,57308,1003,512,38,87,1,-1,-1,-1
725,57319,857,365,28,69,1,-1,-1,-1
725,57356,711,372,29,65,1,-1,-1,-1
725,57374,1101,541,42,99,1,-1,-1,-1
725,57381,1212,504,37,94,1,-1,-1,-1
725,57397,1285,524,41,101,1,-1,-1,-1
725,57408,903,536,46,105,1,-1,-1,-1
725,57430,1330,505,36,98,1,-1,-1,-1
725,57477,209,699,45,113,1,-1,-1,-1
725,57487,267,542,62,96,1,-1,-1,-1
726,57285,849,297,23,73,1,-1,-1,-1
726,57286,728,390,35,77,1,-1,-1,-1
726,57287,749,445,35,87,1,-1,-1,-1
726,57290,482,459,22,87,1,-1,-1,-1
726,57292,852,598,49,93,1,-1,-1,-1
726,57297,1052,517,39,91,1,-1,-1,-1
726,57299,861,508,36,83,1,-1,-1,-1
726,57308,1005,513,38,86,1,-1,-1,-1
726,57319,855,364,28,69,1,-1,-1,-1
726,57356,711,373,29,64,1,-1,-1,-1
726,57374,1101,541,42,99,1,-1,-1,-1
726,57381,1214,504,37,94,1,-1,-1,-1
726,57397,1285,524,41,101,1,-1,-1,-1
726,57408,902,536,46,105,1,-1,-1,-1
726,57430,1330,505,37,98,1,-1,-1,-1
726,57477,210,699,45,112,1,-1,-1,-1
726,57487,272,541,62,96,1,-1,-1,-1
727,57285,850,297,22,72,1,-1,-1,-1
727,57286,730,390,35,77,1,-1,-1,-1
727,57287,748,446,35,87,1,-1,-1,-1
727,57290,482,459,23,87,1,-1,-1,-1
727,57292,853,598,49,93,1,-1,-1,-1
727,57297,1051,517,39,91,1,-1,-1,-1
727,57299,856,508,37,83,1,-1,-1,-1
727,57308,1004,513,39,87,1,-1,-1,-1
727,57319,852,364,28,69,1,-1,-1,-1
727,57356,710,373,29,64,1,-1,-1,-1
727,57374,1101,541,42,99,1,-1,-1,-1
727,57381,1216,504,37,94,1,-1,-1,-1
727,57397,1284,524,41,101,1,-1,-1,-1
727,57408,902,536,46,104,1,-1,-1,-1
727,57430,1334,503,38,98,1,-1,-1,-1
727,57477,211,699,45,112,1,-1,-1,-1
727,57487,288,541,61,96,1,-1,-1,-1
727,57492,1,503,18,85,1,-1,-1,-1
728,57285,850,298,22,71,1,-1,-1,-1
728,57286,732,390,35,77,1,-1,-1,-1
728,57287,748,446,35,87,1,-1,-1,-1
728,57290,483,459,23,87,1,-1,-1,-1
728,57292,853,598,49,94,1,-1,-1,-1
728,57297,1049,517,39,91,1,-1,-1,-1
728,57299,851,507,37,84,1,-1,-1,-1
728,57308,1003,513,40,88,1,-1,-1,-1
728,57319,849,364,29,69,1,-1,-1,-1
728,57356,710,373,29,64,1,-1,-1,-1
728,57374,1101,542,42,99,1,-1,-1,-1
728,57381,1217,504,38,94,1,-1,-1,-1
728,57397,1284,525,41,101,1,-1,-1,-1
728,57408,902,536,46,103,1,-1,-1,-1
728,57430,1336,503,37,98,1,-1,-1,-1
728,57477,212,699,45,112,1,-1,-1,-1
728,57487,295,540,59,96,1,-1,-1,-1
728,57492,4,500,19,88,1,-1,-1,-1
728,57493,897,349,17,13,1,-1,-1,-1
729,57285,850,298,22,69,1,-1,-1,-1
729,57286,735,390,34,77,1,-1,-1,-1
729,57287,748,446,35,87,1,-1,-1,-1
729,57290,483,458,23,87,1,-1,-1,-1
729,57292,852,598,49,94,1,-1,-1,-1
729,57297,1048,517,40,90,1,-1,-1,-1
729,57299,846,507,37,84,1,-1,-1,-1
729,57308,1003,513,40,88,1,-1,-1,-1
729,57319,845,364,29,69,1,-1,-1,-1
729,57356,710,374,29,63,1,-1,-1,-1
729,57374,1101,542,41,99,1,-1,-1,-1
729,57381,1218,504,38,94,1,-1,-1,-1
729,57397,1283,525,41,101,1,-1,-1,-1
729,57408,903,536,45,103,1,-1,-1,-1
729,57430,1337,503,38,98,1,-1,-1,-1
729,57477,213,699,44,112,1,-1,-1,-1
729,57487,303,540,59,96,1,-1,-1,-1
729,57492,5,499,20,90,1,-1,-1,-1
729,57493,894,351,17,13,1,-1,-1,-1
730,57285,851,298,21,67,1,-1,-1,-1
730,57286,738,390,35,77,1,-1,-1,-1
730,57287,747,447,35,87,1,-1,-1,-1
730,57290,483,457,23,87,1,-1,-1,-1
730,57292,849,598,48,94,1,-1,-1,-1
730,57297,1045,517,40,90,1,-1,-1,-1
730,57299,840,506,38,84,1,-1,-1,-1
730,57308,1002,513,40,88,1,-1,-1,-1
730,57319,840,364,29,68,1,-1,-1,-1
730,57356,710,375,29,61,1,-1,-1,-1
730,57374,1101,542,41,99,1,-1,-1,-1
730,57381,1219,504,39,95,1,-1,-1,-1
730,57397,1283,525,41,101,1,-1,-1,-1
730,57408,903,536,44,101,1,-1,-1,-1
730,57430,1340,503,38,98,1,-1,-1,-1
730,57477,215,699,44,111,1,-1,-1,-1
730,57487,318,540,58,96,1,-1,-1,-1
730,57492,6,500,19,90,1,-1,-1,-1
731,57285,851,299,21,66,1,-1,-1,-1
731,57286,739,390,35,77,1,-1,-1,-1
731,57287,747,447,35,87,1,-1,-1,-1
731,57290,483,457,23,87,1,-1,-1,-1
731,57292,848,598,47,94,1,-1,-1,-1
731,57297,1044,516,40,91,1,-1,-1,-1
731,57299,835,505,38,84,1,-1,-1,-1
731,57308,1002,513,40,88,1,-1,-1,-1
731,57319,837,364,29,68,1,-1,-1,-1
731,57356,709,376,29,60,1,-1,-1,-1
731,57374,1101,543,41,99,1,-1,-1,-1
731,57381,1220,505,39,94,1,-1,-1,-1
731,57397,1282,525,41,101,1,-1,-1,-1
731,57408,903,536,44,100,1,-1,-1,-1
731,57430,1341,503,38,99,1,-1,-1,-1
731,57477,215,699,44,111,1,-1,-1,-1
731,57487,323,539,58,96,1,-1,-1,-1
731,57492,6,501,20,90,1,-1,-1,-1
732,57285,849,299,22,65,1,-1,-1,-1
732,57286,739,390,34,77,1,-1,-1,-1
732,57287,745,447,35,87,1,-1,-1,-1
732,57290,482,456,23,87,1,-1,-1,-1
732,57292,844,599,46,94,1,-1,-1,-1
732,57297,1042,516,40,91,1,-1,-1,-1
732,57299,829,505,38,84,1,-1,-1,-1
732,57308,1002,513,40,88,1,-1,-1,-1
732,57319,834,364,29,68,1,-1,-1,-1
732,57356,707,377,29,59,1,-1,-1,-1
732,57374,1101,543,41,99,1,-1,-1,-1
732,57381,1220,505,39,95,1,-1,-1,-1
732,57397,1282,526,41,101,1,-1,-1,-1
732,57408,900,535,45,100,1,-1,-1,-1
732,57430,1341,503,38,99,1,-1,-1,-1
732,57477,214,699,44,111,1,-1,-1,-1
732,57487,329,539,57,97,1,-1,-1,-1
732,57492,6,503,21,89,1,-1,-1,-1
733,57285,848,300,22,64,1,-1,-1,-1
733,57286,738,390,34,77,1,-1,-1,-1
733,57287,744,447,35,87,1,-1,-1,-1
733,57290,478,456,24,87,1,-1,-1,-1
733,57292,839,599,46,94,1,-1,-1,-1
733,57297,1040,516,39,91,1,-1,-1,-1
733,57299,824,504,38,85,1,-1,-1,-1
733,57308,1003,513,40,89,1,-1,-1,-1
733,57319,831,363,29,68,1,-1,-1,-1
733,57356,704,378,30,59,1,-1,-1,-1
733,57374,1101,544,41,99,1,-1,-1,-1
733,57381,1220,506,40,95,1,-1,-1,-1
733,57397,1281,526,41,101,1,-1,-1,-1
733,57408,897,533,44,100,1,-1,-1,-1
733,57430,1341,503,37,99,1,-1,-1,-1
733,57477,213,699,43,111,1,-1,-1,-1
733,57487,335,539,58,97,1,-1,-1,-1
733,57492,5,506,21,87,1,-1,-1,-1
734,57285,846,302,22,62,1,-1,-1,-1
734,57286,737,390,34,77,1,-1,-1,-1
734,57287,742,447,35,87,1,-1,-1,-1
734,57290,475,456,23,87,1,-1,-1,-1
734,57292,830,599,46,95,1,-1,-1,-1
734,57297,1036,515,38,92,1,-1,-1,-1
734,57299,815,503,39,85,1,-1,-1,-1
734,57308,1004,514,40,88,1,-1,-1,-1
734,57319,825,363,29,68,1,-1,-1,-1
734,57356,701,380,29,57,1,-1,-1,-1
734,57374,1101,544,41,99,1,-1,-1,-1
734,57381,1220,507,40,95,1,-1,-1,-1
734,57397,1280,526,41,101,1,-1,-1,-1
734,57408,891,531,44,99,1,-1,-1,-1
734,57430,1341,503,36,98,1,-1,-1,-1
734,57477,210,699,43,110,1,-1,-1,-1
734,57487,344,539,59,97,1,-1,-1,-1
734,57492,2,513,20,82,1,-1,-1,-1
735,57285,845,302,22,61,1,-1,-1,-1
735,57286,736,390,34,77,1,-1,-1,-1
735,57287,740,447,35,87,1,-1,-1,-1
735,57290,472,457,24,87,1,-1,-1,-1
735,57292,826,600,46,94,1,-1,-1,-1
735,57297,1034,515,38,91,1,-1,-1,-1
735,57299,812,502,38,85,1,-1,-1,-1
735,57308,1004,515,40,88,1,-1,-1,-1
735,57319,821,362,30,68,1,-1,-1,-1
735,57356,698,381,29,56,1,-1,-1,-1
735,57374,1100,545,42,99,1,-1,-1,-1
735,57381,1219,508,41,95,1,-1,-1,-1
735,57397,1279,526,41,101,1,-1,-1,-1
735,57408,888,530,44,99,1,-1,-1,-1
735,57430,1340,504,36,97,1,-1,-1,-1
735,57477,208,699,42,110,1,-1,-1,-1
735,57487,348,538,60,97,1,-1,-1,-1
735,57492,1,513,20,82,1,-1,-1,-1
736,57285,840,303,23,60,1,-1,-1,-1
736,57286,735,390,34,77,1,-1,-1,-1
736,57287,736,447,35,87,1,-1,-1,-1
736,57290,469,457,24,87,1,-1,-1,-1
736,57292,821,600,46,94,1,-1,-1,-1
736,57297,1030,514,37,92,1,-1,-1,-1
736,57299,805,502,39,85,1,-1,-1,-1
736,57308,1000,515,40,88,1,-1,-1,-1
736,57319,815,361,29,68,1,-1,-1,-1
736,57356,694,383,29,54,1,-1,-1,-1
736,57374,1098,545,42,99,1,-1,-1,-1
736,57381,1217,508,41,95,1,-1,-1,-1
736,57397,1276,526,41,101,1,-1,-1,-1
736,57408,884,530,43,100,1,-1,-1,-1
736,57430,1340,504,34,97,1,-1,-1,-1
736,57477,205,699,42,110,1,-1,-1,-1
736,57487,352,538,61,97,1,-1,-1,-1
736,57492,1,505,22,88,1,-1,-1,-1
737,57285,835,304,23,59,1,-1,-1,-1
737,57286,734,390,34,77,1,-1,-1,-1
737,57287,731,448,35,87,1,-1,-1,-1
737,57290,465,457,24,87,1,-1,-1,-1
737,57292,814,600,47,94,1,-1,-1,-1
737,57297,1026,514,36,92,1,-1,-1,-1
737,57299,798,502,39,85,1,-1,-1,-1
737,57308,996,515,40,88,1,-1,-1,-1
737,57319,807,361,29,67,1,-1,-1,-1
737,57356,691,384,29,53,1,-1,-1,-1
737,57374,1095,546,42,99,1,-1,-1,-1
737,57381,1214,508,42,95,1,-1,-1,-1
737,57397,1272,527,41,101,1,-1,-1,-1
737,57408,880,530,42,100,1,-1,-1,-1
737,57430,1338,505,35,96,1,-1,-1,-1
737,57477,201,699,42,110,1,-1,-1,-1
737,57487,357,538,60,97,1,-1,-1,-1
737,57492,1,503,22,89,1,-1,-1,-1
738,57285,827,306,23,57,1,-1,-1,-1
738,57286,732,390,35,77,1,-1,-1,-1
738,57287,723,450,35,87,1,-1,-1,-1
738,57290,461,457,25,87,1,-1,-1,-1
738,57292,806,600,47,94,1,-1,-1,-1
738,57297,1020,513,36,93,1,-1,-1,-1
738,57299,789,501,40,85,1,-1,-1,-1
738,57308,989,516,40,88,1,-1,-1,-1
738,57319,795,360,30,67,1,-1,-1,-1
738,57374,1090,547,42,99,1,-1,-1,-1
738,57381,1211,509,42,95,1,-1,-1,-1
738,57397,1266,528,41,101,1,-1,-1,-1
738,57408,871,531,42,100,1,-1,-1,-1
738,57430,1338,505,33,97,1,-1,-1,-1
738,57477,195,699,42,109,1,-1,-1,-1
738,57487,364,537,59,97,1,-1,-1,-1
738,57492,1,503,22,88,1,-1,-1,-1
739,57285,823,307,23,57,1,-1,-1,-1
739,57286,731,390,35,77,1,-1,-1,-1
739,57287,720,450,35,87,1,-1,-1,-1
739,57290,458,457,24,87,1,-1,-1,-1
739,57292,801,600,46,95,1,-1,-1,-1
739,57297,1016,514,36,93,1,-1,-1,-1
739,57299,783,500,40,86,1,-1,-1,-1
739,57308,985,516,40,89,1,-1,-1,-1
739,57319,788,359,30,67,1,-1,-1,-1
739,57374,1088,548,42,99,1,-1,-1,-1
739,57381,1208,510,43,95,1,-1,-1,-1
739,57397,1263,528,41,101,1,-1,-1,-1
739,57408,867,531,43,100,1,-1,-1,-1
739,57430,1337,505,33,97,1,-1,-1,-1
739,57477,191,700,42,109,1,-1,-1,-1
739,57487,368,537,58,97,1,-1,-1,-1
739,57492,1,505,23,86,1,-1,-1,-1
739,57495,845,340,17,13,1,-1,-1,-1
740,57285,818,308,24,56,1,-1,-1,-1
740,57286,730,390,34,77,1,-1,-1,-1
740,57287,715,451,35,87,1,-1,-1,-1
740,57290,453,458,25,87,1,-1,-1,-1
740,57292,796,600,46,95,1,-1,-1,-1
740,57297,1012,514,35,93,1,-1,-1,-1
740,57299,776,500,40,86,1,-1,-1,-1
740,57308,981,517,40,89,1,-1,-1,-1
740,57319,781,359,30,67,1,-1,-1,-1
740,57374,1084,548,43,101,1,-1,-1,-1
740,57381,1206,511,42,95,1,-1,-1,-1
740,57397,1259,529,41,101,1,-1,-1,-1
740,57408,863,532,42,100,1,-1,-1,-1
740,57430,1336,505,33,97,1,-1,-1,-1
740,57477,187,701,42,110,1,-1,-1,-1
740,57487,372,538,56,96,1,-1,-1,-1
740,57492,2,510,22,82,1,-1,-1,-1
741,57285,813,309,25,56,1,-1,-1,-1
741,57286,729,390,34,77,1,-1,-1,-1
741,57287,709,451,35,87,1,-1,-1,-1
741,57290,449,459,25,87,1,-1,-1,-1
741,57292,791,600,46,95,1,-1,-1,-1
741,57297,1008,515,34,92,1,-1,-1,-1
741,57299,769,501,39,86,1,-1,-1,-1
741,57308,976,517,41,89,1,-1,-1,-1
741,57319,774,358,30,67,1,-1,-1,-1
741,57374,1081,550,43,102,1,-1,-1,-1
741,57381,1203,513,42,95,1,-1,-1,-1
741,57397,1254,530,41,101,1,-1,-1,-1
741,57408,858,532,42,100,1,-1,-1,-1
741,57430,1335,506,32,97,1,-1,-1,-1
741,57477,183,702,41,110,1,-1,-1,-1
741,57487,375,538,56,96,1,-1,-1,-1
741,57492,3,518,21,76,1,-1,-1,-1
741,57496,831,341,17,13,1,-1,-1,-1
742,57285,808,310,25,56,1,-1,-1,-1
742,57286,728,390,34,77,1,-1,-1,-1
742,57287,704,452,34,87,1,-1,-1,-1
742,57290,443,460,26,87,1,-1,-1,-1
742,57292,785,601,46,94,1,-1,-1,-1
742,57297,1003,515,34,92,1,-1,-1,-1
742,57299,761,501,39,86,1,-1,-1,-1
742,57308,971,518,41,89,1,-1,-1,-1
742,57319,766,357,30,68,1,-1,-1,-1
742,57374,1077,551,44,104,1,-1,-1,-1
742,57381,1200,514,43,95,1,-1,-1,-1
742,57397,1249,530,41,101,1,-1,-1,-1
742,57408,853,532,42,100,1,-1,-1,-1
742,57430,1335,506,31,97,1,-1,-1,-1
742,57477,178,703,42,110,1,-1,-1,-1
742,57487,378,539,56,94,1,-1,-1,-1
742,57492,2,532,18,64,1,-1,-1,-1
743,57285,802,311,27,55,1,-1,-1,-1
743,57286,727,390,34,77,1,-1,-1,-1
743,57287,698,453,34,87,1,-1,-1,-1
743,57290,438,461,25,87,1,-1,-1,-1
743,57292,780,601,45,95,1,-1,-1,-1
743,57297,998,515,34,92,1,-1,-1,-1
743,57299,753,501,39,86,1,-1,-1,-1
743,57308,966,519,41,89,1,-1,-1,-1
743,57319,759,357,30,67,1,-1,-1,-1
743,57374,1074,552,44,107,1,-1,-1,-1
743,57381,1198,516,42,95,1,-1,-1,-1
743,57397,1244,530,41,101,1,-1,-1,-1
743,57408,848,533,41,100,1,-1,-1,-1
743,57430,1333,507,32,98,1,-1,-1,-1
743,57477,173,703,42,111,1,-1,-1,-1
743,57487,381,539,55,94,1,-1,-1,-1
743,57492,1,538,18,60,1,-1,-1,-1
743,57497,817,342,17,13,1,-1,-1,-1
744,57285,796,313,27,55,1,-1,-1,-1
744,57286,726,390,34,77,1,-1,-1,-1
744,57287,692,454,34,87,1,-1,-1,-1
744,57290,433,462,25,87,1,-1,-1,-1
744,57292,774,602,45,94,1,-1,-1,-1
744,57297,993,516,34,91,1,-1,-1,-1
744,57299,744,502,39,86,1,-1,-1,-1
744,57308,960,520,42,89,1,-1,-1,-1
744,57319,750,356,31,68,1,-1,-1,-1
744,57374,1069,554,45,109,1,-1,-1,-1
744,57381,1195,517,42,95,1,-1,-1,-1
744,57397,1238,531,41,101,1,-1,-1,-1
744,57408,842,533,41,100,1,-1,-1,-1
744,57430,1332,508,31,97,1,-1,-1,-1
744,57477,169,705,42,111,1,-1,-1,-1
744,57487,385,540,55,92,1,-1,-1,-1
744,57492,0,545,16,56,1,-1,-1,-1
745,57285,794,314,27,54,1,-1,-1,-1
745,57286,726,390,34,77,1,-1,-1,-1
745,57287,688,455,33,87,1,-1,-1,-1
745,57290,430,463,25,87,1,-1,-1,-1
745,57292,770,602,44,95,1,-1,-1,-1
745,57297,990,516,34,90,1,-1,-1,-1
745,57299,739,502,38,86,1,-1,-1,-1
745,57308,957,521,42,89,1,-1,-1,-1
745,57319,744,355,31,68,1,-1,-1,-1
745,57374,1067,555,44,110,1,-1,-1,-1
745,57381,1194,518,42,95,1,-1,-1,-1
745,57397,1236,531,41,101,1,-1,-1,-1
745,57408,838,533,40,100,1,-1,-1,-1
745,57430,1331,508,31,98,1,-1,-1,-1
745,57477,166,705,42,111,1,-1,-1,-1
745,57487,390,540,55,91,1,-1,-1,-1
745,57492,0,550,13,50,1,-1,-1,-1
745,57498,804,342,17,13,1,-1,-1,-1
746,57285,791,315,28,53,1,-1,-1,-1
746,57286,725,390,34,77,1,-1,-1,-1
746,57287,684,455,33,87,1,-1,-1,-1
746,57290,427,463,26,87,1,-1,-1,-1
746,57292,767,603,43,93,1,-1,-1,-1
746,57297,987,517,34,89,1,-1,-1,-1
746,57299,734,502,38,87,1,-1,-1,-1
746,57308,954,521,43,89,1,-1,-1,-1
746,57319,739,355,31,68,1,-1,-1,-1
746,57374,1064,555,45,110,1,-1,-1,-1
746,57381,1194,519,41,95,1,-1,-1,-1
746,57397,1235,531,41,101,1,-1,-1,-1
746,57408,833,533,41,100,1,-1,-1,-1
746,57430,1329,509,32,98,1,-1,-1,-1
746,57477,165,706,43,111,1,-1,-1,-1
746,57487,395,539,56,92,1,-1,-1,-1
746,57492,-2,546,14,54,1,-1,-1,-1
746,57498,801,342,17,13,1,-1,-1,-1
747,57285,789,315,29,54,1,-1,-1,-1
747,57286,725,390,34,77,1,-1,-1,-1
747,57287,680,455,33,87,1,-1,-1,-1
747,57290,425,464,26,87,1,-1,-1,-1
747,57292,763,603,42,93,1,-1,-1,-1
747,57297,984,517,34,89,1,-1,-1,-1
747,57299,729,502,38,87,1,-1,-1,-1
747,57308,951,521,43,89,1,-1,-1,-1
747,57319,734,355,31,68,1,-1,-1,-1
747,57374,1062,555,44,110,1,-1,-1,-1
747,57381,1193,519,41,95,1,-1,-1,-1
747,57397,1235,531,41,101,1,-1,-1,-1
747,57408,829,533,40,100,1,-1,-1,-1
747,57430,1328,509,31,98,1,-1,-1,-1
747,57477,164,706,43,112,1,-1,-1,-1
747,57487,402,538,56,93,1,-1,-1,-1
747,57492,-2,543,14,58,1,-1,-1,-1
747,57498,797,341,17,13,1,-1,-1,-1
748,57285,787,316,29,53,1,-1,-1,-1
748,57286,725,390,34,77,1,-1,-1,-1
748,57287,676,455,32,87,1,-1,-1,-1
748,57290,423,464,25,87,1,-1,-1,-1
748,57292,759,604,42,93,1,-1,-1,-1
748,57297,981,517,35,89,1,-1,-1,-1
748,57299,725,502,38,87,1,-1,-1,-1
748,57308,948,521,43,90,1,-1,-1,-1
748,57319,728,355,31,69,1,-1,-1,-1
748,57374,1059,555,44,110,1,-1,-1,-1
748,57381,1193,519,40,95,1,-1,-1,-1
748,57397,1235,531,41,101,1,-1,-1,-1
748,57408,823,534,40,99,1,-1,-1,-1
748,57430,1327,510,32,98,1,-1,-1,-1
748,57477,164,706,42,112,1,-1,-1,-1
748,57487,411,537,56,95,1,-1,-1,-1
748,57492,-3,521,19,82,1,-1,-1,-1
748,57498,792,341,17,13,1,-1,-1,-1
749,57285,785,317,30,52,1,-1,-1,-1
749,57286,725,390,34,77,1,-1,-1,-1
749,57287,673,455,32,87,1,-1,-1,-1
749,57290,421,465,25,87,1,-1,-1,-1
749,57292,755,604,42,93,1,-1,-1,-1
749,57297,979,517,35,89,1,-1,-1,-1
749,57299,720,502,38,88,1,-1,-1,-1
749,57308,946,522,42,90,1,-1,-1,-1
749,57319,723,355,31,69,1,-1,-1,-1
749,57374,1058,555,43,110,1,-1,-1,-1
749,57381,1194,519,39,95,1,-1,-1,-1
749,57397,1235,531,41,101,1,-1,-1,-1
749,57408,821,534,40,99,1,-1,-1,-1
749,57430,1325,510,32,98,1,-1,-1,-1
749,57477,163,706,43,112,1,-1,-1,-1
749,57487,416,536,57,96,1,-1,-1,-1
749,57492,-4,514,20,88,1,-1,-1,-1
749,57498,791,340,17,13,1,-1,-1,-1
750,57286,725,390,34,77,1,-1,-1,-1
750,57287,669,455,32,87,1,-1,-1,-1
750,57290,417,465,25,87,1,-1,-1,-1
750,57292,749,605,42,93,1,-1,-1,-1
750,57297,975,518,35,87,1,-1,-1,-1
750,57299,712,502,39,88,1,-1,-1,-1
750,57308,942,522,41,90,1,-1,-1,-1
750,57319,716,354,30,69,1,-1,-1,-1
750,57374,1058,555,43,110,1,-1,-1,-1
750,57381,1193,519,39,95,1,-1,-1,-1
750,57397,1235,531,41,101,1,-1,-1,-1
750,57408,820,534,40,99,1,-1,-1,-1
750,57430,1323,511,32,98,1,-1,-1,-1
750,57477,162,706,43,113,1,-1,-1,-1
750,57487,423,534,59,98,1,-1,-1,-1
750,57492,-4,511,20,90,1,-1,-1,-1
750,57498,791,340,17,13,1,-1,-1,-1