1,11,137,394,22,83,1,-1,-1,-1
1,10,218,421,51,86,1,-1,-1,-1
1,9,744,434,34,91,1,-1,-1,-1
1,8,416,502,47,125,1,-1,-1,-1
1,7,196,426,38,92,1,-1,-1,-1
1,6,681,390,31,82,1,-1,-1,-1
1,5,302,385,25,80,1,-1,-1,-1
1,4,1382,390,27,91,1,-1,-1,-1
1,3,1458,454,40,97,1,-1,-1,-1
1,2,496,445,39,95,1,-1,-1,-1
1,1,758,618,56,144,1,-1,-1,-1
2,11,139,394,24,82,1,-1,-1,-1
2,10,221,422,52,85,1,-1,-1,-1
2,9,745,435,36,90,1,-1,-1,-1
2,8,420,503,48,124,1,-1,-1,-1
2,7,200,427,39,91,1,-1,-1,-1
2,6,685,391,32,81,1,-1,-1,-1
2,5,304,386,25,79,1,-1,-1,-1
2,4,1382,392,29,89,1,-1,-1,-1
2,3,1460,455,40,96,1,-1,-1,-1
2,2,497,446,40,94,1,-1,-1,-1
2,1,760,619,56,143,1,-1,-1,-1
3,11,140,394,25,82,1,-1,-1,-1
3,10,225,422,51,85,1,-1,-1,-1
3,9,746,436,36,90,1,-1,-1,-1
3,8,424,503,48,124,1,-1,-1,-1
3,7,204,427,39,91,1,-1,-1,-1
3,6,690,391,33,81,1,-1,-1,-1
3,5,306,386,25,79,1,-1,-1,-1
3,4,1382,393,31,89,1,-1,-1,-1
3,3,1462,455,39,96,1,-1,-1,-1
3,2,499,446,40,94,1,-1,-1,-1
3,1,763,619,55,143,1,-1,-1,-1
4,11,142,394,27,81,1,-1,-1,-1
4,10,229,422,51,85,1,-1,-1,-1
4,9,747,436,37,90,1,-1,-1,-1
4,8,428,503,48,124,1,-1,-1,-1
4,7,208,428,39,91,1,-1,-1,-1
4,6,694,391,33,81,1,-1,-1,-1
4,5,309,386,24,79,1,-1,-1,-1
4,4,1381,393,33,88,1,-1,-1,-1
4,3,1464,455,38,96,1,-1,-1,-1
4,2,500,446,40,94,1,-1,-1,-1
4,1,766,619,53,143,1,-1,-1,-1
5,11,143,394,28,81,1,-1,-1,-1
5,10,233,421,51,85,1,-1,-1,-1
5,9,748,436,38,90,1,-1,-1,-1
5,8,432,503,48,124,1,-1,-1,-1
5,7,212,428,39,91,1,-1,-1,-1
5,6,699,391,34,81,1,-1,-1,-1
5,5,311,386,24,79,1,-1,-1,-1
5,4,1381,394,35,88,1,-1,-1,-1
5,3,1466,455,37,96,1,-1,-1,-1
5,2,502,445,40,94,1,-1,-1,-1
5,1,768,618,52,143,1,-1,-1,-1
6,11,145,394,29,81,1,-1,-1,-1
6,10,236,421,51,85,1,-1,-1,-1
6,9,749,436,39,90,1,-1,-1,-1
6,8,436,503,48,124,1,-1,-1,-1
6,7,215,428,39,91,1,-1,-1,-1
6,6,704,391,34,81,1,-1,-1,-1
6,5,313,386,23,79,1,-1,-1,-1
6,4,1380,395,37,87,1,-1,-1,-1
6,3,1468,456,36,96,1,-1,-1,-1
6,2,503,445,40,94,1,-1,-1,-1
6,1,771,618,51,143,1,-1,-1,-1
7,11,147,394,31,81,1,-1,-1,-1
7,10,241,421,50,85,1,-1,-1,-1
7,9,750,436,40,90,1,-1,-1,-1
7,8,441,503,48,124,1,-1,-1,-1
7,7,220,428,39,91,1,-1,-1,-1
7,6,709,391,34,81,1,-1,-1,-1
7,5,316,387,23,79,1,-1,-1,-1
7,4,1380,395,39,87,1,-1,-1,-1
7,3,1470,456,34,96,1,-1,-1,-1
7,2,505,445,40,94,1,-1,-1,-1
7,1,774,618,49,143,1,-1,-1,-1
8,11,149,394,30,81,1,-1,-1,-1
8,10,244,421,50,85,1,-1,-1,-1
8,9,751,436,40,90,1,-1,-1,-1
8,8,443,502,48,124,1,-1,-1,-1
8,7,223,428,38,91,1,-1,-1,-1
8,6,712,391,34,81,1,-1,-1,-1
8,5,317,388,25,78,1,-1,-1,-1
8,4,1382,395,37,87,1,-1,-1,-1
8,3,1471,456,34,96,1,-1,-1,-1
8,2,505,445,39,94,1,-1,-1,-1
8,1,774,618,48,143,1,-1,-1,-1
9,11,151,394,28,81,1,-1,-1,-1
9,10,247,421,50,85,1,-1,-1,-1
9,9,751,436,40,90,1,-1,-1,-1
9,8,447,502,48,124,1,-1,-1,-1
9,7,226,427,38,91,1,-1,-1,-1
9,6,716,390,34,81,1,-1,-1,-1
9,5,319,389,27,77,1,-1,-1,-1
9,4,1384,395,35,88,1,-1,-1,-1
9,3,1473,457,34,96,1,-1,-1,-1
9,2,506,445,37,94,1,-1,-1,-1
9,1,774,618,46,143,1,-1,-1,-1
10,11,153,394,27,81,1,-1,-1,-1
10,10,251,421,50,85,1,-1,-1,-1
10,9,752,436,40,90,1,-1,-1,-1
10,8,451,501,48,124,1,-1,-1,-1
10,7,230,427,38,91,1,-1,-1,-1
10,6,720,390,34,81,1,-1,-1,-1
10,5,320,390,29,76,1,-1,-1,-1
10,4,1387,395,34,88,1,-1,-1,-1
10,3,1474,457,34,97,1,-1,-1,-1
10,2,506,445,36,94,1,-1,-1,-1
10,1,774,618,45,143,1,-1,-1,-1
11,11,155,393,26,81,1,-1,-1,-1
11,10,254,421,50,85,1,-1,-1,-1
11,9,752,436,40,90,1,-1,-1,-1
11,8,455,500,48,124,1,-1,-1,-1
11,7,233,426,38,91,1,-1,-1,-1
11,6,725,390,34,81,1,-1,-1,-1
11,5,322,391,31,75,1,-1,-1,-1
11,4,1389,395,32,88,1,-1,-1,-1
11,3,1476,458,34,97,1,-1,-1,-1
11,2,506,445,34,94,1,-1,-1,-1
11,1,774,618,43,143,1,-1,-1,-1
12,11,157,393,24,81,1,-1,-1,-1
12,10,258,420,50,85,1,-1,-1,-1
12,9,753,436,40,90,1,-1,-1,-1
12,8,458,499,48,124,1,-1,-1,-1
12,7,237,426,37,91,1,-1,-1,-1
12,6,729,390,34,81,1,-1,-1,-1
12,5,323,392,33,74,1,-1,-1,-1
12,4,1391,395,30,89,1,-1,-1,-1
12,3,1477,458,34,97,1,-1,-1,-1
12,2,507,445,33,94,1,-1,-1,-1
12,1,774,618,42,143,1,-1,-1,-1
13,11,160,393,22,81,1,-1,-1,-1
13,10,262,420,50,85,1,-1,-1,-1
13,9,754,436,40,90,1,-1,-1,-1
13,8,465,498,48,124,1,-1,-1,-1
13,7,242,425,37,91,1,-1,-1,-1
13,6,735,390,34,81,1,-1,-1,-1
13,5,326,393,36,73,1,-1,-1,-1
13,4,1395,395,26,90,1,-1,-1,-1
13,3,1480,459,34,97,1,-1,-1,-1
13,2,507,445,31,94,1,-1,-1,-1
13,1,774,618,39,143,1,-1,-1,-1
14,11,161,393,24,81,1,-1,-1,-1
14,10,264,420,50,85,1,-1,-1,-1
14,9,754,437,40,90,1,-1,-1,-1
14,8,466,498,49,124,1,-1,-1,-1
14,7,243,425,37,91,1,-1,-1,-1
14,6,737,390,33,81,1,-1,-1,-1
14,5,328,394,36,73,1,-1,-1,-1
14,4,1395,395,27,90,1,-1,-1,-1
14,3,1480,459,35,97,1,-1,-1,-1
14,2,507,445,31,94,1,-1,-1,-1
14,1,773,618,41,142,1,-1,-1,-1
15,11,164,393,26,81,1,-1,-1,-1
15,10,266,420,50,85,1,-1,-1,-1
15,9,755,437,40,90,1,-1,-1,-1
15,8,470,498,50,124,1,-1,-1,-1
15,7,246,425,37,91,1,-1,-1,-1
15,6,742,390,31,81,1,-1,-1,-1
15,5,332,394,35,72,1,-1,-1,-1
15,4,1394,395,29,90,1,-1,-1,-1
15,3,1481,459,36,97,1,-1,-1,-1
15,2,508,445,34,94,1,-1,-1,-1
15,1,772,619,46,142,1,-1,-1,-1
16,11,166,393,28,81,1,-1,-1,-1
16,10,268,421,50,85,1,-1,-1,-1
16,9,755,437,40,90,1,-1,-1,-1
16,8,475,498,50,124,1,-1,-1,-1
16,7,248,425,36,91,1,-1,-1,-1
16,6,746,390,30,81,1,-1,-1,-1
16,5,336,395,34,72,1,-1,-1,-1
16,4,1394,395,31,90,1,-1,-1,-1
16,3,1482,460,37,97,1,-1,-1,-1
16,2,508,445,36,94,1,-1,-1,-1
16,1,770,620,50,141,1,-1,-1,-1
17,11,169,393,30,81,1,-1,-1,-1
17,10,270,421,50,85,1,-1,-1,-1
17,9,756,437,40,90,1,-1,-1,-1
17,8,479,498,51,124,1,-1,-1,-1
17,7,251,425,36,91,1,-1,-1,-1
17,6,751,391,28,81,1,-1,-1,-1
17,5,340,395,33,71,1,-1,-1,-1
17,4,1393,395,34,90,1,-1,-1,-1
17,3,1483,460,38,97,1,-1,-1,-1
17,2,509,445,38,94,1,-1,-1,-1
17,1,769,620,55,141,1,-1,-1,-1
18,11,171,393,32,81,1,-1,-1,-1
18,10,273,421,50,85,1,-1,-1,-1
18,9,756,437,40,90,1,-1,-1,-1
18,8,483,498,52,124,1,-1,-1,-1
18,7,253,425,35,91,1,-1,-1,-1
18,6,756,391,26,81,1,-1,-1,-1
18,5,344,396,31,71,1,-1,-1,-1
18,4,1392,396,36,90,1,-1,-1,-1
18,3,1484,461,40,97,1,-1,-1,-1
18,2,509,445,40,94,1,-1,-1,-1
18,1,767,621,59,140,1,-1,-1,-1
19,12,0,473,16,87,1,-1,-1,-1
19,11,174,393,34,81,1,-1,-1,-1
19,10,275,421,50,85,1,-1,-1,-1
19,9,757,437,40,90,1,-1,-1,-1
19,8,489,498,54,124,1,-1,-1,-1
19,7,257,425,35,91,1,-1,-1,-1
19,6,764,392,22,81,1,-1,-1,-1
19,5,349,397,30,70,1,-1,-1,-1
19,4,1391,396,40,90,1,-1,-1,-1
19,3,1485,461,42,97,1,-1,-1,-1
19,2,510,445,44,94,1,-1,-1,-1
19,1,764,622,67,139,1,-1,-1,-1
20,12,0,468,18,91,1,-1,-1,-1
20,11,177,393,50,81,1,-1,-1,-1
20,10,277,421,50,85,1,-1,-1,-1
20,9,759,437,39,90,1,-1,-1,-1
20,8,491,498,53,124,1,-1,-1,-1
20,7,258,425,35,91,1,-1,-1,-1
20,6,765,391,23,80,1,-1,-1,-1
20,5,344,397,37,70,1,-1,-1,-1
20,4,1391,396,40,90,1,-1,-1,-1
20,3,1485,461,42,97,1,-1,-1,-1
20,2,510,445,44,94,1,-1,-1,-1
20,1,764,619,68,143,1,-1,-1,-1
21,12,0,459,22,100,1,-1,-1,-1
21,11,179,393,52,81,1,-1,-1,-1
21,10,278,421,50,85,1,-1,-1,-1
21,9,761,436,37,90,1,-1,-1,-1
21,8,496,498,52,124,1,-1,-1,-1
21,7,260,425,35,91,1,-1,-1,-1
21,6,770,390,29,76,1,-1,-1,-1
21,5,351,397,32,70,1,-1,-1,-1
21,4,1392,396,41,90,1,-1,-1,-1
21,3,1485,462,43,97,1,-1,-1,-1
21,2,513,446,40,91,1,-1,-1,-1
21,1,767,621,67,141,1,-1,-1,-1
22,12,0,459,23,100,1,-1,-1,-1
22,11,181,393,54,81,1,-1,-1,-1
22,10,279,421,50,85,1,-1,-1,-1
22,9,762,436,36,90,1,-1,-1,-1
22,8,499,498,51,124,1,-1,-1,-1
22,7,262,424,35,91,1,-1,-1,-1
22,6,771,391,29,77,1,-1,-1,-1
22,5,352,396,33,70,1,-1,-1,-1
22,4,1393,397,39,90,1,-1,-1,-1
22,3,1485,463,44,97,1,-1,-1,-1
22,2,514,445,38,89,1,-1,-1,-1
22,1,768,620,64,142,1,-1,-1,-1
23,12,0,459,27,100,1,-1,-1,-1
23,11,184,393,56,81,1,-1,-1,-1
23,10,281,422,50,85,1,-1,-1,-1
23,9,763,436,34,90,1,-1,-1,-1
23,8,502,497,50,124,1,-1,-1,-1
23,7,265,424,35,91,1,-1,-1,-1
23,6,773,391,29,78,1,-1,-1,-1
23,5,353,396,33,70,1,-1,-1,-1
23,4,1394,397,36,90,1,-1,-1,-1
23,3,1485,463,46,97,1,-1,-1,-1
23,2,516,445,36,87,1,-1,-1,-1
23,1,770,620,60,142,1,-1,-1,-1
24,12,0,459,27,100,1,-1,-1,-1
24,11,186,393,58,81,1,-1,-1,-1
24,10,282,422,50,85,1,-1,-1,-1
24,9,765,435,32,90,1,-1,-1,-1
24,8,505,497,50,124,1,-1,-1,-1
24,7,267,424,35,91,1,-1,-1,-1
24,6,774,391,29,78,1,-1,-1,-1
24,5,353,395,34,71,1,-1,-1,-1
24,4,1395,397,34,90,1,-1,-1,-1
24,3,1485,464,47,98,1,-1,-1,-1
24,2,517,445,33,85,1,-1,-1,-1
24,1,771,620,57,142,1,-1,-1,-1
25,12,0,459,28,100,1,-1,-1,-1
25,11,191,393,61,81,1,-1,-1,-1
25,10,284,422,50,85,1,-1,-1,-1
25,9,767,435,29,90,1,-1,-1,-1
25,8,512,495,48,124,1,-1,-1,-1
25,7,269,424,35,91,1,-1,-1,-1
25,6,776,391,29,79,1,-1,-1,-1
25,5,354,395,35,71,1,-1,-1,-1
25,4,1397,398,29,90,1,-1,-1,-1
25,3,1485,465,49,98,1,-1,-1,-1
25,2,519,444,31,82,1,-1,-1,-1
25,1,773,620,54,142,1,-1,-1,-1
26,12,0,459,29,100,1,-1,-1,-1
26,11,192,393,61,81,1,-1,-1,-1
26,10,284,422,50,85,1,-1,-1,-1
26,9,767,435,29,90,1,-1,-1,-1
26,8,512,495,48,124,1,-1,-1,-1
26,7,272,424,35,91,1,-1,-1,-1
26,6,778,391,29,80,1,-1,-1,-1
26,5,355,395,36,71,1,-1,-1,-1
26,4,1396,398,29,90,1,-1,-1,-1
26,3,1486,465,48,98,1,-1,-1,-1
26,2,521,444,28,80,1,-1,-1,-1
26,1,775,619,49,143,1,-1,-1,-1
27,12,0,459,30,100,1,-1,-1,-1
27,11,201,393,57,81,1,-1,-1,-1
27,10,286,422,50,85,1,-1,-1,-1
27,9,767,435,30,90,1,-1,-1,-1
27,8,516,495,47,124,1,-1,-1,-1
27,7,272,424,35,91,1,-1,-1,-1
27,6,778,391,29,80,1,-1,-1,-1
27,5,358,394,35,72,1,-1,-1,-1
27,4,1394,398,28,90,1,-1,-1,-1
27,3,1491,462,40,100,1,-1,-1,-1
27,2,520,444,29,81,1,-1,-1,-1
27,1,773,620,50,143,1,-1,-1,-1
28,12,0,459,32,100,1,-1,-1,-1
28,11,204,393,56,81,1,-1,-1,-1
28,10,288,422,50,85,1,-1,-1,-1
28,9,767,435,30,90,1,-1,-1,-1
28,8,521,494,47,125,1,-1,-1,-1
28,7,272,424,35,91,1,-1,-1,-1
28,6,779,391,30,80,1,-1,-1,-1
28,5,360,393,34,72,1,-1,-1,-1
28,4,1392,398,30,89,1,-1,-1,-1
28,3,1492,462,40,100,1,-1,-1,-1
28,2,518,444,30,83,1,-1,-1,-1
28,1,771,621,50,143,1,-1,-1,-1
29,12,0,459,32,100,1,-1,-1,-1
29,11,211,393,53,81,1,-1,-1,-1
29,10,290,422,50,85,1,-1,-1,-1
29,9,767,435,31,90,1,-1,-1,-1
29,8,525,494,46,125,1,-1,-1,-1
29,7,272,424,35,91,1,-1,-1,-1
29,6,779,391,30,80,1,-1,-1,-1
29,5,363,391,33,73,1,-1,-1,-1
29,4,1391,398,33,89,1,-1,-1,-1
29,3,1493,463,39,99,1,-1,-1,-1
29,2,517,444,31,85,1,-1,-1,-1
29,1,769,622,51,143,1,-1,-1,-1
30,12,0,459,35,101,1,-1,-1,-1
30,11,217,393,50,81,1,-1,-1,-1
30,10,292,421,50,85,1,-1,-1,-1
30,9,767,435,31,90,1,-1,-1,-1
30,8,529,493,45,125,1,-1,-1,-1
30,7,272,424,36,91,1,-1,-1,-1
30,6,780,391,31,81,1,-1,-1,-1
30,5,365,390,32,74,1,-1,-1,-1
30,4,1389,399,36,88,1,-1,-1,-1
30,3,1495,464,38,99,1,-1,-1,-1
30,2,515,444,33,86,1,-1,-1,-1
30,1,767,623,51,143,1,-1,-1,-1
31,13,0,449,34,100,1,-1,-1,-1
31,12,0,459,38,101,1,-1,-1,-1
31,11,224,393,48,80,1,-1,-1,-1
31,10,293,421,50,85,1,-1,-1,-1
31,9,767,435,32,90,1,-1,-1,-1
31,8,533,492,45,125,1,-1,-1,-1
31,7,272,424,36,91,1,-1,-1,-1
31,6,781,391,31,81,1,-1,-1,-1
31,5,368,389,31,75,1,-1,-1,-1
31,4,1387,399,39,88,1,-1,-1,-1
31,3,1496,464,37,98,1,-1,-1,-1
31,2,514,444,34,88,1,-1,-1,-1
31,1,764,623,51,143,1,-1,-1,-1
32,13,0,449,46,100,1,-1,-1,-1
32,12,0,458,41,102,1,-1,-1,-1
32,11,231,393,45,80,1,-1,-1,-1
32,10,296,421,50,85,1,-1,-1,-1
32,9,767,435,32,90,1,-1,-1,-1
32,8,538,492,44,125,1,-1,-1,-1
32,7,272,424,36,91,1,-1,-1,-1
32,6,782,391,32,81,1,-1,-1,-1
32,5,372,387,30,76,1,-1,-1,-1
32,4,1384,400,44,87,1,-1,-1,-1
32,3,1498,465,36,98,1,-1,-1,-1
32,2,512,443,36,91,1,-1,-1,-1
32,1,761,625,52,143,1,-1,-1,-1
33,13,2,449,44,100,1,-1,-1,-1
33,12,0,458,42,102,1,-1,-1,-1
33,11,233,393,43,81,1,-1,-1,-1
33,10,297,421,49,85,1,-1,-1,-1
33,9,769,434,31,90,1,-1,-1,-1
33,8,541,492,44,125,1,-1,-1,-1
33,7,272,424,36,91,1,-1,-1,-1
33,6,783,392,32,81,1,-1,-1,-1
33,5,373,387,30,76,1,-1,-1,-1
33,4,1385,400,42,87,1,-1,-1,-1
33,3,1499,465,35,98,1,-1,-1,-1
33,2,513,443,35,91,1,-1,-1,-1
33,1,761,625,53,143,1,-1,-1,-1
34,13,7,449,42,99,1,-1,-1,-1
34,12,1,458,42,102,1,-1,-1,-1
34,11,235,393,41,81,1,-1,-1,-1
34,10,298,421,49,85,1,-1,-1,-1
34,9,771,434,30,90,1,-1,-1,-1
34,8,545,491,44,125,1,-1,-1,-1
34,7,274,423,37,91,1,-1,-1,-1
34,6,785,392,31,81,1,-1,-1,-1
34,5,375,387,30,76,1,-1,-1,-1
34,4,1386,400,39,88,1,-1,-1,-1
34,3,1500,466,35,98,1,-1,-1,-1
34,2,515,443,33,91,1,-1,-1,-1
34,1,760,625,55,143,1,-1,-1,-1
35,13,12,449,40,99,1,-1,-1,-1
35,12,2,457,43,102,1,-1,-1,-1
35,11,238,392,40,81,1,-1,-1,-1
35,10,300,420,48,85,1,-1,-1,-1
35,9,773,434,29,90,1,-1,-1,-1
35,8,548,491,44,125,1,-1,-1,-1
35,7,275,423,37,91,1,-1,-1,-1
35,6,788,392,30,81,1,-1,-1,-1
35,5,378,387,30,76,1,-1,-1,-1
35,4,1388,400,36,88,1,-1,-1,-1
35,3,1502,466,34,99,1,-1,-1,-1
35,2,517,443,32,91,1,-1,-1,-1
35,1,759,625,56,143,1,-1,-1,-1
36,13,16,448,38,99,1,-1,-1,-1
36,12,3,457,44,103,1,-1,-1,-1
36,11,242,392,36,82,1,-1,-1,-1
36,10,301,420,47,85,1,-1,-1,-1
36,9,775,434,28,90,1,-1,-1,-1
36,8,551,491,44,125,1,-1,-1,-1
36,7,277,423,37,91,1,-1,-1,-1
36,6,790,392,29,81,1,-1,-1,-1
36,5,380,386,30,76,1,-1,-1,-1
36,4,1390,400,33,89,1,-1,-1,-1
36,3,1503,466,33,99,1,-1,-1,-1
36,2,518,443,30,91,1,-1,-1,-1
36,1,758,626,58,143,1,-1,-1,-1
37,13,21,448,36,99,1,-1,-1,-1
37,12,5,456,45,103,1,-1,-1,-1
37,11,242,392,37,82,1,-1,-1,-1
37,10,302,420,47,85,1,-1,-1,-1
37,9,777,433,27,90,1,-1,-1,-1
37,8,555,491,44,125,1,-1,-1,-1
37,7,278,423,38,91,1,-1,-1,-1
37,6,793,392,28,81,1,-1,-1,-1
37,5,383,386,30,76,1,-1,-1,-1
37,4,1391,400,30,90,1,-1,-1,-1
37,3,1504,466,32,100,1,-1,-1,-1
37,2,520,443,29,91,1,-1,-1,-1
37,1,758,626,59,143,1,-1,-1,-1
38,13,30,448,32,98,1,-1,-1,-1
38,12,7,455,46,103,1,-1,-1,-1
38,11,246,393,45,81,1,-1,-1,-1
38,10,305,420,46,85,1,-1,-1,-1
38,9,780,433,25,90,1,-1,-1,-1
38,8,560,491,44,125,1,-1,-1,-1
38,7,281,422,38,91,1,-1,-1,-1
38,6,796,393,26,81,1,-1,-1,-1
38,5,387,385,30,76,1,-1,-1,-1
38,4,1394,400,26,91,1,-1,-1,-1
38,3,1506,466,31,100,1,-1,-1,-1
38,2,522,443,26,91,1,-1,-1,-1
38,1,756,626,62,143,1,-1,-1,-1
39,13,30,448,32,98,1,-1,-1,-1
39,12,7,455,46,104,1,-1,-1,-1
39,11,247,393,46,81,1,-1,-1,-1
39,10,305,420,45,85,1,-1,-1,-1
39,9,780,433,26,90,1,-1,-1,-1
39,8,561,491,45,124,1,-1,-1,-1
39,7,281,422,38,91,1,-1,-1,-1
39,6,797,392,26,82,1,-1,-1,-1
39,5,387,385,30,76,1,-1,-1,-1
39,4,1393,400,26,91,1,-1,-1,-1
39,3,1506,466,32,100,1,-1,-1,-1
39,2,521,443,28,91,1,-1,-1,-1
39,1,758,624,56,145,1,-1,-1,-1
40,13,32,447,31,99,1,-1,-1,-1
40,12,7,456,45,104,1,-1,-1,-1
40,11,250,393,47,81,1,-1,-1,-1
40,10,305,420,43,84,1,-1,-1,-1
40,9,781,433,26,90,1,-1,-1,-1
40,8,562,492,46,123,1,-1,-1,-1
40,7,283,423,37,90,1,-1,-1,-1
40,6,797,392,26,82,1,-1,-1,-1
40,5,388,384,31,77,1,-1,-1,-1
40,4,1392,400,28,91,1,-1,-1,-1
40,3,1505,466,34,101,1,-1,-1,-1
40,2,519,443,32,91,1,-1,-1,-1
40,1,758,624,56,145,1,-1,-1,-1
41,13,35,446,30,100,1,-1,-1,-1
41,12,7,456,45,104,1,-1,-1,-1
41,11,253,393,49,81,1,-1,-1,-1
41,10,306,420,41,84,1,-1,-1,-1
41,9,782,432,27,90,1,-1,-1,-1
41,8,564,493,48,122,1,-1,-1,-1
41,7,284,423,36,90,1,-1,-1,-1
41,6,798,391,25,82,1,-1,-1,-1
41,5,389,384,31,78,1,-1,-1,-1
41,4,1390,400,30,91,1,-1,-1,-1
41,3,1504,465,36,102,1,-1,-1,-1
41,2,517,443,36,91,1,-1,-1,-1
41,1,758,624,52,146,1,-1,-1,-1
42,13,37,445,30,101,1,-1,-1,-1
42,12,8,456,44,104,1,-1,-1,-1
42,11,256,392,50,81,1,-1,-1,-1
42,10,307,420,39,83,1,-1,-1,-1
42,9,783,432,27,90,1,-1,-1,-1
42,8,565,493,49,121,1,-1,-1,-1
42,7,286,423,35,89,1,-1,-1,-1
42,6,799,391,25,83,1,-1,-1,-1
42,5,390,383,32,78,1,-1,-1,-1
42,4,1388,400,32,91,1,-1,-1,-1
42,3,1503,465,38,102,1,-1,-1,-1
42,2,514,443,40,91,1,-1,-1,-1
42,1,757,624,48,146,1,-1,-1,-1
43,13,39,444,29,102,1,-1,-1,-1
43,12,8,456,43,104,1,-1,-1,-1
43,11,259,392,51,81,1,-1,-1,-1
43,10,307,421,38,83,1,-1,-1,-1
43,9,784,432,27,90,1,-1,-1,-1
43,8,566,494,51,120,1,-1,-1,-1
43,7,287,423,34,89,1,-1,-1,-1
43,6,799,390,25,83,1,-1,-1,-1
43,5,391,382,33,79,1,-1,-1,-1
43,4,1387,400,34,91,1,-1,-1,-1
43,3,1502,464,40,103,1,-1,-1,-1
43,2,512,443,44,91,1,-1,-1,-1
43,1,757,624,43,146,1,-1,-1,-1
44,13,44,442,28,103,1,-1,-1,-1
44,12,8,456,42,104,1,-1,-1,-1
44,11,264,392,54,81,1,-1,-1,-1
44,10,308,421,34,82,1,-1,-1,-1
44,9,785,431,28,90,1,-1,-1,-1
44,8,569,495,54,118,1,-1,-1,-1
44,7,289,423,32,88,1,-1,-1,-1
44,6,801,389,24,84,1,-1,-1,-1
44,5,392,381,34,80,1,-1,-1,-1
44,4,1384,400,38,91,1,-1,-1,-1
44,3,1500,464,43,104,1,-1,-1,-1
44,2,509,442,51,91,1,-1,-1,-1
44,1,756,624,37,146,1,-1,-1,-1
45,13,44,442,28,103,1,-1,-1,-1
45,12,9,456,42,104,1,-1,-1,-1
45,11,265,392,53,81,1,-1,-1,-1
45,10,308,421,34,82,1,-1,-1,-1
45,9,786,431,28,90,1,-1,-1,-1
45,8,569,495,54,118,1,-1,-1,-1
45,7,289,423,32,88,1,-1,-1,-1
45,6,801,389,25,84,1,-1,-1,-1
45,5,393,381,34,80,1,-1,-1,-1
45,4,1384,400,37,91,1,-1,-1,-1
45,3,1500,464,43,104,1,-1,-1,-1
45,2,509,442,51,91,1,-1,-1,-1
45,1,755,624,39,146,1,-1,-1,-1
46,13,47,442,28,103,1,-1,-1,-1
46,12,10,456,41,104,1,-1,-1,-1
46,11,269,391,52,81,1,-1,-1,-1
46,10,308,420,34,83,1,-1,-1,-1
46,9,786,430,29,90,1,-1,-1,-1
46,8,571,495,55,118,1,-1,-1,-1
46,7,288,423,34,88,1,-1,-1,-1
46,6,802,389,25,84,1,-1,-1,-1
46,5,394,381,33,80,1,-1,-1,-1
46,4,1385,400,36,91,1,-1,-1,-1
46,3,1501,464,42,104,1,-1,-1,-1
46,2,510,442,52,91,1,-1,-1,-1
46,1,751,625,43,146,1,-1,-1,-1
47,13,50,442,28,103,1,-1,-1,-1
47,12,12,456,41,104,1,-1,-1,-1
47,11,274,391,51,81,1,-1,-1,-1
47,10,308,419,33,83,1,-1,-1,-1
47,9,787,430,29,90,1,-1,-1,-1
47,8,573,495,55,118,1,-1,-1,-1
47,7,287,423,35,88,1,-1,-1,-1
47,6,803,389,26,85,1,-1,-1,-1
47,5,396,381,33,80,1,-1,-1,-1
47,4,1385,400,34,91,1,-1,-1,-1
47,3,1502,465,42,104,1,-1,-1,-1
47,2,510,441,53,91,1,-1,-1,-1
47,1,748,626,47,145,1,-1,-1,-1
48,13,53,442,28,103,1,-1,-1,-1
48,12,13,456,41,104,1,-1,-1,-1
48,11,279,390,50,81,1,-1,-1,-1
48,10,309,419,33,84,1,-1,-1,-1
48,9,788,430,30,90,1,-1,-1,-1
48,8,575,495,56,118,1,-1,-1,-1
48,7,286,423,36,88,1,-1,-1,-1
48,6,803,389,26,85,1,-1,-1,-1
48,5,397,381,33,80,1,-1,-1,-1
48,4,1386,400,33,91,1,-1,-1,-1
48,3,1502,466,41,104,1,-1,-1,-1
48,2,511,441,54,92,1,-1,-1,-1
48,1,745,626,52,144,1,-1,-1,-1
49,13,56,442,28,102,1,-1,-1,-1
49,12,15,455,41,104,1,-1,-1,-1
49,11,283,390,49,81,1,-1,-1,-1
49,10,309,418,32,85,1,-1,-1,-1
49,9,789,429,30,90,1,-1,-1,-1
49,8,577,495,56,118,1,-1,-1,-1
49,7,285,423,38,88,1,-1,-1,-1
49,6,804,389,27,85,1,-1,-1,-1
49,5,399,381,32,80,1,-1,-1,-1
49,4,1386,400,31,92,1,-1,-1,-1
49,3,1503,466,40,104,1,-1,-1,-1
49,2,512,441,55,92,1,-1,-1,-1
49,1,741,627,56,143,1,-1,-1,-1
50,13,62,442,28,102,1,-1,-1,-1
50,12,18,455,40,104,1,-1,-1,-1
50,11,288,389,48,81,1,-1,-1,-1
50,10,309,418,32,85,1,-1,-1,-1
50,9,790,429,31,90,1,-1,-1,-1
50,8,579,495,57,118,1,-1,-1,-1
50,7,285,423,39,88,1,-1,-1,-1
50,6,805,389,27,85,1,-1,-1,-1
50,5,400,381,32,80,1,-1,-1,-1
50,4,1387,400,29,92,1,-1,-1,-1
50,3,1504,467,40,104,1,-1,-1,-1
50,2,513,440,57,92,1,-1,-1,-1
50,1,735,628,64,142,1,-1,-1,-1
51,13,62,442,29,102,1,-1,-1,-1
51,12,18,455,40,104,1,-1,-1,-1
51,11,295,389,47,81,1,-1,-1,-1
51,10,309,417,31,86,1,-1,-1,-1
51,9,792,429,31,90,1,-1,-1,-1
51,8,581,495,57,118,1,-1,-1,-1
51,7,284,423,41,88,1,-1,-1,-1
51,6,806,389,28,85,1,-1,-1,-1
51,5,402,381,31,80,1,-1,-1,-1
51,4,1387,400,28,92,1,-1,-1,-1
51,3,1504,467,39,104,1,-1,-1,-1
51,2,514,440,57,92,1,-1,-1,-1
51,1,735,628,64,142,1,-1,-1,-1
52,13,65,441,31,102,1,-1,-1,-1
52,12,20,455,40,104,1,-1,-1,-1
52,11,296,389,46,81,1,-1,-1,-1
52,10,309,417,31,86,1,-1,-1,-1
52,9,793,429,31,90,1,-1,-1,-1
52,8,583,494,57,118,1,-1,-1,-1
52,7,284,422,41,88,1,-1,-1,-1
52,6,806,389,28,85,1,-1,-1,-1
52,5,403,380,32,80,1,-1,-1,-1
52,4,1386,400,30,92,1,-1,-1,-1
52,3,1505,467,38,104,1,-1,-1,-1
52,2,515,440,53,92,1,-1,-1,-1
52,1,737,628,61,143,1,-1,-1,-1
53,13,67,441,33,102,1,-1,-1,-1
53,12,21,455,40,104,1,-1,-1,-1
53,11,298,390,44,80,1,-1,-1,-1
53,10,308,417,31,86,1,-1,-1,-1
53,9,795,428,31,90,1,-1,-1,-1
53,8,586,494,57,118,1,-1,-1,-1
53,7,284,422,42,89,1,-1,-1,-1
53,6,806,388,28,84,1,-1,-1,-1
53,5,405,379,33,81,1,-1,-1,-1
53,4,1384,400,33,92,1,-1,-1,-1
53,3,1506,468,38,104,1,-1,-1,-1
53,2,517,439,49,92,1,-1,-1,-1
53,1,738,628,58,144,1,-1,-1,-1
54,13,70,440,36,102,1,-1,-1,-1
54,12,23,455,40,104,1,-1,-1,-1
54,11,300,391,42,80,1,-1,-1,-1
54,10,308,417,31,86,1,-1,-1,-1
54,9,797,428,31,90,1,-1,-1,-1
54,8,588,494,57,118,1,-1,-1,-1
54,7,285,421,42,89,1,-1,-1,-1
54,6,806,388,28,84,1,-1,-1,-1
54,5,406,379,33,81,1,-1,-1,-1
54,4,1382,400,36,92,1,-1,-1,-1
54,3,1508,468,37,104,1,-1,-1,-1
54,2,519,439,45,92,1,-1,-1,-1
54,1,740,628,55,145,1,-1,-1,-1
55,13,72,439,38,102,1,-1,-1,-1
55,12,25,455,40,104,1,-1,-1,-1
55,11,302,392,40,79,1,-1,-1,-1
55,10,307,417,31,86,1,-1,-1,-1
55,9,799,428,31,90,1,-1,-1,-1
55,8,590,493,57,118,1,-1,-1,-1
55,7,285,421,43,89,1,-1,-1,-1
55,6,806,388,28,83,1,-1,-1,-1
55,5,407,378,34,82,1,-1,-1,-1
55,4,1380,400,39,92,1,-1,-1,-1
55,3,1509,468,37,104,1,-1,-1,-1
55,2,521,438,40,92,1,-1,-1,-1
55,1,741,628,50,145,1,-1,-1,-1
56,13,74,439,41,102,1,-1,-1,-1
56,12,26,455,40,104,1,-1,-1,-1
56,11,304,393,38,79,1,-1,-1,-1
56,10,306,417,31,86,1,-1,-1,-1
56,9,800,427,31,90,1,-1,-1,-1
56,8,592,493,57,119,1,-1,-1,-1
56,7,285,420,43,90,1,-1,-1,-1
56,6,806,387,28,83,1,-1,-1,-1
56,5,408,378,35,82,1,-1,-1,-1
56,4,1378,399,42,92,1,-1,-1,-1
56,3,1510,468,36,104,1,-1,-1,-1
56,2,519,438,41,92,1,-1,-1,-1
56,1,743,628,44,146,1,-1,-1,-1
57,13,78,438,44,102,1,-1,-1,-1
57,12,29,455,40,104,1,-1,-1,-1
57,11,306,394,36,79,1,-1,-1,-1
57,10,305,417,31,86,1,-1,-1,-1
57,9,803,427,31,90,1,-1,-1,-1
57,8,594,492,57,119,1,-1,-1,-1
57,7,286,420,44,90,1,-1,-1,-1
57,6,806,387,28,82,1,-1,-1,-1
57,5,410,377,36,83,1,-1,-1,-1
57,4,1375,399,45,92,1,-1,-1,-1
57,3,1511,469,36,104,1,-1,-1,-1
57,2,515,437,42,92,1,-1,-1,-1
57,1,744,628,37,147,1,-1,-1,-1
58,13,80,438,43,102,1,-1,-1,-1
58,12,29,455,40,104,1,-1,-1,-1
58,11,308,393,36,79,1,-1,-1,-1
58,10,306,416,31,86,1,-1,-1,-1
58,9,804,427,30,90,1,-1,-1,-1
58,8,597,492,57,119,1,-1,-1,-1
58,7,286,420,42,90,1,-1,-1,-1
58,6,808,387,27,79,1,-1,-1,-1
58,5,411,377,36,83,1,-1,-1,-1
58,4,1377,399,43,92,1,-1,-1,-1
58,3,1513,469,36,104,1,-1,-1,-1
58,2,516,437,42,92,1,-1,-1,-1
58,1,741,628,41,147,1,-1,-1,-1
59,13,84,438,42,102,1,-1,-1,-1
59,12,31,455,40,104,1,-1,-1,-1
59,11,309,392,36,80,1,-1,-1,-1
59,10,307,416,31,87,1,-1,-1,-1
59,9,806,426,30,90,1,-1,-1,-1
59,8,600,491,56,120,1,-1,-1,-1
59,7,285,420,41,90,1,-1,-1,-1
59,6,811,387,25,73,1,-1,-1,-1
59,5,414,377,36,83,1,-1,-1,-1
59,4,1380,400,40,92,1,-1,-1,-1
59,3,1515,470,36,104,1,-1,-1,-1
59,2,517,437,43,92,1,-1,-1,-1
59,1,736,629,46,147,1,-1,-1,-1
60,13,87,438,41,102,1,-1,-1,-1
60,12,32,455,40,104,1,-1,-1,-1
60,11,310,391,36,81,1,-1,-1,-1
60,10,307,415,30,87,1,-1,-1,-1
60,9,808,425,29,90,1,-1,-1,-1
60,8,604,491,56,120,1,-1,-1,-1
60,7,285,419,39,90,1,-1,-1,-1
60,6,814,387,23,68,1,-1,-1,-1
60,5,416,376,36,83,1,-1,-1,-1
60,4,1382,400,38,92,1,-1,-1,-1
60,3,1517,470,36,104,1,-1,-1,-1
60,2,518,437,44,92,1,-1,-1,-1
60,1,731,629,51,147,1,-1,-1,-1
61,13,91,438,39,102,1,-1,-1,-1
61,12,33,454,40,104,1,-1,-1,-1
61,11,312,389,36,81,1,-1,-1,-1
61,10,308,415,30,87,1,-1,-1,-1
61,9,811,424,29,90,1,-1,-1,-1
61,8,607,490,56,121,1,-1,-1,-1
61,7,285,419,37,90,1,-1,-1,-1
61,6,817,387,21,62,1,-1,-1,-1
61,5,418,376,36,83,1,-1,-1,-1
61,4,1385,400,35,92,1,-1,-1,-1
61,3,1519,471,36,104,1,-1,-1,-1
61,2,519,437,45,92,1,-1,-1,-1
61,1,727,630,56,147,1,-1,-1,-1
62,13,95,438,38,102,1,-1,-1,-1
62,12,34,454,40,104,1,-1,-1,-1
62,11,313,388,36,82,1,-1,-1,-1
62,10,309,414,29,88,1,-1,-1,-1
62,9,813,424,28,90,1,-1,-1,-1
62,8,610,489,55,121,1,-1,-1,-1
62,7,285,419,36,90,1,-1,-1,-1
62,6,820,387,20,57,1,-1,-1,-1
62,5,420,376,36,83,1,-1,-1,-1
62,4,1387,400,32,92,1,-1,-1,-1
62,3,1521,471,36,104,1,-1,-1,-1
62,2,520,437,45,92,1,-1,-1,-1
62,1,722,631,60,147,1,-1,-1,-1
63,13,99,438,36,102,1,-1,-1,-1
63,12,36,454,40,104,1,-1,-1,-1
63,11,315,387,36,83,1,-1,-1,-1
63,10,310,414,29,88,1,-1,-1,-1
63,9,816,423,27,90,1,-1,-1,-1
63,8,616,488,54,122,1,-1,-1,-1
63,7,285,419,33,90,1,-1,-1,-1
63,6,825,387,17,48,1,-1,-1,-1
63,5,423,375,36,83,1,-1,-1,-1
63,4,1391,401,28,92,1,-1,-1,-1
63,3,1524,472,36,105,1,-1,-1,-1
63,2,522,437,46,92,1,-1,-1,-1
63,1,717,631,66,147,1,-1,-1,-1
64,13,102,438,37,102,1,-1,-1,-1
64,12,37,454,40,104,1,-1,-1,-1
64,11,316,387,36,83,1,-1,-1,-1
64,10,310,414,29,88,1,-1,-1,-1
64,9,817,422,28,90,1,-1,-1,-1
64,8,617,489,55,122,1,-1,-1,-1
64,7,285,419,34,90,1,-1,-1,-1
64,6,826,387,17,48,1,-1,-1,-1
64,5,424,375,36,83,1,-1,-1,-1
64,4,1391,401,29,92,1,-1,-1,-1
64,3,1525,472,36,105,1,-1,-1,-1
64,2,523,437,45,92,1,-1,-1,-1
64,1,718,632,65,147,1,-1,-1,-1
65,13,105,438,37,102,1,-1,-1,-1
65,12,38,454,41,104,1,-1,-1,-1
65,11,318,387,34,83,1,-1,-1,-1
65,10,311,414,29,87,1,-1,-1,-1
65,9,820,422,29,90,1,-1,-1,-1
65,8,621,490,55,121,1,-1,-1,-1
65,7,286,419,36,90,1,-1,-1,-1
65,6,829,387,17,48,1,-1,-1,-1
65,5,427,375,36,83,1,-1,-1,-1
65,4,1389,401,32,92,1,-1,-1,-1
65,3,1526,472,36,105,1,-1,-1,-1
65,2,525,437,43,92,1,-1,-1,-1
65,1,720,632,63,148,1,-1,-1,-1
66,13,109,438,38,102,1,-1,-1,-1
66,12,39,454,41,104,1,-1,-1,-1
66,11,319,387,33,83,1,-1,-1,-1
66,10,312,414,29,86,1,-1,-1,-1
66,9,822,422,30,90,1,-1,-1,-1
66,8,625,491,56,119,1,-1,-1,-1
66,7,286,418,37,90,1,-1,-1,-1
66,6,832,387,16,48,1,-1,-1,-1
66,5,430,375,36,83,1,-1,-1,-1
66,4,1388,401,35,92,1,-1,-1,-1
66,3,1527,472,36,105,1,-1,-1,-1
66,2,527,437,41,92,1,-1,-1,-1
66,1,722,632,61,148,1,-1,-1,-1
67,13,112,438,39,102,1,-1,-1,-1
67,12,41,454,41,104,1,-1,-1,-1
67,11,321,387,32,83,1,-1,-1,-1
67,10,313,414,29,86,1,-1,-1,-1
67,9,825,421,32,90,1,-1,-1,-1
67,8,629,492,56,118,1,-1,-1,-1
67,7,287,418,39,90,1,-1,-1,-1
67,6,835,387,16,48,1,-1,-1,-1
67,5,433,375,36,83,1,-1,-1,-1
67,4,1387,401,38,92,1,-1,-1,-1
67,3,1528,472,36,106,1,-1,-1,-1
67,2,529,436,39,92,1,-1,-1,-1
67,1,724,632,60,149,1,-1,-1,-1
68,13,115,438,39,102,1,-1,-1,-1
68,12,42,454,41,104,1,-1,-1,-1
68,11,323,387,31,83,1,-1,-1,-1
68,10,314,415,29,85,1,-1,-1,-1
68,9,827,421,33,90,1,-1,-1,-1
68,8,633,493,57,116,1,-1,-1,-1
68,7,288,418,40,90,1,-1,-1,-1
68,6,838,387,16,48,1,-1,-1,-1
68,5,436,375,36,83,1,-1,-1,-1
68,4,1385,401,41,92,1,-1,-1,-1
68,3,1530,472,36,106,1,-1,-1,-1
68,2,531,436,37,92,1,-1,-1,-1
68,1,725,632,58,150,1,-1,-1,-1
69,13,122,437,40,102,1,-1,-1,-1
69,12,45,454,42,104,1,-1,-1,-1
69,11,326,386,28,84,1,-1,-1,-1
69,10,316,415,29,84,1,-1,-1,-1
69,9,832,420,36,90,1,-1,-1,-1
69,8,640,495,58,114,1,-1,-1,-1
69,7,289,418,43,90,1,-1,-1,-1
69,6,842,387,15,47,1,-1,-1,-1
69,5,440,374,36,83,1,-1,-1,-1
69,4,1383,402,47,92,1,-1,-1,-1
69,3,1532,472,36,107,1,-1,-1,-1
69,2,535,436,34,92,1,-1,-1,-1
69,1,728,633,55,150,1,-1,-1,-1
70,13,122,437,40,102,1,-1,-1,-1
70,12,45,454,42,104,1,-1,-1,-1
70,11,326,386,28,84,1,-1,-1,-1
70,10,316,415,29,84,1,-1,-1,-1
70,9,833,420,36,90,1,-1,-1,-1
70,8,640,495,58,114,1,-1,-1,-1
70,7,288,418,43,90,1,-1,-1,-1
70,6,843,386,16,51,1,-1,-1,-1
70,5,441,374,36,83,1,-1,-1,-1
70,4,1383,402,46,92,1,-1,-1,-1
70,3,1532,472,36,107,1,-1,-1,-1
70,2,535,435,34,92,1,-1,-1,-1
70,1,728,633,55,150,1,-1,-1,-1
71,13,126,437,40,102,1,-1,-1,-1
71,12,46,454,43,104,1,-1,-1,-1
71,11,328,386,29,84,1,-1,-1,-1
71,10,316,415,29,84,1,-1,-1,-1
71,9,835,419,36,90,1,-1,-1,-1
71,8,645,495,58,113,1,-1,-1,-1
71,7,288,418,42,89,1,-1,-1,-1
71,6,846,386,17,57,1,-1,-1,-1
71,5,444,373,36,84,1,-1,-1,-1
71,4,1386,402,43,92,1,-1,-1,-1
71,3,1533,472,38,107,1,-1,-1,-1
71,2,537,435,36,93,1,-1,-1,-1
71,1,728,633,53,151,1,-1,-1,-1
72,13,130,437,41,102,1,-1,-1,-1
72,12,47,454,45,104,1,-1,-1,-1
72,11,330,386,29,84,1,-1,-1,-1
72,10,317,414,29,85,1,-1,-1,-1
72,9,838,419,37,90,1,-1,-1,-1
72,8,650,495,59,113,1,-1,-1,-1
72,7,287,419,40,89,1,-1,-1,-1
72,6,848,386,17,62,1,-1,-1,-1
72,5,447,372,36,85,1,-1,-1,-1
72,4,1389,402,40,93,1,-1,-1,-1
72,3,1534,473,39,107,1,-1,-1,-1
72,2,538,435,37,93,1,-1,-1,-1
72,1,728,634,52,151,1,-1,-1,-1
73,13,134,436,41,102,1,-1,-1,-1
73,12,48,454,46,105,1,-1,-1,-1
73,11,331,386,30,84,1,-1,-1,-1
73,10,317,414,29,85,1,-1,-1,-1
73,9,841,419,37,90,1,-1,-1,-1
73,8,655,495,59,113,1,-1,-1,-1
73,7,287,419,39,88,1,-1,-1,-1
73,6,851,386,18,68,1,-1,-1,-1
73,5,450,371,36,86,1,-1,-1,-1
73,4,1392,401,37,93,1,-1,-1,-1
73,3,1535,473,41,107,1,-1,-1,-1
73,2,539,435,39,93,1,-1,-1,-1
73,1,727,634,50,151,1,-1,-1,-1
74,13,138,436,41,102,1,-1,-1,-1
74,12,49,454,47,105,1,-1,-1,-1
74,11,333,386,30,84,1,-1,-1,-1
74,10,318,413,29,85,1,-1,-1,-1
74,9,843,418,37,90,1,-1,-1,-1
74,8,660,495,59,112,1,-1,-1,-1
74,7,286,420,38,88,1,-1,-1,-1
74,6,853,385,19,74,1,-1,-1,-1
74,5,453,370,36,87,1,-1,-1,-1
74,4,1395,401,34,93,1,-1,-1,-1
74,3,1535,474,42,107,1,-1,-1,-1
74,2,541,434,40,93,1,-1,-1,-1
74,1,727,635,49,151,1,-1,-1,-1
75,13,145,435,41,102,1,-1,-1,-1
75,12,50,454,49,105,1,-1,-1,-1
75,11,335,385,30,84,1,-1,-1,-1
75,10,318,413,29,85,1,-1,-1,-1
75,9,846,418,37,90,1,-1,-1,-1
75,8,664,495,60,112,1,-1,-1,-1
75,7,285,421,36,87,1,-1,-1,-1
75,6,858,385,21,84,1,-1,-1,-1
75,5,457,368,36,88,1,-1,-1,-1
75,4,1398,401,30,94,1,-1,-1,-1
75,3,1536,475,45,108,1,-1,-1,-1
75,2,542,434,41,94,1,-1,-1,-1
75,1,727,636,46,151,1,-1,-1,-1
76,13,147,435,48,102,1,-1,-1,-1
76,12,51,454,50,105,1,-1,-1,-1
76,11,337,385,31,84,1,-1,-1,-1
76,10,319,413,29,86,1,-1,-1,-1
76,9,849,417,38,90,1,-1,-1,-1
76,8,669,494,60,111,1,-1,-1,-1
76,7,285,421,36,87,1,-1,-1,-1
76,6,858,385,21,84,1,-1,-1,-1
76,5,458,368,36,88,1,-1,-1,-1
76,4,1402,401,27,94,1,-1,-1,-1
76,3,1537,476,46,107,1,-1,-1,-1
76,2,543,434,43,94,1,-1,-1,-1
76,1,721,636,55,150,1,-1,-1,-1
77,13,150,435,50,101,1,-1,-1,-1
77,12,53,454,49,105,1,-1,-1,-1
77,11,337,385,31,84,1,-1,-1,-1
77,10,318,412,29,86,1,-1,-1,-1
77,9,852,417,36,90,1,-1,-1,-1
77,8,674,494,59,111,1,-1,-1,-1
77,7,283,420,37,87,1,-1,-1,-1
77,6,861,385,21,84,1,-1,-1,-1
77,5,460,368,36,88,1,-1,-1,-1
77,4,1401,401,30,94,1,-1,-1,-1
77,3,1539,476,45,107,1,-1,-1,-1
77,2,546,433,43,94,1,-1,-1,-1
77,1,721,636,56,151,1,-1,-1,-1
78,13,153,435,51,101,1,-1,-1,-1
78,12,55,454,48,105,1,-1,-1,-1
78,11,338,385,31,84,1,-1,-1,-1
78,10,318,412,29,86,1,-1,-1,-1
78,9,855,417,34,90,1,-1,-1,-1
78,8,679,494,59,111,1,-1,-1,-1
78,7,282,420,38,87,1,-1,-1,-1
78,6,864,385,22,84,1,-1,-1,-1
78,5,462,368,36,88,1,-1,-1,-1
78,4,1399,401,34,94,1,-1,-1,-1
78,3,1542,476,44,107,1,-1,-1,-1
78,2,550,433,42,95,1,-1,-1,-1
78,1,720,636,57,152,1,-1,-1,-1
79,13,157,436,53,100,1,-1,-1,-1
79,12,57,454,46,105,1,-1,-1,-1
79,11,339,385,31,84,1,-1,-1,-1
79,10,317,412,29,87,1,-1,-1,-1
79,9,858,416,33,90,1,-1,-1,-1
79,8,685,494,58,111,1,-1,-1,-1
79,7,280,420,39,87,1,-1,-1,-1
79,6,868,385,23,84,1,-1,-1,-1
79,5,465,368,37,88,1,-1,-1,-1
79,4,1397,401,38,94,1,-1,-1,-1
79,3,1545,475,43,108,1,-1,-1,-1
79,2,553,432,41,95,1,-1,-1,-1
79,1,720,637,58,152,1,-1,-1,-1
80,13,160,436,55,100,1,-1,-1,-1
80,12,59,453,45,105,1,-1,-1,-1
80,11,339,385,31,84,1,-1,-1,-1
80,10,317,412,29,87,1,-1,-1,-1
80,9,861,416,31,90,1,-1,-1,-1
80,8,690,494,58,111,1,-1,-1,-1
80,7,278,419,40,88,1,-1,-1,-1
80,6,871,385,23,84,1,-1,-1,-1
80,5,467,367,37,88,1,-1,-1,-1
80,4,1395,402,42,94,1,-1,-1,-1
80,3,1548,475,42,108,1,-1,-1,-1
80,2,557,432,41,96,1,-1,-1,-1
80,1,720,637,59,153,1,-1,-1,-1
81,13,164,436,56,99,1,-1,-1,-1
81,12,61,453,43,105,1,-1,-1,-1
81,11,341,384,31,84,1,-1,-1,-1
81,10,315,411,29,88,1,-1,-1,-1
81,9,864,416,29,90,1,-1,-1,-1
81,8,695,493,57,111,1,-1,-1,-1
81,7,277,419,41,88,1,-1,-1,-1
81,6,874,385,24,84,1,-1,-1,-1
81,5,469,367,37,88,1,-1,-1,-1
81,4,1394,402,46,94,1,-1,-1,-1
81,3,1551,475,41,108,1,-1,-1,-1
81,2,560,431,40,96,1,-1,-1,-1
81,1,720,637,60,154,1,-1,-1,-1
82,13,168,436,58,99,1,-1,-1,-1
82,12,64,453,42,105,1,-1,-1,-1
82,11,341,384,31,84,1,-1,-1,-1
82,10,315,411,30,88,1,-1,-1,-1
82,9,868,415,27,90,1,-1,-1,-1
82,8,702,493,56,111,1,-1,-1,-1
82,7,274,418,42,88,1,-1,-1,-1
82,6,878,385,24,84,1,-1,-1,-1
82,5,472,367,38,88,1,-1,-1,-1
82,4,1391,402,51,94,1,-1,-1,-1
82,3,1554,474,39,109,1,-1,-1,-1
82,2,564,431,39,97,1,-1,-1,-1
82,1,720,637,62,154,1,-1,-1,-1
83,13,174,436,54,99,1,-1,-1,-1
83,12,66,453,41,106,1,-1,-1,-1
83,11,342,384,31,84,1,-1,-1,-1
83,10,315,411,32,88,1,-1,-1,-1
83,9,870,415,27,90,1,-1,-1,-1
83,8,705,493,56,111,1,-1,-1,-1
83,7,273,418,43,88,1,-1,-1,-1
83,6,880,385,24,84,1,-1,-1,-1
83,5,473,367,38,88,1,-1,-1,-1
83,4,1394,402,50,94,1,-1,-1,-1
83,3,1556,475,39,109,1,-1,-1,-1
83,2,566,431,39,97,1,-1,-1,-1
83,1,720,638,58,155,1,-1,-1,-1
84,13,182,435,49,100,1,-1,-1,-1
84,12,69,453,40,106,1,-1,-1,-1
84,11,343,384,31,84,1,-1,-1,-1
84,10,315,411,34,88,1,-1,-1,-1
84,9,872,414,27,90,1,-1,-1,-1
84,8,710,492,54,111,1,-1,-1,-1
84,7,271,418,44,89,1,-1,-1,-1
84,6,883,385,24,84,1,-1,-1,-1
84,5,475,367,38,88,1,-1,-1,-1
84,4,1397,402,49,94,1,-1,-1,-1
84,3,1558,475,40,109,1,-1,-1,-1
84,2,569,431,38,96,1,-1,-1,-1
84,1,721,638,55,155,1,-1,-1,-1
85,13,191,434,43,101,1,-1,-1,-1
85,12,71,453,40,107,1,-1,-1,-1
85,11,344,384,31,84,1,-1,-1,-1
85,10,315,411,37,88,1,-1,-1,-1
85,9,875,414,27,90,1,-1,-1,-1
85,8,715,492,53,111,1,-1,-1,-1
85,7,268,417,46,89,1,-1,-1,-1
85,6,886,384,24,85,1,-1,-1,-1
85,5,477,367,38,88,1,-1,-1,-1
85,4,1401,402,47,94,1,-1,-1,-1
85,3,1559,476,40,109,1,-1,-1,-1
85,2,572,430,37,96,1,-1,-1,-1
85,1,721,638,51,155,1,-1,-1,-1
86,13,195,433,41,101,1,-1,-1,-1
86,12,74,452,39,107,1,-1,-1,-1
86,11,345,383,31,84,1,-1,-1,-1
86,10,316,411,39,88,1,-1,-1,-1
86,9,877,413,27,90,1,-1,-1,-1
86,8,720,492,52,111,1,-1,-1,-1
86,7,266,417,47,89,1,-1,-1,-1
86,6,889,384,24,85,1,-1,-1,-1
86,5,478,367,38,89,1,-1,-1,-1
86,4,1404,402,44,94,1,-1,-1,-1
86,3,1561,476,40,109,1,-1,-1,-1
86,2,575,430,36,95,1,-1,-1,-1
86,1,722,638,47,156,1,-1,-1,-1
87,14,0,400,14,90,1,-1,-1,-1
87,13,199,433,39,102,1,-1,-1,-1
87,12,76,452,39,108,1,-1,-1,-1
87,11,346,383,31,84,1,-1,-1,-1
87,10,316,411,41,88,1,-1,-1,-1
87,9,880,412,27,90,1,-1,-1,-1
87,8,725,491,51,111,1,-1,-1,-1
87,7,263,416,49,90,1,-1,-1,-1
87,6,893,384,24,85,1,-1,-1,-1
87,5,480,367,38,89,1,-1,-1,-1
87,4,1407,402,40,94,1,-1,-1,-1
87,3,1563,476,40,109,1,-1,-1,-1
87,2,578,430,35,94,1,-1,-1,-1
87,1,722,638,43,156,1,-1,-1,-1
88,14,0,400,16,90,1,-1,-1,-1
88,13,207,431,36,103,1,-1,-1,-1
88,12,81,452,38,109,1,-1,-1,-1
88,11,348,383,31,84,1,-1,-1,-1
88,10,316,411,44,88,1,-1,-1,-1
88,9,884,411,27,90,1,-1,-1,-1
88,8,733,491,49,111,1,-1,-1,-1
88,7,259,416,51,90,1,-1,-1,-1
88,6,898,383,24,85,1,-1,-1,-1
88,5,483,368,38,89,1,-1,-1,-1
88,4,1412,402,34,94,1,-1,-1,-1
88,3,1566,477,41,109,1,-1,-1,-1
88,2,583,430,33,94,1,-1,-1,-1
88,1,723,639,37,157,1,-1,-1,-1
89,14,0,400,18,90,1,-1,-1,-1
89,13,208,431,36,103,1,-1,-1,-1
89,12,82,452,38,109,1,-1,-1,-1
89,11,349,383,31,84,1,-1,-1,-1
89,10,317,410,44,88,1,-1,-1,-1
89,9,885,411,28,90,1,-1,-1,-1
89,8,735,490,49,112,1,-1,-1,-1
89,7,259,416,51,90,1,-1,-1,-1
89,6,899,383,24,86,1,-1,-1,-1
89,5,484,367,38,89,1,-1,-1,-1
89,4,1412,402,34,94,1,-1,-1,-1
89,3,1566,477,41,109,1,-1,-1,-1
89,2,584,430,33,94,1,-1,-1,-1
89,1,722,639,38,157,1,-1,-1,-1
90,14,0,400,20,91,1,-1,-1,-1
90,13,211,431,36,103,1,-1,-1,-1
90,12,84,451,38,109,1,-1,-1,-1
90,11,350,383,32,84,1,-1,-1,-1
90,10,319,409,42,89,1,-1,-1,-1
90,9,887,411,29,90,1,-1,-1,-1
90,8,740,490,47,112,1,-1,-1,-1
90,7,257,416,46,90,1,-1,-1,-1
90,6,902,383,24,86,1,-1,-1,-1
90,5,487,367,38,89,1,-1,-1,-1
90,4,1411,402,35,95,1,-1,-1,-1
90,3,1567,477,40,110,1,-1,-1,-1
90,2,586,430,33,94,1,-1,-1,-1
90,1,719,640,44,156,1,-1,-1,-1
91,14,0,399,22,91,1,-1,-1,-1
91,13,214,430,37,103,1,-1,-1,-1
91,12,87,451,38,109,1,-1,-1,-1
91,11,352,383,32,84,1,-1,-1,-1
91,10,320,408,41,89,1,-1,-1,-1
91,9,889,411,31,90,1,-1,-1,-1
91,8,744,490,46,112,1,-1,-1,-1
91,7,254,417,42,89,1,-1,-1,-1
91,6,905,383,24,86,1,-1,-1,-1
91,5,490,366,38,89,1,-1,-1,-1
91,4,1411,402,37,95,1,-1,-1,-1
91,3,1568,476,39,111,1,-1,-1,-1
91,2,589,429,33,95,1,-1,-1,-1
91,1,716,640,50,156,1,-1,-1,-1
92,14,0,399,26,91,1,-1,-1,-1
92,13,217,430,38,103,1,-1,-1,-1
92,12,90,451,38,109,1,-1,-1,-1
92,11,353,382,33,84,1,-1,-1,-1
92,10,322,408,40,90,1,-1,-1,-1
92,9,892,411,32,90,1,-1,-1,-1
92,8,751,489,44,113,1,-1,-1,-1
92,7,251,417,36,89,1,-1,-1,-1
92,6,909,383,24,86,1,-1,-1,-1
92,5,493,366,38,90,1,-1,-1,-1
92,4,1410,402,38,95,1,-1,-1,-1
92,3,1569,476,38,111,1,-1,-1,-1
92,2,591,429,33,95,1,-1,-1,-1
92,1,711,641,59,156,1,-1,-1,-1
93,14,0,399,26,91,1,-1,-1,-1
93,13,220,430,38,103,1,-1,-1,-1
93,12,92,451,38,109,1,-1,-1,-1
93,11,354,382,34,84,1,-1,-1,-1
93,10,324,407,39,91,1,-1,-1,-1
93,9,894,410,33,90,1,-1,-1,-1
93,8,753,489,45,112,1,-1,-1,-1
93,7,250,417,38,89,1,-1,-1,-1
93,6,912,383,24,87,1,-1,-1,-1
93,5,496,365,38,90,1,-1,-1,-1
93,4,1410,401,39,96,1,-1,-1,-1
93,3,1570,476,38,112,1,-1,-1,-1
93,2,594,428,33,96,1,-1,-1,-1
93,1,710,642,62,157,1,-1,-1,-1
94,14,3,399,27,91,1,-1,-1,-1
94,13,224,429,39,103,1,-1,-1,-1
94,12,97,451,38,109,1,-1,-1,-1
94,11,357,382,35,84,1,-1,-1,-1
94,10,327,405,37,92,1,-1,-1,-1
94,9,898,410,36,90,1,-1,-1,-1
94,8,760,490,49,112,1,-1,-1,-1
94,7,245,417,47,88,1,-1,-1,-1
94,6,918,383,24,87,1,-1,-1,-1
94,5,501,364,38,90,1,-1,-1,-1
94,4,1409,401,42,96,1,-1,-1,-1
94,3,1571,475,36,114,1,-1,-1,-1
94,2,598,427,33,97,1,-1,-1,-1
94,1,705,643,70,159,1,-1,-1,-1
95,14,7,399,27,91,1,-1,-1,-1
95,13,230,429,40,103,1,-1,-1,-1
95,12,102,450,38,109,1,-1,-1,-1
95,11,364,383,34,84,1,-1,-1,-1
95,10,333,405,32,91,1,-1,-1,-1
95,9,909,410,28,90,1,-1,-1,-1
95,8,771,490,49,112,1,-1,-1,-1
95,7,246,418,50,88,1,-1,-1,-1
95,6,926,383,25,87,1,-1,-1,-1
95,5,515,364,30,91,1,-1,-1,-1
95,4,1410,401,42,96,1,-1,-1,-1
95,3,1572,475,36,114,1,-1,-1,-1
95,2,609,428,30,96,1,-1,-1,-1
95,1,715,642,67,159,1,-1,-1,-1
96,14,0,393,21,98,1,-1,-1,-1
96,13,242,429,44,103,1,-1,-1,-1
96,12,115,450,40,109,1,-1,-1,-1
96,11,378,382,33,84,1,-1,-1,-1
96,10,347,405,32,91,1,-1,-1,-1
96,9,923,409,29,90,1,-1,-1,-1
96,8,786,490,49,112,1,-1,-1,-1
96,7,253,417,54,88,1,-1,-1,-1
96,5,529,363,32,92,1,-1,-1,-1
96,4,1432,401,43,96,1,-1,-1,-1
96,3,1593,476,40,114,1,-1,-1,-1
96,2,622,427,31,96,1,-1,-1,-1
96,1,733,642,64,159,1,-1,-1,-1
97,14,3,390,40,100,1,-1,-1,-1
97,13,266,429,51,102,1,-1,-1,-1
97,12,141,449,42,109,1,-1,-1,-1
97,11,399,382,33,84,1,-1,-1,-1
97,8,809,489,49,112,1,-1,-1,-1
97,7,272,417,54,85,1,-1,-1,-1
97,4,1454,402,44,96,1,-1,-1,-1
97,3,1614,477,44,114,1,-1,-1,-1
97,1,761,642,60,159,1,-1,-1,-1
98,13,295,428,52,102,1,-1,-1,-1
98,12,167,450,43,109,1,-1,-1,-1
98,11,393,403,34,90,1,-1,-1,-1
98,8,832,489,49,112,1,-1,-1,-1
98,7,289,417,55,81,1,-1,-1,-1
98,4,1476,402,45,96,1,-1,-1,-1
98,3,1635,478,49,114,1,-1,-1,-1
98,1,788,641,56,158,1,-1,-1,-1
102,20,188,395,33,89,1,-1,-1,-1
103,20,219,386,40,100,1,-1,-1,-1
111,27,1092,646,62,161,1,-1,-1,-1
112,46,587,409,47,90,1,-1,-1,-1
112,43,762,402,57,85,1,-1,-1,-1
112,32,1219,481,73,115,1,-1,-1,-1
112,27,1108,647,58,161,1,-1,-1,-1
112,20,463,387,31,91,1,-1,-1,-1
112,9,958,360,38,89,1,-1,-1,-1
115,49,1092,419,40,95,1,-1,-1,-1
115,27,1136,649,55,161,1,-1,-1,-1
118,51,1444,377,28,93,1,-1,-1,-1
118,49,1119,418,37,97,1,-1,-1,-1
118,46,603,405,45,92,1,-1,-1,-1
118,27,1146,650,58,161,1,-1,-1,-1
118,20,528,386,31,92,1,-1,-1,-1
118,14,20,381,30,86,1,-1,-1,-1
118,12,300,490,76,124,1,-1,-1,-1
118,9,1014,358,36,91,1,-1,-1,-1
119,60,627,443,39,106,1,-1,-1,-1
119,53,865,372,22,86,1,-1,-1,-1
119,52,1426,401,41,93,1,-1,-1,-1
119,51,1453,377,28,93,1,-1,-1,-1
119,49,1127,417,36,97,1,-1,-1,-1
119,46,603,405,43,92,1,-1,-1,-1
119,43,874,401,45,85,1,-1,-1,-1
119,32,1309,481,60,115,1,-1,-1,-1
119,27,1150,650,59,162,1,-1,-1,-1
119,23,756,422,48,100,1,-1,-1,-1
119,20,541,386,31,92,1,-1,-1,-1
119,14,30,381,32,86,1,-1,-1,-1
119,12,314,490,76,124,1,-1,-1,-1
119,9,1027,357,35,92,1,-1,-1,-1
120,60,628,443,39,106,1,-1,-1,-1
120,59,8,378,32,87,1,-1,-1,-1
120,58,502,382,31,99,1,-1,-1,-1
120,55,231,344,33,84,1,-1,-1,-1
120,54,75,486,46,124,1,-1,-1,-1
120,53,866,372,22,86,1,-1,-1,-1
120,52,1435,400,42,93,1,-1,-1,-1
120,51,1463,377,28,93,1,-1,-1,-1
120,49,1136,417,35,98,1,-1,-1,-1
120,46,603,405,43,92,1,-1,-1,-1
120,43,876,401,45,85,1,-1,-1,-1
120,32,1320,481,57,115,1,-1,-1,-1
120,27,1153,651,60,162,1,-1,-1,-1
120,23,757,422,49,100,1,-1,-1,-1
120,20,543,386,31,92,1,-1,-1,-1
120,14,32,381,32,86,1,-1,-1,-1
120,12,315,490,76,124,1,-1,-1,-1
120,9,1029,356,35,92,1,-1,-1,-1
120,7,429,374,25,83,1,-1,-1,-1
121,60,633,443,39,106,1,-1,-1,-1
121,59,11,378,32,87,1,-1,-1,-1
121,58,505,383,32,98,1,-1,-1,-1
121,55,234,343,34,84,1,-1,-1,-1
121,54,81,486,46,124,1,-1,-1,-1
121,53,871,372,22,86,1,-1,-1,-1
121,52,1440,400,40,93,1,-1,-1,-1
121,51,1467,377,28,93,1,-1,-1,-1
121,49,1141,417,35,98,1,-1,-1,-1
121,46,602,405,42,92,1,-1,-1,-1
121,43,883,400,45,86,1,-1,-1,-1
121,32,1326,481,59,115,1,-1,-1,-1
121,27,1156,651,61,162,1,-1,-1,-1
121,23,760,423,50,99,1,-1,-1,-1
121,20,546,386,32,92,1,-1,-1,-1
121,14,36,381,32,86,1,-1,-1,-1
121,12,319,489,74,124,1,-1,-1,-1
121,9,1033,356,35,92,1,-1,-1,-1
121,7,433,374,25,83,1,-1,-1,-1
123,51,1476,377,28,93,1,-1,-1,-1
123,49,1150,417,35,97,1,-1,-1,-1
123,46,601,406,41,92,1,-1,-1,-1
123,27,1161,651,64,162,1,-1,-1,-1
123,9,1043,356,35,92,1,-1,-1,-1
124,51,1480,376,29,93,1,-1,-1,-1
124,49,1155,417,35,97,1,-1,-1,-1
124,46,600,407,41,92,1,-1,-1,-1
124,38,557,385,35,93,1,-1,-1,-1
124,27,1164,652,65,162,1,-1,-1,-1
124,9,1048,356,35,92,1,-1,-1,-1
125,64,0,421,35,114,1,-1,-1,-1
125,60,652,442,39,106,1,-1,-1,-1
125,59,30,373,32,89,1,-1,-1,-1
125,58,517,386,37,95,1,-1,-1,-1
125,55,252,342,37,84,1,-1,-1,-1
125,54,108,485,44,124,1,-1,-1,-1
125,53,888,372,23,86,1,-1,-1,-1
125,52,1463,397,35,93,1,-1,-1,-1
125,51,1485,376,29,93,1,-1,-1,-1
125,49,1164,416,35,96,1,-1,-1,-1
125,46,599,407,40,92,1,-1,-1,-1
125,43,911,396,45,89,1,-1,-1,-1
125,38,560,384,36,93,1,-1,-1,-1
125,32,1353,481,64,115,1,-1,-1,-1
125,27,1169,652,68,162,1,-1,-1,-1
125,23,770,425,56,97,1,-1,-1,-1
125,14,53,380,33,86,1,-1,-1,-1
125,12,327,488,76,124,1,-1,-1,-1
125,9,1052,356,35,92,1,-1,-1,-1
125,7,452,373,27,83,1,-1,-1,-1
126,64,0,421,35,114,1,-1,-1,-1
126,60,658,442,39,106,1,-1,-1,-1
126,59,30,373,32,89,1,-1,-1,-1
126,58,517,386,37,95,1,-1,-1,-1
126,55,253,342,37,84,1,-1,-1,-1
126,54,108,485,44,124,1,-1,-1,-1
126,53,893,372,23,87,1,-1,-1,-1
126,52,1469,396,34,93,1,-1,-1,-1
126,51,1489,376,29,93,1,-1,-1,-1
126,49,1164,416,35,96,1,-1,-1,-1
126,46,599,408,40,92,1,-1,-1,-1
126,43,920,395,45,90,1,-1,-1,-1
126,38,564,384,37,93,1,-1,-1,-1
126,32,1361,481,66,115,1,-1,-1,-1
126,27,1169,652,68,162,1,-1,-1,-1
126,23,773,426,58,96,1,-1,-1,-1
126,14,58,380,33,86,1,-1,-1,-1
126,12,327,488,79,124,1,-1,-1,-1
126,9,1058,356,35,92,1,-1,-1,-1
126,7,452,373,27,83,1,-1,-1,-1
127,64,3,421,36,113,1,-1,-1,-1
127,60,660,442,39,106,1,-1,-1,-1
127,59,31,373,33,89,1,-1,-1,-1
127,58,516,387,39,94,1,-1,-1,-1
127,55,255,342,35,84,1,-1,-1,-1
127,54,110,485,44,124,1,-1,-1,-1
127,53,894,371,24,87,1,-1,-1,-1
127,52,1472,397,33,93,1,-1,-1,-1
127,51,1492,376,29,93,1,-1,-1,-1
127,49,1167,416,35,97,1,-1,-1,-1
127,46,593,408,42,92,1,-1,-1,-1
127,43,925,395,44,90,1,-1,-1,-1
127,38,568,385,36,92,1,-1,-1,-1
127,32,1362,481,67,116,1,-1,-1,-1
127,27,1168,652,65,162,1,-1,-1,-1
127,23,772,425,57,97,1,-1,-1,-1
127,14,59,380,35,86,1,-1,-1,-1
127,12,328,488,78,124,1,-1,-1,-1
127,9,1059,356,34,92,1,-1,-1,-1
127,7,452,373,30,83,1,-1,-1,-1
128,64,7,422,37,113,1,-1,-1,-1
128,60,662,443,39,106,1,-1,-1,-1
128,59,32,373,33,89,1,-1,-1,-1
128,58,516,387,41,93,1,-1,-1,-1
128,55,257,342,33,84,1,-1,-1,-1
128,54,112,485,44,124,1,-1,-1,-1
128,53,895,371,25,87,1,-1,-1,-1
128,52,1475,397,32,93,1,-1,-1,-1
128,51,1495,376,29,93,1,-1,-1,-1
128,49,1169,416,35,97,1,-1,-1,-1
128,46,586,407,44,93,1,-1,-1,-1
128,43,931,395,43,90,1,-1,-1,-1
128,38,572,385,35,92,1,-1,-1,-1
128,32,1364,480,69,116,1,-1,-1,-1
128,27,1168,652,63,162,1,-1,-1,-1
128,23,769,423,56,98,1,-1,-1,-1
128,14,59,379,38,86,1,-1,-1,-1
128,12,329,488,78,124,1,-1,-1,-1
128,9,1059,356,34,92,1,-1,-1,-1
128,7,452,373,32,83,1,-1,-1,-1
129,64,10,423,38,112,1,-1,-1,-1
129,60,665,443,39,106,1,-1,-1,-1
129,59,33,373,34,89,1,-1,-1,-1
129,58,516,388,43,92,1,-1,-1,-1
129,55,259,342,32,84,1,-1,-1,-1
129,54,113,485,44,124,1,-1,-1,-1
129,53,896,371,27,87,1,-1,-1,-1
129,52,1478,397,31,93,1,-1,-1,-1
129,51,1499,376,29,93,1,-1,-1,-1
129,49,1172,415,35,98,1,-1,-1,-1
129,46,580,407,46,93,1,-1,-1,-1
129,43,937,395,41,90,1,-1,-1,-1
129,38,576,385,33,92,1,-1,-1,-1
129,32,1366,480,70,117,1,-1,-1,-1
129,27,1167,652,60,163,1,-1,-1,-1
129,23,767,422,55,99,1,-1,-1,-1
129,14,60,379,40,86,1,-1,-1,-1
129,12,330,489,77,124,1,-1,-1,-1
129,9,1060,355,33,93,1,-1,-1,-1
129,7,452,373,35,83,1,-1,-1,-1
130,64,13,423,39,111,1,-1,-1,-1
130,60,667,443,39,106,1,-1,-1,-1
130,59,34,373,35,89,1,-1,-1,-1
130,58,515,389,45,92,1,-1,-1,-1
130,55,260,342,30,83,1,-1,-1,-1
130,54,115,484,44,124,1,-1,-1,-1
130,53,896,371,28,87,1,-1,-1,-1
130,52,1481,397,30,93,1,-1,-1,-1
130,51,1502,375,29,93,1,-1,-1,-1
130,49,1175,415,35,98,1,-1,-1,-1
130,46,573,407,48,93,1,-1,-1,-1
130,43,943,394,40,91,1,-1,-1,-1
130,38,580,386,32,91,1,-1,-1,-1
130,32,1368,479,72,117,1,-1,-1,-1
130,27,1167,652,57,163,1,-1,-1,-1
130,23,765,421,53,100,1,-1,-1,-1
130,14,61,378,42,86,1,-1,-1,-1
130,12,331,489,77,124,1,-1,-1,-1
130,9,1060,355,32,93,1,-1,-1,-1
130,7,452,373,37,83,1,-1,-1,-1
131,64,16,424,40,110,1,-1,-1,-1
131,60,670,444,39,106,1,-1,-1,-1
131,59,35,372,35,89,1,-1,-1,-1
131,58,515,389,47,91,1,-1,-1,-1
131,55,262,342,28,83,1,-1,-1,-1
131,54,117,484,44,124,1,-1,-1,-1
131,53,897,371,29,87,1,-1,-1,-1
131,52,1484,397,29,93,1,-1,-1,-1
131,51,1505,375,30,93,1,-1,-1,-1
131,49,1177,415,35,98,1,-1,-1,-1
131,46,567,407,50,93,1,-1,-1,-1
131,43,949,394,39,91,1,-1,-1,-1
131,38,584,386,31,91,1,-1,-1,-1
131,32,1370,479,73,118,1,-1,-1,-1
131,27,1166,652,55,164,1,-1,-1,-1
131,23,763,419,52,101,1,-1,-1,-1
131,14,62,378,45,86,1,-1,-1,-1
131,12,332,489,76,124,1,-1,-1,-1
131,9,1061,355,31,93,1,-1,-1,-1
131,7,452,373,39,83,1,-1,-1,-1
132,64,21,425,41,109,1,-1,-1,-1
132,60,673,444,39,106,1,-1,-1,-1
132,59,37,372,36,89,1,-1,-1,-1
132,58,514,390,50,90,1,-1,-1,-1
132,55,265,342,26,83,1,-1,-1,-1
132,54,119,484,44,124,1,-1,-1,-1
132,53,898,370,31,87,1,-1,-1,-1
132,52,1488,397,28,93,1,-1,-1,-1
132,51,1509,375,30,94,1,-1,-1,-1
132,49,1180,415,35,99,1,-1,-1,-1
132,46,560,407,52,94,1,-1,-1,-1
132,43,957,394,37,91,1,-1,-1,-1
132,38,588,387,30,90,1,-1,-1,-1
132,32,1373,478,75,118,1,-1,-1,-1
132,27,1166,652,52,164,1,-1,-1,-1
132,23,760,417,50,102,1,-1,-1,-1
132,14,63,377,48,86,1,-1,-1,-1
132,12,333,490,75,124,1,-1,-1,-1
132,9,1061,354,30,93,1,-1,-1,-1
132,7,452,373,43,83,1,-1,-1,-1
133,64,22,424,41,108,1,-1,-1,-1
133,60,674,444,39,106,1,-1,-1,-1
133,59,36,372,38,89,1,-1,-1,-1
133,58,514,391,50,90,1,-1,-1,-1
133,55,265,342,27,83,1,-1,-1,-1
133,54,120,484,44,124,1,-1,-1,-1
133,53,899,370,31,87,1,-1,-1,-1
133,52,1490,397,28,93,1,-1,-1,-1
133,51,1510,375,30,94,1,-1,-1,-1
133,49,1182,414,36,99,1,-1,-1,-1
133,46,555,407,52,94,1,-1,-1,-1
133,43,959,394,39,91,1,-1,-1,-1
133,38,591,387,30,90,1,-1,-1,-1
133,32,1374,478,75,118,1,-1,-1,-1
133,27,1164,652,55,164,1,-1,-1,-1
133,23,757,418,49,102,1,-1,-1,-1
133,14,64,377,49,86,1,-1,-1,-1
133,12,332,489,75,124,1,-1,-1,-1
133,9,1059,355,34,93,1,-1,-1,-1
133,7,452,373,43,83,1,-1,-1,-1
135,60,678,444,39,106,1,-1,-1,-1
135,53,901,371,31,87,1,-1,-1,-1
135,52,1494,396,27,93,1,-1,-1,-1
135,51,1513,376,30,94,1,-1,-1,-1
135,49,1186,414,37,99,1,-1,-1,-1
135,46,545,407,51,94,1,-1,-1,-1
135,43,965,395,43,90,1,-1,-1,-1
135,38,598,387,30,88,1,-1,-1,-1
135,32,1378,478,74,118,1,-1,-1,-1
135,27,1159,652,63,164,1,-1,-1,-1
135,23,751,418,47,102,1,-1,-1,-1
135,14,66,379,51,84,1,-1,-1,-1
135,12,331,489,75,125,1,-1,-1,-1
135,9,1054,357,44,91,1,-1,-1,-1
136,60,680,444,39,106,1,-1,-1,-1
136,53,902,371,31,87,1,-1,-1,-1
136,52,1497,396,27,92,1,-1,-1,-1
136,51,1515,376,31,94,1,-1,-1,-1
136,49,1187,414,38,99,1,-1,-1,-1
136,46,540,407,50,94,1,-1,-1,-1
136,43,968,395,45,90,1,-1,-1,-1
136,38,602,387,30,88,1,-1,-1,-1
136,32,1380,478,73,118,1,-1,-1,-1
136,27,1157,652,66,164,1,-1,-1,-1
136,23,748,418,46,102,1,-1,-1,-1
136,14,67,379,52,83,1,-1,-1,-1
136,12,331,489,75,125,1,-1,-1,-1
136,9,1051,358,48,90,1,-1,-1,-1
137,64,34,424,41,105,1,-1,-1,-1
137,60,681,444,39,107,1,-1,-1,-1
137,59,34,372,53,89,1,-1,-1,-1
137,58,505,393,41,87,1,-1,-1,-1
137,55,268,342,30,84,1,-1,-1,-1
137,54,124,485,49,124,1,-1,-1,-1
137,53,903,371,31,88,1,-1,-1,-1
137,52,1499,396,27,92,1,-1,-1,-1
137,51,1517,376,31,94,1,-1,-1,-1
137,49,1189,414,38,99,1,-1,-1,-1
137,46,536,406,50,94,1,-1,-1,-1
137,43,971,395,48,89,1,-1,-1,-1
137,38,605,387,30,87,1,-1,-1,-1
137,32,1382,478,73,118,1,-1,-1,-1
137,27,1154,652,70,164,1,-1,-1,-1
137,23,745,418,45,102,1,-1,-1,-1
137,14,68,380,54,82,1,-1,-1,-1
137,12,330,488,75,126,1,-1,-1,-1
137,9,1048,359,53,89,1,-1,-1,-1
137,7,458,373,43,83,1,-1,-1,-1
138,64,38,423,41,103,1,-1,-1,-1
138,60,684,444,39,107,1,-1,-1,-1
138,59,33,373,59,89,1,-1,-1,-1
138,58,502,393,38,86,1,-1,-1,-1
138,55,269,342,31,85,1,-1,-1,-1
138,54,126,485,51,124,1,-1,-1,-1
138,53,904,371,31,88,1,-1,-1,-1
138,52,1503,395,26,92,1,-1,-1,-1
138,51,1519,376,31,94,1,-1,-1,-1
138,49,1192,414,39,99,1,-1,-1,-1
138,46,528,406,49,94,1,-1,-1,-1
138,43,975,396,51,89,1,-1,-1,-1
138,38,610,387,30,86,1,-1,-1,-1
138,32,1384,477,72,118,1,-1,-1,-1
138,27,1151,653,76,164,1,-1,-1,-1
138,23,740,418,44,102,1,-1,-1,-1
138,14,70,381,56,81,1,-1,-1,-1
138,12,329,488,75,126,1,-1,-1,-1
138,9,1044,361,61,87,1,-1,-1,-1
138,7,460,373,43,83,1,-1,-1,-1
139,64,39,423,43,103,1,-1,-1,-1
139,60,685,444,40,107,1,-1,-1,-1
139,59,33,373,60,89,1,-1,-1,-1
139,58,500,393,40,87,1,-1,-1,-1
139,55,270,341,31,85,1,-1,-1,-1
139,54,126,485,52,124,1,-1,-1,-1
139,53,905,371,30,88,1,-1,-1,-1
139,52,1504,395,27,92,1,-1,-1,-1
139,51,1519,377,32,94,1,-1,-1,-1
139,49,1193,413,39,99,1,-1,-1,-1
139,46,526,406,50,94,1,-1,-1,-1
139,43,978,396,50,89,1,-1,-1,-1
139,38,611,387,31,86,1,-1,-1,-1
139,32,1386,477,72,118,1,-1,-1,-1
139,27,1152,653,75,164,1,-1,-1,-1
139,23,739,418,45,102,1,-1,-1,-1
139,14,70,380,56,81,1,-1,-1,-1
139,12,330,488,75,126,1,-1,-1,-1
139,9,1045,361,61,87,1,-1,-1,-1
139,7,464,374,42,83,1,-1,-1,-1
140,64,42,423,45,103,1,-1,-1,-1
140,60,686,444,41,107,1,-1,-1,-1
140,59,32,374,63,88,1,-1,-1,-1
140,58,495,393,44,87,1,-1,-1,-1
140,55,271,341,30,85,1,-1,-1,-1
140,54,128,484,54,124,1,-1,-1,-1
140,53,909,371,29,88,1,-1,-1,-1
140,52,1507,395,27,92,1,-1,-1,-1
140,51,1520,377,34,93,1,-1,-1,-1
140,49,1196,413,39,99,1,-1,-1,-1
140,46,523,406,50,94,1,-1,-1,-1
140,43,986,396,46,89,1,-1,-1,-1
140,38,612,388,33,85,1,-1,-1,-1
140,32,1389,477,72,118,1,-1,-1,-1
140,27,1155,653,72,164,1,-1,-1,-1
140,23,735,419,49,102,1,-1,-1,-1
140,14,71,380,56,81,1,-1,-1,-1
140,12,330,488,76,126,1,-1,-1,-1
140,9,1048,361,59,87,1,-1,-1,-1
140,7,471,374,38,82,1,-1,-1,-1
141,64,44,423,47,103,1,-1,-1,-1
141,60,687,444,42,106,1,-1,-1,-1
141,59,31,375,65,87,1,-1,-1,-1
141,58,490,393,48,88,1,-1,-1,-1
141,55,273,340,30,85,1,-1,-1,-1
141,54,129,484,55,124,1,-1,-1,-1
141,53,912,371,28,87,1,-1,-1,-1
141,52,1509,395,28,93,1,-1,-1,-1
141,51,1520,377,35,93,1,-1,-1,-1
141,49,1199,413,38,99,1,-1,-1,-1
141,46,519,406,51,94,1,-1,-1,-1
141,43,993,395,43,90,1,-1,-1,-1
141,38,614,389,35,85,1,-1,-1,-1
141,32,1392,477,71,118,1,-1,-1,-1
141,27,1158,653,70,164,1,-1,-1,-1
141,23,732,419,52,101,1,-1,-1,-1
141,14,72,379,56,81,1,-1,-1,-1
141,12,331,487,77,126,1,-1,-1,-1
141,9,1051,361,58,87,1,-1,-1,-1
141,7,479,375,35,81,1,-1,-1,-1
142,64,46,423,49,103,1,-1,-1,-1
142,60,688,443,43,106,1,-1,-1,-1
142,59,30,376,68,86,1,-1,-1,-1
142,58,486,393,52,89,1,-1,-1,-1
142,55,274,340,29,86,1,-1,-1,-1
142,54,130,484,57,124,1,-1,-1,-1
142,53,915,371,26,87,1,-1,-1,-1
142,52,1512,394,29,94,1,-1,-1,-1
142,51,1521,377,36,93,1,-1,-1,-1
142,49,1202,412,38,99,1,-1,-1,-1
142,46,516,406,51,94,1,-1,-1,-1
142,43,1001,395,39,90,1,-1,-1,-1
142,38,615,390,38,84,1,-1,-1,-1
142,32,1395,477,71,118,1,-1,-1,-1
142,27,1160,652,67,164,1,-1,-1,-1
142,23,729,419,56,101,1,-1,-1,-1
142,14,72,378,56,81,1,-1,-1,-1
142,12,332,487,77,126,1,-1,-1,-1
142,9,1054,361,56,87,1,-1,-1,-1
142,7,486,375,32,81,1,-1,-1,-1
143,64,49,422,51,103,1,-1,-1,-1
143,60,689,443,44,106,1,-1,-1,-1
143,59,28,377,70,85,1,-1,-1,-1
143,58,481,393,57,89,1,-1,-1,-1
143,55,276,339,29,86,1,-1,-1,-1
143,54,131,484,58,124,1,-1,-1,-1
143,53,918,371,25,87,1,-1,-1,-1
143,52,1515,394,29,94,1,-1,-1,-1
143,51,1522,377,38,93,1,-1,-1,-1
143,49,1205,412,38,99,1,-1,-1,-1
143,46,512,406,52,94,1,-1,-1,-1
143,43,1008,395,36,90,1,-1,-1,-1
143,38,616,392,40,84,1,-1,-1,-1
143,32,1399,477,70,118,1,-1,-1,-1
143,27,1163,652,65,164,1,-1,-1,-1
143,23,726,420,59,100,1,-1,-1,-1
143,14,73,377,56,81,1,-1,-1,-1
143,12,332,487,78,126,1,-1,-1,-1
143,9,1058,361,54,87,1,-1,-1,-1
143,7,494,376,28,80,1,-1,-1,-1
144,64,52,422,54,103,1,-1,-1,-1
144,60,692,443,46,106,1,-1,-1,-1
144,59,27,378,74,84,1,-1,-1,-1
144,58,474,392,63,90,1,-1,-1,-1
144,55,278,338,28,86,1,-1,-1,-1
144,54,133,484,60,125,1,-1,-1,-1
144,53,923,371,23,87,1,-1,-1,-1
144,52,1520,394,31,95,1,-1,-1,-1
144,51,1523,377,40,93,1,-1,-1,-1
144,49,1210,411,37,99,1,-1,-1,-1
144,46,505,406,53,94,1,-1,-1,-1
144,43,1020,394,30,91,1,-1,-1,-1
144,38,619,394,44,83,1,-1,-1,-1
144,32,1405,476,69,118,1,-1,-1,-1
144,27,1168,652,60,164,1,-1,-1,-1
144,23,719,421,66,99,1,-1,-1,-1
144,14,74,376,56,81,1,-1,-1,-1
144,12,334,486,79,126,1,-1,-1,-1
144,9,1062,362,52,87,1,-1,-1,-1
144,7,505,377,23,79,1,-1,-1,-1
145,64,56,423,54,102,1,-1,-1,-1
145,60,692,443,46,106,1,-1,-1,-1
145,59,32,378,69,84,1,-1,-1,-1
145,58,475,392,61,91,1,-1,-1,-1
145,55,281,338,29,86,1,-1,-1,-1
145,54,137,484,60,125,1,-1,-1,-1
145,53,925,372,23,87,1,-1,-1,-1
145,52,1521,394,31,95,1,-1,-1,-1
145,51,1523,377,41,93,1,-1,-1,-1
145,49,1213,411,37,99,1,-1,-1,-1
145,46,505,406,53,94,1,-1,-1,-1
145,43,1023,394,30,91,1,-1,-1,-1
145,38,619,394,44,83,1,-1,-1,-1
145,32,1405,477,69,118,1,-1,-1,-1
145,27,1169,653,59,164,1,-1,-1,-1
145,23,719,420,66,100,1,-1,-1,-1
145,14,76,376,55,81,1,-1,-1,-1
145,12,335,486,79,126,1,-1,-1,-1
145,9,1067,362,50,86,1,-1,-1,-1
145,7,509,377,25,79,1,-1,-1,-1
146,64,63,423,53,101,1,-1,-1,-1
146,60,699,444,43,105,1,-1,-1,-1
146,59,39,378,60,82,1,-1,-1,-1
146,58,478,392,59,91,1,-1,-1,-1
146,55,286,339,31,85,1,-1,-1,-1
146,54,145,484,59,125,1,-1,-1,-1
146,53,931,372,25,86,1,-1,-1,-1
146,52,1530,394,32,95,1,-1,-1,-1
146,51,1526,379,47,91,1,-1,-1,-1
146,49,1224,412,37,99,1,-1,-1,-1
146,46,506,407,47,92,1,-1,-1,-1
146,43,1032,394,31,90,1,-1,-1,-1
146,38,625,395,47,83,1,-1,-1,-1
146,32,1413,477,70,118,1,-1,-1,-1
146,27,1175,654,52,164,1,-1,-1,-1
146,23,721,419,59,101,1,-1,-1,-1
146,14,88,378,50,80,1,-1,-1,-1
146,12,344,488,75,125,1,-1,-1,-1
146,9,1076,364,46,85,1,-1,-1,-1
146,7,517,379,28,78,1,-1,-1,-1
147,64,75,425,53,99,1,-1,-1,-1
147,60,711,446,38,104,1,-1,-1,-1
147,59,52,378,46,80,1,-1,-1,-1
147,58,481,392,54,92,1,-1,-1,-1
147,55,293,340,34,84,1,-1,-1,-1
147,54,156,485,57,125,1,-1,-1,-1
147,53,940,372,27,86,1,-1,-1,-1
147,52,1544,395,34,95,1,-1,-1,-1
147,51,1531,381,56,89,1,-1,-1,-1
147,49,1236,413,38,99,1,-1,-1,-1
147,46,508,409,37,90,1,-1,-1,-1
147,43,1045,395,32,89,1,-1,-1,-1
147,38,634,397,51,83,1,-1,-1,-1
147,32,1424,478,71,118,1,-1,-1,-1
147,27,1184,655,40,164,1,-1,-1,-1
147,23,724,416,49,104,1,-1,-1,-1
147,14,106,380,42,79,1,-1,-1,-1
147,12,357,489,69,124,1,-1,-1,-1
147,9,1089,366,40,83,1,-1,-1,-1
147,7,530,381,32,76,1,-1,-1,-1
148,64,82,425,53,98,1,-1,-1,-1
148,60,717,446,39,104,1,-1,-1,-1
148,59,59,378,48,81,1,-1,-1,-1
148,58,488,392,52,92,1,-1,-1,-1
148,55,299,341,34,84,1,-1,-1,-1
148,54,162,485,56,125,1,-1,-1,-1
148,53,946,372,28,87,1,-1,-1,-1
148,52,1551,395,34,95,1,-1,-1,-1
148,51,1538,381,55,89,1,-1,-1,-1
148,49,1247,414,38,99,1,-1,-1,-1
148,46,511,409,40,90,1,-1,-1,-1
148,43,1052,395,32,90,1,-1,-1,-1
148,38,639,398,52,83,1,-1,-1,-1
148,32,1431,478,72,118,1,-1,-1,-1
148,27,1188,656,43,164,1,-1,-1,-1
148,23,729,416,47,104,1,-1,-1,-1
148,14,115,381,42,78,1,-1,-1,-1
148,12,366,489,68,123,1,-1,-1,-1
148,9,1097,367,42,83,1,-1,-1,-1
148,7,538,382,34,76,1,-1,-1,-1
149,64,99,426,53,97,1,-1,-1,-1
149,60,730,446,42,105,1,-1,-1,-1
149,59,76,379,53,81,1,-1,-1,-1
149,58,503,393,47,91,1,-1,-1,-1
149,55,313,342,36,83,1,-1,-1,-1
149,54,176,485,55,125,1,-1,-1,-1
149,53,960,372,29,89,1,-1,-1,-1
149,52,1566,396,36,95,1,-1,-1,-1
149,51,1554,381,54,91,1,-1,-1,-1
149,49,1259,415,39,99,1,-1,-1,-1
149,46,516,408,47,91,1,-1,-1,-1
149,43,1068,397,33,90,1,-1,-1,-1
149,38,651,399,55,83,1,-1,-1,-1
149,32,1447,479,72,118,1,-1,-1,-1
149,27,1197,657,50,164,1,-1,-1,-1
149,23,739,416,45,105,1,-1,-1,-1
149,14,135,382,44,77,1,-1,-1,-1
149,12,387,489,64,122,1,-1,-1,-1
149,9,1115,369,45,81,1,-1,-1,-1
149,7,558,384,36,75,1,-1,-1,-1
150,64,116,427,52,95,1,-1,-1,-1
150,60,756,446,46,106,1,-1,-1,-1
150,59,104,381,62,81,1,-1,-1,-1
150,58,518,394,42,89,1,-1,-1,-1
150,54,190,485,54,125,1,-1,-1,-1
150,52,1589,397,37,95,1,-1,-1,-1
150,51,1569,381,53,92,1,-1,-1,-1
150,49,1281,416,40,99,1,-1,-1,-1
150,46,527,408,61,94,1,-1,-1,-1
150,38,675,402,60,83,1,-1,-1,-1
150,32,1472,481,74,118,1,-1,-1,-1
150,27,1214,659,62,164,1,-1,-1,-1
150,23,757,417,39,105,1,-1,-1,-1
150,14,155,383,45,76,1,-1,-1,-1
150,12,407,489,61,122,1,-1,-1,-1
150,9,1133,371,48,80,1,-1,-1,-1
150,7,577,387,39,74,1,-1,-1,-1
151,64,133,428,52,94,1,-1,-1,-1
151,60,759,446,46,106,1,-1,-1,-1
151,59,110,381,62,81,1,-1,-1,-1
151,58,536,394,36,88,1,-1,-1,-1
151,54,204,486,53,125,1,-1,-1,-1
151,52,1600,397,39,95,1,-1,-1,-1
151,51,1586,381,52,93,1,-1,-1,-1
151,49,1283,417,40,99,1,-1,-1,-1
151,46,528,408,60,94,1,-1,-1,-1
151,38,677,402,60,83,1,-1,-1,-1
151,32,1484,481,72,118,1,-1,-1,-1
151,27,1216,659,62,164,1,-1,-1,-1
151,23,759,417,40,105,1,-1,-1,-1
151,14,178,384,47,75,1,-1,-1,-1
151,12,430,489,57,121,1,-1,-1,-1
151,9,1152,374,52,79,1,-1,-1,-1
151,7,600,389,42,73,1,-1,-1,-1
152,64,160,427,52,94,1,-1,-1,-1
152,60,784,446,46,106,1,-1,-1,-1
152,59,131,380,60,79,1,-1,-1,-1
152,58,548,395,39,89,1,-1,-1,-1
152,54,229,486,53,123,1,-1,-1,-1
152,52,1624,397,41,95,1,-1,-1,-1
152,51,1608,383,46,92,1,-1,-1,-1
152,49,1308,418,38,98,1,-1,-1,-1
152,46,549,409,49,93,1,-1,-1,-1
152,38,702,405,57,80,1,-1,-1,-1
152,32,1511,481,69,117,1,-1,-1,-1
152,27,1237,660,64,164,1,-1,-1,-1
152,23,776,417,44,105,1,-1,-1,-1
152,14,195,383,42,76,1,-1,-1,-1
152,12,446,488,55,121,1,-1,-1,-1
152,9,1169,373,52,80,1,-1,-1,-1
152,7,617,389,42,73,1,-1,-1,-1
153,68,392,347,41,80,1,-1,-1,-1
153,67,1037,374,35,90,1,-1,-1,-1
153,60,809,447,46,106,1,-1,-1,-1
153,59,168,379,58,77,1,-1,-1,-1
153,54,255,487,53,122,1,-1,-1,-1
153,52,1648,385,35,89,1,-1,-1,-1
153,49,1333,419,37,98,1,-1,-1,-1
153,46,584,411,29,92,1,-1,-1,-1
153,32,1537,482,66,117,1,-1,-1,-1
153,27,1258,660,66,164,1,-1,-1,-1
153,23,793,417,49,104,1,-1,-1,-1
153,14,226,383,34,76,1,-1,-1,-1
153,12,478,488,51,121,1,-1,-1,-1
153,9,1200,371,52,81,1,-1,-1,-1
154,68,416,347,42,79,1,-1,-1,-1
154,67,1060,375,37,89,1,-1,-1,-1
154,60,835,447,46,106,1,-1,-1,-1
154,59,177,379,58,77,1,-1,-1,-1
154,54,281,487,53,121,1,-1,-1,-1
154,52,1655,386,36,89,1,-1,-1,-1
154,49,1357,420,35,98,1,-1,-1,-1
154,46,589,411,32,92,1,-1,-1,-1
154,32,1564,483,62,116,1,-1,-1,-1
154,27,1278,661,68,164,1,-1,-1,-1
154,23,809,417,54,104,1,-1,-1,-1
154,14,233,383,34,77,1,-1,-1,-1
154,12,484,488,51,121,1,-1,-1,-1
154,9,1207,371,52,82,1,-1,-1,-1
155,68,440,348,43,78,1,-1,-1,-1
155,67,1083,375,39,88,1,-1,-1,-1
155,60,860,447,46,106,1,-1,-1,-1
155,59,206,379,59,77,1,-1,-1,-1
155,54,306,488,53,119,1,-1,-1,-1
155,52,1681,387,41,89,1,-1,-1,-1
155,49,1382,421,34,97,1,-1,-1,-1
155,46,604,411,42,91,1,-1,-1,-1
155,32,1590,483,59,116,1,-1,-1,-1
155,27,1299,661,69,164,1,-1,-1,-1
155,23,826,417,58,103,1,-1,-1,-1
155,14,254,383,34,77,1,-1,-1,-1
155,12,505,487,49,121,1,-1,-1,-1
155,9,1232,371,52,83,1,-1,-1,-1
156,76,281,420,52,94,1,-1,-1,-1
156,75,706,386,44,73,1,-1,-1,-1
156,74,622,396,57,90,1,-1,-1,-1
156,72,1729,398,50,95,1,-1,-1,-1
156,71,816,415,46,69,1,-1,-1,-1
156,68,464,349,44,77,1,-1,-1,-1
156,67,1106,376,41,87,1,-1,-1,-1
156,60,885,448,46,105,1,-1,-1,-1
156,59,236,379,60,78,1,-1,-1,-1
156,52,1706,389,45,88,1,-1,-1,-1
156,49,1407,422,33,97,1,-1,-1,-1
156,46,619,410,52,90,1,-1,-1,-1
156,32,1616,484,56,115,1,-1,-1,-1
156,27,1319,662,71,164,1,-1,-1,-1
156,23,843,417,63,103,1,-1,-1,-1
156,14,275,384,34,77,1,-1,-1,-1
156,12,526,487,46,121,1,-1,-1,-1
156,9,1264,370,52,84,1,-1,-1,-1
158,74,656,396,62,88,1,-1,-1,-1
158,72,1779,399,49,95,1,-1,-1,-1
158,71,853,415,44,68,1,-1,-1,-1
158,67,1151,377,42,86,1,-1,-1,-1
158,60,929,448,45,105,1,-1,-1,-1
158,32,1663,485,54,115,1,-1,-1,-1
158,27,1360,662,74,164,1,-1,-1,-1
158,23,875,417,66,102,1,-1,-1,-1
158,14,319,384,33,76,1,-1,-1,-1
158,12,566,487,45,121,1,-1,-1,-1
158,9,1294,373,54,81,1,-1,-1,-1
159,74,666,396,62,88,1,-1,-1,-1
159,72,1801,400,45,95,1,-1,-1,-1
159,71,872,414,42,68,1,-1,-1,-1
159,67,1170,376,40,86,1,-1,-1,-1
159,60,947,447,43,105,1,-1,-1,-1
159,32,1681,486,57,115,1,-1,-1,-1
159,27,1379,662,72,165,1,-1,-1,-1
159,23,889,417,62,102,1,-1,-1,-1
159,14,343,382,31,73,1,-1,-1,-1
159,12,586,487,46,121,1,-1,-1,-1
159,9,1312,375,56,80,1,-1,-1,-1
160,80,416,488,53,116,1,-1,-1,-1
160,76,345,419,55,94,1,-1,-1,-1
160,75,780,384,48,73,1,-1,-1,-1
160,74,675,396,61,87,1,-1,-1,-1
160,72,1824,400,40,95,1,-1,-1,-1
160,71,891,413,40,68,1,-1,-1,-1
160,68,539,350,50,75,1,-1,-1,-1
160,67,1190,376,37,87,1,-1,-1,-1
160,60,964,447,41,105,1,-1,-1,-1
160,59,334,377,55,77,1,-1,-1,-1
160,46,664,410,61,91,1,-1,-1,-1
160,32,1699,486,60,115,1,-1,-1,-1
160,27,1398,661,70,166,1,-1,-1,-1
160,23,904,418,58,102,1,-1,-1,-1
160,14,367,381,29,71,1,-1,-1,-1
160,12,606,487,47,121,1,-1,-1,-1
160,9,1330,377,57,78,1,-1,-1,-1
161,83,1348,403,32,93,1,-1,-1,-1
161,82,1803,394,50,87,1,-1,-1,-1
161,81,1504,425,44,96,1,-1,-1,-1
161,80,436,488,54,116,1,-1,-1,-1
161,76,366,418,56,94,1,-1,-1,-1
161,75,796,384,49,73,1,-1,-1,-1
161,74,685,396,61,87,1,-1,-1,-1
161,72,1846,400,36,95,1,-1,-1,-1
161,71,910,412,39,68,1,-1,-1,-1
161,68,555,350,51,75,1,-1,-1,-1
161,67,1209,376,35,87,1,-1,-1,-1
161,60,982,446,39,105,1,-1,-1,-1
161,59,356,376,52,76,1,-1,-1,-1
161,46,673,410,60,92,1,-1,-1,-1
161,32,1717,487,63,115,1,-1,-1,-1
161,27,1417,661,69,167,1,-1,-1,-1
161,23,918,418,55,102,1,-1,-1,-1
161,14,391,380,28,68,1,-1,-1,-1
161,12,626,488,48,121,1,-1,-1,-1
161,9,1348,379,58,77,1,-1,-1,-1
162,83,1368,403,32,93,1,-1,-1,-1
162,82,1820,395,49,87,1,-1,-1,-1
162,81,1520,425,49,96,1,-1,-1,-1
162,80,456,488,54,116,1,-1,-1,-1
162,76,387,417,57,94,1,-1,-1,-1
162,75,812,384,49,73,1,-1,-1,-1
162,74,695,396,60,86,1,-1,-1,-1
162,72,1868,401,31,95,1,-1,-1,-1
162,71,929,411,37,68,1,-1,-1,-1
162,68,572,350,53,74,1,-1,-1,-1
162,67,1229,376,33,87,1,-1,-1,-1
162,60,1000,446,37,105,1,-1,-1,-1
162,59,377,375,49,76,1,-1,-1,-1
162,46,683,409,59,93,1,-1,-1,-1
162,32,1735,488,67,115,1,-1,-1,-1
162,27,1436,660,67,167,1,-1,-1,-1
162,23,933,418,51,102,1,-1,-1,-1
162,14,415,378,26,66,1,-1,-1,-1
162,12,646,488,49,121,1,-1,-1,-1
162,9,1365,381,59,75,1,-1,-1,-1
163,83,1391,403,32,94,1,-1,-1,-1
163,82,1838,396,49,87,1,-1,-1,-1
163,81,1545,426,56,96,1,-1,-1,-1
163,80,477,488,54,115,1,-1,-1,-1
163,76,410,417,58,94,1,-1,-1,-1
163,75,835,384,50,73,1,-1,-1,-1
163,74,709,396,60,86,1,-1,-1,-1
163,72,1893,401,26,95,1,-1,-1,-1
163,71,949,410,35,68,1,-1,-1,-1
163,68,590,350,55,74,1,-1,-1,-1
163,67,1250,375,30,87,1,-1,-1,-1
163,60,1019,445,35,105,1,-1,-1,-1
163,59,401,373,46,75,1,-1,-1,-1
163,46,700,409,57,94,1,-1,-1,-1
163,32,1758,489,70,115,1,-1,-1,-1
163,27,1457,660,65,168,1,-1,-1,-1
163,23,954,419,45,102,1,-1,-1,-1
163,14,441,377,25,63,1,-1,-1,-1
163,12,675,488,51,121,1,-1,-1,-1
163,9,1385,383,60,74,1,-1,-1,-1
164,83,1395,403,32,94,1,-1,-1,-1
164,82,1844,394,46,88,1,-1,-1,-1
164,81,1551,425,56,96,1,-1,-1,-1
164,80,492,486,54,115,1,-1,-1,-1
164,76,420,414,58,94,1,-1,-1,-1
164,75,839,384,51,73,1,-1,-1,-1
164,74,711,395,59,86,1,-1,-1,-1
164,72,1893,401,26,95,1,-1,-1,-1
164,71,956,409,34,68,1,-1,-1,-1
164,68,588,350,55,74,1,-1,-1,-1
164,67,1254,375,30,87,1,-1,-1,-1
164,60,1025,445,36,105,1,-1,-1,-1
164,59,402,375,60,74,1,-1,-1,-1
164,46,701,409,56,94,1,-1,-1,-1
164,32,1771,488,70,115,1,-1,-1,-1
164,27,1461,660,65,169,1,-1,-1,-1
164,23,957,419,45,102,1,-1,-1,-1
164,14,444,378,31,63,1,-1,-1,-1
164,12,680,488,50,121,1,-1,-1,-1
164,9,1386,383,60,73,1,-1,-1,-1
165,83,1409,403,32,94,1,-1,-1,-1
165,82,1855,393,42,89,1,-1,-1,-1
165,81,1565,425,56,96,1,-1,-1,-1
165,80,500,486,56,115,1,-1,-1,-1
165,76,427,414,58,94,1,-1,-1,-1
165,75,847,384,51,73,1,-1,-1,-1
165,74,716,394,57,87,1,-1,-1,-1
165,71,967,408,36,69,1,-1,-1,-1
165,68,599,349,50,74,1,-1,-1,-1
165,67,1264,375,32,87,1,-1,-1,-1
165,60,1033,445,39,105,1,-1,-1,-1
165,59,419,376,57,71,1,-1,-1,-1
165,46,707,408,54,94,1,-1,-1,-1
165,32,1783,487,66,115,1,-1,-1,-1
165,27,1471,660,68,169,1,-1,-1,-1
165,23,964,418,45,102,1,-1,-1,-1
165,14,458,378,32,64,1,-1,-1,-1
165,12,691,487,48,121,1,-1,-1,-1
165,9,1395,382,58,74,1,-1,-1,-1
166,83,1422,403,32,94,1,-1,-1,-1
166,82,1865,392,38,90,1,-1,-1,-1
166,81,1578,425,56,96,1,-1,-1,-1
166,80,509,485,57,114,1,-1,-1,-1
166,76,434,414,58,94,1,-1,-1,-1
166,75,855,384,52,72,1,-1,-1,-1
166,74,720,393,55,88,1,-1,-1,-1
166,71,979,407,39,70,1,-1,-1,-1
166,68,609,348,45,75,1,-1,-1,-1
166,67,1275,376,35,87,1,-1,-1,-1
166,60,1042,445,43,105,1,-1,-1,-1
166,59,436,376,53,69,1,-1,-1,-1
166,46,712,408,51,93,1,-1,-1,-1
166,32,1796,486,61,116,1,-1,-1,-1
166,27,1480,659,71,169,1,-1,-1,-1
166,23,971,418,45,102,1,-1,-1,-1
166,14,472,378,32,65,1,-1,-1,-1
166,12,701,486,47,121,1,-1,-1,-1
166,9,1403,381,56,75,1,-1,-1,-1
167,83,1436,404,32,94,1,-1,-1,-1
167,82,1876,392,34,91,1,-1,-1,-1
167,81,1592,425,56,96,1,-1,-1,-1
167,80,518,484,58,114,1,-1,-1,-1
167,76,441,413,58,94,1,-1,-1,-1
167,75,863,383,52,72,1,-1,-1,-1
167,74,725,391,54,89,1,-1,-1,-1
167,71,991,406,41,72,1,-1,-1,-1
167,68,620,348,40,75,1,-1,-1,-1
167,67,1285,376,38,87,1,-1,-1,-1
167,60,1050,445,46,105,1,-1,-1,-1
167,59,452,376,50,66,1,-1,-1,-1
167,46,718,407,48,93,1,-1,-1,-1
167,32,1809,486,56,117,1,-1,-1,-1
167,27,1489,659,74,170,1,-1,-1,-1
167,23,977,418,45,102,1,-1,-1,-1
167,14,487,378,33,67,1,-1,-1,-1
167,12,711,485,45,121,1,-1,-1,-1
167,9,1412,380,53,76,1,-1,-1,-1
168,83,1449,404,32,94,1,-1,-1,-1
168,82,1893,390,26,92,1,-1,-1,-1
168,81,1605,425,56,96,1,-1,-1,-1
168,80,526,484,59,114,1,-1,-1,-1
168,76,449,413,58,94,1,-1,-1,-1
168,75,871,383,53,71,1,-1,-1,-1
168,74,729,390,52,90,1,-1,-1,-1
168,71,1003,405,43,73,1,-1,-1,-1
168,68,631,347,35,75,1,-1,-1,-1
168,67,1296,376,40,87,1,-1,-1,-1
168,60,1058,445,49,105,1,-1,-1,-1
168,59,469,377,47,64,1,-1,-1,-1
168,46,724,407,46,93,1,-1,-1,-1
168,32,1822,485,51,118,1,-1,-1,-1
168,27,1498,658,77,170,1,-1,-1,-1
168,23,984,417,45,102,1,-1,-1,-1
168,14,501,378,33,68,1,-1,-1,-1
168,12,721,484,44,122,1,-1,-1,-1
168,9,1420,378,51,77,1,-1,-1,-1
169,83,1473,404,32,94,1,-1,-1,-1
169,82,1903,390,16,93,1,-1,-1,-1
169,81,1625,425,56,96,1,-1,-1,-1
169,80,535,483,60,113,1,-1,-1,-1
169,76,456,413,58,94,1,-1,-1,-1
169,75,884,383,53,70,1,-1,-1,-1
169,74,736,388,49,92,1,-1,-1,-1
169,71,1022,403,46,75,1,-1,-1,-1
169,68,650,345,26,76,1,-1,-1,-1
169,67,1314,377,45,87,1,-1,-1,-1
169,60,1075,445,56,105,1,-1,-1,-1
169,59,500,377,41,59,1,-1,-1,-1
169,46,733,406,42,92,1,-1,-1,-1
169,32,1845,484,42,120,1,-1,-1,-1
169,27,1512,658,81,171,1,-1,-1,-1
169,23,996,417,45,102,1,-1,-1,-1
169,14,524,378,34,70,1,-1,-1,-1
169,12,738,483,41,122,1,-1,-1,-1
169,9,1435,376,47,78,1,-1,-1,-1
171,81,1656,425,51,97,1,-1,-1,-1
171,27,1541,657,76,171,1,-1,-1,-1
171,9,1452,375,48,79,1,-1,-1,-1
172,81,1676,425,49,98,1,-1,-1,-1
172,27,1560,657,72,171,1,-1,-1,-1
172,9,1467,375,48,80,1,-1,-1,-1
173,83,1547,403,29,94,1,-1,-1,-1
173,81,1697,424,46,98,1,-1,-1,-1
173,80,600,481,59,113,1,-1,-1,-1
173,76,520,409,52,93,1,-1,-1,-1
173,75,933,377,48,74,1,-1,-1,-1
173,74,767,385,53,83,1,-1,-1,-1
173,71,1071,399,47,80,1,-1,-1,-1
173,68,705,340,32,79,1,-1,-1,-1
173,67,1381,375,38,87,1,-1,-1,-1
173,60,1138,441,53,105,1,-1,-1,-1
173,59,571,372,41,65,1,-1,-1,-1
173,46,767,405,37,92,1,-1,-1,-1
173,32,1899,481,20,122,1,-1,-1,-1
173,27,1579,657,68,171,1,-1,-1,-1
173,23,1029,415,54,102,1,-1,-1,-1
173,14,603,374,32,70,1,-1,-1,-1
173,12,795,482,49,122,1,-1,-1,-1
173,9,1483,375,48,81,1,-1,-1,-1
174,83,1567,403,28,94,1,-1,-1,-1
174,81,1717,424,43,99,1,-1,-1,-1
174,80,615,480,58,113,1,-1,-1,-1
174,76,534,408,50,92,1,-1,-1,-1
174,75,945,376,46,75,1,-1,-1,-1
174,74,775,385,54,80,1,-1,-1,-1
174,71,1088,397,47,81,1,-1,-1,-1
174,68,719,339,33,80,1,-1,-1,-1
174,67,1398,374,35,87,1,-1,-1,-1
174,60,1155,441,53,105,1,-1,-1,-1
174,59,592,371,41,67,1,-1,-1,-1
174,46,778,404,37,92,1,-1,-1,-1
174,27,1598,657,65,171,1,-1,-1,-1
174,23,1039,414,57,102,1,-1,-1,-1
174,14,623,374,31,70,1,-1,-1,-1
174,12,810,482,51,122,1,-1,-1,-1
174,9,1498,374,49,82,1,-1,-1,-1
176,83,1612,404,26,94,1,-1,-1,-1
176,81,1763,423,37,100,1,-1,-1,-1
176,80,652,479,56,113,1,-1,-1,-1
176,76,570,407,44,91,1,-1,-1,-1
176,75,970,373,43,77,1,-1,-1,-1
176,74,790,384,56,75,1,-1,-1,-1
176,68,748,337,37,81,1,-1,-1,-1
176,67,1437,373,31,87,1,-1,-1,-1
176,60,1189,441,51,105,1,-1,-1,-1
176,59,633,368,40,71,1,-1,-1,-1
176,46,798,403,39,92,1,-1,-1,-1
176,27,1641,656,56,171,1,-1,-1,-1
176,23,1060,413,63,102,1,-1,-1,-1
176,12,840,482,55,122,1,-1,-1,-1
176,9,1535,373,50,84,1,-1,-1,-1
177,83,1620,403,27,94,1,-1,-1,-1
177,81,1773,423,37,101,1,-1,-1,-1
177,80,656,479,55,113,1,-1,-1,-1
177,76,573,406,46,91,1,-1,-1,-1
177,75,978,372,42,77,1,-1,-1,-1
177,74,795,383,55,77,1,-1,-1,-1
177,68,768,336,26,79,1,-1,-1,-1
177,67,1443,373,33,87,1,-1,-1,-1
177,60,1200,441,49,105,1,-1,-1,-1
177,59,652,367,39,71,1,-1,-1,-1
177,46,803,403,40,92,1,-1,-1,-1
177,27,1647,656,60,171,1,-1,-1,-1
177,23,1068,412,61,102,1,-1,-1,-1
177,12,852,481,52,122,1,-1,-1,-1
177,9,1539,373,49,84,1,-1,-1,-1
179,81,1799,424,37,102,1,-1,-1,-1
179,71,1153,394,40,84,1,-1,-1,-1
179,46,812,401,42,92,1,-1,-1,-1
179,27,1663,657,68,171,1,-1,-1,-1
179,12,877,479,45,122,1,-1,-1,-1
179,9,1550,374,46,83,1,-1,-1,-1
180,81,1813,424,37,103,1,-1,-1,-1
180,71,1163,393,38,84,1,-1,-1,-1
180,46,816,401,43,92,1,-1,-1,-1
180,27,1671,658,73,171,1,-1,-1,-1
180,14,733,369,31,69,1,-1,-1,-1
180,12,889,478,42,122,1,-1,-1,-1
180,9,1555,374,44,83,1,-1,-1,-1
181,83,1670,402,34,94,1,-1,-1,-1
181,81,1826,424,37,104,1,-1,-1,-1
181,80,690,477,47,113,1,-1,-1,-1
181,76,598,399,57,96,1,-1,-1,-1
181,75,1008,370,39,77,1,-1,-1,-1
181,74,814,381,51,88,1,-1,-1,-1
181,71,1174,393,36,84,1,-1,-1,-1
181,68,811,330,25,67,1,-1,-1,-1
181,67,1483,374,48,86,1,-1,-1,-1
181,60,1248,440,42,105,1,-1,-1,-1
181,59,710,364,50,74,1,-1,-1,-1
181,46,821,400,44,92,1,-1,-1,-1
181,27,1680,658,77,171,1,-1,-1,-1
181,23,1102,410,52,104,1,-1,-1,-1
181,14,755,368,32,69,1,-1,-1,-1
181,12,907,476,37,123,1,-1,-1,-1
181,9,1561,374,43,82,1,-1,-1,-1
182,83,1674,402,35,94,1,-1,-1,-1
182,81,1841,424,37,104,1,-1,-1,-1
182,80,703,477,44,113,1,-1,-1,-1
182,76,608,397,61,98,1,-1,-1,-1
182,75,1019,369,37,77,1,-1,-1,-1
182,74,821,380,50,91,1,-1,-1,-1
182,71,1189,393,33,84,1,-1,-1,-1
182,68,823,328,24,64,1,-1,-1,-1
182,67,1486,374,47,86,1,-1,-1,-1
182,60,1262,440,39,105,1,-1,-1,-1
182,59,727,363,53,75,1,-1,-1,-1
182,46,827,399,46,92,1,-1,-1,-1
182,27,1688,659,82,171,1,-1,-1,-1
182,23,1112,409,49,105,1,-1,-1,-1
182,14,761,369,31,68,1,-1,-1,-1
182,12,909,476,39,122,1,-1,-1,-1
182,9,1569,374,41,82,1,-1,-1,-1
183,83,1693,402,36,95,1,-1,-1,-1
183,81,1848,424,36,104,1,-1,-1,-1
183,80,710,475,34,113,1,-1,-1,-1
183,76,610,397,58,98,1,-1,-1,-1
183,75,1020,369,43,78,1,-1,-1,-1
183,74,818,380,51,91,1,-1,-1,-1
183,71,1191,392,34,84,1,-1,-1,-1
183,68,827,330,25,65,1,-1,-1,-1
183,67,1505,373,42,87,1,-1,-1,-1
183,60,1266,440,40,105,1,-1,-1,-1
183,59,736,363,50,74,1,-1,-1,-1
183,46,826,399,47,92,1,-1,-1,-1
183,27,1694,658,81,171,1,-1,-1,-1
183,23,1113,409,48,105,1,-1,-1,-1
183,14,779,372,29,66,1,-1,-1,-1
183,12,914,477,42,122,1,-1,-1,-1
183,9,1572,373,50,85,1,-1,-1,-1
184,83,1696,402,37,95,1,-1,-1,-1
184,81,1855,424,35,104,1,-1,-1,-1
184,80,710,475,37,114,1,-1,-1,-1
184,76,613,396,54,98,1,-1,-1,-1
184,75,1021,369,42,78,1,-1,-1,-1
184,74,814,380,53,90,1,-1,-1,-1
184,71,1195,391,35,85,1,-1,-1,-1
184,68,831,332,26,66,1,-1,-1,-1
184,67,1507,372,41,87,1,-1,-1,-1
184,60,1271,441,42,105,1,-1,-1,-1
184,59,747,363,47,74,1,-1,-1,-1
184,46,824,399,48,92,1,-1,-1,-1
184,27,1701,658,80,171,1,-1,-1,-1
184,23,1115,409,47,104,1,-1,-1,-1
184,14,783,373,29,65,1,-1,-1,-1
184,12,918,477,45,122,1,-1,-1,-1
184,9,1572,373,49,85,1,-1,-1,-1
185,83,1704,402,38,96,1,-1,-1,-1
185,81,1862,425,35,104,1,-1,-1,-1
185,80,710,475,43,114,1,-1,-1,-1
185,76,617,396,51,98,1,-1,-1,-1
185,75,1022,369,39,77,1,-1,-1,-1
185,74,810,380,55,90,1,-1,-1,-1
185,71,1198,390,36,86,1,-1,-1,-1
185,68,835,334,27,68,1,-1,-1,-1
185,67,1513,372,38,88,1,-1,-1,-1
185,60,1276,441,43,105,1,-1,-1,-1
185,59,758,362,44,73,1,-1,-1,-1
185,46,822,399,49,92,1,-1,-1,-1
185,27,1707,657,78,171,1,-1,-1,-1
185,23,1116,409,45,104,1,-1,-1,-1
185,14,794,375,28,64,1,-1,-1,-1
185,12,923,477,47,121,1,-1,-1,-1
185,9,1572,373,48,84,1,-1,-1,-1
186,83,1711,402,39,97,1,-1,-1,-1
186,81,1870,425,34,104,1,-1,-1,-1
186,80,709,475,49,114,1,-1,-1,-1
186,76,621,395,47,99,1,-1,-1,-1
186,75,1023,369,37,77,1,-1,-1,-1
186,74,807,380,56,89,1,-1,-1,-1
186,71,1201,390,37,87,1,-1,-1,-1
186,68,840,336,28,69,1,-1,-1,-1
186,67,1519,371,35,88,1,-1,-1,-1
186,60,1280,441,45,105,1,-1,-1,-1
186,59,768,362,40,72,1,-1,-1,-1
186,46,820,398,51,92,1,-1,-1,-1
186,27,1713,656,77,171,1,-1,-1,-1
186,23,1118,410,44,104,1,-1,-1,-1
186,14,804,377,26,62,1,-1,-1,-1
186,12,927,478,50,121,1,-1,-1,-1
186,9,1572,373,47,83,1,-1,-1,-1
187,83,1718,402,40,97,1,-1,-1,-1
187,81,1877,425,33,104,1,-1,-1,-1
187,80,709,475,55,115,1,-1,-1,-1
187,76,624,395,43,99,1,-1,-1,-1
187,75,1024,369,34,76,1,-1,-1,-1
187,74,803,380,58,89,1,-1,-1,-1
187,71,1205,389,38,87,1,-1,-1,-1
187,68,844,337,29,70,1,-1,-1,-1
187,67,1525,371,32,89,1,-1,-1,-1
187,60,1285,441,46,105,1,-1,-1,-1
187,59,779,362,37,72,1,-1,-1,-1
187,46,819,398,52,92,1,-1,-1,-1
187,27,1720,655,76,171,1,-1,-1,-1
187,23,1119,410,43,103,1,-1,-1,-1
187,14,814,379,25,61,1,-1,-1,-1
187,12,932,478,53,120,1,-1,-1,-1
187,9,1572,373,46,83,1,-1,-1,-1
188,83,1730,402,42,98,1,-1,-1,-1
188,81,1887,425,32,104,1,-1,-1,-1
188,80,708,475,60,115,1,-1,-1,-1
188,76,628,394,39,99,1,-1,-1,-1
188,75,1026,369,31,76,1,-1,-1,-1
188,74,797,381,61,88,1,-1,-1,-1
188,71,1209,388,40,88,1,-1,-1,-1
188,68,852,340,31,73,1,-1,-1,-1
188,67,1534,370,27,90,1,-1,-1,-1
188,60,1295,442,49,105,1,-1,-1,-1
188,59,797,361,31,71,1,-1,-1,-1
188,46,816,398,54,92,1,-1,-1,-1
188,27,1728,654,74,171,1,-1,-1,-1
188,23,1122,410,40,102,1,-1,-1,-1
188,14,829,382,23,59,1,-1,-1,-1
188,12,938,478,57,120,1,-1,-1,-1
188,9,1572,373,44,82,1,-1,-1,-1
189,83,1733,402,41,98,1,-1,-1,-1
189,81,1887,425,32,104,1,-1,-1,-1
189,80,708,474,66,115,1,-1,-1,-1
189,76,632,394,35,99,1,-1,-1,-1
189,75,1024,370,31,75,1,-1,-1,-1
189,74,792,384,51,86,1,-1,-1,-1
189,71,1206,388,42,88,1,-1,-1,-1
189,68,853,340,31,73,1,-1,-1,-1
189,67,1535,370,33,89,1,-1,-1,-1
189,60,1295,442,49,105,1,-1,-1,-1
189,59,805,362,26,69,1,-1,-1,-1
189,46,818,399,46,89,1,-1,-1,-1
189,27,1730,654,75,171,1,-1,-1,-1
189,23,1122,410,40,102,1,-1,-1,-1
189,14,834,381,22,58,1,-1,-1,-1
189,12,941,479,56,120,1,-1,-1,-1
189,9,1567,373,37,82,1,-1,-1,-1
190,83,1739,401,39,98,1,-1,-1,-1
190,81,1885,426,34,104,1,-1,-1,-1
190,80,715,474,62,116,1,-1,-1,-1
190,76,631,394,39,97,1,-1,-1,-1
190,75,1021,371,30,73,1,-1,-1,-1
190,74,793,385,49,85,1,-1,-1,-1
190,71,1204,389,43,88,1,-1,-1,-1
190,68,857,339,30,73,1,-1,-1,-1
190,67,1534,370,37,89,1,-1,-1,-1
190,60,1299,441,42,106,1,-1,-1,-1
190,59,808,363,27,67,1,-1,-1,-1
190,46,820,399,42,90,1,-1,-1,-1
190,27,1731,654,75,171,1,-1,-1,-1
190,23,1118,409,42,103,1,-1,-1,-1
190,14,841,380,21,56,1,-1,-1,-1
190,12,946,479,54,121,1,-1,-1,-1
190,9,1565,373,43,82,1,-1,-1,-1
191,83,1746,401,37,98,1,-1,-1,-1
191,81,1885,427,34,102,1,-1,-1,-1
191,80,721,472,58,117,1,-1,-1,-1
191,76,628,396,43,95,1,-1,-1,-1
191,75,1017,372,29,71,1,-1,-1,-1
191,74,796,386,45,84,1,-1,-1,-1
191,71,1200,389,45,88,1,-1,-1,-1
191,68,862,338,29,74,1,-1,-1,-1
191,67,1533,371,44,88,1,-1,-1,-1
191,60,1305,440,35,106,1,-1,-1,-1
191,59,812,365,30,64,1,-1,-1,-1
191,46,824,400,32,91,1,-1,-1,-1
191,27,1733,654,75,172,1,-1,-1,-1
191,23,1113,408,45,104,1,-1,-1,-1
191,14,850,380,19,53,1,-1,-1,-1
191,12,951,479,51,121,1,-1,-1,-1
191,9,1559,372,54,82,1,-1,-1,-1
192,83,1748,401,35,99,1,-1,-1,-1
192,81,1885,427,34,102,1,-1,-1,-1
192,80,721,472,54,117,1,-1,-1,-1
192,76,624,397,47,93,1,-1,-1,-1
192,75,1014,373,28,69,1,-1,-1,-1
192,74,798,386,42,83,1,-1,-1,-1
192,71,1198,389,47,88,1,-1,-1,-1
192,68,866,337,28,74,1,-1,-1,-1
192,67,1535,371,43,88,1,-1,-1,-1
192,60,1305,439,35,106,1,-1,-1,-1
192,59,817,366,29,65,1,-1,-1,-1
192,46,820,400,36,91,1,-1,-1,-1
192,27,1735,653,76,172,1,-1,-1,-1
192,23,1110,408,47,103,1,-1,-1,-1
192,14,852,380,22,54,1,-1,-1,-1
192,12,952,479,49,121,1,-1,-1,-1
192,9,1552,372,57,82,1,-1,-1,-1
193,83,1751,401,33,99,1,-1,-1,-1
193,81,1888,427,31,102,1,-1,-1,-1
193,80,720,471,50,118,1,-1,-1,-1
193,76,620,399,51,91,1,-1,-1,-1
193,75,1011,374,27,68,1,-1,-1,-1
193,74,801,386,39,82,1,-1,-1,-1
193,71,1197,389,48,88,1,-1,-1,-1
193,68,870,337,27,75,1,-1,-1,-1
193,67,1537,371,42,88,1,-1,-1,-1
193,60,1305,438,35,107,1,-1,-1,-1
193,59,823,367,28,65,1,-1,-1,-1
193,46,816,400,41,90,1,-1,-1,-1
193,27,1737,653,76,173,1,-1,-1,-1
193,23,1106,409,49,103,1,-1,-1,-1
193,14,855,380,25,55,1,-1,-1,-1
193,12,954,478,46,122,1,-1,-1,-1
193,9,1545,371,61,82,1,-1,-1,-1
194,83,1756,400,29,99,1,-1,-1,-1
194,81,1892,427,27,102,1,-1,-1,-1
194,80,720,470,42,119,1,-1,-1,-1
194,76,612,402,58,87,1,-1,-1,-1
194,75,1005,376,26,65,1,-1,-1,-1
194,74,805,387,32,80,1,-1,-1,-1
194,71,1194,388,52,88,1,-1,-1,-1
194,68,874,336,26,76,1,-1,-1,-1
194,67,1540,371,40,88,1,-1,-1,-1
194,60,1305,437,35,107,1,-1,-1,-1
194,59,829,369,28,66,1,-1,-1,-1
194,46,808,399,49,90,1,-1,-1,-1
194,27,1739,653,77,173,1,-1,-1,-1
194,23,1099,409,52,102,1,-1,-1,-1
194,14,859,380,29,57,1,-1,-1,-1
194,12,956,478,43,123,1,-1,-1,-1
194,9,1532,371,67,81,1,-1,-1,-1
195,83,1756,400,29,99,1,-1,-1,-1
195,81,1899,472,20,57,1,-1,-1,-1
195,80,720,470,43,119,1,-1,-1,-1
195,76,612,402,58,87,1,-1,-1,-1
195,75,1005,376,26,65,1,-1,-1,-1
195,74,804,387,33,79,1,-1,-1,-1
195,71,1194,388,50,88,1,-1,-1,-1
195,68,879,335,25,76,1,-1,-1,-1
195,67,1540,371,40,88,1,-1,-1,-1
195,60,1305,437,36,107,1,-1,-1,-1
195,59,836,370,27,66,1,-1,-1,-1
195,46,808,399,49,90,1,-1,-1,-1
195,27,1741,653,77,174,1,-1,-1,-1
195,23,1098,409,51,103,1,-1,-1,-1
195,14,862,379,29,58,1,-1,-1,-1
195,12,956,478,43,123,1,-1,-1,-1
195,9,1531,371,66,82,1,-1,-1,-1
196,83,1756,400,32,99,1,-1,-1,-1
196,81,1902,477,17,52,1,-1,-1,-1
196,80,718,470,45,119,1,-1,-1,-1
196,76,613,401,58,87,1,-1,-1,-1
196,75,1000,375,31,66,1,-1,-1,-1
196,74,800,387,38,79,1,-1,-1,-1
196,71,1194,388,44,88,1,-1,-1,-1
196,68,881,335,26,76,1,-1,-1,-1
196,67,1544,370,35,88,1,-1,-1,-1
196,60,1305,437,39,107,1,-1,-1,-1
196,59,837,370,28,68,1,-1,-1,-1
196,46,807,399,47,89,1,-1,-1,-1
196,27,1743,653,78,174,1,-1,-1,-1
196,23,1096,408,48,103,1,-1,-1,-1
196,14,868,378,27,59,1,-1,-1,-1
196,12,957,478,43,123,1,-1,-1,-1
196,9,1527,370,61,83,1,-1,-1,-1
197,83,1757,400,35,99,1,-1,-1,-1
197,81,1909,481,10,49,1,-1,-1,-1
197,80,717,470,47,119,1,-1,-1,-1
197,76,614,401,58,88,1,-1,-1,-1
197,75,995,374,35,67,1,-1,-1,-1
197,74,795,387,42,78,1,-1,-1,-1
197,71,1194,387,38,88,1,-1,-1,-1
197,68,883,335,27,75,1,-1,-1,-1
197,67,1547,369,30,88,1,-1,-1,-1
197,60,1305,437,42,107,1,-1,-1,-1
197,59,838,369,30,69,1,-1,-1,-1
197,46,805,399,46,89,1,-1,-1,-1
197,27,1746,652,78,175,1,-1,-1,-1
197,23,1094,407,44,104,1,-1,-1,-1
197,14,873,376,25,61,1,-1,-1,-1
197,12,958,478,43,123,1,-1,-1,-1
197,9,1523,369,57,84,1,-1,-1,-1
198,83,1757,400,38,99,1,-1,-1,-1
198,81,1909,481,10,49,1,-1,-1,-1
198,80,716,470,49,119,1,-1,-1,-1
198,76,616,401,58,89,1,-1,-1,-1
198,75,990,373,40,69,1,-1,-1,-1
198,74,787,386,51,77,1,-1,-1,-1
198,71,1194,386,29,88,1,-1,-1,-1
198,68,887,336,28,74,1,-1,-1,-1
198,67,1551,368,25,88,1,-1,-1,-1
198,60,1305,437,45,107,1,-1,-1,-1
198,59,841,367,33,71,1,-1,-1,-1
198,46,803,398,44,88,1,-1,-1,-1
198,27,1748,652,77,175,1,-1,-1,-1
198,23,1092,406,40,104,1,-1,-1,-1
198,14,879,375,24,63,1,-1,-1,-1
198,12,959,478,43,123,1,-1,-1,-1
198,9,1514,368,48,86,1,-1,-1,-1
199,83,1757,400,41,99,1,-1,-1,-1
199,80,714,470,52,119,1,-1,-1,-1
199,76,616,401,58,89,1,-1,-1,-1
199,75,985,372,45,70,1,-1,-1,-1
199,74,787,386,51,77,1,-1,-1,-1
199,71,1191,386,33,88,1,-1,-1,-1
199,68,887,336,28,74,1,-1,-1,-1
199,67,1553,367,24,88,1,-1,-1,-1
199,60,1305,437,48,107,1,-1,-1,-1
199,59,841,367,33,71,1,-1,-1,-1
199,46,803,398,44,88,1,-1,-1,-1
199,27,1753,651,73,175,1,-1,-1,-1
199,23,1089,406,43,105,1,-1,-1,-1
199,14,878,375,22,64,1,-1,-1,-1
199,12,959,477,43,123,1,-1,-1,-1
199,9,1514,368,48,86,1,-1,-1,-1
200,83,1758,400,46,99,1,-1,-1,-1
200,80,712,470,55,119,1,-1,-1,-1
200,76,622,400,58,89,1,-1,-1,-1
200,75,976,370,53,72,1,-1,-1,-1
200,74,787,382,52,82,1,-1,-1,-1
200,71,1185,386,42,88,1,-1,-1,-1
200,68,891,336,29,74,1,-1,-1,-1
200,67,1550,366,33,91,1,-1,-1,-1
200,60,1305,437,55,107,1,-1,-1,-1
200,59,843,365,34,72,1,-1,-1,-1
200,46,804,397,43,88,1,-1,-1,-1
200,27,1762,649,66,175,1,-1,-1,-1
200,23,1077,406,52,106,1,-1,-1,-1
200,14,882,373,38,62,1,-1,-1,-1
200,12,961,477,43,123,1,-1,-1,-1
200,9,1503,364,54,85,1,-1,-1,-1
201,83,1759,400,46,99,1,-1,-1,-1
201,80,712,470,55,120,1,-1,-1,-1
201,76,623,400,57,90,1,-1,-1,-1
201,75,976,370,53,72,1,-1,-1,-1
201,74,788,382,51,81,1,-1,-1,-1
201,71,1178,386,52,88,1,-1,-1,-1
201,68,895,336,29,73,1,-1,-1,-1
201,67,1550,366,33,91,1,-1,-1,-1
201,60,1305,437,55,107,1,-1,-1,-1
201,59,847,363,36,74,1,-1,-1,-1
201,46,806,396,42,89,1,-1,-1,-1
201,27,1763,649,66,175,1,-1,-1,-1
201,23,1077,406,52,106,1,-1,-1,-1
201,14,883,373,38,62,1,-1,-1,-1
201,12,961,477,43,123,1,-1,-1,-1
201,9,1502,364,54,85,1,-1,-1,-1
202,83,1763,400,44,99,1,-1,-1,-1
202,80,712,470,52,120,1,-1,-1,-1
202,76,626,400,54,90,1,-1,-1,-1
202,75,975,370,52,72,1,-1,-1,-1
202,74,791,381,50,81,1,-1,-1,-1
202,71,1178,385,49,89,1,-1,-1,-1
202,68,897,337,30,73,1,-1,-1,-1
202,67,1552,366,34,91,1,-1,-1,-1
202,60,1307,437,51,107,1,-1,-1,-1
202,59,847,364,36,74,1,-1,-1,-1
202,46,805,396,43,89,1,-1,-1,-1
202,27,1767,650,65,174,1,-1,-1,-1
202,23,1072,406,53,105,1,-1,-1,-1
202,14,888,373,40,64,1,-1,-1,-1
202,12,963,477,43,123,1,-1,-1,-1
202,9,1497,364,51,86,1,-1,-1,-1
203,83,1767,401,41,99,1,-1,-1,-1
203,80,712,470,50,120,1,-1,-1,-1
203,76,629,399,52,91,1,-1,-1,-1
203,75,974,371,51,71,1,-1,-1,-1
203,74,793,380,50,80,1,-1,-1,-1
203,71,1179,384,45,89,1,-1,-1,-1
203,68,899,337,32,73,1,-1,-1,-1
203,67,1554,367,34,91,1,-1,-1,-1
203,60,1310,437,47,107,1,-1,-1,-1
203,59,849,364,36,73,1,-1,-1,-1
203,46,804,396,45,89,1,-1,-1,-1
203,27,1770,650,65,173,1,-1,-1,-1
203,23,1067,406,53,105,1,-1,-1,-1
203,14,893,373,41,66,1,-1,-1,-1
203,12,964,477,43,123,1,-1,-1,-1
203,9,1492,364,49,87,1,-1,-1,-1
204,83,1772,401,39,99,1,-1,-1,-1
204,80,712,470,48,120,1,-1,-1,-1
204,76,632,399,49,91,1,-1,-1,-1
204,75,972,371,50,71,1,-1,-1,-1
204,74,795,379,49,80,1,-1,-1,-1
204,71,1179,383,41,90,1,-1,-1,-1
204,68,901,337,33,73,1,-1,-1,-1
204,67,1557,367,35,91,1,-1,-1,-1
204,60,1313,437,43,107,1,-1,-1,-1
204,59,850,364,37,73,1,-1,-1,-1
204,46,803,396,46,89,1,-1,-1,-1
204,27,1774,651,64,172,1,-1,-1,-1
204,23,1063,406,53,104,1,-1,-1,-1
204,14,897,373,43,68,1,-1,-1,-1
204,12,966,477,43,123,1,-1,-1,-1
204,9,1487,363,47,89,1,-1,-1,-1
205,83,1776,401,37,99,1,-1,-1,-1
205,80,712,469,46,121,1,-1,-1,-1
205,76,635,399,46,92,1,-1,-1,-1
205,75,971,371,49,71,1,-1,-1,-1
205,74,797,378,48,79,1,-1,-1,-1
205,71,1180,381,37,90,1,-1,-1,-1
205,68,903,337,34,73,1,-1,-1,-1
205,67,1559,367,36,91,1,-1,-1,-1
205,60,1315,436,39,107,1,-1,-1,-1
205,59,851,365,37,72,1,-1,-1,-1
205,46,801,396,47,88,1,-1,-1,-1
205,27,1778,652,64,172,1,-1,-1,-1
205,23,1058,406,54,104,1,-1,-1,-1
205,14,902,373,44,69,1,-1,-1,-1
205,12,967,476,43,123,1,-1,-1,-1
205,9,1482,363,45,90,1,-1,-1,-1
206,83,1780,401,35,99,1,-1,-1,-1
206,80,712,469,43,121,1,-1,-1,-1
206,76,639,398,43,92,1,-1,-1,-1
206,75,970,372,47,70,1,-1,-1,-1
206,74,799,377,47,79,1,-1,-1,-1
206,71,1181,380,33,91,1,-1,-1,-1
206,68,905,337,36,73,1,-1,-1,-1
206,67,1561,367,37,91,1,-1,-1,-1
206,60,1318,436,35,107,1,-1,-1,-1
206,59,852,365,37,72,1,-1,-1,-1
206,46,800,396,49,88,1,-1,-1,-1
206,27,1782,652,63,171,1,-1,-1,-1
206,23,1053,407,54,104,1,-1,-1,-1
206,14,910,373,47,72,1,-1,-1,-1
206,12,970,476,43,123,1,-1,-1,-1
206,9,1477,363,43,91,1,-1,-1,-1
207,83,1785,402,32,99,1,-1,-1,-1
207,80,712,469,40,121,1,-1,-1,-1
207,76,643,398,39,93,1,-1,-1,-1
207,75,969,372,46,70,1,-1,-1,-1
207,74,802,376,46,78,1,-1,-1,-1
207,71,1181,379,29,91,1,-1,-1,-1
207,68,907,337,37,73,1,-1,-1,-1
207,67,1563,367,38,91,1,-1,-1,-1
207,60,1321,436,30,107,1,-1,-1,-1
207,59,853,366,38,71,1,-1,-1,-1
207,46,799,395,50,88,1,-1,-1,-1
207,27,1786,653,63,170,1,-1,-1,-1
207,23,1047,407,54,103,1,-1,-1,-1
207,14,916,370,46,73,1,-1,-1,-1
207,12,969,476,43,123,1,-1,-1,-1
207,9,1470,362,41,93,1,-1,-1,-1
208,83,1784,402,32,99,1,-1,-1,-1
208,80,711,469,41,121,1,-1,-1,-1
208,76,644,398,39,93,1,-1,-1,-1
208,75,967,372,44,71,1,-1,-1,-1
208,74,805,377,44,81,1,-1,-1,-1
208,71,1177,380,30,91,1,-1,-1,-1
208,68,906,338,39,73,1,-1,-1,-1
208,67,1561,368,38,91,1,-1,-1,-1
208,60,1319,436,32,107,1,-1,-1,-1
208,59,851,366,39,71,1,-1,-1,-1
208,46,801,395,48,89,1,-1,-1,-1
208,27,1790,652,58,174,1,-1,-1,-1
208,23,1046,406,53,103,1,-1,-1,-1
208,14,922,370,44,73,1,-1,-1,-1
208,12,968,477,45,123,1,-1,-1,-1
208,9,1465,363,40,93,1,-1,-1,-1
209,83,1782,403,36,99,1,-1,-1,-1
209,80,708,469,44,121,1,-1,-1,-1
209,76,646,398,39,93,1,-1,-1,-1
209,75,966,372,42,72,1,-1,-1,-1
209,74,806,378,44,80,1,-1,-1,-1
209,71,1172,381,33,91,1,-1,-1,-1
209,68,908,337,39,74,1,-1,-1,-1
209,67,1561,368,38,91,1,-1,-1,-1
209,60,1317,436,36,107,1,-1,-1,-1
209,59,850,366,38,71,1,-1,-1,-1
209,46,800,395,49,89,1,-1,-1,-1
209,27,1792,652,58,173,1,-1,-1,-1
209,23,1044,406,51,104,1,-1,-1,-1
209,14,927,370,42,74,1,-1,-1,-1
209,12,967,478,47,123,1,-1,-1,-1
209,9,1459,363,38,92,1,-1,-1,-1
210,83,1779,403,40,99,1,-1,-1,-1
210,80,706,469,47,121,1,-1,-1,-1
210,76,648,399,39,93,1,-1,-1,-1
210,75,964,372,41,73,1,-1,-1,-1
210,74,806,380,44,79,1,-1,-1,-1
210,71,1167,381,35,91,1,-1,-1,-1
210,68,910,337,39,74,1,-1,-1,-1
210,67,1560,368,38,91,1,-1,-1,-1
210,60,1314,437,40,107,1,-1,-1,-1
210,59,848,366,37,70,1,-1,-1,-1
210,46,799,395,51,89,1,-1,-1,-1
210,27,1794,652,58,172,1,-1,-1,-1
210,23,1043,405,49,104,1,-1,-1,-1
210,14,933,370,39,74,1,-1,-1,-1
210,12,966,478,49,123,1,-1,-1,-1
210,9,1453,364,37,92,1,-1,-1,-1
211,83,1776,403,43,99,1,-1,-1,-1
211,80,703,469,50,121,1,-1,-1,-1
211,76,650,399,39,93,1,-1,-1,-1
211,75,962,372,39,74,1,-1,-1,-1
211,74,806,381,44,78,1,-1,-1,-1
211,71,1162,382,38,91,1,-1,-1,-1
211,68,912,337,39,74,1,-1,-1,-1
211,67,1560,368,38,91,1,-1,-1,-1
211,60,1311,437,44,106,1,-1,-1,-1
211,59,846,367,36,70,1,-1,-1,-1
211,46,798,395,53,89,1,-1,-1,-1
211,27,1796,652,58,171,1,-1,-1,-1
211,23,1041,405,47,105,1,-1,-1,-1
211,14,939,370,37,75,1,-1,-1,-1
211,12,964,479,51,123,1,-1,-1,-1
211,9,1447,364,35,92,1,-1,-1,-1
212,83,1773,404,47,99,1,-1,-1,-1
212,80,700,469,53,121,1,-1,-1,-1
212,76,652,399,39,93,1,-1,-1,-1
212,75,961,371,37,75,1,-1,-1,-1
212,74,806,382,44,77,1,-1,-1,-1
212,71,1157,383,40,91,1,-1,-1,-1
212,68,913,337,40,75,1,-1,-1,-1
212,67,1559,368,38,91,1,-1,-1,-1
212,60,1308,437,47,106,1,-1,-1,-1
212,59,845,367,35,70,1,-1,-1,-1
212,46,797,395,55,89,1,-1,-1,-1
212,27,1799,652,58,170,1,-1,-1,-1
212,23,1040,404,44,105,1,-1,-1,-1
212,14,945,370,35,75,1,-1,-1,-1
212,12,963,480,53,123,1,-1,-1,-1
212,9,1441,365,34,91,1,-1,-1,-1
213,83,1769,404,53,99,1,-1,-1,-1
213,80,696,470,57,121,1,-1,-1,-1
213,76,655,400,39,93,1,-1,-1,-1
213,75,959,371,35,76,1,-1,-1,-1
213,74,807,384,45,76,1,-1,-1,-1
213,71,1148,385,44,91,1,-1,-1,-1
213,68,916,336,40,75,1,-1,-1,-1
213,67,1558,369,38,91,1,-1,-1,-1
213,60,1304,438,53,105,1,-1,-1,-1
213,59,842,368,33,70,1,-1,-1,-1
213,46,796,394,58,89,1,-1,-1,-1
213,27,1799,652,59,170,1,-1,-1,-1
213,23,1037,403,41,106,1,-1,-1,-1
213,14,954,370,32,76,1,-1,-1,-1
213,12,961,481,56,123,1,-1,-1,-1
213,9,1433,366,32,91,1,-1,-1,-1
214,83,1769,404,52,99,1,-1,-1,-1
214,80,695,470,57,121,1,-1,-1,-1
214,76,656,400,39,93,1,-1,-1,-1
214,75,955,371,32,76,1,-1,-1,-1
214,74,809,384,46,77,1,-1,-1,-1
214,71,1148,385,44,91,1,-1,-1,-1
214,68,917,336,40,75,1,-1,-1,-1
214,67,1558,369,39,91,1,-1,-1,-1
214,60,1304,438,52,105,1,-1,-1,-1
214,59,841,368,33,70,1,-1,-1,-1
214,46,794,394,58,89,1,-1,-1,-1
214,27,1796,653,69,167,1,-1,-1,-1
214,23,1035,404,42,105,1,-1,-1,-1
214,14,957,372,36,76,1,-1,-1,-1
214,12,961,482,58,121,1,-1,-1,-1
214,9,1425,365,36,91,1,-1,-1,-1
215,83,1770,404,50,99,1,-1,-1,-1
215,80,692,472,56,120,1,-1,-1,-1
215,76,657,400,40,93,1,-1,-1,-1
215,75,955,372,37,76,1,-1,-1,-1
215,74,812,384,48,78,1,-1,-1,-1
215,71,1148,385,41,91,1,-1,-1,-1
215,68,918,337,39,75,1,-1,-1,-1
215,67,1557,369,39,91,1,-1,-1,-1
215,60,1305,438,49,105,1,-1,-1,-1
215,59,837,369,32,70,1,-1,-1,-1
215,46,787,394,60,89,1,-1,-1,-1
215,27,1793,654,78,164,1,-1,-1,-1
215,23,1029,407,44,103,1,-1,-1,-1
215,14,958,372,32,77,1,-1,-1,-1
215,12,960,485,63,118,1,-1,-1,-1
215,9,1415,364,41,91,1,-1,-1,-1
216,83,1772,405,45,99,1,-1,-1,-1
216,80,689,473,55,119,1,-1,-1,-1
216,76,658,400,41,93,1,-1,-1,-1
216,75,952,374,40,76,1,-1,-1,-1
216,74,817,384,52,80,1,-1,-1,-1
216,71,1148,385,36,91,1,-1,-1,-1
216,68,920,337,39,75,1,-1,-1,-1
216,67,1555,369,40,91,1,-1,-1,-1
216,60,1307,437,47,105,1,-1,-1,-1
216,59,834,369,32,70,1,-1,-1,-1
216,46,780,395,61,89,1,-1,-1,-1
216,27,1788,656,95,159,1,-1,-1,-1
216,23,1019,410,47,100,1,-1,-1,-1
216,14,962,374,32,77,1,-1,-1,-1
216,12,958,490,71,112,1,-1,-1,-1
216,9,1397,362,51,91,1,-1,-1,-1
217,83,1772,404,45,99,1,-1,-1,-1
217,80,687,474,54,118,1,-1,-1,-1
217,76,659,400,41,93,1,-1,-1,-1
217,75,952,374,40,76,1,-1,-1,-1
217,74,818,384,53,80,1,-1,-1,-1
217,71,1148,384,36,91,1,-1,-1,-1
217,68,921,337,39,75,1,-1,-1,-1
217,67,1554,369,41,91,1,-1,-1,-1
217,60,1308,437,44,105,1,-1,-1,-1
217,59,831,370,31,70,1,-1,-1,-1
217,46,774,395,62,89,1,-1,-1,-1
217,27,1787,658,97,159,1,-1,-1,-1
217,23,1016,411,48,99,1,-1,-1,-1
217,14,963,375,32,77,1,-1,-1,-1
217,12,958,489,70,112,1,-1,-1,-1
217,9,1394,363,52,91,1,-1,-1,-1
218,83,1771,404,43,99,1,-1,-1,-1
218,80,684,476,53,118,1,-1,-1,-1
218,76,660,401,42,93,1,-1,-1,-1
218,75,952,374,41,76,1,-1,-1,-1
218,74,821,384,58,82,1,-1,-1,-1
218,71,1148,383,33,91,1,-1,-1,-1
218,68,923,337,39,75,1,-1,-1,-1
218,67,1553,369,41,91,1,-1,-1,-1
218,60,1309,437,41,105,1,-1,-1,-1
218,59,828,370,30,70,1,-1,-1,-1
218,46,767,395,63,89,1,-1,-1,-1
218,27,1784,663,107,156,1,-1,-1,-1
218,23,1007,412,54,97,1,-1,-1,-1
218,14,968,376,32,78,1,-1,-1,-1
218,12,957,488,64,111,1,-1,-1,-1
218,9,1384,364,57,90,1,-1,-1,-1
219,83,1769,404,38,99,1,-1,-1,-1
219,80,679,478,51,116,1,-1,-1,-1
219,76,662,401,43,94,1,-1,-1,-1
219,75,951,375,44,76,1,-1,-1,-1
219,74,827,383,66,84,1,-1,-1,-1
219,71,1148,381,28,91,1,-1,-1,-1
219,68,925,338,38,74,1,-1,-1,-1
219,67,1550,369,43,91,1,-1,-1,-1
219,60,1310,437,36,105,1,-1,-1,-1
219,59,823,371,29,70,1,-1,-1,-1
219,46,754,395,66,89,1,-1,-1,-1
219,27,1779,670,122,152,1,-1,-1,-1
219,23,989,415,64,93,1,-1,-1,-1
219,14,974,379,33,78,1,-1,-1,-1
219,12,956,487,56,110,1,-1,-1,-1
219,9,1367,365,65,87,1,-1,-1,-1
220,83,1769,404,38,99,1,-1,-1,-1
220,80,679,478,52,116,1,-1,-1,-1
220,76,663,401,43,93,1,-1,-1,-1
220,75,951,374,44,76,1,-1,-1,-1
220,74,830,383,67,84,1,-1,-1,-1
220,71,1147,381,28,91,1,-1,-1,-1
220,68,926,338,38,74,1,-1,-1,-1
220,67,1550,369,43,91,1,-1,-1,-1
220,60,1310,437,36,105,1,-1,-1,-1
220,59,822,371,30,71,1,-1,-1,-1
220,46,754,395,66,89,1,-1,-1,-1
220,27,1779,670,121,152,1,-1,-1,-1
220,23,990,415,63,94,1,-1,-1,-1
220,14,974,380,34,77,1,-1,-1,-1
220,12,954,487,57,110,1,-1,-1,-1
220,9,1365,365,64,88,1,-1,-1,-1
221,83,1765,406,41,98,1,-1,-1,-1
221,80,676,480,56,114,1,-1,-1,-1
221,76,665,403,43,91,1,-1,-1,-1
221,75,950,374,43,76,1,-1,-1,-1
221,74,836,383,68,83,1,-1,-1,-1
221,71,1143,383,31,90,1,-1,-1,-1
221,68,928,338,38,74,1,-1,-1,-1
221,67,1550,369,41,91,1,-1,-1,-1
221,60,1310,437,36,105,1,-1,-1,-1
221,59,820,371,31,72,1,-1,-1,-1
221,46,752,394,63,90,1,-1,-1,-1
221,27,1779,668,117,154,1,-1,-1,-1
221,23,990,414,60,94,1,-1,-1,-1
221,14,975,381,35,76,1,-1,-1,-1
221,12,951,486,59,109,1,-1,-1,-1
221,9,1361,365,60,88,1,-1,-1,-1
222,83,1762,407,45,96,1,-1,-1,-1
222,80,673,482,60,112,1,-1,-1,-1
222,76,667,405,43,89,1,-1,-1,-1
222,75,950,374,42,77,1,-1,-1,-1
222,74,844,389,63,80,1,-1,-1,-1
222,71,1139,384,34,89,1,-1,-1,-1
222,68,931,338,37,73,1,-1,-1,-1
222,67,1550,369,40,91,1,-1,-1,-1
222,60,1309,437,36,105,1,-1,-1,-1
222,59,818,371,32,73,1,-1,-1,-1
222,46,751,394,61,90,1,-1,-1,-1
222,27,1779,666,113,155,1,-1,-1,-1
222,23,990,414,57,95,1,-1,-1,-1
222,14,976,383,37,75,1,-1,-1,-1
222,12,947,485,62,109,1,-1,-1,-1
222,9,1357,365,57,88,1,-1,-1,-1
223,83,1758,409,48,94,1,-1,-1,-1
223,80,669,484,65,110,1,-1,-1,-1
223,76,669,407,43,88,1,-1,-1,-1
223,75,949,374,41,77,1,-1,-1,-1
223,74,855,390,57,77,1,-1,-1,-1
223,71,1136,386,37,88,1,-1,-1,-1
223,68,933,338,37,73,1,-1,-1,-1
223,67,1549,369,39,91,1,-1,-1,-1
223,60,1309,437,36,105,1,-1,-1,-1
223,59,816,371,33,74,1,-1,-1,-1
223,46,749,393,59,91,1,-1,-1,-1
223,27,1779,665,110,157,1,-1,-1,-1
223,23,990,414,54,96,1,-1,-1,-1
223,14,977,384,39,73,1,-1,-1,-1
223,12,943,485,65,108,1,-1,-1,-1
223,9,1353,364,53,89,1,-1,-1,-1
224,83,1755,411,51,92,1,-1,-1,-1
224,80,666,486,69,108,1,-1,-1,-1
224,76,671,409,43,86,1,-1,-1,-1
224,75,949,373,41,77,1,-1,-1,-1
224,74,863,392,51,78,1,-1,-1,-1
224,71,1132,388,40,87,1,-1,-1,-1
224,68,935,338,37,73,1,-1,-1,-1
224,67,1549,369,37,91,1,-1,-1,-1
224,60,1308,437,36,105,1,-1,-1,-1
224,59,814,371,35,76,1,-1,-1,-1
224,46,747,392,56,91,1,-1,-1,-1
224,27,1779,663,106,158,1,-1,-1,-1
224,23,990,413,51,97,1,-1,-1,-1
224,14,977,386,41,72,1,-1,-1,-1
224,12,940,484,67,107,1,-1,-1,-1
224,9,1349,364,50,89,1,-1,-1,-1
225,83,1751,413,55,90,1,-1,-1,-1
225,80,663,487,73,106,1,-1,-1,-1
225,76,673,411,44,84,1,-1,-1,-1
225,75,948,373,39,78,1,-1,-1,-1
225,74,867,391,48,76,1,-1,-1,-1
225,71,1128,389,43,86,1,-1,-1,-1
225,68,939,338,36,72,1,-1,-1,-1
225,67,1549,369,36,91,1,-1,-1,-1
225,60,1308,438,36,105,1,-1,-1,-1
225,59,811,371,37,78,1,-1,-1,-1
225,46,745,391,54,92,1,-1,-1,-1
225,27,1779,660,100,161,1,-1,-1,-1
225,23,991,413,46,98,1,-1,-1,-1
225,14,979,388,44,70,1,-1,-1,-1
225,12,934,483,71,106,1,-1,-1,-1
225,9,1342,363,43,90,1,-1,-1,-1
226,83,1747,415,59,88,1,-1,-1,-1
226,80,660,489,78,104,1,-1,-1,-1
226,76,675,413,44,82,1,-1,-1,-1
226,75,948,372,39,79,1,-1,-1,-1
226,74,876,391,46,77,1,-1,-1,-1
226,71,1123,391,46,85,1,-1,-1,-1
226,68,940,338,35,72,1,-1,-1,-1
226,67,1548,369,35,91,1,-1,-1,-1
226,60,1307,438,36,105,1,-1,-1,-1
226,59,811,371,37,78,1,-1,-1,-1
226,46,743,390,51,92,1,-1,-1,-1
226,27,1778,660,99,161,1,-1,-1,-1
226,23,984,414,45,96,1,-1,-1,-1
226,14,980,388,44,70,1,-1,-1,-1
226,12,932,483,70,107,1,-1,-1,-1
226,9,1341,363,44,89,1,-1,-1,-1
227,83,1746,415,58,88,1,-1,-1,-1
227,80,659,488,75,104,1,-1,-1,-1
227,76,675,413,44,81,1,-1,-1,-1
227,75,947,371,35,80,1,-1,-1,-1
227,74,884,391,44,78,1,-1,-1,-1
227,71,1122,392,47,85,1,-1,-1,-1
227,68,945,338,32,73,1,-1,-1,-1
227,67,1547,369,35,91,1,-1,-1,-1
227,60,1307,438,36,105,1,-1,-1,-1
227,59,809,371,35,78,1,-1,-1,-1
227,46,739,391,52,91,1,-1,-1,-1
227,27,1771,659,94,162,1,-1,-1,-1
227,23,984,414,41,96,1,-1,-1,-1
227,14,983,389,45,72,1,-1,-1,-1
227,12,927,481,65,108,1,-1,-1,-1
227,9,1334,363,48,86,1,-1,-1,-1
228,83,1744,415,58,88,1,-1,-1,-1
228,80,658,487,72,104,1,-1,-1,-1
228,76,675,413,44,81,1,-1,-1,-1
228,75,947,370,31,81,1,-1,-1,-1
228,74,893,391,42,79,1,-1,-1,-1
228,71,1120,392,49,84,1,-1,-1,-1
228,68,951,338,28,74,1,-1,-1,-1
228,67,1546,369,35,91,1,-1,-1,-1
228,60,1306,438,36,105,1,-1,-1,-1
228,59,807,371,34,78,1,-1,-1,-1
228,46,735,391,53,90,1,-1,-1,-1
228,27,1765,658,89,163,1,-1,-1,-1
228,23,983,415,37,96,1,-1,-1,-1
228,14,986,389,46,74,1,-1,-1,-1
228,12,922,479,60,109,1,-1,-1,-1
228,9,1328,363,53,83,1,-1,-1,-1
229,83,1740,415,57,88,1,-1,-1,-1
229,80,658,485,68,104,1,-1,-1,-1
229,76,675,413,44,81,1,-1,-1,-1
229,75,945,371,31,80,1,-1,-1,-1
229,74,899,390,42,80,1,-1,-1,-1
229,71,1117,391,51,84,1,-1,-1,-1
229,68,952,337,28,74,1,-1,-1,-1
229,67,1544,369,35,91,1,-1,-1,-1
229,60,1306,438,36,105,1,-1,-1,-1
229,59,805,372,32,78,1,-1,-1,-1
229,46,731,391,54,89,1,-1,-1,-1
229,27,1752,659,96,163,1,-1,-1,-1
229,23,972,415,43,96,1,-1,-1,-1
229,14,989,389,47,76,1,-1,-1,-1
229,12,915,478,60,110,1,-1,-1,-1
229,9,1321,362,48,84,1,-1,-1,-1
230,83,1735,415,57,88,1,-1,-1,-1
230,80,657,484,65,104,1,-1,-1,-1
230,76,675,413,44,80,1,-1,-1,-1
230,75,943,372,31,80,1,-1,-1,-1
230,74,906,389,42,81,1,-1,-1,-1
230,71,1114,390,52,83,1,-1,-1,-1
230,68,952,337,29,75,1,-1,-1,-1
230,67,1542,369,35,91,1,-1,-1,-1
230,60,1305,438,36,105,1,-1,-1,-1
230,59,804,372,31,78,1,-1,-1,-1
230,46,726,392,55,87,1,-1,-1,-1
230,27,1738,660,102,162,1,-1,-1,-1
230,23,960,415,50,96,1,-1,-1,-1
230,14,995,388,49,79,1,-1,-1,-1
230,12,899,475,60,113,1,-1,-1,-1
230,9,1315,361,43,85,1,-1,-1,-1
231,83,1730,415,56,88,1,-1,-1,-1
231,80,656,482,62,104,1,-1,-1,-1
231,76,675,413,44,80,1,-1,-1,-1
231,75,942,373,31,79,1,-1,-1,-1
231,74,913,388,42,82,1,-1,-1,-1
231,71,1109,388,56,82,1,-1,-1,-1
231,68,954,337,30,76,1,-1,-1,-1
231,67,1541,368,35,91,1,-1,-1,-1
231,60,1305,438,36,105,1,-1,-1,-1
231,59,800,373,28,78,1,-1,-1,-1
231,46,718,392,57,85,1,-1,-1,-1
231,27,1725,660,109,161,1,-1,-1,-1
231,23,948,415,56,96,1,-1,-1,-1
231,14,995,388,49,79,1,-1,-1,-1
231,12,899,475,60,113,1,-1,-1,-1
231,9,1308,360,38,86,1,-1,-1,-1
232,83,1725,415,55,88,1,-1,-1,-1
232,80,655,480,57,104,1,-1,-1,-1
232,76,675,413,44,80,1,-1,-1,-1
232,75,939,375,31,78,1,-1,-1,-1
232,74,921,387,42,84,1,-1,-1,-1
232,71,1108,388,55,82,1,-1,-1,-1
232,68,954,337,30,76,1,-1,-1,-1
232,67,1539,368,35,91,1,-1,-1,-1
232,60,1304,439,36,105,1,-1,-1,-1
232,59,800,373,29,78,1,-1,-1,-1
232,46,718,392,56,85,1,-1,-1,-1
232,27,1709,662,118,160,1,-1,-1,-1
232,23,935,416,63,96,1,-1,-1,-1
232,14,997,388,48,80,1,-1,-1,-1
232,12,891,474,57,111,1,-1,-1,-1
232,9,1300,360,32,87,1,-1,-1,-1
233,83,1723,415,55,88,1,-1,-1,-1
233,80,654,480,55,104,1,-1,-1,-1
233,76,675,412,43,79,1,-1,-1,-1
233,75,934,376,32,78,1,-1,-1,-1
233,74,925,387,44,84,1,-1,-1,-1
233,71,1106,387,55,82,1,-1,-1,-1
233,68,954,337,31,75,1,-1,-1,-1
233,67,1536,369,36,91,1,-1,-1,-1
233,60,1304,439,36,105,1,-1,-1,-1
233,59,797,373,30,79,1,-1,-1,-1
233,46,714,391,51,86,1,-1,-1,-1
233,27,1700,664,127,157,1,-1,-1,-1
233,23,930,420,63,92,1,-1,-1,-1
233,14,1000,388,47,80,1,-1,-1,-1
233,12,882,472,54,110,1,-1,-1,-1
233,9,1295,359,34,87,1,-1,-1,-1
234,83,1721,415,54,88,1,-1,-1,-1
234,80,652,479,51,104,1,-1,-1,-1
234,76,675,411,43,79,1,-1,-1,-1
234,75,927,377,34,77,1,-1,-1,-1
234,74,929,387,46,85,1,-1,-1,-1
234,71,1104,386,54,82,1,-1,-1,-1
234,68,953,336,33,75,1,-1,-1,-1
234,67,1534,369,37,91,1,-1,-1,-1
234,60,1303,439,36,105,1,-1,-1,-1
234,59,793,372,32,80,1,-1,-1,-1
234,46,710,390,47,87,1,-1,-1,-1
234,27,1688,667,140,154,1,-1,-1,-1
234,23,926,424,62,87,1,-1,-1,-1
234,14,1003,389,46,80,1,-1,-1,-1
234,12,874,471,51,108,1,-1,-1,-1
234,9,1289,359,36,87,1,-1,-1,-1
235,85,1901,445,18,61,1,-1,-1,-1
235,83,1718,415,54,88,1,-1,-1,-1
235,80,649,478,46,104,1,-1,-1,-1
235,76,675,408,42,78,1,-1,-1,-1
235,75,918,379,36,77,1,-1,-1,-1
235,74,935,387,48,86,1,-1,-1,-1
235,71,1102,385,53,82,1,-1,-1,-1
235,68,953,336,34,75,1,-1,-1,-1
235,67,1531,369,37,91,1,-1,-1,-1
235,60,1303,439,36,105,1,-1,-1,-1
235,59,790,372,34,81,1,-1,-1,-1
235,46,705,388,41,88,1,-1,-1,-1
235,27,1674,672,157,149,1,-1,-1,-1
235,23,920,430,62,82,1,-1,-1,-1
235,14,1005,389,45,80,1,-1,-1,-1
235,12,863,469,47,107,1,-1,-1,-1
235,9,1284,359,39,87,1,-1,-1,-1
236,85,1898,446,21,68,1,-1,-1,-1
236,83,1714,415,53,88,1,-1,-1,-1
236,80,645,476,49,105,1,-1,-1,-1
236,76,674,409,42,79,1,-1,-1,-1
236,75,918,378,35,78,1,-1,-1,-1
236,74,938,387,50,87,1,-1,-1,-1
236,71,1100,383,52,82,1,-1,-1,-1
236,68,952,336,35,74,1,-1,-1,-1
236,67,1528,369,38,91,1,-1,-1,-1
236,60,1302,439,36,105,1,-1,-1,-1
236,59,787,372,35,82,1,-1,-1,-1
236,46,701,387,42,89,1,-1,-1,-1
236,27,1669,671,156,148,1,-1,-1,-1
236,23,920,431,61,81,1,-1,-1,-1
236,14,1008,389,44,80,1,-1,-1,-1
236,12,856,468,53,105,1,-1,-1,-1
236,9,1278,358,42,87,1,-1,-1,-1
237,85,1898,446,21,87,1,-1,-1,-1
237,83,1707,415,53,88,1,-1,-1,-1
237,80,639,473,53,108,1,-1,-1,-1
237,76,674,410,43,79,1,-1,-1,-1
237,75,917,376,35,79,1,-1,-1,-1
237,74,942,387,52,88,1,-1,-1,-1
237,71,1098,382,52,82,1,-1,-1,-1
237,68,952,336,37,74,1,-1,-1,-1
237,67,1525,370,38,91,1,-1,-1,-1
237,60,1301,439,36,105,1,-1,-1,-1
237,59,784,372,37,83,1,-1,-1,-1
237,46,696,386,44,90,1,-1,-1,-1
237,27,1662,670,154,147,1,-1,-1,-1
237,23,920,432,60,80,1,-1,-1,-1
237,14,1011,390,43,80,1,-1,-1,-1
237,12,846,467,61,104,1,-1,-1,-1
237,9,1272,358,44,87,1,-1,-1,-1
238,85,1890,449,29,87,1,-1,-1,-1
238,83,1698,416,52,88,1,-1,-1,-1
238,80,629,469,59,111,1,-1,-1,-1
238,76,672,411,44,80,1,-1,-1,-1
238,75,916,374,34,82,1,-1,-1,-1
238,74,948,387,55,89,1,-1,-1,-1
238,71,1095,380,51,82,1,-1,-1,-1
238,68,951,336,39,73,1,-1,-1,-1
238,67,1521,370,39,91,1,-1,-1,-1
238,60,1301,440,36,105,1,-1,-1,-1
238,59,778,371,40,85,1,-1,-1,-1
238,46,688,383,47,91,1,-1,-1,-1
238,27,1648,668,150,146,1,-1,-1,-1
238,23,920,434,58,79,1,-1,-1,-1
238,14,1015,390,41,81,1,-1,-1,-1
238,12,831,465,72,102,1,-1,-1,-1
238,9,1262,357,49,87,1,-1,-1,-1
239,85,1887,450,31,87,1,-1,-1,-1
239,83,1695,416,52,88,1,-1,-1,-1
239,80,628,468,58,111,1,-1,-1,-1
239,76,672,411,45,80,1,-1,-1,-1
239,75,915,373,34,82,1,-1,-1,-1
239,74,951,388,55,89,1,-1,-1,-1
239,71,1094,380,50,83,1,-1,-1,-1
239,68,951,336,39,73,1,-1,-1,-1
239,67,1520,370,39,91,1,-1,-1,-1
239,60,1301,440,36,106,1,-1,-1,-1
239,59,778,371,39,85,1,-1,-1,-1
239,46,686,383,45,91,1,-1,-1,-1
239,27,1647,668,150,146,1,-1,-1,-1
239,23,920,434,57,79,1,-1,-1,-1
239,14,1015,390,43,81,1,-1,-1,-1
239,12,825,464,71,102,1,-1,-1,-1
239,9,1260,357,49,87,1,-1,-1,-1
240,85,1880,451,37,87,1,-1,-1,-1
240,83,1689,416,52,88,1,-1,-1,-1
240,80,628,466,57,112,1,-1,-1,-1
240,76,670,411,47,80,1,-1,-1,-1
240,75,913,372,33,83,1,-1,-1,-1
240,74,956,388,57,88,1,-1,-1,-1
240,71,1090,379,49,83,1,-1,-1,-1
240,68,951,336,40,73,1,-1,-1,-1
240,67,1518,370,39,91,1,-1,-1,-1
240,60,1301,439,36,106,1,-1,-1,-1
240,59,777,372,38,85,1,-1,-1,-1
240,46,681,382,42,91,1,-1,-1,-1
240,27,1633,668,149,146,1,-1,-1,-1
240,23,920,432,54,82,1,-1,-1,-1
240,14,1017,391,45,82,1,-1,-1,-1
240,12,815,462,70,103,1,-1,-1,-1
240,9,1253,356,49,87,1,-1,-1,-1
241,85,1873,452,43,87,1,-1,-1,-1
241,83,1683,415,52,88,1,-1,-1,-1
241,80,627,463,55,112,1,-1,-1,-1
241,76,668,411,49,81,1,-1,-1,-1
241,75,911,371,33,83,1,-1,-1,-1
241,74,960,388,58,87,1,-1,-1,-1
241,71,1086,378,48,84,1,-1,-1,-1
241,68,951,336,41,72,1,-1,-1,-1
241,67,1516,370,38,91,1,-1,-1,-1
241,60,1302,439,36,106,1,-1,-1,-1
241,59,775,372,37,85,1,-1,-1,-1
241,46,676,382,39,91,1,-1,-1,-1
241,27,1618,669,148,146,1,-1,-1,-1
241,23,920,430,50,84,1,-1,-1,-1
241,14,1019,392,47,83,1,-1,-1,-1
241,12,804,460,69,103,1,-1,-1,-1
241,9,1247,355,50,87,1,-1,-1,-1
242,85,1867,453,48,87,1,-1,-1,-1
242,83,1677,415,51,88,1,-1,-1,-1
242,80,627,461,53,112,1,-1,-1,-1
242,76,666,411,51,81,1,-1,-1,-1
242,75,909,370,32,84,1,-1,-1,-1
242,74,965,388,60,86,1,-1,-1,-1
242,71,1082,377,47,85,1,-1,-1,-1
242,68,951,337,42,72,1,-1,-1,-1
242,67,1513,369,38,91,1,-1,-1,-1
242,60,1302,439,36,106,1,-1,-1,-1
242,59,774,373,36,85,1,-1,-1,-1
242,46,671,381,36,91,1,-1,-1,-1
242,27,1604,669,146,147,1,-1,-1,-1
242,23,920,428,47,86,1,-1,-1,-1
242,14,1020,392,50,84,1,-1,-1,-1
242,12,794,459,67,103,1,-1,-1,-1
242,9,1240,354,50,87,1,-1,-1,-1
243,85,1860,454,54,87,1,-1,-1,-1
243,83,1671,415,51,88,1,-1,-1,-1
243,80,626,459,51,113,1,-1,-1,-1
243,76,664,411,53,82,1,-1,-1,-1
243,75,907,369,31,84,1,-1,-1,-1
243,74,970,389,61,85,1,-1,-1,-1
243,71,1078,376,46,85,1,-1,-1,-1
243,68,951,337,43,72,1,-1,-1,-1
243,67,1511,369,37,91,1,-1,-1,-1
243,60,1302,439,36,106,1,-1,-1,-1
243,59,773,373,34,85,1,-1,-1,-1
243,46,666,380,33,91,1,-1,-1,-1
243,27,1589,669,145,147,1,-1,-1,-1
243,23,920,426,43,89,1,-1,-1,-1
243,14,1022,393,52,85,1,-1,-1,-1
243,12,783,457,66,103,1,-1,-1,-1
243,9,1234,353,50,87,1,-1,-1,-1
244,85,1848,455,64,87,1,-1,-1,-1
244,83,1660,415,51,88,1,-1,-1,-1
244,80,625,455,48,113,1,-1,-1,-1
244,76,660,411,57,83,1,-1,-1,-1
244,75,904,367,31,85,1,-1,-1,-1
244,74,978,389,63,84,1,-1,-1,-1
244,71,1071,374,44,87,1,-1,-1,-1
244,68,951,337,43,71,1,-1,-1,-1
244,67,1508,369,37,91,1,-1,-1,-1
244,60,1303,439,36,107,1,-1,-1,-1
244,59,771,373,33,85,1,-1,-1,-1
244,46,658,379,28,91,1,-1,-1,-1
244,27,1565,670,143,148,1,-1,-1,-1
244,23,920,423,38,92,1,-1,-1,-1
244,14,1024,394,55,86,1,-1,-1,-1
244,12,768,454,64,104,1,-1,-1,-1
244,9,1227,353,51,87,1,-1,-1,-1
245,85,1846,455,63,88,1,-1,-1,-1
245,83,1659,415,47,88,1,-1,-1,-1
245,80,625,455,48,113,1,-1,-1,-1
245,76,660,411,57,83,1,-1,-1,-1
245,75,903,368,31,85,1,-1,-1,-1
245,74,984,390,64,84,1,-1,-1,-1
245,71,1070,374,42,84,1,-1,-1,-1
245,68,952,337,44,71,1,-1,-1,-1
245,67,1507,369,37,91,1,-1,-1,-1
245,60,1304,439,36,107,1,-1,-1,-1
245,59,770,374,32,85,1,-1,-1,-1
245,46,655,379,29,91,1,-1,-1,-1
245,27,1558,670,134,148,1,-1,-1,-1
245,23,920,423,38,92,1,-1,-1,-1
245,14,1028,396,51,79,1,-1,-1,-1
245,12,762,453,60,104,1,-1,-1,-1
245,9,1221,352,51,87,1,-1,-1,-1
246,85,1840,454,63,90,1,-1,-1,-1
246,83,1651,415,31,88,1,-1,-1,-1
246,80,619,454,51,112,1,-1,-1,-1
246,76,660,410,55,84,1,-1,-1,-1
246,75,900,368,31,85,1,-1,-1,-1
246,74,1002,394,68,85,1,-1,-1,-1
246,71,1067,373,38,78,1,-1,-1,-1
246,68,955,337,43,71,1,-1,-1,-1
246,67,1505,369,37,91,1,-1,-1,-1
246,60,1306,439,36,107,1,-1,-1,-1
246,59,768,374,32,86,1,-1,-1,-1
246,46,647,380,33,91,1,-1,-1,-1
246,27,1535,672,105,148,1,-1,-1,-1
246,23,919,424,39,92,1,-1,-1,-1
246,14,1037,401,42,64,1,-1,-1,-1
246,12,750,451,51,104,1,-1,-1,-1
246,9,1218,352,49,86,1,-1,-1,-1
247,85,1834,453,63,92,1,-1,-1,-1
247,83,1644,416,36,89,1,-1,-1,-1
247,80,614,453,53,111,1,-1,-1,-1
247,76,660,409,52,85,1,-1,-1,-1
247,75,897,369,32,85,1,-1,-1,-1
247,74,1003,395,70,86,1,-1,-1,-1
247,71,1063,372,34,71,1,-1,-1,-1
247,68,959,336,41,72,1,-1,-1,-1
247,67,1504,369,37,91,1,-1,-1,-1
247,60,1308,439,36,107,1,-1,-1,-1
247,59,766,375,32,87,1,-1,-1,-1
247,46,639,381,36,90,1,-1,-1,-1
247,27,1522,670,104,148,1,-1,-1,-1
247,23,919,424,40,92,1,-1,-1,-1
247,14,1042,400,40,68,1,-1,-1,-1
247,12,740,450,54,104,1,-1,-1,-1
247,9,1215,353,47,86,1,-1,-1,-1
248,85,1828,453,63,93,1,-1,-1,-1
248,83,1636,416,40,89,1,-1,-1,-1
248,80,608,452,56,109,1,-1,-1,-1
248,76,660,409,50,86,1,-1,-1,-1
248,75,894,369,32,85,1,-1,-1,-1
248,74,1005,396,73,87,1,-1,-1,-1
248,71,1059,372,30,65,1,-1,-1,-1
248,68,963,335,40,73,1,-1,-1,-1
248,67,1502,369,37,91,1,-1,-1,-1
248,60,1310,438,36,107,1,-1,-1,-1
248,59,765,375,32,88,1,-1,-1,-1
248,46,631,381,39,90,1,-1,-1,-1
248,27,1508,669,103,147,1,-1,-1,-1
248,23,918,424,40,92,1,-1,-1,-1
248,14,1048,399,37,72,1,-1,-1,-1
248,12,728,448,56,104,1,-1,-1,-1
248,9,1212,354,45,85,1,-1,-1,-1
249,85,1822,452,62,95,1,-1,-1,-1
249,83,1629,417,45,89,1,-1,-1,-1
249,80,602,451,58,108,1,-1,-1,-1
249,76,659,408,47,87,1,-1,-1,-1
249,75,891,370,33,85,1,-1,-1,-1
249,74,1006,397,76,88,1,-1,-1,-1
249,71,1056,371,26,58,1,-1,-1,-1
249,68,967,335,38,73,1,-1,-1,-1
249,67,1500,369,37,91,1,-1,-1,-1
249,60,1312,438,36,107,1,-1,-1,-1
249,59,763,376,32,89,1,-1,-1,-1
249,46,623,382,43,89,1,-1,-1,-1
249,27,1494,667,102,147,1,-1,-1,-1
249,23,917,425,41,91,1,-1,-1,-1
249,14,1053,397,35,76,1,-1,-1,-1
249,12,717,446,59,104,1,-1,-1,-1
249,9,1209,355,43,84,1,-1,-1,-1
250,86,1875,494,44,111,1,-1,-1,-1
250,85,1816,451,62,97,1,-1,-1,-1
250,83,1617,417,52,89,1,-1,-1,-1
250,80,597,450,61,107,1,-1,-1,-1
250,76,659,407,45,88,1,-1,-1,-1
250,75,886,370,34,85,1,-1,-1,-1
250,74,1009,398,82,90,1,-1,-1,-1
250,71,1052,370,22,52,1,-1,-1,-1
250,68,974,333,35,75,1,-1,-1,-1
250,67,1497,369,37,91,1,-1,-1,-1
250,60,1316,438,36,107,1,-1,-1,-1
250,59,760,377,32,91,1,-1,-1,-1
250,46,615,383,46,89,1,-1,-1,-1
250,27,1480,665,102,147,1,-1,-1,-1
250,23,916,425,42,91,1,-1,-1,-1
250,14,1059,396,32,80,1,-1,-1,-1
250,12,706,444,61,104,1,-1,-1,-1
250,9,1206,355,41,83,1,-1,-1,-1
251,86,1875,494,44,111,1,-1,-1,-1
251,85,1809,450,62,100,1,-1,-1,-1
251,83,1615,417,51,89,1,-1,-1,-1
251,80,589,449,64,105,1,-1,-1,-1
251,76,659,406,42,89,1,-1,-1,-1
251,75,886,370,34,85,1,-1,-1,-1
251,74,1010,398,81,90,1,-1,-1,-1
251,71,1048,370,18,45,1,-1,-1,-1
251,68,974,333,35,75,1,-1,-1,-1
251,67,1496,369,37,91,1,-1,-1,-1
251,60,1317,438,36,107,1,-1,-1,-1
251,59,760,377,33,91,1,-1,-1,-1
251,46,607,383,49,89,1,-1,-1,-1
251,27,1464,663,101,147,1,-1,-1,-1
251,23,916,425,42,91,1,-1,-1,-1
251,14,1065,395,29,85,1,-1,-1,-1
251,12,692,441,64,104,1,-1,-1,-1
251,9,1201,357,37,82,1,-1,-1,-1
252,86,1863,492,56,112,1,-1,-1,-1
252,85,1803,451,60,100,1,-1,-1,-1
252,83,1609,417,49,89,1,-1,-1,-1
252,80,588,449,64,104,1,-1,-1,-1
252,76,658,407,42,89,1,-1,-1,-1
252,75,884,369,33,86,1,-1,-1,-1
252,74,1026,397,63,89,1,-1,-1,-1
252,71,1041,369,21,60,1,-1,-1,-1
252,68,977,334,34,74,1,-1,-1,-1
252,67,1494,369,37,91,1,-1,-1,-1
252,60,1318,438,37,107,1,-1,-1,-1
252,59,759,377,34,91,1,-1,-1,-1
252,46,606,383,49,87,1,-1,-1,-1
252,27,1444,663,99,147,1,-1,-1,-1
252,23,915,423,40,94,1,-1,-1,-1
252,14,1065,394,34,87,1,-1,-1,-1
252,12,689,442,58,105,1,-1,-1,-1
252,9,1201,356,37,82,1,-1,-1,-1
253,86,1847,489,72,112,1,-1,-1,-1
253,85,1795,451,59,100,1,-1,-1,-1
253,83,1603,417,47,90,1,-1,-1,-1
253,80,586,449,64,102,1,-1,-1,-1
253,76,657,408,42,89,1,-1,-1,-1
253,75,883,369,32,87,1,-1,-1,-1
253,74,1049,396,38,87,1,-1,-1,-1
253,71,1032,368,25,82,1,-1,-1,-1
253,68,982,334,34,74,1,-1,-1,-1
253,67,1493,369,37,91,1,-1,-1,-1
253,60,1319,439,37,107,1,-1,-1,-1
253,59,757,376,36,93,1,-1,-1,-1
253,46,605,383,49,86,1,-1,-1,-1
253,27,1410,663,97,148,1,-1,-1,-1
253,23,913,420,36,98,1,-1,-1,-1
253,14,1064,392,43,90,1,-1,-1,-1
253,12,684,442,48,106,1,-1,-1,-1
253,9,1201,355,36,82,1,-1,-1,-1
254,86,1840,490,69,112,1,-1,-1,-1
254,85,1787,452,57,100,1,-1,-1,-1
254,83,1598,417,45,90,1,-1,-1,-1
254,80,585,450,64,100,1,-1,-1,-1
254,76,656,409,42,90,1,-1,-1,-1
254,75,882,368,31,87,1,-1,-1,-1
254,74,1050,396,38,89,1,-1,-1,-1
254,71,1028,368,27,82,1,-1,-1,-1
254,68,982,334,35,74,1,-1,-1,-1
254,67,1491,369,37,91,1,-1,-1,-1
254,60,1320,439,37,107,1,-1,-1,-1
254,59,756,376,37,93,1,-1,-1,-1
254,46,604,383,49,85,1,-1,-1,-1
254,27,1395,662,101,149,1,-1,-1,-1
254,23,913,421,35,98,1,-1,-1,-1
254,14,1064,393,43,91,1,-1,-1,-1
254,12,678,440,46,107,1,-1,-1,-1
254,9,1201,354,36,83,1,-1,-1,-1
255,86,1830,491,64,112,1,-1,-1,-1
255,85,1779,453,56,100,1,-1,-1,-1
255,83,1592,417,43,91,1,-1,-1,-1
255,80,583,450,64,97,1,-1,-1,-1
255,76,655,410,42,90,1,-1,-1,-1
255,75,880,367,30,88,1,-1,-1,-1
255,74,1051,395,37,91,1,-1,-1,-1
255,71,1023,369,30,81,1,-1,-1,-1
255,68,982,334,39,73,1,-1,-1,-1
255,67,1489,369,37,91,1,-1,-1,-1
255,60,1321,439,38,107,1,-1,-1,-1
255,59,754,377,39,94,1,-1,-1,-1
255,46,603,383,49,84,1,-1,-1,-1
255,27,1368,662,109,149,1,-1,-1,-1
255,23,912,422,32,98,1,-1,-1,-1
255,14,1065,395,43,91,1,-1,-1,-1
255,12,669,438,44,108,1,-1,-1,-1
255,9,1201,353,35,83,1,-1,-1,-1
256,86,1819,492,59,111,1,-1,-1,-1
256,85,1771,454,54,100,1,-1,-1,-1
256,83,1586,417,41,91,1,-1,-1,-1
256,80,581,450,64,95,1,-1,-1,-1
256,76,654,411,42,90,1,-1,-1,-1
256,75,879,366,29,89,1,-1,-1,-1
256,74,1053,394,36,93,1,-1,-1,-1
256,71,1017,370,33,80,1,-1,-1,-1
256,68,982,334,42,73,1,-1,-1,-1
256,67,1488,368,37,91,1,-1,-1,-1
256,60,1322,440,38,108,1,-1,-1,-1
256,59,752,378,40,94,1,-1,-1,-1
256,46,601,383,49,83,1,-1,-1,-1
256,27,1342,661,116,150,1,-1,-1,-1
256,23,911,423,30,98,1,-1,-1,-1
256,14,1066,396,43,91,1,-1,-1,-1
256,12,660,435,42,108,1,-1,-1,-1
256,9,1201,352,34,83,1,-1,-1,-1
257,86,1806,493,52,111,1,-1,-1,-1
257,85,1761,455,53,100,1,-1,-1,-1
257,83,1579,417,39,92,1,-1,-1,-1
257,80,579,451,64,93,1,-1,-1,-1
257,76,652,413,43,90,1,-1,-1,-1
257,75,877,365,28,90,1,-1,-1,-1
257,74,1054,393,35,96,1,-1,-1,-1
257,71,1010,371,37,79,1,-1,-1,-1
257,68,982,334,46,72,1,-1,-1,-1
257,67,1486,368,37,91,1,-1,-1,-1
257,60,1323,440,38,108,1,-1,-1,-1
257,59,750,379,42,95,1,-1,-1,-1
257,46,600,383,49,81,1,-1,-1,-1
257,27,1312,660,125,150,1,-1,-1,-1
257,23,909,425,27,97,1,-1,-1,-1
257,14,1067,398,43,91,1,-1,-1,-1
257,12,648,431,40,109,1,-1,-1,-1
257,9,1201,350,34,84,1,-1,-1,-1
258,86,1796,493,55,111,1,-1,-1,-1
258,85,1755,454,51,101,1,-1,-1,-1
258,83,1575,417,38,92,1,-1,-1,-1
258,80,576,450,65,92,1,-1,-1,-1
258,76,651,413,43,90,1,-1,-1,-1
258,75,877,366,28,89,1,-1,-1,-1
258,74,1056,393,35,97,1,-1,-1,-1
258,71,1005,371,39,79,1,-1,-1,-1
258,68,986,333,43,73,1,-1,-1,-1
258,67,1485,369,37,91,1,-1,-1,-1
258,60,1322,442,39,106,1,-1,-1,-1
258,59,750,380,41,95,1,-1,-1,-1
258,46,598,383,48,81,1,-1,-1,-1
258,27,1297,660,122,149,1,-1,-1,-1
258,23,909,425,29,98,1,-1,-1,-1
258,14,1070,397,42,91,1,-1,-1,-1
258,12,643,431,39,109,1,-1,-1,-1
258,9,1200,351,34,83,1,-1,-1,-1
259,87,1897,399,22,93,1,-1,-1,-1
259,86,1784,493,58,111,1,-1,-1,-1
259,85,1748,454,50,103,1,-1,-1,-1
259,83,1570,418,37,92,1,-1,-1,-1
259,80,573,449,66,92,1,-1,-1,-1
259,76,650,413,43,91,1,-1,-1,-1
259,75,875,368,29,88,1,-1,-1,-1
259,74,1058,393,34,98,1,-1,-1,-1
259,71,998,371,41,78,1,-1,-1,-1
259,68,991,332,40,75,1,-1,-1,-1
259,67,1484,369,36,91,1,-1,-1,-1
259,60,1321,444,40,104,1,-1,-1,-1
259,59,750,380,40,95,1,-1,-1,-1
259,46,596,384,46,80,1,-1,-1,-1
259,27,1279,661,119,146,1,-1,-1,-1
259,23,908,425,31,99,1,-1,-1,-1
259,14,1074,397,40,92,1,-1,-1,-1
259,12,636,431,38,107,1,-1,-1,-1
259,9,1200,351,34,82,1,-1,-1,-1
260,87,1895,396,24,97,1,-1,-1,-1
260,86,1772,493,62,111,1,-1,-1,-1
260,85,1741,453,49,104,1,-1,-1,-1
260,83,1564,418,36,92,1,-1,-1,-1
260,80,569,449,68,92,1,-1,-1,-1
260,76,648,413,43,92,1,-1,-1,-1
260,75,874,369,30,87,1,-1,-1,-1
260,74,1060,392,34,99,1,-1,-1,-1
260,71,991,371,44,78,1,-1,-1,-1
260,68,997,332,37,76,1,-1,-1,-1
260,67,1483,370,36,91,1,-1,-1,-1
260,60,1321,446,41,103,1,-1,-1,-1
260,59,750,380,39,95,1,-1,-1,-1
260,46,593,385,44,80,1,-1,-1,-1
260,27,1262,661,115,144,1,-1,-1,-1
260,23,907,425,33,100,1,-1,-1,-1
260,14,1078,397,39,92,1,-1,-1,-1
260,12,629,431,38,106,1,-1,-1,-1
260,9,1200,351,34,82,1,-1,-1,-1
261,87,1893,392,26,102,1,-1,-1,-1
261,86,1760,493,65,111,1,-1,-1,-1
261,85,1734,453,47,106,1,-1,-1,-1
261,83,1559,419,34,91,1,-1,-1,-1
261,80,565,448,69,92,1,-1,-1,-1
261,76,647,414,43,92,1,-1,-1,-1
261,75,873,371,30,86,1,-1,-1,-1
261,74,1063,392,34,99,1,-1,-1,-1
261,71,984,371,46,77,1,-1,-1,-1
261,68,1002,331,34,77,1,-1,-1,-1
261,67,1481,370,36,91,1,-1,-1,-1
261,60,1320,447,42,101,1,-1,-1,-1
261,59,750,381,38,95,1,-1,-1,-1
261,46,591,386,42,79,1,-1,-1,-1
261,27,1244,661,112,142,1,-1,-1,-1
261,23,906,425,35,101,1,-1,-1,-1
261,14,1083,396,37,92,1,-1,-1,-1
261,12,622,431,37,105,1,-1,-1,-1
261,9,1199,352,34,81,1,-1,-1,-1
262,87,1891,392,28,102,1,-1,-1,-1
262,86,1748,493,68,111,1,-1,-1,-1
262,85,1727,453,46,107,1,-1,-1,-1
262,83,1554,419,33,91,1,-1,-1,-1
262,80,562,447,71,92,1,-1,-1,-1
262,76,645,414,43,93,1,-1,-1,-1
262,75,872,373,31,85,1,-1,-1,-1
262,74,1065,392,33,100,1,-1,-1,-1
262,71,977,371,49,77,1,-1,-1,-1
262,68,1008,330,31,79,1,-1,-1,-1
262,67,1480,371,35,90,1,-1,-1,-1
262,60,1320,449,43,99,1,-1,-1,-1
262,59,750,381,37,95,1,-1,-1,-1
262,46,588,387,40,79,1,-1,-1,-1
262,27,1226,661,109,140,1,-1,-1,-1
262,23,905,425,36,102,1,-1,-1,-1
262,14,1087,396,36,92,1,-1,-1,-1
262,12,615,431,36,104,1,-1,-1,-1
262,9,1199,352,34,80,1,-1,-1,-1
263,87,1886,392,33,103,1,-1,-1,-1
263,86,1729,494,74,111,1,-1,-1,-1
263,85,1720,452,44,109,1,-1,-1,-1
263,83,1546,420,31,91,1,-1,-1,-1
263,80,558,446,72,91,1,-1,-1,-1
263,76,643,414,44,94,1,-1,-1,-1
263,75,871,375,31,83,1,-1,-1,-1
263,74,1068,392,33,101,1,-1,-1,-1
263,71,967,371,52,76,1,-1,-1,-1
263,68,1013,329,27,80,1,-1,-1,-1
263,67,1479,371,35,90,1,-1,-1,-1
263,60,1319,452,44,97,1,-1,-1,-1
263,59,750,381,35,95,1,-1,-1,-1
263,46,585,388,38,78,1,-1,-1,-1
263,27,1209,661,105,138,1,-1,-1,-1
263,23,903,425,39,103,1,-1,-1,-1
263,14,1093,395,34,92,1,-1,-1,-1
263,12,608,431,35,103,1,-1,-1,-1
263,9,1199,353,34,80,1,-1,-1,-1
264,87,1886,392,33,103,1,-1,-1,-1
264,86,1723,494,74,111,1,-1,-1,-1
264,85,1704,453,47,109,1,-1,-1,-1
264,83,1544,420,32,91,1,-1,-1,-1
264,80,547,445,73,91,1,-1,-1,-1
264,76,642,414,44,94,1,-1,-1,-1
264,75,871,375,31,83,1,-1,-1,-1
264,74,1069,393,34,101,1,-1,-1,-1
264,71,963,371,52,76,1,-1,-1,-1
264,68,1021,329,28,80,1,-1,-1,-1
264,67,1479,371,35,90,1,-1,-1,-1
264,60,1319,452,44,96,1,-1,-1,-1
264,59,750,382,36,95,1,-1,-1,-1
264,46,586,387,37,77,1,-1,-1,-1
264,27,1180,662,101,139,1,-1,-1,-1
264,23,903,426,39,103,1,-1,-1,-1
264,14,1095,397,35,91,1,-1,-1,-1
264,12,598,427,41,106,1,-1,-1,-1
264,9,1201,352,34,80,1,-1,-1,-1
265,87,1885,392,34,102,1,-1,-1,-1
265,86,1711,494,76,111,1,-1,-1,-1
265,85,1696,453,52,109,1,-1,-1,-1
265,83,1540,420,33,92,1,-1,-1,-1
265,80,543,444,72,91,1,-1,-1,-1
265,76,640,414,46,94,1,-1,-1,-1
265,75,873,376,31,83,1,-1,-1,-1
265,74,1072,395,37,100,1,-1,-1,-1
265,71,958,371,52,76,1,-1,-1,-1
265,68,1024,328,32,80,1,-1,-1,-1
265,67,1481,371,35,90,1,-1,-1,-1
265,60,1320,453,43,95,1,-1,-1,-1
265,59,751,383,37,94,1,-1,-1,-1
265,46,587,387,37,76,1,-1,-1,-1
265,27,1170,662,97,141,1,-1,-1,-1
265,23,903,427,39,102,1,-1,-1,-1
265,14,1097,398,37,89,1,-1,-1,-1
265,12,593,426,41,104,1,-1,-1,-1
265,9,1204,351,34,80,1,-1,-1,-1
266,87,1884,393,35,102,1,-1,-1,-1
266,86,1699,494,78,111,1,-1,-1,-1
266,85,1687,453,56,109,1,-1,-1,-1
266,83,1535,420,35,92,1,-1,-1,-1
266,80,540,443,71,91,1,-1,-1,-1
266,76,638,414,48,94,1,-1,-1,-1
266,75,874,376,32,82,1,-1,-1,-1
266,74,1074,396,39,99,1,-1,-1,-1
266,71,952,370,52,76,1,-1,-1,-1
266,68,1027,328,36,80,1,-1,-1,-1
266,67,1482,371,35,90,1,-1,-1,-1
266,60,1321,453,43,94,1,-1,-1,-1
266,59,752,385,39,93,1,-1,-1,-1
266,46,588,387,36,74,1,-1,-1,-1
266,27,1161,663,92,143,1,-1,-1,-1
266,23,903,427,39,102,1,-1,-1,-1
266,14,1100,400,38,88,1,-1,-1,-1
266,12,589,426,42,102,1,-1,-1,-1
266,9,1206,351,34,80,1,-1,-1,-1
267,87,1884,393,35,101,1,-1,-1,-1
267,86,1687,494,79,111,1,-1,-1,-1
267,85,1679,453,60,109,1,-1,-1,-1
267,83,1531,420,36,92,1,-1,-1,-1
267,80,536,442,70,90,1,-1,-1,-1
267,76,636,414,49,94,1,-1,-1,-1
267,75,875,377,32,82,1,-1,-1,-1
267,74,1076,398,42,99,1,-1,-1,-1
267,71,946,370,52,76,1,-1,-1,-1
267,68,1030,328,40,80,1,-1,-1,-1
267,67,1484,371,35,90,1,-1,-1,-1
267,60,1322,454,42,93,1,-1,-1,-1
267,59,753,386,40,93,1,-1,-1,-1
267,46,589,386,36,73,1,-1,-1,-1
267,27,1151,663,88,145,1,-1,-1,-1
267,23,903,428,39,101,1,-1,-1,-1
267,14,1103,401,40,86,1,-1,-1,-1
267,12,584,426,43,100,1,-1,-1,-1
267,9,1209,350,34,80,1,-1,-1,-1
268,87,1883,394,36,100,1,-1,-1,-1
268,86,1675,494,81,111,1,-1,-1,-1
268,85,1670,452,64,109,1,-1,-1,-1
268,83,1527,421,37,93,1,-1,-1,-1
268,80,532,441,70,90,1,-1,-1,-1
268,76,634,414,51,94,1,-1,-1,-1
268,75,877,377,32,81,1,-1,-1,-1
268,74,1079,399,44,98,1,-1,-1,-1
268,71,940,369,52,76,1,-1,-1,-1
268,68,1032,327,44,80,1,-1,-1,-1
268,67,1485,370,35,90,1,-1,-1,-1
268,60,1324,455,42,92,1,-1,-1,-1
268,59,754,387,41,92,1,-1,-1,-1
268,46,590,386,35,72,1,-1,-1,-1
268,27,1141,663,83,147,1,-1,-1,-1
268,23,903,429,39,101,1,-1,-1,-1
268,14,1106,403,41,84,1,-1,-1,-1
268,12,579,426,44,98,1,-1,-1,-1
268,9,1212,350,34,80,1,-1,-1,-1
269,87,1882,394,37,100,1,-1,-1,-1
269,86,1651,494,84,111,1,-1,-1,-1
269,85,1656,452,71,109,1,-1,-1,-1
269,83,1523,421,39,93,1,-1,-1,-1
269,80,526,439,68,90,1,-1,-1,-1
269,76,631,414,54,94,1,-1,-1,-1
269,75,879,378,32,80,1,-1,-1,-1
269,74,1082,401,48,97,1,-1,-1,-1
269,71,932,369,52,76,1,-1,-1,-1
269,68,1037,327,51,80,1,-1,-1,-1
269,67,1487,370,35,90,1,-1,-1,-1
269,60,1325,456,41,90,1,-1,-1,-1
269,59,755,390,43,91,1,-1,-1,-1
269,46,592,385,34,70,1,-1,-1,-1
269,27,1125,663,76,151,1,-1,-1,-1
269,23,903,430,39,100,1,-1,-1,-1
269,14,1110,405,44,81,1,-1,-1,-1
269,12,571,425,45,94,1,-1,-1,-1
269,9,1217,349,34,80,1,-1,-1,-1
270,87,1883,394,36,100,1,-1,-1,-1
270,86,1651,494,83,111,1,-1,-1,-1
270,85,1656,453,69,107,1,-1,-1,-1
270,83,1518,421,40,93,1,-1,-1,-1
270,80,526,439,65,89,1,-1,-1,-1
270,76,632,414,52,94,1,-1,-1,-1
270,75,882,377,32,79,1,-1,-1,-1
270,74,1084,402,48,96,1,-1,-1,-1
270,71,932,369,50,75,1,-1,-1,-1
270,68,1040,326,50,80,1,-1,-1,-1
270,67,1489,370,35,90,1,-1,-1,-1
270,60,1326,456,41,91,1,-1,-1,-1
270,59,756,390,43,91,1,-1,-1,-1
270,46,594,385,34,72,1,-1,-1,-1
270,27,1123,662,76,151,1,-1,-1,-1
270,23,905,431,40,100,1,-1,-1,-1
270,14,1111,405,44,81,1,-1,-1,-1
270,12,571,425,45,94,1,-1,-1,-1
270,9,1218,349,35,79,1,-1,-1,-1
271,87,1885,394,34,100,1,-1,-1,-1
271,86,1646,494,76,111,1,-1,-1,-1
271,85,1656,455,63,99,1,-1,-1,-1
271,83,1519,421,39,93,1,-1,-1,-1
271,80,524,439,58,88,1,-1,-1,-1
271,76,633,415,48,94,1,-1,-1,-1
271,75,889,377,32,77,1,-1,-1,-1
271,74,1088,403,47,95,1,-1,-1,-1
271,71,934,368,45,75,1,-1,-1,-1
271,68,1051,325,46,81,1,-1,-1,-1
271,67,1494,370,35,90,1,-1,-1,-1
271,60,1327,455,43,91,1,-1,-1,-1
271,59,760,390,44,91,1,-1,-1,-1
271,46,599,385,33,76,1,-1,-1,-1
271,27,1117,661,77,151,1,-1,-1,-1
271,23,908,431,42,99,1,-1,-1,-1
271,14,1112,406,46,81,1,-1,-1,-1
271,12,572,424,42,94,1,-1,-1,-1
271,9,1223,352,39,75,1,-1,-1,-1
272,87,1890,398,29,95,1,-1,-1,-1
272,86,1641,495,68,110,1,-1,-1,-1
272,85,1655,458,57,91,1,-1,-1,-1
272,83,1520,421,38,93,1,-1,-1,-1
272,80,522,439,51,86,1,-1,-1,-1
272,76,635,415,45,94,1,-1,-1,-1
272,75,895,376,32,75,1,-1,-1,-1
272,74,1092,404,46,94,1,-1,-1,-1
272,71,935,368,41,74,1,-1,-1,-1
272,68,1061,324,43,81,1,-1,-1,-1
272,67,1500,369,34,89,1,-1,-1,-1
272,60,1328,455,45,91,1,-1,-1,-1
272,59,764,390,44,91,1,-1,-1,-1
272,46,603,384,32,81,1,-1,-1,-1
272,27,1111,660,77,151,1,-1,-1,-1
272,23,912,432,44,98,1,-1,-1,-1
272,14,1113,406,48,80,1,-1,-1,-1
272,12,573,423,39,94,1,-1,-1,-1
272,9,1228,354,42,71,1,-1,-1,-1
273,87,1896,404,23,89,1,-1,-1,-1
273,86,1634,496,57,109,1,-1,-1,-1
273,85,1655,461,49,81,1,-1,-1,-1
273,83,1521,421,37,93,1,-1,-1,-1
273,80,520,439,42,85,1,-1,-1,-1
273,76,636,416,40,94,1,-1,-1,-1
273,75,901,375,32,73,1,-1,-1,-1
273,74,1095,404,46,93,1,-1,-1,-1
273,71,936,368,37,73,1,-1,-1,-1
273,68,1071,323,39,81,1,-1,-1,-1
273,67,1506,369,34,89,1,-1,-1,-1
273,60,1330,454,47,92,1,-1,-1,-1
273,59,768,391,45,91,1,-1,-1,-1
273,46,610,383,32,87,1,-1,-1,-1
273,27,1104,658,78,151,1,-1,-1,-1
273,23,915,433,46,97,1,-1,-1,-1
273,14,1115,406,50,80,1,-1,-1,-1
273,12,574,421,35,94,1,-1,-1,-1
273,9,1234,358,48,66,1,-1,-1,-1
274,87,1902,404,17,82,1,-1,-1,-1
274,86,1630,496,63,108,1,-1,-1,-1
274,85,1654,460,48,85,1,-1,-1,-1
274,83,1522,422,36,93,1,-1,-1,-1
274,80,516,439,48,85,1,-1,-1,-1
274,76,637,416,43,94,1,-1,-1,-1
274,75,907,374,32,71,1,-1,-1,-1
274,74,1099,405,45,92,1,-1,-1,-1
274,71,937,368,32,73,1,-1,-1,-1
274,68,1082,322,36,82,1,-1,-1,-1
274,67,1513,369,33,88,1,-1,-1,-1
274,60,1331,454,48,92,1,-1,-1,-1
274,59,773,391,45,91,1,-1,-1,-1
274,46,613,383,32,88,1,-1,-1,-1
274,27,1098,657,78,151,1,-1,-1,-1
274,23,919,434,48,97,1,-1,-1,-1
274,14,1116,407,51,80,1,-1,-1,-1
274,12,575,420,37,94,1,-1,-1,-1
274,9,1239,357,47,67,1,-1,-1,-1
275,87,1909,394,10,54,1,-1,-1,-1
275,86,1616,496,80,105,1,-1,-1,-1
275,85,1653,457,46,99,1,-1,-1,-1
275,83,1523,422,35,93,1,-1,-1,-1
275,80,509,438,58,84,1,-1,-1,-1
275,76,639,415,48,94,1,-1,-1,-1
275,75,913,373,32,69,1,-1,-1,-1
275,74,1104,406,45,91,1,-1,-1,-1
275,71,938,368,28,72,1,-1,-1,-1
275,68,1092,320,32,82,1,-1,-1,-1
275,67,1519,369,33,88,1,-1,-1,-1
275,60,1333,453,51,93,1,-1,-1,-1
275,59,777,391,45,92,1,-1,-1,-1
275,46,617,382,33,89,1,-1,-1,-1
275,27,1086,654,79,151,1,-1,-1,-1
275,23,924,436,51,95,1,-1,-1,-1
275,14,1119,407,55,79,1,-1,-1,-1
275,12,577,418,45,94,1,-1,-1,-1
275,9,1247,356,47,68,1,-1,-1,-1
276,87,1909,394,10,54,1,-1,-1,-1
276,86,1615,496,80,105,1,-1,-1,-1
276,85,1653,457,46,99,1,-1,-1,-1
276,83,1525,422,34,93,1,-1,-1,-1
276,80,502,436,71,84,1,-1,-1,-1
276,76,640,414,54,94,1,-1,-1,-1
276,75,920,372,32,67,1,-1,-1,-1
276,74,1110,406,44,90,1,-1,-1,-1
276,71,940,367,24,71,1,-1,-1,-1
276,68,1106,319,27,83,1,-1,-1,-1
276,67,1526,368,33,87,1,-1,-1,-1
276,60,1335,453,51,93,1,-1,-1,-1
276,59,782,392,46,92,1,-1,-1,-1
276,46,622,381,34,90,1,-1,-1,-1
276,27,1086,654,79,151,1,-1,-1,-1
276,23,926,436,52,95,1,-1,-1,-1
276,14,1120,407,55,79,1,-1,-1,-1
276,12,577,418,45,94,1,-1,-1,-1
276,9,1256,355,47,69,1,-1,-1,-1
277,86,1611,495,80,105,1,-1,-1,-1
277,85,1656,457,47,99,1,-1,-1,-1
277,83,1529,421,36,94,1,-1,-1,-1
277,80,506,436,68,84,1,-1,-1,-1
277,76,644,413,53,94,1,-1,-1,-1
277,74,1116,405,45,92,1,-1,-1,-1
277,71,929,372,33,68,1,-1,-1,-1
277,68,1114,318,28,82,1,-1,-1,-1
277,67,1536,368,33,87,1,-1,-1,-1
277,60,1341,452,50,93,1,-1,-1,-1
277,59,788,391,46,92,1,-1,-1,-1
277,46,634,380,34,90,1,-1,-1,-1
277,27,1087,655,77,152,1,-1,-1,-1
277,23,933,437,53,94,1,-1,-1,-1
277,14,1128,406,53,79,1,-1,-1,-1
277,12,585,416,44,93,1,-1,-1,-1
277,9,1269,354,46,69,1,-1,-1,-1
279,86,1603,495,81,105,1,-1,-1,-1
279,85,1661,457,49,99,1,-1,-1,-1
279,83,1539,419,39,96,1,-1,-1,-1
279,74,1129,402,46,95,1,-1,-1,-1
279,67,1559,366,33,87,1,-1,-1,-1
279,60,1353,451,49,94,1,-1,-1,-1
279,46,658,379,34,90,1,-1,-1,-1
279,27,1090,655,74,155,1,-1,-1,-1
279,23,947,439,54,92,1,-1,-1,-1
279,14,1145,402,48,79,1,-1,-1,-1
279,12,599,412,43,93,1,-1,-1,-1
279,9,1299,353,43,68,1,-1,-1,-1
280,88,953,366,28,69,1,-1,-1,-1
280,86,1599,494,82,105,1,-1,-1,-1
280,85,1664,457,50,99,1,-1,-1,-1
280,83,1544,418,41,97,1,-1,-1,-1
280,75,959,370,36,74,1,-1,-1,-1
280,74,1135,400,47,96,1,-1,-1,-1
280,67,1570,365,33,87,1,-1,-1,-1
280,60,1359,450,48,94,1,-1,-1,-1
280,46,670,378,34,90,1,-1,-1,-1
280,27,1091,655,72,156,1,-1,-1,-1
280,23,954,440,55,91,1,-1,-1,-1
280,14,1153,401,46,80,1,-1,-1,-1
280,12,606,410,43,93,1,-1,-1,-1
280,9,1314,352,42,68,1,-1,-1,-1
281,88,956,366,28,69,1,-1,-1,-1
281,86,1595,494,82,105,1,-1,-1,-1
281,85,1667,457,51,99,1,-1,-1,-1
281,83,1549,417,43,98,1,-1,-1,-1
281,80,530,432,56,82,1,-1,-1,-1
281,76,665,410,49,96,1,-1,-1,-1
281,75,969,370,37,75,1,-1,-1,-1
281,74,1141,399,47,97,1,-1,-1,-1
281,68,1164,316,31,80,1,-1,-1,-1
281,67,1582,364,33,87,1,-1,-1,-1
281,60,1370,448,47,95,1,-1,-1,-1
281,59,819,389,48,93,1,-1,-1,-1
281,46,682,377,34,90,1,-1,-1,-1
281,27,1092,656,70,158,1,-1,-1,-1
281,23,967,441,57,90,1,-1,-1,-1
281,14,1161,399,44,80,1,-1,-1,-1
281,12,614,408,42,92,1,-1,-1,-1
281,9,1329,351,40,68,1,-1,-1,-1
282,88,961,365,30,68,1,-1,-1,-1
282,86,1590,494,83,105,1,-1,-1,-1
282,85,1670,457,52,99,1,-1,-1,-1
282,83,1556,416,45,99,1,-1,-1,-1
282,80,538,431,52,81,1,-1,-1,-1
282,76,672,409,47,96,1,-1,-1,-1
282,75,983,369,39,78,1,-1,-1,-1
282,74,1150,397,48,100,1,-1,-1,-1
282,68,1180,315,32,79,1,-1,-1,-1
282,67,1596,363,33,87,1,-1,-1,-1
282,60,1371,448,47,95,1,-1,-1,-1
282,59,830,388,48,94,1,-1,-1,-1
282,46,700,375,34,90,1,-1,-1,-1
282,27,1094,656,67,159,1,-1,-1,-1
282,23,968,441,57,90,1,-1,-1,-1
282,14,1170,397,42,80,1,-1,-1,-1
282,12,622,406,42,92,1,-1,-1,-1
282,9,1349,350,39,67,1,-1,-1,-1
283,88,967,365,30,68,1,-1,-1,-1
283,86,1592,494,82,105,1,-1,-1,-1
283,85,1673,459,52,99,1,-1,-1,-1
283,83,1562,416,44,98,1,-1,-1,-1
283,80,543,431,53,81,1,-1,-1,-1
283,76,678,409,47,97,1,-1,-1,-1
283,75,990,369,39,78,1,-1,-1,-1
283,74,1156,397,49,99,1,-1,-1,-1
283,68,1191,314,32,79,1,-1,-1,-1
283,67,1606,363,33,86,1,-1,-1,-1
283,60,1381,449,47,95,1,-1,-1,-1
283,59,836,388,50,94,1,-1,-1,-1
283,46,708,375,34,90,1,-1,-1,-1
283,27,1097,657,68,159,1,-1,-1,-1
283,23,978,441,57,90,1,-1,-1,-1
283,14,1178,397,42,81,1,-1,-1,-1
283,12,630,406,42,91,1,-1,-1,-1
283,9,1358,350,37,68,1,-1,-1,-1
284,88,977,364,29,68,1,-1,-1,-1
284,86,1595,494,81,105,1,-1,-1,-1
284,85,1682,460,53,99,1,-1,-1,-1
284,83,1571,415,43,97,1,-1,-1,-1
284,80,549,432,55,80,1,-1,-1,-1
284,76,686,409,47,97,1,-1,-1,-1
284,75,1002,369,39,78,1,-1,-1,-1
284,74,1166,397,51,99,1,-1,-1,-1
284,68,1206,313,32,79,1,-1,-1,-1
284,67,1619,364,34,86,1,-1,-1,-1
284,60,1392,449,47,95,1,-1,-1,-1
284,59,846,388,51,93,1,-1,-1,-1
284,46,724,376,34,89,1,-1,-1,-1
284,27,1101,658,69,159,1,-1,-1,-1
284,23,989,442,58,90,1,-1,-1,-1
284,14,1187,396,42,82,1,-1,-1,-1
284,12,640,405,42,90,1,-1,-1,-1
284,9,1377,350,35,68,1,-1,-1,-1
285,88,987,363,29,69,1,-1,-1,-1
285,86,1598,494,80,105,1,-1,-1,-1
285,85,1691,461,53,100,1,-1,-1,-1
285,83,1580,415,42,96,1,-1,-1,-1
285,80,556,432,57,79,1,-1,-1,-1
285,76,695,409,47,98,1,-1,-1,-1
285,75,1013,369,39,78,1,-1,-1,-1
285,74,1175,397,52,98,1,-1,-1,-1
285,68,1222,313,32,79,1,-1,-1,-1
285,67,1633,364,35,85,1,-1,-1,-1
285,60,1402,449,47,95,1,-1,-1,-1
285,59,857,388,53,93,1,-1,-1,-1
285,46,741,376,34,88,1,-1,-1,-1
285,27,1106,658,70,159,1,-1,-1,-1
285,23,999,442,58,90,1,-1,-1,-1
285,14,1197,396,42,83,1,-1,-1,-1
285,12,650,405,42,90,1,-1,-1,-1
285,9,1397,350,32,68,1,-1,-1,-1
286,88,997,363,29,69,1,-1,-1,-1
286,86,1601,495,79,105,1,-1,-1,-1
286,85,1700,462,54,100,1,-1,-1,-1
286,83,1589,415,41,95,1,-1,-1,-1
286,80,562,432,59,79,1,-1,-1,-1
286,76,704,409,47,98,1,-1,-1,-1
286,75,1024,369,39,78,1,-1,-1,-1
286,74,1185,396,53,98,1,-1,-1,-1
286,68,1238,312,32,79,1,-1,-1,-1
286,67,1646,364,35,84,1,-1,-1,-1
286,60,1413,449,47,95,1,-1,-1,-1
286,59,867,388,54,93,1,-1,-1,-1
286,46,758,376,34,88,1,-1,-1,-1
286,27,1110,659,71,159,1,-1,-1,-1
286,23,1009,442,59,90,1,-1,-1,-1
286,14,1206,395,41,84,1,-1,-1,-1
286,12,659,405,42,89,1,-1,-1,-1
286,9,1416,349,30,69,1,-1,-1,-1
287,88,1007,362,28,69,1,-1,-1,-1
287,86,1603,495,78,105,1,-1,-1,-1
287,85,1718,464,55,101,1,-1,-1,-1
287,83,1598,415,40,94,1,-1,-1,-1
287,80,569,432,60,78,1,-1,-1,-1
287,76,713,409,47,99,1,-1,-1,-1
287,75,1036,369,39,78,1,-1,-1,-1
287,74,1194,396,55,98,1,-1,-1,-1
287,68,1253,311,32,79,1,-1,-1,-1
287,67,1660,365,36,83,1,-1,-1,-1
287,60,1423,449,47,95,1,-1,-1,-1
287,59,877,388,56,92,1,-1,-1,-1
287,46,774,377,34,87,1,-1,-1,-1
287,27,1119,661,72,159,1,-1,-1,-1
287,23,1019,442,59,90,1,-1,-1,-1
287,14,1220,394,41,86,1,-1,-1,-1
287,12,673,404,42,88,1,-1,-1,-1
287,9,1436,349,28,69,1,-1,-1,-1
288,88,1019,361,28,70,1,-1,-1,-1
288,86,1608,495,77,105,1,-1,-1,-1
288,85,1719,464,55,102,1,-1,-1,-1
288,83,1612,414,39,93,1,-1,-1,-1
288,80,578,433,63,77,1,-1,-1,-1
288,76,726,409,47,99,1,-1,-1,-1
288,75,1056,369,39,78,1,-1,-1,-1
288,74,1211,396,57,97,1,-1,-1,-1
288,68,1276,310,32,79,1,-1,-1,-1
288,67,1680,365,37,82,1,-1,-1,-1
288,60,1438,449,47,95,1,-1,-1,-1
288,59,891,388,58,92,1,-1,-1,-1
288,46,794,377,34,86,1,-1,-1,-1
288,27,1119,661,72,159,1,-1,-1,-1
288,23,1033,442,60,90,1,-1,-1,-1
288,14,1223,394,42,86,1,-1,-1,-1
288,12,678,403,42,88,1,-1,-1,-1
288,9,1463,349,25,69,1,-1,-1,-1
289,88,1024,361,29,70,1,-1,-1,-1
289,86,1606,495,76,105,1,-1,-1,-1
289,85,1730,463,54,102,1,-1,-1,-1
289,83,1616,414,38,93,1,-1,-1,-1
289,80,583,433,61,77,1,-1,-1,-1
289,76,728,408,46,100,1,-1,-1,-1
289,75,1058,369,38,78,1,-1,-1,-1
289,74,1212,397,57,97,1,-1,-1,-1
289,68,1283,310,32,79,1,-1,-1,-1
289,67,1686,365,37,83,1,-1,-1,-1
289,60,1441,449,47,95,1,-1,-1,-1
289,59,894,388,58,92,1,-1,-1,-1
289,46,802,377,34,86,1,-1,-1,-1
289,27,1121,662,73,159,1,-1,-1,-1
289,23,1036,443,60,91,1,-1,-1,-1
289,14,1228,393,44,86,1,-1,-1,-1
289,12,685,402,40,89,1,-1,-1,-1
289,9,1470,349,26,70,1,-1,-1,-1
290,88,1030,360,31,71,1,-1,-1,-1
290,86,1600,495,72,106,1,-1,-1,-1
290,85,1750,461,51,104,1,-1,-1,-1
290,83,1630,415,37,95,1,-1,-1,-1
290,80,590,433,56,77,1,-1,-1,-1
290,76,734,407,45,101,1,-1,-1,-1
290,75,1067,368,38,78,1,-1,-1,-1
290,74,1218,397,55,96,1,-1,-1,-1
290,68,1295,310,32,79,1,-1,-1,-1
290,67,1698,364,37,83,1,-1,-1,-1
290,60,1447,448,47,95,1,-1,-1,-1
290,59,900,388,57,91,1,-1,-1,-1
290,46,819,377,34,86,1,-1,-1,-1
290,27,1122,662,74,159,1,-1,-1,-1
290,23,1041,443,59,92,1,-1,-1,-1
290,14,1232,392,46,85,1,-1,-1,-1
290,12,693,401,39,89,1,-1,-1,-1
290,9,1481,348,29,70,1,-1,-1,-1
291,88,1035,360,33,72,1,-1,-1,-1
291,86,1599,495,73,106,1,-1,-1,-1
291,85,1752,462,50,104,1,-1,-1,-1
291,83,1631,416,37,95,1,-1,-1,-1
291,80,598,434,51,77,1,-1,-1,-1
291,76,735,407,46,101,1,-1,-1,-1
291,75,1076,368,37,79,1,-1,-1,-1
291,74,1224,398,53,96,1,-1,-1,-1
291,68,1308,311,33,78,1,-1,-1,-1
291,67,1711,364,36,84,1,-1,-1,-1
291,60,1452,448,47,95,1,-1,-1,-1
291,59,906,387,56,91,1,-1,-1,-1
291,46,823,377,34,86,1,-1,-1,-1
291,27,1124,663,75,158,1,-1,-1,-1
291,23,1046,444,58,92,1,-1,-1,-1
291,14,1237,392,48,85,1,-1,-1,-1
291,12,701,400,37,89,1,-1,-1,-1
291,9,1493,348,32,71,1,-1,-1,-1
292,88,1041,359,35,73,1,-1,-1,-1
292,86,1595,495,75,106,1,-1,-1,-1
292,85,1761,463,49,105,1,-1,-1,-1
292,83,1636,416,37,96,1,-1,-1,-1
292,80,606,434,47,77,1,-1,-1,-1
292,76,739,406,51,101,1,-1,-1,-1
292,75,1086,368,36,79,1,-1,-1,-1
292,74,1230,398,51,96,1,-1,-1,-1
292,68,1321,311,33,78,1,-1,-1,-1
292,67,1723,363,36,85,1,-1,-1,-1
292,60,1457,447,47,95,1,-1,-1,-1
292,59,911,387,55,91,1,-1,-1,-1
292,46,838,377,34,86,1,-1,-1,-1
292,27,1126,663,75,158,1,-1,-1,-1
292,23,1050,444,57,93,1,-1,-1,-1
292,14,1242,391,50,85,1,-1,-1,-1
292,12,709,399,36,90,1,-1,-1,-1
292,9,1504,347,35,71,1,-1,-1,-1
293,88,1046,358,37,74,1,-1,-1,-1
293,86,1591,495,78,106,1,-1,-1,-1
293,85,1769,464,47,106,1,-1,-1,-1
293,83,1641,417,36,97,1,-1,-1,-1
293,80,614,434,42,77,1,-1,-1,-1
293,76,742,405,56,102,1,-1,-1,-1
293,75,1095,367,35,79,1,-1,-1,-1
293,74,1237,399,49,95,1,-1,-1,-1
293,68,1333,311,33,78,1,-1,-1,-1
293,67,1735,362,35,86,1,-1,-1,-1
293,60,1463,447,47,95,1,-1,-1,-1
293,59,917,387,54,91,1,-1,-1,-1
293,46,852,377,34,86,1,-1,-1,-1
293,27,1128,663,76,157,1,-1,-1,-1
293,23,1055,445,57,94,1,-1,-1,-1
293,14,1247,391,52,85,1,-1,-1,-1
293,12,717,398,34,90,1,-1,-1,-1
293,9,1516,347,38,72,1,-1,-1,-1
294,88,1054,357,40,75,1,-1,-1,-1
294,86,1588,495,80,107,1,-1,-1,-1
294,85,1784,467,44,108,1,-1,-1,-1
294,83,1650,418,35,98,1,-1,-1,-1
294,80,628,435,34,76,1,-1,-1,-1
294,76,749,404,65,103,1,-1,-1,-1
294,75,1112,367,33,80,1,-1,-1,-1
294,74,1248,400,46,95,1,-1,-1,-1
294,68,1351,312,33,77,1,-1,-1,-1
294,67,1758,361,34,87,1,-1,-1,-1
294,60,1472,446,47,95,1,-1,-1,-1
294,59,925,386,52,91,1,-1,-1,-1
294,46,870,377,34,86,1,-1,-1,-1
294,27,1131,664,78,157,1,-1,-1,-1
294,23,1063,446,55,95,1,-1,-1,-1
294,14,1254,390,56,85,1,-1,-1,-1
294,12,729,396,32,91,1,-1,-1,-1
294,9,1538,346,43,73,1,-1,-1,-1
295,88,1058,357,39,75,1,-1,-1,-1
295,86,1584,495,83,107,1,-1,-1,-1
295,85,1785,467,44,108,1,-1,-1,-1
295,83,1650,418,35,98,1,-1,-1,-1
295,80,629,435,34,77,1,-1,-1,-1
295,76,750,404,64,103,1,-1,-1,-1
295,75,1113,367,33,80,1,-1,-1,-1
295,74,1248,400,46,95,1,-1,-1,-1
295,68,1356,311,34,77,1,-1,-1,-1
295,67,1759,361,34,87,1,-1,-1,-1
295,60,1473,446,47,95,1,-1,-1,-1
295,59,927,386,51,91,1,-1,-1,-1
295,46,877,376,33,87,1,-1,-1,-1
295,27,1129,668,76,163,1,-1,-1,-1
295,23,1064,446,55,96,1,-1,-1,-1
295,14,1256,390,54,85,1,-1,-1,-1
295,12,732,396,32,91,1,-1,-1,-1
295,9,1539,346,43,73,1,-1,-1,-1
296,88,1063,357,38,75,1,-1,-1,-1
296,86,1582,495,78,108,1,-1,-1,-1
296,85,1791,467,45,109,1,-1,-1,-1
296,83,1653,418,38,98,1,-1,-1,-1
296,80,630,435,38,78,1,-1,-1,-1
296,76,755,405,59,102,1,-1,-1,-1
296,75,1120,367,35,80,1,-1,-1,-1
296,74,1252,400,45,95,1,-1,-1,-1
296,68,1364,311,35,77,1,-1,-1,-1
296,67,1770,361,35,87,1,-1,-1,-1
296,60,1478,447,46,95,1,-1,-1,-1
296,59,931,387,49,91,1,-1,-1,-1
296,46,887,375,32,87,1,-1,-1,-1
296,27,1129,668,77,162,1,-1,-1,-1
296,23,1065,447,54,96,1,-1,-1,-1
296,14,1259,389,51,85,1,-1,-1,-1
296,12,738,395,33,92,1,-1,-1,-1
296,9,1555,346,42,74,1,-1,-1,-1
297,88,1069,357,37,76,1,-1,-1,-1
297,86,1580,495,73,108,1,-1,-1,-1
297,85,1796,468,46,109,1,-1,-1,-1
297,83,1656,419,40,98,1,-1,-1,-1
297,80,631,434,42,79,1,-1,-1,-1
297,76,760,405,53,101,1,-1,-1,-1
297,75,1128,366,36,80,1,-1,-1,-1
297,74,1255,401,44,95,1,-1,-1,-1
297,68,1372,311,36,77,1,-1,-1,-1
297,67,1781,361,36,87,1,-1,-1,-1
297,60,1483,448,45,95,1,-1,-1,-1
297,59,935,388,47,91,1,-1,-1,-1
297,46,897,375,32,87,1,-1,-1,-1
297,27,1124,673,86,158,1,-1,-1,-1
297,23,1066,447,53,96,1,-1,-1,-1
297,14,1263,389,48,86,1,-1,-1,-1
297,12,745,394,34,93,1,-1,-1,-1
297,9,1571,345,40,74,1,-1,-1,-1
298,88,1075,357,35,76,1,-1,-1,-1
298,86,1578,495,68,109,1,-1,-1,-1
298,85,1802,469,47,109,1,-1,-1,-1
298,83,1660,419,42,98,1,-1,-1,-1
298,80,632,434,46,81,1,-1,-1,-1
298,76,765,406,48,101,1,-1,-1,-1
298,75,1135,366,38,80,1,-1,-1,-1
298,74,1258,402,43,95,1,-1,-1,-1
298,68,1380,310,37,77,1,-1,-1,-1
298,67,1791,361,37,87,1,-1,-1,-1
298,60,1488,449,44,95,1,-1,-1,-1
298,59,939,388,45,91,1,-1,-1,-1
298,46,907,374,31,87,1,-1,-1,-1
298,27,1120,678,96,154,1,-1,-1,-1
298,23,1067,448,53,97,1,-1,-1,-1
298,14,1266,388,45,86,1,-1,-1,-1
298,12,752,393,36,94,1,-1,-1,-1
298,9,1587,344,38,75,1,-1,-1,-1
299,88,1080,357,34,76,1,-1,-1,-1
299,86,1576,496,61,110,1,-1,-1,-1
299,85,1807,470,48,110,1,-1,-1,-1
299,83,1663,420,44,98,1,-1,-1,-1
299,80,633,434,51,82,1,-1,-1,-1
299,76,772,407,41,100,1,-1,-1,-1
299,75,1145,366,40,80,1,-1,-1,-1
299,74,1262,402,42,95,1,-1,-1,-1
299,68,1388,310,37,77,1,-1,-1,-1
299,67,1802,361,39,87,1,-1,-1,-1
299,60,1492,450,43,95,1,-1,-1,-1
299,59,942,389,42,91,1,-1,-1,-1
299,46,921,373,29,88,1,-1,-1,-1
299,27,1115,685,109,148,1,-1,-1,-1
299,23,1069,449,52,98,1,-1,-1,-1
299,14,1271,388,41,86,1,-1,-1,-1
299,12,758,392,37,95,1,-1,-1,-1
299,9,1603,344,36,75,1,-1,-1,-1
300,88,1091,356,32,76,1,-1,-1,-1
300,86,1568,497,74,112,1,-1,-1,-1
300,85,1817,471,50,111,1,-1,-1,-1
300,83,1668,420,48,98,1,-1,-1,-1
300,80,637,433,54,83,1,-1,-1,-1
300,76,774,406,44,102,1,-1,-1,-1
300,75,1148,367,41,80,1,-1,-1,-1
300,74,1265,403,41,95,1,-1,-1,-1
300,68,1402,310,39,77,1,-1,-1,-1
300,67,1819,361,40,87,1,-1,-1,-1
300,60,1497,451,43,95,1,-1,-1,-1
300,59,949,390,39,91,1,-1,-1,-1
300,46,931,374,28,88,1,-1,-1,-1
300,27,1112,691,118,145,1,-1,-1,-1
300,23,1069,450,55,97,1,-1,-1,-1
300,14,1275,387,43,86,1,-1,-1,-1
300,12,768,391,38,97,1,-1,-1,-1
300,9,1619,343,35,76,1,-1,-1,-1
301,88,1092,356,32,76,1,-1,-1,-1
301,86,1568,497,74,112,1,-1,-1,-1
301,85,1819,472,49,111,1,-1,-1,-1
301,83,1671,421,47,98,1,-1,-1,-1
301,80,643,430,58,85,1,-1,-1,-1
301,76,777,404,51,104,1,-1,-1,-1
301,75,1153,368,43,80,1,-1,-1,-1
301,74,1269,403,40,95,1,-1,-1,-1
301,68,1405,310,39,77,1,-1,-1,-1
301,67,1824,361,40,88,1,-1,-1,-1
301,60,1504,452,41,95,1,-1,-1,-1
301,59,950,390,39,91,1,-1,-1,-1
301,46,933,374,28,88,1,-1,-1,-1
301,27,1111,691,117,145,1,-1,-1,-1
301,23,1071,451,62,95,1,-1,-1,-1
301,14,1278,388,43,84,1,-1,-1,-1
301,12,772,391,39,96,1,-1,-1,-1
301,9,1646,342,32,77,1,-1,-1,-1
302,88,1100,357,31,77,1,-1,-1,-1
302,86,1565,497,70,112,1,-1,-1,-1
302,85,1831,473,47,111,1,-1,-1,-1
302,83,1677,422,47,98,1,-1,-1,-1
302,80,648,431,57,85,1,-1,-1,-1
302,76,781,405,49,104,1,-1,-1,-1
302,75,1159,368,43,80,1,-1,-1,-1
302,74,1272,403,44,96,1,-1,-1,-1
302,68,1416,309,38,76,1,-1,-1,-1
302,67,1836,361,41,88,1,-1,-1,-1
302,60,1507,453,42,95,1,-1,-1,-1
302,59,956,390,41,90,1,-1,-1,-1
302,46,944,375,29,87,1,-1,-1,-1
302,27,1108,691,112,144,1,-1,-1,-1
302,23,1073,451,61,95,1,-1,-1,-1
302,14,1283,389,42,81,1,-1,-1,-1
302,12,780,392,40,94,1,-1,-1,-1
302,9,1652,343,30,77,1,-1,-1,-1
303,88,1108,357,30,77,1,-1,-1,-1
303,86,1563,498,67,112,1,-1,-1,-1
303,85,1842,475,45,111,1,-1,-1,-1
303,83,1684,423,46,98,1,-1,-1,-1
303,80,654,431,54,86,1,-1,-1,-1
303,76,786,406,48,104,1,-1,-1,-1
303,75,1166,368,42,79,1,-1,-1,-1
303,74,1276,403,48,96,1,-1,-1,-1
303,68,1427,309,38,76,1,-1,-1,-1
303,67,1849,361,41,88,1,-1,-1,-1
303,60,1512,454,43,95,1,-1,-1,-1
303,59,962,390,43,89,1,-1,-1,-1
303,46,956,376,30,87,1,-1,-1,-1
303,27,1104,690,108,143,1,-1,-1,-1
303,23,1076,452,60,97,1,-1,-1,-1
303,14,1288,390,41,78,1,-1,-1,-1
303,12,788,392,41,93,1,-1,-1,-1
303,9,1669,344,27,77,1,-1,-1,-1
304,88,1115,358,29,78,1,-1,-1,-1
304,86,1560,499,63,112,1,-1,-1,-1
304,85,1853,477,43,111,1,-1,-1,-1
304,83,1690,424,46,98,1,-1,-1,-1
304,80,660,432,52,87,1,-1,-1,-1
304,76,791,408,46,103,1,-1,-1,-1
304,75,1173,368,41,79,1,-1,-1,-1
304,74,1280,403,52,96,1,-1,-1,-1
304,68,1438,309,37,75,1,-1,-1,-1
304,67,1868,361,42,89,1,-1,-1,-1
304,60,1518,455,44,96,1,-1,-1,-1
304,59,968,391,44,89,1,-1,-1,-1
304,46,967,377,31,87,1,-1,-1,-1
304,27,1101,690,103,143,1,-1,-1,-1
304,23,1079,454,59,99,1,-1,-1,-1
304,14,1293,391,40,75,1,-1,-1,-1
304,12,796,393,43,92,1,-1,-1,-1
304,9,1687,345,24,77,1,-1,-1,-1
305,88,1123,358,28,78,1,-1,-1,-1
305,86,1558,500,59,112,1,-1,-1,-1
305,85,1864,479,41,111,1,-1,-1,-1
305,83,1697,425,45,98,1,-1,-1,-1
305,80,666,432,50,87,1,-1,-1,-1
305,76,796,409,44,102,1,-1,-1,-1
305,75,1179,368,40,79,1,-1,-1,-1
305,74,1283,403,56,96,1,-1,-1,-1
305,68,1449,309,36,75,1,-1,-1,-1
305,67,1883,361,36,89,1,-1,-1,-1
305,60,1523,456,45,97,1,-1,-1,-1
305,59,973,391,46,88,1,-1,-1,-1
305,46,979,378,32,87,1,-1,-1,-1
305,27,1097,690,98,142,1,-1,-1,-1
305,23,1082,455,58,100,1,-1,-1,-1
305,14,1298,392,39,72,1,-1,-1,-1
305,12,804,393,44,90,1,-1,-1,-1
305,9,1704,346,21,77,1,-1,-1,-1
306,88,1130,358,38,79,1,-1,-1,-1
306,86,1555,500,72,112,1,-1,-1,-1
306,85,1881,482,38,111,1,-1,-1,-1
306,83,1713,425,44,98,1,-1,-1,-1
306,80,680,434,44,87,1,-1,-1,-1
306,76,808,409,43,102,1,-1,-1,-1
306,75,1193,368,42,79,1,-1,-1,-1
306,74,1292,405,54,96,1,-1,-1,-1
306,68,1468,309,36,74,1,-1,-1,-1
306,67,1902,372,17,78,1,-1,-1,-1
306,60,1531,457,46,97,1,-1,-1,-1
306,59,980,392,46,91,1,-1,-1,-1
306,46,996,377,32,84,1,-1,-1,-1
306,27,1099,689,102,142,1,-1,-1,-1
306,23,1087,456,56,99,1,-1,-1,-1
306,14,1309,391,40,78,1,-1,-1,-1
306,12,821,388,47,97,1,-1,-1,-1
306,9,1728,346,26,77,1,-1,-1,-1
307,88,1138,359,51,79,1,-1,-1,-1
307,86,1552,501,87,112,1,-1,-1,-1
307,85,1894,483,25,87,1,-1,-1,-1
307,83,1730,424,44,98,1,-1,-1,-1
307,80,697,436,36,88,1,-1,-1,-1
307,76,822,409,41,101,1,-1,-1,-1
307,75,1211,369,43,80,1,-1,-1,-1
307,74,1304,408,52,95,1,-1,-1,-1
307,68,1492,309,35,74,1,-1,-1,-1
307,67,1902,372,17,78,1,-1,-1,-1
307,60,1543,460,48,98,1,-1,-1,-1
307,59,988,392,45,95,1,-1,-1,-1
307,46,1016,376,33,82,1,-1,-1,-1
307,27,1101,688,108,141,1,-1,-1,-1
307,23,1097,458,52,97,1,-1,-1,-1
307,14,1322,390,42,86,1,-1,-1,-1
307,12,841,383,49,106,1,-1,-1,-1
308,88,1140,359,52,80,1,-1,-1,-1
308,86,1559,502,80,112,1,-1,-1,-1
308,85,1896,484,23,88,1,-1,-1,-1
308,83,1731,424,45,99,1,-1,-1,-1
308,80,697,436,36,88,1,-1,-1,-1
308,76,820,409,43,102,1,-1,-1,-1
308,75,1213,369,43,80,1,-1,-1,-1
308,74,1306,408,52,96,1,-1,-1,-1
308,68,1505,309,33,74,1,-1,-1,-1
308,60,1547,460,48,98,1,-1,-1,-1
308,59,994,392,47,95,1,-1,-1,-1
308,46,1021,377,34,83,1,-1,-1,-1
308,27,1104,685,105,144,1,-1,-1,-1
308,23,1098,458,53,98,1,-1,-1,-1
308,14,1322,389,42,85,1,-1,-1,-1
308,12,848,388,42,103,1,-1,-1,-1
309,89,8,407,46,107,1,-1,-1,-1
309,88,1152,359,53,80,1,-1,-1,-1
309,86,1567,503,70,113,1,-1,-1,-1
309,83,1746,424,46,100,1,-1,-1,-1
309,80,706,437,40,89,1,-1,-1,-1
309,76,830,409,46,102,1,-1,-1,-1
309,75,1227,369,42,80,1,-1,-1,-1
309,74,1316,407,53,97,1,-1,-1,-1
309,68,1522,309,30,74,1,-1,-1,-1
309,60,1559,461,48,98,1,-1,-1,-1
309,59,1003,392,48,95,1,-1,-1,-1
309,46,1037,377,35,84,1,-1,-1,-1
309,27,1108,683,103,146,1,-1,-1,-1
309,23,1104,459,54,99,1,-1,-1,-1
309,14,1333,389,45,85,1,-1,-1,-1
309,12,863,386,43,104,1,-1,-1,-1
310,89,24,405,46,107,1,-1,-1,-1
310,88,1165,359,55,81,1,-1,-1,-1
310,86,1575,504,61,114,1,-1,-1,-1
310,83,1762,424,46,101,1,-1,-1,-1
310,80,714,437,43,89,1,-1,-1,-1
310,76,840,409,50,103,1,-1,-1,-1
310,75,1242,369,40,80,1,-1,-1,-1
310,74,1325,407,53,98,1,-1,-1,-1
310,68,1539,309,27,74,1,-1,-1,-1
310,60,1572,461,48,98,1,-1,-1,-1
310,59,1012,392,50,94,1,-1,-1,-1
310,46,1054,378,36,85,1,-1,-1,-1
310,27,1111,680,100,149,1,-1,-1,-1
310,23,1109,460,56,100,1,-1,-1,-1
310,14,1345,389,49,84,1,-1,-1,-1
310,12,878,384,44,106,1,-1,-1,-1
311,89,40,404,46,108,1,-1,-1,-1
311,88,1177,359,56,81,1,-1,-1,-1
311,86,1588,506,47,116,1,-1,-1,-1
311,83,1786,424,48,102,1,-1,-1,-1
311,80,723,438,47,90,1,-1,-1,-1
311,76,850,409,53,103,1,-1,-1,-1
311,75,1265,368,38,80,1,-1,-1,-1
311,74,1335,407,54,99,1,-1,-1,-1
311,68,1565,308,22,74,1,-1,-1,-1
311,60,1585,462,48,98,1,-1,-1,-1
311,59,1025,392,53,93,1,-1,-1,-1
311,46,1079,379,38,87,1,-1,-1,-1
311,27,1115,678,98,152,1,-1,-1,-1
311,23,1118,462,58,102,1,-1,-1,-1
311,14,1362,389,54,84,1,-1,-1,-1
311,12,893,381,45,107,1,-1,-1,-1
312,89,57,402,46,108,1,-1,-1,-1
312,88,1190,359,58,82,1,-1,-1,-1
312,86,1587,505,52,116,1,-1,-1,-1
312,83,1793,424,48,103,1,-1,-1,-1
312,80,732,439,50,90,1,-1,-1,-1
312,76,861,409,56,104,1,-1,-1,-1
312,75,1271,368,40,80,1,-1,-1,-1
312,74,1345,406,55,100,1,-1,-1,-1
312,68,1572,308,25,74,1,-1,-1,-1
312,60,1598,463,48,98,1,-1,-1,-1
312,59,1031,392,54,93,1,-1,-1,-1
312,46,1086,379,38,87,1,-1,-1,-1
312,27,1118,675,95,154,1,-1,-1,-1
312,23,1119,462,57,101,1,-1,-1,-1
312,14,1367,389,51,84,1,-1,-1,-1
312,12,908,379,46,109,1,-1,-1,-1
313,93,1899,358,20,70,1,-1,-1,-1
313,89,76,400,46,108,1,-1,-1,-1
313,88,1208,359,60,82,1,-1,-1,-1
313,86,1585,502,69,118,1,-1,-1,-1
313,83,1811,425,49,104,1,-1,-1,-1
313,80,741,439,54,91,1,-1,-1,-1
313,76,872,409,59,105,1,-1,-1,-1
313,75,1287,368,43,80,1,-1,-1,-1
313,74,1356,406,55,101,1,-1,-1,-1
313,68,1592,308,32,74,1,-1,-1,-1
313,60,1619,464,48,98,1,-1,-1,-1
313,59,1047,392,57,92,1,-1,-1,-1
313,46,1106,380,40,86,1,-1,-1,-1
313,27,1124,671,91,159,1,-1,-1,-1
313,23,1123,464,55,100,1,-1,-1,-1
313,14,1383,389,42,82,1,-1,-1,-1
313,12,929,375,48,111,1,-1,-1,-1
314,93,1899,358,20,70,1,-1,-1,-1
314,89,85,401,48,108,1,-1,-1,-1
314,88,1214,360,60,82,1,-1,-1,-1
314,86,1584,502,69,118,1,-1,-1,-1
314,83,1818,427,51,104,1,-1,-1,-1
314,80,747,439,52,91,1,-1,-1,-1
314,76,879,409,55,105,1,-1,-1,-1
314,75,1293,368,43,80,1,-1,-1,-1
314,74,1359,406,56,101,1,-1,-1,-1
314,68,1601,308,34,74,1,-1,-1,-1
314,60,1622,465,48,99,1,-1,-1,-1
314,59,1052,392,55,92,1,-1,-1,-1
314,46,1115,381,40,86,1,-1,-1,-1
314,27,1124,670,90,158,1,-1,-1,-1
314,23,1123,464,54,101,1,-1,-1,-1
314,14,1387,389,42,83,1,-1,-1,-1
314,12,935,376,48,112,1,-1,-1,-1
315,89,97,401,50,107,1,-1,-1,-1
315,88,1224,362,60,82,1,-1,-1,-1
315,86,1581,503,71,120,1,-1,-1,-1
315,83,1826,428,54,104,1,-1,-1,-1
315,80,754,439,49,92,1,-1,-1,-1
315,76,886,409,51,105,1,-1,-1,-1
315,75,1300,369,43,80,1,-1,-1,-1
315,74,1364,406,57,101,1,-1,-1,-1
315,68,1614,308,36,74,1,-1,-1,-1
315,60,1630,466,49,100,1,-1,-1,-1
315,59,1059,394,53,92,1,-1,-1,-1
315,46,1129,381,40,87,1,-1,-1,-1
315,27,1126,668,88,157,1,-1,-1,-1
315,23,1125,465,53,102,1,-1,-1,-1
315,14,1395,389,43,84,1,-1,-1,-1
315,12,947,376,49,112,1,-1,-1,-1
316,89,109,401,52,107,1,-1,-1,-1
316,88,1239,364,60,82,1,-1,-1,-1
316,86,1577,504,72,121,1,-1,-1,-1
316,83,1840,432,59,104,1,-1,-1,-1
316,80,764,438,45,93,1,-1,-1,-1
316,76,897,409,44,105,1,-1,-1,-1
316,75,1307,370,43,80,1,-1,-1,-1
316,74,1368,407,58,101,1,-1,-1,-1
316,68,1627,308,38,74,1,-1,-1,-1
316,60,1639,467,51,102,1,-1,-1,-1
316,59,1069,396,50,92,1,-1,-1,-1
316,46,1151,381,41,87,1,-1,-1,-1
316,27,1127,666,86,155,1,-1,-1,-1
316,23,1127,465,51,104,1,-1,-1,-1
316,14,1402,389,44,85,1,-1,-1,-1
316,12,958,376,51,113,1,-1,-1,-1
317,89,121,401,55,106,1,-1,-1,-1
317,88,1243,364,60,82,1,-1,-1,-1
317,86,1573,504,73,123,1,-1,-1,-1
317,83,1841,432,58,104,1,-1,-1,-1
317,80,767,440,43,93,1,-1,-1,-1
317,76,901,410,43,105,1,-1,-1,-1
317,75,1314,370,43,80,1,-1,-1,-1
317,74,1372,407,58,101,1,-1,-1,-1
317,68,1639,308,40,74,1,-1,-1,-1
317,60,1647,468,52,104,1,-1,-1,-1
317,59,1072,396,49,92,1,-1,-1,-1
317,46,1156,381,42,88,1,-1,-1,-1
317,27,1128,664,84,154,1,-1,-1,-1
317,23,1128,466,50,105,1,-1,-1,-1
317,14,1409,389,45,87,1,-1,-1,-1
317,12,969,376,52,113,1,-1,-1,-1
318,89,133,401,57,106,1,-1,-1,-1
318,88,1251,365,60,82,1,-1,-1,-1
318,86,1570,505,74,125,1,-1,-1,-1
318,83,1854,434,52,104,1,-1,-1,-1
318,80,774,443,41,94,1,-1,-1,-1
318,76,908,412,42,105,1,-1,-1,-1
318,75,1321,371,43,80,1,-1,-1,-1
318,74,1376,407,59,101,1,-1,-1,-1
318,68,1652,308,42,74,1,-1,-1,-1
318,60,1655,469,54,106,1,-1,-1,-1
318,59,1077,397,47,92,1,-1,-1,-1
318,46,1165,382,42,88,1,-1,-1,-1
318,27,1129,663,82,153,1,-1,-1,-1
318,23,1130,467,49,106,1,-1,-1,-1
318,14,1417,389,46,88,1,-1,-1,-1
318,12,981,376,53,114,1,-1,-1,-1
319,89,145,402,59,105,1,-1,-1,-1
319,88,1264,365,60,82,1,-1,-1,-1
319,86,1564,506,76,127,1,-1,-1,-1
319,83,1871,436,43,104,1,-1,-1,-1
319,80,782,446,37,95,1,-1,-1,-1
319,76,917,414,40,105,1,-1,-1,-1
319,75,1335,372,43,80,1,-1,-1,-1
319,74,1385,408,61,101,1,-1,-1,-1
319,68,1671,309,46,74,1,-1,-1,-1
319,60,1664,470,55,107,1,-1,-1,-1
319,59,1085,399,44,92,1,-1,-1,-1
319,46,1181,384,43,89,1,-1,-1,-1
319,27,1131,660,78,151,1,-1,-1,-1
319,23,1131,468,47,108,1,-1,-1,-1
319,14,1427,389,47,89,1,-1,-1,-1
319,12,997,376,54,115,1,-1,-1,-1
320,89,159,402,62,104,1,-1,-1,-1
320,88,1265,365,60,82,1,-1,-1,-1
320,86,1566,507,75,127,1,-1,-1,-1
320,83,1884,432,35,104,1,-1,-1,-1
320,80,784,446,38,95,1,-1,-1,-1
320,76,919,414,41,104,1,-1,-1,-1
320,75,1335,372,43,80,1,-1,-1,-1
320,74,1385,408,61,101,1,-1,-1,-1
320,68,1679,308,45,74,1,-1,-1,-1
320,60,1673,472,56,109,1,-1,-1,-1
320,59,1088,399,46,92,1,-1,-1,-1
320,46,1183,383,43,89,1,-1,-1,-1
320,27,1130,659,78,152,1,-1,-1,-1
320,23,1133,468,46,109,1,-1,-1,-1
320,14,1432,389,44,90,1,-1,-1,-1
320,12,1002,376,54,115,1,-1,-1,-1
321,89,168,401,59,105,1,-1,-1,-1
321,88,1273,365,61,83,1,-1,-1,-1
321,86,1569,509,73,127,1,-1,-1,-1
321,83,1895,432,24,104,1,-1,-1,-1
321,80,791,446,44,95,1,-1,-1,-1
321,76,924,415,44,104,1,-1,-1,-1
321,75,1344,373,41,79,1,-1,-1,-1
321,74,1388,409,60,102,1,-1,-1,-1
321,68,1695,307,43,75,1,-1,-1,-1
321,60,1679,472,58,109,1,-1,-1,-1
321,59,1093,398,49,93,1,-1,-1,-1
321,46,1193,383,44,90,1,-1,-1,-1
321,27,1125,655,75,156,1,-1,-1,-1
321,23,1132,470,47,110,1,-1,-1,-1
321,14,1449,387,34,92,1,-1,-1,-1
321,12,1018,377,54,115,1,-1,-1,-1
322,89,180,400,55,106,1,-1,-1,-1
322,88,1282,365,63,84,1,-1,-1,-1
322,86,1572,511,71,126,1,-1,-1,-1
322,80,791,446,44,95,1,-1,-1,-1
322,76,924,415,44,104,1,-1,-1,-1
322,75,1354,373,40,78,1,-1,-1,-1
322,74,1392,409,60,103,1,-1,-1,-1
322,68,1711,306,42,76,1,-1,-1,-1
322,60,1686,473,59,108,1,-1,-1,-1
322,59,1098,397,53,94,1,-1,-1,-1
322,46,1203,383,44,90,1,-1,-1,-1
322,27,1125,655,75,156,1,-1,-1,-1
322,23,1131,473,49,110,1,-1,-1,-1
322,14,1449,387,34,92,1,-1,-1,-1
322,12,1018,377,54,115,1,-1,-1,-1
323,89,191,399,51,107,1,-1,-1,-1
323,88,1290,366,64,85,1,-1,-1,-1
323,86,1576,513,69,126,1,-1,-1,-1
323,80,792,448,47,98,1,-1,-1,-1
323,76,926,416,55,103,1,-1,-1,-1
323,75,1363,374,38,78,1,-1,-1,-1
323,74,1395,410,60,104,1,-1,-1,-1
323,68,1737,304,39,77,1,-1,-1,-1
323,60,1697,475,62,107,1,-1,-1,-1
323,59,1103,397,56,94,1,-1,-1,-1
323,46,1213,382,45,91,1,-1,-1,-1
323,27,1134,649,73,158,1,-1,-1,-1
323,23,1130,475,51,111,1,-1,-1,-1
323,14,1463,386,34,94,1,-1,-1,-1
323,12,1029,377,54,116,1,-1,-1,-1
324,89,203,398,47,107,1,-1,-1,-1
324,88,1298,366,65,86,1,-1,-1,-1
324,86,1579,516,67,126,1,-1,-1,-1
324,80,793,449,50,100,1,-1,-1,-1
324,76,928,416,65,103,1,-1,-1,-1
324,75,1372,374,36,77,1,-1,-1,-1
324,74,1399,410,59,105,1,-1,-1,-1
324,68,1743,304,39,77,1,-1,-1,-1
324,60,1700,475,63,107,1,-1,-1,-1
324,59,1108,396,59,95,1,-1,-1,-1
324,46,1223,382,45,91,1,-1,-1,-1
324,27,1136,649,70,157,1,-1,-1,-1
324,23,1129,477,53,112,1,-1,-1,-1
324,14,1465,386,36,94,1,-1,-1,-1
324,12,1040,376,53,116,1,-1,-1,-1
325,89,226,395,39,109,1,-1,-1,-1
325,88,1306,366,66,87,1,-1,-1,-1
325,86,1582,518,65,125,1,-1,-1,-1
325,80,795,451,55,104,1,-1,-1,-1
325,76,933,417,85,102,1,-1,-1,-1
325,75,1391,375,33,76,1,-1,-1,-1
325,74,1406,411,58,107,1,-1,-1,-1
325,68,1764,303,37,78,1,-1,-1,-1
325,60,1713,476,65,107,1,-1,-1,-1
325,59,1113,395,62,96,1,-1,-1,-1
325,46,1233,381,46,92,1,-1,-1,-1
325,27,1146,648,53,151,1,-1,-1,-1
325,23,1128,480,55,113,1,-1,-1,-1
325,14,1470,386,41,95,1,-1,-1,-1
325,12,1051,376,53,116,1,-1,-1,-1
326,89,226,395,40,109,1,-1,-1,-1
326,88,1314,366,68,88,1,-1,-1,-1
326,86,1585,520,63,125,1,-1,-1,-1
326,80,796,451,55,104,1,-1,-1,-1
326,76,945,417,74,102,1,-1,-1,-1
326,75,1397,376,33,75,1,-1,-1,-1
326,74,1406,411,58,107,1,-1,-1,-1
326,68,1788,302,35,79,1,-1,-1,-1
326,60,1719,478,63,108,1,-1,-1,-1
326,59,1119,395,66,96,1,-1,-1,-1
326,46,1244,381,46,92,1,-1,-1,-1
326,27,1145,648,55,151,1,-1,-1,-1
326,23,1127,480,58,113,1,-1,-1,-1
326,14,1476,386,47,96,1,-1,-1,-1
326,12,1062,376,53,117,1,-1,-1,-1
327,89,235,395,43,108,1,-1,-1,-1
327,88,1326,365,66,89,1,-1,-1,-1
327,86,1583,519,68,126,1,-1,-1,-1
327,80,801,452,55,105,1,-1,-1,-1
327,76,953,416,66,103,1,-1,-1,-1
327,75,1403,376,32,77,1,-1,-1,-1
327,74,1413,412,57,108,1,-1,-1,-1
327,68,1799,302,31,78,1,-1,-1,-1
327,60,1727,480,60,110,1,-1,-1,-1
327,59,1125,394,61,97,1,-1,-1,-1
327,46,1255,381,46,92,1,-1,-1,-1
327,27,1145,650,65,150,1,-1,-1,-1
327,23,1126,480,61,113,1,-1,-1,-1
327,14,1486,386,46,97,1,-1,-1,-1
327,12,1073,378,53,115,1,-1,-1,-1
328,89,244,395,47,108,1,-1,-1,-1
328,88,1337,365,65,90,1,-1,-1,-1
328,86,1579,517,77,128,1,-1,-1,-1
328,80,806,453,55,106,1,-1,-1,-1
328,76,969,415,50,104,1,-1,-1,-1
328,75,1415,376,29,80,1,-1,-1,-1
328,74,1419,413,56,108,1,-1,-1,-1
328,68,1822,302,24,77,1,-1,-1,-1
328,60,1740,483,55,113,1,-1,-1,-1
328,59,1138,393,49,98,1,-1,-1,-1
328,46,1267,382,47,92,1,-1,-1,-1
328,27,1143,653,83,148,1,-1,-1,-1
328,23,1125,481,66,112,1,-1,-1,-1
328,14,1497,386,46,98,1,-1,-1,-1
328,12,1085,379,53,113,1,-1,-1,-1
329,89,253,394,50,107,1,-1,-1,-1
329,88,1349,365,63,91,1,-1,-1,-1
329,86,1579,517,79,128,1,-1,-1,-1
329,80,811,454,55,107,1,-1,-1,-1
329,76,971,414,49,104,1,-1,-1,-1
329,75,1416,376,30,79,1,-1,-1,-1
329,74,1426,413,55,109,1,-1,-1,-1
329,68,1826,301,24,77,1,-1,-1,-1
329,60,1742,483,55,113,1,-1,-1,-1
329,59,1140,393,50,98,1,-1,-1,-1
329,46,1278,382,47,93,1,-1,-1,-1
329,27,1142,653,86,148,1,-1,-1,-1
329,23,1126,481,64,113,1,-1,-1,-1
329,14,1507,386,45,98,1,-1,-1,-1
329,12,1096,380,54,112,1,-1,-1,-1
330,89,262,394,54,107,1,-1,-1,-1
330,88,1360,365,62,92,1,-1,-1,-1
330,86,1579,518,84,129,1,-1,-1,-1
330,80,816,455,55,107,1,-1,-1,-1
330,76,981,413,47,105,1,-1,-1,-1
330,75,1423,376,33,76,1,-1,-1,-1
330,74,1433,414,54,110,1,-1,-1,-1
330,68,1843,301,27,76,1,-1,-1,-1
330,60,1751,483,58,115,1,-1,-1,-1
330,59,1150,393,54,99,1,-1,-1,-1
330,46,1290,383,48,93,1,-1,-1,-1
330,27,1139,652,96,146,1,-1,-1,-1
330,23,1130,483,57,116,1,-1,-1,-1
330,14,1517,386,44,99,1,-1,-1,-1
330,12,1108,381,54,110,1,-1,-1,-1
331,89,278,394,60,106,1,-1,-1,-1
331,88,1372,364,60,93,1,-1,-1,-1
331,86,1579,520,89,130,1,-1,-1,-1
331,80,821,456,55,108,1,-1,-1,-1
331,76,990,413,44,105,1,-1,-1,-1
331,75,1429,376,37,72,1,-1,-1,-1
331,74,1439,415,53,110,1,-1,-1,-1
331,68,1860,301,29,75,1,-1,-1,-1
331,60,1759,482,60,117,1,-1,-1,-1
331,59,1160,393,57,100,1,-1,-1,-1
331,46,1301,383,48,93,1,-1,-1,-1
331,27,1135,651,106,145,1,-1,-1,-1
331,23,1134,485,49,118,1,-1,-1,-1
331,14,1528,386,44,100,1,-1,-1,-1
331,12,1119,382,55,109,1,-1,-1,-1
332,89,281,394,61,106,1,-1,-1,-1
332,88,1385,364,59,94,1,-1,-1,-1
332,86,1579,521,95,132,1,-1,-1,-1
332,80,826,457,55,109,1,-1,-1,-1
332,76,999,412,41,106,1,-1,-1,-1
332,75,1436,376,40,68,1,-1,-1,-1
332,74,1446,415,52,111,1,-1,-1,-1
332,68,1886,301,33,74,1,-1,-1,-1
332,60,1767,482,63,118,1,-1,-1,-1
332,59,1169,393,60,101,1,-1,-1,-1
332,46,1313,384,48,93,1,-1,-1,-1
332,27,1132,651,116,144,1,-1,-1,-1
332,23,1139,487,40,121,1,-1,-1,-1
332,14,1538,386,43,101,1,-1,-1,-1
332,12,1131,384,55,107,1,-1,-1,-1
333,89,295,394,62,105,1,-1,-1,-1
333,88,1392,364,59,95,1,-1,-1,-1
333,86,1587,524,87,132,1,-1,-1,-1
333,80,830,458,58,111,1,-1,-1,-1
333,76,1011,412,47,106,1,-1,-1,-1
333,75,1443,376,44,71,1,-1,-1,-1
333,74,1452,415,55,112,1,-1,-1,-1
333,68,1906,300,13,74,1,-1,-1,-1
333,60,1783,484,63,119,1,-1,-1,-1
333,59,1182,392,62,97,1,-1,-1,-1
333,46,1335,383,49,93,1,-1,-1,-1
333,27,1145,652,98,145,1,-1,-1,-1
333,23,1137,488,43,122,1,-1,-1,-1
333,14,1561,387,43,101,1,-1,-1,-1
333,12,1146,381,68,113,1,-1,-1,-1
334,89,309,393,63,105,1,-1,-1,-1
334,88,1400,364,59,96,1,-1,-1,-1
334,86,1586,524,90,133,1,-1,-1,-1
334,80,835,459,61,113,1,-1,-1,-1
334,76,1016,413,53,106,1,-1,-1,-1
334,75,1451,376,47,74,1,-1,-1,-1
334,74,1458,416,57,113,1,-1,-1,-1
334,68,1906,300,13,74,1,-1,-1,-1
334,60,1789,486,64,120,1,-1,-1,-1
334,59,1186,392,62,97,1,-1,-1,-1
334,46,1344,383,50,94,1,-1,-1,-1
334,27,1143,651,100,146,1,-1,-1,-1
334,23,1136,490,47,123,1,-1,-1,-1
334,14,1572,386,43,101,1,-1,-1,-1
334,12,1155,381,68,114,1,-1,-1,-1
335,89,323,393,65,104,1,-1,-1,-1
335,88,1409,364,60,96,1,-1,-1,-1
335,86,1584,524,94,134,1,-1,-1,-1
335,80,839,460,64,115,1,-1,-1,-1
335,76,1021,414,59,106,1,-1,-1,-1
335,75,1459,376,51,77,1,-1,-1,-1
335,74,1463,416,60,114,1,-1,-1,-1
335,68,1906,300,13,74,1,-1,-1,-1
335,60,1796,487,64,121,1,-1,-1,-1
335,59,1190,393,63,97,1,-1,-1,-1
335,46,1353,383,51,94,1,-1,-1,-1
335,27,1140,650,101,147,1,-1,-1,-1
335,23,1134,491,51,125,1,-1,-1,-1
335,14,1584,386,43,101,1,-1,-1,-1
335,12,1165,381,68,115,1,-1,-1,-1
336,89,337,393,66,104,1,-1,-1,-1
336,88,1417,364,60,97,1,-1,-1,-1
336,86,1582,524,97,134,1,-1,-1,-1
336,80,843,461,66,117,1,-1,-1,-1
336,76,1025,415,65,106,1,-1,-1,-1
336,75,1467,376,54,79,1,-1,-1,-1
336,74,1469,416,63,115,1,-1,-1,-1
336,60,1802,489,64,122,1,-1,-1,-1
336,59,1194,394,64,97,1,-1,-1,-1
336,46,1361,383,51,95,1,-1,-1,-1
336,27,1138,650,102,148,1,-1,-1,-1
336,23,1133,493,54,126,1,-1,-1,-1
336,14,1595,386,43,101,1,-1,-1,-1
336,12,1175,380,67,116,1,-1,-1,-1
337,89,350,393,67,103,1,-1,-1,-1
337,88,1425,364,61,97,1,-1,-1,-1
337,86,1580,524,101,135,1,-1,-1,-1
337,80,847,462,69,119,1,-1,-1,-1
337,76,1030,415,72,106,1,-1,-1,-1
337,75,1475,377,58,82,1,-1,-1,-1
337,74,1475,416,65,116,1,-1,-1,-1
337,60,1809,491,65,122,1,-1,-1,-1
337,59,1199,395,64,97,1,-1,-1,-1
337,46,1370,383,52,95,1,-1,-1,-1
337,27,1136,649,104,149,1,-1,-1,-1
337,23,1131,495,58,127,1,-1,-1,-1
337,14,1607,386,43,101,1,-1,-1,-1
337,12,1185,380,67,117,1,-1,-1,-1
338,89,367,393,69,102,1,-1,-1,-1
338,88,1438,365,62,98,1,-1,-1,-1
338,86,1578,524,105,136,1,-1,-1,-1
338,80,853,463,73,122,1,-1,-1,-1
338,76,1037,416,80,106,1,-1,-1,-1
338,75,1488,377,64,87,1,-1,-1,-1
338,74,1485,417,70,117,1,-1,-1,-1
338,60,1820,494,66,124,1,-1,-1,-1
338,59,1203,395,65,97,1,-1,-1,-1
338,46,1383,382,53,96,1,-1,-1,-1
338,27,1132,648,106,150,1,-1,-1,-1
338,23,1128,497,64,129,1,-1,-1,-1
338,14,1625,386,43,101,1,-1,-1,-1
338,12,1200,380,67,118,1,-1,-1,-1
339,89,373,392,67,103,1,-1,-1,-1
339,88,1440,367,55,98,1,-1,-1,-1
339,86,1582,527,95,136,1,-1,-1,-1
339,80,853,464,70,122,1,-1,-1,-1
339,76,1042,416,76,107,1,-1,-1,-1
339,75,1494,378,70,89,1,-1,-1,-1
339,74,1486,417,63,118,1,-1,-1,-1
339,60,1823,494,66,124,1,-1,-1,-1
339,59,1206,395,61,97,1,-1,-1,-1
339,46,1393,382,50,96,1,-1,-1,-1
339,27,1137,648,93,152,1,-1,-1,-1
339,23,1126,498,56,131,1,-1,-1,-1
339,14,1628,385,43,102,1,-1,-1,-1
339,12,1208,381,63,116,1,-1,-1,-1
340,89,382,391,65,104,1,-1,-1,-1
340,88,1442,367,54,98,1,-1,-1,-1
340,86,1587,530,82,135,1,-1,-1,-1
340,80,852,465,65,123,1,-1,-1,-1
340,76,1051,415,70,107,1,-1,-1,-1
340,75,1494,377,71,88,1,-1,-1,-1
340,74,1487,417,62,118,1,-1,-1,-1
340,60,1833,495,65,126,1,-1,-1,-1
340,59,1210,395,56,97,1,-1,-1,-1
340,46,1396,382,51,97,1,-1,-1,-1
340,27,1136,648,90,152,1,-1,-1,-1
340,23,1125,498,56,131,1,-1,-1,-1
340,14,1637,384,43,104,1,-1,-1,-1
340,12,1225,385,54,113,1,-1,-1,-1
341,89,390,390,63,105,1,-1,-1,-1
341,88,1460,369,44,99,1,-1,-1,-1
341,86,1594,534,65,135,1,-1,-1,-1
341,80,851,467,59,125,1,-1,-1,-1
341,76,1060,414,63,108,1,-1,-1,-1
341,75,1494,376,81,86,1,-1,-1,-1
341,74,1493,416,59,120,1,-1,-1,-1
341,60,1849,496,64,128,1,-1,-1,-1
341,59,1215,396,49,96,1,-1,-1,-1
341,46,1417,380,51,97,1,-1,-1,-1
341,27,1130,648,67,155,1,-1,-1,-1
341,23,1121,501,61,133,1,-1,-1,-1
341,14,1645,382,43,106,1,-1,-1,-1
341,12,1249,389,42,109,1,-1,-1,-1
342,89,398,390,60,106,1,-1,-1,-1
342,88,1464,369,41,99,1,-1,-1,-1
342,86,1593,533,67,136,1,-1,-1,-1
342,80,851,468,59,125,1,-1,-1,-1
342,76,1069,413,56,109,1,-1,-1,-1
342,75,1495,376,79,87,1,-1,-1,-1
342,74,1493,417,60,120,1,-1,-1,-1
342,60,1850,498,64,129,1,-1,-1,-1
342,59,1218,395,47,96,1,-1,-1,-1
342,46,1420,380,52,98,1,-1,-1,-1
342,27,1126,647,74,156,1,-1,-1,-1
342,23,1115,502,62,133,1,-1,-1,-1
342,14,1653,381,43,109,1,-1,-1,-1
342,12,1250,390,44,108,1,-1,-1,-1
343,89,406,389,58,106,1,-1,-1,-1
343,88,1471,369,37,97,1,-1,-1,-1
343,86,1589,531,71,139,1,-1,-1,-1
343,80,851,469,59,126,1,-1,-1,-1
343,76,1077,412,50,110,1,-1,-1,-1
343,75,1497,376,75,88,1,-1,-1,-1
343,74,1492,418,63,120,1,-1,-1,-1
343,60,1852,500,64,130,1,-1,-1,-1
343,59,1223,395,43,96,1,-1,-1,-1
343,46,1424,380,52,98,1,-1,-1,-1
343,27,1119,645,85,157,1,-1,-1,-1
343,23,1105,505,65,134,1,-1,-1,-1
343,14,1662,379,43,111,1,-1,-1,-1
343,12,1252,391,46,108,1,-1,-1,-1
344,89,414,388,56,107,1,-1,-1,-1
344,88,1478,369,33,96,1,-1,-1,-1
344,86,1584,528,78,143,1,-1,-1,-1
344,80,851,471,60,128,1,-1,-1,-1
344,76,1090,410,40,112,1,-1,-1,-1
344,75,1498,377,71,90,1,-1,-1,-1
344,74,1492,419,66,120,1,-1,-1,-1
344,60,1856,504,63,133,1,-1,-1,-1
344,59,1232,395,38,96,1,-1,-1,-1
344,46,1429,379,53,99,1,-1,-1,-1
344,27,1107,641,104,160,1,-1,-1,-1
344,23,1087,510,70,136,1,-1,-1,-1
344,14,1677,376,43,115,1,-1,-1,-1
344,12,1255,393,50,106,1,-1,-1,-1
345,89,422,387,53,108,1,-1,-1,-1
345,88,1485,369,29,95,1,-1,-1,-1
345,86,1583,528,78,143,1,-1,-1,-1
345,80,850,472,60,128,1,-1,-1,-1
345,76,1090,411,43,112,1,-1,-1,-1
345,75,1500,377,66,91,1,-1,-1,-1
345,74,1491,420,69,120,1,-1,-1,-1
345,60,1857,504,62,133,1,-1,-1,-1
345,59,1233,395,38,96,1,-1,-1,-1
345,46,1434,379,53,100,1,-1,-1,-1
345,27,1106,641,103,160,1,-1,-1,-1
345,23,1086,511,71,137,1,-1,-1,-1
345,14,1679,376,43,115,1,-1,-1,-1
345,12,1256,393,50,106,1,-1,-1,-1
346,89,433,388,57,107,1,-1,-1,-1
346,88,1487,370,30,94,1,-1,-1,-1
346,86,1579,528,77,144,1,-1,-1,-1
346,80,847,474,60,128,1,-1,-1,-1
346,76,1091,411,48,111,1,-1,-1,-1
346,75,1503,377,65,88,1,-1,-1,-1
346,74,1494,421,64,120,1,-1,-1,-1
346,60,1861,505,58,135,1,-1,-1,-1
346,59,1238,395,40,97,1,-1,-1,-1
346,46,1441,378,50,99,1,-1,-1,-1
346,27,1101,640,98,162,1,-1,-1,-1
346,23,1081,513,72,138,1,-1,-1,-1
346,14,1688,378,43,114,1,-1,-1,-1
346,12,1262,394,52,106,1,-1,-1,-1
347,89,443,389,61,106,1,-1,-1,-1
347,88,1488,372,30,93,1,-1,-1,-1
347,86,1575,528,76,146,1,-1,-1,-1
347,80,845,475,60,128,1,-1,-1,-1
347,76,1091,412,53,111,1,-1,-1,-1
347,75,1507,377,64,85,1,-1,-1,-1
347,74,1496,422,58,120,1,-1,-1,-1
347,60,1865,506,54,136,1,-1,-1,-1
347,59,1242,395,42,98,1,-1,-1,-1
347,46,1449,378,48,99,1,-1,-1,-1
347,27,1096,639,93,163,1,-1,-1,-1
347,23,1076,515,74,139,1,-1,-1,-1
347,14,1698,380,43,113,1,-1,-1,-1
347,12,1269,395,53,106,1,-1,-1,-1
348,89,454,390,65,106,1,-1,-1,-1
348,88,1489,373,31,92,1,-1,-1,-1
348,86,1572,528,75,147,1,-1,-1,-1
348,80,843,477,60,128,1,-1,-1,-1
348,76,1091,412,58,111,1,-1,-1,-1
348,75,1510,377,62,81,1,-1,-1,-1
348,74,1500,424,49,121,1,-1,-1,-1
348,60,1869,507,50,138,1,-1,-1,-1
348,59,1246,395,43,98,1,-1,-1,-1
348,46,1456,378,45,99,1,-1,-1,-1
348,27,1089,638,85,166,1,-1,-1,-1
348,23,1071,517,75,140,1,-1,-1,-1
348,14,1707,382,44,112,1,-1,-1,-1
348,12,1276,396,55,106,1,-1,-1,-1
349,89,464,391,69,105,1,-1,-1,-1
349,88,1491,376,32,91,1,-1,-1,-1
349,86,1568,529,73,148,1,-1,-1,-1
349,80,840,479,60,128,1,-1,-1,-1
349,76,1091,413,63,111,1,-1,-1,-1
349,75,1517,377,60,74,1,-1,-1,-1
349,74,1500,423,52,121,1,-1,-1,-1
349,60,1873,508,46,139,1,-1,-1,-1
349,59,1250,395,45,99,1,-1,-1,-1
349,46,1471,378,40,98,1,-1,-1,-1
349,27,1086,638,94,165,1,-1,-1,-1
349,23,1066,519,77,142,1,-1,-1,-1
349,14,1726,386,44,110,1,-1,-1,-1
349,12,1282,397,57,106,1,-1,-1,-1
350,89,475,392,73,104,1,-1,-1,-1
350,88,1491,376,32,91,1,-1,-1,-1
350,86,1564,529,72,149,1,-1,-1,-1
350,80,838,480,60,128,1,-1,-1,-1
350,76,1091,414,68,111,1,-1,-1,-1
350,75,1517,378,50,72,1,-1,-1,-1
350,74,1499,423,69,120,1,-1,-1,-1
350,60,1881,510,38,142,1,-1,-1,-1
350,59,1258,396,48,101,1,-1,-1,-1
350,46,1471,378,40,98,1,-1,-1,-1
350,27,1086,637,95,165,1,-1,-1,-1
350,23,1056,524,80,144,1,-1,-1,-1
350,14,1735,387,44,110,1,-1,-1,-1
350,12,1292,398,60,106,1,-1,-1,-1
351,89,488,393,78,103,1,-1,-1,-1
351,88,1492,377,32,90,1,-1,-1,-1
351,86,1560,529,71,150,1,-1,-1,-1
351,80,835,482,60,128,1,-1,-1,-1
351,76,1091,414,73,111,1,-1,-1,-1
351,75,1518,378,50,72,1,-1,-1,-1
351,74,1499,423,69,120,1,-1,-1,-1
351,60,1882,510,37,142,1,-1,-1,-1
351,59,1258,396,48,101,1,-1,-1,-1
351,46,1477,378,37,98,1,-1,-1,-1
351,27,1076,635,104,169,1,-1,-1,-1
351,23,1056,524,79,144,1,-1,-1,-1
351,14,1740,387,44,110,1,-1,-1,-1
351,12,1296,399,58,106,1,-1,-1,-1
352,89,500,392,76,104,1,-1,-1,-1
352,88,1496,375,32,91,1,-1,-1,-1
352,86,1562,531,69,150,1,-1,-1,-1
352,80,835,486,60,128,1,-1,-1,-1
352,76,1101,414,70,111,1,-1,-1,-1
352,75,1523,378,48,73,1,-1,-1,-1
352,74,1500,424,67,121,1,-1,-1,-1
352,60,1898,518,21,142,1,-1,-1,-1
352,59,1261,396,50,102,1,-1,-1,-1
352,46,1484,377,39,99,1,-1,-1,-1
352,27,1069,636,103,167,1,-1,-1,-1
352,23,1050,527,77,145,1,-1,-1,-1
352,14,1752,388,45,111,1,-1,-1,-1
352,12,1305,400,56,106,1,-1,-1,-1
353,89,516,390,73,105,1,-1,-1,-1
353,88,1500,373,32,91,1,-1,-1,-1
353,86,1563,534,66,149,1,-1,-1,-1
353,80,835,490,60,128,1,-1,-1,-1
353,76,1111,415,67,111,1,-1,-1,-1
353,75,1528,379,46,73,1,-1,-1,-1
353,74,1501,424,66,121,1,-1,-1,-1
353,60,1906,518,13,117,1,-1,-1,-1
353,59,1265,396,52,103,1,-1,-1,-1
353,46,1492,377,42,100,1,-1,-1,-1
353,27,1060,637,102,163,1,-1,-1,-1
353,23,1045,529,75,145,1,-1,-1,-1
353,14,1763,388,45,111,1,-1,-1,-1
353,12,1313,402,53,106,1,-1,-1,-1
354,89,533,388,70,106,1,-1,-1,-1
354,88,1503,371,32,92,1,-1,-1,-1
354,86,1565,536,64,149,1,-1,-1,-1
354,80,835,493,60,128,1,-1,-1,-1
354,76,1121,415,64,111,1,-1,-1,-1
354,75,1533,380,44,74,1,-1,-1,-1
354,74,1502,425,64,122,1,-1,-1,-1
354,60,1906,518,13,117,1,-1,-1,-1
354,59,1268,396,54,105,1,-1,-1,-1
354,46,1500,376,45,102,1,-1,-1,-1
354,27,1051,639,101,160,1,-1,-1,-1
354,23,1040,532,73,146,1,-1,-1,-1
354,14,1774,388,46,112,1,-1,-1,-1
354,12,1321,403,50,106,1,-1,-1,-1
355,89,549,386,67,107,1,-1,-1,-1
355,88,1507,369,32,93,1,-1,-1,-1
355,86,1566,538,61,148,1,-1,-1,-1
355,80,835,497,60,128,1,-1,-1,-1
355,76,1130,415,60,111,1,-1,-1,-1
355,75,1538,380,43,75,1,-1,-1,-1
355,74,1503,426,62,123,1,-1,-1,-1
355,59,1271,397,56,106,1,-1,-1,-1
355,46,1508,375,48,103,1,-1,-1,-1
355,27,1041,640,100,156,1,-1,-1,-1
355,23,1034,535,71,147,1,-1,-1,-1
355,14,1786,389,47,113,1,-1,-1,-1
355,12,1330,404,48,106,1,-1,-1,-1
356,89,566,384,64,109,1,-1,-1,-1
356,88,1514,365,32,94,1,-1,-1,-1
356,86,1568,541,59,148,1,-1,-1,-1
356,80,835,501,60,128,1,-1,-1,-1
356,76,1140,415,57,111,1,-1,-1,-1
356,75,1543,381,41,75,1,-1,-1,-1
356,74,1504,426,61,124,1,-1,-1,-1
356,59,1275,397,58,107,1,-1,-1,-1
356,46,1516,374,50,104,1,-1,-1,-1
356,27,1032,641,99,153,1,-1,-1,-1
356,23,1029,537,68,147,1,-1,-1,-1
356,14,1797,389,47,113,1,-1,-1,-1
356,12,1338,406,45,106,1,-1,-1,-1
357,89,585,382,60,110,1,-1,-1,-1
357,88,1510,369,68,94,1,-1,-1,-1
357,86,1570,545,55,147,1,-1,-1,-1
357,80,835,507,60,128,1,-1,-1,-1
357,76,1155,415,52,111,1,-1,-1,-1
357,75,1550,382,38,76,1,-1,-1,-1
357,74,1506,428,58,125,1,-1,-1,-1
357,59,1278,397,60,108,1,-1,-1,-1
357,46,1525,374,53,105,1,-1,-1,-1
357,27,1020,642,98,148,1,-1,-1,-1
357,23,1022,541,66,148,1,-1,-1,-1
357,14,1811,390,48,114,1,-1,-1,-1
357,12,1348,408,42,106,1,-1,-1,-1
358,89,596,385,60,111,1,-1,-1,-1
358,88,1515,371,63,95,1,-1,-1,-1
358,86,1569,545,56,147,1,-1,-1,-1
358,80,834,509,61,128,1,-1,-1,-1
358,76,1156,417,53,111,1,-1,-1,-1
358,75,1549,383,39,78,1,-1,-1,-1
358,74,1506,430,58,125,1,-1,-1,-1
358,59,1284,401,60,108,1,-1,-1,-1
358,46,1532,376,51,105,1,-1,-1,-1
358,27,1023,644,95,148,1,-1,-1,-1
358,23,1016,540,69,150,1,-1,-1,-1
358,14,1821,392,45,114,1,-1,-1,-1
358,12,1351,410,44,107,1,-1,-1,-1
359,89,609,388,61,111,1,-1,-1,-1
359,88,1522,372,57,95,1,-1,-1,-1
359,86,1566,548,62,148,1,-1,-1,-1
359,80,832,515,65,127,1,-1,-1,-1
359,76,1158,421,55,111,1,-1,-1,-1
359,75,1547,386,42,81,1,-1,-1,-1
359,74,1506,434,59,126,1,-1,-1,-1
359,59,1290,406,60,108,1,-1,-1,-1
359,46,1540,380,48,105,1,-1,-1,-1
359,27,1027,646,90,148,1,-1,-1,-1
359,23,1008,540,73,152,1,-1,-1,-1
359,14,1835,396,42,114,1,-1,-1,-1
359,12,1355,414,47,108,1,-1,-1,-1
360,89,622,391,61,111,1,-1,-1,-1
360,88,1529,374,51,96,1,-1,-1,-1
360,86,1563,551,68,149,1,-1,-1,-1
360,80,831,521,68,127,1,-1,-1,-1
360,76,1160,425,57,111,1,-1,-1,-1
360,75,1545,389,45,85,1,-1,-1,-1
360,74,1506,438,59,127,1,-1,-1,-1
360,59,1296,410,60,108,1,-1,-1,-1
360,46,1548,383,45,105,1,-1,-1,-1
360,27,1031,648,85,148,1,-1,-1,-1
360,23,999,540,77,155,1,-1,-1,-1
360,14,1848,400,38,114,1,-1,-1,-1
360,12,1359,417,50,110,1,-1,-1,-1
361,89,635,394,62,112,1,-1,-1,-1
361,88,1535,376,45,96,1,-1,-1,-1
361,86,1560,554,75,150,1,-1,-1,-1
361,80,829,526,72,126,1,-1,-1,-1
361,76,1162,429,59,111,1,-1,-1,-1
361,75,1542,391,48,89,1,-1,-1,-1
361,74,1505,443,60,128,1,-1,-1,-1
361,59,1302,415,60,108,1,-1,-1,-1
361,46,1557,387,42,105,1,-1,-1,-1
361,27,1035,650,81,148,1,-1,-1,-1
361,23,991,539,82,157,1,-1,-1,-1
361,14,1862,403,35,114,1,-1,-1,-1
361,12,1363,420,53,111,1,-1,-1,-1
362,89,660,401,63,112,1,-1,-1,-1
362,88,1542,378,39,97,1,-1,-1,-1
362,86,1557,556,81,151,1,-1,-1,-1
362,80,828,532,75,126,1,-1,-1,-1
362,76,1164,432,62,111,1,-1,-1,-1
362,75,1540,394,51,92,1,-1,-1,-1
362,74,1505,447,60,129,1,-1,-1,-1
362,59,1307,419,60,108,1,-1,-1,-1
362,46,1565,390,40,105,1,-1,-1,-1
362,27,1039,652,76,148,1,-1,-1,-1
362,23,975,539,90,162,1,-1,-1,-1
362,14,1875,407,31,114,1,-1,-1,-1
362,12,1367,424,56,112,1,-1,-1,-1
363,89,665,402,72,112,1,-1,-1,-1
363,88,1553,381,29,98,1,-1,-1,-1
363,86,1552,561,92,153,1,-1,-1,-1
363,80,827,538,79,126,1,-1,-1,-1
363,76,1167,436,64,111,1,-1,-1,-1
363,75,1537,398,55,97,1,-1,-1,-1
363,74,1505,452,61,130,1,-1,-1,-1
363,59,1317,427,60,108,1,-1,-1,-1
363,46,1579,396,35,105,1,-1,-1,-1
363,27,1044,654,71,148,1,-1,-1,-1
363,23,979,540,77,171,1,-1,-1,-1
363,14,1892,412,27,114,1,-1,-1,-1
363,12,1372,428,60,113,1,-1,-1,-1
364,89,670,404,69,112,1,-1,-1,-1
364,88,1552,382,30,98,1,-1,-1,-1
364,86,1549,562,91,153,1,-1,-1,-1
364,80,825,545,83,125,1,-1,-1,-1
364,76,1169,441,66,111,1,-1,-1,-1
364,75,1534,400,54,97,1,-1,-1,-1
364,74,1500,454,61,130,1,-1,-1,-1
364,59,1316,429,60,107,1,-1,-1,-1
364,46,1578,397,37,105,1,-1,-1,-1
364,27,1037,657,71,148,1,-1,-1,-1
364,23,973,542,78,171,1,-1,-1,-1
364,14,1899,427,20,95,1,-1,-1,-1
364,12,1368,431,59,113,1,-1,-1,-1
365,89,678,407,66,110,1,-1,-1,-1
365,88,1547,386,33,97,1,-1,-1,-1
365,86,1542,565,90,154,1,-1,-1,-1
365,80,825,545,78,128,1,-1,-1,-1
365,76,1169,444,66,110,1,-1,-1,-1
365,75,1531,403,54,96,1,-1,-1,-1
365,74,1494,456,62,131,1,-1,-1,-1
365,59,1312,434,60,105,1,-1,-1,-1
365,46,1575,400,44,105,1,-1,-1,-1
365,27,1029,661,71,147,1,-1,-1,-1
365,23,961,548,78,170,1,-1,-1,-1
365,14,1899,427,20,95,1,-1,-1,-1
365,12,1362,434,57,113,1,-1,-1,-1
366,89,686,410,62,109,1,-1,-1,-1
366,88,1542,389,36,96,1,-1,-1,-1
366,86,1534,567,89,155,1,-1,-1,-1
366,80,826,545,72,131,1,-1,-1,-1
366,76,1170,448,65,109,1,-1,-1,-1
366,75,1527,406,54,96,1,-1,-1,-1
366,74,1488,459,62,132,1,-1,-1,-1
366,59,1308,440,60,103,1,-1,-1,-1
366,46,1571,404,51,105,1,-1,-1,-1
366,27,1021,665,71,146,1,-1,-1,-1
366,23,949,554,79,170,1,-1,-1,-1
366,12,1356,438,56,113,1,-1,-1,-1
367,89,693,414,58,108,1,-1,-1,-1
367,88,1538,393,40,95,1,-1,-1,-1
367,86,1527,570,88,156,1,-1,-1,-1
367,80,827,545,66,134,1,-1,-1,-1
367,76,1171,452,64,108,1,-1,-1,-1
367,75,1523,410,53,96,1,-1,-1,-1
367,74,1482,461,63,132,1,-1,-1,-1
367,59,1304,445,60,100,1,-1,-1,-1
367,46,1568,407,59,105,1,-1,-1,-1
367,27,1013,669,71,145,1,-1,-1,-1
367,23,937,560,80,169,1,-1,-1,-1
367,12,1350,442,54,113,1,-1,-1,-1
368,89,701,417,54,107,1,-1,-1,-1
368,88,1533,397,43,94,1,-1,-1,-1
368,86,1520,573,87,157,1,-1,-1,-1
368,80,828,545,60,137,1,-1,-1,-1
368,76,1171,456,63,107,1,-1,-1,-1
368,75,1520,413,53,96,1,-1,-1,-1
368,74,1476,463,64,133,1,-1,-1,-1
368,59,1301,451,60,98,1,-1,-1,-1
368,46,1564,411,66,105,1,-1,-1,-1
368,27,1005,672,71,145,1,-1,-1,-1
368,23,925,565,80,169,1,-1,-1,-1
368,12,1345,445,53,113,1,-1,-1,-1
369,89,714,422,48,105,1,-1,-1,-1
369,88,1524,403,49,92,1,-1,-1,-1
369,86,1506,578,85,158,1,-1,-1,-1
369,80,829,545,50,142,1,-1,-1,-1
369,76,1172,461,62,106,1,-1,-1,-1
369,75,1513,419,52,95,1,-1,-1,-1
369,74,1464,468,65,134,1,-1,-1,-1
369,59,1296,458,60,95,1,-1,-1,-1
369,46,1557,417,80,105,1,-1,-1,-1
369,27,992,678,71,144,1,-1,-1,-1
369,23,905,575,82,168,1,-1,-1,-1
369,12,1335,451,51,113,1,-1,-1,-1
370,89,715,423,48,105,1,-1,-1,-1
370,88,1525,404,49,91,1,-1,-1,-1
370,86,1505,578,85,158,1,-1,-1,-1
370,80,815,545,61,144,1,-1,-1,-1
370,76,1172,465,61,105,1,-1,-1,-1
370,75,1512,419,53,95,1,-1,-1,-1
370,74,1464,468,65,134,1,-1,-1,-1
370,59,1293,460,58,95,1,-1,-1,-1
370,46,1556,418,79,105,1,-1,-1,-1
370,27,981,680,77,145,1,-1,-1,-1
370,23,900,579,81,168,1,-1,-1,-1
370,12,1332,452,51,114,1,-1,-1,-1
372,89,717,428,50,106,1,-1,-1,-1
372,88,1530,409,40,82,1,-1,-1,-1
372,86,1485,588,85,157,1,-1,-1,-1
372,80,804,551,61,145,1,-1,-1,-1
372,76,1170,468,64,108,1,-1,-1,-1
372,75,1495,427,54,96,1,-1,-1,-1
372,74,1439,472,65,137,1,-1,-1,-1
372,59,1286,466,51,97,1,-1,-1,-1
372,46,1540,426,70,103,1,-1,-1,-1
372,27,956,685,77,151,1,-1,-1,-1
372,23,870,599,76,165,1,-1,-1,-1
372,12,1314,458,51,117,1,-1,-1,-1
373,89,719,431,51,106,1,-1,-1,-1
373,88,1533,411,36,78,1,-1,-1,-1
373,86,1475,592,85,157,1,-1,-1,-1
373,80,798,554,61,146,1,-1,-1,-1
373,76,1169,469,65,109,1,-1,-1,-1
373,75,1486,431,54,96,1,-1,-1,-1
373,74,1427,474,65,138,1,-1,-1,-1
373,60,1884,594,35,166,1,-1,-1,-1
373,59,1282,469,48,99,1,-1,-1,-1
373,46,1532,430,65,103,1,-1,-1,-1
373,27,944,688,77,154,1,-1,-1,-1
373,23,855,609,74,164,1,-1,-1,-1
373,12,1305,461,51,118,1,-1,-1,-1
374,89,720,434,52,107,1,-1,-1,-1
374,88,1536,413,32,73,1,-1,-1,-1
374,86,1465,597,85,156,1,-1,-1,-1
374,80,792,557,60,147,1,-1,-1,-1
374,76,1167,471,66,111,1,-1,-1,-1
374,75,1478,434,55,96,1,-1,-1,-1
374,74,1415,476,65,140,1,-1,-1,-1
374,60,1868,601,51,165,1,-1,-1,-1
374,59,1278,472,45,100,1,-1,-1,-1
374,46,1524,434,60,102,1,-1,-1,-1
374,27,932,691,77,157,1,-1,-1,-1
374,23,840,620,72,163,1,-1,-1,-1
374,12,1296,465,51,120,1,-1,-1,-1
375,89,722,438,53,108,1,-1,-1,-1
375,88,1539,416,27,69,1,-1,-1,-1
375,86,1455,602,85,156,1,-1,-1,-1
375,80,781,564,60,149,1,-1,-1,-1
375,76,1165,473,69,114,1,-1,-1,-1
375,75,1469,438,55,96,1,-1,-1,-1
375,74,1403,478,65,141,1,-1,-1,-1
375,60,1851,609,68,164,1,-1,-1,-1
375,59,1274,475,42,101,1,-1,-1,-1
375,46,1516,438,56,102,1,-1,-1,-1
375,27,919,694,77,161,1,-1,-1,-1
375,23,825,630,70,161,1,-1,-1,-1
375,12,1287,468,51,121,1,-1,-1,-1
376,89,722,438,52,108,1,-1,-1,-1
376,88,1543,419,22,63,1,-1,-1,-1
376,86,1440,609,85,155,1,-1,-1,-1
376,80,780,564,60,148,1,-1,-1,-1
376,76,1165,473,69,114,1,-1,-1,-1
376,75,1460,442,56,96,1,-1,-1,-1
376,74,1390,480,65,143,1,-1,-1,-1
376,60,1831,618,88,162,1,-1,-1,-1
376,59,1270,478,38,102,1,-1,-1,-1
376,46,1507,443,50,101,1,-1,-1,-1
376,27,903,698,77,165,1,-1,-1,-1
376,23,808,641,68,160,1,-1,-1,-1
376,12,1276,472,51,123,1,-1,-1,-1
377,89,723,438,50,109,1,-1,-1,-1
377,88,1539,419,29,69,1,-1,-1,-1
377,86,1434,610,86,155,1,-1,-1,-1
377,80,775,566,61,143,1,-1,-1,-1
377,76,1164,472,67,118,1,-1,-1,-1
377,75,1453,445,55,96,1,-1,-1,-1
377,74,1375,483,67,142,1,-1,-1,-1
377,60,1821,620,85,163,1,-1,-1,-1
377,59,1271,478,39,103,1,-1,-1,-1
377,46,1494,443,60,102,1,-1,-1,-1
377,27,894,699,79,169,1,-1,-1,-1
377,23,787,643,73,164,1,-1,-1,-1
377,12,1271,473,51,124,1,-1,-1,-1
378,89,723,438,47,110,1,-1,-1,-1
378,88,1534,419,38,76,1,-1,-1,-1
378,86,1424,613,88,156,1,-1,-1,-1
378,80,770,567,63,138,1,-1,-1,-1
378,76,1163,471,64,122,1,-1,-1,-1
378,75,1444,447,54,96,1,-1,-1,-1
378,74,1359,486,69,141,1,-1,-1,-1
378,60,1809,622,83,164,1,-1,-1,-1
378,59,1273,478,41,105,1,-1,-1,-1
378,46,1479,444,72,104,1,-1,-1,-1
378,27,881,701,81,174,1,-1,-1,-1
378,23,763,645,79,168,1,-1,-1,-1
378,12,1263,474,51,126,1,-1,-1,-1
379,89,724,437,44,111,1,-1,-1,-1
379,88,1530,419,47,84,1,-1,-1,-1
379,86,1413,615,89,156,1,-1,-1,-1
379,80,765,569,64,133,1,-1,-1,-1
379,76,1162,470,62,127,1,-1,-1,-1
379,75,1436,449,53,95,1,-1,-1,-1
379,74,1343,490,70,141,1,-1,-1,-1
379,60,1798,624,80,164,1,-1,-1,-1
379,59,1274,479,42,106,1,-1,-1,-1
379,46,1463,445,84,105,1,-1,-1,-1
379,27,868,702,83,180,1,-1,-1,-1
379,23,740,647,86,172,1,-1,-1,-1
379,12,1256,476,51,128,1,-1,-1,-1
380,89,724,437,42,112,1,-1,-1,-1
380,88,1525,419,57,92,1,-1,-1,-1
380,86,1402,618,91,156,1,-1,-1,-1
380,80,760,571,66,128,1,-1,-1,-1
380,76,1161,469,60,131,1,-1,-1,-1
380,75,1428,452,52,95,1,-1,-1,-1
380,74,1326,493,72,140,1,-1,-1,-1
380,60,1786,626,76,165,1,-1,-1,-1
380,59,1275,479,43,108,1,-1,-1,-1
380,46,1446,446,97,107,1,-1,-1,-1
380,27,853,704,86,186,1,-1,-1,-1
380,23,715,650,92,177,1,-1,-1,-1
380,12,1249,477,51,129,1,-1,-1,-1
381,89,724,437,39,113,1,-1,-1,-1
381,88,1529,418,58,94,1,-1,-1,-1
381,86,1392,621,93,157,1,-1,-1,-1
381,80,753,572,69,142,1,-1,-1,-1
381,76,1161,468,54,134,1,-1,-1,-1
381,75,1420,454,51,95,1,-1,-1,-1
381,74,1318,495,74,139,1,-1,-1,-1
381,60,1770,627,88,166,1,-1,-1,-1
381,59,1274,480,45,110,1,-1,-1,-1
381,46,1446,444,82,111,1,-1,-1,-1
381,27,845,708,90,185,1,-1,-1,-1
381,23,713,652,78,176,1,-1,-1,-1
381,12,1241,479,51,131,1,-1,-1,-1
382,89,725,437,35,115,1,-1,-1,-1
382,88,1535,416,59,99,1,-1,-1,-1
382,86,1378,624,96,157,1,-1,-1,-1
382,80,746,574,74,159,1,-1,-1,-1
382,76,1160,468,47,137,1,-1,-1,-1
382,75,1407,458,50,94,1,-1,-1,-1
382,74,1304,498,77,138,1,-1,-1,-1
382,60,1747,628,105,167,1,-1,-1,-1
382,59,1273,480,46,111,1,-1,-1,-1
382,46,1446,440,57,118,1,-1,-1,-1
382,27,834,715,95,184,1,-1,-1,-1
382,23,710,655,57,175,1,-1,-1,-1
382,12,1231,481,51,134,1,-1,-1,-1
383,89,724,437,36,114,1,-1,-1,-1
383,88,1539,417,58,99,1,-1,-1,-1
383,86,1377,625,93,158,1,-1,-1,-1
383,80,742,574,74,159,1,-1,-1,-1
383,76,1156,469,47,137,1,-1,-1,-1
383,75,1407,456,48,97,1,-1,-1,-1
383,74,1301,497,76,138,1,-1,-1,-1
383,60,1740,630,101,167,1,-1,-1,-1
383,59,1270,480,46,111,1,-1,-1,-1
383,46,1445,437,51,121,1,-1,-1,-1
383,27,827,715,96,186,1,-1,-1,-1
383,23,698,657,61,176,1,-1,-1,-1
383,12,1225,482,52,134,1,-1,-1,-1
384,89,722,438,36,114,1,-1,-1,-1
384,88,1552,418,54,100,1,-1,-1,-1
384,86,1376,626,89,160,1,-1,-1,-1
384,80,737,575,74,160,1,-1,-1,-1
384,76,1152,471,47,136,1,-1,-1,-1
384,75,1408,449,38,107,1,-1,-1,-1
384,74,1292,497,74,140,1,-1,-1,-1
384,60,1730,632,93,167,1,-1,-1,-1
384,59,1267,480,47,112,1,-1,-1,-1
384,46,1440,428,34,132,1,-1,-1,-1
384,27,818,716,97,189,1,-1,-1,-1
384,23,678,659,69,176,1,-1,-1,-1
384,12,1215,483,53,135,1,-1,-1,-1
385,89,721,439,36,113,1,-1,-1,-1
385,88,1553,419,53,100,1,-1,-1,-1
385,86,1375,627,85,161,1,-1,-1,-1
385,80,732,576,74,160,1,-1,-1,-1
385,76,1148,472,47,136,1,-1,-1,-1
385,75,1407,446,40,107,1,-1,-1,-1
385,74,1283,496,71,141,1,-1,-1,-1
385,60,1720,634,85,167,1,-1,-1,-1
385,59,1265,481,48,113,1,-1,-1,-1
385,46,1436,427,37,130,1,-1,-1,-1
385,27,809,717,98,192,1,-1,-1,-1
385,23,658,662,77,176,1,-1,-1,-1
385,12,1204,484,55,136,1,-1,-1,-1
386,89,719,439,36,113,1,-1,-1,-1
386,88,1556,419,51,101,1,-1,-1,-1
386,86,1374,628,81,162,1,-1,-1,-1
386,80,727,577,74,161,1,-1,-1,-1
386,76,1144,474,47,135,1,-1,-1,-1
386,75,1406,441,44,108,1,-1,-1,-1
386,74,1274,495,69,143,1,-1,-1,-1
386,60,1710,637,77,167,1,-1,-1,-1
386,59,1262,481,49,114,1,-1,-1,-1
386,46,1426,425,43,127,1,-1,-1,-1
386,27,801,717,99,195,1,-1,-1,-1
386,23,638,665,85,176,1,-1,-1,-1
386,12,1194,486,56,137,1,-1,-1,-1
387,89,717,440,37,112,1,-1,-1,-1
387,88,1558,420,49,101,1,-1,-1,-1
387,86,1372,630,77,164,1,-1,-1,-1
387,80,722,578,74,162,1,-1,-1,-1
387,76,1140,476,47,135,1,-1,-1,-1
387,75,1404,436,47,108,1,-1,-1,-1
387,74,1264,495,67,144,1,-1,-1,-1
387,60,1700,639,69,167,1,-1,-1,-1
387,59,1259,481,50,114,1,-1,-1,-1
387,46,1417,422,49,123,1,-1,-1,-1
387,27,792,718,100,198,1,-1,-1,-1
387,23,618,668,92,177,1,-1,-1,-1
387,12,1184,487,57,138,1,-1,-1,-1
388,89,714,441,37,111,1,-1,-1,-1
388,88,1561,421,46,102,1,-1,-1,-1
388,86,1371,631,71,166,1,-1,-1,-1
388,80,714,579,74,163,1,-1,-1,-1
388,76,1133,479,47,134,1,-1,-1,-1
388,75,1402,427,53,109,1,-1,-1,-1
388,74,1252,494,63,146,1,-1,-1,-1
388,60,1686,643,58,167,1,-1,-1,-1
388,59,1255,482,51,116,1,-1,-1,-1
388,46,1404,419,57,119,1,-1,-1,-1
388,27,780,719,101,202,1,-1,-1,-1
388,23,589,672,103,177,1,-1,-1,-1
388,12,1171,489,59,139,1,-1,-1,-1
389,89,712,441,38,111,1,-1,-1,-1
389,88,1558,421,46,102,1,-1,-1,-1
389,86,1366,631,71,167,1,-1,-1,-1
389,80,712,579,74,163,1,-1,-1,-1
389,76,1131,479,47,134,1,-1,-1,-1
389,75,1397,420,53,117,1,-1,-1,-1
389,74,1246,494,63,146,1,-1,-1,-1
389,60,1676,643,60,167,1,-1,-1,-1
389,59,1252,482,51,116,1,-1,-1,-1
389,46,1399,426,53,109,1,-1,-1,-1
389,27,776,721,100,203,1,-1,-1,-1
389,23,586,673,99,178,1,-1,-1,-1
389,12,1165,490,60,139,1,-1,-1,-1
390,89,708,442,41,111,1,-1,-1,-1
390,88,1553,421,46,102,1,-1,-1,-1
390,86,1359,632,71,168,1,-1,-1,-1
390,80,704,580,73,163,1,-1,-1,-1
390,76,1123,479,46,134,1,-1,-1,-1
390,75,1391,425,52,107,1,-1,-1,-1
390,74,1233,495,63,147,1,-1,-1,-1
390,60,1659,643,64,167,1,-1,-1,-1
390,59,1245,483,51,117,1,-1,-1,-1
390,46,1388,422,48,114,1,-1,-1,-1
390,27,769,725,98,204,1,-1,-1,-1
390,23,581,676,91,180,1,-1,-1,-1
390,12,1156,491,62,140,1,-1,-1,-1
391,89,704,442,43,111,1,-1,-1,-1
391,88,1548,421,46,102,1,-1,-1,-1
391,86,1352,632,71,170,1,-1,-1,-1
391,80,696,581,72,163,1,-1,-1,-1
391,76,1115,478,44,134,1,-1,-1,-1
391,75,1384,425,51,105,1,-1,-1,-1
391,74,1220,496,63,147,1,-1,-1,-1
391,60,1641,644,68,167,1,-1,-1,-1
391,59,1239,483,51,118,1,-1,-1,-1
391,46,1378,424,43,111,1,-1,-1,-1
391,27,762,728,96,206,1,-1,-1,-1
391,23,576,678,82,182,1,-1,-1,-1
391,12,1146,492,64,141,1,-1,-1,-1
392,89,695,443,46,111,1,-1,-1,-1
392,88,1543,421,46,102,1,-1,-1,-1
392,86,1345,633,71,171,1,-1,-1,-1
392,80,687,582,71,164,1,-1,-1,-1
392,76,1107,478,43,134,1,-1,-1,-1
392,75,1376,424,51,103,1,-1,-1,-1
392,74,1207,497,63,147,1,-1,-1,-1
392,60,1624,644,72,167,1,-1,-1,-1
392,59,1233,484,51,119,1,-1,-1,-1
392,46,1353,426,54,108,1,-1,-1,-1
392,27,747,736,97,205,1,-1,-1,-1
392,23,553,680,86,184,1,-1,-1,-1
392,12,1126,494,65,141,1,-1,-1,-1
393,89,685,444,48,110,1,-1,-1,-1
393,88,1538,422,46,102,1,-1,-1,-1
393,86,1337,633,71,173,1,-1,-1,-1
393,80,679,582,70,164,1,-1,-1,-1
393,76,1098,477,42,134,1,-1,-1,-1
393,75,1368,423,50,101,1,-1,-1,-1
393,74,1195,498,63,147,1,-1,-1,-1
393,60,1606,644,76,167,1,-1,-1,-1
393,59,1226,484,51,120,1,-1,-1,-1
393,46,1329,427,65,106,1,-1,-1,-1
393,27,733,743,99,204,1,-1,-1,-1
393,23,530,682,89,186,1,-1,-1,-1
393,12,1106,495,67,142,1,-1,-1,-1
394,89,670,446,52,110,1,-1,-1,-1
394,88,1530,422,46,102,1,-1,-1,-1
394,86,1323,634,71,176,1,-1,-1,-1
394,80,664,584,68,165,1,-1,-1,-1
394,76,1083,476,39,134,1,-1,-1,-1
394,75,1355,422,49,97,1,-1,-1,-1
394,74,1172,499,63,148,1,-1,-1,-1
394,60,1574,645,83,167,1,-1,-1,-1
394,59,1214,485,51,122,1,-1,-1,-1
394,46,1285,430,85,101,1,-1,-1,-1
394,27,711,755,101,202,1,-1,-1,-1
394,23,488,686,95,190,1,-1,-1,-1
394,12,1074,497,70,143,1,-1,-1,-1
395,89,668,446,54,110,1,-1,-1,-1
395,88,1529,422,46,102,1,-1,-1,-1
395,86,1323,634,71,176,1,-1,-1,-1
395,80,663,584,68,165,1,-1,-1,-1
395,76,1082,476,40,134,1,-1,-1,-1
395,75,1353,422,49,99,1,-1,-1,-1
395,74,1169,499,63,148,1,-1,-1,-1
395,60,1572,645,83,167,1,-1,-1,-1
395,59,1214,485,51,122,1,-1,-1,-1
395,46,1283,432,84,101,1,-1,-1,-1
395,27,710,756,101,202,1,-1,-1,-1
395,23,487,686,95,191,1,-1,-1,-1
395,12,1069,497,70,143,1,-1,-1,-1
396,89,664,447,58,110,1,-1,-1,-1
396,88,1527,420,46,103,1,-1,-1,-1
396,86,1321,634,69,176,1,-1,-1,-1
396,80,658,585,68,166,1,-1,-1,-1
396,76,1072,477,45,135,1,-1,-1,-1
396,75,1347,422,52,105,1,-1,-1,-1
396,74,1159,499,63,148,1,-1,-1,-1
396,60,1556,644,84,167,1,-1,-1,-1
396,59,1209,483,52,124,1,-1,-1,-1
396,46,1274,437,81,103,1,-1,-1,-1
396,27,707,758,101,204,1,-1,-1,-1
396,23,481,685,90,194,1,-1,-1,-1
396,12,1056,497,70,143,1,-1,-1,-1
397,89,659,447,63,109,1,-1,-1,-1
397,88,1524,419,46,104,1,-1,-1,-1
397,86,1318,635,67,177,1,-1,-1,-1
397,80,654,586,68,166,1,-1,-1,-1
397,76,1063,477,50,137,1,-1,-1,-1
397,75,1342,423,54,110,1,-1,-1,-1
397,74,1149,498,63,148,1,-1,-1,-1
397,60,1539,643,85,167,1,-1,-1,-1
397,59,1204,481,53,126,1,-1,-1,-1
397,46,1265,443,79,104,1,-1,-1,-1
397,27,704,761,101,207,1,-1,-1,-1
397,23,475,684,86,196,1,-1,-1,-1
397,12,1044,497,71,143,1,-1,-1,-1
398,89,655,448,67,109,1,-1,-1,-1
398,88,1522,418,46,105,1,-1,-1,-1
398,86,1315,635,65,177,1,-1,-1,-1
398,80,649,586,68,167,1,-1,-1,-1
398,76,1053,478,55,138,1,-1,-1,-1
398,75,1336,424,57,116,1,-1,-1,-1
398,74,1138,498,63,148,1,-1,-1,-1
398,60,1523,642,86,167,1,-1,-1,-1
398,59,1199,480,54,127,1,-1,-1,-1
398,46,1256,449,76,106,1,-1,-1,-1
398,27,702,763,101,209,1,-1,-1,-1
398,23,469,683,82,199,1,-1,-1,-1
398,12,1032,497,71,143,1,-1,-1,-1
399,89,651,449,71,109,1,-1,-1,-1
399,88,1519,417,46,106,1,-1,-1,-1
399,86,1313,636,63,178,1,-1,-1,-1
399,80,644,587,68,168,1,-1,-1,-1
399,76,1044,478,60,140,1,-1,-1,-1
399,75,1330,424,59,122,1,-1,-1,-1
399,74,1128,498,63,148,1,-1,-1,-1
399,60,1507,642,87,167,1,-1,-1,-1
399,59,1194,478,55,129,1,-1,-1,-1
399,46,1246,454,73,108,1,-1,-1,-1
399,27,699,765,101,211,1,-1,-1,-1
399,23,463,682,77,202,1,-1,-1,-1
399,12,1020,497,71,143,1,-1,-1,-1
400,89,644,450,78,108,1,-1,-1,-1
400,88,1517,416,47,107,1,-1,-1,-1
400,86,1310,636,61,179,1,-1,-1,-1
400,80,635,589,68,169,1,-1,-1,-1
400,76,1025,479,70,143,1,-1,-1,-1
400,75,1325,425,62,128,1,-1,-1,-1
400,74,1118,497,63,148,1,-1,-1,-1
400,60,1491,641,88,167,1,-1,-1,-1
400,59,1189,476,56,130,1,-1,-1,-1
400,46,1237,460,70,109,1,-1,-1,-1
400,27,694,770,101,215,1,-1,-1,-1
400,23,456,680,73,205,1,-1,-1,-1
400,12,996,497,72,144,1,-1,-1,-1
401,89,645,450,78,108,1,-1,-1,-1
401,88,1514,415,47,108,1,-1,-1,-1
401,86,1307,637,59,179,1,-1,-1,-1
401,80,635,589,68,169,1,-1,-1,-1
401,76,1025,479,69,143,1,-1,-1,-1
401,75,1318,426,65,135,1,-1,-1,-1
401,74,1105,497,63,148,1,-1,-1,-1
401,60,1471,640,89,167,1,-1,-1,-1
401,59,1184,474,57,132,1,-1,-1,-1
401,46,1227,466,67,111,1,-1,-1,-1
401,27,695,764,101,221,1,-1,-1,-1
401,23,449,679,68,208,1,-1,-1,-1
401,12,996,497,72,144,1,-1,-1,-1
402,89,649,451,76,107,1,-1,-1,-1
402,88,1520,415,47,109,1,-1,-1,-1
402,86,1311,638,60,180,1,-1,-1,-1
402,80,638,590,68,169,1,-1,-1,-1
402,76,1027,479,68,143,1,-1,-1,-1
402,75,1319,431,64,131,1,-1,-1,-1
402,74,1104,496,63,149,1,-1,-1,-1
402,60,1468,639,88,168,1,-1,-1,-1
402,59,1187,473,57,133,1,-1,-1,-1
402,46,1230,465,65,114,1,-1,-1,-1
402,27,698,766,100,222,1,-1,-1,-1
402,23,447,681,69,208,1,-1,-1,-1
402,12,990,497,70,145,1,-1,-1,-1
403,89,652,452,74,106,1,-1,-1,-1
403,88,1525,414,47,110,1,-1,-1,-1
403,86,1314,638,61,180,1,-1,-1,-1
403,80,641,590,68,169,1,-1,-1,-1
403,76,1031,480,66,144,1,-1,-1,-1
403,75,1320,438,63,125,1,-1,-1,-1
403,74,1102,494,64,150,1,-1,-1,-1
403,60,1463,638,87,170,1,-1,-1,-1
403,59,1190,473,57,134,1,-1,-1,-1
403,46,1234,463,63,116,1,-1,-1,-1
403,27,703,769,99,223,1,-1,-1,-1
403,23,445,685,71,207,1,-1,-1,-1
403,12,985,497,68,146,1,-1,-1,-1
404,89,655,452,73,106,1,-1,-1,-1
404,88,1531,414,47,110,1,-1,-1,-1
404,86,1317,639,62,181,1,-1,-1,-1
404,80,644,591,68,169,1,-1,-1,-1
404,76,1034,480,65,144,1,-1,-1,-1
404,75,1322,445,62,120,1,-1,-1,-1
404,74,1100,493,65,152,1,-1,-1,-1
404,60,1458,637,86,172,1,-1,-1,-1
404,59,1194,472,57,135,1,-1,-1,-1
404,46,1237,461,61,119,1,-1,-1,-1
404,27,707,772,98,225,1,-1,-1,-1
404,23,443,688,73,207,1,-1,-1,-1
404,12,980,497,67,147,1,-1,-1,-1
405,89,659,453,71,105,1,-1,-1,-1
405,88,1537,413,47,111,1,-1,-1,-1
405,86,1321,640,63,181,1,-1,-1,-1
405,80,647,591,68,169,1,-1,-1,-1
405,76,1037,480,63,145,1,-1,-1,-1
405,75,1324,452,61,114,1,-1,-1,-1
405,74,1099,492,65,153,1,-1,-1,-1
405,60,1454,636,84,174,1,-1,-1,-1
405,59,1197,471,57,136,1,-1,-1,-1
405,46,1241,460,58,122,1,-1,-1,-1
405,27,712,774,96,226,1,-1,-1,-1
405,23,441,691,76,206,1,-1,-1,-1
405,12,975,497,65,147,1,-1,-1,-1
406,89,662,454,70,104,1,-1,-1,-1
406,88,1543,413,47,112,1,-1,-1,-1
406,86,1327,641,65,182,1,-1,-1,-1
406,80,650,592,68,169,1,-1,-1,-1
406,76,1040,480,61,145,1,-1,-1,-1
406,75,1325,459,60,109,1,-1,-1,-1
406,74,1097,490,66,155,1,-1,-1,-1
406,60,1449,635,83,176,1,-1,-1,-1
406,59,1201,470,57,137,1,-1,-1,-1
406,46,1245,458,56,124,1,-1,-1,-1
406,27,716,777,95,227,1,-1,-1,-1
406,23,439,694,78,206,1,-1,-1,-1
406,12,969,497,63,148,1,-1,-1,-1
407,89,666,455,68,103,1,-1,-1,-1
407,88,1549,412,47,113,1,-1,-1,-1
407,86,1329,641,66,182,1,-1,-1,-1
407,80,653,593,68,169,1,-1,-1,-1
407,76,1045,480,59,146,1,-1,-1,-1
407,75,1328,470,58,100,1,-1,-1,-1
407,74,1095,488,67,157,1,-1,-1,-1
407,60,1441,633,81,179,1,-1,-1,-1
407,59,1206,469,57,139,1,-1,-1,-1
407,46,1249,456,54,127,1,-1,-1,-1
407,27,721,780,94,229,1,-1,-1,-1
407,23,436,700,81,205,1,-1,-1,-1
407,12,963,496,61,150,1,-1,-1,-1
408,89,676,451,66,105,1,-1,-1,-1
408,88,1558,412,46,114,1,-1,-1,-1
408,86,1338,642,67,183,1,-1,-1,-1
408,80,658,593,68,170,1,-1,-1,-1
408,76,1049,480,58,147,1,-1,-1,-1
408,75,1332,469,58,101,1,-1,-1,-1
408,74,1097,489,67,157,1,-1,-1,-1
408,60,1442,633,80,179,1,-1,-1,-1
408,59,1211,469,57,139,1,-1,-1,-1
408,46,1256,455,52,129,1,-1,-1,-1
408,27,728,784,97,229,1,-1,-1,-1
408,23,437,700,81,205,1,-1,-1,-1
408,12,964,498,59,149,1,-1,-1,-1
409,89,687,448,63,108,1,-1,-1,-1
409,88,1568,411,46,115,1,-1,-1,-1
409,86,1348,643,69,184,1,-1,-1,-1
409,80,665,593,68,171,1,-1,-1,-1
409,76,1054,479,56,148,1,-1,-1,-1
409,75,1341,468,57,102,1,-1,-1,-1
409,74,1103,490,67,157,1,-1,-1,-1
409,60,1446,633,77,178,1,-1,-1,-1
409,59,1220,469,57,139,1,-1,-1,-1
409,46,1263,453,51,131,1,-1,-1,-1
409,27,737,789,100,229,1,-1,-1,-1
409,23,444,698,81,208,1,-1,-1,-1
409,12,965,499,58,148,1,-1,-1,-1
410,89,698,444,60,111,1,-1,-1,-1
410,88,1579,410,45,116,1,-1,-1,-1
410,86,1357,644,71,185,1,-1,-1,-1
410,80,672,593,68,172,1,-1,-1,-1
410,76,1060,479,55,149,1,-1,-1,-1
410,75,1350,467,56,103,1,-1,-1,-1
410,74,1109,491,67,158,1,-1,-1,-1
410,60,1451,633,74,177,1,-1,-1,-1
410,59,1230,469,57,139,1,-1,-1,-1
410,46,1271,451,49,134,1,-1,-1,-1
410,27,745,794,103,229,1,-1,-1,-1
410,23,451,696,80,210,1,-1,-1,-1
410,12,966,501,56,148,1,-1,-1,-1
411,89,710,440,57,113,1,-1,-1,-1
411,88,1589,410,45,117,1,-1,-1,-1
411,86,1367,645,73,185,1,-1,-1,-1
411,80,678,593,68,173,1,-1,-1,-1
411,76,1065,479,54,150,1,-1,-1,-1
411,75,1360,466,56,104,1,-1,-1,-1
411,74,1115,493,68,158,1,-1,-1,-1
411,60,1456,633,70,176,1,-1,-1,-1
411,59,1240,470,57,139,1,-1,-1,-1
411,46,1279,450,47,136,1,-1,-1,-1
411,27,754,799,107,229,1,-1,-1,-1
411,23,458,694,80,213,1,-1,-1,-1
411,12,967,502,54,147,1,-1,-1,-1
412,89,721,436,55,116,1,-1,-1,-1
412,88,1599,409,44,118,1,-1,-1,-1
412,86,1377,646,75,186,1,-1,-1,-1
412,80,685,593,68,174,1,-1,-1,-1
412,76,1071,478,52,152,1,-1,-1,-1
412,75,1369,465,55,106,1,-1,-1,-1
412,74,1120,494,68,159,1,-1,-1,-1
412,60,1460,633,67,175,1,-1,-1,-1
412,59,1250,470,57,139,1,-1,-1,-1
412,46,1287,448,45,138,1,-1,-1,-1
412,27,763,803,110,229,1,-1,-1,-1
412,23,465,692,79,215,1,-1,-1,-1
412,12,968,504,52,147,1,-1,-1,-1
413,89,737,431,51,120,1,-1,-1,-1
413,88,1618,408,43,120,1,-1,-1,-1
413,86,1394,648,78,188,1,-1,-1,-1
413,80,696,593,68,175,1,-1,-1,-1
413,76,1080,478,50,153,1,-1,-1,-1
413,75,1381,464,54,107,1,-1,-1,-1
413,74,1128,496,68,159,1,-1,-1,-1
413,60,1467,633,62,173,1,-1,-1,-1
413,59,1265,470,57,139,1,-1,-1,-1
413,46,1301,445,42,142,1,-1,-1,-1
413,27,777,811,116,229,1,-1,-1,-1
413,23,475,689,78,219,1,-1,-1,-1
413,12,970,506,50,146,1,-1,-1,-1
414,89,740,429,53,121,1,-1,-1,-1
414,88,1619,408,43,120,1,-1,-1,-1
414,86,1396,648,78,188,1,-1,-1,-1
414,80,698,593,68,176,1,-1,-1,-1
414,76,1083,478,49,154,1,-1,-1,-1
414,75,1386,462,54,109,1,-1,-1,-1
414,74,1131,495,66,160,1,-1,-1,-1
414,60,1467,633,64,174,1,-1,-1,-1
414,59,1268,470,57,139,1,-1,-1,-1
414,46,1302,445,42,142,1,-1,-1,-1
414,27,783,810,113,231,1,-1,-1,-1
414,23,477,692,83,217,1,-1,-1,-1
414,12,969,506,51,146,1,-1,-1,-1
415,89,746,427,57,123,1,-1,-1,-1
415,88,1629,407,43,121,1,-1,-1,-1
415,86,1409,650,79,189,1,-1,-1,-1
415,80,703,594,68,176,1,-1,-1,-1
415,76,1090,478,49,154,1,-1,-1,-1
415,75,1393,460,54,112,1,-1,-1,-1
415,74,1135,493,64,161,1,-1,-1,-1
415,60,1466,632,67,174,1,-1,-1,-1
415,59,1276,470,57,140,1,-1,-1,-1
415,46,1306,447,42,142,1,-1,-1,-1
415,27,801,808,104,237,1,-1,-1,-1
415,23,479,697,92,214,1,-1,-1,-1
415,12,968,506,52,147,1,-1,-1,-1
416,89,752,425,61,125,1,-1,-1,-1
416,88,1639,407,44,122,1,-1,-1,-1
416,86,1421,651,79,189,1,-1,-1,-1
416,80,708,595,68,177,1,-1,-1,-1
416,76,1097,479,48,154,1,-1,-1,-1
416,75,1400,458,54,114,1,-1,-1,-1
416,74,1139,492,63,162,1,-1,-1,-1
416,60,1466,631,70,174,1,-1,-1,-1
416,59,1284,470,57,141,1,-1,-1,-1
416,46,1311,449,42,142,1,-1,-1,-1
416,27,818,805,95,243,1,-1,-1,-1
416,23,481,702,100,210,1,-1,-1,-1
416,12,966,506,54,148,1,-1,-1,-1
417,89,758,423,65,127,1,-1,-1,-1
417,88,1649,406,44,122,1,-1,-1,-1
417,86,1434,653,80,190,1,-1,-1,-1
417,80,713,596,68,178,1,-1,-1,-1
417,76,1105,479,47,155,1,-1,-1,-1
417,75,1407,456,54,117,1,-1,-1,-1
417,74,1143,491,61,163,1,-1,-1,-1
417,60,1465,630,73,175,1,-1,-1,-1
417,59,1291,470,57,142,1,-1,-1,-1
417,46,1315,451,42,142,1,-1,-1,-1
417,27,836,803,86,250,1,-1,-1,-1
417,23,483,708,109,207,1,-1,-1,-1
417,12,965,507,55,148,1,-1,-1,-1
418,89,764,421,69,129,1,-1,-1,-1
418,88,1659,406,44,123,1,-1,-1,-1
418,86,1446,654,80,191,1,-1,-1,-1
418,80,719,597,68,179,1,-1,-1,-1
418,76,1112,480,46,155,1,-1,-1,-1
418,75,1414,453,54,120,1,-1,-1,-1
418,74,1147,490,59,164,1,-1,-1,-1
418,60,1464,629,75,175,1,-1,-1,-1
418,59,1299,470,57,143,1,-1,-1,-1
418,46,1320,453,42,142,1,-1,-1,-1
418,27,866,798,70,260,1,-1,-1,-1
418,23,486,713,117,204,1,-1,-1,-1
418,12,964,507,57,149,1,-1,-1,-1
419,89,774,417,76,133,1,-1,-1,-1
419,88,1675,405,44,125,1,-1,-1,-1
419,86,1464,656,81,192,1,-1,-1,-1
419,80,724,597,68,180,1,-1,-1,-1
419,76,1119,480,45,155,1,-1,-1,-1
419,75,1427,450,54,125,1,-1,-1,-1
419,74,1155,487,56,166,1,-1,-1,-1
419,60,1464,628,80,176,1,-1,-1,-1
419,59,1307,470,57,144,1,-1,-1,-1
419,46,1327,456,42,142,1,-1,-1,-1
419,27,870,801,68,259,1,-1,-1,-1
419,23,489,721,131,199,1,-1,-1,-1
419,12,962,507,59,150,1,-1,-1,-1
420,89,775,417,76,133,1,-1,-1,-1
420,88,1678,405,44,125,1,-1,-1,-1
420,86,1470,657,81,192,1,-1,-1,-1
420,80,729,598,68,181,1,-1,-1,-1
420,76,1127,481,44,156,1,-1,-1,-1
420,75,1428,449,55,125,1,-1,-1,-1
420,74,1154,488,56,166,1,-1,-1,-1
420,60,1464,628,80,177,1,-1,-1,-1
420,59,1314,470,57,145,1,-1,-1,-1
420,46,1328,456,42,142,1,-1,-1,-1
420,27,889,810,59,253,1,-1,-1,-1
420,23,494,721,128,200,1,-1,-1,-1
420,12,961,507,59,151,1,-1,-1,-1
421,89,782,417,75,134,1,-1,-1,-1
421,88,1684,405,44,125,1,-1,-1,-1
421,86,1481,658,82,192,1,-1,-1,-1
421,80,731,599,68,181,1,-1,-1,-1
421,76,1131,481,42,155,1,-1,-1,-1
421,75,1434,449,58,126,1,-1,-1,-1
421,74,1154,489,58,165,1,-1,-1,-1
421,60,1466,627,80,178,1,-1,-1,-1
421,59,1321,470,59,146,1,-1,-1,-1
421,46,1332,456,42,142,1,-1,-1,-1
421,27,893,816,65,250,1,-1,-1,-1
421,23,503,719,121,203,1,-1,-1,-1
421,12,961,508,58,152,1,-1,-1,-1
422,89,788,416,74,135,1,-1,-1,-1
422,88,1690,405,44,125,1,-1,-1,-1
422,86,1491,660,82,192,1,-1,-1,-1
422,80,733,599,68,182,1,-1,-1,-1
422,76,1136,482,40,153,1,-1,-1,-1
422,75,1440,448,61,127,1,-1,-1,-1
422,74,1153,490,60,165,1,-1,-1,-1
422,60,1467,625,80,180,1,-1,-1,-1
422,59,1328,470,61,146,1,-1,-1,-1
422,46,1336,457,42,142,1,-1,-1,-1
422,27,898,822,71,247,1,-1,-1,-1
422,23,513,718,115,206,1,-1,-1,-1
422,12,960,508,57,153,1,-1,-1,-1
423,89,795,416,72,135,1,-1,-1,-1
423,88,1697,405,44,125,1,-1,-1,-1
423,86,1502,661,83,193,1,-1,-1,-1
423,80,736,600,68,183,1,-1,-1,-1
423,76,1140,483,38,152,1,-1,-1,-1
423,75,1446,447,64,128,1,-1,-1,-1
423,74,1152,492,62,165,1,-1,-1,-1
423,60,1469,624,80,182,1,-1,-1,-1
423,59,1334,470,62,147,1,-1,-1,-1
423,46,1339,457,42,142,1,-1,-1,-1
423,27,902,828,78,243,1,-1,-1,-1
423,23,523,717,109,209,1,-1,-1,-1
423,12,959,508,57,154,1,-1,-1,-1
424,89,801,415,71,136,1,-1,-1,-1
424,88,1703,405,44,125,1,-1,-1,-1
424,86,1513,662,83,193,1,-1,-1,-1
424,80,738,601,68,184,1,-1,-1,-1
424,76,1145,483,36,151,1,-1,-1,-1
424,75,1452,446,67,129,1,-1,-1,-1
424,74,1151,493,64,164,1,-1,-1,-1
424,60,1470,623,80,184,1,-1,-1,-1
424,59,1341,470,64,148,1,-1,-1,-1
424,46,1343,457,42,142,1,-1,-1,-1
424,27,907,834,84,240,1,-1,-1,-1
424,23,533,716,102,213,1,-1,-1,-1
424,12,958,508,56,155,1,-1,-1,-1
425,89,813,414,69,137,1,-1,-1,-1
425,88,1715,405,44,125,1,-1,-1,-1
425,86,1530,664,84,193,1,-1,-1,-1
425,80,740,601,68,185,1,-1,-1,-1
425,76,1149,484,33,150,1,-1,-1,-1
425,75,1458,445,70,130,1,-1,-1,-1
425,74,1150,494,66,164,1,-1,-1,-1
425,60,1473,621,80,187,1,-1,-1,-1
425,59,1353,470,67,149,1,-1,-1,-1
425,46,1350,458,42,142,1,-1,-1,-1
425,27,915,845,96,234,1,-1,-1,-1
425,23,551,714,90,218,1,-1,-1,-1
425,12,957,508,55,157,1,-1,-1,-1
426,89,814,414,69,137,1,-1,-1,-1
426,88,1716,405,45,125,1,-1,-1,-1
426,86,1533,665,85,194,1,-1,-1,-1
426,80,743,602,68,186,1,-1,-1,-1
426,76,1156,485,30,149,1,-1,-1,-1
426,75,1465,444,74,131,1,-1,-1,-1
426,74,1149,496,68,164,1,-1,-1,-1
426,60,1474,621,80,187,1,-1,-1,-1
426,59,1354,469,67,149,1,-1,-1,-1
426,46,1350,458,42,142,1,-1,-1,-1
426,27,917,845,95,234,1,-1,-1,-1
426,23,552,714,91,218,1,-1,-1,-1
426,12,956,509,55,158,1,-1,-1,-1
427,89,822,413,66,138,1,-1,-1,-1
427,88,1722,404,46,125,1,-1,-1,-1
427,86,1541,665,88,194,1,-1,-1,-1
427,80,743,603,68,186,1,-1,-1,-1
427,76,1156,485,31,150,1,-1,-1,-1
427,75,1471,443,74,132,1,-1,-1,-1
427,74,1151,496,67,165,1,-1,-1,-1
427,60,1477,621,78,186,1,-1,-1,-1
427,59,1361,469,67,150,1,-1,-1,-1
427,46,1353,458,45,143,1,-1,-1,-1
427,27,929,847,92,232,1,-1,-1,-1
427,23,559,716,99,218,1,-1,-1,-1
427,12,957,509,53,158,1,-1,-1,-1
428,89,829,412,62,138,1,-1,-1,-1
428,88,1729,404,47,126,1,-1,-1,-1
428,86,1550,666,90,195,1,-1,-1,-1
428,80,744,603,69,186,1,-1,-1,-1
428,76,1156,485,33,153,1,-1,-1,-1
428,75,1477,442,74,134,1,-1,-1,-1
428,74,1153,496,65,166,1,-1,-1,-1
428,60,1480,620,77,185,1,-1,-1,-1
428,59,1369,468,67,152,1,-1,-1,-1
428,46,1355,458,47,143,1,-1,-1,-1
428,27,940,848,88,231,1,-1,-1,-1
428,23,567,718,106,218,1,-1,-1,-1
428,12,957,510,52,159,1,-1,-1,-1
429,89,837,411,59,139,1,-1,-1,-1
429,88,1736,404,49,127,1,-1,-1,-1
429,86,1558,667,93,196,1,-1,-1,-1
429,80,744,604,70,187,1,-1,-1,-1
429,76,1157,485,35,155,1,-1,-1,-1
429,75,1484,441,73,135,1,-1,-1,-1
429,74,1154,496,63,168,1,-1,-1,-1
429,60,1483,620,76,185,1,-1,-1,-1
429,59,1376,467,67,153,1,-1,-1,-1
429,46,1357,459,50,144,1,-1,-1,-1
429,27,952,849,85,229,1,-1,-1,-1
429,23,575,720,114,218,1,-1,-1,-1
429,12,957,510,51,159,1,-1,-1,-1
430,89,844,410,56,140,1,-1,-1,-1
430,88,1743,403,50,127,1,-1,-1,-1
430,86,1566,668,96,197,1,-1,-1,-1
430,80,745,605,71,187,1,-1,-1,-1
430,76,1157,484,37,158,1,-1,-1,-1
430,75,1491,440,73,136,1,-1,-1,-1
430,74,1156,495,61,169,1,-1,-1,-1
430,60,1486,619,74,184,1,-1,-1,-1
430,59,1384,467,67,155,1,-1,-1,-1
430,46,1360,459,52,145,1,-1,-1,-1
430,27,963,851,81,228,1,-1,-1,-1
430,23,582,722,121,218,1,-1,-1,-1
430,12,957,511,49,159,1,-1,-1,-1
431,89,852,409,53,140,1,-1,-1,-1
431,88,1749,403,52,128,1,-1,-1,-1
431,86,1574,668,99,197,1,-1,-1,-1
431,80,745,606,72,187,1,-1,-1,-1
431,76,1158,484,39,160,1,-1,-1,-1
431,75,1498,439,73,137,1,-1,-1,-1
431,74,1158,495,59,170,1,-1,-1,-1
431,60,1489,619,73,183,1,-1,-1,-1
431,59,1391,466,67,156,1,-1,-1,-1
431,46,1362,460,55,145,1,-1,-1,-1
431,27,975,852,78,226,1,-1,-1,-1
431,23,590,725,129,218,1,-1,-1,-1
431,12,957,511,48,160,1,-1,-1,-1
432,89,862,408,49,141,1,-1,-1,-1
432,88,1760,402,54,129,1,-1,-1,-1
432,86,1584,669,102,198,1,-1,-1,-1
432,80,746,607,73,188,1,-1,-1,-1
432,76,1158,484,41,163,1,-1,-1,-1
432,75,1509,437,73,139,1,-1,-1,-1
432,74,1160,495,56,172,1,-1,-1,-1
432,60,1493,618,71,183,1,-1,-1,-1
432,59,1400,465,67,158,1,-1,-1,-1
432,46,1366,460,59,147,1,-1,-1,-1
432,27,988,854,74,225,1,-1,-1,-1
432,23,600,727,138,218,1,-1,-1,-1
432,12,958,512,46,160,1,-1,-1,-1
433,89,863,408,50,142,1,-1,-1,-1
433,88,1762,402,54,129,1,-1,-1,-1
433,86,1592,670,100,199,1,-1,-1,-1
433,80,746,607,73,188,1,-1,-1,-1
433,76,1159,485,42,164,1,-1,-1,-1
433,75,1512,437,72,139,1,-1,-1,-1
433,74,1160,495,56,172,1,-1,-1,-1
433,60,1494,618,73,182,1,-1,-1,-1
433,59,1405,465,67,158,1,-1,-1,-1
433,46,1367,461,60,146,1,-1,-1,-1
433,27,993,856,75,223,1,-1,-1,-1
433,23,605,727,136,219,1,-1,-1,-1
433,12,955,513,47,160,1,-1,-1,-1
434,89,866,407,51,143,1,-1,-1,-1
434,88,1768,401,54,130,1,-1,-1,-1
434,86,1604,670,98,200,1,-1,-1,-1
434,80,747,607,73,189,1,-1,-1,-1
434,76,1161,485,42,164,1,-1,-1,-1
434,75,1518,437,72,139,1,-1,-1,-1
434,74,1160,496,57,172,1,-1,-1,-1
434,60,1496,617,75,180,1,-1,-1,-1
434,59,1410,465,67,158,1,-1,-1,-1
434,46,1371,462,62,145,1,-1,-1,-1
434,27,999,858,76,221,1,-1,-1,-1
434,23,613,727,133,221,1,-1,-1,-1
434,12,952,514,48,161,1,-1,-1,-1
435,89,868,406,53,144,1,-1,-1,-1
435,88,1773,400,55,131,1,-1,-1,-1
435,86,1615,670,96,201,1,-1,-1,-1
435,80,748,607,72,190,1,-1,-1,-1
435,76,1163,486,43,165,1,-1,-1,-1
435,75,1523,437,71,139,1,-1,-1,-1
435,74,1160,498,58,172,1,-1,-1,-1
435,60,1497,616,78,179,1,-1,-1,-1
435,59,1415,465,67,158,1,-1,-1,-1
435,46,1375,464,64,144,1,-1,-1,-1
435,27,1005,860,77,218,1,-1,-1,-1
435,23,620,726,129,222,1,-1,-1,-1
435,12,949,515,50,161,1,-1,-1,-1
436,89,870,406,54,145,1,-1,-1,-1
436,88,1779,400,55,132,1,-1,-1,-1
436,86,1626,671,93,202,1,-1,-1,-1
436,80,748,608,72,190,1,-1,-1,-1
436,76,1165,487,44,165,1,-1,-1,-1
436,75,1529,437,70,139,1,-1,-1,-1
436,74,1160,499,59,172,1,-1,-1,-1
436,60,1499,616,80,177,1,-1,-1,-1
436,59,1421,465,67,158,1,-1,-1,-1
436,46,1379,465,66,143,1,-1,-1,-1
436,27,1011,862,79,216,1,-1,-1,-1
436,23,628,725,126,223,1,-1,-1,-1
436,12,946,517,51,161,1,-1,-1,-1
437,89,872,405,56,145,1,-1,-1,-1
437,88,1784,399,56,133,1,-1,-1,-1
437,86,1637,671,91,203,1,-1,-1,-1
437,80,749,608,71,191,1,-1,-1,-1
437,76,1167,487,45,166,1,-1,-1,-1
437,75,1535,437,69,139,1,-1,-1,-1
437,74,1159,500,60,172,1,-1,-1,-1
437,60,1500,615,82,176,1,-1,-1,-1
437,59,1426,465,67,158,1,-1,-1,-1
437,46,1383,466,69,142,1,-1,-1,-1
437,27,1017,865,80,214,1,-1,-1,-1
437,23,636,725,122,224,1,-1,-1,-1
437,12,942,518,52,161,1,-1,-1,-1
438,89,875,404,58,146,1,-1,-1,-1
438,88,1792,398,56,134,1,-1,-1,-1
438,86,1655,672,87,204,1,-1,-1,-1
438,80,750,608,70,192,1,-1,-1,-1
438,76,1171,489,46,167,1,-1,-1,-1
438,75,1544,437,68,138,1,-1,-1,-1
438,74,1159,501,61,172,1,-1,-1,-1
438,60,1502,614,86,174,1,-1,-1,-1
438,59,1435,465,67,158,1,-1,-1,-1
438,46,1389,468,72,141,1,-1,-1,-1
438,27,1023,867,81,212,1,-1,-1,-1
438,23,648,724,117,226,1,-1,-1,-1
438,12,938,519,54,162,1,-1,-1,-1
439,89,876,404,59,147,1,-1,-1,-1
439,88,1795,398,56,134,1,-1,-1,-1
439,86,1657,673,90,204,1,-1,-1,-1
439,80,750,608,70,192,1,-1,-1,-1
439,76,1171,489,47,167,1,-1,-1,-1
439,75,1547,437,66,139,1,-1,-1,-1
439,74,1159,502,62,172,1,-1,-1,-1
439,60,1505,613,86,175,1,-1,-1,-1
439,59,1436,465,67,158,1,-1,-1,-1
439,46,1391,469,74,141,1,-1,-1,-1
439,27,1029,869,82,210,1,-1,-1,-1
439,23,652,725,118,226,1,-1,-1,-1
439,12,938,520,54,162,1,-1,-1,-1
440,89,877,404,61,148,1,-1,-1,-1
440,88,1799,399,56,135,1,-1,-1,-1
440,86,1661,674,95,205,1,-1,-1,-1
440,80,755,609,65,193,1,-1,-1,-1
440,76,1172,489,50,168,1,-1,-1,-1
440,75,1553,436,63,140,1,-1,-1,-1
440,74,1159,503,62,172,1,-1,-1,-1
440,60,1511,611,86,178,1,-1,-1,-1
440,59,1440,466,69,158,1,-1,-1,-1
440,46,1395,470,77,141,1,-1,-1,-1
440,27,1035,871,83,208,1,-1,-1,-1
440,23,661,726,119,226,1,-1,-1,-1
440,12,937,521,54,162,1,-1,-1,-1
441,89,879,404,63,149,1,-1,-1,-1
441,88,1804,399,56,135,1,-1,-1,-1
441,86,1666,676,100,206,1,-1,-1,-1
441,80,759,610,61,193,1,-1,-1,-1
441,76,1173,489,53,169,1,-1,-1,-1
441,75,1560,435,60,140,1,-1,-1,-1
441,74,1158,504,63,172,1,-1,-1,-1
441,60,1517,609,86,181,1,-1,-1,-1
441,59,1443,466,70,159,1,-1,-1,-1
441,46,1399,471,80,141,1,-1,-1,-1
441,27,1041,873,85,205,1,-1,-1,-1
441,23,670,728,120,226,1,-1,-1,-1
441,12,937,523,54,162,1,-1,-1,-1
442,89,880,404,65,149,1,-1,-1,-1
442,88,1809,399,56,136,1,-1,-1,-1
442,86,1671,677,105,206,1,-1,-1,-1
442,80,764,610,57,194,1,-1,-1,-1
442,76,1174,489,56,170,1,-1,-1,-1
442,75,1567,434,57,141,1,-1,-1,-1
442,74,1158,505,64,172,1,-1,-1,-1
442,60,1524,607,86,184,1,-1,-1,-1
442,59,1447,466,71,159,1,-1,-1,-1
442,46,1402,472,83,141,1,-1,-1,-1
442,27,1046,876,86,203,1,-1,-1,-1
442,23,678,730,122,226,1,-1,-1,-1
442,12,937,524,54,162,1,-1,-1,-1
443,89,881,404,67,150,1,-1,-1,-1
443,88,1814,400,56,136,1,-1,-1,-1
443,86,1676,679,110,207,1,-1,-1,-1
443,80,768,611,53,194,1,-1,-1,-1
443,76,1175,489,59,171,1,-1,-1,-1
443,75,1573,434,54,142,1,-1,-1,-1
443,74,1158,506,65,172,1,-1,-1,-1
443,60,1530,605,86,187,1,-1,-1,-1
443,59,1450,466,73,159,1,-1,-1,-1
443,46,1406,474,87,141,1,-1,-1,-1
443,27,1052,878,87,201,1,-1,-1,-1
443,23,687,731,123,226,1,-1,-1,-1
443,12,936,525,54,162,1,-1,-1,-1
444,89,883,404,69,151,1,-1,-1,-1
444,88,1822,401,56,137,1,-1,-1,-1
444,86,1682,681,117,207,1,-1,-1,-1
444,80,775,612,47,195,1,-1,-1,-1
444,76,1177,489,64,173,1,-1,-1,-1
444,75,1586,432,48,143,1,-1,-1,-1
444,74,1157,508,67,172,1,-1,-1,-1
444,60,1541,602,86,192,1,-1,-1,-1
444,59,1457,466,76,160,1,-1,-1,-1
444,46,1412,476,92,141,1,-1,-1,-1
444,27,1062,881,89,198,1,-1,-1,-1
444,23,703,734,126,226,1,-1,-1,-1
444,12,936,527,54,162,1,-1,-1,-1
445,89,884,404,72,152,1,-1,-1,-1
445,88,1824,400,56,137,1,-1,-1,-1
445,86,1693,681,111,208,1,-1,-1,-1
445,80,775,612,49,195,1,-1,-1,-1
445,76,1176,490,63,173,1,-1,-1,-1
445,75,1586,432,49,143,1,-1,-1,-1
445,74,1158,508,67,172,1,-1,-1,-1
445,60,1543,602,86,192,1,-1,-1,-1
445,59,1459,466,74,160,1,-1,-1,-1
445,46,1414,476,93,141,1,-1,-1,-1
445,27,1064,882,91,197,1,-1,-1,-1
445,23,704,735,126,226,1,-1,-1,-1
445,12,936,528,55,162,1,-1,-1,-1
446,89,886,404,71,153,1,-1,-1,-1
446,88,1831,400,54,138,1,-1,-1,-1
446,86,1708,682,103,209,1,-1,-1,-1
446,80,774,613,52,195,1,-1,-1,-1
446,76,1174,490,62,173,1,-1,-1,-1
446,75,1589,433,55,142,1,-1,-1,-1
446,74,1161,509,67,173,1,-1,-1,-1
446,60,1552,602,84,189,1,-1,-1,-1
446,59,1470,465,69,161,1,-1,-1,-1
446,46,1423,477,97,141,1,-1,-1,-1
446,27,1067,885,95,194,1,-1,-1,-1
446,23,709,737,129,225,1,-1,-1,-1
446,12,935,529,55,162,1,-1,-1,-1
447,89,887,404,69,154,1,-1,-1,-1
447,88,1839,399,53,139,1,-1,-1,-1
447,86,1724,682,96,209,1,-1,-1,-1
447,80,773,614,55,195,1,-1,-1,-1
447,76,1172,491,60,172,1,-1,-1,-1
447,75,1591,434,62,142,1,-1,-1,-1
447,74,1165,509,67,174,1,-1,-1,-1
447,60,1561,603,82,187,1,-1,-1,-1
447,59,1480,464,64,162,1,-1,-1,-1
447,46,1432,477,100,141,1,-1,-1,-1
447,27,1071,888,100,191,1,-1,-1,-1
447,23,714,740,131,224,1,-1,-1,-1
447,12,934,531,56,162,1,-1,-1,-1
448,89,889,403,68,155,1,-1,-1,-1
448,88,1846,399,51,139,1,-1,-1,-1
448,86,1740,682,88,210,1,-1,-1,-1
448,80,772,615,58,195,1,-1,-1,-1
448,76,1170,491,58,172,1,-1,-1,-1
448,75,1594,434,68,141,1,-1,-1,-1
448,74,1168,509,67,174,1,-1,-1,-1
448,60,1571,603,80,185,1,-1,-1,-1
448,59,1490,464,59,162,1,-1,-1,-1
448,46,1441,478,103,140,1,-1,-1,-1
448,27,1074,891,105,188,1,-1,-1,-1
448,23,719,743,134,223,1,-1,-1,-1
448,12,934,533,57,162,1,-1,-1,-1
449,89,891,403,66,156,1,-1,-1,-1
449,88,1853,399,50,140,1,-1,-1,-1
449,86,1755,683,80,211,1,-1,-1,-1
449,80,771,616,61,195,1,-1,-1,-1
449,76,1168,492,57,172,1,-1,-1,-1
449,75,1596,435,75,140,1,-1,-1,-1
449,74,1172,509,67,175,1,-1,-1,-1
449,60,1580,604,78,183,1,-1,-1,-1
449,59,1501,463,54,163,1,-1,-1,-1
449,46,1449,479,107,140,1,-1,-1,-1
449,27,1078,894,109,185,1,-1,-1,-1
449,23,724,746,137,222,1,-1,-1,-1
449,12,933,535,57,162,1,-1,-1,-1
450,89,894,402,64,157,1,-1,-1,-1
450,88,1860,398,48,141,1,-1,-1,-1
450,86,1781,683,67,212,1,-1,-1,-1
450,80,769,618,68,195,1,-1,-1,-1
450,76,1165,493,54,171,1,-1,-1,-1
450,75,1599,436,81,139,1,-1,-1,-1
450,74,1175,509,67,175,1,-1,-1,-1
450,60,1597,605,74,179,1,-1,-1,-1
450,59,1520,462,44,165,1,-1,-1,-1
450,46,1458,479,110,140,1,-1,-1,-1
450,27,1082,897,114,182,1,-1,-1,-1
450,23,733,751,142,220,1,-1,-1,-1
450,12,932,539,59,162,1,-1,-1,-1
451,89,894,402,63,157,1,-1,-1,-1
451,88,1868,398,47,142,1,-1,-1,-1
451,86,1786,685,82,210,1,-1,-1,-1
451,80,769,618,67,196,1,-1,-1,-1
451,76,1165,493,54,171,1,-1,-1,-1
451,75,1602,436,89,138,1,-1,-1,-1
451,74,1179,510,67,176,1,-1,-1,-1
451,60,1598,604,76,179,1,-1,-1,-1
451,59,1520,462,45,165,1,-1,-1,-1
451,46,1467,480,114,140,1,-1,-1,-1
451,27,1085,900,119,179,1,-1,-1,-1
451,23,737,751,141,220,1,-1,-1,-1
451,12,932,539,59,162,1,-1,-1,-1
452,89,896,402,62,158,1,-1,-1,-1
452,88,1870,401,45,138,1,-1,-1,-1
452,86,1786,685,106,212,1,-1,-1,-1
452,80,772,619,67,197,1,-1,-1,-1
452,76,1165,493,55,173,1,-1,-1,-1
452,75,1610,436,84,139,1,-1,-1,-1
452,74,1180,510,69,177,1,-1,-1,-1
452,60,1604,604,82,179,1,-1,-1,-1
452,59,1522,461,51,166,1,-1,-1,-1
452,46,1480,479,112,141,1,-1,-1,-1
452,27,1089,903,123,176,1,-1,-1,-1
452,23,752,748,139,223,1,-1,-1,-1
452,12,933,539,60,163,1,-1,-1,-1
453,89,897,402,61,158,1,-1,-1,-1
453,88,1873,404,43,135,1,-1,-1,-1
453,86,1791,685,124,215,1,-1,-1,-1
453,80,774,619,66,199,1,-1,-1,-1
453,76,1166,494,55,175,1,-1,-1,-1
453,75,1620,435,78,140,1,-1,-1,-1
453,74,1181,511,72,178,1,-1,-1,-1
453,60,1610,603,89,179,1,-1,-1,-1
453,59,1523,461,56,166,1,-1,-1,-1
453,46,1493,478,110,142,1,-1,-1,-1
453,27,1108,909,120,170,1,-1,-1,-1
453,23,767,745,137,226,1,-1,-1,-1
453,12,934,539,60,163,1,-1,-1,-1
454,89,899,401,59,159,1,-1,-1,-1
454,88,1876,407,41,132,1,-1,-1,-1
454,86,1791,690,127,210,1,-1,-1,-1
454,80,776,620,66,200,1,-1,-1,-1
454,76,1167,494,56,177,1,-1,-1,-1
454,75,1630,435,72,141,1,-1,-1,-1
454,74,1182,512,75,179,1,-1,-1,-1
454,60,1616,602,95,179,1,-1,-1,-1
454,59,1525,461,62,167,1,-1,-1,-1
454,46,1506,477,107,144,1,-1,-1,-1
454,27,1111,909,118,170,1,-1,-1,-1
454,23,782,742,134,229,1,-1,-1,-1
454,12,936,539,61,163,1,-1,-1,-1
455,89,901,401,58,159,1,-1,-1,-1
455,88,1879,410,39,128,1,-1,-1,-1
455,86,1793,691,126,210,1,-1,-1,-1
455,80,778,620,65,202,1,-1,-1,-1
455,76,1167,494,57,179,1,-1,-1,-1
455,75,1641,434,66,141,1,-1,-1,-1
455,74,1183,513,78,180,1,-1,-1,-1
455,60,1622,601,102,179,1,-1,-1,-1
455,59,1526,460,67,167,1,-1,-1,-1
455,46,1519,477,105,145,1,-1,-1,-1
455,27,1134,909,102,170,1,-1,-1,-1
455,23,797,739,132,232,1,-1,-1,-1
455,12,937,539,62,164,1,-1,-1,-1
456,89,902,401,57,159,1,-1,-1,-1
456,88,1881,414,37,125,1,-1,-1,-1
456,86,1802,693,116,210,1,-1,-1,-1
456,80,781,621,64,204,1,-1,-1,-1
456,76,1168,494,57,181,1,-1,-1,-1
456,75,1651,433,60,142,1,-1,-1,-1
456,74,1185,514,81,182,1,-1,-1,-1
456,60,1628,600,108,179,1,-1,-1,-1
456,59,1528,460,73,168,1,-1,-1,-1
456,46,1532,476,103,146,1,-1,-1,-1
456,27,1157,909,87,170,1,-1,-1,-1
456,23,812,736,130,235,1,-1,-1,-1
456,12,938,539,63,164,1,-1,-1,-1
457,89,905,401,55,160,1,-1,-1,-1
457,88,1885,418,34,121,1,-1,-1,-1
457,86,1814,697,105,210,1,-1,-1,-1
457,80,783,621,64,205,1,-1,-1,-1
457,76,1169,494,58,183,1,-1,-1,-1
457,75,1662,433,53,143,1,-1,-1,-1
457,74,1186,515,84,183,1,-1,-1,-1
457,60,1636,599,117,179,1,-1,-1,-1
457,59,1530,459,82,169,1,-1,-1,-1
457,46,1548,474,101,148,1,-1,-1,-1
457,27,1181,909,71,170,1,-1,-1,-1
457,23,833,732,127,240,1,-1,-1,-1
457,12,940,540,64,165,1,-1,-1,-1
458,89,906,401,54,160,1,-1,-1,-1
458,88,1890,445,29,92,1,-1,-1,-1
458,86,1825,697,94,209,1,-1,-1,-1
458,80,786,621,65,206,1,-1,-1,-1
458,76,1169,494,58,183,1,-1,-1,-1
458,75,1665,434,58,142,1,-1,-1,-1
458,74,1192,515,82,183,1,-1,-1,-1
458,60,1643,598,117,181,1,-1,-1,-1
458,59,1532,460,82,169,1,-1,-1,-1
458,46,1557,475,99,147,1,-1,-1,-1
458,27,1188,911,76,168,1,-1,-1,-1
458,23,845,733,125,239,1,-1,-1,-1
458,12,941,540,64,166,1,-1,-1,-1
459,89,909,401,52,160,1,-1,-1,-1
459,88,1899,501,20,36,1,-1,-1,-1
459,86,1843,697,76,209,1,-1,-1,-1
459,80,789,621,67,207,1,-1,-1,-1
459,76,1170,495,58,183,1,-1,-1,-1
459,75,1667,434,64,141,1,-1,-1,-1
459,74,1200,514,79,184,1,-1,-1,-1
459,60,1656,595,117,183,1,-1,-1,-1
459,59,1538,460,79,169,1,-1,-1,-1
459,46,1569,476,97,147,1,-1,-1,-1
459,27,1196,913,81,166,1,-1,-1,-1
459,23,866,735,121,238,1,-1,-1,-1
459,12,942,540,64,168,1,-1,-1,-1
460,89,911,401,50,161,1,-1,-1,-1
460,88,1909,511,10,26,1,-1,-1,-1
460,86,1863,712,56,194,1,-1,-1,-1
460,80,792,621,68,208,1,-1,-1,-1
460,76,1171,495,58,183,1,-1,-1,-1
460,75,1670,435,69,140,1,-1,-1,-1
460,74,1207,514,77,184,1,-1,-1,-1
460,60,1669,593,117,186,1,-1,-1,-1
460,59,1544,460,77,169,1,-1,-1,-1
460,46,1581,477,95,146,1,-1,-1,-1
460,27,1203,915,87,164,1,-1,-1,-1
460,23,886,737,117,237,1,-1,-1,-1
460,12,944,541,64,170,1,-1,-1,-1
461,89,914,402,48,161,1,-1,-1,-1
461,88,1909,511,10,26,1,-1,-1,-1
461,86,1881,712,38,194,1,-1,-1,-1
461,80,795,621,70,209,1,-1,-1,-1
461,76,1171,496,58,183,1,-1,-1,-1
461,75,1673,436,75,139,1,-1,-1,-1
461,74,1214,514,74,185,1,-1,-1,-1
461,60,1682,591,117,188,1,-1,-1,-1
461,59,1550,460,74,169,1,-1,-1,-1
461,46,1594,478,93,145,1,-1,-1,-1
461,27,1211,917,92,162,1,-1,-1,-1
461,23,907,739,113,236,1,-1,-1,-1
461,12,946,541,64,172,1,-1,-1,-1
462,89,916,402,46,161,1,-1,-1,-1
462,86,1904,721,15,185,1,-1,-1,-1
462,80,797,620,71,209,1,-1,-1,-1
462,76,1172,496,58,183,1,-1,-1,-1
462,75,1676,437,81,138,1,-1,-1,-1
462,74,1221,513,72,185,1,-1,-1,-1
462,60,1694,589,117,191,1,-1,-1,-1
462,59,1557,460,72,169,1,-1,-1,-1
462,46,1606,479,91,144,1,-1,-1,-1
462,27,1219,920,98,159,1,-1,-1,-1
462,23,928,741,109,235,1,-1,-1,-1
462,12,947,541,64,173,1,-1,-1,-1
463,89,919,402,44,162,1,-1,-1,-1
463,86,1904,729,15,176,1,-1,-1,-1
463,80,801,620,73,210,1,-1,-1,-1
463,76,1173,497,58,183,1,-1,-1,-1
463,75,1680,439,89,137,1,-1,-1,-1
463,74,1232,513,68,186,1,-1,-1,-1
463,60,1708,587,117,193,1,-1,-1,-1
463,59,1567,460,68,169,1,-1,-1,-1
463,46,1623,480,89,143,1,-1,-1,-1
463,27,1226,922,103,157,1,-1,-1,-1
463,23,950,744,104,234,1,-1,-1,-1
463,12,950,542,64,176,1,-1,-1,-1
464,89,920,402,46,162,1,-1,-1,-1
464,86,1904,753,15,152,1,-1,-1,-1
464,80,800,621,74,210,1,-1,-1,-1
464,76,1173,498,58,183,1,-1,-1,-1
464,75,1685,439,88,137,1,-1,-1,-1
464,74,1234,514,70,185,1,-1,-1,-1
464,60,1720,587,111,191,1,-1,-1,-1
464,59,1568,460,69,169,1,-1,-1,-1
464,46,1628,479,90,145,1,-1,-1,-1
464,27,1235,924,110,155,1,-1,-1,-1
464,23,958,743,110,234,1,-1,-1,-1
464,12,951,542,64,177,1,-1,-1,-1
465,89,921,402,49,162,1,-1,-1,-1
465,86,1904,801,15,104,1,-1,-1,-1
465,80,799,622,76,210,1,-1,-1,-1
465,76,1174,499,59,183,1,-1,-1,-1
465,75,1696,439,84,136,1,-1,-1,-1
465,74,1236,516,73,185,1,-1,-1,-1
465,60,1733,588,105,189,1,-1,-1,-1
465,59,1572,460,70,169,1,-1,-1,-1
465,46,1636,478,92,147,1,-1,-1,-1
465,27,1242,926,105,153,1,-1,-1,-1
465,23,967,742,115,235,1,-1,-1,-1
465,12,954,542,63,179,1,-1,-1,-1
466,89,922,402,51,162,1,-1,-1,-1
466,80,797,624,78,210,1,-1,-1,-1
466,76,1175,500,59,183,1,-1,-1,-1
466,75,1707,439,81,136,1,-1,-1,-1
466,74,1239,518,77,184,1,-1,-1,-1
466,60,1746,589,98,187,1,-1,-1,-1
466,59,1576,460,72,169,1,-1,-1,-1
466,46,1644,477,95,149,1,-1,-1,-1
466,27,1251,927,100,152,1,-1,-1,-1
466,23,975,741,121,235,1,-1,-1,-1
466,12,957,542,62,180,1,-1,-1,-1
467,89,924,402,54,162,1,-1,-1,-1
467,80,795,625,80,210,1,-1,-1,-1
467,76,1176,500,60,183,1,-1,-1,-1
467,75,1718,439,77,136,1,-1,-1,-1
467,74,1241,520,81,184,1,-1,-1,-1
467,60,1759,590,92,185,1,-1,-1,-1
467,59,1580,459,74,169,1,-1,-1,-1
467,46,1652,475,97,151,1,-1,-1,-1
467,27,1260,928,95,151,1,-1,-1,-1
467,23,984,740,127,236,1,-1,-1,-1
467,12,960,542,61,182,1,-1,-1,-1
468,89,925,402,57,162,1,-1,-1,-1
468,80,793,627,81,210,1,-1,-1,-1
468,76,1177,501,60,183,1,-1,-1,-1
468,75,1728,439,74,136,1,-1,-1,-1
468,74,1244,522,84,183,1,-1,-1,-1
468,60,1772,590,86,183,1,-1,-1,-1
468,59,1584,459,76,169,1,-1,-1,-1
468,46,1663,474,100,153,1,-1,-1,-1
468,27,1269,929,90,149,1,-1,-1,-1
468,23,993,739,133,236,1,-1,-1,-1
468,12,963,542,60,183,1,-1,-1,-1
469,89,927,402,62,162,1,-1,-1,-1
469,80,791,628,83,210,1,-1,-1,-1
469,76,1178,503,61,183,1,-1,-1,-1
469,75,1745,439,69,136,1,-1,-1,-1
469,74,1248,526,90,182,1,-1,-1,-1
469,60,1792,592,76,180,1,-1,-1,-1
469,59,1591,459,80,169,1,-1,-1,-1
469,46,1670,474,99,153,1,-1,-1,-1
469,27,1285,932,80,147,1,-1,-1,-1
469,23,1006,737,142,237,1,-1,-1,-1
469,12,968,542,58,186,1,-1,-1,-1
470,89,927,402,62,162,1,-1,-1,-1
470,80,793,629,82,210,1,-1,-1,-1
470,76,1177,503,62,183,1,-1,-1,-1
470,75,1747,438,70,136,1,-1,-1,-1
470,74,1252,525,91,183,1,-1,-1,-1
470,60,1796,593,76,179,1,-1,-1,-1
470,59,1592,459,80,169,1,-1,-1,-1
470,46,1682,474,97,153,1,-1,-1,-1
470,27,1286,932,80,146,1,-1,-1,-1
470,23,1015,736,142,237,1,-1,-1,-1
470,12,969,543,59,185,1,-1,-1,-1
471,89,928,403,63,162,1,-1,-1,-1
471,80,797,629,79,210,1,-1,-1,-1
471,76,1176,505,62,183,1,-1,-1,-1
471,75,1753,438,72,137,1,-1,-1,-1
471,74,1260,523,93,185,1,-1,-1,-1
471,60,1804,596,75,176,1,-1,-1,-1
471,59,1599,459,76,169,1,-1,-1,-1
471,46,1694,475,95,153,1,-1,-1,-1
471,27,1297,936,84,143,1,-1,-1,-1
471,23,1033,735,142,238,1,-1,-1,-1
471,12,971,544,60,184,1,-1,-1,-1
472,89,928,403,64,162,1,-1,-1,-1
472,80,800,629,76,210,1,-1,-1,-1
472,76,1174,506,63,183,1,-1,-1,-1
472,75,1759,438,74,138,1,-1,-1,-1
472,74,1268,521,95,187,1,-1,-1,-1
472,60,1813,598,74,172,1,-1,-1,-1
472,59,1606,458,73,169,1,-1,-1,-1
472,46,1706,476,93,153,1,-1,-1,-1
472,27,1308,940,88,139,1,-1,-1,-1
472,23,1052,733,142,238,1,-1,-1,-1
472,12,974,546,62,183,1,-1,-1,-1
473,89,928,404,66,162,1,-1,-1,-1
473,80,804,629,74,210,1,-1,-1,-1
473,76,1173,507,64,183,1,-1,-1,-1
473,75,1764,438,76,139,1,-1,-1,-1
473,74,1276,520,97,188,1,-1,-1,-1
473,60,1821,601,74,169,1,-1,-1,-1
473,59,1612,458,69,169,1,-1,-1,-1
473,46,1718,476,91,153,1,-1,-1,-1
473,27,1318,943,92,135,1,-1,-1,-1
473,23,1070,732,142,239,1,-1,-1,-1
473,12,976,548,63,182,1,-1,-1,-1
474,89,929,404,67,162,1,-1,-1,-1
474,80,807,630,71,210,1,-1,-1,-1
474,76,1172,508,65,183,1,-1,-1,-1
474,75,1770,438,78,139,1,-1,-1,-1
474,74,1284,518,99,190,1,-1,-1,-1
474,60,1829,603,73,166,1,-1,-1,-1
474,59,1619,458,66,169,1,-1,-1,-1
474,46,1730,477,89,153,1,-1,-1,-1
474,27,1329,947,96,132,1,-1,-1,-1
474,23,1089,730,142,239,1,-1,-1,-1
474,12,979,550,65,181,1,-1,-1,-1
475,89,930,405,69,162,1,-1,-1,-1
475,80,811,630,69,210,1,-1,-1,-1
475,76,1170,509,66,183,1,-1,-1,-1
475,75,1776,438,80,140,1,-1,-1,-1
475,74,1292,517,101,192,1,-1,-1,-1
475,60,1837,606,72,162,1,-1,-1,-1
475,59,1626,457,62,168,1,-1,-1,-1
475,46,1754,478,85,153,1,-1,-1,-1
475,27,1340,951,100,128,1,-1,-1,-1
475,23,1107,729,142,239,1,-1,-1,-1
475,12,983,553,68,179,1,-1,-1,-1
476,89,930,405,69,162,1,-1,-1,-1
476,80,815,630,66,210,1,-1,-1,-1
476,76,1169,511,66,183,1,-1,-1,-1
476,75,1782,437,83,141,1,-1,-1,-1
476,74,1302,515,103,194,1,-1,-1,-1
476,60,1848,609,71,158,1,-1,-1,-1
476,59,1637,457,57,168,1,-1,-1,-1
476,46,1755,478,85,153,1,-1,-1,-1
476,27,1352,955,104,124,1,-1,-1,-1
476,23,1131,727,142,240,1,-1,-1,-1
476,12,984,553,68,179,1,-1,-1,-1
477,89,931,405,69,162,1,-1,-1,-1
477,80,816,631,66,210,1,-1,-1,-1
477,76,1169,511,66,184,1,-1,-1,-1
477,75,1789,436,84,142,1,-1,-1,-1
477,74,1311,516,103,193,1,-1,-1,-1
477,60,1867,609,52,158,1,-1,-1,-1
477,59,1638,457,60,169,1,-1,-1,-1
477,46,1769,479,83,153,1,-1,-1,-1
477,27,1366,957,102,122,1,-1,-1,-1
477,23,1147,727,135,239,1,-1,-1,-1
477,12,987,555,68,180,1,-1,-1,-1
478,89,932,405,68,163,1,-1,-1,-1
478,80,818,632,67,210,1,-1,-1,-1
478,76,1169,511,66,185,1,-1,-1,-1
478,75,1797,434,85,142,1,-1,-1,-1
478,74,1321,518,101,191,1,-1,-1,-1
478,60,1891,619,28,148,1,-1,-1,-1
478,59,1641,457,66,169,1,-1,-1,-1
478,46,1784,481,82,153,1,-1,-1,-1
478,27,1382,960,99,119,1,-1,-1,-1
478,23,1170,728,126,238,1,-1,-1,-1
478,12,990,556,68,181,1,-1,-1,-1
479,89,933,405,68,163,1,-1,-1,-1
479,80,820,633,68,210,1,-1,-1,-1
479,76,1170,511,66,186,1,-1,-1,-1
479,75,1805,433,86,143,1,-1,-1,-1
479,74,1332,519,100,190,1,-1,-1,-1
479,60,1891,619,28,148,1,-1,-1,-1
479,59,1644,456,71,169,1,-1,-1,-1
479,46,1798,482,80,153,1,-1,-1,-1
479,27,1397,962,96,117,1,-1,-1,-1
479,23,1193,728,117,237,1,-1,-1,-1
479,12,994,558,68,182,1,-1,-1,-1
480,89,934,405,67,164,1,-1,-1,-1
480,80,821,634,69,210,1,-1,-1,-1
480,76,1170,511,66,187,1,-1,-1,-1
480,75,1813,431,87,143,1,-1,-1,-1
480,74,1342,521,99,188,1,-1,-1,-1
480,59,1647,456,77,169,1,-1,-1,-1
480,46,1812,483,78,153,1,-1,-1,-1
480,27,1413,965,93,114,1,-1,-1,-1
480,23,1215,729,108,237,1,-1,-1,-1
480,12,997,559,68,183,1,-1,-1,-1
481,89,935,405,67,164,1,-1,-1,-1
481,80,823,636,69,210,1,-1,-1,-1
481,76,1170,511,66,189,1,-1,-1,-1
481,75,1822,430,88,144,1,-1,-1,-1
481,74,1353,523,98,187,1,-1,-1,-1
481,59,1650,456,83,170,1,-1,-1,-1
481,46,1827,484,77,153,1,-1,-1,-1
481,27,1429,967,90,112,1,-1,-1,-1
481,23,1238,730,99,236,1,-1,-1,-1
481,12,1000,561,68,185,1,-1,-1,-1
482,89,937,405,66,165,1,-1,-1,-1
482,80,825,637,70,210,1,-1,-1,-1
482,76,1171,511,66,190,1,-1,-1,-1
482,75,1831,428,88,144,1,-1,-1,-1
482,74,1365,525,97,186,1,-1,-1,-1
482,59,1653,456,89,170,1,-1,-1,-1
482,46,1842,486,75,153,1,-1,-1,-1
482,27,1446,970,86,109,1,-1,-1,-1
482,23,1263,730,89,235,1,-1,-1,-1
482,12,1004,563,68,186,1,-1,-1,-1
483,89,939,405,65,165,1,-1,-1,-1
483,80,827,636,69,211,1,-1,-1,-1
483,76,1172,511,66,190,1,-1,-1,-1
483,75,1839,435,80,132,1,-1,-1,-1
483,74,1370,523,97,187,1,-1,-1,-1
483,59,1656,455,95,170,1,-1,-1,-1
483,46,1854,483,65,153,1,-1,-1,-1
483,27,1461,970,86,109,1,-1,-1,-1
483,23,1271,730,96,235,1,-1,-1,-1
483,12,1008,562,68,187,1,-1,-1,-1
484,89,941,405,64,165,1,-1,-1,-1
484,80,829,636,68,212,1,-1,-1,-1
484,76,1174,511,66,190,1,-1,-1,-1
484,75,1851,444,68,114,1,-1,-1,-1
484,74,1376,521,97,189,1,-1,-1,-1
484,59,1664,454,89,170,1,-1,-1,-1
484,46,1854,502,65,134,1,-1,-1,-1
484,27,1477,970,86,109,1,-1,-1,-1
484,23,1280,729,104,235,1,-1,-1,-1
484,12,1012,562,68,189,1,-1,-1,-1
485,89,943,405,62,164,1,-1,-1,-1
485,80,831,636,68,213,1,-1,-1,-1
485,76,1175,511,66,190,1,-1,-1,-1
485,75,1871,452,48,103,1,-1,-1,-1
485,74,1382,519,97,192,1,-1,-1,-1
485,59,1672,453,82,170,1,-1,-1,-1
485,46,1861,502,58,131,1,-1,-1,-1
485,27,1493,970,86,109,1,-1,-1,-1
485,23,1288,729,112,235,1,-1,-1,-1
485,12,1016,562,68,191,1,-1,-1,-1
486,89,945,405,61,164,1,-1,-1,-1
486,80,833,636,67,214,1,-1,-1,-1
486,76,1177,511,66,190,1,-1,-1,-1
486,75,1889,479,30,78,1,-1,-1,-1
486,74,1388,518,97,194,1,-1,-1,-1
486,59,1681,451,76,170,1,-1,-1,-1
486,46,1870,551,49,74,1,-1,-1,-1
486,27,1509,970,86,109,1,-1,-1,-1
486,23,1297,728,121,235,1,-1,-1,-1
486,12,1020,561,68,193,1,-1,-1,-1
487,89,947,405,60,164,1,-1,-1,-1
487,80,835,635,66,215,1,-1,-1,-1
487,76,1178,511,66,190,1,-1,-1,-1
487,75,1889,479,30,78,1,-1,-1,-1
487,74,1393,516,97,196,1,-1,-1,-1
487,59,1689,450,69,170,1,-1,-1,-1
487,27,1525,970,86,109,1,-1,-1,-1
487,23,1305,728,129,235,1,-1,-1,-1
487,12,1024,561,68,194,1,-1,-1,-1
488,89,951,405,58,163,1,-1,-1,-1
488,80,838,635,64,216,1,-1,-1,-1
488,76,1180,511,66,190,1,-1,-1,-1
488,74,1404,516,97,195,1,-1,-1,-1
488,59,1702,448,58,170,1,-1,-1,-1
488,27,1547,970,86,109,1,-1,-1,-1
488,23,1322,727,145,235,1,-1,-1,-1
488,12,1030,560,68,196,1,-1,-1,-1
489,89,952,405,57,163,1,-1,-1,-1
489,80,838,635,65,216,1,-1,-1,-1
489,76,1181,512,65,190,1,-1,-1,-1
489,74,1416,516,97,195,1,-1,-1,-1
489,59,1704,448,60,170,1,-1,-1,-1
489,27,1555,971,88,108,1,-1,-1,-1
489,23,1323,727,144,235,1,-1,-1,-1
489,12,1033,562,68,197,1,-1,-1,-1
490,89,954,405,56,163,1,-1,-1,-1
490,80,839,636,66,216,1,-1,-1,-1
490,76,1182,513,65,190,1,-1,-1,-1
490,74,1427,516,97,195,1,-1,-1,-1
490,59,1708,448,64,170,1,-1,-1,-1
490,27,1569,972,91,107,1,-1,-1,-1
490,23,1344,725,141,236,1,-1,-1,-1
490,12,1037,563,69,197,1,-1,-1,-1
491,89,956,405,55,163,1,-1,-1,-1
491,80,840,637,67,216,1,-1,-1,-1
491,76,1183,515,65,190,1,-1,-1,-1
491,74,1438,516,97,195,1,-1,-1,-1
491,59,1712,447,68,170,1,-1,-1,-1
491,27,1582,973,94,106,1,-1,-1,-1
491,23,1365,723,138,238,1,-1,-1,-1
491,12,1042,565,69,197,1,-1,-1,-1
492,89,957,406,54,163,1,-1,-1,-1
492,80,841,637,69,216,1,-1,-1,-1
492,76,1184,516,65,189,1,-1,-1,-1
492,74,1449,516,97,194,1,-1,-1,-1
492,59,1716,447,72,170,1,-1,-1,-1
492,27,1595,975,97,104,1,-1,-1,-1
492,23,1386,721,135,239,1,-1,-1,-1
492,12,1046,566,69,198,1,-1,-1,-1
493,89,959,406,53,163,1,-1,-1,-1
493,80,841,638,70,216,1,-1,-1,-1
493,76,1185,518,64,189,1,-1,-1,-1
493,74,1460,516,97,194,1,-1,-1,-1
493,59,1720,447,76,170,1,-1,-1,-1
493,27,1609,976,100,103,1,-1,-1,-1
493,23,1407,719,132,241,1,-1,-1,-1
493,12,1051,568,70,198,1,-1,-1,-1
494,89,962,406,52,163,1,-1,-1,-1
494,80,842,639,71,216,1,-1,-1,-1
494,76,1187,519,64,189,1,-1,-1,-1
494,74,1479,517,97,194,1,-1,-1,-1
494,59,1727,446,83,170,1,-1,-1,-1
494,27,1631,978,105,101,1,-1,-1,-1
494,23,1445,715,127,244,1,-1,-1,-1
494,12,1055,569,70,199,1,-1,-1,-1
495,89,963,406,52,163,1,-1,-1,-1
495,80,843,639,72,216,1,-1,-1,-1
495,76,1188,520,64,189,1,-1,-1,-1
495,74,1482,517,97,193,1,-1,-1,-1
495,59,1730,446,82,170,1,-1,-1,-1
495,27,1639,979,103,100,1,-1,-1,-1
495,23,1449,715,126,243,1,-1,-1,-1
495,12,1060,571,71,199,1,-1,-1,-1
496,89,964,406,53,163,1,-1,-1,-1
496,80,844,641,74,216,1,-1,-1,-1
496,76,1187,521,65,190,1,-1,-1,-1
496,74,1491,519,97,192,1,-1,-1,-1
496,59,1740,445,77,170,1,-1,-1,-1
496,27,1664,983,98,96,1,-1,-1,-1
496,23,1471,717,121,241,1,-1,-1,-1
496,12,1063,573,71,198,1,-1,-1,-1
497,89,965,406,54,163,1,-1,-1,-1
497,80,845,643,76,216,1,-1,-1,-1
497,76,1186,521,66,191,1,-1,-1,-1
497,74,1500,520,96,191,1,-1,-1,-1
497,59,1750,444,73,170,1,-1,-1,-1
497,27,1690,987,93,92,1,-1,-1,-1
497,23,1494,718,117,240,1,-1,-1,-1
497,12,1066,575,71,198,1,-1,-1,-1
498,89,966,405,54,163,1,-1,-1,-1
498,80,847,645,77,216,1,-1,-1,-1
498,76,1185,522,67,192,1,-1,-1,-1
498,74,1509,521,96,190,1,-1,-1,-1
498,59,1760,444,68,170,1,-1,-1,-1
498,27,1715,991,88,88,1,-1,-1,-1
498,23,1517,720,112,238,1,-1,-1,-1
498,12,1069,578,71,197,1,-1,-1,-1
499,89,967,405,55,163,1,-1,-1,-1
499,80,848,647,79,216,1,-1,-1,-1
499,76,1184,522,67,193,1,-1,-1,-1
499,74,1518,523,96,189,1,-1,-1,-1
499,59,1770,443,64,170,1,-1,-1,-1
499,27,1740,995,83,84,1,-1,-1,-1
499,23,1539,722,107,236,1,-1,-1,-1
499,12,1072,581,71,196,1,-1,-1,-1
500,89,969,405,56,163,1,-1,-1,-1
500,80,851,651,82,216,1,-1,-1,-1
500,76,1182,523,69,195,1,-1,-1,-1
500,74,1533,525,96,187,1,-1,-1,-1
500,59,1780,442,60,170,1,-1,-1,-1
500,27,1765,999,77,80,1,-1,-1,-1
500,23,1579,724,99,233,1,-1,-1,-1
500,12,1077,585,72,195,1,-1,-1,-1
501,89,969,405,56,163,1,-1,-1,-1
501,80,851,651,82,216,1,-1,-1,-1
501,76,1182,523,69,195,1,-1,-1,-1
501,74,1537,525,97,188,1,-1,-1,-1
501,59,1790,441,55,170,1,-1,-1,-1
501,27,1795,1004,71,75,1,-1,-1,-1
501,23,1582,725,100,233,1,-1,-1,-1
501,12,1079,585,72,195,1,-1,-1,-1
502,89,969,406,56,163,1,-1,-1,-1
502,80,855,652,80,216,1,-1,-1,-1
502,76,1183,524,68,195,1,-1,-1,-1
502,74,1547,524,98,189,1,-1,-1,-1
502,59,1791,442,62,169,1,-1,-1,-1
502,27,1812,1002,71,76,1,-1,-1,-1
502,23,1596,725,105,233,1,-1,-1,-1
502,12,1084,586,74,197,1,-1,-1,-1
503,89,969,406,56,163,1,-1,-1,-1
503,80,859,652,78,216,1,-1,-1,-1
503,76,1184,525,67,195,1,-1,-1,-1
503,74,1557,524,99,191,1,-1,-1,-1
503,59,1792,442,70,169,1,-1,-1,-1
503,27,1835,1000,71,78,1,-1,-1,-1
503,23,1611,725,110,233,1,-1,-1,-1
503,12,1088,587,75,198,1,-1,-1,-1
504,89,970,407,56,163,1,-1,-1,-1
504,80,863,653,75,216,1,-1,-1,-1
504,76,1186,526,65,195,1,-1,-1,-1
504,74,1567,523,101,193,1,-1,-1,-1
504,59,1793,443,78,168,1,-1,-1,-1
504,27,1854,1001,65,78,1,-1,-1,-1
504,23,1625,726,115,233,1,-1,-1,-1
504,12,1092,588,77,200,1,-1,-1,-1
505,89,970,407,56,163,1,-1,-1,-1
505,80,866,653,73,216,1,-1,-1,-1
505,76,1187,527,64,195,1,-1,-1,-1
505,74,1578,523,102,194,1,-1,-1,-1
505,59,1794,444,85,167,1,-1,-1,-1
505,27,1886,1010,33,69,1,-1,-1,-1
505,23,1639,726,120,233,1,-1,-1,-1
505,12,1097,588,79,201,1,-1,-1,-1
506,89,970,408,56,163,1,-1,-1,-1
506,80,870,653,71,216,1,-1,-1,-1
506,76,1189,528,63,195,1,-1,-1,-1
506,74,1588,522,103,196,1,-1,-1,-1
506,59,1795,444,93,167,1,-1,-1,-1
506,27,1886,1010,33,69,1,-1,-1,-1
506,23,1654,727,125,233,1,-1,-1,-1
506,12,1101,589,80,203,1,-1,-1,-1
507,89,970,408,56,163,1,-1,-1,-1
507,80,874,654,69,216,1,-1,-1,-1
507,76,1190,529,61,195,1,-1,-1,-1
507,74,1598,522,105,198,1,-1,-1,-1
507,59,1797,445,104,166,1,-1,-1,-1
507,23,1675,728,133,233,1,-1,-1,-1
507,12,1107,590,82,204,1,-1,-1,-1
508,89,968,407,57,164,1,-1,-1,-1
508,80,876,654,69,217,1,-1,-1,-1
508,76,1191,530,63,195,1,-1,-1,-1
508,74,1609,522,103,197,1,-1,-1,-1
508,59,1804,445,98,166,1,-1,-1,-1
508,23,1685,726,133,234,1,-1,-1,-1
508,12,1112,591,81,204,1,-1,-1,-1
509,89,965,407,57,164,1,-1,-1,-1
509,80,878,654,69,219,1,-1,-1,-1
509,76,1193,531,64,195,1,-1,-1,-1
509,74,1621,522,100,196,1,-1,-1,-1
509,59,1816,444,89,166,1,-1,-1,-1
509,23,1703,724,133,235,1,-1,-1,-1
509,12,1119,593,80,204,1,-1,-1,-1
510,89,962,406,58,164,1,-1,-1,-1
510,80,880,655,70,220,1,-1,-1,-1
510,76,1194,531,65,195,1,-1,-1,-1
510,74,1632,522,98,196,1,-1,-1,-1
510,59,1828,443,80,166,1,-1,-1,-1
510,23,1722,721,133,237,1,-1,-1,-1
510,12,1126,594,79,204,1,-1,-1,-1
511,89,960,406,58,164,1,-1,-1,-1
511,80,881,655,70,221,1,-1,-1,-1
511,76,1195,532,66,195,1,-1,-1,-1
511,74,1644,522,96,195,1,-1,-1,-1
511,59,1840,443,72,166,1,-1,-1,-1
511,23,1741,719,133,238,1,-1,-1,-1
511,12,1133,595,78,204,1,-1,-1,-1
512,89,957,405,58,164,1,-1,-1,-1
512,80,883,655,70,222,1,-1,-1,-1
512,76,1196,533,67,195,1,-1,-1,-1
512,74,1655,522,94,195,1,-1,-1,-1
512,59,1852,442,63,166,1,-1,-1,-1
512,23,1759,716,133,240,1,-1,-1,-1
512,12,1140,597,77,204,1,-1,-1,-1
513,89,953,405,59,164,1,-1,-1,-1
513,80,886,656,71,224,1,-1,-1,-1
513,76,1197,534,69,195,1,-1,-1,-1
513,74,1678,522,90,194,1,-1,-1,-1
513,59,1869,441,50,166,1,-1,-1,-1
513,23,1786,712,133,242,1,-1,-1,-1
513,12,1150,598,75,204,1,-1,-1,-1
514,89,953,404,58,164,1,-1,-1,-1
514,80,887,656,72,224,1,-1,-1,-1
514,76,1198,534,68,194,1,-1,-1,-1
514,74,1678,522,90,194,1,-1,-1,-1
514,59,1870,444,49,163,1,-1,-1,-1
514,23,1794,722,125,227,1,-1,-1,-1
514,12,1154,600,74,204,1,-1,-1,-1
515,89,953,404,58,164,1,-1,-1,-1
515,80,888,658,73,224,1,-1,-1,-1
515,76,1200,534,67,191,1,-1,-1,-1
515,74,1687,523,93,194,1,-1,-1,-1
515,59,1871,450,48,156,1,-1,-1,-1
515,23,1815,752,104,182,1,-1,-1,-1
515,12,1160,602,73,204,1,-1,-1,-1
516,89,953,404,57,164,1,-1,-1,-1
516,80,890,659,74,224,1,-1,-1,-1
516,76,1202,534,66,188,1,-1,-1,-1
516,74,1696,523,96,194,1,-1,-1,-1
516,59,1873,456,46,150,1,-1,-1,-1
516,23,1838,761,81,164,1,-1,-1,-1
516,12,1167,605,71,204,1,-1,-1,-1
517,89,953,403,57,164,1,-1,-1,-1
517,80,892,660,75,223,1,-1,-1,-1
517,76,1203,534,64,184,1,-1,-1,-1
517,74,1705,524,99,193,1,-1,-1,-1
517,59,1875,464,44,142,1,-1,-1,-1
517,12,1174,607,69,204,1,-1,-1,-1
518,89,953,403,56,164,1,-1,-1,-1
518,80,894,661,76,223,1,-1,-1,-1
518,76,1205,534,63,181,1,-1,-1,-1
518,74,1715,525,102,193,1,-1,-1,-1
518,59,1876,470,43,136,1,-1,-1,-1
518,12,1181,610,68,204,1,-1,-1,-1
519,89,952,403,55,164,1,-1,-1,-1
519,80,897,663,78,223,1,-1,-1,-1
519,76,1208,534,61,176,1,-1,-1,-1
519,74,1725,526,106,193,1,-1,-1,-1
519,59,1878,485,41,121,1,-1,-1,-1
519,12,1192,614,65,204,1,-1,-1,-1
520,89,952,402,55,164,1,-1,-1,-1
520,80,897,664,78,223,1,-1,-1,-1
520,76,1208,534,61,178,1,-1,-1,-1
520,74,1735,524,106,195,1,-1,-1,-1
520,59,1878,485,41,121,1,-1,-1,-1
520,12,1193,614,66,205,1,-1,-1,-1
521,89,949,402,55,164,1,-1,-1,-1
521,80,899,664,79,223,1,-1,-1,-1
521,76,1209,535,61,182,1,-1,-1,-1
521,74,1746,523,106,196,1,-1,-1,-1
521,12,1196,615,70,206,1,-1,-1,-1
522,89,947,401,55,164,1,-1,-1,-1
522,80,901,665,79,224,1,-1,-1,-1
522,76,1209,537,61,187,1,-1,-1,-1
522,74,1757,521,106,198,1,-1,-1,-1
522,12,1199,615,75,207,1,-1,-1,-1
523,89,944,400,55,164,1,-1,-1,-1
523,80,903,666,79,224,1,-1,-1,-1
523,76,1210,538,61,192,1,-1,-1,-1
523,74,1768,520,106,200,1,-1,-1,-1
523,12,1202,616,79,209,1,-1,-1,-1
524,89,942,399,55,164,1,-1,-1,-1
524,80,905,666,79,224,1,-1,-1,-1
524,76,1210,539,61,196,1,-1,-1,-1
524,74,1779,519,106,202,1,-1,-1,-1
524,12,1205,616,84,210,1,-1,-1,-1
525,89,937,398,55,164,1,-1,-1,-1
525,80,908,668,80,225,1,-1,-1,-1
525,76,1211,540,61,205,1,-1,-1,-1
525,74,1796,516,106,204,1,-1,-1,-1
525,12,1211,617,92,213,1,-1,-1,-1
526,89,937,398,55,164,1,-1,-1,-1
526,80,909,668,80,225,1,-1,-1,-1
526,76,1212,540,61,205,1,-1,-1,-1
526,74,1796,516,114,204,1,-1,-1,-1
526,12,1211,617,92,213,1,-1,-1,-1
527,89,935,397,55,164,1,-1,-1,-1
527,80,912,669,79,225,1,-1,-1,-1
527,76,1213,539,63,205,1,-1,-1,-1
527,74,1805,517,112,203,1,-1,-1,-1
527,12,1222,618,89,213,1,-1,-1,-1
528,89,933,396,55,164,1,-1,-1,-1
528,80,915,670,79,225,1,-1,-1,-1
528,76,1215,539,64,205,1,-1,-1,-1
528,74,1830,522,89,198,1,-1,-1,-1
528,12,1233,619,86,214,1,-1,-1,-1
529,89,931,395,55,164,1,-1,-1,-1
529,80,918,671,78,225,1,-1,-1,-1
529,76,1217,538,65,205,1,-1,-1,-1
529,74,1836,522,83,198,1,-1,-1,-1
529,12,1244,619,83,215,1,-1,-1,-1
530,89,929,394,55,164,1,-1,-1,-1
530,80,921,672,77,225,1,-1,-1,-1
530,76,1219,537,66,205,1,-1,-1,-1
530,74,1870,522,49,198,1,-1,-1,-1
530,12,1256,620,80,216,1,-1,-1,-1
531,89,927,393,55,164,1,-1,-1,-1
531,80,925,673,77,225,1,-1,-1,-1
531,76,1221,537,67,205,1,-1,-1,-1
531,74,1888,556,31,164,1,-1,-1,-1
531,12,1267,621,77,216,1,-1,-1,-1
532,89,924,392,55,164,1,-1,-1,-1
532,80,928,674,76,225,1,-1,-1,-1
532,76,1223,536,68,205,1,-1,-1,-1
532,74,1890,556,29,164,1,-1,-1,-1
532,12,1279,622,74,217,1,-1,-1,-1
533,89,924,391,55,164,1,-1,-1,-1
533,80,931,675,75,225,1,-1,-1,-1
533,76,1226,537,68,205,1,-1,-1,-1
533,74,1895,656,24,63,1,-1,-1,-1
533,12,1287,623,72,216,1,-1,-1,-1
534,89,924,390,55,164,1,-1,-1,-1
534,80,934,675,73,225,1,-1,-1,-1
534,76,1229,538,68,205,1,-1,-1,-1
534,74,1895,656,24,63,1,-1,-1,-1
534,12,1296,625,71,215,1,-1,-1,-1
535,89,923,390,55,164,1,-1,-1,-1
535,80,937,675,71,225,1,-1,-1,-1
535,76,1232,539,68,205,1,-1,-1,-1
535,74,1895,656,24,63,1,-1,-1,-1
535,12,1304,627,69,214,1,-1,-1,-1
536,89,923,389,55,164,1,-1,-1,-1
536,80,941,675,70,226,1,-1,-1,-1
536,76,1235,540,68,205,1,-1,-1,-1
536,74,1895,656,24,63,1,-1,-1,-1
536,12,1313,628,67,213,1,-1,-1,-1
537,89,923,388,55,164,1,-1,-1,-1
537,80,944,676,68,226,1,-1,-1,-1
537,76,1239,541,68,205,1,-1,-1,-1
537,12,1322,630,65,212,1,-1,-1,-1
538,89,922,387,55,164,1,-1,-1,-1
538,80,949,676,66,226,1,-1,-1,-1
538,76,1244,543,68,205,1,-1,-1,-1
538,12,1336,633,63,211,1,-1,-1,-1
539,89,921,386,55,164,1,-1,-1,-1
539,80,950,677,66,227,1,-1,-1,-1
539,76,1245,543,68,205,1,-1,-1,-1
539,12,1338,634,65,211,1,-1,-1,-1
540,89,919,386,54,164,1,-1,-1,-1
540,80,952,678,68,228,1,-1,-1,-1
540,76,1249,543,68,205,1,-1,-1,-1
540,12,1343,636,70,212,1,-1,-1,-1
541,89,917,386,53,164,1,-1,-1,-1
541,80,953,680,69,228,1,-1,-1,-1
541,76,1253,543,68,205,1,-1,-1,-1
541,12,1348,639,76,213,1,-1,-1,-1
542,89,916,385,52,164,1,-1,-1,-1
542,80,955,681,70,229,1,-1,-1,-1
542,76,1256,543,68,206,1,-1,-1,-1
542,12,1353,642,81,214,1,-1,-1,-1
543,89,914,385,51,164,1,-1,-1,-1
543,80,957,683,72,230,1,-1,-1,-1
543,76,1260,543,68,206,1,-1,-1,-1
543,12,1358,644,87,215,1,-1,-1,-1
544,89,911,384,50,164,1,-1,-1,-1
544,80,958,685,73,231,1,-1,-1,-1
544,76,1263,543,68,207,1,-1,-1,-1
544,12,1366,648,95,216,1,-1,-1,-1
545,89,909,384,51,164,1,-1,-1,-1
545,80,960,686,74,231,1,-1,-1,-1
545,76,1267,544,68,207,1,-1,-1,-1
545,12,1370,648,94,217,1,-1,-1,-1
546,89,906,384,54,164,1,-1,-1,-1
546,80,960,687,74,231,1,-1,-1,-1
546,76,1269,544,70,207,1,-1,-1,-1
546,12,1379,648,91,218,1,-1,-1,-1
547,89,903,384,57,164,1,-1,-1,-1
547,80,961,687,74,231,1,-1,-1,-1
547,76,1270,545,71,207,1,-1,-1,-1
547,12,1389,649,89,220,1,-1,-1,-1
548,89,899,384,60,164,1,-1,-1,-1
548,80,961,688,74,231,1,-1,-1,-1
548,76,1272,546,72,207,1,-1,-1,-1
548,12,1398,649,87,221,1,-1,-1,-1
549,89,896,384,64,164,1,-1,-1,-1
549,80,962,688,74,231,1,-1,-1,-1
549,76,1274,547,73,207,1,-1,-1,-1
549,12,1407,649,84,223,1,-1,-1,-1
550,89,890,384,69,164,1,-1,-1,-1
550,80,962,689,74,231,1,-1,-1,-1
550,76,1277,548,75,207,1,-1,-1,-1
550,12,1425,649,80,226,1,-1,-1,-1
551,89,891,384,69,164,1,-1,-1,-1
551,80,962,689,74,231,1,-1,-1,-1
551,76,1278,548,74,207,1,-1,-1,-1
551,12,1426,649,80,226,1,-1,-1,-1
552,89,891,383,68,164,1,-1,-1,-1
552,80,963,691,74,231,1,-1,-1,-1
552,76,1284,548,71,208,1,-1,-1,-1
552,12,1435,651,80,226,1,-1,-1,-1
553,89,892,381,68,164,1,-1,-1,-1
553,80,963,693,74,231,1,-1,-1,-1
553,76,1289,548,68,208,1,-1,-1,-1
553,12,1445,652,80,226,1,-1,-1,-1
554,89,892,380,68,164,1,-1,-1,-1
554,80,963,694,74,231,1,-1,-1,-1
554,76,1295,548,65,208,1,-1,-1,-1
554,12,1454,654,80,226,1,-1,-1,-1
555,89,893,379,67,164,1,-1,-1,-1
555,80,963,696,74,231,1,-1,-1,-1
555,76,1300,548,62,209,1,-1,-1,-1
555,12,1464,655,80,226,1,-1,-1,-1
556,89,893,378,67,164,1,-1,-1,-1
556,80,963,698,74,231,1,-1,-1,-1
556,76,1306,548,59,209,1,-1,-1,-1
556,12,1473,656,80,226,1,-1,-1,-1
557,89,894,376,67,164,1,-1,-1,-1
557,80,963,700,74,231,1,-1,-1,-1
557,76,1313,548,55,210,1,-1,-1,-1
557,12,1486,658,80,226,1,-1,-1,-1
558,89,895,375,65,164,1,-1,-1,-1
558,80,965,700,74,231,1,-1,-1,-1
558,76,1314,548,60,209,1,-1,-1,-1
558,12,1492,660,81,226,1,-1,-1,-1
559,89,896,374,63,164,1,-1,-1,-1
559,80,966,700,74,231,1,-1,-1,-1
559,76,1316,549,67,208,1,-1,-1,-1
559,12,1501,663,84,226,1,-1,-1,-1
560,89,897,373,60,163,1,-1,-1,-1
560,80,968,699,74,231,1,-1,-1,-1
560,76,1318,550,75,208,1,-1,-1,-1
560,12,1510,665,86,226,1,-1,-1,-1
561,89,898,372,58,163,1,-1,-1,-1
561,80,970,699,74,231,1,-1,-1,-1
561,76,1320,550,82,207,1,-1,-1,-1
561,12,1519,668,88,226,1,-1,-1,-1
562,89,899,371,56,163,1,-1,-1,-1
562,80,971,699,74,231,1,-1,-1,-1
562,76,1322,551,89,206,1,-1,-1,-1
562,12,1528,671,91,226,1,-1,-1,-1
563,89,900,369,53,162,1,-1,-1,-1
563,80,973,699,74,231,1,-1,-1,-1
563,76,1325,552,97,205,1,-1,-1,-1
563,12,1542,675,94,226,1,-1,-1,-1
564,89,900,369,52,162,1,-1,-1,-1
564,80,972,700,77,233,1,-1,-1,-1
564,76,1329,551,96,206,1,-1,-1,-1
564,12,1546,675,94,227,1,-1,-1,-1
565,89,899,369,52,161,1,-1,-1,-1
565,80,971,701,81,234,1,-1,-1,-1
565,76,1334,550,95,206,1,-1,-1,-1
565,12,1556,676,94,230,1,-1,-1,-1
566,89,899,368,52,161,1,-1,-1,-1
566,80,969,702,84,236,1,-1,-1,-1
566,76,1339,550,94,207,1,-1,-1,-1
566,12,1566,676,93,233,1,-1,-1,-1
567,89,898,367,52,160,1,-1,-1,-1
567,80,968,703,88,238,1,-1,-1,-1
567,76,1344,549,92,207,1,-1,-1,-1
567,12,1576,677,93,236,1,-1,-1,-1
568,89,897,367,52,160,1,-1,-1,-1
568,80,966,704,91,239,1,-1,-1,-1
568,76,1349,548,91,208,1,-1,-1,-1
568,12,1586,677,92,238,1,-1,-1,-1
569,89,896,366,51,159,1,-1,-1,-1
569,80,964,706,98,242,1,-1,-1,-1
569,76,1358,547,88,209,1,-1,-1,-1
569,12,1604,678,91,243,1,-1,-1,-1
570,89,896,366,52,159,1,-1,-1,-1
570,80,964,707,97,242,1,-1,-1,-1
570,76,1359,547,87,209,1,-1,-1,-1
570,12,1607,679,91,243,1,-1,-1,-1
571,89,895,365,52,159,1,-1,-1,-1
571,80,967,708,95,243,1,-1,-1,-1
571,76,1369,546,83,210,1,-1,-1,-1
571,12,1617,680,91,243,1,-1,-1,-1
572,89,894,364,52,159,1,-1,-1,-1
572,80,969,709,93,243,1,-1,-1,-1
572,76,1378,546,78,211,1,-1,-1,-1
572,12,1627,681,91,243,1,-1,-1,-1
573,89,893,363,53,159,1,-1,-1,-1
573,80,971,711,91,244,1,-1,-1,-1
573,76,1387,546,73,212,1,-1,-1,-1
573,12,1638,682,91,243,1,-1,-1,-1
574,89,892,362,53,159,1,-1,-1,-1
574,80,974,712,89,244,1,-1,-1,-1
574,76,1402,545,66,214,1,-1,-1,-1
574,12,1648,683,91,243,1,-1,-1,-1
575,89,890,360,53,159,1,-1,-1,-1
575,80,976,714,87,244,1,-1,-1,-1
575,76,1403,546,67,214,1,-1,-1,-1
575,12,1668,685,91,243,1,-1,-1,-1
576,89,890,360,53,159,1,-1,-1,-1
576,80,978,715,85,245,1,-1,-1,-1
576,76,1407,547,70,214,1,-1,-1,-1
576,12,1669,685,91,243,1,-1,-1,-1
577,89,890,360,53,159,1,-1,-1,-1
577,80,981,716,83,245,1,-1,-1,-1
577,76,1410,547,72,214,1,-1,-1,-1
577,12,1682,689,91,242,1,-1,-1,-1
578,89,891,359,53,159,1,-1,-1,-1
578,80,983,718,81,246,1,-1,-1,-1
578,76,1414,548,75,214,1,-1,-1,-1
578,12,1696,693,91,241,1,-1,-1,-1
579,89,891,359,52,159,1,-1,-1,-1
579,80,985,719,79,246,1,-1,-1,-1
579,76,1417,549,78,214,1,-1,-1,-1
579,12,1709,697,91,240,1,-1,-1,-1
580,89,892,359,52,159,1,-1,-1,-1
580,80,988,721,76,247,1,-1,-1,-1
580,76,1421,550,80,214,1,-1,-1,-1
580,12,1722,700,91,239,1,-1,-1,-1
581,89,893,358,52,159,1,-1,-1,-1
581,80,990,722,74,247,1,-1,-1,-1
581,76,1425,551,83,214,1,-1,-1,-1
581,12,1736,704,91,238,1,-1,-1,-1
582,89,893,358,51,159,1,-1,-1,-1
582,80,994,724,71,248,1,-1,-1,-1
582,76,1430,552,86,214,1,-1,-1,-1
582,12,1752,709,91,237,1,-1,-1,-1
583,89,894,357,51,159,1,-1,-1,-1
583,80,994,724,72,248,1,-1,-1,-1
583,76,1434,552,85,214,1,-1,-1,-1
583,12,1760,711,93,239,1,-1,-1,-1
584,89,894,356,51,159,1,-1,-1,-1
584,80,995,725,74,248,1,-1,-1,-1
584,76,1442,552,83,214,1,-1,-1,-1
584,12,1770,714,95,241,1,-1,-1,-1
585,89,894,355,51,159,1,-1,-1,-1
585,80,997,726,76,248,1,-1,-1,-1
585,76,1450,553,80,214,1,-1,-1,-1
585,12,1780,716,97,243,1,-1,-1,-1
586,89,895,354,51,159,1,-1,-1,-1
586,80,998,727,78,248,1,-1,-1,-1
586,76,1458,553,78,214,1,-1,-1,-1
586,12,1790,719,100,244,1,-1,-1,-1
587,89,895,353,51,159,1,-1,-1,-1
587,80,999,728,79,248,1,-1,-1,-1
587,76,1466,553,75,214,1,-1,-1,-1
587,12,1800,721,102,246,1,-1,-1,-1
588,89,895,352,51,159,1,-1,-1,-1
588,80,1001,729,82,248,1,-1,-1,-1
588,76,1478,554,72,214,1,-1,-1,-1
588,12,1813,725,105,249,1,-1,-1,-1
589,89,895,352,51,159,1,-1,-1,-1
589,80,1002,730,83,248,1,-1,-1,-1
589,76,1478,554,75,213,1,-1,-1,-1
589,12,1824,727,94,247,1,-1,-1,-1
590,89,894,351,51,159,1,-1,-1,-1
590,80,1003,732,84,248,1,-1,-1,-1
590,76,1480,554,80,213,1,-1,-1,-1
590,12,1851,732,67,241,1,-1,-1,-1
591,89,894,351,51,159,1,-1,-1,-1
591,80,1004,734,86,248,1,-1,-1,-1
591,76,1481,554,85,213,1,-1,-1,-1
591,12,1866,732,52,241,1,-1,-1,-1
592,89,893,350,51,159,1,-1,-1,-1
592,80,1005,736,88,248,1,-1,-1,-1
592,76,1483,555,90,212,1,-1,-1,-1
592,12,1868,759,50,214,1,-1,-1,-1
593,89,892,350,51,159,1,-1,-1,-1
593,80,1006,738,89,248,1,-1,-1,-1
593,76,1484,555,95,212,1,-1,-1,-1
593,12,1870,766,49,208,1,-1,-1,-1
594,89,891,348,51,159,1,-1,-1,-1
594,80,1008,741,91,248,1,-1,-1,-1
594,76,1486,556,103,211,1,-1,-1,-1
594,12,1872,776,47,198,1,-1,-1,-1
595,89,890,348,51,159,1,-1,-1,-1
595,80,1007,737,90,246,1,-1,-1,-1
595,76,1485,552,100,210,1,-1,-1,-1
595,12,1876,894,42,64,1,-1,-1,-1
596,89,886,337,51,163,1,-1,-1,-1
596,80,1005,729,88,243,1,-1,-1,-1
596,76,1483,546,94,208,1,-1,-1,-1
596,12,1879,894,39,54,1,-1,-1,-1
597,89,881,326,51,167,1,-1,-1,-1
597,80,1003,722,85,241,1,-1,-1,-1
597,76,1481,539,89,206,1,-1,-1,-1
598,89,876,316,51,171,1,-1,-1,-1
598,80,1001,714,83,238,1,-1,-1,-1
598,76,1479,532,83,205,1,-1,-1,-1
600,89,863,286,51,182,1,-1,-1,-1
600,80,997,699,78,232,1,-1,-1,-1
600,76,1475,519,72,201,1,-1,-1,-1
601,89,862,287,50,181,1,-1,-1,-1
601,80,995,691,75,229,1,-1,-1,-1
601,76,1472,511,66,199,1,-1,-1,-1
601,12,1878,728,41,201,1,-1,-1,-1
602,89,859,294,49,174,1,-1,-1,-1
602,80,993,691,74,227,1,-1,-1,-1
602,76,1465,512,69,197,1,-1,-1,-1
602,12,1831,681,88,235,1,-1,-1,-1
603,89,856,301,47,167,1,-1,-1,-1
603,80,991,691,74,225,1,-1,-1,-1
603,76,1457,513,72,194,1,-1,-1,-1
603,12,1823,681,90,233,1,-1,-1,-1
604,89,852,308,46,160,1,-1,-1,-1
604,80,990,692,73,223,1,-1,-1,-1
604,76,1449,514,76,192,1,-1,-1,-1
604,12,1811,680,93,232,1,-1,-1,-1
605,89,849,315,44,153,1,-1,-1,-1
605,80,988,692,72,221,1,-1,-1,-1
605,76,1440,516,80,189,1,-1,-1,-1
605,12,1816,683,91,229,1,-1,-1,-1
606,102,1862,503,56,170,1,-1,-1,-1
606,89,845,322,43,146,1,-1,-1,-1
606,80,986,692,71,219,1,-1,-1,-1
606,76,1432,517,83,187,1,-1,-1,-1
606,12,1824,687,88,224,1,-1,-1,-1
607,102,1854,503,64,170,1,-1,-1,-1
607,89,840,333,41,136,1,-1,-1,-1
607,80,985,693,71,217,1,-1,-1,-1
607,76,1422,518,88,184,1,-1,-1,-1
607,12,1834,692,85,219,1,-1,-1,-1
608,102,1850,503,66,170,1,-1,-1,-1
608,89,838,333,41,135,1,-1,-1,-1
608,80,984,693,72,217,1,-1,-1,-1
608,76,1422,518,83,184,1,-1,-1,-1
608,12,1839,692,80,219,1,-1,-1,-1
609,102,1839,504,73,170,1,-1,-1,-1
609,89,834,335,42,135,1,-1,-1,-1
609,80,982,694,74,217,1,-1,-1,-1
609,76,1423,519,77,185,1,-1,-1,-1
609,12,1853,692,66,219,1,-1,-1,-1
610,102,1839,504,73,170,1,-1,-1,-1
610,89,830,337,42,134,1,-1,-1,-1
610,80,981,695,76,217,1,-1,-1,-1
610,76,1424,520,71,185,1,-1,-1,-1
610,12,1853,692,66,219,1,-1,-1,-1
611,102,1832,506,69,168,1,-1,-1,-1
611,89,826,338,43,134,1,-1,-1,-1
611,80,980,695,78,217,1,-1,-1,-1
611,76,1424,520,65,185,1,-1,-1,-1
611,12,1849,693,70,216,1,-1,-1,-1
612,102,1824,508,66,167,1,-1,-1,-1
612,89,822,340,43,133,1,-1,-1,-1
612,80,979,696,80,217,1,-1,-1,-1
612,76,1425,521,59,186,1,-1,-1,-1
612,12,1845,693,74,213,1,-1,-1,-1
613,102,1811,511,60,164,1,-1,-1,-1
613,89,817,342,44,133,1,-1,-1,-1
613,80,978,697,83,217,1,-1,-1,-1
613,76,1425,522,51,186,1,-1,-1,-1
613,12,1839,694,80,207,1,-1,-1,-1
614,102,1810,512,60,164,1,-1,-1,-1
614,89,817,343,43,133,1,-1,-1,-1
614,80,980,700,83,217,1,-1,-1,-1
614,76,1427,524,55,186,1,-1,-1,-1
614,12,1842,699,76,205,1,-1,-1,-1
615,102,1805,516,60,164,1,-1,-1,-1
615,89,817,346,42,133,1,-1,-1,-1
615,80,982,703,83,217,1,-1,-1,-1
615,76,1428,526,60,185,1,-1,-1,-1
615,12,1852,712,66,200,1,-1,-1,-1
616,102,1800,519,60,164,1,-1,-1,-1
616,89,817,349,41,133,1,-1,-1,-1
616,80,985,706,84,218,1,-1,-1,-1
616,76,1430,529,65,184,1,-1,-1,-1
616,12,1862,725,57,194,1,-1,-1,-1
617,102,1795,523,60,164,1,-1,-1,-1
617,89,817,351,40,133,1,-1,-1,-1
617,80,987,710,84,218,1,-1,-1,-1
617,76,1431,532,70,183,1,-1,-1,-1
617,12,1872,738,47,189,1,-1,-1,-1
618,102,1790,527,60,164,1,-1,-1,-1
618,89,817,354,38,133,1,-1,-1,-1
618,80,990,713,85,219,1,-1,-1,-1
618,76,1433,534,75,183,1,-1,-1,-1
618,12,1883,752,36,183,1,-1,-1,-1
619,102,1781,533,60,164,1,-1,-1,-1
619,89,818,359,36,133,1,-1,-1,-1
619,80,994,719,86,219,1,-1,-1,-1
619,76,1435,539,83,181,1,-1,-1,-1
619,12,1892,752,27,183,1,-1,-1,-1
620,102,1780,534,60,164,1,-1,-1,-1
620,89,817,359,36,133,1,-1,-1,-1
620,80,996,719,85,219,1,-1,-1,-1
620,76,1435,539,84,181,1,-1,-1,-1
620,12,1897,768,22,167,1,-1,-1,-1
621,102,1778,535,60,164,1,-1,-1,-1
621,89,814,361,38,132,1,-1,-1,-1
621,80,1001,721,84,219,1,-1,-1,-1
621,76,1435,541,85,181,1,-1,-1,-1
621,12,1907,768,12,167,1,-1,-1,-1
622,102,1777,537,60,164,1,-1,-1,-1
622,89,810,362,39,132,1,-1,-1,-1
622,80,1005,723,83,219,1,-1,-1,-1
622,76,1436,543,86,181,1,-1,-1,-1
622,12,1907,768,12,167,1,-1,-1,-1
623,102,1775,538,60,164,1,-1,-1,-1
623,89,806,364,41,131,1,-1,-1,-1
623,80,1010,725,82,219,1,-1,-1,-1
623,76,1436,544,87,180,1,-1,-1,-1
624,102,1773,540,60,164,1,-1,-1,-1
624,89,803,365,43,131,1,-1,-1,-1
624,80,1015,726,81,219,1,-1,-1,-1
624,76,1436,546,88,180,1,-1,-1,-1
625,102,1769,543,60,164,1,-1,-1,-1
625,89,799,367,44,130,1,-1,-1,-1
625,80,1023,729,80,219,1,-1,-1,-1
625,76,1436,548,90,180,1,-1,-1,-1
626,102,1769,543,60,164,1,-1,-1,-1
626,89,794,369,46,130,1,-1,-1,-1
626,80,1024,730,80,219,1,-1,-1,-1
626,76,1439,549,88,180,1,-1,-1,-1
627,102,1770,545,59,164,1,-1,-1,-1
627,89,794,369,46,129,1,-1,-1,-1
627,80,1027,733,80,219,1,-1,-1,-1
627,76,1447,550,82,180,1,-1,-1,-1
628,102,1771,547,58,164,1,-1,-1,-1
628,89,794,370,45,129,1,-1,-1,-1
628,80,1030,736,80,219,1,-1,-1,-1
628,76,1455,551,76,180,1,-1,-1,-1
629,102,1772,548,57,164,1,-1,-1,-1
629,89,793,371,45,129,1,-1,-1,-1
629,80,1033,738,80,219,1,-1,-1,-1
629,76,1463,552,70,180,1,-1,-1,-1
630,102,1772,550,56,164,1,-1,-1,-1
630,89,793,371,44,129,1,-1,-1,-1
630,80,1036,741,80,219,1,-1,-1,-1
630,76,1471,553,65,180,1,-1,-1,-1
631,102,1773,552,55,164,1,-1,-1,-1
631,89,793,372,44,129,1,-1,-1,-1
631,80,1039,744,80,219,1,-1,-1,-1
631,76,1479,554,59,180,1,-1,-1,-1
632,102,1774,555,54,164,1,-1,-1,-1
632,89,792,373,43,128,1,-1,-1,-1
632,80,1043,748,80,219,1,-1,-1,-1
632,76,1490,556,51,180,1,-1,-1,-1
634,102,1780,555,51,165,1,-1,-1,-1
634,80,1053,751,80,219,1,-1,-1,-1
634,76,1491,559,65,178,1,-1,-1,-1
635,103,776,416,11,8,1,-1,-1,-1
635,102,1783,555,49,165,1,-1,-1,-1
635,80,1059,753,80,219,1,-1,-1,-1
635,76,1492,561,74,177,1,-1,-1,-1
636,103,773,417,11,8,1,-1,-1,-1
636,102,1787,556,47,165,1,-1,-1,-1
636,89,777,375,46,126,1,-1,-1,-1
636,80,1066,755,80,219,1,-1,-1,-1
636,76,1493,563,83,176,1,-1,-1,-1
637,103,770,417,11,8,1,-1,-1,-1
637,102,1790,556,46,166,1,-1,-1,-1
637,89,774,376,47,125,1,-1,-1,-1
637,80,1072,757,80,219,1,-1,-1,-1
637,76,1493,565,92,175,1,-1,-1,-1
638,103,767,419,11,8,1,-1,-1,-1
638,102,1794,556,44,166,1,-1,-1,-1
638,89,768,377,48,124,1,-1,-1,-1
638,80,1081,759,80,219,1,-1,-1,-1
638,76,1494,568,105,173,1,-1,-1,-1
639,103,765,419,12,8,1,-1,-1,-1
639,102,1795,557,48,166,1,-1,-1,-1
639,89,767,378,48,124,1,-1,-1,-1
639,80,1084,760,80,220,1,-1,-1,-1
639,76,1498,567,102,174,1,-1,-1,-1
640,103,763,420,12,8,1,-1,-1,-1
640,102,1795,558,53,166,1,-1,-1,-1
640,89,765,378,48,124,1,-1,-1,-1
640,80,1090,762,79,220,1,-1,-1,-1
640,76,1506,566,96,175,1,-1,-1,-1
641,103,761,420,12,9,1,-1,-1,-1
641,102,1795,560,58,165,1,-1,-1,-1
641,89,764,379,48,124,1,-1,-1,-1
641,80,1095,763,79,220,1,-1,-1,-1
641,76,1514,565,90,177,1,-1,-1,-1
642,103,759,421,12,9,1,-1,-1,-1
642,102,1795,561,63,165,1,-1,-1,-1
642,89,762,379,48,124,1,-1,-1,-1
642,80,1101,765,79,220,1,-1,-1,-1
642,76,1522,564,84,178,1,-1,-1,-1
643,103,757,421,13,10,1,-1,-1,-1
643,102,1796,562,68,164,1,-1,-1,-1
643,89,760,380,48,124,1,-1,-1,-1
643,80,1106,766,79,220,1,-1,-1,-1
643,76,1530,563,78,180,1,-1,-1,-1
644,102,1796,564,76,163,1,-1,-1,-1
644,89,757,381,48,124,1,-1,-1,-1
644,80,1117,769,78,221,1,-1,-1,-1
644,76,1545,561,67,183,1,-1,-1,-1
645,102,1799,564,75,163,1,-1,-1,-1
645,89,756,380,48,124,1,-1,-1,-1
645,80,1117,770,79,221,1,-1,-1,-1
645,76,1545,561,68,183,1,-1,-1,-1
646,102,1806,564,72,163,1,-1,-1,-1
646,89,752,380,49,124,1,-1,-1,-1
646,80,1122,771,84,221,1,-1,-1,-1
646,76,1549,563,75,182,1,-1,-1,-1
647,102,1812,564,68,163,1,-1,-1,-1
647,89,748,380,49,124,1,-1,-1,-1
647,80,1128,772,89,222,1,-1,-1,-1
647,76,1554,564,83,181,1,-1,-1,-1
648,102,1819,564,65,163,1,-1,-1,-1
648,89,744,379,50,124,1,-1,-1,-1
648,80,1133,774,93,223,1,-1,-1,-1
648,76,1558,565,90,180,1,-1,-1,-1
649,102,1825,564,62,163,1,-1,-1,-1
649,89,740,379,50,124,1,-1,-1,-1
649,80,1138,775,98,223,1,-1,-1,-1
649,76,1562,567,98,179,1,-1,-1,-1
650,102,1832,565,59,163,1,-1,-1,-1
650,89,732,379,51,124,1,-1,-1,-1
650,80,1143,777,103,224,1,-1,-1,-1
650,76,1567,568,105,178,1,-1,-1,-1
651,102,1839,565,55,163,1,-1,-1,-1
651,89,732,379,51,124,1,-1,-1,-1
651,80,1150,778,109,224,1,-1,-1,-1
651,76,1572,570,114,177,1,-1,-1,-1
652,102,1838,565,60,164,1,-1,-1,-1
652,89,729,379,52,124,1,-1,-1,-1
652,80,1155,778,105,225,1,-1,-1,-1
652,76,1579,570,108,177,1,-1,-1,-1
653,102,1837,566,65,165,1,-1,-1,-1
653,89,726,379,52,124,1,-1,-1,-1
653,80,1162,779,99,225,1,-1,-1,-1
653,76,1589,569,98,177,1,-1,-1,-1
654,102,1837,566,69,167,1,-1,-1,-1
654,89,724,379,52,124,1,-1,-1,-1
654,80,1169,779,94,225,1,-1,-1,-1
654,76,1598,569,89,177,1,-1,-1,-1
655,102,1836,567,74,168,1,-1,-1,-1
655,89,721,379,52,124,1,-1,-1,-1
655,80,1176,779,88,226,1,-1,-1,-1
655,76,1608,568,80,178,1,-1,-1,-1
656,102,1835,567,79,169,1,-1,-1,-1
656,89,718,379,52,124,1,-1,-1,-1
656,80,1183,779,82,226,1,-1,-1,-1
656,76,1617,568,71,178,1,-1,-1,-1
657,102,1834,568,85,171,1,-1,-1,-1
657,89,715,379,52,124,1,-1,-1,-1
657,80,1190,780,76,226,1,-1,-1,-1
657,76,1627,567,61,178,1,-1,-1,-1
658,102,1837,568,82,171,1,-1,-1,-1
658,89,712,380,52,124,1,-1,-1,-1
658,80,1196,782,79,226,1,-1,-1,-1
658,76,1632,568,69,178,1,-1,-1,-1
659,102,1843,568,76,171,1,-1,-1,-1
659,89,710,380,53,124,1,-1,-1,-1
659,80,1202,784,81,226,1,-1,-1,-1
659,76,1636,569,77,178,1,-1,-1,-1
660,102,1849,568,70,171,1,-1,-1,-1
660,89,707,380,53,124,1,-1,-1,-1
660,80,1208,786,83,226,1,-1,-1,-1
660,76,1641,569,86,178,1,-1,-1,-1
661,102,1855,568,64,171,1,-1,-1,-1
661,89,704,380,53,124,1,-1,-1,-1
661,80,1214,788,86,226,1,-1,-1,-1
661,76,1645,570,94,178,1,-1,-1,-1
662,102,1861,569,58,171,1,-1,-1,-1
662,89,701,380,53,124,1,-1,-1,-1
662,80,1220,790,88,226,1,-1,-1,-1
662,76,1650,571,103,178,1,-1,-1,-1
663,102,1869,569,50,171,1,-1,-1,-1
663,89,698,380,53,124,1,-1,-1,-1
663,80,1228,793,91,226,1,-1,-1,-1
663,76,1656,572,114,178,1,-1,-1,-1
664,102,1877,569,42,171,1,-1,-1,-1
664,89,695,381,53,124,1,-1,-1,-1
664,80,1234,794,89,226,1,-1,-1,-1
664,76,1661,572,111,179,1,-1,-1,-1
665,102,1884,569,35,171,1,-1,-1,-1
665,89,693,380,54,124,1,-1,-1,-1
665,80,1243,795,85,227,1,-1,-1,-1
665,76,1668,572,106,179,1,-1,-1,-1
666,102,1888,573,31,167,1,-1,-1,-1
666,89,691,380,54,124,1,-1,-1,-1
666,80,1251,795,81,227,1,-1,-1,-1
666,76,1675,572,100,180,1,-1,-1,-1
667,102,1891,577,28,163,1,-1,-1,-1
667,89,689,379,54,125,1,-1,-1,-1
667,80,1260,796,76,227,1,-1,-1,-1
667,76,1682,572,95,181,1,-1,-1,-1
668,102,1891,597,28,143,1,-1,-1,-1
668,89,687,379,54,125,1,-1,-1,-1
668,80,1269,796,72,228,1,-1,-1,-1
668,76,1689,572,90,181,1,-1,-1,-1
669,102,1889,648,30,92,1,-1,-1,-1
669,89,685,379,55,125,1,-1,-1,-1
669,80,1283,798,65,228,1,-1,-1,-1
669,76,1701,572,81,182,1,-1,-1,-1
670,102,1890,648,29,92,1,-1,-1,-1
670,89,682,378,55,126,1,-1,-1,-1
670,80,1284,798,68,228,1,-1,-1,-1
670,76,1704,572,82,182,1,-1,-1,-1
671,102,1891,648,28,92,1,-1,-1,-1
671,89,680,378,55,126,1,-1,-1,-1
671,80,1288,801,76,228,1,-1,-1,-1
671,76,1712,573,87,182,1,-1,-1,-1
672,102,1891,648,28,92,1,-1,-1,-1
672,89,677,378,55,126,1,-1,-1,-1
672,80,1291,803,84,228,1,-1,-1,-1
672,76,1720,573,91,182,1,-1,-1,-1
673,89,675,378,55,126,1,-1,-1,-1
673,80,1294,805,92,228,1,-1,-1,-1
673,76,1728,573,96,182,1,-1,-1,-1
674,89,672,378,55,126,1,-1,-1,-1
674,80,1298,807,100,228,1,-1,-1,-1
674,76,1736,574,101,182,1,-1,-1,-1
675,89,667,378,55,126,1,-1,-1,-1
675,80,1301,810,108,228,1,-1,-1,-1
675,76,1744,574,105,182,1,-1,-1,-1
676,89,667,378,56,126,1,-1,-1,-1
676,80,1305,812,117,228,1,-1,-1,-1
676,76,1753,575,111,182,1,-1,-1,-1
677,89,666,378,59,126,1,-1,-1,-1
677,80,1315,812,110,229,1,-1,-1,-1
677,76,1760,575,105,182,1,-1,-1,-1
678,89,665,378,63,126,1,-1,-1,-1
678,80,1327,811,101,230,1,-1,-1,-1
678,76,1768,575,99,182,1,-1,-1,-1
679,89,662,377,69,127,1,-1,-1,-1
679,80,1339,811,93,232,1,-1,-1,-1
679,76,1776,575,93,182,1,-1,-1,-1
680,89,662,377,69,127,1,-1,-1,-1
680,80,1351,810,85,233,1,-1,-1,-1
680,76,1784,576,87,182,1,-1,-1,-1
681,89,662,378,70,127,1,-1,-1,-1
681,80,1363,810,76,234,1,-1,-1,-1
681,76,1792,576,80,182,1,-1,-1,-1
682,89,661,378,71,127,1,-1,-1,-1
682,80,1375,810,68,235,1,-1,-1,-1
682,76,1800,576,74,182,1,-1,-1,-1
683,89,662,378,71,126,1,-1,-1,-1
683,80,1380,812,74,235,1,-1,-1,-1
683,76,1807,576,74,182,1,-1,-1,-1
684,89,663,378,72,126,1,-1,-1,-1
684,80,1383,814,82,235,1,-1,-1,-1
684,76,1814,576,74,182,1,-1,-1,-1
685,89,664,379,73,126,1,-1,-1,-1
685,80,1386,817,89,235,1,-1,-1,-1
685,76,1821,576,74,182,1,-1,-1,-1
686,89,664,379,73,125,1,-1,-1,-1
686,80,1390,819,97,235,1,-1,-1,-1
686,76,1828,576,74,182,1,-1,-1,-1
687,89,666,379,74,125,1,-1,-1,-1
687,80,1393,822,104,235,1,-1,-1,-1
687,76,1835,576,74,182,1,-1,-1,-1
688,89,668,379,72,125,1,-1,-1,-1
688,80,1398,825,115,235,1,-1,-1,-1
688,76,1845,576,74,182,1,-1,-1,-1
689,89,672,379,69,125,1,-1,-1,-1
689,80,1405,825,110,236,1,-1,-1,-1
689,76,1845,578,74,181,1,-1,-1,-1
690,89,675,379,66,125,1,-1,-1,-1
690,80,1416,826,104,237,1,-1,-1,-1
690,76,1845,583,74,175,1,-1,-1,-1
691,89,678,380,63,125,1,-1,-1,-1
691,80,1427,826,97,238,1,-1,-1,-1
691,76,1846,586,73,173,1,-1,-1,-1
692,89,682,380,60,126,1,-1,-1,-1
692,80,1438,826,91,239,1,-1,-1,-1
692,76,1855,607,64,152,1,-1,-1,-1
693,89,685,380,57,126,1,-1,-1,-1
693,80,1449,826,84,240,1,-1,-1,-1
693,76,1870,607,49,152,1,-1,-1,-1
694,89,691,380,52,126,1,-1,-1,-1
694,80,1470,826,72,241,1,-1,-1,-1
695,89,691,380,52,126,1,-1,-1,-1
695,80,1470,826,72,241,1,-1,-1,-1
696,89,693,380,53,126,1,-1,-1,-1
696,80,1474,828,84,241,1,-1,-1,-1
697,89,695,380,53,126,1,-1,-1,-1
697,80,1477,830,96,241,1,-1,-1,-1
698,89,696,380,54,126,1,-1,-1,-1
698,80,1480,832,107,241,1,-1,-1,-1
699,89,698,380,54,125,1,-1,-1,-1
699,80,1483,834,119,241,1,-1,-1,-1
700,89,699,380,54,125,1,-1,-1,-1
700,80,1488,838,138,241,1,-1,-1,-1
701,89,701,380,55,125,1,-1,-1,-1
701,80,1493,838,134,241,1,-1,-1,-1
702,89,704,380,53,125,1,-1,-1,-1
702,80,1507,838,123,241,1,-1,-1,-1
703,89,708,380,50,126,1,-1,-1,-1
703,80,1521,838,111,241,1,-1,-1,-1
704,89,711,380,48,126,1,-1,-1,-1
704,80,1535,838,100,241,1,-1,-1,-1
705,89,715,380,46,126,1,-1,-1,-1
705,80,1549,838,89,241,1,-1,-1,-1
706,89,718,380,44,127,1,-1,-1,-1
706,80,1563,838,77,241,1,-1,-1,-1
707,89,722,380,41,127,1,-1,-1,-1
707,80,1585,838,59,241,1,-1,-1,-1
708,89,723,381,41,126,1,-1,-1,-1
708,80,1586,839,65,240,1,-1,-1,-1
709,89,725,381,41,125,1,-1,-1,-1
709,80,1588,842,76,237,1,-1,-1,-1
710,89,727,382,41,125,1,-1,-1,-1
710,80,1591,845,88,234,1,-1,-1,-1
711,89,728,383,41,124,1,-1,-1,-1
711,80,1593,848,100,231,1,-1,-1,-1
712,89,730,384,41,123,1,-1,-1,-1
712,80,1596,851,112,228,1,-1,-1,-1
713,89,732,386,41,121,1,-1,-1,-1
713,80,1598,854,124,225,1,-1,-1,-1
714,106,762,418,8,12,1,-1,-1,-1
714,89,734,385,41,122,1,-1,-1,-1
714,80,1610,854,116,225,1,-1,-1,-1
715,106,764,417,8,12,1,-1,-1,-1
715,89,736,385,40,122,1,-1,-1,-1
715,80,1624,854,108,225,1,-1,-1,-1
716,106,767,417,8,12,1,-1,-1,-1
716,89,739,385,39,123,1,-1,-1,-1
716,80,1637,854,100,225,1,-1,-1,-1
717,106,769,416,8,12,1,-1,-1,-1
717,89,742,384,38,124,1,-1,-1,-1
717,80,1650,854,92,225,1,-1,-1,-1
718,106,772,415,8,12,1,-1,-1,-1
718,89,745,384,38,124,1,-1,-1,-1
718,80,1663,854,83,225,1,-1,-1,-1
719,106,775,414,8,12,1,-1,-1,-1
719,89,750,383,36,125,1,-1,-1,-1
719,80,1684,854,70,225,1,-1,-1,-1
720,89,750,383,37,125,1,-1,-1,-1
720,80,1685,855,73,224,1,-1,-1,-1
721,89,751,384,39,125,1,-1,-1,-1
721,80,1688,858,81,221,1,-1,-1,-1
722,89,752,384,40,125,1,-1,-1,-1
722,80,1690,860,89,219,1,-1,-1,-1
723,89,753,384,42,125,1,-1,-1,-1
723,80,1692,862,97,217,1,-1,-1,-1
724,89,754,385,44,125,1,-1,-1,-1
724,80,1694,865,105,214,1,-1,-1,-1
726,80,1702,869,117,210,1,-1,-1,-1
727,106,785,419,9,6,1,-1,-1,-1
727,80,1717,869,108,210,1,-1,-1,-1
728,106,785,419,9,6,1,-1,-1,-1
728,89,760,385,48,126,1,-1,-1,-1
728,80,1733,869,98,210,1,-1,-1,-1
729,106,785,419,9,6,1,-1,-1,-1
729,89,761,385,49,126,1,-1,-1,-1
729,80,1748,869,89,210,1,-1,-1,-1
730,106,785,419,9,6,1,-1,-1,-1
730,89,763,385,50,126,1,-1,-1,-1
730,80,1763,869,80,210,1,-1,-1,-1
731,106,785,419,9,6,1,-1,-1,-1
731,89,764,385,51,127,1,-1,-1,-1
731,80,1793,869,62,210,1,-1,-1,-1
732,89,767,385,52,127,1,-1,-1,-1
732,80,1794,869,62,210,1,-1,-1,-1
733,89,768,385,52,127,1,-1,-1,-1
733,80,1799,871,67,208,1,-1,-1,-1
734,89,772,385,50,128,1,-1,-1,-1
734,80,1804,873,71,206,1,-1,-1,-1
735,89,777,385,49,128,1,-1,-1,-1
735,80,1809,876,76,203,1,-1,-1,-1
736,89,782,385,47,128,1,-1,-1,-1
736,80,1814,878,81,201,1,-1,-1,-1
737,89,786,384,46,129,1,-1,-1,-1
737,80,1819,880,85,199,1,-1,-1,-1
738,89,793,384,43,129,1,-1,-1,-1
738,80,1826,883,93,196,1,-1,-1,-1
739,89,794,384,44,129,1,-1,-1,-1
739,80,1832,886,87,193,1,-1,-1,-1
740,89,796,385,45,129,1,-1,-1,-1
740,80,1844,892,75,186,1,-1,-1,-1
741,89,797,386,45,129,1,-1,-1,-1
741,80,1857,899,62,180,1,-1,-1,-1
742,89,799,387,46,128,1,-1,-1,-1
742,80,1869,905,50,174,1,-1,-1,-1
743,89,800,387,47,128,1,-1,-1,-1
743,80,1881,911,38,167,1,-1,-1,-1
744,89,802,388,48,128,1,-1,-1,-1
744,80,1901,921,18,158,1,-1,-1,-1
745,89,803,388,47,128,1,-1,-1,-1
745,80,1902,939,17,139,1,-1,-1,-1
746,89,804,388,46,128,1,-1,-1,-1
746,80,1907,1002,12,76,1,-1,-1,-1
747,89,805,388,45,128,1,-1,-1,-1
747,80,1907,1002,12,76,1,-1,-1,-1
748,89,806,388,44,128,1,-1,-1,-1
749,89,807,388,43,128,1,-1,-1,-1
750,89,809,388,40,128,1,-1,-1,-1