1,19340,1372,747,43,120,1,-1,-1,-1
1,19341,1125,752,44,129,1,-1,-1,-1
1,19342,1327,530,33,102,1,-1,-1,-1
1,19343,1369,542,38,100,1,-1,-1,-1
1,19344,1449,458,48,103,1,-1,-1,-1
1,19345,1397,449,47,99,1,-1,-1,-1
1,19346,1361,463,47,100,1,-1,-1,-1
1,19347,1353,448,40,98,1,-1,-1,-1
1,19348,1249,487,43,105,1,-1,-1,-1
1,19349,1147,511,41,100,1,-1,-1,-1
1,19350,1094,544,38,106,1,-1,-1,-1
1,19351,1000,610,34,109,1,-1,-1,-1
1,19352,975,604,32,118,1,-1,-1,-1
1,19353,955,612,31,119,1,-1,-1,-1
1,19354,1222,471,49,104,1,-1,-1,-1
1,19355,1128,507,36,101,1,-1,-1,-1
1,19356,863,634,35,111,1,-1,-1,-1
1,19357,860,639,47,111,1,-1,-1,-1
1,19358,493,415,54,94,1,-1,-1,-1
2,19340,1372,747,43,120,1,-1,-1,-1
2,19341,1126,753,44,130,1,-1,-1,-1
2,19342,1327,530,33,102,1,-1,-1,-1
2,19343,1369,542,38,100,1,-1,-1,-1
2,19344,1449,458,48,103,1,-1,-1,-1
2,19345,1397,447,48,101,1,-1,-1,-1
2,19346,1362,463,47,100,1,-1,-1,-1
2,19347,1353,447,40,98,1,-1,-1,-1
2,19348,1248,487,43,105,1,-1,-1,-1
2,19349,1148,511,41,100,1,-1,-1,-1
2,19350,1093,543,39,107,1,-1,-1,-1
2,19351,999,610,34,109,1,-1,-1,-1
2,19352,975,604,32,118,1,-1,-1,-1
2,19353,954,612,31,119,1,-1,-1,-1
2,19354,1222,471,49,104,1,-1,-1,-1
2,19355,1128,507,36,101,1,-1,-1,-1
2,19356,863,633,35,111,1,-1,-1,-1
2,19357,860,639,47,111,1,-1,-1,-1
2,19358,492,415,54,94,1,-1,-1,-1
3,19340,1371,747,43,120,1,-1,-1,-1
3,19341,1128,755,44,130,1,-1,-1,-1
3,19342,1327,530,33,102,1,-1,-1,-1
3,19343,1369,542,38,100,1,-1,-1,-1
3,19344,1450,458,48,103,1,-1,-1,-1
3,19345,1397,445,49,103,1,-1,-1,-1
3,19346,1364,462,47,100,1,-1,-1,-1
3,19347,1353,446,40,98,1,-1,-1,-1
3,19348,1248,486,43,105,1,-1,-1,-1
3,19349,1150,511,41,101,1,-1,-1,-1
3,19350,1093,542,39,108,1,-1,-1,-1
3,19351,998,610,34,109,1,-1,-1,-1
3,19352,975,603,32,118,1,-1,-1,-1
3,19353,953,612,31,119,1,-1,-1,-1
3,19354,1222,471,49,104,1,-1,-1,-1
3,19355,1128,507,36,101,1,-1,-1,-1
3,19356,863,632,35,111,1,-1,-1,-1
3,19357,860,639,47,111,1,-1,-1,-1
3,19358,490,415,54,94,1,-1,-1,-1
4,19340,1370,747,43,120,1,-1,-1,-1
4,19341,1130,756,44,131,1,-1,-1,-1
4,19342,1327,529,33,102,1,-1,-1,-1
4,19343,1369,542,38,100,1,-1,-1,-1
4,19344,1450,458,48,103,1,-1,-1,-1
4,19345,1398,444,50,104,1,-1,-1,-1
4,19346,1367,461,46,100,1,-1,-1,-1
4,19347,1353,446,40,98,1,-1,-1,-1
4,19348,1248,485,42,105,1,-1,-1,-1
4,19349,1151,511,42,101,1,-1,-1,-1
4,19350,1093,542,39,108,1,-1,-1,-1
4,19351,998,610,34,109,1,-1,-1,-1
4,19352,975,602,32,118,1,-1,-1,-1
4,19353,953,612,31,119,1,-1,-1,-1
4,19354,1221,471,49,104,1,-1,-1,-1
4,19355,1128,507,36,101,1,-1,-1,-1
4,19356,864,632,35,111,1,-1,-1,-1
4,19357,861,639,47,111,1,-1,-1,-1
4,19358,489,416,53,94,1,-1,-1,-1
5,19340,1369,748,43,120,1,-1,-1,-1
5,19341,1132,758,45,132,1,-1,-1,-1
5,19342,1327,528,34,102,1,-1,-1,-1
5,19343,1369,543,38,100,1,-1,-1,-1
5,19344,1451,458,48,103,1,-1,-1,-1
5,19345,1399,442,50,107,1,-1,-1,-1
5,19346,1369,460,46,100,1,-1,-1,-1
5,19347,1353,446,40,98,1,-1,-1,-1
5,19348,1247,485,43,105,1,-1,-1,-1
5,19349,1152,511,42,102,1,-1,-1,-1
5,19350,1093,541,39,109,1,-1,-1,-1
5,19351,997,609,34,109,1,-1,-1,-1
5,19352,975,602,32,118,1,-1,-1,-1
5,19353,953,612,31,119,1,-1,-1,-1
5,19354,1220,471,49,104,1,-1,-1,-1
5,19355,1129,507,36,101,1,-1,-1,-1
5,19356,864,631,35,111,1,-1,-1,-1
5,19357,861,639,47,111,1,-1,-1,-1
5,19358,487,416,53,94,1,-1,-1,-1
6,19340,1369,748,43,120,1,-1,-1,-1
6,19341,1134,760,45,132,1,-1,-1,-1
6,19342,1327,528,34,103,1,-1,-1,-1
6,19343,1369,543,38,100,1,-1,-1,-1
6,19344,1452,458,48,103,1,-1,-1,-1
6,19345,1399,440,51,109,1,-1,-1,-1
6,19346,1372,460,44,100,1,-1,-1,-1
6,19347,1353,445,40,98,1,-1,-1,-1
6,19348,1247,484,42,105,1,-1,-1,-1
6,19349,1153,510,43,103,1,-1,-1,-1
6,19350,1093,541,39,109,1,-1,-1,-1
6,19351,997,609,34,109,1,-1,-1,-1
6,19352,975,602,32,118,1,-1,-1,-1
6,19353,952,612,31,119,1,-1,-1,-1
6,19354,1220,471,49,104,1,-1,-1,-1
6,19355,1129,507,36,101,1,-1,-1,-1
6,19356,864,630,35,111,1,-1,-1,-1
6,19357,861,639,47,111,1,-1,-1,-1
6,19358,486,416,53,94,1,-1,-1,-1
7,19340,1368,749,43,120,1,-1,-1,-1
7,19341,1136,761,46,134,1,-1,-1,-1
7,19342,1328,528,33,103,1,-1,-1,-1
7,19343,1369,543,39,99,1,-1,-1,-1
7,19344,1452,458,48,103,1,-1,-1,-1
7,19345,1400,438,52,111,1,-1,-1,-1
7,19346,1375,459,43,100,1,-1,-1,-1
7,19347,1353,445,40,98,1,-1,-1,-1
7,19348,1246,484,43,105,1,-1,-1,-1
7,19349,1154,511,44,103,1,-1,-1,-1
7,19350,1093,541,39,109,1,-1,-1,-1
7,19351,997,608,34,109,1,-1,-1,-1
7,19352,975,601,32,118,1,-1,-1,-1
7,19353,952,611,31,119,1,-1,-1,-1
7,19354,1220,471,49,104,1,-1,-1,-1
7,19355,1129,507,36,101,1,-1,-1,-1
7,19356,864,630,35,111,1,-1,-1,-1
7,19357,862,640,47,111,1,-1,-1,-1
7,19358,484,416,52,94,1,-1,-1,-1
8,19340,1367,749,43,120,1,-1,-1,-1
8,19341,1138,762,45,134,1,-1,-1,-1
8,19342,1328,528,33,103,1,-1,-1,-1
8,19343,1370,542,38,99,1,-1,-1,-1
8,19344,1454,457,48,103,1,-1,-1,-1
8,19345,1400,436,52,113,1,-1,-1,-1
8,19346,1376,458,42,100,1,-1,-1,-1
8,19347,1353,444,40,98,1,-1,-1,-1
8,19348,1246,484,42,105,1,-1,-1,-1
8,19349,1155,511,44,103,1,-1,-1,-1
8,19350,1093,540,39,109,1,-1,-1,-1
8,19351,996,608,34,109,1,-1,-1,-1
8,19352,975,601,32,118,1,-1,-1,-1
8,19353,951,611,31,119,1,-1,-1,-1
8,19354,1220,471,49,104,1,-1,-1,-1
8,19355,1129,508,36,101,1,-1,-1,-1
8,19356,864,629,35,111,1,-1,-1,-1
8,19357,863,639,47,111,1,-1,-1,-1
8,19358,484,416,51,94,1,-1,-1,-1
9,19340,1366,750,43,120,1,-1,-1,-1
9,19341,1139,763,45,134,1,-1,-1,-1
9,19342,1328,527,34,104,1,-1,-1,-1
9,19343,1371,542,38,99,1,-1,-1,-1
9,19344,1457,456,48,104,1,-1,-1,-1
9,19345,1400,435,52,114,1,-1,-1,-1
9,19346,1378,458,41,100,1,-1,-1,-1
9,19347,1353,444,40,98,1,-1,-1,-1
9,19348,1246,483,41,105,1,-1,-1,-1
9,19349,1155,511,44,103,1,-1,-1,-1
9,19350,1093,539,39,110,1,-1,-1,-1
9,19351,996,608,34,109,1,-1,-1,-1
9,19352,975,600,32,118,1,-1,-1,-1
9,19353,951,610,31,119,1,-1,-1,-1
9,19354,1219,471,48,104,1,-1,-1,-1
9,19355,1130,508,36,101,1,-1,-1,-1
9,19356,864,629,35,111,1,-1,-1,-1
9,19357,865,638,47,112,1,-1,-1,-1
9,19358,483,415,51,94,1,-1,-1,-1
10,19340,1365,751,43,120,1,-1,-1,-1
10,19341,1140,763,45,134,1,-1,-1,-1
10,19342,1328,527,34,103,1,-1,-1,-1
10,19343,1372,541,38,99,1,-1,-1,-1
10,19344,1460,456,48,104,1,-1,-1,-1
10,19345,1400,434,52,114,1,-1,-1,-1
10,19346,1379,458,39,100,1,-1,-1,-1
10,19347,1353,444,40,98,1,-1,-1,-1
10,19348,1246,483,41,105,1,-1,-1,-1
10,19349,1154,511,46,103,1,-1,-1,-1
10,19350,1093,539,39,109,1,-1,-1,-1
10,19351,996,608,34,109,1,-1,-1,-1
10,19352,975,600,32,118,1,-1,-1,-1
10,19353,950,610,31,119,1,-1,-1,-1
10,19354,1217,470,49,104,1,-1,-1,-1
10,19355,1130,508,36,101,1,-1,-1,-1
10,19356,864,628,35,111,1,-1,-1,-1
10,19357,868,637,47,113,1,-1,-1,-1
10,19358,484,414,49,94,1,-1,-1,-1
11,19340,1364,751,43,120,1,-1,-1,-1
11,19341,1142,763,45,134,1,-1,-1,-1
11,19342,1329,527,34,103,1,-1,-1,-1
11,19343,1373,540,38,99,1,-1,-1,-1
11,19344,1463,455,48,105,1,-1,-1,-1
11,19345,1400,433,52,114,1,-1,-1,-1
11,19346,1380,457,38,100,1,-1,-1,-1
11,19347,1353,443,40,98,1,-1,-1,-1
11,19348,1245,482,41,105,1,-1,-1,-1
11,19349,1154,510,46,104,1,-1,-1,-1
11,19350,1093,538,39,109,1,-1,-1,-1
11,19351,995,608,34,109,1,-1,-1,-1
11,19352,975,600,32,118,1,-1,-1,-1
11,19353,950,610,31,119,1,-1,-1,-1
11,19354,1216,470,49,104,1,-1,-1,-1
11,19355,1130,508,36,101,1,-1,-1,-1
11,19356,864,628,35,111,1,-1,-1,-1
11,19357,871,636,46,113,1,-1,-1,-1
11,19358,484,414,49,94,1,-1,-1,-1
12,19340,1363,752,43,120,1,-1,-1,-1
12,19341,1143,763,45,134,1,-1,-1,-1
12,19342,1329,527,35,103,1,-1,-1,-1
12,19343,1373,540,39,98,1,-1,-1,-1
12,19344,1465,454,48,106,1,-1,-1,-1
12,19345,1400,431,52,116,1,-1,-1,-1
12,19346,1381,457,37,100,1,-1,-1,-1
12,19347,1353,443,40,98,1,-1,-1,-1
12,19348,1245,482,40,105,1,-1,-1,-1
12,19349,1154,510,46,104,1,-1,-1,-1
12,19350,1093,537,39,110,1,-1,-1,-1
12,19351,995,607,34,109,1,-1,-1,-1
12,19352,975,599,32,118,1,-1,-1,-1
12,19353,950,610,31,119,1,-1,-1,-1
12,19354,1215,469,49,104,1,-1,-1,-1
12,19355,1130,508,36,101,1,-1,-1,-1
12,19356,864,628,35,111,1,-1,-1,-1
12,19357,873,635,46,114,1,-1,-1,-1
12,19358,484,413,49,94,1,-1,-1,-1
13,19340,1361,753,44,120,1,-1,-1,-1
13,19341,1145,763,45,134,1,-1,-1,-1
13,19342,1329,527,36,103,1,-1,-1,-1
13,19343,1374,539,38,99,1,-1,-1,-1
13,19344,1470,454,47,106,1,-1,-1,-1
13,19345,1401,430,52,116,1,-1,-1,-1
13,19346,1382,456,36,100,1,-1,-1,-1
13,19347,1353,442,40,98,1,-1,-1,-1
13,19348,1245,482,39,105,1,-1,-1,-1
13,19349,1153,510,47,104,1,-1,-1,-1
13,19350,1093,537,39,109,1,-1,-1,-1
13,19351,995,607,34,109,1,-1,-1,-1
13,19352,975,599,32,118,1,-1,-1,-1
13,19353,949,610,31,119,1,-1,-1,-1
13,19354,1214,469,48,104,1,-1,-1,-1
13,19355,1131,509,36,101,1,-1,-1,-1
13,19356,864,627,35,111,1,-1,-1,-1
13,19357,877,634,46,114,1,-1,-1,-1
13,19358,484,412,48,94,1,-1,-1,-1
14,19340,1360,754,43,120,1,-1,-1,-1
14,19341,1146,764,45,134,1,-1,-1,-1
14,19342,1329,527,36,103,1,-1,-1,-1
14,19343,1375,538,38,99,1,-1,-1,-1
14,19344,1472,453,46,107,1,-1,-1,-1
14,19345,1401,430,51,116,1,-1,-1,-1
14,19346,1383,456,35,100,1,-1,-1,-1
14,19347,1353,442,40,98,1,-1,-1,-1
14,19348,1245,481,38,105,1,-1,-1,-1
14,19349,1154,510,47,104,1,-1,-1,-1
14,19350,1094,536,38,109,1,-1,-1,-1
14,19351,994,607,34,109,1,-1,-1,-1
14,19352,975,598,32,118,1,-1,-1,-1
14,19353,949,609,31,119,1,-1,-1,-1
14,19354,1213,469,49,104,1,-1,-1,-1
14,19355,1131,509,36,101,1,-1,-1,-1
14,19356,864,627,35,111,1,-1,-1,-1
14,19357,879,633,45,115,1,-1,-1,-1
14,19358,484,412,47,94,1,-1,-1,-1
15,19340,1359,754,44,120,1,-1,-1,-1
15,19341,1147,764,46,135,1,-1,-1,-1
15,19342,1329,526,36,104,1,-1,-1,-1
15,19343,1376,538,38,99,1,-1,-1,-1
15,19344,1474,453,46,107,1,-1,-1,-1
15,19345,1401,430,51,115,1,-1,-1,-1
15,19346,1384,455,34,100,1,-1,-1,-1
15,19347,1353,442,40,98,1,-1,-1,-1
15,19348,1245,481,38,105,1,-1,-1,-1
15,19349,1156,510,47,104,1,-1,-1,-1
15,19350,1096,535,38,109,1,-1,-1,-1
15,19351,994,607,34,109,1,-1,-1,-1
15,19352,975,598,32,118,1,-1,-1,-1
15,19353,948,609,31,119,1,-1,-1,-1
15,19354,1213,468,48,105,1,-1,-1,-1
15,19355,1131,509,36,101,1,-1,-1,-1
15,19356,864,627,35,111,1,-1,-1,-1
15,19357,880,633,45,115,1,-1,-1,-1
15,19358,484,411,47,94,1,-1,-1,-1
16,19340,1359,754,43,120,1,-1,-1,-1
16,19341,1148,765,46,136,1,-1,-1,-1
16,19342,1329,526,37,104,1,-1,-1,-1
16,19343,1378,537,37,99,1,-1,-1,-1
16,19344,1476,453,45,107,1,-1,-1,-1
16,19345,1402,431,50,113,1,-1,-1,-1
16,19346,1385,454,33,101,1,-1,-1,-1
16,19347,1353,441,40,98,1,-1,-1,-1
16,19348,1245,480,37,105,1,-1,-1,-1
16,19349,1157,510,48,104,1,-1,-1,-1
16,19350,1098,535,39,109,1,-1,-1,-1
16,19351,993,607,34,109,1,-1,-1,-1
16,19352,975,597,32,118,1,-1,-1,-1
16,19353,948,609,31,119,1,-1,-1,-1
16,19354,1213,468,48,105,1,-1,-1,-1
16,19355,1131,509,36,101,1,-1,-1,-1
16,19356,864,626,35,111,1,-1,-1,-1
16,19357,881,633,44,115,1,-1,-1,-1
16,19358,484,411,46,94,1,-1,-1,-1
17,19340,1358,754,43,120,1,-1,-1,-1
17,19341,1150,766,46,137,1,-1,-1,-1
17,19342,1329,526,37,104,1,-1,-1,-1
17,19343,1379,537,36,99,1,-1,-1,-1
17,19344,1478,453,44,106,1,-1,-1,-1
17,19345,1402,433,49,110,1,-1,-1,-1
17,19346,1387,453,32,101,1,-1,-1,-1
17,19347,1354,441,40,98,1,-1,-1,-1
17,19348,1245,479,37,105,1,-1,-1,-1
17,19349,1159,510,48,104,1,-1,-1,-1
17,19350,1100,534,39,109,1,-1,-1,-1
17,19351,993,606,34,109,1,-1,-1,-1
17,19352,975,597,32,118,1,-1,-1,-1
17,19353,947,609,31,119,1,-1,-1,-1
17,19354,1213,468,48,105,1,-1,-1,-1
17,19355,1132,509,36,101,1,-1,-1,-1
17,19356,864,626,35,111,1,-1,-1,-1
17,19357,882,633,44,115,1,-1,-1,-1
17,19358,484,411,46,94,1,-1,-1,-1
18,19340,1357,754,43,120,1,-1,-1,-1
18,19341,1151,767,48,138,1,-1,-1,-1
18,19342,1329,525,38,105,1,-1,-1,-1
18,19343,1380,536,36,99,1,-1,-1,-1
18,19344,1479,453,44,105,1,-1,-1,-1
18,19345,1403,434,48,108,1,-1,-1,-1
18,19346,1387,452,32,101,1,-1,-1,-1
18,19347,1354,440,40,98,1,-1,-1,-1
18,19348,1246,478,36,105,1,-1,-1,-1
18,19349,1161,510,48,104,1,-1,-1,-1
18,19350,1102,533,39,109,1,-1,-1,-1
18,19351,993,606,34,109,1,-1,-1,-1
18,19352,975,597,32,118,1,-1,-1,-1
18,19353,947,609,31,119,1,-1,-1,-1
18,19354,1213,468,47,105,1,-1,-1,-1
18,19355,1132,510,36,101,1,-1,-1,-1
18,19356,864,626,35,111,1,-1,-1,-1
18,19357,883,633,43,115,1,-1,-1,-1
18,19358,483,411,46,94,1,-1,-1,-1
19,19340,1355,754,44,120,1,-1,-1,-1
19,19341,1153,769,49,139,1,-1,-1,-1
19,19342,1330,525,37,104,1,-1,-1,-1
19,19343,1381,536,35,99,1,-1,-1,-1
19,19344,1481,453,45,104,1,-1,-1,-1
19,19345,1404,436,47,106,1,-1,-1,-1
19,19346,1389,451,31,101,1,-1,-1,-1
19,19347,1355,440,40,98,1,-1,-1,-1
19,19348,1246,478,36,105,1,-1,-1,-1
19,19349,1163,509,48,105,1,-1,-1,-1
19,19350,1105,533,40,109,1,-1,-1,-1
19,19351,992,606,34,109,1,-1,-1,-1
19,19352,975,596,32,118,1,-1,-1,-1
19,19353,946,608,31,119,1,-1,-1,-1
19,19354,1213,468,47,106,1,-1,-1,-1
19,19355,1132,510,36,101,1,-1,-1,-1
19,19356,864,625,35,111,1,-1,-1,-1
19,19357,884,633,43,115,1,-1,-1,-1
19,19358,483,411,45,94,1,-1,-1,-1
20,19340,1354,754,44,120,1,-1,-1,-1
20,19341,1153,770,50,139,1,-1,-1,-1
20,19342,1330,525,38,104,1,-1,-1,-1
20,19343,1382,535,35,99,1,-1,-1,-1
20,19344,1482,453,45,104,1,-1,-1,-1
20,19345,1404,437,47,104,1,-1,-1,-1
20,19346,1390,450,31,101,1,-1,-1,-1
20,19347,1356,439,40,98,1,-1,-1,-1
20,19348,1247,477,35,105,1,-1,-1,-1
20,19349,1164,509,48,104,1,-1,-1,-1
20,19350,1106,532,40,109,1,-1,-1,-1
20,19351,992,606,34,109,1,-1,-1,-1
20,19352,975,596,32,118,1,-1,-1,-1
20,19353,946,608,31,119,1,-1,-1,-1
20,19354,1213,468,47,106,1,-1,-1,-1
20,19355,1132,510,36,101,1,-1,-1,-1
20,19356,864,625,35,111,1,-1,-1,-1
20,19357,884,633,44,115,1,-1,-1,-1
20,19358,483,411,45,94,1,-1,-1,-1
21,19340,1354,754,43,120,1,-1,-1,-1
21,19341,1154,770,50,139,1,-1,-1,-1
21,19342,1331,525,39,104,1,-1,-1,-1
21,19343,1384,535,34,99,1,-1,-1,-1
21,19344,1483,453,45,103,1,-1,-1,-1
21,19345,1405,437,47,104,1,-1,-1,-1
21,19346,1392,450,31,101,1,-1,-1,-1
21,19347,1356,439,40,98,1,-1,-1,-1
21,19348,1246,476,36,105,1,-1,-1,-1
21,19349,1165,508,48,104,1,-1,-1,-1
21,19350,1107,532,40,109,1,-1,-1,-1
21,19351,992,605,34,109,1,-1,-1,-1
21,19352,975,595,32,118,1,-1,-1,-1
21,19353,946,608,31,119,1,-1,-1,-1
21,19354,1213,468,47,106,1,-1,-1,-1
21,19355,1132,510,36,101,1,-1,-1,-1
21,19356,864,625,35,111,1,-1,-1,-1
21,19357,885,632,43,115,1,-1,-1,-1
21,19358,484,411,44,94,1,-1,-1,-1
22,19340,1353,754,44,120,1,-1,-1,-1
22,19341,1156,771,49,137,1,-1,-1,-1
22,19342,1334,524,38,104,1,-1,-1,-1
22,19343,1385,534,34,100,1,-1,-1,-1
22,19344,1485,452,45,103,1,-1,-1,-1
22,19345,1406,437,46,104,1,-1,-1,-1
22,19346,1393,449,30,102,1,-1,-1,-1
22,19347,1357,438,40,98,1,-1,-1,-1
22,19348,1247,476,35,105,1,-1,-1,-1
22,19349,1166,507,47,104,1,-1,-1,-1
22,19350,1107,531,40,109,1,-1,-1,-1
22,19351,992,604,34,109,1,-1,-1,-1
22,19352,975,595,32,118,1,-1,-1,-1
22,19353,946,608,31,119,1,-1,-1,-1
22,19354,1213,467,47,106,1,-1,-1,-1
22,19355,1132,510,36,101,1,-1,-1,-1
22,19356,864,625,35,111,1,-1,-1,-1
22,19357,886,631,43,116,1,-1,-1,-1
22,19358,484,411,44,94,1,-1,-1,-1
23,19340,1353,755,43,120,1,-1,-1,-1
23,19341,1157,771,49,136,1,-1,-1,-1
23,19342,1336,524,39,104,1,-1,-1,-1
23,19343,1386,534,34,101,1,-1,-1,-1
23,19344,1487,452,45,102,1,-1,-1,-1
23,19345,1408,437,45,103,1,-1,-1,-1
23,19346,1394,449,31,102,1,-1,-1,-1
23,19347,1358,437,40,98,1,-1,-1,-1
23,19348,1247,476,35,105,1,-1,-1,-1
23,19349,1166,507,47,104,1,-1,-1,-1
23,19350,1107,530,41,109,1,-1,-1,-1
23,19351,992,604,34,109,1,-1,-1,-1
23,19352,975,595,32,118,1,-1,-1,-1
23,19353,946,607,31,119,1,-1,-1,-1
23,19354,1213,466,47,106,1,-1,-1,-1
23,19355,1132,511,37,100,1,-1,-1,-1
23,19356,864,624,35,111,1,-1,-1,-1
23,19357,887,630,44,116,1,-1,-1,-1
23,19358,484,411,44,94,1,-1,-1,-1
24,19340,1352,755,43,120,1,-1,-1,-1
24,19341,1158,771,49,136,1,-1,-1,-1
24,19342,1338,523,39,104,1,-1,-1,-1
24,19343,1387,534,34,101,1,-1,-1,-1
24,19344,1488,451,46,103,1,-1,-1,-1
24,19345,1410,437,45,103,1,-1,-1,-1
24,19346,1396,449,31,103,1,-1,-1,-1
24,19347,1359,437,40,98,1,-1,-1,-1
24,19348,1247,475,36,105,1,-1,-1,-1
24,19349,1167,506,47,104,1,-1,-1,-1
24,19350,1107,530,42,109,1,-1,-1,-1
24,19351,992,603,34,109,1,-1,-1,-1
24,19352,975,594,32,118,1,-1,-1,-1
24,19353,946,606,31,120,1,-1,-1,-1
24,19354,1213,465,46,106,1,-1,-1,-1
24,19355,1132,511,37,100,1,-1,-1,-1
24,19356,864,624,35,111,1,-1,-1,-1
24,19357,888,629,44,116,1,-1,-1,-1
24,19358,484,410,44,94,1,-1,-1,-1
25,19340,1351,755,43,120,1,-1,-1,-1
25,19341,1160,772,48,134,1,-1,-1,-1
25,19342,1341,522,39,104,1,-1,-1,-1
25,19343,1389,534,34,102,1,-1,-1,-1
25,19344,1490,449,47,103,1,-1,-1,-1
25,19345,1413,437,44,103,1,-1,-1,-1
25,19346,1397,449,32,103,1,-1,-1,-1
25,19347,1360,435,40,98,1,-1,-1,-1
25,19348,1247,475,36,105,1,-1,-1,-1
25,19349,1167,504,47,104,1,-1,-1,-1
25,19350,1107,529,42,109,1,-1,-1,-1
25,19351,992,603,34,109,1,-1,-1,-1
25,19352,975,594,32,118,1,-1,-1,-1
25,19353,946,606,31,120,1,-1,-1,-1
25,19354,1213,464,46,106,1,-1,-1,-1
25,19355,1132,511,37,100,1,-1,-1,-1
25,19356,864,624,35,111,1,-1,-1,-1
25,19357,890,627,44,117,1,-1,-1,-1
25,19358,484,410,43,94,1,-1,-1,-1
26,19340,1350,756,44,120,1,-1,-1,-1
26,19341,1161,773,47,132,1,-1,-1,-1
26,19342,1342,521,40,104,1,-1,-1,-1
26,19343,1389,534,35,102,1,-1,-1,-1
26,19344,1491,449,47,102,1,-1,-1,-1
26,19345,1415,436,42,104,1,-1,-1,-1
26,19346,1399,448,31,104,1,-1,-1,-1
26,19347,1361,434,40,98,1,-1,-1,-1
26,19348,1247,474,36,105,1,-1,-1,-1
26,19349,1167,504,47,104,1,-1,-1,-1
26,19350,1108,529,41,109,1,-1,-1,-1
26,19351,992,602,34,109,1,-1,-1,-1
26,19352,975,593,32,118,1,-1,-1,-1
26,19353,947,605,31,120,1,-1,-1,-1
26,19354,1213,463,46,107,1,-1,-1,-1
26,19355,1132,511,37,100,1,-1,-1,-1
26,19356,864,623,35,111,1,-1,-1,-1
26,19357,891,626,44,118,1,-1,-1,-1
26,19358,484,409,43,94,1,-1,-1,-1
27,19340,1350,756,44,121,1,-1,-1,-1
27,19341,1163,773,46,132,1,-1,-1,-1
27,19342,1344,521,40,104,1,-1,-1,-1
27,19343,1389,534,36,102,1,-1,-1,-1
27,19344,1492,448,48,103,1,-1,-1,-1
27,19345,1416,436,41,103,1,-1,-1,-1
27,19346,1399,448,32,104,1,-1,-1,-1
27,19347,1361,434,40,98,1,-1,-1,-1
27,19348,1247,474,37,105,1,-1,-1,-1
27,19349,1167,503,47,104,1,-1,-1,-1
27,19350,1108,528,42,109,1,-1,-1,-1
27,19351,992,602,34,109,1,-1,-1,-1
27,19352,975,593,32,118,1,-1,-1,-1
27,19353,947,605,31,120,1,-1,-1,-1
27,19354,1214,463,45,106,1,-1,-1,-1
27,19355,1132,511,37,100,1,-1,-1,-1
27,19356,864,623,35,111,1,-1,-1,-1
27,19357,892,626,44,117,1,-1,-1,-1
27,19358,485,408,43,94,1,-1,-1,-1
28,19340,1351,757,44,120,1,-1,-1,-1
28,19341,1165,774,46,132,1,-1,-1,-1
28,19342,1346,520,40,105,1,-1,-1,-1
28,19343,1390,533,35,102,1,-1,-1,-1
28,19344,1493,447,48,104,1,-1,-1,-1
28,19345,1417,436,40,101,1,-1,-1,-1
28,19346,1401,448,31,103,1,-1,-1,-1
28,19347,1362,433,40,98,1,-1,-1,-1
28,19348,1249,474,37,105,1,-1,-1,-1
28,19349,1168,502,46,104,1,-1,-1,-1
28,19350,1108,527,42,109,1,-1,-1,-1
28,19351,992,601,34,109,1,-1,-1,-1
28,19352,975,593,32,118,1,-1,-1,-1
28,19353,947,604,32,121,1,-1,-1,-1
28,19354,1214,462,45,106,1,-1,-1,-1
28,19355,1132,511,37,100,1,-1,-1,-1
28,19356,864,622,35,111,1,-1,-1,-1
28,19357,893,625,44,117,1,-1,-1,-1
28,19358,486,408,43,94,1,-1,-1,-1
29,19340,1351,757,44,121,1,-1,-1,-1
29,19341,1166,776,46,132,1,-1,-1,-1
29,19342,1348,520,40,105,1,-1,-1,-1
29,19343,1391,532,35,102,1,-1,-1,-1
29,19344,1495,446,49,105,1,-1,-1,-1
29,19345,1419,435,38,100,1,-1,-1,-1
29,19346,1401,447,32,103,1,-1,-1,-1
29,19347,1362,432,40,98,1,-1,-1,-1
29,19348,1250,473,38,105,1,-1,-1,-1
29,19349,1168,502,46,104,1,-1,-1,-1
29,19350,1108,527,42,109,1,-1,-1,-1
29,19351,992,600,34,109,1,-1,-1,-1
29,19352,975,592,32,118,1,-1,-1,-1
29,19353,947,604,32,121,1,-1,-1,-1
29,19354,1214,461,45,106,1,-1,-1,-1
29,19355,1132,512,38,99,1,-1,-1,-1
29,19356,864,622,35,111,1,-1,-1,-1
29,19357,895,624,43,117,1,-1,-1,-1
29,19358,486,407,44,94,1,-1,-1,-1
30,19340,1352,757,44,123,1,-1,-1,-1
30,19341,1168,777,45,132,1,-1,-1,-1
30,19342,1350,519,41,105,1,-1,-1,-1
30,19343,1391,531,36,102,1,-1,-1,-1
30,19344,1496,445,49,105,1,-1,-1,-1
30,19345,1420,434,37,98,1,-1,-1,-1
30,19346,1403,446,31,103,1,-1,-1,-1
30,19347,1363,431,40,98,1,-1,-1,-1
30,19348,1251,472,39,106,1,-1,-1,-1
30,19349,1168,501,46,104,1,-1,-1,-1
30,19350,1108,526,43,109,1,-1,-1,-1
30,19351,992,600,34,109,1,-1,-1,-1
30,19352,975,592,32,118,1,-1,-1,-1
30,19353,947,603,32,121,1,-1,-1,-1
30,19354,1214,461,46,106,1,-1,-1,-1
30,19355,1132,512,38,99,1,-1,-1,-1
30,19356,865,621,35,111,1,-1,-1,-1
30,19357,896,623,43,117,1,-1,-1,-1
30,19358,486,406,45,95,1,-1,-1,-1
31,19340,1352,758,44,123,1,-1,-1,-1
31,19341,1170,778,45,132,1,-1,-1,-1
31,19342,1351,518,42,105,1,-1,-1,-1
31,19343,1391,530,37,102,1,-1,-1,-1
31,19344,1498,443,48,107,1,-1,-1,-1
31,19345,1421,434,36,97,1,-1,-1,-1
31,19346,1404,445,31,103,1,-1,-1,-1
31,19347,1364,430,40,98,1,-1,-1,-1
31,19348,1252,472,39,106,1,-1,-1,-1
31,19349,1168,500,46,104,1,-1,-1,-1
31,19350,1108,526,43,109,1,-1,-1,-1
31,19351,992,599,34,109,1,-1,-1,-1
31,19352,975,591,32,118,1,-1,-1,-1
31,19353,947,602,32,122,1,-1,-1,-1
31,19354,1215,460,45,106,1,-1,-1,-1
31,19355,1131,512,38,99,1,-1,-1,-1
31,19356,866,621,35,111,1,-1,-1,-1
31,19357,898,623,43,117,1,-1,-1,-1
31,19358,487,406,45,95,1,-1,-1,-1
32,19340,1353,758,44,124,1,-1,-1,-1
32,19341,1172,780,45,132,1,-1,-1,-1
32,19342,1354,517,42,105,1,-1,-1,-1
32,19343,1392,529,36,102,1,-1,-1,-1
32,19344,1500,442,48,107,1,-1,-1,-1
32,19345,1423,433,34,95,1,-1,-1,-1
32,19346,1406,444,31,103,1,-1,-1,-1
32,19347,1364,428,40,98,1,-1,-1,-1
32,19348,1253,471,41,106,1,-1,-1,-1
32,19349,1168,500,46,104,1,-1,-1,-1
32,19350,1108,525,43,109,1,-1,-1,-1
32,19351,992,599,34,109,1,-1,-1,-1
32,19352,975,591,32,118,1,-1,-1,-1
32,19353,947,602,32,122,1,-1,-1,-1
32,19354,1215,460,45,106,1,-1,-1,-1
32,19355,1131,512,39,99,1,-1,-1,-1
32,19356,867,620,35,111,1,-1,-1,-1
32,19357,901,622,41,117,1,-1,-1,-1
32,19358,487,405,46,95,1,-1,-1,-1
33,19340,1353,759,45,124,1,-1,-1,-1
33,19341,1174,781,44,132,1,-1,-1,-1
33,19342,1355,516,42,105,1,-1,-1,-1
33,19343,1392,528,37,102,1,-1,-1,-1
33,19344,1501,441,48,108,1,-1,-1,-1
33,19345,1423,432,34,95,1,-1,-1,-1
33,19346,1407,443,30,103,1,-1,-1,-1
33,19347,1365,427,40,98,1,-1,-1,-1
33,19348,1254,470,41,107,1,-1,-1,-1
33,19349,1168,499,46,104,1,-1,-1,-1
33,19350,1109,524,43,109,1,-1,-1,-1
33,19351,992,598,34,109,1,-1,-1,-1
33,19352,975,590,32,118,1,-1,-1,-1
33,19353,947,601,32,122,1,-1,-1,-1
33,19354,1216,459,44,105,1,-1,-1,-1
33,19355,1131,512,39,99,1,-1,-1,-1
33,19356,867,620,35,111,1,-1,-1,-1
33,19357,902,621,41,117,1,-1,-1,-1
33,19358,488,404,46,95,1,-1,-1,-1
34,19340,1353,758,45,124,1,-1,-1,-1
34,19341,1176,780,44,132,1,-1,-1,-1
34,19342,1356,516,42,105,1,-1,-1,-1
34,19343,1392,527,37,102,1,-1,-1,-1
34,19344,1502,440,47,108,1,-1,-1,-1
34,19345,1423,431,34,94,1,-1,-1,-1
34,19346,1408,443,30,101,1,-1,-1,-1
34,19347,1366,427,40,98,1,-1,-1,-1
34,19348,1254,469,42,107,1,-1,-1,-1
34,19349,1168,499,46,104,1,-1,-1,-1
34,19350,1110,524,43,109,1,-1,-1,-1
34,19351,992,597,34,109,1,-1,-1,-1
34,19352,975,590,32,118,1,-1,-1,-1
34,19353,947,601,32,122,1,-1,-1,-1
34,19354,1216,458,44,105,1,-1,-1,-1
34,19355,1131,512,39,99,1,-1,-1,-1
34,19356,868,619,35,111,1,-1,-1,-1
34,19357,902,620,41,117,1,-1,-1,-1
34,19358,488,403,47,95,1,-1,-1,-1
35,19340,1353,758,45,123,1,-1,-1,-1
35,19341,1178,780,44,132,1,-1,-1,-1
35,19342,1356,516,43,105,1,-1,-1,-1
35,19343,1392,527,37,102,1,-1,-1,-1
35,19344,1502,439,47,108,1,-1,-1,-1
35,19345,1424,430,33,94,1,-1,-1,-1
35,19346,1408,442,30,100,1,-1,-1,-1
35,19347,1366,426,40,98,1,-1,-1,-1
35,19348,1254,467,43,108,1,-1,-1,-1
35,19349,1168,498,46,104,1,-1,-1,-1
35,19350,1112,523,42,110,1,-1,-1,-1
35,19351,992,597,34,109,1,-1,-1,-1
35,19352,975,589,32,118,1,-1,-1,-1
35,19353,947,600,32,122,1,-1,-1,-1
35,19354,1216,458,44,105,1,-1,-1,-1
35,19355,1131,513,40,98,1,-1,-1,-1
35,19356,868,618,35,111,1,-1,-1,-1
35,19357,903,620,40,117,1,-1,-1,-1
35,19358,489,403,47,95,1,-1,-1,-1
36,19340,1352,758,45,123,1,-1,-1,-1
36,19341,1179,780,44,132,1,-1,-1,-1
36,19342,1357,516,43,105,1,-1,-1,-1
36,19343,1392,526,37,102,1,-1,-1,-1
36,19344,1503,438,46,109,1,-1,-1,-1
36,19345,1424,429,34,94,1,-1,-1,-1
36,19346,1409,441,29,100,1,-1,-1,-1
36,19347,1367,425,40,98,1,-1,-1,-1
36,19348,1254,466,44,108,1,-1,-1,-1
36,19349,1168,497,46,104,1,-1,-1,-1
36,19350,1114,522,42,110,1,-1,-1,-1
36,19351,992,596,34,109,1,-1,-1,-1
36,19352,975,588,32,118,1,-1,-1,-1
36,19353,947,599,32,122,1,-1,-1,-1
36,19354,1216,457,45,105,1,-1,-1,-1
36,19355,1132,513,39,98,1,-1,-1,-1
36,19356,868,618,35,111,1,-1,-1,-1
36,19357,903,619,40,117,1,-1,-1,-1
36,19358,489,402,47,95,1,-1,-1,-1
37,19340,1352,757,46,122,1,-1,-1,-1
37,19341,1181,779,44,132,1,-1,-1,-1
37,19342,1358,516,43,105,1,-1,-1,-1
37,19343,1392,525,37,102,1,-1,-1,-1
37,19344,1504,438,46,108,1,-1,-1,-1
37,19345,1425,428,33,95,1,-1,-1,-1
37,19346,1409,440,29,99,1,-1,-1,-1
37,19347,1367,425,40,98,1,-1,-1,-1
37,19348,1255,464,45,108,1,-1,-1,-1
37,19349,1168,496,45,104,1,-1,-1,-1
37,19350,1116,521,41,110,1,-1,-1,-1
37,19351,992,595,34,109,1,-1,-1,-1
37,19352,975,587,32,118,1,-1,-1,-1
37,19353,947,598,32,122,1,-1,-1,-1
37,19354,1217,456,44,105,1,-1,-1,-1
37,19355,1131,513,40,98,1,-1,-1,-1
37,19356,868,617,35,111,1,-1,-1,-1
37,19357,904,618,39,117,1,-1,-1,-1
37,19358,489,402,48,95,1,-1,-1,-1
38,19340,1351,757,46,122,1,-1,-1,-1
38,19341,1183,779,44,132,1,-1,-1,-1
38,19342,1360,516,43,105,1,-1,-1,-1
38,19343,1392,524,37,102,1,-1,-1,-1
38,19344,1504,437,46,108,1,-1,-1,-1
38,19345,1425,427,33,95,1,-1,-1,-1
38,19346,1410,438,29,98,1,-1,-1,-1
38,19347,1368,424,40,98,1,-1,-1,-1
38,19348,1255,462,46,109,1,-1,-1,-1
38,19349,1168,494,45,104,1,-1,-1,-1
38,19350,1119,520,39,110,1,-1,-1,-1
38,19351,992,595,34,109,1,-1,-1,-1
38,19352,975,586,32,118,1,-1,-1,-1
38,19353,947,597,32,122,1,-1,-1,-1
38,19354,1217,456,45,105,1,-1,-1,-1
38,19355,1130,513,41,98,1,-1,-1,-1
38,19356,868,616,35,111,1,-1,-1,-1
38,19357,904,616,39,117,1,-1,-1,-1
38,19358,489,401,49,95,1,-1,-1,-1
39,19340,1351,757,46,122,1,-1,-1,-1
39,19341,1184,779,45,132,1,-1,-1,-1
39,19342,1361,516,43,105,1,-1,-1,-1
39,19343,1393,523,37,102,1,-1,-1,-1
39,19344,1505,436,46,108,1,-1,-1,-1
39,19345,1425,426,33,95,1,-1,-1,-1
39,19346,1411,437,29,98,1,-1,-1,-1
39,19347,1368,423,40,98,1,-1,-1,-1
39,19348,1254,461,47,109,1,-1,-1,-1
39,19349,1167,493,46,104,1,-1,-1,-1
39,19350,1120,519,38,110,1,-1,-1,-1
39,19351,992,594,35,109,1,-1,-1,-1
39,19352,975,585,32,118,1,-1,-1,-1
39,19353,947,596,32,122,1,-1,-1,-1
39,19354,1217,455,45,105,1,-1,-1,-1
39,19355,1130,513,41,98,1,-1,-1,-1
39,19356,869,615,35,111,1,-1,-1,-1
39,19357,905,615,38,117,1,-1,-1,-1
39,19358,489,400,49,95,1,-1,-1,-1
40,19340,1351,757,47,123,1,-1,-1,-1
40,19341,1186,779,45,134,1,-1,-1,-1
40,19342,1363,515,44,105,1,-1,-1,-1
40,19343,1395,523,37,102,1,-1,-1,-1
40,19344,1506,435,45,108,1,-1,-1,-1
40,19345,1426,426,32,94,1,-1,-1,-1
40,19346,1412,437,28,97,1,-1,-1,-1
40,19347,1370,422,40,98,1,-1,-1,-1
40,19348,1253,460,48,110,1,-1,-1,-1
40,19349,1168,493,45,104,1,-1,-1,-1
40,19350,1121,519,37,109,1,-1,-1,-1
40,19351,993,593,34,110,1,-1,-1,-1
40,19352,974,584,33,119,1,-1,-1,-1
40,19353,948,596,31,122,1,-1,-1,-1
40,19354,1217,455,45,105,1,-1,-1,-1
40,19355,1130,513,41,98,1,-1,-1,-1
40,19356,870,614,36,111,1,-1,-1,-1
40,19357,906,615,38,117,1,-1,-1,-1
40,19358,489,400,49,95,1,-1,-1,-1
41,19340,1351,758,47,124,1,-1,-1,-1
41,19341,1188,780,45,134,1,-1,-1,-1
41,19342,1366,515,43,105,1,-1,-1,-1
41,19343,1397,523,37,102,1,-1,-1,-1
41,19344,1507,434,45,108,1,-1,-1,-1
41,19345,1426,425,32,95,1,-1,-1,-1
41,19346,1412,436,29,99,1,-1,-1,-1
41,19347,1370,422,40,98,1,-1,-1,-1
41,19348,1253,460,48,109,1,-1,-1,-1
41,19349,1168,493,46,104,1,-1,-1,-1
41,19350,1122,518,35,109,1,-1,-1,-1
41,19351,993,593,35,110,1,-1,-1,-1
41,19352,974,584,33,119,1,-1,-1,-1
41,19353,948,596,31,122,1,-1,-1,-1
41,19354,1217,455,45,105,1,-1,-1,-1
41,19355,1131,514,41,97,1,-1,-1,-1
41,19356,872,614,36,111,1,-1,-1,-1
41,19357,907,614,38,117,1,-1,-1,-1
41,19358,489,400,49,95,1,-1,-1,-1
42,19340,1350,759,48,125,1,-1,-1,-1
42,19341,1190,780,46,136,1,-1,-1,-1
42,19342,1368,514,43,105,1,-1,-1,-1
42,19343,1400,523,36,102,1,-1,-1,-1
42,19344,1508,433,45,108,1,-1,-1,-1
42,19345,1426,425,32,94,1,-1,-1,-1
42,19346,1413,435,29,99,1,-1,-1,-1
42,19347,1371,422,40,98,1,-1,-1,-1
42,19348,1252,459,49,109,1,-1,-1,-1
42,19349,1168,493,46,104,1,-1,-1,-1
42,19350,1123,518,34,108,1,-1,-1,-1
42,19351,993,592,35,111,1,-1,-1,-1
42,19352,974,583,33,121,1,-1,-1,-1
42,19353,948,596,31,122,1,-1,-1,-1
42,19354,1217,455,45,105,1,-1,-1,-1
42,19355,1131,514,41,97,1,-1,-1,-1
42,19356,874,614,36,111,1,-1,-1,-1
42,19357,908,614,38,117,1,-1,-1,-1
42,19358,489,399,49,95,1,-1,-1,-1
43,19340,1350,760,48,126,1,-1,-1,-1
43,19341,1192,781,46,137,1,-1,-1,-1
43,19342,1371,513,42,105,1,-1,-1,-1
43,19343,1403,523,36,102,1,-1,-1,-1
43,19344,1508,432,46,108,1,-1,-1,-1
43,19345,1426,424,32,95,1,-1,-1,-1
43,19346,1414,435,29,100,1,-1,-1,-1
43,19347,1372,421,40,98,1,-1,-1,-1
43,19348,1251,459,49,108,1,-1,-1,-1
43,19349,1169,493,45,104,1,-1,-1,-1
43,19350,1124,518,33,107,1,-1,-1,-1
43,19351,993,591,35,112,1,-1,-1,-1
43,19352,974,583,33,121,1,-1,-1,-1
43,19353,949,596,31,121,1,-1,-1,-1
43,19354,1218,454,45,105,1,-1,-1,-1
43,19355,1130,514,42,97,1,-1,-1,-1
43,19356,875,613,37,111,1,-1,-1,-1
43,19357,909,614,38,117,1,-1,-1,-1
43,19358,489,399,50,95,1,-1,-1,-1
44,19340,1349,762,49,126,1,-1,-1,-1
44,19341,1195,782,47,139,1,-1,-1,-1
44,19342,1376,511,41,105,1,-1,-1,-1
44,19343,1407,522,36,102,1,-1,-1,-1
44,19344,1510,431,47,108,1,-1,-1,-1
44,19345,1427,424,32,94,1,-1,-1,-1
44,19346,1415,434,29,100,1,-1,-1,-1
44,19347,1373,420,40,98,1,-1,-1,-1
44,19348,1250,458,49,108,1,-1,-1,-1
44,19349,1170,493,45,104,1,-1,-1,-1
44,19350,1124,518,33,105,1,-1,-1,-1
44,19351,993,590,35,113,1,-1,-1,-1
44,19352,974,582,33,123,1,-1,-1,-1
44,19353,949,596,31,121,1,-1,-1,-1
44,19354,1218,454,44,105,1,-1,-1,-1
44,19355,1130,514,42,96,1,-1,-1,-1
44,19356,878,613,38,111,1,-1,-1,-1
44,19357,912,613,37,117,1,-1,-1,-1
44,19358,489,398,50,95,1,-1,-1,-1
45,19340,1349,762,49,127,1,-1,-1,-1
45,19341,1196,783,47,139,1,-1,-1,-1
45,19342,1378,510,40,105,1,-1,-1,-1
45,19343,1409,522,35,102,1,-1,-1,-1
45,19344,1511,430,47,108,1,-1,-1,-1
45,19345,1426,423,32,95,1,-1,-1,-1
45,19346,1415,433,29,101,1,-1,-1,-1
45,19347,1373,419,41,98,1,-1,-1,-1
45,19348,1249,458,50,107,1,-1,-1,-1
45,19349,1170,493,46,104,1,-1,-1,-1
45,19350,1124,517,32,105,1,-1,-1,-1
45,19351,993,589,35,114,1,-1,-1,-1
45,19352,974,581,33,124,1,-1,-1,-1
45,19353,950,596,30,121,1,-1,-1,-1
45,19354,1219,454,44,105,1,-1,-1,-1
45,19355,1129,514,44,96,1,-1,-1,-1
45,19356,879,612,38,112,1,-1,-1,-1
45,19357,913,612,36,117,1,-1,-1,-1
45,19358,488,397,51,95,1,-1,-1,-1
46,19340,1348,763,49,127,1,-1,-1,-1
46,19341,1197,783,48,139,1,-1,-1,-1
46,19342,1380,510,39,105,1,-1,-1,-1
46,19343,1410,522,34,102,1,-1,-1,-1
46,19344,1511,430,48,108,1,-1,-1,-1
46,19345,1426,423,32,95,1,-1,-1,-1
46,19346,1416,433,29,101,1,-1,-1,-1
46,19347,1375,419,40,98,1,-1,-1,-1
46,19348,1249,458,51,107,1,-1,-1,-1
46,19349,1170,493,46,104,1,-1,-1,-1
46,19350,1125,517,31,105,1,-1,-1,-1
46,19351,994,589,35,114,1,-1,-1,-1
46,19352,974,581,33,124,1,-1,-1,-1
46,19353,950,595,31,121,1,-1,-1,-1
46,19354,1219,454,44,105,1,-1,-1,-1
46,19355,1130,513,43,96,1,-1,-1,-1
46,19356,880,612,39,112,1,-1,-1,-1
46,19357,914,612,36,117,1,-1,-1,-1
46,19358,488,397,51,95,1,-1,-1,-1
47,19340,1348,763,49,128,1,-1,-1,-1
47,19341,1199,784,49,139,1,-1,-1,-1
47,19342,1382,510,38,105,1,-1,-1,-1
47,19343,1410,522,34,102,1,-1,-1,-1
47,19344,1511,429,48,108,1,-1,-1,-1
47,19345,1425,423,32,95,1,-1,-1,-1
47,19346,1418,433,28,101,1,-1,-1,-1
47,19347,1376,419,41,98,1,-1,-1,-1
47,19348,1249,458,50,107,1,-1,-1,-1
47,19349,1171,493,45,104,1,-1,-1,-1
47,19350,1125,517,31,105,1,-1,-1,-1
47,19351,994,589,34,113,1,-1,-1,-1
47,19352,974,581,33,124,1,-1,-1,-1
47,19353,950,595,31,120,1,-1,-1,-1
47,19354,1219,454,44,105,1,-1,-1,-1
47,19355,1130,511,43,96,1,-1,-1,-1
47,19356,881,611,39,112,1,-1,-1,-1
47,19357,915,611,37,118,1,-1,-1,-1
47,19358,488,396,51,96,1,-1,-1,-1
48,19340,1347,764,49,127,1,-1,-1,-1
48,19341,1202,786,48,139,1,-1,-1,-1
48,19342,1383,510,38,104,1,-1,-1,-1
48,19343,1411,522,34,102,1,-1,-1,-1
48,19344,1512,429,48,108,1,-1,-1,-1
48,19345,1424,423,32,95,1,-1,-1,-1
48,19346,1419,432,29,101,1,-1,-1,-1
48,19347,1378,419,41,98,1,-1,-1,-1
48,19348,1250,458,49,107,1,-1,-1,-1
48,19349,1171,493,46,104,1,-1,-1,-1
48,19350,1124,517,32,105,1,-1,-1,-1
48,19351,995,589,34,113,1,-1,-1,-1
48,19352,975,581,32,124,1,-1,-1,-1
48,19353,951,595,30,120,1,-1,-1,-1
48,19354,1219,454,44,105,1,-1,-1,-1
48,19355,1131,510,43,94,1,-1,-1,-1
48,19356,882,610,39,113,1,-1,-1,-1
48,19357,917,611,36,118,1,-1,-1,-1
48,19358,488,396,51,96,1,-1,-1,-1
49,19340,1347,764,48,128,1,-1,-1,-1
49,19341,1203,787,49,139,1,-1,-1,-1
49,19342,1385,510,37,104,1,-1,-1,-1
49,19343,1411,522,34,102,1,-1,-1,-1
49,19344,1512,429,50,108,1,-1,-1,-1
49,19345,1423,423,33,95,1,-1,-1,-1
49,19346,1420,431,29,101,1,-1,-1,-1
49,19347,1379,419,41,98,1,-1,-1,-1
49,19348,1250,458,49,107,1,-1,-1,-1
49,19349,1172,493,45,104,1,-1,-1,-1
49,19350,1124,517,31,105,1,-1,-1,-1
49,19351,995,589,34,113,1,-1,-1,-1
49,19352,975,581,33,124,1,-1,-1,-1
49,19353,951,595,30,120,1,-1,-1,-1
49,19354,1220,454,43,104,1,-1,-1,-1
49,19355,1131,508,43,94,1,-1,-1,-1
49,19356,883,609,39,113,1,-1,-1,-1
49,19357,918,610,37,120,1,-1,-1,-1
49,19358,487,395,52,97,1,-1,-1,-1
50,19340,1346,765,48,127,1,-1,-1,-1
50,19341,1207,789,49,139,1,-1,-1,-1
50,19342,1388,511,37,104,1,-1,-1,-1
50,19343,1412,522,33,102,1,-1,-1,-1
50,19344,1514,429,49,108,1,-1,-1,-1
50,19345,1422,423,33,95,1,-1,-1,-1
50,19346,1422,430,29,101,1,-1,-1,-1
50,19347,1381,419,41,98,1,-1,-1,-1
50,19348,1250,457,49,107,1,-1,-1,-1
50,19349,1173,493,45,104,1,-1,-1,-1
50,19350,1123,517,32,105,1,-1,-1,-1
50,19351,995,589,34,113,1,-1,-1,-1
50,19352,975,581,33,124,1,-1,-1,-1
50,19353,952,595,30,120,1,-1,-1,-1
50,19354,1220,454,43,104,1,-1,-1,-1
50,19355,1133,506,42,92,1,-1,-1,-1
50,19356,885,608,39,114,1,-1,-1,-1
50,19357,920,610,37,120,1,-1,-1,-1
50,19358,487,394,52,98,1,-1,-1,-1
51,19340,1345,766,49,127,1,-1,-1,-1
51,19341,1208,790,49,139,1,-1,-1,-1
51,19342,1389,511,37,104,1,-1,-1,-1
51,19343,1412,521,33,102,1,-1,-1,-1
51,19344,1514,428,50,108,1,-1,-1,-1
51,19345,1421,423,33,95,1,-1,-1,-1
51,19346,1423,429,29,101,1,-1,-1,-1
51,19347,1382,419,41,98,1,-1,-1,-1
51,19348,1251,457,47,107,1,-1,-1,-1
51,19349,1173,493,46,104,1,-1,-1,-1
51,19350,1123,517,31,105,1,-1,-1,-1
51,19351,996,589,33,112,1,-1,-1,-1
51,19352,976,581,32,124,1,-1,-1,-1
51,19353,952,595,30,119,1,-1,-1,-1
51,19354,1220,454,43,104,1,-1,-1,-1
51,19355,1134,505,41,92,1,-1,-1,-1
51,19356,886,607,39,115,1,-1,-1,-1
51,19357,921,609,37,121,1,-1,-1,-1
51,19358,487,393,52,99,1,-1,-1,-1
52,19340,1345,766,49,127,1,-1,-1,-1
52,19341,1209,790,50,139,1,-1,-1,-1
52,19342,1391,511,37,104,1,-1,-1,-1
52,19343,1413,521,32,102,1,-1,-1,-1
52,19344,1515,428,50,108,1,-1,-1,-1
52,19345,1420,423,34,95,1,-1,-1,-1
52,19346,1425,429,29,101,1,-1,-1,-1
52,19347,1383,419,41,98,1,-1,-1,-1
52,19348,1251,457,47,107,1,-1,-1,-1
52,19349,1174,493,45,104,1,-1,-1,-1
52,19350,1123,517,32,104,1,-1,-1,-1
52,19351,996,589,34,112,1,-1,-1,-1
52,19352,977,581,31,124,1,-1,-1,-1
52,19353,952,595,30,119,1,-1,-1,-1
52,19354,1220,454,43,104,1,-1,-1,-1
52,19355,1134,504,41,92,1,-1,-1,-1
52,19356,888,607,38,115,1,-1,-1,-1
52,19357,922,609,37,121,1,-1,-1,-1
52,19358,487,393,52,99,1,-1,-1,-1
53,19340,1345,766,49,129,1,-1,-1,-1
53,19341,1211,791,49,139,1,-1,-1,-1
53,19342,1393,512,37,102,1,-1,-1,-1
53,19343,1414,521,32,102,1,-1,-1,-1
53,19344,1518,427,49,108,1,-1,-1,-1
53,19345,1420,423,34,95,1,-1,-1,-1
53,19346,1427,429,29,100,1,-1,-1,-1
53,19347,1384,419,41,97,1,-1,-1,-1
53,19348,1252,457,45,107,1,-1,-1,-1
53,19349,1176,493,45,104,1,-1,-1,-1
53,19350,1123,516,32,104,1,-1,-1,-1
53,19351,997,589,33,112,1,-1,-1,-1
53,19352,977,581,32,124,1,-1,-1,-1
53,19353,953,595,30,119,1,-1,-1,-1
53,19354,1221,454,42,103,1,-1,-1,-1
53,19355,1134,503,41,93,1,-1,-1,-1
53,19356,890,606,38,115,1,-1,-1,-1
53,19357,922,608,37,121,1,-1,-1,-1
53,19358,489,394,51,97,1,-1,-1,-1
54,19340,1344,767,49,129,1,-1,-1,-1
54,19341,1212,791,50,139,1,-1,-1,-1
54,19342,1395,513,37,101,1,-1,-1,-1
54,19343,1416,520,31,102,1,-1,-1,-1
54,19344,1520,427,49,107,1,-1,-1,-1
54,19345,1419,424,34,94,1,-1,-1,-1
54,19346,1430,428,29,100,1,-1,-1,-1
54,19347,1385,419,40,97,1,-1,-1,-1
54,19348,1252,457,45,107,1,-1,-1,-1
54,19349,1177,493,45,103,1,-1,-1,-1
54,19350,1124,515,31,104,1,-1,-1,-1
54,19351,997,589,33,112,1,-1,-1,-1
54,19352,977,581,32,124,1,-1,-1,-1
54,19353,953,595,30,118,1,-1,-1,-1
54,19354,1221,453,42,104,1,-1,-1,-1
54,19355,1134,502,41,93,1,-1,-1,-1
54,19356,893,605,37,115,1,-1,-1,-1
54,19357,922,608,37,121,1,-1,-1,-1
54,19358,489,394,51,97,1,-1,-1,-1
55,19340,1344,767,49,130,1,-1,-1,-1
55,19341,1214,791,49,139,1,-1,-1,-1
55,19342,1398,513,38,101,1,-1,-1,-1
55,19343,1417,520,31,102,1,-1,-1,-1
55,19344,1523,426,48,107,1,-1,-1,-1
55,19345,1419,424,34,94,1,-1,-1,-1
55,19346,1432,428,30,100,1,-1,-1,-1
55,19347,1386,419,40,96,1,-1,-1,-1
55,19348,1252,457,44,107,1,-1,-1,-1
55,19349,1179,493,45,102,1,-1,-1,-1
55,19350,1124,515,32,102,1,-1,-1,-1
55,19351,998,589,32,111,1,-1,-1,-1
55,19352,978,581,31,124,1,-1,-1,-1
55,19353,954,595,29,118,1,-1,-1,-1
55,19354,1222,453,41,104,1,-1,-1,-1
55,19355,1133,501,42,95,1,-1,-1,-1
55,19356,895,605,37,115,1,-1,-1,-1
55,19357,922,608,37,120,1,-1,-1,-1
55,19358,490,394,50,97,1,-1,-1,-1
56,19340,1344,768,49,130,1,-1,-1,-1
56,19341,1216,791,49,139,1,-1,-1,-1
56,19342,1401,514,38,99,1,-1,-1,-1
56,19343,1419,519,30,102,1,-1,-1,-1
56,19344,1526,425,47,106,1,-1,-1,-1
56,19345,1418,425,34,93,1,-1,-1,-1
56,19346,1434,428,31,99,1,-1,-1,-1
56,19347,1387,418,39,97,1,-1,-1,-1
56,19348,1252,457,43,107,1,-1,-1,-1
56,19349,1181,493,44,102,1,-1,-1,-1
56,19350,1124,514,32,102,1,-1,-1,-1
56,19351,999,589,32,111,1,-1,-1,-1
56,19352,978,581,31,124,1,-1,-1,-1
56,19353,954,594,29,118,1,-1,-1,-1
56,19354,1222,453,41,104,1,-1,-1,-1
56,19355,1133,500,41,96,1,-1,-1,-1
56,19356,898,604,36,115,1,-1,-1,-1
56,19357,922,607,36,121,1,-1,-1,-1
56,19358,490,395,50,96,1,-1,-1,-1
57,19340,1344,768,49,131,1,-1,-1,-1
57,19341,1218,791,49,139,1,-1,-1,-1
57,19342,1403,515,39,98,1,-1,-1,-1
57,19343,1420,519,30,102,1,-1,-1,-1
57,19344,1528,424,47,106,1,-1,-1,-1
57,19345,1418,425,33,93,1,-1,-1,-1
57,19346,1436,428,33,99,1,-1,-1,-1
57,19347,1388,418,39,96,1,-1,-1,-1
57,19348,1252,457,43,107,1,-1,-1,-1
57,19349,1182,493,45,101,1,-1,-1,-1
57,19350,1124,513,32,101,1,-1,-1,-1
57,19351,999,589,32,111,1,-1,-1,-1
57,19352,979,581,31,124,1,-1,-1,-1
57,19353,955,594,29,118,1,-1,-1,-1
57,19354,1223,453,41,104,1,-1,-1,-1
57,19355,1133,500,41,95,1,-1,-1,-1
57,19356,902,604,35,115,1,-1,-1,-1
57,19357,923,607,36,120,1,-1,-1,-1
57,19358,491,395,50,96,1,-1,-1,-1
58,19340,1344,769,49,131,1,-1,-1,-1
58,19341,1220,791,49,140,1,-1,-1,-1
58,19342,1404,515,40,98,1,-1,-1,-1
58,19343,1422,519,29,102,1,-1,-1,-1
58,19344,1530,423,46,106,1,-1,-1,-1
58,19345,1417,425,33,93,1,-1,-1,-1
58,19346,1437,427,33,99,1,-1,-1,-1
58,19347,1390,418,38,95,1,-1,-1,-1
58,19348,1252,457,43,107,1,-1,-1,-1
58,19349,1183,493,44,101,1,-1,-1,-1
58,19350,1124,512,32,101,1,-1,-1,-1
58,19351,1000,589,32,111,1,-1,-1,-1
58,19352,979,581,31,124,1,-1,-1,-1
58,19353,955,594,29,118,1,-1,-1,-1
58,19354,1223,453,41,103,1,-1,-1,-1
58,19355,1133,499,41,96,1,-1,-1,-1
58,19356,903,603,34,115,1,-1,-1,-1
58,19357,924,607,35,119,1,-1,-1,-1
58,19358,492,395,49,95,1,-1,-1,-1
59,19340,1345,770,49,131,1,-1,-1,-1
59,19341,1222,792,48,139,1,-1,-1,-1
59,19342,1404,515,42,97,1,-1,-1,-1
59,19343,1422,519,29,102,1,-1,-1,-1
59,19344,1531,423,45,105,1,-1,-1,-1
59,19345,1416,426,33,92,1,-1,-1,-1
59,19346,1438,427,34,99,1,-1,-1,-1
59,19347,1390,418,38,95,1,-1,-1,-1
59,19348,1252,457,43,107,1,-1,-1,-1
59,19349,1183,493,44,100,1,-1,-1,-1
59,19350,1124,512,33,101,1,-1,-1,-1
59,19351,1000,589,32,111,1,-1,-1,-1
59,19352,980,581,30,124,1,-1,-1,-1
59,19353,955,594,29,118,1,-1,-1,-1
59,19354,1224,453,40,103,1,-1,-1,-1
59,19355,1133,498,41,97,1,-1,-1,-1
59,19356,905,603,33,115,1,-1,-1,-1
59,19357,923,607,36,119,1,-1,-1,-1
59,19358,493,395,49,95,1,-1,-1,-1
60,19340,1345,770,49,132,1,-1,-1,-1
60,19341,1224,793,48,139,1,-1,-1,-1
60,19342,1405,515,42,97,1,-1,-1,-1
60,19343,1423,520,29,102,1,-1,-1,-1
60,19344,1532,422,44,106,1,-1,-1,-1
60,19345,1415,426,33,92,1,-1,-1,-1
60,19346,1439,427,35,99,1,-1,-1,-1
60,19347,1391,418,38,95,1,-1,-1,-1
60,19348,1252,457,42,107,1,-1,-1,-1
60,19349,1184,492,44,101,1,-1,-1,-1
60,19350,1123,512,34,101,1,-1,-1,-1
60,19351,1000,589,33,112,1,-1,-1,-1
60,19352,980,581,30,124,1,-1,-1,-1
60,19353,955,594,29,118,1,-1,-1,-1
60,19354,1224,453,40,103,1,-1,-1,-1
60,19355,1133,498,41,97,1,-1,-1,-1
60,19356,906,603,33,115,1,-1,-1,-1
60,19357,923,607,36,119,1,-1,-1,-1
60,19358,494,395,49,95,1,-1,-1,-1
61,19340,1347,771,48,131,1,-1,-1,-1
61,19341,1225,794,48,139,1,-1,-1,-1
61,19342,1405,515,44,97,1,-1,-1,-1
61,19343,1424,520,28,102,1,-1,-1,-1
61,19344,1534,422,43,106,1,-1,-1,-1
61,19345,1414,426,33,92,1,-1,-1,-1
61,19346,1440,426,35,99,1,-1,-1,-1
61,19347,1392,418,36,95,1,-1,-1,-1
61,19348,1252,457,41,107,1,-1,-1,-1
61,19349,1184,492,44,101,1,-1,-1,-1
61,19350,1121,512,35,101,1,-1,-1,-1
61,19351,1000,589,33,112,1,-1,-1,-1
61,19352,981,581,29,124,1,-1,-1,-1
61,19353,956,594,29,118,1,-1,-1,-1
61,19354,1225,453,40,103,1,-1,-1,-1
61,19355,1133,497,41,98,1,-1,-1,-1
61,19356,907,603,32,115,1,-1,-1,-1
61,19357,923,608,36,119,1,-1,-1,-1
61,19358,495,395,49,95,1,-1,-1,-1
62,19340,1348,772,47,131,1,-1,-1,-1
62,19341,1227,795,48,139,1,-1,-1,-1
62,19342,1406,515,44,97,1,-1,-1,-1
62,19343,1425,520,27,102,1,-1,-1,-1
62,19344,1535,422,43,106,1,-1,-1,-1
62,19345,1412,426,33,92,1,-1,-1,-1
62,19346,1441,426,35,99,1,-1,-1,-1
62,19347,1392,418,36,95,1,-1,-1,-1
62,19348,1252,457,41,107,1,-1,-1,-1
62,19349,1183,492,45,101,1,-1,-1,-1
62,19350,1121,513,35,101,1,-1,-1,-1
62,19351,1001,589,32,112,1,-1,-1,-1
62,19352,981,581,29,124,1,-1,-1,-1
62,19353,956,594,29,118,1,-1,-1,-1
62,19354,1225,453,40,103,1,-1,-1,-1
62,19355,1133,497,41,98,1,-1,-1,-1
62,19356,908,603,31,115,1,-1,-1,-1
62,19357,924,608,35,119,1,-1,-1,-1
62,19358,496,395,49,94,1,-1,-1,-1
63,19340,1348,772,47,132,1,-1,-1,-1
63,19341,1230,797,48,139,1,-1,-1,-1
63,19342,1407,515,45,97,1,-1,-1,-1
63,19343,1426,521,27,102,1,-1,-1,-1
63,19344,1536,421,42,107,1,-1,-1,-1
63,19345,1411,426,32,92,1,-1,-1,-1
63,19346,1442,426,35,99,1,-1,-1,-1
63,19347,1394,418,35,95,1,-1,-1,-1
63,19348,1252,457,41,107,1,-1,-1,-1
63,19349,1184,492,44,101,1,-1,-1,-1
63,19350,1120,513,36,101,1,-1,-1,-1
63,19351,1002,589,32,113,1,-1,-1,-1
63,19352,982,581,29,124,1,-1,-1,-1
63,19353,956,594,29,118,1,-1,-1,-1
63,19354,1226,453,39,103,1,-1,-1,-1
63,19355,1133,496,41,100,1,-1,-1,-1
63,19356,909,603,31,115,1,-1,-1,-1
63,19357,924,608,36,118,1,-1,-1,-1
63,19358,497,395,49,94,1,-1,-1,-1
64,19340,1349,773,47,131,1,-1,-1,-1
64,19341,1231,798,47,139,1,-1,-1,-1
64,19342,1408,515,46,97,1,-1,-1,-1
64,19343,1426,521,27,102,1,-1,-1,-1
64,19344,1537,421,41,107,1,-1,-1,-1
64,19345,1410,426,32,92,1,-1,-1,-1
64,19346,1444,426,35,99,1,-1,-1,-1
64,19347,1394,418,36,95,1,-1,-1,-1
64,19348,1252,457,41,107,1,-1,-1,-1
64,19349,1184,492,44,100,1,-1,-1,-1
64,19350,1120,513,36,101,1,-1,-1,-1
64,19351,1002,589,33,113,1,-1,-1,-1
64,19352,982,581,29,124,1,-1,-1,-1
64,19353,956,594,29,118,1,-1,-1,-1
64,19354,1227,453,39,103,1,-1,-1,-1
64,19355,1133,496,41,100,1,-1,-1,-1
64,19356,909,603,31,115,1,-1,-1,-1
64,19357,924,608,36,118,1,-1,-1,-1
64,19358,497,395,50,94,1,-1,-1,-1
65,19340,1350,773,46,131,1,-1,-1,-1
65,19341,1232,798,48,139,1,-1,-1,-1
65,19342,1409,515,46,97,1,-1,-1,-1
65,19343,1427,521,26,102,1,-1,-1,-1
65,19344,1537,421,42,107,1,-1,-1,-1
65,19345,1407,426,33,92,1,-1,-1,-1
65,19346,1445,425,35,99,1,-1,-1,-1
65,19347,1395,418,35,95,1,-1,-1,-1
65,19348,1253,457,40,107,1,-1,-1,-1
65,19349,1184,491,44,101,1,-1,-1,-1
65,19350,1119,512,38,101,1,-1,-1,-1
65,19351,1003,589,33,113,1,-1,-1,-1
65,19352,982,581,29,124,1,-1,-1,-1
65,19353,956,594,29,118,1,-1,-1,-1
65,19354,1228,453,38,103,1,-1,-1,-1
65,19355,1133,496,41,100,1,-1,-1,-1
65,19356,910,603,30,115,1,-1,-1,-1
65,19357,924,608,36,118,1,-1,-1,-1
65,19358,498,395,50,94,1,-1,-1,-1
66,19340,1351,773,45,132,1,-1,-1,-1
66,19341,1234,798,48,139,1,-1,-1,-1
66,19342,1410,515,47,97,1,-1,-1,-1
66,19343,1427,522,27,102,1,-1,-1,-1
66,19344,1538,420,40,107,1,-1,-1,-1
66,19345,1405,426,33,92,1,-1,-1,-1
66,19346,1447,425,36,99,1,-1,-1,-1
66,19347,1396,418,35,95,1,-1,-1,-1
66,19348,1254,457,40,107,1,-1,-1,-1
66,19349,1184,491,43,101,1,-1,-1,-1
66,19350,1119,512,38,101,1,-1,-1,-1
66,19351,1004,589,33,113,1,-1,-1,-1
66,19352,983,581,28,124,1,-1,-1,-1
66,19353,956,593,29,119,1,-1,-1,-1
66,19354,1229,453,38,103,1,-1,-1,-1
66,19355,1133,496,41,100,1,-1,-1,-1
66,19356,911,603,30,115,1,-1,-1,-1
66,19357,923,609,37,118,1,-1,-1,-1
66,19358,498,395,50,94,1,-1,-1,-1
67,19340,1352,774,44,131,1,-1,-1,-1
67,19341,1236,798,48,139,1,-1,-1,-1
67,19342,1412,515,46,97,1,-1,-1,-1
67,19343,1428,522,26,102,1,-1,-1,-1
67,19344,1537,420,41,106,1,-1,-1,-1
67,19345,1402,426,34,92,1,-1,-1,-1
67,19346,1450,424,35,100,1,-1,-1,-1
67,19347,1398,418,35,94,1,-1,-1,-1
67,19348,1254,457,40,107,1,-1,-1,-1
67,19349,1184,491,43,101,1,-1,-1,-1
67,19350,1118,512,39,101,1,-1,-1,-1
67,19351,1005,590,33,112,1,-1,-1,-1
67,19352,983,581,28,124,1,-1,-1,-1
67,19353,956,593,29,119,1,-1,-1,-1
67,19354,1231,453,37,103,1,-1,-1,-1
67,19355,1134,495,40,100,1,-1,-1,-1
67,19356,912,602,30,115,1,-1,-1,-1
67,19357,923,609,38,118,1,-1,-1,-1
67,19358,498,395,50,94,1,-1,-1,-1
68,19340,1352,774,44,131,1,-1,-1,-1
68,19341,1238,798,48,139,1,-1,-1,-1
68,19342,1413,514,47,98,1,-1,-1,-1
68,19343,1429,522,25,102,1,-1,-1,-1
68,19344,1537,419,41,106,1,-1,-1,-1
68,19345,1399,426,34,92,1,-1,-1,-1
68,19346,1453,424,35,100,1,-1,-1,-1
68,19347,1399,417,35,95,1,-1,-1,-1
68,19348,1255,457,40,107,1,-1,-1,-1
68,19349,1183,491,44,101,1,-1,-1,-1
68,19350,1118,512,40,101,1,-1,-1,-1
68,19351,1006,590,34,112,1,-1,-1,-1
68,19352,983,581,28,124,1,-1,-1,-1
68,19353,956,592,29,120,1,-1,-1,-1
68,19354,1233,453,36,103,1,-1,-1,-1
68,19355,1134,495,41,101,1,-1,-1,-1
68,19356,913,602,30,115,1,-1,-1,-1
68,19357,923,609,38,118,1,-1,-1,-1
68,19358,499,395,50,94,1,-1,-1,-1
69,19340,1353,774,44,131,1,-1,-1,-1
69,19341,1241,799,47,139,1,-1,-1,-1
69,19342,1415,514,47,98,1,-1,-1,-1
69,19343,1429,522,26,102,1,-1,-1,-1
69,19344,1538,419,40,106,1,-1,-1,-1
69,19345,1395,426,36,93,1,-1,-1,-1
69,19346,1456,423,35,101,1,-1,-1,-1
69,19347,1400,417,36,95,1,-1,-1,-1
69,19348,1257,458,40,107,1,-1,-1,-1
69,19349,1183,491,43,101,1,-1,-1,-1
69,19350,1118,512,40,101,1,-1,-1,-1
69,19351,1007,590,35,111,1,-1,-1,-1
69,19352,984,581,27,124,1,-1,-1,-1
69,19353,956,591,29,121,1,-1,-1,-1
69,19354,1235,453,36,102,1,-1,-1,-1
69,19355,1135,495,40,101,1,-1,-1,-1
69,19356,914,602,30,115,1,-1,-1,-1
69,19357,924,610,38,117,1,-1,-1,-1
69,19358,499,395,51,94,1,-1,-1,-1
70,19340,1353,774,44,131,1,-1,-1,-1
70,19341,1242,799,48,139,1,-1,-1,-1
70,19342,1416,514,47,97,1,-1,-1,-1
70,19343,1429,522,26,102,1,-1,-1,-1
70,19344,1538,418,40,106,1,-1,-1,-1
70,19345,1394,426,36,93,1,-1,-1,-1
70,19346,1458,422,35,102,1,-1,-1,-1
70,19347,1400,417,37,95,1,-1,-1,-1
70,19348,1258,458,39,107,1,-1,-1,-1
70,19349,1182,491,44,101,1,-1,-1,-1
70,19350,1118,512,40,100,1,-1,-1,-1
70,19351,1008,591,35,110,1,-1,-1,-1
70,19352,984,581,27,124,1,-1,-1,-1
70,19353,956,590,29,122,1,-1,-1,-1
70,19354,1236,453,35,102,1,-1,-1,-1
70,19355,1135,495,40,101,1,-1,-1,-1
70,19356,915,602,29,115,1,-1,-1,-1
70,19357,924,610,38,117,1,-1,-1,-1
70,19358,499,395,51,94,1,-1,-1,-1
71,19340,1353,774,44,130,1,-1,-1,-1
71,19341,1244,799,47,139,1,-1,-1,-1
71,19342,1416,513,47,98,1,-1,-1,-1
71,19343,1429,522,25,102,1,-1,-1,-1
71,19344,1538,418,40,106,1,-1,-1,-1
71,19345,1393,426,37,94,1,-1,-1,-1
71,19346,1459,422,34,102,1,-1,-1,-1
71,19347,1400,417,37,95,1,-1,-1,-1
71,19348,1258,458,39,107,1,-1,-1,-1
71,19349,1182,491,44,101,1,-1,-1,-1
71,19350,1118,512,41,101,1,-1,-1,-1
71,19351,1007,591,36,109,1,-1,-1,-1
71,19352,984,581,27,124,1,-1,-1,-1
71,19353,957,590,29,122,1,-1,-1,-1
71,19354,1236,453,35,102,1,-1,-1,-1
71,19355,1135,495,40,101,1,-1,-1,-1
71,19356,915,602,29,115,1,-1,-1,-1
71,19357,923,610,39,117,1,-1,-1,-1
71,19358,498,395,50,94,1,-1,-1,-1
72,19340,1354,774,43,130,1,-1,-1,-1
72,19341,1245,799,48,139,1,-1,-1,-1
72,19342,1416,514,47,98,1,-1,-1,-1
72,19343,1428,522,26,102,1,-1,-1,-1
72,19344,1538,418,41,106,1,-1,-1,-1
72,19345,1393,427,37,94,1,-1,-1,-1
72,19346,1459,422,35,102,1,-1,-1,-1
72,19347,1399,417,38,95,1,-1,-1,-1
72,19348,1258,459,39,105,1,-1,-1,-1
72,19349,1182,491,43,101,1,-1,-1,-1
72,19350,1118,512,42,101,1,-1,-1,-1
72,19351,1007,591,36,109,1,-1,-1,-1
72,19352,984,581,27,124,1,-1,-1,-1
72,19353,957,590,29,122,1,-1,-1,-1
72,19354,1238,453,34,102,1,-1,-1,-1
72,19355,1136,495,40,101,1,-1,-1,-1
72,19356,915,602,29,115,1,-1,-1,-1
72,19357,922,610,39,116,1,-1,-1,-1
72,19358,496,395,51,94,1,-1,-1,-1
73,19340,1354,775,43,129,1,-1,-1,-1
73,19341,1247,800,48,139,1,-1,-1,-1
73,19342,1416,514,47,98,1,-1,-1,-1
73,19343,1428,522,25,102,1,-1,-1,-1
73,19344,1539,418,40,106,1,-1,-1,-1
73,19345,1392,428,38,94,1,-1,-1,-1
73,19346,1460,421,34,102,1,-1,-1,-1
73,19347,1398,418,39,93,1,-1,-1,-1
73,19348,1258,459,39,105,1,-1,-1,-1
73,19349,1181,491,44,101,1,-1,-1,-1
73,19350,1119,512,41,101,1,-1,-1,-1
73,19351,1007,591,36,109,1,-1,-1,-1
73,19352,984,581,27,124,1,-1,-1,-1
73,19353,957,590,29,122,1,-1,-1,-1
73,19354,1238,452,34,104,1,-1,-1,-1
73,19355,1136,495,41,102,1,-1,-1,-1
73,19356,915,602,29,115,1,-1,-1,-1
73,19357,921,610,39,116,1,-1,-1,-1
73,19358,494,396,50,93,1,-1,-1,-1
74,19340,1354,775,42,129,1,-1,-1,-1
74,19341,1249,800,47,139,1,-1,-1,-1
74,19342,1416,514,47,98,1,-1,-1,-1
74,19343,1428,522,25,102,1,-1,-1,-1
74,19344,1539,417,40,106,1,-1,-1,-1
74,19345,1392,428,39,94,1,-1,-1,-1
74,19346,1460,420,34,103,1,-1,-1,-1
74,19347,1398,418,38,93,1,-1,-1,-1
74,19348,1259,459,38,104,1,-1,-1,-1
74,19349,1181,491,44,101,1,-1,-1,-1
74,19350,1120,512,42,101,1,-1,-1,-1
74,19351,1007,591,36,109,1,-1,-1,-1
74,19352,984,581,27,124,1,-1,-1,-1
74,19353,957,590,29,122,1,-1,-1,-1
74,19354,1240,452,33,104,1,-1,-1,-1
74,19355,1136,495,41,102,1,-1,-1,-1
74,19356,915,602,29,115,1,-1,-1,-1
74,19357,921,610,39,116,1,-1,-1,-1
74,19358,492,396,50,93,1,-1,-1,-1
75,19340,1354,776,42,128,1,-1,-1,-1
75,19341,1252,801,47,139,1,-1,-1,-1
75,19342,1415,515,47,97,1,-1,-1,-1
75,19343,1428,522,24,102,1,-1,-1,-1
75,19344,1539,417,40,106,1,-1,-1,-1
75,19345,1392,430,39,94,1,-1,-1,-1
75,19346,1460,419,34,102,1,-1,-1,-1
75,19347,1397,418,39,93,1,-1,-1,-1
75,19348,1259,459,37,102,1,-1,-1,-1
75,19349,1181,491,43,101,1,-1,-1,-1
75,19350,1120,512,42,101,1,-1,-1,-1
75,19351,1006,591,37,109,1,-1,-1,-1
75,19352,985,581,27,124,1,-1,-1,-1
75,19353,958,590,29,122,1,-1,-1,-1
75,19354,1242,452,32,105,1,-1,-1,-1
75,19355,1136,495,41,102,1,-1,-1,-1
75,19356,915,602,28,115,1,-1,-1,-1
75,19357,920,610,39,116,1,-1,-1,-1
75,19358,488,397,51,93,1,-1,-1,-1
76,19340,1354,776,42,127,1,-1,-1,-1
76,19341,1253,801,47,139,1,-1,-1,-1
76,19342,1415,515,47,97,1,-1,-1,-1
76,19343,1427,522,25,102,1,-1,-1,-1
76,19344,1540,416,40,106,1,-1,-1,-1
76,19345,1392,430,39,94,1,-1,-1,-1
76,19346,1460,418,34,103,1,-1,-1,-1
76,19347,1396,419,39,92,1,-1,-1,-1
76,19348,1259,459,37,102,1,-1,-1,-1
76,19349,1180,491,43,101,1,-1,-1,-1
76,19350,1120,512,43,101,1,-1,-1,-1
76,19351,1006,591,36,109,1,-1,-1,-1
76,19352,985,581,27,124,1,-1,-1,-1
76,19353,958,590,29,122,1,-1,-1,-1
76,19354,1243,451,31,106,1,-1,-1,-1
76,19355,1137,495,40,102,1,-1,-1,-1
76,19356,915,602,28,115,1,-1,-1,-1
76,19357,920,610,39,116,1,-1,-1,-1
76,19358,487,397,51,93,1,-1,-1,-1
77,19340,1354,776,42,127,1,-1,-1,-1
77,19341,1253,801,47,140,1,-1,-1,-1
77,19342,1415,515,47,97,1,-1,-1,-1
77,19343,1427,523,25,102,1,-1,-1,-1
77,19344,1539,417,40,105,1,-1,-1,-1
77,19345,1391,431,39,94,1,-1,-1,-1
77,19346,1460,418,34,102,1,-1,-1,-1
77,19347,1396,419,39,92,1,-1,-1,-1
77,19348,1259,459,37,101,1,-1,-1,-1
77,19349,1180,490,43,101,1,-1,-1,-1
77,19350,1121,512,43,101,1,-1,-1,-1
77,19351,1006,591,36,109,1,-1,-1,-1
77,19352,985,581,27,124,1,-1,-1,-1
77,19353,958,590,29,122,1,-1,-1,-1
77,19354,1244,451,30,106,1,-1,-1,-1
77,19355,1137,494,41,103,1,-1,-1,-1
77,19356,915,602,28,115,1,-1,-1,-1
77,19357,919,610,39,116,1,-1,-1,-1
77,19358,485,398,52,92,1,-1,-1,-1
78,19340,1354,777,42,126,1,-1,-1,-1
78,19341,1252,802,48,140,1,-1,-1,-1
78,19342,1415,515,47,97,1,-1,-1,-1
78,19343,1427,523,24,102,1,-1,-1,-1
78,19344,1540,417,39,105,1,-1,-1,-1
78,19345,1390,431,39,94,1,-1,-1,-1
78,19346,1460,418,34,102,1,-1,-1,-1
78,19347,1395,420,39,91,1,-1,-1,-1
78,19348,1260,459,37,101,1,-1,-1,-1
78,19349,1180,490,43,101,1,-1,-1,-1
78,19350,1122,512,43,101,1,-1,-1,-1
78,19351,1006,591,36,109,1,-1,-1,-1
78,19352,985,580,27,124,1,-1,-1,-1
78,19353,958,590,29,122,1,-1,-1,-1
78,19354,1244,451,30,106,1,-1,-1,-1
78,19355,1138,494,40,103,1,-1,-1,-1
78,19356,914,602,29,115,1,-1,-1,-1
78,19357,919,610,39,116,1,-1,-1,-1
78,19358,484,399,52,92,1,-1,-1,-1
79,19340,1354,777,42,126,1,-1,-1,-1
79,19341,1252,803,48,141,1,-1,-1,-1
79,19342,1414,515,47,97,1,-1,-1,-1
79,19343,1426,523,25,102,1,-1,-1,-1
79,19344,1540,417,39,104,1,-1,-1,-1
79,19345,1388,431,40,94,1,-1,-1,-1
79,19346,1460,417,33,102,1,-1,-1,-1
79,19347,1395,420,39,91,1,-1,-1,-1
79,19348,1260,459,38,101,1,-1,-1,-1
79,19349,1180,490,42,101,1,-1,-1,-1
79,19350,1122,512,43,101,1,-1,-1,-1
79,19351,1006,591,36,109,1,-1,-1,-1
79,19352,985,580,27,124,1,-1,-1,-1
79,19353,959,590,28,122,1,-1,-1,-1
79,19354,1245,450,29,106,1,-1,-1,-1
79,19355,1138,494,41,103,1,-1,-1,-1
79,19356,914,602,28,115,1,-1,-1,-1
79,19357,919,610,38,116,1,-1,-1,-1
79,19358,484,399,51,91,1,-1,-1,-1
80,19340,1355,778,41,125,1,-1,-1,-1
80,19341,1251,804,48,141,1,-1,-1,-1
80,19342,1414,515,47,97,1,-1,-1,-1
80,19343,1426,523,24,102,1,-1,-1,-1
80,19344,1539,417,39,103,1,-1,-1,-1
80,19345,1387,431,40,94,1,-1,-1,-1
80,19346,1459,417,34,102,1,-1,-1,-1
80,19347,1394,420,39,91,1,-1,-1,-1
80,19348,1261,458,38,102,1,-1,-1,-1
80,19349,1179,490,43,101,1,-1,-1,-1
80,19350,1123,512,43,101,1,-1,-1,-1
80,19351,1005,591,36,109,1,-1,-1,-1
80,19352,985,580,27,124,1,-1,-1,-1
80,19353,959,590,29,122,1,-1,-1,-1
80,19354,1246,449,29,107,1,-1,-1,-1
80,19355,1138,494,41,104,1,-1,-1,-1
80,19356,913,602,28,115,1,-1,-1,-1
80,19357,919,610,37,116,1,-1,-1,-1
80,19358,483,400,52,90,1,-1,-1,-1
81,19340,1355,778,40,124,1,-1,-1,-1
81,19341,1251,804,48,142,1,-1,-1,-1
81,19342,1414,515,47,97,1,-1,-1,-1
81,19343,1425,523,25,102,1,-1,-1,-1
81,19344,1540,417,38,102,1,-1,-1,-1
81,19345,1386,432,39,94,1,-1,-1,-1
81,19346,1459,416,33,102,1,-1,-1,-1
81,19347,1394,421,38,90,1,-1,-1,-1
81,19348,1262,458,38,101,1,-1,-1,-1
81,19349,1179,490,43,101,1,-1,-1,-1
81,19350,1123,513,44,101,1,-1,-1,-1
81,19351,1005,591,36,109,1,-1,-1,-1
81,19352,986,580,26,124,1,-1,-1,-1
81,19353,959,590,29,122,1,-1,-1,-1
81,19354,1247,449,28,107,1,-1,-1,-1
81,19355,1138,494,42,104,1,-1,-1,-1
81,19356,912,602,29,115,1,-1,-1,-1
81,19357,919,610,37,116,1,-1,-1,-1
81,19358,482,401,52,89,1,-1,-1,-1
82,19340,1355,778,40,124,1,-1,-1,-1
82,19341,1251,805,47,142,1,-1,-1,-1
82,19342,1414,515,47,98,1,-1,-1,-1
82,19343,1425,523,25,102,1,-1,-1,-1
82,19344,1540,417,38,100,1,-1,-1,-1
82,19345,1385,432,38,94,1,-1,-1,-1
82,19346,1459,415,33,102,1,-1,-1,-1
82,19347,1394,421,38,90,1,-1,-1,-1
82,19348,1263,458,38,101,1,-1,-1,-1
82,19349,1179,490,42,101,1,-1,-1,-1
82,19350,1124,513,44,101,1,-1,-1,-1
82,19351,1006,591,35,109,1,-1,-1,-1
82,19352,986,580,27,124,1,-1,-1,-1
82,19353,960,589,28,122,1,-1,-1,-1
82,19354,1248,449,28,106,1,-1,-1,-1
82,19355,1139,494,41,104,1,-1,-1,-1
82,19356,911,602,30,115,1,-1,-1,-1
82,19357,918,610,37,116,1,-1,-1,-1
82,19358,482,402,51,88,1,-1,-1,-1
83,19340,1355,779,41,123,1,-1,-1,-1
83,19341,1250,806,48,142,1,-1,-1,-1
83,19342,1414,515,47,98,1,-1,-1,-1
83,19343,1425,523,24,102,1,-1,-1,-1
83,19344,1540,418,37,100,1,-1,-1,-1
83,19345,1384,432,38,94,1,-1,-1,-1
83,19346,1459,415,32,101,1,-1,-1,-1
83,19347,1393,422,38,89,1,-1,-1,-1
83,19348,1264,457,38,102,1,-1,-1,-1
83,19349,1179,490,42,101,1,-1,-1,-1
83,19350,1124,513,44,101,1,-1,-1,-1
83,19351,1006,591,35,109,1,-1,-1,-1
83,19352,986,580,27,124,1,-1,-1,-1
83,19353,960,589,29,122,1,-1,-1,-1
83,19354,1248,448,28,107,1,-1,-1,-1
83,19355,1139,494,41,105,1,-1,-1,-1
83,19356,910,602,30,115,1,-1,-1,-1
83,19357,918,610,37,116,1,-1,-1,-1
83,19358,481,403,51,88,1,-1,-1,-1
84,19340,1355,778,41,124,1,-1,-1,-1
84,19341,1249,806,48,142,1,-1,-1,-1
84,19342,1413,516,47,97,1,-1,-1,-1
84,19343,1424,523,25,102,1,-1,-1,-1
84,19344,1539,418,38,100,1,-1,-1,-1
84,19345,1383,432,37,94,1,-1,-1,-1
84,19346,1459,415,33,100,1,-1,-1,-1
84,19347,1393,422,38,89,1,-1,-1,-1
84,19348,1265,457,38,103,1,-1,-1,-1
84,19349,1179,490,41,101,1,-1,-1,-1
84,19350,1123,514,44,101,1,-1,-1,-1
84,19351,1006,591,34,109,1,-1,-1,-1
84,19352,986,580,27,124,1,-1,-1,-1
84,19353,960,589,29,122,1,-1,-1,-1
84,19354,1249,448,28,106,1,-1,-1,-1
84,19355,1139,494,41,105,1,-1,-1,-1
84,19356,910,602,30,115,1,-1,-1,-1
84,19357,919,610,36,116,1,-1,-1,-1
84,19358,479,402,52,89,1,-1,-1,-1
85,19340,1354,778,41,124,1,-1,-1,-1
85,19341,1249,806,48,143,1,-1,-1,-1
85,19342,1413,516,47,98,1,-1,-1,-1
85,19343,1424,523,25,102,1,-1,-1,-1
85,19344,1538,419,39,100,1,-1,-1,-1
85,19345,1381,432,38,95,1,-1,-1,-1
85,19346,1460,415,33,98,1,-1,-1,-1
85,19347,1393,422,37,89,1,-1,-1,-1
85,19348,1266,457,38,103,1,-1,-1,-1
85,19349,1179,490,41,101,1,-1,-1,-1
85,19350,1121,514,45,101,1,-1,-1,-1
85,19351,1006,591,34,109,1,-1,-1,-1
85,19352,986,580,27,124,1,-1,-1,-1
85,19353,961,589,28,122,1,-1,-1,-1
85,19354,1250,448,27,106,1,-1,-1,-1
85,19355,1139,494,42,105,1,-1,-1,-1
85,19356,909,602,31,115,1,-1,-1,-1
85,19357,919,610,35,116,1,-1,-1,-1
85,19358,478,401,52,89,1,-1,-1,-1
86,19340,1353,778,42,125,1,-1,-1,-1
86,19341,1248,807,48,142,1,-1,-1,-1
86,19342,1413,516,47,98,1,-1,-1,-1
86,19343,1424,523,24,102,1,-1,-1,-1
86,19344,1537,419,39,100,1,-1,-1,-1
86,19345,1380,432,38,96,1,-1,-1,-1
86,19346,1460,415,33,96,1,-1,-1,-1
86,19347,1393,422,37,88,1,-1,-1,-1
86,19348,1266,457,39,103,1,-1,-1,-1
86,19349,1179,490,40,101,1,-1,-1,-1
86,19350,1119,514,45,101,1,-1,-1,-1
86,19351,1007,591,33,109,1,-1,-1,-1
86,19352,986,580,27,124,1,-1,-1,-1
86,19353,961,589,28,122,1,-1,-1,-1
86,19354,1250,448,28,106,1,-1,-1,-1
86,19355,1140,494,42,105,1,-1,-1,-1
86,19356,909,602,32,115,1,-1,-1,-1
86,19357,920,610,35,116,1,-1,-1,-1
86,19358,477,401,52,89,1,-1,-1,-1
87,19340,1352,778,42,125,1,-1,-1,-1
87,19341,1247,807,49,142,1,-1,-1,-1
87,19342,1413,516,47,98,1,-1,-1,-1
87,19343,1423,523,25,102,1,-1,-1,-1
87,19344,1536,420,40,99,1,-1,-1,-1
87,19345,1379,432,37,96,1,-1,-1,-1
87,19346,1461,416,33,94,1,-1,-1,-1
87,19347,1393,422,36,88,1,-1,-1,-1
87,19348,1267,457,39,103,1,-1,-1,-1
87,19349,1179,490,40,101,1,-1,-1,-1
87,19350,1118,514,45,101,1,-1,-1,-1
87,19351,1007,591,33,109,1,-1,-1,-1
87,19352,986,580,27,124,1,-1,-1,-1
87,19353,961,589,29,122,1,-1,-1,-1
87,19354,1251,448,28,105,1,-1,-1,-1
87,19355,1140,494,42,105,1,-1,-1,-1
87,19356,909,602,32,115,1,-1,-1,-1
87,19357,920,610,35,116,1,-1,-1,-1
87,19358,477,400,50,90,1,-1,-1,-1
88,19340,1351,777,43,126,1,-1,-1,-1
88,19341,1246,807,49,142,1,-1,-1,-1
88,19342,1412,516,47,98,1,-1,-1,-1
88,19343,1423,523,25,102,1,-1,-1,-1
88,19344,1534,420,42,101,1,-1,-1,-1
88,19345,1378,432,37,97,1,-1,-1,-1
88,19346,1461,416,34,92,1,-1,-1,-1
88,19347,1394,422,35,88,1,-1,-1,-1
88,19348,1268,457,40,103,1,-1,-1,-1
88,19349,1179,490,39,101,1,-1,-1,-1
88,19350,1115,514,47,101,1,-1,-1,-1
88,19351,1007,591,33,109,1,-1,-1,-1
88,19352,987,580,26,124,1,-1,-1,-1
88,19353,962,589,28,122,1,-1,-1,-1
88,19354,1251,447,28,106,1,-1,-1,-1
88,19355,1140,494,42,105,1,-1,-1,-1
88,19356,909,602,32,115,1,-1,-1,-1
88,19357,920,610,34,116,1,-1,-1,-1
88,19358,476,400,50,90,1,-1,-1,-1
89,19340,1351,777,43,127,1,-1,-1,-1
89,19341,1246,807,49,142,1,-1,-1,-1
89,19342,1412,516,47,98,1,-1,-1,-1
89,19343,1423,523,24,102,1,-1,-1,-1
89,19344,1533,421,42,100,1,-1,-1,-1
89,19345,1376,432,37,98,1,-1,-1,-1
89,19346,1461,417,34,91,1,-1,-1,-1
89,19347,1393,422,35,89,1,-1,-1,-1
89,19348,1268,457,41,103,1,-1,-1,-1
89,19349,1179,490,39,101,1,-1,-1,-1
89,19350,1114,515,47,101,1,-1,-1,-1
89,19351,1008,591,32,109,1,-1,-1,-1
89,19352,987,580,27,124,1,-1,-1,-1
89,19353,962,589,28,122,1,-1,-1,-1
89,19354,1252,447,28,105,1,-1,-1,-1
89,19355,1140,494,42,105,1,-1,-1,-1
89,19356,908,602,33,115,1,-1,-1,-1
89,19357,921,610,33,116,1,-1,-1,-1
89,19358,475,400,50,90,1,-1,-1,-1
90,19340,1351,777,43,127,1,-1,-1,-1
90,19341,1247,808,49,141,1,-1,-1,-1
90,19342,1412,516,47,98,1,-1,-1,-1
90,19343,1422,523,25,102,1,-1,-1,-1
90,19344,1532,422,42,99,1,-1,-1,-1
90,19345,1375,432,37,98,1,-1,-1,-1
90,19346,1460,418,36,89,1,-1,-1,-1
90,19347,1390,422,35,91,1,-1,-1,-1
90,19348,1268,457,41,103,1,-1,-1,-1
90,19349,1179,490,39,101,1,-1,-1,-1
90,19350,1114,515,47,100,1,-1,-1,-1
90,19351,1008,591,32,109,1,-1,-1,-1
90,19352,987,580,27,124,1,-1,-1,-1
90,19353,962,589,28,122,1,-1,-1,-1
90,19354,1253,447,28,105,1,-1,-1,-1
90,19355,1140,494,42,105,1,-1,-1,-1
90,19356,908,602,33,115,1,-1,-1,-1
90,19357,921,610,33,116,1,-1,-1,-1
90,19358,476,400,49,90,1,-1,-1,-1
91,19340,1351,777,43,127,1,-1,-1,-1
91,19341,1248,808,50,141,1,-1,-1,-1
91,19342,1411,516,47,98,1,-1,-1,-1
91,19343,1422,523,24,102,1,-1,-1,-1
91,19344,1530,424,42,98,1,-1,-1,-1
91,19345,1374,432,36,98,1,-1,-1,-1
91,19346,1459,420,37,88,1,-1,-1,-1
91,19347,1385,423,36,93,1,-1,-1,-1
91,19348,1266,457,42,103,1,-1,-1,-1
91,19349,1179,490,38,101,1,-1,-1,-1
91,19350,1114,515,47,100,1,-1,-1,-1
91,19351,1008,591,32,109,1,-1,-1,-1
91,19352,987,580,27,124,1,-1,-1,-1
91,19353,962,589,29,122,1,-1,-1,-1
91,19354,1255,447,28,105,1,-1,-1,-1
91,19355,1140,494,42,105,1,-1,-1,-1
91,19356,908,602,33,115,1,-1,-1,-1
91,19357,922,610,33,116,1,-1,-1,-1
91,19358,476,400,48,91,1,-1,-1,-1
92,19340,1350,777,44,127,1,-1,-1,-1
92,19341,1250,809,49,139,1,-1,-1,-1
92,19342,1411,516,47,98,1,-1,-1,-1
92,19343,1421,524,25,102,1,-1,-1,-1
92,19344,1529,425,41,97,1,-1,-1,-1
92,19345,1372,432,37,98,1,-1,-1,-1
92,19346,1458,421,38,87,1,-1,-1,-1
92,19347,1381,424,37,95,1,-1,-1,-1
92,19348,1265,457,43,103,1,-1,-1,-1
92,19349,1178,490,39,101,1,-1,-1,-1
92,19350,1113,515,47,100,1,-1,-1,-1
92,19351,1009,591,31,109,1,-1,-1,-1
92,19352,988,580,26,124,1,-1,-1,-1
92,19353,963,589,28,122,1,-1,-1,-1
92,19354,1256,447,29,105,1,-1,-1,-1
92,19355,1140,495,42,104,1,-1,-1,-1
92,19356,908,602,33,115,1,-1,-1,-1
92,19357,922,610,32,116,1,-1,-1,-1
92,19358,476,399,48,92,1,-1,-1,-1
93,19340,1349,777,45,127,1,-1,-1,-1
93,19341,1251,809,50,139,1,-1,-1,-1
93,19342,1411,517,47,98,1,-1,-1,-1
93,19343,1421,524,24,102,1,-1,-1,-1
93,19344,1527,427,41,96,1,-1,-1,-1
93,19345,1371,432,36,98,1,-1,-1,-1
93,19346,1457,423,39,86,1,-1,-1,-1
93,19347,1377,424,38,98,1,-1,-1,-1
93,19348,1263,457,44,103,1,-1,-1,-1
93,19349,1179,490,37,101,1,-1,-1,-1
93,19350,1113,516,47,98,1,-1,-1,-1
93,19351,1009,591,31,109,1,-1,-1,-1
93,19352,988,580,26,124,1,-1,-1,-1
93,19353,963,589,28,122,1,-1,-1,-1
93,19354,1258,446,28,105,1,-1,-1,-1
93,19355,1140,495,42,104,1,-1,-1,-1
93,19356,908,602,33,115,1,-1,-1,-1
93,19357,923,610,32,116,1,-1,-1,-1
93,19358,477,399,47,91,1,-1,-1,-1
94,19340,1349,777,45,127,1,-1,-1,-1
94,19341,1253,810,50,138,1,-1,-1,-1
94,19342,1410,517,47,98,1,-1,-1,-1
94,19343,1421,524,24,102,1,-1,-1,-1
94,19344,1526,429,40,94,1,-1,-1,-1
94,19345,1368,432,37,99,1,-1,-1,-1
94,19346,1456,425,40,84,1,-1,-1,-1
94,19347,1371,426,40,100,1,-1,-1,-1
94,19348,1262,457,45,103,1,-1,-1,-1
94,19349,1178,490,38,101,1,-1,-1,-1
94,19350,1113,516,47,98,1,-1,-1,-1
94,19351,1009,591,31,109,1,-1,-1,-1
94,19352,988,580,26,124,1,-1,-1,-1
94,19353,963,589,28,122,1,-1,-1,-1
94,19354,1260,446,29,105,1,-1,-1,-1
94,19355,1140,496,42,104,1,-1,-1,-1
94,19356,907,602,34,115,1,-1,-1,-1
94,19357,923,610,32,116,1,-1,-1,-1
94,19358,478,399,46,91,1,-1,-1,-1
95,19340,1349,777,45,127,1,-1,-1,-1
95,19341,1253,810,51,138,1,-1,-1,-1
95,19342,1410,517,47,98,1,-1,-1,-1
95,19343,1421,524,24,101,1,-1,-1,-1
95,19344,1525,430,39,94,1,-1,-1,-1
95,19345,1367,433,37,98,1,-1,-1,-1
95,19346,1455,426,41,83,1,-1,-1,-1
95,19347,1368,426,41,102,1,-1,-1,-1
95,19348,1261,457,46,103,1,-1,-1,-1
95,19349,1178,490,37,101,1,-1,-1,-1
95,19350,1112,516,48,98,1,-1,-1,-1
95,19351,1009,591,31,109,1,-1,-1,-1
95,19352,988,580,27,124,1,-1,-1,-1
95,19353,963,589,29,122,1,-1,-1,-1
95,19354,1261,446,29,105,1,-1,-1,-1
95,19355,1140,496,42,104,1,-1,-1,-1
95,19356,907,602,34,115,1,-1,-1,-1
95,19357,924,610,30,116,1,-1,-1,-1
95,19358,478,399,46,91,1,-1,-1,-1
96,19340,1348,777,45,127,1,-1,-1,-1
96,19341,1254,810,52,138,1,-1,-1,-1
96,19342,1410,517,47,98,1,-1,-1,-1
96,19343,1420,524,25,101,1,-1,-1,-1
96,19344,1522,430,40,94,1,-1,-1,-1
96,19345,1366,433,37,98,1,-1,-1,-1
96,19346,1452,425,44,84,1,-1,-1,-1
96,19347,1367,427,41,100,1,-1,-1,-1
96,19348,1260,457,46,103,1,-1,-1,-1
96,19349,1178,491,37,100,1,-1,-1,-1
96,19350,1112,517,48,96,1,-1,-1,-1
96,19351,1009,591,31,109,1,-1,-1,-1
96,19352,989,580,26,124,1,-1,-1,-1
96,19353,964,589,28,122,1,-1,-1,-1
96,19354,1262,445,29,106,1,-1,-1,-1
96,19355,1141,497,42,103,1,-1,-1,-1
96,19356,906,602,35,115,1,-1,-1,-1
96,19357,924,610,30,116,1,-1,-1,-1
96,19358,479,400,46,89,1,-1,-1,-1
97,19340,1348,777,45,127,1,-1,-1,-1
97,19341,1255,811,52,137,1,-1,-1,-1
97,19342,1408,517,47,98,1,-1,-1,-1
97,19343,1420,523,24,101,1,-1,-1,-1
97,19344,1520,430,40,94,1,-1,-1,-1
97,19345,1365,434,37,98,1,-1,-1,-1
97,19346,1450,424,45,85,1,-1,-1,-1
97,19347,1366,427,41,100,1,-1,-1,-1
97,19348,1258,457,47,103,1,-1,-1,-1
97,19349,1179,491,35,100,1,-1,-1,-1
97,19350,1112,517,49,96,1,-1,-1,-1
97,19351,1010,591,30,109,1,-1,-1,-1
97,19352,988,580,26,124,1,-1,-1,-1
97,19353,964,589,28,122,1,-1,-1,-1
97,19354,1263,445,30,106,1,-1,-1,-1
97,19355,1142,497,42,103,1,-1,-1,-1
97,19356,906,602,35,115,1,-1,-1,-1
97,19357,924,610,30,116,1,-1,-1,-1
97,19358,480,401,44,88,1,-1,-1,-1
98,19340,1348,776,45,127,1,-1,-1,-1
98,19341,1256,811,52,138,1,-1,-1,-1
98,19342,1408,517,46,98,1,-1,-1,-1
98,19343,1419,523,25,101,1,-1,-1,-1
98,19344,1517,429,41,94,1,-1,-1,-1
98,19345,1363,435,38,97,1,-1,-1,-1
98,19346,1447,423,46,86,1,-1,-1,-1
98,19347,1365,427,40,98,1,-1,-1,-1
98,19348,1256,458,47,103,1,-1,-1,-1
98,19349,1179,491,35,100,1,-1,-1,-1
98,19350,1112,517,49,96,1,-1,-1,-1
98,19351,1010,591,30,110,1,-1,-1,-1
98,19352,988,580,26,124,1,-1,-1,-1
98,19353,964,589,28,122,1,-1,-1,-1
98,19354,1264,444,30,107,1,-1,-1,-1
98,19355,1144,497,41,103,1,-1,-1,-1
98,19356,906,602,34,115,1,-1,-1,-1
98,19357,924,610,30,116,1,-1,-1,-1
98,19358,481,402,43,87,1,-1,-1,-1
99,19340,1347,776,45,127,1,-1,-1,-1
99,19341,1257,811,53,138,1,-1,-1,-1
99,19342,1407,517,46,98,1,-1,-1,-1
99,19343,1418,523,26,100,1,-1,-1,-1
99,19344,1514,429,42,94,1,-1,-1,-1
99,19345,1362,436,39,96,1,-1,-1,-1
99,19346,1444,422,48,87,1,-1,-1,-1
99,19347,1364,427,40,97,1,-1,-1,-1
99,19348,1254,458,48,103,1,-1,-1,-1
99,19349,1179,492,35,99,1,-1,-1,-1
99,19350,1111,517,50,96,1,-1,-1,-1
99,19351,1010,591,30,110,1,-1,-1,-1
99,19352,988,580,26,124,1,-1,-1,-1
99,19353,964,589,28,122,1,-1,-1,-1
99,19354,1265,444,30,107,1,-1,-1,-1
99,19355,1146,497,40,103,1,-1,-1,-1
99,19356,906,602,34,116,1,-1,-1,-1
99,19357,924,610,30,116,1,-1,-1,-1
99,19358,481,403,43,87,1,-1,-1,-1
100,19340,1347,775,45,128,1,-1,-1,-1
100,19341,1258,811,53,138,1,-1,-1,-1
100,19342,1405,517,45,98,1,-1,-1,-1
100,19343,1417,522,26,101,1,-1,-1,-1
100,19344,1510,429,42,94,1,-1,-1,-1
100,19345,1360,437,40,96,1,-1,-1,-1
100,19346,1441,420,49,89,1,-1,-1,-1
100,19347,1363,427,39,95,1,-1,-1,-1
100,19348,1252,458,48,103,1,-1,-1,-1
100,19349,1179,492,35,99,1,-1,-1,-1
100,19350,1111,517,50,96,1,-1,-1,-1
100,19351,1009,591,31,110,1,-1,-1,-1
100,19352,988,580,26,124,1,-1,-1,-1
100,19353,964,589,28,122,1,-1,-1,-1
100,19354,1266,443,32,108,1,-1,-1,-1
100,19355,1148,497,39,103,1,-1,-1,-1
100,19356,906,602,35,116,1,-1,-1,-1
100,19357,923,610,30,116,1,-1,-1,-1
100,19358,482,404,43,86,1,-1,-1,-1
101,19340,1347,775,45,127,1,-1,-1,-1
101,19341,1258,811,54,138,1,-1,-1,-1
101,19342,1405,517,44,98,1,-1,-1,-1
101,19343,1417,522,26,101,1,-1,-1,-1
101,19344,1508,429,43,94,1,-1,-1,-1
101,19345,1359,437,41,96,1,-1,-1,-1
101,19346,1440,420,49,89,1,-1,-1,-1
101,19347,1363,427,38,94,1,-1,-1,-1
101,19348,1252,459,47,103,1,-1,-1,-1
101,19349,1179,492,34,99,1,-1,-1,-1
101,19350,1111,517,50,96,1,-1,-1,-1
101,19351,1010,591,30,111,1,-1,-1,-1
101,19352,987,580,27,124,1,-1,-1,-1
101,19353,964,589,28,122,1,-1,-1,-1
101,19354,1266,442,33,109,1,-1,-1,-1
101,19355,1149,497,38,103,1,-1,-1,-1
101,19356,906,602,35,116,1,-1,-1,-1
101,19357,923,610,30,116,1,-1,-1,-1
101,19358,483,405,42,85,1,-1,-1,-1
102,19340,1347,775,45,127,1,-1,-1,-1
102,19341,1258,811,55,138,1,-1,-1,-1
102,19342,1405,517,44,98,1,-1,-1,-1
102,19343,1416,521,27,101,1,-1,-1,-1
102,19344,1507,427,44,94,1,-1,-1,-1
102,19345,1357,438,43,96,1,-1,-1,-1
102,19346,1438,420,50,90,1,-1,-1,-1
102,19347,1361,427,37,94,1,-1,-1,-1
102,19348,1251,459,47,103,1,-1,-1,-1
102,19349,1179,492,34,99,1,-1,-1,-1
102,19350,1111,517,50,96,1,-1,-1,-1
102,19351,1009,591,31,111,1,-1,-1,-1
102,19352,987,580,27,124,1,-1,-1,-1
102,19353,964,589,29,122,1,-1,-1,-1
102,19354,1266,443,34,108,1,-1,-1,-1
102,19355,1150,497,38,103,1,-1,-1,-1
102,19356,906,602,35,117,1,-1,-1,-1
102,19357,923,610,30,116,1,-1,-1,-1
102,19358,484,406,41,84,1,-1,-1,-1
103,19340,1346,775,45,127,1,-1,-1,-1
103,19341,1259,811,55,138,1,-1,-1,-1
103,19342,1406,517,42,98,1,-1,-1,-1
103,19343,1415,521,26,101,1,-1,-1,-1
103,19344,1506,426,45,93,1,-1,-1,-1
103,19345,1356,438,43,96,1,-1,-1,-1
103,19346,1436,419,50,91,1,-1,-1,-1
103,19347,1357,427,38,95,1,-1,-1,-1
103,19348,1250,459,48,103,1,-1,-1,-1
103,19349,1180,492,32,99,1,-1,-1,-1
103,19350,1111,517,50,96,1,-1,-1,-1
103,19351,1009,591,31,111,1,-1,-1,-1
103,19352,988,580,26,124,1,-1,-1,-1
103,19353,964,589,29,122,1,-1,-1,-1
103,19354,1267,444,34,107,1,-1,-1,-1
103,19355,1151,497,37,103,1,-1,-1,-1
103,19356,906,602,34,117,1,-1,-1,-1
103,19357,923,610,30,116,1,-1,-1,-1
103,19358,485,407,41,83,1,-1,-1,-1
104,19340,1346,774,45,127,1,-1,-1,-1
104,19341,1260,811,55,138,1,-1,-1,-1
104,19342,1406,518,42,97,1,-1,-1,-1
104,19343,1414,521,27,101,1,-1,-1,-1
104,19344,1506,423,44,93,1,-1,-1,-1
104,19345,1355,438,44,96,1,-1,-1,-1
104,19346,1434,419,50,92,1,-1,-1,-1
104,19347,1352,427,40,97,1,-1,-1,-1
104,19348,1250,459,47,103,1,-1,-1,-1
104,19349,1180,492,32,98,1,-1,-1,-1
104,19350,1111,517,50,96,1,-1,-1,-1
104,19351,1009,591,31,111,1,-1,-1,-1
104,19352,988,580,26,125,1,-1,-1,-1
104,19353,964,589,29,122,1,-1,-1,-1
104,19354,1267,444,36,107,1,-1,-1,-1
104,19355,1151,497,37,103,1,-1,-1,-1
104,19356,906,602,34,117,1,-1,-1,-1
104,19357,923,610,29,116,1,-1,-1,-1
104,19358,486,408,41,82,1,-1,-1,-1
105,19340,1346,774,45,127,1,-1,-1,-1
105,19341,1261,812,55,137,1,-1,-1,-1
105,19342,1406,519,42,96,1,-1,-1,-1
105,19343,1412,521,27,101,1,-1,-1,-1
105,19344,1505,421,45,93,1,-1,-1,-1
105,19345,1353,439,45,96,1,-1,-1,-1
105,19346,1432,419,50,93,1,-1,-1,-1
105,19347,1348,427,40,98,1,-1,-1,-1
105,19348,1249,458,48,103,1,-1,-1,-1
105,19349,1180,492,32,98,1,-1,-1,-1
105,19350,1110,517,51,96,1,-1,-1,-1
105,19351,1009,591,31,111,1,-1,-1,-1
105,19352,988,580,26,125,1,-1,-1,-1
105,19353,964,589,29,122,1,-1,-1,-1
105,19354,1268,445,36,106,1,-1,-1,-1
105,19355,1152,497,36,103,1,-1,-1,-1
105,19356,906,602,34,117,1,-1,-1,-1
105,19357,923,610,30,116,1,-1,-1,-1
105,19358,487,409,41,81,1,-1,-1,-1
106,19340,1345,774,45,127,1,-1,-1,-1
106,19341,1262,812,55,138,1,-1,-1,-1
106,19342,1406,519,42,96,1,-1,-1,-1
106,19343,1411,521,26,101,1,-1,-1,-1
106,19344,1505,420,44,92,1,-1,-1,-1
106,19345,1352,439,45,96,1,-1,-1,-1
106,19346,1430,419,49,93,1,-1,-1,-1
106,19347,1343,427,42,99,1,-1,-1,-1
106,19348,1249,458,47,103,1,-1,-1,-1
106,19349,1181,492,31,99,1,-1,-1,-1
106,19350,1110,517,51,96,1,-1,-1,-1
106,19351,1008,591,32,111,1,-1,-1,-1
106,19352,988,580,26,125,1,-1,-1,-1
106,19353,964,589,29,122,1,-1,-1,-1
106,19354,1268,445,38,106,1,-1,-1,-1
106,19355,1152,497,37,103,1,-1,-1,-1
106,19356,906,602,34,116,1,-1,-1,-1
106,19357,922,610,30,116,1,-1,-1,-1
106,19358,488,410,41,80,1,-1,-1,-1
107,19340,1345,774,45,127,1,-1,-1,-1
107,19341,1263,812,56,138,1,-1,-1,-1
107,19342,1406,520,42,95,1,-1,-1,-1
107,19343,1410,521,26,101,1,-1,-1,-1
107,19344,1505,417,43,92,1,-1,-1,-1
107,19345,1350,439,46,96,1,-1,-1,-1
107,19346,1428,419,48,94,1,-1,-1,-1
107,19347,1338,427,43,101,1,-1,-1,-1
107,19348,1248,458,48,103,1,-1,-1,-1
107,19349,1181,492,31,99,1,-1,-1,-1
107,19350,1110,517,52,97,1,-1,-1,-1
107,19351,1009,591,31,111,1,-1,-1,-1
107,19352,987,580,27,126,1,-1,-1,-1
107,19353,964,589,30,122,1,-1,-1,-1
107,19354,1269,446,39,105,1,-1,-1,-1
107,19355,1153,497,37,103,1,-1,-1,-1
107,19356,906,602,33,116,1,-1,-1,-1
107,19357,922,610,30,116,1,-1,-1,-1
107,19358,489,412,41,78,1,-1,-1,-1
108,19340,1344,773,46,127,1,-1,-1,-1
108,19341,1264,812,56,138,1,-1,-1,-1
108,19342,1406,521,42,94,1,-1,-1,-1
108,19343,1409,521,25,101,1,-1,-1,-1
108,19344,1504,416,43,91,1,-1,-1,-1
108,19345,1348,439,46,96,1,-1,-1,-1
108,19346,1426,419,48,94,1,-1,-1,-1
108,19347,1334,427,45,101,1,-1,-1,-1
108,19348,1248,457,48,103,1,-1,-1,-1
108,19349,1181,493,30,98,1,-1,-1,-1
108,19350,1110,517,52,97,1,-1,-1,-1
108,19351,1009,591,31,112,1,-1,-1,-1
108,19352,987,580,26,126,1,-1,-1,-1
108,19353,964,589,30,122,1,-1,-1,-1
108,19354,1269,446,41,105,1,-1,-1,-1
108,19355,1153,496,37,103,1,-1,-1,-1
108,19356,906,602,33,116,1,-1,-1,-1
108,19357,922,610,30,116,1,-1,-1,-1
108,19358,489,413,42,77,1,-1,-1,-1
109,19340,1344,773,46,127,1,-1,-1,-1
109,19341,1265,812,56,138,1,-1,-1,-1
109,19342,1406,521,41,95,1,-1,-1,-1
109,19343,1408,522,25,101,1,-1,-1,-1
109,19344,1502,415,44,91,1,-1,-1,-1
109,19345,1345,437,46,97,1,-1,-1,-1
109,19346,1425,419,47,94,1,-1,-1,-1
109,19347,1332,427,44,101,1,-1,-1,-1
109,19348,1246,457,48,103,1,-1,-1,-1
109,19349,1180,493,31,98,1,-1,-1,-1
109,19350,1110,518,52,96,1,-1,-1,-1
109,19351,1008,591,32,112,1,-1,-1,-1
109,19352,987,580,26,126,1,-1,-1,-1
109,19353,964,589,30,122,1,-1,-1,-1
109,19354,1270,447,41,104,1,-1,-1,-1
109,19355,1153,496,37,103,1,-1,-1,-1
109,19356,905,602,34,116,1,-1,-1,-1
109,19357,922,610,30,116,1,-1,-1,-1
109,19358,489,413,42,77,1,-1,-1,-1
110,19340,1344,773,45,127,1,-1,-1,-1
110,19341,1266,812,56,138,1,-1,-1,-1
110,19342,1405,521,42,95,1,-1,-1,-1
110,19343,1408,522,25,101,1,-1,-1,-1
110,19344,1500,414,45,90,1,-1,-1,-1
110,19345,1342,436,46,98,1,-1,-1,-1
110,19346,1424,418,46,93,1,-1,-1,-1
110,19347,1329,428,44,101,1,-1,-1,-1
110,19348,1245,457,47,103,1,-1,-1,-1
110,19349,1180,493,31,99,1,-1,-1,-1
110,19350,1110,518,52,97,1,-1,-1,-1
110,19351,1007,591,33,112,1,-1,-1,-1
110,19352,987,580,26,126,1,-1,-1,-1
110,19353,964,589,30,122,1,-1,-1,-1
110,19354,1272,446,41,104,1,-1,-1,-1
110,19355,1153,495,37,103,1,-1,-1,-1
110,19356,904,602,34,116,1,-1,-1,-1
110,19357,921,610,31,116,1,-1,-1,-1
110,19358,489,414,42,76,1,-1,-1,-1
111,19340,1344,773,45,127,1,-1,-1,-1
111,19341,1267,812,56,138,1,-1,-1,-1
111,19342,1405,521,41,95,1,-1,-1,-1
111,19343,1407,522,25,101,1,-1,-1,-1
111,19344,1498,413,45,91,1,-1,-1,-1
111,19345,1339,435,46,98,1,-1,-1,-1
111,19346,1422,417,46,93,1,-1,-1,-1
111,19347,1326,429,44,100,1,-1,-1,-1
111,19348,1245,457,46,103,1,-1,-1,-1
111,19349,1180,493,30,99,1,-1,-1,-1
111,19350,1110,518,52,97,1,-1,-1,-1
111,19351,1007,591,33,112,1,-1,-1,-1
111,19352,987,580,26,126,1,-1,-1,-1
111,19353,964,589,30,122,1,-1,-1,-1
111,19354,1274,446,42,104,1,-1,-1,-1
111,19355,1153,495,37,103,1,-1,-1,-1
111,19356,904,603,33,116,1,-1,-1,-1
111,19357,921,610,31,116,1,-1,-1,-1
111,19358,489,415,43,75,1,-1,-1,-1
112,19340,1343,773,45,127,1,-1,-1,-1
112,19341,1267,812,58,138,1,-1,-1,-1
112,19342,1404,521,42,95,1,-1,-1,-1
112,19343,1406,523,25,101,1,-1,-1,-1
112,19344,1496,412,46,91,1,-1,-1,-1
112,19345,1335,434,46,99,1,-1,-1,-1
112,19346,1421,416,44,92,1,-1,-1,-1
112,19347,1323,430,43,99,1,-1,-1,-1
112,19348,1243,457,46,103,1,-1,-1,-1
112,19349,1180,493,30,99,1,-1,-1,-1
112,19350,1109,518,52,97,1,-1,-1,-1
112,19351,1007,591,33,112,1,-1,-1,-1
112,19352,987,580,26,126,1,-1,-1,-1
112,19353,964,589,30,122,1,-1,-1,-1
112,19354,1276,446,41,103,1,-1,-1,-1
112,19355,1153,494,37,103,1,-1,-1,-1
112,19356,903,603,33,116,1,-1,-1,-1
112,19357,921,610,31,116,1,-1,-1,-1
112,19358,490,416,42,74,1,-1,-1,-1
113,19340,1343,773,44,127,1,-1,-1,-1
113,19341,1269,812,57,138,1,-1,-1,-1
113,19342,1404,521,41,95,1,-1,-1,-1
113,19343,1406,523,24,101,1,-1,-1,-1
113,19344,1493,411,47,91,1,-1,-1,-1
113,19345,1332,432,45,100,1,-1,-1,-1
113,19346,1420,415,43,92,1,-1,-1,-1
113,19347,1320,432,43,98,1,-1,-1,-1
113,19348,1242,458,45,103,1,-1,-1,-1
113,19349,1180,493,30,99,1,-1,-1,-1
113,19350,1109,518,52,97,1,-1,-1,-1
113,19351,1007,591,33,112,1,-1,-1,-1
113,19352,987,580,26,126,1,-1,-1,-1
113,19353,964,589,30,122,1,-1,-1,-1
113,19354,1279,445,41,103,1,-1,-1,-1
113,19355,1153,494,37,103,1,-1,-1,-1
113,19356,902,604,33,115,1,-1,-1,-1
113,19357,921,610,31,116,1,-1,-1,-1
113,19358,490,416,42,74,1,-1,-1,-1
114,19340,1343,773,44,127,1,-1,-1,-1
114,19341,1269,812,58,138,1,-1,-1,-1
114,19342,1404,521,41,95,1,-1,-1,-1
114,19343,1406,524,24,101,1,-1,-1,-1
114,19344,1490,410,48,91,1,-1,-1,-1
114,19345,1330,432,44,100,1,-1,-1,-1
114,19346,1418,414,43,92,1,-1,-1,-1
114,19347,1318,433,41,98,1,-1,-1,-1
114,19348,1242,458,43,103,1,-1,-1,-1
114,19349,1179,493,30,99,1,-1,-1,-1
114,19350,1109,518,52,97,1,-1,-1,-1
114,19351,1007,591,33,112,1,-1,-1,-1
114,19352,987,580,27,126,1,-1,-1,-1
114,19353,964,589,30,122,1,-1,-1,-1
114,19354,1280,445,41,103,1,-1,-1,-1
114,19355,1152,493,38,103,1,-1,-1,-1
114,19356,901,604,33,115,1,-1,-1,-1
114,19357,921,610,31,116,1,-1,-1,-1
114,19358,490,417,43,73,1,-1,-1,-1
115,19340,1343,773,44,127,1,-1,-1,-1
115,19341,1270,812,57,138,1,-1,-1,-1
115,19342,1404,521,41,95,1,-1,-1,-1
115,19343,1407,524,23,101,1,-1,-1,-1
115,19344,1487,408,48,91,1,-1,-1,-1
115,19345,1328,432,43,99,1,-1,-1,-1
115,19346,1415,413,43,92,1,-1,-1,-1
115,19347,1315,434,41,97,1,-1,-1,-1
115,19348,1241,458,43,103,1,-1,-1,-1
115,19349,1179,493,30,99,1,-1,-1,-1
115,19350,1109,518,52,97,1,-1,-1,-1
115,19351,1007,591,33,112,1,-1,-1,-1
115,19352,987,580,27,126,1,-1,-1,-1
115,19353,964,589,30,122,1,-1,-1,-1
115,19354,1281,444,40,103,1,-1,-1,-1
115,19355,1152,493,37,103,1,-1,-1,-1
115,19356,901,604,33,115,1,-1,-1,-1
115,19357,920,610,31,116,1,-1,-1,-1
115,19358,490,417,42,74,1,-1,-1,-1
116,19340,1343,773,44,127,1,-1,-1,-1
116,19341,1270,812,57,138,1,-1,-1,-1
116,19342,1405,521,41,95,1,-1,-1,-1
116,19343,1407,524,24,101,1,-1,-1,-1
116,19344,1484,406,49,91,1,-1,-1,-1
116,19345,1326,433,42,98,1,-1,-1,-1
116,19346,1412,412,43,93,1,-1,-1,-1
116,19347,1312,435,41,96,1,-1,-1,-1
116,19348,1240,459,42,102,1,-1,-1,-1
116,19349,1179,493,30,99,1,-1,-1,-1
116,19350,1109,518,53,97,1,-1,-1,-1
116,19351,1007,591,33,112,1,-1,-1,-1
116,19352,987,580,27,126,1,-1,-1,-1
116,19353,964,589,30,122,1,-1,-1,-1
116,19354,1281,444,40,103,1,-1,-1,-1
116,19355,1151,493,38,103,1,-1,-1,-1
116,19356,901,605,32,115,1,-1,-1,-1
116,19357,920,610,31,116,1,-1,-1,-1
116,19358,490,418,42,73,1,-1,-1,-1
117,19340,1343,772,44,127,1,-1,-1,-1
117,19341,1270,812,58,138,1,-1,-1,-1
117,19342,1406,522,40,95,1,-1,-1,-1
117,19343,1407,524,24,101,1,-1,-1,-1
117,19344,1482,405,47,90,1,-1,-1,-1
117,19345,1325,434,41,98,1,-1,-1,-1
117,19346,1409,410,43,94,1,-1,-1,-1
117,19347,1309,436,42,95,1,-1,-1,-1
117,19348,1239,459,42,101,1,-1,-1,-1
117,19349,1178,493,31,99,1,-1,-1,-1
117,19350,1109,518,53,97,1,-1,-1,-1
117,19351,1007,591,33,112,1,-1,-1,-1
117,19352,987,580,27,126,1,-1,-1,-1
117,19353,964,589,30,122,1,-1,-1,-1
117,19354,1282,444,39,103,1,-1,-1,-1
117,19355,1150,493,38,103,1,-1,-1,-1
117,19356,900,605,33,115,1,-1,-1,-1
117,19357,920,610,31,116,1,-1,-1,-1
117,19358,490,418,42,73,1,-1,-1,-1
118,19340,1343,772,43,127,1,-1,-1,-1
118,19341,1271,812,57,138,1,-1,-1,-1
118,19342,1406,522,40,95,1,-1,-1,-1
118,19343,1408,524,24,101,1,-1,-1,-1
118,19344,1479,403,47,89,1,-1,-1,-1
118,19345,1323,434,41,98,1,-1,-1,-1
118,19346,1406,409,42,94,1,-1,-1,-1
118,19347,1306,437,42,94,1,-1,-1,-1
118,19348,1239,460,41,100,1,-1,-1,-1
118,19349,1178,493,31,99,1,-1,-1,-1
118,19350,1109,518,53,97,1,-1,-1,-1
118,19351,1007,591,33,112,1,-1,-1,-1
118,19352,986,580,27,126,1,-1,-1,-1
118,19353,964,590,30,122,1,-1,-1,-1
118,19354,1283,444,39,103,1,-1,-1,-1
118,19355,1150,493,37,103,1,-1,-1,-1
118,19356,900,605,32,115,1,-1,-1,-1
118,19357,920,610,32,116,1,-1,-1,-1
118,19358,490,419,42,71,1,-1,-1,-1
119,19340,1343,772,43,127,1,-1,-1,-1
119,19341,1270,812,58,138,1,-1,-1,-1
119,19342,1406,522,40,95,1,-1,-1,-1
119,19343,1408,524,24,101,1,-1,-1,-1
119,19344,1474,400,46,89,1,-1,-1,-1
119,19345,1320,436,40,96,1,-1,-1,-1
119,19346,1401,406,42,97,1,-1,-1,-1
119,19347,1300,439,44,92,1,-1,-1,-1
119,19348,1237,461,42,98,1,-1,-1,-1
119,19349,1178,493,30,99,1,-1,-1,-1
119,19350,1109,518,53,97,1,-1,-1,-1
119,19351,1007,591,33,112,1,-1,-1,-1
119,19352,986,580,27,126,1,-1,-1,-1
119,19353,964,590,30,122,1,-1,-1,-1
119,19354,1284,444,39,103,1,-1,-1,-1
119,19355,1149,493,38,103,1,-1,-1,-1
119,19356,899,606,33,115,1,-1,-1,-1
119,19357,920,610,32,116,1,-1,-1,-1
119,19358,490,419,42,71,1,-1,-1,-1
120,19340,1344,771,42,127,1,-1,-1,-1
120,19341,1271,812,57,138,1,-1,-1,-1
120,19342,1407,522,40,95,1,-1,-1,-1
120,19343,1408,524,24,101,1,-1,-1,-1
120,19344,1473,399,45,88,1,-1,-1,-1
120,19345,1320,436,38,96,1,-1,-1,-1
120,19346,1400,405,41,97,1,-1,-1,-1
120,19347,1297,440,46,92,1,-1,-1,-1
120,19348,1236,461,42,98,1,-1,-1,-1
120,19349,1177,493,31,99,1,-1,-1,-1
120,19350,1109,518,53,97,1,-1,-1,-1
120,19351,1007,591,33,112,1,-1,-1,-1
120,19352,986,581,27,125,1,-1,-1,-1
120,19353,964,590,30,123,1,-1,-1,-1
120,19354,1284,444,39,103,1,-1,-1,-1
120,19355,1148,493,38,103,1,-1,-1,-1
120,19356,898,606,33,114,1,-1,-1,-1
120,19357,920,610,32,115,1,-1,-1,-1
120,19358,490,420,42,70,1,-1,-1,-1
121,19340,1344,771,42,127,1,-1,-1,-1
121,19341,1271,812,57,138,1,-1,-1,-1
121,19342,1407,522,40,95,1,-1,-1,-1
121,19343,1408,524,25,101,1,-1,-1,-1
121,19344,1471,398,44,88,1,-1,-1,-1
121,19345,1319,438,38,95,1,-1,-1,-1
121,19346,1396,406,41,96,1,-1,-1,-1
121,19347,1295,439,47,92,1,-1,-1,-1
121,19348,1235,461,42,98,1,-1,-1,-1
121,19349,1176,494,31,99,1,-1,-1,-1
121,19350,1109,518,53,97,1,-1,-1,-1
121,19351,1007,591,33,112,1,-1,-1,-1
121,19352,986,581,27,125,1,-1,-1,-1
121,19353,964,591,30,122,1,-1,-1,-1
121,19354,1284,444,38,103,1,-1,-1,-1
121,19355,1148,493,37,103,1,-1,-1,-1
121,19356,898,606,32,114,1,-1,-1,-1
121,19357,919,610,32,115,1,-1,-1,-1
121,19358,490,420,42,70,1,-1,-1,-1
122,19340,1344,770,42,127,1,-1,-1,-1
122,19341,1272,812,56,138,1,-1,-1,-1
122,19342,1407,523,40,95,1,-1,-1,-1
122,19343,1408,524,25,102,1,-1,-1,-1
122,19344,1467,398,44,88,1,-1,-1,-1
122,19345,1318,440,37,95,1,-1,-1,-1
122,19346,1392,407,40,94,1,-1,-1,-1
122,19347,1292,438,49,93,1,-1,-1,-1
122,19348,1233,461,43,98,1,-1,-1,-1
122,19349,1173,494,31,99,1,-1,-1,-1
122,19350,1109,518,53,97,1,-1,-1,-1
122,19351,1007,591,33,112,1,-1,-1,-1
122,19352,986,582,27,125,1,-1,-1,-1
122,19353,964,591,30,122,1,-1,-1,-1
122,19354,1284,444,39,103,1,-1,-1,-1
122,19355,1147,493,38,103,1,-1,-1,-1
122,19356,897,607,32,113,1,-1,-1,-1
122,19357,919,610,32,115,1,-1,-1,-1
122,19358,490,421,42,69,1,-1,-1,-1
123,19340,1344,770,42,127,1,-1,-1,-1
123,19341,1272,812,56,138,1,-1,-1,-1
123,19342,1407,523,41,95,1,-1,-1,-1
123,19343,1408,524,25,102,1,-1,-1,-1
123,19344,1465,397,44,88,1,-1,-1,-1
123,19345,1317,443,37,94,1,-1,-1,-1
123,19346,1388,407,40,92,1,-1,-1,-1
123,19347,1290,438,50,93,1,-1,-1,-1
123,19348,1232,460,43,98,1,-1,-1,-1
123,19349,1171,494,32,99,1,-1,-1,-1
123,19350,1109,518,53,97,1,-1,-1,-1
123,19351,1007,591,33,112,1,-1,-1,-1
123,19352,986,582,27,125,1,-1,-1,-1
123,19353,964,591,30,122,1,-1,-1,-1
123,19354,1284,444,39,103,1,-1,-1,-1
123,19355,1146,493,38,103,1,-1,-1,-1
123,19356,896,607,33,114,1,-1,-1,-1
123,19357,919,610,32,115,1,-1,-1,-1
123,19358,490,422,42,68,1,-1,-1,-1
124,19340,1344,770,42,127,1,-1,-1,-1
124,19341,1272,812,56,138,1,-1,-1,-1
124,19342,1407,523,41,95,1,-1,-1,-1
124,19343,1409,524,25,102,1,-1,-1,-1
124,19344,1462,397,43,87,1,-1,-1,-1
124,19345,1317,446,36,91,1,-1,-1,-1
124,19346,1384,408,39,90,1,-1,-1,-1
124,19347,1288,437,50,94,1,-1,-1,-1
124,19348,1230,460,44,98,1,-1,-1,-1
124,19349,1168,494,32,99,1,-1,-1,-1
124,19350,1109,518,53,97,1,-1,-1,-1
124,19351,1007,591,33,112,1,-1,-1,-1
124,19352,986,582,27,125,1,-1,-1,-1
124,19353,964,591,30,122,1,-1,-1,-1
124,19354,1285,444,38,103,1,-1,-1,-1
124,19355,1146,493,37,103,1,-1,-1,-1
124,19356,896,607,32,114,1,-1,-1,-1
124,19357,919,610,32,115,1,-1,-1,-1
124,19358,490,422,42,69,1,-1,-1,-1
125,19340,1344,769,42,127,1,-1,-1,-1
125,19341,1272,812,56,138,1,-1,-1,-1
125,19342,1407,523,41,95,1,-1,-1,-1
125,19343,1409,524,26,102,1,-1,-1,-1
125,19344,1459,396,43,87,1,-1,-1,-1
125,19345,1316,449,36,90,1,-1,-1,-1
125,19346,1380,408,39,88,1,-1,-1,-1
125,19347,1286,436,51,95,1,-1,-1,-1
125,19348,1228,459,45,98,1,-1,-1,-1
125,19349,1165,494,33,99,1,-1,-1,-1
125,19350,1109,518,53,97,1,-1,-1,-1
125,19351,1007,591,33,112,1,-1,-1,-1
125,19352,986,582,27,125,1,-1,-1,-1
125,19353,964,591,30,122,1,-1,-1,-1
125,19354,1285,444,38,103,1,-1,-1,-1
125,19355,1145,493,38,103,1,-1,-1,-1
125,19356,895,608,32,113,1,-1,-1,-1
125,19357,919,610,32,115,1,-1,-1,-1
125,19358,490,423,42,67,1,-1,-1,-1
126,19340,1344,769,42,127,1,-1,-1,-1
126,19341,1272,812,56,138,1,-1,-1,-1
126,19342,1407,523,42,95,1,-1,-1,-1
126,19343,1409,524,26,102,1,-1,-1,-1
126,19344,1456,396,43,87,1,-1,-1,-1
126,19345,1315,452,36,89,1,-1,-1,-1
126,19346,1375,409,40,86,1,-1,-1,-1
126,19347,1284,436,52,95,1,-1,-1,-1
126,19348,1226,459,46,98,1,-1,-1,-1
126,19349,1162,494,33,100,1,-1,-1,-1
126,19350,1108,518,54,97,1,-1,-1,-1
126,19351,1007,591,33,112,1,-1,-1,-1
126,19352,986,582,28,125,1,-1,-1,-1
126,19353,964,591,30,122,1,-1,-1,-1
126,19354,1286,444,37,103,1,-1,-1,-1
126,19355,1144,493,38,103,1,-1,-1,-1
126,19356,894,608,33,114,1,-1,-1,-1
126,19357,919,610,33,116,1,-1,-1,-1
126,19358,490,423,42,67,1,-1,-1,-1
127,19340,1344,769,42,127,1,-1,-1,-1
127,19341,1273,812,56,138,1,-1,-1,-1
127,19342,1407,523,42,96,1,-1,-1,-1
127,19343,1409,524,27,102,1,-1,-1,-1
127,19344,1452,395,43,87,1,-1,-1,-1
127,19345,1314,453,36,89,1,-1,-1,-1
127,19346,1372,409,41,85,1,-1,-1,-1
127,19347,1284,436,52,95,1,-1,-1,-1
127,19348,1224,458,47,99,1,-1,-1,-1
127,19349,1160,494,33,100,1,-1,-1,-1
127,19350,1108,518,53,97,1,-1,-1,-1
127,19351,1007,591,33,112,1,-1,-1,-1
127,19352,986,582,28,125,1,-1,-1,-1
127,19353,964,591,30,122,1,-1,-1,-1
127,19354,1286,444,37,103,1,-1,-1,-1
127,19355,1145,492,38,103,1,-1,-1,-1
127,19356,894,608,33,114,1,-1,-1,-1
127,19357,919,610,32,116,1,-1,-1,-1
127,19358,490,424,42,66,1,-1,-1,-1
128,19340,1344,769,42,127,1,-1,-1,-1
128,19341,1273,812,55,138,1,-1,-1,-1
128,19342,1407,524,42,95,1,-1,-1,-1
128,19343,1409,524,27,103,1,-1,-1,-1
128,19344,1447,395,44,88,1,-1,-1,-1
128,19345,1314,452,37,89,1,-1,-1,-1
128,19346,1370,408,43,85,1,-1,-1,-1
128,19347,1285,437,51,94,1,-1,-1,-1
128,19348,1222,458,47,98,1,-1,-1,-1
128,19349,1157,495,34,100,1,-1,-1,-1
128,19350,1108,518,53,96,1,-1,-1,-1
128,19351,1007,591,33,112,1,-1,-1,-1
128,19352,986,582,28,125,1,-1,-1,-1
128,19353,964,591,30,122,1,-1,-1,-1
128,19354,1286,444,36,103,1,-1,-1,-1
128,19355,1147,492,38,102,1,-1,-1,-1
128,19356,893,609,33,113,1,-1,-1,-1
128,19357,918,611,33,115,1,-1,-1,-1
128,19358,490,424,42,66,1,-1,-1,-1
129,19340,1344,770,41,126,1,-1,-1,-1
129,19341,1273,811,55,138,1,-1,-1,-1
129,19342,1407,524,43,96,1,-1,-1,-1
129,19343,1409,524,28,103,1,-1,-1,-1
129,19344,1442,394,44,88,1,-1,-1,-1
129,19345,1313,452,38,90,1,-1,-1,-1
129,19346,1369,407,44,85,1,-1,-1,-1
129,19347,1286,438,50,93,1,-1,-1,-1
129,19348,1221,457,47,99,1,-1,-1,-1
129,19349,1154,495,34,100,1,-1,-1,-1
129,19350,1108,518,53,96,1,-1,-1,-1
129,19351,1007,591,33,112,1,-1,-1,-1
129,19352,985,582,28,125,1,-1,-1,-1
129,19353,964,591,30,122,1,-1,-1,-1
129,19354,1286,444,36,103,1,-1,-1,-1
129,19355,1149,492,38,102,1,-1,-1,-1
129,19356,892,609,33,113,1,-1,-1,-1
129,19357,918,611,33,116,1,-1,-1,-1
129,19358,489,424,43,67,1,-1,-1,-1
130,19340,1344,770,41,126,1,-1,-1,-1
130,19341,1274,811,54,138,1,-1,-1,-1
130,19342,1408,524,42,96,1,-1,-1,-1
130,19343,1409,524,28,103,1,-1,-1,-1
130,19344,1438,394,44,89,1,-1,-1,-1
130,19345,1313,452,39,90,1,-1,-1,-1
130,19346,1368,406,45,85,1,-1,-1,-1
130,19347,1288,439,49,92,1,-1,-1,-1
130,19348,1219,457,47,98,1,-1,-1,-1
130,19349,1151,495,35,100,1,-1,-1,-1
130,19350,1108,518,53,96,1,-1,-1,-1
130,19351,1007,591,33,112,1,-1,-1,-1
130,19352,985,582,28,125,1,-1,-1,-1
130,19353,964,591,30,122,1,-1,-1,-1
130,19354,1285,444,36,103,1,-1,-1,-1
130,19355,1151,492,38,100,1,-1,-1,-1
130,19356,892,609,33,113,1,-1,-1,-1
130,19357,918,611,33,116,1,-1,-1,-1
130,19358,489,424,43,67,1,-1,-1,-1
131,19340,1344,771,41,125,1,-1,-1,-1
131,19341,1274,811,54,138,1,-1,-1,-1
131,19342,1408,524,42,96,1,-1,-1,-1
131,19343,1409,524,28,103,1,-1,-1,-1
131,19344,1433,393,45,89,1,-1,-1,-1
131,19345,1313,451,39,90,1,-1,-1,-1
131,19346,1367,405,46,85,1,-1,-1,-1
131,19347,1289,441,47,90,1,-1,-1,-1
131,19348,1217,456,47,99,1,-1,-1,-1
131,19349,1148,495,36,100,1,-1,-1,-1
131,19350,1108,519,54,95,1,-1,-1,-1
131,19351,1007,591,33,112,1,-1,-1,-1
131,19352,985,582,28,125,1,-1,-1,-1
131,19353,964,591,30,122,1,-1,-1,-1
131,19354,1285,445,36,103,1,-1,-1,-1
131,19355,1154,492,38,99,1,-1,-1,-1
131,19356,891,610,33,112,1,-1,-1,-1
131,19357,918,611,33,116,1,-1,-1,-1
131,19358,489,423,43,67,1,-1,-1,-1
132,19340,1343,771,41,125,1,-1,-1,-1
132,19341,1275,810,53,138,1,-1,-1,-1
132,19342,1408,524,43,97,1,-1,-1,-1
132,19343,1409,524,29,103,1,-1,-1,-1
132,19344,1427,393,45,90,1,-1,-1,-1
132,19345,1313,451,41,91,1,-1,-1,-1
132,19346,1365,404,48,85,1,-1,-1,-1
132,19347,1290,442,47,89,1,-1,-1,-1
132,19348,1215,455,46,99,1,-1,-1,-1
132,19349,1145,495,36,101,1,-1,-1,-1
132,19350,1108,519,54,95,1,-1,-1,-1
132,19351,1007,591,33,112,1,-1,-1,-1
132,19352,985,582,28,125,1,-1,-1,-1
132,19353,964,591,30,122,1,-1,-1,-1
132,19354,1286,445,35,103,1,-1,-1,-1
132,19355,1157,491,39,99,1,-1,-1,-1
132,19356,890,610,33,113,1,-1,-1,-1
132,19357,917,611,33,116,1,-1,-1,-1
132,19358,489,423,43,67,1,-1,-1,-1
133,19340,1343,771,41,125,1,-1,-1,-1
133,19341,1275,810,53,138,1,-1,-1,-1
133,19342,1407,525,43,96,1,-1,-1,-1
133,19343,1410,524,29,103,1,-1,-1,-1
133,19344,1424,393,45,90,1,-1,-1,-1
133,19345,1313,450,42,91,1,-1,-1,-1
133,19346,1364,403,49,85,1,-1,-1,-1
133,19347,1292,443,45,89,1,-1,-1,-1
133,19348,1214,455,46,99,1,-1,-1,-1
133,19349,1143,495,37,101,1,-1,-1,-1
133,19350,1108,519,54,96,1,-1,-1,-1
133,19351,1007,591,33,112,1,-1,-1,-1
133,19352,985,582,28,125,1,-1,-1,-1
133,19353,964,592,30,122,1,-1,-1,-1
133,19354,1286,445,34,103,1,-1,-1,-1
133,19355,1158,491,39,98,1,-1,-1,-1
133,19356,890,611,33,112,1,-1,-1,-1
133,19357,917,611,34,116,1,-1,-1,-1
133,19358,489,423,43,67,1,-1,-1,-1
134,19340,1342,772,42,125,1,-1,-1,-1
134,19341,1275,810,53,138,1,-1,-1,-1
134,19342,1407,524,44,97,1,-1,-1,-1
134,19343,1410,525,29,103,1,-1,-1,-1
134,19344,1421,393,45,90,1,-1,-1,-1
134,19345,1314,448,43,91,1,-1,-1,-1
134,19346,1363,403,50,84,1,-1,-1,-1
134,19347,1293,444,44,88,1,-1,-1,-1
134,19348,1214,454,46,100,1,-1,-1,-1
134,19349,1142,495,37,101,1,-1,-1,-1
134,19350,1108,519,54,96,1,-1,-1,-1
134,19351,1007,591,33,112,1,-1,-1,-1
134,19352,985,582,28,125,1,-1,-1,-1
134,19353,964,592,30,122,1,-1,-1,-1
134,19354,1285,446,35,102,1,-1,-1,-1
134,19355,1158,491,39,98,1,-1,-1,-1
134,19356,889,611,34,113,1,-1,-1,-1
134,19357,917,611,34,116,1,-1,-1,-1
134,19358,489,423,43,67,1,-1,-1,-1
135,19340,1342,772,42,125,1,-1,-1,-1
135,19341,1276,810,52,138,1,-1,-1,-1
135,19342,1406,524,45,97,1,-1,-1,-1
135,19343,1410,526,30,103,1,-1,-1,-1
135,19344,1419,393,44,90,1,-1,-1,-1
135,19345,1315,446,43,92,1,-1,-1,-1
135,19346,1362,403,51,83,1,-1,-1,-1
135,19347,1295,445,42,87,1,-1,-1,-1
135,19348,1214,454,46,100,1,-1,-1,-1
135,19349,1140,495,38,101,1,-1,-1,-1
135,19350,1108,519,54,96,1,-1,-1,-1
135,19351,1007,591,33,112,1,-1,-1,-1
135,19352,985,582,28,125,1,-1,-1,-1
135,19353,963,592,31,122,1,-1,-1,-1
135,19354,1285,446,34,102,1,-1,-1,-1
135,19355,1157,491,40,98,1,-1,-1,-1
135,19356,888,611,33,113,1,-1,-1,-1
135,19357,917,611,34,116,1,-1,-1,-1
135,19358,489,423,43,67,1,-1,-1,-1
136,19340,1342,773,42,124,1,-1,-1,-1
136,19341,1276,810,52,138,1,-1,-1,-1
136,19342,1405,523,45,97,1,-1,-1,-1
136,19343,1411,527,30,102,1,-1,-1,-1
136,19344,1416,392,44,90,1,-1,-1,-1
136,19345,1317,444,43,92,1,-1,-1,-1
136,19346,1361,403,52,82,1,-1,-1,-1
136,19347,1297,447,41,85,1,-1,-1,-1
136,19348,1214,453,46,101,1,-1,-1,-1
136,19349,1139,495,38,101,1,-1,-1,-1
136,19350,1108,519,54,96,1,-1,-1,-1
136,19351,1007,591,33,112,1,-1,-1,-1
136,19352,985,582,28,125,1,-1,-1,-1
136,19353,963,592,31,122,1,-1,-1,-1
136,19354,1285,446,34,102,1,-1,-1,-1
136,19355,1157,491,41,98,1,-1,-1,-1
136,19356,888,611,33,113,1,-1,-1,-1
136,19357,917,611,34,115,1,-1,-1,-1
136,19358,489,423,43,67,1,-1,-1,-1
137,19340,1341,773,42,124,1,-1,-1,-1
137,19341,1277,810,51,138,1,-1,-1,-1
137,19342,1404,523,46,97,1,-1,-1,-1
137,19343,1411,528,31,102,1,-1,-1,-1
137,19344,1414,392,43,90,1,-1,-1,-1
137,19345,1319,441,43,94,1,-1,-1,-1
137,19346,1359,403,54,81,1,-1,-1,-1
137,19347,1299,448,39,84,1,-1,-1,-1
137,19348,1214,453,46,101,1,-1,-1,-1
137,19349,1138,494,38,101,1,-1,-1,-1
137,19350,1108,519,54,96,1,-1,-1,-1
137,19351,1007,591,33,112,1,-1,-1,-1
137,19352,985,582,28,125,1,-1,-1,-1
137,19353,963,592,30,122,1,-1,-1,-1
137,19354,1285,446,34,102,1,-1,-1,-1
137,19355,1157,491,41,98,1,-1,-1,-1
137,19356,888,611,32,113,1,-1,-1,-1
137,19357,917,611,34,115,1,-1,-1,-1
137,19358,489,423,43,68,1,-1,-1,-1
138,19340,1341,773,42,125,1,-1,-1,-1
138,19341,1277,810,51,138,1,-1,-1,-1
138,19342,1402,522,47,98,1,-1,-1,-1
138,19343,1412,530,32,102,1,-1,-1,-1
138,19344,1411,392,42,90,1,-1,-1,-1
138,19345,1321,439,43,94,1,-1,-1,-1
138,19346,1357,403,55,80,1,-1,-1,-1
138,19347,1300,450,37,83,1,-1,-1,-1
138,19348,1214,452,47,102,1,-1,-1,-1
138,19349,1136,494,38,101,1,-1,-1,-1
138,19350,1108,519,54,96,1,-1,-1,-1
138,19351,1007,591,33,112,1,-1,-1,-1
138,19352,985,582,29,125,1,-1,-1,-1
138,19353,963,592,30,122,1,-1,-1,-1
138,19354,1284,447,34,101,1,-1,-1,-1
138,19355,1157,491,41,98,1,-1,-1,-1
138,19356,887,611,32,113,1,-1,-1,-1
138,19357,916,611,34,115,1,-1,-1,-1
138,19358,488,423,44,68,1,-1,-1,-1
139,19340,1341,773,42,124,1,-1,-1,-1
139,19341,1277,810,51,138,1,-1,-1,-1
139,19342,1401,522,48,98,1,-1,-1,-1
139,19343,1413,530,32,102,1,-1,-1,-1
139,19344,1409,392,41,90,1,-1,-1,-1
139,19345,1323,438,43,95,1,-1,-1,-1
139,19346,1357,403,55,79,1,-1,-1,-1
139,19347,1301,450,36,83,1,-1,-1,-1
139,19348,1215,452,46,102,1,-1,-1,-1
139,19349,1135,494,39,101,1,-1,-1,-1
139,19350,1107,519,54,96,1,-1,-1,-1
139,19351,1007,591,33,112,1,-1,-1,-1
139,19352,984,582,29,126,1,-1,-1,-1
139,19353,962,592,31,122,1,-1,-1,-1
139,19354,1284,447,33,102,1,-1,-1,-1
139,19355,1156,491,42,98,1,-1,-1,-1
139,19356,886,610,33,113,1,-1,-1,-1
139,19357,916,611,34,114,1,-1,-1,-1
139,19358,488,422,43,68,1,-1,-1,-1
140,19340,1341,773,42,124,1,-1,-1,-1
140,19341,1277,810,50,138,1,-1,-1,-1
140,19342,1400,521,48,99,1,-1,-1,-1
140,19343,1414,531,32,102,1,-1,-1,-1
140,19344,1406,392,41,91,1,-1,-1,-1
140,19345,1324,437,43,95,1,-1,-1,-1
140,19346,1356,403,56,78,1,-1,-1,-1
140,19347,1299,449,36,84,1,-1,-1,-1
140,19348,1215,452,47,102,1,-1,-1,-1
140,19349,1134,493,39,101,1,-1,-1,-1
140,19350,1107,519,55,96,1,-1,-1,-1
140,19351,1007,591,33,112,1,-1,-1,-1
140,19352,984,582,29,126,1,-1,-1,-1
140,19353,962,592,31,122,1,-1,-1,-1
140,19354,1283,447,34,102,1,-1,-1,-1
140,19355,1155,491,42,98,1,-1,-1,-1
140,19356,886,610,32,113,1,-1,-1,-1
140,19357,917,611,34,114,1,-1,-1,-1
140,19358,488,422,43,68,1,-1,-1,-1
141,19340,1341,773,42,124,1,-1,-1,-1
141,19341,1277,810,50,138,1,-1,-1,-1
141,19342,1400,521,48,99,1,-1,-1,-1
141,19343,1416,531,31,102,1,-1,-1,-1
141,19344,1403,392,42,93,1,-1,-1,-1
141,19345,1326,437,42,95,1,-1,-1,-1
141,19346,1355,404,57,77,1,-1,-1,-1
141,19347,1299,447,35,85,1,-1,-1,-1
141,19348,1216,453,46,102,1,-1,-1,-1
141,19349,1133,493,39,101,1,-1,-1,-1
141,19350,1107,519,54,96,1,-1,-1,-1
141,19351,1007,591,33,112,1,-1,-1,-1
141,19352,984,582,29,126,1,-1,-1,-1
141,19353,963,592,30,121,1,-1,-1,-1
141,19354,1283,447,33,101,1,-1,-1,-1
141,19355,1154,491,42,98,1,-1,-1,-1
141,19356,886,609,32,113,1,-1,-1,-1
141,19357,917,611,34,114,1,-1,-1,-1
141,19358,488,422,43,68,1,-1,-1,-1
142,19340,1341,773,42,124,1,-1,-1,-1
142,19341,1277,809,50,139,1,-1,-1,-1
142,19342,1399,521,49,99,1,-1,-1,-1
142,19343,1417,531,31,102,1,-1,-1,-1
142,19344,1400,392,42,93,1,-1,-1,-1
142,19345,1328,437,42,95,1,-1,-1,-1
142,19346,1354,404,58,77,1,-1,-1,-1
142,19347,1297,445,36,87,1,-1,-1,-1
142,19348,1217,453,46,102,1,-1,-1,-1
142,19349,1133,493,38,101,1,-1,-1,-1
142,19350,1106,519,55,96,1,-1,-1,-1
142,19351,1007,591,33,112,1,-1,-1,-1
142,19352,984,582,29,126,1,-1,-1,-1
142,19353,963,592,30,121,1,-1,-1,-1
142,19354,1281,447,34,101,1,-1,-1,-1
142,19355,1152,491,44,98,1,-1,-1,-1
142,19356,886,608,32,113,1,-1,-1,-1
142,19357,918,611,34,114,1,-1,-1,-1
142,19358,488,422,43,67,1,-1,-1,-1
143,19340,1340,774,43,123,1,-1,-1,-1
143,19341,1277,809,50,139,1,-1,-1,-1
143,19342,1399,521,50,99,1,-1,-1,-1
143,19343,1419,531,31,102,1,-1,-1,-1
143,19344,1398,391,42,95,1,-1,-1,-1
143,19345,1329,437,43,94,1,-1,-1,-1
143,19346,1353,405,59,76,1,-1,-1,-1
143,19347,1295,443,37,89,1,-1,-1,-1
143,19348,1217,454,46,102,1,-1,-1,-1
143,19349,1132,493,38,100,1,-1,-1,-1
143,19350,1106,518,55,97,1,-1,-1,-1
143,19351,1007,591,33,112,1,-1,-1,-1
143,19352,984,582,29,126,1,-1,-1,-1
143,19353,963,592,30,121,1,-1,-1,-1
143,19354,1280,447,34,101,1,-1,-1,-1
143,19355,1151,491,44,98,1,-1,-1,-1
143,19356,886,608,32,113,1,-1,-1,-1
143,19357,918,611,34,114,1,-1,-1,-1
143,19358,488,421,43,68,1,-1,-1,-1
144,19340,1340,774,43,122,1,-1,-1,-1
144,19341,1277,809,50,139,1,-1,-1,-1
144,19342,1399,521,50,99,1,-1,-1,-1
144,19343,1421,531,31,102,1,-1,-1,-1
144,19344,1393,391,44,97,1,-1,-1,-1
144,19345,1332,436,43,94,1,-1,-1,-1
144,19346,1353,406,58,75,1,-1,-1,-1
144,19347,1292,439,38,92,1,-1,-1,-1
144,19348,1218,455,46,102,1,-1,-1,-1
144,19349,1130,493,39,100,1,-1,-1,-1
144,19350,1104,518,56,97,1,-1,-1,-1
144,19351,1007,591,33,112,1,-1,-1,-1
144,19352,984,582,29,126,1,-1,-1,-1
144,19353,962,592,31,121,1,-1,-1,-1
144,19354,1279,447,33,100,1,-1,-1,-1
144,19355,1150,491,45,98,1,-1,-1,-1
144,19356,887,607,32,113,1,-1,-1,-1
144,19357,918,611,35,114,1,-1,-1,-1
144,19358,488,421,43,68,1,-1,-1,-1
144,19359,1906,218,10,78,1,-1,-1,-1
145,19340,1340,774,43,122,1,-1,-1,-1
145,19341,1277,809,50,139,1,-1,-1,-1
145,19342,1399,521,50,99,1,-1,-1,-1
145,19343,1422,531,30,102,1,-1,-1,-1
145,19344,1392,391,43,97,1,-1,-1,-1
145,19345,1333,436,44,94,1,-1,-1,-1
145,19346,1352,406,59,75,1,-1,-1,-1
145,19347,1290,438,39,93,1,-1,-1,-1
145,19348,1219,455,46,102,1,-1,-1,-1
145,19349,1130,492,38,100,1,-1,-1,-1
145,19350,1104,518,56,97,1,-1,-1,-1
145,19351,1006,591,34,112,1,-1,-1,-1
145,19352,984,582,29,126,1,-1,-1,-1
145,19353,962,593,30,120,1,-1,-1,-1
145,19354,1278,447,34,101,1,-1,-1,-1
145,19355,1149,491,45,98,1,-1,-1,-1
145,19356,887,607,31,113,1,-1,-1,-1
145,19357,919,611,34,114,1,-1,-1,-1
145,19358,487,421,45,69,1,-1,-1,-1
145,19359,1906,218,9,78,1,-1,-1,-1
146,19340,1340,775,44,121,1,-1,-1,-1
146,19341,1277,808,49,140,1,-1,-1,-1
146,19342,1398,521,50,99,1,-1,-1,-1
146,19343,1424,531,29,101,1,-1,-1,-1
146,19344,1391,391,44,98,1,-1,-1,-1
146,19345,1333,436,44,93,1,-1,-1,-1
146,19346,1352,406,60,75,1,-1,-1,-1
146,19347,1289,437,39,94,1,-1,-1,-1
146,19348,1219,455,46,102,1,-1,-1,-1
146,19349,1130,492,39,100,1,-1,-1,-1
146,19350,1102,517,57,98,1,-1,-1,-1
146,19351,1006,591,34,112,1,-1,-1,-1
146,19352,984,582,29,126,1,-1,-1,-1
146,19353,962,593,30,121,1,-1,-1,-1
146,19354,1277,448,34,100,1,-1,-1,-1
146,19355,1149,492,46,97,1,-1,-1,-1
146,19356,887,606,31,113,1,-1,-1,-1
146,19357,919,611,34,114,1,-1,-1,-1
146,19358,487,421,44,69,1,-1,-1,-1
146,19359,1905,218,9,78,1,-1,-1,-1
147,19340,1341,775,43,121,1,-1,-1,-1
147,19341,1277,808,49,140,1,-1,-1,-1
147,19342,1396,521,51,99,1,-1,-1,-1
147,19343,1426,531,29,101,1,-1,-1,-1
147,19344,1392,391,43,98,1,-1,-1,-1
147,19345,1333,436,44,92,1,-1,-1,-1
147,19346,1352,405,61,77,1,-1,-1,-1
147,19347,1288,437,39,94,1,-1,-1,-1
147,19348,1219,455,46,102,1,-1,-1,-1
147,19349,1131,492,39,100,1,-1,-1,-1
147,19350,1101,517,56,98,1,-1,-1,-1
147,19351,1006,591,34,112,1,-1,-1,-1
147,19352,984,582,29,126,1,-1,-1,-1
147,19353,962,593,30,121,1,-1,-1,-1
147,19354,1275,448,34,101,1,-1,-1,-1
147,19355,1150,493,46,96,1,-1,-1,-1
147,19356,887,606,31,113,1,-1,-1,-1
147,19357,919,611,34,114,1,-1,-1,-1
147,19358,486,421,45,69,1,-1,-1,-1
147,19359,1904,218,10,77,1,-1,-1,-1
148,19340,1341,775,43,121,1,-1,-1,-1
148,19341,1276,807,49,140,1,-1,-1,-1
148,19342,1395,521,51,99,1,-1,-1,-1
148,19343,1427,531,29,101,1,-1,-1,-1
148,19344,1393,392,44,98,1,-1,-1,-1
148,19345,1334,436,44,91,1,-1,-1,-1
148,19346,1351,404,63,78,1,-1,-1,-1
148,19347,1286,437,40,95,1,-1,-1,-1
148,19348,1219,454,46,103,1,-1,-1,-1
148,19349,1131,493,39,100,1,-1,-1,-1
148,19350,1099,516,56,98,1,-1,-1,-1
148,19351,1006,591,34,112,1,-1,-1,-1
148,19352,984,582,29,126,1,-1,-1,-1
148,19353,962,593,30,121,1,-1,-1,-1
148,19354,1273,448,34,102,1,-1,-1,-1
148,19355,1151,494,46,95,1,-1,-1,-1
148,19356,887,606,31,113,1,-1,-1,-1
148,19357,919,611,34,114,1,-1,-1,-1
148,19358,486,420,45,70,1,-1,-1,-1
148,19359,1903,218,11,77,1,-1,-1,-1
149,19340,1341,774,43,122,1,-1,-1,-1
149,19341,1275,806,49,140,1,-1,-1,-1
149,19342,1394,521,51,98,1,-1,-1,-1
149,19343,1429,531,30,101,1,-1,-1,-1
149,19344,1394,392,43,98,1,-1,-1,-1
149,19345,1334,436,45,90,1,-1,-1,-1
149,19346,1351,404,63,79,1,-1,-1,-1
149,19347,1285,437,39,95,1,-1,-1,-1
149,19348,1219,454,46,103,1,-1,-1,-1
149,19349,1132,493,39,100,1,-1,-1,-1
149,19350,1096,516,57,98,1,-1,-1,-1
149,19351,1006,591,34,112,1,-1,-1,-1
149,19352,984,582,29,126,1,-1,-1,-1
149,19353,961,593,31,121,1,-1,-1,-1
149,19354,1272,449,34,101,1,-1,-1,-1
149,19355,1152,494,46,95,1,-1,-1,-1
149,19356,887,607,31,114,1,-1,-1,-1
149,19357,918,611,35,114,1,-1,-1,-1
149,19358,485,420,46,70,1,-1,-1,-1
149,19359,1903,218,10,76,1,-1,-1,-1
150,19340,1341,774,44,122,1,-1,-1,-1
150,19341,1274,804,49,140,1,-1,-1,-1
150,19342,1391,521,52,98,1,-1,-1,-1
150,19343,1431,531,31,100,1,-1,-1,-1
150,19344,1396,392,43,99,1,-1,-1,-1
150,19345,1334,436,44,87,1,-1,-1,-1
150,19346,1351,402,65,81,1,-1,-1,-1
150,19347,1283,437,39,96,1,-1,-1,-1
150,19348,1219,453,46,104,1,-1,-1,-1
150,19349,1133,493,40,100,1,-1,-1,-1
150,19350,1093,515,56,98,1,-1,-1,-1
150,19351,1006,591,34,112,1,-1,-1,-1
150,19352,983,582,30,126,1,-1,-1,-1
150,19353,961,593,31,121,1,-1,-1,-1
150,19354,1269,449,34,103,1,-1,-1,-1
150,19355,1154,496,45,93,1,-1,-1,-1
150,19356,887,607,31,114,1,-1,-1,-1
150,19357,918,611,35,114,1,-1,-1,-1
150,19358,484,420,47,71,1,-1,-1,-1
150,19359,1901,218,11,75,1,-1,-1,-1
151,19340,1341,774,44,121,1,-1,-1,-1
151,19341,1274,804,48,140,1,-1,-1,-1
151,19342,1390,520,52,99,1,-1,-1,-1
151,19343,1431,531,32,100,1,-1,-1,-1
151,19344,1397,392,42,99,1,-1,-1,-1
151,19345,1333,436,45,86,1,-1,-1,-1
151,19346,1350,402,66,81,1,-1,-1,-1
151,19347,1282,437,40,96,1,-1,-1,-1
151,19348,1219,453,46,105,1,-1,-1,-1
151,19349,1133,493,40,100,1,-1,-1,-1
151,19350,1092,514,56,99,1,-1,-1,-1
151,19351,1006,591,34,112,1,-1,-1,-1
151,19352,983,582,30,126,1,-1,-1,-1
151,19353,961,593,31,121,1,-1,-1,-1
151,19354,1268,450,35,102,1,-1,-1,-1
151,19355,1155,496,44,92,1,-1,-1,-1
151,19356,887,607,31,114,1,-1,-1,-1
151,19357,918,611,35,114,1,-1,-1,-1
151,19358,484,419,47,72,1,-1,-1,-1
151,19359,1900,218,12,74,1,-1,-1,-1
152,19340,1340,772,45,123,1,-1,-1,-1
152,19341,1274,803,48,140,1,-1,-1,-1
152,19342,1391,520,51,98,1,-1,-1,-1
152,19343,1431,531,33,100,1,-1,-1,-1
152,19344,1397,393,42,98,1,-1,-1,-1
152,19345,1330,436,46,85,1,-1,-1,-1
152,19346,1350,402,66,82,1,-1,-1,-1
152,19347,1280,437,40,97,1,-1,-1,-1
152,19348,1218,453,46,105,1,-1,-1,-1
152,19349,1130,493,40,99,1,-1,-1,-1
152,19350,1090,514,56,99,1,-1,-1,-1
152,19351,1006,591,34,112,1,-1,-1,-1
152,19352,983,582,30,126,1,-1,-1,-1
152,19353,961,593,31,120,1,-1,-1,-1
152,19354,1267,450,35,103,1,-1,-1,-1
152,19355,1153,497,44,92,1,-1,-1,-1
152,19356,886,607,32,114,1,-1,-1,-1
152,19357,917,611,35,114,1,-1,-1,-1
152,19358,483,419,48,72,1,-1,-1,-1
152,19359,1899,218,13,75,1,-1,-1,-1
153,19340,1340,770,46,123,1,-1,-1,-1
153,19341,1273,802,48,140,1,-1,-1,-1
153,19342,1391,520,52,98,1,-1,-1,-1
153,19343,1429,531,35,99,1,-1,-1,-1
153,19344,1398,393,42,97,1,-1,-1,-1
153,19345,1326,435,46,85,1,-1,-1,-1
153,19346,1349,404,66,81,1,-1,-1,-1
153,19347,1279,437,39,95,1,-1,-1,-1
153,19348,1217,453,45,105,1,-1,-1,-1
153,19349,1126,493,41,99,1,-1,-1,-1
153,19350,1088,515,55,98,1,-1,-1,-1
153,19351,1006,591,33,111,1,-1,-1,-1
153,19352,983,582,30,126,1,-1,-1,-1
153,19353,960,593,31,120,1,-1,-1,-1
153,19354,1266,451,35,103,1,-1,-1,-1
153,19355,1150,498,45,92,1,-1,-1,-1
153,19356,886,607,31,115,1,-1,-1,-1
153,19357,916,612,35,113,1,-1,-1,-1
153,19358,483,419,48,72,1,-1,-1,-1
153,19359,1898,218,14,75,1,-1,-1,-1
154,19340,1340,767,46,123,1,-1,-1,-1
154,19341,1273,801,48,140,1,-1,-1,-1
154,19342,1392,520,51,98,1,-1,-1,-1
154,19343,1428,532,36,98,1,-1,-1,-1
154,19344,1398,393,42,97,1,-1,-1,-1
154,19345,1321,435,47,84,1,-1,-1,-1
154,19346,1348,405,65,80,1,-1,-1,-1
154,19347,1277,436,39,95,1,-1,-1,-1
154,19348,1216,454,46,104,1,-1,-1,-1
154,19349,1122,492,41,99,1,-1,-1,-1
154,19350,1085,515,55,98,1,-1,-1,-1
154,19351,1006,592,32,110,1,-1,-1,-1
154,19352,983,582,30,126,1,-1,-1,-1
154,19353,960,593,31,120,1,-1,-1,-1
154,19354,1265,452,36,102,1,-1,-1,-1
154,19355,1146,499,45,92,1,-1,-1,-1
154,19356,886,607,31,115,1,-1,-1,-1
154,19357,916,614,34,113,1,-1,-1,-1
154,19358,482,418,48,73,1,-1,-1,-1
154,19359,1897,218,15,76,1,-1,-1,-1
155,19340,1340,765,47,123,1,-1,-1,-1
155,19341,1273,800,48,140,1,-1,-1,-1
155,19342,1392,521,51,98,1,-1,-1,-1
155,19343,1427,533,38,97,1,-1,-1,-1
155,19344,1398,394,42,96,1,-1,-1,-1
155,19345,1316,435,48,83,1,-1,-1,-1
155,19346,1348,406,64,80,1,-1,-1,-1
155,19347,1274,436,39,94,1,-1,-1,-1
155,19348,1214,455,46,103,1,-1,-1,-1
155,19349,1118,492,41,98,1,-1,-1,-1
155,19350,1082,516,55,98,1,-1,-1,-1
155,19351,1006,592,32,109,1,-1,-1,-1
155,19352,983,582,30,126,1,-1,-1,-1
155,19353,960,594,31,119,1,-1,-1,-1
155,19354,1264,452,36,102,1,-1,-1,-1
155,19355,1143,500,46,91,1,-1,-1,-1
155,19356,885,607,32,115,1,-1,-1,-1
155,19357,915,615,34,112,1,-1,-1,-1
155,19358,481,417,49,74,1,-1,-1,-1
155,19359,1895,218,17,76,1,-1,-1,-1
156,19340,1341,762,47,124,1,-1,-1,-1
156,19341,1272,798,48,140,1,-1,-1,-1
156,19342,1392,521,52,98,1,-1,-1,-1
156,19343,1425,534,39,96,1,-1,-1,-1
156,19344,1398,394,42,95,1,-1,-1,-1
156,19345,1312,434,48,83,1,-1,-1,-1
156,19346,1347,408,64,79,1,-1,-1,-1
156,19347,1272,435,39,94,1,-1,-1,-1
156,19348,1214,455,45,103,1,-1,-1,-1
156,19349,1114,491,40,98,1,-1,-1,-1
156,19350,1078,516,56,98,1,-1,-1,-1
156,19351,1005,593,32,108,1,-1,-1,-1
156,19352,983,582,30,126,1,-1,-1,-1
156,19353,960,594,31,119,1,-1,-1,-1
156,19354,1263,453,36,101,1,-1,-1,-1
156,19355,1139,501,47,91,1,-1,-1,-1
156,19356,885,607,32,115,1,-1,-1,-1
156,19357,914,616,34,111,1,-1,-1,-1
156,19358,480,416,49,75,1,-1,-1,-1
156,19359,1894,217,18,77,1,-1,-1,-1
157,19340,1340,759,48,124,1,-1,-1,-1
157,19341,1272,797,48,140,1,-1,-1,-1
157,19342,1393,521,51,98,1,-1,-1,-1
157,19343,1423,535,41,96,1,-1,-1,-1
157,19344,1398,395,41,93,1,-1,-1,-1
157,19345,1307,434,48,82,1,-1,-1,-1
157,19346,1346,409,64,78,1,-1,-1,-1
157,19347,1270,435,39,93,1,-1,-1,-1
157,19348,1212,456,45,102,1,-1,-1,-1
157,19349,1109,491,40,97,1,-1,-1,-1
157,19350,1075,516,56,98,1,-1,-1,-1
157,19351,1005,594,32,107,1,-1,-1,-1
157,19352,983,582,30,126,1,-1,-1,-1
157,19353,960,594,31,120,1,-1,-1,-1
157,19354,1262,454,37,101,1,-1,-1,-1
157,19355,1135,502,48,91,1,-1,-1,-1
157,19356,884,607,32,115,1,-1,-1,-1
157,19357,913,617,34,111,1,-1,-1,-1
157,19358,480,416,49,75,1,-1,-1,-1
157,19359,1892,217,20,78,1,-1,-1,-1
158,19340,1340,756,49,124,1,-1,-1,-1
158,19341,1271,796,48,140,1,-1,-1,-1
158,19342,1394,521,50,98,1,-1,-1,-1
158,19343,1421,536,43,95,1,-1,-1,-1
158,19344,1398,395,42,93,1,-1,-1,-1
158,19345,1302,434,49,80,1,-1,-1,-1
158,19346,1346,410,63,78,1,-1,-1,-1
158,19347,1268,434,38,93,1,-1,-1,-1
158,19348,1211,456,45,102,1,-1,-1,-1
158,19349,1105,490,40,97,1,-1,-1,-1
158,19350,1072,517,56,97,1,-1,-1,-1
158,19351,1004,594,32,107,1,-1,-1,-1
158,19352,983,582,30,126,1,-1,-1,-1
158,19353,959,594,31,120,1,-1,-1,-1
158,19354,1260,455,39,100,1,-1,-1,-1
158,19355,1131,503,50,90,1,-1,-1,-1
158,19356,884,607,32,115,1,-1,-1,-1
158,19357,912,618,34,110,1,-1,-1,-1
158,19358,479,415,49,76,1,-1,-1,-1
158,19359,1891,216,21,79,1,-1,-1,-1
159,19340,1340,753,48,124,1,-1,-1,-1
159,19341,1271,796,48,140,1,-1,-1,-1
159,19342,1394,522,50,97,1,-1,-1,-1
159,19343,1420,537,44,94,1,-1,-1,-1
159,19344,1398,395,42,93,1,-1,-1,-1
159,19345,1297,433,49,80,1,-1,-1,-1
159,19346,1345,412,62,76,1,-1,-1,-1
159,19347,1266,434,38,91,1,-1,-1,-1
159,19348,1209,457,46,101,1,-1,-1,-1
159,19349,1101,489,39,98,1,-1,-1,-1
159,19350,1068,517,58,96,1,-1,-1,-1
159,19351,1004,595,32,106,1,-1,-1,-1
159,19352,983,582,30,126,1,-1,-1,-1
159,19353,959,594,31,120,1,-1,-1,-1
159,19354,1259,455,39,100,1,-1,-1,-1
159,19355,1127,504,51,90,1,-1,-1,-1
159,19356,884,607,33,115,1,-1,-1,-1
159,19357,911,619,35,109,1,-1,-1,-1
159,19358,479,414,48,77,1,-1,-1,-1
159,19359,1889,216,22,79,1,-1,-1,-1
160,19340,1339,750,49,124,1,-1,-1,-1
160,19341,1270,795,48,140,1,-1,-1,-1
160,19342,1395,522,50,97,1,-1,-1,-1
160,19343,1418,538,47,94,1,-1,-1,-1
160,19344,1398,396,43,91,1,-1,-1,-1
160,19345,1292,433,50,78,1,-1,-1,-1
160,19346,1345,413,62,76,1,-1,-1,-1
160,19347,1264,433,38,92,1,-1,-1,-1
160,19348,1208,458,45,100,1,-1,-1,-1
160,19349,1097,489,39,97,1,-1,-1,-1
160,19350,1065,518,58,95,1,-1,-1,-1
160,19351,1004,596,32,104,1,-1,-1,-1
160,19352,983,582,30,126,1,-1,-1,-1
160,19353,959,594,31,120,1,-1,-1,-1
160,19354,1257,456,41,99,1,-1,-1,-1
160,19355,1123,505,53,90,1,-1,-1,-1
160,19356,883,607,33,115,1,-1,-1,-1
160,19357,909,620,35,109,1,-1,-1,-1
160,19358,478,414,49,77,1,-1,-1,-1
160,19359,1887,216,23,80,1,-1,-1,-1
161,19340,1339,748,49,124,1,-1,-1,-1
161,19341,1270,795,48,140,1,-1,-1,-1
161,19342,1396,522,49,97,1,-1,-1,-1
161,19343,1416,539,49,93,1,-1,-1,-1
161,19344,1397,396,44,91,1,-1,-1,-1
161,19345,1287,432,51,78,1,-1,-1,-1
161,19346,1344,414,62,76,1,-1,-1,-1
161,19347,1262,433,37,90,1,-1,-1,-1
161,19348,1207,459,46,100,1,-1,-1,-1
161,19349,1093,488,38,97,1,-1,-1,-1
161,19350,1061,518,60,95,1,-1,-1,-1
161,19351,1003,597,32,103,1,-1,-1,-1
161,19352,982,582,31,126,1,-1,-1,-1
161,19353,959,594,31,120,1,-1,-1,-1
161,19354,1256,457,42,99,1,-1,-1,-1
161,19355,1119,506,54,90,1,-1,-1,-1
161,19356,883,607,33,115,1,-1,-1,-1
161,19357,908,621,36,108,1,-1,-1,-1
161,19358,478,413,48,79,1,-1,-1,-1
161,19359,1885,217,25,79,1,-1,-1,-1
162,19340,1338,745,49,124,1,-1,-1,-1
162,19341,1269,795,48,140,1,-1,-1,-1
162,19342,1396,523,49,96,1,-1,-1,-1
162,19343,1415,540,51,92,1,-1,-1,-1
162,19344,1397,397,44,89,1,-1,-1,-1
162,19345,1282,432,51,77,1,-1,-1,-1
162,19346,1343,415,62,75,1,-1,-1,-1
162,19347,1260,432,37,90,1,-1,-1,-1
162,19348,1206,459,45,100,1,-1,-1,-1
162,19349,1090,488,37,96,1,-1,-1,-1
162,19350,1058,519,61,94,1,-1,-1,-1
162,19351,1003,597,32,103,1,-1,-1,-1
162,19352,982,582,31,126,1,-1,-1,-1
162,19353,959,594,31,119,1,-1,-1,-1
162,19354,1254,458,44,98,1,-1,-1,-1
162,19355,1115,507,56,90,1,-1,-1,-1
162,19356,883,607,33,115,1,-1,-1,-1
162,19357,907,623,36,107,1,-1,-1,-1
162,19358,478,413,47,79,1,-1,-1,-1
162,19359,1883,217,26,79,1,-1,-1,-1
163,19340,1338,741,49,124,1,-1,-1,-1
163,19341,1269,795,47,140,1,-1,-1,-1
163,19342,1397,523,49,97,1,-1,-1,-1
163,19343,1412,542,54,91,1,-1,-1,-1
163,19344,1397,397,44,88,1,-1,-1,-1
163,19345,1276,432,51,75,1,-1,-1,-1
163,19346,1342,418,61,73,1,-1,-1,-1
163,19347,1257,432,37,89,1,-1,-1,-1
163,19348,1204,460,46,99,1,-1,-1,-1
163,19349,1083,487,37,95,1,-1,-1,-1
163,19350,1053,520,62,94,1,-1,-1,-1
163,19351,1003,598,31,101,1,-1,-1,-1
163,19352,982,583,31,126,1,-1,-1,-1
163,19353,958,594,32,119,1,-1,-1,-1
163,19354,1252,459,46,97,1,-1,-1,-1
163,19355,1109,508,58,89,1,-1,-1,-1
163,19356,882,608,33,114,1,-1,-1,-1
163,19357,906,625,36,106,1,-1,-1,-1
163,19358,476,412,48,80,1,-1,-1,-1
163,19359,1880,217,28,79,1,-1,-1,-1
164,19340,1338,739,48,124,1,-1,-1,-1
164,19341,1268,795,48,140,1,-1,-1,-1
164,19342,1397,523,49,97,1,-1,-1,-1
164,19343,1410,542,56,91,1,-1,-1,-1
164,19344,1397,397,45,88,1,-1,-1,-1
164,19345,1272,431,52,75,1,-1,-1,-1
164,19346,1341,418,62,73,1,-1,-1,-1
164,19347,1256,431,37,89,1,-1,-1,-1
164,19348,1202,461,47,98,1,-1,-1,-1
164,19349,1080,487,36,94,1,-1,-1,-1
164,19350,1050,520,63,94,1,-1,-1,-1
164,19351,1003,599,31,100,1,-1,-1,-1
164,19352,982,583,31,126,1,-1,-1,-1
164,19353,958,594,32,119,1,-1,-1,-1
164,19354,1250,460,46,97,1,-1,-1,-1
164,19355,1105,509,60,89,1,-1,-1,-1
164,19356,882,608,33,114,1,-1,-1,-1
164,19357,904,625,37,106,1,-1,-1,-1
164,19358,476,411,47,81,1,-1,-1,-1
164,19359,1879,217,29,78,1,-1,-1,-1
165,19340,1340,739,47,119,1,-1,-1,-1
165,19341,1268,795,47,140,1,-1,-1,-1
165,19342,1398,522,48,98,1,-1,-1,-1
165,19343,1406,541,58,92,1,-1,-1,-1
165,19344,1395,397,45,86,1,-1,-1,-1
165,19345,1265,431,52,74,1,-1,-1,-1
165,19346,1339,417,62,73,1,-1,-1,-1
165,19347,1255,433,38,88,1,-1,-1,-1
165,19348,1201,461,47,98,1,-1,-1,-1
165,19349,1074,489,35,92,1,-1,-1,-1
165,19350,1044,521,65,93,1,-1,-1,-1
165,19351,1004,598,32,101,1,-1,-1,-1
165,19352,983,584,31,125,1,-1,-1,-1
165,19353,957,595,32,119,1,-1,-1,-1
165,19354,1245,459,48,96,1,-1,-1,-1
165,19355,1100,509,61,88,1,-1,-1,-1
165,19356,881,610,34,112,1,-1,-1,-1
165,19357,900,625,38,106,1,-1,-1,-1
165,19358,474,409,47,82,1,-1,-1,-1
165,19359,1878,217,30,78,1,-1,-1,-1
166,19340,1341,740,46,114,1,-1,-1,-1
166,19341,1268,794,47,140,1,-1,-1,-1
166,19342,1398,522,48,99,1,-1,-1,-1
166,19343,1402,540,58,92,1,-1,-1,-1
166,19344,1393,397,46,85,1,-1,-1,-1
166,19345,1258,431,50,72,1,-1,-1,-1
166,19346,1336,415,63,75,1,-1,-1,-1
166,19347,1256,434,38,88,1,-1,-1,-1
166,19348,1199,461,48,99,1,-1,-1,-1
166,19349,1067,490,34,90,1,-1,-1,-1
166,19350,1039,521,66,94,1,-1,-1,-1
166,19351,1004,598,33,101,1,-1,-1,-1
166,19352,984,586,32,123,1,-1,-1,-1
166,19353,957,596,32,118,1,-1,-1,-1
166,19354,1241,459,48,96,1,-1,-1,-1
166,19355,1093,509,62,88,1,-1,-1,-1
166,19356,881,612,33,110,1,-1,-1,-1
166,19357,896,625,39,107,1,-1,-1,-1
166,19358,471,407,47,84,1,-1,-1,-1
166,19359,1878,216,31,78,1,-1,-1,-1
167,19340,1342,741,46,108,1,-1,-1,-1
167,19341,1268,794,47,140,1,-1,-1,-1
167,19342,1399,521,48,100,1,-1,-1,-1
167,19343,1398,538,60,94,1,-1,-1,-1
167,19344,1392,396,46,83,1,-1,-1,-1
167,19345,1250,430,49,71,1,-1,-1,-1
167,19346,1333,414,64,75,1,-1,-1,-1
167,19347,1256,436,39,86,1,-1,-1,-1
167,19348,1198,461,48,99,1,-1,-1,-1
167,19349,1059,493,34,86,1,-1,-1,-1
167,19350,1033,521,67,94,1,-1,-1,-1
167,19351,1005,598,33,102,1,-1,-1,-1
167,19352,985,588,32,122,1,-1,-1,-1
167,19353,957,598,32,117,1,-1,-1,-1
167,19354,1236,459,49,95,1,-1,-1,-1
167,19355,1086,508,64,88,1,-1,-1,-1
167,19356,880,615,34,107,1,-1,-1,-1
167,19357,892,625,40,108,1,-1,-1,-1
167,19358,469,405,48,86,1,-1,-1,-1
167,19359,1877,215,32,78,1,-1,-1,-1
168,19340,1343,741,46,103,1,-1,-1,-1
168,19341,1268,793,47,140,1,-1,-1,-1
168,19342,1400,520,48,102,1,-1,-1,-1
168,19343,1394,537,60,94,1,-1,-1,-1
168,19344,1390,396,46,81,1,-1,-1,-1
168,19345,1242,430,48,69,1,-1,-1,-1
168,19346,1330,412,65,76,1,-1,-1,-1
168,19347,1256,438,41,85,1,-1,-1,-1
168,19348,1196,461,48,100,1,-1,-1,-1
168,19349,1051,495,34,83,1,-1,-1,-1
168,19350,1028,521,67,95,1,-1,-1,-1
168,19351,1005,597,35,103,1,-1,-1,-1
168,19352,986,589,33,121,1,-1,-1,-1
168,19353,957,599,32,117,1,-1,-1,-1
168,19354,1231,458,50,95,1,-1,-1,-1
168,19355,1079,508,65,87,1,-1,-1,-1
168,19356,879,617,35,106,1,-1,-1,-1
168,19357,887,625,41,109,1,-1,-1,-1
168,19358,465,403,49,87,1,-1,-1,-1
168,19359,1876,215,32,78,1,-1,-1,-1
169,19340,1345,743,46,93,1,-1,-1,-1
169,19341,1268,793,47,140,1,-1,-1,-1
169,19342,1401,518,48,104,1,-1,-1,-1
169,19343,1388,535,60,96,1,-1,-1,-1
169,19344,1387,396,46,78,1,-1,-1,-1
169,19345,1231,430,45,66,1,-1,-1,-1
169,19346,1325,409,67,78,1,-1,-1,-1
169,19347,1257,440,41,84,1,-1,-1,-1
169,19348,1192,461,50,101,1,-1,-1,-1
169,19349,1038,497,34,78,1,-1,-1,-1
169,19350,1019,521,68,96,1,-1,-1,-1
169,19351,1007,596,35,104,1,-1,-1,-1
169,19352,988,592,34,119,1,-1,-1,-1
169,19353,956,601,32,116,1,-1,-1,-1
169,19354,1223,458,50,94,1,-1,-1,-1
169,19355,1068,508,66,87,1,-1,-1,-1
169,19356,878,620,35,103,1,-1,-1,-1
169,19357,879,625,43,112,1,-1,-1,-1
169,19358,461,400,49,90,1,-1,-1,-1
169,19359,1876,213,33,78,1,-1,-1,-1
170,19340,1345,743,47,90,1,-1,-1,-1
170,19341,1269,792,47,140,1,-1,-1,-1
170,19342,1402,518,48,105,1,-1,-1,-1
170,19343,1387,534,58,96,1,-1,-1,-1
170,19344,1386,396,46,77,1,-1,-1,-1
170,19345,1227,430,43,66,1,-1,-1,-1
170,19346,1323,408,67,79,1,-1,-1,-1
170,19347,1256,441,44,83,1,-1,-1,-1
170,19348,1191,461,50,102,1,-1,-1,-1
170,19349,1034,498,34,76,1,-1,-1,-1
170,19350,1016,521,67,96,1,-1,-1,-1
170,19351,1008,596,36,104,1,-1,-1,-1
170,19352,989,593,35,118,1,-1,-1,-1
170,19353,956,602,32,115,1,-1,-1,-1
170,19354,1220,458,51,94,1,-1,-1,-1
170,19355,1064,508,67,87,1,-1,-1,-1
170,19356,876,622,37,101,1,-1,-1,-1
170,19357,876,625,45,112,1,-1,-1,-1
170,19358,459,398,50,92,1,-1,-1,-1
170,19359,1876,213,33,78,1,-1,-1,-1
171,19340,1346,742,53,93,1,-1,-1,-1
171,19341,1271,794,47,139,1,-1,-1,-1
171,19342,1405,519,47,105,1,-1,-1,-1
171,19343,1386,534,58,98,1,-1,-1,-1
171,19344,1385,395,47,78,1,-1,-1,-1
171,19345,1224,431,44,68,1,-1,-1,-1
171,19346,1321,407,68,80,1,-1,-1,-1
171,19347,1255,442,46,83,1,-1,-1,-1
171,19348,1191,461,50,102,1,-1,-1,-1
171,19349,1028,499,35,74,1,-1,-1,-1
171,19350,1010,521,66,94,1,-1,-1,-1
171,19351,1011,593,37,106,1,-1,-1,-1
171,19352,990,593,36,120,1,-1,-1,-1
171,19353,957,600,34,118,1,-1,-1,-1
171,19354,1217,458,51,93,1,-1,-1,-1
171,19355,1058,508,68,87,1,-1,-1,-1
171,19356,870,623,38,100,1,-1,-1,-1
171,19357,873,627,45,113,1,-1,-1,-1
171,19358,457,400,49,92,1,-1,-1,-1
171,19359,1878,212,33,78,1,-1,-1,-1
172,19340,1348,741,57,96,1,-1,-1,-1
172,19341,1274,795,48,140,1,-1,-1,-1
172,19342,1409,520,47,106,1,-1,-1,-1
172,19343,1386,534,58,99,1,-1,-1,-1
172,19344,1384,395,49,78,1,-1,-1,-1
172,19345,1221,432,45,71,1,-1,-1,-1
172,19346,1319,407,68,81,1,-1,-1,-1
172,19347,1253,442,48,85,1,-1,-1,-1
172,19348,1190,461,52,104,1,-1,-1,-1
172,19349,1023,499,35,73,1,-1,-1,-1
172,19350,1005,522,63,90,1,-1,-1,-1
172,19351,1014,590,39,108,1,-1,-1,-1
172,19352,991,593,38,122,1,-1,-1,-1
172,19353,960,597,34,120,1,-1,-1,-1
172,19354,1213,458,51,93,1,-1,-1,-1
172,19355,1053,508,70,89,1,-1,-1,-1
172,19356,863,624,39,99,1,-1,-1,-1
172,19357,870,629,46,114,1,-1,-1,-1
172,19358,455,402,49,92,1,-1,-1,-1
172,19359,1880,212,33,77,1,-1,-1,-1
173,19340,1350,740,62,100,1,-1,-1,-1
173,19341,1278,798,48,139,1,-1,-1,-1
173,19342,1413,521,47,107,1,-1,-1,-1
173,19343,1387,535,57,100,1,-1,-1,-1
173,19344,1383,394,50,79,1,-1,-1,-1
173,19345,1218,433,47,75,1,-1,-1,-1
173,19346,1316,407,69,82,1,-1,-1,-1
173,19347,1252,443,50,84,1,-1,-1,-1
173,19348,1191,461,52,106,1,-1,-1,-1
173,19349,1018,498,36,74,1,-1,-1,-1
173,19350,1000,523,60,86,1,-1,-1,-1
173,19351,1018,586,39,110,1,-1,-1,-1
173,19352,992,592,40,125,1,-1,-1,-1
173,19353,962,594,35,123,1,-1,-1,-1
173,19354,1209,458,51,94,1,-1,-1,-1
173,19355,1047,509,72,91,1,-1,-1,-1
173,19356,855,625,40,98,1,-1,-1,-1
173,19357,866,631,47,116,1,-1,-1,-1
173,19358,453,405,50,91,1,-1,-1,-1
173,19359,1883,212,32,76,1,-1,-1,-1
174,19340,1353,738,67,104,1,-1,-1,-1
174,19341,1282,800,49,139,1,-1,-1,-1
174,19342,1417,522,47,107,1,-1,-1,-1
174,19343,1387,536,58,101,1,-1,-1,-1
174,19344,1382,394,52,79,1,-1,-1,-1
174,19345,1216,434,49,78,1,-1,-1,-1
174,19346,1313,407,70,83,1,-1,-1,-1
174,19347,1251,443,51,85,1,-1,-1,-1
174,19348,1190,461,53,107,1,-1,-1,-1
174,19349,1013,498,36,73,1,-1,-1,-1
174,19350,994,524,57,82,1,-1,-1,-1
174,19351,1022,582,40,111,1,-1,-1,-1
174,19352,994,592,41,127,1,-1,-1,-1
174,19353,964,591,37,125,1,-1,-1,-1
174,19354,1205,458,52,94,1,-1,-1,-1
174,19355,1040,510,74,91,1,-1,-1,-1
174,19356,848,626,40,97,1,-1,-1,-1
174,19357,863,634,47,118,1,-1,-1,-1
174,19358,451,408,49,90,1,-1,-1,-1
174,19359,1887,212,30,75,1,-1,-1,-1
175,19340,1355,737,72,108,1,-1,-1,-1
175,19341,1285,803,50,139,1,-1,-1,-1
175,19342,1420,523,48,108,1,-1,-1,-1
175,19343,1387,537,59,102,1,-1,-1,-1
175,19344,1382,394,53,78,1,-1,-1,-1
175,19345,1213,436,51,82,1,-1,-1,-1
175,19346,1311,407,70,83,1,-1,-1,-1
175,19347,1249,443,53,86,1,-1,-1,-1
175,19348,1191,462,53,108,1,-1,-1,-1
175,19349,1008,498,36,72,1,-1,-1,-1
175,19350,988,525,54,78,1,-1,-1,-1
175,19351,1026,579,40,113,1,-1,-1,-1
175,19352,996,591,42,130,1,-1,-1,-1
175,19353,967,588,37,128,1,-1,-1,-1
175,19354,1202,459,51,93,1,-1,-1,-1
175,19355,1035,510,74,93,1,-1,-1,-1
175,19356,840,626,40,96,1,-1,-1,-1
175,19357,860,637,47,119,1,-1,-1,-1
175,19358,449,410,49,90,1,-1,-1,-1
175,19359,1890,212,30,74,1,-1,-1,-1
176,19340,1357,735,77,113,1,-1,-1,-1
176,19341,1290,805,50,138,1,-1,-1,-1
176,19342,1424,524,49,109,1,-1,-1,-1
176,19343,1387,538,59,103,1,-1,-1,-1
176,19344,1381,394,54,78,1,-1,-1,-1
176,19345,1210,437,53,86,1,-1,-1,-1
176,19346,1308,407,71,84,1,-1,-1,-1
176,19347,1248,443,54,87,1,-1,-1,-1
176,19348,1191,462,53,109,1,-1,-1,-1
176,19349,1003,498,35,71,1,-1,-1,-1
176,19350,982,526,51,74,1,-1,-1,-1
176,19351,1030,575,41,115,1,-1,-1,-1
176,19352,997,591,44,133,1,-1,-1,-1
176,19353,970,585,38,130,1,-1,-1,-1
176,19354,1198,459,52,93,1,-1,-1,-1
176,19355,1028,511,77,94,1,-1,-1,-1
176,19356,832,627,40,95,1,-1,-1,-1
176,19357,858,640,46,120,1,-1,-1,-1
176,19358,447,413,49,90,1,-1,-1,-1
176,19359,1893,212,29,73,1,-1,-1,-1
177,19340,1358,736,80,116,1,-1,-1,-1
177,19341,1298,808,51,139,1,-1,-1,-1
177,19342,1430,526,49,110,1,-1,-1,-1
177,19343,1391,539,59,103,1,-1,-1,-1
177,19344,1382,393,56,81,1,-1,-1,-1
177,19345,1209,438,53,86,1,-1,-1,-1
177,19346,1308,407,72,86,1,-1,-1,-1
177,19347,1249,444,55,87,1,-1,-1,-1
177,19348,1196,463,53,111,1,-1,-1,-1
177,19349,1000,498,36,72,1,-1,-1,-1
177,19350,978,527,53,76,1,-1,-1,-1
177,19351,1037,575,41,116,1,-1,-1,-1
177,19352,1002,590,45,134,1,-1,-1,-1
177,19353,975,586,39,132,1,-1,-1,-1
177,19354,1197,459,52,95,1,-1,-1,-1
177,19355,1024,511,77,95,1,-1,-1,-1
177,19356,830,628,41,96,1,-1,-1,-1
177,19357,856,643,47,121,1,-1,-1,-1
177,19358,448,416,48,88,1,-1,-1,-1
177,19359,1895,212,27,72,1,-1,-1,-1
178,19340,1360,739,83,118,1,-1,-1,-1
178,19341,1307,811,52,141,1,-1,-1,-1
178,19342,1436,528,50,111,1,-1,-1,-1
178,19343,1398,540,58,104,1,-1,-1,-1
178,19344,1383,393,59,83,1,-1,-1,-1
178,19345,1209,439,52,84,1,-1,-1,-1
178,19346,1308,406,73,89,1,-1,-1,-1
178,19347,1251,444,55,88,1,-1,-1,-1
178,19348,1201,465,53,112,1,-1,-1,-1
178,19349,998,499,37,74,1,-1,-1,-1
178,19350,974,527,57,82,1,-1,-1,-1
178,19351,1044,577,41,118,1,-1,-1,-1
178,19352,1008,589,45,134,1,-1,-1,-1
178,19353,981,588,40,134,1,-1,-1,-1
178,19354,1196,459,52,96,1,-1,-1,-1
178,19355,1021,511,78,98,1,-1,-1,-1
178,19356,829,630,43,98,1,-1,-1,-1
178,19357,856,646,48,122,1,-1,-1,-1
178,19358,450,419,49,86,1,-1,-1,-1
178,19359,1896,212,26,72,1,-1,-1,-1
179,19340,1362,741,84,120,1,-1,-1,-1
179,19341,1317,814,53,143,1,-1,-1,-1
179,19342,1444,530,50,111,1,-1,-1,-1
179,19343,1405,541,58,105,1,-1,-1,-1
179,19344,1384,392,62,85,1,-1,-1,-1
179,19345,1210,440,51,82,1,-1,-1,-1
179,19346,1309,406,74,90,1,-1,-1,-1
179,19347,1253,444,56,89,1,-1,-1,-1
179,19348,1209,468,52,112,1,-1,-1,-1
179,19349,997,500,38,76,1,-1,-1,-1
179,19350,970,527,61,88,1,-1,-1,-1
179,19351,1052,579,41,120,1,-1,-1,-1
179,19352,1014,588,46,134,1,-1,-1,-1
179,19353,987,591,42,137,1,-1,-1,-1
179,19354,1195,460,54,97,1,-1,-1,-1
179,19355,1017,512,78,99,1,-1,-1,-1
179,19356,830,632,43,101,1,-1,-1,-1
179,19357,856,648,48,124,1,-1,-1,-1
179,19358,453,422,48,84,1,-1,-1,-1
179,19359,1896,212,26,72,1,-1,-1,-1
180,19340,1364,744,85,121,1,-1,-1,-1
180,19341,1327,816,54,145,1,-1,-1,-1
180,19342,1452,532,50,112,1,-1,-1,-1
180,19343,1412,542,57,106,1,-1,-1,-1
180,19344,1386,392,63,87,1,-1,-1,-1
180,19345,1210,442,50,79,1,-1,-1,-1
180,19346,1310,405,75,93,1,-1,-1,-1
180,19347,1255,445,57,89,1,-1,-1,-1
180,19348,1216,470,52,112,1,-1,-1,-1
180,19349,996,501,38,77,1,-1,-1,-1
180,19350,966,527,65,94,1,-1,-1,-1
180,19351,1059,581,41,121,1,-1,-1,-1
180,19352,1021,588,45,134,1,-1,-1,-1
180,19353,994,595,42,138,1,-1,-1,-1
180,19354,1195,461,54,97,1,-1,-1,-1
180,19355,1014,512,78,101,1,-1,-1,-1
180,19356,831,634,45,104,1,-1,-1,-1
180,19357,857,651,48,125,1,-1,-1,-1
180,19358,457,424,47,84,1,-1,-1,-1
180,19359,1896,212,26,72,1,-1,-1,-1
181,19340,1367,747,85,123,1,-1,-1,-1
181,19341,1337,819,55,147,1,-1,-1,-1
181,19342,1459,534,51,113,1,-1,-1,-1
181,19343,1420,544,55,107,1,-1,-1,-1
181,19344,1388,391,65,89,1,-1,-1,-1
181,19345,1211,443,48,76,1,-1,-1,-1
181,19346,1311,404,74,96,1,-1,-1,-1
181,19347,1257,445,58,90,1,-1,-1,-1
181,19348,1223,472,51,113,1,-1,-1,-1
181,19349,994,503,40,79,1,-1,-1,-1
181,19350,963,527,69,101,1,-1,-1,-1
181,19351,1067,584,41,123,1,-1,-1,-1
181,19352,1027,587,46,134,1,-1,-1,-1
181,19353,1001,598,43,140,1,-1,-1,-1
181,19354,1194,461,55,99,1,-1,-1,-1
181,19355,1011,512,78,103,1,-1,-1,-1
181,19356,832,636,45,108,1,-1,-1,-1
181,19357,857,654,49,126,1,-1,-1,-1
181,19358,460,427,47,82,1,-1,-1,-1
181,19359,1896,212,25,72,1,-1,-1,-1
182,19340,1369,750,86,125,1,-1,-1,-1
182,19341,1347,822,56,149,1,-1,-1,-1
182,19342,1467,536,50,114,1,-1,-1,-1
182,19343,1427,545,55,109,1,-1,-1,-1
182,19344,1390,390,67,92,1,-1,-1,-1
182,19345,1211,444,47,73,1,-1,-1,-1
182,19346,1313,404,74,97,1,-1,-1,-1
182,19347,1260,446,58,90,1,-1,-1,-1
182,19348,1231,475,50,113,1,-1,-1,-1
182,19349,993,504,40,81,1,-1,-1,-1
182,19350,959,527,73,108,1,-1,-1,-1
182,19351,1075,586,40,125,1,-1,-1,-1
182,19352,1035,586,46,134,1,-1,-1,-1
182,19353,1008,602,44,142,1,-1,-1,-1
182,19354,1194,462,56,99,1,-1,-1,-1
182,19355,1008,512,78,105,1,-1,-1,-1
182,19356,833,638,46,111,1,-1,-1,-1
182,19357,857,656,50,127,1,-1,-1,-1
182,19358,463,430,48,80,1,-1,-1,-1
182,19359,1897,212,24,72,1,-1,-1,-1
183,19340,1386,753,87,129,1,-1,-1,-1
183,19341,1365,824,57,151,1,-1,-1,-1
183,19342,1484,540,51,116,1,-1,-1,-1
183,19343,1442,546,56,113,1,-1,-1,-1
183,19344,1397,392,68,93,1,-1,-1,-1
183,19345,1213,443,53,84,1,-1,-1,-1
183,19346,1319,403,73,99,1,-1,-1,-1
183,19347,1263,446,58,92,1,-1,-1,-1
183,19348,1243,478,50,115,1,-1,-1,-1
183,19349,989,502,49,99,1,-1,-1,-1
183,19350,958,528,74,110,1,-1,-1,-1
183,19351,1089,594,41,126,1,-1,-1,-1
183,19352,1033,605,48,140,1,-1,-1,-1
183,19354,1195,462,58,100,1,-1,-1,-1
183,19355,1006,515,75,105,1,-1,-1,-1
183,19356,835,639,46,112,1,-1,-1,-1
183,19357,861,660,51,129,1,-1,-1,-1
183,19358,471,430,49,82,1,-1,-1,-1
184,19340,1402,758,86,131,1,-1,-1,-1
184,19341,1381,828,58,152,1,-1,-1,-1
184,19342,1499,543,50,117,1,-1,-1,-1
184,19343,1455,549,56,115,1,-1,-1,-1
184,19344,1404,393,69,95,1,-1,-1,-1
184,19345,1216,442,56,88,1,-1,-1,-1
184,19346,1324,404,72,100,1,-1,-1,-1
184,19347,1265,447,59,93,1,-1,-1,-1
184,19348,1255,481,49,116,1,-1,-1,-1
184,19349,987,502,52,107,1,-1,-1,-1
184,19350,958,530,74,110,1,-1,-1,-1
184,19351,1102,603,40,124,1,-1,-1,-1
184,19352,1039,616,48,141,1,-1,-1,-1
184,19354,1196,462,60,101,1,-1,-1,-1
184,19355,1006,517,75,107,1,-1,-1,-1
184,19356,836,640,47,114,1,-1,-1,-1
184,19357,866,664,52,130,1,-1,-1,-1
184,19358,476,430,52,84,1,-1,-1,-1
184,19360,1073,596,35,133,1,-1,-1,-1
185,19340,1418,762,84,133,1,-1,-1,-1
185,19341,1395,832,59,152,1,-1,-1,-1
185,19342,1512,546,50,118,1,-1,-1,-1
185,19343,1467,551,56,117,1,-1,-1,-1
185,19344,1413,396,68,95,1,-1,-1,-1
185,19345,1221,442,57,89,1,-1,-1,-1
185,19346,1329,405,71,100,1,-1,-1,-1
185,19347,1268,447,60,96,1,-1,-1,-1
185,19348,1265,482,49,117,1,-1,-1,-1
185,19349,987,502,53,112,1,-1,-1,-1
185,19350,958,532,72,110,1,-1,-1,-1
185,19351,1113,610,40,124,1,-1,-1,-1
185,19352,1049,622,48,141,1,-1,-1,-1
185,19354,1196,462,62,103,1,-1,-1,-1
185,19355,1007,520,74,107,1,-1,-1,-1
185,19356,838,641,47,115,1,-1,-1,-1
185,19357,870,668,53,130,1,-1,-1,-1
185,19358,481,429,54,86,1,-1,-1,-1
185,19360,1084,602,34,132,1,-1,-1,-1
186,19340,1434,766,82,134,1,-1,-1,-1
186,19341,1409,836,60,154,1,-1,-1,-1
186,19342,1524,549,50,119,1,-1,-1,-1
186,19343,1478,554,56,119,1,-1,-1,-1
186,19344,1421,398,67,96,1,-1,-1,-1
186,19345,1225,441,58,91,1,-1,-1,-1
186,19346,1334,406,71,100,1,-1,-1,-1
186,19347,1271,446,61,101,1,-1,-1,-1
186,19348,1276,484,48,119,1,-1,-1,-1
186,19349,987,502,53,115,1,-1,-1,-1
186,19350,958,535,71,110,1,-1,-1,-1
186,19351,1125,618,39,123,1,-1,-1,-1
186,19352,1060,628,48,140,1,-1,-1,-1
186,19354,1197,462,64,105,1,-1,-1,-1
186,19355,1007,522,75,108,1,-1,-1,-1
186,19356,840,643,47,115,1,-1,-1,-1
186,19357,873,671,54,131,1,-1,-1,-1
186,19358,485,428,57,89,1,-1,-1,-1
186,19360,1096,608,35,132,1,-1,-1,-1
187,19340,1451,771,79,135,1,-1,-1,-1
187,19341,1423,840,61,155,1,-1,-1,-1
187,19342,1537,551,49,120,1,-1,-1,-1
187,19343,1489,557,56,118,1,-1,-1,-1
187,19344,1430,401,65,95,1,-1,-1,-1
187,19345,1229,440,59,92,1,-1,-1,-1
187,19346,1339,407,70,101,1,-1,-1,-1
187,19347,1274,446,62,104,1,-1,-1,-1
187,19348,1287,486,47,120,1,-1,-1,-1
187,19349,987,503,53,117,1,-1,-1,-1
187,19350,958,537,69,111,1,-1,-1,-1
187,19351,1136,625,39,122,1,-1,-1,-1
187,19352,1070,633,49,139,1,-1,-1,-1
187,19354,1197,463,66,106,1,-1,-1,-1
187,19355,1006,524,77,108,1,-1,-1,-1
187,19356,841,644,47,116,1,-1,-1,-1
187,19357,877,675,55,131,1,-1,-1,-1
187,19358,490,427,59,92,1,-1,-1,-1
187,19360,1109,615,34,130,1,-1,-1,-1
188,19340,1471,777,76,136,1,-1,-1,-1
188,19341,1441,844,63,156,1,-1,-1,-1
188,19342,1553,555,48,120,1,-1,-1,-1
188,19343,1503,560,56,120,1,-1,-1,-1
188,19344,1440,403,63,96,1,-1,-1,-1
188,19345,1234,439,61,93,1,-1,-1,-1
188,19346,1344,408,70,101,1,-1,-1,-1
188,19347,1278,445,63,108,1,-1,-1,-1
188,19348,1299,488,47,122,1,-1,-1,-1
188,19349,987,503,53,120,1,-1,-1,-1
188,19350,958,540,66,111,1,-1,-1,-1
188,19351,1150,634,39,121,1,-1,-1,-1
188,19352,1084,639,49,138,1,-1,-1,-1
188,19354,1197,463,70,108,1,-1,-1,-1
188,19355,1006,527,79,110,1,-1,-1,-1
188,19356,843,646,48,117,1,-1,-1,-1
188,19357,881,680,57,132,1,-1,-1,-1
188,19358,495,425,63,96,1,-1,-1,-1
188,19360,1124,623,33,129,1,-1,-1,-1
189,19340,1484,779,75,140,1,-1,-1,-1
189,19341,1459,848,60,152,1,-1,-1,-1
189,19342,1563,557,47,120,1,-1,-1,-1
189,19343,1514,563,54,118,1,-1,-1,-1
189,19344,1447,404,61,97,1,-1,-1,-1
189,19345,1236,440,62,94,1,-1,-1,-1
189,19346,1348,409,70,101,1,-1,-1,-1
189,19347,1283,445,63,110,1,-1,-1,-1
189,19348,1308,490,46,123,1,-1,-1,-1
189,19349,989,504,51,116,1,-1,-1,-1
189,19350,959,542,64,111,1,-1,-1,-1
189,19351,1160,638,39,121,1,-1,-1,-1
189,19352,1094,643,49,137,1,-1,-1,-1
189,19354,1197,463,72,110,1,-1,-1,-1
189,19355,1006,529,81,110,1,-1,-1,-1
189,19356,844,648,48,117,1,-1,-1,-1
189,19357,885,682,59,133,1,-1,-1,-1
189,19358,497,423,64,99,1,-1,-1,-1
189,19360,1134,626,33,127,1,-1,-1,-1
190,19340,1498,782,75,145,1,-1,-1,-1
190,19341,1476,852,60,152,1,-1,-1,-1
190,19342,1576,559,47,121,1,-1,-1,-1
190,19343,1527,565,53,119,1,-1,-1,-1
190,19344,1457,406,60,97,1,-1,-1,-1
190,19345,1238,442,63,95,1,-1,-1,-1
190,19346,1354,409,70,103,1,-1,-1,-1
190,19347,1292,446,62,111,1,-1,-1,-1
190,19348,1317,491,46,124,1,-1,-1,-1
190,19349,992,508,49,114,1,-1,-1,-1
190,19350,961,545,61,110,1,-1,-1,-1
190,19351,1170,641,41,122,1,-1,-1,-1
190,19352,1107,647,50,137,1,-1,-1,-1
190,19354,1199,464,73,111,1,-1,-1,-1
190,19355,1008,531,82,111,1,-1,-1,-1
190,19356,845,648,50,119,1,-1,-1,-1
190,19357,891,684,60,134,1,-1,-1,-1
190,19358,497,422,66,101,1,-1,-1,-1
190,19360,1146,629,31,122,1,-1,-1,-1
191,19340,1512,784,75,151,1,-1,-1,-1
191,19341,1492,856,60,153,1,-1,-1,-1
191,19342,1591,562,46,120,1,-1,-1,-1
191,19343,1542,567,53,119,1,-1,-1,-1
191,19344,1467,408,59,97,1,-1,-1,-1
191,19345,1240,444,64,96,1,-1,-1,-1
191,19346,1359,410,70,105,1,-1,-1,-1
191,19347,1302,448,61,112,1,-1,-1,-1
191,19348,1326,493,46,125,1,-1,-1,-1
191,19349,995,512,49,113,1,-1,-1,-1
191,19350,962,547,60,110,1,-1,-1,-1
191,19351,1183,643,41,122,1,-1,-1,-1
191,19352,1120,650,51,139,1,-1,-1,-1
191,19354,1201,465,73,111,1,-1,-1,-1
191,19355,1011,533,81,111,1,-1,-1,-1
191,19356,846,649,51,120,1,-1,-1,-1
191,19357,898,686,61,136,1,-1,-1,-1
191,19358,497,420,67,104,1,-1,-1,-1
191,19360,1159,630,30,117,1,-1,-1,-1
192,19340,1526,787,75,157,1,-1,-1,-1
192,19341,1508,860,61,154,1,-1,-1,-1
192,19342,1606,564,46,121,1,-1,-1,-1
192,19343,1556,570,53,120,1,-1,-1,-1
192,19344,1477,410,59,98,1,-1,-1,-1
192,19345,1242,447,64,97,1,-1,-1,-1
192,19346,1366,410,70,107,1,-1,-1,-1
192,19347,1312,449,60,113,1,-1,-1,-1
192,19348,1335,495,46,125,1,-1,-1,-1
192,19349,998,516,48,111,1,-1,-1,-1
192,19350,964,550,59,109,1,-1,-1,-1
192,19351,1195,644,43,124,1,-1,-1,-1
192,19352,1134,654,52,139,1,-1,-1,-1
192,19354,1204,465,72,114,1,-1,-1,-1
192,19355,1014,534,80,112,1,-1,-1,-1
192,19356,847,650,53,122,1,-1,-1,-1
192,19357,905,688,62,137,1,-1,-1,-1
192,19358,496,418,68,107,1,-1,-1,-1
192,19360,1173,632,29,112,1,-1,-1,-1
193,19340,1540,789,76,163,1,-1,-1,-1
193,19341,1524,864,63,155,1,-1,-1,-1
193,19342,1621,566,46,122,1,-1,-1,-1
193,19343,1571,572,52,121,1,-1,-1,-1
193,19344,1487,412,59,99,1,-1,-1,-1
193,19345,1243,450,66,98,1,-1,-1,-1
193,19346,1372,410,70,109,1,-1,-1,-1
193,19347,1323,450,60,114,1,-1,-1,-1
193,19348,1343,496,48,126,1,-1,-1,-1
193,19349,1001,521,47,109,1,-1,-1,-1
193,19350,965,552,58,109,1,-1,-1,-1
193,19351,1207,645,45,126,1,-1,-1,-1
193,19352,1147,658,53,140,1,-1,-1,-1
193,19354,1206,466,72,115,1,-1,-1,-1
193,19355,1018,536,79,112,1,-1,-1,-1
193,19356,848,650,55,124,1,-1,-1,-1
193,19357,913,690,62,138,1,-1,-1,-1
193,19358,497,415,68,110,1,-1,-1,-1
193,19360,1186,633,28,107,1,-1,-1,-1
194,19340,1559,792,78,172,1,-1,-1,-1
194,19341,1546,869,66,158,1,-1,-1,-1
194,19342,1643,569,46,123,1,-1,-1,-1
194,19343,1592,576,52,122,1,-1,-1,-1
194,19344,1501,415,59,100,1,-1,-1,-1
194,19345,1245,454,67,100,1,-1,-1,-1
194,19346,1381,410,70,112,1,-1,-1,-1
194,19347,1338,452,61,116,1,-1,-1,-1
194,19348,1356,499,49,128,1,-1,-1,-1
194,19349,1005,527,47,107,1,-1,-1,-1
194,19350,966,556,59,107,1,-1,-1,-1
194,19351,1226,647,46,128,1,-1,-1,-1
194,19352,1168,664,54,141,1,-1,-1,-1
194,19354,1211,468,70,117,1,-1,-1,-1
194,19355,1023,540,76,112,1,-1,-1,-1
194,19356,850,651,56,126,1,-1,-1,-1
194,19357,923,692,63,141,1,-1,-1,-1
194,19358,497,413,69,113,1,-1,-1,-1
194,19360,1207,636,26,100,1,-1,-1,-1
195,19340,1570,794,78,175,1,-1,-1,-1
195,19341,1557,872,68,158,1,-1,-1,-1
195,19342,1654,571,46,124,1,-1,-1,-1
195,19343,1603,578,52,123,1,-1,-1,-1
195,19344,1509,417,59,100,1,-1,-1,-1
195,19345,1246,455,67,102,1,-1,-1,-1
195,19346,1388,410,67,113,1,-1,-1,-1
195,19347,1346,452,60,117,1,-1,-1,-1
195,19348,1362,500,50,128,1,-1,-1,-1
195,19349,1007,529,48,107,1,-1,-1,-1
195,19350,966,557,59,108,1,-1,-1,-1
195,19351,1234,648,48,129,1,-1,-1,-1
195,19352,1178,667,55,141,1,-1,-1,-1
195,19354,1213,468,68,118,1,-1,-1,-1
195,19355,1026,541,74,113,1,-1,-1,-1
195,19356,850,652,59,127,1,-1,-1,-1
195,19357,928,694,63,141,1,-1,-1,-1
195,19358,498,412,68,115,1,-1,-1,-1
195,19360,1215,637,26,98,1,-1,-1,-1
196,19340,1586,798,77,174,1,-1,-1,-1
196,19341,1572,875,69,159,1,-1,-1,-1
196,19342,1667,573,47,125,1,-1,-1,-1
196,19343,1617,580,51,124,1,-1,-1,-1
196,19344,1520,418,59,101,1,-1,-1,-1
196,19345,1249,456,67,103,1,-1,-1,-1
196,19346,1396,410,66,114,1,-1,-1,-1
196,19347,1355,453,59,117,1,-1,-1,-1
196,19348,1371,501,51,129,1,-1,-1,-1
196,19349,1011,530,48,108,1,-1,-1,-1
196,19350,965,559,59,108,1,-1,-1,-1
196,19351,1246,650,49,130,1,-1,-1,-1
196,19352,1190,671,56,140,1,-1,-1,-1
196,19354,1215,470,66,118,1,-1,-1,-1
196,19355,1031,541,73,114,1,-1,-1,-1
196,19356,853,655,60,126,1,-1,-1,-1
196,19357,935,696,62,141,1,-1,-1,-1
196,19358,499,413,67,115,1,-1,-1,-1
196,19360,1223,640,28,102,1,-1,-1,-1
197,19340,1604,804,74,170,1,-1,-1,-1
197,19341,1588,877,70,160,1,-1,-1,-1
197,19342,1682,574,47,126,1,-1,-1,-1
197,19343,1632,582,50,125,1,-1,-1,-1
197,19344,1532,420,60,102,1,-1,-1,-1
197,19345,1252,456,67,104,1,-1,-1,-1
197,19346,1406,411,64,114,1,-1,-1,-1
197,19347,1365,454,58,116,1,-1,-1,-1
197,19348,1381,502,52,130,1,-1,-1,-1
197,19349,1016,530,48,110,1,-1,-1,-1
197,19350,962,562,60,108,1,-1,-1,-1
197,19351,1259,652,50,130,1,-1,-1,-1
197,19352,1203,676,57,138,1,-1,-1,-1
197,19354,1217,472,64,119,1,-1,-1,-1
197,19355,1037,542,71,115,1,-1,-1,-1
197,19356,857,658,60,126,1,-1,-1,-1
197,19357,942,698,62,143,1,-1,-1,-1
197,19358,502,414,66,116,1,-1,-1,-1
197,19360,1232,643,30,108,1,-1,-1,-1
198,19340,1622,810,72,165,1,-1,-1,-1
198,19341,1605,880,70,161,1,-1,-1,-1
198,19342,1696,576,49,127,1,-1,-1,-1
198,19343,1647,584,50,125,1,-1,-1,-1
198,19344,1544,422,60,103,1,-1,-1,-1
198,19345,1254,457,68,105,1,-1,-1,-1
198,19346,1416,413,63,113,1,-1,-1,-1
198,19347,1375,454,58,118,1,-1,-1,-1
198,19348,1391,502,52,132,1,-1,-1,-1
198,19349,1020,530,50,112,1,-1,-1,-1
198,19350,959,564,62,109,1,-1,-1,-1
198,19351,1273,655,50,131,1,-1,-1,-1
198,19352,1218,681,58,137,1,-1,-1,-1
198,19354,1218,474,64,119,1,-1,-1,-1
198,19355,1042,543,71,117,1,-1,-1,-1
198,19356,860,661,62,125,1,-1,-1,-1
198,19357,949,701,62,142,1,-1,-1,-1
198,19358,504,416,65,116,1,-1,-1,-1
198,19360,1239,645,34,116,1,-1,-1,-1
199,19340,1640,815,70,161,1,-1,-1,-1
199,19341,1622,882,69,161,1,-1,-1,-1
199,19342,1711,578,50,128,1,-1,-1,-1
199,19343,1662,586,50,126,1,-1,-1,-1
199,19344,1556,424,61,104,1,-1,-1,-1
199,19345,1257,457,69,107,1,-1,-1,-1
199,19346,1427,414,61,114,1,-1,-1,-1
199,19347,1385,455,58,117,1,-1,-1,-1
199,19348,1401,503,54,133,1,-1,-1,-1
199,19349,1025,530,51,114,1,-1,-1,-1
199,19350,956,566,63,110,1,-1,-1,-1
199,19351,1287,657,50,132,1,-1,-1,-1
199,19352,1232,686,59,135,1,-1,-1,-1
199,19354,1219,475,65,120,1,-1,-1,-1
199,19355,1048,544,70,119,1,-1,-1,-1
199,19356,865,665,62,124,1,-1,-1,-1
199,19357,957,703,61,143,1,-1,-1,-1
199,19358,508,418,63,116,1,-1,-1,-1
199,19360,1247,648,38,123,1,-1,-1,-1
200,19340,1669,825,67,153,1,-1,-1,-1
200,19341,1650,886,68,163,1,-1,-1,-1
200,19342,1735,580,52,131,1,-1,-1,-1
200,19343,1686,589,50,128,1,-1,-1,-1
200,19344,1576,428,61,105,1,-1,-1,-1
200,19345,1262,457,69,109,1,-1,-1,-1
200,19346,1444,416,60,113,1,-1,-1,-1
200,19347,1401,455,58,119,1,-1,-1,-1
200,19348,1418,504,55,134,1,-1,-1,-1
200,19349,1032,530,53,117,1,-1,-1,-1
200,19350,951,570,66,110,1,-1,-1,-1
200,19351,1310,661,50,133,1,-1,-1,-1
200,19352,1255,694,61,133,1,-1,-1,-1
200,19354,1220,478,67,122,1,-1,-1,-1
200,19355,1057,545,71,122,1,-1,-1,-1
200,19356,872,670,62,123,1,-1,-1,-1
200,19357,968,707,60,143,1,-1,-1,-1
200,19358,512,421,62,116,1,-1,-1,-1
200,19360,1260,653,43,134,1,-1,-1,-1
201,19340,1680,828,66,150,1,-1,-1,-1
201,19341,1661,887,67,164,1,-1,-1,-1
201,19342,1744,581,53,132,1,-1,-1,-1
201,19343,1696,591,49,129,1,-1,-1,-1
201,19344,1584,429,61,106,1,-1,-1,-1
201,19345,1264,457,69,110,1,-1,-1,-1
201,19346,1450,416,59,115,1,-1,-1,-1
201,19347,1407,456,57,118,1,-1,-1,-1
201,19348,1424,504,55,135,1,-1,-1,-1
201,19349,1035,530,53,118,1,-1,-1,-1
201,19350,949,572,67,111,1,-1,-1,-1
201,19351,1319,662,50,133,1,-1,-1,-1
201,19352,1264,697,62,133,1,-1,-1,-1
201,19354,1220,480,68,122,1,-1,-1,-1
201,19355,1060,545,71,123,1,-1,-1,-1
201,19356,874,673,63,121,1,-1,-1,-1
201,19357,973,708,60,144,1,-1,-1,-1
201,19358,514,422,61,116,1,-1,-1,-1
201,19360,1265,655,47,138,1,-1,-1,-1
201,19364,405,194,24,15,1,-1,-1,-1
202,19340,1692,831,66,148,1,-1,-1,-1
202,19341,1674,889,68,164,1,-1,-1,-1
202,19342,1754,582,53,132,1,-1,-1,-1
202,19343,1707,592,48,129,1,-1,-1,-1
202,19344,1593,431,61,106,1,-1,-1,-1
202,19345,1267,458,68,111,1,-1,-1,-1
202,19346,1458,417,58,114,1,-1,-1,-1
202,19347,1416,454,57,119,1,-1,-1,-1
202,19348,1431,505,55,136,1,-1,-1,-1
202,19349,1039,530,53,119,1,-1,-1,-1
202,19350,944,573,68,111,1,-1,-1,-1
202,19351,1329,663,50,134,1,-1,-1,-1
202,19352,1276,699,64,133,1,-1,-1,-1
202,19354,1220,479,69,123,1,-1,-1,-1
202,19355,1063,545,71,124,1,-1,-1,-1
202,19356,878,672,64,123,1,-1,-1,-1
202,19357,980,709,59,144,1,-1,-1,-1
202,19358,517,424,59,114,1,-1,-1,-1
202,19360,1276,656,49,141,1,-1,-1,-1
203,19340,1704,833,66,146,1,-1,-1,-1
203,19341,1688,890,68,165,1,-1,-1,-1
203,19342,1763,584,55,131,1,-1,-1,-1
203,19343,1718,593,49,130,1,-1,-1,-1
203,19344,1603,432,61,106,1,-1,-1,-1
203,19345,1271,459,67,110,1,-1,-1,-1
203,19346,1467,417,57,115,1,-1,-1,-1
203,19347,1424,453,57,119,1,-1,-1,-1
203,19348,1437,506,56,136,1,-1,-1,-1
203,19349,1044,530,53,119,1,-1,-1,-1
203,19350,938,575,70,112,1,-1,-1,-1
203,19351,1341,664,50,133,1,-1,-1,-1
203,19352,1290,700,66,134,1,-1,-1,-1
203,19354,1220,477,70,124,1,-1,-1,-1
203,19355,1067,546,70,125,1,-1,-1,-1
203,19356,882,671,66,125,1,-1,-1,-1
203,19357,986,710,60,145,1,-1,-1,-1
203,19358,520,426,57,113,1,-1,-1,-1
203,19360,1289,657,51,142,1,-1,-1,-1
204,19340,1716,835,66,144,1,-1,-1,-1
204,19341,1703,892,68,165,1,-1,-1,-1
204,19342,1773,585,56,131,1,-1,-1,-1
204,19343,1729,594,49,130,1,-1,-1,-1
204,19344,1614,434,61,106,1,-1,-1,-1
204,19345,1274,461,68,110,1,-1,-1,-1
204,19346,1476,418,57,116,1,-1,-1,-1
204,19347,1433,452,57,119,1,-1,-1,-1
204,19348,1443,507,56,137,1,-1,-1,-1
204,19349,1050,530,52,119,1,-1,-1,-1
204,19350,933,576,71,113,1,-1,-1,-1
204,19351,1353,665,50,133,1,-1,-1,-1
204,19352,1304,701,69,136,1,-1,-1,-1
204,19354,1220,476,71,125,1,-1,-1,-1
204,19355,1071,546,69,126,1,-1,-1,-1
204,19356,887,669,68,128,1,-1,-1,-1
204,19357,994,710,58,146,1,-1,-1,-1
204,19358,523,427,55,111,1,-1,-1,-1
204,19360,1304,658,51,144,1,-1,-1,-1
205,19340,1729,837,66,142,1,-1,-1,-1
205,19341,1717,893,70,166,1,-1,-1,-1
205,19342,1783,587,56,131,1,-1,-1,-1
205,19343,1740,595,51,130,1,-1,-1,-1
205,19344,1624,436,62,105,1,-1,-1,-1
205,19345,1277,463,67,110,1,-1,-1,-1
205,19346,1485,418,57,116,1,-1,-1,-1
205,19347,1442,451,58,120,1,-1,-1,-1
205,19348,1449,507,56,137,1,-1,-1,-1
205,19349,1055,530,52,119,1,-1,-1,-1
205,19350,927,577,72,114,1,-1,-1,-1
205,19351,1364,666,52,132,1,-1,-1,-1
205,19352,1318,702,71,137,1,-1,-1,-1
205,19354,1220,474,71,126,1,-1,-1,-1
205,19355,1074,547,68,127,1,-1,-1,-1
205,19356,892,667,68,130,1,-1,-1,-1
205,19357,1001,711,58,146,1,-1,-1,-1
205,19358,525,429,54,109,1,-1,-1,-1
205,19360,1318,658,53,146,1,-1,-1,-1
206,19340,1741,840,67,139,1,-1,-1,-1
206,19341,1731,895,71,167,1,-1,-1,-1
206,19342,1793,588,57,130,1,-1,-1,-1
206,19343,1751,596,52,130,1,-1,-1,-1
206,19344,1634,438,63,104,1,-1,-1,-1
206,19345,1281,464,66,110,1,-1,-1,-1
206,19346,1493,418,57,117,1,-1,-1,-1
206,19347,1451,450,58,121,1,-1,-1,-1
206,19348,1456,508,55,137,1,-1,-1,-1
206,19349,1061,530,51,119,1,-1,-1,-1
206,19350,922,578,73,115,1,-1,-1,-1
206,19351,1376,668,52,131,1,-1,-1,-1
206,19352,1333,702,73,139,1,-1,-1,-1
206,19354,1221,472,71,128,1,-1,-1,-1
206,19355,1078,547,67,128,1,-1,-1,-1
206,19356,897,665,69,133,1,-1,-1,-1
206,19357,1008,712,58,147,1,-1,-1,-1
206,19358,528,431,53,107,1,-1,-1,-1
206,19360,1334,659,53,148,1,-1,-1,-1
207,19340,1754,842,68,137,1,-1,-1,-1
207,19341,1747,897,73,168,1,-1,-1,-1
207,19342,1804,589,58,131,1,-1,-1,-1
207,19343,1764,597,53,130,1,-1,-1,-1
207,19344,1646,439,63,104,1,-1,-1,-1
207,19345,1284,466,67,110,1,-1,-1,-1
207,19346,1503,418,57,118,1,-1,-1,-1
207,19347,1461,449,59,121,1,-1,-1,-1
207,19348,1463,509,55,138,1,-1,-1,-1
207,19349,1067,531,50,119,1,-1,-1,-1
207,19350,916,579,73,116,1,-1,-1,-1
207,19351,1389,669,54,130,1,-1,-1,-1
207,19352,1350,703,75,141,1,-1,-1,-1
207,19354,1221,471,72,128,1,-1,-1,-1
207,19355,1081,547,67,130,1,-1,-1,-1
207,19356,902,663,70,135,1,-1,-1,-1
207,19357,1016,713,58,148,1,-1,-1,-1
207,19358,530,433,52,105,1,-1,-1,-1
207,19360,1351,659,53,150,1,-1,-1,-1
208,19340,1763,844,70,137,1,-1,-1,-1
208,19341,1758,897,74,168,1,-1,-1,-1
208,19342,1813,590,58,130,1,-1,-1,-1
208,19343,1772,598,54,131,1,-1,-1,-1
208,19344,1654,441,65,104,1,-1,-1,-1
208,19345,1287,468,66,108,1,-1,-1,-1
208,19346,1510,418,57,117,1,-1,-1,-1
208,19347,1470,448,57,119,1,-1,-1,-1
208,19348,1469,509,55,138,1,-1,-1,-1
208,19349,1070,531,49,119,1,-1,-1,-1
208,19350,913,581,73,116,1,-1,-1,-1
208,19351,1397,669,55,131,1,-1,-1,-1
208,19352,1362,704,77,142,1,-1,-1,-1
208,19354,1222,470,71,129,1,-1,-1,-1
208,19355,1085,548,66,130,1,-1,-1,-1
208,19356,907,663,70,136,1,-1,-1,-1
208,19357,1022,714,58,147,1,-1,-1,-1
208,19358,531,434,52,105,1,-1,-1,-1
208,19360,1361,661,53,150,1,-1,-1,-1
209,19340,1772,845,72,138,1,-1,-1,-1
209,19341,1769,897,75,169,1,-1,-1,-1
209,19342,1823,590,58,131,1,-1,-1,-1
209,19343,1780,598,55,131,1,-1,-1,-1
209,19344,1663,443,67,104,1,-1,-1,-1
209,19345,1290,470,65,107,1,-1,-1,-1
209,19346,1517,420,56,115,1,-1,-1,-1
209,19347,1479,447,56,114,1,-1,-1,-1
209,19348,1474,509,55,138,1,-1,-1,-1
209,19349,1072,531,49,120,1,-1,-1,-1
209,19350,910,582,72,117,1,-1,-1,-1
209,19351,1404,669,56,131,1,-1,-1,-1
209,19352,1375,706,78,143,1,-1,-1,-1
209,19354,1222,472,71,128,1,-1,-1,-1
209,19355,1091,549,65,131,1,-1,-1,-1
209,19356,912,663,70,137,1,-1,-1,-1
209,19357,1028,715,58,147,1,-1,-1,-1
209,19358,530,434,52,106,1,-1,-1,-1
209,19360,1369,663,53,149,1,-1,-1,-1
210,19340,1782,847,73,139,1,-1,-1,-1
210,19341,1780,896,75,169,1,-1,-1,-1
210,19342,1833,590,58,131,1,-1,-1,-1
210,19343,1789,598,55,131,1,-1,-1,-1
210,19344,1672,444,68,106,1,-1,-1,-1
210,19345,1292,472,65,106,1,-1,-1,-1
210,19346,1524,422,56,112,1,-1,-1,-1
210,19347,1489,446,53,108,1,-1,-1,-1
210,19348,1480,510,55,138,1,-1,-1,-1
210,19349,1074,532,49,120,1,-1,-1,-1
210,19350,907,584,72,117,1,-1,-1,-1
210,19351,1410,669,58,131,1,-1,-1,-1
210,19352,1387,708,79,143,1,-1,-1,-1
210,19354,1222,474,71,127,1,-1,-1,-1
210,19355,1097,550,63,131,1,-1,-1,-1
210,19356,917,664,69,135,1,-1,-1,-1
210,19357,1034,716,58,146,1,-1,-1,-1
210,19358,529,434,53,108,1,-1,-1,-1
210,19360,1376,664,53,149,1,-1,-1,-1
211,19340,1791,849,75,141,1,-1,-1,-1
211,19341,1791,895,74,170,1,-1,-1,-1
211,19342,1843,590,58,132,1,-1,-1,-1
211,19343,1797,598,56,131,1,-1,-1,-1
211,19344,1682,446,69,106,1,-1,-1,-1
211,19345,1294,474,64,105,1,-1,-1,-1
211,19346,1531,424,56,110,1,-1,-1,-1
211,19347,1500,444,50,102,1,-1,-1,-1
211,19348,1487,510,53,138,1,-1,-1,-1
211,19349,1075,533,50,120,1,-1,-1,-1
211,19350,906,586,70,116,1,-1,-1,-1
211,19351,1417,668,59,131,1,-1,-1,-1
211,19352,1401,710,79,144,1,-1,-1,-1
211,19354,1222,475,72,127,1,-1,-1,-1
211,19355,1103,551,61,131,1,-1,-1,-1
211,19356,921,664,70,136,1,-1,-1,-1
211,19357,1039,717,58,145,1,-1,-1,-1
211,19358,528,433,52,110,1,-1,-1,-1
211,19360,1382,666,55,148,1,-1,-1,-1
212,19340,1800,851,77,142,1,-1,-1,-1
212,19341,1803,894,73,171,1,-1,-1,-1
212,19342,1853,590,57,132,1,-1,-1,-1
212,19343,1804,598,57,132,1,-1,-1,-1
212,19344,1692,448,69,107,1,-1,-1,-1
212,19345,1297,476,62,103,1,-1,-1,-1
212,19346,1538,426,56,108,1,-1,-1,-1
212,19347,1509,443,48,96,1,-1,-1,-1
212,19348,1492,510,53,138,1,-1,-1,-1
212,19349,1076,534,50,119,1,-1,-1,-1
212,19350,904,588,70,116,1,-1,-1,-1
212,19351,1424,668,60,131,1,-1,-1,-1
212,19352,1414,712,80,144,1,-1,-1,-1
212,19354,1222,477,73,126,1,-1,-1,-1
212,19355,1109,552,59,131,1,-1,-1,-1
212,19356,926,665,70,135,1,-1,-1,-1
212,19357,1044,718,59,145,1,-1,-1,-1
212,19358,527,433,52,111,1,-1,-1,-1
212,19360,1389,668,55,147,1,-1,-1,-1
213,19340,1812,853,79,144,1,-1,-1,-1
213,19341,1818,894,72,170,1,-1,-1,-1
213,19342,1867,590,56,133,1,-1,-1,-1
213,19343,1815,599,58,132,1,-1,-1,-1
213,19344,1706,450,70,109,1,-1,-1,-1
213,19345,1300,480,61,100,1,-1,-1,-1
213,19346,1549,429,56,104,1,-1,-1,-1
213,19347,1522,442,45,87,1,-1,-1,-1
213,19348,1501,511,52,138,1,-1,-1,-1
213,19349,1076,536,52,118,1,-1,-1,-1
213,19350,902,591,68,115,1,-1,-1,-1
213,19351,1433,668,61,131,1,-1,-1,-1
213,19352,1432,714,80,144,1,-1,-1,-1
213,19354,1221,479,74,125,1,-1,-1,-1
213,19355,1117,554,57,131,1,-1,-1,-1
213,19356,932,665,70,135,1,-1,-1,-1
213,19357,1052,719,59,144,1,-1,-1,-1
213,19358,526,433,52,113,1,-1,-1,-1
213,19360,1398,672,57,145,1,-1,-1,-1
214,19340,1818,854,80,145,1,-1,-1,-1
214,19341,1826,893,70,171,1,-1,-1,-1
214,19342,1873,590,55,132,1,-1,-1,-1
214,19343,1823,599,57,132,1,-1,-1,-1
214,19344,1713,451,70,110,1,-1,-1,-1
214,19345,1302,481,61,101,1,-1,-1,-1
214,19346,1555,430,57,103,1,-1,-1,-1
214,19347,1529,441,44,87,1,-1,-1,-1
214,19348,1505,511,51,138,1,-1,-1,-1
214,19349,1078,537,53,118,1,-1,-1,-1
214,19350,901,592,67,116,1,-1,-1,-1
214,19351,1439,668,62,132,1,-1,-1,-1
214,19352,1442,715,80,145,1,-1,-1,-1
214,19354,1221,480,75,125,1,-1,-1,-1
214,19355,1121,555,56,130,1,-1,-1,-1
214,19356,936,666,70,133,1,-1,-1,-1
214,19357,1056,719,59,144,1,-1,-1,-1
214,19358,526,433,51,114,1,-1,-1,-1
214,19360,1402,674,59,144,1,-1,-1,-1
215,19340,1824,855,80,145,1,-1,-1,-1
215,19341,1834,893,67,170,1,-1,-1,-1
215,19342,1878,591,53,131,1,-1,-1,-1
215,19343,1830,600,58,131,1,-1,-1,-1
215,19344,1720,451,73,111,1,-1,-1,-1
215,19345,1305,481,62,103,1,-1,-1,-1
215,19346,1562,430,59,103,1,-1,-1,-1
215,19347,1535,441,46,91,1,-1,-1,-1
215,19348,1509,511,50,138,1,-1,-1,-1
215,19349,1082,537,53,119,1,-1,-1,-1
215,19350,897,593,68,118,1,-1,-1,-1
215,19351,1446,667,63,133,1,-1,-1,-1
215,19352,1452,716,81,146,1,-1,-1,-1
215,19354,1219,480,76,125,1,-1,-1,-1
215,19355,1124,556,54,129,1,-1,-1,-1
215,19356,942,666,70,132,1,-1,-1,-1
215,19357,1060,720,60,142,1,-1,-1,-1
215,19358,527,434,50,114,1,-1,-1,-1
215,19360,1408,676,61,142,1,-1,-1,-1
216,19340,1828,856,81,145,1,-1,-1,-1
216,19341,1840,894,66,169,1,-1,-1,-1
216,19342,1882,592,51,131,1,-1,-1,-1
216,19343,1839,600,57,131,1,-1,-1,-1
216,19344,1727,450,75,114,1,-1,-1,-1
216,19345,1309,481,63,105,1,-1,-1,-1
216,19346,1571,430,60,104,1,-1,-1,-1
216,19347,1541,440,49,97,1,-1,-1,-1
216,19348,1514,511,49,139,1,-1,-1,-1
216,19349,1086,538,54,119,1,-1,-1,-1
216,19350,894,595,68,120,1,-1,-1,-1
216,19351,1455,666,64,134,1,-1,-1,-1
216,19352,1463,718,81,147,1,-1,-1,-1
216,19354,1218,480,76,126,1,-1,-1,-1
216,19355,1127,557,53,128,1,-1,-1,-1
216,19356,949,666,69,131,1,-1,-1,-1
216,19357,1064,721,61,141,1,-1,-1,-1
216,19358,528,436,47,112,1,-1,-1,-1
216,19360,1414,678,63,142,1,-1,-1,-1
216,19378,0,253,22,15,1,-1,-1,-1
217,19340,1837,858,81,144,1,-1,-1,-1
217,19341,1846,894,65,169,1,-1,-1,-1
217,19342,1890,603,44,123,1,-1,-1,-1
217,19343,1855,602,56,129,1,-1,-1,-1
217,19344,1740,450,78,117,1,-1,-1,-1
217,19345,1314,481,65,109,1,-1,-1,-1
217,19346,1587,429,62,104,1,-1,-1,-1
217,19347,1551,440,53,108,1,-1,-1,-1
217,19348,1521,512,49,138,1,-1,-1,-1
217,19349,1093,538,55,122,1,-1,-1,-1
217,19350,889,596,70,126,1,-1,-1,-1
217,19351,1470,665,64,135,1,-1,-1,-1
217,19352,1481,720,81,149,1,-1,-1,-1
217,19354,1217,479,74,127,1,-1,-1,-1
217,19355,1131,559,52,127,1,-1,-1,-1
217,19356,959,665,69,130,1,-1,-1,-1
217,19357,1071,722,63,139,1,-1,-1,-1
217,19358,529,439,46,110,1,-1,-1,-1
217,19360,1425,682,65,140,1,-1,-1,-1
217,19378,0,253,22,15,1,-1,-1,-1
218,19340,1840,859,81,143,1,-1,-1,-1
218,19341,1852,894,64,169,1,-1,-1,-1
218,19343,1860,603,56,128,1,-1,-1,-1
218,19344,1745,449,79,119,1,-1,-1,-1
218,19345,1317,481,65,111,1,-1,-1,-1
218,19346,1592,429,63,104,1,-1,-1,-1
218,19347,1556,440,53,112,1,-1,-1,-1
218,19348,1524,513,49,138,1,-1,-1,-1
218,19349,1096,539,55,122,1,-1,-1,-1
218,19350,887,597,70,128,1,-1,-1,-1
218,19351,1476,665,63,135,1,-1,-1,-1
218,19352,1487,720,82,150,1,-1,-1,-1
218,19354,1217,479,73,127,1,-1,-1,-1
218,19355,1132,560,53,126,1,-1,-1,-1
218,19356,963,665,68,129,1,-1,-1,-1
218,19357,1073,722,64,139,1,-1,-1,-1
218,19358,529,439,45,110,1,-1,-1,-1
218,19360,1429,684,67,138,1,-1,-1,-1
219,19340,1853,869,73,132,1,-1,-1,-1
219,19341,1860,895,63,168,1,-1,-1,-1
219,19343,1868,606,54,126,1,-1,-1,-1
219,19344,1761,452,82,120,1,-1,-1,-1
219,19345,1325,483,65,113,1,-1,-1,-1
219,19346,1605,426,68,108,1,-1,-1,-1
219,19347,1570,440,49,103,1,-1,-1,-1
219,19348,1532,513,49,138,1,-1,-1,-1
219,19349,1105,539,55,122,1,-1,-1,-1
219,19350,885,602,67,127,1,-1,-1,-1
219,19351,1484,665,63,135,1,-1,-1,-1
219,19352,1498,722,82,151,1,-1,-1,-1
219,19354,1222,479,72,127,1,-1,-1,-1
219,19355,1142,560,52,126,1,-1,-1,-1
219,19356,976,664,68,131,1,-1,-1,-1
219,19357,1084,721,65,139,1,-1,-1,-1
219,19358,530,440,44,110,1,-1,-1,-1
219,19360,1436,685,70,138,1,-1,-1,-1
220,19340,1857,871,71,131,1,-1,-1,-1
220,19341,1863,895,63,170,1,-1,-1,-1
220,19343,1871,607,53,125,1,-1,-1,-1
220,19344,1770,454,83,121,1,-1,-1,-1
220,19345,1330,484,64,114,1,-1,-1,-1
220,19346,1612,425,69,110,1,-1,-1,-1
220,19347,1577,439,48,101,1,-1,-1,-1
220,19348,1535,513,50,138,1,-1,-1,-1
220,19349,1108,539,55,122,1,-1,-1,-1
220,19350,884,604,66,127,1,-1,-1,-1
220,19351,1493,665,63,135,1,-1,-1,-1
220,19352,1511,723,83,151,1,-1,-1,-1
220,19354,1226,479,69,127,1,-1,-1,-1
220,19355,1146,560,52,126,1,-1,-1,-1
220,19356,982,664,68,131,1,-1,-1,-1
220,19357,1089,720,67,139,1,-1,-1,-1
220,19358,531,441,44,110,1,-1,-1,-1
220,19360,1446,686,72,139,1,-1,-1,-1
221,19340,1859,872,69,130,1,-1,-1,-1
221,19341,1864,896,62,170,1,-1,-1,-1
221,19343,1871,608,53,124,1,-1,-1,-1
221,19344,1780,455,84,122,1,-1,-1,-1
221,19345,1334,487,64,113,1,-1,-1,-1
221,19346,1620,425,71,111,1,-1,-1,-1
221,19347,1583,437,48,102,1,-1,-1,-1
221,19348,1540,513,49,138,1,-1,-1,-1
221,19349,1111,539,55,123,1,-1,-1,-1
221,19350,882,606,64,127,1,-1,-1,-1
221,19351,1502,665,63,135,1,-1,-1,-1
221,19352,1524,725,84,152,1,-1,-1,-1
221,19354,1229,480,67,127,1,-1,-1,-1
221,19355,1150,560,51,126,1,-1,-1,-1
221,19356,989,664,68,132,1,-1,-1,-1
221,19357,1097,720,68,139,1,-1,-1,-1
221,19358,531,441,44,111,1,-1,-1,-1
221,19360,1456,687,74,139,1,-1,-1,-1
222,19340,1860,873,67,129,1,-1,-1,-1
222,19341,1864,896,62,170,1,-1,-1,-1
222,19343,1871,608,53,124,1,-1,-1,-1
222,19344,1790,457,85,121,1,-1,-1,-1
222,19345,1339,489,63,112,1,-1,-1,-1
222,19346,1628,425,71,112,1,-1,-1,-1
222,19347,1589,436,50,105,1,-1,-1,-1
222,19348,1543,514,50,137,1,-1,-1,-1
222,19349,1114,539,55,124,1,-1,-1,-1
222,19350,879,606,64,129,1,-1,-1,-1
222,19351,1511,665,63,134,1,-1,-1,-1
222,19352,1538,726,84,152,1,-1,-1,-1
222,19354,1232,480,66,129,1,-1,-1,-1
222,19355,1153,561,51,126,1,-1,-1,-1
222,19356,996,664,68,132,1,-1,-1,-1
222,19357,1104,720,69,139,1,-1,-1,-1
222,19358,531,442,44,112,1,-1,-1,-1
222,19360,1466,688,76,140,1,-1,-1,-1
223,19340,1860,873,67,129,1,-1,-1,-1
223,19341,1864,896,61,170,1,-1,-1,-1
223,19343,1871,608,52,124,1,-1,-1,-1
223,19344,1801,458,86,122,1,-1,-1,-1
223,19345,1344,492,62,111,1,-1,-1,-1
223,19346,1637,426,71,113,1,-1,-1,-1
223,19347,1595,434,51,108,1,-1,-1,-1
223,19348,1548,514,50,137,1,-1,-1,-1
223,19349,1117,540,55,123,1,-1,-1,-1
223,19350,877,607,63,131,1,-1,-1,-1
223,19351,1521,665,62,134,1,-1,-1,-1
223,19352,1551,727,86,153,1,-1,-1,-1
223,19354,1235,481,64,129,1,-1,-1,-1
223,19355,1156,561,51,125,1,-1,-1,-1
223,19356,1004,665,67,131,1,-1,-1,-1
223,19357,1113,720,69,139,1,-1,-1,-1
223,19358,531,442,45,113,1,-1,-1,-1
223,19360,1477,689,77,140,1,-1,-1,-1
224,19340,1860,873,66,129,1,-1,-1,-1
224,19341,1864,896,60,170,1,-1,-1,-1
224,19343,1871,608,52,124,1,-1,-1,-1
224,19344,1812,459,86,123,1,-1,-1,-1
224,19345,1349,494,60,110,1,-1,-1,-1
224,19346,1646,427,70,114,1,-1,-1,-1
224,19347,1600,433,54,110,1,-1,-1,-1
224,19348,1553,514,49,137,1,-1,-1,-1
224,19349,1120,540,55,125,1,-1,-1,-1
224,19350,874,608,62,132,1,-1,-1,-1
224,19351,1530,665,62,135,1,-1,-1,-1
224,19352,1565,728,87,154,1,-1,-1,-1
224,19354,1238,481,63,129,1,-1,-1,-1
224,19355,1159,561,50,126,1,-1,-1,-1
224,19356,1011,666,68,130,1,-1,-1,-1
224,19357,1121,720,70,139,1,-1,-1,-1
224,19358,532,442,44,114,1,-1,-1,-1
224,19360,1488,691,78,140,1,-1,-1,-1
225,19340,1860,872,65,130,1,-1,-1,-1
225,19341,1864,896,60,170,1,-1,-1,-1
225,19343,1870,608,52,124,1,-1,-1,-1
225,19344,1823,460,86,124,1,-1,-1,-1
225,19345,1354,497,60,109,1,-1,-1,-1
225,19346,1655,428,70,114,1,-1,-1,-1
225,19347,1606,431,56,114,1,-1,-1,-1
225,19348,1557,515,49,136,1,-1,-1,-1
225,19349,1123,541,55,125,1,-1,-1,-1
225,19350,871,609,62,134,1,-1,-1,-1
225,19351,1539,666,62,133,1,-1,-1,-1
225,19352,1578,730,88,154,1,-1,-1,-1
225,19354,1241,481,62,131,1,-1,-1,-1
225,19355,1162,562,51,125,1,-1,-1,-1
225,19356,1019,666,67,131,1,-1,-1,-1
225,19357,1129,720,71,139,1,-1,-1,-1
225,19358,532,443,45,115,1,-1,-1,-1
225,19360,1499,692,79,141,1,-1,-1,-1
226,19340,1860,872,64,130,1,-1,-1,-1
226,19341,1863,896,60,170,1,-1,-1,-1
226,19343,1870,608,52,124,1,-1,-1,-1
226,19344,1835,462,86,124,1,-1,-1,-1
226,19345,1358,499,60,108,1,-1,-1,-1
226,19346,1665,429,68,115,1,-1,-1,-1
226,19347,1611,429,60,117,1,-1,-1,-1
226,19348,1561,515,50,135,1,-1,-1,-1
226,19349,1125,541,56,126,1,-1,-1,-1
226,19350,868,610,61,135,1,-1,-1,-1
226,19351,1549,666,62,133,1,-1,-1,-1
226,19352,1591,731,90,155,1,-1,-1,-1
226,19354,1244,482,61,131,1,-1,-1,-1
226,19355,1165,562,51,125,1,-1,-1,-1
226,19356,1026,667,68,130,1,-1,-1,-1
226,19357,1138,720,71,140,1,-1,-1,-1
226,19358,532,443,46,116,1,-1,-1,-1
226,19360,1510,693,81,142,1,-1,-1,-1
227,19344,1839,462,86,124,1,-1,-1,-1
227,19345,1365,502,59,107,1,-1,-1,-1
227,19346,1676,430,68,115,1,-1,-1,-1
227,19347,1620,428,62,118,1,-1,-1,-1
227,19348,1567,515,50,135,1,-1,-1,-1
227,19349,1130,542,55,127,1,-1,-1,-1
227,19350,867,612,60,136,1,-1,-1,-1
227,19351,1558,666,62,133,1,-1,-1,-1
227,19352,1607,733,91,155,1,-1,-1,-1
227,19354,1247,482,60,132,1,-1,-1,-1
227,19355,1170,563,50,125,1,-1,-1,-1
227,19356,1035,668,67,129,1,-1,-1,-1
227,19357,1149,721,70,138,1,-1,-1,-1
227,19358,532,444,46,117,1,-1,-1,-1
227,19360,1522,694,81,143,1,-1,-1,-1
228,19344,1841,462,85,124,1,-1,-1,-1
228,19345,1373,505,59,107,1,-1,-1,-1
228,19346,1687,430,68,116,1,-1,-1,-1
228,19347,1630,427,64,120,1,-1,-1,-1
228,19348,1573,516,50,135,1,-1,-1,-1
228,19349,1134,543,55,127,1,-1,-1,-1
228,19350,867,614,59,137,1,-1,-1,-1
228,19351,1568,665,62,134,1,-1,-1,-1
228,19352,1624,735,90,156,1,-1,-1,-1
228,19354,1251,483,59,132,1,-1,-1,-1
228,19355,1175,565,50,123,1,-1,-1,-1
228,19356,1043,668,67,129,1,-1,-1,-1
228,19357,1159,721,70,138,1,-1,-1,-1
228,19358,532,445,47,118,1,-1,-1,-1
228,19360,1534,694,82,145,1,-1,-1,-1
229,19345,1381,508,59,107,1,-1,-1,-1
229,19346,1699,430,69,117,1,-1,-1,-1
229,19347,1641,427,65,120,1,-1,-1,-1
229,19348,1579,516,50,135,1,-1,-1,-1
229,19349,1138,544,55,127,1,-1,-1,-1
229,19350,866,617,59,137,1,-1,-1,-1
229,19351,1577,664,62,134,1,-1,-1,-1
229,19352,1641,737,91,156,1,-1,-1,-1
229,19354,1254,483,59,132,1,-1,-1,-1
229,19355,1180,567,51,122,1,-1,-1,-1
229,19356,1052,668,66,129,1,-1,-1,-1
229,19357,1170,722,70,135,1,-1,-1,-1
229,19358,532,447,47,119,1,-1,-1,-1
229,19360,1546,695,83,145,1,-1,-1,-1
230,19345,1389,511,59,107,1,-1,-1,-1
230,19346,1711,430,69,119,1,-1,-1,-1
230,19347,1651,426,66,121,1,-1,-1,-1
230,19348,1586,516,50,135,1,-1,-1,-1
230,19349,1142,545,55,127,1,-1,-1,-1
230,19350,866,620,58,137,1,-1,-1,-1
230,19351,1586,664,62,134,1,-1,-1,-1
230,19352,1658,738,91,157,1,-1,-1,-1
230,19354,1258,484,58,132,1,-1,-1,-1
230,19355,1186,568,50,122,1,-1,-1,-1
230,19356,1060,668,66,129,1,-1,-1,-1
230,19357,1181,722,69,134,1,-1,-1,-1
230,19358,532,448,47,120,1,-1,-1,-1
230,19360,1558,696,84,147,1,-1,-1,-1
231,19345,1397,514,60,107,1,-1,-1,-1
231,19346,1722,431,70,119,1,-1,-1,-1
231,19347,1662,426,67,122,1,-1,-1,-1
231,19348,1592,516,50,135,1,-1,-1,-1
231,19349,1147,547,55,126,1,-1,-1,-1
231,19350,866,623,57,137,1,-1,-1,-1
231,19351,1595,663,63,135,1,-1,-1,-1
231,19352,1675,740,91,158,1,-1,-1,-1
231,19354,1261,485,58,131,1,-1,-1,-1
231,19355,1192,570,50,121,1,-1,-1,-1
231,19356,1069,668,66,129,1,-1,-1,-1
231,19357,1192,723,69,132,1,-1,-1,-1
231,19358,532,449,47,121,1,-1,-1,-1
231,19360,1570,697,85,148,1,-1,-1,-1
232,19345,1407,518,60,107,1,-1,-1,-1
232,19346,1736,431,71,120,1,-1,-1,-1
232,19347,1676,425,68,124,1,-1,-1,-1
232,19348,1599,516,50,135,1,-1,-1,-1
232,19349,1152,548,54,126,1,-1,-1,-1
232,19350,865,627,57,137,1,-1,-1,-1
232,19351,1605,663,62,135,1,-1,-1,-1
232,19352,1696,743,90,158,1,-1,-1,-1
232,19354,1265,485,58,131,1,-1,-1,-1
232,19355,1198,572,50,120,1,-1,-1,-1
232,19356,1080,668,64,129,1,-1,-1,-1
232,19357,1206,723,69,131,1,-1,-1,-1
232,19358,532,451,48,123,1,-1,-1,-1
232,19360,1583,697,85,150,1,-1,-1,-1
233,19345,1414,520,61,107,1,-1,-1,-1
233,19346,1747,431,71,121,1,-1,-1,-1
233,19347,1686,425,68,123,1,-1,-1,-1
233,19348,1604,516,50,135,1,-1,-1,-1
233,19349,1156,549,55,126,1,-1,-1,-1
233,19350,865,629,56,137,1,-1,-1,-1
233,19351,1614,662,63,136,1,-1,-1,-1
233,19352,1711,745,90,158,1,-1,-1,-1
233,19354,1269,486,58,131,1,-1,-1,-1
233,19355,1204,573,50,119,1,-1,-1,-1
233,19356,1087,668,64,129,1,-1,-1,-1
233,19357,1215,723,70,130,1,-1,-1,-1
233,19358,533,452,47,122,1,-1,-1,-1
233,19360,1595,698,87,151,1,-1,-1,-1
234,19345,1422,522,61,106,1,-1,-1,-1
234,19346,1759,431,72,122,1,-1,-1,-1
234,19347,1698,426,67,122,1,-1,-1,-1
234,19348,1609,516,51,136,1,-1,-1,-1
234,19349,1162,550,54,126,1,-1,-1,-1
234,19350,865,633,55,136,1,-1,-1,-1
234,19351,1623,661,64,137,1,-1,-1,-1
234,19352,1728,747,89,159,1,-1,-1,-1
234,19354,1273,486,58,132,1,-1,-1,-1
234,19355,1211,572,49,120,1,-1,-1,-1
234,19356,1096,668,63,129,1,-1,-1,-1
234,19357,1224,721,72,132,1,-1,-1,-1
234,19358,533,452,47,122,1,-1,-1,-1
234,19360,1607,699,88,152,1,-1,-1,-1
235,19345,1431,525,61,104,1,-1,-1,-1
235,19346,1771,432,73,122,1,-1,-1,-1
235,19347,1710,426,67,121,1,-1,-1,-1
235,19348,1614,517,52,135,1,-1,-1,-1
235,19349,1168,550,54,127,1,-1,-1,-1
235,19350,864,636,55,135,1,-1,-1,-1
235,19351,1632,661,64,137,1,-1,-1,-1
235,19352,1746,749,88,159,1,-1,-1,-1
235,19354,1277,487,58,133,1,-1,-1,-1
235,19355,1218,572,49,121,1,-1,-1,-1
235,19356,1105,669,63,129,1,-1,-1,-1
235,19357,1235,720,74,132,1,-1,-1,-1
235,19358,533,453,47,121,1,-1,-1,-1
235,19360,1619,700,89,153,1,-1,-1,-1
236,19345,1440,527,60,104,1,-1,-1,-1
236,19346,1783,432,74,123,1,-1,-1,-1
236,19347,1722,426,66,120,1,-1,-1,-1
236,19348,1619,517,52,136,1,-1,-1,-1
236,19349,1174,551,53,127,1,-1,-1,-1
236,19350,864,640,53,134,1,-1,-1,-1
236,19351,1641,660,64,137,1,-1,-1,-1
236,19352,1764,751,87,159,1,-1,-1,-1
236,19354,1282,488,57,133,1,-1,-1,-1
236,19355,1225,572,49,121,1,-1,-1,-1
236,19356,1113,670,63,129,1,-1,-1,-1
236,19357,1244,718,77,134,1,-1,-1,-1
236,19358,533,453,47,122,1,-1,-1,-1
236,19360,1632,700,89,155,1,-1,-1,-1
237,19345,1449,530,60,102,1,-1,-1,-1
237,19346,1795,432,75,125,1,-1,-1,-1
237,19347,1735,427,65,119,1,-1,-1,-1
237,19348,1624,518,53,136,1,-1,-1,-1
237,19349,1180,551,53,127,1,-1,-1,-1
237,19350,863,643,53,132,1,-1,-1,-1
237,19351,1651,659,64,138,1,-1,-1,-1
237,19352,1781,754,87,158,1,-1,-1,-1
237,19354,1287,489,57,134,1,-1,-1,-1
237,19355,1232,571,48,121,1,-1,-1,-1
237,19356,1122,671,64,129,1,-1,-1,-1
237,19357,1255,716,78,136,1,-1,-1,-1
237,19358,532,454,48,120,1,-1,-1,-1
237,19360,1644,701,90,156,1,-1,-1,-1
238,19345,1462,533,59,101,1,-1,-1,-1
238,19346,1813,432,75,126,1,-1,-1,-1
238,19347,1752,427,65,117,1,-1,-1,-1
238,19348,1631,518,54,136,1,-1,-1,-1
238,19349,1189,551,52,127,1,-1,-1,-1
238,19350,862,648,52,130,1,-1,-1,-1
238,19351,1664,659,64,138,1,-1,-1,-1
238,19352,1806,757,86,158,1,-1,-1,-1
238,19354,1294,491,56,135,1,-1,-1,-1
238,19355,1242,571,48,121,1,-1,-1,-1
238,19356,1134,672,65,129,1,-1,-1,-1
238,19357,1269,714,81,138,1,-1,-1,-1
238,19358,532,455,49,119,1,-1,-1,-1
238,19360,1661,702,91,158,1,-1,-1,-1
239,19345,1469,535,59,100,1,-1,-1,-1
239,19346,1823,436,73,123,1,-1,-1,-1
239,19347,1761,427,64,117,1,-1,-1,-1
239,19348,1635,519,55,136,1,-1,-1,-1
239,19349,1194,551,51,128,1,-1,-1,-1
239,19350,862,650,51,130,1,-1,-1,-1
239,19351,1671,658,64,139,1,-1,-1,-1
239,19352,1817,762,84,154,1,-1,-1,-1
239,19354,1297,492,55,135,1,-1,-1,-1
239,19355,1248,570,47,122,1,-1,-1,-1
239,19356,1140,673,65,129,1,-1,-1,-1
239,19357,1276,713,83,139,1,-1,-1,-1
239,19358,531,455,49,119,1,-1,-1,-1
239,19360,1671,702,91,160,1,-1,-1,-1
240,19345,1477,537,60,100,1,-1,-1,-1
240,19346,1835,448,66,111,1,-1,-1,-1
240,19347,1771,427,64,116,1,-1,-1,-1
240,19348,1641,519,56,136,1,-1,-1,-1
240,19349,1199,552,50,128,1,-1,-1,-1
240,19350,862,652,50,131,1,-1,-1,-1
240,19351,1680,657,64,139,1,-1,-1,-1
240,19352,1829,774,77,141,1,-1,-1,-1
240,19354,1303,492,54,134,1,-1,-1,-1
240,19355,1255,569,47,123,1,-1,-1,-1
240,19356,1147,673,66,129,1,-1,-1,-1
240,19357,1287,712,85,139,1,-1,-1,-1
240,19358,529,455,49,119,1,-1,-1,-1
240,19360,1682,703,92,161,1,-1,-1,-1
241,19345,1486,540,61,101,1,-1,-1,-1
241,19346,1849,463,57,97,1,-1,-1,-1
241,19347,1780,426,65,116,1,-1,-1,-1
241,19348,1649,519,57,136,1,-1,-1,-1
241,19349,1203,552,50,129,1,-1,-1,-1
241,19350,861,653,51,134,1,-1,-1,-1
241,19351,1688,657,64,138,1,-1,-1,-1
241,19352,1841,790,67,124,1,-1,-1,-1
241,19354,1308,492,53,135,1,-1,-1,-1
241,19355,1261,568,48,125,1,-1,-1,-1
241,19356,1154,673,67,129,1,-1,-1,-1
241,19357,1299,712,85,139,1,-1,-1,-1
241,19358,526,456,50,119,1,-1,-1,-1
241,19360,1693,703,94,163,1,-1,-1,-1
242,19345,1496,543,61,101,1,-1,-1,-1
242,19346,1863,480,47,81,1,-1,-1,-1
242,19347,1790,425,65,116,1,-1,-1,-1
242,19348,1656,519,57,135,1,-1,-1,-1
242,19349,1209,553,49,129,1,-1,-1,-1
242,19350,861,655,51,136,1,-1,-1,-1
242,19351,1697,656,64,137,1,-1,-1,-1
242,19352,1853,807,57,105,1,-1,-1,-1
242,19354,1314,493,53,134,1,-1,-1,-1
242,19355,1268,568,49,125,1,-1,-1,-1
242,19356,1162,673,67,130,1,-1,-1,-1
242,19357,1312,711,86,139,1,-1,-1,-1
242,19358,525,457,50,118,1,-1,-1,-1
242,19360,1706,703,94,165,1,-1,-1,-1
243,19345,1505,546,62,102,1,-1,-1,-1
243,19346,1877,497,38,64,1,-1,-1,-1
243,19347,1800,424,66,116,1,-1,-1,-1
243,19348,1665,519,56,135,1,-1,-1,-1
243,19349,1213,554,49,130,1,-1,-1,-1
243,19350,860,657,51,138,1,-1,-1,-1
243,19351,1706,655,64,137,1,-1,-1,-1
243,19352,1864,823,48,87,1,-1,-1,-1
243,19354,1320,493,51,133,1,-1,-1,-1
243,19355,1275,567,49,127,1,-1,-1,-1
243,19356,1170,673,67,131,1,-1,-1,-1
243,19357,1324,710,87,139,1,-1,-1,-1
243,19358,522,458,51,117,1,-1,-1,-1
243,19360,1718,703,95,167,1,-1,-1,-1
244,19345,1519,551,62,103,1,-1,-1,-1
244,19346,1900,526,21,36,1,-1,-1,-1
244,19347,1815,423,69,117,1,-1,-1,-1
244,19348,1677,518,57,135,1,-1,-1,-1
244,19349,1221,555,48,131,1,-1,-1,-1
244,19350,859,659,51,141,1,-1,-1,-1
244,19351,1720,654,65,136,1,-1,-1,-1
244,19354,1328,493,51,134,1,-1,-1,-1
244,19355,1285,565,52,129,1,-1,-1,-1
244,19356,1183,673,67,132,1,-1,-1,-1
244,19357,1344,710,87,139,1,-1,-1,-1
244,19358,519,460,50,116,1,-1,-1,-1
244,19360,1737,703,97,170,1,-1,-1,-1
245,19345,1531,553,64,105,1,-1,-1,-1
245,19347,1829,424,70,117,1,-1,-1,-1
245,19348,1685,516,58,138,1,-1,-1,-1
245,19349,1228,556,47,131,1,-1,-1,-1
245,19350,860,663,51,141,1,-1,-1,-1
245,19351,1725,653,65,136,1,-1,-1,-1
245,19354,1336,494,50,133,1,-1,-1,-1
245,19355,1289,565,53,130,1,-1,-1,-1
245,19356,1193,673,67,133,1,-1,-1,-1
245,19357,1360,707,88,140,1,-1,-1,-1
245,19358,519,460,50,117,1,-1,-1,-1
245,19360,1745,703,98,172,1,-1,-1,-1
246,19345,1539,554,65,107,1,-1,-1,-1
246,19347,1836,425,71,116,1,-1,-1,-1
246,19348,1689,516,58,138,1,-1,-1,-1
246,19349,1232,556,46,131,1,-1,-1,-1
246,19350,860,664,51,141,1,-1,-1,-1
246,19351,1732,653,65,135,1,-1,-1,-1
246,19354,1341,494,50,133,1,-1,-1,-1
246,19355,1292,564,54,129,1,-1,-1,-1
246,19356,1200,673,66,133,1,-1,-1,-1
246,19357,1371,706,88,140,1,-1,-1,-1
246,19358,519,460,51,118,1,-1,-1,-1
246,19360,1757,704,97,170,1,-1,-1,-1
247,19345,1549,557,65,107,1,-1,-1,-1
247,19347,1842,425,70,115,1,-1,-1,-1
247,19348,1693,517,58,137,1,-1,-1,-1
247,19349,1236,557,46,130,1,-1,-1,-1
247,19350,860,666,52,142,1,-1,-1,-1
247,19351,1740,652,64,135,1,-1,-1,-1
247,19354,1346,495,50,133,1,-1,-1,-1
247,19355,1297,563,54,129,1,-1,-1,-1
247,19356,1208,674,64,131,1,-1,-1,-1
247,19357,1384,706,87,137,1,-1,-1,-1
247,19358,519,461,52,118,1,-1,-1,-1
247,19360,1769,704,97,169,1,-1,-1,-1
248,19345,1558,559,65,107,1,-1,-1,-1
248,19347,1849,424,69,115,1,-1,-1,-1
248,19348,1697,518,58,135,1,-1,-1,-1
248,19349,1240,557,45,131,1,-1,-1,-1
248,19350,860,667,53,143,1,-1,-1,-1
248,19351,1748,651,63,134,1,-1,-1,-1
248,19354,1353,496,50,133,1,-1,-1,-1
248,19355,1301,563,55,128,1,-1,-1,-1
248,19356,1215,675,63,129,1,-1,-1,-1
248,19357,1398,705,86,136,1,-1,-1,-1
248,19358,519,462,52,118,1,-1,-1,-1
248,19360,1783,705,95,167,1,-1,-1,-1
249,19345,1569,561,64,108,1,-1,-1,-1
249,19347,1855,423,68,115,1,-1,-1,-1
249,19348,1700,519,59,133,1,-1,-1,-1
249,19349,1243,558,46,129,1,-1,-1,-1
249,19350,860,668,53,144,1,-1,-1,-1
249,19351,1756,650,63,134,1,-1,-1,-1
249,19354,1359,497,49,133,1,-1,-1,-1
249,19355,1305,562,55,127,1,-1,-1,-1
249,19356,1222,676,62,127,1,-1,-1,-1
249,19357,1412,704,85,135,1,-1,-1,-1
249,19358,520,464,52,119,1,-1,-1,-1
249,19360,1797,706,94,165,1,-1,-1,-1
250,19345,1579,564,64,107,1,-1,-1,-1
250,19347,1863,423,66,114,1,-1,-1,-1
250,19348,1704,520,60,131,1,-1,-1,-1
250,19349,1247,558,46,130,1,-1,-1,-1
250,19350,860,670,55,145,1,-1,-1,-1
250,19351,1764,649,61,133,1,-1,-1,-1
250,19354,1365,498,50,132,1,-1,-1,-1
250,19355,1309,561,55,128,1,-1,-1,-1
250,19356,1229,677,62,125,1,-1,-1,-1
250,19357,1426,703,84,134,1,-1,-1,-1
250,19358,520,466,53,119,1,-1,-1,-1
250,19360,1810,707,93,163,1,-1,-1,-1
251,19345,1590,566,63,108,1,-1,-1,-1
251,19347,1871,422,61,111,1,-1,-1,-1
251,19348,1708,522,60,129,1,-1,-1,-1
251,19349,1251,559,46,129,1,-1,-1,-1
251,19350,857,672,56,146,1,-1,-1,-1
251,19351,1773,648,61,133,1,-1,-1,-1
251,19354,1372,499,50,132,1,-1,-1,-1
251,19355,1315,561,54,126,1,-1,-1,-1
251,19356,1237,678,61,123,1,-1,-1,-1
251,19357,1442,702,82,133,1,-1,-1,-1
251,19358,519,467,53,119,1,-1,-1,-1
251,19360,1826,708,91,160,1,-1,-1,-1
252,19345,1599,567,63,108,1,-1,-1,-1
252,19347,1874,422,58,110,1,-1,-1,-1
252,19348,1713,522,62,128,1,-1,-1,-1
252,19349,1253,560,48,128,1,-1,-1,-1
252,19350,854,674,58,146,1,-1,-1,-1
252,19351,1781,646,60,133,1,-1,-1,-1
252,19354,1377,500,51,132,1,-1,-1,-1
252,19355,1320,560,54,127,1,-1,-1,-1
252,19356,1243,679,62,122,1,-1,-1,-1
252,19357,1453,702,82,132,1,-1,-1,-1
252,19358,517,468,50,116,1,-1,-1,-1
252,19360,1837,719,85,148,1,-1,-1,-1
253,19345,1605,569,63,109,1,-1,-1,-1
253,19348,1716,522,62,128,1,-1,-1,-1
253,19349,1255,560,49,128,1,-1,-1,-1
253,19350,853,675,59,146,1,-1,-1,-1
253,19351,1786,645,59,133,1,-1,-1,-1
253,19354,1380,500,51,131,1,-1,-1,-1
253,19355,1324,560,54,126,1,-1,-1,-1
253,19356,1248,680,62,120,1,-1,-1,-1
253,19357,1464,701,81,131,1,-1,-1,-1
253,19358,516,469,49,114,1,-1,-1,-1
253,19360,1847,735,75,130,1,-1,-1,-1
254,19345,1613,571,63,110,1,-1,-1,-1
254,19348,1718,522,63,127,1,-1,-1,-1
254,19349,1259,560,50,128,1,-1,-1,-1
254,19350,853,677,59,144,1,-1,-1,-1
254,19351,1791,644,60,133,1,-1,-1,-1
254,19354,1384,500,51,131,1,-1,-1,-1
254,19355,1329,560,54,126,1,-1,-1,-1
254,19356,1254,681,62,118,1,-1,-1,-1
254,19357,1477,700,80,130,1,-1,-1,-1
254,19358,516,469,49,115,1,-1,-1,-1
254,19360,1858,753,63,109,1,-1,-1,-1
255,19345,1621,574,64,112,1,-1,-1,-1
255,19348,1721,522,63,126,1,-1,-1,-1
255,19349,1262,561,51,127,1,-1,-1,-1
255,19350,855,679,59,143,1,-1,-1,-1
255,19351,1797,644,60,132,1,-1,-1,-1
255,19354,1388,501,51,130,1,-1,-1,-1
255,19355,1335,559,53,127,1,-1,-1,-1
255,19356,1261,682,62,116,1,-1,-1,-1
255,19357,1491,700,80,130,1,-1,-1,-1
255,19358,514,469,50,115,1,-1,-1,-1
255,19360,1868,773,52,87,1,-1,-1,-1
256,19345,1629,577,65,113,1,-1,-1,-1
256,19348,1723,522,63,125,1,-1,-1,-1
256,19349,1265,562,53,126,1,-1,-1,-1
256,19350,856,681,59,142,1,-1,-1,-1
256,19351,1804,643,61,132,1,-1,-1,-1
256,19354,1392,502,51,129,1,-1,-1,-1
256,19355,1341,559,53,127,1,-1,-1,-1
256,19356,1266,683,63,114,1,-1,-1,-1
256,19357,1505,700,79,129,1,-1,-1,-1
256,19358,513,469,50,116,1,-1,-1,-1
256,19360,1879,791,39,67,1,-1,-1,-1
257,19345,1640,581,65,115,1,-1,-1,-1
257,19348,1727,521,62,125,1,-1,-1,-1
257,19349,1269,563,54,125,1,-1,-1,-1
257,19350,858,684,58,140,1,-1,-1,-1
257,19351,1810,642,63,132,1,-1,-1,-1
257,19354,1398,503,49,127,1,-1,-1,-1
257,19355,1349,558,51,128,1,-1,-1,-1
257,19356,1273,685,64,112,1,-1,-1,-1
257,19357,1523,700,79,128,1,-1,-1,-1
257,19358,511,469,52,116,1,-1,-1,-1
258,19345,1647,583,65,116,1,-1,-1,-1
258,19348,1730,521,61,124,1,-1,-1,-1
258,19349,1271,564,57,124,1,-1,-1,-1
258,19350,856,686,58,139,1,-1,-1,-1
258,19351,1814,640,64,133,1,-1,-1,-1
258,19354,1402,503,49,126,1,-1,-1,-1
258,19355,1352,558,51,128,1,-1,-1,-1
258,19356,1278,684,65,112,1,-1,-1,-1
258,19357,1533,699,78,127,1,-1,-1,-1
258,19358,509,469,53,117,1,-1,-1,-1
259,19345,1655,584,65,118,1,-1,-1,-1
259,19348,1733,521,62,123,1,-1,-1,-1
259,19349,1273,563,59,123,1,-1,-1,-1
259,19350,852,687,59,139,1,-1,-1,-1
259,19351,1817,638,65,132,1,-1,-1,-1
259,19354,1405,503,50,125,1,-1,-1,-1
259,19355,1355,558,51,127,1,-1,-1,-1
259,19356,1284,683,66,112,1,-1,-1,-1
259,19357,1543,696,77,128,1,-1,-1,-1
259,19358,508,470,52,115,1,-1,-1,-1
260,19345,1662,586,66,119,1,-1,-1,-1
260,19348,1738,521,61,123,1,-1,-1,-1
260,19349,1275,563,62,123,1,-1,-1,-1
260,19350,847,687,59,139,1,-1,-1,-1
260,19351,1821,636,64,132,1,-1,-1,-1
260,19354,1409,502,50,124,1,-1,-1,-1
260,19355,1358,557,50,127,1,-1,-1,-1
260,19356,1291,681,67,114,1,-1,-1,-1
260,19357,1551,694,78,128,1,-1,-1,-1
260,19358,506,471,52,113,1,-1,-1,-1
261,19345,1670,587,66,120,1,-1,-1,-1
261,19348,1742,521,62,123,1,-1,-1,-1
261,19349,1277,562,65,123,1,-1,-1,-1
261,19350,842,688,59,138,1,-1,-1,-1
261,19351,1824,634,64,131,1,-1,-1,-1
261,19354,1414,502,49,123,1,-1,-1,-1
261,19355,1360,557,49,126,1,-1,-1,-1
261,19356,1297,679,68,115,1,-1,-1,-1
261,19357,1560,691,78,128,1,-1,-1,-1
261,19358,506,472,51,111,1,-1,-1,-1
262,19345,1678,589,66,121,1,-1,-1,-1
262,19348,1747,521,61,123,1,-1,-1,-1
262,19349,1279,562,67,122,1,-1,-1,-1
262,19350,837,689,60,138,1,-1,-1,-1
262,19351,1827,632,64,131,1,-1,-1,-1
262,19354,1418,502,50,122,1,-1,-1,-1
262,19355,1362,557,49,125,1,-1,-1,-1
262,19356,1303,677,69,116,1,-1,-1,-1
262,19357,1568,689,78,128,1,-1,-1,-1
262,19358,505,473,50,108,1,-1,-1,-1
263,19345,1689,591,67,123,1,-1,-1,-1
263,19348,1753,520,62,123,1,-1,-1,-1
263,19349,1282,560,71,122,1,-1,-1,-1
263,19350,829,690,61,138,1,-1,-1,-1
263,19351,1832,629,62,130,1,-1,-1,-1
263,19354,1424,501,50,121,1,-1,-1,-1
263,19355,1365,557,48,124,1,-1,-1,-1
263,19356,1314,674,69,119,1,-1,-1,-1
263,19357,1580,686,79,127,1,-1,-1,-1
263,19358,504,474,47,105,1,-1,-1,-1
264,19345,1695,592,66,123,1,-1,-1,-1
264,19348,1756,520,62,122,1,-1,-1,-1
264,19349,1282,560,74,122,1,-1,-1,-1
264,19350,826,691,61,137,1,-1,-1,-1
264,19351,1834,628,61,130,1,-1,-1,-1
264,19354,1426,501,51,121,1,-1,-1,-1
264,19355,1367,556,48,124,1,-1,-1,-1
264,19356,1319,673,68,119,1,-1,-1,-1
264,19357,1586,684,81,128,1,-1,-1,-1
264,19358,503,475,46,104,1,-1,-1,-1
265,19345,1701,594,65,123,1,-1,-1,-1
265,19348,1757,520,62,121,1,-1,-1,-1
265,19349,1282,560,77,122,1,-1,-1,-1
265,19350,825,692,61,137,1,-1,-1,-1
265,19351,1837,627,61,129,1,-1,-1,-1
265,19354,1428,500,51,121,1,-1,-1,-1
265,19355,1369,556,47,122,1,-1,-1,-1
265,19356,1325,672,67,119,1,-1,-1,-1
265,19357,1595,682,81,128,1,-1,-1,-1
265,19358,501,478,45,103,1,-1,-1,-1
266,19345,1707,596,65,121,1,-1,-1,-1
266,19348,1757,519,63,121,1,-1,-1,-1
266,19349,1282,561,79,120,1,-1,-1,-1
266,19350,824,694,61,135,1,-1,-1,-1
266,19351,1839,626,60,126,1,-1,-1,-1
266,19354,1429,499,52,121,1,-1,-1,-1
266,19355,1372,555,46,121,1,-1,-1,-1
266,19356,1331,673,66,117,1,-1,-1,-1
266,19357,1605,680,81,128,1,-1,-1,-1
266,19358,497,480,45,102,1,-1,-1,-1
267,19345,1713,598,64,120,1,-1,-1,-1
267,19348,1758,519,63,120,1,-1,-1,-1
267,19349,1281,561,82,119,1,-1,-1,-1
267,19350,824,696,60,133,1,-1,-1,-1
267,19351,1842,624,60,126,1,-1,-1,-1
267,19354,1431,498,52,121,1,-1,-1,-1
267,19355,1374,554,45,120,1,-1,-1,-1
267,19356,1338,673,63,115,1,-1,-1,-1
267,19357,1615,678,82,128,1,-1,-1,-1
267,19358,493,483,46,101,1,-1,-1,-1
268,19345,1719,600,64,119,1,-1,-1,-1
268,19348,1758,519,63,119,1,-1,-1,-1
268,19349,1281,561,84,119,1,-1,-1,-1
268,19350,824,697,59,133,1,-1,-1,-1
268,19351,1844,623,61,124,1,-1,-1,-1
268,19354,1432,497,53,121,1,-1,-1,-1
268,19355,1376,554,44,118,1,-1,-1,-1
268,19356,1345,673,61,114,1,-1,-1,-1
268,19357,1625,677,83,127,1,-1,-1,-1
268,19358,489,486,47,101,1,-1,-1,-1
269,19345,1727,602,64,117,1,-1,-1,-1
269,19348,1759,519,63,118,1,-1,-1,-1
269,19349,1282,561,85,118,1,-1,-1,-1
269,19350,824,700,56,130,1,-1,-1,-1
269,19351,1848,621,61,122,1,-1,-1,-1
269,19354,1434,496,54,121,1,-1,-1,-1
269,19355,1380,552,43,117,1,-1,-1,-1
269,19356,1355,673,59,111,1,-1,-1,-1
269,19357,1641,673,84,128,1,-1,-1,-1
269,19358,483,490,48,99,1,-1,-1,-1
270,19345,1731,603,65,116,1,-1,-1,-1
270,19348,1758,519,65,117,1,-1,-1,-1
270,19349,1282,561,86,118,1,-1,-1,-1
270,19350,824,702,55,129,1,-1,-1,-1
270,19351,1848,620,63,121,1,-1,-1,-1
270,19354,1435,495,54,121,1,-1,-1,-1
270,19355,1382,551,41,116,1,-1,-1,-1
270,19356,1359,673,58,110,1,-1,-1,-1
270,19357,1649,672,83,128,1,-1,-1,-1
270,19358,481,492,49,98,1,-1,-1,-1
271,19345,1737,605,65,116,1,-1,-1,-1
271,19348,1758,519,65,117,1,-1,-1,-1
271,19349,1281,561,88,117,1,-1,-1,-1
271,19350,823,703,54,129,1,-1,-1,-1
271,19351,1848,618,64,121,1,-1,-1,-1
271,19354,1437,495,54,120,1,-1,-1,-1
271,19355,1382,551,41,115,1,-1,-1,-1
271,19356,1363,673,57,110,1,-1,-1,-1
271,19357,1657,670,84,128,1,-1,-1,-1
271,19358,481,495,48,94,1,-1,-1,-1
272,19345,1743,607,65,116,1,-1,-1,-1
272,19348,1757,518,65,117,1,-1,-1,-1
272,19349,1280,560,90,118,1,-1,-1,-1
272,19350,821,704,55,129,1,-1,-1,-1
272,19351,1848,616,64,121,1,-1,-1,-1
272,19354,1440,494,53,120,1,-1,-1,-1
272,19355,1383,551,41,114,1,-1,-1,-1
272,19356,1367,672,57,111,1,-1,-1,-1
272,19357,1666,669,84,128,1,-1,-1,-1
272,19358,482,498,47,88,1,-1,-1,-1
273,19345,1750,609,65,115,1,-1,-1,-1
273,19348,1757,517,64,117,1,-1,-1,-1
273,19349,1279,559,91,118,1,-1,-1,-1
273,19350,818,705,56,131,1,-1,-1,-1
273,19351,1847,614,64,121,1,-1,-1,-1
273,19354,1442,494,53,119,1,-1,-1,-1
273,19355,1383,550,41,114,1,-1,-1,-1
273,19356,1369,670,58,112,1,-1,-1,-1
273,19357,1675,667,85,128,1,-1,-1,-1
273,19358,483,501,47,82,1,-1,-1,-1
274,19345,1757,611,66,114,1,-1,-1,-1
274,19348,1757,516,63,117,1,-1,-1,-1
274,19349,1279,558,92,118,1,-1,-1,-1
274,19350,815,707,57,131,1,-1,-1,-1
274,19351,1847,612,63,122,1,-1,-1,-1
274,19354,1445,493,52,119,1,-1,-1,-1
274,19355,1382,550,43,113,1,-1,-1,-1
274,19356,1372,669,59,113,1,-1,-1,-1
274,19357,1685,665,84,128,1,-1,-1,-1
274,19358,485,505,44,75,1,-1,-1,-1
275,19345,1768,615,65,112,1,-1,-1,-1
275,19348,1756,514,62,117,1,-1,-1,-1
275,19349,1278,557,94,118,1,-1,-1,-1
275,19350,811,708,58,132,1,-1,-1,-1
275,19351,1848,608,61,123,1,-1,-1,-1
275,19354,1449,493,51,117,1,-1,-1,-1
275,19355,1382,549,44,112,1,-1,-1,-1
275,19356,1376,667,61,115,1,-1,-1,-1
275,19357,1699,662,84,128,1,-1,-1,-1
275,19358,487,510,42,67,1,-1,-1,-1
276,19345,1772,616,65,112,1,-1,-1,-1
276,19348,1756,514,60,116,1,-1,-1,-1
276,19349,1277,557,94,117,1,-1,-1,-1
276,19350,808,710,60,131,1,-1,-1,-1
276,19351,1848,606,59,123,1,-1,-1,-1
276,19354,1450,492,50,117,1,-1,-1,-1
276,19355,1381,548,45,112,1,-1,-1,-1
276,19356,1378,666,61,117,1,-1,-1,-1
276,19357,1704,661,84,128,1,-1,-1,-1
276,19358,487,512,42,64,1,-1,-1,-1
277,19345,1775,618,64,112,1,-1,-1,-1
277,19348,1752,513,58,116,1,-1,-1,-1
277,19349,1273,556,95,118,1,-1,-1,-1
277,19350,801,711,61,132,1,-1,-1,-1
277,19351,1846,605,57,122,1,-1,-1,-1
277,19354,1448,492,49,116,1,-1,-1,-1
277,19355,1377,548,45,111,1,-1,-1,-1
277,19356,1379,666,63,116,1,-1,-1,-1
277,19357,1709,659,82,128,1,-1,-1,-1
277,19358,486,512,43,62,1,-1,-1,-1
278,19345,1777,620,64,111,1,-1,-1,-1
278,19348,1746,513,58,115,1,-1,-1,-1
278,19349,1268,556,96,117,1,-1,-1,-1
278,19350,792,712,62,132,1,-1,-1,-1
278,19351,1842,604,57,121,1,-1,-1,-1
278,19354,1445,491,49,116,1,-1,-1,-1
278,19355,1372,547,46,110,1,-1,-1,-1
278,19356,1381,665,63,117,1,-1,-1,-1
278,19357,1713,658,81,127,1,-1,-1,-1
278,19358,484,512,44,61,1,-1,-1,-1
279,19345,1779,623,64,109,1,-1,-1,-1
279,19348,1741,512,57,115,1,-1,-1,-1
279,19349,1264,556,95,116,1,-1,-1,-1
279,19350,783,714,62,131,1,-1,-1,-1
279,19351,1838,603,57,120,1,-1,-1,-1
279,19354,1441,491,49,115,1,-1,-1,-1
279,19355,1367,547,46,109,1,-1,-1,-1
279,19356,1382,664,63,118,1,-1,-1,-1
279,19357,1717,656,79,127,1,-1,-1,-1
279,19358,481,512,45,60,1,-1,-1,-1
280,19345,1781,625,64,109,1,-1,-1,-1
280,19348,1735,512,56,114,1,-1,-1,-1
280,19349,1260,556,95,115,1,-1,-1,-1
280,19350,775,715,61,131,1,-1,-1,-1
280,19351,1834,601,57,120,1,-1,-1,-1
280,19354,1437,491,49,113,1,-1,-1,-1
280,19355,1362,546,46,109,1,-1,-1,-1
280,19356,1383,663,63,118,1,-1,-1,-1
280,19357,1720,655,78,125,1,-1,-1,-1
280,19358,480,512,45,59,1,-1,-1,-1
281,19345,1783,628,63,107,1,-1,-1,-1
281,19348,1729,512,56,113,1,-1,-1,-1
281,19349,1255,556,95,115,1,-1,-1,-1
281,19350,765,717,61,131,1,-1,-1,-1
281,19351,1829,600,58,119,1,-1,-1,-1
281,19354,1434,491,48,112,1,-1,-1,-1
281,19355,1357,545,45,108,1,-1,-1,-1
281,19356,1384,662,64,119,1,-1,-1,-1
281,19357,1725,653,76,124,1,-1,-1,-1
281,19358,477,512,47,58,1,-1,-1,-1
282,19345,1785,631,64,106,1,-1,-1,-1
282,19348,1721,512,57,112,1,-1,-1,-1
282,19349,1250,556,94,114,1,-1,-1,-1
282,19350,755,718,61,131,1,-1,-1,-1
282,19351,1823,599,60,117,1,-1,-1,-1
282,19354,1429,491,49,111,1,-1,-1,-1
282,19355,1351,544,44,107,1,-1,-1,-1
282,19356,1385,661,64,120,1,-1,-1,-1
282,19357,1730,651,74,124,1,-1,-1,-1
282,19358,475,512,47,57,1,-1,-1,-1
283,19345,1787,633,63,106,1,-1,-1,-1
283,19348,1715,512,57,112,1,-1,-1,-1
283,19349,1245,556,94,113,1,-1,-1,-1
283,19350,747,720,60,130,1,-1,-1,-1
283,19351,1817,598,61,116,1,-1,-1,-1
283,19354,1425,490,49,111,1,-1,-1,-1
283,19355,1346,543,44,106,1,-1,-1,-1
283,19356,1385,660,63,120,1,-1,-1,-1
283,19357,1732,649,71,123,1,-1,-1,-1
283,19358,471,511,48,57,1,-1,-1,-1
284,19345,1788,634,64,106,1,-1,-1,-1
284,19348,1709,511,56,111,1,-1,-1,-1
284,19349,1239,556,94,112,1,-1,-1,-1
284,19350,737,721,60,130,1,-1,-1,-1
284,19351,1810,595,60,116,1,-1,-1,-1
284,19354,1420,489,50,110,1,-1,-1,-1
284,19355,1339,542,44,107,1,-1,-1,-1
284,19356,1385,660,61,118,1,-1,-1,-1
284,19357,1731,647,70,122,1,-1,-1,-1
284,19358,467,509,49,58,1,-1,-1,-1
285,19345,1788,635,65,107,1,-1,-1,-1
285,19348,1703,509,56,111,1,-1,-1,-1
285,19349,1233,555,93,111,1,-1,-1,-1
285,19350,727,722,59,130,1,-1,-1,-1
285,19351,1802,592,60,116,1,-1,-1,-1
285,19354,1416,488,49,110,1,-1,-1,-1
285,19355,1332,542,44,106,1,-1,-1,-1
285,19356,1384,660,60,116,1,-1,-1,-1
285,19357,1730,645,69,122,1,-1,-1,-1
285,19358,461,507,51,59,1,-1,-1,-1
286,19345,1789,636,65,108,1,-1,-1,-1
286,19348,1696,508,56,111,1,-1,-1,-1
286,19349,1226,554,93,110,1,-1,-1,-1
286,19350,717,723,59,130,1,-1,-1,-1
286,19351,1795,589,59,115,1,-1,-1,-1
286,19354,1411,487,49,110,1,-1,-1,-1
286,19355,1326,541,44,106,1,-1,-1,-1
286,19356,1384,660,58,114,1,-1,-1,-1
286,19357,1728,642,68,121,1,-1,-1,-1
286,19358,456,505,52,59,1,-1,-1,-1
287,19345,1790,638,66,109,1,-1,-1,-1
287,19348,1690,507,55,110,1,-1,-1,-1
287,19349,1220,553,91,109,1,-1,-1,-1
287,19350,706,723,59,130,1,-1,-1,-1
287,19351,1787,587,58,115,1,-1,-1,-1
287,19354,1406,486,49,109,1,-1,-1,-1
287,19355,1318,540,46,106,1,-1,-1,-1
287,19356,1383,661,56,112,1,-1,-1,-1
287,19357,1727,640,67,120,1,-1,-1,-1
287,19358,451,502,53,61,1,-1,-1,-1
288,19345,1792,639,65,110,1,-1,-1,-1
288,19348,1681,505,55,110,1,-1,-1,-1
288,19349,1212,552,91,108,1,-1,-1,-1
288,19350,693,724,59,130,1,-1,-1,-1
288,19351,1778,583,55,114,1,-1,-1,-1
288,19354,1401,484,48,109,1,-1,-1,-1
288,19355,1309,539,46,106,1,-1,-1,-1
288,19356,1382,661,54,109,1,-1,-1,-1
288,19357,1725,637,67,119,1,-1,-1,-1
288,19358,444,499,55,62,1,-1,-1,-1
289,19345,1792,640,65,111,1,-1,-1,-1
289,19348,1676,504,54,110,1,-1,-1,-1
289,19349,1207,551,90,108,1,-1,-1,-1
289,19350,685,724,59,130,1,-1,-1,-1
289,19351,1772,581,54,114,1,-1,-1,-1
289,19354,1397,483,48,109,1,-1,-1,-1
289,19355,1302,538,47,106,1,-1,-1,-1
289,19356,1381,661,53,108,1,-1,-1,-1
289,19357,1723,635,67,118,1,-1,-1,-1
289,19358,441,497,54,63,1,-1,-1,-1
289,19380,1894,195,20,72,1,-1,-1,-1
290,19345,1792,640,65,111,1,-1,-1,-1
290,19348,1668,503,54,109,1,-1,-1,-1
290,19349,1201,550,90,108,1,-1,-1,-1
290,19350,675,724,59,130,1,-1,-1,-1
290,19351,1765,579,53,114,1,-1,-1,-1
290,19354,1390,482,48,108,1,-1,-1,-1
290,19355,1295,537,47,106,1,-1,-1,-1
290,19356,1378,660,52,107,1,-1,-1,-1
290,19357,1722,632,67,118,1,-1,-1,-1
290,19358,437,496,55,62,1,-1,-1,-1
290,19380,1883,195,21,73,1,-1,-1,-1
291,19345,1793,641,64,111,1,-1,-1,-1
291,19348,1661,502,53,108,1,-1,-1,-1
291,19349,1195,549,90,107,1,-1,-1,-1
291,19350,666,723,58,130,1,-1,-1,-1
291,19351,1757,577,52,114,1,-1,-1,-1
291,19354,1384,480,48,107,1,-1,-1,-1
291,19355,1287,536,48,105,1,-1,-1,-1
291,19356,1374,658,52,107,1,-1,-1,-1
291,19357,1721,629,66,117,1,-1,-1,-1
291,19358,433,494,56,63,1,-1,-1,-1
291,19380,1871,196,21,73,1,-1,-1,-1
292,19345,1793,642,63,111,1,-1,-1,-1
292,19348,1653,501,53,108,1,-1,-1,-1
292,19349,1189,548,89,107,1,-1,-1,-1
292,19350,657,723,57,130,1,-1,-1,-1
292,19351,1749,575,53,114,1,-1,-1,-1
292,19354,1378,479,48,106,1,-1,-1,-1
292,19355,1279,535,48,105,1,-1,-1,-1
292,19356,1371,657,51,106,1,-1,-1,-1
292,19357,1719,626,66,116,1,-1,-1,-1
292,19358,430,493,55,62,1,-1,-1,-1
292,19380,1858,196,21,73,1,-1,-1,-1
293,19345,1793,643,62,111,1,-1,-1,-1
293,19348,1645,499,53,107,1,-1,-1,-1
293,19349,1183,546,89,108,1,-1,-1,-1
293,19350,647,722,57,131,1,-1,-1,-1
293,19351,1741,573,53,114,1,-1,-1,-1
293,19354,1371,477,48,105,1,-1,-1,-1
293,19355,1271,534,48,104,1,-1,-1,-1
293,19356,1367,656,51,106,1,-1,-1,-1
293,19357,1717,623,66,115,1,-1,-1,-1
293,19358,426,491,55,63,1,-1,-1,-1
293,19380,1846,196,21,74,1,-1,-1,-1
294,19345,1794,644,61,111,1,-1,-1,-1
294,19348,1632,497,53,106,1,-1,-1,-1
294,19349,1174,544,88,108,1,-1,-1,-1
294,19350,632,721,57,131,1,-1,-1,-1
294,19351,1727,570,56,114,1,-1,-1,-1
294,19354,1361,474,48,104,1,-1,-1,-1
294,19355,1259,533,47,103,1,-1,-1,-1
294,19356,1361,653,51,106,1,-1,-1,-1
294,19357,1715,618,66,113,1,-1,-1,-1
294,19358,420,488,56,63,1,-1,-1,-1
294,19380,1826,196,22,75,1,-1,-1,-1
295,19345,1795,644,59,111,1,-1,-1,-1
295,19348,1627,496,54,106,1,-1,-1,-1
295,19349,1170,543,88,108,1,-1,-1,-1
295,19350,626,721,56,131,1,-1,-1,-1
295,19351,1722,569,57,114,1,-1,-1,-1
295,19354,1357,473,48,103,1,-1,-1,-1
295,19355,1255,532,47,103,1,-1,-1,-1
295,19356,1358,652,52,106,1,-1,-1,-1
295,19357,1714,616,66,113,1,-1,-1,-1
295,19358,414,479,63,73,1,-1,-1,-1
295,19380,1819,197,22,75,1,-1,-1,-1
296,19345,1794,644,59,111,1,-1,-1,-1
296,19348,1622,495,54,105,1,-1,-1,-1
296,19349,1165,542,87,108,1,-1,-1,-1
296,19350,619,721,56,131,1,-1,-1,-1
296,19351,1716,567,58,113,1,-1,-1,-1
296,19354,1353,472,48,102,1,-1,-1,-1
296,19355,1249,531,47,103,1,-1,-1,-1
296,19356,1357,651,53,106,1,-1,-1,-1
296,19357,1714,613,66,112,1,-1,-1,-1
296,19358,412,475,64,75,1,-1,-1,-1
296,19380,1809,197,23,75,1,-1,-1,-1
297,19345,1794,644,59,112,1,-1,-1,-1
297,19348,1618,494,53,104,1,-1,-1,-1
297,19349,1160,541,84,107,1,-1,-1,-1
297,19350,613,721,54,131,1,-1,-1,-1
297,19351,1711,564,58,113,1,-1,-1,-1
297,19354,1348,470,49,102,1,-1,-1,-1
297,19355,1244,530,46,102,1,-1,-1,-1
297,19356,1356,650,54,107,1,-1,-1,-1
297,19357,1712,611,67,111,1,-1,-1,-1
297,19358,411,472,63,77,1,-1,-1,-1
297,19380,1799,197,23,74,1,-1,-1,-1
298,19345,1794,645,59,112,1,-1,-1,-1
298,19348,1613,492,53,103,1,-1,-1,-1
298,19349,1155,540,81,107,1,-1,-1,-1
298,19350,605,721,55,131,1,-1,-1,-1
298,19351,1705,561,58,113,1,-1,-1,-1
298,19354,1345,468,48,103,1,-1,-1,-1
298,19355,1238,528,45,102,1,-1,-1,-1
298,19356,1356,648,54,108,1,-1,-1,-1
298,19357,1712,608,66,110,1,-1,-1,-1
298,19358,410,470,63,77,1,-1,-1,-1
298,19380,1788,197,23,74,1,-1,-1,-1
299,19345,1792,645,60,112,1,-1,-1,-1
299,19348,1608,491,53,102,1,-1,-1,-1
299,19349,1150,539,78,106,1,-1,-1,-1
299,19350,598,721,54,131,1,-1,-1,-1
299,19351,1701,558,56,112,1,-1,-1,-1
299,19354,1341,467,48,102,1,-1,-1,-1
299,19355,1232,527,45,101,1,-1,-1,-1
299,19356,1355,647,55,109,1,-1,-1,-1
299,19357,1711,605,67,110,1,-1,-1,-1
299,19358,410,468,60,78,1,-1,-1,-1
299,19380,1777,197,24,74,1,-1,-1,-1
300,19345,1791,645,62,113,1,-1,-1,-1
300,19348,1601,488,52,101,1,-1,-1,-1
300,19349,1142,537,73,105,1,-1,-1,-1
300,19350,586,721,54,131,1,-1,-1,-1
300,19351,1693,553,54,111,1,-1,-1,-1
300,19354,1336,463,47,103,1,-1,-1,-1
300,19355,1222,524,44,101,1,-1,-1,-1
300,19356,1353,644,57,111,1,-1,-1,-1
300,19357,1710,600,67,109,1,-1,-1,-1
300,19358,409,466,58,77,1,-1,-1,-1
300,19380,1759,197,24,73,1,-1,-1,-1
301,19345,1790,646,64,113,1,-1,-1,-1
301,19348,1598,487,53,100,1,-1,-1,-1
301,19349,1140,536,69,105,1,-1,-1,-1
301,19350,582,722,52,131,1,-1,-1,-1
301,19351,1690,551,53,111,1,-1,-1,-1
301,19354,1334,462,46,103,1,-1,-1,-1
301,19355,1219,523,43,101,1,-1,-1,-1
301,19356,1353,643,57,112,1,-1,-1,-1
301,19357,1710,599,66,109,1,-1,-1,-1
301,19358,409,465,56,77,1,-1,-1,-1
301,19380,1752,197,24,73,1,-1,-1,-1
302,19345,1792,646,64,113,1,-1,-1,-1
302,19348,1592,486,53,99,1,-1,-1,-1
302,19349,1137,535,65,105,1,-1,-1,-1
302,19350,575,722,52,130,1,-1,-1,-1
302,19351,1687,550,51,109,1,-1,-1,-1
302,19354,1331,462,45,102,1,-1,-1,-1
302,19355,1215,523,42,100,1,-1,-1,-1
302,19356,1353,642,57,112,1,-1,-1,-1
302,19357,1711,597,66,108,1,-1,-1,-1
302,19358,410,465,53,78,1,-1,-1,-1
302,19380,1743,197,25,73,1,-1,-1,-1
303,19345,1795,647,65,114,1,-1,-1,-1
303,19348,1586,486,53,97,1,-1,-1,-1
303,19349,1135,535,62,104,1,-1,-1,-1
303,19350,567,722,52,130,1,-1,-1,-1
303,19351,1683,549,50,107,1,-1,-1,-1
303,19354,1327,461,44,101,1,-1,-1,-1
303,19355,1210,524,42,99,1,-1,-1,-1
303,19356,1354,642,56,110,1,-1,-1,-1
303,19357,1712,595,66,108,1,-1,-1,-1
303,19358,410,465,52,79,1,-1,-1,-1
303,19380,1734,198,25,72,1,-1,-1,-1
303,19381,1886,692,30,135,1,-1,-1,-1
304,19345,1798,648,66,114,1,-1,-1,-1
304,19348,1580,486,52,95,1,-1,-1,-1
304,19349,1132,535,59,103,1,-1,-1,-1
304,19350,559,723,51,130,1,-1,-1,-1
304,19351,1678,547,50,106,1,-1,-1,-1
304,19354,1323,461,44,100,1,-1,-1,-1
304,19355,1205,524,41,98,1,-1,-1,-1
304,19356,1354,642,55,108,1,-1,-1,-1
304,19357,1714,593,66,107,1,-1,-1,-1
304,19358,410,466,51,78,1,-1,-1,-1
304,19380,1724,199,25,71,1,-1,-1,-1
304,19381,1883,690,29,132,1,-1,-1,-1
305,19345,1802,650,66,114,1,-1,-1,-1
305,19348,1574,485,52,94,1,-1,-1,-1
305,19349,1129,534,56,103,1,-1,-1,-1
305,19350,551,723,50,130,1,-1,-1,-1
305,19351,1673,546,51,104,1,-1,-1,-1
305,19354,1319,461,44,99,1,-1,-1,-1
305,19355,1199,525,41,97,1,-1,-1,-1
305,19356,1355,642,53,106,1,-1,-1,-1
305,19357,1716,590,65,107,1,-1,-1,-1
305,19358,411,466,50,79,1,-1,-1,-1
305,19380,1713,200,26,69,1,-1,-1,-1
305,19381,1878,687,30,129,1,-1,-1,-1
306,19345,1805,651,67,114,1,-1,-1,-1
306,19348,1567,485,53,93,1,-1,-1,-1
306,19349,1125,534,55,102,1,-1,-1,-1
306,19350,542,724,50,129,1,-1,-1,-1
306,19351,1668,545,52,102,1,-1,-1,-1
306,19354,1315,461,43,98,1,-1,-1,-1
306,19355,1194,525,41,96,1,-1,-1,-1
306,19356,1356,642,52,105,1,-1,-1,-1
306,19357,1718,588,64,106,1,-1,-1,-1
306,19358,411,467,49,79,1,-1,-1,-1
306,19380,1703,201,26,68,1,-1,-1,-1
306,19381,1874,684,30,126,1,-1,-1,-1
307,19345,1810,653,67,114,1,-1,-1,-1
307,19348,1558,484,53,92,1,-1,-1,-1
307,19349,1120,534,54,101,1,-1,-1,-1
307,19350,531,725,50,128,1,-1,-1,-1
307,19351,1661,544,54,100,1,-1,-1,-1
307,19354,1309,460,44,97,1,-1,-1,-1
307,19355,1188,525,39,95,1,-1,-1,-1
307,19356,1357,642,50,102,1,-1,-1,-1
307,19357,1720,586,63,105,1,-1,-1,-1
307,19358,411,467,48,80,1,-1,-1,-1
307,19380,1691,203,25,66,1,-1,-1,-1
307,19381,1869,681,31,122,1,-1,-1,-1
308,19345,1813,654,67,114,1,-1,-1,-1
308,19348,1553,484,53,90,1,-1,-1,-1
308,19349,1117,533,52,101,1,-1,-1,-1
308,19350,526,726,49,127,1,-1,-1,-1
308,19351,1656,543,55,98,1,-1,-1,-1
308,19354,1306,460,44,96,1,-1,-1,-1
308,19355,1184,525,39,94,1,-1,-1,-1
308,19356,1358,642,49,101,1,-1,-1,-1
308,19357,1721,584,63,105,1,-1,-1,-1
308,19358,411,467,47,79,1,-1,-1,-1
308,19380,1683,204,26,65,1,-1,-1,-1
308,19381,1863,678,32,122,1,-1,-1,-1
309,19345,1816,654,66,113,1,-1,-1,-1
309,19348,1549,482,54,91,1,-1,-1,-1
309,19349,1113,533,52,100,1,-1,-1,-1
309,19350,520,727,49,127,1,-1,-1,-1
309,19351,1650,542,57,97,1,-1,-1,-1
309,19354,1303,459,44,96,1,-1,-1,-1
309,19355,1179,525,39,93,1,-1,-1,-1
309,19356,1357,642,49,101,1,-1,-1,-1
309,19357,1723,582,61,104,1,-1,-1,-1
309,19358,410,467,47,80,1,-1,-1,-1
309,19380,1677,204,26,65,1,-1,-1,-1
309,19381,1855,677,34,121,1,-1,-1,-1
310,19345,1818,655,67,113,1,-1,-1,-1
310,19348,1545,480,54,91,1,-1,-1,-1
310,19349,1109,533,50,99,1,-1,-1,-1
310,19350,515,729,48,126,1,-1,-1,-1
310,19351,1644,541,57,95,1,-1,-1,-1
310,19354,1300,459,44,95,1,-1,-1,-1
310,19355,1174,524,39,93,1,-1,-1,-1
310,19356,1356,642,48,101,1,-1,-1,-1
310,19357,1724,581,60,102,1,-1,-1,-1
310,19358,409,467,47,81,1,-1,-1,-1
310,19380,1669,205,26,64,1,-1,-1,-1
310,19381,1847,675,36,120,1,-1,-1,-1
311,19345,1820,655,68,112,1,-1,-1,-1
311,19348,1540,478,56,92,1,-1,-1,-1
311,19349,1105,532,48,99,1,-1,-1,-1
311,19350,510,730,49,125,1,-1,-1,-1
311,19351,1638,539,57,95,1,-1,-1,-1
311,19354,1297,458,44,94,1,-1,-1,-1
311,19355,1169,523,38,93,1,-1,-1,-1
311,19356,1356,642,48,101,1,-1,-1,-1
311,19357,1726,579,59,101,1,-1,-1,-1
311,19358,408,466,47,82,1,-1,-1,-1
311,19380,1662,205,27,65,1,-1,-1,-1
311,19381,1839,673,38,119,1,-1,-1,-1
312,19345,1822,655,68,111,1,-1,-1,-1
312,19348,1536,476,56,92,1,-1,-1,-1
312,19349,1102,531,46,98,1,-1,-1,-1
312,19350,505,732,48,125,1,-1,-1,-1
312,19351,1633,538,57,94,1,-1,-1,-1
312,19354,1295,457,43,94,1,-1,-1,-1
312,19355,1164,522,38,92,1,-1,-1,-1
312,19356,1355,642,48,101,1,-1,-1,-1
312,19357,1727,578,57,99,1,-1,-1,-1
312,19358,407,466,48,82,1,-1,-1,-1
312,19380,1656,206,26,64,1,-1,-1,-1
312,19381,1831,671,40,119,1,-1,-1,-1
313,19345,1825,656,69,110,1,-1,-1,-1
313,19348,1531,473,56,93,1,-1,-1,-1
313,19349,1096,531,44,97,1,-1,-1,-1
313,19350,498,734,48,123,1,-1,-1,-1
313,19351,1624,537,56,92,1,-1,-1,-1
313,19354,1291,455,43,95,1,-1,-1,-1
313,19355,1157,521,37,92,1,-1,-1,-1
313,19356,1353,642,49,101,1,-1,-1,-1
313,19357,1729,576,55,96,1,-1,-1,-1
313,19358,405,466,49,83,1,-1,-1,-1
313,19380,1646,207,25,64,1,-1,-1,-1
313,19381,1820,669,41,117,1,-1,-1,-1
314,19345,1827,656,69,110,1,-1,-1,-1
314,19348,1528,471,56,94,1,-1,-1,-1
314,19349,1093,530,43,96,1,-1,-1,-1
314,19350,494,735,48,123,1,-1,-1,-1
314,19351,1621,535,54,92,1,-1,-1,-1
314,19354,1289,454,42,94,1,-1,-1,-1
314,19355,1152,520,38,92,1,-1,-1,-1
314,19356,1353,642,49,101,1,-1,-1,-1
314,19357,1730,574,54,96,1,-1,-1,-1
314,19358,404,465,50,84,1,-1,-1,-1
314,19380,1640,208,25,63,1,-1,-1,-1
314,19381,1814,667,43,117,1,-1,-1,-1
315,19345,1831,657,68,108,1,-1,-1,-1
315,19348,1524,470,56,93,1,-1,-1,-1
315,19349,1089,529,41,96,1,-1,-1,-1
315,19350,489,734,48,123,1,-1,-1,-1
315,19351,1616,534,54,90,1,-1,-1,-1
315,19354,1285,453,42,93,1,-1,-1,-1
315,19355,1148,522,36,89,1,-1,-1,-1
315,19356,1352,641,51,101,1,-1,-1,-1
315,19357,1730,572,52,95,1,-1,-1,-1
315,19358,404,465,50,84,1,-1,-1,-1
315,19380,1633,208,25,63,1,-1,-1,-1
315,19381,1807,664,44,115,1,-1,-1,-1
315,19382,1857,759,54,74,1,-1,-1,-1
316,19345,1834,659,68,105,1,-1,-1,-1
316,19348,1520,468,55,92,1,-1,-1,-1
316,19349,1084,528,40,96,1,-1,-1,-1
316,19350,483,733,48,123,1,-1,-1,-1
316,19351,1612,532,53,90,1,-1,-1,-1
316,19354,1280,452,42,93,1,-1,-1,-1
316,19355,1143,523,36,88,1,-1,-1,-1
316,19356,1352,639,51,102,1,-1,-1,-1
316,19357,1729,570,52,95,1,-1,-1,-1
316,19358,404,465,50,85,1,-1,-1,-1
316,19380,1624,207,25,63,1,-1,-1,-1
316,19381,1800,661,45,113,1,-1,-1,-1
316,19382,1845,756,57,78,1,-1,-1,-1
317,19345,1838,660,66,103,1,-1,-1,-1
317,19348,1517,466,53,92,1,-1,-1,-1
317,19349,1079,528,40,95,1,-1,-1,-1
317,19350,477,732,48,123,1,-1,-1,-1
317,19351,1607,530,53,89,1,-1,-1,-1
317,19354,1276,451,42,92,1,-1,-1,-1
317,19355,1138,525,35,85,1,-1,-1,-1
317,19356,1352,637,52,102,1,-1,-1,-1
317,19357,1728,569,52,93,1,-1,-1,-1
317,19358,404,465,50,84,1,-1,-1,-1
317,19380,1615,207,25,63,1,-1,-1,-1
317,19381,1793,657,46,112,1,-1,-1,-1
317,19382,1831,753,60,82,1,-1,-1,-1
318,19345,1843,662,64,100,1,-1,-1,-1
318,19348,1513,465,53,91,1,-1,-1,-1
318,19349,1074,527,39,95,1,-1,-1,-1
318,19350,471,731,48,122,1,-1,-1,-1
318,19351,1601,528,53,89,1,-1,-1,-1
318,19354,1271,449,42,92,1,-1,-1,-1
318,19355,1133,528,34,82,1,-1,-1,-1
318,19356,1351,635,53,103,1,-1,-1,-1
318,19357,1727,567,51,92,1,-1,-1,-1
318,19358,404,464,50,85,1,-1,-1,-1
318,19380,1605,207,26,62,1,-1,-1,-1
318,19381,1787,653,46,110,1,-1,-1,-1
318,19382,1817,750,64,86,1,-1,-1,-1
319,19345,1848,664,62,97,1,-1,-1,-1
319,19348,1508,463,52,90,1,-1,-1,-1
319,19349,1068,526,39,95,1,-1,-1,-1
319,19350,464,730,48,122,1,-1,-1,-1
319,19351,1595,526,53,88,1,-1,-1,-1
319,19354,1264,448,43,91,1,-1,-1,-1
319,19355,1126,530,34,79,1,-1,-1,-1
319,19356,1351,633,53,103,1,-1,-1,-1
319,19357,1725,564,52,92,1,-1,-1,-1
319,19358,404,464,50,85,1,-1,-1,-1
319,19380,1594,207,26,62,1,-1,-1,-1
319,19381,1779,648,46,109,1,-1,-1,-1
319,19382,1799,746,68,91,1,-1,-1,-1
320,19345,1850,665,62,96,1,-1,-1,-1
320,19348,1505,461,51,90,1,-1,-1,-1
320,19349,1066,525,38,95,1,-1,-1,-1
320,19350,459,730,48,122,1,-1,-1,-1
320,19351,1593,524,53,87,1,-1,-1,-1
320,19354,1262,446,43,92,1,-1,-1,-1
320,19355,1122,530,34,79,1,-1,-1,-1
320,19356,1352,632,53,103,1,-1,-1,-1
320,19357,1725,562,52,91,1,-1,-1,-1
320,19358,403,464,51,84,1,-1,-1,-1
320,19380,1588,207,26,61,1,-1,-1,-1
320,19381,1775,646,45,107,1,-1,-1,-1
320,19382,1787,744,71,93,1,-1,-1,-1
321,19345,1852,666,62,97,1,-1,-1,-1
321,19348,1502,458,51,90,1,-1,-1,-1
321,19349,1064,524,38,94,1,-1,-1,-1
321,19350,454,730,48,121,1,-1,-1,-1
321,19351,1590,521,53,88,1,-1,-1,-1
321,19354,1262,445,43,90,1,-1,-1,-1
321,19355,1119,530,34,77,1,-1,-1,-1
321,19356,1354,631,53,102,1,-1,-1,-1
321,19357,1726,559,53,91,1,-1,-1,-1
321,19358,403,463,50,85,1,-1,-1,-1
321,19380,1583,207,26,61,1,-1,-1,-1
321,19381,1770,645,46,106,1,-1,-1,-1
321,19382,1774,744,73,93,1,-1,-1,-1
322,19345,1854,667,62,98,1,-1,-1,-1
322,19348,1500,455,50,91,1,-1,-1,-1
322,19349,1062,522,38,94,1,-1,-1,-1
322,19350,450,730,48,120,1,-1,-1,-1
322,19351,1588,518,54,89,1,-1,-1,-1
322,19354,1262,444,43,89,1,-1,-1,-1
322,19355,1116,530,33,76,1,-1,-1,-1
322,19356,1356,631,52,100,1,-1,-1,-1
322,19357,1727,556,54,92,1,-1,-1,-1
322,19358,402,463,50,85,1,-1,-1,-1
322,19380,1579,207,25,60,1,-1,-1,-1
322,19381,1766,643,45,104,1,-1,-1,-1
322,19382,1759,743,74,93,1,-1,-1,-1
323,19345,1856,668,62,99,1,-1,-1,-1
323,19348,1497,452,50,91,1,-1,-1,-1
323,19349,1059,521,39,93,1,-1,-1,-1
323,19350,445,729,49,121,1,-1,-1,-1
323,19351,1586,515,54,90,1,-1,-1,-1
323,19354,1262,442,43,89,1,-1,-1,-1
323,19355,1113,529,33,75,1,-1,-1,-1
323,19356,1358,630,51,100,1,-1,-1,-1
323,19357,1729,554,55,91,1,-1,-1,-1
323,19358,402,462,50,86,1,-1,-1,-1
323,19380,1575,207,25,60,1,-1,-1,-1
323,19381,1761,642,46,103,1,-1,-1,-1
323,19382,1744,742,76,93,1,-1,-1,-1
323,19383,1881,356,38,109,1,-1,-1,-1
324,19345,1858,669,62,100,1,-1,-1,-1
324,19348,1494,449,50,92,1,-1,-1,-1
324,19349,1058,520,38,92,1,-1,-1,-1
324,19350,440,729,50,120,1,-1,-1,-1
324,19351,1583,512,55,90,1,-1,-1,-1
324,19354,1262,441,44,88,1,-1,-1,-1
324,19355,1110,529,33,74,1,-1,-1,-1
324,19356,1360,629,50,99,1,-1,-1,-1
324,19357,1730,551,57,91,1,-1,-1,-1
324,19358,401,461,51,87,1,-1,-1,-1
324,19380,1571,207,25,59,1,-1,-1,-1
324,19381,1756,640,47,101,1,-1,-1,-1
324,19382,1729,741,77,93,1,-1,-1,-1
324,19383,1881,355,37,106,1,-1,-1,-1
325,19345,1860,670,63,103,1,-1,-1,-1
325,19348,1489,445,50,92,1,-1,-1,-1
325,19349,1054,518,40,92,1,-1,-1,-1
325,19350,435,729,50,120,1,-1,-1,-1
325,19351,1580,507,55,91,1,-1,-1,-1
325,19354,1263,438,44,87,1,-1,-1,-1
325,19355,1105,528,33,72,1,-1,-1,-1
325,19356,1363,629,49,96,1,-1,-1,-1
325,19357,1732,546,58,92,1,-1,-1,-1
325,19358,400,460,50,88,1,-1,-1,-1
325,19380,1564,207,24,58,1,-1,-1,-1
325,19381,1749,638,47,99,1,-1,-1,-1
325,19382,1710,740,79,93,1,-1,-1,-1
325,19383,1882,354,35,101,1,-1,-1,-1
326,19345,1858,673,59,98,1,-1,-1,-1
326,19348,1487,443,50,93,1,-1,-1,-1
326,19349,1053,517,40,92,1,-1,-1,-1
326,19350,429,728,52,120,1,-1,-1,-1
326,19351,1579,505,55,92,1,-1,-1,-1
326,19354,1264,437,43,86,1,-1,-1,-1
326,19355,1103,528,32,71,1,-1,-1,-1
326,19356,1365,628,49,96,1,-1,-1,-1
326,19357,1733,544,60,92,1,-1,-1,-1
326,19358,400,459,49,89,1,-1,-1,-1
326,19380,1562,207,23,57,1,-1,-1,-1
326,19381,1746,637,48,98,1,-1,-1,-1
326,19382,1697,740,80,93,1,-1,-1,-1
326,19383,1882,353,35,98,1,-1,-1,-1
327,19345,1858,674,58,94,1,-1,-1,-1
327,19348,1487,441,49,93,1,-1,-1,-1
327,19349,1052,516,40,92,1,-1,-1,-1
327,19350,426,729,53,120,1,-1,-1,-1
327,19351,1580,503,54,91,1,-1,-1,-1
327,19354,1264,436,44,86,1,-1,-1,-1
327,19355,1101,527,33,72,1,-1,-1,-1
327,19356,1369,628,48,96,1,-1,-1,-1
327,19357,1736,542,60,92,1,-1,-1,-1
327,19358,400,457,48,89,1,-1,-1,-1
327,19380,1559,206,23,58,1,-1,-1,-1
327,19381,1746,634,48,99,1,-1,-1,-1
327,19382,1682,739,81,93,1,-1,-1,-1
327,19383,1883,353,33,93,1,-1,-1,-1
328,19345,1860,674,56,91,1,-1,-1,-1
328,19348,1488,439,49,92,1,-1,-1,-1
328,19349,1049,516,42,91,1,-1,-1,-1
328,19350,424,729,54,120,1,-1,-1,-1
328,19351,1581,501,55,91,1,-1,-1,-1
328,19354,1265,435,44,85,1,-1,-1,-1
328,19355,1099,527,34,73,1,-1,-1,-1
328,19356,1374,628,47,95,1,-1,-1,-1
328,19357,1739,540,62,93,1,-1,-1,-1
328,19358,401,455,47,89,1,-1,-1,-1
328,19380,1555,205,24,58,1,-1,-1,-1
328,19381,1746,631,49,100,1,-1,-1,-1
328,19382,1667,738,81,92,1,-1,-1,-1
328,19383,1884,352,31,89,1,-1,-1,-1
329,19345,1863,674,53,88,1,-1,-1,-1
329,19348,1490,437,47,92,1,-1,-1,-1
329,19349,1047,515,42,91,1,-1,-1,-1
329,19350,422,729,54,119,1,-1,-1,-1
329,19351,1583,499,54,91,1,-1,-1,-1
329,19354,1267,433,43,85,1,-1,-1,-1
329,19355,1097,526,34,73,1,-1,-1,-1
329,19356,1379,628,47,94,1,-1,-1,-1
329,19357,1743,538,62,93,1,-1,-1,-1
329,19358,401,452,47,90,1,-1,-1,-1
329,19380,1552,205,24,57,1,-1,-1,-1
329,19381,1747,627,49,101,1,-1,-1,-1
329,19382,1652,738,81,92,1,-1,-1,-1
329,19383,1884,351,31,86,1,-1,-1,-1
330,19345,1866,674,51,85,1,-1,-1,-1
330,19348,1491,434,47,92,1,-1,-1,-1
330,19349,1045,515,43,90,1,-1,-1,-1
330,19350,421,730,55,118,1,-1,-1,-1
330,19351,1584,497,53,90,1,-1,-1,-1
330,19354,1268,432,43,84,1,-1,-1,-1
330,19355,1095,526,34,74,1,-1,-1,-1
330,19356,1384,628,47,93,1,-1,-1,-1
330,19357,1747,536,62,94,1,-1,-1,-1
330,19358,403,450,45,90,1,-1,-1,-1
330,19380,1549,204,24,58,1,-1,-1,-1
330,19381,1748,624,50,102,1,-1,-1,-1
330,19382,1636,737,81,92,1,-1,-1,-1
330,19383,1885,351,29,80,1,-1,-1,-1
331,19345,1869,674,49,82,1,-1,-1,-1
331,19348,1492,432,46,92,1,-1,-1,-1
331,19349,1043,514,44,90,1,-1,-1,-1
331,19350,419,730,56,118,1,-1,-1,-1
331,19351,1586,495,53,89,1,-1,-1,-1
331,19354,1269,431,43,83,1,-1,-1,-1
331,19355,1093,525,35,75,1,-1,-1,-1
331,19356,1389,628,47,92,1,-1,-1,-1
331,19357,1752,534,61,94,1,-1,-1,-1
331,19358,403,447,45,91,1,-1,-1,-1
331,19380,1545,203,25,58,1,-1,-1,-1
331,19381,1749,620,50,103,1,-1,-1,-1
331,19382,1621,736,80,92,1,-1,-1,-1
331,19383,1885,349,29,77,1,-1,-1,-1
332,19345,1873,674,47,78,1,-1,-1,-1
332,19348,1493,430,45,91,1,-1,-1,-1
332,19349,1041,513,45,90,1,-1,-1,-1
332,19350,417,731,57,117,1,-1,-1,-1
332,19351,1588,493,52,87,1,-1,-1,-1
332,19354,1270,429,44,83,1,-1,-1,-1
332,19355,1090,525,35,76,1,-1,-1,-1
332,19356,1396,628,47,91,1,-1,-1,-1
332,19357,1756,532,61,94,1,-1,-1,-1
332,19358,404,444,43,92,1,-1,-1,-1
332,19380,1540,203,26,57,1,-1,-1,-1
332,19381,1751,616,49,104,1,-1,-1,-1
332,19382,1600,735,80,91,1,-1,-1,-1
332,19383,1885,346,29,72,1,-1,-1,-1
333,19345,1876,675,44,75,1,-1,-1,-1
333,19348,1495,429,44,90,1,-1,-1,-1
333,19349,1040,513,45,89,1,-1,-1,-1
333,19350,414,730,57,117,1,-1,-1,-1
333,19351,1590,492,52,87,1,-1,-1,-1
333,19354,1272,428,43,83,1,-1,-1,-1
333,19355,1090,524,36,78,1,-1,-1,-1
333,19356,1400,627,48,92,1,-1,-1,-1
333,19357,1762,531,59,94,1,-1,-1,-1
333,19358,405,443,43,92,1,-1,-1,-1
333,19380,1539,202,27,58,1,-1,-1,-1
333,19381,1754,615,48,104,1,-1,-1,-1
333,19382,1589,736,79,90,1,-1,-1,-1
333,19383,1887,347,27,68,1,-1,-1,-1
334,19345,1879,677,42,73,1,-1,-1,-1
334,19348,1498,429,43,89,1,-1,-1,-1
334,19349,1041,512,45,89,1,-1,-1,-1
334,19350,411,728,57,117,1,-1,-1,-1
334,19351,1595,492,51,86,1,-1,-1,-1
334,19354,1274,427,44,82,1,-1,-1,-1
334,19355,1090,525,36,79,1,-1,-1,-1
334,19356,1404,627,49,93,1,-1,-1,-1
334,19357,1768,531,58,94,1,-1,-1,-1
334,19358,408,441,41,93,1,-1,-1,-1
334,19380,1539,202,29,58,1,-1,-1,-1
334,19381,1757,615,48,104,1,-1,-1,-1
334,19382,1576,736,79,90,1,-1,-1,-1
334,19383,1890,350,25,62,1,-1,-1,-1
335,19345,1882,678,40,71,1,-1,-1,-1
335,19348,1501,429,43,88,1,-1,-1,-1
335,19349,1042,512,45,89,1,-1,-1,-1
335,19350,408,726,57,117,1,-1,-1,-1
335,19351,1599,491,50,85,1,-1,-1,-1
335,19354,1277,425,44,84,1,-1,-1,-1
335,19355,1091,526,37,79,1,-1,-1,-1
335,19356,1409,627,50,94,1,-1,-1,-1
335,19357,1775,531,56,93,1,-1,-1,-1
335,19358,411,441,40,92,1,-1,-1,-1
335,19380,1542,203,28,58,1,-1,-1,-1
335,19381,1761,617,48,102,1,-1,-1,-1
335,19382,1563,737,78,90,1,-1,-1,-1
335,19383,1893,353,23,58,1,-1,-1,-1
336,19345,1885,680,38,69,1,-1,-1,-1
336,19348,1505,428,42,87,1,-1,-1,-1
336,19349,1043,512,44,88,1,-1,-1,-1
336,19350,404,724,57,117,1,-1,-1,-1
336,19351,1603,491,50,85,1,-1,-1,-1
336,19354,1280,424,44,84,1,-1,-1,-1
336,19355,1091,527,38,80,1,-1,-1,-1
336,19356,1414,627,51,96,1,-1,-1,-1
336,19357,1782,532,54,90,1,-1,-1,-1
336,19358,414,440,39,92,1,-1,-1,-1
336,19380,1543,203,29,58,1,-1,-1,-1
336,19381,1766,618,48,101,1,-1,-1,-1
336,19382,1550,738,78,90,1,-1,-1,-1
336,19383,1896,357,22,52,1,-1,-1,-1
337,19345,1887,682,37,67,1,-1,-1,-1
337,19348,1508,428,42,86,1,-1,-1,-1
337,19349,1045,512,43,88,1,-1,-1,-1
337,19350,401,722,55,116,1,-1,-1,-1
337,19351,1607,491,50,84,1,-1,-1,-1
337,19354,1283,423,44,84,1,-1,-1,-1
337,19355,1093,528,37,82,1,-1,-1,-1
337,19356,1419,627,51,98,1,-1,-1,-1
337,19357,1789,532,52,90,1,-1,-1,-1
337,19358,416,439,39,92,1,-1,-1,-1
337,19380,1545,203,29,58,1,-1,-1,-1
337,19381,1769,619,49,100,1,-1,-1,-1
337,19382,1536,739,78,90,1,-1,-1,-1
338,19345,1892,685,33,63,1,-1,-1,-1
338,19348,1513,427,42,85,1,-1,-1,-1
338,19349,1047,512,42,87,1,-1,-1,-1
338,19350,396,719,54,116,1,-1,-1,-1
338,19351,1614,490,48,83,1,-1,-1,-1
338,19354,1288,422,44,84,1,-1,-1,-1
338,19355,1094,530,38,82,1,-1,-1,-1
338,19356,1426,627,53,99,1,-1,-1,-1
338,19357,1799,533,51,87,1,-1,-1,-1
338,19358,419,438,38,93,1,-1,-1,-1
338,19380,1547,204,29,58,1,-1,-1,-1
338,19381,1775,620,50,99,1,-1,-1,-1
338,19382,1519,740,77,90,1,-1,-1,-1
339,19345,1894,686,31,62,1,-1,-1,-1
339,19348,1515,427,42,84,1,-1,-1,-1
339,19349,1049,512,40,87,1,-1,-1,-1
339,19350,394,718,53,116,1,-1,-1,-1
339,19351,1616,490,48,83,1,-1,-1,-1
339,19354,1290,421,44,85,1,-1,-1,-1
339,19355,1094,531,39,83,1,-1,-1,-1
339,19356,1430,627,53,100,1,-1,-1,-1
339,19357,1804,533,49,87,1,-1,-1,-1
339,19358,421,437,38,93,1,-1,-1,-1
339,19380,1550,204,28,58,1,-1,-1,-1
339,19381,1777,621,51,98,1,-1,-1,-1
339,19382,1507,740,77,91,1,-1,-1,-1
340,19345,1895,686,30,62,1,-1,-1,-1
340,19348,1518,426,42,84,1,-1,-1,-1
340,19349,1051,512,39,87,1,-1,-1,-1
340,19350,391,717,52,115,1,-1,-1,-1
340,19351,1621,489,47,82,1,-1,-1,-1
340,19354,1295,420,44,85,1,-1,-1,-1
340,19355,1095,533,39,82,1,-1,-1,-1
340,19356,1436,627,53,100,1,-1,-1,-1
340,19357,1809,533,49,86,1,-1,-1,-1
340,19358,424,436,38,93,1,-1,-1,-1
340,19380,1552,204,29,58,1,-1,-1,-1
340,19381,1781,620,52,98,1,-1,-1,-1
340,19382,1494,740,77,91,1,-1,-1,-1
341,19345,1895,686,29,62,1,-1,-1,-1
341,19348,1521,424,42,84,1,-1,-1,-1
341,19349,1052,512,39,87,1,-1,-1,-1
341,19350,389,716,51,115,1,-1,-1,-1
341,19351,1624,487,48,84,1,-1,-1,-1
341,19354,1300,420,44,85,1,-1,-1,-1
341,19355,1097,535,38,81,1,-1,-1,-1
341,19356,1443,627,53,99,1,-1,-1,-1
341,19357,1815,533,48,86,1,-1,-1,-1
341,19358,427,435,37,91,1,-1,-1,-1
341,19380,1554,205,28,58,1,-1,-1,-1
341,19381,1785,619,53,99,1,-1,-1,-1
341,19382,1479,740,79,91,1,-1,-1,-1
342,19345,1896,686,28,62,1,-1,-1,-1
342,19348,1523,422,43,85,1,-1,-1,-1
342,19349,1054,512,38,87,1,-1,-1,-1
342,19350,386,716,51,113,1,-1,-1,-1
342,19351,1628,486,48,83,1,-1,-1,-1
342,19354,1305,420,43,85,1,-1,-1,-1
342,19355,1098,537,37,80,1,-1,-1,-1
342,19356,1450,628,53,98,1,-1,-1,-1
342,19357,1820,533,48,85,1,-1,-1,-1
342,19358,431,433,36,92,1,-1,-1,-1
342,19380,1557,205,27,58,1,-1,-1,-1
342,19381,1790,617,53,100,1,-1,-1,-1
342,19382,1465,739,79,92,1,-1,-1,-1
343,19345,1896,686,27,62,1,-1,-1,-1
343,19348,1526,420,43,86,1,-1,-1,-1
343,19349,1056,512,37,87,1,-1,-1,-1
343,19350,382,716,51,111,1,-1,-1,-1
343,19351,1633,485,48,83,1,-1,-1,-1
343,19354,1310,419,43,85,1,-1,-1,-1
343,19355,1100,539,36,79,1,-1,-1,-1
343,19356,1457,628,52,97,1,-1,-1,-1
343,19357,1825,533,49,84,1,-1,-1,-1
343,19358,434,432,35,90,1,-1,-1,-1
343,19380,1559,206,27,58,1,-1,-1,-1
343,19381,1795,615,54,101,1,-1,-1,-1
343,19382,1451,739,80,93,1,-1,-1,-1
344,19345,1896,686,27,62,1,-1,-1,-1
344,19348,1531,416,43,87,1,-1,-1,-1
344,19349,1058,512,37,87,1,-1,-1,-1
344,19350,377,716,52,109,1,-1,-1,-1
344,19351,1639,482,49,85,1,-1,-1,-1
344,19354,1319,418,43,85,1,-1,-1,-1
344,19355,1102,543,36,78,1,-1,-1,-1
344,19356,1469,629,52,96,1,-1,-1,-1
344,19357,1833,532,50,84,1,-1,-1,-1
344,19358,440,429,34,90,1,-1,-1,-1
344,19380,1563,206,26,58,1,-1,-1,-1
344,19381,1803,612,53,103,1,-1,-1,-1
344,19382,1431,738,81,94,1,-1,-1,-1
345,19348,1532,415,43,87,1,-1,-1,-1
345,19349,1059,512,36,87,1,-1,-1,-1
345,19350,375,716,52,108,1,-1,-1,-1
345,19351,1642,481,49,85,1,-1,-1,-1
345,19354,1323,418,42,84,1,-1,-1,-1
345,19355,1103,544,35,79,1,-1,-1,-1
345,19356,1473,629,52,95,1,-1,-1,-1
345,19357,1836,532,50,83,1,-1,-1,-1
345,19358,442,428,33,89,1,-1,-1,-1
345,19380,1564,207,26,58,1,-1,-1,-1
345,19381,1807,611,52,104,1,-1,-1,-1
345,19382,1420,738,82,95,1,-1,-1,-1
346,19348,1537,414,42,87,1,-1,-1,-1
346,19349,1061,513,36,87,1,-1,-1,-1
346,19350,376,716,53,107,1,-1,-1,-1
346,19351,1647,480,49,85,1,-1,-1,-1
346,19354,1328,418,42,84,1,-1,-1,-1
346,19355,1105,546,35,78,1,-1,-1,-1
346,19356,1481,630,52,94,1,-1,-1,-1
346,19357,1841,532,51,83,1,-1,-1,-1
346,19358,446,428,33,88,1,-1,-1,-1
346,19380,1567,207,25,58,1,-1,-1,-1
346,19381,1813,612,51,104,1,-1,-1,-1
346,19382,1408,738,82,95,1,-1,-1,-1
347,19348,1541,413,42,87,1,-1,-1,-1
347,19349,1062,513,35,87,1,-1,-1,-1
347,19350,377,715,54,107,1,-1,-1,-1
347,19351,1654,479,49,85,1,-1,-1,-1
347,19354,1334,417,42,84,1,-1,-1,-1
347,19355,1107,547,35,78,1,-1,-1,-1
347,19356,1491,631,50,94,1,-1,-1,-1
347,19357,1846,531,53,85,1,-1,-1,-1
347,19358,452,428,33,87,1,-1,-1,-1
347,19380,1571,207,24,58,1,-1,-1,-1
347,19381,1820,614,50,103,1,-1,-1,-1
347,19382,1394,739,82,95,1,-1,-1,-1
348,19348,1546,412,41,87,1,-1,-1,-1
348,19349,1064,513,35,87,1,-1,-1,-1
348,19350,379,714,55,107,1,-1,-1,-1
348,19351,1660,478,50,85,1,-1,-1,-1
348,19354,1342,417,41,84,1,-1,-1,-1
348,19355,1109,548,36,78,1,-1,-1,-1
348,19356,1500,633,51,94,1,-1,-1,-1
348,19357,1852,531,53,84,1,-1,-1,-1
348,19358,458,429,32,85,1,-1,-1,-1
348,19380,1574,207,24,58,1,-1,-1,-1
348,19381,1827,615,49,103,1,-1,-1,-1
348,19382,1380,739,83,95,1,-1,-1,-1
349,19348,1551,412,40,87,1,-1,-1,-1
349,19349,1065,513,35,86,1,-1,-1,-1
349,19350,381,713,57,107,1,-1,-1,-1
349,19351,1667,477,50,85,1,-1,-1,-1
349,19354,1349,417,41,83,1,-1,-1,-1
349,19355,1112,549,35,78,1,-1,-1,-1
349,19356,1510,634,50,93,1,-1,-1,-1
349,19357,1859,530,52,85,1,-1,-1,-1
349,19358,464,429,33,84,1,-1,-1,-1
349,19380,1578,208,23,57,1,-1,-1,-1
349,19381,1834,617,49,102,1,-1,-1,-1
349,19382,1366,740,83,95,1,-1,-1,-1
350,19348,1556,411,40,87,1,-1,-1,-1
350,19349,1066,514,35,86,1,-1,-1,-1
350,19350,383,712,58,107,1,-1,-1,-1
350,19351,1674,477,50,85,1,-1,-1,-1
350,19354,1356,417,41,83,1,-1,-1,-1
350,19355,1114,550,35,78,1,-1,-1,-1
350,19356,1521,635,48,93,1,-1,-1,-1
350,19357,1866,529,51,86,1,-1,-1,-1
350,19358,470,429,33,82,1,-1,-1,-1
350,19380,1580,208,24,57,1,-1,-1,-1
350,19381,1841,619,49,101,1,-1,-1,-1
350,19382,1346,741,83,95,1,-1,-1,-1
351,19348,1562,410,39,87,1,-1,-1,-1
351,19349,1067,514,35,86,1,-1,-1,-1
351,19350,385,711,59,107,1,-1,-1,-1
351,19351,1681,476,50,85,1,-1,-1,-1
351,19354,1363,416,41,83,1,-1,-1,-1
351,19355,1116,551,35,78,1,-1,-1,-1
351,19356,1532,637,46,93,1,-1,-1,-1
351,19357,1873,528,50,87,1,-1,-1,-1
351,19358,475,429,34,81,1,-1,-1,-1
351,19380,1584,208,23,57,1,-1,-1,-1
351,19381,1849,621,49,100,1,-1,-1,-1
351,19382,1336,741,83,96,1,-1,-1,-1
352,19348,1565,409,38,87,1,-1,-1,-1
352,19349,1068,514,36,87,1,-1,-1,-1
352,19350,388,710,59,107,1,-1,-1,-1
352,19351,1686,476,50,84,1,-1,-1,-1
352,19354,1368,416,41,83,1,-1,-1,-1
352,19355,1118,551,35,79,1,-1,-1,-1
352,19356,1539,638,47,94,1,-1,-1,-1
352,19357,1875,528,50,87,1,-1,-1,-1
352,19358,479,429,35,79,1,-1,-1,-1
352,19380,1587,208,23,57,1,-1,-1,-1
352,19381,1853,622,50,99,1,-1,-1,-1
352,19382,1322,742,83,95,1,-1,-1,-1
353,19348,1568,408,38,87,1,-1,-1,-1
353,19349,1069,515,36,87,1,-1,-1,-1
353,19350,390,710,61,106,1,-1,-1,-1
353,19351,1692,477,49,83,1,-1,-1,-1
353,19354,1373,415,41,83,1,-1,-1,-1
353,19355,1119,550,36,81,1,-1,-1,-1
353,19356,1546,640,46,94,1,-1,-1,-1
353,19357,1877,528,48,87,1,-1,-1,-1
353,19358,482,428,36,79,1,-1,-1,-1
353,19380,1590,208,23,57,1,-1,-1,-1
353,19381,1857,623,49,98,1,-1,-1,-1
353,19382,1306,742,84,96,1,-1,-1,-1
354,19348,1572,407,37,87,1,-1,-1,-1
354,19349,1071,515,37,88,1,-1,-1,-1
354,19350,393,709,61,106,1,-1,-1,-1
354,19351,1698,478,49,82,1,-1,-1,-1
354,19354,1376,414,42,83,1,-1,-1,-1
354,19355,1120,550,37,82,1,-1,-1,-1
354,19356,1552,641,46,96,1,-1,-1,-1
354,19357,1877,528,48,87,1,-1,-1,-1
354,19358,486,427,36,79,1,-1,-1,-1
354,19380,1593,208,23,57,1,-1,-1,-1
354,19381,1860,624,49,97,1,-1,-1,-1
354,19382,1290,741,85,98,1,-1,-1,-1
355,19348,1573,406,38,88,1,-1,-1,-1
355,19349,1072,516,37,87,1,-1,-1,-1
355,19350,396,708,62,107,1,-1,-1,-1
355,19351,1703,479,48,81,1,-1,-1,-1
355,19354,1380,413,42,83,1,-1,-1,-1
355,19355,1121,549,38,84,1,-1,-1,-1
355,19356,1558,643,46,97,1,-1,-1,-1
355,19357,1877,528,47,87,1,-1,-1,-1
355,19358,489,426,37,79,1,-1,-1,-1
355,19380,1596,208,24,57,1,-1,-1,-1
355,19381,1863,624,49,97,1,-1,-1,-1
355,19382,1274,741,85,98,1,-1,-1,-1
356,19348,1577,405,38,88,1,-1,-1,-1
356,19349,1073,516,38,89,1,-1,-1,-1
356,19350,400,707,62,107,1,-1,-1,-1
356,19351,1711,480,47,80,1,-1,-1,-1
356,19354,1386,412,42,83,1,-1,-1,-1
356,19355,1124,549,38,87,1,-1,-1,-1
356,19356,1568,646,47,98,1,-1,-1,-1
356,19357,1878,528,45,87,1,-1,-1,-1
356,19358,494,424,37,80,1,-1,-1,-1
356,19380,1601,209,24,56,1,-1,-1,-1
356,19381,1868,625,49,95,1,-1,-1,-1
356,19382,1257,741,86,99,1,-1,-1,-1
357,19348,1582,404,38,87,1,-1,-1,-1
357,19349,1074,516,39,89,1,-1,-1,-1
357,19350,403,707,63,107,1,-1,-1,-1
357,19351,1723,480,46,79,1,-1,-1,-1
357,19354,1392,411,43,83,1,-1,-1,-1
357,19355,1125,548,38,88,1,-1,-1,-1
357,19356,1577,647,47,99,1,-1,-1,-1
357,19358,497,423,37,80,1,-1,-1,-1
357,19380,1605,209,25,56,1,-1,-1,-1
357,19381,1874,624,47,93,1,-1,-1,-1
357,19382,1239,741,88,101,1,-1,-1,-1
358,19348,1586,402,37,87,1,-1,-1,-1
358,19349,1075,517,38,89,1,-1,-1,-1
358,19350,406,706,63,107,1,-1,-1,-1
358,19351,1729,479,46,79,1,-1,-1,-1
358,19354,1397,410,43,83,1,-1,-1,-1
358,19355,1126,547,39,89,1,-1,-1,-1
358,19356,1584,648,47,99,1,-1,-1,-1
358,19358,502,423,36,79,1,-1,-1,-1
358,19380,1608,209,25,56,1,-1,-1,-1
358,19381,1878,624,46,92,1,-1,-1,-1
358,19382,1225,741,87,102,1,-1,-1,-1
359,19348,1589,401,38,86,1,-1,-1,-1
359,19349,1076,517,38,89,1,-1,-1,-1
359,19350,407,706,64,106,1,-1,-1,-1
359,19351,1733,478,47,80,1,-1,-1,-1
359,19354,1402,409,43,84,1,-1,-1,-1
359,19355,1128,546,38,90,1,-1,-1,-1
359,19356,1588,649,48,99,1,-1,-1,-1
359,19358,508,422,36,79,1,-1,-1,-1
359,19380,1611,209,25,56,1,-1,-1,-1
359,19381,1881,627,44,88,1,-1,-1,-1
359,19382,1210,741,87,102,1,-1,-1,-1
360,19348,1593,399,37,86,1,-1,-1,-1
360,19349,1077,517,38,89,1,-1,-1,-1
360,19350,409,705,64,106,1,-1,-1,-1
360,19351,1738,477,47,80,1,-1,-1,-1
360,19354,1408,409,43,83,1,-1,-1,-1
360,19355,1130,545,38,91,1,-1,-1,-1
360,19356,1594,649,48,100,1,-1,-1,-1
360,19358,514,422,36,78,1,-1,-1,-1
360,19380,1614,209,25,56,1,-1,-1,-1
360,19381,1884,629,42,87,1,-1,-1,-1
360,19382,1196,741,87,102,1,-1,-1,-1
361,19348,1597,398,36,85,1,-1,-1,-1
361,19349,1078,517,38,90,1,-1,-1,-1
361,19350,411,704,64,106,1,-1,-1,-1
361,19351,1741,476,48,80,1,-1,-1,-1
361,19354,1413,408,44,84,1,-1,-1,-1
361,19355,1131,544,38,92,1,-1,-1,-1
361,19356,1599,650,49,100,1,-1,-1,-1
361,19358,520,422,37,77,1,-1,-1,-1
361,19380,1617,210,25,56,1,-1,-1,-1
361,19381,1888,632,38,84,1,-1,-1,-1
361,19382,1181,741,87,102,1,-1,-1,-1
362,19348,1600,396,36,85,1,-1,-1,-1
362,19349,1080,517,37,90,1,-1,-1,-1
362,19350,414,703,63,106,1,-1,-1,-1
362,19351,1745,475,48,81,1,-1,-1,-1
362,19354,1419,407,44,84,1,-1,-1,-1
362,19355,1133,542,38,93,1,-1,-1,-1
362,19356,1604,651,50,100,1,-1,-1,-1
362,19358,527,421,36,77,1,-1,-1,-1
362,19380,1620,210,25,56,1,-1,-1,-1
362,19381,1891,635,36,81,1,-1,-1,-1
362,19382,1166,741,87,103,1,-1,-1,-1
363,19348,1604,395,35,83,1,-1,-1,-1
363,19349,1081,517,37,90,1,-1,-1,-1
363,19350,416,702,62,105,1,-1,-1,-1
363,19351,1750,475,49,80,1,-1,-1,-1
363,19354,1426,407,43,84,1,-1,-1,-1
363,19355,1136,541,37,94,1,-1,-1,-1
363,19356,1611,651,50,101,1,-1,-1,-1
363,19358,534,421,35,75,1,-1,-1,-1
363,19380,1623,210,26,56,1,-1,-1,-1
363,19381,1895,638,32,79,1,-1,-1,-1
363,19382,1147,742,86,102,1,-1,-1,-1
364,19348,1606,394,35,83,1,-1,-1,-1
364,19349,1082,517,36,90,1,-1,-1,-1
364,19350,417,701,62,105,1,-1,-1,-1
364,19351,1753,474,50,81,1,-1,-1,-1
364,19354,1430,406,43,84,1,-1,-1,-1
364,19355,1137,541,37,94,1,-1,-1,-1
364,19356,1615,652,51,101,1,-1,-1,-1
364,19358,539,420,35,75,1,-1,-1,-1
364,19380,1625,211,26,56,1,-1,-1,-1
364,19382,1135,742,86,101,1,-1,-1,-1
365,19348,1608,393,34,83,1,-1,-1,-1
365,19349,1082,517,35,90,1,-1,-1,-1
365,19350,418,700,61,104,1,-1,-1,-1
365,19351,1757,473,50,81,1,-1,-1,-1
365,19354,1434,406,44,83,1,-1,-1,-1
365,19355,1138,540,37,95,1,-1,-1,-1
365,19356,1619,652,51,101,1,-1,-1,-1
365,19358,542,420,36,75,1,-1,-1,-1
365,19380,1627,210,27,56,1,-1,-1,-1
365,19382,1120,741,84,101,1,-1,-1,-1
366,19348,1610,392,34,83,1,-1,-1,-1
366,19349,1081,517,35,90,1,-1,-1,-1
366,19350,420,699,60,105,1,-1,-1,-1
366,19351,1761,473,49,80,1,-1,-1,-1
366,19354,1439,405,43,83,1,-1,-1,-1
366,19355,1138,541,37,94,1,-1,-1,-1
366,19356,1623,653,51,101,1,-1,-1,-1
366,19358,544,419,36,75,1,-1,-1,-1
366,19380,1629,210,27,56,1,-1,-1,-1
366,19382,1104,741,82,100,1,-1,-1,-1
367,19348,1611,391,34,83,1,-1,-1,-1
367,19349,1080,516,35,90,1,-1,-1,-1
367,19350,421,698,60,105,1,-1,-1,-1
367,19351,1765,472,49,80,1,-1,-1,-1
367,19354,1443,405,43,82,1,-1,-1,-1
367,19355,1139,541,37,95,1,-1,-1,-1
367,19356,1628,654,50,101,1,-1,-1,-1
367,19358,547,418,36,75,1,-1,-1,-1
367,19380,1631,209,27,57,1,-1,-1,-1
367,19382,1088,741,80,99,1,-1,-1,-1
368,19348,1612,390,33,82,1,-1,-1,-1
368,19349,1080,516,34,90,1,-1,-1,-1
368,19350,423,698,59,104,1,-1,-1,-1
368,19351,1770,472,48,80,1,-1,-1,-1
368,19354,1448,405,42,81,1,-1,-1,-1
368,19355,1139,541,37,95,1,-1,-1,-1
368,19356,1633,655,50,100,1,-1,-1,-1
368,19358,549,417,37,76,1,-1,-1,-1
368,19380,1633,209,27,57,1,-1,-1,-1
368,19382,1070,740,79,99,1,-1,-1,-1
369,19348,1615,389,33,82,1,-1,-1,-1
369,19349,1079,516,34,89,1,-1,-1,-1
369,19350,425,697,58,104,1,-1,-1,-1
369,19351,1777,471,48,79,1,-1,-1,-1
369,19354,1455,405,42,80,1,-1,-1,-1
369,19355,1141,542,36,94,1,-1,-1,-1
369,19356,1640,657,49,99,1,-1,-1,-1
369,19358,553,415,36,77,1,-1,-1,-1
369,19380,1636,208,28,57,1,-1,-1,-1
369,19382,1048,739,77,98,1,-1,-1,-1
370,19348,1616,388,32,82,1,-1,-1,-1
370,19349,1079,515,33,90,1,-1,-1,-1
370,19350,427,696,55,105,1,-1,-1,-1
370,19351,1780,470,46,79,1,-1,-1,-1
370,19354,1458,405,42,79,1,-1,-1,-1
370,19355,1141,542,35,95,1,-1,-1,-1
370,19356,1643,658,49,98,1,-1,-1,-1
370,19358,555,414,36,77,1,-1,-1,-1
370,19380,1637,208,29,57,1,-1,-1,-1
370,19382,1035,739,74,98,1,-1,-1,-1
371,19348,1618,387,31,82,1,-1,-1,-1
371,19349,1078,515,33,90,1,-1,-1,-1
371,19350,429,696,54,106,1,-1,-1,-1
371,19351,1784,471,45,79,1,-1,-1,-1
371,19354,1461,404,43,79,1,-1,-1,-1
371,19355,1140,542,35,93,1,-1,-1,-1
371,19356,1647,659,48,98,1,-1,-1,-1
371,19358,558,414,36,76,1,-1,-1,-1
371,19380,1640,207,28,58,1,-1,-1,-1
371,19382,1018,737,74,99,1,-1,-1,-1
372,19348,1619,387,31,80,1,-1,-1,-1
372,19349,1077,515,34,89,1,-1,-1,-1
372,19350,431,695,54,106,1,-1,-1,-1
372,19351,1788,471,44,78,1,-1,-1,-1
372,19354,1465,403,43,79,1,-1,-1,-1
372,19355,1138,541,35,93,1,-1,-1,-1
372,19356,1651,662,48,96,1,-1,-1,-1
372,19358,561,413,36,77,1,-1,-1,-1
372,19380,1642,208,29,57,1,-1,-1,-1
372,19382,1000,735,75,101,1,-1,-1,-1
373,19348,1620,386,30,80,1,-1,-1,-1
373,19349,1076,515,34,89,1,-1,-1,-1
373,19350,433,695,53,107,1,-1,-1,-1
373,19351,1792,472,43,78,1,-1,-1,-1
373,19354,1469,402,44,79,1,-1,-1,-1
373,19355,1136,540,36,93,1,-1,-1,-1
373,19356,1656,664,46,95,1,-1,-1,-1
373,19358,565,412,35,77,1,-1,-1,-1
373,19380,1645,208,29,57,1,-1,-1,-1
373,19382,982,734,75,102,1,-1,-1,-1
374,19348,1621,385,30,79,1,-1,-1,-1
374,19349,1075,515,34,89,1,-1,-1,-1
374,19350,435,695,52,106,1,-1,-1,-1
374,19351,1796,472,42,78,1,-1,-1,-1
374,19354,1473,400,44,80,1,-1,-1,-1
374,19355,1134,540,36,93,1,-1,-1,-1
374,19356,1660,666,46,94,1,-1,-1,-1
374,19358,569,412,35,77,1,-1,-1,-1
374,19380,1648,209,28,57,1,-1,-1,-1
374,19382,963,732,76,104,1,-1,-1,-1
375,19348,1624,385,30,76,1,-1,-1,-1
375,19349,1075,514,34,89,1,-1,-1,-1
375,19350,438,694,51,107,1,-1,-1,-1
375,19351,1802,473,41,77,1,-1,-1,-1
375,19354,1479,398,45,81,1,-1,-1,-1
375,19355,1131,538,36,93,1,-1,-1,-1
375,19356,1668,670,44,91,1,-1,-1,-1
375,19358,575,411,34,77,1,-1,-1,-1
375,19380,1653,210,28,57,1,-1,-1,-1
375,19382,944,731,77,105,1,-1,-1,-1
376,19348,1624,384,31,76,1,-1,-1,-1
376,19349,1074,514,33,89,1,-1,-1,-1
376,19350,439,694,51,107,1,-1,-1,-1
376,19351,1805,473,39,77,1,-1,-1,-1
376,19354,1482,397,44,81,1,-1,-1,-1
376,19355,1129,538,37,93,1,-1,-1,-1
376,19356,1670,671,44,91,1,-1,-1,-1
376,19358,577,410,34,77,1,-1,-1,-1
376,19380,1654,210,28,57,1,-1,-1,-1
376,19382,923,729,79,107,1,-1,-1,-1
377,19348,1625,382,30,77,1,-1,-1,-1
377,19349,1072,514,34,88,1,-1,-1,-1
377,19350,442,695,50,106,1,-1,-1,-1
377,19351,1806,473,39,77,1,-1,-1,-1
377,19354,1485,396,44,81,1,-1,-1,-1
377,19355,1127,537,37,93,1,-1,-1,-1
377,19356,1672,672,44,91,1,-1,-1,-1
377,19358,579,409,33,77,1,-1,-1,-1
377,19380,1655,211,27,57,1,-1,-1,-1
377,19382,910,728,78,107,1,-1,-1,-1
378,19348,1624,380,31,77,1,-1,-1,-1
378,19349,1069,514,34,88,1,-1,-1,-1
378,19350,445,696,50,104,1,-1,-1,-1
378,19351,1807,472,39,78,1,-1,-1,-1
378,19354,1488,395,44,81,1,-1,-1,-1
378,19355,1125,537,37,91,1,-1,-1,-1
378,19356,1674,673,44,91,1,-1,-1,-1
378,19358,579,407,34,79,1,-1,-1,-1
378,19380,1656,211,27,57,1,-1,-1,-1
378,19382,899,729,76,104,1,-1,-1,-1
379,19348,1623,378,32,77,1,-1,-1,-1
379,19349,1067,514,34,88,1,-1,-1,-1
379,19350,449,697,48,102,1,-1,-1,-1
379,19351,1806,471,40,79,1,-1,-1,-1
379,19354,1491,394,43,82,1,-1,-1,-1
379,19355,1123,536,37,91,1,-1,-1,-1
379,19356,1676,674,44,91,1,-1,-1,-1
379,19358,580,405,34,80,1,-1,-1,-1
379,19380,1656,211,26,57,1,-1,-1,-1
379,19382,889,729,73,102,1,-1,-1,-1
380,19348,1623,375,32,79,1,-1,-1,-1
380,19349,1064,514,34,87,1,-1,-1,-1
380,19350,451,698,49,100,1,-1,-1,-1
380,19351,1807,471,40,80,1,-1,-1,-1
380,19354,1493,393,44,82,1,-1,-1,-1
380,19355,1120,535,38,91,1,-1,-1,-1
380,19356,1678,675,45,92,1,-1,-1,-1
380,19358,581,404,34,80,1,-1,-1,-1
380,19380,1656,211,26,56,1,-1,-1,-1
380,19382,879,729,70,100,1,-1,-1,-1
380,19384,1905,505,13,91,1,-1,-1,-1
381,19348,1623,373,32,79,1,-1,-1,-1
381,19349,1062,514,33,87,1,-1,-1,-1
381,19350,454,699,49,98,1,-1,-1,-1
381,19351,1807,470,41,81,1,-1,-1,-1
381,19354,1496,392,43,82,1,-1,-1,-1
381,19355,1118,535,37,90,1,-1,-1,-1
381,19356,1679,676,46,92,1,-1,-1,-1
381,19358,581,402,35,81,1,-1,-1,-1
381,19380,1657,210,25,56,1,-1,-1,-1
381,19382,863,730,64,95,1,-1,-1,-1
381,19384,1902,505,13,90,1,-1,-1,-1
382,19348,1622,370,33,80,1,-1,-1,-1
382,19349,1058,513,33,87,1,-1,-1,-1
382,19350,458,700,49,95,1,-1,-1,-1
382,19351,1807,469,42,82,1,-1,-1,-1
382,19354,1500,391,42,83,1,-1,-1,-1
382,19355,1115,534,38,89,1,-1,-1,-1
382,19356,1681,677,47,93,1,-1,-1,-1
382,19358,582,399,36,84,1,-1,-1,-1
382,19380,1657,210,25,56,1,-1,-1,-1
382,19382,859,730,60,94,1,-1,-1,-1
382,19384,1897,504,14,90,1,-1,-1,-1
383,19348,1621,369,32,79,1,-1,-1,-1
383,19349,1056,513,33,87,1,-1,-1,-1
383,19350,458,700,51,94,1,-1,-1,-1
383,19351,1806,468,43,83,1,-1,-1,-1
383,19354,1500,390,42,83,1,-1,-1,-1
383,19355,1111,533,38,89,1,-1,-1,-1
383,19356,1681,677,47,94,1,-1,-1,-1
383,19358,581,398,36,84,1,-1,-1,-1
383,19380,1656,210,25,56,1,-1,-1,-1
383,19382,846,730,58,92,1,-1,-1,-1
383,19384,1893,504,14,90,1,-1,-1,-1
383,19385,1894,769,21,96,1,-1,-1,-1
384,19348,1618,367,32,80,1,-1,-1,-1
384,19349,1051,513,33,87,1,-1,-1,-1
384,19350,456,698,53,96,1,-1,-1,-1
384,19351,1804,467,43,83,1,-1,-1,-1
384,19354,1499,389,42,82,1,-1,-1,-1
384,19355,1106,532,38,89,1,-1,-1,-1
384,19356,1681,677,48,95,1,-1,-1,-1
384,19358,580,397,35,84,1,-1,-1,-1
384,19380,1653,209,25,56,1,-1,-1,-1
384,19382,831,730,57,92,1,-1,-1,-1
384,19384,1885,504,15,91,1,-1,-1,-1
384,19385,1889,768,21,99,1,-1,-1,-1
385,19348,1614,365,33,81,1,-1,-1,-1
385,19349,1047,513,33,87,1,-1,-1,-1
385,19350,454,696,56,98,1,-1,-1,-1
385,19351,1802,466,43,82,1,-1,-1,-1
385,19354,1498,387,41,82,1,-1,-1,-1
385,19355,1100,531,38,89,1,-1,-1,-1
385,19356,1679,677,49,96,1,-1,-1,-1
385,19358,577,395,36,85,1,-1,-1,-1
385,19380,1650,209,25,56,1,-1,-1,-1
385,19382,815,730,56,91,1,-1,-1,-1
385,19384,1876,504,16,91,1,-1,-1,-1
385,19385,1882,767,22,103,1,-1,-1,-1
386,19348,1611,364,32,80,1,-1,-1,-1
386,19349,1042,513,33,87,1,-1,-1,-1
386,19350,451,694,59,100,1,-1,-1,-1
386,19351,1799,465,43,81,1,-1,-1,-1
386,19354,1496,386,41,81,1,-1,-1,-1
386,19355,1093,530,38,89,1,-1,-1,-1
386,19356,1678,677,50,98,1,-1,-1,-1
386,19358,575,394,36,84,1,-1,-1,-1
386,19380,1647,208,25,56,1,-1,-1,-1
386,19382,797,730,57,90,1,-1,-1,-1
386,19384,1868,504,17,91,1,-1,-1,-1
386,19385,1875,767,23,106,1,-1,-1,-1
387,19348,1607,362,32,81,1,-1,-1,-1
387,19349,1038,513,33,86,1,-1,-1,-1
387,19350,448,691,62,102,1,-1,-1,-1
387,19351,1797,464,42,81,1,-1,-1,-1
387,19354,1494,385,41,80,1,-1,-1,-1
387,19355,1086,529,39,89,1,-1,-1,-1
387,19356,1676,676,51,100,1,-1,-1,-1
387,19358,573,392,36,85,1,-1,-1,-1
387,19380,1643,208,26,56,1,-1,-1,-1
387,19382,780,729,57,90,1,-1,-1,-1
387,19384,1859,505,19,92,1,-1,-1,-1
387,19385,1868,767,25,109,1,-1,-1,-1
388,19348,1603,360,31,81,1,-1,-1,-1
388,19349,1031,512,33,87,1,-1,-1,-1
388,19350,446,689,65,104,1,-1,-1,-1
388,19351,1793,462,42,80,1,-1,-1,-1
388,19354,1492,382,41,80,1,-1,-1,-1
388,19355,1077,527,39,89,1,-1,-1,-1
388,19356,1675,676,51,101,1,-1,-1,-1
388,19358,569,390,37,85,1,-1,-1,-1
388,19380,1638,207,26,56,1,-1,-1,-1
388,19382,755,729,58,90,1,-1,-1,-1
388,19384,1848,505,20,92,1,-1,-1,-1
388,19385,1860,767,27,112,1,-1,-1,-1
389,19348,1599,358,31,81,1,-1,-1,-1
389,19349,1027,512,32,87,1,-1,-1,-1
389,19350,444,688,66,104,1,-1,-1,-1
389,19351,1790,461,41,80,1,-1,-1,-1
389,19354,1489,381,41,79,1,-1,-1,-1
389,19355,1072,526,39,89,1,-1,-1,-1
389,19356,1673,676,51,101,1,-1,-1,-1
389,19358,567,389,37,85,1,-1,-1,-1
389,19380,1634,207,27,55,1,-1,-1,-1
389,19382,743,729,58,89,1,-1,-1,-1
389,19384,1839,505,21,92,1,-1,-1,-1
389,19385,1850,766,29,114,1,-1,-1,-1
389,19386,1900,528,14,87,1,-1,-1,-1
390,19348,1593,357,30,79,1,-1,-1,-1
390,19349,1020,511,32,86,1,-1,-1,-1
390,19350,442,689,67,103,1,-1,-1,-1
390,19351,1781,460,42,79,1,-1,-1,-1
390,19354,1485,379,40,79,1,-1,-1,-1
390,19355,1065,524,39,89,1,-1,-1,-1
390,19356,1669,676,51,100,1,-1,-1,-1
390,19358,563,388,37,84,1,-1,-1,-1
390,19380,1628,205,27,56,1,-1,-1,-1
390,19382,728,729,59,88,1,-1,-1,-1
390,19384,1826,504,23,93,1,-1,-1,-1
390,19385,1838,766,30,113,1,-1,-1,-1
390,19386,1894,526,14,86,1,-1,-1,-1
391,19348,1586,355,29,77,1,-1,-1,-1
391,19349,1012,510,32,86,1,-1,-1,-1
391,19350,441,691,68,99,1,-1,-1,-1
391,19351,1771,458,42,79,1,-1,-1,-1
391,19354,1480,376,40,78,1,-1,-1,-1
391,19355,1058,522,39,89,1,-1,-1,-1
391,19356,1665,676,50,98,1,-1,-1,-1
391,19358,558,386,37,84,1,-1,-1,-1
391,19380,1621,204,28,56,1,-1,-1,-1
391,19382,712,728,59,86,1,-1,-1,-1
391,19384,1813,503,25,93,1,-1,-1,-1
391,19385,1825,766,31,111,1,-1,-1,-1
391,19386,1886,525,14,86,1,-1,-1,-1
392,19348,1578,353,29,75,1,-1,-1,-1
392,19349,1004,509,32,85,1,-1,-1,-1
392,19350,440,692,67,97,1,-1,-1,-1
392,19351,1761,456,42,79,1,-1,-1,-1
392,19354,1475,373,39,78,1,-1,-1,-1
392,19355,1051,520,40,89,1,-1,-1,-1
392,19356,1660,676,50,96,1,-1,-1,-1
392,19358,551,385,38,83,1,-1,-1,-1
392,19380,1614,203,28,55,1,-1,-1,-1
392,19382,697,727,59,84,1,-1,-1,-1
392,19384,1800,502,26,93,1,-1,-1,-1
392,19385,1810,767,33,109,1,-1,-1,-1
392,19386,1877,523,15,85,1,-1,-1,-1
393,19348,1570,351,28,74,1,-1,-1,-1
393,19349,996,508,31,85,1,-1,-1,-1
393,19350,439,694,66,94,1,-1,-1,-1
393,19351,1752,454,41,78,1,-1,-1,-1
393,19354,1469,370,38,77,1,-1,-1,-1
393,19355,1043,518,40,89,1,-1,-1,-1
393,19356,1655,675,48,93,1,-1,-1,-1
393,19358,545,384,39,81,1,-1,-1,-1
393,19380,1607,202,28,55,1,-1,-1,-1
393,19382,682,726,58,83,1,-1,-1,-1
393,19384,1786,501,28,94,1,-1,-1,-1
393,19385,1797,767,33,108,1,-1,-1,-1
393,19386,1869,522,16,84,1,-1,-1,-1
394,19348,1558,347,27,72,1,-1,-1,-1
394,19349,984,506,30,84,1,-1,-1,-1
394,19350,439,697,64,88,1,-1,-1,-1
394,19351,1741,452,42,78,1,-1,-1,-1
394,19354,1461,366,37,76,1,-1,-1,-1
394,19355,1032,515,40,90,1,-1,-1,-1
394,19356,1647,675,48,89,1,-1,-1,-1
394,19358,537,382,39,80,1,-1,-1,-1
394,19380,1597,200,27,55,1,-1,-1,-1
394,19382,662,725,58,80,1,-1,-1,-1
394,19384,1769,500,29,94,1,-1,-1,-1
394,19385,1777,767,35,106,1,-1,-1,-1
394,19386,1857,519,18,84,1,-1,-1,-1
395,19348,1551,345,28,71,1,-1,-1,-1
395,19349,977,505,30,84,1,-1,-1,-1
395,19350,436,698,65,86,1,-1,-1,-1
395,19351,1730,450,43,78,1,-1,-1,-1
395,19354,1457,364,36,76,1,-1,-1,-1
395,19355,1026,514,41,89,1,-1,-1,-1
395,19356,1643,675,47,88,1,-1,-1,-1
395,19358,533,381,39,80,1,-1,-1,-1
395,19380,1591,199,28,55,1,-1,-1,-1
395,19382,650,724,59,80,1,-1,-1,-1
395,19384,1761,501,31,94,1,-1,-1,-1
395,19385,1766,767,36,104,1,-1,-1,-1
395,19386,1850,518,19,84,1,-1,-1,-1
395,19387,1883,623,33,92,1,-1,-1,-1
396,19348,1541,343,28,71,1,-1,-1,-1
396,19349,968,504,29,83,1,-1,-1,-1
396,19350,429,695,66,88,1,-1,-1,-1
396,19351,1719,448,43,77,1,-1,-1,-1
396,19354,1449,362,35,76,1,-1,-1,-1
396,19355,1017,512,40,89,1,-1,-1,-1
396,19356,1636,674,47,88,1,-1,-1,-1
396,19358,525,381,40,78,1,-1,-1,-1
396,19380,1582,198,27,54,1,-1,-1,-1
396,19382,636,722,61,81,1,-1,-1,-1
396,19384,1748,500,31,94,1,-1,-1,-1
396,19385,1749,765,38,105,1,-1,-1,-1
396,19386,1837,517,21,83,1,-1,-1,-1
396,19387,1874,621,33,93,1,-1,-1,-1
397,19348,1530,339,28,73,1,-1,-1,-1
397,19349,956,503,30,83,1,-1,-1,-1
397,19350,420,691,67,90,1,-1,-1,-1
397,19351,1708,446,42,76,1,-1,-1,-1
397,19354,1439,360,35,76,1,-1,-1,-1
397,19355,1006,511,40,88,1,-1,-1,-1
397,19356,1627,673,48,89,1,-1,-1,-1
397,19358,517,381,40,77,1,-1,-1,-1
397,19380,1571,197,27,54,1,-1,-1,-1
397,19382,623,720,63,82,1,-1,-1,-1
397,19384,1732,500,33,92,1,-1,-1,-1
397,19385,1730,762,41,107,1,-1,-1,-1
397,19386,1822,515,22,84,1,-1,-1,-1
397,19387,1862,619,34,94,1,-1,-1,-1
398,19348,1517,336,29,74,1,-1,-1,-1
398,19349,945,501,29,82,1,-1,-1,-1
398,19350,410,687,69,92,1,-1,-1,-1
398,19351,1696,444,42,76,1,-1,-1,-1
398,19354,1428,358,35,76,1,-1,-1,-1
398,19355,994,509,41,88,1,-1,-1,-1
398,19356,1619,672,48,89,1,-1,-1,-1
398,19358,508,381,40,76,1,-1,-1,-1
398,19380,1560,196,26,53,1,-1,-1,-1
398,19382,610,718,65,83,1,-1,-1,-1
398,19384,1715,499,34,91,1,-1,-1,-1
398,19385,1712,760,42,108,1,-1,-1,-1
398,19386,1806,514,24,83,1,-1,-1,-1
398,19387,1850,616,35,95,1,-1,-1,-1
399,19348,1504,332,30,75,1,-1,-1,-1
399,19349,932,500,29,82,1,-1,-1,-1
399,19350,401,683,69,94,1,-1,-1,-1
399,19351,1685,442,41,75,1,-1,-1,-1
399,19354,1417,356,35,76,1,-1,-1,-1
399,19355,982,507,41,87,1,-1,-1,-1
399,19356,1609,672,50,90,1,-1,-1,-1
399,19358,498,381,41,75,1,-1,-1,-1
399,19380,1549,195,26,53,1,-1,-1,-1
399,19382,596,716,67,83,1,-1,-1,-1
399,19384,1699,498,35,90,1,-1,-1,-1
399,19385,1692,757,45,110,1,-1,-1,-1
399,19386,1790,512,26,84,1,-1,-1,-1
399,19387,1839,614,35,95,1,-1,-1,-1
400,19348,1483,326,32,77,1,-1,-1,-1
400,19349,913,497,28,81,1,-1,-1,-1
400,19350,386,676,70,98,1,-1,-1,-1
400,19351,1667,438,39,75,1,-1,-1,-1
400,19354,1399,354,36,75,1,-1,-1,-1
400,19355,963,503,40,87,1,-1,-1,-1
400,19356,1595,670,50,91,1,-1,-1,-1
400,19358,483,380,41,73,1,-1,-1,-1
400,19382,575,713,70,85,1,-1,-1,-1
400,19384,1674,496,35,89,1,-1,-1,-1
400,19385,1673,754,46,112,1,-1,-1,-1
400,19386,1765,509,28,84,1,-1,-1,-1
400,19387,1820,610,37,97,1,-1,-1,-1
401,19348,1467,323,30,76,1,-1,-1,-1
401,19349,895,498,29,80,1,-1,-1,-1
401,19350,373,674,67,96,1,-1,-1,-1
401,19351,1649,437,39,74,1,-1,-1,-1
401,19354,1382,352,36,73,1,-1,-1,-1
401,19355,946,501,40,86,1,-1,-1,-1
401,19356,1582,669,49,89,1,-1,-1,-1
401,19358,470,381,41,71,1,-1,-1,-1
401,19382,565,712,72,85,1,-1,-1,-1
401,19384,1662,495,36,89,1,-1,-1,-1
401,19385,1651,751,48,113,1,-1,-1,-1
401,19386,1754,508,30,84,1,-1,-1,-1
401,19387,1804,609,39,97,1,-1,-1,-1
402,19348,1449,322,31,75,1,-1,-1,-1
402,19349,878,499,29,79,1,-1,-1,-1
402,19350,357,672,65,97,1,-1,-1,-1
402,19351,1631,436,38,74,1,-1,-1,-1
402,19354,1365,350,37,73,1,-1,-1,-1
402,19355,929,500,40,86,1,-1,-1,-1
402,19356,1568,668,49,90,1,-1,-1,-1
402,19358,453,381,41,70,1,-1,-1,-1
402,19382,550,713,73,85,1,-1,-1,-1
402,19384,1643,496,37,87,1,-1,-1,-1
402,19385,1632,750,50,114,1,-1,-1,-1
402,19386,1734,507,31,84,1,-1,-1,-1
402,19387,1787,607,39,98,1,-1,-1,-1
403,19348,1431,321,30,74,1,-1,-1,-1
403,19349,860,501,29,77,1,-1,-1,-1
403,19350,339,670,64,98,1,-1,-1,-1
403,19351,1611,435,39,74,1,-1,-1,-1
403,19354,1349,348,38,73,1,-1,-1,-1
403,19355,911,500,40,85,1,-1,-1,-1
403,19356,1553,668,50,91,1,-1,-1,-1
403,19358,435,381,42,71,1,-1,-1,-1
403,19382,532,716,73,82,1,-1,-1,-1
403,19384,1621,497,38,86,1,-1,-1,-1
403,19385,1612,750,51,113,1,-1,-1,-1
403,19386,1711,506,33,83,1,-1,-1,-1
403,19387,1768,606,41,97,1,-1,-1,-1
404,19348,1412,319,30,74,1,-1,-1,-1
404,19349,842,503,29,75,1,-1,-1,-1
404,19350,320,668,63,99,1,-1,-1,-1
404,19351,1592,435,39,74,1,-1,-1,-1
404,19354,1333,346,38,73,1,-1,-1,-1
404,19355,892,500,40,85,1,-1,-1,-1
404,19356,1538,668,51,92,1,-1,-1,-1
404,19358,417,381,42,70,1,-1,-1,-1
404,19382,515,718,72,81,1,-1,-1,-1
404,19384,1598,498,39,85,1,-1,-1,-1
404,19385,1591,750,52,113,1,-1,-1,-1
404,19386,1688,504,33,84,1,-1,-1,-1
404,19387,1749,605,42,97,1,-1,-1,-1
404,19398,1897,310,21,69,1,-1,-1,-1
405,19348,1394,318,29,73,1,-1,-1,-1
405,19349,824,505,29,72,1,-1,-1,-1
405,19350,301,667,63,99,1,-1,-1,-1
405,19351,1573,434,39,73,1,-1,-1,-1
405,19354,1317,345,37,72,1,-1,-1,-1
405,19355,874,500,39,84,1,-1,-1,-1
405,19356,1523,668,52,94,1,-1,-1,-1
405,19358,398,380,43,71,1,-1,-1,-1
405,19382,496,720,71,80,1,-1,-1,-1
405,19384,1574,499,40,85,1,-1,-1,-1
405,19385,1570,750,53,113,1,-1,-1,-1
405,19386,1663,503,35,84,1,-1,-1,-1
405,19387,1730,603,43,98,1,-1,-1,-1
406,19348,1375,317,29,72,1,-1,-1,-1
406,19349,806,508,29,69,1,-1,-1,-1
406,19350,282,665,62,100,1,-1,-1,-1
406,19351,1553,433,40,73,1,-1,-1,-1
406,19354,1301,343,37,74,1,-1,-1,-1
406,19355,856,499,39,83,1,-1,-1,-1
406,19356,1508,668,53,96,1,-1,-1,-1
406,19358,379,380,44,72,1,-1,-1,-1
406,19382,478,723,70,78,1,-1,-1,-1
406,19384,1551,500,41,84,1,-1,-1,-1
406,19385,1549,750,54,113,1,-1,-1,-1
406,19386,1639,501,36,84,1,-1,-1,-1
406,19387,1710,602,45,98,1,-1,-1,-1
407,19348,1352,315,29,72,1,-1,-1,-1
407,19349,783,510,29,67,1,-1,-1,-1
407,19350,257,663,63,101,1,-1,-1,-1
407,19351,1529,432,41,73,1,-1,-1,-1
407,19354,1281,341,38,74,1,-1,-1,-1
407,19355,833,499,39,83,1,-1,-1,-1
407,19356,1489,668,54,98,1,-1,-1,-1
407,19358,356,380,44,71,1,-1,-1,-1
407,19382,455,726,69,76,1,-1,-1,-1
407,19384,1520,502,41,82,1,-1,-1,-1
407,19385,1526,750,55,113,1,-1,-1,-1
407,19386,1614,500,37,84,1,-1,-1,-1
407,19387,1686,601,46,98,1,-1,-1,-1
408,19348,1334,314,29,72,1,-1,-1,-1
408,19349,765,511,30,67,1,-1,-1,-1
408,19350,237,664,64,101,1,-1,-1,-1
408,19351,1511,432,42,73,1,-1,-1,-1
408,19354,1266,340,36,73,1,-1,-1,-1
408,19355,815,500,39,82,1,-1,-1,-1
408,19356,1474,668,54,99,1,-1,-1,-1
408,19358,338,380,45,72,1,-1,-1,-1
408,19382,439,728,69,75,1,-1,-1,-1
408,19384,1502,502,42,83,1,-1,-1,-1
408,19385,1505,749,56,114,1,-1,-1,-1
408,19386,1591,499,37,84,1,-1,-1,-1
408,19387,1669,600,48,97,1,-1,-1,-1
408,19406,1388,189,29,54,1,-1,-1,-1
409,19348,1311,313,30,71,1,-1,-1,-1
409,19349,744,512,31,67,1,-1,-1,-1
409,19350,213,666,64,99,1,-1,-1,-1
409,19351,1489,432,43,72,1,-1,-1,-1
409,19354,1246,340,36,72,1,-1,-1,-1
409,19355,794,500,39,83,1,-1,-1,-1
409,19356,1455,668,55,100,1,-1,-1,-1
409,19358,318,381,44,72,1,-1,-1,-1
409,19382,420,731,69,75,1,-1,-1,-1
409,19384,1481,503,44,83,1,-1,-1,-1
409,19385,1483,749,56,113,1,-1,-1,-1
409,19386,1567,498,39,84,1,-1,-1,-1
409,19387,1651,600,47,95,1,-1,-1,-1
410,19348,1287,312,30,71,1,-1,-1,-1
410,19349,721,512,33,69,1,-1,-1,-1
410,19350,188,668,63,98,1,-1,-1,-1
410,19351,1467,432,43,71,1,-1,-1,-1
410,19354,1225,340,36,72,1,-1,-1,-1
410,19355,771,501,39,83,1,-1,-1,-1
410,19356,1435,668,56,100,1,-1,-1,-1
410,19358,296,382,45,71,1,-1,-1,-1
410,19382,400,733,69,76,1,-1,-1,-1
410,19384,1459,502,45,84,1,-1,-1,-1
410,19385,1462,748,56,113,1,-1,-1,-1
410,19386,1543,497,40,84,1,-1,-1,-1
410,19387,1631,600,48,93,1,-1,-1,-1
411,19348,1263,311,30,71,1,-1,-1,-1
411,19349,698,513,34,70,1,-1,-1,-1
411,19350,161,671,64,97,1,-1,-1,-1
411,19351,1445,432,42,70,1,-1,-1,-1
411,19354,1202,341,37,70,1,-1,-1,-1
411,19355,748,501,39,83,1,-1,-1,-1
411,19356,1415,668,56,100,1,-1,-1,-1
411,19358,274,384,45,70,1,-1,-1,-1
411,19382,379,735,70,77,1,-1,-1,-1
411,19384,1438,502,46,85,1,-1,-1,-1
411,19385,1440,746,57,113,1,-1,-1,-1
411,19386,1520,496,40,84,1,-1,-1,-1
411,19387,1612,601,47,90,1,-1,-1,-1
412,19348,1238,310,31,71,1,-1,-1,-1
412,19349,675,513,36,72,1,-1,-1,-1
412,19350,134,673,65,97,1,-1,-1,-1
412,19351,1422,432,43,68,1,-1,-1,-1
412,19354,1180,341,38,69,1,-1,-1,-1
412,19355,725,502,39,83,1,-1,-1,-1
412,19356,1394,668,57,100,1,-1,-1,-1
412,19358,251,385,47,70,1,-1,-1,-1
412,19382,359,737,70,78,1,-1,-1,-1
412,19384,1416,501,46,86,1,-1,-1,-1
412,19385,1417,745,58,113,1,-1,-1,-1
412,19386,1496,496,41,84,1,-1,-1,-1
412,19387,1592,602,47,87,1,-1,-1,-1
413,19348,1204,309,32,70,1,-1,-1,-1
413,19349,643,513,38,75,1,-1,-1,-1
413,19350,97,677,66,94,1,-1,-1,-1
413,19351,1391,432,42,67,1,-1,-1,-1
413,19354,1149,342,39,67,1,-1,-1,-1
413,19355,693,503,40,83,1,-1,-1,-1
413,19356,1366,668,58,98,1,-1,-1,-1
413,19358,220,387,47,69,1,-1,-1,-1
413,19382,334,740,70,79,1,-1,-1,-1
413,19384,1382,501,47,87,1,-1,-1,-1
413,19385,1384,743,58,113,1,-1,-1,-1
413,19386,1461,495,41,84,1,-1,-1,-1
413,19387,1566,602,46,84,1,-1,-1,-1
414,19348,1178,307,31,69,1,-1,-1,-1
414,19349,616,514,39,75,1,-1,-1,-1
414,19350,66,679,67,94,1,-1,-1,-1
414,19351,1363,432,42,67,1,-1,-1,-1
414,19354,1121,340,39,68,1,-1,-1,-1
414,19355,666,504,40,83,1,-1,-1,-1
414,19356,1346,669,59,99,1,-1,-1,-1
414,19358,193,389,48,69,1,-1,-1,-1
414,19382,316,742,70,80,1,-1,-1,-1
414,19384,1368,501,48,87,1,-1,-1,-1
414,19385,1369,742,58,113,1,-1,-1,-1
414,19386,1444,494,42,84,1,-1,-1,-1
414,19387,1539,601,47,84,1,-1,-1,-1
414,19416,1647,305,28,72,1,-1,-1,-1
415,19348,1159,306,31,69,1,-1,-1,-1
415,19349,598,515,41,74,1,-1,-1,-1
415,19350,47,681,69,94,1,-1,-1,-1
415,19351,1345,432,42,67,1,-1,-1,-1
415,19354,1102,339,41,69,1,-1,-1,-1
415,19355,648,504,40,83,1,-1,-1,-1
415,19356,1333,671,59,97,1,-1,-1,-1
415,19358,174,389,49,69,1,-1,-1,-1
415,19382,295,743,71,82,1,-1,-1,-1
415,19384,1347,501,48,88,1,-1,-1,-1
415,19385,1350,743,59,114,1,-1,-1,-1
415,19386,1422,494,43,84,1,-1,-1,-1
415,19387,1521,601,48,84,1,-1,-1,-1
415,19418,1229,193,23,42,1,-1,-1,-1
416,19348,1138,305,31,68,1,-1,-1,-1
416,19349,578,517,42,73,1,-1,-1,-1
416,19350,27,683,69,94,1,-1,-1,-1
416,19351,1325,432,42,67,1,-1,-1,-1
416,19354,1080,339,42,68,1,-1,-1,-1
416,19355,627,505,41,83,1,-1,-1,-1
416,19356,1319,672,59,95,1,-1,-1,-1
416,19358,150,390,49,69,1,-1,-1,-1
416,19382,273,743,73,85,1,-1,-1,-1
416,19384,1323,501,49,89,1,-1,-1,-1
416,19385,1329,745,59,113,1,-1,-1,-1
416,19386,1397,494,44,84,1,-1,-1,-1
416,19387,1500,599,52,86,1,-1,-1,-1
417,19349,548,520,42,73,1,-1,-1,-1
417,19350,0,687,67,94,1,-1,-1,-1
417,19351,1294,432,42,67,1,-1,-1,-1
417,19354,1047,339,41,67,1,-1,-1,-1
417,19355,595,507,40,82,1,-1,-1,-1
417,19356,1298,674,57,91,1,-1,-1,-1
417,19358,112,390,49,69,1,-1,-1,-1
417,19382,251,744,74,88,1,-1,-1,-1
417,19384,1298,501,50,91,1,-1,-1,-1
417,19385,1306,746,61,113,1,-1,-1,-1
417,19386,1372,493,44,84,1,-1,-1,-1
417,19387,1469,596,55,90,1,-1,-1,-1
418,19349,523,521,43,73,1,-1,-1,-1
418,19350,-16,688,64,94,1,-1,-1,-1
418,19351,1266,432,42,66,1,-1,-1,-1
418,19354,1021,340,43,66,1,-1,-1,-1
418,19355,568,508,39,82,1,-1,-1,-1
418,19356,1278,675,56,90,1,-1,-1,-1
418,19358,85,392,50,69,1,-1,-1,-1
418,19382,229,745,75,90,1,-1,-1,-1
418,19384,1273,501,50,92,1,-1,-1,-1
418,19385,1284,747,62,113,1,-1,-1,-1
418,19386,1346,493,45,85,1,-1,-1,-1
418,19387,1447,595,57,92,1,-1,-1,-1
419,19349,498,522,43,73,1,-1,-1,-1
419,19351,1242,431,41,66,1,-1,-1,-1
419,19354,998,339,41,65,1,-1,-1,-1
419,19355,541,508,39,82,1,-1,-1,-1
419,19356,1256,674,57,91,1,-1,-1,-1
419,19358,59,392,50,70,1,-1,-1,-1
419,19382,200,746,79,93,1,-1,-1,-1
419,19384,1236,502,51,93,1,-1,-1,-1
419,19385,1247,749,63,113,1,-1,-1,-1
419,19386,1308,493,47,85,1,-1,-1,-1
419,19387,1428,597,55,88,1,-1,-1,-1
419,19425,1868,375,50,67,1,-1,-1,-1
420,19349,481,523,44,74,1,-1,-1,-1
420,19351,1226,431,40,65,1,-1,-1,-1
420,19354,982,339,42,64,1,-1,-1,-1
420,19355,523,508,39,82,1,-1,-1,-1
420,19356,1241,673,59,92,1,-1,-1,-1
420,19358,40,393,51,70,1,-1,-1,-1
420,19382,181,747,79,95,1,-1,-1,-1
420,19384,1218,502,52,93,1,-1,-1,-1
420,19385,1233,750,64,113,1,-1,-1,-1
420,19386,1290,493,48,85,1,-1,-1,-1
420,19387,1414,597,55,87,1,-1,-1,-1
420,19425,1848,374,50,67,1,-1,-1,-1
420,19429,1880,667,35,63,1,-1,-1,-1
420,19431,1037,302,25,66,1,-1,-1,-1
421,19349,450,524,46,78,1,-1,-1,-1
421,19351,1196,430,40,64,1,-1,-1,-1
421,19354,956,338,42,63,1,-1,-1,-1
421,19355,490,510,40,82,1,-1,-1,-1
421,19356,1218,672,60,94,1,-1,-1,-1
421,19358,6,395,52,71,1,-1,-1,-1
421,19382,161,748,79,96,1,-1,-1,-1
421,19384,1198,503,53,93,1,-1,-1,-1
421,19385,1213,750,65,113,1,-1,-1,-1
421,19386,1269,493,48,85,1,-1,-1,-1
421,19387,1392,595,54,86,1,-1,-1,-1
421,19425,1823,373,50,67,1,-1,-1,-1
421,19429,1867,664,37,66,1,-1,-1,-1
422,19349,424,527,48,78,1,-1,-1,-1
422,19351,1169,430,41,66,1,-1,-1,-1
422,19354,932,337,42,64,1,-1,-1,-1
422,19355,463,510,40,83,1,-1,-1,-1
422,19356,1202,672,61,94,1,-1,-1,-1
422,19358,-5,395,51,71,1,-1,-1,-1
422,19382,139,749,80,97,1,-1,-1,-1
422,19384,1178,504,52,92,1,-1,-1,-1
422,19385,1192,751,65,113,1,-1,-1,-1
422,19386,1247,494,49,85,1,-1,-1,-1
422,19387,1373,594,54,84,1,-1,-1,-1
422,19425,1798,371,50,67,1,-1,-1,-1
422,19429,1851,659,39,71,1,-1,-1,-1
423,19349,407,528,49,79,1,-1,-1,-1
423,19351,1152,430,42,67,1,-1,-1,-1
423,19354,915,337,41,64,1,-1,-1,-1
423,19355,445,511,41,83,1,-1,-1,-1
423,19356,1190,672,61,94,1,-1,-1,-1
423,19382,118,750,79,98,1,-1,-1,-1
423,19384,1158,505,52,90,1,-1,-1,-1
423,19385,1169,751,66,114,1,-1,-1,-1
423,19386,1224,494,50,85,1,-1,-1,-1
423,19387,1358,593,55,83,1,-1,-1,-1
423,19425,1772,370,50,67,1,-1,-1,-1
423,19429,1835,653,43,76,1,-1,-1,-1
423,19439,954,300,32,64,1,-1,-1,-1
424,19349,390,530,49,79,1,-1,-1,-1
424,19351,1133,430,43,67,1,-1,-1,-1
424,19354,896,336,41,66,1,-1,-1,-1
424,19355,427,512,40,81,1,-1,-1,-1
424,19356,1178,672,60,95,1,-1,-1,-1
424,19382,96,751,79,99,1,-1,-1,-1
424,19384,1137,506,52,89,1,-1,-1,-1
424,19385,1146,752,68,113,1,-1,-1,-1
424,19386,1201,494,51,85,1,-1,-1,-1
424,19387,1339,592,57,85,1,-1,-1,-1
424,19425,1747,369,50,67,1,-1,-1,-1
424,19429,1819,648,46,80,1,-1,-1,-1
425,19349,361,533,49,77,1,-1,-1,-1
425,19351,1103,430,44,68,1,-1,-1,-1
425,19354,863,335,41,66,1,-1,-1,-1
425,19355,398,515,38,79,1,-1,-1,-1
425,19356,1157,673,60,96,1,-1,-1,-1
425,19382,74,752,79,100,1,-1,-1,-1
425,19384,1104,508,51,87,1,-1,-1,-1
425,19385,1123,753,68,113,1,-1,-1,-1
425,19386,1164,495,51,85,1,-1,-1,-1
425,19387,1307,589,59,88,1,-1,-1,-1
425,19425,1706,367,50,67,1,-1,-1,-1
425,19429,1792,640,53,87,1,-1,-1,-1
426,19349,338,534,48,80,1,-1,-1,-1
426,19351,1080,430,44,68,1,-1,-1,-1
426,19354,837,334,41,67,1,-1,-1,-1
426,19355,372,517,37,78,1,-1,-1,-1
426,19356,1139,674,57,92,1,-1,-1,-1
426,19382,50,754,79,100,1,-1,-1,-1
426,19384,1092,508,49,87,1,-1,-1,-1
426,19385,1099,753,68,113,1,-1,-1,-1
426,19386,1150,495,51,85,1,-1,-1,-1
426,19387,1284,589,61,89,1,-1,-1,-1
426,19425,1677,367,50,67,1,-1,-1,-1
426,19429,1781,637,57,90,1,-1,-1,-1
426,19446,1869,370,37,75,1,-1,-1,-1
426,19449,1891,563,26,78,1,-1,-1,-1
427,19349,320,536,47,80,1,-1,-1,-1
427,19351,1061,430,45,68,1,-1,-1,-1
427,19354,818,334,39,67,1,-1,-1,-1
427,19355,350,518,37,78,1,-1,-1,-1
427,19356,1125,674,57,92,1,-1,-1,-1
427,19382,35,755,78,101,1,-1,-1,-1
427,19384,1074,510,50,86,1,-1,-1,-1
427,19385,1081,753,70,113,1,-1,-1,-1
427,19386,1132,495,52,85,1,-1,-1,-1
427,19387,1267,588,62,89,1,-1,-1,-1
427,19425,1655,367,50,67,1,-1,-1,-1
427,19429,1765,634,60,91,1,-1,-1,-1
427,19446,1853,370,37,74,1,-1,-1,-1
427,19449,1880,560,26,79,1,-1,-1,-1
428,19349,302,536,48,80,1,-1,-1,-1
428,19351,1043,431,45,68,1,-1,-1,-1
428,19354,799,334,39,67,1,-1,-1,-1
428,19355,328,519,37,79,1,-1,-1,-1
428,19356,1111,674,57,92,1,-1,-1,-1
428,19382,22,758,77,100,1,-1,-1,-1
428,19384,1056,511,49,86,1,-1,-1,-1
428,19385,1065,752,70,113,1,-1,-1,-1
428,19386,1113,495,53,85,1,-1,-1,-1
428,19387,1252,587,63,89,1,-1,-1,-1
428,19425,1636,366,50,67,1,-1,-1,-1
428,19429,1747,630,63,93,1,-1,-1,-1
428,19446,1834,370,36,71,1,-1,-1,-1
428,19449,1864,558,26,80,1,-1,-1,-1
429,19349,284,537,48,81,1,-1,-1,-1
429,19351,1025,432,46,68,1,-1,-1,-1
429,19354,780,335,39,66,1,-1,-1,-1
429,19355,308,519,37,81,1,-1,-1,-1
429,19356,1096,674,58,92,1,-1,-1,-1
429,19382,10,760,75,100,1,-1,-1,-1
429,19384,1036,512,49,86,1,-1,-1,-1
429,19385,1049,751,71,113,1,-1,-1,-1
429,19386,1094,495,52,85,1,-1,-1,-1
429,19387,1238,587,64,89,1,-1,-1,-1
429,19425,1617,366,50,67,1,-1,-1,-1
429,19429,1729,627,65,94,1,-1,-1,-1
429,19446,1815,370,36,69,1,-1,-1,-1
429,19449,1848,556,28,81,1,-1,-1,-1
430,19349,265,538,49,81,1,-1,-1,-1
430,19351,1007,433,46,68,1,-1,-1,-1
430,19354,761,336,39,66,1,-1,-1,-1
430,19355,286,519,37,82,1,-1,-1,-1
430,19356,1082,673,58,93,1,-1,-1,-1
430,19382,0,762,70,101,1,-1,-1,-1
430,19384,1016,513,50,86,1,-1,-1,-1
430,19385,1034,750,71,113,1,-1,-1,-1
430,19386,1074,494,53,85,1,-1,-1,-1
430,19387,1223,586,65,89,1,-1,-1,-1
430,19425,1598,365,50,67,1,-1,-1,-1
430,19429,1710,623,67,96,1,-1,-1,-1
430,19446,1796,369,36,67,1,-1,-1,-1
430,19449,1832,553,29,83,1,-1,-1,-1
431,19349,247,539,50,81,1,-1,-1,-1
431,19351,990,434,46,68,1,-1,-1,-1
431,19354,743,336,39,66,1,-1,-1,-1
431,19355,265,519,38,83,1,-1,-1,-1
431,19356,1068,672,59,94,1,-1,-1,-1
431,19382,-10,764,66,101,1,-1,-1,-1
431,19384,984,516,48,85,1,-1,-1,-1
431,19385,1018,750,73,113,1,-1,-1,-1
431,19386,1041,494,54,85,1,-1,-1,-1
431,19387,1210,585,66,89,1,-1,-1,-1
431,19425,1579,365,50,67,1,-1,-1,-1
431,19429,1691,620,69,98,1,-1,-1,-1
431,19446,1765,369,34,62,1,-1,-1,-1
431,19449,1807,549,31,85,1,-1,-1,-1
431,19465,1846,767,68,117,1,-1,-1,-1
432,19349,228,540,52,81,1,-1,-1,-1
432,19351,971,435,47,68,1,-1,-1,-1
432,19354,724,337,39,65,1,-1,-1,-1
432,19355,244,520,38,85,1,-1,-1,-1
432,19356,1054,672,60,95,1,-1,-1,-1
432,19382,-23,768,62,100,1,-1,-1,-1
432,19384,963,518,49,85,1,-1,-1,-1
432,19385,996,748,74,113,1,-1,-1,-1
432,19386,1015,496,53,85,1,-1,-1,-1
432,19387,1195,584,67,89,1,-1,-1,-1
432,19425,1558,364,50,67,1,-1,-1,-1
432,19429,1672,616,71,99,1,-1,-1,-1
432,19446,1737,368,34,62,1,-1,-1,-1
432,19449,1790,548,32,85,1,-1,-1,-1
432,19465,1844,765,70,119,1,-1,-1,-1
433,19349,199,541,53,82,1,-1,-1,-1
433,19351,942,435,46,68,1,-1,-1,-1
433,19354,692,338,39,65,1,-1,-1,-1
433,19355,205,524,39,84,1,-1,-1,-1
433,19356,1036,673,61,96,1,-1,-1,-1
433,19384,948,519,49,85,1,-1,-1,-1
433,19385,985,748,75,113,1,-1,-1,-1
433,19386,997,498,53,83,1,-1,-1,-1
433,19387,1172,583,66,89,1,-1,-1,-1
433,19425,1542,364,50,67,1,-1,-1,-1
433,19429,1655,614,72,100,1,-1,-1,-1
433,19446,1720,368,35,61,1,-1,-1,-1
433,19449,1776,548,33,84,1,-1,-1,-1
433,19465,1833,763,71,120,1,-1,-1,-1
433,19470,1154,304,31,73,1,-1,-1,-1
434,19349,176,542,55,83,1,-1,-1,-1
434,19351,920,435,47,69,1,-1,-1,-1
434,19354,668,338,40,65,1,-1,-1,-1
434,19355,177,527,40,82,1,-1,-1,-1
434,19356,1021,673,62,96,1,-1,-1,-1
434,19384,932,520,49,87,1,-1,-1,-1
434,19385,972,748,76,113,1,-1,-1,-1
434,19386,982,498,52,83,1,-1,-1,-1
434,19387,1156,582,66,89,1,-1,-1,-1
434,19425,1526,363,50,67,1,-1,-1,-1
434,19429,1639,612,71,100,1,-1,-1,-1
434,19446,1703,367,36,62,1,-1,-1,-1
434,19449,1761,548,34,84,1,-1,-1,-1
434,19465,1820,760,72,122,1,-1,-1,-1
435,19349,158,544,56,83,1,-1,-1,-1
435,19351,902,436,46,69,1,-1,-1,-1
435,19354,648,339,40,65,1,-1,-1,-1
435,19355,152,531,42,80,1,-1,-1,-1
435,19356,1008,672,63,96,1,-1,-1,-1
435,19384,916,520,50,88,1,-1,-1,-1
435,19385,959,748,77,113,1,-1,-1,-1
435,19386,967,499,52,81,1,-1,-1,-1
435,19387,1143,582,66,89,1,-1,-1,-1
435,19425,1509,363,50,67,1,-1,-1,-1
435,19429,1622,610,72,101,1,-1,-1,-1
435,19446,1687,367,37,62,1,-1,-1,-1
435,19449,1747,549,35,83,1,-1,-1,-1
435,19465,1806,757,73,124,1,-1,-1,-1
436,19349,141,545,57,84,1,-1,-1,-1
436,19351,885,437,46,68,1,-1,-1,-1
436,19354,629,339,40,65,1,-1,-1,-1
436,19355,130,534,43,78,1,-1,-1,-1
436,19356,996,672,63,96,1,-1,-1,-1
436,19384,900,520,50,89,1,-1,-1,-1
436,19385,946,749,76,113,1,-1,-1,-1
436,19386,953,500,52,79,1,-1,-1,-1
436,19387,1132,582,64,89,1,-1,-1,-1
436,19425,1493,362,50,67,1,-1,-1,-1
436,19429,1607,607,72,102,1,-1,-1,-1
436,19446,1670,367,39,62,1,-1,-1,-1
436,19449,1733,550,36,82,1,-1,-1,-1
436,19465,1792,755,75,125,1,-1,-1,-1
437,19349,124,546,58,85,1,-1,-1,-1
437,19351,867,438,46,68,1,-1,-1,-1
437,19354,610,340,40,64,1,-1,-1,-1
437,19355,108,537,44,77,1,-1,-1,-1
437,19356,983,671,64,96,1,-1,-1,-1
437,19384,884,520,51,91,1,-1,-1,-1
437,19385,933,749,76,113,1,-1,-1,-1
437,19386,939,500,51,78,1,-1,-1,-1
437,19387,1122,582,62,89,1,-1,-1,-1
437,19425,1477,362,50,67,1,-1,-1,-1
437,19429,1591,605,71,102,1,-1,-1,-1
437,19446,1654,367,39,61,1,-1,-1,-1
437,19449,1718,551,37,80,1,-1,-1,-1
437,19465,1778,752,76,127,1,-1,-1,-1
438,19349,102,547,60,87,1,-1,-1,-1
438,19351,845,440,46,68,1,-1,-1,-1
438,19354,586,340,40,65,1,-1,-1,-1
438,19355,79,541,45,75,1,-1,-1,-1
438,19356,966,670,65,97,1,-1,-1,-1
438,19384,861,520,53,93,1,-1,-1,-1
438,19385,914,750,77,113,1,-1,-1,-1
438,19386,919,501,50,76,1,-1,-1,-1
438,19387,1108,581,60,90,1,-1,-1,-1
438,19425,1454,361,50,67,1,-1,-1,-1
438,19429,1572,602,70,103,1,-1,-1,-1
438,19446,1628,366,41,62,1,-1,-1,-1
438,19449,1700,552,39,79,1,-1,-1,-1
438,19465,1760,748,77,129,1,-1,-1,-1
438,19487,1864,456,49,86,1,-1,-1,-1
438,19431,1039,302,28,72,1,-1,-1,-1
439,19349,90,548,60,87,1,-1,-1,-1
439,19351,832,440,47,68,1,-1,-1,-1
439,19354,571,340,41,66,1,-1,-1,-1
439,19355,64,542,46,74,1,-1,-1,-1
439,19356,957,670,66,97,1,-1,-1,-1
439,19384,849,520,53,94,1,-1,-1,-1
439,19385,906,751,76,113,1,-1,-1,-1
439,19386,909,502,50,74,1,-1,-1,-1
439,19387,1099,581,59,90,1,-1,-1,-1
439,19425,1443,360,50,67,1,-1,-1,-1
439,19429,1560,601,70,103,1,-1,-1,-1
439,19446,1618,366,41,62,1,-1,-1,-1
439,19449,1688,552,41,80,1,-1,-1,-1
439,19465,1751,747,78,129,1,-1,-1,-1
439,19487,1859,454,49,87,1,-1,-1,-1
439,19488,574,298,36,56,1,-1,-1,-1
439,19489,677,191,24,42,1,-1,-1,-1
439,19431,1029,302,29,73,1,-1,-1,-1
440,19349,75,549,61,88,1,-1,-1,-1
440,19351,818,441,47,68,1,-1,-1,-1
440,19354,555,341,40,66,1,-1,-1,-1
440,19355,50,542,47,74,1,-1,-1,-1
440,19356,948,669,67,96,1,-1,-1,-1
440,19384,837,520,54,95,1,-1,-1,-1
440,19385,897,752,75,112,1,-1,-1,-1
440,19386,897,502,51,74,1,-1,-1,-1
440,19387,1087,581,59,89,1,-1,-1,-1
440,19425,1430,360,50,67,1,-1,-1,-1
440,19429,1549,599,69,104,1,-1,-1,-1
440,19446,1604,366,42,61,1,-1,-1,-1
440,19449,1674,552,43,81,1,-1,-1,-1
440,19465,1743,747,77,128,1,-1,-1,-1
440,19487,1847,453,50,86,1,-1,-1,-1
440,19488,557,298,37,56,1,-1,-1,-1
441,19349,61,550,60,89,1,-1,-1,-1
441,19351,804,442,46,68,1,-1,-1,-1
441,19354,538,341,41,67,1,-1,-1,-1
441,19355,35,542,48,73,1,-1,-1,-1
441,19356,939,668,67,97,1,-1,-1,-1
441,19384,824,520,54,96,1,-1,-1,-1
441,19385,887,753,74,110,1,-1,-1,-1
441,19386,885,502,50,74,1,-1,-1,-1
441,19387,1075,580,58,90,1,-1,-1,-1
441,19425,1417,359,50,67,1,-1,-1,-1
441,19429,1538,597,67,104,1,-1,-1,-1
441,19446,1589,365,42,61,1,-1,-1,-1
441,19449,1660,552,45,83,1,-1,-1,-1
441,19465,1735,747,76,125,1,-1,-1,-1
441,19487,1834,452,49,85,1,-1,-1,-1
441,19488,536,298,37,57,1,-1,-1,-1
442,19349,47,551,60,90,1,-1,-1,-1
442,19351,789,442,46,68,1,-1,-1,-1
442,19354,521,341,40,68,1,-1,-1,-1
442,19355,22,541,47,74,1,-1,-1,-1
442,19356,930,668,67,96,1,-1,-1,-1
442,19384,811,521,55,97,1,-1,-1,-1
442,19385,878,754,73,108,1,-1,-1,-1
442,19386,872,502,50,73,1,-1,-1,-1
442,19387,1062,579,58,91,1,-1,-1,-1
442,19425,1403,358,50,67,1,-1,-1,-1
442,19429,1528,595,65,105,1,-1,-1,-1
442,19446,1574,364,42,62,1,-1,-1,-1
442,19449,1645,552,48,85,1,-1,-1,-1
442,19465,1728,748,74,122,1,-1,-1,-1
442,19487,1820,451,49,84,1,-1,-1,-1
442,19488,516,299,38,57,1,-1,-1,-1
442,19439,965,304,36,73,1,-1,-1,-1
443,19349,32,553,60,89,1,-1,-1,-1
443,19351,775,443,44,68,1,-1,-1,-1
443,19354,503,341,41,69,1,-1,-1,-1
443,19355,8,541,46,73,1,-1,-1,-1
443,19356,921,668,67,96,1,-1,-1,-1
443,19384,798,521,55,98,1,-1,-1,-1
443,19385,868,756,72,106,1,-1,-1,-1
443,19386,859,502,51,73,1,-1,-1,-1
443,19387,1049,578,58,92,1,-1,-1,-1
443,19425,1390,358,50,67,1,-1,-1,-1
443,19429,1517,594,64,104,1,-1,-1,-1
443,19446,1559,363,42,62,1,-1,-1,-1
443,19449,1631,552,50,87,1,-1,-1,-1
443,19465,1721,748,71,121,1,-1,-1,-1
443,19487,1806,450,49,84,1,-1,-1,-1
443,19488,496,299,38,58,1,-1,-1,-1
443,19439,953,305,35,73,1,-1,-1,-1
444,19349,13,554,58,91,1,-1,-1,-1
444,19351,754,443,44,69,1,-1,-1,-1
444,19354,479,341,41,71,1,-1,-1,-1
444,19355,-9,540,43,73,1,-1,-1,-1
444,19356,909,667,66,96,1,-1,-1,-1
444,19384,776,521,57,100,1,-1,-1,-1
444,19385,854,758,71,104,1,-1,-1,-1
444,19386,838,502,50,73,1,-1,-1,-1
444,19387,1031,576,58,94,1,-1,-1,-1
444,19425,1370,357,50,67,1,-1,-1,-1
444,19429,1501,591,62,106,1,-1,-1,-1
444,19446,1538,361,41,62,1,-1,-1,-1
444,19449,1613,552,53,89,1,-1,-1,-1
444,19465,1711,749,68,116,1,-1,-1,-1
444,19487,1786,449,49,82,1,-1,-1,-1
444,19488,468,299,39,59,1,-1,-1,-1
444,19496,1868,743,49,107,1,-1,-1,-1
444,19497,1863,578,48,101,1,-1,-1,-1
445,19349,3,555,58,91,1,-1,-1,-1
445,19351,743,444,43,69,1,-1,-1,-1
445,19354,470,341,41,71,1,-1,-1,-1
445,19355,-14,539,41,74,1,-1,-1,-1
445,19356,903,667,65,95,1,-1,-1,-1
445,19384,768,521,57,100,1,-1,-1,-1
445,19385,848,758,70,103,1,-1,-1,-1
445,19386,831,503,49,72,1,-1,-1,-1
445,19387,1021,575,59,94,1,-1,-1,-1
445,19425,1360,356,50,67,1,-1,-1,-1
445,19429,1493,590,61,105,1,-1,-1,-1
445,19446,1528,360,40,62,1,-1,-1,-1
445,19449,1604,551,55,89,1,-1,-1,-1
445,19465,1707,748,66,115,1,-1,-1,-1
445,19487,1777,448,49,82,1,-1,-1,-1
445,19488,454,299,39,59,1,-1,-1,-1
445,19496,1868,741,49,108,1,-1,-1,-1
445,19497,1861,578,49,101,1,-1,-1,-1
445,19498,923,307,31,73,1,-1,-1,-1
445,19499,571,191,25,43,1,-1,-1,-1
446,19349,-7,555,55,91,1,-1,-1,-1
446,19351,728,444,44,70,1,-1,-1,-1
446,19354,455,341,40,71,1,-1,-1,-1
446,19356,895,666,65,96,1,-1,-1,-1
446,19384,759,521,57,100,1,-1,-1,-1
446,19385,840,756,70,103,1,-1,-1,-1
446,19386,821,502,49,73,1,-1,-1,-1
446,19387,1012,574,58,94,1,-1,-1,-1
446,19425,1350,355,49,67,1,-1,-1,-1
446,19429,1483,588,60,104,1,-1,-1,-1
446,19446,1516,359,40,62,1,-1,-1,-1
446,19449,1594,550,55,89,1,-1,-1,-1
446,19465,1701,745,65,115,1,-1,-1,-1
446,19487,1767,447,50,82,1,-1,-1,-1
446,19488,439,299,38,58,1,-1,-1,-1
446,19496,1862,737,50,109,1,-1,-1,-1
446,19497,1843,578,49,101,1,-1,-1,-1
446,19498,909,307,31,73,1,-1,-1,-1
447,19349,-13,555,54,91,1,-1,-1,-1
447,19351,712,444,44,72,1,-1,-1,-1
447,19354,438,341,39,70,1,-1,-1,-1
447,19356,888,666,64,96,1,-1,-1,-1
447,19384,750,522,56,99,1,-1,-1,-1
447,19385,831,755,71,102,1,-1,-1,-1
447,19386,811,502,49,72,1,-1,-1,-1
447,19387,1002,572,58,94,1,-1,-1,-1
447,19425,1339,355,49,67,1,-1,-1,-1
447,19429,1473,586,58,102,1,-1,-1,-1
447,19446,1503,358,40,62,1,-1,-1,-1
447,19449,1583,549,56,89,1,-1,-1,-1
447,19465,1696,741,65,116,1,-1,-1,-1
447,19487,1756,446,50,81,1,-1,-1,-1
447,19488,422,299,38,58,1,-1,-1,-1
447,19496,1856,732,51,112,1,-1,-1,-1
447,19497,1823,579,49,100,1,-1,-1,-1
447,19498,889,306,31,73,1,-1,-1,-1
448,19349,-19,555,51,91,1,-1,-1,-1
448,19351,692,444,44,75,1,-1,-1,-1
448,19354,415,340,38,70,1,-1,-1,-1
448,19356,878,665,63,96,1,-1,-1,-1
448,19384,741,523,55,97,1,-1,-1,-1
448,19385,823,753,71,102,1,-1,-1,-1
448,19386,801,502,48,72,1,-1,-1,-1
448,19387,989,570,58,94,1,-1,-1,-1
448,19425,1328,354,48,67,1,-1,-1,-1
448,19429,1462,583,56,101,1,-1,-1,-1
448,19446,1490,356,40,63,1,-1,-1,-1
448,19449,1571,548,58,89,1,-1,-1,-1
448,19465,1690,737,65,116,1,-1,-1,-1
448,19487,1745,444,50,82,1,-1,-1,-1
448,19488,400,299,38,57,1,-1,-1,-1
448,19496,1849,727,53,114,1,-1,-1,-1
448,19497,1801,580,50,98,1,-1,-1,-1
448,19498,870,305,31,73,1,-1,-1,-1
449,19351,681,445,44,75,1,-1,-1,-1
449,19354,402,340,38,70,1,-1,-1,-1
449,19356,873,663,62,97,1,-1,-1,-1
449,19384,732,523,54,96,1,-1,-1,-1
449,19385,814,750,72,103,1,-1,-1,-1
449,19386,790,502,49,72,1,-1,-1,-1
449,19387,981,569,57,94,1,-1,-1,-1
449,19425,1317,353,48,67,1,-1,-1,-1
449,19429,1451,581,55,99,1,-1,-1,-1
449,19446,1478,355,39,63,1,-1,-1,-1
449,19449,1559,547,59,90,1,-1,-1,-1
449,19465,1684,733,65,117,1,-1,-1,-1
449,19487,1734,443,51,81,1,-1,-1,-1
449,19488,387,299,37,57,1,-1,-1,-1
449,19496,1842,722,54,116,1,-1,-1,-1
449,19497,1780,581,51,97,1,-1,-1,-1
449,19498,851,305,31,73,1,-1,-1,-1
449,19503,494,185,30,50,1,-1,-1,-1
450,19351,666,446,43,76,1,-1,-1,-1
450,19354,381,341,37,70,1,-1,-1,-1
450,19356,866,661,61,97,1,-1,-1,-1
450,19384,717,524,52,94,1,-1,-1,-1
450,19385,800,746,72,103,1,-1,-1,-1
450,19386,773,502,49,72,1,-1,-1,-1
450,19387,966,569,56,94,1,-1,-1,-1
450,19425,1301,352,46,67,1,-1,-1,-1
450,19429,1433,577,55,95,1,-1,-1,-1
450,19446,1458,353,39,64,1,-1,-1,-1
450,19449,1542,546,59,89,1,-1,-1,-1
450,19465,1676,727,64,118,1,-1,-1,-1
450,19487,1717,440,52,82,1,-1,-1,-1
450,19488,365,299,37,57,1,-1,-1,-1
450,19496,1830,715,58,119,1,-1,-1,-1
450,19497,1748,583,52,95,1,-1,-1,-1
450,19498,823,305,31,73,1,-1,-1,-1
451,19351,653,447,41,74,1,-1,-1,-1
451,19354,362,341,38,70,1,-1,-1,-1
451,19356,857,658,60,97,1,-1,-1,-1
451,19384,712,525,51,92,1,-1,-1,-1
451,19385,795,745,72,103,1,-1,-1,-1
451,19386,766,502,48,72,1,-1,-1,-1
451,19387,954,569,58,94,1,-1,-1,-1
451,19425,1288,351,47,67,1,-1,-1,-1
451,19429,1425,577,57,96,1,-1,-1,-1
451,19446,1447,352,37,63,1,-1,-1,-1
451,19449,1530,546,60,89,1,-1,-1,-1
451,19465,1668,722,64,118,1,-1,-1,-1
451,19487,1710,439,52,83,1,-1,-1,-1
451,19488,346,297,38,60,1,-1,-1,-1
451,19496,1825,712,59,120,1,-1,-1,-1
451,19497,1733,584,54,94,1,-1,-1,-1
451,19498,810,304,31,73,1,-1,-1,-1
452,19351,642,446,40,74,1,-1,-1,-1
452,19354,349,341,38,69,1,-1,-1,-1
452,19356,851,657,59,97,1,-1,-1,-1
452,19384,704,525,51,92,1,-1,-1,-1
452,19385,788,744,73,102,1,-1,-1,-1
452,19386,756,501,49,74,1,-1,-1,-1
452,19387,947,568,57,94,1,-1,-1,-1
452,19425,1279,351,47,67,1,-1,-1,-1
452,19429,1416,574,56,96,1,-1,-1,-1
452,19446,1435,351,38,62,1,-1,-1,-1
452,19449,1522,546,60,89,1,-1,-1,-1
452,19465,1663,717,63,119,1,-1,-1,-1
452,19487,1702,438,52,82,1,-1,-1,-1
452,19488,332,296,38,60,1,-1,-1,-1
452,19496,1821,709,60,121,1,-1,-1,-1
452,19497,1714,582,56,93,1,-1,-1,-1
452,19498,795,304,31,73,1,-1,-1,-1
452,19505,446,179,25,53,1,-1,-1,-1
453,19351,631,445,39,76,1,-1,-1,-1
453,19354,335,340,39,69,1,-1,-1,-1
453,19356,846,656,58,97,1,-1,-1,-1
453,19384,695,526,51,91,1,-1,-1,-1
453,19385,782,743,73,102,1,-1,-1,-1
453,19386,745,500,50,76,1,-1,-1,-1
453,19387,940,568,56,93,1,-1,-1,-1
453,19425,1271,350,46,66,1,-1,-1,-1
453,19429,1405,572,56,95,1,-1,-1,-1
453,19446,1424,350,38,62,1,-1,-1,-1
453,19449,1514,547,60,89,1,-1,-1,-1
453,19465,1659,714,62,118,1,-1,-1,-1
453,19487,1693,436,52,83,1,-1,-1,-1
453,19488,318,295,38,60,1,-1,-1,-1
453,19496,1816,705,61,121,1,-1,-1,-1
453,19497,1695,580,57,92,1,-1,-1,-1
453,19498,780,302,31,73,1,-1,-1,-1
453,19505,433,177,25,53,1,-1,-1,-1
454,19351,619,445,39,77,1,-1,-1,-1
454,19354,322,340,39,69,1,-1,-1,-1
454,19356,840,656,58,96,1,-1,-1,-1
454,19384,686,527,51,89,1,-1,-1,-1
454,19385,776,742,73,102,1,-1,-1,-1
454,19386,734,500,50,78,1,-1,-1,-1
454,19387,933,567,56,93,1,-1,-1,-1
454,19425,1264,349,45,66,1,-1,-1,-1
454,19429,1394,570,55,93,1,-1,-1,-1
454,19446,1414,349,37,62,1,-1,-1,-1
454,19449,1506,547,60,89,1,-1,-1,-1
454,19465,1656,710,61,117,1,-1,-1,-1
454,19487,1684,434,53,84,1,-1,-1,-1
454,19488,305,294,37,60,1,-1,-1,-1
454,19496,1811,702,62,121,1,-1,-1,-1
454,19497,1674,578,58,91,1,-1,-1,-1
454,19498,764,301,31,73,1,-1,-1,-1
454,19505,418,175,25,53,1,-1,-1,-1
455,19351,607,444,40,79,1,-1,-1,-1
455,19354,308,339,39,70,1,-1,-1,-1
455,19356,835,655,56,96,1,-1,-1,-1
455,19384,678,527,50,89,1,-1,-1,-1
455,19385,769,741,74,102,1,-1,-1,-1
455,19386,723,499,51,80,1,-1,-1,-1
455,19387,927,566,54,92,1,-1,-1,-1
455,19425,1257,349,44,65,1,-1,-1,-1
455,19429,1383,567,54,93,1,-1,-1,-1
455,19446,1402,349,38,62,1,-1,-1,-1
455,19449,1498,547,59,89,1,-1,-1,-1
455,19465,1653,706,60,116,1,-1,-1,-1
455,19487,1674,432,54,84,1,-1,-1,-1
455,19488,291,293,38,60,1,-1,-1,-1
455,19496,1807,698,62,121,1,-1,-1,-1
455,19497,1655,575,58,91,1,-1,-1,-1
455,19498,748,300,31,73,1,-1,-1,-1
455,19505,404,173,25,52,1,-1,-1,-1
456,19351,594,443,41,80,1,-1,-1,-1
456,19354,296,338,38,70,1,-1,-1,-1
456,19356,830,655,56,95,1,-1,-1,-1
456,19384,668,528,51,86,1,-1,-1,-1
456,19385,763,740,74,102,1,-1,-1,-1
456,19386,712,498,51,82,1,-1,-1,-1
456,19387,920,565,53,92,1,-1,-1,-1
456,19425,1250,348,43,64,1,-1,-1,-1
456,19429,1372,565,53,90,1,-1,-1,-1
456,19446,1391,348,38,62,1,-1,-1,-1
456,19449,1491,548,59,89,1,-1,-1,-1
456,19465,1650,703,59,116,1,-1,-1,-1
456,19487,1665,430,54,85,1,-1,-1,-1
456,19488,277,292,37,59,1,-1,-1,-1
456,19496,1802,695,62,121,1,-1,-1,-1
456,19497,1635,573,58,90,1,-1,-1,-1
456,19498,731,299,31,73,1,-1,-1,-1
456,19505,390,171,24,52,1,-1,-1,-1
457,19351,582,442,41,82,1,-1,-1,-1
457,19354,282,338,39,70,1,-1,-1,-1
457,19356,825,654,55,95,1,-1,-1,-1
457,19384,659,528,51,86,1,-1,-1,-1
457,19385,756,739,75,102,1,-1,-1,-1
457,19386,699,498,51,84,1,-1,-1,-1
457,19387,914,564,51,93,1,-1,-1,-1
457,19425,1243,347,41,64,1,-1,-1,-1
457,19429,1361,562,51,90,1,-1,-1,-1
457,19446,1379,348,39,61,1,-1,-1,-1
457,19449,1483,548,58,89,1,-1,-1,-1
457,19465,1647,699,57,115,1,-1,-1,-1
457,19487,1656,428,54,85,1,-1,-1,-1
457,19488,263,291,37,59,1,-1,-1,-1
457,19496,1797,691,63,121,1,-1,-1,-1
457,19497,1616,570,57,90,1,-1,-1,-1
457,19498,715,298,31,73,1,-1,-1,-1
457,19505,376,169,24,52,1,-1,-1,-1
458,19351,566,444,41,79,1,-1,-1,-1
458,19354,261,337,38,70,1,-1,-1,-1
458,19356,821,654,55,94,1,-1,-1,-1
458,19384,647,529,50,84,1,-1,-1,-1
458,19385,750,736,74,103,1,-1,-1,-1
458,19386,690,497,51,85,1,-1,-1,-1
458,19387,902,563,51,92,1,-1,-1,-1
458,19425,1235,347,41,63,1,-1,-1,-1
458,19429,1350,561,49,88,1,-1,-1,-1
458,19446,1371,347,39,61,1,-1,-1,-1
458,19449,1473,550,59,91,1,-1,-1,-1
458,19465,1644,694,55,115,1,-1,-1,-1
458,19487,1648,426,56,86,1,-1,-1,-1
458,19488,242,290,37,59,1,-1,-1,-1
458,19496,1792,688,63,120,1,-1,-1,-1
458,19497,1597,569,56,90,1,-1,-1,-1
458,19498,697,297,31,73,1,-1,-1,-1
458,19505,358,169,24,52,1,-1,-1,-1
459,19351,554,445,41,79,1,-1,-1,-1
459,19354,244,337,38,71,1,-1,-1,-1
459,19356,819,653,54,94,1,-1,-1,-1
459,19384,638,529,50,84,1,-1,-1,-1
459,19385,746,733,76,104,1,-1,-1,-1
459,19386,684,496,49,85,1,-1,-1,-1
459,19387,894,562,50,92,1,-1,-1,-1
459,19425,1227,346,40,63,1,-1,-1,-1
459,19429,1338,560,49,86,1,-1,-1,-1
459,19446,1363,346,41,62,1,-1,-1,-1
459,19449,1464,551,59,94,1,-1,-1,-1
459,19465,1639,689,54,115,1,-1,-1,-1
459,19487,1642,425,56,86,1,-1,-1,-1
459,19488,225,289,37,59,1,-1,-1,-1
459,19496,1788,685,62,118,1,-1,-1,-1
459,19497,1577,569,56,90,1,-1,-1,-1
459,19498,683,297,31,73,1,-1,-1,-1
459,19505,343,169,24,52,1,-1,-1,-1
460,19351,543,445,41,79,1,-1,-1,-1
460,19354,229,337,38,71,1,-1,-1,-1
460,19356,815,651,54,94,1,-1,-1,-1
460,19384,631,529,50,85,1,-1,-1,-1
460,19385,744,729,76,105,1,-1,-1,-1
460,19386,677,496,48,84,1,-1,-1,-1
460,19387,886,561,50,92,1,-1,-1,-1
460,19425,1219,345,39,64,1,-1,-1,-1
460,19429,1327,560,47,85,1,-1,-1,-1
460,19446,1356,344,41,63,1,-1,-1,-1
460,19449,1454,552,59,96,1,-1,-1,-1
460,19465,1633,684,54,114,1,-1,-1,-1
460,19487,1634,423,57,86,1,-1,-1,-1
460,19488,210,288,37,60,1,-1,-1,-1
460,19496,1783,681,62,117,1,-1,-1,-1
460,19497,1557,568,56,90,1,-1,-1,-1
460,19498,669,296,31,73,1,-1,-1,-1
460,19505,328,168,25,52,1,-1,-1,-1
461,19351,533,446,42,79,1,-1,-1,-1
461,19354,215,336,37,73,1,-1,-1,-1
461,19356,811,650,55,94,1,-1,-1,-1
461,19384,624,530,52,85,1,-1,-1,-1
461,19385,742,725,78,106,1,-1,-1,-1
461,19386,670,496,48,84,1,-1,-1,-1
461,19387,878,560,50,92,1,-1,-1,-1
461,19425,1211,344,38,64,1,-1,-1,-1
461,19429,1315,559,47,83,1,-1,-1,-1
461,19446,1349,343,42,63,1,-1,-1,-1
461,19449,1445,553,59,97,1,-1,-1,-1
461,19465,1628,678,52,115,1,-1,-1,-1
461,19487,1628,421,57,86,1,-1,-1,-1
461,19488,195,287,37,61,1,-1,-1,-1
461,19496,1778,677,61,116,1,-1,-1,-1
461,19497,1538,568,56,90,1,-1,-1,-1
461,19498,657,295,31,73,1,-1,-1,-1
461,19505,315,166,25,53,1,-1,-1,-1
462,19351,522,446,43,80,1,-1,-1,-1
462,19354,200,336,38,74,1,-1,-1,-1
462,19356,807,648,55,95,1,-1,-1,-1
462,19384,617,530,52,85,1,-1,-1,-1
462,19385,740,721,79,108,1,-1,-1,-1
462,19386,664,496,46,83,1,-1,-1,-1
462,19387,870,560,50,92,1,-1,-1,-1
462,19425,1202,343,38,65,1,-1,-1,-1
462,19429,1303,559,45,81,1,-1,-1,-1
462,19446,1342,342,43,63,1,-1,-1,-1
462,19449,1435,555,59,99,1,-1,-1,-1
462,19465,1623,673,52,115,1,-1,-1,-1
462,19487,1621,420,59,86,1,-1,-1,-1
462,19488,181,287,36,61,1,-1,-1,-1
462,19496,1773,673,61,116,1,-1,-1,-1
462,19497,1518,568,57,90,1,-1,-1,-1
462,19498,644,295,31,73,1,-1,-1,-1
462,19505,302,165,26,53,1,-1,-1,-1
463,19351,511,445,43,82,1,-1,-1,-1
463,19354,186,336,38,74,1,-1,-1,-1
463,19356,802,646,55,95,1,-1,-1,-1
463,19384,607,530,54,87,1,-1,-1,-1
463,19385,737,716,81,109,1,-1,-1,-1
463,19386,653,496,46,82,1,-1,-1,-1
463,19387,861,559,49,92,1,-1,-1,-1
463,19425,1192,341,37,66,1,-1,-1,-1
463,19429,1289,558,44,79,1,-1,-1,-1
463,19446,1332,340,44,64,1,-1,-1,-1
463,19449,1423,556,58,101,1,-1,-1,-1
463,19465,1616,667,51,115,1,-1,-1,-1
463,19487,1613,418,60,86,1,-1,-1,-1
463,19488,166,286,37,61,1,-1,-1,-1
463,19496,1768,668,59,115,1,-1,-1,-1
463,19497,1493,568,57,90,1,-1,-1,-1
463,19498,627,294,31,73,1,-1,-1,-1
463,19505,284,164,27,53,1,-1,-1,-1
464,19351,505,445,43,82,1,-1,-1,-1
464,19354,178,334,37,76,1,-1,-1,-1
464,19356,799,645,56,95,1,-1,-1,-1
464,19384,602,530,54,87,1,-1,-1,-1
464,19385,737,713,81,110,1,-1,-1,-1
464,19386,649,496,45,81,1,-1,-1,-1
464,19387,856,557,49,92,1,-1,-1,-1
464,19425,1187,340,36,67,1,-1,-1,-1
464,19429,1278,556,44,80,1,-1,-1,-1
464,19446,1327,339,45,65,1,-1,-1,-1
464,19449,1416,555,58,101,1,-1,-1,-1
464,19465,1612,662,51,115,1,-1,-1,-1
464,19487,1609,416,60,86,1,-1,-1,-1
464,19488,157,285,37,62,1,-1,-1,-1
464,19496,1764,664,59,115,1,-1,-1,-1
464,19497,1479,567,57,90,1,-1,-1,-1
464,19498,617,293,31,73,1,-1,-1,-1
464,19505,274,163,27,53,1,-1,-1,-1
465,19351,498,445,43,83,1,-1,-1,-1
465,19354,168,332,37,77,1,-1,-1,-1
465,19356,799,642,56,95,1,-1,-1,-1
465,19384,596,530,54,88,1,-1,-1,-1
465,19385,737,710,82,110,1,-1,-1,-1
465,19386,644,495,45,82,1,-1,-1,-1
465,19387,850,555,50,92,1,-1,-1,-1
465,19425,1181,339,36,67,1,-1,-1,-1
465,19429,1264,552,45,82,1,-1,-1,-1
465,19446,1321,337,47,67,1,-1,-1,-1
465,19449,1409,550,58,103,1,-1,-1,-1
465,19465,1609,657,50,114,1,-1,-1,-1
465,19487,1606,414,60,86,1,-1,-1,-1
465,19488,147,285,37,62,1,-1,-1,-1
465,19496,1760,660,59,113,1,-1,-1,-1
465,19497,1465,566,59,91,1,-1,-1,-1
465,19498,608,293,30,72,1,-1,-1,-1
465,19505,264,161,28,54,1,-1,-1,-1
466,19351,491,445,43,83,1,-1,-1,-1
466,19354,158,330,37,78,1,-1,-1,-1
466,19356,798,640,57,95,1,-1,-1,-1
466,19384,589,529,55,88,1,-1,-1,-1
466,19385,737,707,82,111,1,-1,-1,-1
466,19386,639,494,46,82,1,-1,-1,-1
466,19387,845,553,50,92,1,-1,-1,-1
466,19425,1175,337,36,68,1,-1,-1,-1
466,19429,1250,548,45,84,1,-1,-1,-1
466,19446,1314,335,48,69,1,-1,-1,-1
466,19449,1402,545,58,105,1,-1,-1,-1
466,19465,1606,651,49,113,1,-1,-1,-1
466,19487,1602,412,61,86,1,-1,-1,-1
466,19488,137,284,37,62,1,-1,-1,-1
466,19496,1756,654,59,113,1,-1,-1,-1
466,19497,1452,565,60,92,1,-1,-1,-1
466,19498,597,292,30,72,1,-1,-1,-1
466,19505,255,159,29,55,1,-1,-1,-1
467,19351,484,445,42,83,1,-1,-1,-1
467,19354,147,328,37,78,1,-1,-1,-1
467,19356,798,638,56,95,1,-1,-1,-1
467,19384,583,528,54,88,1,-1,-1,-1
467,19385,737,705,83,110,1,-1,-1,-1
467,19386,633,492,47,84,1,-1,-1,-1
467,19387,840,550,51,92,1,-1,-1,-1
467,19425,1170,336,36,68,1,-1,-1,-1
467,19429,1235,544,46,85,1,-1,-1,-1
467,19446,1307,333,49,71,1,-1,-1,-1
467,19449,1396,540,57,106,1,-1,-1,-1
467,19465,1602,645,48,113,1,-1,-1,-1
467,19487,1599,410,61,87,1,-1,-1,-1
467,19488,126,283,37,62,1,-1,-1,-1
467,19496,1752,649,60,111,1,-1,-1,-1
467,19497,1438,564,61,93,1,-1,-1,-1
467,19498,587,292,30,70,1,-1,-1,-1
467,19505,245,157,30,56,1,-1,-1,-1
468,19351,477,445,42,83,1,-1,-1,-1
468,19354,137,326,38,79,1,-1,-1,-1
468,19356,798,635,56,95,1,-1,-1,-1
468,19384,576,528,55,88,1,-1,-1,-1
468,19385,738,702,83,110,1,-1,-1,-1
468,19386,628,491,47,85,1,-1,-1,-1
468,19387,836,548,51,92,1,-1,-1,-1
468,19425,1164,334,37,68,1,-1,-1,-1
468,19429,1221,539,47,88,1,-1,-1,-1
468,19446,1301,331,50,73,1,-1,-1,-1
468,19449,1389,534,56,107,1,-1,-1,-1
468,19465,1599,640,48,111,1,-1,-1,-1
468,19487,1596,408,60,87,1,-1,-1,-1
468,19488,116,282,36,62,1,-1,-1,-1
468,19496,1748,643,61,111,1,-1,-1,-1
468,19497,1424,562,62,95,1,-1,-1,-1
468,19498,576,291,30,70,1,-1,-1,-1
468,19505,236,156,31,55,1,-1,-1,-1
469,19351,466,445,42,83,1,-1,-1,-1
469,19354,121,323,39,81,1,-1,-1,-1
469,19356,797,632,57,95,1,-1,-1,-1
469,19384,566,527,54,89,1,-1,-1,-1
469,19385,738,698,83,110,1,-1,-1,-1
469,19386,620,489,49,86,1,-1,-1,-1
469,19387,829,545,52,92,1,-1,-1,-1
469,19425,1157,332,37,69,1,-1,-1,-1
469,19429,1201,533,48,91,1,-1,-1,-1
469,19446,1292,328,51,77,1,-1,-1,-1
469,19449,1380,527,56,108,1,-1,-1,-1
469,19465,1595,632,47,110,1,-1,-1,-1
469,19487,1592,404,60,89,1,-1,-1,-1
469,19488,100,282,37,62,1,-1,-1,-1
469,19496,1742,636,62,110,1,-1,-1,-1
469,19497,1406,560,63,97,1,-1,-1,-1
469,19498,561,291,29,69,1,-1,-1,-1
469,19505,222,152,32,56,1,-1,-1,-1
470,19351,461,444,41,83,1,-1,-1,-1
470,19354,114,322,39,81,1,-1,-1,-1
470,19356,797,630,57,95,1,-1,-1,-1
470,19384,561,527,54,89,1,-1,-1,-1
470,19385,739,696,83,110,1,-1,-1,-1
470,19386,616,488,49,87,1,-1,-1,-1
470,19387,825,543,54,92,1,-1,-1,-1
470,19425,1153,331,37,69,1,-1,-1,-1
470,19429,1191,530,47,92,1,-1,-1,-1
470,19446,1288,327,51,77,1,-1,-1,-1
470,19449,1374,523,56,109,1,-1,-1,-1
470,19465,1591,627,47,110,1,-1,-1,-1
470,19487,1590,402,59,89,1,-1,-1,-1
470,19488,93,281,36,62,1,-1,-1,-1
470,19496,1739,632,63,110,1,-1,-1,-1
470,19497,1396,559,63,98,1,-1,-1,-1
470,19498,554,290,28,69,1,-1,-1,-1
470,19505,215,151,33,56,1,-1,-1,-1
471,19351,456,443,41,83,1,-1,-1,-1
471,19354,104,321,39,81,1,-1,-1,-1
471,19356,797,628,57,94,1,-1,-1,-1
471,19384,553,526,54,90,1,-1,-1,-1
471,19385,740,693,83,111,1,-1,-1,-1
471,19386,612,488,50,87,1,-1,-1,-1
471,19387,822,541,54,92,1,-1,-1,-1
471,19425,1148,329,38,69,1,-1,-1,-1
471,19429,1181,528,46,92,1,-1,-1,-1
471,19446,1286,326,50,76,1,-1,-1,-1
471,19449,1367,519,54,108,1,-1,-1,-1
471,19465,1587,622,46,108,1,-1,-1,-1
471,19487,1589,400,58,90,1,-1,-1,-1
471,19488,84,279,37,63,1,-1,-1,-1
471,19496,1736,627,64,112,1,-1,-1,-1
471,19497,1387,556,63,100,1,-1,-1,-1
471,19498,546,289,28,69,1,-1,-1,-1
471,19505,208,150,33,56,1,-1,-1,-1
472,19351,450,443,41,83,1,-1,-1,-1
472,19354,94,321,39,80,1,-1,-1,-1
472,19356,797,625,56,93,1,-1,-1,-1
472,19384,545,525,54,92,1,-1,-1,-1
472,19385,741,691,83,110,1,-1,-1,-1
472,19386,607,487,50,87,1,-1,-1,-1
472,19387,818,539,54,92,1,-1,-1,-1
472,19425,1144,327,38,69,1,-1,-1,-1
472,19429,1170,526,46,91,1,-1,-1,-1
472,19446,1284,325,48,75,1,-1,-1,-1
472,19449,1358,516,54,107,1,-1,-1,-1
472,19465,1582,616,46,107,1,-1,-1,-1
472,19487,1588,399,56,89,1,-1,-1,-1
472,19488,75,277,37,65,1,-1,-1,-1
472,19496,1733,622,65,113,1,-1,-1,-1
472,19497,1377,554,64,101,1,-1,-1,-1
472,19498,536,288,29,69,1,-1,-1,-1
472,19505,200,148,34,56,1,-1,-1,-1
473,19351,444,442,41,83,1,-1,-1,-1
473,19354,85,321,38,79,1,-1,-1,-1
473,19356,797,622,56,92,1,-1,-1,-1
473,19384,536,524,54,93,1,-1,-1,-1
473,19385,744,688,82,110,1,-1,-1,-1
473,19386,602,486,50,87,1,-1,-1,-1
473,19387,814,537,55,92,1,-1,-1,-1
473,19425,1140,325,38,70,1,-1,-1,-1
473,19429,1159,524,45,91,1,-1,-1,-1
473,19446,1282,324,46,73,1,-1,-1,-1
473,19449,1349,513,53,106,1,-1,-1,-1
473,19465,1577,610,47,105,1,-1,-1,-1
473,19487,1586,397,55,89,1,-1,-1,-1
473,19488,65,275,38,66,1,-1,-1,-1
473,19496,1730,617,66,115,1,-1,-1,-1
473,19497,1367,551,64,102,1,-1,-1,-1
473,19498,526,286,30,70,1,-1,-1,-1
473,19505,192,146,33,56,1,-1,-1,-1
474,19351,438,441,41,83,1,-1,-1,-1
474,19354,75,320,38,78,1,-1,-1,-1
474,19356,797,619,55,91,1,-1,-1,-1
474,19384,528,524,54,95,1,-1,-1,-1
474,19385,746,685,81,110,1,-1,-1,-1
474,19386,598,485,49,87,1,-1,-1,-1
474,19387,810,535,55,93,1,-1,-1,-1
474,19425,1135,323,39,70,1,-1,-1,-1
474,19429,1148,522,44,91,1,-1,-1,-1
474,19446,1280,324,44,71,1,-1,-1,-1
474,19449,1340,510,52,105,1,-1,-1,-1
474,19465,1571,604,47,104,1,-1,-1,-1
474,19487,1585,395,53,90,1,-1,-1,-1
474,19488,55,273,38,67,1,-1,-1,-1
474,19496,1728,612,66,117,1,-1,-1,-1
474,19497,1357,549,65,103,1,-1,-1,-1
474,19498,516,285,30,70,1,-1,-1,-1
474,19505,184,144,33,56,1,-1,-1,-1
475,19351,428,439,42,83,1,-1,-1,-1
475,19354,59,320,37,76,1,-1,-1,-1
475,19356,797,614,53,90,1,-1,-1,-1
475,19384,515,523,55,97,1,-1,-1,-1
475,19385,748,682,80,110,1,-1,-1,-1
475,19386,592,483,49,87,1,-1,-1,-1
475,19387,805,531,54,94,1,-1,-1,-1
475,19425,1129,319,39,71,1,-1,-1,-1
475,19429,1131,520,44,90,1,-1,-1,-1
475,19446,1278,323,40,68,1,-1,-1,-1
475,19449,1326,505,53,103,1,-1,-1,-1
475,19465,1564,594,47,103,1,-1,-1,-1
475,19487,1583,392,51,90,1,-1,-1,-1
475,19488,40,270,38,69,1,-1,-1,-1
475,19496,1724,604,66,120,1,-1,-1,-1
475,19497,1342,545,66,105,1,-1,-1,-1
475,19498,502,282,31,71,1,-1,-1,-1
475,19505,171,141,33,56,1,-1,-1,-1
476,19351,424,439,42,83,1,-1,-1,-1
476,19354,53,320,36,75,1,-1,-1,-1
476,19356,798,612,52,89,1,-1,-1,-1
476,19384,508,522,55,98,1,-1,-1,-1
476,19385,751,679,78,110,1,-1,-1,-1
476,19386,589,482,48,88,1,-1,-1,-1
476,19387,803,529,54,94,1,-1,-1,-1
476,19425,1126,318,40,70,1,-1,-1,-1
476,19429,1123,518,44,90,1,-1,-1,-1
476,19446,1277,322,39,68,1,-1,-1,-1
476,19449,1319,504,53,103,1,-1,-1,-1
476,19465,1560,591,48,101,1,-1,-1,-1
476,19487,1582,390,50,90,1,-1,-1,-1
476,19488,34,268,38,70,1,-1,-1,-1
476,19496,1723,601,65,120,1,-1,-1,-1
476,19497,1336,543,66,106,1,-1,-1,-1
476,19498,496,281,31,71,1,-1,-1,-1
476,19505,166,140,32,56,1,-1,-1,-1
477,19351,418,438,43,84,1,-1,-1,-1
477,19354,44,318,38,77,1,-1,-1,-1
477,19356,798,611,52,90,1,-1,-1,-1
477,19384,501,523,54,98,1,-1,-1,-1
477,19385,751,676,77,110,1,-1,-1,-1
477,19386,586,482,48,87,1,-1,-1,-1
477,19387,800,527,53,94,1,-1,-1,-1
477,19425,1122,317,41,70,1,-1,-1,-1
477,19429,1113,516,43,91,1,-1,-1,-1
477,19446,1275,321,37,67,1,-1,-1,-1
477,19449,1310,503,56,105,1,-1,-1,-1
477,19465,1555,585,50,102,1,-1,-1,-1
477,19487,1581,389,48,90,1,-1,-1,-1
477,19488,25,268,38,70,1,-1,-1,-1
477,19496,1721,598,64,118,1,-1,-1,-1
477,19497,1330,541,64,106,1,-1,-1,-1
477,19498,489,280,31,71,1,-1,-1,-1
477,19505,160,138,31,57,1,-1,-1,-1
478,19351,412,437,44,85,1,-1,-1,-1
478,19354,36,316,38,79,1,-1,-1,-1
478,19356,798,609,53,92,1,-1,-1,-1
478,19384,493,523,53,99,1,-1,-1,-1
478,19385,751,674,76,110,1,-1,-1,-1
478,19386,582,482,48,87,1,-1,-1,-1
478,19387,796,524,54,95,1,-1,-1,-1
478,19425,1117,316,42,71,1,-1,-1,-1
478,19429,1102,514,44,91,1,-1,-1,-1
478,19446,1272,320,37,68,1,-1,-1,-1
478,19449,1301,502,58,110,1,-1,-1,-1
478,19465,1550,580,51,102,1,-1,-1,-1
478,19487,1578,387,47,91,1,-1,-1,-1
478,19488,16,268,38,70,1,-1,-1,-1
478,19496,1719,594,63,118,1,-1,-1,-1
478,19497,1324,538,63,106,1,-1,-1,-1
478,19498,481,279,33,72,1,-1,-1,-1
478,19505,151,137,32,56,1,-1,-1,-1
479,19351,401,434,45,88,1,-1,-1,-1
479,19354,21,313,40,83,1,-1,-1,-1
479,19356,798,606,54,95,1,-1,-1,-1
479,19384,485,524,52,98,1,-1,-1,-1
479,19385,751,672,75,110,1,-1,-1,-1
479,19386,579,482,47,87,1,-1,-1,-1
479,19387,790,519,54,95,1,-1,-1,-1
479,19425,1113,315,42,71,1,-1,-1,-1
479,19429,1090,512,44,91,1,-1,-1,-1
479,19446,1268,320,37,68,1,-1,-1,-1
479,19449,1290,502,61,114,1,-1,-1,-1
479,19465,1545,575,52,102,1,-1,-1,-1
479,19487,1575,386,46,90,1,-1,-1,-1
479,19488,0,268,37,70,1,-1,-1,-1
479,19496,1717,590,62,116,1,-1,-1,-1
479,19497,1318,535,62,106,1,-1,-1,-1
479,19498,474,277,33,73,1,-1,-1,-1
479,19505,138,133,32,56,1,-1,-1,-1
480,19351,397,434,45,87,1,-1,-1,-1
480,19354,15,311,41,85,1,-1,-1,-1
480,19356,798,605,54,95,1,-1,-1,-1
480,19384,476,525,52,98,1,-1,-1,-1
480,19385,750,670,74,110,1,-1,-1,-1
480,19386,576,481,46,88,1,-1,-1,-1
480,19387,787,517,54,95,1,-1,-1,-1
480,19425,1108,314,44,71,1,-1,-1,-1
480,19429,1078,510,44,92,1,-1,-1,-1
480,19446,1266,319,36,68,1,-1,-1,-1
480,19449,1280,501,64,120,1,-1,-1,-1
480,19465,1540,570,53,102,1,-1,-1,-1
480,19487,1573,384,45,91,1,-1,-1,-1
480,19488,-4,268,35,70,1,-1,-1,-1
480,19496,1715,587,61,114,1,-1,-1,-1
480,19497,1312,533,59,107,1,-1,-1,-1
480,19498,467,275,34,74,1,-1,-1,-1
480,19505,133,132,32,56,1,-1,-1,-1
481,19351,386,434,46,88,1,-1,-1,-1
481,19354,1,312,41,85,1,-1,-1,-1
481,19356,801,601,54,96,1,-1,-1,-1
481,19384,467,525,51,99,1,-1,-1,-1
481,19385,749,668,74,110,1,-1,-1,-1
481,19386,572,481,46,87,1,-1,-1,-1
481,19387,784,518,54,95,1,-1,-1,-1
481,19425,1104,312,44,71,1,-1,-1,-1
481,19429,1066,508,44,92,1,-1,-1,-1
481,19446,1263,318,36,69,1,-1,-1,-1
481,19449,1269,501,67,124,1,-1,-1,-1
481,19465,1536,565,53,102,1,-1,-1,-1
481,19487,1569,383,45,90,1,-1,-1,-1
481,19488,-6,268,35,70,1,-1,-1,-1
481,19496,1712,583,61,112,1,-1,-1,-1
481,19497,1307,530,57,107,1,-1,-1,-1
481,19498,455,272,35,76,1,-1,-1,-1
481,19505,124,132,31,56,1,-1,-1,-1
482,19351,382,434,46,88,1,-1,-1,-1
482,19354,-4,312,40,85,1,-1,-1,-1
482,19356,803,599,53,96,1,-1,-1,-1
482,19384,457,526,50,98,1,-1,-1,-1
482,19385,749,666,73,110,1,-1,-1,-1
482,19386,568,481,46,87,1,-1,-1,-1
482,19387,781,518,55,95,1,-1,-1,-1
482,19425,1099,311,45,72,1,-1,-1,-1
482,19429,1053,506,44,93,1,-1,-1,-1
482,19446,1259,318,36,68,1,-1,-1,-1
482,19449,1257,501,70,129,1,-1,-1,-1
482,19465,1531,560,54,101,1,-1,-1,-1
482,19487,1565,381,45,90,1,-1,-1,-1
482,19496,1710,579,59,110,1,-1,-1,-1
482,19497,1301,527,53,107,1,-1,-1,-1
482,19498,450,271,35,76,1,-1,-1,-1
482,19505,117,131,29,56,1,-1,-1,-1
483,19351,374,436,45,88,1,-1,-1,-1
483,19354,-10,312,37,85,1,-1,-1,-1
483,19356,803,595,54,96,1,-1,-1,-1
483,19384,448,528,49,99,1,-1,-1,-1
483,19385,748,664,73,110,1,-1,-1,-1
483,19386,564,482,46,88,1,-1,-1,-1
483,19387,777,518,54,95,1,-1,-1,-1
483,19425,1093,311,47,72,1,-1,-1,-1
483,19429,1042,507,44,92,1,-1,-1,-1
483,19446,1255,318,36,69,1,-1,-1,-1
483,19449,1250,506,69,127,1,-1,-1,-1
483,19465,1526,556,54,100,1,-1,-1,-1
483,19487,1561,380,45,90,1,-1,-1,-1
483,19496,1704,577,60,109,1,-1,-1,-1
483,19497,1294,528,51,106,1,-1,-1,-1
483,19498,442,272,35,76,1,-1,-1,-1
483,19505,109,131,28,56,1,-1,-1,-1
484,19351,369,437,45,88,1,-1,-1,-1
484,19356,803,593,53,96,1,-1,-1,-1
484,19384,437,530,48,99,1,-1,-1,-1
484,19385,747,662,73,109,1,-1,-1,-1
484,19386,557,483,46,88,1,-1,-1,-1
484,19387,770,518,54,95,1,-1,-1,-1
484,19425,1088,312,46,72,1,-1,-1,-1
484,19429,1030,509,44,89,1,-1,-1,-1
484,19446,1250,319,35,69,1,-1,-1,-1
484,19449,1244,515,66,121,1,-1,-1,-1
484,19465,1520,554,54,96,1,-1,-1,-1
484,19487,1556,380,45,89,1,-1,-1,-1
484,19496,1698,575,59,107,1,-1,-1,-1
484,19497,1287,530,49,107,1,-1,-1,-1
484,19498,431,272,35,77,1,-1,-1,-1
484,19505,99,130,27,56,1,-1,-1,-1
485,19351,360,438,46,89,1,-1,-1,-1
485,19356,801,592,52,96,1,-1,-1,-1
485,19384,425,533,48,99,1,-1,-1,-1
485,19385,745,659,74,110,1,-1,-1,-1
485,19386,549,484,46,89,1,-1,-1,-1
485,19387,762,517,54,95,1,-1,-1,-1
485,19425,1082,312,46,72,1,-1,-1,-1
485,19429,1019,511,43,87,1,-1,-1,-1
485,19446,1244,320,35,69,1,-1,-1,-1
485,19449,1239,525,62,114,1,-1,-1,-1
485,19465,1514,553,54,92,1,-1,-1,-1
485,19487,1550,380,45,89,1,-1,-1,-1
485,19496,1691,574,58,105,1,-1,-1,-1
485,19497,1279,534,47,105,1,-1,-1,-1
485,19498,419,273,35,76,1,-1,-1,-1
485,19505,88,130,26,56,1,-1,-1,-1
486,19351,349,439,47,89,1,-1,-1,-1
486,19356,798,592,51,96,1,-1,-1,-1
486,19384,412,536,48,100,1,-1,-1,-1
486,19385,744,657,74,109,1,-1,-1,-1
486,19386,542,486,46,90,1,-1,-1,-1
486,19387,755,516,53,95,1,-1,-1,-1
486,19425,1076,312,46,72,1,-1,-1,-1
486,19429,1007,513,43,84,1,-1,-1,-1
486,19446,1238,321,35,69,1,-1,-1,-1
486,19449,1233,536,59,104,1,-1,-1,-1
486,19465,1508,551,53,89,1,-1,-1,-1
486,19487,1544,379,46,89,1,-1,-1,-1
486,19496,1683,573,58,104,1,-1,-1,-1
486,19497,1270,537,46,105,1,-1,-1,-1
486,19498,408,274,35,76,1,-1,-1,-1
486,19505,77,130,26,56,1,-1,-1,-1
487,19351,338,441,47,89,1,-1,-1,-1
487,19356,794,593,51,95,1,-1,-1,-1
487,19384,399,539,48,100,1,-1,-1,-1
487,19385,743,655,74,109,1,-1,-1,-1
487,19386,535,487,45,92,1,-1,-1,-1
487,19387,748,516,52,95,1,-1,-1,-1
487,19425,1069,312,47,72,1,-1,-1,-1
487,19429,995,515,43,82,1,-1,-1,-1
487,19446,1232,322,35,69,1,-1,-1,-1
487,19449,1228,547,54,95,1,-1,-1,-1
487,19465,1501,549,54,86,1,-1,-1,-1
487,19487,1538,379,47,87,1,-1,-1,-1
487,19496,1675,572,57,101,1,-1,-1,-1
487,19497,1261,541,46,104,1,-1,-1,-1
487,19498,396,275,35,76,1,-1,-1,-1
487,19505,66,130,25,56,1,-1,-1,-1
488,19351,325,442,47,89,1,-1,-1,-1
488,19356,791,593,49,94,1,-1,-1,-1
488,19384,383,543,48,100,1,-1,-1,-1
488,19385,741,653,75,109,1,-1,-1,-1
488,19386,524,489,46,93,1,-1,-1,-1
488,19387,739,515,51,95,1,-1,-1,-1
488,19425,1062,313,46,72,1,-1,-1,-1
488,19429,979,519,44,78,1,-1,-1,-1
488,19446,1225,323,35,69,1,-1,-1,-1
488,19449,1222,561,48,84,1,-1,-1,-1
488,19465,1493,548,53,79,1,-1,-1,-1
488,19487,1530,379,48,86,1,-1,-1,-1
488,19496,1665,570,56,99,1,-1,-1,-1
488,19497,1249,546,46,102,1,-1,-1,-1
488,19498,381,276,36,76,1,-1,-1,-1
488,19505,52,130,25,56,1,-1,-1,-1
489,19351,316,443,48,89,1,-1,-1,-1
489,19356,788,593,48,93,1,-1,-1,-1
489,19384,372,545,48,101,1,-1,-1,-1
489,19385,740,652,75,109,1,-1,-1,-1
489,19386,518,490,45,93,1,-1,-1,-1
489,19387,733,515,51,95,1,-1,-1,-1
489,19425,1057,313,45,72,1,-1,-1,-1
489,19429,970,519,45,78,1,-1,-1,-1
489,19446,1220,323,35,69,1,-1,-1,-1
489,19449,1217,568,47,78,1,-1,-1,-1
489,19465,1487,546,55,78,1,-1,-1,-1
489,19487,1524,378,50,87,1,-1,-1,-1
489,19496,1660,569,54,98,1,-1,-1,-1
489,19497,1241,549,45,99,1,-1,-1,-1
489,19498,371,276,36,76,1,-1,-1,-1
489,19505,40,130,25,56,1,-1,-1,-1
490,19351,308,444,49,89,1,-1,-1,-1
490,19356,784,592,48,93,1,-1,-1,-1
490,19384,360,548,48,102,1,-1,-1,-1
490,19385,738,652,75,108,1,-1,-1,-1
490,19386,509,491,45,93,1,-1,-1,-1
490,19387,727,514,51,95,1,-1,-1,-1
490,19425,1051,313,44,72,1,-1,-1,-1
490,19429,959,517,46,79,1,-1,-1,-1
490,19446,1215,323,35,69,1,-1,-1,-1
490,19449,1210,573,46,75,1,-1,-1,-1
490,19465,1480,545,56,78,1,-1,-1,-1
490,19487,1518,378,50,87,1,-1,-1,-1
490,19496,1653,568,55,97,1,-1,-1,-1
490,19497,1230,551,45,97,1,-1,-1,-1
490,19498,361,277,35,76,1,-1,-1,-1
490,19505,26,131,24,56,1,-1,-1,-1
491,19351,300,444,49,89,1,-1,-1,-1
491,19356,780,590,48,93,1,-1,-1,-1
491,19384,347,551,47,102,1,-1,-1,-1
491,19385,736,651,75,108,1,-1,-1,-1
491,19386,501,492,45,93,1,-1,-1,-1
491,19387,721,514,51,95,1,-1,-1,-1
491,19425,1045,313,43,72,1,-1,-1,-1
491,19429,948,515,48,81,1,-1,-1,-1
491,19446,1209,323,36,70,1,-1,-1,-1
491,19449,1204,579,44,70,1,-1,-1,-1
491,19465,1473,544,57,77,1,-1,-1,-1
491,19487,1512,377,51,87,1,-1,-1,-1
491,19496,1646,566,54,95,1,-1,-1,-1
491,19497,1220,553,43,93,1,-1,-1,-1
491,19498,350,278,36,76,1,-1,-1,-1
491,19505,15,131,23,56,1,-1,-1,-1
492,19351,293,445,49,89,1,-1,-1,-1
492,19356,776,588,49,93,1,-1,-1,-1
492,19384,334,553,47,103,1,-1,-1,-1
492,19385,734,651,74,107,1,-1,-1,-1
492,19386,492,493,45,93,1,-1,-1,-1
492,19387,714,513,52,96,1,-1,-1,-1
492,19425,1039,313,43,72,1,-1,-1,-1
492,19429,936,513,51,84,1,-1,-1,-1
492,19446,1203,323,36,70,1,-1,-1,-1
492,19449,1196,584,44,66,1,-1,-1,-1
492,19465,1465,543,59,77,1,-1,-1,-1
492,19487,1505,377,52,87,1,-1,-1,-1
492,19496,1639,564,54,94,1,-1,-1,-1
492,19497,1208,555,42,90,1,-1,-1,-1
492,19498,338,279,36,76,1,-1,-1,-1
492,19505,6,131,22,56,1,-1,-1,-1
493,19351,283,445,50,89,1,-1,-1,-1
493,19356,770,585,50,93,1,-1,-1,-1
493,19384,320,556,47,104,1,-1,-1,-1
493,19385,732,651,73,107,1,-1,-1,-1
493,19386,482,494,46,93,1,-1,-1,-1
493,19387,706,513,53,96,1,-1,-1,-1
493,19425,1033,314,42,72,1,-1,-1,-1
493,19429,925,511,53,86,1,-1,-1,-1
493,19446,1197,323,37,70,1,-1,-1,-1
493,19449,1190,590,42,60,1,-1,-1,-1
493,19465,1459,541,58,77,1,-1,-1,-1
493,19487,1499,376,51,87,1,-1,-1,-1
493,19496,1631,563,54,92,1,-1,-1,-1
493,19497,1198,557,39,86,1,-1,-1,-1
493,19498,327,280,36,76,1,-1,-1,-1
493,19505,-5,131,20,56,1,-1,-1,-1
494,19351,276,449,49,90,1,-1,-1,-1
494,19356,770,585,48,91,1,-1,-1,-1
494,19384,302,560,46,104,1,-1,-1,-1
494,19385,729,651,72,106,1,-1,-1,-1
494,19386,470,496,46,92,1,-1,-1,-1
494,19387,698,512,52,92,1,-1,-1,-1
494,19425,1024,314,42,72,1,-1,-1,-1
494,19429,910,509,54,88,1,-1,-1,-1
494,19446,1189,322,37,71,1,-1,-1,-1
494,19449,1181,597,39,54,1,-1,-1,-1
494,19465,1450,539,58,78,1,-1,-1,-1
494,19487,1491,376,51,87,1,-1,-1,-1
494,19496,1621,561,54,90,1,-1,-1,-1
494,19497,1182,560,38,81,1,-1,-1,-1
494,19498,313,281,36,76,1,-1,-1,-1
495,19351,273,451,49,90,1,-1,-1,-1
495,19356,770,586,48,90,1,-1,-1,-1
495,19384,294,561,45,106,1,-1,-1,-1
495,19385,729,651,69,105,1,-1,-1,-1
495,19386,463,497,47,92,1,-1,-1,-1
495,19387,694,511,53,90,1,-1,-1,-1
495,19425,1020,314,40,72,1,-1,-1,-1
495,19429,902,508,55,89,1,-1,-1,-1
495,19446,1185,322,39,71,1,-1,-1,-1
495,19449,1176,600,40,52,1,-1,-1,-1
495,19465,1446,538,58,77,1,-1,-1,-1
495,19487,1487,375,50,87,1,-1,-1,-1
495,19496,1614,559,55,90,1,-1,-1,-1
495,19497,1175,560,36,81,1,-1,-1,-1
495,19498,305,281,36,77,1,-1,-1,-1
496,19351,268,452,48,90,1,-1,-1,-1
496,19356,769,584,48,90,1,-1,-1,-1
496,19384,285,563,45,106,1,-1,-1,-1
496,19385,728,651,69,104,1,-1,-1,-1
496,19386,458,498,48,92,1,-1,-1,-1
496,19387,690,510,53,90,1,-1,-1,-1
496,19425,1016,314,40,72,1,-1,-1,-1
496,19429,895,507,55,90,1,-1,-1,-1
496,19446,1183,321,40,71,1,-1,-1,-1
496,19449,1171,604,42,52,1,-1,-1,-1
496,19465,1444,537,58,77,1,-1,-1,-1
496,19487,1484,375,50,87,1,-1,-1,-1
496,19496,1605,557,57,90,1,-1,-1,-1
496,19497,1166,559,37,81,1,-1,-1,-1
496,19498,297,282,35,76,1,-1,-1,-1
497,19351,262,453,47,90,1,-1,-1,-1
497,19356,767,582,49,91,1,-1,-1,-1
497,19384,275,564,46,106,1,-1,-1,-1
497,19385,728,652,67,103,1,-1,-1,-1
497,19386,454,498,48,93,1,-1,-1,-1
497,19387,687,509,54,91,1,-1,-1,-1
497,19425,1011,314,40,72,1,-1,-1,-1
497,19429,889,506,54,90,1,-1,-1,-1
497,19446,1182,320,41,71,1,-1,-1,-1
497,19449,1166,608,43,52,1,-1,-1,-1
497,19465,1443,535,58,76,1,-1,-1,-1
497,19487,1480,375,50,87,1,-1,-1,-1
497,19496,1596,555,59,90,1,-1,-1,-1
497,19497,1156,558,38,83,1,-1,-1,-1
497,19498,288,282,36,76,1,-1,-1,-1
498,19351,255,454,48,90,1,-1,-1,-1
498,19356,765,580,50,91,1,-1,-1,-1
498,19384,266,566,45,107,1,-1,-1,-1
498,19385,728,652,65,102,1,-1,-1,-1
498,19386,449,498,49,93,1,-1,-1,-1
498,19387,683,507,55,92,1,-1,-1,-1
498,19425,1007,313,40,74,1,-1,-1,-1
498,19429,882,505,54,91,1,-1,-1,-1
498,19446,1180,319,42,70,1,-1,-1,-1
498,19449,1161,612,45,52,1,-1,-1,-1
498,19465,1443,534,58,76,1,-1,-1,-1
498,19487,1477,375,50,86,1,-1,-1,-1
498,19496,1586,552,61,91,1,-1,-1,-1
498,19497,1147,558,38,85,1,-1,-1,-1
498,19498,280,282,36,76,1,-1,-1,-1
499,19351,249,455,47,90,1,-1,-1,-1
499,19356,763,578,52,92,1,-1,-1,-1
499,19384,257,568,46,107,1,-1,-1,-1
499,19385,728,652,63,101,1,-1,-1,-1
499,19386,445,497,50,94,1,-1,-1,-1
499,19387,680,506,55,93,1,-1,-1,-1
499,19425,1002,313,40,75,1,-1,-1,-1
499,19429,876,505,53,90,1,-1,-1,-1
499,19446,1179,318,43,70,1,-1,-1,-1
499,19449,1156,616,47,52,1,-1,-1,-1
499,19465,1442,533,59,75,1,-1,-1,-1
499,19487,1473,374,50,87,1,-1,-1,-1
499,19496,1576,550,64,91,1,-1,-1,-1
499,19497,1137,557,40,87,1,-1,-1,-1
499,19498,273,281,35,76,1,-1,-1,-1
500,19351,239,457,47,89,1,-1,-1,-1
500,19356,760,574,54,94,1,-1,-1,-1
500,19384,242,571,47,107,1,-1,-1,-1
500,19385,729,653,60,98,1,-1,-1,-1
500,19386,439,497,51,95,1,-1,-1,-1
500,19387,675,503,55,95,1,-1,-1,-1
500,19425,995,313,40,75,1,-1,-1,-1
500,19429,866,504,52,91,1,-1,-1,-1
500,19446,1177,316,45,70,1,-1,-1,-1
500,19449,1149,622,48,52,1,-1,-1,-1
500,19465,1441,531,58,73,1,-1,-1,-1
500,19487,1468,374,50,87,1,-1,-1,-1
500,19496,1559,545,69,93,1,-1,-1,-1
500,19497,1122,556,41,89,1,-1,-1,-1
500,19498,265,281,35,76,1,-1,-1,-1
501,19351,234,456,48,89,1,-1,-1,-1
501,19356,761,575,56,94,1,-1,-1,-1
501,19384,236,572,48,108,1,-1,-1,-1
501,19385,730,653,59,99,1,-1,-1,-1
501,19386,436,497,52,95,1,-1,-1,-1
501,19387,673,502,55,96,1,-1,-1,-1
501,19425,992,313,41,76,1,-1,-1,-1
501,19429,862,504,52,90,1,-1,-1,-1
501,19446,1175,316,47,70,1,-1,-1,-1
501,19449,1146,624,48,52,1,-1,-1,-1
501,19465,1440,530,59,73,1,-1,-1,-1
501,19487,1466,374,50,87,1,-1,-1,-1
501,19496,1552,544,72,93,1,-1,-1,-1
501,19497,1116,555,42,90,1,-1,-1,-1
501,19498,255,281,36,76,1,-1,-1,-1
502,19351,231,456,49,89,1,-1,-1,-1
502,19356,764,573,57,95,1,-1,-1,-1
502,19384,232,574,49,108,1,-1,-1,-1
502,19385,732,652,59,99,1,-1,-1,-1
502,19386,435,497,52,95,1,-1,-1,-1
502,19387,673,501,54,96,1,-1,-1,-1
502,19425,991,312,41,77,1,-1,-1,-1
502,19429,860,505,51,90,1,-1,-1,-1
502,19446,1176,315,48,70,1,-1,-1,-1
502,19449,1142,624,50,53,1,-1,-1,-1
502,19465,1441,530,61,74,1,-1,-1,-1
502,19487,1464,373,51,87,1,-1,-1,-1
502,19496,1546,542,74,94,1,-1,-1,-1
502,19497,1111,555,43,91,1,-1,-1,-1
502,19498,250,281,36,76,1,-1,-1,-1
503,19351,229,456,49,89,1,-1,-1,-1
503,19356,767,572,59,95,1,-1,-1,-1
503,19384,229,575,50,110,1,-1,-1,-1
503,19385,735,651,60,100,1,-1,-1,-1
503,19386,434,497,52,95,1,-1,-1,-1
503,19387,672,500,53,97,1,-1,-1,-1
503,19425,990,312,41,77,1,-1,-1,-1
503,19429,857,506,50,90,1,-1,-1,-1
503,19446,1177,314,49,70,1,-1,-1,-1
503,19449,1136,624,53,54,1,-1,-1,-1
503,19465,1442,529,63,75,1,-1,-1,-1
503,19487,1463,373,51,87,1,-1,-1,-1
503,19496,1541,540,75,95,1,-1,-1,-1
503,19497,1107,554,42,91,1,-1,-1,-1
503,19498,246,280,37,77,1,-1,-1,-1
504,19351,227,457,49,89,1,-1,-1,-1
504,19356,771,570,59,95,1,-1,-1,-1
504,19384,227,577,50,110,1,-1,-1,-1
504,19385,739,650,61,101,1,-1,-1,-1
504,19386,434,497,52,95,1,-1,-1,-1
504,19387,672,499,53,96,1,-1,-1,-1
504,19425,989,312,41,77,1,-1,-1,-1
504,19429,854,506,50,90,1,-1,-1,-1
504,19446,1178,314,50,70,1,-1,-1,-1
504,19449,1130,623,55,55,1,-1,-1,-1
504,19465,1444,529,64,77,1,-1,-1,-1
504,19487,1463,372,51,87,1,-1,-1,-1
504,19496,1536,538,76,96,1,-1,-1,-1
504,19497,1103,554,42,91,1,-1,-1,-1
504,19498,243,280,37,77,1,-1,-1,-1
505,19351,224,457,50,89,1,-1,-1,-1
505,19356,775,568,60,95,1,-1,-1,-1
505,19384,224,578,51,111,1,-1,-1,-1
505,19385,743,648,61,102,1,-1,-1,-1
505,19386,433,498,53,95,1,-1,-1,-1
505,19387,672,498,52,96,1,-1,-1,-1
505,19425,988,312,41,77,1,-1,-1,-1
505,19429,852,507,49,90,1,-1,-1,-1
505,19446,1180,313,50,70,1,-1,-1,-1
505,19449,1126,622,56,56,1,-1,-1,-1
505,19465,1445,528,66,78,1,-1,-1,-1
505,19487,1462,371,51,87,1,-1,-1,-1
505,19496,1531,535,76,98,1,-1,-1,-1
505,19497,1098,554,43,91,1,-1,-1,-1
505,19498,239,279,39,78,1,-1,-1,-1
506,19351,222,457,50,89,1,-1,-1,-1
506,19356,778,566,62,95,1,-1,-1,-1
506,19384,221,580,53,112,1,-1,-1,-1
506,19385,746,647,63,104,1,-1,-1,-1
506,19386,432,498,54,95,1,-1,-1,-1
506,19387,672,496,52,97,1,-1,-1,-1
506,19425,988,312,40,77,1,-1,-1,-1
506,19429,849,507,49,90,1,-1,-1,-1
506,19446,1181,313,50,70,1,-1,-1,-1
506,19449,1120,621,59,57,1,-1,-1,-1
506,19465,1447,528,67,79,1,-1,-1,-1
506,19487,1461,371,51,87,1,-1,-1,-1
506,19496,1526,533,76,99,1,-1,-1,-1
506,19497,1094,554,43,91,1,-1,-1,-1
506,19498,235,279,40,78,1,-1,-1,-1
507,19351,220,457,50,89,1,-1,-1,-1
507,19356,783,564,62,95,1,-1,-1,-1
507,19384,219,582,53,112,1,-1,-1,-1
507,19385,750,645,65,105,1,-1,-1,-1
507,19386,431,498,54,95,1,-1,-1,-1
507,19387,672,495,51,97,1,-1,-1,-1
507,19425,986,312,41,77,1,-1,-1,-1
507,19429,846,508,48,90,1,-1,-1,-1
507,19446,1184,312,49,70,1,-1,-1,-1
507,19449,1115,620,61,57,1,-1,-1,-1
507,19465,1449,527,69,81,1,-1,-1,-1
507,19487,1460,370,51,87,1,-1,-1,-1
507,19496,1521,531,74,100,1,-1,-1,-1
507,19497,1089,553,43,91,1,-1,-1,-1
507,19498,231,278,41,79,1,-1,-1,-1
508,19351,219,458,50,89,1,-1,-1,-1
508,19356,786,562,62,95,1,-1,-1,-1
508,19384,216,583,55,114,1,-1,-1,-1
508,19385,752,644,65,106,1,-1,-1,-1
508,19386,430,498,54,95,1,-1,-1,-1
508,19387,671,494,51,97,1,-1,-1,-1
508,19425,986,312,41,77,1,-1,-1,-1
508,19429,843,508,48,91,1,-1,-1,-1
508,19446,1186,313,49,70,1,-1,-1,-1
508,19449,1109,620,63,57,1,-1,-1,-1
508,19465,1449,528,70,82,1,-1,-1,-1
508,19487,1459,369,51,87,1,-1,-1,-1
508,19496,1518,530,71,100,1,-1,-1,-1
508,19497,1084,552,43,92,1,-1,-1,-1
508,19498,227,278,42,80,1,-1,-1,-1
509,19351,217,460,51,90,1,-1,-1,-1
509,19356,788,560,63,95,1,-1,-1,-1
509,19384,214,586,54,113,1,-1,-1,-1
509,19385,752,643,67,107,1,-1,-1,-1
509,19386,429,500,54,95,1,-1,-1,-1
509,19387,671,493,50,96,1,-1,-1,-1
509,19425,985,312,41,77,1,-1,-1,-1
509,19429,840,508,48,91,1,-1,-1,-1
509,19446,1187,314,49,70,1,-1,-1,-1
509,19449,1103,619,66,58,1,-1,-1,-1
509,19465,1448,529,71,84,1,-1,-1,-1
509,19487,1458,369,51,87,1,-1,-1,-1
509,19496,1514,531,70,97,1,-1,-1,-1
509,19497,1078,551,45,93,1,-1,-1,-1
509,19498,222,278,42,80,1,-1,-1,-1
510,19351,214,461,52,90,1,-1,-1,-1
510,19356,789,559,64,95,1,-1,-1,-1
510,19384,212,589,55,113,1,-1,-1,-1
510,19385,752,642,67,107,1,-1,-1,-1
510,19386,427,502,54,95,1,-1,-1,-1
510,19387,669,492,50,96,1,-1,-1,-1
510,19425,983,312,42,76,1,-1,-1,-1
510,19429,838,508,48,92,1,-1,-1,-1
510,19446,1189,314,49,70,1,-1,-1,-1
510,19449,1098,618,68,59,1,-1,-1,-1
510,19465,1447,530,71,85,1,-1,-1,-1
510,19487,1457,368,52,87,1,-1,-1,-1
510,19496,1511,532,66,95,1,-1,-1,-1
510,19497,1072,550,45,95,1,-1,-1,-1
510,19498,217,278,42,80,1,-1,-1,-1
511,19351,211,463,52,91,1,-1,-1,-1
511,19356,791,557,64,95,1,-1,-1,-1
511,19384,209,592,56,113,1,-1,-1,-1
511,19385,752,641,69,108,1,-1,-1,-1
511,19386,426,503,54,95,1,-1,-1,-1
511,19387,668,491,50,96,1,-1,-1,-1
511,19425,982,312,43,76,1,-1,-1,-1
511,19429,835,508,48,92,1,-1,-1,-1
511,19446,1190,315,49,70,1,-1,-1,-1
511,19449,1093,617,69,60,1,-1,-1,-1
511,19465,1446,530,71,87,1,-1,-1,-1
511,19487,1455,367,52,87,1,-1,-1,-1
511,19496,1506,533,66,92,1,-1,-1,-1
511,19497,1065,549,46,97,1,-1,-1,-1
511,19498,212,278,42,81,1,-1,-1,-1
512,19351,209,464,52,91,1,-1,-1,-1
512,19356,792,555,65,95,1,-1,-1,-1
512,19384,207,595,56,113,1,-1,-1,-1
512,19385,752,639,70,110,1,-1,-1,-1
512,19386,424,505,54,95,1,-1,-1,-1
512,19387,667,490,49,96,1,-1,-1,-1
512,19425,982,311,42,77,1,-1,-1,-1
512,19429,831,507,49,93,1,-1,-1,-1
512,19446,1192,316,49,69,1,-1,-1,-1
512,19449,1087,616,72,61,1,-1,-1,-1
512,19465,1446,531,70,88,1,-1,-1,-1
512,19487,1454,367,52,87,1,-1,-1,-1
512,19496,1502,534,64,89,1,-1,-1,-1
512,19497,1059,548,47,98,1,-1,-1,-1
512,19498,207,279,42,80,1,-1,-1,-1
513,19351,205,467,53,91,1,-1,-1,-1
513,19356,795,553,65,95,1,-1,-1,-1
513,19384,204,598,56,113,1,-1,-1,-1
513,19385,753,638,70,110,1,-1,-1,-1
513,19386,423,506,54,95,1,-1,-1,-1
513,19387,665,489,49,96,1,-1,-1,-1
513,19425,980,311,43,76,1,-1,-1,-1
513,19429,828,507,50,93,1,-1,-1,-1
513,19446,1194,317,48,69,1,-1,-1,-1
513,19449,1081,615,74,62,1,-1,-1,-1
513,19465,1445,532,70,89,1,-1,-1,-1
513,19487,1453,366,52,87,1,-1,-1,-1
513,19496,1496,536,64,85,1,-1,-1,-1
513,19497,1051,546,48,101,1,-1,-1,-1
513,19498,202,279,40,80,1,-1,-1,-1
514,19351,202,468,53,92,1,-1,-1,-1
514,19356,795,551,65,95,1,-1,-1,-1
514,19384,200,600,56,114,1,-1,-1,-1
514,19385,752,637,71,111,1,-1,-1,-1
514,19386,418,507,55,95,1,-1,-1,-1
514,19387,664,489,48,96,1,-1,-1,-1
514,19425,977,312,43,76,1,-1,-1,-1
514,19429,823,506,50,94,1,-1,-1,-1
514,19446,1192,318,48,69,1,-1,-1,-1
514,19449,1073,615,76,62,1,-1,-1,-1
514,19465,1443,533,68,89,1,-1,-1,-1
514,19487,1449,365,51,87,1,-1,-1,-1
514,19496,1491,536,65,84,1,-1,-1,-1
514,19497,1043,544,49,102,1,-1,-1,-1
514,19498,195,281,40,80,1,-1,-1,-1
515,19351,197,469,53,93,1,-1,-1,-1
515,19356,792,550,66,95,1,-1,-1,-1
515,19384,193,600,57,115,1,-1,-1,-1
515,19385,751,637,71,111,1,-1,-1,-1
515,19386,412,508,55,95,1,-1,-1,-1
515,19387,659,490,48,95,1,-1,-1,-1
515,19425,971,312,44,76,1,-1,-1,-1
515,19429,818,504,50,94,1,-1,-1,-1
515,19446,1188,319,48,69,1,-1,-1,-1
515,19449,1063,615,77,62,1,-1,-1,-1
515,19465,1439,535,67,88,1,-1,-1,-1
515,19487,1442,366,52,87,1,-1,-1,-1
515,19496,1487,536,65,84,1,-1,-1,-1
515,19497,1034,542,49,102,1,-1,-1,-1
515,19498,187,282,39,80,1,-1,-1,-1
516,19351,190,471,53,92,1,-1,-1,-1
516,19356,789,549,66,95,1,-1,-1,-1
516,19384,186,601,58,115,1,-1,-1,-1
516,19385,751,637,69,111,1,-1,-1,-1
516,19386,405,509,55,95,1,-1,-1,-1
516,19387,652,490,49,94,1,-1,-1,-1
516,19425,966,313,44,75,1,-1,-1,-1
516,19429,811,502,51,94,1,-1,-1,-1
516,19446,1184,320,48,69,1,-1,-1,-1
516,19449,1052,614,79,62,1,-1,-1,-1
516,19465,1434,536,66,88,1,-1,-1,-1
516,19487,1434,366,52,87,1,-1,-1,-1
516,19496,1482,536,65,84,1,-1,-1,-1
516,19497,1024,540,50,103,1,-1,-1,-1
516,19498,177,284,38,80,1,-1,-1,-1
517,19351,184,472,53,92,1,-1,-1,-1
517,19356,786,547,65,95,1,-1,-1,-1
517,19384,179,600,59,118,1,-1,-1,-1
517,19385,750,637,69,111,1,-1,-1,-1
517,19386,398,509,55,95,1,-1,-1,-1
517,19387,646,491,48,94,1,-1,-1,-1
517,19425,960,314,44,75,1,-1,-1,-1
517,19429,805,500,51,94,1,-1,-1,-1
517,19446,1180,321,47,69,1,-1,-1,-1
517,19449,1041,613,79,62,1,-1,-1,-1
517,19465,1430,538,65,86,1,-1,-1,-1
517,19487,1426,367,53,87,1,-1,-1,-1
517,19496,1477,536,65,84,1,-1,-1,-1
517,19497,1015,537,50,103,1,-1,-1,-1
517,19498,167,286,38,80,1,-1,-1,-1
518,19351,177,473,53,93,1,-1,-1,-1
518,19356,783,546,64,95,1,-1,-1,-1
518,19384,172,601,59,119,1,-1,-1,-1
518,19385,750,637,67,111,1,-1,-1,-1
518,19386,391,509,55,95,1,-1,-1,-1
518,19387,639,492,49,93,1,-1,-1,-1
518,19425,954,314,43,75,1,-1,-1,-1
518,19429,798,498,51,94,1,-1,-1,-1
518,19446,1175,322,47,69,1,-1,-1,-1
518,19449,1030,613,80,62,1,-1,-1,-1
518,19465,1425,539,65,86,1,-1,-1,-1
518,19487,1417,367,54,87,1,-1,-1,-1
518,19496,1473,536,64,84,1,-1,-1,-1
518,19497,1004,535,51,102,1,-1,-1,-1
518,19498,158,287,37,80,1,-1,-1,-1
519,19351,168,475,53,92,1,-1,-1,-1
519,19356,779,544,63,95,1,-1,-1,-1
519,19384,161,601,60,120,1,-1,-1,-1
519,19385,749,637,65,111,1,-1,-1,-1
519,19386,380,510,55,95,1,-1,-1,-1
519,19387,629,493,50,92,1,-1,-1,-1
519,19425,945,315,44,74,1,-1,-1,-1
519,19429,789,495,51,94,1,-1,-1,-1
519,19446,1169,323,46,69,1,-1,-1,-1
519,19449,1014,612,82,62,1,-1,-1,-1
519,19465,1417,541,66,84,1,-1,-1,-1
519,19487,1406,368,54,86,1,-1,-1,-1
519,19496,1467,536,63,84,1,-1,-1,-1
519,19497,991,532,51,102,1,-1,-1,-1
519,19498,145,290,36,80,1,-1,-1,-1
520,19351,162,476,53,93,1,-1,-1,-1
520,19356,776,542,62,95,1,-1,-1,-1
520,19384,156,602,60,120,1,-1,-1,-1
520,19385,748,637,63,111,1,-1,-1,-1
520,19386,374,510,55,95,1,-1,-1,-1
520,19387,623,493,51,92,1,-1,-1,-1
520,19425,940,316,43,74,1,-1,-1,-1
520,19429,783,494,50,93,1,-1,-1,-1
520,19446,1165,324,46,69,1,-1,-1,-1
520,19449,1006,612,81,62,1,-1,-1,-1
520,19465,1413,542,66,83,1,-1,-1,-1
520,19487,1399,368,54,86,1,-1,-1,-1
520,19496,1462,536,63,84,1,-1,-1,-1
520,19497,983,531,52,102,1,-1,-1,-1
520,19498,136,290,36,81,1,-1,-1,-1
521,19351,154,478,53,92,1,-1,-1,-1
521,19356,772,541,60,95,1,-1,-1,-1
521,19384,147,603,61,120,1,-1,-1,-1
521,19385,742,638,62,111,1,-1,-1,-1
521,19386,365,510,56,95,1,-1,-1,-1
521,19387,616,492,51,92,1,-1,-1,-1
521,19425,932,317,43,73,1,-1,-1,-1
521,19429,773,492,51,94,1,-1,-1,-1
521,19446,1160,324,46,69,1,-1,-1,-1
521,19449,995,614,80,60,1,-1,-1,-1
521,19465,1408,543,67,85,1,-1,-1,-1
521,19487,1389,368,55,87,1,-1,-1,-1
521,19496,1454,533,62,86,1,-1,-1,-1
521,19497,975,531,52,100,1,-1,-1,-1
521,19498,124,291,37,81,1,-1,-1,-1
522,19351,146,479,53,92,1,-1,-1,-1
522,19356,766,539,60,95,1,-1,-1,-1
522,19384,139,604,61,121,1,-1,-1,-1
522,19385,736,639,60,110,1,-1,-1,-1
522,19386,355,510,56,96,1,-1,-1,-1
522,19387,608,491,52,92,1,-1,-1,-1
522,19425,924,318,42,73,1,-1,-1,-1
522,19429,761,492,51,93,1,-1,-1,-1
522,19446,1155,325,45,69,1,-1,-1,-1
522,19449,984,616,78,58,1,-1,-1,-1
522,19465,1403,545,69,85,1,-1,-1,-1
522,19487,1378,368,56,87,1,-1,-1,-1
522,19496,1446,531,62,86,1,-1,-1,-1
522,19497,966,532,51,98,1,-1,-1,-1
522,19498,111,292,37,80,1,-1,-1,-1
523,19351,138,480,53,92,1,-1,-1,-1
523,19356,761,537,59,95,1,-1,-1,-1
523,19384,130,606,62,120,1,-1,-1,-1
523,19385,728,640,59,110,1,-1,-1,-1
523,19386,344,510,57,97,1,-1,-1,-1
523,19387,601,490,52,92,1,-1,-1,-1
523,19425,915,319,42,72,1,-1,-1,-1
523,19429,750,491,51,93,1,-1,-1,-1
523,19446,1150,325,44,69,1,-1,-1,-1
523,19449,973,618,75,56,1,-1,-1,-1
523,19465,1398,546,70,87,1,-1,-1,-1
523,19487,1367,368,56,87,1,-1,-1,-1
523,19496,1436,528,62,87,1,-1,-1,-1
523,19497,956,532,52,96,1,-1,-1,-1
523,19498,97,293,37,80,1,-1,-1,-1
524,19351,130,481,53,92,1,-1,-1,-1
524,19356,757,535,56,95,1,-1,-1,-1
524,19384,121,607,62,121,1,-1,-1,-1
524,19385,720,642,59,110,1,-1,-1,-1
524,19386,333,509,58,99,1,-1,-1,-1
524,19387,593,489,52,92,1,-1,-1,-1
524,19425,906,320,42,72,1,-1,-1,-1
524,19429,737,490,52,93,1,-1,-1,-1
524,19446,1145,326,44,69,1,-1,-1,-1
524,19449,962,620,72,54,1,-1,-1,-1
524,19465,1392,548,72,88,1,-1,-1,-1
524,19487,1357,368,56,87,1,-1,-1,-1
524,19496,1425,525,63,89,1,-1,-1,-1
524,19497,947,534,52,93,1,-1,-1,-1
524,19498,82,293,38,81,1,-1,-1,-1
525,19351,116,482,53,92,1,-1,-1,-1
525,19356,748,531,54,95,1,-1,-1,-1
525,19384,112,609,63,120,1,-1,-1,-1
525,19385,712,643,58,110,1,-1,-1,-1
525,19386,323,509,58,99,1,-1,-1,-1
525,19387,582,487,52,92,1,-1,-1,-1
525,19425,897,321,41,71,1,-1,-1,-1
525,19429,726,489,51,92,1,-1,-1,-1
525,19446,1139,326,44,69,1,-1,-1,-1
525,19449,951,622,68,53,1,-1,-1,-1
525,19465,1387,549,73,90,1,-1,-1,-1
525,19487,1346,367,55,87,1,-1,-1,-1
525,19496,1416,522,63,91,1,-1,-1,-1
525,19497,937,535,52,91,1,-1,-1,-1
525,19498,67,294,40,81,1,-1,-1,-1
526,19351,111,483,53,92,1,-1,-1,-1
526,19356,745,530,52,94,1,-1,-1,-1
526,19384,103,610,64,121,1,-1,-1,-1
526,19385,704,644,58,110,1,-1,-1,-1
526,19386,311,509,60,100,1,-1,-1,-1
526,19387,577,486,52,92,1,-1,-1,-1
526,19425,887,323,41,70,1,-1,-1,-1
526,19429,713,489,52,91,1,-1,-1,-1
526,19446,1133,326,43,69,1,-1,-1,-1
526,19449,940,624,65,51,1,-1,-1,-1
526,19465,1383,551,73,91,1,-1,-1,-1
526,19487,1335,367,55,87,1,-1,-1,-1
526,19496,1405,519,64,92,1,-1,-1,-1
526,19497,928,536,52,88,1,-1,-1,-1
526,19498,53,294,40,82,1,-1,-1,-1
527,19351,100,484,53,92,1,-1,-1,-1
527,19356,737,528,51,94,1,-1,-1,-1
527,19384,93,613,64,120,1,-1,-1,-1
527,19385,696,643,58,111,1,-1,-1,-1
527,19386,300,510,60,101,1,-1,-1,-1
527,19387,568,486,52,92,1,-1,-1,-1
527,19425,876,323,41,71,1,-1,-1,-1
527,19429,702,488,51,91,1,-1,-1,-1
527,19446,1124,327,44,69,1,-1,-1,-1
527,19449,923,624,64,50,1,-1,-1,-1
527,19465,1380,552,74,92,1,-1,-1,-1
527,19487,1321,367,56,87,1,-1,-1,-1
527,19496,1396,517,64,92,1,-1,-1,-1
527,19497,917,534,54,90,1,-1,-1,-1
527,19498,34,296,41,81,1,-1,-1,-1
528,19351,87,485,53,92,1,-1,-1,-1
528,19356,727,526,50,92,1,-1,-1,-1
528,19384,81,616,65,120,1,-1,-1,-1
528,19385,687,641,59,112,1,-1,-1,-1
528,19386,286,513,60,101,1,-1,-1,-1
528,19387,557,485,53,92,1,-1,-1,-1
528,19425,864,323,42,72,1,-1,-1,-1
528,19429,690,487,52,93,1,-1,-1,-1
528,19446,1115,328,43,69,1,-1,-1,-1
528,19449,905,624,63,50,1,-1,-1,-1
528,19465,1378,552,73,92,1,-1,-1,-1
528,19487,1308,366,56,88,1,-1,-1,-1
528,19496,1387,514,63,92,1,-1,-1,-1
528,19497,905,532,56,91,1,-1,-1,-1
528,19498,7,300,39,80,1,-1,-1,-1
529,19351,74,486,54,92,1,-1,-1,-1
529,19356,711,522,50,90,1,-1,-1,-1
529,19384,70,619,65,120,1,-1,-1,-1
529,19385,676,639,59,113,1,-1,-1,-1
529,19386,271,516,59,101,1,-1,-1,-1
529,19387,539,484,55,92,1,-1,-1,-1
529,19425,847,323,42,74,1,-1,-1,-1
529,19429,673,485,53,96,1,-1,-1,-1
529,19446,1099,328,45,69,1,-1,-1,-1
529,19449,876,623,64,49,1,-1,-1,-1
529,19465,1376,552,73,92,1,-1,-1,-1
529,19487,1287,364,56,89,1,-1,-1,-1
529,19496,1374,511,62,90,1,-1,-1,-1
529,19497,889,527,59,95,1,-1,-1,-1
529,19498,-2,301,38,80,1,-1,-1,-1
530,19351,61,486,54,92,1,-1,-1,-1
530,19356,703,522,50,89,1,-1,-1,-1
530,19384,58,622,66,120,1,-1,-1,-1
530,19385,670,637,58,115,1,-1,-1,-1
530,19386,264,516,56,101,1,-1,-1,-1
530,19387,531,483,56,92,1,-1,-1,-1
530,19425,838,323,42,74,1,-1,-1,-1
530,19429,664,484,53,96,1,-1,-1,-1
530,19446,1092,329,46,69,1,-1,-1,-1
530,19449,862,622,64,50,1,-1,-1,-1
530,19465,1373,551,73,93,1,-1,-1,-1
530,19487,1277,364,56,89,1,-1,-1,-1
530,19496,1367,509,62,90,1,-1,-1,-1
530,19497,880,526,60,96,1,-1,-1,-1
531,19351,47,487,55,92,1,-1,-1,-1
531,19356,695,522,50,88,1,-1,-1,-1
531,19384,46,626,67,120,1,-1,-1,-1
531,19385,660,636,60,116,1,-1,-1,-1
531,19386,252,515,56,102,1,-1,-1,-1
531,19387,522,483,55,92,1,-1,-1,-1
531,19425,829,323,42,75,1,-1,-1,-1
531,19429,653,484,52,95,1,-1,-1,-1
531,19446,1084,330,45,69,1,-1,-1,-1
531,19449,845,622,64,50,1,-1,-1,-1
531,19465,1365,549,73,92,1,-1,-1,-1
531,19487,1266,364,55,88,1,-1,-1,-1
531,19496,1354,506,63,92,1,-1,-1,-1
531,19497,866,525,61,96,1,-1,-1,-1
532,19351,30,488,55,92,1,-1,-1,-1
532,19356,684,522,49,88,1,-1,-1,-1
532,19384,32,630,67,120,1,-1,-1,-1
532,19385,647,635,61,117,1,-1,-1,-1
532,19386,234,514,58,104,1,-1,-1,-1
532,19387,510,483,54,91,1,-1,-1,-1
532,19425,817,323,43,75,1,-1,-1,-1
532,19429,636,484,51,93,1,-1,-1,-1
532,19446,1073,331,45,68,1,-1,-1,-1
532,19449,821,623,65,50,1,-1,-1,-1
532,19465,1354,545,73,92,1,-1,-1,-1
532,19487,1253,364,54,88,1,-1,-1,-1
532,19496,1336,502,66,96,1,-1,-1,-1
532,19497,846,523,62,97,1,-1,-1,-1
533,19351,21,488,56,92,1,-1,-1,-1
533,19356,678,522,49,87,1,-1,-1,-1
533,19384,24,631,68,120,1,-1,-1,-1
533,19385,639,634,62,118,1,-1,-1,-1
533,19386,224,514,58,104,1,-1,-1,-1
533,19387,504,482,53,92,1,-1,-1,-1
533,19425,810,323,43,75,1,-1,-1,-1
533,19429,625,484,52,93,1,-1,-1,-1
533,19446,1067,332,45,69,1,-1,-1,-1
533,19449,806,622,67,51,1,-1,-1,-1
533,19465,1349,543,72,92,1,-1,-1,-1
533,19487,1244,364,53,87,1,-1,-1,-1
533,19496,1327,500,66,97,1,-1,-1,-1
533,19497,836,523,62,97,1,-1,-1,-1
534,19351,14,488,55,92,1,-1,-1,-1
534,19356,673,521,48,86,1,-1,-1,-1
534,19384,18,631,67,120,1,-1,-1,-1
534,19385,631,634,63,118,1,-1,-1,-1
534,19386,214,514,59,104,1,-1,-1,-1
534,19387,497,482,53,92,1,-1,-1,-1
534,19425,804,323,41,75,1,-1,-1,-1
534,19429,616,483,50,93,1,-1,-1,-1
534,19446,1063,333,45,70,1,-1,-1,-1
534,19449,791,621,69,54,1,-1,-1,-1
534,19465,1346,541,72,93,1,-1,-1,-1
534,19487,1236,364,51,86,1,-1,-1,-1
534,19496,1321,497,66,99,1,-1,-1,-1
534,19497,827,524,62,97,1,-1,-1,-1
535,19351,8,488,54,92,1,-1,-1,-1
535,19356,667,519,49,86,1,-1,-1,-1
535,19384,12,631,66,120,1,-1,-1,-1
535,19385,625,634,63,118,1,-1,-1,-1
535,19386,205,514,58,105,1,-1,-1,-1
535,19387,490,481,53,92,1,-1,-1,-1
535,19425,797,324,41,75,1,-1,-1,-1
535,19429,605,483,51,94,1,-1,-1,-1
535,19446,1058,334,45,71,1,-1,-1,-1
535,19449,775,619,72,56,1,-1,-1,-1
535,19465,1343,539,71,93,1,-1,-1,-1
535,19487,1227,364,51,85,1,-1,-1,-1
535,19496,1315,495,66,99,1,-1,-1,-1
535,19497,819,524,61,97,1,-1,-1,-1
536,19351,2,488,54,92,1,-1,-1,-1
536,19356,662,517,49,87,1,-1,-1,-1
536,19384,6,630,66,121,1,-1,-1,-1
536,19385,619,634,62,118,1,-1,-1,-1
536,19386,196,515,58,104,1,-1,-1,-1
536,19387,483,480,53,92,1,-1,-1,-1
536,19425,791,324,41,75,1,-1,-1,-1
536,19429,596,483,50,94,1,-1,-1,-1
536,19446,1054,335,45,72,1,-1,-1,-1
536,19449,760,618,75,58,1,-1,-1,-1
536,19465,1340,537,71,94,1,-1,-1,-1
536,19487,1218,364,50,85,1,-1,-1,-1
536,19496,1309,493,66,98,1,-1,-1,-1
536,19497,811,524,61,97,1,-1,-1,-1
537,19351,-2,488,51,92,1,-1,-1,-1
537,19356,656,515,49,87,1,-1,-1,-1
537,19384,0,630,65,120,1,-1,-1,-1
537,19385,613,634,61,118,1,-1,-1,-1
537,19386,187,515,58,104,1,-1,-1,-1
537,19387,475,480,55,92,1,-1,-1,-1
537,19425,785,325,40,75,1,-1,-1,-1
537,19429,586,482,50,96,1,-1,-1,-1
537,19446,1050,336,46,74,1,-1,-1,-1
537,19449,745,615,77,62,1,-1,-1,-1
537,19465,1337,536,71,95,1,-1,-1,-1
537,19487,1209,364,50,84,1,-1,-1,-1
537,19496,1304,490,66,99,1,-1,-1,-1
537,19497,802,525,60,97,1,-1,-1,-1
538,19351,-10,488,49,92,1,-1,-1,-1
538,19356,648,512,50,87,1,-1,-1,-1
538,19384,-5,629,63,120,1,-1,-1,-1
538,19385,606,634,60,118,1,-1,-1,-1
538,19386,177,515,57,104,1,-1,-1,-1
538,19387,465,479,56,92,1,-1,-1,-1
538,19425,778,325,38,75,1,-1,-1,-1
538,19429,575,482,49,97,1,-1,-1,-1
538,19446,1045,337,45,75,1,-1,-1,-1
538,19449,727,613,79,65,1,-1,-1,-1
538,19465,1335,534,70,95,1,-1,-1,-1
538,19487,1199,364,49,83,1,-1,-1,-1
538,19496,1298,488,65,98,1,-1,-1,-1
538,19497,793,525,59,97,1,-1,-1,-1
539,19351,-11,488,47,92,1,-1,-1,-1
539,19356,645,512,49,87,1,-1,-1,-1
539,19384,-8,630,63,121,1,-1,-1,-1
539,19385,601,636,59,117,1,-1,-1,-1
539,19386,169,515,56,104,1,-1,-1,-1
539,19387,459,479,56,91,1,-1,-1,-1
539,19425,772,326,38,75,1,-1,-1,-1
539,19429,567,482,48,97,1,-1,-1,-1
539,19446,1042,339,45,75,1,-1,-1,-1
539,19449,715,612,80,67,1,-1,-1,-1
539,19465,1332,533,70,96,1,-1,-1,-1
539,19487,1193,364,49,82,1,-1,-1,-1
539,19496,1295,486,65,98,1,-1,-1,-1
539,19497,786,526,59,97,1,-1,-1,-1
540,19351,-11,488,45,92,1,-1,-1,-1
540,19356,639,512,49,87,1,-1,-1,-1
540,19384,-9,632,61,120,1,-1,-1,-1
540,19385,596,637,59,118,1,-1,-1,-1
540,19386,162,517,55,104,1,-1,-1,-1
540,19387,450,483,54,91,1,-1,-1,-1
540,19425,767,327,37,75,1,-1,-1,-1
540,19429,560,483,46,97,1,-1,-1,-1
540,19446,1041,341,44,75,1,-1,-1,-1
540,19449,701,610,83,70,1,-1,-1,-1
540,19465,1330,531,68,97,1,-1,-1,-1
540,19487,1187,364,49,81,1,-1,-1,-1
540,19496,1293,485,63,97,1,-1,-1,-1
540,19497,780,528,57,97,1,-1,-1,-1
541,19356,636,513,49,87,1,-1,-1,-1
541,19384,-10,635,59,120,1,-1,-1,-1
541,19385,592,639,58,118,1,-1,-1,-1
541,19386,153,518,55,104,1,-1,-1,-1
541,19387,445,485,54,90,1,-1,-1,-1
541,19425,761,328,38,75,1,-1,-1,-1
541,19429,552,485,45,95,1,-1,-1,-1
541,19446,1039,343,44,75,1,-1,-1,-1
541,19449,688,608,85,73,1,-1,-1,-1
541,19465,1327,529,68,97,1,-1,-1,-1
541,19487,1182,364,50,81,1,-1,-1,-1
541,19496,1290,483,63,96,1,-1,-1,-1
541,19497,773,529,57,97,1,-1,-1,-1
542,19356,632,513,49,88,1,-1,-1,-1
542,19384,-11,637,58,120,1,-1,-1,-1
542,19385,587,642,57,117,1,-1,-1,-1
542,19386,145,519,54,104,1,-1,-1,-1
542,19387,441,486,53,90,1,-1,-1,-1
542,19425,754,330,39,75,1,-1,-1,-1
542,19429,544,487,44,94,1,-1,-1,-1
542,19446,1037,345,44,75,1,-1,-1,-1
542,19449,676,607,85,76,1,-1,-1,-1
542,19465,1325,528,66,97,1,-1,-1,-1
542,19487,1177,364,50,80,1,-1,-1,-1
542,19496,1288,481,62,96,1,-1,-1,-1
542,19497,768,531,55,97,1,-1,-1,-1
543,19356,627,512,49,90,1,-1,-1,-1
543,19384,-11,640,55,120,1,-1,-1,-1
543,19385,583,644,56,117,1,-1,-1,-1
543,19386,137,521,53,104,1,-1,-1,-1
543,19387,436,487,53,90,1,-1,-1,-1
543,19425,748,331,40,75,1,-1,-1,-1
543,19429,536,488,43,93,1,-1,-1,-1
543,19446,1036,347,42,75,1,-1,-1,-1
543,19449,663,605,87,78,1,-1,-1,-1
543,19465,1323,526,65,98,1,-1,-1,-1
543,19487,1172,363,51,81,1,-1,-1,-1
543,19496,1286,480,60,95,1,-1,-1,-1
543,19497,761,532,55,97,1,-1,-1,-1
544,19356,620,511,50,92,1,-1,-1,-1
544,19384,-12,643,52,120,1,-1,-1,-1
544,19385,576,647,56,117,1,-1,-1,-1
544,19386,125,523,53,104,1,-1,-1,-1
544,19387,430,488,52,90,1,-1,-1,-1
544,19425,740,333,40,75,1,-1,-1,-1
544,19429,524,490,43,93,1,-1,-1,-1
544,19446,1033,350,42,76,1,-1,-1,-1
544,19449,645,602,89,83,1,-1,-1,-1
544,19465,1319,523,64,99,1,-1,-1,-1
544,19487,1164,363,52,81,1,-1,-1,-1
544,19496,1283,478,58,93,1,-1,-1,-1
544,19497,751,534,55,97,1,-1,-1,-1
545,19356,615,511,51,91,1,-1,-1,-1
545,19384,-12,644,51,120,1,-1,-1,-1
545,19385,573,649,55,117,1,-1,-1,-1
545,19386,119,524,53,104,1,-1,-1,-1
545,19387,425,489,53,90,1,-1,-1,-1
545,19425,735,334,42,75,1,-1,-1,-1
545,19429,519,492,42,92,1,-1,-1,-1
545,19446,1032,352,42,75,1,-1,-1,-1
545,19449,635,602,88,84,1,-1,-1,-1
545,19465,1319,522,61,97,1,-1,-1,-1
545,19487,1161,363,53,81,1,-1,-1,-1
545,19496,1282,476,57,93,1,-1,-1,-1
545,19497,748,535,54,97,1,-1,-1,-1
546,19356,606,508,52,92,1,-1,-1,-1
546,19384,-11,644,49,120,1,-1,-1,-1
546,19385,569,651,55,117,1,-1,-1,-1
546,19386,110,527,52,104,1,-1,-1,-1
546,19387,419,491,52,90,1,-1,-1,-1
546,19425,729,334,42,76,1,-1,-1,-1
546,19429,511,495,43,91,1,-1,-1,-1
546,19446,1032,356,41,75,1,-1,-1,-1
546,19449,619,603,87,84,1,-1,-1,-1
546,19465,1321,519,56,90,1,-1,-1,-1
546,19487,1157,364,54,81,1,-1,-1,-1
546,19496,1281,471,59,98,1,-1,-1,-1
546,19497,746,536,54,97,1,-1,-1,-1
547,19356,602,507,53,92,1,-1,-1,-1
547,19385,566,652,54,117,1,-1,-1,-1
547,19386,102,528,52,104,1,-1,-1,-1
547,19387,412,493,51,90,1,-1,-1,-1
547,19425,725,335,42,76,1,-1,-1,-1
547,19429,504,495,43,93,1,-1,-1,-1
547,19446,1032,357,41,76,1,-1,-1,-1
547,19449,610,603,85,85,1,-1,-1,-1
547,19465,1318,518,54,87,1,-1,-1,-1
547,19487,1155,364,54,81,1,-1,-1,-1
547,19496,1280,469,57,99,1,-1,-1,-1
547,19497,741,536,54,98,1,-1,-1,-1
548,19356,600,508,53,92,1,-1,-1,-1
548,19385,562,653,54,117,1,-1,-1,-1
548,19386,94,529,53,105,1,-1,-1,-1
548,19387,404,495,51,90,1,-1,-1,-1
548,19425,721,336,41,76,1,-1,-1,-1
548,19429,496,496,44,93,1,-1,-1,-1
548,19446,1031,359,42,76,1,-1,-1,-1
548,19449,603,605,83,84,1,-1,-1,-1
548,19465,1313,516,55,89,1,-1,-1,-1
548,19487,1151,365,55,82,1,-1,-1,-1
548,19496,1278,468,56,99,1,-1,-1,-1
548,19497,734,536,55,99,1,-1,-1,-1
549,19356,599,509,52,92,1,-1,-1,-1
549,19385,557,654,55,117,1,-1,-1,-1
549,19386,86,529,53,106,1,-1,-1,-1
549,19387,397,496,51,90,1,-1,-1,-1
549,19425,716,337,42,76,1,-1,-1,-1
549,19429,489,496,44,95,1,-1,-1,-1
549,19446,1031,361,42,75,1,-1,-1,-1
549,19449,596,606,82,84,1,-1,-1,-1
549,19465,1307,514,56,91,1,-1,-1,-1
549,19487,1148,365,55,84,1,-1,-1,-1
549,19496,1275,467,54,99,1,-1,-1,-1
549,19497,727,536,55,100,1,-1,-1,-1
550,19356,597,511,51,92,1,-1,-1,-1
550,19385,551,654,56,116,1,-1,-1,-1
550,19386,78,530,54,106,1,-1,-1,-1
550,19387,384,499,51,90,1,-1,-1,-1
550,19425,711,337,43,78,1,-1,-1,-1
550,19429,481,496,44,96,1,-1,-1,-1
550,19446,1030,362,42,76,1,-1,-1,-1
550,19449,590,607,81,84,1,-1,-1,-1
550,19465,1301,512,57,93,1,-1,-1,-1
550,19487,1145,365,55,85,1,-1,-1,-1
550,19496,1273,466,53,98,1,-1,-1,-1
550,19497,719,536,56,103,1,-1,-1,-1
551,19356,596,512,51,92,1,-1,-1,-1
551,19385,546,655,56,116,1,-1,-1,-1
551,19386,70,530,54,107,1,-1,-1,-1
551,19387,384,500,51,90,1,-1,-1,-1
551,19425,706,338,43,78,1,-1,-1,-1
551,19429,473,496,45,98,1,-1,-1,-1
551,19446,1030,364,42,75,1,-1,-1,-1
551,19449,584,608,79,84,1,-1,-1,-1
551,19465,1294,510,59,95,1,-1,-1,-1
551,19487,1142,366,54,86,1,-1,-1,-1
551,19496,1270,465,51,98,1,-1,-1,-1
551,19497,711,537,56,103,1,-1,-1,-1
552,19356,594,512,49,92,1,-1,-1,-1
552,19385,541,656,57,116,1,-1,-1,-1
552,19386,61,531,55,107,1,-1,-1,-1
552,19387,378,501,51,90,1,-1,-1,-1
552,19425,701,339,44,78,1,-1,-1,-1
552,19429,464,496,45,99,1,-1,-1,-1
552,19446,1030,365,43,76,1,-1,-1,-1
552,19449,572,608,80,86,1,-1,-1,-1
552,19465,1291,508,59,96,1,-1,-1,-1
552,19487,1138,366,53,86,1,-1,-1,-1
552,19496,1267,465,50,97,1,-1,-1,-1
552,19497,704,537,57,104,1,-1,-1,-1
553,19356,590,512,48,92,1,-1,-1,-1
553,19385,537,657,57,116,1,-1,-1,-1
553,19386,50,532,56,107,1,-1,-1,-1
553,19387,371,501,51,91,1,-1,-1,-1
553,19425,696,340,43,78,1,-1,-1,-1
553,19429,455,497,45,99,1,-1,-1,-1
553,19446,1029,365,45,77,1,-1,-1,-1
553,19449,558,608,81,88,1,-1,-1,-1
553,19465,1288,506,60,97,1,-1,-1,-1
553,19487,1133,367,53,86,1,-1,-1,-1
553,19496,1263,464,49,97,1,-1,-1,-1
553,19497,697,538,57,104,1,-1,-1,-1
554,19356,586,512,47,92,1,-1,-1,-1
554,19385,534,659,56,115,1,-1,-1,-1
554,19386,40,534,55,107,1,-1,-1,-1
554,19387,362,502,52,91,1,-1,-1,-1
554,19425,690,340,43,78,1,-1,-1,-1
554,19429,447,498,44,100,1,-1,-1,-1
554,19446,1029,365,45,78,1,-1,-1,-1
554,19449,543,608,83,91,1,-1,-1,-1
554,19465,1287,503,60,97,1,-1,-1,-1
554,19487,1128,367,52,87,1,-1,-1,-1
554,19496,1260,463,48,96,1,-1,-1,-1
554,19497,691,539,56,105,1,-1,-1,-1
555,19356,581,512,47,92,1,-1,-1,-1
555,19385,530,661,56,114,1,-1,-1,-1
555,19386,30,535,55,108,1,-1,-1,-1
555,19387,353,503,52,92,1,-1,-1,-1
555,19425,684,340,44,79,1,-1,-1,-1
555,19429,438,499,44,100,1,-1,-1,-1
555,19446,1029,365,46,78,1,-1,-1,-1
555,19449,528,607,85,94,1,-1,-1,-1
555,19465,1285,501,60,97,1,-1,-1,-1
555,19487,1123,368,51,86,1,-1,-1,-1
555,19496,1255,462,48,95,1,-1,-1,-1
555,19497,685,540,55,105,1,-1,-1,-1
556,19356,577,511,46,92,1,-1,-1,-1
556,19385,527,663,55,113,1,-1,-1,-1
556,19386,20,536,55,108,1,-1,-1,-1
556,19387,344,504,52,93,1,-1,-1,-1
556,19425,679,341,43,78,1,-1,-1,-1
556,19429,429,500,44,100,1,-1,-1,-1
556,19446,1029,365,46,79,1,-1,-1,-1
556,19449,513,606,87,97,1,-1,-1,-1
556,19465,1284,499,60,97,1,-1,-1,-1
556,19487,1118,368,51,87,1,-1,-1,-1
556,19496,1251,462,48,93,1,-1,-1,-1
556,19497,680,541,53,104,1,-1,-1,-1
557,19356,572,511,46,92,1,-1,-1,-1
557,19385,524,665,53,112,1,-1,-1,-1
557,19386,11,538,54,107,1,-1,-1,-1
557,19387,335,504,53,94,1,-1,-1,-1
557,19425,673,341,42,79,1,-1,-1,-1
557,19429,419,501,44,100,1,-1,-1,-1
557,19446,1029,365,47,80,1,-1,-1,-1
557,19449,497,606,89,99,1,-1,-1,-1
557,19465,1282,497,60,97,1,-1,-1,-1
557,19487,1113,369,50,87,1,-1,-1,-1
557,19496,1247,461,48,93,1,-1,-1,-1
557,19497,674,541,53,105,1,-1,-1,-1
558,19356,565,511,45,92,1,-1,-1,-1
558,19385,518,667,52,112,1,-1,-1,-1
558,19386,3,539,54,108,1,-1,-1,-1
558,19387,327,506,53,94,1,-1,-1,-1
558,19425,666,342,42,78,1,-1,-1,-1
558,19429,409,503,43,99,1,-1,-1,-1
558,19446,1028,364,47,80,1,-1,-1,-1
558,19449,483,605,91,103,1,-1,-1,-1
558,19465,1279,495,59,97,1,-1,-1,-1
558,19487,1107,369,50,87,1,-1,-1,-1
558,19496,1241,461,49,93,1,-1,-1,-1
558,19497,666,544,52,104,1,-1,-1,-1
559,19356,559,510,45,92,1,-1,-1,-1
559,19385,510,670,52,112,1,-1,-1,-1
559,19386,-3,541,51,108,1,-1,-1,-1
559,19387,320,508,53,94,1,-1,-1,-1
559,19425,658,342,42,79,1,-1,-1,-1
559,19429,398,504,43,99,1,-1,-1,-1
559,19446,1027,364,48,80,1,-1,-1,-1
559,19449,469,604,93,106,1,-1,-1,-1
559,19465,1274,494,59,96,1,-1,-1,-1
559,19487,1102,369,50,86,1,-1,-1,-1
559,19496,1236,460,49,94,1,-1,-1,-1
559,19497,657,546,51,104,1,-1,-1,-1
560,19356,553,509,46,93,1,-1,-1,-1
560,19385,503,672,51,112,1,-1,-1,-1
560,19386,-11,543,49,108,1,-1,-1,-1
560,19387,313,510,52,94,1,-1,-1,-1
560,19425,650,343,41,78,1,-1,-1,-1
560,19429,387,505,43,100,1,-1,-1,-1
560,19446,1025,364,48,80,1,-1,-1,-1
560,19449,456,603,94,110,1,-1,-1,-1
560,19465,1269,492,57,95,1,-1,-1,-1
560,19487,1097,369,49,86,1,-1,-1,-1
560,19496,1230,460,50,94,1,-1,-1,-1
560,19497,648,549,50,104,1,-1,-1,-1
561,19356,547,509,46,92,1,-1,-1,-1
561,19385,495,675,51,112,1,-1,-1,-1
561,19386,-12,544,46,108,1,-1,-1,-1
561,19387,306,512,52,94,1,-1,-1,-1
561,19425,642,343,40,78,1,-1,-1,-1
561,19429,375,506,43,100,1,-1,-1,-1
561,19446,1023,363,49,80,1,-1,-1,-1
561,19449,442,601,96,114,1,-1,-1,-1
561,19465,1265,491,56,94,1,-1,-1,-1
561,19487,1091,369,50,86,1,-1,-1,-1
561,19496,1225,460,50,96,1,-1,-1,-1
561,19497,639,551,50,104,1,-1,-1,-1
562,19356,540,509,47,92,1,-1,-1,-1
562,19385,485,678,50,112,1,-1,-1,-1
562,19386,-12,544,45,108,1,-1,-1,-1
562,19387,299,514,51,94,1,-1,-1,-1
562,19425,632,344,40,78,1,-1,-1,-1
562,19429,362,507,43,100,1,-1,-1,-1
562,19446,1022,363,48,80,1,-1,-1,-1
562,19449,427,600,97,118,1,-1,-1,-1
562,19465,1259,490,55,92,1,-1,-1,-1
562,19487,1084,369,50,86,1,-1,-1,-1
562,19496,1219,460,50,97,1,-1,-1,-1
562,19497,628,554,50,104,1,-1,-1,-1
563,19356,534,508,48,92,1,-1,-1,-1
563,19385,478,680,50,112,1,-1,-1,-1
563,19387,289,517,50,95,1,-1,-1,-1
563,19425,624,345,40,78,1,-1,-1,-1
563,19429,353,508,43,100,1,-1,-1,-1
563,19446,1020,363,49,80,1,-1,-1,-1
563,19449,416,600,98,120,1,-1,-1,-1
563,19465,1256,489,54,92,1,-1,-1,-1
563,19487,1078,369,51,86,1,-1,-1,-1
563,19496,1214,460,49,98,1,-1,-1,-1
563,19497,620,556,50,105,1,-1,-1,-1
564,19356,530,508,49,92,1,-1,-1,-1
564,19385,472,682,50,112,1,-1,-1,-1
564,19387,284,519,48,94,1,-1,-1,-1
564,19425,617,345,39,78,1,-1,-1,-1
564,19429,342,510,44,100,1,-1,-1,-1
564,19446,1019,363,49,80,1,-1,-1,-1
564,19449,406,600,97,122,1,-1,-1,-1
564,19465,1252,488,54,92,1,-1,-1,-1
564,19487,1071,369,51,87,1,-1,-1,-1
564,19496,1207,460,49,98,1,-1,-1,-1
564,19497,611,558,50,105,1,-1,-1,-1
565,19356,524,509,50,92,1,-1,-1,-1
565,19385,465,685,50,112,1,-1,-1,-1
565,19387,274,522,48,94,1,-1,-1,-1
565,19425,608,346,39,78,1,-1,-1,-1
565,19429,332,512,44,100,1,-1,-1,-1
565,19446,1018,364,49,80,1,-1,-1,-1
565,19449,396,601,96,123,1,-1,-1,-1
565,19465,1249,486,54,93,1,-1,-1,-1
565,19487,1064,369,51,88,1,-1,-1,-1
565,19496,1201,460,48,97,1,-1,-1,-1
565,19497,603,559,50,105,1,-1,-1,-1
566,19356,518,510,50,92,1,-1,-1,-1
566,19385,457,687,51,112,1,-1,-1,-1
566,19387,263,525,47,94,1,-1,-1,-1
566,19425,599,347,39,78,1,-1,-1,-1
566,19429,322,513,44,101,1,-1,-1,-1
566,19446,1017,365,49,80,1,-1,-1,-1
566,19449,386,602,96,125,1,-1,-1,-1
566,19465,1246,485,54,94,1,-1,-1,-1
566,19487,1057,370,51,88,1,-1,-1,-1
566,19496,1194,460,48,97,1,-1,-1,-1
566,19497,594,560,51,105,1,-1,-1,-1
567,19356,511,511,50,92,1,-1,-1,-1
567,19385,450,690,52,112,1,-1,-1,-1
567,19387,253,528,46,94,1,-1,-1,-1
567,19425,591,348,39,78,1,-1,-1,-1
567,19429,312,515,43,101,1,-1,-1,-1
567,19446,1016,366,49,80,1,-1,-1,-1
567,19449,376,602,95,127,1,-1,-1,-1
567,19465,1243,484,54,95,1,-1,-1,-1
567,19487,1050,371,50,89,1,-1,-1,-1
567,19496,1187,460,49,96,1,-1,-1,-1
567,19497,586,562,50,105,1,-1,-1,-1
568,19356,504,512,50,92,1,-1,-1,-1
568,19385,442,692,53,112,1,-1,-1,-1
568,19387,241,532,45,94,1,-1,-1,-1
568,19425,582,349,39,78,1,-1,-1,-1
568,19429,302,517,44,102,1,-1,-1,-1
568,19446,1014,367,49,80,1,-1,-1,-1
568,19449,366,603,94,128,1,-1,-1,-1
568,19465,1240,483,53,94,1,-1,-1,-1
568,19487,1042,371,50,89,1,-1,-1,-1
568,19496,1180,459,49,96,1,-1,-1,-1
568,19497,577,563,51,106,1,-1,-1,-1
569,19356,497,513,50,92,1,-1,-1,-1
569,19385,431,696,54,112,1,-1,-1,-1
569,19387,229,535,45,94,1,-1,-1,-1
569,19425,571,350,38,78,1,-1,-1,-1
569,19429,287,519,45,102,1,-1,-1,-1
569,19446,1012,369,50,80,1,-1,-1,-1
569,19449,352,604,94,130,1,-1,-1,-1
569,19465,1235,481,54,96,1,-1,-1,-1
569,19487,1033,372,49,90,1,-1,-1,-1
569,19496,1170,459,50,95,1,-1,-1,-1
569,19497,565,565,51,106,1,-1,-1,-1
570,19356,489,515,50,92,1,-1,-1,-1
570,19385,425,698,56,112,1,-1,-1,-1
570,19387,215,539,45,94,1,-1,-1,-1
570,19425,564,351,38,78,1,-1,-1,-1
570,19429,279,520,45,103,1,-1,-1,-1
570,19446,1011,370,49,80,1,-1,-1,-1
570,19449,344,606,92,130,1,-1,-1,-1
570,19465,1234,480,53,96,1,-1,-1,-1
570,19487,1027,373,48,90,1,-1,-1,-1
570,19496,1165,460,51,94,1,-1,-1,-1
570,19497,558,567,51,106,1,-1,-1,-1
571,19356,484,516,49,92,1,-1,-1,-1
571,19385,417,699,57,114,1,-1,-1,-1
571,19387,206,541,44,95,1,-1,-1,-1
571,19425,555,351,39,79,1,-1,-1,-1
571,19429,270,523,45,102,1,-1,-1,-1
571,19446,1009,371,50,80,1,-1,-1,-1
571,19449,335,609,90,130,1,-1,-1,-1
571,19465,1231,480,52,96,1,-1,-1,-1
571,19487,1021,374,47,90,1,-1,-1,-1
571,19496,1160,462,51,94,1,-1,-1,-1
571,19497,550,568,51,107,1,-1,-1,-1
572,19356,478,518,49,92,1,-1,-1,-1
572,19385,410,701,58,114,1,-1,-1,-1
572,19387,197,544,45,97,1,-1,-1,-1
572,19425,546,352,39,78,1,-1,-1,-1
572,19429,260,525,45,102,1,-1,-1,-1
572,19446,1007,372,49,80,1,-1,-1,-1
572,19449,324,613,88,128,1,-1,-1,-1
572,19465,1229,480,51,95,1,-1,-1,-1
572,19487,1014,376,46,90,1,-1,-1,-1
572,19496,1154,463,52,94,1,-1,-1,-1
572,19497,542,570,51,107,1,-1,-1,-1
573,19356,473,520,48,92,1,-1,-1,-1
573,19385,403,703,57,115,1,-1,-1,-1
573,19387,189,547,45,97,1,-1,-1,-1
573,19425,537,353,38,78,1,-1,-1,-1
573,19429,250,527,44,102,1,-1,-1,-1
573,19446,1004,373,50,80,1,-1,-1,-1
573,19449,313,616,86,128,1,-1,-1,-1
573,19465,1226,480,50,95,1,-1,-1,-1
573,19487,1007,377,45,90,1,-1,-1,-1
573,19496,1149,465,52,94,1,-1,-1,-1
573,19497,533,571,51,108,1,-1,-1,-1
574,19356,467,522,48,92,1,-1,-1,-1
574,19385,395,704,58,117,1,-1,-1,-1
574,19387,180,549,45,99,1,-1,-1,-1
574,19425,528,353,37,78,1,-1,-1,-1
574,19429,240,529,43,102,1,-1,-1,-1
574,19446,1001,375,50,80,1,-1,-1,-1
574,19449,302,620,84,126,1,-1,-1,-1
574,19465,1223,480,49,95,1,-1,-1,-1
574,19487,1000,379,44,90,1,-1,-1,-1
574,19496,1143,467,53,94,1,-1,-1,-1
574,19497,525,573,50,109,1,-1,-1,-1
575,19356,459,525,47,92,1,-1,-1,-1
575,19385,384,706,57,119,1,-1,-1,-1
575,19387,166,553,47,101,1,-1,-1,-1
575,19425,512,354,38,78,1,-1,-1,-1
575,19429,224,533,42,102,1,-1,-1,-1
575,19446,997,377,51,80,1,-1,-1,-1
575,19449,285,626,81,124,1,-1,-1,-1
575,19465,1219,479,48,95,1,-1,-1,-1
575,19487,989,382,43,90,1,-1,-1,-1
575,19496,1136,470,52,94,1,-1,-1,-1
575,19497,511,577,50,109,1,-1,-1,-1
576,19356,455,526,47,92,1,-1,-1,-1
576,19385,380,708,56,119,1,-1,-1,-1
576,19387,156,555,47,102,1,-1,-1,-1
576,19425,506,355,38,78,1,-1,-1,-1
576,19429,217,535,42,102,1,-1,-1,-1
576,19446,996,378,51,80,1,-1,-1,-1
576,19449,278,629,81,124,1,-1,-1,-1
576,19465,1218,479,46,94,1,-1,-1,-1
576,19487,984,383,42,90,1,-1,-1,-1
576,19496,1133,471,52,94,1,-1,-1,-1
576,19497,506,578,49,110,1,-1,-1,-1
577,19356,450,527,48,92,1,-1,-1,-1
577,19385,375,711,54,119,1,-1,-1,-1
577,19387,147,557,48,103,1,-1,-1,-1
577,19425,498,356,38,78,1,-1,-1,-1
577,19429,208,538,42,102,1,-1,-1,-1
577,19446,994,379,51,80,1,-1,-1,-1
577,19449,270,632,79,124,1,-1,-1,-1
577,19465,1216,479,45,94,1,-1,-1,-1
577,19487,978,384,42,90,1,-1,-1,-1
577,19496,1130,473,51,94,1,-1,-1,-1
577,19497,499,580,48,110,1,-1,-1,-1
578,19356,445,528,47,92,1,-1,-1,-1
578,19385,368,714,54,119,1,-1,-1,-1
578,19387,138,561,49,102,1,-1,-1,-1
578,19425,488,357,38,78,1,-1,-1,-1
578,19429,197,541,41,101,1,-1,-1,-1
578,19446,993,380,51,79,1,-1,-1,-1
578,19449,261,635,79,125,1,-1,-1,-1
578,19465,1213,478,45,94,1,-1,-1,-1
578,19487,970,385,41,90,1,-1,-1,-1
578,19496,1126,475,52,94,1,-1,-1,-1
578,19497,490,583,49,110,1,-1,-1,-1
578,19506,1887,334,29,86,1,-1,-1,-1
579,19356,439,529,48,92,1,-1,-1,-1
579,19385,361,718,53,119,1,-1,-1,-1
579,19387,130,564,48,101,1,-1,-1,-1
579,19425,478,359,37,78,1,-1,-1,-1
579,19429,186,544,41,101,1,-1,-1,-1
579,19446,992,381,51,79,1,-1,-1,-1
579,19449,252,638,79,126,1,-1,-1,-1
579,19465,1211,478,44,94,1,-1,-1,-1
579,19487,962,387,41,90,1,-1,-1,-1
579,19496,1122,476,52,94,1,-1,-1,-1
579,19497,482,586,47,110,1,-1,-1,-1
579,19506,1879,334,28,86,1,-1,-1,-1
580,19356,434,530,47,92,1,-1,-1,-1
580,19385,354,722,53,119,1,-1,-1,-1
580,19387,121,568,48,100,1,-1,-1,-1
580,19425,468,360,37,78,1,-1,-1,-1
580,19429,175,547,41,101,1,-1,-1,-1
580,19446,991,382,50,78,1,-1,-1,-1
580,19449,244,641,78,126,1,-1,-1,-1
580,19465,1209,477,43,94,1,-1,-1,-1
580,19487,954,388,41,91,1,-1,-1,-1
580,19496,1118,478,52,94,1,-1,-1,-1
580,19497,473,589,47,110,1,-1,-1,-1
580,19506,1869,335,28,86,1,-1,-1,-1
581,19356,425,531,47,92,1,-1,-1,-1
581,19385,348,726,51,119,1,-1,-1,-1
581,19387,107,574,47,99,1,-1,-1,-1
581,19425,458,362,37,78,1,-1,-1,-1
581,19429,164,551,41,100,1,-1,-1,-1
581,19446,990,383,50,78,1,-1,-1,-1
581,19449,234,644,78,127,1,-1,-1,-1
581,19465,1206,477,43,94,1,-1,-1,-1
581,19487,947,390,40,90,1,-1,-1,-1
581,19496,1114,480,52,94,1,-1,-1,-1
581,19497,464,592,46,110,1,-1,-1,-1
581,19506,1859,336,29,86,1,-1,-1,-1
582,19356,421,532,47,92,1,-1,-1,-1
582,19385,341,730,50,119,1,-1,-1,-1
582,19387,96,577,46,99,1,-1,-1,-1
582,19425,446,364,38,78,1,-1,-1,-1
582,19429,151,555,42,100,1,-1,-1,-1
582,19446,989,385,50,76,1,-1,-1,-1
582,19449,224,647,77,128,1,-1,-1,-1
582,19465,1204,476,42,94,1,-1,-1,-1
582,19487,938,392,40,90,1,-1,-1,-1
582,19496,1111,482,51,94,1,-1,-1,-1
582,19497,454,596,46,110,1,-1,-1,-1
582,19506,1846,338,30,86,1,-1,-1,-1
583,19356,417,532,48,92,1,-1,-1,-1
583,19385,334,733,51,119,1,-1,-1,-1
583,19387,88,581,46,98,1,-1,-1,-1
583,19425,438,365,37,78,1,-1,-1,-1
583,19429,142,557,43,100,1,-1,-1,-1
583,19446,988,386,49,75,1,-1,-1,-1
583,19449,217,650,76,128,1,-1,-1,-1
583,19465,1202,476,42,93,1,-1,-1,-1
583,19487,931,393,40,90,1,-1,-1,-1
583,19496,1107,484,52,95,1,-1,-1,-1
583,19497,446,598,46,110,1,-1,-1,-1
583,19506,1835,339,31,86,1,-1,-1,-1
584,19356,413,533,47,92,1,-1,-1,-1
584,19385,329,735,50,121,1,-1,-1,-1
584,19387,82,584,46,98,1,-1,-1,-1
584,19425,430,367,37,77,1,-1,-1,-1
584,19429,134,560,43,100,1,-1,-1,-1
584,19446,987,387,49,75,1,-1,-1,-1
584,19449,209,652,74,129,1,-1,-1,-1
584,19465,1201,475,41,93,1,-1,-1,-1
584,19487,925,394,39,90,1,-1,-1,-1
584,19496,1104,486,52,94,1,-1,-1,-1
584,19497,439,600,45,110,1,-1,-1,-1
584,19506,1822,341,32,86,1,-1,-1,-1
585,19356,409,533,47,92,1,-1,-1,-1
585,19385,323,738,49,120,1,-1,-1,-1
585,19387,75,588,46,98,1,-1,-1,-1
585,19425,423,368,36,77,1,-1,-1,-1
585,19429,127,563,43,100,1,-1,-1,-1
585,19446,986,388,48,74,1,-1,-1,-1
585,19449,200,655,74,129,1,-1,-1,-1
585,19465,1199,475,41,93,1,-1,-1,-1
585,19487,918,395,40,90,1,-1,-1,-1
585,19496,1101,487,53,95,1,-1,-1,-1
585,19497,431,601,45,110,1,-1,-1,-1
585,19506,1809,343,32,85,1,-1,-1,-1
586,19356,404,534,47,92,1,-1,-1,-1
586,19385,317,741,50,120,1,-1,-1,-1
586,19387,68,592,48,98,1,-1,-1,-1
586,19425,415,369,35,76,1,-1,-1,-1
586,19429,119,566,43,100,1,-1,-1,-1
586,19446,985,389,47,73,1,-1,-1,-1
586,19449,192,658,73,129,1,-1,-1,-1
586,19465,1198,475,40,92,1,-1,-1,-1
586,19487,911,396,39,90,1,-1,-1,-1
586,19496,1098,489,54,95,1,-1,-1,-1
586,19497,423,603,46,110,1,-1,-1,-1
586,19506,1795,345,34,85,1,-1,-1,-1
587,19356,400,534,47,92,1,-1,-1,-1
587,19385,311,743,50,121,1,-1,-1,-1
587,19387,62,596,48,98,1,-1,-1,-1
587,19425,407,371,35,74,1,-1,-1,-1
587,19429,112,569,43,100,1,-1,-1,-1
587,19446,983,390,48,72,1,-1,-1,-1
587,19449,183,661,72,128,1,-1,-1,-1
587,19465,1196,474,40,92,1,-1,-1,-1
587,19487,905,397,38,90,1,-1,-1,-1
587,19496,1096,491,54,95,1,-1,-1,-1
587,19497,416,605,45,110,1,-1,-1,-1
587,19506,1782,347,34,85,1,-1,-1,-1
588,19356,395,535,47,92,1,-1,-1,-1
588,19385,302,747,50,122,1,-1,-1,-1
588,19387,54,600,50,98,1,-1,-1,-1
588,19425,397,373,34,73,1,-1,-1,-1
588,19429,102,574,43,100,1,-1,-1,-1
588,19446,982,391,47,72,1,-1,-1,-1
588,19449,171,665,71,128,1,-1,-1,-1
588,19465,1193,474,41,92,1,-1,-1,-1
588,19487,896,398,38,90,1,-1,-1,-1
588,19496,1091,493,56,96,1,-1,-1,-1
588,19497,405,607,45,110,1,-1,-1,-1
588,19506,1765,350,34,84,1,-1,-1,-1
589,19356,392,536,47,92,1,-1,-1,-1
589,19385,298,749,50,123,1,-1,-1,-1
589,19387,47,603,52,98,1,-1,-1,-1
589,19425,391,374,33,73,1,-1,-1,-1
589,19429,97,576,42,100,1,-1,-1,-1
589,19446,982,392,47,72,1,-1,-1,-1
589,19449,164,667,71,128,1,-1,-1,-1
589,19465,1192,474,41,91,1,-1,-1,-1
589,19487,892,399,37,90,1,-1,-1,-1
589,19496,1089,495,57,95,1,-1,-1,-1
589,19497,400,608,45,110,1,-1,-1,-1
589,19506,1759,352,34,83,1,-1,-1,-1
590,19356,389,537,47,92,1,-1,-1,-1
590,19385,293,750,51,124,1,-1,-1,-1
590,19387,40,606,53,99,1,-1,-1,-1
590,19425,384,374,34,73,1,-1,-1,-1
590,19429,92,578,42,100,1,-1,-1,-1
590,19446,983,393,46,72,1,-1,-1,-1
590,19449,157,669,70,128,1,-1,-1,-1
590,19465,1190,474,41,91,1,-1,-1,-1
590,19487,886,400,37,90,1,-1,-1,-1
590,19496,1089,497,57,96,1,-1,-1,-1
590,19497,394,610,46,110,1,-1,-1,-1
590,19506,1749,353,35,83,1,-1,-1,-1
591,19356,387,539,47,92,1,-1,-1,-1
591,19385,287,751,52,126,1,-1,-1,-1
591,19387,32,609,54,100,1,-1,-1,-1
591,19425,377,374,33,73,1,-1,-1,-1
591,19429,87,580,42,100,1,-1,-1,-1
591,19446,983,394,47,72,1,-1,-1,-1
591,19449,150,671,69,128,1,-1,-1,-1
591,19465,1188,474,40,90,1,-1,-1,-1
591,19487,881,402,36,90,1,-1,-1,-1
591,19496,1088,500,58,96,1,-1,-1,-1
591,19497,389,612,46,110,1,-1,-1,-1
591,19506,1737,355,35,82,1,-1,-1,-1
592,19356,385,541,47,92,1,-1,-1,-1
592,19385,281,752,53,128,1,-1,-1,-1
592,19387,24,612,55,101,1,-1,-1,-1
592,19425,369,375,33,73,1,-1,-1,-1
592,19429,82,582,42,100,1,-1,-1,-1
592,19446,985,396,47,71,1,-1,-1,-1
592,19449,142,673,68,128,1,-1,-1,-1
592,19465,1185,474,41,88,1,-1,-1,-1
592,19487,875,404,36,90,1,-1,-1,-1
592,19496,1088,503,58,96,1,-1,-1,-1
592,19497,384,614,45,110,1,-1,-1,-1
592,19506,1725,357,36,81,1,-1,-1,-1
593,19356,383,543,47,92,1,-1,-1,-1
593,19385,275,753,55,130,1,-1,-1,-1
593,19387,15,614,57,103,1,-1,-1,-1
593,19425,362,375,33,73,1,-1,-1,-1
593,19429,76,584,43,100,1,-1,-1,-1
593,19446,986,397,47,71,1,-1,-1,-1
593,19449,135,675,66,127,1,-1,-1,-1
593,19465,1183,473,41,88,1,-1,-1,-1
593,19487,869,406,35,90,1,-1,-1,-1
593,19496,1088,506,57,96,1,-1,-1,-1
593,19497,379,615,45,111,1,-1,-1,-1
593,19506,1712,359,37,80,1,-1,-1,-1
594,19356,381,545,47,92,1,-1,-1,-1
594,19385,268,755,56,131,1,-1,-1,-1
594,19387,7,617,58,104,1,-1,-1,-1
594,19425,355,375,32,73,1,-1,-1,-1
594,19429,70,587,43,100,1,-1,-1,-1
594,19446,987,398,47,72,1,-1,-1,-1
594,19449,127,677,65,127,1,-1,-1,-1
594,19465,1180,473,41,87,1,-1,-1,-1
594,19487,863,408,35,90,1,-1,-1,-1
594,19496,1089,510,56,96,1,-1,-1,-1
594,19497,373,617,45,111,1,-1,-1,-1
594,19506,1698,362,39,78,1,-1,-1,-1
595,19356,379,547,47,92,1,-1,-1,-1
595,19385,264,757,56,130,1,-1,-1,-1
595,19387,5,618,57,100,1,-1,-1,-1
595,19425,349,376,32,72,1,-1,-1,-1
595,19429,66,588,43,100,1,-1,-1,-1
595,19446,988,399,47,72,1,-1,-1,-1
595,19449,121,679,64,127,1,-1,-1,-1
595,19465,1179,473,41,86,1,-1,-1,-1
595,19487,858,410,35,90,1,-1,-1,-1
595,19496,1090,512,55,96,1,-1,-1,-1
595,19497,367,620,46,110,1,-1,-1,-1
595,19506,1686,364,40,78,1,-1,-1,-1
596,19356,377,548,47,92,1,-1,-1,-1
596,19385,259,759,56,129,1,-1,-1,-1
596,19387,2,621,56,99,1,-1,-1,-1
596,19425,344,376,32,73,1,-1,-1,-1
596,19429,62,590,44,100,1,-1,-1,-1
596,19446,990,400,47,72,1,-1,-1,-1
596,19449,116,682,63,127,1,-1,-1,-1
596,19465,1177,473,42,86,1,-1,-1,-1
596,19487,854,411,35,90,1,-1,-1,-1
596,19496,1092,515,54,96,1,-1,-1,-1
596,19497,362,622,45,110,1,-1,-1,-1
596,19506,1675,366,42,77,1,-1,-1,-1
597,19356,376,550,47,92,1,-1,-1,-1
597,19385,255,761,56,129,1,-1,-1,-1
597,19387,0,626,54,99,1,-1,-1,-1
597,19425,340,378,32,73,1,-1,-1,-1
597,19429,58,591,44,100,1,-1,-1,-1
597,19446,991,400,47,73,1,-1,-1,-1
597,19449,111,684,62,127,1,-1,-1,-1
597,19465,1176,473,42,86,1,-1,-1,-1
597,19487,850,412,35,90,1,-1,-1,-1
597,19496,1094,518,53,96,1,-1,-1,-1
597,19497,357,625,45,110,1,-1,-1,-1
597,19506,1665,367,42,78,1,-1,-1,-1
598,19356,375,551,47,92,1,-1,-1,-1
598,19385,252,763,55,128,1,-1,-1,-1
598,19387,-3,632,53,98,1,-1,-1,-1
598,19425,335,379,32,73,1,-1,-1,-1
598,19429,55,592,45,100,1,-1,-1,-1
598,19446,992,401,48,73,1,-1,-1,-1
598,19449,106,686,61,127,1,-1,-1,-1
598,19465,1174,473,43,86,1,-1,-1,-1
598,19487,846,413,35,90,1,-1,-1,-1
598,19496,1096,520,52,96,1,-1,-1,-1
598,19497,352,627,45,110,1,-1,-1,-1
598,19506,1653,369,44,78,1,-1,-1,-1
599,19356,374,553,47,92,1,-1,-1,-1
599,19385,248,766,54,126,1,-1,-1,-1
599,19387,-6,637,52,98,1,-1,-1,-1
599,19425,330,380,32,73,1,-1,-1,-1
599,19429,51,593,46,100,1,-1,-1,-1
599,19446,994,402,47,74,1,-1,-1,-1
599,19449,101,689,61,127,1,-1,-1,-1
599,19465,1174,473,43,86,1,-1,-1,-1
599,19487,843,414,34,90,1,-1,-1,-1
599,19496,1099,523,50,96,1,-1,-1,-1
599,19497,347,630,44,110,1,-1,-1,-1
599,19506,1643,371,45,77,1,-1,-1,-1
600,19356,373,554,47,92,1,-1,-1,-1
600,19385,244,768,53,125,1,-1,-1,-1
600,19387,-9,643,50,98,1,-1,-1,-1
600,19425,326,381,32,73,1,-1,-1,-1
600,19429,48,594,47,100,1,-1,-1,-1
600,19446,995,402,47,75,1,-1,-1,-1
600,19449,96,691,60,127,1,-1,-1,-1
600,19465,1172,473,45,86,1,-1,-1,-1
600,19487,839,415,34,90,1,-1,-1,-1
600,19496,1101,525,49,96,1,-1,-1,-1
600,19497,342,632,43,110,1,-1,-1,-1
600,19506,1632,372,46,78,1,-1,-1,-1
601,19356,372,555,47,92,1,-1,-1,-1
601,19385,241,771,51,123,1,-1,-1,-1
601,19387,-11,649,47,97,1,-1,-1,-1
601,19425,321,382,31,73,1,-1,-1,-1
601,19429,44,596,47,100,1,-1,-1,-1
601,19446,996,403,48,75,1,-1,-1,-1
601,19449,90,693,59,127,1,-1,-1,-1
601,19465,1171,473,45,85,1,-1,-1,-1
601,19487,834,416,34,90,1,-1,-1,-1
601,19496,1103,528,48,96,1,-1,-1,-1
601,19497,336,635,43,110,1,-1,-1,-1
601,19506,1620,374,47,78,1,-1,-1,-1
602,19356,370,557,47,93,1,-1,-1,-1
602,19385,237,773,51,123,1,-1,-1,-1
602,19387,-11,651,45,97,1,-1,-1,-1
602,19425,318,383,31,73,1,-1,-1,-1
602,19429,43,596,48,101,1,-1,-1,-1
602,19446,999,403,47,76,1,-1,-1,-1
602,19449,87,695,59,127,1,-1,-1,-1
602,19465,1173,472,44,86,1,-1,-1,-1
602,19487,832,417,33,90,1,-1,-1,-1
602,19496,1106,531,47,96,1,-1,-1,-1
602,19497,333,637,43,110,1,-1,-1,-1
602,19506,1611,376,47,77,1,-1,-1,-1
603,19356,370,559,46,92,1,-1,-1,-1
603,19385,234,776,51,122,1,-1,-1,-1
603,19387,-11,651,44,98,1,-1,-1,-1
603,19425,315,384,31,73,1,-1,-1,-1
603,19429,44,597,48,101,1,-1,-1,-1
603,19446,1003,403,45,76,1,-1,-1,-1
603,19449,83,697,59,127,1,-1,-1,-1
603,19465,1175,472,45,86,1,-1,-1,-1
603,19487,829,417,33,89,1,-1,-1,-1
603,19496,1109,533,46,96,1,-1,-1,-1
603,19497,329,638,43,110,1,-1,-1,-1
603,19506,1602,379,46,75,1,-1,-1,-1
604,19356,369,560,46,92,1,-1,-1,-1
604,19385,231,778,50,123,1,-1,-1,-1
604,19387,-10,651,42,98,1,-1,-1,-1
604,19425,312,384,31,73,1,-1,-1,-1
604,19429,45,598,48,102,1,-1,-1,-1
604,19446,1005,404,45,76,1,-1,-1,-1
604,19449,79,698,59,127,1,-1,-1,-1
604,19465,1179,472,45,86,1,-1,-1,-1
604,19487,827,418,33,88,1,-1,-1,-1
604,19496,1112,536,47,95,1,-1,-1,-1
604,19497,326,639,44,110,1,-1,-1,-1
604,19506,1593,382,46,74,1,-1,-1,-1
605,19356,369,560,46,92,1,-1,-1,-1
605,19385,228,780,50,123,1,-1,-1,-1
605,19425,308,385,32,73,1,-1,-1,-1
605,19429,46,599,48,102,1,-1,-1,-1
605,19446,1009,404,44,76,1,-1,-1,-1
605,19449,76,700,58,127,1,-1,-1,-1
605,19465,1181,472,46,86,1,-1,-1,-1
605,19487,824,418,33,88,1,-1,-1,-1
605,19496,1114,539,48,95,1,-1,-1,-1
605,19497,323,640,44,110,1,-1,-1,-1
605,19506,1583,384,46,72,1,-1,-1,-1
606,19356,368,561,46,92,1,-1,-1,-1
606,19385,224,782,51,124,1,-1,-1,-1
606,19425,305,385,32,73,1,-1,-1,-1
606,19429,48,599,48,103,1,-1,-1,-1
606,19446,1012,404,43,76,1,-1,-1,-1
606,19449,72,701,59,127,1,-1,-1,-1
606,19465,1185,472,45,86,1,-1,-1,-1
606,19487,822,419,33,87,1,-1,-1,-1
606,19496,1117,542,49,95,1,-1,-1,-1
606,19497,320,641,44,110,1,-1,-1,-1
606,19506,1575,387,44,70,1,-1,-1,-1
607,19356,368,562,44,92,1,-1,-1,-1
607,19385,220,784,51,124,1,-1,-1,-1
607,19425,302,385,31,73,1,-1,-1,-1
607,19429,49,600,47,103,1,-1,-1,-1
607,19446,1017,404,41,77,1,-1,-1,-1
607,19449,68,703,59,127,1,-1,-1,-1
607,19465,1189,472,45,86,1,-1,-1,-1
607,19487,820,420,32,86,1,-1,-1,-1
607,19496,1119,545,52,95,1,-1,-1,-1
607,19497,316,642,45,110,1,-1,-1,-1
607,19506,1564,391,43,67,1,-1,-1,-1
608,19356,368,563,44,92,1,-1,-1,-1
608,19385,219,785,51,124,1,-1,-1,-1
608,19425,300,386,31,72,1,-1,-1,-1
608,19429,52,600,46,103,1,-1,-1,-1
608,19446,1020,405,40,76,1,-1,-1,-1
608,19449,66,704,59,127,1,-1,-1,-1
608,19465,1191,473,45,86,1,-1,-1,-1
608,19487,818,420,32,86,1,-1,-1,-1
608,19496,1122,548,53,95,1,-1,-1,-1
608,19497,314,644,46,110,1,-1,-1,-1
608,19506,1556,393,43,67,1,-1,-1,-1
609,19356,369,564,43,92,1,-1,-1,-1
609,19385,219,787,50,122,1,-1,-1,-1
609,19425,299,386,31,73,1,-1,-1,-1
609,19429,55,599,46,104,1,-1,-1,-1
609,19446,1025,406,39,75,1,-1,-1,-1
609,19449,63,706,60,127,1,-1,-1,-1
609,19465,1193,474,43,85,1,-1,-1,-1
609,19487,818,422,32,86,1,-1,-1,-1
609,19496,1125,550,54,95,1,-1,-1,-1
609,19497,312,645,46,110,1,-1,-1,-1
609,19506,1547,396,42,66,1,-1,-1,-1
610,19356,370,565,43,92,1,-1,-1,-1
610,19385,219,789,50,121,1,-1,-1,-1
610,19425,298,387,31,72,1,-1,-1,-1
610,19429,59,599,46,103,1,-1,-1,-1
610,19446,1029,407,38,73,1,-1,-1,-1
610,19449,61,707,61,128,1,-1,-1,-1
610,19465,1194,476,43,84,1,-1,-1,-1
610,19487,817,423,32,86,1,-1,-1,-1
610,19496,1128,552,56,95,1,-1,-1,-1
610,19497,310,647,47,110,1,-1,-1,-1
610,19506,1538,398,41,65,1,-1,-1,-1
611,19356,372,566,43,92,1,-1,-1,-1
611,19385,220,790,50,120,1,-1,-1,-1
611,19425,297,387,31,72,1,-1,-1,-1
611,19429,63,598,45,103,1,-1,-1,-1
611,19446,1033,409,37,72,1,-1,-1,-1
611,19449,58,709,62,128,1,-1,-1,-1
611,19465,1196,477,42,84,1,-1,-1,-1
611,19487,817,425,32,86,1,-1,-1,-1
611,19496,1132,554,56,96,1,-1,-1,-1
611,19497,308,649,47,110,1,-1,-1,-1
611,19506,1528,400,42,66,1,-1,-1,-1
612,19356,374,567,43,92,1,-1,-1,-1
612,19385,221,792,49,118,1,-1,-1,-1
612,19425,296,388,31,71,1,-1,-1,-1
612,19429,67,597,45,103,1,-1,-1,-1
612,19446,1038,410,36,70,1,-1,-1,-1
612,19449,55,710,64,128,1,-1,-1,-1
612,19465,1197,479,41,83,1,-1,-1,-1
612,19487,817,427,31,86,1,-1,-1,-1
612,19496,1136,556,56,96,1,-1,-1,-1
612,19497,307,651,47,110,1,-1,-1,-1
612,19506,1519,403,41,64,1,-1,-1,-1
613,19356,378,569,43,92,1,-1,-1,-1
613,19385,221,794,49,116,1,-1,-1,-1
613,19425,295,389,31,71,1,-1,-1,-1
613,19429,71,597,45,103,1,-1,-1,-1
613,19446,1043,412,36,68,1,-1,-1,-1
613,19449,51,712,65,128,1,-1,-1,-1
613,19465,1199,481,40,82,1,-1,-1,-1
613,19487,816,429,32,86,1,-1,-1,-1
613,19496,1141,558,55,97,1,-1,-1,-1
613,19497,304,654,47,110,1,-1,-1,-1
613,19506,1507,405,41,65,1,-1,-1,-1
614,19356,381,570,43,92,1,-1,-1,-1
614,19385,223,794,50,116,1,-1,-1,-1
614,19425,296,390,31,70,1,-1,-1,-1
614,19429,77,597,43,102,1,-1,-1,-1
614,19446,1047,413,36,67,1,-1,-1,-1
614,19449,51,713,66,129,1,-1,-1,-1
614,19465,1201,481,40,82,1,-1,-1,-1
614,19487,817,430,32,86,1,-1,-1,-1
614,19496,1145,561,54,97,1,-1,-1,-1
614,19497,305,655,46,110,1,-1,-1,-1
614,19506,1503,407,41,65,1,-1,-1,-1
615,19356,386,571,43,92,1,-1,-1,-1
615,19385,226,795,50,116,1,-1,-1,-1
615,19425,300,390,31,70,1,-1,-1,-1
615,19429,84,598,43,101,1,-1,-1,-1
615,19446,1051,413,36,67,1,-1,-1,-1
615,19449,53,713,67,129,1,-1,-1,-1
615,19465,1205,481,40,81,1,-1,-1,-1
615,19487,821,432,31,85,1,-1,-1,-1
615,19496,1149,563,54,97,1,-1,-1,-1
615,19497,307,656,47,109,1,-1,-1,-1
615,19506,1501,408,42,66,1,-1,-1,-1
616,19356,391,572,43,92,1,-1,-1,-1
616,19385,230,795,51,117,1,-1,-1,-1
616,19425,305,391,31,69,1,-1,-1,-1
616,19429,91,599,43,99,1,-1,-1,-1
616,19446,1056,413,37,67,1,-1,-1,-1
616,19449,56,713,67,128,1,-1,-1,-1
616,19465,1209,481,40,81,1,-1,-1,-1
616,19487,825,433,31,85,1,-1,-1,-1
616,19496,1154,565,53,97,1,-1,-1,-1
616,19497,311,656,45,108,1,-1,-1,-1
616,19506,1501,408,43,68,1,-1,-1,-1
617,19356,397,573,43,92,1,-1,-1,-1
617,19385,235,795,50,119,1,-1,-1,-1
617,19425,309,392,32,68,1,-1,-1,-1
617,19429,98,600,43,97,1,-1,-1,-1
617,19446,1061,412,37,67,1,-1,-1,-1
617,19449,59,713,68,128,1,-1,-1,-1
617,19465,1213,481,41,80,1,-1,-1,-1
617,19487,829,435,31,83,1,-1,-1,-1
617,19496,1158,567,53,96,1,-1,-1,-1
617,19497,314,657,45,106,1,-1,-1,-1
617,19506,1500,409,45,70,1,-1,-1,-1
618,19356,403,574,42,92,1,-1,-1,-1
618,19385,239,796,50,119,1,-1,-1,-1
618,19425,314,392,32,68,1,-1,-1,-1
618,19429,105,601,43,94,1,-1,-1,-1
618,19446,1066,412,38,67,1,-1,-1,-1
618,19449,63,713,67,128,1,-1,-1,-1
618,19465,1217,481,41,80,1,-1,-1,-1
618,19487,833,436,31,83,1,-1,-1,-1
618,19496,1163,569,52,96,1,-1,-1,-1
618,19497,317,658,45,105,1,-1,-1,-1
618,19506,1502,410,46,71,1,-1,-1,-1
619,19356,411,575,41,92,1,-1,-1,-1
619,19385,243,796,51,120,1,-1,-1,-1
619,19425,319,393,32,66,1,-1,-1,-1
619,19429,113,602,43,92,1,-1,-1,-1
619,19446,1071,412,38,67,1,-1,-1,-1
619,19449,67,713,66,127,1,-1,-1,-1
619,19465,1221,481,42,80,1,-1,-1,-1
619,19487,837,438,30,82,1,-1,-1,-1
619,19496,1169,571,51,96,1,-1,-1,-1
619,19497,321,658,44,104,1,-1,-1,-1
619,19506,1505,410,47,72,1,-1,-1,-1
620,19356,419,574,40,92,1,-1,-1,-1
620,19385,248,796,50,121,1,-1,-1,-1
620,19425,324,393,32,66,1,-1,-1,-1
620,19429,120,604,43,90,1,-1,-1,-1
620,19446,1076,412,39,67,1,-1,-1,-1
620,19449,71,713,66,127,1,-1,-1,-1
620,19465,1225,481,43,79,1,-1,-1,-1
620,19487,842,439,29,81,1,-1,-1,-1
620,19496,1174,573,50,95,1,-1,-1,-1
620,19497,324,659,44,103,1,-1,-1,-1
620,19506,1509,411,49,73,1,-1,-1,-1
621,19356,429,573,40,91,1,-1,-1,-1
621,19385,256,795,50,121,1,-1,-1,-1
621,19425,331,393,33,65,1,-1,-1,-1
621,19429,131,603,45,90,1,-1,-1,-1
621,19446,1084,412,39,67,1,-1,-1,-1
621,19449,78,713,66,127,1,-1,-1,-1
621,19465,1233,481,43,79,1,-1,-1,-1
621,19487,849,439,29,81,1,-1,-1,-1
621,19496,1181,573,50,95,1,-1,-1,-1
621,19497,330,659,44,103,1,-1,-1,-1
621,19506,1516,411,49,75,1,-1,-1,-1
622,19356,440,573,40,89,1,-1,-1,-1
622,19385,266,794,50,121,1,-1,-1,-1
622,19425,340,393,34,64,1,-1,-1,-1
622,19429,143,600,46,92,1,-1,-1,-1
622,19446,1095,411,39,68,1,-1,-1,-1
622,19449,88,712,65,127,1,-1,-1,-1
622,19465,1242,482,43,76,1,-1,-1,-1
622,19487,857,438,30,82,1,-1,-1,-1
622,19496,1189,573,50,96,1,-1,-1,-1
622,19497,338,659,44,103,1,-1,-1,-1
622,19506,1523,411,51,77,1,-1,-1,-1
623,19356,452,572,40,89,1,-1,-1,-1
623,19385,277,793,49,120,1,-1,-1,-1
623,19425,350,392,33,64,1,-1,-1,-1
623,19429,157,597,47,94,1,-1,-1,-1
623,19446,1106,411,40,68,1,-1,-1,-1
623,19449,99,711,64,127,1,-1,-1,-1
623,19465,1251,482,44,76,1,-1,-1,-1
623,19487,866,437,30,82,1,-1,-1,-1
623,19496,1197,572,50,97,1,-1,-1,-1
623,19497,347,658,43,103,1,-1,-1,-1
623,19506,1531,411,51,78,1,-1,-1,-1
624,19356,464,571,39,88,1,-1,-1,-1
624,19385,287,792,49,119,1,-1,-1,-1
624,19425,360,392,33,63,1,-1,-1,-1
624,19429,171,594,48,97,1,-1,-1,-1
624,19446,1117,410,40,69,1,-1,-1,-1
624,19449,109,710,64,127,1,-1,-1,-1
624,19465,1261,483,44,74,1,-1,-1,-1
624,19487,875,437,31,83,1,-1,-1,-1
624,19496,1206,571,50,99,1,-1,-1,-1
624,19497,355,658,42,103,1,-1,-1,-1
624,19506,1538,410,52,81,1,-1,-1,-1
625,19356,481,570,39,86,1,-1,-1,-1
625,19385,304,791,48,117,1,-1,-1,-1
625,19425,375,391,33,62,1,-1,-1,-1
625,19429,191,590,49,100,1,-1,-1,-1
625,19446,1133,409,41,71,1,-1,-1,-1
625,19449,126,709,62,127,1,-1,-1,-1
625,19465,1276,483,43,72,1,-1,-1,-1
625,19487,889,436,31,83,1,-1,-1,-1
625,19496,1220,571,49,99,1,-1,-1,-1
625,19497,367,658,42,103,1,-1,-1,-1
625,19506,1549,409,52,83,1,-1,-1,-1
626,19356,496,566,41,89,1,-1,-1,-1
626,19385,320,791,47,116,1,-1,-1,-1
626,19425,390,390,33,62,1,-1,-1,-1
626,19429,214,589,46,96,1,-1,-1,-1
626,19446,1148,406,41,71,1,-1,-1,-1
626,19449,141,708,61,127,1,-1,-1,-1
626,19465,1290,485,43,71,1,-1,-1,-1
626,19487,903,436,32,83,1,-1,-1,-1
626,19496,1233,571,49,100,1,-1,-1,-1
626,19497,381,656,41,103,1,-1,-1,-1
626,19506,1557,409,51,84,1,-1,-1,-1
627,19356,510,563,42,91,1,-1,-1,-1
627,19385,334,789,48,116,1,-1,-1,-1
627,19425,404,390,33,61,1,-1,-1,-1
627,19429,233,587,45,96,1,-1,-1,-1
627,19446,1162,405,41,70,1,-1,-1,-1
627,19449,155,707,60,126,1,-1,-1,-1
627,19465,1302,485,43,71,1,-1,-1,-1
627,19487,917,436,32,83,1,-1,-1,-1
627,19496,1246,572,49,100,1,-1,-1,-1
627,19497,395,654,40,103,1,-1,-1,-1
627,19506,1572,409,50,84,1,-1,-1,-1
627,19509,35,691,60,99,1,-1,-1,-1
628,19356,526,560,42,92,1,-1,-1,-1
628,19385,349,788,48,117,1,-1,-1,-1
628,19425,420,389,34,60,1,-1,-1,-1
628,19429,253,586,44,95,1,-1,-1,-1
628,19446,1177,404,41,70,1,-1,-1,-1
628,19449,172,705,59,126,1,-1,-1,-1
628,19465,1315,485,43,70,1,-1,-1,-1
628,19487,932,436,32,82,1,-1,-1,-1
628,19496,1261,573,48,99,1,-1,-1,-1
628,19497,410,653,40,102,1,-1,-1,-1
628,19506,1589,410,50,83,1,-1,-1,-1
628,19509,47,690,60,99,1,-1,-1,-1
629,19356,543,558,42,92,1,-1,-1,-1
629,19385,364,786,48,117,1,-1,-1,-1
629,19425,436,388,34,59,1,-1,-1,-1
629,19429,273,584,43,95,1,-1,-1,-1
629,19446,1194,404,40,68,1,-1,-1,-1
629,19449,189,703,58,125,1,-1,-1,-1
629,19465,1327,485,44,69,1,-1,-1,-1
629,19487,947,436,32,80,1,-1,-1,-1
629,19496,1276,574,48,99,1,-1,-1,-1
629,19497,425,651,40,102,1,-1,-1,-1
629,19506,1607,410,49,83,1,-1,-1,-1
629,19509,62,689,60,99,1,-1,-1,-1
630,19356,559,555,42,92,1,-1,-1,-1
630,19385,380,784,49,117,1,-1,-1,-1
630,19425,452,388,35,57,1,-1,-1,-1
630,19429,293,583,43,95,1,-1,-1,-1
630,19446,1210,404,40,67,1,-1,-1,-1
630,19449,208,701,56,125,1,-1,-1,-1
630,19465,1339,484,45,68,1,-1,-1,-1
630,19487,963,436,32,79,1,-1,-1,-1
630,19496,1291,575,48,99,1,-1,-1,-1
630,19497,441,650,40,102,1,-1,-1,-1
630,19506,1626,410,49,83,1,-1,-1,-1
630,19509,77,688,59,99,1,-1,-1,-1
631,19356,576,553,42,92,1,-1,-1,-1
631,19385,396,783,48,117,1,-1,-1,-1
631,19425,468,387,35,56,1,-1,-1,-1
631,19429,312,581,43,95,1,-1,-1,-1
631,19446,1227,404,39,66,1,-1,-1,-1
631,19449,225,699,56,124,1,-1,-1,-1
631,19465,1351,484,45,67,1,-1,-1,-1
631,19487,978,436,33,78,1,-1,-1,-1
631,19496,1305,577,50,98,1,-1,-1,-1
631,19497,456,649,40,102,1,-1,-1,-1
631,19506,1644,410,49,83,1,-1,-1,-1
631,19509,90,687,60,99,1,-1,-1,-1
632,19356,596,550,43,92,1,-1,-1,-1
632,19385,414,781,48,118,1,-1,-1,-1
632,19425,486,386,36,54,1,-1,-1,-1
632,19429,335,580,42,94,1,-1,-1,-1
632,19446,1246,404,38,64,1,-1,-1,-1
632,19449,246,697,54,123,1,-1,-1,-1
632,19465,1365,483,45,65,1,-1,-1,-1
632,19487,996,436,33,77,1,-1,-1,-1
632,19496,1322,578,51,98,1,-1,-1,-1
632,19497,474,648,41,102,1,-1,-1,-1
632,19506,1665,411,50,82,1,-1,-1,-1
632,19509,107,686,58,99,1,-1,-1,-1
633,19356,611,550,42,91,1,-1,-1,-1
633,19385,430,780,48,117,1,-1,-1,-1
633,19425,500,385,37,54,1,-1,-1,-1
633,19429,354,578,41,94,1,-1,-1,-1
633,19446,1261,404,38,63,1,-1,-1,-1
633,19449,263,696,54,123,1,-1,-1,-1
633,19465,1378,482,46,66,1,-1,-1,-1
633,19487,1011,436,33,76,1,-1,-1,-1
633,19496,1335,580,51,97,1,-1,-1,-1
633,19497,489,647,41,102,1,-1,-1,-1
633,19506,1682,411,50,83,1,-1,-1,-1
633,19509,122,686,58,98,1,-1,-1,-1
634,19356,630,551,41,89,1,-1,-1,-1
634,19385,448,779,49,116,1,-1,-1,-1
634,19425,515,384,38,53,1,-1,-1,-1
634,19429,374,576,41,93,1,-1,-1,-1
634,19446,1278,404,38,62,1,-1,-1,-1
634,19449,282,694,53,123,1,-1,-1,-1
634,19465,1392,480,48,68,1,-1,-1,-1
634,19487,1028,436,33,75,1,-1,-1,-1
634,19496,1349,582,52,96,1,-1,-1,-1
634,19497,505,645,42,102,1,-1,-1,-1
634,19506,1702,412,49,82,1,-1,-1,-1
634,19509,139,687,57,97,1,-1,-1,-1
635,19356,649,551,41,89,1,-1,-1,-1
635,19385,468,778,48,115,1,-1,-1,-1
635,19425,530,382,39,54,1,-1,-1,-1
635,19429,396,574,40,92,1,-1,-1,-1
635,19446,1296,403,37,62,1,-1,-1,-1
635,19449,301,692,53,123,1,-1,-1,-1
635,19465,1407,478,50,70,1,-1,-1,-1
635,19487,1045,436,34,75,1,-1,-1,-1
635,19496,1363,585,52,94,1,-1,-1,-1
635,19497,522,644,42,102,1,-1,-1,-1
635,19506,1721,413,49,82,1,-1,-1,-1
635,19509,157,688,56,95,1,-1,-1,-1
636,19356,670,553,40,86,1,-1,-1,-1
636,19385,488,777,48,114,1,-1,-1,-1
636,19425,545,380,40,54,1,-1,-1,-1
636,19429,417,572,41,91,1,-1,-1,-1
636,19446,1314,403,38,61,1,-1,-1,-1
636,19449,320,690,53,123,1,-1,-1,-1
636,19465,1422,477,51,72,1,-1,-1,-1
636,19487,1063,436,34,75,1,-1,-1,-1
636,19496,1378,587,52,93,1,-1,-1,-1
636,19497,539,643,43,102,1,-1,-1,-1
636,19506,1742,413,48,83,1,-1,-1,-1
636,19509,175,689,55,94,1,-1,-1,-1
637,19356,690,554,39,85,1,-1,-1,-1
637,19385,507,776,49,113,1,-1,-1,-1
637,19425,560,378,40,54,1,-1,-1,-1
637,19429,438,570,41,90,1,-1,-1,-1
637,19446,1331,403,38,60,1,-1,-1,-1
637,19449,340,688,52,123,1,-1,-1,-1
637,19465,1437,475,53,74,1,-1,-1,-1
637,19487,1080,436,35,75,1,-1,-1,-1
637,19496,1393,589,52,91,1,-1,-1,-1
637,19497,556,642,43,102,1,-1,-1,-1
637,19506,1762,414,46,82,1,-1,-1,-1
637,19509,193,690,55,93,1,-1,-1,-1
638,19356,716,555,38,83,1,-1,-1,-1
638,19385,533,774,49,112,1,-1,-1,-1
638,19425,581,376,40,54,1,-1,-1,-1
638,19429,466,566,41,90,1,-1,-1,-1
638,19446,1355,402,38,60,1,-1,-1,-1
638,19449,366,686,52,123,1,-1,-1,-1
638,19465,1458,473,54,77,1,-1,-1,-1
638,19487,1104,436,36,74,1,-1,-1,-1
638,19496,1412,593,51,88,1,-1,-1,-1
638,19497,579,640,44,102,1,-1,-1,-1
638,19506,1789,415,45,82,1,-1,-1,-1
638,19509,218,691,54,91,1,-1,-1,-1
639,19356,732,555,38,83,1,-1,-1,-1
639,19385,549,773,49,111,1,-1,-1,-1
639,19425,594,375,41,55,1,-1,-1,-1
639,19429,484,565,41,89,1,-1,-1,-1
639,19446,1369,402,39,59,1,-1,-1,-1
639,19449,383,684,51,123,1,-1,-1,-1
639,19465,1471,472,54,78,1,-1,-1,-1
639,19487,1117,436,37,74,1,-1,-1,-1
639,19496,1424,594,52,88,1,-1,-1,-1
639,19497,593,639,45,102,1,-1,-1,-1
639,19506,1799,416,43,82,1,-1,-1,-1
639,19509,231,691,55,90,1,-1,-1,-1
640,19356,750,555,38,82,1,-1,-1,-1
640,19385,566,772,50,110,1,-1,-1,-1
640,19425,611,374,42,55,1,-1,-1,-1
640,19429,505,565,42,89,1,-1,-1,-1
640,19446,1387,401,39,59,1,-1,-1,-1
640,19449,402,681,51,123,1,-1,-1,-1
640,19465,1486,472,53,78,1,-1,-1,-1
640,19487,1134,436,38,74,1,-1,-1,-1
640,19496,1440,594,53,88,1,-1,-1,-1
640,19497,610,638,45,102,1,-1,-1,-1
640,19506,1802,416,43,82,1,-1,-1,-1
640,19509,247,690,55,90,1,-1,-1,-1
640,19512,1012,0,13,10,1,-1,-1,-1
641,19356,770,554,38,83,1,-1,-1,-1
641,19385,585,770,50,111,1,-1,-1,-1
641,19425,630,373,43,56,1,-1,-1,-1
641,19429,528,565,42,89,1,-1,-1,-1
641,19446,1405,400,40,59,1,-1,-1,-1
641,19449,423,678,51,123,1,-1,-1,-1
641,19465,1501,472,53,78,1,-1,-1,-1
641,19487,1152,436,39,74,1,-1,-1,-1
641,19496,1456,594,54,89,1,-1,-1,-1
641,19497,629,638,45,101,1,-1,-1,-1
641,19506,1803,416,42,82,1,-1,-1,-1
641,19509,263,689,56,90,1,-1,-1,-1
641,19512,1012,0,13,10,1,-1,-1,-1
642,19356,790,553,37,83,1,-1,-1,-1
642,19385,605,769,51,110,1,-1,-1,-1
642,19425,649,372,43,56,1,-1,-1,-1
642,19429,551,564,43,89,1,-1,-1,-1
642,19446,1424,399,40,59,1,-1,-1,-1
642,19449,444,675,50,123,1,-1,-1,-1
642,19465,1516,473,53,78,1,-1,-1,-1
642,19487,1170,436,40,74,1,-1,-1,-1
642,19496,1473,594,55,89,1,-1,-1,-1
642,19497,648,637,45,102,1,-1,-1,-1
642,19506,1804,416,40,82,1,-1,-1,-1
642,19509,280,688,57,90,1,-1,-1,-1
643,19356,809,552,38,83,1,-1,-1,-1
643,19385,624,767,51,111,1,-1,-1,-1
643,19425,668,371,45,57,1,-1,-1,-1
643,19429,574,564,44,89,1,-1,-1,-1
643,19446,1443,398,40,59,1,-1,-1,-1
643,19449,465,672,50,123,1,-1,-1,-1
643,19465,1532,473,53,78,1,-1,-1,-1
643,19487,1188,437,41,73,1,-1,-1,-1
643,19496,1490,594,57,89,1,-1,-1,-1
643,19497,667,636,46,102,1,-1,-1,-1
643,19506,1804,416,39,82,1,-1,-1,-1
643,19509,296,687,58,90,1,-1,-1,-1
643,19515,85,570,38,102,1,-1,-1,-1
644,19356,838,550,37,83,1,-1,-1,-1
644,19385,653,764,52,111,1,-1,-1,-1
644,19425,696,370,46,58,1,-1,-1,-1
644,19429,609,563,43,89,1,-1,-1,-1
644,19446,1473,396,41,59,1,-1,-1,-1
644,19449,496,668,50,123,1,-1,-1,-1
644,19465,1556,474,53,78,1,-1,-1,-1
644,19487,1216,438,44,73,1,-1,-1,-1
644,19496,1518,594,58,90,1,-1,-1,-1
644,19497,695,634,46,102,1,-1,-1,-1
644,19506,1803,416,39,82,1,-1,-1,-1
644,19509,321,686,58,90,1,-1,-1,-1
645,19356,853,550,37,82,1,-1,-1,-1
645,19385,667,763,52,111,1,-1,-1,-1
645,19425,709,370,48,57,1,-1,-1,-1
645,19429,626,563,44,89,1,-1,-1,-1
645,19446,1485,395,41,59,1,-1,-1,-1
645,19449,511,665,50,123,1,-1,-1,-1
645,19465,1567,474,52,78,1,-1,-1,-1
645,19487,1227,438,45,73,1,-1,-1,-1
645,19496,1529,594,59,90,1,-1,-1,-1
645,19497,709,633,47,102,1,-1,-1,-1
645,19509,333,685,59,90,1,-1,-1,-1
645,19516,1,751,63,115,1,-1,-1,-1
645,19517,125,564,51,101,1,-1,-1,-1
646,19356,872,549,38,82,1,-1,-1,-1
646,19385,686,762,52,110,1,-1,-1,-1
646,19425,725,369,48,57,1,-1,-1,-1
646,19429,646,561,44,89,1,-1,-1,-1
646,19446,1503,395,41,58,1,-1,-1,-1
646,19449,531,663,50,123,1,-1,-1,-1
646,19465,1585,474,51,78,1,-1,-1,-1
646,19487,1243,437,46,72,1,-1,-1,-1
646,19496,1545,595,60,90,1,-1,-1,-1
646,19497,728,632,47,101,1,-1,-1,-1
646,19509,351,683,59,90,1,-1,-1,-1
646,19516,20,748,63,114,1,-1,-1,-1
646,19517,147,563,49,98,1,-1,-1,-1
647,19356,893,548,38,81,1,-1,-1,-1
647,19385,707,760,53,111,1,-1,-1,-1
647,19425,743,368,48,56,1,-1,-1,-1
647,19429,669,558,44,89,1,-1,-1,-1
647,19446,1524,394,41,58,1,-1,-1,-1
647,19449,553,661,50,123,1,-1,-1,-1
647,19465,1605,473,51,79,1,-1,-1,-1
647,19487,1261,437,48,72,1,-1,-1,-1
647,19496,1562,595,61,91,1,-1,-1,-1
647,19497,748,631,47,99,1,-1,-1,-1
647,19509,369,681,59,90,1,-1,-1,-1
647,19516,46,745,62,113,1,-1,-1,-1
647,19517,175,562,48,95,1,-1,-1,-1
648,19356,915,547,38,80,1,-1,-1,-1
648,19385,728,759,53,111,1,-1,-1,-1
648,19425,760,366,48,55,1,-1,-1,-1
648,19429,692,556,45,89,1,-1,-1,-1
648,19446,1546,393,41,58,1,-1,-1,-1
648,19449,575,659,50,123,1,-1,-1,-1
648,19465,1627,473,50,79,1,-1,-1,-1
648,19487,1280,436,49,71,1,-1,-1,-1
648,19496,1581,595,62,92,1,-1,-1,-1
648,19497,769,631,47,96,1,-1,-1,-1
648,19509,388,679,60,90,1,-1,-1,-1
648,19516,71,743,62,111,1,-1,-1,-1
648,19517,203,561,47,92,1,-1,-1,-1
649,19356,938,546,38,79,1,-1,-1,-1
649,19385,750,758,53,111,1,-1,-1,-1
649,19425,778,365,47,54,1,-1,-1,-1
649,19429,715,553,45,89,1,-1,-1,-1
649,19446,1568,392,41,59,1,-1,-1,-1
649,19449,598,657,49,123,1,-1,-1,-1
649,19465,1649,473,49,78,1,-1,-1,-1
649,19487,1298,435,50,71,1,-1,-1,-1
649,19496,1599,595,64,93,1,-1,-1,-1
649,19497,791,630,46,94,1,-1,-1,-1
649,19509,407,678,61,90,1,-1,-1,-1
649,19516,96,740,62,110,1,-1,-1,-1
649,19517,231,560,46,89,1,-1,-1,-1
650,19356,974,544,39,78,1,-1,-1,-1
650,19385,786,756,53,111,1,-1,-1,-1
650,19425,808,362,46,54,1,-1,-1,-1
650,19429,753,549,45,89,1,-1,-1,-1
650,19446,1604,391,41,59,1,-1,-1,-1
650,19449,635,654,49,123,1,-1,-1,-1
650,19487,1330,433,50,70,1,-1,-1,-1
650,19496,1630,595,64,96,1,-1,-1,-1
650,19497,825,629,46,92,1,-1,-1,-1
650,19509,440,675,60,89,1,-1,-1,-1
650,19516,138,735,61,107,1,-1,-1,-1
650,19517,278,559,43,84,1,-1,-1,-1
650,19515,94,556,34,85,1,-1,-1,-1
651,19356,987,543,39,77,1,-1,-1,-1
651,19385,799,754,53,111,1,-1,-1,-1
651,19425,818,361,46,53,1,-1,-1,-1
651,19429,767,547,45,89,1,-1,-1,-1
651,19446,1617,390,41,59,1,-1,-1,-1
651,19449,649,653,49,123,1,-1,-1,-1
651,19487,1341,433,51,69,1,-1,-1,-1
651,19496,1641,596,65,96,1,-1,-1,-1
651,19497,838,628,46,91,1,-1,-1,-1
651,19509,451,673,61,90,1,-1,-1,-1
651,19516,152,733,61,107,1,-1,-1,-1
651,19517,292,558,44,82,1,-1,-1,-1
651,19519,0,874,25,113,1,-1,-1,-1
651,19515,94,555,36,85,1,-1,-1,-1
651,19465,1693,473,48,78,1,-1,-1,-1
652,19356,1007,541,40,77,1,-1,-1,-1
652,19385,819,753,54,111,1,-1,-1,-1
652,19425,837,360,45,53,1,-1,-1,-1
652,19429,790,546,46,88,1,-1,-1,-1
652,19446,1639,389,41,59,1,-1,-1,-1
652,19449,670,650,49,122,1,-1,-1,-1
652,19487,1360,431,52,69,1,-1,-1,-1
652,19496,1661,596,65,96,1,-1,-1,-1
652,19497,857,625,47,90,1,-1,-1,-1
652,19509,468,670,63,92,1,-1,-1,-1
652,19516,173,729,62,107,1,-1,-1,-1
652,19517,315,555,44,81,1,-1,-1,-1
652,19515,110,552,38,84,1,-1,-1,-1
652,19465,1720,473,46,78,1,-1,-1,-1
653,19356,1029,539,40,77,1,-1,-1,-1
653,19385,843,750,53,111,1,-1,-1,-1
653,19425,859,358,45,53,1,-1,-1,-1
653,19429,817,543,46,89,1,-1,-1,-1
653,19446,1664,387,41,59,1,-1,-1,-1
653,19449,696,646,48,121,1,-1,-1,-1
653,19487,1382,430,53,69,1,-1,-1,-1
653,19496,1684,596,64,97,1,-1,-1,-1
653,19497,879,621,47,91,1,-1,-1,-1
653,19509,487,667,64,94,1,-1,-1,-1
653,19516,197,724,64,106,1,-1,-1,-1
653,19517,342,552,44,80,1,-1,-1,-1
653,19515,131,549,40,84,1,-1,-1,-1
653,19465,1747,472,46,79,1,-1,-1,-1
654,19356,1052,537,40,77,1,-1,-1,-1
654,19385,866,748,54,111,1,-1,-1,-1
654,19425,882,355,45,53,1,-1,-1,-1
654,19429,845,541,46,89,1,-1,-1,-1
654,19446,1691,384,40,59,1,-1,-1,-1
654,19449,721,641,49,121,1,-1,-1,-1
654,19487,1406,428,52,69,1,-1,-1,-1
654,19496,1708,597,64,96,1,-1,-1,-1
654,19497,901,618,48,90,1,-1,-1,-1
654,19509,506,663,66,97,1,-1,-1,-1
654,19516,223,718,64,107,1,-1,-1,-1
654,19517,370,548,44,80,1,-1,-1,-1
654,19515,154,545,42,85,1,-1,-1,-1
654,19465,1775,471,46,79,1,-1,-1,-1
655,19356,1076,534,39,77,1,-1,-1,-1
655,19385,891,745,54,111,1,-1,-1,-1
655,19425,905,353,45,53,1,-1,-1,-1
655,19429,874,538,46,89,1,-1,-1,-1
655,19446,1717,382,41,59,1,-1,-1,-1
655,19449,748,637,48,120,1,-1,-1,-1
655,19487,1430,427,52,69,1,-1,-1,-1
655,19496,1733,597,62,96,1,-1,-1,-1
655,19497,925,614,47,90,1,-1,-1,-1
655,19509,526,659,68,100,1,-1,-1,-1
655,19516,249,713,65,106,1,-1,-1,-1
655,19517,397,544,46,79,1,-1,-1,-1
655,19515,178,541,44,85,1,-1,-1,-1
655,19465,1802,470,47,79,1,-1,-1,-1
656,19356,1099,532,39,77,1,-1,-1,-1
656,19385,915,742,54,111,1,-1,-1,-1
656,19425,929,351,44,53,1,-1,-1,-1
656,19429,904,536,45,89,1,-1,-1,-1
656,19446,1744,380,40,59,1,-1,-1,-1
656,19449,774,633,49,119,1,-1,-1,-1
656,19487,1454,425,51,69,1,-1,-1,-1
656,19496,1757,597,62,97,1,-1,-1,-1
656,19497,948,610,48,90,1,-1,-1,-1
656,19509,546,655,70,103,1,-1,-1,-1
656,19516,275,707,66,107,1,-1,-1,-1
656,19517,425,540,46,78,1,-1,-1,-1
656,19515,203,538,45,84,1,-1,-1,-1
656,19465,1830,469,47,79,1,-1,-1,-1
657,19356,1127,529,38,77,1,-1,-1,-1
657,19385,944,739,54,111,1,-1,-1,-1
657,19425,956,348,45,53,1,-1,-1,-1
657,19429,937,533,46,89,1,-1,-1,-1
657,19446,1776,378,40,59,1,-1,-1,-1
657,19449,804,628,50,118,1,-1,-1,-1
657,19487,1482,423,50,69,1,-1,-1,-1
657,19496,1786,598,60,96,1,-1,-1,-1
657,19497,975,605,47,90,1,-1,-1,-1
657,19509,570,650,72,107,1,-1,-1,-1
657,19516,305,701,67,106,1,-1,-1,-1
657,19517,457,536,47,77,1,-1,-1,-1
657,19515,230,533,47,85,1,-1,-1,-1
657,19465,1862,468,48,79,1,-1,-1,-1
658,19356,1147,528,37,77,1,-1,-1,-1
658,19385,964,737,54,111,1,-1,-1,-1
658,19425,974,346,44,53,1,-1,-1,-1
658,19429,959,531,46,89,1,-1,-1,-1
658,19446,1796,374,40,59,1,-1,-1,-1
658,19449,825,625,50,117,1,-1,-1,-1
658,19487,1501,422,50,69,1,-1,-1,-1
658,19496,1805,597,60,97,1,-1,-1,-1
658,19497,993,602,47,90,1,-1,-1,-1
658,19509,586,647,72,108,1,-1,-1,-1
658,19516,322,696,68,107,1,-1,-1,-1
658,19517,477,533,48,76,1,-1,-1,-1
658,19515,249,530,48,85,1,-1,-1,-1
658,19465,1873,467,48,79,1,-1,-1,-1
658,19525,27,410,76,82,1,-1,-1,-1
658,19526,163,801,59,125,1,-1,-1,-1
659,19356,1166,526,37,77,1,-1,-1,-1
659,19385,983,735,54,111,1,-1,-1,-1
659,19425,991,344,42,53,1,-1,-1,-1
659,19429,979,527,45,89,1,-1,-1,-1
659,19446,1816,371,40,59,1,-1,-1,-1
659,19449,847,623,50,116,1,-1,-1,-1
659,19487,1519,421,49,68,1,-1,-1,-1
659,19496,1824,595,60,98,1,-1,-1,-1
659,19497,1010,600,48,91,1,-1,-1,-1
659,19509,601,646,72,107,1,-1,-1,-1
659,19516,337,693,68,106,1,-1,-1,-1
659,19517,496,530,49,76,1,-1,-1,-1
659,19515,267,528,49,85,1,-1,-1,-1
659,19465,1876,467,49,79,1,-1,-1,-1
659,19525,42,408,75,81,1,-1,-1,-1
659,19526,182,798,57,121,1,-1,-1,-1
660,19356,1186,524,38,78,1,-1,-1,-1
660,19385,1002,733,55,111,1,-1,-1,-1
660,19425,1007,342,42,53,1,-1,-1,-1
660,19429,998,524,45,89,1,-1,-1,-1
660,19446,1843,365,40,59,1,-1,-1,-1
660,19449,868,622,50,114,1,-1,-1,-1
660,19487,1536,420,49,69,1,-1,-1,-1
660,19496,1850,593,61,99,1,-1,-1,-1
660,19497,1028,598,47,91,1,-1,-1,-1
660,19509,617,645,70,106,1,-1,-1,-1
660,19516,352,690,68,106,1,-1,-1,-1
660,19517,513,526,51,76,1,-1,-1,-1
660,19515,285,525,51,85,1,-1,-1,-1
660,19525,62,407,72,77,1,-1,-1,-1
660,19526,204,793,55,118,1,-1,-1,-1
661,19356,1206,522,38,78,1,-1,-1,-1
661,19385,1021,732,54,110,1,-1,-1,-1
661,19425,1024,340,41,53,1,-1,-1,-1
661,19429,1017,521,45,89,1,-1,-1,-1
661,19446,1864,363,39,59,1,-1,-1,-1
661,19449,889,620,51,113,1,-1,-1,-1
661,19487,1553,419,49,69,1,-1,-1,-1
661,19496,1859,593,62,100,1,-1,-1,-1
661,19497,1045,596,47,91,1,-1,-1,-1
661,19509,632,644,69,105,1,-1,-1,-1
661,19516,366,687,67,105,1,-1,-1,-1
661,19517,530,523,52,76,1,-1,-1,-1
661,19515,303,523,52,85,1,-1,-1,-1
661,19525,80,406,70,74,1,-1,-1,-1
661,19526,227,789,54,113,1,-1,-1,-1
662,19356,1226,520,39,79,1,-1,-1,-1
662,19385,1040,730,54,110,1,-1,-1,-1
662,19425,1040,339,40,53,1,-1,-1,-1
662,19429,1036,518,45,89,1,-1,-1,-1
662,19446,1882,362,39,59,1,-1,-1,-1
662,19449,911,618,50,112,1,-1,-1,-1
662,19487,1570,418,50,69,1,-1,-1,-1
662,19496,1864,592,62,101,1,-1,-1,-1
662,19497,1062,594,47,91,1,-1,-1,-1
662,19509,647,643,67,103,1,-1,-1,-1
662,19516,379,683,68,105,1,-1,-1,-1
662,19517,548,520,52,76,1,-1,-1,-1
662,19515,321,520,53,85,1,-1,-1,-1
662,19525,99,404,67,72,1,-1,-1,-1
662,19526,250,785,51,110,1,-1,-1,-1
663,19356,1254,516,40,81,1,-1,-1,-1
663,19385,1068,727,55,111,1,-1,-1,-1
663,19425,1065,336,38,53,1,-1,-1,-1
663,19429,1065,513,44,89,1,-1,-1,-1
663,19446,1888,362,39,58,1,-1,-1,-1
663,19449,944,615,50,110,1,-1,-1,-1
663,19487,1596,417,50,69,1,-1,-1,-1
663,19496,1865,592,62,101,1,-1,-1,-1
663,19497,1087,592,47,91,1,-1,-1,-1
663,19509,670,641,65,102,1,-1,-1,-1
663,19516,401,679,67,104,1,-1,-1,-1
663,19517,574,515,54,76,1,-1,-1,-1
663,19515,348,517,54,85,1,-1,-1,-1
663,19525,126,403,63,67,1,-1,-1,-1
663,19526,283,779,49,104,1,-1,-1,-1
664,19356,1268,515,41,81,1,-1,-1,-1
664,19385,1081,725,55,111,1,-1,-1,-1
664,19425,1077,335,37,53,1,-1,-1,-1
664,19429,1078,511,43,89,1,-1,-1,-1
664,19449,958,614,50,109,1,-1,-1,-1
664,19487,1608,416,50,69,1,-1,-1,-1
664,19497,1099,590,47,91,1,-1,-1,-1
664,19509,681,640,63,101,1,-1,-1,-1
664,19516,411,677,67,103,1,-1,-1,-1
664,19517,586,512,55,77,1,-1,-1,-1
664,19515,360,515,55,85,1,-1,-1,-1
664,19525,137,402,63,65,1,-1,-1,-1
664,19526,297,775,48,103,1,-1,-1,-1
665,19356,1284,515,42,81,1,-1,-1,-1
665,19385,1097,723,54,111,1,-1,-1,-1
665,19425,1092,333,36,53,1,-1,-1,-1
665,19429,1096,510,42,87,1,-1,-1,-1
665,19449,976,612,50,109,1,-1,-1,-1
665,19487,1622,416,51,69,1,-1,-1,-1
665,19497,1115,588,47,92,1,-1,-1,-1
665,19509,695,638,63,102,1,-1,-1,-1
665,19516,425,673,67,104,1,-1,-1,-1
665,19517,601,509,55,77,1,-1,-1,-1
665,19515,375,513,55,85,1,-1,-1,-1
665,19525,152,400,62,65,1,-1,-1,-1
665,19526,315,770,48,104,1,-1,-1,-1
666,19356,1303,514,42,81,1,-1,-1,-1
666,19385,1113,721,54,111,1,-1,-1,-1
666,19425,1110,332,35,53,1,-1,-1,-1
666,19429,1116,509,41,86,1,-1,-1,-1
666,19449,994,610,52,108,1,-1,-1,-1
666,19487,1637,415,52,69,1,-1,-1,-1
666,19497,1131,586,47,92,1,-1,-1,-1
666,19509,710,637,63,102,1,-1,-1,-1
666,19516,441,670,67,103,1,-1,-1,-1
666,19517,617,506,55,77,1,-1,-1,-1
666,19515,391,511,55,85,1,-1,-1,-1
666,19525,167,397,63,65,1,-1,-1,-1
666,19526,334,764,49,105,1,-1,-1,-1
667,19356,1322,514,41,81,1,-1,-1,-1
667,19385,1129,719,54,111,1,-1,-1,-1
667,19425,1127,330,35,53,1,-1,-1,-1
667,19429,1135,508,41,84,1,-1,-1,-1
667,19449,1014,607,51,108,1,-1,-1,-1
667,19487,1653,415,53,68,1,-1,-1,-1
667,19497,1148,584,48,92,1,-1,-1,-1
667,19509,726,635,63,104,1,-1,-1,-1
667,19516,458,666,66,103,1,-1,-1,-1
667,19517,633,504,56,77,1,-1,-1,-1
667,19515,406,509,56,85,1,-1,-1,-1
667,19525,183,395,64,65,1,-1,-1,-1
667,19526,354,758,49,107,1,-1,-1,-1
668,19356,1341,513,41,81,1,-1,-1,-1
668,19385,1145,718,55,110,1,-1,-1,-1
668,19425,1145,329,35,53,1,-1,-1,-1
668,19429,1155,507,40,83,1,-1,-1,-1
668,19449,1033,604,52,109,1,-1,-1,-1
668,19487,1669,414,54,69,1,-1,-1,-1
668,19497,1164,581,49,94,1,-1,-1,-1
668,19509,742,633,63,105,1,-1,-1,-1
668,19516,475,662,66,104,1,-1,-1,-1
668,19517,650,501,56,77,1,-1,-1,-1
668,19515,422,507,57,85,1,-1,-1,-1
668,19525,199,393,65,65,1,-1,-1,-1
668,19526,374,752,50,109,1,-1,-1,-1
669,19356,1367,513,39,81,1,-1,-1,-1
669,19385,1167,715,55,111,1,-1,-1,-1
669,19425,1167,327,36,53,1,-1,-1,-1
669,19429,1182,506,40,81,1,-1,-1,-1
669,19449,1059,601,52,109,1,-1,-1,-1
669,19487,1690,413,56,69,1,-1,-1,-1
669,19497,1186,579,50,94,1,-1,-1,-1
669,19509,763,631,64,106,1,-1,-1,-1
669,19516,497,657,66,104,1,-1,-1,-1
669,19517,672,498,57,77,1,-1,-1,-1
669,19515,444,505,57,84,1,-1,-1,-1
669,19525,221,389,65,66,1,-1,-1,-1
669,19526,400,744,51,111,1,-1,-1,-1
670,19356,1382,513,39,81,1,-1,-1,-1
670,19385,1181,714,54,111,1,-1,-1,-1
670,19425,1178,327,37,53,1,-1,-1,-1
670,19429,1196,505,40,80,1,-1,-1,-1
670,19449,1074,599,52,109,1,-1,-1,-1
670,19487,1702,413,58,70,1,-1,-1,-1
670,19497,1198,577,51,95,1,-1,-1,-1
670,19509,773,629,64,107,1,-1,-1,-1
670,19516,509,655,66,104,1,-1,-1,-1
670,19517,684,496,57,77,1,-1,-1,-1
670,19515,456,504,58,85,1,-1,-1,-1
670,19525,232,387,66,66,1,-1,-1,-1
670,19526,414,740,51,111,1,-1,-1,-1
670,19527,14,481,44,104,1,-1,-1,-1
670,19528,57,251,48,60,1,-1,-1,-1
671,19356,1399,513,38,81,1,-1,-1,-1
671,19385,1196,714,55,111,1,-1,-1,-1
671,19425,1190,327,38,54,1,-1,-1,-1
671,19429,1212,505,41,79,1,-1,-1,-1
671,19449,1090,598,53,109,1,-1,-1,-1
671,19487,1715,412,60,72,1,-1,-1,-1
671,19497,1212,576,50,95,1,-1,-1,-1
671,19509,783,628,64,107,1,-1,-1,-1
671,19516,520,653,66,104,1,-1,-1,-1
671,19517,696,495,57,77,1,-1,-1,-1
671,19515,469,503,58,85,1,-1,-1,-1
671,19525,243,386,67,67,1,-1,-1,-1
671,19526,428,737,51,111,1,-1,-1,-1
671,19527,30,481,44,105,1,-1,-1,-1
671,19528,71,250,48,60,1,-1,-1,-1
672,19356,1417,514,38,81,1,-1,-1,-1
672,19385,1213,713,54,111,1,-1,-1,-1
672,19425,1203,326,39,55,1,-1,-1,-1
672,19429,1228,504,42,80,1,-1,-1,-1
672,19449,1107,596,53,109,1,-1,-1,-1
672,19487,1729,412,62,72,1,-1,-1,-1
672,19497,1225,576,51,95,1,-1,-1,-1
672,19509,792,627,64,107,1,-1,-1,-1
672,19516,531,652,66,103,1,-1,-1,-1
672,19517,708,495,58,76,1,-1,-1,-1
672,19515,483,503,59,84,1,-1,-1,-1
672,19525,255,384,68,69,1,-1,-1,-1
672,19526,443,733,51,112,1,-1,-1,-1
672,19527,53,482,43,103,1,-1,-1,-1
672,19528,90,249,48,60,1,-1,-1,-1
673,19356,1435,514,38,81,1,-1,-1,-1
673,19385,1229,713,55,111,1,-1,-1,-1
673,19425,1215,326,42,56,1,-1,-1,-1
673,19429,1245,503,42,80,1,-1,-1,-1
673,19449,1124,595,54,109,1,-1,-1,-1
673,19487,1744,411,64,74,1,-1,-1,-1
673,19497,1239,575,51,95,1,-1,-1,-1
673,19509,802,626,63,107,1,-1,-1,-1
673,19516,543,650,66,103,1,-1,-1,-1
673,19517,720,494,58,77,1,-1,-1,-1
673,19515,498,502,59,85,1,-1,-1,-1
673,19525,266,383,68,69,1,-1,-1,-1
673,19526,458,729,50,112,1,-1,-1,-1
673,19527,75,483,42,101,1,-1,-1,-1
673,19528,108,249,48,60,1,-1,-1,-1
674,19356,1452,514,39,81,1,-1,-1,-1
674,19385,1246,713,54,111,1,-1,-1,-1
674,19425,1228,325,43,58,1,-1,-1,-1
674,19429,1262,503,43,80,1,-1,-1,-1
674,19449,1141,593,54,109,1,-1,-1,-1
674,19487,1758,411,66,76,1,-1,-1,-1
674,19497,1252,574,52,95,1,-1,-1,-1
674,19509,812,625,63,107,1,-1,-1,-1
674,19516,554,649,66,102,1,-1,-1,-1
674,19517,733,493,57,77,1,-1,-1,-1
674,19515,513,502,59,85,1,-1,-1,-1
674,19525,277,381,69,71,1,-1,-1,-1
674,19526,472,725,51,112,1,-1,-1,-1
674,19527,96,484,42,98,1,-1,-1,-1
674,19528,126,248,48,60,1,-1,-1,-1
675,19356,1470,515,40,81,1,-1,-1,-1
675,19385,1262,712,55,111,1,-1,-1,-1
675,19425,1240,325,45,59,1,-1,-1,-1
675,19429,1279,502,43,80,1,-1,-1,-1
675,19449,1159,592,53,109,1,-1,-1,-1
675,19487,1773,410,67,78,1,-1,-1,-1
675,19497,1266,573,52,95,1,-1,-1,-1
675,19509,828,624,63,107,1,-1,-1,-1
675,19516,566,648,65,101,1,-1,-1,-1
675,19517,752,491,58,77,1,-1,-1,-1
675,19515,527,501,59,85,1,-1,-1,-1
675,19525,289,380,69,73,1,-1,-1,-1
675,19526,497,719,50,112,1,-1,-1,-1
675,19527,126,486,40,94,1,-1,-1,-1
675,19528,152,246,48,60,1,-1,-1,-1
676,19356,1490,515,40,81,1,-1,-1,-1
676,19385,1282,712,54,111,1,-1,-1,-1
676,19425,1255,324,46,60,1,-1,-1,-1
676,19429,1298,502,44,80,1,-1,-1,-1
676,19449,1178,590,54,109,1,-1,-1,-1
676,19487,1790,410,68,79,1,-1,-1,-1
676,19497,1281,573,52,95,1,-1,-1,-1
676,19509,842,623,62,107,1,-1,-1,-1
676,19516,578,646,66,101,1,-1,-1,-1
676,19517,767,489,58,77,1,-1,-1,-1
676,19515,543,500,60,85,1,-1,-1,-1
676,19525,303,379,69,74,1,-1,-1,-1
676,19526,517,714,50,112,1,-1,-1,-1
676,19527,150,485,40,92,1,-1,-1,-1
676,19528,165,245,48,60,1,-1,-1,-1
676,19529,0,508,44,93,1,-1,-1,-1
677,19356,1505,516,41,81,1,-1,-1,-1
677,19385,1295,711,55,111,1,-1,-1,-1
677,19425,1266,324,47,60,1,-1,-1,-1
677,19429,1313,502,45,80,1,-1,-1,-1
677,19449,1193,590,55,109,1,-1,-1,-1
677,19487,1800,410,68,80,1,-1,-1,-1
677,19497,1293,573,52,95,1,-1,-1,-1
677,19509,850,623,63,107,1,-1,-1,-1
677,19516,587,645,66,101,1,-1,-1,-1
677,19517,777,489,58,77,1,-1,-1,-1
677,19515,553,500,60,85,1,-1,-1,-1
677,19525,312,378,69,75,1,-1,-1,-1
677,19526,531,712,50,111,1,-1,-1,-1
677,19527,167,484,40,92,1,-1,-1,-1
677,19528,180,245,48,60,1,-1,-1,-1
677,19529,14,507,44,93,1,-1,-1,-1
678,19356,1519,517,42,81,1,-1,-1,-1
678,19385,1307,711,55,111,1,-1,-1,-1
678,19425,1279,325,47,60,1,-1,-1,-1
678,19429,1329,502,44,80,1,-1,-1,-1
678,19449,1209,590,54,109,1,-1,-1,-1
678,19487,1810,410,68,80,1,-1,-1,-1
678,19497,1305,573,52,95,1,-1,-1,-1
678,19509,858,623,62,107,1,-1,-1,-1
678,19516,595,644,67,101,1,-1,-1,-1
678,19517,786,489,59,77,1,-1,-1,-1
678,19515,563,500,60,85,1,-1,-1,-1
678,19525,322,378,67,75,1,-1,-1,-1
678,19526,545,709,50,112,1,-1,-1,-1
678,19527,184,484,40,90,1,-1,-1,-1
678,19528,198,245,47,60,1,-1,-1,-1
678,19529,33,505,44,93,1,-1,-1,-1
679,19356,1533,519,43,81,1,-1,-1,-1
679,19385,1320,710,55,111,1,-1,-1,-1
679,19425,1292,325,47,60,1,-1,-1,-1
679,19429,1344,502,45,80,1,-1,-1,-1
679,19449,1225,591,55,108,1,-1,-1,-1
679,19487,1819,411,68,80,1,-1,-1,-1
679,19497,1317,573,53,95,1,-1,-1,-1
679,19509,865,622,62,107,1,-1,-1,-1
679,19516,603,644,67,101,1,-1,-1,-1
679,19517,796,488,58,77,1,-1,-1,-1
679,19515,571,500,61,85,1,-1,-1,-1
679,19525,332,379,66,75,1,-1,-1,-1
679,19526,558,706,50,112,1,-1,-1,-1
679,19527,200,484,41,88,1,-1,-1,-1
679,19528,216,244,47,60,1,-1,-1,-1
679,19529,51,504,44,93,1,-1,-1,-1
680,19356,1547,520,44,81,1,-1,-1,-1
680,19385,1332,710,55,111,1,-1,-1,-1
680,19425,1304,325,49,60,1,-1,-1,-1
680,19429,1360,502,45,80,1,-1,-1,-1
680,19449,1241,591,55,109,1,-1,-1,-1
680,19487,1827,412,68,80,1,-1,-1,-1
680,19497,1330,573,52,95,1,-1,-1,-1
680,19509,872,622,62,107,1,-1,-1,-1
680,19516,611,643,68,101,1,-1,-1,-1
680,19517,805,488,58,77,1,-1,-1,-1
680,19515,579,499,61,85,1,-1,-1,-1
680,19525,342,379,64,75,1,-1,-1,-1
680,19526,572,704,50,112,1,-1,-1,-1
680,19527,217,484,41,87,1,-1,-1,-1
680,19528,233,243,46,60,1,-1,-1,-1
680,19529,70,503,44,93,1,-1,-1,-1
681,19356,1562,521,44,81,1,-1,-1,-1
681,19385,1344,709,55,111,1,-1,-1,-1
681,19425,1318,326,48,60,1,-1,-1,-1
681,19429,1376,502,45,80,1,-1,-1,-1
681,19449,1257,591,55,109,1,-1,-1,-1
681,19487,1836,412,68,81,1,-1,-1,-1
681,19497,1342,573,51,95,1,-1,-1,-1
681,19509,878,622,63,107,1,-1,-1,-1
681,19516,620,643,68,101,1,-1,-1,-1
681,19517,814,488,58,77,1,-1,-1,-1
681,19515,588,499,60,85,1,-1,-1,-1
681,19525,351,380,64,75,1,-1,-1,-1
681,19526,586,701,49,112,1,-1,-1,-1
681,19527,234,484,41,86,1,-1,-1,-1
681,19528,251,243,46,60,1,-1,-1,-1
681,19529,88,501,44,93,1,-1,-1,-1
682,19356,1578,522,45,81,1,-1,-1,-1
682,19385,1358,709,55,111,1,-1,-1,-1
682,19425,1333,326,49,60,1,-1,-1,-1
682,19429,1394,503,46,80,1,-1,-1,-1
682,19449,1276,592,55,109,1,-1,-1,-1
682,19487,1846,413,68,80,1,-1,-1,-1
682,19497,1356,573,51,95,1,-1,-1,-1
682,19509,887,621,62,107,1,-1,-1,-1
682,19516,630,642,68,101,1,-1,-1,-1
682,19517,824,487,59,77,1,-1,-1,-1
682,19515,598,498,60,85,1,-1,-1,-1
682,19525,362,380,62,75,1,-1,-1,-1
682,19526,601,698,50,112,1,-1,-1,-1
682,19527,252,484,43,84,1,-1,-1,-1
682,19528,273,242,45,60,1,-1,-1,-1
682,19529,108,500,44,93,1,-1,-1,-1
683,19356,1590,523,46,81,1,-1,-1,-1
683,19385,1370,709,55,111,1,-1,-1,-1
683,19425,1343,327,49,60,1,-1,-1,-1
683,19429,1407,504,46,80,1,-1,-1,-1
683,19449,1289,592,55,109,1,-1,-1,-1
683,19487,1855,414,66,80,1,-1,-1,-1
683,19497,1366,573,51,95,1,-1,-1,-1
683,19509,894,622,62,107,1,-1,-1,-1
683,19516,638,641,67,100,1,-1,-1,-1
683,19517,832,488,58,77,1,-1,-1,-1
683,19515,606,499,60,85,1,-1,-1,-1
683,19525,369,380,61,75,1,-1,-1,-1
683,19526,613,696,50,110,1,-1,-1,-1
683,19527,265,484,43,84,1,-1,-1,-1
683,19528,287,242,43,60,1,-1,-1,-1
683,19529,122,500,44,93,1,-1,-1,-1
683,19530,36,561,58,89,1,-1,-1,-1
684,19356,1602,524,46,81,1,-1,-1,-1
684,19385,1383,710,55,111,1,-1,-1,-1
684,19425,1354,328,50,60,1,-1,-1,-1
684,19429,1420,505,46,80,1,-1,-1,-1
684,19449,1303,592,55,109,1,-1,-1,-1
684,19487,1870,415,63,80,1,-1,-1,-1
684,19497,1377,573,51,95,1,-1,-1,-1
684,19509,903,623,62,107,1,-1,-1,-1
684,19516,646,640,66,97,1,-1,-1,-1
684,19517,840,488,58,77,1,-1,-1,-1
684,19515,615,499,60,85,1,-1,-1,-1
684,19525,375,380,60,75,1,-1,-1,-1
684,19526,627,694,48,109,1,-1,-1,-1
684,19527,276,484,44,85,1,-1,-1,-1
684,19528,299,243,43,60,1,-1,-1,-1
684,19529,137,501,44,93,1,-1,-1,-1
684,19530,46,559,58,89,1,-1,-1,-1
685,19356,1614,525,46,81,1,-1,-1,-1
685,19385,1397,711,55,111,1,-1,-1,-1
685,19425,1365,328,50,60,1,-1,-1,-1
685,19429,1433,506,46,80,1,-1,-1,-1
685,19449,1317,592,55,109,1,-1,-1,-1
685,19487,1875,415,61,81,1,-1,-1,-1
685,19497,1387,573,50,95,1,-1,-1,-1
685,19509,914,624,61,107,1,-1,-1,-1
685,19516,655,639,63,95,1,-1,-1,-1
685,19517,848,489,58,77,1,-1,-1,-1
685,19515,625,499,59,85,1,-1,-1,-1
685,19525,382,380,59,75,1,-1,-1,-1
685,19526,640,691,48,107,1,-1,-1,-1
685,19527,288,484,44,85,1,-1,-1,-1
685,19528,311,243,42,60,1,-1,-1,-1
685,19529,151,502,44,93,1,-1,-1,-1
685,19530,58,557,58,89,1,-1,-1,-1
686,19356,1626,526,47,81,1,-1,-1,-1
686,19385,1412,713,55,111,1,-1,-1,-1
686,19425,1376,329,50,60,1,-1,-1,-1
686,19429,1446,507,46,80,1,-1,-1,-1
686,19449,1330,592,56,109,1,-1,-1,-1
686,19497,1397,573,50,95,1,-1,-1,-1
686,19509,923,624,61,107,1,-1,-1,-1
686,19516,664,638,61,92,1,-1,-1,-1
686,19517,856,490,59,77,1,-1,-1,-1
686,19515,635,499,58,85,1,-1,-1,-1
686,19525,388,379,59,75,1,-1,-1,-1
686,19526,654,688,46,104,1,-1,-1,-1
686,19527,300,485,44,84,1,-1,-1,-1
686,19528,324,244,41,60,1,-1,-1,-1
686,19529,165,503,44,93,1,-1,-1,-1
686,19530,71,555,58,89,1,-1,-1,-1
687,19356,1638,527,47,81,1,-1,-1,-1
687,19385,1426,714,55,111,1,-1,-1,-1
687,19425,1387,329,50,60,1,-1,-1,-1
687,19429,1459,508,46,80,1,-1,-1,-1
687,19449,1343,592,56,109,1,-1,-1,-1
687,19497,1408,573,50,95,1,-1,-1,-1
687,19509,933,625,60,107,1,-1,-1,-1
687,19516,674,637,58,90,1,-1,-1,-1
687,19517,864,490,59,77,1,-1,-1,-1
687,19515,645,499,57,85,1,-1,-1,-1
687,19525,395,379,57,75,1,-1,-1,-1
687,19526,667,686,46,102,1,-1,-1,-1
687,19527,312,485,44,84,1,-1,-1,-1
687,19528,337,245,40,60,1,-1,-1,-1
687,19529,179,504,44,93,1,-1,-1,-1
687,19530,83,553,58,89,1,-1,-1,-1
688,19356,1654,528,47,81,1,-1,-1,-1
688,19385,1443,715,55,111,1,-1,-1,-1
688,19425,1400,330,50,60,1,-1,-1,-1
688,19429,1475,510,47,80,1,-1,-1,-1
688,19449,1361,592,55,109,1,-1,-1,-1
688,19497,1420,573,50,95,1,-1,-1,-1
688,19509,946,627,59,107,1,-1,-1,-1
688,19516,686,636,54,86,1,-1,-1,-1
688,19517,875,491,59,77,1,-1,-1,-1
688,19515,658,500,55,85,1,-1,-1,-1
688,19525,403,379,56,75,1,-1,-1,-1
688,19526,684,683,44,99,1,-1,-1,-1
688,19527,328,485,44,85,1,-1,-1,-1
688,19528,349,245,39,60,1,-1,-1,-1
688,19529,198,506,44,93,1,-1,-1,-1
688,19530,99,550,58,89,1,-1,-1,-1
689,19356,1663,529,47,81,1,-1,-1,-1
689,19385,1453,715,55,111,1,-1,-1,-1
689,19425,1409,331,51,61,1,-1,-1,-1
689,19429,1486,510,47,80,1,-1,-1,-1
689,19449,1372,592,55,109,1,-1,-1,-1
689,19497,1429,573,49,95,1,-1,-1,-1
689,19509,953,627,58,107,1,-1,-1,-1
689,19516,691,635,54,87,1,-1,-1,-1
689,19517,881,492,59,77,1,-1,-1,-1
689,19515,667,500,53,85,1,-1,-1,-1
689,19525,408,379,55,75,1,-1,-1,-1
689,19526,695,681,43,98,1,-1,-1,-1
689,19527,337,485,44,85,1,-1,-1,-1
689,19528,361,246,39,60,1,-1,-1,-1
689,19529,209,506,44,93,1,-1,-1,-1
689,19530,107,549,58,89,1,-1,-1,-1
689,19531,5,552,39,93,1,-1,-1,-1
689,19532,4,738,66,116,1,-1,-1,-1
690,19356,1672,529,47,81,1,-1,-1,-1
690,19385,1463,716,55,111,1,-1,-1,-1
690,19425,1418,331,52,63,1,-1,-1,-1
690,19429,1496,511,47,80,1,-1,-1,-1
690,19449,1382,592,56,109,1,-1,-1,-1
690,19497,1438,573,50,95,1,-1,-1,-1
690,19509,959,626,57,107,1,-1,-1,-1
690,19516,695,634,54,90,1,-1,-1,-1
690,19517,888,492,58,77,1,-1,-1,-1
690,19515,675,499,52,85,1,-1,-1,-1
690,19525,414,379,54,75,1,-1,-1,-1
690,19526,705,679,43,98,1,-1,-1,-1
690,19527,348,486,44,85,1,-1,-1,-1
690,19528,374,247,38,60,1,-1,-1,-1
690,19529,222,506,44,93,1,-1,-1,-1
690,19530,115,548,58,89,1,-1,-1,-1
690,19531,11,551,39,93,1,-1,-1,-1
690,19532,10,737,66,115,1,-1,-1,-1
691,19356,1680,529,48,81,1,-1,-1,-1
691,19385,1472,716,55,111,1,-1,-1,-1
691,19425,1428,332,52,64,1,-1,-1,-1
691,19429,1507,511,47,80,1,-1,-1,-1
691,19449,1394,592,55,109,1,-1,-1,-1
691,19497,1448,573,49,95,1,-1,-1,-1
691,19509,964,625,57,107,1,-1,-1,-1
691,19516,699,633,56,94,1,-1,-1,-1
691,19517,894,492,59,77,1,-1,-1,-1
691,19515,683,499,51,85,1,-1,-1,-1
691,19525,421,379,53,75,1,-1,-1,-1
691,19526,715,677,43,98,1,-1,-1,-1
691,19527,359,486,43,85,1,-1,-1,-1
691,19528,386,247,38,60,1,-1,-1,-1
691,19529,235,507,44,93,1,-1,-1,-1
691,19530,124,548,57,89,1,-1,-1,-1
691,19531,20,550,39,93,1,-1,-1,-1
691,19532,18,736,65,114,1,-1,-1,-1
692,19356,1689,529,48,81,1,-1,-1,-1
692,19385,1481,716,55,111,1,-1,-1,-1
692,19425,1438,333,53,65,1,-1,-1,-1
692,19429,1518,512,47,80,1,-1,-1,-1
692,19449,1405,591,55,109,1,-1,-1,-1
692,19497,1457,572,49,95,1,-1,-1,-1
692,19509,970,625,56,107,1,-1,-1,-1
692,19516,703,632,57,98,1,-1,-1,-1
692,19517,900,493,59,77,1,-1,-1,-1
692,19515,692,498,50,85,1,-1,-1,-1
692,19525,428,379,52,75,1,-1,-1,-1
692,19526,725,675,43,98,1,-1,-1,-1
692,19527,371,487,42,85,1,-1,-1,-1
692,19528,398,248,38,60,1,-1,-1,-1
692,19529,249,507,44,93,1,-1,-1,-1
692,19530,133,548,56,89,1,-1,-1,-1
692,19531,29,548,39,93,1,-1,-1,-1
692,19532,26,735,64,113,1,-1,-1,-1
693,19356,1698,529,48,81,1,-1,-1,-1
693,19385,1491,715,54,111,1,-1,-1,-1
693,19425,1448,334,53,67,1,-1,-1,-1
693,19429,1529,512,47,80,1,-1,-1,-1
693,19449,1416,591,56,109,1,-1,-1,-1
693,19497,1467,572,49,95,1,-1,-1,-1
693,19509,976,624,55,107,1,-1,-1,-1
693,19516,706,631,58,102,1,-1,-1,-1
693,19517,907,493,59,77,1,-1,-1,-1
693,19515,701,498,49,85,1,-1,-1,-1
693,19525,435,379,51,75,1,-1,-1,-1
693,19526,736,673,43,98,1,-1,-1,-1
693,19527,382,488,42,85,1,-1,-1,-1
693,19528,410,249,37,60,1,-1,-1,-1
693,19529,262,507,44,93,1,-1,-1,-1
693,19530,142,547,55,89,1,-1,-1,-1
693,19531,38,547,39,93,1,-1,-1,-1
693,19532,34,735,62,111,1,-1,-1,-1
694,19356,1713,529,48,81,1,-1,-1,-1
694,19385,1506,715,55,111,1,-1,-1,-1
694,19425,1465,335,53,69,1,-1,-1,-1
694,19429,1547,513,48,80,1,-1,-1,-1
694,19449,1434,590,56,109,1,-1,-1,-1
694,19497,1483,571,49,95,1,-1,-1,-1
694,19509,985,622,55,107,1,-1,-1,-1
694,19516,712,629,61,109,1,-1,-1,-1
694,19517,918,494,59,77,1,-1,-1,-1
694,19515,714,497,50,85,1,-1,-1,-1
694,19525,445,379,51,75,1,-1,-1,-1
694,19526,752,671,44,97,1,-1,-1,-1
694,19527,401,490,42,85,1,-1,-1,-1
694,19528,430,250,37,60,1,-1,-1,-1
694,19529,284,507,44,93,1,-1,-1,-1
694,19530,157,547,53,89,1,-1,-1,-1
694,19531,52,545,39,93,1,-1,-1,-1
694,19532,46,733,62,109,1,-1,-1,-1
695,19356,1718,529,49,81,1,-1,-1,-1
695,19385,1511,715,55,111,1,-1,-1,-1
695,19425,1472,336,52,70,1,-1,-1,-1
695,19429,1554,513,47,80,1,-1,-1,-1
695,19449,1441,590,55,109,1,-1,-1,-1
695,19497,1489,570,49,95,1,-1,-1,-1
695,19509,988,622,55,107,1,-1,-1,-1
695,19516,714,628,63,112,1,-1,-1,-1
695,19517,922,494,59,77,1,-1,-1,-1
695,19515,719,496,50,85,1,-1,-1,-1
695,19525,449,379,50,75,1,-1,-1,-1
695,19526,759,669,43,98,1,-1,-1,-1
695,19527,408,490,42,85,1,-1,-1,-1
695,19528,438,251,37,60,1,-1,-1,-1
695,19529,293,507,44,93,1,-1,-1,-1
695,19530,163,547,51,89,1,-1,-1,-1
695,19531,57,544,39,93,1,-1,-1,-1
695,19532,51,732,60,109,1,-1,-1,-1
696,19356,1726,530,49,82,1,-1,-1,-1
696,19385,1519,715,55,111,1,-1,-1,-1
696,19425,1480,336,52,71,1,-1,-1,-1
696,19429,1562,513,48,81,1,-1,-1,-1
696,19449,1450,590,56,109,1,-1,-1,-1
696,19497,1497,571,49,95,1,-1,-1,-1
696,19509,993,621,54,107,1,-1,-1,-1
696,19516,718,627,63,114,1,-1,-1,-1
696,19517,927,494,59,78,1,-1,-1,-1
696,19515,725,496,50,85,1,-1,-1,-1
696,19525,454,379,50,75,1,-1,-1,-1
696,19526,768,667,43,98,1,-1,-1,-1
696,19527,416,491,41,85,1,-1,-1,-1
696,19528,448,249,36,60,1,-1,-1,-1
696,19529,305,507,44,93,1,-1,-1,-1
696,19530,173,546,49,88,1,-1,-1,-1
696,19531,65,542,39,93,1,-1,-1,-1
696,19532,58,730,60,108,1,-1,-1,-1
697,19356,1735,531,49,83,1,-1,-1,-1
697,19385,1529,715,55,111,1,-1,-1,-1
697,19425,1489,337,51,71,1,-1,-1,-1
697,19429,1571,513,49,83,1,-1,-1,-1
697,19449,1460,589,56,109,1,-1,-1,-1
697,19497,1505,572,49,95,1,-1,-1,-1
697,19509,999,621,53,107,1,-1,-1,-1
697,19516,724,627,62,114,1,-1,-1,-1
697,19517,932,493,61,79,1,-1,-1,-1
697,19515,731,496,50,85,1,-1,-1,-1
697,19525,459,380,50,75,1,-1,-1,-1
697,19526,778,665,43,98,1,-1,-1,-1
697,19527,425,492,41,85,1,-1,-1,-1
697,19528,458,248,36,60,1,-1,-1,-1
697,19529,318,507,44,93,1,-1,-1,-1
697,19530,184,545,48,88,1,-1,-1,-1
697,19531,74,540,39,93,1,-1,-1,-1
697,19532,68,728,59,107,1,-1,-1,-1
698,19356,1745,533,50,83,1,-1,-1,-1
698,19385,1538,715,55,111,1,-1,-1,-1
698,19425,1499,338,50,71,1,-1,-1,-1
698,19429,1581,514,49,84,1,-1,-1,-1
698,19449,1471,589,55,109,1,-1,-1,-1
698,19497,1514,573,49,95,1,-1,-1,-1
698,19509,1004,621,53,107,1,-1,-1,-1
698,19516,730,626,62,114,1,-1,-1,-1
698,19517,938,492,61,80,1,-1,-1,-1
698,19515,738,496,50,85,1,-1,-1,-1
698,19525,465,381,49,75,1,-1,-1,-1
698,19526,789,662,43,98,1,-1,-1,-1
698,19527,433,492,41,85,1,-1,-1,-1
698,19528,469,246,35,60,1,-1,-1,-1
698,19529,332,507,44,93,1,-1,-1,-1
698,19530,196,543,47,87,1,-1,-1,-1
698,19531,83,538,39,93,1,-1,-1,-1
698,19532,77,725,59,107,1,-1,-1,-1
699,19356,1755,535,50,84,1,-1,-1,-1
699,19385,1548,715,55,111,1,-1,-1,-1
699,19425,1509,339,48,71,1,-1,-1,-1
699,19429,1590,514,51,86,1,-1,-1,-1
699,19449,1481,588,56,109,1,-1,-1,-1
699,19497,1523,574,49,95,1,-1,-1,-1
699,19509,1010,621,52,107,1,-1,-1,-1
699,19516,737,626,61,114,1,-1,-1,-1
699,19517,944,491,62,82,1,-1,-1,-1
699,19515,744,496,50,85,1,-1,-1,-1
699,19525,471,382,49,75,1,-1,-1,-1
699,19526,801,659,42,99,1,-1,-1,-1
699,19527,441,493,41,85,1,-1,-1,-1
699,19528,480,244,35,60,1,-1,-1,-1
699,19529,346,507,44,93,1,-1,-1,-1
699,19530,207,541,46,86,1,-1,-1,-1
699,19531,93,536,39,93,1,-1,-1,-1
699,19532,86,723,59,106,1,-1,-1,-1
700,19356,1769,537,51,85,1,-1,-1,-1
700,19385,1563,715,55,111,1,-1,-1,-1
700,19425,1523,340,48,71,1,-1,-1,-1
700,19429,1604,514,52,89,1,-1,-1,-1
700,19449,1498,587,55,109,1,-1,-1,-1
700,19497,1536,575,49,95,1,-1,-1,-1
700,19509,1019,621,51,107,1,-1,-1,-1
700,19516,746,625,61,114,1,-1,-1,-1
700,19517,952,489,64,85,1,-1,-1,-1
700,19515,754,496,50,85,1,-1,-1,-1
700,19525,479,383,50,75,1,-1,-1,-1
700,19526,817,655,42,99,1,-1,-1,-1
700,19527,455,495,40,85,1,-1,-1,-1
700,19528,496,242,34,60,1,-1,-1,-1
700,19529,366,507,44,93,1,-1,-1,-1
700,19530,224,539,46,85,1,-1,-1,-1
700,19531,107,533,39,93,1,-1,-1,-1
700,19532,100,719,58,105,1,-1,-1,-1
701,19356,1775,538,52,86,1,-1,-1,-1
701,19385,1570,716,55,111,1,-1,-1,-1
701,19425,1530,341,47,71,1,-1,-1,-1
701,19429,1610,515,53,89,1,-1,-1,-1
701,19449,1505,586,55,109,1,-1,-1,-1
701,19497,1542,575,48,95,1,-1,-1,-1
701,19509,1022,621,51,107,1,-1,-1,-1
701,19516,751,624,60,114,1,-1,-1,-1
701,19517,956,489,64,85,1,-1,-1,-1
701,19515,758,496,50,85,1,-1,-1,-1
701,19525,483,383,50,75,1,-1,-1,-1
701,19526,825,653,41,99,1,-1,-1,-1
701,19527,460,496,40,84,1,-1,-1,-1
701,19528,503,242,34,60,1,-1,-1,-1
701,19529,375,507,44,93,1,-1,-1,-1
701,19530,230,538,47,85,1,-1,-1,-1
701,19531,113,531,39,93,1,-1,-1,-1
701,19532,106,717,58,105,1,-1,-1,-1
702,19356,1782,539,51,87,1,-1,-1,-1
702,19385,1577,716,55,111,1,-1,-1,-1
702,19425,1537,342,46,71,1,-1,-1,-1
702,19429,1618,515,53,91,1,-1,-1,-1
702,19449,1513,587,56,109,1,-1,-1,-1
702,19497,1547,576,49,95,1,-1,-1,-1
702,19509,1026,621,50,107,1,-1,-1,-1
702,19516,757,624,60,113,1,-1,-1,-1
702,19517,960,488,63,87,1,-1,-1,-1
702,19515,762,496,50,85,1,-1,-1,-1
702,19525,485,384,50,75,1,-1,-1,-1
702,19526,832,652,41,99,1,-1,-1,-1
702,19527,467,496,40,85,1,-1,-1,-1
702,19528,510,241,33,60,1,-1,-1,-1
702,19529,386,507,44,93,1,-1,-1,-1
702,19530,236,536,46,85,1,-1,-1,-1
702,19531,118,530,39,93,1,-1,-1,-1
702,19532,112,715,59,104,1,-1,-1,-1
703,19356,1789,540,51,87,1,-1,-1,-1
703,19385,1583,716,55,111,1,-1,-1,-1
703,19425,1545,344,45,70,1,-1,-1,-1
703,19429,1628,516,52,91,1,-1,-1,-1
703,19449,1523,587,56,109,1,-1,-1,-1
703,19497,1553,575,48,95,1,-1,-1,-1
703,19509,1030,621,49,107,1,-1,-1,-1
703,19516,764,623,59,113,1,-1,-1,-1
703,19517,963,488,63,87,1,-1,-1,-1
703,19515,766,495,50,85,1,-1,-1,-1
703,19525,487,384,50,75,1,-1,-1,-1
703,19526,840,650,41,99,1,-1,-1,-1
703,19527,473,497,41,85,1,-1,-1,-1
703,19528,517,240,33,60,1,-1,-1,-1
703,19529,398,508,44,93,1,-1,-1,-1
703,19530,240,534,47,85,1,-1,-1,-1
703,19531,123,529,39,93,1,-1,-1,-1
703,19532,118,713,59,104,1,-1,-1,-1
704,19356,1796,541,51,87,1,-1,-1,-1
704,19385,1590,716,55,111,1,-1,-1,-1
704,19425,1552,345,45,70,1,-1,-1,-1
704,19429,1637,517,52,91,1,-1,-1,-1
704,19449,1532,587,56,109,1,-1,-1,-1
704,19497,1558,575,48,95,1,-1,-1,-1
704,19509,1034,621,48,107,1,-1,-1,-1
704,19516,771,622,59,113,1,-1,-1,-1
704,19517,967,488,63,87,1,-1,-1,-1
704,19515,770,494,50,85,1,-1,-1,-1
704,19525,489,384,51,75,1,-1,-1,-1
704,19526,848,648,40,99,1,-1,-1,-1
704,19527,480,498,41,85,1,-1,-1,-1
704,19528,525,240,32,60,1,-1,-1,-1
704,19529,410,508,44,93,1,-1,-1,-1
704,19530,246,532,47,85,1,-1,-1,-1
704,19531,128,527,39,93,1,-1,-1,-1
704,19532,124,711,60,104,1,-1,-1,-1
705,19356,1802,542,51,87,1,-1,-1,-1
705,19385,1598,717,55,111,1,-1,-1,-1
705,19425,1560,347,44,70,1,-1,-1,-1
705,19429,1646,518,51,91,1,-1,-1,-1
705,19449,1542,588,56,109,1,-1,-1,-1
705,19497,1563,574,48,95,1,-1,-1,-1
705,19509,1038,621,48,107,1,-1,-1,-1
705,19516,778,621,59,113,1,-1,-1,-1
705,19517,971,488,63,87,1,-1,-1,-1
705,19515,775,493,50,85,1,-1,-1,-1
705,19525,491,385,51,75,1,-1,-1,-1
705,19526,856,646,40,99,1,-1,-1,-1
705,19527,487,499,40,85,1,-1,-1,-1
705,19528,532,239,32,60,1,-1,-1,-1
705,19529,422,509,44,93,1,-1,-1,-1
705,19530,251,530,47,85,1,-1,-1,-1
705,19531,134,526,39,93,1,-1,-1,-1
705,19532,130,709,60,104,1,-1,-1,-1
706,19356,1809,543,51,87,1,-1,-1,-1
706,19385,1605,717,55,111,1,-1,-1,-1
706,19425,1567,348,44,70,1,-1,-1,-1
706,19429,1655,519,51,91,1,-1,-1,-1
706,19449,1551,588,56,109,1,-1,-1,-1
706,19497,1569,574,48,95,1,-1,-1,-1
706,19509,1041,621,48,107,1,-1,-1,-1
706,19516,785,619,59,113,1,-1,-1,-1
706,19517,974,488,63,86,1,-1,-1,-1
706,19515,779,492,50,85,1,-1,-1,-1
706,19525,493,385,51,75,1,-1,-1,-1
706,19526,864,644,39,99,1,-1,-1,-1
706,19527,493,500,41,85,1,-1,-1,-1
706,19528,539,239,32,60,1,-1,-1,-1
706,19529,434,509,44,93,1,-1,-1,-1
706,19530,255,528,48,85,1,-1,-1,-1
706,19531,139,524,39,93,1,-1,-1,-1
706,19532,137,707,60,104,1,-1,-1,-1
707,19356,1819,545,51,86,1,-1,-1,-1
707,19385,1614,718,55,111,1,-1,-1,-1
707,19425,1578,350,43,70,1,-1,-1,-1
707,19429,1667,520,51,91,1,-1,-1,-1
707,19449,1564,588,56,109,1,-1,-1,-1
707,19497,1576,573,49,95,1,-1,-1,-1
707,19509,1047,621,47,107,1,-1,-1,-1
707,19516,795,618,58,113,1,-1,-1,-1
707,19517,980,487,61,87,1,-1,-1,-1
707,19515,785,491,50,85,1,-1,-1,-1
707,19525,496,385,51,75,1,-1,-1,-1
707,19526,875,642,39,99,1,-1,-1,-1
707,19527,503,501,41,85,1,-1,-1,-1
707,19528,548,238,32,60,1,-1,-1,-1
707,19529,451,510,44,93,1,-1,-1,-1
707,19530,262,524,48,85,1,-1,-1,-1
707,19531,146,523,39,93,1,-1,-1,-1
707,19532,145,703,60,105,1,-1,-1,-1
708,19356,1823,546,51,86,1,-1,-1,-1
708,19385,1620,719,55,111,1,-1,-1,-1
708,19425,1584,351,42,70,1,-1,-1,-1
708,19429,1673,521,52,90,1,-1,-1,-1
708,19449,1571,588,56,109,1,-1,-1,-1
708,19497,1580,573,48,95,1,-1,-1,-1
708,19509,1049,621,47,107,1,-1,-1,-1
708,19516,800,616,58,113,1,-1,-1,-1
708,19517,982,487,62,87,1,-1,-1,-1
708,19515,787,490,50,85,1,-1,-1,-1
708,19525,498,386,51,75,1,-1,-1,-1
708,19526,881,640,39,99,1,-1,-1,-1
708,19527,508,501,42,85,1,-1,-1,-1
708,19528,554,238,31,60,1,-1,-1,-1
708,19529,458,509,44,93,1,-1,-1,-1
708,19530,266,524,48,85,1,-1,-1,-1
708,19531,150,521,39,93,1,-1,-1,-1
708,19532,149,702,61,105,1,-1,-1,-1
709,19356,1829,547,51,86,1,-1,-1,-1
709,19385,1628,719,55,111,1,-1,-1,-1
709,19425,1589,351,43,70,1,-1,-1,-1
709,19429,1680,520,52,91,1,-1,-1,-1
709,19449,1579,588,55,109,1,-1,-1,-1
709,19497,1584,572,49,95,1,-1,-1,-1
709,19509,1053,620,47,107,1,-1,-1,-1
709,19516,805,614,57,113,1,-1,-1,-1
709,19517,983,488,62,86,1,-1,-1,-1
709,19515,789,490,50,85,1,-1,-1,-1
709,19525,499,386,52,75,1,-1,-1,-1
709,19526,888,638,38,99,1,-1,-1,-1
709,19527,514,500,43,86,1,-1,-1,-1
709,19528,559,238,31,60,1,-1,-1,-1
709,19529,467,506,44,93,1,-1,-1,-1
709,19530,269,524,48,85,1,-1,-1,-1
709,19531,154,521,40,93,1,-1,-1,-1
709,19532,153,700,61,105,1,-1,-1,-1
710,19356,1834,547,51,86,1,-1,-1,-1
710,19385,1637,719,55,111,1,-1,-1,-1
710,19425,1595,351,42,70,1,-1,-1,-1
710,19429,1688,520,52,91,1,-1,-1,-1
710,19449,1586,588,55,109,1,-1,-1,-1
710,19497,1588,571,49,95,1,-1,-1,-1
710,19509,1057,619,47,107,1,-1,-1,-1
710,19516,810,611,58,113,1,-1,-1,-1
710,19517,985,488,61,86,1,-1,-1,-1
710,19515,790,490,50,85,1,-1,-1,-1
710,19525,501,386,52,75,1,-1,-1,-1
710,19526,895,636,38,99,1,-1,-1,-1
710,19527,521,497,43,88,1,-1,-1,-1
710,19528,566,238,31,60,1,-1,-1,-1
710,19529,475,502,44,93,1,-1,-1,-1
710,19530,274,524,48,85,1,-1,-1,-1
710,19531,159,520,40,93,1,-1,-1,-1
710,19532,157,699,61,105,1,-1,-1,-1
711,19356,1839,548,51,86,1,-1,-1,-1
711,19385,1645,718,55,111,1,-1,-1,-1
711,19425,1602,351,42,70,1,-1,-1,-1
711,19429,1694,519,53,92,1,-1,-1,-1
711,19449,1594,588,54,109,1,-1,-1,-1
711,19497,1593,571,50,95,1,-1,-1,-1
711,19509,1060,617,47,107,1,-1,-1,-1
711,19516,815,608,58,113,1,-1,-1,-1
711,19517,985,489,61,86,1,-1,-1,-1
711,19515,792,491,50,85,1,-1,-1,-1
711,19525,503,387,52,75,1,-1,-1,-1
711,19526,902,634,38,98,1,-1,-1,-1
711,19527,528,494,44,89,1,-1,-1,-1
711,19528,572,238,31,60,1,-1,-1,-1
711,19529,483,498,44,93,1,-1,-1,-1
711,19530,278,525,48,85,1,-1,-1,-1
711,19531,163,519,41,93,1,-1,-1,-1
711,19532,161,697,61,105,1,-1,-1,-1
712,19356,1845,548,50,86,1,-1,-1,-1
712,19385,1654,718,55,111,1,-1,-1,-1
712,19425,1608,351,42,70,1,-1,-1,-1
712,19429,1701,518,54,93,1,-1,-1,-1
712,19449,1601,588,53,108,1,-1,-1,-1
712,19497,1597,570,51,96,1,-1,-1,-1
712,19509,1063,616,48,107,1,-1,-1,-1
712,19516,820,606,58,113,1,-1,-1,-1
712,19517,986,490,61,86,1,-1,-1,-1
712,19515,793,491,50,85,1,-1,-1,-1
712,19525,505,387,52,75,1,-1,-1,-1
712,19526,909,631,38,99,1,-1,-1,-1
712,19527,535,491,44,90,1,-1,-1,-1
712,19528,579,238,30,60,1,-1,-1,-1
712,19529,492,493,44,93,1,-1,-1,-1
712,19530,281,526,49,85,1,-1,-1,-1
712,19531,167,519,43,93,1,-1,-1,-1
712,19532,164,696,61,105,1,-1,-1,-1
713,19356,1853,549,50,86,1,-1,-1,-1
713,19385,1667,717,55,111,1,-1,-1,-1
713,19425,1617,351,41,70,1,-1,-1,-1
713,19429,1711,517,54,94,1,-1,-1,-1
713,19449,1613,588,50,107,1,-1,-1,-1
713,19497,1603,569,52,96,1,-1,-1,-1
713,19509,1068,613,49,107,1,-1,-1,-1
713,19516,827,602,58,113,1,-1,-1,-1
713,19517,987,491,61,86,1,-1,-1,-1
713,19515,796,491,50,85,1,-1,-1,-1
713,19525,507,387,52,75,1,-1,-1,-1
713,19526,920,628,37,99,1,-1,-1,-1
713,19527,545,487,46,92,1,-1,-1,-1
713,19528,587,238,31,60,1,-1,-1,-1
713,19529,504,487,44,93,1,-1,-1,-1
713,19530,288,527,49,85,1,-1,-1,-1
713,19531,174,518,43,93,1,-1,-1,-1
713,19532,169,694,62,105,1,-1,-1,-1
714,19356,1856,549,50,86,1,-1,-1,-1
714,19385,1673,717,55,111,1,-1,-1,-1
714,19425,1621,351,41,71,1,-1,-1,-1
714,19429,1716,517,55,94,1,-1,-1,-1
714,19449,1618,588,49,107,1,-1,-1,-1
714,19497,1605,568,54,96,1,-1,-1,-1
714,19509,1069,613,51,107,1,-1,-1,-1
714,19516,832,600,56,113,1,-1,-1,-1
714,19517,988,491,60,86,1,-1,-1,-1
714,19515,797,491,49,85,1,-1,-1,-1
714,19525,509,388,52,75,1,-1,-1,-1
714,19526,925,626,38,99,1,-1,-1,-1
714,19527,550,485,46,94,1,-1,-1,-1
714,19528,592,238,30,60,1,-1,-1,-1
714,19529,510,485,44,93,1,-1,-1,-1
714,19530,291,527,49,85,1,-1,-1,-1
714,19531,176,517,45,93,1,-1,-1,-1
714,19532,172,693,61,105,1,-1,-1,-1
715,19356,1858,549,51,86,1,-1,-1,-1
715,19385,1677,717,55,111,1,-1,-1,-1
715,19425,1626,353,40,70,1,-1,-1,-1
715,19429,1722,517,56,94,1,-1,-1,-1
715,19449,1624,588,48,106,1,-1,-1,-1
715,19497,1609,568,54,96,1,-1,-1,-1
715,19509,1071,613,51,107,1,-1,-1,-1
715,19516,838,598,56,111,1,-1,-1,-1
715,19517,989,492,59,86,1,-1,-1,-1
715,19515,799,491,49,85,1,-1,-1,-1
715,19525,510,388,52,75,1,-1,-1,-1
715,19526,931,624,37,99,1,-1,-1,-1
715,19527,556,483,46,95,1,-1,-1,-1
715,19528,597,238,30,60,1,-1,-1,-1
715,19529,517,484,45,94,1,-1,-1,-1
715,19530,296,526,49,85,1,-1,-1,-1
715,19531,178,516,47,93,1,-1,-1,-1
715,19532,174,693,62,105,1,-1,-1,-1
716,19356,1861,549,50,86,1,-1,-1,-1
716,19385,1681,718,55,111,1,-1,-1,-1
716,19425,1630,354,40,70,1,-1,-1,-1
716,19429,1728,517,57,94,1,-1,-1,-1
716,19449,1630,588,48,106,1,-1,-1,-1
716,19497,1614,567,53,96,1,-1,-1,-1
716,19509,1073,613,51,107,1,-1,-1,-1
716,19516,846,597,54,110,1,-1,-1,-1
716,19517,990,492,59,86,1,-1,-1,-1
716,19515,801,491,49,85,1,-1,-1,-1
716,19525,512,388,51,75,1,-1,-1,-1
716,19526,936,621,37,99,1,-1,-1,-1
716,19527,562,481,47,97,1,-1,-1,-1
716,19528,602,238,30,60,1,-1,-1,-1
716,19529,524,484,46,94,1,-1,-1,-1
716,19530,301,526,49,85,1,-1,-1,-1
716,19531,180,515,48,93,1,-1,-1,-1
716,19532,177,692,61,105,1,-1,-1,-1
717,19356,1863,549,50,86,1,-1,-1,-1
717,19385,1684,719,55,111,1,-1,-1,-1
717,19425,1634,356,40,70,1,-1,-1,-1
717,19429,1735,516,57,94,1,-1,-1,-1
717,19449,1636,588,48,106,1,-1,-1,-1
717,19497,1618,567,53,96,1,-1,-1,-1
717,19509,1074,614,52,107,1,-1,-1,-1
717,19516,853,595,54,108,1,-1,-1,-1
717,19517,992,492,57,86,1,-1,-1,-1
717,19515,805,491,48,85,1,-1,-1,-1
717,19525,514,388,50,75,1,-1,-1,-1
717,19526,942,618,37,99,1,-1,-1,-1
717,19527,568,479,48,99,1,-1,-1,-1
717,19528,607,238,30,60,1,-1,-1,-1
717,19529,532,484,47,95,1,-1,-1,-1
717,19530,307,526,49,85,1,-1,-1,-1
717,19531,181,514,49,93,1,-1,-1,-1
717,19532,179,692,62,105,1,-1,-1,-1
718,19356,1865,549,50,86,1,-1,-1,-1
718,19385,1687,720,55,111,1,-1,-1,-1
718,19425,1639,357,38,70,1,-1,-1,-1
718,19429,1742,516,57,94,1,-1,-1,-1
718,19449,1643,588,47,106,1,-1,-1,-1
718,19497,1623,567,53,96,1,-1,-1,-1
718,19509,1077,614,51,107,1,-1,-1,-1
718,19516,861,594,53,106,1,-1,-1,-1
718,19517,994,492,56,86,1,-1,-1,-1
718,19515,809,491,46,85,1,-1,-1,-1
718,19525,516,388,49,75,1,-1,-1,-1
718,19526,948,615,37,99,1,-1,-1,-1
718,19527,573,477,50,101,1,-1,-1,-1
718,19528,612,238,30,60,1,-1,-1,-1
718,19529,539,484,49,96,1,-1,-1,-1
718,19530,312,525,49,85,1,-1,-1,-1
718,19531,183,513,50,93,1,-1,-1,-1
718,19532,182,691,62,105,1,-1,-1,-1
719,19356,1869,549,50,86,1,-1,-1,-1
719,19385,1693,721,55,111,1,-1,-1,-1
719,19425,1646,360,37,70,1,-1,-1,-1
719,19429,1752,515,58,94,1,-1,-1,-1
719,19449,1652,588,49,106,1,-1,-1,-1
719,19497,1630,567,51,96,1,-1,-1,-1
719,19509,1080,615,50,107,1,-1,-1,-1
719,19516,874,592,50,104,1,-1,-1,-1
719,19517,996,492,55,86,1,-1,-1,-1
719,19515,813,490,45,85,1,-1,-1,-1
719,19525,519,389,48,75,1,-1,-1,-1
719,19526,956,610,37,99,1,-1,-1,-1
719,19527,582,474,52,105,1,-1,-1,-1
719,19528,620,237,31,60,1,-1,-1,-1
719,19529,551,485,51,96,1,-1,-1,-1
719,19530,321,524,49,85,1,-1,-1,-1
719,19531,186,511,51,93,1,-1,-1,-1
719,19532,186,691,62,105,1,-1,-1,-1
719,19535,633,411,23,17,1,-1,-1,-1
720,19356,1870,549,51,86,1,-1,-1,-1
720,19385,1696,722,55,111,1,-1,-1,-1
720,19425,1649,361,36,70,1,-1,-1,-1
720,19429,1756,515,58,94,1,-1,-1,-1
720,19449,1654,588,49,106,1,-1,-1,-1
720,19497,1632,567,50,96,1,-1,-1,-1
720,19509,1081,615,49,107,1,-1,-1,-1
720,19516,878,591,50,103,1,-1,-1,-1
720,19517,997,491,53,86,1,-1,-1,-1
720,19515,815,490,43,85,1,-1,-1,-1
720,19525,521,389,46,75,1,-1,-1,-1
720,19526,960,609,37,99,1,-1,-1,-1
720,19527,586,473,53,106,1,-1,-1,-1
720,19528,622,236,32,60,1,-1,-1,-1
720,19529,555,486,52,96,1,-1,-1,-1
720,19530,324,523,50,85,1,-1,-1,-1
720,19531,188,510,51,93,1,-1,-1,-1
720,19532,187,690,63,105,1,-1,-1,-1
721,19356,1871,551,50,86,1,-1,-1,-1
721,19385,1700,722,55,111,1,-1,-1,-1
721,19425,1652,361,36,70,1,-1,-1,-1
721,19429,1757,516,58,94,1,-1,-1,-1
721,19449,1652,588,49,106,1,-1,-1,-1
721,19497,1630,567,49,95,1,-1,-1,-1
721,19509,1078,615,49,107,1,-1,-1,-1
721,19516,884,590,49,103,1,-1,-1,-1
721,19517,996,491,51,86,1,-1,-1,-1
721,19515,815,491,41,83,1,-1,-1,-1
721,19525,522,389,44,75,1,-1,-1,-1
721,19526,964,608,36,98,1,-1,-1,-1
721,19527,592,475,53,106,1,-1,-1,-1
721,19528,625,237,32,60,1,-1,-1,-1
721,19529,558,489,53,97,1,-1,-1,-1
721,19530,326,523,50,85,1,-1,-1,-1
721,19531,190,510,53,93,1,-1,-1,-1
721,19532,189,689,62,105,1,-1,-1,-1
722,19356,1871,553,50,86,1,-1,-1,-1
722,19385,1704,723,55,111,1,-1,-1,-1
722,19425,1656,361,35,70,1,-1,-1,-1
722,19429,1758,518,58,94,1,-1,-1,-1
722,19449,1648,587,50,106,1,-1,-1,-1
722,19497,1626,566,48,95,1,-1,-1,-1
722,19509,1074,616,49,107,1,-1,-1,-1
722,19516,889,589,49,103,1,-1,-1,-1
722,19517,995,491,50,86,1,-1,-1,-1
722,19515,815,493,39,81,1,-1,-1,-1
722,19525,522,390,43,75,1,-1,-1,-1
722,19526,968,608,36,97,1,-1,-1,-1
722,19527,597,477,53,107,1,-1,-1,-1
722,19528,628,237,32,60,1,-1,-1,-1
722,19529,560,495,54,97,1,-1,-1,-1
722,19530,328,523,50,85,1,-1,-1,-1
722,19531,193,510,53,93,1,-1,-1,-1
722,19532,191,688,62,105,1,-1,-1,-1
723,19356,1870,555,51,86,1,-1,-1,-1
723,19385,1709,723,55,111,1,-1,-1,-1
723,19425,1659,360,34,70,1,-1,-1,-1
723,19429,1758,520,59,94,1,-1,-1,-1
723,19449,1644,587,49,105,1,-1,-1,-1
723,19497,1623,566,46,94,1,-1,-1,-1
723,19509,1069,616,49,107,1,-1,-1,-1
723,19516,895,589,48,103,1,-1,-1,-1
723,19517,993,491,49,86,1,-1,-1,-1
723,19515,814,495,39,80,1,-1,-1,-1
723,19525,523,391,42,75,1,-1,-1,-1
723,19526,972,608,35,95,1,-1,-1,-1
723,19527,604,480,53,107,1,-1,-1,-1
723,19528,630,237,33,60,1,-1,-1,-1
723,19529,562,500,56,97,1,-1,-1,-1
723,19530,330,523,49,85,1,-1,-1,-1
723,19531,196,510,54,93,1,-1,-1,-1
723,19532,193,687,62,105,1,-1,-1,-1
724,19356,1870,558,50,86,1,-1,-1,-1
724,19385,1714,723,55,111,1,-1,-1,-1
724,19425,1662,360,34,70,1,-1,-1,-1
724,19429,1758,521,59,94,1,-1,-1,-1
724,19449,1639,586,50,105,1,-1,-1,-1
724,19497,1619,566,46,92,1,-1,-1,-1
724,19509,1065,617,48,107,1,-1,-1,-1
724,19516,901,588,47,103,1,-1,-1,-1
724,19517,992,491,47,86,1,-1,-1,-1
724,19515,812,497,39,78,1,-1,-1,-1
724,19525,523,392,41,74,1,-1,-1,-1
724,19526,976,609,35,92,1,-1,-1,-1
724,19527,610,484,53,106,1,-1,-1,-1
724,19528,633,237,33,60,1,-1,-1,-1
724,19529,564,505,57,97,1,-1,-1,-1
724,19530,331,523,50,85,1,-1,-1,-1
724,19531,200,510,54,93,1,-1,-1,-1
724,19532,194,686,62,105,1,-1,-1,-1
725,19356,1870,561,50,86,1,-1,-1,-1
725,19385,1721,724,55,111,1,-1,-1,-1
725,19425,1666,359,35,70,1,-1,-1,-1
725,19429,1759,523,59,95,1,-1,-1,-1
725,19449,1635,586,50,104,1,-1,-1,-1
725,19497,1615,565,44,92,1,-1,-1,-1
725,19509,1061,617,48,107,1,-1,-1,-1
725,19516,909,587,46,102,1,-1,-1,-1
725,19517,989,490,47,87,1,-1,-1,-1
725,19515,811,499,38,76,1,-1,-1,-1
725,19525,522,394,42,74,1,-1,-1,-1
725,19526,982,608,34,90,1,-1,-1,-1
725,19527,619,489,54,106,1,-1,-1,-1
725,19528,636,238,33,60,1,-1,-1,-1
725,19529,567,513,58,97,1,-1,-1,-1
725,19530,334,523,49,85,1,-1,-1,-1
725,19531,205,510,54,93,1,-1,-1,-1
725,19532,196,684,63,105,1,-1,-1,-1
726,19356,1869,563,50,86,1,-1,-1,-1
726,19385,1722,724,55,111,1,-1,-1,-1
726,19425,1666,360,35,70,1,-1,-1,-1
726,19429,1758,524,59,94,1,-1,-1,-1
726,19449,1630,585,50,104,1,-1,-1,-1
726,19497,1611,565,43,91,1,-1,-1,-1
726,19509,1056,618,48,107,1,-1,-1,-1
726,19516,912,586,46,103,1,-1,-1,-1
726,19517,987,490,45,86,1,-1,-1,-1
726,19515,809,501,38,75,1,-1,-1,-1
726,19525,520,395,41,73,1,-1,-1,-1
726,19526,984,608,34,89,1,-1,-1,-1
726,19527,622,491,54,107,1,-1,-1,-1
726,19528,637,238,33,60,1,-1,-1,-1
726,19529,568,516,58,97,1,-1,-1,-1
726,19530,334,523,49,85,1,-1,-1,-1
726,19531,207,510,55,93,1,-1,-1,-1
726,19532,196,683,62,105,1,-1,-1,-1
727,19356,1867,563,50,86,1,-1,-1,-1
727,19385,1718,724,55,111,1,-1,-1,-1
727,19425,1660,361,36,71,1,-1,-1,-1
727,19429,1754,525,58,92,1,-1,-1,-1
727,19449,1626,584,49,104,1,-1,-1,-1
727,19497,1607,565,41,89,1,-1,-1,-1
727,19509,1051,618,49,107,1,-1,-1,-1
727,19516,912,584,46,103,1,-1,-1,-1
727,19517,979,489,45,86,1,-1,-1,-1
727,19515,805,502,39,75,1,-1,-1,-1
727,19525,514,396,41,74,1,-1,-1,-1
727,19526,985,607,34,88,1,-1,-1,-1
727,19527,623,495,54,106,1,-1,-1,-1
727,19528,633,238,33,60,1,-1,-1,-1
727,19529,567,517,59,97,1,-1,-1,-1
727,19530,331,521,50,85,1,-1,-1,-1
727,19531,205,510,55,93,1,-1,-1,-1
727,19532,190,683,63,105,1,-1,-1,-1
728,19356,1864,563,49,86,1,-1,-1,-1
728,19385,1713,723,55,111,1,-1,-1,-1
728,19425,1653,362,36,71,1,-1,-1,-1
728,19429,1749,526,56,90,1,-1,-1,-1
728,19449,1621,583,49,104,1,-1,-1,-1
728,19497,1602,564,41,89,1,-1,-1,-1
728,19509,1046,619,49,107,1,-1,-1,-1
728,19516,912,582,45,103,1,-1,-1,-1
728,19517,971,487,44,86,1,-1,-1,-1
728,19515,801,503,40,75,1,-1,-1,-1
728,19525,507,398,41,74,1,-1,-1,-1
728,19526,985,605,34,88,1,-1,-1,-1
728,19527,624,499,54,106,1,-1,-1,-1
728,19528,628,237,33,60,1,-1,-1,-1
728,19529,566,517,58,97,1,-1,-1,-1
728,19530,327,519,50,85,1,-1,-1,-1
728,19531,203,510,55,93,1,-1,-1,-1
728,19532,182,683,63,105,1,-1,-1,-1
729,19356,1861,563,49,86,1,-1,-1,-1
729,19385,1706,723,55,111,1,-1,-1,-1
729,19425,1644,364,38,72,1,-1,-1,-1
729,19429,1743,527,56,88,1,-1,-1,-1
729,19449,1617,583,49,103,1,-1,-1,-1
729,19497,1598,564,40,88,1,-1,-1,-1
729,19509,1042,619,49,107,1,-1,-1,-1
729,19516,912,580,44,103,1,-1,-1,-1
729,19517,961,486,44,86,1,-1,-1,-1
729,19515,797,505,40,75,1,-1,-1,-1
729,19525,499,399,41,75,1,-1,-1,-1
729,19526,985,603,34,88,1,-1,-1,-1
729,19527,624,502,54,107,1,-1,-1,-1
729,19528,622,237,33,60,1,-1,-1,-1
729,19529,565,517,57,97,1,-1,-1,-1
729,19530,323,517,50,85,1,-1,-1,-1
729,19531,201,510,55,93,1,-1,-1,-1
729,19532,175,683,63,105,1,-1,-1,-1
730,19356,1857,563,49,86,1,-1,-1,-1
730,19385,1700,723,55,111,1,-1,-1,-1
730,19425,1635,365,40,72,1,-1,-1,-1
730,19429,1738,527,55,86,1,-1,-1,-1
730,19449,1612,582,49,103,1,-1,-1,-1
730,19497,1595,564,38,86,1,-1,-1,-1
730,19509,1037,620,49,107,1,-1,-1,-1
730,19516,911,577,43,103,1,-1,-1,-1
730,19517,952,484,43,86,1,-1,-1,-1
730,19515,792,506,41,75,1,-1,-1,-1
730,19525,491,401,41,75,1,-1,-1,-1
730,19526,984,600,35,89,1,-1,-1,-1
730,19527,624,506,54,107,1,-1,-1,-1
730,19528,617,237,32,60,1,-1,-1,-1
730,19529,564,517,57,97,1,-1,-1,-1
730,19530,319,515,49,85,1,-1,-1,-1
730,19531,198,510,56,93,1,-1,-1,-1
730,19532,167,683,62,105,1,-1,-1,-1
731,19356,1855,564,48,86,1,-1,-1,-1
731,19385,1693,722,55,111,1,-1,-1,-1
731,19425,1626,367,42,72,1,-1,-1,-1
731,19429,1731,528,55,84,1,-1,-1,-1
731,19449,1609,582,48,103,1,-1,-1,-1
731,19497,1591,563,38,86,1,-1,-1,-1
731,19509,1032,621,50,107,1,-1,-1,-1
731,19516,910,575,44,103,1,-1,-1,-1
731,19517,942,483,42,86,1,-1,-1,-1
731,19515,788,508,41,75,1,-1,-1,-1
731,19525,483,403,42,75,1,-1,-1,-1
731,19526,984,598,35,89,1,-1,-1,-1
731,19527,624,510,54,107,1,-1,-1,-1
731,19528,611,237,32,60,1,-1,-1,-1
731,19529,563,517,56,97,1,-1,-1,-1
731,19530,314,513,50,85,1,-1,-1,-1
731,19531,196,510,56,93,1,-1,-1,-1
731,19532,158,683,63,105,1,-1,-1,-1
732,19356,1851,564,48,86,1,-1,-1,-1
732,19385,1685,722,55,111,1,-1,-1,-1
732,19425,1615,369,44,73,1,-1,-1,-1
732,19429,1725,529,54,82,1,-1,-1,-1
732,19449,1604,581,48,102,1,-1,-1,-1
732,19497,1587,563,36,83,1,-1,-1,-1
732,19509,1026,621,51,107,1,-1,-1,-1
732,19516,910,572,42,103,1,-1,-1,-1
732,19517,931,481,42,86,1,-1,-1,-1
732,19515,783,510,42,75,1,-1,-1,-1
732,19525,474,405,42,76,1,-1,-1,-1
732,19526,984,596,34,88,1,-1,-1,-1
732,19527,624,515,54,106,1,-1,-1,-1
732,19528,604,237,32,59,1,-1,-1,-1
732,19529,562,517,54,97,1,-1,-1,-1
732,19530,310,510,50,85,1,-1,-1,-1
732,19531,193,510,57,93,1,-1,-1,-1
732,19532,149,683,62,105,1,-1,-1,-1
733,19356,1845,563,47,86,1,-1,-1,-1
733,19385,1680,721,55,111,1,-1,-1,-1
733,19425,1607,370,45,73,1,-1,-1,-1
733,19429,1718,529,54,81,1,-1,-1,-1
733,19449,1597,580,48,102,1,-1,-1,-1
733,19497,1579,562,36,83,1,-1,-1,-1
733,19509,1021,621,51,107,1,-1,-1,-1
733,19516,907,571,43,103,1,-1,-1,-1
733,19517,923,481,41,86,1,-1,-1,-1
733,19515,780,509,43,75,1,-1,-1,-1
733,19525,468,406,42,76,1,-1,-1,-1
733,19526,982,594,35,89,1,-1,-1,-1
733,19527,623,517,54,105,1,-1,-1,-1
733,19528,599,237,31,59,1,-1,-1,-1
733,19529,559,518,53,97,1,-1,-1,-1
733,19530,306,510,50,86,1,-1,-1,-1
733,19531,190,510,56,93,1,-1,-1,-1
733,19532,143,683,62,105,1,-1,-1,-1
734,19356,1834,562,48,87,1,-1,-1,-1
734,19385,1674,720,55,111,1,-1,-1,-1
734,19425,1599,370,46,73,1,-1,-1,-1
734,19429,1709,528,54,80,1,-1,-1,-1
734,19449,1587,580,48,102,1,-1,-1,-1
734,19497,1570,560,36,85,1,-1,-1,-1
734,19509,1016,619,50,107,1,-1,-1,-1
734,19516,904,571,42,103,1,-1,-1,-1
734,19517,914,482,41,86,1,-1,-1,-1
734,19515,776,508,44,75,1,-1,-1,-1
734,19525,462,405,43,76,1,-1,-1,-1
734,19526,979,593,35,89,1,-1,-1,-1
734,19527,621,518,53,105,1,-1,-1,-1
734,19528,593,237,31,59,1,-1,-1,-1
734,19529,554,518,53,97,1,-1,-1,-1
734,19530,300,510,50,87,1,-1,-1,-1
734,19531,185,511,55,91,1,-1,-1,-1
734,19532,137,683,61,104,1,-1,-1,-1
735,19356,1823,561,48,87,1,-1,-1,-1
735,19385,1669,719,54,111,1,-1,-1,-1
735,19425,1590,370,46,73,1,-1,-1,-1
735,19429,1699,526,55,81,1,-1,-1,-1
735,19449,1576,579,48,102,1,-1,-1,-1
735,19497,1560,558,37,86,1,-1,-1,-1
735,19509,1010,618,50,107,1,-1,-1,-1
735,19516,900,571,42,103,1,-1,-1,-1
735,19517,906,484,40,86,1,-1,-1,-1
735,19515,774,506,44,76,1,-1,-1,-1
735,19525,457,404,43,77,1,-1,-1,-1
735,19526,975,592,35,89,1,-1,-1,-1
735,19527,618,518,53,104,1,-1,-1,-1
735,19528,588,237,30,59,1,-1,-1,-1
735,19529,549,519,52,97,1,-1,-1,-1
735,19530,295,510,50,88,1,-1,-1,-1
735,19531,181,511,54,90,1,-1,-1,-1
735,19532,131,683,60,103,1,-1,-1,-1
736,19356,1811,560,49,88,1,-1,-1,-1
736,19385,1663,717,54,111,1,-1,-1,-1
736,19425,1582,370,46,73,1,-1,-1,-1
736,19429,1690,525,55,81,1,-1,-1,-1
736,19449,1565,578,48,102,1,-1,-1,-1
736,19497,1548,556,39,88,1,-1,-1,-1
736,19509,1005,616,49,107,1,-1,-1,-1
736,19516,896,571,42,103,1,-1,-1,-1
736,19517,897,486,41,85,1,-1,-1,-1
736,19515,770,504,46,77,1,-1,-1,-1
736,19525,452,404,42,76,1,-1,-1,-1
736,19526,970,591,36,89,1,-1,-1,-1
736,19527,616,519,53,103,1,-1,-1,-1
736,19528,582,237,30,59,1,-1,-1,-1
736,19529,544,519,51,97,1,-1,-1,-1
736,19530,289,510,49,89,1,-1,-1,-1
736,19531,176,512,53,88,1,-1,-1,-1
736,19532,125,683,59,102,1,-1,-1,-1
737,19356,1800,559,49,88,1,-1,-1,-1
737,19385,1658,716,53,111,1,-1,-1,-1
737,19425,1574,370,45,73,1,-1,-1,-1
737,19429,1680,524,56,81,1,-1,-1,-1
737,19449,1554,578,47,102,1,-1,-1,-1
737,19497,1538,554,40,90,1,-1,-1,-1
737,19509,999,615,48,107,1,-1,-1,-1
737,19516,893,571,41,103,1,-1,-1,-1
737,19517,888,488,41,85,1,-1,-1,-1
737,19515,767,503,47,76,1,-1,-1,-1
737,19525,446,403,43,76,1,-1,-1,-1
737,19526,966,590,35,89,1,-1,-1,-1
737,19527,614,519,51,103,1,-1,-1,-1
737,19528,577,237,30,59,1,-1,-1,-1
737,19529,538,520,50,97,1,-1,-1,-1
737,19530,284,510,48,91,1,-1,-1,-1
737,19531,172,512,51,88,1,-1,-1,-1
737,19532,119,683,58,101,1,-1,-1,-1
738,19356,1784,557,51,89,1,-1,-1,-1
738,19385,1652,714,52,111,1,-1,-1,-1
738,19425,1564,370,44,73,1,-1,-1,-1
738,19429,1668,522,56,81,1,-1,-1,-1
738,19449,1540,577,47,102,1,-1,-1,-1
738,19497,1523,551,42,92,1,-1,-1,-1
738,19509,992,613,47,107,1,-1,-1,-1
738,19516,887,571,41,103,1,-1,-1,-1
738,19517,877,490,41,85,1,-1,-1,-1
738,19515,763,500,49,77,1,-1,-1,-1
738,19525,439,402,43,76,1,-1,-1,-1
738,19526,961,589,36,89,1,-1,-1,-1
738,19527,611,520,50,101,1,-1,-1,-1
738,19528,570,237,29,59,1,-1,-1,-1
738,19529,531,520,51,97,1,-1,-1,-1
738,19530,278,510,47,93,1,-1,-1,-1
738,19531,166,513,49,86,1,-1,-1,-1
738,19532,112,683,55,100,1,-1,-1,-1
739,19356,1774,557,52,89,1,-1,-1,-1
739,19385,1646,714,51,111,1,-1,-1,-1
739,19425,1558,370,43,73,1,-1,-1,-1
739,19429,1659,520,56,81,1,-1,-1,-1
739,19449,1530,575,47,102,1,-1,-1,-1
739,19497,1518,549,42,90,1,-1,-1,-1
739,19509,987,612,45,107,1,-1,-1,-1
739,19516,884,570,41,103,1,-1,-1,-1
739,19517,870,491,41,85,1,-1,-1,-1
739,19515,762,499,50,78,1,-1,-1,-1
739,19525,435,402,44,76,1,-1,-1,-1
739,19526,958,588,35,89,1,-1,-1,-1
739,19527,609,521,50,101,1,-1,-1,-1
739,19528,565,237,29,59,1,-1,-1,-1
739,19529,525,520,50,98,1,-1,-1,-1
739,19530,274,510,46,94,1,-1,-1,-1
739,19531,162,514,48,85,1,-1,-1,-1
739,19532,108,683,54,99,1,-1,-1,-1
740,19356,1764,557,51,89,1,-1,-1,-1
740,19385,1638,714,51,112,1,-1,-1,-1
740,19425,1551,373,41,71,1,-1,-1,-1
740,19429,1647,518,57,81,1,-1,-1,-1
740,19449,1519,572,48,102,1,-1,-1,-1
740,19497,1514,547,40,83,1,-1,-1,-1
740,19509,979,611,44,107,1,-1,-1,-1
740,19516,880,569,41,103,1,-1,-1,-1
740,19517,864,489,41,85,1,-1,-1,-1
740,19515,762,498,51,78,1,-1,-1,-1
740,19525,431,402,43,76,1,-1,-1,-1
740,19526,955,587,35,89,1,-1,-1,-1
740,19527,606,522,50,101,1,-1,-1,-1
740,19528,561,237,28,59,1,-1,-1,-1
740,19529,517,519,51,98,1,-1,-1,-1
740,19530,270,510,44,94,1,-1,-1,-1
740,19531,159,514,47,85,1,-1,-1,-1
740,19532,104,684,53,99,1,-1,-1,-1
741,19356,1752,556,51,90,1,-1,-1,-1
741,19385,1629,714,51,113,1,-1,-1,-1
741,19425,1543,375,41,70,1,-1,-1,-1
741,19429,1634,516,57,80,1,-1,-1,-1
741,19449,1508,569,48,102,1,-1,-1,-1
741,19497,1513,544,37,76,1,-1,-1,-1
741,19509,970,610,44,107,1,-1,-1,-1
741,19516,876,569,41,103,1,-1,-1,-1
741,19517,858,488,41,85,1,-1,-1,-1
741,19515,763,497,51,78,1,-1,-1,-1
741,19525,427,401,43,76,1,-1,-1,-1
741,19526,951,585,36,89,1,-1,-1,-1
741,19527,603,523,51,101,1,-1,-1,-1
741,19528,555,237,28,59,1,-1,-1,-1
741,19529,509,519,51,99,1,-1,-1,-1
741,19530,266,510,43,95,1,-1,-1,-1
741,19531,155,515,47,85,1,-1,-1,-1
741,19532,99,684,53,99,1,-1,-1,-1
742,19356,1741,556,50,90,1,-1,-1,-1
742,19385,1619,714,51,113,1,-1,-1,-1
742,19425,1535,378,40,69,1,-1,-1,-1
742,19429,1621,513,57,80,1,-1,-1,-1
742,19449,1496,565,48,102,1,-1,-1,-1
742,19497,1511,541,33,68,1,-1,-1,-1
742,19509,960,609,44,107,1,-1,-1,-1
742,19516,872,568,40,103,1,-1,-1,-1
742,19517,852,486,42,85,1,-1,-1,-1
742,19515,764,497,52,78,1,-1,-1,-1
742,19525,423,401,43,76,1,-1,-1,-1
742,19526,948,584,35,89,1,-1,-1,-1
742,19527,600,524,52,101,1,-1,-1,-1
742,19528,550,237,27,59,1,-1,-1,-1
742,19529,499,518,52,100,1,-1,-1,-1
742,19530,262,510,42,95,1,-1,-1,-1
742,19531,152,516,45,85,1,-1,-1,-1
742,19532,95,684,52,99,1,-1,-1,-1
743,19356,1729,556,48,90,1,-1,-1,-1
743,19385,1609,714,52,114,1,-1,-1,-1
743,19425,1526,381,40,68,1,-1,-1,-1
743,19429,1607,509,57,81,1,-1,-1,-1
743,19449,1484,561,48,102,1,-1,-1,-1
743,19497,1509,539,30,59,1,-1,-1,-1
743,19509,950,608,44,107,1,-1,-1,-1
743,19516,868,568,40,103,1,-1,-1,-1
743,19517,846,484,42,85,1,-1,-1,-1
743,19515,766,497,51,78,1,-1,-1,-1
743,19525,419,401,43,76,1,-1,-1,-1
743,19526,944,582,35,89,1,-1,-1,-1
743,19527,597,526,52,100,1,-1,-1,-1
743,19528,545,238,26,59,1,-1,-1,-1
743,19529,488,517,54,101,1,-1,-1,-1
743,19530,257,510,41,95,1,-1,-1,-1
743,19531,148,517,45,85,1,-1,-1,-1
743,19532,91,685,51,99,1,-1,-1,-1
744,19356,1719,556,47,89,1,-1,-1,-1
744,19385,1601,714,53,114,1,-1,-1,-1
744,19425,1519,382,40,68,1,-1,-1,-1
744,19429,1595,506,58,82,1,-1,-1,-1
744,19449,1475,559,47,101,1,-1,-1,-1
744,19497,1505,537,30,58,1,-1,-1,-1
744,19509,942,608,45,107,1,-1,-1,-1
744,19516,865,567,40,103,1,-1,-1,-1
744,19517,840,484,42,85,1,-1,-1,-1
744,19515,767,496,51,78,1,-1,-1,-1
744,19525,414,401,44,76,1,-1,-1,-1
744,19526,941,581,36,89,1,-1,-1,-1
744,19527,595,526,53,101,1,-1,-1,-1
744,19528,539,238,27,59,1,-1,-1,-1
744,19529,483,517,55,100,1,-1,-1,-1
744,19530,251,510,41,95,1,-1,-1,-1
744,19531,145,518,44,84,1,-1,-1,-1
744,19532,86,685,50,99,1,-1,-1,-1
744,19537,1864,436,35,98,1,-1,-1,-1
745,19356,1709,556,46,89,1,-1,-1,-1
745,19385,1594,712,53,114,1,-1,-1,-1
745,19425,1513,381,40,68,1,-1,-1,-1
745,19429,1584,504,58,82,1,-1,-1,-1
745,19449,1467,557,46,101,1,-1,-1,-1
745,19497,1499,535,32,60,1,-1,-1,-1
745,19509,937,609,44,105,1,-1,-1,-1
745,19516,861,566,40,103,1,-1,-1,-1
745,19517,835,483,42,85,1,-1,-1,-1
745,19515,766,494,52,80,1,-1,-1,-1
745,19525,410,402,44,77,1,-1,-1,-1
745,19526,938,581,36,89,1,-1,-1,-1
745,19527,594,526,52,101,1,-1,-1,-1
745,19528,534,238,26,59,1,-1,-1,-1
745,19529,479,517,54,100,1,-1,-1,-1
745,19530,244,510,41,95,1,-1,-1,-1
745,19531,142,518,44,84,1,-1,-1,-1
745,19532,81,685,50,100,1,-1,-1,-1
745,19537,1862,436,35,98,1,-1,-1,-1
746,19356,1699,556,45,89,1,-1,-1,-1
746,19385,1588,711,52,114,1,-1,-1,-1
746,19425,1506,381,40,68,1,-1,-1,-1
746,19429,1572,501,59,84,1,-1,-1,-1
746,19449,1459,555,46,100,1,-1,-1,-1
746,19497,1493,533,34,64,1,-1,-1,-1
746,19509,931,610,44,104,1,-1,-1,-1
746,19516,858,565,40,103,1,-1,-1,-1
746,19517,829,484,42,85,1,-1,-1,-1
746,19515,766,493,52,80,1,-1,-1,-1
746,19525,404,404,45,77,1,-1,-1,-1
746,19526,935,580,36,89,1,-1,-1,-1
746,19527,592,526,52,101,1,-1,-1,-1
746,19528,529,239,26,59,1,-1,-1,-1
746,19529,476,518,54,99,1,-1,-1,-1
746,19530,237,510,41,95,1,-1,-1,-1
746,19531,139,517,44,85,1,-1,-1,-1
746,19532,75,684,50,101,1,-1,-1,-1
746,19537,1852,436,35,98,1,-1,-1,-1
747,19356,1689,555,45,89,1,-1,-1,-1
747,19385,1582,710,51,114,1,-1,-1,-1
747,19425,1499,381,41,68,1,-1,-1,-1
747,19429,1561,499,59,84,1,-1,-1,-1
747,19449,1450,554,46,99,1,-1,-1,-1
747,19497,1487,532,36,67,1,-1,-1,-1
747,19509,925,610,44,104,1,-1,-1,-1
747,19516,855,564,40,103,1,-1,-1,-1
747,19517,823,484,42,85,1,-1,-1,-1
747,19515,766,491,52,82,1,-1,-1,-1
747,19525,399,405,46,78,1,-1,-1,-1
747,19526,932,580,36,89,1,-1,-1,-1
747,19527,591,526,52,101,1,-1,-1,-1
747,19528,524,239,25,59,1,-1,-1,-1
747,19529,473,519,54,98,1,-1,-1,-1
747,19530,229,510,42,94,1,-1,-1,-1
747,19531,136,517,43,85,1,-1,-1,-1
747,19532,69,683,50,102,1,-1,-1,-1
747,19537,1841,438,35,98,1,-1,-1,-1
748,19356,1679,555,44,89,1,-1,-1,-1
748,19385,1576,708,51,114,1,-1,-1,-1
748,19425,1493,381,40,68,1,-1,-1,-1
748,19429,1550,496,58,86,1,-1,-1,-1
748,19449,1442,553,46,97,1,-1,-1,-1
748,19497,1480,531,39,70,1,-1,-1,-1
748,19509,920,611,43,102,1,-1,-1,-1
748,19516,852,564,40,103,1,-1,-1,-1
748,19517,817,484,42,85,1,-1,-1,-1
748,19515,765,490,52,82,1,-1,-1,-1
748,19525,394,407,46,78,1,-1,-1,-1
748,19526,929,579,36,89,1,-1,-1,-1
748,19527,589,526,52,101,1,-1,-1,-1
748,19528,519,239,25,59,1,-1,-1,-1
748,19529,470,519,54,98,1,-1,-1,-1
748,19530,221,509,43,95,1,-1,-1,-1
748,19531,133,517,42,85,1,-1,-1,-1
748,19532,63,683,50,103,1,-1,-1,-1
748,19537,1829,439,35,98,1,-1,-1,-1
749,19356,1669,555,43,89,1,-1,-1,-1
749,19385,1570,707,50,114,1,-1,-1,-1
749,19425,1487,381,40,68,1,-1,-1,-1
749,19429,1540,494,57,87,1,-1,-1,-1
749,19449,1433,551,46,97,1,-1,-1,-1
749,19497,1474,529,42,74,1,-1,-1,-1
749,19509,914,612,44,101,1,-1,-1,-1
749,19516,849,563,40,103,1,-1,-1,-1
749,19517,811,484,42,85,1,-1,-1,-1
749,19515,764,488,53,84,1,-1,-1,-1
749,19525,389,408,47,79,1,-1,-1,-1
749,19526,926,579,36,89,1,-1,-1,-1
749,19527,588,526,51,101,1,-1,-1,-1
749,19528,514,239,25,59,1,-1,-1,-1
749,19529,468,520,52,97,1,-1,-1,-1
749,19530,213,509,44,95,1,-1,-1,-1
749,19531,130,516,42,85,1,-1,-1,-1
749,19532,57,682,50,104,1,-1,-1,-1
749,19537,1816,440,35,98,1,-1,-1,-1
750,19356,1653,554,42,89,1,-1,-1,-1
750,19385,1560,704,49,114,1,-1,-1,-1
750,19425,1476,381,40,68,1,-1,-1,-1
750,19429,1522,490,57,89,1,-1,-1,-1
750,19449,1420,549,45,94,1,-1,-1,-1
750,19497,1463,527,46,80,1,-1,-1,-1
750,19509,905,613,43,100,1,-1,-1,-1
750,19516,844,562,40,103,1,-1,-1,-1
750,19517,801,485,43,85,1,-1,-1,-1
750,19515,763,486,54,86,1,-1,-1,-1
750,19525,380,411,48,79,1,-1,-1,-1
750,19526,921,578,36,89,1,-1,-1,-1
750,19527,587,526,49,101,1,-1,-1,-1
750,19528,505,239,25,59,1,-1,-1,-1
750,19529,463,521,52,95,1,-1,-1,-1
750,19530,201,509,46,95,1,-1,-1,-1
750,19531,125,516,42,85,1,-1,-1,-1
750,19532,47,681,50,106,1,-1,-1,-1
750,19537,1797,443,35,98,1,-1,-1,-1