1,14066,495,462,54,134,1,-1,-1,-1
2,14066,491,462,54,134,1,-1,-1,-1
3,14066,488,462,54,134,1,-1,-1,-1
4,14066,484,462,54,134,1,-1,-1,-1
5,14066,480,461,55,134,1,-1,-1,-1
6,14066,476,461,56,134,1,-1,-1,-1
7,14066,472,460,56,134,1,-1,-1,-1
8,14066,470,460,57,135,1,-1,-1,-1
9,14066,466,460,58,136,1,-1,-1,-1
10,14066,463,460,59,136,1,-1,-1,-1
11,14066,459,458,60,138,1,-1,-1,-1
12,14066,453,456,61,138,1,-1,-1,-1
13,14066,447,453,60,141,1,-1,-1,-1
14,14066,444,452,59,141,1,-1,-1,-1
15,14066,440,452,59,141,1,-1,-1,-1
16,14066,438,452,57,141,1,-1,-1,-1
17,14066,434,453,57,140,1,-1,-1,-1
18,14066,429,453,57,140,1,-1,-1,-1
19,14066,427,457,57,138,1,-1,-1,-1
20,14066,425,457,57,138,1,-1,-1,-1
21,14066,423,457,56,138,1,-1,-1,-1
22,14066,420,457,57,138,1,-1,-1,-1
23,14066,417,457,57,136,1,-1,-1,-1
24,14066,414,457,56,136,1,-1,-1,-1
25,14066,410,456,55,135,1,-1,-1,-1
26,14066,408,456,55,134,1,-1,-1,-1
27,14066,398,454,55,134,1,-1,-1,-1
28,14066,393,454,54,133,1,-1,-1,-1
29,14066,387,453,55,134,1,-1,-1,-1
30,14066,382,453,55,134,1,-1,-1,-1
31,14066,378,453,55,134,1,-1,-1,-1
32,14066,372,453,56,133,1,-1,-1,-1
33,14066,369,453,56,133,1,-1,-1,-1
34,14066,367,453,56,133,1,-1,-1,-1
35,14066,363,453,57,133,1,-1,-1,-1
36,14066,362,453,57,132,1,-1,-1,-1
37,14066,361,453,57,132,1,-1,-1,-1
38,14066,359,453,58,132,1,-1,-1,-1
39,14066,358,453,58,132,1,-1,-1,-1
40,14066,354,453,58,132,1,-1,-1,-1
41,14066,350,452,58,133,1,-1,-1,-1
42,14066,346,451,57,133,1,-1,-1,-1
43,14066,342,451,57,134,1,-1,-1,-1
44,14066,335,449,56,136,1,-1,-1,-1
45,14066,333,449,55,135,1,-1,-1,-1
46,14066,332,448,54,136,1,-1,-1,-1
47,14066,330,449,54,135,1,-1,-1,-1
48,14066,329,449,54,135,1,-1,-1,-1
49,14066,327,449,54,135,1,-1,-1,-1
50,14066,324,449,55,135,1,-1,-1,-1
51,14066,323,449,56,134,1,-1,-1,-1
52,14066,321,449,57,134,1,-1,-1,-1
53,14066,319,449,57,133,1,-1,-1,-1
54,14066,318,448,57,133,1,-1,-1,-1
55,14066,315,448,57,133,1,-1,-1,-1
56,14066,311,447,56,133,1,-1,-1,-1
57,14066,307,446,56,133,1,-1,-1,-1
58,14066,305,446,54,132,1,-1,-1,-1
59,14066,302,446,55,132,1,-1,-1,-1
60,14066,300,447,55,132,1,-1,-1,-1
61,14066,297,447,56,132,1,-1,-1,-1
62,14066,294,448,56,132,1,-1,-1,-1
63,14066,292,448,58,131,1,-1,-1,-1
64,14066,292,448,58,131,1,-1,-1,-1
65,14066,291,447,59,132,1,-1,-1,-1
66,14066,291,447,59,132,1,-1,-1,-1
67,14066,291,447,59,131,1,-1,-1,-1
68,14066,291,446,59,133,1,-1,-1,-1
69,14066,291,446,57,133,1,-1,-1,-1
70,14066,293,446,55,133,1,-1,-1,-1
71,14066,294,445,54,133,1,-1,-1,-1
72,14066,296,445,53,133,1,-1,-1,-1
73,14066,300,445,52,133,1,-1,-1,-1
74,14066,303,446,52,133,1,-1,-1,-1
75,14066,308,446,51,133,1,-1,-1,-1
76,14066,310,446,51,133,1,-1,-1,-1
77,14066,313,446,52,133,1,-1,-1,-1
78,14066,318,446,51,132,1,-1,-1,-1
79,14066,324,446,51,131,1,-1,-1,-1
80,14066,326,446,51,131,1,-1,-1,-1
81,14066,330,446,50,130,1,-1,-1,-1
82,14066,334,446,50,129,1,-1,-1,-1
83,14066,336,446,49,129,1,-1,-1,-1
84,14066,336,446,49,129,1,-1,-1,-1
85,14066,337,446,48,129,1,-1,-1,-1
86,14066,337,446,47,129,1,-1,-1,-1
87,14066,338,446,46,129,1,-1,-1,-1
88,14066,338,446,45,129,1,-1,-1,-1
89,14066,339,446,43,129,1,-1,-1,-1
90,14066,338,446,43,129,1,-1,-1,-1
91,14066,336,446,43,129,1,-1,-1,-1
92,14066,335,447,42,129,1,-1,-1,-1
93,14066,333,447,43,129,1,-1,-1,-1
94,14066,331,448,43,128,1,-1,-1,-1
95,14066,330,448,44,128,1,-1,-1,-1
96,14066,329,448,45,129,1,-1,-1,-1
97,14066,329,448,45,129,1,-1,-1,-1
98,14066,328,448,47,129,1,-1,-1,-1
99,14066,328,448,47,129,1,-1,-1,-1
100,14066,328,449,48,128,1,-1,-1,-1
101,14066,328,449,48,128,1,-1,-1,-1
102,14066,327,449,48,128,1,-1,-1,-1
103,14066,326,449,48,128,1,-1,-1,-1
104,14066,324,449,49,128,1,-1,-1,-1
105,14066,323,450,48,128,1,-1,-1,-1
106,14066,322,450,47,128,1,-1,-1,-1
107,14066,320,451,46,127,1,-1,-1,-1
108,14066,320,452,45,126,1,-1,-1,-1
109,14066,320,452,45,127,1,-1,-1,-1
110,14066,320,452,44,126,1,-1,-1,-1
111,14066,321,452,44,126,1,-1,-1,-1
112,14066,321,452,44,126,1,-1,-1,-1
113,14066,321,452,43,126,1,-1,-1,-1
114,14066,322,453,43,125,1,-1,-1,-1
115,14066,323,453,42,126,1,-1,-1,-1
116,14066,324,453,42,126,1,-1,-1,-1
117,14066,325,453,42,126,1,-1,-1,-1
118,14066,326,453,42,126,1,-1,-1,-1
119,14066,327,453,42,126,1,-1,-1,-1
120,14066,328,453,42,126,1,-1,-1,-1
121,14066,329,454,41,126,1,-1,-1,-1
122,14066,329,454,42,126,1,-1,-1,-1
123,14066,330,454,42,126,1,-1,-1,-1
124,14066,331,454,42,126,1,-1,-1,-1
125,14066,333,454,42,126,1,-1,-1,-1
126,14066,334,455,42,126,1,-1,-1,-1
127,14066,335,455,42,126,1,-1,-1,-1
128,14066,337,456,42,125,1,-1,-1,-1
129,14066,340,456,42,125,1,-1,-1,-1
130,14066,342,457,43,124,1,-1,-1,-1
131,14066,344,457,43,124,1,-1,-1,-1
132,14066,346,458,43,123,1,-1,-1,-1
133,14066,348,459,43,122,1,-1,-1,-1
134,14066,350,459,44,123,1,-1,-1,-1
135,14066,352,460,45,122,1,-1,-1,-1
136,14066,354,461,46,121,1,-1,-1,-1
137,14066,357,461,46,121,1,-1,-1,-1
138,14066,359,462,46,121,1,-1,-1,-1
139,14066,361,463,47,120,1,-1,-1,-1
140,14066,363,463,48,119,1,-1,-1,-1
141,14066,365,463,49,119,1,-1,-1,-1
142,14066,367,463,51,118,1,-1,-1,-1
143,14066,370,463,52,118,1,-1,-1,-1
144,14066,373,464,54,116,1,-1,-1,-1
145,14066,374,464,55,116,1,-1,-1,-1
146,14066,378,464,57,115,1,-1,-1,-1
147,14066,383,466,58,115,1,-1,-1,-1
148,14066,387,467,60,114,1,-1,-1,-1
149,14066,392,468,61,114,1,-1,-1,-1
150,14066,401,470,61,112,1,-1,-1,-1
151,14066,404,471,62,112,1,-1,-1,-1
152,14066,409,471,63,112,1,-1,-1,-1
153,14066,415,472,63,111,1,-1,-1,-1
154,14066,421,473,64,111,1,-1,-1,-1
155,14066,427,474,64,110,1,-1,-1,-1
156,14066,434,475,64,109,1,-1,-1,-1
157,14066,441,476,64,109,1,-1,-1,-1
158,14066,446,477,64,108,1,-1,-1,-1
159,14066,450,478,66,107,1,-1,-1,-1
160,14066,455,478,66,107,1,-1,-1,-1
161,14066,460,479,67,106,1,-1,-1,-1
162,14066,465,479,67,107,1,-1,-1,-1
163,14066,471,480,69,106,1,-1,-1,-1
164,14066,474,480,70,107,1,-1,-1,-1
165,14066,480,480,72,108,1,-1,-1,-1
166,14066,482,480,73,108,1,-1,-1,-1
167,14066,481,481,75,109,1,-1,-1,-1
168,14066,479,483,77,109,1,-1,-1,-1
169,14066,476,486,80,111,1,-1,-1,-1
170,14066,474,488,82,111,1,-1,-1,-1
171,14066,475,491,83,109,1,-1,-1,-1
172,14066,477,494,83,109,1,-1,-1,-1
173,14066,481,498,82,107,1,-1,-1,-1
174,14066,479,501,80,105,1,-1,-1,-1
175,14066,464,507,76,101,1,-1,-1,-1
176,14066,458,510,74,99,1,-1,-1,-1
177,14066,442,514,73,99,1,-1,-1,-1
178,14066,422,519,72,101,1,-1,-1,-1
179,14066,401,524,72,102,1,-1,-1,-1
181,14066,359,534,71,105,1,-1,-1,-1
182,14066,323,542,72,106,1,-1,-1,-1
183,14066,284,549,72,109,1,-1,-1,-1
184,14066,244,557,71,110,1,-1,-1,-1
185,14066,202,566,73,111,1,-1,-1,-1
186,14066,161,574,73,113,1,-1,-1,-1
187,14066,119,582,74,114,1,-1,-1,-1
188,14066,65,593,76,116,1,-1,-1,-1
189,14066,32,600,75,117,1,-1,-1,-1
190,14066,-5,609,72,117,1,-1,-1,-1
190,14070,1772,878,86,185,1,-1,-1,-1
191,14066,-18,612,70,118,1,-1,-1,-1
191,14071,1878,756,37,141,1,-1,-1,-1
192,14072,1630,883,83,178,1,-1,-1,-1
195,14070,1765,888,74,162,1,-1,-1,-1
196,14083,1804,621,56,79,1,-1,-1,-1
196,14070,1760,889,73,160,1,-1,-1,-1
197,14072,1658,885,73,159,1,-1,-1,-1
198,14086,1353,889,68,170,1,-1,-1,-1
198,14072,1644,889,69,151,1,-1,-1,-1
199,14071,1894,793,26,103,1,-1,-1,-1
201,14101,1832,581,36,64,1,-1,-1,-1
202,14107,1873,885,46,150,1,-1,-1,-1
203,14108,1150,889,63,160,1,-1,-1,-1
203,14109,1238,769,59,122,1,-1,-1,-1
204,14108,1122,888,63,159,1,-1,-1,-1
204,14070,1750,871,67,146,1,-1,-1,-1
204,14086,1366,888,54,135,1,-1,-1,-1
205,14108,1091,885,62,158,1,-1,-1,-1
205,14070,1736,869,67,144,1,-1,-1,-1
205,14086,1339,886,53,129,1,-1,-1,-1
206,14108,1054,881,61,156,1,-1,-1,-1
206,14070,1717,869,66,139,1,-1,-1,-1
206,14086,1309,883,53,127,1,-1,-1,-1
207,14108,1020,877,60,152,1,-1,-1,-1
207,14086,1282,878,54,127,1,-1,-1,-1
207,14129,1568,773,55,119,1,-1,-1,-1
207,14072,1625,853,68,146,1,-1,-1,-1
208,14108,993,872,59,151,1,-1,-1,-1
208,14086,1251,872,55,128,1,-1,-1,-1
208,14131,1059,757,59,114,1,-1,-1,-1
208,14132,1282,631,40,74,1,-1,-1,-1
208,14072,1601,849,67,144,1,-1,-1,-1
209,14108,963,867,59,149,1,-1,-1,-1
209,14086,1219,867,55,127,1,-1,-1,-1
209,14131,1033,754,59,114,1,-1,-1,-1
210,14108,928,861,58,146,1,-1,-1,-1
211,14108,901,857,57,145,1,-1,-1,-1
211,14140,946,746,59,113,1,-1,-1,-1
211,14141,1125,858,60,129,1,-1,-1,-1
211,14144,1478,838,70,138,1,-1,-1,-1
211,14145,1418,573,34,54,1,-1,-1,-1
212,14108,873,852,57,144,1,-1,-1,-1
212,14140,922,742,59,113,1,-1,-1,-1
212,14144,1444,834,69,135,1,-1,-1,-1
213,14108,843,846,57,143,1,-1,-1,-1
213,14140,883,737,59,112,1,-1,-1,-1
213,14144,1398,828,68,134,1,-1,-1,-1
214,14108,825,843,57,142,1,-1,-1,-1
214,14140,862,733,58,111,1,-1,-1,-1
214,14144,1373,823,67,132,1,-1,-1,-1
214,14154,1044,841,55,129,1,-1,-1,-1
214,14155,1088,614,38,68,1,-1,-1,-1
214,14156,1318,737,50,112,1,-1,-1,-1
214,14158,1875,779,39,121,1,-1,-1,-1
215,14108,789,836,57,141,1,-1,-1,-1
215,14140,819,723,56,108,1,-1,-1,-1
215,14144,1323,811,67,131,1,-1,-1,-1
215,14109,1262,725,53,110,1,-1,-1,-1
216,14108,759,831,57,140,1,-1,-1,-1
216,14140,805,720,55,107,1,-1,-1,-1
216,14144,1306,807,67,131,1,-1,-1,-1
216,14162,985,829,54,129,1,-1,-1,-1
216,14163,1036,606,37,68,1,-1,-1,-1
216,14164,1386,1006,59,72,1,-1,-1,-1
216,14165,1787,756,46,119,1,-1,-1,-1
216,14109,1262,724,53,109,1,-1,-1,-1
217,14108,731,827,57,140,1,-1,-1,-1
217,14140,758,715,54,105,1,-1,-1,-1
217,14144,1257,803,67,131,1,-1,-1,-1
218,14108,703,819,57,139,1,-1,-1,-1
218,14140,725,710,52,104,1,-1,-1,-1
218,14144,1213,791,67,132,1,-1,-1,-1
218,14158,1890,787,26,82,1,-1,-1,-1
219,14108,675,811,57,137,1,-1,-1,-1
219,14140,693,706,51,100,1,-1,-1,-1
219,14144,1175,783,67,132,1,-1,-1,-1
219,14176,1163,710,45,106,1,-1,-1,-1
220,14108,650,806,56,136,1,-1,-1,-1
220,14140,663,702,51,100,1,-1,-1,-1
220,14144,1143,777,67,131,1,-1,-1,-1
220,14182,1210,970,61,109,1,-1,-1,-1
220,14186,1105,536,33,53,1,-1,-1,-1
220,14129,1582,722,52,113,1,-1,-1,-1
220,14165,1809,773,44,114,1,-1,-1,-1
220,14158,1871,776,39,117,1,-1,-1,-1
221,14108,639,800,56,136,1,-1,-1,-1
221,14140,650,697,49,99,1,-1,-1,-1
221,14144,1133,772,66,131,1,-1,-1,-1
221,14182,1202,964,65,115,1,-1,-1,-1
221,14187,832,803,50,124,1,-1,-1,-1
221,14188,890,582,36,67,1,-1,-1,-1
221,14189,1113,699,41,100,1,-1,-1,-1
221,14165,1824,768,48,121,1,-1,-1,-1
222,14108,604,796,56,135,1,-1,-1,-1
222,14140,617,693,50,99,1,-1,-1,-1
222,14144,1090,767,65,130,1,-1,-1,-1
222,14191,1778,760,57,118,1,-1,-1,-1
222,14107,1867,977,36,100,1,-1,-1,-1
223,14108,575,790,57,133,1,-1,-1,-1
223,14140,587,687,49,99,1,-1,-1,-1
223,14144,1054,759,64,129,1,-1,-1,-1
223,14196,1116,948,67,131,1,-1,-1,-1
223,14198,1740,748,56,115,1,-1,-1,-1
224,14108,556,786,56,132,1,-1,-1,-1
224,14140,566,682,49,99,1,-1,-1,-1
224,14144,1026,751,59,122,1,-1,-1,-1
224,14198,1714,741,57,117,1,-1,-1,-1
224,14201,806,565,34,67,1,-1,-1,-1
224,14206,989,514,30,50,1,-1,-1,-1
225,14108,530,781,56,130,1,-1,-1,-1
225,14140,536,676,49,99,1,-1,-1,-1
225,14144,996,743,60,125,1,-1,-1,-1
225,14198,1678,732,56,114,1,-1,-1,-1
225,14207,707,768,50,117,1,-1,-1,-1
225,14208,988,671,45,96,1,-1,-1,-1
225,14209,1044,930,68,149,1,-1,-1,-1
225,14212,1748,948,70,130,1,-1,-1,-1
225,14158,1874,792,44,135,1,-1,-1,-1
226,14108,523,776,56,128,1,-1,-1,-1
226,14140,528,671,47,99,1,-1,-1,-1
226,14198,1668,727,54,112,1,-1,-1,-1
226,14207,701,769,50,117,1,-1,-1,-1
226,14208,973,664,45,96,1,-1,-1,-1
226,14209,1019,921,71,154,1,-1,-1,-1
226,14212,1742,944,73,134,1,-1,-1,-1
226,14213,773,558,32,66,1,-1,-1,-1
226,14215,1618,729,54,110,1,-1,-1,-1
226,14216,1874,616,44,87,1,-1,-1,-1
226,14217,949,507,27,48,1,-1,-1,-1
226,14158,1873,794,44,133,1,-1,-1,-1
227,14108,499,770,56,127,1,-1,-1,-1
227,14140,504,663,47,98,1,-1,-1,-1
227,14207,684,765,49,116,1,-1,-1,-1
227,14208,955,657,44,95,1,-1,-1,-1
227,14209,999,912,72,157,1,-1,-1,-1
227,14212,1709,933,78,145,1,-1,-1,-1
227,14215,1623,719,54,110,1,-1,-1,-1
227,14219,1378,677,44,100,1,-1,-1,-1
227,14101,1835,606,49,86,1,-1,-1,-1
227,14129,1574,715,52,111,1,-1,-1,-1
227,14144,957,733,59,125,1,-1,-1,-1
228,14108,474,761,56,123,1,-1,-1,-1
228,14140,485,656,47,97,1,-1,-1,-1
228,14207,663,758,50,116,1,-1,-1,-1
228,14208,937,649,44,95,1,-1,-1,-1
228,14209,979,902,72,158,1,-1,-1,-1
228,14212,1656,916,87,162,1,-1,-1,-1
228,14215,1607,708,53,110,1,-1,-1,-1
228,14219,1360,670,43,99,1,-1,-1,-1
228,14220,731,545,31,65,1,-1,-1,-1
228,14101,1820,602,50,86,1,-1,-1,-1
228,14129,1558,710,51,109,1,-1,-1,-1
228,14144,940,727,57,125,1,-1,-1,-1
228,14191,1790,769,63,130,1,-1,-1,-1
229,14108,465,757,56,123,1,-1,-1,-1
229,14140,469,648,46,97,1,-1,-1,-1
229,14207,643,751,50,116,1,-1,-1,-1
229,14208,919,641,44,95,1,-1,-1,-1
229,14209,959,891,72,159,1,-1,-1,-1
229,14212,1628,908,90,167,1,-1,-1,-1
229,14215,1584,699,53,109,1,-1,-1,-1
229,14219,1337,661,43,98,1,-1,-1,-1
229,14220,717,538,31,65,1,-1,-1,-1
229,14129,1537,702,50,109,1,-1,-1,-1
229,14144,922,721,56,123,1,-1,-1,-1
229,14191,1767,762,63,130,1,-1,-1,-1
230,14108,439,750,56,118,1,-1,-1,-1
230,14140,445,638,46,96,1,-1,-1,-1
230,14207,613,741,49,116,1,-1,-1,-1
230,14208,891,629,44,94,1,-1,-1,-1
230,14209,925,874,73,160,1,-1,-1,-1
230,14212,1592,896,92,173,1,-1,-1,-1
230,14129,1532,687,50,109,1,-1,-1,-1
230,14144,890,711,55,120,1,-1,-1,-1
230,14109,1290,644,46,96,1,-1,-1,-1
231,14108,429,746,57,117,1,-1,-1,-1
231,14140,436,633,45,96,1,-1,-1,-1
231,14207,601,737,49,116,1,-1,-1,-1
231,14208,871,623,43,94,1,-1,-1,-1
231,14209,913,868,74,160,1,-1,-1,-1
231,14212,1560,886,92,176,1,-1,-1,-1
231,14129,1530,682,49,108,1,-1,-1,-1
231,14144,879,707,55,120,1,-1,-1,-1
231,14226,684,524,29,64,1,-1,-1,-1
231,14227,1481,682,49,108,1,-1,-1,-1
231,14228,1705,743,59,122,1,-1,-1,-1
231,14109,1291,642,44,96,1,-1,-1,-1
232,14108,401,739,57,115,1,-1,-1,-1
232,14140,414,625,44,95,1,-1,-1,-1
232,14207,576,732,48,115,1,-1,-1,-1
232,14208,855,618,43,93,1,-1,-1,-1
232,14209,884,857,74,161,1,-1,-1,-1
232,14212,1534,878,90,172,1,-1,-1,-1
232,14144,851,698,53,118,1,-1,-1,-1
232,14227,1482,673,49,108,1,-1,-1,-1
232,14228,1681,735,58,123,1,-1,-1,-1
232,14216,1881,607,46,94,1,-1,-1,-1
233,14108,381,734,57,113,1,-1,-1,-1
233,14140,399,620,44,95,1,-1,-1,-1
233,14207,559,727,48,115,1,-1,-1,-1
233,14208,839,613,42,93,1,-1,-1,-1
233,14209,865,851,74,161,1,-1,-1,-1
233,14212,1515,872,87,170,1,-1,-1,-1
233,14144,833,692,53,119,1,-1,-1,-1
233,14227,1472,669,49,107,1,-1,-1,-1
233,14228,1656,724,58,122,1,-1,-1,-1
233,14233,645,512,28,64,1,-1,-1,-1
233,14234,1239,627,40,94,1,-1,-1,-1
233,14235,1425,666,48,106,1,-1,-1,-1
233,14236,1714,567,46,78,1,-1,-1,-1
233,14216,1877,604,45,94,1,-1,-1,-1
234,14108,361,728,57,111,1,-1,-1,-1
234,14140,385,616,44,95,1,-1,-1,-1
234,14207,541,722,49,115,1,-1,-1,-1
234,14208,823,607,42,93,1,-1,-1,-1
234,14209,847,846,74,161,1,-1,-1,-1
234,14212,1486,862,86,169,1,-1,-1,-1
234,14144,814,686,53,119,1,-1,-1,-1
234,14227,1452,663,48,106,1,-1,-1,-1
234,14228,1646,721,58,121,1,-1,-1,-1
234,14233,632,509,28,63,1,-1,-1,-1
234,14234,1222,624,40,94,1,-1,-1,-1
234,14235,1406,663,47,105,1,-1,-1,-1
234,14236,1698,561,47,78,1,-1,-1,-1
234,14216,1861,600,43,92,1,-1,-1,-1
235,14108,338,721,57,108,1,-1,-1,-1
235,14140,372,612,44,95,1,-1,-1,-1
235,14207,524,716,49,115,1,-1,-1,-1
235,14208,794,598,42,92,1,-1,-1,-1
235,14209,817,837,73,161,1,-1,-1,-1
235,14212,1462,856,84,167,1,-1,-1,-1
235,14144,783,677,53,120,1,-1,-1,-1
235,14228,1611,709,56,117,1,-1,-1,-1
235,14235,1400,652,46,104,1,-1,-1,-1
235,14236,1679,555,46,77,1,-1,-1,-1
235,14240,774,452,22,41,1,-1,-1,-1
235,14101,1826,593,49,89,1,-1,-1,-1
236,14108,316,714,58,110,1,-1,-1,-1
236,14140,348,607,44,94,1,-1,-1,-1
236,14207,496,707,48,114,1,-1,-1,-1
236,14208,785,595,41,92,1,-1,-1,-1
236,14209,806,835,74,160,1,-1,-1,-1
236,14212,1453,852,82,164,1,-1,-1,-1
236,14144,772,674,53,120,1,-1,-1,-1
236,14228,1579,700,56,115,1,-1,-1,-1
236,14235,1398,649,46,104,1,-1,-1,-1
236,14236,1652,550,46,77,1,-1,-1,-1
236,14241,603,500,28,62,1,-1,-1,-1
236,14242,1180,614,40,93,1,-1,-1,-1
236,14243,1354,657,45,101,1,-1,-1,-1
236,14101,1807,589,48,89,1,-1,-1,-1
237,14108,293,709,59,111,1,-1,-1,-1
237,14140,327,603,43,94,1,-1,-1,-1
237,14207,471,699,49,115,1,-1,-1,-1
237,14208,761,588,41,92,1,-1,-1,-1
237,14209,785,830,73,160,1,-1,-1,-1
237,14212,1419,847,79,160,1,-1,-1,-1
237,14144,743,667,53,121,1,-1,-1,-1
237,14228,1553,693,55,113,1,-1,-1,-1
237,14236,1617,541,46,76,1,-1,-1,-1
237,14243,1352,638,45,101,1,-1,-1,-1
237,14109,1305,637,46,98,1,-1,-1,-1
238,14108,271,705,59,112,1,-1,-1,-1
238,14140,309,597,43,93,1,-1,-1,-1
238,14207,450,697,49,114,1,-1,-1,-1
238,14208,742,582,41,92,1,-1,-1,-1
238,14209,757,825,74,160,1,-1,-1,-1
238,14212,1388,839,78,157,1,-1,-1,-1
238,14144,718,660,53,121,1,-1,-1,-1
238,14228,1527,685,55,114,1,-1,-1,-1
238,14236,1590,533,46,76,1,-1,-1,-1
238,14243,1333,629,45,101,1,-1,-1,-1
238,14248,1115,596,40,93,1,-1,-1,-1
238,14109,1289,634,46,98,1,-1,-1,-1
239,14108,246,700,60,112,1,-1,-1,-1
239,14140,287,589,42,93,1,-1,-1,-1
239,14207,425,692,47,109,1,-1,-1,-1
239,14208,721,573,39,90,1,-1,-1,-1
239,14209,734,815,73,159,1,-1,-1,-1
239,14212,1359,831,78,156,1,-1,-1,-1
239,14144,693,654,53,121,1,-1,-1,-1
239,14228,1507,679,55,113,1,-1,-1,-1
239,14236,1563,524,46,76,1,-1,-1,-1
239,14109,1296,624,46,98,1,-1,-1,-1
239,14155,1080,591,47,88,1,-1,-1,-1
239,14216,1864,569,37,79,1,-1,-1,-1
240,14108,225,694,60,111,1,-1,-1,-1
240,14140,268,584,42,93,1,-1,-1,-1
240,14207,403,685,48,112,1,-1,-1,-1
240,14208,702,567,40,91,1,-1,-1,-1
240,14209,712,810,72,159,1,-1,-1,-1
240,14212,1334,826,77,156,1,-1,-1,-1
240,14144,670,649,53,121,1,-1,-1,-1
240,14228,1479,670,54,112,1,-1,-1,-1
240,14236,1543,515,44,76,1,-1,-1,-1
240,14109,1285,614,45,100,1,-1,-1,-1
240,14261,1626,971,84,108,1,-1,-1,-1
240,14155,1065,584,46,91,1,-1,-1,-1
241,14108,201,690,59,110,1,-1,-1,-1
241,14140,246,575,42,93,1,-1,-1,-1
241,14207,379,677,49,112,1,-1,-1,-1
241,14208,680,557,39,91,1,-1,-1,-1
241,14209,693,803,71,158,1,-1,-1,-1
241,14212,1311,817,79,159,1,-1,-1,-1
241,14144,647,641,53,120,1,-1,-1,-1
241,14228,1453,661,53,110,1,-1,-1,-1
241,14236,1520,506,43,75,1,-1,-1,-1
241,14265,1246,606,45,99,1,-1,-1,-1
241,14269,1807,938,91,140,1,-1,-1,-1
241,14270,652,420,23,40,1,-1,-1,-1
241,14163,1031,569,46,90,1,-1,-1,-1
241,14242,1202,611,41,96,1,-1,-1,-1
241,14101,1804,603,53,103,1,-1,-1,-1
242,14108,192,688,59,111,1,-1,-1,-1
242,14140,238,571,42,93,1,-1,-1,-1
242,14207,369,673,50,113,1,-1,-1,-1
242,14208,672,553,38,91,1,-1,-1,-1
242,14209,674,796,70,156,1,-1,-1,-1
242,14212,1302,813,80,161,1,-1,-1,-1
242,14144,639,638,52,120,1,-1,-1,-1
242,14228,1444,657,53,109,1,-1,-1,-1
242,14236,1513,502,43,76,1,-1,-1,-1
242,14265,1248,604,46,100,1,-1,-1,-1
242,14269,1775,925,98,149,1,-1,-1,-1
242,14271,485,468,28,60,1,-1,-1,-1
242,14272,1620,539,46,82,1,-1,-1,-1
242,14273,1532,938,92,139,1,-1,-1,-1
242,14274,1809,549,38,66,1,-1,-1,-1
242,14163,1031,568,45,90,1,-1,-1,-1
242,14242,1203,610,41,97,1,-1,-1,-1
242,14101,1804,608,51,100,1,-1,-1,-1
243,14108,159,679,60,111,1,-1,-1,-1
243,14140,212,563,42,93,1,-1,-1,-1
243,14207,340,665,49,112,1,-1,-1,-1
243,14208,648,543,38,90,1,-1,-1,-1
243,14209,656,788,68,154,1,-1,-1,-1
243,14212,1287,806,79,160,1,-1,-1,-1
243,14144,621,631,53,120,1,-1,-1,-1
243,14228,1426,649,53,109,1,-1,-1,-1
243,14236,1498,495,44,76,1,-1,-1,-1
243,14265,1232,597,45,100,1,-1,-1,-1
243,14269,1747,918,102,153,1,-1,-1,-1
243,14272,1602,532,46,82,1,-1,-1,-1
243,14273,1494,924,101,153,1,-1,-1,-1
243,14163,1017,563,43,89,1,-1,-1,-1
243,14101,1787,603,49,99,1,-1,-1,-1
243,14234,1179,603,41,96,1,-1,-1,-1
244,14108,144,671,61,113,1,-1,-1,-1
244,14140,190,554,43,93,1,-1,-1,-1
244,14207,327,659,49,112,1,-1,-1,-1
244,14208,637,539,38,90,1,-1,-1,-1
244,14209,628,775,66,153,1,-1,-1,-1
244,14212,1260,795,76,157,1,-1,-1,-1
244,14144,591,621,53,120,1,-1,-1,-1
244,14228,1394,636,51,107,1,-1,-1,-1
244,14236,1477,487,45,75,1,-1,-1,-1
244,14269,1698,909,104,157,1,-1,-1,-1
244,14273,1432,903,115,175,1,-1,-1,-1
244,14234,1185,587,42,98,1,-1,-1,-1
244,14219,1139,587,41,96,1,-1,-1,-1
245,14108,124,666,62,113,1,-1,-1,-1
245,14140,180,549,43,93,1,-1,-1,-1
245,14207,311,654,49,111,1,-1,-1,-1
245,14208,625,533,37,90,1,-1,-1,-1
245,14209,616,770,65,152,1,-1,-1,-1
245,14212,1250,789,74,156,1,-1,-1,-1
245,14144,578,616,53,120,1,-1,-1,-1
245,14228,1381,630,51,106,1,-1,-1,-1
245,14236,1466,480,45,75,1,-1,-1,-1
245,14269,1677,902,107,163,1,-1,-1,-1
245,14273,1404,892,121,184,1,-1,-1,-1
245,14234,1185,581,41,98,1,-1,-1,-1
245,14279,429,447,28,59,1,-1,-1,-1
245,14280,973,546,35,87,1,-1,-1,-1
245,14281,1559,511,35,81,1,-1,-1,-1
245,14282,1732,582,41,97,1,-1,-1,-1
245,14283,1736,517,32,79,1,-1,-1,-1
245,14284,574,392,23,39,1,-1,-1,-1
245,14219,1132,585,41,96,1,-1,-1,-1
246,14108,104,660,63,115,1,-1,-1,-1
246,14140,167,543,42,93,1,-1,-1,-1
246,14207,293,648,49,111,1,-1,-1,-1
246,14208,613,527,37,89,1,-1,-1,-1
246,14209,601,765,64,152,1,-1,-1,-1
246,14212,1241,784,74,155,1,-1,-1,-1
246,14144,565,610,52,120,1,-1,-1,-1
246,14228,1369,622,51,107,1,-1,-1,-1
246,14236,1456,472,45,75,1,-1,-1,-1
246,14269,1655,895,107,163,1,-1,-1,-1
246,14273,1376,881,121,185,1,-1,-1,-1
246,14234,1176,573,41,98,1,-1,-1,-1
246,14279,418,440,28,60,1,-1,-1,-1
246,14280,963,540,35,87,1,-1,-1,-1
246,14281,1549,504,34,81,1,-1,-1,-1
246,14282,1719,574,42,97,1,-1,-1,-1
246,14283,1727,510,33,81,1,-1,-1,-1
246,14219,1121,578,40,96,1,-1,-1,-1
247,14108,74,653,65,116,1,-1,-1,-1
247,14140,152,536,42,94,1,-1,-1,-1
247,14207,276,643,48,110,1,-1,-1,-1
247,14208,600,520,37,90,1,-1,-1,-1
247,14209,586,760,63,152,1,-1,-1,-1
247,14212,1233,779,73,155,1,-1,-1,-1
247,14144,551,604,52,119,1,-1,-1,-1
247,14228,1359,614,50,107,1,-1,-1,-1
247,14236,1448,464,44,75,1,-1,-1,-1
247,14269,1634,886,106,163,1,-1,-1,-1
247,14273,1349,869,118,183,1,-1,-1,-1
247,14234,1164,565,42,98,1,-1,-1,-1
247,14279,403,431,29,60,1,-1,-1,-1
247,14280,949,532,35,87,1,-1,-1,-1
247,14281,1537,496,34,80,1,-1,-1,-1
247,14282,1703,564,42,98,1,-1,-1,-1
247,14283,1710,496,35,85,1,-1,-1,-1
247,14219,1107,571,41,96,1,-1,-1,-1
248,14108,58,649,66,117,1,-1,-1,-1
248,14140,136,529,43,94,1,-1,-1,-1
248,14207,258,637,48,110,1,-1,-1,-1
248,14208,587,513,36,90,1,-1,-1,-1
248,14209,569,755,64,152,1,-1,-1,-1
248,14212,1225,773,72,155,1,-1,-1,-1
248,14144,537,598,52,119,1,-1,-1,-1
248,14228,1348,607,50,105,1,-1,-1,-1
248,14236,1440,456,44,74,1,-1,-1,-1
248,14269,1610,877,104,161,1,-1,-1,-1
248,14273,1321,858,116,179,1,-1,-1,-1
248,14234,1151,556,41,98,1,-1,-1,-1
248,14279,389,423,28,60,1,-1,-1,-1
248,14280,935,524,35,87,1,-1,-1,-1
248,14281,1525,488,33,79,1,-1,-1,-1
248,14282,1687,554,42,99,1,-1,-1,-1
248,14283,1702,490,35,85,1,-1,-1,-1
248,14219,1094,563,40,96,1,-1,-1,-1
249,14108,32,640,67,121,1,-1,-1,-1
249,14140,116,519,42,95,1,-1,-1,-1
249,14207,234,630,47,109,1,-1,-1,-1
249,14208,566,502,35,89,1,-1,-1,-1
249,14209,554,751,64,151,1,-1,-1,-1
249,14212,1218,767,70,155,1,-1,-1,-1
249,14144,524,592,51,118,1,-1,-1,-1
249,14228,1338,599,50,105,1,-1,-1,-1
249,14236,1433,447,43,74,1,-1,-1,-1
249,14269,1596,868,103,158,1,-1,-1,-1
249,14273,1293,846,112,175,1,-1,-1,-1
249,14234,1137,548,42,98,1,-1,-1,-1
249,14279,374,414,29,62,1,-1,-1,-1
249,14280,922,516,35,87,1,-1,-1,-1
249,14281,1512,479,34,79,1,-1,-1,-1
249,14282,1672,544,42,99,1,-1,-1,-1
249,14283,1688,481,35,87,1,-1,-1,-1
249,14219,1080,555,40,96,1,-1,-1,-1
249,14287,514,354,23,42,1,-1,-1,-1
250,14108,10,634,67,120,1,-1,-1,-1
250,14140,100,511,43,95,1,-1,-1,-1
250,14207,221,625,47,109,1,-1,-1,-1
250,14208,558,498,35,89,1,-1,-1,-1
250,14209,526,742,65,152,1,-1,-1,-1
250,14212,1205,757,68,155,1,-1,-1,-1
250,14144,500,582,52,117,1,-1,-1,-1
250,14228,1321,586,49,106,1,-1,-1,-1
250,14236,1420,434,42,73,1,-1,-1,-1
250,14269,1578,850,101,155,1,-1,-1,-1
250,14273,1245,826,109,170,1,-1,-1,-1
250,14234,1115,534,42,98,1,-1,-1,-1
250,14280,899,503,35,87,1,-1,-1,-1
250,14281,1492,465,33,78,1,-1,-1,-1
250,14282,1655,533,42,101,1,-1,-1,-1
250,14283,1672,472,36,86,1,-1,-1,-1
250,14288,1903,559,11,105,1,-1,-1,-1
250,14155,1047,539,47,96,1,-1,-1,-1
251,14108,3,631,67,121,1,-1,-1,-1
251,14140,95,508,42,95,1,-1,-1,-1
251,14207,208,618,49,110,1,-1,-1,-1
251,14208,550,489,35,89,1,-1,-1,-1
251,14209,517,740,65,151,1,-1,-1,-1
251,14212,1201,754,67,155,1,-1,-1,-1
251,14144,492,578,51,116,1,-1,-1,-1
251,14236,1416,429,41,73,1,-1,-1,-1
251,14269,1572,842,100,155,1,-1,-1,-1
251,14273,1229,820,108,168,1,-1,-1,-1
251,14234,1107,529,41,98,1,-1,-1,-1
251,14280,887,493,35,87,1,-1,-1,-1
251,14281,1484,460,34,78,1,-1,-1,-1
251,14282,1650,525,42,101,1,-1,-1,-1
251,14283,1668,466,36,88,1,-1,-1,-1
251,14288,1902,556,11,106,1,-1,-1,-1
251,14290,493,340,23,44,1,-1,-1,-1
251,14155,1047,537,46,96,1,-1,-1,-1
251,14235,1322,582,47,106,1,-1,-1,-1
251,14279,346,397,30,63,1,-1,-1,-1
252,14108,-4,624,65,121,1,-1,-1,-1
252,14140,87,499,42,95,1,-1,-1,-1
252,14207,195,610,49,112,1,-1,-1,-1
252,14208,542,478,35,90,1,-1,-1,-1
252,14209,507,732,65,152,1,-1,-1,-1
252,14212,1194,745,68,158,1,-1,-1,-1
252,14144,483,570,51,117,1,-1,-1,-1
252,14236,1414,419,40,73,1,-1,-1,-1
252,14269,1567,834,101,154,1,-1,-1,-1
252,14273,1213,803,108,170,1,-1,-1,-1
252,14234,1099,520,41,98,1,-1,-1,-1
252,14280,879,483,35,87,1,-1,-1,-1
252,14281,1478,450,34,78,1,-1,-1,-1
252,14282,1644,516,41,100,1,-1,-1,-1
252,14283,1664,457,35,87,1,-1,-1,-1
252,14288,1894,542,13,108,1,-1,-1,-1
252,14290,486,330,23,45,1,-1,-1,-1
252,14235,1316,575,47,105,1,-1,-1,-1
252,14279,336,387,29,63,1,-1,-1,-1
252,14219,1042,530,39,94,1,-1,-1,-1
253,14108,-17,609,62,121,1,-1,-1,-1
253,14140,78,489,43,96,1,-1,-1,-1
253,14207,182,602,50,114,1,-1,-1,-1
253,14208,535,467,34,89,1,-1,-1,-1
253,14209,496,723,67,152,1,-1,-1,-1
253,14212,1186,735,68,161,1,-1,-1,-1
253,14144,473,561,51,117,1,-1,-1,-1
253,14236,1413,409,40,73,1,-1,-1,-1
253,14269,1562,824,102,156,1,-1,-1,-1
253,14273,1197,782,109,173,1,-1,-1,-1
253,14234,1092,510,41,98,1,-1,-1,-1
253,14280,872,473,35,87,1,-1,-1,-1
253,14281,1473,439,35,79,1,-1,-1,-1
253,14282,1638,505,40,100,1,-1,-1,-1
253,14283,1659,445,35,87,1,-1,-1,-1
253,14288,1890,533,14,112,1,-1,-1,-1
253,14290,476,318,24,45,1,-1,-1,-1
253,14235,1311,566,46,104,1,-1,-1,-1
253,14279,326,376,29,63,1,-1,-1,-1
253,14219,1032,521,39,93,1,-1,-1,-1
254,14108,-20,603,57,119,1,-1,-1,-1
254,14140,69,478,43,96,1,-1,-1,-1
254,14207,169,594,52,116,1,-1,-1,-1
254,14208,527,455,34,90,1,-1,-1,-1
254,14209,486,713,67,153,1,-1,-1,-1
254,14212,1177,724,70,165,1,-1,-1,-1
254,14144,462,551,52,118,1,-1,-1,-1
254,14236,1413,398,39,73,1,-1,-1,-1
254,14269,1558,814,102,158,1,-1,-1,-1
254,14273,1181,760,110,178,1,-1,-1,-1
254,14234,1084,499,41,98,1,-1,-1,-1
254,14280,865,463,35,87,1,-1,-1,-1
254,14281,1468,428,35,79,1,-1,-1,-1
254,14282,1632,495,39,98,1,-1,-1,-1
254,14283,1654,434,35,86,1,-1,-1,-1
254,14288,1887,524,16,116,1,-1,-1,-1
254,14290,467,305,24,46,1,-1,-1,-1
254,14235,1306,556,46,103,1,-1,-1,-1
254,14279,317,365,29,63,1,-1,-1,-1
254,14219,1024,512,38,91,1,-1,-1,-1
255,14140,59,467,43,96,1,-1,-1,-1
255,14207,150,582,53,118,1,-1,-1,-1
255,14208,519,443,35,91,1,-1,-1,-1
255,14209,476,704,67,153,1,-1,-1,-1
255,14212,1169,713,70,168,1,-1,-1,-1
255,14144,452,541,52,118,1,-1,-1,-1
255,14236,1413,387,37,73,1,-1,-1,-1
255,14269,1554,804,103,159,1,-1,-1,-1
255,14273,1166,738,110,182,1,-1,-1,-1
255,14234,1076,488,42,99,1,-1,-1,-1
255,14280,858,452,35,87,1,-1,-1,-1
255,14281,1462,416,35,79,1,-1,-1,-1
255,14282,1622,480,39,98,1,-1,-1,-1
255,14283,1649,422,35,86,1,-1,-1,-1
255,14288,1880,509,17,110,1,-1,-1,-1
255,14290,459,293,23,46,1,-1,-1,-1
255,14235,1300,546,46,103,1,-1,-1,-1
255,14279,309,354,28,63,1,-1,-1,-1
255,14219,1015,504,38,90,1,-1,-1,-1
256,14140,49,455,44,96,1,-1,-1,-1
256,14207,141,577,54,119,1,-1,-1,-1
256,14208,510,429,34,91,1,-1,-1,-1
256,14209,466,694,67,154,1,-1,-1,-1
256,14212,1161,702,71,171,1,-1,-1,-1
256,14144,442,531,52,119,1,-1,-1,-1
256,14236,1412,376,37,73,1,-1,-1,-1
256,14269,1550,794,104,161,1,-1,-1,-1
256,14273,1150,715,111,187,1,-1,-1,-1
256,14234,1069,478,41,99,1,-1,-1,-1
256,14280,851,441,35,87,1,-1,-1,-1
256,14281,1457,404,35,80,1,-1,-1,-1
256,14282,1619,472,38,96,1,-1,-1,-1
256,14283,1644,410,35,85,1,-1,-1,-1
256,14288,1876,494,19,112,1,-1,-1,-1
256,14290,449,280,24,47,1,-1,-1,-1
256,14235,1294,536,46,102,1,-1,-1,-1
256,14279,300,343,28,63,1,-1,-1,-1
256,14219,1007,495,37,88,1,-1,-1,-1
256,14291,0,604,9,44,1,-1,-1,-1
257,14140,39,442,43,96,1,-1,-1,-1
257,14207,131,573,55,120,1,-1,-1,-1
257,14208,505,422,34,91,1,-1,-1,-1
257,14209,454,682,67,155,1,-1,-1,-1
257,14212,1151,689,73,175,1,-1,-1,-1
257,14144,430,519,52,121,1,-1,-1,-1
257,14236,1411,363,37,72,1,-1,-1,-1
257,14269,1544,783,105,163,1,-1,-1,-1
257,14273,1133,690,109,191,1,-1,-1,-1
257,14234,1060,466,41,99,1,-1,-1,-1
257,14280,843,430,35,87,1,-1,-1,-1
257,14281,1451,390,35,81,1,-1,-1,-1
257,14282,1616,460,38,96,1,-1,-1,-1
257,14283,1637,397,36,83,1,-1,-1,-1
257,14288,1874,482,20,113,1,-1,-1,-1
257,14290,439,266,24,47,1,-1,-1,-1
257,14235,1288,525,45,101,1,-1,-1,-1
257,14279,290,330,28,63,1,-1,-1,-1
257,14219,997,486,37,85,1,-1,-1,-1
258,14140,31,435,44,96,1,-1,-1,-1
258,14207,121,570,55,120,1,-1,-1,-1
258,14208,501,417,33,91,1,-1,-1,-1
258,14209,446,676,67,156,1,-1,-1,-1
258,14212,1147,681,74,176,1,-1,-1,-1
258,14144,423,513,51,121,1,-1,-1,-1
258,14236,1413,356,36,72,1,-1,-1,-1
258,14269,1546,777,105,165,1,-1,-1,-1
258,14273,1124,675,106,191,1,-1,-1,-1
258,14234,1056,459,41,99,1,-1,-1,-1
258,14280,838,423,34,88,1,-1,-1,-1
258,14281,1449,383,35,81,1,-1,-1,-1
258,14282,1616,455,37,95,1,-1,-1,-1
258,14283,1636,389,35,84,1,-1,-1,-1
258,14288,1873,477,22,112,1,-1,-1,-1
258,14290,432,258,24,47,1,-1,-1,-1
258,14235,1285,518,46,101,1,-1,-1,-1
258,14279,284,324,27,63,1,-1,-1,-1
258,14219,992,479,36,86,1,-1,-1,-1
259,14140,25,431,43,96,1,-1,-1,-1
259,14207,111,566,55,121,1,-1,-1,-1
259,14208,498,412,33,91,1,-1,-1,-1
259,14209,436,673,68,156,1,-1,-1,-1
259,14212,1138,669,75,181,1,-1,-1,-1
259,14144,415,509,51,121,1,-1,-1,-1
259,14236,1415,351,35,71,1,-1,-1,-1
259,14269,1551,772,105,167,1,-1,-1,-1
259,14273,1129,669,99,182,1,-1,-1,-1
259,14234,1052,454,41,99,1,-1,-1,-1
259,14280,834,418,35,89,1,-1,-1,-1
259,14281,1448,377,35,81,1,-1,-1,-1
259,14282,1615,451,38,95,1,-1,-1,-1
259,14283,1635,384,36,84,1,-1,-1,-1
259,14288,1873,472,23,113,1,-1,-1,-1
259,14290,427,252,23,47,1,-1,-1,-1
259,14235,1284,512,46,102,1,-1,-1,-1
259,14279,279,319,27,63,1,-1,-1,-1
259,14219,987,473,37,88,1,-1,-1,-1
260,14140,18,426,44,96,1,-1,-1,-1
260,14207,100,562,56,122,1,-1,-1,-1
260,14208,494,407,33,91,1,-1,-1,-1
260,14209,427,669,68,159,1,-1,-1,-1
260,14212,1129,659,75,178,1,-1,-1,-1
260,14144,409,504,50,123,1,-1,-1,-1
260,14236,1419,346,34,70,1,-1,-1,-1
260,14269,1556,769,106,168,1,-1,-1,-1
260,14273,1134,664,94,179,1,-1,-1,-1
260,14234,1050,450,40,99,1,-1,-1,-1
260,14280,830,414,34,89,1,-1,-1,-1
260,14281,1448,372,34,81,1,-1,-1,-1
260,14282,1615,447,37,96,1,-1,-1,-1
260,14283,1635,379,37,85,1,-1,-1,-1
260,14288,1872,467,26,114,1,-1,-1,-1
260,14290,422,247,22,47,1,-1,-1,-1
260,14235,1285,506,46,104,1,-1,-1,-1
260,14279,273,314,27,63,1,-1,-1,-1
260,14219,982,468,38,90,1,-1,-1,-1
261,14140,13,422,43,97,1,-1,-1,-1
261,14207,84,557,55,121,1,-1,-1,-1
261,14208,491,403,32,91,1,-1,-1,-1
261,14209,418,666,68,159,1,-1,-1,-1
261,14212,1123,649,72,173,1,-1,-1,-1
261,14144,402,500,51,124,1,-1,-1,-1
261,14236,1422,341,33,69,1,-1,-1,-1
261,14269,1563,765,105,170,1,-1,-1,-1
261,14273,1138,659,90,177,1,-1,-1,-1
261,14234,1047,445,41,99,1,-1,-1,-1
261,14280,826,410,34,90,1,-1,-1,-1
261,14281,1448,367,35,82,1,-1,-1,-1
261,14282,1615,443,38,97,1,-1,-1,-1
261,14283,1636,374,37,86,1,-1,-1,-1
261,14288,1872,463,27,114,1,-1,-1,-1
261,14290,417,242,22,47,1,-1,-1,-1
261,14235,1285,500,47,105,1,-1,-1,-1
261,14279,268,310,27,63,1,-1,-1,-1
261,14219,977,462,39,93,1,-1,-1,-1
262,14140,6,418,43,97,1,-1,-1,-1
262,14207,78,555,55,122,1,-1,-1,-1
262,14208,486,397,32,91,1,-1,-1,-1
262,14209,408,663,69,160,1,-1,-1,-1
262,14212,1116,640,70,166,1,-1,-1,-1
262,14144,396,496,50,125,1,-1,-1,-1
262,14236,1424,336,33,68,1,-1,-1,-1
262,14269,1569,761,105,172,1,-1,-1,-1
262,14273,1143,653,86,177,1,-1,-1,-1
262,14234,1044,441,40,99,1,-1,-1,-1
262,14280,822,406,34,91,1,-1,-1,-1
262,14281,1449,363,34,81,1,-1,-1,-1
262,14282,1615,440,37,96,1,-1,-1,-1
262,14283,1636,370,37,86,1,-1,-1,-1
262,14288,1872,460,29,114,1,-1,-1,-1
262,14290,412,237,22,47,1,-1,-1,-1
262,14235,1285,494,47,107,1,-1,-1,-1
262,14279,263,306,26,63,1,-1,-1,-1
262,14219,973,457,39,95,1,-1,-1,-1
263,14140,-1,413,42,97,1,-1,-1,-1
263,14207,69,553,55,123,1,-1,-1,-1
263,14208,484,393,32,91,1,-1,-1,-1
263,14209,396,658,70,163,1,-1,-1,-1
263,14212,1107,627,67,158,1,-1,-1,-1
263,14144,387,491,49,125,1,-1,-1,-1
263,14236,1428,329,32,67,1,-1,-1,-1
263,14269,1578,757,104,174,1,-1,-1,-1
263,14273,1147,646,83,176,1,-1,-1,-1
263,14234,1041,435,40,99,1,-1,-1,-1
263,14280,817,401,34,92,1,-1,-1,-1
263,14281,1449,357,34,81,1,-1,-1,-1
263,14282,1615,435,37,98,1,-1,-1,-1
263,14283,1637,363,37,87,1,-1,-1,-1
263,14288,1871,454,31,115,1,-1,-1,-1
263,14290,405,230,22,47,1,-1,-1,-1
263,14235,1284,487,48,109,1,-1,-1,-1
263,14279,256,300,26,63,1,-1,-1,-1
263,14219,967,450,40,98,1,-1,-1,-1
264,14140,-4,410,41,96,1,-1,-1,-1
264,14207,60,551,56,126,1,-1,-1,-1
264,14208,482,390,32,92,1,-1,-1,-1
264,14209,390,658,70,163,1,-1,-1,-1
264,14212,1102,623,66,157,1,-1,-1,-1
264,14144,382,488,49,127,1,-1,-1,-1
264,14236,1431,326,32,68,1,-1,-1,-1
264,14269,1585,756,103,176,1,-1,-1,-1
264,14273,1150,644,81,177,1,-1,-1,-1
264,14234,1040,432,39,99,1,-1,-1,-1
264,14280,814,399,33,92,1,-1,-1,-1
264,14281,1450,353,34,81,1,-1,-1,-1
264,14282,1616,432,36,98,1,-1,-1,-1
264,14283,1638,360,38,88,1,-1,-1,-1
264,14288,1871,451,33,115,1,-1,-1,-1
264,14290,401,226,22,47,1,-1,-1,-1
264,14235,1285,484,48,110,1,-1,-1,-1
264,14279,252,297,26,63,1,-1,-1,-1
264,14219,964,446,41,100,1,-1,-1,-1
264,14295,1208,622,34,21,1,-1,-1,-1
265,14140,-6,410,40,93,1,-1,-1,-1
265,14207,49,550,57,127,1,-1,-1,-1
265,14208,479,388,32,91,1,-1,-1,-1
265,14209,383,659,71,164,1,-1,-1,-1
265,14212,1097,621,67,161,1,-1,-1,-1
265,14144,378,486,49,128,1,-1,-1,-1
265,14236,1435,323,33,69,1,-1,-1,-1
265,14269,1593,755,104,179,1,-1,-1,-1
265,14273,1153,645,80,178,1,-1,-1,-1
265,14234,1039,430,39,100,1,-1,-1,-1
265,14280,811,396,33,93,1,-1,-1,-1
265,14281,1451,350,34,82,1,-1,-1,-1
265,14282,1617,430,37,99,1,-1,-1,-1
265,14283,1640,357,38,88,1,-1,-1,-1
265,14288,1871,449,34,115,1,-1,-1,-1
265,14290,398,223,22,47,1,-1,-1,-1
265,14235,1287,483,49,110,1,-1,-1,-1
265,14279,249,295,25,63,1,-1,-1,-1
265,14219,961,443,41,102,1,-1,-1,-1
266,14140,-6,410,37,89,1,-1,-1,-1
266,14207,39,549,58,129,1,-1,-1,-1
266,14208,477,385,31,91,1,-1,-1,-1
266,14209,376,660,72,165,1,-1,-1,-1
266,14212,1092,620,68,165,1,-1,-1,-1
266,14144,373,485,49,129,1,-1,-1,-1
266,14236,1438,320,33,71,1,-1,-1,-1
266,14269,1603,755,104,182,1,-1,-1,-1
266,14273,1156,646,79,180,1,-1,-1,-1
266,14234,1038,428,40,100,1,-1,-1,-1
266,14280,809,393,33,94,1,-1,-1,-1
266,14281,1452,347,34,82,1,-1,-1,-1
266,14282,1619,427,37,100,1,-1,-1,-1
266,14283,1643,354,37,88,1,-1,-1,-1
266,14288,1872,447,36,115,1,-1,-1,-1
266,14290,395,219,22,48,1,-1,-1,-1
266,14235,1290,483,48,109,1,-1,-1,-1
266,14279,245,292,26,63,1,-1,-1,-1
266,14219,959,441,41,103,1,-1,-1,-1
266,14296,1252,608,33,20,1,-1,-1,-1
267,14140,-7,409,34,85,1,-1,-1,-1
267,14207,28,548,59,131,1,-1,-1,-1
267,14208,474,382,32,91,1,-1,-1,-1
267,14209,370,662,72,166,1,-1,-1,-1
267,14212,1087,619,68,171,1,-1,-1,-1
267,14144,368,484,50,130,1,-1,-1,-1
267,14236,1442,317,34,73,1,-1,-1,-1
267,14269,1614,756,103,184,1,-1,-1,-1
267,14273,1159,647,79,182,1,-1,-1,-1
267,14234,1038,426,39,100,1,-1,-1,-1
267,14280,806,390,33,94,1,-1,-1,-1
267,14281,1453,345,35,82,1,-1,-1,-1
267,14282,1620,424,38,102,1,-1,-1,-1
267,14283,1646,351,37,89,1,-1,-1,-1
267,14288,1873,444,37,115,1,-1,-1,-1
267,14290,391,216,22,48,1,-1,-1,-1
267,14235,1292,482,48,109,1,-1,-1,-1
267,14279,241,288,26,65,1,-1,-1,-1
267,14219,956,439,41,104,1,-1,-1,-1
268,14140,-5,427,26,66,1,-1,-1,-1
268,14207,15,546,62,135,1,-1,-1,-1
268,14208,470,377,31,91,1,-1,-1,-1
268,14209,363,665,73,166,1,-1,-1,-1
268,14212,1082,618,69,176,1,-1,-1,-1
268,14144,364,482,49,132,1,-1,-1,-1
268,14236,1446,313,34,75,1,-1,-1,-1
268,14269,1625,756,103,187,1,-1,-1,-1
268,14273,1160,649,80,183,1,-1,-1,-1
268,14234,1037,424,39,101,1,-1,-1,-1
268,14280,803,387,33,95,1,-1,-1,-1
268,14281,1454,342,35,83,1,-1,-1,-1
268,14282,1622,421,38,103,1,-1,-1,-1
268,14283,1648,348,38,89,1,-1,-1,-1
268,14288,1875,442,37,115,1,-1,-1,-1
268,14290,387,212,22,48,1,-1,-1,-1
268,14235,1294,482,49,109,1,-1,-1,-1
268,14279,237,285,26,65,1,-1,-1,-1
268,14219,953,437,42,105,1,-1,-1,-1
269,14140,-3,446,17,44,1,-1,-1,-1
269,14207,6,548,62,135,1,-1,-1,-1
269,14208,467,376,31,91,1,-1,-1,-1
269,14209,353,667,75,167,1,-1,-1,-1
269,14212,1074,617,71,185,1,-1,-1,-1
269,14144,357,480,50,134,1,-1,-1,-1
269,14236,1452,308,35,78,1,-1,-1,-1
269,14269,1639,756,104,192,1,-1,-1,-1
269,14273,1163,651,83,186,1,-1,-1,-1
269,14234,1036,421,39,102,1,-1,-1,-1
269,14280,798,382,33,96,1,-1,-1,-1
269,14281,1455,338,36,83,1,-1,-1,-1
269,14282,1624,417,39,104,1,-1,-1,-1
269,14283,1652,343,37,89,1,-1,-1,-1
269,14288,1877,438,37,115,1,-1,-1,-1
269,14290,382,206,22,49,1,-1,-1,-1
269,14235,1297,482,50,108,1,-1,-1,-1
269,14279,231,281,26,66,1,-1,-1,-1
269,14219,949,433,43,108,1,-1,-1,-1
270,14140,-1,454,14,38,1,-1,-1,-1
270,14207,-2,551,61,135,1,-1,-1,-1
270,14208,462,374,31,91,1,-1,-1,-1
270,14209,346,668,77,167,1,-1,-1,-1
270,14212,1070,617,69,189,1,-1,-1,-1
270,14144,353,480,50,133,1,-1,-1,-1
270,14236,1454,306,35,79,1,-1,-1,-1
270,14269,1645,756,103,194,1,-1,-1,-1
270,14273,1162,655,84,185,1,-1,-1,-1
270,14234,1034,419,39,103,1,-1,-1,-1
270,14280,795,381,33,96,1,-1,-1,-1
270,14281,1455,336,36,83,1,-1,-1,-1
270,14282,1624,415,39,105,1,-1,-1,-1
270,14283,1652,341,38,90,1,-1,-1,-1
270,14288,1877,437,38,115,1,-1,-1,-1
270,14290,377,202,23,49,1,-1,-1,-1
270,14235,1296,482,51,108,1,-1,-1,-1
270,14279,227,279,26,66,1,-1,-1,-1
270,14219,946,432,43,108,1,-1,-1,-1
271,14207,-5,551,56,126,1,-1,-1,-1
271,14208,455,372,31,92,1,-1,-1,-1
271,14209,335,668,77,168,1,-1,-1,-1
271,14212,1059,620,68,188,1,-1,-1,-1
271,14144,346,480,50,132,1,-1,-1,-1
271,14236,1452,305,36,78,1,-1,-1,-1
271,14269,1647,757,103,194,1,-1,-1,-1
271,14273,1157,666,82,178,1,-1,-1,-1
271,14234,1028,417,39,103,1,-1,-1,-1
271,14280,788,380,32,96,1,-1,-1,-1
271,14281,1451,334,36,84,1,-1,-1,-1
271,14282,1619,414,40,105,1,-1,-1,-1
271,14283,1649,339,38,90,1,-1,-1,-1
271,14288,1872,436,38,114,1,-1,-1,-1
271,14290,375,201,22,49,1,-1,-1,-1
271,14235,1292,482,52,108,1,-1,-1,-1
271,14279,217,276,27,67,1,-1,-1,-1
271,14219,939,431,43,108,1,-1,-1,-1
271,14300,1367,594,29,19,1,-1,-1,-1
272,14207,-10,557,49,114,1,-1,-1,-1
272,14208,447,370,32,93,1,-1,-1,-1
272,14209,323,667,77,169,1,-1,-1,-1
272,14212,1045,625,67,187,1,-1,-1,-1
272,14144,334,481,50,129,1,-1,-1,-1
272,14236,1450,303,35,78,1,-1,-1,-1
272,14269,1647,757,103,195,1,-1,-1,-1
272,14273,1150,680,81,169,1,-1,-1,-1
272,14234,1020,415,39,104,1,-1,-1,-1
272,14280,779,379,32,96,1,-1,-1,-1
272,14281,1445,331,37,84,1,-1,-1,-1
272,14282,1613,412,40,105,1,-1,-1,-1
272,14283,1643,337,39,90,1,-1,-1,-1
272,14288,1864,434,40,114,1,-1,-1,-1
272,14290,366,199,23,50,1,-1,-1,-1
272,14235,1286,481,51,108,1,-1,-1,-1
272,14279,206,274,27,68,1,-1,-1,-1
272,14219,931,430,43,108,1,-1,-1,-1
272,14300,1377,597,29,19,1,-1,-1,-1
273,14207,-9,570,38,91,1,-1,-1,-1
273,14208,439,368,33,93,1,-1,-1,-1
273,14209,309,666,79,170,1,-1,-1,-1
273,14212,1030,629,67,186,1,-1,-1,-1
273,14144,329,482,50,127,1,-1,-1,-1
273,14236,1447,301,34,78,1,-1,-1,-1
273,14269,1647,757,103,196,1,-1,-1,-1
273,14273,1143,696,78,158,1,-1,-1,-1
273,14234,1012,413,39,105,1,-1,-1,-1
273,14280,768,377,33,96,1,-1,-1,-1
273,14281,1439,329,37,84,1,-1,-1,-1
273,14282,1605,410,42,106,1,-1,-1,-1
273,14283,1637,335,38,90,1,-1,-1,-1
273,14288,1857,433,41,113,1,-1,-1,-1
273,14290,355,196,22,50,1,-1,-1,-1
273,14235,1279,481,52,107,1,-1,-1,-1
273,14279,193,272,27,68,1,-1,-1,-1
273,14219,922,429,43,107,1,-1,-1,-1
273,14300,1390,601,29,19,1,-1,-1,-1
274,14208,427,366,33,94,1,-1,-1,-1
274,14209,296,665,79,171,1,-1,-1,-1
274,14212,1015,634,67,184,1,-1,-1,-1
274,14144,316,481,52,128,1,-1,-1,-1
274,14236,1444,299,34,79,1,-1,-1,-1
274,14269,1645,757,105,196,1,-1,-1,-1
274,14273,1135,711,76,149,1,-1,-1,-1
274,14234,1003,412,39,105,1,-1,-1,-1
274,14280,758,376,33,95,1,-1,-1,-1
274,14281,1433,327,37,84,1,-1,-1,-1
274,14282,1597,408,43,107,1,-1,-1,-1
274,14283,1630,333,39,90,1,-1,-1,-1
274,14288,1849,432,42,112,1,-1,-1,-1
274,14290,343,193,22,50,1,-1,-1,-1
274,14235,1272,481,53,107,1,-1,-1,-1
274,14279,180,270,28,68,1,-1,-1,-1
274,14219,912,428,45,107,1,-1,-1,-1
274,14300,1403,604,29,19,1,-1,-1,-1
275,14208,421,365,34,94,1,-1,-1,-1
275,14209,275,664,78,173,1,-1,-1,-1
275,14212,989,642,68,181,1,-1,-1,-1
275,14144,292,477,53,131,1,-1,-1,-1
275,14236,1439,296,34,78,1,-1,-1,-1
275,14269,1644,758,107,196,1,-1,-1,-1
275,14273,1122,736,72,132,1,-1,-1,-1
275,14234,989,409,40,105,1,-1,-1,-1
275,14280,741,375,33,95,1,-1,-1,-1
275,14281,1424,323,37,85,1,-1,-1,-1
275,14282,1585,405,43,107,1,-1,-1,-1
275,14283,1619,329,40,90,1,-1,-1,-1
275,14288,1836,430,44,110,1,-1,-1,-1
275,14235,1261,481,53,106,1,-1,-1,-1
275,14279,159,266,29,69,1,-1,-1,-1
275,14219,897,427,46,107,1,-1,-1,-1
276,14209,267,664,78,173,1,-1,-1,-1
276,14212,971,664,64,159,1,-1,-1,-1
276,14144,269,475,55,132,1,-1,-1,-1
276,14236,1437,295,33,78,1,-1,-1,-1
276,14269,1638,756,109,196,1,-1,-1,-1
276,14273,1112,751,74,130,1,-1,-1,-1
276,14234,984,408,39,105,1,-1,-1,-1
276,14280,734,374,34,95,1,-1,-1,-1
276,14281,1419,321,37,85,1,-1,-1,-1
276,14282,1569,404,44,106,1,-1,-1,-1
276,14283,1606,325,41,92,1,-1,-1,-1
276,14288,1823,429,46,107,1,-1,-1,-1
276,14235,1257,481,53,106,1,-1,-1,-1
276,14279,139,263,29,71,1,-1,-1,-1
276,14219,891,426,47,107,1,-1,-1,-1
276,14301,315,188,20,51,1,-1,-1,-1
277,14209,248,664,79,174,1,-1,-1,-1
277,14212,950,658,68,167,1,-1,-1,-1
277,14144,252,474,55,133,1,-1,-1,-1
277,14236,1426,292,33,78,1,-1,-1,-1
277,14269,1636,754,108,196,1,-1,-1,-1
277,14273,1093,756,76,130,1,-1,-1,-1
277,14234,964,407,39,106,1,-1,-1,-1
277,14281,1407,319,37,85,1,-1,-1,-1
277,14282,1555,402,46,106,1,-1,-1,-1
277,14283,1602,324,41,92,1,-1,-1,-1
277,14288,1804,428,48,107,1,-1,-1,-1
277,14235,1242,484,54,104,1,-1,-1,-1
277,14279,117,261,29,71,1,-1,-1,-1
277,14219,870,427,49,107,1,-1,-1,-1
277,14302,369,364,41,95,1,-1,-1,-1
278,14209,225,666,79,175,1,-1,-1,-1
278,14212,927,661,69,164,1,-1,-1,-1
278,14144,232,474,55,133,1,-1,-1,-1
278,14236,1413,289,33,79,1,-1,-1,-1
278,14269,1632,749,108,198,1,-1,-1,-1
278,14273,1073,755,79,133,1,-1,-1,-1
278,14234,945,405,40,108,1,-1,-1,-1
278,14281,1391,316,37,86,1,-1,-1,-1
278,14282,1539,400,47,106,1,-1,-1,-1
278,14283,1589,322,42,91,1,-1,-1,-1
278,14288,1787,428,49,105,1,-1,-1,-1
278,14235,1227,484,57,104,1,-1,-1,-1
278,14279,96,261,29,70,1,-1,-1,-1
278,14219,850,428,50,106,1,-1,-1,-1
278,14302,351,361,41,97,1,-1,-1,-1
278,14303,686,368,36,95,1,-1,-1,-1
278,14304,1876,521,40,103,1,-1,-1,-1
279,14209,201,667,80,176,1,-1,-1,-1
279,14212,903,666,69,159,1,-1,-1,-1
279,14144,209,473,56,135,1,-1,-1,-1
279,14236,1397,286,33,79,1,-1,-1,-1
279,14269,1628,744,107,200,1,-1,-1,-1
279,14273,1052,750,83,139,1,-1,-1,-1
279,14234,926,403,41,109,1,-1,-1,-1
279,14281,1374,313,37,86,1,-1,-1,-1
279,14282,1522,399,48,105,1,-1,-1,-1
279,14283,1574,319,42,91,1,-1,-1,-1
279,14288,1768,427,50,103,1,-1,-1,-1
279,14235,1212,483,60,105,1,-1,-1,-1
279,14279,71,259,29,71,1,-1,-1,-1
279,14219,830,428,52,105,1,-1,-1,-1
279,14302,328,359,42,97,1,-1,-1,-1
279,14303,668,366,36,95,1,-1,-1,-1
279,14304,1865,519,44,111,1,-1,-1,-1
280,14209,176,669,81,176,1,-1,-1,-1
280,14212,878,673,69,152,1,-1,-1,-1
280,14144,185,473,57,135,1,-1,-1,-1
280,14236,1381,282,34,80,1,-1,-1,-1
280,14269,1624,738,107,203,1,-1,-1,-1
280,14273,1030,744,87,146,1,-1,-1,-1
280,14234,908,401,41,111,1,-1,-1,-1
280,14281,1356,310,38,86,1,-1,-1,-1
280,14282,1503,397,50,105,1,-1,-1,-1
280,14283,1557,316,43,91,1,-1,-1,-1
280,14288,1749,427,52,100,1,-1,-1,-1
280,14235,1197,482,63,105,1,-1,-1,-1
280,14279,45,258,30,71,1,-1,-1,-1
280,14219,811,428,53,104,1,-1,-1,-1
280,14302,306,357,42,98,1,-1,-1,-1
280,14303,647,365,36,95,1,-1,-1,-1
280,14304,1832,515,47,114,1,-1,-1,-1
281,14209,151,671,81,177,1,-1,-1,-1
281,14212,852,681,69,144,1,-1,-1,-1
281,14144,161,472,58,136,1,-1,-1,-1
281,14236,1366,278,33,81,1,-1,-1,-1
281,14269,1620,733,106,204,1,-1,-1,-1
281,14273,1009,738,89,153,1,-1,-1,-1
281,14234,889,399,42,113,1,-1,-1,-1
281,14281,1338,307,39,86,1,-1,-1,-1
281,14282,1485,395,51,105,1,-1,-1,-1
281,14283,1540,313,43,91,1,-1,-1,-1
281,14288,1730,426,53,98,1,-1,-1,-1
281,14235,1182,481,66,106,1,-1,-1,-1
281,14219,791,429,55,102,1,-1,-1,-1
281,14302,281,354,42,99,1,-1,-1,-1
281,14303,626,363,36,95,1,-1,-1,-1
281,14304,1814,512,49,116,1,-1,-1,-1
282,14209,121,672,84,179,1,-1,-1,-1
282,14212,823,689,68,135,1,-1,-1,-1
282,14144,133,471,59,137,1,-1,-1,-1
282,14236,1348,275,34,81,1,-1,-1,-1
282,14269,1615,726,105,208,1,-1,-1,-1
282,14273,986,731,90,160,1,-1,-1,-1
282,14234,868,397,43,113,1,-1,-1,-1
282,14281,1318,303,39,87,1,-1,-1,-1
282,14282,1463,393,53,104,1,-1,-1,-1
282,14283,1520,309,43,91,1,-1,-1,-1
282,14288,1709,425,53,96,1,-1,-1,-1
282,14235,1164,479,70,107,1,-1,-1,-1
282,14219,768,429,56,102,1,-1,-1,-1
282,14302,262,353,43,100,1,-1,-1,-1
282,14303,602,361,36,95,1,-1,-1,-1
282,14304,1779,508,54,121,1,-1,-1,-1
283,14209,104,674,85,180,1,-1,-1,-1
283,14212,798,690,71,134,1,-1,-1,-1
283,14144,116,471,59,138,1,-1,-1,-1
283,14236,1333,272,35,83,1,-1,-1,-1
283,14269,1610,724,102,208,1,-1,-1,-1
283,14273,969,727,92,165,1,-1,-1,-1
283,14234,850,396,44,114,1,-1,-1,-1
283,14281,1301,301,40,87,1,-1,-1,-1
283,14282,1447,393,54,103,1,-1,-1,-1
283,14283,1504,307,43,90,1,-1,-1,-1
283,14288,1691,423,57,96,1,-1,-1,-1
283,14235,1153,478,73,107,1,-1,-1,-1
283,14219,752,429,59,101,1,-1,-1,-1
283,14302,242,352,43,100,1,-1,-1,-1
283,14303,583,360,37,96,1,-1,-1,-1
283,14304,1750,506,56,122,1,-1,-1,-1
283,14279,-5,256,26,70,1,-1,-1,-1
284,14209,83,674,86,182,1,-1,-1,-1
284,14212,768,690,76,136,1,-1,-1,-1
284,14144,94,471,60,140,1,-1,-1,-1
284,14236,1318,269,35,83,1,-1,-1,-1
284,14269,1604,724,100,207,1,-1,-1,-1
284,14273,952,723,93,170,1,-1,-1,-1
284,14234,831,395,44,116,1,-1,-1,-1
284,14281,1284,300,40,87,1,-1,-1,-1
284,14282,1431,393,55,102,1,-1,-1,-1
284,14283,1488,305,44,90,1,-1,-1,-1
284,14288,1673,421,59,95,1,-1,-1,-1
284,14235,1143,476,75,108,1,-1,-1,-1
284,14219,737,428,61,101,1,-1,-1,-1
284,14302,222,351,43,101,1,-1,-1,-1
284,14303,563,360,37,97,1,-1,-1,-1
284,14304,1728,504,59,124,1,-1,-1,-1
284,14313,1860,526,52,130,1,-1,-1,-1
285,14209,60,675,88,184,1,-1,-1,-1
285,14212,738,687,80,141,1,-1,-1,-1
285,14144,71,471,60,143,1,-1,-1,-1
285,14236,1303,267,35,83,1,-1,-1,-1
285,14269,1596,725,99,205,1,-1,-1,-1
285,14273,936,720,94,175,1,-1,-1,-1
285,14234,811,395,45,116,1,-1,-1,-1
285,14281,1267,298,40,87,1,-1,-1,-1
285,14282,1414,394,56,101,1,-1,-1,-1
285,14283,1471,303,45,90,1,-1,-1,-1
285,14288,1655,418,61,96,1,-1,-1,-1
285,14235,1133,475,77,108,1,-1,-1,-1
285,14219,722,427,63,102,1,-1,-1,-1
285,14302,202,351,43,101,1,-1,-1,-1
285,14303,541,361,38,98,1,-1,-1,-1
285,14304,1703,502,61,124,1,-1,-1,-1
285,14313,1855,525,52,130,1,-1,-1,-1
286,14209,38,676,88,187,1,-1,-1,-1
286,14212,708,684,84,146,1,-1,-1,-1
286,14144,48,471,60,145,1,-1,-1,-1
286,14236,1287,265,36,84,1,-1,-1,-1
286,14269,1587,726,99,204,1,-1,-1,-1
286,14273,919,716,96,180,1,-1,-1,-1
286,14234,791,395,45,116,1,-1,-1,-1
286,14281,1250,296,40,87,1,-1,-1,-1
286,14282,1397,395,56,100,1,-1,-1,-1
286,14283,1455,300,45,90,1,-1,-1,-1
286,14288,1637,416,64,97,1,-1,-1,-1
286,14235,1124,474,79,108,1,-1,-1,-1
286,14219,708,426,65,102,1,-1,-1,-1
286,14302,181,350,43,102,1,-1,-1,-1
286,14303,520,361,38,100,1,-1,-1,-1
286,14304,1677,499,64,125,1,-1,-1,-1
286,14313,1826,518,52,127,1,-1,-1,-1
287,14209,5,680,89,191,1,-1,-1,-1
287,14212,677,682,90,150,1,-1,-1,-1
287,14144,11,470,59,149,1,-1,-1,-1
287,14236,1271,262,37,84,1,-1,-1,-1
287,14269,1579,727,99,202,1,-1,-1,-1
287,14273,902,712,98,185,1,-1,-1,-1
287,14234,772,395,45,116,1,-1,-1,-1
287,14281,1232,294,41,87,1,-1,-1,-1
287,14282,1381,396,56,99,1,-1,-1,-1
287,14283,1438,298,45,90,1,-1,-1,-1
287,14288,1618,413,67,97,1,-1,-1,-1
287,14235,1115,472,81,109,1,-1,-1,-1
287,14219,693,426,68,103,1,-1,-1,-1
287,14303,498,362,39,101,1,-1,-1,-1
287,14304,1637,494,65,127,1,-1,-1,-1
287,14313,1792,513,53,128,1,-1,-1,-1
288,14209,-12,682,86,193,1,-1,-1,-1
288,14212,638,678,94,156,1,-1,-1,-1
288,14144,-10,472,57,151,1,-1,-1,-1
288,14236,1250,259,38,85,1,-1,-1,-1
288,14269,1567,728,101,200,1,-1,-1,-1
288,14273,879,707,102,192,1,-1,-1,-1
288,14234,746,395,45,117,1,-1,-1,-1
288,14281,1210,292,40,87,1,-1,-1,-1
288,14282,1360,397,57,97,1,-1,-1,-1
288,14283,1416,295,47,91,1,-1,-1,-1
288,14288,1594,409,70,99,1,-1,-1,-1
288,14235,1103,471,83,109,1,-1,-1,-1
288,14219,674,425,70,103,1,-1,-1,-1
288,14303,471,362,38,103,1,-1,-1,-1
288,14304,1603,491,69,128,1,-1,-1,-1
288,14313,1778,511,54,129,1,-1,-1,-1
288,14302,117,350,45,104,1,-1,-1,-1
289,14209,-23,686,82,193,1,-1,-1,-1
289,14212,614,676,98,160,1,-1,-1,-1
289,14236,1238,258,39,85,1,-1,-1,-1
289,14269,1558,728,102,199,1,-1,-1,-1
289,14273,865,706,104,195,1,-1,-1,-1
289,14234,731,395,45,117,1,-1,-1,-1
289,14281,1197,291,41,87,1,-1,-1,-1
289,14282,1346,397,58,96,1,-1,-1,-1
289,14283,1404,294,47,91,1,-1,-1,-1
289,14288,1581,407,72,99,1,-1,-1,-1
289,14235,1097,470,84,110,1,-1,-1,-1
289,14219,662,424,72,104,1,-1,-1,-1
289,14303,455,362,39,105,1,-1,-1,-1
289,14304,1571,486,71,131,1,-1,-1,-1
289,14313,1736,507,58,132,1,-1,-1,-1
289,14320,0,157,18,50,1,-1,-1,-1
289,14302,85,351,45,103,1,-1,-1,-1
290,14209,-33,684,76,194,1,-1,-1,-1
290,14212,588,674,100,164,1,-1,-1,-1
290,14236,1226,258,39,84,1,-1,-1,-1
290,14269,1541,726,102,197,1,-1,-1,-1
290,14273,850,706,104,198,1,-1,-1,-1
290,14234,715,395,46,117,1,-1,-1,-1
290,14281,1183,290,40,87,1,-1,-1,-1
290,14282,1324,394,60,98,1,-1,-1,-1
290,14283,1392,295,47,90,1,-1,-1,-1
290,14288,1567,405,74,99,1,-1,-1,-1
290,14235,1091,471,85,110,1,-1,-1,-1
290,14219,650,423,74,105,1,-1,-1,-1
290,14303,437,362,39,106,1,-1,-1,-1
290,14304,1548,484,74,132,1,-1,-1,-1
290,14313,1707,506,60,130,1,-1,-1,-1
290,14302,53,353,45,102,1,-1,-1,-1
290,14321,0,474,10,151,1,-1,-1,-1
291,14209,-34,683,70,195,1,-1,-1,-1
291,14212,560,671,103,168,1,-1,-1,-1
291,14236,1213,258,40,84,1,-1,-1,-1
291,14269,1534,726,103,196,1,-1,-1,-1
291,14273,834,707,105,201,1,-1,-1,-1
291,14234,699,395,46,117,1,-1,-1,-1
291,14281,1168,290,41,87,1,-1,-1,-1
291,14282,1315,392,61,99,1,-1,-1,-1
291,14283,1379,295,47,90,1,-1,-1,-1
291,14288,1554,404,74,99,1,-1,-1,-1
291,14235,1085,471,86,112,1,-1,-1,-1
291,14219,638,423,76,105,1,-1,-1,-1
291,14303,418,362,40,108,1,-1,-1,-1
291,14304,1525,483,74,133,1,-1,-1,-1
291,14313,1690,505,63,131,1,-1,-1,-1
291,14302,25,355,46,104,1,-1,-1,-1
292,14212,533,669,105,172,1,-1,-1,-1
292,14236,1201,258,40,84,1,-1,-1,-1
292,14269,1530,725,104,197,1,-1,-1,-1
292,14273,817,708,106,203,1,-1,-1,-1
292,14234,683,395,47,117,1,-1,-1,-1
292,14281,1153,290,41,87,1,-1,-1,-1
292,14282,1309,392,62,99,1,-1,-1,-1
292,14283,1367,295,47,89,1,-1,-1,-1
292,14288,1541,402,74,99,1,-1,-1,-1
292,14235,1079,471,86,113,1,-1,-1,-1
292,14219,625,422,79,107,1,-1,-1,-1
292,14303,400,362,40,110,1,-1,-1,-1
292,14304,1501,481,75,134,1,-1,-1,-1
292,14313,1666,505,65,129,1,-1,-1,-1
292,14302,0,357,46,104,1,-1,-1,-1
293,14212,506,666,106,177,1,-1,-1,-1
293,14236,1189,258,39,83,1,-1,-1,-1
293,14269,1527,724,104,198,1,-1,-1,-1
293,14273,801,710,107,204,1,-1,-1,-1
293,14234,667,395,47,117,1,-1,-1,-1
293,14281,1137,289,43,87,1,-1,-1,-1
293,14282,1304,392,64,99,1,-1,-1,-1
293,14283,1355,296,46,88,1,-1,-1,-1
293,14288,1529,401,73,99,1,-1,-1,-1
293,14235,1074,471,85,114,1,-1,-1,-1
293,14219,613,421,80,109,1,-1,-1,-1
293,14303,381,362,40,111,1,-1,-1,-1
293,14304,1477,480,75,134,1,-1,-1,-1
293,14313,1639,505,66,127,1,-1,-1,-1
293,14302,-13,365,41,98,1,-1,-1,-1
294,14212,467,663,107,183,1,-1,-1,-1
294,14236,1171,259,39,82,1,-1,-1,-1
294,14269,1524,723,102,199,1,-1,-1,-1
294,14273,778,711,107,207,1,-1,-1,-1
294,14234,643,396,48,117,1,-1,-1,-1
294,14281,1115,288,43,87,1,-1,-1,-1
294,14282,1297,392,65,100,1,-1,-1,-1
294,14283,1337,296,45,88,1,-1,-1,-1
294,14288,1510,399,72,98,1,-1,-1,-1
294,14235,1066,471,84,116,1,-1,-1,-1
294,14219,595,420,82,110,1,-1,-1,-1
294,14303,354,362,40,114,1,-1,-1,-1
294,14304,1453,478,75,135,1,-1,-1,-1
294,14313,1610,506,68,124,1,-1,-1,-1
295,14212,450,662,106,186,1,-1,-1,-1
295,14236,1164,259,39,82,1,-1,-1,-1
295,14269,1524,722,100,199,1,-1,-1,-1
295,14273,768,713,107,208,1,-1,-1,-1
295,14234,633,396,48,117,1,-1,-1,-1
295,14281,1106,288,44,87,1,-1,-1,-1
295,14282,1293,392,67,100,1,-1,-1,-1
295,14283,1330,297,44,87,1,-1,-1,-1
295,14288,1503,398,72,99,1,-1,-1,-1
295,14235,1065,472,82,116,1,-1,-1,-1
295,14219,587,419,85,111,1,-1,-1,-1
295,14303,343,362,40,115,1,-1,-1,-1
295,14304,1420,476,75,137,1,-1,-1,-1
295,14313,1571,505,67,122,1,-1,-1,-1
296,14212,436,661,104,186,1,-1,-1,-1
296,14236,1158,259,39,82,1,-1,-1,-1
296,14269,1526,720,99,199,1,-1,-1,-1
296,14273,758,714,107,210,1,-1,-1,-1
296,14234,623,397,48,118,1,-1,-1,-1
296,14281,1100,288,45,88,1,-1,-1,-1
296,14282,1290,391,69,101,1,-1,-1,-1
296,14283,1324,296,45,88,1,-1,-1,-1
296,14288,1499,398,72,98,1,-1,-1,-1
296,14235,1067,473,81,115,1,-1,-1,-1
296,14219,583,419,86,112,1,-1,-1,-1
296,14303,332,364,41,114,1,-1,-1,-1
296,14304,1405,476,75,136,1,-1,-1,-1
296,14313,1554,505,68,121,1,-1,-1,-1
297,14212,420,662,103,186,1,-1,-1,-1
297,14236,1153,260,39,82,1,-1,-1,-1
297,14269,1530,718,97,199,1,-1,-1,-1
297,14273,748,716,106,211,1,-1,-1,-1
297,14234,613,399,49,118,1,-1,-1,-1
297,14281,1094,289,46,88,1,-1,-1,-1
297,14282,1287,391,69,102,1,-1,-1,-1
297,14283,1320,296,45,89,1,-1,-1,-1
297,14288,1497,397,72,100,1,-1,-1,-1
297,14235,1070,474,79,115,1,-1,-1,-1
297,14219,580,420,86,112,1,-1,-1,-1
297,14303,322,365,41,114,1,-1,-1,-1
297,14304,1392,475,73,136,1,-1,-1,-1
297,14313,1537,506,68,119,1,-1,-1,-1
298,14212,405,662,102,186,1,-1,-1,-1
298,14236,1149,260,38,83,1,-1,-1,-1
298,14269,1534,715,95,199,1,-1,-1,-1
298,14273,738,718,105,211,1,-1,-1,-1
298,14234,603,400,50,119,1,-1,-1,-1
298,14281,1089,289,46,89,1,-1,-1,-1
298,14282,1284,391,70,103,1,-1,-1,-1
298,14283,1316,295,45,89,1,-1,-1,-1
298,14288,1494,397,73,100,1,-1,-1,-1
298,14235,1073,476,79,115,1,-1,-1,-1
298,14219,577,420,87,113,1,-1,-1,-1
298,14303,312,367,41,113,1,-1,-1,-1
298,14304,1380,475,72,136,1,-1,-1,-1
298,14313,1520,507,69,118,1,-1,-1,-1
299,14212,390,662,101,185,1,-1,-1,-1
299,14236,1144,261,39,83,1,-1,-1,-1
299,14269,1538,713,94,197,1,-1,-1,-1
299,14273,729,720,104,212,1,-1,-1,-1
299,14234,594,402,49,118,1,-1,-1,-1
299,14281,1084,289,46,89,1,-1,-1,-1
299,14282,1281,391,71,104,1,-1,-1,-1
299,14283,1312,295,46,90,1,-1,-1,-1
299,14288,1491,396,75,102,1,-1,-1,-1
299,14235,1076,478,79,114,1,-1,-1,-1
299,14219,575,420,87,113,1,-1,-1,-1
299,14303,302,369,42,113,1,-1,-1,-1
299,14304,1367,476,71,135,1,-1,-1,-1
299,14313,1505,507,68,116,1,-1,-1,-1
300,14212,365,663,100,185,1,-1,-1,-1
300,14236,1136,262,39,83,1,-1,-1,-1
300,14269,1543,709,92,196,1,-1,-1,-1
300,14273,713,722,103,215,1,-1,-1,-1
300,14234,579,404,49,118,1,-1,-1,-1
300,14281,1076,290,46,89,1,-1,-1,-1
300,14282,1276,391,71,105,1,-1,-1,-1
300,14283,1304,294,47,91,1,-1,-1,-1
300,14288,1485,395,78,103,1,-1,-1,-1
300,14235,1080,482,80,113,1,-1,-1,-1
300,14219,571,421,87,114,1,-1,-1,-1
300,14303,285,371,43,113,1,-1,-1,-1
300,14304,1345,476,71,135,1,-1,-1,-1
300,14313,1478,508,68,114,1,-1,-1,-1
301,14212,356,663,100,185,1,-1,-1,-1
301,14236,1133,262,39,84,1,-1,-1,-1
301,14269,1546,707,90,196,1,-1,-1,-1
301,14273,708,723,101,216,1,-1,-1,-1
301,14234,574,405,49,118,1,-1,-1,-1
301,14281,1073,290,46,90,1,-1,-1,-1
301,14282,1274,390,71,106,1,-1,-1,-1
301,14283,1302,294,47,91,1,-1,-1,-1
301,14288,1483,395,81,104,1,-1,-1,-1
301,14235,1082,483,81,112,1,-1,-1,-1
301,14219,570,421,87,114,1,-1,-1,-1
301,14303,279,372,44,113,1,-1,-1,-1
301,14304,1334,479,70,135,1,-1,-1,-1
301,14313,1456,511,66,113,1,-1,-1,-1
302,14212,350,662,99,184,1,-1,-1,-1
302,14236,1133,262,39,85,1,-1,-1,-1
302,14269,1552,707,90,197,1,-1,-1,-1
302,14273,706,726,100,216,1,-1,-1,-1
302,14234,571,407,49,119,1,-1,-1,-1
302,14281,1073,291,45,90,1,-1,-1,-1
302,14282,1280,391,70,106,1,-1,-1,-1
302,14283,1305,295,47,91,1,-1,-1,-1
302,14288,1486,396,82,104,1,-1,-1,-1
302,14235,1085,486,83,112,1,-1,-1,-1
302,14219,574,424,87,114,1,-1,-1,-1
302,14303,274,374,45,113,1,-1,-1,-1
302,14304,1330,481,69,134,1,-1,-1,-1
302,14313,1447,514,66,112,1,-1,-1,-1
303,14212,344,660,99,184,1,-1,-1,-1
303,14236,1135,263,40,86,1,-1,-1,-1
303,14269,1560,707,90,199,1,-1,-1,-1
303,14273,705,729,99,215,1,-1,-1,-1
303,14234,569,409,49,119,1,-1,-1,-1
303,14281,1072,292,46,91,1,-1,-1,-1
303,14282,1288,391,70,107,1,-1,-1,-1
303,14283,1310,296,48,91,1,-1,-1,-1
303,14288,1489,396,83,105,1,-1,-1,-1
303,14235,1089,488,84,114,1,-1,-1,-1
303,14219,581,428,85,112,1,-1,-1,-1
303,14303,270,376,47,114,1,-1,-1,-1
303,14304,1323,484,69,134,1,-1,-1,-1
303,14313,1437,515,66,114,1,-1,-1,-1
304,14212,340,658,97,184,1,-1,-1,-1
304,14236,1137,264,40,86,1,-1,-1,-1
304,14269,1569,707,90,200,1,-1,-1,-1
304,14273,704,732,98,216,1,-1,-1,-1
304,14234,567,411,50,120,1,-1,-1,-1
304,14281,1072,294,46,90,1,-1,-1,-1
304,14282,1296,391,69,107,1,-1,-1,-1
304,14283,1316,297,48,92,1,-1,-1,-1
304,14288,1494,396,83,106,1,-1,-1,-1
304,14235,1093,492,86,113,1,-1,-1,-1
304,14219,589,432,82,111,1,-1,-1,-1
304,14303,267,378,47,115,1,-1,-1,-1
304,14304,1315,487,68,134,1,-1,-1,-1
304,14313,1424,516,68,116,1,-1,-1,-1
305,14212,336,656,95,184,1,-1,-1,-1
305,14236,1140,264,40,87,1,-1,-1,-1
305,14269,1577,707,90,202,1,-1,-1,-1
305,14273,703,735,98,216,1,-1,-1,-1
305,14234,567,413,49,121,1,-1,-1,-1
305,14281,1072,296,46,90,1,-1,-1,-1
305,14282,1305,391,69,108,1,-1,-1,-1
305,14283,1322,298,48,93,1,-1,-1,-1
305,14288,1499,396,83,106,1,-1,-1,-1
305,14235,1096,494,88,115,1,-1,-1,-1
305,14219,597,436,80,110,1,-1,-1,-1
305,14303,264,380,48,116,1,-1,-1,-1
305,14304,1306,490,67,134,1,-1,-1,-1
305,14313,1410,518,71,118,1,-1,-1,-1
306,14212,331,654,93,183,1,-1,-1,-1
306,14236,1142,265,40,88,1,-1,-1,-1
306,14269,1586,707,90,204,1,-1,-1,-1
306,14273,703,738,97,216,1,-1,-1,-1
306,14234,565,414,50,122,1,-1,-1,-1
306,14281,1071,298,46,90,1,-1,-1,-1
306,14282,1313,391,68,108,1,-1,-1,-1
306,14283,1328,300,48,92,1,-1,-1,-1
306,14288,1504,396,83,107,1,-1,-1,-1
306,14235,1101,497,88,115,1,-1,-1,-1
306,14219,605,440,77,109,1,-1,-1,-1
306,14303,262,382,47,116,1,-1,-1,-1
306,14304,1298,493,66,134,1,-1,-1,-1
306,14313,1396,519,74,121,1,-1,-1,-1
307,14212,327,652,90,183,1,-1,-1,-1
307,14236,1144,266,42,89,1,-1,-1,-1
307,14269,1595,707,91,207,1,-1,-1,-1
307,14273,702,741,96,218,1,-1,-1,-1
307,14234,564,416,50,122,1,-1,-1,-1
307,14281,1071,300,46,90,1,-1,-1,-1
307,14282,1324,392,67,108,1,-1,-1,-1
307,14283,1334,301,48,92,1,-1,-1,-1
307,14288,1510,397,81,108,1,-1,-1,-1
307,14235,1105,500,91,117,1,-1,-1,-1
307,14219,614,445,74,107,1,-1,-1,-1
307,14303,259,384,47,118,1,-1,-1,-1
307,14304,1287,497,66,134,1,-1,-1,-1
307,14313,1380,520,79,124,1,-1,-1,-1
308,14212,325,650,88,183,1,-1,-1,-1
308,14236,1149,266,41,89,1,-1,-1,-1
308,14269,1605,707,91,208,1,-1,-1,-1
308,14273,701,743,97,218,1,-1,-1,-1
308,14234,564,417,50,123,1,-1,-1,-1
308,14281,1073,300,47,91,1,-1,-1,-1
308,14282,1331,392,66,109,1,-1,-1,-1
308,14283,1340,302,48,93,1,-1,-1,-1
308,14288,1517,396,80,109,1,-1,-1,-1
308,14235,1110,502,91,117,1,-1,-1,-1
308,14219,623,447,71,107,1,-1,-1,-1
308,14303,258,386,47,118,1,-1,-1,-1
308,14304,1282,500,65,134,1,-1,-1,-1
308,14313,1366,522,82,126,1,-1,-1,-1
309,14212,325,648,87,184,1,-1,-1,-1
309,14236,1154,267,43,90,1,-1,-1,-1
309,14269,1617,707,90,209,1,-1,-1,-1
309,14273,702,745,97,219,1,-1,-1,-1
309,14234,565,419,50,124,1,-1,-1,-1
309,14281,1077,301,47,91,1,-1,-1,-1
309,14282,1338,392,67,110,1,-1,-1,-1
309,14283,1346,302,48,94,1,-1,-1,-1
309,14288,1525,396,79,109,1,-1,-1,-1
309,14235,1115,502,91,119,1,-1,-1,-1
309,14219,631,449,70,105,1,-1,-1,-1
309,14303,259,389,47,117,1,-1,-1,-1
309,14304,1279,504,64,132,1,-1,-1,-1
309,14313,1352,523,85,128,1,-1,-1,-1
310,14212,326,645,85,186,1,-1,-1,-1
310,14236,1161,267,43,91,1,-1,-1,-1
310,14269,1630,706,90,210,1,-1,-1,-1
310,14273,703,747,97,220,1,-1,-1,-1
310,14234,567,420,50,125,1,-1,-1,-1
310,14281,1081,302,47,91,1,-1,-1,-1
310,14282,1345,392,67,110,1,-1,-1,-1
310,14283,1352,303,48,94,1,-1,-1,-1
310,14288,1534,395,78,111,1,-1,-1,-1
310,14235,1119,502,92,120,1,-1,-1,-1
310,14219,639,451,69,105,1,-1,-1,-1
310,14303,260,392,48,116,1,-1,-1,-1
310,14304,1275,507,64,132,1,-1,-1,-1
310,14313,1339,525,87,131,1,-1,-1,-1
311,14212,326,643,85,187,1,-1,-1,-1
311,14236,1167,268,43,91,1,-1,-1,-1
311,14269,1643,706,89,211,1,-1,-1,-1
311,14273,703,749,97,220,1,-1,-1,-1
311,14234,568,422,50,124,1,-1,-1,-1
311,14281,1087,303,46,91,1,-1,-1,-1
311,14282,1352,391,67,112,1,-1,-1,-1
311,14283,1358,303,48,95,1,-1,-1,-1
311,14288,1543,394,77,112,1,-1,-1,-1
311,14235,1125,503,91,121,1,-1,-1,-1
311,14219,647,452,68,104,1,-1,-1,-1
311,14303,260,395,50,116,1,-1,-1,-1
311,14304,1271,510,64,132,1,-1,-1,-1
311,14313,1326,526,87,134,1,-1,-1,-1
312,14212,327,641,83,188,1,-1,-1,-1
312,14236,1173,269,45,92,1,-1,-1,-1
312,14269,1656,706,89,212,1,-1,-1,-1
312,14273,704,751,97,221,1,-1,-1,-1
312,14234,569,423,50,125,1,-1,-1,-1
312,14281,1092,303,46,92,1,-1,-1,-1
312,14282,1359,391,68,113,1,-1,-1,-1
312,14283,1364,304,48,95,1,-1,-1,-1
312,14288,1552,393,76,113,1,-1,-1,-1
312,14235,1131,503,89,122,1,-1,-1,-1
312,14219,654,454,69,103,1,-1,-1,-1
312,14303,261,398,51,115,1,-1,-1,-1
312,14304,1268,514,64,131,1,-1,-1,-1
312,14313,1312,528,89,136,1,-1,-1,-1
313,14212,326,637,83,190,1,-1,-1,-1
313,14236,1182,270,45,93,1,-1,-1,-1
313,14269,1673,706,88,212,1,-1,-1,-1
313,14273,705,753,98,223,1,-1,-1,-1
313,14234,572,424,49,127,1,-1,-1,-1
313,14281,1098,304,45,93,1,-1,-1,-1
313,14282,1367,391,69,114,1,-1,-1,-1
313,14283,1373,304,47,97,1,-1,-1,-1
313,14288,1564,391,75,115,1,-1,-1,-1
313,14235,1138,503,88,124,1,-1,-1,-1
313,14219,664,455,70,103,1,-1,-1,-1
313,14303,262,402,53,115,1,-1,-1,-1
313,14304,1263,518,64,131,1,-1,-1,-1
313,14313,1295,530,90,140,1,-1,-1,-1
314,14212,328,636,82,190,1,-1,-1,-1
314,14236,1187,271,46,93,1,-1,-1,-1
314,14269,1684,705,87,212,1,-1,-1,-1
314,14273,707,754,97,223,1,-1,-1,-1
314,14234,575,425,48,127,1,-1,-1,-1
314,14281,1102,306,45,92,1,-1,-1,-1
314,14282,1375,391,69,115,1,-1,-1,-1
314,14283,1378,304,46,98,1,-1,-1,-1
314,14288,1573,390,73,116,1,-1,-1,-1
314,14235,1143,503,87,124,1,-1,-1,-1
314,14219,672,455,71,103,1,-1,-1,-1
314,14303,264,403,55,115,1,-1,-1,-1
314,14304,1262,519,65,131,1,-1,-1,-1
314,14313,1287,532,88,141,1,-1,-1,-1
315,14212,332,634,82,191,1,-1,-1,-1
315,14236,1194,271,45,93,1,-1,-1,-1
315,14269,1696,704,86,212,1,-1,-1,-1
315,14273,711,754,96,222,1,-1,-1,-1
315,14234,578,426,49,128,1,-1,-1,-1
315,14281,1107,309,44,90,1,-1,-1,-1
315,14282,1386,391,69,114,1,-1,-1,-1
315,14283,1384,304,47,98,1,-1,-1,-1
315,14288,1583,389,72,117,1,-1,-1,-1
315,14235,1150,502,85,125,1,-1,-1,-1
315,14219,683,455,73,103,1,-1,-1,-1
315,14303,269,402,58,116,1,-1,-1,-1
315,14304,1264,518,67,132,1,-1,-1,-1
315,14313,1279,534,87,141,1,-1,-1,-1
316,14212,336,632,81,192,1,-1,-1,-1
316,14236,1201,271,45,94,1,-1,-1,-1
316,14269,1709,703,85,211,1,-1,-1,-1
316,14273,714,754,96,221,1,-1,-1,-1
316,14234,584,426,48,128,1,-1,-1,-1
316,14281,1111,312,44,88,1,-1,-1,-1
316,14282,1398,391,69,114,1,-1,-1,-1
316,14283,1390,303,48,100,1,-1,-1,-1
316,14288,1593,389,72,118,1,-1,-1,-1
316,14235,1156,502,84,124,1,-1,-1,-1
316,14219,695,454,75,104,1,-1,-1,-1
316,14303,275,400,60,118,1,-1,-1,-1
316,14304,1267,517,68,133,1,-1,-1,-1
316,14313,1272,537,85,140,1,-1,-1,-1
317,14212,340,630,81,193,1,-1,-1,-1
317,14236,1208,272,45,93,1,-1,-1,-1
317,14269,1722,702,84,209,1,-1,-1,-1
317,14273,719,754,95,219,1,-1,-1,-1
317,14234,588,427,49,129,1,-1,-1,-1
317,14281,1116,315,44,85,1,-1,-1,-1
317,14282,1411,390,68,114,1,-1,-1,-1
317,14283,1397,302,48,102,1,-1,-1,-1
317,14288,1604,388,72,119,1,-1,-1,-1
317,14235,1163,501,82,125,1,-1,-1,-1
317,14219,708,452,77,105,1,-1,-1,-1
317,14303,281,398,63,119,1,-1,-1,-1
317,14304,1271,515,69,135,1,-1,-1,-1
317,14313,1264,539,85,140,1,-1,-1,-1
318,14212,345,629,81,193,1,-1,-1,-1
318,14236,1215,272,45,94,1,-1,-1,-1
318,14269,1734,700,83,208,1,-1,-1,-1
318,14273,723,754,94,218,1,-1,-1,-1
318,14234,592,427,50,130,1,-1,-1,-1
318,14281,1121,318,43,83,1,-1,-1,-1
318,14282,1424,390,67,114,1,-1,-1,-1
318,14283,1403,301,49,103,1,-1,-1,-1
318,14288,1616,387,71,121,1,-1,-1,-1
318,14235,1169,501,82,124,1,-1,-1,-1
318,14219,722,451,78,106,1,-1,-1,-1
318,14303,287,396,66,120,1,-1,-1,-1
318,14304,1274,513,70,137,1,-1,-1,-1
318,14313,1257,541,84,139,1,-1,-1,-1
319,14212,351,627,81,195,1,-1,-1,-1
319,14236,1226,272,44,94,1,-1,-1,-1
319,14269,1753,698,82,205,1,-1,-1,-1
319,14273,730,754,93,216,1,-1,-1,-1
319,14234,599,428,51,130,1,-1,-1,-1
319,14281,1127,323,44,80,1,-1,-1,-1
319,14282,1444,389,65,114,1,-1,-1,-1
319,14283,1412,300,50,105,1,-1,-1,-1
319,14288,1631,385,72,123,1,-1,-1,-1
319,14235,1178,499,82,125,1,-1,-1,-1
319,14219,741,448,81,108,1,-1,-1,-1
319,14303,297,393,68,122,1,-1,-1,-1
319,14304,1279,511,72,139,1,-1,-1,-1
319,14313,1246,545,82,138,1,-1,-1,-1
320,14212,355,625,80,196,1,-1,-1,-1
320,14236,1231,273,44,94,1,-1,-1,-1
320,14269,1762,697,81,204,1,-1,-1,-1
320,14273,733,754,93,215,1,-1,-1,-1
320,14234,602,428,51,131,1,-1,-1,-1
320,14281,1129,324,45,79,1,-1,-1,-1
320,14282,1453,388,63,115,1,-1,-1,-1
320,14283,1416,300,51,105,1,-1,-1,-1
320,14288,1639,384,71,125,1,-1,-1,-1
320,14235,1182,499,82,124,1,-1,-1,-1
320,14219,750,447,82,108,1,-1,-1,-1
320,14303,302,392,70,122,1,-1,-1,-1
320,14304,1282,510,72,140,1,-1,-1,-1
320,14313,1242,546,82,137,1,-1,-1,-1
321,14212,361,623,78,194,1,-1,-1,-1
321,14236,1238,272,43,94,1,-1,-1,-1
321,14269,1773,694,82,204,1,-1,-1,-1
321,14273,738,753,93,215,1,-1,-1,-1
321,14234,606,427,52,132,1,-1,-1,-1
321,14281,1128,323,47,80,1,-1,-1,-1
321,14282,1462,387,62,115,1,-1,-1,-1
321,14283,1422,299,52,105,1,-1,-1,-1
321,14288,1647,384,71,125,1,-1,-1,-1
321,14235,1185,497,82,124,1,-1,-1,-1
321,14219,760,445,82,108,1,-1,-1,-1
321,14303,310,391,71,122,1,-1,-1,-1
321,14304,1287,511,72,140,1,-1,-1,-1
321,14313,1239,544,84,140,1,-1,-1,-1
321,14323,3,747,40,214,1,-1,-1,-1
322,14212,367,622,77,191,1,-1,-1,-1
322,14236,1245,272,43,94,1,-1,-1,-1
322,14269,1786,691,81,204,1,-1,-1,-1
322,14273,744,750,92,216,1,-1,-1,-1
322,14234,609,427,52,131,1,-1,-1,-1
322,14281,1126,321,50,82,1,-1,-1,-1
322,14282,1471,386,63,116,1,-1,-1,-1
322,14283,1428,299,52,105,1,-1,-1,-1
322,14288,1656,384,71,125,1,-1,-1,-1
322,14235,1189,495,81,124,1,-1,-1,-1
322,14219,771,443,82,108,1,-1,-1,-1
322,14303,319,390,71,121,1,-1,-1,-1
322,14304,1292,512,73,141,1,-1,-1,-1
322,14313,1238,542,84,142,1,-1,-1,-1
322,14323,7,745,41,217,1,-1,-1,-1
323,14212,373,620,76,189,1,-1,-1,-1
323,14236,1252,271,43,95,1,-1,-1,-1
323,14269,1799,688,81,204,1,-1,-1,-1
323,14273,749,748,92,216,1,-1,-1,-1
323,14234,612,426,53,131,1,-1,-1,-1
323,14281,1124,320,53,83,1,-1,-1,-1
323,14282,1481,384,61,118,1,-1,-1,-1
323,14283,1435,298,52,106,1,-1,-1,-1
323,14288,1665,385,71,126,1,-1,-1,-1
323,14235,1191,493,81,124,1,-1,-1,-1
323,14219,782,440,81,108,1,-1,-1,-1
323,14303,328,389,71,121,1,-1,-1,-1
323,14304,1298,514,73,140,1,-1,-1,-1
323,14313,1236,539,85,144,1,-1,-1,-1
323,14323,12,744,43,220,1,-1,-1,-1
324,14212,379,618,74,187,1,-1,-1,-1
324,14236,1260,271,42,95,1,-1,-1,-1
324,14269,1811,685,82,204,1,-1,-1,-1
324,14273,755,746,92,216,1,-1,-1,-1
324,14234,614,425,54,131,1,-1,-1,-1
324,14281,1123,318,55,85,1,-1,-1,-1
324,14282,1490,383,60,119,1,-1,-1,-1
324,14283,1442,298,52,105,1,-1,-1,-1
324,14288,1674,385,72,127,1,-1,-1,-1
324,14235,1194,491,81,123,1,-1,-1,-1
324,14219,794,438,80,108,1,-1,-1,-1
324,14303,336,388,71,121,1,-1,-1,-1
324,14304,1303,515,73,140,1,-1,-1,-1
324,14313,1235,536,86,146,1,-1,-1,-1
324,14323,17,742,44,223,1,-1,-1,-1
325,14212,390,614,72,183,1,-1,-1,-1
325,14236,1272,269,42,95,1,-1,-1,-1
325,14269,1832,680,82,204,1,-1,-1,-1
325,14273,765,742,91,218,1,-1,-1,-1
325,14234,620,424,53,132,1,-1,-1,-1
325,14281,1121,315,57,87,1,-1,-1,-1
325,14282,1504,380,60,122,1,-1,-1,-1
325,14283,1454,297,51,105,1,-1,-1,-1
325,14288,1688,385,72,128,1,-1,-1,-1
325,14235,1199,488,80,122,1,-1,-1,-1
325,14219,813,434,77,108,1,-1,-1,-1
325,14303,352,386,69,121,1,-1,-1,-1
325,14304,1312,518,74,140,1,-1,-1,-1
325,14313,1233,532,87,150,1,-1,-1,-1
325,14323,21,740,47,226,1,-1,-1,-1
326,14212,394,612,71,182,1,-1,-1,-1
326,14236,1276,269,42,95,1,-1,-1,-1
326,14269,1840,678,81,204,1,-1,-1,-1
326,14273,769,741,91,218,1,-1,-1,-1
326,14234,622,424,54,132,1,-1,-1,-1
326,14281,1119,313,59,89,1,-1,-1,-1
326,14282,1509,380,60,122,1,-1,-1,-1
326,14283,1458,296,50,106,1,-1,-1,-1
326,14288,1693,385,74,129,1,-1,-1,-1
326,14235,1201,487,79,122,1,-1,-1,-1
326,14219,820,433,75,108,1,-1,-1,-1
326,14303,358,386,68,120,1,-1,-1,-1
326,14304,1316,518,75,141,1,-1,-1,-1
326,14313,1233,530,87,151,1,-1,-1,-1
326,14323,26,738,51,229,1,-1,-1,-1
327,14212,400,609,70,180,1,-1,-1,-1
327,14236,1282,269,41,95,1,-1,-1,-1
327,14269,1852,678,79,204,1,-1,-1,-1
327,14273,775,738,90,219,1,-1,-1,-1
327,14234,623,424,54,132,1,-1,-1,-1
327,14281,1116,313,60,90,1,-1,-1,-1
327,14282,1518,377,59,124,1,-1,-1,-1
327,14283,1465,295,49,105,1,-1,-1,-1
327,14288,1706,383,72,125,1,-1,-1,-1
327,14235,1201,484,79,123,1,-1,-1,-1
327,14219,827,430,73,108,1,-1,-1,-1
327,14303,366,383,67,121,1,-1,-1,-1
327,14304,1324,517,76,142,1,-1,-1,-1
327,14313,1235,529,87,151,1,-1,-1,-1
327,14323,30,736,54,231,1,-1,-1,-1
328,14212,405,605,71,179,1,-1,-1,-1
328,14236,1288,268,41,94,1,-1,-1,-1
328,14269,1858,678,76,201,1,-1,-1,-1
328,14273,781,736,90,220,1,-1,-1,-1
328,14234,624,423,55,133,1,-1,-1,-1
328,14281,1112,313,61,91,1,-1,-1,-1
328,14282,1528,375,57,123,1,-1,-1,-1
328,14283,1472,293,49,106,1,-1,-1,-1
328,14288,1711,380,72,126,1,-1,-1,-1
328,14235,1201,481,79,123,1,-1,-1,-1
328,14219,835,426,72,109,1,-1,-1,-1
328,14303,374,381,66,121,1,-1,-1,-1
328,14304,1333,516,77,142,1,-1,-1,-1
328,14313,1239,528,87,151,1,-1,-1,-1
328,14323,35,735,58,231,1,-1,-1,-1
329,14212,412,601,70,178,1,-1,-1,-1
329,14236,1294,268,41,94,1,-1,-1,-1
329,14269,1874,683,63,177,1,-1,-1,-1
329,14273,789,733,89,221,1,-1,-1,-1
329,14234,626,423,54,133,1,-1,-1,-1
329,14281,1108,313,61,92,1,-1,-1,-1
329,14282,1538,373,57,123,1,-1,-1,-1
329,14283,1479,292,49,107,1,-1,-1,-1
329,14288,1714,378,73,126,1,-1,-1,-1
329,14235,1200,477,79,124,1,-1,-1,-1
329,14219,843,422,70,110,1,-1,-1,-1
329,14303,383,379,64,121,1,-1,-1,-1
329,14304,1343,514,78,143,1,-1,-1,-1
329,14313,1243,527,86,150,1,-1,-1,-1
329,14323,42,733,60,231,1,-1,-1,-1
330,14212,418,597,71,177,1,-1,-1,-1
330,14236,1300,267,42,94,1,-1,-1,-1
330,14269,1887,695,52,158,1,-1,-1,-1
330,14273,796,729,89,224,1,-1,-1,-1
330,14234,627,422,54,134,1,-1,-1,-1
330,14281,1104,313,61,92,1,-1,-1,-1
330,14282,1548,371,56,123,1,-1,-1,-1
330,14283,1487,290,48,107,1,-1,-1,-1
330,14288,1716,375,75,128,1,-1,-1,-1
330,14235,1200,473,77,126,1,-1,-1,-1
330,14219,850,418,70,111,1,-1,-1,-1
330,14303,391,377,63,122,1,-1,-1,-1
330,14304,1354,512,79,144,1,-1,-1,-1
330,14313,1247,526,85,149,1,-1,-1,-1
330,14323,49,731,63,230,1,-1,-1,-1
331,14212,423,593,73,176,1,-1,-1,-1
331,14236,1306,266,42,94,1,-1,-1,-1
331,14269,1891,699,47,152,1,-1,-1,-1
331,14273,803,726,90,225,1,-1,-1,-1
331,14234,628,422,54,134,1,-1,-1,-1
331,14281,1100,313,62,93,1,-1,-1,-1
331,14282,1558,369,56,123,1,-1,-1,-1
331,14283,1495,288,46,108,1,-1,-1,-1
331,14288,1718,371,75,131,1,-1,-1,-1
331,14235,1199,470,77,126,1,-1,-1,-1
331,14219,858,414,68,112,1,-1,-1,-1
331,14303,400,374,61,122,1,-1,-1,-1
331,14304,1365,510,79,145,1,-1,-1,-1
331,14313,1252,525,84,148,1,-1,-1,-1
331,14323,56,729,65,230,1,-1,-1,-1
332,14212,430,588,73,175,1,-1,-1,-1
332,14236,1313,265,43,94,1,-1,-1,-1
332,14273,811,723,89,227,1,-1,-1,-1
332,14234,630,421,53,136,1,-1,-1,-1
332,14281,1095,313,62,94,1,-1,-1,-1
332,14282,1569,366,57,123,1,-1,-1,-1
332,14283,1503,286,46,109,1,-1,-1,-1
332,14288,1720,368,77,132,1,-1,-1,-1
332,14235,1198,466,76,127,1,-1,-1,-1
332,14219,866,409,69,114,1,-1,-1,-1
332,14303,410,372,60,123,1,-1,-1,-1
332,14304,1377,508,80,147,1,-1,-1,-1
332,14313,1257,524,83,146,1,-1,-1,-1
332,14323,68,726,66,230,1,-1,-1,-1
333,14212,435,585,75,177,1,-1,-1,-1
333,14236,1316,265,42,94,1,-1,-1,-1
333,14273,818,721,88,227,1,-1,-1,-1
333,14234,631,421,53,135,1,-1,-1,-1
333,14281,1089,314,62,94,1,-1,-1,-1
333,14282,1576,365,57,123,1,-1,-1,-1
333,14283,1510,285,45,109,1,-1,-1,-1
333,14288,1721,366,77,133,1,-1,-1,-1
333,14235,1196,463,75,128,1,-1,-1,-1
333,14219,871,406,68,115,1,-1,-1,-1
333,14303,417,371,57,122,1,-1,-1,-1
333,14304,1386,508,80,146,1,-1,-1,-1
333,14313,1261,523,82,145,1,-1,-1,-1
333,14323,73,726,67,229,1,-1,-1,-1
334,14212,439,583,76,179,1,-1,-1,-1
334,14236,1316,265,44,93,1,-1,-1,-1
334,14273,824,720,87,225,1,-1,-1,-1
334,14234,633,421,52,135,1,-1,-1,-1
334,14281,1082,314,62,95,1,-1,-1,-1
334,14282,1582,366,57,123,1,-1,-1,-1
334,14283,1515,285,44,108,1,-1,-1,-1
334,14288,1721,366,77,131,1,-1,-1,-1
334,14235,1194,461,73,128,1,-1,-1,-1
334,14219,877,404,66,115,1,-1,-1,-1
334,14303,422,369,56,123,1,-1,-1,-1
334,14304,1396,508,80,146,1,-1,-1,-1
334,14313,1264,522,82,144,1,-1,-1,-1
334,14323,77,726,69,228,1,-1,-1,-1
335,14212,443,580,78,183,1,-1,-1,-1
335,14236,1317,266,44,92,1,-1,-1,-1
335,14273,830,719,85,223,1,-1,-1,-1
335,14234,635,421,52,135,1,-1,-1,-1
335,14281,1074,315,62,95,1,-1,-1,-1
335,14282,1588,366,57,124,1,-1,-1,-1
335,14283,1520,286,43,107,1,-1,-1,-1
335,14288,1720,366,77,130,1,-1,-1,-1
335,14235,1190,459,72,128,1,-1,-1,-1
335,14219,881,401,66,116,1,-1,-1,-1
335,14303,428,368,55,122,1,-1,-1,-1
335,14304,1406,508,79,146,1,-1,-1,-1
335,14313,1268,522,81,142,1,-1,-1,-1
335,14323,81,726,71,226,1,-1,-1,-1
336,14212,448,578,79,185,1,-1,-1,-1
336,14236,1316,266,46,92,1,-1,-1,-1
336,14273,836,718,84,222,1,-1,-1,-1
336,14234,636,421,52,134,1,-1,-1,-1
336,14281,1066,315,62,96,1,-1,-1,-1
336,14282,1594,367,57,123,1,-1,-1,-1
336,14283,1526,286,42,107,1,-1,-1,-1
336,14288,1719,366,76,129,1,-1,-1,-1
336,14235,1186,457,71,128,1,-1,-1,-1
336,14219,886,399,65,116,1,-1,-1,-1
336,14303,433,367,55,122,1,-1,-1,-1
336,14304,1415,509,79,145,1,-1,-1,-1
336,14313,1272,521,80,141,1,-1,-1,-1
336,14323,86,726,72,225,1,-1,-1,-1
337,14212,453,576,80,188,1,-1,-1,-1
337,14236,1316,266,47,92,1,-1,-1,-1
337,14273,842,717,84,220,1,-1,-1,-1
337,14234,638,421,51,133,1,-1,-1,-1
337,14281,1058,316,62,96,1,-1,-1,-1
337,14282,1600,368,57,123,1,-1,-1,-1
337,14283,1531,287,42,107,1,-1,-1,-1
337,14288,1719,366,75,127,1,-1,-1,-1
337,14235,1182,455,70,128,1,-1,-1,-1
337,14219,891,397,63,115,1,-1,-1,-1
337,14303,437,366,55,122,1,-1,-1,-1
337,14304,1425,510,77,145,1,-1,-1,-1
337,14313,1276,521,79,139,1,-1,-1,-1
337,14323,90,727,73,223,1,-1,-1,-1
338,14212,459,573,80,192,1,-1,-1,-1
338,14236,1315,267,48,90,1,-1,-1,-1
338,14273,849,716,83,217,1,-1,-1,-1
338,14234,640,421,51,132,1,-1,-1,-1
338,14281,1047,317,62,97,1,-1,-1,-1
338,14282,1608,369,56,123,1,-1,-1,-1
338,14283,1537,287,42,107,1,-1,-1,-1
338,14288,1718,366,75,126,1,-1,-1,-1
338,14235,1177,453,69,128,1,-1,-1,-1
338,14219,897,395,63,114,1,-1,-1,-1
338,14303,443,365,56,121,1,-1,-1,-1
338,14304,1438,511,76,144,1,-1,-1,-1
338,14313,1282,520,76,137,1,-1,-1,-1
338,14323,98,728,74,220,1,-1,-1,-1
339,14212,464,573,80,193,1,-1,-1,-1
339,14236,1315,267,49,91,1,-1,-1,-1
339,14273,854,714,82,217,1,-1,-1,-1
339,14234,642,422,51,131,1,-1,-1,-1
339,14281,1041,318,63,98,1,-1,-1,-1
339,14282,1613,368,56,123,1,-1,-1,-1
339,14283,1541,287,42,106,1,-1,-1,-1
339,14288,1718,365,74,126,1,-1,-1,-1
339,14235,1174,452,69,127,1,-1,-1,-1
339,14219,900,393,62,115,1,-1,-1,-1
339,14303,447,364,57,122,1,-1,-1,-1
339,14304,1447,511,75,144,1,-1,-1,-1
339,14313,1287,519,76,136,1,-1,-1,-1
339,14323,100,728,76,219,1,-1,-1,-1
340,14212,470,572,78,192,1,-1,-1,-1
340,14236,1315,267,50,91,1,-1,-1,-1
340,14273,859,713,81,215,1,-1,-1,-1
340,14234,642,422,52,132,1,-1,-1,-1
340,14281,1035,320,62,98,1,-1,-1,-1
340,14282,1617,368,56,124,1,-1,-1,-1
340,14283,1547,287,42,107,1,-1,-1,-1
340,14288,1718,365,73,125,1,-1,-1,-1
340,14235,1171,451,68,127,1,-1,-1,-1
340,14219,903,391,61,115,1,-1,-1,-1
340,14303,453,364,57,123,1,-1,-1,-1
340,14304,1459,512,74,143,1,-1,-1,-1
340,14313,1294,519,76,136,1,-1,-1,-1
340,14323,103,728,78,220,1,-1,-1,-1
341,14212,476,573,76,189,1,-1,-1,-1
341,14236,1314,268,52,91,1,-1,-1,-1
341,14273,865,712,80,213,1,-1,-1,-1
341,14234,643,422,52,132,1,-1,-1,-1
341,14281,1028,322,62,99,1,-1,-1,-1
341,14282,1621,368,57,124,1,-1,-1,-1
341,14283,1553,287,43,108,1,-1,-1,-1
341,14288,1718,364,73,125,1,-1,-1,-1
341,14235,1168,449,68,128,1,-1,-1,-1
341,14219,906,388,61,116,1,-1,-1,-1
341,14303,459,364,58,124,1,-1,-1,-1
341,14304,1471,513,75,143,1,-1,-1,-1
341,14313,1302,518,76,136,1,-1,-1,-1
341,14323,106,729,80,221,1,-1,-1,-1
342,14212,482,573,74,188,1,-1,-1,-1
342,14236,1314,268,54,92,1,-1,-1,-1
342,14273,870,710,80,212,1,-1,-1,-1
342,14234,644,423,52,132,1,-1,-1,-1
342,14281,1021,325,63,100,1,-1,-1,-1
342,14282,1625,367,57,125,1,-1,-1,-1
342,14283,1560,287,43,108,1,-1,-1,-1
342,14288,1719,364,72,125,1,-1,-1,-1
342,14235,1166,447,67,128,1,-1,-1,-1
342,14219,909,386,60,116,1,-1,-1,-1
342,14303,466,364,58,125,1,-1,-1,-1
342,14304,1482,514,76,143,1,-1,-1,-1
342,14313,1311,517,75,136,1,-1,-1,-1
342,14323,109,729,82,223,1,-1,-1,-1
343,14212,489,573,72,186,1,-1,-1,-1
343,14236,1314,269,54,91,1,-1,-1,-1
343,14273,876,709,79,210,1,-1,-1,-1
343,14234,644,423,53,133,1,-1,-1,-1
343,14281,1014,327,64,101,1,-1,-1,-1
343,14282,1630,367,56,125,1,-1,-1,-1
343,14283,1566,287,44,109,1,-1,-1,-1
343,14288,1719,363,71,126,1,-1,-1,-1
343,14235,1163,446,66,128,1,-1,-1,-1
343,14219,912,384,59,116,1,-1,-1,-1
343,14303,473,364,58,126,1,-1,-1,-1
343,14304,1494,515,77,143,1,-1,-1,-1
343,14313,1320,516,74,137,1,-1,-1,-1
343,14323,112,729,85,225,1,-1,-1,-1
344,14212,497,574,70,182,1,-1,-1,-1
344,14236,1313,269,56,93,1,-1,-1,-1
344,14273,884,706,78,208,1,-1,-1,-1
344,14234,645,423,54,134,1,-1,-1,-1
344,14281,1004,330,64,102,1,-1,-1,-1
344,14282,1636,366,57,127,1,-1,-1,-1
344,14283,1575,287,45,110,1,-1,-1,-1
344,14288,1720,363,69,125,1,-1,-1,-1
344,14235,1158,444,67,129,1,-1,-1,-1
344,14219,917,380,58,118,1,-1,-1,-1
344,14303,483,364,58,127,1,-1,-1,-1
344,14304,1512,516,79,143,1,-1,-1,-1
344,14313,1333,515,74,137,1,-1,-1,-1
344,14323,115,729,87,227,1,-1,-1,-1
345,14212,502,574,69,180,1,-1,-1,-1
345,14236,1313,269,57,93,1,-1,-1,-1
345,14273,889,705,77,208,1,-1,-1,-1
345,14234,645,424,54,133,1,-1,-1,-1
345,14281,1000,332,64,102,1,-1,-1,-1
345,14282,1639,366,57,127,1,-1,-1,-1
345,14283,1579,288,45,110,1,-1,-1,-1
345,14288,1721,362,68,126,1,-1,-1,-1
345,14235,1156,443,67,129,1,-1,-1,-1
345,14219,920,379,57,117,1,-1,-1,-1
345,14303,489,364,56,128,1,-1,-1,-1
345,14304,1521,517,80,143,1,-1,-1,-1
345,14313,1339,514,74,138,1,-1,-1,-1
345,14323,119,730,89,228,1,-1,-1,-1
346,14212,508,573,68,180,1,-1,-1,-1
346,14236,1313,270,58,93,1,-1,-1,-1
346,14273,894,703,77,209,1,-1,-1,-1
346,14234,647,424,53,134,1,-1,-1,-1
346,14281,997,335,63,102,1,-1,-1,-1
346,14282,1644,366,57,127,1,-1,-1,-1
346,14283,1584,289,46,110,1,-1,-1,-1
346,14288,1723,361,67,127,1,-1,-1,-1
346,14235,1153,441,66,129,1,-1,-1,-1
346,14219,923,378,56,116,1,-1,-1,-1
346,14303,496,365,55,129,1,-1,-1,-1
346,14304,1532,517,82,143,1,-1,-1,-1
346,14313,1347,514,74,137,1,-1,-1,-1
346,14323,123,730,89,229,1,-1,-1,-1
347,14212,513,572,68,178,1,-1,-1,-1
347,14236,1313,270,59,95,1,-1,-1,-1
347,14273,899,701,78,211,1,-1,-1,-1
347,14234,648,424,54,136,1,-1,-1,-1
347,14281,994,339,62,100,1,-1,-1,-1
347,14282,1648,365,57,128,1,-1,-1,-1
347,14283,1589,291,46,110,1,-1,-1,-1
347,14288,1724,360,67,128,1,-1,-1,-1
347,14235,1150,440,65,129,1,-1,-1,-1
347,14219,927,378,55,114,1,-1,-1,-1
347,14303,503,367,55,128,1,-1,-1,-1
347,14304,1545,516,83,143,1,-1,-1,-1
347,14313,1356,513,75,137,1,-1,-1,-1
347,14323,126,730,91,229,1,-1,-1,-1
348,14212,519,570,67,177,1,-1,-1,-1
348,14236,1313,270,60,96,1,-1,-1,-1
348,14273,904,698,79,214,1,-1,-1,-1
348,14234,649,424,55,137,1,-1,-1,-1
348,14281,991,343,60,99,1,-1,-1,-1
348,14282,1652,365,57,128,1,-1,-1,-1
348,14283,1595,292,46,109,1,-1,-1,-1
348,14288,1726,359,67,130,1,-1,-1,-1
348,14235,1146,439,65,128,1,-1,-1,-1
348,14219,930,378,55,112,1,-1,-1,-1
348,14303,510,368,55,128,1,-1,-1,-1
348,14304,1558,516,84,143,1,-1,-1,-1
348,14313,1365,513,75,137,1,-1,-1,-1
348,14323,130,729,91,229,1,-1,-1,-1
349,14212,525,569,67,176,1,-1,-1,-1
349,14236,1314,271,60,96,1,-1,-1,-1
349,14273,909,696,80,216,1,-1,-1,-1
349,14234,650,424,54,138,1,-1,-1,-1
349,14281,988,348,60,98,1,-1,-1,-1
349,14282,1657,365,56,127,1,-1,-1,-1
349,14283,1601,294,46,109,1,-1,-1,-1
349,14288,1727,358,67,131,1,-1,-1,-1
349,14235,1142,438,64,128,1,-1,-1,-1
349,14219,934,378,55,109,1,-1,-1,-1
349,14303,517,369,55,127,1,-1,-1,-1
349,14304,1572,515,84,143,1,-1,-1,-1
349,14313,1374,512,76,137,1,-1,-1,-1
349,14323,134,729,92,229,1,-1,-1,-1
350,14212,534,565,68,176,1,-1,-1,-1
350,14236,1314,272,61,98,1,-1,-1,-1
350,14273,919,692,80,220,1,-1,-1,-1
350,14234,652,423,55,140,1,-1,-1,-1
350,14281,984,355,57,96,1,-1,-1,-1
350,14282,1664,365,57,127,1,-1,-1,-1
350,14283,1610,296,47,110,1,-1,-1,-1
350,14288,1730,355,67,134,1,-1,-1,-1
350,14235,1136,436,64,127,1,-1,-1,-1
350,14219,939,378,56,105,1,-1,-1,-1
350,14303,529,371,55,128,1,-1,-1,-1
350,14304,1595,514,84,143,1,-1,-1,-1
350,14313,1389,510,77,136,1,-1,-1,-1
350,14323,138,728,92,230,1,-1,-1,-1
351,14212,537,564,69,175,1,-1,-1,-1
351,14236,1314,273,61,97,1,-1,-1,-1
351,14273,922,690,81,222,1,-1,-1,-1
351,14234,654,423,54,141,1,-1,-1,-1
351,14281,982,358,57,95,1,-1,-1,-1
351,14282,1667,365,57,127,1,-1,-1,-1
351,14283,1614,297,46,109,1,-1,-1,-1
351,14288,1731,354,67,135,1,-1,-1,-1
351,14235,1133,435,64,127,1,-1,-1,-1
351,14219,940,378,58,104,1,-1,-1,-1
351,14303,533,372,55,127,1,-1,-1,-1
351,14304,1603,514,84,143,1,-1,-1,-1
351,14313,1394,509,79,136,1,-1,-1,-1
351,14323,144,728,91,230,1,-1,-1,-1
352,14212,541,563,70,176,1,-1,-1,-1
352,14236,1312,273,60,98,1,-1,-1,-1
352,14273,926,688,81,223,1,-1,-1,-1
352,14234,654,423,54,141,1,-1,-1,-1
352,14281,983,359,56,96,1,-1,-1,-1
352,14282,1670,365,56,127,1,-1,-1,-1
352,14283,1616,298,46,109,1,-1,-1,-1
352,14288,1731,354,67,136,1,-1,-1,-1
352,14235,1131,433,64,128,1,-1,-1,-1
352,14219,943,378,60,104,1,-1,-1,-1
352,14303,534,373,56,127,1,-1,-1,-1
352,14304,1616,514,85,143,1,-1,-1,-1
352,14313,1404,509,80,137,1,-1,-1,-1
352,14323,144,727,91,230,1,-1,-1,-1
353,14212,545,562,71,177,1,-1,-1,-1
353,14236,1307,273,60,99,1,-1,-1,-1
353,14273,931,687,80,223,1,-1,-1,-1
353,14234,653,423,54,141,1,-1,-1,-1
353,14281,983,360,56,98,1,-1,-1,-1
353,14282,1672,365,57,127,1,-1,-1,-1
353,14283,1618,299,46,109,1,-1,-1,-1
353,14288,1730,354,66,136,1,-1,-1,-1
353,14235,1128,432,64,127,1,-1,-1,-1
353,14219,948,377,61,103,1,-1,-1,-1
353,14303,535,374,56,126,1,-1,-1,-1
353,14304,1630,514,85,143,1,-1,-1,-1
353,14313,1415,508,82,139,1,-1,-1,-1
353,14323,142,729,91,229,1,-1,-1,-1
354,14212,550,560,71,180,1,-1,-1,-1
354,14236,1302,273,60,99,1,-1,-1,-1
354,14273,935,685,81,224,1,-1,-1,-1
354,14234,653,422,54,142,1,-1,-1,-1
354,14281,984,362,55,100,1,-1,-1,-1
354,14282,1675,365,56,127,1,-1,-1,-1
354,14283,1620,299,46,110,1,-1,-1,-1
354,14288,1730,354,65,136,1,-1,-1,-1
354,14235,1125,430,64,127,1,-1,-1,-1
354,14219,953,376,62,103,1,-1,-1,-1
354,14303,536,375,55,126,1,-1,-1,-1
354,14304,1645,513,85,144,1,-1,-1,-1
354,14313,1427,507,83,141,1,-1,-1,-1
354,14323,139,730,91,228,1,-1,-1,-1
355,14212,554,559,72,181,1,-1,-1,-1
355,14236,1297,274,59,99,1,-1,-1,-1
355,14273,940,684,80,224,1,-1,-1,-1
355,14234,652,422,54,142,1,-1,-1,-1
355,14281,985,363,55,102,1,-1,-1,-1
355,14282,1678,365,55,127,1,-1,-1,-1
355,14283,1622,300,46,110,1,-1,-1,-1
355,14288,1729,354,65,137,1,-1,-1,-1
355,14235,1122,429,64,127,1,-1,-1,-1
355,14219,959,376,62,103,1,-1,-1,-1
355,14303,537,376,54,125,1,-1,-1,-1
355,14304,1660,513,86,144,1,-1,-1,-1
355,14313,1440,506,83,142,1,-1,-1,-1
355,14323,136,731,91,228,1,-1,-1,-1
356,14212,560,557,72,183,1,-1,-1,-1
356,14236,1292,274,59,100,1,-1,-1,-1
356,14273,944,683,80,225,1,-1,-1,-1
356,14234,652,422,54,142,1,-1,-1,-1
356,14281,986,364,55,104,1,-1,-1,-1
356,14282,1681,365,55,127,1,-1,-1,-1
356,14283,1623,300,47,111,1,-1,-1,-1
356,14288,1728,354,64,137,1,-1,-1,-1
356,14235,1119,427,64,127,1,-1,-1,-1
356,14219,964,375,62,102,1,-1,-1,-1
356,14303,538,377,53,124,1,-1,-1,-1
356,14304,1674,513,87,144,1,-1,-1,-1
356,14313,1452,505,84,144,1,-1,-1,-1
356,14323,133,733,90,226,1,-1,-1,-1
357,14212,565,555,72,186,1,-1,-1,-1
357,14236,1286,274,59,100,1,-1,-1,-1
357,14273,949,681,80,226,1,-1,-1,-1
357,14234,650,422,55,142,1,-1,-1,-1
357,14281,987,366,54,106,1,-1,-1,-1
357,14282,1684,365,55,127,1,-1,-1,-1
357,14283,1626,301,46,110,1,-1,-1,-1
357,14288,1728,354,62,138,1,-1,-1,-1
357,14235,1115,425,65,127,1,-1,-1,-1
357,14219,970,375,63,102,1,-1,-1,-1
357,14303,540,378,51,124,1,-1,-1,-1
357,14304,1691,512,88,145,1,-1,-1,-1
357,14313,1467,504,85,146,1,-1,-1,-1
357,14323,129,735,89,225,1,-1,-1,-1
358,14212,570,554,71,186,1,-1,-1,-1
358,14236,1282,274,58,101,1,-1,-1,-1
358,14273,952,680,79,225,1,-1,-1,-1
358,14234,649,423,54,141,1,-1,-1,-1
358,14281,987,366,53,108,1,-1,-1,-1
358,14282,1685,365,54,127,1,-1,-1,-1
358,14283,1625,301,47,111,1,-1,-1,-1
358,14288,1726,354,61,138,1,-1,-1,-1
358,14235,1111,425,65,126,1,-1,-1,-1
358,14219,972,374,63,103,1,-1,-1,-1
358,14303,541,380,50,122,1,-1,-1,-1
358,14304,1703,511,89,146,1,-1,-1,-1
358,14313,1477,503,84,147,1,-1,-1,-1
358,14323,126,735,90,226,1,-1,-1,-1
359,14212,573,554,71,185,1,-1,-1,-1
359,14236,1276,275,57,101,1,-1,-1,-1
359,14273,953,679,78,224,1,-1,-1,-1
359,14234,647,423,54,142,1,-1,-1,-1
359,14281,985,365,53,111,1,-1,-1,-1
359,14282,1684,364,54,128,1,-1,-1,-1
359,14283,1624,302,47,111,1,-1,-1,-1
359,14288,1724,354,60,137,1,-1,-1,-1
359,14235,1105,425,66,126,1,-1,-1,-1
359,14219,973,374,63,103,1,-1,-1,-1
359,14303,541,383,49,121,1,-1,-1,-1
359,14304,1716,509,90,148,1,-1,-1,-1
359,14313,1486,501,85,149,1,-1,-1,-1
359,14323,123,735,90,227,1,-1,-1,-1
360,14212,577,554,70,185,1,-1,-1,-1
360,14236,1270,276,57,101,1,-1,-1,-1
360,14273,953,678,78,222,1,-1,-1,-1
360,14234,645,423,54,142,1,-1,-1,-1
360,14281,983,363,53,114,1,-1,-1,-1
360,14282,1683,364,54,128,1,-1,-1,-1
360,14283,1622,302,49,113,1,-1,-1,-1
360,14288,1721,353,58,137,1,-1,-1,-1
360,14235,1098,426,67,125,1,-1,-1,-1
360,14219,973,374,64,104,1,-1,-1,-1
360,14303,540,385,49,120,1,-1,-1,-1
360,14304,1728,506,91,151,1,-1,-1,-1
360,14313,1495,500,84,150,1,-1,-1,-1
360,14323,119,734,91,228,1,-1,-1,-1
361,14212,581,554,69,184,1,-1,-1,-1
361,14236,1265,277,56,102,1,-1,-1,-1
361,14273,953,678,77,220,1,-1,-1,-1
361,14234,643,424,54,141,1,-1,-1,-1
361,14281,981,362,53,116,1,-1,-1,-1
361,14282,1682,364,53,127,1,-1,-1,-1
361,14283,1619,303,50,113,1,-1,-1,-1
361,14288,1718,352,57,137,1,-1,-1,-1
361,14235,1091,427,68,123,1,-1,-1,-1
361,14219,973,373,65,105,1,-1,-1,-1
361,14303,540,388,49,119,1,-1,-1,-1
361,14304,1742,504,91,153,1,-1,-1,-1
361,14313,1504,499,84,150,1,-1,-1,-1
361,14323,116,733,91,229,1,-1,-1,-1
361,14324,970,331,20,15,1,-1,-1,-1
362,14212,584,554,69,184,1,-1,-1,-1
362,14236,1258,278,56,102,1,-1,-1,-1
362,14273,953,677,76,219,1,-1,-1,-1
362,14234,641,424,54,142,1,-1,-1,-1
362,14281,978,361,54,118,1,-1,-1,-1
362,14282,1681,364,53,127,1,-1,-1,-1
362,14283,1617,304,52,113,1,-1,-1,-1
362,14288,1715,352,56,136,1,-1,-1,-1
362,14235,1084,429,69,121,1,-1,-1,-1
362,14219,972,373,67,106,1,-1,-1,-1
362,14303,540,391,49,118,1,-1,-1,-1
362,14304,1754,502,91,154,1,-1,-1,-1
362,14313,1512,497,84,152,1,-1,-1,-1
362,14323,112,732,91,231,1,-1,-1,-1
363,14212,589,554,68,183,1,-1,-1,-1
363,14236,1251,279,55,102,1,-1,-1,-1
363,14273,954,676,75,216,1,-1,-1,-1
363,14234,638,425,54,141,1,-1,-1,-1
363,14281,974,359,55,122,1,-1,-1,-1
363,14282,1679,364,54,127,1,-1,-1,-1
363,14283,1614,304,54,115,1,-1,-1,-1
363,14288,1711,351,55,136,1,-1,-1,-1
363,14235,1075,430,70,121,1,-1,-1,-1
363,14219,972,373,67,106,1,-1,-1,-1
363,14303,539,394,49,117,1,-1,-1,-1
363,14304,1772,499,91,157,1,-1,-1,-1
363,14313,1523,495,85,154,1,-1,-1,-1
363,14323,105,730,92,233,1,-1,-1,-1
364,14212,593,554,67,182,1,-1,-1,-1
364,14236,1247,280,54,102,1,-1,-1,-1
364,14273,955,674,75,215,1,-1,-1,-1
364,14234,637,425,53,141,1,-1,-1,-1
364,14281,974,359,55,123,1,-1,-1,-1
364,14282,1678,364,54,127,1,-1,-1,-1
364,14283,1611,305,56,115,1,-1,-1,-1
364,14288,1710,350,54,136,1,-1,-1,-1
364,14235,1069,430,71,120,1,-1,-1,-1
364,14219,971,373,68,107,1,-1,-1,-1
364,14303,538,395,51,117,1,-1,-1,-1
364,14304,1782,497,90,158,1,-1,-1,-1
364,14313,1532,494,84,154,1,-1,-1,-1
364,14323,103,730,92,234,1,-1,-1,-1
364,14326,930,316,21,15,1,-1,-1,-1
365,14212,598,553,66,180,1,-1,-1,-1
365,14236,1243,281,53,101,1,-1,-1,-1
365,14273,958,673,74,212,1,-1,-1,-1
365,14234,637,425,53,141,1,-1,-1,-1
365,14281,977,360,54,123,1,-1,-1,-1
365,14282,1677,363,54,127,1,-1,-1,-1
365,14283,1607,306,58,115,1,-1,-1,-1
365,14288,1710,351,53,135,1,-1,-1,-1
365,14235,1062,428,73,121,1,-1,-1,-1
365,14219,971,374,68,107,1,-1,-1,-1
365,14303,539,395,51,117,1,-1,-1,-1
365,14304,1792,496,89,159,1,-1,-1,-1
365,14313,1543,492,83,155,1,-1,-1,-1
365,14323,101,730,92,234,1,-1,-1,-1
365,14326,921,315,21,15,1,-1,-1,-1
366,14212,603,553,66,178,1,-1,-1,-1
366,14236,1239,281,52,102,1,-1,-1,-1
366,14273,962,672,73,209,1,-1,-1,-1
366,14234,637,426,53,139,1,-1,-1,-1
366,14281,980,363,54,122,1,-1,-1,-1
366,14282,1677,362,53,127,1,-1,-1,-1
366,14283,1604,307,58,114,1,-1,-1,-1
366,14288,1710,351,53,135,1,-1,-1,-1
366,14235,1055,426,73,122,1,-1,-1,-1
366,14219,970,376,69,106,1,-1,-1,-1
366,14303,540,394,52,118,1,-1,-1,-1
366,14304,1804,496,87,160,1,-1,-1,-1
366,14313,1555,491,83,154,1,-1,-1,-1
366,14323,99,729,92,235,1,-1,-1,-1
367,14212,608,553,66,175,1,-1,-1,-1
367,14236,1235,282,51,101,1,-1,-1,-1
367,14273,966,670,73,208,1,-1,-1,-1
367,14234,637,426,52,138,1,-1,-1,-1
367,14281,984,365,54,121,1,-1,-1,-1
367,14282,1676,361,53,127,1,-1,-1,-1
367,14283,1600,308,60,112,1,-1,-1,-1
367,14288,1710,351,53,134,1,-1,-1,-1
367,14235,1047,424,74,123,1,-1,-1,-1
367,14219,970,378,68,106,1,-1,-1,-1
367,14303,541,392,52,119,1,-1,-1,-1
367,14304,1815,495,86,161,1,-1,-1,-1
367,14313,1568,490,82,154,1,-1,-1,-1
367,14323,97,728,92,235,1,-1,-1,-1
367,14327,4,264,32,90,1,-1,-1,-1
368,14212,613,552,67,174,1,-1,-1,-1
368,14236,1231,282,50,101,1,-1,-1,-1
368,14273,970,669,72,205,1,-1,-1,-1
368,14234,637,426,52,138,1,-1,-1,-1
368,14281,987,367,54,121,1,-1,-1,-1
368,14282,1675,359,53,127,1,-1,-1,-1
368,14283,1596,308,61,113,1,-1,-1,-1
368,14288,1711,351,53,134,1,-1,-1,-1
368,14235,1040,422,74,124,1,-1,-1,-1
368,14219,969,381,67,104,1,-1,-1,-1
368,14303,542,391,53,120,1,-1,-1,-1
368,14304,1826,495,85,161,1,-1,-1,-1
368,14313,1581,488,81,154,1,-1,-1,-1
368,14323,95,727,91,235,1,-1,-1,-1
368,14327,11,264,32,91,1,-1,-1,-1
369,14212,621,552,67,170,1,-1,-1,-1
369,14236,1225,283,49,101,1,-1,-1,-1
369,14273,976,667,72,201,1,-1,-1,-1
369,14234,637,426,51,137,1,-1,-1,-1
369,14281,993,370,54,119,1,-1,-1,-1
369,14282,1675,358,52,127,1,-1,-1,-1
369,14283,1591,310,62,111,1,-1,-1,-1
369,14288,1711,351,53,133,1,-1,-1,-1
369,14235,1030,419,74,125,1,-1,-1,-1
369,14219,968,383,67,104,1,-1,-1,-1
369,14303,544,389,53,122,1,-1,-1,-1
369,14304,1843,494,83,162,1,-1,-1,-1
369,14313,1599,486,80,154,1,-1,-1,-1
369,14323,93,726,92,236,1,-1,-1,-1
369,14327,18,263,34,93,1,-1,-1,-1
370,14212,624,551,68,169,1,-1,-1,-1
370,14236,1223,284,48,100,1,-1,-1,-1
370,14273,979,666,72,199,1,-1,-1,-1
370,14234,637,427,51,136,1,-1,-1,-1
370,14281,995,371,55,118,1,-1,-1,-1
370,14282,1675,357,52,127,1,-1,-1,-1
370,14283,1589,311,62,110,1,-1,-1,-1
370,14288,1711,351,54,133,1,-1,-1,-1
370,14235,1025,417,73,126,1,-1,-1,-1
370,14219,966,385,67,103,1,-1,-1,-1
370,14303,545,387,54,123,1,-1,-1,-1
370,14304,1851,494,81,162,1,-1,-1,-1
370,14313,1609,485,79,153,1,-1,-1,-1
370,14323,91,726,91,237,1,-1,-1,-1
370,14327,25,262,35,95,1,-1,-1,-1
371,14212,628,549,70,171,1,-1,-1,-1
371,14236,1220,284,48,99,1,-1,-1,-1
371,14273,982,662,72,199,1,-1,-1,-1
371,14234,638,427,52,135,1,-1,-1,-1
371,14281,1001,372,55,119,1,-1,-1,-1
371,14282,1673,357,53,127,1,-1,-1,-1
371,14283,1586,311,64,111,1,-1,-1,-1
371,14288,1710,351,55,133,1,-1,-1,-1
371,14235,1018,416,71,126,1,-1,-1,-1
371,14219,962,387,67,102,1,-1,-1,-1
371,14303,548,386,53,123,1,-1,-1,-1
371,14304,1859,494,77,159,1,-1,-1,-1
371,14313,1621,483,77,150,1,-1,-1,-1
371,14323,90,725,90,236,1,-1,-1,-1
371,14327,32,262,36,97,1,-1,-1,-1
372,14212,634,547,70,173,1,-1,-1,-1
372,14236,1217,284,48,99,1,-1,-1,-1
372,14273,984,659,73,197,1,-1,-1,-1
372,14234,640,426,51,136,1,-1,-1,-1
372,14281,1008,372,55,119,1,-1,-1,-1
372,14282,1673,356,53,129,1,-1,-1,-1
372,14283,1584,312,64,111,1,-1,-1,-1
372,14288,1709,350,56,134,1,-1,-1,-1
372,14235,1010,414,70,126,1,-1,-1,-1
372,14219,957,388,66,102,1,-1,-1,-1
372,14303,551,386,53,122,1,-1,-1,-1
372,14304,1871,494,70,153,1,-1,-1,-1
372,14313,1634,481,77,148,1,-1,-1,-1
372,14323,90,726,89,234,1,-1,-1,-1
372,14327,39,262,38,98,1,-1,-1,-1
373,14212,639,545,72,175,1,-1,-1,-1
373,14236,1214,284,48,99,1,-1,-1,-1
373,14273,987,655,73,197,1,-1,-1,-1
373,14234,641,426,52,136,1,-1,-1,-1
373,14281,1015,373,55,120,1,-1,-1,-1
373,14282,1672,356,53,130,1,-1,-1,-1
373,14283,1581,312,65,112,1,-1,-1,-1
373,14288,1709,350,55,134,1,-1,-1,-1
373,14235,1001,413,69,126,1,-1,-1,-1
373,14219,951,390,67,101,1,-1,-1,-1
373,14303,554,385,53,122,1,-1,-1,-1
373,14304,1881,494,62,147,1,-1,-1,-1
373,14313,1652,478,75,144,1,-1,-1,-1
373,14323,89,727,88,233,1,-1,-1,-1
373,14327,46,261,39,99,1,-1,-1,-1
374,14212,645,543,72,177,1,-1,-1,-1
374,14236,1210,284,49,99,1,-1,-1,-1
374,14273,990,651,73,196,1,-1,-1,-1
374,14234,643,426,51,135,1,-1,-1,-1
374,14281,1022,373,55,120,1,-1,-1,-1
374,14282,1671,356,54,130,1,-1,-1,-1
374,14283,1578,313,65,112,1,-1,-1,-1
374,14288,1709,350,55,134,1,-1,-1,-1
374,14235,993,412,67,125,1,-1,-1,-1
374,14219,946,392,66,100,1,-1,-1,-1
374,14303,557,384,54,122,1,-1,-1,-1
374,14304,1885,494,57,145,1,-1,-1,-1
374,14313,1670,478,75,144,1,-1,-1,-1
374,14323,88,727,87,231,1,-1,-1,-1
374,14327,54,261,41,99,1,-1,-1,-1
375,14212,654,540,73,180,1,-1,-1,-1
375,14236,1205,284,50,99,1,-1,-1,-1
375,14273,995,645,73,194,1,-1,-1,-1
375,14234,645,425,51,136,1,-1,-1,-1
375,14281,1035,374,54,120,1,-1,-1,-1
375,14282,1669,355,56,133,1,-1,-1,-1
375,14283,1575,313,65,113,1,-1,-1,-1
375,14288,1708,349,55,136,1,-1,-1,-1
375,14235,979,411,65,125,1,-1,-1,-1
375,14219,936,395,66,98,1,-1,-1,-1
375,14303,563,382,53,122,1,-1,-1,-1
375,14313,1687,476,76,149,1,-1,-1,-1
375,14323,87,728,87,229,1,-1,-1,-1
375,14327,68,261,42,98,1,-1,-1,-1
376,14212,658,538,73,182,1,-1,-1,-1
376,14236,1202,285,51,99,1,-1,-1,-1
376,14273,997,642,73,194,1,-1,-1,-1
376,14234,646,425,51,136,1,-1,-1,-1
376,14281,1040,374,53,121,1,-1,-1,-1
376,14282,1669,355,56,133,1,-1,-1,-1
376,14283,1573,314,65,113,1,-1,-1,-1
376,14288,1708,349,55,136,1,-1,-1,-1
376,14235,974,410,63,125,1,-1,-1,-1
376,14219,932,396,66,98,1,-1,-1,-1
376,14303,564,382,54,122,1,-1,-1,-1
376,14313,1694,476,76,150,1,-1,-1,-1
376,14323,86,729,86,227,1,-1,-1,-1
376,14327,73,261,44,98,1,-1,-1,-1
377,14212,665,537,71,182,1,-1,-1,-1
377,14236,1198,284,52,99,1,-1,-1,-1
377,14273,1000,640,74,196,1,-1,-1,-1
377,14234,649,425,51,135,1,-1,-1,-1
377,14281,1047,374,52,121,1,-1,-1,-1
377,14282,1668,355,56,133,1,-1,-1,-1
377,14283,1573,314,64,113,1,-1,-1,-1
377,14288,1710,349,54,136,1,-1,-1,-1
377,14235,968,410,62,124,1,-1,-1,-1
377,14219,931,395,67,99,1,-1,-1,-1
377,14303,569,381,54,122,1,-1,-1,-1
377,14313,1705,475,75,150,1,-1,-1,-1
377,14323,86,729,86,226,1,-1,-1,-1
377,14327,84,261,45,98,1,-1,-1,-1
378,14212,672,536,71,183,1,-1,-1,-1
378,14236,1193,284,53,99,1,-1,-1,-1
378,14273,1003,638,74,198,1,-1,-1,-1
378,14234,652,425,51,135,1,-1,-1,-1
378,14281,1054,374,52,121,1,-1,-1,-1
378,14282,1668,355,56,133,1,-1,-1,-1
378,14283,1571,314,63,114,1,-1,-1,-1
378,14288,1712,348,54,137,1,-1,-1,-1
378,14235,961,409,62,124,1,-1,-1,-1
378,14219,930,394,68,101,1,-1,-1,-1
378,14303,575,379,54,121,1,-1,-1,-1
378,14313,1718,475,75,149,1,-1,-1,-1
378,14323,88,728,86,226,1,-1,-1,-1
378,14327,104,261,44,97,1,-1,-1,-1
379,14212,680,535,70,183,1,-1,-1,-1
379,14236,1188,284,53,99,1,-1,-1,-1
379,14273,1006,636,75,200,1,-1,-1,-1
379,14234,656,425,50,135,1,-1,-1,-1
379,14281,1062,375,52,121,1,-1,-1,-1
379,14282,1668,356,56,132,1,-1,-1,-1
379,14283,1570,313,62,114,1,-1,-1,-1
379,14288,1715,348,53,137,1,-1,-1,-1
379,14235,954,409,62,124,1,-1,-1,-1
379,14219,929,393,70,102,1,-1,-1,-1
379,14303,581,378,54,121,1,-1,-1,-1
379,14313,1731,474,75,149,1,-1,-1,-1
379,14323,90,727,86,227,1,-1,-1,-1
379,14327,114,261,44,96,1,-1,-1,-1
380,14212,688,535,69,182,1,-1,-1,-1
380,14236,1183,284,52,98,1,-1,-1,-1
380,14273,1009,633,76,204,1,-1,-1,-1
380,14234,659,426,50,135,1,-1,-1,-1
380,14281,1071,375,51,121,1,-1,-1,-1
380,14282,1667,356,56,132,1,-1,-1,-1
380,14283,1569,313,61,115,1,-1,-1,-1
380,14288,1717,347,53,139,1,-1,-1,-1
380,14235,946,408,62,124,1,-1,-1,-1
380,14219,929,391,71,105,1,-1,-1,-1
380,14303,588,377,53,120,1,-1,-1,-1
380,14313,1748,473,75,148,1,-1,-1,-1
380,14323,91,726,87,227,1,-1,-1,-1
380,14327,124,261,44,95,1,-1,-1,-1
381,14212,696,534,68,182,1,-1,-1,-1
381,14236,1179,284,52,98,1,-1,-1,-1
381,14273,1012,631,77,206,1,-1,-1,-1
381,14234,663,426,49,135,1,-1,-1,-1
381,14281,1079,375,51,121,1,-1,-1,-1
381,14282,1668,356,55,132,1,-1,-1,-1
381,14283,1569,312,59,115,1,-1,-1,-1
381,14288,1720,347,53,139,1,-1,-1,-1
381,14235,938,408,64,124,1,-1,-1,-1
381,14219,928,390,73,106,1,-1,-1,-1
381,14303,595,376,53,120,1,-1,-1,-1
381,14313,1761,472,76,148,1,-1,-1,-1
381,14323,93,725,87,228,1,-1,-1,-1
381,14327,133,260,45,95,1,-1,-1,-1
382,14212,706,533,67,183,1,-1,-1,-1
382,14236,1173,283,52,98,1,-1,-1,-1
382,14273,1017,629,76,209,1,-1,-1,-1
382,14234,667,427,49,134,1,-1,-1,-1
382,14281,1088,375,52,121,1,-1,-1,-1
382,14282,1668,357,55,132,1,-1,-1,-1
382,14283,1568,312,57,116,1,-1,-1,-1
382,14288,1723,346,52,141,1,-1,-1,-1
382,14235,929,407,65,124,1,-1,-1,-1
382,14219,928,389,75,108,1,-1,-1,-1
382,14303,602,374,53,120,1,-1,-1,-1
382,14313,1775,471,77,149,1,-1,-1,-1
382,14323,95,723,88,230,1,-1,-1,-1
382,14327,144,260,47,93,1,-1,-1,-1
383,14212,712,533,67,182,1,-1,-1,-1
383,14236,1169,283,51,98,1,-1,-1,-1
383,14273,1020,627,76,209,1,-1,-1,-1
383,14234,670,427,49,133,1,-1,-1,-1
383,14281,1094,375,52,121,1,-1,-1,-1
383,14282,1667,357,54,132,1,-1,-1,-1
383,14283,1568,312,55,116,1,-1,-1,-1
383,14288,1726,347,51,140,1,-1,-1,-1
383,14235,924,407,65,124,1,-1,-1,-1
383,14219,926,388,75,109,1,-1,-1,-1
383,14303,607,373,52,120,1,-1,-1,-1
383,14313,1790,469,78,152,1,-1,-1,-1
383,14323,96,722,89,230,1,-1,-1,-1
383,14327,152,259,48,94,1,-1,-1,-1
384,14212,719,533,66,180,1,-1,-1,-1
384,14236,1165,283,51,98,1,-1,-1,-1
384,14273,1025,626,75,209,1,-1,-1,-1
384,14234,674,427,50,134,1,-1,-1,-1
384,14281,1099,374,52,121,1,-1,-1,-1
384,14282,1667,357,53,131,1,-1,-1,-1
384,14283,1569,311,53,116,1,-1,-1,-1
384,14288,1729,348,50,139,1,-1,-1,-1
384,14235,918,406,66,123,1,-1,-1,-1
384,14219,924,387,75,109,1,-1,-1,-1
384,14303,612,372,52,120,1,-1,-1,-1
384,14313,1806,468,78,154,1,-1,-1,-1
384,14323,99,721,88,231,1,-1,-1,-1
384,14327,167,259,48,95,1,-1,-1,-1
385,14212,725,533,66,179,1,-1,-1,-1
385,14236,1160,282,52,98,1,-1,-1,-1
385,14273,1029,625,74,207,1,-1,-1,-1
385,14234,678,426,50,135,1,-1,-1,-1
385,14281,1104,374,52,121,1,-1,-1,-1
385,14282,1666,358,53,130,1,-1,-1,-1
385,14283,1569,311,52,115,1,-1,-1,-1
385,14288,1731,349,50,138,1,-1,-1,-1
385,14235,913,406,66,121,1,-1,-1,-1
385,14219,920,386,76,110,1,-1,-1,-1
385,14303,616,371,53,120,1,-1,-1,-1
385,14313,1822,466,78,156,1,-1,-1,-1
385,14323,101,720,89,233,1,-1,-1,-1
385,14327,173,258,47,96,1,-1,-1,-1
386,14212,731,533,66,178,1,-1,-1,-1
386,14236,1155,282,53,98,1,-1,-1,-1
386,14273,1033,624,73,205,1,-1,-1,-1
386,14234,681,426,51,135,1,-1,-1,-1
386,14281,1110,373,51,121,1,-1,-1,-1
386,14282,1665,358,53,130,1,-1,-1,-1
386,14283,1569,311,51,115,1,-1,-1,-1
386,14288,1732,349,51,136,1,-1,-1,-1
386,14235,908,405,66,120,1,-1,-1,-1
386,14219,917,385,76,111,1,-1,-1,-1
386,14303,621,370,52,120,1,-1,-1,-1
386,14313,1844,464,78,159,1,-1,-1,-1
386,14323,103,719,89,234,1,-1,-1,-1
386,14327,180,258,48,94,1,-1,-1,-1
387,14212,738,533,65,176,1,-1,-1,-1
387,14236,1150,281,53,97,1,-1,-1,-1
387,14273,1038,622,72,204,1,-1,-1,-1
387,14234,685,425,52,136,1,-1,-1,-1
387,14281,1116,373,50,121,1,-1,-1,-1
387,14282,1664,359,53,129,1,-1,-1,-1
387,14283,1569,311,51,115,1,-1,-1,-1
387,14288,1734,350,51,135,1,-1,-1,-1
387,14235,903,404,66,119,1,-1,-1,-1
387,14219,914,385,75,111,1,-1,-1,-1
387,14303,625,369,53,120,1,-1,-1,-1
387,14313,1854,463,77,160,1,-1,-1,-1
387,14323,106,718,88,236,1,-1,-1,-1
387,14327,189,257,48,93,1,-1,-1,-1
388,14212,746,533,65,174,1,-1,-1,-1
388,14236,1143,281,55,97,1,-1,-1,-1
388,14273,1043,621,72,201,1,-1,-1,-1
388,14234,690,425,53,137,1,-1,-1,-1
388,14281,1122,372,50,121,1,-1,-1,-1
388,14282,1663,359,53,128,1,-1,-1,-1
388,14283,1568,310,51,115,1,-1,-1,-1
388,14288,1736,352,52,133,1,-1,-1,-1
388,14235,897,403,66,117,1,-1,-1,-1
388,14219,910,383,75,112,1,-1,-1,-1
388,14303,631,367,53,122,1,-1,-1,-1
388,14313,1867,463,71,155,1,-1,-1,-1
388,14323,110,717,88,238,1,-1,-1,-1
388,14327,201,256,47,92,1,-1,-1,-1
389,14212,750,533,65,173,1,-1,-1,-1
389,14236,1139,280,57,98,1,-1,-1,-1
389,14273,1046,620,72,200,1,-1,-1,-1
389,14234,694,424,53,138,1,-1,-1,-1
389,14281,1127,372,49,121,1,-1,-1,-1
389,14282,1663,360,53,127,1,-1,-1,-1
389,14283,1568,310,50,115,1,-1,-1,-1
389,14288,1738,352,53,132,1,-1,-1,-1
389,14235,895,402,66,117,1,-1,-1,-1
389,14219,907,382,74,111,1,-1,-1,-1
389,14303,633,367,54,121,1,-1,-1,-1
389,14313,1881,475,57,132,1,-1,-1,-1
389,14323,112,716,87,239,1,-1,-1,-1
389,14327,207,256,48,92,1,-1,-1,-1
390,14212,754,532,65,173,1,-1,-1,-1
390,14236,1134,280,58,98,1,-1,-1,-1
390,14273,1049,619,71,199,1,-1,-1,-1
390,14234,698,424,54,139,1,-1,-1,-1
390,14281,1133,371,47,121,1,-1,-1,-1
390,14282,1664,360,53,127,1,-1,-1,-1
390,14283,1566,309,51,117,1,-1,-1,-1
390,14288,1740,352,55,132,1,-1,-1,-1
390,14235,894,401,66,116,1,-1,-1,-1
390,14219,902,381,73,110,1,-1,-1,-1
390,14303,635,367,53,120,1,-1,-1,-1
390,14313,1886,477,50,123,1,-1,-1,-1
390,14323,115,717,85,238,1,-1,-1,-1
390,14327,214,256,48,92,1,-1,-1,-1
391,14212,758,531,65,174,1,-1,-1,-1
391,14236,1130,280,58,99,1,-1,-1,-1
391,14273,1053,617,70,197,1,-1,-1,-1
391,14234,704,424,53,139,1,-1,-1,-1
391,14281,1139,371,47,121,1,-1,-1,-1
391,14282,1665,360,53,127,1,-1,-1,-1
391,14283,1564,309,51,118,1,-1,-1,-1
391,14288,1743,351,55,133,1,-1,-1,-1
391,14235,894,399,66,117,1,-1,-1,-1
391,14219,897,379,71,108,1,-1,-1,-1
391,14303,636,368,54,118,1,-1,-1,-1
391,14323,118,717,84,237,1,-1,-1,-1
391,14327,222,256,49,93,1,-1,-1,-1
392,14212,762,529,66,175,1,-1,-1,-1
392,14236,1125,279,58,101,1,-1,-1,-1
392,14273,1056,616,70,196,1,-1,-1,-1
392,14234,709,424,54,139,1,-1,-1,-1
392,14281,1144,370,47,121,1,-1,-1,-1
392,14282,1665,360,54,127,1,-1,-1,-1
392,14283,1562,309,51,119,1,-1,-1,-1
392,14288,1746,351,56,132,1,-1,-1,-1
392,14235,893,398,67,116,1,-1,-1,-1
392,14219,892,377,69,107,1,-1,-1,-1
392,14303,637,368,54,116,1,-1,-1,-1
392,14323,121,718,84,235,1,-1,-1,-1
392,14327,230,256,49,94,1,-1,-1,-1
393,14212,767,528,65,175,1,-1,-1,-1
393,14236,1121,279,58,103,1,-1,-1,-1
393,14273,1059,615,70,194,1,-1,-1,-1
393,14234,714,424,54,139,1,-1,-1,-1
393,14281,1151,370,46,121,1,-1,-1,-1
393,14282,1667,360,53,127,1,-1,-1,-1
393,14283,1560,309,52,120,1,-1,-1,-1
393,14288,1749,350,57,133,1,-1,-1,-1
393,14235,893,396,67,117,1,-1,-1,-1
393,14219,887,376,67,105,1,-1,-1,-1
393,14303,638,369,54,114,1,-1,-1,-1
393,14323,124,719,83,234,1,-1,-1,-1
393,14327,238,256,49,95,1,-1,-1,-1
394,14212,773,526,65,176,1,-1,-1,-1
394,14236,1114,279,59,104,1,-1,-1,-1
394,14273,1063,614,69,190,1,-1,-1,-1
394,14234,722,424,54,139,1,-1,-1,-1
394,14281,1159,369,46,120,1,-1,-1,-1
394,14282,1668,360,54,127,1,-1,-1,-1
394,14283,1557,309,52,122,1,-1,-1,-1
394,14288,1755,349,56,133,1,-1,-1,-1
394,14235,892,394,67,117,1,-1,-1,-1
394,14219,880,373,64,102,1,-1,-1,-1
394,14303,639,370,55,111,1,-1,-1,-1
394,14323,126,720,83,232,1,-1,-1,-1
394,14327,250,256,48,96,1,-1,-1,-1
395,14212,776,525,64,177,1,-1,-1,-1
395,14236,1112,278,57,105,1,-1,-1,-1
395,14273,1065,612,69,190,1,-1,-1,-1
395,14234,726,424,54,139,1,-1,-1,-1
395,14281,1163,369,45,120,1,-1,-1,-1
395,14282,1670,360,53,127,1,-1,-1,-1
395,14283,1556,309,52,122,1,-1,-1,-1
395,14288,1757,349,57,133,1,-1,-1,-1
395,14235,893,393,67,116,1,-1,-1,-1
395,14219,877,372,63,102,1,-1,-1,-1
395,14303,640,370,55,110,1,-1,-1,-1
395,14323,129,721,83,230,1,-1,-1,-1
395,14327,255,256,48,96,1,-1,-1,-1
396,14212,779,524,65,178,1,-1,-1,-1
396,14236,1110,279,55,104,1,-1,-1,-1
396,14273,1068,611,68,189,1,-1,-1,-1
396,14234,732,424,53,138,1,-1,-1,-1
396,14281,1167,367,46,120,1,-1,-1,-1
396,14282,1672,360,53,128,1,-1,-1,-1
396,14283,1554,310,52,122,1,-1,-1,-1
396,14288,1760,348,57,134,1,-1,-1,-1
396,14235,895,391,67,117,1,-1,-1,-1
396,14219,873,371,63,102,1,-1,-1,-1
396,14303,641,368,58,112,1,-1,-1,-1
396,14323,130,721,84,229,1,-1,-1,-1
396,14327,262,256,47,96,1,-1,-1,-1
397,14212,783,524,64,178,1,-1,-1,-1
397,14236,1107,279,54,104,1,-1,-1,-1
397,14273,1070,608,69,190,1,-1,-1,-1
397,14234,738,424,53,137,1,-1,-1,-1
397,14281,1172,366,45,120,1,-1,-1,-1
397,14282,1675,359,53,129,1,-1,-1,-1
397,14283,1552,311,50,120,1,-1,-1,-1
397,14288,1762,348,57,135,1,-1,-1,-1
397,14235,897,390,68,116,1,-1,-1,-1
397,14219,868,370,63,104,1,-1,-1,-1
397,14303,642,366,61,114,1,-1,-1,-1
397,14323,131,720,85,229,1,-1,-1,-1
397,14327,268,256,46,96,1,-1,-1,-1
398,14212,786,523,65,179,1,-1,-1,-1
398,14236,1105,279,52,104,1,-1,-1,-1
398,14273,1073,606,69,189,1,-1,-1,-1
398,14234,745,424,52,136,1,-1,-1,-1
398,14281,1176,365,46,119,1,-1,-1,-1
398,14282,1678,359,54,130,1,-1,-1,-1
398,14283,1549,312,50,119,1,-1,-1,-1
398,14288,1765,347,57,136,1,-1,-1,-1
398,14235,899,389,68,115,1,-1,-1,-1
398,14219,865,369,63,106,1,-1,-1,-1
398,14303,645,364,62,116,1,-1,-1,-1
398,14323,133,719,85,228,1,-1,-1,-1
398,14327,275,256,44,96,1,-1,-1,-1
399,14212,790,523,64,180,1,-1,-1,-1
399,14236,1103,280,51,103,1,-1,-1,-1
399,14273,1075,604,69,189,1,-1,-1,-1
399,14234,751,423,53,137,1,-1,-1,-1
399,14281,1180,364,46,119,1,-1,-1,-1
399,14282,1681,359,53,131,1,-1,-1,-1
399,14283,1547,313,48,118,1,-1,-1,-1
399,14288,1768,346,56,138,1,-1,-1,-1
399,14235,901,387,68,115,1,-1,-1,-1
399,14219,861,368,62,107,1,-1,-1,-1
399,14303,647,362,65,118,1,-1,-1,-1
399,14323,135,718,85,228,1,-1,-1,-1
399,14327,282,256,43,96,1,-1,-1,-1
400,14212,796,522,65,181,1,-1,-1,-1
400,14236,1098,281,50,102,1,-1,-1,-1
400,14273,1081,600,68,189,1,-1,-1,-1
400,14234,762,423,52,135,1,-1,-1,-1
400,14281,1187,361,47,119,1,-1,-1,-1
400,14282,1685,358,54,133,1,-1,-1,-1
400,14283,1543,315,47,116,1,-1,-1,-1
400,14288,1773,346,55,139,1,-1,-1,-1
400,14235,904,384,68,114,1,-1,-1,-1
400,14219,854,367,63,110,1,-1,-1,-1
400,14303,651,359,68,121,1,-1,-1,-1
400,14323,137,717,85,227,1,-1,-1,-1
400,14327,292,257,42,94,1,-1,-1,-1
401,14212,798,522,65,181,1,-1,-1,-1
401,14236,1097,281,48,102,1,-1,-1,-1
401,14273,1082,598,69,190,1,-1,-1,-1
401,14234,765,423,53,135,1,-1,-1,-1
401,14281,1190,361,47,118,1,-1,-1,-1
401,14282,1687,358,54,133,1,-1,-1,-1
401,14283,1542,315,46,116,1,-1,-1,-1
401,14288,1775,345,54,140,1,-1,-1,-1
401,14235,906,383,68,114,1,-1,-1,-1
401,14219,852,366,62,111,1,-1,-1,-1
401,14303,652,358,70,122,1,-1,-1,-1
401,14323,138,716,86,227,1,-1,-1,-1
401,14327,297,257,40,94,1,-1,-1,-1
402,14212,802,522,64,181,1,-1,-1,-1
402,14236,1094,283,47,100,1,-1,-1,-1
402,14273,1084,596,69,191,1,-1,-1,-1
402,14234,771,422,52,135,1,-1,-1,-1
402,14281,1191,361,48,118,1,-1,-1,-1
402,14282,1689,358,53,134,1,-1,-1,-1
402,14283,1540,318,44,113,1,-1,-1,-1
402,14288,1778,346,53,139,1,-1,-1,-1
402,14235,910,383,69,114,1,-1,-1,-1
402,14219,848,367,60,107,1,-1,-1,-1
402,14303,654,359,71,122,1,-1,-1,-1
402,14323,139,715,86,228,1,-1,-1,-1
402,14327,302,257,41,94,1,-1,-1,-1
403,14212,806,523,64,179,1,-1,-1,-1
403,14236,1091,285,46,98,1,-1,-1,-1
403,14273,1087,594,69,193,1,-1,-1,-1
403,14234,777,422,52,134,1,-1,-1,-1
403,14281,1193,362,48,116,1,-1,-1,-1
403,14282,1690,358,53,135,1,-1,-1,-1
403,14283,1537,320,44,111,1,-1,-1,-1
403,14288,1781,346,53,138,1,-1,-1,-1
403,14235,915,384,70,113,1,-1,-1,-1
403,14219,844,367,56,102,1,-1,-1,-1
403,14303,657,361,70,120,1,-1,-1,-1
403,14323,140,714,86,229,1,-1,-1,-1
403,14327,309,257,39,94,1,-1,-1,-1
404,14212,810,523,63,179,1,-1,-1,-1
404,14236,1087,287,45,96,1,-1,-1,-1
404,14273,1089,593,70,193,1,-1,-1,-1
404,14234,783,422,52,134,1,-1,-1,-1
404,14281,1194,363,49,114,1,-1,-1,-1
404,14282,1692,358,52,135,1,-1,-1,-1
404,14283,1535,323,43,109,1,-1,-1,-1
404,14288,1783,347,53,137,1,-1,-1,-1
404,14235,919,384,71,114,1,-1,-1,-1
404,14219,839,367,53,96,1,-1,-1,-1
404,14303,660,363,69,119,1,-1,-1,-1
404,14323,140,713,86,231,1,-1,-1,-1
404,14327,316,257,39,93,1,-1,-1,-1
405,14212,814,523,63,177,1,-1,-1,-1
405,14236,1083,289,46,94,1,-1,-1,-1
405,14273,1091,591,70,195,1,-1,-1,-1
405,14234,789,421,52,134,1,-1,-1,-1
405,14281,1195,364,50,113,1,-1,-1,-1
405,14282,1693,359,52,134,1,-1,-1,-1
405,14283,1532,326,43,106,1,-1,-1,-1
405,14288,1786,348,53,136,1,-1,-1,-1
405,14235,924,385,73,113,1,-1,-1,-1
405,14219,834,368,49,89,1,-1,-1,-1
405,14303,663,366,68,117,1,-1,-1,-1
405,14323,140,712,87,232,1,-1,-1,-1
405,14327,323,256,39,94,1,-1,-1,-1
406,14212,819,524,62,176,1,-1,-1,-1
406,14236,1079,291,45,92,1,-1,-1,-1
406,14273,1093,589,71,196,1,-1,-1,-1
406,14234,796,421,51,133,1,-1,-1,-1
406,14281,1196,365,51,111,1,-1,-1,-1
406,14282,1695,359,52,135,1,-1,-1,-1
406,14283,1530,329,42,103,1,-1,-1,-1
406,14288,1789,348,53,134,1,-1,-1,-1
406,14235,930,385,74,113,1,-1,-1,-1
406,14219,830,368,45,83,1,-1,-1,-1
406,14303,666,368,67,115,1,-1,-1,-1
406,14323,141,711,86,234,1,-1,-1,-1
406,14327,330,256,38,93,1,-1,-1,-1
407,14212,823,524,63,175,1,-1,-1,-1
407,14236,1074,293,45,89,1,-1,-1,-1
407,14273,1096,586,72,198,1,-1,-1,-1
407,14234,803,420,50,133,1,-1,-1,-1
407,14281,1197,366,52,110,1,-1,-1,-1
407,14282,1696,360,52,134,1,-1,-1,-1
407,14283,1526,332,42,101,1,-1,-1,-1
407,14288,1792,349,53,133,1,-1,-1,-1
407,14235,935,386,76,113,1,-1,-1,-1
407,14219,824,368,42,76,1,-1,-1,-1
407,14303,670,371,65,113,1,-1,-1,-1
407,14323,142,709,85,237,1,-1,-1,-1
407,14327,337,256,38,93,1,-1,-1,-1
408,14212,825,524,63,174,1,-1,-1,-1
408,14236,1072,294,45,88,1,-1,-1,-1
408,14273,1097,586,71,197,1,-1,-1,-1
408,14234,807,420,50,132,1,-1,-1,-1
408,14281,1198,368,54,110,1,-1,-1,-1
408,14282,1697,361,51,133,1,-1,-1,-1
408,14283,1521,335,44,100,1,-1,-1,-1
408,14288,1792,351,54,130,1,-1,-1,-1
408,14235,938,387,77,113,1,-1,-1,-1
408,14219,817,369,43,77,1,-1,-1,-1
408,14303,670,374,64,112,1,-1,-1,-1
408,14323,142,709,85,238,1,-1,-1,-1
408,14327,340,257,39,92,1,-1,-1,-1
409,14212,825,524,63,174,1,-1,-1,-1
409,14236,1070,295,47,89,1,-1,-1,-1
409,14273,1096,586,71,196,1,-1,-1,-1
409,14234,810,420,49,131,1,-1,-1,-1
409,14281,1199,371,54,108,1,-1,-1,-1
409,14282,1697,363,50,131,1,-1,-1,-1
409,14283,1516,338,45,99,1,-1,-1,-1
409,14288,1791,353,54,129,1,-1,-1,-1
409,14235,939,388,78,112,1,-1,-1,-1
409,14219,808,369,45,83,1,-1,-1,-1
409,14303,670,375,63,112,1,-1,-1,-1
409,14323,142,711,83,237,1,-1,-1,-1
409,14327,342,258,38,91,1,-1,-1,-1
410,14212,824,524,64,174,1,-1,-1,-1
410,14236,1070,297,47,88,1,-1,-1,-1
410,14273,1095,587,71,194,1,-1,-1,-1
410,14234,812,420,49,130,1,-1,-1,-1
410,14281,1202,374,54,106,1,-1,-1,-1
410,14282,1696,365,50,130,1,-1,-1,-1
410,14283,1510,341,47,99,1,-1,-1,-1
410,14288,1789,356,55,127,1,-1,-1,-1
410,14235,941,389,78,111,1,-1,-1,-1
410,14219,798,370,50,89,1,-1,-1,-1
410,14303,669,377,63,112,1,-1,-1,-1
410,14323,141,714,82,234,1,-1,-1,-1
410,14327,342,260,38,90,1,-1,-1,-1
411,14212,823,524,64,174,1,-1,-1,-1
411,14236,1069,298,48,88,1,-1,-1,-1
411,14273,1094,587,71,193,1,-1,-1,-1
411,14234,815,421,49,128,1,-1,-1,-1
411,14281,1203,377,55,105,1,-1,-1,-1
411,14282,1696,367,49,129,1,-1,-1,-1
411,14283,1505,344,48,98,1,-1,-1,-1
411,14288,1788,359,54,124,1,-1,-1,-1
411,14235,942,390,78,110,1,-1,-1,-1
411,14219,788,371,54,97,1,-1,-1,-1
411,14303,669,379,62,112,1,-1,-1,-1
411,14323,140,716,81,232,1,-1,-1,-1
411,14327,341,261,39,90,1,-1,-1,-1
412,14212,823,524,63,174,1,-1,-1,-1
412,14236,1068,298,49,89,1,-1,-1,-1
412,14273,1093,588,70,191,1,-1,-1,-1
412,14234,817,421,49,128,1,-1,-1,-1
412,14281,1206,381,54,104,1,-1,-1,-1
412,14282,1696,369,48,127,1,-1,-1,-1
412,14283,1499,347,50,97,1,-1,-1,-1
412,14288,1786,363,55,121,1,-1,-1,-1
412,14235,944,391,77,109,1,-1,-1,-1
412,14219,778,371,58,105,1,-1,-1,-1
412,14303,668,381,61,112,1,-1,-1,-1
412,14323,138,719,81,230,1,-1,-1,-1
412,14327,341,263,40,89,1,-1,-1,-1
413,14212,822,525,63,174,1,-1,-1,-1
413,14236,1068,299,49,90,1,-1,-1,-1
413,14273,1092,589,69,189,1,-1,-1,-1
413,14234,820,421,50,127,1,-1,-1,-1
413,14281,1209,385,54,103,1,-1,-1,-1
413,14282,1695,372,47,125,1,-1,-1,-1
413,14283,1491,351,53,96,1,-1,-1,-1
413,14288,1783,367,55,118,1,-1,-1,-1
413,14235,946,393,77,108,1,-1,-1,-1
413,14219,765,372,63,114,1,-1,-1,-1
413,14303,666,383,61,112,1,-1,-1,-1
413,14323,136,724,80,226,1,-1,-1,-1
413,14327,341,265,40,88,1,-1,-1,-1
414,14212,820,525,63,174,1,-1,-1,-1
414,14236,1066,300,50,89,1,-1,-1,-1
414,14273,1090,590,68,187,1,-1,-1,-1
414,14234,821,421,49,127,1,-1,-1,-1
414,14281,1209,387,53,102,1,-1,-1,-1
414,14282,1693,373,47,125,1,-1,-1,-1
414,14283,1483,353,55,95,1,-1,-1,-1
414,14288,1780,369,55,117,1,-1,-1,-1
414,14235,948,394,76,108,1,-1,-1,-1
414,14219,757,373,65,117,1,-1,-1,-1
414,14303,664,385,61,112,1,-1,-1,-1
414,14323,134,726,81,224,1,-1,-1,-1
414,14327,339,266,42,88,1,-1,-1,-1
415,14212,815,525,65,175,1,-1,-1,-1
415,14236,1065,301,50,90,1,-1,-1,-1
415,14273,1086,589,69,186,1,-1,-1,-1
415,14234,820,421,51,128,1,-1,-1,-1
415,14281,1207,389,54,101,1,-1,-1,-1
415,14282,1689,374,46,124,1,-1,-1,-1
415,14283,1471,355,57,95,1,-1,-1,-1
415,14288,1774,371,56,117,1,-1,-1,-1
415,14235,951,395,75,107,1,-1,-1,-1
415,14219,749,375,66,118,1,-1,-1,-1
415,14303,660,388,61,111,1,-1,-1,-1
415,14323,128,727,81,224,1,-1,-1,-1
415,14327,338,267,43,87,1,-1,-1,-1
415,14332,1017,220,18,12,1,-1,-1,-1
416,14212,810,526,65,176,1,-1,-1,-1
416,14236,1062,302,50,90,1,-1,-1,-1
416,14273,1082,589,69,185,1,-1,-1,-1
416,14234,819,421,52,130,1,-1,-1,-1
416,14281,1205,391,54,101,1,-1,-1,-1
416,14282,1683,374,46,125,1,-1,-1,-1
416,14283,1458,357,58,96,1,-1,-1,-1
416,14288,1767,373,58,116,1,-1,-1,-1
416,14235,952,396,75,106,1,-1,-1,-1
416,14219,741,377,66,117,1,-1,-1,-1
416,14303,656,391,61,109,1,-1,-1,-1
416,14323,121,729,82,222,1,-1,-1,-1
416,14327,336,267,44,88,1,-1,-1,-1
417,14212,805,526,66,177,1,-1,-1,-1
417,14236,1059,304,51,89,1,-1,-1,-1
417,14273,1079,589,67,182,1,-1,-1,-1
417,14234,819,421,52,131,1,-1,-1,-1
417,14281,1203,392,54,101,1,-1,-1,-1
417,14282,1678,375,46,125,1,-1,-1,-1
417,14283,1445,359,59,96,1,-1,-1,-1
417,14288,1759,375,59,116,1,-1,-1,-1
417,14235,955,397,73,104,1,-1,-1,-1
417,14219,734,379,65,117,1,-1,-1,-1
417,14303,651,394,61,108,1,-1,-1,-1
417,14323,113,730,83,222,1,-1,-1,-1
417,14327,334,268,45,88,1,-1,-1,-1
418,14212,799,527,66,176,1,-1,-1,-1
418,14236,1056,305,51,89,1,-1,-1,-1
418,14273,1074,588,68,181,1,-1,-1,-1
418,14234,818,421,53,133,1,-1,-1,-1
418,14281,1200,393,55,101,1,-1,-1,-1
418,14282,1672,376,47,125,1,-1,-1,-1
418,14283,1432,360,60,97,1,-1,-1,-1
418,14288,1752,378,60,115,1,-1,-1,-1
418,14235,957,399,73,103,1,-1,-1,-1
418,14219,726,382,65,116,1,-1,-1,-1
418,14303,646,398,62,107,1,-1,-1,-1
418,14323,105,730,83,222,1,-1,-1,-1
418,14327,333,269,45,88,1,-1,-1,-1
419,14212,792,527,67,178,1,-1,-1,-1
419,14236,1053,306,51,90,1,-1,-1,-1
419,14273,1068,587,67,178,1,-1,-1,-1
419,14234,817,421,55,136,1,-1,-1,-1
419,14281,1197,395,55,102,1,-1,-1,-1
419,14282,1664,376,47,126,1,-1,-1,-1
419,14283,1413,363,60,97,1,-1,-1,-1
419,14288,1741,381,62,115,1,-1,-1,-1
419,14235,960,401,73,101,1,-1,-1,-1
419,14219,714,384,65,116,1,-1,-1,-1
419,14303,638,402,63,106,1,-1,-1,-1
419,14323,98,731,83,221,1,-1,-1,-1
419,14327,331,269,46,88,1,-1,-1,-1
420,14212,788,528,67,178,1,-1,-1,-1
420,14236,1051,307,51,90,1,-1,-1,-1
420,14273,1065,586,66,178,1,-1,-1,-1
420,14234,816,421,55,137,1,-1,-1,-1
420,14281,1195,396,56,103,1,-1,-1,-1
420,14282,1659,377,47,126,1,-1,-1,-1
420,14283,1403,364,61,98,1,-1,-1,-1
420,14288,1736,382,63,115,1,-1,-1,-1
420,14235,962,402,72,100,1,-1,-1,-1
420,14219,708,385,65,115,1,-1,-1,-1
420,14303,635,404,65,105,1,-1,-1,-1
420,14323,89,732,84,222,1,-1,-1,-1
420,14327,329,270,47,88,1,-1,-1,-1
421,14212,784,529,67,177,1,-1,-1,-1
421,14236,1048,309,52,89,1,-1,-1,-1
421,14273,1060,584,66,177,1,-1,-1,-1
421,14234,812,422,55,137,1,-1,-1,-1
421,14281,1193,396,57,104,1,-1,-1,-1
421,14282,1651,378,47,125,1,-1,-1,-1
421,14283,1394,366,62,99,1,-1,-1,-1
421,14288,1728,382,65,116,1,-1,-1,-1
421,14235,962,402,74,101,1,-1,-1,-1
421,14219,702,386,66,115,1,-1,-1,-1
421,14303,633,404,66,106,1,-1,-1,-1
421,14323,81,732,84,223,1,-1,-1,-1
421,14327,326,270,47,89,1,-1,-1,-1
422,14212,781,531,67,174,1,-1,-1,-1
422,14236,1045,310,52,88,1,-1,-1,-1
422,14273,1054,582,67,177,1,-1,-1,-1
422,14234,808,423,55,136,1,-1,-1,-1
422,14281,1190,396,59,106,1,-1,-1,-1
422,14282,1641,380,47,124,1,-1,-1,-1
422,14283,1385,367,63,101,1,-1,-1,-1
422,14288,1720,381,67,118,1,-1,-1,-1
422,14235,963,403,76,102,1,-1,-1,-1
422,14219,696,386,66,114,1,-1,-1,-1
422,14303,630,405,69,107,1,-1,-1,-1
422,14323,73,732,85,225,1,-1,-1,-1
422,14327,321,271,49,89,1,-1,-1,-1
423,14212,777,532,66,172,1,-1,-1,-1
423,14236,1043,311,53,87,1,-1,-1,-1
423,14273,1048,580,67,176,1,-1,-1,-1
423,14234,804,424,54,136,1,-1,-1,-1
423,14281,1188,396,60,107,1,-1,-1,-1
423,14282,1631,382,48,123,1,-1,-1,-1
423,14283,1375,369,66,103,1,-1,-1,-1
423,14288,1711,380,69,120,1,-1,-1,-1
423,14235,964,403,77,104,1,-1,-1,-1
423,14219,690,387,66,114,1,-1,-1,-1
423,14303,627,405,71,109,1,-1,-1,-1
423,14323,64,731,87,227,1,-1,-1,-1
423,14327,317,271,49,91,1,-1,-1,-1
424,14212,772,534,67,170,1,-1,-1,-1
424,14236,1040,312,53,86,1,-1,-1,-1
424,14273,1042,578,67,176,1,-1,-1,-1
424,14234,799,425,54,136,1,-1,-1,-1
424,14281,1186,395,61,110,1,-1,-1,-1
424,14282,1622,383,47,122,1,-1,-1,-1
424,14283,1365,371,68,106,1,-1,-1,-1
424,14288,1703,380,70,121,1,-1,-1,-1
424,14235,964,404,79,104,1,-1,-1,-1
424,14219,683,387,67,114,1,-1,-1,-1
424,14303,624,405,73,110,1,-1,-1,-1
424,14323,54,731,89,229,1,-1,-1,-1
424,14327,312,272,51,91,1,-1,-1,-1
425,14212,766,537,67,165,1,-1,-1,-1
425,14236,1035,313,54,86,1,-1,-1,-1
425,14273,1032,575,67,174,1,-1,-1,-1
425,14234,792,427,53,136,1,-1,-1,-1
425,14281,1182,395,64,112,1,-1,-1,-1
425,14282,1606,387,46,119,1,-1,-1,-1
425,14283,1349,373,72,110,1,-1,-1,-1
425,14288,1689,378,73,125,1,-1,-1,-1
425,14235,966,405,80,106,1,-1,-1,-1
425,14219,673,387,67,114,1,-1,-1,-1
425,14303,621,406,76,111,1,-1,-1,-1
425,14323,44,731,91,232,1,-1,-1,-1
425,14327,306,272,52,94,1,-1,-1,-1
426,14212,763,537,68,165,1,-1,-1,-1
426,14236,1033,314,55,85,1,-1,-1,-1
426,14273,1029,573,67,174,1,-1,-1,-1
426,14234,789,427,53,137,1,-1,-1,-1
426,14281,1181,395,64,113,1,-1,-1,-1
426,14282,1600,388,47,119,1,-1,-1,-1
426,14283,1342,374,75,112,1,-1,-1,-1
426,14288,1684,377,74,127,1,-1,-1,-1
426,14235,966,405,82,106,1,-1,-1,-1
426,14219,669,387,67,114,1,-1,-1,-1
426,14303,619,406,77,112,1,-1,-1,-1
426,14323,32,730,93,235,1,-1,-1,-1
426,14327,303,273,53,94,1,-1,-1,-1
427,14212,761,536,68,165,1,-1,-1,-1
427,14236,1031,314,57,85,1,-1,-1,-1
427,14273,1023,571,68,176,1,-1,-1,-1
427,14234,786,426,53,136,1,-1,-1,-1
427,14281,1181,393,66,115,1,-1,-1,-1
427,14282,1592,388,48,118,1,-1,-1,-1
427,14283,1330,376,76,113,1,-1,-1,-1
427,14288,1681,376,75,127,1,-1,-1,-1
427,14235,969,404,83,108,1,-1,-1,-1
427,14219,664,386,67,113,1,-1,-1,-1
427,14303,617,404,80,115,1,-1,-1,-1
427,14323,27,730,94,235,1,-1,-1,-1
427,14327,300,273,53,94,1,-1,-1,-1
428,14212,758,535,69,164,1,-1,-1,-1
428,14236,1029,313,57,86,1,-1,-1,-1
428,14273,1017,568,68,178,1,-1,-1,-1
428,14234,784,425,51,135,1,-1,-1,-1
428,14281,1182,390,68,118,1,-1,-1,-1
428,14282,1584,389,47,118,1,-1,-1,-1
428,14283,1317,377,77,113,1,-1,-1,-1
428,14288,1679,374,74,128,1,-1,-1,-1
428,14235,973,402,85,110,1,-1,-1,-1
428,14219,660,386,66,111,1,-1,-1,-1
428,14303,616,402,81,118,1,-1,-1,-1
428,14323,24,730,94,234,1,-1,-1,-1
428,14327,298,272,53,94,1,-1,-1,-1
429,14212,756,533,70,165,1,-1,-1,-1
429,14236,1028,312,58,87,1,-1,-1,-1
429,14273,1011,565,69,180,1,-1,-1,-1
429,14234,781,424,51,134,1,-1,-1,-1
429,14281,1183,387,70,122,1,-1,-1,-1
429,14282,1575,390,48,117,1,-1,-1,-1
429,14283,1302,379,78,114,1,-1,-1,-1
429,14288,1677,372,74,129,1,-1,-1,-1
429,14235,978,400,85,112,1,-1,-1,-1
429,14219,655,385,64,110,1,-1,-1,-1
429,14303,614,400,83,123,1,-1,-1,-1
429,14323,21,730,94,232,1,-1,-1,-1
429,14327,297,271,52,95,1,-1,-1,-1
430,14212,753,531,71,165,1,-1,-1,-1
430,14236,1026,311,59,88,1,-1,-1,-1
430,14273,1005,562,69,182,1,-1,-1,-1
430,14234,778,423,51,133,1,-1,-1,-1
430,14281,1183,384,72,125,1,-1,-1,-1
430,14282,1567,391,48,116,1,-1,-1,-1
430,14283,1287,380,79,115,1,-1,-1,-1
430,14288,1675,370,74,129,1,-1,-1,-1
430,14235,984,398,85,114,1,-1,-1,-1
430,14219,650,385,63,108,1,-1,-1,-1
430,14303,614,397,83,128,1,-1,-1,-1
430,14323,19,730,93,230,1,-1,-1,-1
430,14327,295,271,52,95,1,-1,-1,-1
431,14212,751,528,71,166,1,-1,-1,-1
431,14236,1024,310,60,89,1,-1,-1,-1
431,14273,998,560,70,184,1,-1,-1,-1
431,14234,775,422,50,132,1,-1,-1,-1
431,14281,1184,381,74,128,1,-1,-1,-1
431,14282,1558,391,48,116,1,-1,-1,-1
431,14283,1273,382,78,116,1,-1,-1,-1
431,14288,1674,367,73,131,1,-1,-1,-1
431,14235,990,396,84,117,1,-1,-1,-1
431,14219,645,384,61,106,1,-1,-1,-1
431,14303,614,395,82,131,1,-1,-1,-1
431,14323,17,730,93,229,1,-1,-1,-1
431,14327,293,270,52,95,1,-1,-1,-1
432,14212,749,525,71,167,1,-1,-1,-1
432,14236,1022,309,60,90,1,-1,-1,-1
432,14273,992,556,70,187,1,-1,-1,-1
432,14234,771,421,50,131,1,-1,-1,-1
432,14281,1184,378,77,132,1,-1,-1,-1
432,14282,1549,392,48,115,1,-1,-1,-1
432,14283,1256,384,79,117,1,-1,-1,-1
432,14288,1672,365,73,131,1,-1,-1,-1
432,14235,996,394,83,118,1,-1,-1,-1
432,14219,640,384,59,103,1,-1,-1,-1
432,14303,613,392,82,136,1,-1,-1,-1
432,14323,14,730,92,226,1,-1,-1,-1
432,14327,291,269,52,95,1,-1,-1,-1
433,14212,747,523,72,168,1,-1,-1,-1
433,14236,1021,308,61,91,1,-1,-1,-1
433,14273,987,554,71,188,1,-1,-1,-1
433,14234,769,420,49,131,1,-1,-1,-1
433,14281,1188,379,76,131,1,-1,-1,-1
433,14282,1541,392,49,115,1,-1,-1,-1
433,14283,1249,384,79,119,1,-1,-1,-1
433,14288,1671,364,72,131,1,-1,-1,-1
433,14235,1001,394,82,119,1,-1,-1,-1
433,14219,636,383,58,104,1,-1,-1,-1
433,14303,615,392,79,138,1,-1,-1,-1
433,14323,12,730,92,225,1,-1,-1,-1
433,14327,290,269,50,94,1,-1,-1,-1
434,14212,745,521,72,169,1,-1,-1,-1
434,14236,1020,307,63,92,1,-1,-1,-1
434,14273,984,552,70,188,1,-1,-1,-1
434,14234,766,419,50,131,1,-1,-1,-1
434,14281,1193,382,75,129,1,-1,-1,-1
434,14282,1533,392,49,116,1,-1,-1,-1
434,14283,1244,384,80,121,1,-1,-1,-1
434,14288,1669,366,72,129,1,-1,-1,-1
434,14235,1006,395,80,118,1,-1,-1,-1
434,14219,633,381,59,105,1,-1,-1,-1
434,14303,617,394,76,137,1,-1,-1,-1
434,14323,10,729,92,225,1,-1,-1,-1
434,14327,288,269,50,93,1,-1,-1,-1
435,14212,744,518,73,170,1,-1,-1,-1
435,14236,1020,305,64,93,1,-1,-1,-1
435,14273,981,549,71,189,1,-1,-1,-1
435,14234,763,418,50,131,1,-1,-1,-1
435,14281,1199,385,73,126,1,-1,-1,-1
435,14282,1525,392,50,116,1,-1,-1,-1
435,14283,1240,384,80,124,1,-1,-1,-1
435,14288,1668,367,70,128,1,-1,-1,-1
435,14235,1011,397,78,116,1,-1,-1,-1
435,14219,629,380,60,107,1,-1,-1,-1
435,14303,620,395,73,138,1,-1,-1,-1
435,14323,7,729,91,224,1,-1,-1,-1
435,14327,286,268,49,92,1,-1,-1,-1
436,14212,742,516,74,171,1,-1,-1,-1
436,14236,1020,304,65,94,1,-1,-1,-1
436,14273,978,547,71,188,1,-1,-1,-1
436,14234,760,417,50,131,1,-1,-1,-1
436,14281,1205,389,71,123,1,-1,-1,-1
436,14282,1518,392,51,116,1,-1,-1,-1
436,14283,1237,384,80,125,1,-1,-1,-1
436,14288,1666,368,70,126,1,-1,-1,-1
436,14235,1016,399,76,113,1,-1,-1,-1
436,14219,626,379,61,109,1,-1,-1,-1
436,14303,623,397,70,137,1,-1,-1,-1
436,14323,5,729,91,223,1,-1,-1,-1
436,14327,284,268,50,92,1,-1,-1,-1
437,14212,741,513,75,172,1,-1,-1,-1
437,14236,1020,302,66,96,1,-1,-1,-1
437,14273,975,545,71,188,1,-1,-1,-1
437,14234,757,416,50,131,1,-1,-1,-1
437,14281,1212,394,69,119,1,-1,-1,-1
437,14282,1510,392,51,116,1,-1,-1,-1
437,14283,1233,383,80,128,1,-1,-1,-1
437,14288,1664,369,70,125,1,-1,-1,-1
437,14235,1021,401,75,111,1,-1,-1,-1
437,14219,622,378,63,110,1,-1,-1,-1
437,14303,625,399,68,136,1,-1,-1,-1
437,14323,2,728,90,224,1,-1,-1,-1
437,14327,282,267,49,92,1,-1,-1,-1
438,14212,738,510,77,174,1,-1,-1,-1
438,14236,1019,300,68,98,1,-1,-1,-1
438,14273,970,542,72,187,1,-1,-1,-1
438,14234,752,415,50,131,1,-1,-1,-1
438,14281,1220,399,66,114,1,-1,-1,-1
438,14282,1499,392,53,116,1,-1,-1,-1
438,14283,1229,383,79,131,1,-1,-1,-1
438,14288,1662,371,69,122,1,-1,-1,-1
438,14235,1026,403,75,109,1,-1,-1,-1
438,14219,616,376,66,113,1,-1,-1,-1
438,14303,627,401,66,135,1,-1,-1,-1
438,14323,-1,727,89,224,1,-1,-1,-1
438,14327,279,267,49,91,1,-1,-1,-1
439,14212,737,509,78,173,1,-1,-1,-1
439,14236,1019,300,70,98,1,-1,-1,-1
439,14273,968,541,72,186,1,-1,-1,-1
439,14234,750,414,49,131,1,-1,-1,-1
439,14281,1223,400,66,114,1,-1,-1,-1
439,14282,1493,391,54,117,1,-1,-1,-1
439,14283,1229,382,78,132,1,-1,-1,-1
439,14288,1661,371,69,122,1,-1,-1,-1
439,14235,1029,404,75,108,1,-1,-1,-1
439,14219,613,375,67,114,1,-1,-1,-1
439,14303,628,403,65,134,1,-1,-1,-1
439,14323,-3,727,89,223,1,-1,-1,-1
439,14327,277,267,50,90,1,-1,-1,-1
440,14212,738,508,78,174,1,-1,-1,-1
440,14236,1021,298,70,99,1,-1,-1,-1
440,14273,964,540,72,183,1,-1,-1,-1
440,14234,746,413,49,131,1,-1,-1,-1
440,14281,1223,397,69,116,1,-1,-1,-1
440,14282,1487,390,54,118,1,-1,-1,-1
440,14283,1232,382,76,132,1,-1,-1,-1
440,14288,1660,369,69,123,1,-1,-1,-1
440,14235,1031,405,76,107,1,-1,-1,-1
440,14219,610,374,70,116,1,-1,-1,-1
440,14303,627,404,64,134,1,-1,-1,-1
440,14323,-4,726,88,223,1,-1,-1,-1
440,14327,275,266,51,90,1,-1,-1,-1
440,14335,1897,518,19,79,1,-1,-1,-1
441,14212,738,507,78,174,1,-1,-1,-1
441,14236,1022,297,71,100,1,-1,-1,-1
441,14273,961,539,71,180,1,-1,-1,-1
441,14234,741,412,50,131,1,-1,-1,-1
441,14281,1222,394,73,118,1,-1,-1,-1
441,14282,1481,388,56,120,1,-1,-1,-1
441,14283,1236,381,74,132,1,-1,-1,-1
441,14288,1659,367,70,124,1,-1,-1,-1
441,14235,1034,406,76,107,1,-1,-1,-1
441,14219,608,373,71,118,1,-1,-1,-1
441,14303,626,405,63,133,1,-1,-1,-1
441,14323,-4,725,86,221,1,-1,-1,-1
441,14327,274,264,52,91,1,-1,-1,-1
441,14335,1890,508,21,88,1,-1,-1,-1
442,14212,738,506,79,174,1,-1,-1,-1
442,14236,1023,296,72,101,1,-1,-1,-1
442,14273,957,538,70,177,1,-1,-1,-1
442,14234,737,411,49,131,1,-1,-1,-1
442,14281,1222,394,75,119,1,-1,-1,-1
442,14282,1475,387,57,120,1,-1,-1,-1
442,14283,1238,382,73,131,1,-1,-1,-1
442,14288,1658,364,70,126,1,-1,-1,-1
442,14235,1037,406,76,107,1,-1,-1,-1
442,14219,605,372,72,120,1,-1,-1,-1
442,14303,625,406,62,133,1,-1,-1,-1
442,14323,-5,723,85,221,1,-1,-1,-1
442,14327,272,263,54,91,1,-1,-1,-1
442,14335,1881,496,25,99,1,-1,-1,-1
443,14212,739,505,79,174,1,-1,-1,-1
443,14236,1025,295,71,101,1,-1,-1,-1
443,14273,953,537,69,175,1,-1,-1,-1
443,14234,733,410,49,131,1,-1,-1,-1
443,14281,1224,397,75,118,1,-1,-1,-1
443,14282,1469,385,57,122,1,-1,-1,-1
443,14283,1238,383,73,131,1,-1,-1,-1
443,14288,1657,362,71,127,1,-1,-1,-1
443,14235,1040,407,75,106,1,-1,-1,-1
443,14219,603,371,73,123,1,-1,-1,-1
443,14303,624,407,61,132,1,-1,-1,-1
443,14323,-5,722,83,219,1,-1,-1,-1
443,14327,269,262,56,92,1,-1,-1,-1
443,14335,1872,484,28,111,1,-1,-1,-1
444,14212,741,504,77,174,1,-1,-1,-1
444,14236,1028,292,71,104,1,-1,-1,-1
444,14273,948,535,68,171,1,-1,-1,-1
444,14234,726,408,49,131,1,-1,-1,-1
444,14281,1227,402,73,115,1,-1,-1,-1
444,14282,1460,383,59,123,1,-1,-1,-1
444,14283,1237,384,74,131,1,-1,-1,-1
444,14288,1655,358,72,130,1,-1,-1,-1
444,14235,1045,407,74,107,1,-1,-1,-1
444,14219,600,370,74,126,1,-1,-1,-1
444,14303,622,409,60,131,1,-1,-1,-1
444,14323,-6,721,82,217,1,-1,-1,-1
444,14327,266,260,58,94,1,-1,-1,-1
444,14335,1863,472,32,122,1,-1,-1,-1
445,14212,740,503,77,174,1,-1,-1,-1
445,14236,1028,291,72,105,1,-1,-1,-1
445,14273,946,535,66,168,1,-1,-1,-1
445,14234,723,407,48,131,1,-1,-1,-1
445,14281,1231,405,69,110,1,-1,-1,-1
445,14282,1455,382,59,124,1,-1,-1,-1
445,14283,1234,387,75,130,1,-1,-1,-1
445,14288,1654,357,72,131,1,-1,-1,-1
445,14235,1048,408,75,106,1,-1,-1,-1
445,14219,599,369,74,127,1,-1,-1,-1
445,14303,620,410,61,131,1,-1,-1,-1
445,14323,-6,719,79,216,1,-1,-1,-1
445,14327,263,259,61,94,1,-1,-1,-1
445,14335,1849,455,39,139,1,-1,-1,-1
446,14212,738,503,76,173,1,-1,-1,-1
446,14236,1029,291,69,104,1,-1,-1,-1
446,14273,940,533,67,167,1,-1,-1,-1
446,14234,717,406,48,131,1,-1,-1,-1
446,14281,1232,407,68,108,1,-1,-1,-1
446,14282,1446,381,60,124,1,-1,-1,-1
446,14283,1232,388,77,129,1,-1,-1,-1
446,14288,1651,357,72,131,1,-1,-1,-1
446,14235,1049,408,76,106,1,-1,-1,-1
446,14219,598,369,73,127,1,-1,-1,-1
446,14303,617,409,61,133,1,-1,-1,-1
446,14323,-5,720,76,209,1,-1,-1,-1
446,14327,258,258,62,94,1,-1,-1,-1
446,14335,1839,448,43,145,1,-1,-1,-1
447,14212,735,502,75,172,1,-1,-1,-1
447,14236,1028,292,68,105,1,-1,-1,-1
447,14273,934,531,67,166,1,-1,-1,-1
447,14234,710,406,48,130,1,-1,-1,-1
447,14281,1230,408,68,109,1,-1,-1,-1
447,14282,1436,380,60,125,1,-1,-1,-1
447,14283,1231,389,78,128,1,-1,-1,-1
447,14288,1645,356,72,131,1,-1,-1,-1
447,14235,1049,409,78,109,1,-1,-1,-1
447,14219,596,370,72,126,1,-1,-1,-1
447,14303,612,408,63,135,1,-1,-1,-1
447,14323,-3,722,72,201,1,-1,-1,-1
447,14327,251,257,63,94,1,-1,-1,-1
447,14335,1821,443,46,148,1,-1,-1,-1
448,14212,731,501,74,171,1,-1,-1,-1
448,14236,1027,292,67,105,1,-1,-1,-1
448,14273,927,529,69,166,1,-1,-1,-1
448,14234,703,405,47,131,1,-1,-1,-1
448,14281,1228,410,69,110,1,-1,-1,-1
448,14282,1426,380,60,124,1,-1,-1,-1
448,14283,1230,390,79,127,1,-1,-1,-1
448,14288,1636,356,73,130,1,-1,-1,-1
448,14235,1048,409,79,110,1,-1,-1,-1
448,14219,594,370,71,126,1,-1,-1,-1
448,14303,607,407,64,137,1,-1,-1,-1
448,14323,-1,725,68,188,1,-1,-1,-1
448,14327,245,256,63,95,1,-1,-1,-1
448,14335,1797,440,48,148,1,-1,-1,-1
449,14212,727,501,73,170,1,-1,-1,-1
449,14236,1027,292,65,105,1,-1,-1,-1
449,14273,920,526,70,166,1,-1,-1,-1
449,14234,696,404,47,131,1,-1,-1,-1
449,14281,1224,412,71,111,1,-1,-1,-1
449,14282,1415,379,60,125,1,-1,-1,-1
449,14283,1231,391,78,126,1,-1,-1,-1
449,14288,1626,356,75,130,1,-1,-1,-1
449,14235,1045,409,80,111,1,-1,-1,-1
449,14219,592,371,71,125,1,-1,-1,-1
449,14303,602,407,66,139,1,-1,-1,-1
449,14323,-1,725,67,187,1,-1,-1,-1
449,14327,239,255,63,96,1,-1,-1,-1
449,14335,1779,439,50,148,1,-1,-1,-1
449,14336,1880,435,26,124,1,-1,-1,-1
450,14212,721,500,71,168,1,-1,-1,-1
450,14236,1026,292,63,106,1,-1,-1,-1
450,14273,909,522,72,165,1,-1,-1,-1
450,14234,684,402,47,131,1,-1,-1,-1
450,14281,1218,415,75,113,1,-1,-1,-1
450,14282,1398,378,60,124,1,-1,-1,-1
450,14283,1231,393,77,124,1,-1,-1,-1
450,14288,1610,356,77,130,1,-1,-1,-1
450,14235,1040,410,81,113,1,-1,-1,-1
450,14219,588,371,70,125,1,-1,-1,-1
450,14303,594,405,70,144,1,-1,-1,-1
450,14323,-3,723,69,194,1,-1,-1,-1
450,14327,229,254,62,97,1,-1,-1,-1
450,14335,1761,440,52,147,1,-1,-1,-1
450,14336,1877,434,27,125,1,-1,-1,-1
451,14212,718,500,70,167,1,-1,-1,-1
451,14236,1026,292,61,106,1,-1,-1,-1
451,14273,905,520,73,165,1,-1,-1,-1
451,14234,679,401,46,131,1,-1,-1,-1
451,14281,1215,416,78,114,1,-1,-1,-1
451,14282,1391,377,60,125,1,-1,-1,-1
451,14283,1231,394,77,123,1,-1,-1,-1
451,14288,1603,356,79,130,1,-1,-1,-1
451,14235,1038,411,81,113,1,-1,-1,-1
451,14219,587,371,69,125,1,-1,-1,-1
451,14303,591,405,72,145,1,-1,-1,-1
451,14323,-6,720,71,205,1,-1,-1,-1
451,14327,225,253,62,97,1,-1,-1,-1
451,14335,1734,441,54,147,1,-1,-1,-1
451,14336,1869,433,28,125,1,-1,-1,-1
452,14212,713,499,70,167,1,-1,-1,-1
452,14236,1023,292,59,107,1,-1,-1,-1
452,14273,899,518,75,164,1,-1,-1,-1
452,14234,670,400,47,132,1,-1,-1,-1
452,14281,1208,417,80,116,1,-1,-1,-1
452,14282,1379,377,61,124,1,-1,-1,-1
452,14283,1225,394,78,124,1,-1,-1,-1
452,14288,1594,356,80,129,1,-1,-1,-1
452,14235,1035,410,81,115,1,-1,-1,-1
452,14219,580,371,69,125,1,-1,-1,-1
452,14303,585,405,73,146,1,-1,-1,-1
452,14323,-10,717,71,211,1,-1,-1,-1
452,14327,219,253,60,97,1,-1,-1,-1
452,14335,1723,442,55,146,1,-1,-1,-1
452,14336,1842,432,30,125,1,-1,-1,-1
453,14212,707,497,70,167,1,-1,-1,-1
453,14236,1018,291,58,107,1,-1,-1,-1
453,14273,893,514,76,165,1,-1,-1,-1
453,14234,659,400,48,132,1,-1,-1,-1
453,14281,1200,419,81,116,1,-1,-1,-1
453,14282,1364,375,62,125,1,-1,-1,-1
453,14283,1217,395,79,125,1,-1,-1,-1
453,14288,1584,355,80,129,1,-1,-1,-1
453,14235,1032,410,81,116,1,-1,-1,-1
453,14219,572,371,68,126,1,-1,-1,-1
453,14303,577,405,74,147,1,-1,-1,-1
453,14323,-14,717,69,215,1,-1,-1,-1
453,14327,211,252,59,98,1,-1,-1,-1
453,14335,1706,444,56,143,1,-1,-1,-1
453,14336,1825,432,32,124,1,-1,-1,-1
454,14212,699,496,71,166,1,-1,-1,-1
454,14236,1013,290,57,108,1,-1,-1,-1
454,14273,888,511,77,165,1,-1,-1,-1
454,14234,647,399,50,133,1,-1,-1,-1
454,14281,1191,420,83,117,1,-1,-1,-1
454,14282,1349,373,63,125,1,-1,-1,-1
454,14283,1210,395,79,127,1,-1,-1,-1
454,14288,1574,355,80,129,1,-1,-1,-1
454,14235,1027,410,82,118,1,-1,-1,-1
454,14219,564,371,67,127,1,-1,-1,-1
454,14303,570,405,74,149,1,-1,-1,-1
454,14323,-14,717,65,213,1,-1,-1,-1
454,14327,203,252,58,97,1,-1,-1,-1
454,14335,1683,447,54,139,1,-1,-1,-1
454,14336,1800,432,34,124,1,-1,-1,-1
455,14212,692,494,72,166,1,-1,-1,-1
455,14236,1008,289,57,109,1,-1,-1,-1
455,14273,883,508,76,165,1,-1,-1,-1
455,14234,635,397,51,134,1,-1,-1,-1
455,14281,1182,421,85,118,1,-1,-1,-1
455,14282,1334,372,64,125,1,-1,-1,-1
455,14283,1202,396,80,128,1,-1,-1,-1
455,14288,1564,355,80,128,1,-1,-1,-1
455,14235,1022,410,83,120,1,-1,-1,-1
455,14219,556,370,65,128,1,-1,-1,-1
455,14303,562,406,75,150,1,-1,-1,-1
455,14327,195,252,56,97,1,-1,-1,-1
455,14335,1668,448,55,137,1,-1,-1,-1
455,14336,1781,432,36,122,1,-1,-1,-1
456,14212,683,493,75,165,1,-1,-1,-1
456,14236,1001,289,57,109,1,-1,-1,-1
456,14273,878,504,75,166,1,-1,-1,-1
456,14234,623,396,53,134,1,-1,-1,-1
456,14281,1173,422,87,119,1,-1,-1,-1
456,14282,1318,370,66,126,1,-1,-1,-1
456,14283,1194,397,81,129,1,-1,-1,-1
456,14288,1555,355,78,128,1,-1,-1,-1
456,14235,1018,410,84,122,1,-1,-1,-1
456,14219,548,370,64,129,1,-1,-1,-1
456,14303,555,406,74,151,1,-1,-1,-1
456,14327,187,252,55,96,1,-1,-1,-1
456,14335,1654,447,55,138,1,-1,-1,-1
456,14336,1773,432,39,121,1,-1,-1,-1
456,14323,-6,721,42,141,1,-1,-1,-1
457,14212,674,491,77,165,1,-1,-1,-1
457,14236,995,288,57,111,1,-1,-1,-1
457,14273,872,500,75,167,1,-1,-1,-1
457,14234,610,395,55,135,1,-1,-1,-1
457,14281,1164,423,88,121,1,-1,-1,-1
457,14282,1301,368,67,126,1,-1,-1,-1
457,14283,1185,397,81,132,1,-1,-1,-1
457,14288,1544,355,76,127,1,-1,-1,-1
457,14235,1013,410,85,124,1,-1,-1,-1
457,14219,538,369,62,131,1,-1,-1,-1
457,14303,546,407,75,152,1,-1,-1,-1
457,14327,178,252,53,96,1,-1,-1,-1
457,14335,1640,446,57,138,1,-1,-1,-1
457,14336,1759,434,41,119,1,-1,-1,-1
457,14323,-4,726,51,174,1,-1,-1,-1
458,14212,667,490,79,165,1,-1,-1,-1
458,14236,989,287,58,111,1,-1,-1,-1
458,14273,867,499,74,166,1,-1,-1,-1
458,14234,599,393,57,137,1,-1,-1,-1
458,14281,1157,423,90,122,1,-1,-1,-1
458,14282,1288,366,69,127,1,-1,-1,-1
458,14283,1181,398,81,132,1,-1,-1,-1
458,14288,1537,356,75,126,1,-1,-1,-1
458,14235,1010,410,85,127,1,-1,-1,-1
458,14219,530,369,60,131,1,-1,-1,-1
458,14303,539,407,74,153,1,-1,-1,-1
458,14327,169,252,52,96,1,-1,-1,-1
458,14335,1627,445,57,139,1,-1,-1,-1
458,14336,1743,436,44,118,1,-1,-1,-1
458,14323,-3,728,52,178,1,-1,-1,-1
459,14212,659,488,81,166,1,-1,-1,-1
459,14236,983,286,59,112,1,-1,-1,-1
459,14273,860,498,73,166,1,-1,-1,-1
459,14234,588,392,59,138,1,-1,-1,-1
459,14281,1151,421,92,125,1,-1,-1,-1
459,14282,1276,364,69,129,1,-1,-1,-1
459,14283,1178,399,83,132,1,-1,-1,-1
459,14288,1530,357,74,126,1,-1,-1,-1
459,14235,1007,411,85,127,1,-1,-1,-1
459,14219,521,369,59,129,1,-1,-1,-1
459,14303,532,409,72,152,1,-1,-1,-1
459,14327,159,251,52,96,1,-1,-1,-1
459,14335,1613,444,58,139,1,-1,-1,-1
459,14336,1727,437,46,116,1,-1,-1,-1
459,14323,0,732,51,173,1,-1,-1,-1
460,14212,652,487,82,167,1,-1,-1,-1
460,14236,977,285,60,113,1,-1,-1,-1
460,14273,852,497,75,166,1,-1,-1,-1
460,14234,577,391,59,138,1,-1,-1,-1
460,14281,1144,419,95,127,1,-1,-1,-1
460,14282,1263,362,70,130,1,-1,-1,-1
460,14283,1176,399,84,134,1,-1,-1,-1
460,14288,1521,360,74,124,1,-1,-1,-1
460,14235,1005,411,85,130,1,-1,-1,-1
460,14219,513,368,57,129,1,-1,-1,-1
460,14303,524,410,71,151,1,-1,-1,-1
460,14327,149,251,51,96,1,-1,-1,-1
460,14335,1595,442,59,141,1,-1,-1,-1
460,14336,1704,439,49,114,1,-1,-1,-1
460,14323,0,735,51,170,1,-1,-1,-1
461,14212,645,486,84,168,1,-1,-1,-1
461,14236,972,285,60,113,1,-1,-1,-1
461,14273,843,497,77,165,1,-1,-1,-1
461,14234,566,390,60,139,1,-1,-1,-1
461,14281,1139,417,96,130,1,-1,-1,-1
461,14282,1250,359,71,132,1,-1,-1,-1
461,14283,1174,399,85,135,1,-1,-1,-1
461,14288,1514,361,74,123,1,-1,-1,-1
461,14235,1004,412,83,131,1,-1,-1,-1
461,14219,503,367,57,128,1,-1,-1,-1
461,14303,516,411,70,151,1,-1,-1,-1
461,14327,138,251,52,97,1,-1,-1,-1
461,14335,1585,441,59,142,1,-1,-1,-1
461,14336,1691,439,52,114,1,-1,-1,-1
461,14323,-1,749,48,165,1,-1,-1,-1
462,14212,638,486,84,169,1,-1,-1,-1
462,14236,965,284,62,113,1,-1,-1,-1
462,14273,835,497,79,165,1,-1,-1,-1
462,14234,556,389,59,139,1,-1,-1,-1
462,14281,1133,415,98,133,1,-1,-1,-1
462,14282,1238,357,71,134,1,-1,-1,-1
462,14283,1172,400,88,135,1,-1,-1,-1
462,14288,1504,362,75,121,1,-1,-1,-1
462,14235,1002,412,82,133,1,-1,-1,-1
462,14219,494,367,56,126,1,-1,-1,-1
462,14303,508,412,69,150,1,-1,-1,-1
462,14327,128,251,51,97,1,-1,-1,-1
462,14335,1574,439,59,143,1,-1,-1,-1
462,14336,1676,438,56,115,1,-1,-1,-1
462,14323,-4,769,45,158,1,-1,-1,-1
463,14212,630,485,85,169,1,-1,-1,-1
463,14236,958,283,63,114,1,-1,-1,-1
463,14273,824,496,81,165,1,-1,-1,-1
463,14234,542,388,59,139,1,-1,-1,-1
463,14281,1126,413,101,136,1,-1,-1,-1
463,14282,1223,353,70,137,1,-1,-1,-1
463,14283,1168,400,91,136,1,-1,-1,-1
463,14288,1489,363,75,119,1,-1,-1,-1
463,14235,1000,413,81,134,1,-1,-1,-1
463,14219,481,366,56,126,1,-1,-1,-1
463,14303,497,414,68,149,1,-1,-1,-1
463,14327,113,251,52,97,1,-1,-1,-1
463,14335,1558,435,60,145,1,-1,-1,-1
463,14336,1655,437,61,115,1,-1,-1,-1
463,14323,-5,776,43,156,1,-1,-1,-1
464,14212,625,484,85,169,1,-1,-1,-1
464,14236,953,282,65,115,1,-1,-1,-1
464,14273,818,494,84,165,1,-1,-1,-1
464,14234,535,388,58,139,1,-1,-1,-1
464,14281,1121,412,102,137,1,-1,-1,-1
464,14282,1213,352,70,137,1,-1,-1,-1
464,14283,1166,401,93,137,1,-1,-1,-1
464,14288,1479,362,77,120,1,-1,-1,-1
464,14235,1000,413,79,136,1,-1,-1,-1
464,14219,474,366,57,126,1,-1,-1,-1
464,14303,490,415,67,149,1,-1,-1,-1
464,14327,105,250,52,98,1,-1,-1,-1
464,14335,1548,435,60,146,1,-1,-1,-1
464,14336,1643,436,65,116,1,-1,-1,-1
465,14212,621,485,85,169,1,-1,-1,-1
465,14236,948,282,65,115,1,-1,-1,-1
465,14273,814,492,86,166,1,-1,-1,-1
465,14234,527,388,57,138,1,-1,-1,-1
465,14281,1117,413,101,137,1,-1,-1,-1
465,14282,1204,352,68,136,1,-1,-1,-1
465,14283,1162,403,94,136,1,-1,-1,-1
465,14288,1468,360,79,121,1,-1,-1,-1
465,14235,1000,414,79,136,1,-1,-1,-1
465,14219,467,366,58,127,1,-1,-1,-1
465,14303,482,416,66,149,1,-1,-1,-1
465,14327,95,250,53,98,1,-1,-1,-1
465,14335,1536,435,61,147,1,-1,-1,-1
465,14336,1630,435,70,117,1,-1,-1,-1
466,14212,617,485,83,168,1,-1,-1,-1
466,14236,943,282,66,115,1,-1,-1,-1
466,14273,810,489,88,167,1,-1,-1,-1
466,14234,519,388,56,138,1,-1,-1,-1
466,14281,1112,415,100,136,1,-1,-1,-1
466,14282,1194,352,67,135,1,-1,-1,-1
466,14283,1159,405,94,136,1,-1,-1,-1
466,14288,1457,358,80,122,1,-1,-1,-1
466,14235,1002,414,78,137,1,-1,-1,-1
466,14219,460,367,59,128,1,-1,-1,-1
466,14303,474,418,65,148,1,-1,-1,-1
466,14327,85,249,54,98,1,-1,-1,-1
466,14335,1517,437,61,150,1,-1,-1,-1
466,14336,1613,433,74,119,1,-1,-1,-1
467,14212,613,486,82,167,1,-1,-1,-1
467,14236,938,282,66,116,1,-1,-1,-1
467,14273,807,486,89,169,1,-1,-1,-1
467,14234,510,388,55,137,1,-1,-1,-1
467,14281,1107,416,100,135,1,-1,-1,-1
467,14282,1185,351,64,134,1,-1,-1,-1
467,14283,1156,407,95,135,1,-1,-1,-1
467,14288,1446,355,81,124,1,-1,-1,-1
467,14235,1003,414,78,138,1,-1,-1,-1
467,14219,453,367,60,130,1,-1,-1,-1
467,14303,465,419,65,148,1,-1,-1,-1
467,14327,74,248,56,100,1,-1,-1,-1
467,14335,1508,438,62,151,1,-1,-1,-1
467,14336,1606,433,76,118,1,-1,-1,-1
467,14323,-3,748,44,163,1,-1,-1,-1
468,14212,609,486,81,167,1,-1,-1,-1
468,14236,933,282,66,116,1,-1,-1,-1
468,14273,805,483,88,170,1,-1,-1,-1
468,14234,501,388,54,137,1,-1,-1,-1
468,14281,1103,418,98,133,1,-1,-1,-1
468,14282,1174,351,64,133,1,-1,-1,-1
468,14283,1153,409,94,135,1,-1,-1,-1
468,14288,1436,352,82,127,1,-1,-1,-1
468,14235,1004,414,78,138,1,-1,-1,-1
468,14219,446,367,61,132,1,-1,-1,-1
468,14303,456,421,65,148,1,-1,-1,-1
468,14327,62,248,58,100,1,-1,-1,-1
468,14335,1500,439,62,151,1,-1,-1,-1
468,14336,1600,432,78,119,1,-1,-1,-1
468,14323,-3,744,45,170,1,-1,-1,-1
469,14212,604,487,79,165,1,-1,-1,-1
469,14236,925,282,67,116,1,-1,-1,-1
469,14273,801,478,87,172,1,-1,-1,-1
469,14234,488,388,53,136,1,-1,-1,-1
469,14281,1096,420,97,131,1,-1,-1,-1
469,14282,1160,350,62,131,1,-1,-1,-1
469,14283,1149,412,93,135,1,-1,-1,-1
469,14288,1421,348,82,129,1,-1,-1,-1
469,14235,1005,414,80,140,1,-1,-1,-1
469,14219,436,368,62,134,1,-1,-1,-1
469,14303,443,423,65,148,1,-1,-1,-1
469,14327,47,246,61,102,1,-1,-1,-1
469,14335,1491,439,62,152,1,-1,-1,-1
469,14336,1595,431,77,119,1,-1,-1,-1
469,14323,-3,743,48,185,1,-1,-1,-1
470,14212,602,487,77,165,1,-1,-1,-1
470,14236,922,281,67,118,1,-1,-1,-1
470,14273,800,477,85,173,1,-1,-1,-1
470,14234,483,388,52,135,1,-1,-1,-1
470,14281,1093,421,96,131,1,-1,-1,-1
470,14282,1153,350,61,130,1,-1,-1,-1
470,14283,1148,414,91,134,1,-1,-1,-1
470,14288,1415,347,81,130,1,-1,-1,-1
470,14235,1005,415,81,140,1,-1,-1,-1
470,14219,432,368,63,134,1,-1,-1,-1
470,14303,438,424,65,149,1,-1,-1,-1
470,14327,39,245,63,103,1,-1,-1,-1
470,14335,1483,439,61,153,1,-1,-1,-1
470,14336,1591,430,77,120,1,-1,-1,-1
470,14323,-3,743,50,195,1,-1,-1,-1
471,14212,601,487,76,165,1,-1,-1,-1
471,14236,922,282,66,117,1,-1,-1,-1
471,14273,800,478,84,172,1,-1,-1,-1
471,14234,477,388,52,135,1,-1,-1,-1
471,14281,1090,422,96,130,1,-1,-1,-1
471,14282,1146,349,60,131,1,-1,-1,-1
471,14283,1145,415,92,135,1,-1,-1,-1
471,14288,1409,347,80,130,1,-1,-1,-1
471,14235,1006,417,80,141,1,-1,-1,-1
471,14219,432,369,60,127,1,-1,-1,-1
471,14303,434,425,66,150,1,-1,-1,-1
471,14327,30,245,64,103,1,-1,-1,-1
471,14335,1474,439,61,154,1,-1,-1,-1
471,14336,1584,430,78,122,1,-1,-1,-1
471,14323,-3,743,51,200,1,-1,-1,-1
472,14212,598,486,78,167,1,-1,-1,-1
472,14236,921,282,66,117,1,-1,-1,-1
472,14273,799,479,84,171,1,-1,-1,-1
472,14234,473,386,51,137,1,-1,-1,-1
472,14281,1087,424,95,130,1,-1,-1,-1
472,14282,1139,347,60,132,1,-1,-1,-1
472,14283,1143,417,91,136,1,-1,-1,-1
472,14288,1404,348,78,128,1,-1,-1,-1
472,14235,1007,420,80,141,1,-1,-1,-1
472,14219,434,370,55,118,1,-1,-1,-1
472,14303,430,425,67,152,1,-1,-1,-1
472,14327,22,245,65,103,1,-1,-1,-1
472,14335,1466,439,61,155,1,-1,-1,-1
472,14336,1575,429,79,126,1,-1,-1,-1
472,14323,0,744,51,203,1,-1,-1,-1
473,14212,596,485,79,169,1,-1,-1,-1
473,14236,921,282,65,118,1,-1,-1,-1
473,14273,799,481,84,169,1,-1,-1,-1
473,14234,467,385,52,137,1,-1,-1,-1
473,14281,1084,425,95,130,1,-1,-1,-1
473,14282,1132,345,59,133,1,-1,-1,-1
473,14283,1140,418,92,137,1,-1,-1,-1
473,14288,1399,348,77,128,1,-1,-1,-1
473,14235,1009,423,79,142,1,-1,-1,-1
473,14219,436,371,51,109,1,-1,-1,-1
473,14303,425,425,69,154,1,-1,-1,-1
473,14327,14,244,65,104,1,-1,-1,-1
473,14335,1457,439,61,156,1,-1,-1,-1
473,14336,1566,429,80,128,1,-1,-1,-1
473,14323,7,744,50,179,1,-1,-1,-1
474,14212,593,485,81,170,1,-1,-1,-1
474,14236,921,282,64,118,1,-1,-1,-1
474,14273,798,482,84,168,1,-1,-1,-1
474,14234,462,384,51,139,1,-1,-1,-1
474,14281,1081,426,94,130,1,-1,-1,-1
474,14282,1125,343,59,135,1,-1,-1,-1
474,14283,1138,419,92,138,1,-1,-1,-1
474,14288,1393,349,76,126,1,-1,-1,-1
474,14235,1011,426,79,143,1,-1,-1,-1
474,14219,438,372,46,99,1,-1,-1,-1
474,14303,421,426,71,156,1,-1,-1,-1
474,14327,7,244,64,104,1,-1,-1,-1
474,14335,1452,440,60,156,1,-1,-1,-1
474,14336,1561,429,80,130,1,-1,-1,-1
474,14323,13,743,53,178,1,-1,-1,-1
475,14212,588,483,85,173,1,-1,-1,-1
475,14236,921,283,63,117,1,-1,-1,-1
475,14273,796,485,85,166,1,-1,-1,-1
475,14234,453,381,52,142,1,-1,-1,-1
475,14281,1075,429,94,130,1,-1,-1,-1
475,14282,1113,340,59,137,1,-1,-1,-1
475,14283,1134,421,92,140,1,-1,-1,-1
475,14288,1384,350,74,125,1,-1,-1,-1
475,14235,1013,429,79,144,1,-1,-1,-1
475,14219,441,373,38,84,1,-1,-1,-1
475,14303,415,426,73,159,1,-1,-1,-1
475,14327,-5,243,62,105,1,-1,-1,-1
475,14335,1446,441,59,157,1,-1,-1,-1
475,14336,1555,429,79,130,1,-1,-1,-1
475,14323,20,741,64,195,1,-1,-1,-1
476,14212,586,483,87,173,1,-1,-1,-1
476,14236,921,283,63,117,1,-1,-1,-1
476,14273,794,486,88,164,1,-1,-1,-1
476,14234,450,380,51,142,1,-1,-1,-1
476,14281,1074,430,92,130,1,-1,-1,-1
476,14282,1109,338,59,138,1,-1,-1,-1
476,14283,1132,422,93,141,1,-1,-1,-1
476,14288,1380,350,74,124,1,-1,-1,-1
476,14235,1015,431,78,144,1,-1,-1,-1
476,14219,443,374,36,78,1,-1,-1,-1
476,14303,413,426,75,160,1,-1,-1,-1
476,14327,-9,242,61,106,1,-1,-1,-1
476,14335,1443,442,59,157,1,-1,-1,-1
476,14336,1553,429,79,131,1,-1,-1,-1
476,14323,24,741,72,204,1,-1,-1,-1
477,14212,586,482,90,175,1,-1,-1,-1
477,14236,923,283,63,118,1,-1,-1,-1
477,14273,793,484,89,165,1,-1,-1,-1
477,14234,448,380,50,141,1,-1,-1,-1
477,14281,1069,429,92,132,1,-1,-1,-1
477,14282,1106,338,58,138,1,-1,-1,-1
477,14283,1129,421,93,142,1,-1,-1,-1
477,14288,1376,349,74,125,1,-1,-1,-1
477,14235,1022,432,78,144,1,-1,-1,-1
477,14219,446,374,38,83,1,-1,-1,-1
477,14303,412,427,76,160,1,-1,-1,-1
477,14327,-11,244,59,105,1,-1,-1,-1
477,14335,1441,442,59,158,1,-1,-1,-1
477,14336,1552,429,79,133,1,-1,-1,-1
477,14323,27,742,81,211,1,-1,-1,-1
478,14212,588,480,92,177,1,-1,-1,-1
478,14236,927,283,61,118,1,-1,-1,-1
478,14273,792,482,89,164,1,-1,-1,-1
478,14234,446,379,50,140,1,-1,-1,-1
478,14281,1063,428,92,133,1,-1,-1,-1
478,14282,1103,338,57,138,1,-1,-1,-1
478,14283,1126,420,92,143,1,-1,-1,-1
478,14288,1373,347,74,126,1,-1,-1,-1
478,14235,1031,433,78,145,1,-1,-1,-1
478,14219,451,374,41,91,1,-1,-1,-1
478,14303,413,427,77,161,1,-1,-1,-1
478,14327,-12,246,56,103,1,-1,-1,-1
478,14335,1438,442,60,159,1,-1,-1,-1
478,14336,1550,428,81,136,1,-1,-1,-1
478,14323,27,742,89,215,1,-1,-1,-1
479,14212,591,479,94,180,1,-1,-1,-1
479,14236,930,283,61,119,1,-1,-1,-1
479,14273,791,479,88,164,1,-1,-1,-1
479,14234,445,379,48,139,1,-1,-1,-1
479,14281,1056,427,94,135,1,-1,-1,-1
479,14282,1100,339,56,136,1,-1,-1,-1
479,14283,1122,419,92,144,1,-1,-1,-1
479,14288,1369,346,74,126,1,-1,-1,-1
479,14235,1041,434,77,145,1,-1,-1,-1
479,14219,455,375,45,99,1,-1,-1,-1
479,14303,414,428,77,161,1,-1,-1,-1
479,14327,-12,249,53,101,1,-1,-1,-1
479,14335,1435,442,60,161,1,-1,-1,-1
479,14336,1549,427,83,139,1,-1,-1,-1
479,14323,27,743,96,219,1,-1,-1,-1
480,14212,595,477,95,182,1,-1,-1,-1
480,14236,934,283,61,120,1,-1,-1,-1
480,14273,790,476,87,165,1,-1,-1,-1
480,14234,443,378,48,138,1,-1,-1,-1
480,14281,1049,426,94,137,1,-1,-1,-1
480,14282,1097,340,55,135,1,-1,-1,-1
480,14283,1119,417,92,147,1,-1,-1,-1
480,14288,1366,344,72,128,1,-1,-1,-1
480,14235,1050,434,77,145,1,-1,-1,-1
480,14219,460,375,49,109,1,-1,-1,-1
480,14303,416,429,77,161,1,-1,-1,-1
480,14327,-12,251,50,99,1,-1,-1,-1
480,14335,1432,441,60,163,1,-1,-1,-1
480,14336,1548,426,84,143,1,-1,-1,-1
480,14323,30,743,102,220,1,-1,-1,-1
481,14212,598,476,95,184,1,-1,-1,-1
481,14236,937,283,62,121,1,-1,-1,-1
481,14273,790,472,85,166,1,-1,-1,-1
481,14234,442,378,47,137,1,-1,-1,-1
481,14281,1042,425,95,139,1,-1,-1,-1
481,14282,1094,340,55,135,1,-1,-1,-1
481,14283,1116,416,91,148,1,-1,-1,-1
481,14288,1362,342,72,129,1,-1,-1,-1
481,14235,1061,435,76,145,1,-1,-1,-1
481,14219,464,375,53,118,1,-1,-1,-1
481,14303,418,430,75,160,1,-1,-1,-1
481,14327,-12,254,46,97,1,-1,-1,-1
481,14335,1430,440,60,165,1,-1,-1,-1
481,14336,1546,424,86,146,1,-1,-1,-1
481,14323,52,741,106,223,1,-1,-1,-1
482,14212,602,474,96,187,1,-1,-1,-1
482,14236,941,283,61,122,1,-1,-1,-1
482,14273,790,469,82,167,1,-1,-1,-1
482,14234,440,378,46,135,1,-1,-1,-1
482,14281,1034,424,96,140,1,-1,-1,-1
482,14282,1091,341,53,134,1,-1,-1,-1
482,14283,1111,415,91,149,1,-1,-1,-1
482,14288,1358,340,71,130,1,-1,-1,-1
482,14235,1072,436,77,146,1,-1,-1,-1
482,14219,470,375,57,129,1,-1,-1,-1
482,14303,421,431,74,160,1,-1,-1,-1
482,14327,-13,256,43,95,1,-1,-1,-1
482,14335,1426,440,61,166,1,-1,-1,-1
482,14336,1545,423,88,150,1,-1,-1,-1
482,14323,67,738,110,226,1,-1,-1,-1
483,14212,607,474,95,188,1,-1,-1,-1
483,14236,945,283,61,123,1,-1,-1,-1
483,14273,791,467,79,166,1,-1,-1,-1
483,14234,441,377,45,135,1,-1,-1,-1
483,14281,1027,423,97,142,1,-1,-1,-1
483,14282,1090,340,53,135,1,-1,-1,-1
483,14283,1110,415,90,148,1,-1,-1,-1
483,14288,1356,339,70,130,1,-1,-1,-1
483,14235,1079,437,77,145,1,-1,-1,-1
483,14219,473,376,60,133,1,-1,-1,-1
483,14303,423,432,72,160,1,-1,-1,-1
483,14327,-13,257,40,94,1,-1,-1,-1
483,14335,1425,439,61,168,1,-1,-1,-1
483,14336,1546,421,89,152,1,-1,-1,-1
483,14323,80,735,116,230,1,-1,-1,-1
484,14212,612,475,94,187,1,-1,-1,-1
484,14236,950,281,61,124,1,-1,-1,-1
484,14273,792,464,77,166,1,-1,-1,-1
484,14234,443,377,45,135,1,-1,-1,-1
484,14281,1019,422,97,143,1,-1,-1,-1
484,14282,1089,339,52,134,1,-1,-1,-1
484,14283,1110,416,88,146,1,-1,-1,-1
484,14288,1355,339,69,130,1,-1,-1,-1
484,14235,1085,438,77,145,1,-1,-1,-1
484,14219,478,376,60,134,1,-1,-1,-1
484,14303,426,433,71,158,1,-1,-1,-1
484,14327,-10,265,36,87,1,-1,-1,-1
484,14335,1425,440,61,168,1,-1,-1,-1
484,14336,1548,418,89,154,1,-1,-1,-1
484,14323,93,732,121,233,1,-1,-1,-1
485,14212,618,476,92,187,1,-1,-1,-1
485,14236,957,278,62,126,1,-1,-1,-1
485,14273,793,461,75,165,1,-1,-1,-1
485,14234,445,376,46,137,1,-1,-1,-1
485,14281,1011,421,97,144,1,-1,-1,-1
485,14282,1088,337,53,133,1,-1,-1,-1
485,14283,1110,417,86,144,1,-1,-1,-1
485,14288,1354,339,68,129,1,-1,-1,-1
485,14235,1091,439,76,144,1,-1,-1,-1
485,14219,482,376,61,135,1,-1,-1,-1
485,14303,428,434,70,157,1,-1,-1,-1
485,14327,-7,274,32,79,1,-1,-1,-1
485,14335,1425,441,62,168,1,-1,-1,-1
485,14336,1550,416,89,156,1,-1,-1,-1
485,14323,111,727,131,240,1,-1,-1,-1
486,14212,624,477,90,186,1,-1,-1,-1
486,14236,960,277,62,127,1,-1,-1,-1
486,14273,795,458,73,165,1,-1,-1,-1
486,14234,448,376,46,137,1,-1,-1,-1
486,14281,1004,420,96,145,1,-1,-1,-1
486,14282,1087,336,53,133,1,-1,-1,-1
486,14283,1110,419,85,141,1,-1,-1,-1
486,14288,1352,339,68,129,1,-1,-1,-1
486,14235,1097,440,76,144,1,-1,-1,-1
486,14219,486,376,61,135,1,-1,-1,-1
486,14303,431,435,69,155,1,-1,-1,-1
486,14327,-5,277,29,76,1,-1,-1,-1
486,14335,1425,442,64,167,1,-1,-1,-1
486,14336,1553,413,88,158,1,-1,-1,-1
486,14323,117,725,138,242,1,-1,-1,-1
487,14212,630,478,87,186,1,-1,-1,-1
487,14236,966,277,62,126,1,-1,-1,-1
487,14273,796,456,71,164,1,-1,-1,-1
487,14234,450,376,47,137,1,-1,-1,-1
487,14281,996,419,96,145,1,-1,-1,-1
487,14282,1087,334,53,133,1,-1,-1,-1
487,14283,1110,420,84,138,1,-1,-1,-1
487,14288,1352,339,66,128,1,-1,-1,-1
487,14235,1102,441,77,143,1,-1,-1,-1
487,14219,490,376,61,135,1,-1,-1,-1
487,14303,434,437,68,153,1,-1,-1,-1
487,14327,-4,287,25,66,1,-1,-1,-1
487,14335,1425,443,65,167,1,-1,-1,-1
487,14336,1557,411,86,159,1,-1,-1,-1
487,14323,134,725,141,243,1,-1,-1,-1
488,14212,639,479,84,186,1,-1,-1,-1
488,14236,975,277,63,124,1,-1,-1,-1
488,14273,797,452,70,164,1,-1,-1,-1
488,14234,453,375,48,139,1,-1,-1,-1
488,14281,986,417,95,147,1,-1,-1,-1
488,14282,1085,332,55,133,1,-1,-1,-1
488,14283,1110,422,83,135,1,-1,-1,-1
488,14288,1350,338,67,127,1,-1,-1,-1
488,14235,1109,442,76,142,1,-1,-1,-1
488,14219,495,376,62,135,1,-1,-1,-1
488,14303,437,438,67,151,1,-1,-1,-1
488,14327,-4,302,19,52,1,-1,-1,-1
488,14335,1425,445,67,166,1,-1,-1,-1
488,14336,1561,408,84,161,1,-1,-1,-1
488,14323,155,726,141,242,1,-1,-1,-1
489,14212,644,479,82,186,1,-1,-1,-1
489,14236,979,277,65,124,1,-1,-1,-1
489,14273,798,450,69,163,1,-1,-1,-1
489,14234,454,375,48,138,1,-1,-1,-1
489,14281,981,416,93,147,1,-1,-1,-1
489,14282,1084,331,56,133,1,-1,-1,-1
489,14283,1104,421,84,134,1,-1,-1,-1
489,14288,1348,338,67,126,1,-1,-1,-1
489,14235,1111,441,77,142,1,-1,-1,-1
489,14219,500,376,63,135,1,-1,-1,-1
489,14303,437,439,67,150,1,-1,-1,-1
489,14327,-3,318,11,37,1,-1,-1,-1
489,14335,1423,445,69,167,1,-1,-1,-1
489,14336,1563,407,83,163,1,-1,-1,-1
489,14323,178,728,139,240,1,-1,-1,-1
490,14212,649,479,80,186,1,-1,-1,-1
490,14236,982,277,67,124,1,-1,-1,-1
490,14273,798,446,69,162,1,-1,-1,-1
490,14234,453,374,49,139,1,-1,-1,-1
490,14281,975,414,92,148,1,-1,-1,-1
490,14282,1083,329,56,133,1,-1,-1,-1
490,14283,1093,420,85,135,1,-1,-1,-1
490,14288,1346,336,67,127,1,-1,-1,-1
490,14235,1112,440,77,142,1,-1,-1,-1
490,14219,509,377,64,134,1,-1,-1,-1
490,14303,435,438,67,151,1,-1,-1,-1
490,14327,-3,322,10,33,1,-1,-1,-1
490,14335,1420,445,71,166,1,-1,-1,-1
490,14336,1565,407,81,162,1,-1,-1,-1
490,14323,207,730,134,238,1,-1,-1,-1
491,14212,654,479,79,185,1,-1,-1,-1
491,14236,986,276,67,125,1,-1,-1,-1
491,14273,798,442,68,162,1,-1,-1,-1
491,14234,452,372,49,140,1,-1,-1,-1
491,14281,969,412,91,149,1,-1,-1,-1
491,14282,1082,328,56,133,1,-1,-1,-1
491,14283,1079,417,88,137,1,-1,-1,-1
491,14288,1343,334,67,128,1,-1,-1,-1
491,14235,1111,438,78,143,1,-1,-1,-1
491,14219,519,377,64,134,1,-1,-1,-1
491,14303,433,437,67,151,1,-1,-1,-1
491,14335,1416,445,73,166,1,-1,-1,-1
491,14336,1567,407,79,162,1,-1,-1,-1
491,14323,228,729,132,239,1,-1,-1,-1
492,14212,658,479,79,185,1,-1,-1,-1
492,14236,990,275,67,126,1,-1,-1,-1
492,14273,797,439,69,161,1,-1,-1,-1
492,14234,451,371,49,140,1,-1,-1,-1
492,14281,963,410,90,150,1,-1,-1,-1
492,14282,1081,326,57,134,1,-1,-1,-1
492,14283,1065,414,90,139,1,-1,-1,-1
492,14288,1340,332,67,129,1,-1,-1,-1
492,14235,1111,436,78,143,1,-1,-1,-1
492,14219,529,378,65,132,1,-1,-1,-1
492,14303,429,436,68,152,1,-1,-1,-1
492,14335,1412,444,75,166,1,-1,-1,-1
492,14336,1568,408,79,162,1,-1,-1,-1
492,14323,251,727,133,242,1,-1,-1,-1
493,14212,662,479,79,185,1,-1,-1,-1
493,14236,995,274,66,127,1,-1,-1,-1
493,14273,797,435,68,160,1,-1,-1,-1
493,14234,450,370,50,140,1,-1,-1,-1
493,14281,958,408,87,151,1,-1,-1,-1
493,14282,1080,325,57,134,1,-1,-1,-1
493,14283,1051,411,91,141,1,-1,-1,-1
493,14288,1337,330,67,130,1,-1,-1,-1
493,14235,1111,434,78,143,1,-1,-1,-1
493,14219,539,379,66,131,1,-1,-1,-1
493,14303,427,435,67,152,1,-1,-1,-1
493,14335,1408,444,76,166,1,-1,-1,-1
493,14336,1568,409,80,162,1,-1,-1,-1
493,14323,269,727,132,241,1,-1,-1,-1
494,14212,668,479,79,184,1,-1,-1,-1
494,14236,1000,273,65,128,1,-1,-1,-1
494,14273,796,430,70,159,1,-1,-1,-1
494,14234,448,367,50,141,1,-1,-1,-1
494,14281,948,405,86,152,1,-1,-1,-1
494,14282,1079,322,56,136,1,-1,-1,-1
494,14283,1031,406,94,145,1,-1,-1,-1
494,14288,1333,327,67,130,1,-1,-1,-1
494,14235,1110,431,79,143,1,-1,-1,-1
494,14219,554,379,68,130,1,-1,-1,-1
494,14303,422,434,68,152,1,-1,-1,-1
494,14335,1403,443,77,166,1,-1,-1,-1
494,14336,1568,411,81,161,1,-1,-1,-1
494,14323,287,726,131,241,1,-1,-1,-1
495,14212,671,479,79,184,1,-1,-1,-1
495,14236,1004,272,63,129,1,-1,-1,-1
495,14273,795,427,71,159,1,-1,-1,-1
495,14234,447,366,50,142,1,-1,-1,-1
495,14281,945,405,84,152,1,-1,-1,-1
495,14282,1079,321,55,136,1,-1,-1,-1
495,14283,1020,404,95,145,1,-1,-1,-1
495,14288,1331,325,66,131,1,-1,-1,-1
495,14235,1109,429,79,143,1,-1,-1,-1
495,14219,559,380,70,129,1,-1,-1,-1
495,14303,420,433,67,153,1,-1,-1,-1
495,14335,1400,443,79,166,1,-1,-1,-1
495,14336,1569,410,80,161,1,-1,-1,-1
495,14323,304,725,130,241,1,-1,-1,-1
496,14212,672,477,79,185,1,-1,-1,-1
496,14236,1007,272,62,128,1,-1,-1,-1
496,14273,795,424,70,158,1,-1,-1,-1
496,14234,443,365,51,142,1,-1,-1,-1
496,14281,942,406,82,149,1,-1,-1,-1
496,14282,1077,320,55,135,1,-1,-1,-1
496,14283,1008,403,94,145,1,-1,-1,-1
496,14288,1329,324,64,131,1,-1,-1,-1
496,14235,1107,427,78,143,1,-1,-1,-1
496,14219,561,381,71,128,1,-1,-1,-1
496,14303,415,431,67,153,1,-1,-1,-1
496,14335,1398,441,79,167,1,-1,-1,-1
496,14336,1567,410,81,160,1,-1,-1,-1
496,14323,321,725,130,240,1,-1,-1,-1
497,14212,674,475,80,186,1,-1,-1,-1
497,14236,1011,273,59,127,1,-1,-1,-1
497,14273,794,421,71,157,1,-1,-1,-1
497,14234,440,364,50,142,1,-1,-1,-1
497,14281,939,407,80,146,1,-1,-1,-1
497,14282,1075,320,53,133,1,-1,-1,-1
497,14283,994,402,95,145,1,-1,-1,-1
497,14288,1325,323,64,131,1,-1,-1,-1
497,14235,1102,424,79,143,1,-1,-1,-1
497,14219,561,381,73,129,1,-1,-1,-1
497,14303,409,430,67,154,1,-1,-1,-1
497,14335,1396,440,79,168,1,-1,-1,-1
497,14336,1566,409,81,160,1,-1,-1,-1
497,14323,339,725,128,239,1,-1,-1,-1
498,14212,676,473,79,187,1,-1,-1,-1
498,14236,1014,273,57,125,1,-1,-1,-1
498,14273,794,417,70,157,1,-1,-1,-1
498,14234,435,362,51,144,1,-1,-1,-1
498,14281,936,408,77,144,1,-1,-1,-1
498,14282,1073,319,52,131,1,-1,-1,-1
498,14283,980,401,94,146,1,-1,-1,-1
498,14288,1322,322,63,131,1,-1,-1,-1
498,14235,1098,422,78,142,1,-1,-1,-1
498,14219,561,382,74,128,1,-1,-1,-1
498,14303,403,428,66,154,1,-1,-1,-1
498,14335,1394,438,80,168,1,-1,-1,-1
498,14336,1564,408,80,160,1,-1,-1,-1
498,14323,362,725,126,237,1,-1,-1,-1
499,14212,678,471,79,188,1,-1,-1,-1
499,14236,1017,273,56,124,1,-1,-1,-1
499,14273,793,414,70,156,1,-1,-1,-1
499,14234,431,360,51,145,1,-1,-1,-1
499,14281,932,410,76,140,1,-1,-1,-1
499,14282,1070,318,52,129,1,-1,-1,-1
499,14283,967,400,93,146,1,-1,-1,-1
499,14288,1317,320,63,132,1,-1,-1,-1
499,14235,1094,419,77,141,1,-1,-1,-1
499,14219,561,383,75,128,1,-1,-1,-1
499,14303,398,427,65,154,1,-1,-1,-1
499,14335,1393,436,78,169,1,-1,-1,-1
499,14336,1562,407,80,160,1,-1,-1,-1
499,14323,375,724,126,238,1,-1,-1,-1
500,14212,681,468,78,189,1,-1,-1,-1
500,14236,1023,273,54,122,1,-1,-1,-1
500,14273,793,409,68,155,1,-1,-1,-1
500,14234,424,357,51,146,1,-1,-1,-1
500,14281,925,412,75,135,1,-1,-1,-1
500,14282,1067,317,49,126,1,-1,-1,-1
500,14283,945,399,91,145,1,-1,-1,-1
500,14288,1310,319,63,132,1,-1,-1,-1
500,14235,1088,415,76,140,1,-1,-1,-1
500,14219,561,385,76,128,1,-1,-1,-1
500,14303,387,424,65,155,1,-1,-1,-1
500,14335,1392,434,77,169,1,-1,-1,-1
500,14336,1560,405,78,160,1,-1,-1,-1
500,14323,389,723,126,237,1,-1,-1,-1
501,14212,682,467,77,190,1,-1,-1,-1
501,14236,1025,273,53,122,1,-1,-1,-1
501,14273,793,408,67,154,1,-1,-1,-1
501,14234,422,356,51,146,1,-1,-1,-1
501,14281,923,413,75,133,1,-1,-1,-1
501,14282,1065,317,50,124,1,-1,-1,-1
501,14283,938,398,89,145,1,-1,-1,-1
501,14288,1308,318,62,132,1,-1,-1,-1
501,14235,1085,413,76,140,1,-1,-1,-1
501,14219,561,386,76,128,1,-1,-1,-1
501,14303,384,424,64,154,1,-1,-1,-1
501,14335,1391,433,76,170,1,-1,-1,-1
501,14336,1560,404,76,160,1,-1,-1,-1
501,14323,403,722,126,238,1,-1,-1,-1
502,14212,686,469,76,189,1,-1,-1,-1
502,14236,1027,273,52,121,1,-1,-1,-1
502,14273,794,407,68,152,1,-1,-1,-1
502,14234,418,356,51,146,1,-1,-1,-1
502,14281,922,413,76,133,1,-1,-1,-1
502,14282,1063,317,49,123,1,-1,-1,-1
502,14283,930,397,87,145,1,-1,-1,-1
502,14288,1304,317,61,132,1,-1,-1,-1
502,14235,1079,414,75,140,1,-1,-1,-1
502,14219,559,385,77,129,1,-1,-1,-1
502,14303,380,424,62,154,1,-1,-1,-1
502,14335,1389,433,74,170,1,-1,-1,-1
502,14336,1558,405,75,158,1,-1,-1,-1
502,14323,417,721,128,238,1,-1,-1,-1
503,14212,690,472,76,187,1,-1,-1,-1
503,14236,1029,273,51,121,1,-1,-1,-1
503,14273,797,406,67,150,1,-1,-1,-1
503,14234,414,355,50,146,1,-1,-1,-1
503,14281,921,412,78,134,1,-1,-1,-1
503,14282,1059,317,49,122,1,-1,-1,-1
503,14283,922,396,85,144,1,-1,-1,-1
503,14288,1299,317,60,131,1,-1,-1,-1
503,14235,1073,416,74,138,1,-1,-1,-1
503,14219,556,385,77,130,1,-1,-1,-1
503,14303,375,424,62,154,1,-1,-1,-1
503,14335,1386,434,72,170,1,-1,-1,-1
503,14336,1556,405,74,158,1,-1,-1,-1
503,14323,431,719,129,239,1,-1,-1,-1
504,14212,695,475,75,184,1,-1,-1,-1
504,14236,1031,273,51,120,1,-1,-1,-1
504,14273,799,405,67,148,1,-1,-1,-1
504,14234,410,354,50,147,1,-1,-1,-1
504,14281,922,412,78,135,1,-1,-1,-1
504,14282,1056,317,50,121,1,-1,-1,-1
504,14283,914,396,83,143,1,-1,-1,-1
504,14288,1293,316,60,130,1,-1,-1,-1
504,14235,1067,419,72,136,1,-1,-1,-1
504,14219,553,385,79,132,1,-1,-1,-1
504,14303,371,425,60,152,1,-1,-1,-1
504,14335,1383,434,71,170,1,-1,-1,-1
504,14336,1555,406,72,156,1,-1,-1,-1
504,14323,451,717,132,240,1,-1,-1,-1
505,14212,699,479,76,182,1,-1,-1,-1
505,14236,1033,273,50,120,1,-1,-1,-1
505,14273,801,404,68,146,1,-1,-1,-1
505,14234,405,354,50,146,1,-1,-1,-1
505,14281,921,411,80,136,1,-1,-1,-1
505,14282,1053,317,50,120,1,-1,-1,-1
505,14283,907,395,80,142,1,-1,-1,-1
505,14288,1288,315,59,129,1,-1,-1,-1
505,14235,1060,421,71,135,1,-1,-1,-1
505,14219,550,384,79,134,1,-1,-1,-1
505,14303,367,425,59,152,1,-1,-1,-1
505,14335,1379,435,70,170,1,-1,-1,-1
505,14336,1553,407,71,155,1,-1,-1,-1
505,14323,460,716,133,240,1,-1,-1,-1
506,14212,704,482,78,180,1,-1,-1,-1
506,14236,1035,273,49,120,1,-1,-1,-1
506,14273,802,403,69,145,1,-1,-1,-1
506,14234,401,353,49,147,1,-1,-1,-1
506,14281,921,411,81,137,1,-1,-1,-1
506,14282,1049,317,51,119,1,-1,-1,-1
506,14283,899,394,78,141,1,-1,-1,-1
506,14288,1282,315,58,128,1,-1,-1,-1
506,14235,1053,424,69,134,1,-1,-1,-1
506,14219,548,384,78,135,1,-1,-1,-1
506,14303,362,426,58,151,1,-1,-1,-1
506,14335,1376,435,68,170,1,-1,-1,-1
506,14336,1550,407,72,155,1,-1,-1,-1
506,14323,473,715,135,240,1,-1,-1,-1
507,14212,708,486,80,177,1,-1,-1,-1
507,14236,1037,273,50,119,1,-1,-1,-1
507,14273,804,402,70,143,1,-1,-1,-1
507,14234,396,352,49,147,1,-1,-1,-1
507,14281,922,410,82,138,1,-1,-1,-1
507,14282,1045,318,52,118,1,-1,-1,-1
507,14283,890,394,75,140,1,-1,-1,-1
507,14288,1276,314,57,127,1,-1,-1,-1
507,14235,1045,427,68,133,1,-1,-1,-1
507,14219,545,384,77,137,1,-1,-1,-1
507,14303,356,426,58,151,1,-1,-1,-1
507,14335,1372,436,67,170,1,-1,-1,-1
507,14336,1548,408,70,153,1,-1,-1,-1
507,14323,488,714,137,241,1,-1,-1,-1
508,14212,709,487,82,176,1,-1,-1,-1
508,14236,1038,273,51,120,1,-1,-1,-1
508,14273,805,402,71,142,1,-1,-1,-1
508,14234,392,352,49,146,1,-1,-1,-1
508,14281,920,410,83,139,1,-1,-1,-1
508,14282,1043,317,54,118,1,-1,-1,-1
508,14283,886,393,74,139,1,-1,-1,-1
508,14288,1271,313,58,127,1,-1,-1,-1
508,14235,1040,427,66,132,1,-1,-1,-1
508,14219,543,384,76,138,1,-1,-1,-1
508,14303,353,426,57,150,1,-1,-1,-1
508,14335,1369,437,67,169,1,-1,-1,-1
508,14336,1545,408,71,153,1,-1,-1,-1
508,14323,503,712,138,241,1,-1,-1,-1
509,14212,707,487,84,176,1,-1,-1,-1
509,14236,1039,273,51,120,1,-1,-1,-1
509,14273,804,401,73,142,1,-1,-1,-1
509,14234,389,352,48,146,1,-1,-1,-1
509,14281,918,412,83,139,1,-1,-1,-1
509,14282,1044,314,54,120,1,-1,-1,-1
509,14283,884,393,72,139,1,-1,-1,-1
509,14288,1268,313,57,126,1,-1,-1,-1
509,14235,1034,428,66,131,1,-1,-1,-1
509,14219,539,385,76,139,1,-1,-1,-1
509,14303,351,426,56,151,1,-1,-1,-1
509,14335,1367,437,66,169,1,-1,-1,-1
509,14336,1541,408,71,153,1,-1,-1,-1
509,14323,518,711,139,241,1,-1,-1,-1
510,14212,706,487,85,176,1,-1,-1,-1
510,14236,1041,272,51,121,1,-1,-1,-1
510,14273,803,401,75,142,1,-1,-1,-1
510,14234,386,352,47,146,1,-1,-1,-1
510,14281,916,414,83,138,1,-1,-1,-1
510,14282,1044,312,56,121,1,-1,-1,-1
510,14283,882,392,72,140,1,-1,-1,-1
510,14288,1263,312,58,127,1,-1,-1,-1
510,14235,1028,427,66,132,1,-1,-1,-1
510,14219,535,386,76,139,1,-1,-1,-1
510,14303,349,426,56,151,1,-1,-1,-1
510,14335,1364,438,66,168,1,-1,-1,-1
510,14336,1538,408,71,154,1,-1,-1,-1
510,14323,544,708,140,243,1,-1,-1,-1
511,14212,705,487,85,176,1,-1,-1,-1
511,14236,1042,271,52,122,1,-1,-1,-1
511,14273,803,400,75,143,1,-1,-1,-1
511,14234,382,351,48,147,1,-1,-1,-1
511,14281,913,416,84,138,1,-1,-1,-1
511,14282,1045,309,57,124,1,-1,-1,-1
511,14283,880,392,72,140,1,-1,-1,-1
511,14288,1259,310,58,128,1,-1,-1,-1
511,14235,1021,427,67,131,1,-1,-1,-1
511,14219,530,387,76,140,1,-1,-1,-1
511,14303,346,426,56,151,1,-1,-1,-1
511,14335,1361,439,66,167,1,-1,-1,-1
511,14336,1535,407,70,155,1,-1,-1,-1
511,14323,553,707,141,243,1,-1,-1,-1
512,14212,704,487,86,176,1,-1,-1,-1
512,14236,1044,271,52,123,1,-1,-1,-1
512,14273,802,400,76,142,1,-1,-1,-1
512,14234,379,351,47,146,1,-1,-1,-1
512,14281,911,418,84,138,1,-1,-1,-1
512,14282,1046,306,58,126,1,-1,-1,-1
512,14283,878,392,71,139,1,-1,-1,-1
512,14288,1255,309,58,128,1,-1,-1,-1
512,14235,1015,427,67,131,1,-1,-1,-1
512,14219,526,388,77,140,1,-1,-1,-1
512,14303,344,425,55,152,1,-1,-1,-1
512,14335,1358,439,67,165,1,-1,-1,-1
512,14336,1531,406,71,156,1,-1,-1,-1
512,14323,569,708,140,242,1,-1,-1,-1
513,14212,703,486,85,177,1,-1,-1,-1
513,14236,1045,270,53,124,1,-1,-1,-1
513,14273,802,400,76,142,1,-1,-1,-1
513,14234,374,351,48,146,1,-1,-1,-1
513,14281,907,420,84,138,1,-1,-1,-1
513,14282,1048,303,58,128,1,-1,-1,-1
513,14283,875,391,71,140,1,-1,-1,-1
513,14288,1250,308,58,129,1,-1,-1,-1
513,14235,1007,426,68,132,1,-1,-1,-1
513,14219,520,389,78,141,1,-1,-1,-1
513,14303,341,425,56,153,1,-1,-1,-1
513,14335,1354,440,68,163,1,-1,-1,-1
513,14336,1527,405,70,157,1,-1,-1,-1
513,14323,587,709,140,241,1,-1,-1,-1
514,14212,703,486,85,177,1,-1,-1,-1
514,14236,1046,270,53,125,1,-1,-1,-1
514,14273,800,399,76,143,1,-1,-1,-1
514,14234,372,351,48,146,1,-1,-1,-1
514,14281,906,422,85,137,1,-1,-1,-1
514,14282,1049,302,59,128,1,-1,-1,-1
514,14283,873,390,73,140,1,-1,-1,-1
514,14288,1247,306,58,130,1,-1,-1,-1
514,14235,1003,426,68,132,1,-1,-1,-1
514,14219,517,390,78,142,1,-1,-1,-1
514,14303,340,424,55,155,1,-1,-1,-1
514,14335,1352,440,69,163,1,-1,-1,-1
514,14336,1524,405,69,157,1,-1,-1,-1
514,14323,605,711,140,239,1,-1,-1,-1
515,14212,703,486,85,179,1,-1,-1,-1
515,14236,1047,271,53,124,1,-1,-1,-1
515,14273,798,398,76,143,1,-1,-1,-1
515,14234,368,351,48,146,1,-1,-1,-1
515,14281,906,425,85,137,1,-1,-1,-1
515,14282,1051,303,58,128,1,-1,-1,-1
515,14283,872,388,75,142,1,-1,-1,-1
515,14288,1243,306,59,131,1,-1,-1,-1
515,14235,998,428,69,131,1,-1,-1,-1
515,14219,514,391,78,142,1,-1,-1,-1
515,14303,338,424,55,155,1,-1,-1,-1
515,14335,1351,439,70,163,1,-1,-1,-1
515,14336,1521,407,68,156,1,-1,-1,-1
515,14323,623,712,141,238,1,-1,-1,-1
516,14212,703,487,85,179,1,-1,-1,-1
516,14236,1048,273,52,123,1,-1,-1,-1
516,14273,795,396,75,144,1,-1,-1,-1
516,14234,365,352,48,146,1,-1,-1,-1
516,14281,906,426,85,137,1,-1,-1,-1
516,14282,1054,304,57,126,1,-1,-1,-1
516,14283,871,386,77,144,1,-1,-1,-1
516,14288,1240,306,60,131,1,-1,-1,-1
516,14235,994,430,70,131,1,-1,-1,-1
516,14219,512,393,78,141,1,-1,-1,-1
516,14303,336,425,55,156,1,-1,-1,-1
516,14335,1350,438,70,164,1,-1,-1,-1
516,14336,1519,409,66,155,1,-1,-1,-1
516,14323,642,714,141,236,1,-1,-1,-1
517,14212,704,487,85,181,1,-1,-1,-1
517,14236,1049,274,52,122,1,-1,-1,-1
517,14273,793,395,74,143,1,-1,-1,-1
517,14234,363,352,47,146,1,-1,-1,-1
517,14281,907,429,85,136,1,-1,-1,-1
517,14282,1056,306,58,125,1,-1,-1,-1
517,14283,870,384,79,146,1,-1,-1,-1
517,14288,1237,306,60,131,1,-1,-1,-1
517,14235,989,433,71,129,1,-1,-1,-1
517,14219,511,394,76,142,1,-1,-1,-1
517,14303,334,425,56,157,1,-1,-1,-1
517,14335,1349,437,70,164,1,-1,-1,-1
517,14336,1516,411,65,154,1,-1,-1,-1
517,14323,664,715,140,235,1,-1,-1,-1
518,14212,705,487,84,182,1,-1,-1,-1
518,14236,1049,276,53,121,1,-1,-1,-1
518,14273,791,393,72,144,1,-1,-1,-1
518,14234,360,352,47,146,1,-1,-1,-1
518,14281,909,433,84,136,1,-1,-1,-1
518,14282,1058,307,59,124,1,-1,-1,-1
518,14283,869,381,82,148,1,-1,-1,-1
518,14288,1233,305,61,132,1,-1,-1,-1
518,14235,984,435,72,128,1,-1,-1,-1
518,14219,509,396,76,141,1,-1,-1,-1
518,14303,332,425,56,158,1,-1,-1,-1
518,14335,1348,436,69,165,1,-1,-1,-1
518,14336,1513,412,64,153,1,-1,-1,-1
518,14323,679,715,140,235,1,-1,-1,-1
519,14212,706,487,83,184,1,-1,-1,-1
519,14236,1050,278,53,120,1,-1,-1,-1
519,14273,788,390,70,145,1,-1,-1,-1
519,14234,355,353,47,146,1,-1,-1,-1
519,14281,910,440,84,136,1,-1,-1,-1
519,14282,1061,310,58,121,1,-1,-1,-1
519,14283,866,378,87,150,1,-1,-1,-1
519,14288,1228,305,62,131,1,-1,-1,-1
519,14235,977,438,74,127,1,-1,-1,-1
519,14219,508,398,74,141,1,-1,-1,-1
519,14303,329,426,57,159,1,-1,-1,-1
519,14335,1347,434,69,167,1,-1,-1,-1
519,14336,1508,414,62,153,1,-1,-1,-1
519,14323,693,714,140,235,1,-1,-1,-1
520,14212,706,487,82,185,1,-1,-1,-1
520,14236,1050,279,54,119,1,-1,-1,-1
520,14273,787,389,68,144,1,-1,-1,-1
520,14234,352,353,47,145,1,-1,-1,-1
520,14281,910,442,84,136,1,-1,-1,-1
520,14282,1061,310,60,121,1,-1,-1,-1
520,14283,865,377,89,151,1,-1,-1,-1
520,14288,1225,304,62,132,1,-1,-1,-1
520,14235,973,439,75,127,1,-1,-1,-1
520,14219,506,399,73,141,1,-1,-1,-1
520,14303,326,426,59,159,1,-1,-1,-1
520,14335,1346,434,68,166,1,-1,-1,-1
520,14336,1506,415,60,152,1,-1,-1,-1
520,14323,707,712,138,235,1,-1,-1,-1
521,14212,705,488,81,185,1,-1,-1,-1
521,14236,1049,277,55,120,1,-1,-1,-1
521,14273,784,388,66,144,1,-1,-1,-1
521,14234,349,352,47,145,1,-1,-1,-1
521,14281,907,440,85,137,1,-1,-1,-1
521,14282,1058,308,61,122,1,-1,-1,-1
521,14283,864,374,92,151,1,-1,-1,-1
521,14288,1222,303,62,132,1,-1,-1,-1
521,14235,966,441,77,128,1,-1,-1,-1
521,14219,503,399,72,142,1,-1,-1,-1
521,14303,323,424,58,159,1,-1,-1,-1
521,14335,1345,432,67,167,1,-1,-1,-1
521,14336,1500,414,59,152,1,-1,-1,-1
521,14323,722,710,136,235,1,-1,-1,-1
522,14212,702,489,80,184,1,-1,-1,-1
522,14236,1048,276,55,119,1,-1,-1,-1
522,14273,781,387,65,143,1,-1,-1,-1
522,14234,345,351,46,144,1,-1,-1,-1
522,14281,905,437,85,139,1,-1,-1,-1
522,14282,1055,306,62,121,1,-1,-1,-1
522,14283,864,371,93,152,1,-1,-1,-1
522,14288,1217,302,63,132,1,-1,-1,-1
522,14235,959,441,79,131,1,-1,-1,-1
522,14219,499,399,71,144,1,-1,-1,-1
522,14303,319,422,58,160,1,-1,-1,-1
522,14335,1342,431,66,166,1,-1,-1,-1
522,14336,1492,413,58,151,1,-1,-1,-1
522,14323,737,709,132,235,1,-1,-1,-1
523,14212,700,490,79,184,1,-1,-1,-1
523,14236,1046,274,56,121,1,-1,-1,-1
523,14273,778,386,64,141,1,-1,-1,-1
523,14234,340,350,46,143,1,-1,-1,-1
523,14281,901,432,85,142,1,-1,-1,-1
523,14282,1052,303,62,123,1,-1,-1,-1
523,14283,864,367,93,153,1,-1,-1,-1
523,14288,1213,300,63,133,1,-1,-1,-1
523,14235,951,442,80,133,1,-1,-1,-1
523,14219,494,398,71,146,1,-1,-1,-1
523,14303,315,420,58,160,1,-1,-1,-1
523,14335,1338,429,66,166,1,-1,-1,-1
523,14336,1484,411,58,150,1,-1,-1,-1
523,14323,757,707,128,235,1,-1,-1,-1
524,14212,697,491,79,184,1,-1,-1,-1
524,14236,1045,272,56,121,1,-1,-1,-1
524,14273,774,386,63,139,1,-1,-1,-1
524,14234,335,349,47,143,1,-1,-1,-1
524,14281,898,429,86,144,1,-1,-1,-1
524,14282,1049,301,62,123,1,-1,-1,-1
524,14283,864,364,93,152,1,-1,-1,-1
524,14288,1209,298,63,133,1,-1,-1,-1
524,14235,944,443,81,135,1,-1,-1,-1
524,14219,489,398,71,147,1,-1,-1,-1
524,14303,312,418,57,160,1,-1,-1,-1
524,14335,1335,428,66,165,1,-1,-1,-1
524,14336,1476,409,57,150,1,-1,-1,-1
524,14323,769,705,125,234,1,-1,-1,-1
524,14338,1897,480,21,134,1,-1,-1,-1
525,14212,693,493,78,182,1,-1,-1,-1
525,14236,1043,269,56,122,1,-1,-1,-1
525,14273,767,385,63,137,1,-1,-1,-1
525,14234,328,347,46,142,1,-1,-1,-1
525,14281,891,425,90,149,1,-1,-1,-1
525,14282,1044,296,62,125,1,-1,-1,-1
525,14283,864,359,93,153,1,-1,-1,-1
525,14288,1202,295,63,133,1,-1,-1,-1
525,14235,932,444,82,138,1,-1,-1,-1
525,14219,481,398,71,150,1,-1,-1,-1
525,14303,306,415,55,160,1,-1,-1,-1
525,14335,1330,425,66,165,1,-1,-1,-1
525,14336,1463,406,57,150,1,-1,-1,-1
525,14323,783,703,122,234,1,-1,-1,-1
525,14338,1891,471,24,155,1,-1,-1,-1
526,14212,691,494,78,182,1,-1,-1,-1
526,14236,1042,268,56,122,1,-1,-1,-1
526,14273,764,384,64,136,1,-1,-1,-1
526,14234,326,347,46,142,1,-1,-1,-1
526,14281,889,423,90,152,1,-1,-1,-1
526,14282,1042,294,62,125,1,-1,-1,-1
526,14283,865,357,92,153,1,-1,-1,-1
526,14288,1200,293,62,134,1,-1,-1,-1
526,14235,929,444,81,140,1,-1,-1,-1
526,14219,478,398,71,151,1,-1,-1,-1
526,14303,303,414,54,160,1,-1,-1,-1
526,14335,1328,424,66,165,1,-1,-1,-1
526,14336,1457,405,57,150,1,-1,-1,-1
526,14323,797,702,120,233,1,-1,-1,-1
526,14338,1889,467,26,164,1,-1,-1,-1
527,14212,688,493,77,182,1,-1,-1,-1
527,14236,1039,267,55,122,1,-1,-1,-1
527,14273,763,383,63,135,1,-1,-1,-1
527,14234,321,346,47,141,1,-1,-1,-1
527,14281,883,425,89,150,1,-1,-1,-1
527,14282,1041,294,61,125,1,-1,-1,-1
527,14283,864,357,91,152,1,-1,-1,-1
527,14288,1195,293,62,133,1,-1,-1,-1
527,14235,925,445,79,138,1,-1,-1,-1
527,14219,475,398,70,151,1,-1,-1,-1
527,14303,301,415,53,159,1,-1,-1,-1
527,14335,1323,423,65,165,1,-1,-1,-1
527,14336,1448,404,57,150,1,-1,-1,-1
527,14323,811,700,118,232,1,-1,-1,-1
527,14338,1886,466,27,166,1,-1,-1,-1
528,14212,684,492,76,181,1,-1,-1,-1
528,14236,1035,266,55,122,1,-1,-1,-1
528,14273,760,383,64,134,1,-1,-1,-1
528,14234,317,345,46,140,1,-1,-1,-1
528,14281,877,429,87,147,1,-1,-1,-1
528,14282,1039,294,60,124,1,-1,-1,-1
528,14283,862,356,91,151,1,-1,-1,-1
528,14288,1190,293,61,133,1,-1,-1,-1
528,14235,920,446,79,135,1,-1,-1,-1
528,14219,471,398,70,151,1,-1,-1,-1
528,14303,298,416,53,158,1,-1,-1,-1
528,14335,1315,423,66,163,1,-1,-1,-1
528,14336,1437,405,57,149,1,-1,-1,-1
528,14323,825,698,116,232,1,-1,-1,-1
528,14338,1883,466,27,166,1,-1,-1,-1
529,14212,679,490,77,181,1,-1,-1,-1
529,14236,1030,265,55,122,1,-1,-1,-1
529,14273,759,382,63,133,1,-1,-1,-1
529,14234,312,344,46,140,1,-1,-1,-1
529,14281,870,433,85,143,1,-1,-1,-1
529,14282,1038,295,59,123,1,-1,-1,-1
529,14283,859,355,91,149,1,-1,-1,-1
529,14288,1184,293,61,132,1,-1,-1,-1
529,14235,916,446,78,133,1,-1,-1,-1
529,14219,467,398,70,152,1,-1,-1,-1
529,14303,296,417,53,157,1,-1,-1,-1
529,14335,1308,422,65,163,1,-1,-1,-1
529,14336,1426,405,58,149,1,-1,-1,-1
529,14323,846,695,116,230,1,-1,-1,-1
529,14338,1880,466,28,166,1,-1,-1,-1
530,14212,675,488,76,181,1,-1,-1,-1
530,14236,1025,264,55,122,1,-1,-1,-1
530,14273,758,381,62,133,1,-1,-1,-1
530,14234,307,344,46,138,1,-1,-1,-1
530,14281,858,440,82,137,1,-1,-1,-1
530,14282,1037,295,59,123,1,-1,-1,-1
530,14283,857,355,90,147,1,-1,-1,-1
530,14288,1178,293,61,131,1,-1,-1,-1
530,14235,911,447,78,129,1,-1,-1,-1
530,14219,463,399,70,151,1,-1,-1,-1
530,14303,292,418,53,157,1,-1,-1,-1
530,14335,1300,422,65,161,1,-1,-1,-1
530,14336,1414,405,58,148,1,-1,-1,-1
530,14323,855,693,116,230,1,-1,-1,-1
530,14338,1876,466,30,166,1,-1,-1,-1
531,14212,671,486,75,180,1,-1,-1,-1
531,14236,1020,263,55,122,1,-1,-1,-1
531,14273,757,381,61,131,1,-1,-1,-1
531,14234,303,343,46,138,1,-1,-1,-1
531,14281,853,443,81,135,1,-1,-1,-1
531,14282,1035,296,58,122,1,-1,-1,-1
531,14283,854,354,91,146,1,-1,-1,-1
531,14288,1173,293,60,130,1,-1,-1,-1
531,14235,906,448,78,126,1,-1,-1,-1
531,14219,458,399,71,152,1,-1,-1,-1
531,14303,289,419,54,156,1,-1,-1,-1
531,14335,1293,421,64,161,1,-1,-1,-1
531,14336,1402,405,60,148,1,-1,-1,-1
531,14323,864,692,116,229,1,-1,-1,-1
531,14338,1872,467,32,165,1,-1,-1,-1
532,14212,666,484,75,180,1,-1,-1,-1
532,14236,1014,262,55,122,1,-1,-1,-1
532,14273,755,380,61,130,1,-1,-1,-1
532,14234,297,342,46,137,1,-1,-1,-1
532,14281,842,448,81,135,1,-1,-1,-1
532,14282,1034,296,58,121,1,-1,-1,-1
532,14283,851,353,91,145,1,-1,-1,-1
532,14288,1166,293,60,128,1,-1,-1,-1
532,14235,900,448,79,124,1,-1,-1,-1
532,14219,453,399,71,153,1,-1,-1,-1
532,14303,285,420,55,155,1,-1,-1,-1
532,14335,1284,420,63,160,1,-1,-1,-1
532,14336,1388,405,61,148,1,-1,-1,-1
532,14323,874,691,116,229,1,-1,-1,-1
532,14338,1867,467,35,165,1,-1,-1,-1
533,14212,664,485,74,178,1,-1,-1,-1
533,14236,1012,261,54,122,1,-1,-1,-1
533,14273,756,380,60,130,1,-1,-1,-1
533,14234,295,341,47,137,1,-1,-1,-1
533,14281,839,450,81,134,1,-1,-1,-1
533,14282,1032,295,58,122,1,-1,-1,-1
533,14283,851,352,91,144,1,-1,-1,-1
533,14288,1162,292,61,128,1,-1,-1,-1
533,14235,900,451,80,120,1,-1,-1,-1
533,14219,452,400,71,152,1,-1,-1,-1
533,14303,282,420,56,155,1,-1,-1,-1
533,14335,1280,420,63,158,1,-1,-1,-1
533,14336,1380,405,63,148,1,-1,-1,-1
533,14323,885,690,115,228,1,-1,-1,-1
533,14338,1864,467,37,164,1,-1,-1,-1
534,14212,663,487,74,176,1,-1,-1,-1
534,14236,1009,260,55,122,1,-1,-1,-1
534,14273,756,380,60,130,1,-1,-1,-1
534,14234,293,341,48,136,1,-1,-1,-1
534,14281,840,452,80,133,1,-1,-1,-1
534,14282,1032,294,57,122,1,-1,-1,-1
534,14283,852,351,92,143,1,-1,-1,-1
534,14288,1159,292,61,127,1,-1,-1,-1
534,14235,901,454,80,119,1,-1,-1,-1
534,14219,451,400,71,152,1,-1,-1,-1
534,14303,279,418,57,155,1,-1,-1,-1
534,14335,1277,420,62,157,1,-1,-1,-1
534,14336,1374,404,65,148,1,-1,-1,-1
534,14323,895,689,115,227,1,-1,-1,-1
534,14338,1860,467,40,165,1,-1,-1,-1
535,14212,661,488,76,176,1,-1,-1,-1
535,14236,1007,260,54,121,1,-1,-1,-1
535,14273,757,380,60,130,1,-1,-1,-1
535,14234,292,340,48,137,1,-1,-1,-1
535,14281,842,454,79,130,1,-1,-1,-1
535,14282,1031,292,57,123,1,-1,-1,-1
535,14283,854,350,91,142,1,-1,-1,-1
535,14288,1157,292,61,126,1,-1,-1,-1
535,14235,904,457,80,117,1,-1,-1,-1
535,14219,451,400,70,152,1,-1,-1,-1
535,14303,276,417,58,155,1,-1,-1,-1
535,14335,1275,420,62,156,1,-1,-1,-1
535,14336,1369,404,66,148,1,-1,-1,-1
535,14323,913,688,113,224,1,-1,-1,-1
535,14338,1857,467,42,165,1,-1,-1,-1
536,14212,660,491,77,173,1,-1,-1,-1
536,14236,1005,260,54,121,1,-1,-1,-1
536,14273,758,380,60,130,1,-1,-1,-1
536,14234,290,340,50,137,1,-1,-1,-1
536,14281,844,455,78,129,1,-1,-1,-1
536,14282,1031,291,56,123,1,-1,-1,-1
536,14283,857,349,90,142,1,-1,-1,-1
536,14288,1154,292,62,125,1,-1,-1,-1
536,14235,907,460,79,115,1,-1,-1,-1
536,14219,451,400,70,152,1,-1,-1,-1
536,14303,273,415,58,156,1,-1,-1,-1
536,14335,1273,420,61,154,1,-1,-1,-1
536,14336,1365,403,66,148,1,-1,-1,-1
536,14323,919,687,113,223,1,-1,-1,-1
536,14338,1853,467,44,165,1,-1,-1,-1
537,14212,659,493,78,172,1,-1,-1,-1
537,14236,1003,260,54,121,1,-1,-1,-1
537,14273,759,380,60,131,1,-1,-1,-1
537,14234,289,339,50,138,1,-1,-1,-1
537,14281,847,457,76,127,1,-1,-1,-1
537,14282,1030,289,56,125,1,-1,-1,-1
537,14283,860,348,88,141,1,-1,-1,-1
537,14288,1152,291,62,125,1,-1,-1,-1
537,14235,911,463,77,113,1,-1,-1,-1
537,14219,451,400,69,152,1,-1,-1,-1
537,14303,271,414,57,156,1,-1,-1,-1
537,14335,1270,420,61,153,1,-1,-1,-1
537,14336,1360,402,68,148,1,-1,-1,-1
537,14323,929,686,114,223,1,-1,-1,-1
537,14338,1850,467,46,166,1,-1,-1,-1
538,14212,656,496,82,170,1,-1,-1,-1
538,14236,1001,260,53,121,1,-1,-1,-1
538,14273,760,381,61,131,1,-1,-1,-1
538,14234,288,339,51,137,1,-1,-1,-1
538,14281,851,458,73,125,1,-1,-1,-1
538,14282,1030,286,54,126,1,-1,-1,-1
538,14283,864,347,85,141,1,-1,-1,-1
538,14288,1149,291,62,125,1,-1,-1,-1
538,14235,915,467,75,110,1,-1,-1,-1
538,14219,451,400,69,152,1,-1,-1,-1
538,14303,268,412,56,156,1,-1,-1,-1
538,14335,1268,420,60,152,1,-1,-1,-1
538,14336,1354,401,69,148,1,-1,-1,-1
538,14323,941,685,114,222,1,-1,-1,-1
538,14338,1845,467,49,166,1,-1,-1,-1
539,14212,656,496,84,170,1,-1,-1,-1
539,14236,999,260,53,121,1,-1,-1,-1
539,14273,761,381,61,132,1,-1,-1,-1
539,14234,286,338,52,138,1,-1,-1,-1
539,14281,852,459,72,125,1,-1,-1,-1
539,14282,1029,285,53,126,1,-1,-1,-1
539,14283,868,346,83,140,1,-1,-1,-1
539,14288,1147,290,61,125,1,-1,-1,-1
539,14235,917,468,73,110,1,-1,-1,-1
539,14219,452,400,68,152,1,-1,-1,-1
539,14303,266,411,56,156,1,-1,-1,-1
539,14335,1265,420,60,150,1,-1,-1,-1
539,14336,1351,400,69,148,1,-1,-1,-1
539,14323,953,684,116,221,1,-1,-1,-1
539,14338,1842,467,50,166,1,-1,-1,-1
540,14212,659,493,86,171,1,-1,-1,-1
540,14236,997,260,53,120,1,-1,-1,-1
540,14273,760,380,62,134,1,-1,-1,-1
540,14234,284,337,53,138,1,-1,-1,-1
540,14281,852,460,72,126,1,-1,-1,-1
540,14282,1027,286,52,124,1,-1,-1,-1
540,14283,872,345,81,139,1,-1,-1,-1
540,14288,1143,290,62,124,1,-1,-1,-1
540,14235,917,468,73,111,1,-1,-1,-1
540,14219,454,402,68,151,1,-1,-1,-1
540,14303,264,410,56,156,1,-1,-1,-1
540,14335,1261,420,59,149,1,-1,-1,-1
540,14336,1348,400,69,147,1,-1,-1,-1
540,14323,966,683,117,221,1,-1,-1,-1
540,14338,1837,467,52,166,1,-1,-1,-1
541,14212,663,490,88,172,1,-1,-1,-1
541,14236,994,260,53,119,1,-1,-1,-1
541,14273,759,380,63,135,1,-1,-1,-1
541,14234,281,337,54,137,1,-1,-1,-1
541,14281,851,461,73,129,1,-1,-1,-1
541,14282,1025,286,51,123,1,-1,-1,-1
541,14283,876,345,80,138,1,-1,-1,-1
541,14288,1140,289,62,124,1,-1,-1,-1
541,14235,916,468,74,112,1,-1,-1,-1
541,14219,456,403,68,151,1,-1,-1,-1
541,14303,263,410,55,156,1,-1,-1,-1
541,14335,1256,419,59,148,1,-1,-1,-1
541,14336,1345,401,69,145,1,-1,-1,-1
541,14323,978,682,119,220,1,-1,-1,-1
541,14338,1831,466,55,167,1,-1,-1,-1
542,14212,668,486,87,174,1,-1,-1,-1
542,14236,992,260,52,117,1,-1,-1,-1
542,14273,759,379,64,137,1,-1,-1,-1
542,14234,279,337,53,137,1,-1,-1,-1
542,14281,849,461,75,132,1,-1,-1,-1
542,14282,1022,286,50,123,1,-1,-1,-1
542,14283,881,344,78,138,1,-1,-1,-1
542,14288,1137,289,62,122,1,-1,-1,-1
542,14235,915,468,74,113,1,-1,-1,-1
542,14219,457,405,68,149,1,-1,-1,-1
542,14303,261,410,55,156,1,-1,-1,-1
542,14335,1251,418,59,147,1,-1,-1,-1
542,14336,1341,401,69,145,1,-1,-1,-1
542,14323,992,681,122,219,1,-1,-1,-1
542,14338,1826,466,56,166,1,-1,-1,-1
543,14212,673,483,87,176,1,-1,-1,-1
543,14236,989,260,52,116,1,-1,-1,-1
543,14273,758,378,65,138,1,-1,-1,-1
543,14234,276,336,53,137,1,-1,-1,-1
543,14281,847,462,77,134,1,-1,-1,-1
543,14282,1019,287,50,121,1,-1,-1,-1
543,14283,885,344,77,136,1,-1,-1,-1
543,14288,1133,288,63,122,1,-1,-1,-1
543,14235,914,468,75,114,1,-1,-1,-1
543,14219,459,407,68,149,1,-1,-1,-1
543,14303,259,410,56,156,1,-1,-1,-1
543,14335,1246,417,58,146,1,-1,-1,-1
543,14336,1338,401,69,145,1,-1,-1,-1
543,14323,1003,680,123,218,1,-1,-1,-1
543,14338,1820,465,59,168,1,-1,-1,-1
544,14212,681,478,85,178,1,-1,-1,-1
544,14236,985,260,52,114,1,-1,-1,-1
544,14273,758,377,65,141,1,-1,-1,-1
544,14234,273,336,52,135,1,-1,-1,-1
544,14281,844,463,80,139,1,-1,-1,-1
544,14282,1014,288,51,120,1,-1,-1,-1
544,14283,891,343,75,136,1,-1,-1,-1
544,14288,1128,288,63,121,1,-1,-1,-1
544,14235,913,468,76,116,1,-1,-1,-1
544,14219,462,410,67,147,1,-1,-1,-1
544,14303,256,410,56,156,1,-1,-1,-1
544,14335,1238,415,58,145,1,-1,-1,-1
544,14336,1334,402,67,143,1,-1,-1,-1
544,14323,1013,678,125,218,1,-1,-1,-1
544,14338,1811,465,63,167,1,-1,-1,-1
545,14212,685,476,83,180,1,-1,-1,-1
545,14236,984,260,51,113,1,-1,-1,-1
545,14273,758,376,65,142,1,-1,-1,-1
545,14234,272,335,51,135,1,-1,-1,-1
545,14281,844,464,81,140,1,-1,-1,-1
545,14282,1012,287,51,120,1,-1,-1,-1
545,14283,893,342,75,135,1,-1,-1,-1
545,14288,1125,287,64,121,1,-1,-1,-1
545,14235,912,468,77,117,1,-1,-1,-1
545,14219,463,411,68,147,1,-1,-1,-1
545,14303,255,409,57,156,1,-1,-1,-1
545,14335,1234,414,59,145,1,-1,-1,-1
545,14336,1332,402,67,142,1,-1,-1,-1
545,14323,1024,676,126,219,1,-1,-1,-1
545,14338,1807,464,65,167,1,-1,-1,-1
546,14212,690,475,80,179,1,-1,-1,-1
546,14236,982,260,52,113,1,-1,-1,-1
546,14273,758,376,65,142,1,-1,-1,-1
546,14234,271,335,51,134,1,-1,-1,-1
546,14281,846,465,81,141,1,-1,-1,-1
546,14282,1010,287,51,120,1,-1,-1,-1
546,14283,895,341,74,135,1,-1,-1,-1
546,14288,1121,288,65,120,1,-1,-1,-1
546,14235,913,467,79,120,1,-1,-1,-1
546,14219,465,411,69,148,1,-1,-1,-1
546,14303,255,409,57,156,1,-1,-1,-1
546,14335,1229,414,59,144,1,-1,-1,-1
546,14336,1329,403,67,142,1,-1,-1,-1
546,14323,1035,674,127,219,1,-1,-1,-1
546,14338,1802,466,66,165,1,-1,-1,-1
547,14212,694,475,78,178,1,-1,-1,-1
547,14236,980,260,52,113,1,-1,-1,-1
547,14273,758,376,66,142,1,-1,-1,-1
547,14234,269,334,51,135,1,-1,-1,-1
547,14281,847,466,82,142,1,-1,-1,-1
547,14282,1009,286,51,120,1,-1,-1,-1
547,14283,896,338,73,136,1,-1,-1,-1
547,14288,1118,288,65,119,1,-1,-1,-1
547,14235,915,467,80,123,1,-1,-1,-1
547,14219,468,411,70,148,1,-1,-1,-1
547,14303,255,409,58,155,1,-1,-1,-1
547,14335,1224,413,59,143,1,-1,-1,-1
547,14336,1326,404,67,142,1,-1,-1,-1
547,14323,1047,672,127,219,1,-1,-1,-1
547,14338,1797,469,67,161,1,-1,-1,-1
548,14212,698,475,76,177,1,-1,-1,-1
548,14236,979,259,52,114,1,-1,-1,-1
548,14273,759,376,66,141,1,-1,-1,-1
548,14234,268,334,51,135,1,-1,-1,-1
548,14281,849,467,83,144,1,-1,-1,-1
548,14282,1007,285,52,121,1,-1,-1,-1
548,14283,898,336,71,136,1,-1,-1,-1
548,14288,1113,289,66,118,1,-1,-1,-1
548,14235,918,466,80,125,1,-1,-1,-1
548,14219,470,411,71,149,1,-1,-1,-1
548,14303,255,409,58,154,1,-1,-1,-1
548,14335,1218,412,60,143,1,-1,-1,-1
548,14336,1324,406,66,141,1,-1,-1,-1
548,14323,1062,670,127,219,1,-1,-1,-1
548,14338,1791,471,68,158,1,-1,-1,-1
549,14212,701,475,76,175,1,-1,-1,-1
549,14236,977,259,53,113,1,-1,-1,-1
549,14273,760,376,65,140,1,-1,-1,-1
549,14234,266,334,51,135,1,-1,-1,-1
549,14281,852,468,83,145,1,-1,-1,-1
549,14282,1006,285,51,121,1,-1,-1,-1
549,14283,900,333,69,138,1,-1,-1,-1
549,14288,1109,290,67,117,1,-1,-1,-1
549,14235,921,466,80,128,1,-1,-1,-1
549,14219,472,411,72,150,1,-1,-1,-1
549,14303,255,409,58,154,1,-1,-1,-1
549,14335,1213,411,60,142,1,-1,-1,-1
549,14336,1321,407,65,141,1,-1,-1,-1
549,14323,1071,669,126,219,1,-1,-1,-1
549,14338,1786,474,69,154,1,-1,-1,-1
550,14212,706,475,76,173,1,-1,-1,-1
550,14236,975,258,52,114,1,-1,-1,-1
550,14273,761,375,65,140,1,-1,-1,-1
550,14234,264,334,50,134,1,-1,-1,-1
550,14281,855,471,84,146,1,-1,-1,-1
550,14282,1004,283,50,122,1,-1,-1,-1
550,14283,903,330,67,138,1,-1,-1,-1
550,14288,1103,291,67,116,1,-1,-1,-1
550,14235,925,465,81,132,1,-1,-1,-1
550,14219,476,411,72,151,1,-1,-1,-1
550,14303,255,409,58,152,1,-1,-1,-1
550,14335,1203,410,61,142,1,-1,-1,-1
550,14336,1316,409,65,140,1,-1,-1,-1
550,14323,1082,670,125,219,1,-1,-1,-1
550,14338,1778,479,69,148,1,-1,-1,-1
551,14212,708,475,76,172,1,-1,-1,-1
551,14236,974,258,53,114,1,-1,-1,-1
551,14273,761,375,66,140,1,-1,-1,-1
551,14234,264,333,50,134,1,-1,-1,-1
551,14281,857,472,83,147,1,-1,-1,-1
551,14282,1004,282,48,122,1,-1,-1,-1
551,14283,905,328,64,139,1,-1,-1,-1
551,14288,1100,291,69,116,1,-1,-1,-1
551,14235,928,465,80,134,1,-1,-1,-1
551,14219,478,411,72,152,1,-1,-1,-1
551,14303,255,409,59,151,1,-1,-1,-1
551,14335,1199,409,62,142,1,-1,-1,-1
551,14336,1315,409,64,140,1,-1,-1,-1
551,14323,1093,671,124,219,1,-1,-1,-1
551,14338,1774,480,71,147,1,-1,-1,-1
552,14212,707,474,76,172,1,-1,-1,-1
552,14236,970,258,53,114,1,-1,-1,-1
552,14273,763,376,66,138,1,-1,-1,-1
552,14234,262,334,50,134,1,-1,-1,-1
552,14281,854,476,84,149,1,-1,-1,-1
552,14282,1001,283,48,122,1,-1,-1,-1
552,14283,906,328,62,137,1,-1,-1,-1
552,14288,1097,291,70,117,1,-1,-1,-1
552,14235,929,465,81,136,1,-1,-1,-1
552,14219,482,411,72,151,1,-1,-1,-1
552,14303,254,409,59,151,1,-1,-1,-1
552,14335,1195,407,63,142,1,-1,-1,-1
552,14336,1312,409,65,140,1,-1,-1,-1
552,14323,1105,673,122,219,1,-1,-1,-1
552,14338,1771,482,73,146,1,-1,-1,-1
553,14212,706,471,75,172,1,-1,-1,-1
553,14236,966,258,53,114,1,-1,-1,-1
553,14273,767,377,66,138,1,-1,-1,-1
553,14234,260,334,51,133,1,-1,-1,-1
553,14281,847,484,86,151,1,-1,-1,-1
553,14282,998,283,48,121,1,-1,-1,-1
553,14283,907,328,60,136,1,-1,-1,-1
553,14288,1094,292,71,117,1,-1,-1,-1
553,14235,932,466,81,137,1,-1,-1,-1
553,14219,485,411,73,150,1,-1,-1,-1
553,14303,253,410,59,149,1,-1,-1,-1
553,14335,1191,404,63,143,1,-1,-1,-1
553,14336,1310,408,65,139,1,-1,-1,-1
553,14323,1116,674,120,219,1,-1,-1,-1
553,14338,1769,484,75,147,1,-1,-1,-1
554,14212,704,469,74,173,1,-1,-1,-1
554,14236,961,259,53,113,1,-1,-1,-1
554,14273,770,378,66,137,1,-1,-1,-1
554,14234,259,335,50,133,1,-1,-1,-1
554,14281,844,488,84,150,1,-1,-1,-1
554,14282,994,284,47,121,1,-1,-1,-1
554,14283,908,328,58,134,1,-1,-1,-1
554,14288,1091,292,73,118,1,-1,-1,-1
554,14235,933,467,82,139,1,-1,-1,-1
554,14219,490,410,73,148,1,-1,-1,-1
554,14303,251,411,60,148,1,-1,-1,-1
554,14335,1187,400,64,144,1,-1,-1,-1
554,14336,1307,407,66,139,1,-1,-1,-1
554,14323,1132,677,118,219,1,-1,-1,-1
554,14338,1767,486,76,148,1,-1,-1,-1
555,14212,702,466,74,173,1,-1,-1,-1
555,14236,957,259,52,113,1,-1,-1,-1
555,14273,775,378,65,137,1,-1,-1,-1
555,14234,256,335,52,133,1,-1,-1,-1
555,14281,841,492,83,147,1,-1,-1,-1
555,14282,990,284,46,121,1,-1,-1,-1
555,14283,908,328,57,132,1,-1,-1,-1
555,14288,1088,291,74,119,1,-1,-1,-1
555,14235,934,468,84,140,1,-1,-1,-1
555,14219,494,410,74,146,1,-1,-1,-1
555,14303,249,412,60,147,1,-1,-1,-1
555,14335,1184,396,62,146,1,-1,-1,-1
555,14336,1305,407,65,138,1,-1,-1,-1
555,14323,1141,677,116,219,1,-1,-1,-1
555,14338,1766,488,76,149,1,-1,-1,-1
556,14212,701,464,72,173,1,-1,-1,-1
556,14236,952,260,53,113,1,-1,-1,-1
556,14273,779,379,65,136,1,-1,-1,-1
556,14234,255,336,51,131,1,-1,-1,-1
556,14281,839,495,80,143,1,-1,-1,-1
556,14282,986,285,47,120,1,-1,-1,-1
556,14283,909,328,56,130,1,-1,-1,-1
556,14288,1085,291,75,119,1,-1,-1,-1
556,14235,935,469,87,141,1,-1,-1,-1
556,14219,498,410,75,144,1,-1,-1,-1
556,14303,247,413,61,146,1,-1,-1,-1
556,14335,1180,393,62,146,1,-1,-1,-1
556,14336,1301,406,67,138,1,-1,-1,-1
556,14323,1151,677,114,219,1,-1,-1,-1
556,14338,1765,489,76,150,1,-1,-1,-1
557,14212,699,461,71,174,1,-1,-1,-1
557,14236,947,260,53,113,1,-1,-1,-1
557,14273,784,380,64,135,1,-1,-1,-1
557,14234,252,336,52,131,1,-1,-1,-1
557,14281,836,499,77,138,1,-1,-1,-1
557,14282,981,286,47,119,1,-1,-1,-1
557,14283,909,328,56,127,1,-1,-1,-1
557,14288,1082,291,76,120,1,-1,-1,-1
557,14235,936,470,90,143,1,-1,-1,-1
557,14219,502,410,76,142,1,-1,-1,-1
557,14303,245,413,61,145,1,-1,-1,-1
557,14335,1176,389,61,147,1,-1,-1,-1
557,14336,1298,405,68,137,1,-1,-1,-1
557,14323,1162,676,112,219,1,-1,-1,-1
557,14338,1764,491,76,151,1,-1,-1,-1
558,14212,699,460,68,173,1,-1,-1,-1
558,14236,942,261,53,112,1,-1,-1,-1
558,14273,786,381,64,136,1,-1,-1,-1
558,14234,252,336,52,130,1,-1,-1,-1
558,14281,832,500,77,137,1,-1,-1,-1
558,14282,978,286,47,119,1,-1,-1,-1
558,14283,910,327,56,126,1,-1,-1,-1
558,14288,1080,291,76,120,1,-1,-1,-1
558,14235,936,471,92,144,1,-1,-1,-1
558,14219,506,410,77,142,1,-1,-1,-1
558,14303,243,414,62,143,1,-1,-1,-1
558,14335,1172,388,60,147,1,-1,-1,-1
558,14336,1297,405,69,137,1,-1,-1,-1
558,14323,1172,675,111,219,1,-1,-1,-1
558,14338,1760,493,76,152,1,-1,-1,-1
559,14212,698,460,67,171,1,-1,-1,-1
559,14236,937,261,53,112,1,-1,-1,-1
559,14273,788,382,64,136,1,-1,-1,-1
559,14234,251,336,53,130,1,-1,-1,-1
559,14281,827,500,79,138,1,-1,-1,-1
559,14282,975,286,47,118,1,-1,-1,-1
559,14283,911,325,57,126,1,-1,-1,-1
559,14288,1078,290,76,121,1,-1,-1,-1
559,14235,936,471,94,145,1,-1,-1,-1
559,14219,509,410,78,141,1,-1,-1,-1
559,14303,242,413,63,144,1,-1,-1,-1
559,14335,1168,388,59,146,1,-1,-1,-1
559,14336,1297,405,70,137,1,-1,-1,-1
559,14323,1183,674,110,219,1,-1,-1,-1
559,14338,1755,494,76,153,1,-1,-1,-1
560,14212,697,460,65,170,1,-1,-1,-1
560,14236,931,262,54,111,1,-1,-1,-1
560,14273,790,383,64,135,1,-1,-1,-1
560,14234,251,335,52,129,1,-1,-1,-1
560,14281,818,500,83,141,1,-1,-1,-1
560,14282,972,285,48,118,1,-1,-1,-1
560,14283,913,323,57,126,1,-1,-1,-1
560,14288,1075,289,78,121,1,-1,-1,-1
560,14235,936,471,95,145,1,-1,-1,-1
560,14219,513,409,77,142,1,-1,-1,-1
560,14303,241,413,64,143,1,-1,-1,-1
560,14335,1162,388,58,146,1,-1,-1,-1
560,14336,1297,405,71,137,1,-1,-1,-1
560,14323,1200,672,109,219,1,-1,-1,-1
560,14338,1749,495,76,154,1,-1,-1,-1
561,14212,697,460,63,169,1,-1,-1,-1
561,14236,924,262,55,111,1,-1,-1,-1
561,14273,792,383,64,137,1,-1,-1,-1
561,14234,251,334,52,129,1,-1,-1,-1
561,14281,815,500,84,142,1,-1,-1,-1
561,14282,969,285,48,117,1,-1,-1,-1
561,14283,915,321,57,126,1,-1,-1,-1
561,14288,1073,288,78,121,1,-1,-1,-1
561,14235,936,471,97,146,1,-1,-1,-1
561,14219,517,409,77,141,1,-1,-1,-1
561,14303,240,412,64,143,1,-1,-1,-1
561,14335,1157,389,57,143,1,-1,-1,-1
561,14336,1298,406,71,136,1,-1,-1,-1
561,14323,1207,672,108,219,1,-1,-1,-1
561,14338,1743,497,76,154,1,-1,-1,-1
562,14212,696,460,62,167,1,-1,-1,-1
562,14236,918,262,55,111,1,-1,-1,-1
562,14273,794,384,63,137,1,-1,-1,-1
562,14234,251,333,51,129,1,-1,-1,-1
562,14281,811,497,87,144,1,-1,-1,-1
562,14282,966,284,49,118,1,-1,-1,-1
562,14283,917,319,57,127,1,-1,-1,-1
562,14288,1071,288,78,121,1,-1,-1,-1
562,14235,937,471,98,147,1,-1,-1,-1
562,14219,521,408,75,141,1,-1,-1,-1
562,14303,240,411,64,143,1,-1,-1,-1
562,14335,1150,389,58,143,1,-1,-1,-1
562,14336,1299,406,71,136,1,-1,-1,-1
562,14323,1218,673,108,218,1,-1,-1,-1
562,14338,1737,498,77,155,1,-1,-1,-1
563,14212,694,460,61,166,1,-1,-1,-1
563,14236,911,262,55,111,1,-1,-1,-1
563,14273,796,385,63,138,1,-1,-1,-1
563,14234,251,331,51,128,1,-1,-1,-1
563,14281,804,495,90,146,1,-1,-1,-1
563,14282,963,284,48,117,1,-1,-1,-1
563,14283,920,316,56,127,1,-1,-1,-1
563,14288,1068,287,78,120,1,-1,-1,-1
563,14235,937,471,99,148,1,-1,-1,-1
563,14219,527,408,73,140,1,-1,-1,-1
563,14303,239,410,64,142,1,-1,-1,-1
563,14335,1143,390,58,141,1,-1,-1,-1
563,14336,1301,407,70,136,1,-1,-1,-1
563,14323,1231,674,107,217,1,-1,-1,-1
563,14338,1729,499,77,157,1,-1,-1,-1
564,14212,694,459,60,165,1,-1,-1,-1
564,14236,907,262,56,111,1,-1,-1,-1
564,14273,798,386,63,137,1,-1,-1,-1
564,14234,252,331,49,127,1,-1,-1,-1
564,14281,804,494,91,146,1,-1,-1,-1
564,14282,961,283,48,117,1,-1,-1,-1
564,14283,923,315,56,126,1,-1,-1,-1
564,14288,1067,286,78,121,1,-1,-1,-1
564,14235,939,471,99,147,1,-1,-1,-1
564,14219,531,407,71,141,1,-1,-1,-1
564,14303,239,410,64,141,1,-1,-1,-1
564,14335,1140,390,58,140,1,-1,-1,-1
564,14336,1302,407,70,136,1,-1,-1,-1
564,14323,1244,675,107,215,1,-1,-1,-1
564,14338,1724,500,78,158,1,-1,-1,-1
565,14212,694,459,59,164,1,-1,-1,-1
565,14236,904,263,57,110,1,-1,-1,-1
565,14273,799,385,63,139,1,-1,-1,-1
565,14234,254,330,49,128,1,-1,-1,-1
565,14281,806,493,93,147,1,-1,-1,-1
565,14282,959,283,48,116,1,-1,-1,-1
565,14283,926,313,55,127,1,-1,-1,-1
565,14288,1066,286,78,120,1,-1,-1,-1
565,14235,943,471,97,147,1,-1,-1,-1
565,14219,535,406,69,140,1,-1,-1,-1
565,14303,238,409,64,142,1,-1,-1,-1
565,14335,1139,387,58,140,1,-1,-1,-1
565,14336,1304,405,70,136,1,-1,-1,-1
565,14323,1257,677,108,213,1,-1,-1,-1
565,14338,1719,500,79,159,1,-1,-1,-1
566,14212,693,457,60,165,1,-1,-1,-1
566,14236,902,263,56,110,1,-1,-1,-1
566,14273,801,385,63,139,1,-1,-1,-1
566,14234,255,330,48,127,1,-1,-1,-1
566,14281,810,493,92,146,1,-1,-1,-1
566,14282,957,282,48,116,1,-1,-1,-1
566,14283,931,313,54,126,1,-1,-1,-1
566,14288,1065,286,79,120,1,-1,-1,-1
566,14235,947,472,97,145,1,-1,-1,-1
566,14219,539,405,67,139,1,-1,-1,-1
566,14303,238,409,63,141,1,-1,-1,-1
566,14335,1138,384,59,140,1,-1,-1,-1
566,14336,1306,403,70,137,1,-1,-1,-1
566,14323,1271,678,107,212,1,-1,-1,-1
566,14338,1715,501,79,161,1,-1,-1,-1
567,14212,693,456,60,164,1,-1,-1,-1
567,14236,899,263,56,109,1,-1,-1,-1
567,14273,804,384,63,141,1,-1,-1,-1
567,14234,256,330,49,126,1,-1,-1,-1
567,14281,815,493,91,145,1,-1,-1,-1
567,14282,955,282,48,115,1,-1,-1,-1
567,14283,935,312,54,126,1,-1,-1,-1
567,14288,1065,286,78,120,1,-1,-1,-1
567,14235,952,473,94,143,1,-1,-1,-1
567,14219,543,404,65,138,1,-1,-1,-1
567,14303,237,408,63,142,1,-1,-1,-1
567,14335,1138,381,58,139,1,-1,-1,-1
567,14336,1307,401,71,137,1,-1,-1,-1
567,14323,1286,680,108,210,1,-1,-1,-1
567,14338,1711,501,80,163,1,-1,-1,-1
568,14212,693,455,61,163,1,-1,-1,-1
568,14236,897,263,55,109,1,-1,-1,-1
568,14273,805,384,64,141,1,-1,-1,-1
568,14234,257,330,49,125,1,-1,-1,-1
568,14281,820,493,90,144,1,-1,-1,-1
568,14282,953,282,48,113,1,-1,-1,-1
568,14283,938,311,54,126,1,-1,-1,-1
568,14288,1064,286,79,120,1,-1,-1,-1
568,14235,957,474,93,141,1,-1,-1,-1
568,14219,547,403,63,137,1,-1,-1,-1
568,14303,237,408,63,141,1,-1,-1,-1
568,14335,1138,378,57,138,1,-1,-1,-1
568,14336,1310,399,70,137,1,-1,-1,-1
568,14323,1294,680,109,210,1,-1,-1,-1
568,14338,1706,502,81,165,1,-1,-1,-1
569,14212,693,453,62,164,1,-1,-1,-1
569,14236,893,263,55,108,1,-1,-1,-1
569,14273,808,383,64,142,1,-1,-1,-1
569,14234,259,330,50,125,1,-1,-1,-1
569,14281,828,492,88,144,1,-1,-1,-1
569,14282,950,281,48,113,1,-1,-1,-1
569,14283,944,310,54,125,1,-1,-1,-1
569,14288,1063,286,79,120,1,-1,-1,-1
569,14235,964,475,91,138,1,-1,-1,-1
569,14219,553,402,61,135,1,-1,-1,-1
569,14303,236,408,63,141,1,-1,-1,-1
569,14335,1139,373,55,137,1,-1,-1,-1
569,14336,1312,397,71,137,1,-1,-1,-1
569,14323,1300,678,109,210,1,-1,-1,-1
569,14338,1699,503,82,168,1,-1,-1,-1
570,14212,692,452,63,163,1,-1,-1,-1
570,14236,891,263,55,108,1,-1,-1,-1
570,14273,809,383,64,143,1,-1,-1,-1
570,14234,258,330,51,124,1,-1,-1,-1
570,14281,831,492,87,143,1,-1,-1,-1
570,14282,948,281,48,112,1,-1,-1,-1
570,14283,946,309,54,125,1,-1,-1,-1
570,14288,1062,286,79,120,1,-1,-1,-1
570,14235,967,476,90,138,1,-1,-1,-1
570,14219,555,401,61,135,1,-1,-1,-1
570,14303,236,407,61,141,1,-1,-1,-1
570,14335,1138,371,54,137,1,-1,-1,-1
570,14336,1313,395,71,138,1,-1,-1,-1
570,14323,1305,677,110,210,1,-1,-1,-1
570,14338,1696,504,82,169,1,-1,-1,-1
570,14340,924,651,32,22,1,-1,-1,-1
571,14212,688,451,64,163,1,-1,-1,-1
571,14236,887,262,54,108,1,-1,-1,-1
571,14273,809,383,65,144,1,-1,-1,-1
571,14234,256,330,51,124,1,-1,-1,-1
571,14281,835,492,86,143,1,-1,-1,-1
571,14282,945,281,48,111,1,-1,-1,-1
571,14283,947,308,54,124,1,-1,-1,-1
571,14288,1059,286,79,120,1,-1,-1,-1
571,14235,968,476,89,138,1,-1,-1,-1
571,14219,556,398,60,137,1,-1,-1,-1
571,14303,233,407,62,141,1,-1,-1,-1
571,14335,1135,371,53,136,1,-1,-1,-1
571,14336,1312,392,71,139,1,-1,-1,-1
571,14323,1311,676,110,210,1,-1,-1,-1
571,14338,1692,505,83,168,1,-1,-1,-1
572,14212,684,450,64,162,1,-1,-1,-1
572,14236,882,262,53,107,1,-1,-1,-1
572,14273,810,384,63,143,1,-1,-1,-1
572,14234,253,330,51,123,1,-1,-1,-1
572,14281,837,492,87,143,1,-1,-1,-1
572,14282,942,280,48,111,1,-1,-1,-1
572,14283,948,306,53,125,1,-1,-1,-1
572,14288,1055,286,80,119,1,-1,-1,-1
572,14235,969,478,89,138,1,-1,-1,-1
572,14219,556,396,60,137,1,-1,-1,-1
572,14303,231,406,62,141,1,-1,-1,-1
572,14335,1131,371,53,135,1,-1,-1,-1
572,14336,1310,390,72,140,1,-1,-1,-1
572,14323,1316,675,110,210,1,-1,-1,-1
572,14338,1688,507,83,166,1,-1,-1,-1
573,14212,680,450,64,160,1,-1,-1,-1
573,14236,875,261,54,107,1,-1,-1,-1
573,14273,810,385,63,142,1,-1,-1,-1
573,14234,249,329,51,124,1,-1,-1,-1
573,14281,841,492,88,142,1,-1,-1,-1
573,14282,938,280,49,110,1,-1,-1,-1
573,14283,948,304,53,125,1,-1,-1,-1
573,14288,1051,285,80,120,1,-1,-1,-1
573,14235,970,479,88,139,1,-1,-1,-1
573,14219,556,394,60,138,1,-1,-1,-1
573,14303,228,405,62,142,1,-1,-1,-1
573,14335,1126,372,53,134,1,-1,-1,-1
573,14336,1308,387,72,140,1,-1,-1,-1
573,14323,1324,673,108,210,1,-1,-1,-1
573,14338,1684,509,84,165,1,-1,-1,-1
573,14343,1898,235,15,82,1,-1,-1,-1
574,14212,676,449,63,159,1,-1,-1,-1
574,14236,869,261,53,106,1,-1,-1,-1
574,14273,810,385,62,143,1,-1,-1,-1
574,14234,247,328,50,124,1,-1,-1,-1
574,14281,844,492,90,142,1,-1,-1,-1
574,14282,935,279,48,111,1,-1,-1,-1
574,14283,948,302,53,124,1,-1,-1,-1
574,14288,1047,284,79,120,1,-1,-1,-1
574,14235,971,480,88,139,1,-1,-1,-1
574,14219,555,391,61,140,1,-1,-1,-1
574,14303,225,404,62,143,1,-1,-1,-1
574,14335,1121,372,54,133,1,-1,-1,-1
574,14336,1306,384,72,141,1,-1,-1,-1
574,14323,1327,673,109,209,1,-1,-1,-1
574,14338,1679,511,85,163,1,-1,-1,-1
574,14343,1892,232,16,85,1,-1,-1,-1
575,14212,669,449,62,156,1,-1,-1,-1
575,14236,860,260,52,106,1,-1,-1,-1
575,14273,811,387,62,142,1,-1,-1,-1
575,14234,242,327,49,124,1,-1,-1,-1
575,14281,847,492,94,142,1,-1,-1,-1
575,14282,929,279,48,110,1,-1,-1,-1
575,14283,949,298,52,124,1,-1,-1,-1
575,14288,1040,284,80,120,1,-1,-1,-1
575,14235,972,482,87,140,1,-1,-1,-1
575,14219,555,388,62,141,1,-1,-1,-1
575,14303,220,403,63,143,1,-1,-1,-1
575,14335,1114,372,54,131,1,-1,-1,-1
575,14336,1303,380,71,142,1,-1,-1,-1
575,14323,1330,672,109,209,1,-1,-1,-1
575,14338,1672,514,86,161,1,-1,-1,-1
575,14343,1880,226,18,88,1,-1,-1,-1
576,14212,666,448,62,155,1,-1,-1,-1
576,14236,856,260,52,105,1,-1,-1,-1
576,14273,811,387,61,143,1,-1,-1,-1
576,14234,240,326,48,124,1,-1,-1,-1
576,14281,847,492,97,141,1,-1,-1,-1
576,14282,927,278,48,111,1,-1,-1,-1
576,14283,949,297,52,124,1,-1,-1,-1
576,14288,1037,283,80,120,1,-1,-1,-1
576,14235,972,483,86,139,1,-1,-1,-1
576,14219,554,386,62,141,1,-1,-1,-1
576,14303,217,402,63,143,1,-1,-1,-1
576,14335,1110,372,55,131,1,-1,-1,-1
576,14336,1302,378,70,143,1,-1,-1,-1
576,14323,1333,672,110,208,1,-1,-1,-1
576,14338,1667,516,89,159,1,-1,-1,-1
576,14343,1875,224,20,89,1,-1,-1,-1
576,14346,1067,698,32,24,1,-1,-1,-1
577,14212,661,447,62,155,1,-1,-1,-1
577,14236,847,259,52,105,1,-1,-1,-1
577,14273,809,387,59,142,1,-1,-1,-1
577,14234,237,326,46,123,1,-1,-1,-1
577,14281,849,490,99,143,1,-1,-1,-1
577,14282,920,278,48,111,1,-1,-1,-1
577,14283,947,296,51,123,1,-1,-1,-1
577,14288,1033,284,78,119,1,-1,-1,-1
577,14235,971,483,85,140,1,-1,-1,-1
577,14219,550,383,61,141,1,-1,-1,-1
577,14303,210,402,64,143,1,-1,-1,-1
577,14335,1103,369,56,131,1,-1,-1,-1
577,14336,1297,378,68,140,1,-1,-1,-1
577,14323,1335,672,111,207,1,-1,-1,-1
577,14338,1657,518,90,157,1,-1,-1,-1
577,14343,1858,223,22,90,1,-1,-1,-1
578,14212,655,446,62,155,1,-1,-1,-1
578,14236,837,258,52,104,1,-1,-1,-1
578,14273,805,387,59,142,1,-1,-1,-1
578,14234,232,325,46,123,1,-1,-1,-1
578,14281,851,488,101,143,1,-1,-1,-1
578,14282,912,277,47,111,1,-1,-1,-1
578,14283,943,296,51,121,1,-1,-1,-1
578,14288,1026,285,77,117,1,-1,-1,-1
578,14235,969,483,85,140,1,-1,-1,-1
578,14219,545,381,61,141,1,-1,-1,-1
578,14303,202,402,63,143,1,-1,-1,-1
578,14335,1096,366,56,132,1,-1,-1,-1
578,14336,1291,378,66,136,1,-1,-1,-1
578,14323,1337,672,113,206,1,-1,-1,-1
578,14338,1643,519,92,157,1,-1,-1,-1
578,14343,1834,222,22,89,1,-1,-1,-1
579,14212,649,446,61,153,1,-1,-1,-1
579,14236,826,257,51,103,1,-1,-1,-1
579,14273,801,386,58,142,1,-1,-1,-1
579,14234,226,325,47,121,1,-1,-1,-1
579,14281,854,486,103,144,1,-1,-1,-1
579,14282,904,277,46,109,1,-1,-1,-1
579,14283,939,295,50,119,1,-1,-1,-1
579,14288,1021,286,74,116,1,-1,-1,-1
579,14235,968,483,83,140,1,-1,-1,-1
579,14219,539,378,60,140,1,-1,-1,-1
579,14303,193,401,63,143,1,-1,-1,-1
579,14335,1088,363,56,132,1,-1,-1,-1
579,14336,1284,378,65,133,1,-1,-1,-1
579,14323,1340,672,116,204,1,-1,-1,-1
579,14338,1629,521,92,154,1,-1,-1,-1
579,14343,1817,222,24,88,1,-1,-1,-1
580,14212,643,445,61,153,1,-1,-1,-1
580,14236,814,256,51,102,1,-1,-1,-1
580,14273,796,386,58,142,1,-1,-1,-1
580,14234,221,324,47,121,1,-1,-1,-1
580,14281,857,484,103,144,1,-1,-1,-1
580,14282,895,276,46,109,1,-1,-1,-1
580,14283,934,294,50,117,1,-1,-1,-1
580,14288,1015,287,72,114,1,-1,-1,-1
580,14235,966,483,82,139,1,-1,-1,-1
580,14219,534,375,58,140,1,-1,-1,-1
580,14303,183,401,64,142,1,-1,-1,-1
580,14335,1081,360,55,132,1,-1,-1,-1
580,14336,1276,378,64,131,1,-1,-1,-1
580,14323,1340,672,119,203,1,-1,-1,-1
580,14338,1615,522,92,154,1,-1,-1,-1
580,14343,1799,222,26,87,1,-1,-1,-1
581,14212,637,444,60,152,1,-1,-1,-1
581,14236,803,255,51,101,1,-1,-1,-1
581,14273,791,386,57,142,1,-1,-1,-1
581,14234,215,324,49,119,1,-1,-1,-1
581,14281,860,482,103,145,1,-1,-1,-1
581,14282,886,276,45,108,1,-1,-1,-1
581,14283,930,294,50,115,1,-1,-1,-1
581,14288,1009,288,69,112,1,-1,-1,-1
581,14235,964,483,81,139,1,-1,-1,-1
581,14219,528,372,58,139,1,-1,-1,-1
581,14303,174,401,63,141,1,-1,-1,-1
581,14335,1073,357,55,133,1,-1,-1,-1
581,14336,1269,379,62,126,1,-1,-1,-1
581,14323,1337,670,122,203,1,-1,-1,-1
581,14338,1601,524,92,152,1,-1,-1,-1
581,14343,1782,222,27,86,1,-1,-1,-1
582,14212,630,443,60,152,1,-1,-1,-1
582,14236,791,254,50,99,1,-1,-1,-1
582,14273,786,385,57,142,1,-1,-1,-1
582,14234,209,323,49,118,1,-1,-1,-1
582,14281,864,480,103,145,1,-1,-1,-1
582,14282,877,275,44,108,1,-1,-1,-1
582,14283,925,293,50,113,1,-1,-1,-1
582,14288,1003,289,66,110,1,-1,-1,-1
582,14235,962,483,80,139,1,-1,-1,-1
582,14219,523,368,55,138,1,-1,-1,-1
582,14303,163,400,64,141,1,-1,-1,-1
582,14335,1065,353,54,133,1,-1,-1,-1
582,14336,1260,379,61,122,1,-1,-1,-1
582,14323,1334,668,123,203,1,-1,-1,-1
582,14338,1585,526,92,151,1,-1,-1,-1
582,14343,1763,222,28,86,1,-1,-1,-1
583,14212,624,443,61,151,1,-1,-1,-1
583,14236,782,253,49,100,1,-1,-1,-1
583,14273,783,386,55,141,1,-1,-1,-1
583,14234,203,323,51,117,1,-1,-1,-1
583,14281,869,479,102,145,1,-1,-1,-1
583,14282,870,275,44,107,1,-1,-1,-1
583,14283,920,292,52,113,1,-1,-1,-1
583,14288,997,289,65,110,1,-1,-1,-1
583,14235,962,482,79,140,1,-1,-1,-1
583,14219,520,368,53,136,1,-1,-1,-1
583,14303,156,400,63,141,1,-1,-1,-1
583,14335,1059,353,52,132,1,-1,-1,-1
583,14336,1254,380,61,120,1,-1,-1,-1
583,14323,1331,666,124,203,1,-1,-1,-1
583,14338,1576,527,91,150,1,-1,-1,-1
583,14343,1748,222,30,85,1,-1,-1,-1
584,14212,619,443,61,150,1,-1,-1,-1
584,14236,773,254,49,100,1,-1,-1,-1
584,14273,780,388,55,140,1,-1,-1,-1
584,14234,198,323,51,117,1,-1,-1,-1
584,14281,874,477,102,145,1,-1,-1,-1
584,14282,864,276,44,107,1,-1,-1,-1
584,14283,916,291,52,113,1,-1,-1,-1
584,14288,991,290,63,110,1,-1,-1,-1
584,14235,962,482,78,140,1,-1,-1,-1
584,14219,517,369,52,135,1,-1,-1,-1
584,14303,149,400,63,141,1,-1,-1,-1
584,14335,1053,353,51,130,1,-1,-1,-1
584,14336,1249,382,60,117,1,-1,-1,-1
584,14323,1329,664,123,203,1,-1,-1,-1
584,14338,1567,527,91,150,1,-1,-1,-1
584,14343,1733,222,32,85,1,-1,-1,-1
585,14212,613,444,62,149,1,-1,-1,-1
585,14236,765,254,49,100,1,-1,-1,-1
585,14273,776,390,55,140,1,-1,-1,-1
585,14234,192,324,52,117,1,-1,-1,-1
585,14281,880,476,102,144,1,-1,-1,-1
585,14282,857,276,44,106,1,-1,-1,-1
585,14283,912,290,52,114,1,-1,-1,-1
585,14288,984,290,62,110,1,-1,-1,-1
585,14235,963,481,78,141,1,-1,-1,-1
585,14219,515,370,51,133,1,-1,-1,-1
585,14303,142,401,64,141,1,-1,-1,-1
585,14335,1046,353,51,130,1,-1,-1,-1
585,14336,1243,383,61,115,1,-1,-1,-1
585,14323,1325,661,122,203,1,-1,-1,-1
585,14338,1560,528,91,151,1,-1,-1,-1
585,14343,1719,222,33,85,1,-1,-1,-1
586,14212,607,445,63,148,1,-1,-1,-1
586,14236,756,254,49,101,1,-1,-1,-1
586,14273,772,393,55,139,1,-1,-1,-1
586,14234,186,324,52,117,1,-1,-1,-1
586,14281,887,474,101,144,1,-1,-1,-1
586,14282,850,277,45,106,1,-1,-1,-1
586,14283,909,289,52,114,1,-1,-1,-1
586,14288,976,290,62,111,1,-1,-1,-1
586,14235,963,480,79,141,1,-1,-1,-1
586,14219,512,371,50,132,1,-1,-1,-1
586,14303,135,401,63,141,1,-1,-1,-1
586,14335,1039,354,51,129,1,-1,-1,-1
586,14336,1238,386,62,112,1,-1,-1,-1
586,14323,1325,660,119,202,1,-1,-1,-1
586,14338,1553,528,89,152,1,-1,-1,-1
586,14343,1705,222,34,85,1,-1,-1,-1
587,14212,601,446,64,146,1,-1,-1,-1
587,14236,748,255,48,101,1,-1,-1,-1
587,14273,768,395,55,139,1,-1,-1,-1
587,14234,181,324,51,117,1,-1,-1,-1
587,14281,893,472,100,143,1,-1,-1,-1
587,14282,844,278,45,105,1,-1,-1,-1
587,14283,905,288,52,114,1,-1,-1,-1
587,14288,969,289,62,112,1,-1,-1,-1
587,14235,964,479,79,142,1,-1,-1,-1
587,14219,509,372,49,130,1,-1,-1,-1
587,14303,128,401,63,141,1,-1,-1,-1
587,14335,1032,355,51,127,1,-1,-1,-1
587,14336,1232,388,63,110,1,-1,-1,-1
587,14323,1325,660,118,201,1,-1,-1,-1
587,14338,1546,529,88,152,1,-1,-1,-1
587,14343,1690,223,36,86,1,-1,-1,-1
588,14212,594,448,65,144,1,-1,-1,-1
588,14236,738,255,46,101,1,-1,-1,-1
588,14273,763,398,56,138,1,-1,-1,-1
588,14234,175,325,50,117,1,-1,-1,-1
588,14281,900,470,101,143,1,-1,-1,-1
588,14282,836,278,45,105,1,-1,-1,-1
588,14283,901,287,50,114,1,-1,-1,-1
588,14288,959,289,63,113,1,-1,-1,-1
588,14235,963,478,81,143,1,-1,-1,-1
588,14219,506,374,48,128,1,-1,-1,-1
588,14303,119,402,62,141,1,-1,-1,-1
588,14335,1023,357,52,125,1,-1,-1,-1
588,14336,1225,390,64,106,1,-1,-1,-1
588,14323,1326,661,117,199,1,-1,-1,-1
588,14338,1537,529,86,154,1,-1,-1,-1
588,14343,1672,223,37,86,1,-1,-1,-1
589,14212,591,448,67,144,1,-1,-1,-1
589,14236,732,256,45,101,1,-1,-1,-1
589,14273,761,400,57,138,1,-1,-1,-1
589,14234,173,325,50,117,1,-1,-1,-1
589,14281,906,470,101,142,1,-1,-1,-1
589,14282,831,279,46,105,1,-1,-1,-1
589,14283,899,287,50,114,1,-1,-1,-1
589,14288,955,290,62,114,1,-1,-1,-1
589,14235,965,478,81,143,1,-1,-1,-1
589,14219,504,375,48,127,1,-1,-1,-1
589,14303,116,403,61,140,1,-1,-1,-1
589,14335,1019,357,53,124,1,-1,-1,-1
589,14336,1222,391,66,106,1,-1,-1,-1
589,14323,1328,662,115,197,1,-1,-1,-1
589,14338,1531,530,85,155,1,-1,-1,-1
589,14343,1661,224,38,86,1,-1,-1,-1
590,14212,591,449,67,142,1,-1,-1,-1
590,14236,728,258,43,100,1,-1,-1,-1
590,14273,760,401,57,138,1,-1,-1,-1
590,14234,173,326,49,117,1,-1,-1,-1
590,14281,912,470,100,141,1,-1,-1,-1
590,14282,826,280,46,104,1,-1,-1,-1
590,14283,899,288,49,113,1,-1,-1,-1
590,14288,953,292,62,113,1,-1,-1,-1
590,14235,967,479,82,143,1,-1,-1,-1
590,14219,503,375,48,127,1,-1,-1,-1
590,14303,113,404,61,140,1,-1,-1,-1
590,14335,1016,357,53,123,1,-1,-1,-1
590,14336,1220,392,69,106,1,-1,-1,-1
590,14323,1328,663,115,196,1,-1,-1,-1
590,14338,1523,532,84,156,1,-1,-1,-1
590,14343,1651,225,39,85,1,-1,-1,-1
591,14212,593,451,67,141,1,-1,-1,-1
591,14236,724,259,42,99,1,-1,-1,-1
591,14273,758,402,58,140,1,-1,-1,-1
591,14234,175,327,49,117,1,-1,-1,-1
591,14281,919,471,99,139,1,-1,-1,-1
591,14282,822,282,46,104,1,-1,-1,-1
591,14283,900,289,48,112,1,-1,-1,-1
591,14288,952,294,61,112,1,-1,-1,-1
591,14235,970,479,83,143,1,-1,-1,-1
591,14219,501,375,48,126,1,-1,-1,-1
591,14303,111,406,60,139,1,-1,-1,-1
591,14335,1014,356,54,123,1,-1,-1,-1
591,14336,1218,392,71,107,1,-1,-1,-1
591,14323,1329,664,115,194,1,-1,-1,-1
591,14338,1515,534,84,157,1,-1,-1,-1
591,14343,1641,227,40,84,1,-1,-1,-1
592,14212,595,452,66,140,1,-1,-1,-1
592,14236,719,261,42,98,1,-1,-1,-1
592,14273,757,402,59,141,1,-1,-1,-1
592,14234,176,328,50,116,1,-1,-1,-1
592,14281,926,472,98,138,1,-1,-1,-1
592,14282,818,283,46,103,1,-1,-1,-1
592,14283,901,290,47,111,1,-1,-1,-1
592,14288,951,296,60,110,1,-1,-1,-1
592,14235,974,480,83,143,1,-1,-1,-1
592,14219,499,374,48,126,1,-1,-1,-1
592,14303,109,407,59,139,1,-1,-1,-1
592,14335,1012,356,54,122,1,-1,-1,-1
592,14336,1217,393,72,108,1,-1,-1,-1
592,14323,1330,665,114,192,1,-1,-1,-1
592,14338,1507,536,83,157,1,-1,-1,-1
592,14343,1632,229,39,83,1,-1,-1,-1
593,14212,597,453,65,138,1,-1,-1,-1
593,14236,715,262,40,97,1,-1,-1,-1
593,14273,757,403,58,142,1,-1,-1,-1
593,14234,177,329,50,116,1,-1,-1,-1
593,14281,933,473,96,136,1,-1,-1,-1
593,14282,814,284,46,103,1,-1,-1,-1
593,14283,901,291,47,110,1,-1,-1,-1
593,14288,951,298,59,109,1,-1,-1,-1
593,14235,977,481,85,143,1,-1,-1,-1
593,14219,497,374,49,126,1,-1,-1,-1
593,14303,107,409,58,138,1,-1,-1,-1
593,14335,1011,355,54,122,1,-1,-1,-1
593,14336,1216,394,74,109,1,-1,-1,-1
593,14323,1329,666,115,191,1,-1,-1,-1
593,14338,1498,538,84,158,1,-1,-1,-1
593,14343,1622,231,40,83,1,-1,-1,-1
594,14212,601,455,63,136,1,-1,-1,-1
594,14236,709,265,39,95,1,-1,-1,-1
594,14273,755,404,58,144,1,-1,-1,-1
594,14234,178,331,52,116,1,-1,-1,-1
594,14281,943,474,94,135,1,-1,-1,-1
594,14282,807,286,46,102,1,-1,-1,-1
594,14283,902,293,46,107,1,-1,-1,-1
594,14288,950,301,58,109,1,-1,-1,-1
594,14235,982,482,86,143,1,-1,-1,-1
594,14219,495,374,48,125,1,-1,-1,-1
594,14303,105,411,56,138,1,-1,-1,-1
594,14335,1008,354,54,122,1,-1,-1,-1
594,14336,1215,395,74,110,1,-1,-1,-1
594,14323,1329,666,114,190,1,-1,-1,-1
594,14338,1485,541,86,159,1,-1,-1,-1
594,14343,1608,233,40,83,1,-1,-1,-1
595,14212,602,456,63,136,1,-1,-1,-1
595,14236,706,265,39,95,1,-1,-1,-1
595,14273,756,404,57,144,1,-1,-1,-1
595,14234,178,332,53,115,1,-1,-1,-1
595,14281,950,475,92,133,1,-1,-1,-1
595,14282,805,287,46,102,1,-1,-1,-1
595,14283,903,294,46,107,1,-1,-1,-1
595,14288,950,303,57,107,1,-1,-1,-1
595,14235,985,483,87,143,1,-1,-1,-1
595,14219,494,373,49,126,1,-1,-1,-1
595,14303,104,412,55,137,1,-1,-1,-1
595,14335,1007,353,53,122,1,-1,-1,-1
595,14336,1216,396,74,110,1,-1,-1,-1
595,14323,1328,667,114,188,1,-1,-1,-1
595,14338,1480,543,86,159,1,-1,-1,-1
595,14343,1602,234,40,82,1,-1,-1,-1
595,14351,1399,800,15,24,1,-1,-1,-1
596,14212,603,456,63,137,1,-1,-1,-1
596,14236,705,267,39,94,1,-1,-1,-1
596,14273,757,406,56,143,1,-1,-1,-1
596,14234,178,333,54,115,1,-1,-1,-1
596,14281,961,476,92,132,1,-1,-1,-1
596,14282,804,288,46,102,1,-1,-1,-1
596,14283,903,294,46,107,1,-1,-1,-1
596,14288,951,304,57,107,1,-1,-1,-1
596,14235,990,486,87,140,1,-1,-1,-1
596,14219,495,373,49,125,1,-1,-1,-1
596,14303,104,413,55,137,1,-1,-1,-1
596,14335,1008,355,52,121,1,-1,-1,-1
596,14336,1218,397,74,109,1,-1,-1,-1
596,14323,1328,668,113,187,1,-1,-1,-1
596,14338,1476,547,87,159,1,-1,-1,-1
596,14343,1595,235,40,82,1,-1,-1,-1
596,14351,1396,800,15,24,1,-1,-1,-1
597,14212,604,456,63,138,1,-1,-1,-1
597,14236,705,268,39,93,1,-1,-1,-1
597,14273,759,408,55,142,1,-1,-1,-1
597,14234,177,334,55,115,1,-1,-1,-1
597,14281,974,477,91,131,1,-1,-1,-1
597,14282,804,289,45,102,1,-1,-1,-1
597,14283,904,295,46,107,1,-1,-1,-1
597,14288,953,306,57,107,1,-1,-1,-1
597,14235,996,489,88,138,1,-1,-1,-1
597,14219,497,373,49,125,1,-1,-1,-1
597,14303,105,414,54,137,1,-1,-1,-1
597,14335,1008,356,52,119,1,-1,-1,-1
597,14336,1221,399,73,108,1,-1,-1,-1
597,14323,1328,669,111,185,1,-1,-1,-1
597,14338,1474,552,87,159,1,-1,-1,-1
597,14343,1586,236,40,81,1,-1,-1,-1
598,14212,606,456,63,139,1,-1,-1,-1
598,14236,704,269,40,93,1,-1,-1,-1
598,14273,760,410,54,141,1,-1,-1,-1
598,14234,177,335,55,114,1,-1,-1,-1
598,14281,986,478,90,130,1,-1,-1,-1
598,14282,804,290,45,102,1,-1,-1,-1
598,14283,904,295,46,106,1,-1,-1,-1
598,14288,956,308,55,106,1,-1,-1,-1
598,14235,1003,492,87,135,1,-1,-1,-1
598,14219,499,373,48,124,1,-1,-1,-1
598,14303,105,415,54,137,1,-1,-1,-1
598,14335,1008,357,52,118,1,-1,-1,-1
598,14336,1224,401,73,107,1,-1,-1,-1
598,14323,1328,670,110,183,1,-1,-1,-1
598,14338,1471,558,89,157,1,-1,-1,-1
598,14343,1578,237,40,81,1,-1,-1,-1
599,14212,607,455,65,140,1,-1,-1,-1
599,14236,703,271,41,91,1,-1,-1,-1
599,14273,762,412,54,139,1,-1,-1,-1
599,14234,176,336,55,114,1,-1,-1,-1
599,14281,998,479,91,129,1,-1,-1,-1
599,14282,804,291,45,101,1,-1,-1,-1
599,14283,905,296,45,106,1,-1,-1,-1
599,14288,958,310,54,105,1,-1,-1,-1
599,14235,1009,496,87,131,1,-1,-1,-1
599,14219,500,373,48,123,1,-1,-1,-1
599,14303,106,417,53,137,1,-1,-1,-1
599,14335,1008,359,51,117,1,-1,-1,-1
599,14336,1228,403,72,105,1,-1,-1,-1
599,14323,1326,670,110,183,1,-1,-1,-1
599,14338,1469,563,90,157,1,-1,-1,-1
599,14343,1569,239,40,80,1,-1,-1,-1
600,14212,608,455,66,142,1,-1,-1,-1
600,14236,702,274,42,90,1,-1,-1,-1
600,14273,765,416,52,136,1,-1,-1,-1
600,14234,176,338,55,113,1,-1,-1,-1
600,14281,1019,480,90,127,1,-1,-1,-1
600,14282,804,293,45,101,1,-1,-1,-1
600,14283,905,297,45,105,1,-1,-1,-1
600,14288,962,313,53,105,1,-1,-1,-1
600,14235,1020,502,87,126,1,-1,-1,-1
600,14219,503,373,47,121,1,-1,-1,-1
600,14303,107,419,53,137,1,-1,-1,-1
600,14335,1008,361,52,115,1,-1,-1,-1
600,14336,1233,406,70,102,1,-1,-1,-1
600,14323,1323,668,109,184,1,-1,-1,-1
600,14338,1465,572,90,155,1,-1,-1,-1
600,14343,1556,241,40,80,1,-1,-1,-1
601,14212,609,455,67,142,1,-1,-1,-1
601,14236,702,275,43,89,1,-1,-1,-1
601,14273,766,418,52,135,1,-1,-1,-1
601,14234,176,339,55,113,1,-1,-1,-1
601,14281,1026,481,92,125,1,-1,-1,-1
601,14282,804,294,46,101,1,-1,-1,-1
601,14283,906,298,44,104,1,-1,-1,-1
601,14288,964,314,52,105,1,-1,-1,-1
601,14235,1023,504,88,125,1,-1,-1,-1
601,14219,504,372,47,121,1,-1,-1,-1
601,14303,107,420,53,137,1,-1,-1,-1
601,14335,1008,361,52,115,1,-1,-1,-1
601,14336,1235,407,70,101,1,-1,-1,-1
601,14323,1320,666,108,185,1,-1,-1,-1
601,14338,1463,575,92,155,1,-1,-1,-1
601,14343,1551,242,40,80,1,-1,-1,-1
601,14352,1376,798,16,24,1,-1,-1,-1
602,14212,613,455,67,144,1,-1,-1,-1
602,14236,702,275,44,90,1,-1,-1,-1
602,14273,768,419,52,135,1,-1,-1,-1
602,14234,179,339,56,113,1,-1,-1,-1
602,14281,1040,481,92,125,1,-1,-1,-1
602,14282,804,295,46,100,1,-1,-1,-1
602,14283,908,298,43,104,1,-1,-1,-1
602,14288,967,314,51,105,1,-1,-1,-1
602,14235,1031,505,90,124,1,-1,-1,-1
602,14219,506,373,47,120,1,-1,-1,-1
602,14303,108,421,53,136,1,-1,-1,-1
602,14335,1009,362,52,114,1,-1,-1,-1
602,14336,1242,408,70,101,1,-1,-1,-1
602,14323,1316,664,108,186,1,-1,-1,-1
602,14338,1462,580,92,153,1,-1,-1,-1
602,14343,1545,243,39,79,1,-1,-1,-1
603,14212,617,456,68,144,1,-1,-1,-1
603,14236,702,276,45,89,1,-1,-1,-1
603,14273,771,421,52,134,1,-1,-1,-1
603,14234,182,340,56,112,1,-1,-1,-1
603,14281,1055,482,93,124,1,-1,-1,-1
603,14282,804,295,45,101,1,-1,-1,-1
603,14283,910,298,43,103,1,-1,-1,-1
603,14288,970,315,51,105,1,-1,-1,-1
603,14235,1041,506,91,124,1,-1,-1,-1
603,14219,507,374,47,120,1,-1,-1,-1
603,14303,110,422,53,136,1,-1,-1,-1
603,14335,1010,361,52,115,1,-1,-1,-1
603,14336,1250,410,71,100,1,-1,-1,-1
603,14323,1312,661,108,188,1,-1,-1,-1
603,14338,1461,585,91,151,1,-1,-1,-1
603,14343,1539,244,38,79,1,-1,-1,-1
604,14212,622,456,69,146,1,-1,-1,-1
604,14236,702,277,45,88,1,-1,-1,-1
604,14273,774,423,51,134,1,-1,-1,-1
604,14234,186,341,56,111,1,-1,-1,-1
604,14281,1070,482,95,123,1,-1,-1,-1
604,14282,803,296,45,100,1,-1,-1,-1
604,14283,912,299,43,102,1,-1,-1,-1
604,14288,974,316,51,104,1,-1,-1,-1
604,14235,1051,507,93,124,1,-1,-1,-1
604,14219,508,375,47,119,1,-1,-1,-1
604,14303,111,423,53,136,1,-1,-1,-1
604,14335,1012,361,52,114,1,-1,-1,-1
604,14336,1259,411,71,100,1,-1,-1,-1
604,14323,1306,659,107,190,1,-1,-1,-1
604,14338,1460,591,90,148,1,-1,-1,-1
604,14343,1533,245,38,78,1,-1,-1,-1
605,14212,627,457,69,145,1,-1,-1,-1
605,14236,703,278,45,88,1,-1,-1,-1
605,14273,777,426,52,134,1,-1,-1,-1
605,14234,191,341,55,112,1,-1,-1,-1
605,14281,1086,482,96,122,1,-1,-1,-1
605,14282,803,297,44,100,1,-1,-1,-1
605,14283,914,299,43,101,1,-1,-1,-1
605,14288,977,317,52,104,1,-1,-1,-1
605,14235,1062,508,94,124,1,-1,-1,-1
605,14219,510,375,47,118,1,-1,-1,-1
605,14303,113,425,52,135,1,-1,-1,-1
605,14335,1014,361,51,114,1,-1,-1,-1
605,14336,1274,413,71,101,1,-1,-1,-1
605,14323,1304,657,106,190,1,-1,-1,-1
605,14338,1457,600,89,145,1,-1,-1,-1
605,14343,1526,246,38,78,1,-1,-1,-1
606,14212,633,457,68,146,1,-1,-1,-1
606,14236,703,278,46,89,1,-1,-1,-1
606,14273,780,428,51,133,1,-1,-1,-1
606,14234,195,341,55,112,1,-1,-1,-1
606,14281,1102,482,97,122,1,-1,-1,-1
606,14282,803,298,44,99,1,-1,-1,-1
606,14283,916,299,43,101,1,-1,-1,-1
606,14288,980,318,52,103,1,-1,-1,-1
606,14235,1073,509,95,124,1,-1,-1,-1
606,14219,510,376,48,118,1,-1,-1,-1
606,14303,114,426,53,135,1,-1,-1,-1
606,14335,1015,360,52,115,1,-1,-1,-1
606,14336,1279,414,72,100,1,-1,-1,-1
606,14323,1301,656,104,188,1,-1,-1,-1
606,14338,1457,603,87,143,1,-1,-1,-1
606,14343,1519,247,38,78,1,-1,-1,-1
607,14212,639,457,68,148,1,-1,-1,-1
607,14236,703,279,46,88,1,-1,-1,-1
607,14273,783,430,52,133,1,-1,-1,-1
607,14234,200,342,55,112,1,-1,-1,-1
607,14281,1120,483,99,120,1,-1,-1,-1
607,14282,803,299,43,99,1,-1,-1,-1
607,14283,918,300,43,100,1,-1,-1,-1
607,14288,983,319,53,103,1,-1,-1,-1
607,14235,1086,510,95,124,1,-1,-1,-1
607,14219,512,377,48,117,1,-1,-1,-1
607,14303,116,428,53,134,1,-1,-1,-1
607,14335,1017,360,51,114,1,-1,-1,-1
607,14336,1284,415,72,101,1,-1,-1,-1
607,14323,1297,655,103,186,1,-1,-1,-1
607,14338,1447,604,91,150,1,-1,-1,-1
607,14343,1511,248,39,78,1,-1,-1,-1
608,14212,644,458,68,148,1,-1,-1,-1
608,14236,705,280,45,88,1,-1,-1,-1
608,14273,785,432,52,133,1,-1,-1,-1
608,14234,203,343,54,111,1,-1,-1,-1
608,14281,1135,483,100,119,1,-1,-1,-1
608,14282,804,300,43,98,1,-1,-1,-1
608,14283,920,300,43,99,1,-1,-1,-1
608,14288,987,320,54,103,1,-1,-1,-1
608,14235,1096,511,96,124,1,-1,-1,-1
608,14219,514,377,49,117,1,-1,-1,-1
608,14303,118,429,53,134,1,-1,-1,-1
608,14335,1021,360,49,114,1,-1,-1,-1
608,14336,1290,417,73,100,1,-1,-1,-1
608,14323,1294,654,100,184,1,-1,-1,-1
608,14338,1440,605,92,151,1,-1,-1,-1
608,14343,1507,249,38,78,1,-1,-1,-1
609,14212,651,460,66,146,1,-1,-1,-1
609,14236,708,280,45,89,1,-1,-1,-1
609,14273,788,434,52,132,1,-1,-1,-1
609,14234,205,343,54,111,1,-1,-1,-1
609,14281,1150,483,102,119,1,-1,-1,-1
609,14282,806,301,42,98,1,-1,-1,-1
609,14283,923,300,42,98,1,-1,-1,-1
609,14288,992,321,55,103,1,-1,-1,-1
609,14235,1108,511,96,124,1,-1,-1,-1
609,14219,518,377,49,116,1,-1,-1,-1
609,14303,120,430,53,132,1,-1,-1,-1
609,14335,1025,361,49,113,1,-1,-1,-1
609,14336,1298,418,73,101,1,-1,-1,-1
609,14323,1290,653,98,181,1,-1,-1,-1
609,14338,1432,607,93,151,1,-1,-1,-1
609,14343,1504,249,38,78,1,-1,-1,-1
610,14212,656,462,64,145,1,-1,-1,-1
610,14236,711,281,45,88,1,-1,-1,-1
610,14273,789,435,53,134,1,-1,-1,-1
610,14234,208,344,54,110,1,-1,-1,-1
610,14281,1167,483,101,118,1,-1,-1,-1
610,14282,808,302,42,98,1,-1,-1,-1
610,14283,925,301,42,97,1,-1,-1,-1
610,14288,997,321,55,102,1,-1,-1,-1
610,14235,1121,512,95,123,1,-1,-1,-1
610,14219,522,376,49,117,1,-1,-1,-1
610,14303,122,431,52,131,1,-1,-1,-1
610,14335,1030,362,48,112,1,-1,-1,-1
610,14336,1305,420,74,100,1,-1,-1,-1
610,14323,1284,651,95,178,1,-1,-1,-1
610,14338,1424,609,94,150,1,-1,-1,-1
610,14343,1501,250,37,78,1,-1,-1,-1
611,14212,662,463,63,143,1,-1,-1,-1
611,14236,715,281,45,90,1,-1,-1,-1
611,14273,792,437,53,133,1,-1,-1,-1
611,14234,210,345,54,110,1,-1,-1,-1
611,14281,1183,483,102,117,1,-1,-1,-1
611,14282,809,303,43,97,1,-1,-1,-1
611,14283,927,301,42,97,1,-1,-1,-1
611,14288,1002,322,56,102,1,-1,-1,-1
611,14235,1133,512,96,123,1,-1,-1,-1
611,14219,526,376,48,116,1,-1,-1,-1
611,14303,125,432,52,131,1,-1,-1,-1
611,14335,1034,363,49,111,1,-1,-1,-1
611,14336,1314,421,74,101,1,-1,-1,-1
611,14323,1282,650,93,177,1,-1,-1,-1
611,14338,1416,611,96,149,1,-1,-1,-1
611,14343,1498,251,38,77,1,-1,-1,-1
612,14212,669,465,60,142,1,-1,-1,-1
612,14236,718,282,44,90,1,-1,-1,-1
612,14273,794,439,53,133,1,-1,-1,-1
612,14234,212,346,54,109,1,-1,-1,-1
612,14281,1200,484,103,116,1,-1,-1,-1
612,14282,811,303,43,98,1,-1,-1,-1
612,14283,930,301,41,96,1,-1,-1,-1
612,14288,1007,323,56,101,1,-1,-1,-1
612,14235,1145,512,96,122,1,-1,-1,-1
612,14219,530,375,48,116,1,-1,-1,-1
612,14303,127,433,52,130,1,-1,-1,-1
612,14335,1038,363,49,111,1,-1,-1,-1
612,14336,1322,423,74,101,1,-1,-1,-1
612,14323,1283,650,92,176,1,-1,-1,-1
612,14338,1408,613,98,147,1,-1,-1,-1
612,14343,1495,252,37,77,1,-1,-1,-1
613,14212,677,467,58,140,1,-1,-1,-1
613,14236,722,283,44,89,1,-1,-1,-1
613,14273,797,440,53,135,1,-1,-1,-1
613,14234,215,348,54,107,1,-1,-1,-1
613,14281,1221,484,103,114,1,-1,-1,-1
613,14282,813,304,44,98,1,-1,-1,-1
613,14283,932,301,41,95,1,-1,-1,-1
613,14288,1014,324,56,100,1,-1,-1,-1
613,14235,1161,513,95,121,1,-1,-1,-1
613,14219,535,374,47,116,1,-1,-1,-1
613,14303,130,434,51,128,1,-1,-1,-1
613,14335,1044,365,48,108,1,-1,-1,-1
613,14336,1333,425,74,101,1,-1,-1,-1
613,14323,1285,649,92,175,1,-1,-1,-1
613,14338,1398,616,100,145,1,-1,-1,-1
613,14343,1491,254,37,76,1,-1,-1,-1
614,14212,681,468,56,139,1,-1,-1,-1
614,14236,724,283,43,90,1,-1,-1,-1
614,14273,798,441,53,135,1,-1,-1,-1
614,14234,216,349,54,107,1,-1,-1,-1
614,14281,1235,484,103,114,1,-1,-1,-1
614,14282,813,305,44,98,1,-1,-1,-1
614,14283,933,302,41,94,1,-1,-1,-1
614,14288,1018,324,56,100,1,-1,-1,-1
614,14235,1171,512,95,121,1,-1,-1,-1
614,14219,537,374,47,116,1,-1,-1,-1
614,14303,132,435,50,127,1,-1,-1,-1
614,14335,1046,366,49,107,1,-1,-1,-1
614,14336,1342,427,73,99,1,-1,-1,-1
614,14323,1286,648,91,174,1,-1,-1,-1
614,14338,1391,618,104,145,1,-1,-1,-1
614,14343,1488,255,37,76,1,-1,-1,-1
614,14353,1462,750,37,24,1,-1,-1,-1
615,14212,683,470,56,139,1,-1,-1,-1
615,14236,723,283,43,90,1,-1,-1,-1
615,14273,798,442,54,136,1,-1,-1,-1
615,14234,217,349,55,107,1,-1,-1,-1
615,14281,1251,485,104,112,1,-1,-1,-1
615,14282,812,306,45,98,1,-1,-1,-1
615,14283,933,302,41,94,1,-1,-1,-1
615,14288,1022,325,56,100,1,-1,-1,-1
615,14235,1182,512,96,121,1,-1,-1,-1
615,14219,538,375,47,115,1,-1,-1,-1
615,14303,133,436,49,128,1,-1,-1,-1
615,14335,1048,367,50,106,1,-1,-1,-1
615,14336,1352,428,72,97,1,-1,-1,-1
615,14323,1285,647,91,173,1,-1,-1,-1
615,14338,1385,620,106,146,1,-1,-1,-1
615,14343,1484,257,37,74,1,-1,-1,-1
616,14212,685,471,55,140,1,-1,-1,-1
616,14236,722,284,43,90,1,-1,-1,-1
616,14273,798,443,55,136,1,-1,-1,-1
616,14234,220,350,53,107,1,-1,-1,-1
616,14281,1267,485,105,113,1,-1,-1,-1
616,14282,811,307,45,97,1,-1,-1,-1
616,14283,933,302,40,95,1,-1,-1,-1
616,14288,1027,326,55,100,1,-1,-1,-1
616,14235,1195,511,97,123,1,-1,-1,-1
616,14219,539,377,47,114,1,-1,-1,-1
616,14303,133,438,49,128,1,-1,-1,-1
616,14335,1050,368,50,105,1,-1,-1,-1
616,14336,1365,429,69,93,1,-1,-1,-1
616,14323,1285,645,90,172,1,-1,-1,-1
616,14338,1379,621,110,148,1,-1,-1,-1
616,14343,1480,258,37,74,1,-1,-1,-1
617,14212,687,473,54,139,1,-1,-1,-1
617,14236,721,284,42,90,1,-1,-1,-1
617,14273,798,444,56,137,1,-1,-1,-1
617,14234,222,351,53,106,1,-1,-1,-1
617,14281,1284,486,105,112,1,-1,-1,-1
617,14282,809,308,45,97,1,-1,-1,-1
617,14283,933,303,40,94,1,-1,-1,-1
617,14288,1032,328,55,100,1,-1,-1,-1
617,14235,1207,510,98,124,1,-1,-1,-1
617,14219,540,379,47,113,1,-1,-1,-1
617,14303,134,440,48,128,1,-1,-1,-1
617,14335,1051,370,51,104,1,-1,-1,-1
617,14336,1377,430,66,90,1,-1,-1,-1
617,14323,1284,642,89,172,1,-1,-1,-1
617,14338,1374,623,112,150,1,-1,-1,-1
617,14343,1476,259,36,74,1,-1,-1,-1
618,14212,688,474,55,141,1,-1,-1,-1
618,14236,720,285,40,90,1,-1,-1,-1
618,14273,798,444,57,139,1,-1,-1,-1
618,14234,225,351,51,106,1,-1,-1,-1
618,14281,1300,487,106,112,1,-1,-1,-1
618,14282,808,309,45,97,1,-1,-1,-1
618,14283,933,303,40,94,1,-1,-1,-1
618,14288,1036,329,55,100,1,-1,-1,-1
618,14235,1219,509,99,125,1,-1,-1,-1
618,14219,540,380,47,112,1,-1,-1,-1
618,14303,134,442,48,128,1,-1,-1,-1
618,14335,1052,371,53,103,1,-1,-1,-1
618,14336,1389,432,63,85,1,-1,-1,-1
618,14323,1280,641,88,171,1,-1,-1,-1
618,14338,1368,625,114,152,1,-1,-1,-1
618,14343,1471,260,37,74,1,-1,-1,-1
618,14356,1589,734,32,23,1,-1,-1,-1
619,14212,690,476,56,142,1,-1,-1,-1
619,14236,718,285,39,90,1,-1,-1,-1
619,14273,798,445,57,140,1,-1,-1,-1
619,14234,228,351,50,106,1,-1,-1,-1
619,14281,1325,489,106,111,1,-1,-1,-1
619,14282,806,311,44,96,1,-1,-1,-1
619,14283,932,303,39,94,1,-1,-1,-1
619,14288,1043,331,53,100,1,-1,-1,-1
619,14235,1238,508,100,126,1,-1,-1,-1
619,14219,540,382,49,112,1,-1,-1,-1
619,14303,134,445,48,128,1,-1,-1,-1
619,14335,1054,373,55,101,1,-1,-1,-1
619,14336,1407,433,59,80,1,-1,-1,-1
619,14323,1272,642,87,169,1,-1,-1,-1
619,14338,1361,627,116,156,1,-1,-1,-1
619,14343,1465,262,36,73,1,-1,-1,-1
620,14212,689,477,57,142,1,-1,-1,-1
620,14236,715,286,39,90,1,-1,-1,-1
620,14273,797,447,57,140,1,-1,-1,-1
620,14234,228,352,49,106,1,-1,-1,-1
620,14281,1335,490,106,110,1,-1,-1,-1
620,14282,803,312,45,96,1,-1,-1,-1
620,14283,930,304,39,93,1,-1,-1,-1
620,14288,1044,332,53,100,1,-1,-1,-1
620,14235,1245,508,101,126,1,-1,-1,-1
620,14219,538,383,50,111,1,-1,-1,-1
620,14303,132,446,49,128,1,-1,-1,-1
620,14335,1052,374,57,101,1,-1,-1,-1
620,14336,1413,435,57,77,1,-1,-1,-1
620,14323,1264,642,87,168,1,-1,-1,-1
620,14338,1357,629,116,156,1,-1,-1,-1
620,14343,1460,263,37,73,1,-1,-1,-1
621,14212,684,479,57,142,1,-1,-1,-1
621,14236,709,288,38,89,1,-1,-1,-1
621,14273,792,449,57,139,1,-1,-1,-1
621,14234,223,354,48,106,1,-1,-1,-1
621,14281,1341,490,108,112,1,-1,-1,-1
621,14282,797,313,45,95,1,-1,-1,-1
621,14283,923,305,39,94,1,-1,-1,-1
621,14288,1041,335,52,100,1,-1,-1,-1
621,14235,1251,508,99,125,1,-1,-1,-1
621,14219,534,385,51,110,1,-1,-1,-1
621,14303,126,448,48,127,1,-1,-1,-1
621,14335,1046,375,58,102,1,-1,-1,-1
621,14336,1414,436,57,78,1,-1,-1,-1
621,14323,1255,642,86,167,1,-1,-1,-1
621,14338,1355,631,115,154,1,-1,-1,-1
621,14343,1449,265,37,74,1,-1,-1,-1
621,14358,1654,734,29,22,1,-1,-1,-1
622,14212,678,481,57,143,1,-1,-1,-1
622,14236,700,290,38,88,1,-1,-1,-1
622,14273,785,452,58,138,1,-1,-1,-1
622,14234,215,357,48,105,1,-1,-1,-1
622,14281,1348,491,108,112,1,-1,-1,-1
622,14282,789,315,44,95,1,-1,-1,-1
622,14283,914,307,40,93,1,-1,-1,-1
622,14288,1037,337,51,101,1,-1,-1,-1
622,14235,1255,509,98,123,1,-1,-1,-1
622,14219,528,386,52,109,1,-1,-1,-1
622,14303,118,449,48,128,1,-1,-1,-1
622,14335,1038,376,60,102,1,-1,-1,-1
622,14336,1412,439,58,79,1,-1,-1,-1
622,14323,1246,642,85,165,1,-1,-1,-1
622,14338,1352,633,114,153,1,-1,-1,-1
622,14343,1436,267,38,73,1,-1,-1,-1
623,14212,671,484,58,143,1,-1,-1,-1
623,14236,691,292,38,88,1,-1,-1,-1
623,14273,779,455,57,137,1,-1,-1,-1
623,14234,207,359,48,106,1,-1,-1,-1
623,14281,1353,492,110,113,1,-1,-1,-1
623,14282,780,317,45,94,1,-1,-1,-1
623,14283,905,308,40,92,1,-1,-1,-1
623,14288,1031,340,51,101,1,-1,-1,-1
623,14235,1260,510,96,121,1,-1,-1,-1
623,14219,521,388,52,108,1,-1,-1,-1
623,14303,109,451,48,128,1,-1,-1,-1
623,14335,1030,378,61,102,1,-1,-1,-1
623,14336,1410,441,59,80,1,-1,-1,-1
623,14323,1234,642,85,164,1,-1,-1,-1
623,14338,1349,636,114,149,1,-1,-1,-1
623,14343,1423,268,38,74,1,-1,-1,-1
624,14212,664,486,59,145,1,-1,-1,-1
624,14236,681,294,38,87,1,-1,-1,-1
624,14273,772,458,57,136,1,-1,-1,-1
624,14234,198,361,50,105,1,-1,-1,-1
624,14281,1360,493,110,113,1,-1,-1,-1
624,14282,771,319,45,94,1,-1,-1,-1
624,14283,896,310,40,92,1,-1,-1,-1
624,14288,1025,343,52,102,1,-1,-1,-1
624,14235,1265,511,94,120,1,-1,-1,-1
624,14219,514,390,53,107,1,-1,-1,-1
624,14303,100,453,48,128,1,-1,-1,-1
624,14335,1022,379,62,102,1,-1,-1,-1
624,14336,1409,444,59,80,1,-1,-1,-1
624,14323,1225,642,85,162,1,-1,-1,-1
624,14338,1347,638,113,147,1,-1,-1,-1
624,14343,1409,270,39,74,1,-1,-1,-1
625,14212,653,490,59,145,1,-1,-1,-1
625,14236,665,298,38,86,1,-1,-1,-1
625,14273,762,463,56,135,1,-1,-1,-1
625,14234,184,365,51,105,1,-1,-1,-1
625,14281,1370,495,110,113,1,-1,-1,-1
625,14282,757,322,45,94,1,-1,-1,-1
625,14283,880,313,41,91,1,-1,-1,-1
625,14288,1015,347,53,103,1,-1,-1,-1
625,14235,1272,513,91,116,1,-1,-1,-1
625,14219,503,393,54,106,1,-1,-1,-1
625,14303,85,455,50,128,1,-1,-1,-1
625,14335,1010,380,62,104,1,-1,-1,-1
625,14336,1406,448,60,82,1,-1,-1,-1
625,14323,1213,640,85,161,1,-1,-1,-1
625,14338,1342,642,112,143,1,-1,-1,-1
625,14343,1386,273,40,74,1,-1,-1,-1
626,14212,648,491,59,146,1,-1,-1,-1
626,14236,659,300,38,86,1,-1,-1,-1
626,14273,757,465,57,134,1,-1,-1,-1
626,14234,177,367,53,104,1,-1,-1,-1
626,14281,1374,496,110,113,1,-1,-1,-1
626,14282,751,324,45,93,1,-1,-1,-1
626,14283,873,314,43,90,1,-1,-1,-1
626,14288,1011,349,53,103,1,-1,-1,-1
626,14235,1274,513,91,116,1,-1,-1,-1
626,14219,499,394,54,105,1,-1,-1,-1
626,14303,79,457,50,127,1,-1,-1,-1
626,14335,1005,381,61,103,1,-1,-1,-1
626,14336,1404,450,60,82,1,-1,-1,-1
626,14323,1199,638,84,159,1,-1,-1,-1
626,14338,1339,643,113,141,1,-1,-1,-1
626,14343,1377,274,41,75,1,-1,-1,-1
627,14212,638,494,59,145,1,-1,-1,-1
627,14236,645,303,39,85,1,-1,-1,-1
627,14273,746,468,57,133,1,-1,-1,-1
627,14234,165,369,53,105,1,-1,-1,-1
627,14281,1378,497,111,117,1,-1,-1,-1
627,14282,738,326,45,93,1,-1,-1,-1
627,14283,861,315,43,91,1,-1,-1,-1
627,14288,1002,351,54,103,1,-1,-1,-1
627,14235,1277,515,90,115,1,-1,-1,-1
627,14219,487,396,55,105,1,-1,-1,-1
627,14303,64,460,50,128,1,-1,-1,-1
627,14335,995,382,61,104,1,-1,-1,-1
627,14336,1394,451,64,85,1,-1,-1,-1
627,14323,1185,637,84,157,1,-1,-1,-1
627,14338,1329,643,115,142,1,-1,-1,-1
627,14343,1361,277,40,74,1,-1,-1,-1
628,14212,627,498,59,144,1,-1,-1,-1
628,14236,621,308,40,83,1,-1,-1,-1
628,14273,734,471,57,132,1,-1,-1,-1
628,14234,152,371,53,105,1,-1,-1,-1
628,14281,1384,499,112,121,1,-1,-1,-1
628,14282,716,330,46,92,1,-1,-1,-1
628,14283,847,316,43,92,1,-1,-1,-1
628,14288,991,353,55,103,1,-1,-1,-1
628,14235,1281,518,91,114,1,-1,-1,-1
628,14219,467,399,55,105,1,-1,-1,-1
628,14303,40,467,51,128,1,-1,-1,-1
628,14335,983,385,61,104,1,-1,-1,-1
628,14336,1379,453,68,90,1,-1,-1,-1
628,14323,1171,635,83,156,1,-1,-1,-1
628,14338,1316,643,117,143,1,-1,-1,-1
628,14343,1341,280,40,73,1,-1,-1,-1
629,14212,615,501,58,143,1,-1,-1,-1
629,14236,607,311,41,82,1,-1,-1,-1
629,14273,722,475,56,131,1,-1,-1,-1
629,14234,137,374,54,105,1,-1,-1,-1
629,14281,1387,500,111,122,1,-1,-1,-1
629,14282,703,331,46,93,1,-1,-1,-1
629,14283,832,318,44,91,1,-1,-1,-1
629,14288,979,355,56,104,1,-1,-1,-1
629,14235,1282,518,92,115,1,-1,-1,-1
629,14219,456,402,56,103,1,-1,-1,-1
629,14303,29,471,51,128,1,-1,-1,-1
629,14335,971,387,61,104,1,-1,-1,-1
629,14336,1371,455,73,92,1,-1,-1,-1
629,14323,1150,632,83,153,1,-1,-1,-1
629,14338,1303,642,118,145,1,-1,-1,-1
629,14343,1321,283,39,72,1,-1,-1,-1
630,14212,603,505,57,142,1,-1,-1,-1
630,14236,592,315,41,81,1,-1,-1,-1
630,14273,708,479,56,130,1,-1,-1,-1
630,14234,123,376,53,105,1,-1,-1,-1
630,14281,1390,501,109,122,1,-1,-1,-1
630,14282,689,334,46,93,1,-1,-1,-1
630,14283,817,319,43,92,1,-1,-1,-1
630,14288,967,357,57,104,1,-1,-1,-1
630,14235,1284,520,91,114,1,-1,-1,-1
630,14219,446,405,56,103,1,-1,-1,-1
630,14303,19,474,51,128,1,-1,-1,-1
630,14335,959,389,61,104,1,-1,-1,-1
630,14336,1367,456,76,96,1,-1,-1,-1
630,14323,1142,630,82,152,1,-1,-1,-1
630,14338,1289,641,120,147,1,-1,-1,-1
630,14343,1301,287,38,70,1,-1,-1,-1
631,14212,590,509,57,141,1,-1,-1,-1
631,14236,576,319,42,79,1,-1,-1,-1
631,14273,695,482,55,130,1,-1,-1,-1
631,14234,109,379,51,105,1,-1,-1,-1
631,14281,1392,502,108,121,1,-1,-1,-1
631,14282,675,336,45,93,1,-1,-1,-1
631,14283,802,320,43,93,1,-1,-1,-1
631,14288,956,359,57,105,1,-1,-1,-1
631,14235,1286,521,90,114,1,-1,-1,-1
631,14219,436,407,55,102,1,-1,-1,-1
631,14303,10,478,51,128,1,-1,-1,-1
631,14335,946,391,61,103,1,-1,-1,-1
631,14336,1364,458,78,99,1,-1,-1,-1
631,14323,1132,627,82,153,1,-1,-1,-1
631,14338,1276,640,120,148,1,-1,-1,-1
631,14343,1280,290,38,69,1,-1,-1,-1
632,14212,577,513,56,140,1,-1,-1,-1
632,14236,557,323,43,79,1,-1,-1,-1
632,14273,680,487,55,129,1,-1,-1,-1
632,14234,92,382,51,105,1,-1,-1,-1
632,14281,1394,503,107,119,1,-1,-1,-1
632,14282,660,339,43,93,1,-1,-1,-1
632,14283,786,322,41,93,1,-1,-1,-1
632,14288,943,362,58,104,1,-1,-1,-1
632,14235,1288,523,88,114,1,-1,-1,-1
632,14219,426,411,53,101,1,-1,-1,-1
632,14303,0,482,52,128,1,-1,-1,-1
632,14335,932,394,61,103,1,-1,-1,-1
632,14336,1362,459,80,104,1,-1,-1,-1
632,14323,1122,624,82,152,1,-1,-1,-1
632,14338,1261,639,120,150,1,-1,-1,-1
632,14343,1256,294,37,68,1,-1,-1,-1
633,14212,566,515,57,140,1,-1,-1,-1
633,14236,546,326,44,78,1,-1,-1,-1
633,14273,669,489,55,129,1,-1,-1,-1
633,14234,82,385,49,105,1,-1,-1,-1
633,14281,1396,505,106,119,1,-1,-1,-1
633,14282,650,341,41,93,1,-1,-1,-1
633,14283,775,324,41,93,1,-1,-1,-1
633,14288,934,364,59,105,1,-1,-1,-1
633,14235,1289,522,87,115,1,-1,-1,-1
633,14219,417,412,52,101,1,-1,-1,-1
633,14303,0,493,39,96,1,-1,-1,-1
633,14335,922,396,61,102,1,-1,-1,-1
633,14336,1360,461,80,105,1,-1,-1,-1
633,14323,1113,620,82,153,1,-1,-1,-1
633,14338,1255,639,119,151,1,-1,-1,-1
633,14343,1239,296,37,68,1,-1,-1,-1
634,14212,556,518,57,139,1,-1,-1,-1
634,14236,537,327,44,79,1,-1,-1,-1
634,14273,659,490,55,129,1,-1,-1,-1
634,14234,72,388,49,104,1,-1,-1,-1
634,14281,1398,506,107,119,1,-1,-1,-1
634,14282,640,344,40,92,1,-1,-1,-1
634,14283,766,326,40,92,1,-1,-1,-1
634,14288,926,367,58,103,1,-1,-1,-1
634,14235,1289,519,87,118,1,-1,-1,-1
634,14219,408,412,52,102,1,-1,-1,-1
634,14335,912,399,60,101,1,-1,-1,-1
634,14336,1358,463,80,106,1,-1,-1,-1
634,14323,1103,617,83,153,1,-1,-1,-1
634,14338,1252,641,117,150,1,-1,-1,-1
634,14343,1221,298,37,67,1,-1,-1,-1
635,14212,540,520,57,139,1,-1,-1,-1
635,14236,524,330,45,80,1,-1,-1,-1
635,14273,642,492,57,129,1,-1,-1,-1
635,14234,56,394,48,103,1,-1,-1,-1
635,14281,1400,508,107,118,1,-1,-1,-1
635,14282,623,348,40,92,1,-1,-1,-1
635,14283,750,330,40,91,1,-1,-1,-1
635,14288,918,369,57,102,1,-1,-1,-1
635,14235,1290,516,87,122,1,-1,-1,-1
635,14219,392,412,53,103,1,-1,-1,-1
635,14335,903,402,58,100,1,-1,-1,-1
635,14336,1356,464,78,107,1,-1,-1,-1
635,14323,1087,611,83,153,1,-1,-1,-1
635,14338,1249,644,113,148,1,-1,-1,-1
635,14343,1203,300,37,67,1,-1,-1,-1
635,14359,0,520,24,10,1,-1,-1,-1
636,14212,534,521,58,138,1,-1,-1,-1
636,14236,519,330,45,81,1,-1,-1,-1
636,14273,635,493,58,128,1,-1,-1,-1
636,14234,50,396,49,103,1,-1,-1,-1
636,14281,1403,509,106,118,1,-1,-1,-1
636,14282,617,350,40,91,1,-1,-1,-1
636,14283,745,332,40,90,1,-1,-1,-1
636,14288,912,371,56,102,1,-1,-1,-1
636,14235,1290,513,87,125,1,-1,-1,-1
636,14219,387,413,53,104,1,-1,-1,-1
636,14335,894,404,57,100,1,-1,-1,-1
636,14336,1354,466,77,108,1,-1,-1,-1
636,14323,1082,609,82,153,1,-1,-1,-1
636,14338,1248,645,111,147,1,-1,-1,-1
636,14343,1185,302,37,67,1,-1,-1,-1
637,14212,525,526,58,137,1,-1,-1,-1
637,14236,506,332,46,81,1,-1,-1,-1
637,14273,624,496,59,129,1,-1,-1,-1
637,14234,36,398,51,103,1,-1,-1,-1
637,14281,1406,510,106,119,1,-1,-1,-1
637,14282,603,352,41,91,1,-1,-1,-1
637,14283,732,334,40,90,1,-1,-1,-1
637,14288,905,373,54,101,1,-1,-1,-1
637,14235,1291,510,87,128,1,-1,-1,-1
637,14219,378,415,53,102,1,-1,-1,-1
637,14335,885,407,55,98,1,-1,-1,-1
637,14336,1352,468,75,108,1,-1,-1,-1
637,14323,1073,607,82,151,1,-1,-1,-1
637,14338,1238,645,109,146,1,-1,-1,-1
637,14343,1167,304,37,67,1,-1,-1,-1
638,14212,511,532,59,138,1,-1,-1,-1
638,14236,486,334,46,83,1,-1,-1,-1
638,14273,607,501,61,129,1,-1,-1,-1
638,14234,16,400,52,103,1,-1,-1,-1
638,14281,1410,512,105,119,1,-1,-1,-1
638,14282,583,356,42,89,1,-1,-1,-1
638,14283,711,338,41,89,1,-1,-1,-1
638,14288,896,376,52,100,1,-1,-1,-1
638,14235,1291,506,87,132,1,-1,-1,-1
638,14219,364,418,53,100,1,-1,-1,-1
638,14335,874,411,52,97,1,-1,-1,-1
638,14336,1349,471,74,108,1,-1,-1,-1
638,14323,1063,604,82,150,1,-1,-1,-1
638,14338,1220,644,108,144,1,-1,-1,-1
638,14343,1144,306,36,68,1,-1,-1,-1
639,14212,503,536,60,137,1,-1,-1,-1
639,14236,475,336,47,83,1,-1,-1,-1
639,14273,599,504,62,128,1,-1,-1,-1
639,14234,4,402,53,102,1,-1,-1,-1
639,14281,1414,513,103,120,1,-1,-1,-1
639,14282,573,358,42,89,1,-1,-1,-1
639,14283,700,340,41,88,1,-1,-1,-1
639,14288,892,378,49,100,1,-1,-1,-1
639,14235,1294,505,85,133,1,-1,-1,-1
639,14219,357,419,53,101,1,-1,-1,-1
639,14335,867,413,51,97,1,-1,-1,-1
639,14336,1349,473,72,108,1,-1,-1,-1
639,14323,1053,601,80,148,1,-1,-1,-1
639,14338,1214,644,105,143,1,-1,-1,-1
639,14343,1130,308,37,68,1,-1,-1,-1
640,14212,496,538,61,138,1,-1,-1,-1
640,14236,467,338,47,82,1,-1,-1,-1
640,14273,592,506,63,128,1,-1,-1,-1
640,14234,0,402,52,102,1,-1,-1,-1
640,14281,1419,515,102,119,1,-1,-1,-1
640,14282,562,359,43,89,1,-1,-1,-1
640,14283,689,341,41,89,1,-1,-1,-1
640,14288,887,381,48,99,1,-1,-1,-1
640,14235,1299,506,83,133,1,-1,-1,-1
640,14219,350,421,54,101,1,-1,-1,-1
640,14335,860,414,51,97,1,-1,-1,-1
640,14336,1350,474,70,108,1,-1,-1,-1
640,14323,1042,598,80,147,1,-1,-1,-1
640,14338,1209,643,105,143,1,-1,-1,-1
640,14343,1118,310,36,68,1,-1,-1,-1
641,14212,489,540,61,139,1,-1,-1,-1
641,14236,459,340,47,82,1,-1,-1,-1
641,14273,587,508,63,127,1,-1,-1,-1
641,14234,-8,406,50,102,1,-1,-1,-1
641,14281,1425,516,102,120,1,-1,-1,-1
641,14282,553,361,42,88,1,-1,-1,-1
641,14283,679,342,41,89,1,-1,-1,-1
641,14288,882,385,46,97,1,-1,-1,-1
641,14235,1304,507,81,134,1,-1,-1,-1
641,14219,344,423,55,100,1,-1,-1,-1
641,14335,853,415,49,96,1,-1,-1,-1
641,14336,1351,476,69,108,1,-1,-1,-1
641,14323,1031,596,80,145,1,-1,-1,-1
641,14338,1207,643,103,142,1,-1,-1,-1
641,14343,1104,311,37,67,1,-1,-1,-1
642,14212,482,543,62,139,1,-1,-1,-1
642,14236,453,342,45,81,1,-1,-1,-1
642,14273,581,510,64,127,1,-1,-1,-1
642,14234,-15,407,48,103,1,-1,-1,-1
642,14281,1432,517,100,121,1,-1,-1,-1
642,14282,543,363,41,88,1,-1,-1,-1
642,14283,669,343,41,89,1,-1,-1,-1
642,14288,876,388,46,96,1,-1,-1,-1
642,14235,1309,509,79,132,1,-1,-1,-1
642,14219,339,424,55,102,1,-1,-1,-1
642,14335,846,416,48,96,1,-1,-1,-1
642,14336,1351,477,68,108,1,-1,-1,-1
642,14323,1020,593,78,143,1,-1,-1,-1
642,14338,1204,642,102,142,1,-1,-1,-1
642,14343,1091,313,36,67,1,-1,-1,-1
643,14212,475,545,62,140,1,-1,-1,-1
643,14236,445,344,45,81,1,-1,-1,-1
643,14273,575,511,65,126,1,-1,-1,-1
643,14234,-12,407,46,103,1,-1,-1,-1
643,14281,1439,518,97,122,1,-1,-1,-1
643,14282,533,365,41,87,1,-1,-1,-1
643,14283,659,344,40,89,1,-1,-1,-1
643,14288,871,392,44,95,1,-1,-1,-1
643,14235,1315,510,77,133,1,-1,-1,-1
643,14219,333,426,56,101,1,-1,-1,-1
643,14335,838,417,48,96,1,-1,-1,-1
643,14336,1353,479,66,108,1,-1,-1,-1
643,14323,1015,590,78,142,1,-1,-1,-1
643,14338,1202,641,101,142,1,-1,-1,-1
643,14343,1078,315,36,66,1,-1,-1,-1
644,14212,465,548,63,140,1,-1,-1,-1
644,14236,435,346,43,81,1,-1,-1,-1
644,14273,567,514,65,125,1,-1,-1,-1
644,14281,1448,519,96,124,1,-1,-1,-1
644,14282,520,367,39,86,1,-1,-1,-1
644,14283,645,345,39,89,1,-1,-1,-1
644,14288,863,397,43,94,1,-1,-1,-1
644,14235,1322,512,75,132,1,-1,-1,-1
644,14219,325,427,57,103,1,-1,-1,-1
644,14335,827,419,48,95,1,-1,-1,-1
644,14336,1354,480,65,109,1,-1,-1,-1
644,14323,1013,588,77,141,1,-1,-1,-1
644,14338,1199,640,99,141,1,-1,-1,-1
644,14343,1058,317,36,66,1,-1,-1,-1
645,14212,460,549,64,141,1,-1,-1,-1
645,14236,430,348,42,80,1,-1,-1,-1
645,14273,564,515,66,125,1,-1,-1,-1
645,14281,1454,520,93,123,1,-1,-1,-1
645,14282,514,368,38,87,1,-1,-1,-1
645,14283,640,346,37,88,1,-1,-1,-1
645,14288,859,399,44,93,1,-1,-1,-1
645,14235,1327,514,73,131,1,-1,-1,-1
645,14219,322,429,57,103,1,-1,-1,-1
645,14335,822,419,48,96,1,-1,-1,-1
645,14336,1355,481,64,108,1,-1,-1,-1
645,14323,1012,586,75,139,1,-1,-1,-1
645,14338,1199,640,97,141,1,-1,-1,-1
645,14343,1049,319,36,66,1,-1,-1,-1
646,14212,457,551,63,140,1,-1,-1,-1
646,14236,424,349,42,80,1,-1,-1,-1
646,14273,562,517,66,125,1,-1,-1,-1
646,14281,1460,521,90,123,1,-1,-1,-1
646,14282,508,370,37,86,1,-1,-1,-1
646,14283,633,348,37,88,1,-1,-1,-1
646,14288,855,400,44,93,1,-1,-1,-1
646,14235,1333,516,70,129,1,-1,-1,-1
646,14219,319,430,57,102,1,-1,-1,-1
646,14335,817,419,48,96,1,-1,-1,-1
646,14336,1356,483,64,108,1,-1,-1,-1
646,14323,1011,584,75,137,1,-1,-1,-1
646,14338,1199,638,96,141,1,-1,-1,-1
646,14343,1039,321,37,65,1,-1,-1,-1
647,14212,454,553,62,139,1,-1,-1,-1
647,14236,418,350,42,80,1,-1,-1,-1
647,14273,561,518,66,124,1,-1,-1,-1
647,14281,1467,523,87,122,1,-1,-1,-1
647,14282,501,372,36,85,1,-1,-1,-1
647,14283,627,350,36,87,1,-1,-1,-1
647,14288,850,401,45,93,1,-1,-1,-1
647,14235,1340,519,68,127,1,-1,-1,-1
647,14219,316,431,57,103,1,-1,-1,-1
647,14335,813,420,48,96,1,-1,-1,-1
647,14336,1358,484,65,109,1,-1,-1,-1
647,14323,1011,582,73,135,1,-1,-1,-1
647,14338,1199,635,95,142,1,-1,-1,-1
647,14343,1030,322,36,65,1,-1,-1,-1
648,14212,450,555,63,139,1,-1,-1,-1
648,14236,412,351,42,80,1,-1,-1,-1
648,14273,559,520,66,124,1,-1,-1,-1
648,14281,1474,524,84,121,1,-1,-1,-1
648,14282,494,373,36,85,1,-1,-1,-1
648,14283,621,352,36,87,1,-1,-1,-1
648,14288,845,401,47,94,1,-1,-1,-1
648,14235,1346,522,66,124,1,-1,-1,-1
648,14219,314,433,56,102,1,-1,-1,-1
648,14335,808,421,48,96,1,-1,-1,-1
648,14336,1360,485,65,110,1,-1,-1,-1
648,14323,1010,580,71,132,1,-1,-1,-1
648,14338,1200,633,93,143,1,-1,-1,-1
648,14343,1021,324,36,65,1,-1,-1,-1
649,14212,447,557,62,139,1,-1,-1,-1
649,14236,405,352,43,80,1,-1,-1,-1
649,14273,559,522,65,123,1,-1,-1,-1
649,14281,1480,526,83,120,1,-1,-1,-1
649,14282,486,375,38,85,1,-1,-1,-1
649,14283,615,354,35,87,1,-1,-1,-1
649,14288,841,402,47,93,1,-1,-1,-1
649,14235,1353,525,64,121,1,-1,-1,-1
649,14219,313,435,54,100,1,-1,-1,-1
649,14335,803,421,48,97,1,-1,-1,-1
649,14336,1362,487,66,110,1,-1,-1,-1
649,14323,1009,577,71,133,1,-1,-1,-1
649,14338,1201,631,91,142,1,-1,-1,-1
649,14343,1011,325,36,65,1,-1,-1,-1
650,14212,443,561,61,137,1,-1,-1,-1
650,14236,394,354,43,79,1,-1,-1,-1
650,14273,557,524,63,123,1,-1,-1,-1
650,14281,1490,529,81,118,1,-1,-1,-1
650,14282,474,378,38,84,1,-1,-1,-1
650,14283,605,358,35,86,1,-1,-1,-1
650,14288,833,402,49,94,1,-1,-1,-1
650,14235,1363,531,61,115,1,-1,-1,-1
650,14219,309,437,53,99,1,-1,-1,-1
650,14335,795,422,48,97,1,-1,-1,-1
650,14336,1364,489,68,110,1,-1,-1,-1
650,14323,1005,573,71,133,1,-1,-1,-1
650,14338,1202,627,89,144,1,-1,-1,-1
650,14343,995,329,36,64,1,-1,-1,-1
651,14212,441,562,61,137,1,-1,-1,-1
651,14236,390,354,43,80,1,-1,-1,-1
651,14273,557,525,62,123,1,-1,-1,-1
651,14281,1494,530,80,117,1,-1,-1,-1
651,14282,469,379,40,84,1,-1,-1,-1
651,14283,601,360,34,85,1,-1,-1,-1
651,14288,830,402,50,94,1,-1,-1,-1
651,14235,1367,532,61,115,1,-1,-1,-1
651,14219,309,438,51,99,1,-1,-1,-1
651,14335,792,422,48,97,1,-1,-1,-1
651,14336,1365,490,70,110,1,-1,-1,-1
651,14323,1004,571,71,134,1,-1,-1,-1
651,14338,1203,625,86,144,1,-1,-1,-1
651,14343,989,330,36,64,1,-1,-1,-1
652,14212,442,565,61,136,1,-1,-1,-1
652,14236,387,356,44,79,1,-1,-1,-1
652,14273,559,526,60,122,1,-1,-1,-1
652,14281,1503,531,79,117,1,-1,-1,-1
652,14282,465,380,40,84,1,-1,-1,-1
652,14283,596,361,35,85,1,-1,-1,-1
652,14288,826,402,51,94,1,-1,-1,-1
652,14235,1377,534,60,113,1,-1,-1,-1
652,14219,309,439,50,99,1,-1,-1,-1
652,14335,789,423,47,96,1,-1,-1,-1
652,14336,1370,491,69,109,1,-1,-1,-1
652,14323,1007,570,69,133,1,-1,-1,-1
652,14338,1206,623,82,143,1,-1,-1,-1
652,14343,982,331,37,64,1,-1,-1,-1
653,14212,443,567,61,136,1,-1,-1,-1
653,14236,384,357,45,80,1,-1,-1,-1
653,14273,561,527,60,122,1,-1,-1,-1
653,14281,1514,531,79,117,1,-1,-1,-1
653,14282,460,382,41,84,1,-1,-1,-1
653,14283,592,362,35,84,1,-1,-1,-1
653,14288,823,403,51,94,1,-1,-1,-1
653,14235,1388,535,60,113,1,-1,-1,-1
653,14219,309,440,49,99,1,-1,-1,-1
653,14335,786,424,47,96,1,-1,-1,-1
653,14336,1377,493,68,106,1,-1,-1,-1
653,14323,1011,569,68,131,1,-1,-1,-1
653,14338,1209,620,80,143,1,-1,-1,-1
653,14343,975,333,37,63,1,-1,-1,-1
654,14212,446,569,60,136,1,-1,-1,-1
654,14236,382,358,45,81,1,-1,-1,-1
654,14273,564,528,59,121,1,-1,-1,-1
654,14281,1524,532,81,117,1,-1,-1,-1
654,14282,456,383,41,85,1,-1,-1,-1
654,14283,588,363,33,83,1,-1,-1,-1
654,14288,820,403,51,95,1,-1,-1,-1
654,14235,1400,537,60,112,1,-1,-1,-1
654,14219,309,441,48,99,1,-1,-1,-1
654,14335,783,425,46,96,1,-1,-1,-1
654,14336,1385,495,67,103,1,-1,-1,-1
654,14323,1017,567,66,129,1,-1,-1,-1
654,14338,1212,617,77,142,1,-1,-1,-1
654,14343,969,334,36,64,1,-1,-1,-1
655,14212,448,572,61,135,1,-1,-1,-1
655,14236,380,359,46,82,1,-1,-1,-1
655,14273,567,529,57,121,1,-1,-1,-1
655,14281,1535,532,82,118,1,-1,-1,-1
655,14282,452,384,40,85,1,-1,-1,-1
655,14283,583,364,33,83,1,-1,-1,-1
655,14288,818,404,50,95,1,-1,-1,-1
655,14235,1413,538,59,112,1,-1,-1,-1
655,14219,309,443,48,98,1,-1,-1,-1
655,14335,780,426,44,96,1,-1,-1,-1
655,14336,1393,497,65,99,1,-1,-1,-1
655,14323,1020,566,65,127,1,-1,-1,-1
655,14338,1215,614,74,141,1,-1,-1,-1
655,14343,962,336,36,64,1,-1,-1,-1
656,14212,450,575,60,134,1,-1,-1,-1
656,14236,378,361,45,82,1,-1,-1,-1
656,14273,569,530,57,120,1,-1,-1,-1
656,14281,1546,533,83,118,1,-1,-1,-1
656,14282,447,386,40,85,1,-1,-1,-1
656,14283,579,365,32,83,1,-1,-1,-1
656,14288,815,404,50,96,1,-1,-1,-1
656,14235,1425,539,59,113,1,-1,-1,-1
656,14219,309,444,47,99,1,-1,-1,-1
656,14335,776,427,44,96,1,-1,-1,-1
656,14336,1401,499,63,96,1,-1,-1,-1
656,14323,1022,565,64,126,1,-1,-1,-1
656,14338,1218,611,71,139,1,-1,-1,-1
656,14343,955,338,36,63,1,-1,-1,-1
657,14212,452,578,61,134,1,-1,-1,-1
657,14236,376,362,45,83,1,-1,-1,-1
657,14273,571,531,56,120,1,-1,-1,-1
657,14281,1558,533,85,118,1,-1,-1,-1
657,14282,443,387,39,86,1,-1,-1,-1
657,14283,574,367,30,81,1,-1,-1,-1
657,14288,812,404,49,97,1,-1,-1,-1
657,14235,1439,541,59,112,1,-1,-1,-1
657,14219,310,445,45,99,1,-1,-1,-1
657,14335,773,429,42,94,1,-1,-1,-1
657,14336,1411,502,60,91,1,-1,-1,-1
657,14323,1024,563,63,125,1,-1,-1,-1
657,14338,1221,608,68,138,1,-1,-1,-1
657,14343,947,339,36,64,1,-1,-1,-1
658,14212,453,580,62,134,1,-1,-1,-1
658,14236,375,364,45,83,1,-1,-1,-1
658,14273,574,531,55,119,1,-1,-1,-1
658,14281,1566,534,87,117,1,-1,-1,-1
658,14282,440,388,39,86,1,-1,-1,-1
658,14283,571,368,30,81,1,-1,-1,-1
658,14288,811,404,47,97,1,-1,-1,-1
658,14235,1448,540,59,113,1,-1,-1,-1
658,14219,311,445,44,98,1,-1,-1,-1
658,14335,770,429,41,94,1,-1,-1,-1
658,14336,1418,504,60,91,1,-1,-1,-1
658,14323,1026,562,61,122,1,-1,-1,-1
658,14338,1223,606,67,137,1,-1,-1,-1
658,14343,942,340,35,64,1,-1,-1,-1
659,14212,455,580,61,134,1,-1,-1,-1
659,14236,375,364,43,82,1,-1,-1,-1
659,14273,575,531,56,119,1,-1,-1,-1
659,14281,1575,534,88,117,1,-1,-1,-1
659,14282,438,389,38,86,1,-1,-1,-1
659,14283,568,368,29,81,1,-1,-1,-1
659,14288,809,404,45,96,1,-1,-1,-1
659,14235,1458,540,58,112,1,-1,-1,-1
659,14219,312,445,44,98,1,-1,-1,-1
659,14335,767,429,40,93,1,-1,-1,-1
659,14336,1427,506,59,91,1,-1,-1,-1
659,14323,1028,560,61,121,1,-1,-1,-1
659,14338,1226,604,64,135,1,-1,-1,-1
659,14343,937,341,35,64,1,-1,-1,-1
660,14212,456,581,63,135,1,-1,-1,-1
660,14236,375,365,42,81,1,-1,-1,-1
660,14273,577,530,56,119,1,-1,-1,-1
660,14281,1584,535,88,116,1,-1,-1,-1
660,14282,436,389,37,86,1,-1,-1,-1
660,14283,565,369,29,80,1,-1,-1,-1
660,14288,807,403,44,96,1,-1,-1,-1
660,14235,1468,539,58,112,1,-1,-1,-1
660,14219,314,445,44,97,1,-1,-1,-1
660,14335,765,429,39,93,1,-1,-1,-1
660,14336,1435,508,59,91,1,-1,-1,-1
660,14323,1031,558,59,117,1,-1,-1,-1
660,14338,1229,601,63,133,1,-1,-1,-1
660,14343,932,341,35,63,1,-1,-1,-1
661,14212,457,582,64,136,1,-1,-1,-1
661,14236,375,366,41,80,1,-1,-1,-1
661,14273,580,529,56,119,1,-1,-1,-1
661,14281,1593,535,89,116,1,-1,-1,-1
661,14282,433,390,38,85,1,-1,-1,-1
661,14283,562,370,30,80,1,-1,-1,-1
661,14288,805,403,42,96,1,-1,-1,-1
661,14235,1478,538,57,113,1,-1,-1,-1
661,14219,316,445,44,96,1,-1,-1,-1
661,14335,762,429,38,93,1,-1,-1,-1
661,14336,1443,511,59,91,1,-1,-1,-1
661,14323,1032,557,59,117,1,-1,-1,-1
661,14338,1231,599,61,132,1,-1,-1,-1
661,14343,927,342,34,63,1,-1,-1,-1
662,14212,458,582,64,136,1,-1,-1,-1
662,14236,375,366,39,79,1,-1,-1,-1
662,14273,581,528,57,118,1,-1,-1,-1
662,14281,1603,536,87,115,1,-1,-1,-1
662,14282,430,391,39,85,1,-1,-1,-1
662,14283,559,371,30,79,1,-1,-1,-1
662,14288,803,403,42,96,1,-1,-1,-1
662,14235,1488,537,56,112,1,-1,-1,-1
662,14219,317,445,45,95,1,-1,-1,-1
662,14335,758,429,38,92,1,-1,-1,-1
662,14336,1452,513,58,92,1,-1,-1,-1
662,14323,1034,555,58,116,1,-1,-1,-1
662,14338,1234,596,60,130,1,-1,-1,-1
662,14343,922,343,33,63,1,-1,-1,-1
663,14212,459,583,66,137,1,-1,-1,-1
663,14236,375,367,37,79,1,-1,-1,-1
663,14273,583,527,58,117,1,-1,-1,-1
663,14281,1615,537,87,114,1,-1,-1,-1
663,14282,426,392,40,85,1,-1,-1,-1
663,14283,555,372,30,79,1,-1,-1,-1
663,14288,800,402,40,95,1,-1,-1,-1
663,14235,1501,536,55,112,1,-1,-1,-1
663,14219,319,445,46,94,1,-1,-1,-1
663,14335,754,429,38,92,1,-1,-1,-1
663,14336,1462,517,57,91,1,-1,-1,-1
663,14323,1036,552,59,116,1,-1,-1,-1
663,14338,1237,593,59,128,1,-1,-1,-1
663,14343,916,343,33,63,1,-1,-1,-1
664,14212,460,585,66,136,1,-1,-1,-1
664,14236,373,368,37,78,1,-1,-1,-1
664,14273,583,527,59,117,1,-1,-1,-1
664,14281,1622,537,86,114,1,-1,-1,-1
664,14282,423,392,40,85,1,-1,-1,-1
664,14283,552,372,31,80,1,-1,-1,-1
664,14288,797,402,40,96,1,-1,-1,-1
664,14235,1508,536,54,111,1,-1,-1,-1
664,14219,319,445,47,94,1,-1,-1,-1
664,14335,750,429,38,92,1,-1,-1,-1
664,14336,1468,518,56,92,1,-1,-1,-1
664,14323,1038,548,59,117,1,-1,-1,-1
664,14338,1238,591,59,127,1,-1,-1,-1
664,14343,911,344,34,63,1,-1,-1,-1
665,14212,460,586,66,137,1,-1,-1,-1
665,14236,370,369,36,78,1,-1,-1,-1
665,14273,584,527,60,117,1,-1,-1,-1
665,14281,1629,539,85,113,1,-1,-1,-1
665,14282,419,393,40,85,1,-1,-1,-1
665,14283,547,373,32,79,1,-1,-1,-1
665,14288,793,403,39,95,1,-1,-1,-1
665,14235,1515,536,53,111,1,-1,-1,-1
665,14219,317,445,48,95,1,-1,-1,-1
665,14335,745,429,37,92,1,-1,-1,-1
665,14336,1472,519,56,92,1,-1,-1,-1
665,14323,1040,545,59,117,1,-1,-1,-1
665,14338,1239,589,59,126,1,-1,-1,-1
665,14343,906,345,33,62,1,-1,-1,-1
666,14212,459,588,67,137,1,-1,-1,-1
666,14236,366,370,35,78,1,-1,-1,-1
666,14273,585,527,61,118,1,-1,-1,-1
666,14281,1635,540,85,113,1,-1,-1,-1
666,14282,414,394,40,85,1,-1,-1,-1
666,14283,542,374,33,79,1,-1,-1,-1
666,14288,789,403,37,95,1,-1,-1,-1
666,14235,1523,537,51,110,1,-1,-1,-1
666,14219,315,446,49,95,1,-1,-1,-1
666,14335,739,429,37,92,1,-1,-1,-1
666,14336,1477,520,55,93,1,-1,-1,-1
666,14323,1043,542,58,116,1,-1,-1,-1
666,14338,1240,586,59,125,1,-1,-1,-1
666,14343,899,346,33,62,1,-1,-1,-1
667,14212,459,589,67,138,1,-1,-1,-1
667,14236,362,372,34,76,1,-1,-1,-1
667,14273,585,527,62,119,1,-1,-1,-1
667,14281,1642,542,83,111,1,-1,-1,-1
667,14282,408,394,40,85,1,-1,-1,-1
667,14283,538,374,32,80,1,-1,-1,-1
667,14288,784,404,36,94,1,-1,-1,-1
667,14235,1530,538,49,109,1,-1,-1,-1
667,14219,313,446,49,97,1,-1,-1,-1
667,14335,732,430,38,92,1,-1,-1,-1
667,14336,1481,521,55,94,1,-1,-1,-1
667,14323,1046,538,58,117,1,-1,-1,-1
667,14338,1241,584,59,124,1,-1,-1,-1
667,14343,893,347,33,62,1,-1,-1,-1
668,14212,459,591,66,138,1,-1,-1,-1
668,14236,357,373,34,77,1,-1,-1,-1
668,14273,586,527,62,120,1,-1,-1,-1
668,14281,1649,544,82,110,1,-1,-1,-1
668,14282,404,395,39,85,1,-1,-1,-1
668,14283,533,375,33,80,1,-1,-1,-1
668,14288,779,405,36,93,1,-1,-1,-1
668,14235,1537,539,49,108,1,-1,-1,-1
668,14219,310,447,50,97,1,-1,-1,-1
668,14335,725,431,38,91,1,-1,-1,-1
668,14336,1485,522,55,95,1,-1,-1,-1
668,14323,1046,536,58,116,1,-1,-1,-1
668,14338,1242,582,59,123,1,-1,-1,-1
668,14343,886,349,34,61,1,-1,-1,-1
669,14212,458,595,66,138,1,-1,-1,-1
669,14236,350,375,34,76,1,-1,-1,-1
669,14273,588,527,62,121,1,-1,-1,-1
669,14281,1659,546,81,109,1,-1,-1,-1
669,14282,397,396,38,85,1,-1,-1,-1
669,14283,527,376,33,80,1,-1,-1,-1
669,14288,771,405,36,94,1,-1,-1,-1
669,14235,1548,541,47,106,1,-1,-1,-1
669,14219,307,447,50,99,1,-1,-1,-1
669,14335,716,431,37,92,1,-1,-1,-1
669,14336,1490,524,55,96,1,-1,-1,-1
669,14323,1046,534,57,115,1,-1,-1,-1
669,14338,1244,580,59,122,1,-1,-1,-1
669,14343,877,350,34,61,1,-1,-1,-1
670,14212,458,596,66,138,1,-1,-1,-1
670,14236,347,376,34,76,1,-1,-1,-1
670,14273,588,527,62,121,1,-1,-1,-1
670,14281,1662,547,80,109,1,-1,-1,-1
670,14282,393,396,37,86,1,-1,-1,-1
670,14283,523,376,33,81,1,-1,-1,-1
670,14288,767,406,35,93,1,-1,-1,-1
670,14235,1552,542,47,105,1,-1,-1,-1
670,14219,306,448,49,99,1,-1,-1,-1
670,14335,711,432,38,92,1,-1,-1,-1
670,14336,1493,524,55,97,1,-1,-1,-1
670,14323,1044,533,57,115,1,-1,-1,-1
670,14338,1245,578,58,121,1,-1,-1,-1
670,14343,872,351,34,61,1,-1,-1,-1
671,14212,459,598,65,138,1,-1,-1,-1
671,14236,343,376,35,77,1,-1,-1,-1
671,14273,590,527,61,121,1,-1,-1,-1
671,14281,1666,549,77,106,1,-1,-1,-1
671,14282,388,397,37,85,1,-1,-1,-1
671,14283,518,377,33,80,1,-1,-1,-1
671,14288,763,406,35,93,1,-1,-1,-1
671,14235,1557,542,46,105,1,-1,-1,-1
671,14219,305,448,49,99,1,-1,-1,-1
671,14335,707,432,37,92,1,-1,-1,-1
671,14336,1493,524,54,96,1,-1,-1,-1
671,14323,1043,531,57,114,1,-1,-1,-1
671,14338,1244,577,58,121,1,-1,-1,-1
671,14343,866,352,35,60,1,-1,-1,-1
672,14212,460,599,63,138,1,-1,-1,-1
672,14236,339,376,36,77,1,-1,-1,-1
672,14273,591,526,61,121,1,-1,-1,-1
672,14281,1668,551,75,104,1,-1,-1,-1
672,14282,383,397,37,86,1,-1,-1,-1
672,14283,512,377,33,79,1,-1,-1,-1
672,14288,758,407,34,93,1,-1,-1,-1
672,14235,1561,543,46,104,1,-1,-1,-1
672,14219,305,448,47,99,1,-1,-1,-1
672,14335,702,432,37,92,1,-1,-1,-1
672,14336,1492,523,53,96,1,-1,-1,-1
672,14323,1042,529,56,113,1,-1,-1,-1
672,14338,1242,575,59,120,1,-1,-1,-1
672,14343,860,352,35,60,1,-1,-1,-1
673,14212,460,601,63,138,1,-1,-1,-1
673,14236,335,376,37,78,1,-1,-1,-1
673,14273,593,526,59,121,1,-1,-1,-1
673,14281,1670,553,73,100,1,-1,-1,-1
673,14282,379,398,36,85,1,-1,-1,-1
673,14283,506,378,33,78,1,-1,-1,-1
673,14288,752,407,34,93,1,-1,-1,-1
673,14235,1565,543,46,104,1,-1,-1,-1
673,14219,304,448,47,99,1,-1,-1,-1
673,14335,696,431,37,92,1,-1,-1,-1
673,14336,1490,523,54,96,1,-1,-1,-1
673,14323,1041,527,55,113,1,-1,-1,-1
673,14338,1241,574,59,120,1,-1,-1,-1
673,14343,853,352,35,60,1,-1,-1,-1
674,14212,461,603,62,137,1,-1,-1,-1
674,14236,331,376,37,79,1,-1,-1,-1
674,14273,595,525,59,121,1,-1,-1,-1
674,14281,1673,554,69,99,1,-1,-1,-1
674,14282,373,399,37,85,1,-1,-1,-1
674,14283,500,378,32,77,1,-1,-1,-1
674,14288,747,407,34,93,1,-1,-1,-1
674,14235,1569,544,46,102,1,-1,-1,-1
674,14219,304,448,45,99,1,-1,-1,-1
674,14335,692,431,35,92,1,-1,-1,-1
674,14336,1488,522,53,95,1,-1,-1,-1
674,14323,1041,526,55,112,1,-1,-1,-1
674,14338,1239,572,59,119,1,-1,-1,-1
674,14343,846,353,35,60,1,-1,-1,-1
675,14212,461,606,61,136,1,-1,-1,-1
675,14236,324,375,38,80,1,-1,-1,-1
675,14273,597,525,58,120,1,-1,-1,-1
675,14281,1676,558,65,94,1,-1,-1,-1
675,14282,365,400,37,85,1,-1,-1,-1
675,14283,490,378,32,77,1,-1,-1,-1
675,14288,738,408,35,93,1,-1,-1,-1
675,14235,1575,544,47,101,1,-1,-1,-1
675,14219,303,448,44,99,1,-1,-1,-1
675,14335,683,430,35,92,1,-1,-1,-1
675,14336,1486,520,53,96,1,-1,-1,-1
675,14323,1043,524,55,112,1,-1,-1,-1
675,14338,1236,570,59,119,1,-1,-1,-1
675,14343,835,353,35,60,1,-1,-1,-1
676,14212,461,607,61,135,1,-1,-1,-1
676,14236,322,375,38,80,1,-1,-1,-1
676,14273,599,524,56,120,1,-1,-1,-1
676,14281,1678,559,62,93,1,-1,-1,-1
676,14282,361,401,38,84,1,-1,-1,-1
676,14283,486,379,32,76,1,-1,-1,-1
676,14288,735,408,34,93,1,-1,-1,-1
676,14235,1578,545,47,100,1,-1,-1,-1
676,14219,303,448,42,99,1,-1,-1,-1
676,14335,680,430,34,92,1,-1,-1,-1
676,14336,1484,520,55,95,1,-1,-1,-1
676,14323,1044,522,56,113,1,-1,-1,-1
676,14338,1235,570,59,118,1,-1,-1,-1
676,14343,831,353,35,60,1,-1,-1,-1
677,14212,464,608,60,136,1,-1,-1,-1
677,14236,320,375,38,80,1,-1,-1,-1
677,14273,603,524,55,119,1,-1,-1,-1
677,14281,1682,558,63,94,1,-1,-1,-1
677,14282,358,400,39,84,1,-1,-1,-1
677,14283,483,379,32,76,1,-1,-1,-1
677,14288,732,407,33,93,1,-1,-1,-1
677,14235,1585,546,48,99,1,-1,-1,-1
677,14219,303,448,42,98,1,-1,-1,-1
677,14335,677,430,33,91,1,-1,-1,-1
677,14336,1482,518,55,95,1,-1,-1,-1
677,14323,1046,519,56,115,1,-1,-1,-1
677,14338,1239,568,59,117,1,-1,-1,-1
677,14343,828,353,34,60,1,-1,-1,-1
678,14212,467,609,61,136,1,-1,-1,-1
678,14236,318,375,38,80,1,-1,-1,-1
678,14273,607,523,54,119,1,-1,-1,-1
678,14281,1687,556,63,95,1,-1,-1,-1
678,14282,355,400,39,85,1,-1,-1,-1
678,14283,481,379,32,76,1,-1,-1,-1
678,14288,728,406,33,93,1,-1,-1,-1
678,14235,1594,547,49,98,1,-1,-1,-1
678,14219,304,448,41,98,1,-1,-1,-1
678,14335,674,430,32,91,1,-1,-1,-1
678,14336,1480,516,55,95,1,-1,-1,-1
678,14323,1048,517,57,115,1,-1,-1,-1
678,14338,1242,567,60,117,1,-1,-1,-1
678,14343,824,353,35,60,1,-1,-1,-1
679,14212,470,610,61,137,1,-1,-1,-1
679,14236,316,375,38,79,1,-1,-1,-1
679,14273,611,523,53,117,1,-1,-1,-1
679,14281,1692,554,65,97,1,-1,-1,-1
679,14282,353,400,39,85,1,-1,-1,-1
679,14283,478,379,33,77,1,-1,-1,-1
679,14288,724,404,33,93,1,-1,-1,-1
679,14235,1604,549,50,98,1,-1,-1,-1
679,14219,304,448,42,97,1,-1,-1,-1
679,14335,670,430,32,90,1,-1,-1,-1
679,14336,1478,514,55,96,1,-1,-1,-1
679,14323,1051,514,57,117,1,-1,-1,-1
679,14338,1246,566,60,116,1,-1,-1,-1
679,14343,820,353,35,61,1,-1,-1,-1
680,14212,473,611,62,137,1,-1,-1,-1
680,14236,315,375,37,79,1,-1,-1,-1
680,14273,616,523,52,116,1,-1,-1,-1
680,14281,1697,552,66,99,1,-1,-1,-1
680,14282,351,400,39,85,1,-1,-1,-1
680,14283,476,378,34,77,1,-1,-1,-1
680,14288,720,403,34,93,1,-1,-1,-1
680,14235,1614,550,50,97,1,-1,-1,-1
680,14219,304,448,43,95,1,-1,-1,-1
680,14335,667,430,31,90,1,-1,-1,-1
680,14336,1475,511,55,97,1,-1,-1,-1
680,14323,1053,512,57,117,1,-1,-1,-1
680,14338,1251,565,60,116,1,-1,-1,-1
680,14343,816,353,35,61,1,-1,-1,-1
681,14212,476,612,62,138,1,-1,-1,-1
681,14236,313,375,36,79,1,-1,-1,-1
681,14273,620,522,52,115,1,-1,-1,-1
681,14281,1702,550,68,101,1,-1,-1,-1
681,14282,348,400,38,85,1,-1,-1,-1
681,14283,474,378,34,77,1,-1,-1,-1
681,14288,716,402,34,93,1,-1,-1,-1
681,14235,1625,552,51,96,1,-1,-1,-1
681,14219,304,448,44,95,1,-1,-1,-1
681,14335,664,430,30,90,1,-1,-1,-1
681,14336,1473,508,55,99,1,-1,-1,-1
681,14323,1056,511,56,116,1,-1,-1,-1
681,14338,1255,564,60,115,1,-1,-1,-1
681,14343,812,352,35,62,1,-1,-1,-1
682,14212,480,613,63,139,1,-1,-1,-1
682,14236,311,375,35,79,1,-1,-1,-1
682,14273,625,521,52,115,1,-1,-1,-1
682,14281,1708,547,71,104,1,-1,-1,-1
682,14282,345,399,38,86,1,-1,-1,-1
682,14283,471,378,34,78,1,-1,-1,-1
682,14288,712,400,33,93,1,-1,-1,-1
682,14235,1636,554,52,96,1,-1,-1,-1
682,14219,305,448,44,95,1,-1,-1,-1
682,14335,660,430,30,89,1,-1,-1,-1
682,14336,1471,506,54,99,1,-1,-1,-1
682,14323,1059,510,55,115,1,-1,-1,-1
682,14338,1260,562,60,115,1,-1,-1,-1
682,14343,808,352,35,62,1,-1,-1,-1
683,14212,483,613,63,141,1,-1,-1,-1
683,14236,311,375,33,78,1,-1,-1,-1
683,14273,629,520,52,114,1,-1,-1,-1
683,14281,1713,546,72,105,1,-1,-1,-1
683,14282,344,399,37,86,1,-1,-1,-1
683,14283,468,377,35,79,1,-1,-1,-1
683,14288,709,400,33,93,1,-1,-1,-1
683,14235,1644,555,52,96,1,-1,-1,-1
683,14219,305,448,45,94,1,-1,-1,-1
683,14335,657,430,30,89,1,-1,-1,-1
683,14336,1469,505,53,99,1,-1,-1,-1
683,14323,1062,508,54,114,1,-1,-1,-1
683,14338,1266,561,60,114,1,-1,-1,-1
683,14343,804,352,35,62,1,-1,-1,-1
684,14212,487,613,63,142,1,-1,-1,-1
684,14236,309,375,33,78,1,-1,-1,-1
684,14273,633,519,51,114,1,-1,-1,-1
684,14281,1718,545,72,104,1,-1,-1,-1
684,14282,343,400,36,85,1,-1,-1,-1
684,14283,466,377,35,79,1,-1,-1,-1
684,14288,706,400,33,93,1,-1,-1,-1
684,14235,1651,555,54,98,1,-1,-1,-1
684,14219,307,447,46,95,1,-1,-1,-1
684,14335,654,429,31,89,1,-1,-1,-1
684,14336,1467,504,52,98,1,-1,-1,-1
684,14323,1066,507,53,112,1,-1,-1,-1
684,14338,1272,560,61,114,1,-1,-1,-1
684,14343,801,352,35,62,1,-1,-1,-1
685,14212,490,613,64,143,1,-1,-1,-1
685,14236,308,376,32,78,1,-1,-1,-1
685,14273,637,518,51,114,1,-1,-1,-1
685,14281,1724,544,72,103,1,-1,-1,-1
685,14282,341,400,37,85,1,-1,-1,-1
685,14283,463,377,36,79,1,-1,-1,-1
685,14288,703,401,32,91,1,-1,-1,-1
685,14235,1658,554,55,100,1,-1,-1,-1
685,14219,309,447,46,96,1,-1,-1,-1
685,14335,651,429,31,88,1,-1,-1,-1
685,14336,1464,502,52,98,1,-1,-1,-1
685,14323,1072,505,50,110,1,-1,-1,-1
685,14338,1280,560,60,113,1,-1,-1,-1
685,14343,798,352,34,62,1,-1,-1,-1
686,14212,493,613,65,144,1,-1,-1,-1
686,14236,307,376,32,78,1,-1,-1,-1
686,14273,641,516,51,114,1,-1,-1,-1
686,14281,1730,543,72,102,1,-1,-1,-1
686,14282,340,400,36,84,1,-1,-1,-1
686,14283,461,377,35,79,1,-1,-1,-1
686,14288,701,401,32,91,1,-1,-1,-1
686,14235,1665,554,57,102,1,-1,-1,-1
686,14219,310,446,47,97,1,-1,-1,-1
686,14335,648,429,31,88,1,-1,-1,-1
686,14336,1461,502,51,97,1,-1,-1,-1
686,14323,1074,505,50,108,1,-1,-1,-1
686,14338,1287,559,60,112,1,-1,-1,-1
686,14343,794,352,34,62,1,-1,-1,-1
687,14212,496,613,66,145,1,-1,-1,-1
687,14236,306,377,31,77,1,-1,-1,-1
687,14273,645,515,51,114,1,-1,-1,-1
687,14281,1736,542,71,101,1,-1,-1,-1
687,14282,339,400,36,84,1,-1,-1,-1
687,14283,459,376,34,80,1,-1,-1,-1
687,14288,698,402,31,90,1,-1,-1,-1
687,14235,1672,554,58,104,1,-1,-1,-1
687,14219,312,446,47,97,1,-1,-1,-1
687,14335,646,428,30,89,1,-1,-1,-1
687,14336,1458,501,51,97,1,-1,-1,-1
687,14323,1077,503,48,108,1,-1,-1,-1
687,14338,1295,558,59,112,1,-1,-1,-1
687,14343,791,352,34,63,1,-1,-1,-1
688,14212,500,613,67,146,1,-1,-1,-1
688,14236,304,377,30,77,1,-1,-1,-1
688,14273,650,513,51,114,1,-1,-1,-1
688,14281,1744,541,70,100,1,-1,-1,-1
688,14282,337,401,36,83,1,-1,-1,-1
688,14283,457,376,33,80,1,-1,-1,-1
688,14288,695,402,30,90,1,-1,-1,-1
688,14235,1681,554,59,107,1,-1,-1,-1
688,14219,314,445,48,98,1,-1,-1,-1
688,14335,642,428,30,89,1,-1,-1,-1
688,14336,1454,500,51,96,1,-1,-1,-1
688,14323,1079,502,48,106,1,-1,-1,-1
688,14338,1305,557,58,111,1,-1,-1,-1
688,14343,787,353,33,62,1,-1,-1,-1
689,14212,503,614,67,147,1,-1,-1,-1
689,14236,302,378,30,76,1,-1,-1,-1
689,14273,652,512,51,114,1,-1,-1,-1
689,14281,1747,540,71,99,1,-1,-1,-1
689,14282,335,401,36,83,1,-1,-1,-1
689,14283,455,376,32,80,1,-1,-1,-1
689,14288,692,402,31,89,1,-1,-1,-1
689,14235,1686,554,60,108,1,-1,-1,-1
689,14219,315,445,48,99,1,-1,-1,-1
689,14335,639,428,31,89,1,-1,-1,-1
689,14336,1451,500,51,94,1,-1,-1,-1
689,14323,1081,501,48,105,1,-1,-1,-1
689,14338,1311,556,58,111,1,-1,-1,-1
689,14343,783,353,33,62,1,-1,-1,-1
690,14212,505,615,67,147,1,-1,-1,-1
690,14236,300,377,30,77,1,-1,-1,-1
690,14273,654,512,51,113,1,-1,-1,-1
690,14281,1751,539,70,98,1,-1,-1,-1
690,14282,333,401,35,83,1,-1,-1,-1
690,14283,453,375,31,81,1,-1,-1,-1
690,14288,689,402,31,89,1,-1,-1,-1
690,14235,1689,553,61,108,1,-1,-1,-1
690,14219,316,445,48,99,1,-1,-1,-1
690,14335,635,428,31,89,1,-1,-1,-1
690,14336,1447,499,52,94,1,-1,-1,-1
690,14323,1083,499,47,104,1,-1,-1,-1
690,14338,1315,555,58,112,1,-1,-1,-1
690,14343,779,353,33,62,1,-1,-1,-1
691,14212,507,618,66,146,1,-1,-1,-1
691,14236,297,377,31,77,1,-1,-1,-1
691,14273,657,512,52,112,1,-1,-1,-1
691,14281,1755,538,69,98,1,-1,-1,-1
691,14282,330,401,36,83,1,-1,-1,-1
691,14283,450,375,30,81,1,-1,-1,-1
691,14288,686,402,31,89,1,-1,-1,-1
691,14235,1692,553,62,108,1,-1,-1,-1
691,14219,316,446,48,98,1,-1,-1,-1
691,14335,632,428,31,89,1,-1,-1,-1
691,14336,1442,497,52,93,1,-1,-1,-1
691,14323,1085,498,47,102,1,-1,-1,-1
691,14338,1319,554,59,113,1,-1,-1,-1
691,14343,776,353,33,62,1,-1,-1,-1
692,14212,508,620,67,146,1,-1,-1,-1
692,14236,295,377,30,77,1,-1,-1,-1
692,14273,659,512,52,112,1,-1,-1,-1
692,14281,1758,536,69,97,1,-1,-1,-1
692,14282,327,401,36,83,1,-1,-1,-1
692,14283,446,375,31,81,1,-1,-1,-1
692,14288,684,402,31,88,1,-1,-1,-1
692,14235,1695,553,63,108,1,-1,-1,-1
692,14219,317,447,47,97,1,-1,-1,-1
692,14335,628,428,31,89,1,-1,-1,-1
692,14336,1437,496,52,92,1,-1,-1,-1
692,14323,1088,496,46,101,1,-1,-1,-1
692,14338,1323,553,59,113,1,-1,-1,-1
692,14343,772,353,32,62,1,-1,-1,-1
693,14212,511,622,66,146,1,-1,-1,-1
693,14236,292,377,31,78,1,-1,-1,-1
693,14273,662,512,52,111,1,-1,-1,-1
693,14281,1761,535,68,96,1,-1,-1,-1
693,14282,325,401,35,83,1,-1,-1,-1
693,14283,443,375,30,81,1,-1,-1,-1
693,14288,681,401,32,89,1,-1,-1,-1
693,14235,1697,553,65,108,1,-1,-1,-1
693,14219,317,448,47,96,1,-1,-1,-1
693,14335,625,427,30,89,1,-1,-1,-1
693,14336,1433,494,52,92,1,-1,-1,-1
693,14323,1087,494,46,101,1,-1,-1,-1
693,14338,1327,552,60,114,1,-1,-1,-1
693,14343,767,353,33,62,1,-1,-1,-1
694,14212,513,625,66,146,1,-1,-1,-1
694,14236,289,376,31,79,1,-1,-1,-1
694,14273,665,513,53,109,1,-1,-1,-1
694,14281,1766,533,68,95,1,-1,-1,-1
694,14282,321,401,35,83,1,-1,-1,-1
694,14283,438,375,30,82,1,-1,-1,-1
694,14288,676,401,33,89,1,-1,-1,-1
694,14235,1701,552,66,108,1,-1,-1,-1
694,14219,318,449,46,95,1,-1,-1,-1
694,14335,619,426,30,89,1,-1,-1,-1
694,14336,1427,492,51,91,1,-1,-1,-1
694,14323,1085,493,47,100,1,-1,-1,-1
694,14338,1333,550,61,115,1,-1,-1,-1
694,14343,760,353,33,62,1,-1,-1,-1
695,14212,514,627,66,145,1,-1,-1,-1
695,14236,286,376,31,79,1,-1,-1,-1
695,14273,667,512,54,110,1,-1,-1,-1
695,14281,1767,532,68,95,1,-1,-1,-1
695,14282,319,401,34,83,1,-1,-1,-1
695,14283,435,375,30,82,1,-1,-1,-1
695,14288,673,400,34,90,1,-1,-1,-1
695,14235,1702,552,68,108,1,-1,-1,-1
695,14219,319,449,46,95,1,-1,-1,-1
695,14335,616,426,30,89,1,-1,-1,-1
695,14336,1424,491,51,90,1,-1,-1,-1
695,14323,1084,492,46,100,1,-1,-1,-1
695,14338,1337,549,61,117,1,-1,-1,-1
695,14343,757,353,33,62,1,-1,-1,-1
696,14212,516,628,66,146,1,-1,-1,-1
696,14236,282,376,32,79,1,-1,-1,-1
696,14273,668,512,55,109,1,-1,-1,-1
696,14281,1767,529,68,97,1,-1,-1,-1
696,14282,316,401,33,83,1,-1,-1,-1
696,14283,432,375,30,82,1,-1,-1,-1
696,14288,668,400,34,89,1,-1,-1,-1
696,14235,1704,552,69,107,1,-1,-1,-1
696,14219,319,450,46,94,1,-1,-1,-1
696,14335,612,426,30,89,1,-1,-1,-1
696,14336,1421,489,51,90,1,-1,-1,-1
696,14323,1082,491,46,99,1,-1,-1,-1
696,14338,1341,548,62,117,1,-1,-1,-1
696,14343,752,353,34,62,1,-1,-1,-1
697,14212,516,629,67,147,1,-1,-1,-1
697,14236,278,376,32,79,1,-1,-1,-1
697,14273,670,511,56,109,1,-1,-1,-1
697,14281,1766,527,70,98,1,-1,-1,-1
697,14282,311,401,34,83,1,-1,-1,-1
697,14283,428,375,30,82,1,-1,-1,-1
697,14288,663,399,34,89,1,-1,-1,-1
697,14235,1706,552,70,106,1,-1,-1,-1
697,14219,320,451,45,93,1,-1,-1,-1
697,14335,607,426,30,89,1,-1,-1,-1
697,14336,1418,488,52,88,1,-1,-1,-1
697,14323,1079,490,47,99,1,-1,-1,-1
697,14338,1346,546,62,119,1,-1,-1,-1
697,14343,748,353,34,62,1,-1,-1,-1
698,14212,516,630,68,149,1,-1,-1,-1
698,14236,275,376,32,79,1,-1,-1,-1
698,14273,672,510,57,110,1,-1,-1,-1
698,14281,1765,524,70,100,1,-1,-1,-1
698,14282,307,402,34,83,1,-1,-1,-1
698,14283,424,375,30,82,1,-1,-1,-1
698,14288,657,399,34,89,1,-1,-1,-1
698,14235,1709,552,69,105,1,-1,-1,-1
698,14219,321,451,45,93,1,-1,-1,-1
698,14335,602,427,31,89,1,-1,-1,-1
698,14336,1415,487,52,87,1,-1,-1,-1
698,14323,1077,489,46,98,1,-1,-1,-1
698,14338,1351,545,63,119,1,-1,-1,-1
698,14343,743,352,34,64,1,-1,-1,-1
699,14212,516,631,70,151,1,-1,-1,-1
699,14236,271,375,32,78,1,-1,-1,-1
699,14273,674,509,57,110,1,-1,-1,-1
699,14281,1763,522,72,102,1,-1,-1,-1
699,14282,303,403,34,83,1,-1,-1,-1
699,14283,419,375,31,82,1,-1,-1,-1
699,14288,651,399,34,88,1,-1,-1,-1
699,14235,1711,552,69,104,1,-1,-1,-1
699,14219,322,451,45,93,1,-1,-1,-1
699,14335,597,427,31,89,1,-1,-1,-1
699,14336,1412,486,52,86,1,-1,-1,-1
699,14323,1074,487,47,99,1,-1,-1,-1
699,14338,1355,543,64,121,1,-1,-1,-1
699,14343,738,352,35,64,1,-1,-1,-1
700,14212,517,633,72,153,1,-1,-1,-1
700,14236,264,375,32,78,1,-1,-1,-1
700,14273,679,507,56,112,1,-1,-1,-1
700,14281,1761,518,74,105,1,-1,-1,-1
700,14282,295,404,34,84,1,-1,-1,-1
700,14283,413,375,31,82,1,-1,-1,-1
700,14288,642,398,33,88,1,-1,-1,-1
700,14235,1716,552,68,103,1,-1,-1,-1
700,14219,324,452,44,92,1,-1,-1,-1
700,14335,589,428,31,89,1,-1,-1,-1
700,14336,1407,485,52,83,1,-1,-1,-1
700,14323,1070,486,48,99,1,-1,-1,-1
700,14338,1364,540,64,122,1,-1,-1,-1
700,14343,729,351,36,65,1,-1,-1,-1
701,14212,516,634,74,154,1,-1,-1,-1
701,14236,262,374,32,79,1,-1,-1,-1
701,14273,681,506,55,112,1,-1,-1,-1
701,14281,1760,516,74,106,1,-1,-1,-1
701,14282,292,405,35,83,1,-1,-1,-1
701,14283,409,375,33,82,1,-1,-1,-1
701,14288,639,398,33,87,1,-1,-1,-1
701,14235,1717,552,68,103,1,-1,-1,-1
701,14219,325,452,43,92,1,-1,-1,-1
701,14335,586,428,32,89,1,-1,-1,-1
701,14336,1406,484,52,82,1,-1,-1,-1
701,14323,1066,485,48,99,1,-1,-1,-1
701,14338,1367,539,64,122,1,-1,-1,-1
701,14343,726,351,36,65,1,-1,-1,-1
702,14212,518,634,75,155,1,-1,-1,-1
702,14236,256,375,33,78,1,-1,-1,-1
702,14273,682,505,55,111,1,-1,-1,-1
702,14281,1757,515,73,104,1,-1,-1,-1
702,14282,290,405,34,83,1,-1,-1,-1
702,14283,405,376,33,81,1,-1,-1,-1
702,14288,634,398,33,87,1,-1,-1,-1
702,14235,1715,550,68,102,1,-1,-1,-1
702,14219,325,451,43,92,1,-1,-1,-1
702,14335,581,428,32,89,1,-1,-1,-1
702,14336,1403,483,53,81,1,-1,-1,-1
702,14323,1062,483,48,101,1,-1,-1,-1
702,14338,1370,539,65,123,1,-1,-1,-1
702,14343,722,350,36,66,1,-1,-1,-1
703,14212,520,633,76,156,1,-1,-1,-1
703,14236,251,376,32,77,1,-1,-1,-1
703,14273,685,503,54,110,1,-1,-1,-1
703,14281,1753,513,72,103,1,-1,-1,-1
703,14282,287,405,35,83,1,-1,-1,-1
703,14283,400,376,33,81,1,-1,-1,-1
703,14288,630,399,33,86,1,-1,-1,-1
703,14235,1712,547,68,104,1,-1,-1,-1
703,14219,325,450,43,92,1,-1,-1,-1
703,14335,575,429,33,89,1,-1,-1,-1
703,14336,1402,481,54,82,1,-1,-1,-1
703,14323,1058,482,47,100,1,-1,-1,-1
703,14338,1373,538,65,123,1,-1,-1,-1
703,14343,716,350,37,67,1,-1,-1,-1
704,14212,523,633,76,157,1,-1,-1,-1
704,14236,244,377,33,77,1,-1,-1,-1
704,14273,687,501,53,109,1,-1,-1,-1
704,14281,1749,511,70,101,1,-1,-1,-1
704,14282,284,405,35,83,1,-1,-1,-1
704,14283,395,376,33,81,1,-1,-1,-1
704,14288,625,399,33,86,1,-1,-1,-1
704,14235,1708,545,68,104,1,-1,-1,-1
704,14219,325,449,42,92,1,-1,-1,-1
704,14335,569,429,33,89,1,-1,-1,-1
704,14336,1399,480,56,81,1,-1,-1,-1
704,14323,1051,480,48,101,1,-1,-1,-1
704,14338,1377,538,65,124,1,-1,-1,-1
704,14343,712,350,37,67,1,-1,-1,-1
705,14212,525,633,77,158,1,-1,-1,-1
705,14236,238,377,33,77,1,-1,-1,-1
705,14273,689,499,53,108,1,-1,-1,-1
705,14281,1745,510,69,98,1,-1,-1,-1
705,14282,280,406,36,83,1,-1,-1,-1
705,14283,389,377,33,80,1,-1,-1,-1
705,14288,620,400,34,86,1,-1,-1,-1
705,14235,1704,542,68,104,1,-1,-1,-1
705,14219,326,448,41,92,1,-1,-1,-1
705,14335,563,429,34,89,1,-1,-1,-1
705,14336,1398,479,56,81,1,-1,-1,-1
705,14323,1049,478,47,102,1,-1,-1,-1
705,14338,1380,538,65,124,1,-1,-1,-1
705,14343,707,350,37,67,1,-1,-1,-1
706,14212,528,633,77,159,1,-1,-1,-1
706,14236,233,378,33,77,1,-1,-1,-1
706,14273,691,497,53,107,1,-1,-1,-1
706,14281,1741,508,67,96,1,-1,-1,-1
706,14282,277,406,36,82,1,-1,-1,-1
706,14283,384,377,33,79,1,-1,-1,-1
706,14288,615,400,34,86,1,-1,-1,-1
706,14235,1701,539,68,104,1,-1,-1,-1
706,14219,327,447,40,92,1,-1,-1,-1
706,14335,558,429,33,89,1,-1,-1,-1
706,14336,1396,477,56,82,1,-1,-1,-1
706,14323,1044,478,47,101,1,-1,-1,-1
706,14338,1384,537,64,125,1,-1,-1,-1
706,14343,701,349,37,68,1,-1,-1,-1
707,14212,531,632,77,160,1,-1,-1,-1
707,14236,225,379,34,76,1,-1,-1,-1
707,14273,693,495,53,106,1,-1,-1,-1
707,14281,1737,507,65,93,1,-1,-1,-1
707,14282,274,406,37,82,1,-1,-1,-1
707,14283,378,377,32,79,1,-1,-1,-1
707,14288,609,401,35,85,1,-1,-1,-1
707,14235,1696,535,69,106,1,-1,-1,-1
707,14219,327,446,39,92,1,-1,-1,-1
707,14335,552,429,33,89,1,-1,-1,-1
707,14336,1394,476,57,81,1,-1,-1,-1
707,14323,1039,477,46,101,1,-1,-1,-1
707,14338,1388,537,64,125,1,-1,-1,-1
707,14343,696,349,37,68,1,-1,-1,-1
708,14212,535,634,76,159,1,-1,-1,-1
708,14236,222,380,34,77,1,-1,-1,-1
708,14273,695,494,53,105,1,-1,-1,-1
708,14281,1732,505,65,92,1,-1,-1,-1
708,14282,272,406,38,82,1,-1,-1,-1
708,14283,375,377,32,79,1,-1,-1,-1
708,14288,606,401,36,85,1,-1,-1,-1
708,14235,1694,534,68,106,1,-1,-1,-1
708,14219,328,446,38,91,1,-1,-1,-1
708,14335,547,430,34,89,1,-1,-1,-1
708,14336,1395,474,58,83,1,-1,-1,-1
708,14323,1034,477,45,100,1,-1,-1,-1
708,14338,1392,538,64,125,1,-1,-1,-1
708,14343,692,349,37,69,1,-1,-1,-1
709,14212,539,636,75,158,1,-1,-1,-1
709,14236,221,381,35,76,1,-1,-1,-1
709,14273,699,493,53,107,1,-1,-1,-1
709,14281,1726,503,65,92,1,-1,-1,-1
709,14282,271,407,38,82,1,-1,-1,-1
709,14283,374,377,32,79,1,-1,-1,-1
709,14288,606,402,36,84,1,-1,-1,-1
709,14235,1691,533,67,106,1,-1,-1,-1
709,14219,329,446,38,91,1,-1,-1,-1
709,14335,543,430,33,89,1,-1,-1,-1
709,14336,1397,474,60,83,1,-1,-1,-1
709,14323,1029,476,45,100,1,-1,-1,-1
709,14338,1397,539,63,124,1,-1,-1,-1
709,14343,689,350,37,69,1,-1,-1,-1
710,14212,545,639,73,156,1,-1,-1,-1
710,14236,220,381,35,77,1,-1,-1,-1
710,14273,703,492,53,108,1,-1,-1,-1
710,14281,1719,501,65,93,1,-1,-1,-1
710,14282,270,407,39,82,1,-1,-1,-1
710,14283,373,378,32,79,1,-1,-1,-1
710,14288,605,402,37,84,1,-1,-1,-1
710,14235,1688,533,67,106,1,-1,-1,-1
710,14219,331,446,37,91,1,-1,-1,-1
710,14335,540,430,33,90,1,-1,-1,-1
710,14336,1401,473,60,85,1,-1,-1,-1
710,14323,1020,475,44,98,1,-1,-1,-1
710,14338,1402,540,62,124,1,-1,-1,-1
710,14343,687,351,36,69,1,-1,-1,-1
711,14212,550,642,71,154,1,-1,-1,-1
711,14236,218,382,36,77,1,-1,-1,-1
711,14273,706,491,54,108,1,-1,-1,-1
711,14281,1713,499,65,94,1,-1,-1,-1
711,14282,269,407,40,83,1,-1,-1,-1
711,14283,372,379,33,80,1,-1,-1,-1
711,14288,604,402,37,84,1,-1,-1,-1
711,14235,1685,532,67,106,1,-1,-1,-1
711,14219,332,446,37,90,1,-1,-1,-1
711,14335,536,430,33,90,1,-1,-1,-1
711,14336,1405,472,60,85,1,-1,-1,-1
711,14323,1017,475,44,97,1,-1,-1,-1
711,14338,1407,541,61,123,1,-1,-1,-1
711,14343,684,352,37,69,1,-1,-1,-1
712,14212,555,646,69,151,1,-1,-1,-1
712,14236,217,382,36,78,1,-1,-1,-1
712,14273,710,490,53,109,1,-1,-1,-1
712,14281,1707,496,65,95,1,-1,-1,-1
712,14282,269,408,41,83,1,-1,-1,-1
712,14283,371,380,34,80,1,-1,-1,-1
712,14288,604,402,37,84,1,-1,-1,-1
712,14235,1682,532,67,106,1,-1,-1,-1
712,14219,333,446,37,90,1,-1,-1,-1
712,14335,532,430,33,92,1,-1,-1,-1
712,14336,1408,472,61,86,1,-1,-1,-1
712,14323,1014,476,44,96,1,-1,-1,-1
712,14338,1413,542,60,123,1,-1,-1,-1
712,14343,682,354,36,68,1,-1,-1,-1
713,14212,561,650,68,149,1,-1,-1,-1
713,14236,216,383,37,79,1,-1,-1,-1
713,14273,715,489,54,110,1,-1,-1,-1
713,14281,1700,493,64,95,1,-1,-1,-1
713,14282,268,408,41,84,1,-1,-1,-1
713,14283,369,381,35,80,1,-1,-1,-1
713,14288,604,402,36,84,1,-1,-1,-1
713,14235,1678,532,67,106,1,-1,-1,-1
713,14219,335,446,37,89,1,-1,-1,-1
713,14335,527,430,32,92,1,-1,-1,-1
713,14336,1413,471,61,87,1,-1,-1,-1
713,14323,1011,476,44,96,1,-1,-1,-1
713,14338,1420,543,59,122,1,-1,-1,-1
713,14343,678,355,36,68,1,-1,-1,-1
714,14212,566,651,66,148,1,-1,-1,-1
714,14236,216,384,37,78,1,-1,-1,-1
714,14273,719,489,53,110,1,-1,-1,-1
714,14281,1697,492,63,96,1,-1,-1,-1
714,14282,269,408,41,84,1,-1,-1,-1
714,14283,369,382,36,80,1,-1,-1,-1
714,14288,605,402,36,84,1,-1,-1,-1
714,14235,1676,531,67,106,1,-1,-1,-1
714,14219,337,446,38,88,1,-1,-1,-1
714,14335,525,431,33,92,1,-1,-1,-1
714,14336,1419,471,60,88,1,-1,-1,-1
714,14323,1007,477,45,96,1,-1,-1,-1
714,14338,1425,543,58,122,1,-1,-1,-1
714,14343,678,356,36,68,1,-1,-1,-1
715,14212,570,651,66,148,1,-1,-1,-1
715,14236,218,384,37,78,1,-1,-1,-1
715,14273,725,488,53,110,1,-1,-1,-1
715,14281,1693,492,63,96,1,-1,-1,-1
715,14282,272,409,41,84,1,-1,-1,-1
715,14283,371,382,37,80,1,-1,-1,-1
715,14288,608,404,36,84,1,-1,-1,-1
715,14235,1674,531,66,106,1,-1,-1,-1
715,14219,340,446,38,88,1,-1,-1,-1
715,14335,524,431,32,92,1,-1,-1,-1
715,14336,1428,472,60,88,1,-1,-1,-1
715,14323,1004,477,45,95,1,-1,-1,-1
715,14338,1432,544,58,122,1,-1,-1,-1
715,14343,677,357,37,68,1,-1,-1,-1
716,14212,575,651,66,148,1,-1,-1,-1
716,14236,221,385,37,78,1,-1,-1,-1
716,14273,731,488,52,110,1,-1,-1,-1
716,14281,1691,492,62,95,1,-1,-1,-1
716,14282,275,410,41,84,1,-1,-1,-1
716,14283,373,382,37,81,1,-1,-1,-1
716,14288,611,406,35,84,1,-1,-1,-1
716,14235,1671,530,67,106,1,-1,-1,-1
716,14219,344,446,38,88,1,-1,-1,-1
716,14335,524,433,32,92,1,-1,-1,-1
716,14336,1438,472,59,88,1,-1,-1,-1
716,14323,1001,478,45,95,1,-1,-1,-1
716,14338,1439,544,57,122,1,-1,-1,-1
716,14343,678,359,36,68,1,-1,-1,-1
717,14212,580,651,66,148,1,-1,-1,-1
717,14236,223,385,37,78,1,-1,-1,-1
717,14273,737,487,52,110,1,-1,-1,-1
717,14281,1688,492,62,95,1,-1,-1,-1
717,14282,279,411,41,84,1,-1,-1,-1
717,14283,376,383,37,81,1,-1,-1,-1
717,14288,614,408,36,84,1,-1,-1,-1
717,14235,1669,530,66,106,1,-1,-1,-1
717,14219,348,446,38,88,1,-1,-1,-1
717,14335,524,434,31,92,1,-1,-1,-1
717,14336,1449,472,57,89,1,-1,-1,-1
717,14323,997,478,46,94,1,-1,-1,-1
717,14338,1446,545,58,122,1,-1,-1,-1
717,14343,678,360,36,68,1,-1,-1,-1
718,14212,585,650,66,149,1,-1,-1,-1
718,14236,225,386,38,78,1,-1,-1,-1
718,14273,744,487,51,110,1,-1,-1,-1
718,14281,1686,492,61,94,1,-1,-1,-1
718,14282,282,412,41,84,1,-1,-1,-1
718,14283,378,383,37,82,1,-1,-1,-1
718,14288,618,409,36,83,1,-1,-1,-1
718,14235,1667,529,66,107,1,-1,-1,-1
718,14219,352,446,39,87,1,-1,-1,-1
718,14335,523,435,31,92,1,-1,-1,-1
718,14336,1460,473,55,89,1,-1,-1,-1
718,14323,997,478,47,94,1,-1,-1,-1
718,14338,1453,545,57,122,1,-1,-1,-1
718,14343,679,361,36,68,1,-1,-1,-1
719,14212,592,649,66,149,1,-1,-1,-1
719,14236,229,387,37,77,1,-1,-1,-1
719,14273,753,486,51,110,1,-1,-1,-1
719,14281,1682,492,61,93,1,-1,-1,-1
719,14282,288,414,40,83,1,-1,-1,-1
719,14283,382,383,36,83,1,-1,-1,-1
719,14288,623,412,35,83,1,-1,-1,-1
719,14235,1664,529,66,106,1,-1,-1,-1
719,14219,357,445,39,88,1,-1,-1,-1
719,14335,522,436,31,92,1,-1,-1,-1
719,14336,1475,474,54,90,1,-1,-1,-1
719,14323,999,478,47,94,1,-1,-1,-1
719,14338,1464,546,56,121,1,-1,-1,-1
719,14343,680,363,36,69,1,-1,-1,-1
720,14212,594,649,68,150,1,-1,-1,-1
720,14236,230,388,38,77,1,-1,-1,-1
720,14273,758,486,50,110,1,-1,-1,-1
720,14281,1679,492,62,94,1,-1,-1,-1
720,14282,290,415,40,83,1,-1,-1,-1
720,14283,385,383,34,83,1,-1,-1,-1
720,14288,625,413,36,83,1,-1,-1,-1
720,14235,1662,529,66,106,1,-1,-1,-1
720,14219,360,445,40,88,1,-1,-1,-1
720,14335,522,437,31,92,1,-1,-1,-1
720,14336,1484,474,51,90,1,-1,-1,-1
720,14323,1002,478,49,94,1,-1,-1,-1
720,14338,1469,547,56,121,1,-1,-1,-1
720,14343,681,364,36,69,1,-1,-1,-1
721,14212,597,649,68,150,1,-1,-1,-1
721,14236,232,388,38,77,1,-1,-1,-1
721,14273,765,485,49,110,1,-1,-1,-1
721,14281,1674,493,62,93,1,-1,-1,-1
721,14282,293,415,40,83,1,-1,-1,-1
721,14283,388,384,34,83,1,-1,-1,-1
721,14288,627,413,35,83,1,-1,-1,-1
721,14235,1658,529,65,106,1,-1,-1,-1
721,14219,363,444,41,90,1,-1,-1,-1
721,14335,523,438,31,92,1,-1,-1,-1
721,14336,1494,476,50,89,1,-1,-1,-1
721,14323,1006,478,49,94,1,-1,-1,-1
721,14338,1475,547,56,121,1,-1,-1,-1
721,14343,682,365,36,69,1,-1,-1,-1
722,14212,600,649,69,151,1,-1,-1,-1
722,14236,234,389,39,77,1,-1,-1,-1
722,14273,772,485,49,108,1,-1,-1,-1
722,14281,1669,493,63,94,1,-1,-1,-1
722,14282,296,415,39,84,1,-1,-1,-1
722,14283,392,385,33,82,1,-1,-1,-1
722,14288,628,412,36,85,1,-1,-1,-1
722,14235,1655,529,64,104,1,-1,-1,-1
722,14219,367,444,40,91,1,-1,-1,-1
722,14335,524,438,31,93,1,-1,-1,-1
722,14336,1505,478,49,88,1,-1,-1,-1
722,14323,1009,478,50,94,1,-1,-1,-1
722,14338,1481,547,57,121,1,-1,-1,-1
722,14343,683,366,36,70,1,-1,-1,-1
723,14212,604,649,68,152,1,-1,-1,-1
723,14236,236,390,39,77,1,-1,-1,-1
723,14273,780,484,48,108,1,-1,-1,-1
723,14281,1663,494,64,94,1,-1,-1,-1
723,14282,299,415,39,84,1,-1,-1,-1
723,14283,396,386,32,81,1,-1,-1,-1
723,14288,630,412,36,85,1,-1,-1,-1
723,14235,1651,529,63,102,1,-1,-1,-1
723,14219,371,443,41,92,1,-1,-1,-1
723,14335,523,439,32,93,1,-1,-1,-1
723,14336,1516,480,48,88,1,-1,-1,-1
723,14323,1013,478,50,94,1,-1,-1,-1
723,14338,1487,547,58,122,1,-1,-1,-1
723,14343,684,367,36,70,1,-1,-1,-1
724,14212,606,649,69,154,1,-1,-1,-1
724,14236,238,390,39,77,1,-1,-1,-1
724,14273,788,483,47,108,1,-1,-1,-1
724,14281,1658,494,65,94,1,-1,-1,-1
724,14282,302,415,39,85,1,-1,-1,-1
724,14283,399,388,31,79,1,-1,-1,-1
724,14288,632,411,36,87,1,-1,-1,-1
724,14235,1648,528,61,102,1,-1,-1,-1
724,14219,374,443,42,94,1,-1,-1,-1
724,14335,524,440,31,93,1,-1,-1,-1
724,14336,1527,483,47,86,1,-1,-1,-1
724,14323,1016,478,51,93,1,-1,-1,-1
724,14338,1494,547,58,123,1,-1,-1,-1
724,14343,686,368,36,70,1,-1,-1,-1
725,14212,611,649,69,156,1,-1,-1,-1
725,14236,242,391,38,77,1,-1,-1,-1
725,14273,801,482,46,106,1,-1,-1,-1
725,14281,1649,495,66,94,1,-1,-1,-1
725,14282,307,415,39,85,1,-1,-1,-1
725,14283,404,390,32,78,1,-1,-1,-1
725,14288,635,410,36,88,1,-1,-1,-1
725,14235,1642,528,59,100,1,-1,-1,-1
725,14219,380,442,42,97,1,-1,-1,-1
725,14335,524,442,32,93,1,-1,-1,-1
725,14336,1544,486,47,85,1,-1,-1,-1
725,14323,1021,477,52,94,1,-1,-1,-1
725,14338,1505,547,58,124,1,-1,-1,-1
725,14343,688,370,36,69,1,-1,-1,-1
726,14212,614,649,68,157,1,-1,-1,-1
726,14236,243,392,38,76,1,-1,-1,-1
726,14273,805,481,46,106,1,-1,-1,-1
726,14281,1645,495,67,94,1,-1,-1,-1
726,14282,310,415,38,86,1,-1,-1,-1
726,14283,406,391,31,77,1,-1,-1,-1
726,14288,637,410,34,88,1,-1,-1,-1
726,14235,1640,528,57,99,1,-1,-1,-1
726,14219,383,441,42,98,1,-1,-1,-1
726,14335,524,443,33,93,1,-1,-1,-1
726,14336,1550,487,49,85,1,-1,-1,-1
726,14323,1026,476,53,95,1,-1,-1,-1
726,14338,1509,547,58,125,1,-1,-1,-1
726,14343,688,371,37,69,1,-1,-1,-1
727,14212,618,649,67,156,1,-1,-1,-1
727,14236,246,392,38,77,1,-1,-1,-1
727,14273,812,481,45,105,1,-1,-1,-1
727,14281,1641,494,67,93,1,-1,-1,-1
727,14282,313,415,38,86,1,-1,-1,-1
727,14283,408,390,31,76,1,-1,-1,-1
727,14288,639,410,34,88,1,-1,-1,-1
727,14235,1634,528,57,99,1,-1,-1,-1
727,14219,387,441,41,98,1,-1,-1,-1
727,14335,524,442,33,94,1,-1,-1,-1
727,14336,1564,493,47,79,1,-1,-1,-1
727,14323,1031,475,54,95,1,-1,-1,-1
727,14338,1513,547,58,124,1,-1,-1,-1
727,14343,690,371,36,69,1,-1,-1,-1
728,14212,622,649,67,155,1,-1,-1,-1
728,14236,249,392,38,77,1,-1,-1,-1
728,14273,820,480,44,104,1,-1,-1,-1
728,14281,1636,493,68,91,1,-1,-1,-1
728,14282,317,415,37,86,1,-1,-1,-1
728,14283,410,390,30,73,1,-1,-1,-1
728,14288,642,411,33,88,1,-1,-1,-1
728,14235,1627,527,56,99,1,-1,-1,-1
728,14219,391,440,41,98,1,-1,-1,-1
728,14335,523,441,33,94,1,-1,-1,-1
728,14336,1580,501,45,73,1,-1,-1,-1
728,14323,1036,474,55,96,1,-1,-1,-1
728,14338,1519,547,58,124,1,-1,-1,-1
728,14343,691,371,36,70,1,-1,-1,-1
729,14212,627,649,66,153,1,-1,-1,-1
729,14236,252,391,38,78,1,-1,-1,-1
729,14273,828,480,44,103,1,-1,-1,-1
729,14281,1633,492,68,89,1,-1,-1,-1
729,14282,321,415,38,86,1,-1,-1,-1
729,14283,412,389,29,70,1,-1,-1,-1
729,14288,645,412,34,86,1,-1,-1,-1
729,14235,1621,526,55,100,1,-1,-1,-1
729,14219,396,440,40,97,1,-1,-1,-1
729,14335,523,440,33,95,1,-1,-1,-1
729,14336,1596,508,43,67,1,-1,-1,-1
729,14323,1044,473,55,96,1,-1,-1,-1
729,14338,1524,547,57,124,1,-1,-1,-1
729,14343,691,371,37,70,1,-1,-1,-1
730,14212,632,649,65,153,1,-1,-1,-1
730,14236,255,391,38,78,1,-1,-1,-1
730,14273,836,480,44,101,1,-1,-1,-1
730,14281,1628,490,68,88,1,-1,-1,-1
730,14282,324,415,38,86,1,-1,-1,-1
730,14283,414,388,28,67,1,-1,-1,-1
730,14288,647,412,34,86,1,-1,-1,-1
730,14235,1614,524,54,101,1,-1,-1,-1
730,14219,401,439,40,98,1,-1,-1,-1
730,14335,522,439,33,96,1,-1,-1,-1
730,14336,1614,516,41,60,1,-1,-1,-1
730,14323,1048,472,55,97,1,-1,-1,-1
730,14338,1530,547,55,123,1,-1,-1,-1
730,14343,693,371,36,71,1,-1,-1,-1
731,14212,636,650,65,151,1,-1,-1,-1
731,14236,258,391,38,78,1,-1,-1,-1
731,14273,844,480,44,99,1,-1,-1,-1
731,14281,1624,489,68,85,1,-1,-1,-1
731,14282,328,415,39,85,1,-1,-1,-1
731,14283,416,388,26,64,1,-1,-1,-1
731,14288,650,413,34,85,1,-1,-1,-1
731,14235,1606,523,54,101,1,-1,-1,-1
731,14219,405,439,40,96,1,-1,-1,-1
731,14335,521,439,33,96,1,-1,-1,-1
731,14336,1631,525,39,52,1,-1,-1,-1
731,14323,1054,474,54,95,1,-1,-1,-1
731,14338,1536,547,55,123,1,-1,-1,-1
731,14343,694,371,36,71,1,-1,-1,-1
732,14212,642,650,65,149,1,-1,-1,-1
732,14236,262,391,38,79,1,-1,-1,-1
732,14273,853,479,44,98,1,-1,-1,-1
732,14281,1619,487,69,84,1,-1,-1,-1
732,14282,332,415,39,85,1,-1,-1,-1
732,14283,418,387,26,61,1,-1,-1,-1
732,14288,653,414,35,85,1,-1,-1,-1
732,14235,1598,522,53,101,1,-1,-1,-1
732,14219,410,438,40,97,1,-1,-1,-1
732,14335,521,438,32,97,1,-1,-1,-1
732,14336,1650,534,36,45,1,-1,-1,-1
732,14323,1060,475,53,94,1,-1,-1,-1
732,14338,1542,547,54,123,1,-1,-1,-1
732,14343,695,371,37,72,1,-1,-1,-1
733,14212,644,649,65,149,1,-1,-1,-1
733,14236,265,390,38,79,1,-1,-1,-1
733,14273,861,479,45,97,1,-1,-1,-1
733,14281,1614,488,68,82,1,-1,-1,-1
733,14282,336,414,40,86,1,-1,-1,-1
733,14283,420,387,25,59,1,-1,-1,-1
733,14288,655,414,36,85,1,-1,-1,-1
733,14235,1592,520,54,101,1,-1,-1,-1
733,14219,414,438,39,95,1,-1,-1,-1
733,14335,520,437,32,97,1,-1,-1,-1
733,14336,1658,536,37,42,1,-1,-1,-1
733,14323,1066,477,52,92,1,-1,-1,-1
733,14338,1547,547,53,123,1,-1,-1,-1
733,14343,697,372,36,71,1,-1,-1,-1
734,14212,645,647,64,149,1,-1,-1,-1
734,14236,268,390,38,79,1,-1,-1,-1
734,14273,870,477,45,98,1,-1,-1,-1
734,14281,1608,491,68,77,1,-1,-1,-1
734,14282,340,414,41,86,1,-1,-1,-1
734,14283,423,387,25,59,1,-1,-1,-1
734,14288,657,412,37,86,1,-1,-1,-1
734,14235,1587,517,53,101,1,-1,-1,-1
734,14219,418,437,39,95,1,-1,-1,-1
734,14335,521,437,31,97,1,-1,-1,-1
734,14336,1663,536,39,41,1,-1,-1,-1
734,14323,1072,479,50,91,1,-1,-1,-1
734,14338,1551,546,53,123,1,-1,-1,-1
734,14343,699,372,35,71,1,-1,-1,-1
735,14212,646,646,64,148,1,-1,-1,-1
735,14236,272,389,38,80,1,-1,-1,-1
735,14273,879,476,46,97,1,-1,-1,-1
735,14281,1603,493,67,73,1,-1,-1,-1
735,14282,344,413,41,87,1,-1,-1,-1
735,14283,425,386,25,60,1,-1,-1,-1
735,14288,659,411,37,87,1,-1,-1,-1
735,14235,1581,515,53,101,1,-1,-1,-1
735,14219,422,437,38,93,1,-1,-1,-1
735,14335,521,436,31,97,1,-1,-1,-1
735,14336,1667,535,42,41,1,-1,-1,-1
735,14323,1082,482,48,89,1,-1,-1,-1
735,14338,1555,545,52,123,1,-1,-1,-1
735,14343,702,373,35,71,1,-1,-1,-1
736,14212,648,644,63,147,1,-1,-1,-1
736,14236,275,388,38,80,1,-1,-1,-1
736,14273,888,474,46,98,1,-1,-1,-1
736,14281,1596,496,68,68,1,-1,-1,-1
736,14282,349,412,41,87,1,-1,-1,-1
736,14283,428,386,25,60,1,-1,-1,-1
736,14288,661,410,38,88,1,-1,-1,-1
736,14235,1576,513,52,101,1,-1,-1,-1
736,14219,425,436,38,92,1,-1,-1,-1
736,14335,521,436,30,97,1,-1,-1,-1
736,14336,1670,534,46,40,1,-1,-1,-1
736,14323,1086,483,47,88,1,-1,-1,-1
736,14338,1559,545,53,123,1,-1,-1,-1
736,14343,704,374,35,70,1,-1,-1,-1
737,14212,649,643,63,147,1,-1,-1,-1
737,14236,278,387,39,80,1,-1,-1,-1
737,14273,897,473,47,97,1,-1,-1,-1
737,14281,1590,499,68,64,1,-1,-1,-1
737,14282,353,411,42,88,1,-1,-1,-1
737,14283,430,387,26,60,1,-1,-1,-1
737,14288,664,409,37,89,1,-1,-1,-1
737,14235,1570,510,52,101,1,-1,-1,-1
737,14219,428,435,39,92,1,-1,-1,-1
737,14335,521,435,30,97,1,-1,-1,-1
737,14336,1674,533,49,39,1,-1,-1,-1
737,14323,1092,484,46,87,1,-1,-1,-1
737,14338,1563,544,53,123,1,-1,-1,-1
737,14343,706,375,36,69,1,-1,-1,-1
738,14212,651,641,62,146,1,-1,-1,-1
738,14236,283,386,38,81,1,-1,-1,-1
738,14273,909,471,47,98,1,-1,-1,-1
738,14281,1581,503,68,58,1,-1,-1,-1
738,14282,359,409,42,89,1,-1,-1,-1
738,14283,434,387,26,59,1,-1,-1,-1
738,14288,667,407,37,91,1,-1,-1,-1
738,14235,1564,507,52,101,1,-1,-1,-1
738,14219,433,435,39,90,1,-1,-1,-1
738,14335,521,435,29,97,1,-1,-1,-1
738,14336,1679,532,53,38,1,-1,-1,-1
738,14323,1097,484,45,87,1,-1,-1,-1
738,14338,1568,543,53,123,1,-1,-1,-1
738,14343,709,377,36,67,1,-1,-1,-1
739,14212,652,640,61,146,1,-1,-1,-1
739,14236,285,386,39,81,1,-1,-1,-1
739,14273,916,470,48,97,1,-1,-1,-1
739,14281,1575,507,69,55,1,-1,-1,-1
739,14282,362,409,41,88,1,-1,-1,-1
739,14283,435,387,28,60,1,-1,-1,-1
739,14288,669,407,37,91,1,-1,-1,-1
739,14235,1559,505,52,101,1,-1,-1,-1
739,14219,435,434,39,90,1,-1,-1,-1
739,14335,520,434,29,97,1,-1,-1,-1
739,14336,1680,531,58,39,1,-1,-1,-1
739,14323,1102,484,45,88,1,-1,-1,-1
739,14338,1570,542,54,123,1,-1,-1,-1
739,14343,710,378,36,67,1,-1,-1,-1
740,14212,652,637,61,148,1,-1,-1,-1
740,14236,287,385,39,81,1,-1,-1,-1
740,14273,925,469,47,97,1,-1,-1,-1
740,14281,1570,514,67,49,1,-1,-1,-1
740,14282,365,408,40,88,1,-1,-1,-1
740,14283,435,386,29,64,1,-1,-1,-1
740,14288,672,406,36,91,1,-1,-1,-1
740,14235,1553,503,53,101,1,-1,-1,-1
740,14219,438,433,39,90,1,-1,-1,-1
740,14335,520,433,29,98,1,-1,-1,-1
740,14336,1681,530,62,40,1,-1,-1,-1
740,14323,1107,484,45,87,1,-1,-1,-1
740,14338,1574,540,53,122,1,-1,-1,-1
740,14343,710,377,37,68,1,-1,-1,-1
741,14212,652,635,61,150,1,-1,-1,-1
741,14236,290,385,38,81,1,-1,-1,-1
741,14273,933,467,47,98,1,-1,-1,-1
741,14281,1565,520,64,45,1,-1,-1,-1
741,14282,368,407,39,89,1,-1,-1,-1
741,14283,435,386,30,67,1,-1,-1,-1
741,14288,674,405,36,92,1,-1,-1,-1
741,14235,1547,500,54,101,1,-1,-1,-1
741,14219,442,432,39,90,1,-1,-1,-1
741,14335,521,433,28,97,1,-1,-1,-1
741,14336,1682,528,67,41,1,-1,-1,-1
741,14323,1112,484,45,87,1,-1,-1,-1
741,14338,1577,537,53,122,1,-1,-1,-1
741,14343,710,377,38,68,1,-1,-1,-1
742,14212,652,633,61,151,1,-1,-1,-1
742,14236,292,384,38,82,1,-1,-1,-1
742,14273,942,466,46,98,1,-1,-1,-1
742,14281,1560,527,60,40,1,-1,-1,-1
742,14282,371,407,38,88,1,-1,-1,-1
742,14283,435,385,32,72,1,-1,-1,-1
742,14288,677,405,35,91,1,-1,-1,-1
742,14235,1542,498,53,100,1,-1,-1,-1
742,14219,444,431,41,90,1,-1,-1,-1
742,14335,520,432,28,98,1,-1,-1,-1
742,14336,1683,527,71,42,1,-1,-1,-1
742,14323,1118,484,44,87,1,-1,-1,-1
742,14338,1580,535,53,122,1,-1,-1,-1
742,14343,710,376,38,68,1,-1,-1,-1
743,14212,652,631,62,153,1,-1,-1,-1
743,14236,295,384,37,81,1,-1,-1,-1
743,14273,951,466,46,98,1,-1,-1,-1
743,14281,1556,534,55,35,1,-1,-1,-1
743,14282,374,407,38,87,1,-1,-1,-1
743,14283,435,384,33,77,1,-1,-1,-1
743,14288,680,405,34,91,1,-1,-1,-1
743,14235,1536,495,54,100,1,-1,-1,-1
743,14219,447,430,41,90,1,-1,-1,-1
743,14335,520,432,28,97,1,-1,-1,-1
743,14336,1685,526,74,43,1,-1,-1,-1
743,14323,1121,485,46,86,1,-1,-1,-1
743,14338,1583,533,53,122,1,-1,-1,-1
743,14343,710,376,38,68,1,-1,-1,-1
744,14212,653,628,61,156,1,-1,-1,-1
744,14236,299,383,36,82,1,-1,-1,-1
744,14273,963,465,46,98,1,-1,-1,-1
744,14281,1550,545,45,27,1,-1,-1,-1
744,14282,378,406,36,86,1,-1,-1,-1
744,14283,435,383,34,83,1,-1,-1,-1
744,14288,684,405,34,90,1,-1,-1,-1
744,14235,1527,491,56,100,1,-1,-1,-1
744,14219,451,428,42,91,1,-1,-1,-1
744,14335,520,431,28,97,1,-1,-1,-1
744,14336,1688,524,78,45,1,-1,-1,-1
744,14323,1126,485,47,87,1,-1,-1,-1
744,14338,1588,530,53,122,1,-1,-1,-1
744,14343,710,375,39,69,1,-1,-1,-1
745,14212,653,627,62,157,1,-1,-1,-1
745,14236,301,383,35,82,1,-1,-1,-1
745,14273,970,464,44,98,1,-1,-1,-1
745,14281,1549,547,44,26,1,-1,-1,-1
745,14282,380,405,36,87,1,-1,-1,-1
745,14283,436,383,34,85,1,-1,-1,-1
745,14288,686,404,34,91,1,-1,-1,-1
745,14235,1523,490,57,100,1,-1,-1,-1
745,14219,453,427,43,91,1,-1,-1,-1
745,14335,520,431,27,97,1,-1,-1,-1
745,14336,1689,524,80,45,1,-1,-1,-1
745,14323,1127,485,48,87,1,-1,-1,-1
745,14338,1591,529,52,122,1,-1,-1,-1
745,14343,710,375,39,69,1,-1,-1,-1
746,14212,654,627,61,156,1,-1,-1,-1
746,14236,304,383,34,82,1,-1,-1,-1
746,14273,978,464,44,97,1,-1,-1,-1
746,14281,1549,548,45,25,1,-1,-1,-1
746,14282,384,405,35,86,1,-1,-1,-1
746,14283,438,382,34,86,1,-1,-1,-1
746,14288,689,404,33,90,1,-1,-1,-1
746,14235,1518,489,60,100,1,-1,-1,-1
746,14219,456,427,43,91,1,-1,-1,-1
746,14335,521,432,27,96,1,-1,-1,-1
746,14336,1691,523,82,46,1,-1,-1,-1
746,14323,1127,485,50,88,1,-1,-1,-1
746,14338,1593,530,53,121,1,-1,-1,-1
746,14343,711,375,40,69,1,-1,-1,-1
747,14212,656,627,59,156,1,-1,-1,-1
747,14236,307,383,33,82,1,-1,-1,-1
747,14273,986,464,44,97,1,-1,-1,-1
747,14281,1548,548,50,26,1,-1,-1,-1
747,14282,387,405,35,86,1,-1,-1,-1
747,14283,442,382,33,86,1,-1,-1,-1
747,14288,691,404,32,90,1,-1,-1,-1
747,14235,1514,489,61,100,1,-1,-1,-1
747,14219,459,426,44,91,1,-1,-1,-1
747,14335,523,433,27,95,1,-1,-1,-1
747,14336,1693,523,84,47,1,-1,-1,-1
747,14323,1126,485,52,88,1,-1,-1,-1
747,14338,1597,532,52,120,1,-1,-1,-1
747,14343,713,374,40,70,1,-1,-1,-1
748,14212,657,627,58,154,1,-1,-1,-1
748,14236,310,383,33,82,1,-1,-1,-1
748,14273,994,463,44,97,1,-1,-1,-1
748,14281,1547,548,54,27,1,-1,-1,-1
748,14282,391,405,34,86,1,-1,-1,-1
748,14283,445,383,34,86,1,-1,-1,-1
748,14288,693,405,32,88,1,-1,-1,-1
748,14235,1509,488,63,100,1,-1,-1,-1
748,14219,463,426,43,92,1,-1,-1,-1
748,14335,525,434,27,94,1,-1,-1,-1
748,14336,1696,522,84,48,1,-1,-1,-1
748,14323,1124,485,55,88,1,-1,-1,-1
748,14338,1601,533,51,120,1,-1,-1,-1
748,14343,716,374,40,70,1,-1,-1,-1
749,14212,659,627,57,153,1,-1,-1,-1
749,14236,313,383,33,82,1,-1,-1,-1
749,14273,1003,463,43,96,1,-1,-1,-1
749,14281,1547,547,58,29,1,-1,-1,-1
749,14282,395,405,35,86,1,-1,-1,-1
749,14283,448,383,34,85,1,-1,-1,-1
749,14288,695,405,32,88,1,-1,-1,-1
749,14235,1505,488,65,100,1,-1,-1,-1
749,14219,467,426,43,91,1,-1,-1,-1
749,14335,526,434,27,94,1,-1,-1,-1
749,14336,1698,522,85,49,1,-1,-1,-1
749,14323,1124,484,58,89,1,-1,-1,-1
749,14338,1604,535,52,119,1,-1,-1,-1
749,14343,718,374,40,71,1,-1,-1,-1
750,14212,662,627,55,151,1,-1,-1,-1
750,14236,317,383,34,82,1,-1,-1,-1
750,14273,1016,463,44,94,1,-1,-1,-1
750,14281,1546,547,64,30,1,-1,-1,-1
750,14282,400,405,36,85,1,-1,-1,-1
750,14283,452,383,35,85,1,-1,-1,-1
750,14288,699,405,32,87,1,-1,-1,-1
750,14235,1497,487,67,99,1,-1,-1,-1
750,14219,474,425,43,92,1,-1,-1,-1
750,14335,529,436,27,92,1,-1,-1,-1
750,14336,1702,522,87,50,1,-1,-1,-1
750,14323,1129,480,63,94,1,-1,-1,-1
750,14338,1610,537,51,118,1,-1,-1,-1
750,14343,723,373,39,72,1,-1,-1,-1
750,14360,4,472,26,104,1,-1,-1,-1