1,2608,942,506,48,138,1,-1,-1,-1
1,2609,993,485,50,124,1,-1,-1,-1
1,2610,118,495,83,133,1,-1,-1,-1
1,2611,724,545,54,133,1,-1,-1,-1
1,2612,1092,496,55,138,1,-1,-1,-1
1,2613,1255,446,44,125,1,-1,-1,-1
1,2614,1118,489,74,131,1,-1,-1,-1
1,2615,737,527,36,126,1,-1,-1,-1
1,2616,498,257,28,84,1,-1,-1,-1
1,2617,313,430,39,121,1,-1,-1,-1
1,2618,1522,430,33,119,1,-1,-1,-1
1,2619,1370,491,49,112,1,-1,-1,-1
1,2620,1240,426,32,118,1,-1,-1,-1
1,2621,1159,487,70,126,1,-1,-1,-1
1,2622,1539,495,52,108,1,-1,-1,-1
1,2623,1324,440,36,123,1,-1,-1,-1
1,2624,1288,413,37,106,1,-1,-1,-1
1,2625,1369,464,40,121,1,-1,-1,-1
1,2626,1374,426,26,54,1,-1,-1,-1
1,2627,719,478,36,84,1,-1,-1,-1
1,2628,1133,512,27,100,1,-1,-1,-1
2,2608,941,506,48,138,1,-1,-1,-1
2,2609,992,485,50,124,1,-1,-1,-1
2,2610,118,494,82,132,1,-1,-1,-1
2,2611,721,545,54,133,1,-1,-1,-1
2,2612,1091,496,55,138,1,-1,-1,-1
2,2613,1257,446,44,124,1,-1,-1,-1
2,2614,1117,489,74,131,1,-1,-1,-1
2,2615,737,527,36,126,1,-1,-1,-1
2,2616,498,257,28,84,1,-1,-1,-1
2,2617,312,430,39,121,1,-1,-1,-1
2,2618,1522,430,33,119,1,-1,-1,-1
2,2619,1369,490,49,113,1,-1,-1,-1
2,2620,1240,426,32,118,1,-1,-1,-1
2,2621,1158,487,70,126,1,-1,-1,-1
2,2622,1538,495,52,108,1,-1,-1,-1
2,2623,1323,440,36,123,1,-1,-1,-1
2,2624,1287,413,37,106,1,-1,-1,-1
2,2625,1369,464,40,121,1,-1,-1,-1
2,2626,1372,426,28,58,1,-1,-1,-1
2,2627,719,478,36,84,1,-1,-1,-1
2,2628,1131,510,28,102,1,-1,-1,-1
3,2608,941,506,48,138,1,-1,-1,-1
3,2609,992,485,50,124,1,-1,-1,-1
3,2610,118,493,82,132,1,-1,-1,-1
3,2611,718,545,54,133,1,-1,-1,-1
3,2612,1090,496,55,138,1,-1,-1,-1
3,2613,1259,446,43,123,1,-1,-1,-1
3,2614,1116,489,74,131,1,-1,-1,-1
3,2615,737,527,36,126,1,-1,-1,-1
3,2616,499,257,28,84,1,-1,-1,-1
3,2617,311,430,39,120,1,-1,-1,-1
3,2618,1522,430,33,119,1,-1,-1,-1
3,2619,1368,489,51,114,1,-1,-1,-1
3,2620,1240,426,32,118,1,-1,-1,-1
3,2621,1158,487,70,126,1,-1,-1,-1
3,2622,1538,496,52,107,1,-1,-1,-1
3,2623,1323,440,36,123,1,-1,-1,-1
3,2624,1286,413,37,106,1,-1,-1,-1
3,2625,1369,464,40,121,1,-1,-1,-1
3,2626,1370,425,30,63,1,-1,-1,-1
3,2627,719,478,36,84,1,-1,-1,-1
3,2628,1131,508,28,104,1,-1,-1,-1
4,2608,940,505,48,138,1,-1,-1,-1
4,2609,992,485,49,123,1,-1,-1,-1
4,2610,119,493,81,131,1,-1,-1,-1
4,2611,715,546,54,132,1,-1,-1,-1
4,2612,1090,496,55,138,1,-1,-1,-1
4,2613,1261,447,43,122,1,-1,-1,-1
4,2614,1116,489,74,131,1,-1,-1,-1
4,2615,736,526,37,127,1,-1,-1,-1
4,2616,499,257,28,84,1,-1,-1,-1
4,2617,311,430,38,120,1,-1,-1,-1
4,2618,1522,430,33,119,1,-1,-1,-1
4,2619,1369,487,50,116,1,-1,-1,-1
4,2620,1240,426,32,118,1,-1,-1,-1
4,2621,1158,487,70,126,1,-1,-1,-1
4,2622,1539,497,51,106,1,-1,-1,-1
4,2623,1323,440,36,123,1,-1,-1,-1
4,2624,1285,413,37,106,1,-1,-1,-1
4,2625,1370,463,40,121,1,-1,-1,-1
4,2626,1369,424,32,69,1,-1,-1,-1
4,2627,719,478,36,84,1,-1,-1,-1
4,2628,1130,506,29,106,1,-1,-1,-1
5,2608,940,504,48,138,1,-1,-1,-1
5,2609,991,485,50,122,1,-1,-1,-1
5,2610,119,493,81,130,1,-1,-1,-1
5,2611,712,546,54,132,1,-1,-1,-1
5,2612,1089,496,55,138,1,-1,-1,-1
5,2613,1263,447,43,121,1,-1,-1,-1
5,2614,1115,489,74,131,1,-1,-1,-1
5,2615,736,525,36,128,1,-1,-1,-1
5,2616,500,257,28,84,1,-1,-1,-1
5,2617,310,431,39,119,1,-1,-1,-1
5,2618,1522,430,33,119,1,-1,-1,-1
5,2619,1369,486,50,117,1,-1,-1,-1
5,2620,1241,426,32,118,1,-1,-1,-1
5,2621,1158,487,69,126,1,-1,-1,-1
5,2622,1539,498,51,105,1,-1,-1,-1
5,2623,1323,440,36,123,1,-1,-1,-1
5,2624,1284,413,37,106,1,-1,-1,-1
5,2625,1370,462,40,121,1,-1,-1,-1
5,2626,1367,424,35,75,1,-1,-1,-1
5,2627,719,478,36,84,1,-1,-1,-1
5,2628,1130,504,29,108,1,-1,-1,-1
6,2608,939,504,49,138,1,-1,-1,-1
6,2609,991,485,49,123,1,-1,-1,-1
6,2610,118,492,82,130,1,-1,-1,-1
6,2611,709,547,54,131,1,-1,-1,-1
6,2612,1089,496,55,138,1,-1,-1,-1
6,2613,1265,447,42,120,1,-1,-1,-1
6,2614,1114,489,74,131,1,-1,-1,-1
6,2615,736,525,37,128,1,-1,-1,-1
6,2616,500,257,28,84,1,-1,-1,-1
6,2617,309,431,38,119,1,-1,-1,-1
6,2618,1522,430,33,119,1,-1,-1,-1
6,2619,1369,485,51,118,1,-1,-1,-1
6,2620,1241,426,32,118,1,-1,-1,-1
6,2621,1158,487,69,126,1,-1,-1,-1
6,2622,1540,498,50,105,1,-1,-1,-1
6,2623,1323,440,36,123,1,-1,-1,-1
6,2624,1284,413,36,106,1,-1,-1,-1
6,2625,1371,462,40,121,1,-1,-1,-1
6,2626,1366,424,36,80,1,-1,-1,-1
6,2627,719,478,36,84,1,-1,-1,-1
6,2628,1129,503,29,109,1,-1,-1,-1
7,2608,939,504,48,138,1,-1,-1,-1
7,2609,991,485,49,123,1,-1,-1,-1
7,2610,118,492,82,130,1,-1,-1,-1
7,2611,705,547,55,132,1,-1,-1,-1
7,2612,1088,496,55,138,1,-1,-1,-1
7,2613,1268,447,41,119,1,-1,-1,-1
7,2614,1113,489,74,131,1,-1,-1,-1
7,2615,735,525,38,128,1,-1,-1,-1
7,2616,500,257,28,84,1,-1,-1,-1
7,2617,308,431,38,120,1,-1,-1,-1
7,2618,1522,430,33,119,1,-1,-1,-1
7,2619,1369,483,51,119,1,-1,-1,-1
7,2620,1241,426,33,118,1,-1,-1,-1
7,2621,1157,487,70,126,1,-1,-1,-1
7,2622,1540,499,51,104,1,-1,-1,-1
7,2623,1323,440,36,123,1,-1,-1,-1
7,2624,1283,413,36,106,1,-1,-1,-1
7,2625,1371,462,41,121,1,-1,-1,-1
7,2626,1364,424,39,85,1,-1,-1,-1
7,2627,719,478,36,84,1,-1,-1,-1
7,2628,1128,501,30,111,1,-1,-1,-1
8,2608,938,504,49,138,1,-1,-1,-1
8,2609,990,486,49,122,1,-1,-1,-1
8,2610,118,492,82,129,1,-1,-1,-1
8,2611,703,548,55,131,1,-1,-1,-1
8,2612,1087,496,56,138,1,-1,-1,-1
8,2613,1270,446,41,119,1,-1,-1,-1
8,2614,1112,489,75,131,1,-1,-1,-1
8,2615,735,524,37,129,1,-1,-1,-1
8,2616,501,257,28,84,1,-1,-1,-1
8,2617,308,431,37,120,1,-1,-1,-1
8,2618,1523,430,33,119,1,-1,-1,-1
8,2619,1369,482,51,120,1,-1,-1,-1
8,2620,1241,426,33,118,1,-1,-1,-1
8,2621,1157,487,70,126,1,-1,-1,-1
8,2622,1540,500,51,103,1,-1,-1,-1
8,2623,1323,440,36,123,1,-1,-1,-1
8,2624,1282,413,37,106,1,-1,-1,-1
8,2625,1371,462,41,121,1,-1,-1,-1
8,2626,1363,424,40,90,1,-1,-1,-1
8,2627,719,478,35,83,1,-1,-1,-1
8,2628,1128,499,29,113,1,-1,-1,-1
9,2608,937,504,50,138,1,-1,-1,-1
9,2609,989,486,49,122,1,-1,-1,-1
9,2610,118,492,82,129,1,-1,-1,-1
9,2611,700,548,55,132,1,-1,-1,-1
9,2612,1086,495,56,139,1,-1,-1,-1
9,2613,1272,445,41,119,1,-1,-1,-1
9,2614,1111,489,74,131,1,-1,-1,-1
9,2615,734,524,38,129,1,-1,-1,-1
9,2616,501,257,28,83,1,-1,-1,-1
9,2617,308,431,37,120,1,-1,-1,-1
9,2618,1523,430,33,119,1,-1,-1,-1
9,2619,1369,481,51,121,1,-1,-1,-1
9,2620,1241,426,34,118,1,-1,-1,-1
9,2621,1157,487,69,126,1,-1,-1,-1
9,2622,1540,501,51,102,1,-1,-1,-1
9,2623,1323,440,35,123,1,-1,-1,-1
9,2624,1281,414,36,106,1,-1,-1,-1
9,2625,1372,462,41,121,1,-1,-1,-1
9,2626,1362,424,41,95,1,-1,-1,-1
9,2627,719,478,35,83,1,-1,-1,-1
9,2628,1128,497,29,115,1,-1,-1,-1
10,2608,937,504,49,138,1,-1,-1,-1
10,2609,988,486,48,123,1,-1,-1,-1
10,2610,118,491,82,130,1,-1,-1,-1
10,2611,697,548,55,132,1,-1,-1,-1
10,2612,1086,495,56,139,1,-1,-1,-1
10,2613,1275,443,41,119,1,-1,-1,-1
10,2614,1110,489,74,130,1,-1,-1,-1
10,2615,733,524,38,129,1,-1,-1,-1
10,2616,502,257,28,83,1,-1,-1,-1
10,2617,308,431,36,120,1,-1,-1,-1
10,2618,1523,430,33,119,1,-1,-1,-1
10,2619,1369,480,52,122,1,-1,-1,-1
10,2620,1242,426,33,118,1,-1,-1,-1
10,2621,1157,487,69,126,1,-1,-1,-1
10,2622,1540,501,51,102,1,-1,-1,-1
10,2623,1323,440,35,123,1,-1,-1,-1
10,2624,1281,414,35,106,1,-1,-1,-1
10,2625,1373,462,40,121,1,-1,-1,-1
10,2626,1361,424,42,100,1,-1,-1,-1
10,2627,719,478,36,83,1,-1,-1,-1
10,2628,1127,495,29,117,1,-1,-1,-1
11,2608,936,504,50,138,1,-1,-1,-1
11,2609,987,486,48,123,1,-1,-1,-1
11,2610,118,491,82,130,1,-1,-1,-1
11,2611,694,548,55,133,1,-1,-1,-1
11,2612,1085,494,56,140,1,-1,-1,-1
11,2613,1277,442,41,119,1,-1,-1,-1
11,2614,1109,489,74,130,1,-1,-1,-1
11,2615,732,524,39,129,1,-1,-1,-1
11,2616,502,257,28,82,1,-1,-1,-1
11,2617,308,431,36,120,1,-1,-1,-1
11,2618,1523,430,33,119,1,-1,-1,-1
11,2619,1370,479,51,123,1,-1,-1,-1
11,2620,1242,426,34,118,1,-1,-1,-1
11,2621,1157,488,68,126,1,-1,-1,-1
11,2622,1540,502,51,101,1,-1,-1,-1
11,2623,1323,440,35,123,1,-1,-1,-1
11,2624,1281,414,35,106,1,-1,-1,-1
11,2625,1373,461,41,121,1,-1,-1,-1
11,2626,1360,424,43,106,1,-1,-1,-1
11,2627,718,479,36,82,1,-1,-1,-1
11,2628,1126,493,30,118,1,-1,-1,-1
12,2608,935,504,50,138,1,-1,-1,-1
12,2609,986,486,48,123,1,-1,-1,-1
12,2610,117,491,83,130,1,-1,-1,-1
12,2611,690,548,55,133,1,-1,-1,-1
12,2612,1084,494,55,140,1,-1,-1,-1
12,2613,1279,441,41,119,1,-1,-1,-1
12,2614,1108,489,73,130,1,-1,-1,-1
12,2615,732,524,39,130,1,-1,-1,-1
12,2616,503,257,28,82,1,-1,-1,-1
12,2617,309,432,35,119,1,-1,-1,-1
12,2618,1523,430,33,119,1,-1,-1,-1
12,2619,1370,478,51,124,1,-1,-1,-1
12,2620,1242,426,35,118,1,-1,-1,-1
12,2621,1156,488,69,126,1,-1,-1,-1
12,2622,1540,503,51,100,1,-1,-1,-1
12,2623,1323,440,34,123,1,-1,-1,-1
12,2624,1280,414,34,106,1,-1,-1,-1
12,2625,1373,461,41,121,1,-1,-1,-1
12,2626,1359,424,44,111,1,-1,-1,-1
12,2627,718,479,36,82,1,-1,-1,-1
12,2628,1126,491,29,121,1,-1,-1,-1
13,2608,934,504,51,138,1,-1,-1,-1
13,2609,985,486,47,122,1,-1,-1,-1
13,2610,116,491,83,130,1,-1,-1,-1
13,2611,687,547,54,135,1,-1,-1,-1
13,2612,1083,494,55,139,1,-1,-1,-1
13,2613,1283,439,40,120,1,-1,-1,-1
13,2614,1107,490,72,129,1,-1,-1,-1
13,2615,731,524,39,130,1,-1,-1,-1
13,2616,503,257,28,82,1,-1,-1,-1
13,2617,309,432,35,119,1,-1,-1,-1
13,2618,1524,430,33,119,1,-1,-1,-1
13,2619,1370,476,51,125,1,-1,-1,-1
13,2620,1242,426,35,118,1,-1,-1,-1
13,2621,1156,488,68,126,1,-1,-1,-1
13,2622,1540,504,52,98,1,-1,-1,-1
13,2623,1324,440,34,123,1,-1,-1,-1
13,2624,1280,414,33,106,1,-1,-1,-1
13,2625,1374,461,41,121,1,-1,-1,-1
13,2626,1357,424,46,118,1,-1,-1,-1
13,2627,718,479,36,82,1,-1,-1,-1
13,2628,1125,489,29,123,1,-1,-1,-1
14,2608,934,504,51,138,1,-1,-1,-1
14,2609,984,486,48,122,1,-1,-1,-1
14,2610,116,490,83,130,1,-1,-1,-1
14,2611,685,547,54,135,1,-1,-1,-1
14,2612,1083,494,55,139,1,-1,-1,-1
14,2613,1284,438,41,120,1,-1,-1,-1
14,2614,1106,490,72,129,1,-1,-1,-1
14,2615,730,524,40,130,1,-1,-1,-1
14,2616,504,257,27,82,1,-1,-1,-1
14,2617,309,432,35,119,1,-1,-1,-1
14,2618,1524,430,33,119,1,-1,-1,-1
14,2619,1371,475,50,126,1,-1,-1,-1
14,2620,1242,426,36,118,1,-1,-1,-1
14,2621,1156,488,68,126,1,-1,-1,-1
14,2622,1540,505,52,97,1,-1,-1,-1
14,2623,1323,440,34,123,1,-1,-1,-1
14,2624,1279,414,33,106,1,-1,-1,-1
14,2625,1374,461,41,121,1,-1,-1,-1
14,2626,1357,424,45,120,1,-1,-1,-1
14,2627,718,479,36,83,1,-1,-1,-1
14,2628,1125,488,29,124,1,-1,-1,-1
15,2608,934,504,51,138,1,-1,-1,-1
15,2609,983,486,48,122,1,-1,-1,-1
15,2610,116,490,83,130,1,-1,-1,-1
15,2611,683,548,53,135,1,-1,-1,-1
15,2612,1083,494,55,139,1,-1,-1,-1
15,2613,1287,438,40,119,1,-1,-1,-1
15,2614,1106,490,71,129,1,-1,-1,-1
15,2615,729,523,40,131,1,-1,-1,-1
15,2616,504,257,28,82,1,-1,-1,-1
15,2617,309,432,35,119,1,-1,-1,-1
15,2618,1524,430,33,119,1,-1,-1,-1
15,2619,1371,475,51,127,1,-1,-1,-1
15,2620,1242,426,36,118,1,-1,-1,-1
15,2621,1156,488,67,126,1,-1,-1,-1
15,2622,1539,504,53,98,1,-1,-1,-1
15,2623,1323,440,34,123,1,-1,-1,-1
15,2624,1279,414,33,106,1,-1,-1,-1
15,2625,1375,461,41,121,1,-1,-1,-1
15,2626,1358,424,44,121,1,-1,-1,-1
15,2627,718,479,36,83,1,-1,-1,-1
15,2628,1125,488,29,125,1,-1,-1,-1
16,2608,934,504,51,138,1,-1,-1,-1
16,2609,983,486,48,122,1,-1,-1,-1
16,2610,116,490,83,130,1,-1,-1,-1
16,2611,681,548,53,135,1,-1,-1,-1
16,2612,1083,494,55,139,1,-1,-1,-1
16,2613,1289,438,39,119,1,-1,-1,-1
16,2614,1105,490,72,130,1,-1,-1,-1
16,2615,728,523,40,131,1,-1,-1,-1
16,2616,505,257,27,82,1,-1,-1,-1
16,2617,308,432,34,119,1,-1,-1,-1
16,2618,1524,430,33,119,1,-1,-1,-1
16,2619,1372,474,50,128,1,-1,-1,-1
16,2620,1242,426,37,118,1,-1,-1,-1
16,2621,1157,488,67,126,1,-1,-1,-1
16,2622,1540,504,53,98,1,-1,-1,-1
16,2623,1322,440,34,123,1,-1,-1,-1
16,2624,1279,414,32,106,1,-1,-1,-1
16,2625,1375,460,42,121,1,-1,-1,-1
16,2626,1358,424,43,121,1,-1,-1,-1
16,2627,718,479,36,83,1,-1,-1,-1
16,2628,1126,488,28,125,1,-1,-1,-1
17,2608,934,504,52,138,1,-1,-1,-1
17,2609,983,486,47,122,1,-1,-1,-1
17,2610,116,489,83,130,1,-1,-1,-1
17,2611,679,548,52,136,1,-1,-1,-1
17,2612,1082,495,55,139,1,-1,-1,-1
17,2613,1291,437,39,119,1,-1,-1,-1
17,2614,1104,490,72,130,1,-1,-1,-1
17,2615,727,523,41,131,1,-1,-1,-1
17,2616,505,257,28,82,1,-1,-1,-1
17,2617,308,432,34,119,1,-1,-1,-1
17,2618,1524,430,33,119,1,-1,-1,-1
17,2619,1373,474,49,128,1,-1,-1,-1
17,2620,1242,426,38,118,1,-1,-1,-1
17,2621,1157,488,67,126,1,-1,-1,-1
17,2622,1539,504,54,99,1,-1,-1,-1
17,2623,1322,440,34,123,1,-1,-1,-1
17,2624,1279,414,32,106,1,-1,-1,-1
17,2625,1375,460,42,121,1,-1,-1,-1
17,2626,1358,424,41,121,1,-1,-1,-1
17,2627,718,479,36,83,1,-1,-1,-1
17,2628,1126,488,28,126,1,-1,-1,-1
18,2608,934,504,52,138,1,-1,-1,-1
18,2609,982,486,48,123,1,-1,-1,-1
18,2610,116,489,83,130,1,-1,-1,-1
18,2611,677,549,51,135,1,-1,-1,-1
18,2612,1082,495,55,139,1,-1,-1,-1
18,2613,1293,437,39,118,1,-1,-1,-1
18,2614,1104,490,72,130,1,-1,-1,-1
18,2615,727,523,40,131,1,-1,-1,-1
18,2616,506,257,27,82,1,-1,-1,-1
18,2617,308,432,34,119,1,-1,-1,-1
18,2618,1524,430,33,119,1,-1,-1,-1
18,2619,1374,474,49,128,1,-1,-1,-1
18,2620,1243,426,37,118,1,-1,-1,-1
18,2621,1157,488,67,126,1,-1,-1,-1
18,2622,1539,503,54,100,1,-1,-1,-1
18,2623,1321,440,34,123,1,-1,-1,-1
18,2624,1279,414,32,106,1,-1,-1,-1
18,2625,1376,460,42,121,1,-1,-1,-1
18,2626,1358,424,41,121,1,-1,-1,-1
18,2627,717,479,37,83,1,-1,-1,-1
18,2628,1126,487,28,126,1,-1,-1,-1
19,2608,934,504,52,138,1,-1,-1,-1
19,2609,982,486,48,123,1,-1,-1,-1
19,2610,116,489,82,130,1,-1,-1,-1
19,2611,675,549,50,136,1,-1,-1,-1
19,2612,1081,495,56,139,1,-1,-1,-1
19,2613,1295,436,38,118,1,-1,-1,-1
19,2614,1104,490,71,129,1,-1,-1,-1
19,2615,726,523,41,131,1,-1,-1,-1
19,2616,506,257,27,82,1,-1,-1,-1
19,2617,308,432,34,120,1,-1,-1,-1
19,2618,1525,430,33,119,1,-1,-1,-1
19,2619,1374,473,49,129,1,-1,-1,-1
19,2620,1243,426,38,118,1,-1,-1,-1
19,2621,1157,489,66,126,1,-1,-1,-1
19,2622,1539,503,55,100,1,-1,-1,-1
19,2623,1320,439,34,123,1,-1,-1,-1
19,2624,1280,414,31,106,1,-1,-1,-1
19,2625,1376,460,42,121,1,-1,-1,-1
19,2626,1358,424,39,120,1,-1,-1,-1
19,2627,717,479,37,83,1,-1,-1,-1
19,2628,1126,487,27,126,1,-1,-1,-1
20,2608,935,504,51,138,1,-1,-1,-1
20,2609,981,486,48,124,1,-1,-1,-1
20,2610,115,488,83,130,1,-1,-1,-1
20,2611,673,550,50,135,1,-1,-1,-1
20,2612,1081,496,56,139,1,-1,-1,-1
20,2613,1297,436,38,117,1,-1,-1,-1
20,2614,1104,490,71,129,1,-1,-1,-1
20,2615,725,522,42,132,1,-1,-1,-1
20,2616,507,257,27,82,1,-1,-1,-1
20,2617,308,432,34,120,1,-1,-1,-1
20,2618,1525,430,33,119,1,-1,-1,-1
20,2619,1375,473,48,129,1,-1,-1,-1
20,2620,1243,426,39,118,1,-1,-1,-1
20,2621,1158,489,65,126,1,-1,-1,-1
20,2622,1539,503,55,100,1,-1,-1,-1
20,2623,1319,439,35,123,1,-1,-1,-1
20,2624,1280,414,31,106,1,-1,-1,-1
20,2625,1376,460,43,121,1,-1,-1,-1
20,2626,1358,424,39,119,1,-1,-1,-1
20,2627,717,479,36,83,1,-1,-1,-1
20,2628,1126,487,27,126,1,-1,-1,-1
21,2608,935,504,52,138,1,-1,-1,-1
21,2609,981,486,49,124,1,-1,-1,-1
21,2610,115,488,82,130,1,-1,-1,-1
21,2611,671,550,49,136,1,-1,-1,-1
21,2612,1081,496,55,139,1,-1,-1,-1
21,2613,1299,436,38,116,1,-1,-1,-1
21,2614,1104,490,70,129,1,-1,-1,-1
21,2615,724,522,42,133,1,-1,-1,-1
21,2616,507,257,27,82,1,-1,-1,-1
21,2617,308,432,33,120,1,-1,-1,-1
21,2618,1525,430,33,119,1,-1,-1,-1
21,2619,1375,473,48,129,1,-1,-1,-1
21,2620,1243,426,39,118,1,-1,-1,-1
21,2621,1158,489,65,126,1,-1,-1,-1
21,2622,1539,502,55,101,1,-1,-1,-1
21,2623,1319,438,35,123,1,-1,-1,-1
21,2624,1280,414,31,106,1,-1,-1,-1
21,2625,1377,459,43,121,1,-1,-1,-1
21,2626,1358,423,38,119,1,-1,-1,-1
21,2627,718,479,36,83,1,-1,-1,-1
21,2628,1126,487,27,127,1,-1,-1,-1
22,2608,935,504,52,138,1,-1,-1,-1
22,2609,980,486,49,124,1,-1,-1,-1
22,2610,115,488,82,130,1,-1,-1,-1
22,2611,668,551,49,136,1,-1,-1,-1
22,2612,1080,496,56,139,1,-1,-1,-1
22,2613,1301,435,38,116,1,-1,-1,-1
22,2614,1103,490,71,129,1,-1,-1,-1
22,2615,723,522,42,133,1,-1,-1,-1
22,2616,508,257,27,82,1,-1,-1,-1
22,2617,308,432,33,120,1,-1,-1,-1
22,2618,1525,430,33,119,1,-1,-1,-1
22,2619,1376,472,48,130,1,-1,-1,-1
22,2620,1243,426,40,118,1,-1,-1,-1
22,2621,1158,489,65,126,1,-1,-1,-1
22,2622,1539,502,55,101,1,-1,-1,-1
22,2623,1318,438,35,123,1,-1,-1,-1
22,2624,1280,414,31,106,1,-1,-1,-1
22,2625,1377,459,43,121,1,-1,-1,-1
22,2626,1358,423,37,119,1,-1,-1,-1
22,2627,718,479,36,82,1,-1,-1,-1
22,2628,1127,487,27,127,1,-1,-1,-1
23,2608,936,504,51,138,1,-1,-1,-1
23,2609,979,486,49,125,1,-1,-1,-1
23,2610,115,487,81,130,1,-1,-1,-1
23,2611,666,551,49,136,1,-1,-1,-1
23,2612,1080,497,56,139,1,-1,-1,-1
23,2613,1303,435,37,115,1,-1,-1,-1
23,2614,1103,490,71,129,1,-1,-1,-1
23,2615,723,522,42,133,1,-1,-1,-1
23,2616,508,257,27,82,1,-1,-1,-1
23,2617,308,432,33,120,1,-1,-1,-1
23,2618,1525,430,33,119,1,-1,-1,-1
23,2619,1376,472,48,131,1,-1,-1,-1
23,2620,1243,426,41,118,1,-1,-1,-1
23,2621,1158,489,66,126,1,-1,-1,-1
23,2622,1539,502,55,101,1,-1,-1,-1
23,2623,1316,438,36,123,1,-1,-1,-1
23,2624,1280,414,31,106,1,-1,-1,-1
23,2625,1377,459,44,121,1,-1,-1,-1
23,2626,1358,423,36,119,1,-1,-1,-1
23,2627,718,479,35,82,1,-1,-1,-1
23,2628,1127,487,27,127,1,-1,-1,-1
24,2608,936,504,50,138,1,-1,-1,-1
24,2609,979,486,49,126,1,-1,-1,-1
24,2610,115,487,81,130,1,-1,-1,-1
24,2611,663,552,50,136,1,-1,-1,-1
24,2612,1079,497,56,139,1,-1,-1,-1
24,2613,1305,434,37,115,1,-1,-1,-1
24,2614,1102,491,71,128,1,-1,-1,-1
24,2615,722,522,43,133,1,-1,-1,-1
24,2616,509,257,27,82,1,-1,-1,-1
24,2617,309,432,32,120,1,-1,-1,-1
24,2618,1526,430,33,119,1,-1,-1,-1
24,2619,1377,472,47,131,1,-1,-1,-1
24,2620,1243,426,41,118,1,-1,-1,-1
24,2621,1158,489,66,126,1,-1,-1,-1
24,2622,1539,501,55,102,1,-1,-1,-1
24,2623,1315,438,37,123,1,-1,-1,-1
24,2624,1281,415,30,106,1,-1,-1,-1
24,2625,1378,459,44,121,1,-1,-1,-1
24,2626,1357,423,36,118,1,-1,-1,-1
24,2627,718,479,35,82,1,-1,-1,-1
24,2628,1127,487,27,127,1,-1,-1,-1
25,2608,937,504,50,138,1,-1,-1,-1
25,2609,978,487,50,125,1,-1,-1,-1
25,2610,115,486,80,130,1,-1,-1,-1
25,2611,659,552,49,137,1,-1,-1,-1
25,2612,1078,497,57,139,1,-1,-1,-1
25,2613,1308,434,37,113,1,-1,-1,-1
25,2614,1102,491,71,128,1,-1,-1,-1
25,2615,721,522,43,133,1,-1,-1,-1
25,2616,510,257,27,82,1,-1,-1,-1
25,2617,308,432,32,120,1,-1,-1,-1
25,2618,1526,430,33,119,1,-1,-1,-1
25,2619,1378,471,47,132,1,-1,-1,-1
25,2620,1243,426,42,118,1,-1,-1,-1
25,2621,1158,489,66,126,1,-1,-1,-1
25,2622,1539,500,55,103,1,-1,-1,-1
25,2623,1314,438,38,123,1,-1,-1,-1
25,2624,1281,415,30,106,1,-1,-1,-1
25,2625,1378,458,45,121,1,-1,-1,-1
25,2626,1357,423,35,118,1,-1,-1,-1
25,2627,718,480,35,81,1,-1,-1,-1
25,2628,1127,487,27,128,1,-1,-1,-1
26,2608,938,504,49,138,1,-1,-1,-1
26,2609,978,487,50,126,1,-1,-1,-1
26,2610,116,486,79,129,1,-1,-1,-1
26,2611,658,553,49,137,1,-1,-1,-1
26,2612,1078,497,57,139,1,-1,-1,-1
26,2613,1309,433,37,113,1,-1,-1,-1
26,2614,1101,491,72,129,1,-1,-1,-1
26,2615,721,521,43,134,1,-1,-1,-1
26,2616,510,257,27,82,1,-1,-1,-1
26,2617,307,432,33,120,1,-1,-1,-1
26,2618,1526,430,33,119,1,-1,-1,-1
26,2619,1379,471,46,132,1,-1,-1,-1
26,2620,1243,426,43,118,1,-1,-1,-1
26,2621,1158,489,66,126,1,-1,-1,-1
26,2622,1539,500,55,103,1,-1,-1,-1
26,2623,1314,438,38,123,1,-1,-1,-1
26,2624,1281,415,30,106,1,-1,-1,-1
26,2625,1378,458,45,121,1,-1,-1,-1
26,2626,1357,423,35,118,1,-1,-1,-1
26,2627,718,480,34,81,1,-1,-1,-1
26,2628,1127,487,27,128,1,-1,-1,-1
27,2608,938,504,49,138,1,-1,-1,-1
27,2609,978,487,50,126,1,-1,-1,-1
27,2610,115,486,79,129,1,-1,-1,-1
27,2611,655,553,49,137,1,-1,-1,-1
27,2612,1078,497,57,139,1,-1,-1,-1
27,2613,1311,433,36,113,1,-1,-1,-1
27,2614,1101,490,72,129,1,-1,-1,-1
27,2615,720,521,43,135,1,-1,-1,-1
27,2616,511,257,27,81,1,-1,-1,-1
27,2617,308,432,32,121,1,-1,-1,-1
27,2618,1526,430,33,119,1,-1,-1,-1
27,2619,1379,471,46,132,1,-1,-1,-1
27,2620,1242,426,44,118,1,-1,-1,-1
27,2621,1158,490,66,126,1,-1,-1,-1
27,2622,1539,499,55,104,1,-1,-1,-1
27,2623,1314,438,38,122,1,-1,-1,-1
27,2624,1281,415,30,106,1,-1,-1,-1
27,2625,1378,458,45,121,1,-1,-1,-1
27,2626,1356,423,35,117,1,-1,-1,-1
27,2627,718,480,35,83,1,-1,-1,-1
27,2628,1128,487,27,128,1,-1,-1,-1
28,2608,938,504,49,138,1,-1,-1,-1
28,2609,978,487,50,126,1,-1,-1,-1
28,2610,114,486,79,130,1,-1,-1,-1
28,2611,651,554,49,137,1,-1,-1,-1
28,2612,1077,497,58,139,1,-1,-1,-1
28,2613,1312,432,36,113,1,-1,-1,-1
28,2614,1102,490,71,129,1,-1,-1,-1
28,2615,719,521,44,135,1,-1,-1,-1
28,2616,511,257,27,81,1,-1,-1,-1
28,2617,308,432,32,120,1,-1,-1,-1
28,2618,1526,430,33,119,1,-1,-1,-1
28,2619,1379,470,47,133,1,-1,-1,-1
28,2620,1242,426,44,118,1,-1,-1,-1
28,2621,1158,490,66,126,1,-1,-1,-1
28,2622,1540,498,55,104,1,-1,-1,-1
28,2623,1313,439,39,122,1,-1,-1,-1
28,2624,1281,415,30,106,1,-1,-1,-1
28,2625,1377,458,45,121,1,-1,-1,-1
28,2626,1356,423,35,117,1,-1,-1,-1
28,2627,718,480,36,85,1,-1,-1,-1
28,2628,1129,487,27,127,1,-1,-1,-1
29,2608,939,504,49,138,1,-1,-1,-1
29,2609,978,487,50,126,1,-1,-1,-1
29,2610,113,486,79,130,1,-1,-1,-1
29,2611,647,554,50,137,1,-1,-1,-1
29,2612,1077,497,58,139,1,-1,-1,-1
29,2613,1314,431,36,114,1,-1,-1,-1
29,2614,1102,489,72,129,1,-1,-1,-1
29,2615,718,521,44,135,1,-1,-1,-1
29,2616,511,257,27,81,1,-1,-1,-1
29,2617,308,432,32,120,1,-1,-1,-1
29,2618,1527,430,33,119,1,-1,-1,-1
29,2619,1380,470,46,133,1,-1,-1,-1
29,2620,1242,426,44,118,1,-1,-1,-1
29,2621,1158,489,66,126,1,-1,-1,-1
29,2622,1540,497,55,106,1,-1,-1,-1
29,2623,1312,439,40,122,1,-1,-1,-1
29,2624,1281,415,30,106,1,-1,-1,-1
29,2625,1377,458,45,121,1,-1,-1,-1
29,2626,1356,423,34,117,1,-1,-1,-1
29,2627,718,480,36,88,1,-1,-1,-1
29,2628,1129,486,28,128,1,-1,-1,-1
30,2608,940,505,48,138,1,-1,-1,-1
30,2609,977,487,51,126,1,-1,-1,-1
30,2610,113,485,78,130,1,-1,-1,-1
30,2611,643,555,50,137,1,-1,-1,-1
30,2612,1077,497,58,139,1,-1,-1,-1
30,2613,1315,431,35,113,1,-1,-1,-1
30,2614,1102,489,72,129,1,-1,-1,-1
30,2615,717,521,45,135,1,-1,-1,-1
30,2616,512,257,27,81,1,-1,-1,-1
30,2617,309,432,32,120,1,-1,-1,-1
30,2618,1527,430,33,119,1,-1,-1,-1
30,2619,1381,470,46,133,1,-1,-1,-1
30,2620,1242,426,45,118,1,-1,-1,-1
30,2621,1158,489,66,126,1,-1,-1,-1
30,2622,1540,496,55,107,1,-1,-1,-1
30,2623,1311,439,40,122,1,-1,-1,-1
30,2624,1281,415,30,106,1,-1,-1,-1
30,2625,1375,457,46,121,1,-1,-1,-1
30,2626,1355,423,34,116,1,-1,-1,-1
30,2627,718,479,37,90,1,-1,-1,-1
30,2628,1130,486,28,128,1,-1,-1,-1
31,2608,941,505,48,138,1,-1,-1,-1
31,2609,977,487,51,127,1,-1,-1,-1
31,2610,112,485,77,130,1,-1,-1,-1
31,2611,639,555,50,137,1,-1,-1,-1
31,2612,1077,497,58,139,1,-1,-1,-1
31,2613,1316,430,36,114,1,-1,-1,-1
31,2614,1103,488,72,129,1,-1,-1,-1
31,2615,716,521,45,135,1,-1,-1,-1
31,2616,512,257,27,81,1,-1,-1,-1
31,2617,308,432,32,120,1,-1,-1,-1
31,2618,1527,430,33,120,1,-1,-1,-1
31,2619,1381,470,46,132,1,-1,-1,-1
31,2620,1241,426,46,118,1,-1,-1,-1
31,2621,1158,489,66,126,1,-1,-1,-1
31,2622,1541,494,55,109,1,-1,-1,-1
31,2623,1311,440,40,121,1,-1,-1,-1
31,2624,1281,415,30,105,1,-1,-1,-1
31,2625,1375,457,45,121,1,-1,-1,-1
31,2626,1354,423,33,116,1,-1,-1,-1
31,2627,718,479,38,92,1,-1,-1,-1
31,2628,1131,486,28,128,1,-1,-1,-1
32,2608,942,505,47,138,1,-1,-1,-1
32,2609,977,487,51,127,1,-1,-1,-1
32,2610,111,485,77,130,1,-1,-1,-1
32,2611,633,556,51,137,1,-1,-1,-1
32,2612,1077,497,59,139,1,-1,-1,-1
32,2613,1317,429,35,114,1,-1,-1,-1
32,2614,1103,488,72,129,1,-1,-1,-1
32,2615,715,521,46,135,1,-1,-1,-1
32,2616,513,257,27,81,1,-1,-1,-1
32,2617,308,431,33,120,1,-1,-1,-1
32,2618,1528,430,32,120,1,-1,-1,-1
32,2619,1382,469,45,133,1,-1,-1,-1
32,2620,1241,427,46,118,1,-1,-1,-1
32,2621,1159,489,65,126,1,-1,-1,-1
32,2622,1541,493,55,110,1,-1,-1,-1
32,2623,1310,440,41,121,1,-1,-1,-1
32,2624,1282,415,29,105,1,-1,-1,-1
32,2625,1374,457,46,121,1,-1,-1,-1
32,2626,1353,424,33,115,1,-1,-1,-1
32,2627,719,479,38,95,1,-1,-1,-1
32,2628,1132,486,28,128,1,-1,-1,-1
33,2608,942,506,47,138,1,-1,-1,-1
33,2609,977,487,51,127,1,-1,-1,-1
33,2610,111,485,76,130,1,-1,-1,-1
33,2611,631,557,51,136,1,-1,-1,-1
33,2612,1077,497,59,139,1,-1,-1,-1
33,2613,1319,428,35,114,1,-1,-1,-1
33,2614,1104,488,72,129,1,-1,-1,-1
33,2615,714,522,47,134,1,-1,-1,-1
33,2616,513,257,27,81,1,-1,-1,-1
33,2617,308,431,33,120,1,-1,-1,-1
33,2618,1528,430,32,120,1,-1,-1,-1
33,2619,1383,469,45,132,1,-1,-1,-1
33,2620,1241,427,46,118,1,-1,-1,-1
33,2621,1159,489,65,126,1,-1,-1,-1
33,2622,1542,492,54,111,1,-1,-1,-1
33,2623,1310,440,41,121,1,-1,-1,-1
33,2624,1282,415,29,105,1,-1,-1,-1
33,2625,1374,456,45,121,1,-1,-1,-1
33,2626,1353,424,33,115,1,-1,-1,-1
33,2627,719,479,38,96,1,-1,-1,-1
33,2628,1133,486,29,127,1,-1,-1,-1
34,2608,943,506,47,138,1,-1,-1,-1
34,2609,977,487,50,127,1,-1,-1,-1
34,2610,111,485,75,130,1,-1,-1,-1
34,2611,630,557,51,136,1,-1,-1,-1
34,2612,1077,497,59,139,1,-1,-1,-1
34,2613,1320,427,35,114,1,-1,-1,-1
34,2614,1104,487,72,129,1,-1,-1,-1
34,2615,713,522,48,134,1,-1,-1,-1
34,2616,514,257,27,81,1,-1,-1,-1
34,2617,308,431,33,119,1,-1,-1,-1
34,2618,1528,430,32,120,1,-1,-1,-1
34,2619,1383,469,46,132,1,-1,-1,-1
34,2620,1241,427,46,117,1,-1,-1,-1
34,2621,1159,489,66,126,1,-1,-1,-1
34,2622,1543,491,53,113,1,-1,-1,-1
34,2623,1309,440,42,121,1,-1,-1,-1
34,2624,1282,415,29,104,1,-1,-1,-1
34,2625,1373,456,45,121,1,-1,-1,-1
34,2626,1353,424,33,115,1,-1,-1,-1
34,2627,720,478,38,99,1,-1,-1,-1
34,2628,1133,486,29,127,1,-1,-1,-1
35,2608,943,506,46,137,1,-1,-1,-1
35,2609,977,487,50,128,1,-1,-1,-1
35,2610,110,484,75,130,1,-1,-1,-1
35,2611,628,557,52,136,1,-1,-1,-1
35,2612,1077,497,60,139,1,-1,-1,-1
35,2613,1321,426,34,114,1,-1,-1,-1
35,2614,1105,487,71,128,1,-1,-1,-1
35,2615,713,522,48,135,1,-1,-1,-1
35,2616,514,257,27,81,1,-1,-1,-1
35,2617,308,430,33,120,1,-1,-1,-1
35,2618,1528,430,32,120,1,-1,-1,-1
35,2619,1384,469,45,132,1,-1,-1,-1
35,2620,1241,427,46,117,1,-1,-1,-1
35,2621,1159,488,66,126,1,-1,-1,-1
35,2622,1543,490,53,114,1,-1,-1,-1
35,2623,1309,440,42,121,1,-1,-1,-1
35,2624,1282,415,29,104,1,-1,-1,-1
35,2625,1372,456,46,121,1,-1,-1,-1
35,2626,1352,425,33,114,1,-1,-1,-1
35,2627,720,478,39,102,1,-1,-1,-1
35,2628,1134,485,30,128,1,-1,-1,-1
36,2608,944,506,46,137,1,-1,-1,-1
36,2609,977,488,50,127,1,-1,-1,-1
36,2610,110,483,75,131,1,-1,-1,-1
36,2611,627,558,52,136,1,-1,-1,-1
36,2612,1077,497,60,139,1,-1,-1,-1
36,2613,1323,425,34,114,1,-1,-1,-1
36,2614,1106,486,71,129,1,-1,-1,-1
36,2615,712,522,49,135,1,-1,-1,-1
36,2616,515,257,27,81,1,-1,-1,-1
36,2617,307,430,33,120,1,-1,-1,-1
36,2618,1529,430,32,120,1,-1,-1,-1
36,2619,1384,469,46,132,1,-1,-1,-1
36,2620,1240,427,47,117,1,-1,-1,-1
36,2621,1159,488,66,126,1,-1,-1,-1
36,2622,1544,488,52,116,1,-1,-1,-1
36,2623,1308,440,43,121,1,-1,-1,-1
36,2624,1282,415,29,104,1,-1,-1,-1
36,2625,1371,456,46,121,1,-1,-1,-1
36,2626,1351,425,33,113,1,-1,-1,-1
36,2627,721,478,39,104,1,-1,-1,-1
36,2628,1135,485,31,127,1,-1,-1,-1
37,2608,945,506,46,137,1,-1,-1,-1
37,2609,977,488,50,127,1,-1,-1,-1
37,2610,110,483,74,130,1,-1,-1,-1
37,2611,626,558,52,136,1,-1,-1,-1
37,2612,1077,497,60,139,1,-1,-1,-1
37,2613,1324,424,33,115,1,-1,-1,-1
37,2614,1106,485,71,129,1,-1,-1,-1
37,2615,711,523,50,134,1,-1,-1,-1
37,2616,515,257,27,81,1,-1,-1,-1
37,2617,307,430,33,120,1,-1,-1,-1
37,2618,1529,430,31,120,1,-1,-1,-1
37,2619,1385,468,46,133,1,-1,-1,-1
37,2620,1240,427,47,117,1,-1,-1,-1
37,2621,1159,488,66,126,1,-1,-1,-1
37,2622,1545,487,51,117,1,-1,-1,-1
37,2623,1308,440,43,121,1,-1,-1,-1
37,2624,1282,415,29,104,1,-1,-1,-1
37,2625,1371,455,45,121,1,-1,-1,-1
37,2626,1350,425,33,113,1,-1,-1,-1
37,2627,722,478,39,106,1,-1,-1,-1
37,2628,1136,485,30,127,1,-1,-1,-1
38,2608,946,506,45,137,1,-1,-1,-1
38,2609,977,488,50,127,1,-1,-1,-1
38,2610,110,482,73,130,1,-1,-1,-1
38,2611,625,558,52,136,1,-1,-1,-1
38,2612,1077,497,60,139,1,-1,-1,-1
38,2613,1326,423,33,115,1,-1,-1,-1
38,2614,1107,485,71,129,1,-1,-1,-1
38,2615,711,523,50,134,1,-1,-1,-1
38,2616,516,257,27,81,1,-1,-1,-1
38,2617,307,430,33,120,1,-1,-1,-1
38,2618,1530,430,30,120,1,-1,-1,-1
38,2619,1386,468,45,132,1,-1,-1,-1
38,2620,1240,427,47,116,1,-1,-1,-1
38,2621,1159,488,66,126,1,-1,-1,-1
38,2622,1545,486,51,118,1,-1,-1,-1
38,2623,1307,440,43,121,1,-1,-1,-1
38,2624,1282,415,30,104,1,-1,-1,-1
38,2625,1370,455,45,121,1,-1,-1,-1
38,2626,1349,425,33,113,1,-1,-1,-1
38,2627,723,478,39,109,1,-1,-1,-1
38,2628,1137,485,31,127,1,-1,-1,-1
39,2608,946,506,46,137,1,-1,-1,-1
39,2609,976,488,50,127,1,-1,-1,-1
39,2610,110,481,73,130,1,-1,-1,-1
39,2611,624,559,52,136,1,-1,-1,-1
39,2612,1077,497,60,139,1,-1,-1,-1
39,2613,1326,422,33,115,1,-1,-1,-1
39,2614,1107,484,71,129,1,-1,-1,-1
39,2615,711,523,50,134,1,-1,-1,-1
39,2616,516,257,27,81,1,-1,-1,-1
39,2617,307,430,33,119,1,-1,-1,-1
39,2618,1530,430,31,120,1,-1,-1,-1
39,2619,1387,468,45,132,1,-1,-1,-1
39,2620,1240,427,47,117,1,-1,-1,-1
39,2621,1159,488,66,126,1,-1,-1,-1
39,2622,1546,485,49,119,1,-1,-1,-1
39,2623,1307,440,43,121,1,-1,-1,-1
39,2624,1282,415,30,104,1,-1,-1,-1
39,2625,1370,455,45,121,1,-1,-1,-1
39,2626,1348,425,33,113,1,-1,-1,-1
39,2627,724,478,39,110,1,-1,-1,-1
39,2628,1137,485,31,127,1,-1,-1,-1
40,2608,947,507,45,136,1,-1,-1,-1
40,2609,976,488,49,127,1,-1,-1,-1
40,2610,111,481,72,130,1,-1,-1,-1
40,2611,621,559,53,136,1,-1,-1,-1
40,2612,1077,497,60,139,1,-1,-1,-1
40,2613,1326,422,32,114,1,-1,-1,-1
40,2614,1107,484,71,129,1,-1,-1,-1
40,2615,711,523,50,134,1,-1,-1,-1
40,2616,517,257,27,81,1,-1,-1,-1
40,2617,306,430,33,119,1,-1,-1,-1
40,2618,1530,430,30,120,1,-1,-1,-1
40,2619,1387,468,45,132,1,-1,-1,-1
40,2620,1240,427,47,117,1,-1,-1,-1
40,2621,1159,488,66,126,1,-1,-1,-1
40,2622,1547,485,48,120,1,-1,-1,-1
40,2623,1307,440,44,121,1,-1,-1,-1
40,2624,1282,415,30,104,1,-1,-1,-1
40,2625,1370,455,45,121,1,-1,-1,-1
40,2626,1349,425,32,113,1,-1,-1,-1
40,2627,725,478,39,110,1,-1,-1,-1
40,2628,1136,484,32,127,1,-1,-1,-1
41,2608,947,507,45,137,1,-1,-1,-1
41,2609,975,488,49,127,1,-1,-1,-1
41,2610,111,481,72,130,1,-1,-1,-1
41,2611,618,559,53,136,1,-1,-1,-1
41,2612,1078,497,60,139,1,-1,-1,-1
41,2613,1324,422,32,114,1,-1,-1,-1
41,2614,1107,484,71,129,1,-1,-1,-1
41,2615,710,523,50,134,1,-1,-1,-1
41,2616,517,257,27,81,1,-1,-1,-1
41,2617,305,430,34,119,1,-1,-1,-1
41,2618,1530,430,30,120,1,-1,-1,-1
41,2619,1387,468,45,132,1,-1,-1,-1
41,2620,1240,428,47,116,1,-1,-1,-1
41,2621,1159,488,66,126,1,-1,-1,-1
41,2622,1547,485,47,120,1,-1,-1,-1
41,2623,1307,440,43,121,1,-1,-1,-1
41,2624,1282,415,30,104,1,-1,-1,-1
41,2625,1370,454,44,121,1,-1,-1,-1
41,2626,1349,424,33,113,1,-1,-1,-1
41,2627,725,478,39,110,1,-1,-1,-1
41,2628,1136,484,32,128,1,-1,-1,-1
42,2608,947,507,45,137,1,-1,-1,-1
42,2609,974,488,49,127,1,-1,-1,-1
42,2610,113,481,71,129,1,-1,-1,-1
42,2611,615,560,53,136,1,-1,-1,-1
42,2612,1078,497,60,139,1,-1,-1,-1
42,2613,1323,422,32,114,1,-1,-1,-1
42,2614,1106,484,72,129,1,-1,-1,-1
42,2615,709,523,51,134,1,-1,-1,-1
42,2616,518,257,27,81,1,-1,-1,-1
42,2617,305,430,34,119,1,-1,-1,-1
42,2618,1530,430,30,120,1,-1,-1,-1
42,2619,1387,468,45,132,1,-1,-1,-1
42,2620,1240,428,46,117,1,-1,-1,-1
42,2621,1159,488,66,126,1,-1,-1,-1
42,2622,1548,485,46,120,1,-1,-1,-1
42,2623,1307,440,44,121,1,-1,-1,-1
42,2624,1282,415,30,104,1,-1,-1,-1
42,2625,1370,454,44,121,1,-1,-1,-1
42,2626,1348,424,33,113,1,-1,-1,-1
42,2627,727,478,38,110,1,-1,-1,-1
42,2628,1135,484,33,128,1,-1,-1,-1
43,2608,948,507,44,137,1,-1,-1,-1
43,2609,974,488,49,127,1,-1,-1,-1
43,2610,114,481,70,129,1,-1,-1,-1
43,2611,612,560,53,136,1,-1,-1,-1
43,2612,1079,497,60,139,1,-1,-1,-1
43,2613,1322,422,32,114,1,-1,-1,-1
43,2614,1106,484,71,129,1,-1,-1,-1
43,2615,709,523,51,134,1,-1,-1,-1
43,2616,518,257,27,81,1,-1,-1,-1
43,2617,304,430,35,119,1,-1,-1,-1
43,2618,1530,430,30,120,1,-1,-1,-1
43,2619,1387,468,45,132,1,-1,-1,-1
43,2620,1240,428,46,116,1,-1,-1,-1
43,2621,1159,488,66,126,1,-1,-1,-1
43,2622,1548,485,45,120,1,-1,-1,-1
43,2623,1307,440,44,121,1,-1,-1,-1
43,2624,1281,415,31,104,1,-1,-1,-1
43,2625,1370,454,44,121,1,-1,-1,-1
43,2626,1348,424,33,113,1,-1,-1,-1
43,2627,727,478,38,110,1,-1,-1,-1
43,2628,1134,484,33,128,1,-1,-1,-1
44,2608,948,507,45,137,1,-1,-1,-1
44,2609,973,488,49,127,1,-1,-1,-1
44,2610,115,481,69,129,1,-1,-1,-1
44,2611,609,561,53,136,1,-1,-1,-1
44,2612,1079,497,60,139,1,-1,-1,-1
44,2613,1320,422,32,113,1,-1,-1,-1
44,2614,1106,484,71,129,1,-1,-1,-1
44,2615,709,523,51,134,1,-1,-1,-1
44,2616,519,256,27,82,1,-1,-1,-1
44,2617,304,429,34,119,1,-1,-1,-1
44,2618,1529,430,30,120,1,-1,-1,-1
44,2619,1387,468,45,132,1,-1,-1,-1
44,2620,1240,428,46,116,1,-1,-1,-1
44,2621,1159,488,66,126,1,-1,-1,-1
44,2622,1548,485,43,120,1,-1,-1,-1
44,2623,1307,440,44,121,1,-1,-1,-1
44,2624,1280,415,31,104,1,-1,-1,-1
44,2625,1370,454,44,121,1,-1,-1,-1
44,2626,1348,423,33,114,1,-1,-1,-1
44,2627,728,478,38,110,1,-1,-1,-1
44,2628,1133,484,33,129,1,-1,-1,-1
45,2608,948,507,45,137,1,-1,-1,-1
45,2609,972,488,49,127,1,-1,-1,-1
45,2610,115,481,69,129,1,-1,-1,-1
45,2611,606,561,53,136,1,-1,-1,-1
45,2612,1079,497,61,139,1,-1,-1,-1
45,2613,1319,422,32,113,1,-1,-1,-1
45,2614,1105,483,72,129,1,-1,-1,-1
45,2615,709,523,50,134,1,-1,-1,-1
45,2616,519,256,27,82,1,-1,-1,-1
45,2617,303,429,35,119,1,-1,-1,-1
45,2618,1529,430,31,120,1,-1,-1,-1
45,2619,1387,468,45,132,1,-1,-1,-1
45,2620,1240,428,46,116,1,-1,-1,-1
45,2621,1159,488,66,126,1,-1,-1,-1
45,2622,1548,485,43,120,1,-1,-1,-1
45,2623,1308,440,43,121,1,-1,-1,-1
45,2624,1280,415,32,104,1,-1,-1,-1
45,2625,1370,453,44,121,1,-1,-1,-1
45,2626,1348,423,33,114,1,-1,-1,-1
45,2627,729,478,37,110,1,-1,-1,-1
45,2628,1132,484,33,129,1,-1,-1,-1
46,2608,948,507,45,137,1,-1,-1,-1
46,2609,972,488,49,127,1,-1,-1,-1
46,2610,117,481,67,129,1,-1,-1,-1
46,2611,603,561,53,137,1,-1,-1,-1
46,2612,1080,497,61,139,1,-1,-1,-1
46,2613,1318,422,32,112,1,-1,-1,-1
46,2614,1104,483,72,128,1,-1,-1,-1
46,2615,708,523,51,134,1,-1,-1,-1
46,2616,520,255,27,82,1,-1,-1,-1
46,2617,302,429,35,119,1,-1,-1,-1
46,2618,1529,430,31,120,1,-1,-1,-1
46,2619,1387,467,45,132,1,-1,-1,-1
46,2620,1240,428,46,115,1,-1,-1,-1
46,2621,1159,488,66,126,1,-1,-1,-1
46,2622,1548,485,42,120,1,-1,-1,-1
46,2623,1308,440,43,121,1,-1,-1,-1
46,2624,1280,415,32,104,1,-1,-1,-1
46,2625,1370,453,44,121,1,-1,-1,-1
46,2626,1347,422,34,115,1,-1,-1,-1
46,2627,730,478,37,110,1,-1,-1,-1
46,2628,1130,484,35,129,1,-1,-1,-1
47,2608,949,507,45,137,1,-1,-1,-1
47,2609,971,488,49,127,1,-1,-1,-1
47,2610,118,481,66,128,1,-1,-1,-1
47,2611,600,562,53,136,1,-1,-1,-1
47,2612,1080,497,61,139,1,-1,-1,-1
47,2613,1316,421,32,112,1,-1,-1,-1
47,2614,1104,483,72,128,1,-1,-1,-1
47,2615,708,523,51,134,1,-1,-1,-1
47,2616,520,255,27,82,1,-1,-1,-1
47,2617,301,429,36,119,1,-1,-1,-1
47,2618,1529,430,31,120,1,-1,-1,-1
47,2619,1387,467,45,132,1,-1,-1,-1
47,2620,1240,428,46,115,1,-1,-1,-1
47,2621,1159,488,66,126,1,-1,-1,-1
47,2622,1548,485,42,120,1,-1,-1,-1
47,2623,1308,440,43,121,1,-1,-1,-1
47,2624,1279,415,33,104,1,-1,-1,-1
47,2625,1370,453,44,121,1,-1,-1,-1
47,2626,1348,422,34,114,1,-1,-1,-1
47,2627,731,478,37,110,1,-1,-1,-1
47,2628,1130,483,34,130,1,-1,-1,-1
48,2608,949,507,46,137,1,-1,-1,-1
48,2609,971,488,48,126,1,-1,-1,-1
48,2610,119,481,65,128,1,-1,-1,-1
48,2611,597,562,53,137,1,-1,-1,-1
48,2612,1080,497,61,139,1,-1,-1,-1
48,2613,1315,421,32,112,1,-1,-1,-1
48,2614,1104,483,72,128,1,-1,-1,-1
48,2615,707,523,51,134,1,-1,-1,-1
48,2616,521,255,27,82,1,-1,-1,-1
48,2617,300,429,37,118,1,-1,-1,-1
48,2618,1529,430,31,120,1,-1,-1,-1
48,2619,1387,467,45,132,1,-1,-1,-1
48,2620,1239,428,47,116,1,-1,-1,-1
48,2621,1159,488,66,126,1,-1,-1,-1
48,2622,1549,485,40,120,1,-1,-1,-1
48,2623,1309,440,42,121,1,-1,-1,-1
48,2624,1279,415,32,104,1,-1,-1,-1
48,2625,1370,453,44,121,1,-1,-1,-1
48,2626,1347,422,34,114,1,-1,-1,-1
48,2627,731,478,37,109,1,-1,-1,-1
48,2628,1129,483,35,131,1,-1,-1,-1
49,2608,950,508,45,137,1,-1,-1,-1
49,2609,970,488,48,126,1,-1,-1,-1
49,2610,120,481,64,128,1,-1,-1,-1
49,2611,595,563,52,137,1,-1,-1,-1
49,2612,1081,497,61,139,1,-1,-1,-1
49,2613,1313,421,33,112,1,-1,-1,-1
49,2614,1103,483,73,128,1,-1,-1,-1
49,2615,707,523,51,134,1,-1,-1,-1
49,2616,521,255,27,82,1,-1,-1,-1
49,2617,300,429,37,118,1,-1,-1,-1
49,2618,1528,430,31,119,1,-1,-1,-1
49,2619,1387,467,45,132,1,-1,-1,-1
49,2620,1239,428,47,116,1,-1,-1,-1
49,2621,1159,489,66,126,1,-1,-1,-1
49,2622,1549,486,40,119,1,-1,-1,-1
49,2623,1309,441,42,120,1,-1,-1,-1
49,2624,1279,415,33,104,1,-1,-1,-1
49,2625,1370,452,44,121,1,-1,-1,-1
49,2626,1347,421,34,115,1,-1,-1,-1
49,2627,732,478,37,109,1,-1,-1,-1
49,2628,1128,483,35,131,1,-1,-1,-1
50,2608,950,508,46,137,1,-1,-1,-1
50,2609,969,488,48,126,1,-1,-1,-1
50,2610,122,481,62,128,1,-1,-1,-1
50,2611,590,563,52,137,1,-1,-1,-1
50,2612,1081,497,61,139,1,-1,-1,-1
50,2613,1311,421,33,111,1,-1,-1,-1
50,2614,1102,483,74,128,1,-1,-1,-1
50,2615,707,524,51,134,1,-1,-1,-1
50,2616,522,255,27,82,1,-1,-1,-1
50,2617,298,429,38,117,1,-1,-1,-1
50,2618,1527,430,32,119,1,-1,-1,-1
50,2619,1387,467,46,132,1,-1,-1,-1
50,2620,1239,429,47,115,1,-1,-1,-1
50,2621,1159,489,66,126,1,-1,-1,-1
50,2622,1549,486,40,120,1,-1,-1,-1
50,2623,1309,441,42,120,1,-1,-1,-1
50,2624,1278,415,34,104,1,-1,-1,-1
50,2625,1370,452,43,121,1,-1,-1,-1
50,2626,1347,421,34,115,1,-1,-1,-1
50,2627,733,477,37,110,1,-1,-1,-1
50,2628,1127,483,34,132,1,-1,-1,-1
51,2608,950,508,46,137,1,-1,-1,-1
51,2609,968,488,48,125,1,-1,-1,-1
51,2610,122,481,62,127,1,-1,-1,-1
51,2611,588,564,52,137,1,-1,-1,-1
51,2612,1081,497,61,139,1,-1,-1,-1
51,2613,1310,421,34,110,1,-1,-1,-1
51,2614,1102,483,74,128,1,-1,-1,-1
51,2615,707,524,51,134,1,-1,-1,-1
51,2616,523,255,27,82,1,-1,-1,-1
51,2617,297,428,39,118,1,-1,-1,-1
51,2618,1527,430,32,119,1,-1,-1,-1
51,2619,1388,467,45,132,1,-1,-1,-1
51,2620,1239,429,47,116,1,-1,-1,-1
51,2621,1159,490,66,126,1,-1,-1,-1
51,2622,1549,486,40,120,1,-1,-1,-1
51,2623,1309,441,41,121,1,-1,-1,-1
51,2624,1278,415,34,104,1,-1,-1,-1
51,2625,1370,452,43,121,1,-1,-1,-1
51,2626,1347,421,34,115,1,-1,-1,-1
51,2627,734,477,37,110,1,-1,-1,-1
51,2628,1126,483,35,132,1,-1,-1,-1
52,2608,950,508,46,137,1,-1,-1,-1
52,2609,968,488,48,125,1,-1,-1,-1
52,2610,123,481,60,127,1,-1,-1,-1
52,2611,585,564,52,137,1,-1,-1,-1
52,2612,1082,496,62,139,1,-1,-1,-1
52,2613,1310,421,34,110,1,-1,-1,-1
52,2614,1101,483,74,127,1,-1,-1,-1
52,2615,707,524,51,134,1,-1,-1,-1
52,2616,523,255,27,82,1,-1,-1,-1
52,2617,296,428,39,118,1,-1,-1,-1
52,2618,1528,430,32,118,1,-1,-1,-1
52,2619,1387,467,46,132,1,-1,-1,-1
52,2620,1239,429,47,116,1,-1,-1,-1
52,2621,1160,490,65,126,1,-1,-1,-1
52,2622,1548,486,40,120,1,-1,-1,-1
52,2623,1309,441,41,121,1,-1,-1,-1
52,2624,1278,415,34,104,1,-1,-1,-1
52,2625,1369,452,43,121,1,-1,-1,-1
52,2626,1347,420,34,115,1,-1,-1,-1
52,2627,734,478,37,109,1,-1,-1,-1
52,2628,1126,482,35,132,1,-1,-1,-1
53,2608,950,508,46,137,1,-1,-1,-1
53,2609,968,488,48,126,1,-1,-1,-1
53,2610,122,480,60,127,1,-1,-1,-1
53,2611,582,564,52,137,1,-1,-1,-1
53,2612,1083,496,61,139,1,-1,-1,-1
53,2613,1310,422,34,109,1,-1,-1,-1
53,2614,1100,483,74,127,1,-1,-1,-1
53,2615,707,524,50,134,1,-1,-1,-1
53,2616,523,255,27,82,1,-1,-1,-1
53,2617,295,428,39,118,1,-1,-1,-1
53,2618,1528,430,32,118,1,-1,-1,-1
53,2619,1388,467,46,132,1,-1,-1,-1
53,2620,1239,429,46,116,1,-1,-1,-1
53,2621,1161,490,65,126,1,-1,-1,-1
53,2622,1548,486,39,120,1,-1,-1,-1
53,2623,1309,441,40,121,1,-1,-1,-1
53,2624,1278,415,35,104,1,-1,-1,-1
53,2625,1368,451,43,121,1,-1,-1,-1
53,2626,1347,420,34,115,1,-1,-1,-1
53,2627,734,478,37,110,1,-1,-1,-1
53,2628,1126,482,34,131,1,-1,-1,-1
54,2608,949,508,47,137,1,-1,-1,-1
54,2609,968,488,48,126,1,-1,-1,-1
54,2610,122,479,58,127,1,-1,-1,-1
54,2611,579,564,51,137,1,-1,-1,-1
54,2612,1085,496,61,139,1,-1,-1,-1
54,2613,1310,422,35,109,1,-1,-1,-1
54,2614,1098,482,74,127,1,-1,-1,-1
54,2615,707,524,51,134,1,-1,-1,-1
54,2616,523,255,27,82,1,-1,-1,-1
54,2617,293,429,40,118,1,-1,-1,-1
54,2618,1527,430,33,118,1,-1,-1,-1
54,2619,1388,467,46,132,1,-1,-1,-1
54,2620,1238,429,47,116,1,-1,-1,-1
54,2621,1162,490,64,126,1,-1,-1,-1
54,2622,1547,486,38,120,1,-1,-1,-1
54,2623,1308,441,41,121,1,-1,-1,-1
54,2624,1278,415,35,104,1,-1,-1,-1
54,2625,1367,451,43,120,1,-1,-1,-1
54,2626,1347,420,34,115,1,-1,-1,-1
54,2627,733,478,37,110,1,-1,-1,-1
54,2628,1125,482,34,129,1,-1,-1,-1
55,2608,949,508,47,137,1,-1,-1,-1
55,2609,968,489,48,125,1,-1,-1,-1
55,2610,121,479,58,126,1,-1,-1,-1
55,2611,576,564,51,138,1,-1,-1,-1
55,2612,1086,495,61,139,1,-1,-1,-1
55,2613,1310,422,35,109,1,-1,-1,-1
55,2614,1096,482,75,127,1,-1,-1,-1
55,2615,708,523,50,134,1,-1,-1,-1
55,2616,523,255,27,82,1,-1,-1,-1
55,2617,292,429,40,118,1,-1,-1,-1
55,2618,1528,430,33,118,1,-1,-1,-1
55,2619,1388,467,45,132,1,-1,-1,-1
55,2620,1238,429,47,116,1,-1,-1,-1
55,2621,1164,490,63,126,1,-1,-1,-1
55,2622,1546,486,39,120,1,-1,-1,-1
55,2623,1308,441,40,121,1,-1,-1,-1
55,2624,1278,415,36,104,1,-1,-1,-1
55,2625,1366,451,42,120,1,-1,-1,-1
55,2626,1347,420,35,115,1,-1,-1,-1
55,2627,733,479,37,110,1,-1,-1,-1
55,2628,1124,482,34,128,1,-1,-1,-1
56,2608,949,508,47,137,1,-1,-1,-1
56,2609,968,489,48,126,1,-1,-1,-1
56,2610,120,478,58,127,1,-1,-1,-1
56,2611,573,564,50,138,1,-1,-1,-1
56,2612,1087,495,61,139,1,-1,-1,-1
56,2613,1311,422,36,108,1,-1,-1,-1
56,2614,1095,482,75,126,1,-1,-1,-1
56,2615,708,523,50,133,1,-1,-1,-1
56,2616,523,255,27,82,1,-1,-1,-1
56,2617,290,429,41,118,1,-1,-1,-1
56,2618,1528,430,32,118,1,-1,-1,-1
56,2619,1389,466,45,132,1,-1,-1,-1
56,2620,1238,429,46,116,1,-1,-1,-1
56,2621,1165,490,63,126,1,-1,-1,-1
56,2622,1545,486,38,119,1,-1,-1,-1
56,2623,1307,441,41,121,1,-1,-1,-1
56,2624,1278,415,35,104,1,-1,-1,-1
56,2625,1365,450,42,120,1,-1,-1,-1
56,2626,1347,420,35,115,1,-1,-1,-1
56,2627,733,479,37,111,1,-1,-1,-1
56,2628,1124,481,33,128,1,-1,-1,-1
57,2608,949,509,47,137,1,-1,-1,-1
57,2609,967,489,48,126,1,-1,-1,-1
57,2610,119,477,57,127,1,-1,-1,-1
57,2611,569,564,50,138,1,-1,-1,-1
57,2612,1088,495,61,139,1,-1,-1,-1
57,2613,1311,423,36,107,1,-1,-1,-1
57,2614,1093,481,75,127,1,-1,-1,-1
57,2615,709,523,49,133,1,-1,-1,-1
57,2616,523,255,27,82,1,-1,-1,-1
57,2617,289,429,41,118,1,-1,-1,-1
57,2618,1528,430,32,118,1,-1,-1,-1
57,2619,1389,466,45,132,1,-1,-1,-1
57,2620,1237,429,47,116,1,-1,-1,-1
57,2621,1167,490,62,126,1,-1,-1,-1
57,2622,1543,486,39,119,1,-1,-1,-1
57,2623,1307,441,41,121,1,-1,-1,-1
57,2624,1278,415,36,104,1,-1,-1,-1
57,2625,1364,450,41,119,1,-1,-1,-1
57,2626,1347,420,35,115,1,-1,-1,-1
57,2627,733,480,37,110,1,-1,-1,-1
57,2628,1124,480,33,128,1,-1,-1,-1
58,2608,949,509,47,137,1,-1,-1,-1
58,2609,967,489,47,126,1,-1,-1,-1
58,2610,119,476,57,127,1,-1,-1,-1
58,2611,567,564,50,138,1,-1,-1,-1
58,2612,1089,495,61,139,1,-1,-1,-1
58,2613,1312,423,36,105,1,-1,-1,-1
58,2614,1091,480,76,127,1,-1,-1,-1
58,2615,709,522,50,133,1,-1,-1,-1
58,2616,523,255,27,82,1,-1,-1,-1
58,2617,288,430,41,117,1,-1,-1,-1
58,2618,1528,430,33,118,1,-1,-1,-1
58,2619,1389,466,45,132,1,-1,-1,-1
58,2620,1237,429,47,116,1,-1,-1,-1
58,2621,1168,490,62,126,1,-1,-1,-1
58,2622,1542,485,40,120,1,-1,-1,-1
58,2623,1306,441,41,121,1,-1,-1,-1
58,2624,1278,415,36,104,1,-1,-1,-1
58,2625,1362,450,41,118,1,-1,-1,-1
58,2626,1347,420,35,115,1,-1,-1,-1
58,2627,733,480,37,111,1,-1,-1,-1
58,2628,1123,480,33,127,1,-1,-1,-1
59,2608,949,509,47,137,1,-1,-1,-1
59,2609,967,489,47,125,1,-1,-1,-1
59,2610,118,476,56,127,1,-1,-1,-1
59,2611,565,565,50,138,1,-1,-1,-1
59,2612,1091,495,60,139,1,-1,-1,-1
59,2613,1313,422,36,104,1,-1,-1,-1
59,2614,1089,480,76,127,1,-1,-1,-1
59,2615,709,522,49,133,1,-1,-1,-1
59,2616,523,255,27,82,1,-1,-1,-1
59,2617,288,430,42,117,1,-1,-1,-1
59,2618,1528,430,33,118,1,-1,-1,-1
59,2619,1390,466,44,132,1,-1,-1,-1
59,2620,1237,429,47,116,1,-1,-1,-1
59,2621,1169,490,61,126,1,-1,-1,-1
59,2622,1542,485,39,119,1,-1,-1,-1
59,2623,1305,442,42,121,1,-1,-1,-1
59,2624,1279,415,35,104,1,-1,-1,-1
59,2625,1361,449,41,118,1,-1,-1,-1
59,2626,1347,420,35,115,1,-1,-1,-1
59,2627,733,480,37,111,1,-1,-1,-1
59,2628,1123,480,32,125,1,-1,-1,-1
60,2608,949,509,47,137,1,-1,-1,-1
60,2609,967,489,47,125,1,-1,-1,-1
60,2610,117,476,56,127,1,-1,-1,-1
60,2611,563,565,50,139,1,-1,-1,-1
60,2612,1092,495,60,139,1,-1,-1,-1
60,2613,1314,421,36,102,1,-1,-1,-1
60,2614,1087,480,75,127,1,-1,-1,-1
60,2615,710,522,49,133,1,-1,-1,-1
60,2616,523,255,27,82,1,-1,-1,-1
60,2617,287,430,42,117,1,-1,-1,-1
60,2618,1529,430,33,118,1,-1,-1,-1
60,2619,1390,466,45,132,1,-1,-1,-1
60,2620,1237,428,47,116,1,-1,-1,-1
60,2621,1171,490,60,126,1,-1,-1,-1
60,2622,1540,484,40,119,1,-1,-1,-1
60,2623,1305,442,42,121,1,-1,-1,-1
60,2624,1279,415,35,104,1,-1,-1,-1
60,2625,1360,449,40,117,1,-1,-1,-1
60,2626,1347,421,35,114,1,-1,-1,-1
60,2627,733,480,36,112,1,-1,-1,-1
60,2628,1122,479,32,125,1,-1,-1,-1
61,2608,949,509,47,137,1,-1,-1,-1
61,2609,967,489,47,125,1,-1,-1,-1
61,2610,117,476,55,127,1,-1,-1,-1
61,2611,561,566,50,139,1,-1,-1,-1
61,2612,1093,495,60,139,1,-1,-1,-1
61,2613,1315,420,36,99,1,-1,-1,-1
61,2614,1085,479,75,127,1,-1,-1,-1
61,2615,710,522,49,133,1,-1,-1,-1
61,2616,523,255,27,82,1,-1,-1,-1
61,2617,287,429,42,118,1,-1,-1,-1
61,2618,1529,430,32,118,1,-1,-1,-1
61,2619,1391,466,44,132,1,-1,-1,-1
61,2620,1237,428,46,116,1,-1,-1,-1
61,2621,1172,490,59,126,1,-1,-1,-1
61,2622,1540,484,39,119,1,-1,-1,-1
61,2623,1304,442,43,121,1,-1,-1,-1
61,2624,1280,415,35,104,1,-1,-1,-1
61,2625,1359,448,40,117,1,-1,-1,-1
61,2626,1347,421,35,114,1,-1,-1,-1
61,2627,733,481,36,111,1,-1,-1,-1
61,2628,1122,479,32,123,1,-1,-1,-1
62,2608,948,509,47,137,1,-1,-1,-1
62,2609,967,489,46,124,1,-1,-1,-1
62,2610,116,475,55,127,1,-1,-1,-1
62,2611,558,566,52,139,1,-1,-1,-1
62,2612,1095,495,59,139,1,-1,-1,-1
62,2613,1317,419,35,96,1,-1,-1,-1
62,2614,1083,479,74,127,1,-1,-1,-1
62,2615,710,522,49,133,1,-1,-1,-1
62,2616,523,255,27,82,1,-1,-1,-1
62,2617,286,429,42,118,1,-1,-1,-1
62,2618,1529,430,32,118,1,-1,-1,-1
62,2619,1391,466,44,132,1,-1,-1,-1
62,2620,1237,428,46,116,1,-1,-1,-1
62,2621,1174,490,58,126,1,-1,-1,-1
62,2622,1538,483,39,119,1,-1,-1,-1
62,2623,1303,442,44,121,1,-1,-1,-1
62,2624,1280,415,35,104,1,-1,-1,-1
62,2625,1358,448,39,117,1,-1,-1,-1
62,2626,1347,421,35,114,1,-1,-1,-1
62,2627,733,481,36,112,1,-1,-1,-1
62,2628,1121,478,31,123,1,-1,-1,-1
63,2608,948,509,47,137,1,-1,-1,-1
63,2609,967,489,46,124,1,-1,-1,-1
63,2610,116,475,54,127,1,-1,-1,-1
63,2611,555,567,53,139,1,-1,-1,-1
63,2612,1097,494,59,139,1,-1,-1,-1
63,2613,1319,417,34,94,1,-1,-1,-1
63,2614,1081,478,73,127,1,-1,-1,-1
63,2615,711,522,49,133,1,-1,-1,-1
63,2616,523,255,27,82,1,-1,-1,-1
63,2617,285,429,43,117,1,-1,-1,-1
63,2618,1529,430,32,118,1,-1,-1,-1
63,2619,1392,465,43,132,1,-1,-1,-1
63,2620,1238,427,46,116,1,-1,-1,-1
63,2621,1176,490,56,126,1,-1,-1,-1
63,2622,1538,482,38,119,1,-1,-1,-1
63,2623,1302,442,44,121,1,-1,-1,-1
63,2624,1280,415,35,104,1,-1,-1,-1
63,2625,1356,448,39,116,1,-1,-1,-1
63,2626,1347,421,36,114,1,-1,-1,-1
63,2627,732,481,37,113,1,-1,-1,-1
63,2628,1121,478,31,121,1,-1,-1,-1
64,2608,947,510,47,137,1,-1,-1,-1
64,2609,967,489,46,124,1,-1,-1,-1
64,2610,115,475,54,126,1,-1,-1,-1
64,2611,553,568,53,139,1,-1,-1,-1
64,2612,1097,494,59,139,1,-1,-1,-1
64,2613,1320,417,35,93,1,-1,-1,-1
64,2614,1080,478,72,126,1,-1,-1,-1
64,2615,711,522,49,133,1,-1,-1,-1
64,2616,523,255,27,82,1,-1,-1,-1
64,2617,285,428,43,118,1,-1,-1,-1
64,2618,1530,430,32,118,1,-1,-1,-1
64,2619,1391,465,44,132,1,-1,-1,-1
64,2620,1238,427,46,116,1,-1,-1,-1
64,2621,1177,490,55,126,1,-1,-1,-1
64,2622,1537,481,38,119,1,-1,-1,-1
64,2623,1302,442,45,122,1,-1,-1,-1
64,2624,1281,415,34,104,1,-1,-1,-1
64,2625,1355,447,39,116,1,-1,-1,-1
64,2626,1348,422,35,113,1,-1,-1,-1
64,2627,733,482,36,112,1,-1,-1,-1
64,2628,1120,477,31,121,1,-1,-1,-1
65,2608,947,510,47,137,1,-1,-1,-1
65,2609,967,489,46,124,1,-1,-1,-1
65,2610,115,475,53,126,1,-1,-1,-1
65,2611,551,568,53,139,1,-1,-1,-1
65,2612,1098,494,59,139,1,-1,-1,-1
65,2613,1321,416,35,94,1,-1,-1,-1
65,2614,1080,478,71,126,1,-1,-1,-1
65,2615,711,522,49,133,1,-1,-1,-1
65,2616,523,255,27,82,1,-1,-1,-1
65,2617,283,428,43,118,1,-1,-1,-1
65,2618,1530,430,32,118,1,-1,-1,-1
65,2619,1391,465,44,133,1,-1,-1,-1
65,2620,1238,427,47,116,1,-1,-1,-1
65,2621,1177,490,55,126,1,-1,-1,-1
65,2622,1535,481,38,118,1,-1,-1,-1
65,2623,1302,442,46,122,1,-1,-1,-1
65,2624,1280,415,35,104,1,-1,-1,-1
65,2625,1354,447,39,117,1,-1,-1,-1
65,2626,1348,421,35,114,1,-1,-1,-1
65,2627,733,482,35,112,1,-1,-1,-1
65,2628,1120,477,31,121,1,-1,-1,-1
66,2608,946,510,47,138,1,-1,-1,-1
66,2609,967,489,46,124,1,-1,-1,-1
66,2610,115,474,53,126,1,-1,-1,-1
66,2611,548,568,54,140,1,-1,-1,-1
66,2612,1099,494,58,139,1,-1,-1,-1
66,2613,1322,416,36,95,1,-1,-1,-1
66,2614,1079,479,71,125,1,-1,-1,-1
66,2615,712,522,48,133,1,-1,-1,-1
66,2616,523,255,27,82,1,-1,-1,-1
66,2617,282,428,43,118,1,-1,-1,-1
66,2618,1529,430,32,118,1,-1,-1,-1
66,2619,1392,465,43,133,1,-1,-1,-1
66,2620,1238,427,47,116,1,-1,-1,-1
66,2621,1178,490,53,126,1,-1,-1,-1
66,2622,1533,480,38,118,1,-1,-1,-1
66,2623,1302,443,47,122,1,-1,-1,-1
66,2624,1280,415,34,104,1,-1,-1,-1
66,2625,1353,447,39,116,1,-1,-1,-1
66,2626,1350,421,35,114,1,-1,-1,-1
66,2627,733,481,36,112,1,-1,-1,-1
66,2628,1120,477,31,120,1,-1,-1,-1
67,2608,946,510,47,138,1,-1,-1,-1
67,2609,967,489,46,125,1,-1,-1,-1
67,2610,114,474,52,126,1,-1,-1,-1
67,2611,545,568,54,140,1,-1,-1,-1
67,2612,1100,494,58,139,1,-1,-1,-1
67,2613,1323,416,37,96,1,-1,-1,-1
67,2614,1079,479,69,125,1,-1,-1,-1
67,2615,712,522,48,133,1,-1,-1,-1
67,2616,523,255,27,82,1,-1,-1,-1
67,2617,280,428,44,118,1,-1,-1,-1
67,2618,1530,429,31,119,1,-1,-1,-1
67,2619,1392,465,44,133,1,-1,-1,-1
67,2620,1238,427,47,116,1,-1,-1,-1
67,2621,1178,490,53,126,1,-1,-1,-1
67,2622,1531,479,37,118,1,-1,-1,-1
67,2623,1302,443,49,122,1,-1,-1,-1
67,2624,1279,415,34,104,1,-1,-1,-1
67,2625,1352,446,38,117,1,-1,-1,-1
67,2626,1351,420,35,114,1,-1,-1,-1
67,2627,733,481,36,111,1,-1,-1,-1
67,2628,1120,477,30,120,1,-1,-1,-1
68,2608,945,510,47,138,1,-1,-1,-1
68,2609,967,489,47,125,1,-1,-1,-1
68,2610,113,474,53,126,1,-1,-1,-1
68,2611,542,568,55,140,1,-1,-1,-1
68,2612,1100,494,58,139,1,-1,-1,-1
68,2613,1325,416,36,97,1,-1,-1,-1
68,2614,1079,480,68,124,1,-1,-1,-1
68,2615,712,521,48,133,1,-1,-1,-1
68,2616,523,255,27,82,1,-1,-1,-1
68,2617,278,427,45,118,1,-1,-1,-1
68,2618,1529,429,33,119,1,-1,-1,-1
68,2619,1392,464,43,133,1,-1,-1,-1
68,2620,1238,427,47,116,1,-1,-1,-1
68,2621,1178,490,53,126,1,-1,-1,-1
68,2622,1529,479,37,118,1,-1,-1,-1
68,2623,1303,443,50,122,1,-1,-1,-1
68,2624,1279,415,34,104,1,-1,-1,-1
68,2625,1352,446,38,118,1,-1,-1,-1
68,2626,1351,420,35,114,1,-1,-1,-1
68,2627,733,481,35,111,1,-1,-1,-1
68,2628,1120,476,30,120,1,-1,-1,-1
69,2608,945,510,46,138,1,-1,-1,-1
69,2609,968,489,46,125,1,-1,-1,-1
69,2610,113,474,52,126,1,-1,-1,-1
69,2611,539,568,55,140,1,-1,-1,-1
69,2612,1101,494,58,139,1,-1,-1,-1
69,2613,1326,415,37,99,1,-1,-1,-1
69,2614,1079,480,67,124,1,-1,-1,-1
69,2615,713,521,48,133,1,-1,-1,-1
69,2616,523,255,27,82,1,-1,-1,-1
69,2617,277,427,45,118,1,-1,-1,-1
69,2618,1530,428,32,120,1,-1,-1,-1
69,2619,1392,464,43,133,1,-1,-1,-1
69,2620,1239,427,46,116,1,-1,-1,-1
69,2621,1178,490,52,126,1,-1,-1,-1
69,2622,1527,478,37,118,1,-1,-1,-1
69,2623,1303,443,52,122,1,-1,-1,-1
69,2624,1278,415,35,104,1,-1,-1,-1
69,2625,1350,446,38,118,1,-1,-1,-1
69,2626,1353,419,34,114,1,-1,-1,-1
69,2627,733,480,35,111,1,-1,-1,-1
69,2628,1119,476,31,119,1,-1,-1,-1
70,2608,944,510,46,138,1,-1,-1,-1
70,2609,968,488,47,126,1,-1,-1,-1
70,2610,112,473,52,126,1,-1,-1,-1
70,2611,537,569,55,140,1,-1,-1,-1
70,2612,1101,494,58,139,1,-1,-1,-1
70,2613,1327,415,38,101,1,-1,-1,-1
70,2614,1079,481,66,123,1,-1,-1,-1
70,2615,713,521,47,133,1,-1,-1,-1
70,2616,522,255,27,82,1,-1,-1,-1
70,2617,275,427,45,119,1,-1,-1,-1
70,2618,1530,428,32,120,1,-1,-1,-1
70,2619,1392,464,43,133,1,-1,-1,-1
70,2620,1239,427,46,116,1,-1,-1,-1
70,2621,1178,490,52,126,1,-1,-1,-1
70,2622,1525,477,37,118,1,-1,-1,-1
70,2623,1303,443,54,122,1,-1,-1,-1
70,2624,1278,415,34,104,1,-1,-1,-1
70,2625,1349,445,38,119,1,-1,-1,-1
70,2626,1354,419,34,113,1,-1,-1,-1
70,2627,733,480,35,111,1,-1,-1,-1
70,2628,1119,475,31,119,1,-1,-1,-1
71,2608,943,511,46,138,1,-1,-1,-1
71,2609,969,488,46,126,1,-1,-1,-1
71,2610,112,473,51,126,1,-1,-1,-1
71,2611,534,569,55,141,1,-1,-1,-1
71,2612,1102,494,58,139,1,-1,-1,-1
71,2613,1328,415,38,102,1,-1,-1,-1
71,2614,1079,481,64,123,1,-1,-1,-1
71,2615,713,521,47,132,1,-1,-1,-1
71,2616,522,255,27,82,1,-1,-1,-1
71,2617,274,427,45,119,1,-1,-1,-1
71,2618,1529,428,33,120,1,-1,-1,-1
71,2619,1392,464,42,133,1,-1,-1,-1
71,2620,1239,427,46,116,1,-1,-1,-1
71,2621,1178,490,51,126,1,-1,-1,-1
71,2622,1523,477,37,118,1,-1,-1,-1
71,2623,1303,443,56,122,1,-1,-1,-1
71,2624,1277,415,35,104,1,-1,-1,-1
71,2625,1348,445,38,119,1,-1,-1,-1
71,2626,1355,419,33,113,1,-1,-1,-1
71,2627,733,480,36,110,1,-1,-1,-1
71,2628,1118,475,31,119,1,-1,-1,-1
72,2608,943,511,46,138,1,-1,-1,-1
72,2609,969,488,46,126,1,-1,-1,-1
72,2610,112,473,50,126,1,-1,-1,-1
72,2611,531,569,55,141,1,-1,-1,-1
72,2612,1103,494,58,139,1,-1,-1,-1
72,2613,1330,415,38,102,1,-1,-1,-1
72,2614,1079,482,63,121,1,-1,-1,-1
72,2615,714,521,47,132,1,-1,-1,-1
72,2616,522,255,27,82,1,-1,-1,-1
72,2617,272,427,46,119,1,-1,-1,-1
72,2618,1529,427,33,121,1,-1,-1,-1
72,2619,1392,464,42,133,1,-1,-1,-1
72,2620,1239,427,46,116,1,-1,-1,-1
72,2621,1178,490,51,126,1,-1,-1,-1
72,2622,1520,476,38,118,1,-1,-1,-1
72,2623,1303,443,58,122,1,-1,-1,-1
72,2624,1277,415,35,104,1,-1,-1,-1
72,2625,1347,445,39,119,1,-1,-1,-1
72,2626,1356,418,33,113,1,-1,-1,-1
72,2627,733,479,36,111,1,-1,-1,-1
72,2628,1118,475,31,118,1,-1,-1,-1
73,2608,942,511,46,138,1,-1,-1,-1
73,2609,969,487,46,127,1,-1,-1,-1
73,2610,111,473,50,126,1,-1,-1,-1
73,2611,528,569,55,141,1,-1,-1,-1
73,2612,1103,493,58,139,1,-1,-1,-1
73,2613,1331,414,39,104,1,-1,-1,-1
73,2614,1079,482,62,121,1,-1,-1,-1
73,2615,714,521,47,132,1,-1,-1,-1
73,2616,521,255,27,82,1,-1,-1,-1
73,2617,271,427,46,119,1,-1,-1,-1
73,2618,1529,427,33,121,1,-1,-1,-1
73,2619,1392,463,42,133,1,-1,-1,-1
73,2620,1239,427,46,117,1,-1,-1,-1
73,2621,1178,490,51,126,1,-1,-1,-1
73,2622,1518,476,38,118,1,-1,-1,-1
73,2623,1304,443,59,122,1,-1,-1,-1
73,2624,1276,415,36,104,1,-1,-1,-1
73,2625,1346,444,39,120,1,-1,-1,-1
73,2626,1357,418,33,113,1,-1,-1,-1
73,2627,733,479,36,110,1,-1,-1,-1
73,2628,1118,474,31,119,1,-1,-1,-1
74,2608,941,511,46,138,1,-1,-1,-1
74,2609,969,487,46,127,1,-1,-1,-1
74,2610,110,472,50,126,1,-1,-1,-1
74,2611,526,569,54,141,1,-1,-1,-1
74,2612,1104,493,58,139,1,-1,-1,-1
74,2613,1333,414,38,105,1,-1,-1,-1
74,2614,1079,482,60,121,1,-1,-1,-1
74,2615,714,521,47,132,1,-1,-1,-1
74,2616,521,255,27,82,1,-1,-1,-1
74,2617,269,426,47,119,1,-1,-1,-1
74,2618,1529,427,33,121,1,-1,-1,-1
74,2619,1392,463,41,133,1,-1,-1,-1
74,2620,1239,427,47,117,1,-1,-1,-1
74,2621,1177,490,51,126,1,-1,-1,-1
74,2622,1515,475,39,118,1,-1,-1,-1
74,2623,1303,444,62,122,1,-1,-1,-1
74,2624,1276,415,36,104,1,-1,-1,-1
74,2625,1345,444,38,121,1,-1,-1,-1
74,2626,1358,417,33,113,1,-1,-1,-1
74,2627,734,479,35,109,1,-1,-1,-1
74,2628,1118,474,31,118,1,-1,-1,-1
75,2608,940,511,46,138,1,-1,-1,-1
75,2609,970,487,47,127,1,-1,-1,-1
75,2610,110,472,49,126,1,-1,-1,-1
75,2611,521,570,55,141,1,-1,-1,-1
75,2612,1104,493,59,140,1,-1,-1,-1
75,2613,1335,414,39,107,1,-1,-1,-1
75,2614,1079,483,58,119,1,-1,-1,-1
75,2615,714,521,47,132,1,-1,-1,-1
75,2616,521,255,27,82,1,-1,-1,-1
75,2617,267,426,47,119,1,-1,-1,-1
75,2618,1529,426,34,122,1,-1,-1,-1
75,2619,1392,463,41,133,1,-1,-1,-1
75,2620,1239,427,47,117,1,-1,-1,-1
75,2621,1177,490,51,126,1,-1,-1,-1
75,2622,1512,474,39,118,1,-1,-1,-1
75,2623,1304,444,64,122,1,-1,-1,-1
75,2624,1275,415,36,104,1,-1,-1,-1
75,2625,1343,444,39,121,1,-1,-1,-1
75,2626,1360,417,32,113,1,-1,-1,-1
75,2627,734,478,35,109,1,-1,-1,-1
75,2628,1117,473,31,118,1,-1,-1,-1
76,2608,940,511,46,138,1,-1,-1,-1
76,2609,970,487,47,127,1,-1,-1,-1
76,2610,110,472,48,125,1,-1,-1,-1
76,2611,520,570,54,142,1,-1,-1,-1
76,2612,1105,493,58,140,1,-1,-1,-1
76,2613,1336,413,39,108,1,-1,-1,-1
76,2614,1079,483,58,119,1,-1,-1,-1
76,2615,715,521,46,132,1,-1,-1,-1
76,2616,521,255,27,82,1,-1,-1,-1
76,2617,265,426,48,119,1,-1,-1,-1
76,2618,1529,425,34,122,1,-1,-1,-1
76,2619,1392,463,41,133,1,-1,-1,-1
76,2620,1239,427,47,118,1,-1,-1,-1
76,2621,1177,490,51,126,1,-1,-1,-1
76,2622,1510,473,39,118,1,-1,-1,-1
76,2623,1303,444,67,122,1,-1,-1,-1
76,2624,1274,415,37,104,1,-1,-1,-1
76,2625,1342,443,39,122,1,-1,-1,-1
76,2626,1361,416,31,113,1,-1,-1,-1
76,2627,734,478,36,108,1,-1,-1,-1
76,2628,1117,473,31,117,1,-1,-1,-1
77,2608,939,511,46,138,1,-1,-1,-1
77,2609,970,486,47,128,1,-1,-1,-1
77,2610,109,472,48,125,1,-1,-1,-1
77,2611,517,570,54,141,1,-1,-1,-1
77,2612,1105,493,58,140,1,-1,-1,-1
77,2613,1338,413,39,108,1,-1,-1,-1
77,2614,1080,484,57,119,1,-1,-1,-1
77,2615,714,521,47,132,1,-1,-1,-1
77,2616,521,255,27,82,1,-1,-1,-1
77,2617,265,426,48,119,1,-1,-1,-1
77,2618,1528,425,34,122,1,-1,-1,-1
77,2619,1392,462,40,133,1,-1,-1,-1
77,2620,1239,427,47,118,1,-1,-1,-1
77,2621,1177,490,51,126,1,-1,-1,-1
77,2622,1508,473,40,118,1,-1,-1,-1
77,2623,1303,444,69,122,1,-1,-1,-1
77,2624,1274,415,37,104,1,-1,-1,-1
77,2625,1341,443,39,121,1,-1,-1,-1
77,2626,1361,416,31,113,1,-1,-1,-1
77,2627,734,477,36,109,1,-1,-1,-1
77,2628,1117,473,31,112,1,-1,-1,-1
78,2608,939,511,45,138,1,-1,-1,-1
78,2609,970,486,47,127,1,-1,-1,-1
78,2610,108,472,48,125,1,-1,-1,-1
78,2611,515,570,54,141,1,-1,-1,-1
78,2612,1105,493,58,139,1,-1,-1,-1
78,2613,1341,413,38,108,1,-1,-1,-1
78,2614,1081,484,56,119,1,-1,-1,-1
78,2615,714,521,47,132,1,-1,-1,-1
78,2616,521,255,27,82,1,-1,-1,-1
78,2617,265,426,49,119,1,-1,-1,-1
78,2618,1528,425,34,122,1,-1,-1,-1
78,2619,1391,462,41,133,1,-1,-1,-1
78,2620,1239,427,47,118,1,-1,-1,-1
78,2621,1177,490,51,126,1,-1,-1,-1
78,2622,1506,473,40,117,1,-1,-1,-1
78,2623,1303,444,71,122,1,-1,-1,-1
78,2624,1275,415,38,104,1,-1,-1,-1
78,2625,1341,443,38,121,1,-1,-1,-1
78,2626,1362,416,31,113,1,-1,-1,-1
78,2627,735,477,36,109,1,-1,-1,-1
78,2628,1118,473,28,104,1,-1,-1,-1
79,2608,938,511,46,138,1,-1,-1,-1
79,2609,970,486,47,127,1,-1,-1,-1
79,2610,108,471,48,125,1,-1,-1,-1
79,2611,512,571,53,141,1,-1,-1,-1
79,2612,1105,493,57,139,1,-1,-1,-1
79,2613,1345,413,37,107,1,-1,-1,-1
79,2614,1082,484,56,119,1,-1,-1,-1
79,2615,713,520,47,132,1,-1,-1,-1
79,2616,521,255,27,82,1,-1,-1,-1
79,2617,265,425,49,119,1,-1,-1,-1
79,2618,1528,425,34,123,1,-1,-1,-1
79,2619,1391,462,40,133,1,-1,-1,-1
79,2620,1239,427,47,118,1,-1,-1,-1
79,2621,1176,490,52,126,1,-1,-1,-1
79,2622,1502,473,41,117,1,-1,-1,-1
79,2623,1304,444,72,123,1,-1,-1,-1
79,2624,1276,414,38,105,1,-1,-1,-1
79,2625,1340,443,38,121,1,-1,-1,-1
79,2626,1363,416,30,113,1,-1,-1,-1
79,2627,736,477,36,110,1,-1,-1,-1
79,2628,1118,473,27,96,1,-1,-1,-1
80,2608,937,511,47,138,1,-1,-1,-1
80,2609,970,486,47,127,1,-1,-1,-1
80,2610,107,471,47,125,1,-1,-1,-1
80,2611,510,571,53,141,1,-1,-1,-1
80,2612,1104,492,58,139,1,-1,-1,-1
80,2613,1348,413,37,106,1,-1,-1,-1
80,2614,1084,483,55,120,1,-1,-1,-1
80,2615,712,520,47,132,1,-1,-1,-1
80,2616,521,255,27,82,1,-1,-1,-1
80,2617,265,425,50,119,1,-1,-1,-1
80,2618,1528,425,34,123,1,-1,-1,-1
80,2619,1390,462,40,133,1,-1,-1,-1
80,2620,1239,427,48,118,1,-1,-1,-1
80,2621,1176,490,51,126,1,-1,-1,-1
80,2622,1499,473,42,117,1,-1,-1,-1
80,2623,1305,444,73,123,1,-1,-1,-1
80,2624,1276,414,38,105,1,-1,-1,-1
80,2625,1339,442,38,122,1,-1,-1,-1
80,2626,1364,416,29,112,1,-1,-1,-1
80,2627,737,477,37,110,1,-1,-1,-1
80,2628,1119,473,25,88,1,-1,-1,-1
81,2608,937,511,46,138,1,-1,-1,-1
81,2609,969,486,48,127,1,-1,-1,-1
81,2610,107,471,46,125,1,-1,-1,-1
81,2611,507,572,53,140,1,-1,-1,-1
81,2612,1104,492,58,139,1,-1,-1,-1
81,2613,1351,412,37,106,1,-1,-1,-1
81,2614,1085,483,55,120,1,-1,-1,-1
81,2615,711,520,47,132,1,-1,-1,-1
81,2616,521,255,27,82,1,-1,-1,-1
81,2617,266,425,50,119,1,-1,-1,-1
81,2618,1528,425,34,123,1,-1,-1,-1
81,2619,1389,462,41,133,1,-1,-1,-1
81,2620,1239,427,48,118,1,-1,-1,-1
81,2621,1176,490,51,126,1,-1,-1,-1
81,2622,1496,473,43,116,1,-1,-1,-1
81,2623,1306,445,74,123,1,-1,-1,-1
81,2624,1276,413,39,105,1,-1,-1,-1
81,2625,1338,442,38,121,1,-1,-1,-1
81,2626,1364,416,29,112,1,-1,-1,-1
81,2627,737,477,37,110,1,-1,-1,-1
81,2628,1119,473,23,80,1,-1,-1,-1
82,2608,936,511,46,138,1,-1,-1,-1
82,2609,970,486,47,127,1,-1,-1,-1
82,2610,107,471,46,125,1,-1,-1,-1
82,2611,503,572,53,140,1,-1,-1,-1
82,2612,1103,491,58,139,1,-1,-1,-1
82,2613,1354,412,36,105,1,-1,-1,-1
82,2614,1087,483,54,120,1,-1,-1,-1
82,2615,710,520,48,132,1,-1,-1,-1
82,2616,521,255,27,82,1,-1,-1,-1
82,2617,265,424,51,119,1,-1,-1,-1
82,2618,1528,425,34,124,1,-1,-1,-1
82,2619,1389,462,40,133,1,-1,-1,-1
82,2620,1239,427,48,117,1,-1,-1,-1
82,2621,1175,489,52,126,1,-1,-1,-1
82,2622,1492,472,44,116,1,-1,-1,-1
82,2623,1307,445,74,123,1,-1,-1,-1
82,2624,1276,413,40,105,1,-1,-1,-1
82,2625,1337,442,37,121,1,-1,-1,-1
82,2626,1365,415,29,112,1,-1,-1,-1
82,2627,737,478,37,110,1,-1,-1,-1
82,2628,1120,473,21,71,1,-1,-1,-1
83,2608,935,511,47,138,1,-1,-1,-1
83,2609,970,486,47,127,1,-1,-1,-1
83,2610,106,471,46,125,1,-1,-1,-1
83,2611,501,572,52,140,1,-1,-1,-1
83,2612,1103,491,57,139,1,-1,-1,-1
83,2613,1357,412,36,104,1,-1,-1,-1
83,2614,1088,483,54,120,1,-1,-1,-1
83,2615,709,520,48,132,1,-1,-1,-1
83,2616,521,255,27,82,1,-1,-1,-1
83,2617,265,423,51,120,1,-1,-1,-1
83,2618,1528,425,34,124,1,-1,-1,-1
83,2619,1388,462,41,133,1,-1,-1,-1
83,2620,1239,427,48,117,1,-1,-1,-1
83,2621,1175,489,52,126,1,-1,-1,-1
83,2622,1489,472,46,115,1,-1,-1,-1
83,2623,1307,445,76,123,1,-1,-1,-1
83,2624,1277,413,41,105,1,-1,-1,-1
83,2625,1337,442,37,120,1,-1,-1,-1
83,2626,1365,415,28,111,1,-1,-1,-1
83,2627,738,478,37,111,1,-1,-1,-1
83,2628,1121,473,19,63,1,-1,-1,-1
84,2608,936,511,47,138,1,-1,-1,-1
84,2609,970,486,48,127,1,-1,-1,-1
84,2610,105,470,45,125,1,-1,-1,-1
84,2611,497,573,53,140,1,-1,-1,-1
84,2612,1103,490,57,139,1,-1,-1,-1
84,2613,1360,411,36,104,1,-1,-1,-1
84,2614,1089,483,54,120,1,-1,-1,-1
84,2615,708,520,48,132,1,-1,-1,-1
84,2616,521,255,27,82,1,-1,-1,-1
84,2617,264,423,52,119,1,-1,-1,-1
84,2618,1527,425,35,124,1,-1,-1,-1
84,2619,1388,462,41,133,1,-1,-1,-1
84,2620,1239,426,48,118,1,-1,-1,-1
84,2621,1175,489,52,126,1,-1,-1,-1
84,2622,1487,472,45,115,1,-1,-1,-1
84,2623,1308,445,76,124,1,-1,-1,-1
84,2624,1278,413,41,105,1,-1,-1,-1
84,2625,1336,442,36,120,1,-1,-1,-1
84,2626,1366,415,28,111,1,-1,-1,-1
84,2627,739,478,37,111,1,-1,-1,-1
84,2628,1122,473,17,55,1,-1,-1,-1
85,2608,937,511,47,138,1,-1,-1,-1
85,2609,970,485,47,128,1,-1,-1,-1
85,2610,105,470,44,125,1,-1,-1,-1
85,2611,494,573,53,139,1,-1,-1,-1
85,2612,1103,490,57,138,1,-1,-1,-1
85,2613,1363,411,36,103,1,-1,-1,-1
85,2614,1091,483,54,121,1,-1,-1,-1
85,2615,707,520,49,132,1,-1,-1,-1
85,2616,521,255,27,82,1,-1,-1,-1
85,2617,264,423,51,119,1,-1,-1,-1
85,2618,1527,425,35,124,1,-1,-1,-1
85,2619,1388,462,41,133,1,-1,-1,-1
85,2620,1239,426,48,117,1,-1,-1,-1
85,2621,1174,488,52,126,1,-1,-1,-1
85,2622,1484,470,46,114,1,-1,-1,-1
85,2623,1310,445,75,124,1,-1,-1,-1
85,2624,1278,413,42,105,1,-1,-1,-1
85,2625,1335,442,36,119,1,-1,-1,-1
85,2626,1366,415,28,111,1,-1,-1,-1
85,2627,740,478,37,111,1,-1,-1,-1
85,2628,1122,473,15,47,1,-1,-1,-1
86,2608,938,511,48,138,1,-1,-1,-1
86,2609,970,485,47,128,1,-1,-1,-1
86,2610,104,469,44,125,1,-1,-1,-1
86,2611,491,573,53,139,1,-1,-1,-1
86,2612,1103,489,56,138,1,-1,-1,-1
86,2613,1367,411,35,103,1,-1,-1,-1
86,2614,1092,482,54,122,1,-1,-1,-1
86,2615,707,520,48,132,1,-1,-1,-1
86,2616,522,255,27,82,1,-1,-1,-1
86,2617,263,422,52,119,1,-1,-1,-1
86,2618,1527,425,35,124,1,-1,-1,-1
86,2619,1388,462,42,133,1,-1,-1,-1
86,2620,1239,426,49,117,1,-1,-1,-1
86,2621,1174,488,52,126,1,-1,-1,-1
86,2622,1482,469,45,114,1,-1,-1,-1
86,2623,1311,445,75,124,1,-1,-1,-1
86,2624,1278,413,43,105,1,-1,-1,-1
86,2625,1334,441,36,120,1,-1,-1,-1
86,2626,1367,415,27,111,1,-1,-1,-1
86,2627,741,478,37,112,1,-1,-1,-1
86,2628,1123,473,13,39,1,-1,-1,-1
87,2608,939,511,48,138,1,-1,-1,-1
87,2609,970,484,47,129,1,-1,-1,-1
87,2610,103,469,44,124,1,-1,-1,-1
87,2611,488,573,54,139,1,-1,-1,-1
87,2612,1103,489,56,138,1,-1,-1,-1
87,2613,1370,411,36,102,1,-1,-1,-1
87,2614,1093,482,53,122,1,-1,-1,-1
87,2615,705,519,49,132,1,-1,-1,-1
87,2616,522,255,27,82,1,-1,-1,-1
87,2617,262,422,52,119,1,-1,-1,-1
87,2618,1527,424,35,125,1,-1,-1,-1
87,2619,1387,462,43,132,1,-1,-1,-1
87,2620,1240,426,48,117,1,-1,-1,-1
87,2621,1174,488,52,126,1,-1,-1,-1
87,2622,1479,468,46,114,1,-1,-1,-1
87,2623,1313,445,74,124,1,-1,-1,-1
87,2624,1278,413,44,105,1,-1,-1,-1
87,2625,1334,441,35,119,1,-1,-1,-1
87,2626,1368,415,27,110,1,-1,-1,-1
87,2627,742,479,37,111,1,-1,-1,-1
87,2628,1124,474,11,31,1,-1,-1,-1
88,2608,940,511,48,138,1,-1,-1,-1
88,2609,970,483,47,130,1,-1,-1,-1
88,2610,101,468,45,124,1,-1,-1,-1
88,2611,483,573,55,139,1,-1,-1,-1
88,2612,1103,489,56,138,1,-1,-1,-1
88,2613,1374,410,35,102,1,-1,-1,-1
88,2614,1094,482,54,122,1,-1,-1,-1
88,2615,704,519,49,132,1,-1,-1,-1
88,2616,522,255,27,82,1,-1,-1,-1
88,2617,261,422,52,119,1,-1,-1,-1
88,2618,1527,424,35,125,1,-1,-1,-1
88,2619,1386,462,44,132,1,-1,-1,-1
88,2620,1240,426,49,117,1,-1,-1,-1
88,2621,1173,488,53,126,1,-1,-1,-1
88,2622,1477,467,44,113,1,-1,-1,-1
88,2623,1314,445,74,125,1,-1,-1,-1
88,2624,1279,412,45,105,1,-1,-1,-1
88,2625,1333,441,35,119,1,-1,-1,-1
88,2626,1369,415,26,109,1,-1,-1,-1
88,2627,743,479,37,111,1,-1,-1,-1
89,2608,941,511,48,138,1,-1,-1,-1
89,2609,970,483,47,130,1,-1,-1,-1
89,2610,101,467,44,124,1,-1,-1,-1
89,2611,480,574,56,138,1,-1,-1,-1
89,2612,1103,488,56,138,1,-1,-1,-1
89,2613,1375,410,36,101,1,-1,-1,-1
89,2614,1095,481,54,123,1,-1,-1,-1
89,2615,704,519,48,132,1,-1,-1,-1
89,2616,522,255,27,82,1,-1,-1,-1
89,2617,261,421,51,119,1,-1,-1,-1
89,2618,1527,424,35,125,1,-1,-1,-1
89,2619,1387,462,44,132,1,-1,-1,-1
89,2620,1240,426,49,117,1,-1,-1,-1
89,2621,1173,488,53,126,1,-1,-1,-1
89,2622,1475,466,43,113,1,-1,-1,-1
89,2623,1316,445,73,125,1,-1,-1,-1
89,2624,1279,412,45,105,1,-1,-1,-1
89,2625,1332,441,34,119,1,-1,-1,-1
89,2626,1369,414,26,110,1,-1,-1,-1
89,2627,743,479,37,112,1,-1,-1,-1
90,2608,941,511,49,138,1,-1,-1,-1
90,2609,970,483,47,130,1,-1,-1,-1
90,2610,100,467,44,124,1,-1,-1,-1
90,2611,478,574,56,139,1,-1,-1,-1
90,2612,1103,488,55,138,1,-1,-1,-1
90,2613,1377,410,36,101,1,-1,-1,-1
90,2614,1096,481,54,124,1,-1,-1,-1
90,2615,703,519,48,132,1,-1,-1,-1
90,2616,522,255,27,82,1,-1,-1,-1
90,2617,260,421,51,119,1,-1,-1,-1
90,2618,1527,425,35,125,1,-1,-1,-1
90,2619,1387,462,44,132,1,-1,-1,-1
90,2620,1240,426,49,117,1,-1,-1,-1
90,2621,1172,488,53,126,1,-1,-1,-1
90,2622,1474,465,42,113,1,-1,-1,-1
90,2623,1319,446,72,125,1,-1,-1,-1
90,2624,1279,412,46,105,1,-1,-1,-1
90,2625,1331,441,34,119,1,-1,-1,-1
90,2626,1369,414,26,110,1,-1,-1,-1
90,2627,743,479,37,112,1,-1,-1,-1
90,2628,1124,475,11,30,1,-1,-1,-1
91,2608,941,511,49,138,1,-1,-1,-1
91,2609,970,483,47,130,1,-1,-1,-1
91,2610,99,466,44,125,1,-1,-1,-1
91,2611,476,574,57,139,1,-1,-1,-1
91,2612,1102,488,56,138,1,-1,-1,-1
91,2613,1378,410,36,101,1,-1,-1,-1
91,2614,1097,481,54,125,1,-1,-1,-1
91,2615,702,519,48,132,1,-1,-1,-1
91,2616,522,255,27,82,1,-1,-1,-1
91,2617,259,421,51,119,1,-1,-1,-1
91,2618,1527,425,34,125,1,-1,-1,-1
91,2619,1387,462,45,132,1,-1,-1,-1
91,2620,1240,426,49,117,1,-1,-1,-1
91,2621,1172,488,53,126,1,-1,-1,-1
91,2622,1472,464,42,113,1,-1,-1,-1
91,2623,1322,446,71,124,1,-1,-1,-1
91,2624,1279,412,46,105,1,-1,-1,-1
91,2625,1331,442,33,118,1,-1,-1,-1
91,2626,1369,414,26,111,1,-1,-1,-1
91,2627,743,479,37,112,1,-1,-1,-1
91,2628,1123,475,14,35,1,-1,-1,-1
92,2608,942,511,48,138,1,-1,-1,-1
92,2609,971,484,46,129,1,-1,-1,-1
92,2610,97,466,45,125,1,-1,-1,-1
92,2611,474,574,57,139,1,-1,-1,-1
92,2612,1102,487,55,138,1,-1,-1,-1
92,2613,1380,410,36,101,1,-1,-1,-1
92,2614,1098,482,54,126,1,-1,-1,-1
92,2615,700,519,49,132,1,-1,-1,-1
92,2616,522,255,27,82,1,-1,-1,-1
92,2617,258,421,51,119,1,-1,-1,-1
92,2618,1527,425,34,125,1,-1,-1,-1
92,2619,1388,462,45,132,1,-1,-1,-1
92,2620,1240,426,48,117,1,-1,-1,-1
92,2621,1172,488,53,126,1,-1,-1,-1
92,2622,1470,463,42,113,1,-1,-1,-1
92,2623,1325,446,70,124,1,-1,-1,-1
92,2624,1278,412,47,105,1,-1,-1,-1
92,2625,1330,442,33,118,1,-1,-1,-1
92,2626,1369,414,26,111,1,-1,-1,-1
92,2627,743,479,37,112,1,-1,-1,-1
92,2628,1122,475,18,43,1,-1,-1,-1
93,2608,942,511,49,138,1,-1,-1,-1
93,2609,972,484,46,129,1,-1,-1,-1
93,2610,96,466,45,125,1,-1,-1,-1
93,2611,472,575,57,138,1,-1,-1,-1
93,2612,1102,487,55,138,1,-1,-1,-1
93,2613,1381,409,37,101,1,-1,-1,-1
93,2614,1098,482,55,128,1,-1,-1,-1
93,2615,700,519,49,132,1,-1,-1,-1
93,2616,522,255,27,82,1,-1,-1,-1
93,2617,257,421,51,119,1,-1,-1,-1
93,2618,1527,426,34,124,1,-1,-1,-1
93,2619,1388,461,45,132,1,-1,-1,-1
93,2620,1239,426,49,117,1,-1,-1,-1
93,2621,1172,488,53,126,1,-1,-1,-1
93,2622,1468,461,41,115,1,-1,-1,-1
93,2623,1328,446,69,124,1,-1,-1,-1
93,2624,1278,412,47,105,1,-1,-1,-1
93,2625,1329,442,34,118,1,-1,-1,-1
93,2626,1368,414,27,112,1,-1,-1,-1
93,2627,743,478,37,113,1,-1,-1,-1
93,2628,1121,475,21,51,1,-1,-1,-1
94,2608,943,511,49,138,1,-1,-1,-1
94,2609,972,484,46,129,1,-1,-1,-1
94,2610,95,465,45,125,1,-1,-1,-1
94,2611,470,575,57,139,1,-1,-1,-1
94,2612,1101,486,55,138,1,-1,-1,-1
94,2613,1383,409,36,101,1,-1,-1,-1
94,2614,1099,482,56,129,1,-1,-1,-1
94,2615,699,519,49,132,1,-1,-1,-1
94,2616,522,255,27,82,1,-1,-1,-1
94,2617,257,421,50,119,1,-1,-1,-1
94,2618,1527,426,34,124,1,-1,-1,-1
94,2619,1389,461,45,132,1,-1,-1,-1
94,2620,1239,426,49,117,1,-1,-1,-1
94,2621,1171,488,54,126,1,-1,-1,-1
94,2622,1466,460,41,115,1,-1,-1,-1
94,2623,1332,446,67,124,1,-1,-1,-1
94,2624,1278,412,48,105,1,-1,-1,-1
94,2625,1328,443,34,118,1,-1,-1,-1
94,2626,1368,414,26,112,1,-1,-1,-1
94,2627,743,478,37,113,1,-1,-1,-1
94,2628,1120,476,25,59,1,-1,-1,-1
95,2608,943,511,48,138,1,-1,-1,-1
95,2609,973,484,45,128,1,-1,-1,-1
95,2610,94,465,45,125,1,-1,-1,-1
95,2611,468,575,57,139,1,-1,-1,-1
95,2612,1101,486,55,138,1,-1,-1,-1
95,2613,1384,409,37,101,1,-1,-1,-1
95,2614,1100,483,56,129,1,-1,-1,-1
95,2615,698,518,49,132,1,-1,-1,-1
95,2616,522,255,27,82,1,-1,-1,-1
95,2617,257,421,49,118,1,-1,-1,-1
95,2618,1527,426,34,124,1,-1,-1,-1
95,2619,1390,461,44,132,1,-1,-1,-1
95,2620,1239,426,48,117,1,-1,-1,-1
95,2621,1171,488,54,126,1,-1,-1,-1
95,2622,1463,459,42,115,1,-1,-1,-1
95,2623,1335,446,66,124,1,-1,-1,-1
95,2624,1278,412,48,105,1,-1,-1,-1
95,2625,1327,443,34,118,1,-1,-1,-1
95,2626,1368,414,26,113,1,-1,-1,-1
95,2627,743,478,37,113,1,-1,-1,-1
95,2628,1120,477,27,67,1,-1,-1,-1
96,2608,943,511,49,138,1,-1,-1,-1
96,2609,973,485,45,127,1,-1,-1,-1
96,2610,93,465,45,125,1,-1,-1,-1
96,2611,466,576,57,138,1,-1,-1,-1
96,2612,1101,486,55,138,1,-1,-1,-1
96,2613,1386,409,37,101,1,-1,-1,-1
96,2614,1100,483,57,130,1,-1,-1,-1
96,2615,697,518,48,132,1,-1,-1,-1
96,2616,522,255,27,82,1,-1,-1,-1
96,2617,256,421,49,118,1,-1,-1,-1
96,2618,1527,427,33,123,1,-1,-1,-1
96,2619,1390,461,44,132,1,-1,-1,-1
96,2620,1239,426,48,118,1,-1,-1,-1
96,2621,1171,488,54,126,1,-1,-1,-1
96,2622,1461,458,41,115,1,-1,-1,-1
96,2623,1338,446,65,124,1,-1,-1,-1
96,2624,1278,411,48,105,1,-1,-1,-1
96,2625,1326,443,35,118,1,-1,-1,-1
96,2626,1368,414,26,113,1,-1,-1,-1
96,2627,743,477,37,114,1,-1,-1,-1
96,2628,1119,478,31,75,1,-1,-1,-1
97,2608,944,511,48,138,1,-1,-1,-1
97,2609,974,485,44,127,1,-1,-1,-1
97,2610,92,464,45,126,1,-1,-1,-1
97,2611,464,576,57,139,1,-1,-1,-1
97,2612,1101,485,54,138,1,-1,-1,-1
97,2613,1387,409,37,101,1,-1,-1,-1
97,2614,1101,483,57,131,1,-1,-1,-1
97,2615,697,518,48,132,1,-1,-1,-1
97,2616,522,255,27,82,1,-1,-1,-1
97,2617,255,421,48,118,1,-1,-1,-1
97,2618,1526,427,34,123,1,-1,-1,-1
97,2619,1391,461,44,132,1,-1,-1,-1
97,2620,1238,426,49,118,1,-1,-1,-1
97,2621,1170,488,54,126,1,-1,-1,-1
97,2622,1459,457,41,116,1,-1,-1,-1
97,2623,1342,446,63,124,1,-1,-1,-1
97,2624,1278,411,48,105,1,-1,-1,-1
97,2625,1325,444,35,117,1,-1,-1,-1
97,2626,1368,414,26,113,1,-1,-1,-1
97,2627,743,477,36,115,1,-1,-1,-1
97,2628,1118,478,35,84,1,-1,-1,-1
98,2608,945,511,48,138,1,-1,-1,-1
98,2609,974,485,43,127,1,-1,-1,-1
98,2610,91,464,45,126,1,-1,-1,-1
98,2611,463,576,56,139,1,-1,-1,-1
98,2612,1101,485,54,138,1,-1,-1,-1
98,2613,1389,409,37,101,1,-1,-1,-1
98,2614,1102,483,58,133,1,-1,-1,-1
98,2615,696,518,48,132,1,-1,-1,-1
98,2616,522,255,27,82,1,-1,-1,-1
98,2617,255,421,47,118,1,-1,-1,-1
98,2618,1526,428,34,123,1,-1,-1,-1
98,2619,1392,461,44,132,1,-1,-1,-1
98,2620,1238,426,49,118,1,-1,-1,-1
98,2621,1170,488,55,126,1,-1,-1,-1
98,2622,1457,455,41,117,1,-1,-1,-1
98,2623,1345,447,61,123,1,-1,-1,-1
98,2624,1277,411,49,105,1,-1,-1,-1
98,2625,1324,444,36,118,1,-1,-1,-1
98,2626,1368,413,26,114,1,-1,-1,-1
98,2627,743,477,36,115,1,-1,-1,-1
98,2628,1117,479,38,91,1,-1,-1,-1
99,2608,945,511,47,138,1,-1,-1,-1
99,2609,975,486,43,126,1,-1,-1,-1
99,2610,90,463,46,126,1,-1,-1,-1
99,2611,461,576,56,139,1,-1,-1,-1
99,2612,1101,484,54,138,1,-1,-1,-1
99,2613,1390,409,37,101,1,-1,-1,-1
99,2614,1103,483,58,135,1,-1,-1,-1
99,2615,695,518,48,132,1,-1,-1,-1
99,2616,522,255,27,82,1,-1,-1,-1
99,2617,254,421,47,118,1,-1,-1,-1
99,2618,1526,428,33,123,1,-1,-1,-1
99,2619,1393,461,43,131,1,-1,-1,-1
99,2620,1238,426,48,119,1,-1,-1,-1
99,2621,1170,488,54,126,1,-1,-1,-1
99,2622,1455,454,41,117,1,-1,-1,-1
99,2623,1349,447,59,123,1,-1,-1,-1
99,2624,1277,411,49,105,1,-1,-1,-1
99,2625,1323,444,36,118,1,-1,-1,-1
99,2626,1367,413,27,115,1,-1,-1,-1
99,2627,743,477,36,115,1,-1,-1,-1
99,2628,1117,480,40,99,1,-1,-1,-1
100,2608,946,511,47,138,1,-1,-1,-1
100,2609,976,486,42,126,1,-1,-1,-1
100,2610,88,463,46,126,1,-1,-1,-1
100,2611,458,577,56,139,1,-1,-1,-1
100,2612,1100,484,53,138,1,-1,-1,-1
100,2613,1393,409,37,101,1,-1,-1,-1
100,2614,1104,484,59,136,1,-1,-1,-1
100,2615,694,518,48,132,1,-1,-1,-1
100,2616,522,255,27,82,1,-1,-1,-1
100,2617,252,421,47,118,1,-1,-1,-1
100,2618,1526,428,33,123,1,-1,-1,-1
100,2619,1395,461,42,131,1,-1,-1,-1
100,2620,1238,426,48,119,1,-1,-1,-1
100,2621,1169,488,55,126,1,-1,-1,-1
100,2622,1451,452,41,118,1,-1,-1,-1
100,2623,1354,447,57,123,1,-1,-1,-1
100,2624,1278,411,49,105,1,-1,-1,-1
100,2625,1321,445,36,117,1,-1,-1,-1
100,2626,1367,413,27,116,1,-1,-1,-1
100,2627,742,477,36,115,1,-1,-1,-1
100,2628,1116,480,45,112,1,-1,-1,-1
101,2608,947,511,46,138,1,-1,-1,-1
101,2609,976,487,42,125,1,-1,-1,-1
101,2610,88,462,46,127,1,-1,-1,-1
101,2611,457,577,56,139,1,-1,-1,-1
101,2612,1100,483,53,138,1,-1,-1,-1
101,2613,1394,409,37,100,1,-1,-1,-1
101,2614,1105,484,59,137,1,-1,-1,-1
101,2615,694,518,47,132,1,-1,-1,-1
101,2616,522,255,27,82,1,-1,-1,-1
101,2617,252,421,46,118,1,-1,-1,-1
101,2618,1526,429,33,122,1,-1,-1,-1
101,2619,1395,461,42,131,1,-1,-1,-1
101,2620,1238,426,48,119,1,-1,-1,-1
101,2621,1169,488,55,126,1,-1,-1,-1
101,2622,1449,451,42,118,1,-1,-1,-1
101,2623,1356,447,56,123,1,-1,-1,-1
101,2624,1278,411,49,105,1,-1,-1,-1
101,2625,1320,445,37,117,1,-1,-1,-1
101,2626,1367,413,27,116,1,-1,-1,-1
101,2627,742,477,36,116,1,-1,-1,-1
101,2628,1116,481,46,117,1,-1,-1,-1
102,2608,947,511,47,138,1,-1,-1,-1
102,2609,976,487,42,124,1,-1,-1,-1
102,2610,87,462,46,127,1,-1,-1,-1
102,2611,454,577,56,139,1,-1,-1,-1
102,2612,1099,483,53,138,1,-1,-1,-1
102,2613,1395,408,38,102,1,-1,-1,-1
102,2614,1105,484,60,137,1,-1,-1,-1
102,2615,693,518,47,132,1,-1,-1,-1
102,2616,522,255,27,82,1,-1,-1,-1
102,2617,252,421,45,118,1,-1,-1,-1
102,2618,1526,429,33,122,1,-1,-1,-1
102,2619,1395,461,42,131,1,-1,-1,-1
102,2620,1238,426,47,119,1,-1,-1,-1
102,2621,1168,488,55,126,1,-1,-1,-1
102,2622,1449,450,42,118,1,-1,-1,-1
102,2623,1358,447,54,123,1,-1,-1,-1
102,2624,1278,411,49,105,1,-1,-1,-1
102,2625,1319,446,38,117,1,-1,-1,-1
102,2626,1367,413,26,117,1,-1,-1,-1
102,2627,742,477,36,116,1,-1,-1,-1
102,2628,1117,481,47,120,1,-1,-1,-1
103,2608,948,511,46,138,1,-1,-1,-1
103,2609,976,487,42,125,1,-1,-1,-1
103,2610,86,462,46,126,1,-1,-1,-1
103,2611,450,578,57,139,1,-1,-1,-1
103,2612,1098,483,53,138,1,-1,-1,-1
103,2613,1397,408,38,103,1,-1,-1,-1
103,2614,1106,484,60,136,1,-1,-1,-1
103,2615,693,518,47,132,1,-1,-1,-1
103,2616,522,255,27,82,1,-1,-1,-1
103,2617,253,421,44,117,1,-1,-1,-1
103,2618,1526,428,33,122,1,-1,-1,-1
103,2619,1395,461,42,131,1,-1,-1,-1
103,2620,1237,426,47,119,1,-1,-1,-1
103,2621,1168,488,55,126,1,-1,-1,-1
103,2622,1449,449,41,118,1,-1,-1,-1
103,2623,1360,447,53,123,1,-1,-1,-1
103,2624,1278,411,49,105,1,-1,-1,-1
103,2625,1318,446,39,117,1,-1,-1,-1
103,2626,1367,413,26,117,1,-1,-1,-1
103,2627,742,477,35,116,1,-1,-1,-1
103,2628,1118,482,47,121,1,-1,-1,-1
104,2608,948,511,46,138,1,-1,-1,-1
104,2609,975,487,42,125,1,-1,-1,-1
104,2610,84,462,46,126,1,-1,-1,-1
104,2611,447,578,56,140,1,-1,-1,-1
104,2612,1097,483,53,138,1,-1,-1,-1
104,2613,1399,408,38,104,1,-1,-1,-1
104,2614,1107,484,60,136,1,-1,-1,-1
104,2615,692,517,47,132,1,-1,-1,-1
104,2616,521,255,28,82,1,-1,-1,-1
104,2617,253,421,44,117,1,-1,-1,-1
104,2618,1525,428,33,122,1,-1,-1,-1
104,2619,1396,461,41,131,1,-1,-1,-1
104,2620,1237,426,47,119,1,-1,-1,-1
104,2621,1168,488,55,125,1,-1,-1,-1
104,2622,1450,449,40,117,1,-1,-1,-1
104,2623,1362,447,51,123,1,-1,-1,-1
104,2624,1278,411,49,105,1,-1,-1,-1
104,2625,1317,446,40,117,1,-1,-1,-1
104,2626,1366,413,27,117,1,-1,-1,-1
104,2627,742,477,35,116,1,-1,-1,-1
104,2628,1120,482,47,122,1,-1,-1,-1
105,2608,948,511,46,138,1,-1,-1,-1
105,2609,974,486,42,126,1,-1,-1,-1
105,2610,83,462,45,124,1,-1,-1,-1
105,2611,444,579,56,140,1,-1,-1,-1
105,2612,1096,483,53,138,1,-1,-1,-1
105,2613,1400,408,38,104,1,-1,-1,-1
105,2614,1108,484,60,136,1,-1,-1,-1
105,2615,692,517,47,132,1,-1,-1,-1
105,2616,522,255,28,82,1,-1,-1,-1
105,2617,253,420,44,117,1,-1,-1,-1
105,2618,1525,428,33,121,1,-1,-1,-1
105,2619,1395,461,41,131,1,-1,-1,-1
105,2620,1237,426,46,119,1,-1,-1,-1
105,2621,1167,487,55,126,1,-1,-1,-1
105,2622,1450,448,40,117,1,-1,-1,-1
105,2623,1364,447,50,123,1,-1,-1,-1
105,2624,1278,411,49,105,1,-1,-1,-1
105,2625,1316,446,40,117,1,-1,-1,-1
105,2626,1366,413,27,116,1,-1,-1,-1
105,2627,742,477,35,115,1,-1,-1,-1
105,2628,1122,482,47,122,1,-1,-1,-1
106,2608,949,511,45,138,1,-1,-1,-1
106,2609,973,486,43,126,1,-1,-1,-1
106,2610,82,461,45,125,1,-1,-1,-1
106,2611,440,579,56,140,1,-1,-1,-1
106,2612,1094,483,54,138,1,-1,-1,-1
106,2613,1402,408,38,105,1,-1,-1,-1
106,2614,1108,484,61,136,1,-1,-1,-1
106,2615,692,517,47,131,1,-1,-1,-1
106,2616,522,255,28,82,1,-1,-1,-1
106,2617,252,420,45,117,1,-1,-1,-1
106,2618,1524,427,33,121,1,-1,-1,-1
106,2619,1396,460,40,131,1,-1,-1,-1
106,2620,1236,426,47,119,1,-1,-1,-1
106,2621,1167,487,54,125,1,-1,-1,-1
106,2622,1450,447,39,117,1,-1,-1,-1
106,2623,1365,447,49,123,1,-1,-1,-1
106,2624,1278,411,49,105,1,-1,-1,-1
106,2625,1315,446,41,117,1,-1,-1,-1
106,2626,1366,413,27,116,1,-1,-1,-1
106,2627,742,478,35,114,1,-1,-1,-1
106,2628,1124,482,46,123,1,-1,-1,-1
107,2608,949,511,46,138,1,-1,-1,-1
107,2609,973,486,43,126,1,-1,-1,-1
107,2610,81,461,45,124,1,-1,-1,-1
107,2611,436,580,57,140,1,-1,-1,-1
107,2612,1092,483,55,138,1,-1,-1,-1
107,2613,1403,408,38,106,1,-1,-1,-1
107,2614,1109,485,61,135,1,-1,-1,-1
107,2615,691,517,47,131,1,-1,-1,-1
107,2616,522,256,28,82,1,-1,-1,-1
107,2617,252,420,45,117,1,-1,-1,-1
107,2618,1524,427,33,121,1,-1,-1,-1
107,2619,1396,460,41,131,1,-1,-1,-1
107,2620,1236,426,46,119,1,-1,-1,-1
107,2621,1166,487,55,124,1,-1,-1,-1
107,2622,1451,447,38,115,1,-1,-1,-1
107,2623,1367,447,48,123,1,-1,-1,-1
107,2624,1278,411,49,105,1,-1,-1,-1
107,2625,1314,446,41,117,1,-1,-1,-1
107,2626,1365,413,27,116,1,-1,-1,-1
107,2627,742,478,36,114,1,-1,-1,-1
107,2628,1126,483,46,123,1,-1,-1,-1
108,2608,949,511,46,138,1,-1,-1,-1
108,2609,972,486,44,126,1,-1,-1,-1
108,2610,80,461,45,123,1,-1,-1,-1
108,2611,434,580,56,140,1,-1,-1,-1
108,2612,1091,483,55,138,1,-1,-1,-1
108,2613,1405,408,37,107,1,-1,-1,-1
108,2614,1110,485,62,134,1,-1,-1,-1
108,2615,690,516,47,131,1,-1,-1,-1
108,2616,522,256,28,82,1,-1,-1,-1
108,2617,251,420,46,116,1,-1,-1,-1
108,2618,1523,427,33,120,1,-1,-1,-1
108,2619,1396,460,41,131,1,-1,-1,-1
108,2620,1235,426,46,119,1,-1,-1,-1
108,2621,1166,487,54,124,1,-1,-1,-1
108,2622,1451,446,37,115,1,-1,-1,-1
108,2623,1369,447,47,123,1,-1,-1,-1
108,2624,1277,411,49,105,1,-1,-1,-1
108,2625,1313,446,41,117,1,-1,-1,-1
108,2626,1365,413,28,116,1,-1,-1,-1
108,2627,742,478,36,115,1,-1,-1,-1
108,2628,1127,483,47,124,1,-1,-1,-1
109,2608,950,512,46,138,1,-1,-1,-1
109,2609,970,485,45,127,1,-1,-1,-1
109,2610,79,462,45,122,1,-1,-1,-1
109,2611,431,580,57,140,1,-1,-1,-1
109,2612,1090,483,56,138,1,-1,-1,-1
109,2613,1407,408,37,108,1,-1,-1,-1
109,2614,1111,485,63,134,1,-1,-1,-1
109,2615,690,516,47,131,1,-1,-1,-1
109,2616,522,257,27,82,1,-1,-1,-1
109,2617,251,419,45,117,1,-1,-1,-1
109,2618,1521,427,34,121,1,-1,-1,-1
109,2619,1396,460,41,131,1,-1,-1,-1
109,2620,1234,427,46,118,1,-1,-1,-1
109,2621,1165,486,55,124,1,-1,-1,-1
109,2622,1449,446,37,114,1,-1,-1,-1
109,2623,1370,447,46,123,1,-1,-1,-1
109,2624,1276,411,50,105,1,-1,-1,-1
109,2625,1312,446,42,117,1,-1,-1,-1
109,2626,1364,413,28,116,1,-1,-1,-1
109,2627,742,479,36,114,1,-1,-1,-1
109,2628,1129,483,47,124,1,-1,-1,-1
110,2608,951,512,46,138,1,-1,-1,-1
110,2609,969,485,45,127,1,-1,-1,-1
110,2610,78,463,45,122,1,-1,-1,-1
110,2611,428,580,57,141,1,-1,-1,-1
110,2612,1089,483,57,138,1,-1,-1,-1
110,2613,1409,408,37,109,1,-1,-1,-1
110,2614,1111,485,65,134,1,-1,-1,-1
110,2615,689,516,47,131,1,-1,-1,-1
110,2616,521,257,28,82,1,-1,-1,-1
110,2617,250,419,46,117,1,-1,-1,-1
110,2618,1519,428,35,121,1,-1,-1,-1
110,2619,1395,460,42,131,1,-1,-1,-1
110,2620,1233,427,46,118,1,-1,-1,-1
110,2621,1165,486,54,123,1,-1,-1,-1
110,2622,1447,446,37,114,1,-1,-1,-1
110,2623,1372,447,45,123,1,-1,-1,-1
110,2624,1276,411,50,105,1,-1,-1,-1
110,2625,1311,446,42,117,1,-1,-1,-1
110,2626,1364,413,28,116,1,-1,-1,-1
110,2627,742,479,35,114,1,-1,-1,-1
110,2628,1130,483,47,125,1,-1,-1,-1
111,2608,952,512,46,138,1,-1,-1,-1
111,2609,968,485,45,127,1,-1,-1,-1
111,2610,78,464,45,121,1,-1,-1,-1
111,2611,426,580,56,141,1,-1,-1,-1
111,2612,1089,483,57,138,1,-1,-1,-1
111,2613,1411,408,36,109,1,-1,-1,-1
111,2614,1111,485,66,133,1,-1,-1,-1
111,2615,688,516,47,130,1,-1,-1,-1
111,2616,520,257,28,82,1,-1,-1,-1
111,2617,250,419,46,117,1,-1,-1,-1
111,2618,1516,428,36,121,1,-1,-1,-1
111,2619,1395,460,42,131,1,-1,-1,-1
111,2620,1231,427,47,119,1,-1,-1,-1
111,2621,1164,486,54,123,1,-1,-1,-1
111,2622,1446,446,37,113,1,-1,-1,-1
111,2623,1373,447,44,123,1,-1,-1,-1
111,2624,1276,411,50,105,1,-1,-1,-1
111,2625,1310,446,43,118,1,-1,-1,-1
111,2626,1363,413,29,116,1,-1,-1,-1
111,2627,742,479,35,114,1,-1,-1,-1
111,2628,1132,484,47,125,1,-1,-1,-1
112,2608,953,512,46,138,1,-1,-1,-1
112,2609,967,484,45,128,1,-1,-1,-1
112,2610,78,465,45,121,1,-1,-1,-1
112,2611,423,580,56,141,1,-1,-1,-1
112,2612,1088,483,57,138,1,-1,-1,-1
112,2613,1413,407,35,110,1,-1,-1,-1
112,2614,1112,485,66,133,1,-1,-1,-1
112,2615,687,515,47,131,1,-1,-1,-1
112,2616,520,257,27,82,1,-1,-1,-1
112,2617,249,419,47,116,1,-1,-1,-1
112,2618,1513,429,38,120,1,-1,-1,-1
112,2619,1395,460,42,131,1,-1,-1,-1
112,2620,1230,428,46,118,1,-1,-1,-1
112,2621,1164,485,53,123,1,-1,-1,-1
112,2622,1444,446,37,113,1,-1,-1,-1
112,2623,1375,447,43,123,1,-1,-1,-1
112,2624,1276,411,50,105,1,-1,-1,-1
112,2625,1309,447,43,117,1,-1,-1,-1
112,2626,1363,413,29,116,1,-1,-1,-1
112,2627,741,479,36,114,1,-1,-1,-1
112,2628,1134,484,47,126,1,-1,-1,-1
113,2608,954,512,46,138,1,-1,-1,-1
113,2609,965,484,45,128,1,-1,-1,-1
113,2610,77,466,45,120,1,-1,-1,-1
113,2611,419,580,56,141,1,-1,-1,-1
113,2612,1087,483,58,138,1,-1,-1,-1
113,2613,1415,407,35,111,1,-1,-1,-1
113,2614,1112,485,68,133,1,-1,-1,-1
113,2615,686,515,47,131,1,-1,-1,-1
113,2616,519,257,28,82,1,-1,-1,-1
113,2617,248,418,49,117,1,-1,-1,-1
113,2618,1510,430,39,120,1,-1,-1,-1
113,2619,1395,460,42,130,1,-1,-1,-1
113,2620,1228,428,47,118,1,-1,-1,-1
113,2621,1163,485,53,123,1,-1,-1,-1
113,2622,1442,445,37,113,1,-1,-1,-1
113,2623,1376,447,43,123,1,-1,-1,-1
113,2624,1276,411,50,105,1,-1,-1,-1
113,2625,1307,447,45,118,1,-1,-1,-1
113,2626,1362,413,30,116,1,-1,-1,-1
113,2627,742,479,34,114,1,-1,-1,-1
113,2628,1137,484,47,126,1,-1,-1,-1
114,2608,955,512,45,138,1,-1,-1,-1
114,2609,963,484,46,128,1,-1,-1,-1
114,2610,77,466,44,120,1,-1,-1,-1
114,2611,417,580,56,141,1,-1,-1,-1
114,2612,1087,483,58,138,1,-1,-1,-1
114,2613,1416,407,34,112,1,-1,-1,-1
114,2614,1112,485,69,133,1,-1,-1,-1
114,2615,685,515,47,131,1,-1,-1,-1
114,2616,518,257,28,81,1,-1,-1,-1
114,2617,248,418,49,117,1,-1,-1,-1
114,2618,1508,430,41,120,1,-1,-1,-1
114,2619,1395,460,43,130,1,-1,-1,-1
114,2620,1227,428,47,118,1,-1,-1,-1
114,2621,1163,485,53,122,1,-1,-1,-1
114,2622,1440,445,38,112,1,-1,-1,-1
114,2623,1377,447,42,123,1,-1,-1,-1
114,2624,1276,411,50,105,1,-1,-1,-1
114,2625,1307,447,44,118,1,-1,-1,-1
114,2626,1362,413,30,116,1,-1,-1,-1
114,2627,742,479,34,114,1,-1,-1,-1
114,2628,1137,484,47,127,1,-1,-1,-1
115,2608,955,512,45,138,1,-1,-1,-1
115,2609,962,484,46,128,1,-1,-1,-1
115,2610,75,466,44,118,1,-1,-1,-1
115,2611,415,580,56,141,1,-1,-1,-1
115,2612,1086,483,59,138,1,-1,-1,-1
115,2613,1417,407,33,110,1,-1,-1,-1
115,2614,1111,486,70,132,1,-1,-1,-1
115,2615,684,515,47,130,1,-1,-1,-1
115,2616,517,257,28,81,1,-1,-1,-1
115,2617,247,417,50,117,1,-1,-1,-1
115,2618,1506,431,42,120,1,-1,-1,-1
115,2619,1395,460,43,130,1,-1,-1,-1
115,2620,1227,428,48,118,1,-1,-1,-1
115,2621,1163,485,53,122,1,-1,-1,-1
115,2622,1439,445,38,111,1,-1,-1,-1
115,2623,1378,447,41,123,1,-1,-1,-1
115,2624,1276,411,49,105,1,-1,-1,-1
115,2625,1306,447,45,118,1,-1,-1,-1
115,2626,1361,413,31,116,1,-1,-1,-1
115,2627,741,480,35,113,1,-1,-1,-1
115,2628,1137,484,47,127,1,-1,-1,-1
116,2608,955,512,45,138,1,-1,-1,-1
116,2609,961,484,46,128,1,-1,-1,-1
116,2610,74,466,44,117,1,-1,-1,-1
116,2611,412,580,56,142,1,-1,-1,-1
116,2612,1086,483,59,137,1,-1,-1,-1
116,2613,1418,408,32,109,1,-1,-1,-1
116,2614,1110,486,70,131,1,-1,-1,-1
116,2615,683,514,47,131,1,-1,-1,-1
116,2616,516,257,28,81,1,-1,-1,-1
116,2617,247,417,50,116,1,-1,-1,-1
116,2618,1504,431,44,120,1,-1,-1,-1
116,2619,1394,460,44,130,1,-1,-1,-1
116,2620,1226,428,48,118,1,-1,-1,-1
116,2621,1163,484,53,123,1,-1,-1,-1
116,2622,1438,445,37,111,1,-1,-1,-1
116,2623,1378,447,41,123,1,-1,-1,-1
116,2624,1276,411,49,105,1,-1,-1,-1
116,2625,1305,447,46,118,1,-1,-1,-1
116,2626,1360,414,32,115,1,-1,-1,-1
116,2627,741,480,34,113,1,-1,-1,-1
116,2628,1138,485,46,125,1,-1,-1,-1
117,2608,955,512,45,138,1,-1,-1,-1
117,2609,960,484,46,127,1,-1,-1,-1
117,2610,73,466,43,116,1,-1,-1,-1
117,2611,410,581,56,141,1,-1,-1,-1
117,2612,1085,484,59,136,1,-1,-1,-1
117,2613,1418,408,31,107,1,-1,-1,-1
117,2614,1109,486,71,131,1,-1,-1,-1
117,2615,682,514,46,131,1,-1,-1,-1
117,2616,516,257,28,80,1,-1,-1,-1
117,2617,247,417,50,116,1,-1,-1,-1
117,2618,1502,431,46,120,1,-1,-1,-1
117,2619,1394,460,45,130,1,-1,-1,-1
117,2620,1227,428,48,118,1,-1,-1,-1
117,2621,1162,484,53,123,1,-1,-1,-1
117,2622,1437,445,38,110,1,-1,-1,-1
117,2623,1379,447,40,123,1,-1,-1,-1
117,2624,1276,411,48,105,1,-1,-1,-1
117,2625,1305,447,45,118,1,-1,-1,-1
117,2626,1360,414,32,115,1,-1,-1,-1
117,2627,740,480,35,113,1,-1,-1,-1
117,2628,1137,485,47,125,1,-1,-1,-1
118,2608,954,512,45,138,1,-1,-1,-1
118,2609,959,484,45,127,1,-1,-1,-1
118,2610,71,465,43,115,1,-1,-1,-1
118,2611,407,581,56,141,1,-1,-1,-1
118,2612,1085,484,60,136,1,-1,-1,-1
118,2613,1418,408,30,106,1,-1,-1,-1
118,2614,1108,486,71,131,1,-1,-1,-1
118,2615,681,514,46,130,1,-1,-1,-1
118,2616,515,257,29,80,1,-1,-1,-1
118,2617,247,417,50,116,1,-1,-1,-1
118,2618,1500,431,48,120,1,-1,-1,-1
118,2619,1394,460,45,130,1,-1,-1,-1
118,2620,1227,428,48,118,1,-1,-1,-1
118,2621,1162,484,53,123,1,-1,-1,-1
118,2622,1436,445,38,109,1,-1,-1,-1
118,2623,1378,447,40,124,1,-1,-1,-1
118,2624,1276,411,48,105,1,-1,-1,-1
118,2625,1303,447,47,118,1,-1,-1,-1
118,2626,1359,414,33,116,1,-1,-1,-1
118,2627,739,480,35,113,1,-1,-1,-1
118,2628,1137,485,46,126,1,-1,-1,-1
119,2608,954,512,44,138,1,-1,-1,-1
119,2609,958,484,45,127,1,-1,-1,-1
119,2610,69,465,43,114,1,-1,-1,-1
119,2611,404,581,57,141,1,-1,-1,-1
119,2612,1085,484,60,136,1,-1,-1,-1
119,2613,1418,408,30,105,1,-1,-1,-1
119,2614,1107,487,71,130,1,-1,-1,-1
119,2615,680,514,46,130,1,-1,-1,-1
119,2616,515,257,28,80,1,-1,-1,-1
119,2617,247,416,50,116,1,-1,-1,-1
119,2618,1498,431,49,120,1,-1,-1,-1
119,2619,1393,460,46,130,1,-1,-1,-1
119,2620,1227,428,48,118,1,-1,-1,-1
119,2621,1162,483,53,123,1,-1,-1,-1
119,2622,1435,445,38,109,1,-1,-1,-1
119,2623,1378,447,40,124,1,-1,-1,-1
119,2624,1276,411,47,105,1,-1,-1,-1
119,2625,1303,447,46,118,1,-1,-1,-1
119,2626,1359,415,33,115,1,-1,-1,-1
119,2627,739,480,34,113,1,-1,-1,-1
119,2628,1137,485,46,126,1,-1,-1,-1
120,2608,954,512,44,138,1,-1,-1,-1
120,2609,957,484,45,127,1,-1,-1,-1
120,2610,67,465,43,113,1,-1,-1,-1
120,2611,402,581,56,142,1,-1,-1,-1
120,2612,1085,485,60,135,1,-1,-1,-1
120,2613,1418,409,29,102,1,-1,-1,-1
120,2614,1106,487,71,130,1,-1,-1,-1
120,2615,679,514,47,129,1,-1,-1,-1
120,2616,514,257,28,80,1,-1,-1,-1
120,2617,247,416,50,116,1,-1,-1,-1
120,2618,1496,432,51,119,1,-1,-1,-1
120,2619,1394,460,46,130,1,-1,-1,-1
120,2620,1227,428,49,118,1,-1,-1,-1
120,2621,1162,483,53,123,1,-1,-1,-1
120,2622,1434,445,38,108,1,-1,-1,-1
120,2623,1379,447,39,124,1,-1,-1,-1
120,2624,1276,411,46,105,1,-1,-1,-1
120,2625,1302,447,47,118,1,-1,-1,-1
120,2626,1358,415,34,115,1,-1,-1,-1
120,2627,738,480,35,113,1,-1,-1,-1
120,2628,1137,485,45,127,1,-1,-1,-1
121,2608,954,512,44,138,1,-1,-1,-1
121,2609,955,484,46,126,1,-1,-1,-1
121,2610,66,464,43,112,1,-1,-1,-1
121,2611,399,582,57,141,1,-1,-1,-1
121,2612,1084,485,61,135,1,-1,-1,-1
121,2613,1418,409,29,101,1,-1,-1,-1
121,2614,1106,487,70,130,1,-1,-1,-1
121,2615,678,513,47,130,1,-1,-1,-1
121,2616,513,257,29,80,1,-1,-1,-1
121,2617,247,416,50,116,1,-1,-1,-1
121,2618,1494,432,53,119,1,-1,-1,-1
121,2619,1393,460,47,130,1,-1,-1,-1
121,2620,1227,427,48,118,1,-1,-1,-1
121,2621,1161,483,54,123,1,-1,-1,-1
121,2622,1433,445,37,107,1,-1,-1,-1
121,2623,1379,447,39,124,1,-1,-1,-1
121,2624,1276,411,46,105,1,-1,-1,-1
121,2625,1300,447,48,118,1,-1,-1,-1
121,2626,1357,415,34,115,1,-1,-1,-1
121,2627,737,480,35,112,1,-1,-1,-1
121,2628,1137,485,44,127,1,-1,-1,-1
122,2608,953,512,44,138,1,-1,-1,-1
122,2609,954,484,46,126,1,-1,-1,-1
122,2610,65,464,43,110,1,-1,-1,-1
122,2611,396,582,58,141,1,-1,-1,-1
122,2612,1084,485,61,135,1,-1,-1,-1
122,2613,1419,409,28,100,1,-1,-1,-1
122,2614,1105,488,70,129,1,-1,-1,-1
122,2615,677,513,47,130,1,-1,-1,-1
122,2616,513,257,28,80,1,-1,-1,-1
122,2617,247,416,50,115,1,-1,-1,-1
122,2618,1492,432,55,119,1,-1,-1,-1
122,2619,1393,460,47,130,1,-1,-1,-1
122,2620,1228,427,48,118,1,-1,-1,-1
122,2621,1161,482,54,124,1,-1,-1,-1
122,2622,1432,445,37,106,1,-1,-1,-1
122,2623,1379,448,39,124,1,-1,-1,-1
122,2624,1276,411,45,105,1,-1,-1,-1
122,2625,1300,447,47,118,1,-1,-1,-1
122,2626,1357,415,35,115,1,-1,-1,-1
122,2627,737,480,35,112,1,-1,-1,-1
122,2628,1137,486,44,126,1,-1,-1,-1
123,2608,953,513,44,138,1,-1,-1,-1
123,2609,953,484,46,126,1,-1,-1,-1
123,2610,63,463,43,110,1,-1,-1,-1
123,2611,393,582,58,141,1,-1,-1,-1
123,2612,1084,486,61,134,1,-1,-1,-1
123,2613,1419,409,28,99,1,-1,-1,-1
123,2614,1105,488,69,128,1,-1,-1,-1
123,2615,676,513,47,130,1,-1,-1,-1
123,2616,512,257,29,80,1,-1,-1,-1
123,2617,247,415,49,116,1,-1,-1,-1
123,2618,1490,432,57,119,1,-1,-1,-1
123,2619,1393,460,48,130,1,-1,-1,-1
123,2620,1228,427,48,118,1,-1,-1,-1
123,2621,1161,482,53,124,1,-1,-1,-1
123,2622,1431,445,37,105,1,-1,-1,-1
123,2623,1379,448,38,124,1,-1,-1,-1
123,2624,1276,411,44,105,1,-1,-1,-1
123,2625,1298,448,49,118,1,-1,-1,-1
123,2626,1356,415,36,115,1,-1,-1,-1
123,2627,736,480,35,112,1,-1,-1,-1
123,2628,1138,486,42,126,1,-1,-1,-1
124,2608,953,513,44,138,1,-1,-1,-1
124,2609,951,484,47,126,1,-1,-1,-1
124,2610,61,463,43,109,1,-1,-1,-1
124,2611,390,583,58,141,1,-1,-1,-1
124,2612,1084,486,60,134,1,-1,-1,-1
124,2613,1419,410,28,97,1,-1,-1,-1
124,2614,1104,488,69,128,1,-1,-1,-1
124,2615,675,512,47,130,1,-1,-1,-1
124,2616,511,257,29,80,1,-1,-1,-1
124,2617,247,415,49,115,1,-1,-1,-1
124,2618,1488,432,59,119,1,-1,-1,-1
124,2619,1392,460,49,130,1,-1,-1,-1
124,2620,1229,426,47,118,1,-1,-1,-1
124,2621,1161,482,53,124,1,-1,-1,-1
124,2622,1431,445,36,104,1,-1,-1,-1
124,2623,1378,448,39,124,1,-1,-1,-1
124,2624,1276,411,43,105,1,-1,-1,-1
124,2625,1298,448,48,118,1,-1,-1,-1
124,2626,1355,415,37,115,1,-1,-1,-1
124,2627,736,480,35,112,1,-1,-1,-1
124,2628,1138,486,42,126,1,-1,-1,-1
125,2608,953,513,43,138,1,-1,-1,-1
125,2609,949,485,47,125,1,-1,-1,-1
125,2610,59,463,42,106,1,-1,-1,-1
125,2611,385,583,59,141,1,-1,-1,-1
125,2612,1083,486,61,133,1,-1,-1,-1
125,2613,1419,410,28,94,1,-1,-1,-1
125,2614,1102,489,68,127,1,-1,-1,-1
125,2615,673,512,48,130,1,-1,-1,-1
125,2616,510,257,29,81,1,-1,-1,-1
125,2617,248,415,48,115,1,-1,-1,-1
125,2618,1485,432,62,118,1,-1,-1,-1
125,2619,1391,460,50,130,1,-1,-1,-1
125,2620,1229,426,47,118,1,-1,-1,-1
125,2621,1160,482,54,124,1,-1,-1,-1
125,2622,1429,445,36,102,1,-1,-1,-1
125,2623,1379,448,38,124,1,-1,-1,-1
125,2624,1276,411,42,105,1,-1,-1,-1
125,2625,1296,448,49,118,1,-1,-1,-1
125,2626,1354,415,38,115,1,-1,-1,-1
125,2627,734,480,36,112,1,-1,-1,-1
125,2628,1138,486,41,126,1,-1,-1,-1
126,2608,952,513,43,138,1,-1,-1,-1
126,2609,949,485,47,125,1,-1,-1,-1
126,2610,58,463,43,105,1,-1,-1,-1
126,2611,384,583,59,141,1,-1,-1,-1
126,2612,1083,486,62,133,1,-1,-1,-1
126,2613,1420,410,27,93,1,-1,-1,-1
126,2614,1102,489,67,127,1,-1,-1,-1
126,2615,673,512,47,130,1,-1,-1,-1
126,2616,509,257,30,81,1,-1,-1,-1
126,2617,248,414,48,115,1,-1,-1,-1
126,2618,1484,432,63,118,1,-1,-1,-1
126,2619,1392,460,50,130,1,-1,-1,-1
126,2620,1229,426,47,118,1,-1,-1,-1
126,2621,1160,481,53,125,1,-1,-1,-1
126,2622,1429,444,36,102,1,-1,-1,-1
126,2623,1379,448,39,124,1,-1,-1,-1
126,2624,1276,411,41,105,1,-1,-1,-1
126,2625,1295,448,50,118,1,-1,-1,-1
126,2626,1354,415,38,115,1,-1,-1,-1
126,2627,734,481,35,111,1,-1,-1,-1
126,2628,1138,486,40,126,1,-1,-1,-1
127,2608,953,513,42,138,1,-1,-1,-1
127,2609,948,485,47,125,1,-1,-1,-1
127,2610,57,461,44,106,1,-1,-1,-1
127,2611,380,583,60,141,1,-1,-1,-1
127,2612,1084,487,61,132,1,-1,-1,-1
127,2613,1419,410,27,93,1,-1,-1,-1
127,2614,1103,489,67,127,1,-1,-1,-1
127,2615,672,512,47,130,1,-1,-1,-1
127,2616,509,258,30,80,1,-1,-1,-1
127,2617,248,414,48,115,1,-1,-1,-1
127,2618,1484,432,65,118,1,-1,-1,-1
127,2619,1392,460,51,129,1,-1,-1,-1
127,2620,1230,426,46,118,1,-1,-1,-1
127,2621,1160,481,54,125,1,-1,-1,-1
127,2622,1430,444,36,102,1,-1,-1,-1
127,2623,1379,447,39,124,1,-1,-1,-1
127,2624,1276,411,40,105,1,-1,-1,-1
127,2625,1294,448,50,118,1,-1,-1,-1
127,2626,1354,415,39,115,1,-1,-1,-1
127,2627,733,481,36,112,1,-1,-1,-1
127,2628,1139,486,39,126,1,-1,-1,-1
128,2608,952,513,43,138,1,-1,-1,-1
128,2609,947,486,47,124,1,-1,-1,-1
128,2610,57,459,44,107,1,-1,-1,-1
128,2611,376,584,61,141,1,-1,-1,-1
128,2612,1084,487,62,132,1,-1,-1,-1
128,2613,1418,410,27,94,1,-1,-1,-1
128,2614,1104,490,67,126,1,-1,-1,-1
128,2615,671,511,47,130,1,-1,-1,-1
128,2616,509,258,30,80,1,-1,-1,-1
128,2617,249,414,46,115,1,-1,-1,-1
128,2618,1486,432,65,117,1,-1,-1,-1
128,2619,1394,460,52,129,1,-1,-1,-1
128,2620,1230,426,46,118,1,-1,-1,-1
128,2621,1161,481,54,125,1,-1,-1,-1
128,2622,1432,444,36,103,1,-1,-1,-1
128,2623,1379,447,39,124,1,-1,-1,-1
128,2624,1275,411,39,105,1,-1,-1,-1
128,2625,1294,448,50,118,1,-1,-1,-1
128,2626,1353,415,40,115,1,-1,-1,-1
128,2627,733,482,35,111,1,-1,-1,-1
128,2628,1139,486,38,125,1,-1,-1,-1
129,2608,953,513,42,138,1,-1,-1,-1
129,2609,946,486,48,123,1,-1,-1,-1
129,2610,56,456,45,109,1,-1,-1,-1
129,2611,372,584,60,142,1,-1,-1,-1
129,2612,1084,487,63,133,1,-1,-1,-1
129,2613,1416,410,28,95,1,-1,-1,-1
129,2614,1105,490,66,126,1,-1,-1,-1
129,2615,670,511,47,129,1,-1,-1,-1
129,2616,509,259,30,79,1,-1,-1,-1
129,2617,248,413,47,115,1,-1,-1,-1
129,2618,1487,432,67,119,1,-1,-1,-1
129,2619,1397,460,51,129,1,-1,-1,-1
129,2620,1231,426,45,118,1,-1,-1,-1
129,2621,1161,482,54,124,1,-1,-1,-1
129,2622,1434,444,37,103,1,-1,-1,-1
129,2623,1380,447,39,124,1,-1,-1,-1
129,2624,1275,411,38,104,1,-1,-1,-1
129,2625,1293,448,50,119,1,-1,-1,-1
129,2626,1352,414,41,115,1,-1,-1,-1
129,2627,733,483,35,110,1,-1,-1,-1
129,2628,1140,486,37,125,1,-1,-1,-1
130,2608,952,513,43,138,1,-1,-1,-1
130,2609,946,486,47,122,1,-1,-1,-1
130,2610,56,454,45,109,1,-1,-1,-1
130,2611,368,584,60,142,1,-1,-1,-1
130,2612,1085,487,62,133,1,-1,-1,-1
130,2613,1415,411,29,94,1,-1,-1,-1
130,2614,1106,490,66,125,1,-1,-1,-1
130,2615,670,510,47,129,1,-1,-1,-1
130,2616,509,260,30,79,1,-1,-1,-1
130,2617,249,413,45,115,1,-1,-1,-1
130,2618,1490,432,66,119,1,-1,-1,-1
130,2619,1399,461,51,129,1,-1,-1,-1
130,2620,1231,426,45,118,1,-1,-1,-1
130,2621,1162,482,54,124,1,-1,-1,-1
130,2622,1436,444,37,103,1,-1,-1,-1
130,2623,1380,446,39,125,1,-1,-1,-1
130,2624,1274,411,38,104,1,-1,-1,-1
130,2625,1292,449,51,118,1,-1,-1,-1
130,2626,1352,414,41,115,1,-1,-1,-1
130,2627,732,484,36,109,1,-1,-1,-1
130,2628,1141,486,36,124,1,-1,-1,-1
131,2608,952,512,43,138,1,-1,-1,-1
131,2609,945,486,47,122,1,-1,-1,-1
131,2610,55,452,46,110,1,-1,-1,-1
131,2611,364,584,60,142,1,-1,-1,-1
131,2612,1085,486,63,134,1,-1,-1,-1
131,2613,1414,411,29,94,1,-1,-1,-1
131,2614,1107,490,66,125,1,-1,-1,-1
131,2615,669,509,47,129,1,-1,-1,-1
131,2616,509,261,30,78,1,-1,-1,-1
131,2617,249,413,45,115,1,-1,-1,-1
131,2618,1492,433,67,118,1,-1,-1,-1
131,2619,1401,461,52,129,1,-1,-1,-1
131,2620,1232,426,44,118,1,-1,-1,-1
131,2621,1163,482,53,124,1,-1,-1,-1
131,2622,1438,444,37,103,1,-1,-1,-1
131,2623,1381,446,39,124,1,-1,-1,-1
131,2624,1274,411,37,104,1,-1,-1,-1
131,2625,1291,449,51,119,1,-1,-1,-1
131,2626,1352,414,41,115,1,-1,-1,-1
131,2627,732,485,36,108,1,-1,-1,-1
131,2628,1141,486,36,124,1,-1,-1,-1
132,2608,952,512,43,138,1,-1,-1,-1
132,2609,944,486,47,121,1,-1,-1,-1
132,2610,55,449,46,112,1,-1,-1,-1
132,2611,359,585,59,142,1,-1,-1,-1
132,2612,1086,486,63,134,1,-1,-1,-1
132,2613,1413,411,30,95,1,-1,-1,-1
132,2614,1107,491,67,124,1,-1,-1,-1
132,2615,668,509,48,129,1,-1,-1,-1
132,2616,509,262,30,78,1,-1,-1,-1
132,2617,249,412,45,115,1,-1,-1,-1
132,2618,1495,433,66,119,1,-1,-1,-1
132,2619,1403,461,52,129,1,-1,-1,-1
132,2620,1232,426,43,118,1,-1,-1,-1
132,2621,1163,482,54,124,1,-1,-1,-1
132,2622,1440,444,37,102,1,-1,-1,-1
132,2623,1381,446,39,124,1,-1,-1,-1
132,2624,1272,411,38,104,1,-1,-1,-1
132,2625,1289,449,52,119,1,-1,-1,-1
132,2626,1352,413,42,116,1,-1,-1,-1
132,2627,731,486,37,107,1,-1,-1,-1
132,2628,1142,486,35,123,1,-1,-1,-1
133,2608,953,512,43,138,1,-1,-1,-1
133,2609,944,486,47,120,1,-1,-1,-1
133,2610,54,447,46,112,1,-1,-1,-1
133,2611,356,585,59,142,1,-1,-1,-1
133,2612,1087,486,62,134,1,-1,-1,-1
133,2613,1411,411,31,96,1,-1,-1,-1
133,2614,1108,491,67,124,1,-1,-1,-1
133,2615,667,508,48,129,1,-1,-1,-1
133,2616,509,263,30,77,1,-1,-1,-1
133,2617,249,412,45,116,1,-1,-1,-1
133,2618,1497,433,65,119,1,-1,-1,-1
133,2619,1405,462,52,128,1,-1,-1,-1
133,2620,1232,426,43,117,1,-1,-1,-1
133,2621,1164,482,54,123,1,-1,-1,-1
133,2622,1442,443,38,103,1,-1,-1,-1
133,2623,1381,446,39,124,1,-1,-1,-1
133,2624,1272,411,37,104,1,-1,-1,-1
133,2625,1289,449,51,120,1,-1,-1,-1
133,2626,1352,413,42,116,1,-1,-1,-1
133,2627,731,487,38,106,1,-1,-1,-1
133,2628,1143,486,34,123,1,-1,-1,-1
134,2608,954,512,44,137,1,-1,-1,-1
134,2609,943,486,48,120,1,-1,-1,-1
134,2610,53,445,47,112,1,-1,-1,-1
134,2611,354,585,59,143,1,-1,-1,-1
134,2612,1087,487,62,132,1,-1,-1,-1
134,2613,1410,411,31,96,1,-1,-1,-1
134,2614,1109,491,67,123,1,-1,-1,-1
134,2615,666,508,48,129,1,-1,-1,-1
134,2616,508,264,31,76,1,-1,-1,-1
134,2617,250,412,44,116,1,-1,-1,-1
134,2618,1499,433,63,119,1,-1,-1,-1
134,2619,1408,462,51,129,1,-1,-1,-1
134,2620,1233,426,42,117,1,-1,-1,-1
134,2621,1165,482,53,123,1,-1,-1,-1
134,2622,1445,443,37,103,1,-1,-1,-1
134,2623,1382,446,39,124,1,-1,-1,-1
134,2624,1271,412,36,103,1,-1,-1,-1
134,2625,1288,450,51,119,1,-1,-1,-1
134,2626,1351,414,43,115,1,-1,-1,-1
134,2627,731,488,38,105,1,-1,-1,-1
134,2628,1143,486,34,123,1,-1,-1,-1
135,2608,955,512,44,137,1,-1,-1,-1
135,2609,942,487,48,119,1,-1,-1,-1
135,2610,53,442,47,114,1,-1,-1,-1
135,2611,352,585,59,143,1,-1,-1,-1
135,2612,1088,488,62,131,1,-1,-1,-1
135,2613,1408,412,33,96,1,-1,-1,-1
135,2614,1110,492,67,122,1,-1,-1,-1
135,2615,666,508,48,129,1,-1,-1,-1
135,2616,507,264,31,77,1,-1,-1,-1
135,2617,250,411,45,116,1,-1,-1,-1
135,2618,1501,432,62,119,1,-1,-1,-1
135,2619,1410,462,51,129,1,-1,-1,-1
135,2620,1233,426,42,117,1,-1,-1,-1
135,2621,1166,482,53,123,1,-1,-1,-1
135,2622,1447,443,38,103,1,-1,-1,-1
135,2623,1382,446,40,124,1,-1,-1,-1
135,2624,1270,412,36,103,1,-1,-1,-1
135,2625,1287,450,51,119,1,-1,-1,-1
135,2626,1351,415,42,114,1,-1,-1,-1
135,2627,731,489,38,104,1,-1,-1,-1
135,2628,1143,486,34,122,1,-1,-1,-1
136,2608,956,513,45,137,1,-1,-1,-1
136,2609,942,487,48,118,1,-1,-1,-1
136,2610,52,440,47,114,1,-1,-1,-1
136,2611,350,586,59,143,1,-1,-1,-1
136,2612,1088,489,63,131,1,-1,-1,-1
136,2613,1407,412,33,96,1,-1,-1,-1
136,2614,1110,492,68,122,1,-1,-1,-1
136,2615,665,508,49,129,1,-1,-1,-1
136,2616,507,265,31,76,1,-1,-1,-1
136,2617,251,411,44,116,1,-1,-1,-1
136,2618,1502,432,61,119,1,-1,-1,-1
136,2619,1412,462,51,129,1,-1,-1,-1
136,2620,1233,427,42,117,1,-1,-1,-1
136,2621,1166,482,53,123,1,-1,-1,-1
136,2622,1449,443,38,104,1,-1,-1,-1
136,2623,1382,445,40,124,1,-1,-1,-1
136,2624,1269,413,37,102,1,-1,-1,-1
136,2625,1286,450,51,119,1,-1,-1,-1
136,2626,1350,415,43,114,1,-1,-1,-1
136,2627,730,490,39,103,1,-1,-1,-1
136,2628,1144,486,34,122,1,-1,-1,-1
137,2608,957,513,45,137,1,-1,-1,-1
137,2609,941,487,48,118,1,-1,-1,-1
137,2610,52,438,46,115,1,-1,-1,-1
137,2611,348,586,59,143,1,-1,-1,-1
137,2612,1088,490,62,130,1,-1,-1,-1
137,2613,1405,412,34,97,1,-1,-1,-1
137,2614,1111,492,68,122,1,-1,-1,-1
137,2615,665,508,49,129,1,-1,-1,-1
137,2616,506,266,31,76,1,-1,-1,-1
137,2617,251,411,44,116,1,-1,-1,-1
137,2618,1504,432,59,119,1,-1,-1,-1
137,2619,1415,462,50,129,1,-1,-1,-1
137,2620,1234,427,41,117,1,-1,-1,-1
137,2621,1167,483,53,122,1,-1,-1,-1
137,2622,1451,443,38,104,1,-1,-1,-1
137,2623,1383,445,40,124,1,-1,-1,-1
137,2624,1269,413,36,102,1,-1,-1,-1
137,2625,1285,450,51,119,1,-1,-1,-1
137,2626,1351,416,43,113,1,-1,-1,-1
137,2627,729,491,40,102,1,-1,-1,-1
137,2628,1144,486,34,121,1,-1,-1,-1
138,2608,958,514,46,137,1,-1,-1,-1
138,2609,940,487,48,117,1,-1,-1,-1
138,2610,50,435,47,117,1,-1,-1,-1
138,2611,345,586,60,143,1,-1,-1,-1
138,2612,1089,492,62,128,1,-1,-1,-1
138,2613,1404,412,35,98,1,-1,-1,-1
138,2614,1111,493,69,120,1,-1,-1,-1
138,2615,664,508,50,129,1,-1,-1,-1
138,2616,506,267,31,75,1,-1,-1,-1
138,2617,252,410,44,116,1,-1,-1,-1
138,2618,1506,432,57,119,1,-1,-1,-1
138,2619,1418,462,49,129,1,-1,-1,-1
138,2620,1234,427,41,117,1,-1,-1,-1
138,2621,1168,483,53,122,1,-1,-1,-1
138,2622,1453,443,39,104,1,-1,-1,-1
138,2623,1383,445,40,124,1,-1,-1,-1
138,2624,1267,413,36,101,1,-1,-1,-1
138,2625,1284,451,50,118,1,-1,-1,-1
138,2626,1351,417,43,112,1,-1,-1,-1
138,2627,728,492,41,101,1,-1,-1,-1
138,2628,1145,486,32,120,1,-1,-1,-1
139,2608,960,514,47,137,1,-1,-1,-1
139,2609,940,487,48,116,1,-1,-1,-1
139,2610,50,433,47,118,1,-1,-1,-1
139,2611,343,586,60,144,1,-1,-1,-1
139,2612,1089,492,63,129,1,-1,-1,-1
139,2613,1402,413,36,97,1,-1,-1,-1
139,2614,1112,493,70,120,1,-1,-1,-1
139,2615,663,508,50,128,1,-1,-1,-1
139,2616,506,268,31,75,1,-1,-1,-1
139,2617,253,410,43,116,1,-1,-1,-1
139,2618,1507,432,55,119,1,-1,-1,-1
139,2619,1420,462,49,129,1,-1,-1,-1
139,2620,1234,428,40,115,1,-1,-1,-1
139,2621,1168,483,54,122,1,-1,-1,-1
139,2622,1456,443,39,104,1,-1,-1,-1
139,2623,1383,445,40,124,1,-1,-1,-1
139,2624,1266,413,37,101,1,-1,-1,-1
139,2625,1283,451,50,118,1,-1,-1,-1
139,2626,1350,417,44,112,1,-1,-1,-1
139,2627,727,493,42,100,1,-1,-1,-1
139,2628,1145,486,32,120,1,-1,-1,-1
140,2608,963,515,47,137,1,-1,-1,-1
140,2609,941,487,48,116,1,-1,-1,-1
140,2610,51,432,46,117,1,-1,-1,-1
140,2611,340,587,61,144,1,-1,-1,-1
140,2612,1090,493,63,128,1,-1,-1,-1
140,2613,1399,413,37,98,1,-1,-1,-1
140,2614,1114,493,70,120,1,-1,-1,-1
140,2615,663,508,50,128,1,-1,-1,-1
140,2616,505,269,31,74,1,-1,-1,-1
140,2617,254,410,43,116,1,-1,-1,-1
140,2618,1509,432,53,119,1,-1,-1,-1
140,2619,1422,462,49,129,1,-1,-1,-1
140,2620,1234,428,40,115,1,-1,-1,-1
140,2621,1169,484,54,120,1,-1,-1,-1
140,2622,1458,444,39,104,1,-1,-1,-1
140,2623,1383,445,40,124,1,-1,-1,-1
140,2624,1265,413,37,101,1,-1,-1,-1
140,2625,1284,451,50,118,1,-1,-1,-1
140,2626,1350,418,44,112,1,-1,-1,-1
140,2627,726,492,43,100,1,-1,-1,-1
140,2628,1146,486,32,119,1,-1,-1,-1
141,2608,966,516,48,136,1,-1,-1,-1
141,2609,942,488,48,115,1,-1,-1,-1
141,2610,51,431,46,117,1,-1,-1,-1
141,2611,338,587,61,144,1,-1,-1,-1
141,2612,1090,493,64,129,1,-1,-1,-1
141,2613,1396,413,38,99,1,-1,-1,-1
141,2614,1117,494,70,119,1,-1,-1,-1
141,2615,662,508,51,128,1,-1,-1,-1
141,2616,504,270,32,74,1,-1,-1,-1
141,2617,254,410,43,116,1,-1,-1,-1
141,2618,1510,433,51,119,1,-1,-1,-1
141,2619,1425,462,48,129,1,-1,-1,-1
141,2620,1234,428,40,116,1,-1,-1,-1
141,2621,1170,484,54,120,1,-1,-1,-1
141,2622,1461,445,39,105,1,-1,-1,-1
141,2623,1383,446,40,124,1,-1,-1,-1
141,2624,1265,413,36,101,1,-1,-1,-1
141,2625,1284,451,50,118,1,-1,-1,-1
141,2626,1349,418,45,112,1,-1,-1,-1
141,2627,724,491,44,101,1,-1,-1,-1
141,2628,1146,486,33,120,1,-1,-1,-1
142,2608,970,517,49,135,1,-1,-1,-1
142,2609,944,488,48,115,1,-1,-1,-1
142,2610,51,430,46,117,1,-1,-1,-1
142,2611,336,587,61,144,1,-1,-1,-1
142,2612,1090,493,64,129,1,-1,-1,-1
142,2613,1393,413,38,100,1,-1,-1,-1
142,2614,1120,494,70,119,1,-1,-1,-1
142,2615,661,508,52,128,1,-1,-1,-1
142,2616,504,271,32,73,1,-1,-1,-1
142,2617,255,410,42,116,1,-1,-1,-1
142,2618,1510,433,50,119,1,-1,-1,-1
142,2619,1428,463,48,129,1,-1,-1,-1
142,2620,1233,428,40,117,1,-1,-1,-1
142,2621,1171,484,54,120,1,-1,-1,-1
142,2622,1463,446,40,105,1,-1,-1,-1
142,2623,1382,446,41,124,1,-1,-1,-1
142,2624,1264,413,37,101,1,-1,-1,-1
142,2625,1284,451,50,118,1,-1,-1,-1
142,2626,1349,418,45,111,1,-1,-1,-1
142,2627,722,490,45,101,1,-1,-1,-1
142,2628,1147,486,33,120,1,-1,-1,-1
143,2608,974,517,50,135,1,-1,-1,-1
143,2609,945,489,48,113,1,-1,-1,-1
143,2610,52,429,45,116,1,-1,-1,-1
143,2611,334,588,61,143,1,-1,-1,-1
143,2612,1090,493,65,129,1,-1,-1,-1
143,2613,1390,414,38,100,1,-1,-1,-1
143,2614,1123,495,70,118,1,-1,-1,-1
143,2615,660,508,53,128,1,-1,-1,-1
143,2616,503,271,32,73,1,-1,-1,-1
143,2617,256,410,42,116,1,-1,-1,-1
143,2618,1510,434,49,119,1,-1,-1,-1
143,2619,1430,463,48,130,1,-1,-1,-1
143,2620,1233,428,40,117,1,-1,-1,-1
143,2621,1171,484,54,120,1,-1,-1,-1
143,2622,1466,447,39,105,1,-1,-1,-1
143,2623,1382,447,41,124,1,-1,-1,-1
143,2624,1263,413,37,101,1,-1,-1,-1
143,2625,1284,452,50,118,1,-1,-1,-1
143,2626,1348,418,46,111,1,-1,-1,-1
143,2627,722,489,45,101,1,-1,-1,-1
143,2628,1148,487,32,119,1,-1,-1,-1
144,2608,978,518,50,134,1,-1,-1,-1
144,2609,947,490,48,112,1,-1,-1,-1
144,2610,52,428,45,116,1,-1,-1,-1
144,2611,331,588,61,143,1,-1,-1,-1
144,2612,1091,493,65,129,1,-1,-1,-1
144,2613,1387,415,39,100,1,-1,-1,-1
144,2614,1126,495,69,118,1,-1,-1,-1
144,2615,659,508,54,128,1,-1,-1,-1
144,2616,503,272,32,72,1,-1,-1,-1
144,2617,256,411,42,116,1,-1,-1,-1
144,2618,1511,434,48,119,1,-1,-1,-1
144,2619,1432,464,49,129,1,-1,-1,-1
144,2620,1232,429,40,117,1,-1,-1,-1
144,2621,1172,484,54,120,1,-1,-1,-1
144,2622,1468,448,41,106,1,-1,-1,-1
144,2623,1382,447,40,124,1,-1,-1,-1
144,2624,1263,414,37,100,1,-1,-1,-1
144,2625,1285,452,49,118,1,-1,-1,-1
144,2626,1348,418,46,111,1,-1,-1,-1
144,2627,720,488,47,102,1,-1,-1,-1
144,2628,1149,487,32,119,1,-1,-1,-1
145,2608,982,519,51,134,1,-1,-1,-1
145,2609,949,490,47,111,1,-1,-1,-1
145,2610,52,427,45,115,1,-1,-1,-1
145,2611,329,589,61,143,1,-1,-1,-1
145,2612,1092,492,64,130,1,-1,-1,-1
145,2613,1384,415,39,101,1,-1,-1,-1
145,2614,1130,495,68,117,1,-1,-1,-1
145,2615,658,508,55,128,1,-1,-1,-1
145,2616,502,273,32,72,1,-1,-1,-1
145,2617,257,411,41,116,1,-1,-1,-1
145,2618,1511,434,47,119,1,-1,-1,-1
145,2619,1435,464,49,130,1,-1,-1,-1
145,2620,1232,429,40,117,1,-1,-1,-1
145,2621,1173,484,54,120,1,-1,-1,-1
145,2622,1471,450,40,106,1,-1,-1,-1
145,2623,1382,448,40,124,1,-1,-1,-1
145,2624,1262,414,38,100,1,-1,-1,-1
145,2625,1285,452,49,118,1,-1,-1,-1
145,2626,1347,418,47,110,1,-1,-1,-1
145,2627,719,487,47,102,1,-1,-1,-1
145,2628,1149,487,33,119,1,-1,-1,-1
146,2608,985,520,52,133,1,-1,-1,-1
146,2609,950,491,48,110,1,-1,-1,-1
146,2610,52,426,45,115,1,-1,-1,-1
146,2611,327,589,61,143,1,-1,-1,-1
146,2612,1092,492,65,130,1,-1,-1,-1
146,2613,1381,416,39,101,1,-1,-1,-1
146,2614,1133,496,68,116,1,-1,-1,-1
146,2615,658,508,55,128,1,-1,-1,-1
146,2616,501,274,33,71,1,-1,-1,-1
146,2617,258,411,41,116,1,-1,-1,-1
146,2618,1512,435,46,119,1,-1,-1,-1
146,2619,1438,464,49,131,1,-1,-1,-1
146,2620,1232,429,39,117,1,-1,-1,-1
146,2621,1174,485,54,119,1,-1,-1,-1
146,2622,1473,451,41,106,1,-1,-1,-1
146,2623,1381,449,42,124,1,-1,-1,-1
146,2624,1261,414,38,100,1,-1,-1,-1
146,2625,1285,452,49,118,1,-1,-1,-1
146,2626,1346,418,48,110,1,-1,-1,-1
146,2627,717,486,48,102,1,-1,-1,-1
146,2628,1150,488,33,118,1,-1,-1,-1
147,2608,989,520,53,133,1,-1,-1,-1
147,2609,952,491,48,110,1,-1,-1,-1
147,2610,53,425,44,115,1,-1,-1,-1
147,2611,325,589,61,143,1,-1,-1,-1
147,2612,1093,492,65,130,1,-1,-1,-1
147,2613,1379,416,38,102,1,-1,-1,-1
147,2614,1137,496,66,116,1,-1,-1,-1
147,2615,657,508,56,128,1,-1,-1,-1
147,2616,501,275,33,71,1,-1,-1,-1
147,2617,259,411,41,116,1,-1,-1,-1
147,2618,1512,436,45,119,1,-1,-1,-1
147,2619,1441,465,49,130,1,-1,-1,-1
147,2620,1231,430,40,117,1,-1,-1,-1
147,2621,1174,485,55,119,1,-1,-1,-1
147,2622,1476,452,41,107,1,-1,-1,-1
147,2623,1381,449,41,124,1,-1,-1,-1
147,2624,1260,414,38,100,1,-1,-1,-1
147,2625,1285,453,49,118,1,-1,-1,-1
147,2626,1345,418,48,110,1,-1,-1,-1
147,2627,716,485,48,103,1,-1,-1,-1
147,2628,1151,488,32,118,1,-1,-1,-1
148,2608,993,521,53,133,1,-1,-1,-1
148,2609,954,491,47,109,1,-1,-1,-1
148,2610,53,424,45,114,1,-1,-1,-1
148,2611,322,590,61,143,1,-1,-1,-1
148,2612,1094,492,65,130,1,-1,-1,-1
148,2613,1376,416,38,103,1,-1,-1,-1
148,2614,1140,496,65,116,1,-1,-1,-1
148,2615,656,508,57,128,1,-1,-1,-1
148,2616,500,276,33,70,1,-1,-1,-1
148,2617,259,411,42,116,1,-1,-1,-1
148,2618,1512,436,45,119,1,-1,-1,-1
148,2619,1443,466,50,130,1,-1,-1,-1
148,2620,1230,430,40,118,1,-1,-1,-1
148,2621,1175,485,55,119,1,-1,-1,-1
148,2622,1479,453,40,107,1,-1,-1,-1
148,2623,1380,450,42,124,1,-1,-1,-1
148,2624,1259,414,39,99,1,-1,-1,-1
148,2625,1285,453,49,118,1,-1,-1,-1
148,2626,1345,418,49,110,1,-1,-1,-1
148,2627,715,484,48,103,1,-1,-1,-1
148,2628,1152,488,33,118,1,-1,-1,-1
149,2608,997,522,54,132,1,-1,-1,-1
149,2609,955,492,48,108,1,-1,-1,-1
149,2610,53,423,45,114,1,-1,-1,-1
149,2611,320,590,60,143,1,-1,-1,-1
149,2612,1095,492,64,130,1,-1,-1,-1
149,2613,1373,417,38,103,1,-1,-1,-1
149,2614,1144,497,64,114,1,-1,-1,-1
149,2615,655,508,58,128,1,-1,-1,-1
149,2616,500,277,33,69,1,-1,-1,-1
149,2617,260,411,42,116,1,-1,-1,-1
149,2618,1512,437,45,118,1,-1,-1,-1
149,2619,1445,466,50,130,1,-1,-1,-1
149,2620,1230,430,40,118,1,-1,-1,-1
149,2621,1176,485,55,118,1,-1,-1,-1
149,2622,1481,454,41,107,1,-1,-1,-1
149,2623,1380,451,42,124,1,-1,-1,-1
149,2624,1258,414,40,99,1,-1,-1,-1
149,2625,1285,453,49,118,1,-1,-1,-1
149,2626,1344,418,50,110,1,-1,-1,-1
149,2627,714,483,48,103,1,-1,-1,-1
149,2628,1152,489,33,117,1,-1,-1,-1
150,2608,1003,523,55,131,1,-1,-1,-1
150,2609,958,492,47,107,1,-1,-1,-1
150,2610,53,422,45,113,1,-1,-1,-1
150,2611,316,590,60,143,1,-1,-1,-1
150,2612,1096,492,65,130,1,-1,-1,-1
150,2613,1368,417,38,104,1,-1,-1,-1
150,2614,1149,497,62,114,1,-1,-1,-1
150,2615,654,508,59,127,1,-1,-1,-1
150,2616,499,278,33,68,1,-1,-1,-1
150,2617,261,412,41,116,1,-1,-1,-1
150,2618,1512,437,44,118,1,-1,-1,-1
150,2619,1449,466,51,130,1,-1,-1,-1
150,2620,1229,431,40,118,1,-1,-1,-1
150,2621,1177,485,55,118,1,-1,-1,-1
150,2622,1486,456,41,108,1,-1,-1,-1
150,2623,1380,451,42,124,1,-1,-1,-1
150,2624,1257,414,41,99,1,-1,-1,-1
150,2625,1286,454,49,117,1,-1,-1,-1
150,2626,1344,418,49,110,1,-1,-1,-1
150,2627,712,481,48,104,1,-1,-1,-1
150,2628,1153,489,33,117,1,-1,-1,-1
151,2608,1005,524,56,131,1,-1,-1,-1
151,2609,958,493,48,105,1,-1,-1,-1
151,2610,54,421,44,113,1,-1,-1,-1
151,2611,315,591,60,143,1,-1,-1,-1
151,2612,1096,492,65,130,1,-1,-1,-1
151,2613,1367,418,37,104,1,-1,-1,-1
151,2614,1151,498,61,113,1,-1,-1,-1
151,2615,654,508,60,127,1,-1,-1,-1
151,2616,499,279,33,68,1,-1,-1,-1
151,2617,261,412,42,116,1,-1,-1,-1
151,2618,1512,438,43,118,1,-1,-1,-1
151,2619,1451,467,51,130,1,-1,-1,-1
151,2620,1228,431,41,118,1,-1,-1,-1
151,2621,1177,485,56,118,1,-1,-1,-1
151,2622,1487,457,42,108,1,-1,-1,-1
151,2623,1379,452,43,124,1,-1,-1,-1
151,2624,1256,414,42,99,1,-1,-1,-1
151,2625,1286,454,49,118,1,-1,-1,-1
151,2626,1343,418,51,110,1,-1,-1,-1
151,2627,711,481,49,103,1,-1,-1,-1
151,2628,1153,490,34,116,1,-1,-1,-1
152,2608,1010,524,57,131,1,-1,-1,-1
152,2609,960,493,48,106,1,-1,-1,-1
152,2610,53,421,44,113,1,-1,-1,-1
152,2611,315,592,60,143,1,-1,-1,-1
152,2612,1095,491,64,130,1,-1,-1,-1
152,2613,1363,418,37,104,1,-1,-1,-1
152,2614,1155,498,61,115,1,-1,-1,-1
152,2615,654,509,60,127,1,-1,-1,-1
152,2616,498,280,34,68,1,-1,-1,-1
152,2617,261,413,42,116,1,-1,-1,-1
152,2618,1511,438,43,118,1,-1,-1,-1
152,2619,1452,468,52,130,1,-1,-1,-1
152,2620,1227,431,40,118,1,-1,-1,-1
152,2621,1175,486,56,117,1,-1,-1,-1
152,2622,1489,458,41,109,1,-1,-1,-1
152,2623,1379,452,42,124,1,-1,-1,-1
152,2624,1254,416,42,98,1,-1,-1,-1
152,2625,1285,454,49,118,1,-1,-1,-1
152,2626,1343,419,50,109,1,-1,-1,-1
152,2627,709,479,49,105,1,-1,-1,-1
152,2628,1155,490,34,118,1,-1,-1,-1
153,2608,1017,525,57,131,1,-1,-1,-1
153,2609,961,493,48,106,1,-1,-1,-1
153,2610,51,421,45,113,1,-1,-1,-1
153,2611,314,593,60,143,1,-1,-1,-1
153,2612,1094,490,63,128,1,-1,-1,-1
153,2613,1358,419,36,103,1,-1,-1,-1
153,2614,1159,498,61,117,1,-1,-1,-1
153,2615,653,510,61,127,1,-1,-1,-1
153,2616,496,282,35,68,1,-1,-1,-1
153,2617,260,414,42,116,1,-1,-1,-1
153,2618,1510,437,43,118,1,-1,-1,-1
153,2619,1454,469,52,129,1,-1,-1,-1
153,2620,1226,432,41,117,1,-1,-1,-1
153,2621,1171,486,56,117,1,-1,-1,-1
153,2622,1491,459,42,109,1,-1,-1,-1
153,2623,1378,453,42,123,1,-1,-1,-1
153,2624,1252,418,43,98,1,-1,-1,-1
153,2625,1285,455,49,118,1,-1,-1,-1
153,2626,1343,421,49,107,1,-1,-1,-1
153,2627,707,478,49,105,1,-1,-1,-1
153,2628,1157,491,35,118,1,-1,-1,-1
154,2608,1024,526,58,131,1,-1,-1,-1
154,2609,962,492,48,107,1,-1,-1,-1
154,2610,50,421,45,113,1,-1,-1,-1
154,2611,313,595,60,143,1,-1,-1,-1
154,2612,1092,490,62,126,1,-1,-1,-1
154,2613,1353,420,35,101,1,-1,-1,-1
154,2614,1163,498,62,118,1,-1,-1,-1
154,2615,653,511,61,127,1,-1,-1,-1
154,2616,495,284,35,68,1,-1,-1,-1
154,2617,259,415,42,116,1,-1,-1,-1
154,2618,1508,437,43,118,1,-1,-1,-1
154,2619,1456,471,52,129,1,-1,-1,-1
154,2620,1224,433,41,117,1,-1,-1,-1
154,2621,1168,486,56,116,1,-1,-1,-1
154,2622,1493,461,42,110,1,-1,-1,-1
154,2623,1377,454,42,123,1,-1,-1,-1
154,2624,1250,420,44,97,1,-1,-1,-1
154,2625,1284,456,50,118,1,-1,-1,-1
154,2626,1343,422,48,106,1,-1,-1,-1
154,2627,705,477,49,105,1,-1,-1,-1
154,2628,1159,492,36,118,1,-1,-1,-1
155,2608,1031,527,59,131,1,-1,-1,-1
155,2609,963,492,49,108,1,-1,-1,-1
155,2610,49,421,45,113,1,-1,-1,-1
155,2611,313,596,60,143,1,-1,-1,-1
155,2612,1089,489,61,125,1,-1,-1,-1
155,2613,1347,421,35,100,1,-1,-1,-1
155,2614,1167,498,62,120,1,-1,-1,-1
155,2615,653,512,61,127,1,-1,-1,-1
155,2616,493,286,36,69,1,-1,-1,-1
155,2617,258,416,42,116,1,-1,-1,-1
155,2618,1507,436,43,118,1,-1,-1,-1
155,2619,1458,472,53,129,1,-1,-1,-1
155,2620,1222,434,41,116,1,-1,-1,-1
155,2621,1164,487,57,115,1,-1,-1,-1
155,2622,1494,463,42,111,1,-1,-1,-1
155,2623,1376,455,42,123,1,-1,-1,-1
155,2624,1249,422,44,96,1,-1,-1,-1
155,2625,1284,457,50,118,1,-1,-1,-1
155,2626,1343,424,47,104,1,-1,-1,-1
155,2627,702,476,50,106,1,-1,-1,-1
155,2628,1162,493,36,118,1,-1,-1,-1
156,2608,1039,528,58,131,1,-1,-1,-1
156,2609,964,492,49,108,1,-1,-1,-1
156,2610,47,421,45,113,1,-1,-1,-1
156,2611,312,598,60,143,1,-1,-1,-1
156,2612,1087,488,60,124,1,-1,-1,-1
156,2613,1342,422,35,99,1,-1,-1,-1
156,2614,1171,498,63,122,1,-1,-1,-1
156,2615,654,513,61,127,1,-1,-1,-1
156,2616,492,288,36,69,1,-1,-1,-1
156,2617,258,417,42,116,1,-1,-1,-1
156,2618,1505,436,43,118,1,-1,-1,-1
156,2619,1460,474,53,129,1,-1,-1,-1
156,2620,1220,435,41,115,1,-1,-1,-1
156,2621,1160,488,57,113,1,-1,-1,-1
156,2622,1497,464,42,111,1,-1,-1,-1
156,2623,1375,455,43,123,1,-1,-1,-1
156,2624,1247,424,45,95,1,-1,-1,-1
156,2625,1283,458,50,118,1,-1,-1,-1
156,2626,1343,425,45,102,1,-1,-1,-1
156,2627,699,475,51,106,1,-1,-1,-1
156,2628,1164,495,37,118,1,-1,-1,-1
157,2608,1047,530,60,131,1,-1,-1,-1
157,2609,965,491,50,109,1,-1,-1,-1
157,2610,46,421,45,113,1,-1,-1,-1
157,2611,311,600,61,144,1,-1,-1,-1
157,2612,1085,487,60,122,1,-1,-1,-1
157,2613,1335,423,35,97,1,-1,-1,-1
157,2614,1176,498,64,124,1,-1,-1,-1
157,2615,654,515,61,127,1,-1,-1,-1
157,2616,490,290,37,69,1,-1,-1,-1
157,2617,257,418,43,116,1,-1,-1,-1
157,2618,1503,435,44,118,1,-1,-1,-1
157,2619,1462,475,54,129,1,-1,-1,-1
157,2620,1218,436,41,114,1,-1,-1,-1
157,2621,1156,488,57,112,1,-1,-1,-1
157,2622,1499,466,41,112,1,-1,-1,-1
157,2623,1374,456,42,123,1,-1,-1,-1
157,2624,1244,427,46,94,1,-1,-1,-1
157,2625,1282,459,50,118,1,-1,-1,-1
157,2626,1343,428,44,99,1,-1,-1,-1
157,2627,697,473,51,107,1,-1,-1,-1
157,2628,1166,496,39,119,1,-1,-1,-1
158,2608,1054,531,59,130,1,-1,-1,-1
158,2609,966,491,50,109,1,-1,-1,-1
158,2610,45,422,45,113,1,-1,-1,-1
158,2611,310,601,60,144,1,-1,-1,-1
158,2612,1083,486,59,122,1,-1,-1,-1
158,2613,1329,424,35,96,1,-1,-1,-1
158,2614,1181,499,64,124,1,-1,-1,-1
158,2615,654,516,60,127,1,-1,-1,-1
158,2616,489,291,38,69,1,-1,-1,-1
158,2617,256,419,44,116,1,-1,-1,-1
158,2618,1501,435,44,118,1,-1,-1,-1
158,2619,1463,476,55,129,1,-1,-1,-1
158,2620,1217,436,41,114,1,-1,-1,-1
158,2621,1152,489,58,111,1,-1,-1,-1
158,2622,1501,467,41,113,1,-1,-1,-1
158,2623,1373,457,42,122,1,-1,-1,-1
158,2624,1241,428,46,93,1,-1,-1,-1
158,2625,1280,460,50,118,1,-1,-1,-1
158,2626,1342,429,42,99,1,-1,-1,-1
158,2627,695,472,51,107,1,-1,-1,-1
158,2628,1168,497,40,119,1,-1,-1,-1
159,2608,1060,531,59,130,1,-1,-1,-1
159,2609,967,490,50,110,1,-1,-1,-1
159,2610,45,422,44,113,1,-1,-1,-1
159,2611,306,602,60,144,1,-1,-1,-1
159,2612,1081,486,59,122,1,-1,-1,-1
159,2613,1323,425,35,95,1,-1,-1,-1
159,2614,1186,502,63,123,1,-1,-1,-1
159,2615,654,517,59,127,1,-1,-1,-1
159,2616,489,291,38,71,1,-1,-1,-1
159,2617,255,420,44,116,1,-1,-1,-1
159,2618,1499,437,44,117,1,-1,-1,-1
159,2619,1464,477,55,129,1,-1,-1,-1
159,2620,1215,437,41,113,1,-1,-1,-1
159,2621,1148,489,59,110,1,-1,-1,-1
159,2622,1503,469,42,113,1,-1,-1,-1
159,2623,1370,458,43,122,1,-1,-1,-1
159,2624,1236,429,47,92,1,-1,-1,-1
159,2625,1277,460,51,118,1,-1,-1,-1
159,2626,1339,430,42,99,1,-1,-1,-1
159,2627,691,473,52,108,1,-1,-1,-1
159,2628,1170,498,42,119,1,-1,-1,-1
160,2608,1066,532,60,130,1,-1,-1,-1
160,2609,969,490,50,111,1,-1,-1,-1
160,2610,43,422,44,113,1,-1,-1,-1
160,2611,303,603,60,144,1,-1,-1,-1
160,2612,1077,486,59,123,1,-1,-1,-1
160,2613,1318,426,35,93,1,-1,-1,-1
160,2614,1192,505,63,121,1,-1,-1,-1
160,2615,653,519,59,127,1,-1,-1,-1
160,2616,488,291,39,73,1,-1,-1,-1
160,2617,254,421,45,116,1,-1,-1,-1
160,2618,1496,438,44,117,1,-1,-1,-1
160,2619,1465,477,55,129,1,-1,-1,-1
160,2620,1213,438,41,112,1,-1,-1,-1
160,2621,1144,490,60,109,1,-1,-1,-1
160,2622,1506,471,41,114,1,-1,-1,-1
160,2623,1368,460,43,122,1,-1,-1,-1
160,2624,1231,430,48,91,1,-1,-1,-1
160,2625,1274,461,51,118,1,-1,-1,-1
160,2626,1335,432,43,99,1,-1,-1,-1
160,2627,689,473,51,108,1,-1,-1,-1
160,2628,1172,499,43,119,1,-1,-1,-1
161,2608,1072,533,61,130,1,-1,-1,-1
161,2609,970,489,50,112,1,-1,-1,-1
161,2610,42,422,44,113,1,-1,-1,-1
161,2611,299,604,59,145,1,-1,-1,-1
161,2612,1075,486,59,123,1,-1,-1,-1
161,2613,1312,426,35,92,1,-1,-1,-1
161,2614,1197,509,63,119,1,-1,-1,-1
161,2615,653,520,58,127,1,-1,-1,-1
161,2616,487,291,40,75,1,-1,-1,-1
161,2617,253,422,45,116,1,-1,-1,-1
161,2618,1493,440,44,117,1,-1,-1,-1
161,2619,1466,478,55,129,1,-1,-1,-1
161,2620,1211,439,41,111,1,-1,-1,-1
161,2621,1140,490,60,108,1,-1,-1,-1
161,2622,1507,472,41,115,1,-1,-1,-1
161,2623,1365,461,43,122,1,-1,-1,-1
161,2624,1225,431,49,90,1,-1,-1,-1
161,2625,1270,462,51,118,1,-1,-1,-1
161,2626,1331,434,43,100,1,-1,-1,-1
161,2627,686,474,51,109,1,-1,-1,-1
161,2628,1175,500,44,119,1,-1,-1,-1
162,2608,1079,534,61,130,1,-1,-1,-1
162,2609,971,489,50,112,1,-1,-1,-1
162,2610,41,422,43,113,1,-1,-1,-1
162,2611,295,606,59,144,1,-1,-1,-1
162,2612,1072,487,59,123,1,-1,-1,-1
162,2613,1306,427,36,91,1,-1,-1,-1
162,2614,1203,512,63,117,1,-1,-1,-1
162,2615,651,522,59,127,1,-1,-1,-1
162,2616,486,291,40,77,1,-1,-1,-1
162,2617,252,423,46,117,1,-1,-1,-1
162,2618,1491,441,44,117,1,-1,-1,-1
162,2619,1467,478,55,130,1,-1,-1,-1
162,2620,1209,440,41,110,1,-1,-1,-1
162,2621,1136,491,61,107,1,-1,-1,-1
162,2622,1510,474,41,115,1,-1,-1,-1
162,2623,1363,462,43,121,1,-1,-1,-1
162,2624,1220,432,49,89,1,-1,-1,-1
162,2625,1266,463,52,118,1,-1,-1,-1
162,2626,1328,435,43,101,1,-1,-1,-1
162,2627,683,474,50,109,1,-1,-1,-1
162,2628,1176,502,46,119,1,-1,-1,-1
163,2608,1087,536,62,130,1,-1,-1,-1
163,2609,972,489,51,113,1,-1,-1,-1
163,2610,40,422,43,113,1,-1,-1,-1
163,2611,291,607,58,145,1,-1,-1,-1
163,2612,1069,487,59,125,1,-1,-1,-1
163,2613,1299,429,35,89,1,-1,-1,-1
163,2614,1211,517,63,114,1,-1,-1,-1
163,2615,651,524,57,126,1,-1,-1,-1
163,2616,485,291,41,79,1,-1,-1,-1
163,2617,250,424,48,117,1,-1,-1,-1
163,2618,1488,444,44,116,1,-1,-1,-1
163,2619,1469,478,55,131,1,-1,-1,-1
163,2620,1207,441,41,109,1,-1,-1,-1
163,2621,1131,491,61,106,1,-1,-1,-1
163,2622,1513,476,40,116,1,-1,-1,-1
163,2623,1359,464,44,121,1,-1,-1,-1
163,2624,1213,433,50,88,1,-1,-1,-1
163,2625,1261,464,53,118,1,-1,-1,-1
163,2626,1323,438,44,101,1,-1,-1,-1
163,2627,679,475,50,110,1,-1,-1,-1
163,2628,1179,503,48,120,1,-1,-1,-1
164,2608,1092,537,62,130,1,-1,-1,-1
164,2609,973,488,50,113,1,-1,-1,-1
164,2610,38,423,42,113,1,-1,-1,-1
164,2611,287,608,58,145,1,-1,-1,-1
164,2612,1067,487,58,123,1,-1,-1,-1
164,2613,1292,429,36,88,1,-1,-1,-1
164,2614,1215,519,63,113,1,-1,-1,-1
164,2615,649,525,57,127,1,-1,-1,-1
164,2616,484,291,42,81,1,-1,-1,-1
164,2617,248,425,47,117,1,-1,-1,-1
164,2618,1486,444,43,116,1,-1,-1,-1
164,2619,1469,479,55,131,1,-1,-1,-1
164,2620,1204,442,41,108,1,-1,-1,-1
164,2621,1126,491,63,105,1,-1,-1,-1
164,2622,1514,478,40,116,1,-1,-1,-1
164,2623,1357,465,44,121,1,-1,-1,-1
164,2624,1207,433,51,88,1,-1,-1,-1
164,2625,1258,465,53,118,1,-1,-1,-1
164,2626,1318,439,44,101,1,-1,-1,-1
164,2627,675,475,49,110,1,-1,-1,-1
164,2628,1181,504,49,120,1,-1,-1,-1
165,2608,1099,537,63,130,1,-1,-1,-1
165,2609,973,488,50,112,1,-1,-1,-1
165,2610,34,425,42,111,1,-1,-1,-1
165,2611,280,609,58,145,1,-1,-1,-1
165,2612,1063,486,57,122,1,-1,-1,-1
165,2613,1282,429,37,88,1,-1,-1,-1
165,2614,1220,519,64,113,1,-1,-1,-1
165,2615,646,526,56,127,1,-1,-1,-1
165,2616,484,291,41,84,1,-1,-1,-1
165,2617,242,426,49,117,1,-1,-1,-1
165,2618,1483,446,44,116,1,-1,-1,-1
165,2619,1467,480,55,130,1,-1,-1,-1
165,2620,1199,442,41,109,1,-1,-1,-1
165,2621,1121,489,64,107,1,-1,-1,-1
165,2622,1516,479,40,116,1,-1,-1,-1
165,2623,1352,466,45,120,1,-1,-1,-1
165,2624,1197,432,52,88,1,-1,-1,-1
165,2625,1253,466,53,118,1,-1,-1,-1
165,2626,1310,440,45,99,1,-1,-1,-1
165,2627,670,476,48,109,1,-1,-1,-1
165,2628,1183,504,50,120,1,-1,-1,-1
166,2608,1106,537,63,130,1,-1,-1,-1
166,2609,972,487,50,111,1,-1,-1,-1
166,2610,29,426,42,110,1,-1,-1,-1
166,2611,274,610,57,146,1,-1,-1,-1
166,2612,1059,485,57,119,1,-1,-1,-1
166,2613,1271,429,38,89,1,-1,-1,-1
166,2614,1225,519,64,114,1,-1,-1,-1
166,2615,641,527,56,127,1,-1,-1,-1
166,2616,483,291,41,85,1,-1,-1,-1
166,2617,236,426,49,118,1,-1,-1,-1
166,2618,1480,447,44,116,1,-1,-1,-1
166,2619,1466,481,55,130,1,-1,-1,-1
166,2620,1192,444,42,109,1,-1,-1,-1
166,2621,1115,488,65,108,1,-1,-1,-1
166,2622,1519,480,39,117,1,-1,-1,-1
166,2623,1347,467,45,120,1,-1,-1,-1
166,2624,1186,432,54,88,1,-1,-1,-1
166,2625,1247,468,53,117,1,-1,-1,-1
166,2626,1301,441,44,96,1,-1,-1,-1
166,2627,665,476,47,109,1,-1,-1,-1
166,2628,1185,504,52,121,1,-1,-1,-1
167,2608,1113,537,64,130,1,-1,-1,-1
167,2609,972,486,50,111,1,-1,-1,-1
167,2610,24,428,41,109,1,-1,-1,-1
167,2611,266,612,58,145,1,-1,-1,-1
167,2612,1055,483,56,117,1,-1,-1,-1
167,2613,1260,428,38,90,1,-1,-1,-1
167,2614,1230,519,65,114,1,-1,-1,-1
167,2615,637,527,56,128,1,-1,-1,-1
167,2616,481,292,40,84,1,-1,-1,-1
167,2617,229,427,50,117,1,-1,-1,-1
167,2618,1478,449,43,116,1,-1,-1,-1
167,2619,1464,482,55,130,1,-1,-1,-1
167,2620,1184,445,43,109,1,-1,-1,-1
167,2621,1109,486,66,110,1,-1,-1,-1
167,2622,1520,481,39,117,1,-1,-1,-1
167,2623,1342,468,46,120,1,-1,-1,-1
167,2624,1175,431,54,89,1,-1,-1,-1
167,2625,1242,469,52,117,1,-1,-1,-1
167,2626,1292,442,43,94,1,-1,-1,-1
167,2627,659,476,47,109,1,-1,-1,-1
167,2628,1188,504,53,121,1,-1,-1,-1
168,2608,1120,537,65,130,1,-1,-1,-1
168,2609,971,486,50,110,1,-1,-1,-1
168,2610,19,429,41,108,1,-1,-1,-1
168,2611,258,613,58,146,1,-1,-1,-1
168,2612,1050,482,56,114,1,-1,-1,-1
168,2613,1248,428,40,91,1,-1,-1,-1
168,2614,1236,519,65,114,1,-1,-1,-1
168,2615,632,528,56,128,1,-1,-1,-1
168,2616,478,294,40,83,1,-1,-1,-1
168,2617,222,427,51,118,1,-1,-1,-1
168,2618,1475,450,43,116,1,-1,-1,-1
168,2619,1462,483,55,130,1,-1,-1,-1
168,2620,1176,446,45,109,1,-1,-1,-1
168,2621,1103,485,66,110,1,-1,-1,-1
168,2622,1522,483,39,117,1,-1,-1,-1
168,2623,1336,469,48,120,1,-1,-1,-1
168,2624,1164,431,55,89,1,-1,-1,-1
168,2625,1237,471,52,115,1,-1,-1,-1
168,2626,1283,443,42,91,1,-1,-1,-1
168,2627,653,476,46,109,1,-1,-1,-1
168,2628,1190,503,54,122,1,-1,-1,-1
169,2608,1127,537,66,129,1,-1,-1,-1
169,2609,970,485,50,110,1,-1,-1,-1
169,2610,13,431,41,107,1,-1,-1,-1
169,2611,251,614,58,147,1,-1,-1,-1
169,2612,1046,481,56,111,1,-1,-1,-1
169,2613,1236,427,41,92,1,-1,-1,-1
169,2614,1241,519,65,115,1,-1,-1,-1
169,2615,628,528,56,129,1,-1,-1,-1
169,2616,474,296,39,82,1,-1,-1,-1
169,2617,216,428,51,117,1,-1,-1,-1
169,2618,1472,452,43,115,1,-1,-1,-1
169,2619,1460,485,56,129,1,-1,-1,-1
169,2620,1169,447,45,109,1,-1,-1,-1
169,2621,1097,483,67,112,1,-1,-1,-1
169,2622,1524,484,39,118,1,-1,-1,-1
169,2623,1331,470,49,120,1,-1,-1,-1
169,2624,1154,430,55,89,1,-1,-1,-1
169,2625,1232,472,51,115,1,-1,-1,-1
169,2626,1274,443,41,89,1,-1,-1,-1
169,2627,647,477,46,108,1,-1,-1,-1
169,2628,1193,503,54,122,1,-1,-1,-1
170,2608,1134,537,67,129,1,-1,-1,-1
170,2609,969,485,51,108,1,-1,-1,-1
170,2610,8,433,40,105,1,-1,-1,-1
170,2611,244,615,57,148,1,-1,-1,-1
170,2612,1041,479,56,109,1,-1,-1,-1
170,2613,1225,427,42,93,1,-1,-1,-1
170,2614,1247,519,65,115,1,-1,-1,-1
170,2615,623,528,55,129,1,-1,-1,-1
170,2616,471,298,38,80,1,-1,-1,-1
170,2617,209,428,51,117,1,-1,-1,-1
170,2618,1469,453,43,115,1,-1,-1,-1
170,2619,1458,486,56,129,1,-1,-1,-1
170,2620,1161,449,47,108,1,-1,-1,-1
170,2621,1092,482,67,113,1,-1,-1,-1
170,2622,1526,485,39,118,1,-1,-1,-1
170,2623,1326,472,49,119,1,-1,-1,-1
170,2624,1143,430,56,89,1,-1,-1,-1
170,2625,1226,474,51,114,1,-1,-1,-1
170,2626,1264,444,41,86,1,-1,-1,-1
170,2627,641,477,45,108,1,-1,-1,-1
170,2628,1197,503,53,122,1,-1,-1,-1
171,2608,1141,537,68,129,1,-1,-1,-1
171,2609,968,484,51,107,1,-1,-1,-1
171,2610,3,433,41,105,1,-1,-1,-1
171,2611,236,617,58,148,1,-1,-1,-1
171,2612,1037,478,56,106,1,-1,-1,-1
171,2613,1214,426,43,94,1,-1,-1,-1
171,2614,1253,519,64,115,1,-1,-1,-1
171,2615,618,529,55,129,1,-1,-1,-1
171,2616,467,301,37,78,1,-1,-1,-1
171,2617,202,429,52,117,1,-1,-1,-1
171,2618,1466,455,42,115,1,-1,-1,-1
171,2619,1456,487,57,128,1,-1,-1,-1
171,2620,1153,450,48,108,1,-1,-1,-1
171,2621,1086,480,66,115,1,-1,-1,-1
171,2622,1528,487,39,118,1,-1,-1,-1
171,2623,1320,473,50,119,1,-1,-1,-1
171,2624,1132,429,56,89,1,-1,-1,-1
171,2625,1221,475,50,114,1,-1,-1,-1
171,2626,1256,445,39,84,1,-1,-1,-1
171,2627,635,477,45,108,1,-1,-1,-1
171,2628,1199,503,54,122,1,-1,-1,-1
172,2608,1149,537,68,129,1,-1,-1,-1
172,2609,968,483,51,107,1,-1,-1,-1
172,2610,-1,432,40,106,1,-1,-1,-1
172,2611,229,618,58,149,1,-1,-1,-1
172,2612,1032,477,56,103,1,-1,-1,-1
172,2613,1202,426,44,94,1,-1,-1,-1
172,2614,1259,519,64,116,1,-1,-1,-1
172,2615,614,529,55,130,1,-1,-1,-1
172,2616,463,301,37,78,1,-1,-1,-1
172,2617,195,429,53,117,1,-1,-1,-1
172,2618,1464,456,41,115,1,-1,-1,-1
172,2619,1454,488,58,128,1,-1,-1,-1
172,2620,1146,451,49,108,1,-1,-1,-1
172,2621,1080,479,67,116,1,-1,-1,-1
172,2622,1530,488,38,119,1,-1,-1,-1
172,2623,1315,474,51,118,1,-1,-1,-1
172,2624,1122,429,55,89,1,-1,-1,-1
172,2625,1216,476,49,110,1,-1,-1,-1
172,2626,1247,446,38,81,1,-1,-1,-1
172,2627,629,478,44,107,1,-1,-1,-1
172,2628,1203,503,54,123,1,-1,-1,-1
173,2608,1155,537,70,129,1,-1,-1,-1
173,2609,967,483,52,105,1,-1,-1,-1
173,2610,-5,431,37,105,1,-1,-1,-1
173,2611,222,619,58,150,1,-1,-1,-1
173,2612,1027,476,57,101,1,-1,-1,-1
173,2613,1191,425,45,95,1,-1,-1,-1
173,2614,1265,519,63,116,1,-1,-1,-1
173,2615,609,529,55,131,1,-1,-1,-1
173,2616,457,299,38,79,1,-1,-1,-1
173,2617,189,430,53,117,1,-1,-1,-1
173,2618,1461,458,41,114,1,-1,-1,-1
173,2619,1452,489,58,128,1,-1,-1,-1
173,2620,1138,453,51,107,1,-1,-1,-1
173,2621,1075,477,66,118,1,-1,-1,-1
173,2622,1532,489,38,119,1,-1,-1,-1
173,2623,1309,475,52,119,1,-1,-1,-1
173,2624,1111,428,55,89,1,-1,-1,-1
173,2625,1212,476,46,106,1,-1,-1,-1
173,2626,1238,447,38,79,1,-1,-1,-1
173,2627,623,478,44,107,1,-1,-1,-1
173,2628,1205,503,55,123,1,-1,-1,-1
174,2608,1162,537,71,129,1,-1,-1,-1
174,2609,966,482,52,105,1,-1,-1,-1
174,2610,-9,430,35,106,1,-1,-1,-1
174,2611,214,621,58,149,1,-1,-1,-1
174,2612,1023,474,57,98,1,-1,-1,-1
174,2613,1179,425,46,96,1,-1,-1,-1
174,2614,1270,519,63,116,1,-1,-1,-1
174,2615,605,530,55,131,1,-1,-1,-1
174,2616,450,297,39,81,1,-1,-1,-1
174,2617,182,430,53,117,1,-1,-1,-1
174,2618,1458,459,41,115,1,-1,-1,-1
174,2619,1450,491,59,127,1,-1,-1,-1
174,2620,1130,454,53,108,1,-1,-1,-1
174,2621,1070,475,65,119,1,-1,-1,-1
174,2622,1534,491,38,119,1,-1,-1,-1
174,2623,1304,476,54,119,1,-1,-1,-1
174,2624,1101,428,54,89,1,-1,-1,-1
174,2625,1207,475,45,102,1,-1,-1,-1
174,2626,1229,448,36,76,1,-1,-1,-1
174,2627,617,479,44,106,1,-1,-1,-1
174,2628,1209,502,53,124,1,-1,-1,-1
175,2608,1174,537,72,129,1,-1,-1,-1
175,2609,965,482,53,102,1,-1,-1,-1
175,2611,201,623,59,151,1,-1,-1,-1
175,2612,1015,472,57,94,1,-1,-1,-1
175,2613,1161,424,47,98,1,-1,-1,-1
175,2614,1280,519,61,117,1,-1,-1,-1
175,2615,597,530,55,132,1,-1,-1,-1
175,2616,437,293,41,84,1,-1,-1,-1
175,2617,171,431,54,117,1,-1,-1,-1
175,2618,1453,462,41,114,1,-1,-1,-1
175,2619,1447,493,60,126,1,-1,-1,-1
175,2620,1118,456,55,108,1,-1,-1,-1
175,2621,1061,472,64,122,1,-1,-1,-1
175,2622,1537,493,38,120,1,-1,-1,-1
175,2623,1295,478,55,118,1,-1,-1,-1
175,2624,1084,427,54,89,1,-1,-1,-1
175,2625,1200,475,43,94,1,-1,-1,-1
175,2626,1215,449,34,72,1,-1,-1,-1
175,2627,607,479,44,106,1,-1,-1,-1
175,2628,1214,502,53,124,1,-1,-1,-1
176,2608,1178,538,72,128,1,-1,-1,-1
176,2609,964,481,54,102,1,-1,-1,-1
176,2611,197,624,59,151,1,-1,-1,-1
176,2612,1012,471,58,93,1,-1,-1,-1
176,2613,1154,424,48,98,1,-1,-1,-1
176,2614,1284,519,60,117,1,-1,-1,-1
176,2615,595,531,54,132,1,-1,-1,-1
176,2616,433,291,41,86,1,-1,-1,-1
176,2617,167,432,54,117,1,-1,-1,-1
176,2618,1452,463,40,114,1,-1,-1,-1
176,2619,1445,494,61,126,1,-1,-1,-1
176,2620,1113,457,56,108,1,-1,-1,-1
176,2621,1058,471,63,122,1,-1,-1,-1
176,2622,1538,494,39,120,1,-1,-1,-1
176,2623,1291,479,56,118,1,-1,-1,-1
176,2624,1075,426,54,89,1,-1,-1,-1
176,2625,1197,475,43,91,1,-1,-1,-1
176,2626,1210,449,33,70,1,-1,-1,-1
176,2627,603,479,44,106,1,-1,-1,-1
176,2628,1216,502,53,125,1,-1,-1,-1
176,2629,0,494,9,41,1,-1,-1,-1
177,2608,1180,538,73,129,1,-1,-1,-1
177,2609,961,481,54,101,1,-1,-1,-1
177,2611,187,624,60,152,1,-1,-1,-1
177,2612,1006,470,61,94,1,-1,-1,-1
177,2613,1144,423,48,99,1,-1,-1,-1
177,2614,1288,517,60,118,1,-1,-1,-1
177,2615,589,531,55,133,1,-1,-1,-1
177,2616,426,290,41,86,1,-1,-1,-1
177,2617,158,431,55,118,1,-1,-1,-1
177,2618,1452,462,40,114,1,-1,-1,-1
177,2619,1440,494,63,127,1,-1,-1,-1
177,2620,1104,456,57,108,1,-1,-1,-1
177,2621,1055,471,61,121,1,-1,-1,-1
177,2622,1542,495,39,120,1,-1,-1,-1
177,2623,1284,479,57,118,1,-1,-1,-1
177,2624,1073,426,53,89,1,-1,-1,-1
177,2625,1192,474,44,92,1,-1,-1,-1
177,2626,1200,448,37,76,1,-1,-1,-1
177,2627,596,478,43,106,1,-1,-1,-1
177,2628,1219,502,53,125,1,-1,-1,-1
178,2608,1180,538,75,129,1,-1,-1,-1
178,2609,956,480,55,101,1,-1,-1,-1
178,2611,176,625,60,152,1,-1,-1,-1
178,2612,1000,468,64,96,1,-1,-1,-1
178,2613,1133,422,49,99,1,-1,-1,-1
178,2614,1293,515,60,119,1,-1,-1,-1
178,2615,584,532,54,132,1,-1,-1,-1
178,2616,418,290,41,86,1,-1,-1,-1
178,2617,148,430,55,119,1,-1,-1,-1
178,2618,1452,462,41,113,1,-1,-1,-1
178,2619,1434,493,65,128,1,-1,-1,-1
178,2620,1093,455,59,108,1,-1,-1,-1
178,2621,1053,471,58,119,1,-1,-1,-1
178,2622,1547,495,39,121,1,-1,-1,-1
178,2623,1275,479,59,119,1,-1,-1,-1
178,2624,1063,425,54,91,1,-1,-1,-1
178,2625,1186,473,46,95,1,-1,-1,-1
178,2626,1189,447,40,82,1,-1,-1,-1
178,2627,588,477,44,106,1,-1,-1,-1
178,2628,1222,503,53,124,1,-1,-1,-1
179,2608,1181,538,76,129,1,-1,-1,-1
179,2609,952,480,55,99,1,-1,-1,-1
179,2611,163,625,61,153,1,-1,-1,-1
179,2612,994,466,66,98,1,-1,-1,-1
179,2613,1121,421,50,99,1,-1,-1,-1
179,2614,1297,512,61,121,1,-1,-1,-1
179,2615,577,532,55,133,1,-1,-1,-1
179,2616,410,289,41,86,1,-1,-1,-1
179,2617,137,429,55,119,1,-1,-1,-1
179,2618,1452,460,41,114,1,-1,-1,-1
179,2619,1426,492,67,128,1,-1,-1,-1
179,2620,1081,453,61,109,1,-1,-1,-1
179,2621,1050,471,56,116,1,-1,-1,-1
179,2622,1552,496,39,121,1,-1,-1,-1
179,2623,1266,478,60,119,1,-1,-1,-1
179,2624,1052,424,55,93,1,-1,-1,-1
179,2625,1179,472,48,97,1,-1,-1,-1
179,2626,1178,445,44,89,1,-1,-1,-1
179,2627,579,476,44,107,1,-1,-1,-1
179,2628,1226,503,52,124,1,-1,-1,-1
180,2608,1181,538,78,129,1,-1,-1,-1
180,2609,947,479,55,98,1,-1,-1,-1
180,2611,151,625,62,154,1,-1,-1,-1
180,2612,988,465,68,101,1,-1,-1,-1
180,2613,1109,420,50,100,1,-1,-1,-1
180,2614,1301,509,62,123,1,-1,-1,-1
180,2615,571,532,54,133,1,-1,-1,-1
180,2616,402,288,41,86,1,-1,-1,-1
180,2617,127,428,54,120,1,-1,-1,-1
180,2618,1452,459,41,114,1,-1,-1,-1
180,2619,1418,492,70,129,1,-1,-1,-1
180,2620,1069,451,62,110,1,-1,-1,-1
180,2621,1047,470,54,114,1,-1,-1,-1
180,2622,1557,497,40,121,1,-1,-1,-1
180,2623,1258,478,60,120,1,-1,-1,-1
180,2624,1040,422,55,96,1,-1,-1,-1
180,2625,1173,471,49,100,1,-1,-1,-1
180,2626,1166,444,49,97,1,-1,-1,-1
180,2627,570,475,44,107,1,-1,-1,-1
180,2628,1229,504,52,123,1,-1,-1,-1
180,2633,671,290,17,12,1,-1,-1,-1
181,2608,1181,538,80,130,1,-1,-1,-1
181,2609,942,479,55,97,1,-1,-1,-1
181,2611,138,626,63,154,1,-1,-1,-1
181,2612,982,463,69,103,1,-1,-1,-1
181,2613,1097,418,50,100,1,-1,-1,-1
181,2614,1305,506,63,125,1,-1,-1,-1
181,2615,564,533,55,133,1,-1,-1,-1
181,2616,393,287,42,87,1,-1,-1,-1
181,2617,116,427,54,121,1,-1,-1,-1
181,2618,1453,457,41,115,1,-1,-1,-1
181,2619,1411,491,72,130,1,-1,-1,-1
181,2620,1057,450,63,110,1,-1,-1,-1
181,2621,1044,470,52,111,1,-1,-1,-1
181,2622,1562,497,41,122,1,-1,-1,-1
181,2623,1248,478,62,120,1,-1,-1,-1
181,2624,1027,421,56,99,1,-1,-1,-1
181,2625,1167,470,50,103,1,-1,-1,-1
181,2626,1155,443,52,104,1,-1,-1,-1
181,2627,561,474,44,108,1,-1,-1,-1
181,2628,1233,505,52,122,1,-1,-1,-1
182,2608,1180,538,82,130,1,-1,-1,-1
182,2609,937,478,55,96,1,-1,-1,-1
182,2611,124,626,63,155,1,-1,-1,-1
182,2612,975,461,72,106,1,-1,-1,-1
182,2613,1083,417,50,100,1,-1,-1,-1
182,2614,1309,504,65,126,1,-1,-1,-1
182,2615,557,533,54,134,1,-1,-1,-1
182,2616,383,287,43,87,1,-1,-1,-1
182,2617,104,426,52,122,1,-1,-1,-1
182,2618,1453,456,42,115,1,-1,-1,-1
182,2619,1402,491,76,130,1,-1,-1,-1
182,2620,1046,448,64,111,1,-1,-1,-1
182,2621,1040,470,51,108,1,-1,-1,-1
182,2622,1567,498,43,122,1,-1,-1,-1
182,2623,1239,478,62,120,1,-1,-1,-1
182,2624,1013,419,56,102,1,-1,-1,-1
182,2625,1160,468,52,106,1,-1,-1,-1
182,2626,1141,441,58,113,1,-1,-1,-1
182,2627,550,472,45,109,1,-1,-1,-1
182,2628,1236,506,52,121,1,-1,-1,-1
183,2608,1179,536,83,131,1,-1,-1,-1
183,2609,933,478,54,95,1,-1,-1,-1
183,2611,116,627,64,155,1,-1,-1,-1
183,2612,970,458,73,109,1,-1,-1,-1
183,2613,1074,416,51,100,1,-1,-1,-1
183,2614,1312,501,66,127,1,-1,-1,-1
183,2615,551,533,55,134,1,-1,-1,-1
183,2616,378,286,42,87,1,-1,-1,-1
183,2617,97,425,51,122,1,-1,-1,-1
183,2618,1454,454,43,116,1,-1,-1,-1
183,2619,1398,490,78,132,1,-1,-1,-1
183,2620,1034,446,64,112,1,-1,-1,-1
183,2621,1039,470,49,106,1,-1,-1,-1
183,2622,1572,499,44,123,1,-1,-1,-1
183,2623,1230,478,63,121,1,-1,-1,-1
183,2624,1003,418,56,103,1,-1,-1,-1
183,2625,1157,468,52,106,1,-1,-1,-1
183,2626,1134,439,61,117,1,-1,-1,-1
183,2627,542,471,45,109,1,-1,-1,-1
183,2628,1239,507,53,120,1,-1,-1,-1
184,2608,1177,534,84,131,1,-1,-1,-1
184,2609,929,478,54,94,1,-1,-1,-1
184,2611,110,627,64,156,1,-1,-1,-1
184,2612,965,455,73,111,1,-1,-1,-1
184,2613,1067,414,51,100,1,-1,-1,-1
184,2614,1314,498,67,128,1,-1,-1,-1
184,2615,546,533,55,134,1,-1,-1,-1
184,2616,373,285,43,87,1,-1,-1,-1
184,2617,90,424,51,123,1,-1,-1,-1
184,2618,1456,453,43,116,1,-1,-1,-1
184,2619,1395,489,79,132,1,-1,-1,-1
184,2620,1022,444,66,113,1,-1,-1,-1
184,2621,1038,470,48,102,1,-1,-1,-1
184,2622,1576,500,45,123,1,-1,-1,-1
184,2623,1221,478,63,121,1,-1,-1,-1
184,2624,993,416,55,103,1,-1,-1,-1
184,2625,1155,468,52,106,1,-1,-1,-1
184,2626,1130,437,61,120,1,-1,-1,-1
184,2627,535,470,45,109,1,-1,-1,-1
184,2628,1242,507,53,120,1,-1,-1,-1
185,2608,1175,530,84,132,1,-1,-1,-1
185,2609,925,477,54,93,1,-1,-1,-1
185,2611,104,628,65,156,1,-1,-1,-1
185,2612,960,452,74,113,1,-1,-1,-1
185,2613,1059,411,51,101,1,-1,-1,-1
185,2614,1318,495,65,128,1,-1,-1,-1
185,2615,541,533,55,134,1,-1,-1,-1
185,2616,369,284,43,87,1,-1,-1,-1
185,2617,83,423,51,124,1,-1,-1,-1
185,2618,1458,451,43,116,1,-1,-1,-1
185,2619,1392,489,80,132,1,-1,-1,-1
185,2620,1010,443,66,114,1,-1,-1,-1
185,2621,1037,469,48,101,1,-1,-1,-1
185,2622,1582,500,46,123,1,-1,-1,-1
185,2623,1212,477,64,122,1,-1,-1,-1
185,2624,983,415,55,103,1,-1,-1,-1
185,2625,1153,468,52,106,1,-1,-1,-1
185,2626,1127,435,61,121,1,-1,-1,-1
185,2627,528,468,45,111,1,-1,-1,-1
185,2628,1245,508,54,119,1,-1,-1,-1
186,2608,1174,527,83,132,1,-1,-1,-1
186,2609,921,477,53,92,1,-1,-1,-1
186,2611,99,628,66,158,1,-1,-1,-1
186,2612,955,449,75,116,1,-1,-1,-1
186,2613,1052,409,52,101,1,-1,-1,-1
186,2614,1320,493,66,128,1,-1,-1,-1
186,2615,536,533,55,135,1,-1,-1,-1
186,2616,366,283,43,87,1,-1,-1,-1
186,2617,77,422,51,124,1,-1,-1,-1
186,2618,1459,450,45,117,1,-1,-1,-1
186,2619,1389,488,81,134,1,-1,-1,-1
186,2620,999,441,66,114,1,-1,-1,-1
186,2621,1037,469,47,98,1,-1,-1,-1
186,2622,1587,501,47,123,1,-1,-1,-1
186,2623,1203,477,65,122,1,-1,-1,-1
186,2624,974,413,53,103,1,-1,-1,-1
186,2625,1152,468,51,106,1,-1,-1,-1
186,2626,1124,433,60,122,1,-1,-1,-1
186,2627,521,467,45,111,1,-1,-1,-1
186,2628,1248,509,55,118,1,-1,-1,-1
187,2608,1173,524,82,132,1,-1,-1,-1
187,2609,916,476,53,91,1,-1,-1,-1
187,2611,94,628,65,158,1,-1,-1,-1
187,2612,950,445,75,119,1,-1,-1,-1
187,2613,1045,407,52,101,1,-1,-1,-1
187,2614,1324,490,64,128,1,-1,-1,-1
187,2615,531,533,56,135,1,-1,-1,-1
187,2616,362,282,43,87,1,-1,-1,-1
187,2617,70,421,52,125,1,-1,-1,-1
187,2618,1462,449,45,117,1,-1,-1,-1
187,2619,1387,487,80,135,1,-1,-1,-1
187,2620,988,440,67,115,1,-1,-1,-1
187,2621,1036,469,47,95,1,-1,-1,-1
187,2622,1592,502,48,124,1,-1,-1,-1
187,2623,1195,477,64,123,1,-1,-1,-1
187,2624,964,412,53,102,1,-1,-1,-1
187,2625,1151,468,50,105,1,-1,-1,-1
187,2626,1122,431,59,123,1,-1,-1,-1
187,2627,514,466,45,111,1,-1,-1,-1
187,2628,1251,509,56,118,1,-1,-1,-1
188,2608,1172,519,81,133,1,-1,-1,-1
188,2609,910,476,52,90,1,-1,-1,-1
188,2611,87,628,66,159,1,-1,-1,-1
188,2612,944,442,75,121,1,-1,-1,-1
188,2613,1035,404,53,101,1,-1,-1,-1
188,2614,1328,486,63,129,1,-1,-1,-1
188,2615,525,533,55,135,1,-1,-1,-1
188,2616,358,280,44,87,1,-1,-1,-1
188,2617,61,420,54,126,1,-1,-1,-1
188,2618,1464,447,46,117,1,-1,-1,-1
188,2619,1384,486,80,136,1,-1,-1,-1
188,2620,973,437,67,116,1,-1,-1,-1
188,2621,1036,469,46,91,1,-1,-1,-1
188,2622,1600,502,49,125,1,-1,-1,-1
188,2623,1183,477,65,123,1,-1,-1,-1
188,2624,952,409,52,103,1,-1,-1,-1
188,2625,1150,469,49,104,1,-1,-1,-1
188,2626,1119,429,57,124,1,-1,-1,-1
188,2627,505,463,45,113,1,-1,-1,-1
188,2628,1255,510,57,117,1,-1,-1,-1
189,2608,1170,517,80,132,1,-1,-1,-1
189,2609,908,475,52,90,1,-1,-1,-1
189,2611,84,629,66,160,1,-1,-1,-1
189,2612,941,439,76,123,1,-1,-1,-1
189,2613,1031,403,52,102,1,-1,-1,-1
189,2614,1332,485,61,128,1,-1,-1,-1
189,2615,522,533,55,136,1,-1,-1,-1
189,2616,354,279,44,87,1,-1,-1,-1
189,2617,58,419,54,127,1,-1,-1,-1
189,2618,1466,446,47,117,1,-1,-1,-1
189,2619,1383,485,79,136,1,-1,-1,-1
189,2620,968,436,66,116,1,-1,-1,-1
189,2621,1036,468,47,89,1,-1,-1,-1
189,2622,1604,503,49,124,1,-1,-1,-1
189,2623,1175,477,65,124,1,-1,-1,-1
189,2624,946,408,51,102,1,-1,-1,-1
189,2625,1151,469,48,103,1,-1,-1,-1
189,2626,1118,428,56,124,1,-1,-1,-1
189,2627,500,462,46,113,1,-1,-1,-1
189,2628,1254,511,59,116,1,-1,-1,-1
190,2608,1168,515,79,132,1,-1,-1,-1
190,2609,907,473,52,91,1,-1,-1,-1
190,2611,80,629,66,160,1,-1,-1,-1
190,2612,940,437,74,124,1,-1,-1,-1
190,2613,1026,402,54,103,1,-1,-1,-1
190,2614,1337,483,59,128,1,-1,-1,-1
190,2615,519,532,56,136,1,-1,-1,-1
190,2616,350,278,45,87,1,-1,-1,-1
190,2617,55,419,55,127,1,-1,-1,-1
190,2618,1470,445,47,117,1,-1,-1,-1
190,2619,1380,483,79,137,1,-1,-1,-1
190,2620,966,435,67,116,1,-1,-1,-1
190,2621,1039,465,48,90,1,-1,-1,-1
190,2622,1609,503,50,124,1,-1,-1,-1
190,2623,1166,479,64,121,1,-1,-1,-1
190,2624,942,407,50,100,1,-1,-1,-1
190,2625,1154,468,47,104,1,-1,-1,-1
190,2626,1119,427,53,125,1,-1,-1,-1
190,2627,497,461,46,114,1,-1,-1,-1
190,2628,1252,510,59,117,1,-1,-1,-1
191,2608,1166,513,77,131,1,-1,-1,-1
191,2609,906,470,53,93,1,-1,-1,-1
191,2611,76,629,67,161,1,-1,-1,-1
191,2612,940,435,73,125,1,-1,-1,-1
191,2613,1022,402,53,104,1,-1,-1,-1
191,2614,1340,481,59,129,1,-1,-1,-1
191,2615,516,532,56,136,1,-1,-1,-1
191,2616,345,277,45,88,1,-1,-1,-1
191,2617,53,418,55,127,1,-1,-1,-1
191,2618,1474,445,49,117,1,-1,-1,-1
191,2619,1378,482,77,137,1,-1,-1,-1
191,2620,965,433,67,118,1,-1,-1,-1
191,2621,1042,463,49,89,1,-1,-1,-1
191,2622,1614,503,51,124,1,-1,-1,-1
191,2623,1156,481,65,119,1,-1,-1,-1
191,2624,939,406,49,100,1,-1,-1,-1
191,2625,1157,466,48,105,1,-1,-1,-1
191,2626,1119,426,53,126,1,-1,-1,-1
191,2627,495,460,45,115,1,-1,-1,-1
191,2628,1248,510,61,117,1,-1,-1,-1
192,2608,1163,511,76,130,1,-1,-1,-1
192,2609,905,468,54,94,1,-1,-1,-1
192,2611,72,628,67,161,1,-1,-1,-1
192,2612,939,433,72,125,1,-1,-1,-1
192,2613,1017,401,54,105,1,-1,-1,-1
192,2614,1345,480,58,128,1,-1,-1,-1
192,2615,514,532,56,137,1,-1,-1,-1
192,2616,341,276,46,88,1,-1,-1,-1
192,2617,52,416,55,128,1,-1,-1,-1
192,2618,1479,444,50,117,1,-1,-1,-1
192,2619,1376,480,76,138,1,-1,-1,-1
192,2620,965,431,66,119,1,-1,-1,-1
192,2621,1046,459,50,90,1,-1,-1,-1
192,2622,1619,503,51,124,1,-1,-1,-1
192,2623,1146,484,64,117,1,-1,-1,-1
192,2624,935,404,49,100,1,-1,-1,-1
192,2625,1160,465,47,105,1,-1,-1,-1
192,2626,1121,426,50,126,1,-1,-1,-1
192,2627,492,459,46,116,1,-1,-1,-1
192,2628,1245,509,61,118,1,-1,-1,-1
193,2608,1160,509,76,130,1,-1,-1,-1
193,2609,904,466,54,96,1,-1,-1,-1
193,2611,68,628,67,162,1,-1,-1,-1
193,2612,938,432,70,125,1,-1,-1,-1
193,2613,1013,400,54,106,1,-1,-1,-1
193,2614,1350,478,57,129,1,-1,-1,-1
193,2615,513,531,56,137,1,-1,-1,-1
193,2616,337,275,46,88,1,-1,-1,-1
193,2617,50,415,55,129,1,-1,-1,-1
193,2618,1483,443,51,117,1,-1,-1,-1
193,2619,1374,478,75,138,1,-1,-1,-1
193,2620,965,429,66,120,1,-1,-1,-1
193,2621,1050,456,50,90,1,-1,-1,-1
193,2622,1625,503,51,125,1,-1,-1,-1
193,2623,1135,486,64,115,1,-1,-1,-1
193,2624,932,403,48,98,1,-1,-1,-1
193,2625,1164,464,47,105,1,-1,-1,-1
193,2626,1121,425,50,127,1,-1,-1,-1
193,2627,490,458,46,116,1,-1,-1,-1
193,2628,1241,509,61,119,1,-1,-1,-1
194,2608,1157,507,75,129,1,-1,-1,-1
194,2609,903,463,55,98,1,-1,-1,-1
194,2611,64,628,68,163,1,-1,-1,-1
194,2612,937,430,70,126,1,-1,-1,-1
194,2613,1008,400,55,106,1,-1,-1,-1
194,2614,1355,477,56,128,1,-1,-1,-1
194,2615,510,531,56,137,1,-1,-1,-1
194,2616,334,274,45,88,1,-1,-1,-1
194,2617,49,414,54,129,1,-1,-1,-1
194,2618,1488,443,51,117,1,-1,-1,-1
194,2619,1371,476,74,139,1,-1,-1,-1
194,2620,965,427,65,120,1,-1,-1,-1
194,2621,1054,453,51,90,1,-1,-1,-1
194,2622,1630,504,52,124,1,-1,-1,-1
194,2623,1124,489,65,112,1,-1,-1,-1
194,2624,929,402,47,97,1,-1,-1,-1
194,2625,1167,463,47,106,1,-1,-1,-1
194,2626,1121,425,49,127,1,-1,-1,-1
194,2627,487,457,46,116,1,-1,-1,-1
194,2628,1238,508,61,120,1,-1,-1,-1
195,2608,1154,505,75,128,1,-1,-1,-1
195,2609,902,461,56,99,1,-1,-1,-1
195,2611,60,628,68,163,1,-1,-1,-1
195,2612,937,428,68,127,1,-1,-1,-1
195,2613,1004,399,55,107,1,-1,-1,-1
195,2614,1359,475,56,129,1,-1,-1,-1
195,2615,508,530,56,138,1,-1,-1,-1
195,2616,330,273,46,88,1,-1,-1,-1
195,2617,47,413,55,130,1,-1,-1,-1
195,2618,1492,442,52,117,1,-1,-1,-1
195,2619,1369,475,73,139,1,-1,-1,-1
195,2620,966,426,64,120,1,-1,-1,-1
195,2621,1058,450,50,90,1,-1,-1,-1
195,2622,1635,504,52,124,1,-1,-1,-1
195,2623,1113,492,65,109,1,-1,-1,-1
195,2624,926,400,46,97,1,-1,-1,-1
195,2625,1170,462,48,107,1,-1,-1,-1
195,2626,1122,424,49,128,1,-1,-1,-1
195,2627,484,456,46,116,1,-1,-1,-1
195,2628,1234,507,62,121,1,-1,-1,-1
195,2639,1006,483,29,21,1,-1,-1,-1
196,2608,1149,503,76,128,1,-1,-1,-1
196,2609,902,459,56,100,1,-1,-1,-1
196,2611,55,628,69,164,1,-1,-1,-1
196,2612,936,427,67,127,1,-1,-1,-1
196,2613,1000,399,55,108,1,-1,-1,-1
196,2614,1363,474,56,128,1,-1,-1,-1
196,2615,505,530,57,138,1,-1,-1,-1
196,2616,326,272,46,88,1,-1,-1,-1
196,2617,46,412,54,131,1,-1,-1,-1
196,2618,1496,441,54,117,1,-1,-1,-1
196,2619,1366,473,72,140,1,-1,-1,-1
196,2620,966,424,63,122,1,-1,-1,-1
196,2621,1062,447,51,90,1,-1,-1,-1
196,2622,1640,504,54,124,1,-1,-1,-1
196,2623,1103,494,66,108,1,-1,-1,-1
196,2624,922,399,45,96,1,-1,-1,-1
196,2625,1174,461,47,107,1,-1,-1,-1
196,2626,1123,424,48,128,1,-1,-1,-1
196,2627,482,454,46,118,1,-1,-1,-1
196,2628,1231,507,61,121,1,-1,-1,-1
197,2608,1146,501,75,127,1,-1,-1,-1
197,2609,901,456,57,102,1,-1,-1,-1
197,2611,51,628,70,164,1,-1,-1,-1
197,2612,935,425,66,128,1,-1,-1,-1
197,2613,995,398,56,109,1,-1,-1,-1
197,2614,1368,473,55,128,1,-1,-1,-1
197,2615,503,529,57,139,1,-1,-1,-1
197,2616,322,270,47,88,1,-1,-1,-1
197,2617,44,411,54,131,1,-1,-1,-1
197,2618,1501,440,55,117,1,-1,-1,-1
197,2619,1364,471,70,140,1,-1,-1,-1
197,2620,966,422,62,123,1,-1,-1,-1
197,2621,1066,444,51,90,1,-1,-1,-1
197,2622,1646,504,53,124,1,-1,-1,-1
197,2623,1092,496,66,105,1,-1,-1,-1
197,2624,919,398,44,94,1,-1,-1,-1
197,2625,1177,459,48,108,1,-1,-1,-1
197,2626,1123,424,48,128,1,-1,-1,-1
197,2627,480,453,46,119,1,-1,-1,-1
197,2628,1227,506,62,122,1,-1,-1,-1
198,2608,1143,499,75,126,1,-1,-1,-1
198,2609,900,454,58,103,1,-1,-1,-1
198,2611,47,627,70,165,1,-1,-1,-1
198,2612,935,423,64,129,1,-1,-1,-1
198,2613,991,397,56,110,1,-1,-1,-1
198,2614,1372,471,56,128,1,-1,-1,-1
198,2615,501,529,57,139,1,-1,-1,-1
198,2616,318,269,47,88,1,-1,-1,-1
198,2617,43,409,53,132,1,-1,-1,-1
198,2618,1505,440,56,117,1,-1,-1,-1
198,2619,1362,469,69,140,1,-1,-1,-1
198,2620,966,420,62,124,1,-1,-1,-1
198,2621,1071,441,50,90,1,-1,-1,-1
198,2622,1651,504,54,124,1,-1,-1,-1
198,2623,1081,499,67,102,1,-1,-1,-1
198,2624,916,396,43,94,1,-1,-1,-1
198,2625,1181,458,47,109,1,-1,-1,-1
198,2626,1123,424,48,128,1,-1,-1,-1
198,2627,477,452,46,119,1,-1,-1,-1
198,2628,1224,506,61,122,1,-1,-1,-1
199,2608,1139,497,76,126,1,-1,-1,-1
199,2609,899,452,58,105,1,-1,-1,-1
199,2611,43,627,71,165,1,-1,-1,-1
199,2612,934,422,62,128,1,-1,-1,-1
199,2613,987,397,56,111,1,-1,-1,-1
199,2614,1377,469,55,128,1,-1,-1,-1
199,2615,499,529,57,139,1,-1,-1,-1
199,2616,314,268,48,88,1,-1,-1,-1
199,2617,42,408,52,133,1,-1,-1,-1
199,2618,1510,439,56,117,1,-1,-1,-1
199,2619,1360,468,68,140,1,-1,-1,-1
199,2620,966,418,60,125,1,-1,-1,-1
199,2621,1075,438,50,90,1,-1,-1,-1
199,2622,1656,504,55,124,1,-1,-1,-1
199,2623,1069,501,69,101,1,-1,-1,-1
199,2624,912,395,42,93,1,-1,-1,-1
199,2625,1183,457,48,109,1,-1,-1,-1
199,2626,1124,423,47,129,1,-1,-1,-1
199,2627,475,451,46,120,1,-1,-1,-1
199,2628,1221,505,61,123,1,-1,-1,-1
200,2608,1133,493,77,125,1,-1,-1,-1
200,2609,897,448,60,108,1,-1,-1,-1
200,2611,36,627,72,166,1,-1,-1,-1
200,2612,932,419,61,129,1,-1,-1,-1
200,2613,979,396,57,112,1,-1,-1,-1
200,2614,1383,467,56,128,1,-1,-1,-1
200,2615,495,528,58,140,1,-1,-1,-1
200,2616,307,266,49,89,1,-1,-1,-1
200,2617,39,406,51,134,1,-1,-1,-1
200,2618,1517,438,58,117,1,-1,-1,-1
200,2619,1355,464,67,142,1,-1,-1,-1
200,2620,966,415,59,126,1,-1,-1,-1
200,2621,1081,433,50,90,1,-1,-1,-1
200,2622,1665,505,55,124,1,-1,-1,-1
200,2623,1052,505,69,97,1,-1,-1,-1
200,2624,906,393,41,91,1,-1,-1,-1
200,2625,1188,455,49,110,1,-1,-1,-1
200,2626,1123,423,48,129,1,-1,-1,-1
200,2627,470,450,47,121,1,-1,-1,-1
200,2628,1216,504,61,125,1,-1,-1,-1
201,2608,1131,492,77,124,1,-1,-1,-1
201,2609,896,446,60,109,1,-1,-1,-1
201,2611,33,627,72,166,1,-1,-1,-1
201,2612,932,418,60,129,1,-1,-1,-1
201,2613,977,395,56,113,1,-1,-1,-1
201,2614,1386,466,56,128,1,-1,-1,-1
201,2615,494,528,58,140,1,-1,-1,-1
201,2616,305,265,49,89,1,-1,-1,-1
201,2617,39,405,50,134,1,-1,-1,-1
201,2618,1519,437,59,117,1,-1,-1,-1
201,2619,1354,463,66,142,1,-1,-1,-1
201,2620,967,414,58,126,1,-1,-1,-1
201,2621,1084,431,50,90,1,-1,-1,-1
201,2622,1668,505,55,124,1,-1,-1,-1
201,2623,1045,507,71,95,1,-1,-1,-1
201,2624,904,392,41,90,1,-1,-1,-1
201,2625,1190,454,49,111,1,-1,-1,-1
201,2626,1123,422,48,130,1,-1,-1,-1
201,2627,468,449,47,121,1,-1,-1,-1
201,2628,1214,504,60,125,1,-1,-1,-1
201,2644,946,476,28,21,1,-1,-1,-1
202,2608,1134,490,77,124,1,-1,-1,-1
202,2609,898,444,60,110,1,-1,-1,-1
202,2611,31,626,73,166,1,-1,-1,-1
202,2612,934,416,58,129,1,-1,-1,-1
202,2613,976,394,56,114,1,-1,-1,-1
202,2614,1393,462,56,130,1,-1,-1,-1
202,2615,494,527,58,139,1,-1,-1,-1
202,2616,305,264,49,89,1,-1,-1,-1
202,2617,42,405,49,134,1,-1,-1,-1
202,2618,1523,436,60,118,1,-1,-1,-1
202,2619,1352,462,65,142,1,-1,-1,-1
202,2620,970,413,56,127,1,-1,-1,-1
202,2621,1089,428,49,90,1,-1,-1,-1
202,2622,1672,503,56,124,1,-1,-1,-1
202,2623,1040,511,71,91,1,-1,-1,-1
202,2624,902,391,41,91,1,-1,-1,-1
202,2625,1195,451,48,112,1,-1,-1,-1
202,2626,1123,422,48,129,1,-1,-1,-1
202,2627,469,450,46,119,1,-1,-1,-1
202,2628,1214,502,59,125,1,-1,-1,-1
203,2608,1138,487,78,125,1,-1,-1,-1
203,2609,900,440,60,112,1,-1,-1,-1
203,2611,30,625,73,166,1,-1,-1,-1
203,2612,936,413,56,129,1,-1,-1,-1
203,2613,975,392,57,116,1,-1,-1,-1
203,2614,1401,457,57,131,1,-1,-1,-1
203,2615,495,526,59,140,1,-1,-1,-1
203,2616,307,263,49,89,1,-1,-1,-1
203,2617,46,404,48,132,1,-1,-1,-1
203,2618,1526,434,61,118,1,-1,-1,-1
203,2619,1350,461,64,141,1,-1,-1,-1
203,2620,974,412,55,127,1,-1,-1,-1
203,2621,1094,424,49,91,1,-1,-1,-1
203,2622,1676,501,57,124,1,-1,-1,-1
203,2623,1035,517,71,85,1,-1,-1,-1
203,2624,898,390,43,94,1,-1,-1,-1
203,2625,1199,448,49,113,1,-1,-1,-1
203,2626,1123,423,48,127,1,-1,-1,-1
203,2627,469,451,45,116,1,-1,-1,-1
203,2628,1215,501,58,126,1,-1,-1,-1
204,2608,1143,485,78,124,1,-1,-1,-1
204,2609,902,436,61,114,1,-1,-1,-1
204,2611,29,625,74,166,1,-1,-1,-1
204,2612,938,411,55,127,1,-1,-1,-1
204,2613,975,390,56,117,1,-1,-1,-1
204,2614,1410,452,57,133,1,-1,-1,-1
204,2615,496,526,60,138,1,-1,-1,-1
204,2616,308,261,49,90,1,-1,-1,-1
204,2617,50,404,48,131,1,-1,-1,-1
204,2618,1530,432,61,119,1,-1,-1,-1
204,2619,1348,459,62,141,1,-1,-1,-1
204,2620,978,410,53,128,1,-1,-1,-1
204,2621,1099,421,50,92,1,-1,-1,-1
204,2622,1681,498,57,125,1,-1,-1,-1
204,2623,1030,523,72,79,1,-1,-1,-1
204,2624,894,389,45,96,1,-1,-1,-1
204,2625,1204,445,50,114,1,-1,-1,-1
204,2626,1123,423,48,126,1,-1,-1,-1
204,2627,470,453,44,112,1,-1,-1,-1
204,2628,1215,500,58,126,1,-1,-1,-1
204,2646,850,447,28,20,1,-1,-1,-1
205,2608,1149,482,77,125,1,-1,-1,-1
205,2609,905,433,60,115,1,-1,-1,-1
205,2611,29,624,74,166,1,-1,-1,-1
205,2612,939,408,54,127,1,-1,-1,-1
205,2613,975,388,56,118,1,-1,-1,-1
205,2614,1420,447,58,135,1,-1,-1,-1
205,2615,498,525,60,138,1,-1,-1,-1
205,2616,309,259,50,91,1,-1,-1,-1
205,2617,55,404,48,129,1,-1,-1,-1
205,2618,1534,430,63,120,1,-1,-1,-1
205,2619,1346,457,62,142,1,-1,-1,-1
205,2620,982,409,52,127,1,-1,-1,-1
205,2621,1105,417,49,93,1,-1,-1,-1
205,2622,1685,495,58,125,1,-1,-1,-1
205,2623,1026,529,71,73,1,-1,-1,-1
205,2624,890,388,46,98,1,-1,-1,-1
205,2625,1209,442,51,115,1,-1,-1,-1
205,2626,1122,423,50,125,1,-1,-1,-1
205,2627,471,454,44,110,1,-1,-1,-1
205,2628,1216,498,56,127,1,-1,-1,-1
206,2608,1154,479,77,126,1,-1,-1,-1
206,2609,907,429,61,117,1,-1,-1,-1
206,2611,28,623,75,166,1,-1,-1,-1
206,2612,941,405,54,126,1,-1,-1,-1
206,2613,974,386,56,120,1,-1,-1,-1
206,2614,1430,442,57,137,1,-1,-1,-1
206,2615,499,524,62,137,1,-1,-1,-1
206,2616,311,258,50,91,1,-1,-1,-1
206,2617,60,403,48,128,1,-1,-1,-1
206,2618,1538,428,64,121,1,-1,-1,-1
206,2619,1344,456,61,141,1,-1,-1,-1
206,2620,986,407,51,128,1,-1,-1,-1
206,2621,1110,414,50,94,1,-1,-1,-1
206,2622,1691,492,58,125,1,-1,-1,-1
206,2623,1021,537,71,65,1,-1,-1,-1
206,2624,886,387,48,100,1,-1,-1,-1
206,2625,1214,439,51,116,1,-1,-1,-1
206,2626,1122,424,50,123,1,-1,-1,-1
206,2627,472,456,42,106,1,-1,-1,-1
206,2628,1217,497,55,127,1,-1,-1,-1
207,2608,1161,476,76,126,1,-1,-1,-1
207,2609,910,425,61,119,1,-1,-1,-1
207,2611,26,622,76,166,1,-1,-1,-1
207,2612,943,402,53,124,1,-1,-1,-1
207,2613,974,384,56,121,1,-1,-1,-1
207,2614,1441,436,58,139,1,-1,-1,-1
207,2615,501,523,63,137,1,-1,-1,-1
207,2616,312,256,51,92,1,-1,-1,-1
207,2617,64,405,49,125,1,-1,-1,-1
207,2618,1541,421,66,125,1,-1,-1,-1
207,2619,1346,452,61,142,1,-1,-1,-1
207,2620,991,406,49,127,1,-1,-1,-1
207,2621,1116,410,50,95,1,-1,-1,-1
207,2622,1697,490,59,126,1,-1,-1,-1
207,2623,1017,538,76,64,1,-1,-1,-1
207,2624,881,386,51,103,1,-1,-1,-1
207,2625,1220,436,52,116,1,-1,-1,-1
207,2626,1120,424,52,122,1,-1,-1,-1
207,2627,476,461,43,102,1,-1,-1,-1
207,2628,1218,495,55,128,1,-1,-1,-1
208,2608,1170,473,76,127,1,-1,-1,-1
208,2609,916,423,61,119,1,-1,-1,-1
208,2611,30,621,76,166,1,-1,-1,-1
208,2612,950,400,52,124,1,-1,-1,-1
208,2613,977,383,56,122,1,-1,-1,-1
208,2614,1453,434,56,139,1,-1,-1,-1
208,2615,502,522,65,136,1,-1,-1,-1
208,2616,314,254,51,92,1,-1,-1,-1
208,2617,72,404,48,125,1,-1,-1,-1
208,2618,1548,417,67,127,1,-1,-1,-1
208,2619,1351,450,61,143,1,-1,-1,-1
208,2620,998,404,48,128,1,-1,-1,-1
208,2621,1123,407,50,98,1,-1,-1,-1
208,2622,1707,489,60,126,1,-1,-1,-1
208,2623,1018,537,82,65,1,-1,-1,-1
208,2624,882,386,52,104,1,-1,-1,-1
208,2625,1229,434,53,117,1,-1,-1,-1
208,2626,1124,422,53,121,1,-1,-1,-1
208,2627,482,462,43,99,1,-1,-1,-1
208,2628,1222,494,54,128,1,-1,-1,-1
209,2608,1182,469,74,129,1,-1,-1,-1
209,2609,926,420,61,121,1,-1,-1,-1
209,2611,38,619,76,166,1,-1,-1,-1
209,2612,959,399,52,123,1,-1,-1,-1
209,2613,984,382,55,124,1,-1,-1,-1
209,2614,1467,435,55,136,1,-1,-1,-1
209,2615,505,520,67,136,1,-1,-1,-1
209,2616,321,253,50,92,1,-1,-1,-1
209,2617,81,404,50,124,1,-1,-1,-1
209,2618,1558,415,67,128,1,-1,-1,-1
209,2619,1357,448,61,142,1,-1,-1,-1
209,2620,1007,403,47,127,1,-1,-1,-1
209,2621,1131,404,52,101,1,-1,-1,-1
209,2622,1718,487,60,126,1,-1,-1,-1
209,2623,1023,535,86,67,1,-1,-1,-1
209,2624,885,385,52,105,1,-1,-1,-1
209,2625,1240,431,55,119,1,-1,-1,-1
209,2626,1131,417,54,121,1,-1,-1,-1
209,2627,490,463,43,96,1,-1,-1,-1
209,2628,1228,493,54,129,1,-1,-1,-1
210,2608,1196,466,73,129,1,-1,-1,-1
210,2609,937,418,61,121,1,-1,-1,-1
210,2611,48,617,75,166,1,-1,-1,-1
210,2612,969,398,51,122,1,-1,-1,-1
210,2613,991,381,54,125,1,-1,-1,-1
210,2614,1482,437,54,132,1,-1,-1,-1
210,2615,509,519,67,135,1,-1,-1,-1
210,2616,330,252,50,92,1,-1,-1,-1
210,2617,92,404,50,121,1,-1,-1,-1
210,2618,1569,414,68,127,1,-1,-1,-1
210,2619,1365,446,60,142,1,-1,-1,-1
210,2620,1016,402,47,128,1,-1,-1,-1
210,2621,1140,400,54,106,1,-1,-1,-1
210,2622,1728,486,61,126,1,-1,-1,-1
210,2623,1028,532,92,70,1,-1,-1,-1
210,2624,889,385,53,104,1,-1,-1,-1
210,2625,1254,430,55,120,1,-1,-1,-1
210,2626,1140,412,54,121,1,-1,-1,-1
210,2627,500,464,42,93,1,-1,-1,-1
210,2628,1234,491,54,131,1,-1,-1,-1
211,2608,1210,463,71,131,1,-1,-1,-1
211,2609,949,417,60,122,1,-1,-1,-1
211,2611,57,615,75,166,1,-1,-1,-1
211,2612,980,397,51,121,1,-1,-1,-1
211,2613,999,381,54,126,1,-1,-1,-1
211,2614,1497,438,54,130,1,-1,-1,-1
211,2615,512,517,68,135,1,-1,-1,-1
211,2616,341,252,50,92,1,-1,-1,-1
211,2617,103,403,52,121,1,-1,-1,-1
211,2618,1580,413,68,127,1,-1,-1,-1
211,2619,1372,444,60,142,1,-1,-1,-1
211,2620,1027,401,46,128,1,-1,-1,-1
211,2621,1149,397,55,111,1,-1,-1,-1
211,2622,1739,484,62,127,1,-1,-1,-1
211,2623,1035,529,94,73,1,-1,-1,-1
211,2624,894,385,53,104,1,-1,-1,-1
211,2625,1268,428,56,121,1,-1,-1,-1
211,2626,1149,406,55,122,1,-1,-1,-1
211,2627,509,465,43,89,1,-1,-1,-1
211,2628,1240,490,55,132,1,-1,-1,-1
211,2652,691,428,25,15,1,-1,-1,-1
212,2608,1224,459,69,133,1,-1,-1,-1
212,2609,960,415,61,123,1,-1,-1,-1
212,2611,68,613,74,165,1,-1,-1,-1
212,2612,991,395,50,121,1,-1,-1,-1
212,2613,1007,380,53,128,1,-1,-1,-1
212,2614,1512,441,53,125,1,-1,-1,-1
212,2615,516,515,68,134,1,-1,-1,-1
212,2616,352,251,49,92,1,-1,-1,-1
212,2617,113,403,54,119,1,-1,-1,-1
212,2618,1592,412,68,127,1,-1,-1,-1
212,2619,1379,442,60,141,1,-1,-1,-1
212,2620,1036,400,46,128,1,-1,-1,-1
212,2621,1159,394,55,115,1,-1,-1,-1
212,2622,1750,483,63,127,1,-1,-1,-1
212,2623,1042,527,96,75,1,-1,-1,-1
212,2624,899,384,53,104,1,-1,-1,-1
212,2625,1281,427,58,122,1,-1,-1,-1
212,2626,1158,400,55,123,1,-1,-1,-1
212,2627,519,465,42,86,1,-1,-1,-1
212,2628,1246,489,55,133,1,-1,-1,-1
213,2608,1242,454,68,135,1,-1,-1,-1
213,2609,976,413,61,124,1,-1,-1,-1
213,2611,81,610,73,165,1,-1,-1,-1
213,2612,1006,394,49,119,1,-1,-1,-1
213,2613,1017,380,52,130,1,-1,-1,-1
213,2614,1531,443,54,121,1,-1,-1,-1
213,2615,520,513,70,134,1,-1,-1,-1
213,2616,363,251,49,91,1,-1,-1,-1
213,2617,128,402,55,116,1,-1,-1,-1
213,2618,1608,410,67,127,1,-1,-1,-1
213,2619,1389,440,60,140,1,-1,-1,-1
213,2620,1049,399,45,128,1,-1,-1,-1
213,2621,1171,390,57,121,1,-1,-1,-1
213,2622,1765,481,63,128,1,-1,-1,-1
213,2623,1051,524,99,78,1,-1,-1,-1
213,2624,906,384,52,103,1,-1,-1,-1
213,2625,1299,425,59,124,1,-1,-1,-1
213,2626,1171,393,54,124,1,-1,-1,-1
213,2627,532,466,41,81,1,-1,-1,-1
213,2628,1254,487,57,135,1,-1,-1,-1
214,2608,1253,452,66,135,1,-1,-1,-1
214,2609,985,411,62,124,1,-1,-1,-1
214,2611,91,609,72,165,1,-1,-1,-1
214,2612,1014,392,49,119,1,-1,-1,-1
214,2613,1025,379,49,129,1,-1,-1,-1
214,2614,1541,443,55,119,1,-1,-1,-1
214,2615,525,511,69,133,1,-1,-1,-1
214,2616,374,251,48,91,1,-1,-1,-1
214,2617,137,401,57,116,1,-1,-1,-1
214,2618,1616,409,67,127,1,-1,-1,-1
214,2619,1395,438,59,140,1,-1,-1,-1
214,2620,1057,398,46,128,1,-1,-1,-1
214,2621,1179,389,57,122,1,-1,-1,-1
214,2622,1772,480,64,127,1,-1,-1,-1
214,2623,1063,522,97,79,1,-1,-1,-1
214,2624,911,383,51,104,1,-1,-1,-1
214,2625,1309,424,60,124,1,-1,-1,-1
214,2626,1178,390,53,124,1,-1,-1,-1
214,2627,540,465,41,80,1,-1,-1,-1
214,2628,1258,486,58,136,1,-1,-1,-1
215,2608,1264,451,64,135,1,-1,-1,-1
215,2609,997,410,61,124,1,-1,-1,-1
215,2611,104,607,71,164,1,-1,-1,-1
215,2612,1023,391,48,119,1,-1,-1,-1
215,2613,1034,378,48,127,1,-1,-1,-1
215,2614,1552,442,56,118,1,-1,-1,-1
215,2615,532,509,70,133,1,-1,-1,-1
215,2616,385,250,48,91,1,-1,-1,-1
215,2617,149,400,58,115,1,-1,-1,-1
215,2618,1625,408,66,126,1,-1,-1,-1
215,2619,1402,437,60,139,1,-1,-1,-1
215,2620,1067,397,46,128,1,-1,-1,-1
215,2621,1188,387,56,122,1,-1,-1,-1
215,2622,1780,478,63,127,1,-1,-1,-1
215,2623,1072,520,95,79,1,-1,-1,-1
215,2624,915,382,51,103,1,-1,-1,-1
215,2625,1319,423,61,124,1,-1,-1,-1
215,2626,1184,390,53,123,1,-1,-1,-1
215,2627,548,462,44,82,1,-1,-1,-1
215,2628,1264,484,59,137,1,-1,-1,-1
215,2655,635,441,23,16,1,-1,-1,-1
216,2608,1275,449,62,135,1,-1,-1,-1
216,2609,1009,409,61,123,1,-1,-1,-1
216,2611,118,605,70,164,1,-1,-1,-1
216,2612,1031,388,49,120,1,-1,-1,-1
216,2613,1043,377,46,124,1,-1,-1,-1
216,2614,1562,441,57,118,1,-1,-1,-1
216,2615,539,507,71,132,1,-1,-1,-1
216,2616,396,250,48,91,1,-1,-1,-1
216,2617,162,398,59,116,1,-1,-1,-1
216,2618,1634,406,66,126,1,-1,-1,-1
216,2619,1410,435,59,139,1,-1,-1,-1
216,2620,1078,396,46,127,1,-1,-1,-1
216,2621,1199,386,55,121,1,-1,-1,-1
216,2622,1787,476,64,127,1,-1,-1,-1
216,2623,1081,518,93,79,1,-1,-1,-1
216,2624,919,381,52,103,1,-1,-1,-1
216,2625,1330,422,61,125,1,-1,-1,-1
216,2626,1191,391,51,123,1,-1,-1,-1
216,2627,558,458,45,83,1,-1,-1,-1
216,2628,1270,484,58,136,1,-1,-1,-1
216,2655,630,444,23,16,1,-1,-1,-1
217,2608,1286,448,61,134,1,-1,-1,-1
217,2609,1021,408,61,122,1,-1,-1,-1
217,2611,133,603,69,163,1,-1,-1,-1
217,2612,1040,386,49,121,1,-1,-1,-1
217,2613,1054,376,43,121,1,-1,-1,-1
217,2614,1573,439,58,118,1,-1,-1,-1
217,2615,548,504,71,132,1,-1,-1,-1
217,2616,407,250,47,90,1,-1,-1,-1
217,2617,175,396,61,116,1,-1,-1,-1
217,2618,1642,404,66,126,1,-1,-1,-1
217,2619,1417,434,60,138,1,-1,-1,-1
217,2620,1089,395,46,126,1,-1,-1,-1
217,2621,1209,386,54,118,1,-1,-1,-1
217,2622,1794,474,65,128,1,-1,-1,-1
217,2623,1090,516,91,79,1,-1,-1,-1
217,2624,924,379,52,102,1,-1,-1,-1
217,2625,1341,421,61,125,1,-1,-1,-1
217,2626,1197,392,51,123,1,-1,-1,-1
217,2627,569,455,46,84,1,-1,-1,-1
217,2628,1275,483,59,136,1,-1,-1,-1
217,2655,628,445,23,16,1,-1,-1,-1
218,2608,1297,446,60,134,1,-1,-1,-1
218,2609,1033,406,61,122,1,-1,-1,-1
218,2611,147,601,69,162,1,-1,-1,-1
218,2612,1049,383,48,122,1,-1,-1,-1
218,2613,1063,374,42,118,1,-1,-1,-1
218,2614,1584,438,58,117,1,-1,-1,-1
218,2615,557,502,70,131,1,-1,-1,-1
218,2616,418,249,47,90,1,-1,-1,-1
218,2617,188,395,62,115,1,-1,-1,-1
218,2618,1651,402,65,126,1,-1,-1,-1
218,2619,1424,432,60,138,1,-1,-1,-1
218,2620,1099,393,47,126,1,-1,-1,-1
218,2621,1219,385,53,117,1,-1,-1,-1
218,2622,1802,473,63,126,1,-1,-1,-1
218,2623,1099,514,89,78,1,-1,-1,-1
218,2624,929,378,51,102,1,-1,-1,-1
218,2625,1351,420,61,124,1,-1,-1,-1
218,2626,1203,393,50,122,1,-1,-1,-1
218,2627,579,451,48,86,1,-1,-1,-1
218,2628,1281,482,58,136,1,-1,-1,-1
219,2608,1308,445,59,133,1,-1,-1,-1
219,2609,1046,405,60,121,1,-1,-1,-1
219,2611,162,599,68,162,1,-1,-1,-1
219,2612,1058,381,48,123,1,-1,-1,-1
219,2613,1073,373,41,116,1,-1,-1,-1
219,2614,1595,436,58,118,1,-1,-1,-1
219,2615,565,499,70,131,1,-1,-1,-1
219,2616,429,249,47,90,1,-1,-1,-1
219,2617,202,393,62,116,1,-1,-1,-1
219,2618,1660,399,65,126,1,-1,-1,-1
219,2619,1432,431,60,137,1,-1,-1,-1
219,2620,1110,392,47,126,1,-1,-1,-1
219,2621,1229,384,52,116,1,-1,-1,-1
219,2622,1809,471,64,126,1,-1,-1,-1
219,2623,1109,511,86,78,1,-1,-1,-1
219,2624,933,376,52,102,1,-1,-1,-1
219,2625,1362,419,61,124,1,-1,-1,-1
219,2626,1210,394,49,122,1,-1,-1,-1
219,2627,589,447,49,88,1,-1,-1,-1
219,2628,1286,481,58,135,1,-1,-1,-1
220,2608,1318,443,59,133,1,-1,-1,-1
220,2609,1058,404,59,120,1,-1,-1,-1
220,2611,176,597,68,161,1,-1,-1,-1
220,2612,1066,378,49,124,1,-1,-1,-1
220,2613,1082,371,40,113,1,-1,-1,-1
220,2614,1606,435,59,117,1,-1,-1,-1
220,2615,574,497,70,130,1,-1,-1,-1
220,2616,440,249,46,90,1,-1,-1,-1
220,2617,215,391,63,116,1,-1,-1,-1
220,2618,1668,397,65,126,1,-1,-1,-1
220,2619,1439,429,60,136,1,-1,-1,-1
220,2620,1121,391,48,124,1,-1,-1,-1
220,2621,1239,383,51,114,1,-1,-1,-1
220,2622,1817,469,63,126,1,-1,-1,-1
220,2623,1118,509,85,78,1,-1,-1,-1
220,2624,938,375,52,101,1,-1,-1,-1
220,2625,1373,418,61,124,1,-1,-1,-1
220,2626,1215,395,49,122,1,-1,-1,-1
220,2627,599,443,51,90,1,-1,-1,-1
220,2628,1292,480,58,135,1,-1,-1,-1
221,2608,1328,442,59,133,1,-1,-1,-1
221,2609,1070,403,59,119,1,-1,-1,-1
221,2611,190,595,68,160,1,-1,-1,-1
221,2612,1075,375,49,125,1,-1,-1,-1
221,2613,1091,370,39,110,1,-1,-1,-1
221,2614,1617,433,59,117,1,-1,-1,-1
221,2615,582,495,70,130,1,-1,-1,-1
221,2616,451,248,45,90,1,-1,-1,-1
221,2617,228,389,63,116,1,-1,-1,-1
221,2618,1677,395,64,126,1,-1,-1,-1
221,2619,1446,427,60,136,1,-1,-1,-1
221,2620,1131,389,50,124,1,-1,-1,-1
221,2621,1248,382,51,113,1,-1,-1,-1
221,2622,1824,467,63,125,1,-1,-1,-1
221,2623,1127,507,83,78,1,-1,-1,-1
221,2624,942,373,53,101,1,-1,-1,-1
221,2625,1384,417,60,124,1,-1,-1,-1
221,2626,1222,396,48,121,1,-1,-1,-1
221,2627,609,439,52,91,1,-1,-1,-1
221,2628,1297,480,58,134,1,-1,-1,-1
221,2657,5,382,52,103,1,-1,-1,-1
222,2608,1338,440,59,133,1,-1,-1,-1
222,2609,1082,401,59,119,1,-1,-1,-1
222,2611,204,593,69,160,1,-1,-1,-1
222,2612,1084,373,48,125,1,-1,-1,-1
222,2613,1101,368,37,107,1,-1,-1,-1
222,2614,1628,431,59,117,1,-1,-1,-1
222,2615,590,492,71,129,1,-1,-1,-1
222,2616,462,248,45,89,1,-1,-1,-1
222,2617,243,388,63,115,1,-1,-1,-1
222,2618,1685,393,64,126,1,-1,-1,-1
222,2619,1453,426,61,134,1,-1,-1,-1
222,2620,1141,388,51,123,1,-1,-1,-1
222,2621,1258,382,51,111,1,-1,-1,-1
222,2622,1832,465,62,125,1,-1,-1,-1
222,2623,1137,504,81,78,1,-1,-1,-1
222,2624,946,372,54,101,1,-1,-1,-1
222,2625,1394,416,61,123,1,-1,-1,-1
222,2626,1228,397,48,121,1,-1,-1,-1
222,2627,620,435,53,93,1,-1,-1,-1
222,2628,1304,479,57,135,1,-1,-1,-1
222,2657,18,377,53,105,1,-1,-1,-1
222,2659,559,486,22,16,1,-1,-1,-1
223,2608,1348,439,59,132,1,-1,-1,-1
223,2609,1094,400,59,118,1,-1,-1,-1
223,2611,218,591,69,159,1,-1,-1,-1
223,2612,1093,370,48,126,1,-1,-1,-1
223,2613,1110,366,36,105,1,-1,-1,-1
223,2614,1638,430,60,116,1,-1,-1,-1
223,2615,599,490,70,129,1,-1,-1,-1
223,2616,472,248,46,89,1,-1,-1,-1
223,2617,256,386,63,116,1,-1,-1,-1
223,2618,1694,391,64,126,1,-1,-1,-1
223,2619,1461,424,60,134,1,-1,-1,-1
223,2620,1152,387,51,123,1,-1,-1,-1
223,2621,1268,381,51,110,1,-1,-1,-1
223,2622,1839,463,62,125,1,-1,-1,-1
223,2623,1146,502,79,78,1,-1,-1,-1
223,2624,950,370,54,101,1,-1,-1,-1
223,2625,1405,415,60,123,1,-1,-1,-1
223,2626,1234,398,47,120,1,-1,-1,-1
223,2627,630,431,54,95,1,-1,-1,-1
223,2628,1310,479,56,133,1,-1,-1,-1
223,2657,36,369,56,109,1,-1,-1,-1
224,2608,1358,437,60,132,1,-1,-1,-1
224,2609,1106,399,59,117,1,-1,-1,-1
224,2611,232,589,69,159,1,-1,-1,-1
224,2612,1102,368,47,127,1,-1,-1,-1
224,2613,1119,365,36,101,1,-1,-1,-1
224,2614,1650,428,60,116,1,-1,-1,-1
224,2615,607,487,70,128,1,-1,-1,-1
224,2616,483,247,45,89,1,-1,-1,-1
224,2617,270,384,63,116,1,-1,-1,-1
224,2618,1703,389,63,126,1,-1,-1,-1
224,2619,1468,422,61,134,1,-1,-1,-1
224,2620,1162,386,53,121,1,-1,-1,-1
224,2621,1278,380,50,108,1,-1,-1,-1
224,2622,1847,461,61,125,1,-1,-1,-1
224,2623,1155,500,78,78,1,-1,-1,-1
224,2624,954,369,55,100,1,-1,-1,-1
224,2625,1416,414,60,123,1,-1,-1,-1
224,2626,1240,399,47,120,1,-1,-1,-1
224,2627,640,427,55,97,1,-1,-1,-1
224,2628,1315,478,56,133,1,-1,-1,-1
224,2657,49,367,58,109,1,-1,-1,-1
225,2608,1374,435,61,131,1,-1,-1,-1
225,2609,1126,397,59,115,1,-1,-1,-1
225,2611,255,585,69,158,1,-1,-1,-1
225,2612,1116,363,48,130,1,-1,-1,-1
225,2613,1135,362,34,97,1,-1,-1,-1
225,2614,1668,425,59,116,1,-1,-1,-1
225,2615,622,483,69,128,1,-1,-1,-1
225,2616,501,247,44,88,1,-1,-1,-1
225,2617,292,381,63,116,1,-1,-1,-1
225,2618,1717,385,63,125,1,-1,-1,-1
225,2619,1480,419,61,133,1,-1,-1,-1
225,2620,1179,384,54,120,1,-1,-1,-1
225,2621,1294,379,50,105,1,-1,-1,-1
225,2622,1860,457,60,125,1,-1,-1,-1
225,2623,1170,496,75,77,1,-1,-1,-1
225,2624,961,366,56,100,1,-1,-1,-1
225,2625,1434,413,59,122,1,-1,-1,-1
225,2626,1249,400,47,120,1,-1,-1,-1
225,2627,657,421,56,99,1,-1,-1,-1
225,2628,1325,477,55,132,1,-1,-1,-1
225,2657,76,365,56,105,1,-1,-1,-1
226,2608,1380,434,62,131,1,-1,-1,-1
226,2609,1134,396,58,114,1,-1,-1,-1
226,2611,263,584,70,157,1,-1,-1,-1
226,2612,1121,362,47,129,1,-1,-1,-1
226,2613,1140,361,34,96,1,-1,-1,-1
226,2614,1675,424,59,116,1,-1,-1,-1
226,2615,627,482,69,127,1,-1,-1,-1
226,2616,507,246,44,88,1,-1,-1,-1
226,2617,300,380,63,116,1,-1,-1,-1
226,2618,1722,383,62,125,1,-1,-1,-1
226,2619,1484,418,61,133,1,-1,-1,-1
226,2620,1185,383,55,120,1,-1,-1,-1
226,2621,1299,378,50,105,1,-1,-1,-1
226,2622,1864,457,60,124,1,-1,-1,-1
226,2623,1176,494,74,77,1,-1,-1,-1
226,2624,963,365,57,100,1,-1,-1,-1
226,2625,1440,412,59,122,1,-1,-1,-1
226,2626,1254,401,47,119,1,-1,-1,-1
226,2627,663,418,56,100,1,-1,-1,-1
226,2628,1329,476,53,132,1,-1,-1,-1
226,2657,85,365,57,103,1,-1,-1,-1
226,2662,541,442,22,16,1,-1,-1,-1
227,2608,1387,434,63,131,1,-1,-1,-1
227,2609,1140,396,58,114,1,-1,-1,-1
227,2611,273,583,70,157,1,-1,-1,-1
227,2612,1129,363,47,128,1,-1,-1,-1
227,2613,1145,362,35,97,1,-1,-1,-1
227,2614,1682,425,58,115,1,-1,-1,-1
227,2615,630,480,69,127,1,-1,-1,-1
227,2616,514,247,44,88,1,-1,-1,-1
227,2617,309,381,62,115,1,-1,-1,-1
227,2618,1729,383,61,125,1,-1,-1,-1
227,2619,1488,418,61,132,1,-1,-1,-1
227,2620,1191,382,55,119,1,-1,-1,-1
227,2621,1304,378,51,105,1,-1,-1,-1
227,2622,1867,457,57,122,1,-1,-1,-1
227,2623,1182,492,74,78,1,-1,-1,-1
227,2624,963,364,58,100,1,-1,-1,-1
227,2625,1447,412,58,122,1,-1,-1,-1
227,2626,1257,401,48,119,1,-1,-1,-1
227,2627,671,417,56,100,1,-1,-1,-1
227,2628,1332,476,53,132,1,-1,-1,-1
227,2657,105,365,58,102,1,-1,-1,-1
227,2662,536,436,22,16,1,-1,-1,-1
228,2608,1395,433,64,131,1,-1,-1,-1
228,2609,1145,396,59,115,1,-1,-1,-1
228,2611,283,582,70,156,1,-1,-1,-1
228,2612,1138,366,46,124,1,-1,-1,-1
228,2613,1150,363,36,99,1,-1,-1,-1
228,2614,1688,425,59,116,1,-1,-1,-1
228,2615,632,479,69,127,1,-1,-1,-1
228,2616,522,248,44,88,1,-1,-1,-1
228,2617,317,382,62,117,1,-1,-1,-1
228,2618,1736,383,60,125,1,-1,-1,-1
228,2619,1493,419,60,131,1,-1,-1,-1
228,2620,1197,381,55,118,1,-1,-1,-1
228,2621,1310,379,51,104,1,-1,-1,-1
228,2622,1868,457,56,120,1,-1,-1,-1
228,2623,1190,490,74,80,1,-1,-1,-1
228,2624,963,363,58,100,1,-1,-1,-1
228,2625,1453,413,57,121,1,-1,-1,-1
228,2626,1260,401,48,119,1,-1,-1,-1
228,2627,679,416,55,99,1,-1,-1,-1
228,2628,1334,477,54,132,1,-1,-1,-1
228,2657,129,365,59,101,1,-1,-1,-1
229,2608,1404,433,64,131,1,-1,-1,-1
229,2609,1151,396,59,116,1,-1,-1,-1
229,2611,295,581,70,156,1,-1,-1,-1
229,2612,1146,369,47,121,1,-1,-1,-1
229,2613,1155,365,37,101,1,-1,-1,-1
229,2614,1696,425,58,117,1,-1,-1,-1
229,2615,634,477,70,127,1,-1,-1,-1
229,2616,530,249,44,88,1,-1,-1,-1
229,2617,325,384,62,117,1,-1,-1,-1
229,2618,1743,383,59,124,1,-1,-1,-1
229,2619,1497,420,59,129,1,-1,-1,-1
229,2620,1203,380,54,116,1,-1,-1,-1
229,2621,1314,379,52,105,1,-1,-1,-1
229,2622,1870,459,54,116,1,-1,-1,-1
229,2623,1197,488,75,81,1,-1,-1,-1
229,2624,962,363,59,99,1,-1,-1,-1
229,2625,1458,413,57,121,1,-1,-1,-1
229,2626,1263,402,48,118,1,-1,-1,-1
229,2627,687,414,55,99,1,-1,-1,-1
229,2628,1336,477,55,133,1,-1,-1,-1
229,2657,154,365,60,101,1,-1,-1,-1
230,2608,1412,433,64,131,1,-1,-1,-1
230,2609,1157,395,59,117,1,-1,-1,-1
230,2611,305,580,70,155,1,-1,-1,-1
230,2612,1155,372,47,117,1,-1,-1,-1
230,2613,1159,366,38,103,1,-1,-1,-1
230,2614,1703,426,57,116,1,-1,-1,-1
230,2615,636,476,70,127,1,-1,-1,-1
230,2616,538,250,44,88,1,-1,-1,-1
230,2617,334,385,61,118,1,-1,-1,-1
230,2618,1750,383,58,124,1,-1,-1,-1
230,2619,1501,421,58,127,1,-1,-1,-1
230,2620,1210,380,53,114,1,-1,-1,-1
230,2621,1319,379,52,106,1,-1,-1,-1
230,2622,1871,460,53,114,1,-1,-1,-1
230,2623,1205,485,75,83,1,-1,-1,-1
230,2624,961,362,59,99,1,-1,-1,-1
230,2625,1464,413,56,121,1,-1,-1,-1
230,2626,1266,402,49,118,1,-1,-1,-1
230,2627,695,413,55,98,1,-1,-1,-1
230,2628,1338,477,56,133,1,-1,-1,-1
230,2657,181,365,60,100,1,-1,-1,-1
231,2608,1421,432,64,132,1,-1,-1,-1
231,2609,1164,395,59,117,1,-1,-1,-1
231,2611,316,579,70,155,1,-1,-1,-1
231,2612,1164,376,47,112,1,-1,-1,-1
231,2613,1163,367,41,106,1,-1,-1,-1
231,2614,1710,426,56,117,1,-1,-1,-1
231,2615,639,475,70,127,1,-1,-1,-1
231,2616,545,251,45,88,1,-1,-1,-1
231,2617,342,387,60,118,1,-1,-1,-1
231,2618,1758,383,56,123,1,-1,-1,-1
231,2619,1506,422,56,126,1,-1,-1,-1
231,2620,1217,379,51,113,1,-1,-1,-1
231,2621,1324,380,53,106,1,-1,-1,-1
231,2622,1873,460,52,114,1,-1,-1,-1
231,2623,1213,483,75,84,1,-1,-1,-1
231,2624,959,362,60,98,1,-1,-1,-1
231,2625,1470,413,55,120,1,-1,-1,-1
231,2626,1269,402,49,118,1,-1,-1,-1
231,2627,703,412,54,97,1,-1,-1,-1
231,2628,1339,478,58,133,1,-1,-1,-1
231,2657,207,365,62,100,1,-1,-1,-1
232,2608,1431,432,64,132,1,-1,-1,-1
232,2609,1170,395,60,118,1,-1,-1,-1
232,2611,329,578,70,154,1,-1,-1,-1
232,2612,1173,379,49,108,1,-1,-1,-1
232,2613,1169,368,42,109,1,-1,-1,-1
232,2614,1718,427,55,118,1,-1,-1,-1
232,2615,641,473,71,127,1,-1,-1,-1
232,2616,554,253,45,88,1,-1,-1,-1
232,2617,353,389,60,119,1,-1,-1,-1
232,2618,1767,382,54,123,1,-1,-1,-1
232,2619,1511,422,54,124,1,-1,-1,-1
232,2620,1224,378,50,111,1,-1,-1,-1
232,2621,1330,380,53,107,1,-1,-1,-1
232,2622,1877,460,50,114,1,-1,-1,-1
232,2623,1222,480,76,86,1,-1,-1,-1
232,2624,958,361,60,98,1,-1,-1,-1
232,2625,1477,414,53,120,1,-1,-1,-1
232,2626,1273,402,49,119,1,-1,-1,-1
232,2627,712,410,54,97,1,-1,-1,-1
232,2628,1342,479,58,133,1,-1,-1,-1
232,2657,237,365,63,100,1,-1,-1,-1
233,2608,1439,432,62,132,1,-1,-1,-1
233,2609,1175,396,59,117,1,-1,-1,-1
233,2611,337,578,70,154,1,-1,-1,-1
233,2612,1176,377,50,107,1,-1,-1,-1
233,2613,1173,369,43,112,1,-1,-1,-1
233,2614,1723,427,54,118,1,-1,-1,-1
233,2615,641,473,70,126,1,-1,-1,-1
233,2616,557,253,46,88,1,-1,-1,-1
233,2617,357,390,60,119,1,-1,-1,-1
233,2618,1772,383,53,122,1,-1,-1,-1
233,2619,1514,423,53,124,1,-1,-1,-1
233,2620,1228,379,48,110,1,-1,-1,-1
233,2621,1332,380,54,107,1,-1,-1,-1
233,2622,1879,460,48,114,1,-1,-1,-1
233,2623,1227,477,78,89,1,-1,-1,-1
233,2624,955,362,60,97,1,-1,-1,-1
233,2625,1481,415,52,120,1,-1,-1,-1
233,2626,1273,402,50,119,1,-1,-1,-1
233,2627,716,409,54,96,1,-1,-1,-1
233,2628,1341,479,61,134,1,-1,-1,-1
233,2657,256,365,64,99,1,-1,-1,-1
234,2608,1446,433,62,132,1,-1,-1,-1
234,2609,1179,397,59,116,1,-1,-1,-1
234,2611,345,578,70,153,1,-1,-1,-1
234,2612,1178,377,53,108,1,-1,-1,-1
234,2613,1177,370,44,114,1,-1,-1,-1
234,2614,1726,427,55,119,1,-1,-1,-1
234,2615,639,473,71,126,1,-1,-1,-1
234,2616,559,254,46,88,1,-1,-1,-1
234,2617,361,390,59,120,1,-1,-1,-1
234,2618,1778,386,51,120,1,-1,-1,-1
234,2619,1517,423,52,125,1,-1,-1,-1
234,2620,1231,380,48,111,1,-1,-1,-1
234,2621,1333,380,55,107,1,-1,-1,-1
234,2622,1879,461,47,114,1,-1,-1,-1
234,2623,1229,474,80,92,1,-1,-1,-1
234,2624,950,362,61,97,1,-1,-1,-1
234,2625,1484,416,51,120,1,-1,-1,-1
234,2626,1272,404,51,118,1,-1,-1,-1
234,2627,718,408,53,95,1,-1,-1,-1
234,2628,1340,479,62,135,1,-1,-1,-1
234,2657,275,365,64,99,1,-1,-1,-1
235,2608,1452,434,61,132,1,-1,-1,-1
235,2609,1184,398,57,116,1,-1,-1,-1
235,2611,354,579,70,152,1,-1,-1,-1
235,2612,1179,377,55,109,1,-1,-1,-1
235,2613,1182,371,44,116,1,-1,-1,-1
235,2614,1729,427,54,119,1,-1,-1,-1
235,2615,637,474,72,126,1,-1,-1,-1
235,2616,560,255,46,88,1,-1,-1,-1
235,2617,365,390,58,120,1,-1,-1,-1
235,2618,1783,389,49,118,1,-1,-1,-1
235,2619,1520,423,52,126,1,-1,-1,-1
235,2620,1234,381,47,112,1,-1,-1,-1
235,2621,1333,381,56,108,1,-1,-1,-1
235,2622,1879,461,47,115,1,-1,-1,-1
235,2623,1233,471,80,94,1,-1,-1,-1
235,2624,945,363,61,97,1,-1,-1,-1
235,2625,1486,417,50,120,1,-1,-1,-1
235,2626,1272,405,51,117,1,-1,-1,-1
235,2627,720,406,53,95,1,-1,-1,-1
235,2628,1339,479,63,137,1,-1,-1,-1
235,2657,292,365,65,99,1,-1,-1,-1
236,2608,1459,434,61,133,1,-1,-1,-1
236,2609,1188,399,57,115,1,-1,-1,-1
236,2611,362,579,70,152,1,-1,-1,-1
236,2612,1181,377,56,111,1,-1,-1,-1
236,2613,1186,372,44,119,1,-1,-1,-1
236,2614,1731,427,55,119,1,-1,-1,-1
236,2615,635,475,73,126,1,-1,-1,-1
236,2616,560,256,47,88,1,-1,-1,-1
236,2617,368,390,57,120,1,-1,-1,-1
236,2618,1787,392,49,117,1,-1,-1,-1
236,2619,1522,424,52,126,1,-1,-1,-1
236,2620,1237,382,46,112,1,-1,-1,-1
236,2621,1333,381,58,108,1,-1,-1,-1
236,2622,1879,461,46,115,1,-1,-1,-1
236,2623,1236,468,80,97,1,-1,-1,-1
236,2624,940,364,61,96,1,-1,-1,-1
236,2625,1489,419,49,120,1,-1,-1,-1
236,2626,1270,406,53,117,1,-1,-1,-1
236,2627,721,405,53,94,1,-1,-1,-1
236,2628,1338,479,64,138,1,-1,-1,-1
236,2657,309,365,66,98,1,-1,-1,-1
237,2608,1467,435,59,133,1,-1,-1,-1
237,2609,1192,400,56,114,1,-1,-1,-1
237,2611,370,580,70,152,1,-1,-1,-1
237,2612,1184,377,57,114,1,-1,-1,-1
237,2613,1190,373,45,121,1,-1,-1,-1
237,2614,1733,427,56,120,1,-1,-1,-1
237,2615,632,476,75,125,1,-1,-1,-1
237,2616,561,256,47,88,1,-1,-1,-1
237,2617,372,390,56,121,1,-1,-1,-1
237,2618,1792,395,48,115,1,-1,-1,-1
237,2619,1524,424,53,128,1,-1,-1,-1
237,2620,1240,383,46,114,1,-1,-1,-1
237,2621,1332,381,60,108,1,-1,-1,-1
237,2622,1879,461,45,115,1,-1,-1,-1
237,2623,1239,465,81,100,1,-1,-1,-1
237,2624,934,365,62,96,1,-1,-1,-1
237,2625,1491,420,48,121,1,-1,-1,-1
237,2626,1269,408,54,116,1,-1,-1,-1
237,2627,723,404,53,94,1,-1,-1,-1
237,2628,1336,479,65,139,1,-1,-1,-1
237,2657,326,365,67,98,1,-1,-1,-1
238,2608,1476,436,58,133,1,-1,-1,-1
238,2609,1198,402,53,113,1,-1,-1,-1
238,2611,382,580,68,151,1,-1,-1,-1
238,2612,1182,377,57,116,1,-1,-1,-1
238,2613,1196,375,45,125,1,-1,-1,-1
238,2614,1736,427,58,120,1,-1,-1,-1
238,2615,629,477,76,125,1,-1,-1,-1
238,2616,562,257,47,88,1,-1,-1,-1
238,2617,376,390,55,121,1,-1,-1,-1
238,2618,1798,399,48,112,1,-1,-1,-1
238,2619,1526,425,54,128,1,-1,-1,-1
238,2620,1243,385,46,115,1,-1,-1,-1
238,2621,1333,382,62,109,1,-1,-1,-1
238,2622,1879,462,44,116,1,-1,-1,-1
238,2623,1243,461,82,105,1,-1,-1,-1
238,2624,927,366,63,96,1,-1,-1,-1
238,2625,1494,422,48,121,1,-1,-1,-1
238,2626,1267,409,56,115,1,-1,-1,-1
238,2627,725,402,52,94,1,-1,-1,-1
238,2628,1335,479,65,141,1,-1,-1,-1
238,2657,350,365,67,97,1,-1,-1,-1
239,2608,1478,437,57,133,1,-1,-1,-1
239,2609,1198,402,53,114,1,-1,-1,-1
239,2611,384,581,69,151,1,-1,-1,-1
239,2612,1182,377,56,117,1,-1,-1,-1
239,2613,1197,375,44,126,1,-1,-1,-1
239,2614,1734,428,58,120,1,-1,-1,-1
239,2615,624,477,77,125,1,-1,-1,-1
239,2616,559,258,48,88,1,-1,-1,-1
239,2617,375,390,54,122,1,-1,-1,-1
239,2618,1797,400,48,111,1,-1,-1,-1
239,2619,1525,425,54,128,1,-1,-1,-1
239,2620,1244,385,45,115,1,-1,-1,-1
239,2621,1329,382,64,109,1,-1,-1,-1
239,2622,1879,464,43,114,1,-1,-1,-1
239,2623,1243,459,81,107,1,-1,-1,-1
239,2624,922,366,63,96,1,-1,-1,-1
239,2625,1492,422,47,121,1,-1,-1,-1
239,2626,1264,410,58,114,1,-1,-1,-1
239,2627,723,402,52,92,1,-1,-1,-1
239,2628,1331,479,65,141,1,-1,-1,-1
239,2657,359,365,69,97,1,-1,-1,-1
240,2608,1478,437,55,133,1,-1,-1,-1
240,2609,1193,403,53,114,1,-1,-1,-1
240,2611,382,581,69,152,1,-1,-1,-1
240,2612,1182,377,56,117,1,-1,-1,-1
240,2613,1194,376,43,125,1,-1,-1,-1
240,2614,1728,429,59,121,1,-1,-1,-1
240,2615,614,478,79,125,1,-1,-1,-1
240,2616,553,258,47,88,1,-1,-1,-1
240,2617,370,390,53,123,1,-1,-1,-1
240,2618,1793,399,49,112,1,-1,-1,-1
240,2619,1520,426,54,128,1,-1,-1,-1
240,2620,1241,385,44,114,1,-1,-1,-1
240,2621,1321,382,65,109,1,-1,-1,-1
240,2622,1874,464,43,114,1,-1,-1,-1
240,2623,1240,457,79,108,1,-1,-1,-1
240,2624,915,366,64,96,1,-1,-1,-1
240,2625,1487,423,46,121,1,-1,-1,-1
240,2626,1260,410,58,113,1,-1,-1,-1
240,2627,715,402,53,92,1,-1,-1,-1
240,2628,1325,481,64,141,1,-1,-1,-1
240,2657,366,365,69,97,1,-1,-1,-1
241,2608,1476,438,55,133,1,-1,-1,-1
241,2609,1187,403,52,115,1,-1,-1,-1
241,2611,379,581,69,152,1,-1,-1,-1
241,2612,1182,377,56,119,1,-1,-1,-1
241,2613,1189,377,42,124,1,-1,-1,-1
241,2614,1721,430,60,121,1,-1,-1,-1
241,2615,603,479,80,125,1,-1,-1,-1
241,2616,545,259,48,88,1,-1,-1,-1
241,2617,363,391,53,122,1,-1,-1,-1
241,2618,1788,399,49,113,1,-1,-1,-1
241,2619,1514,427,54,128,1,-1,-1,-1
241,2620,1237,386,43,112,1,-1,-1,-1
241,2621,1312,383,67,110,1,-1,-1,-1
241,2622,1867,464,43,114,1,-1,-1,-1
241,2623,1236,455,78,110,1,-1,-1,-1
241,2624,908,366,64,96,1,-1,-1,-1
241,2625,1480,422,46,122,1,-1,-1,-1
241,2626,1255,411,59,110,1,-1,-1,-1
241,2627,706,402,53,91,1,-1,-1,-1
241,2628,1316,482,64,141,1,-1,-1,-1
241,2657,372,365,69,97,1,-1,-1,-1
242,2608,1473,439,55,133,1,-1,-1,-1
242,2609,1181,404,52,115,1,-1,-1,-1
242,2611,376,581,68,152,1,-1,-1,-1
242,2612,1182,376,56,120,1,-1,-1,-1
242,2613,1183,378,42,123,1,-1,-1,-1
242,2614,1713,431,61,121,1,-1,-1,-1
242,2615,591,479,81,125,1,-1,-1,-1
242,2616,536,260,48,88,1,-1,-1,-1
242,2617,355,392,53,122,1,-1,-1,-1
242,2618,1781,398,50,114,1,-1,-1,-1
242,2619,1508,428,54,128,1,-1,-1,-1
242,2620,1234,386,41,111,1,-1,-1,-1
242,2621,1302,383,68,110,1,-1,-1,-1
242,2622,1858,465,44,115,1,-1,-1,-1
242,2623,1231,453,77,112,1,-1,-1,-1
242,2624,901,366,64,96,1,-1,-1,-1
242,2625,1473,422,46,122,1,-1,-1,-1
242,2626,1251,411,58,108,1,-1,-1,-1
242,2627,698,402,52,91,1,-1,-1,-1
242,2628,1306,483,63,140,1,-1,-1,-1
242,2657,377,365,70,97,1,-1,-1,-1
243,2608,1470,440,54,133,1,-1,-1,-1
243,2609,1174,405,52,115,1,-1,-1,-1
243,2611,372,582,68,152,1,-1,-1,-1
243,2612,1173,378,54,121,1,-1,-1,-1
243,2613,1187,376,42,123,1,-1,-1,-1
243,2614,1705,432,61,121,1,-1,-1,-1
243,2615,580,480,81,124,1,-1,-1,-1
243,2616,527,261,48,88,1,-1,-1,-1
243,2617,347,393,52,122,1,-1,-1,-1
243,2618,1775,397,50,115,1,-1,-1,-1
243,2619,1501,429,54,128,1,-1,-1,-1
243,2620,1230,386,40,109,1,-1,-1,-1
243,2621,1293,383,68,111,1,-1,-1,-1
243,2622,1849,465,44,115,1,-1,-1,-1
243,2623,1226,451,76,113,1,-1,-1,-1
243,2624,893,366,64,96,1,-1,-1,-1
243,2625,1466,422,46,122,1,-1,-1,-1
243,2626,1247,411,58,106,1,-1,-1,-1
243,2627,688,403,53,90,1,-1,-1,-1
243,2628,1297,484,63,140,1,-1,-1,-1
243,2657,383,365,70,97,1,-1,-1,-1
244,2608,1467,441,54,133,1,-1,-1,-1
244,2609,1167,405,52,115,1,-1,-1,-1
244,2611,368,582,68,153,1,-1,-1,-1
244,2612,1166,380,53,119,1,-1,-1,-1
244,2613,1187,376,41,123,1,-1,-1,-1
244,2614,1698,433,61,122,1,-1,-1,-1
244,2615,568,481,83,124,1,-1,-1,-1
244,2616,519,262,48,88,1,-1,-1,-1
244,2617,339,394,52,122,1,-1,-1,-1
244,2618,1769,396,50,116,1,-1,-1,-1
244,2619,1495,430,53,127,1,-1,-1,-1
244,2620,1226,386,39,108,1,-1,-1,-1
244,2621,1284,384,68,112,1,-1,-1,-1
244,2622,1839,466,45,115,1,-1,-1,-1
244,2623,1221,450,75,114,1,-1,-1,-1
244,2624,886,366,64,95,1,-1,-1,-1
244,2625,1459,422,45,123,1,-1,-1,-1
244,2626,1243,411,57,104,1,-1,-1,-1
244,2627,679,403,52,89,1,-1,-1,-1
244,2628,1288,485,61,140,1,-1,-1,-1
244,2657,388,365,70,97,1,-1,-1,-1
244,2665,484,425,33,21,1,-1,-1,-1
245,2608,1464,442,53,133,1,-1,-1,-1
245,2609,1161,405,51,117,1,-1,-1,-1
245,2611,364,582,67,153,1,-1,-1,-1
245,2612,1161,381,51,119,1,-1,-1,-1
245,2613,1180,380,42,122,1,-1,-1,-1
245,2614,1691,434,60,122,1,-1,-1,-1
245,2615,557,481,83,124,1,-1,-1,-1
245,2616,510,263,48,88,1,-1,-1,-1
245,2617,331,395,52,121,1,-1,-1,-1
245,2618,1763,395,51,117,1,-1,-1,-1
245,2619,1488,431,54,127,1,-1,-1,-1
245,2620,1222,386,38,106,1,-1,-1,-1
245,2621,1275,384,68,112,1,-1,-1,-1
245,2622,1830,467,45,114,1,-1,-1,-1
245,2623,1215,448,74,116,1,-1,-1,-1
245,2624,879,365,64,96,1,-1,-1,-1
245,2625,1451,422,45,123,1,-1,-1,-1
245,2626,1238,411,56,102,1,-1,-1,-1
245,2627,670,403,52,89,1,-1,-1,-1
245,2628,1279,486,60,139,1,-1,-1,-1
245,2657,394,364,70,97,1,-1,-1,-1
246,2608,1461,443,53,133,1,-1,-1,-1
246,2609,1154,406,52,116,1,-1,-1,-1
246,2611,361,583,67,153,1,-1,-1,-1
246,2612,1155,382,50,117,1,-1,-1,-1
246,2613,1172,384,42,121,1,-1,-1,-1
246,2614,1683,435,60,122,1,-1,-1,-1
246,2615,546,482,83,124,1,-1,-1,-1
246,2616,501,264,48,88,1,-1,-1,-1
246,2617,323,396,52,121,1,-1,-1,-1
246,2618,1757,395,51,117,1,-1,-1,-1
246,2619,1481,432,54,127,1,-1,-1,-1
246,2620,1218,386,37,105,1,-1,-1,-1
246,2621,1266,385,68,112,1,-1,-1,-1
246,2622,1821,467,46,116,1,-1,-1,-1
246,2623,1210,446,73,118,1,-1,-1,-1
246,2624,872,365,63,96,1,-1,-1,-1
246,2625,1443,422,45,124,1,-1,-1,-1
246,2626,1235,411,55,100,1,-1,-1,-1
246,2627,661,403,52,88,1,-1,-1,-1
246,2628,1270,487,59,139,1,-1,-1,-1
246,2657,399,364,71,97,1,-1,-1,-1
247,2608,1458,444,54,133,1,-1,-1,-1
247,2609,1147,406,52,118,1,-1,-1,-1
247,2611,358,583,66,153,1,-1,-1,-1
247,2612,1149,383,50,116,1,-1,-1,-1
247,2613,1163,389,43,120,1,-1,-1,-1
247,2614,1676,437,60,123,1,-1,-1,-1
247,2615,534,483,84,124,1,-1,-1,-1
247,2616,493,265,47,88,1,-1,-1,-1
247,2617,315,397,52,121,1,-1,-1,-1
247,2618,1751,394,51,118,1,-1,-1,-1
247,2619,1475,433,53,127,1,-1,-1,-1
247,2620,1215,386,36,104,1,-1,-1,-1
247,2621,1257,385,67,113,1,-1,-1,-1
247,2622,1811,468,48,115,1,-1,-1,-1
247,2623,1205,444,72,120,1,-1,-1,-1
247,2624,865,365,63,96,1,-1,-1,-1
247,2625,1436,422,45,124,1,-1,-1,-1
247,2626,1230,411,53,97,1,-1,-1,-1
247,2627,652,404,51,88,1,-1,-1,-1
247,2628,1261,488,58,138,1,-1,-1,-1
247,2657,405,364,70,97,1,-1,-1,-1
248,2608,1455,445,54,132,1,-1,-1,-1
248,2609,1141,407,51,118,1,-1,-1,-1
248,2611,355,583,65,154,1,-1,-1,-1
248,2612,1144,384,49,115,1,-1,-1,-1
248,2613,1154,393,43,120,1,-1,-1,-1
248,2614,1669,438,59,123,1,-1,-1,-1
248,2615,523,483,85,124,1,-1,-1,-1
248,2616,484,266,48,88,1,-1,-1,-1
248,2617,307,398,52,121,1,-1,-1,-1
248,2618,1745,393,51,119,1,-1,-1,-1
248,2619,1469,434,52,127,1,-1,-1,-1
248,2620,1211,387,35,102,1,-1,-1,-1
248,2621,1248,385,67,114,1,-1,-1,-1
248,2622,1802,468,49,116,1,-1,-1,-1
248,2623,1200,442,71,121,1,-1,-1,-1
248,2624,857,365,63,96,1,-1,-1,-1
248,2625,1428,422,45,125,1,-1,-1,-1
248,2626,1223,411,53,100,1,-1,-1,-1
248,2627,642,404,52,87,1,-1,-1,-1
248,2628,1252,490,58,137,1,-1,-1,-1
248,2657,412,364,69,97,1,-1,-1,-1
249,2608,1452,445,53,132,1,-1,-1,-1
249,2609,1134,407,52,118,1,-1,-1,-1
249,2611,351,584,64,154,1,-1,-1,-1
249,2612,1138,385,49,113,1,-1,-1,-1
249,2613,1145,398,43,118,1,-1,-1,-1
249,2614,1662,439,58,123,1,-1,-1,-1
249,2615,512,484,85,123,1,-1,-1,-1
249,2616,476,267,47,88,1,-1,-1,-1
249,2617,299,399,53,121,1,-1,-1,-1
249,2618,1739,392,52,121,1,-1,-1,-1
249,2619,1462,435,53,127,1,-1,-1,-1
249,2620,1207,387,34,100,1,-1,-1,-1
249,2621,1240,386,65,114,1,-1,-1,-1
249,2622,1789,469,51,116,1,-1,-1,-1
249,2623,1195,441,70,122,1,-1,-1,-1
249,2624,851,364,62,96,1,-1,-1,-1
249,2625,1421,421,45,126,1,-1,-1,-1
249,2626,1209,412,56,105,1,-1,-1,-1
249,2627,634,404,51,86,1,-1,-1,-1
249,2628,1243,491,57,137,1,-1,-1,-1
249,2657,417,364,70,97,1,-1,-1,-1
250,2608,1447,447,53,132,1,-1,-1,-1
250,2609,1123,407,53,120,1,-1,-1,-1
250,2611,346,584,63,155,1,-1,-1,-1
250,2612,1129,386,49,111,1,-1,-1,-1
250,2613,1130,406,44,116,1,-1,-1,-1
250,2614,1651,441,57,124,1,-1,-1,-1
250,2615,494,485,85,123,1,-1,-1,-1
250,2616,462,268,47,88,1,-1,-1,-1
250,2617,287,400,53,121,1,-1,-1,-1
250,2618,1730,391,51,122,1,-1,-1,-1
250,2619,1452,437,52,126,1,-1,-1,-1
250,2620,1201,387,33,98,1,-1,-1,-1
250,2621,1226,386,65,115,1,-1,-1,-1
250,2622,1774,469,51,117,1,-1,-1,-1
250,2623,1186,438,70,125,1,-1,-1,-1
250,2624,839,364,62,96,1,-1,-1,-1
250,2625,1409,421,45,126,1,-1,-1,-1
250,2626,1183,415,60,117,1,-1,-1,-1
250,2627,620,405,51,85,1,-1,-1,-1
250,2628,1228,493,56,136,1,-1,-1,-1
250,2657,428,364,68,97,1,-1,-1,-1
251,2608,1445,448,54,132,1,-1,-1,-1
251,2609,1118,408,53,120,1,-1,-1,-1
251,2611,343,585,63,154,1,-1,-1,-1
251,2612,1125,387,49,110,1,-1,-1,-1
251,2613,1124,408,45,117,1,-1,-1,-1
251,2614,1647,442,56,124,1,-1,-1,-1
251,2615,487,486,86,122,1,-1,-1,-1
251,2616,457,269,47,88,1,-1,-1,-1
251,2617,282,401,53,121,1,-1,-1,-1
251,2618,1726,391,51,122,1,-1,-1,-1
251,2619,1448,438,52,126,1,-1,-1,-1
251,2620,1199,387,32,97,1,-1,-1,-1
251,2621,1221,387,63,115,1,-1,-1,-1
251,2622,1767,470,52,117,1,-1,-1,-1
251,2623,1184,437,68,125,1,-1,-1,-1
251,2624,835,364,61,96,1,-1,-1,-1
251,2625,1405,421,45,127,1,-1,-1,-1
251,2626,1169,418,59,117,1,-1,-1,-1
251,2627,614,405,51,85,1,-1,-1,-1
251,2628,1223,494,55,136,1,-1,-1,-1
251,2657,431,364,69,96,1,-1,-1,-1
251,2671,741,339,27,17,1,-1,-1,-1
252,2608,1437,449,54,132,1,-1,-1,-1
252,2609,1109,408,52,120,1,-1,-1,-1
252,2611,337,586,61,154,1,-1,-1,-1
252,2612,1115,388,49,110,1,-1,-1,-1
252,2613,1115,398,44,115,1,-1,-1,-1
252,2614,1636,442,56,125,1,-1,-1,-1
252,2615,475,486,86,123,1,-1,-1,-1
252,2616,444,270,47,89,1,-1,-1,-1
252,2617,270,403,54,121,1,-1,-1,-1
252,2618,1719,392,50,119,1,-1,-1,-1
252,2619,1438,438,52,126,1,-1,-1,-1
252,2620,1189,387,32,97,1,-1,-1,-1
252,2621,1210,387,62,115,1,-1,-1,-1
252,2622,1753,470,52,117,1,-1,-1,-1
252,2623,1175,437,66,125,1,-1,-1,-1
252,2624,827,364,60,96,1,-1,-1,-1
252,2625,1393,422,45,126,1,-1,-1,-1
252,2626,1162,418,57,119,1,-1,-1,-1
252,2627,604,404,51,85,1,-1,-1,-1
252,2628,1210,495,54,135,1,-1,-1,-1
252,2657,426,364,68,97,1,-1,-1,-1
253,2608,1427,450,54,132,1,-1,-1,-1
253,2609,1097,410,52,119,1,-1,-1,-1
253,2611,328,587,61,154,1,-1,-1,-1
253,2612,1103,390,49,110,1,-1,-1,-1
253,2613,1108,394,45,115,1,-1,-1,-1
253,2614,1623,443,55,124,1,-1,-1,-1
253,2615,461,487,86,124,1,-1,-1,-1
253,2616,429,271,47,90,1,-1,-1,-1
253,2617,255,405,54,121,1,-1,-1,-1
253,2618,1710,394,48,116,1,-1,-1,-1
253,2619,1427,439,51,125,1,-1,-1,-1
253,2620,1177,388,31,97,1,-1,-1,-1
253,2621,1197,387,62,117,1,-1,-1,-1
253,2622,1736,471,52,118,1,-1,-1,-1
253,2623,1164,437,64,125,1,-1,-1,-1
253,2624,816,364,60,96,1,-1,-1,-1
253,2625,1379,425,44,124,1,-1,-1,-1
253,2626,1152,418,56,119,1,-1,-1,-1
253,2627,592,403,52,86,1,-1,-1,-1
253,2628,1195,495,54,136,1,-1,-1,-1
253,2657,419,365,67,98,1,-1,-1,-1
254,2608,1416,452,54,132,1,-1,-1,-1
254,2609,1084,411,52,119,1,-1,-1,-1
254,2611,319,588,61,154,1,-1,-1,-1
254,2612,1090,392,49,110,1,-1,-1,-1
254,2613,1100,393,45,115,1,-1,-1,-1
254,2614,1608,444,55,124,1,-1,-1,-1
254,2615,446,488,87,125,1,-1,-1,-1
254,2616,412,272,47,90,1,-1,-1,-1
254,2617,240,408,54,121,1,-1,-1,-1
254,2618,1700,396,46,112,1,-1,-1,-1
254,2619,1415,439,51,125,1,-1,-1,-1
254,2620,1165,389,31,97,1,-1,-1,-1
254,2621,1184,388,60,117,1,-1,-1,-1
254,2622,1716,472,52,118,1,-1,-1,-1
254,2623,1151,438,63,125,1,-1,-1,-1
254,2624,805,365,59,96,1,-1,-1,-1
254,2625,1363,427,44,122,1,-1,-1,-1
254,2626,1143,418,55,118,1,-1,-1,-1
254,2627,579,402,53,87,1,-1,-1,-1
254,2628,1178,496,53,136,1,-1,-1,-1
254,2657,411,365,67,99,1,-1,-1,-1
255,2608,1405,454,53,132,1,-1,-1,-1
255,2609,1072,412,51,118,1,-1,-1,-1
255,2611,309,590,60,153,1,-1,-1,-1
255,2612,1076,394,49,110,1,-1,-1,-1
255,2613,1091,392,45,117,1,-1,-1,-1
255,2614,1592,444,55,125,1,-1,-1,-1
255,2615,431,489,87,124,1,-1,-1,-1
255,2616,395,273,47,91,1,-1,-1,-1
255,2617,224,410,55,121,1,-1,-1,-1
255,2618,1690,399,44,108,1,-1,-1,-1
255,2619,1402,439,51,125,1,-1,-1,-1
255,2620,1152,390,30,97,1,-1,-1,-1
255,2621,1171,388,58,117,1,-1,-1,-1
255,2622,1697,473,52,119,1,-1,-1,-1
255,2623,1139,439,60,124,1,-1,-1,-1
255,2624,795,365,58,96,1,-1,-1,-1
255,2625,1348,429,43,120,1,-1,-1,-1
255,2626,1133,417,53,119,1,-1,-1,-1
255,2627,566,401,54,88,1,-1,-1,-1
255,2628,1161,497,53,136,1,-1,-1,-1
255,2657,402,366,66,99,1,-1,-1,-1
256,2608,1395,455,52,132,1,-1,-1,-1
256,2609,1059,413,51,118,1,-1,-1,-1
256,2611,300,591,59,152,1,-1,-1,-1
256,2612,1064,396,48,110,1,-1,-1,-1
256,2613,1082,392,45,119,1,-1,-1,-1
256,2614,1578,445,55,126,1,-1,-1,-1
256,2615,416,489,87,126,1,-1,-1,-1
256,2616,378,274,47,92,1,-1,-1,-1
256,2617,208,413,55,121,1,-1,-1,-1
256,2618,1679,402,43,104,1,-1,-1,-1
256,2619,1390,440,50,125,1,-1,-1,-1
256,2620,1139,391,30,97,1,-1,-1,-1
256,2621,1157,388,57,119,1,-1,-1,-1
256,2622,1678,474,52,119,1,-1,-1,-1
256,2623,1126,439,59,123,1,-1,-1,-1
256,2624,784,366,57,96,1,-1,-1,-1
256,2625,1332,432,43,118,1,-1,-1,-1
256,2626,1122,417,53,118,1,-1,-1,-1
256,2627,554,400,53,89,1,-1,-1,-1
256,2628,1143,498,54,136,1,-1,-1,-1
256,2657,394,367,65,100,1,-1,-1,-1
256,2675,891,294,24,17,1,-1,-1,-1
257,2608,1383,458,51,131,1,-1,-1,-1
257,2609,1045,414,51,118,1,-1,-1,-1
257,2611,290,592,59,152,1,-1,-1,-1
257,2612,1049,398,47,110,1,-1,-1,-1
257,2613,1072,392,45,121,1,-1,-1,-1
257,2614,1560,446,55,126,1,-1,-1,-1
257,2615,399,490,87,126,1,-1,-1,-1
257,2616,359,276,47,92,1,-1,-1,-1
257,2617,190,416,56,121,1,-1,-1,-1
257,2618,1667,405,42,100,1,-1,-1,-1
257,2619,1375,440,51,125,1,-1,-1,-1
257,2620,1124,392,30,97,1,-1,-1,-1
257,2621,1141,389,56,119,1,-1,-1,-1
257,2622,1656,476,52,120,1,-1,-1,-1
257,2623,1112,440,56,122,1,-1,-1,-1
257,2624,771,366,57,96,1,-1,-1,-1
257,2625,1313,434,44,116,1,-1,-1,-1
257,2626,1111,416,51,119,1,-1,-1,-1
257,2627,539,398,54,90,1,-1,-1,-1
257,2628,1124,500,53,136,1,-1,-1,-1
257,2657,384,368,64,101,1,-1,-1,-1
258,2608,1374,459,50,131,1,-1,-1,-1
258,2609,1033,415,50,117,1,-1,-1,-1
258,2611,280,594,59,151,1,-1,-1,-1
258,2612,1037,398,47,110,1,-1,-1,-1
258,2613,1064,391,45,122,1,-1,-1,-1
258,2614,1548,448,56,125,1,-1,-1,-1
258,2615,386,491,88,127,1,-1,-1,-1
258,2616,344,277,47,92,1,-1,-1,-1
258,2617,177,416,57,121,1,-1,-1,-1
258,2618,1658,405,42,99,1,-1,-1,-1
258,2619,1363,441,51,124,1,-1,-1,-1
258,2620,1112,393,29,96,1,-1,-1,-1
258,2621,1130,389,54,120,1,-1,-1,-1
258,2622,1640,478,52,119,1,-1,-1,-1
258,2623,1101,441,54,121,1,-1,-1,-1
258,2624,762,367,55,95,1,-1,-1,-1
258,2625,1301,435,44,115,1,-1,-1,-1
258,2626,1101,416,50,119,1,-1,-1,-1
258,2627,528,397,53,91,1,-1,-1,-1
258,2628,1109,501,53,136,1,-1,-1,-1
258,2657,376,368,63,101,1,-1,-1,-1
259,2608,1363,459,49,131,1,-1,-1,-1
259,2609,1020,417,49,116,1,-1,-1,-1
259,2611,270,595,59,151,1,-1,-1,-1
259,2612,1026,398,46,110,1,-1,-1,-1
259,2613,1055,391,45,124,1,-1,-1,-1
259,2614,1537,451,55,124,1,-1,-1,-1
259,2615,373,492,87,127,1,-1,-1,-1
259,2616,329,278,47,93,1,-1,-1,-1
259,2617,165,416,57,121,1,-1,-1,-1
259,2618,1649,404,43,102,1,-1,-1,-1
259,2619,1351,443,51,124,1,-1,-1,-1
259,2620,1100,394,29,95,1,-1,-1,-1
259,2621,1118,391,52,118,1,-1,-1,-1
259,2622,1625,480,50,117,1,-1,-1,-1
259,2623,1089,441,53,121,1,-1,-1,-1
259,2624,751,367,55,96,1,-1,-1,-1
259,2625,1290,434,45,117,1,-1,-1,-1
259,2626,1091,417,49,118,1,-1,-1,-1
259,2627,516,397,54,92,1,-1,-1,-1
259,2628,1094,502,53,135,1,-1,-1,-1
259,2657,366,366,63,104,1,-1,-1,-1
260,2608,1352,459,49,131,1,-1,-1,-1
260,2609,1006,418,49,116,1,-1,-1,-1
260,2611,260,596,58,151,1,-1,-1,-1
260,2612,1014,397,45,110,1,-1,-1,-1
260,2613,1045,391,46,125,1,-1,-1,-1
260,2614,1525,453,55,123,1,-1,-1,-1
260,2615,359,492,87,128,1,-1,-1,-1
260,2616,313,279,47,92,1,-1,-1,-1
260,2617,148,416,56,121,1,-1,-1,-1
260,2618,1640,402,45,105,1,-1,-1,-1
260,2619,1339,444,50,123,1,-1,-1,-1
260,2620,1088,394,28,95,1,-1,-1,-1
260,2621,1106,392,50,117,1,-1,-1,-1
260,2622,1609,483,51,115,1,-1,-1,-1
260,2623,1078,441,51,121,1,-1,-1,-1
260,2624,741,367,55,96,1,-1,-1,-1
260,2625,1279,433,46,118,1,-1,-1,-1
260,2626,1080,418,49,118,1,-1,-1,-1
260,2627,503,397,54,92,1,-1,-1,-1
260,2628,1078,503,54,134,1,-1,-1,-1
260,2657,357,365,62,105,1,-1,-1,-1
261,2608,1342,459,48,130,1,-1,-1,-1
261,2609,992,419,50,116,1,-1,-1,-1
261,2611,250,598,58,150,1,-1,-1,-1
261,2612,1001,396,44,110,1,-1,-1,-1
261,2613,1036,391,46,127,1,-1,-1,-1
261,2614,1515,456,54,122,1,-1,-1,-1
261,2615,346,493,86,128,1,-1,-1,-1
261,2616,298,280,46,92,1,-1,-1,-1
261,2617,139,416,57,121,1,-1,-1,-1
261,2618,1631,400,46,109,1,-1,-1,-1
261,2619,1327,446,50,123,1,-1,-1,-1
261,2620,1076,394,28,96,1,-1,-1,-1
261,2621,1094,394,48,116,1,-1,-1,-1
261,2622,1593,485,51,114,1,-1,-1,-1
261,2623,1066,442,51,120,1,-1,-1,-1
261,2624,731,366,54,96,1,-1,-1,-1
261,2625,1269,433,46,119,1,-1,-1,-1
261,2626,1070,419,47,117,1,-1,-1,-1
261,2627,491,396,54,94,1,-1,-1,-1
261,2628,1063,503,53,134,1,-1,-1,-1
261,2657,347,364,62,106,1,-1,-1,-1
261,2678,1024,261,21,14,1,-1,-1,-1
262,2608,1332,459,47,130,1,-1,-1,-1
262,2609,977,420,51,116,1,-1,-1,-1
262,2611,240,599,59,150,1,-1,-1,-1
262,2612,989,395,44,110,1,-1,-1,-1
262,2613,1021,391,47,130,1,-1,-1,-1
262,2614,1503,459,54,121,1,-1,-1,-1
262,2615,332,494,87,129,1,-1,-1,-1
262,2616,282,281,46,92,1,-1,-1,-1
262,2617,123,416,57,122,1,-1,-1,-1
262,2618,1621,398,49,113,1,-1,-1,-1
262,2619,1314,447,50,123,1,-1,-1,-1
262,2620,1063,395,28,95,1,-1,-1,-1
262,2621,1082,396,47,114,1,-1,-1,-1
262,2622,1577,488,52,112,1,-1,-1,-1
262,2623,1054,442,50,120,1,-1,-1,-1
262,2624,720,366,53,96,1,-1,-1,-1
262,2625,1257,432,48,120,1,-1,-1,-1
262,2626,1059,420,47,117,1,-1,-1,-1
262,2627,479,396,54,94,1,-1,-1,-1
262,2628,1048,504,53,134,1,-1,-1,-1
262,2657,338,362,60,108,1,-1,-1,-1
263,2608,1318,460,47,130,1,-1,-1,-1
263,2609,959,422,51,115,1,-1,-1,-1
263,2611,227,601,58,148,1,-1,-1,-1
263,2612,973,394,43,110,1,-1,-1,-1
263,2613,1010,391,46,128,1,-1,-1,-1
263,2614,1489,462,53,121,1,-1,-1,-1
263,2615,319,495,86,129,1,-1,-1,-1
263,2616,267,281,46,93,1,-1,-1,-1
263,2617,98,415,57,123,1,-1,-1,-1
263,2618,1609,394,50,119,1,-1,-1,-1
263,2619,1297,449,51,123,1,-1,-1,-1
263,2620,1048,395,28,96,1,-1,-1,-1
263,2621,1066,398,46,112,1,-1,-1,-1
263,2622,1556,491,52,109,1,-1,-1,-1
263,2623,1039,443,48,119,1,-1,-1,-1
263,2624,706,366,53,96,1,-1,-1,-1
263,2625,1244,431,48,122,1,-1,-1,-1
263,2626,1044,422,47,117,1,-1,-1,-1
263,2627,462,395,54,96,1,-1,-1,-1
263,2628,1027,506,54,132,1,-1,-1,-1
263,2657,325,360,60,110,1,-1,-1,-1
264,2608,1309,460,46,130,1,-1,-1,-1
264,2609,947,423,51,115,1,-1,-1,-1
264,2611,220,602,59,148,1,-1,-1,-1
264,2612,964,394,42,110,1,-1,-1,-1
264,2613,1002,391,46,127,1,-1,-1,-1
264,2614,1481,464,52,120,1,-1,-1,-1
264,2615,306,495,85,130,1,-1,-1,-1
264,2616,252,282,45,92,1,-1,-1,-1
264,2617,83,416,57,122,1,-1,-1,-1
264,2618,1602,394,51,120,1,-1,-1,-1
264,2619,1289,450,50,122,1,-1,-1,-1
264,2620,1038,396,27,95,1,-1,-1,-1
264,2621,1057,399,44,110,1,-1,-1,-1
264,2622,1544,492,54,109,1,-1,-1,-1
264,2623,1030,443,48,119,1,-1,-1,-1
264,2624,698,366,52,96,1,-1,-1,-1
264,2625,1236,431,48,122,1,-1,-1,-1
264,2626,1036,423,46,117,1,-1,-1,-1
264,2627,453,395,53,96,1,-1,-1,-1
264,2628,1015,507,54,131,1,-1,-1,-1
264,2657,316,360,59,111,1,-1,-1,-1
265,2608,1298,461,46,129,1,-1,-1,-1
265,2609,934,423,51,115,1,-1,-1,-1
265,2611,214,605,59,146,1,-1,-1,-1
265,2612,953,394,42,110,1,-1,-1,-1
265,2613,993,391,46,126,1,-1,-1,-1
265,2614,1471,466,52,120,1,-1,-1,-1
265,2615,292,496,86,130,1,-1,-1,-1
265,2616,236,283,45,92,1,-1,-1,-1
265,2617,67,416,58,123,1,-1,-1,-1
265,2618,1594,393,51,122,1,-1,-1,-1
265,2619,1280,450,50,122,1,-1,-1,-1
265,2620,1025,396,28,96,1,-1,-1,-1
265,2621,1045,399,44,107,1,-1,-1,-1
265,2622,1533,493,56,108,1,-1,-1,-1
265,2623,1021,443,47,119,1,-1,-1,-1
265,2624,687,365,52,97,1,-1,-1,-1
265,2625,1227,431,49,122,1,-1,-1,-1
265,2626,1027,423,47,117,1,-1,-1,-1
265,2627,442,395,53,96,1,-1,-1,-1
265,2628,1003,508,54,131,1,-1,-1,-1
265,2657,307,359,57,112,1,-1,-1,-1
266,2608,1287,463,45,128,1,-1,-1,-1
266,2609,920,423,52,115,1,-1,-1,-1
266,2611,208,607,59,145,1,-1,-1,-1
266,2612,942,394,41,110,1,-1,-1,-1
266,2613,984,392,46,124,1,-1,-1,-1
266,2614,1461,468,52,119,1,-1,-1,-1
266,2615,279,497,85,131,1,-1,-1,-1
266,2616,221,284,45,92,1,-1,-1,-1
266,2617,44,417,59,122,1,-1,-1,-1
266,2618,1586,394,51,121,1,-1,-1,-1
266,2619,1271,451,51,122,1,-1,-1,-1
266,2620,1012,396,28,96,1,-1,-1,-1
266,2621,1034,400,42,104,1,-1,-1,-1
266,2622,1522,493,59,109,1,-1,-1,-1
266,2623,1011,444,47,119,1,-1,-1,-1
266,2624,676,365,52,97,1,-1,-1,-1
266,2625,1218,432,49,120,1,-1,-1,-1
266,2626,1018,423,46,118,1,-1,-1,-1
266,2627,431,394,52,97,1,-1,-1,-1
266,2628,991,509,54,131,1,-1,-1,-1
266,2657,296,359,55,112,1,-1,-1,-1
267,2608,1275,464,45,128,1,-1,-1,-1
267,2609,905,424,53,115,1,-1,-1,-1
267,2611,202,610,59,143,1,-1,-1,-1
267,2612,931,394,41,110,1,-1,-1,-1
267,2613,973,393,47,123,1,-1,-1,-1
267,2614,1450,469,53,120,1,-1,-1,-1
267,2615,266,498,85,131,1,-1,-1,-1
267,2616,205,285,45,92,1,-1,-1,-1
267,2617,33,418,60,121,1,-1,-1,-1
267,2618,1578,395,50,121,1,-1,-1,-1
267,2619,1262,451,51,121,1,-1,-1,-1
267,2620,999,395,28,98,1,-1,-1,-1
267,2621,1022,400,41,101,1,-1,-1,-1
267,2622,1511,494,61,110,1,-1,-1,-1
267,2623,1001,444,47,119,1,-1,-1,-1
267,2624,665,365,52,97,1,-1,-1,-1
267,2625,1209,432,49,120,1,-1,-1,-1
267,2626,1009,422,47,118,1,-1,-1,-1
267,2627,419,394,52,97,1,-1,-1,-1
267,2628,978,509,54,132,1,-1,-1,-1
267,2657,285,359,55,112,1,-1,-1,-1
268,2608,1264,466,44,126,1,-1,-1,-1
268,2609,891,424,53,116,1,-1,-1,-1
268,2611,195,612,61,142,1,-1,-1,-1
268,2612,919,393,41,110,1,-1,-1,-1
268,2613,963,393,47,122,1,-1,-1,-1
268,2614,1440,470,52,120,1,-1,-1,-1
268,2615,252,498,84,132,1,-1,-1,-1
268,2616,190,286,45,91,1,-1,-1,-1
268,2617,22,418,62,122,1,-1,-1,-1
268,2618,1570,395,50,121,1,-1,-1,-1
268,2619,1253,451,51,121,1,-1,-1,-1
268,2620,984,395,29,98,1,-1,-1,-1
268,2621,1010,400,40,98,1,-1,-1,-1
268,2622,1500,494,63,111,1,-1,-1,-1
268,2623,991,445,46,120,1,-1,-1,-1
268,2624,653,365,52,98,1,-1,-1,-1
268,2625,1200,433,50,119,1,-1,-1,-1
268,2626,1000,422,46,119,1,-1,-1,-1
268,2627,407,394,52,97,1,-1,-1,-1
268,2628,964,510,55,132,1,-1,-1,-1
268,2657,275,359,53,112,1,-1,-1,-1
269,2608,1252,467,45,126,1,-1,-1,-1
269,2609,877,424,53,116,1,-1,-1,-1
269,2611,188,615,62,140,1,-1,-1,-1
269,2612,908,393,40,110,1,-1,-1,-1
269,2613,953,394,47,120,1,-1,-1,-1
269,2614,1430,471,52,120,1,-1,-1,-1
269,2615,239,499,83,132,1,-1,-1,-1
269,2616,174,287,45,91,1,-1,-1,-1
269,2617,6,419,63,121,1,-1,-1,-1
269,2618,1561,396,50,120,1,-1,-1,-1
269,2619,1244,451,51,120,1,-1,-1,-1
269,2620,970,395,30,99,1,-1,-1,-1
269,2621,998,400,39,95,1,-1,-1,-1
269,2622,1490,494,65,112,1,-1,-1,-1
269,2623,981,445,46,120,1,-1,-1,-1
269,2624,641,366,52,98,1,-1,-1,-1
269,2625,1191,434,50,117,1,-1,-1,-1
269,2626,991,422,47,119,1,-1,-1,-1
269,2627,395,394,52,97,1,-1,-1,-1
269,2628,952,510,55,133,1,-1,-1,-1
269,2657,264,359,52,112,1,-1,-1,-1
270,2608,1240,469,45,124,1,-1,-1,-1
270,2609,862,424,54,117,1,-1,-1,-1
270,2611,182,617,63,139,1,-1,-1,-1
270,2612,896,393,40,110,1,-1,-1,-1
270,2613,942,395,47,118,1,-1,-1,-1
270,2614,1419,473,52,120,1,-1,-1,-1
270,2615,226,500,83,133,1,-1,-1,-1
270,2616,158,288,45,91,1,-1,-1,-1
270,2617,0,420,63,121,1,-1,-1,-1
270,2618,1553,396,50,121,1,-1,-1,-1
270,2619,1234,451,52,120,1,-1,-1,-1
270,2620,957,395,30,100,1,-1,-1,-1
270,2621,986,400,38,91,1,-1,-1,-1
270,2622,1479,495,67,112,1,-1,-1,-1
270,2623,971,446,46,120,1,-1,-1,-1
270,2624,630,366,51,98,1,-1,-1,-1
270,2625,1182,434,50,117,1,-1,-1,-1
270,2626,982,422,47,119,1,-1,-1,-1
270,2627,383,394,52,97,1,-1,-1,-1
270,2628,939,511,55,133,1,-1,-1,-1
270,2657,253,359,51,112,1,-1,-1,-1
271,2608,1229,470,44,124,1,-1,-1,-1
271,2609,849,424,54,117,1,-1,-1,-1
271,2611,175,620,64,137,1,-1,-1,-1
271,2612,885,393,40,109,1,-1,-1,-1
271,2613,930,395,48,118,1,-1,-1,-1
271,2614,1408,474,53,120,1,-1,-1,-1
271,2615,212,500,83,134,1,-1,-1,-1
271,2616,143,289,44,91,1,-1,-1,-1
271,2617,-8,420,62,121,1,-1,-1,-1
271,2618,1545,397,49,120,1,-1,-1,-1
271,2619,1225,451,52,120,1,-1,-1,-1
271,2620,943,395,31,100,1,-1,-1,-1
271,2621,974,400,37,89,1,-1,-1,-1
271,2622,1468,495,70,113,1,-1,-1,-1
271,2623,960,446,46,120,1,-1,-1,-1
271,2624,618,366,51,99,1,-1,-1,-1
271,2625,1172,435,51,116,1,-1,-1,-1
271,2626,973,422,47,119,1,-1,-1,-1
271,2627,371,394,51,98,1,-1,-1,-1
271,2628,926,512,55,133,1,-1,-1,-1
271,2657,241,359,51,112,1,-1,-1,-1
271,2683,1242,250,24,16,1,-1,-1,-1
272,2608,1217,472,44,122,1,-1,-1,-1
272,2609,835,424,54,118,1,-1,-1,-1
272,2611,169,622,65,136,1,-1,-1,-1
272,2612,874,393,39,109,1,-1,-1,-1
272,2613,919,396,48,116,1,-1,-1,-1
272,2614,1397,475,53,121,1,-1,-1,-1
272,2615,199,501,82,134,1,-1,-1,-1
272,2616,128,290,44,91,1,-1,-1,-1
272,2617,-16,420,59,121,1,-1,-1,-1
272,2618,1536,398,49,120,1,-1,-1,-1
272,2619,1217,452,51,119,1,-1,-1,-1
272,2620,929,394,31,102,1,-1,-1,-1
272,2621,962,401,36,85,1,-1,-1,-1
272,2622,1457,495,72,114,1,-1,-1,-1
272,2623,951,446,45,121,1,-1,-1,-1
272,2624,606,367,51,99,1,-1,-1,-1
272,2625,1163,436,52,114,1,-1,-1,-1
272,2626,963,421,48,120,1,-1,-1,-1
272,2627,359,394,51,98,1,-1,-1,-1
272,2628,913,513,55,133,1,-1,-1,-1
272,2657,230,359,51,111,1,-1,-1,-1
273,2608,1205,474,44,121,1,-1,-1,-1
273,2609,821,425,54,118,1,-1,-1,-1
273,2611,162,625,66,134,1,-1,-1,-1
273,2612,862,392,40,110,1,-1,-1,-1
273,2613,907,396,48,116,1,-1,-1,-1
273,2614,1387,477,53,121,1,-1,-1,-1
273,2615,186,502,82,135,1,-1,-1,-1
273,2616,112,291,44,90,1,-1,-1,-1
273,2618,1527,398,50,121,1,-1,-1,-1
273,2619,1208,452,52,119,1,-1,-1,-1
273,2620,915,394,32,102,1,-1,-1,-1
273,2621,950,401,35,81,1,-1,-1,-1
273,2622,1446,496,74,114,1,-1,-1,-1
273,2623,941,447,45,120,1,-1,-1,-1
273,2624,595,367,51,99,1,-1,-1,-1
273,2625,1154,436,52,114,1,-1,-1,-1
273,2626,954,421,47,120,1,-1,-1,-1
273,2627,347,394,51,98,1,-1,-1,-1
273,2628,900,513,55,134,1,-1,-1,-1
273,2657,219,358,50,112,1,-1,-1,-1
274,2608,1193,475,45,121,1,-1,-1,-1
274,2609,807,425,55,118,1,-1,-1,-1
274,2611,155,627,68,132,1,-1,-1,-1
274,2612,851,392,39,110,1,-1,-1,-1
274,2613,896,397,47,114,1,-1,-1,-1
274,2614,1376,478,54,121,1,-1,-1,-1
274,2615,173,503,81,135,1,-1,-1,-1
274,2616,97,292,43,90,1,-1,-1,-1
274,2618,1519,399,49,120,1,-1,-1,-1
274,2619,1199,452,52,118,1,-1,-1,-1
274,2620,901,394,33,103,1,-1,-1,-1
274,2621,938,401,34,78,1,-1,-1,-1
274,2622,1435,496,76,116,1,-1,-1,-1
274,2623,931,447,45,121,1,-1,-1,-1
274,2624,583,367,51,99,1,-1,-1,-1
274,2625,1145,437,52,112,1,-1,-1,-1
274,2626,945,421,48,120,1,-1,-1,-1
274,2627,335,393,51,99,1,-1,-1,-1
274,2628,888,514,55,135,1,-1,-1,-1
274,2657,208,358,49,112,1,-1,-1,-1
275,2608,1174,478,44,118,1,-1,-1,-1
275,2609,783,425,55,118,1,-1,-1,-1
275,2611,144,632,70,129,1,-1,-1,-1
275,2612,832,392,39,110,1,-1,-1,-1
275,2613,884,397,48,113,1,-1,-1,-1
275,2614,1359,480,54,121,1,-1,-1,-1
275,2615,151,504,80,136,1,-1,-1,-1
275,2616,71,293,44,90,1,-1,-1,-1
275,2618,1506,400,49,120,1,-1,-1,-1
275,2619,1184,452,52,118,1,-1,-1,-1
275,2620,878,394,35,104,1,-1,-1,-1
275,2621,918,401,33,74,1,-1,-1,-1
275,2622,1418,497,79,117,1,-1,-1,-1
275,2623,914,448,46,121,1,-1,-1,-1
275,2624,564,367,51,100,1,-1,-1,-1
275,2625,1130,438,53,111,1,-1,-1,-1
275,2626,929,421,49,121,1,-1,-1,-1
275,2627,315,393,51,99,1,-1,-1,-1
275,2628,867,515,55,135,1,-1,-1,-1
275,2657,189,358,50,112,1,-1,-1,-1
276,2608,1167,479,44,118,1,-1,-1,-1
276,2609,774,425,56,119,1,-1,-1,-1
276,2611,140,633,71,129,1,-1,-1,-1
276,2612,825,391,39,110,1,-1,-1,-1
276,2613,872,397,47,112,1,-1,-1,-1
276,2614,1353,481,54,121,1,-1,-1,-1
276,2615,143,505,79,136,1,-1,-1,-1
276,2616,62,294,43,90,1,-1,-1,-1
276,2618,1501,400,48,120,1,-1,-1,-1
276,2619,1178,453,53,117,1,-1,-1,-1
276,2620,869,394,36,104,1,-1,-1,-1
276,2621,911,402,33,71,1,-1,-1,-1
276,2622,1411,497,81,118,1,-1,-1,-1
276,2623,908,449,45,121,1,-1,-1,-1
276,2624,557,367,51,100,1,-1,-1,-1
276,2625,1124,439,54,110,1,-1,-1,-1
276,2626,918,420,48,121,1,-1,-1,-1
276,2627,308,393,51,99,1,-1,-1,-1
276,2628,859,516,55,135,1,-1,-1,-1
276,2657,183,358,49,112,1,-1,-1,-1
277,2608,1153,479,45,118,1,-1,-1,-1
277,2609,758,425,56,119,1,-1,-1,-1
277,2611,131,635,74,130,1,-1,-1,-1
277,2612,806,392,39,110,1,-1,-1,-1
277,2613,859,398,47,111,1,-1,-1,-1
277,2614,1343,482,54,121,1,-1,-1,-1
277,2615,130,504,79,137,1,-1,-1,-1
277,2616,44,293,44,90,1,-1,-1,-1
277,2618,1492,399,48,120,1,-1,-1,-1
277,2619,1168,453,53,118,1,-1,-1,-1
277,2620,854,393,37,105,1,-1,-1,-1
277,2621,897,401,35,74,1,-1,-1,-1
277,2622,1404,497,82,118,1,-1,-1,-1
277,2623,897,448,45,121,1,-1,-1,-1
277,2624,544,367,51,100,1,-1,-1,-1
277,2625,1114,438,55,110,1,-1,-1,-1
277,2626,910,420,48,121,1,-1,-1,-1
277,2627,293,393,51,99,1,-1,-1,-1
277,2628,846,516,55,135,1,-1,-1,-1
277,2657,169,358,49,112,1,-1,-1,-1
278,2608,1136,480,46,119,1,-1,-1,-1
278,2609,739,426,56,118,1,-1,-1,-1
278,2611,123,638,75,130,1,-1,-1,-1
278,2612,790,392,39,110,1,-1,-1,-1
278,2613,847,397,47,111,1,-1,-1,-1
278,2614,1332,484,55,121,1,-1,-1,-1
278,2615,116,503,79,139,1,-1,-1,-1
278,2616,17,291,43,90,1,-1,-1,-1
278,2618,1480,398,48,120,1,-1,-1,-1
278,2619,1157,453,54,120,1,-1,-1,-1
278,2620,837,393,38,105,1,-1,-1,-1
278,2621,881,401,37,77,1,-1,-1,-1
278,2622,1396,498,82,117,1,-1,-1,-1
278,2623,884,447,45,122,1,-1,-1,-1
278,2624,528,366,51,100,1,-1,-1,-1
278,2625,1103,437,55,111,1,-1,-1,-1
278,2626,897,419,48,121,1,-1,-1,-1
278,2627,276,393,50,98,1,-1,-1,-1
278,2628,831,515,55,136,1,-1,-1,-1
278,2657,154,358,49,112,1,-1,-1,-1
279,2608,1119,480,47,120,1,-1,-1,-1
279,2609,719,426,56,118,1,-1,-1,-1
279,2611,113,640,77,130,1,-1,-1,-1
279,2612,774,391,39,111,1,-1,-1,-1
279,2613,833,396,47,111,1,-1,-1,-1
279,2614,1319,485,56,122,1,-1,-1,-1
279,2615,100,502,79,140,1,-1,-1,-1
279,2616,3,291,42,89,1,-1,-1,-1
279,2618,1469,397,47,120,1,-1,-1,-1
279,2619,1145,454,54,121,1,-1,-1,-1
279,2620,819,393,39,106,1,-1,-1,-1
279,2621,865,400,39,81,1,-1,-1,-1
279,2622,1389,499,81,116,1,-1,-1,-1
279,2623,871,446,45,123,1,-1,-1,-1
279,2624,511,365,51,101,1,-1,-1,-1
279,2625,1091,436,57,112,1,-1,-1,-1
279,2626,882,419,49,121,1,-1,-1,-1
279,2627,258,393,50,97,1,-1,-1,-1
279,2628,815,515,56,136,1,-1,-1,-1
279,2657,136,357,49,113,1,-1,-1,-1
280,2608,1101,480,48,121,1,-1,-1,-1
280,2609,699,426,55,117,1,-1,-1,-1
280,2611,104,642,78,131,1,-1,-1,-1
280,2612,757,390,40,111,1,-1,-1,-1
280,2613,818,395,47,113,1,-1,-1,-1
280,2614,1307,486,57,122,1,-1,-1,-1
280,2615,84,501,79,141,1,-1,-1,-1
280,2616,-11,295,36,84,1,-1,-1,-1
280,2618,1456,395,48,121,1,-1,-1,-1
280,2619,1133,454,54,123,1,-1,-1,-1
280,2620,801,392,39,108,1,-1,-1,-1
280,2621,848,400,41,85,1,-1,-1,-1
280,2622,1382,500,79,115,1,-1,-1,-1
280,2623,857,445,46,123,1,-1,-1,-1
280,2624,494,364,52,101,1,-1,-1,-1
280,2625,1079,434,57,114,1,-1,-1,-1
280,2626,867,418,48,121,1,-1,-1,-1
280,2627,240,393,49,96,1,-1,-1,-1
280,2628,799,514,56,136,1,-1,-1,-1
280,2657,119,357,49,113,1,-1,-1,-1
281,2608,1083,480,49,122,1,-1,-1,-1
281,2609,678,426,56,117,1,-1,-1,-1
281,2611,95,644,79,132,1,-1,-1,-1
281,2612,741,389,40,112,1,-1,-1,-1
281,2613,803,393,47,115,1,-1,-1,-1
281,2614,1295,487,57,122,1,-1,-1,-1
281,2615,59,499,79,144,1,-1,-1,-1
281,2616,-15,296,33,83,1,-1,-1,-1
281,2618,1445,394,47,121,1,-1,-1,-1
281,2619,1121,455,55,124,1,-1,-1,-1
281,2620,782,392,40,108,1,-1,-1,-1
281,2621,832,399,43,90,1,-1,-1,-1
281,2622,1375,501,77,114,1,-1,-1,-1
281,2623,843,444,46,124,1,-1,-1,-1
281,2624,477,363,52,101,1,-1,-1,-1
281,2625,1067,433,58,115,1,-1,-1,-1
281,2626,852,418,48,121,1,-1,-1,-1
281,2627,221,393,49,94,1,-1,-1,-1
281,2628,783,514,56,136,1,-1,-1,-1
281,2657,93,357,50,113,1,-1,-1,-1
282,2608,1062,481,50,123,1,-1,-1,-1
282,2609,655,426,56,117,1,-1,-1,-1
282,2611,84,646,80,134,1,-1,-1,-1
282,2612,723,388,40,112,1,-1,-1,-1
282,2613,786,392,47,115,1,-1,-1,-1
282,2614,1281,489,58,122,1,-1,-1,-1
282,2615,39,499,80,144,1,-1,-1,-1
282,2618,1431,392,47,121,1,-1,-1,-1
282,2619,1107,455,55,127,1,-1,-1,-1
282,2620,761,392,40,109,1,-1,-1,-1
282,2621,816,399,44,94,1,-1,-1,-1
282,2622,1367,502,75,113,1,-1,-1,-1
282,2623,830,443,46,124,1,-1,-1,-1
282,2624,460,363,52,101,1,-1,-1,-1
282,2625,1054,432,57,116,1,-1,-1,-1
282,2626,836,417,48,120,1,-1,-1,-1
282,2627,200,393,48,93,1,-1,-1,-1
282,2628,766,513,57,136,1,-1,-1,-1
282,2657,73,355,50,114,1,-1,-1,-1
283,2608,1047,481,50,124,1,-1,-1,-1
283,2609,636,426,56,116,1,-1,-1,-1
283,2611,79,648,81,134,1,-1,-1,-1
283,2612,707,387,40,113,1,-1,-1,-1
283,2613,771,391,47,116,1,-1,-1,-1
283,2614,1271,490,58,123,1,-1,-1,-1
283,2615,26,501,78,143,1,-1,-1,-1
283,2618,1419,391,47,122,1,-1,-1,-1
283,2619,1096,454,55,128,1,-1,-1,-1
283,2620,744,392,41,109,1,-1,-1,-1
283,2621,800,398,45,98,1,-1,-1,-1
283,2622,1360,503,73,112,1,-1,-1,-1
283,2623,816,442,46,125,1,-1,-1,-1
283,2624,443,362,53,101,1,-1,-1,-1
283,2625,1043,430,58,118,1,-1,-1,-1
283,2626,821,416,47,120,1,-1,-1,-1
283,2627,183,392,48,93,1,-1,-1,-1
283,2628,749,513,58,136,1,-1,-1,-1
283,2657,53,353,49,114,1,-1,-1,-1
284,2608,1031,481,51,125,1,-1,-1,-1
284,2609,614,426,57,116,1,-1,-1,-1
284,2611,73,648,82,136,1,-1,-1,-1
284,2612,689,386,41,113,1,-1,-1,-1
284,2613,754,390,48,117,1,-1,-1,-1
284,2614,1260,491,60,123,1,-1,-1,-1
284,2615,13,503,78,142,1,-1,-1,-1
284,2618,1407,390,46,122,1,-1,-1,-1
284,2619,1083,453,55,129,1,-1,-1,-1
284,2620,726,391,41,110,1,-1,-1,-1
284,2621,783,398,46,102,1,-1,-1,-1
284,2622,1352,502,72,113,1,-1,-1,-1
284,2623,802,441,46,125,1,-1,-1,-1
284,2624,426,361,53,101,1,-1,-1,-1
284,2625,1031,428,57,119,1,-1,-1,-1
284,2626,806,415,46,121,1,-1,-1,-1
284,2627,165,392,49,93,1,-1,-1,-1
284,2628,733,513,58,137,1,-1,-1,-1
284,2657,39,352,49,113,1,-1,-1,-1
285,2608,1015,481,51,125,1,-1,-1,-1
285,2609,593,425,57,116,1,-1,-1,-1
285,2611,68,649,83,136,1,-1,-1,-1
285,2612,671,385,41,113,1,-1,-1,-1
285,2613,733,388,48,119,1,-1,-1,-1
285,2614,1250,491,60,123,1,-1,-1,-1
285,2615,-2,505,75,142,1,-1,-1,-1
285,2618,1394,389,46,122,1,-1,-1,-1
285,2619,1069,451,55,131,1,-1,-1,-1
285,2620,707,389,42,111,1,-1,-1,-1
285,2621,767,397,47,106,1,-1,-1,-1
285,2622,1343,502,71,113,1,-1,-1,-1
285,2623,789,440,46,126,1,-1,-1,-1
285,2624,409,360,52,101,1,-1,-1,-1
285,2625,1018,426,57,120,1,-1,-1,-1
285,2626,790,415,46,120,1,-1,-1,-1
285,2627,148,392,48,92,1,-1,-1,-1
285,2628,716,512,60,137,1,-1,-1,-1
285,2657,16,350,49,113,1,-1,-1,-1
286,2608,999,481,52,126,1,-1,-1,-1
286,2609,571,425,57,115,1,-1,-1,-1
286,2611,63,650,84,137,1,-1,-1,-1
286,2612,652,384,41,113,1,-1,-1,-1
286,2613,717,388,49,120,1,-1,-1,-1
286,2614,1240,492,61,123,1,-1,-1,-1
286,2615,-7,508,61,117,1,-1,-1,-1
286,2618,1380,388,46,122,1,-1,-1,-1
286,2619,1056,449,55,133,1,-1,-1,-1
286,2620,689,388,42,111,1,-1,-1,-1
286,2621,751,397,48,109,1,-1,-1,-1
286,2622,1335,501,70,114,1,-1,-1,-1
286,2623,775,439,46,126,1,-1,-1,-1
286,2624,391,359,54,102,1,-1,-1,-1
286,2625,1005,424,58,121,1,-1,-1,-1
286,2626,774,414,46,120,1,-1,-1,-1
286,2627,130,392,48,91,1,-1,-1,-1
286,2628,700,512,60,137,1,-1,-1,-1
286,2657,8,349,49,114,1,-1,-1,-1
287,2608,982,481,53,128,1,-1,-1,-1
287,2609,550,425,58,115,1,-1,-1,-1
287,2611,57,651,86,138,1,-1,-1,-1
287,2612,632,383,42,114,1,-1,-1,-1
287,2613,700,387,49,122,1,-1,-1,-1
287,2614,1229,493,62,124,1,-1,-1,-1
287,2615,-6,521,41,78,1,-1,-1,-1
287,2618,1367,387,45,123,1,-1,-1,-1
287,2619,1043,447,55,134,1,-1,-1,-1
287,2620,671,387,42,112,1,-1,-1,-1
287,2621,735,396,48,113,1,-1,-1,-1
287,2622,1326,501,70,114,1,-1,-1,-1
287,2623,762,438,46,127,1,-1,-1,-1
287,2624,374,358,54,102,1,-1,-1,-1
287,2625,992,421,58,123,1,-1,-1,-1
287,2626,758,414,46,119,1,-1,-1,-1
287,2627,113,392,47,90,1,-1,-1,-1
287,2628,683,511,61,137,1,-1,-1,-1
287,2657,-6,353,44,106,1,-1,-1,-1
288,2608,961,482,54,128,1,-1,-1,-1
288,2609,522,425,57,114,1,-1,-1,-1
288,2611,51,652,88,138,1,-1,-1,-1
288,2612,612,382,42,114,1,-1,-1,-1
288,2613,677,387,51,125,1,-1,-1,-1
288,2614,1216,494,63,124,1,-1,-1,-1
288,2618,1350,386,45,123,1,-1,-1,-1
288,2619,1025,445,55,135,1,-1,-1,-1
288,2620,646,385,43,113,1,-1,-1,-1
288,2621,714,395,50,119,1,-1,-1,-1
288,2622,1314,500,69,115,1,-1,-1,-1
288,2623,744,437,47,127,1,-1,-1,-1
288,2624,352,358,55,102,1,-1,-1,-1
288,2625,976,418,57,124,1,-1,-1,-1
288,2626,738,413,45,119,1,-1,-1,-1
288,2627,89,392,47,88,1,-1,-1,-1
288,2628,662,511,62,137,1,-1,-1,-1
289,2608,948,482,55,129,1,-1,-1,-1
289,2609,504,424,58,115,1,-1,-1,-1
289,2611,49,652,90,139,1,-1,-1,-1
289,2612,599,382,42,113,1,-1,-1,-1
289,2613,663,386,51,127,1,-1,-1,-1
289,2614,1209,494,63,124,1,-1,-1,-1
289,2618,1339,385,44,123,1,-1,-1,-1
289,2619,1014,444,56,136,1,-1,-1,-1
289,2620,632,384,43,114,1,-1,-1,-1
289,2621,702,395,49,121,1,-1,-1,-1
289,2622,1307,500,68,115,1,-1,-1,-1
289,2623,733,436,47,128,1,-1,-1,-1
289,2624,339,357,55,102,1,-1,-1,-1
289,2625,966,416,57,125,1,-1,-1,-1
289,2626,726,412,45,119,1,-1,-1,-1
289,2627,75,392,47,87,1,-1,-1,-1
289,2628,648,510,64,138,1,-1,-1,-1
289,2685,-4,439,18,15,1,-1,-1,-1
290,2608,934,482,55,129,1,-1,-1,-1
290,2609,485,423,58,115,1,-1,-1,-1
290,2611,49,653,91,140,1,-1,-1,-1
290,2612,581,382,42,113,1,-1,-1,-1
290,2613,641,386,51,127,1,-1,-1,-1
290,2614,1201,495,65,124,1,-1,-1,-1
290,2618,1326,384,44,123,1,-1,-1,-1
290,2619,1003,443,55,136,1,-1,-1,-1
290,2620,616,384,43,113,1,-1,-1,-1
290,2621,687,394,49,122,1,-1,-1,-1
290,2622,1298,500,68,116,1,-1,-1,-1
290,2623,721,435,47,129,1,-1,-1,-1
290,2624,325,356,55,102,1,-1,-1,-1
290,2625,954,416,56,124,1,-1,-1,-1
290,2626,713,412,44,119,1,-1,-1,-1
290,2627,59,391,47,88,1,-1,-1,-1
290,2628,634,510,63,138,1,-1,-1,-1
291,2608,919,482,55,130,1,-1,-1,-1
291,2609,465,422,60,115,1,-1,-1,-1
291,2611,50,654,93,140,1,-1,-1,-1
291,2612,563,382,42,112,1,-1,-1,-1
291,2613,629,386,50,128,1,-1,-1,-1
291,2614,1194,495,66,124,1,-1,-1,-1
291,2618,1313,383,43,123,1,-1,-1,-1
291,2619,991,443,54,136,1,-1,-1,-1
291,2620,600,384,42,112,1,-1,-1,-1
291,2621,673,393,48,122,1,-1,-1,-1
291,2622,1289,500,67,116,1,-1,-1,-1
291,2623,708,435,48,128,1,-1,-1,-1
291,2624,309,356,55,102,1,-1,-1,-1
291,2625,941,415,56,125,1,-1,-1,-1
291,2626,698,411,44,119,1,-1,-1,-1
291,2627,43,391,46,88,1,-1,-1,-1
291,2628,618,509,64,139,1,-1,-1,-1
292,2608,904,483,55,129,1,-1,-1,-1
292,2609,445,422,60,116,1,-1,-1,-1
292,2611,51,655,94,140,1,-1,-1,-1
292,2612,544,382,43,111,1,-1,-1,-1
292,2613,613,386,50,127,1,-1,-1,-1
292,2614,1188,496,65,124,1,-1,-1,-1
292,2618,1298,382,44,124,1,-1,-1,-1
292,2619,979,443,54,135,1,-1,-1,-1
292,2620,583,384,43,111,1,-1,-1,-1
292,2621,658,393,47,122,1,-1,-1,-1
292,2622,1279,500,66,116,1,-1,-1,-1
292,2623,695,434,48,128,1,-1,-1,-1
292,2624,293,355,56,102,1,-1,-1,-1
292,2625,928,415,55,124,1,-1,-1,-1
292,2626,684,410,43,118,1,-1,-1,-1
292,2627,28,391,44,88,1,-1,-1,-1
292,2628,602,509,65,139,1,-1,-1,-1
293,2608,889,483,55,129,1,-1,-1,-1
293,2609,424,421,61,117,1,-1,-1,-1
293,2611,52,655,96,140,1,-1,-1,-1
293,2612,524,381,44,111,1,-1,-1,-1
293,2613,597,384,50,128,1,-1,-1,-1
293,2614,1181,496,66,124,1,-1,-1,-1
293,2618,1284,382,43,123,1,-1,-1,-1
293,2619,967,444,54,134,1,-1,-1,-1
293,2620,566,384,42,110,1,-1,-1,-1
293,2621,643,392,46,122,1,-1,-1,-1
293,2622,1270,500,66,116,1,-1,-1,-1
293,2623,682,433,49,128,1,-1,-1,-1
293,2624,278,355,57,103,1,-1,-1,-1
293,2625,915,414,55,125,1,-1,-1,-1
293,2626,669,409,43,118,1,-1,-1,-1
293,2627,11,391,43,88,1,-1,-1,-1
293,2628,586,509,65,138,1,-1,-1,-1
294,2608,874,483,55,128,1,-1,-1,-1
294,2609,404,420,61,117,1,-1,-1,-1
294,2611,53,656,97,141,1,-1,-1,-1
294,2612,505,381,45,111,1,-1,-1,-1
294,2613,580,383,50,128,1,-1,-1,-1
294,2614,1174,497,66,123,1,-1,-1,-1
294,2618,1270,381,43,123,1,-1,-1,-1
294,2619,955,444,53,133,1,-1,-1,-1
294,2620,549,384,42,109,1,-1,-1,-1
294,2621,628,391,45,122,1,-1,-1,-1
294,2622,1261,500,65,116,1,-1,-1,-1
294,2623,670,432,49,128,1,-1,-1,-1
294,2624,262,355,57,103,1,-1,-1,-1
294,2625,901,414,55,124,1,-1,-1,-1
294,2626,654,409,43,118,1,-1,-1,-1
294,2627,-7,391,40,88,1,-1,-1,-1
294,2628,571,509,64,138,1,-1,-1,-1
295,2608,858,483,56,129,1,-1,-1,-1
295,2609,384,419,61,118,1,-1,-1,-1
295,2611,54,657,99,141,1,-1,-1,-1
295,2612,477,381,46,110,1,-1,-1,-1
295,2613,555,381,50,129,1,-1,-1,-1
295,2614,1167,498,66,123,1,-1,-1,-1
295,2618,1256,380,43,123,1,-1,-1,-1
295,2619,943,444,52,133,1,-1,-1,-1
295,2620,532,385,43,108,1,-1,-1,-1
295,2621,613,391,45,121,1,-1,-1,-1
295,2622,1251,499,64,117,1,-1,-1,-1
295,2623,657,431,50,128,1,-1,-1,-1
295,2624,247,354,57,103,1,-1,-1,-1
295,2625,888,413,55,124,1,-1,-1,-1
295,2626,639,408,43,118,1,-1,-1,-1
295,2627,-14,391,38,88,1,-1,-1,-1
295,2628,556,508,64,139,1,-1,-1,-1
296,2608,843,484,56,128,1,-1,-1,-1
296,2609,363,418,62,118,1,-1,-1,-1
296,2611,55,658,100,141,1,-1,-1,-1
296,2612,463,381,47,110,1,-1,-1,-1
296,2613,544,380,50,130,1,-1,-1,-1
296,2614,1160,498,67,123,1,-1,-1,-1
296,2618,1242,379,42,123,1,-1,-1,-1
296,2619,931,444,52,132,1,-1,-1,-1
296,2620,515,385,43,108,1,-1,-1,-1
296,2621,598,390,44,121,1,-1,-1,-1
296,2622,1241,499,64,117,1,-1,-1,-1
296,2623,643,431,51,128,1,-1,-1,-1
296,2624,232,354,57,103,1,-1,-1,-1
296,2625,875,413,54,123,1,-1,-1,-1
296,2626,624,407,43,117,1,-1,-1,-1
296,2628,540,508,64,139,1,-1,-1,-1
297,2608,828,484,56,128,1,-1,-1,-1
297,2609,342,417,63,119,1,-1,-1,-1
297,2611,57,659,101,141,1,-1,-1,-1
297,2612,448,382,48,108,1,-1,-1,-1
297,2613,531,380,50,128,1,-1,-1,-1
297,2614,1154,499,67,122,1,-1,-1,-1
297,2618,1227,378,43,124,1,-1,-1,-1
297,2619,918,444,52,131,1,-1,-1,-1
297,2620,499,385,42,107,1,-1,-1,-1
297,2621,583,389,43,121,1,-1,-1,-1
297,2622,1231,499,63,117,1,-1,-1,-1
297,2623,630,430,52,128,1,-1,-1,-1
297,2624,216,353,57,103,1,-1,-1,-1
297,2625,862,412,55,124,1,-1,-1,-1
297,2626,610,406,42,117,1,-1,-1,-1
297,2628,525,507,63,140,1,-1,-1,-1
298,2608,813,484,56,128,1,-1,-1,-1
298,2609,322,416,63,120,1,-1,-1,-1
298,2611,58,659,103,141,1,-1,-1,-1
298,2612,432,382,49,108,1,-1,-1,-1
298,2613,519,379,49,129,1,-1,-1,-1
298,2614,1147,500,67,122,1,-1,-1,-1
298,2618,1213,378,42,123,1,-1,-1,-1
298,2619,906,444,51,131,1,-1,-1,-1
298,2620,481,385,43,106,1,-1,-1,-1
298,2621,567,389,43,120,1,-1,-1,-1
298,2622,1222,498,63,118,1,-1,-1,-1
298,2623,616,429,54,128,1,-1,-1,-1
298,2624,201,353,57,103,1,-1,-1,-1
298,2625,849,412,55,123,1,-1,-1,-1
298,2626,595,405,42,117,1,-1,-1,-1
298,2628,509,507,63,140,1,-1,-1,-1
299,2608,798,484,56,128,1,-1,-1,-1
299,2609,302,415,63,120,1,-1,-1,-1
299,2611,59,660,104,141,1,-1,-1,-1
299,2612,416,383,49,106,1,-1,-1,-1
299,2613,506,379,49,127,1,-1,-1,-1
299,2614,1140,500,67,122,1,-1,-1,-1
299,2618,1199,377,42,122,1,-1,-1,-1
299,2619,894,444,51,130,1,-1,-1,-1
299,2620,464,385,43,105,1,-1,-1,-1
299,2621,552,388,43,120,1,-1,-1,-1
299,2622,1212,498,63,118,1,-1,-1,-1
299,2623,604,428,54,129,1,-1,-1,-1
299,2624,185,352,57,103,1,-1,-1,-1
299,2625,835,411,55,123,1,-1,-1,-1
299,2626,580,405,42,116,1,-1,-1,-1
299,2628,494,507,62,140,1,-1,-1,-1
300,2608,773,485,56,127,1,-1,-1,-1
300,2609,269,413,63,122,1,-1,-1,-1
300,2611,60,661,106,142,1,-1,-1,-1
300,2612,391,384,49,105,1,-1,-1,-1
300,2613,493,378,48,127,1,-1,-1,-1
300,2614,1129,501,68,122,1,-1,-1,-1
300,2618,1176,376,42,122,1,-1,-1,-1
300,2619,874,444,51,129,1,-1,-1,-1
300,2620,436,385,43,104,1,-1,-1,-1
300,2621,527,387,43,120,1,-1,-1,-1
300,2622,1196,498,62,118,1,-1,-1,-1
300,2623,582,427,56,129,1,-1,-1,-1
300,2624,160,352,58,103,1,-1,-1,-1
300,2625,814,411,54,122,1,-1,-1,-1
300,2626,555,403,42,116,1,-1,-1,-1
300,2628,469,507,61,140,1,-1,-1,-1
301,2608,764,485,55,127,1,-1,-1,-1
301,2609,257,412,63,122,1,-1,-1,-1
301,2611,61,662,108,142,1,-1,-1,-1
301,2612,381,384,50,104,1,-1,-1,-1
301,2613,480,377,47,126,1,-1,-1,-1
301,2614,1125,502,68,122,1,-1,-1,-1
301,2618,1167,375,42,122,1,-1,-1,-1
301,2619,867,444,50,128,1,-1,-1,-1
301,2620,426,385,43,103,1,-1,-1,-1
301,2621,518,386,42,121,1,-1,-1,-1
301,2622,1190,498,62,118,1,-1,-1,-1
301,2623,574,426,57,129,1,-1,-1,-1
301,2624,151,351,57,104,1,-1,-1,-1
301,2625,805,410,55,122,1,-1,-1,-1
301,2626,540,402,41,116,1,-1,-1,-1
301,2628,460,506,60,141,1,-1,-1,-1
302,2608,752,485,56,128,1,-1,-1,-1
302,2609,240,412,64,122,1,-1,-1,-1
302,2611,71,662,109,143,1,-1,-1,-1
302,2612,366,384,50,104,1,-1,-1,-1
302,2613,467,376,47,126,1,-1,-1,-1
302,2614,1121,502,69,122,1,-1,-1,-1
302,2618,1157,374,42,122,1,-1,-1,-1
302,2619,858,444,50,128,1,-1,-1,-1
302,2620,414,385,44,104,1,-1,-1,-1
302,2621,507,386,42,121,1,-1,-1,-1
302,2622,1187,498,61,118,1,-1,-1,-1
302,2623,565,425,58,130,1,-1,-1,-1
302,2624,140,351,57,103,1,-1,-1,-1
302,2625,796,410,55,122,1,-1,-1,-1
302,2626,531,402,42,115,1,-1,-1,-1
302,2628,449,506,59,140,1,-1,-1,-1
303,2608,739,486,56,128,1,-1,-1,-1
303,2609,222,412,64,122,1,-1,-1,-1
303,2611,83,662,111,145,1,-1,-1,-1
303,2612,347,385,51,102,1,-1,-1,-1
303,2613,454,376,47,126,1,-1,-1,-1
303,2614,1119,502,69,123,1,-1,-1,-1
303,2618,1146,373,43,121,1,-1,-1,-1
303,2619,850,444,50,127,1,-1,-1,-1
303,2620,402,385,44,103,1,-1,-1,-1
303,2621,495,386,42,120,1,-1,-1,-1
303,2622,1184,499,61,117,1,-1,-1,-1
303,2623,557,425,57,128,1,-1,-1,-1
303,2624,129,352,56,102,1,-1,-1,-1
303,2625,787,410,54,121,1,-1,-1,-1
303,2626,522,401,42,117,1,-1,-1,-1
303,2628,437,505,59,140,1,-1,-1,-1
304,2608,726,486,56,129,1,-1,-1,-1
304,2609,203,412,63,122,1,-1,-1,-1
304,2611,96,662,113,146,1,-1,-1,-1
304,2612,334,385,52,102,1,-1,-1,-1
304,2613,441,375,46,125,1,-1,-1,-1
304,2614,1116,503,70,123,1,-1,-1,-1
304,2618,1135,372,44,121,1,-1,-1,-1
304,2619,840,443,51,128,1,-1,-1,-1
304,2620,388,384,45,104,1,-1,-1,-1
304,2621,482,386,42,119,1,-1,-1,-1
304,2622,1182,500,60,117,1,-1,-1,-1
304,2623,549,423,57,128,1,-1,-1,-1
304,2624,118,352,55,100,1,-1,-1,-1
304,2625,776,409,55,121,1,-1,-1,-1
304,2626,512,401,42,116,1,-1,-1,-1
304,2628,424,504,58,140,1,-1,-1,-1
305,2608,712,486,56,130,1,-1,-1,-1
305,2609,184,412,64,122,1,-1,-1,-1
305,2611,110,663,114,148,1,-1,-1,-1
305,2612,322,385,53,102,1,-1,-1,-1
305,2613,428,374,45,125,1,-1,-1,-1
305,2614,1114,504,70,124,1,-1,-1,-1
305,2618,1124,371,44,120,1,-1,-1,-1
305,2619,831,442,50,129,1,-1,-1,-1
305,2620,376,383,45,105,1,-1,-1,-1
305,2621,469,385,42,120,1,-1,-1,-1
305,2622,1181,500,59,117,1,-1,-1,-1
305,2623,541,422,56,128,1,-1,-1,-1
305,2624,107,352,54,99,1,-1,-1,-1
305,2625,766,409,56,121,1,-1,-1,-1
305,2626,502,400,43,117,1,-1,-1,-1
305,2628,411,503,58,140,1,-1,-1,-1
306,2608,699,487,56,130,1,-1,-1,-1
306,2609,165,412,63,122,1,-1,-1,-1
306,2611,124,663,115,150,1,-1,-1,-1
306,2612,310,385,53,101,1,-1,-1,-1
306,2613,415,373,45,124,1,-1,-1,-1
306,2614,1111,505,70,124,1,-1,-1,-1
306,2618,1112,370,45,119,1,-1,-1,-1
306,2619,822,441,51,129,1,-1,-1,-1
306,2620,363,383,45,105,1,-1,-1,-1
306,2621,457,385,41,119,1,-1,-1,-1
306,2622,1179,501,58,116,1,-1,-1,-1
306,2623,533,421,56,128,1,-1,-1,-1
306,2624,96,352,52,97,1,-1,-1,-1
306,2625,756,408,56,121,1,-1,-1,-1
306,2626,492,399,43,117,1,-1,-1,-1
306,2628,398,503,58,139,1,-1,-1,-1
307,2608,683,487,57,132,1,-1,-1,-1
307,2609,143,412,62,122,1,-1,-1,-1
307,2611,140,663,117,152,1,-1,-1,-1
307,2612,296,384,54,102,1,-1,-1,-1
307,2613,400,372,44,124,1,-1,-1,-1
307,2614,1109,506,70,125,1,-1,-1,-1
307,2618,1099,369,46,119,1,-1,-1,-1
307,2619,811,440,51,130,1,-1,-1,-1
307,2620,348,382,46,106,1,-1,-1,-1
307,2621,442,385,41,118,1,-1,-1,-1
307,2622,1176,502,58,116,1,-1,-1,-1
307,2623,524,420,54,127,1,-1,-1,-1
307,2624,84,352,51,96,1,-1,-1,-1
307,2625,744,408,56,120,1,-1,-1,-1
307,2626,480,399,44,117,1,-1,-1,-1
307,2628,383,502,58,139,1,-1,-1,-1
308,2608,674,488,57,132,1,-1,-1,-1
308,2609,131,412,62,122,1,-1,-1,-1
308,2611,156,663,116,152,1,-1,-1,-1
308,2612,286,384,55,102,1,-1,-1,-1
308,2613,394,372,44,124,1,-1,-1,-1
308,2614,1109,507,71,125,1,-1,-1,-1
308,2618,1091,368,47,118,1,-1,-1,-1
308,2619,805,439,51,131,1,-1,-1,-1
308,2620,339,381,46,107,1,-1,-1,-1
308,2621,433,384,42,118,1,-1,-1,-1
308,2622,1174,502,56,116,1,-1,-1,-1
308,2623,520,419,52,127,1,-1,-1,-1
308,2624,76,352,50,95,1,-1,-1,-1
308,2625,737,407,56,120,1,-1,-1,-1
308,2626,474,398,43,117,1,-1,-1,-1
308,2628,375,501,58,139,1,-1,-1,-1
309,2608,666,488,56,133,1,-1,-1,-1
309,2609,121,412,61,122,1,-1,-1,-1
309,2611,174,663,115,152,1,-1,-1,-1
309,2612,277,384,55,102,1,-1,-1,-1
309,2613,389,372,44,124,1,-1,-1,-1
309,2614,1111,507,71,126,1,-1,-1,-1
309,2618,1084,367,47,118,1,-1,-1,-1
309,2619,801,439,51,131,1,-1,-1,-1
309,2620,331,380,45,108,1,-1,-1,-1
309,2621,426,384,41,117,1,-1,-1,-1
309,2622,1172,503,56,115,1,-1,-1,-1
309,2623,515,418,51,127,1,-1,-1,-1
309,2624,69,352,50,96,1,-1,-1,-1
309,2625,731,407,57,120,1,-1,-1,-1
309,2626,468,397,44,118,1,-1,-1,-1
309,2628,369,500,59,139,1,-1,-1,-1
310,2608,657,488,57,133,1,-1,-1,-1
310,2609,111,413,61,122,1,-1,-1,-1
310,2611,193,664,113,150,1,-1,-1,-1
310,2612,267,383,56,103,1,-1,-1,-1
310,2613,382,372,44,124,1,-1,-1,-1
310,2614,1114,507,72,127,1,-1,-1,-1
310,2618,1077,367,47,117,1,-1,-1,-1
310,2619,798,438,51,132,1,-1,-1,-1
310,2620,323,380,45,108,1,-1,-1,-1
310,2621,419,384,41,117,1,-1,-1,-1
310,2622,1170,504,55,115,1,-1,-1,-1
310,2623,512,418,50,127,1,-1,-1,-1
310,2624,63,352,49,96,1,-1,-1,-1
310,2625,726,406,56,119,1,-1,-1,-1
310,2626,462,397,45,118,1,-1,-1,-1
310,2628,364,500,59,138,1,-1,-1,-1
311,2608,650,488,56,134,1,-1,-1,-1
311,2609,102,413,60,122,1,-1,-1,-1
311,2611,213,664,111,149,1,-1,-1,-1
311,2612,258,383,56,103,1,-1,-1,-1
311,2613,376,372,44,124,1,-1,-1,-1
311,2614,1117,507,71,127,1,-1,-1,-1
311,2618,1070,367,48,117,1,-1,-1,-1
311,2619,794,438,51,132,1,-1,-1,-1
311,2620,315,379,45,110,1,-1,-1,-1
311,2621,413,384,41,117,1,-1,-1,-1
311,2622,1168,505,54,114,1,-1,-1,-1
311,2623,508,418,49,126,1,-1,-1,-1
311,2624,56,352,50,96,1,-1,-1,-1
311,2625,720,405,57,119,1,-1,-1,-1
311,2626,457,396,45,119,1,-1,-1,-1
311,2628,359,499,60,138,1,-1,-1,-1
312,2608,642,488,57,135,1,-1,-1,-1
312,2609,93,413,59,122,1,-1,-1,-1
312,2611,232,664,111,147,1,-1,-1,-1
312,2612,248,382,56,104,1,-1,-1,-1
312,2613,369,372,44,124,1,-1,-1,-1
312,2614,1121,507,71,128,1,-1,-1,-1
312,2618,1064,366,47,117,1,-1,-1,-1
312,2619,790,437,52,133,1,-1,-1,-1
312,2620,308,379,45,110,1,-1,-1,-1
312,2621,406,384,41,116,1,-1,-1,-1
312,2622,1166,506,53,114,1,-1,-1,-1
312,2623,504,417,48,127,1,-1,-1,-1
312,2624,50,352,49,96,1,-1,-1,-1
312,2625,716,405,56,119,1,-1,-1,-1
312,2626,451,395,46,119,1,-1,-1,-1
312,2628,354,499,61,138,1,-1,-1,-1
313,2608,631,488,57,136,1,-1,-1,-1
313,2609,81,413,58,122,1,-1,-1,-1
313,2611,257,664,109,146,1,-1,-1,-1
313,2612,241,381,55,104,1,-1,-1,-1
313,2613,361,372,43,124,1,-1,-1,-1
313,2614,1125,507,70,128,1,-1,-1,-1
313,2618,1056,366,46,116,1,-1,-1,-1
313,2619,785,437,52,133,1,-1,-1,-1
313,2620,298,378,45,111,1,-1,-1,-1
313,2621,398,384,41,116,1,-1,-1,-1
313,2622,1164,506,51,114,1,-1,-1,-1
313,2623,499,417,47,126,1,-1,-1,-1
313,2624,41,352,50,97,1,-1,-1,-1
313,2625,709,404,56,118,1,-1,-1,-1
313,2626,444,394,47,119,1,-1,-1,-1
313,2628,347,499,63,138,1,-1,-1,-1
314,2608,625,488,57,137,1,-1,-1,-1
314,2609,74,413,57,122,1,-1,-1,-1
314,2611,273,664,108,145,1,-1,-1,-1
314,2612,236,381,54,103,1,-1,-1,-1
314,2613,356,372,44,123,1,-1,-1,-1
314,2614,1127,507,70,129,1,-1,-1,-1
314,2618,1051,366,46,114,1,-1,-1,-1
314,2619,783,436,51,133,1,-1,-1,-1
314,2620,293,377,44,112,1,-1,-1,-1
314,2621,393,384,40,115,1,-1,-1,-1
314,2622,1162,507,51,113,1,-1,-1,-1
314,2623,496,417,47,125,1,-1,-1,-1
314,2624,36,351,49,97,1,-1,-1,-1
314,2625,705,403,56,118,1,-1,-1,-1
314,2626,441,393,46,120,1,-1,-1,-1
314,2628,343,498,64,138,1,-1,-1,-1
315,2608,617,489,57,136,1,-1,-1,-1
315,2609,64,411,57,122,1,-1,-1,-1
315,2611,292,663,108,146,1,-1,-1,-1
315,2612,231,380,53,104,1,-1,-1,-1
315,2613,350,372,44,123,1,-1,-1,-1
315,2614,1129,508,69,129,1,-1,-1,-1
315,2618,1045,365,46,114,1,-1,-1,-1
315,2619,780,436,51,133,1,-1,-1,-1
315,2620,287,377,44,111,1,-1,-1,-1
315,2621,388,383,41,115,1,-1,-1,-1
315,2622,1162,507,50,114,1,-1,-1,-1
315,2623,494,416,46,125,1,-1,-1,-1
315,2624,32,351,48,97,1,-1,-1,-1
315,2625,700,403,56,117,1,-1,-1,-1
315,2626,437,393,48,119,1,-1,-1,-1
315,2628,338,498,65,137,1,-1,-1,-1
316,2608,609,489,57,136,1,-1,-1,-1
316,2609,55,409,57,122,1,-1,-1,-1
316,2611,312,663,108,146,1,-1,-1,-1
316,2612,224,379,53,104,1,-1,-1,-1
316,2613,345,371,44,123,1,-1,-1,-1
316,2614,1130,509,69,129,1,-1,-1,-1
316,2618,1040,364,45,114,1,-1,-1,-1
316,2619,777,436,51,132,1,-1,-1,-1
316,2620,281,376,43,112,1,-1,-1,-1
316,2621,383,382,41,115,1,-1,-1,-1
316,2622,1162,507,49,114,1,-1,-1,-1
316,2623,492,415,46,125,1,-1,-1,-1
316,2624,27,350,47,96,1,-1,-1,-1
316,2625,695,402,56,118,1,-1,-1,-1
316,2626,434,392,48,119,1,-1,-1,-1
316,2628,333,497,65,137,1,-1,-1,-1
317,2608,601,490,56,134,1,-1,-1,-1
317,2609,45,406,57,123,1,-1,-1,-1
317,2611,332,662,109,146,1,-1,-1,-1
317,2612,217,379,53,104,1,-1,-1,-1
317,2613,339,370,44,122,1,-1,-1,-1
317,2614,1133,510,69,130,1,-1,-1,-1
317,2618,1034,363,45,114,1,-1,-1,-1
317,2619,774,435,51,133,1,-1,-1,-1
317,2620,276,376,43,111,1,-1,-1,-1
317,2621,378,381,41,115,1,-1,-1,-1
317,2622,1162,508,49,114,1,-1,-1,-1
317,2623,489,414,45,125,1,-1,-1,-1
317,2624,22,349,47,96,1,-1,-1,-1
317,2625,690,401,56,117,1,-1,-1,-1
317,2626,431,391,48,119,1,-1,-1,-1
317,2628,329,496,65,137,1,-1,-1,-1
318,2608,593,490,56,134,1,-1,-1,-1
318,2609,35,404,56,123,1,-1,-1,-1
318,2611,352,661,110,146,1,-1,-1,-1
318,2612,211,378,52,104,1,-1,-1,-1
318,2613,333,369,45,122,1,-1,-1,-1
318,2614,1134,511,69,130,1,-1,-1,-1
318,2618,1028,362,45,113,1,-1,-1,-1
318,2619,771,435,50,132,1,-1,-1,-1
318,2620,270,375,43,112,1,-1,-1,-1
318,2621,373,380,40,115,1,-1,-1,-1
318,2622,1162,508,49,115,1,-1,-1,-1
318,2623,487,413,45,125,1,-1,-1,-1
318,2624,17,348,46,95,1,-1,-1,-1
318,2625,684,400,56,117,1,-1,-1,-1
318,2626,429,390,47,118,1,-1,-1,-1
318,2628,323,495,65,137,1,-1,-1,-1
319,2608,585,491,55,132,1,-1,-1,-1
319,2609,27,403,56,124,1,-1,-1,-1
319,2611,372,661,111,146,1,-1,-1,-1
319,2612,205,377,51,104,1,-1,-1,-1
319,2613,327,369,45,122,1,-1,-1,-1
319,2614,1136,512,69,130,1,-1,-1,-1
319,2618,1023,361,44,113,1,-1,-1,-1
319,2619,768,435,50,131,1,-1,-1,-1
319,2620,264,375,42,111,1,-1,-1,-1
319,2621,367,379,41,115,1,-1,-1,-1
319,2622,1162,508,48,115,1,-1,-1,-1
319,2623,484,412,45,124,1,-1,-1,-1
319,2624,13,347,44,95,1,-1,-1,-1
319,2625,678,399,57,117,1,-1,-1,-1
319,2626,426,389,47,118,1,-1,-1,-1
319,2628,318,494,65,137,1,-1,-1,-1
320,2608,577,491,55,132,1,-1,-1,-1
320,2609,19,403,57,123,1,-1,-1,-1
320,2611,392,660,113,147,1,-1,-1,-1
320,2612,198,377,52,104,1,-1,-1,-1
320,2613,320,368,47,122,1,-1,-1,-1
320,2614,1137,513,69,131,1,-1,-1,-1
320,2618,1018,360,43,113,1,-1,-1,-1
320,2619,765,434,50,131,1,-1,-1,-1
320,2620,258,374,42,111,1,-1,-1,-1
320,2621,362,378,41,115,1,-1,-1,-1
320,2622,1162,508,48,115,1,-1,-1,-1
320,2623,481,410,46,124,1,-1,-1,-1
320,2624,8,346,43,94,1,-1,-1,-1
320,2625,672,399,57,116,1,-1,-1,-1
320,2626,423,388,48,118,1,-1,-1,-1
320,2628,313,493,65,137,1,-1,-1,-1
321,2608,568,492,54,131,1,-1,-1,-1
321,2609,7,403,58,123,1,-1,-1,-1
321,2611,412,659,114,147,1,-1,-1,-1
321,2612,192,376,51,104,1,-1,-1,-1
321,2613,315,367,46,121,1,-1,-1,-1
321,2614,1139,515,69,131,1,-1,-1,-1
321,2618,1012,358,44,113,1,-1,-1,-1
321,2619,763,434,49,130,1,-1,-1,-1
321,2620,253,374,42,111,1,-1,-1,-1
321,2621,357,377,40,115,1,-1,-1,-1
321,2622,1162,508,48,116,1,-1,-1,-1
321,2623,479,409,45,124,1,-1,-1,-1
321,2624,3,345,42,94,1,-1,-1,-1
321,2625,667,398,57,116,1,-1,-1,-1
321,2626,421,387,47,117,1,-1,-1,-1
321,2628,309,493,64,136,1,-1,-1,-1
322,2608,559,492,54,131,1,-1,-1,-1
322,2609,2,403,59,122,1,-1,-1,-1
322,2611,432,658,116,148,1,-1,-1,-1
322,2612,184,375,52,104,1,-1,-1,-1
322,2613,308,366,48,121,1,-1,-1,-1
322,2614,1140,516,69,131,1,-1,-1,-1
322,2618,1006,357,44,113,1,-1,-1,-1
322,2619,759,434,50,129,1,-1,-1,-1
322,2620,246,373,42,111,1,-1,-1,-1
322,2621,352,376,40,115,1,-1,-1,-1
322,2622,1161,508,48,116,1,-1,-1,-1
322,2623,476,408,46,123,1,-1,-1,-1
322,2624,-1,344,40,93,1,-1,-1,-1
322,2625,661,397,58,116,1,-1,-1,-1
322,2626,418,386,48,117,1,-1,-1,-1
322,2628,304,492,64,136,1,-1,-1,-1
323,2608,551,493,54,129,1,-1,-1,-1
323,2609,-2,403,58,122,1,-1,-1,-1
323,2611,452,658,117,147,1,-1,-1,-1
323,2612,178,374,51,104,1,-1,-1,-1
323,2613,302,365,48,121,1,-1,-1,-1
323,2614,1141,517,70,132,1,-1,-1,-1
323,2618,1001,356,43,112,1,-1,-1,-1
323,2619,756,433,49,129,1,-1,-1,-1
323,2620,240,373,42,110,1,-1,-1,-1
323,2621,346,375,40,116,1,-1,-1,-1
323,2622,1161,508,48,116,1,-1,-1,-1
323,2623,473,407,46,123,1,-1,-1,-1
323,2624,-6,343,38,93,1,-1,-1,-1
323,2625,655,396,59,115,1,-1,-1,-1
323,2626,415,385,47,117,1,-1,-1,-1
323,2628,300,491,63,136,1,-1,-1,-1
324,2608,543,493,53,129,1,-1,-1,-1
324,2609,-6,403,56,121,1,-1,-1,-1
324,2611,471,657,119,148,1,-1,-1,-1
324,2612,171,374,51,104,1,-1,-1,-1
324,2613,296,365,49,120,1,-1,-1,-1
324,2614,1143,518,69,132,1,-1,-1,-1
324,2618,995,355,43,111,1,-1,-1,-1
324,2619,753,433,49,129,1,-1,-1,-1
324,2620,235,372,41,111,1,-1,-1,-1
324,2621,341,374,40,116,1,-1,-1,-1
324,2622,1161,508,47,117,1,-1,-1,-1
324,2623,470,406,47,123,1,-1,-1,-1
324,2624,-9,342,39,97,1,-1,-1,-1
324,2625,650,395,59,115,1,-1,-1,-1
324,2626,412,384,47,116,1,-1,-1,-1
324,2628,295,490,62,136,1,-1,-1,-1
325,2608,528,494,53,128,1,-1,-1,-1
325,2609,-14,403,53,119,1,-1,-1,-1
325,2611,504,656,121,149,1,-1,-1,-1
325,2612,160,373,51,103,1,-1,-1,-1
325,2613,289,364,50,120,1,-1,-1,-1
325,2614,1145,520,70,132,1,-1,-1,-1
325,2618,985,353,43,111,1,-1,-1,-1
325,2619,748,433,49,128,1,-1,-1,-1
325,2620,224,372,42,110,1,-1,-1,-1
325,2621,333,372,39,116,1,-1,-1,-1
325,2622,1160,509,48,117,1,-1,-1,-1
325,2623,465,404,48,123,1,-1,-1,-1
325,2625,640,394,60,114,1,-1,-1,-1
325,2626,407,383,47,116,1,-1,-1,-1
325,2628,287,489,62,135,1,-1,-1,-1
326,2608,524,495,52,127,1,-1,-1,-1
326,2609,-19,402,49,119,1,-1,-1,-1
326,2611,515,655,123,149,1,-1,-1,-1
326,2612,156,372,51,103,1,-1,-1,-1
326,2613,280,363,50,120,1,-1,-1,-1
326,2614,1146,521,71,132,1,-1,-1,-1
326,2618,982,352,42,111,1,-1,-1,-1
326,2619,746,432,50,128,1,-1,-1,-1
326,2620,221,371,42,110,1,-1,-1,-1
326,2621,329,371,39,116,1,-1,-1,-1
326,2622,1161,509,47,118,1,-1,-1,-1
326,2623,463,403,48,123,1,-1,-1,-1
326,2625,637,393,61,115,1,-1,-1,-1
326,2626,405,382,48,116,1,-1,-1,-1
326,2628,285,488,60,135,1,-1,-1,-1
326,2624,-11,344,36,95,1,-1,-1,-1
327,2608,514,495,53,127,1,-1,-1,-1
327,2609,-19,402,45,119,1,-1,-1,-1
327,2611,535,655,124,149,1,-1,-1,-1
327,2612,151,372,51,103,1,-1,-1,-1
327,2613,275,362,52,120,1,-1,-1,-1
327,2614,1144,522,70,132,1,-1,-1,-1
327,2618,978,351,42,111,1,-1,-1,-1
327,2619,744,432,50,127,1,-1,-1,-1
327,2620,216,371,42,110,1,-1,-1,-1
327,2621,325,370,39,116,1,-1,-1,-1
327,2622,1161,509,48,117,1,-1,-1,-1
327,2623,463,402,48,122,1,-1,-1,-1
327,2625,631,392,62,115,1,-1,-1,-1
327,2626,402,381,48,116,1,-1,-1,-1
327,2628,283,487,59,135,1,-1,-1,-1
327,2624,-12,348,32,90,1,-1,-1,-1
328,2608,504,495,53,127,1,-1,-1,-1
328,2609,-18,402,42,119,1,-1,-1,-1
328,2611,558,656,125,148,1,-1,-1,-1
328,2612,145,371,51,105,1,-1,-1,-1
328,2613,270,361,52,119,1,-1,-1,-1
328,2614,1140,522,71,132,1,-1,-1,-1
328,2618,972,350,42,110,1,-1,-1,-1
328,2619,743,431,49,127,1,-1,-1,-1
328,2620,210,370,42,110,1,-1,-1,-1
328,2621,320,370,39,115,1,-1,-1,-1
328,2622,1162,509,47,117,1,-1,-1,-1
328,2623,462,401,49,122,1,-1,-1,-1
328,2625,625,391,62,114,1,-1,-1,-1
328,2626,400,380,47,115,1,-1,-1,-1
328,2628,281,486,58,134,1,-1,-1,-1
328,2624,-11,349,28,88,1,-1,-1,-1
329,2608,493,495,53,128,1,-1,-1,-1
329,2611,582,656,126,148,1,-1,-1,-1
329,2612,139,371,52,106,1,-1,-1,-1
329,2613,263,360,52,119,1,-1,-1,-1
329,2614,1136,523,71,130,1,-1,-1,-1
329,2618,967,348,41,111,1,-1,-1,-1
329,2619,742,431,49,126,1,-1,-1,-1
329,2620,203,369,43,110,1,-1,-1,-1
329,2621,315,369,39,114,1,-1,-1,-1
329,2622,1163,510,47,117,1,-1,-1,-1
329,2623,462,399,49,122,1,-1,-1,-1
329,2625,618,390,64,114,1,-1,-1,-1
329,2626,397,378,47,115,1,-1,-1,-1
329,2628,278,485,58,134,1,-1,-1,-1
329,2624,-10,349,26,88,1,-1,-1,-1
330,2608,482,496,53,128,1,-1,-1,-1
330,2611,607,657,126,147,1,-1,-1,-1
330,2612,133,371,52,105,1,-1,-1,-1
330,2613,257,358,52,119,1,-1,-1,-1
330,2614,1132,524,70,129,1,-1,-1,-1
330,2618,961,347,42,110,1,-1,-1,-1
330,2619,742,430,48,126,1,-1,-1,-1
330,2620,197,369,43,110,1,-1,-1,-1
330,2621,310,368,40,114,1,-1,-1,-1
330,2622,1164,510,47,117,1,-1,-1,-1
330,2623,461,397,49,121,1,-1,-1,-1
330,2625,611,389,66,113,1,-1,-1,-1
330,2626,395,376,46,115,1,-1,-1,-1
330,2628,276,483,57,134,1,-1,-1,-1
331,2608,471,496,53,128,1,-1,-1,-1
331,2611,631,658,128,147,1,-1,-1,-1
331,2612,128,370,51,107,1,-1,-1,-1
331,2613,251,357,52,119,1,-1,-1,-1
331,2614,1128,524,71,130,1,-1,-1,-1
331,2618,956,346,41,109,1,-1,-1,-1
331,2619,741,430,48,124,1,-1,-1,-1
331,2620,191,368,43,111,1,-1,-1,-1
331,2621,305,367,39,113,1,-1,-1,-1
331,2622,1164,511,48,117,1,-1,-1,-1
331,2623,461,396,49,121,1,-1,-1,-1
331,2625,605,388,67,113,1,-1,-1,-1
331,2626,391,375,47,115,1,-1,-1,-1
331,2628,274,482,56,133,1,-1,-1,-1
332,2608,458,496,52,130,1,-1,-1,-1
332,2611,660,658,128,147,1,-1,-1,-1
332,2612,121,370,51,107,1,-1,-1,-1
332,2613,243,355,52,119,1,-1,-1,-1
332,2614,1123,525,71,128,1,-1,-1,-1
332,2618,951,344,40,110,1,-1,-1,-1
332,2619,739,429,48,124,1,-1,-1,-1
332,2620,184,367,43,111,1,-1,-1,-1
332,2621,298,366,41,113,1,-1,-1,-1
332,2622,1165,512,48,117,1,-1,-1,-1
332,2623,460,394,49,120,1,-1,-1,-1
332,2625,596,386,69,113,1,-1,-1,-1
332,2626,388,373,47,115,1,-1,-1,-1
332,2628,271,480,56,133,1,-1,-1,-1
333,2608,449,497,53,129,1,-1,-1,-1
333,2611,680,658,128,147,1,-1,-1,-1
333,2612,116,369,50,108,1,-1,-1,-1
333,2613,239,354,51,118,1,-1,-1,-1
333,2614,1118,524,71,128,1,-1,-1,-1
333,2618,945,343,41,109,1,-1,-1,-1
333,2619,738,428,48,124,1,-1,-1,-1
333,2620,179,366,43,111,1,-1,-1,-1
333,2621,294,365,41,112,1,-1,-1,-1
333,2622,1166,512,48,117,1,-1,-1,-1
333,2623,459,392,49,120,1,-1,-1,-1
333,2625,591,385,71,113,1,-1,-1,-1
333,2626,386,372,47,114,1,-1,-1,-1
333,2628,270,479,55,133,1,-1,-1,-1
334,2608,440,497,53,130,1,-1,-1,-1
334,2611,701,658,127,147,1,-1,-1,-1
334,2612,111,368,50,109,1,-1,-1,-1
334,2613,234,353,50,118,1,-1,-1,-1
334,2614,1112,521,71,129,1,-1,-1,-1
334,2618,939,342,41,108,1,-1,-1,-1
334,2619,739,428,47,122,1,-1,-1,-1
334,2620,175,365,42,111,1,-1,-1,-1
334,2621,291,364,41,112,1,-1,-1,-1
334,2622,1167,513,48,117,1,-1,-1,-1
334,2623,458,390,49,120,1,-1,-1,-1
334,2625,586,384,72,112,1,-1,-1,-1
334,2626,385,370,46,114,1,-1,-1,-1
334,2628,269,477,55,133,1,-1,-1,-1
335,2608,431,497,53,131,1,-1,-1,-1
335,2611,720,658,128,146,1,-1,-1,-1
335,2612,107,367,49,110,1,-1,-1,-1
335,2613,229,351,50,118,1,-1,-1,-1
335,2614,1105,518,72,130,1,-1,-1,-1
335,2618,934,340,40,108,1,-1,-1,-1
335,2619,738,427,47,122,1,-1,-1,-1
335,2620,171,364,42,111,1,-1,-1,-1
335,2621,287,363,42,112,1,-1,-1,-1
335,2622,1168,513,48,117,1,-1,-1,-1
335,2623,456,389,49,119,1,-1,-1,-1
335,2625,580,382,73,112,1,-1,-1,-1
335,2626,383,368,47,114,1,-1,-1,-1
335,2628,268,476,55,132,1,-1,-1,-1
336,2608,421,497,54,131,1,-1,-1,-1
336,2611,741,658,127,145,1,-1,-1,-1
336,2612,101,366,50,110,1,-1,-1,-1
336,2613,224,350,50,118,1,-1,-1,-1
336,2614,1099,515,71,131,1,-1,-1,-1
336,2618,928,338,41,108,1,-1,-1,-1
336,2619,738,427,46,121,1,-1,-1,-1
336,2620,167,362,42,111,1,-1,-1,-1
336,2621,284,363,42,110,1,-1,-1,-1
336,2622,1168,514,49,117,1,-1,-1,-1
336,2623,454,387,50,119,1,-1,-1,-1
336,2625,576,381,74,112,1,-1,-1,-1
336,2626,382,366,47,114,1,-1,-1,-1
336,2628,267,475,55,131,1,-1,-1,-1
337,2608,412,497,55,132,1,-1,-1,-1
337,2611,762,658,126,145,1,-1,-1,-1
337,2612,96,365,50,111,1,-1,-1,-1
337,2613,220,349,49,117,1,-1,-1,-1
337,2614,1092,513,71,131,1,-1,-1,-1
337,2618,923,337,40,108,1,-1,-1,-1
337,2619,738,426,45,121,1,-1,-1,-1
337,2620,162,361,43,111,1,-1,-1,-1
337,2621,280,362,42,110,1,-1,-1,-1
337,2622,1169,514,49,117,1,-1,-1,-1
337,2623,452,385,51,119,1,-1,-1,-1
337,2625,571,380,75,111,1,-1,-1,-1
337,2626,380,364,48,114,1,-1,-1,-1
337,2628,266,473,55,132,1,-1,-1,-1
338,2608,400,497,56,133,1,-1,-1,-1
338,2611,789,657,124,144,1,-1,-1,-1
338,2612,89,363,49,112,1,-1,-1,-1
338,2613,214,347,48,117,1,-1,-1,-1
338,2614,1084,508,70,133,1,-1,-1,-1
338,2618,915,336,40,107,1,-1,-1,-1
338,2619,737,426,45,119,1,-1,-1,-1
338,2620,156,359,43,112,1,-1,-1,-1
338,2621,276,361,42,110,1,-1,-1,-1
338,2622,1170,515,50,117,1,-1,-1,-1
338,2623,450,383,51,118,1,-1,-1,-1
338,2625,565,378,76,111,1,-1,-1,-1
338,2626,378,361,49,114,1,-1,-1,-1
338,2628,265,471,55,131,1,-1,-1,-1
339,2608,393,498,57,133,1,-1,-1,-1
339,2611,806,657,124,144,1,-1,-1,-1
339,2612,87,362,49,113,1,-1,-1,-1
339,2613,211,346,48,117,1,-1,-1,-1
339,2614,1079,506,70,133,1,-1,-1,-1
339,2618,912,334,40,107,1,-1,-1,-1
339,2619,739,425,44,119,1,-1,-1,-1
339,2620,154,358,43,112,1,-1,-1,-1
339,2621,274,360,43,109,1,-1,-1,-1
339,2622,1172,516,50,117,1,-1,-1,-1
339,2623,450,381,51,118,1,-1,-1,-1
339,2625,563,377,76,111,1,-1,-1,-1
339,2626,376,360,51,113,1,-1,-1,-1
339,2628,265,470,54,131,1,-1,-1,-1
340,2608,387,497,57,133,1,-1,-1,-1
340,2611,828,656,122,145,1,-1,-1,-1
340,2612,86,362,49,112,1,-1,-1,-1
340,2613,209,344,47,117,1,-1,-1,-1
340,2614,1075,503,69,133,1,-1,-1,-1
340,2618,909,333,39,107,1,-1,-1,-1
340,2619,742,424,43,119,1,-1,-1,-1
340,2620,153,357,43,113,1,-1,-1,-1
340,2621,274,359,43,109,1,-1,-1,-1
340,2622,1176,516,51,117,1,-1,-1,-1
340,2623,451,380,52,118,1,-1,-1,-1
340,2625,561,376,77,111,1,-1,-1,-1
340,2626,375,359,52,113,1,-1,-1,-1
340,2628,266,469,54,131,1,-1,-1,-1
341,2608,380,497,58,132,1,-1,-1,-1
341,2611,850,656,122,146,1,-1,-1,-1
341,2612,86,361,48,112,1,-1,-1,-1
341,2613,207,342,47,117,1,-1,-1,-1
341,2614,1070,501,68,133,1,-1,-1,-1
341,2618,906,331,39,106,1,-1,-1,-1
341,2619,744,422,44,120,1,-1,-1,-1
341,2620,152,357,44,112,1,-1,-1,-1
341,2621,274,357,43,110,1,-1,-1,-1
341,2622,1180,516,52,118,1,-1,-1,-1
341,2623,452,378,52,117,1,-1,-1,-1
341,2625,560,375,77,110,1,-1,-1,-1
341,2626,374,357,53,112,1,-1,-1,-1
341,2628,267,467,54,131,1,-1,-1,-1
342,2608,373,497,58,132,1,-1,-1,-1
342,2611,872,656,122,146,1,-1,-1,-1
342,2612,85,360,48,112,1,-1,-1,-1
342,2613,206,340,46,116,1,-1,-1,-1
342,2614,1066,498,67,133,1,-1,-1,-1
342,2618,904,329,39,106,1,-1,-1,-1
342,2619,747,421,44,120,1,-1,-1,-1
342,2620,152,356,43,112,1,-1,-1,-1
342,2621,274,355,43,109,1,-1,-1,-1
342,2622,1185,516,52,119,1,-1,-1,-1
342,2623,454,376,52,117,1,-1,-1,-1
342,2625,559,373,78,110,1,-1,-1,-1
342,2626,374,355,53,112,1,-1,-1,-1
342,2628,269,466,54,130,1,-1,-1,-1
343,2608,367,497,58,131,1,-1,-1,-1
343,2611,895,657,121,147,1,-1,-1,-1
343,2612,85,360,47,112,1,-1,-1,-1
343,2613,204,338,46,116,1,-1,-1,-1
343,2614,1061,495,66,133,1,-1,-1,-1
343,2618,901,327,39,106,1,-1,-1,-1
343,2619,751,419,44,121,1,-1,-1,-1
343,2620,151,355,44,112,1,-1,-1,-1
343,2621,274,353,44,109,1,-1,-1,-1
343,2622,1190,516,53,120,1,-1,-1,-1
343,2623,456,374,51,117,1,-1,-1,-1
343,2625,558,372,78,109,1,-1,-1,-1
343,2626,373,354,55,111,1,-1,-1,-1
343,2628,270,464,54,130,1,-1,-1,-1
344,2608,361,496,57,131,1,-1,-1,-1
344,2611,918,657,121,147,1,-1,-1,-1
344,2612,84,360,47,111,1,-1,-1,-1
344,2613,202,336,46,116,1,-1,-1,-1
344,2614,1057,493,65,133,1,-1,-1,-1
344,2618,898,326,39,105,1,-1,-1,-1
344,2619,754,418,44,121,1,-1,-1,-1
344,2620,150,354,45,112,1,-1,-1,-1
344,2621,275,352,43,108,1,-1,-1,-1
344,2622,1195,517,53,120,1,-1,-1,-1
344,2623,458,372,51,116,1,-1,-1,-1
344,2625,558,370,77,110,1,-1,-1,-1
344,2626,372,352,56,111,1,-1,-1,-1
344,2628,272,463,54,130,1,-1,-1,-1
345,2608,354,496,57,130,1,-1,-1,-1
345,2611,942,657,120,148,1,-1,-1,-1
345,2612,83,359,47,110,1,-1,-1,-1
345,2613,200,334,46,116,1,-1,-1,-1
345,2614,1052,490,65,133,1,-1,-1,-1
345,2618,896,324,38,105,1,-1,-1,-1
345,2619,757,416,44,122,1,-1,-1,-1
345,2620,150,353,44,112,1,-1,-1,-1
345,2621,275,350,44,109,1,-1,-1,-1
345,2622,1200,517,54,121,1,-1,-1,-1
345,2623,460,370,51,116,1,-1,-1,-1
345,2625,557,368,78,110,1,-1,-1,-1
345,2626,371,350,57,111,1,-1,-1,-1
345,2628,273,461,54,130,1,-1,-1,-1
346,2608,348,496,57,130,1,-1,-1,-1
346,2611,965,657,119,148,1,-1,-1,-1
346,2612,83,358,46,110,1,-1,-1,-1
346,2613,198,332,46,116,1,-1,-1,-1
346,2614,1047,487,64,133,1,-1,-1,-1
346,2618,893,322,38,105,1,-1,-1,-1
346,2619,760,415,44,122,1,-1,-1,-1
346,2620,149,351,45,113,1,-1,-1,-1
346,2621,275,348,44,109,1,-1,-1,-1
346,2622,1205,517,54,122,1,-1,-1,-1
346,2623,461,368,51,115,1,-1,-1,-1
346,2625,556,367,78,110,1,-1,-1,-1
346,2626,371,349,57,109,1,-1,-1,-1
346,2628,275,460,54,130,1,-1,-1,-1
347,2608,342,495,56,129,1,-1,-1,-1
347,2611,988,658,118,148,1,-1,-1,-1
347,2612,82,358,46,110,1,-1,-1,-1
347,2613,196,330,47,115,1,-1,-1,-1
347,2614,1043,485,63,133,1,-1,-1,-1
347,2618,890,320,38,105,1,-1,-1,-1
347,2619,764,413,44,123,1,-1,-1,-1
347,2620,148,350,46,113,1,-1,-1,-1
347,2621,275,346,44,109,1,-1,-1,-1
347,2622,1209,517,55,124,1,-1,-1,-1
347,2623,464,366,50,115,1,-1,-1,-1
347,2625,556,366,77,109,1,-1,-1,-1
347,2626,369,347,59,109,1,-1,-1,-1
347,2628,276,459,54,130,1,-1,-1,-1
348,2608,335,495,56,129,1,-1,-1,-1
348,2611,1011,658,118,148,1,-1,-1,-1
348,2612,81,357,46,110,1,-1,-1,-1
348,2613,194,328,47,115,1,-1,-1,-1
348,2614,1038,482,63,133,1,-1,-1,-1
348,2618,887,319,38,104,1,-1,-1,-1
348,2619,767,412,44,123,1,-1,-1,-1
348,2620,147,349,46,113,1,-1,-1,-1
348,2621,275,345,45,109,1,-1,-1,-1
348,2622,1215,518,55,124,1,-1,-1,-1
348,2623,466,364,50,115,1,-1,-1,-1
348,2625,556,364,76,109,1,-1,-1,-1
348,2626,368,346,60,108,1,-1,-1,-1
348,2628,278,457,53,130,1,-1,-1,-1
349,2608,329,494,55,129,1,-1,-1,-1
349,2611,1034,658,117,149,1,-1,-1,-1
349,2612,80,357,46,109,1,-1,-1,-1
349,2613,192,326,47,115,1,-1,-1,-1
349,2614,1033,479,63,134,1,-1,-1,-1
349,2618,885,317,37,104,1,-1,-1,-1
349,2619,770,410,44,124,1,-1,-1,-1
349,2620,147,347,46,114,1,-1,-1,-1
349,2621,275,343,45,109,1,-1,-1,-1
349,2622,1219,518,56,124,1,-1,-1,-1
349,2623,468,362,49,114,1,-1,-1,-1
349,2625,555,363,76,109,1,-1,-1,-1
349,2626,367,344,62,108,1,-1,-1,-1
349,2628,279,456,53,129,1,-1,-1,-1
350,2608,319,494,54,127,1,-1,-1,-1
350,2611,1071,658,117,150,1,-1,-1,-1
350,2612,79,356,45,109,1,-1,-1,-1
350,2613,190,324,48,115,1,-1,-1,-1
350,2614,1025,475,63,134,1,-1,-1,-1
350,2618,880,314,37,103,1,-1,-1,-1
350,2619,775,407,45,125,1,-1,-1,-1
350,2620,145,346,47,114,1,-1,-1,-1
350,2621,275,340,45,109,1,-1,-1,-1
350,2622,1228,518,56,126,1,-1,-1,-1
350,2623,471,358,48,114,1,-1,-1,-1
350,2625,554,361,76,108,1,-1,-1,-1
350,2626,366,341,63,107,1,-1,-1,-1
350,2628,282,453,52,129,1,-1,-1,-1
351,2608,315,494,54,127,1,-1,-1,-1
351,2611,1085,658,116,151,1,-1,-1,-1
351,2612,78,355,46,109,1,-1,-1,-1
351,2613,189,322,48,115,1,-1,-1,-1
351,2614,1022,473,63,134,1,-1,-1,-1
351,2618,879,313,36,103,1,-1,-1,-1
351,2619,776,406,46,125,1,-1,-1,-1
351,2620,145,345,47,114,1,-1,-1,-1
351,2621,275,339,46,109,1,-1,-1,-1
351,2622,1231,518,56,127,1,-1,-1,-1
351,2623,473,357,47,114,1,-1,-1,-1
351,2625,554,360,75,108,1,-1,-1,-1
351,2626,365,340,65,107,1,-1,-1,-1
351,2628,283,452,52,129,1,-1,-1,-1
352,2608,310,495,53,127,1,-1,-1,-1
352,2611,1106,658,114,150,1,-1,-1,-1
352,2612,79,355,45,109,1,-1,-1,-1
352,2613,190,321,49,114,1,-1,-1,-1
352,2614,1020,471,62,134,1,-1,-1,-1
352,2618,878,311,37,103,1,-1,-1,-1
352,2619,781,407,45,125,1,-1,-1,-1
352,2620,147,345,48,113,1,-1,-1,-1
352,2621,277,338,46,109,1,-1,-1,-1
352,2622,1239,518,56,128,1,-1,-1,-1
352,2623,475,355,46,114,1,-1,-1,-1
352,2625,555,359,75,107,1,-1,-1,-1
352,2626,365,339,66,106,1,-1,-1,-1
352,2628,285,451,52,129,1,-1,-1,-1
353,2608,305,496,53,128,1,-1,-1,-1
353,2611,1128,658,113,150,1,-1,-1,-1
353,2612,79,355,45,108,1,-1,-1,-1
353,2613,192,320,48,113,1,-1,-1,-1
353,2614,1019,469,62,133,1,-1,-1,-1
353,2618,878,310,36,102,1,-1,-1,-1
353,2619,787,407,45,124,1,-1,-1,-1
353,2620,151,344,48,114,1,-1,-1,-1
353,2621,280,337,45,109,1,-1,-1,-1
353,2622,1247,519,58,128,1,-1,-1,-1
353,2623,477,353,46,113,1,-1,-1,-1
353,2625,556,357,74,108,1,-1,-1,-1
353,2626,365,338,66,105,1,-1,-1,-1
353,2628,288,451,52,129,1,-1,-1,-1
354,2608,299,497,53,129,1,-1,-1,-1
354,2611,1151,658,112,150,1,-1,-1,-1
354,2612,79,355,45,108,1,-1,-1,-1
354,2613,193,319,48,112,1,-1,-1,-1
354,2614,1018,468,61,132,1,-1,-1,-1
354,2618,878,309,36,102,1,-1,-1,-1
354,2619,793,407,46,124,1,-1,-1,-1
354,2620,154,343,49,114,1,-1,-1,-1
354,2621,282,336,46,108,1,-1,-1,-1
354,2622,1257,520,58,128,1,-1,-1,-1
354,2623,481,352,45,112,1,-1,-1,-1
354,2625,557,356,74,108,1,-1,-1,-1
354,2626,365,337,67,105,1,-1,-1,-1
354,2628,291,450,52,128,1,-1,-1,-1
355,2608,293,498,53,131,1,-1,-1,-1
355,2611,1174,658,111,150,1,-1,-1,-1
355,2612,80,354,45,108,1,-1,-1,-1
355,2613,195,318,48,111,1,-1,-1,-1
355,2614,1017,466,62,131,1,-1,-1,-1
355,2618,878,307,36,102,1,-1,-1,-1
355,2619,798,407,46,124,1,-1,-1,-1
355,2620,158,343,49,113,1,-1,-1,-1
355,2621,284,335,46,108,1,-1,-1,-1
355,2622,1267,521,59,129,1,-1,-1,-1
355,2623,483,350,45,111,1,-1,-1,-1
355,2625,558,355,74,108,1,-1,-1,-1
355,2626,365,336,68,104,1,-1,-1,-1
355,2628,294,449,52,128,1,-1,-1,-1
356,2608,287,499,54,132,1,-1,-1,-1
356,2611,1198,657,110,150,1,-1,-1,-1
356,2612,80,354,45,108,1,-1,-1,-1
356,2613,196,317,48,110,1,-1,-1,-1
356,2614,1016,464,61,131,1,-1,-1,-1
356,2618,878,306,36,101,1,-1,-1,-1
356,2619,804,407,46,123,1,-1,-1,-1
356,2620,162,342,49,113,1,-1,-1,-1
356,2621,287,335,47,108,1,-1,-1,-1
356,2622,1276,522,61,129,1,-1,-1,-1
356,2623,486,348,45,111,1,-1,-1,-1
356,2625,559,354,74,108,1,-1,-1,-1
356,2626,364,336,70,104,1,-1,-1,-1
356,2628,297,448,52,128,1,-1,-1,-1
357,2608,280,500,54,133,1,-1,-1,-1
357,2611,1224,657,109,149,1,-1,-1,-1
357,2612,81,354,45,107,1,-1,-1,-1
357,2613,198,316,47,109,1,-1,-1,-1
357,2614,1015,462,61,130,1,-1,-1,-1
357,2618,878,304,36,101,1,-1,-1,-1
357,2619,810,407,46,123,1,-1,-1,-1
357,2620,165,342,50,113,1,-1,-1,-1
357,2621,290,334,47,108,1,-1,-1,-1
357,2622,1287,523,62,130,1,-1,-1,-1
357,2623,489,346,44,111,1,-1,-1,-1
357,2625,560,353,75,108,1,-1,-1,-1
357,2626,364,335,70,103,1,-1,-1,-1
357,2628,300,447,52,128,1,-1,-1,-1
358,2608,275,501,54,134,1,-1,-1,-1
358,2611,1241,657,107,148,1,-1,-1,-1
358,2612,81,354,46,107,1,-1,-1,-1
358,2613,198,314,48,109,1,-1,-1,-1
358,2614,1014,461,61,128,1,-1,-1,-1
358,2618,878,302,36,101,1,-1,-1,-1
358,2619,816,407,46,123,1,-1,-1,-1
358,2620,169,341,50,113,1,-1,-1,-1
358,2621,291,333,47,107,1,-1,-1,-1
358,2622,1294,524,64,130,1,-1,-1,-1
358,2623,492,344,44,111,1,-1,-1,-1
358,2625,562,352,74,108,1,-1,-1,-1
358,2626,364,334,71,103,1,-1,-1,-1
358,2628,303,446,51,128,1,-1,-1,-1
359,2608,270,502,55,135,1,-1,-1,-1
359,2611,1257,656,105,148,1,-1,-1,-1
359,2612,82,353,46,107,1,-1,-1,-1
359,2613,198,313,47,108,1,-1,-1,-1
359,2614,1013,460,60,127,1,-1,-1,-1
359,2618,878,301,35,100,1,-1,-1,-1
359,2619,822,407,47,122,1,-1,-1,-1
359,2620,173,340,50,113,1,-1,-1,-1
359,2621,292,332,48,107,1,-1,-1,-1
359,2622,1302,525,65,131,1,-1,-1,-1
359,2623,495,342,43,111,1,-1,-1,-1
359,2625,562,351,74,107,1,-1,-1,-1
359,2626,364,333,72,102,1,-1,-1,-1
359,2628,306,445,51,127,1,-1,-1,-1
359,2688,0,326,11,73,1,-1,-1,-1
360,2608,265,503,55,136,1,-1,-1,-1
360,2611,1272,656,104,147,1,-1,-1,-1
360,2612,84,353,45,106,1,-1,-1,-1
360,2613,198,312,46,106,1,-1,-1,-1
360,2614,1012,459,60,127,1,-1,-1,-1
360,2618,878,299,35,100,1,-1,-1,-1
360,2619,829,407,46,122,1,-1,-1,-1
360,2620,177,340,50,112,1,-1,-1,-1
360,2621,293,331,47,107,1,-1,-1,-1
360,2622,1310,526,66,131,1,-1,-1,-1
360,2623,497,341,43,110,1,-1,-1,-1
360,2625,563,350,74,107,1,-1,-1,-1
360,2626,364,332,73,102,1,-1,-1,-1
360,2628,309,445,51,127,1,-1,-1,-1
360,2688,1,325,12,74,1,-1,-1,-1
361,2608,261,504,55,137,1,-1,-1,-1
361,2611,1287,656,102,145,1,-1,-1,-1
361,2612,85,352,45,106,1,-1,-1,-1
361,2613,197,310,46,106,1,-1,-1,-1
361,2614,1010,458,60,126,1,-1,-1,-1
361,2618,878,298,35,99,1,-1,-1,-1
361,2619,835,407,46,121,1,-1,-1,-1
361,2620,180,339,51,112,1,-1,-1,-1
361,2621,294,330,47,107,1,-1,-1,-1
361,2622,1318,527,67,131,1,-1,-1,-1
361,2623,500,339,43,110,1,-1,-1,-1
361,2625,564,349,74,107,1,-1,-1,-1
361,2626,364,331,75,101,1,-1,-1,-1
361,2628,312,444,51,127,1,-1,-1,-1
361,2688,3,323,12,77,1,-1,-1,-1
362,2608,256,505,56,138,1,-1,-1,-1
362,2611,1302,656,100,144,1,-1,-1,-1
362,2612,86,352,46,106,1,-1,-1,-1
362,2613,197,309,45,104,1,-1,-1,-1
362,2614,1010,457,59,125,1,-1,-1,-1
362,2618,878,296,35,99,1,-1,-1,-1
362,2619,841,407,46,121,1,-1,-1,-1
362,2620,184,338,51,112,1,-1,-1,-1
362,2621,295,329,47,106,1,-1,-1,-1
362,2622,1326,528,67,132,1,-1,-1,-1
362,2623,503,338,43,109,1,-1,-1,-1
362,2625,566,348,73,107,1,-1,-1,-1
362,2626,364,330,76,101,1,-1,-1,-1
362,2628,315,443,51,126,1,-1,-1,-1
362,2688,5,321,13,80,1,-1,-1,-1
363,2608,250,507,56,139,1,-1,-1,-1
363,2611,1322,655,98,143,1,-1,-1,-1
363,2612,87,351,46,106,1,-1,-1,-1
363,2613,196,307,45,103,1,-1,-1,-1
363,2614,1008,456,58,124,1,-1,-1,-1
363,2618,877,294,35,98,1,-1,-1,-1
363,2619,848,408,47,120,1,-1,-1,-1
363,2620,189,338,51,112,1,-1,-1,-1
363,2621,296,328,46,106,1,-1,-1,-1
363,2622,1337,530,67,133,1,-1,-1,-1
363,2623,505,337,45,108,1,-1,-1,-1
363,2625,567,347,74,107,1,-1,-1,-1
363,2626,364,329,76,100,1,-1,-1,-1
363,2628,319,442,51,126,1,-1,-1,-1
363,2688,7,319,14,82,1,-1,-1,-1
364,2608,246,508,57,139,1,-1,-1,-1
364,2611,1332,655,97,143,1,-1,-1,-1
364,2612,89,350,46,106,1,-1,-1,-1
364,2613,196,306,45,104,1,-1,-1,-1
364,2614,1008,456,58,124,1,-1,-1,-1
364,2618,878,293,35,98,1,-1,-1,-1
364,2619,854,408,46,120,1,-1,-1,-1
364,2620,192,337,52,112,1,-1,-1,-1
364,2621,298,327,46,106,1,-1,-1,-1
364,2622,1343,531,67,133,1,-1,-1,-1
364,2623,508,335,44,108,1,-1,-1,-1
364,2625,568,346,74,107,1,-1,-1,-1
364,2626,365,328,78,99,1,-1,-1,-1
364,2628,321,442,51,126,1,-1,-1,-1
364,2688,8,318,15,84,1,-1,-1,-1
365,2608,243,509,57,140,1,-1,-1,-1
365,2611,1342,655,97,142,1,-1,-1,-1
365,2612,91,350,46,105,1,-1,-1,-1
365,2613,198,305,45,104,1,-1,-1,-1
365,2614,1010,456,57,124,1,-1,-1,-1
365,2618,880,292,34,98,1,-1,-1,-1
365,2619,861,408,47,120,1,-1,-1,-1
365,2620,197,337,52,111,1,-1,-1,-1
365,2621,301,326,45,106,1,-1,-1,-1
365,2622,1351,534,67,131,1,-1,-1,-1
365,2623,511,334,45,108,1,-1,-1,-1
365,2625,571,345,74,107,1,-1,-1,-1
365,2626,369,328,79,99,1,-1,-1,-1
365,2628,325,441,51,126,1,-1,-1,-1
365,2688,10,317,16,86,1,-1,-1,-1
366,2608,240,511,57,139,1,-1,-1,-1
366,2611,1353,655,97,143,1,-1,-1,-1
366,2612,94,349,46,105,1,-1,-1,-1
366,2613,199,304,46,105,1,-1,-1,-1
366,2614,1013,457,56,122,1,-1,-1,-1
366,2618,881,292,35,97,1,-1,-1,-1
366,2619,869,409,47,120,1,-1,-1,-1
366,2620,203,336,52,112,1,-1,-1,-1
366,2621,305,325,44,105,1,-1,-1,-1
366,2622,1360,537,66,130,1,-1,-1,-1
366,2623,514,333,46,108,1,-1,-1,-1
366,2625,575,345,74,107,1,-1,-1,-1
366,2626,374,327,79,99,1,-1,-1,-1
366,2628,329,441,51,126,1,-1,-1,-1
366,2688,14,316,18,89,1,-1,-1,-1
367,2608,238,512,56,140,1,-1,-1,-1
367,2611,1364,654,96,144,1,-1,-1,-1
367,2612,97,348,47,105,1,-1,-1,-1
367,2613,202,303,45,105,1,-1,-1,-1
367,2614,1015,458,56,121,1,-1,-1,-1
367,2618,883,291,35,97,1,-1,-1,-1
367,2619,877,409,47,120,1,-1,-1,-1
367,2620,209,336,52,112,1,-1,-1,-1
367,2621,309,324,44,104,1,-1,-1,-1
367,2622,1369,541,65,127,1,-1,-1,-1
367,2623,518,332,46,107,1,-1,-1,-1
367,2625,578,344,74,107,1,-1,-1,-1
367,2626,378,326,81,100,1,-1,-1,-1
367,2628,333,441,51,126,1,-1,-1,-1
367,2688,19,313,21,93,1,-1,-1,-1
367,2689,0,368,21,66,1,-1,-1,-1
368,2608,235,513,56,140,1,-1,-1,-1
368,2611,1374,654,97,144,1,-1,-1,-1
368,2612,100,348,47,105,1,-1,-1,-1
368,2613,204,302,45,105,1,-1,-1,-1
368,2614,1018,458,56,120,1,-1,-1,-1
368,2618,884,291,36,97,1,-1,-1,-1
368,2619,885,409,47,119,1,-1,-1,-1
368,2620,215,336,52,112,1,-1,-1,-1
368,2621,312,322,44,105,1,-1,-1,-1
368,2622,1377,545,65,125,1,-1,-1,-1
368,2623,521,330,47,108,1,-1,-1,-1
368,2625,582,344,73,108,1,-1,-1,-1
368,2626,383,326,82,99,1,-1,-1,-1
368,2628,337,441,51,127,1,-1,-1,-1
368,2688,25,311,23,97,1,-1,-1,-1
368,2689,3,363,22,70,1,-1,-1,-1
369,2608,232,515,56,139,1,-1,-1,-1
369,2611,1385,654,96,144,1,-1,-1,-1
369,2612,103,347,47,105,1,-1,-1,-1
369,2613,206,301,44,106,1,-1,-1,-1
369,2614,1020,458,56,119,1,-1,-1,-1
369,2618,886,290,36,96,1,-1,-1,-1
369,2619,893,410,47,119,1,-1,-1,-1
369,2620,221,335,52,112,1,-1,-1,-1
369,2621,316,321,43,104,1,-1,-1,-1
369,2622,1386,548,64,124,1,-1,-1,-1
369,2623,524,329,48,108,1,-1,-1,-1
369,2625,586,344,73,108,1,-1,-1,-1
369,2626,388,325,83,99,1,-1,-1,-1
369,2628,340,441,51,127,1,-1,-1,-1
369,2688,31,309,24,99,1,-1,-1,-1
369,2689,8,357,24,75,1,-1,-1,-1
370,2608,229,516,57,140,1,-1,-1,-1
370,2611,1396,653,96,145,1,-1,-1,-1
370,2612,106,346,48,105,1,-1,-1,-1
370,2613,208,300,45,106,1,-1,-1,-1
370,2614,1022,459,56,119,1,-1,-1,-1
370,2618,887,290,37,96,1,-1,-1,-1
370,2619,901,410,47,119,1,-1,-1,-1
370,2620,227,335,52,112,1,-1,-1,-1
370,2621,320,319,43,104,1,-1,-1,-1
370,2622,1394,552,64,122,1,-1,-1,-1
370,2623,527,328,48,108,1,-1,-1,-1
370,2625,590,343,73,108,1,-1,-1,-1
370,2626,393,324,84,100,1,-1,-1,-1
370,2628,344,441,51,127,1,-1,-1,-1
370,2688,38,309,26,99,1,-1,-1,-1
370,2689,12,350,26,80,1,-1,-1,-1
371,2608,226,518,57,139,1,-1,-1,-1
371,2611,1406,652,97,146,1,-1,-1,-1
371,2612,108,346,49,105,1,-1,-1,-1
371,2613,210,299,44,107,1,-1,-1,-1
371,2614,1025,459,56,118,1,-1,-1,-1
371,2618,889,289,37,96,1,-1,-1,-1
371,2619,909,411,47,118,1,-1,-1,-1
371,2620,233,334,52,112,1,-1,-1,-1
371,2621,323,318,43,104,1,-1,-1,-1
371,2622,1403,555,63,120,1,-1,-1,-1
371,2623,531,327,48,108,1,-1,-1,-1
371,2625,594,343,72,108,1,-1,-1,-1
371,2626,397,323,85,100,1,-1,-1,-1
371,2628,348,441,51,127,1,-1,-1,-1
371,2688,46,309,26,99,1,-1,-1,-1
371,2689,18,340,29,89,1,-1,-1,-1
371,2690,3,327,26,110,1,-1,-1,-1
372,2608,223,519,57,140,1,-1,-1,-1
372,2611,1416,652,98,146,1,-1,-1,-1
372,2612,111,345,49,105,1,-1,-1,-1
372,2613,212,298,44,107,1,-1,-1,-1
372,2614,1027,460,56,117,1,-1,-1,-1
372,2618,890,289,38,95,1,-1,-1,-1
372,2619,918,411,46,119,1,-1,-1,-1
372,2620,239,334,53,112,1,-1,-1,-1
372,2621,327,317,42,103,1,-1,-1,-1
372,2622,1411,559,63,117,1,-1,-1,-1
372,2623,534,326,49,108,1,-1,-1,-1
372,2625,598,342,72,109,1,-1,-1,-1
372,2626,402,323,86,100,1,-1,-1,-1
372,2628,352,441,51,127,1,-1,-1,-1
372,2688,53,309,28,99,1,-1,-1,-1
372,2689,22,336,30,92,1,-1,-1,-1
372,2690,5,327,27,110,1,-1,-1,-1
373,2608,220,521,57,139,1,-1,-1,-1
373,2611,1427,651,98,147,1,-1,-1,-1
373,2612,114,344,50,105,1,-1,-1,-1
373,2613,215,298,43,108,1,-1,-1,-1
373,2614,1029,460,57,116,1,-1,-1,-1
373,2618,891,288,39,95,1,-1,-1,-1
373,2619,926,411,46,119,1,-1,-1,-1
373,2620,245,334,52,111,1,-1,-1,-1
373,2621,331,315,42,103,1,-1,-1,-1
373,2622,1420,562,63,116,1,-1,-1,-1
373,2623,538,324,49,108,1,-1,-1,-1
373,2625,602,342,71,108,1,-1,-1,-1
373,2626,408,322,86,100,1,-1,-1,-1
373,2628,355,441,52,128,1,-1,-1,-1
373,2688,60,308,29,99,1,-1,-1,-1
373,2689,27,332,31,95,1,-1,-1,-1
373,2690,11,326,27,110,1,-1,-1,-1
374,2608,217,522,57,140,1,-1,-1,-1
374,2611,1437,651,99,147,1,-1,-1,-1
374,2612,117,343,50,105,1,-1,-1,-1
374,2613,217,297,43,108,1,-1,-1,-1
374,2614,1031,461,57,115,1,-1,-1,-1
374,2618,893,288,40,95,1,-1,-1,-1
374,2619,934,412,46,118,1,-1,-1,-1
374,2620,251,333,52,111,1,-1,-1,-1
374,2621,335,313,42,103,1,-1,-1,-1
374,2622,1429,566,62,114,1,-1,-1,-1
374,2623,541,323,50,108,1,-1,-1,-1
374,2625,606,342,70,108,1,-1,-1,-1
374,2626,413,321,87,100,1,-1,-1,-1
374,2628,359,441,51,128,1,-1,-1,-1
374,2688,67,308,31,99,1,-1,-1,-1
374,2689,33,330,31,97,1,-1,-1,-1
374,2690,18,326,27,109,1,-1,-1,-1
374,2691,1509,752,9,18,1,-1,-1,-1
375,2608,212,525,57,139,1,-1,-1,-1
375,2611,1454,651,100,147,1,-1,-1,-1
375,2612,122,342,50,104,1,-1,-1,-1
375,2613,221,296,42,108,1,-1,-1,-1
375,2614,1035,462,57,114,1,-1,-1,-1
375,2618,894,287,41,95,1,-1,-1,-1
375,2619,947,412,46,119,1,-1,-1,-1
375,2620,260,333,52,111,1,-1,-1,-1
375,2621,342,311,40,102,1,-1,-1,-1
375,2622,1443,571,62,112,1,-1,-1,-1
375,2623,547,322,50,108,1,-1,-1,-1
375,2625,612,341,70,109,1,-1,-1,-1
375,2626,421,320,88,101,1,-1,-1,-1
375,2628,365,441,51,128,1,-1,-1,-1
375,2688,80,308,32,99,1,-1,-1,-1
375,2689,43,326,33,101,1,-1,-1,-1
375,2690,30,326,28,108,1,-1,-1,-1
376,2608,210,526,57,139,1,-1,-1,-1
376,2611,1460,650,100,148,1,-1,-1,-1
376,2612,123,341,51,104,1,-1,-1,-1
376,2613,222,295,42,109,1,-1,-1,-1
376,2614,1036,462,58,114,1,-1,-1,-1
376,2618,894,287,42,94,1,-1,-1,-1
376,2619,951,412,47,119,1,-1,-1,-1
376,2620,264,332,52,111,1,-1,-1,-1
376,2621,344,310,40,102,1,-1,-1,-1
376,2622,1447,574,62,110,1,-1,-1,-1
376,2623,549,321,50,108,1,-1,-1,-1
376,2625,614,341,70,109,1,-1,-1,-1
376,2626,424,319,88,101,1,-1,-1,-1
376,2628,368,440,51,128,1,-1,-1,-1
376,2688,84,308,33,99,1,-1,-1,-1
376,2689,47,325,33,102,1,-1,-1,-1
376,2690,33,326,30,107,1,-1,-1,-1
377,2608,203,529,60,147,1,-1,-1,-1
377,2611,1466,648,101,150,1,-1,-1,-1
377,2612,124,342,51,104,1,-1,-1,-1
377,2613,221,295,42,110,1,-1,-1,-1
377,2614,1038,463,58,114,1,-1,-1,-1
377,2618,895,287,42,94,1,-1,-1,-1
377,2619,956,414,47,119,1,-1,-1,-1
377,2620,268,332,52,111,1,-1,-1,-1
377,2621,344,309,40,102,1,-1,-1,-1
377,2622,1451,577,62,110,1,-1,-1,-1
377,2623,551,321,50,107,1,-1,-1,-1
377,2625,616,341,68,109,1,-1,-1,-1
377,2626,426,319,89,101,1,-1,-1,-1
377,2628,369,441,51,128,1,-1,-1,-1
377,2688,88,308,35,98,1,-1,-1,-1
377,2689,59,326,33,97,1,-1,-1,-1
377,2690,37,329,30,104,1,-1,-1,-1
378,2608,199,532,61,149,1,-1,-1,-1
378,2611,1469,646,102,151,1,-1,-1,-1
378,2612,125,342,52,104,1,-1,-1,-1
378,2613,221,295,41,110,1,-1,-1,-1
378,2614,1040,464,59,116,1,-1,-1,-1
378,2618,895,287,43,94,1,-1,-1,-1
378,2619,962,416,46,119,1,-1,-1,-1
378,2620,272,332,52,111,1,-1,-1,-1
378,2621,344,309,40,102,1,-1,-1,-1
378,2622,1454,582,62,109,1,-1,-1,-1
378,2623,552,321,50,107,1,-1,-1,-1
378,2625,616,341,68,109,1,-1,-1,-1
378,2626,428,320,88,101,1,-1,-1,-1
378,2628,369,442,52,129,1,-1,-1,-1
378,2688,92,309,36,97,1,-1,-1,-1
378,2689,64,327,34,95,1,-1,-1,-1
378,2690,40,330,30,102,1,-1,-1,-1
379,2608,194,536,61,149,1,-1,-1,-1
379,2611,1473,643,101,151,1,-1,-1,-1
379,2612,125,342,53,104,1,-1,-1,-1
379,2613,220,295,40,110,1,-1,-1,-1
379,2614,1043,466,60,117,1,-1,-1,-1
379,2618,894,287,44,94,1,-1,-1,-1
379,2619,967,418,47,119,1,-1,-1,-1
379,2620,277,332,51,111,1,-1,-1,-1
379,2621,343,308,39,101,1,-1,-1,-1
379,2622,1457,587,62,109,1,-1,-1,-1
379,2623,553,321,50,107,1,-1,-1,-1
379,2625,617,342,67,108,1,-1,-1,-1
379,2626,430,321,88,101,1,-1,-1,-1
379,2628,370,444,51,129,1,-1,-1,-1
379,2688,96,309,37,98,1,-1,-1,-1
379,2689,68,327,35,95,1,-1,-1,-1
379,2690,42,331,32,103,1,-1,-1,-1
379,2692,1524,748,11,17,1,-1,-1,-1
380,2608,189,541,60,147,1,-1,-1,-1
380,2611,1478,639,100,151,1,-1,-1,-1
380,2612,126,343,53,104,1,-1,-1,-1
380,2613,220,295,40,110,1,-1,-1,-1
380,2614,1046,467,60,119,1,-1,-1,-1
380,2618,894,287,44,94,1,-1,-1,-1
380,2619,972,420,47,120,1,-1,-1,-1
380,2620,281,333,52,111,1,-1,-1,-1
380,2621,342,307,40,101,1,-1,-1,-1
380,2622,1460,592,62,109,1,-1,-1,-1
380,2623,555,321,49,107,1,-1,-1,-1
380,2625,618,342,66,108,1,-1,-1,-1
380,2626,432,322,88,101,1,-1,-1,-1
380,2628,370,445,52,129,1,-1,-1,-1
380,2688,101,310,37,97,1,-1,-1,-1
380,2689,72,328,35,95,1,-1,-1,-1
380,2690,45,332,34,102,1,-1,-1,-1
381,2608,184,545,60,146,1,-1,-1,-1
381,2611,1482,636,98,151,1,-1,-1,-1
381,2612,127,343,54,104,1,-1,-1,-1
381,2613,220,296,39,110,1,-1,-1,-1
381,2614,1049,469,59,120,1,-1,-1,-1
381,2618,893,287,46,94,1,-1,-1,-1
381,2619,977,422,47,120,1,-1,-1,-1
381,2620,285,333,52,111,1,-1,-1,-1
381,2621,341,306,40,101,1,-1,-1,-1
381,2622,1464,597,61,108,1,-1,-1,-1
381,2623,556,321,48,107,1,-1,-1,-1
381,2625,618,343,65,108,1,-1,-1,-1
381,2626,434,322,87,101,1,-1,-1,-1
381,2628,370,446,52,129,1,-1,-1,-1
381,2688,105,311,38,97,1,-1,-1,-1
381,2689,75,329,37,95,1,-1,-1,-1
381,2690,49,332,34,102,1,-1,-1,-1
382,2608,178,551,60,144,1,-1,-1,-1
382,2611,1488,631,95,152,1,-1,-1,-1
382,2612,127,343,54,104,1,-1,-1,-1
382,2613,220,296,39,110,1,-1,-1,-1
382,2614,1052,470,59,122,1,-1,-1,-1
382,2618,893,287,46,94,1,-1,-1,-1
382,2619,982,424,47,120,1,-1,-1,-1
382,2620,290,333,52,111,1,-1,-1,-1
382,2621,340,305,40,101,1,-1,-1,-1
382,2622,1467,602,61,108,1,-1,-1,-1
382,2623,558,321,47,107,1,-1,-1,-1
382,2625,619,343,64,108,1,-1,-1,-1
382,2626,436,323,87,101,1,-1,-1,-1
382,2628,371,447,52,129,1,-1,-1,-1
382,2688,109,311,39,97,1,-1,-1,-1
382,2689,79,329,37,95,1,-1,-1,-1
382,2690,54,332,33,102,1,-1,-1,-1
383,2608,173,554,60,144,1,-1,-1,-1
383,2611,1493,629,93,152,1,-1,-1,-1
383,2612,129,343,55,104,1,-1,-1,-1
383,2613,220,296,38,110,1,-1,-1,-1
383,2614,1055,471,58,123,1,-1,-1,-1
383,2618,892,286,46,94,1,-1,-1,-1
383,2619,988,426,47,120,1,-1,-1,-1
383,2620,293,333,52,111,1,-1,-1,-1
383,2621,339,306,40,100,1,-1,-1,-1
383,2622,1469,604,60,108,1,-1,-1,-1
383,2623,560,321,46,107,1,-1,-1,-1
383,2625,620,343,63,108,1,-1,-1,-1
383,2626,439,324,87,101,1,-1,-1,-1
383,2628,372,448,52,130,1,-1,-1,-1
383,2688,114,312,39,96,1,-1,-1,-1
383,2689,83,329,37,95,1,-1,-1,-1
383,2690,56,332,34,103,1,-1,-1,-1
384,2608,167,556,62,147,1,-1,-1,-1
384,2611,1499,628,91,151,1,-1,-1,-1
384,2612,132,343,55,104,1,-1,-1,-1
384,2613,220,296,37,109,1,-1,-1,-1
384,2614,1057,471,59,124,1,-1,-1,-1
384,2618,892,286,47,95,1,-1,-1,-1
384,2619,993,428,47,121,1,-1,-1,-1
384,2620,295,333,51,111,1,-1,-1,-1
384,2621,339,306,39,99,1,-1,-1,-1
384,2622,1470,603,60,108,1,-1,-1,-1
384,2623,561,321,46,107,1,-1,-1,-1
384,2625,620,344,63,107,1,-1,-1,-1
384,2626,441,324,86,101,1,-1,-1,-1
384,2628,372,449,52,130,1,-1,-1,-1
384,2688,118,312,40,96,1,-1,-1,-1
384,2689,86,329,38,95,1,-1,-1,-1
384,2690,58,333,35,102,1,-1,-1,-1
384,2693,1,480,17,105,1,-1,-1,-1
385,2608,161,559,64,150,1,-1,-1,-1
385,2611,1504,628,90,149,1,-1,-1,-1
385,2612,135,343,56,103,1,-1,-1,-1
385,2613,220,297,37,109,1,-1,-1,-1
385,2614,1059,471,58,126,1,-1,-1,-1
385,2618,892,286,47,95,1,-1,-1,-1
385,2619,998,429,47,121,1,-1,-1,-1
385,2620,297,333,51,111,1,-1,-1,-1
385,2621,338,307,39,98,1,-1,-1,-1
385,2622,1471,603,59,108,1,-1,-1,-1
385,2623,563,321,45,107,1,-1,-1,-1
385,2625,621,344,61,107,1,-1,-1,-1
385,2626,445,325,85,100,1,-1,-1,-1
385,2628,373,450,52,130,1,-1,-1,-1
385,2688,123,313,40,95,1,-1,-1,-1
385,2689,90,328,39,96,1,-1,-1,-1
385,2690,61,333,34,103,1,-1,-1,-1
385,2693,2,481,18,107,1,-1,-1,-1
386,2608,155,561,65,154,1,-1,-1,-1
386,2611,1509,627,90,149,1,-1,-1,-1
386,2612,138,343,57,103,1,-1,-1,-1
386,2613,220,297,37,109,1,-1,-1,-1
386,2614,1060,471,59,127,1,-1,-1,-1
386,2618,892,286,47,95,1,-1,-1,-1
386,2619,1003,431,47,121,1,-1,-1,-1
386,2620,298,333,51,111,1,-1,-1,-1
386,2621,337,307,39,98,1,-1,-1,-1
386,2622,1472,603,60,108,1,-1,-1,-1
386,2623,564,321,45,107,1,-1,-1,-1
386,2625,621,345,61,107,1,-1,-1,-1
386,2626,448,326,86,100,1,-1,-1,-1
386,2628,373,451,52,130,1,-1,-1,-1
386,2688,127,314,41,95,1,-1,-1,-1
386,2689,95,327,38,96,1,-1,-1,-1
386,2690,63,334,35,103,1,-1,-1,-1
386,2693,5,482,18,111,1,-1,-1,-1
387,2608,149,563,66,157,1,-1,-1,-1
387,2611,1513,627,92,148,1,-1,-1,-1
387,2612,141,343,58,102,1,-1,-1,-1
387,2613,219,297,37,109,1,-1,-1,-1
387,2614,1062,471,59,129,1,-1,-1,-1
387,2618,892,286,47,95,1,-1,-1,-1
387,2619,1008,433,48,121,1,-1,-1,-1
387,2620,300,333,51,110,1,-1,-1,-1
387,2621,336,308,39,97,1,-1,-1,-1
387,2622,1473,602,59,108,1,-1,-1,-1
387,2623,566,321,44,106,1,-1,-1,-1
387,2625,622,345,60,107,1,-1,-1,-1
387,2626,451,326,86,100,1,-1,-1,-1
387,2628,374,452,52,130,1,-1,-1,-1
387,2688,131,314,42,96,1,-1,-1,-1
387,2689,98,326,39,96,1,-1,-1,-1
387,2690,65,335,35,102,1,-1,-1,-1
387,2693,7,482,20,116,1,-1,-1,-1
388,2608,141,566,68,161,1,-1,-1,-1
388,2611,1519,626,93,147,1,-1,-1,-1
388,2612,145,343,59,101,1,-1,-1,-1
388,2613,219,298,36,108,1,-1,-1,-1
388,2614,1065,471,58,131,1,-1,-1,-1
388,2618,892,286,47,95,1,-1,-1,-1
388,2619,1015,436,48,121,1,-1,-1,-1
388,2620,301,333,51,110,1,-1,-1,-1
388,2621,335,308,39,96,1,-1,-1,-1
388,2622,1474,601,59,107,1,-1,-1,-1
388,2623,567,321,45,106,1,-1,-1,-1
388,2625,623,346,59,106,1,-1,-1,-1
388,2626,454,327,86,100,1,-1,-1,-1
388,2628,375,453,52,131,1,-1,-1,-1
388,2688,137,315,42,95,1,-1,-1,-1
388,2689,104,325,39,96,1,-1,-1,-1
388,2690,68,335,35,102,1,-1,-1,-1
388,2693,8,483,22,120,1,-1,-1,-1
389,2608,138,568,69,162,1,-1,-1,-1
389,2611,1518,625,95,147,1,-1,-1,-1
389,2612,147,342,61,102,1,-1,-1,-1
389,2613,219,298,36,108,1,-1,-1,-1
389,2614,1067,471,59,132,1,-1,-1,-1
389,2618,892,286,47,95,1,-1,-1,-1
389,2619,1020,437,47,122,1,-1,-1,-1
389,2620,303,333,51,110,1,-1,-1,-1
389,2621,334,308,38,96,1,-1,-1,-1
389,2622,1474,601,60,106,1,-1,-1,-1
389,2623,569,321,44,106,1,-1,-1,-1
389,2625,623,346,59,106,1,-1,-1,-1
389,2626,457,328,86,100,1,-1,-1,-1
389,2628,375,454,52,131,1,-1,-1,-1
389,2688,141,316,42,94,1,-1,-1,-1
389,2689,108,326,39,95,1,-1,-1,-1
389,2690,70,336,35,102,1,-1,-1,-1
389,2693,10,484,24,123,1,-1,-1,-1
390,2608,136,571,69,163,1,-1,-1,-1
390,2611,1515,624,96,147,1,-1,-1,-1
390,2612,151,342,62,102,1,-1,-1,-1
390,2613,219,298,36,108,1,-1,-1,-1
390,2614,1070,472,58,133,1,-1,-1,-1
390,2618,891,287,48,95,1,-1,-1,-1
390,2619,1025,439,48,122,1,-1,-1,-1
390,2620,306,334,51,109,1,-1,-1,-1
390,2621,332,308,40,97,1,-1,-1,-1
390,2622,1473,600,60,107,1,-1,-1,-1
390,2623,570,321,44,106,1,-1,-1,-1
390,2625,625,346,58,106,1,-1,-1,-1
390,2626,460,329,86,99,1,-1,-1,-1
390,2628,375,455,53,131,1,-1,-1,-1
390,2688,145,317,42,94,1,-1,-1,-1
390,2689,112,327,39,95,1,-1,-1,-1
390,2690,73,336,35,102,1,-1,-1,-1
390,2693,12,484,26,128,1,-1,-1,-1
391,2608,134,574,69,163,1,-1,-1,-1
391,2611,1510,622,98,147,1,-1,-1,-1
391,2612,154,342,64,102,1,-1,-1,-1
391,2613,219,298,36,108,1,-1,-1,-1
391,2614,1073,473,58,134,1,-1,-1,-1
391,2618,891,288,47,95,1,-1,-1,-1
391,2619,1031,441,48,122,1,-1,-1,-1
391,2620,309,334,50,109,1,-1,-1,-1
391,2621,331,308,39,97,1,-1,-1,-1
391,2622,1473,600,60,105,1,-1,-1,-1
391,2623,572,321,44,106,1,-1,-1,-1
391,2625,627,346,57,106,1,-1,-1,-1
391,2626,463,329,86,100,1,-1,-1,-1
391,2628,376,456,52,131,1,-1,-1,-1
391,2688,148,317,43,95,1,-1,-1,-1
391,2689,116,328,39,94,1,-1,-1,-1
391,2690,76,337,35,102,1,-1,-1,-1
391,2693,14,485,29,133,1,-1,-1,-1
392,2608,132,577,70,163,1,-1,-1,-1
392,2611,1505,620,99,149,1,-1,-1,-1
392,2612,158,342,65,102,1,-1,-1,-1
392,2613,220,299,35,107,1,-1,-1,-1
392,2614,1077,474,58,135,1,-1,-1,-1
392,2618,891,288,48,95,1,-1,-1,-1
392,2619,1037,443,48,122,1,-1,-1,-1
392,2620,312,335,50,109,1,-1,-1,-1
392,2621,329,308,39,97,1,-1,-1,-1
392,2622,1472,600,61,105,1,-1,-1,-1
392,2623,574,322,44,106,1,-1,-1,-1
392,2625,629,346,57,106,1,-1,-1,-1
392,2626,466,330,86,100,1,-1,-1,-1
392,2628,376,457,52,132,1,-1,-1,-1
392,2688,152,318,44,96,1,-1,-1,-1
392,2689,120,329,38,94,1,-1,-1,-1
392,2690,78,337,36,103,1,-1,-1,-1
392,2693,15,486,31,135,1,-1,-1,-1
393,2608,130,580,70,163,1,-1,-1,-1
393,2611,1501,619,99,149,1,-1,-1,-1
393,2612,162,341,66,104,1,-1,-1,-1
393,2613,220,299,35,107,1,-1,-1,-1
393,2614,1080,476,58,135,1,-1,-1,-1
393,2618,891,289,47,94,1,-1,-1,-1
393,2619,1043,445,48,122,1,-1,-1,-1
393,2620,315,335,51,109,1,-1,-1,-1
393,2621,327,308,40,97,1,-1,-1,-1
393,2622,1470,600,62,104,1,-1,-1,-1
393,2623,575,322,44,106,1,-1,-1,-1
393,2625,631,346,56,107,1,-1,-1,-1
393,2626,469,331,87,99,1,-1,-1,-1
393,2628,377,458,52,132,1,-1,-1,-1
393,2688,156,319,43,95,1,-1,-1,-1
393,2689,125,330,38,94,1,-1,-1,-1
393,2690,81,338,36,103,1,-1,-1,-1
393,2693,17,486,34,135,1,-1,-1,-1
394,2608,128,584,70,162,1,-1,-1,-1
394,2611,1497,617,98,149,1,-1,-1,-1
394,2612,166,341,67,104,1,-1,-1,-1
394,2613,220,299,35,107,1,-1,-1,-1
394,2614,1083,477,58,136,1,-1,-1,-1
394,2618,890,289,48,94,1,-1,-1,-1
394,2619,1049,447,49,122,1,-1,-1,-1
394,2620,319,336,51,109,1,-1,-1,-1
394,2621,325,307,40,98,1,-1,-1,-1
394,2622,1470,600,63,103,1,-1,-1,-1
394,2623,577,322,44,106,1,-1,-1,-1
394,2625,633,346,55,107,1,-1,-1,-1
394,2626,472,331,86,99,1,-1,-1,-1
394,2628,377,459,52,132,1,-1,-1,-1
394,2688,160,319,44,97,1,-1,-1,-1
394,2689,129,331,38,94,1,-1,-1,-1
394,2690,84,338,36,104,1,-1,-1,-1
394,2693,20,486,36,137,1,-1,-1,-1
395,2608,126,587,71,162,1,-1,-1,-1
395,2611,1492,615,99,150,1,-1,-1,-1
395,2612,170,341,67,103,1,-1,-1,-1
395,2613,221,299,34,107,1,-1,-1,-1
395,2614,1087,479,58,137,1,-1,-1,-1
395,2618,891,290,47,94,1,-1,-1,-1
395,2619,1055,448,49,123,1,-1,-1,-1
395,2620,322,337,51,109,1,-1,-1,-1
395,2621,323,307,41,99,1,-1,-1,-1
395,2622,1469,600,63,102,1,-1,-1,-1
395,2623,579,322,44,106,1,-1,-1,-1
395,2625,635,345,54,108,1,-1,-1,-1
395,2626,475,332,87,99,1,-1,-1,-1
395,2628,378,460,52,133,1,-1,-1,-1
395,2688,164,320,44,97,1,-1,-1,-1
395,2689,133,332,38,93,1,-1,-1,-1
395,2690,86,339,37,103,1,-1,-1,-1
395,2693,23,487,38,136,1,-1,-1,-1
396,2608,124,590,72,162,1,-1,-1,-1
396,2611,1488,613,98,151,1,-1,-1,-1
396,2612,174,340,67,105,1,-1,-1,-1
396,2613,222,299,33,107,1,-1,-1,-1
396,2614,1090,480,58,138,1,-1,-1,-1
396,2618,890,290,48,94,1,-1,-1,-1
396,2619,1061,450,49,123,1,-1,-1,-1
396,2620,325,337,51,109,1,-1,-1,-1
396,2621,321,307,41,99,1,-1,-1,-1
396,2622,1467,600,65,101,1,-1,-1,-1
396,2623,581,323,44,105,1,-1,-1,-1
396,2625,637,345,53,108,1,-1,-1,-1
396,2626,478,333,87,99,1,-1,-1,-1
396,2628,378,461,52,133,1,-1,-1,-1
396,2688,168,321,43,97,1,-1,-1,-1
396,2689,138,333,38,93,1,-1,-1,-1
396,2690,90,339,36,104,1,-1,-1,-1
396,2693,26,487,41,136,1,-1,-1,-1
397,2608,122,593,72,162,1,-1,-1,-1
397,2611,1484,612,97,151,1,-1,-1,-1
397,2612,178,340,68,105,1,-1,-1,-1
397,2613,222,299,33,107,1,-1,-1,-1
397,2614,1094,481,58,139,1,-1,-1,-1
397,2618,890,291,48,94,1,-1,-1,-1
397,2619,1067,452,49,123,1,-1,-1,-1
397,2620,328,338,52,109,1,-1,-1,-1
397,2621,320,306,40,99,1,-1,-1,-1
397,2622,1466,600,67,101,1,-1,-1,-1
397,2623,583,323,44,105,1,-1,-1,-1
397,2625,639,345,52,108,1,-1,-1,-1
397,2626,480,333,88,99,1,-1,-1,-1
397,2628,378,462,52,133,1,-1,-1,-1
397,2688,172,321,43,98,1,-1,-1,-1
397,2689,142,334,38,93,1,-1,-1,-1
397,2690,92,339,38,105,1,-1,-1,-1
397,2693,30,487,43,136,1,-1,-1,-1
398,2608,120,597,73,161,1,-1,-1,-1
398,2611,1481,610,94,152,1,-1,-1,-1
398,2612,183,339,68,106,1,-1,-1,-1
398,2613,222,299,33,108,1,-1,-1,-1
398,2614,1097,483,58,139,1,-1,-1,-1
398,2618,890,292,48,93,1,-1,-1,-1
398,2619,1072,454,50,123,1,-1,-1,-1
398,2620,331,339,52,108,1,-1,-1,-1
398,2621,318,306,41,100,1,-1,-1,-1
398,2622,1465,600,68,100,1,-1,-1,-1
398,2623,584,323,45,105,1,-1,-1,-1
398,2625,641,344,51,109,1,-1,-1,-1
398,2626,483,334,89,99,1,-1,-1,-1
398,2628,379,463,51,133,1,-1,-1,-1
398,2688,176,322,43,98,1,-1,-1,-1
398,2689,146,335,38,92,1,-1,-1,-1
398,2690,95,340,38,105,1,-1,-1,-1
398,2693,33,487,45,137,1,-1,-1,-1
399,2608,118,600,74,162,1,-1,-1,-1
399,2611,1477,608,93,153,1,-1,-1,-1
399,2612,187,339,69,106,1,-1,-1,-1
399,2613,223,299,32,108,1,-1,-1,-1
399,2614,1101,484,57,140,1,-1,-1,-1
399,2618,889,293,48,93,1,-1,-1,-1
399,2619,1078,456,50,123,1,-1,-1,-1
399,2620,334,339,52,109,1,-1,-1,-1
399,2621,316,306,41,100,1,-1,-1,-1
399,2622,1464,599,69,99,1,-1,-1,-1
399,2623,586,324,44,105,1,-1,-1,-1
399,2625,643,344,50,109,1,-1,-1,-1
399,2626,486,335,89,99,1,-1,-1,-1
399,2628,379,464,52,134,1,-1,-1,-1
399,2688,180,323,43,98,1,-1,-1,-1
399,2689,151,336,38,92,1,-1,-1,-1
399,2690,98,340,38,105,1,-1,-1,-1
399,2693,36,488,47,136,1,-1,-1,-1
400,2608,115,605,74,161,1,-1,-1,-1
400,2611,1472,605,90,154,1,-1,-1,-1
400,2612,194,339,69,106,1,-1,-1,-1
400,2613,224,299,30,108,1,-1,-1,-1
400,2614,1107,487,57,141,1,-1,-1,-1
400,2618,889,293,49,93,1,-1,-1,-1
400,2619,1088,459,50,124,1,-1,-1,-1
400,2620,340,340,51,109,1,-1,-1,-1
400,2621,313,306,41,100,1,-1,-1,-1
400,2622,1462,599,71,97,1,-1,-1,-1
400,2623,588,324,45,105,1,-1,-1,-1
400,2625,646,344,49,109,1,-1,-1,-1
400,2626,491,336,90,99,1,-1,-1,-1
400,2628,380,466,51,133,1,-1,-1,-1
400,2688,187,324,42,100,1,-1,-1,-1
400,2689,158,338,38,91,1,-1,-1,-1
400,2690,103,341,38,106,1,-1,-1,-1
400,2693,42,488,49,136,1,-1,-1,-1
401,2608,113,607,75,161,1,-1,-1,-1
401,2611,1470,604,89,154,1,-1,-1,-1
401,2612,197,338,68,107,1,-1,-1,-1
401,2613,224,299,30,109,1,-1,-1,-1
401,2614,1109,488,57,141,1,-1,-1,-1
401,2618,889,294,49,93,1,-1,-1,-1
401,2619,1092,460,50,124,1,-1,-1,-1
401,2620,342,341,51,108,1,-1,-1,-1
401,2621,312,305,41,101,1,-1,-1,-1
401,2622,1461,599,72,97,1,-1,-1,-1
401,2623,590,325,45,104,1,-1,-1,-1
401,2625,648,344,48,110,1,-1,-1,-1
401,2626,492,337,91,99,1,-1,-1,-1
401,2628,380,467,51,133,1,-1,-1,-1
401,2688,190,325,42,100,1,-1,-1,-1
401,2689,160,338,38,92,1,-1,-1,-1
401,2690,104,342,38,106,1,-1,-1,-1
401,2693,44,488,50,136,1,-1,-1,-1
402,2608,111,610,76,163,1,-1,-1,-1
402,2611,1471,604,86,153,1,-1,-1,-1
402,2612,203,339,68,107,1,-1,-1,-1
402,2613,227,299,30,109,1,-1,-1,-1
402,2614,1113,489,58,142,1,-1,-1,-1
402,2618,890,294,49,93,1,-1,-1,-1
402,2619,1099,463,51,125,1,-1,-1,-1
402,2620,347,341,52,108,1,-1,-1,-1
402,2621,313,306,41,100,1,-1,-1,-1
402,2622,1458,599,73,96,1,-1,-1,-1
402,2623,593,325,45,105,1,-1,-1,-1
402,2625,651,345,48,109,1,-1,-1,-1
402,2626,497,337,91,99,1,-1,-1,-1
402,2628,383,469,51,133,1,-1,-1,-1
402,2688,195,325,42,101,1,-1,-1,-1
402,2689,167,340,38,91,1,-1,-1,-1
402,2690,109,342,38,106,1,-1,-1,-1
402,2693,48,488,52,137,1,-1,-1,-1
403,2608,108,614,77,164,1,-1,-1,-1
403,2611,1471,603,84,153,1,-1,-1,-1
403,2612,209,339,68,107,1,-1,-1,-1
403,2613,231,301,29,108,1,-1,-1,-1
403,2614,1118,492,57,141,1,-1,-1,-1
403,2618,893,296,50,93,1,-1,-1,-1
403,2619,1108,467,51,125,1,-1,-1,-1
403,2620,353,342,52,108,1,-1,-1,-1
403,2621,313,307,42,100,1,-1,-1,-1
403,2622,1454,598,74,97,1,-1,-1,-1
403,2623,598,326,45,105,1,-1,-1,-1
403,2625,656,347,47,108,1,-1,-1,-1
403,2626,504,338,91,99,1,-1,-1,-1
403,2628,387,471,51,133,1,-1,-1,-1
403,2688,203,326,42,101,1,-1,-1,-1
403,2689,173,342,38,91,1,-1,-1,-1
403,2690,113,344,39,106,1,-1,-1,-1
403,2693,52,489,53,137,1,-1,-1,-1
404,2608,106,617,78,166,1,-1,-1,-1
404,2611,1473,603,82,151,1,-1,-1,-1
404,2612,217,340,67,107,1,-1,-1,-1
404,2613,235,302,29,108,1,-1,-1,-1
404,2614,1124,494,57,140,1,-1,-1,-1
404,2618,895,297,51,93,1,-1,-1,-1
404,2619,1117,470,51,126,1,-1,-1,-1
404,2620,360,343,51,108,1,-1,-1,-1
404,2621,314,309,42,99,1,-1,-1,-1
404,2622,1452,598,74,96,1,-1,-1,-1
404,2623,603,327,45,105,1,-1,-1,-1
404,2625,661,349,46,107,1,-1,-1,-1
404,2626,511,339,92,99,1,-1,-1,-1
404,2628,391,473,51,133,1,-1,-1,-1
404,2688,211,327,41,101,1,-1,-1,-1
404,2689,181,344,38,90,1,-1,-1,-1
404,2690,119,345,39,107,1,-1,-1,-1
404,2693,57,490,54,137,1,-1,-1,-1
405,2608,103,620,79,169,1,-1,-1,-1
405,2611,1474,602,81,151,1,-1,-1,-1
405,2612,225,340,66,107,1,-1,-1,-1
405,2613,239,304,29,107,1,-1,-1,-1
405,2614,1129,497,57,139,1,-1,-1,-1
405,2618,898,298,52,93,1,-1,-1,-1
405,2619,1126,474,53,126,1,-1,-1,-1
405,2620,366,344,52,108,1,-1,-1,-1
405,2621,315,310,43,99,1,-1,-1,-1
405,2622,1448,597,74,97,1,-1,-1,-1
405,2623,609,328,45,105,1,-1,-1,-1
405,2625,666,350,45,107,1,-1,-1,-1
405,2626,518,339,92,100,1,-1,-1,-1
405,2628,396,475,50,133,1,-1,-1,-1
405,2688,219,329,41,100,1,-1,-1,-1
405,2689,188,346,38,90,1,-1,-1,-1
405,2690,124,346,39,107,1,-1,-1,-1
405,2693,63,491,55,137,1,-1,-1,-1
406,2608,101,624,79,171,1,-1,-1,-1
406,2611,1475,602,79,149,1,-1,-1,-1
406,2612,232,341,66,108,1,-1,-1,-1
406,2613,244,305,28,107,1,-1,-1,-1
406,2614,1134,499,58,138,1,-1,-1,-1
406,2618,900,299,53,93,1,-1,-1,-1
406,2619,1135,477,54,128,1,-1,-1,-1
406,2620,373,345,51,108,1,-1,-1,-1
406,2621,316,311,44,99,1,-1,-1,-1
406,2622,1445,596,73,97,1,-1,-1,-1
406,2623,615,330,44,105,1,-1,-1,-1
406,2625,671,352,45,106,1,-1,-1,-1
406,2626,526,340,92,101,1,-1,-1,-1
406,2628,400,477,50,133,1,-1,-1,-1
406,2688,227,330,41,100,1,-1,-1,-1
406,2689,195,349,39,90,1,-1,-1,-1
406,2690,129,348,39,107,1,-1,-1,-1
406,2693,68,492,56,137,1,-1,-1,-1
407,2608,98,628,80,173,1,-1,-1,-1
407,2611,1476,601,78,148,1,-1,-1,-1
407,2612,240,342,66,108,1,-1,-1,-1
407,2613,249,307,28,106,1,-1,-1,-1
407,2614,1141,502,58,137,1,-1,-1,-1
407,2618,902,301,55,92,1,-1,-1,-1
407,2619,1144,481,54,129,1,-1,-1,-1
407,2620,381,346,51,108,1,-1,-1,-1
407,2621,317,313,45,98,1,-1,-1,-1
407,2622,1442,596,72,96,1,-1,-1,-1
407,2623,621,331,44,105,1,-1,-1,-1
407,2625,677,354,44,106,1,-1,-1,-1
407,2626,533,341,93,101,1,-1,-1,-1
407,2628,405,479,50,133,1,-1,-1,-1
407,2688,235,331,41,100,1,-1,-1,-1
407,2689,202,351,39,89,1,-1,-1,-1
407,2690,136,350,39,107,1,-1,-1,-1
407,2693,74,494,57,136,1,-1,-1,-1
408,2608,98,630,80,174,1,-1,-1,-1
408,2611,1476,600,77,148,1,-1,-1,-1
408,2612,247,343,65,107,1,-1,-1,-1
408,2613,253,308,28,106,1,-1,-1,-1
408,2614,1146,506,58,134,1,-1,-1,-1
408,2618,905,301,56,93,1,-1,-1,-1
408,2619,1153,485,55,129,1,-1,-1,-1
408,2620,388,347,51,108,1,-1,-1,-1
408,2621,320,314,46,98,1,-1,-1,-1
408,2622,1442,595,70,97,1,-1,-1,-1
408,2623,627,332,45,106,1,-1,-1,-1
408,2625,682,355,44,105,1,-1,-1,-1
408,2626,541,342,92,102,1,-1,-1,-1
408,2628,410,481,51,133,1,-1,-1,-1
408,2688,244,333,40,100,1,-1,-1,-1
408,2689,210,353,39,89,1,-1,-1,-1
408,2690,141,351,40,107,1,-1,-1,-1
408,2693,81,495,57,136,1,-1,-1,-1
409,2608,100,632,78,174,1,-1,-1,-1
409,2611,1476,599,76,147,1,-1,-1,-1
409,2612,255,344,64,107,1,-1,-1,-1
409,2613,258,310,28,105,1,-1,-1,-1
409,2614,1152,510,58,133,1,-1,-1,-1
409,2618,909,301,58,94,1,-1,-1,-1
409,2619,1162,488,56,130,1,-1,-1,-1
409,2620,394,348,51,108,1,-1,-1,-1
409,2621,324,315,48,98,1,-1,-1,-1
409,2622,1443,595,68,97,1,-1,-1,-1
409,2623,634,333,45,106,1,-1,-1,-1
409,2625,688,356,43,105,1,-1,-1,-1
409,2626,548,343,92,102,1,-1,-1,-1
409,2628,416,483,51,133,1,-1,-1,-1
409,2688,252,334,40,100,1,-1,-1,-1
409,2689,217,355,39,89,1,-1,-1,-1
409,2690,147,352,40,108,1,-1,-1,-1
409,2693,88,495,57,137,1,-1,-1,-1
409,2694,3,287,9,72,1,-1,-1,-1
410,2608,100,634,78,175,1,-1,-1,-1
410,2611,1475,598,76,147,1,-1,-1,-1
410,2612,262,346,64,105,1,-1,-1,-1
410,2613,262,312,28,105,1,-1,-1,-1
410,2614,1159,515,59,131,1,-1,-1,-1
410,2618,913,301,59,95,1,-1,-1,-1
410,2619,1171,492,57,131,1,-1,-1,-1
410,2620,402,349,50,108,1,-1,-1,-1
410,2621,328,317,50,97,1,-1,-1,-1
410,2622,1444,596,68,97,1,-1,-1,-1
410,2623,642,334,45,106,1,-1,-1,-1
410,2625,694,358,43,104,1,-1,-1,-1
410,2626,556,344,92,103,1,-1,-1,-1
410,2628,423,485,50,133,1,-1,-1,-1
410,2688,260,335,39,100,1,-1,-1,-1
410,2689,224,357,40,88,1,-1,-1,-1
410,2690,153,352,40,109,1,-1,-1,-1
410,2693,95,496,58,137,1,-1,-1,-1
410,2694,9,282,11,80,1,-1,-1,-1
411,2608,102,636,77,176,1,-1,-1,-1
411,2611,1475,597,75,146,1,-1,-1,-1
411,2612,270,347,62,105,1,-1,-1,-1
411,2613,267,313,28,105,1,-1,-1,-1
411,2614,1165,520,59,129,1,-1,-1,-1
411,2618,918,300,61,97,1,-1,-1,-1
411,2619,1181,496,58,132,1,-1,-1,-1
411,2620,408,350,51,108,1,-1,-1,-1
411,2621,333,318,51,97,1,-1,-1,-1
411,2622,1445,596,66,97,1,-1,-1,-1
411,2623,649,335,45,106,1,-1,-1,-1
411,2625,700,359,43,104,1,-1,-1,-1
411,2626,564,345,91,103,1,-1,-1,-1
411,2628,430,487,50,133,1,-1,-1,-1
411,2688,268,336,40,100,1,-1,-1,-1
411,2689,231,359,40,88,1,-1,-1,-1
411,2690,159,353,40,109,1,-1,-1,-1
411,2693,103,497,58,137,1,-1,-1,-1
412,2608,103,638,76,176,1,-1,-1,-1
412,2611,1475,595,74,147,1,-1,-1,-1
412,2612,278,349,61,104,1,-1,-1,-1
412,2613,272,315,28,103,1,-1,-1,-1
412,2614,1172,526,60,127,1,-1,-1,-1
412,2618,922,300,62,98,1,-1,-1,-1
412,2619,1190,499,59,133,1,-1,-1,-1
412,2620,415,351,51,108,1,-1,-1,-1
412,2621,338,320,52,96,1,-1,-1,-1
412,2622,1446,596,66,96,1,-1,-1,-1
412,2623,656,337,46,106,1,-1,-1,-1
412,2625,707,361,42,103,1,-1,-1,-1
412,2626,571,346,91,103,1,-1,-1,-1
412,2628,436,489,51,133,1,-1,-1,-1
412,2688,276,338,40,99,1,-1,-1,-1
412,2689,238,361,41,88,1,-1,-1,-1
412,2690,165,354,40,109,1,-1,-1,-1
412,2693,111,498,57,137,1,-1,-1,-1
412,2694,25,274,15,92,1,-1,-1,-1
413,2608,106,641,75,177,1,-1,-1,-1
413,2611,1474,594,75,147,1,-1,-1,-1
413,2612,288,351,60,102,1,-1,-1,-1
413,2613,278,318,28,102,1,-1,-1,-1
413,2614,1180,533,61,124,1,-1,-1,-1
413,2618,927,300,64,101,1,-1,-1,-1
413,2619,1202,504,60,134,1,-1,-1,-1
413,2620,424,353,52,108,1,-1,-1,-1
413,2621,344,322,55,96,1,-1,-1,-1
413,2622,1448,597,64,96,1,-1,-1,-1
413,2623,666,338,46,106,1,-1,-1,-1
413,2625,715,363,43,103,1,-1,-1,-1
413,2626,581,347,90,104,1,-1,-1,-1
413,2628,444,492,51,132,1,-1,-1,-1
413,2688,286,340,40,99,1,-1,-1,-1
413,2689,248,364,41,87,1,-1,-1,-1
413,2690,174,356,39,109,1,-1,-1,-1
413,2693,118,499,58,137,1,-1,-1,-1
413,2694,35,274,17,93,1,-1,-1,-1
414,2608,106,642,74,177,1,-1,-1,-1
414,2611,1475,593,74,147,1,-1,-1,-1
414,2612,295,352,59,102,1,-1,-1,-1
414,2613,283,319,28,102,1,-1,-1,-1
414,2614,1182,535,62,123,1,-1,-1,-1
414,2618,932,300,64,102,1,-1,-1,-1
414,2619,1208,506,61,134,1,-1,-1,-1
414,2620,430,354,52,108,1,-1,-1,-1
414,2621,348,323,57,96,1,-1,-1,-1
414,2622,1450,597,63,96,1,-1,-1,-1
414,2623,671,339,47,106,1,-1,-1,-1
414,2625,720,364,43,103,1,-1,-1,-1
414,2626,588,348,89,104,1,-1,-1,-1
414,2628,450,494,51,132,1,-1,-1,-1
414,2688,292,341,40,99,1,-1,-1,-1
414,2689,254,366,41,87,1,-1,-1,-1
414,2690,179,357,40,109,1,-1,-1,-1
414,2693,126,500,57,137,1,-1,-1,-1
414,2694,45,274,18,94,1,-1,-1,-1
415,2608,106,645,73,178,1,-1,-1,-1
415,2611,1477,593,73,146,1,-1,-1,-1
415,2612,302,352,59,103,1,-1,-1,-1
415,2613,289,320,28,102,1,-1,-1,-1
415,2614,1180,536,64,123,1,-1,-1,-1
415,2618,939,303,63,100,1,-1,-1,-1
415,2619,1213,508,61,134,1,-1,-1,-1
415,2620,437,355,52,108,1,-1,-1,-1
415,2621,353,324,59,96,1,-1,-1,-1
415,2622,1452,597,63,96,1,-1,-1,-1
415,2623,677,340,47,106,1,-1,-1,-1
415,2625,726,365,43,102,1,-1,-1,-1
415,2626,597,348,88,105,1,-1,-1,-1
415,2628,458,495,51,132,1,-1,-1,-1
415,2688,299,342,40,99,1,-1,-1,-1
415,2689,261,367,41,87,1,-1,-1,-1
415,2690,185,358,40,108,1,-1,-1,-1
415,2693,134,501,57,137,1,-1,-1,-1
415,2694,55,274,20,94,1,-1,-1,-1
416,2608,106,647,72,179,1,-1,-1,-1
416,2611,1479,594,72,144,1,-1,-1,-1
416,2612,310,353,58,103,1,-1,-1,-1
416,2613,295,322,29,102,1,-1,-1,-1
416,2614,1177,536,65,124,1,-1,-1,-1
416,2618,946,305,63,98,1,-1,-1,-1
416,2619,1218,510,61,133,1,-1,-1,-1
416,2620,444,355,52,108,1,-1,-1,-1
416,2621,359,325,60,96,1,-1,-1,-1
416,2622,1454,597,63,95,1,-1,-1,-1
416,2623,683,341,47,106,1,-1,-1,-1
416,2625,733,366,42,102,1,-1,-1,-1
416,2626,606,349,87,105,1,-1,-1,-1
416,2628,466,496,51,132,1,-1,-1,-1
416,2688,307,343,40,99,1,-1,-1,-1
416,2689,268,368,41,87,1,-1,-1,-1
416,2690,192,359,39,108,1,-1,-1,-1
416,2693,141,502,57,137,1,-1,-1,-1
416,2694,66,276,22,94,1,-1,-1,-1
417,2608,105,650,71,179,1,-1,-1,-1
417,2611,1480,594,72,143,1,-1,-1,-1
417,2612,318,353,58,103,1,-1,-1,-1
417,2613,302,324,29,101,1,-1,-1,-1
417,2614,1175,537,66,125,1,-1,-1,-1
417,2618,953,307,63,97,1,-1,-1,-1
417,2619,1222,511,62,134,1,-1,-1,-1
417,2620,451,356,52,107,1,-1,-1,-1
417,2621,365,326,61,95,1,-1,-1,-1
417,2622,1456,596,62,95,1,-1,-1,-1
417,2623,689,341,48,106,1,-1,-1,-1
417,2625,739,366,42,102,1,-1,-1,-1
417,2626,615,350,87,105,1,-1,-1,-1
417,2628,473,497,53,132,1,-1,-1,-1
417,2688,315,344,39,99,1,-1,-1,-1
417,2689,275,369,42,86,1,-1,-1,-1
417,2690,198,359,40,109,1,-1,-1,-1
417,2693,150,503,56,137,1,-1,-1,-1
417,2694,75,277,23,94,1,-1,-1,-1
418,2608,104,653,70,179,1,-1,-1,-1
418,2611,1482,595,72,141,1,-1,-1,-1
418,2612,326,354,58,103,1,-1,-1,-1
418,2613,309,325,29,101,1,-1,-1,-1
418,2614,1173,537,67,126,1,-1,-1,-1
418,2618,962,310,61,95,1,-1,-1,-1
418,2619,1227,513,62,133,1,-1,-1,-1
418,2620,458,356,53,107,1,-1,-1,-1
418,2621,371,326,63,96,1,-1,-1,-1
418,2622,1457,596,63,95,1,-1,-1,-1
418,2623,695,342,48,105,1,-1,-1,-1
418,2625,745,367,43,101,1,-1,-1,-1
418,2626,625,351,86,105,1,-1,-1,-1
418,2628,481,498,53,132,1,-1,-1,-1
418,2688,322,345,39,99,1,-1,-1,-1
418,2689,282,370,42,86,1,-1,-1,-1
418,2690,204,360,40,109,1,-1,-1,-1
418,2693,158,504,56,137,1,-1,-1,-1
418,2694,83,278,25,93,1,-1,-1,-1
419,2608,103,655,70,180,1,-1,-1,-1
419,2611,1484,595,72,140,1,-1,-1,-1
419,2612,334,354,57,104,1,-1,-1,-1
419,2613,315,327,30,101,1,-1,-1,-1
419,2614,1170,537,67,127,1,-1,-1,-1
419,2618,970,313,61,93,1,-1,-1,-1
419,2619,1231,514,63,133,1,-1,-1,-1
419,2620,465,357,53,107,1,-1,-1,-1
419,2621,377,327,64,96,1,-1,-1,-1
419,2622,1459,595,63,94,1,-1,-1,-1
419,2623,702,343,47,105,1,-1,-1,-1
419,2625,752,367,43,102,1,-1,-1,-1
419,2626,635,351,85,106,1,-1,-1,-1
419,2628,489,499,54,132,1,-1,-1,-1
419,2688,330,347,39,98,1,-1,-1,-1
419,2689,289,372,43,86,1,-1,-1,-1
419,2690,211,361,40,109,1,-1,-1,-1
419,2693,166,505,55,136,1,-1,-1,-1
419,2694,92,278,25,94,1,-1,-1,-1
420,2608,102,658,70,180,1,-1,-1,-1
420,2611,1486,596,71,139,1,-1,-1,-1
420,2612,342,354,57,104,1,-1,-1,-1
420,2613,322,328,30,101,1,-1,-1,-1
420,2614,1167,537,68,128,1,-1,-1,-1
420,2618,977,315,61,91,1,-1,-1,-1
420,2619,1236,516,63,133,1,-1,-1,-1
420,2620,472,357,53,106,1,-1,-1,-1
420,2621,384,327,64,96,1,-1,-1,-1
420,2622,1461,595,63,94,1,-1,-1,-1
420,2623,708,343,47,105,1,-1,-1,-1
420,2625,758,368,43,101,1,-1,-1,-1
420,2626,644,352,85,106,1,-1,-1,-1
420,2628,497,500,55,132,1,-1,-1,-1
420,2688,338,348,38,97,1,-1,-1,-1
420,2689,296,373,43,85,1,-1,-1,-1
420,2690,217,362,40,108,1,-1,-1,-1
420,2693,174,506,55,136,1,-1,-1,-1
420,2694,100,279,27,93,1,-1,-1,-1
421,2608,102,661,68,179,1,-1,-1,-1
421,2611,1488,596,71,138,1,-1,-1,-1
421,2612,350,354,57,105,1,-1,-1,-1
421,2613,329,330,30,101,1,-1,-1,-1
421,2614,1165,536,68,130,1,-1,-1,-1
421,2618,985,318,60,89,1,-1,-1,-1
421,2619,1241,518,63,133,1,-1,-1,-1
421,2620,479,357,53,107,1,-1,-1,-1
421,2621,390,328,65,96,1,-1,-1,-1
421,2622,1463,594,64,94,1,-1,-1,-1
421,2623,714,344,46,104,1,-1,-1,-1
421,2625,764,368,43,102,1,-1,-1,-1
421,2626,654,353,83,106,1,-1,-1,-1
421,2628,505,501,56,132,1,-1,-1,-1
421,2688,346,349,38,97,1,-1,-1,-1
421,2689,303,374,44,85,1,-1,-1,-1
421,2690,224,363,41,107,1,-1,-1,-1
421,2693,181,506,55,137,1,-1,-1,-1
421,2694,109,279,28,94,1,-1,-1,-1
422,2608,101,663,68,180,1,-1,-1,-1
422,2611,1490,597,71,136,1,-1,-1,-1
422,2612,358,355,56,105,1,-1,-1,-1
422,2613,335,332,30,100,1,-1,-1,-1
422,2614,1163,536,68,131,1,-1,-1,-1
422,2618,992,321,59,87,1,-1,-1,-1
422,2619,1246,519,63,133,1,-1,-1,-1
422,2620,486,358,53,106,1,-1,-1,-1
422,2621,396,329,66,95,1,-1,-1,-1
422,2622,1465,594,64,93,1,-1,-1,-1
422,2623,720,344,46,105,1,-1,-1,-1
422,2625,770,369,43,101,1,-1,-1,-1
422,2626,663,354,82,106,1,-1,-1,-1
422,2628,512,502,57,132,1,-1,-1,-1
422,2688,354,350,38,97,1,-1,-1,-1
422,2689,310,375,44,85,1,-1,-1,-1
422,2690,231,364,40,107,1,-1,-1,-1
422,2693,189,507,54,136,1,-1,-1,-1
422,2694,118,280,29,93,1,-1,-1,-1
423,2608,99,666,68,181,1,-1,-1,-1
423,2611,1492,597,71,135,1,-1,-1,-1
423,2612,366,355,56,105,1,-1,-1,-1
423,2613,342,333,31,101,1,-1,-1,-1
423,2614,1161,536,67,132,1,-1,-1,-1
423,2618,999,323,59,86,1,-1,-1,-1
423,2619,1250,521,64,132,1,-1,-1,-1
423,2620,493,358,53,106,1,-1,-1,-1
423,2621,402,329,67,96,1,-1,-1,-1
423,2622,1467,593,64,93,1,-1,-1,-1
423,2623,727,345,46,105,1,-1,-1,-1
423,2625,777,369,43,102,1,-1,-1,-1
423,2626,673,355,80,105,1,-1,-1,-1
423,2628,519,503,59,132,1,-1,-1,-1
423,2688,362,351,37,96,1,-1,-1,-1
423,2689,317,376,44,85,1,-1,-1,-1
423,2690,237,364,41,107,1,-1,-1,-1
423,2693,197,508,53,136,1,-1,-1,-1
423,2694,126,281,30,93,1,-1,-1,-1
424,2608,98,669,68,181,1,-1,-1,-1
424,2611,1494,598,71,133,1,-1,-1,-1
424,2612,374,355,56,106,1,-1,-1,-1
424,2613,348,335,32,100,1,-1,-1,-1
424,2614,1159,536,66,133,1,-1,-1,-1
424,2618,1006,326,59,84,1,-1,-1,-1
424,2619,1255,522,64,132,1,-1,-1,-1
424,2620,500,359,54,105,1,-1,-1,-1
424,2621,409,330,67,96,1,-1,-1,-1
424,2622,1468,593,65,92,1,-1,-1,-1
424,2623,733,345,45,105,1,-1,-1,-1
424,2625,783,370,43,101,1,-1,-1,-1
424,2626,683,356,79,105,1,-1,-1,-1
424,2628,527,504,60,132,1,-1,-1,-1
424,2688,370,352,36,96,1,-1,-1,-1
424,2689,324,378,45,84,1,-1,-1,-1
424,2690,244,365,41,107,1,-1,-1,-1
424,2693,205,509,53,136,1,-1,-1,-1
424,2694,135,281,31,94,1,-1,-1,-1
425,2608,97,674,67,181,1,-1,-1,-1
425,2611,1497,598,71,131,1,-1,-1,-1
425,2612,387,356,56,106,1,-1,-1,-1
425,2613,359,338,32,100,1,-1,-1,-1
425,2614,1155,537,66,134,1,-1,-1,-1
425,2618,1019,330,58,82,1,-1,-1,-1
425,2619,1263,524,64,132,1,-1,-1,-1
425,2620,512,360,53,105,1,-1,-1,-1
425,2621,420,331,67,96,1,-1,-1,-1
425,2622,1471,592,65,92,1,-1,-1,-1
425,2623,744,346,44,105,1,-1,-1,-1
425,2625,794,370,43,102,1,-1,-1,-1
425,2626,697,357,79,106,1,-1,-1,-1
425,2628,540,505,61,132,1,-1,-1,-1
425,2688,383,354,36,95,1,-1,-1,-1
425,2689,335,379,45,84,1,-1,-1,-1
425,2690,254,367,41,106,1,-1,-1,-1
425,2693,218,511,52,136,1,-1,-1,-1
425,2694,150,283,31,94,1,-1,-1,-1
426,2608,96,675,67,181,1,-1,-1,-1
426,2611,1498,598,71,130,1,-1,-1,-1
426,2612,392,356,55,107,1,-1,-1,-1
426,2613,364,339,32,100,1,-1,-1,-1
426,2614,1154,537,65,135,1,-1,-1,-1
426,2618,1023,332,59,81,1,-1,-1,-1
426,2619,1267,526,64,132,1,-1,-1,-1
426,2620,516,361,54,105,1,-1,-1,-1
426,2621,423,332,68,96,1,-1,-1,-1
426,2622,1471,591,67,92,1,-1,-1,-1
426,2623,748,347,43,104,1,-1,-1,-1
426,2625,798,371,43,102,1,-1,-1,-1
426,2626,704,358,78,106,1,-1,-1,-1
426,2628,544,506,62,131,1,-1,-1,-1
426,2688,388,355,35,95,1,-1,-1,-1
426,2689,340,380,45,83,1,-1,-1,-1
426,2690,258,368,42,106,1,-1,-1,-1
426,2693,223,512,51,136,1,-1,-1,-1
426,2694,155,283,32,95,1,-1,-1,-1
427,2608,92,678,67,181,1,-1,-1,-1
427,2611,1500,597,73,131,1,-1,-1,-1
427,2612,399,357,55,106,1,-1,-1,-1
427,2613,370,340,33,100,1,-1,-1,-1
427,2614,1153,538,64,135,1,-1,-1,-1
427,2618,1030,332,58,82,1,-1,-1,-1
427,2619,1269,528,64,131,1,-1,-1,-1
427,2620,524,361,54,105,1,-1,-1,-1
427,2621,429,332,68,96,1,-1,-1,-1
427,2622,1472,591,68,92,1,-1,-1,-1
427,2623,753,347,43,105,1,-1,-1,-1
427,2625,804,371,43,102,1,-1,-1,-1
427,2626,713,359,77,106,1,-1,-1,-1
427,2628,552,507,63,131,1,-1,-1,-1
427,2688,395,356,35,95,1,-1,-1,-1
427,2689,345,381,46,84,1,-1,-1,-1
427,2690,264,369,42,106,1,-1,-1,-1
427,2693,230,513,50,136,1,-1,-1,-1
427,2694,163,284,32,94,1,-1,-1,-1
428,2608,86,681,69,181,1,-1,-1,-1
428,2611,1504,595,75,132,1,-1,-1,-1
428,2612,407,359,54,106,1,-1,-1,-1
428,2613,378,341,34,100,1,-1,-1,-1
428,2614,1151,538,63,137,1,-1,-1,-1
428,2618,1036,333,59,82,1,-1,-1,-1
428,2619,1272,531,63,130,1,-1,-1,-1
428,2620,533,362,54,104,1,-1,-1,-1
428,2621,436,334,68,95,1,-1,-1,-1
428,2622,1473,592,68,92,1,-1,-1,-1
428,2623,758,348,43,105,1,-1,-1,-1
428,2625,811,372,43,102,1,-1,-1,-1
428,2626,723,360,76,106,1,-1,-1,-1
428,2628,561,508,63,132,1,-1,-1,-1
428,2688,404,358,35,94,1,-1,-1,-1
428,2689,351,383,47,83,1,-1,-1,-1
428,2690,270,370,43,106,1,-1,-1,-1
428,2693,238,513,49,137,1,-1,-1,-1
428,2694,171,286,32,94,1,-1,-1,-1
429,2608,78,684,71,181,1,-1,-1,-1
429,2611,1509,592,75,135,1,-1,-1,-1
429,2612,416,361,53,105,1,-1,-1,-1
429,2613,387,342,34,101,1,-1,-1,-1
429,2614,1149,539,62,137,1,-1,-1,-1
429,2618,1042,334,61,83,1,-1,-1,-1
429,2619,1274,534,63,128,1,-1,-1,-1
429,2620,543,363,54,104,1,-1,-1,-1
429,2621,443,336,69,95,1,-1,-1,-1
429,2622,1475,592,68,91,1,-1,-1,-1
429,2623,764,349,42,105,1,-1,-1,-1
429,2625,819,373,43,102,1,-1,-1,-1
429,2626,734,362,75,105,1,-1,-1,-1
429,2628,571,509,63,132,1,-1,-1,-1
429,2688,413,359,35,95,1,-1,-1,-1
429,2689,357,384,47,83,1,-1,-1,-1
429,2690,277,372,43,106,1,-1,-1,-1
429,2693,246,515,49,136,1,-1,-1,-1
429,2694,180,288,32,94,1,-1,-1,-1
430,2608,70,687,74,182,1,-1,-1,-1
430,2611,1513,590,76,136,1,-1,-1,-1
430,2612,424,362,53,105,1,-1,-1,-1
430,2613,396,343,34,101,1,-1,-1,-1
430,2614,1147,539,61,138,1,-1,-1,-1
430,2618,1049,335,61,84,1,-1,-1,-1
430,2619,1277,537,62,126,1,-1,-1,-1
430,2620,553,364,54,104,1,-1,-1,-1
430,2621,450,338,69,95,1,-1,-1,-1
430,2622,1476,592,69,91,1,-1,-1,-1
430,2623,770,350,42,106,1,-1,-1,-1
430,2625,827,373,43,102,1,-1,-1,-1
430,2626,744,364,75,105,1,-1,-1,-1
430,2628,581,511,62,132,1,-1,-1,-1
430,2688,422,361,34,95,1,-1,-1,-1
430,2689,363,385,48,84,1,-1,-1,-1
430,2690,284,374,43,106,1,-1,-1,-1
430,2693,253,516,49,137,1,-1,-1,-1
430,2694,188,289,33,94,1,-1,-1,-1
431,2608,63,691,77,181,1,-1,-1,-1
431,2611,1519,587,76,139,1,-1,-1,-1
431,2612,433,364,51,104,1,-1,-1,-1
431,2613,405,344,35,101,1,-1,-1,-1
431,2614,1145,540,61,139,1,-1,-1,-1
431,2618,1056,336,62,85,1,-1,-1,-1
431,2619,1280,540,62,124,1,-1,-1,-1
431,2620,563,365,53,104,1,-1,-1,-1
431,2621,457,340,70,95,1,-1,-1,-1
431,2622,1478,592,68,91,1,-1,-1,-1
431,2623,776,351,41,106,1,-1,-1,-1
431,2625,835,374,43,102,1,-1,-1,-1
431,2626,755,366,74,105,1,-1,-1,-1
431,2628,591,512,60,132,1,-1,-1,-1
431,2688,432,363,34,95,1,-1,-1,-1
431,2689,370,386,47,84,1,-1,-1,-1
431,2690,291,376,43,105,1,-1,-1,-1
431,2693,262,517,48,137,1,-1,-1,-1
431,2694,197,291,33,94,1,-1,-1,-1
432,2608,54,695,81,181,1,-1,-1,-1
432,2611,1524,584,77,142,1,-1,-1,-1
432,2612,442,366,51,103,1,-1,-1,-1
432,2613,415,345,35,102,1,-1,-1,-1
432,2614,1143,541,60,140,1,-1,-1,-1
432,2618,1064,336,63,86,1,-1,-1,-1
432,2619,1282,544,62,122,1,-1,-1,-1
432,2620,575,366,53,104,1,-1,-1,-1
432,2621,465,342,69,95,1,-1,-1,-1
432,2622,1479,592,69,91,1,-1,-1,-1
432,2623,783,352,41,106,1,-1,-1,-1
432,2625,844,375,42,102,1,-1,-1,-1
432,2626,767,368,74,105,1,-1,-1,-1
432,2628,603,514,58,132,1,-1,-1,-1
432,2688,442,365,33,94,1,-1,-1,-1
432,2689,376,387,48,84,1,-1,-1,-1
432,2690,298,378,44,105,1,-1,-1,-1
432,2693,270,519,48,137,1,-1,-1,-1
432,2694,207,293,34,94,1,-1,-1,-1
433,2608,49,697,86,181,1,-1,-1,-1
433,2611,1528,585,76,140,1,-1,-1,-1
433,2612,448,368,51,103,1,-1,-1,-1
433,2613,422,346,35,102,1,-1,-1,-1
433,2614,1139,542,59,140,1,-1,-1,-1
433,2618,1071,338,62,86,1,-1,-1,-1
433,2619,1284,546,62,121,1,-1,-1,-1
433,2620,583,367,52,104,1,-1,-1,-1
433,2621,471,343,71,95,1,-1,-1,-1
433,2622,1482,592,69,91,1,-1,-1,-1
433,2623,788,353,41,106,1,-1,-1,-1
433,2625,850,376,43,102,1,-1,-1,-1
433,2626,775,370,73,104,1,-1,-1,-1
433,2628,612,515,57,132,1,-1,-1,-1
433,2688,451,366,33,95,1,-1,-1,-1
433,2689,383,388,48,84,1,-1,-1,-1
433,2690,303,380,43,105,1,-1,-1,-1
433,2693,275,520,47,137,1,-1,-1,-1
433,2694,213,295,34,94,1,-1,-1,-1
433,2696,0,395,21,111,1,-1,-1,-1
434,2608,47,698,88,181,1,-1,-1,-1
434,2611,1532,587,74,138,1,-1,-1,-1
434,2612,453,370,50,103,1,-1,-1,-1
434,2613,429,347,36,103,1,-1,-1,-1
434,2614,1133,544,59,139,1,-1,-1,-1
434,2618,1078,339,62,86,1,-1,-1,-1
434,2619,1286,547,63,121,1,-1,-1,-1
434,2620,591,368,52,104,1,-1,-1,-1
434,2621,478,345,71,95,1,-1,-1,-1
434,2622,1486,592,69,91,1,-1,-1,-1
434,2623,792,354,41,107,1,-1,-1,-1
434,2625,856,378,42,102,1,-1,-1,-1
434,2626,783,372,72,104,1,-1,-1,-1
434,2628,620,517,56,132,1,-1,-1,-1
434,2688,461,368,33,95,1,-1,-1,-1
434,2689,389,390,48,83,1,-1,-1,-1
434,2690,307,382,44,105,1,-1,-1,-1
434,2693,279,522,47,137,1,-1,-1,-1
434,2694,219,296,34,94,1,-1,-1,-1
434,2696,0,393,21,113,1,-1,-1,-1
435,2608,45,700,90,181,1,-1,-1,-1
435,2611,1535,590,73,134,1,-1,-1,-1
435,2612,457,372,50,102,1,-1,-1,-1
435,2613,436,348,36,103,1,-1,-1,-1
435,2614,1127,546,59,139,1,-1,-1,-1
435,2618,1086,342,61,85,1,-1,-1,-1
435,2619,1288,548,63,122,1,-1,-1,-1
435,2620,599,370,51,104,1,-1,-1,-1
435,2621,485,347,71,94,1,-1,-1,-1
435,2622,1490,592,68,91,1,-1,-1,-1
435,2623,797,355,41,107,1,-1,-1,-1
435,2625,862,379,43,102,1,-1,-1,-1
435,2626,790,373,73,104,1,-1,-1,-1
435,2628,627,519,56,132,1,-1,-1,-1
435,2688,470,370,33,94,1,-1,-1,-1
435,2689,396,391,48,84,1,-1,-1,-1
435,2690,311,384,44,105,1,-1,-1,-1
435,2693,281,524,47,137,1,-1,-1,-1
435,2694,224,298,35,94,1,-1,-1,-1
435,2696,2,394,23,114,1,-1,-1,-1
436,2608,44,701,91,181,1,-1,-1,-1
436,2611,1538,593,72,131,1,-1,-1,-1
436,2612,461,374,50,102,1,-1,-1,-1
436,2613,443,349,37,103,1,-1,-1,-1
436,2614,1120,548,60,139,1,-1,-1,-1
436,2618,1094,344,61,84,1,-1,-1,-1
436,2619,1291,549,63,122,1,-1,-1,-1
436,2620,606,371,52,104,1,-1,-1,-1
436,2621,492,349,72,94,1,-1,-1,-1
436,2622,1494,592,68,90,1,-1,-1,-1
436,2623,801,357,42,107,1,-1,-1,-1
436,2625,868,381,43,102,1,-1,-1,-1
436,2626,798,375,72,104,1,-1,-1,-1
436,2628,635,521,55,132,1,-1,-1,-1
436,2688,479,371,32,94,1,-1,-1,-1
436,2689,403,392,48,84,1,-1,-1,-1
436,2690,315,386,44,105,1,-1,-1,-1
436,2693,284,526,46,137,1,-1,-1,-1
436,2694,230,299,35,95,1,-1,-1,-1
436,2696,7,396,23,114,1,-1,-1,-1
437,2608,44,702,92,181,1,-1,-1,-1
437,2611,1542,596,71,127,1,-1,-1,-1
437,2612,466,376,50,101,1,-1,-1,-1
437,2613,450,350,37,104,1,-1,-1,-1
437,2614,1114,550,61,139,1,-1,-1,-1
437,2618,1101,346,60,84,1,-1,-1,-1
437,2619,1293,551,63,121,1,-1,-1,-1
437,2620,614,372,52,104,1,-1,-1,-1
437,2621,499,351,73,94,1,-1,-1,-1
437,2622,1498,591,68,90,1,-1,-1,-1
437,2623,806,358,42,107,1,-1,-1,-1
437,2625,874,382,43,102,1,-1,-1,-1
437,2626,805,377,73,104,1,-1,-1,-1
437,2628,642,523,56,132,1,-1,-1,-1
437,2688,489,373,32,94,1,-1,-1,-1
437,2689,409,393,48,84,1,-1,-1,-1
437,2690,320,388,43,104,1,-1,-1,-1
437,2693,286,528,46,137,1,-1,-1,-1
437,2694,235,301,36,94,1,-1,-1,-1
437,2696,12,398,24,114,1,-1,-1,-1
438,2608,44,704,91,181,1,-1,-1,-1
438,2611,1546,601,70,121,1,-1,-1,-1
438,2612,471,379,50,100,1,-1,-1,-1
438,2613,459,351,37,104,1,-1,-1,-1
438,2614,1105,553,62,138,1,-1,-1,-1
438,2618,1111,349,60,82,1,-1,-1,-1
438,2619,1296,552,64,122,1,-1,-1,-1
438,2620,623,373,53,104,1,-1,-1,-1
438,2621,509,353,73,94,1,-1,-1,-1
438,2622,1504,591,67,90,1,-1,-1,-1
438,2623,812,360,43,107,1,-1,-1,-1
438,2625,881,384,44,102,1,-1,-1,-1
438,2626,815,379,72,103,1,-1,-1,-1
438,2628,651,525,57,133,1,-1,-1,-1
438,2688,501,375,32,94,1,-1,-1,-1
438,2689,417,394,48,84,1,-1,-1,-1
438,2690,325,390,43,104,1,-1,-1,-1
438,2693,289,530,45,138,1,-1,-1,-1
438,2694,240,303,36,94,1,-1,-1,-1
438,2696,18,401,26,115,1,-1,-1,-1
439,2608,42,706,92,181,1,-1,-1,-1
439,2611,1549,601,71,121,1,-1,-1,-1
439,2612,475,381,50,99,1,-1,-1,-1
439,2613,462,352,38,105,1,-1,-1,-1
439,2614,1101,554,63,139,1,-1,-1,-1
439,2618,1114,351,62,82,1,-1,-1,-1
439,2619,1297,552,65,124,1,-1,-1,-1
439,2620,628,374,53,104,1,-1,-1,-1
439,2621,514,355,73,94,1,-1,-1,-1
439,2622,1507,591,67,90,1,-1,-1,-1
439,2623,813,361,44,107,1,-1,-1,-1
439,2625,885,385,44,102,1,-1,-1,-1
439,2626,818,380,72,104,1,-1,-1,-1
439,2628,656,527,58,132,1,-1,-1,-1
439,2688,506,377,31,93,1,-1,-1,-1
439,2689,421,396,49,84,1,-1,-1,-1
439,2690,327,392,43,104,1,-1,-1,-1
439,2693,291,532,45,138,1,-1,-1,-1
439,2694,246,304,36,94,1,-1,-1,-1
439,2696,20,403,27,115,1,-1,-1,-1
440,2608,38,708,91,182,1,-1,-1,-1
440,2611,1554,601,72,120,1,-1,-1,-1
440,2612,478,383,50,100,1,-1,-1,-1
440,2613,465,354,38,105,1,-1,-1,-1
440,2614,1097,556,65,139,1,-1,-1,-1
440,2618,1117,352,63,83,1,-1,-1,-1
440,2619,1299,553,65,124,1,-1,-1,-1
440,2620,631,376,53,103,1,-1,-1,-1
440,2621,518,356,75,94,1,-1,-1,-1
440,2622,1509,591,67,92,1,-1,-1,-1
440,2623,815,362,43,107,1,-1,-1,-1
440,2625,889,387,44,102,1,-1,-1,-1
440,2626,819,381,72,104,1,-1,-1,-1
440,2628,660,528,59,133,1,-1,-1,-1
440,2688,509,378,31,93,1,-1,-1,-1
440,2689,424,396,48,85,1,-1,-1,-1
440,2690,330,393,42,104,1,-1,-1,-1
440,2693,293,534,46,138,1,-1,-1,-1
440,2694,251,306,37,94,1,-1,-1,-1
440,2696,22,405,29,115,1,-1,-1,-1
441,2608,33,711,91,182,1,-1,-1,-1
441,2611,1560,601,72,119,1,-1,-1,-1
441,2612,481,385,51,99,1,-1,-1,-1
441,2613,467,356,39,105,1,-1,-1,-1
441,2614,1093,558,66,139,1,-1,-1,-1
441,2618,1119,354,63,83,1,-1,-1,-1
441,2619,1300,553,66,126,1,-1,-1,-1
441,2620,634,377,54,103,1,-1,-1,-1
441,2621,524,358,75,94,1,-1,-1,-1
441,2622,1511,590,69,94,1,-1,-1,-1
441,2623,815,363,44,107,1,-1,-1,-1
441,2625,893,388,44,102,1,-1,-1,-1
441,2626,818,382,73,104,1,-1,-1,-1
441,2628,665,530,59,133,1,-1,-1,-1
441,2688,511,380,31,91,1,-1,-1,-1
441,2689,426,397,48,86,1,-1,-1,-1
441,2690,331,395,43,104,1,-1,-1,-1
441,2693,296,536,46,138,1,-1,-1,-1
441,2694,257,307,37,94,1,-1,-1,-1
441,2696,25,408,30,114,1,-1,-1,-1
442,2608,28,713,89,184,1,-1,-1,-1
442,2611,1566,600,73,119,1,-1,-1,-1
442,2612,485,388,51,99,1,-1,-1,-1
442,2613,469,358,39,106,1,-1,-1,-1
442,2614,1090,560,67,140,1,-1,-1,-1
442,2618,1121,356,64,84,1,-1,-1,-1
442,2619,1301,554,67,126,1,-1,-1,-1
442,2620,637,378,53,103,1,-1,-1,-1
442,2621,529,359,75,94,1,-1,-1,-1
442,2622,1513,590,70,96,1,-1,-1,-1
442,2623,815,365,44,107,1,-1,-1,-1
442,2625,897,389,45,102,1,-1,-1,-1
442,2626,817,384,73,104,1,-1,-1,-1
442,2628,671,531,58,133,1,-1,-1,-1
442,2688,513,381,30,90,1,-1,-1,-1
442,2689,428,398,48,87,1,-1,-1,-1
442,2690,333,398,43,104,1,-1,-1,-1
442,2693,299,538,45,138,1,-1,-1,-1
442,2694,262,309,38,94,1,-1,-1,-1
442,2696,27,411,31,114,1,-1,-1,-1
443,2608,23,716,89,185,1,-1,-1,-1
443,2611,1575,599,74,119,1,-1,-1,-1
443,2612,490,390,50,98,1,-1,-1,-1
443,2613,471,360,39,106,1,-1,-1,-1
443,2614,1085,563,69,140,1,-1,-1,-1
443,2618,1124,359,64,84,1,-1,-1,-1
443,2619,1304,554,67,128,1,-1,-1,-1
443,2620,641,379,53,104,1,-1,-1,-1
443,2621,536,360,76,94,1,-1,-1,-1
443,2622,1515,590,72,98,1,-1,-1,-1
443,2623,816,366,43,107,1,-1,-1,-1
443,2625,903,391,44,102,1,-1,-1,-1
443,2626,816,385,73,104,1,-1,-1,-1
443,2628,679,534,58,133,1,-1,-1,-1
443,2688,515,382,30,90,1,-1,-1,-1
443,2689,431,399,47,89,1,-1,-1,-1
443,2690,336,401,42,104,1,-1,-1,-1
443,2693,302,541,44,138,1,-1,-1,-1
443,2694,270,311,38,94,1,-1,-1,-1
443,2696,30,415,33,114,1,-1,-1,-1
444,2608,19,719,87,185,1,-1,-1,-1
444,2611,1579,598,74,119,1,-1,-1,-1
444,2612,493,393,51,98,1,-1,-1,-1
444,2613,473,362,39,106,1,-1,-1,-1
444,2614,1081,565,69,140,1,-1,-1,-1
444,2618,1124,360,66,85,1,-1,-1,-1
444,2619,1304,554,67,130,1,-1,-1,-1
444,2620,642,380,53,104,1,-1,-1,-1
444,2621,538,362,77,94,1,-1,-1,-1
444,2622,1517,589,72,100,1,-1,-1,-1
444,2623,816,367,43,107,1,-1,-1,-1
444,2625,904,392,46,102,1,-1,-1,-1
444,2626,815,386,74,104,1,-1,-1,-1
444,2628,681,535,58,133,1,-1,-1,-1
444,2688,517,384,29,87,1,-1,-1,-1
444,2689,432,400,47,89,1,-1,-1,-1
444,2690,335,403,44,104,1,-1,-1,-1
444,2693,302,542,45,138,1,-1,-1,-1
444,2694,273,313,38,94,1,-1,-1,-1
444,2696,30,417,35,114,1,-1,-1,-1
445,2608,14,722,85,186,1,-1,-1,-1
445,2611,1583,598,75,118,1,-1,-1,-1
445,2612,497,395,51,98,1,-1,-1,-1
445,2613,475,363,39,107,1,-1,-1,-1
445,2614,1072,566,70,141,1,-1,-1,-1
445,2618,1125,361,65,85,1,-1,-1,-1
445,2619,1302,553,67,131,1,-1,-1,-1
445,2620,641,381,54,104,1,-1,-1,-1
445,2621,539,363,77,94,1,-1,-1,-1
445,2622,1518,587,74,102,1,-1,-1,-1
445,2623,816,369,43,107,1,-1,-1,-1
445,2625,905,394,45,101,1,-1,-1,-1
445,2626,814,387,75,105,1,-1,-1,-1
445,2628,682,537,57,133,1,-1,-1,-1
445,2688,518,385,30,87,1,-1,-1,-1
445,2689,433,401,47,90,1,-1,-1,-1
445,2690,334,405,43,103,1,-1,-1,-1
445,2693,300,544,44,138,1,-1,-1,-1
445,2694,272,314,40,94,1,-1,-1,-1
445,2696,28,419,36,114,1,-1,-1,-1
446,2608,9,725,83,187,1,-1,-1,-1
446,2611,1587,597,75,118,1,-1,-1,-1
446,2612,501,398,51,97,1,-1,-1,-1
446,2613,477,365,39,107,1,-1,-1,-1
446,2614,1062,568,71,141,1,-1,-1,-1
446,2618,1125,362,66,86,1,-1,-1,-1
446,2619,1299,552,67,132,1,-1,-1,-1
446,2620,640,382,54,104,1,-1,-1,-1
446,2621,539,364,77,95,1,-1,-1,-1
446,2622,1519,585,75,104,1,-1,-1,-1
446,2623,817,370,43,107,1,-1,-1,-1
446,2625,905,395,46,101,1,-1,-1,-1
446,2626,813,388,75,105,1,-1,-1,-1
446,2628,683,538,57,133,1,-1,-1,-1
446,2688,520,387,29,85,1,-1,-1,-1
446,2689,433,402,46,91,1,-1,-1,-1
446,2690,331,406,44,104,1,-1,-1,-1
446,2693,296,545,44,139,1,-1,-1,-1
446,2694,271,315,40,94,1,-1,-1,-1
446,2696,25,421,37,115,1,-1,-1,-1
447,2608,4,728,82,187,1,-1,-1,-1
447,2611,1592,596,74,118,1,-1,-1,-1
447,2612,504,400,52,97,1,-1,-1,-1
447,2613,479,367,40,107,1,-1,-1,-1
447,2614,1052,570,72,141,1,-1,-1,-1
447,2618,1127,363,65,86,1,-1,-1,-1
447,2619,1296,551,68,133,1,-1,-1,-1
447,2620,638,382,53,105,1,-1,-1,-1
447,2621,538,366,78,95,1,-1,-1,-1
447,2622,1521,583,77,106,1,-1,-1,-1
447,2623,818,371,42,108,1,-1,-1,-1
447,2625,905,397,46,101,1,-1,-1,-1
447,2626,812,390,76,105,1,-1,-1,-1
447,2628,683,540,58,133,1,-1,-1,-1
447,2688,522,388,29,84,1,-1,-1,-1
447,2689,433,403,46,91,1,-1,-1,-1
447,2690,328,408,44,105,1,-1,-1,-1
447,2693,292,547,44,139,1,-1,-1,-1
447,2694,270,317,40,94,1,-1,-1,-1
447,2696,22,422,39,116,1,-1,-1,-1
448,2608,0,730,80,188,1,-1,-1,-1
448,2611,1596,595,75,118,1,-1,-1,-1
448,2612,508,403,52,96,1,-1,-1,-1
448,2613,481,369,40,108,1,-1,-1,-1
448,2614,1041,572,73,142,1,-1,-1,-1
448,2618,1127,364,65,86,1,-1,-1,-1
448,2619,1293,549,67,135,1,-1,-1,-1
448,2620,636,383,53,105,1,-1,-1,-1
448,2621,538,367,78,95,1,-1,-1,-1
448,2622,1523,581,77,107,1,-1,-1,-1
448,2623,819,373,41,107,1,-1,-1,-1
448,2625,905,398,46,101,1,-1,-1,-1
448,2626,811,391,77,105,1,-1,-1,-1
448,2628,683,542,58,133,1,-1,-1,-1
448,2688,524,389,29,83,1,-1,-1,-1
448,2689,433,403,46,93,1,-1,-1,-1
448,2690,324,411,45,105,1,-1,-1,-1
448,2693,288,548,43,139,1,-1,-1,-1
448,2694,268,318,41,94,1,-1,-1,-1
448,2696,18,424,40,116,1,-1,-1,-1
449,2608,-3,733,76,189,1,-1,-1,-1
449,2611,1601,595,74,117,1,-1,-1,-1
449,2612,512,406,53,95,1,-1,-1,-1
449,2613,483,371,41,108,1,-1,-1,-1
449,2614,1030,574,74,142,1,-1,-1,-1
449,2618,1128,365,64,87,1,-1,-1,-1
449,2619,1290,548,67,135,1,-1,-1,-1
449,2620,635,383,52,106,1,-1,-1,-1
449,2621,538,368,78,95,1,-1,-1,-1
449,2622,1525,579,78,109,1,-1,-1,-1
449,2623,819,374,41,107,1,-1,-1,-1
449,2625,905,400,47,100,1,-1,-1,-1
449,2626,810,392,77,106,1,-1,-1,-1
449,2628,682,544,60,133,1,-1,-1,-1
449,2688,525,391,29,81,1,-1,-1,-1
449,2689,433,404,47,93,1,-1,-1,-1
449,2690,321,413,45,105,1,-1,-1,-1
449,2693,283,550,44,139,1,-1,-1,-1
449,2694,267,319,41,94,1,-1,-1,-1
449,2696,15,426,41,116,1,-1,-1,-1
450,2608,-11,738,75,191,1,-1,-1,-1
450,2611,1608,593,73,117,1,-1,-1,-1
450,2612,518,410,53,94,1,-1,-1,-1
450,2613,486,374,41,109,1,-1,-1,-1
450,2614,1013,578,74,143,1,-1,-1,-1
450,2618,1130,367,63,88,1,-1,-1,-1
450,2619,1285,546,67,138,1,-1,-1,-1
450,2620,632,384,53,105,1,-1,-1,-1
450,2621,537,370,79,95,1,-1,-1,-1
450,2622,1526,576,81,112,1,-1,-1,-1
450,2623,820,376,40,107,1,-1,-1,-1
450,2625,905,402,48,101,1,-1,-1,-1
450,2626,808,394,79,106,1,-1,-1,-1
450,2628,682,547,61,134,1,-1,-1,-1
450,2688,529,393,28,80,1,-1,-1,-1
450,2689,433,405,47,96,1,-1,-1,-1
450,2690,316,417,46,105,1,-1,-1,-1
450,2693,276,553,44,139,1,-1,-1,-1
450,2694,265,322,42,94,1,-1,-1,-1
450,2696,12,427,42,118,1,-1,-1,-1
451,2608,-13,738,72,191,1,-1,-1,-1
451,2611,1610,593,73,116,1,-1,-1,-1
451,2612,520,412,54,94,1,-1,-1,-1
451,2613,487,375,41,109,1,-1,-1,-1
451,2614,1006,580,74,143,1,-1,-1,-1
451,2618,1131,368,61,88,1,-1,-1,-1
451,2619,1283,545,67,139,1,-1,-1,-1
451,2620,631,385,53,105,1,-1,-1,-1
451,2621,537,371,79,95,1,-1,-1,-1
451,2622,1527,575,82,113,1,-1,-1,-1
451,2623,820,377,39,107,1,-1,-1,-1
451,2625,905,403,48,101,1,-1,-1,-1
451,2626,808,395,79,106,1,-1,-1,-1
451,2628,682,548,62,134,1,-1,-1,-1
451,2688,530,394,28,79,1,-1,-1,-1
451,2689,433,406,47,96,1,-1,-1,-1
451,2690,313,418,46,105,1,-1,-1,-1
451,2693,273,554,44,139,1,-1,-1,-1
451,2694,264,323,42,94,1,-1,-1,-1
451,2696,9,429,43,118,1,-1,-1,-1
452,2608,-13,738,70,191,1,-1,-1,-1
452,2611,1612,591,73,117,1,-1,-1,-1
452,2612,518,414,55,94,1,-1,-1,-1
452,2613,485,377,41,109,1,-1,-1,-1
452,2614,996,582,75,143,1,-1,-1,-1
452,2618,1128,369,60,88,1,-1,-1,-1
452,2619,1277,545,66,138,1,-1,-1,-1
452,2620,627,385,52,106,1,-1,-1,-1
452,2621,534,372,79,95,1,-1,-1,-1
452,2622,1527,573,82,114,1,-1,-1,-1
452,2623,817,378,38,107,1,-1,-1,-1
452,2625,901,404,48,101,1,-1,-1,-1
452,2626,803,396,79,106,1,-1,-1,-1
452,2628,678,550,63,134,1,-1,-1,-1
452,2688,523,394,30,80,1,-1,-1,-1
452,2689,429,407,48,97,1,-1,-1,-1
452,2690,307,420,47,105,1,-1,-1,-1
452,2693,264,555,44,140,1,-1,-1,-1
452,2694,257,324,43,94,1,-1,-1,-1
452,2696,5,431,44,119,1,-1,-1,-1
453,2611,1614,590,73,118,1,-1,-1,-1
453,2612,516,416,56,95,1,-1,-1,-1
453,2613,480,378,42,110,1,-1,-1,-1
453,2614,984,584,75,143,1,-1,-1,-1
453,2618,1124,370,59,89,1,-1,-1,-1
453,2619,1268,545,66,139,1,-1,-1,-1
453,2620,623,386,51,105,1,-1,-1,-1
453,2621,529,374,79,95,1,-1,-1,-1
453,2622,1526,572,82,115,1,-1,-1,-1
453,2623,811,379,38,108,1,-1,-1,-1
453,2625,896,406,48,101,1,-1,-1,-1
453,2626,796,397,79,106,1,-1,-1,-1
453,2628,672,551,65,134,1,-1,-1,-1
453,2688,515,394,30,81,1,-1,-1,-1
453,2689,424,408,47,98,1,-1,-1,-1
453,2690,301,421,47,105,1,-1,-1,-1
453,2693,254,557,43,139,1,-1,-1,-1
453,2694,248,325,44,94,1,-1,-1,-1
453,2696,2,433,45,119,1,-1,-1,-1
454,2611,1617,588,72,118,1,-1,-1,-1
454,2612,513,418,57,96,1,-1,-1,-1
454,2613,476,379,42,110,1,-1,-1,-1
454,2614,972,585,75,144,1,-1,-1,-1
454,2618,1118,371,59,89,1,-1,-1,-1
454,2619,1260,546,64,138,1,-1,-1,-1
454,2620,617,386,52,106,1,-1,-1,-1
454,2621,525,376,78,95,1,-1,-1,-1
454,2622,1525,571,82,115,1,-1,-1,-1
454,2623,805,379,37,108,1,-1,-1,-1
454,2625,891,407,48,101,1,-1,-1,-1
454,2626,789,399,79,105,1,-1,-1,-1
454,2628,667,552,65,135,1,-1,-1,-1
454,2688,505,393,31,83,1,-1,-1,-1
454,2689,417,410,48,98,1,-1,-1,-1
454,2690,293,422,48,106,1,-1,-1,-1
454,2693,242,558,43,140,1,-1,-1,-1
454,2694,239,326,44,94,1,-1,-1,-1
454,2696,-3,437,42,118,1,-1,-1,-1
455,2611,1619,586,72,118,1,-1,-1,-1
455,2612,510,420,58,97,1,-1,-1,-1
455,2613,471,380,43,111,1,-1,-1,-1
455,2614,960,587,75,145,1,-1,-1,-1
455,2618,1113,373,57,89,1,-1,-1,-1
455,2619,1251,546,63,139,1,-1,-1,-1
455,2620,612,386,51,107,1,-1,-1,-1
455,2621,520,378,78,94,1,-1,-1,-1
455,2622,1524,570,82,116,1,-1,-1,-1
455,2623,799,380,37,108,1,-1,-1,-1
455,2625,885,408,49,101,1,-1,-1,-1
455,2626,782,401,78,104,1,-1,-1,-1
455,2628,662,554,66,135,1,-1,-1,-1
455,2688,496,393,31,85,1,-1,-1,-1
455,2689,411,411,48,99,1,-1,-1,-1
455,2690,286,424,48,106,1,-1,-1,-1
455,2693,230,559,44,140,1,-1,-1,-1
455,2694,229,327,44,94,1,-1,-1,-1
455,2696,-8,441,39,116,1,-1,-1,-1
456,2611,1621,584,72,119,1,-1,-1,-1
456,2612,507,422,59,98,1,-1,-1,-1
456,2613,465,382,45,111,1,-1,-1,-1
456,2614,947,589,75,145,1,-1,-1,-1
456,2618,1107,374,57,89,1,-1,-1,-1
456,2619,1242,547,63,138,1,-1,-1,-1
456,2620,606,387,51,107,1,-1,-1,-1
456,2621,515,380,77,94,1,-1,-1,-1
456,2622,1523,569,82,116,1,-1,-1,-1
456,2623,792,380,37,109,1,-1,-1,-1
456,2625,880,410,49,101,1,-1,-1,-1
456,2626,775,402,77,104,1,-1,-1,-1
456,2628,656,556,67,135,1,-1,-1,-1
456,2688,486,393,32,86,1,-1,-1,-1
456,2689,405,413,47,98,1,-1,-1,-1
456,2690,278,425,49,106,1,-1,-1,-1
456,2693,218,560,44,141,1,-1,-1,-1
456,2694,220,328,44,94,1,-1,-1,-1
457,2611,1623,582,73,119,1,-1,-1,-1
457,2612,503,424,60,100,1,-1,-1,-1
457,2613,460,383,45,112,1,-1,-1,-1
457,2614,933,592,75,145,1,-1,-1,-1
457,2618,1101,375,57,90,1,-1,-1,-1
457,2619,1233,547,61,138,1,-1,-1,-1
457,2620,601,387,50,108,1,-1,-1,-1
457,2621,510,382,76,94,1,-1,-1,-1
457,2622,1522,568,82,116,1,-1,-1,-1
457,2623,786,381,37,109,1,-1,-1,-1
457,2625,875,411,48,100,1,-1,-1,-1
457,2626,768,404,76,103,1,-1,-1,-1
457,2628,651,557,67,136,1,-1,-1,-1
457,2688,476,393,33,88,1,-1,-1,-1
457,2689,398,414,48,99,1,-1,-1,-1
457,2690,269,426,49,107,1,-1,-1,-1
457,2693,205,562,44,141,1,-1,-1,-1
457,2694,211,329,44,94,1,-1,-1,-1
457,2697,0,488,9,73,1,-1,-1,-1
458,2611,1625,580,73,119,1,-1,-1,-1
458,2612,501,425,61,101,1,-1,-1,-1
458,2613,455,384,46,112,1,-1,-1,-1
458,2614,924,594,74,145,1,-1,-1,-1
458,2618,1096,377,56,90,1,-1,-1,-1
458,2619,1225,548,60,137,1,-1,-1,-1
458,2620,596,388,50,108,1,-1,-1,-1
458,2621,506,384,75,94,1,-1,-1,-1
458,2622,1521,567,82,117,1,-1,-1,-1
458,2623,780,381,36,110,1,-1,-1,-1
458,2625,870,412,48,100,1,-1,-1,-1
458,2626,761,405,75,103,1,-1,-1,-1
458,2628,645,559,68,136,1,-1,-1,-1
458,2688,467,393,33,90,1,-1,-1,-1
458,2689,392,416,48,99,1,-1,-1,-1
458,2690,261,428,50,107,1,-1,-1,-1
458,2693,194,563,44,141,1,-1,-1,-1
458,2694,202,331,44,94,1,-1,-1,-1
459,2611,1627,579,73,119,1,-1,-1,-1
459,2612,499,425,62,102,1,-1,-1,-1
459,2613,449,386,48,112,1,-1,-1,-1
459,2614,914,595,75,145,1,-1,-1,-1
459,2618,1090,378,56,90,1,-1,-1,-1
459,2619,1217,548,59,138,1,-1,-1,-1
459,2620,590,388,50,109,1,-1,-1,-1
459,2621,502,386,74,93,1,-1,-1,-1
459,2622,1520,566,82,117,1,-1,-1,-1
459,2623,773,382,36,110,1,-1,-1,-1
459,2625,865,413,47,100,1,-1,-1,-1
459,2626,754,407,74,102,1,-1,-1,-1
459,2628,639,561,70,136,1,-1,-1,-1
459,2688,458,392,33,92,1,-1,-1,-1
459,2689,386,417,47,100,1,-1,-1,-1
459,2690,252,430,50,108,1,-1,-1,-1
459,2693,184,564,44,141,1,-1,-1,-1
459,2694,192,332,45,94,1,-1,-1,-1
460,2611,1629,577,73,119,1,-1,-1,-1
460,2612,497,426,64,103,1,-1,-1,-1
460,2613,444,387,49,113,1,-1,-1,-1
460,2614,905,596,74,145,1,-1,-1,-1
460,2618,1085,379,56,91,1,-1,-1,-1
460,2619,1208,549,58,137,1,-1,-1,-1
460,2620,585,389,49,108,1,-1,-1,-1
460,2621,497,387,73,93,1,-1,-1,-1
460,2622,1519,565,81,117,1,-1,-1,-1
460,2623,766,382,37,111,1,-1,-1,-1
460,2625,859,415,47,100,1,-1,-1,-1
460,2626,747,408,73,102,1,-1,-1,-1
460,2628,634,562,70,137,1,-1,-1,-1
460,2688,448,392,34,93,1,-1,-1,-1
460,2689,379,419,48,100,1,-1,-1,-1
460,2690,243,432,50,108,1,-1,-1,-1
460,2693,173,566,44,141,1,-1,-1,-1
460,2694,183,333,45,94,1,-1,-1,-1
461,2611,1631,575,74,120,1,-1,-1,-1
461,2612,495,426,65,104,1,-1,-1,-1
461,2613,439,389,51,113,1,-1,-1,-1
461,2614,895,597,74,146,1,-1,-1,-1
461,2618,1079,380,56,91,1,-1,-1,-1
461,2619,1199,550,58,136,1,-1,-1,-1
461,2620,581,389,48,109,1,-1,-1,-1
461,2621,493,389,71,93,1,-1,-1,-1
461,2622,1518,564,81,118,1,-1,-1,-1
461,2623,760,383,36,111,1,-1,-1,-1
461,2625,855,416,46,100,1,-1,-1,-1
461,2626,741,410,71,101,1,-1,-1,-1
461,2628,628,564,71,138,1,-1,-1,-1
461,2688,439,392,34,95,1,-1,-1,-1
461,2689,373,421,48,100,1,-1,-1,-1
461,2690,234,435,51,109,1,-1,-1,-1
461,2693,162,567,44,142,1,-1,-1,-1
461,2694,173,334,46,94,1,-1,-1,-1
462,2611,1633,573,74,120,1,-1,-1,-1
462,2612,493,427,67,105,1,-1,-1,-1
462,2613,434,390,51,114,1,-1,-1,-1
462,2614,885,599,74,146,1,-1,-1,-1
462,2618,1073,382,57,91,1,-1,-1,-1
462,2619,1190,550,57,137,1,-1,-1,-1
462,2620,576,390,48,109,1,-1,-1,-1
462,2621,489,391,70,92,1,-1,-1,-1
462,2622,1517,563,81,118,1,-1,-1,-1
462,2623,754,384,36,111,1,-1,-1,-1
462,2625,849,417,46,100,1,-1,-1,-1
462,2626,734,412,70,100,1,-1,-1,-1
462,2628,623,566,71,138,1,-1,-1,-1
462,2688,430,392,34,96,1,-1,-1,-1
462,2689,366,422,49,101,1,-1,-1,-1
462,2690,225,437,51,109,1,-1,-1,-1
462,2693,151,568,44,142,1,-1,-1,-1
462,2694,164,335,46,95,1,-1,-1,-1
463,2611,1635,570,74,121,1,-1,-1,-1
463,2612,490,427,70,107,1,-1,-1,-1
463,2613,427,391,53,115,1,-1,-1,-1
463,2614,873,600,72,147,1,-1,-1,-1
463,2618,1066,383,56,92,1,-1,-1,-1
463,2619,1179,551,56,136,1,-1,-1,-1
463,2620,568,390,48,110,1,-1,-1,-1
463,2621,483,394,69,92,1,-1,-1,-1
463,2622,1516,562,80,119,1,-1,-1,-1
463,2623,746,384,36,112,1,-1,-1,-1
463,2625,843,419,45,100,1,-1,-1,-1
463,2626,725,413,68,100,1,-1,-1,-1
463,2628,616,568,72,139,1,-1,-1,-1
463,2688,417,392,35,99,1,-1,-1,-1
463,2689,358,424,48,101,1,-1,-1,-1
463,2690,214,441,52,109,1,-1,-1,-1
463,2693,140,569,45,142,1,-1,-1,-1
463,2694,155,336,46,95,1,-1,-1,-1
464,2611,1636,569,74,120,1,-1,-1,-1
464,2612,488,428,71,107,1,-1,-1,-1
464,2613,422,393,55,115,1,-1,-1,-1
464,2614,865,601,72,147,1,-1,-1,-1
464,2618,1060,385,56,92,1,-1,-1,-1
464,2619,1171,552,56,136,1,-1,-1,-1
464,2620,564,391,47,110,1,-1,-1,-1
464,2621,479,395,68,93,1,-1,-1,-1
464,2622,1515,561,80,119,1,-1,-1,-1
464,2623,740,385,36,111,1,-1,-1,-1
464,2625,839,420,44,100,1,-1,-1,-1
464,2626,719,415,68,99,1,-1,-1,-1
464,2628,611,569,72,139,1,-1,-1,-1
464,2688,409,392,35,99,1,-1,-1,-1
464,2689,353,426,48,101,1,-1,-1,-1
464,2690,205,442,53,110,1,-1,-1,-1
464,2693,130,570,45,143,1,-1,-1,-1
464,2694,146,337,46,95,1,-1,-1,-1
465,2611,1637,567,74,121,1,-1,-1,-1
465,2612,485,429,73,108,1,-1,-1,-1
465,2613,418,394,55,115,1,-1,-1,-1
465,2614,856,603,71,147,1,-1,-1,-1
465,2618,1052,386,57,92,1,-1,-1,-1
465,2619,1163,551,54,137,1,-1,-1,-1
465,2620,558,392,46,110,1,-1,-1,-1
465,2621,473,397,67,93,1,-1,-1,-1
465,2622,1513,560,80,119,1,-1,-1,-1
465,2623,733,385,36,111,1,-1,-1,-1
465,2625,834,421,45,100,1,-1,-1,-1
465,2626,711,416,67,99,1,-1,-1,-1
465,2628,604,570,72,139,1,-1,-1,-1
465,2688,398,392,35,99,1,-1,-1,-1
465,2689,345,427,48,102,1,-1,-1,-1
465,2690,195,444,53,110,1,-1,-1,-1
465,2693,118,572,46,143,1,-1,-1,-1
465,2694,137,338,46,96,1,-1,-1,-1
466,2611,1637,565,74,121,1,-1,-1,-1
466,2612,483,431,72,107,1,-1,-1,-1
466,2613,413,395,56,116,1,-1,-1,-1
466,2614,846,604,71,147,1,-1,-1,-1
466,2618,1044,388,56,91,1,-1,-1,-1
466,2619,1153,551,55,137,1,-1,-1,-1
466,2620,552,393,46,109,1,-1,-1,-1
466,2621,468,398,66,94,1,-1,-1,-1
466,2622,1510,558,79,119,1,-1,-1,-1
466,2623,726,386,36,110,1,-1,-1,-1
466,2625,830,422,44,100,1,-1,-1,-1
466,2626,703,417,66,100,1,-1,-1,-1
466,2628,597,571,72,140,1,-1,-1,-1
466,2688,386,392,35,99,1,-1,-1,-1
466,2689,336,429,48,102,1,-1,-1,-1
466,2690,184,446,54,110,1,-1,-1,-1
466,2693,107,573,46,143,1,-1,-1,-1
466,2694,128,340,46,95,1,-1,-1,-1
467,2611,1637,563,75,121,1,-1,-1,-1
467,2612,479,432,74,108,1,-1,-1,-1
467,2613,407,397,57,115,1,-1,-1,-1
467,2614,837,605,71,148,1,-1,-1,-1
467,2618,1035,390,56,91,1,-1,-1,-1
467,2619,1144,550,54,138,1,-1,-1,-1
467,2620,545,393,46,110,1,-1,-1,-1
467,2621,461,399,66,96,1,-1,-1,-1
467,2622,1507,556,79,120,1,-1,-1,-1
467,2623,718,387,36,109,1,-1,-1,-1
467,2625,824,422,44,100,1,-1,-1,-1
467,2626,694,419,66,99,1,-1,-1,-1
467,2628,589,573,72,139,1,-1,-1,-1
467,2688,373,393,36,97,1,-1,-1,-1
467,2689,326,430,49,103,1,-1,-1,-1
467,2690,173,447,54,111,1,-1,-1,-1
467,2693,97,574,46,143,1,-1,-1,-1
467,2694,119,341,46,95,1,-1,-1,-1
468,2611,1638,561,74,122,1,-1,-1,-1
468,2612,476,434,74,108,1,-1,-1,-1
468,2613,402,398,57,115,1,-1,-1,-1
468,2614,827,607,71,147,1,-1,-1,-1
468,2618,1026,392,56,90,1,-1,-1,-1
468,2619,1133,550,54,138,1,-1,-1,-1
468,2620,538,394,46,109,1,-1,-1,-1
468,2621,454,400,67,97,1,-1,-1,-1
468,2622,1504,554,78,120,1,-1,-1,-1
468,2623,711,388,35,107,1,-1,-1,-1
468,2625,819,423,44,100,1,-1,-1,-1
468,2626,685,420,67,100,1,-1,-1,-1
468,2628,581,574,72,140,1,-1,-1,-1
468,2688,361,393,36,98,1,-1,-1,-1
468,2689,318,432,48,103,1,-1,-1,-1
468,2690,162,449,54,111,1,-1,-1,-1
468,2693,86,575,46,144,1,-1,-1,-1
468,2694,110,342,46,95,1,-1,-1,-1
469,2611,1638,559,73,122,1,-1,-1,-1
469,2612,474,436,73,108,1,-1,-1,-1
469,2613,397,399,57,115,1,-1,-1,-1
469,2614,818,608,70,148,1,-1,-1,-1
469,2618,1017,393,57,90,1,-1,-1,-1
469,2619,1123,549,55,140,1,-1,-1,-1
469,2620,531,395,46,108,1,-1,-1,-1
469,2621,448,401,66,99,1,-1,-1,-1
469,2622,1501,552,78,121,1,-1,-1,-1
469,2623,703,389,36,106,1,-1,-1,-1
469,2625,813,424,45,100,1,-1,-1,-1
469,2626,676,421,67,101,1,-1,-1,-1
469,2628,573,575,73,141,1,-1,-1,-1
469,2688,347,394,38,97,1,-1,-1,-1
469,2689,309,433,48,104,1,-1,-1,-1
469,2690,151,450,55,112,1,-1,-1,-1
469,2693,75,576,47,144,1,-1,-1,-1
469,2694,101,343,46,95,1,-1,-1,-1
470,2611,1638,557,73,122,1,-1,-1,-1
470,2612,472,437,72,109,1,-1,-1,-1
470,2613,392,400,58,115,1,-1,-1,-1
470,2614,808,609,70,149,1,-1,-1,-1
470,2618,1008,395,57,89,1,-1,-1,-1
470,2619,1113,549,55,140,1,-1,-1,-1
470,2620,524,396,47,108,1,-1,-1,-1
470,2621,441,402,67,100,1,-1,-1,-1
470,2622,1498,550,79,121,1,-1,-1,-1
470,2623,695,390,36,105,1,-1,-1,-1
470,2625,808,425,45,101,1,-1,-1,-1
470,2626,667,423,67,101,1,-1,-1,-1
470,2628,565,576,73,141,1,-1,-1,-1
470,2688,335,395,39,95,1,-1,-1,-1
470,2689,299,435,48,104,1,-1,-1,-1
470,2690,140,452,54,112,1,-1,-1,-1
470,2693,64,578,47,144,1,-1,-1,-1
470,2694,91,344,47,95,1,-1,-1,-1
471,2611,1638,554,74,123,1,-1,-1,-1
471,2612,470,439,71,108,1,-1,-1,-1
471,2613,387,402,58,115,1,-1,-1,-1
471,2614,799,611,69,148,1,-1,-1,-1
471,2618,999,397,57,88,1,-1,-1,-1
471,2619,1104,548,54,141,1,-1,-1,-1
471,2620,518,397,46,108,1,-1,-1,-1
471,2621,435,403,66,102,1,-1,-1,-1
471,2622,1496,548,78,121,1,-1,-1,-1
471,2623,688,391,36,104,1,-1,-1,-1
471,2625,803,425,46,101,1,-1,-1,-1
471,2626,658,424,68,101,1,-1,-1,-1
471,2628,557,577,74,141,1,-1,-1,-1
471,2688,322,395,40,95,1,-1,-1,-1
471,2689,291,437,47,104,1,-1,-1,-1
471,2690,129,453,55,113,1,-1,-1,-1
471,2693,54,579,47,145,1,-1,-1,-1
471,2694,83,345,47,96,1,-1,-1,-1
472,2611,1639,552,73,123,1,-1,-1,-1
472,2612,467,441,71,108,1,-1,-1,-1
472,2613,382,403,57,115,1,-1,-1,-1
472,2614,789,612,69,149,1,-1,-1,-1
472,2618,990,399,58,88,1,-1,-1,-1
472,2619,1094,548,55,141,1,-1,-1,-1
472,2620,510,398,48,107,1,-1,-1,-1
472,2621,429,404,66,103,1,-1,-1,-1
472,2622,1493,546,78,122,1,-1,-1,-1
472,2623,680,392,36,102,1,-1,-1,-1
472,2625,797,426,47,101,1,-1,-1,-1
472,2626,648,425,69,102,1,-1,-1,-1
472,2628,549,578,74,142,1,-1,-1,-1
472,2688,309,396,41,94,1,-1,-1,-1
472,2689,282,438,47,105,1,-1,-1,-1
472,2690,118,455,55,113,1,-1,-1,-1
472,2693,43,580,48,145,1,-1,-1,-1
472,2694,74,346,47,96,1,-1,-1,-1
473,2611,1639,550,72,123,1,-1,-1,-1
473,2612,465,442,70,109,1,-1,-1,-1
473,2613,378,404,56,115,1,-1,-1,-1
473,2614,779,614,69,149,1,-1,-1,-1
473,2618,981,401,58,87,1,-1,-1,-1
473,2619,1083,547,56,143,1,-1,-1,-1
473,2620,503,399,48,107,1,-1,-1,-1
473,2621,422,405,66,105,1,-1,-1,-1
473,2622,1490,545,77,122,1,-1,-1,-1
473,2623,672,393,37,101,1,-1,-1,-1
473,2625,792,427,47,101,1,-1,-1,-1
473,2626,639,427,70,102,1,-1,-1,-1
473,2628,542,579,73,142,1,-1,-1,-1
473,2688,295,396,44,94,1,-1,-1,-1
473,2689,273,440,47,104,1,-1,-1,-1
473,2690,107,456,54,113,1,-1,-1,-1
473,2693,32,581,48,145,1,-1,-1,-1
473,2694,65,347,47,97,1,-1,-1,-1
474,2611,1640,548,71,123,1,-1,-1,-1
474,2612,463,444,69,109,1,-1,-1,-1
474,2613,373,406,57,115,1,-1,-1,-1
474,2614,769,615,69,149,1,-1,-1,-1
474,2618,972,403,59,87,1,-1,-1,-1
474,2619,1073,547,56,144,1,-1,-1,-1
474,2620,496,400,48,107,1,-1,-1,-1
474,2621,415,406,67,107,1,-1,-1,-1
474,2622,1487,543,77,123,1,-1,-1,-1
474,2623,664,394,38,100,1,-1,-1,-1
474,2625,786,427,48,103,1,-1,-1,-1
474,2626,629,428,71,103,1,-1,-1,-1
474,2628,534,580,74,143,1,-1,-1,-1
474,2688,282,397,45,92,1,-1,-1,-1
474,2689,264,441,47,105,1,-1,-1,-1
474,2690,96,457,55,114,1,-1,-1,-1
474,2693,21,583,48,145,1,-1,-1,-1
474,2694,56,349,47,96,1,-1,-1,-1
475,2611,1641,544,71,124,1,-1,-1,-1
475,2612,460,447,67,109,1,-1,-1,-1
475,2613,365,407,56,116,1,-1,-1,-1
475,2614,753,617,68,150,1,-1,-1,-1
475,2618,957,407,60,85,1,-1,-1,-1
475,2619,1057,546,56,145,1,-1,-1,-1
475,2620,485,402,49,105,1,-1,-1,-1
475,2621,405,408,66,109,1,-1,-1,-1
475,2622,1482,539,77,124,1,-1,-1,-1
475,2623,651,396,38,98,1,-1,-1,-1
475,2625,777,428,49,103,1,-1,-1,-1
475,2626,614,430,73,104,1,-1,-1,-1
475,2628,521,582,74,143,1,-1,-1,-1
475,2688,261,397,47,92,1,-1,-1,-1
475,2689,250,444,46,106,1,-1,-1,-1
475,2690,79,460,54,114,1,-1,-1,-1
475,2693,4,584,49,146,1,-1,-1,-1
475,2694,42,350,47,96,1,-1,-1,-1
476,2611,1641,543,70,124,1,-1,-1,-1
476,2612,459,448,65,109,1,-1,-1,-1
476,2613,363,409,56,116,1,-1,-1,-1
476,2614,747,618,68,150,1,-1,-1,-1
476,2618,951,408,61,85,1,-1,-1,-1
476,2619,1051,546,57,145,1,-1,-1,-1
476,2620,480,403,50,105,1,-1,-1,-1
476,2621,401,409,66,110,1,-1,-1,-1
476,2622,1481,538,77,124,1,-1,-1,-1
476,2623,646,397,39,97,1,-1,-1,-1
476,2625,774,429,50,103,1,-1,-1,-1
476,2626,608,431,74,104,1,-1,-1,-1
476,2628,517,583,74,143,1,-1,-1,-1
476,2688,253,398,49,91,1,-1,-1,-1
476,2689,244,445,46,106,1,-1,-1,-1
476,2690,72,461,55,115,1,-1,-1,-1
476,2693,-1,586,47,145,1,-1,-1,-1
476,2694,36,351,47,96,1,-1,-1,-1
477,2611,1640,541,70,124,1,-1,-1,-1
477,2612,457,449,65,110,1,-1,-1,-1
477,2613,361,410,56,116,1,-1,-1,-1
477,2614,740,619,69,151,1,-1,-1,-1
477,2618,942,408,61,85,1,-1,-1,-1
477,2619,1042,545,56,146,1,-1,-1,-1
477,2620,475,403,51,106,1,-1,-1,-1
477,2621,397,410,65,110,1,-1,-1,-1
477,2622,1481,536,76,123,1,-1,-1,-1
477,2623,639,398,39,96,1,-1,-1,-1
477,2625,771,430,51,103,1,-1,-1,-1
477,2626,602,432,74,104,1,-1,-1,-1
477,2628,509,584,74,143,1,-1,-1,-1
477,2688,244,398,50,91,1,-1,-1,-1
477,2689,237,446,45,107,1,-1,-1,-1
477,2690,61,463,55,115,1,-1,-1,-1
477,2693,-5,592,37,119,1,-1,-1,-1
477,2694,27,352,47,96,1,-1,-1,-1
478,2611,1639,540,70,122,1,-1,-1,-1
478,2612,455,450,64,110,1,-1,-1,-1
478,2613,359,413,56,116,1,-1,-1,-1
478,2614,734,619,69,151,1,-1,-1,-1
478,2618,932,409,62,85,1,-1,-1,-1
478,2619,1032,545,57,146,1,-1,-1,-1
478,2620,471,404,51,105,1,-1,-1,-1
478,2621,391,411,65,110,1,-1,-1,-1
478,2622,1482,535,75,121,1,-1,-1,-1
478,2623,632,398,40,97,1,-1,-1,-1
478,2625,768,430,53,104,1,-1,-1,-1
478,2626,595,434,76,104,1,-1,-1,-1
478,2628,501,584,73,144,1,-1,-1,-1
478,2688,235,399,52,91,1,-1,-1,-1
478,2689,228,448,46,107,1,-1,-1,-1
478,2690,49,464,55,117,1,-1,-1,-1
478,2694,18,353,47,97,1,-1,-1,-1
479,2611,1638,538,69,121,1,-1,-1,-1
479,2612,452,451,65,112,1,-1,-1,-1
479,2613,358,415,55,116,1,-1,-1,-1
479,2614,728,620,69,151,1,-1,-1,-1
479,2618,921,410,63,85,1,-1,-1,-1
479,2619,1021,545,57,146,1,-1,-1,-1
479,2620,467,404,52,106,1,-1,-1,-1
479,2621,387,412,64,109,1,-1,-1,-1
479,2622,1482,533,74,120,1,-1,-1,-1
479,2623,624,399,40,97,1,-1,-1,-1
479,2625,766,431,53,104,1,-1,-1,-1
479,2626,589,435,76,105,1,-1,-1,-1
479,2628,492,585,72,144,1,-1,-1,-1
479,2688,226,399,53,92,1,-1,-1,-1
479,2689,220,450,45,107,1,-1,-1,-1
479,2690,36,465,56,120,1,-1,-1,-1
479,2694,8,353,47,99,1,-1,-1,-1
479,2698,0,618,17,37,1,-1,-1,-1
480,2611,1637,537,70,119,1,-1,-1,-1
480,2612,450,453,65,112,1,-1,-1,-1
480,2613,356,418,56,116,1,-1,-1,-1
480,2614,722,620,68,152,1,-1,-1,-1
480,2618,910,411,64,85,1,-1,-1,-1
480,2619,1011,545,56,145,1,-1,-1,-1
480,2620,463,404,52,107,1,-1,-1,-1
480,2621,382,413,63,109,1,-1,-1,-1
480,2622,1483,531,73,119,1,-1,-1,-1
480,2623,616,400,41,97,1,-1,-1,-1
480,2625,763,432,55,104,1,-1,-1,-1
480,2626,582,437,77,105,1,-1,-1,-1
480,2628,485,586,70,144,1,-1,-1,-1
480,2688,217,399,53,92,1,-1,-1,-1
480,2689,211,452,45,107,1,-1,-1,-1
480,2690,24,467,55,121,1,-1,-1,-1
480,2694,-2,354,46,99,1,-1,-1,-1
481,2611,1635,535,70,119,1,-1,-1,-1
481,2612,446,454,66,113,1,-1,-1,-1
481,2613,353,421,58,117,1,-1,-1,-1
481,2614,715,621,69,152,1,-1,-1,-1
481,2618,899,412,65,85,1,-1,-1,-1
481,2619,1000,544,57,146,1,-1,-1,-1
481,2620,459,405,51,107,1,-1,-1,-1
481,2621,377,414,62,109,1,-1,-1,-1
481,2622,1484,529,72,118,1,-1,-1,-1
481,2623,607,400,42,99,1,-1,-1,-1
481,2625,760,433,57,104,1,-1,-1,-1
481,2626,576,438,77,106,1,-1,-1,-1
481,2628,477,587,68,144,1,-1,-1,-1
481,2688,209,399,53,93,1,-1,-1,-1
481,2689,202,454,45,107,1,-1,-1,-1
481,2690,9,469,56,123,1,-1,-1,-1
481,2694,-8,354,45,100,1,-1,-1,-1
482,2611,1633,533,72,117,1,-1,-1,-1
482,2612,443,455,68,116,1,-1,-1,-1
482,2613,351,424,58,117,1,-1,-1,-1
482,2614,708,622,69,152,1,-1,-1,-1
482,2618,886,413,66,85,1,-1,-1,-1
482,2619,988,544,56,146,1,-1,-1,-1
482,2620,455,405,51,108,1,-1,-1,-1
482,2621,371,415,61,109,1,-1,-1,-1
482,2622,1484,526,72,117,1,-1,-1,-1
482,2623,598,401,42,99,1,-1,-1,-1
482,2625,757,435,58,103,1,-1,-1,-1
482,2626,569,440,77,107,1,-1,-1,-1
482,2628,467,588,66,144,1,-1,-1,-1
482,2688,199,399,53,95,1,-1,-1,-1
482,2689,192,457,45,107,1,-1,-1,-1
482,2690,-2,471,55,124,1,-1,-1,-1
482,2694,-9,354,43,100,1,-1,-1,-1
483,2611,1631,532,73,116,1,-1,-1,-1
483,2612,442,456,69,116,1,-1,-1,-1
483,2613,347,425,59,117,1,-1,-1,-1
483,2614,703,622,68,153,1,-1,-1,-1
483,2618,878,414,67,85,1,-1,-1,-1
483,2619,980,544,56,146,1,-1,-1,-1
483,2620,451,405,51,109,1,-1,-1,-1
483,2621,368,416,62,109,1,-1,-1,-1
483,2622,1484,525,72,116,1,-1,-1,-1
483,2623,594,402,42,99,1,-1,-1,-1
483,2625,757,436,61,103,1,-1,-1,-1
483,2626,566,442,76,107,1,-1,-1,-1
483,2628,463,588,64,144,1,-1,-1,-1
483,2688,195,399,52,95,1,-1,-1,-1
483,2689,186,458,45,108,1,-1,-1,-1
483,2690,-8,472,54,124,1,-1,-1,-1
483,2694,-7,368,30,71,1,-1,-1,-1
484,2611,1629,530,74,115,1,-1,-1,-1
484,2612,443,456,70,117,1,-1,-1,-1
484,2613,343,425,60,117,1,-1,-1,-1
484,2614,697,623,68,153,1,-1,-1,-1
484,2618,871,414,68,86,1,-1,-1,-1
484,2619,974,544,56,145,1,-1,-1,-1
484,2620,447,406,50,109,1,-1,-1,-1
484,2621,367,417,60,109,1,-1,-1,-1
484,2622,1482,524,72,115,1,-1,-1,-1
484,2623,591,403,42,99,1,-1,-1,-1
484,2625,759,436,62,103,1,-1,-1,-1
484,2626,564,443,76,107,1,-1,-1,-1
484,2628,460,589,63,144,1,-1,-1,-1
484,2688,191,398,51,96,1,-1,-1,-1
484,2689,181,459,45,108,1,-1,-1,-1
484,2690,-14,473,51,124,1,-1,-1,-1
485,2611,1627,529,75,113,1,-1,-1,-1
485,2612,445,457,70,118,1,-1,-1,-1
485,2613,339,424,61,118,1,-1,-1,-1
485,2614,691,623,68,154,1,-1,-1,-1
485,2618,865,415,68,86,1,-1,-1,-1
485,2619,968,543,55,146,1,-1,-1,-1
485,2620,443,406,50,110,1,-1,-1,-1
485,2621,366,418,60,109,1,-1,-1,-1
485,2622,1480,524,73,114,1,-1,-1,-1
485,2623,588,403,42,100,1,-1,-1,-1
485,2625,762,437,62,103,1,-1,-1,-1
485,2626,562,444,77,108,1,-1,-1,-1
485,2628,457,590,62,144,1,-1,-1,-1
485,2688,188,397,50,97,1,-1,-1,-1
485,2689,177,460,45,108,1,-1,-1,-1
485,2690,-16,473,49,125,1,-1,-1,-1
486,2611,1625,528,77,111,1,-1,-1,-1
486,2612,447,457,71,118,1,-1,-1,-1
486,2613,334,424,63,118,1,-1,-1,-1
486,2614,685,623,68,155,1,-1,-1,-1
486,2618,858,415,69,86,1,-1,-1,-1
486,2619,962,543,55,145,1,-1,-1,-1
486,2620,439,407,49,110,1,-1,-1,-1
486,2621,364,419,59,109,1,-1,-1,-1
486,2622,1478,524,74,113,1,-1,-1,-1
486,2623,585,403,42,100,1,-1,-1,-1
486,2625,765,437,63,103,1,-1,-1,-1
486,2626,561,446,76,108,1,-1,-1,-1
486,2628,454,590,62,145,1,-1,-1,-1
486,2688,185,396,50,98,1,-1,-1,-1
486,2689,173,461,45,108,1,-1,-1,-1
486,2690,-15,473,46,125,1,-1,-1,-1
487,2611,1622,526,79,110,1,-1,-1,-1
487,2612,449,458,71,119,1,-1,-1,-1
487,2613,329,424,64,118,1,-1,-1,-1
487,2614,680,624,67,155,1,-1,-1,-1
487,2618,852,416,70,86,1,-1,-1,-1
487,2619,956,542,55,146,1,-1,-1,-1
487,2620,436,407,48,110,1,-1,-1,-1
487,2621,363,419,59,109,1,-1,-1,-1
487,2622,1475,523,76,112,1,-1,-1,-1
487,2623,583,404,42,100,1,-1,-1,-1
487,2625,768,438,64,103,1,-1,-1,-1
487,2626,560,447,75,109,1,-1,-1,-1
487,2628,451,591,61,144,1,-1,-1,-1
487,2688,182,395,49,98,1,-1,-1,-1
487,2689,169,462,45,108,1,-1,-1,-1
487,2690,-14,473,44,125,1,-1,-1,-1
488,2611,1620,525,81,108,1,-1,-1,-1
488,2612,453,458,70,120,1,-1,-1,-1
488,2613,324,423,65,118,1,-1,-1,-1
488,2614,673,624,66,156,1,-1,-1,-1
488,2618,844,417,70,86,1,-1,-1,-1
488,2619,948,542,55,145,1,-1,-1,-1
488,2620,431,408,47,110,1,-1,-1,-1
488,2621,361,420,59,109,1,-1,-1,-1
488,2622,1472,523,77,110,1,-1,-1,-1
488,2623,580,404,42,101,1,-1,-1,-1
488,2625,772,438,64,104,1,-1,-1,-1
488,2626,558,449,75,109,1,-1,-1,-1
488,2628,447,592,61,144,1,-1,-1,-1
488,2688,178,394,48,99,1,-1,-1,-1
488,2689,164,463,45,109,1,-1,-1,-1
489,2611,1618,523,84,108,1,-1,-1,-1
489,2612,455,459,71,120,1,-1,-1,-1
489,2613,322,423,66,118,1,-1,-1,-1
489,2614,670,624,66,157,1,-1,-1,-1
489,2618,840,417,72,86,1,-1,-1,-1
489,2619,945,542,54,145,1,-1,-1,-1
489,2620,430,408,46,111,1,-1,-1,-1
489,2621,361,421,59,110,1,-1,-1,-1
489,2622,1472,524,79,108,1,-1,-1,-1
489,2623,580,404,41,101,1,-1,-1,-1
489,2625,777,439,64,104,1,-1,-1,-1
489,2626,558,451,75,109,1,-1,-1,-1
489,2628,446,592,61,145,1,-1,-1,-1
489,2688,177,394,48,99,1,-1,-1,-1
489,2689,162,464,45,109,1,-1,-1,-1
490,2611,1620,522,85,107,1,-1,-1,-1
490,2612,460,460,70,120,1,-1,-1,-1
490,2613,321,423,67,118,1,-1,-1,-1
490,2614,670,625,65,156,1,-1,-1,-1
490,2618,839,418,72,86,1,-1,-1,-1
490,2619,942,542,54,144,1,-1,-1,-1
490,2620,430,409,45,111,1,-1,-1,-1
490,2621,362,423,59,109,1,-1,-1,-1
490,2622,1477,528,79,102,1,-1,-1,-1
490,2623,582,405,41,101,1,-1,-1,-1
490,2625,785,441,63,103,1,-1,-1,-1
490,2626,560,452,74,110,1,-1,-1,-1
490,2628,445,593,61,146,1,-1,-1,-1
490,2688,177,393,47,99,1,-1,-1,-1
490,2689,161,465,45,109,1,-1,-1,-1
491,2611,1621,520,87,107,1,-1,-1,-1
491,2612,465,462,70,120,1,-1,-1,-1
491,2613,320,424,68,118,1,-1,-1,-1
491,2614,670,626,64,156,1,-1,-1,-1
491,2618,839,419,72,86,1,-1,-1,-1
491,2619,940,542,54,144,1,-1,-1,-1
491,2620,432,409,44,112,1,-1,-1,-1
491,2621,364,424,58,108,1,-1,-1,-1
491,2622,1484,531,78,98,1,-1,-1,-1
491,2623,585,406,40,101,1,-1,-1,-1
491,2625,793,443,63,102,1,-1,-1,-1
491,2626,562,453,73,110,1,-1,-1,-1
491,2628,445,594,62,146,1,-1,-1,-1
491,2688,179,394,46,98,1,-1,-1,-1
491,2689,161,466,45,109,1,-1,-1,-1
492,2611,1622,519,89,106,1,-1,-1,-1
492,2612,471,464,69,120,1,-1,-1,-1
492,2613,320,424,68,118,1,-1,-1,-1
492,2614,670,627,64,156,1,-1,-1,-1
492,2618,839,420,72,86,1,-1,-1,-1
492,2619,938,543,53,143,1,-1,-1,-1
492,2620,434,410,42,111,1,-1,-1,-1
492,2621,366,426,58,107,1,-1,-1,-1
492,2622,1491,536,76,91,1,-1,-1,-1
492,2623,587,407,41,100,1,-1,-1,-1
492,2625,801,445,64,102,1,-1,-1,-1
492,2626,565,454,71,111,1,-1,-1,-1
492,2628,446,595,61,145,1,-1,-1,-1
492,2688,180,394,45,98,1,-1,-1,-1
492,2689,160,467,46,109,1,-1,-1,-1
493,2611,1624,517,89,107,1,-1,-1,-1
493,2612,476,465,69,121,1,-1,-1,-1
493,2613,320,424,68,119,1,-1,-1,-1
493,2614,671,628,63,156,1,-1,-1,-1
493,2618,839,421,72,86,1,-1,-1,-1
493,2619,936,543,53,143,1,-1,-1,-1
493,2620,435,410,42,112,1,-1,-1,-1
493,2621,367,428,58,106,1,-1,-1,-1
493,2622,1498,540,76,85,1,-1,-1,-1
493,2623,590,409,41,100,1,-1,-1,-1
493,2625,809,448,64,101,1,-1,-1,-1
493,2626,567,456,71,111,1,-1,-1,-1
493,2628,446,596,62,145,1,-1,-1,-1
493,2688,181,394,44,97,1,-1,-1,-1
493,2689,160,468,45,110,1,-1,-1,-1
494,2611,1625,516,91,106,1,-1,-1,-1
494,2612,481,467,69,120,1,-1,-1,-1
494,2613,320,425,68,118,1,-1,-1,-1
494,2614,671,629,63,156,1,-1,-1,-1
494,2618,839,423,73,85,1,-1,-1,-1
494,2619,934,543,53,142,1,-1,-1,-1
494,2620,437,411,41,110,1,-1,-1,-1
494,2621,369,430,59,105,1,-1,-1,-1
494,2622,1505,545,75,79,1,-1,-1,-1
494,2623,593,410,41,100,1,-1,-1,-1
494,2625,818,450,63,100,1,-1,-1,-1
494,2626,570,457,69,111,1,-1,-1,-1
494,2628,446,596,63,146,1,-1,-1,-1
494,2688,182,395,44,96,1,-1,-1,-1
494,2689,159,470,46,110,1,-1,-1,-1
495,2611,1627,514,92,106,1,-1,-1,-1
495,2612,487,469,68,121,1,-1,-1,-1
495,2613,320,425,68,117,1,-1,-1,-1
495,2614,671,630,64,156,1,-1,-1,-1
495,2618,840,424,72,85,1,-1,-1,-1
495,2619,932,544,52,141,1,-1,-1,-1
495,2620,438,411,40,111,1,-1,-1,-1
495,2621,370,432,59,103,1,-1,-1,-1
495,2622,1513,549,73,74,1,-1,-1,-1
495,2623,595,411,41,99,1,-1,-1,-1
495,2625,826,452,63,100,1,-1,-1,-1
495,2626,572,458,68,112,1,-1,-1,-1
495,2628,446,597,62,146,1,-1,-1,-1
495,2688,184,395,42,96,1,-1,-1,-1
495,2689,159,471,46,110,1,-1,-1,-1
496,2611,1629,512,92,107,1,-1,-1,-1
496,2612,492,471,68,121,1,-1,-1,-1
496,2613,321,425,67,118,1,-1,-1,-1
496,2614,671,631,64,155,1,-1,-1,-1
496,2618,839,425,73,85,1,-1,-1,-1
496,2619,930,544,52,141,1,-1,-1,-1
496,2620,440,412,39,110,1,-1,-1,-1
496,2621,371,433,60,103,1,-1,-1,-1
496,2622,1520,554,71,67,1,-1,-1,-1
496,2623,598,412,42,99,1,-1,-1,-1
496,2625,835,454,62,99,1,-1,-1,-1
496,2626,575,459,67,113,1,-1,-1,-1
496,2628,446,598,63,147,1,-1,-1,-1
496,2688,185,395,42,95,1,-1,-1,-1
496,2689,159,472,45,110,1,-1,-1,-1
496,2700,1637,605,22,16,1,-1,-1,-1
497,2611,1631,511,92,106,1,-1,-1,-1
497,2612,497,473,69,121,1,-1,-1,-1
497,2613,320,426,67,117,1,-1,-1,-1
497,2614,671,632,64,155,1,-1,-1,-1
497,2618,839,427,73,84,1,-1,-1,-1
497,2619,927,545,52,140,1,-1,-1,-1
497,2620,441,412,38,110,1,-1,-1,-1
497,2621,372,435,60,102,1,-1,-1,-1
497,2622,1527,558,70,61,1,-1,-1,-1
497,2623,601,413,42,98,1,-1,-1,-1
497,2625,843,457,62,99,1,-1,-1,-1
497,2626,578,461,65,113,1,-1,-1,-1
497,2628,446,599,63,147,1,-1,-1,-1
497,2688,186,395,41,95,1,-1,-1,-1
497,2689,158,473,46,110,1,-1,-1,-1
498,2611,1634,509,91,107,1,-1,-1,-1
498,2612,503,474,68,121,1,-1,-1,-1
498,2613,321,426,65,117,1,-1,-1,-1
498,2614,671,633,65,155,1,-1,-1,-1
498,2618,840,428,72,84,1,-1,-1,-1
498,2619,925,545,52,140,1,-1,-1,-1
498,2620,442,413,38,110,1,-1,-1,-1
498,2621,373,437,62,100,1,-1,-1,-1
498,2622,1534,562,69,56,1,-1,-1,-1
498,2623,603,415,42,98,1,-1,-1,-1
498,2625,851,459,62,98,1,-1,-1,-1
498,2626,580,462,64,113,1,-1,-1,-1
498,2628,447,600,63,147,1,-1,-1,-1
498,2688,187,396,41,93,1,-1,-1,-1
498,2689,158,474,45,111,1,-1,-1,-1
499,2611,1636,508,92,106,1,-1,-1,-1
499,2612,507,476,68,121,1,-1,-1,-1
499,2613,321,427,65,117,1,-1,-1,-1
499,2614,670,634,66,155,1,-1,-1,-1
499,2618,839,429,73,85,1,-1,-1,-1
499,2619,923,546,52,139,1,-1,-1,-1
499,2620,444,413,37,110,1,-1,-1,-1
499,2621,374,439,62,99,1,-1,-1,-1
499,2622,1541,566,67,50,1,-1,-1,-1
499,2623,605,416,43,98,1,-1,-1,-1
499,2625,859,461,62,98,1,-1,-1,-1
499,2626,583,463,62,114,1,-1,-1,-1
499,2628,447,601,63,148,1,-1,-1,-1
499,2688,188,396,40,93,1,-1,-1,-1
499,2689,158,476,45,111,1,-1,-1,-1
500,2611,1640,505,91,107,1,-1,-1,-1
500,2612,516,479,68,121,1,-1,-1,-1
500,2613,322,427,63,117,1,-1,-1,-1
500,2614,670,636,66,154,1,-1,-1,-1
500,2618,839,431,73,85,1,-1,-1,-1
500,2619,919,546,51,139,1,-1,-1,-1
500,2620,445,414,37,110,1,-1,-1,-1
500,2621,377,442,63,97,1,-1,-1,-1
500,2622,1555,573,60,40,1,-1,-1,-1
500,2623,609,418,44,97,1,-1,-1,-1
500,2625,873,465,61,96,1,-1,-1,-1
500,2626,587,465,60,115,1,-1,-1,-1
500,2628,446,603,64,147,1,-1,-1,-1
500,2688,190,397,39,91,1,-1,-1,-1
500,2689,157,477,45,111,1,-1,-1,-1
501,2611,1642,504,90,107,1,-1,-1,-1
501,2612,519,480,68,121,1,-1,-1,-1
501,2613,321,428,63,117,1,-1,-1,-1
501,2614,670,637,67,154,1,-1,-1,-1
501,2618,839,432,73,85,1,-1,-1,-1
501,2619,917,546,52,138,1,-1,-1,-1
501,2620,446,415,36,110,1,-1,-1,-1
501,2621,376,443,65,97,1,-1,-1,-1
501,2622,1556,575,63,37,1,-1,-1,-1
501,2623,610,419,45,97,1,-1,-1,-1
501,2625,878,466,61,96,1,-1,-1,-1
501,2626,589,466,59,115,1,-1,-1,-1
501,2628,446,604,64,147,1,-1,-1,-1
501,2688,191,397,38,91,1,-1,-1,-1
501,2689,156,478,45,111,1,-1,-1,-1
501,2704,1730,601,22,16,1,-1,-1,-1
502,2611,1642,503,89,108,1,-1,-1,-1
502,2612,521,481,68,121,1,-1,-1,-1
502,2613,319,426,61,117,1,-1,-1,-1
502,2614,667,636,67,155,1,-1,-1,-1
502,2618,835,431,73,87,1,-1,-1,-1
502,2619,912,546,52,138,1,-1,-1,-1
502,2620,444,414,36,110,1,-1,-1,-1
502,2621,372,442,66,98,1,-1,-1,-1
502,2622,1553,573,68,38,1,-1,-1,-1
502,2623,608,418,45,98,1,-1,-1,-1
502,2625,876,466,62,96,1,-1,-1,-1
502,2626,588,466,58,115,1,-1,-1,-1
502,2628,443,604,64,147,1,-1,-1,-1
502,2688,188,397,38,90,1,-1,-1,-1
502,2689,153,479,45,111,1,-1,-1,-1
503,2611,1642,502,89,108,1,-1,-1,-1
503,2612,523,482,68,121,1,-1,-1,-1
503,2613,315,425,61,117,1,-1,-1,-1
503,2614,663,636,68,155,1,-1,-1,-1
503,2618,829,430,74,87,1,-1,-1,-1
503,2619,906,544,52,139,1,-1,-1,-1
503,2620,439,414,36,110,1,-1,-1,-1
503,2621,366,442,68,99,1,-1,-1,-1
503,2622,1549,570,74,40,1,-1,-1,-1
503,2623,605,417,46,98,1,-1,-1,-1
503,2625,874,465,62,97,1,-1,-1,-1
503,2626,587,466,57,116,1,-1,-1,-1
503,2628,438,604,65,147,1,-1,-1,-1
503,2688,185,396,38,90,1,-1,-1,-1
503,2689,147,479,45,112,1,-1,-1,-1
504,2611,1642,501,87,108,1,-1,-1,-1
504,2612,525,482,68,122,1,-1,-1,-1
504,2613,311,424,60,118,1,-1,-1,-1
504,2614,660,636,68,155,1,-1,-1,-1
504,2618,822,429,75,89,1,-1,-1,-1
504,2619,898,543,52,140,1,-1,-1,-1
504,2620,435,414,35,110,1,-1,-1,-1
504,2621,359,440,71,100,1,-1,-1,-1
504,2622,1544,567,80,42,1,-1,-1,-1
504,2623,601,416,47,99,1,-1,-1,-1
504,2625,871,464,63,98,1,-1,-1,-1
504,2626,586,465,55,117,1,-1,-1,-1
504,2628,432,604,65,147,1,-1,-1,-1
504,2688,180,395,38,90,1,-1,-1,-1
504,2689,141,480,45,112,1,-1,-1,-1
505,2611,1642,499,86,110,1,-1,-1,-1
505,2612,527,483,68,122,1,-1,-1,-1
505,2613,307,423,59,118,1,-1,-1,-1
505,2614,656,636,69,156,1,-1,-1,-1
505,2618,816,427,76,91,1,-1,-1,-1
505,2619,891,541,51,140,1,-1,-1,-1
505,2620,430,414,35,110,1,-1,-1,-1
505,2621,352,439,72,101,1,-1,-1,-1
505,2622,1540,563,84,45,1,-1,-1,-1
505,2623,598,415,47,100,1,-1,-1,-1
505,2625,867,463,63,99,1,-1,-1,-1
505,2626,584,465,54,117,1,-1,-1,-1
505,2628,427,604,65,147,1,-1,-1,-1
505,2688,176,395,38,89,1,-1,-1,-1
505,2689,136,480,45,113,1,-1,-1,-1
506,2611,1642,498,85,110,1,-1,-1,-1
506,2612,529,484,68,122,1,-1,-1,-1
506,2613,302,422,59,118,1,-1,-1,-1
506,2614,652,636,69,156,1,-1,-1,-1
506,2618,809,425,76,93,1,-1,-1,-1
506,2619,883,540,52,141,1,-1,-1,-1
506,2620,424,414,36,110,1,-1,-1,-1
506,2621,346,437,73,103,1,-1,-1,-1
506,2622,1537,559,87,48,1,-1,-1,-1
506,2623,594,414,48,101,1,-1,-1,-1
506,2625,864,462,63,99,1,-1,-1,-1
506,2626,582,465,53,117,1,-1,-1,-1
506,2628,422,604,64,147,1,-1,-1,-1
506,2688,172,394,38,89,1,-1,-1,-1
506,2689,130,481,45,113,1,-1,-1,-1
507,2611,1643,496,83,111,1,-1,-1,-1
507,2612,530,484,68,122,1,-1,-1,-1
507,2613,297,420,58,119,1,-1,-1,-1
507,2614,648,635,69,157,1,-1,-1,-1
507,2618,803,424,76,94,1,-1,-1,-1
507,2619,876,539,52,141,1,-1,-1,-1
507,2620,419,413,36,110,1,-1,-1,-1
507,2621,339,436,75,105,1,-1,-1,-1
507,2622,1534,555,88,51,1,-1,-1,-1
507,2623,591,413,47,101,1,-1,-1,-1
507,2625,860,460,63,101,1,-1,-1,-1
507,2626,580,465,52,118,1,-1,-1,-1
507,2628,416,604,65,147,1,-1,-1,-1
507,2688,167,393,38,89,1,-1,-1,-1
507,2689,124,481,45,113,1,-1,-1,-1
508,2611,1641,494,82,112,1,-1,-1,-1
508,2612,531,485,68,122,1,-1,-1,-1
508,2613,293,420,57,119,1,-1,-1,-1
508,2614,644,635,69,157,1,-1,-1,-1
508,2618,797,422,77,96,1,-1,-1,-1
508,2619,869,537,52,142,1,-1,-1,-1
508,2620,414,413,36,110,1,-1,-1,-1
508,2621,333,435,75,106,1,-1,-1,-1
508,2622,1530,553,89,53,1,-1,-1,-1
508,2623,588,412,47,102,1,-1,-1,-1
508,2625,857,459,62,102,1,-1,-1,-1
508,2626,578,465,51,118,1,-1,-1,-1
508,2628,411,604,64,147,1,-1,-1,-1
508,2688,161,393,39,88,1,-1,-1,-1
508,2689,118,482,45,113,1,-1,-1,-1
509,2611,1638,491,80,112,1,-1,-1,-1
509,2612,532,485,67,123,1,-1,-1,-1
509,2613,289,419,57,119,1,-1,-1,-1
509,2614,639,635,69,157,1,-1,-1,-1
509,2618,790,420,77,98,1,-1,-1,-1
509,2619,862,536,52,142,1,-1,-1,-1
509,2620,409,413,36,111,1,-1,-1,-1
509,2621,326,434,76,107,1,-1,-1,-1
509,2622,1525,551,88,54,1,-1,-1,-1
509,2623,584,411,48,103,1,-1,-1,-1
509,2625,854,458,62,103,1,-1,-1,-1
509,2626,576,464,50,119,1,-1,-1,-1
509,2628,405,604,65,147,1,-1,-1,-1
509,2688,155,392,40,89,1,-1,-1,-1
509,2689,112,482,45,114,1,-1,-1,-1
510,2611,1634,487,79,113,1,-1,-1,-1
510,2612,532,486,66,123,1,-1,-1,-1
510,2613,284,419,56,119,1,-1,-1,-1
510,2614,633,635,69,158,1,-1,-1,-1
510,2618,784,419,77,99,1,-1,-1,-1
510,2619,854,534,52,142,1,-1,-1,-1
510,2620,404,413,36,111,1,-1,-1,-1
510,2621,320,433,77,109,1,-1,-1,-1
510,2622,1520,550,86,53,1,-1,-1,-1
510,2623,581,410,47,104,1,-1,-1,-1
510,2625,851,458,61,103,1,-1,-1,-1
510,2626,574,464,49,119,1,-1,-1,-1
510,2628,401,604,64,147,1,-1,-1,-1
510,2688,148,391,40,90,1,-1,-1,-1
510,2689,106,483,45,114,1,-1,-1,-1
511,2611,1631,483,77,113,1,-1,-1,-1
511,2612,533,487,64,123,1,-1,-1,-1
511,2613,279,418,56,120,1,-1,-1,-1
511,2614,628,635,69,158,1,-1,-1,-1
511,2618,778,417,77,101,1,-1,-1,-1
511,2619,846,533,52,142,1,-1,-1,-1
511,2620,398,413,37,111,1,-1,-1,-1
511,2621,314,432,77,110,1,-1,-1,-1
511,2622,1514,549,86,54,1,-1,-1,-1
511,2623,578,409,46,104,1,-1,-1,-1
511,2625,848,457,61,105,1,-1,-1,-1
511,2626,572,464,49,120,1,-1,-1,-1
511,2628,396,604,64,147,1,-1,-1,-1
511,2688,141,391,40,90,1,-1,-1,-1
511,2689,100,483,45,115,1,-1,-1,-1
512,2611,1627,478,76,115,1,-1,-1,-1
512,2612,533,487,63,124,1,-1,-1,-1
512,2613,275,418,55,120,1,-1,-1,-1
512,2614,622,635,69,159,1,-1,-1,-1
512,2618,772,416,77,102,1,-1,-1,-1
512,2619,839,532,52,143,1,-1,-1,-1
512,2620,393,412,37,111,1,-1,-1,-1
512,2621,308,430,78,112,1,-1,-1,-1
512,2622,1508,547,85,55,1,-1,-1,-1
512,2623,575,408,46,105,1,-1,-1,-1
512,2625,846,456,59,105,1,-1,-1,-1
512,2626,571,464,47,120,1,-1,-1,-1
512,2628,391,604,63,147,1,-1,-1,-1
512,2688,135,390,40,91,1,-1,-1,-1
512,2689,94,483,44,116,1,-1,-1,-1
513,2611,1623,473,75,116,1,-1,-1,-1
513,2612,534,488,61,124,1,-1,-1,-1
513,2613,269,418,54,121,1,-1,-1,-1
513,2614,615,635,69,159,1,-1,-1,-1
513,2618,764,413,77,105,1,-1,-1,-1
513,2619,830,530,52,144,1,-1,-1,-1
513,2620,386,412,38,111,1,-1,-1,-1
513,2621,300,429,78,113,1,-1,-1,-1
513,2622,1500,546,85,55,1,-1,-1,-1
513,2623,570,407,46,106,1,-1,-1,-1
513,2625,841,454,60,107,1,-1,-1,-1
513,2626,568,463,47,121,1,-1,-1,-1
513,2628,383,604,63,147,1,-1,-1,-1
513,2688,126,390,40,91,1,-1,-1,-1
513,2689,87,484,44,115,1,-1,-1,-1
514,2611,1620,471,74,116,1,-1,-1,-1
514,2612,535,488,59,124,1,-1,-1,-1
514,2613,266,418,54,121,1,-1,-1,-1
514,2614,612,635,68,160,1,-1,-1,-1
514,2618,759,413,76,105,1,-1,-1,-1
514,2619,825,529,52,144,1,-1,-1,-1
514,2620,383,412,38,111,1,-1,-1,-1
514,2621,297,429,77,113,1,-1,-1,-1
514,2622,1496,545,85,56,1,-1,-1,-1
514,2623,569,406,45,107,1,-1,-1,-1
514,2625,839,454,58,107,1,-1,-1,-1
514,2626,567,463,46,121,1,-1,-1,-1
514,2628,380,604,63,147,1,-1,-1,-1
514,2688,121,389,41,92,1,-1,-1,-1
514,2689,83,484,44,116,1,-1,-1,-1
515,2611,1619,471,71,115,1,-1,-1,-1
515,2612,536,489,57,124,1,-1,-1,-1
515,2613,262,417,54,121,1,-1,-1,-1
515,2614,609,635,67,159,1,-1,-1,-1
515,2618,755,412,74,106,1,-1,-1,-1
515,2619,819,528,52,144,1,-1,-1,-1
515,2620,381,411,39,112,1,-1,-1,-1
515,2621,294,428,76,114,1,-1,-1,-1
515,2622,1493,545,84,56,1,-1,-1,-1
515,2623,568,406,44,107,1,-1,-1,-1
515,2625,836,453,57,108,1,-1,-1,-1
515,2626,566,463,45,120,1,-1,-1,-1
515,2628,378,604,62,147,1,-1,-1,-1
515,2688,118,389,40,93,1,-1,-1,-1
515,2689,80,484,44,117,1,-1,-1,-1
516,2611,1617,471,69,114,1,-1,-1,-1
516,2612,538,489,56,125,1,-1,-1,-1
516,2613,259,416,54,122,1,-1,-1,-1
516,2614,607,634,66,159,1,-1,-1,-1
516,2618,750,411,73,107,1,-1,-1,-1
516,2619,814,526,52,145,1,-1,-1,-1
516,2620,379,411,39,112,1,-1,-1,-1
516,2621,291,427,76,115,1,-1,-1,-1
516,2622,1491,545,82,55,1,-1,-1,-1
516,2623,566,406,44,108,1,-1,-1,-1
516,2625,832,452,58,109,1,-1,-1,-1
516,2626,566,463,45,120,1,-1,-1,-1
516,2628,376,603,62,147,1,-1,-1,-1
516,2688,114,389,41,93,1,-1,-1,-1
516,2689,77,485,44,116,1,-1,-1,-1
517,2611,1616,472,67,112,1,-1,-1,-1
517,2612,540,489,54,125,1,-1,-1,-1
517,2613,257,416,53,121,1,-1,-1,-1
517,2614,604,634,66,158,1,-1,-1,-1
517,2618,744,410,72,108,1,-1,-1,-1
517,2619,809,525,52,145,1,-1,-1,-1
517,2620,378,411,40,112,1,-1,-1,-1
517,2621,289,427,75,115,1,-1,-1,-1
517,2622,1488,545,81,55,1,-1,-1,-1
517,2623,565,406,44,109,1,-1,-1,-1
517,2625,829,451,57,110,1,-1,-1,-1
517,2626,566,463,43,120,1,-1,-1,-1
517,2628,374,603,62,147,1,-1,-1,-1
517,2688,111,388,41,94,1,-1,-1,-1
517,2689,74,485,44,117,1,-1,-1,-1
518,2611,1614,472,66,111,1,-1,-1,-1
518,2612,541,489,54,125,1,-1,-1,-1
518,2613,254,415,54,122,1,-1,-1,-1
518,2614,601,633,66,158,1,-1,-1,-1
518,2618,740,410,70,108,1,-1,-1,-1
518,2619,804,524,51,145,1,-1,-1,-1
518,2620,376,412,41,112,1,-1,-1,-1
518,2621,286,427,74,115,1,-1,-1,-1
518,2622,1486,545,80,55,1,-1,-1,-1
518,2623,564,406,44,110,1,-1,-1,-1
518,2625,825,450,56,111,1,-1,-1,-1
518,2626,565,463,43,120,1,-1,-1,-1
518,2628,372,603,62,147,1,-1,-1,-1
518,2688,107,388,41,94,1,-1,-1,-1
518,2689,72,485,43,117,1,-1,-1,-1
519,2611,1612,473,64,110,1,-1,-1,-1
519,2612,542,489,53,126,1,-1,-1,-1
519,2613,250,414,55,122,1,-1,-1,-1
519,2614,599,633,65,157,1,-1,-1,-1
519,2618,735,409,69,109,1,-1,-1,-1
519,2619,799,523,51,145,1,-1,-1,-1
519,2620,375,412,41,112,1,-1,-1,-1
519,2621,283,427,74,115,1,-1,-1,-1
519,2622,1484,545,78,55,1,-1,-1,-1
519,2623,563,406,43,110,1,-1,-1,-1
519,2625,821,450,56,111,1,-1,-1,-1
519,2626,565,463,42,120,1,-1,-1,-1
519,2628,371,603,61,147,1,-1,-1,-1
519,2688,103,387,42,94,1,-1,-1,-1
519,2689,69,485,44,117,1,-1,-1,-1
520,2611,1610,474,62,108,1,-1,-1,-1
520,2612,544,490,51,126,1,-1,-1,-1
520,2613,247,414,55,122,1,-1,-1,-1
520,2614,597,632,64,157,1,-1,-1,-1
520,2618,731,408,67,110,1,-1,-1,-1
520,2619,793,522,52,145,1,-1,-1,-1
520,2620,373,412,42,113,1,-1,-1,-1
520,2621,280,426,73,116,1,-1,-1,-1
520,2622,1482,546,77,55,1,-1,-1,-1
520,2623,561,406,44,111,1,-1,-1,-1
520,2625,818,449,55,112,1,-1,-1,-1
520,2626,564,463,42,120,1,-1,-1,-1
520,2628,369,602,61,147,1,-1,-1,-1
520,2688,100,387,42,94,1,-1,-1,-1
520,2689,66,485,44,118,1,-1,-1,-1
521,2611,1609,475,60,106,1,-1,-1,-1
521,2612,545,490,50,126,1,-1,-1,-1
521,2613,244,413,55,122,1,-1,-1,-1
521,2614,594,632,64,156,1,-1,-1,-1
521,2618,726,408,66,109,1,-1,-1,-1
521,2619,788,521,51,145,1,-1,-1,-1
521,2620,371,413,43,112,1,-1,-1,-1
521,2621,278,426,72,116,1,-1,-1,-1
521,2622,1479,546,77,55,1,-1,-1,-1
521,2623,560,406,43,112,1,-1,-1,-1
521,2625,814,448,55,113,1,-1,-1,-1
521,2626,564,463,40,120,1,-1,-1,-1
521,2628,367,602,61,147,1,-1,-1,-1
521,2688,96,386,42,95,1,-1,-1,-1
521,2689,64,485,42,118,1,-1,-1,-1
522,2611,1608,476,58,105,1,-1,-1,-1
522,2612,546,490,50,126,1,-1,-1,-1
522,2613,241,412,56,122,1,-1,-1,-1
522,2614,591,631,64,156,1,-1,-1,-1
522,2618,721,407,64,110,1,-1,-1,-1
522,2619,783,520,51,145,1,-1,-1,-1
522,2620,369,413,44,112,1,-1,-1,-1
522,2621,276,426,71,115,1,-1,-1,-1
522,2622,1477,546,75,55,1,-1,-1,-1
522,2623,559,407,43,113,1,-1,-1,-1
522,2625,811,447,54,114,1,-1,-1,-1
522,2626,563,463,40,121,1,-1,-1,-1
522,2628,366,602,60,147,1,-1,-1,-1
522,2688,93,386,42,95,1,-1,-1,-1
522,2689,61,486,42,118,1,-1,-1,-1
523,2611,1606,476,56,104,1,-1,-1,-1
523,2612,547,490,49,127,1,-1,-1,-1
523,2613,237,411,57,123,1,-1,-1,-1
523,2614,588,631,64,155,1,-1,-1,-1
523,2618,716,407,63,110,1,-1,-1,-1
523,2619,777,519,52,145,1,-1,-1,-1
523,2620,367,413,44,112,1,-1,-1,-1
523,2621,273,425,71,116,1,-1,-1,-1
523,2622,1475,546,73,54,1,-1,-1,-1
523,2623,557,407,44,113,1,-1,-1,-1
523,2625,807,447,54,114,1,-1,-1,-1
523,2626,563,464,39,120,1,-1,-1,-1
523,2628,363,601,61,147,1,-1,-1,-1
523,2688,89,385,43,96,1,-1,-1,-1
523,2689,58,486,42,118,1,-1,-1,-1
524,2611,1604,477,55,103,1,-1,-1,-1
524,2612,548,491,48,127,1,-1,-1,-1
524,2613,234,411,58,123,1,-1,-1,-1
524,2614,585,630,63,155,1,-1,-1,-1
524,2618,711,406,61,111,1,-1,-1,-1
524,2619,772,518,52,145,1,-1,-1,-1
524,2620,365,413,45,112,1,-1,-1,-1
524,2621,270,425,70,116,1,-1,-1,-1
524,2622,1472,546,73,54,1,-1,-1,-1
524,2623,556,407,44,114,1,-1,-1,-1
524,2625,803,446,53,115,1,-1,-1,-1
524,2626,562,464,38,119,1,-1,-1,-1
524,2628,361,601,60,147,1,-1,-1,-1
524,2688,86,385,42,96,1,-1,-1,-1
524,2689,56,486,42,118,1,-1,-1,-1
525,2611,1601,478,53,101,1,-1,-1,-1
525,2612,550,491,47,127,1,-1,-1,-1
525,2613,229,410,58,123,1,-1,-1,-1
525,2614,581,629,63,154,1,-1,-1,-1
525,2618,703,405,59,112,1,-1,-1,-1
525,2619,764,517,51,145,1,-1,-1,-1
525,2620,362,413,46,113,1,-1,-1,-1
525,2621,266,425,69,116,1,-1,-1,-1
525,2622,1468,546,71,54,1,-1,-1,-1
525,2623,553,407,44,116,1,-1,-1,-1
525,2625,797,445,53,116,1,-1,-1,-1
525,2626,561,464,38,119,1,-1,-1,-1
525,2628,358,600,60,147,1,-1,-1,-1
525,2688,80,384,43,97,1,-1,-1,-1
525,2689,51,486,42,119,1,-1,-1,-1
526,2611,1601,478,51,100,1,-1,-1,-1
526,2612,551,491,47,127,1,-1,-1,-1
526,2613,227,409,59,123,1,-1,-1,-1
526,2614,580,628,62,154,1,-1,-1,-1
526,2618,700,404,58,113,1,-1,-1,-1
526,2619,760,516,52,145,1,-1,-1,-1
526,2620,362,413,46,113,1,-1,-1,-1
526,2621,264,424,69,117,1,-1,-1,-1
526,2622,1467,546,70,54,1,-1,-1,-1
526,2623,552,407,44,117,1,-1,-1,-1
526,2625,795,444,53,117,1,-1,-1,-1
526,2626,560,464,38,119,1,-1,-1,-1
526,2628,356,600,61,147,1,-1,-1,-1
526,2688,78,383,43,98,1,-1,-1,-1
526,2689,49,486,42,119,1,-1,-1,-1
527,2611,1599,477,51,101,1,-1,-1,-1
527,2612,552,491,46,127,1,-1,-1,-1
527,2613,226,409,60,123,1,-1,-1,-1
527,2614,581,627,62,154,1,-1,-1,-1
527,2618,699,404,56,113,1,-1,-1,-1
527,2619,758,516,51,144,1,-1,-1,-1
527,2620,362,414,47,113,1,-1,-1,-1
527,2621,266,424,67,117,1,-1,-1,-1
527,2622,1467,546,68,54,1,-1,-1,-1
527,2623,553,407,43,116,1,-1,-1,-1
527,2625,793,444,53,118,1,-1,-1,-1
527,2626,562,464,37,119,1,-1,-1,-1
527,2628,357,600,61,147,1,-1,-1,-1
527,2688,78,383,43,97,1,-1,-1,-1
527,2689,50,487,42,119,1,-1,-1,-1
528,2611,1597,476,51,102,1,-1,-1,-1
528,2612,553,492,46,127,1,-1,-1,-1
528,2613,226,408,60,123,1,-1,-1,-1
528,2614,582,626,62,154,1,-1,-1,-1
528,2618,697,404,55,112,1,-1,-1,-1
528,2619,756,515,51,144,1,-1,-1,-1
528,2620,363,414,47,113,1,-1,-1,-1
528,2621,269,424,66,117,1,-1,-1,-1
528,2622,1467,547,67,53,1,-1,-1,-1
528,2623,553,407,44,115,1,-1,-1,-1
528,2625,791,444,53,117,1,-1,-1,-1
528,2626,565,464,36,119,1,-1,-1,-1
528,2628,359,600,61,147,1,-1,-1,-1
528,2688,78,384,44,98,1,-1,-1,-1
528,2689,51,487,41,119,1,-1,-1,-1
529,2611,1596,475,50,103,1,-1,-1,-1
529,2612,555,492,45,127,1,-1,-1,-1
529,2613,226,408,61,123,1,-1,-1,-1
529,2614,583,624,62,154,1,-1,-1,-1
529,2618,694,403,55,113,1,-1,-1,-1
529,2619,754,515,51,143,1,-1,-1,-1
529,2620,364,414,48,113,1,-1,-1,-1
529,2621,272,424,66,116,1,-1,-1,-1
529,2622,1467,548,67,52,1,-1,-1,-1
529,2623,554,407,43,114,1,-1,-1,-1
529,2625,790,443,52,117,1,-1,-1,-1
529,2626,567,464,36,119,1,-1,-1,-1
529,2628,362,600,60,147,1,-1,-1,-1
529,2688,79,384,44,98,1,-1,-1,-1
529,2689,52,487,42,119,1,-1,-1,-1
530,2611,1594,474,50,105,1,-1,-1,-1
530,2612,556,492,45,127,1,-1,-1,-1
530,2613,226,408,61,123,1,-1,-1,-1
530,2614,584,622,62,153,1,-1,-1,-1
530,2618,692,403,54,113,1,-1,-1,-1
530,2619,752,514,51,143,1,-1,-1,-1
530,2620,364,414,49,114,1,-1,-1,-1
530,2621,275,424,66,116,1,-1,-1,-1
530,2622,1467,548,66,52,1,-1,-1,-1
530,2623,555,407,42,113,1,-1,-1,-1
530,2625,787,443,53,117,1,-1,-1,-1
530,2626,570,464,36,119,1,-1,-1,-1
530,2628,363,599,61,147,1,-1,-1,-1
530,2688,80,384,44,98,1,-1,-1,-1
530,2689,53,487,42,119,1,-1,-1,-1
531,2611,1593,473,49,106,1,-1,-1,-1
531,2612,557,492,44,127,1,-1,-1,-1
531,2613,227,408,60,123,1,-1,-1,-1
531,2614,585,621,63,153,1,-1,-1,-1
531,2618,689,403,55,113,1,-1,-1,-1
531,2619,750,514,50,143,1,-1,-1,-1
531,2620,365,414,50,114,1,-1,-1,-1
531,2621,278,424,64,116,1,-1,-1,-1
531,2622,1467,549,65,51,1,-1,-1,-1
531,2623,556,407,42,112,1,-1,-1,-1
531,2625,785,443,52,117,1,-1,-1,-1
531,2626,573,464,36,119,1,-1,-1,-1
531,2628,366,599,60,147,1,-1,-1,-1
531,2688,82,384,43,98,1,-1,-1,-1
531,2689,55,488,42,119,1,-1,-1,-1
532,2611,1591,471,49,108,1,-1,-1,-1
532,2612,559,493,44,127,1,-1,-1,-1
532,2613,228,407,60,123,1,-1,-1,-1
532,2614,587,619,62,153,1,-1,-1,-1
532,2618,687,403,55,113,1,-1,-1,-1
532,2619,748,513,50,143,1,-1,-1,-1
532,2620,366,413,50,114,1,-1,-1,-1
532,2621,281,424,64,116,1,-1,-1,-1
532,2622,1467,549,65,51,1,-1,-1,-1
532,2623,557,407,41,111,1,-1,-1,-1
532,2625,783,443,52,116,1,-1,-1,-1
532,2626,575,464,36,119,1,-1,-1,-1
532,2628,368,599,60,146,1,-1,-1,-1
532,2688,82,385,44,98,1,-1,-1,-1
532,2689,56,488,43,119,1,-1,-1,-1
533,2611,1590,470,48,109,1,-1,-1,-1
533,2612,559,493,44,127,1,-1,-1,-1
533,2613,228,407,60,123,1,-1,-1,-1
533,2614,587,618,63,153,1,-1,-1,-1
533,2618,684,402,54,114,1,-1,-1,-1
533,2619,746,512,50,143,1,-1,-1,-1
533,2620,367,413,50,114,1,-1,-1,-1
533,2621,284,424,63,116,1,-1,-1,-1
533,2622,1467,550,65,50,1,-1,-1,-1
533,2623,558,407,40,110,1,-1,-1,-1
533,2625,780,443,53,116,1,-1,-1,-1
533,2626,578,464,36,119,1,-1,-1,-1
533,2628,370,599,61,146,1,-1,-1,-1
533,2688,83,385,44,98,1,-1,-1,-1
533,2689,56,488,44,119,1,-1,-1,-1
534,2611,1589,471,48,108,1,-1,-1,-1
534,2612,559,492,43,127,1,-1,-1,-1
534,2613,227,407,60,123,1,-1,-1,-1
534,2614,587,617,63,153,1,-1,-1,-1
534,2618,681,402,54,114,1,-1,-1,-1
534,2619,744,512,50,142,1,-1,-1,-1
534,2620,368,413,51,115,1,-1,-1,-1
534,2621,288,424,62,116,1,-1,-1,-1
534,2622,1467,550,64,50,1,-1,-1,-1
534,2623,559,408,40,109,1,-1,-1,-1
534,2625,778,443,52,116,1,-1,-1,-1
534,2626,580,464,36,119,1,-1,-1,-1
534,2628,372,599,61,146,1,-1,-1,-1
534,2688,85,385,43,99,1,-1,-1,-1
534,2689,56,488,44,119,1,-1,-1,-1
535,2611,1588,471,47,108,1,-1,-1,-1
535,2612,559,492,43,127,1,-1,-1,-1
535,2613,227,407,59,123,1,-1,-1,-1
535,2614,586,616,63,153,1,-1,-1,-1
535,2618,678,402,54,113,1,-1,-1,-1
535,2619,742,511,49,142,1,-1,-1,-1
535,2620,369,412,51,116,1,-1,-1,-1
535,2621,291,424,61,116,1,-1,-1,-1
535,2622,1466,551,64,49,1,-1,-1,-1
535,2623,560,408,39,109,1,-1,-1,-1
535,2625,775,443,52,116,1,-1,-1,-1
535,2626,583,464,36,119,1,-1,-1,-1
535,2628,374,599,61,146,1,-1,-1,-1
535,2688,86,385,44,99,1,-1,-1,-1
535,2689,55,489,45,119,1,-1,-1,-1
536,2611,1587,471,47,108,1,-1,-1,-1
536,2612,558,492,43,128,1,-1,-1,-1
536,2613,227,406,59,123,1,-1,-1,-1
536,2614,585,615,63,153,1,-1,-1,-1
536,2618,675,402,53,113,1,-1,-1,-1
536,2619,740,511,49,141,1,-1,-1,-1
536,2620,370,412,51,116,1,-1,-1,-1
536,2621,294,424,60,116,1,-1,-1,-1
536,2622,1465,552,65,49,1,-1,-1,-1
536,2623,562,408,38,108,1,-1,-1,-1
536,2625,772,443,52,117,1,-1,-1,-1
536,2626,585,464,36,119,1,-1,-1,-1
536,2628,376,599,61,146,1,-1,-1,-1
536,2688,88,385,44,99,1,-1,-1,-1
536,2689,56,489,45,118,1,-1,-1,-1
537,2611,1586,472,47,107,1,-1,-1,-1
537,2612,557,492,43,128,1,-1,-1,-1
537,2613,226,406,58,123,1,-1,-1,-1
537,2614,584,615,62,152,1,-1,-1,-1
537,2618,673,402,51,113,1,-1,-1,-1
537,2619,738,510,49,142,1,-1,-1,-1
537,2620,371,412,51,116,1,-1,-1,-1
537,2621,296,424,61,116,1,-1,-1,-1
537,2622,1465,553,65,48,1,-1,-1,-1
537,2623,562,409,38,106,1,-1,-1,-1
537,2625,769,443,51,117,1,-1,-1,-1
537,2626,587,464,37,119,1,-1,-1,-1
537,2628,378,599,61,146,1,-1,-1,-1
537,2688,90,386,44,98,1,-1,-1,-1
537,2689,55,489,46,118,1,-1,-1,-1
538,2611,1584,472,47,107,1,-1,-1,-1
538,2612,556,491,43,128,1,-1,-1,-1
538,2613,225,406,58,123,1,-1,-1,-1
538,2614,583,614,62,152,1,-1,-1,-1
538,2618,669,401,49,114,1,-1,-1,-1
538,2619,735,509,49,141,1,-1,-1,-1
538,2620,372,412,52,116,1,-1,-1,-1
538,2621,300,423,60,117,1,-1,-1,-1
538,2622,1464,553,66,48,1,-1,-1,-1
538,2623,564,409,37,105,1,-1,-1,-1
538,2625,767,443,49,117,1,-1,-1,-1
538,2626,590,464,37,120,1,-1,-1,-1
538,2628,380,599,62,146,1,-1,-1,-1
538,2688,91,386,46,98,1,-1,-1,-1
538,2689,55,489,47,118,1,-1,-1,-1
539,2611,1583,472,46,106,1,-1,-1,-1
539,2612,556,491,43,127,1,-1,-1,-1
539,2613,226,405,57,123,1,-1,-1,-1
539,2614,582,614,62,152,1,-1,-1,-1
539,2618,667,401,48,113,1,-1,-1,-1
539,2619,734,508,48,141,1,-1,-1,-1
539,2620,373,412,51,117,1,-1,-1,-1
539,2621,302,423,60,117,1,-1,-1,-1
539,2622,1464,554,66,47,1,-1,-1,-1
539,2623,565,409,36,104,1,-1,-1,-1
539,2625,764,443,49,118,1,-1,-1,-1
539,2626,592,464,38,120,1,-1,-1,-1
539,2628,383,599,62,145,1,-1,-1,-1
539,2688,93,386,46,99,1,-1,-1,-1
539,2689,54,489,48,118,1,-1,-1,-1
540,2611,1580,472,47,106,1,-1,-1,-1
540,2612,555,491,43,127,1,-1,-1,-1
540,2613,226,405,56,123,1,-1,-1,-1
540,2614,581,613,62,152,1,-1,-1,-1
540,2618,665,401,46,113,1,-1,-1,-1
540,2619,732,508,48,140,1,-1,-1,-1
540,2620,373,412,52,117,1,-1,-1,-1
540,2621,305,423,59,117,1,-1,-1,-1
540,2622,1463,554,67,47,1,-1,-1,-1
540,2623,564,409,36,105,1,-1,-1,-1
540,2625,763,443,48,118,1,-1,-1,-1
540,2626,594,463,38,120,1,-1,-1,-1
540,2628,388,599,62,143,1,-1,-1,-1
540,2688,95,387,46,98,1,-1,-1,-1
540,2689,54,489,49,118,1,-1,-1,-1
541,2611,1578,472,47,106,1,-1,-1,-1
541,2612,554,491,43,127,1,-1,-1,-1
541,2613,227,405,55,123,1,-1,-1,-1
541,2614,580,612,61,152,1,-1,-1,-1
541,2618,664,401,45,113,1,-1,-1,-1
541,2619,731,507,48,141,1,-1,-1,-1
541,2620,374,412,52,117,1,-1,-1,-1
541,2621,307,423,59,117,1,-1,-1,-1
541,2622,1463,554,67,47,1,-1,-1,-1
541,2623,564,409,36,106,1,-1,-1,-1
541,2625,761,443,47,118,1,-1,-1,-1
541,2626,597,463,38,120,1,-1,-1,-1
541,2628,394,598,62,142,1,-1,-1,-1
541,2688,97,387,47,98,1,-1,-1,-1
541,2689,54,489,49,118,1,-1,-1,-1
542,2611,1575,472,48,105,1,-1,-1,-1
542,2612,553,490,43,127,1,-1,-1,-1
542,2613,228,405,55,122,1,-1,-1,-1
542,2614,579,611,61,152,1,-1,-1,-1
542,2618,662,401,43,113,1,-1,-1,-1
542,2619,729,507,48,140,1,-1,-1,-1
542,2620,375,412,51,116,1,-1,-1,-1
542,2621,309,423,59,117,1,-1,-1,-1
542,2622,1463,554,68,47,1,-1,-1,-1
542,2623,564,409,36,108,1,-1,-1,-1
542,2625,759,443,46,119,1,-1,-1,-1
542,2626,599,462,39,121,1,-1,-1,-1
542,2628,400,597,62,141,1,-1,-1,-1
542,2688,100,387,48,99,1,-1,-1,-1
542,2689,53,490,50,118,1,-1,-1,-1
543,2611,1573,471,48,106,1,-1,-1,-1
543,2612,552,490,43,127,1,-1,-1,-1
543,2613,228,404,54,122,1,-1,-1,-1
543,2614,578,610,60,151,1,-1,-1,-1
543,2618,660,400,42,114,1,-1,-1,-1
543,2619,727,506,48,140,1,-1,-1,-1
543,2620,375,412,51,116,1,-1,-1,-1
543,2621,312,422,58,118,1,-1,-1,-1
543,2622,1462,555,69,46,1,-1,-1,-1
543,2623,563,409,37,109,1,-1,-1,-1
543,2625,757,443,46,119,1,-1,-1,-1
543,2626,601,462,41,121,1,-1,-1,-1
543,2628,406,596,62,140,1,-1,-1,-1
543,2688,102,387,48,99,1,-1,-1,-1
543,2689,54,490,49,118,1,-1,-1,-1
544,2611,1570,470,49,106,1,-1,-1,-1
544,2612,551,489,44,127,1,-1,-1,-1
544,2613,229,404,54,122,1,-1,-1,-1
544,2614,577,609,60,151,1,-1,-1,-1
544,2618,657,400,42,113,1,-1,-1,-1
544,2619,725,505,49,140,1,-1,-1,-1
544,2620,375,411,51,117,1,-1,-1,-1
544,2621,313,422,59,118,1,-1,-1,-1
544,2622,1462,555,68,46,1,-1,-1,-1
544,2623,563,409,36,110,1,-1,-1,-1
544,2625,755,443,45,118,1,-1,-1,-1
544,2626,604,461,41,122,1,-1,-1,-1
544,2628,412,595,63,139,1,-1,-1,-1
544,2688,105,387,48,99,1,-1,-1,-1
544,2689,53,490,50,118,1,-1,-1,-1
545,2611,1567,470,49,106,1,-1,-1,-1
545,2612,550,489,44,126,1,-1,-1,-1
545,2613,230,404,53,121,1,-1,-1,-1
545,2614,576,608,59,150,1,-1,-1,-1
545,2618,656,400,41,113,1,-1,-1,-1
545,2619,724,505,48,139,1,-1,-1,-1
545,2620,377,411,49,118,1,-1,-1,-1
545,2621,315,422,60,118,1,-1,-1,-1
545,2622,1462,555,69,46,1,-1,-1,-1
545,2623,563,409,37,112,1,-1,-1,-1
545,2625,753,443,44,118,1,-1,-1,-1
545,2626,606,461,42,122,1,-1,-1,-1
545,2628,418,595,63,137,1,-1,-1,-1
545,2688,108,387,48,99,1,-1,-1,-1
545,2689,53,490,50,118,1,-1,-1,-1
546,2611,1564,469,50,106,1,-1,-1,-1
546,2612,549,489,44,126,1,-1,-1,-1
546,2613,231,404,51,121,1,-1,-1,-1
546,2614,575,607,59,150,1,-1,-1,-1
546,2618,653,400,41,113,1,-1,-1,-1
546,2619,722,504,49,140,1,-1,-1,-1
546,2620,377,411,49,117,1,-1,-1,-1
546,2621,317,421,60,119,1,-1,-1,-1
546,2622,1462,555,69,46,1,-1,-1,-1
546,2623,563,409,37,113,1,-1,-1,-1
546,2625,751,442,44,119,1,-1,-1,-1
546,2626,608,461,43,123,1,-1,-1,-1
546,2628,423,594,64,136,1,-1,-1,-1
546,2688,110,387,49,99,1,-1,-1,-1
546,2689,53,490,50,118,1,-1,-1,-1
547,2611,1562,469,50,106,1,-1,-1,-1
547,2612,548,488,44,126,1,-1,-1,-1
547,2613,232,403,51,121,1,-1,-1,-1
547,2614,574,606,58,150,1,-1,-1,-1
547,2618,651,399,40,114,1,-1,-1,-1
547,2619,720,503,50,140,1,-1,-1,-1
547,2620,378,411,47,117,1,-1,-1,-1
547,2621,319,421,60,119,1,-1,-1,-1
547,2622,1462,555,69,45,1,-1,-1,-1
547,2623,563,410,36,113,1,-1,-1,-1
547,2625,750,442,43,119,1,-1,-1,-1
547,2626,610,460,44,124,1,-1,-1,-1
547,2628,429,593,65,135,1,-1,-1,-1
547,2688,113,387,49,99,1,-1,-1,-1
547,2689,53,491,50,117,1,-1,-1,-1
548,2611,1559,468,51,106,1,-1,-1,-1
548,2612,548,488,43,126,1,-1,-1,-1
548,2613,232,403,51,120,1,-1,-1,-1
548,2614,572,605,59,150,1,-1,-1,-1
548,2618,649,399,39,113,1,-1,-1,-1
548,2619,719,503,50,139,1,-1,-1,-1
548,2620,379,410,46,118,1,-1,-1,-1
548,2621,321,420,61,120,1,-1,-1,-1
548,2622,1462,555,69,46,1,-1,-1,-1
548,2623,562,410,37,114,1,-1,-1,-1
548,2625,748,442,43,119,1,-1,-1,-1
548,2626,613,459,45,125,1,-1,-1,-1
548,2628,435,592,66,134,1,-1,-1,-1
548,2688,116,387,49,99,1,-1,-1,-1
548,2689,53,491,50,117,1,-1,-1,-1
549,2611,1556,468,51,106,1,-1,-1,-1
549,2612,547,488,43,125,1,-1,-1,-1
549,2613,233,403,50,120,1,-1,-1,-1
549,2614,571,604,58,150,1,-1,-1,-1
549,2618,647,399,39,113,1,-1,-1,-1
549,2619,717,502,50,139,1,-1,-1,-1
549,2620,379,410,46,118,1,-1,-1,-1
549,2621,323,420,61,120,1,-1,-1,-1
549,2622,1462,556,69,45,1,-1,-1,-1
549,2623,562,410,37,115,1,-1,-1,-1
549,2625,746,442,42,118,1,-1,-1,-1
549,2626,615,459,46,125,1,-1,-1,-1
549,2628,441,591,66,133,1,-1,-1,-1
549,2688,118,387,49,99,1,-1,-1,-1
549,2689,54,491,49,117,1,-1,-1,-1
550,2611,1552,467,52,106,1,-1,-1,-1
550,2612,545,488,44,124,1,-1,-1,-1
550,2613,234,403,49,119,1,-1,-1,-1
550,2614,569,602,58,150,1,-1,-1,-1
550,2618,643,399,39,113,1,-1,-1,-1
550,2619,714,501,51,139,1,-1,-1,-1
550,2620,381,410,44,117,1,-1,-1,-1
550,2621,326,419,62,121,1,-1,-1,-1
550,2622,1462,556,68,45,1,-1,-1,-1
550,2623,561,410,37,117,1,-1,-1,-1
550,2625,742,442,42,118,1,-1,-1,-1
550,2626,619,458,47,126,1,-1,-1,-1
550,2628,451,590,66,130,1,-1,-1,-1
550,2688,123,386,49,99,1,-1,-1,-1
550,2689,53,492,49,116,1,-1,-1,-1
551,2611,1549,466,53,106,1,-1,-1,-1
551,2612,545,487,43,125,1,-1,-1,-1
551,2613,235,402,48,119,1,-1,-1,-1
551,2614,569,601,57,150,1,-1,-1,-1
551,2618,641,398,39,114,1,-1,-1,-1
551,2619,713,500,52,139,1,-1,-1,-1
551,2620,382,410,43,117,1,-1,-1,-1
551,2621,327,419,62,121,1,-1,-1,-1
551,2622,1462,556,68,45,1,-1,-1,-1
551,2623,561,410,37,118,1,-1,-1,-1
551,2625,741,442,42,118,1,-1,-1,-1
551,2626,620,457,49,127,1,-1,-1,-1
551,2628,454,589,67,130,1,-1,-1,-1
551,2688,124,386,50,99,1,-1,-1,-1
551,2689,53,492,49,117,1,-1,-1,-1
552,2611,1546,466,53,106,1,-1,-1,-1
552,2612,543,487,44,125,1,-1,-1,-1
552,2613,234,402,48,119,1,-1,-1,-1
552,2614,567,600,57,150,1,-1,-1,-1
552,2618,638,398,39,113,1,-1,-1,-1
552,2619,711,500,52,138,1,-1,-1,-1
552,2620,382,409,42,118,1,-1,-1,-1
552,2621,327,419,63,120,1,-1,-1,-1
552,2622,1461,554,70,46,1,-1,-1,-1
552,2623,561,410,36,118,1,-1,-1,-1
552,2625,739,441,41,118,1,-1,-1,-1
552,2626,620,457,50,127,1,-1,-1,-1
552,2628,461,588,68,130,1,-1,-1,-1
552,2688,127,386,50,99,1,-1,-1,-1
552,2689,54,492,48,117,1,-1,-1,-1
553,2611,1542,466,52,104,1,-1,-1,-1
553,2612,541,487,44,125,1,-1,-1,-1
553,2613,233,401,48,119,1,-1,-1,-1
553,2614,565,599,56,150,1,-1,-1,-1
553,2618,634,398,39,113,1,-1,-1,-1
553,2619,709,499,52,139,1,-1,-1,-1
553,2620,383,409,41,118,1,-1,-1,-1
553,2621,327,418,63,121,1,-1,-1,-1
553,2622,1459,551,73,48,1,-1,-1,-1
553,2623,560,410,37,118,1,-1,-1,-1
553,2625,736,441,41,118,1,-1,-1,-1
553,2626,620,457,50,125,1,-1,-1,-1
553,2628,469,586,69,130,1,-1,-1,-1
553,2688,130,386,50,99,1,-1,-1,-1
553,2689,54,492,48,117,1,-1,-1,-1
554,2611,1537,465,51,104,1,-1,-1,-1
554,2612,539,487,44,124,1,-1,-1,-1
554,2613,233,401,46,119,1,-1,-1,-1
554,2614,563,598,57,150,1,-1,-1,-1
554,2618,631,398,39,113,1,-1,-1,-1
554,2619,706,499,53,138,1,-1,-1,-1
554,2620,383,409,41,118,1,-1,-1,-1
554,2621,328,418,62,120,1,-1,-1,-1
554,2622,1457,549,76,50,1,-1,-1,-1
554,2623,560,410,36,118,1,-1,-1,-1
554,2625,733,441,40,118,1,-1,-1,-1
554,2626,620,456,50,126,1,-1,-1,-1
554,2628,477,583,71,130,1,-1,-1,-1
554,2688,133,386,50,99,1,-1,-1,-1
554,2689,54,492,48,117,1,-1,-1,-1
555,2611,1532,465,51,101,1,-1,-1,-1
555,2612,537,486,44,125,1,-1,-1,-1
555,2613,232,400,46,119,1,-1,-1,-1
555,2614,561,597,57,149,1,-1,-1,-1
555,2618,628,397,38,113,1,-1,-1,-1
555,2619,704,498,53,138,1,-1,-1,-1
555,2620,383,409,41,118,1,-1,-1,-1
555,2621,327,417,62,120,1,-1,-1,-1
555,2622,1455,546,78,52,1,-1,-1,-1
555,2623,559,410,36,119,1,-1,-1,-1
555,2625,730,441,40,118,1,-1,-1,-1
555,2626,620,456,50,125,1,-1,-1,-1
555,2628,486,581,72,130,1,-1,-1,-1
555,2688,135,387,50,99,1,-1,-1,-1
555,2689,53,492,49,117,1,-1,-1,-1
556,2611,1527,464,50,101,1,-1,-1,-1
556,2612,534,486,44,125,1,-1,-1,-1
556,2613,231,399,45,119,1,-1,-1,-1
556,2614,558,595,57,149,1,-1,-1,-1
556,2618,624,397,38,113,1,-1,-1,-1
556,2619,702,497,53,137,1,-1,-1,-1
556,2620,383,409,40,118,1,-1,-1,-1
556,2621,328,417,61,120,1,-1,-1,-1
556,2622,1454,543,80,54,1,-1,-1,-1
556,2623,558,411,36,118,1,-1,-1,-1
556,2625,727,441,40,118,1,-1,-1,-1
556,2626,620,456,50,124,1,-1,-1,-1
556,2628,495,579,73,130,1,-1,-1,-1
556,2688,138,387,50,99,1,-1,-1,-1
556,2689,53,493,49,117,1,-1,-1,-1
557,2611,1522,464,48,99,1,-1,-1,-1
557,2612,532,486,44,125,1,-1,-1,-1
557,2613,229,399,45,119,1,-1,-1,-1
557,2614,555,594,57,149,1,-1,-1,-1
557,2618,620,397,38,113,1,-1,-1,-1
557,2619,700,496,53,137,1,-1,-1,-1
557,2620,384,409,39,117,1,-1,-1,-1
557,2621,327,417,62,119,1,-1,-1,-1
557,2622,1452,540,82,57,1,-1,-1,-1
557,2623,558,411,36,118,1,-1,-1,-1
557,2625,724,440,39,118,1,-1,-1,-1
557,2626,620,455,50,125,1,-1,-1,-1
557,2628,504,577,73,130,1,-1,-1,-1
557,2688,141,388,50,99,1,-1,-1,-1
557,2689,53,493,49,117,1,-1,-1,-1
558,2611,1520,463,47,99,1,-1,-1,-1
558,2612,529,485,44,124,1,-1,-1,-1
558,2613,228,398,45,119,1,-1,-1,-1
558,2614,553,592,57,149,1,-1,-1,-1
558,2618,616,397,38,113,1,-1,-1,-1
558,2619,698,496,53,136,1,-1,-1,-1
558,2620,384,409,40,117,1,-1,-1,-1
558,2621,328,416,60,119,1,-1,-1,-1
558,2622,1451,537,84,59,1,-1,-1,-1
558,2623,557,411,36,118,1,-1,-1,-1
558,2625,721,440,39,118,1,-1,-1,-1
558,2626,620,455,49,123,1,-1,-1,-1
558,2628,513,574,74,130,1,-1,-1,-1
558,2688,144,388,50,99,1,-1,-1,-1
558,2689,53,493,49,118,1,-1,-1,-1
559,2611,1517,463,47,99,1,-1,-1,-1
559,2612,526,484,44,124,1,-1,-1,-1
559,2613,228,398,44,118,1,-1,-1,-1
559,2614,550,591,57,149,1,-1,-1,-1
559,2618,612,396,39,113,1,-1,-1,-1
559,2619,696,495,53,137,1,-1,-1,-1
559,2620,384,409,39,117,1,-1,-1,-1
559,2621,327,416,61,118,1,-1,-1,-1
559,2622,1450,534,86,62,1,-1,-1,-1
559,2623,556,411,36,118,1,-1,-1,-1
559,2625,719,440,38,118,1,-1,-1,-1
559,2626,620,454,49,124,1,-1,-1,-1
559,2628,522,572,74,130,1,-1,-1,-1
559,2688,147,388,50,99,1,-1,-1,-1
559,2689,54,493,48,118,1,-1,-1,-1
560,2611,1515,463,46,98,1,-1,-1,-1
560,2612,522,483,44,123,1,-1,-1,-1
560,2613,226,397,44,118,1,-1,-1,-1
560,2614,546,590,58,149,1,-1,-1,-1
560,2618,609,396,38,113,1,-1,-1,-1
560,2619,694,494,52,136,1,-1,-1,-1
560,2620,384,409,39,117,1,-1,-1,-1
560,2621,328,415,60,118,1,-1,-1,-1
560,2622,1449,531,87,64,1,-1,-1,-1
560,2623,556,411,35,118,1,-1,-1,-1
560,2625,716,439,38,118,1,-1,-1,-1
560,2626,621,454,48,123,1,-1,-1,-1
560,2628,530,570,76,130,1,-1,-1,-1
560,2688,150,389,50,99,1,-1,-1,-1
560,2689,53,493,49,119,1,-1,-1,-1
561,2611,1513,462,45,99,1,-1,-1,-1
561,2612,519,482,44,122,1,-1,-1,-1
561,2613,226,397,44,118,1,-1,-1,-1
561,2614,544,589,58,149,1,-1,-1,-1
561,2618,605,396,38,112,1,-1,-1,-1
561,2619,691,493,53,136,1,-1,-1,-1
561,2620,383,409,40,117,1,-1,-1,-1
561,2621,328,415,59,118,1,-1,-1,-1
561,2622,1448,529,88,65,1,-1,-1,-1
561,2623,555,411,35,118,1,-1,-1,-1
561,2625,713,439,38,118,1,-1,-1,-1
561,2626,621,453,48,123,1,-1,-1,-1
561,2628,539,568,76,130,1,-1,-1,-1
561,2688,153,389,50,99,1,-1,-1,-1
561,2689,53,494,48,118,1,-1,-1,-1
562,2611,1511,462,45,99,1,-1,-1,-1
562,2612,516,481,43,122,1,-1,-1,-1
562,2613,225,396,44,118,1,-1,-1,-1
562,2614,540,588,59,149,1,-1,-1,-1
562,2618,601,395,38,112,1,-1,-1,-1
562,2619,689,493,53,135,1,-1,-1,-1
562,2620,383,409,40,117,1,-1,-1,-1
562,2621,328,415,59,117,1,-1,-1,-1
562,2622,1447,526,89,68,1,-1,-1,-1
562,2623,554,411,35,118,1,-1,-1,-1
562,2625,710,439,37,118,1,-1,-1,-1
562,2626,622,453,46,122,1,-1,-1,-1
562,2628,548,565,77,130,1,-1,-1,-1
562,2688,156,389,50,99,1,-1,-1,-1
562,2689,53,494,49,118,1,-1,-1,-1
563,2611,1508,462,45,98,1,-1,-1,-1
563,2612,512,480,44,121,1,-1,-1,-1
563,2613,223,396,44,117,1,-1,-1,-1
563,2614,537,587,59,149,1,-1,-1,-1
563,2618,596,395,38,112,1,-1,-1,-1
563,2619,686,492,53,135,1,-1,-1,-1
563,2620,383,409,41,117,1,-1,-1,-1
563,2621,328,414,58,117,1,-1,-1,-1
563,2622,1445,523,91,70,1,-1,-1,-1
563,2623,554,412,35,117,1,-1,-1,-1
563,2625,706,438,37,119,1,-1,-1,-1
563,2626,622,452,46,122,1,-1,-1,-1
563,2628,560,562,77,130,1,-1,-1,-1
563,2688,159,389,51,99,1,-1,-1,-1
563,2689,53,494,49,119,1,-1,-1,-1
564,2611,1503,461,46,99,1,-1,-1,-1
564,2612,508,479,44,120,1,-1,-1,-1
564,2613,222,395,45,117,1,-1,-1,-1
564,2614,534,586,58,148,1,-1,-1,-1
564,2618,593,395,39,112,1,-1,-1,-1
564,2619,685,491,52,135,1,-1,-1,-1
564,2620,383,409,41,117,1,-1,-1,-1
564,2621,329,414,57,116,1,-1,-1,-1
564,2622,1445,520,91,72,1,-1,-1,-1
564,2623,553,412,35,117,1,-1,-1,-1
564,2625,704,438,36,118,1,-1,-1,-1
564,2626,623,452,45,121,1,-1,-1,-1
564,2628,568,560,78,130,1,-1,-1,-1
564,2688,162,390,50,99,1,-1,-1,-1
564,2689,52,495,50,118,1,-1,-1,-1
565,2611,1495,461,46,99,1,-1,-1,-1
565,2612,505,478,44,120,1,-1,-1,-1
565,2613,221,395,45,116,1,-1,-1,-1
565,2614,531,584,59,149,1,-1,-1,-1
565,2618,591,395,39,112,1,-1,-1,-1
565,2619,683,490,52,135,1,-1,-1,-1
565,2620,383,409,41,117,1,-1,-1,-1
565,2621,329,413,57,116,1,-1,-1,-1
565,2622,1443,518,91,73,1,-1,-1,-1
565,2623,551,411,35,117,1,-1,-1,-1
565,2625,701,438,36,117,1,-1,-1,-1
565,2626,623,451,45,121,1,-1,-1,-1
565,2628,579,559,78,130,1,-1,-1,-1
565,2688,165,390,50,99,1,-1,-1,-1
565,2689,52,494,50,119,1,-1,-1,-1
566,2611,1486,460,46,99,1,-1,-1,-1
566,2612,501,477,44,119,1,-1,-1,-1
566,2613,220,394,46,116,1,-1,-1,-1
566,2614,528,583,58,149,1,-1,-1,-1
566,2618,590,394,39,112,1,-1,-1,-1
566,2619,681,489,53,135,1,-1,-1,-1
566,2620,382,408,42,117,1,-1,-1,-1
566,2621,329,412,57,117,1,-1,-1,-1
566,2622,1441,515,92,76,1,-1,-1,-1
566,2623,549,411,35,117,1,-1,-1,-1
566,2625,699,437,35,118,1,-1,-1,-1
566,2626,624,450,44,121,1,-1,-1,-1
566,2628,591,557,78,130,1,-1,-1,-1
566,2688,168,390,50,99,1,-1,-1,-1
566,2689,52,494,50,119,1,-1,-1,-1
566,2709,2,394,27,107,1,-1,-1,-1
567,2611,1476,459,46,99,1,-1,-1,-1
567,2612,497,476,45,118,1,-1,-1,-1
567,2613,219,394,46,115,1,-1,-1,-1
567,2614,525,582,58,148,1,-1,-1,-1
567,2618,589,394,39,112,1,-1,-1,-1
567,2619,679,488,52,135,1,-1,-1,-1
567,2620,382,408,42,117,1,-1,-1,-1
567,2621,330,411,57,117,1,-1,-1,-1
567,2622,1438,513,93,77,1,-1,-1,-1
567,2623,548,410,35,117,1,-1,-1,-1
567,2625,696,437,36,117,1,-1,-1,-1
567,2626,625,449,43,120,1,-1,-1,-1
567,2628,603,556,78,129,1,-1,-1,-1
567,2688,171,390,50,99,1,-1,-1,-1
567,2689,51,494,50,119,1,-1,-1,-1
567,2709,6,394,28,108,1,-1,-1,-1
568,2611,1466,458,46,99,1,-1,-1,-1
568,2612,494,475,44,118,1,-1,-1,-1
568,2613,218,393,46,115,1,-1,-1,-1
568,2614,522,581,58,148,1,-1,-1,-1
568,2618,587,394,39,112,1,-1,-1,-1
568,2619,676,486,53,136,1,-1,-1,-1
568,2620,381,407,43,117,1,-1,-1,-1
568,2621,330,410,58,117,1,-1,-1,-1
568,2622,1436,510,92,79,1,-1,-1,-1
568,2623,546,410,36,117,1,-1,-1,-1
568,2625,693,436,35,117,1,-1,-1,-1
568,2626,625,448,44,120,1,-1,-1,-1
568,2628,615,554,78,130,1,-1,-1,-1
568,2688,174,390,50,99,1,-1,-1,-1
568,2689,51,494,51,119,1,-1,-1,-1
568,2709,11,395,27,108,1,-1,-1,-1
569,2611,1456,457,45,99,1,-1,-1,-1
569,2612,490,474,45,117,1,-1,-1,-1
569,2613,216,393,48,115,1,-1,-1,-1
569,2614,519,580,57,148,1,-1,-1,-1
569,2618,586,393,40,112,1,-1,-1,-1
569,2619,673,485,54,136,1,-1,-1,-1
569,2620,381,406,44,117,1,-1,-1,-1
569,2621,330,409,59,117,1,-1,-1,-1
569,2622,1433,508,94,80,1,-1,-1,-1
569,2623,544,409,36,117,1,-1,-1,-1
569,2625,690,436,35,116,1,-1,-1,-1
569,2626,626,447,44,120,1,-1,-1,-1
569,2628,627,552,79,130,1,-1,-1,-1
569,2688,177,389,50,99,1,-1,-1,-1
569,2689,51,493,51,119,1,-1,-1,-1
569,2709,15,395,28,108,1,-1,-1,-1
570,2611,1446,456,46,99,1,-1,-1,-1
570,2612,486,473,45,116,1,-1,-1,-1
570,2613,215,392,48,115,1,-1,-1,-1
570,2614,516,579,58,148,1,-1,-1,-1
570,2618,584,393,41,112,1,-1,-1,-1
570,2619,671,484,54,136,1,-1,-1,-1
570,2620,380,406,45,117,1,-1,-1,-1
570,2621,331,408,60,117,1,-1,-1,-1
570,2622,1431,505,94,83,1,-1,-1,-1
570,2623,542,409,36,117,1,-1,-1,-1
570,2625,688,435,34,116,1,-1,-1,-1
570,2626,627,446,43,119,1,-1,-1,-1
570,2628,639,551,79,130,1,-1,-1,-1
570,2688,180,389,51,99,1,-1,-1,-1
570,2689,50,493,51,119,1,-1,-1,-1
570,2709,20,395,29,109,1,-1,-1,-1
571,2611,1436,455,45,99,1,-1,-1,-1
571,2612,483,472,45,115,1,-1,-1,-1
571,2613,214,392,48,114,1,-1,-1,-1
571,2614,514,578,57,147,1,-1,-1,-1
571,2618,582,393,42,112,1,-1,-1,-1
571,2619,669,483,54,135,1,-1,-1,-1
571,2620,380,405,46,117,1,-1,-1,-1
571,2621,330,407,62,117,1,-1,-1,-1
571,2622,1429,502,95,85,1,-1,-1,-1
571,2623,541,408,35,117,1,-1,-1,-1
571,2625,686,435,33,115,1,-1,-1,-1
571,2626,627,445,44,119,1,-1,-1,-1
571,2628,652,549,78,130,1,-1,-1,-1
571,2688,183,389,51,99,1,-1,-1,-1
571,2689,49,493,52,119,1,-1,-1,-1
571,2709,25,395,30,109,1,-1,-1,-1
572,2611,1426,454,45,99,1,-1,-1,-1
572,2612,479,471,46,115,1,-1,-1,-1
572,2613,212,391,50,114,1,-1,-1,-1
572,2614,510,576,57,148,1,-1,-1,-1
572,2618,580,393,42,111,1,-1,-1,-1
572,2619,666,482,55,135,1,-1,-1,-1
572,2620,379,404,47,117,1,-1,-1,-1
572,2621,330,406,63,118,1,-1,-1,-1
572,2622,1426,500,96,86,1,-1,-1,-1
572,2623,539,408,35,116,1,-1,-1,-1
572,2625,683,434,33,115,1,-1,-1,-1
572,2626,627,444,45,119,1,-1,-1,-1
572,2628,664,548,78,129,1,-1,-1,-1
572,2688,187,389,50,99,1,-1,-1,-1
572,2689,49,492,52,120,1,-1,-1,-1
572,2709,28,395,32,110,1,-1,-1,-1
573,2611,1416,454,45,98,1,-1,-1,-1
573,2612,475,470,46,114,1,-1,-1,-1
573,2613,211,391,50,113,1,-1,-1,-1
573,2614,507,575,57,148,1,-1,-1,-1
573,2618,578,392,43,112,1,-1,-1,-1
573,2619,664,481,56,136,1,-1,-1,-1
573,2620,378,404,48,117,1,-1,-1,-1
573,2621,330,405,64,118,1,-1,-1,-1
573,2622,1424,497,97,89,1,-1,-1,-1
573,2623,537,407,35,116,1,-1,-1,-1
573,2625,680,434,34,115,1,-1,-1,-1
573,2626,628,443,44,118,1,-1,-1,-1
573,2628,676,546,78,130,1,-1,-1,-1
573,2688,190,389,50,99,1,-1,-1,-1
573,2689,48,492,53,121,1,-1,-1,-1
573,2709,32,395,33,110,1,-1,-1,-1
574,2611,1406,453,46,99,1,-1,-1,-1
574,2612,472,469,46,113,1,-1,-1,-1
574,2613,210,390,51,113,1,-1,-1,-1
574,2614,504,574,56,148,1,-1,-1,-1
574,2618,576,392,44,111,1,-1,-1,-1
574,2619,662,479,56,137,1,-1,-1,-1
574,2620,378,403,48,117,1,-1,-1,-1
574,2621,330,404,66,118,1,-1,-1,-1
574,2622,1422,494,96,91,1,-1,-1,-1
574,2623,536,406,35,116,1,-1,-1,-1
574,2625,678,433,32,115,1,-1,-1,-1
574,2626,629,442,45,118,1,-1,-1,-1
574,2628,689,545,77,129,1,-1,-1,-1
574,2688,193,388,50,100,1,-1,-1,-1
574,2689,47,492,54,120,1,-1,-1,-1
574,2709,36,395,34,110,1,-1,-1,-1
575,2611,1396,452,45,99,1,-1,-1,-1
575,2612,468,468,47,113,1,-1,-1,-1
575,2613,208,390,52,112,1,-1,-1,-1
575,2614,500,573,55,148,1,-1,-1,-1
575,2618,574,392,44,111,1,-1,-1,-1
575,2619,658,477,57,137,1,-1,-1,-1
575,2620,377,403,50,117,1,-1,-1,-1
575,2621,331,402,67,118,1,-1,-1,-1
575,2622,1417,490,99,94,1,-1,-1,-1
575,2623,533,406,35,116,1,-1,-1,-1
575,2625,673,433,33,114,1,-1,-1,-1
575,2626,630,440,45,118,1,-1,-1,-1
575,2628,709,542,77,130,1,-1,-1,-1
575,2688,198,388,50,99,1,-1,-1,-1
575,2689,47,492,54,120,1,-1,-1,-1
575,2709,43,394,35,110,1,-1,-1,-1
576,2611,1386,451,45,99,1,-1,-1,-1
576,2612,465,467,47,112,1,-1,-1,-1
576,2613,207,389,53,112,1,-1,-1,-1
576,2614,498,572,55,148,1,-1,-1,-1
576,2618,572,391,46,111,1,-1,-1,-1
576,2619,656,476,59,137,1,-1,-1,-1
576,2620,377,402,51,117,1,-1,-1,-1
576,2621,330,401,69,118,1,-1,-1,-1
576,2622,1415,489,99,94,1,-1,-1,-1
576,2623,532,405,35,116,1,-1,-1,-1
576,2625,671,432,33,114,1,-1,-1,-1
576,2626,629,439,47,118,1,-1,-1,-1
576,2628,716,540,77,130,1,-1,-1,-1
576,2688,200,388,51,99,1,-1,-1,-1
576,2689,46,491,55,121,1,-1,-1,-1
576,2709,46,394,36,110,1,-1,-1,-1
577,2611,1377,450,45,99,1,-1,-1,-1
577,2612,461,466,47,111,1,-1,-1,-1
577,2613,205,389,54,111,1,-1,-1,-1
577,2614,496,569,55,146,1,-1,-1,-1
577,2618,569,391,47,111,1,-1,-1,-1
577,2619,652,475,57,135,1,-1,-1,-1
577,2620,377,402,51,115,1,-1,-1,-1
577,2621,328,400,69,118,1,-1,-1,-1
577,2622,1402,485,98,95,1,-1,-1,-1
577,2623,529,405,36,116,1,-1,-1,-1
577,2625,667,432,32,111,1,-1,-1,-1
577,2626,627,438,46,117,1,-1,-1,-1
577,2628,723,538,76,129,1,-1,-1,-1
577,2688,206,388,50,98,1,-1,-1,-1
577,2689,50,491,55,119,1,-1,-1,-1
577,2709,55,394,38,110,1,-1,-1,-1
578,2611,1367,449,45,99,1,-1,-1,-1
578,2612,457,465,47,111,1,-1,-1,-1
578,2613,204,388,55,111,1,-1,-1,-1
578,2614,493,565,54,144,1,-1,-1,-1
578,2618,566,391,46,108,1,-1,-1,-1
578,2619,646,474,57,132,1,-1,-1,-1
578,2620,378,401,52,115,1,-1,-1,-1
578,2621,326,400,69,115,1,-1,-1,-1
578,2622,1385,481,96,95,1,-1,-1,-1
578,2623,526,405,35,113,1,-1,-1,-1
578,2625,661,431,31,108,1,-1,-1,-1
578,2626,623,437,46,115,1,-1,-1,-1
578,2628,731,534,75,127,1,-1,-1,-1
578,2688,213,388,50,97,1,-1,-1,-1
578,2689,56,489,55,117,1,-1,-1,-1
578,2709,67,394,38,108,1,-1,-1,-1
579,2611,1357,448,45,99,1,-1,-1,-1
579,2612,453,464,48,110,1,-1,-1,-1
579,2613,202,388,56,111,1,-1,-1,-1
579,2614,489,561,54,142,1,-1,-1,-1
579,2618,562,390,46,108,1,-1,-1,-1
579,2619,641,472,56,130,1,-1,-1,-1
579,2620,380,401,51,113,1,-1,-1,-1
579,2621,324,398,68,114,1,-1,-1,-1
579,2622,1366,477,93,94,1,-1,-1,-1
579,2623,522,404,34,113,1,-1,-1,-1
579,2625,655,430,30,105,1,-1,-1,-1
579,2626,619,436,46,113,1,-1,-1,-1
579,2628,738,530,73,125,1,-1,-1,-1
579,2688,221,387,49,96,1,-1,-1,-1
579,2689,62,488,55,116,1,-1,-1,-1
579,2709,81,395,38,107,1,-1,-1,-1
580,2611,1347,447,45,99,1,-1,-1,-1
580,2612,450,463,48,109,1,-1,-1,-1
580,2613,201,388,57,110,1,-1,-1,-1
580,2614,486,557,54,139,1,-1,-1,-1
580,2618,559,390,45,105,1,-1,-1,-1
580,2619,634,470,56,128,1,-1,-1,-1
580,2620,382,401,50,110,1,-1,-1,-1
580,2621,323,397,66,112,1,-1,-1,-1
580,2622,1346,473,92,94,1,-1,-1,-1
580,2623,518,404,34,111,1,-1,-1,-1
580,2625,649,429,29,102,1,-1,-1,-1
580,2626,616,435,46,111,1,-1,-1,-1
580,2628,745,526,72,122,1,-1,-1,-1
580,2688,229,387,48,95,1,-1,-1,-1
580,2689,69,487,53,114,1,-1,-1,-1
580,2709,94,396,39,106,1,-1,-1,-1
581,2611,1337,446,45,99,1,-1,-1,-1
581,2612,446,462,49,109,1,-1,-1,-1
581,2613,200,387,58,110,1,-1,-1,-1
581,2614,483,552,53,137,1,-1,-1,-1
581,2618,554,389,46,105,1,-1,-1,-1
581,2619,629,468,55,126,1,-1,-1,-1
581,2620,384,400,49,110,1,-1,-1,-1
581,2621,321,396,65,110,1,-1,-1,-1
581,2622,1326,469,90,94,1,-1,-1,-1
581,2623,514,403,34,110,1,-1,-1,-1
581,2625,642,428,29,99,1,-1,-1,-1
581,2626,612,434,45,109,1,-1,-1,-1
581,2628,753,522,70,120,1,-1,-1,-1
581,2688,237,386,47,94,1,-1,-1,-1
581,2689,75,486,53,111,1,-1,-1,-1
581,2709,107,396,40,105,1,-1,-1,-1
582,2611,1326,445,45,99,1,-1,-1,-1
582,2612,442,461,49,108,1,-1,-1,-1
582,2613,198,387,59,109,1,-1,-1,-1
582,2614,479,548,53,134,1,-1,-1,-1
582,2618,550,389,45,103,1,-1,-1,-1
582,2619,623,466,54,123,1,-1,-1,-1
582,2620,387,400,48,108,1,-1,-1,-1
582,2621,319,395,63,108,1,-1,-1,-1
582,2622,1304,464,88,94,1,-1,-1,-1
582,2623,510,403,33,109,1,-1,-1,-1
582,2625,636,427,28,95,1,-1,-1,-1
582,2626,608,432,45,107,1,-1,-1,-1
582,2628,762,518,67,117,1,-1,-1,-1
582,2688,245,386,47,92,1,-1,-1,-1
582,2689,83,484,52,110,1,-1,-1,-1
582,2709,122,397,41,103,1,-1,-1,-1
583,2611,1312,444,44,99,1,-1,-1,-1
583,2612,440,460,49,107,1,-1,-1,-1
583,2613,199,387,59,108,1,-1,-1,-1
583,2614,477,545,54,133,1,-1,-1,-1
583,2618,547,389,44,101,1,-1,-1,-1
583,2619,617,464,53,121,1,-1,-1,-1
583,2620,387,400,47,106,1,-1,-1,-1
583,2621,318,394,61,107,1,-1,-1,-1
583,2622,1285,461,87,94,1,-1,-1,-1
583,2623,507,403,32,107,1,-1,-1,-1
583,2625,630,426,26,92,1,-1,-1,-1
583,2626,604,431,45,106,1,-1,-1,-1
583,2628,765,515,67,115,1,-1,-1,-1
583,2688,250,386,46,91,1,-1,-1,-1
583,2689,88,483,51,107,1,-1,-1,-1
583,2709,133,398,41,102,1,-1,-1,-1
584,2611,1295,444,43,98,1,-1,-1,-1
584,2612,438,461,50,106,1,-1,-1,-1
584,2613,201,388,60,107,1,-1,-1,-1
584,2614,476,543,53,131,1,-1,-1,-1
584,2618,543,388,43,101,1,-1,-1,-1
584,2619,611,463,52,117,1,-1,-1,-1
584,2620,388,399,46,105,1,-1,-1,-1
584,2621,318,394,59,106,1,-1,-1,-1
584,2622,1266,460,84,92,1,-1,-1,-1
584,2623,503,402,32,106,1,-1,-1,-1
584,2625,623,425,26,88,1,-1,-1,-1
584,2626,600,429,44,105,1,-1,-1,-1
584,2628,768,511,65,113,1,-1,-1,-1
584,2688,254,386,45,91,1,-1,-1,-1
584,2689,92,482,50,105,1,-1,-1,-1
584,2709,143,400,42,100,1,-1,-1,-1
585,2611,1276,444,43,97,1,-1,-1,-1
585,2612,437,461,50,105,1,-1,-1,-1
585,2613,203,389,60,106,1,-1,-1,-1
585,2614,474,541,54,129,1,-1,-1,-1
585,2618,540,388,42,98,1,-1,-1,-1
585,2619,606,461,51,115,1,-1,-1,-1
585,2620,389,399,44,103,1,-1,-1,-1
585,2621,317,394,58,104,1,-1,-1,-1
585,2622,1247,458,82,92,1,-1,-1,-1
585,2623,499,402,32,104,1,-1,-1,-1
585,2625,617,424,26,85,1,-1,-1,-1
585,2626,597,428,43,103,1,-1,-1,-1
585,2628,770,507,63,111,1,-1,-1,-1
585,2688,258,386,44,90,1,-1,-1,-1
585,2689,97,481,49,103,1,-1,-1,-1
585,2709,152,401,43,99,1,-1,-1,-1
586,2611,1257,443,43,96,1,-1,-1,-1
586,2612,436,461,49,104,1,-1,-1,-1
586,2613,205,390,60,105,1,-1,-1,-1
586,2614,473,540,53,128,1,-1,-1,-1
586,2618,536,387,42,98,1,-1,-1,-1
586,2619,600,459,50,112,1,-1,-1,-1
586,2620,389,399,43,101,1,-1,-1,-1
586,2621,317,394,55,103,1,-1,-1,-1
586,2622,1227,456,80,92,1,-1,-1,-1
586,2623,496,401,31,103,1,-1,-1,-1
586,2625,611,422,25,82,1,-1,-1,-1
586,2626,593,427,43,101,1,-1,-1,-1
586,2628,771,503,62,108,1,-1,-1,-1
586,2688,261,387,43,88,1,-1,-1,-1
586,2689,102,479,48,102,1,-1,-1,-1
586,2709,163,402,42,98,1,-1,-1,-1
587,2611,1238,443,42,95,1,-1,-1,-1
587,2612,435,461,49,103,1,-1,-1,-1
587,2613,208,391,60,104,1,-1,-1,-1
587,2614,471,538,54,126,1,-1,-1,-1
587,2618,533,387,40,95,1,-1,-1,-1
587,2619,594,457,49,111,1,-1,-1,-1
587,2620,390,398,42,101,1,-1,-1,-1
587,2621,316,394,54,101,1,-1,-1,-1
587,2622,1208,455,77,92,1,-1,-1,-1
587,2623,492,401,30,101,1,-1,-1,-1
587,2625,604,421,25,79,1,-1,-1,-1
587,2626,589,426,43,99,1,-1,-1,-1
587,2628,772,499,60,106,1,-1,-1,-1
587,2688,265,387,42,87,1,-1,-1,-1
587,2689,106,478,47,100,1,-1,-1,-1
587,2709,172,404,44,96,1,-1,-1,-1
588,2611,1213,443,41,94,1,-1,-1,-1
588,2612,434,461,50,102,1,-1,-1,-1
588,2613,210,392,60,102,1,-1,-1,-1
588,2614,470,537,53,125,1,-1,-1,-1
588,2618,529,386,39,94,1,-1,-1,-1
588,2619,587,455,47,107,1,-1,-1,-1
588,2620,391,398,39,97,1,-1,-1,-1
588,2621,315,394,53,99,1,-1,-1,-1
588,2622,1182,452,76,92,1,-1,-1,-1
588,2623,487,401,30,99,1,-1,-1,-1
588,2625,597,420,23,74,1,-1,-1,-1
588,2626,584,424,42,97,1,-1,-1,-1
588,2628,774,494,58,104,1,-1,-1,-1
588,2688,269,388,41,86,1,-1,-1,-1
588,2689,112,476,46,98,1,-1,-1,-1
588,2709,182,405,44,95,1,-1,-1,-1
589,2611,1202,443,40,92,1,-1,-1,-1
589,2612,433,461,49,101,1,-1,-1,-1
589,2613,213,393,59,101,1,-1,-1,-1
589,2614,468,535,53,123,1,-1,-1,-1
589,2618,528,386,38,93,1,-1,-1,-1
589,2619,585,454,46,106,1,-1,-1,-1
589,2620,392,398,38,97,1,-1,-1,-1
589,2621,316,394,51,98,1,-1,-1,-1
589,2622,1170,452,73,91,1,-1,-1,-1
589,2623,485,401,30,98,1,-1,-1,-1
589,2625,593,419,23,74,1,-1,-1,-1
589,2626,583,424,41,96,1,-1,-1,-1
589,2628,776,492,57,102,1,-1,-1,-1
589,2688,273,388,40,87,1,-1,-1,-1
589,2689,117,476,45,96,1,-1,-1,-1
589,2709,192,407,44,94,1,-1,-1,-1
590,2611,1191,444,41,92,1,-1,-1,-1
590,2612,432,461,50,100,1,-1,-1,-1
590,2613,215,394,59,100,1,-1,-1,-1
590,2614,467,534,52,122,1,-1,-1,-1
590,2618,528,388,38,91,1,-1,-1,-1
590,2619,583,454,45,104,1,-1,-1,-1
590,2620,394,399,37,96,1,-1,-1,-1
590,2621,319,396,50,96,1,-1,-1,-1
590,2622,1159,452,70,91,1,-1,-1,-1
590,2623,485,402,29,97,1,-1,-1,-1
590,2625,590,420,24,74,1,-1,-1,-1
590,2626,583,424,41,94,1,-1,-1,-1
590,2628,779,491,55,101,1,-1,-1,-1
590,2688,278,389,40,87,1,-1,-1,-1
590,2689,123,477,45,95,1,-1,-1,-1
590,2709,202,408,43,93,1,-1,-1,-1
591,2611,1182,444,40,91,1,-1,-1,-1
591,2612,432,462,48,98,1,-1,-1,-1
591,2613,218,395,58,99,1,-1,-1,-1
591,2614,466,532,51,121,1,-1,-1,-1
591,2618,529,389,37,90,1,-1,-1,-1
591,2619,582,454,45,103,1,-1,-1,-1
591,2620,397,401,36,94,1,-1,-1,-1
591,2621,322,397,49,94,1,-1,-1,-1
591,2622,1148,452,69,90,1,-1,-1,-1
591,2623,485,403,29,96,1,-1,-1,-1
591,2625,588,421,24,74,1,-1,-1,-1
591,2626,584,425,40,92,1,-1,-1,-1
591,2628,781,490,55,99,1,-1,-1,-1
591,2688,285,391,39,87,1,-1,-1,-1
591,2689,130,477,44,94,1,-1,-1,-1
591,2709,212,409,43,92,1,-1,-1,-1
592,2611,1174,445,38,90,1,-1,-1,-1
592,2612,431,462,48,97,1,-1,-1,-1
592,2613,221,396,58,98,1,-1,-1,-1
592,2614,465,531,51,119,1,-1,-1,-1
592,2618,530,391,36,89,1,-1,-1,-1
592,2619,581,454,44,102,1,-1,-1,-1
592,2620,400,402,35,93,1,-1,-1,-1
592,2621,324,398,48,93,1,-1,-1,-1
592,2622,1138,452,66,89,1,-1,-1,-1
592,2623,485,404,29,94,1,-1,-1,-1
592,2625,587,422,24,75,1,-1,-1,-1
592,2626,585,426,39,90,1,-1,-1,-1
592,2628,784,490,54,97,1,-1,-1,-1
592,2688,292,392,39,87,1,-1,-1,-1
592,2689,137,478,43,93,1,-1,-1,-1
592,2709,222,411,44,90,1,-1,-1,-1
593,2611,1166,446,38,89,1,-1,-1,-1
593,2612,430,462,48,96,1,-1,-1,-1
593,2613,224,397,56,96,1,-1,-1,-1
593,2614,464,529,50,118,1,-1,-1,-1
593,2618,531,392,35,88,1,-1,-1,-1
593,2619,581,455,43,100,1,-1,-1,-1
593,2620,403,403,34,92,1,-1,-1,-1
593,2621,328,399,46,91,1,-1,-1,-1
593,2622,1127,453,64,87,1,-1,-1,-1
593,2623,486,405,28,93,1,-1,-1,-1
593,2625,585,423,24,76,1,-1,-1,-1
593,2626,585,426,38,89,1,-1,-1,-1
593,2628,787,489,52,96,1,-1,-1,-1
593,2688,298,394,39,86,1,-1,-1,-1
593,2689,144,479,43,92,1,-1,-1,-1
593,2709,232,412,44,89,1,-1,-1,-1
594,2611,1157,446,38,88,1,-1,-1,-1
594,2612,429,462,48,95,1,-1,-1,-1
594,2613,227,398,55,95,1,-1,-1,-1
594,2614,462,528,50,115,1,-1,-1,-1
594,2618,533,393,34,87,1,-1,-1,-1
594,2619,580,455,42,100,1,-1,-1,-1
594,2620,406,405,33,91,1,-1,-1,-1
594,2621,331,400,45,90,1,-1,-1,-1
594,2622,1116,453,63,86,1,-1,-1,-1
594,2623,486,406,28,92,1,-1,-1,-1
594,2625,583,424,25,76,1,-1,-1,-1
594,2626,586,427,37,87,1,-1,-1,-1
594,2628,790,488,52,95,1,-1,-1,-1
594,2688,305,396,38,85,1,-1,-1,-1
594,2689,151,480,43,91,1,-1,-1,-1
594,2709,242,414,44,87,1,-1,-1,-1
595,2611,1148,447,38,87,1,-1,-1,-1
595,2612,428,462,48,94,1,-1,-1,-1
595,2613,229,399,55,94,1,-1,-1,-1
595,2614,461,526,49,114,1,-1,-1,-1
595,2618,534,395,33,85,1,-1,-1,-1
595,2619,579,455,42,99,1,-1,-1,-1
595,2620,409,406,32,89,1,-1,-1,-1
595,2621,334,401,44,88,1,-1,-1,-1
595,2622,1106,454,61,85,1,-1,-1,-1
595,2623,486,407,28,90,1,-1,-1,-1
595,2625,582,425,24,77,1,-1,-1,-1
595,2626,587,427,36,85,1,-1,-1,-1
595,2628,793,487,51,93,1,-1,-1,-1
595,2688,312,398,38,85,1,-1,-1,-1
595,2689,158,480,42,90,1,-1,-1,-1
595,2709,252,415,43,87,1,-1,-1,-1
596,2611,1140,447,36,87,1,-1,-1,-1
596,2612,427,462,48,93,1,-1,-1,-1
596,2613,233,400,54,93,1,-1,-1,-1
596,2614,460,524,48,113,1,-1,-1,-1
596,2618,535,396,33,84,1,-1,-1,-1
596,2619,578,455,41,98,1,-1,-1,-1
596,2620,412,407,31,88,1,-1,-1,-1
596,2621,337,402,42,86,1,-1,-1,-1
596,2622,1095,454,60,84,1,-1,-1,-1
596,2623,487,408,27,89,1,-1,-1,-1
596,2625,580,426,25,77,1,-1,-1,-1
596,2626,588,428,35,84,1,-1,-1,-1
596,2628,795,487,51,91,1,-1,-1,-1
596,2688,320,400,37,84,1,-1,-1,-1
596,2689,165,481,42,88,1,-1,-1,-1
596,2709,262,417,43,85,1,-1,-1,-1
597,2611,1131,448,36,85,1,-1,-1,-1
597,2612,426,462,47,92,1,-1,-1,-1
597,2613,236,401,53,91,1,-1,-1,-1
597,2614,459,523,48,111,1,-1,-1,-1
597,2618,536,398,32,83,1,-1,-1,-1
597,2619,577,455,41,97,1,-1,-1,-1
597,2620,414,408,31,87,1,-1,-1,-1
597,2621,341,404,40,85,1,-1,-1,-1
597,2622,1084,454,59,83,1,-1,-1,-1
597,2623,487,409,27,88,1,-1,-1,-1
597,2625,578,426,25,78,1,-1,-1,-1
597,2626,590,429,34,82,1,-1,-1,-1
597,2628,798,486,50,90,1,-1,-1,-1
597,2688,326,402,37,83,1,-1,-1,-1
597,2689,173,482,41,87,1,-1,-1,-1
597,2709,272,418,43,84,1,-1,-1,-1
598,2611,1122,449,35,84,1,-1,-1,-1
598,2612,425,463,47,91,1,-1,-1,-1
598,2613,239,402,52,90,1,-1,-1,-1
598,2614,458,522,47,109,1,-1,-1,-1
598,2618,537,399,31,82,1,-1,-1,-1
598,2619,576,455,40,96,1,-1,-1,-1
598,2620,417,410,30,86,1,-1,-1,-1
598,2621,344,405,38,83,1,-1,-1,-1
598,2622,1073,454,58,82,1,-1,-1,-1
598,2623,487,410,27,86,1,-1,-1,-1
598,2625,576,427,25,79,1,-1,-1,-1
598,2626,591,429,33,81,1,-1,-1,-1
598,2628,802,485,49,89,1,-1,-1,-1
598,2688,333,404,36,83,1,-1,-1,-1
598,2689,180,483,40,86,1,-1,-1,-1
598,2709,282,420,42,82,1,-1,-1,-1
599,2611,1113,449,35,84,1,-1,-1,-1
599,2612,423,463,47,90,1,-1,-1,-1
599,2613,242,404,51,89,1,-1,-1,-1
599,2614,456,520,46,108,1,-1,-1,-1
599,2618,539,400,30,81,1,-1,-1,-1
599,2619,575,455,40,95,1,-1,-1,-1
599,2620,421,411,28,85,1,-1,-1,-1
599,2621,347,406,38,82,1,-1,-1,-1
599,2622,1062,454,57,81,1,-1,-1,-1
599,2623,487,411,27,85,1,-1,-1,-1
599,2625,574,428,25,79,1,-1,-1,-1
599,2626,592,430,31,79,1,-1,-1,-1
599,2628,804,484,48,87,1,-1,-1,-1
599,2688,341,405,35,83,1,-1,-1,-1
599,2689,187,483,40,85,1,-1,-1,-1
599,2709,292,421,43,81,1,-1,-1,-1
600,2611,1105,450,34,82,1,-1,-1,-1
600,2612,422,463,47,89,1,-1,-1,-1
600,2613,245,405,50,88,1,-1,-1,-1
600,2614,454,518,45,105,1,-1,-1,-1
600,2618,541,403,29,78,1,-1,-1,-1
600,2619,573,456,39,93,1,-1,-1,-1
600,2620,425,414,28,82,1,-1,-1,-1
600,2621,352,409,37,81,1,-1,-1,-1
600,2622,1044,455,55,79,1,-1,-1,-1
600,2623,487,413,27,83,1,-1,-1,-1
600,2625,572,430,25,79,1,-1,-1,-1
600,2626,593,431,30,76,1,-1,-1,-1
600,2628,808,483,48,85,1,-1,-1,-1
600,2688,352,408,34,80,1,-1,-1,-1
600,2689,198,485,40,83,1,-1,-1,-1
600,2709,309,423,42,79,1,-1,-1,-1
601,2611,1096,451,34,81,1,-1,-1,-1
601,2612,422,464,46,88,1,-1,-1,-1
601,2613,248,406,48,87,1,-1,-1,-1
601,2614,454,517,44,104,1,-1,-1,-1
601,2618,541,404,29,77,1,-1,-1,-1
601,2619,573,456,38,92,1,-1,-1,-1
601,2620,427,415,27,81,1,-1,-1,-1
601,2621,354,410,36,80,1,-1,-1,-1
601,2622,1037,455,55,79,1,-1,-1,-1
601,2623,487,414,27,81,1,-1,-1,-1
601,2625,571,430,24,80,1,-1,-1,-1
601,2626,594,431,29,75,1,-1,-1,-1
601,2628,810,482,48,84,1,-1,-1,-1
601,2688,356,409,33,79,1,-1,-1,-1
601,2689,203,485,39,83,1,-1,-1,-1
601,2709,315,424,42,78,1,-1,-1,-1
601,2710,0,441,26,87,1,-1,-1,-1
602,2611,1087,452,33,80,1,-1,-1,-1
602,2612,421,464,45,86,1,-1,-1,-1
602,2613,250,407,48,86,1,-1,-1,-1
602,2614,455,516,43,103,1,-1,-1,-1
602,2618,543,405,29,76,1,-1,-1,-1
602,2619,574,456,38,92,1,-1,-1,-1
602,2620,429,415,27,81,1,-1,-1,-1
602,2621,356,410,35,78,1,-1,-1,-1
602,2622,1030,455,53,78,1,-1,-1,-1
602,2623,488,414,27,82,1,-1,-1,-1
602,2625,570,431,25,80,1,-1,-1,-1
602,2626,595,432,28,75,1,-1,-1,-1
602,2628,813,481,47,84,1,-1,-1,-1
602,2688,363,410,33,80,1,-1,-1,-1
602,2689,208,486,40,82,1,-1,-1,-1
602,2709,325,425,41,76,1,-1,-1,-1
602,2710,6,441,26,87,1,-1,-1,-1
603,2611,1078,452,33,79,1,-1,-1,-1
603,2612,420,464,45,85,1,-1,-1,-1
603,2613,253,408,47,84,1,-1,-1,-1
603,2614,456,516,43,101,1,-1,-1,-1
603,2618,546,406,28,76,1,-1,-1,-1
603,2619,575,456,37,91,1,-1,-1,-1
603,2620,433,416,26,80,1,-1,-1,-1
603,2621,358,411,33,77,1,-1,-1,-1
603,2622,1022,455,53,77,1,-1,-1,-1
603,2623,490,415,27,81,1,-1,-1,-1
603,2625,572,431,24,80,1,-1,-1,-1
603,2626,597,433,28,74,1,-1,-1,-1
603,2628,817,480,47,83,1,-1,-1,-1
603,2688,369,412,33,78,1,-1,-1,-1
603,2689,214,486,39,82,1,-1,-1,-1
603,2709,337,426,40,74,1,-1,-1,-1
603,2710,18,442,26,85,1,-1,-1,-1
604,2611,1070,453,32,78,1,-1,-1,-1
604,2612,419,464,45,84,1,-1,-1,-1
604,2613,256,409,46,83,1,-1,-1,-1
604,2614,458,515,42,100,1,-1,-1,-1
604,2618,548,407,27,75,1,-1,-1,-1
604,2619,576,456,37,90,1,-1,-1,-1
604,2620,436,416,27,80,1,-1,-1,-1
604,2621,360,411,32,77,1,-1,-1,-1
604,2622,1014,455,52,77,1,-1,-1,-1
604,2623,492,416,27,80,1,-1,-1,-1
604,2625,572,432,24,79,1,-1,-1,-1
604,2626,598,433,28,74,1,-1,-1,-1
604,2628,821,478,46,82,1,-1,-1,-1
604,2688,376,413,33,77,1,-1,-1,-1
604,2689,220,487,40,82,1,-1,-1,-1
604,2709,349,427,40,72,1,-1,-1,-1
604,2710,23,443,26,84,1,-1,-1,-1
605,2611,1061,453,31,77,1,-1,-1,-1
605,2612,418,464,44,83,1,-1,-1,-1
605,2613,259,410,44,82,1,-1,-1,-1
605,2614,460,514,41,98,1,-1,-1,-1
605,2618,551,407,27,75,1,-1,-1,-1
605,2619,578,456,36,89,1,-1,-1,-1
605,2620,439,417,26,79,1,-1,-1,-1
605,2621,362,412,32,77,1,-1,-1,-1
605,2622,1006,455,52,76,1,-1,-1,-1
605,2623,494,416,27,80,1,-1,-1,-1
605,2625,572,432,25,78,1,-1,-1,-1
605,2626,600,433,27,75,1,-1,-1,-1
605,2628,825,476,47,82,1,-1,-1,-1
605,2688,384,414,31,76,1,-1,-1,-1
605,2689,227,488,39,81,1,-1,-1,-1
605,2709,362,428,39,70,1,-1,-1,-1
605,2710,30,442,27,85,1,-1,-1,-1
605,2711,1,547,10,97,1,-1,-1,-1
606,2611,1052,454,31,76,1,-1,-1,-1
606,2612,417,464,45,82,1,-1,-1,-1
606,2613,262,411,43,81,1,-1,-1,-1
606,2614,461,514,41,97,1,-1,-1,-1
606,2618,553,408,27,74,1,-1,-1,-1
606,2619,580,456,35,88,1,-1,-1,-1
606,2620,442,417,26,79,1,-1,-1,-1
606,2621,364,413,31,76,1,-1,-1,-1
606,2622,998,455,51,76,1,-1,-1,-1
606,2623,496,417,27,79,1,-1,-1,-1
606,2625,573,432,24,78,1,-1,-1,-1
606,2626,602,434,26,74,1,-1,-1,-1
606,2628,830,474,46,82,1,-1,-1,-1
606,2688,391,415,31,75,1,-1,-1,-1
606,2689,233,488,39,81,1,-1,-1,-1
606,2709,376,429,37,68,1,-1,-1,-1
606,2710,39,441,27,84,1,-1,-1,-1
606,2711,4,545,11,98,1,-1,-1,-1
607,2611,1042,455,30,75,1,-1,-1,-1
607,2612,416,465,44,80,1,-1,-1,-1
607,2613,266,412,42,79,1,-1,-1,-1
607,2614,463,513,40,95,1,-1,-1,-1
607,2618,556,409,27,73,1,-1,-1,-1
607,2619,581,456,35,87,1,-1,-1,-1
607,2620,446,418,26,78,1,-1,-1,-1
607,2621,367,415,30,76,1,-1,-1,-1
607,2622,990,455,50,75,1,-1,-1,-1
607,2623,499,417,26,79,1,-1,-1,-1
607,2625,573,433,24,77,1,-1,-1,-1
607,2626,604,434,27,74,1,-1,-1,-1
607,2628,835,472,45,81,1,-1,-1,-1
607,2688,399,416,30,73,1,-1,-1,-1
607,2689,241,489,38,81,1,-1,-1,-1
607,2709,390,430,36,65,1,-1,-1,-1
607,2710,45,441,27,83,1,-1,-1,-1
607,2711,10,543,11,99,1,-1,-1,-1
608,2611,1035,455,30,75,1,-1,-1,-1
608,2612,414,465,44,80,1,-1,-1,-1
608,2613,267,413,41,78,1,-1,-1,-1
608,2614,462,513,39,95,1,-1,-1,-1
608,2618,557,409,26,73,1,-1,-1,-1
608,2619,581,456,35,87,1,-1,-1,-1
608,2620,446,419,26,77,1,-1,-1,-1
608,2621,366,416,30,75,1,-1,-1,-1
608,2622,982,455,48,75,1,-1,-1,-1
608,2623,498,418,26,78,1,-1,-1,-1
608,2625,572,433,24,76,1,-1,-1,-1
608,2626,604,434,27,74,1,-1,-1,-1
608,2628,836,470,45,81,1,-1,-1,-1
608,2688,403,416,30,72,1,-1,-1,-1
608,2689,243,490,38,80,1,-1,-1,-1
608,2709,397,431,35,64,1,-1,-1,-1
608,2710,47,441,28,82,1,-1,-1,-1
608,2711,11,542,12,99,1,-1,-1,-1
609,2611,1028,456,30,74,1,-1,-1,-1
609,2612,411,465,44,80,1,-1,-1,-1
609,2613,266,413,41,78,1,-1,-1,-1
609,2614,460,512,38,94,1,-1,-1,-1
609,2618,556,409,26,73,1,-1,-1,-1
609,2619,579,456,34,86,1,-1,-1,-1
609,2620,446,419,26,77,1,-1,-1,-1
609,2621,365,416,29,75,1,-1,-1,-1
609,2622,973,455,48,74,1,-1,-1,-1
609,2623,497,418,26,78,1,-1,-1,-1
609,2625,571,433,23,76,1,-1,-1,-1
609,2626,603,434,27,74,1,-1,-1,-1
609,2628,837,469,44,81,1,-1,-1,-1
609,2688,407,417,29,71,1,-1,-1,-1
609,2689,245,490,37,80,1,-1,-1,-1
609,2709,401,432,36,65,1,-1,-1,-1
609,2710,49,441,28,82,1,-1,-1,-1
609,2711,14,540,13,100,1,-1,-1,-1
609,2712,1903,572,14,90,1,-1,-1,-1
610,2611,1022,456,30,73,1,-1,-1,-1
610,2612,407,465,45,80,1,-1,-1,-1
610,2613,266,414,40,77,1,-1,-1,-1
610,2614,457,511,38,94,1,-1,-1,-1
610,2618,555,409,26,72,1,-1,-1,-1
610,2619,577,456,34,85,1,-1,-1,-1
610,2620,444,419,27,77,1,-1,-1,-1
610,2621,364,416,29,74,1,-1,-1,-1
610,2622,965,455,47,73,1,-1,-1,-1
610,2623,495,418,27,78,1,-1,-1,-1
610,2625,568,433,24,75,1,-1,-1,-1
610,2626,602,433,26,75,1,-1,-1,-1
610,2628,836,468,44,80,1,-1,-1,-1
610,2688,409,417,28,70,1,-1,-1,-1
610,2689,245,490,37,80,1,-1,-1,-1
610,2709,406,432,36,65,1,-1,-1,-1
610,2710,51,441,28,81,1,-1,-1,-1
610,2711,16,539,15,99,1,-1,-1,-1
610,2712,1902,569,15,93,1,-1,-1,-1
611,2611,1014,456,31,73,1,-1,-1,-1
611,2612,404,465,45,80,1,-1,-1,-1
611,2613,266,414,40,77,1,-1,-1,-1
611,2614,454,511,38,94,1,-1,-1,-1
611,2618,554,409,26,72,1,-1,-1,-1
611,2619,575,455,33,84,1,-1,-1,-1
611,2620,443,420,27,76,1,-1,-1,-1
611,2621,362,416,29,74,1,-1,-1,-1
611,2622,957,455,46,73,1,-1,-1,-1
611,2623,493,419,27,77,1,-1,-1,-1
611,2625,566,433,23,74,1,-1,-1,-1
611,2626,601,433,26,74,1,-1,-1,-1
611,2628,836,467,43,80,1,-1,-1,-1
611,2688,411,418,28,69,1,-1,-1,-1
611,2689,246,490,37,79,1,-1,-1,-1
611,2709,409,433,37,66,1,-1,-1,-1
611,2710,52,441,29,81,1,-1,-1,-1
611,2711,17,539,16,98,1,-1,-1,-1
611,2712,1898,568,16,95,1,-1,-1,-1
612,2611,1007,456,31,72,1,-1,-1,-1
612,2612,401,465,44,80,1,-1,-1,-1
612,2613,266,414,39,77,1,-1,-1,-1
612,2614,451,510,38,94,1,-1,-1,-1
612,2618,553,409,25,71,1,-1,-1,-1
612,2619,573,455,33,83,1,-1,-1,-1
612,2620,441,420,27,76,1,-1,-1,-1
612,2621,360,416,28,73,1,-1,-1,-1
612,2622,949,455,45,72,1,-1,-1,-1
612,2623,491,419,27,76,1,-1,-1,-1
612,2625,564,433,22,74,1,-1,-1,-1
612,2626,600,433,26,74,1,-1,-1,-1
612,2628,835,466,42,80,1,-1,-1,-1
612,2688,414,418,27,68,1,-1,-1,-1
612,2689,246,490,36,79,1,-1,-1,-1
612,2709,413,434,37,66,1,-1,-1,-1
612,2710,54,441,28,80,1,-1,-1,-1
612,2711,19,538,17,98,1,-1,-1,-1
612,2712,1886,566,17,96,1,-1,-1,-1
613,2611,999,456,30,72,1,-1,-1,-1
613,2612,397,466,45,79,1,-1,-1,-1
613,2613,265,414,39,77,1,-1,-1,-1
613,2614,447,510,38,92,1,-1,-1,-1
613,2618,551,409,25,70,1,-1,-1,-1
613,2619,571,455,31,82,1,-1,-1,-1
613,2620,439,421,27,74,1,-1,-1,-1
613,2621,357,416,29,73,1,-1,-1,-1
613,2622,939,455,43,72,1,-1,-1,-1
613,2623,489,419,27,76,1,-1,-1,-1
613,2625,561,433,21,73,1,-1,-1,-1
613,2626,598,433,26,74,1,-1,-1,-1
613,2628,834,465,41,79,1,-1,-1,-1
613,2688,417,419,27,66,1,-1,-1,-1
613,2689,247,490,35,79,1,-1,-1,-1
613,2709,417,434,37,67,1,-1,-1,-1
613,2710,56,442,29,79,1,-1,-1,-1
613,2711,22,537,19,99,1,-1,-1,-1
613,2712,1874,564,18,96,1,-1,-1,-1
614,2611,993,457,32,71,1,-1,-1,-1
614,2612,394,466,46,79,1,-1,-1,-1
614,2613,265,414,37,78,1,-1,-1,-1
614,2614,446,509,37,93,1,-1,-1,-1
614,2618,550,409,25,70,1,-1,-1,-1
614,2619,569,455,31,81,1,-1,-1,-1
614,2620,438,421,27,74,1,-1,-1,-1
614,2621,356,416,28,72,1,-1,-1,-1
614,2622,933,455,44,71,1,-1,-1,-1
614,2623,487,420,26,75,1,-1,-1,-1
614,2625,559,433,21,73,1,-1,-1,-1
614,2626,597,433,25,74,1,-1,-1,-1
614,2628,834,465,41,79,1,-1,-1,-1
614,2688,419,419,26,66,1,-1,-1,-1
614,2689,246,490,35,78,1,-1,-1,-1
614,2709,421,435,37,67,1,-1,-1,-1
614,2710,57,442,29,78,1,-1,-1,-1
614,2711,23,537,20,98,1,-1,-1,-1
614,2712,1869,563,19,96,1,-1,-1,-1
615,2611,989,457,32,71,1,-1,-1,-1
615,2612,390,466,46,80,1,-1,-1,-1
615,2613,263,415,38,77,1,-1,-1,-1
615,2614,444,508,37,93,1,-1,-1,-1
615,2618,549,409,25,69,1,-1,-1,-1
615,2619,567,454,32,82,1,-1,-1,-1
615,2620,436,421,28,74,1,-1,-1,-1
615,2621,355,416,27,72,1,-1,-1,-1
615,2622,927,455,43,71,1,-1,-1,-1
615,2623,485,420,26,75,1,-1,-1,-1
615,2625,557,433,21,73,1,-1,-1,-1
615,2626,596,433,25,74,1,-1,-1,-1
615,2628,834,465,40,78,1,-1,-1,-1
615,2688,421,419,25,65,1,-1,-1,-1
615,2689,246,490,34,78,1,-1,-1,-1
615,2709,424,436,38,67,1,-1,-1,-1
615,2710,58,442,29,78,1,-1,-1,-1
615,2711,24,537,22,97,1,-1,-1,-1
615,2712,1865,563,21,95,1,-1,-1,-1
616,2611,984,457,32,71,1,-1,-1,-1
616,2612,387,466,46,80,1,-1,-1,-1
616,2613,262,415,37,77,1,-1,-1,-1
616,2614,442,508,37,92,1,-1,-1,-1
616,2618,549,409,24,69,1,-1,-1,-1
616,2619,565,454,32,82,1,-1,-1,-1
616,2620,433,422,28,73,1,-1,-1,-1
616,2621,353,416,27,72,1,-1,-1,-1
616,2622,922,455,42,71,1,-1,-1,-1
616,2623,483,420,26,75,1,-1,-1,-1
616,2625,555,434,21,72,1,-1,-1,-1
616,2626,595,433,25,73,1,-1,-1,-1
616,2628,834,465,39,77,1,-1,-1,-1
616,2688,423,420,25,65,1,-1,-1,-1
616,2689,246,490,34,77,1,-1,-1,-1
616,2709,429,436,37,68,1,-1,-1,-1
616,2710,59,442,29,78,1,-1,-1,-1
616,2711,24,537,24,97,1,-1,-1,-1
616,2712,1862,563,22,95,1,-1,-1,-1
617,2611,979,457,32,72,1,-1,-1,-1
617,2612,384,467,46,79,1,-1,-1,-1
617,2613,260,415,36,77,1,-1,-1,-1
617,2614,439,508,37,92,1,-1,-1,-1
617,2618,548,409,25,70,1,-1,-1,-1
617,2619,563,454,32,82,1,-1,-1,-1
617,2620,431,422,29,73,1,-1,-1,-1
617,2621,351,416,28,72,1,-1,-1,-1
617,2622,916,455,43,71,1,-1,-1,-1
617,2623,481,421,26,74,1,-1,-1,-1
617,2625,553,434,21,71,1,-1,-1,-1
617,2626,594,433,26,73,1,-1,-1,-1
617,2628,834,465,39,77,1,-1,-1,-1
617,2688,424,420,25,65,1,-1,-1,-1
617,2689,246,490,33,78,1,-1,-1,-1
617,2709,432,437,38,69,1,-1,-1,-1
617,2710,60,442,30,78,1,-1,-1,-1
617,2711,26,536,24,97,1,-1,-1,-1
617,2712,1859,563,23,95,1,-1,-1,-1
618,2611,974,458,33,71,1,-1,-1,-1
618,2612,380,467,47,79,1,-1,-1,-1
618,2613,258,415,36,78,1,-1,-1,-1
618,2614,437,508,37,91,1,-1,-1,-1
618,2618,547,410,25,69,1,-1,-1,-1
618,2619,562,454,31,82,1,-1,-1,-1
618,2620,429,422,29,74,1,-1,-1,-1
618,2621,349,417,28,71,1,-1,-1,-1
618,2622,911,455,42,71,1,-1,-1,-1
618,2623,478,421,26,74,1,-1,-1,-1
618,2625,551,434,20,72,1,-1,-1,-1
618,2626,594,433,25,73,1,-1,-1,-1
618,2628,834,465,38,76,1,-1,-1,-1
618,2688,426,420,25,65,1,-1,-1,-1
618,2689,246,491,33,77,1,-1,-1,-1
618,2709,436,438,38,69,1,-1,-1,-1
618,2710,61,442,31,77,1,-1,-1,-1
618,2711,27,536,26,97,1,-1,-1,-1
618,2712,1856,563,24,94,1,-1,-1,-1
619,2611,969,458,32,71,1,-1,-1,-1
619,2612,377,467,47,79,1,-1,-1,-1
619,2613,256,415,36,78,1,-1,-1,-1
619,2614,435,507,37,92,1,-1,-1,-1
619,2618,546,410,25,69,1,-1,-1,-1
619,2619,560,454,32,82,1,-1,-1,-1
619,2620,428,423,28,73,1,-1,-1,-1
619,2621,348,417,27,71,1,-1,-1,-1
619,2622,905,455,42,71,1,-1,-1,-1
619,2623,476,421,26,73,1,-1,-1,-1
619,2625,549,435,20,71,1,-1,-1,-1
619,2626,593,433,25,73,1,-1,-1,-1
619,2628,834,465,38,75,1,-1,-1,-1
619,2688,428,420,25,65,1,-1,-1,-1
619,2689,246,491,32,76,1,-1,-1,-1
619,2709,440,439,39,68,1,-1,-1,-1
619,2710,62,442,31,77,1,-1,-1,-1
619,2711,28,536,27,96,1,-1,-1,-1
619,2712,1853,562,25,94,1,-1,-1,-1
620,2611,965,458,32,72,1,-1,-1,-1
620,2612,374,467,47,80,1,-1,-1,-1
620,2613,254,416,35,77,1,-1,-1,-1
620,2614,433,507,36,91,1,-1,-1,-1
620,2618,545,410,25,69,1,-1,-1,-1
620,2619,558,454,33,82,1,-1,-1,-1
620,2620,425,423,29,74,1,-1,-1,-1
620,2621,346,417,27,72,1,-1,-1,-1
620,2622,899,455,43,70,1,-1,-1,-1
620,2623,474,421,26,73,1,-1,-1,-1
620,2625,547,435,21,71,1,-1,-1,-1
620,2626,592,433,25,73,1,-1,-1,-1
620,2628,833,464,38,75,1,-1,-1,-1
620,2688,429,421,25,64,1,-1,-1,-1
620,2689,246,491,32,77,1,-1,-1,-1
620,2709,444,439,39,70,1,-1,-1,-1
620,2710,63,442,31,78,1,-1,-1,-1
620,2711,28,536,28,96,1,-1,-1,-1
620,2712,1852,563,25,93,1,-1,-1,-1
621,2611,960,459,32,71,1,-1,-1,-1
621,2612,371,467,47,80,1,-1,-1,-1
621,2613,252,416,35,77,1,-1,-1,-1
621,2614,431,507,36,90,1,-1,-1,-1
621,2618,544,411,25,68,1,-1,-1,-1
621,2619,557,454,32,82,1,-1,-1,-1
621,2620,423,424,29,73,1,-1,-1,-1
621,2621,344,418,26,71,1,-1,-1,-1
621,2622,893,454,43,71,1,-1,-1,-1
621,2623,472,422,26,72,1,-1,-1,-1
621,2625,545,436,21,70,1,-1,-1,-1
621,2626,591,434,24,71,1,-1,-1,-1
621,2628,833,464,38,74,1,-1,-1,-1
621,2688,431,421,24,64,1,-1,-1,-1
621,2689,245,492,32,76,1,-1,-1,-1
621,2709,448,440,39,70,1,-1,-1,-1
621,2710,64,442,33,78,1,-1,-1,-1
621,2711,30,535,29,96,1,-1,-1,-1
621,2712,1851,563,27,94,1,-1,-1,-1
622,2611,955,459,32,71,1,-1,-1,-1
622,2612,367,468,48,79,1,-1,-1,-1
622,2613,250,416,34,77,1,-1,-1,-1
622,2614,429,506,36,91,1,-1,-1,-1
622,2618,544,411,24,69,1,-1,-1,-1
622,2619,555,454,33,82,1,-1,-1,-1
622,2620,422,424,28,73,1,-1,-1,-1
622,2621,343,418,26,71,1,-1,-1,-1
622,2622,888,454,43,71,1,-1,-1,-1
622,2623,469,422,26,71,1,-1,-1,-1
622,2625,543,436,21,71,1,-1,-1,-1
622,2626,589,434,25,71,1,-1,-1,-1
622,2628,833,464,37,74,1,-1,-1,-1
622,2688,433,421,24,65,1,-1,-1,-1
622,2689,245,492,31,76,1,-1,-1,-1
622,2709,452,441,39,69,1,-1,-1,-1
622,2710,65,443,34,77,1,-1,-1,-1
622,2711,31,535,29,96,1,-1,-1,-1
622,2712,1850,563,28,94,1,-1,-1,-1
623,2611,950,459,33,72,1,-1,-1,-1
623,2612,364,468,47,79,1,-1,-1,-1
623,2613,248,416,34,77,1,-1,-1,-1
623,2614,427,506,36,91,1,-1,-1,-1
623,2618,543,412,24,68,1,-1,-1,-1
623,2619,553,454,34,82,1,-1,-1,-1
623,2620,420,424,28,73,1,-1,-1,-1
623,2621,341,418,26,71,1,-1,-1,-1
623,2622,881,454,44,72,1,-1,-1,-1
623,2623,467,422,26,72,1,-1,-1,-1
623,2625,540,437,21,70,1,-1,-1,-1
623,2626,589,434,24,71,1,-1,-1,-1
623,2628,833,464,37,73,1,-1,-1,-1
623,2688,435,422,24,64,1,-1,-1,-1
623,2689,245,492,31,75,1,-1,-1,-1
623,2709,456,441,39,71,1,-1,-1,-1
623,2710,66,443,34,77,1,-1,-1,-1
623,2711,32,535,30,95,1,-1,-1,-1
623,2712,1850,563,29,94,1,-1,-1,-1
624,2611,946,459,32,72,1,-1,-1,-1
624,2612,361,468,47,79,1,-1,-1,-1
624,2613,247,416,33,77,1,-1,-1,-1
624,2614,425,506,36,90,1,-1,-1,-1
624,2618,542,412,25,68,1,-1,-1,-1
624,2619,551,454,34,82,1,-1,-1,-1
624,2620,418,425,28,72,1,-1,-1,-1
624,2621,339,419,26,70,1,-1,-1,-1
624,2622,875,454,44,72,1,-1,-1,-1
624,2623,464,423,27,71,1,-1,-1,-1
624,2625,538,437,21,71,1,-1,-1,-1
624,2626,588,434,25,70,1,-1,-1,-1
624,2628,832,464,38,72,1,-1,-1,-1
624,2688,436,422,24,65,1,-1,-1,-1
624,2689,245,492,31,75,1,-1,-1,-1
624,2709,460,442,40,71,1,-1,-1,-1
624,2710,67,443,35,77,1,-1,-1,-1
624,2711,33,534,32,95,1,-1,-1,-1
624,2712,1849,563,30,95,1,-1,-1,-1
625,2611,938,460,32,71,1,-1,-1,-1
625,2612,357,468,48,79,1,-1,-1,-1
625,2613,245,417,33,76,1,-1,-1,-1
625,2614,423,505,36,90,1,-1,-1,-1
625,2618,540,412,25,69,1,-1,-1,-1
625,2619,547,454,36,82,1,-1,-1,-1
625,2620,415,425,28,73,1,-1,-1,-1
625,2621,337,419,25,71,1,-1,-1,-1
625,2622,866,454,44,71,1,-1,-1,-1
625,2623,460,423,27,70,1,-1,-1,-1
625,2625,534,438,22,70,1,-1,-1,-1
625,2626,587,434,24,70,1,-1,-1,-1
625,2628,832,464,37,71,1,-1,-1,-1
625,2688,439,423,24,64,1,-1,-1,-1
625,2689,245,493,30,74,1,-1,-1,-1
625,2709,466,443,41,72,1,-1,-1,-1
625,2710,68,443,36,77,1,-1,-1,-1
625,2711,34,534,32,95,1,-1,-1,-1
625,2712,1849,564,30,96,1,-1,-1,-1
626,2611,936,460,31,72,1,-1,-1,-1
626,2612,354,469,48,78,1,-1,-1,-1
626,2613,243,417,32,77,1,-1,-1,-1
626,2614,421,505,36,90,1,-1,-1,-1
626,2618,540,413,24,68,1,-1,-1,-1
626,2619,546,453,36,83,1,-1,-1,-1
626,2620,414,426,28,72,1,-1,-1,-1
626,2621,336,420,25,70,1,-1,-1,-1
626,2622,862,453,45,72,1,-1,-1,-1
626,2623,459,423,26,70,1,-1,-1,-1
626,2625,533,438,22,70,1,-1,-1,-1
626,2626,586,434,24,70,1,-1,-1,-1
626,2628,831,464,38,71,1,-1,-1,-1
626,2688,440,423,24,65,1,-1,-1,-1
626,2689,245,493,30,74,1,-1,-1,-1
626,2709,469,444,40,72,1,-1,-1,-1
626,2710,68,443,37,76,1,-1,-1,-1
626,2711,36,534,32,94,1,-1,-1,-1
626,2712,1848,564,32,96,1,-1,-1,-1
627,2611,932,460,32,72,1,-1,-1,-1
627,2612,351,469,48,78,1,-1,-1,-1
627,2613,241,417,32,77,1,-1,-1,-1
627,2614,419,505,36,89,1,-1,-1,-1
627,2618,540,412,25,68,1,-1,-1,-1
627,2619,545,453,37,83,1,-1,-1,-1
627,2620,414,425,28,73,1,-1,-1,-1
627,2621,334,419,25,71,1,-1,-1,-1
627,2622,858,453,45,71,1,-1,-1,-1
627,2623,458,423,26,69,1,-1,-1,-1
627,2625,532,438,22,70,1,-1,-1,-1
627,2626,586,434,24,70,1,-1,-1,-1
627,2628,829,464,38,70,1,-1,-1,-1
627,2688,443,423,24,65,1,-1,-1,-1
627,2689,246,493,30,74,1,-1,-1,-1
627,2709,473,444,41,72,1,-1,-1,-1
627,2710,69,442,38,77,1,-1,-1,-1
627,2711,37,533,33,94,1,-1,-1,-1
627,2712,1849,564,32,96,1,-1,-1,-1
628,2611,930,460,31,72,1,-1,-1,-1
628,2612,347,469,49,79,1,-1,-1,-1
628,2613,239,417,32,77,1,-1,-1,-1
628,2614,417,504,36,90,1,-1,-1,-1
628,2618,542,412,24,68,1,-1,-1,-1
628,2619,545,453,37,82,1,-1,-1,-1
628,2620,414,425,28,73,1,-1,-1,-1
628,2621,333,419,24,71,1,-1,-1,-1
628,2622,854,453,44,71,1,-1,-1,-1
628,2623,457,422,26,70,1,-1,-1,-1
628,2625,531,438,22,70,1,-1,-1,-1
628,2626,586,433,24,70,1,-1,-1,-1
628,2628,827,462,38,71,1,-1,-1,-1
628,2688,445,423,25,65,1,-1,-1,-1
628,2689,246,492,30,75,1,-1,-1,-1
628,2709,479,443,41,72,1,-1,-1,-1
628,2710,71,442,38,76,1,-1,-1,-1
628,2711,39,533,33,94,1,-1,-1,-1
628,2712,1850,564,33,96,1,-1,-1,-1
629,2611,927,461,31,71,1,-1,-1,-1
629,2612,344,469,48,79,1,-1,-1,-1
629,2613,238,418,31,76,1,-1,-1,-1
629,2614,415,504,36,89,1,-1,-1,-1
629,2618,543,411,24,68,1,-1,-1,-1
629,2619,545,452,37,82,1,-1,-1,-1
629,2620,414,424,28,73,1,-1,-1,-1
629,2621,331,418,24,71,1,-1,-1,-1
629,2622,850,452,44,71,1,-1,-1,-1
629,2623,456,422,26,69,1,-1,-1,-1
629,2625,530,437,23,70,1,-1,-1,-1
629,2626,586,433,24,69,1,-1,-1,-1
629,2628,824,461,38,71,1,-1,-1,-1
629,2688,449,423,24,65,1,-1,-1,-1
629,2689,247,492,30,75,1,-1,-1,-1
629,2709,484,443,42,72,1,-1,-1,-1
629,2710,72,442,39,76,1,-1,-1,-1
629,2711,40,533,34,94,1,-1,-1,-1
629,2712,1852,563,32,96,1,-1,-1,-1
630,2611,924,461,31,72,1,-1,-1,-1
630,2612,341,469,49,79,1,-1,-1,-1
630,2613,236,418,30,77,1,-1,-1,-1
630,2614,413,504,36,89,1,-1,-1,-1
630,2618,544,410,24,68,1,-1,-1,-1
630,2619,545,451,36,81,1,-1,-1,-1
630,2620,415,424,28,73,1,-1,-1,-1
630,2621,329,418,24,71,1,-1,-1,-1
630,2622,845,451,44,71,1,-1,-1,-1
630,2623,455,421,27,70,1,-1,-1,-1
630,2625,529,437,23,70,1,-1,-1,-1
630,2626,586,432,24,70,1,-1,-1,-1
630,2628,821,460,38,71,1,-1,-1,-1
630,2688,452,424,25,64,1,-1,-1,-1
630,2689,248,491,30,75,1,-1,-1,-1
630,2709,490,443,42,72,1,-1,-1,-1
630,2710,74,441,39,77,1,-1,-1,-1
630,2711,42,533,34,93,1,-1,-1,-1
630,2712,1853,563,33,96,1,-1,-1,-1
631,2611,921,461,31,72,1,-1,-1,-1
631,2612,337,470,49,79,1,-1,-1,-1
631,2613,234,418,30,77,1,-1,-1,-1
631,2614,411,504,36,88,1,-1,-1,-1
631,2618,545,410,24,68,1,-1,-1,-1
631,2619,544,451,37,81,1,-1,-1,-1
631,2620,414,423,29,73,1,-1,-1,-1
631,2621,327,417,24,71,1,-1,-1,-1
631,2622,841,451,43,70,1,-1,-1,-1
631,2623,454,421,27,69,1,-1,-1,-1
631,2625,527,436,24,70,1,-1,-1,-1
631,2626,586,432,24,69,1,-1,-1,-1
631,2628,818,458,38,70,1,-1,-1,-1
631,2688,455,424,25,64,1,-1,-1,-1
631,2689,249,491,30,75,1,-1,-1,-1
631,2709,496,442,42,73,1,-1,-1,-1
631,2710,75,441,39,76,1,-1,-1,-1
631,2711,43,532,35,93,1,-1,-1,-1
631,2712,1855,562,32,96,1,-1,-1,-1
632,2611,918,461,31,72,1,-1,-1,-1
632,2612,333,470,50,79,1,-1,-1,-1
632,2613,232,418,29,76,1,-1,-1,-1
632,2614,409,503,36,88,1,-1,-1,-1
632,2618,546,409,24,68,1,-1,-1,-1
632,2619,544,450,36,81,1,-1,-1,-1
632,2620,414,423,29,73,1,-1,-1,-1
632,2621,325,417,23,71,1,-1,-1,-1
632,2622,836,450,43,71,1,-1,-1,-1
632,2623,453,421,27,69,1,-1,-1,-1
632,2625,526,436,24,69,1,-1,-1,-1
632,2626,586,431,24,70,1,-1,-1,-1
632,2628,814,457,39,70,1,-1,-1,-1
632,2688,459,424,25,64,1,-1,-1,-1
632,2689,250,490,29,75,1,-1,-1,-1
632,2709,502,442,42,73,1,-1,-1,-1
632,2710,77,440,38,77,1,-1,-1,-1
632,2711,45,532,35,93,1,-1,-1,-1
632,2712,1856,561,33,97,1,-1,-1,-1
633,2611,915,460,31,72,1,-1,-1,-1
633,2612,331,470,50,79,1,-1,-1,-1
633,2613,231,418,29,76,1,-1,-1,-1
633,2614,408,503,36,88,1,-1,-1,-1
633,2618,547,409,24,67,1,-1,-1,-1
633,2619,543,449,36,81,1,-1,-1,-1
633,2620,414,422,30,73,1,-1,-1,-1
633,2621,323,417,23,70,1,-1,-1,-1
633,2622,833,450,41,70,1,-1,-1,-1
633,2623,452,420,27,70,1,-1,-1,-1
633,2625,525,435,24,69,1,-1,-1,-1
633,2626,586,430,24,70,1,-1,-1,-1
633,2628,812,455,38,70,1,-1,-1,-1
633,2688,462,424,25,64,1,-1,-1,-1
633,2689,251,490,30,74,1,-1,-1,-1
633,2709,508,441,42,73,1,-1,-1,-1
633,2710,79,440,38,76,1,-1,-1,-1
633,2711,46,531,35,93,1,-1,-1,-1
633,2712,1858,561,32,96,1,-1,-1,-1
634,2611,911,459,32,72,1,-1,-1,-1
634,2612,328,469,50,79,1,-1,-1,-1
634,2613,230,417,29,77,1,-1,-1,-1
634,2614,406,502,37,88,1,-1,-1,-1
634,2618,548,408,24,67,1,-1,-1,-1
634,2619,543,448,36,81,1,-1,-1,-1
634,2620,415,422,29,73,1,-1,-1,-1
634,2621,321,416,23,71,1,-1,-1,-1
634,2622,828,449,41,70,1,-1,-1,-1
634,2623,451,420,27,70,1,-1,-1,-1
634,2625,524,435,24,69,1,-1,-1,-1
634,2626,586,430,24,69,1,-1,-1,-1
634,2628,809,454,38,70,1,-1,-1,-1
634,2688,465,424,25,63,1,-1,-1,-1
634,2689,252,489,30,75,1,-1,-1,-1
634,2709,514,441,42,73,1,-1,-1,-1
634,2710,81,439,38,77,1,-1,-1,-1
634,2711,46,529,36,92,1,-1,-1,-1
634,2712,1860,561,31,96,1,-1,-1,-1
635,2611,908,457,32,73,1,-1,-1,-1
635,2612,326,468,50,79,1,-1,-1,-1
635,2613,229,417,29,77,1,-1,-1,-1
635,2614,405,501,36,88,1,-1,-1,-1
635,2618,550,407,23,67,1,-1,-1,-1
635,2619,543,448,35,80,1,-1,-1,-1
635,2620,415,421,30,73,1,-1,-1,-1
635,2621,319,416,23,71,1,-1,-1,-1
635,2622,824,449,40,70,1,-1,-1,-1
635,2623,450,419,27,71,1,-1,-1,-1
635,2625,523,434,25,69,1,-1,-1,-1
635,2626,586,429,24,70,1,-1,-1,-1
635,2628,806,453,39,69,1,-1,-1,-1
635,2688,468,424,26,63,1,-1,-1,-1
635,2689,253,489,30,74,1,-1,-1,-1
635,2709,520,441,42,73,1,-1,-1,-1
635,2710,84,438,37,77,1,-1,-1,-1
635,2711,48,527,35,92,1,-1,-1,-1
635,2712,1862,560,30,97,1,-1,-1,-1
636,2611,904,456,33,73,1,-1,-1,-1
636,2612,324,468,50,79,1,-1,-1,-1
636,2613,228,416,29,77,1,-1,-1,-1
636,2614,404,500,36,88,1,-1,-1,-1
636,2618,551,407,23,66,1,-1,-1,-1
636,2619,543,447,35,80,1,-1,-1,-1
636,2620,415,421,30,72,1,-1,-1,-1
636,2621,317,415,23,71,1,-1,-1,-1
636,2622,820,448,39,70,1,-1,-1,-1
636,2623,449,419,28,70,1,-1,-1,-1
636,2625,522,434,25,68,1,-1,-1,-1
636,2626,585,428,24,70,1,-1,-1,-1
636,2628,803,451,39,70,1,-1,-1,-1
636,2688,471,424,26,63,1,-1,-1,-1
636,2689,253,488,31,75,1,-1,-1,-1
636,2709,526,440,42,73,1,-1,-1,-1
636,2710,86,437,37,77,1,-1,-1,-1
636,2711,48,526,36,91,1,-1,-1,-1
636,2712,1863,560,30,96,1,-1,-1,-1
637,2611,900,455,33,74,1,-1,-1,-1
637,2612,321,467,51,79,1,-1,-1,-1
637,2613,228,416,29,77,1,-1,-1,-1
637,2614,402,498,37,88,1,-1,-1,-1
637,2618,552,406,23,67,1,-1,-1,-1
637,2619,543,446,34,80,1,-1,-1,-1
637,2620,415,420,30,73,1,-1,-1,-1
637,2621,315,415,23,70,1,-1,-1,-1
637,2622,816,448,38,69,1,-1,-1,-1
637,2623,448,418,28,71,1,-1,-1,-1
637,2625,521,433,25,69,1,-1,-1,-1
637,2626,585,427,24,70,1,-1,-1,-1
637,2628,800,450,39,69,1,-1,-1,-1
637,2688,474,424,27,62,1,-1,-1,-1
637,2689,254,487,31,75,1,-1,-1,-1
637,2709,533,440,42,73,1,-1,-1,-1
637,2710,88,436,37,77,1,-1,-1,-1
637,2711,50,525,36,91,1,-1,-1,-1
637,2712,1864,559,30,97,1,-1,-1,-1
638,2611,895,453,34,75,1,-1,-1,-1
638,2612,319,466,51,79,1,-1,-1,-1
638,2613,226,415,30,77,1,-1,-1,-1
638,2614,401,497,37,88,1,-1,-1,-1
638,2618,553,405,24,67,1,-1,-1,-1
638,2619,543,445,33,79,1,-1,-1,-1
638,2620,415,419,31,73,1,-1,-1,-1
638,2621,313,414,22,71,1,-1,-1,-1
638,2622,811,447,36,69,1,-1,-1,-1
638,2623,447,418,28,70,1,-1,-1,-1
638,2625,519,433,26,68,1,-1,-1,-1
638,2626,585,427,24,70,1,-1,-1,-1
638,2628,796,448,39,70,1,-1,-1,-1
638,2688,478,424,27,62,1,-1,-1,-1
638,2689,255,486,31,75,1,-1,-1,-1
638,2709,539,440,42,73,1,-1,-1,-1
638,2710,92,435,37,77,1,-1,-1,-1
638,2711,51,524,37,91,1,-1,-1,-1
638,2712,1866,559,29,96,1,-1,-1,-1
639,2611,892,453,35,74,1,-1,-1,-1
639,2612,317,466,51,79,1,-1,-1,-1
639,2613,225,415,30,77,1,-1,-1,-1
639,2614,400,496,37,88,1,-1,-1,-1
639,2618,555,404,23,67,1,-1,-1,-1
639,2619,543,444,33,79,1,-1,-1,-1
639,2620,415,418,32,73,1,-1,-1,-1
639,2621,312,413,22,71,1,-1,-1,-1
639,2622,809,446,35,69,1,-1,-1,-1
639,2623,447,417,28,71,1,-1,-1,-1
639,2625,519,432,26,69,1,-1,-1,-1
639,2626,586,426,24,70,1,-1,-1,-1
639,2628,793,447,39,69,1,-1,-1,-1
639,2688,481,424,27,62,1,-1,-1,-1
639,2689,256,486,31,75,1,-1,-1,-1
639,2709,545,439,43,74,1,-1,-1,-1
639,2710,94,434,36,77,1,-1,-1,-1
639,2711,53,523,37,91,1,-1,-1,-1
639,2712,1868,558,29,96,1,-1,-1,-1
640,2611,889,452,35,75,1,-1,-1,-1
640,2612,315,465,51,79,1,-1,-1,-1
640,2613,224,414,30,77,1,-1,-1,-1
640,2614,399,495,36,88,1,-1,-1,-1
640,2618,556,404,23,67,1,-1,-1,-1
640,2619,543,443,33,80,1,-1,-1,-1
640,2620,416,418,32,72,1,-1,-1,-1
640,2621,311,413,23,71,1,-1,-1,-1
640,2622,806,445,34,69,1,-1,-1,-1
640,2623,446,416,28,71,1,-1,-1,-1
640,2625,519,431,26,69,1,-1,-1,-1
640,2626,586,425,24,70,1,-1,-1,-1
640,2628,789,445,39,70,1,-1,-1,-1
640,2688,483,423,27,62,1,-1,-1,-1
640,2689,258,485,31,75,1,-1,-1,-1
640,2709,551,439,43,74,1,-1,-1,-1
640,2710,97,433,36,77,1,-1,-1,-1
640,2711,55,522,37,91,1,-1,-1,-1
640,2712,1870,557,28,97,1,-1,-1,-1
641,2611,887,451,35,75,1,-1,-1,-1
641,2612,313,464,50,79,1,-1,-1,-1
641,2613,223,413,30,77,1,-1,-1,-1
641,2614,398,494,36,88,1,-1,-1,-1
641,2618,557,403,23,67,1,-1,-1,-1
641,2619,543,442,33,80,1,-1,-1,-1
641,2620,418,417,32,72,1,-1,-1,-1
641,2621,310,412,23,71,1,-1,-1,-1
641,2622,803,443,33,69,1,-1,-1,-1
641,2623,446,415,28,71,1,-1,-1,-1
641,2625,519,429,27,69,1,-1,-1,-1
641,2626,587,424,24,70,1,-1,-1,-1
641,2628,785,444,39,70,1,-1,-1,-1
641,2688,486,422,27,62,1,-1,-1,-1
641,2689,259,484,31,75,1,-1,-1,-1
641,2709,557,438,43,74,1,-1,-1,-1
641,2710,100,431,36,77,1,-1,-1,-1
641,2711,57,521,38,91,1,-1,-1,-1
641,2712,1872,556,28,97,1,-1,-1,-1
642,2611,884,451,35,74,1,-1,-1,-1
642,2612,310,464,51,79,1,-1,-1,-1
642,2613,222,413,31,77,1,-1,-1,-1
642,2614,396,493,37,88,1,-1,-1,-1
642,2618,558,401,23,68,1,-1,-1,-1
642,2619,543,441,33,80,1,-1,-1,-1
642,2620,419,416,32,72,1,-1,-1,-1
642,2621,311,411,23,71,1,-1,-1,-1
642,2622,801,441,32,69,1,-1,-1,-1
642,2623,446,414,28,71,1,-1,-1,-1
642,2625,519,428,27,69,1,-1,-1,-1
642,2626,588,423,24,70,1,-1,-1,-1
642,2628,781,443,39,69,1,-1,-1,-1
642,2688,489,421,27,63,1,-1,-1,-1
642,2689,261,483,32,75,1,-1,-1,-1
642,2709,563,438,43,74,1,-1,-1,-1
642,2710,103,430,36,77,1,-1,-1,-1
642,2711,58,520,39,91,1,-1,-1,-1
642,2712,1874,555,27,97,1,-1,-1,-1
643,2611,881,450,35,74,1,-1,-1,-1
643,2612,308,463,51,79,1,-1,-1,-1
643,2613,221,412,31,77,1,-1,-1,-1
643,2614,395,492,37,88,1,-1,-1,-1
643,2618,559,400,23,68,1,-1,-1,-1
643,2619,543,440,33,80,1,-1,-1,-1
643,2620,420,415,33,72,1,-1,-1,-1
643,2621,310,410,24,71,1,-1,-1,-1
643,2622,798,440,32,69,1,-1,-1,-1
643,2623,446,413,28,71,1,-1,-1,-1
643,2625,520,427,26,70,1,-1,-1,-1
643,2626,589,421,25,70,1,-1,-1,-1
643,2628,777,441,39,70,1,-1,-1,-1
643,2688,492,420,27,63,1,-1,-1,-1
643,2689,263,482,31,75,1,-1,-1,-1
643,2709,569,437,43,75,1,-1,-1,-1
643,2710,106,429,36,77,1,-1,-1,-1
643,2711,60,519,39,91,1,-1,-1,-1
643,2712,1876,554,28,98,1,-1,-1,-1
644,2611,878,450,36,74,1,-1,-1,-1
644,2612,306,462,50,79,1,-1,-1,-1
644,2613,220,411,32,77,1,-1,-1,-1
644,2614,394,491,37,88,1,-1,-1,-1
644,2618,560,399,24,68,1,-1,-1,-1
644,2619,543,439,33,80,1,-1,-1,-1
644,2620,422,414,32,72,1,-1,-1,-1
644,2621,310,409,23,71,1,-1,-1,-1
644,2622,795,438,32,69,1,-1,-1,-1
644,2623,446,412,28,72,1,-1,-1,-1
644,2625,520,425,27,70,1,-1,-1,-1
644,2626,590,420,24,70,1,-1,-1,-1
644,2628,772,440,39,70,1,-1,-1,-1
644,2688,494,419,28,63,1,-1,-1,-1
644,2689,265,481,31,75,1,-1,-1,-1
644,2709,575,437,43,74,1,-1,-1,-1
644,2710,109,427,36,77,1,-1,-1,-1
644,2711,61,517,40,92,1,-1,-1,-1
644,2712,1879,553,27,98,1,-1,-1,-1
645,2611,876,449,35,74,1,-1,-1,-1
645,2612,304,462,50,79,1,-1,-1,-1
645,2613,218,411,33,77,1,-1,-1,-1
645,2614,393,490,37,88,1,-1,-1,-1
645,2618,562,398,23,69,1,-1,-1,-1
645,2619,543,437,33,81,1,-1,-1,-1
645,2620,424,413,32,72,1,-1,-1,-1
645,2621,309,408,24,71,1,-1,-1,-1
645,2622,792,436,32,69,1,-1,-1,-1
645,2623,446,411,28,72,1,-1,-1,-1
645,2625,520,424,26,70,1,-1,-1,-1
645,2626,591,419,24,70,1,-1,-1,-1
645,2628,768,438,39,70,1,-1,-1,-1
645,2688,497,418,28,63,1,-1,-1,-1
645,2689,267,480,31,75,1,-1,-1,-1
645,2709,581,436,43,75,1,-1,-1,-1
645,2710,112,426,36,77,1,-1,-1,-1
645,2711,63,516,40,92,1,-1,-1,-1
645,2712,1880,552,28,98,1,-1,-1,-1
646,2611,873,449,36,74,1,-1,-1,-1
646,2612,302,461,50,79,1,-1,-1,-1
646,2613,217,410,33,77,1,-1,-1,-1
646,2614,392,489,36,88,1,-1,-1,-1
646,2618,563,397,24,69,1,-1,-1,-1
646,2619,543,436,33,81,1,-1,-1,-1
646,2620,425,412,32,72,1,-1,-1,-1
646,2621,309,407,25,71,1,-1,-1,-1
646,2622,790,434,31,70,1,-1,-1,-1
646,2623,446,410,28,72,1,-1,-1,-1
646,2625,521,423,26,70,1,-1,-1,-1
646,2626,591,418,25,70,1,-1,-1,-1
646,2628,764,437,39,70,1,-1,-1,-1
646,2688,500,417,27,63,1,-1,-1,-1
646,2689,269,479,31,75,1,-1,-1,-1
646,2709,587,436,43,75,1,-1,-1,-1
646,2710,115,425,36,77,1,-1,-1,-1
646,2711,65,515,41,91,1,-1,-1,-1
646,2712,1881,551,27,98,1,-1,-1,-1
647,2611,871,448,35,74,1,-1,-1,-1
647,2612,300,460,50,79,1,-1,-1,-1
647,2613,216,410,34,77,1,-1,-1,-1
647,2614,390,487,37,88,1,-1,-1,-1
647,2618,564,396,24,69,1,-1,-1,-1
647,2619,543,435,34,81,1,-1,-1,-1
647,2620,427,411,32,72,1,-1,-1,-1
647,2621,309,406,25,71,1,-1,-1,-1
647,2622,787,433,31,69,1,-1,-1,-1
647,2623,446,409,28,72,1,-1,-1,-1
647,2625,521,422,26,70,1,-1,-1,-1
647,2626,592,416,25,70,1,-1,-1,-1
647,2628,760,436,38,70,1,-1,-1,-1
647,2688,503,416,27,63,1,-1,-1,-1
647,2689,271,478,31,75,1,-1,-1,-1
647,2709,593,436,43,75,1,-1,-1,-1
647,2710,118,424,36,77,1,-1,-1,-1
647,2711,66,513,42,92,1,-1,-1,-1
647,2712,1882,550,27,98,1,-1,-1,-1
648,2611,868,448,36,74,1,-1,-1,-1
648,2612,298,460,50,79,1,-1,-1,-1
648,2613,215,409,34,77,1,-1,-1,-1
648,2614,389,486,37,88,1,-1,-1,-1
648,2618,566,395,23,70,1,-1,-1,-1
648,2619,543,434,34,81,1,-1,-1,-1
648,2620,428,410,32,72,1,-1,-1,-1
648,2621,308,406,25,71,1,-1,-1,-1
648,2622,784,431,31,70,1,-1,-1,-1
648,2623,446,408,28,72,1,-1,-1,-1
648,2625,521,420,26,71,1,-1,-1,-1
648,2626,593,415,25,70,1,-1,-1,-1
648,2628,756,434,38,70,1,-1,-1,-1
648,2688,506,415,27,63,1,-1,-1,-1
648,2689,273,477,31,75,1,-1,-1,-1
648,2709,599,435,43,76,1,-1,-1,-1
648,2710,121,422,37,77,1,-1,-1,-1
648,2711,68,512,43,92,1,-1,-1,-1
648,2712,1883,550,27,97,1,-1,-1,-1
649,2611,865,447,36,74,1,-1,-1,-1
649,2612,295,459,50,79,1,-1,-1,-1
649,2613,213,408,35,77,1,-1,-1,-1
649,2614,388,485,37,88,1,-1,-1,-1
649,2618,567,394,23,70,1,-1,-1,-1
649,2619,542,432,36,82,1,-1,-1,-1
649,2620,430,409,32,72,1,-1,-1,-1
649,2621,307,405,27,71,1,-1,-1,-1
649,2622,781,429,31,70,1,-1,-1,-1
649,2623,446,406,27,72,1,-1,-1,-1
649,2625,522,419,26,71,1,-1,-1,-1
649,2626,594,414,25,70,1,-1,-1,-1
649,2628,752,433,37,70,1,-1,-1,-1
649,2688,509,414,27,63,1,-1,-1,-1
649,2689,275,476,31,75,1,-1,-1,-1
649,2709,605,435,43,75,1,-1,-1,-1
649,2710,125,421,36,77,1,-1,-1,-1
649,2711,69,511,44,92,1,-1,-1,-1
649,2712,1884,549,27,96,1,-1,-1,-1
650,2611,860,447,36,74,1,-1,-1,-1
650,2612,293,458,49,79,1,-1,-1,-1
650,2613,212,408,36,77,1,-1,-1,-1
650,2614,387,483,36,88,1,-1,-1,-1
650,2618,568,392,24,71,1,-1,-1,-1
650,2619,542,430,36,83,1,-1,-1,-1
650,2620,432,407,32,72,1,-1,-1,-1
650,2621,307,403,26,71,1,-1,-1,-1
650,2622,776,426,32,70,1,-1,-1,-1
650,2623,446,404,27,73,1,-1,-1,-1
650,2625,523,416,25,72,1,-1,-1,-1
650,2626,596,412,24,69,1,-1,-1,-1
650,2628,745,431,38,71,1,-1,-1,-1
650,2688,514,413,26,63,1,-1,-1,-1
650,2689,278,474,30,75,1,-1,-1,-1
650,2709,615,434,43,76,1,-1,-1,-1
650,2710,129,418,36,77,1,-1,-1,-1
650,2711,71,510,44,92,1,-1,-1,-1
650,2712,1885,548,27,96,1,-1,-1,-1
651,2611,859,446,36,74,1,-1,-1,-1
651,2612,291,458,49,79,1,-1,-1,-1
651,2613,211,407,36,78,1,-1,-1,-1
651,2614,385,482,37,88,1,-1,-1,-1
651,2618,569,391,24,71,1,-1,-1,-1
651,2619,542,429,36,83,1,-1,-1,-1
651,2620,433,406,31,72,1,-1,-1,-1
651,2621,306,402,27,71,1,-1,-1,-1
651,2622,774,425,31,70,1,-1,-1,-1
651,2623,446,403,27,73,1,-1,-1,-1
651,2625,523,415,25,72,1,-1,-1,-1
651,2626,596,411,25,69,1,-1,-1,-1
651,2628,742,430,38,71,1,-1,-1,-1
651,2688,515,412,26,63,1,-1,-1,-1
651,2689,279,473,30,75,1,-1,-1,-1
651,2709,619,434,42,75,1,-1,-1,-1
651,2710,130,417,37,77,1,-1,-1,-1
651,2711,72,509,45,92,1,-1,-1,-1
651,2712,1886,547,27,96,1,-1,-1,-1
652,2611,854,446,37,74,1,-1,-1,-1
652,2612,289,457,49,79,1,-1,-1,-1
652,2613,210,407,37,78,1,-1,-1,-1
652,2614,384,481,37,88,1,-1,-1,-1
652,2618,569,391,24,71,1,-1,-1,-1
652,2619,541,429,36,82,1,-1,-1,-1
652,2620,434,406,31,72,1,-1,-1,-1
652,2621,304,402,28,71,1,-1,-1,-1
652,2622,770,425,31,70,1,-1,-1,-1
652,2623,445,403,27,73,1,-1,-1,-1
652,2625,523,415,24,72,1,-1,-1,-1
652,2626,596,411,25,70,1,-1,-1,-1
652,2628,738,430,37,71,1,-1,-1,-1
652,2688,517,412,26,63,1,-1,-1,-1
652,2689,279,473,30,75,1,-1,-1,-1
652,2709,624,435,42,75,1,-1,-1,-1
652,2710,133,417,36,77,1,-1,-1,-1
652,2711,74,508,46,92,1,-1,-1,-1
652,2712,1886,547,27,96,1,-1,-1,-1
653,2611,849,445,37,74,1,-1,-1,-1
653,2612,287,456,49,79,1,-1,-1,-1
653,2613,208,406,38,78,1,-1,-1,-1
653,2614,383,480,37,88,1,-1,-1,-1
653,2618,569,391,25,71,1,-1,-1,-1
653,2619,539,428,37,83,1,-1,-1,-1
653,2620,434,406,31,72,1,-1,-1,-1
653,2621,301,403,29,71,1,-1,-1,-1
653,2622,765,425,31,69,1,-1,-1,-1
653,2623,445,403,27,73,1,-1,-1,-1
653,2625,522,415,24,72,1,-1,-1,-1
653,2626,595,410,25,70,1,-1,-1,-1
653,2628,732,430,37,71,1,-1,-1,-1
653,2688,518,412,25,63,1,-1,-1,-1
653,2689,279,473,31,75,1,-1,-1,-1
653,2709,629,435,42,75,1,-1,-1,-1
653,2710,134,417,37,77,1,-1,-1,-1
653,2711,75,507,47,92,1,-1,-1,-1
653,2712,1886,547,27,96,1,-1,-1,-1
654,2611,844,445,36,74,1,-1,-1,-1
654,2612,284,456,50,79,1,-1,-1,-1
654,2613,207,406,39,78,1,-1,-1,-1
654,2614,382,479,37,88,1,-1,-1,-1
654,2618,569,391,25,71,1,-1,-1,-1
654,2619,537,428,37,82,1,-1,-1,-1
654,2620,434,406,31,72,1,-1,-1,-1
654,2621,299,403,28,71,1,-1,-1,-1
654,2622,760,425,31,69,1,-1,-1,-1
654,2623,445,403,26,72,1,-1,-1,-1
654,2625,521,415,24,71,1,-1,-1,-1
654,2626,594,410,25,70,1,-1,-1,-1
654,2628,727,430,37,71,1,-1,-1,-1
654,2688,520,413,25,63,1,-1,-1,-1
654,2689,279,473,30,75,1,-1,-1,-1
654,2709,635,436,42,75,1,-1,-1,-1
654,2710,136,417,37,76,1,-1,-1,-1
654,2711,77,506,47,92,1,-1,-1,-1
654,2712,1886,547,27,96,1,-1,-1,-1
655,2611,839,445,37,74,1,-1,-1,-1
655,2612,282,455,49,79,1,-1,-1,-1
655,2613,206,405,40,78,1,-1,-1,-1
655,2614,381,478,36,88,1,-1,-1,-1
655,2618,569,391,25,71,1,-1,-1,-1
655,2619,535,428,37,82,1,-1,-1,-1
655,2620,435,406,30,72,1,-1,-1,-1
655,2621,296,403,29,71,1,-1,-1,-1
655,2622,756,425,30,68,1,-1,-1,-1
655,2623,445,403,25,72,1,-1,-1,-1
655,2625,520,415,23,71,1,-1,-1,-1
655,2626,594,410,25,70,1,-1,-1,-1
655,2628,721,429,37,71,1,-1,-1,-1
655,2688,522,413,25,63,1,-1,-1,-1
655,2689,279,473,30,75,1,-1,-1,-1
655,2709,640,437,42,75,1,-1,-1,-1
655,2710,138,417,37,76,1,-1,-1,-1
655,2711,79,505,48,92,1,-1,-1,-1
655,2712,1886,547,28,96,1,-1,-1,-1
656,2611,833,444,38,75,1,-1,-1,-1
656,2612,281,454,48,79,1,-1,-1,-1
656,2613,204,404,41,78,1,-1,-1,-1
656,2614,379,477,37,88,1,-1,-1,-1
656,2618,569,392,25,71,1,-1,-1,-1
656,2619,534,428,37,81,1,-1,-1,-1
656,2620,435,406,31,72,1,-1,-1,-1
656,2621,293,403,30,71,1,-1,-1,-1
656,2622,750,425,30,68,1,-1,-1,-1
656,2623,444,403,25,72,1,-1,-1,-1
656,2625,520,414,22,72,1,-1,-1,-1
656,2626,593,410,25,70,1,-1,-1,-1
656,2628,715,429,37,71,1,-1,-1,-1
656,2688,523,414,25,63,1,-1,-1,-1
656,2689,278,474,31,75,1,-1,-1,-1
656,2709,646,438,41,75,1,-1,-1,-1
656,2710,140,417,38,76,1,-1,-1,-1
656,2711,80,504,49,92,1,-1,-1,-1
656,2712,1886,548,28,96,1,-1,-1,-1
657,2611,827,444,38,75,1,-1,-1,-1
657,2612,278,454,48,79,1,-1,-1,-1
657,2613,203,404,42,78,1,-1,-1,-1
657,2614,378,476,37,88,1,-1,-1,-1
657,2618,570,392,24,71,1,-1,-1,-1
657,2619,533,427,36,82,1,-1,-1,-1
657,2620,435,406,31,72,1,-1,-1,-1
657,2621,291,403,29,71,1,-1,-1,-1
657,2622,745,425,29,68,1,-1,-1,-1
657,2623,443,403,25,72,1,-1,-1,-1
657,2625,519,414,22,71,1,-1,-1,-1
657,2626,593,410,25,70,1,-1,-1,-1
657,2628,710,429,36,71,1,-1,-1,-1
657,2688,524,414,25,63,1,-1,-1,-1
657,2689,278,474,31,75,1,-1,-1,-1
657,2709,653,438,41,75,1,-1,-1,-1
657,2710,142,417,38,76,1,-1,-1,-1
657,2711,81,503,51,93,1,-1,-1,-1
657,2712,1886,548,28,96,1,-1,-1,-1
658,2611,822,444,38,75,1,-1,-1,-1
658,2612,275,454,49,79,1,-1,-1,-1
658,2613,201,404,42,78,1,-1,-1,-1
658,2614,377,475,36,88,1,-1,-1,-1
658,2618,569,392,25,71,1,-1,-1,-1
658,2619,531,427,37,81,1,-1,-1,-1
658,2620,435,407,31,72,1,-1,-1,-1
658,2621,288,404,30,71,1,-1,-1,-1
658,2622,741,424,29,68,1,-1,-1,-1
658,2623,443,403,25,72,1,-1,-1,-1
658,2625,518,414,22,71,1,-1,-1,-1
658,2626,592,410,25,70,1,-1,-1,-1
658,2628,705,429,36,71,1,-1,-1,-1
658,2688,525,414,25,64,1,-1,-1,-1
658,2689,278,474,30,75,1,-1,-1,-1
658,2709,659,439,40,75,1,-1,-1,-1
658,2710,143,417,39,76,1,-1,-1,-1
658,2711,82,503,51,92,1,-1,-1,-1
658,2712,1887,548,27,96,1,-1,-1,-1
659,2611,816,445,39,75,1,-1,-1,-1
659,2612,272,454,48,79,1,-1,-1,-1
659,2613,200,404,42,78,1,-1,-1,-1
659,2614,375,476,37,88,1,-1,-1,-1
659,2618,569,392,25,71,1,-1,-1,-1
659,2619,529,427,37,81,1,-1,-1,-1
659,2620,435,407,31,72,1,-1,-1,-1
659,2621,285,404,31,71,1,-1,-1,-1
659,2622,736,424,28,67,1,-1,-1,-1
659,2623,442,403,25,72,1,-1,-1,-1
659,2625,516,414,22,71,1,-1,-1,-1
659,2626,592,409,25,70,1,-1,-1,-1
659,2628,699,429,36,71,1,-1,-1,-1
659,2688,526,415,26,64,1,-1,-1,-1
659,2689,278,474,30,75,1,-1,-1,-1
659,2709,665,440,40,75,1,-1,-1,-1
659,2710,144,417,39,76,1,-1,-1,-1
659,2711,82,503,51,91,1,-1,-1,-1
659,2712,1887,548,27,96,1,-1,-1,-1
660,2611,811,446,39,75,1,-1,-1,-1
660,2612,269,455,48,79,1,-1,-1,-1
660,2613,198,404,44,78,1,-1,-1,-1
660,2614,373,476,37,88,1,-1,-1,-1
660,2618,569,392,25,71,1,-1,-1,-1
660,2619,528,427,36,81,1,-1,-1,-1
660,2620,436,407,31,72,1,-1,-1,-1
660,2621,283,404,31,71,1,-1,-1,-1
660,2622,731,424,27,66,1,-1,-1,-1
660,2623,441,403,25,72,1,-1,-1,-1
660,2625,515,414,22,71,1,-1,-1,-1
660,2626,591,409,24,70,1,-1,-1,-1
660,2628,693,429,36,71,1,-1,-1,-1
660,2688,527,415,26,64,1,-1,-1,-1
660,2689,278,474,30,75,1,-1,-1,-1
660,2709,671,441,39,75,1,-1,-1,-1
660,2710,145,417,40,75,1,-1,-1,-1
660,2711,81,502,51,91,1,-1,-1,-1
660,2712,1887,548,28,96,1,-1,-1,-1
661,2611,806,446,40,75,1,-1,-1,-1
661,2612,266,456,48,79,1,-1,-1,-1
661,2613,197,405,44,78,1,-1,-1,-1
661,2614,371,476,37,88,1,-1,-1,-1
661,2618,569,392,25,71,1,-1,-1,-1
661,2619,527,427,35,80,1,-1,-1,-1
661,2620,436,407,31,72,1,-1,-1,-1
661,2621,280,404,31,71,1,-1,-1,-1
661,2622,725,424,28,66,1,-1,-1,-1
661,2623,441,402,24,72,1,-1,-1,-1
661,2625,514,414,21,71,1,-1,-1,-1
661,2626,590,409,25,71,1,-1,-1,-1
661,2628,687,429,37,71,1,-1,-1,-1
661,2688,528,416,26,64,1,-1,-1,-1
661,2689,278,474,30,75,1,-1,-1,-1
661,2709,677,442,39,74,1,-1,-1,-1
661,2710,146,417,41,75,1,-1,-1,-1
661,2711,81,503,51,90,1,-1,-1,-1
661,2712,1887,549,28,96,1,-1,-1,-1
662,2611,802,447,39,75,1,-1,-1,-1
662,2612,263,456,48,79,1,-1,-1,-1
662,2613,196,405,44,78,1,-1,-1,-1
662,2614,369,476,37,88,1,-1,-1,-1
662,2618,568,393,26,71,1,-1,-1,-1
662,2619,525,426,35,80,1,-1,-1,-1
662,2620,436,407,31,72,1,-1,-1,-1
662,2621,277,405,32,71,1,-1,-1,-1
662,2622,720,424,27,65,1,-1,-1,-1
662,2623,440,402,24,72,1,-1,-1,-1
662,2625,513,414,21,71,1,-1,-1,-1
662,2626,589,409,25,71,1,-1,-1,-1
662,2628,682,429,36,71,1,-1,-1,-1
662,2688,529,416,26,64,1,-1,-1,-1
662,2689,278,475,30,75,1,-1,-1,-1
662,2709,682,442,39,74,1,-1,-1,-1
662,2710,148,417,41,75,1,-1,-1,-1
662,2711,80,503,52,90,1,-1,-1,-1
662,2712,1887,549,28,96,1,-1,-1,-1
663,2611,797,448,40,75,1,-1,-1,-1
663,2612,259,457,48,79,1,-1,-1,-1
663,2613,194,406,44,78,1,-1,-1,-1
663,2614,367,476,37,88,1,-1,-1,-1
663,2618,569,393,25,71,1,-1,-1,-1
663,2619,523,426,35,80,1,-1,-1,-1
663,2620,435,407,32,72,1,-1,-1,-1
663,2621,273,405,32,71,1,-1,-1,-1
663,2622,714,424,26,65,1,-1,-1,-1
663,2623,439,402,24,72,1,-1,-1,-1
663,2625,512,413,21,71,1,-1,-1,-1
663,2626,588,409,25,71,1,-1,-1,-1
663,2628,675,429,36,71,1,-1,-1,-1
663,2688,531,417,26,64,1,-1,-1,-1
663,2689,278,475,30,75,1,-1,-1,-1
663,2709,688,443,38,74,1,-1,-1,-1
663,2710,150,417,40,75,1,-1,-1,-1
663,2711,80,503,52,90,1,-1,-1,-1
663,2712,1887,549,28,96,1,-1,-1,-1
664,2611,792,448,40,75,1,-1,-1,-1
664,2612,256,457,48,79,1,-1,-1,-1
664,2613,192,406,45,78,1,-1,-1,-1
664,2614,365,476,37,88,1,-1,-1,-1
664,2618,569,393,25,71,1,-1,-1,-1
664,2619,522,426,34,80,1,-1,-1,-1
664,2620,435,408,32,72,1,-1,-1,-1
664,2621,271,406,32,71,1,-1,-1,-1
664,2622,710,424,26,65,1,-1,-1,-1
664,2623,438,402,25,72,1,-1,-1,-1
664,2625,511,414,22,71,1,-1,-1,-1
664,2626,588,409,25,71,1,-1,-1,-1
664,2628,670,429,36,71,1,-1,-1,-1
664,2688,532,417,26,64,1,-1,-1,-1
664,2689,278,475,30,75,1,-1,-1,-1
664,2709,694,444,38,74,1,-1,-1,-1
664,2710,150,417,42,74,1,-1,-1,-1
664,2711,78,503,53,90,1,-1,-1,-1
664,2712,1887,549,28,96,1,-1,-1,-1
665,2611,786,449,41,75,1,-1,-1,-1
665,2612,253,458,48,79,1,-1,-1,-1
665,2613,191,407,45,78,1,-1,-1,-1
665,2614,363,477,37,88,1,-1,-1,-1
665,2618,568,394,25,70,1,-1,-1,-1
665,2619,520,426,34,80,1,-1,-1,-1
665,2620,435,408,32,72,1,-1,-1,-1
665,2621,270,406,32,71,1,-1,-1,-1
665,2622,707,424,25,65,1,-1,-1,-1
665,2623,438,403,24,72,1,-1,-1,-1
665,2625,510,414,22,71,1,-1,-1,-1
665,2626,587,409,24,71,1,-1,-1,-1
665,2628,664,429,37,71,1,-1,-1,-1
665,2688,532,418,26,64,1,-1,-1,-1
665,2689,278,476,29,75,1,-1,-1,-1
665,2709,700,445,37,74,1,-1,-1,-1
665,2710,150,417,42,74,1,-1,-1,-1
665,2711,78,503,53,90,1,-1,-1,-1
665,2712,1887,550,28,96,1,-1,-1,-1
666,2611,781,450,40,75,1,-1,-1,-1
666,2612,250,459,47,79,1,-1,-1,-1
666,2613,191,408,45,78,1,-1,-1,-1
666,2614,361,477,37,88,1,-1,-1,-1
666,2618,567,394,26,70,1,-1,-1,-1
666,2619,518,427,34,79,1,-1,-1,-1
666,2620,434,409,32,72,1,-1,-1,-1
666,2621,268,407,33,71,1,-1,-1,-1
666,2622,702,424,26,66,1,-1,-1,-1
666,2623,437,403,24,72,1,-1,-1,-1
666,2625,510,415,21,71,1,-1,-1,-1
666,2626,586,409,24,71,1,-1,-1,-1
666,2628,659,430,37,71,1,-1,-1,-1
666,2688,532,419,27,64,1,-1,-1,-1
666,2689,277,476,29,75,1,-1,-1,-1
666,2709,706,445,36,74,1,-1,-1,-1
666,2710,151,418,41,74,1,-1,-1,-1
666,2711,77,503,54,90,1,-1,-1,-1
666,2712,1887,550,28,96,1,-1,-1,-1
667,2611,776,451,40,75,1,-1,-1,-1
667,2612,246,459,48,79,1,-1,-1,-1
667,2613,189,409,46,78,1,-1,-1,-1
667,2614,359,477,37,87,1,-1,-1,-1
667,2618,566,395,26,70,1,-1,-1,-1
667,2619,516,427,34,79,1,-1,-1,-1
667,2620,433,410,32,72,1,-1,-1,-1
667,2621,266,408,33,71,1,-1,-1,-1
667,2622,698,424,26,66,1,-1,-1,-1
667,2623,437,404,23,71,1,-1,-1,-1
667,2625,509,416,21,71,1,-1,-1,-1
667,2626,584,410,25,71,1,-1,-1,-1
667,2628,653,431,37,71,1,-1,-1,-1
667,2688,532,420,27,64,1,-1,-1,-1
667,2689,276,477,29,75,1,-1,-1,-1
667,2709,712,446,36,74,1,-1,-1,-1
667,2710,151,418,42,74,1,-1,-1,-1
667,2711,77,503,54,90,1,-1,-1,-1
667,2712,1887,551,28,97,1,-1,-1,-1
668,2611,771,452,40,75,1,-1,-1,-1
668,2612,243,460,48,79,1,-1,-1,-1
668,2613,189,410,45,78,1,-1,-1,-1
668,2614,357,477,37,87,1,-1,-1,-1
668,2618,566,396,26,70,1,-1,-1,-1
668,2619,514,427,33,79,1,-1,-1,-1
668,2620,432,411,33,72,1,-1,-1,-1
668,2621,264,409,33,71,1,-1,-1,-1
668,2622,694,424,26,67,1,-1,-1,-1
668,2623,436,405,23,71,1,-1,-1,-1
668,2625,508,416,22,71,1,-1,-1,-1
668,2626,583,410,25,71,1,-1,-1,-1
668,2628,648,431,36,71,1,-1,-1,-1
668,2688,533,421,26,64,1,-1,-1,-1
668,2689,274,477,30,75,1,-1,-1,-1
668,2709,718,447,35,74,1,-1,-1,-1
668,2710,152,419,41,74,1,-1,-1,-1
668,2711,76,504,54,90,1,-1,-1,-1
668,2712,1887,551,28,97,1,-1,-1,-1
669,2611,767,452,40,75,1,-1,-1,-1
669,2612,240,461,48,79,1,-1,-1,-1
669,2613,188,411,45,78,1,-1,-1,-1
669,2614,355,477,37,87,1,-1,-1,-1
669,2618,565,396,26,70,1,-1,-1,-1
669,2619,512,428,33,79,1,-1,-1,-1
669,2620,432,411,32,72,1,-1,-1,-1
669,2621,263,410,33,71,1,-1,-1,-1
669,2622,690,424,26,67,1,-1,-1,-1
669,2623,436,405,23,71,1,-1,-1,-1
669,2625,507,417,22,71,1,-1,-1,-1
669,2626,582,411,25,71,1,-1,-1,-1
669,2628,642,432,36,71,1,-1,-1,-1
669,2688,533,422,27,65,1,-1,-1,-1
669,2689,273,478,29,75,1,-1,-1,-1
669,2709,724,448,34,74,1,-1,-1,-1
669,2710,152,419,42,74,1,-1,-1,-1
669,2711,75,504,55,90,1,-1,-1,-1
669,2712,1887,552,29,97,1,-1,-1,-1
670,2611,762,453,40,75,1,-1,-1,-1
670,2612,237,462,47,79,1,-1,-1,-1
670,2613,187,412,45,78,1,-1,-1,-1
670,2614,353,478,37,87,1,-1,-1,-1
670,2618,565,397,25,70,1,-1,-1,-1
670,2619,510,428,33,79,1,-1,-1,-1
670,2620,431,412,33,72,1,-1,-1,-1
670,2621,261,411,33,71,1,-1,-1,-1
670,2622,686,423,26,68,1,-1,-1,-1
670,2623,436,406,22,71,1,-1,-1,-1
670,2625,506,418,22,71,1,-1,-1,-1
670,2626,581,411,24,71,1,-1,-1,-1
670,2628,637,432,36,71,1,-1,-1,-1
670,2688,534,423,26,65,1,-1,-1,-1
670,2689,272,478,29,75,1,-1,-1,-1
670,2709,731,448,34,74,1,-1,-1,-1
670,2710,153,420,41,74,1,-1,-1,-1
670,2711,75,504,55,90,1,-1,-1,-1
670,2712,1887,552,28,98,1,-1,-1,-1
671,2611,757,454,40,75,1,-1,-1,-1
671,2612,233,462,48,79,1,-1,-1,-1
671,2613,187,413,44,78,1,-1,-1,-1
671,2614,350,478,38,87,1,-1,-1,-1
671,2618,564,398,26,69,1,-1,-1,-1
671,2619,508,429,33,78,1,-1,-1,-1
671,2620,430,413,33,72,1,-1,-1,-1
671,2621,259,412,34,71,1,-1,-1,-1
671,2622,682,423,26,68,1,-1,-1,-1
671,2623,435,406,22,71,1,-1,-1,-1
671,2625,505,418,22,71,1,-1,-1,-1
671,2626,579,412,25,70,1,-1,-1,-1
671,2628,632,433,35,71,1,-1,-1,-1
671,2688,534,423,27,65,1,-1,-1,-1
671,2689,271,479,29,75,1,-1,-1,-1
671,2709,737,449,33,73,1,-1,-1,-1
671,2710,153,420,41,74,1,-1,-1,-1
671,2711,74,504,56,90,1,-1,-1,-1
671,2712,1886,553,28,97,1,-1,-1,-1
672,2611,752,454,40,75,1,-1,-1,-1
672,2612,230,463,48,79,1,-1,-1,-1
672,2613,186,414,44,78,1,-1,-1,-1
672,2614,348,478,37,87,1,-1,-1,-1
672,2618,564,398,25,70,1,-1,-1,-1
672,2619,505,429,34,78,1,-1,-1,-1
672,2620,429,414,33,72,1,-1,-1,-1
672,2621,257,412,34,71,1,-1,-1,-1
672,2622,677,423,26,68,1,-1,-1,-1
672,2623,434,407,22,71,1,-1,-1,-1
672,2625,504,419,22,71,1,-1,-1,-1
672,2626,578,412,24,70,1,-1,-1,-1
672,2628,626,434,35,71,1,-1,-1,-1
672,2688,534,424,27,65,1,-1,-1,-1
672,2689,270,480,29,75,1,-1,-1,-1
672,2709,743,450,32,73,1,-1,-1,-1
672,2710,153,421,40,73,1,-1,-1,-1
672,2711,73,504,56,90,1,-1,-1,-1
672,2712,1885,554,29,97,1,-1,-1,-1
673,2611,747,455,40,75,1,-1,-1,-1
673,2612,227,464,48,79,1,-1,-1,-1
673,2613,185,415,44,78,1,-1,-1,-1
673,2614,346,478,37,87,1,-1,-1,-1
673,2618,563,399,25,70,1,-1,-1,-1
673,2619,504,429,33,78,1,-1,-1,-1
673,2620,429,415,33,72,1,-1,-1,-1
673,2621,256,413,34,71,1,-1,-1,-1
673,2622,673,423,26,69,1,-1,-1,-1
673,2623,433,407,22,71,1,-1,-1,-1
673,2625,503,420,23,71,1,-1,-1,-1
673,2626,577,413,24,70,1,-1,-1,-1
673,2628,620,434,36,71,1,-1,-1,-1
673,2688,535,425,26,65,1,-1,-1,-1
673,2689,269,480,29,75,1,-1,-1,-1
673,2709,749,451,32,73,1,-1,-1,-1
673,2710,154,421,40,74,1,-1,-1,-1
673,2711,73,504,56,90,1,-1,-1,-1
673,2712,1883,555,30,97,1,-1,-1,-1
674,2611,742,456,40,75,1,-1,-1,-1
674,2612,224,464,47,79,1,-1,-1,-1
674,2613,184,416,43,78,1,-1,-1,-1
674,2614,344,478,37,87,1,-1,-1,-1
674,2618,563,400,25,70,1,-1,-1,-1
674,2619,502,430,33,77,1,-1,-1,-1
674,2620,428,415,33,72,1,-1,-1,-1
674,2621,254,414,34,71,1,-1,-1,-1
674,2622,669,423,26,69,1,-1,-1,-1
674,2623,433,408,21,71,1,-1,-1,-1
674,2625,502,421,23,71,1,-1,-1,-1
674,2626,575,413,25,70,1,-1,-1,-1
674,2628,615,435,35,71,1,-1,-1,-1
674,2688,535,426,26,65,1,-1,-1,-1
674,2689,268,481,29,75,1,-1,-1,-1
674,2709,755,451,31,73,1,-1,-1,-1
674,2710,155,422,39,73,1,-1,-1,-1
674,2711,73,504,56,90,1,-1,-1,-1
674,2712,1883,555,29,97,1,-1,-1,-1
675,2611,737,456,41,75,1,-1,-1,-1
675,2612,220,465,48,79,1,-1,-1,-1
675,2613,184,417,42,78,1,-1,-1,-1
675,2614,342,478,37,87,1,-1,-1,-1
675,2618,562,401,25,70,1,-1,-1,-1
675,2619,498,431,34,77,1,-1,-1,-1
675,2620,427,417,33,72,1,-1,-1,-1
675,2621,251,416,34,71,1,-1,-1,-1
675,2622,662,423,27,69,1,-1,-1,-1
675,2623,432,409,21,71,1,-1,-1,-1
675,2625,500,422,24,71,1,-1,-1,-1
675,2626,574,414,24,70,1,-1,-1,-1
675,2628,606,436,35,71,1,-1,-1,-1
675,2688,536,428,25,65,1,-1,-1,-1
675,2689,266,481,29,75,1,-1,-1,-1
675,2709,764,453,31,73,1,-1,-1,-1
675,2710,156,422,38,73,1,-1,-1,-1
675,2711,72,505,57,89,1,-1,-1,-1
675,2712,1881,556,29,97,1,-1,-1,-1
676,2611,733,457,40,75,1,-1,-1,-1
676,2612,217,466,48,79,1,-1,-1,-1
676,2613,183,418,42,78,1,-1,-1,-1
676,2614,340,479,37,87,1,-1,-1,-1
676,2618,562,401,24,70,1,-1,-1,-1
676,2619,497,431,34,77,1,-1,-1,-1
676,2620,426,418,33,72,1,-1,-1,-1
676,2621,250,417,34,71,1,-1,-1,-1
676,2622,660,422,26,70,1,-1,-1,-1
676,2623,431,410,21,70,1,-1,-1,-1
676,2625,499,422,24,71,1,-1,-1,-1
676,2626,573,414,25,70,1,-1,-1,-1
676,2628,603,437,34,71,1,-1,-1,-1
676,2688,536,429,26,65,1,-1,-1,-1
676,2689,265,482,29,75,1,-1,-1,-1
676,2709,768,454,30,73,1,-1,-1,-1
676,2710,156,423,38,72,1,-1,-1,-1
676,2711,71,505,57,89,1,-1,-1,-1
676,2712,1880,557,30,97,1,-1,-1,-1
677,2611,728,458,40,75,1,-1,-1,-1
677,2612,214,466,48,79,1,-1,-1,-1
677,2613,183,419,41,78,1,-1,-1,-1
677,2614,338,479,38,87,1,-1,-1,-1
677,2618,562,402,24,70,1,-1,-1,-1
677,2619,495,432,34,76,1,-1,-1,-1
677,2620,427,418,33,72,1,-1,-1,-1
677,2621,249,417,34,71,1,-1,-1,-1
677,2622,656,422,27,70,1,-1,-1,-1
677,2623,431,410,22,71,1,-1,-1,-1
677,2625,499,423,24,71,1,-1,-1,-1
677,2626,572,415,25,70,1,-1,-1,-1
677,2628,599,437,34,71,1,-1,-1,-1
677,2688,537,429,25,65,1,-1,-1,-1
677,2689,265,482,29,75,1,-1,-1,-1
677,2709,773,454,29,73,1,-1,-1,-1
677,2710,156,423,38,73,1,-1,-1,-1
677,2711,71,505,57,89,1,-1,-1,-1
677,2712,1880,557,30,97,1,-1,-1,-1
678,2611,723,458,40,75,1,-1,-1,-1
678,2612,211,467,47,79,1,-1,-1,-1
678,2613,182,420,41,78,1,-1,-1,-1
678,2614,336,479,38,87,1,-1,-1,-1
678,2618,562,402,25,70,1,-1,-1,-1
678,2619,493,432,35,77,1,-1,-1,-1
678,2620,428,418,33,72,1,-1,-1,-1
678,2621,247,417,34,71,1,-1,-1,-1
678,2622,653,422,27,70,1,-1,-1,-1
678,2623,431,411,21,71,1,-1,-1,-1
678,2625,498,423,24,71,1,-1,-1,-1
678,2626,572,415,25,70,1,-1,-1,-1
678,2628,594,437,34,72,1,-1,-1,-1
678,2688,539,429,26,66,1,-1,-1,-1
678,2689,264,483,29,74,1,-1,-1,-1
678,2709,778,454,29,73,1,-1,-1,-1
678,2710,157,424,37,72,1,-1,-1,-1
678,2711,70,506,58,88,1,-1,-1,-1
678,2712,1880,558,30,97,1,-1,-1,-1
679,2611,718,459,41,75,1,-1,-1,-1
679,2612,207,468,48,79,1,-1,-1,-1
679,2613,181,421,40,78,1,-1,-1,-1
679,2614,334,480,38,86,1,-1,-1,-1
679,2618,562,403,24,69,1,-1,-1,-1
679,2619,491,432,35,77,1,-1,-1,-1
679,2620,428,419,33,72,1,-1,-1,-1
679,2621,246,418,34,71,1,-1,-1,-1
679,2622,649,423,27,69,1,-1,-1,-1
679,2623,431,411,21,71,1,-1,-1,-1
679,2625,497,423,25,71,1,-1,-1,-1
679,2626,571,416,25,70,1,-1,-1,-1
679,2628,589,437,34,72,1,-1,-1,-1
679,2688,542,430,25,66,1,-1,-1,-1
679,2689,263,484,29,74,1,-1,-1,-1
679,2709,783,455,29,73,1,-1,-1,-1
679,2710,157,424,37,73,1,-1,-1,-1
679,2711,69,506,58,88,1,-1,-1,-1
679,2712,1881,558,30,97,1,-1,-1,-1
680,2611,712,460,41,75,1,-1,-1,-1
680,2612,204,468,48,79,1,-1,-1,-1
680,2613,181,422,39,78,1,-1,-1,-1
680,2614,332,480,38,86,1,-1,-1,-1
680,2618,563,403,24,69,1,-1,-1,-1
680,2619,490,432,35,77,1,-1,-1,-1
680,2620,429,419,33,72,1,-1,-1,-1
680,2621,244,418,34,71,1,-1,-1,-1
680,2622,645,423,27,69,1,-1,-1,-1
680,2623,431,412,20,70,1,-1,-1,-1
680,2625,496,423,26,71,1,-1,-1,-1
680,2626,571,416,25,70,1,-1,-1,-1
680,2628,584,437,34,72,1,-1,-1,-1
680,2688,544,431,25,66,1,-1,-1,-1
680,2689,262,484,29,74,1,-1,-1,-1
680,2709,788,456,29,73,1,-1,-1,-1
680,2710,158,424,36,74,1,-1,-1,-1
680,2711,69,506,58,88,1,-1,-1,-1
680,2712,1881,559,30,97,1,-1,-1,-1
681,2611,708,461,41,75,1,-1,-1,-1
681,2612,201,469,47,79,1,-1,-1,-1
681,2613,181,423,38,78,1,-1,-1,-1
681,2614,330,480,38,86,1,-1,-1,-1
681,2618,564,403,23,69,1,-1,-1,-1
681,2619,488,432,36,77,1,-1,-1,-1
681,2620,430,420,33,72,1,-1,-1,-1
681,2621,242,419,34,71,1,-1,-1,-1
681,2622,641,423,28,69,1,-1,-1,-1
681,2623,431,412,21,70,1,-1,-1,-1
681,2625,495,424,26,71,1,-1,-1,-1
681,2626,569,416,26,70,1,-1,-1,-1
681,2628,579,438,34,72,1,-1,-1,-1
681,2688,546,431,24,67,1,-1,-1,-1
681,2689,261,485,30,74,1,-1,-1,-1
681,2709,794,457,28,73,1,-1,-1,-1
681,2710,159,425,35,74,1,-1,-1,-1
681,2711,68,506,59,88,1,-1,-1,-1
681,2712,1881,559,31,97,1,-1,-1,-1
682,2611,703,461,40,75,1,-1,-1,-1
682,2612,197,470,48,79,1,-1,-1,-1
682,2613,180,424,37,78,1,-1,-1,-1
682,2614,328,480,38,86,1,-1,-1,-1
682,2618,564,404,24,69,1,-1,-1,-1
682,2619,486,432,36,77,1,-1,-1,-1
682,2620,431,420,33,72,1,-1,-1,-1
682,2621,240,420,35,71,1,-1,-1,-1
682,2622,637,423,28,68,1,-1,-1,-1
682,2623,430,413,21,70,1,-1,-1,-1
682,2625,495,424,26,71,1,-1,-1,-1
682,2626,569,417,25,70,1,-1,-1,-1
682,2628,574,438,34,73,1,-1,-1,-1
682,2688,548,432,24,66,1,-1,-1,-1
682,2689,260,486,30,73,1,-1,-1,-1
682,2709,799,457,28,73,1,-1,-1,-1
682,2710,160,425,34,74,1,-1,-1,-1
682,2711,68,506,59,89,1,-1,-1,-1
682,2712,1881,560,31,97,1,-1,-1,-1
683,2611,698,462,41,75,1,-1,-1,-1
683,2612,195,470,47,79,1,-1,-1,-1
683,2613,180,425,37,78,1,-1,-1,-1
683,2614,326,481,38,85,1,-1,-1,-1
683,2618,565,404,23,69,1,-1,-1,-1
683,2619,485,433,35,77,1,-1,-1,-1
683,2620,432,421,33,72,1,-1,-1,-1
683,2621,238,420,34,71,1,-1,-1,-1
683,2622,633,423,28,68,1,-1,-1,-1
683,2623,430,413,21,70,1,-1,-1,-1
683,2625,494,424,26,72,1,-1,-1,-1
683,2626,568,417,26,70,1,-1,-1,-1
683,2628,569,438,34,73,1,-1,-1,-1
683,2688,550,432,24,67,1,-1,-1,-1
683,2689,259,486,31,73,1,-1,-1,-1
683,2709,805,458,28,73,1,-1,-1,-1
683,2710,161,425,33,74,1,-1,-1,-1
683,2711,68,506,60,89,1,-1,-1,-1
683,2712,1881,560,31,97,1,-1,-1,-1
684,2611,693,462,41,75,1,-1,-1,-1
684,2612,193,471,46,79,1,-1,-1,-1
684,2613,180,425,36,78,1,-1,-1,-1
684,2614,325,481,38,86,1,-1,-1,-1
684,2618,565,405,23,69,1,-1,-1,-1
684,2619,483,433,35,77,1,-1,-1,-1
684,2620,432,421,33,72,1,-1,-1,-1
684,2621,237,421,34,71,1,-1,-1,-1
684,2622,629,423,29,67,1,-1,-1,-1
684,2623,430,414,21,70,1,-1,-1,-1
684,2625,493,425,26,72,1,-1,-1,-1
684,2626,568,418,25,70,1,-1,-1,-1
684,2628,564,438,35,73,1,-1,-1,-1
684,2688,552,433,24,67,1,-1,-1,-1
684,2689,259,487,30,73,1,-1,-1,-1
684,2709,810,459,28,73,1,-1,-1,-1
684,2710,162,425,32,74,1,-1,-1,-1
684,2711,69,507,60,89,1,-1,-1,-1
684,2712,1881,561,31,97,1,-1,-1,-1
685,2611,688,463,40,75,1,-1,-1,-1
685,2612,190,471,47,79,1,-1,-1,-1
685,2613,180,426,36,78,1,-1,-1,-1
685,2614,323,481,38,86,1,-1,-1,-1
685,2618,566,405,23,69,1,-1,-1,-1
685,2619,481,433,36,78,1,-1,-1,-1
685,2620,433,422,33,72,1,-1,-1,-1
685,2621,235,421,34,71,1,-1,-1,-1
685,2622,625,424,30,66,1,-1,-1,-1
685,2623,429,414,22,70,1,-1,-1,-1
685,2625,493,425,25,72,1,-1,-1,-1
685,2626,568,418,25,70,1,-1,-1,-1
685,2628,559,438,35,73,1,-1,-1,-1
685,2688,554,434,24,67,1,-1,-1,-1
685,2689,257,488,31,73,1,-1,-1,-1
685,2709,815,460,28,73,1,-1,-1,-1
685,2710,162,426,32,74,1,-1,-1,-1
685,2711,71,507,60,89,1,-1,-1,-1
685,2712,1881,561,31,97,1,-1,-1,-1
686,2611,683,463,40,75,1,-1,-1,-1
686,2612,189,471,46,79,1,-1,-1,-1
686,2613,181,426,35,78,1,-1,-1,-1
686,2614,321,481,38,86,1,-1,-1,-1
686,2618,566,406,23,69,1,-1,-1,-1
686,2619,480,434,36,77,1,-1,-1,-1
686,2620,434,422,33,72,1,-1,-1,-1
686,2621,234,422,33,71,1,-1,-1,-1
686,2622,621,424,30,66,1,-1,-1,-1
686,2623,429,415,22,70,1,-1,-1,-1
686,2625,492,425,26,72,1,-1,-1,-1
686,2626,567,419,26,70,1,-1,-1,-1
686,2628,554,438,35,73,1,-1,-1,-1
686,2688,557,434,23,68,1,-1,-1,-1
686,2689,256,489,32,72,1,-1,-1,-1
686,2709,821,460,27,73,1,-1,-1,-1
686,2710,162,426,32,75,1,-1,-1,-1
686,2711,72,508,60,89,1,-1,-1,-1
686,2712,1881,562,32,97,1,-1,-1,-1
687,2611,678,463,40,75,1,-1,-1,-1
687,2612,187,472,46,79,1,-1,-1,-1
687,2613,181,426,34,78,1,-1,-1,-1
687,2614,320,481,38,85,1,-1,-1,-1
687,2618,567,406,23,69,1,-1,-1,-1
687,2619,478,434,36,78,1,-1,-1,-1
687,2620,435,423,32,72,1,-1,-1,-1
687,2621,232,423,33,71,1,-1,-1,-1
687,2622,617,424,31,66,1,-1,-1,-1
687,2623,429,415,22,70,1,-1,-1,-1
687,2625,492,426,25,72,1,-1,-1,-1
687,2626,567,419,25,70,1,-1,-1,-1
687,2628,549,438,35,74,1,-1,-1,-1
687,2688,559,435,23,67,1,-1,-1,-1
687,2689,255,489,32,72,1,-1,-1,-1
687,2709,826,461,28,73,1,-1,-1,-1
687,2710,163,426,31,75,1,-1,-1,-1
687,2711,71,508,60,89,1,-1,-1,-1
687,2712,1881,562,32,97,1,-1,-1,-1
688,2611,673,464,40,75,1,-1,-1,-1
688,2612,185,472,46,79,1,-1,-1,-1
688,2613,181,426,34,78,1,-1,-1,-1
688,2614,318,481,38,85,1,-1,-1,-1
688,2618,567,407,22,69,1,-1,-1,-1
688,2619,476,434,36,78,1,-1,-1,-1
688,2620,436,423,33,73,1,-1,-1,-1
688,2621,230,423,33,71,1,-1,-1,-1
688,2622,612,425,32,65,1,-1,-1,-1
688,2623,428,416,22,70,1,-1,-1,-1
688,2625,490,426,26,72,1,-1,-1,-1
688,2626,567,419,24,70,1,-1,-1,-1
688,2628,543,438,34,74,1,-1,-1,-1
688,2688,561,435,24,68,1,-1,-1,-1
688,2689,254,490,32,72,1,-1,-1,-1
688,2709,831,462,28,73,1,-1,-1,-1
688,2710,164,427,29,75,1,-1,-1,-1
688,2711,69,509,60,88,1,-1,-1,-1
688,2712,1881,563,32,97,1,-1,-1,-1
689,2611,668,464,40,75,1,-1,-1,-1
689,2612,183,472,45,79,1,-1,-1,-1
689,2613,181,427,34,78,1,-1,-1,-1
689,2614,316,481,38,85,1,-1,-1,-1
689,2618,567,407,23,69,1,-1,-1,-1
689,2619,474,434,36,78,1,-1,-1,-1
689,2620,436,424,33,73,1,-1,-1,-1
689,2621,229,424,33,71,1,-1,-1,-1
689,2622,609,425,32,64,1,-1,-1,-1
689,2623,428,416,22,70,1,-1,-1,-1
689,2625,490,426,26,72,1,-1,-1,-1
689,2626,567,420,24,67,1,-1,-1,-1
689,2628,539,438,34,75,1,-1,-1,-1
689,2688,562,436,23,68,1,-1,-1,-1
689,2689,253,491,33,71,1,-1,-1,-1
689,2709,836,463,28,73,1,-1,-1,-1
689,2710,164,427,29,75,1,-1,-1,-1
689,2711,68,509,59,88,1,-1,-1,-1
689,2712,1880,563,32,97,1,-1,-1,-1
690,2611,663,464,40,75,1,-1,-1,-1
690,2612,180,472,45,79,1,-1,-1,-1
690,2613,182,427,33,78,1,-1,-1,-1
690,2614,315,481,38,84,1,-1,-1,-1
690,2618,567,408,22,69,1,-1,-1,-1
690,2619,472,435,36,77,1,-1,-1,-1
690,2620,437,424,32,72,1,-1,-1,-1
690,2621,228,424,33,71,1,-1,-1,-1
690,2622,605,424,32,65,1,-1,-1,-1
690,2623,428,416,22,70,1,-1,-1,-1
690,2625,489,427,26,72,1,-1,-1,-1
690,2626,567,420,23,64,1,-1,-1,-1
690,2628,535,439,35,74,1,-1,-1,-1
690,2688,564,437,22,67,1,-1,-1,-1
690,2689,253,491,34,72,1,-1,-1,-1
690,2709,841,463,28,73,1,-1,-1,-1
690,2710,165,427,27,75,1,-1,-1,-1
690,2711,68,510,59,88,1,-1,-1,-1
690,2712,1879,563,32,97,1,-1,-1,-1
691,2611,658,465,40,75,1,-1,-1,-1
691,2612,178,473,45,79,1,-1,-1,-1
691,2613,182,428,33,78,1,-1,-1,-1
691,2614,313,481,38,84,1,-1,-1,-1
691,2618,566,408,23,69,1,-1,-1,-1
691,2619,471,435,36,77,1,-1,-1,-1
691,2620,437,424,32,73,1,-1,-1,-1
691,2621,227,425,33,71,1,-1,-1,-1
691,2622,601,424,33,65,1,-1,-1,-1
691,2623,427,417,23,70,1,-1,-1,-1
691,2625,488,427,26,72,1,-1,-1,-1
691,2626,567,420,22,59,1,-1,-1,-1
691,2628,530,440,35,74,1,-1,-1,-1
691,2688,565,437,22,67,1,-1,-1,-1
691,2689,253,492,34,71,1,-1,-1,-1
691,2709,847,464,28,73,1,-1,-1,-1
691,2710,165,428,27,74,1,-1,-1,-1
691,2711,67,510,60,88,1,-1,-1,-1
691,2712,1877,564,32,96,1,-1,-1,-1
692,2611,653,465,40,75,1,-1,-1,-1
692,2612,176,473,45,79,1,-1,-1,-1
692,2613,182,428,33,78,1,-1,-1,-1
692,2614,311,481,38,84,1,-1,-1,-1
692,2618,566,408,22,69,1,-1,-1,-1
692,2619,469,435,36,77,1,-1,-1,-1
692,2620,437,425,31,72,1,-1,-1,-1
692,2621,226,425,33,71,1,-1,-1,-1
692,2622,597,423,33,65,1,-1,-1,-1
692,2623,427,417,23,70,1,-1,-1,-1
692,2625,488,427,26,72,1,-1,-1,-1
692,2626,567,420,21,57,1,-1,-1,-1
692,2628,526,440,35,74,1,-1,-1,-1
692,2688,566,437,22,68,1,-1,-1,-1
692,2689,252,492,35,72,1,-1,-1,-1
692,2709,852,465,29,73,1,-1,-1,-1
692,2710,164,428,27,73,1,-1,-1,-1
692,2711,67,510,59,88,1,-1,-1,-1
692,2712,1875,564,32,96,1,-1,-1,-1
693,2611,648,465,40,75,1,-1,-1,-1
693,2612,174,473,44,79,1,-1,-1,-1
693,2613,182,428,33,78,1,-1,-1,-1
693,2614,309,481,38,84,1,-1,-1,-1
693,2618,565,409,22,68,1,-1,-1,-1
693,2619,468,435,35,76,1,-1,-1,-1
693,2620,437,425,31,72,1,-1,-1,-1
693,2621,226,425,32,71,1,-1,-1,-1
693,2622,593,423,33,65,1,-1,-1,-1
693,2623,426,417,24,70,1,-1,-1,-1
693,2625,487,428,25,71,1,-1,-1,-1
693,2626,566,420,22,58,1,-1,-1,-1
693,2628,522,441,34,73,1,-1,-1,-1
693,2688,567,438,23,67,1,-1,-1,-1
693,2689,252,492,35,72,1,-1,-1,-1
693,2709,857,466,29,73,1,-1,-1,-1
693,2710,165,428,25,73,1,-1,-1,-1
693,2711,68,510,58,88,1,-1,-1,-1
693,2712,1873,564,32,95,1,-1,-1,-1
694,2611,643,466,40,75,1,-1,-1,-1
694,2612,173,474,43,79,1,-1,-1,-1
694,2613,182,429,32,78,1,-1,-1,-1
694,2614,308,481,38,84,1,-1,-1,-1
694,2618,565,409,22,68,1,-1,-1,-1
694,2619,465,435,35,76,1,-1,-1,-1
694,2620,437,425,31,72,1,-1,-1,-1
694,2621,225,426,33,71,1,-1,-1,-1
694,2622,589,422,33,66,1,-1,-1,-1
694,2623,426,417,24,70,1,-1,-1,-1
694,2625,486,428,25,71,1,-1,-1,-1
694,2626,565,420,23,59,1,-1,-1,-1
694,2628,517,442,35,73,1,-1,-1,-1
694,2688,568,438,23,66,1,-1,-1,-1
694,2689,252,492,36,72,1,-1,-1,-1
694,2709,862,466,29,73,1,-1,-1,-1
694,2710,164,429,25,72,1,-1,-1,-1
694,2711,67,509,59,88,1,-1,-1,-1
694,2712,1869,564,32,95,1,-1,-1,-1
695,2611,638,466,40,75,1,-1,-1,-1
695,2612,171,474,43,79,1,-1,-1,-1
695,2613,182,429,32,78,1,-1,-1,-1
695,2614,306,481,38,83,1,-1,-1,-1
695,2618,564,410,22,68,1,-1,-1,-1
695,2619,463,435,35,76,1,-1,-1,-1
695,2620,438,425,30,72,1,-1,-1,-1
695,2621,224,426,32,71,1,-1,-1,-1
695,2622,584,421,31,66,1,-1,-1,-1
695,2623,426,417,24,70,1,-1,-1,-1
695,2625,486,428,25,71,1,-1,-1,-1
695,2626,565,421,23,60,1,-1,-1,-1
695,2628,514,442,34,73,1,-1,-1,-1
695,2688,569,438,23,67,1,-1,-1,-1
695,2689,252,493,36,72,1,-1,-1,-1
695,2709,868,467,28,73,1,-1,-1,-1
695,2710,164,429,24,71,1,-1,-1,-1
695,2711,68,509,58,88,1,-1,-1,-1
695,2712,1868,564,32,95,1,-1,-1,-1
696,2611,633,467,40,75,1,-1,-1,-1
696,2612,169,474,42,79,1,-1,-1,-1
696,2613,182,430,32,78,1,-1,-1,-1
696,2614,304,481,38,83,1,-1,-1,-1
696,2618,564,410,22,68,1,-1,-1,-1
696,2619,461,435,35,75,1,-1,-1,-1
696,2620,438,425,30,72,1,-1,-1,-1
696,2621,223,426,32,71,1,-1,-1,-1
696,2622,582,421,30,66,1,-1,-1,-1
696,2623,425,418,24,70,1,-1,-1,-1
696,2625,485,429,25,71,1,-1,-1,-1
696,2626,564,421,23,62,1,-1,-1,-1
696,2628,509,443,34,72,1,-1,-1,-1
696,2688,570,439,24,66,1,-1,-1,-1
696,2689,252,493,36,72,1,-1,-1,-1
696,2709,873,468,29,73,1,-1,-1,-1
696,2710,164,429,24,71,1,-1,-1,-1
696,2711,68,509,57,88,1,-1,-1,-1
696,2712,1866,564,32,95,1,-1,-1,-1
697,2611,627,467,41,75,1,-1,-1,-1
697,2612,167,475,41,79,1,-1,-1,-1
697,2613,182,430,31,78,1,-1,-1,-1
697,2614,303,481,38,83,1,-1,-1,-1
697,2618,563,410,22,68,1,-1,-1,-1
697,2619,460,435,34,75,1,-1,-1,-1
697,2620,438,425,30,72,1,-1,-1,-1
697,2621,223,427,31,71,1,-1,-1,-1
697,2622,579,420,29,66,1,-1,-1,-1
697,2623,425,418,25,70,1,-1,-1,-1
697,2625,484,429,25,70,1,-1,-1,-1
697,2626,563,421,24,63,1,-1,-1,-1
697,2628,505,444,34,72,1,-1,-1,-1
697,2688,571,439,24,66,1,-1,-1,-1
697,2689,252,493,36,72,1,-1,-1,-1
697,2709,878,469,29,73,1,-1,-1,-1
697,2710,163,429,24,71,1,-1,-1,-1
697,2711,68,509,56,88,1,-1,-1,-1
697,2712,1863,565,33,94,1,-1,-1,-1
698,2611,622,467,41,75,1,-1,-1,-1
698,2612,165,475,41,79,1,-1,-1,-1
698,2613,182,430,31,78,1,-1,-1,-1
698,2614,301,481,38,83,1,-1,-1,-1
698,2618,562,411,23,68,1,-1,-1,-1
698,2619,458,435,34,74,1,-1,-1,-1
698,2620,438,426,30,72,1,-1,-1,-1
698,2621,222,427,32,71,1,-1,-1,-1
698,2622,575,421,28,65,1,-1,-1,-1
698,2623,424,418,25,71,1,-1,-1,-1
698,2625,484,429,24,70,1,-1,-1,-1
698,2626,562,421,25,65,1,-1,-1,-1
698,2628,500,444,35,72,1,-1,-1,-1
698,2688,572,440,24,65,1,-1,-1,-1
698,2689,251,493,37,73,1,-1,-1,-1
698,2709,883,469,29,73,1,-1,-1,-1
698,2710,163,430,24,69,1,-1,-1,-1
698,2711,69,509,55,87,1,-1,-1,-1
698,2712,1860,565,32,95,1,-1,-1,-1
699,2611,617,468,40,75,1,-1,-1,-1
699,2612,163,475,40,79,1,-1,-1,-1
699,2613,181,431,32,78,1,-1,-1,-1
699,2614,299,481,38,83,1,-1,-1,-1
699,2618,562,411,22,68,1,-1,-1,-1
699,2619,456,435,34,74,1,-1,-1,-1
699,2620,438,426,29,72,1,-1,-1,-1
699,2621,222,427,31,71,1,-1,-1,-1
699,2622,571,421,28,65,1,-1,-1,-1
699,2623,424,418,25,71,1,-1,-1,-1
699,2625,483,430,24,70,1,-1,-1,-1
699,2626,562,421,25,67,1,-1,-1,-1
699,2628,496,445,35,72,1,-1,-1,-1
699,2688,573,440,24,65,1,-1,-1,-1
699,2689,250,494,38,72,1,-1,-1,-1
699,2709,888,470,29,73,1,-1,-1,-1
699,2710,163,430,23,69,1,-1,-1,-1
699,2711,68,509,55,87,1,-1,-1,-1
699,2712,1858,565,32,95,1,-1,-1,-1
700,2611,608,468,41,75,1,-1,-1,-1
700,2612,161,475,39,79,1,-1,-1,-1
700,2613,181,431,31,78,1,-1,-1,-1
700,2614,298,481,38,83,1,-1,-1,-1
700,2618,561,411,22,68,1,-1,-1,-1
700,2619,454,435,33,74,1,-1,-1,-1
700,2620,439,426,28,71,1,-1,-1,-1
700,2621,220,428,32,71,1,-1,-1,-1
700,2622,568,421,26,64,1,-1,-1,-1
700,2623,424,418,25,71,1,-1,-1,-1
700,2625,482,430,24,69,1,-1,-1,-1
700,2626,560,422,25,68,1,-1,-1,-1
700,2628,489,446,34,71,1,-1,-1,-1
700,2688,574,440,25,65,1,-1,-1,-1
700,2689,250,494,38,73,1,-1,-1,-1
700,2709,896,471,30,73,1,-1,-1,-1
700,2710,162,430,23,68,1,-1,-1,-1
700,2711,69,509,54,86,1,-1,-1,-1
700,2712,1854,565,32,95,1,-1,-1,-1
701,2611,605,469,41,75,1,-1,-1,-1
701,2612,159,476,39,79,1,-1,-1,-1
701,2613,181,432,31,78,1,-1,-1,-1
701,2614,296,481,38,83,1,-1,-1,-1
701,2618,560,412,23,68,1,-1,-1,-1
701,2619,452,435,33,73,1,-1,-1,-1
701,2620,439,426,27,71,1,-1,-1,-1
701,2621,220,428,30,71,1,-1,-1,-1
701,2622,564,421,25,63,1,-1,-1,-1
701,2623,424,419,25,71,1,-1,-1,-1
701,2625,482,430,24,69,1,-1,-1,-1
701,2626,559,422,26,69,1,-1,-1,-1
701,2628,486,447,35,71,1,-1,-1,-1
701,2688,575,441,25,65,1,-1,-1,-1
701,2689,250,494,38,73,1,-1,-1,-1
701,2709,900,472,30,73,1,-1,-1,-1
701,2710,162,431,23,67,1,-1,-1,-1
701,2711,69,509,53,86,1,-1,-1,-1
701,2712,1852,566,32,94,1,-1,-1,-1
702,2611,601,469,41,75,1,-1,-1,-1
702,2612,157,476,39,79,1,-1,-1,-1
702,2613,182,432,30,78,1,-1,-1,-1
702,2614,294,481,38,82,1,-1,-1,-1
702,2618,560,412,23,68,1,-1,-1,-1
702,2619,451,435,33,73,1,-1,-1,-1
702,2620,441,426,27,71,1,-1,-1,-1
702,2621,220,428,30,71,1,-1,-1,-1
702,2622,560,421,24,63,1,-1,-1,-1
702,2623,424,419,25,71,1,-1,-1,-1
702,2625,481,430,24,69,1,-1,-1,-1
702,2626,559,422,26,70,1,-1,-1,-1
702,2628,483,447,35,71,1,-1,-1,-1
702,2688,576,441,26,65,1,-1,-1,-1
702,2689,250,494,37,73,1,-1,-1,-1
702,2709,904,472,31,73,1,-1,-1,-1
702,2710,162,431,23,67,1,-1,-1,-1
702,2711,69,509,52,86,1,-1,-1,-1
702,2712,1852,566,32,95,1,-1,-1,-1
703,2611,595,470,41,75,1,-1,-1,-1
703,2612,155,476,38,79,1,-1,-1,-1
703,2613,182,432,30,78,1,-1,-1,-1
703,2614,293,481,38,82,1,-1,-1,-1
703,2618,561,413,22,68,1,-1,-1,-1
703,2619,449,435,33,73,1,-1,-1,-1
703,2620,442,427,27,70,1,-1,-1,-1
703,2621,219,429,31,71,1,-1,-1,-1
703,2622,555,422,24,61,1,-1,-1,-1
703,2623,424,419,25,71,1,-1,-1,-1
703,2625,481,431,23,69,1,-1,-1,-1
703,2626,560,423,26,70,1,-1,-1,-1
703,2628,480,447,34,71,1,-1,-1,-1
703,2688,578,441,27,65,1,-1,-1,-1
703,2689,250,494,37,73,1,-1,-1,-1
703,2709,909,473,31,73,1,-1,-1,-1
703,2710,162,431,23,69,1,-1,-1,-1
703,2711,70,509,51,86,1,-1,-1,-1
703,2712,1852,566,32,95,1,-1,-1,-1
704,2611,589,471,40,75,1,-1,-1,-1
704,2612,153,477,38,79,1,-1,-1,-1
704,2613,182,433,30,78,1,-1,-1,-1
704,2614,291,481,38,82,1,-1,-1,-1
704,2618,561,413,23,67,1,-1,-1,-1
704,2619,446,435,33,73,1,-1,-1,-1
704,2620,445,427,26,71,1,-1,-1,-1
704,2621,219,429,31,71,1,-1,-1,-1
704,2622,553,422,22,61,1,-1,-1,-1
704,2623,425,419,25,71,1,-1,-1,-1
704,2625,480,431,24,69,1,-1,-1,-1
704,2626,560,423,26,70,1,-1,-1,-1
704,2628,475,447,35,71,1,-1,-1,-1
704,2688,580,441,27,66,1,-1,-1,-1
704,2689,249,495,38,73,1,-1,-1,-1
704,2709,914,474,31,73,1,-1,-1,-1
704,2710,162,432,23,68,1,-1,-1,-1
704,2711,70,509,50,86,1,-1,-1,-1
704,2712,1852,566,32,95,1,-1,-1,-1
705,2611,583,472,40,75,1,-1,-1,-1
705,2612,152,477,36,79,1,-1,-1,-1
705,2613,182,433,30,78,1,-1,-1,-1
705,2614,289,481,38,82,1,-1,-1,-1
705,2618,561,413,23,67,1,-1,-1,-1
705,2619,444,435,32,73,1,-1,-1,-1
705,2620,446,427,26,71,1,-1,-1,-1
705,2621,218,430,31,71,1,-1,-1,-1
705,2622,550,423,22,61,1,-1,-1,-1
705,2623,426,420,25,71,1,-1,-1,-1
705,2625,480,431,23,70,1,-1,-1,-1
705,2626,560,423,26,71,1,-1,-1,-1
705,2628,472,447,34,71,1,-1,-1,-1
705,2688,582,442,28,65,1,-1,-1,-1
705,2689,248,495,38,73,1,-1,-1,-1
705,2709,920,474,31,73,1,-1,-1,-1
705,2710,161,432,24,69,1,-1,-1,-1
705,2711,70,509,50,86,1,-1,-1,-1
705,2712,1851,566,32,95,1,-1,-1,-1
706,2611,578,473,39,75,1,-1,-1,-1
706,2612,149,477,37,79,1,-1,-1,-1
706,2613,182,433,30,78,1,-1,-1,-1
706,2614,287,481,38,82,1,-1,-1,-1
706,2618,561,414,23,67,1,-1,-1,-1
706,2619,442,435,32,73,1,-1,-1,-1
706,2620,448,428,26,70,1,-1,-1,-1
706,2621,218,430,31,71,1,-1,-1,-1
706,2622,548,423,22,62,1,-1,-1,-1
706,2623,426,420,25,71,1,-1,-1,-1
706,2625,479,431,24,70,1,-1,-1,-1
706,2626,561,424,25,70,1,-1,-1,-1
706,2628,468,447,34,71,1,-1,-1,-1
706,2688,584,442,28,66,1,-1,-1,-1
706,2689,248,495,38,73,1,-1,-1,-1
706,2709,925,475,31,73,1,-1,-1,-1
706,2710,161,433,23,69,1,-1,-1,-1
706,2711,70,509,49,86,1,-1,-1,-1
706,2712,1851,566,32,95,1,-1,-1,-1
707,2611,572,474,38,75,1,-1,-1,-1
707,2612,147,478,36,79,1,-1,-1,-1
707,2613,182,434,30,78,1,-1,-1,-1
707,2614,285,481,38,82,1,-1,-1,-1
707,2618,561,414,23,67,1,-1,-1,-1
707,2619,440,434,31,74,1,-1,-1,-1
707,2620,450,428,26,71,1,-1,-1,-1
707,2621,218,430,31,71,1,-1,-1,-1
707,2622,546,424,22,62,1,-1,-1,-1
707,2623,427,420,25,71,1,-1,-1,-1
707,2625,479,432,24,70,1,-1,-1,-1
707,2626,561,424,25,70,1,-1,-1,-1
707,2628,465,448,33,71,1,-1,-1,-1
707,2688,586,442,29,66,1,-1,-1,-1
707,2689,247,495,38,73,1,-1,-1,-1
707,2709,931,476,31,72,1,-1,-1,-1
707,2710,160,433,24,69,1,-1,-1,-1
707,2711,70,509,49,86,1,-1,-1,-1
707,2712,1851,566,32,95,1,-1,-1,-1
708,2611,567,475,37,75,1,-1,-1,-1
708,2612,147,478,35,79,1,-1,-1,-1
708,2613,182,434,30,78,1,-1,-1,-1
708,2614,284,481,39,81,1,-1,-1,-1
708,2618,561,414,23,67,1,-1,-1,-1
708,2619,438,434,31,74,1,-1,-1,-1
708,2620,452,428,26,71,1,-1,-1,-1
708,2621,217,431,31,71,1,-1,-1,-1
708,2622,544,424,21,62,1,-1,-1,-1
708,2623,428,421,24,71,1,-1,-1,-1
708,2625,478,432,24,70,1,-1,-1,-1
708,2626,561,425,25,70,1,-1,-1,-1
708,2628,461,448,33,72,1,-1,-1,-1
708,2688,588,442,29,67,1,-1,-1,-1
708,2689,247,495,37,73,1,-1,-1,-1
708,2709,936,476,31,72,1,-1,-1,-1
708,2710,160,433,24,71,1,-1,-1,-1
708,2711,71,509,47,86,1,-1,-1,-1
708,2712,1850,566,32,95,1,-1,-1,-1
709,2611,562,475,38,75,1,-1,-1,-1
709,2612,147,477,34,79,1,-1,-1,-1
709,2613,182,434,30,78,1,-1,-1,-1
709,2614,283,480,38,82,1,-1,-1,-1
709,2618,561,415,23,67,1,-1,-1,-1
709,2619,435,434,31,73,1,-1,-1,-1
709,2620,454,429,26,71,1,-1,-1,-1
709,2621,217,431,31,71,1,-1,-1,-1
709,2622,541,425,21,62,1,-1,-1,-1
709,2623,428,421,25,71,1,-1,-1,-1
709,2625,477,432,25,70,1,-1,-1,-1
709,2626,561,426,25,70,1,-1,-1,-1
709,2628,457,448,33,72,1,-1,-1,-1
709,2688,590,442,29,67,1,-1,-1,-1
709,2689,247,496,37,73,1,-1,-1,-1
709,2709,942,477,30,72,1,-1,-1,-1
709,2710,160,434,25,70,1,-1,-1,-1
709,2711,71,508,47,86,1,-1,-1,-1
709,2712,1850,566,32,95,1,-1,-1,-1
710,2611,558,475,37,75,1,-1,-1,-1
710,2612,148,477,34,79,1,-1,-1,-1
710,2613,181,434,30,78,1,-1,-1,-1
710,2614,282,480,38,82,1,-1,-1,-1
710,2618,561,415,23,67,1,-1,-1,-1
710,2619,434,433,30,74,1,-1,-1,-1
710,2620,456,429,25,71,1,-1,-1,-1
710,2621,216,432,32,71,1,-1,-1,-1
710,2622,538,426,22,61,1,-1,-1,-1
710,2623,429,421,24,70,1,-1,-1,-1
710,2625,477,432,25,70,1,-1,-1,-1
710,2626,562,426,25,70,1,-1,-1,-1
710,2628,454,448,32,72,1,-1,-1,-1
710,2688,593,443,29,67,1,-1,-1,-1
710,2689,246,496,37,73,1,-1,-1,-1
710,2709,947,478,31,72,1,-1,-1,-1
710,2710,160,434,25,72,1,-1,-1,-1
710,2711,72,508,45,86,1,-1,-1,-1
710,2712,1850,566,32,95,1,-1,-1,-1
711,2611,554,475,36,75,1,-1,-1,-1
711,2612,148,477,34,79,1,-1,-1,-1
711,2613,181,435,30,78,1,-1,-1,-1
711,2614,280,480,39,81,1,-1,-1,-1
711,2618,561,416,23,67,1,-1,-1,-1
711,2619,432,433,29,74,1,-1,-1,-1
711,2620,458,430,25,70,1,-1,-1,-1
711,2621,216,432,32,71,1,-1,-1,-1
711,2622,536,425,21,62,1,-1,-1,-1
711,2623,429,421,24,70,1,-1,-1,-1
711,2625,477,432,24,70,1,-1,-1,-1
711,2626,562,426,25,70,1,-1,-1,-1
711,2628,451,448,31,72,1,-1,-1,-1
711,2688,595,443,29,67,1,-1,-1,-1
711,2689,246,496,36,73,1,-1,-1,-1
711,2709,952,478,31,72,1,-1,-1,-1
711,2710,160,435,25,71,1,-1,-1,-1
711,2711,72,508,44,85,1,-1,-1,-1
711,2712,1849,566,32,95,1,-1,-1,-1
712,2611,549,475,36,75,1,-1,-1,-1
712,2612,149,476,33,79,1,-1,-1,-1
712,2613,181,435,29,78,1,-1,-1,-1
712,2614,279,479,38,82,1,-1,-1,-1
712,2618,561,416,23,66,1,-1,-1,-1
712,2619,430,433,29,74,1,-1,-1,-1
712,2620,459,430,26,70,1,-1,-1,-1
712,2621,216,432,31,71,1,-1,-1,-1
712,2622,532,425,22,62,1,-1,-1,-1
712,2623,430,422,24,70,1,-1,-1,-1
712,2625,476,433,25,70,1,-1,-1,-1
712,2626,562,426,25,70,1,-1,-1,-1
712,2628,447,448,30,72,1,-1,-1,-1
712,2688,597,443,29,68,1,-1,-1,-1
712,2689,245,496,37,73,1,-1,-1,-1
712,2709,958,479,31,72,1,-1,-1,-1
712,2710,159,435,25,72,1,-1,-1,-1
712,2711,72,507,43,86,1,-1,-1,-1
712,2712,1849,566,32,95,1,-1,-1,-1
713,2611,545,475,36,75,1,-1,-1,-1
713,2612,149,476,32,78,1,-1,-1,-1
713,2613,181,435,29,78,1,-1,-1,-1
713,2614,278,479,38,81,1,-1,-1,-1
713,2618,562,416,23,66,1,-1,-1,-1
713,2619,427,433,29,74,1,-1,-1,-1
713,2620,461,430,26,70,1,-1,-1,-1
713,2621,215,433,32,71,1,-1,-1,-1
713,2622,528,424,22,61,1,-1,-1,-1
713,2623,431,422,24,70,1,-1,-1,-1
713,2625,475,433,25,70,1,-1,-1,-1
713,2626,563,426,25,70,1,-1,-1,-1
713,2628,443,448,29,73,1,-1,-1,-1
713,2688,599,443,30,68,1,-1,-1,-1
713,2689,245,496,36,73,1,-1,-1,-1
713,2709,963,480,31,72,1,-1,-1,-1
713,2710,159,435,25,73,1,-1,-1,-1
713,2711,72,507,42,86,1,-1,-1,-1
713,2712,1849,566,31,95,1,-1,-1,-1
714,2611,540,475,36,75,1,-1,-1,-1
714,2612,150,476,32,78,1,-1,-1,-1
714,2613,181,435,29,78,1,-1,-1,-1
714,2614,277,478,38,82,1,-1,-1,-1
714,2618,562,417,23,66,1,-1,-1,-1
714,2619,426,433,28,74,1,-1,-1,-1
714,2620,462,431,26,70,1,-1,-1,-1
714,2621,214,433,32,71,1,-1,-1,-1
714,2622,526,424,23,61,1,-1,-1,-1
714,2623,431,422,24,70,1,-1,-1,-1
714,2625,474,433,26,71,1,-1,-1,-1
714,2626,563,426,25,70,1,-1,-1,-1
714,2628,441,449,28,72,1,-1,-1,-1
714,2688,601,443,30,68,1,-1,-1,-1
714,2689,244,496,36,73,1,-1,-1,-1
714,2709,968,480,31,72,1,-1,-1,-1
714,2710,159,436,25,73,1,-1,-1,-1
714,2711,72,507,42,86,1,-1,-1,-1
714,2712,1849,566,31,95,1,-1,-1,-1
715,2611,535,476,36,75,1,-1,-1,-1
715,2612,151,476,31,78,1,-1,-1,-1
715,2613,180,435,29,78,1,-1,-1,-1
715,2614,276,478,38,82,1,-1,-1,-1
715,2618,561,417,23,66,1,-1,-1,-1
715,2619,425,433,28,74,1,-1,-1,-1
715,2620,463,431,26,70,1,-1,-1,-1
715,2621,214,433,32,71,1,-1,-1,-1
715,2622,524,424,24,61,1,-1,-1,-1
715,2623,432,422,23,70,1,-1,-1,-1
715,2625,473,433,26,71,1,-1,-1,-1
715,2626,563,426,25,70,1,-1,-1,-1
715,2628,438,448,28,73,1,-1,-1,-1
715,2688,603,443,29,68,1,-1,-1,-1
715,2689,244,496,36,73,1,-1,-1,-1
715,2709,973,481,31,72,1,-1,-1,-1
715,2710,159,436,25,72,1,-1,-1,-1
715,2711,72,507,42,86,1,-1,-1,-1
715,2712,1849,567,31,95,1,-1,-1,-1
716,2611,530,476,36,75,1,-1,-1,-1
716,2612,151,475,31,78,1,-1,-1,-1
716,2613,180,435,28,78,1,-1,-1,-1
716,2614,275,478,38,81,1,-1,-1,-1
716,2618,561,417,23,66,1,-1,-1,-1
716,2619,424,433,28,74,1,-1,-1,-1
716,2620,464,430,27,70,1,-1,-1,-1
716,2621,214,433,33,71,1,-1,-1,-1
716,2622,522,424,25,60,1,-1,-1,-1
716,2623,433,422,23,70,1,-1,-1,-1
716,2625,473,433,26,71,1,-1,-1,-1
716,2626,563,426,25,70,1,-1,-1,-1
716,2628,435,448,28,73,1,-1,-1,-1
716,2688,605,444,29,68,1,-1,-1,-1
716,2689,244,496,36,73,1,-1,-1,-1
716,2709,979,481,31,72,1,-1,-1,-1
716,2710,159,436,24,71,1,-1,-1,-1
716,2711,72,507,41,86,1,-1,-1,-1
716,2712,1849,567,31,95,1,-1,-1,-1
717,2611,526,476,36,75,1,-1,-1,-1
717,2612,151,475,31,78,1,-1,-1,-1
717,2613,180,435,28,78,1,-1,-1,-1
717,2614,274,477,38,82,1,-1,-1,-1
717,2618,561,417,23,66,1,-1,-1,-1
717,2619,424,433,27,74,1,-1,-1,-1
717,2620,465,430,26,70,1,-1,-1,-1
717,2621,214,433,33,71,1,-1,-1,-1
717,2622,519,424,25,60,1,-1,-1,-1
717,2623,434,422,23,70,1,-1,-1,-1
717,2625,472,433,26,71,1,-1,-1,-1
717,2626,563,426,25,70,1,-1,-1,-1
717,2628,433,448,27,73,1,-1,-1,-1
717,2688,607,444,30,67,1,-1,-1,-1
717,2689,243,496,36,73,1,-1,-1,-1
717,2709,984,482,31,72,1,-1,-1,-1
717,2710,159,436,24,70,1,-1,-1,-1
717,2711,72,506,40,86,1,-1,-1,-1
717,2712,1850,567,31,95,1,-1,-1,-1
718,2611,521,476,36,75,1,-1,-1,-1
718,2612,152,474,30,78,1,-1,-1,-1
718,2613,180,435,28,78,1,-1,-1,-1
718,2614,272,477,38,82,1,-1,-1,-1
718,2618,561,417,23,66,1,-1,-1,-1
718,2619,424,433,26,74,1,-1,-1,-1
718,2620,466,430,26,70,1,-1,-1,-1
718,2621,214,433,33,71,1,-1,-1,-1
718,2622,515,423,27,61,1,-1,-1,-1
718,2623,434,422,23,70,1,-1,-1,-1
718,2625,472,432,26,71,1,-1,-1,-1
718,2626,563,426,25,70,1,-1,-1,-1
718,2628,430,448,26,73,1,-1,-1,-1
718,2688,608,444,30,67,1,-1,-1,-1
718,2689,243,495,35,74,1,-1,-1,-1
718,2709,990,483,31,72,1,-1,-1,-1
718,2710,159,436,23,69,1,-1,-1,-1
718,2711,72,506,40,86,1,-1,-1,-1
718,2712,1850,567,31,95,1,-1,-1,-1
718,2713,1354,463,10,7,1,-1,-1,-1
719,2611,516,476,37,75,1,-1,-1,-1
719,2612,152,474,30,78,1,-1,-1,-1
719,2613,179,435,28,78,1,-1,-1,-1
719,2614,271,476,38,82,1,-1,-1,-1
719,2618,561,417,23,66,1,-1,-1,-1
719,2619,423,433,27,73,1,-1,-1,-1
719,2620,468,430,25,70,1,-1,-1,-1
719,2621,214,433,33,71,1,-1,-1,-1
719,2622,512,423,27,61,1,-1,-1,-1
719,2623,434,422,23,71,1,-1,-1,-1
719,2625,471,432,26,71,1,-1,-1,-1
719,2626,563,426,25,70,1,-1,-1,-1
719,2628,427,448,27,73,1,-1,-1,-1
719,2688,610,444,30,67,1,-1,-1,-1
719,2689,243,495,35,74,1,-1,-1,-1
719,2709,995,483,31,72,1,-1,-1,-1
719,2710,159,436,23,68,1,-1,-1,-1
719,2711,72,506,39,85,1,-1,-1,-1
719,2712,1850,567,31,95,1,-1,-1,-1
719,2713,1353,463,10,7,1,-1,-1,-1
720,2611,511,476,37,75,1,-1,-1,-1
720,2612,152,474,30,78,1,-1,-1,-1
720,2613,179,435,28,78,1,-1,-1,-1
720,2614,270,476,38,82,1,-1,-1,-1
720,2618,561,416,23,66,1,-1,-1,-1
720,2619,422,433,26,73,1,-1,-1,-1
720,2620,469,430,25,70,1,-1,-1,-1
720,2621,214,433,33,71,1,-1,-1,-1
720,2622,509,423,28,61,1,-1,-1,-1
720,2623,435,422,23,71,1,-1,-1,-1
720,2625,470,432,26,71,1,-1,-1,-1
720,2626,563,426,25,70,1,-1,-1,-1
720,2628,425,448,26,73,1,-1,-1,-1
720,2688,612,444,30,67,1,-1,-1,-1
720,2689,243,495,34,74,1,-1,-1,-1
720,2709,1001,484,30,71,1,-1,-1,-1
720,2710,159,436,22,67,1,-1,-1,-1
720,2711,72,506,38,85,1,-1,-1,-1
720,2712,1850,567,32,95,1,-1,-1,-1
720,2713,1352,464,10,7,1,-1,-1,-1
721,2611,506,476,37,75,1,-1,-1,-1
721,2612,152,473,30,78,1,-1,-1,-1
721,2613,179,435,27,78,1,-1,-1,-1
721,2614,269,476,38,82,1,-1,-1,-1
721,2618,561,416,23,65,1,-1,-1,-1
721,2619,421,432,27,73,1,-1,-1,-1
721,2620,469,429,25,70,1,-1,-1,-1
721,2621,214,433,33,71,1,-1,-1,-1
721,2622,506,423,28,61,1,-1,-1,-1
721,2623,435,422,23,71,1,-1,-1,-1
721,2625,470,432,26,71,1,-1,-1,-1
721,2626,563,426,25,70,1,-1,-1,-1
721,2628,422,448,26,73,1,-1,-1,-1
721,2688,613,444,30,67,1,-1,-1,-1
721,2689,242,494,34,74,1,-1,-1,-1
721,2709,1006,485,30,71,1,-1,-1,-1
721,2710,158,436,23,66,1,-1,-1,-1
721,2711,72,505,38,85,1,-1,-1,-1
721,2712,1851,567,31,95,1,-1,-1,-1
721,2713,1352,464,10,7,1,-1,-1,-1
722,2611,502,476,36,75,1,-1,-1,-1
722,2612,153,473,30,78,1,-1,-1,-1
722,2613,179,435,27,78,1,-1,-1,-1
722,2614,268,475,38,82,1,-1,-1,-1
722,2618,561,416,23,65,1,-1,-1,-1
722,2619,420,432,27,73,1,-1,-1,-1
722,2620,471,429,24,70,1,-1,-1,-1
722,2621,214,433,33,71,1,-1,-1,-1
722,2622,503,423,28,61,1,-1,-1,-1
722,2623,436,422,23,71,1,-1,-1,-1
722,2625,469,432,26,71,1,-1,-1,-1
722,2626,564,426,25,70,1,-1,-1,-1
722,2628,419,448,26,74,1,-1,-1,-1
722,2688,615,445,30,66,1,-1,-1,-1
722,2689,242,494,34,74,1,-1,-1,-1
722,2709,1012,485,30,71,1,-1,-1,-1
722,2710,158,436,22,65,1,-1,-1,-1
722,2711,72,505,37,85,1,-1,-1,-1
722,2712,1851,567,31,95,1,-1,-1,-1
722,2713,1352,465,10,7,1,-1,-1,-1
723,2611,497,476,37,75,1,-1,-1,-1
723,2612,153,473,30,77,1,-1,-1,-1
723,2613,179,435,27,78,1,-1,-1,-1
723,2614,267,475,38,82,1,-1,-1,-1
723,2618,561,416,23,65,1,-1,-1,-1
723,2619,419,432,28,73,1,-1,-1,-1
723,2620,472,429,24,70,1,-1,-1,-1
723,2621,214,433,33,71,1,-1,-1,-1
723,2622,500,423,28,61,1,-1,-1,-1
723,2623,436,422,23,71,1,-1,-1,-1
723,2625,469,432,25,71,1,-1,-1,-1
723,2626,564,426,25,70,1,-1,-1,-1
723,2628,417,448,25,74,1,-1,-1,-1
723,2688,618,445,29,65,1,-1,-1,-1
723,2689,242,493,33,75,1,-1,-1,-1
723,2709,1017,486,30,71,1,-1,-1,-1
723,2710,158,436,22,64,1,-1,-1,-1
723,2711,72,505,37,85,1,-1,-1,-1
723,2712,1851,567,32,95,1,-1,-1,-1
723,2713,1351,468,10,7,1,-1,-1,-1
724,2611,492,476,37,75,1,-1,-1,-1
724,2612,154,472,29,78,1,-1,-1,-1
724,2613,178,435,27,78,1,-1,-1,-1
724,2614,266,475,37,82,1,-1,-1,-1
724,2618,561,416,23,64,1,-1,-1,-1
724,2619,419,432,27,73,1,-1,-1,-1
724,2620,473,429,24,69,1,-1,-1,-1
724,2621,214,433,33,71,1,-1,-1,-1
724,2622,496,423,28,61,1,-1,-1,-1
724,2623,436,422,23,71,1,-1,-1,-1
724,2625,469,432,25,71,1,-1,-1,-1
724,2626,564,425,25,70,1,-1,-1,-1
724,2628,414,447,25,74,1,-1,-1,-1
724,2688,619,445,30,65,1,-1,-1,-1
724,2689,242,493,33,74,1,-1,-1,-1
724,2709,1023,487,30,71,1,-1,-1,-1
724,2710,158,436,22,64,1,-1,-1,-1
724,2711,71,505,37,84,1,-1,-1,-1
724,2712,1851,567,32,95,1,-1,-1,-1
724,2713,1351,471,10,7,1,-1,-1,-1
725,2611,487,476,38,75,1,-1,-1,-1
725,2612,154,472,29,78,1,-1,-1,-1
725,2613,178,436,27,78,1,-1,-1,-1
725,2614,265,474,37,82,1,-1,-1,-1
725,2618,560,416,24,64,1,-1,-1,-1
725,2619,417,432,28,73,1,-1,-1,-1
725,2620,475,428,23,70,1,-1,-1,-1
725,2621,214,433,33,71,1,-1,-1,-1
725,2622,494,423,28,61,1,-1,-1,-1
725,2623,437,422,23,71,1,-1,-1,-1
725,2625,468,431,25,72,1,-1,-1,-1
725,2626,564,425,25,70,1,-1,-1,-1
725,2628,409,447,26,74,1,-1,-1,-1
725,2688,622,445,30,65,1,-1,-1,-1
725,2689,241,493,33,74,1,-1,-1,-1
725,2709,1032,488,29,71,1,-1,-1,-1
725,2710,158,436,21,62,1,-1,-1,-1
725,2711,71,504,37,85,1,-1,-1,-1
725,2712,1851,567,32,95,1,-1,-1,-1
726,2611,482,476,38,75,1,-1,-1,-1
726,2612,154,472,29,77,1,-1,-1,-1
726,2613,177,436,27,78,1,-1,-1,-1
726,2614,264,474,37,81,1,-1,-1,-1
726,2618,560,416,23,64,1,-1,-1,-1
726,2619,416,432,28,73,1,-1,-1,-1
726,2620,476,428,22,70,1,-1,-1,-1
726,2621,214,433,33,71,1,-1,-1,-1
726,2622,491,423,28,61,1,-1,-1,-1
726,2623,437,422,23,71,1,-1,-1,-1
726,2625,467,431,25,72,1,-1,-1,-1
726,2626,564,425,25,70,1,-1,-1,-1
726,2628,407,447,25,74,1,-1,-1,-1
726,2688,623,445,30,65,1,-1,-1,-1
726,2689,241,492,32,74,1,-1,-1,-1
726,2709,1035,489,30,71,1,-1,-1,-1
726,2710,157,436,21,61,1,-1,-1,-1
726,2711,71,504,37,85,1,-1,-1,-1
726,2712,1851,567,32,95,1,-1,-1,-1
727,2611,477,477,39,75,1,-1,-1,-1
727,2612,155,471,29,78,1,-1,-1,-1
727,2613,177,436,27,78,1,-1,-1,-1
727,2614,263,474,37,81,1,-1,-1,-1
727,2618,560,416,23,64,1,-1,-1,-1
727,2619,415,432,28,72,1,-1,-1,-1
727,2620,477,428,22,70,1,-1,-1,-1
727,2621,214,433,33,71,1,-1,-1,-1
727,2622,488,423,28,61,1,-1,-1,-1
727,2623,438,422,23,71,1,-1,-1,-1
727,2625,467,431,25,72,1,-1,-1,-1
727,2626,565,424,24,71,1,-1,-1,-1
727,2628,405,446,25,75,1,-1,-1,-1
727,2688,625,446,30,63,1,-1,-1,-1
727,2689,240,492,33,74,1,-1,-1,-1
727,2709,1040,489,30,71,1,-1,-1,-1
727,2710,157,436,21,62,1,-1,-1,-1
727,2711,71,504,36,85,1,-1,-1,-1
727,2712,1852,567,31,95,1,-1,-1,-1
728,2611,472,477,39,75,1,-1,-1,-1
728,2612,155,471,29,77,1,-1,-1,-1
728,2613,178,436,26,78,1,-1,-1,-1
728,2614,261,473,37,81,1,-1,-1,-1
728,2618,560,416,24,64,1,-1,-1,-1
728,2619,413,432,29,72,1,-1,-1,-1
728,2620,478,428,22,70,1,-1,-1,-1
728,2621,213,433,34,71,1,-1,-1,-1
728,2622,485,423,28,60,1,-1,-1,-1
728,2623,438,422,23,71,1,-1,-1,-1
728,2625,467,430,25,73,1,-1,-1,-1
728,2626,565,424,25,70,1,-1,-1,-1
728,2628,402,446,26,75,1,-1,-1,-1
728,2688,627,446,30,64,1,-1,-1,-1
728,2689,241,492,32,74,1,-1,-1,-1
728,2709,1045,489,30,71,1,-1,-1,-1
728,2710,157,436,21,62,1,-1,-1,-1
728,2711,71,504,36,84,1,-1,-1,-1
728,2712,1852,567,31,95,1,-1,-1,-1
729,2611,468,477,39,75,1,-1,-1,-1
729,2612,155,471,29,77,1,-1,-1,-1
729,2613,177,436,26,78,1,-1,-1,-1
729,2614,260,473,37,81,1,-1,-1,-1
729,2618,561,416,23,64,1,-1,-1,-1
729,2619,412,432,28,72,1,-1,-1,-1
729,2620,479,428,22,70,1,-1,-1,-1
729,2621,214,434,33,71,1,-1,-1,-1
729,2622,481,423,28,60,1,-1,-1,-1
729,2623,439,422,22,70,1,-1,-1,-1
729,2625,466,430,25,73,1,-1,-1,-1
729,2626,565,424,25,70,1,-1,-1,-1
729,2628,400,446,26,75,1,-1,-1,-1
729,2688,628,446,31,64,1,-1,-1,-1
729,2689,240,492,32,74,1,-1,-1,-1
729,2709,1050,489,31,72,1,-1,-1,-1
729,2710,156,436,22,63,1,-1,-1,-1
729,2711,70,503,36,84,1,-1,-1,-1
729,2712,1852,567,32,95,1,-1,-1,-1
730,2611,463,477,40,75,1,-1,-1,-1
730,2612,155,470,28,77,1,-1,-1,-1
730,2613,177,436,26,78,1,-1,-1,-1
730,2614,259,473,36,81,1,-1,-1,-1
730,2618,561,416,23,64,1,-1,-1,-1
730,2619,410,432,29,72,1,-1,-1,-1
730,2620,480,428,22,70,1,-1,-1,-1
730,2621,214,434,33,71,1,-1,-1,-1
730,2622,478,423,27,59,1,-1,-1,-1
730,2623,439,422,22,70,1,-1,-1,-1
730,2625,466,430,25,73,1,-1,-1,-1
730,2626,565,424,25,70,1,-1,-1,-1
730,2628,398,446,25,75,1,-1,-1,-1
730,2688,631,446,31,64,1,-1,-1,-1
730,2689,240,491,32,74,1,-1,-1,-1
730,2709,1056,489,30,72,1,-1,-1,-1
730,2710,155,436,22,64,1,-1,-1,-1
730,2711,70,503,35,84,1,-1,-1,-1
730,2712,1852,567,32,95,1,-1,-1,-1
731,2611,458,477,41,75,1,-1,-1,-1
731,2612,156,470,28,77,1,-1,-1,-1
731,2613,176,436,26,78,1,-1,-1,-1
731,2614,258,472,36,81,1,-1,-1,-1
731,2618,561,415,23,65,1,-1,-1,-1
731,2619,408,432,29,72,1,-1,-1,-1
731,2620,481,428,22,70,1,-1,-1,-1
731,2621,214,434,33,71,1,-1,-1,-1
731,2622,475,423,27,59,1,-1,-1,-1
731,2623,439,422,22,70,1,-1,-1,-1
731,2625,466,430,25,73,1,-1,-1,-1
731,2626,566,424,24,70,1,-1,-1,-1
731,2628,396,446,25,75,1,-1,-1,-1
731,2688,633,446,31,65,1,-1,-1,-1
731,2689,239,491,32,74,1,-1,-1,-1
731,2709,1062,489,31,73,1,-1,-1,-1
731,2710,154,436,23,66,1,-1,-1,-1
731,2711,70,503,35,84,1,-1,-1,-1
731,2712,1852,568,32,95,1,-1,-1,-1
732,2611,453,477,41,75,1,-1,-1,-1
732,2612,156,470,28,77,1,-1,-1,-1
732,2613,176,436,26,78,1,-1,-1,-1
732,2614,257,472,36,81,1,-1,-1,-1
732,2618,561,415,23,65,1,-1,-1,-1
732,2619,407,432,29,72,1,-1,-1,-1
732,2620,482,429,22,70,1,-1,-1,-1
732,2621,214,434,32,71,1,-1,-1,-1
732,2622,471,422,27,59,1,-1,-1,-1
732,2623,440,422,22,70,1,-1,-1,-1
732,2625,465,430,25,73,1,-1,-1,-1
732,2626,566,424,25,70,1,-1,-1,-1
732,2628,393,446,26,75,1,-1,-1,-1
732,2688,635,446,31,65,1,-1,-1,-1
732,2689,239,491,32,74,1,-1,-1,-1
732,2709,1067,489,32,73,1,-1,-1,-1
732,2710,154,436,23,66,1,-1,-1,-1
732,2711,70,502,35,84,1,-1,-1,-1
732,2712,1853,568,31,95,1,-1,-1,-1
733,2611,448,477,41,75,1,-1,-1,-1
733,2612,157,469,28,77,1,-1,-1,-1
733,2613,177,436,25,78,1,-1,-1,-1
733,2614,256,472,36,81,1,-1,-1,-1
733,2618,561,415,23,64,1,-1,-1,-1
733,2619,405,431,29,72,1,-1,-1,-1
733,2620,483,429,22,70,1,-1,-1,-1
733,2621,214,434,33,71,1,-1,-1,-1
733,2622,468,422,27,58,1,-1,-1,-1
733,2623,440,422,22,70,1,-1,-1,-1
733,2625,465,430,25,73,1,-1,-1,-1
733,2626,566,424,25,70,1,-1,-1,-1
733,2628,391,446,26,74,1,-1,-1,-1
733,2688,636,446,33,65,1,-1,-1,-1
733,2689,239,491,32,74,1,-1,-1,-1
733,2709,1072,489,33,74,1,-1,-1,-1
733,2710,153,437,24,66,1,-1,-1,-1
733,2711,70,502,35,84,1,-1,-1,-1
733,2712,1853,568,31,95,1,-1,-1,-1
734,2611,444,477,41,75,1,-1,-1,-1
734,2612,159,469,28,77,1,-1,-1,-1
734,2613,176,436,25,78,1,-1,-1,-1
734,2614,254,471,36,81,1,-1,-1,-1
734,2618,561,414,24,65,1,-1,-1,-1
734,2619,404,431,29,72,1,-1,-1,-1
734,2620,484,429,22,70,1,-1,-1,-1
734,2621,214,434,33,71,1,-1,-1,-1
734,2622,465,422,26,58,1,-1,-1,-1
734,2623,440,423,22,69,1,-1,-1,-1
734,2625,465,430,24,73,1,-1,-1,-1
734,2626,566,424,25,70,1,-1,-1,-1
734,2628,388,446,26,74,1,-1,-1,-1
734,2688,639,446,32,65,1,-1,-1,-1
734,2689,238,490,33,74,1,-1,-1,-1
734,2709,1077,489,34,75,1,-1,-1,-1
734,2710,153,437,24,67,1,-1,-1,-1
734,2711,71,502,34,84,1,-1,-1,-1
734,2712,1853,568,32,95,1,-1,-1,-1
735,2611,440,477,42,75,1,-1,-1,-1
735,2612,161,468,27,77,1,-1,-1,-1
735,2613,176,436,25,78,1,-1,-1,-1
735,2614,253,471,35,81,1,-1,-1,-1
735,2618,561,414,24,65,1,-1,-1,-1
735,2619,402,431,29,72,1,-1,-1,-1
735,2620,485,430,22,69,1,-1,-1,-1
735,2621,214,434,32,71,1,-1,-1,-1
735,2622,464,422,25,58,1,-1,-1,-1
735,2623,441,423,22,70,1,-1,-1,-1
735,2625,465,430,24,73,1,-1,-1,-1
735,2626,567,424,24,70,1,-1,-1,-1
735,2628,386,446,26,74,1,-1,-1,-1
735,2688,641,446,32,65,1,-1,-1,-1
735,2689,237,490,34,74,1,-1,-1,-1
735,2709,1083,490,33,75,1,-1,-1,-1
735,2710,152,437,24,68,1,-1,-1,-1
735,2711,71,502,35,84,1,-1,-1,-1
735,2712,1854,568,31,95,1,-1,-1,-1
736,2611,435,477,42,75,1,-1,-1,-1
736,2612,162,468,28,77,1,-1,-1,-1
736,2613,176,436,25,78,1,-1,-1,-1
736,2614,251,471,35,80,1,-1,-1,-1
736,2618,561,414,24,65,1,-1,-1,-1
736,2619,401,431,28,72,1,-1,-1,-1
736,2620,486,430,22,69,1,-1,-1,-1
736,2621,214,434,32,71,1,-1,-1,-1
736,2622,463,422,26,59,1,-1,-1,-1
736,2623,441,423,22,69,1,-1,-1,-1
736,2625,464,430,25,73,1,-1,-1,-1
736,2626,567,424,25,70,1,-1,-1,-1
736,2628,383,446,27,73,1,-1,-1,-1
736,2688,643,446,32,65,1,-1,-1,-1
736,2689,237,490,33,74,1,-1,-1,-1
736,2709,1088,490,34,75,1,-1,-1,-1
736,2710,151,437,25,69,1,-1,-1,-1
736,2711,72,502,34,84,1,-1,-1,-1
736,2712,1854,568,31,95,1,-1,-1,-1
737,2611,431,477,42,75,1,-1,-1,-1
737,2612,164,467,28,77,1,-1,-1,-1
737,2613,176,436,25,78,1,-1,-1,-1
737,2614,250,470,35,80,1,-1,-1,-1
737,2618,561,414,24,66,1,-1,-1,-1
737,2619,398,431,29,71,1,-1,-1,-1
737,2620,487,430,22,69,1,-1,-1,-1
737,2621,214,434,31,71,1,-1,-1,-1
737,2622,463,422,26,60,1,-1,-1,-1
737,2623,441,423,22,69,1,-1,-1,-1
737,2625,464,430,25,73,1,-1,-1,-1
737,2626,568,424,24,70,1,-1,-1,-1
737,2628,381,446,27,73,1,-1,-1,-1
737,2688,645,446,33,65,1,-1,-1,-1
737,2689,236,490,34,74,1,-1,-1,-1
737,2709,1094,490,35,76,1,-1,-1,-1
737,2710,151,437,25,70,1,-1,-1,-1
737,2711,72,502,34,84,1,-1,-1,-1
737,2712,1854,568,31,95,1,-1,-1,-1
738,2611,426,477,43,75,1,-1,-1,-1
738,2612,167,467,27,77,1,-1,-1,-1
738,2613,176,436,25,78,1,-1,-1,-1
738,2614,248,470,35,80,1,-1,-1,-1
738,2618,561,414,24,66,1,-1,-1,-1
738,2619,396,431,29,71,1,-1,-1,-1
738,2620,488,430,23,68,1,-1,-1,-1
738,2621,214,434,31,71,1,-1,-1,-1
738,2622,462,422,27,60,1,-1,-1,-1
738,2623,441,423,22,69,1,-1,-1,-1
738,2625,464,430,24,72,1,-1,-1,-1
738,2626,568,424,24,70,1,-1,-1,-1
738,2628,378,446,27,73,1,-1,-1,-1
738,2688,647,446,34,65,1,-1,-1,-1
738,2689,236,490,35,74,1,-1,-1,-1
738,2709,1100,490,36,76,1,-1,-1,-1
738,2710,150,437,25,71,1,-1,-1,-1
738,2711,71,502,34,84,1,-1,-1,-1
738,2712,1854,568,31,95,1,-1,-1,-1
739,2611,422,477,43,75,1,-1,-1,-1
739,2612,169,466,27,77,1,-1,-1,-1
739,2613,176,435,25,78,1,-1,-1,-1
739,2614,246,470,35,79,1,-1,-1,-1
739,2618,561,414,24,66,1,-1,-1,-1
739,2619,395,431,29,70,1,-1,-1,-1
739,2620,488,430,23,68,1,-1,-1,-1
739,2621,215,435,30,71,1,-1,-1,-1
739,2622,461,422,27,60,1,-1,-1,-1
739,2623,442,423,21,68,1,-1,-1,-1
739,2625,463,430,25,72,1,-1,-1,-1
739,2626,568,424,24,70,1,-1,-1,-1
739,2628,376,446,27,73,1,-1,-1,-1
739,2688,649,446,34,65,1,-1,-1,-1
739,2689,235,489,35,74,1,-1,-1,-1
739,2709,1104,490,37,77,1,-1,-1,-1
739,2710,149,438,26,71,1,-1,-1,-1
739,2711,71,502,34,83,1,-1,-1,-1
739,2712,1855,568,31,95,1,-1,-1,-1
740,2611,417,477,43,75,1,-1,-1,-1
740,2612,171,465,27,77,1,-1,-1,-1
740,2613,176,435,25,78,1,-1,-1,-1
740,2614,245,469,34,79,1,-1,-1,-1
740,2618,561,414,24,66,1,-1,-1,-1
740,2619,394,430,28,71,1,-1,-1,-1
740,2620,488,430,24,69,1,-1,-1,-1
740,2621,215,435,30,70,1,-1,-1,-1
740,2622,459,421,27,62,1,-1,-1,-1
740,2623,441,423,22,68,1,-1,-1,-1
740,2625,463,430,25,72,1,-1,-1,-1
740,2626,568,424,24,70,1,-1,-1,-1
740,2628,374,446,26,73,1,-1,-1,-1
740,2688,650,446,34,65,1,-1,-1,-1
740,2689,233,489,36,74,1,-1,-1,-1
740,2709,1109,491,37,77,1,-1,-1,-1
740,2710,148,438,27,71,1,-1,-1,-1
740,2711,71,501,34,84,1,-1,-1,-1
740,2712,1855,568,31,95,1,-1,-1,-1
741,2611,413,478,43,75,1,-1,-1,-1
741,2612,173,465,27,77,1,-1,-1,-1
741,2613,176,435,25,78,1,-1,-1,-1
741,2614,243,469,34,79,1,-1,-1,-1
741,2618,561,414,24,66,1,-1,-1,-1
741,2619,392,430,29,71,1,-1,-1,-1
741,2620,488,430,24,70,1,-1,-1,-1
741,2621,215,435,29,70,1,-1,-1,-1
741,2622,457,421,26,62,1,-1,-1,-1
741,2623,441,423,22,68,1,-1,-1,-1
741,2625,463,430,25,71,1,-1,-1,-1
741,2626,568,424,24,70,1,-1,-1,-1
741,2628,371,446,27,72,1,-1,-1,-1
741,2688,650,446,34,65,1,-1,-1,-1
741,2689,232,489,36,74,1,-1,-1,-1
741,2709,1113,491,38,77,1,-1,-1,-1
741,2710,147,438,27,71,1,-1,-1,-1
741,2711,71,501,34,84,1,-1,-1,-1
741,2712,1855,568,31,95,1,-1,-1,-1
742,2611,408,478,44,75,1,-1,-1,-1
742,2612,175,464,27,77,1,-1,-1,-1
742,2613,175,434,25,78,1,-1,-1,-1
742,2614,242,469,33,78,1,-1,-1,-1
742,2618,561,414,25,66,1,-1,-1,-1
742,2619,390,430,29,72,1,-1,-1,-1
742,2620,488,431,24,69,1,-1,-1,-1
742,2621,215,435,29,70,1,-1,-1,-1
742,2622,454,421,26,63,1,-1,-1,-1
742,2623,440,423,22,68,1,-1,-1,-1
742,2625,462,430,25,71,1,-1,-1,-1
742,2626,568,424,24,70,1,-1,-1,-1
742,2628,368,446,27,72,1,-1,-1,-1
742,2688,651,446,34,65,1,-1,-1,-1
742,2689,231,488,36,75,1,-1,-1,-1
742,2709,1118,492,37,77,1,-1,-1,-1
742,2710,146,438,27,71,1,-1,-1,-1
742,2711,71,501,34,84,1,-1,-1,-1
742,2712,1855,568,31,95,1,-1,-1,-1
743,2611,404,478,44,75,1,-1,-1,-1
743,2612,177,464,27,77,1,-1,-1,-1
743,2613,175,434,25,78,1,-1,-1,-1
743,2614,240,468,33,78,1,-1,-1,-1
743,2618,562,413,25,67,1,-1,-1,-1
743,2619,388,430,30,72,1,-1,-1,-1
743,2620,488,431,24,70,1,-1,-1,-1
743,2621,215,435,28,69,1,-1,-1,-1
743,2622,450,421,25,63,1,-1,-1,-1
743,2623,440,423,22,68,1,-1,-1,-1
743,2625,462,430,25,71,1,-1,-1,-1
743,2626,568,424,24,70,1,-1,-1,-1
743,2628,366,446,27,72,1,-1,-1,-1
743,2688,652,446,33,65,1,-1,-1,-1
743,2689,230,488,36,74,1,-1,-1,-1
743,2709,1123,493,38,77,1,-1,-1,-1
743,2710,146,438,27,71,1,-1,-1,-1
743,2711,71,501,33,83,1,-1,-1,-1
743,2712,1855,568,31,95,1,-1,-1,-1
744,2611,400,478,44,75,1,-1,-1,-1
744,2612,179,463,27,77,1,-1,-1,-1
744,2613,175,434,25,78,1,-1,-1,-1
744,2614,239,468,32,78,1,-1,-1,-1
744,2618,562,413,25,66,1,-1,-1,-1
744,2619,387,430,29,72,1,-1,-1,-1
744,2620,487,431,25,70,1,-1,-1,-1
744,2621,215,435,28,69,1,-1,-1,-1
744,2622,448,421,25,63,1,-1,-1,-1
744,2623,439,423,22,68,1,-1,-1,-1
744,2625,461,430,26,71,1,-1,-1,-1
744,2626,568,424,24,70,1,-1,-1,-1
744,2628,364,446,27,72,1,-1,-1,-1
744,2688,652,446,34,65,1,-1,-1,-1
744,2689,229,488,35,74,1,-1,-1,-1
744,2709,1128,494,37,76,1,-1,-1,-1
744,2710,145,438,27,72,1,-1,-1,-1
744,2711,70,500,34,84,1,-1,-1,-1
744,2712,1856,568,31,95,1,-1,-1,-1
745,2611,396,478,44,75,1,-1,-1,-1
745,2612,181,463,27,77,1,-1,-1,-1
745,2613,175,434,25,78,1,-1,-1,-1
745,2614,237,468,33,78,1,-1,-1,-1
745,2618,562,413,25,66,1,-1,-1,-1
745,2619,385,430,30,72,1,-1,-1,-1
745,2620,487,431,25,70,1,-1,-1,-1
745,2621,215,435,28,69,1,-1,-1,-1
745,2622,447,421,23,63,1,-1,-1,-1
745,2623,439,423,22,68,1,-1,-1,-1
745,2625,461,430,26,71,1,-1,-1,-1
745,2626,568,424,24,70,1,-1,-1,-1
745,2628,361,446,27,72,1,-1,-1,-1
745,2688,653,446,34,65,1,-1,-1,-1
745,2689,228,488,35,74,1,-1,-1,-1
745,2709,1133,494,37,76,1,-1,-1,-1
745,2710,144,439,28,71,1,-1,-1,-1
745,2711,70,500,34,84,1,-1,-1,-1
745,2712,1856,568,31,95,1,-1,-1,-1
746,2611,391,478,44,75,1,-1,-1,-1
746,2612,183,462,27,77,1,-1,-1,-1
746,2613,175,434,25,78,1,-1,-1,-1
746,2614,235,467,32,78,1,-1,-1,-1
746,2618,562,413,25,66,1,-1,-1,-1
746,2619,383,429,30,72,1,-1,-1,-1
746,2620,487,431,25,70,1,-1,-1,-1
746,2621,215,435,28,68,1,-1,-1,-1
746,2622,445,421,23,63,1,-1,-1,-1
746,2623,438,422,22,69,1,-1,-1,-1
746,2625,460,430,26,71,1,-1,-1,-1
746,2626,568,424,24,70,1,-1,-1,-1
746,2628,359,446,27,72,1,-1,-1,-1
746,2688,654,446,34,65,1,-1,-1,-1
746,2689,227,487,35,74,1,-1,-1,-1
746,2709,1138,495,37,76,1,-1,-1,-1
746,2710,143,439,28,71,1,-1,-1,-1
746,2711,70,499,34,84,1,-1,-1,-1
746,2712,1856,568,31,95,1,-1,-1,-1
747,2611,387,478,44,75,1,-1,-1,-1
747,2612,185,462,27,77,1,-1,-1,-1
747,2613,175,434,25,78,1,-1,-1,-1
747,2614,234,467,32,77,1,-1,-1,-1
747,2618,562,413,25,66,1,-1,-1,-1
747,2619,382,429,30,72,1,-1,-1,-1
747,2620,487,431,26,70,1,-1,-1,-1
747,2621,215,435,27,68,1,-1,-1,-1
747,2622,442,421,23,63,1,-1,-1,-1
747,2623,438,422,23,69,1,-1,-1,-1
747,2625,460,430,26,71,1,-1,-1,-1
747,2626,568,424,24,70,1,-1,-1,-1
747,2628,356,446,27,72,1,-1,-1,-1
747,2688,655,446,33,65,1,-1,-1,-1
747,2689,225,487,35,74,1,-1,-1,-1
747,2709,1142,496,37,76,1,-1,-1,-1
747,2710,143,439,28,71,1,-1,-1,-1
747,2711,70,499,34,84,1,-1,-1,-1
747,2712,1856,568,31,95,1,-1,-1,-1
748,2611,383,478,44,75,1,-1,-1,-1
748,2612,187,461,27,77,1,-1,-1,-1
748,2613,175,434,25,78,1,-1,-1,-1
748,2614,232,467,31,77,1,-1,-1,-1
748,2618,562,413,25,66,1,-1,-1,-1
748,2619,380,429,31,72,1,-1,-1,-1
748,2620,486,431,27,70,1,-1,-1,-1
748,2621,215,436,27,67,1,-1,-1,-1
748,2622,440,421,22,63,1,-1,-1,-1
748,2623,437,422,23,69,1,-1,-1,-1
748,2625,460,430,26,71,1,-1,-1,-1
748,2626,568,424,24,70,1,-1,-1,-1
748,2628,354,446,27,71,1,-1,-1,-1
748,2688,656,446,33,65,1,-1,-1,-1
748,2689,224,487,35,74,1,-1,-1,-1
748,2709,1147,497,37,76,1,-1,-1,-1
748,2710,142,439,28,71,1,-1,-1,-1
748,2711,70,499,33,84,1,-1,-1,-1
748,2712,1856,568,31,95,1,-1,-1,-1
749,2611,378,478,44,75,1,-1,-1,-1
749,2612,189,460,27,77,1,-1,-1,-1
749,2613,175,433,25,78,1,-1,-1,-1
749,2614,231,466,31,77,1,-1,-1,-1
749,2618,562,413,25,66,1,-1,-1,-1
749,2619,379,429,31,73,1,-1,-1,-1
749,2620,486,431,27,71,1,-1,-1,-1
749,2621,215,436,26,67,1,-1,-1,-1
749,2622,438,421,22,63,1,-1,-1,-1
749,2623,437,421,23,70,1,-1,-1,-1
749,2625,460,430,26,71,1,-1,-1,-1
749,2626,568,424,24,70,1,-1,-1,-1
749,2628,352,446,27,71,1,-1,-1,-1
749,2688,657,447,32,65,1,-1,-1,-1
749,2689,223,487,34,74,1,-1,-1,-1
749,2709,1152,497,37,76,1,-1,-1,-1
749,2710,141,439,28,71,1,-1,-1,-1
749,2711,69,499,34,84,1,-1,-1,-1
749,2712,1856,568,31,95,1,-1,-1,-1
750,2611,371,478,44,75,1,-1,-1,-1
750,2612,193,460,27,77,1,-1,-1,-1
750,2613,175,433,24,78,1,-1,-1,-1
750,2614,229,466,30,76,1,-1,-1,-1
750,2618,562,413,26,67,1,-1,-1,-1
750,2619,375,428,33,74,1,-1,-1,-1
750,2620,486,431,27,71,1,-1,-1,-1
750,2621,215,436,25,67,1,-1,-1,-1
750,2622,434,422,21,62,1,-1,-1,-1
750,2623,437,421,23,70,1,-1,-1,-1
750,2625,459,430,26,71,1,-1,-1,-1
750,2626,568,424,24,70,1,-1,-1,-1
750,2628,347,446,28,71,1,-1,-1,-1
750,2688,658,445,33,67,1,-1,-1,-1
750,2689,221,486,34,74,1,-1,-1,-1
750,2709,1160,498,36,76,1,-1,-1,-1
750,2710,141,439,28,72,1,-1,-1,-1
750,2711,69,498,34,84,1,-1,-1,-1
750,2712,1856,568,31,95,1,-1,-1,-1