1,21444,1671,511,64,163,1,-1,-1,-1
1,21445,1560,352,48,129,1,-1,-1,-1
1,21446,1315,379,49,128,1,-1,-1,-1
1,21447,1070,433,49,128,1,-1,-1,-1
1,21448,1018,475,57,156,1,-1,-1,-1
1,21449,588,709,58,216,1,-1,-1,-1
1,21450,14,957,82,121,1,-1,-1,-1
1,21451,458,316,44,127,1,-1,-1,-1
1,21452,76,341,56,130,1,-1,-1,-1
1,21453,681,193,40,96,1,-1,-1,-1
2,21444,1671,511,64,163,1,-1,-1,-1
2,21445,1559,352,48,129,1,-1,-1,-1
2,21446,1315,379,49,128,1,-1,-1,-1
2,21447,1067,435,49,127,1,-1,-1,-1
2,21448,1018,475,57,156,1,-1,-1,-1
2,21449,588,709,57,216,1,-1,-1,-1
2,21450,6,960,80,118,1,-1,-1,-1
2,21451,458,316,44,127,1,-1,-1,-1
2,21452,76,341,56,130,1,-1,-1,-1
2,21453,681,193,40,96,1,-1,-1,-1
3,21444,1672,511,64,163,1,-1,-1,-1
3,21445,1559,354,47,127,1,-1,-1,-1
3,21446,1316,379,49,129,1,-1,-1,-1
3,21447,1064,439,48,124,1,-1,-1,-1
3,21448,1018,474,57,156,1,-1,-1,-1
3,21449,588,710,57,215,1,-1,-1,-1
3,21450,0,961,78,118,1,-1,-1,-1
3,21451,458,316,44,127,1,-1,-1,-1
3,21452,77,342,55,129,1,-1,-1,-1
3,21453,683,194,40,96,1,-1,-1,-1
4,21444,1673,511,64,164,1,-1,-1,-1
4,21445,1558,355,47,127,1,-1,-1,-1
4,21446,1317,379,50,130,1,-1,-1,-1
4,21447,1062,441,48,122,1,-1,-1,-1
4,21448,1016,473,57,157,1,-1,-1,-1
4,21449,587,712,58,213,1,-1,-1,-1
4,21450,-6,965,76,114,1,-1,-1,-1
4,21451,459,316,44,127,1,-1,-1,-1
4,21452,78,343,55,128,1,-1,-1,-1
4,21453,685,194,40,96,1,-1,-1,-1
5,21444,1674,511,64,165,1,-1,-1,-1
5,21445,1558,357,46,125,1,-1,-1,-1
5,21446,1318,379,49,131,1,-1,-1,-1
5,21447,1058,445,48,121,1,-1,-1,-1
5,21448,1014,473,57,159,1,-1,-1,-1
5,21449,588,713,57,213,1,-1,-1,-1
5,21450,-10,966,74,113,1,-1,-1,-1
5,21451,459,316,45,127,1,-1,-1,-1
5,21452,80,344,54,127,1,-1,-1,-1
5,21453,686,195,40,96,1,-1,-1,-1
6,21444,1675,511,64,165,1,-1,-1,-1
6,21445,1558,358,46,125,1,-1,-1,-1
6,21446,1320,379,49,131,1,-1,-1,-1
6,21447,1054,447,50,121,1,-1,-1,-1
6,21448,1013,474,57,159,1,-1,-1,-1
6,21449,589,714,56,212,1,-1,-1,-1
6,21450,-13,974,66,105,1,-1,-1,-1
6,21451,460,317,44,126,1,-1,-1,-1
6,21452,81,344,54,127,1,-1,-1,-1
6,21453,686,195,40,96,1,-1,-1,-1
7,21444,1675,511,64,166,1,-1,-1,-1
7,21445,1557,358,47,125,1,-1,-1,-1
7,21446,1321,381,49,132,1,-1,-1,-1
7,21447,1050,447,52,124,1,-1,-1,-1
7,21448,1008,477,56,158,1,-1,-1,-1
7,21449,589,716,56,210,1,-1,-1,-1
7,21450,-15,977,64,102,1,-1,-1,-1
7,21451,462,320,44,125,1,-1,-1,-1
7,21452,81,344,54,127,1,-1,-1,-1
7,21453,687,197,39,94,1,-1,-1,-1
8,21444,1675,511,64,168,1,-1,-1,-1
8,21445,1557,359,46,124,1,-1,-1,-1
8,21446,1323,382,47,131,1,-1,-1,-1
8,21447,1045,446,53,126,1,-1,-1,-1
8,21448,1005,476,56,160,1,-1,-1,-1
8,21449,589,717,56,208,1,-1,-1,-1
8,21450,-18,977,60,102,1,-1,-1,-1
8,21451,463,321,44,124,1,-1,-1,-1
8,21452,81,344,54,127,1,-1,-1,-1
8,21453,687,197,40,94,1,-1,-1,-1
9,21444,1674,511,63,169,1,-1,-1,-1
9,21445,1557,359,46,125,1,-1,-1,-1
9,21446,1326,383,47,131,1,-1,-1,-1
9,21447,1040,446,54,126,1,-1,-1,-1
9,21448,1002,479,55,158,1,-1,-1,-1
9,21449,589,718,56,207,1,-1,-1,-1
9,21450,-19,982,55,97,1,-1,-1,-1
9,21451,464,322,44,124,1,-1,-1,-1
9,21452,83,345,53,127,1,-1,-1,-1
9,21453,687,198,40,94,1,-1,-1,-1
10,21444,1674,511,62,169,1,-1,-1,-1
10,21445,1557,360,45,125,1,-1,-1,-1
10,21446,1328,383,46,131,1,-1,-1,-1
10,21447,1033,446,54,128,1,-1,-1,-1
10,21448,1000,479,53,159,1,-1,-1,-1
10,21449,590,719,55,206,1,-1,-1,-1
10,21451,465,324,45,123,1,-1,-1,-1
10,21452,84,346,53,126,1,-1,-1,-1
10,21453,687,199,40,95,1,-1,-1,-1
11,21444,1674,512,62,168,1,-1,-1,-1
11,21445,1555,360,45,126,1,-1,-1,-1
11,21446,1330,385,46,129,1,-1,-1,-1
11,21447,1027,446,54,129,1,-1,-1,-1
11,21448,998,480,52,159,1,-1,-1,-1
11,21449,590,719,55,206,1,-1,-1,-1
11,21451,468,326,44,122,1,-1,-1,-1
11,21452,86,346,53,127,1,-1,-1,-1
11,21453,687,200,40,94,1,-1,-1,-1
12,21444,1675,513,61,168,1,-1,-1,-1
12,21445,1554,360,45,126,1,-1,-1,-1
12,21446,1334,386,46,129,1,-1,-1,-1
12,21447,1021,447,53,129,1,-1,-1,-1
12,21448,997,480,52,160,1,-1,-1,-1
12,21449,590,720,56,205,1,-1,-1,-1
12,21451,468,327,45,121,1,-1,-1,-1
12,21452,87,346,52,127,1,-1,-1,-1
12,21453,688,201,40,95,1,-1,-1,-1
12,21455,0,1041,3,38,1,-1,-1,-1
13,21444,1676,514,60,168,1,-1,-1,-1
13,21445,1552,361,45,125,1,-1,-1,-1
13,21446,1335,387,46,128,1,-1,-1,-1
13,21447,1017,448,53,129,1,-1,-1,-1
13,21448,997,480,50,160,1,-1,-1,-1
13,21449,590,721,56,204,1,-1,-1,-1
13,21451,469,330,45,120,1,-1,-1,-1
13,21452,88,349,51,125,1,-1,-1,-1
13,21453,688,202,41,95,1,-1,-1,-1
14,21444,1677,515,59,168,1,-1,-1,-1
14,21445,1549,362,46,126,1,-1,-1,-1
14,21446,1337,387,45,128,1,-1,-1,-1
14,21447,1011,449,52,129,1,-1,-1,-1
14,21448,997,480,49,160,1,-1,-1,-1
14,21449,591,721,55,205,1,-1,-1,-1
14,21451,469,331,46,121,1,-1,-1,-1
14,21452,88,349,51,126,1,-1,-1,-1
14,21453,688,202,41,95,1,-1,-1,-1
15,21444,1678,515,58,169,1,-1,-1,-1
15,21445,1545,364,46,125,1,-1,-1,-1
15,21446,1337,388,45,128,1,-1,-1,-1
15,21447,1006,450,53,129,1,-1,-1,-1
15,21448,997,480,48,160,1,-1,-1,-1
15,21449,593,721,55,205,1,-1,-1,-1
15,21451,471,329,48,124,1,-1,-1,-1
15,21452,89,350,51,126,1,-1,-1,-1
15,21453,688,202,41,95,1,-1,-1,-1
16,21444,1679,515,57,170,1,-1,-1,-1
16,21445,1544,365,46,125,1,-1,-1,-1
16,21446,1337,388,46,128,1,-1,-1,-1
16,21447,1002,452,54,129,1,-1,-1,-1
16,21448,995,480,48,160,1,-1,-1,-1
16,21449,594,721,55,205,1,-1,-1,-1
16,21451,473,328,48,125,1,-1,-1,-1
16,21452,90,350,50,127,1,-1,-1,-1
16,21453,689,203,41,95,1,-1,-1,-1
17,21444,1679,515,57,170,1,-1,-1,-1
17,21445,1542,366,46,123,1,-1,-1,-1
17,21446,1338,389,46,128,1,-1,-1,-1
17,21447,998,454,54,129,1,-1,-1,-1
17,21448,994,482,47,158,1,-1,-1,-1
17,21449,595,721,55,205,1,-1,-1,-1
17,21451,474,328,48,125,1,-1,-1,-1
17,21452,91,350,49,128,1,-1,-1,-1
17,21453,688,203,41,95,1,-1,-1,-1
18,21444,1680,515,55,170,1,-1,-1,-1
18,21445,1538,366,48,124,1,-1,-1,-1
18,21446,1339,388,46,129,1,-1,-1,-1
18,21447,995,456,55,129,1,-1,-1,-1
18,21448,992,482,47,158,1,-1,-1,-1
18,21449,597,721,55,205,1,-1,-1,-1
18,21451,475,328,49,125,1,-1,-1,-1
18,21452,93,350,49,128,1,-1,-1,-1
18,21453,688,203,41,95,1,-1,-1,-1
19,21444,1680,515,55,170,1,-1,-1,-1
19,21445,1536,367,49,124,1,-1,-1,-1
19,21446,1340,388,46,129,1,-1,-1,-1
19,21447,992,457,55,130,1,-1,-1,-1
19,21448,990,483,46,157,1,-1,-1,-1
19,21449,597,721,56,206,1,-1,-1,-1
19,21451,476,328,49,125,1,-1,-1,-1
19,21452,95,351,47,127,1,-1,-1,-1
19,21453,687,203,42,95,1,-1,-1,-1
20,21444,1681,515,53,170,1,-1,-1,-1
20,21445,1535,368,50,125,1,-1,-1,-1
20,21446,1340,388,47,129,1,-1,-1,-1
20,21447,985,457,54,127,1,-1,-1,-1
20,21448,987,483,46,157,1,-1,-1,-1
20,21449,598,721,55,207,1,-1,-1,-1
20,21451,478,328,49,125,1,-1,-1,-1
20,21452,96,351,46,127,1,-1,-1,-1
20,21453,687,203,42,95,1,-1,-1,-1
21,21444,1681,515,53,169,1,-1,-1,-1
21,21445,1535,369,50,125,1,-1,-1,-1
21,21446,1341,388,47,129,1,-1,-1,-1
21,21447,978,457,55,126,1,-1,-1,-1
21,21448,986,483,45,158,1,-1,-1,-1
21,21449,599,721,55,207,1,-1,-1,-1
21,21451,480,328,49,125,1,-1,-1,-1
21,21452,99,352,45,127,1,-1,-1,-1
21,21453,687,203,41,95,1,-1,-1,-1
22,21444,1682,515,52,169,1,-1,-1,-1
22,21445,1534,369,51,125,1,-1,-1,-1
22,21446,1342,388,49,129,1,-1,-1,-1
22,21447,970,457,54,126,1,-1,-1,-1
22,21448,981,485,46,158,1,-1,-1,-1
22,21449,600,722,55,207,1,-1,-1,-1
22,21451,481,328,49,125,1,-1,-1,-1
22,21452,100,352,44,127,1,-1,-1,-1
22,21453,686,204,42,95,1,-1,-1,-1
23,21444,1681,515,52,169,1,-1,-1,-1
23,21445,1533,369,51,126,1,-1,-1,-1
23,21446,1344,388,50,129,1,-1,-1,-1
23,21447,964,457,56,129,1,-1,-1,-1
23,21448,977,485,47,159,1,-1,-1,-1
23,21449,602,723,54,206,1,-1,-1,-1
23,21451,482,328,50,127,1,-1,-1,-1
23,21452,100,355,44,125,1,-1,-1,-1
23,21453,686,204,41,95,1,-1,-1,-1
24,21444,1680,515,52,169,1,-1,-1,-1
24,21445,1532,369,51,126,1,-1,-1,-1
24,21446,1343,388,52,130,1,-1,-1,-1
24,21447,962,458,56,129,1,-1,-1,-1
24,21448,975,486,48,159,1,-1,-1,-1
24,21449,603,724,54,205,1,-1,-1,-1
24,21451,483,329,50,128,1,-1,-1,-1
24,21452,101,355,43,127,1,-1,-1,-1
24,21453,685,204,42,95,1,-1,-1,-1
25,21444,1679,515,51,169,1,-1,-1,-1
25,21445,1531,369,51,126,1,-1,-1,-1
25,21446,1342,388,53,131,1,-1,-1,-1
25,21447,958,462,55,123,1,-1,-1,-1
25,21448,974,488,49,157,1,-1,-1,-1
25,21449,604,724,54,206,1,-1,-1,-1
25,21451,486,330,50,128,1,-1,-1,-1
25,21452,101,356,43,126,1,-1,-1,-1
25,21453,685,205,42,95,1,-1,-1,-1
26,21444,1678,515,52,169,1,-1,-1,-1
26,21445,1529,369,50,126,1,-1,-1,-1
26,21446,1340,388,55,132,1,-1,-1,-1
26,21447,949,465,56,121,1,-1,-1,-1
26,21448,973,489,49,156,1,-1,-1,-1
26,21449,605,724,55,207,1,-1,-1,-1
26,21451,487,330,50,128,1,-1,-1,-1
26,21452,102,358,43,127,1,-1,-1,-1
26,21453,685,205,41,95,1,-1,-1,-1
27,21444,1677,515,52,169,1,-1,-1,-1
27,21445,1523,369,49,126,1,-1,-1,-1
27,21446,1338,388,56,132,1,-1,-1,-1
27,21447,943,467,56,120,1,-1,-1,-1
27,21448,971,490,50,155,1,-1,-1,-1
27,21449,605,724,55,207,1,-1,-1,-1
27,21451,487,331,50,127,1,-1,-1,-1
27,21452,101,359,43,127,1,-1,-1,-1
27,21453,684,205,42,95,1,-1,-1,-1
28,21444,1676,515,52,169,1,-1,-1,-1
28,21445,1519,369,49,127,1,-1,-1,-1
28,21446,1334,388,58,133,1,-1,-1,-1
28,21447,932,468,59,122,1,-1,-1,-1
28,21448,970,490,50,155,1,-1,-1,-1
28,21449,605,724,56,207,1,-1,-1,-1
28,21451,487,332,50,126,1,-1,-1,-1
28,21452,101,359,42,127,1,-1,-1,-1
28,21453,684,206,41,95,1,-1,-1,-1
29,21444,1674,515,51,169,1,-1,-1,-1
29,21445,1513,369,50,129,1,-1,-1,-1
29,21446,1331,387,58,133,1,-1,-1,-1
29,21447,923,467,62,124,1,-1,-1,-1
29,21448,964,490,51,156,1,-1,-1,-1
29,21449,604,724,57,207,1,-1,-1,-1
29,21451,488,333,49,125,1,-1,-1,-1
29,21452,100,358,42,127,1,-1,-1,-1
29,21453,682,206,42,95,1,-1,-1,-1
30,21444,1673,515,51,169,1,-1,-1,-1
30,21445,1510,369,50,130,1,-1,-1,-1
30,21446,1327,388,59,133,1,-1,-1,-1
30,21447,913,469,63,122,1,-1,-1,-1
30,21448,957,490,51,156,1,-1,-1,-1
30,21449,604,724,59,207,1,-1,-1,-1
30,21451,488,334,49,124,1,-1,-1,-1
30,21452,101,358,41,127,1,-1,-1,-1
30,21453,681,206,42,95,1,-1,-1,-1
31,21444,1672,515,51,169,1,-1,-1,-1
31,21445,1509,369,50,130,1,-1,-1,-1
31,21446,1325,388,60,134,1,-1,-1,-1
31,21447,903,468,65,122,1,-1,-1,-1
31,21448,950,490,51,156,1,-1,-1,-1
31,21449,605,724,60,207,1,-1,-1,-1
31,21451,490,334,49,124,1,-1,-1,-1
31,21452,101,358,41,127,1,-1,-1,-1
31,21453,680,206,41,94,1,-1,-1,-1
32,21444,1671,516,51,168,1,-1,-1,-1
32,21445,1506,369,51,130,1,-1,-1,-1
32,21446,1321,389,60,133,1,-1,-1,-1
32,21447,889,465,66,125,1,-1,-1,-1
32,21448,943,490,52,156,1,-1,-1,-1
32,21449,605,724,61,207,1,-1,-1,-1
32,21451,490,335,49,124,1,-1,-1,-1
32,21452,101,358,42,127,1,-1,-1,-1
32,21453,678,206,41,94,1,-1,-1,-1
32,21456,6,754,51,188,1,-1,-1,-1
33,21444,1669,516,51,168,1,-1,-1,-1
33,21445,1502,371,51,128,1,-1,-1,-1
33,21446,1320,389,59,133,1,-1,-1,-1
33,21447,880,463,67,126,1,-1,-1,-1
33,21448,938,490,52,156,1,-1,-1,-1
33,21449,604,726,63,207,1,-1,-1,-1
33,21451,492,335,49,124,1,-1,-1,-1
33,21452,102,358,41,127,1,-1,-1,-1
33,21453,677,206,41,94,1,-1,-1,-1
33,21456,13,754,53,191,1,-1,-1,-1
34,21444,1668,516,51,168,1,-1,-1,-1
34,21445,1499,371,51,129,1,-1,-1,-1
34,21446,1319,389,58,130,1,-1,-1,-1
34,21447,873,460,68,130,1,-1,-1,-1
34,21448,932,490,54,156,1,-1,-1,-1
34,21449,603,725,63,208,1,-1,-1,-1
34,21451,495,335,49,124,1,-1,-1,-1
34,21452,103,358,42,127,1,-1,-1,-1
34,21453,677,206,41,94,1,-1,-1,-1
34,21456,22,750,55,197,1,-1,-1,-1
35,21444,1667,517,51,167,1,-1,-1,-1
35,21445,1496,372,53,128,1,-1,-1,-1
35,21446,1319,389,56,129,1,-1,-1,-1
35,21447,868,458,68,133,1,-1,-1,-1
35,21448,926,492,56,155,1,-1,-1,-1
35,21449,602,719,64,211,1,-1,-1,-1
35,21451,496,334,50,124,1,-1,-1,-1
35,21452,104,358,43,127,1,-1,-1,-1
35,21453,676,206,41,94,1,-1,-1,-1
35,21456,45,748,58,199,1,-1,-1,-1
36,21444,1667,517,50,168,1,-1,-1,-1
36,21445,1493,372,53,128,1,-1,-1,-1
36,21446,1318,388,56,129,1,-1,-1,-1
36,21447,860,457,70,134,1,-1,-1,-1
36,21448,924,493,57,155,1,-1,-1,-1
36,21449,600,715,64,211,1,-1,-1,-1
36,21451,499,332,49,125,1,-1,-1,-1
36,21452,107,356,44,129,1,-1,-1,-1
36,21453,676,206,40,94,1,-1,-1,-1
36,21456,74,743,60,200,1,-1,-1,-1
37,21444,1667,518,51,167,1,-1,-1,-1
37,21445,1491,372,54,128,1,-1,-1,-1
37,21446,1317,388,56,129,1,-1,-1,-1
37,21447,853,457,69,134,1,-1,-1,-1
37,21448,920,494,60,154,1,-1,-1,-1
37,21449,599,712,64,212,1,-1,-1,-1
37,21451,502,331,48,126,1,-1,-1,-1
37,21452,107,356,45,129,1,-1,-1,-1
37,21453,676,206,39,94,1,-1,-1,-1
37,21456,97,738,65,203,1,-1,-1,-1
38,21444,1666,518,51,167,1,-1,-1,-1
38,21445,1490,372,54,128,1,-1,-1,-1
38,21446,1316,388,56,128,1,-1,-1,-1
38,21447,845,460,68,133,1,-1,-1,-1
38,21448,917,494,62,154,1,-1,-1,-1
38,21449,601,707,64,212,1,-1,-1,-1
38,21451,504,330,48,127,1,-1,-1,-1
38,21452,111,357,46,129,1,-1,-1,-1
38,21453,676,206,39,94,1,-1,-1,-1
38,21456,117,733,70,206,1,-1,-1,-1
39,21444,1665,518,51,168,1,-1,-1,-1
39,21445,1488,371,55,130,1,-1,-1,-1
39,21446,1315,388,56,128,1,-1,-1,-1
39,21447,835,463,65,129,1,-1,-1,-1
39,21448,915,494,64,154,1,-1,-1,-1
39,21449,602,703,64,212,1,-1,-1,-1
39,21451,507,331,47,126,1,-1,-1,-1
39,21452,112,357,48,129,1,-1,-1,-1
39,21453,675,206,39,94,1,-1,-1,-1
39,21456,142,734,70,191,1,-1,-1,-1
40,21444,1665,518,51,167,1,-1,-1,-1
40,21445,1486,371,54,130,1,-1,-1,-1
40,21446,1312,388,56,128,1,-1,-1,-1
40,21447,824,464,63,127,1,-1,-1,-1
40,21448,912,494,65,154,1,-1,-1,-1
40,21449,602,697,65,213,1,-1,-1,-1
40,21451,511,331,46,125,1,-1,-1,-1
40,21452,113,358,49,128,1,-1,-1,-1
40,21453,675,206,39,94,1,-1,-1,-1
40,21456,171,733,69,181,1,-1,-1,-1
41,21444,1664,518,51,167,1,-1,-1,-1
41,21445,1484,371,54,130,1,-1,-1,-1
41,21446,1309,388,57,128,1,-1,-1,-1
41,21447,821,464,61,126,1,-1,-1,-1
41,21448,908,494,65,154,1,-1,-1,-1
41,21449,605,695,65,214,1,-1,-1,-1
41,21451,512,331,47,125,1,-1,-1,-1
41,21452,116,358,49,127,1,-1,-1,-1
41,21453,675,206,39,94,1,-1,-1,-1
41,21456,201,730,69,178,1,-1,-1,-1
42,21444,1665,519,52,167,1,-1,-1,-1
42,21445,1484,371,52,128,1,-1,-1,-1
42,21446,1306,388,56,128,1,-1,-1,-1
42,21447,811,462,62,128,1,-1,-1,-1
42,21448,904,493,64,154,1,-1,-1,-1
42,21449,609,697,67,214,1,-1,-1,-1
42,21451,515,331,47,125,1,-1,-1,-1
42,21452,116,360,50,123,1,-1,-1,-1
42,21453,673,205,40,94,1,-1,-1,-1
42,21456,224,728,71,181,1,-1,-1,-1
43,21444,1664,519,53,167,1,-1,-1,-1
43,21445,1481,371,51,128,1,-1,-1,-1
43,21446,1304,388,56,128,1,-1,-1,-1
43,21447,801,460,64,131,1,-1,-1,-1
43,21448,900,492,64,156,1,-1,-1,-1
43,21449,612,698,69,213,1,-1,-1,-1
43,21451,518,330,47,125,1,-1,-1,-1
43,21452,116,359,50,122,1,-1,-1,-1
43,21453,673,205,39,92,1,-1,-1,-1
43,21456,246,726,76,184,1,-1,-1,-1
44,21444,1663,517,54,167,1,-1,-1,-1
44,21445,1480,371,50,128,1,-1,-1,-1
44,21446,1302,388,54,127,1,-1,-1,-1
44,21447,790,458,67,133,1,-1,-1,-1
44,21448,896,490,64,160,1,-1,-1,-1
44,21449,613,699,71,213,1,-1,-1,-1
44,21451,519,329,48,126,1,-1,-1,-1
44,21452,116,359,51,122,1,-1,-1,-1
44,21453,671,204,39,92,1,-1,-1,-1
44,21456,269,725,83,185,1,-1,-1,-1
45,21444,1662,516,54,167,1,-1,-1,-1
45,21445,1477,370,50,128,1,-1,-1,-1
45,21446,1301,388,54,127,1,-1,-1,-1
45,21447,780,457,70,133,1,-1,-1,-1
45,21448,890,492,63,159,1,-1,-1,-1
45,21449,616,705,72,204,1,-1,-1,-1
45,21451,520,328,48,126,1,-1,-1,-1
45,21452,116,358,52,123,1,-1,-1,-1
45,21453,671,204,39,92,1,-1,-1,-1
45,21456,292,723,90,186,1,-1,-1,-1
46,21444,1660,515,55,167,1,-1,-1,-1
46,21445,1473,368,50,130,1,-1,-1,-1
46,21446,1300,387,53,128,1,-1,-1,-1
46,21447,775,458,71,132,1,-1,-1,-1
46,21448,888,492,61,160,1,-1,-1,-1
46,21449,616,705,72,200,1,-1,-1,-1
46,21451,521,327,48,126,1,-1,-1,-1
46,21452,116,358,53,123,1,-1,-1,-1
46,21453,669,203,39,92,1,-1,-1,-1
46,21456,311,724,96,189,1,-1,-1,-1
47,21444,1659,513,55,167,1,-1,-1,-1
47,21445,1468,368,50,130,1,-1,-1,-1
47,21446,1299,387,53,128,1,-1,-1,-1
47,21447,771,458,72,132,1,-1,-1,-1
47,21448,884,492,61,160,1,-1,-1,-1
47,21449,614,704,75,199,1,-1,-1,-1
47,21451,522,326,48,126,1,-1,-1,-1
47,21452,116,357,53,124,1,-1,-1,-1
47,21453,668,202,39,93,1,-1,-1,-1
47,21456,333,727,97,188,1,-1,-1,-1
48,21444,1656,511,57,167,1,-1,-1,-1
48,21445,1464,368,51,128,1,-1,-1,-1
48,21446,1300,386,51,126,1,-1,-1,-1
48,21447,764,454,72,134,1,-1,-1,-1
48,21448,882,493,61,160,1,-1,-1,-1
48,21449,614,699,77,201,1,-1,-1,-1
48,21451,523,325,48,126,1,-1,-1,-1
48,21452,119,354,53,124,1,-1,-1,-1
48,21453,668,199,40,93,1,-1,-1,-1
48,21456,357,728,97,187,1,-1,-1,-1
49,21444,1653,508,59,169,1,-1,-1,-1
49,21445,1461,366,51,127,1,-1,-1,-1
49,21446,1298,384,53,127,1,-1,-1,-1
49,21447,754,449,74,138,1,-1,-1,-1
49,21448,880,492,62,159,1,-1,-1,-1
49,21449,613,697,78,202,1,-1,-1,-1
49,21451,523,323,48,126,1,-1,-1,-1
49,21452,120,353,53,124,1,-1,-1,-1
49,21453,667,196,41,95,1,-1,-1,-1
49,21456,387,725,96,187,1,-1,-1,-1
50,21444,1652,504,60,170,1,-1,-1,-1
50,21445,1459,365,52,127,1,-1,-1,-1
50,21446,1296,383,53,127,1,-1,-1,-1
50,21447,744,443,74,140,1,-1,-1,-1
50,21448,878,492,61,159,1,-1,-1,-1
50,21449,612,694,79,202,1,-1,-1,-1
50,21451,524,321,48,126,1,-1,-1,-1
50,21452,120,349,54,125,1,-1,-1,-1
50,21453,667,195,41,95,1,-1,-1,-1
50,21456,409,720,98,191,1,-1,-1,-1
51,21444,1649,501,62,171,1,-1,-1,-1
51,21445,1456,363,53,127,1,-1,-1,-1
51,21446,1294,381,53,128,1,-1,-1,-1
51,21447,736,440,72,140,1,-1,-1,-1
51,21448,873,490,62,159,1,-1,-1,-1
51,21449,612,692,79,203,1,-1,-1,-1
51,21451,526,320,47,126,1,-1,-1,-1
51,21452,123,345,54,126,1,-1,-1,-1
51,21453,665,193,41,95,1,-1,-1,-1
51,21456,424,713,100,195,1,-1,-1,-1
52,21444,1648,497,64,174,1,-1,-1,-1
52,21445,1454,362,54,127,1,-1,-1,-1
52,21446,1292,381,53,125,1,-1,-1,-1
52,21447,734,439,70,141,1,-1,-1,-1
52,21448,871,486,63,163,1,-1,-1,-1
52,21449,615,691,81,202,1,-1,-1,-1
52,21451,528,318,48,127,1,-1,-1,-1
52,21452,125,344,53,126,1,-1,-1,-1
52,21453,664,191,41,95,1,-1,-1,-1
52,21456,442,703,105,202,1,-1,-1,-1
53,21444,1648,493,64,176,1,-1,-1,-1
53,21445,1452,362,54,127,1,-1,-1,-1
53,21446,1291,380,52,126,1,-1,-1,-1
53,21447,729,437,68,141,1,-1,-1,-1
53,21448,867,485,63,164,1,-1,-1,-1
53,21449,616,690,81,203,1,-1,-1,-1
53,21451,530,317,48,127,1,-1,-1,-1
53,21452,127,342,53,127,1,-1,-1,-1
53,21453,663,190,41,95,1,-1,-1,-1
53,21456,464,697,104,195,1,-1,-1,-1
54,21444,1648,496,64,173,1,-1,-1,-1
54,21445,1451,359,56,129,1,-1,-1,-1
54,21446,1290,380,52,125,1,-1,-1,-1
54,21447,722,436,68,141,1,-1,-1,-1
54,21448,864,482,64,167,1,-1,-1,-1
54,21449,621,690,82,203,1,-1,-1,-1
54,21451,533,315,48,127,1,-1,-1,-1
54,21452,129,341,52,127,1,-1,-1,-1
54,21453,662,190,41,94,1,-1,-1,-1
54,21456,488,691,101,188,1,-1,-1,-1
55,21444,1648,498,64,170,1,-1,-1,-1
55,21445,1451,359,57,129,1,-1,-1,-1
55,21446,1287,379,52,125,1,-1,-1,-1
55,21447,714,435,68,141,1,-1,-1,-1
55,21448,859,481,64,167,1,-1,-1,-1
55,21449,623,690,83,203,1,-1,-1,-1
55,21451,533,314,49,127,1,-1,-1,-1
55,21452,130,341,52,128,1,-1,-1,-1
55,21453,662,190,41,93,1,-1,-1,-1
55,21456,515,686,102,189,1,-1,-1,-1
56,21444,1647,501,63,167,1,-1,-1,-1
56,21445,1448,358,57,130,1,-1,-1,-1
56,21446,1281,378,52,126,1,-1,-1,-1
56,21447,706,436,68,141,1,-1,-1,-1
56,21448,853,480,63,167,1,-1,-1,-1
56,21449,626,690,83,203,1,-1,-1,-1
56,21451,535,313,49,127,1,-1,-1,-1
56,21452,131,340,52,130,1,-1,-1,-1
56,21453,661,189,41,94,1,-1,-1,-1
56,21456,524,684,102,187,1,-1,-1,-1
57,21444,1646,502,64,164,1,-1,-1,-1
57,21445,1446,357,55,130,1,-1,-1,-1
57,21446,1277,376,51,127,1,-1,-1,-1
57,21447,698,440,68,137,1,-1,-1,-1
57,21448,848,480,62,164,1,-1,-1,-1
57,21449,630,690,85,203,1,-1,-1,-1
57,21451,536,312,50,127,1,-1,-1,-1
57,21452,133,340,50,130,1,-1,-1,-1
57,21453,660,188,40,94,1,-1,-1,-1
57,21456,539,673,107,195,1,-1,-1,-1
58,21444,1642,503,64,162,1,-1,-1,-1
58,21445,1445,356,55,130,1,-1,-1,-1
58,21446,1274,375,51,127,1,-1,-1,-1
58,21447,693,441,68,136,1,-1,-1,-1
58,21448,844,480,62,163,1,-1,-1,-1
58,21449,637,691,86,199,1,-1,-1,-1
58,21451,536,310,50,128,1,-1,-1,-1
58,21452,135,340,50,130,1,-1,-1,-1
58,21453,660,187,40,95,1,-1,-1,-1
58,21456,554,664,108,195,1,-1,-1,-1
59,21444,1638,499,67,165,1,-1,-1,-1
59,21445,1440,356,54,128,1,-1,-1,-1
59,21446,1272,375,49,125,1,-1,-1,-1
59,21447,683,442,69,135,1,-1,-1,-1
59,21448,839,482,63,159,1,-1,-1,-1
59,21449,638,696,86,191,1,-1,-1,-1
59,21451,536,309,51,128,1,-1,-1,-1
59,21452,138,340,48,129,1,-1,-1,-1
59,21453,659,186,40,95,1,-1,-1,-1
59,21456,571,657,106,186,1,-1,-1,-1
60,21444,1627,500,69,163,1,-1,-1,-1
60,21445,1436,353,54,130,1,-1,-1,-1
60,21446,1267,373,49,124,1,-1,-1,-1
60,21447,676,442,70,135,1,-1,-1,-1
60,21448,835,483,64,158,1,-1,-1,-1
60,21449,643,698,90,188,1,-1,-1,-1
60,21451,535,308,51,127,1,-1,-1,-1
60,21452,139,339,47,128,1,-1,-1,-1
60,21453,658,185,40,95,1,-1,-1,-1
60,21456,593,651,106,183,1,-1,-1,-1
61,21444,1621,501,71,158,1,-1,-1,-1
61,21445,1434,352,54,131,1,-1,-1,-1
61,21446,1265,372,49,124,1,-1,-1,-1
61,21447,675,442,70,133,1,-1,-1,-1
61,21448,833,481,66,160,1,-1,-1,-1
61,21449,647,696,92,187,1,-1,-1,-1
61,21451,535,307,51,127,1,-1,-1,-1
61,21452,139,338,47,128,1,-1,-1,-1
61,21453,657,182,40,95,1,-1,-1,-1
61,21456,611,648,103,179,1,-1,-1,-1
62,21444,1619,500,72,157,1,-1,-1,-1
62,21445,1431,350,55,131,1,-1,-1,-1
62,21446,1262,371,48,124,1,-1,-1,-1
62,21447,673,441,71,132,1,-1,-1,-1
62,21448,831,480,68,161,1,-1,-1,-1
62,21449,648,694,96,188,1,-1,-1,-1
62,21451,534,304,52,128,1,-1,-1,-1
62,21452,140,338,46,128,1,-1,-1,-1
62,21453,657,181,39,95,1,-1,-1,-1
62,21456,640,641,104,183,1,-1,-1,-1
63,21444,1618,502,72,153,1,-1,-1,-1
63,21445,1429,348,55,132,1,-1,-1,-1
63,21446,1259,370,49,124,1,-1,-1,-1
63,21447,671,437,71,132,1,-1,-1,-1
63,21448,829,477,69,161,1,-1,-1,-1
63,21449,649,688,102,191,1,-1,-1,-1
63,21451,533,303,52,127,1,-1,-1,-1
63,21452,143,335,45,128,1,-1,-1,-1
63,21453,657,180,39,95,1,-1,-1,-1
63,21456,658,634,103,183,1,-1,-1,-1
64,21444,1617,500,73,152,1,-1,-1,-1
64,21445,1425,348,56,131,1,-1,-1,-1
64,21446,1258,370,49,123,1,-1,-1,-1
64,21447,663,434,72,134,1,-1,-1,-1
64,21448,829,477,69,161,1,-1,-1,-1
64,21449,653,679,107,196,1,-1,-1,-1
64,21451,532,300,52,127,1,-1,-1,-1
64,21452,144,334,46,128,1,-1,-1,-1
64,21453,657,179,39,94,1,-1,-1,-1
64,21456,675,627,101,179,1,-1,-1,-1
65,21444,1618,495,74,156,1,-1,-1,-1
65,21445,1424,348,56,130,1,-1,-1,-1
65,21446,1257,369,49,123,1,-1,-1,-1
65,21447,660,432,72,135,1,-1,-1,-1
65,21448,826,475,69,161,1,-1,-1,-1
65,21449,655,676,109,196,1,-1,-1,-1
65,21451,532,299,52,127,1,-1,-1,-1
65,21452,146,331,45,128,1,-1,-1,-1
65,21453,656,176,39,95,1,-1,-1,-1
65,21456,701,622,98,174,1,-1,-1,-1
66,21444,1619,494,73,155,1,-1,-1,-1
66,21445,1423,348,56,130,1,-1,-1,-1
66,21446,1257,368,50,123,1,-1,-1,-1
66,21447,652,428,72,138,1,-1,-1,-1
66,21448,824,474,67,161,1,-1,-1,-1
66,21449,666,671,102,183,1,-1,-1,-1
66,21451,533,298,52,127,1,-1,-1,-1
66,21452,149,329,45,128,1,-1,-1,-1
66,21453,658,174,39,95,1,-1,-1,-1
66,21456,725,618,97,172,1,-1,-1,-1
67,21444,1620,494,72,155,1,-1,-1,-1
67,21445,1423,348,55,130,1,-1,-1,-1
67,21446,1257,367,50,123,1,-1,-1,-1
67,21447,647,424,71,139,1,-1,-1,-1
67,21448,821,473,66,161,1,-1,-1,-1
67,21449,677,667,101,183,1,-1,-1,-1
67,21451,534,297,52,127,1,-1,-1,-1
67,21452,155,329,44,128,1,-1,-1,-1
67,21453,658,173,40,95,1,-1,-1,-1
67,21456,745,614,97,176,1,-1,-1,-1
68,21444,1621,495,71,154,1,-1,-1,-1
68,21445,1422,348,56,130,1,-1,-1,-1
68,21446,1257,366,50,124,1,-1,-1,-1
68,21447,646,425,69,139,1,-1,-1,-1
68,21448,819,474,64,160,1,-1,-1,-1
68,21449,688,664,101,184,1,-1,-1,-1
68,21451,535,297,52,127,1,-1,-1,-1
68,21452,159,329,44,128,1,-1,-1,-1
68,21453,661,172,39,95,1,-1,-1,-1
68,21456,768,613,95,177,1,-1,-1,-1
69,21444,1622,496,69,154,1,-1,-1,-1
69,21445,1422,348,55,130,1,-1,-1,-1
69,21446,1256,365,51,125,1,-1,-1,-1
69,21447,644,426,68,140,1,-1,-1,-1
69,21448,817,477,62,157,1,-1,-1,-1
69,21449,697,664,102,183,1,-1,-1,-1
69,21451,536,296,51,127,1,-1,-1,-1
69,21452,163,329,44,128,1,-1,-1,-1
69,21453,661,172,39,95,1,-1,-1,-1
69,21456,796,611,93,174,1,-1,-1,-1
70,21444,1622,496,69,155,1,-1,-1,-1
70,21445,1420,348,55,130,1,-1,-1,-1
70,21446,1255,364,50,126,1,-1,-1,-1
70,21447,638,429,69,140,1,-1,-1,-1
70,21448,811,482,61,155,1,-1,-1,-1
70,21449,701,663,103,183,1,-1,-1,-1
70,21451,536,296,51,127,1,-1,-1,-1
70,21452,164,329,45,128,1,-1,-1,-1
70,21453,661,172,39,95,1,-1,-1,-1
70,21456,817,610,95,175,1,-1,-1,-1
71,21444,1622,499,68,154,1,-1,-1,-1
71,21445,1419,348,54,130,1,-1,-1,-1
71,21446,1254,364,51,126,1,-1,-1,-1
71,21447,632,434,68,137,1,-1,-1,-1
71,21448,808,484,61,154,1,-1,-1,-1
71,21449,715,656,106,183,1,-1,-1,-1
71,21451,537,296,51,127,1,-1,-1,-1
71,21452,165,329,44,128,1,-1,-1,-1
71,21453,661,174,39,95,1,-1,-1,-1
71,21456,837,610,92,168,1,-1,-1,-1
72,21444,1621,500,67,154,1,-1,-1,-1
72,21445,1418,348,52,130,1,-1,-1,-1
72,21446,1252,365,51,128,1,-1,-1,-1
72,21447,626,438,68,135,1,-1,-1,-1
72,21448,800,489,64,155,1,-1,-1,-1
72,21449,726,653,107,183,1,-1,-1,-1
72,21451,538,297,50,127,1,-1,-1,-1
72,21452,167,330,45,128,1,-1,-1,-1
72,21453,660,175,39,95,1,-1,-1,-1
72,21456,850,608,91,165,1,-1,-1,-1
73,21444,1618,500,66,154,1,-1,-1,-1
73,21445,1417,348,51,130,1,-1,-1,-1
73,21446,1251,367,50,127,1,-1,-1,-1
73,21447,624,440,67,134,1,-1,-1,-1
73,21448,795,491,67,157,1,-1,-1,-1
73,21449,744,652,106,181,1,-1,-1,-1
73,21451,538,298,50,127,1,-1,-1,-1
73,21452,169,330,45,128,1,-1,-1,-1
73,21453,660,175,39,95,1,-1,-1,-1
73,21456,860,604,91,166,1,-1,-1,-1
74,21444,1615,501,66,153,1,-1,-1,-1
74,21445,1413,348,52,132,1,-1,-1,-1
74,21446,1249,368,51,129,1,-1,-1,-1
74,21447,620,442,67,134,1,-1,-1,-1
74,21448,793,492,69,157,1,-1,-1,-1
74,21449,760,651,105,180,1,-1,-1,-1
74,21451,538,299,49,127,1,-1,-1,-1
74,21452,172,332,46,127,1,-1,-1,-1
74,21453,658,176,39,95,1,-1,-1,-1
74,21456,869,606,90,164,1,-1,-1,-1
75,21444,1610,501,68,154,1,-1,-1,-1
75,21445,1410,349,51,133,1,-1,-1,-1
75,21446,1248,371,51,129,1,-1,-1,-1
75,21447,618,444,67,134,1,-1,-1,-1
75,21448,790,492,71,159,1,-1,-1,-1
75,21449,779,649,106,180,1,-1,-1,-1
75,21451,539,301,49,127,1,-1,-1,-1
75,21452,173,333,47,126,1,-1,-1,-1
75,21453,655,177,39,96,1,-1,-1,-1
75,21456,875,601,93,170,1,-1,-1,-1
76,21444,1603,503,69,154,1,-1,-1,-1
76,21445,1408,349,50,133,1,-1,-1,-1
76,21446,1246,376,51,128,1,-1,-1,-1
76,21447,615,446,66,134,1,-1,-1,-1
76,21448,786,492,74,162,1,-1,-1,-1
76,21449,789,647,107,181,1,-1,-1,-1
76,21451,539,302,49,127,1,-1,-1,-1
76,21452,175,335,48,126,1,-1,-1,-1
76,21453,653,179,40,95,1,-1,-1,-1
76,21456,881,593,97,177,1,-1,-1,-1
77,21444,1599,504,70,153,1,-1,-1,-1
77,21445,1403,351,51,133,1,-1,-1,-1
77,21446,1245,378,51,129,1,-1,-1,-1
77,21447,613,447,66,134,1,-1,-1,-1
77,21448,783,495,74,162,1,-1,-1,-1
77,21449,803,644,109,184,1,-1,-1,-1
77,21451,538,305,49,127,1,-1,-1,-1
77,21452,177,337,50,126,1,-1,-1,-1
77,21453,651,181,39,96,1,-1,-1,-1
77,21456,890,590,98,177,1,-1,-1,-1
78,21444,1596,508,72,152,1,-1,-1,-1
78,21445,1395,354,52,133,1,-1,-1,-1
78,21446,1243,380,51,128,1,-1,-1,-1
78,21447,611,447,65,134,1,-1,-1,-1
78,21448,782,496,74,161,1,-1,-1,-1
78,21449,809,642,111,185,1,-1,-1,-1
78,21451,538,306,48,127,1,-1,-1,-1
78,21452,179,337,52,129,1,-1,-1,-1
78,21453,650,183,40,97,1,-1,-1,-1
78,21456,903,585,97,178,1,-1,-1,-1
79,21444,1594,510,73,151,1,-1,-1,-1
79,21445,1391,356,53,132,1,-1,-1,-1
79,21446,1240,382,52,128,1,-1,-1,-1
79,21447,609,448,64,135,1,-1,-1,-1
79,21448,782,498,74,161,1,-1,-1,-1
79,21449,825,639,109,180,1,-1,-1,-1
79,21451,538,307,48,127,1,-1,-1,-1
79,21452,179,338,54,129,1,-1,-1,-1
79,21453,650,184,39,96,1,-1,-1,-1
79,21456,915,584,94,174,1,-1,-1,-1
80,21444,1591,513,74,151,1,-1,-1,-1
80,21445,1388,358,53,132,1,-1,-1,-1
80,21446,1238,383,52,128,1,-1,-1,-1
80,21447,604,451,64,137,1,-1,-1,-1
80,21448,783,501,73,161,1,-1,-1,-1
80,21449,847,634,104,171,1,-1,-1,-1
80,21451,538,309,48,127,1,-1,-1,-1
80,21452,179,339,55,130,1,-1,-1,-1
80,21453,650,186,39,95,1,-1,-1,-1
80,21456,928,584,91,169,1,-1,-1,-1
81,21444,1589,515,74,151,1,-1,-1,-1
81,21445,1384,359,55,132,1,-1,-1,-1
81,21446,1237,386,51,128,1,-1,-1,-1
81,21447,603,453,63,137,1,-1,-1,-1
81,21448,785,502,73,165,1,-1,-1,-1
81,21449,858,633,103,168,1,-1,-1,-1
81,21451,538,310,47,127,1,-1,-1,-1
81,21452,180,341,56,131,1,-1,-1,-1
81,21453,648,189,39,94,1,-1,-1,-1
81,21456,934,583,88,166,1,-1,-1,-1
82,21444,1587,516,76,151,1,-1,-1,-1
82,21445,1383,360,55,132,1,-1,-1,-1
82,21446,1236,387,52,128,1,-1,-1,-1
82,21447,600,455,64,140,1,-1,-1,-1
82,21448,786,504,73,165,1,-1,-1,-1
82,21449,870,632,102,168,1,-1,-1,-1
82,21451,538,310,48,128,1,-1,-1,-1
82,21452,180,343,57,130,1,-1,-1,-1
82,21453,647,190,39,94,1,-1,-1,-1
82,21456,949,580,86,163,1,-1,-1,-1
83,21444,1585,516,76,150,1,-1,-1,-1
83,21445,1382,362,55,132,1,-1,-1,-1
83,21446,1233,388,52,128,1,-1,-1,-1
83,21447,599,456,63,141,1,-1,-1,-1
83,21448,789,511,70,164,1,-1,-1,-1
83,21449,879,632,101,166,1,-1,-1,-1
83,21451,537,311,50,130,1,-1,-1,-1
83,21452,180,344,58,130,1,-1,-1,-1
83,21453,645,191,40,95,1,-1,-1,-1
83,21456,955,579,83,162,1,-1,-1,-1
84,21444,1584,516,76,150,1,-1,-1,-1
84,21445,1380,363,56,132,1,-1,-1,-1
84,21446,1231,389,52,128,1,-1,-1,-1
84,21447,597,459,62,141,1,-1,-1,-1
84,21448,791,514,68,164,1,-1,-1,-1
84,21449,892,628,100,162,1,-1,-1,-1
84,21451,537,313,49,130,1,-1,-1,-1
84,21452,180,347,58,130,1,-1,-1,-1
84,21453,643,192,41,95,1,-1,-1,-1
84,21456,966,578,80,159,1,-1,-1,-1
85,21444,1582,516,76,149,1,-1,-1,-1
85,21445,1380,364,55,132,1,-1,-1,-1
85,21446,1228,391,53,127,1,-1,-1,-1
85,21447,594,462,61,142,1,-1,-1,-1
85,21448,790,519,65,160,1,-1,-1,-1
85,21449,909,622,99,159,1,-1,-1,-1
85,21451,536,316,49,128,1,-1,-1,-1
85,21452,180,348,59,130,1,-1,-1,-1
85,21453,641,194,41,94,1,-1,-1,-1
85,21456,972,577,78,160,1,-1,-1,-1
86,21444,1582,516,74,149,1,-1,-1,-1
86,21445,1378,365,56,132,1,-1,-1,-1
86,21446,1225,394,53,128,1,-1,-1,-1
86,21447,592,464,60,140,1,-1,-1,-1
86,21448,791,521,63,158,1,-1,-1,-1
86,21449,926,619,100,160,1,-1,-1,-1
86,21451,535,317,49,128,1,-1,-1,-1
86,21452,181,349,59,130,1,-1,-1,-1
86,21453,639,195,42,94,1,-1,-1,-1
86,21456,977,577,78,162,1,-1,-1,-1
87,21444,1582,516,75,149,1,-1,-1,-1
87,21445,1374,367,55,130,1,-1,-1,-1
87,21446,1224,404,52,119,1,-1,-1,-1
87,21447,591,466,59,138,1,-1,-1,-1
87,21448,791,521,63,161,1,-1,-1,-1
87,21449,946,616,101,163,1,-1,-1,-1
87,21451,531,320,50,127,1,-1,-1,-1
87,21452,182,350,59,130,1,-1,-1,-1
87,21453,637,196,43,94,1,-1,-1,-1
87,21456,990,576,80,166,1,-1,-1,-1
88,21444,1581,517,76,148,1,-1,-1,-1
88,21445,1372,368,55,130,1,-1,-1,-1
88,21446,1224,408,52,116,1,-1,-1,-1
88,21447,588,467,58,136,1,-1,-1,-1
88,21448,790,520,63,163,1,-1,-1,-1
88,21449,967,613,101,166,1,-1,-1,-1
88,21451,529,321,50,127,1,-1,-1,-1
88,21452,183,351,59,130,1,-1,-1,-1
88,21453,636,197,43,94,1,-1,-1,-1
88,21456,998,576,78,167,1,-1,-1,-1
89,21444,1580,518,75,148,1,-1,-1,-1
89,21445,1368,369,55,130,1,-1,-1,-1
89,21446,1224,411,52,114,1,-1,-1,-1
89,21447,587,469,57,135,1,-1,-1,-1
89,21448,786,518,64,166,1,-1,-1,-1
89,21449,980,609,103,171,1,-1,-1,-1
89,21451,528,321,51,128,1,-1,-1,-1
89,21452,185,351,58,130,1,-1,-1,-1
89,21453,635,198,44,94,1,-1,-1,-1
89,21456,1008,574,76,167,1,-1,-1,-1
89,21467,1909,533,7,23,1,-1,-1,-1
90,21444,1579,521,74,145,1,-1,-1,-1
90,21445,1366,370,56,130,1,-1,-1,-1
90,21446,1221,413,54,116,1,-1,-1,-1
90,21447,585,469,58,136,1,-1,-1,-1
90,21448,785,517,63,167,1,-1,-1,-1
90,21449,992,605,105,176,1,-1,-1,-1
90,21451,527,320,52,130,1,-1,-1,-1
90,21452,186,350,56,130,1,-1,-1,-1
90,21453,634,198,45,94,1,-1,-1,-1
90,21456,1018,570,74,168,1,-1,-1,-1
90,21467,1907,532,8,24,1,-1,-1,-1
91,21444,1579,526,73,142,1,-1,-1,-1
91,21445,1363,369,57,134,1,-1,-1,-1
91,21446,1221,414,54,117,1,-1,-1,-1
91,21447,582,471,60,137,1,-1,-1,-1
91,21448,784,516,62,168,1,-1,-1,-1
91,21449,1002,604,105,175,1,-1,-1,-1
91,21451,527,321,52,130,1,-1,-1,-1
91,21452,186,351,56,130,1,-1,-1,-1
91,21453,633,198,45,95,1,-1,-1,-1
91,21456,1025,565,71,168,1,-1,-1,-1
92,21444,1577,531,72,138,1,-1,-1,-1
92,21445,1360,370,56,133,1,-1,-1,-1
92,21446,1221,415,56,117,1,-1,-1,-1
92,21447,580,471,60,138,1,-1,-1,-1
92,21448,783,516,61,168,1,-1,-1,-1
92,21449,1013,604,102,171,1,-1,-1,-1
92,21451,525,323,52,127,1,-1,-1,-1
92,21452,187,352,55,130,1,-1,-1,-1
92,21453,631,197,45,96,1,-1,-1,-1
92,21456,1028,563,68,168,1,-1,-1,-1
93,21444,1573,537,73,134,1,-1,-1,-1
93,21445,1354,373,56,131,1,-1,-1,-1
93,21446,1220,416,58,118,1,-1,-1,-1
93,21447,578,472,61,140,1,-1,-1,-1
93,21448,783,516,60,168,1,-1,-1,-1
93,21449,1032,603,98,165,1,-1,-1,-1
93,21451,524,324,52,126,1,-1,-1,-1
93,21452,188,353,54,130,1,-1,-1,-1
93,21453,630,198,46,96,1,-1,-1,-1
93,21456,1033,563,64,162,1,-1,-1,-1
94,21444,1570,540,73,132,1,-1,-1,-1
94,21445,1350,375,56,130,1,-1,-1,-1
94,21446,1220,416,59,120,1,-1,-1,-1
94,21447,575,473,62,142,1,-1,-1,-1
94,21448,781,517,60,170,1,-1,-1,-1
94,21449,1062,603,92,153,1,-1,-1,-1
94,21451,520,326,52,126,1,-1,-1,-1
94,21452,188,355,54,130,1,-1,-1,-1
94,21453,628,200,46,96,1,-1,-1,-1
94,21456,1047,561,63,158,1,-1,-1,-1
95,21444,1564,545,74,130,1,-1,-1,-1
95,21445,1345,378,56,130,1,-1,-1,-1
95,21446,1223,416,60,123,1,-1,-1,-1
95,21447,571,474,63,143,1,-1,-1,-1
95,21448,777,520,61,173,1,-1,-1,-1
95,21449,1083,603,90,149,1,-1,-1,-1
95,21451,518,327,52,126,1,-1,-1,-1
95,21452,189,356,52,130,1,-1,-1,-1
95,21453,626,202,46,96,1,-1,-1,-1
95,21456,1055,561,62,157,1,-1,-1,-1
96,21444,1559,548,75,129,1,-1,-1,-1
96,21445,1341,379,56,130,1,-1,-1,-1
96,21446,1229,418,61,126,1,-1,-1,-1
96,21447,568,477,63,143,1,-1,-1,-1
96,21448,775,524,60,170,1,-1,-1,-1
96,21449,1091,603,89,149,1,-1,-1,-1
96,21451,515,329,52,126,1,-1,-1,-1
96,21452,189,358,52,130,1,-1,-1,-1
96,21453,624,203,47,97,1,-1,-1,-1
96,21456,1058,561,62,157,1,-1,-1,-1
97,21444,1548,553,76,127,1,-1,-1,-1
97,21445,1337,383,56,130,1,-1,-1,-1
97,21446,1231,419,63,129,1,-1,-1,-1
97,21447,566,480,62,144,1,-1,-1,-1
97,21448,773,525,60,170,1,-1,-1,-1
97,21449,1113,602,90,150,1,-1,-1,-1
97,21451,510,332,53,126,1,-1,-1,-1
97,21452,189,359,52,130,1,-1,-1,-1
97,21453,623,205,47,98,1,-1,-1,-1
97,21456,1065,566,62,156,1,-1,-1,-1
98,21444,1541,557,76,125,1,-1,-1,-1
98,21445,1335,385,56,130,1,-1,-1,-1
98,21446,1233,422,63,130,1,-1,-1,-1
98,21447,562,486,62,143,1,-1,-1,-1
98,21448,768,526,59,169,1,-1,-1,-1
98,21449,1124,601,91,150,1,-1,-1,-1
98,21451,506,334,54,126,1,-1,-1,-1
98,21452,191,360,51,130,1,-1,-1,-1
98,21453,623,206,47,98,1,-1,-1,-1
98,21456,1070,569,61,156,1,-1,-1,-1
99,21444,1529,559,78,125,1,-1,-1,-1
99,21445,1334,386,56,130,1,-1,-1,-1
99,21446,1235,425,63,132,1,-1,-1,-1
99,21447,561,488,62,143,1,-1,-1,-1
99,21448,766,528,59,168,1,-1,-1,-1
99,21449,1141,599,93,150,1,-1,-1,-1
99,21451,503,336,54,126,1,-1,-1,-1
99,21452,192,361,51,130,1,-1,-1,-1
99,21453,622,206,47,98,1,-1,-1,-1
99,21456,1071,569,61,156,1,-1,-1,-1
99,21470,1881,510,38,55,1,-1,-1,-1
100,21444,1520,558,81,127,1,-1,-1,-1
100,21445,1331,386,56,130,1,-1,-1,-1
100,21446,1239,427,62,132,1,-1,-1,-1
100,21447,558,488,61,143,1,-1,-1,-1
100,21448,765,533,57,166,1,-1,-1,-1
100,21449,1164,596,93,150,1,-1,-1,-1
100,21451,501,337,55,126,1,-1,-1,-1
100,21452,194,363,52,130,1,-1,-1,-1
100,21453,621,207,46,98,1,-1,-1,-1
100,21456,1071,568,61,158,1,-1,-1,-1
100,21470,1881,507,40,58,1,-1,-1,-1
101,21444,1511,557,86,131,1,-1,-1,-1
101,21445,1328,387,55,130,1,-1,-1,-1
101,21446,1245,431,61,133,1,-1,-1,-1
101,21447,553,488,61,144,1,-1,-1,-1
101,21448,763,533,57,167,1,-1,-1,-1
101,21449,1179,594,94,152,1,-1,-1,-1
101,21451,498,337,55,126,1,-1,-1,-1
101,21452,194,363,53,130,1,-1,-1,-1
101,21453,621,208,45,96,1,-1,-1,-1
101,21456,1073,564,62,162,1,-1,-1,-1
101,21470,1881,505,41,60,1,-1,-1,-1
102,21444,1505,555,91,135,1,-1,-1,-1
102,21445,1325,386,55,130,1,-1,-1,-1
102,21446,1248,433,60,132,1,-1,-1,-1
102,21447,551,488,60,144,1,-1,-1,-1
102,21448,762,533,57,167,1,-1,-1,-1
102,21449,1201,593,93,155,1,-1,-1,-1
102,21451,494,337,55,125,1,-1,-1,-1
102,21452,195,363,53,130,1,-1,-1,-1
102,21453,621,208,45,95,1,-1,-1,-1
102,21456,1074,559,62,163,1,-1,-1,-1
102,21470,1880,501,45,65,1,-1,-1,-1
103,21444,1498,554,96,140,1,-1,-1,-1
103,21445,1322,383,54,132,1,-1,-1,-1
103,21446,1252,432,60,132,1,-1,-1,-1
103,21447,549,488,60,143,1,-1,-1,-1
103,21448,760,534,57,167,1,-1,-1,-1
103,21449,1213,591,91,156,1,-1,-1,-1
103,21451,490,337,56,125,1,-1,-1,-1
103,21452,196,363,54,130,1,-1,-1,-1
103,21453,623,208,44,94,1,-1,-1,-1
103,21456,1075,554,61,164,1,-1,-1,-1
103,21470,1880,501,45,66,1,-1,-1,-1
104,21444,1493,554,98,141,1,-1,-1,-1
104,21445,1321,382,54,132,1,-1,-1,-1
104,21446,1259,430,59,132,1,-1,-1,-1
104,21447,550,488,59,143,1,-1,-1,-1
104,21448,760,533,57,167,1,-1,-1,-1
104,21449,1226,589,89,157,1,-1,-1,-1
104,21451,488,336,57,125,1,-1,-1,-1
104,21452,197,362,53,130,1,-1,-1,-1
104,21453,625,208,43,94,1,-1,-1,-1
104,21456,1076,550,60,164,1,-1,-1,-1
104,21470,1881,503,43,65,1,-1,-1,-1
105,21444,1486,553,96,142,1,-1,-1,-1
105,21445,1318,382,54,132,1,-1,-1,-1
105,21446,1262,429,58,132,1,-1,-1,-1
105,21447,553,486,58,143,1,-1,-1,-1
105,21448,761,532,57,166,1,-1,-1,-1
105,21449,1239,587,87,157,1,-1,-1,-1
105,21451,486,334,57,125,1,-1,-1,-1
105,21452,199,361,54,130,1,-1,-1,-1
105,21453,628,205,43,95,1,-1,-1,-1
105,21456,1077,542,60,166,1,-1,-1,-1
105,21470,1884,508,41,63,1,-1,-1,-1
106,21444,1484,553,94,141,1,-1,-1,-1
106,21445,1318,381,53,132,1,-1,-1,-1
106,21446,1269,426,57,134,1,-1,-1,-1
106,21447,557,484,58,143,1,-1,-1,-1
106,21448,764,530,57,166,1,-1,-1,-1
106,21449,1257,583,87,157,1,-1,-1,-1
106,21451,486,333,57,125,1,-1,-1,-1
106,21452,205,358,54,130,1,-1,-1,-1
106,21453,629,204,44,96,1,-1,-1,-1
106,21456,1081,533,59,167,1,-1,-1,-1
106,21470,1887,513,38,61,1,-1,-1,-1
107,21444,1485,553,90,138,1,-1,-1,-1
107,21445,1322,379,52,130,1,-1,-1,-1
107,21446,1280,422,58,135,1,-1,-1,-1
107,21447,563,482,57,143,1,-1,-1,-1
107,21448,765,528,59,166,1,-1,-1,-1
107,21449,1282,577,86,157,1,-1,-1,-1
107,21451,494,330,56,125,1,-1,-1,-1
107,21452,209,356,54,130,1,-1,-1,-1
107,21453,639,200,43,96,1,-1,-1,-1
107,21456,1083,529,59,167,1,-1,-1,-1
107,21470,1890,519,35,57,1,-1,-1,-1
108,21444,1486,551,89,138,1,-1,-1,-1
108,21445,1323,378,53,129,1,-1,-1,-1
108,21446,1284,420,59,136,1,-1,-1,-1
108,21447,566,481,56,143,1,-1,-1,-1
108,21448,770,523,60,168,1,-1,-1,-1
108,21449,1300,575,85,155,1,-1,-1,-1
108,21451,497,329,57,125,1,-1,-1,-1
108,21452,220,353,53,130,1,-1,-1,-1
108,21453,644,198,43,96,1,-1,-1,-1
108,21456,1091,523,58,162,1,-1,-1,-1
109,21444,1486,544,92,144,1,-1,-1,-1
109,21445,1338,373,54,131,1,-1,-1,-1
109,21446,1303,420,60,137,1,-1,-1,-1
109,21447,574,480,55,142,1,-1,-1,-1
109,21448,773,520,61,169,1,-1,-1,-1
109,21449,1326,571,83,150,1,-1,-1,-1
109,21451,506,324,58,127,1,-1,-1,-1
109,21452,236,348,52,130,1,-1,-1,-1
109,21453,655,195,43,95,1,-1,-1,-1
109,21456,1097,521,58,158,1,-1,-1,-1
109,21471,1907,531,12,28,1,-1,-1,-1
110,21444,1489,541,94,145,1,-1,-1,-1
110,21445,1345,371,54,132,1,-1,-1,-1
110,21446,1313,420,60,138,1,-1,-1,-1
110,21447,583,478,55,141,1,-1,-1,-1
110,21448,778,513,63,173,1,-1,-1,-1
110,21449,1347,569,83,148,1,-1,-1,-1
110,21451,512,322,57,127,1,-1,-1,-1
110,21452,253,346,52,129,1,-1,-1,-1
110,21453,671,191,43,95,1,-1,-1,-1
110,21456,1106,519,57,154,1,-1,-1,-1
111,21444,1496,539,95,145,1,-1,-1,-1
111,21445,1365,369,54,132,1,-1,-1,-1
111,21446,1328,420,60,138,1,-1,-1,-1
111,21447,594,476,54,139,1,-1,-1,-1
111,21448,782,510,64,174,1,-1,-1,-1
111,21449,1381,566,84,148,1,-1,-1,-1
111,21451,526,321,58,127,1,-1,-1,-1
111,21452,274,343,51,129,1,-1,-1,-1
111,21453,684,189,44,94,1,-1,-1,-1
111,21456,1130,518,58,149,1,-1,-1,-1
112,21444,1508,536,95,144,1,-1,-1,-1
112,21445,1372,368,55,132,1,-1,-1,-1
112,21446,1345,419,60,138,1,-1,-1,-1
112,21447,614,475,54,137,1,-1,-1,-1
112,21448,797,506,64,173,1,-1,-1,-1
112,21449,1397,565,86,148,1,-1,-1,-1
112,21451,551,320,58,125,1,-1,-1,-1
112,21452,297,340,50,129,1,-1,-1,-1
112,21453,707,188,44,94,1,-1,-1,-1
112,21456,1141,518,59,146,1,-1,-1,-1
112,21472,14,869,34,207,1,-1,-1,-1
113,21444,1524,533,95,143,1,-1,-1,-1
113,21445,1383,366,54,133,1,-1,-1,-1
113,21446,1365,418,60,138,1,-1,-1,-1
113,21447,637,473,55,137,1,-1,-1,-1
113,21448,819,503,63,171,1,-1,-1,-1
113,21449,1439,567,87,144,1,-1,-1,-1
113,21451,576,319,59,124,1,-1,-1,-1
113,21452,326,337,50,128,1,-1,-1,-1
113,21453,721,187,45,94,1,-1,-1,-1
113,21456,1154,519,61,143,1,-1,-1,-1
113,21472,37,857,38,219,1,-1,-1,-1
114,21444,1533,531,95,144,1,-1,-1,-1
114,21445,1394,364,55,134,1,-1,-1,-1
114,21446,1385,417,61,139,1,-1,-1,-1
114,21447,669,471,55,134,1,-1,-1,-1
114,21448,837,503,62,168,1,-1,-1,-1
114,21449,1459,567,89,143,1,-1,-1,-1
114,21451,594,319,59,123,1,-1,-1,-1
114,21452,346,336,50,127,1,-1,-1,-1
114,21456,1185,524,58,132,1,-1,-1,-1
114,21472,77,841,41,234,1,-1,-1,-1
115,21444,1550,529,93,145,1,-1,-1,-1
115,21445,1406,364,56,134,1,-1,-1,-1
115,21446,1412,415,61,140,1,-1,-1,-1
115,21447,687,470,57,134,1,-1,-1,-1
115,21448,859,506,61,163,1,-1,-1,-1
115,21449,1497,566,91,143,1,-1,-1,-1
115,21451,616,319,60,122,1,-1,-1,-1
115,21452,379,336,48,124,1,-1,-1,-1
115,21456,1209,524,59,128,1,-1,-1,-1
115,21472,119,835,45,233,1,-1,-1,-1
115,21473,767,188,50,93,1,-1,-1,-1
116,21444,1561,528,91,146,1,-1,-1,-1
116,21445,1420,364,56,134,1,-1,-1,-1
116,21446,1429,416,61,139,1,-1,-1,-1
116,21447,712,470,58,132,1,-1,-1,-1
116,21448,870,507,61,161,1,-1,-1,-1
116,21449,1512,565,93,143,1,-1,-1,-1
116,21451,640,320,59,117,1,-1,-1,-1
116,21452,398,336,48,123,1,-1,-1,-1
116,21456,1220,525,61,127,1,-1,-1,-1
116,21472,131,837,48,231,1,-1,-1,-1
116,21473,787,189,50,93,1,-1,-1,-1
116,21474,19,256,46,105,1,-1,-1,-1
117,21444,1575,526,90,149,1,-1,-1,-1
117,21445,1432,365,55,133,1,-1,-1,-1
117,21446,1447,419,60,138,1,-1,-1,-1
117,21447,725,470,60,132,1,-1,-1,-1
117,21448,879,509,61,157,1,-1,-1,-1
117,21449,1533,562,95,143,1,-1,-1,-1
117,21451,649,321,58,115,1,-1,-1,-1
117,21452,424,337,48,122,1,-1,-1,-1
117,21456,1236,523,65,128,1,-1,-1,-1
117,21472,184,832,51,221,1,-1,-1,-1
117,21473,817,191,50,93,1,-1,-1,-1
117,21474,36,258,46,103,1,-1,-1,-1
118,21444,1586,526,89,150,1,-1,-1,-1
118,21445,1443,367,55,131,1,-1,-1,-1
118,21446,1468,423,60,137,1,-1,-1,-1
118,21447,751,472,60,129,1,-1,-1,-1
118,21448,902,513,61,153,1,-1,-1,-1
118,21449,1560,559,94,142,1,-1,-1,-1
118,21451,676,323,58,115,1,-1,-1,-1
118,21452,456,337,47,121,1,-1,-1,-1
118,21456,1248,521,67,129,1,-1,-1,-1
118,21472,229,833,52,207,1,-1,-1,-1
118,21473,836,194,50,93,1,-1,-1,-1
119,21444,1599,529,87,151,1,-1,-1,-1
119,21445,1458,370,54,128,1,-1,-1,-1
119,21446,1482,426,60,136,1,-1,-1,-1
119,21447,763,473,61,128,1,-1,-1,-1
119,21448,911,515,62,151,1,-1,-1,-1
119,21449,1582,556,93,143,1,-1,-1,-1
119,21451,695,325,59,115,1,-1,-1,-1
119,21452,482,339,47,119,1,-1,-1,-1
119,21456,1257,521,68,128,1,-1,-1,-1
119,21472,261,833,56,199,1,-1,-1,-1
119,21473,860,198,50,93,1,-1,-1,-1
119,21475,95,265,62,97,1,-1,-1,-1
119,21476,0,647,72,176,1,-1,-1,-1
119,21477,7,460,38,140,1,-1,-1,-1
120,21444,1612,529,84,149,1,-1,-1,-1
120,21445,1476,374,51,124,1,-1,-1,-1
120,21446,1506,428,59,136,1,-1,-1,-1
120,21447,786,473,62,127,1,-1,-1,-1
120,21448,935,517,64,149,1,-1,-1,-1
120,21449,1594,554,93,144,1,-1,-1,-1
120,21451,722,329,59,114,1,-1,-1,-1
120,21452,508,340,47,119,1,-1,-1,-1
120,21456,1267,522,68,126,1,-1,-1,-1
120,21472,293,834,58,192,1,-1,-1,-1
120,21473,875,201,50,92,1,-1,-1,-1
120,21476,8,634,75,182,1,-1,-1,-1
120,21477,19,500,35,128,1,-1,-1,-1
121,21444,1619,529,80,148,1,-1,-1,-1
121,21445,1495,379,50,120,1,-1,-1,-1
121,21446,1517,429,58,136,1,-1,-1,-1
121,21447,798,472,63,128,1,-1,-1,-1
121,21448,947,517,65,149,1,-1,-1,-1
121,21449,1621,548,94,149,1,-1,-1,-1
121,21451,746,332,59,114,1,-1,-1,-1
121,21452,541,341,47,119,1,-1,-1,-1
121,21456,1277,524,66,121,1,-1,-1,-1
121,21472,325,828,62,191,1,-1,-1,-1
121,21473,906,207,47,88,1,-1,-1,-1
121,21476,29,629,75,180,1,-1,-1,-1
121,21477,40,509,36,128,1,-1,-1,-1
121,21479,154,268,58,97,1,-1,-1,-1
122,21444,1637,532,75,143,1,-1,-1,-1
122,21445,1510,383,50,117,1,-1,-1,-1
122,21446,1535,430,58,135,1,-1,-1,-1
122,21447,820,472,63,128,1,-1,-1,-1
122,21448,976,518,66,145,1,-1,-1,-1
122,21449,1632,545,93,152,1,-1,-1,-1
122,21451,758,332,60,115,1,-1,-1,-1
122,21452,566,342,46,118,1,-1,-1,-1
122,21456,1293,526,65,119,1,-1,-1,-1
122,21472,352,822,67,190,1,-1,-1,-1
122,21473,924,210,46,86,1,-1,-1,-1
122,21476,54,622,75,179,1,-1,-1,-1
122,21477,73,502,39,136,1,-1,-1,-1
122,21482,22,877,53,201,1,-1,-1,-1
123,21444,1661,536,71,136,1,-1,-1,-1
123,21445,1531,389,49,112,1,-1,-1,-1
123,21446,1562,431,58,135,1,-1,-1,-1
123,21447,849,472,64,128,1,-1,-1,-1
123,21448,991,519,66,143,1,-1,-1,-1
123,21449,1666,545,90,149,1,-1,-1,-1
123,21451,788,333,60,114,1,-1,-1,-1
123,21452,594,344,46,115,1,-1,-1,-1
123,21456,1303,526,66,118,1,-1,-1,-1
123,21472,378,810,71,189,1,-1,-1,-1
123,21473,956,213,46,85,1,-1,-1,-1
123,21476,87,617,73,177,1,-1,-1,-1
123,21477,88,499,42,138,1,-1,-1,-1
123,21482,54,869,55,209,1,-1,-1,-1
123,21485,10,342,50,113,1,-1,-1,-1
124,21444,1682,539,67,129,1,-1,-1,-1
124,21445,1543,390,48,111,1,-1,-1,-1
124,21446,1579,432,58,135,1,-1,-1,-1
124,21447,871,472,64,127,1,-1,-1,-1
124,21448,1012,519,67,141,1,-1,-1,-1
124,21449,1683,544,87,148,1,-1,-1,-1
124,21451,801,334,61,113,1,-1,-1,-1
124,21452,629,346,44,110,1,-1,-1,-1
124,21456,1323,524,67,121,1,-1,-1,-1
124,21472,403,800,78,192,1,-1,-1,-1
124,21473,983,216,45,82,1,-1,-1,-1
124,21476,116,610,74,177,1,-1,-1,-1
124,21477,113,497,44,139,1,-1,-1,-1
124,21482,85,862,59,217,1,-1,-1,-1
124,21485,32,340,51,113,1,-1,-1,-1
124,21487,266,277,57,91,1,-1,-1,-1
124,21488,167,459,66,136,1,-1,-1,-1
125,21444,1693,539,66,128,1,-1,-1,-1
125,21445,1566,392,47,108,1,-1,-1,-1
125,21446,1599,433,58,135,1,-1,-1,-1
125,21447,896,473,63,126,1,-1,-1,-1
125,21448,1022,519,68,140,1,-1,-1,-1
125,21449,1714,544,85,146,1,-1,-1,-1
125,21451,832,336,60,110,1,-1,-1,-1
125,21452,654,346,44,108,1,-1,-1,-1
125,21456,1337,524,67,120,1,-1,-1,-1
125,21472,430,793,81,193,1,-1,-1,-1
125,21473,993,216,44,81,1,-1,-1,-1
125,21476,147,606,73,175,1,-1,-1,-1
125,21482,123,851,61,220,1,-1,-1,-1
125,21488,161,485,68,138,1,-1,-1,-1
126,21444,1716,539,67,131,1,-1,-1,-1
126,21445,1577,394,48,106,1,-1,-1,-1
126,21446,1623,435,58,135,1,-1,-1,-1
126,21447,922,473,62,123,1,-1,-1,-1
126,21448,1037,516,69,140,1,-1,-1,-1
126,21449,1737,545,83,144,1,-1,-1,-1
126,21451,849,337,61,108,1,-1,-1,-1
126,21452,678,345,45,107,1,-1,-1,-1
126,21456,1353,524,66,118,1,-1,-1,-1
126,21472,456,783,85,193,1,-1,-1,-1
126,21473,1026,218,45,81,1,-1,-1,-1
126,21476,178,600,73,173,1,-1,-1,-1
126,21482,158,844,64,220,1,-1,-1,-1
126,21488,160,494,68,138,1,-1,-1,-1
126,21489,330,276,44,91,1,-1,-1,-1
126,21490,84,336,67,114,1,-1,-1,-1
126,21491,235,454,70,134,1,-1,-1,-1
127,21444,1735,537,67,133,1,-1,-1,-1
127,21445,1597,396,48,104,1,-1,-1,-1
127,21446,1640,436,57,134,1,-1,-1,-1
127,21447,945,474,61,121,1,-1,-1,-1
127,21448,1061,512,70,140,1,-1,-1,-1
127,21449,1748,544,80,143,1,-1,-1,-1
127,21451,883,336,59,105,1,-1,-1,-1
127,21452,703,345,45,105,1,-1,-1,-1
127,21456,1366,524,64,117,1,-1,-1,-1
127,21472,482,776,86,190,1,-1,-1,-1
127,21473,1042,218,44,81,1,-1,-1,-1
127,21476,207,595,73,171,1,-1,-1,-1
127,21482,190,840,64,211,1,-1,-1,-1
127,21488,185,497,67,134,1,-1,-1,-1
127,21490,113,336,67,111,1,-1,-1,-1
127,21491,269,452,70,133,1,-1,-1,-1
128,21444,1744,536,67,133,1,-1,-1,-1
128,21445,1610,397,48,103,1,-1,-1,-1
128,21446,1658,438,56,131,1,-1,-1,-1
128,21447,967,475,60,118,1,-1,-1,-1
128,21448,1073,509,71,141,1,-1,-1,-1
128,21449,1773,542,78,143,1,-1,-1,-1
128,21451,905,335,59,104,1,-1,-1,-1
128,21452,736,343,44,103,1,-1,-1,-1
128,21456,1382,524,62,114,1,-1,-1,-1
128,21472,510,771,88,189,1,-1,-1,-1
128,21473,1075,220,44,80,1,-1,-1,-1
128,21476,236,590,75,170,1,-1,-1,-1
128,21482,223,834,67,208,1,-1,-1,-1
128,21491,311,450,69,132,1,-1,-1,-1
129,21444,1767,536,65,131,1,-1,-1,-1
129,21445,1625,397,47,102,1,-1,-1,-1
129,21446,1677,440,56,128,1,-1,-1,-1
129,21447,992,476,58,115,1,-1,-1,-1
129,21448,1089,507,71,141,1,-1,-1,-1
129,21449,1789,541,77,142,1,-1,-1,-1
129,21451,926,334,57,104,1,-1,-1,-1
129,21452,755,343,45,102,1,-1,-1,-1
129,21456,1395,523,61,112,1,-1,-1,-1
129,21472,538,767,89,188,1,-1,-1,-1
129,21473,1087,221,45,81,1,-1,-1,-1
129,21476,266,588,74,162,1,-1,-1,-1
129,21482,253,831,70,203,1,-1,-1,-1
129,21491,343,449,67,130,1,-1,-1,-1
129,21494,251,497,87,122,1,-1,-1,-1
129,21495,199,335,56,105,1,-1,-1,-1
130,21444,1781,537,63,127,1,-1,-1,-1
130,21445,1638,397,48,101,1,-1,-1,-1
130,21446,1692,441,55,127,1,-1,-1,-1
130,21447,1009,476,59,114,1,-1,-1,-1
130,21448,1112,503,72,143,1,-1,-1,-1
130,21449,1810,540,75,141,1,-1,-1,-1
130,21451,948,333,55,104,1,-1,-1,-1
130,21452,778,344,46,101,1,-1,-1,-1
130,21456,1411,522,60,109,1,-1,-1,-1
130,21472,566,766,89,184,1,-1,-1,-1
130,21473,1111,223,44,80,1,-1,-1,-1
130,21476,300,587,74,155,1,-1,-1,-1
130,21482,266,830,73,201,1,-1,-1,-1
130,21491,372,448,67,127,1,-1,-1,-1
130,21494,285,494,85,120,1,-1,-1,-1
131,21444,1796,539,60,121,1,-1,-1,-1
131,21445,1646,396,49,102,1,-1,-1,-1
131,21446,1711,442,54,124,1,-1,-1,-1
131,21447,1034,476,59,113,1,-1,-1,-1
131,21448,1126,503,72,142,1,-1,-1,-1
131,21449,1833,539,74,140,1,-1,-1,-1
131,21451,969,334,54,103,1,-1,-1,-1
131,21452,803,345,47,99,1,-1,-1,-1
131,21456,1423,522,61,109,1,-1,-1,-1
131,21472,595,764,89,177,1,-1,-1,-1
131,21473,1145,226,42,77,1,-1,-1,-1
131,21476,316,586,75,152,1,-1,-1,-1
131,21482,288,828,76,196,1,-1,-1,-1
131,21491,400,447,66,124,1,-1,-1,-1
131,21494,333,490,83,116,1,-1,-1,-1
132,21444,1808,538,59,120,1,-1,-1,-1
132,21445,1666,396,50,102,1,-1,-1,-1
132,21446,1722,443,53,123,1,-1,-1,-1
132,21447,1047,476,59,112,1,-1,-1,-1
132,21448,1142,505,70,139,1,-1,-1,-1
132,21449,1843,539,73,140,1,-1,-1,-1
132,21451,991,336,53,102,1,-1,-1,-1
132,21452,838,346,47,97,1,-1,-1,-1
132,21456,1436,520,63,112,1,-1,-1,-1
132,21472,616,767,90,173,1,-1,-1,-1
132,21473,1166,228,41,76,1,-1,-1,-1
132,21476,354,582,74,148,1,-1,-1,-1
132,21482,325,822,76,183,1,-1,-1,-1
132,21491,427,447,65,121,1,-1,-1,-1
132,21494,360,489,82,115,1,-1,-1,-1
133,21444,1821,540,57,117,1,-1,-1,-1
133,21445,1678,397,51,102,1,-1,-1,-1
133,21446,1742,447,51,119,1,-1,-1,-1
133,21447,1067,476,59,111,1,-1,-1,-1
133,21448,1161,508,67,135,1,-1,-1,-1
133,21449,1853,539,72,140,1,-1,-1,-1
133,21451,1014,339,51,100,1,-1,-1,-1
133,21452,857,347,47,96,1,-1,-1,-1
133,21456,1449,520,65,112,1,-1,-1,-1
133,21472,644,769,89,163,1,-1,-1,-1
133,21473,1193,233,41,75,1,-1,-1,-1
133,21476,383,579,74,146,1,-1,-1,-1
133,21482,338,820,78,178,1,-1,-1,-1
133,21491,463,446,64,117,1,-1,-1,-1
133,21494,390,489,82,114,1,-1,-1,-1
133,21502,343,341,63,94,1,-1,-1,-1
134,21444,1832,541,59,116,1,-1,-1,-1
134,21445,1693,399,53,102,1,-1,-1,-1
134,21446,1753,448,50,118,1,-1,-1,-1
134,21447,1093,477,58,109,1,-1,-1,-1
134,21448,1176,510,65,133,1,-1,-1,-1
134,21449,1878,548,52,105,1,-1,-1,-1
134,21451,1037,343,51,98,1,-1,-1,-1
134,21452,879,348,48,96,1,-1,-1,-1
134,21456,1462,521,66,112,1,-1,-1,-1
134,21472,664,769,91,160,1,-1,-1,-1
134,21473,1210,235,40,75,1,-1,-1,-1
134,21476,407,574,74,145,1,-1,-1,-1
134,21482,370,815,81,170,1,-1,-1,-1
134,21491,485,447,64,115,1,-1,-1,-1
134,21494,408,488,81,113,1,-1,-1,-1
134,21502,370,343,63,94,1,-1,-1,-1
134,21503,590,289,40,78,1,-1,-1,-1
135,21444,1843,544,57,112,1,-1,-1,-1
135,21445,1705,401,54,102,1,-1,-1,-1
135,21446,1772,450,50,118,1,-1,-1,-1
135,21447,1111,477,57,108,1,-1,-1,-1
135,21448,1191,512,64,130,1,-1,-1,-1
135,21451,1054,344,50,98,1,-1,-1,-1
135,21452,911,350,50,95,1,-1,-1,-1
135,21456,1475,522,64,111,1,-1,-1,-1
135,21472,685,767,93,158,1,-1,-1,-1
135,21473,1236,240,40,74,1,-1,-1,-1
135,21476,429,569,74,147,1,-1,-1,-1
135,21482,396,813,84,168,1,-1,-1,-1
135,21491,510,448,64,113,1,-1,-1,-1
135,21494,435,485,79,110,1,-1,-1,-1
135,21502,407,344,63,95,1,-1,-1,-1
135,21503,608,290,40,77,1,-1,-1,-1
136,21444,1850,545,57,111,1,-1,-1,-1
136,21445,1720,404,54,102,1,-1,-1,-1
136,21446,1782,452,49,116,1,-1,-1,-1
136,21447,1134,478,56,107,1,-1,-1,-1
136,21448,1213,514,62,127,1,-1,-1,-1
136,21451,1071,346,49,97,1,-1,-1,-1
136,21452,929,350,50,95,1,-1,-1,-1
136,21456,1482,524,65,110,1,-1,-1,-1
136,21472,700,766,95,156,1,-1,-1,-1
136,21473,1253,242,38,73,1,-1,-1,-1
136,21476,453,565,73,146,1,-1,-1,-1
136,21482,418,809,85,168,1,-1,-1,-1
136,21491,536,450,64,110,1,-1,-1,-1
136,21494,470,482,77,106,1,-1,-1,-1
136,21502,430,345,63,94,1,-1,-1,-1
136,21503,630,291,39,76,1,-1,-1,-1
136,21504,1906,562,12,40,1,-1,-1,-1
137,21444,1859,549,54,106,1,-1,-1,-1
137,21445,1730,407,54,101,1,-1,-1,-1
137,21446,1798,454,49,116,1,-1,-1,-1
137,21447,1142,478,57,107,1,-1,-1,-1
137,21448,1224,514,62,126,1,-1,-1,-1
137,21451,1086,346,49,97,1,-1,-1,-1
137,21452,951,351,51,94,1,-1,-1,-1
137,21456,1494,526,65,109,1,-1,-1,-1
137,21472,711,762,98,156,1,-1,-1,-1
137,21473,1281,246,38,71,1,-1,-1,-1
137,21476,479,563,70,142,1,-1,-1,-1
137,21482,442,803,87,168,1,-1,-1,-1
137,21491,563,452,64,108,1,-1,-1,-1
137,21494,488,480,76,104,1,-1,-1,-1
137,21502,452,345,61,92,1,-1,-1,-1
138,21444,1867,550,52,103,1,-1,-1,-1
138,21445,1746,411,53,98,1,-1,-1,-1
138,21446,1817,458,50,114,1,-1,-1,-1
138,21447,1159,478,56,106,1,-1,-1,-1
138,21448,1241,514,61,125,1,-1,-1,-1
138,21451,1107,347,48,97,1,-1,-1,-1
138,21452,984,351,51,94,1,-1,-1,-1
138,21456,1506,526,65,109,1,-1,-1,-1
138,21472,722,756,100,156,1,-1,-1,-1
138,21473,1302,247,37,71,1,-1,-1,-1
138,21476,506,561,67,140,1,-1,-1,-1
138,21482,464,800,90,168,1,-1,-1,-1
138,21491,604,454,64,106,1,-1,-1,-1
138,21494,501,477,76,104,1,-1,-1,-1
138,21502,472,345,60,91,1,-1,-1,-1
138,21505,689,295,35,75,1,-1,-1,-1
139,21444,1877,552,49,98,1,-1,-1,-1
139,21445,1757,413,52,97,1,-1,-1,-1
139,21446,1838,461,50,113,1,-1,-1,-1
139,21447,1192,478,56,104,1,-1,-1,-1
139,21448,1265,514,63,123,1,-1,-1,-1
139,21451,1144,348,49,97,1,-1,-1,-1
139,21452,1003,351,50,94,1,-1,-1,-1
139,21456,1523,524,64,108,1,-1,-1,-1
139,21472,739,748,100,150,1,-1,-1,-1
139,21473,1329,248,36,71,1,-1,-1,-1
139,21476,535,560,63,135,1,-1,-1,-1
139,21482,471,799,91,168,1,-1,-1,-1
139,21491,622,454,65,106,1,-1,-1,-1
139,21494,542,476,75,104,1,-1,-1,-1
139,21502,505,344,58,90,1,-1,-1,-1
140,21444,1887,553,44,95,1,-1,-1,-1
140,21445,1782,413,51,97,1,-1,-1,-1
140,21446,1854,462,50,113,1,-1,-1,-1
140,21447,1204,478,57,103,1,-1,-1,-1
140,21448,1279,513,64,122,1,-1,-1,-1
140,21451,1159,348,47,98,1,-1,-1,-1
140,21452,1028,350,49,93,1,-1,-1,-1
140,21456,1537,523,66,111,1,-1,-1,-1
140,21472,760,740,102,149,1,-1,-1,-1
140,21473,1350,250,36,69,1,-1,-1,-1
140,21476,563,557,62,130,1,-1,-1,-1
140,21482,509,794,88,161,1,-1,-1,-1
140,21491,646,453,65,105,1,-1,-1,-1
140,21494,571,475,74,103,1,-1,-1,-1
140,21502,541,343,57,88,1,-1,-1,-1
140,21506,744,293,42,76,1,-1,-1,-1
141,21445,1792,413,51,97,1,-1,-1,-1
141,21446,1873,462,49,112,1,-1,-1,-1
141,21447,1235,477,57,103,1,-1,-1,-1
141,21448,1295,513,65,122,1,-1,-1,-1
141,21451,1181,347,47,98,1,-1,-1,-1
141,21452,1056,350,47,91,1,-1,-1,-1
141,21456,1554,521,68,114,1,-1,-1,-1
141,21472,781,733,105,148,1,-1,-1,-1
141,21473,1380,252,35,66,1,-1,-1,-1
141,21476,589,555,62,126,1,-1,-1,-1
141,21482,542,790,86,153,1,-1,-1,-1
141,21491,673,451,65,103,1,-1,-1,-1
141,21494,602,473,72,102,1,-1,-1,-1
141,21502,591,342,56,85,1,-1,-1,-1
142,21445,1817,415,51,96,1,-1,-1,-1
142,21446,1891,470,43,104,1,-1,-1,-1
142,21447,1254,477,57,102,1,-1,-1,-1
142,21448,1322,511,65,123,1,-1,-1,-1
142,21451,1220,346,47,98,1,-1,-1,-1
142,21452,1092,349,45,89,1,-1,-1,-1
142,21456,1571,520,69,114,1,-1,-1,-1
142,21472,808,728,106,148,1,-1,-1,-1
142,21473,1400,254,35,65,1,-1,-1,-1
142,21476,607,554,63,125,1,-1,-1,-1
142,21482,569,783,87,150,1,-1,-1,-1
142,21491,701,449,65,101,1,-1,-1,-1
142,21494,627,472,71,100,1,-1,-1,-1
142,21502,619,342,55,83,1,-1,-1,-1
142,21507,1910,602,9,48,1,-1,-1,-1
143,21445,1829,414,52,98,1,-1,-1,-1
143,21446,1898,473,38,101,1,-1,-1,-1
143,21447,1279,477,58,103,1,-1,-1,-1
143,21448,1333,511,65,122,1,-1,-1,-1
143,21451,1240,346,46,97,1,-1,-1,-1
143,21452,1116,349,43,89,1,-1,-1,-1
143,21456,1584,520,68,114,1,-1,-1,-1
143,21472,834,723,106,148,1,-1,-1,-1
143,21473,1431,256,34,65,1,-1,-1,-1
143,21476,645,554,64,119,1,-1,-1,-1
143,21482,577,781,90,149,1,-1,-1,-1
143,21491,729,446,65,101,1,-1,-1,-1
143,21494,655,468,71,101,1,-1,-1,-1
143,21502,650,341,55,83,1,-1,-1,-1
144,21445,1841,412,53,100,1,-1,-1,-1
144,21447,1289,477,58,103,1,-1,-1,-1
144,21448,1351,509,64,123,1,-1,-1,-1
144,21451,1267,346,45,96,1,-1,-1,-1
144,21452,1143,349,42,88,1,-1,-1,-1
144,21456,1606,522,65,109,1,-1,-1,-1
144,21472,854,719,107,148,1,-1,-1,-1
144,21473,1447,257,35,65,1,-1,-1,-1
144,21476,681,550,66,117,1,-1,-1,-1
144,21482,604,775,91,149,1,-1,-1,-1
144,21491,773,443,65,99,1,-1,-1,-1
144,21494,689,464,69,100,1,-1,-1,-1
144,21502,681,340,54,83,1,-1,-1,-1
145,21445,1868,413,52,102,1,-1,-1,-1
145,21447,1309,476,58,103,1,-1,-1,-1
145,21448,1381,506,64,122,1,-1,-1,-1
145,21451,1305,347,44,93,1,-1,-1,-1
145,21452,1178,349,41,88,1,-1,-1,-1
145,21456,1624,525,64,108,1,-1,-1,-1
145,21472,870,716,104,144,1,-1,-1,-1
145,21473,1473,259,35,64,1,-1,-1,-1
145,21476,715,547,66,115,1,-1,-1,-1
145,21482,640,768,94,148,1,-1,-1,-1
145,21491,791,441,65,98,1,-1,-1,-1
145,21494,715,461,69,100,1,-1,-1,-1
145,21502,723,339,53,82,1,-1,-1,-1
145,21511,921,295,43,71,1,-1,-1,-1
146,21447,1342,473,58,103,1,-1,-1,-1
146,21448,1394,505,62,122,1,-1,-1,-1
146,21451,1329,349,43,91,1,-1,-1,-1
146,21452,1202,349,41,88,1,-1,-1,-1
146,21456,1634,526,62,106,1,-1,-1,-1
146,21472,885,712,103,144,1,-1,-1,-1
146,21473,1511,261,35,64,1,-1,-1,-1
146,21476,744,545,67,111,1,-1,-1,-1
146,21482,665,761,99,154,1,-1,-1,-1
146,21491,820,440,64,97,1,-1,-1,-1
146,21494,750,459,68,100,1,-1,-1,-1
146,21502,747,338,53,82,1,-1,-1,-1
147,21447,1360,472,59,103,1,-1,-1,-1
147,21448,1412,504,63,123,1,-1,-1,-1
147,21451,1354,351,43,89,1,-1,-1,-1
147,21452,1231,349,41,87,1,-1,-1,-1
147,21456,1663,526,61,104,1,-1,-1,-1
147,21472,910,709,101,139,1,-1,-1,-1
147,21473,1542,262,36,64,1,-1,-1,-1
147,21476,758,544,68,109,1,-1,-1,-1
147,21482,692,757,98,149,1,-1,-1,-1
147,21491,851,439,64,96,1,-1,-1,-1
147,21494,774,458,68,100,1,-1,-1,-1
147,21502,775,338,51,81,1,-1,-1,-1
147,21513,1908,432,11,84,1,-1,-1,-1
148,21447,1384,472,58,102,1,-1,-1,-1
148,21448,1446,504,63,123,1,-1,-1,-1
148,21451,1391,354,42,88,1,-1,-1,-1
148,21452,1265,350,42,84,1,-1,-1,-1
148,21456,1682,526,61,104,1,-1,-1,-1
148,21472,935,704,103,139,1,-1,-1,-1
148,21473,1559,262,36,65,1,-1,-1,-1
148,21476,793,542,67,105,1,-1,-1,-1
148,21482,711,752,98,148,1,-1,-1,-1
148,21491,884,439,64,95,1,-1,-1,-1
148,21494,804,457,68,100,1,-1,-1,-1
148,21502,822,339,49,77,1,-1,-1,-1
148,21516,1014,298,43,66,1,-1,-1,-1
149,21447,1420,472,57,101,1,-1,-1,-1
149,21448,1461,505,63,123,1,-1,-1,-1
149,21451,1414,356,42,87,1,-1,-1,-1
149,21452,1294,351,42,83,1,-1,-1,-1
149,21456,1708,526,63,104,1,-1,-1,-1
149,21472,959,701,107,142,1,-1,-1,-1
149,21473,1587,264,36,65,1,-1,-1,-1
149,21476,822,540,66,104,1,-1,-1,-1
149,21482,732,749,96,143,1,-1,-1,-1
149,21491,918,438,62,94,1,-1,-1,-1
149,21494,836,456,68,100,1,-1,-1,-1
149,21502,839,339,48,76,1,-1,-1,-1
150,21447,1440,473,57,99,1,-1,-1,-1
150,21448,1489,508,62,121,1,-1,-1,-1
150,21451,1446,359,43,86,1,-1,-1,-1
150,21452,1325,353,43,82,1,-1,-1,-1
150,21456,1731,528,64,104,1,-1,-1,-1
150,21472,971,699,109,144,1,-1,-1,-1
150,21473,1628,267,37,65,1,-1,-1,-1
150,21476,856,538,65,100,1,-1,-1,-1
150,21482,760,743,94,138,1,-1,-1,-1
150,21491,955,438,62,92,1,-1,-1,-1
150,21494,870,455,67,100,1,-1,-1,-1
150,21502,889,339,48,76,1,-1,-1,-1
151,21447,1464,475,56,98,1,-1,-1,-1
151,21448,1525,512,59,117,1,-1,-1,-1
151,21451,1485,362,42,86,1,-1,-1,-1
151,21452,1363,355,44,81,1,-1,-1,-1
151,21456,1751,530,67,106,1,-1,-1,-1
151,21472,1004,695,109,144,1,-1,-1,-1
151,21473,1657,270,36,64,1,-1,-1,-1
151,21476,888,537,66,99,1,-1,-1,-1
151,21482,787,738,97,140,1,-1,-1,-1
151,21491,984,437,61,93,1,-1,-1,-1
151,21494,897,453,66,98,1,-1,-1,-1
151,21502,914,340,48,76,1,-1,-1,-1
152,21447,1499,479,53,94,1,-1,-1,-1
152,21448,1552,514,58,116,1,-1,-1,-1
152,21451,1513,363,43,87,1,-1,-1,-1
152,21452,1391,358,44,79,1,-1,-1,-1
152,21456,1777,533,66,105,1,-1,-1,-1
152,21472,1031,691,108,145,1,-1,-1,-1
152,21473,1695,275,36,63,1,-1,-1,-1
152,21476,921,537,66,97,1,-1,-1,-1
152,21482,814,734,101,141,1,-1,-1,-1
152,21491,1013,436,61,93,1,-1,-1,-1
152,21494,932,452,64,94,1,-1,-1,-1
152,21502,946,341,47,75,1,-1,-1,-1
153,21447,1521,481,52,93,1,-1,-1,-1
153,21448,1576,515,58,116,1,-1,-1,-1
153,21451,1549,365,42,86,1,-1,-1,-1
153,21452,1422,360,45,78,1,-1,-1,-1
153,21456,1789,536,65,103,1,-1,-1,-1
153,21472,1049,689,105,143,1,-1,-1,-1
153,21473,1722,279,35,62,1,-1,-1,-1
153,21476,947,535,68,97,1,-1,-1,-1
153,21482,839,728,105,145,1,-1,-1,-1
153,21491,1042,436,62,93,1,-1,-1,-1
153,21494,952,451,63,93,1,-1,-1,-1
153,21502,993,342,45,74,1,-1,-1,-1
154,21447,1546,482,53,93,1,-1,-1,-1
154,21448,1602,516,58,116,1,-1,-1,-1
154,21451,1569,366,42,86,1,-1,-1,-1
154,21452,1459,363,45,75,1,-1,-1,-1
154,21456,1802,539,63,102,1,-1,-1,-1
154,21472,1068,688,102,139,1,-1,-1,-1
154,21473,1755,285,35,61,1,-1,-1,-1
154,21476,956,535,70,97,1,-1,-1,-1
154,21482,861,724,109,150,1,-1,-1,-1
154,21491,1072,435,61,93,1,-1,-1,-1
154,21494,976,451,63,92,1,-1,-1,-1
154,21502,1017,343,45,73,1,-1,-1,-1
155,21447,1576,483,54,94,1,-1,-1,-1
155,21448,1623,518,59,115,1,-1,-1,-1
155,21451,1606,370,40,83,1,-1,-1,-1
155,21452,1484,365,45,75,1,-1,-1,-1
155,21456,1833,543,63,103,1,-1,-1,-1
155,21472,1090,685,101,137,1,-1,-1,-1
155,21473,1789,288,36,61,1,-1,-1,-1
155,21476,996,535,66,94,1,-1,-1,-1
155,21482,885,721,106,148,1,-1,-1,-1
155,21491,1101,435,62,92,1,-1,-1,-1
155,21494,1020,451,62,92,1,-1,-1,-1
155,21502,1044,344,44,72,1,-1,-1,-1
156,21447,1596,485,55,94,1,-1,-1,-1
156,21448,1646,521,61,114,1,-1,-1,-1
156,21451,1622,372,39,82,1,-1,-1,-1
156,21452,1509,367,45,75,1,-1,-1,-1
156,21456,1857,544,63,104,1,-1,-1,-1
156,21472,1110,684,103,135,1,-1,-1,-1
156,21473,1802,290,36,61,1,-1,-1,-1
156,21476,1025,536,63,91,1,-1,-1,-1
156,21482,902,719,102,144,1,-1,-1,-1
156,21491,1134,434,61,93,1,-1,-1,-1
156,21494,1037,451,62,92,1,-1,-1,-1
156,21502,1072,346,43,71,1,-1,-1,-1
157,21447,1624,489,55,92,1,-1,-1,-1
157,21448,1663,523,62,115,1,-1,-1,-1
157,21451,1658,377,39,81,1,-1,-1,-1
157,21452,1543,371,44,74,1,-1,-1,-1
157,21456,1874,547,60,104,1,-1,-1,-1
157,21472,1132,677,103,135,1,-1,-1,-1
157,21473,1842,296,37,61,1,-1,-1,-1
157,21476,1052,533,62,90,1,-1,-1,-1
157,21482,922,719,99,139,1,-1,-1,-1
157,21491,1159,435,60,91,1,-1,-1,-1
157,21494,1061,452,61,91,1,-1,-1,-1
157,21502,1100,347,42,69,1,-1,-1,-1
157,21529,1313,317,32,61,1,-1,-1,-1
158,21447,1636,490,55,92,1,-1,-1,-1
158,21448,1689,526,63,114,1,-1,-1,-1
158,21451,1672,379,37,80,1,-1,-1,-1
158,21452,1563,373,43,75,1,-1,-1,-1
158,21456,1888,561,51,94,1,-1,-1,-1
158,21472,1145,675,103,134,1,-1,-1,-1
158,21473,1874,301,36,61,1,-1,-1,-1
158,21476,1075,532,62,90,1,-1,-1,-1
158,21482,944,716,98,136,1,-1,-1,-1
158,21491,1184,437,59,90,1,-1,-1,-1
158,21494,1103,453,59,88,1,-1,-1,-1
158,21502,1128,350,42,68,1,-1,-1,-1
159,21447,1663,495,54,92,1,-1,-1,-1
159,21448,1703,529,62,113,1,-1,-1,-1
159,21451,1709,387,37,80,1,-1,-1,-1
159,21452,1587,376,42,75,1,-1,-1,-1
159,21472,1167,673,102,135,1,-1,-1,-1
159,21473,1897,309,33,58,1,-1,-1,-1
159,21476,1101,531,63,89,1,-1,-1,-1
159,21482,962,712,100,136,1,-1,-1,-1
159,21491,1209,439,56,89,1,-1,-1,-1
159,21494,1120,453,57,87,1,-1,-1,-1
159,21502,1173,353,42,69,1,-1,-1,-1
159,21533,279,385,53,75,1,-1,-1,-1
159,21534,9,757,38,149,1,-1,-1,-1
160,21447,1675,497,54,91,1,-1,-1,-1
160,21448,1726,535,59,110,1,-1,-1,-1
160,21451,1738,392,37,77,1,-1,-1,-1
160,21452,1620,381,42,74,1,-1,-1,-1
160,21472,1179,672,100,135,1,-1,-1,-1
160,21476,1124,530,64,89,1,-1,-1,-1
160,21482,982,709,100,133,1,-1,-1,-1
160,21491,1237,441,53,87,1,-1,-1,-1
160,21494,1139,454,56,87,1,-1,-1,-1
160,21502,1190,354,43,69,1,-1,-1,-1
160,21534,1,765,33,129,1,-1,-1,-1
161,21447,1692,498,54,92,1,-1,-1,-1
161,21448,1739,539,58,107,1,-1,-1,-1
161,21451,1753,395,36,76,1,-1,-1,-1
161,21452,1638,384,42,74,1,-1,-1,-1
161,21472,1186,672,98,134,1,-1,-1,-1
161,21476,1143,528,66,92,1,-1,-1,-1
161,21482,1000,707,100,133,1,-1,-1,-1
161,21491,1257,444,52,85,1,-1,-1,-1
161,21494,1159,455,55,86,1,-1,-1,-1
161,21502,1214,357,43,68,1,-1,-1,-1
161,21534,0,767,31,122,1,-1,-1,-1
161,21539,1419,328,29,61,1,-1,-1,-1
162,21447,1716,502,53,91,1,-1,-1,-1
162,21448,1764,545,55,104,1,-1,-1,-1
162,21451,1782,403,35,74,1,-1,-1,-1
162,21452,1658,388,41,72,1,-1,-1,-1
162,21472,1203,670,96,133,1,-1,-1,-1
162,21476,1149,527,68,93,1,-1,-1,-1
162,21482,1016,705,101,136,1,-1,-1,-1
162,21491,1276,446,51,85,1,-1,-1,-1
162,21494,1184,457,54,85,1,-1,-1,-1
162,21502,1240,360,43,68,1,-1,-1,-1
163,21447,1733,505,53,91,1,-1,-1,-1
163,21448,1774,547,54,103,1,-1,-1,-1
163,21451,1796,407,35,72,1,-1,-1,-1
163,21452,1688,394,41,70,1,-1,-1,-1
163,21472,1221,669,94,131,1,-1,-1,-1
163,21476,1177,530,66,91,1,-1,-1,-1
163,21482,1029,705,100,137,1,-1,-1,-1
163,21491,1295,448,50,84,1,-1,-1,-1
163,21494,1211,459,54,84,1,-1,-1,-1
163,21502,1274,364,41,69,1,-1,-1,-1
163,21548,132,730,63,147,1,-1,-1,-1
164,21447,1753,509,52,90,1,-1,-1,-1
164,21448,1799,554,54,104,1,-1,-1,-1
164,21451,1827,417,32,67,1,-1,-1,-1
164,21452,1702,397,41,69,1,-1,-1,-1
164,21472,1238,671,93,126,1,-1,-1,-1
164,21476,1196,534,64,89,1,-1,-1,-1
164,21482,1038,705,97,136,1,-1,-1,-1
164,21491,1324,451,51,84,1,-1,-1,-1
164,21494,1244,461,55,84,1,-1,-1,-1
164,21502,1297,367,40,68,1,-1,-1,-1
164,21548,135,727,56,131,1,-1,-1,-1
164,21552,1499,341,32,58,1,-1,-1,-1
164,21554,143,553,64,104,1,-1,-1,-1
165,21447,1771,512,52,89,1,-1,-1,-1
165,21448,1812,557,55,105,1,-1,-1,-1
165,21451,1842,421,32,66,1,-1,-1,-1
165,21452,1721,402,42,69,1,-1,-1,-1
165,21472,1245,671,92,125,1,-1,-1,-1
165,21476,1206,535,61,89,1,-1,-1,-1
165,21482,1045,705,93,135,1,-1,-1,-1
165,21491,1336,453,50,83,1,-1,-1,-1
165,21494,1263,463,54,84,1,-1,-1,-1
165,21502,1322,370,39,67,1,-1,-1,-1
165,21548,144,726,54,125,1,-1,-1,-1
165,21552,1513,344,31,58,1,-1,-1,-1
165,21554,175,551,64,103,1,-1,-1,-1
165,21558,195,719,76,144,1,-1,-1,-1
166,21447,1788,520,51,87,1,-1,-1,-1
166,21448,1831,563,57,106,1,-1,-1,-1
166,21451,1869,429,31,66,1,-1,-1,-1
166,21452,1755,409,42,70,1,-1,-1,-1
166,21472,1264,670,90,125,1,-1,-1,-1
166,21476,1221,536,61,90,1,-1,-1,-1
166,21482,1068,701,94,135,1,-1,-1,-1
166,21491,1353,456,50,83,1,-1,-1,-1
166,21494,1279,466,54,83,1,-1,-1,-1
166,21502,1351,374,38,67,1,-1,-1,-1
166,21554,215,548,63,101,1,-1,-1,-1
166,21558,184,722,69,130,1,-1,-1,-1
167,21447,1794,523,50,87,1,-1,-1,-1
167,21448,1848,569,57,106,1,-1,-1,-1
167,21451,1889,434,32,66,1,-1,-1,-1
167,21452,1782,414,42,70,1,-1,-1,-1
167,21472,1274,670,89,124,1,-1,-1,-1
167,21476,1251,539,61,90,1,-1,-1,-1
167,21482,1087,699,93,131,1,-1,-1,-1
167,21491,1372,460,50,81,1,-1,-1,-1
167,21494,1306,471,52,80,1,-1,-1,-1
167,21502,1372,379,38,65,1,-1,-1,-1
167,21554,255,546,63,100,1,-1,-1,-1
167,21564,224,719,72,128,1,-1,-1,-1
168,21447,1809,528,50,86,1,-1,-1,-1
168,21448,1864,575,55,104,1,-1,-1,-1
168,21452,1791,416,42,69,1,-1,-1,-1
168,21472,1282,670,88,124,1,-1,-1,-1
168,21476,1262,540,61,91,1,-1,-1,-1
168,21482,1094,698,93,130,1,-1,-1,-1
168,21491,1404,467,49,79,1,-1,-1,-1
168,21494,1316,473,51,79,1,-1,-1,-1
168,21502,1394,383,38,65,1,-1,-1,-1
168,21554,282,545,63,99,1,-1,-1,-1
168,21564,255,716,71,128,1,-1,-1,-1
168,21566,1601,364,36,55,1,-1,-1,-1
168,21568,294,710,76,132,1,-1,-1,-1
168,21513,1897,434,12,67,1,-1,-1,-1
169,21447,1830,535,49,85,1,-1,-1,-1
169,21448,1878,581,52,102,1,-1,-1,-1
169,21452,1821,421,42,69,1,-1,-1,-1
169,21472,1291,669,86,122,1,-1,-1,-1
169,21476,1285,543,62,91,1,-1,-1,-1
169,21482,1100,697,93,130,1,-1,-1,-1
169,21491,1417,469,48,79,1,-1,-1,-1
169,21494,1334,475,50,78,1,-1,-1,-1
169,21502,1417,388,38,64,1,-1,-1,-1
169,21554,305,544,63,98,1,-1,-1,-1
169,21568,314,711,74,128,1,-1,-1,-1
169,21513,1895,435,16,65,1,-1,-1,-1
170,21447,1848,539,50,85,1,-1,-1,-1
170,21448,1889,589,47,97,1,-1,-1,-1
170,21452,1842,425,42,69,1,-1,-1,-1
170,21472,1300,666,88,125,1,-1,-1,-1
170,21476,1304,546,61,91,1,-1,-1,-1
170,21482,1108,697,94,129,1,-1,-1,-1
170,21491,1432,472,49,78,1,-1,-1,-1
170,21494,1363,476,50,79,1,-1,-1,-1
170,21502,1433,391,38,63,1,-1,-1,-1
170,21554,342,544,62,96,1,-1,-1,-1
170,21568,335,712,73,127,1,-1,-1,-1
170,21574,658,391,40,61,1,-1,-1,-1
171,21447,1865,543,49,84,1,-1,-1,-1
171,21452,1867,430,41,69,1,-1,-1,-1
171,21472,1306,664,90,127,1,-1,-1,-1
171,21476,1321,548,59,91,1,-1,-1,-1
171,21482,1122,700,92,129,1,-1,-1,-1
171,21491,1449,474,49,78,1,-1,-1,-1
171,21494,1378,478,50,78,1,-1,-1,-1
171,21502,1456,393,38,64,1,-1,-1,-1
171,21554,354,543,62,96,1,-1,-1,-1
171,21568,361,714,73,127,1,-1,-1,-1
171,21574,673,390,40,61,1,-1,-1,-1
171,21579,395,701,79,120,1,-1,-1,-1
171,21516,1025,316,23,37,1,-1,-1,-1
172,21447,1871,544,50,84,1,-1,-1,-1
172,21452,1892,432,39,68,1,-1,-1,-1
172,21472,1320,665,90,126,1,-1,-1,-1
172,21476,1331,549,58,91,1,-1,-1,-1
172,21482,1127,701,91,130,1,-1,-1,-1
172,21491,1478,477,49,79,1,-1,-1,-1
172,21494,1395,480,50,79,1,-1,-1,-1
172,21554,367,542,61,97,1,-1,-1,-1
172,21568,398,716,74,127,1,-1,-1,-1
172,21574,692,389,40,61,1,-1,-1,-1
172,21579,405,702,78,119,1,-1,-1,-1
172,21581,1914,649,5,8,1,-1,-1,-1
172,21516,1033,317,22,36,1,-1,-1,-1
173,21447,1878,545,49,84,1,-1,-1,-1
173,21472,1326,665,91,127,1,-1,-1,-1
173,21476,1347,551,57,91,1,-1,-1,-1
173,21482,1133,702,90,131,1,-1,-1,-1
173,21491,1488,478,49,79,1,-1,-1,-1
173,21494,1417,483,51,80,1,-1,-1,-1
173,21554,380,541,60,97,1,-1,-1,-1
173,21568,416,717,75,126,1,-1,-1,-1
173,21574,711,389,39,61,1,-1,-1,-1
173,21579,418,704,77,117,1,-1,-1,-1
173,21513,1902,431,16,68,1,-1,-1,-1
174,21472,1331,664,89,126,1,-1,-1,-1
174,21476,1359,553,57,91,1,-1,-1,-1
174,21482,1136,702,89,131,1,-1,-1,-1
174,21491,1498,480,48,79,1,-1,-1,-1
174,21494,1428,485,50,80,1,-1,-1,-1
174,21554,393,540,60,96,1,-1,-1,-1
174,21568,434,716,75,127,1,-1,-1,-1
174,21574,728,389,40,61,1,-1,-1,-1
174,21579,432,705,75,114,1,-1,-1,-1
174,21588,1491,395,35,67,1,-1,-1,-1
174,21590,733,267,15,27,1,-1,-1,-1
175,21472,1331,662,88,127,1,-1,-1,-1
175,21476,1365,554,57,91,1,-1,-1,-1
175,21482,1143,702,89,131,1,-1,-1,-1
175,21491,1506,482,48,78,1,-1,-1,-1
175,21494,1437,486,50,81,1,-1,-1,-1
175,21554,406,539,59,97,1,-1,-1,-1
175,21568,450,716,77,127,1,-1,-1,-1
175,21574,746,389,39,61,1,-1,-1,-1
175,21579,445,707,73,112,1,-1,-1,-1
175,21592,1753,385,30,55,1,-1,-1,-1
176,21472,1329,661,86,127,1,-1,-1,-1
176,21476,1369,555,59,93,1,-1,-1,-1
176,21482,1145,702,90,131,1,-1,-1,-1
176,21491,1514,483,47,79,1,-1,-1,-1
176,21494,1448,487,48,81,1,-1,-1,-1
176,21554,422,537,58,97,1,-1,-1,-1
176,21568,466,715,78,126,1,-1,-1,-1
176,21574,767,389,38,61,1,-1,-1,-1
176,21579,458,709,72,109,1,-1,-1,-1
176,21592,1756,385,30,55,1,-1,-1,-1
176,21594,1524,398,38,68,1,-1,-1,-1
176,21595,1109,317,20,43,1,-1,-1,-1
177,21472,1328,660,85,126,1,-1,-1,-1
177,21476,1369,556,62,95,1,-1,-1,-1
177,21482,1142,702,89,128,1,-1,-1,-1
177,21491,1523,485,46,79,1,-1,-1,-1
177,21494,1453,486,47,81,1,-1,-1,-1
177,21554,427,537,57,97,1,-1,-1,-1
177,21568,483,715,79,126,1,-1,-1,-1
177,21574,775,389,37,61,1,-1,-1,-1
177,21579,472,711,69,106,1,-1,-1,-1
177,21592,1772,386,30,56,1,-1,-1,-1
177,21594,1530,399,38,67,1,-1,-1,-1
177,21595,1117,317,20,43,1,-1,-1,-1
177,21597,1917,583,2,4,1,-1,-1,-1
178,21472,1325,658,83,121,1,-1,-1,-1
178,21476,1369,557,63,95,1,-1,-1,-1
178,21482,1138,702,90,127,1,-1,-1,-1
178,21491,1533,487,45,79,1,-1,-1,-1
178,21494,1456,486,47,81,1,-1,-1,-1
178,21554,429,537,55,96,1,-1,-1,-1
178,21568,498,715,81,128,1,-1,-1,-1
178,21574,779,388,37,61,1,-1,-1,-1
178,21579,489,713,68,103,1,-1,-1,-1
178,21592,1779,387,30,56,1,-1,-1,-1
178,21594,1539,401,38,67,1,-1,-1,-1
179,21472,1324,657,82,120,1,-1,-1,-1
179,21476,1369,558,63,96,1,-1,-1,-1
179,21482,1129,702,88,126,1,-1,-1,-1
179,21491,1535,487,43,79,1,-1,-1,-1
179,21494,1458,485,46,82,1,-1,-1,-1
179,21554,430,538,53,94,1,-1,-1,-1
179,21568,513,716,82,129,1,-1,-1,-1
179,21574,782,387,36,61,1,-1,-1,-1
179,21579,496,714,67,102,1,-1,-1,-1
179,21592,1787,387,30,56,1,-1,-1,-1
179,21594,1542,401,37,66,1,-1,-1,-1
179,21601,786,264,16,30,1,-1,-1,-1
179,21595,1135,316,22,46,1,-1,-1,-1
180,21472,1316,656,82,119,1,-1,-1,-1
180,21476,1362,556,62,98,1,-1,-1,-1
180,21482,1116,701,86,128,1,-1,-1,-1
180,21491,1533,486,44,80,1,-1,-1,-1
180,21494,1460,484,46,83,1,-1,-1,-1
180,21554,430,539,52,92,1,-1,-1,-1
180,21568,529,716,82,131,1,-1,-1,-1
180,21574,785,387,35,61,1,-1,-1,-1
180,21579,502,714,66,102,1,-1,-1,-1
180,21592,1789,387,30,57,1,-1,-1,-1
180,21594,1543,401,37,66,1,-1,-1,-1
180,21601,786,263,16,30,1,-1,-1,-1
180,21595,1141,314,21,47,1,-1,-1,-1
181,21472,1300,652,80,119,1,-1,-1,-1
181,21476,1359,555,60,99,1,-1,-1,-1
181,21482,1102,701,84,127,1,-1,-1,-1
181,21491,1530,485,44,80,1,-1,-1,-1
181,21494,1458,483,46,83,1,-1,-1,-1
181,21554,429,539,51,92,1,-1,-1,-1
181,21568,545,717,83,133,1,-1,-1,-1
181,21574,788,386,35,61,1,-1,-1,-1
181,21579,506,714,67,101,1,-1,-1,-1
181,21592,1790,386,29,57,1,-1,-1,-1
181,21594,1544,401,36,65,1,-1,-1,-1
181,21601,788,262,16,30,1,-1,-1,-1
181,21595,1145,313,22,48,1,-1,-1,-1
182,21472,1293,651,79,118,1,-1,-1,-1
182,21476,1349,552,60,99,1,-1,-1,-1
182,21482,1096,700,82,127,1,-1,-1,-1
182,21491,1526,484,45,80,1,-1,-1,-1
182,21494,1453,483,45,79,1,-1,-1,-1
182,21554,424,540,50,91,1,-1,-1,-1
182,21568,564,718,83,136,1,-1,-1,-1
182,21574,789,385,34,61,1,-1,-1,-1
182,21579,511,714,68,101,1,-1,-1,-1
182,21592,1791,384,29,57,1,-1,-1,-1
182,21594,1543,401,35,65,1,-1,-1,-1
182,21601,789,261,16,30,1,-1,-1,-1
182,21595,1149,311,22,48,1,-1,-1,-1
183,21472,1279,647,78,120,1,-1,-1,-1
183,21476,1343,551,59,99,1,-1,-1,-1
183,21482,1088,695,83,130,1,-1,-1,-1
183,21491,1520,483,46,80,1,-1,-1,-1
183,21494,1450,483,45,78,1,-1,-1,-1
183,21554,418,541,50,91,1,-1,-1,-1
183,21568,574,719,81,137,1,-1,-1,-1
183,21574,787,385,33,61,1,-1,-1,-1
183,21579,518,714,70,101,1,-1,-1,-1
183,21592,1791,384,28,57,1,-1,-1,-1
183,21594,1539,399,36,65,1,-1,-1,-1
183,21601,790,260,16,30,1,-1,-1,-1
183,21595,1150,310,22,49,1,-1,-1,-1
184,21472,1259,642,78,121,1,-1,-1,-1
184,21476,1329,551,60,100,1,-1,-1,-1
184,21482,1074,693,83,129,1,-1,-1,-1
184,21491,1514,482,45,80,1,-1,-1,-1
184,21494,1439,482,45,78,1,-1,-1,-1
184,21554,410,541,50,90,1,-1,-1,-1
184,21568,581,722,80,137,1,-1,-1,-1
184,21574,783,383,33,61,1,-1,-1,-1
184,21579,520,714,72,100,1,-1,-1,-1
184,21592,1788,382,29,58,1,-1,-1,-1
184,21594,1535,396,36,67,1,-1,-1,-1
184,21601,789,259,16,30,1,-1,-1,-1
184,21595,1150,310,21,48,1,-1,-1,-1
185,21472,1246,639,78,119,1,-1,-1,-1
185,21476,1321,551,61,101,1,-1,-1,-1
185,21482,1053,689,84,129,1,-1,-1,-1
185,21491,1506,481,46,80,1,-1,-1,-1
185,21494,1434,481,44,78,1,-1,-1,-1
185,21554,403,542,50,90,1,-1,-1,-1
185,21568,586,724,79,137,1,-1,-1,-1
185,21574,779,382,34,61,1,-1,-1,-1
185,21579,524,714,75,103,1,-1,-1,-1
185,21592,1786,380,30,59,1,-1,-1,-1
185,21594,1529,394,38,68,1,-1,-1,-1
185,21601,787,258,16,30,1,-1,-1,-1
185,21595,1149,309,21,48,1,-1,-1,-1
185,21603,1893,552,25,67,1,-1,-1,-1
186,21472,1234,636,75,116,1,-1,-1,-1
186,21476,1309,550,60,101,1,-1,-1,-1
186,21482,1039,687,83,130,1,-1,-1,-1
186,21491,1497,480,45,80,1,-1,-1,-1
186,21494,1427,479,44,79,1,-1,-1,-1
186,21554,395,543,51,89,1,-1,-1,-1
186,21568,594,729,78,136,1,-1,-1,-1
186,21574,776,381,34,61,1,-1,-1,-1
186,21579,530,713,78,107,1,-1,-1,-1
186,21592,1784,379,31,60,1,-1,-1,-1
186,21594,1526,393,38,68,1,-1,-1,-1
186,21601,782,256,16,31,1,-1,-1,-1
186,21595,1149,309,21,48,1,-1,-1,-1
186,21603,1889,548,27,74,1,-1,-1,-1
187,21472,1219,632,73,113,1,-1,-1,-1
187,21476,1304,550,59,101,1,-1,-1,-1
187,21482,1023,687,81,129,1,-1,-1,-1
187,21491,1491,479,45,81,1,-1,-1,-1
187,21494,1419,477,45,79,1,-1,-1,-1
187,21554,388,543,52,89,1,-1,-1,-1
187,21568,597,730,77,137,1,-1,-1,-1
187,21574,771,380,35,62,1,-1,-1,-1
187,21579,535,713,81,111,1,-1,-1,-1
187,21592,1783,379,30,59,1,-1,-1,-1
187,21594,1523,392,37,68,1,-1,-1,-1
187,21601,781,255,16,31,1,-1,-1,-1
187,21595,1148,308,20,48,1,-1,-1,-1
187,21603,1883,544,30,81,1,-1,-1,-1
188,21472,1204,631,70,111,1,-1,-1,-1
188,21476,1294,550,59,101,1,-1,-1,-1
188,21482,1003,687,79,128,1,-1,-1,-1
188,21491,1485,478,45,82,1,-1,-1,-1
188,21494,1412,475,45,79,1,-1,-1,-1
188,21554,379,542,53,91,1,-1,-1,-1
188,21568,600,731,77,136,1,-1,-1,-1
188,21574,767,378,35,62,1,-1,-1,-1
188,21579,542,712,82,114,1,-1,-1,-1
188,21592,1781,378,30,59,1,-1,-1,-1
188,21594,1520,392,36,67,1,-1,-1,-1
188,21601,779,254,15,31,1,-1,-1,-1
188,21595,1146,306,21,48,1,-1,-1,-1
188,21603,1877,541,33,88,1,-1,-1,-1
189,21472,1196,630,69,111,1,-1,-1,-1
189,21476,1283,549,56,102,1,-1,-1,-1
189,21482,993,686,77,128,1,-1,-1,-1
189,21491,1478,476,46,84,1,-1,-1,-1
189,21494,1404,472,46,81,1,-1,-1,-1
189,21554,371,541,53,93,1,-1,-1,-1
189,21568,605,731,76,137,1,-1,-1,-1
189,21574,763,377,36,62,1,-1,-1,-1
189,21579,549,712,84,119,1,-1,-1,-1
189,21592,1778,377,30,59,1,-1,-1,-1
189,21594,1517,392,35,67,1,-1,-1,-1
189,21601,776,253,15,31,1,-1,-1,-1
189,21595,1145,305,21,49,1,-1,-1,-1
189,21603,1869,540,35,90,1,-1,-1,-1
190,21472,1174,624,71,115,1,-1,-1,-1
190,21476,1270,546,57,102,1,-1,-1,-1
190,21482,976,682,79,131,1,-1,-1,-1
190,21491,1471,474,47,86,1,-1,-1,-1
190,21494,1398,471,47,81,1,-1,-1,-1
190,21554,363,540,53,94,1,-1,-1,-1
190,21568,609,731,76,137,1,-1,-1,-1
190,21574,759,377,36,62,1,-1,-1,-1
190,21579,557,712,84,122,1,-1,-1,-1
190,21592,1777,376,29,59,1,-1,-1,-1
190,21594,1514,391,35,67,1,-1,-1,-1
190,21601,774,252,15,30,1,-1,-1,-1
190,21595,1145,304,20,48,1,-1,-1,-1
190,21603,1859,541,36,90,1,-1,-1,-1
191,21472,1166,622,71,116,1,-1,-1,-1
191,21476,1263,544,58,103,1,-1,-1,-1
191,21482,961,679,81,131,1,-1,-1,-1
191,21491,1465,474,48,86,1,-1,-1,-1
191,21494,1392,470,47,81,1,-1,-1,-1
191,21554,357,540,52,95,1,-1,-1,-1
191,21568,615,732,76,138,1,-1,-1,-1
191,21574,755,376,35,62,1,-1,-1,-1
191,21579,565,713,84,125,1,-1,-1,-1
191,21592,1776,375,28,59,1,-1,-1,-1
191,21594,1511,390,35,67,1,-1,-1,-1
191,21601,771,251,15,30,1,-1,-1,-1
191,21595,1143,303,21,48,1,-1,-1,-1
191,21603,1853,541,37,89,1,-1,-1,-1
192,21472,1148,614,72,116,1,-1,-1,-1
192,21476,1256,543,60,105,1,-1,-1,-1
192,21482,954,678,82,130,1,-1,-1,-1
192,21491,1459,473,48,86,1,-1,-1,-1
192,21494,1388,470,45,81,1,-1,-1,-1
192,21554,350,540,52,97,1,-1,-1,-1
192,21568,618,732,76,138,1,-1,-1,-1
192,21574,751,376,35,62,1,-1,-1,-1
192,21579,574,714,83,127,1,-1,-1,-1
192,21592,1775,373,28,59,1,-1,-1,-1
192,21594,1507,389,34,67,1,-1,-1,-1
192,21601,767,249,15,30,1,-1,-1,-1
192,21595,1142,301,20,48,1,-1,-1,-1
192,21603,1845,538,38,89,1,-1,-1,-1
192,21604,1896,674,22,37,1,-1,-1,-1
193,21472,1135,610,73,115,1,-1,-1,-1
193,21476,1245,543,61,105,1,-1,-1,-1
193,21482,936,678,81,128,1,-1,-1,-1
193,21491,1454,472,47,87,1,-1,-1,-1
193,21494,1382,469,45,81,1,-1,-1,-1
193,21554,344,541,51,97,1,-1,-1,-1
193,21568,621,732,75,138,1,-1,-1,-1
193,21574,744,376,34,62,1,-1,-1,-1
193,21579,583,715,83,130,1,-1,-1,-1
193,21592,1774,372,28,59,1,-1,-1,-1
193,21594,1505,388,34,68,1,-1,-1,-1
193,21601,765,248,15,30,1,-1,-1,-1
193,21595,1141,300,20,48,1,-1,-1,-1
193,21603,1841,537,40,89,1,-1,-1,-1
193,21604,1893,667,26,45,1,-1,-1,-1
194,21472,1120,607,74,115,1,-1,-1,-1
194,21476,1237,544,59,104,1,-1,-1,-1
194,21482,927,677,81,127,1,-1,-1,-1
194,21491,1449,472,45,86,1,-1,-1,-1
194,21494,1375,468,43,81,1,-1,-1,-1
194,21554,335,543,51,97,1,-1,-1,-1
194,21568,623,732,75,138,1,-1,-1,-1
194,21574,742,376,33,62,1,-1,-1,-1
194,21579,592,717,82,132,1,-1,-1,-1
194,21592,1773,371,28,60,1,-1,-1,-1
194,21594,1503,387,33,68,1,-1,-1,-1
194,21601,762,246,15,30,1,-1,-1,-1
194,21595,1141,299,20,48,1,-1,-1,-1
194,21603,1834,537,41,89,1,-1,-1,-1
194,21604,1884,639,43,74,1,-1,-1,-1
195,21472,1110,605,74,115,1,-1,-1,-1
195,21476,1233,543,58,104,1,-1,-1,-1
195,21482,908,676,79,127,1,-1,-1,-1
195,21491,1441,471,45,86,1,-1,-1,-1
195,21494,1370,467,43,81,1,-1,-1,-1
195,21554,331,543,50,99,1,-1,-1,-1
195,21568,628,733,74,138,1,-1,-1,-1
195,21574,739,375,32,62,1,-1,-1,-1
195,21579,604,718,81,135,1,-1,-1,-1
195,21592,1772,370,29,60,1,-1,-1,-1
195,21594,1500,386,33,69,1,-1,-1,-1
195,21601,759,244,16,31,1,-1,-1,-1
195,21595,1140,297,20,49,1,-1,-1,-1
195,21603,1824,537,43,89,1,-1,-1,-1
195,21604,1880,627,49,87,1,-1,-1,-1
196,21472,1094,604,72,114,1,-1,-1,-1
196,21476,1221,543,56,103,1,-1,-1,-1
196,21482,897,676,77,127,1,-1,-1,-1
196,21491,1438,470,43,86,1,-1,-1,-1
196,21494,1366,465,43,83,1,-1,-1,-1
196,21554,323,543,51,100,1,-1,-1,-1
196,21568,628,731,75,140,1,-1,-1,-1
196,21574,735,375,32,62,1,-1,-1,-1
196,21579,610,718,80,137,1,-1,-1,-1
196,21592,1771,369,30,61,1,-1,-1,-1
196,21594,1497,385,33,70,1,-1,-1,-1
196,21601,756,242,15,32,1,-1,-1,-1
196,21595,1140,296,20,50,1,-1,-1,-1
196,21603,1819,537,43,88,1,-1,-1,-1
196,21604,1876,613,56,102,1,-1,-1,-1
197,21472,1085,604,70,113,1,-1,-1,-1
197,21476,1212,542,56,104,1,-1,-1,-1
197,21482,878,675,76,127,1,-1,-1,-1
197,21491,1433,469,43,87,1,-1,-1,-1
197,21494,1360,463,44,84,1,-1,-1,-1
197,21554,314,544,52,102,1,-1,-1,-1
197,21568,627,727,77,144,1,-1,-1,-1
197,21574,731,374,31,62,1,-1,-1,-1
197,21579,618,717,78,137,1,-1,-1,-1
197,21592,1771,368,28,61,1,-1,-1,-1
197,21594,1493,383,34,71,1,-1,-1,-1
197,21601,753,240,16,33,1,-1,-1,-1
197,21595,1139,295,20,50,1,-1,-1,-1
197,21603,1813,536,43,87,1,-1,-1,-1
197,21604,1874,606,58,109,1,-1,-1,-1
198,21472,1065,600,69,114,1,-1,-1,-1
198,21476,1200,541,57,106,1,-1,-1,-1
198,21482,862,673,77,128,1,-1,-1,-1
198,21491,1427,469,44,86,1,-1,-1,-1
198,21494,1358,462,45,85,1,-1,-1,-1
198,21554,306,544,52,103,1,-1,-1,-1
198,21568,626,722,78,149,1,-1,-1,-1
198,21574,727,372,30,62,1,-1,-1,-1
198,21579,625,715,77,137,1,-1,-1,-1
198,21592,1770,367,28,61,1,-1,-1,-1
198,21594,1491,382,34,71,1,-1,-1,-1
198,21601,751,238,15,34,1,-1,-1,-1
198,21595,1138,294,20,51,1,-1,-1,-1
198,21603,1806,536,43,85,1,-1,-1,-1
198,21604,1869,601,62,117,1,-1,-1,-1
199,21472,1052,597,68,113,1,-1,-1,-1
199,21476,1191,540,58,107,1,-1,-1,-1
199,21482,854,672,77,127,1,-1,-1,-1
199,21491,1419,467,44,86,1,-1,-1,-1
199,21494,1354,461,45,84,1,-1,-1,-1
199,21554,295,545,54,104,1,-1,-1,-1
199,21568,624,714,81,157,1,-1,-1,-1
199,21574,724,371,30,62,1,-1,-1,-1
199,21579,631,713,76,138,1,-1,-1,-1
199,21592,1769,366,28,61,1,-1,-1,-1
199,21594,1489,381,34,71,1,-1,-1,-1
199,21601,748,237,15,33,1,-1,-1,-1
199,21595,1137,293,21,51,1,-1,-1,-1
199,21603,1800,535,43,84,1,-1,-1,-1
199,21604,1867,599,62,120,1,-1,-1,-1
200,21472,1039,594,67,109,1,-1,-1,-1
200,21476,1181,539,58,107,1,-1,-1,-1
200,21482,834,666,79,127,1,-1,-1,-1
200,21491,1415,466,45,87,1,-1,-1,-1
200,21494,1349,461,43,81,1,-1,-1,-1
200,21554,291,545,53,104,1,-1,-1,-1
200,21568,623,711,82,160,1,-1,-1,-1
200,21574,721,370,30,62,1,-1,-1,-1
200,21579,641,709,74,139,1,-1,-1,-1
200,21592,1768,364,28,61,1,-1,-1,-1
200,21594,1486,379,34,71,1,-1,-1,-1
200,21601,746,236,15,33,1,-1,-1,-1
200,21595,1136,292,20,49,1,-1,-1,-1
200,21603,1791,534,44,84,1,-1,-1,-1
200,21604,1860,598,63,122,1,-1,-1,-1
201,21472,1024,590,67,105,1,-1,-1,-1
201,21476,1175,540,56,105,1,-1,-1,-1
201,21482,826,665,80,126,1,-1,-1,-1
201,21491,1410,466,46,86,1,-1,-1,-1
201,21494,1346,461,43,80,1,-1,-1,-1
201,21554,287,544,53,104,1,-1,-1,-1
201,21568,626,710,81,161,1,-1,-1,-1
201,21574,718,368,29,62,1,-1,-1,-1
201,21579,645,708,74,139,1,-1,-1,-1
201,21592,1768,363,27,60,1,-1,-1,-1
201,21594,1483,377,33,71,1,-1,-1,-1
201,21601,743,234,15,33,1,-1,-1,-1
201,21595,1136,291,19,49,1,-1,-1,-1
201,21603,1787,534,45,83,1,-1,-1,-1
201,21604,1852,597,64,126,1,-1,-1,-1
202,21472,1012,588,68,105,1,-1,-1,-1
202,21476,1171,539,55,105,1,-1,-1,-1
202,21482,814,664,80,126,1,-1,-1,-1
202,21491,1404,466,46,85,1,-1,-1,-1
202,21494,1342,458,43,81,1,-1,-1,-1
202,21554,283,544,54,102,1,-1,-1,-1
202,21568,630,708,81,162,1,-1,-1,-1
202,21574,714,366,29,63,1,-1,-1,-1
202,21579,650,707,72,139,1,-1,-1,-1
202,21592,1768,362,27,59,1,-1,-1,-1
202,21594,1482,376,32,71,1,-1,-1,-1
202,21601,741,232,15,34,1,-1,-1,-1
202,21595,1135,290,20,49,1,-1,-1,-1
202,21603,1783,533,47,83,1,-1,-1,-1
202,21604,1848,597,64,125,1,-1,-1,-1
203,21472,1001,587,68,105,1,-1,-1,-1
203,21476,1163,537,55,105,1,-1,-1,-1
203,21482,800,663,78,126,1,-1,-1,-1
203,21491,1402,466,45,84,1,-1,-1,-1
203,21494,1337,455,44,83,1,-1,-1,-1
203,21554,281,544,52,102,1,-1,-1,-1
203,21568,634,707,81,163,1,-1,-1,-1
203,21574,712,365,29,63,1,-1,-1,-1
203,21579,656,707,69,139,1,-1,-1,-1
203,21592,1769,360,27,60,1,-1,-1,-1
203,21594,1480,375,32,71,1,-1,-1,-1
203,21601,740,230,15,33,1,-1,-1,-1
203,21595,1137,287,19,49,1,-1,-1,-1
203,21603,1778,532,48,84,1,-1,-1,-1
203,21604,1847,598,63,123,1,-1,-1,-1
204,21472,988,585,67,107,1,-1,-1,-1
204,21476,1155,535,54,106,1,-1,-1,-1
204,21482,783,661,74,124,1,-1,-1,-1
204,21491,1399,466,45,84,1,-1,-1,-1
204,21494,1331,452,44,84,1,-1,-1,-1
204,21554,277,543,53,103,1,-1,-1,-1
204,21568,639,706,80,164,1,-1,-1,-1
204,21574,711,364,29,63,1,-1,-1,-1
204,21579,663,707,67,139,1,-1,-1,-1
204,21592,1771,359,28,60,1,-1,-1,-1
204,21594,1477,372,33,72,1,-1,-1,-1
204,21601,739,228,15,33,1,-1,-1,-1
204,21595,1137,286,19,49,1,-1,-1,-1
204,21603,1776,531,50,85,1,-1,-1,-1
204,21604,1845,596,63,125,1,-1,-1,-1
205,21472,981,583,66,108,1,-1,-1,-1
205,21476,1150,533,54,106,1,-1,-1,-1
205,21482,772,659,72,124,1,-1,-1,-1
205,21491,1395,465,46,85,1,-1,-1,-1
205,21494,1329,450,43,85,1,-1,-1,-1
205,21554,273,543,53,103,1,-1,-1,-1
205,21568,644,705,81,164,1,-1,-1,-1
205,21574,710,362,29,64,1,-1,-1,-1
205,21579,667,708,64,139,1,-1,-1,-1
205,21592,1773,357,28,60,1,-1,-1,-1
205,21594,1475,371,34,72,1,-1,-1,-1
205,21601,739,225,14,33,1,-1,-1,-1
205,21595,1139,285,18,49,1,-1,-1,-1
205,21603,1776,529,50,86,1,-1,-1,-1
205,21604,1845,594,62,126,1,-1,-1,-1
206,21472,969,577,67,112,1,-1,-1,-1
206,21476,1143,529,55,108,1,-1,-1,-1
206,21482,761,657,71,122,1,-1,-1,-1
206,21491,1392,464,46,86,1,-1,-1,-1
206,21494,1327,448,43,87,1,-1,-1,-1
206,21554,269,543,54,103,1,-1,-1,-1
206,21568,648,708,81,164,1,-1,-1,-1
206,21574,709,361,29,64,1,-1,-1,-1
206,21579,671,710,62,141,1,-1,-1,-1
206,21592,1774,356,28,60,1,-1,-1,-1
206,21594,1475,370,34,72,1,-1,-1,-1
206,21601,739,223,15,33,1,-1,-1,-1
206,21595,1140,284,19,49,1,-1,-1,-1
206,21603,1776,526,51,86,1,-1,-1,-1
206,21604,1839,593,62,128,1,-1,-1,-1
207,21472,964,574,68,114,1,-1,-1,-1
207,21476,1140,528,56,108,1,-1,-1,-1
207,21482,746,652,74,125,1,-1,-1,-1
207,21491,1389,463,46,86,1,-1,-1,-1
207,21494,1326,447,43,87,1,-1,-1,-1
207,21554,265,542,54,105,1,-1,-1,-1
207,21568,652,713,81,165,1,-1,-1,-1
207,21574,708,360,29,63,1,-1,-1,-1
207,21579,675,713,61,142,1,-1,-1,-1
207,21592,1777,354,28,61,1,-1,-1,-1
207,21594,1475,369,33,73,1,-1,-1,-1
207,21601,741,222,14,33,1,-1,-1,-1
207,21595,1142,282,19,50,1,-1,-1,-1
207,21603,1776,524,51,88,1,-1,-1,-1
207,21604,1835,592,62,129,1,-1,-1,-1
208,21472,955,571,67,111,1,-1,-1,-1
208,21476,1132,528,55,109,1,-1,-1,-1
208,21482,740,650,74,126,1,-1,-1,-1
208,21491,1386,462,46,87,1,-1,-1,-1
208,21494,1324,446,42,87,1,-1,-1,-1
208,21554,260,542,55,107,1,-1,-1,-1
208,21568,655,720,83,165,1,-1,-1,-1
208,21574,708,359,28,63,1,-1,-1,-1
208,21579,679,716,59,145,1,-1,-1,-1
208,21592,1779,353,28,61,1,-1,-1,-1
208,21594,1475,369,33,73,1,-1,-1,-1
208,21601,742,221,14,33,1,-1,-1,-1
208,21595,1144,281,20,50,1,-1,-1,-1
208,21603,1775,522,53,91,1,-1,-1,-1
208,21604,1832,594,62,129,1,-1,-1,-1
209,21472,943,568,65,107,1,-1,-1,-1
209,21476,1129,529,54,108,1,-1,-1,-1
209,21482,728,651,73,125,1,-1,-1,-1
209,21491,1381,460,46,89,1,-1,-1,-1
209,21494,1323,446,42,87,1,-1,-1,-1
209,21554,258,543,55,106,1,-1,-1,-1
209,21568,658,726,84,166,1,-1,-1,-1
209,21574,707,357,28,64,1,-1,-1,-1
209,21579,685,721,58,148,1,-1,-1,-1
209,21592,1783,352,28,62,1,-1,-1,-1
209,21594,1476,368,32,73,1,-1,-1,-1
209,21601,744,220,14,33,1,-1,-1,-1
209,21595,1147,280,20,50,1,-1,-1,-1
209,21603,1774,520,55,97,1,-1,-1,-1
209,21604,1828,596,61,129,1,-1,-1,-1
210,21472,935,567,65,106,1,-1,-1,-1
210,21476,1124,530,54,108,1,-1,-1,-1
210,21482,712,653,71,123,1,-1,-1,-1
210,21491,1380,459,46,89,1,-1,-1,-1
210,21494,1324,446,42,88,1,-1,-1,-1
210,21554,258,545,55,104,1,-1,-1,-1
210,21568,663,736,86,166,1,-1,-1,-1
210,21574,708,356,29,63,1,-1,-1,-1
210,21579,688,723,57,149,1,-1,-1,-1
210,21592,1788,351,28,63,1,-1,-1,-1
210,21594,1477,367,31,74,1,-1,-1,-1
210,21601,746,219,14,32,1,-1,-1,-1
210,21595,1152,279,20,50,1,-1,-1,-1
210,21603,1775,520,55,98,1,-1,-1,-1
210,21604,1826,598,61,128,1,-1,-1,-1
211,21472,927,566,63,106,1,-1,-1,-1
211,21476,1122,531,53,108,1,-1,-1,-1
211,21482,706,654,69,120,1,-1,-1,-1
211,21491,1381,459,46,89,1,-1,-1,-1
211,21494,1324,446,42,88,1,-1,-1,-1
211,21554,258,547,54,102,1,-1,-1,-1
211,21568,666,741,88,166,1,-1,-1,-1
211,21574,711,355,29,64,1,-1,-1,-1
211,21579,696,723,55,149,1,-1,-1,-1
211,21592,1793,350,28,64,1,-1,-1,-1
211,21594,1480,366,31,74,1,-1,-1,-1
211,21601,748,218,14,32,1,-1,-1,-1
211,21595,1157,278,20,50,1,-1,-1,-1
211,21603,1778,521,55,99,1,-1,-1,-1
211,21604,1825,602,60,125,1,-1,-1,-1
212,21472,922,566,61,106,1,-1,-1,-1
212,21476,1119,532,54,107,1,-1,-1,-1
212,21482,703,654,69,119,1,-1,-1,-1
212,21491,1383,458,45,90,1,-1,-1,-1
212,21494,1326,446,41,88,1,-1,-1,-1
212,21554,259,551,53,98,1,-1,-1,-1
212,21568,672,748,89,166,1,-1,-1,-1
212,21574,714,354,29,65,1,-1,-1,-1
212,21579,706,723,54,148,1,-1,-1,-1
212,21592,1802,349,28,65,1,-1,-1,-1
212,21594,1485,366,31,75,1,-1,-1,-1
212,21601,753,217,15,32,1,-1,-1,-1
212,21595,1164,277,20,50,1,-1,-1,-1
212,21603,1781,524,55,99,1,-1,-1,-1
212,21604,1825,603,60,125,1,-1,-1,-1
213,21472,911,566,64,106,1,-1,-1,-1
213,21476,1120,533,54,106,1,-1,-1,-1
213,21482,696,651,72,120,1,-1,-1,-1
213,21491,1385,458,46,90,1,-1,-1,-1
213,21494,1329,446,40,87,1,-1,-1,-1
213,21554,259,552,54,98,1,-1,-1,-1
213,21568,679,756,91,165,1,-1,-1,-1
213,21574,719,353,29,65,1,-1,-1,-1
213,21579,716,722,53,147,1,-1,-1,-1
213,21592,1807,350,27,65,1,-1,-1,-1
213,21594,1489,365,32,75,1,-1,-1,-1
213,21601,760,216,14,32,1,-1,-1,-1
213,21595,1171,277,19,50,1,-1,-1,-1
213,21603,1786,527,54,99,1,-1,-1,-1
213,21604,1826,604,61,124,1,-1,-1,-1
214,21472,907,565,64,105,1,-1,-1,-1
214,21476,1120,533,55,106,1,-1,-1,-1
214,21482,694,650,75,121,1,-1,-1,-1
214,21491,1387,457,46,91,1,-1,-1,-1
214,21494,1333,446,40,87,1,-1,-1,-1
214,21554,262,555,53,94,1,-1,-1,-1
214,21568,688,767,93,164,1,-1,-1,-1
214,21574,721,352,30,66,1,-1,-1,-1
214,21579,726,722,53,145,1,-1,-1,-1
214,21592,1818,352,26,63,1,-1,-1,-1
214,21594,1497,364,32,76,1,-1,-1,-1
214,21601,766,215,15,32,1,-1,-1,-1
214,21595,1178,277,19,50,1,-1,-1,-1
214,21603,1792,529,52,98,1,-1,-1,-1
214,21604,1828,608,62,123,1,-1,-1,-1
215,21472,905,563,63,100,1,-1,-1,-1
215,21476,1122,534,57,108,1,-1,-1,-1
215,21482,695,649,79,122,1,-1,-1,-1
215,21491,1389,457,46,91,1,-1,-1,-1
215,21494,1337,446,40,87,1,-1,-1,-1
215,21554,267,558,52,91,1,-1,-1,-1
215,21568,692,771,95,164,1,-1,-1,-1
215,21574,725,352,30,66,1,-1,-1,-1
215,21579,738,721,53,143,1,-1,-1,-1
215,21592,1823,353,26,62,1,-1,-1,-1
215,21594,1501,365,33,75,1,-1,-1,-1
215,21601,775,214,14,32,1,-1,-1,-1
215,21595,1185,277,19,50,1,-1,-1,-1
215,21603,1799,532,52,96,1,-1,-1,-1
215,21604,1829,609,63,123,1,-1,-1,-1
216,21472,903,562,63,98,1,-1,-1,-1
216,21476,1123,535,57,109,1,-1,-1,-1
216,21482,693,648,81,124,1,-1,-1,-1
216,21491,1391,457,46,91,1,-1,-1,-1
216,21494,1343,447,40,85,1,-1,-1,-1
216,21554,275,564,51,85,1,-1,-1,-1
216,21568,694,772,97,164,1,-1,-1,-1
216,21574,730,352,30,66,1,-1,-1,-1
216,21579,747,722,54,143,1,-1,-1,-1
216,21592,1833,355,26,62,1,-1,-1,-1
216,21594,1506,366,33,75,1,-1,-1,-1
216,21601,781,213,14,32,1,-1,-1,-1
216,21595,1192,277,19,50,1,-1,-1,-1
216,21603,1802,534,53,95,1,-1,-1,-1
216,21604,1835,612,64,125,1,-1,-1,-1
217,21472,894,562,61,96,1,-1,-1,-1
217,21476,1124,536,55,109,1,-1,-1,-1
217,21482,683,647,82,126,1,-1,-1,-1
217,21491,1393,458,46,92,1,-1,-1,-1
217,21494,1345,447,41,84,1,-1,-1,-1
217,21554,277,565,51,84,1,-1,-1,-1
217,21568,697,772,97,165,1,-1,-1,-1
217,21574,734,352,31,66,1,-1,-1,-1
217,21579,755,725,55,142,1,-1,-1,-1
217,21592,1838,356,26,63,1,-1,-1,-1
217,21594,1512,367,33,75,1,-1,-1,-1
217,21601,787,213,14,32,1,-1,-1,-1
217,21595,1204,277,19,50,1,-1,-1,-1
217,21603,1812,536,53,96,1,-1,-1,-1
217,21604,1846,615,63,128,1,-1,-1,-1
218,21472,889,563,61,94,1,-1,-1,-1
218,21476,1124,536,54,109,1,-1,-1,-1
218,21482,670,646,82,128,1,-1,-1,-1
218,21491,1394,460,46,92,1,-1,-1,-1
218,21494,1346,448,42,84,1,-1,-1,-1
218,21554,278,564,53,84,1,-1,-1,-1
218,21568,699,772,98,164,1,-1,-1,-1
218,21574,738,353,31,66,1,-1,-1,-1
218,21579,764,728,56,141,1,-1,-1,-1
218,21592,1851,356,27,63,1,-1,-1,-1
218,21594,1518,368,34,75,1,-1,-1,-1
218,21601,793,212,15,32,1,-1,-1,-1
218,21595,1209,277,19,50,1,-1,-1,-1
218,21603,1815,537,54,96,1,-1,-1,-1
218,21604,1850,616,63,130,1,-1,-1,-1
219,21472,882,563,63,95,1,-1,-1,-1
219,21476,1123,534,56,112,1,-1,-1,-1
219,21482,664,645,82,129,1,-1,-1,-1
219,21491,1396,461,46,93,1,-1,-1,-1
219,21494,1348,450,41,83,1,-1,-1,-1
219,21554,279,562,55,86,1,-1,-1,-1
219,21568,701,772,98,164,1,-1,-1,-1
219,21574,743,353,32,66,1,-1,-1,-1
219,21579,777,734,59,140,1,-1,-1,-1
219,21592,1856,356,27,63,1,-1,-1,-1
219,21594,1525,370,33,75,1,-1,-1,-1
219,21601,800,212,14,32,1,-1,-1,-1
219,21595,1215,278,19,50,1,-1,-1,-1
219,21603,1817,539,55,96,1,-1,-1,-1
219,21604,1853,616,63,132,1,-1,-1,-1
220,21472,878,563,64,95,1,-1,-1,-1
220,21476,1123,533,56,114,1,-1,-1,-1
220,21482,658,642,84,132,1,-1,-1,-1
220,21491,1398,463,46,92,1,-1,-1,-1
220,21494,1348,449,42,84,1,-1,-1,-1
220,21554,279,559,58,88,1,-1,-1,-1
220,21568,705,773,98,164,1,-1,-1,-1
220,21574,747,353,33,66,1,-1,-1,-1
220,21579,781,736,62,139,1,-1,-1,-1
220,21592,1867,357,28,63,1,-1,-1,-1
220,21594,1530,370,33,76,1,-1,-1,-1
220,21601,805,211,15,33,1,-1,-1,-1
220,21595,1222,279,19,49,1,-1,-1,-1
220,21603,1819,541,57,97,1,-1,-1,-1
220,21604,1855,616,63,135,1,-1,-1,-1
221,21472,870,560,66,96,1,-1,-1,-1
221,21476,1120,532,57,113,1,-1,-1,-1
221,21482,655,640,85,134,1,-1,-1,-1
221,21491,1399,465,46,92,1,-1,-1,-1
221,21494,1350,449,42,84,1,-1,-1,-1
221,21554,279,557,61,90,1,-1,-1,-1
221,21568,705,772,98,164,1,-1,-1,-1
221,21574,753,353,33,66,1,-1,-1,-1
221,21579,783,736,64,138,1,-1,-1,-1
221,21592,1877,357,29,63,1,-1,-1,-1
221,21594,1534,371,33,76,1,-1,-1,-1
221,21601,814,211,13,33,1,-1,-1,-1
221,21595,1233,280,20,49,1,-1,-1,-1
221,21603,1821,542,57,98,1,-1,-1,-1
221,21604,1855,617,63,136,1,-1,-1,-1
222,21472,865,560,66,96,1,-1,-1,-1
222,21476,1118,532,58,112,1,-1,-1,-1
222,21482,652,639,84,132,1,-1,-1,-1
222,21491,1401,466,46,92,1,-1,-1,-1
222,21494,1352,449,42,84,1,-1,-1,-1
222,21554,280,554,62,92,1,-1,-1,-1
222,21568,703,770,98,167,1,-1,-1,-1
222,21574,756,353,34,66,1,-1,-1,-1
222,21579,784,735,66,137,1,-1,-1,-1
222,21592,1881,358,30,63,1,-1,-1,-1
222,21594,1538,371,34,76,1,-1,-1,-1
222,21601,818,211,14,33,1,-1,-1,-1
222,21595,1238,280,20,49,1,-1,-1,-1
222,21603,1822,542,59,99,1,-1,-1,-1
222,21604,1853,619,64,136,1,-1,-1,-1
223,21472,850,561,66,95,1,-1,-1,-1
223,21476,1116,532,59,112,1,-1,-1,-1
223,21482,647,637,82,129,1,-1,-1,-1
223,21491,1403,467,46,92,1,-1,-1,-1
223,21494,1356,449,44,84,1,-1,-1,-1
223,21554,278,553,65,93,1,-1,-1,-1
223,21568,700,768,98,169,1,-1,-1,-1
223,21574,758,353,35,66,1,-1,-1,-1
223,21579,784,733,68,136,1,-1,-1,-1
223,21592,1887,360,31,63,1,-1,-1,-1
223,21594,1543,372,35,76,1,-1,-1,-1
223,21601,824,211,14,33,1,-1,-1,-1
223,21595,1243,281,20,49,1,-1,-1,-1
223,21603,1825,542,59,100,1,-1,-1,-1
223,21604,1852,619,65,137,1,-1,-1,-1
224,21472,844,562,66,94,1,-1,-1,-1
224,21476,1114,533,61,112,1,-1,-1,-1
224,21482,644,635,81,128,1,-1,-1,-1
224,21491,1404,468,46,92,1,-1,-1,-1
224,21494,1357,449,45,84,1,-1,-1,-1
224,21554,276,553,66,94,1,-1,-1,-1
224,21568,696,766,98,171,1,-1,-1,-1
224,21574,760,353,35,66,1,-1,-1,-1
224,21579,785,731,70,135,1,-1,-1,-1
224,21592,1891,363,30,63,1,-1,-1,-1
224,21594,1545,372,36,77,1,-1,-1,-1
224,21601,829,210,14,33,1,-1,-1,-1
224,21595,1249,282,20,49,1,-1,-1,-1
224,21603,1829,543,60,99,1,-1,-1,-1
224,21604,1854,622,64,136,1,-1,-1,-1
225,21472,835,561,67,94,1,-1,-1,-1
225,21476,1114,537,59,112,1,-1,-1,-1
225,21482,639,634,79,128,1,-1,-1,-1
225,21491,1406,469,46,92,1,-1,-1,-1
225,21494,1358,449,45,85,1,-1,-1,-1
225,21554,273,553,67,96,1,-1,-1,-1
225,21568,690,762,98,174,1,-1,-1,-1
225,21574,762,353,35,66,1,-1,-1,-1
225,21579,784,729,72,136,1,-1,-1,-1
225,21592,1896,363,26,56,1,-1,-1,-1
225,21594,1547,372,35,78,1,-1,-1,-1
225,21601,836,210,13,33,1,-1,-1,-1
225,21595,1254,283,22,48,1,-1,-1,-1
225,21603,1835,543,61,99,1,-1,-1,-1
225,21604,1857,627,63,135,1,-1,-1,-1
226,21472,822,560,68,94,1,-1,-1,-1
226,21476,1114,538,57,112,1,-1,-1,-1
226,21482,632,633,77,127,1,-1,-1,-1
226,21491,1407,470,46,92,1,-1,-1,-1
226,21494,1359,450,45,85,1,-1,-1,-1
226,21554,269,553,69,97,1,-1,-1,-1
226,21568,689,761,96,174,1,-1,-1,-1
226,21574,764,353,35,66,1,-1,-1,-1
226,21579,784,726,75,138,1,-1,-1,-1
226,21592,1900,364,24,53,1,-1,-1,-1
226,21594,1550,373,35,77,1,-1,-1,-1
226,21601,841,210,13,33,1,-1,-1,-1
226,21595,1260,284,22,48,1,-1,-1,-1
226,21603,1836,544,61,99,1,-1,-1,-1
226,21604,1858,630,62,134,1,-1,-1,-1
227,21472,814,559,70,95,1,-1,-1,-1
227,21476,1112,538,57,113,1,-1,-1,-1
227,21482,630,631,75,128,1,-1,-1,-1
227,21491,1409,471,46,93,1,-1,-1,-1
227,21494,1360,451,44,85,1,-1,-1,-1
227,21554,267,553,70,98,1,-1,-1,-1
227,21568,686,762,95,175,1,-1,-1,-1
227,21574,768,353,35,67,1,-1,-1,-1
227,21579,783,722,77,141,1,-1,-1,-1
227,21592,1903,369,23,54,1,-1,-1,-1
227,21594,1552,373,34,78,1,-1,-1,-1
227,21601,847,210,13,33,1,-1,-1,-1
227,21603,1836,545,61,99,1,-1,-1,-1
227,21604,1859,633,62,135,1,-1,-1,-1
228,21472,803,559,71,96,1,-1,-1,-1
228,21476,1111,539,55,112,1,-1,-1,-1
228,21482,626,630,75,129,1,-1,-1,-1
228,21491,1410,472,46,93,1,-1,-1,-1
228,21494,1362,451,44,85,1,-1,-1,-1
228,21554,263,553,72,99,1,-1,-1,-1
228,21568,683,764,93,174,1,-1,-1,-1
228,21574,770,353,34,67,1,-1,-1,-1
228,21579,783,719,78,144,1,-1,-1,-1
228,21594,1555,374,34,77,1,-1,-1,-1
228,21601,854,210,13,33,1,-1,-1,-1
228,21603,1837,548,60,101,1,-1,-1,-1
228,21604,1860,637,62,137,1,-1,-1,-1
229,21472,796,559,71,97,1,-1,-1,-1
229,21476,1110,538,55,113,1,-1,-1,-1
229,21482,621,628,76,130,1,-1,-1,-1
229,21491,1411,471,47,94,1,-1,-1,-1
229,21494,1364,450,44,87,1,-1,-1,-1
229,21554,264,554,73,99,1,-1,-1,-1
229,21568,680,766,92,174,1,-1,-1,-1
229,21574,772,353,35,67,1,-1,-1,-1
229,21579,782,715,80,147,1,-1,-1,-1
229,21594,1559,374,37,79,1,-1,-1,-1
229,21601,858,210,14,33,1,-1,-1,-1
229,21603,1838,549,60,101,1,-1,-1,-1
229,21604,1861,639,61,137,1,-1,-1,-1
229,21612,1915,379,4,7,1,-1,-1,-1
230,21472,778,559,72,98,1,-1,-1,-1
230,21476,1108,535,56,115,1,-1,-1,-1
230,21482,618,627,76,130,1,-1,-1,-1
230,21491,1411,471,48,95,1,-1,-1,-1
230,21494,1367,449,45,88,1,-1,-1,-1
230,21554,267,554,73,100,1,-1,-1,-1
230,21568,675,770,92,172,1,-1,-1,-1
230,21574,775,353,35,67,1,-1,-1,-1
230,21579,782,710,82,150,1,-1,-1,-1
230,21594,1562,374,37,80,1,-1,-1,-1
230,21601,864,210,13,33,1,-1,-1,-1
230,21603,1840,550,60,102,1,-1,-1,-1
230,21604,1861,639,61,138,1,-1,-1,-1
230,21595,1281,286,23,48,1,-1,-1,-1
231,21472,771,558,71,98,1,-1,-1,-1
231,21476,1108,536,56,113,1,-1,-1,-1
231,21482,616,627,76,126,1,-1,-1,-1
231,21491,1411,471,49,95,1,-1,-1,-1
231,21494,1368,449,46,88,1,-1,-1,-1
231,21554,271,554,74,100,1,-1,-1,-1
231,21568,673,771,92,172,1,-1,-1,-1
231,21574,778,353,35,68,1,-1,-1,-1
231,21579,783,708,81,151,1,-1,-1,-1
231,21594,1565,375,38,79,1,-1,-1,-1
231,21601,869,210,14,33,1,-1,-1,-1
231,21603,1843,550,61,103,1,-1,-1,-1
231,21604,1861,639,61,141,1,-1,-1,-1
231,21595,1286,287,24,48,1,-1,-1,-1
232,21472,762,560,73,97,1,-1,-1,-1
232,21476,1108,536,56,113,1,-1,-1,-1
232,21482,614,627,77,124,1,-1,-1,-1
232,21491,1411,470,51,97,1,-1,-1,-1
232,21494,1370,450,45,88,1,-1,-1,-1
232,21554,278,554,74,100,1,-1,-1,-1
232,21568,672,770,93,172,1,-1,-1,-1
232,21574,782,353,34,68,1,-1,-1,-1
232,21579,784,705,79,150,1,-1,-1,-1
232,21594,1572,377,39,78,1,-1,-1,-1
232,21601,875,209,14,33,1,-1,-1,-1
232,21603,1845,550,61,103,1,-1,-1,-1
232,21604,1861,641,61,140,1,-1,-1,-1
232,21595,1290,287,26,48,1,-1,-1,-1
233,21472,757,560,74,98,1,-1,-1,-1
233,21476,1109,536,54,113,1,-1,-1,-1
233,21482,610,628,77,124,1,-1,-1,-1
233,21491,1411,470,51,98,1,-1,-1,-1
233,21494,1371,451,45,87,1,-1,-1,-1
233,21554,281,555,73,99,1,-1,-1,-1
233,21568,673,768,93,174,1,-1,-1,-1
233,21574,785,353,35,69,1,-1,-1,-1
233,21579,786,703,76,147,1,-1,-1,-1
233,21594,1575,378,39,78,1,-1,-1,-1
233,21601,880,209,14,33,1,-1,-1,-1
233,21603,1847,550,63,103,1,-1,-1,-1
233,21604,1863,644,60,140,1,-1,-1,-1
233,21595,1297,287,26,49,1,-1,-1,-1
234,21472,746,560,76,100,1,-1,-1,-1
234,21476,1109,537,54,112,1,-1,-1,-1
234,21482,602,628,79,127,1,-1,-1,-1
234,21491,1412,472,51,97,1,-1,-1,-1
234,21494,1372,453,46,87,1,-1,-1,-1
234,21554,283,555,74,100,1,-1,-1,-1
234,21568,674,766,94,175,1,-1,-1,-1
234,21574,789,353,35,69,1,-1,-1,-1
234,21579,787,701,75,145,1,-1,-1,-1
234,21594,1578,379,39,77,1,-1,-1,-1
234,21601,885,209,15,33,1,-1,-1,-1
234,21603,1849,551,63,103,1,-1,-1,-1
234,21604,1866,649,57,138,1,-1,-1,-1
234,21595,1300,288,27,48,1,-1,-1,-1
235,21472,732,559,77,104,1,-1,-1,-1
235,21476,1109,537,54,113,1,-1,-1,-1
235,21482,599,628,78,128,1,-1,-1,-1
235,21491,1414,473,51,97,1,-1,-1,-1
235,21494,1374,453,45,87,1,-1,-1,-1
235,21554,284,556,74,99,1,-1,-1,-1
235,21568,671,764,95,176,1,-1,-1,-1
235,21574,792,353,35,69,1,-1,-1,-1
235,21579,790,697,71,141,1,-1,-1,-1
235,21594,1581,380,40,77,1,-1,-1,-1
235,21601,892,209,15,34,1,-1,-1,-1
235,21603,1852,552,62,103,1,-1,-1,-1
235,21604,1867,651,57,139,1,-1,-1,-1
235,21595,1303,288,28,49,1,-1,-1,-1
236,21472,721,558,78,107,1,-1,-1,-1
236,21476,1109,537,54,114,1,-1,-1,-1
236,21482,594,627,79,130,1,-1,-1,-1
236,21491,1416,475,50,97,1,-1,-1,-1
236,21494,1375,453,45,88,1,-1,-1,-1
236,21554,286,557,74,99,1,-1,-1,-1
236,21568,665,760,95,178,1,-1,-1,-1
236,21574,794,353,35,70,1,-1,-1,-1
236,21579,791,695,70,140,1,-1,-1,-1
236,21594,1585,380,40,78,1,-1,-1,-1
236,21601,896,209,15,34,1,-1,-1,-1
236,21603,1853,552,62,104,1,-1,-1,-1
236,21604,1870,652,55,139,1,-1,-1,-1
236,21595,1307,289,27,50,1,-1,-1,-1
237,21472,710,558,79,109,1,-1,-1,-1
237,21476,1109,535,53,116,1,-1,-1,-1
237,21482,588,625,80,132,1,-1,-1,-1
237,21491,1416,475,50,98,1,-1,-1,-1
237,21494,1376,452,46,90,1,-1,-1,-1
237,21554,287,558,74,99,1,-1,-1,-1
237,21568,659,757,94,179,1,-1,-1,-1
237,21574,797,353,35,70,1,-1,-1,-1
237,21579,792,693,68,137,1,-1,-1,-1
237,21594,1590,381,39,78,1,-1,-1,-1
237,21601,900,209,16,34,1,-1,-1,-1
237,21603,1852,551,63,107,1,-1,-1,-1
237,21604,1873,653,54,140,1,-1,-1,-1
237,21595,1311,290,27,50,1,-1,-1,-1
238,21472,698,558,80,111,1,-1,-1,-1
238,21476,1108,533,55,118,1,-1,-1,-1
238,21482,585,624,80,133,1,-1,-1,-1
238,21491,1414,475,51,98,1,-1,-1,-1
238,21494,1377,451,46,91,1,-1,-1,-1
238,21554,288,559,75,99,1,-1,-1,-1
238,21568,651,752,92,181,1,-1,-1,-1
238,21574,799,353,35,70,1,-1,-1,-1
238,21579,793,690,66,136,1,-1,-1,-1
238,21594,1593,382,39,79,1,-1,-1,-1
238,21601,904,209,16,34,1,-1,-1,-1
238,21603,1852,548,64,112,1,-1,-1,-1
238,21604,1873,653,53,141,1,-1,-1,-1
238,21595,1316,291,27,51,1,-1,-1,-1
239,21472,686,558,80,112,1,-1,-1,-1
239,21476,1107,533,55,117,1,-1,-1,-1
239,21482,582,624,79,130,1,-1,-1,-1
239,21491,1412,475,52,99,1,-1,-1,-1
239,21494,1377,451,47,91,1,-1,-1,-1
239,21554,289,560,76,99,1,-1,-1,-1
239,21568,647,751,90,182,1,-1,-1,-1
239,21574,801,353,35,70,1,-1,-1,-1
239,21579,793,687,65,134,1,-1,-1,-1
239,21594,1597,383,38,80,1,-1,-1,-1
239,21601,909,210,15,34,1,-1,-1,-1
239,21603,1851,550,63,109,1,-1,-1,-1
239,21604,1871,653,52,140,1,-1,-1,-1
239,21595,1319,292,27,51,1,-1,-1,-1
240,21472,675,557,80,114,1,-1,-1,-1
240,21476,1108,535,53,114,1,-1,-1,-1
240,21482,577,623,80,131,1,-1,-1,-1
240,21491,1411,474,52,100,1,-1,-1,-1
240,21494,1378,452,46,91,1,-1,-1,-1
240,21554,291,560,77,100,1,-1,-1,-1
240,21568,644,752,88,182,1,-1,-1,-1
240,21574,804,353,34,70,1,-1,-1,-1
240,21579,793,685,65,131,1,-1,-1,-1
240,21594,1601,385,37,80,1,-1,-1,-1
240,21601,913,210,15,35,1,-1,-1,-1
240,21603,1851,550,62,108,1,-1,-1,-1
240,21604,1867,653,52,138,1,-1,-1,-1
240,21595,1322,292,27,51,1,-1,-1,-1
241,21472,661,557,80,117,1,-1,-1,-1
241,21476,1108,537,52,112,1,-1,-1,-1
241,21482,575,623,80,131,1,-1,-1,-1
241,21491,1408,473,53,101,1,-1,-1,-1
241,21494,1378,453,46,91,1,-1,-1,-1
241,21554,294,560,77,101,1,-1,-1,-1
241,21568,641,754,86,181,1,-1,-1,-1
241,21574,808,354,34,70,1,-1,-1,-1
241,21579,793,681,64,130,1,-1,-1,-1
241,21594,1605,386,38,82,1,-1,-1,-1
241,21601,917,210,16,35,1,-1,-1,-1
241,21603,1849,552,61,105,1,-1,-1,-1
241,21604,1866,655,51,137,1,-1,-1,-1
241,21595,1325,293,27,51,1,-1,-1,-1
242,21472,652,557,80,117,1,-1,-1,-1
242,21476,1106,539,49,111,1,-1,-1,-1
242,21482,570,628,79,128,1,-1,-1,-1
242,21491,1407,473,53,102,1,-1,-1,-1
242,21494,1378,454,46,91,1,-1,-1,-1
242,21554,298,559,77,103,1,-1,-1,-1
242,21568,636,756,84,181,1,-1,-1,-1
242,21574,810,354,33,70,1,-1,-1,-1
242,21579,793,678,64,129,1,-1,-1,-1
242,21594,1607,387,38,82,1,-1,-1,-1
242,21601,924,211,15,35,1,-1,-1,-1
242,21603,1847,554,61,106,1,-1,-1,-1
242,21604,1864,657,52,136,1,-1,-1,-1
242,21595,1329,293,28,52,1,-1,-1,-1
243,21472,642,556,79,118,1,-1,-1,-1
243,21476,1105,540,49,112,1,-1,-1,-1
243,21482,568,630,78,127,1,-1,-1,-1
243,21491,1405,475,54,102,1,-1,-1,-1
243,21494,1378,454,46,92,1,-1,-1,-1
243,21554,301,559,77,104,1,-1,-1,-1
243,21568,635,758,82,180,1,-1,-1,-1
243,21574,812,354,33,71,1,-1,-1,-1
243,21579,791,675,65,131,1,-1,-1,-1
243,21594,1609,388,38,83,1,-1,-1,-1
243,21601,926,211,15,35,1,-1,-1,-1
243,21603,1846,556,61,106,1,-1,-1,-1
243,21604,1863,660,53,135,1,-1,-1,-1
243,21595,1331,294,29,52,1,-1,-1,-1
244,21472,627,556,79,119,1,-1,-1,-1
244,21476,1103,538,51,116,1,-1,-1,-1
244,21482,561,630,78,129,1,-1,-1,-1
244,21491,1404,476,53,102,1,-1,-1,-1
244,21494,1376,455,47,91,1,-1,-1,-1
244,21554,305,558,77,107,1,-1,-1,-1
244,21568,631,759,82,179,1,-1,-1,-1
244,21574,814,355,33,70,1,-1,-1,-1
244,21579,790,671,65,134,1,-1,-1,-1
244,21594,1611,390,38,83,1,-1,-1,-1
244,21601,929,211,15,36,1,-1,-1,-1
244,21603,1843,559,61,106,1,-1,-1,-1
244,21604,1865,663,53,137,1,-1,-1,-1
244,21595,1332,295,28,52,1,-1,-1,-1
245,21472,620,556,78,119,1,-1,-1,-1
245,21476,1101,537,52,118,1,-1,-1,-1
245,21482,551,629,77,132,1,-1,-1,-1
245,21491,1402,477,53,102,1,-1,-1,-1
245,21494,1376,455,46,92,1,-1,-1,-1
245,21554,309,558,74,107,1,-1,-1,-1
245,21568,627,761,81,177,1,-1,-1,-1
245,21574,816,355,33,70,1,-1,-1,-1
245,21579,788,667,67,137,1,-1,-1,-1
245,21594,1613,391,39,84,1,-1,-1,-1
245,21601,932,212,15,36,1,-1,-1,-1
245,21603,1838,563,61,107,1,-1,-1,-1
245,21604,1869,666,53,141,1,-1,-1,-1
245,21595,1332,297,29,51,1,-1,-1,-1
246,21472,609,557,78,119,1,-1,-1,-1
246,21476,1099,537,54,119,1,-1,-1,-1
246,21482,546,629,77,132,1,-1,-1,-1
246,21491,1402,479,52,103,1,-1,-1,-1
246,21494,1374,454,46,94,1,-1,-1,-1
246,21554,314,558,72,106,1,-1,-1,-1
246,21568,623,763,80,176,1,-1,-1,-1
246,21574,819,355,34,71,1,-1,-1,-1
246,21579,786,662,68,140,1,-1,-1,-1
246,21594,1614,393,39,84,1,-1,-1,-1
246,21601,934,212,16,36,1,-1,-1,-1
246,21603,1836,564,62,107,1,-1,-1,-1
246,21604,1870,667,53,143,1,-1,-1,-1
246,21595,1331,299,30,51,1,-1,-1,-1
247,21472,596,559,78,117,1,-1,-1,-1
247,21476,1095,537,56,119,1,-1,-1,-1
247,21482,541,629,77,133,1,-1,-1,-1
247,21491,1401,480,50,103,1,-1,-1,-1
247,21494,1374,454,45,94,1,-1,-1,-1
247,21554,319,558,69,105,1,-1,-1,-1
247,21568,619,764,80,176,1,-1,-1,-1
247,21574,821,356,34,71,1,-1,-1,-1
247,21579,785,660,67,141,1,-1,-1,-1
247,21594,1614,394,39,83,1,-1,-1,-1
247,21601,937,213,15,36,1,-1,-1,-1
247,21603,1835,564,63,108,1,-1,-1,-1
247,21604,1869,667,53,143,1,-1,-1,-1
247,21595,1332,302,29,50,1,-1,-1,-1
248,21472,582,560,79,117,1,-1,-1,-1
248,21476,1094,537,56,118,1,-1,-1,-1
248,21482,534,628,78,133,1,-1,-1,-1
248,21491,1399,481,50,103,1,-1,-1,-1
248,21494,1372,455,45,93,1,-1,-1,-1
248,21554,325,559,65,103,1,-1,-1,-1
248,21568,614,766,80,174,1,-1,-1,-1
248,21574,823,356,33,71,1,-1,-1,-1
248,21579,783,658,67,141,1,-1,-1,-1
248,21594,1614,396,40,82,1,-1,-1,-1
248,21601,940,213,15,36,1,-1,-1,-1
248,21603,1834,564,65,108,1,-1,-1,-1
248,21604,1867,667,53,144,1,-1,-1,-1
248,21595,1331,303,30,50,1,-1,-1,-1
249,21472,566,561,80,116,1,-1,-1,-1
249,21476,1095,539,55,114,1,-1,-1,-1
249,21482,530,629,79,132,1,-1,-1,-1
249,21491,1397,481,49,102,1,-1,-1,-1
249,21494,1370,455,45,94,1,-1,-1,-1
249,21554,328,559,63,104,1,-1,-1,-1
249,21568,608,765,81,175,1,-1,-1,-1
249,21574,825,356,33,72,1,-1,-1,-1
249,21579,780,656,66,141,1,-1,-1,-1
249,21594,1614,397,40,82,1,-1,-1,-1
249,21601,942,213,16,37,1,-1,-1,-1
249,21603,1831,564,64,108,1,-1,-1,-1
249,21604,1864,667,53,144,1,-1,-1,-1
249,21595,1330,304,31,50,1,-1,-1,-1
250,21472,550,561,79,115,1,-1,-1,-1
250,21476,1086,539,55,114,1,-1,-1,-1
250,21482,523,630,81,133,1,-1,-1,-1
250,21491,1396,481,48,101,1,-1,-1,-1
250,21494,1368,456,44,93,1,-1,-1,-1
250,21554,330,559,63,104,1,-1,-1,-1
250,21568,602,764,81,175,1,-1,-1,-1
250,21574,826,357,34,71,1,-1,-1,-1
250,21579,777,655,65,139,1,-1,-1,-1
250,21594,1612,398,42,82,1,-1,-1,-1
250,21601,946,214,16,36,1,-1,-1,-1
250,21603,1823,564,64,106,1,-1,-1,-1
250,21604,1858,667,55,143,1,-1,-1,-1
250,21595,1330,305,30,50,1,-1,-1,-1
251,21472,533,562,79,113,1,-1,-1,-1
251,21476,1081,540,54,113,1,-1,-1,-1
251,21482,518,631,81,133,1,-1,-1,-1
251,21491,1394,481,48,101,1,-1,-1,-1
251,21494,1366,457,42,93,1,-1,-1,-1
251,21554,332,558,63,106,1,-1,-1,-1
251,21568,596,762,81,176,1,-1,-1,-1
251,21574,827,357,34,72,1,-1,-1,-1
251,21579,774,652,64,139,1,-1,-1,-1
251,21594,1611,398,43,83,1,-1,-1,-1
251,21601,948,214,16,37,1,-1,-1,-1
251,21603,1821,564,62,105,1,-1,-1,-1
251,21604,1855,667,56,142,1,-1,-1,-1
251,21595,1330,307,30,50,1,-1,-1,-1
252,21472,513,562,79,112,1,-1,-1,-1
252,21476,1079,540,53,114,1,-1,-1,-1
252,21482,511,633,80,134,1,-1,-1,-1
252,21491,1390,481,48,100,1,-1,-1,-1
252,21494,1364,458,42,92,1,-1,-1,-1
252,21554,334,557,62,108,1,-1,-1,-1
252,21568,590,759,81,178,1,-1,-1,-1
252,21574,829,358,33,71,1,-1,-1,-1
252,21579,773,651,63,137,1,-1,-1,-1
252,21594,1609,398,44,84,1,-1,-1,-1
252,21601,950,215,15,36,1,-1,-1,-1
252,21603,1811,564,63,106,1,-1,-1,-1
252,21604,1854,668,58,143,1,-1,-1,-1
252,21595,1329,308,30,50,1,-1,-1,-1
253,21472,503,563,78,111,1,-1,-1,-1
253,21476,1076,538,54,116,1,-1,-1,-1
253,21482,507,634,79,133,1,-1,-1,-1
253,21491,1389,481,48,100,1,-1,-1,-1
253,21494,1363,458,41,92,1,-1,-1,-1
253,21554,337,557,61,107,1,-1,-1,-1
253,21568,585,757,81,178,1,-1,-1,-1
253,21574,830,358,33,71,1,-1,-1,-1
253,21579,772,649,61,134,1,-1,-1,-1
253,21594,1607,398,44,85,1,-1,-1,-1
253,21601,951,216,16,36,1,-1,-1,-1
253,21603,1807,563,63,106,1,-1,-1,-1
253,21604,1854,671,59,142,1,-1,-1,-1
253,21595,1327,310,30,50,1,-1,-1,-1
254,21472,492,563,76,111,1,-1,-1,-1
254,21476,1071,535,55,120,1,-1,-1,-1
254,21482,502,634,79,134,1,-1,-1,-1
254,21491,1387,481,48,101,1,-1,-1,-1
254,21494,1360,456,41,93,1,-1,-1,-1
254,21554,340,557,60,104,1,-1,-1,-1
254,21568,580,756,80,177,1,-1,-1,-1
254,21574,832,359,32,71,1,-1,-1,-1
254,21579,771,647,60,132,1,-1,-1,-1
254,21594,1605,399,46,85,1,-1,-1,-1
254,21601,953,217,16,36,1,-1,-1,-1
254,21603,1803,562,63,105,1,-1,-1,-1
254,21604,1856,674,59,142,1,-1,-1,-1
254,21595,1326,311,30,50,1,-1,-1,-1
255,21472,486,563,74,110,1,-1,-1,-1
255,21476,1068,534,56,121,1,-1,-1,-1
255,21482,496,634,79,137,1,-1,-1,-1
255,21491,1385,481,49,102,1,-1,-1,-1
255,21494,1359,456,41,93,1,-1,-1,-1
255,21554,344,558,59,100,1,-1,-1,-1
255,21568,576,755,79,176,1,-1,-1,-1
255,21574,833,359,32,71,1,-1,-1,-1
255,21579,770,645,58,127,1,-1,-1,-1
255,21594,1603,399,47,86,1,-1,-1,-1
255,21601,955,218,17,36,1,-1,-1,-1
255,21603,1798,560,64,103,1,-1,-1,-1
255,21604,1856,675,60,142,1,-1,-1,-1
255,21595,1325,312,29,50,1,-1,-1,-1
256,21472,478,561,72,109,1,-1,-1,-1
256,21476,1065,535,55,117,1,-1,-1,-1
256,21482,487,633,78,140,1,-1,-1,-1
256,21491,1383,481,49,103,1,-1,-1,-1
256,21494,1358,456,42,93,1,-1,-1,-1
256,21554,349,559,58,95,1,-1,-1,-1
256,21568,573,754,77,174,1,-1,-1,-1
256,21574,835,360,32,71,1,-1,-1,-1
256,21579,770,642,57,127,1,-1,-1,-1
256,21594,1602,399,47,87,1,-1,-1,-1
256,21601,956,219,17,36,1,-1,-1,-1
256,21603,1794,559,64,104,1,-1,-1,-1
256,21604,1854,675,62,145,1,-1,-1,-1
256,21595,1325,313,29,51,1,-1,-1,-1
257,21472,469,559,71,108,1,-1,-1,-1
257,21476,1064,535,54,115,1,-1,-1,-1
257,21482,484,633,77,142,1,-1,-1,-1
257,21491,1380,480,49,105,1,-1,-1,-1
257,21494,1357,456,42,94,1,-1,-1,-1
257,21554,351,559,58,94,1,-1,-1,-1
257,21568,568,753,75,173,1,-1,-1,-1
257,21574,836,360,32,71,1,-1,-1,-1
257,21579,770,639,57,128,1,-1,-1,-1
257,21594,1601,399,48,88,1,-1,-1,-1
257,21601,959,219,17,36,1,-1,-1,-1
257,21603,1786,559,65,105,1,-1,-1,-1
257,21604,1851,674,63,148,1,-1,-1,-1
257,21595,1324,314,29,52,1,-1,-1,-1
258,21472,458,557,68,105,1,-1,-1,-1
258,21476,1060,538,52,112,1,-1,-1,-1
258,21482,481,633,75,142,1,-1,-1,-1
258,21491,1380,480,48,106,1,-1,-1,-1
258,21494,1356,457,42,93,1,-1,-1,-1
258,21554,354,560,59,94,1,-1,-1,-1
258,21568,566,751,74,174,1,-1,-1,-1
258,21574,838,361,32,71,1,-1,-1,-1
258,21579,769,636,58,130,1,-1,-1,-1
258,21594,1600,400,47,88,1,-1,-1,-1
258,21601,962,220,17,36,1,-1,-1,-1
258,21603,1782,559,66,106,1,-1,-1,-1
258,21604,1846,674,66,152,1,-1,-1,-1
258,21595,1322,315,30,53,1,-1,-1,-1
259,21472,450,555,69,106,1,-1,-1,-1
259,21476,1059,538,51,112,1,-1,-1,-1
259,21482,478,634,73,140,1,-1,-1,-1
259,21491,1380,480,48,105,1,-1,-1,-1
259,21494,1355,457,42,94,1,-1,-1,-1
259,21554,357,560,61,95,1,-1,-1,-1
259,21568,563,748,74,176,1,-1,-1,-1
259,21574,840,361,32,72,1,-1,-1,-1
259,21579,769,634,59,131,1,-1,-1,-1
259,21594,1600,402,46,87,1,-1,-1,-1
259,21601,965,221,18,36,1,-1,-1,-1
259,21603,1778,558,66,109,1,-1,-1,-1
259,21604,1844,674,67,154,1,-1,-1,-1
259,21595,1321,316,30,53,1,-1,-1,-1
260,21472,444,553,70,108,1,-1,-1,-1
260,21476,1057,537,51,116,1,-1,-1,-1
260,21482,474,636,70,139,1,-1,-1,-1
260,21491,1380,481,47,104,1,-1,-1,-1
260,21494,1354,458,42,93,1,-1,-1,-1
260,21554,361,560,63,99,1,-1,-1,-1
260,21568,561,745,74,177,1,-1,-1,-1
260,21574,842,362,32,72,1,-1,-1,-1
260,21579,769,629,59,134,1,-1,-1,-1
260,21594,1599,404,46,87,1,-1,-1,-1
260,21601,968,221,18,36,1,-1,-1,-1
260,21603,1772,558,67,111,1,-1,-1,-1
260,21604,1843,676,68,153,1,-1,-1,-1
260,21595,1319,317,30,54,1,-1,-1,-1
261,21472,438,551,70,110,1,-1,-1,-1
261,21476,1056,536,52,118,1,-1,-1,-1
261,21482,470,639,67,136,1,-1,-1,-1
261,21491,1381,482,46,103,1,-1,-1,-1
261,21494,1353,458,41,93,1,-1,-1,-1
261,21554,363,560,64,100,1,-1,-1,-1
261,21568,558,742,74,179,1,-1,-1,-1
261,21574,844,362,31,72,1,-1,-1,-1
261,21579,770,627,58,134,1,-1,-1,-1
261,21594,1599,405,45,87,1,-1,-1,-1
261,21601,972,222,18,36,1,-1,-1,-1
261,21603,1768,558,67,109,1,-1,-1,-1
261,21604,1840,679,70,151,1,-1,-1,-1
261,21595,1319,318,31,55,1,-1,-1,-1
262,21472,430,548,71,113,1,-1,-1,-1
262,21476,1055,534,52,120,1,-1,-1,-1
262,21482,468,640,65,135,1,-1,-1,-1
262,21491,1382,483,44,100,1,-1,-1,-1
262,21494,1352,458,41,92,1,-1,-1,-1
262,21554,364,560,65,100,1,-1,-1,-1
262,21568,554,736,75,182,1,-1,-1,-1
262,21574,848,363,31,73,1,-1,-1,-1
262,21579,771,625,58,133,1,-1,-1,-1
262,21594,1601,405,43,88,1,-1,-1,-1
262,21601,976,222,17,36,1,-1,-1,-1
262,21603,1762,556,67,107,1,-1,-1,-1
262,21604,1840,680,71,150,1,-1,-1,-1
262,21595,1318,318,31,56,1,-1,-1,-1
263,21472,426,546,70,114,1,-1,-1,-1
263,21476,1053,531,54,123,1,-1,-1,-1
263,21482,462,639,65,137,1,-1,-1,-1
263,21491,1382,483,44,100,1,-1,-1,-1
263,21494,1353,458,40,92,1,-1,-1,-1
263,21554,366,560,64,100,1,-1,-1,-1
263,21568,553,734,75,183,1,-1,-1,-1
263,21574,850,364,31,73,1,-1,-1,-1
263,21579,773,623,57,130,1,-1,-1,-1
263,21594,1602,406,43,86,1,-1,-1,-1
263,21601,979,223,18,36,1,-1,-1,-1
263,21603,1759,556,68,105,1,-1,-1,-1
263,21604,1841,680,70,150,1,-1,-1,-1
263,21595,1318,319,32,56,1,-1,-1,-1
264,21472,423,543,68,113,1,-1,-1,-1
264,21476,1054,531,53,121,1,-1,-1,-1
264,21482,461,639,64,137,1,-1,-1,-1
264,21491,1383,482,44,101,1,-1,-1,-1
264,21494,1354,459,40,90,1,-1,-1,-1
264,21554,368,560,64,100,1,-1,-1,-1
264,21568,553,733,73,181,1,-1,-1,-1
264,21574,853,364,31,73,1,-1,-1,-1
264,21579,775,620,56,129,1,-1,-1,-1
264,21594,1603,407,43,86,1,-1,-1,-1
264,21601,983,223,17,36,1,-1,-1,-1
264,21603,1754,555,68,106,1,-1,-1,-1
264,21604,1843,680,69,150,1,-1,-1,-1
264,21595,1317,319,32,57,1,-1,-1,-1
265,21472,419,540,66,111,1,-1,-1,-1
265,21476,1057,533,52,117,1,-1,-1,-1
265,21482,460,638,64,138,1,-1,-1,-1
265,21491,1384,481,44,103,1,-1,-1,-1
265,21494,1355,460,40,89,1,-1,-1,-1
265,21554,371,561,63,99,1,-1,-1,-1
265,21568,553,733,72,179,1,-1,-1,-1
265,21574,857,364,31,73,1,-1,-1,-1
265,21579,778,617,54,126,1,-1,-1,-1
265,21594,1605,407,42,86,1,-1,-1,-1
265,21601,988,224,17,36,1,-1,-1,-1
265,21603,1746,555,65,105,1,-1,-1,-1
265,21604,1845,680,68,151,1,-1,-1,-1
265,21595,1317,319,32,57,1,-1,-1,-1
266,21472,416,537,62,108,1,-1,-1,-1
266,21476,1058,533,51,116,1,-1,-1,-1
266,21482,459,637,64,139,1,-1,-1,-1
266,21491,1385,480,45,106,1,-1,-1,-1
266,21494,1357,461,39,87,1,-1,-1,-1
266,21554,375,564,63,98,1,-1,-1,-1
266,21568,553,733,71,176,1,-1,-1,-1
266,21574,862,365,31,73,1,-1,-1,-1
266,21579,779,615,54,125,1,-1,-1,-1
266,21594,1606,408,43,85,1,-1,-1,-1
266,21601,991,224,18,36,1,-1,-1,-1
266,21603,1743,555,64,105,1,-1,-1,-1
266,21604,1846,681,68,151,1,-1,-1,-1
266,21595,1315,320,34,57,1,-1,-1,-1
267,21472,417,535,60,108,1,-1,-1,-1
267,21476,1060,534,52,115,1,-1,-1,-1
267,21482,459,636,64,139,1,-1,-1,-1
267,21491,1388,480,44,106,1,-1,-1,-1
267,21494,1360,461,40,87,1,-1,-1,-1
267,21554,380,567,63,96,1,-1,-1,-1
267,21568,552,732,70,174,1,-1,-1,-1
267,21574,868,365,30,73,1,-1,-1,-1
267,21579,785,612,54,123,1,-1,-1,-1
267,21594,1609,409,44,85,1,-1,-1,-1
267,21601,997,225,18,36,1,-1,-1,-1
267,21603,1743,553,64,108,1,-1,-1,-1
267,21604,1847,681,68,152,1,-1,-1,-1
267,21595,1316,320,36,59,1,-1,-1,-1
268,21472,420,533,59,108,1,-1,-1,-1
268,21476,1063,534,52,115,1,-1,-1,-1
268,21482,464,638,64,137,1,-1,-1,-1
268,21491,1393,481,44,105,1,-1,-1,-1
268,21494,1366,461,39,87,1,-1,-1,-1
268,21554,388,573,62,93,1,-1,-1,-1
268,21568,552,732,69,171,1,-1,-1,-1
268,21574,874,366,31,73,1,-1,-1,-1
268,21579,793,608,52,122,1,-1,-1,-1
268,21594,1614,409,45,86,1,-1,-1,-1
268,21601,1005,225,18,36,1,-1,-1,-1
268,21603,1743,551,66,111,1,-1,-1,-1
268,21604,1846,683,69,152,1,-1,-1,-1
268,21595,1320,321,36,60,1,-1,-1,-1
269,21472,425,529,58,110,1,-1,-1,-1
269,21476,1069,534,52,117,1,-1,-1,-1
269,21482,466,638,65,137,1,-1,-1,-1
269,21491,1400,483,43,103,1,-1,-1,-1
269,21494,1371,461,40,88,1,-1,-1,-1
269,21554,391,575,63,92,1,-1,-1,-1
269,21568,556,730,69,170,1,-1,-1,-1
269,21574,883,366,31,73,1,-1,-1,-1
269,21579,800,604,53,120,1,-1,-1,-1
269,21594,1620,410,46,88,1,-1,-1,-1
269,21601,1017,226,18,36,1,-1,-1,-1
269,21603,1746,551,66,111,1,-1,-1,-1
269,21604,1848,687,68,149,1,-1,-1,-1
269,21595,1324,322,38,60,1,-1,-1,-1
270,21472,428,528,57,110,1,-1,-1,-1
270,21476,1077,534,52,119,1,-1,-1,-1
270,21482,472,639,65,136,1,-1,-1,-1
270,21491,1408,484,41,101,1,-1,-1,-1
270,21494,1379,461,41,90,1,-1,-1,-1
270,21554,396,577,65,91,1,-1,-1,-1
270,21568,561,728,70,170,1,-1,-1,-1
270,21574,893,366,31,73,1,-1,-1,-1
270,21579,811,599,51,119,1,-1,-1,-1
270,21594,1626,410,47,89,1,-1,-1,-1
270,21601,1024,227,18,36,1,-1,-1,-1
270,21603,1751,552,65,107,1,-1,-1,-1
270,21604,1855,698,63,139,1,-1,-1,-1
270,21595,1329,322,38,63,1,-1,-1,-1
271,21472,433,526,56,110,1,-1,-1,-1
271,21476,1085,534,52,118,1,-1,-1,-1
271,21482,480,640,65,136,1,-1,-1,-1
271,21491,1419,486,40,99,1,-1,-1,-1
271,21494,1383,461,42,90,1,-1,-1,-1
271,21554,402,578,67,92,1,-1,-1,-1
271,21568,567,725,70,170,1,-1,-1,-1
271,21574,903,367,31,73,1,-1,-1,-1
271,21579,818,597,51,118,1,-1,-1,-1
271,21594,1634,410,49,92,1,-1,-1,-1
271,21601,1034,228,18,36,1,-1,-1,-1
271,21603,1754,553,65,105,1,-1,-1,-1
271,21604,1866,716,55,123,1,-1,-1,-1
271,21595,1334,323,39,64,1,-1,-1,-1
272,21472,437,524,56,110,1,-1,-1,-1
272,21476,1094,533,51,117,1,-1,-1,-1
272,21482,485,641,64,136,1,-1,-1,-1
272,21491,1424,487,39,98,1,-1,-1,-1
272,21494,1391,461,41,91,1,-1,-1,-1
272,21554,411,580,69,93,1,-1,-1,-1
272,21568,573,723,70,170,1,-1,-1,-1
272,21574,914,367,31,73,1,-1,-1,-1
272,21579,826,596,52,118,1,-1,-1,-1
272,21594,1640,411,49,93,1,-1,-1,-1
272,21601,1046,230,18,36,1,-1,-1,-1
272,21603,1757,553,64,104,1,-1,-1,-1
272,21604,1880,732,46,108,1,-1,-1,-1
272,21595,1341,325,39,65,1,-1,-1,-1
273,21472,442,521,55,110,1,-1,-1,-1
273,21476,1103,533,50,115,1,-1,-1,-1
273,21482,491,640,63,136,1,-1,-1,-1
273,21491,1433,488,39,98,1,-1,-1,-1
273,21494,1403,461,42,92,1,-1,-1,-1
273,21554,413,582,72,92,1,-1,-1,-1
273,21568,582,719,70,170,1,-1,-1,-1
273,21574,924,368,31,72,1,-1,-1,-1
273,21579,835,594,52,118,1,-1,-1,-1
273,21594,1650,414,48,91,1,-1,-1,-1
273,21601,1058,231,18,36,1,-1,-1,-1
273,21603,1760,554,63,104,1,-1,-1,-1
273,21604,1885,738,42,102,1,-1,-1,-1
273,21595,1345,326,40,66,1,-1,-1,-1
274,21472,447,518,54,110,1,-1,-1,-1
274,21476,1110,534,50,113,1,-1,-1,-1
274,21482,497,640,63,136,1,-1,-1,-1
274,21491,1444,488,40,100,1,-1,-1,-1
274,21494,1407,461,44,92,1,-1,-1,-1
274,21554,414,583,75,92,1,-1,-1,-1
274,21568,588,718,70,169,1,-1,-1,-1
274,21574,941,368,31,72,1,-1,-1,-1
274,21579,844,593,53,118,1,-1,-1,-1
274,21594,1660,416,48,91,1,-1,-1,-1
274,21601,1070,233,18,35,1,-1,-1,-1
274,21603,1767,555,62,104,1,-1,-1,-1
274,21595,1352,328,39,66,1,-1,-1,-1
275,21472,453,514,55,110,1,-1,-1,-1
275,21476,1121,536,48,111,1,-1,-1,-1
275,21482,506,640,62,137,1,-1,-1,-1
275,21491,1455,488,41,102,1,-1,-1,-1
275,21494,1416,463,44,92,1,-1,-1,-1
275,21554,416,584,76,93,1,-1,-1,-1
275,21568,595,717,70,170,1,-1,-1,-1
275,21574,947,369,31,72,1,-1,-1,-1
275,21579,853,592,53,119,1,-1,-1,-1
275,21594,1670,419,47,89,1,-1,-1,-1
275,21601,1082,234,18,35,1,-1,-1,-1
275,21603,1776,555,63,104,1,-1,-1,-1
275,21595,1359,331,39,66,1,-1,-1,-1
275,21613,2,363,21,47,1,-1,-1,-1
276,21472,458,512,54,109,1,-1,-1,-1
276,21476,1128,537,47,112,1,-1,-1,-1
276,21482,521,640,63,140,1,-1,-1,-1
276,21491,1470,488,43,104,1,-1,-1,-1
276,21494,1431,465,43,92,1,-1,-1,-1
276,21554,417,586,78,93,1,-1,-1,-1
276,21568,603,716,69,170,1,-1,-1,-1
276,21574,959,370,31,72,1,-1,-1,-1
276,21579,864,590,55,120,1,-1,-1,-1
276,21594,1686,423,46,88,1,-1,-1,-1
276,21601,1094,236,19,35,1,-1,-1,-1
276,21603,1786,556,63,103,1,-1,-1,-1
276,21595,1366,333,39,66,1,-1,-1,-1
276,21613,6,360,23,50,1,-1,-1,-1
277,21472,464,511,53,106,1,-1,-1,-1
277,21476,1136,537,48,114,1,-1,-1,-1
277,21482,528,640,63,141,1,-1,-1,-1
277,21491,1480,488,43,106,1,-1,-1,-1
277,21494,1439,466,44,92,1,-1,-1,-1
277,21554,418,587,80,93,1,-1,-1,-1
277,21568,610,715,69,170,1,-1,-1,-1
277,21574,972,371,31,72,1,-1,-1,-1
277,21579,871,590,56,119,1,-1,-1,-1
277,21594,1694,424,45,88,1,-1,-1,-1
277,21601,1107,237,18,35,1,-1,-1,-1
277,21603,1793,557,64,104,1,-1,-1,-1
277,21595,1373,336,39,66,1,-1,-1,-1
277,21613,10,356,26,56,1,-1,-1,-1
278,21472,470,510,52,103,1,-1,-1,-1
278,21476,1149,538,48,115,1,-1,-1,-1
278,21482,537,640,63,141,1,-1,-1,-1
278,21491,1491,490,44,105,1,-1,-1,-1
278,21494,1450,467,43,92,1,-1,-1,-1
278,21554,420,588,82,95,1,-1,-1,-1
278,21568,622,714,68,170,1,-1,-1,-1
278,21574,986,373,32,72,1,-1,-1,-1
278,21579,880,589,56,119,1,-1,-1,-1
278,21594,1703,425,46,88,1,-1,-1,-1
278,21601,1119,239,18,35,1,-1,-1,-1
278,21603,1799,558,64,105,1,-1,-1,-1
278,21595,1381,338,38,66,1,-1,-1,-1
278,21613,15,352,28,61,1,-1,-1,-1
279,21472,480,509,49,98,1,-1,-1,-1
279,21476,1155,538,49,117,1,-1,-1,-1
279,21482,550,642,63,140,1,-1,-1,-1
279,21491,1504,492,44,105,1,-1,-1,-1
279,21494,1461,467,43,92,1,-1,-1,-1
279,21554,422,589,85,97,1,-1,-1,-1
279,21568,628,714,66,170,1,-1,-1,-1
279,21574,1006,376,32,72,1,-1,-1,-1
279,21579,889,588,56,119,1,-1,-1,-1
279,21594,1713,426,46,89,1,-1,-1,-1
279,21601,1132,240,19,35,1,-1,-1,-1
279,21603,1808,559,64,107,1,-1,-1,-1
279,21595,1392,342,38,66,1,-1,-1,-1
279,21613,19,349,30,65,1,-1,-1,-1
280,21472,486,508,48,96,1,-1,-1,-1
280,21476,1164,537,49,118,1,-1,-1,-1
280,21482,558,642,62,141,1,-1,-1,-1
280,21491,1517,494,43,105,1,-1,-1,-1
280,21494,1478,468,42,92,1,-1,-1,-1
280,21554,425,590,87,100,1,-1,-1,-1
280,21568,634,714,65,168,1,-1,-1,-1
280,21574,1018,376,32,72,1,-1,-1,-1
280,21579,898,587,56,118,1,-1,-1,-1
280,21594,1722,426,48,91,1,-1,-1,-1
280,21601,1146,242,19,35,1,-1,-1,-1
280,21603,1814,560,62,108,1,-1,-1,-1
280,21595,1397,344,38,66,1,-1,-1,-1
280,21613,24,344,33,71,1,-1,-1,-1
281,21472,493,506,48,95,1,-1,-1,-1
281,21476,1177,536,50,119,1,-1,-1,-1
281,21482,570,643,61,140,1,-1,-1,-1
281,21491,1532,497,44,104,1,-1,-1,-1
281,21494,1485,469,43,92,1,-1,-1,-1
281,21554,426,592,89,100,1,-1,-1,-1
281,21568,641,713,64,167,1,-1,-1,-1
281,21574,1032,377,33,72,1,-1,-1,-1
281,21579,912,586,57,117,1,-1,-1,-1
281,21594,1738,427,50,93,1,-1,-1,-1
281,21601,1161,243,19,35,1,-1,-1,-1
281,21603,1822,560,63,110,1,-1,-1,-1
281,21595,1404,345,38,67,1,-1,-1,-1
281,21613,30,343,34,73,1,-1,-1,-1
282,21472,503,502,49,96,1,-1,-1,-1
282,21476,1185,536,50,120,1,-1,-1,-1
282,21482,576,643,61,140,1,-1,-1,-1
282,21491,1543,498,44,104,1,-1,-1,-1
282,21494,1496,470,42,92,1,-1,-1,-1
282,21554,427,593,89,101,1,-1,-1,-1
282,21568,648,713,63,165,1,-1,-1,-1
282,21574,1048,378,33,72,1,-1,-1,-1
282,21579,918,585,57,117,1,-1,-1,-1
282,21594,1744,428,52,93,1,-1,-1,-1
282,21601,1176,244,18,35,1,-1,-1,-1
282,21603,1832,560,64,113,1,-1,-1,-1
282,21595,1412,347,38,67,1,-1,-1,-1
282,21613,39,344,34,73,1,-1,-1,-1
283,21472,508,500,49,97,1,-1,-1,-1
283,21476,1201,538,49,116,1,-1,-1,-1
283,21482,583,643,59,140,1,-1,-1,-1
283,21491,1555,499,43,103,1,-1,-1,-1
283,21494,1508,472,41,92,1,-1,-1,-1
283,21554,427,594,89,101,1,-1,-1,-1
283,21568,655,712,62,163,1,-1,-1,-1
283,21574,1064,379,33,72,1,-1,-1,-1
283,21579,924,584,58,116,1,-1,-1,-1
283,21594,1755,429,52,93,1,-1,-1,-1
283,21601,1194,245,19,35,1,-1,-1,-1
283,21603,1839,560,64,112,1,-1,-1,-1
283,21595,1421,348,38,67,1,-1,-1,-1
283,21613,47,345,35,73,1,-1,-1,-1
284,21472,511,498,51,98,1,-1,-1,-1
284,21476,1210,541,49,114,1,-1,-1,-1
284,21482,589,643,58,140,1,-1,-1,-1
284,21491,1566,499,43,103,1,-1,-1,-1
284,21494,1525,475,41,92,1,-1,-1,-1
284,21554,428,596,88,101,1,-1,-1,-1
284,21568,667,711,61,160,1,-1,-1,-1
284,21574,1082,379,33,72,1,-1,-1,-1
284,21579,930,583,59,115,1,-1,-1,-1
284,21594,1768,431,53,93,1,-1,-1,-1
284,21601,1205,246,19,36,1,-1,-1,-1
284,21603,1846,561,63,108,1,-1,-1,-1
284,21595,1431,349,36,68,1,-1,-1,-1
284,21613,57,346,35,73,1,-1,-1,-1
285,21472,513,496,53,99,1,-1,-1,-1
285,21476,1223,543,48,112,1,-1,-1,-1
285,21482,598,644,58,140,1,-1,-1,-1
285,21491,1578,499,42,102,1,-1,-1,-1
285,21494,1534,476,41,92,1,-1,-1,-1
285,21554,429,597,87,101,1,-1,-1,-1
285,21568,671,711,61,159,1,-1,-1,-1
285,21574,1095,380,32,72,1,-1,-1,-1
285,21579,937,583,59,113,1,-1,-1,-1
285,21594,1786,434,51,93,1,-1,-1,-1
285,21601,1217,247,18,36,1,-1,-1,-1
285,21603,1853,563,61,104,1,-1,-1,-1
285,21595,1439,351,37,68,1,-1,-1,-1
285,21613,66,346,36,73,1,-1,-1,-1
286,21472,515,494,54,100,1,-1,-1,-1
286,21476,1231,544,48,112,1,-1,-1,-1
286,21482,613,645,57,139,1,-1,-1,-1
286,21491,1589,499,42,102,1,-1,-1,-1
286,21494,1544,475,41,94,1,-1,-1,-1
286,21554,425,598,88,102,1,-1,-1,-1
286,21568,677,710,62,159,1,-1,-1,-1
286,21574,1108,381,32,71,1,-1,-1,-1
286,21579,943,582,59,111,1,-1,-1,-1
286,21594,1797,435,50,94,1,-1,-1,-1
286,21601,1228,248,19,36,1,-1,-1,-1
286,21603,1858,565,61,103,1,-1,-1,-1
286,21595,1448,352,36,68,1,-1,-1,-1
286,21613,75,347,36,72,1,-1,-1,-1
287,21472,518,491,55,102,1,-1,-1,-1
287,21476,1241,543,49,116,1,-1,-1,-1
287,21482,621,645,57,140,1,-1,-1,-1
287,21491,1607,500,43,101,1,-1,-1,-1
287,21494,1558,474,41,96,1,-1,-1,-1
287,21554,421,598,87,103,1,-1,-1,-1
287,21568,685,707,61,160,1,-1,-1,-1
287,21574,1122,382,31,71,1,-1,-1,-1
287,21579,951,581,59,108,1,-1,-1,-1
287,21594,1808,436,49,94,1,-1,-1,-1
287,21601,1240,249,18,36,1,-1,-1,-1
287,21603,1864,568,60,104,1,-1,-1,-1
287,21595,1463,354,36,69,1,-1,-1,-1
287,21613,85,349,37,71,1,-1,-1,-1
288,21472,520,489,55,101,1,-1,-1,-1
288,21476,1247,542,49,117,1,-1,-1,-1
288,21482,631,646,56,141,1,-1,-1,-1
288,21491,1614,500,42,101,1,-1,-1,-1
288,21494,1565,473,41,96,1,-1,-1,-1
288,21554,418,599,86,103,1,-1,-1,-1
288,21568,692,705,62,161,1,-1,-1,-1
288,21574,1134,382,31,71,1,-1,-1,-1
288,21579,954,579,60,109,1,-1,-1,-1
288,21594,1819,437,50,96,1,-1,-1,-1
288,21603,1868,566,61,109,1,-1,-1,-1
288,21595,1469,355,35,69,1,-1,-1,-1
288,21613,91,350,37,71,1,-1,-1,-1
289,21472,521,488,54,98,1,-1,-1,-1
289,21476,1259,540,49,119,1,-1,-1,-1
289,21482,642,647,55,141,1,-1,-1,-1
289,21491,1622,500,43,101,1,-1,-1,-1
289,21494,1573,474,41,96,1,-1,-1,-1
289,21554,413,600,85,105,1,-1,-1,-1
289,21568,699,703,64,163,1,-1,-1,-1
289,21574,1147,383,31,70,1,-1,-1,-1
289,21579,956,576,62,111,1,-1,-1,-1
289,21594,1827,437,50,97,1,-1,-1,-1
289,21603,1870,565,59,111,1,-1,-1,-1
289,21595,1473,355,35,69,1,-1,-1,-1
289,21613,94,350,38,71,1,-1,-1,-1
290,21472,522,486,52,95,1,-1,-1,-1
290,21476,1263,539,50,120,1,-1,-1,-1
290,21482,649,648,54,140,1,-1,-1,-1
290,21491,1632,500,42,102,1,-1,-1,-1
290,21494,1581,474,41,97,1,-1,-1,-1
290,21554,409,601,84,106,1,-1,-1,-1
290,21568,708,700,64,164,1,-1,-1,-1
290,21574,1160,383,30,70,1,-1,-1,-1
290,21579,958,573,63,112,1,-1,-1,-1
290,21594,1834,438,50,96,1,-1,-1,-1
290,21603,1875,565,54,105,1,-1,-1,-1
290,21595,1478,356,36,70,1,-1,-1,-1
290,21613,96,350,39,72,1,-1,-1,-1
291,21472,522,485,52,93,1,-1,-1,-1
291,21476,1270,539,49,119,1,-1,-1,-1
291,21482,657,648,52,139,1,-1,-1,-1
291,21491,1641,500,42,103,1,-1,-1,-1
291,21494,1590,475,41,96,1,-1,-1,-1
291,21554,404,601,83,108,1,-1,-1,-1
291,21568,714,698,64,165,1,-1,-1,-1
291,21574,1173,383,30,70,1,-1,-1,-1
291,21579,959,571,64,114,1,-1,-1,-1
291,21594,1843,439,51,95,1,-1,-1,-1
291,21603,1877,565,51,103,1,-1,-1,-1
291,21595,1482,356,37,70,1,-1,-1,-1
291,21613,99,350,39,73,1,-1,-1,-1
292,21472,523,484,52,93,1,-1,-1,-1
292,21476,1279,539,47,116,1,-1,-1,-1
292,21482,661,648,52,138,1,-1,-1,-1
292,21491,1650,500,43,104,1,-1,-1,-1
292,21494,1602,477,40,95,1,-1,-1,-1
292,21554,399,601,83,110,1,-1,-1,-1
292,21568,720,696,65,167,1,-1,-1,-1
292,21574,1184,384,30,70,1,-1,-1,-1
292,21579,959,570,65,113,1,-1,-1,-1
292,21594,1847,440,52,95,1,-1,-1,-1
292,21603,1879,566,49,102,1,-1,-1,-1
292,21595,1487,357,38,70,1,-1,-1,-1
292,21613,101,351,39,73,1,-1,-1,-1
293,21472,524,482,52,94,1,-1,-1,-1
293,21476,1284,540,46,115,1,-1,-1,-1
293,21482,668,648,51,138,1,-1,-1,-1
293,21491,1659,500,43,104,1,-1,-1,-1
293,21494,1608,478,40,94,1,-1,-1,-1
293,21554,393,601,84,112,1,-1,-1,-1
293,21568,725,695,65,168,1,-1,-1,-1
293,21574,1195,384,30,70,1,-1,-1,-1
293,21579,960,569,65,113,1,-1,-1,-1
293,21594,1854,442,52,94,1,-1,-1,-1
293,21603,1880,567,47,101,1,-1,-1,-1
293,21595,1492,358,40,70,1,-1,-1,-1
293,21613,105,351,39,74,1,-1,-1,-1
293,21601,1300,255,19,35,1,-1,-1,-1
294,21472,524,481,54,94,1,-1,-1,-1
294,21476,1291,542,46,113,1,-1,-1,-1
294,21482,677,647,51,140,1,-1,-1,-1
294,21491,1672,500,44,106,1,-1,-1,-1
294,21494,1616,477,41,96,1,-1,-1,-1
294,21554,387,601,84,114,1,-1,-1,-1
294,21568,731,694,65,168,1,-1,-1,-1
294,21574,1205,384,30,70,1,-1,-1,-1
294,21579,961,569,64,112,1,-1,-1,-1
294,21594,1865,445,51,94,1,-1,-1,-1
294,21603,1883,568,44,97,1,-1,-1,-1
294,21595,1494,359,42,71,1,-1,-1,-1
294,21613,107,351,39,75,1,-1,-1,-1
295,21472,523,480,53,94,1,-1,-1,-1
295,21476,1295,543,45,112,1,-1,-1,-1
295,21482,683,647,51,141,1,-1,-1,-1
295,21491,1678,500,44,107,1,-1,-1,-1
295,21494,1624,476,42,97,1,-1,-1,-1
295,21554,381,601,85,116,1,-1,-1,-1
295,21568,737,692,65,169,1,-1,-1,-1
295,21574,1216,384,30,70,1,-1,-1,-1
295,21579,962,568,64,111,1,-1,-1,-1
295,21594,1871,446,49,94,1,-1,-1,-1
295,21603,1889,568,38,86,1,-1,-1,-1
295,21595,1497,360,43,71,1,-1,-1,-1
295,21613,110,352,38,75,1,-1,-1,-1
296,21472,520,479,54,94,1,-1,-1,-1
296,21476,1303,542,46,116,1,-1,-1,-1
296,21482,689,649,51,141,1,-1,-1,-1
296,21491,1686,501,44,107,1,-1,-1,-1
296,21494,1635,474,42,100,1,-1,-1,-1
296,21554,373,601,86,119,1,-1,-1,-1
296,21568,745,690,65,170,1,-1,-1,-1
296,21574,1226,384,30,70,1,-1,-1,-1
296,21579,963,567,63,111,1,-1,-1,-1
296,21594,1877,446,48,94,1,-1,-1,-1
296,21603,1891,569,36,85,1,-1,-1,-1
296,21595,1501,361,44,73,1,-1,-1,-1
296,21613,113,353,39,75,1,-1,-1,-1
297,21472,516,478,55,94,1,-1,-1,-1
297,21476,1306,542,47,117,1,-1,-1,-1
297,21482,698,651,51,143,1,-1,-1,-1
297,21491,1694,502,45,107,1,-1,-1,-1
297,21494,1642,474,41,100,1,-1,-1,-1
297,21554,365,601,87,121,1,-1,-1,-1
297,21568,750,689,65,169,1,-1,-1,-1
297,21574,1238,384,30,70,1,-1,-1,-1
297,21579,965,566,62,110,1,-1,-1,-1
297,21594,1884,446,46,95,1,-1,-1,-1
297,21603,1892,571,35,86,1,-1,-1,-1
297,21595,1505,363,43,74,1,-1,-1,-1
297,21613,116,354,38,76,1,-1,-1,-1
298,21472,512,477,56,94,1,-1,-1,-1
298,21476,1314,540,47,121,1,-1,-1,-1
298,21482,703,652,51,143,1,-1,-1,-1
298,21491,1702,504,44,107,1,-1,-1,-1
298,21494,1648,476,41,98,1,-1,-1,-1
298,21554,356,601,87,123,1,-1,-1,-1
298,21568,757,688,64,166,1,-1,-1,-1
298,21574,1248,384,30,70,1,-1,-1,-1
298,21579,965,566,62,110,1,-1,-1,-1
298,21594,1888,450,42,91,1,-1,-1,-1
298,21603,1892,574,34,89,1,-1,-1,-1
298,21595,1509,364,43,74,1,-1,-1,-1
298,21613,120,355,37,76,1,-1,-1,-1
299,21472,508,477,56,94,1,-1,-1,-1
299,21476,1317,540,47,122,1,-1,-1,-1
299,21482,710,653,50,143,1,-1,-1,-1
299,21491,1712,505,45,107,1,-1,-1,-1
299,21494,1655,477,40,96,1,-1,-1,-1
299,21554,345,602,88,124,1,-1,-1,-1
299,21568,764,687,62,162,1,-1,-1,-1
299,21574,1259,385,29,70,1,-1,-1,-1
299,21579,964,566,62,110,1,-1,-1,-1
299,21594,1893,461,35,80,1,-1,-1,-1
299,21603,1894,587,29,79,1,-1,-1,-1
299,21595,1513,365,42,74,1,-1,-1,-1
299,21613,123,356,38,77,1,-1,-1,-1
300,21472,504,476,57,94,1,-1,-1,-1
300,21476,1324,542,47,120,1,-1,-1,-1
300,21482,718,655,51,143,1,-1,-1,-1
300,21491,1719,506,45,107,1,-1,-1,-1
300,21494,1666,480,39,93,1,-1,-1,-1
300,21554,332,602,88,127,1,-1,-1,-1
300,21568,776,686,60,154,1,-1,-1,-1
300,21574,1269,385,30,71,1,-1,-1,-1
300,21579,963,565,63,110,1,-1,-1,-1
300,21603,1894,592,28,75,1,-1,-1,-1
300,21595,1517,366,43,74,1,-1,-1,-1
300,21613,127,357,37,77,1,-1,-1,-1
301,21472,502,475,56,94,1,-1,-1,-1
301,21476,1335,545,45,116,1,-1,-1,-1
301,21482,728,657,51,143,1,-1,-1,-1
301,21491,1728,507,45,106,1,-1,-1,-1
301,21494,1670,481,39,92,1,-1,-1,-1
301,21554,325,604,88,127,1,-1,-1,-1
301,21568,780,685,59,152,1,-1,-1,-1
301,21574,1281,385,30,72,1,-1,-1,-1
301,21579,962,565,63,110,1,-1,-1,-1
301,21603,1900,604,23,66,1,-1,-1,-1
301,21595,1521,367,43,74,1,-1,-1,-1
301,21613,132,359,36,78,1,-1,-1,-1
302,21472,501,474,56,92,1,-1,-1,-1
302,21476,1341,546,46,115,1,-1,-1,-1
302,21482,735,658,50,142,1,-1,-1,-1
302,21491,1738,507,44,106,1,-1,-1,-1
302,21494,1679,482,39,91,1,-1,-1,-1
302,21554,319,606,85,127,1,-1,-1,-1
302,21568,788,684,59,152,1,-1,-1,-1
302,21574,1292,386,30,72,1,-1,-1,-1
302,21579,961,565,63,110,1,-1,-1,-1
302,21595,1527,368,44,74,1,-1,-1,-1
302,21613,135,359,35,79,1,-1,-1,-1
303,21472,501,473,54,89,1,-1,-1,-1
303,21476,1347,547,46,115,1,-1,-1,-1
303,21482,743,658,50,141,1,-1,-1,-1
303,21491,1747,508,45,104,1,-1,-1,-1
303,21494,1689,481,40,93,1,-1,-1,-1
303,21554,314,608,83,126,1,-1,-1,-1
303,21568,798,683,59,152,1,-1,-1,-1
303,21574,1303,386,30,74,1,-1,-1,-1
303,21579,959,565,64,110,1,-1,-1,-1
303,21595,1531,369,44,74,1,-1,-1,-1
303,21613,140,360,35,79,1,-1,-1,-1
303,21615,1361,260,28,40,1,-1,-1,-1
304,21472,501,472,53,89,1,-1,-1,-1
304,21476,1357,547,46,117,1,-1,-1,-1
304,21482,753,658,50,140,1,-1,-1,-1
304,21491,1757,508,44,105,1,-1,-1,-1
304,21494,1704,481,40,95,1,-1,-1,-1
304,21554,308,610,80,125,1,-1,-1,-1
304,21568,808,682,60,152,1,-1,-1,-1
304,21574,1315,387,30,74,1,-1,-1,-1
304,21579,958,565,65,110,1,-1,-1,-1
304,21595,1536,370,44,75,1,-1,-1,-1
304,21613,145,362,35,79,1,-1,-1,-1
304,21615,1367,260,28,40,1,-1,-1,-1
304,21616,1916,609,3,7,1,-1,-1,-1
305,21472,501,471,54,90,1,-1,-1,-1
305,21476,1362,548,47,117,1,-1,-1,-1
305,21482,760,659,50,139,1,-1,-1,-1
305,21491,1769,509,44,104,1,-1,-1,-1
305,21494,1713,481,40,95,1,-1,-1,-1
305,21554,300,613,77,124,1,-1,-1,-1
305,21568,819,680,60,153,1,-1,-1,-1
305,21574,1327,388,30,74,1,-1,-1,-1
305,21579,957,564,66,110,1,-1,-1,-1
305,21595,1541,371,45,75,1,-1,-1,-1
305,21613,151,363,35,79,1,-1,-1,-1
305,21615,1376,261,27,40,1,-1,-1,-1
306,21472,501,470,55,93,1,-1,-1,-1
306,21476,1373,547,48,121,1,-1,-1,-1
306,21482,768,659,50,141,1,-1,-1,-1
306,21491,1778,510,43,103,1,-1,-1,-1
306,21494,1722,483,40,96,1,-1,-1,-1
306,21554,296,614,76,123,1,-1,-1,-1
306,21568,832,679,61,153,1,-1,-1,-1
306,21574,1339,389,31,75,1,-1,-1,-1
306,21579,956,564,66,111,1,-1,-1,-1
306,21595,1547,372,44,76,1,-1,-1,-1
306,21613,156,365,35,79,1,-1,-1,-1
306,21615,1385,262,27,40,1,-1,-1,-1
307,21472,501,469,55,95,1,-1,-1,-1
307,21476,1379,547,48,122,1,-1,-1,-1
307,21482,778,659,50,144,1,-1,-1,-1
307,21491,1788,510,44,106,1,-1,-1,-1
307,21494,1732,485,40,96,1,-1,-1,-1
307,21554,292,615,74,124,1,-1,-1,-1
307,21568,841,677,62,154,1,-1,-1,-1
307,21574,1351,391,31,75,1,-1,-1,-1
307,21579,956,564,67,111,1,-1,-1,-1
307,21595,1554,373,43,76,1,-1,-1,-1
307,21613,165,368,35,80,1,-1,-1,-1
307,21615,1393,263,28,40,1,-1,-1,-1
308,21472,501,468,54,95,1,-1,-1,-1
308,21476,1391,547,47,121,1,-1,-1,-1
308,21482,785,660,51,144,1,-1,-1,-1
308,21491,1798,511,45,108,1,-1,-1,-1
308,21494,1746,487,40,97,1,-1,-1,-1
308,21554,287,616,74,124,1,-1,-1,-1
308,21568,852,676,61,154,1,-1,-1,-1
308,21574,1364,392,31,75,1,-1,-1,-1
308,21579,957,564,68,112,1,-1,-1,-1
308,21595,1561,374,41,76,1,-1,-1,-1
308,21613,168,369,36,79,1,-1,-1,-1
308,21615,1402,263,28,40,1,-1,-1,-1
309,21472,500,468,54,94,1,-1,-1,-1
309,21476,1397,548,47,119,1,-1,-1,-1
309,21482,798,663,51,144,1,-1,-1,-1
309,21491,1808,511,46,111,1,-1,-1,-1
309,21494,1754,488,40,97,1,-1,-1,-1
309,21554,282,616,74,125,1,-1,-1,-1
309,21568,862,676,61,154,1,-1,-1,-1
309,21574,1381,394,30,75,1,-1,-1,-1
309,21579,958,564,68,112,1,-1,-1,-1
309,21595,1569,375,41,77,1,-1,-1,-1
309,21613,175,371,35,79,1,-1,-1,-1
309,21615,1411,264,28,41,1,-1,-1,-1
310,21472,498,468,53,93,1,-1,-1,-1
310,21476,1409,551,46,115,1,-1,-1,-1
310,21482,803,664,51,144,1,-1,-1,-1
310,21491,1823,512,48,115,1,-1,-1,-1
310,21494,1766,488,41,98,1,-1,-1,-1
310,21554,276,617,76,125,1,-1,-1,-1
310,21568,879,675,61,153,1,-1,-1,-1
310,21574,1392,395,30,75,1,-1,-1,-1
310,21579,959,564,68,113,1,-1,-1,-1
310,21595,1579,376,40,78,1,-1,-1,-1
310,21613,182,374,35,77,1,-1,-1,-1
310,21615,1420,265,28,41,1,-1,-1,-1
311,21472,498,468,52,92,1,-1,-1,-1
311,21476,1418,553,46,115,1,-1,-1,-1
311,21482,819,666,51,144,1,-1,-1,-1
311,21491,1831,513,48,115,1,-1,-1,-1
311,21494,1779,488,42,100,1,-1,-1,-1
311,21554,268,618,78,126,1,-1,-1,-1
311,21568,885,673,61,154,1,-1,-1,-1
311,21574,1407,395,30,77,1,-1,-1,-1
311,21579,960,564,68,113,1,-1,-1,-1
311,21595,1589,378,40,77,1,-1,-1,-1
311,21613,190,378,34,75,1,-1,-1,-1
311,21615,1433,265,28,41,1,-1,-1,-1
312,21472,496,466,53,92,1,-1,-1,-1
312,21476,1429,554,46,116,1,-1,-1,-1
312,21482,825,667,51,144,1,-1,-1,-1
312,21491,1840,513,48,115,1,-1,-1,-1
312,21494,1795,487,43,102,1,-1,-1,-1
312,21554,263,618,80,128,1,-1,-1,-1
312,21568,897,671,61,153,1,-1,-1,-1
312,21574,1422,394,31,78,1,-1,-1,-1
312,21579,961,564,68,113,1,-1,-1,-1
312,21595,1603,381,41,76,1,-1,-1,-1
312,21613,200,382,34,73,1,-1,-1,-1
312,21615,1440,266,27,41,1,-1,-1,-1
313,21472,493,464,53,92,1,-1,-1,-1
313,21476,1438,552,47,119,1,-1,-1,-1
313,21482,837,667,51,145,1,-1,-1,-1
313,21491,1850,514,47,114,1,-1,-1,-1
313,21494,1807,486,44,102,1,-1,-1,-1
313,21554,258,617,80,128,1,-1,-1,-1
313,21568,910,668,61,152,1,-1,-1,-1
313,21574,1440,394,31,79,1,-1,-1,-1
313,21579,961,563,68,114,1,-1,-1,-1
313,21595,1610,381,42,76,1,-1,-1,-1
313,21613,207,383,33,72,1,-1,-1,-1
313,21615,1450,264,28,42,1,-1,-1,-1
314,21472,491,461,53,92,1,-1,-1,-1
314,21476,1449,547,47,124,1,-1,-1,-1
314,21482,854,668,51,146,1,-1,-1,-1
314,21491,1861,515,45,112,1,-1,-1,-1
314,21494,1821,486,43,99,1,-1,-1,-1
314,21554,252,615,81,131,1,-1,-1,-1
314,21568,925,664,60,152,1,-1,-1,-1
314,21574,1454,393,31,80,1,-1,-1,-1
314,21579,960,562,67,113,1,-1,-1,-1
314,21595,1619,380,43,78,1,-1,-1,-1
314,21613,216,381,33,73,1,-1,-1,-1
314,21615,1461,263,28,42,1,-1,-1,-1
315,21472,487,458,54,91,1,-1,-1,-1
315,21476,1457,545,48,125,1,-1,-1,-1
315,21482,864,667,52,147,1,-1,-1,-1
315,21491,1872,516,43,109,1,-1,-1,-1
315,21494,1837,485,42,97,1,-1,-1,-1
315,21554,246,614,81,131,1,-1,-1,-1
315,21568,939,661,60,150,1,-1,-1,-1
315,21574,1467,392,31,80,1,-1,-1,-1
315,21579,959,561,66,111,1,-1,-1,-1
315,21595,1629,380,44,78,1,-1,-1,-1
315,21613,225,379,34,73,1,-1,-1,-1
315,21615,1477,261,28,42,1,-1,-1,-1
316,21472,486,457,54,91,1,-1,-1,-1
316,21476,1469,545,48,123,1,-1,-1,-1
316,21482,875,666,51,147,1,-1,-1,-1
316,21491,1883,516,41,108,1,-1,-1,-1
316,21494,1847,485,41,95,1,-1,-1,-1
316,21554,240,612,79,133,1,-1,-1,-1
316,21568,954,657,59,149,1,-1,-1,-1
316,21574,1480,391,31,81,1,-1,-1,-1
316,21579,958,559,65,111,1,-1,-1,-1
316,21595,1641,378,43,80,1,-1,-1,-1
316,21613,234,376,35,74,1,-1,-1,-1
316,21615,1485,260,28,42,1,-1,-1,-1
317,21472,484,455,55,91,1,-1,-1,-1
317,21476,1475,545,48,122,1,-1,-1,-1
317,21482,886,665,51,147,1,-1,-1,-1
317,21491,1887,517,40,106,1,-1,-1,-1
317,21494,1860,486,42,95,1,-1,-1,-1
317,21554,235,611,78,133,1,-1,-1,-1
317,21568,970,652,59,148,1,-1,-1,-1
317,21574,1493,389,31,82,1,-1,-1,-1
317,21579,956,558,65,109,1,-1,-1,-1
317,21595,1655,377,42,82,1,-1,-1,-1
317,21613,244,372,35,76,1,-1,-1,-1
317,21615,1494,260,27,41,1,-1,-1,-1
318,21472,483,453,55,92,1,-1,-1,-1
318,21476,1482,545,48,121,1,-1,-1,-1
318,21482,897,664,52,147,1,-1,-1,-1
318,21491,1889,517,39,106,1,-1,-1,-1
318,21494,1866,486,42,95,1,-1,-1,-1
318,21554,229,611,76,133,1,-1,-1,-1
318,21568,980,650,59,149,1,-1,-1,-1
318,21574,1507,388,31,82,1,-1,-1,-1
318,21579,954,555,64,109,1,-1,-1,-1
318,21595,1663,377,42,82,1,-1,-1,-1
318,21613,250,371,35,77,1,-1,-1,-1
318,21615,1502,260,26,40,1,-1,-1,-1
319,21472,482,452,55,92,1,-1,-1,-1
319,21476,1491,545,48,120,1,-1,-1,-1
319,21482,905,664,52,147,1,-1,-1,-1
319,21491,1889,517,38,106,1,-1,-1,-1
319,21494,1874,485,41,96,1,-1,-1,-1
319,21554,224,612,74,132,1,-1,-1,-1
319,21568,987,647,61,153,1,-1,-1,-1
319,21574,1520,387,31,83,1,-1,-1,-1
319,21579,952,554,64,108,1,-1,-1,-1
319,21595,1670,377,41,81,1,-1,-1,-1
319,21613,255,371,36,77,1,-1,-1,-1
319,21615,1512,261,25,38,1,-1,-1,-1
320,21472,479,451,54,92,1,-1,-1,-1
320,21476,1495,545,48,120,1,-1,-1,-1
320,21482,912,664,52,147,1,-1,-1,-1
320,21494,1885,483,40,97,1,-1,-1,-1
320,21554,218,613,72,130,1,-1,-1,-1
320,21568,998,642,63,159,1,-1,-1,-1
320,21574,1534,386,32,83,1,-1,-1,-1
320,21579,949,554,64,109,1,-1,-1,-1
320,21595,1677,377,40,82,1,-1,-1,-1
320,21613,259,370,36,78,1,-1,-1,-1
320,21615,1518,260,24,38,1,-1,-1,-1
321,21472,473,452,54,91,1,-1,-1,-1
321,21476,1502,545,48,119,1,-1,-1,-1
321,21482,918,664,52,147,1,-1,-1,-1
321,21494,1890,482,39,98,1,-1,-1,-1
321,21554,210,613,72,131,1,-1,-1,-1
321,21568,1003,640,63,161,1,-1,-1,-1
321,21574,1544,386,31,83,1,-1,-1,-1
321,21579,945,554,65,110,1,-1,-1,-1
321,21595,1683,378,40,81,1,-1,-1,-1
321,21613,263,370,37,78,1,-1,-1,-1
321,21615,1523,258,24,39,1,-1,-1,-1
322,21472,466,452,53,90,1,-1,-1,-1
322,21476,1505,544,48,120,1,-1,-1,-1
322,21482,924,664,51,147,1,-1,-1,-1
322,21494,1894,482,37,98,1,-1,-1,-1
322,21554,202,613,71,131,1,-1,-1,-1
322,21568,1008,639,63,161,1,-1,-1,-1
322,21574,1553,385,31,83,1,-1,-1,-1
322,21579,942,553,64,113,1,-1,-1,-1
322,21595,1692,378,41,80,1,-1,-1,-1
322,21613,267,369,37,78,1,-1,-1,-1
322,21615,1527,256,25,40,1,-1,-1,-1
323,21472,456,453,52,87,1,-1,-1,-1
323,21476,1507,542,48,121,1,-1,-1,-1
323,21482,930,664,52,148,1,-1,-1,-1
323,21494,1899,487,31,83,1,-1,-1,-1
323,21554,193,612,72,133,1,-1,-1,-1
323,21568,1015,637,63,159,1,-1,-1,-1
323,21574,1562,386,30,82,1,-1,-1,-1
323,21579,938,553,65,114,1,-1,-1,-1
323,21595,1697,378,40,80,1,-1,-1,-1
323,21613,270,369,38,78,1,-1,-1,-1
323,21615,1531,254,26,42,1,-1,-1,-1
324,21472,452,452,51,87,1,-1,-1,-1
324,21476,1511,539,49,124,1,-1,-1,-1
324,21482,936,665,52,149,1,-1,-1,-1
324,21494,1905,497,21,58,1,-1,-1,-1
324,21554,180,610,73,136,1,-1,-1,-1
324,21568,1022,635,61,157,1,-1,-1,-1
324,21574,1574,386,30,82,1,-1,-1,-1
324,21579,934,553,64,115,1,-1,-1,-1
324,21595,1702,378,41,80,1,-1,-1,-1
324,21613,276,368,39,79,1,-1,-1,-1
324,21615,1537,251,28,44,1,-1,-1,-1
325,21472,446,450,53,88,1,-1,-1,-1
325,21476,1512,538,50,124,1,-1,-1,-1
325,21482,942,666,52,150,1,-1,-1,-1
325,21554,173,610,73,137,1,-1,-1,-1
325,21568,1028,633,61,155,1,-1,-1,-1
325,21574,1580,386,30,82,1,-1,-1,-1
325,21579,929,551,65,117,1,-1,-1,-1
325,21595,1708,378,40,81,1,-1,-1,-1
325,21613,279,367,39,80,1,-1,-1,-1
325,21615,1539,250,29,44,1,-1,-1,-1
326,21472,439,446,54,91,1,-1,-1,-1
326,21476,1515,537,49,125,1,-1,-1,-1
326,21482,950,667,53,151,1,-1,-1,-1
326,21554,166,612,73,136,1,-1,-1,-1
326,21568,1035,632,61,152,1,-1,-1,-1
326,21574,1588,387,31,82,1,-1,-1,-1
326,21579,925,550,65,119,1,-1,-1,-1
326,21595,1716,377,41,82,1,-1,-1,-1
326,21613,283,366,40,80,1,-1,-1,-1
326,21615,1543,249,29,46,1,-1,-1,-1
327,21472,436,445,55,90,1,-1,-1,-1
327,21476,1521,537,49,124,1,-1,-1,-1
327,21482,955,668,53,151,1,-1,-1,-1
327,21554,158,614,73,134,1,-1,-1,-1
327,21568,1042,630,60,150,1,-1,-1,-1
327,21574,1597,387,31,83,1,-1,-1,-1
327,21579,918,547,65,122,1,-1,-1,-1
327,21595,1721,377,40,83,1,-1,-1,-1
327,21613,288,365,42,81,1,-1,-1,-1
327,21615,1546,249,30,46,1,-1,-1,-1
327,21617,1916,516,3,5,1,-1,-1,-1
328,21472,434,443,55,91,1,-1,-1,-1
328,21476,1523,537,49,123,1,-1,-1,-1
328,21482,961,668,53,151,1,-1,-1,-1
328,21554,151,616,73,133,1,-1,-1,-1
328,21568,1049,628,60,149,1,-1,-1,-1
328,21574,1606,388,31,83,1,-1,-1,-1
328,21579,914,546,66,123,1,-1,-1,-1
328,21595,1727,377,39,83,1,-1,-1,-1
328,21613,293,363,43,82,1,-1,-1,-1
328,21615,1551,249,29,46,1,-1,-1,-1
329,21472,432,442,55,90,1,-1,-1,-1
329,21476,1529,539,48,123,1,-1,-1,-1
329,21482,968,668,53,151,1,-1,-1,-1
329,21554,141,618,73,132,1,-1,-1,-1
329,21568,1056,625,60,149,1,-1,-1,-1
329,21574,1617,388,31,84,1,-1,-1,-1
329,21579,910,546,65,123,1,-1,-1,-1
329,21595,1734,377,38,83,1,-1,-1,-1
329,21613,299,361,44,83,1,-1,-1,-1
329,21615,1555,249,29,47,1,-1,-1,-1
330,21472,430,440,54,90,1,-1,-1,-1
330,21476,1532,539,49,123,1,-1,-1,-1
330,21482,976,668,53,151,1,-1,-1,-1
330,21554,136,618,74,132,1,-1,-1,-1
330,21568,1063,622,60,149,1,-1,-1,-1
330,21574,1626,388,30,85,1,-1,-1,-1
330,21579,905,546,64,123,1,-1,-1,-1
330,21595,1742,378,38,82,1,-1,-1,-1
330,21613,304,360,44,83,1,-1,-1,-1
330,21615,1560,249,28,47,1,-1,-1,-1
331,21472,430,439,52,89,1,-1,-1,-1
331,21476,1536,539,49,124,1,-1,-1,-1
331,21482,982,668,53,151,1,-1,-1,-1
331,21554,131,616,75,134,1,-1,-1,-1
331,21568,1070,619,60,149,1,-1,-1,-1
331,21574,1636,389,30,84,1,-1,-1,-1
331,21579,900,546,64,123,1,-1,-1,-1
331,21595,1749,379,37,82,1,-1,-1,-1
331,21613,309,360,44,83,1,-1,-1,-1
331,21615,1564,250,28,47,1,-1,-1,-1
332,21472,431,438,52,88,1,-1,-1,-1
332,21476,1541,537,50,126,1,-1,-1,-1
332,21482,988,668,53,151,1,-1,-1,-1
332,21554,127,615,75,136,1,-1,-1,-1
332,21568,1079,615,60,149,1,-1,-1,-1
332,21574,1648,389,30,85,1,-1,-1,-1
332,21579,895,546,63,123,1,-1,-1,-1
332,21595,1756,379,37,83,1,-1,-1,-1
332,21613,313,360,45,82,1,-1,-1,-1
332,21615,1568,250,28,47,1,-1,-1,-1
333,21472,433,436,52,88,1,-1,-1,-1
333,21476,1546,537,50,126,1,-1,-1,-1
333,21482,997,669,53,151,1,-1,-1,-1
333,21554,123,614,77,136,1,-1,-1,-1
333,21568,1085,614,60,149,1,-1,-1,-1
333,21574,1659,389,30,85,1,-1,-1,-1
333,21579,890,546,62,123,1,-1,-1,-1
333,21595,1765,380,37,82,1,-1,-1,-1
333,21613,317,360,46,82,1,-1,-1,-1
333,21615,1573,250,28,47,1,-1,-1,-1
334,21472,436,435,52,88,1,-1,-1,-1
334,21476,1553,536,50,126,1,-1,-1,-1
334,21482,1001,670,53,151,1,-1,-1,-1
334,21554,118,611,77,139,1,-1,-1,-1
334,21568,1092,613,60,150,1,-1,-1,-1
334,21574,1670,389,30,86,1,-1,-1,-1
334,21579,888,546,61,123,1,-1,-1,-1
334,21595,1772,381,38,82,1,-1,-1,-1
334,21613,322,359,46,82,1,-1,-1,-1
334,21615,1580,250,27,47,1,-1,-1,-1
335,21472,438,433,52,88,1,-1,-1,-1
335,21476,1557,536,50,126,1,-1,-1,-1
335,21482,1007,671,54,153,1,-1,-1,-1
335,21554,116,610,77,139,1,-1,-1,-1
335,21568,1098,613,59,150,1,-1,-1,-1
335,21574,1685,389,30,86,1,-1,-1,-1
335,21579,886,546,60,121,1,-1,-1,-1
335,21595,1780,381,40,83,1,-1,-1,-1
335,21613,328,359,46,81,1,-1,-1,-1
335,21615,1582,250,28,47,1,-1,-1,-1
336,21472,442,431,52,88,1,-1,-1,-1
336,21476,1564,537,49,124,1,-1,-1,-1
336,21482,1013,672,55,154,1,-1,-1,-1
336,21554,115,611,76,138,1,-1,-1,-1
336,21568,1108,613,60,151,1,-1,-1,-1
336,21574,1694,389,30,87,1,-1,-1,-1
336,21579,882,544,60,120,1,-1,-1,-1
336,21595,1790,381,40,84,1,-1,-1,-1
336,21613,333,359,47,81,1,-1,-1,-1
336,21615,1587,250,28,47,1,-1,-1,-1
337,21472,445,429,52,88,1,-1,-1,-1
337,21476,1576,538,49,123,1,-1,-1,-1
337,21482,1024,675,56,156,1,-1,-1,-1
337,21554,114,612,76,137,1,-1,-1,-1
337,21568,1112,614,60,150,1,-1,-1,-1
337,21574,1704,389,30,88,1,-1,-1,-1
337,21579,881,543,60,120,1,-1,-1,-1
337,21595,1799,381,41,85,1,-1,-1,-1
337,21613,341,359,47,81,1,-1,-1,-1
337,21615,1591,250,29,48,1,-1,-1,-1
338,21472,449,427,52,88,1,-1,-1,-1
338,21476,1580,538,50,123,1,-1,-1,-1
338,21482,1029,675,56,158,1,-1,-1,-1
338,21554,113,615,74,133,1,-1,-1,-1
338,21568,1119,612,59,150,1,-1,-1,-1
338,21574,1716,389,30,89,1,-1,-1,-1
338,21579,881,543,60,120,1,-1,-1,-1
338,21595,1810,381,42,87,1,-1,-1,-1
338,21613,349,359,49,81,1,-1,-1,-1
338,21615,1597,250,29,48,1,-1,-1,-1
339,21472,454,425,51,88,1,-1,-1,-1
339,21476,1588,538,50,124,1,-1,-1,-1
339,21482,1037,676,56,158,1,-1,-1,-1
339,21554,113,615,74,133,1,-1,-1,-1
339,21568,1126,611,59,147,1,-1,-1,-1
339,21574,1728,390,30,88,1,-1,-1,-1
339,21579,881,544,59,120,1,-1,-1,-1
339,21595,1820,381,42,88,1,-1,-1,-1
339,21613,358,360,49,82,1,-1,-1,-1
339,21615,1601,249,29,49,1,-1,-1,-1
340,21472,461,421,51,88,1,-1,-1,-1
340,21476,1598,536,51,126,1,-1,-1,-1
340,21482,1046,676,55,159,1,-1,-1,-1
340,21554,116,615,75,132,1,-1,-1,-1
340,21568,1134,609,58,146,1,-1,-1,-1
340,21574,1747,390,29,88,1,-1,-1,-1
340,21579,881,544,59,122,1,-1,-1,-1
340,21595,1829,381,43,88,1,-1,-1,-1
340,21613,367,360,51,82,1,-1,-1,-1
340,21615,1604,249,29,49,1,-1,-1,-1
341,21472,464,420,51,88,1,-1,-1,-1
341,21476,1606,534,51,126,1,-1,-1,-1
341,21482,1058,677,56,158,1,-1,-1,-1
341,21554,119,614,74,132,1,-1,-1,-1
341,21568,1141,607,58,144,1,-1,-1,-1
341,21574,1755,390,30,89,1,-1,-1,-1
341,21579,880,545,60,124,1,-1,-1,-1
341,21595,1841,381,43,89,1,-1,-1,-1
341,21613,375,360,51,82,1,-1,-1,-1
341,21615,1608,249,29,50,1,-1,-1,-1
342,21472,468,418,50,88,1,-1,-1,-1
342,21476,1609,533,50,127,1,-1,-1,-1
342,21482,1064,677,56,158,1,-1,-1,-1
342,21554,121,614,74,130,1,-1,-1,-1
342,21568,1151,605,57,142,1,-1,-1,-1
342,21574,1763,390,31,90,1,-1,-1,-1
342,21579,879,545,59,124,1,-1,-1,-1
342,21595,1848,381,43,90,1,-1,-1,-1
342,21613,382,360,52,82,1,-1,-1,-1
342,21615,1612,249,30,50,1,-1,-1,-1
343,21472,472,417,49,86,1,-1,-1,-1
343,21476,1615,533,49,123,1,-1,-1,-1
343,21482,1069,677,57,158,1,-1,-1,-1
343,21554,124,614,73,128,1,-1,-1,-1
343,21568,1156,603,57,144,1,-1,-1,-1
343,21574,1773,391,31,90,1,-1,-1,-1
343,21579,875,545,58,123,1,-1,-1,-1
343,21595,1855,382,42,89,1,-1,-1,-1
343,21613,390,360,53,81,1,-1,-1,-1
343,21615,1616,249,30,50,1,-1,-1,-1
344,21472,476,415,49,85,1,-1,-1,-1
344,21476,1619,535,48,121,1,-1,-1,-1
344,21482,1075,677,56,157,1,-1,-1,-1
344,21554,127,613,72,127,1,-1,-1,-1
344,21568,1159,602,58,145,1,-1,-1,-1
344,21574,1786,393,32,91,1,-1,-1,-1
344,21579,870,546,57,121,1,-1,-1,-1
344,21595,1865,382,42,89,1,-1,-1,-1
344,21613,398,360,54,81,1,-1,-1,-1
344,21615,1616,249,30,51,1,-1,-1,-1
345,21472,480,413,48,85,1,-1,-1,-1
345,21476,1619,535,50,120,1,-1,-1,-1
345,21482,1084,677,57,156,1,-1,-1,-1
345,21554,131,613,70,125,1,-1,-1,-1
345,21568,1162,600,59,149,1,-1,-1,-1
345,21574,1792,393,33,91,1,-1,-1,-1
345,21579,864,547,56,119,1,-1,-1,-1
345,21595,1869,383,41,89,1,-1,-1,-1
345,21613,406,359,55,81,1,-1,-1,-1
345,21615,1614,249,31,51,1,-1,-1,-1
346,21472,486,411,47,83,1,-1,-1,-1
346,21476,1620,535,50,121,1,-1,-1,-1
346,21482,1088,677,56,156,1,-1,-1,-1
346,21554,134,612,69,124,1,-1,-1,-1
346,21568,1166,599,60,152,1,-1,-1,-1
346,21574,1798,394,32,91,1,-1,-1,-1
346,21579,857,547,56,117,1,-1,-1,-1
346,21595,1872,383,41,89,1,-1,-1,-1
346,21613,414,359,57,81,1,-1,-1,-1
346,21615,1613,249,31,52,1,-1,-1,-1
347,21472,487,410,47,83,1,-1,-1,-1
347,21476,1622,534,51,123,1,-1,-1,-1
347,21482,1090,678,57,157,1,-1,-1,-1
347,21554,135,611,69,124,1,-1,-1,-1
347,21568,1167,598,60,154,1,-1,-1,-1
347,21574,1804,396,32,91,1,-1,-1,-1
347,21579,853,547,57,116,1,-1,-1,-1
347,21595,1876,384,40,89,1,-1,-1,-1
347,21613,420,361,57,80,1,-1,-1,-1
347,21615,1610,250,31,52,1,-1,-1,-1
348,21472,488,409,47,84,1,-1,-1,-1
348,21476,1622,534,52,125,1,-1,-1,-1
348,21482,1092,679,59,158,1,-1,-1,-1
348,21554,135,610,70,125,1,-1,-1,-1
348,21568,1167,597,59,153,1,-1,-1,-1
348,21574,1811,397,33,91,1,-1,-1,-1
348,21579,849,548,58,115,1,-1,-1,-1
348,21595,1881,385,40,89,1,-1,-1,-1
348,21613,426,363,57,79,1,-1,-1,-1
348,21615,1607,250,31,53,1,-1,-1,-1
349,21472,489,409,47,84,1,-1,-1,-1
349,21476,1621,534,53,128,1,-1,-1,-1
349,21482,1095,681,59,159,1,-1,-1,-1
349,21554,135,609,71,127,1,-1,-1,-1
349,21568,1167,597,58,150,1,-1,-1,-1
349,21574,1816,398,32,91,1,-1,-1,-1
349,21579,846,548,59,116,1,-1,-1,-1
349,21595,1883,385,40,90,1,-1,-1,-1
349,21613,432,366,57,78,1,-1,-1,-1
349,21615,1605,250,31,54,1,-1,-1,-1
350,21472,489,408,48,85,1,-1,-1,-1
350,21476,1621,533,54,129,1,-1,-1,-1
350,21482,1098,682,60,161,1,-1,-1,-1
350,21554,134,607,72,129,1,-1,-1,-1
350,21568,1166,597,57,147,1,-1,-1,-1
350,21574,1820,399,33,91,1,-1,-1,-1
350,21579,843,547,59,117,1,-1,-1,-1
350,21595,1885,388,39,89,1,-1,-1,-1
350,21613,438,369,57,76,1,-1,-1,-1
350,21615,1600,251,31,53,1,-1,-1,-1
351,21472,489,408,49,86,1,-1,-1,-1
351,21476,1622,531,54,129,1,-1,-1,-1
351,21482,1099,683,61,162,1,-1,-1,-1
351,21554,133,605,74,132,1,-1,-1,-1
351,21568,1165,596,55,144,1,-1,-1,-1
351,21574,1825,399,33,91,1,-1,-1,-1
351,21579,840,547,60,117,1,-1,-1,-1
351,21595,1887,390,38,89,1,-1,-1,-1
351,21613,444,372,57,75,1,-1,-1,-1
351,21615,1596,252,30,53,1,-1,-1,-1
352,21472,491,408,48,86,1,-1,-1,-1
352,21476,1622,532,53,127,1,-1,-1,-1
352,21482,1100,684,62,163,1,-1,-1,-1
352,21554,133,604,74,133,1,-1,-1,-1
352,21568,1162,596,56,143,1,-1,-1,-1
352,21574,1829,399,33,92,1,-1,-1,-1
352,21579,837,547,59,118,1,-1,-1,-1
352,21595,1890,392,36,90,1,-1,-1,-1
352,21613,452,376,55,73,1,-1,-1,-1
352,21615,1591,253,31,53,1,-1,-1,-1
353,21472,491,408,48,85,1,-1,-1,-1
353,21476,1620,535,52,121,1,-1,-1,-1
353,21482,1102,685,62,163,1,-1,-1,-1
353,21554,132,604,75,133,1,-1,-1,-1
353,21568,1156,595,56,144,1,-1,-1,-1
353,21574,1834,400,34,91,1,-1,-1,-1
353,21579,832,547,58,118,1,-1,-1,-1
353,21595,1890,393,36,90,1,-1,-1,-1
353,21613,451,378,55,72,1,-1,-1,-1
353,21615,1586,253,30,54,1,-1,-1,-1
353,21618,516,402,8,6,1,-1,-1,-1
354,21472,491,407,48,84,1,-1,-1,-1
354,21476,1618,536,51,120,1,-1,-1,-1
354,21482,1102,686,63,162,1,-1,-1,-1
354,21554,132,604,75,132,1,-1,-1,-1
354,21568,1149,593,57,146,1,-1,-1,-1
354,21574,1834,401,34,91,1,-1,-1,-1
354,21579,824,548,58,117,1,-1,-1,-1
354,21595,1889,394,35,90,1,-1,-1,-1
354,21613,444,377,56,74,1,-1,-1,-1
354,21615,1580,254,29,53,1,-1,-1,-1
355,21472,491,407,47,82,1,-1,-1,-1
355,21476,1612,536,51,121,1,-1,-1,-1
355,21482,1099,686,64,161,1,-1,-1,-1
355,21554,132,603,74,132,1,-1,-1,-1
355,21568,1142,591,57,148,1,-1,-1,-1
355,21574,1831,402,35,91,1,-1,-1,-1
355,21579,815,549,59,116,1,-1,-1,-1
355,21595,1888,394,35,91,1,-1,-1,-1
355,21613,435,377,57,75,1,-1,-1,-1
355,21615,1573,255,28,53,1,-1,-1,-1
356,21472,489,406,47,82,1,-1,-1,-1
356,21476,1603,537,52,122,1,-1,-1,-1
356,21482,1096,686,64,161,1,-1,-1,-1
356,21554,131,603,74,130,1,-1,-1,-1
356,21568,1135,589,57,151,1,-1,-1,-1
356,21574,1826,405,36,89,1,-1,-1,-1
356,21579,806,550,59,115,1,-1,-1,-1
356,21595,1885,394,35,91,1,-1,-1,-1
356,21613,426,376,58,78,1,-1,-1,-1
356,21615,1560,257,28,52,1,-1,-1,-1
357,21472,483,406,48,82,1,-1,-1,-1
357,21476,1596,535,52,124,1,-1,-1,-1
357,21482,1091,685,63,161,1,-1,-1,-1
357,21554,130,602,73,130,1,-1,-1,-1
357,21568,1126,588,56,149,1,-1,-1,-1
357,21574,1823,406,36,89,1,-1,-1,-1
357,21579,794,551,58,114,1,-1,-1,-1
357,21595,1879,394,35,91,1,-1,-1,-1
357,21613,417,375,58,80,1,-1,-1,-1
357,21615,1545,259,28,51,1,-1,-1,-1
357,21625,1854,554,57,112,1,-1,-1,-1
358,21472,476,405,48,83,1,-1,-1,-1
358,21476,1585,532,53,125,1,-1,-1,-1
358,21482,1089,686,62,160,1,-1,-1,-1
358,21554,122,603,73,129,1,-1,-1,-1
358,21568,1116,588,55,145,1,-1,-1,-1
358,21574,1812,407,38,89,1,-1,-1,-1
358,21579,785,552,59,113,1,-1,-1,-1
358,21595,1872,394,35,92,1,-1,-1,-1
358,21613,408,374,59,83,1,-1,-1,-1
358,21615,1529,260,27,51,1,-1,-1,-1
358,21625,1841,553,57,112,1,-1,-1,-1
359,21472,467,405,49,84,1,-1,-1,-1
359,21476,1578,531,53,125,1,-1,-1,-1
359,21482,1080,686,63,160,1,-1,-1,-1
359,21554,112,603,73,127,1,-1,-1,-1
359,21568,1104,588,54,141,1,-1,-1,-1
359,21574,1798,408,40,89,1,-1,-1,-1
359,21579,771,552,60,113,1,-1,-1,-1
359,21595,1863,394,36,92,1,-1,-1,-1
359,21613,394,373,59,86,1,-1,-1,-1
359,21615,1513,262,27,50,1,-1,-1,-1
359,21625,1823,551,57,112,1,-1,-1,-1
360,21472,454,404,50,85,1,-1,-1,-1
360,21476,1561,531,53,123,1,-1,-1,-1
360,21482,1065,689,62,160,1,-1,-1,-1
360,21554,101,603,72,125,1,-1,-1,-1
360,21568,1088,589,52,134,1,-1,-1,-1
360,21574,1784,408,41,89,1,-1,-1,-1
360,21579,755,552,60,112,1,-1,-1,-1
360,21595,1853,394,35,93,1,-1,-1,-1
360,21613,388,373,58,87,1,-1,-1,-1
360,21615,1496,264,27,49,1,-1,-1,-1
360,21625,1795,548,58,112,1,-1,-1,-1
361,21472,447,404,51,85,1,-1,-1,-1
361,21476,1540,531,52,119,1,-1,-1,-1
361,21482,1056,690,62,160,1,-1,-1,-1
361,21554,87,604,72,122,1,-1,-1,-1
361,21568,1078,588,51,131,1,-1,-1,-1
361,21574,1766,409,42,89,1,-1,-1,-1
361,21579,739,552,61,112,1,-1,-1,-1
361,21595,1837,395,35,92,1,-1,-1,-1
361,21613,367,373,59,90,1,-1,-1,-1
361,21625,1782,547,59,112,1,-1,-1,-1
362,21472,431,405,51,85,1,-1,-1,-1
362,21476,1521,532,52,116,1,-1,-1,-1
362,21482,1043,692,62,160,1,-1,-1,-1
362,21554,74,605,73,122,1,-1,-1,-1
362,21568,1060,587,50,128,1,-1,-1,-1
362,21574,1752,410,43,89,1,-1,-1,-1
362,21579,722,552,62,112,1,-1,-1,-1
362,21595,1817,396,36,91,1,-1,-1,-1
362,21613,341,374,59,92,1,-1,-1,-1
362,21625,1760,547,59,111,1,-1,-1,-1
362,21631,1457,268,30,47,1,-1,-1,-1
363,21472,412,406,51,84,1,-1,-1,-1
363,21476,1497,535,52,113,1,-1,-1,-1
363,21482,1019,695,64,160,1,-1,-1,-1
363,21554,56,606,74,124,1,-1,-1,-1
363,21568,1040,585,50,127,1,-1,-1,-1
363,21574,1733,410,45,89,1,-1,-1,-1
363,21579,697,552,62,112,1,-1,-1,-1
363,21595,1796,398,37,90,1,-1,-1,-1
363,21613,312,375,61,94,1,-1,-1,-1
363,21625,1734,547,60,110,1,-1,-1,-1
363,21632,1880,475,27,106,1,-1,-1,-1
364,21472,393,407,51,84,1,-1,-1,-1
364,21476,1479,535,53,112,1,-1,-1,-1
364,21482,1007,696,65,160,1,-1,-1,-1
364,21554,36,608,76,125,1,-1,-1,-1
364,21568,1011,582,50,125,1,-1,-1,-1
364,21574,1714,409,45,89,1,-1,-1,-1
364,21579,684,552,63,112,1,-1,-1,-1
364,21595,1775,399,38,90,1,-1,-1,-1
364,21613,282,376,63,96,1,-1,-1,-1
364,21625,1707,547,60,109,1,-1,-1,-1
364,21632,1888,504,27,106,1,-1,-1,-1
365,21472,373,408,51,83,1,-1,-1,-1
365,21476,1457,533,54,114,1,-1,-1,-1
365,21482,991,696,66,160,1,-1,-1,-1
365,21554,11,610,78,127,1,-1,-1,-1
365,21568,993,581,50,125,1,-1,-1,-1
365,21574,1690,409,45,89,1,-1,-1,-1
365,21579,665,552,64,114,1,-1,-1,-1
365,21595,1754,400,39,89,1,-1,-1,-1
365,21613,251,377,66,98,1,-1,-1,-1
365,21625,1680,546,60,109,1,-1,-1,-1
365,21632,1885,514,27,106,1,-1,-1,-1
366,21472,347,410,51,82,1,-1,-1,-1
366,21476,1428,529,56,116,1,-1,-1,-1
366,21482,963,696,68,160,1,-1,-1,-1
366,21554,0,610,77,128,1,-1,-1,-1
366,21568,969,581,50,126,1,-1,-1,-1
366,21574,1672,409,45,89,1,-1,-1,-1
366,21579,643,553,65,113,1,-1,-1,-1
366,21613,220,378,68,100,1,-1,-1,-1
366,21625,1650,546,60,107,1,-1,-1,-1
366,21636,1804,475,58,99,1,-1,-1,-1
367,21472,328,410,51,82,1,-1,-1,-1
367,21476,1408,527,58,119,1,-1,-1,-1
367,21482,951,696,69,160,1,-1,-1,-1
367,21554,-8,611,72,123,1,-1,-1,-1
367,21568,942,581,52,129,1,-1,-1,-1
367,21574,1652,411,45,87,1,-1,-1,-1
367,21579,620,553,66,114,1,-1,-1,-1
367,21613,191,379,71,101,1,-1,-1,-1
367,21625,1627,546,61,106,1,-1,-1,-1
367,21636,1781,475,58,99,1,-1,-1,-1
367,21638,1829,509,44,106,1,-1,-1,-1
367,21595,1713,403,41,87,1,-1,-1,-1
368,21472,306,412,52,81,1,-1,-1,-1
368,21476,1386,526,60,123,1,-1,-1,-1
368,21482,934,697,71,159,1,-1,-1,-1
368,21554,-11,611,70,122,1,-1,-1,-1
368,21568,910,582,53,132,1,-1,-1,-1
368,21574,1631,412,45,87,1,-1,-1,-1
368,21579,597,553,67,115,1,-1,-1,-1
368,21613,164,380,72,100,1,-1,-1,-1
368,21625,1605,545,62,106,1,-1,-1,-1
368,21636,1751,476,59,99,1,-1,-1,-1
368,21638,1803,506,44,106,1,-1,-1,-1
368,21595,1691,404,42,87,1,-1,-1,-1
369,21472,283,413,52,80,1,-1,-1,-1
369,21476,1369,527,61,122,1,-1,-1,-1
369,21482,904,698,71,159,1,-1,-1,-1
369,21554,-11,611,68,122,1,-1,-1,-1
369,21568,885,582,54,135,1,-1,-1,-1
369,21574,1610,414,46,86,1,-1,-1,-1
369,21579,574,554,68,115,1,-1,-1,-1
369,21613,121,381,73,100,1,-1,-1,-1
369,21625,1583,544,63,106,1,-1,-1,-1
369,21636,1709,477,59,99,1,-1,-1,-1
369,21638,1779,505,45,106,1,-1,-1,-1
369,21595,1670,404,43,87,1,-1,-1,-1
370,21472,257,414,52,79,1,-1,-1,-1
370,21476,1343,530,59,119,1,-1,-1,-1
370,21482,892,699,72,158,1,-1,-1,-1
370,21568,858,583,55,137,1,-1,-1,-1
370,21574,1581,417,47,85,1,-1,-1,-1
370,21579,541,554,69,116,1,-1,-1,-1
370,21613,102,382,74,99,1,-1,-1,-1
370,21625,1555,543,64,106,1,-1,-1,-1
370,21636,1687,477,59,99,1,-1,-1,-1
370,21638,1755,504,47,106,1,-1,-1,-1
370,21595,1649,405,44,87,1,-1,-1,-1
371,21472,236,415,53,80,1,-1,-1,-1
371,21476,1330,532,57,116,1,-1,-1,-1
371,21482,873,700,72,158,1,-1,-1,-1
371,21568,829,584,56,139,1,-1,-1,-1
371,21574,1565,418,47,85,1,-1,-1,-1
371,21579,524,555,70,116,1,-1,-1,-1
371,21613,68,384,73,100,1,-1,-1,-1
371,21625,1537,542,65,106,1,-1,-1,-1
371,21636,1661,476,59,100,1,-1,-1,-1
371,21638,1733,503,47,106,1,-1,-1,-1
371,21595,1628,406,45,86,1,-1,-1,-1
372,21472,215,416,54,81,1,-1,-1,-1
372,21476,1299,534,57,113,1,-1,-1,-1
372,21482,838,703,71,158,1,-1,-1,-1
372,21568,797,585,57,142,1,-1,-1,-1
372,21574,1543,419,47,84,1,-1,-1,-1
372,21579,504,557,70,116,1,-1,-1,-1
372,21613,22,389,73,99,1,-1,-1,-1
372,21625,1516,542,66,106,1,-1,-1,-1
372,21636,1633,475,60,102,1,-1,-1,-1
372,21638,1699,502,48,107,1,-1,-1,-1
372,21595,1596,406,45,87,1,-1,-1,-1
372,21640,1880,474,28,109,1,-1,-1,-1
373,21472,193,417,55,82,1,-1,-1,-1
373,21476,1284,534,57,114,1,-1,-1,-1
373,21482,823,704,71,158,1,-1,-1,-1
373,21568,772,585,57,143,1,-1,-1,-1
373,21574,1519,420,49,84,1,-1,-1,-1
373,21579,481,560,70,116,1,-1,-1,-1
373,21613,-2,391,69,99,1,-1,-1,-1
373,21625,1495,542,66,105,1,-1,-1,-1
373,21636,1601,474,62,105,1,-1,-1,-1
373,21638,1683,502,50,107,1,-1,-1,-1
373,21595,1583,406,45,87,1,-1,-1,-1
373,21640,1873,472,29,111,1,-1,-1,-1
374,21472,171,418,57,83,1,-1,-1,-1
374,21476,1260,533,58,116,1,-1,-1,-1
374,21482,800,707,73,159,1,-1,-1,-1
374,21568,746,585,57,144,1,-1,-1,-1
374,21574,1487,422,50,83,1,-1,-1,-1
374,21579,458,563,70,116,1,-1,-1,-1
374,21625,1473,542,66,105,1,-1,-1,-1
374,21636,1578,474,61,104,1,-1,-1,-1
374,21638,1663,502,51,107,1,-1,-1,-1
374,21595,1563,406,45,87,1,-1,-1,-1
374,21640,1850,471,30,111,1,-1,-1,-1
375,21472,138,420,59,85,1,-1,-1,-1
375,21476,1229,531,60,119,1,-1,-1,-1
375,21482,774,709,74,162,1,-1,-1,-1
375,21568,720,585,56,144,1,-1,-1,-1
375,21574,1468,422,52,84,1,-1,-1,-1
375,21579,432,567,69,115,1,-1,-1,-1
375,21625,1451,542,67,104,1,-1,-1,-1
375,21636,1554,475,60,102,1,-1,-1,-1
375,21638,1640,502,53,107,1,-1,-1,-1
375,21595,1539,406,45,87,1,-1,-1,-1
375,21640,1822,470,31,111,1,-1,-1,-1
375,21641,0,395,9,99,1,-1,-1,-1
376,21472,123,421,59,85,1,-1,-1,-1
376,21476,1206,531,61,119,1,-1,-1,-1
376,21482,741,712,77,164,1,-1,-1,-1
376,21568,693,585,57,143,1,-1,-1,-1
376,21574,1447,421,53,85,1,-1,-1,-1
376,21579,411,569,69,114,1,-1,-1,-1
376,21625,1423,542,68,104,1,-1,-1,-1
376,21636,1530,476,59,100,1,-1,-1,-1
376,21638,1604,502,54,107,1,-1,-1,-1
376,21595,1515,406,46,87,1,-1,-1,-1
376,21640,1785,468,32,112,1,-1,-1,-1
376,21641,0,395,9,99,1,-1,-1,-1
377,21472,103,420,59,86,1,-1,-1,-1
377,21476,1180,532,61,116,1,-1,-1,-1
377,21482,719,713,79,165,1,-1,-1,-1
377,21568,666,585,57,143,1,-1,-1,-1
377,21574,1426,419,54,87,1,-1,-1,-1
377,21579,390,568,70,115,1,-1,-1,-1
377,21625,1404,542,68,103,1,-1,-1,-1
377,21636,1502,477,58,96,1,-1,-1,-1
377,21638,1587,502,57,107,1,-1,-1,-1
377,21595,1491,406,46,88,1,-1,-1,-1
377,21640,1762,468,34,111,1,-1,-1,-1
377,21641,0,395,9,99,1,-1,-1,-1
378,21472,81,419,60,86,1,-1,-1,-1
378,21476,1162,532,63,114,1,-1,-1,-1
378,21482,698,712,80,166,1,-1,-1,-1
378,21568,635,584,57,144,1,-1,-1,-1
378,21574,1401,418,54,87,1,-1,-1,-1
378,21579,367,568,71,115,1,-1,-1,-1
378,21625,1384,541,67,101,1,-1,-1,-1
378,21636,1482,476,57,95,1,-1,-1,-1
378,21638,1566,501,58,107,1,-1,-1,-1
378,21595,1467,406,46,88,1,-1,-1,-1
378,21640,1737,467,35,109,1,-1,-1,-1
379,21472,58,417,60,87,1,-1,-1,-1
379,21476,1133,531,63,114,1,-1,-1,-1
379,21482,668,712,80,165,1,-1,-1,-1
379,21568,611,584,57,143,1,-1,-1,-1
379,21574,1382,416,54,89,1,-1,-1,-1
379,21579,345,567,71,115,1,-1,-1,-1
379,21625,1363,539,65,100,1,-1,-1,-1
379,21636,1460,474,59,96,1,-1,-1,-1
379,21638,1542,499,60,107,1,-1,-1,-1
379,21595,1443,406,46,88,1,-1,-1,-1
379,21640,1710,467,37,107,1,-1,-1,-1
379,21632,1876,686,42,164,1,-1,-1,-1
380,21472,35,416,57,84,1,-1,-1,-1
380,21476,1121,531,64,113,1,-1,-1,-1
380,21482,654,711,79,165,1,-1,-1,-1
380,21568,586,582,56,143,1,-1,-1,-1
380,21574,1362,415,53,89,1,-1,-1,-1
380,21579,314,565,73,117,1,-1,-1,-1
380,21625,1340,538,63,98,1,-1,-1,-1
380,21636,1432,472,60,97,1,-1,-1,-1
380,21638,1516,498,62,106,1,-1,-1,-1
380,21595,1414,405,47,89,1,-1,-1,-1
380,21640,1676,466,38,106,1,-1,-1,-1
380,21632,1873,691,43,166,1,-1,-1,-1
381,21476,1094,529,64,114,1,-1,-1,-1
381,21482,634,710,78,166,1,-1,-1,-1
381,21568,559,580,57,144,1,-1,-1,-1
381,21574,1341,414,53,89,1,-1,-1,-1
381,21579,296,565,74,118,1,-1,-1,-1
381,21625,1318,534,64,99,1,-1,-1,-1
381,21636,1414,470,60,97,1,-1,-1,-1
381,21638,1491,496,64,106,1,-1,-1,-1
381,21595,1394,404,47,89,1,-1,-1,-1
381,21640,1654,465,40,106,1,-1,-1,-1
381,21641,11,412,9,78,1,-1,-1,-1
382,21476,1082,528,64,114,1,-1,-1,-1
382,21482,604,709,77,166,1,-1,-1,-1
382,21568,533,578,56,143,1,-1,-1,-1
382,21574,1319,413,53,89,1,-1,-1,-1
382,21579,273,565,76,118,1,-1,-1,-1
382,21625,1307,533,64,99,1,-1,-1,-1
382,21636,1393,469,61,97,1,-1,-1,-1
382,21638,1463,494,66,106,1,-1,-1,-1
382,21595,1372,403,47,89,1,-1,-1,-1
382,21640,1630,464,42,105,1,-1,-1,-1
382,21643,1786,671,74,173,1,-1,-1,-1
382,21472,-7,414,50,78,1,-1,-1,-1
383,21476,1054,524,65,118,1,-1,-1,-1
383,21482,583,710,77,166,1,-1,-1,-1
383,21568,494,576,57,143,1,-1,-1,-1
383,21574,1288,411,53,90,1,-1,-1,-1
383,21579,249,564,78,120,1,-1,-1,-1
383,21625,1286,532,65,100,1,-1,-1,-1
383,21636,1358,466,62,95,1,-1,-1,-1
383,21638,1442,493,68,106,1,-1,-1,-1
383,21595,1349,401,49,89,1,-1,-1,-1
383,21640,1603,462,45,106,1,-1,-1,-1
383,21643,1753,671,71,166,1,-1,-1,-1
383,21472,-13,414,48,76,1,-1,-1,-1
384,21476,1038,523,64,118,1,-1,-1,-1
384,21482,557,710,77,169,1,-1,-1,-1
384,21568,472,575,57,144,1,-1,-1,-1
384,21574,1270,411,53,89,1,-1,-1,-1
384,21579,224,564,79,122,1,-1,-1,-1
384,21625,1261,530,67,102,1,-1,-1,-1
384,21636,1343,465,62,95,1,-1,-1,-1
384,21638,1422,492,70,106,1,-1,-1,-1
384,21595,1327,399,49,89,1,-1,-1,-1
384,21640,1568,459,47,106,1,-1,-1,-1
384,21643,1721,670,70,163,1,-1,-1,-1
384,21641,11,414,11,76,1,-1,-1,-1
385,21476,1003,521,65,120,1,-1,-1,-1
385,21482,524,710,79,172,1,-1,-1,-1
385,21568,442,574,58,147,1,-1,-1,-1
385,21574,1247,410,53,90,1,-1,-1,-1
385,21579,198,563,82,124,1,-1,-1,-1
385,21625,1225,529,70,102,1,-1,-1,-1
385,21636,1321,464,62,95,1,-1,-1,-1
385,21638,1404,490,71,106,1,-1,-1,-1
385,21595,1296,397,49,89,1,-1,-1,-1
385,21640,1547,458,50,106,1,-1,-1,-1
385,21643,1678,669,70,160,1,-1,-1,-1
386,21476,973,517,67,126,1,-1,-1,-1
386,21482,501,711,80,174,1,-1,-1,-1
386,21568,409,573,59,151,1,-1,-1,-1
386,21574,1221,410,53,89,1,-1,-1,-1
386,21579,161,563,84,127,1,-1,-1,-1
386,21625,1206,528,71,102,1,-1,-1,-1
386,21636,1297,463,63,95,1,-1,-1,-1
386,21638,1375,489,71,106,1,-1,-1,-1
386,21595,1278,396,51,89,1,-1,-1,-1
386,21640,1524,455,52,108,1,-1,-1,-1
386,21643,1650,669,69,158,1,-1,-1,-1
387,21476,956,516,68,127,1,-1,-1,-1
387,21482,479,712,81,174,1,-1,-1,-1
387,21568,364,573,61,155,1,-1,-1,-1
387,21574,1186,411,53,89,1,-1,-1,-1
387,21579,142,563,85,128,1,-1,-1,-1
387,21625,1183,527,70,100,1,-1,-1,-1
387,21636,1264,463,63,95,1,-1,-1,-1
387,21638,1363,488,70,106,1,-1,-1,-1
387,21595,1257,395,52,89,1,-1,-1,-1
387,21640,1501,452,54,110,1,-1,-1,-1
387,21643,1607,670,69,154,1,-1,-1,-1
388,21476,923,521,66,121,1,-1,-1,-1
388,21482,457,713,83,175,1,-1,-1,-1
388,21568,335,572,61,157,1,-1,-1,-1
388,21574,1164,411,53,89,1,-1,-1,-1
388,21579,116,563,86,129,1,-1,-1,-1
388,21625,1167,526,69,99,1,-1,-1,-1
388,21636,1243,462,63,95,1,-1,-1,-1
388,21638,1345,487,70,105,1,-1,-1,-1
388,21595,1234,394,52,90,1,-1,-1,-1
388,21640,1477,450,56,111,1,-1,-1,-1
388,21643,1584,670,69,153,1,-1,-1,-1
389,21476,896,521,65,120,1,-1,-1,-1
389,21482,436,714,85,176,1,-1,-1,-1
389,21568,301,571,60,157,1,-1,-1,-1
389,21574,1137,409,53,91,1,-1,-1,-1
389,21579,88,564,86,130,1,-1,-1,-1
389,21625,1147,525,69,97,1,-1,-1,-1
389,21636,1217,459,64,96,1,-1,-1,-1
389,21638,1325,486,71,104,1,-1,-1,-1
389,21595,1210,393,53,91,1,-1,-1,-1
389,21640,1443,446,56,114,1,-1,-1,-1
389,21643,1552,666,69,153,1,-1,-1,-1
389,21632,1889,834,34,143,1,-1,-1,-1
390,21476,868,520,66,120,1,-1,-1,-1
390,21482,408,713,86,177,1,-1,-1,-1
390,21568,264,569,60,158,1,-1,-1,-1
390,21574,1109,407,52,93,1,-1,-1,-1
390,21579,60,565,86,131,1,-1,-1,-1
390,21625,1125,525,69,95,1,-1,-1,-1
390,21636,1184,456,64,96,1,-1,-1,-1
390,21638,1292,485,70,101,1,-1,-1,-1
390,21595,1171,391,55,93,1,-1,-1,-1
390,21640,1424,444,57,115,1,-1,-1,-1
390,21643,1509,661,70,153,1,-1,-1,-1
390,21648,750,264,29,49,1,-1,-1,-1
390,21632,1877,833,36,148,1,-1,-1,-1
391,21476,838,517,65,123,1,-1,-1,-1
391,21482,379,711,86,176,1,-1,-1,-1
391,21568,227,568,60,157,1,-1,-1,-1
391,21574,1074,405,51,94,1,-1,-1,-1
391,21579,25,566,86,133,1,-1,-1,-1
391,21625,1097,524,68,93,1,-1,-1,-1
391,21636,1162,454,64,96,1,-1,-1,-1
391,21638,1277,484,71,100,1,-1,-1,-1
391,21595,1156,390,55,94,1,-1,-1,-1
391,21640,1395,442,57,115,1,-1,-1,-1
391,21643,1478,656,70,153,1,-1,-1,-1
392,21476,816,516,65,123,1,-1,-1,-1
392,21482,335,707,85,176,1,-1,-1,-1
392,21568,188,566,59,157,1,-1,-1,-1
392,21574,1049,403,50,94,1,-1,-1,-1
392,21579,-2,566,83,133,1,-1,-1,-1
392,21625,1077,523,69,92,1,-1,-1,-1
392,21636,1137,452,65,96,1,-1,-1,-1
392,21638,1252,481,72,100,1,-1,-1,-1
392,21595,1129,389,55,92,1,-1,-1,-1
392,21640,1363,441,57,114,1,-1,-1,-1
392,21643,1433,649,69,151,1,-1,-1,-1
392,21649,1786,794,78,189,1,-1,-1,-1
393,21476,782,515,63,123,1,-1,-1,-1
393,21482,312,706,85,176,1,-1,-1,-1
393,21568,152,565,59,157,1,-1,-1,-1
393,21574,1020,402,50,93,1,-1,-1,-1
393,21579,-12,566,82,133,1,-1,-1,-1
393,21625,1054,521,70,92,1,-1,-1,-1
393,21636,1101,451,65,96,1,-1,-1,-1
393,21638,1224,478,72,100,1,-1,-1,-1
393,21595,1097,387,55,90,1,-1,-1,-1
393,21640,1329,439,58,114,1,-1,-1,-1
393,21643,1404,644,69,151,1,-1,-1,-1
393,21649,1758,788,79,192,1,-1,-1,-1
394,21476,769,514,62,123,1,-1,-1,-1
394,21482,263,707,83,176,1,-1,-1,-1
394,21568,116,564,59,157,1,-1,-1,-1
394,21574,984,401,50,92,1,-1,-1,-1
394,21579,-14,566,80,133,1,-1,-1,-1
394,21625,1029,519,72,93,1,-1,-1,-1
394,21636,1081,449,65,96,1,-1,-1,-1
394,21638,1195,475,72,100,1,-1,-1,-1
394,21595,1065,385,53,87,1,-1,-1,-1
394,21640,1287,436,60,113,1,-1,-1,-1
394,21643,1354,639,68,150,1,-1,-1,-1
394,21649,1707,782,79,189,1,-1,-1,-1
394,21652,1858,452,52,88,1,-1,-1,-1
394,21653,619,261,29,51,1,-1,-1,-1
395,21476,736,511,61,124,1,-1,-1,-1
395,21482,227,708,82,174,1,-1,-1,-1
395,21568,79,562,61,158,1,-1,-1,-1
395,21574,958,400,50,92,1,-1,-1,-1
395,21579,-14,566,79,133,1,-1,-1,-1
395,21625,1005,517,72,94,1,-1,-1,-1
395,21636,1056,447,64,95,1,-1,-1,-1
395,21638,1165,472,73,100,1,-1,-1,-1
395,21595,1031,383,53,84,1,-1,-1,-1
395,21640,1259,434,61,113,1,-1,-1,-1
395,21643,1324,634,67,151,1,-1,-1,-1
395,21649,1647,775,77,184,1,-1,-1,-1
395,21654,1890,665,24,104,1,-1,-1,-1
396,21476,690,508,62,124,1,-1,-1,-1
396,21482,210,708,82,174,1,-1,-1,-1
396,21568,27,561,61,156,1,-1,-1,-1
396,21574,915,400,51,91,1,-1,-1,-1
396,21625,980,515,74,96,1,-1,-1,-1
396,21636,1029,444,62,94,1,-1,-1,-1
396,21638,1131,468,74,100,1,-1,-1,-1
396,21595,991,380,52,81,1,-1,-1,-1
396,21640,1220,432,61,111,1,-1,-1,-1
396,21643,1287,627,66,151,1,-1,-1,-1
396,21649,1604,768,76,182,1,-1,-1,-1
397,21476,651,507,64,124,1,-1,-1,-1
397,21482,176,708,84,176,1,-1,-1,-1
397,21568,-7,560,58,157,1,-1,-1,-1
397,21574,892,399,51,92,1,-1,-1,-1
397,21625,954,512,76,97,1,-1,-1,-1
397,21636,987,440,61,92,1,-1,-1,-1
397,21638,1108,466,74,100,1,-1,-1,-1
397,21595,970,378,52,81,1,-1,-1,-1
397,21640,1197,431,62,110,1,-1,-1,-1
397,21643,1238,618,65,151,1,-1,-1,-1
397,21649,1562,760,76,181,1,-1,-1,-1
397,21657,1790,631,80,137,1,-1,-1,-1
397,21658,1739,430,77,98,1,-1,-1,-1
398,21476,632,505,65,125,1,-1,-1,-1
398,21482,127,708,90,179,1,-1,-1,-1
398,21574,861,397,52,91,1,-1,-1,-1
398,21625,914,509,77,99,1,-1,-1,-1
398,21636,966,439,59,90,1,-1,-1,-1
398,21638,1088,463,74,100,1,-1,-1,-1
398,21595,945,375,53,83,1,-1,-1,-1
398,21640,1153,429,62,109,1,-1,-1,-1
398,21643,1203,615,65,150,1,-1,-1,-1
398,21649,1520,753,76,180,1,-1,-1,-1
398,21657,1747,621,83,142,1,-1,-1,-1
398,21658,1708,427,77,98,1,-1,-1,-1
399,21476,594,504,68,125,1,-1,-1,-1
399,21482,95,707,94,181,1,-1,-1,-1
399,21574,827,395,52,91,1,-1,-1,-1
399,21625,899,507,78,100,1,-1,-1,-1
399,21636,935,438,59,89,1,-1,-1,-1
399,21638,1060,459,74,101,1,-1,-1,-1
399,21595,917,372,55,86,1,-1,-1,-1
399,21640,1127,428,63,108,1,-1,-1,-1
399,21643,1159,613,64,148,1,-1,-1,-1
399,21649,1479,745,76,179,1,-1,-1,-1
399,21657,1715,612,82,140,1,-1,-1,-1
399,21662,456,249,26,51,1,-1,-1,-1
400,21476,549,502,69,127,1,-1,-1,-1
400,21482,47,705,97,184,1,-1,-1,-1
400,21574,780,392,53,91,1,-1,-1,-1
400,21625,880,506,79,101,1,-1,-1,-1
400,21636,902,437,58,88,1,-1,-1,-1
400,21638,1044,456,73,102,1,-1,-1,-1
400,21595,889,369,56,88,1,-1,-1,-1
400,21640,1104,425,63,109,1,-1,-1,-1
400,21643,1121,611,64,147,1,-1,-1,-1
400,21649,1438,738,76,178,1,-1,-1,-1
400,21657,1683,600,78,135,1,-1,-1,-1
400,21663,1629,420,77,99,1,-1,-1,-1
400,21654,1878,678,32,133,1,-1,-1,-1
401,21476,511,502,70,125,1,-1,-1,-1
401,21482,8,698,98,185,1,-1,-1,-1
401,21574,753,390,53,91,1,-1,-1,-1
401,21625,860,503,80,103,1,-1,-1,-1
401,21636,867,436,58,86,1,-1,-1,-1
401,21638,1021,453,74,103,1,-1,-1,-1
401,21595,861,366,58,91,1,-1,-1,-1
401,21640,1081,423,64,109,1,-1,-1,-1
401,21643,1079,610,64,146,1,-1,-1,-1
401,21649,1397,730,77,177,1,-1,-1,-1
401,21657,1659,595,76,132,1,-1,-1,-1
401,21664,1874,561,34,109,1,-1,-1,-1
401,21654,1867,677,34,137,1,-1,-1,-1
401,21652,1872,422,51,87,1,-1,-1,-1
402,21476,498,503,70,123,1,-1,-1,-1
402,21482,-12,698,94,182,1,-1,-1,-1
402,21574,724,388,53,92,1,-1,-1,-1
402,21625,839,501,81,105,1,-1,-1,-1
402,21636,831,435,57,85,1,-1,-1,-1
402,21638,996,449,75,105,1,-1,-1,-1
402,21595,815,362,60,95,1,-1,-1,-1
402,21640,1045,419,64,111,1,-1,-1,-1
402,21643,1038,605,64,147,1,-1,-1,-1
402,21649,1346,721,78,176,1,-1,-1,-1
402,21657,1629,591,77,132,1,-1,-1,-1
402,21654,1845,673,36,138,1,-1,-1,-1
402,21667,1829,802,51,180,1,-1,-1,-1
402,21668,1578,411,67,105,1,-1,-1,-1
402,21652,1859,410,58,100,1,-1,-1,-1
403,21476,472,501,70,124,1,-1,-1,-1
403,21482,-29,702,86,176,1,-1,-1,-1
403,21574,695,386,53,94,1,-1,-1,-1
403,21625,819,498,81,107,1,-1,-1,-1
403,21636,806,434,57,85,1,-1,-1,-1
403,21638,961,445,78,106,1,-1,-1,-1
403,21595,797,360,61,97,1,-1,-1,-1
403,21640,1031,417,64,112,1,-1,-1,-1
403,21643,1018,602,64,147,1,-1,-1,-1
403,21649,1313,717,79,174,1,-1,-1,-1
403,21657,1595,587,77,132,1,-1,-1,-1
403,21668,1551,408,66,104,1,-1,-1,-1
403,21652,1847,406,62,104,1,-1,-1,-1
404,21476,432,498,69,125,1,-1,-1,-1
404,21482,-33,704,80,174,1,-1,-1,-1
404,21574,664,385,54,95,1,-1,-1,-1
404,21625,798,496,82,109,1,-1,-1,-1
404,21636,784,433,58,86,1,-1,-1,-1
404,21638,945,442,78,107,1,-1,-1,-1
404,21595,775,359,60,97,1,-1,-1,-1
404,21640,1010,415,63,112,1,-1,-1,-1
404,21643,974,595,65,149,1,-1,-1,-1
404,21649,1279,712,79,174,1,-1,-1,-1
404,21657,1568,582,78,132,1,-1,-1,-1
404,21668,1507,404,64,101,1,-1,-1,-1
404,21652,1818,403,65,105,1,-1,-1,-1
404,21673,1752,778,81,193,1,-1,-1,-1
404,21674,1773,659,64,140,1,-1,-1,-1
404,21675,282,241,28,50,1,-1,-1,-1
405,21476,411,497,68,125,1,-1,-1,-1
405,21574,633,383,53,96,1,-1,-1,-1
405,21625,764,492,83,112,1,-1,-1,-1
405,21636,759,432,58,86,1,-1,-1,-1
405,21638,931,440,78,107,1,-1,-1,-1
405,21595,750,358,59,97,1,-1,-1,-1
405,21640,973,411,62,112,1,-1,-1,-1
405,21643,953,592,66,150,1,-1,-1,-1
405,21649,1244,707,81,175,1,-1,-1,-1
405,21657,1542,576,78,132,1,-1,-1,-1
405,21668,1483,402,64,99,1,-1,-1,-1
405,21652,1793,403,65,105,1,-1,-1,-1
405,21674,1747,653,65,143,1,-1,-1,-1
405,21677,1897,495,22,82,1,-1,-1,-1
406,21476,381,494,68,128,1,-1,-1,-1
406,21574,608,382,53,97,1,-1,-1,-1
406,21625,752,490,82,113,1,-1,-1,-1
406,21636,741,430,59,88,1,-1,-1,-1
406,21638,918,439,77,107,1,-1,-1,-1
406,21595,725,357,58,97,1,-1,-1,-1
406,21640,957,410,61,112,1,-1,-1,-1
406,21643,914,590,66,147,1,-1,-1,-1
406,21649,1210,703,82,175,1,-1,-1,-1
406,21657,1510,569,79,132,1,-1,-1,-1
406,21668,1453,400,63,97,1,-1,-1,-1
406,21652,1780,402,65,105,1,-1,-1,-1
406,21674,1723,647,66,144,1,-1,-1,-1
406,21678,1744,519,49,121,1,-1,-1,-1
406,21679,1677,763,80,188,1,-1,-1,-1
407,21476,367,493,66,128,1,-1,-1,-1
407,21574,584,381,52,97,1,-1,-1,-1
407,21625,737,490,81,112,1,-1,-1,-1
407,21636,720,427,61,90,1,-1,-1,-1
407,21638,902,436,74,108,1,-1,-1,-1
407,21595,700,356,57,97,1,-1,-1,-1
407,21640,938,410,60,112,1,-1,-1,-1
407,21643,891,589,65,146,1,-1,-1,-1
407,21649,1175,699,83,175,1,-1,-1,-1
407,21657,1491,565,78,131,1,-1,-1,-1
407,21668,1439,400,63,95,1,-1,-1,-1
407,21652,1762,401,65,104,1,-1,-1,-1
407,21674,1701,642,67,145,1,-1,-1,-1
407,21678,1726,517,49,120,1,-1,-1,-1
407,21679,1649,760,79,184,1,-1,-1,-1
408,21476,336,494,65,126,1,-1,-1,-1
408,21574,561,380,51,97,1,-1,-1,-1
408,21625,722,490,79,111,1,-1,-1,-1
408,21636,698,425,63,92,1,-1,-1,-1
408,21638,892,435,72,107,1,-1,-1,-1
408,21595,669,355,55,97,1,-1,-1,-1
408,21640,919,410,58,112,1,-1,-1,-1
408,21643,856,590,64,141,1,-1,-1,-1
408,21649,1141,695,83,175,1,-1,-1,-1
408,21657,1472,561,78,131,1,-1,-1,-1
408,21668,1422,398,63,96,1,-1,-1,-1
408,21652,1733,398,65,104,1,-1,-1,-1
408,21674,1679,637,67,145,1,-1,-1,-1
408,21678,1703,516,49,118,1,-1,-1,-1
408,21679,1629,757,79,184,1,-1,-1,-1
408,21683,1820,470,51,119,1,-1,-1,-1
409,21476,324,494,64,126,1,-1,-1,-1
409,21574,537,380,52,96,1,-1,-1,-1
409,21625,707,489,77,111,1,-1,-1,-1
409,21636,671,422,65,96,1,-1,-1,-1
409,21638,878,434,71,106,1,-1,-1,-1
409,21595,650,354,54,97,1,-1,-1,-1
409,21640,888,410,56,113,1,-1,-1,-1
409,21643,828,588,65,143,1,-1,-1,-1
409,21649,1095,689,83,175,1,-1,-1,-1
409,21657,1451,556,77,132,1,-1,-1,-1
409,21668,1393,395,63,96,1,-1,-1,-1
409,21652,1717,397,65,103,1,-1,-1,-1
409,21674,1649,630,67,146,1,-1,-1,-1
409,21678,1670,513,49,116,1,-1,-1,-1
409,21679,1605,754,79,183,1,-1,-1,-1
409,21683,1801,469,50,119,1,-1,-1,-1
410,21476,290,497,65,126,1,-1,-1,-1
410,21574,507,379,51,96,1,-1,-1,-1
410,21625,682,488,75,110,1,-1,-1,-1
410,21636,656,422,66,96,1,-1,-1,-1
410,21638,864,433,70,105,1,-1,-1,-1
410,21595,633,354,53,96,1,-1,-1,-1
410,21640,875,411,54,112,1,-1,-1,-1
410,21643,800,584,67,147,1,-1,-1,-1
410,21649,1068,686,84,175,1,-1,-1,-1
410,21657,1436,553,76,131,1,-1,-1,-1
410,21668,1381,394,63,96,1,-1,-1,-1
410,21652,1695,394,66,104,1,-1,-1,-1
410,21674,1634,627,68,147,1,-1,-1,-1
410,21678,1655,512,49,114,1,-1,-1,-1
410,21679,1579,751,80,182,1,-1,-1,-1
410,21683,1773,467,50,118,1,-1,-1,-1
411,21476,274,498,66,126,1,-1,-1,-1
411,21574,490,378,51,97,1,-1,-1,-1
411,21625,672,488,73,109,1,-1,-1,-1
411,21636,642,422,65,97,1,-1,-1,-1
411,21638,840,431,71,105,1,-1,-1,-1
411,21595,615,353,52,95,1,-1,-1,-1
411,21640,858,409,53,112,1,-1,-1,-1
411,21643,776,581,67,148,1,-1,-1,-1
411,21649,1038,683,83,175,1,-1,-1,-1
411,21657,1421,548,75,131,1,-1,-1,-1
411,21668,1359,392,63,97,1,-1,-1,-1
411,21652,1665,391,68,105,1,-1,-1,-1
411,21674,1616,625,68,146,1,-1,-1,-1
411,21678,1633,508,50,115,1,-1,-1,-1
411,21679,1554,747,80,183,1,-1,-1,-1
411,21683,1753,464,52,120,1,-1,-1,-1
412,21476,240,496,67,127,1,-1,-1,-1
412,21574,472,377,52,98,1,-1,-1,-1
412,21625,661,486,72,110,1,-1,-1,-1
412,21636,630,424,64,96,1,-1,-1,-1
412,21638,830,430,71,104,1,-1,-1,-1
412,21595,598,353,51,94,1,-1,-1,-1
412,21640,838,408,52,112,1,-1,-1,-1
412,21643,749,578,68,148,1,-1,-1,-1
412,21649,1007,680,82,175,1,-1,-1,-1
412,21657,1395,541,74,131,1,-1,-1,-1
412,21668,1328,390,62,96,1,-1,-1,-1
412,21652,1646,389,70,106,1,-1,-1,-1
412,21674,1597,623,68,145,1,-1,-1,-1
412,21678,1608,505,51,115,1,-1,-1,-1
412,21679,1528,744,81,182,1,-1,-1,-1
412,21683,1726,458,55,125,1,-1,-1,-1
413,21476,215,494,68,128,1,-1,-1,-1
413,21574,455,376,50,99,1,-1,-1,-1
413,21625,648,485,73,110,1,-1,-1,-1
413,21636,616,425,64,96,1,-1,-1,-1
413,21638,819,429,71,105,1,-1,-1,-1
413,21595,580,352,51,94,1,-1,-1,-1
413,21640,806,407,52,112,1,-1,-1,-1
413,21643,729,576,68,147,1,-1,-1,-1
413,21649,975,677,82,174,1,-1,-1,-1
413,21657,1386,539,73,130,1,-1,-1,-1
413,21668,1310,388,62,97,1,-1,-1,-1
413,21652,1621,389,71,104,1,-1,-1,-1
413,21674,1578,622,68,144,1,-1,-1,-1
413,21678,1583,501,52,114,1,-1,-1,-1
413,21679,1492,739,82,182,1,-1,-1,-1
413,21683,1711,456,56,125,1,-1,-1,-1
414,21476,205,493,68,129,1,-1,-1,-1
414,21574,437,375,50,100,1,-1,-1,-1
414,21625,636,483,73,110,1,-1,-1,-1
414,21636,600,426,63,95,1,-1,-1,-1
414,21638,808,427,71,106,1,-1,-1,-1
414,21595,563,352,50,93,1,-1,-1,-1
414,21640,793,406,52,112,1,-1,-1,-1
414,21643,704,573,67,145,1,-1,-1,-1
414,21649,943,674,81,174,1,-1,-1,-1
414,21657,1372,536,71,129,1,-1,-1,-1
414,21668,1293,386,63,97,1,-1,-1,-1
414,21652,1605,389,72,103,1,-1,-1,-1
414,21674,1559,620,66,143,1,-1,-1,-1
414,21678,1558,498,52,114,1,-1,-1,-1
414,21679,1472,735,84,182,1,-1,-1,-1
414,21683,1691,453,57,126,1,-1,-1,-1
415,21476,179,493,66,128,1,-1,-1,-1
415,21574,419,374,49,101,1,-1,-1,-1
415,21625,617,481,75,111,1,-1,-1,-1
415,21636,582,425,63,96,1,-1,-1,-1
415,21638,795,426,69,106,1,-1,-1,-1
415,21595,544,352,51,91,1,-1,-1,-1
415,21640,776,405,53,112,1,-1,-1,-1
415,21643,689,573,67,143,1,-1,-1,-1
415,21649,908,670,79,175,1,-1,-1,-1
415,21657,1355,533,70,127,1,-1,-1,-1
415,21668,1270,384,62,97,1,-1,-1,-1
415,21652,1589,389,71,102,1,-1,-1,-1
415,21674,1539,618,65,143,1,-1,-1,-1
415,21678,1532,494,53,113,1,-1,-1,-1
415,21679,1448,731,84,180,1,-1,-1,-1
415,21683,1666,452,58,125,1,-1,-1,-1
416,21476,160,493,63,128,1,-1,-1,-1
416,21574,400,374,48,101,1,-1,-1,-1
416,21625,608,480,76,111,1,-1,-1,-1
416,21636,556,425,63,95,1,-1,-1,-1
416,21638,788,425,68,106,1,-1,-1,-1
416,21595,527,351,51,91,1,-1,-1,-1
416,21640,759,404,52,112,1,-1,-1,-1
416,21643,672,572,68,143,1,-1,-1,-1
416,21649,884,667,78,174,1,-1,-1,-1
416,21657,1331,528,68,125,1,-1,-1,-1
416,21668,1259,382,61,97,1,-1,-1,-1
416,21652,1568,389,70,100,1,-1,-1,-1
416,21674,1519,616,65,142,1,-1,-1,-1
416,21678,1507,491,53,113,1,-1,-1,-1
416,21679,1423,726,83,177,1,-1,-1,-1
416,21683,1648,450,59,124,1,-1,-1,-1
417,21476,153,493,61,128,1,-1,-1,-1
417,21574,380,374,47,100,1,-1,-1,-1
417,21625,599,479,77,111,1,-1,-1,-1
417,21636,543,425,64,96,1,-1,-1,-1
417,21638,781,424,66,106,1,-1,-1,-1
417,21595,510,350,51,91,1,-1,-1,-1
417,21640,742,403,52,112,1,-1,-1,-1
417,21643,655,572,67,142,1,-1,-1,-1
417,21649,864,664,76,173,1,-1,-1,-1
417,21657,1319,526,66,124,1,-1,-1,-1
417,21668,1245,381,61,98,1,-1,-1,-1
417,21652,1555,388,68,100,1,-1,-1,-1
417,21674,1499,613,64,140,1,-1,-1,-1
417,21678,1476,486,54,112,1,-1,-1,-1
417,21679,1397,720,82,176,1,-1,-1,-1
417,21683,1631,447,60,124,1,-1,-1,-1
417,21684,0,237,23,45,1,-1,-1,-1
418,21476,128,493,61,127,1,-1,-1,-1
418,21574,359,374,46,100,1,-1,-1,-1
418,21625,591,479,76,111,1,-1,-1,-1
418,21636,522,426,63,96,1,-1,-1,-1
418,21638,772,423,65,106,1,-1,-1,-1
418,21595,493,350,50,90,1,-1,-1,-1
418,21640,724,402,52,112,1,-1,-1,-1
418,21643,620,570,68,142,1,-1,-1,-1
418,21649,832,660,75,170,1,-1,-1,-1
418,21657,1304,521,65,123,1,-1,-1,-1
418,21668,1223,380,60,98,1,-1,-1,-1
418,21652,1541,386,68,100,1,-1,-1,-1
418,21674,1479,610,65,139,1,-1,-1,-1
418,21678,1459,484,54,113,1,-1,-1,-1
418,21679,1368,714,81,173,1,-1,-1,-1
418,21683,1610,442,60,125,1,-1,-1,-1
418,21684,0,237,23,45,1,-1,-1,-1
419,21476,118,493,60,127,1,-1,-1,-1
419,21574,337,375,47,98,1,-1,-1,-1
419,21625,583,478,76,111,1,-1,-1,-1
419,21636,514,427,63,95,1,-1,-1,-1
419,21638,764,422,64,105,1,-1,-1,-1
419,21595,468,349,49,90,1,-1,-1,-1
419,21640,705,401,53,112,1,-1,-1,-1
419,21643,594,565,68,146,1,-1,-1,-1
419,21649,817,658,76,169,1,-1,-1,-1
419,21657,1287,516,64,122,1,-1,-1,-1
419,21668,1214,379,58,98,1,-1,-1,-1
419,21652,1521,385,65,100,1,-1,-1,-1
419,21674,1458,607,66,138,1,-1,-1,-1
419,21678,1445,481,54,113,1,-1,-1,-1
419,21679,1349,710,80,172,1,-1,-1,-1
419,21683,1598,440,61,124,1,-1,-1,-1
419,21684,0,237,23,45,1,-1,-1,-1
420,21476,95,493,63,128,1,-1,-1,-1
420,21574,310,375,47,98,1,-1,-1,-1
420,21625,574,477,73,111,1,-1,-1,-1
420,21636,504,427,64,95,1,-1,-1,-1
420,21638,748,421,64,103,1,-1,-1,-1
420,21595,457,348,48,91,1,-1,-1,-1
420,21640,692,401,52,111,1,-1,-1,-1
420,21643,578,564,67,146,1,-1,-1,-1
420,21649,798,656,75,169,1,-1,-1,-1
420,21657,1268,510,62,121,1,-1,-1,-1
420,21668,1202,379,58,97,1,-1,-1,-1
420,21652,1513,384,63,100,1,-1,-1,-1
420,21674,1438,603,66,138,1,-1,-1,-1
420,21678,1430,479,56,114,1,-1,-1,-1
420,21679,1331,708,80,172,1,-1,-1,-1
420,21683,1585,440,61,122,1,-1,-1,-1
421,21476,75,492,66,130,1,-1,-1,-1
421,21574,294,374,47,98,1,-1,-1,-1
421,21625,570,477,72,111,1,-1,-1,-1
421,21636,494,426,64,96,1,-1,-1,-1
421,21638,743,420,63,103,1,-1,-1,-1
421,21595,446,347,48,92,1,-1,-1,-1
421,21640,680,401,52,111,1,-1,-1,-1
421,21643,556,564,66,143,1,-1,-1,-1
421,21649,776,654,76,168,1,-1,-1,-1
421,21657,1256,506,61,122,1,-1,-1,-1
421,21668,1182,377,56,96,1,-1,-1,-1
421,21652,1504,384,61,99,1,-1,-1,-1
421,21674,1415,600,68,137,1,-1,-1,-1
421,21678,1416,476,56,115,1,-1,-1,-1
421,21679,1314,707,79,171,1,-1,-1,-1
421,21683,1567,439,61,121,1,-1,-1,-1
422,21476,66,492,67,130,1,-1,-1,-1
422,21574,277,374,48,97,1,-1,-1,-1
422,21625,567,477,71,111,1,-1,-1,-1
422,21636,484,425,64,96,1,-1,-1,-1
422,21638,737,419,64,103,1,-1,-1,-1
422,21595,436,347,48,91,1,-1,-1,-1
422,21640,668,401,51,110,1,-1,-1,-1
422,21643,547,563,64,142,1,-1,-1,-1
422,21649,754,651,76,169,1,-1,-1,-1
422,21657,1244,504,61,121,1,-1,-1,-1
422,21668,1175,377,55,95,1,-1,-1,-1
422,21652,1487,385,59,98,1,-1,-1,-1
422,21674,1402,598,69,137,1,-1,-1,-1
422,21678,1401,474,58,116,1,-1,-1,-1
422,21679,1296,705,78,171,1,-1,-1,-1
422,21683,1558,439,61,120,1,-1,-1,-1
423,21476,42,496,68,127,1,-1,-1,-1
423,21574,256,373,48,97,1,-1,-1,-1
423,21625,565,476,69,111,1,-1,-1,-1
423,21636,469,424,64,97,1,-1,-1,-1
423,21638,732,417,64,104,1,-1,-1,-1
423,21595,426,346,47,92,1,-1,-1,-1
423,21640,655,400,52,110,1,-1,-1,-1
423,21643,524,559,63,142,1,-1,-1,-1
423,21649,731,649,76,169,1,-1,-1,-1
423,21657,1231,500,60,122,1,-1,-1,-1
423,21668,1166,377,54,94,1,-1,-1,-1
423,21652,1481,386,58,98,1,-1,-1,-1
423,21674,1392,596,70,137,1,-1,-1,-1
423,21678,1387,471,58,116,1,-1,-1,-1
423,21679,1273,702,77,172,1,-1,-1,-1
423,21683,1549,439,62,120,1,-1,-1,-1
424,21476,27,497,68,126,1,-1,-1,-1
424,21574,245,372,47,98,1,-1,-1,-1
424,21625,562,476,68,111,1,-1,-1,-1
424,21636,463,423,64,98,1,-1,-1,-1
424,21638,727,415,64,104,1,-1,-1,-1
424,21595,416,345,46,92,1,-1,-1,-1
424,21640,648,400,51,110,1,-1,-1,-1
424,21643,513,557,62,142,1,-1,-1,-1
424,21649,708,646,76,169,1,-1,-1,-1
424,21657,1225,498,58,121,1,-1,-1,-1
424,21668,1151,376,54,94,1,-1,-1,-1
424,21652,1475,386,57,97,1,-1,-1,-1
424,21674,1380,593,70,138,1,-1,-1,-1
424,21678,1373,469,59,117,1,-1,-1,-1
424,21679,1262,701,77,172,1,-1,-1,-1
424,21683,1542,440,62,120,1,-1,-1,-1
425,21476,10,497,68,125,1,-1,-1,-1
425,21574,233,372,46,98,1,-1,-1,-1
425,21625,560,476,66,111,1,-1,-1,-1
425,21636,458,423,64,98,1,-1,-1,-1
425,21638,719,412,64,106,1,-1,-1,-1
425,21595,406,345,45,92,1,-1,-1,-1
425,21640,643,399,51,110,1,-1,-1,-1
425,21643,493,551,62,145,1,-1,-1,-1
425,21649,670,642,77,169,1,-1,-1,-1
425,21657,1215,492,58,122,1,-1,-1,-1
425,21668,1146,375,53,94,1,-1,-1,-1
425,21652,1464,386,56,95,1,-1,-1,-1
425,21674,1376,593,70,137,1,-1,-1,-1
425,21678,1352,465,60,118,1,-1,-1,-1
425,21679,1253,699,77,173,1,-1,-1,-1
425,21683,1533,441,63,119,1,-1,-1,-1
426,21476,-3,495,68,127,1,-1,-1,-1
426,21574,222,371,45,98,1,-1,-1,-1
426,21625,557,475,64,112,1,-1,-1,-1
426,21636,453,422,64,98,1,-1,-1,-1
426,21638,717,411,64,106,1,-1,-1,-1
426,21595,395,344,45,93,1,-1,-1,-1
426,21640,638,397,50,111,1,-1,-1,-1
426,21643,486,548,62,146,1,-1,-1,-1
426,21649,656,641,77,168,1,-1,-1,-1
426,21657,1212,490,56,122,1,-1,-1,-1
426,21668,1142,374,53,94,1,-1,-1,-1
426,21652,1459,386,56,94,1,-1,-1,-1
426,21674,1370,590,71,139,1,-1,-1,-1
426,21678,1344,464,61,118,1,-1,-1,-1
426,21679,1245,697,76,174,1,-1,-1,-1
426,21683,1528,441,64,118,1,-1,-1,-1
427,21476,-8,495,68,127,1,-1,-1,-1
427,21574,209,370,45,99,1,-1,-1,-1
427,21625,557,475,61,111,1,-1,-1,-1
427,21636,447,421,64,99,1,-1,-1,-1
427,21638,717,410,62,106,1,-1,-1,-1
427,21595,384,343,45,93,1,-1,-1,-1
427,21640,633,395,50,112,1,-1,-1,-1
427,21643,471,543,61,147,1,-1,-1,-1
427,21649,640,639,76,169,1,-1,-1,-1
427,21657,1208,489,55,119,1,-1,-1,-1
427,21668,1138,372,53,95,1,-1,-1,-1
427,21652,1454,385,55,94,1,-1,-1,-1
427,21674,1365,588,71,140,1,-1,-1,-1
427,21678,1338,463,62,117,1,-1,-1,-1
427,21679,1237,695,76,175,1,-1,-1,-1
427,21683,1521,440,65,120,1,-1,-1,-1
427,21685,1306,483,26,15,1,-1,-1,-1
428,21476,-16,493,66,129,1,-1,-1,-1
428,21574,197,370,44,99,1,-1,-1,-1
428,21625,559,475,61,111,1,-1,-1,-1
428,21636,446,421,63,99,1,-1,-1,-1
428,21638,717,408,62,108,1,-1,-1,-1
428,21595,371,343,45,93,1,-1,-1,-1
428,21640,632,395,50,112,1,-1,-1,-1
428,21643,463,542,60,145,1,-1,-1,-1
428,21649,622,639,76,167,1,-1,-1,-1
428,21657,1204,488,52,112,1,-1,-1,-1
428,21668,1134,370,52,96,1,-1,-1,-1
428,21652,1446,382,56,94,1,-1,-1,-1
428,21674,1359,586,71,142,1,-1,-1,-1
428,21678,1334,462,63,117,1,-1,-1,-1
428,21679,1224,692,75,177,1,-1,-1,-1
428,21683,1519,439,66,120,1,-1,-1,-1
429,21476,-20,493,63,129,1,-1,-1,-1
429,21574,189,370,43,98,1,-1,-1,-1
429,21625,564,474,59,112,1,-1,-1,-1
429,21636,446,420,63,100,1,-1,-1,-1
429,21638,718,407,60,108,1,-1,-1,-1
429,21595,366,342,44,94,1,-1,-1,-1
429,21640,631,395,50,112,1,-1,-1,-1
429,21643,451,542,59,144,1,-1,-1,-1
429,21649,604,638,76,167,1,-1,-1,-1
429,21657,1203,486,51,112,1,-1,-1,-1
429,21668,1133,369,52,96,1,-1,-1,-1
429,21652,1443,381,56,94,1,-1,-1,-1
429,21674,1351,583,71,145,1,-1,-1,-1
429,21678,1331,462,63,115,1,-1,-1,-1
429,21679,1220,691,74,177,1,-1,-1,-1
429,21683,1520,438,66,120,1,-1,-1,-1
430,21476,-25,492,59,130,1,-1,-1,-1
430,21574,182,370,42,98,1,-1,-1,-1
430,21625,568,474,58,112,1,-1,-1,-1
430,21636,448,420,61,100,1,-1,-1,-1
430,21638,718,405,58,109,1,-1,-1,-1
430,21595,363,341,44,94,1,-1,-1,-1
430,21640,632,395,49,111,1,-1,-1,-1
430,21643,446,543,59,142,1,-1,-1,-1
430,21649,585,637,76,167,1,-1,-1,-1
430,21657,1203,484,51,112,1,-1,-1,-1
430,21668,1135,367,51,97,1,-1,-1,-1
430,21652,1441,378,55,95,1,-1,-1,-1
430,21674,1348,582,71,145,1,-1,-1,-1
430,21678,1328,461,64,114,1,-1,-1,-1
430,21679,1219,690,74,177,1,-1,-1,-1
430,21683,1521,437,66,120,1,-1,-1,-1
431,21574,176,371,40,96,1,-1,-1,-1
431,21625,572,473,57,113,1,-1,-1,-1
431,21636,450,419,60,101,1,-1,-1,-1
431,21638,721,404,56,109,1,-1,-1,-1
431,21595,361,339,44,94,1,-1,-1,-1
431,21640,632,395,50,111,1,-1,-1,-1
431,21643,436,546,58,141,1,-1,-1,-1
431,21649,567,636,75,167,1,-1,-1,-1
431,21657,1203,479,51,115,1,-1,-1,-1
431,21668,1136,367,51,97,1,-1,-1,-1
431,21652,1441,376,54,96,1,-1,-1,-1
431,21674,1349,581,70,145,1,-1,-1,-1
431,21678,1325,461,64,113,1,-1,-1,-1
431,21679,1221,689,73,176,1,-1,-1,-1
431,21683,1527,436,66,121,1,-1,-1,-1
432,21574,165,372,40,95,1,-1,-1,-1
432,21625,578,472,57,115,1,-1,-1,-1
432,21636,452,419,58,102,1,-1,-1,-1
432,21638,724,402,55,109,1,-1,-1,-1
432,21595,361,337,43,95,1,-1,-1,-1
432,21640,632,395,49,111,1,-1,-1,-1
432,21643,432,547,58,140,1,-1,-1,-1
432,21649,548,634,74,166,1,-1,-1,-1
432,21657,1204,477,51,116,1,-1,-1,-1
432,21668,1139,366,50,97,1,-1,-1,-1
432,21652,1440,372,54,98,1,-1,-1,-1
432,21674,1350,581,69,143,1,-1,-1,-1
432,21678,1327,460,65,113,1,-1,-1,-1
432,21679,1222,688,73,176,1,-1,-1,-1
432,21683,1536,435,67,123,1,-1,-1,-1
432,21689,1127,478,26,15,1,-1,-1,-1
432,21690,0,550,10,62,1,-1,-1,-1
433,21574,162,372,39,95,1,-1,-1,-1
433,21625,583,471,55,116,1,-1,-1,-1
433,21636,456,419,57,102,1,-1,-1,-1
433,21638,729,400,55,108,1,-1,-1,-1
433,21595,359,336,43,95,1,-1,-1,-1
433,21640,632,395,50,110,1,-1,-1,-1
433,21643,423,552,58,136,1,-1,-1,-1
433,21649,535,634,74,166,1,-1,-1,-1
433,21657,1206,474,51,117,1,-1,-1,-1
433,21668,1144,366,49,97,1,-1,-1,-1
433,21652,1442,370,54,99,1,-1,-1,-1
433,21674,1352,581,68,142,1,-1,-1,-1
433,21678,1333,459,65,114,1,-1,-1,-1
433,21679,1224,688,72,175,1,-1,-1,-1
433,21683,1543,433,68,125,1,-1,-1,-1
434,21574,158,371,40,95,1,-1,-1,-1
434,21625,591,471,54,114,1,-1,-1,-1
434,21636,463,421,57,100,1,-1,-1,-1
434,21638,732,399,56,107,1,-1,-1,-1
434,21595,358,334,42,95,1,-1,-1,-1
434,21640,633,395,50,110,1,-1,-1,-1
434,21643,420,553,58,134,1,-1,-1,-1
434,21649,523,633,75,166,1,-1,-1,-1
434,21657,1209,469,51,119,1,-1,-1,-1
434,21668,1148,365,48,97,1,-1,-1,-1
434,21652,1448,367,53,99,1,-1,-1,-1
434,21674,1353,582,67,140,1,-1,-1,-1
434,21678,1339,458,66,115,1,-1,-1,-1
434,21679,1227,686,72,174,1,-1,-1,-1
434,21683,1558,433,67,125,1,-1,-1,-1
435,21574,156,369,39,95,1,-1,-1,-1
435,21625,600,471,53,112,1,-1,-1,-1
435,21636,466,421,57,100,1,-1,-1,-1
435,21638,738,398,55,107,1,-1,-1,-1
435,21595,356,331,41,96,1,-1,-1,-1
435,21640,635,393,50,110,1,-1,-1,-1
435,21643,419,554,59,131,1,-1,-1,-1
435,21649,513,633,77,166,1,-1,-1,-1
435,21657,1213,467,51,119,1,-1,-1,-1
435,21668,1154,364,48,97,1,-1,-1,-1
435,21652,1452,365,52,99,1,-1,-1,-1
435,21674,1358,580,66,141,1,-1,-1,-1
435,21678,1346,457,66,116,1,-1,-1,-1
435,21679,1228,686,72,173,1,-1,-1,-1
435,21683,1575,432,68,125,1,-1,-1,-1
436,21574,152,367,40,95,1,-1,-1,-1
436,21625,611,472,51,110,1,-1,-1,-1
436,21636,471,421,57,100,1,-1,-1,-1
436,21638,745,397,55,107,1,-1,-1,-1
436,21595,356,330,41,96,1,-1,-1,-1
436,21640,637,392,50,110,1,-1,-1,-1
436,21643,419,554,60,130,1,-1,-1,-1
436,21649,502,632,79,166,1,-1,-1,-1
436,21657,1220,466,51,118,1,-1,-1,-1
436,21668,1162,362,49,98,1,-1,-1,-1
436,21652,1458,364,51,100,1,-1,-1,-1
436,21674,1364,579,66,141,1,-1,-1,-1
436,21678,1353,456,65,117,1,-1,-1,-1
436,21679,1232,685,73,174,1,-1,-1,-1
436,21683,1592,431,69,124,1,-1,-1,-1
437,21574,151,366,39,95,1,-1,-1,-1
437,21625,626,472,49,107,1,-1,-1,-1
437,21636,476,421,58,100,1,-1,-1,-1
437,21638,752,396,56,107,1,-1,-1,-1
437,21595,357,329,41,96,1,-1,-1,-1
437,21640,639,391,50,110,1,-1,-1,-1
437,21643,419,550,61,134,1,-1,-1,-1
437,21649,489,632,82,166,1,-1,-1,-1
437,21657,1230,464,50,119,1,-1,-1,-1
437,21668,1172,359,50,99,1,-1,-1,-1
437,21652,1465,363,51,100,1,-1,-1,-1
437,21674,1376,576,66,144,1,-1,-1,-1
437,21678,1361,455,64,117,1,-1,-1,-1
437,21679,1237,685,74,176,1,-1,-1,-1
437,21683,1602,431,69,123,1,-1,-1,-1
438,21574,150,363,39,96,1,-1,-1,-1
438,21625,634,472,49,107,1,-1,-1,-1
438,21636,482,420,57,99,1,-1,-1,-1
438,21638,759,395,55,107,1,-1,-1,-1
438,21595,359,327,41,97,1,-1,-1,-1
438,21640,641,389,49,110,1,-1,-1,-1
438,21643,419,548,62,136,1,-1,-1,-1
438,21649,483,633,85,165,1,-1,-1,-1
438,21657,1236,463,49,118,1,-1,-1,-1
438,21668,1177,357,52,100,1,-1,-1,-1
438,21652,1472,362,50,100,1,-1,-1,-1
438,21674,1382,575,64,145,1,-1,-1,-1
438,21678,1368,453,63,119,1,-1,-1,-1
438,21679,1243,684,75,178,1,-1,-1,-1
438,21683,1609,431,70,122,1,-1,-1,-1
439,21574,148,361,40,97,1,-1,-1,-1
439,21625,644,472,49,106,1,-1,-1,-1
439,21636,490,420,56,99,1,-1,-1,-1
439,21638,771,394,54,107,1,-1,-1,-1
439,21595,361,326,41,97,1,-1,-1,-1
439,21640,645,388,49,110,1,-1,-1,-1
439,21643,424,546,64,139,1,-1,-1,-1
439,21649,479,635,87,165,1,-1,-1,-1
439,21657,1242,460,49,118,1,-1,-1,-1
439,21668,1184,357,52,100,1,-1,-1,-1
439,21652,1482,360,50,101,1,-1,-1,-1
439,21674,1390,575,64,146,1,-1,-1,-1
439,21678,1376,452,62,120,1,-1,-1,-1
439,21679,1249,683,76,180,1,-1,-1,-1
439,21683,1615,431,70,122,1,-1,-1,-1
440,21574,147,358,40,98,1,-1,-1,-1
440,21625,655,471,51,106,1,-1,-1,-1
440,21636,495,418,56,100,1,-1,-1,-1
440,21638,777,393,53,107,1,-1,-1,-1
440,21595,363,324,41,99,1,-1,-1,-1
440,21640,649,386,49,109,1,-1,-1,-1
440,21643,427,545,64,141,1,-1,-1,-1
440,21649,475,639,90,164,1,-1,-1,-1
440,21657,1247,458,49,118,1,-1,-1,-1
440,21668,1189,356,53,100,1,-1,-1,-1
440,21652,1488,360,49,100,1,-1,-1,-1
440,21674,1400,576,64,146,1,-1,-1,-1
440,21678,1383,451,61,121,1,-1,-1,-1
440,21679,1255,682,78,183,1,-1,-1,-1
440,21683,1631,428,70,122,1,-1,-1,-1
441,21574,144,354,40,99,1,-1,-1,-1
441,21625,667,471,51,105,1,-1,-1,-1
441,21636,499,416,57,102,1,-1,-1,-1
441,21638,786,392,53,107,1,-1,-1,-1
441,21595,365,322,42,99,1,-1,-1,-1
441,21640,654,385,49,109,1,-1,-1,-1
441,21643,429,546,64,140,1,-1,-1,-1
441,21649,472,640,92,164,1,-1,-1,-1
441,21657,1254,454,48,117,1,-1,-1,-1
441,21668,1196,355,53,100,1,-1,-1,-1
441,21652,1496,358,49,100,1,-1,-1,-1
441,21674,1411,576,63,148,1,-1,-1,-1
441,21678,1391,450,59,122,1,-1,-1,-1
441,21679,1261,682,77,184,1,-1,-1,-1
441,21683,1639,427,69,122,1,-1,-1,-1
442,21574,144,353,40,99,1,-1,-1,-1
442,21625,678,470,53,105,1,-1,-1,-1
442,21636,505,413,58,105,1,-1,-1,-1
442,21638,795,390,53,107,1,-1,-1,-1
442,21595,367,321,43,99,1,-1,-1,-1
442,21640,659,383,48,108,1,-1,-1,-1
442,21643,433,548,63,136,1,-1,-1,-1
442,21649,467,638,92,164,1,-1,-1,-1
442,21657,1260,452,48,117,1,-1,-1,-1
442,21668,1206,353,52,100,1,-1,-1,-1
442,21652,1511,357,48,98,1,-1,-1,-1
442,21674,1418,577,64,148,1,-1,-1,-1
442,21678,1401,450,57,122,1,-1,-1,-1
442,21679,1267,681,77,184,1,-1,-1,-1
442,21683,1649,423,70,125,1,-1,-1,-1
443,21574,146,351,39,100,1,-1,-1,-1
443,21625,689,469,55,105,1,-1,-1,-1
443,21636,510,412,56,106,1,-1,-1,-1
443,21638,805,387,53,107,1,-1,-1,-1
443,21595,372,318,43,100,1,-1,-1,-1
443,21640,664,381,49,110,1,-1,-1,-1
443,21643,441,550,60,130,1,-1,-1,-1
443,21649,461,636,92,164,1,-1,-1,-1
443,21657,1270,449,48,117,1,-1,-1,-1
443,21668,1215,350,51,102,1,-1,-1,-1
443,21652,1518,355,48,99,1,-1,-1,-1
443,21674,1425,576,64,149,1,-1,-1,-1
443,21678,1412,451,56,122,1,-1,-1,-1
443,21679,1274,680,76,183,1,-1,-1,-1
443,21683,1665,417,71,129,1,-1,-1,-1
443,21700,797,591,28,19,1,-1,-1,-1
444,21574,149,350,39,99,1,-1,-1,-1
444,21625,705,469,57,104,1,-1,-1,-1
444,21636,515,411,56,106,1,-1,-1,-1
444,21638,814,385,54,107,1,-1,-1,-1
444,21595,377,315,43,101,1,-1,-1,-1
444,21640,670,379,50,112,1,-1,-1,-1
444,21643,447,552,56,120,1,-1,-1,-1
444,21649,453,631,90,164,1,-1,-1,-1
444,21657,1279,447,49,117,1,-1,-1,-1
444,21668,1225,345,52,104,1,-1,-1,-1
444,21652,1528,349,48,101,1,-1,-1,-1
444,21674,1435,576,64,148,1,-1,-1,-1
444,21678,1423,451,55,123,1,-1,-1,-1
444,21679,1284,679,75,182,1,-1,-1,-1
444,21683,1675,414,70,131,1,-1,-1,-1
445,21574,151,348,39,99,1,-1,-1,-1
445,21625,713,468,60,105,1,-1,-1,-1
445,21636,520,412,56,105,1,-1,-1,-1
445,21638,824,383,54,107,1,-1,-1,-1
445,21595,383,313,44,102,1,-1,-1,-1
445,21640,677,377,51,114,1,-1,-1,-1
445,21643,456,553,50,103,1,-1,-1,-1
445,21649,451,628,88,164,1,-1,-1,-1
445,21657,1289,445,49,117,1,-1,-1,-1
445,21668,1239,339,53,108,1,-1,-1,-1
445,21652,1533,346,48,103,1,-1,-1,-1
445,21674,1439,575,64,149,1,-1,-1,-1
445,21678,1434,451,55,123,1,-1,-1,-1
445,21679,1288,678,75,182,1,-1,-1,-1
445,21683,1692,410,70,132,1,-1,-1,-1
446,21574,153,346,39,100,1,-1,-1,-1
446,21625,723,468,62,104,1,-1,-1,-1
446,21636,526,412,55,105,1,-1,-1,-1
446,21638,834,381,54,107,1,-1,-1,-1
446,21595,391,309,44,102,1,-1,-1,-1
446,21640,683,375,52,116,1,-1,-1,-1
446,21643,459,552,48,96,1,-1,-1,-1
446,21649,449,624,88,164,1,-1,-1,-1
446,21657,1296,443,49,116,1,-1,-1,-1
446,21668,1246,336,53,109,1,-1,-1,-1
446,21652,1543,340,48,105,1,-1,-1,-1
446,21674,1445,573,65,151,1,-1,-1,-1
446,21678,1445,452,55,123,1,-1,-1,-1
446,21679,1294,676,73,181,1,-1,-1,-1
446,21683,1703,409,69,132,1,-1,-1,-1
447,21574,158,344,38,98,1,-1,-1,-1
447,21625,735,467,64,105,1,-1,-1,-1
447,21636,533,413,55,103,1,-1,-1,-1
447,21638,843,379,56,107,1,-1,-1,-1
447,21595,396,307,44,103,1,-1,-1,-1
447,21640,689,372,54,119,1,-1,-1,-1
447,21643,459,550,48,94,1,-1,-1,-1
447,21649,449,620,87,165,1,-1,-1,-1
447,21657,1301,440,50,116,1,-1,-1,-1
447,21668,1254,334,52,109,1,-1,-1,-1
447,21652,1550,337,48,106,1,-1,-1,-1
447,21674,1453,570,64,152,1,-1,-1,-1
447,21678,1455,452,56,124,1,-1,-1,-1
447,21679,1299,674,73,182,1,-1,-1,-1
447,21683,1717,408,69,131,1,-1,-1,-1
448,21574,159,343,39,98,1,-1,-1,-1
448,21625,746,466,66,105,1,-1,-1,-1
448,21636,537,413,55,103,1,-1,-1,-1
448,21638,850,376,57,108,1,-1,-1,-1
448,21595,402,305,44,103,1,-1,-1,-1
448,21640,697,370,56,122,1,-1,-1,-1
448,21643,458,548,49,90,1,-1,-1,-1
448,21649,449,616,86,165,1,-1,-1,-1
448,21657,1306,437,50,115,1,-1,-1,-1
448,21668,1263,331,51,109,1,-1,-1,-1
448,21652,1556,334,48,107,1,-1,-1,-1
448,21674,1463,566,65,155,1,-1,-1,-1
448,21678,1471,452,56,124,1,-1,-1,-1
448,21679,1305,672,73,183,1,-1,-1,-1
448,21683,1725,408,69,130,1,-1,-1,-1
449,21574,161,340,39,98,1,-1,-1,-1
449,21625,758,466,67,105,1,-1,-1,-1
449,21636,543,413,54,103,1,-1,-1,-1
449,21638,857,373,56,108,1,-1,-1,-1
449,21595,408,302,44,104,1,-1,-1,-1
449,21640,701,368,57,123,1,-1,-1,-1
449,21643,455,545,53,96,1,-1,-1,-1
449,21649,448,611,86,166,1,-1,-1,-1
449,21657,1312,433,50,115,1,-1,-1,-1
449,21668,1268,331,52,109,1,-1,-1,-1
449,21652,1563,332,47,106,1,-1,-1,-1
449,21674,1469,565,64,155,1,-1,-1,-1
449,21678,1478,452,57,124,1,-1,-1,-1
449,21679,1311,670,73,183,1,-1,-1,-1
449,21683,1732,408,68,130,1,-1,-1,-1
449,21705,647,585,28,19,1,-1,-1,-1
449,21690,1,504,20,114,1,-1,-1,-1
450,21574,163,337,41,98,1,-1,-1,-1
450,21625,770,465,69,105,1,-1,-1,-1
450,21636,549,413,54,103,1,-1,-1,-1
450,21638,862,370,57,109,1,-1,-1,-1
450,21595,414,300,45,104,1,-1,-1,-1
450,21640,705,367,58,123,1,-1,-1,-1
450,21643,448,539,60,113,1,-1,-1,-1
450,21649,447,607,87,165,1,-1,-1,-1
450,21657,1316,430,50,115,1,-1,-1,-1
450,21668,1276,329,53,109,1,-1,-1,-1
450,21652,1567,331,48,105,1,-1,-1,-1
450,21674,1477,563,64,155,1,-1,-1,-1
450,21678,1484,448,58,127,1,-1,-1,-1
450,21679,1316,668,73,184,1,-1,-1,-1
450,21683,1741,407,68,130,1,-1,-1,-1
450,21690,2,501,20,117,1,-1,-1,-1
451,21574,165,334,41,99,1,-1,-1,-1
451,21625,787,464,70,105,1,-1,-1,-1
451,21636,557,413,54,103,1,-1,-1,-1
451,21638,868,366,57,110,1,-1,-1,-1
451,21595,420,298,45,104,1,-1,-1,-1
451,21640,710,365,58,124,1,-1,-1,-1
451,21643,442,536,65,122,1,-1,-1,-1
451,21649,451,601,87,165,1,-1,-1,-1
451,21657,1321,427,50,115,1,-1,-1,-1
451,21668,1280,329,53,109,1,-1,-1,-1
451,21652,1570,330,48,104,1,-1,-1,-1
451,21674,1486,561,63,155,1,-1,-1,-1
451,21678,1490,444,61,129,1,-1,-1,-1
451,21679,1321,666,73,185,1,-1,-1,-1
451,21683,1745,406,67,129,1,-1,-1,-1
451,21690,2,498,21,118,1,-1,-1,-1
452,21574,167,331,42,99,1,-1,-1,-1
452,21625,796,463,71,105,1,-1,-1,-1
452,21636,564,411,54,104,1,-1,-1,-1
452,21638,875,363,57,110,1,-1,-1,-1
452,21595,427,297,45,103,1,-1,-1,-1
452,21640,714,364,59,124,1,-1,-1,-1
452,21643,435,531,68,131,1,-1,-1,-1
452,21649,457,596,86,164,1,-1,-1,-1
452,21657,1328,421,51,117,1,-1,-1,-1
452,21668,1284,327,54,108,1,-1,-1,-1
452,21652,1574,329,49,102,1,-1,-1,-1
452,21674,1495,558,63,155,1,-1,-1,-1
452,21678,1496,439,62,132,1,-1,-1,-1
452,21679,1329,662,73,186,1,-1,-1,-1
452,21683,1748,401,68,131,1,-1,-1,-1
452,21690,3,493,23,121,1,-1,-1,-1
453,21574,168,328,43,99,1,-1,-1,-1
453,21625,804,460,73,107,1,-1,-1,-1
453,21636,571,408,54,105,1,-1,-1,-1
453,21638,881,360,57,111,1,-1,-1,-1
453,21595,436,294,46,103,1,-1,-1,-1
453,21640,719,363,59,123,1,-1,-1,-1
453,21643,431,529,69,133,1,-1,-1,-1
453,21649,464,590,85,162,1,-1,-1,-1
453,21657,1331,418,51,118,1,-1,-1,-1
453,21668,1290,323,54,108,1,-1,-1,-1
453,21652,1576,327,50,102,1,-1,-1,-1
453,21674,1505,556,63,155,1,-1,-1,-1
453,21678,1502,434,64,135,1,-1,-1,-1
453,21679,1333,661,74,186,1,-1,-1,-1
453,21683,1750,399,67,131,1,-1,-1,-1
453,21690,4,491,24,121,1,-1,-1,-1
454,21574,170,325,43,99,1,-1,-1,-1
454,21625,813,458,74,108,1,-1,-1,-1
454,21636,580,405,54,106,1,-1,-1,-1
454,21638,889,356,56,112,1,-1,-1,-1
454,21595,439,292,48,103,1,-1,-1,-1
454,21640,725,360,60,123,1,-1,-1,-1
454,21643,427,527,71,133,1,-1,-1,-1
454,21649,471,584,84,160,1,-1,-1,-1
454,21657,1335,413,51,120,1,-1,-1,-1
454,21668,1294,321,55,108,1,-1,-1,-1
454,21652,1580,322,51,103,1,-1,-1,-1
454,21674,1511,554,63,155,1,-1,-1,-1
454,21678,1512,427,66,139,1,-1,-1,-1
454,21679,1339,657,74,186,1,-1,-1,-1
454,21683,1755,393,66,130,1,-1,-1,-1
454,21690,5,488,26,121,1,-1,-1,-1
455,21574,172,321,45,99,1,-1,-1,-1
455,21625,822,455,74,109,1,-1,-1,-1
455,21636,588,401,56,108,1,-1,-1,-1
455,21638,895,354,56,112,1,-1,-1,-1
455,21595,446,290,48,104,1,-1,-1,-1
455,21640,731,357,61,124,1,-1,-1,-1
455,21643,426,525,73,133,1,-1,-1,-1
455,21649,480,576,83,158,1,-1,-1,-1
455,21657,1342,405,50,122,1,-1,-1,-1
455,21668,1301,317,54,108,1,-1,-1,-1
455,21652,1581,320,52,103,1,-1,-1,-1
455,21674,1517,552,64,156,1,-1,-1,-1
455,21678,1517,424,67,141,1,-1,-1,-1
455,21679,1346,653,72,186,1,-1,-1,-1
455,21683,1758,390,64,130,1,-1,-1,-1
455,21690,6,484,28,121,1,-1,-1,-1
455,21710,528,573,28,19,1,-1,-1,-1
456,21574,174,319,46,99,1,-1,-1,-1
456,21625,830,451,76,111,1,-1,-1,-1
456,21636,597,400,55,108,1,-1,-1,-1
456,21638,903,353,55,111,1,-1,-1,-1
456,21595,453,288,48,103,1,-1,-1,-1
456,21640,738,353,61,125,1,-1,-1,-1
456,21643,427,524,75,130,1,-1,-1,-1
456,21649,486,571,83,157,1,-1,-1,-1
456,21657,1346,401,51,123,1,-1,-1,-1
456,21668,1303,316,54,107,1,-1,-1,-1
456,21652,1583,316,53,104,1,-1,-1,-1
456,21674,1521,549,65,157,1,-1,-1,-1
456,21678,1526,424,67,141,1,-1,-1,-1
456,21679,1354,649,72,184,1,-1,-1,-1
456,21683,1761,383,63,131,1,-1,-1,-1
456,21690,7,481,30,124,1,-1,-1,-1
456,21710,521,568,28,19,1,-1,-1,-1
457,21574,178,317,47,99,1,-1,-1,-1
457,21625,840,447,76,114,1,-1,-1,-1
457,21636,605,399,56,109,1,-1,-1,-1
457,21638,911,352,55,111,1,-1,-1,-1
457,21595,460,285,49,103,1,-1,-1,-1
457,21640,744,350,61,124,1,-1,-1,-1
457,21643,427,521,78,131,1,-1,-1,-1
457,21649,494,567,82,154,1,-1,-1,-1
457,21657,1351,397,50,124,1,-1,-1,-1
457,21668,1309,314,53,105,1,-1,-1,-1
457,21652,1587,311,53,105,1,-1,-1,-1
457,21674,1529,545,67,158,1,-1,-1,-1
457,21678,1537,426,67,140,1,-1,-1,-1
457,21679,1361,646,71,185,1,-1,-1,-1
457,21683,1764,380,62,131,1,-1,-1,-1
457,21690,8,479,33,127,1,-1,-1,-1
457,21710,513,561,28,19,1,-1,-1,-1
458,21574,181,316,48,98,1,-1,-1,-1
458,21625,850,447,75,114,1,-1,-1,-1
458,21636,617,400,57,109,1,-1,-1,-1
458,21638,919,351,56,111,1,-1,-1,-1
458,21595,467,282,49,103,1,-1,-1,-1
458,21640,752,346,61,125,1,-1,-1,-1
458,21643,427,513,81,136,1,-1,-1,-1
458,21649,503,562,81,151,1,-1,-1,-1
458,21657,1357,394,49,124,1,-1,-1,-1
458,21668,1318,310,51,105,1,-1,-1,-1
458,21652,1589,308,53,106,1,-1,-1,-1
458,21674,1532,544,68,158,1,-1,-1,-1
458,21678,1549,427,67,141,1,-1,-1,-1
458,21679,1368,644,71,184,1,-1,-1,-1
458,21683,1771,375,60,131,1,-1,-1,-1
458,21690,9,476,37,131,1,-1,-1,-1
459,21574,185,314,49,98,1,-1,-1,-1
459,21625,858,448,75,114,1,-1,-1,-1
459,21636,622,400,59,110,1,-1,-1,-1
459,21638,932,349,56,111,1,-1,-1,-1
459,21595,475,279,49,103,1,-1,-1,-1
459,21640,759,345,60,124,1,-1,-1,-1
459,21643,425,509,84,138,1,-1,-1,-1
459,21649,512,557,82,148,1,-1,-1,-1
459,21657,1363,390,50,125,1,-1,-1,-1
459,21668,1328,308,50,104,1,-1,-1,-1
459,21652,1591,307,53,106,1,-1,-1,-1
459,21674,1538,543,67,158,1,-1,-1,-1
459,21678,1561,429,67,139,1,-1,-1,-1
459,21679,1376,642,70,184,1,-1,-1,-1
459,21683,1773,374,61,130,1,-1,-1,-1
459,21690,10,475,40,133,1,-1,-1,-1
460,21574,188,313,50,97,1,-1,-1,-1
460,21625,867,450,74,114,1,-1,-1,-1
460,21636,631,403,59,108,1,-1,-1,-1
460,21638,937,349,57,110,1,-1,-1,-1
460,21595,485,275,48,103,1,-1,-1,-1
460,21640,767,345,60,122,1,-1,-1,-1
460,21643,424,500,85,144,1,-1,-1,-1
460,21649,520,552,82,145,1,-1,-1,-1
460,21657,1368,388,50,125,1,-1,-1,-1
460,21668,1334,306,50,104,1,-1,-1,-1
460,21652,1595,304,53,107,1,-1,-1,-1
460,21674,1544,542,68,157,1,-1,-1,-1
460,21678,1572,431,67,138,1,-1,-1,-1
460,21679,1384,639,71,184,1,-1,-1,-1
460,21683,1779,371,61,130,1,-1,-1,-1
460,21690,12,474,43,133,1,-1,-1,-1
461,21574,192,312,52,97,1,-1,-1,-1
461,21625,875,451,74,115,1,-1,-1,-1
461,21636,644,406,59,106,1,-1,-1,-1
461,21638,944,349,58,110,1,-1,-1,-1
461,21595,491,274,48,102,1,-1,-1,-1
461,21640,775,345,59,121,1,-1,-1,-1
461,21643,423,497,86,147,1,-1,-1,-1
461,21649,529,546,83,143,1,-1,-1,-1
461,21657,1374,388,49,124,1,-1,-1,-1
461,21668,1340,304,50,105,1,-1,-1,-1
461,21652,1597,304,52,106,1,-1,-1,-1
461,21674,1555,541,67,157,1,-1,-1,-1
461,21678,1590,434,67,137,1,-1,-1,-1
461,21679,1390,638,70,183,1,-1,-1,-1
461,21683,1783,370,60,131,1,-1,-1,-1
461,21690,13,473,46,133,1,-1,-1,-1
462,21574,195,310,54,97,1,-1,-1,-1
462,21625,883,453,74,114,1,-1,-1,-1
462,21636,649,408,61,104,1,-1,-1,-1
462,21638,952,348,58,111,1,-1,-1,-1
462,21595,499,273,48,102,1,-1,-1,-1
462,21640,784,345,58,120,1,-1,-1,-1
462,21643,420,496,88,153,1,-1,-1,-1
462,21649,540,540,83,139,1,-1,-1,-1
462,21657,1379,388,49,122,1,-1,-1,-1
462,21668,1350,302,48,106,1,-1,-1,-1
462,21652,1598,302,52,106,1,-1,-1,-1
462,21674,1561,540,66,156,1,-1,-1,-1
462,21678,1597,435,67,136,1,-1,-1,-1
462,21679,1396,637,69,182,1,-1,-1,-1
462,21683,1786,369,61,130,1,-1,-1,-1
462,21690,16,472,49,133,1,-1,-1,-1
463,21574,199,308,55,97,1,-1,-1,-1
463,21625,892,455,73,114,1,-1,-1,-1
463,21636,654,410,62,103,1,-1,-1,-1
463,21638,960,348,58,111,1,-1,-1,-1
463,21595,508,273,47,101,1,-1,-1,-1
463,21640,792,345,57,119,1,-1,-1,-1
463,21643,420,497,89,154,1,-1,-1,-1
463,21649,545,535,85,139,1,-1,-1,-1
463,21657,1385,388,49,120,1,-1,-1,-1
463,21668,1355,302,47,106,1,-1,-1,-1
463,21652,1600,300,50,105,1,-1,-1,-1
463,21674,1567,539,66,156,1,-1,-1,-1
463,21678,1607,435,67,137,1,-1,-1,-1
463,21679,1401,636,69,181,1,-1,-1,-1
463,21683,1787,366,63,132,1,-1,-1,-1
463,21690,22,469,51,134,1,-1,-1,-1
464,21574,203,308,55,96,1,-1,-1,-1
464,21625,901,457,73,114,1,-1,-1,-1
464,21636,662,411,63,102,1,-1,-1,-1
464,21638,968,347,58,111,1,-1,-1,-1
464,21595,517,272,47,102,1,-1,-1,-1
464,21640,803,345,57,118,1,-1,-1,-1
464,21643,429,504,85,148,1,-1,-1,-1
464,21649,549,530,89,141,1,-1,-1,-1
464,21657,1390,387,49,120,1,-1,-1,-1
464,21668,1362,301,46,106,1,-1,-1,-1
464,21652,1602,299,49,106,1,-1,-1,-1
464,21674,1575,539,65,155,1,-1,-1,-1
464,21678,1615,435,68,138,1,-1,-1,-1
464,21679,1406,636,68,180,1,-1,-1,-1
464,21683,1790,367,63,129,1,-1,-1,-1
464,21690,26,469,54,133,1,-1,-1,-1
465,21574,206,308,57,96,1,-1,-1,-1
465,21625,909,459,73,114,1,-1,-1,-1
465,21636,666,412,64,102,1,-1,-1,-1
465,21638,976,347,58,112,1,-1,-1,-1
465,21595,531,273,46,100,1,-1,-1,-1
465,21640,810,345,56,117,1,-1,-1,-1
465,21643,432,506,84,146,1,-1,-1,-1
465,21649,553,525,92,144,1,-1,-1,-1
465,21657,1394,386,49,121,1,-1,-1,-1
465,21668,1366,301,46,106,1,-1,-1,-1
465,21652,1605,301,48,104,1,-1,-1,-1
465,21674,1585,537,64,156,1,-1,-1,-1
465,21678,1624,435,67,139,1,-1,-1,-1
465,21679,1410,635,69,180,1,-1,-1,-1
465,21683,1791,367,63,128,1,-1,-1,-1
465,21690,42,467,55,132,1,-1,-1,-1
466,21574,210,308,57,96,1,-1,-1,-1
466,21625,919,461,73,114,1,-1,-1,-1
466,21636,670,415,64,103,1,-1,-1,-1
466,21638,987,346,57,112,1,-1,-1,-1
466,21595,536,273,46,100,1,-1,-1,-1
466,21640,817,345,57,117,1,-1,-1,-1
466,21643,434,506,84,145,1,-1,-1,-1
466,21649,561,516,94,148,1,-1,-1,-1
466,21657,1398,384,50,121,1,-1,-1,-1
466,21668,1373,301,44,106,1,-1,-1,-1
466,21652,1608,304,48,101,1,-1,-1,-1
466,21674,1592,537,63,155,1,-1,-1,-1
466,21678,1633,435,67,139,1,-1,-1,-1
466,21679,1416,634,68,179,1,-1,-1,-1
466,21683,1797,367,64,130,1,-1,-1,-1
466,21690,48,466,57,133,1,-1,-1,-1
467,21574,217,308,57,95,1,-1,-1,-1
467,21625,926,462,72,114,1,-1,-1,-1
467,21636,676,417,66,105,1,-1,-1,-1
467,21638,994,347,57,112,1,-1,-1,-1
467,21595,546,273,45,100,1,-1,-1,-1
467,21640,826,345,56,118,1,-1,-1,-1
467,21643,435,505,85,144,1,-1,-1,-1
467,21649,563,512,96,150,1,-1,-1,-1
467,21657,1402,384,50,121,1,-1,-1,-1
467,21668,1382,302,43,106,1,-1,-1,-1
467,21652,1612,305,49,100,1,-1,-1,-1
467,21674,1600,538,62,155,1,-1,-1,-1
467,21678,1642,435,67,140,1,-1,-1,-1
467,21679,1420,633,68,178,1,-1,-1,-1
467,21683,1801,368,65,129,1,-1,-1,-1
467,21690,66,465,58,133,1,-1,-1,-1
468,21574,220,308,57,95,1,-1,-1,-1
468,21625,933,462,72,115,1,-1,-1,-1
468,21636,678,418,67,105,1,-1,-1,-1
468,21638,1003,350,57,110,1,-1,-1,-1
468,21595,558,274,44,99,1,-1,-1,-1
468,21640,834,345,56,118,1,-1,-1,-1
468,21643,441,505,84,142,1,-1,-1,-1
468,21649,568,509,96,150,1,-1,-1,-1
468,21657,1405,384,51,121,1,-1,-1,-1
468,21668,1388,303,42,106,1,-1,-1,-1
468,21652,1620,306,50,100,1,-1,-1,-1
468,21674,1609,538,61,155,1,-1,-1,-1
468,21678,1652,434,65,142,1,-1,-1,-1
468,21679,1426,633,68,178,1,-1,-1,-1
468,21683,1808,367,64,129,1,-1,-1,-1
468,21690,90,463,58,133,1,-1,-1,-1
468,21711,0,155,22,63,1,-1,-1,-1
469,21574,227,309,57,94,1,-1,-1,-1
469,21625,940,463,72,116,1,-1,-1,-1
469,21636,681,418,67,105,1,-1,-1,-1
469,21638,1013,353,56,109,1,-1,-1,-1
469,21595,570,276,44,97,1,-1,-1,-1
469,21640,843,345,56,118,1,-1,-1,-1
469,21643,454,505,82,136,1,-1,-1,-1
469,21649,574,507,95,148,1,-1,-1,-1
469,21657,1411,384,52,121,1,-1,-1,-1
469,21668,1396,304,41,106,1,-1,-1,-1
469,21652,1622,307,51,100,1,-1,-1,-1
469,21674,1621,539,60,155,1,-1,-1,-1
469,21678,1663,434,65,143,1,-1,-1,-1
469,21679,1432,633,69,178,1,-1,-1,-1
469,21683,1812,368,63,128,1,-1,-1,-1
469,21690,106,464,58,131,1,-1,-1,-1
469,21711,10,155,23,64,1,-1,-1,-1
470,21574,235,310,57,94,1,-1,-1,-1
470,21625,947,464,72,117,1,-1,-1,-1
470,21636,686,417,66,104,1,-1,-1,-1
470,21638,1022,357,56,107,1,-1,-1,-1
470,21595,582,277,44,96,1,-1,-1,-1
470,21640,856,345,56,118,1,-1,-1,-1
470,21643,461,504,83,134,1,-1,-1,-1
470,21649,580,504,94,146,1,-1,-1,-1
470,21657,1414,384,52,122,1,-1,-1,-1
470,21668,1404,306,41,106,1,-1,-1,-1
470,21652,1627,307,51,100,1,-1,-1,-1
470,21674,1628,539,59,156,1,-1,-1,-1
470,21678,1672,436,63,143,1,-1,-1,-1
470,21679,1438,634,68,178,1,-1,-1,-1
470,21683,1815,369,62,127,1,-1,-1,-1
470,21690,126,467,56,128,1,-1,-1,-1
470,21711,24,156,22,64,1,-1,-1,-1
471,21574,243,311,57,95,1,-1,-1,-1
471,21625,954,465,72,117,1,-1,-1,-1
471,21636,687,418,67,104,1,-1,-1,-1
471,21638,1032,361,56,105,1,-1,-1,-1
471,21595,596,278,43,95,1,-1,-1,-1
471,21640,862,345,56,118,1,-1,-1,-1
471,21643,471,501,83,133,1,-1,-1,-1
471,21649,587,502,92,143,1,-1,-1,-1
471,21657,1419,386,53,120,1,-1,-1,-1
471,21668,1413,308,39,105,1,-1,-1,-1
471,21652,1632,307,52,100,1,-1,-1,-1
471,21674,1636,539,58,156,1,-1,-1,-1
471,21678,1681,438,62,142,1,-1,-1,-1
471,21679,1445,635,68,178,1,-1,-1,-1
471,21683,1818,370,60,127,1,-1,-1,-1
471,21690,137,468,56,126,1,-1,-1,-1
471,21711,37,157,23,64,1,-1,-1,-1
472,21574,252,312,56,95,1,-1,-1,-1
472,21625,962,466,71,117,1,-1,-1,-1
472,21636,687,418,68,105,1,-1,-1,-1
472,21638,1039,363,57,106,1,-1,-1,-1
472,21595,605,279,44,95,1,-1,-1,-1
472,21640,871,348,55,116,1,-1,-1,-1
472,21643,479,499,85,134,1,-1,-1,-1
472,21649,593,499,92,141,1,-1,-1,-1
472,21657,1425,388,53,119,1,-1,-1,-1
472,21668,1421,309,39,105,1,-1,-1,-1
472,21652,1636,307,52,101,1,-1,-1,-1
472,21674,1643,539,57,156,1,-1,-1,-1
472,21678,1690,440,61,143,1,-1,-1,-1
472,21679,1452,636,68,178,1,-1,-1,-1
472,21683,1819,371,59,126,1,-1,-1,-1
472,21690,159,471,56,124,1,-1,-1,-1
472,21711,50,157,23,66,1,-1,-1,-1
473,21574,262,313,55,95,1,-1,-1,-1
473,21625,970,466,70,119,1,-1,-1,-1
473,21636,688,418,69,108,1,-1,-1,-1
473,21638,1045,366,57,104,1,-1,-1,-1
473,21595,615,280,43,96,1,-1,-1,-1
473,21640,881,352,54,114,1,-1,-1,-1
473,21643,495,495,86,134,1,-1,-1,-1
473,21649,600,497,91,138,1,-1,-1,-1
473,21657,1432,391,54,118,1,-1,-1,-1
473,21668,1430,310,39,104,1,-1,-1,-1
473,21652,1643,309,51,101,1,-1,-1,-1
473,21674,1656,540,56,157,1,-1,-1,-1
473,21678,1705,445,60,142,1,-1,-1,-1
473,21679,1458,637,68,178,1,-1,-1,-1
473,21683,1819,370,58,127,1,-1,-1,-1
473,21690,171,471,57,123,1,-1,-1,-1
473,21711,71,158,24,68,1,-1,-1,-1
474,21574,269,314,54,95,1,-1,-1,-1
474,21625,977,467,70,120,1,-1,-1,-1
474,21636,688,419,71,111,1,-1,-1,-1
474,21638,1051,368,57,104,1,-1,-1,-1
474,21595,624,281,43,96,1,-1,-1,-1
474,21640,898,358,53,112,1,-1,-1,-1
474,21643,506,495,87,133,1,-1,-1,-1
474,21649,604,496,90,138,1,-1,-1,-1
474,21657,1436,392,56,119,1,-1,-1,-1
474,21668,1438,312,38,103,1,-1,-1,-1
474,21652,1646,309,49,102,1,-1,-1,-1
474,21674,1661,540,55,156,1,-1,-1,-1
474,21678,1711,447,59,141,1,-1,-1,-1
474,21679,1468,638,68,178,1,-1,-1,-1
474,21683,1831,373,56,125,1,-1,-1,-1
474,21690,184,471,58,123,1,-1,-1,-1
474,21711,78,159,25,68,1,-1,-1,-1
475,21574,275,316,54,95,1,-1,-1,-1
475,21625,985,468,68,120,1,-1,-1,-1
475,21636,689,421,71,112,1,-1,-1,-1
475,21638,1056,370,58,103,1,-1,-1,-1
475,21595,633,282,43,97,1,-1,-1,-1
475,21640,904,360,54,111,1,-1,-1,-1
475,21643,522,497,87,130,1,-1,-1,-1
475,21649,606,496,91,137,1,-1,-1,-1
475,21657,1444,395,58,118,1,-1,-1,-1
475,21668,1445,314,39,103,1,-1,-1,-1
475,21652,1650,311,49,102,1,-1,-1,-1
475,21674,1668,542,55,156,1,-1,-1,-1
475,21678,1719,450,58,142,1,-1,-1,-1
475,21679,1473,639,68,178,1,-1,-1,-1
475,21683,1836,376,57,128,1,-1,-1,-1
475,21690,200,469,59,125,1,-1,-1,-1
475,21711,88,161,26,68,1,-1,-1,-1
476,21574,280,318,54,95,1,-1,-1,-1
476,21625,993,468,68,121,1,-1,-1,-1
476,21636,691,424,70,112,1,-1,-1,-1
476,21638,1062,373,57,103,1,-1,-1,-1
476,21595,645,283,44,98,1,-1,-1,-1
476,21640,912,362,54,111,1,-1,-1,-1
476,21643,529,498,88,129,1,-1,-1,-1
476,21649,610,496,90,137,1,-1,-1,-1
476,21657,1448,396,58,118,1,-1,-1,-1
476,21668,1450,316,40,102,1,-1,-1,-1
476,21652,1658,315,47,102,1,-1,-1,-1
476,21674,1678,545,54,156,1,-1,-1,-1
476,21678,1728,454,56,140,1,-1,-1,-1
476,21679,1480,641,67,177,1,-1,-1,-1
476,21683,1838,377,56,129,1,-1,-1,-1
476,21690,210,469,60,125,1,-1,-1,-1
476,21711,100,164,26,68,1,-1,-1,-1
477,21574,286,321,54,94,1,-1,-1,-1
477,21625,998,470,67,121,1,-1,-1,-1
477,21636,694,431,68,113,1,-1,-1,-1
477,21638,1070,376,57,102,1,-1,-1,-1
477,21595,652,284,44,97,1,-1,-1,-1
477,21640,920,364,55,112,1,-1,-1,-1
477,21643,536,499,89,131,1,-1,-1,-1
477,21649,613,496,90,138,1,-1,-1,-1
477,21657,1452,398,60,118,1,-1,-1,-1
477,21668,1456,318,41,101,1,-1,-1,-1
477,21652,1660,317,47,102,1,-1,-1,-1
477,21674,1688,548,53,156,1,-1,-1,-1
477,21678,1737,457,57,141,1,-1,-1,-1
477,21679,1487,643,67,177,1,-1,-1,-1
477,21683,1843,381,58,129,1,-1,-1,-1
477,21690,220,468,59,125,1,-1,-1,-1
477,21711,113,167,26,69,1,-1,-1,-1
478,21574,293,324,55,94,1,-1,-1,-1
478,21625,1004,473,65,121,1,-1,-1,-1
478,21636,695,434,67,112,1,-1,-1,-1
478,21638,1074,377,57,102,1,-1,-1,-1
478,21595,660,286,43,98,1,-1,-1,-1
478,21640,928,365,56,114,1,-1,-1,-1
478,21643,539,500,89,131,1,-1,-1,-1
478,21649,616,496,89,138,1,-1,-1,-1
478,21657,1460,400,59,118,1,-1,-1,-1
478,21668,1461,321,42,100,1,-1,-1,-1
478,21652,1665,319,46,102,1,-1,-1,-1
478,21674,1697,551,54,156,1,-1,-1,-1
478,21678,1746,461,56,140,1,-1,-1,-1
478,21679,1495,646,67,176,1,-1,-1,-1
478,21683,1850,386,58,127,1,-1,-1,-1
478,21690,232,468,59,124,1,-1,-1,-1
478,21711,125,171,27,69,1,-1,-1,-1
479,21574,296,325,54,95,1,-1,-1,-1
479,21625,1008,475,65,121,1,-1,-1,-1
479,21636,696,436,67,112,1,-1,-1,-1
479,21638,1078,381,57,101,1,-1,-1,-1
479,21595,667,289,44,97,1,-1,-1,-1
479,21640,936,367,57,115,1,-1,-1,-1
479,21643,543,501,89,132,1,-1,-1,-1
479,21649,620,496,88,138,1,-1,-1,-1
479,21657,1463,403,59,118,1,-1,-1,-1
479,21668,1468,325,43,101,1,-1,-1,-1
479,21652,1669,322,47,102,1,-1,-1,-1
479,21674,1709,555,53,156,1,-1,-1,-1
479,21678,1755,465,56,140,1,-1,-1,-1
479,21679,1503,649,66,176,1,-1,-1,-1
479,21683,1854,388,59,126,1,-1,-1,-1
479,21690,239,470,59,123,1,-1,-1,-1
479,21711,140,175,28,69,1,-1,-1,-1
480,21574,296,326,55,95,1,-1,-1,-1
480,21625,1012,479,65,120,1,-1,-1,-1
480,21636,697,437,66,114,1,-1,-1,-1
480,21638,1083,384,57,102,1,-1,-1,-1
480,21595,675,292,44,96,1,-1,-1,-1
480,21640,948,370,58,117,1,-1,-1,-1
480,21643,549,502,89,132,1,-1,-1,-1
480,21649,624,496,86,136,1,-1,-1,-1
480,21657,1464,404,59,120,1,-1,-1,-1
480,21668,1474,329,45,100,1,-1,-1,-1
480,21652,1676,327,48,102,1,-1,-1,-1
480,21674,1716,557,54,156,1,-1,-1,-1
480,21678,1769,472,56,140,1,-1,-1,-1
480,21679,1510,652,67,175,1,-1,-1,-1
480,21683,1861,391,58,126,1,-1,-1,-1
480,21690,246,471,58,123,1,-1,-1,-1
480,21711,149,177,27,69,1,-1,-1,-1
481,21574,297,328,53,96,1,-1,-1,-1
481,21625,1017,481,64,119,1,-1,-1,-1
481,21636,698,438,66,115,1,-1,-1,-1
481,21638,1087,388,57,101,1,-1,-1,-1
481,21595,685,295,43,96,1,-1,-1,-1
481,21640,954,371,58,118,1,-1,-1,-1
481,21643,557,503,89,132,1,-1,-1,-1
481,21649,629,497,84,133,1,-1,-1,-1
481,21657,1466,406,59,121,1,-1,-1,-1
481,21668,1477,330,45,100,1,-1,-1,-1
481,21652,1679,329,49,101,1,-1,-1,-1
481,21674,1724,559,53,157,1,-1,-1,-1
481,21678,1775,474,56,140,1,-1,-1,-1
481,21679,1521,656,67,174,1,-1,-1,-1
481,21683,1866,393,57,125,1,-1,-1,-1
481,21690,254,473,58,123,1,-1,-1,-1
481,21711,156,179,28,68,1,-1,-1,-1
482,21574,298,329,52,96,1,-1,-1,-1
482,21625,1021,484,64,119,1,-1,-1,-1
482,21636,699,439,64,115,1,-1,-1,-1
482,21638,1093,392,57,102,1,-1,-1,-1
482,21595,690,297,44,95,1,-1,-1,-1
482,21640,963,372,58,118,1,-1,-1,-1
482,21643,570,504,91,132,1,-1,-1,-1
482,21649,634,498,82,130,1,-1,-1,-1
482,21657,1470,408,57,120,1,-1,-1,-1
482,21668,1485,332,46,100,1,-1,-1,-1
482,21652,1683,331,50,101,1,-1,-1,-1
482,21674,1731,560,54,157,1,-1,-1,-1
482,21678,1782,476,57,141,1,-1,-1,-1
482,21679,1527,658,67,174,1,-1,-1,-1
482,21683,1870,395,55,123,1,-1,-1,-1
482,21690,261,474,58,124,1,-1,-1,-1
482,21711,163,181,28,68,1,-1,-1,-1
483,21574,302,332,51,96,1,-1,-1,-1
483,21625,1025,487,64,118,1,-1,-1,-1
483,21636,699,440,63,115,1,-1,-1,-1
483,21638,1096,394,57,102,1,-1,-1,-1
483,21595,696,299,44,95,1,-1,-1,-1
483,21640,971,375,58,117,1,-1,-1,-1
483,21643,580,504,92,133,1,-1,-1,-1
483,21649,639,499,80,127,1,-1,-1,-1
483,21657,1474,410,57,119,1,-1,-1,-1
483,21668,1488,333,47,100,1,-1,-1,-1
483,21652,1690,333,51,101,1,-1,-1,-1
483,21674,1744,564,53,157,1,-1,-1,-1
483,21678,1789,478,58,144,1,-1,-1,-1
483,21679,1534,660,67,175,1,-1,-1,-1
483,21683,1874,396,53,124,1,-1,-1,-1
483,21690,269,475,58,124,1,-1,-1,-1
483,21711,174,183,29,68,1,-1,-1,-1
484,21574,305,334,50,96,1,-1,-1,-1
484,21625,1031,491,64,118,1,-1,-1,-1
484,21636,698,441,62,116,1,-1,-1,-1
484,21638,1099,395,57,103,1,-1,-1,-1
484,21595,701,300,44,95,1,-1,-1,-1
484,21640,981,377,57,117,1,-1,-1,-1
484,21643,593,503,91,133,1,-1,-1,-1
484,21649,644,499,78,125,1,-1,-1,-1
484,21657,1480,413,55,118,1,-1,-1,-1
484,21668,1494,335,48,100,1,-1,-1,-1
484,21652,1694,335,50,101,1,-1,-1,-1
484,21674,1749,565,53,157,1,-1,-1,-1
484,21678,1796,481,59,145,1,-1,-1,-1
484,21679,1541,662,68,175,1,-1,-1,-1
484,21683,1877,396,52,127,1,-1,-1,-1
484,21690,279,476,59,124,1,-1,-1,-1
484,21711,179,184,28,68,1,-1,-1,-1
485,21574,309,336,49,96,1,-1,-1,-1
485,21625,1033,492,65,118,1,-1,-1,-1
485,21636,698,442,61,115,1,-1,-1,-1
485,21638,1102,396,57,104,1,-1,-1,-1
485,21595,710,302,44,95,1,-1,-1,-1
485,21640,992,379,57,117,1,-1,-1,-1
485,21643,610,501,89,134,1,-1,-1,-1
485,21649,650,500,76,121,1,-1,-1,-1
485,21657,1483,414,56,119,1,-1,-1,-1
485,21668,1499,337,48,99,1,-1,-1,-1
485,21652,1698,336,49,101,1,-1,-1,-1
485,21674,1757,566,54,158,1,-1,-1,-1
485,21678,1803,483,60,148,1,-1,-1,-1
485,21679,1549,665,68,175,1,-1,-1,-1
485,21683,1879,396,51,128,1,-1,-1,-1
485,21690,285,476,59,125,1,-1,-1,-1
485,21711,185,185,29,68,1,-1,-1,-1
485,21712,0,644,39,162,1,-1,-1,-1
486,21574,314,339,48,96,1,-1,-1,-1
486,21625,1035,493,65,118,1,-1,-1,-1
486,21636,699,445,57,108,1,-1,-1,-1
486,21638,1106,397,57,104,1,-1,-1,-1
486,21595,714,303,43,95,1,-1,-1,-1
486,21640,999,381,57,116,1,-1,-1,-1
486,21643,619,501,87,132,1,-1,-1,-1
486,21649,655,500,75,120,1,-1,-1,-1
486,21657,1489,416,57,119,1,-1,-1,-1
486,21668,1505,338,48,100,1,-1,-1,-1
486,21652,1702,338,47,101,1,-1,-1,-1
486,21674,1767,569,53,158,1,-1,-1,-1
486,21678,1816,486,61,152,1,-1,-1,-1
486,21679,1557,667,68,177,1,-1,-1,-1
486,21683,1885,399,47,126,1,-1,-1,-1
486,21690,293,475,59,125,1,-1,-1,-1
486,21711,193,187,29,68,1,-1,-1,-1
486,21712,2,628,43,177,1,-1,-1,-1
487,21574,317,340,48,96,1,-1,-1,-1
487,21625,1035,493,67,119,1,-1,-1,-1
487,21636,702,448,52,99,1,-1,-1,-1
487,21638,1109,397,56,105,1,-1,-1,-1
487,21595,718,304,44,95,1,-1,-1,-1
487,21640,1005,382,57,117,1,-1,-1,-1
487,21643,626,501,86,130,1,-1,-1,-1
487,21649,659,500,75,119,1,-1,-1,-1
487,21657,1493,417,57,120,1,-1,-1,-1
487,21668,1509,339,47,100,1,-1,-1,-1
487,21652,1705,340,47,101,1,-1,-1,-1
487,21674,1777,571,53,158,1,-1,-1,-1
487,21678,1821,487,61,153,1,-1,-1,-1
487,21679,1565,669,69,177,1,-1,-1,-1
487,21683,1895,435,33,92,1,-1,-1,-1
487,21690,302,474,57,125,1,-1,-1,-1
487,21711,200,188,29,69,1,-1,-1,-1
487,21712,3,622,45,182,1,-1,-1,-1
488,21574,319,342,48,96,1,-1,-1,-1
488,21625,1036,494,68,119,1,-1,-1,-1
488,21636,705,453,47,88,1,-1,-1,-1
488,21638,1114,399,55,105,1,-1,-1,-1
488,21595,723,305,43,95,1,-1,-1,-1
488,21640,1012,384,57,115,1,-1,-1,-1
488,21643,633,500,85,128,1,-1,-1,-1
488,21649,665,499,74,120,1,-1,-1,-1
488,21657,1500,419,57,119,1,-1,-1,-1
488,21668,1515,341,45,100,1,-1,-1,-1
488,21652,1709,342,47,100,1,-1,-1,-1
488,21674,1790,574,53,158,1,-1,-1,-1
488,21678,1829,490,61,152,1,-1,-1,-1
488,21679,1572,671,70,178,1,-1,-1,-1
488,21683,1898,450,27,76,1,-1,-1,-1
488,21690,310,473,57,125,1,-1,-1,-1
488,21711,208,190,30,68,1,-1,-1,-1
488,21712,7,621,46,184,1,-1,-1,-1
489,21574,321,343,48,96,1,-1,-1,-1
489,21625,1036,494,70,120,1,-1,-1,-1
489,21636,709,460,41,70,1,-1,-1,-1
489,21638,1117,399,55,107,1,-1,-1,-1
489,21595,732,306,42,95,1,-1,-1,-1
489,21640,1019,385,56,115,1,-1,-1,-1
489,21643,642,502,83,121,1,-1,-1,-1
489,21649,670,499,74,120,1,-1,-1,-1
489,21657,1504,420,57,120,1,-1,-1,-1
489,21668,1518,342,45,100,1,-1,-1,-1
489,21652,1712,344,49,100,1,-1,-1,-1
489,21674,1798,576,53,158,1,-1,-1,-1
489,21678,1839,494,60,150,1,-1,-1,-1
489,21679,1580,673,70,178,1,-1,-1,-1
489,21683,1904,485,15,42,1,-1,-1,-1
489,21690,320,473,55,124,1,-1,-1,-1
489,21711,218,191,29,68,1,-1,-1,-1
489,21712,11,622,48,184,1,-1,-1,-1
490,21574,324,344,47,96,1,-1,-1,-1
490,21625,1036,494,72,120,1,-1,-1,-1
490,21636,710,463,40,65,1,-1,-1,-1
490,21638,1121,401,54,107,1,-1,-1,-1
490,21595,736,307,41,94,1,-1,-1,-1
490,21640,1025,386,57,115,1,-1,-1,-1
490,21643,647,504,84,117,1,-1,-1,-1
490,21649,675,499,75,120,1,-1,-1,-1
490,21657,1510,421,57,119,1,-1,-1,-1
490,21668,1523,343,44,101,1,-1,-1,-1
490,21652,1717,345,50,101,1,-1,-1,-1
490,21674,1807,577,54,159,1,-1,-1,-1
490,21678,1855,500,59,147,1,-1,-1,-1
490,21679,1592,677,70,179,1,-1,-1,-1
490,21683,1905,496,12,31,1,-1,-1,-1
490,21690,330,473,55,124,1,-1,-1,-1
490,21711,223,193,30,68,1,-1,-1,-1
490,21712,15,623,50,184,1,-1,-1,-1
491,21574,325,345,48,96,1,-1,-1,-1
491,21625,1037,495,74,121,1,-1,-1,-1
491,21636,713,469,40,64,1,-1,-1,-1
491,21638,1125,402,54,107,1,-1,-1,-1
491,21595,740,307,41,94,1,-1,-1,-1
491,21640,1034,387,57,115,1,-1,-1,-1
491,21643,654,506,85,114,1,-1,-1,-1
491,21649,681,499,74,120,1,-1,-1,-1
491,21657,1517,422,56,119,1,-1,-1,-1
491,21668,1530,345,44,101,1,-1,-1,-1
491,21652,1720,346,51,102,1,-1,-1,-1
491,21674,1817,579,54,159,1,-1,-1,-1
491,21678,1861,503,59,146,1,-1,-1,-1
491,21679,1598,678,70,180,1,-1,-1,-1
491,21690,343,473,54,124,1,-1,-1,-1
491,21711,229,194,29,67,1,-1,-1,-1
491,21712,20,625,52,184,1,-1,-1,-1
492,21574,327,347,49,96,1,-1,-1,-1
492,21625,1038,495,75,121,1,-1,-1,-1
492,21636,713,471,41,64,1,-1,-1,-1
492,21638,1129,403,54,108,1,-1,-1,-1
492,21595,744,308,41,94,1,-1,-1,-1
492,21640,1040,389,56,114,1,-1,-1,-1
492,21643,661,511,87,112,1,-1,-1,-1
492,21649,688,499,74,120,1,-1,-1,-1
492,21657,1525,423,54,119,1,-1,-1,-1
492,21668,1536,345,44,102,1,-1,-1,-1
492,21652,1727,347,53,102,1,-1,-1,-1
492,21674,1830,580,53,160,1,-1,-1,-1
492,21678,1867,504,58,146,1,-1,-1,-1
492,21679,1606,680,70,180,1,-1,-1,-1
492,21690,350,473,53,124,1,-1,-1,-1
492,21711,233,195,30,68,1,-1,-1,-1
492,21712,24,626,54,183,1,-1,-1,-1
493,21574,329,348,50,96,1,-1,-1,-1
493,21625,1039,496,77,121,1,-1,-1,-1
493,21636,714,474,42,64,1,-1,-1,-1
493,21638,1133,404,54,109,1,-1,-1,-1
493,21595,749,309,41,94,1,-1,-1,-1
493,21640,1046,392,56,112,1,-1,-1,-1
493,21643,665,510,87,113,1,-1,-1,-1
493,21649,692,499,74,120,1,-1,-1,-1
493,21657,1528,423,54,120,1,-1,-1,-1
493,21668,1543,346,45,102,1,-1,-1,-1
493,21652,1730,348,53,102,1,-1,-1,-1
493,21674,1838,582,53,160,1,-1,-1,-1
493,21678,1873,505,56,146,1,-1,-1,-1
493,21679,1615,682,70,180,1,-1,-1,-1
493,21690,357,473,53,123,1,-1,-1,-1
493,21711,238,196,30,68,1,-1,-1,-1
493,21712,28,627,58,183,1,-1,-1,-1
494,21574,330,349,51,96,1,-1,-1,-1
494,21625,1038,496,79,122,1,-1,-1,-1
494,21636,716,480,42,64,1,-1,-1,-1
494,21638,1137,406,54,109,1,-1,-1,-1
494,21595,754,310,40,93,1,-1,-1,-1
494,21640,1052,396,57,110,1,-1,-1,-1
494,21643,665,508,90,117,1,-1,-1,-1
494,21649,695,496,75,122,1,-1,-1,-1
494,21657,1533,424,53,121,1,-1,-1,-1
494,21668,1548,346,46,104,1,-1,-1,-1
494,21652,1734,348,53,102,1,-1,-1,-1
494,21674,1846,583,53,162,1,-1,-1,-1
494,21678,1879,506,54,147,1,-1,-1,-1
494,21679,1624,683,70,182,1,-1,-1,-1
494,21690,364,472,53,125,1,-1,-1,-1
494,21711,245,197,30,68,1,-1,-1,-1
494,21712,33,628,60,183,1,-1,-1,-1
495,21574,330,348,52,97,1,-1,-1,-1
495,21625,1036,497,80,121,1,-1,-1,-1
495,21636,717,482,46,69,1,-1,-1,-1
495,21638,1141,407,55,110,1,-1,-1,-1
495,21595,762,311,40,93,1,-1,-1,-1
495,21640,1058,399,58,109,1,-1,-1,-1
495,21643,666,502,94,124,1,-1,-1,-1
495,21649,699,494,75,123,1,-1,-1,-1
495,21657,1535,425,52,121,1,-1,-1,-1
495,21668,1554,347,47,104,1,-1,-1,-1
495,21652,1741,348,51,102,1,-1,-1,-1
495,21674,1855,585,53,161,1,-1,-1,-1
495,21678,1888,508,50,148,1,-1,-1,-1
495,21679,1634,685,70,182,1,-1,-1,-1
495,21690,368,470,53,127,1,-1,-1,-1
495,21711,248,197,31,68,1,-1,-1,-1
495,21712,39,629,63,182,1,-1,-1,-1
495,21713,0,486,15,98,1,-1,-1,-1
496,21574,330,347,53,99,1,-1,-1,-1
496,21625,1033,498,80,119,1,-1,-1,-1
496,21636,719,484,54,83,1,-1,-1,-1
496,21638,1144,409,54,110,1,-1,-1,-1
496,21595,764,311,40,93,1,-1,-1,-1
496,21640,1065,403,59,108,1,-1,-1,-1
496,21643,670,498,96,130,1,-1,-1,-1
496,21649,703,492,75,124,1,-1,-1,-1
496,21657,1537,426,52,121,1,-1,-1,-1
496,21668,1559,347,47,105,1,-1,-1,-1
496,21652,1745,349,50,103,1,-1,-1,-1
496,21674,1869,588,52,162,1,-1,-1,-1
496,21679,1643,687,71,182,1,-1,-1,-1
496,21690,372,468,53,129,1,-1,-1,-1
496,21711,252,197,31,68,1,-1,-1,-1
496,21712,43,630,65,182,1,-1,-1,-1
496,21713,3,481,16,103,1,-1,-1,-1
497,21574,331,344,52,102,1,-1,-1,-1
497,21625,1029,498,80,119,1,-1,-1,-1
497,21636,723,485,57,88,1,-1,-1,-1
497,21638,1146,410,54,111,1,-1,-1,-1
497,21595,768,312,40,93,1,-1,-1,-1
497,21640,1067,404,61,108,1,-1,-1,-1
497,21643,672,493,95,132,1,-1,-1,-1
497,21649,706,489,76,126,1,-1,-1,-1
497,21657,1541,427,52,121,1,-1,-1,-1
497,21668,1565,348,46,105,1,-1,-1,-1
497,21652,1751,349,50,106,1,-1,-1,-1
497,21674,1874,590,51,159,1,-1,-1,-1
497,21679,1650,689,71,183,1,-1,-1,-1
497,21690,374,466,53,130,1,-1,-1,-1
497,21711,257,197,31,68,1,-1,-1,-1
497,21712,47,631,68,183,1,-1,-1,-1
497,21713,5,475,18,110,1,-1,-1,-1
498,21574,331,344,52,102,1,-1,-1,-1
498,21625,1026,499,79,118,1,-1,-1,-1
498,21636,733,484,58,90,1,-1,-1,-1
498,21638,1147,411,55,111,1,-1,-1,-1
498,21595,771,314,41,92,1,-1,-1,-1
498,21640,1068,404,62,109,1,-1,-1,-1
498,21643,677,492,90,129,1,-1,-1,-1
498,21649,711,486,77,128,1,-1,-1,-1
498,21657,1543,428,52,120,1,-1,-1,-1
498,21668,1568,348,46,105,1,-1,-1,-1
498,21652,1753,350,49,106,1,-1,-1,-1
498,21674,1884,601,41,133,1,-1,-1,-1
498,21679,1657,691,71,183,1,-1,-1,-1
498,21690,374,465,53,130,1,-1,-1,-1
498,21711,263,198,31,68,1,-1,-1,-1
498,21712,51,633,71,183,1,-1,-1,-1
498,21713,8,469,19,116,1,-1,-1,-1
499,21574,332,344,51,103,1,-1,-1,-1
499,21625,1021,501,78,116,1,-1,-1,-1
499,21636,738,483,58,92,1,-1,-1,-1
499,21638,1149,412,55,112,1,-1,-1,-1
499,21595,776,316,40,92,1,-1,-1,-1
499,21640,1069,404,63,110,1,-1,-1,-1
499,21643,685,494,86,124,1,-1,-1,-1
499,21649,715,485,76,129,1,-1,-1,-1
499,21657,1547,429,53,120,1,-1,-1,-1
499,21668,1570,348,45,105,1,-1,-1,-1
499,21652,1754,352,49,105,1,-1,-1,-1
499,21674,1894,618,29,94,1,-1,-1,-1
499,21679,1663,693,71,183,1,-1,-1,-1
499,21690,374,464,53,130,1,-1,-1,-1
499,21711,266,198,31,68,1,-1,-1,-1
499,21712,57,635,73,183,1,-1,-1,-1
499,21713,13,458,22,128,1,-1,-1,-1
500,21574,332,346,50,102,1,-1,-1,-1
500,21625,1019,502,77,115,1,-1,-1,-1
500,21636,745,480,58,94,1,-1,-1,-1
500,21638,1151,413,55,113,1,-1,-1,-1
500,21595,779,317,39,92,1,-1,-1,-1
500,21640,1069,404,65,111,1,-1,-1,-1
500,21643,690,495,83,123,1,-1,-1,-1
500,21649,719,483,76,130,1,-1,-1,-1
500,21657,1554,430,53,120,1,-1,-1,-1
500,21668,1573,347,45,105,1,-1,-1,-1
500,21652,1755,353,51,106,1,-1,-1,-1
500,21679,1673,696,71,182,1,-1,-1,-1
500,21690,373,463,53,130,1,-1,-1,-1
500,21711,268,199,31,68,1,-1,-1,-1
500,21712,61,637,74,182,1,-1,-1,-1
500,21713,14,454,23,133,1,-1,-1,-1
501,21574,332,348,49,100,1,-1,-1,-1
501,21625,1013,501,78,114,1,-1,-1,-1
501,21636,754,476,60,96,1,-1,-1,-1
501,21638,1154,414,54,115,1,-1,-1,-1
501,21595,780,317,40,93,1,-1,-1,-1
501,21640,1070,403,66,113,1,-1,-1,-1
501,21643,695,496,80,118,1,-1,-1,-1
501,21649,724,482,76,130,1,-1,-1,-1
501,21657,1557,431,54,120,1,-1,-1,-1
501,21668,1575,348,45,105,1,-1,-1,-1
501,21652,1757,353,52,107,1,-1,-1,-1
501,21679,1678,698,71,183,1,-1,-1,-1
501,21690,373,462,53,130,1,-1,-1,-1
501,21711,270,199,31,68,1,-1,-1,-1
501,21712,63,638,76,182,1,-1,-1,-1
501,21713,17,454,25,134,1,-1,-1,-1
502,21574,333,349,48,100,1,-1,-1,-1
502,21625,1007,500,77,114,1,-1,-1,-1
502,21636,761,474,60,97,1,-1,-1,-1
502,21638,1156,416,53,114,1,-1,-1,-1
502,21595,781,317,40,93,1,-1,-1,-1
502,21640,1071,402,66,115,1,-1,-1,-1
502,21643,697,498,77,113,1,-1,-1,-1
502,21649,729,481,75,130,1,-1,-1,-1
502,21657,1560,431,55,123,1,-1,-1,-1
502,21668,1579,352,44,105,1,-1,-1,-1
502,21652,1759,354,55,108,1,-1,-1,-1
502,21679,1683,700,72,183,1,-1,-1,-1
502,21690,373,462,53,130,1,-1,-1,-1
502,21711,273,200,30,68,1,-1,-1,-1
502,21712,64,639,78,183,1,-1,-1,-1
502,21713,20,454,27,135,1,-1,-1,-1
503,21574,333,352,47,100,1,-1,-1,-1
503,21625,1000,499,78,113,1,-1,-1,-1
503,21636,777,474,58,96,1,-1,-1,-1
503,21638,1158,417,52,114,1,-1,-1,-1
503,21595,782,318,40,94,1,-1,-1,-1
503,21640,1070,404,65,115,1,-1,-1,-1
503,21643,699,499,77,111,1,-1,-1,-1
503,21649,734,480,75,130,1,-1,-1,-1
503,21657,1561,431,56,124,1,-1,-1,-1
503,21668,1581,353,44,105,1,-1,-1,-1
503,21652,1762,354,56,109,1,-1,-1,-1
503,21679,1688,701,73,185,1,-1,-1,-1
503,21690,372,463,54,130,1,-1,-1,-1
503,21711,275,200,30,68,1,-1,-1,-1
503,21712,67,641,78,182,1,-1,-1,-1
503,21713,25,454,28,137,1,-1,-1,-1
504,21574,333,353,47,100,1,-1,-1,-1
504,21625,993,498,78,111,1,-1,-1,-1
504,21636,784,473,56,97,1,-1,-1,-1
504,21638,1160,419,52,113,1,-1,-1,-1
504,21595,784,318,39,95,1,-1,-1,-1
504,21640,1067,407,66,115,1,-1,-1,-1
504,21643,702,499,77,110,1,-1,-1,-1
504,21649,740,479,74,130,1,-1,-1,-1
504,21657,1561,432,56,124,1,-1,-1,-1
504,21668,1583,354,44,106,1,-1,-1,-1
504,21652,1766,354,57,109,1,-1,-1,-1
504,21679,1693,703,74,185,1,-1,-1,-1
504,21690,372,465,54,130,1,-1,-1,-1
504,21711,277,201,31,68,1,-1,-1,-1
504,21712,69,643,79,182,1,-1,-1,-1
504,21713,28,455,31,138,1,-1,-1,-1
505,21574,333,354,46,99,1,-1,-1,-1
505,21625,986,496,79,110,1,-1,-1,-1
505,21636,790,473,56,99,1,-1,-1,-1
505,21638,1163,421,50,112,1,-1,-1,-1
505,21595,784,319,39,95,1,-1,-1,-1
505,21640,1066,410,64,115,1,-1,-1,-1
505,21643,704,497,78,110,1,-1,-1,-1
505,21649,745,478,74,130,1,-1,-1,-1
505,21657,1561,433,55,125,1,-1,-1,-1
505,21668,1585,355,46,106,1,-1,-1,-1
505,21652,1767,355,56,108,1,-1,-1,-1
505,21679,1700,704,74,187,1,-1,-1,-1
505,21690,372,466,54,130,1,-1,-1,-1
505,21711,279,202,30,68,1,-1,-1,-1
505,21712,73,645,79,182,1,-1,-1,-1
505,21713,32,456,33,138,1,-1,-1,-1
506,21574,333,355,46,99,1,-1,-1,-1
506,21625,979,495,79,109,1,-1,-1,-1
506,21636,796,473,59,102,1,-1,-1,-1
506,21638,1165,424,50,110,1,-1,-1,-1
506,21595,783,319,40,96,1,-1,-1,-1
506,21640,1064,413,63,115,1,-1,-1,-1
506,21643,704,493,84,119,1,-1,-1,-1
506,21649,753,477,73,129,1,-1,-1,-1
506,21657,1560,435,54,126,1,-1,-1,-1
506,21668,1585,355,47,107,1,-1,-1,-1
506,21652,1767,356,54,107,1,-1,-1,-1
506,21679,1703,706,75,188,1,-1,-1,-1
506,21690,373,466,54,130,1,-1,-1,-1
506,21711,279,203,30,68,1,-1,-1,-1
506,21712,74,646,80,182,1,-1,-1,-1
506,21713,36,457,36,139,1,-1,-1,-1
507,21574,332,356,47,99,1,-1,-1,-1
507,21625,972,494,81,108,1,-1,-1,-1
507,21636,802,473,61,104,1,-1,-1,-1
507,21638,1167,426,49,110,1,-1,-1,-1
507,21595,783,320,40,97,1,-1,-1,-1
507,21640,1061,418,63,115,1,-1,-1,-1
507,21643,703,490,87,123,1,-1,-1,-1
507,21649,756,476,73,129,1,-1,-1,-1
507,21657,1559,436,53,126,1,-1,-1,-1
507,21668,1585,355,47,107,1,-1,-1,-1
507,21652,1767,357,53,106,1,-1,-1,-1
507,21679,1706,708,76,188,1,-1,-1,-1
507,21690,374,464,55,132,1,-1,-1,-1
507,21711,280,203,30,68,1,-1,-1,-1
507,21712,76,649,80,182,1,-1,-1,-1
507,21713,38,457,38,140,1,-1,-1,-1
508,21574,332,356,46,99,1,-1,-1,-1
508,21625,963,493,82,107,1,-1,-1,-1
508,21636,818,475,62,106,1,-1,-1,-1
508,21638,1170,429,49,108,1,-1,-1,-1
508,21595,782,322,40,97,1,-1,-1,-1
508,21640,1061,420,61,115,1,-1,-1,-1
508,21643,704,486,90,128,1,-1,-1,-1
508,21649,760,475,73,130,1,-1,-1,-1
508,21657,1558,437,52,126,1,-1,-1,-1
508,21668,1585,355,48,107,1,-1,-1,-1
508,21652,1764,357,52,107,1,-1,-1,-1
508,21679,1709,710,77,187,1,-1,-1,-1
508,21690,374,464,55,133,1,-1,-1,-1
508,21711,280,204,30,69,1,-1,-1,-1
508,21712,78,651,79,182,1,-1,-1,-1
508,21713,39,457,39,140,1,-1,-1,-1
509,21574,331,356,47,100,1,-1,-1,-1
509,21625,955,493,83,107,1,-1,-1,-1
509,21636,825,476,63,107,1,-1,-1,-1
509,21638,1172,430,48,109,1,-1,-1,-1
509,21595,781,325,41,97,1,-1,-1,-1
509,21640,1061,421,61,116,1,-1,-1,-1
509,21643,704,483,93,131,1,-1,-1,-1
509,21649,765,474,73,130,1,-1,-1,-1
509,21657,1556,439,51,125,1,-1,-1,-1
509,21668,1583,355,48,107,1,-1,-1,-1
509,21652,1758,359,52,108,1,-1,-1,-1
509,21679,1711,712,78,187,1,-1,-1,-1
509,21690,374,462,55,134,1,-1,-1,-1
509,21711,280,205,30,69,1,-1,-1,-1
509,21712,80,654,78,182,1,-1,-1,-1
509,21713,40,458,40,139,1,-1,-1,-1
510,21574,331,356,47,99,1,-1,-1,-1
510,21625,938,494,84,108,1,-1,-1,-1
510,21636,837,481,63,105,1,-1,-1,-1
510,21638,1173,430,49,110,1,-1,-1,-1
510,21595,781,326,41,98,1,-1,-1,-1
510,21640,1062,421,60,116,1,-1,-1,-1
510,21643,706,480,95,134,1,-1,-1,-1
510,21649,770,474,72,131,1,-1,-1,-1
510,21657,1555,440,50,124,1,-1,-1,-1
510,21668,1581,355,48,107,1,-1,-1,-1
510,21652,1754,360,52,109,1,-1,-1,-1
510,21679,1714,713,78,188,1,-1,-1,-1
510,21690,372,460,55,135,1,-1,-1,-1
510,21711,279,205,30,69,1,-1,-1,-1
510,21712,81,657,78,182,1,-1,-1,-1
510,21713,41,458,41,139,1,-1,-1,-1
511,21574,331,356,47,99,1,-1,-1,-1
511,21625,932,494,84,109,1,-1,-1,-1
511,21636,841,483,64,103,1,-1,-1,-1
511,21638,1175,430,48,110,1,-1,-1,-1
511,21595,780,326,41,99,1,-1,-1,-1
511,21640,1063,422,60,117,1,-1,-1,-1
511,21643,707,479,95,135,1,-1,-1,-1
511,21649,775,473,71,132,1,-1,-1,-1
511,21657,1553,439,51,125,1,-1,-1,-1
511,21668,1579,355,47,107,1,-1,-1,-1
511,21652,1750,360,53,109,1,-1,-1,-1
511,21679,1716,716,80,187,1,-1,-1,-1
511,21690,370,457,55,136,1,-1,-1,-1
511,21711,278,205,30,70,1,-1,-1,-1
511,21712,83,658,77,183,1,-1,-1,-1
511,21713,43,458,41,139,1,-1,-1,-1
512,21574,331,356,47,98,1,-1,-1,-1
512,21625,926,495,83,107,1,-1,-1,-1
512,21636,847,484,66,106,1,-1,-1,-1
512,21638,1176,430,49,111,1,-1,-1,-1
512,21595,779,326,42,99,1,-1,-1,-1
512,21640,1065,422,59,118,1,-1,-1,-1
512,21643,715,479,94,133,1,-1,-1,-1
512,21649,781,472,69,132,1,-1,-1,-1
512,21657,1551,439,51,125,1,-1,-1,-1
512,21668,1579,355,46,108,1,-1,-1,-1
512,21652,1748,360,53,109,1,-1,-1,-1
512,21679,1719,717,80,188,1,-1,-1,-1
512,21690,370,456,54,135,1,-1,-1,-1
512,21711,277,205,30,70,1,-1,-1,-1
512,21712,86,660,76,183,1,-1,-1,-1
512,21713,45,459,41,139,1,-1,-1,-1
513,21574,330,356,48,98,1,-1,-1,-1
513,21625,920,496,81,105,1,-1,-1,-1
513,21636,853,483,69,111,1,-1,-1,-1
513,21638,1177,430,49,112,1,-1,-1,-1
513,21595,778,326,43,99,1,-1,-1,-1
513,21640,1067,423,58,119,1,-1,-1,-1
513,21643,719,477,96,135,1,-1,-1,-1
513,21649,786,472,68,133,1,-1,-1,-1
513,21657,1550,439,50,125,1,-1,-1,-1
513,21668,1579,356,46,107,1,-1,-1,-1
513,21652,1748,361,54,109,1,-1,-1,-1
513,21679,1721,717,81,189,1,-1,-1,-1
513,21690,370,457,53,134,1,-1,-1,-1
513,21711,275,206,30,70,1,-1,-1,-1
513,21712,88,661,76,184,1,-1,-1,-1
513,21713,47,459,41,139,1,-1,-1,-1
514,21574,332,356,48,97,1,-1,-1,-1
514,21625,914,497,80,103,1,-1,-1,-1
514,21636,857,482,70,115,1,-1,-1,-1
514,21638,1178,429,50,113,1,-1,-1,-1
514,21595,778,326,43,99,1,-1,-1,-1
514,21640,1068,424,58,119,1,-1,-1,-1
514,21643,722,475,97,137,1,-1,-1,-1
514,21649,792,471,67,134,1,-1,-1,-1
514,21657,1549,438,50,126,1,-1,-1,-1
514,21668,1579,357,46,107,1,-1,-1,-1
514,21652,1748,362,53,108,1,-1,-1,-1
514,21679,1723,718,83,189,1,-1,-1,-1
514,21690,369,458,52,133,1,-1,-1,-1
514,21711,274,206,30,71,1,-1,-1,-1
514,21712,91,662,75,185,1,-1,-1,-1
514,21713,49,461,42,137,1,-1,-1,-1
515,21574,334,356,48,97,1,-1,-1,-1
515,21625,908,498,79,101,1,-1,-1,-1
515,21636,860,478,72,119,1,-1,-1,-1
515,21638,1181,428,50,114,1,-1,-1,-1
515,21595,777,326,44,100,1,-1,-1,-1
515,21640,1069,425,58,119,1,-1,-1,-1
515,21643,727,475,99,136,1,-1,-1,-1
515,21649,798,471,64,134,1,-1,-1,-1
515,21657,1547,438,49,127,1,-1,-1,-1
515,21668,1581,357,46,108,1,-1,-1,-1
515,21652,1747,362,53,108,1,-1,-1,-1
515,21679,1726,719,84,190,1,-1,-1,-1
515,21690,368,459,53,132,1,-1,-1,-1
515,21711,274,206,30,71,1,-1,-1,-1
515,21712,94,663,75,186,1,-1,-1,-1
515,21713,52,462,43,136,1,-1,-1,-1
516,21574,338,357,47,95,1,-1,-1,-1
516,21625,902,499,78,99,1,-1,-1,-1
516,21636,864,475,71,122,1,-1,-1,-1
516,21638,1184,427,50,115,1,-1,-1,-1
516,21595,776,327,44,100,1,-1,-1,-1
516,21640,1071,426,58,120,1,-1,-1,-1
516,21643,731,475,99,136,1,-1,-1,-1
516,21649,804,470,63,135,1,-1,-1,-1
516,21657,1545,437,49,128,1,-1,-1,-1
516,21668,1582,358,45,108,1,-1,-1,-1
516,21652,1745,361,54,108,1,-1,-1,-1
516,21679,1730,719,85,191,1,-1,-1,-1
516,21690,369,461,52,130,1,-1,-1,-1
516,21711,274,206,31,72,1,-1,-1,-1
516,21712,98,663,74,186,1,-1,-1,-1
516,21713,57,463,44,135,1,-1,-1,-1
517,21574,339,357,48,95,1,-1,-1,-1
517,21625,894,501,76,95,1,-1,-1,-1
517,21636,873,471,72,127,1,-1,-1,-1
517,21638,1186,426,51,115,1,-1,-1,-1
517,21595,775,327,45,100,1,-1,-1,-1
517,21640,1073,428,57,118,1,-1,-1,-1
517,21643,736,475,97,134,1,-1,-1,-1
517,21649,809,469,61,135,1,-1,-1,-1
517,21657,1544,437,48,128,1,-1,-1,-1
517,21668,1582,359,47,109,1,-1,-1,-1
517,21652,1745,360,53,109,1,-1,-1,-1
517,21679,1731,720,86,191,1,-1,-1,-1
517,21690,369,462,53,129,1,-1,-1,-1
517,21711,275,205,30,72,1,-1,-1,-1
517,21712,101,663,75,185,1,-1,-1,-1
517,21713,58,464,45,135,1,-1,-1,-1
518,21574,342,356,48,96,1,-1,-1,-1
518,21625,891,501,76,94,1,-1,-1,-1
518,21636,877,470,70,128,1,-1,-1,-1
518,21638,1189,424,51,117,1,-1,-1,-1
518,21595,775,326,46,100,1,-1,-1,-1
518,21640,1075,429,57,119,1,-1,-1,-1
518,21643,741,478,93,132,1,-1,-1,-1
518,21649,813,466,59,135,1,-1,-1,-1
518,21657,1543,440,46,125,1,-1,-1,-1
518,21668,1583,360,47,109,1,-1,-1,-1
518,21652,1744,359,54,110,1,-1,-1,-1
518,21679,1732,720,88,192,1,-1,-1,-1
518,21690,371,464,52,127,1,-1,-1,-1
518,21711,275,205,30,72,1,-1,-1,-1
518,21712,107,663,74,183,1,-1,-1,-1
518,21713,59,464,47,134,1,-1,-1,-1
519,21574,345,355,49,97,1,-1,-1,-1
519,21625,890,502,76,94,1,-1,-1,-1
519,21636,879,470,68,126,1,-1,-1,-1
519,21638,1191,423,52,118,1,-1,-1,-1
519,21595,775,326,46,101,1,-1,-1,-1
519,21640,1076,431,58,118,1,-1,-1,-1
519,21643,745,482,88,127,1,-1,-1,-1
519,21649,817,464,57,134,1,-1,-1,-1
519,21657,1542,442,45,124,1,-1,-1,-1
519,21668,1584,360,46,109,1,-1,-1,-1
519,21652,1744,359,53,110,1,-1,-1,-1
519,21679,1734,720,89,192,1,-1,-1,-1
519,21690,372,464,52,127,1,-1,-1,-1
519,21711,276,205,30,72,1,-1,-1,-1
519,21712,110,664,75,181,1,-1,-1,-1
519,21713,60,463,47,134,1,-1,-1,-1
520,21574,349,354,49,97,1,-1,-1,-1
520,21625,891,502,77,94,1,-1,-1,-1
520,21636,880,471,65,123,1,-1,-1,-1
520,21638,1195,421,52,120,1,-1,-1,-1
520,21595,775,326,47,101,1,-1,-1,-1
520,21640,1078,433,59,118,1,-1,-1,-1
520,21643,747,483,86,125,1,-1,-1,-1
520,21649,821,461,55,134,1,-1,-1,-1
520,21657,1540,443,45,123,1,-1,-1,-1
520,21668,1584,359,47,109,1,-1,-1,-1
520,21652,1744,358,52,111,1,-1,-1,-1
520,21679,1736,720,90,193,1,-1,-1,-1
520,21690,374,463,53,127,1,-1,-1,-1
520,21711,277,205,30,72,1,-1,-1,-1
520,21712,116,666,77,180,1,-1,-1,-1
520,21713,62,463,47,134,1,-1,-1,-1
521,21574,352,353,50,98,1,-1,-1,-1
521,21625,892,502,77,95,1,-1,-1,-1
521,21636,884,473,62,119,1,-1,-1,-1
521,21638,1197,421,53,120,1,-1,-1,-1
521,21595,776,326,47,101,1,-1,-1,-1
521,21640,1080,434,59,118,1,-1,-1,-1
521,21643,755,483,83,125,1,-1,-1,-1
521,21649,824,459,54,132,1,-1,-1,-1
521,21657,1538,444,44,122,1,-1,-1,-1
521,21668,1584,359,47,109,1,-1,-1,-1
521,21652,1742,358,51,111,1,-1,-1,-1
521,21679,1737,720,91,193,1,-1,-1,-1
521,21690,378,461,53,127,1,-1,-1,-1
521,21711,277,205,30,72,1,-1,-1,-1
521,21712,118,667,78,179,1,-1,-1,-1
521,21713,64,462,48,134,1,-1,-1,-1
522,21574,356,352,50,98,1,-1,-1,-1
522,21625,893,502,77,95,1,-1,-1,-1
522,21636,886,475,61,116,1,-1,-1,-1
522,21638,1199,420,53,121,1,-1,-1,-1
522,21595,777,325,48,101,1,-1,-1,-1
522,21640,1083,433,60,118,1,-1,-1,-1
522,21643,762,482,79,125,1,-1,-1,-1
522,21649,828,456,52,132,1,-1,-1,-1
522,21657,1538,442,44,124,1,-1,-1,-1
522,21668,1585,358,47,109,1,-1,-1,-1
522,21652,1739,358,51,110,1,-1,-1,-1
522,21679,1738,720,93,194,1,-1,-1,-1
522,21690,382,460,53,127,1,-1,-1,-1
522,21711,277,205,30,71,1,-1,-1,-1
522,21712,121,666,81,181,1,-1,-1,-1
522,21713,66,461,48,134,1,-1,-1,-1
523,21574,359,351,51,99,1,-1,-1,-1
523,21625,895,502,77,96,1,-1,-1,-1
523,21636,887,484,60,112,1,-1,-1,-1
523,21638,1202,420,52,121,1,-1,-1,-1
523,21595,777,325,48,102,1,-1,-1,-1
523,21640,1086,433,61,119,1,-1,-1,-1
523,21643,765,482,76,125,1,-1,-1,-1
523,21649,832,453,51,132,1,-1,-1,-1
523,21657,1538,440,45,126,1,-1,-1,-1
523,21668,1586,358,47,109,1,-1,-1,-1
523,21652,1737,358,52,110,1,-1,-1,-1
523,21679,1740,720,93,194,1,-1,-1,-1
523,21690,388,458,52,127,1,-1,-1,-1
523,21711,278,205,30,71,1,-1,-1,-1
523,21712,124,666,84,181,1,-1,-1,-1
523,21713,69,461,48,134,1,-1,-1,-1
524,21574,363,350,51,100,1,-1,-1,-1
524,21625,896,502,77,96,1,-1,-1,-1
524,21636,889,492,60,108,1,-1,-1,-1
524,21638,1204,421,52,120,1,-1,-1,-1
524,21595,779,326,48,101,1,-1,-1,-1
524,21640,1089,432,61,119,1,-1,-1,-1
524,21643,773,483,73,124,1,-1,-1,-1
524,21649,833,452,50,129,1,-1,-1,-1
524,21657,1537,438,45,128,1,-1,-1,-1
524,21668,1587,357,47,109,1,-1,-1,-1
524,21652,1736,358,52,110,1,-1,-1,-1
524,21679,1742,721,93,194,1,-1,-1,-1
524,21690,391,458,52,126,1,-1,-1,-1
524,21711,279,205,30,71,1,-1,-1,-1
524,21712,126,665,88,183,1,-1,-1,-1
524,21713,72,460,48,134,1,-1,-1,-1
525,21574,368,348,52,101,1,-1,-1,-1
525,21625,897,502,76,97,1,-1,-1,-1
525,21636,894,502,60,102,1,-1,-1,-1
525,21638,1206,421,52,121,1,-1,-1,-1
525,21595,780,326,48,101,1,-1,-1,-1
525,21640,1093,432,62,120,1,-1,-1,-1
525,21643,779,485,71,123,1,-1,-1,-1
525,21649,835,453,50,128,1,-1,-1,-1
525,21657,1535,438,45,128,1,-1,-1,-1
525,21668,1588,356,48,109,1,-1,-1,-1
525,21652,1736,358,52,110,1,-1,-1,-1
525,21679,1743,721,94,195,1,-1,-1,-1
525,21690,394,458,51,125,1,-1,-1,-1
525,21711,279,205,30,71,1,-1,-1,-1
525,21712,129,665,89,184,1,-1,-1,-1
525,21713,78,459,48,135,1,-1,-1,-1
526,21574,371,348,51,101,1,-1,-1,-1
526,21625,899,502,76,98,1,-1,-1,-1
526,21636,900,515,61,92,1,-1,-1,-1
526,21638,1208,421,52,121,1,-1,-1,-1
526,21595,782,326,48,101,1,-1,-1,-1
526,21640,1096,433,62,120,1,-1,-1,-1
526,21643,785,487,68,123,1,-1,-1,-1
526,21649,838,455,49,125,1,-1,-1,-1
526,21657,1533,437,45,129,1,-1,-1,-1
526,21668,1590,355,48,109,1,-1,-1,-1
526,21652,1737,358,52,111,1,-1,-1,-1
526,21679,1744,721,95,196,1,-1,-1,-1
526,21690,399,460,50,123,1,-1,-1,-1
526,21711,279,205,31,71,1,-1,-1,-1
526,21712,133,665,90,184,1,-1,-1,-1
526,21713,80,458,48,135,1,-1,-1,-1
527,21574,375,347,51,101,1,-1,-1,-1
527,21625,900,501,75,99,1,-1,-1,-1
527,21636,903,520,63,89,1,-1,-1,-1
527,21638,1210,421,52,121,1,-1,-1,-1
527,21595,784,326,47,102,1,-1,-1,-1
527,21640,1099,434,63,121,1,-1,-1,-1
527,21643,792,488,68,122,1,-1,-1,-1
527,21649,843,458,48,120,1,-1,-1,-1
527,21657,1530,437,46,129,1,-1,-1,-1
527,21668,1591,355,47,109,1,-1,-1,-1
527,21652,1738,359,53,110,1,-1,-1,-1
527,21679,1745,722,95,196,1,-1,-1,-1
527,21690,401,460,49,123,1,-1,-1,-1
527,21711,280,205,31,71,1,-1,-1,-1
527,21712,137,666,89,184,1,-1,-1,-1
527,21713,83,459,47,135,1,-1,-1,-1
528,21574,380,347,51,101,1,-1,-1,-1
528,21625,902,500,74,100,1,-1,-1,-1
528,21636,905,522,67,89,1,-1,-1,-1
528,21638,1213,421,53,121,1,-1,-1,-1
528,21595,786,327,48,101,1,-1,-1,-1
528,21640,1103,436,63,121,1,-1,-1,-1
528,21643,795,489,67,120,1,-1,-1,-1
528,21649,845,459,48,119,1,-1,-1,-1
528,21657,1528,437,46,130,1,-1,-1,-1
528,21668,1592,355,48,109,1,-1,-1,-1
528,21652,1739,359,53,110,1,-1,-1,-1
528,21679,1746,722,95,197,1,-1,-1,-1
528,21690,403,461,49,123,1,-1,-1,-1
528,21711,280,205,31,72,1,-1,-1,-1
528,21712,142,666,88,184,1,-1,-1,-1
528,21713,86,460,46,134,1,-1,-1,-1
529,21574,385,346,50,101,1,-1,-1,-1
529,21625,904,498,73,100,1,-1,-1,-1
529,21636,905,522,70,90,1,-1,-1,-1
529,21638,1215,421,52,121,1,-1,-1,-1
529,21595,787,328,48,101,1,-1,-1,-1
529,21640,1107,438,64,121,1,-1,-1,-1
529,21643,796,494,66,117,1,-1,-1,-1
529,21649,849,463,47,115,1,-1,-1,-1
529,21657,1522,439,48,129,1,-1,-1,-1
529,21668,1594,355,47,109,1,-1,-1,-1
529,21652,1739,359,53,110,1,-1,-1,-1
529,21679,1747,723,96,197,1,-1,-1,-1
529,21690,406,462,48,123,1,-1,-1,-1
529,21711,281,205,31,72,1,-1,-1,-1
529,21712,146,667,87,184,1,-1,-1,-1
529,21713,88,461,46,133,1,-1,-1,-1
529,21714,1893,476,26,79,1,-1,-1,-1
530,21574,390,345,50,101,1,-1,-1,-1
530,21625,906,496,73,101,1,-1,-1,-1
530,21636,905,522,71,90,1,-1,-1,-1
530,21638,1215,421,53,121,1,-1,-1,-1
530,21595,788,328,47,101,1,-1,-1,-1
530,21640,1111,440,64,121,1,-1,-1,-1
530,21643,796,498,66,113,1,-1,-1,-1
530,21649,852,466,46,113,1,-1,-1,-1
530,21657,1519,440,49,128,1,-1,-1,-1
530,21668,1596,356,48,109,1,-1,-1,-1
530,21652,1738,359,52,110,1,-1,-1,-1
530,21679,1747,724,97,197,1,-1,-1,-1
530,21690,409,463,48,122,1,-1,-1,-1
530,21711,281,205,31,72,1,-1,-1,-1
530,21712,150,669,87,182,1,-1,-1,-1
530,21713,90,462,46,133,1,-1,-1,-1
530,21714,1891,462,30,93,1,-1,-1,-1
531,21574,397,344,49,101,1,-1,-1,-1
531,21625,908,495,72,101,1,-1,-1,-1
531,21636,906,520,72,92,1,-1,-1,-1
531,21638,1216,421,52,121,1,-1,-1,-1
531,21595,789,328,47,101,1,-1,-1,-1
531,21640,1115,441,65,122,1,-1,-1,-1
531,21643,795,499,67,112,1,-1,-1,-1
531,21649,856,470,46,110,1,-1,-1,-1
531,21657,1516,440,49,128,1,-1,-1,-1
531,21668,1597,356,47,109,1,-1,-1,-1
531,21652,1736,359,53,110,1,-1,-1,-1
531,21679,1748,724,97,198,1,-1,-1,-1
531,21690,411,464,48,122,1,-1,-1,-1
531,21711,281,205,32,73,1,-1,-1,-1
531,21712,154,671,87,182,1,-1,-1,-1
531,21713,94,463,45,132,1,-1,-1,-1
531,21714,1887,437,38,117,1,-1,-1,-1
532,21574,401,344,48,101,1,-1,-1,-1
532,21625,911,493,71,102,1,-1,-1,-1
532,21636,908,518,70,94,1,-1,-1,-1
532,21638,1216,421,52,121,1,-1,-1,-1
532,21595,789,328,47,101,1,-1,-1,-1
532,21640,1120,444,66,122,1,-1,-1,-1
532,21643,795,496,69,115,1,-1,-1,-1
532,21649,858,470,45,109,1,-1,-1,-1
532,21657,1514,441,49,125,1,-1,-1,-1
532,21668,1598,356,48,109,1,-1,-1,-1
532,21652,1736,359,52,110,1,-1,-1,-1
532,21679,1749,725,97,198,1,-1,-1,-1
532,21690,413,466,48,121,1,-1,-1,-1
532,21711,281,205,32,74,1,-1,-1,-1
532,21712,159,674,87,181,1,-1,-1,-1
532,21713,95,463,46,132,1,-1,-1,-1
532,21714,1885,428,40,126,1,-1,-1,-1
533,21574,404,345,47,100,1,-1,-1,-1
533,21625,913,492,71,102,1,-1,-1,-1
533,21636,908,518,71,97,1,-1,-1,-1
533,21638,1217,421,52,121,1,-1,-1,-1
533,21595,790,328,46,101,1,-1,-1,-1
533,21640,1123,445,66,122,1,-1,-1,-1
533,21643,795,495,71,116,1,-1,-1,-1
533,21649,858,468,47,111,1,-1,-1,-1
533,21657,1511,441,49,125,1,-1,-1,-1
533,21668,1600,357,48,109,1,-1,-1,-1
533,21652,1736,359,51,110,1,-1,-1,-1
533,21679,1750,726,97,197,1,-1,-1,-1
533,21690,415,468,47,120,1,-1,-1,-1
533,21711,281,206,32,73,1,-1,-1,-1
533,21712,161,675,87,181,1,-1,-1,-1
533,21713,97,464,45,132,1,-1,-1,-1
533,21714,1884,424,41,132,1,-1,-1,-1
534,21574,406,346,47,99,1,-1,-1,-1
534,21625,915,490,70,103,1,-1,-1,-1
534,21636,908,520,72,100,1,-1,-1,-1
534,21638,1217,421,52,121,1,-1,-1,-1
534,21595,790,328,47,101,1,-1,-1,-1
534,21640,1127,444,67,125,1,-1,-1,-1
534,21643,794,490,75,121,1,-1,-1,-1
534,21649,859,465,47,113,1,-1,-1,-1
534,21657,1509,441,50,125,1,-1,-1,-1
534,21668,1602,357,48,109,1,-1,-1,-1
534,21652,1736,359,51,110,1,-1,-1,-1
534,21679,1752,727,97,197,1,-1,-1,-1
534,21690,418,470,47,119,1,-1,-1,-1
534,21711,281,206,32,73,1,-1,-1,-1
534,21712,161,675,88,181,1,-1,-1,-1
534,21713,98,463,46,133,1,-1,-1,-1
534,21714,1881,422,42,136,1,-1,-1,-1
535,21574,408,348,48,97,1,-1,-1,-1
535,21625,918,487,70,105,1,-1,-1,-1
535,21636,907,520,72,101,1,-1,-1,-1
535,21638,1218,421,52,121,1,-1,-1,-1
535,21595,790,328,46,101,1,-1,-1,-1
535,21640,1131,444,68,126,1,-1,-1,-1
535,21643,795,488,77,123,1,-1,-1,-1
535,21649,859,462,49,116,1,-1,-1,-1
535,21657,1507,441,50,125,1,-1,-1,-1
535,21668,1605,357,48,109,1,-1,-1,-1
535,21652,1736,358,50,110,1,-1,-1,-1
535,21679,1753,728,96,197,1,-1,-1,-1
535,21690,418,471,48,118,1,-1,-1,-1
535,21711,282,206,32,73,1,-1,-1,-1
535,21712,161,675,88,181,1,-1,-1,-1
535,21713,99,463,46,133,1,-1,-1,-1
535,21714,1879,421,42,137,1,-1,-1,-1
536,21574,411,350,48,95,1,-1,-1,-1
536,21625,919,486,69,105,1,-1,-1,-1
536,21636,905,520,72,101,1,-1,-1,-1
536,21638,1217,421,53,121,1,-1,-1,-1
536,21595,788,328,47,101,1,-1,-1,-1
536,21640,1137,442,68,129,1,-1,-1,-1
536,21643,804,484,79,123,1,-1,-1,-1
536,21649,859,458,50,119,1,-1,-1,-1
536,21657,1505,441,50,125,1,-1,-1,-1
536,21668,1606,356,48,109,1,-1,-1,-1
536,21652,1736,358,50,110,1,-1,-1,-1
536,21679,1753,728,96,197,1,-1,-1,-1
536,21690,418,469,48,121,1,-1,-1,-1
536,21711,281,205,32,72,1,-1,-1,-1
536,21712,161,675,89,181,1,-1,-1,-1
536,21713,101,463,45,133,1,-1,-1,-1
536,21714,1877,422,42,137,1,-1,-1,-1
537,21574,412,350,48,95,1,-1,-1,-1
537,21625,921,485,68,106,1,-1,-1,-1
537,21636,903,519,71,102,1,-1,-1,-1
537,21638,1215,421,52,121,1,-1,-1,-1
537,21595,786,328,47,102,1,-1,-1,-1
537,21640,1140,441,68,130,1,-1,-1,-1
537,21643,811,482,78,123,1,-1,-1,-1
537,21649,860,454,51,122,1,-1,-1,-1
537,21657,1503,441,50,124,1,-1,-1,-1
537,21668,1607,355,48,109,1,-1,-1,-1
537,21652,1736,358,50,110,1,-1,-1,-1
537,21679,1752,728,95,197,1,-1,-1,-1
537,21690,416,466,51,124,1,-1,-1,-1
537,21711,280,205,31,72,1,-1,-1,-1
537,21712,162,674,89,181,1,-1,-1,-1
537,21713,101,462,45,134,1,-1,-1,-1
537,21714,1874,422,42,137,1,-1,-1,-1
538,21574,411,349,49,95,1,-1,-1,-1
538,21625,922,485,67,106,1,-1,-1,-1
538,21636,900,519,71,102,1,-1,-1,-1
538,21638,1213,421,52,121,1,-1,-1,-1
538,21595,784,327,47,102,1,-1,-1,-1
538,21640,1143,441,69,131,1,-1,-1,-1
538,21643,827,479,76,121,1,-1,-1,-1
538,21649,860,453,51,123,1,-1,-1,-1
538,21657,1501,441,51,124,1,-1,-1,-1
538,21668,1606,355,48,109,1,-1,-1,-1
538,21652,1736,357,50,110,1,-1,-1,-1
538,21679,1751,728,95,197,1,-1,-1,-1
538,21690,415,464,51,126,1,-1,-1,-1
538,21711,279,204,31,71,1,-1,-1,-1
538,21712,161,674,90,182,1,-1,-1,-1
538,21713,100,462,44,134,1,-1,-1,-1
538,21714,1872,423,43,136,1,-1,-1,-1
539,21574,410,347,50,97,1,-1,-1,-1
539,21625,923,484,68,107,1,-1,-1,-1
539,21636,896,518,71,103,1,-1,-1,-1
539,21638,1210,421,53,121,1,-1,-1,-1
539,21595,781,327,47,102,1,-1,-1,-1
539,21640,1147,441,68,133,1,-1,-1,-1
539,21643,836,478,73,120,1,-1,-1,-1
539,21649,860,452,51,124,1,-1,-1,-1
539,21657,1500,441,50,124,1,-1,-1,-1
539,21668,1606,354,48,109,1,-1,-1,-1
539,21652,1736,357,49,110,1,-1,-1,-1
539,21679,1751,728,93,197,1,-1,-1,-1
539,21690,412,463,53,127,1,-1,-1,-1
539,21711,278,204,30,71,1,-1,-1,-1
539,21712,159,672,91,184,1,-1,-1,-1
539,21713,97,462,45,134,1,-1,-1,-1
539,21714,1869,423,45,136,1,-1,-1,-1
540,21574,410,346,50,97,1,-1,-1,-1
540,21625,924,483,68,107,1,-1,-1,-1
540,21636,890,516,71,105,1,-1,-1,-1
540,21638,1207,421,53,122,1,-1,-1,-1
540,21595,779,327,47,103,1,-1,-1,-1
540,21640,1152,440,70,136,1,-1,-1,-1
540,21643,846,479,70,116,1,-1,-1,-1
540,21649,859,452,52,124,1,-1,-1,-1
540,21657,1498,441,50,124,1,-1,-1,-1
540,21668,1606,352,49,109,1,-1,-1,-1
540,21652,1735,357,49,110,1,-1,-1,-1
540,21679,1750,728,93,197,1,-1,-1,-1
540,21690,410,462,53,129,1,-1,-1,-1
540,21711,277,203,31,71,1,-1,-1,-1
540,21712,157,671,92,186,1,-1,-1,-1
540,21713,95,461,44,136,1,-1,-1,-1
540,21714,1867,424,45,136,1,-1,-1,-1
541,21574,410,344,49,99,1,-1,-1,-1
541,21625,925,483,67,107,1,-1,-1,-1
541,21636,886,515,71,106,1,-1,-1,-1
541,21638,1204,421,53,122,1,-1,-1,-1
541,21595,775,327,47,103,1,-1,-1,-1
541,21640,1154,441,69,137,1,-1,-1,-1
541,21643,851,479,69,115,1,-1,-1,-1
541,21649,859,452,52,124,1,-1,-1,-1
541,21657,1495,441,49,124,1,-1,-1,-1
541,21668,1606,352,49,109,1,-1,-1,-1
541,21652,1733,356,49,110,1,-1,-1,-1
541,21679,1749,728,92,197,1,-1,-1,-1
541,21690,406,460,54,131,1,-1,-1,-1
541,21711,275,202,30,70,1,-1,-1,-1
541,21712,154,669,94,190,1,-1,-1,-1
541,21713,93,461,44,135,1,-1,-1,-1
541,21714,1863,424,47,136,1,-1,-1,-1
542,21574,409,343,50,100,1,-1,-1,-1
542,21625,926,482,68,108,1,-1,-1,-1
542,21636,882,515,71,107,1,-1,-1,-1
542,21638,1201,421,53,122,1,-1,-1,-1
542,21595,771,326,47,104,1,-1,-1,-1
542,21640,1157,443,67,136,1,-1,-1,-1
542,21643,857,480,69,115,1,-1,-1,-1
542,21649,859,452,52,124,1,-1,-1,-1
542,21657,1489,440,49,125,1,-1,-1,-1
542,21668,1605,351,49,109,1,-1,-1,-1
542,21652,1730,356,48,110,1,-1,-1,-1
542,21679,1748,728,91,197,1,-1,-1,-1
542,21690,404,460,54,132,1,-1,-1,-1
542,21711,273,202,30,70,1,-1,-1,-1
542,21712,151,667,94,193,1,-1,-1,-1
542,21713,89,461,44,135,1,-1,-1,-1
542,21714,1860,424,49,137,1,-1,-1,-1
543,21574,408,342,48,101,1,-1,-1,-1
543,21625,927,482,68,108,1,-1,-1,-1
543,21636,877,514,71,109,1,-1,-1,-1
543,21638,1197,422,53,122,1,-1,-1,-1
543,21595,766,326,48,104,1,-1,-1,-1
543,21640,1159,446,67,134,1,-1,-1,-1
543,21643,863,483,71,114,1,-1,-1,-1
543,21649,859,452,52,124,1,-1,-1,-1
543,21657,1481,440,48,125,1,-1,-1,-1
543,21668,1602,351,50,109,1,-1,-1,-1
543,21652,1726,356,49,110,1,-1,-1,-1
543,21679,1746,728,90,198,1,-1,-1,-1
543,21690,401,461,55,131,1,-1,-1,-1
543,21711,271,201,29,70,1,-1,-1,-1
543,21712,148,666,95,195,1,-1,-1,-1
543,21713,87,460,45,136,1,-1,-1,-1
543,21714,1855,424,51,138,1,-1,-1,-1
544,21574,405,341,48,101,1,-1,-1,-1
544,21625,928,481,68,109,1,-1,-1,-1
544,21636,874,514,70,108,1,-1,-1,-1
544,21638,1193,423,52,121,1,-1,-1,-1
544,21595,762,327,47,103,1,-1,-1,-1
544,21640,1160,450,67,132,1,-1,-1,-1
544,21643,862,484,75,118,1,-1,-1,-1
544,21649,859,453,52,124,1,-1,-1,-1
544,21657,1476,441,47,124,1,-1,-1,-1
544,21668,1599,350,50,110,1,-1,-1,-1
544,21652,1722,356,49,110,1,-1,-1,-1
544,21679,1743,728,91,199,1,-1,-1,-1
544,21690,397,462,56,132,1,-1,-1,-1
544,21711,268,201,29,70,1,-1,-1,-1
544,21712,145,666,93,195,1,-1,-1,-1
544,21713,85,460,44,136,1,-1,-1,-1
544,21714,1851,423,52,139,1,-1,-1,-1
545,21574,403,341,46,102,1,-1,-1,-1
545,21625,929,481,69,108,1,-1,-1,-1
545,21636,868,517,69,104,1,-1,-1,-1
545,21638,1187,423,53,120,1,-1,-1,-1
545,21595,759,327,47,103,1,-1,-1,-1
545,21640,1161,453,68,131,1,-1,-1,-1
545,21643,858,484,79,125,1,-1,-1,-1
545,21649,861,454,52,125,1,-1,-1,-1
545,21657,1467,445,45,120,1,-1,-1,-1
545,21668,1595,350,51,110,1,-1,-1,-1
545,21652,1716,355,50,111,1,-1,-1,-1
545,21679,1741,728,90,200,1,-1,-1,-1
545,21690,393,464,57,132,1,-1,-1,-1
545,21711,265,201,29,70,1,-1,-1,-1
545,21712,140,666,93,195,1,-1,-1,-1
545,21713,81,460,44,137,1,-1,-1,-1
545,21714,1842,421,54,142,1,-1,-1,-1
546,21574,399,341,46,102,1,-1,-1,-1
546,21625,930,480,70,109,1,-1,-1,-1
546,21636,865,517,67,103,1,-1,-1,-1
546,21638,1182,424,52,119,1,-1,-1,-1
546,21595,757,327,47,103,1,-1,-1,-1
546,21640,1163,457,68,128,1,-1,-1,-1
546,21643,859,483,79,128,1,-1,-1,-1
546,21649,865,457,52,124,1,-1,-1,-1
546,21657,1462,447,44,118,1,-1,-1,-1
546,21668,1593,349,52,111,1,-1,-1,-1
546,21652,1714,355,49,111,1,-1,-1,-1
546,21679,1739,728,89,200,1,-1,-1,-1
546,21690,392,465,56,131,1,-1,-1,-1
546,21711,260,201,29,70,1,-1,-1,-1
546,21712,135,667,92,194,1,-1,-1,-1
546,21713,77,460,45,138,1,-1,-1,-1
546,21714,1839,420,53,143,1,-1,-1,-1
547,21574,398,340,45,102,1,-1,-1,-1
547,21625,931,480,70,109,1,-1,-1,-1
547,21636,863,519,65,101,1,-1,-1,-1
547,21638,1176,425,53,118,1,-1,-1,-1
547,21595,754,327,48,103,1,-1,-1,-1
547,21640,1164,459,69,128,1,-1,-1,-1
547,21643,862,481,79,131,1,-1,-1,-1
547,21649,868,459,52,124,1,-1,-1,-1
547,21657,1456,449,45,116,1,-1,-1,-1
547,21668,1590,349,53,111,1,-1,-1,-1
547,21652,1712,355,49,111,1,-1,-1,-1
547,21679,1736,728,89,201,1,-1,-1,-1
547,21690,390,465,57,132,1,-1,-1,-1
547,21711,258,201,29,70,1,-1,-1,-1
547,21712,129,668,91,193,1,-1,-1,-1
547,21713,73,460,45,139,1,-1,-1,-1
547,21714,1834,421,54,142,1,-1,-1,-1
548,21574,396,340,44,102,1,-1,-1,-1
548,21625,933,479,71,110,1,-1,-1,-1
548,21636,862,519,65,101,1,-1,-1,-1
548,21638,1171,426,53,117,1,-1,-1,-1
548,21595,752,327,48,103,1,-1,-1,-1
548,21640,1166,461,70,127,1,-1,-1,-1
548,21643,868,483,76,129,1,-1,-1,-1
548,21649,871,462,52,124,1,-1,-1,-1
548,21657,1448,452,45,114,1,-1,-1,-1
548,21668,1588,349,52,111,1,-1,-1,-1
548,21652,1710,354,49,111,1,-1,-1,-1
548,21679,1734,728,89,202,1,-1,-1,-1
548,21690,390,465,57,132,1,-1,-1,-1
548,21711,257,201,29,70,1,-1,-1,-1
548,21712,126,669,90,192,1,-1,-1,-1
548,21713,69,460,45,139,1,-1,-1,-1
548,21714,1828,422,54,141,1,-1,-1,-1
549,21574,394,340,44,102,1,-1,-1,-1
549,21625,934,478,73,111,1,-1,-1,-1
549,21636,861,520,65,100,1,-1,-1,-1
549,21638,1165,427,53,116,1,-1,-1,-1
549,21595,749,326,49,104,1,-1,-1,-1
549,21640,1169,461,70,127,1,-1,-1,-1
549,21643,876,486,73,127,1,-1,-1,-1
549,21649,874,465,52,124,1,-1,-1,-1
549,21657,1443,454,45,112,1,-1,-1,-1
549,21668,1585,348,51,111,1,-1,-1,-1
549,21652,1706,354,50,111,1,-1,-1,-1
549,21679,1732,728,88,202,1,-1,-1,-1
549,21690,392,464,57,133,1,-1,-1,-1
549,21711,254,201,30,70,1,-1,-1,-1
549,21712,122,670,90,191,1,-1,-1,-1
549,21713,67,460,45,140,1,-1,-1,-1
549,21714,1822,424,55,140,1,-1,-1,-1
550,21574,392,340,43,102,1,-1,-1,-1
550,21625,936,477,74,112,1,-1,-1,-1
550,21636,860,522,64,98,1,-1,-1,-1
550,21638,1158,428,53,114,1,-1,-1,-1
550,21595,747,326,49,103,1,-1,-1,-1
550,21640,1171,462,71,127,1,-1,-1,-1
550,21643,885,488,68,122,1,-1,-1,-1
550,21649,877,467,53,124,1,-1,-1,-1
550,21657,1438,455,46,112,1,-1,-1,-1
550,21668,1582,348,51,111,1,-1,-1,-1
550,21652,1705,354,50,111,1,-1,-1,-1
550,21679,1730,728,87,202,1,-1,-1,-1
550,21690,394,463,57,135,1,-1,-1,-1
550,21711,253,200,29,71,1,-1,-1,-1
550,21712,117,672,88,189,1,-1,-1,-1
550,21713,65,460,46,141,1,-1,-1,-1
550,21714,1815,425,57,140,1,-1,-1,-1
551,21574,390,340,42,102,1,-1,-1,-1
551,21625,938,476,75,113,1,-1,-1,-1
551,21636,859,523,64,98,1,-1,-1,-1
551,21638,1153,428,54,114,1,-1,-1,-1
551,21595,745,326,50,103,1,-1,-1,-1
551,21640,1173,463,71,127,1,-1,-1,-1
551,21643,889,488,66,120,1,-1,-1,-1
551,21649,881,470,52,124,1,-1,-1,-1
551,21657,1431,455,47,112,1,-1,-1,-1
551,21668,1579,347,51,111,1,-1,-1,-1
551,21652,1704,354,50,111,1,-1,-1,-1
551,21679,1728,729,87,201,1,-1,-1,-1
551,21690,398,461,57,138,1,-1,-1,-1
551,21711,251,199,30,71,1,-1,-1,-1
551,21712,115,673,87,188,1,-1,-1,-1
551,21713,65,460,46,141,1,-1,-1,-1
551,21714,1811,426,57,139,1,-1,-1,-1
552,21574,388,340,42,102,1,-1,-1,-1
552,21625,940,475,76,114,1,-1,-1,-1
552,21636,859,524,62,96,1,-1,-1,-1
552,21638,1148,426,54,115,1,-1,-1,-1
552,21595,744,325,50,104,1,-1,-1,-1
552,21640,1177,464,71,127,1,-1,-1,-1
552,21643,895,491,61,114,1,-1,-1,-1
552,21649,885,470,52,123,1,-1,-1,-1
552,21657,1426,455,48,113,1,-1,-1,-1
552,21668,1577,347,50,111,1,-1,-1,-1
552,21652,1702,354,50,111,1,-1,-1,-1
552,21679,1726,730,86,200,1,-1,-1,-1
552,21690,400,460,57,139,1,-1,-1,-1
552,21711,249,199,31,71,1,-1,-1,-1
552,21712,112,674,88,189,1,-1,-1,-1
552,21713,63,461,47,140,1,-1,-1,-1
552,21714,1807,425,58,139,1,-1,-1,-1
553,21574,385,340,42,102,1,-1,-1,-1
553,21625,942,474,77,115,1,-1,-1,-1
553,21636,857,527,61,92,1,-1,-1,-1
553,21638,1143,425,55,115,1,-1,-1,-1
553,21595,742,325,50,104,1,-1,-1,-1
553,21640,1179,465,71,127,1,-1,-1,-1
553,21643,897,492,59,113,1,-1,-1,-1
553,21649,891,469,51,121,1,-1,-1,-1
553,21657,1417,455,49,114,1,-1,-1,-1
553,21668,1574,346,50,111,1,-1,-1,-1
553,21652,1699,354,51,111,1,-1,-1,-1
553,21679,1724,730,86,200,1,-1,-1,-1
553,21690,403,462,57,137,1,-1,-1,-1
553,21711,247,198,31,72,1,-1,-1,-1
553,21712,110,673,89,191,1,-1,-1,-1
553,21713,62,461,47,141,1,-1,-1,-1
553,21714,1803,425,59,139,1,-1,-1,-1
554,21574,382,339,41,103,1,-1,-1,-1
554,21625,944,473,78,116,1,-1,-1,-1
554,21636,856,527,61,92,1,-1,-1,-1
554,21638,1137,423,56,117,1,-1,-1,-1
554,21595,740,325,51,104,1,-1,-1,-1
554,21640,1179,465,72,129,1,-1,-1,-1
554,21643,903,493,61,118,1,-1,-1,-1
554,21649,897,466,51,121,1,-1,-1,-1
554,21657,1408,455,51,115,1,-1,-1,-1
554,21668,1571,346,50,111,1,-1,-1,-1
554,21652,1698,354,51,111,1,-1,-1,-1
554,21679,1722,731,86,199,1,-1,-1,-1
554,21690,406,465,58,137,1,-1,-1,-1
554,21711,244,198,32,72,1,-1,-1,-1
554,21712,107,672,91,194,1,-1,-1,-1
554,21713,57,461,48,140,1,-1,-1,-1
554,21714,1800,425,60,139,1,-1,-1,-1
555,21574,380,339,40,102,1,-1,-1,-1
555,21625,946,471,80,118,1,-1,-1,-1
555,21636,853,526,63,93,1,-1,-1,-1
555,21638,1129,421,57,119,1,-1,-1,-1
555,21595,738,324,52,105,1,-1,-1,-1
555,21640,1179,465,72,130,1,-1,-1,-1
555,21643,905,493,62,120,1,-1,-1,-1
555,21649,902,464,51,119,1,-1,-1,-1
555,21657,1399,455,52,116,1,-1,-1,-1
555,21668,1568,346,50,111,1,-1,-1,-1
555,21652,1694,353,52,112,1,-1,-1,-1
555,21679,1721,732,85,199,1,-1,-1,-1
555,21690,406,467,61,135,1,-1,-1,-1
555,21711,242,197,32,72,1,-1,-1,-1
555,21712,103,672,92,195,1,-1,-1,-1
555,21713,52,461,48,140,1,-1,-1,-1
555,21714,1796,425,59,139,1,-1,-1,-1
556,21574,376,339,40,102,1,-1,-1,-1
556,21625,945,472,81,119,1,-1,-1,-1
556,21636,850,524,65,95,1,-1,-1,-1
556,21638,1124,420,58,119,1,-1,-1,-1
556,21595,736,324,51,105,1,-1,-1,-1
556,21640,1178,465,74,132,1,-1,-1,-1
556,21643,910,495,61,121,1,-1,-1,-1
556,21649,911,461,50,117,1,-1,-1,-1
556,21657,1388,455,54,117,1,-1,-1,-1
556,21668,1565,345,49,111,1,-1,-1,-1
556,21652,1691,352,52,112,1,-1,-1,-1
556,21679,1718,733,85,198,1,-1,-1,-1
556,21690,406,471,62,131,1,-1,-1,-1
556,21711,239,197,32,72,1,-1,-1,-1
556,21712,99,672,93,196,1,-1,-1,-1
556,21713,46,461,49,140,1,-1,-1,-1
556,21714,1791,424,59,139,1,-1,-1,-1
557,21574,373,338,40,103,1,-1,-1,-1
557,21625,944,473,81,119,1,-1,-1,-1
557,21636,848,522,67,98,1,-1,-1,-1
557,21638,1117,419,57,119,1,-1,-1,-1
557,21595,734,324,52,105,1,-1,-1,-1
557,21640,1178,466,76,135,1,-1,-1,-1
557,21643,912,496,61,121,1,-1,-1,-1
557,21649,915,460,50,116,1,-1,-1,-1
557,21657,1378,455,56,118,1,-1,-1,-1
557,21668,1561,345,49,111,1,-1,-1,-1
557,21652,1688,352,52,112,1,-1,-1,-1
557,21679,1714,734,85,197,1,-1,-1,-1
557,21690,404,472,65,131,1,-1,-1,-1
557,21711,236,197,32,72,1,-1,-1,-1
557,21712,94,672,95,196,1,-1,-1,-1
557,21713,39,460,49,140,1,-1,-1,-1
557,21714,1785,424,59,139,1,-1,-1,-1
558,21574,369,339,40,103,1,-1,-1,-1
558,21625,943,474,81,120,1,-1,-1,-1
558,21636,847,518,70,102,1,-1,-1,-1
558,21638,1108,417,57,119,1,-1,-1,-1
558,21595,730,323,52,106,1,-1,-1,-1
558,21640,1178,466,77,136,1,-1,-1,-1
558,21643,913,498,61,119,1,-1,-1,-1
558,21649,919,459,50,116,1,-1,-1,-1
558,21657,1362,455,59,121,1,-1,-1,-1
558,21668,1556,345,49,111,1,-1,-1,-1
558,21652,1683,350,53,114,1,-1,-1,-1
558,21679,1707,734,86,197,1,-1,-1,-1
558,21690,400,471,68,131,1,-1,-1,-1
558,21711,231,197,33,72,1,-1,-1,-1
558,21712,87,672,96,197,1,-1,-1,-1
558,21713,34,460,49,139,1,-1,-1,-1
558,21714,1779,424,59,139,1,-1,-1,-1
559,21574,364,339,40,103,1,-1,-1,-1
559,21625,942,475,81,120,1,-1,-1,-1
559,21636,848,514,73,106,1,-1,-1,-1
559,21638,1099,416,57,117,1,-1,-1,-1
559,21595,726,323,52,105,1,-1,-1,-1
559,21640,1178,465,78,137,1,-1,-1,-1
559,21643,915,501,61,117,1,-1,-1,-1
559,21649,922,458,52,118,1,-1,-1,-1
559,21657,1355,455,61,121,1,-1,-1,-1
559,21668,1552,344,48,111,1,-1,-1,-1
559,21652,1680,350,53,114,1,-1,-1,-1
559,21679,1699,734,86,197,1,-1,-1,-1
559,21690,394,470,71,132,1,-1,-1,-1
559,21711,229,196,33,72,1,-1,-1,-1
559,21712,84,672,97,198,1,-1,-1,-1
559,21713,29,459,48,140,1,-1,-1,-1
559,21714,1772,424,59,139,1,-1,-1,-1
560,21574,359,339,40,103,1,-1,-1,-1
560,21625,940,476,81,121,1,-1,-1,-1
560,21636,848,510,77,110,1,-1,-1,-1
560,21638,1090,415,56,116,1,-1,-1,-1
560,21595,720,322,52,106,1,-1,-1,-1
560,21640,1179,464,78,138,1,-1,-1,-1
560,21643,914,503,64,115,1,-1,-1,-1
560,21649,926,458,52,119,1,-1,-1,-1
560,21657,1345,457,61,120,1,-1,-1,-1
560,21668,1546,344,48,111,1,-1,-1,-1
560,21652,1676,349,53,114,1,-1,-1,-1
560,21679,1691,734,86,197,1,-1,-1,-1
560,21690,390,468,73,133,1,-1,-1,-1
560,21711,224,196,33,72,1,-1,-1,-1
560,21712,80,674,98,196,1,-1,-1,-1
560,21713,24,459,48,140,1,-1,-1,-1
560,21714,1763,423,59,140,1,-1,-1,-1
561,21574,351,339,40,103,1,-1,-1,-1
561,21625,939,478,81,121,1,-1,-1,-1
561,21636,849,505,80,116,1,-1,-1,-1
561,21638,1080,414,56,115,1,-1,-1,-1
561,21595,715,322,52,105,1,-1,-1,-1
561,21640,1181,463,78,139,1,-1,-1,-1
561,21643,914,502,68,116,1,-1,-1,-1
561,21649,930,458,53,120,1,-1,-1,-1
561,21657,1333,459,62,119,1,-1,-1,-1
561,21668,1541,344,47,111,1,-1,-1,-1
561,21652,1669,349,53,114,1,-1,-1,-1
561,21679,1683,734,87,197,1,-1,-1,-1
561,21690,385,466,76,136,1,-1,-1,-1
561,21711,218,196,33,72,1,-1,-1,-1
561,21712,77,676,98,194,1,-1,-1,-1
561,21713,15,459,47,139,1,-1,-1,-1
561,21714,1753,423,60,139,1,-1,-1,-1
562,21574,348,339,39,103,1,-1,-1,-1
562,21625,938,479,80,121,1,-1,-1,-1
562,21636,852,504,80,117,1,-1,-1,-1
562,21638,1072,413,56,115,1,-1,-1,-1
562,21595,709,322,53,105,1,-1,-1,-1
562,21640,1183,462,77,140,1,-1,-1,-1
562,21643,912,502,74,117,1,-1,-1,-1
562,21649,936,458,53,121,1,-1,-1,-1
562,21657,1321,461,61,118,1,-1,-1,-1
562,21668,1535,343,48,111,1,-1,-1,-1
562,21652,1666,348,53,115,1,-1,-1,-1
562,21679,1674,735,89,196,1,-1,-1,-1
562,21690,381,462,76,140,1,-1,-1,-1
562,21711,212,196,32,72,1,-1,-1,-1
562,21712,72,679,98,191,1,-1,-1,-1
562,21713,12,459,46,139,1,-1,-1,-1
562,21714,1747,422,59,140,1,-1,-1,-1
563,21574,343,339,40,103,1,-1,-1,-1
563,21625,938,480,79,122,1,-1,-1,-1
563,21636,856,502,79,118,1,-1,-1,-1
563,21638,1063,413,57,115,1,-1,-1,-1
563,21595,704,321,53,106,1,-1,-1,-1
563,21640,1186,461,76,141,1,-1,-1,-1
563,21643,913,502,79,117,1,-1,-1,-1
563,21649,939,458,53,122,1,-1,-1,-1
563,21657,1304,465,61,116,1,-1,-1,-1
563,21668,1527,343,47,111,1,-1,-1,-1
563,21652,1660,348,53,114,1,-1,-1,-1
563,21679,1661,735,90,196,1,-1,-1,-1
563,21690,382,460,76,142,1,-1,-1,-1
563,21711,205,196,33,71,1,-1,-1,-1
563,21712,70,680,99,191,1,-1,-1,-1
563,21713,8,459,46,139,1,-1,-1,-1
563,21714,1738,422,61,141,1,-1,-1,-1
564,21574,338,339,40,103,1,-1,-1,-1
564,21625,936,481,79,122,1,-1,-1,-1
564,21636,860,502,78,118,1,-1,-1,-1
564,21638,1055,412,58,116,1,-1,-1,-1
564,21595,698,321,53,105,1,-1,-1,-1
564,21640,1188,461,74,141,1,-1,-1,-1
564,21643,912,502,84,118,1,-1,-1,-1
564,21649,944,460,54,121,1,-1,-1,-1
564,21657,1294,466,61,116,1,-1,-1,-1
564,21668,1523,342,47,111,1,-1,-1,-1
564,21652,1653,348,52,114,1,-1,-1,-1
564,21679,1656,735,91,196,1,-1,-1,-1
564,21690,385,460,74,142,1,-1,-1,-1
564,21711,197,196,34,71,1,-1,-1,-1
564,21712,68,681,99,195,1,-1,-1,-1
564,21713,4,459,46,140,1,-1,-1,-1
564,21714,1727,421,63,144,1,-1,-1,-1
565,21574,332,339,42,104,1,-1,-1,-1
565,21625,935,483,78,123,1,-1,-1,-1
565,21636,863,503,76,117,1,-1,-1,-1
565,21638,1047,412,58,115,1,-1,-1,-1
565,21595,692,321,53,105,1,-1,-1,-1
565,21640,1190,461,73,141,1,-1,-1,-1
565,21643,910,502,86,116,1,-1,-1,-1
565,21649,949,461,55,121,1,-1,-1,-1
565,21657,1281,468,62,117,1,-1,-1,-1
565,21668,1516,342,47,111,1,-1,-1,-1
565,21652,1645,348,52,114,1,-1,-1,-1
565,21679,1647,734,92,196,1,-1,-1,-1
565,21690,389,459,72,143,1,-1,-1,-1
565,21711,192,196,34,71,1,-1,-1,-1
565,21712,67,681,99,196,1,-1,-1,-1
565,21713,0,459,45,141,1,-1,-1,-1
565,21714,1721,421,64,145,1,-1,-1,-1
566,21574,326,339,42,104,1,-1,-1,-1
566,21625,934,483,76,124,1,-1,-1,-1
566,21636,864,504,75,117,1,-1,-1,-1
566,21638,1036,411,60,117,1,-1,-1,-1
566,21595,686,321,53,105,1,-1,-1,-1
566,21640,1193,461,71,140,1,-1,-1,-1
566,21643,907,502,89,116,1,-1,-1,-1
566,21649,954,463,56,121,1,-1,-1,-1
566,21657,1268,468,63,119,1,-1,-1,-1
566,21668,1509,342,47,111,1,-1,-1,-1
566,21652,1634,348,52,114,1,-1,-1,-1
566,21679,1638,733,93,197,1,-1,-1,-1
566,21690,392,460,70,142,1,-1,-1,-1
566,21711,186,196,34,72,1,-1,-1,-1
566,21712,66,681,99,197,1,-1,-1,-1
566,21713,-5,460,43,142,1,-1,-1,-1
566,21714,1714,422,63,145,1,-1,-1,-1
567,21574,319,339,44,105,1,-1,-1,-1
567,21625,931,484,76,124,1,-1,-1,-1
567,21636,865,506,75,117,1,-1,-1,-1
567,21638,1028,411,60,115,1,-1,-1,-1
567,21595,680,321,53,105,1,-1,-1,-1
567,21640,1194,461,71,141,1,-1,-1,-1
567,21643,903,502,92,116,1,-1,-1,-1
567,21649,959,465,58,120,1,-1,-1,-1
567,21657,1252,468,64,121,1,-1,-1,-1
567,21668,1502,341,47,111,1,-1,-1,-1
567,21652,1628,348,52,114,1,-1,-1,-1
567,21679,1627,732,94,198,1,-1,-1,-1
567,21690,391,463,69,139,1,-1,-1,-1
567,21711,181,196,35,72,1,-1,-1,-1
567,21712,65,681,98,197,1,-1,-1,-1
567,21713,-7,460,42,142,1,-1,-1,-1
567,21714,1705,423,63,143,1,-1,-1,-1
568,21574,313,339,46,105,1,-1,-1,-1
568,21625,929,485,74,124,1,-1,-1,-1
568,21636,866,509,74,115,1,-1,-1,-1
568,21638,1017,410,59,112,1,-1,-1,-1
568,21595,673,320,52,106,1,-1,-1,-1
568,21640,1196,461,70,141,1,-1,-1,-1
568,21643,899,500,94,118,1,-1,-1,-1
568,21649,965,467,59,120,1,-1,-1,-1
568,21657,1244,467,64,123,1,-1,-1,-1
568,21668,1494,341,47,111,1,-1,-1,-1
568,21652,1621,348,52,114,1,-1,-1,-1
568,21679,1617,731,95,199,1,-1,-1,-1
568,21690,391,467,68,136,1,-1,-1,-1
568,21711,172,196,36,72,1,-1,-1,-1
568,21712,64,681,96,197,1,-1,-1,-1
568,21713,-8,461,40,142,1,-1,-1,-1
568,21714,1699,423,63,143,1,-1,-1,-1
569,21574,306,339,47,105,1,-1,-1,-1
569,21625,927,486,72,124,1,-1,-1,-1
569,21636,866,509,75,117,1,-1,-1,-1
569,21638,1006,409,58,108,1,-1,-1,-1
569,21595,667,320,52,105,1,-1,-1,-1
569,21640,1198,462,70,140,1,-1,-1,-1
569,21643,893,496,97,120,1,-1,-1,-1
569,21649,966,468,61,120,1,-1,-1,-1
569,21657,1239,466,64,123,1,-1,-1,-1
569,21668,1486,341,47,111,1,-1,-1,-1
569,21652,1615,348,52,114,1,-1,-1,-1
569,21679,1606,730,96,199,1,-1,-1,-1
569,21690,389,472,68,132,1,-1,-1,-1
569,21711,168,196,36,72,1,-1,-1,-1
569,21712,63,681,96,197,1,-1,-1,-1
569,21713,-9,462,38,141,1,-1,-1,-1
569,21714,1693,423,63,143,1,-1,-1,-1
570,21574,300,339,48,103,1,-1,-1,-1
570,21625,924,487,71,123,1,-1,-1,-1
570,21636,866,508,77,120,1,-1,-1,-1
570,21638,996,407,56,105,1,-1,-1,-1
570,21595,661,320,51,105,1,-1,-1,-1
570,21640,1199,462,69,140,1,-1,-1,-1
570,21643,887,492,99,124,1,-1,-1,-1
570,21649,965,470,64,121,1,-1,-1,-1
570,21657,1234,465,63,124,1,-1,-1,-1
570,21668,1479,341,47,111,1,-1,-1,-1
570,21652,1608,348,52,114,1,-1,-1,-1
570,21679,1596,729,97,200,1,-1,-1,-1
570,21690,386,473,70,131,1,-1,-1,-1
570,21711,163,195,37,72,1,-1,-1,-1
570,21712,59,681,95,198,1,-1,-1,-1
570,21713,-8,476,33,126,1,-1,-1,-1
570,21714,1685,423,62,143,1,-1,-1,-1
571,21574,290,339,49,103,1,-1,-1,-1
571,21625,920,488,70,123,1,-1,-1,-1
571,21636,866,505,81,126,1,-1,-1,-1
571,21638,985,406,55,101,1,-1,-1,-1
571,21595,654,320,50,105,1,-1,-1,-1
571,21640,1198,465,69,137,1,-1,-1,-1
571,21643,877,487,103,130,1,-1,-1,-1
571,21649,963,472,66,121,1,-1,-1,-1
571,21657,1231,465,61,124,1,-1,-1,-1
571,21668,1471,340,46,111,1,-1,-1,-1
571,21652,1598,348,52,114,1,-1,-1,-1
571,21679,1582,727,97,202,1,-1,-1,-1
571,21690,383,472,72,133,1,-1,-1,-1
571,21711,158,195,36,72,1,-1,-1,-1
571,21712,53,682,95,197,1,-1,-1,-1
571,21714,1680,423,63,143,1,-1,-1,-1
572,21574,286,338,50,104,1,-1,-1,-1
572,21625,918,489,69,123,1,-1,-1,-1
572,21636,867,504,81,128,1,-1,-1,-1
572,21638,971,405,52,96,1,-1,-1,-1
572,21595,647,320,50,105,1,-1,-1,-1
572,21640,1197,467,68,135,1,-1,-1,-1
572,21643,869,484,103,133,1,-1,-1,-1
572,21649,961,473,69,123,1,-1,-1,-1
572,21657,1226,466,61,126,1,-1,-1,-1
572,21668,1463,340,47,111,1,-1,-1,-1
572,21652,1592,348,53,113,1,-1,-1,-1
572,21679,1574,727,98,201,1,-1,-1,-1
572,21690,380,471,73,134,1,-1,-1,-1
572,21711,152,195,37,72,1,-1,-1,-1
572,21712,47,683,95,198,1,-1,-1,-1
572,21714,1674,423,63,143,1,-1,-1,-1
573,21574,279,338,50,103,1,-1,-1,-1
573,21625,910,487,68,124,1,-1,-1,-1
573,21636,868,503,82,130,1,-1,-1,-1
573,21638,961,404,52,96,1,-1,-1,-1
573,21595,640,320,50,105,1,-1,-1,-1
573,21640,1195,471,67,132,1,-1,-1,-1
573,21643,859,481,103,137,1,-1,-1,-1
573,21649,958,476,74,124,1,-1,-1,-1
573,21657,1220,467,61,127,1,-1,-1,-1
573,21668,1454,340,47,111,1,-1,-1,-1
573,21652,1585,348,52,113,1,-1,-1,-1
573,21679,1567,726,98,202,1,-1,-1,-1
573,21690,377,470,74,136,1,-1,-1,-1
573,21711,146,194,37,72,1,-1,-1,-1
573,21712,39,684,95,198,1,-1,-1,-1
573,21714,1667,423,63,143,1,-1,-1,-1
574,21574,271,338,51,103,1,-1,-1,-1
574,21625,901,485,67,124,1,-1,-1,-1
574,21636,870,501,82,133,1,-1,-1,-1
574,21638,951,405,52,96,1,-1,-1,-1
574,21595,630,320,48,105,1,-1,-1,-1
574,21640,1189,474,67,129,1,-1,-1,-1
574,21643,851,481,102,137,1,-1,-1,-1
574,21649,956,476,76,126,1,-1,-1,-1
574,21657,1213,469,61,128,1,-1,-1,-1
574,21668,1445,340,47,111,1,-1,-1,-1
574,21652,1575,348,53,113,1,-1,-1,-1
574,21679,1558,725,98,203,1,-1,-1,-1
574,21690,376,469,74,137,1,-1,-1,-1
574,21711,136,193,38,73,1,-1,-1,-1
574,21712,34,685,94,199,1,-1,-1,-1
574,21714,1655,423,62,142,1,-1,-1,-1
575,21574,262,338,52,103,1,-1,-1,-1
575,21625,891,483,66,124,1,-1,-1,-1
575,21636,872,500,82,135,1,-1,-1,-1
575,21638,939,406,53,97,1,-1,-1,-1
575,21595,626,320,48,105,1,-1,-1,-1
575,21640,1179,478,66,125,1,-1,-1,-1
575,21643,841,483,99,134,1,-1,-1,-1
575,21649,954,475,78,128,1,-1,-1,-1
575,21657,1208,471,61,129,1,-1,-1,-1
575,21668,1437,340,47,111,1,-1,-1,-1
575,21652,1563,348,52,112,1,-1,-1,-1
575,21679,1550,725,98,202,1,-1,-1,-1
575,21690,376,469,72,137,1,-1,-1,-1
575,21711,133,193,37,72,1,-1,-1,-1
575,21712,28,686,94,200,1,-1,-1,-1
575,21714,1650,423,62,142,1,-1,-1,-1
575,21715,1886,663,32,182,1,-1,-1,-1
576,21574,254,337,52,104,1,-1,-1,-1
576,21625,881,481,65,124,1,-1,-1,-1
576,21636,874,499,82,137,1,-1,-1,-1
576,21638,928,407,54,99,1,-1,-1,-1
576,21595,621,320,48,105,1,-1,-1,-1
576,21640,1167,483,64,120,1,-1,-1,-1
576,21643,836,484,96,133,1,-1,-1,-1
576,21649,952,474,80,130,1,-1,-1,-1
576,21657,1202,473,61,129,1,-1,-1,-1
576,21668,1428,339,47,111,1,-1,-1,-1
576,21652,1555,348,53,111,1,-1,-1,-1
576,21679,1541,724,99,203,1,-1,-1,-1
576,21690,377,469,70,137,1,-1,-1,-1
576,21711,126,193,38,72,1,-1,-1,-1
576,21712,22,686,92,202,1,-1,-1,-1
576,21714,1640,422,62,141,1,-1,-1,-1
576,21715,1879,663,33,182,1,-1,-1,-1
577,21574,243,337,53,104,1,-1,-1,-1
577,21625,871,478,65,125,1,-1,-1,-1
577,21636,877,500,80,137,1,-1,-1,-1
577,21638,916,408,56,101,1,-1,-1,-1
577,21595,617,320,46,105,1,-1,-1,-1
577,21640,1152,489,62,114,1,-1,-1,-1
577,21643,825,483,95,134,1,-1,-1,-1
577,21649,951,473,80,133,1,-1,-1,-1
577,21657,1195,475,62,130,1,-1,-1,-1
577,21668,1418,339,46,111,1,-1,-1,-1
577,21652,1548,348,52,111,1,-1,-1,-1
577,21679,1533,724,98,202,1,-1,-1,-1
577,21690,378,469,68,137,1,-1,-1,-1
577,21711,119,192,38,74,1,-1,-1,-1
577,21712,14,687,91,204,1,-1,-1,-1
577,21714,1626,423,61,139,1,-1,-1,-1
577,21715,1870,663,33,183,1,-1,-1,-1
578,21574,238,337,52,104,1,-1,-1,-1
578,21625,860,476,64,125,1,-1,-1,-1
578,21636,881,503,77,134,1,-1,-1,-1
578,21638,905,409,57,103,1,-1,-1,-1
578,21595,611,319,47,105,1,-1,-1,-1
578,21640,1145,491,61,112,1,-1,-1,-1
578,21643,821,483,94,135,1,-1,-1,-1
578,21649,951,471,80,134,1,-1,-1,-1
578,21657,1189,477,62,130,1,-1,-1,-1
578,21668,1412,339,47,111,1,-1,-1,-1
578,21652,1540,348,53,111,1,-1,-1,-1
578,21679,1525,723,98,202,1,-1,-1,-1
578,21690,378,471,69,135,1,-1,-1,-1
578,21711,106,192,39,76,1,-1,-1,-1
578,21712,11,688,89,204,1,-1,-1,-1
578,21714,1617,423,62,139,1,-1,-1,-1
578,21715,1860,663,34,183,1,-1,-1,-1
579,21574,232,336,52,105,1,-1,-1,-1
579,21625,854,476,63,125,1,-1,-1,-1
579,21636,885,506,74,132,1,-1,-1,-1
579,21638,887,411,59,105,1,-1,-1,-1
579,21595,606,318,47,105,1,-1,-1,-1
579,21640,1138,490,63,114,1,-1,-1,-1
579,21643,813,481,94,137,1,-1,-1,-1
579,21649,953,470,79,135,1,-1,-1,-1
579,21657,1180,480,63,131,1,-1,-1,-1
579,21668,1408,339,46,111,1,-1,-1,-1
579,21652,1529,348,53,110,1,-1,-1,-1
579,21679,1515,722,98,202,1,-1,-1,-1
579,21690,379,473,70,134,1,-1,-1,-1
579,21711,101,192,39,76,1,-1,-1,-1
579,21712,8,688,87,206,1,-1,-1,-1
579,21714,1610,423,62,138,1,-1,-1,-1
579,21715,1850,663,35,184,1,-1,-1,-1
580,21574,226,335,53,106,1,-1,-1,-1
580,21625,850,475,63,125,1,-1,-1,-1
580,21636,888,510,72,128,1,-1,-1,-1
580,21638,880,411,59,106,1,-1,-1,-1
580,21595,601,317,46,105,1,-1,-1,-1
580,21640,1134,489,63,115,1,-1,-1,-1
580,21643,803,478,93,140,1,-1,-1,-1
580,21649,956,469,78,136,1,-1,-1,-1
580,21657,1177,482,63,131,1,-1,-1,-1
580,21668,1403,338,46,111,1,-1,-1,-1
580,21652,1524,347,53,111,1,-1,-1,-1
580,21679,1510,722,98,202,1,-1,-1,-1
580,21690,379,474,72,134,1,-1,-1,-1
580,21711,97,192,39,76,1,-1,-1,-1
580,21712,5,688,86,207,1,-1,-1,-1
580,21714,1603,423,62,137,1,-1,-1,-1
580,21715,1840,664,36,184,1,-1,-1,-1
581,21574,221,335,52,105,1,-1,-1,-1
581,21625,847,475,61,124,1,-1,-1,-1
581,21636,891,512,71,127,1,-1,-1,-1
581,21638,873,409,59,108,1,-1,-1,-1
581,21595,595,316,47,105,1,-1,-1,-1
581,21640,1128,488,65,116,1,-1,-1,-1
581,21643,794,480,90,137,1,-1,-1,-1
581,21649,961,467,76,137,1,-1,-1,-1
581,21657,1176,483,62,130,1,-1,-1,-1
581,21668,1398,338,46,111,1,-1,-1,-1
581,21652,1519,347,53,111,1,-1,-1,-1
581,21679,1506,721,98,202,1,-1,-1,-1
581,21690,378,475,76,133,1,-1,-1,-1
581,21711,94,191,38,76,1,-1,-1,-1
581,21712,4,689,84,207,1,-1,-1,-1
581,21714,1597,422,63,138,1,-1,-1,-1
581,21715,1830,664,37,184,1,-1,-1,-1
582,21574,215,334,53,106,1,-1,-1,-1
582,21625,843,475,61,124,1,-1,-1,-1
582,21636,895,514,68,125,1,-1,-1,-1
582,21638,866,407,60,108,1,-1,-1,-1
582,21595,589,315,47,105,1,-1,-1,-1
582,21640,1122,487,67,118,1,-1,-1,-1
582,21643,790,481,87,136,1,-1,-1,-1
582,21649,963,467,75,136,1,-1,-1,-1
582,21657,1175,483,63,130,1,-1,-1,-1
582,21668,1391,337,45,111,1,-1,-1,-1
582,21652,1514,346,54,111,1,-1,-1,-1
582,21679,1502,721,99,202,1,-1,-1,-1
582,21690,377,475,79,134,1,-1,-1,-1
582,21711,90,191,38,76,1,-1,-1,-1
582,21712,3,691,83,207,1,-1,-1,-1
582,21714,1593,422,63,138,1,-1,-1,-1
582,21715,1822,663,40,184,1,-1,-1,-1
583,21574,210,334,53,106,1,-1,-1,-1
583,21625,841,475,60,123,1,-1,-1,-1
583,21636,899,517,65,123,1,-1,-1,-1
583,21638,860,405,60,109,1,-1,-1,-1
583,21595,585,314,47,105,1,-1,-1,-1
583,21640,1118,486,68,120,1,-1,-1,-1
583,21643,785,480,85,138,1,-1,-1,-1
583,21649,966,467,72,136,1,-1,-1,-1
583,21657,1175,483,62,129,1,-1,-1,-1
583,21668,1388,336,45,111,1,-1,-1,-1
583,21652,1509,345,54,111,1,-1,-1,-1
583,21679,1499,720,99,202,1,-1,-1,-1
583,21690,378,472,81,135,1,-1,-1,-1
583,21711,85,191,38,74,1,-1,-1,-1
583,21712,2,692,81,207,1,-1,-1,-1
583,21714,1591,422,63,137,1,-1,-1,-1
583,21715,1816,663,41,183,1,-1,-1,-1
584,21574,205,333,51,107,1,-1,-1,-1
584,21625,837,474,60,123,1,-1,-1,-1
584,21636,901,518,64,121,1,-1,-1,-1
584,21638,853,404,60,110,1,-1,-1,-1
584,21595,582,314,47,105,1,-1,-1,-1
584,21640,1115,487,69,120,1,-1,-1,-1
584,21643,785,482,80,134,1,-1,-1,-1
584,21649,968,469,70,135,1,-1,-1,-1
584,21657,1174,484,62,128,1,-1,-1,-1
584,21668,1385,336,45,111,1,-1,-1,-1
584,21652,1504,344,54,111,1,-1,-1,-1
584,21679,1496,720,99,202,1,-1,-1,-1
584,21690,381,468,82,137,1,-1,-1,-1
584,21711,82,190,38,75,1,-1,-1,-1
584,21712,0,692,79,208,1,-1,-1,-1
584,21714,1589,423,63,136,1,-1,-1,-1
584,21715,1810,662,43,182,1,-1,-1,-1
585,21574,200,333,52,107,1,-1,-1,-1
585,21625,835,474,58,122,1,-1,-1,-1
585,21636,904,519,62,119,1,-1,-1,-1
585,21638,846,402,61,111,1,-1,-1,-1
585,21595,578,313,48,105,1,-1,-1,-1
585,21640,1110,487,72,121,1,-1,-1,-1
585,21643,785,483,77,132,1,-1,-1,-1
585,21649,969,470,68,134,1,-1,-1,-1
585,21657,1174,484,62,127,1,-1,-1,-1
585,21668,1381,336,44,111,1,-1,-1,-1
585,21652,1499,343,54,111,1,-1,-1,-1
585,21679,1493,719,99,202,1,-1,-1,-1
585,21690,384,464,82,138,1,-1,-1,-1
585,21711,80,190,37,74,1,-1,-1,-1
585,21712,-2,693,78,207,1,-1,-1,-1
585,21714,1587,423,63,136,1,-1,-1,-1
585,21715,1803,661,46,181,1,-1,-1,-1
586,21574,196,332,51,107,1,-1,-1,-1
586,21625,831,474,59,121,1,-1,-1,-1
586,21636,906,520,61,116,1,-1,-1,-1
586,21638,840,400,61,111,1,-1,-1,-1
586,21595,575,313,48,105,1,-1,-1,-1
586,21640,1107,488,74,122,1,-1,-1,-1
586,21643,785,489,73,126,1,-1,-1,-1
586,21649,971,471,66,133,1,-1,-1,-1
586,21657,1170,484,62,128,1,-1,-1,-1
586,21668,1377,335,44,110,1,-1,-1,-1
586,21652,1494,343,54,111,1,-1,-1,-1
586,21679,1490,719,99,202,1,-1,-1,-1
586,21690,388,460,82,139,1,-1,-1,-1
586,21711,76,189,37,74,1,-1,-1,-1
586,21712,-4,693,77,207,1,-1,-1,-1
586,21714,1585,423,63,136,1,-1,-1,-1
586,21715,1797,661,48,180,1,-1,-1,-1
587,21574,193,332,51,106,1,-1,-1,-1
587,21625,826,474,58,121,1,-1,-1,-1
587,21636,907,521,61,115,1,-1,-1,-1
587,21638,833,398,61,112,1,-1,-1,-1
587,21595,572,312,49,105,1,-1,-1,-1
587,21640,1100,488,79,124,1,-1,-1,-1
587,21643,783,492,72,123,1,-1,-1,-1
587,21649,973,472,64,132,1,-1,-1,-1
587,21657,1165,484,63,129,1,-1,-1,-1
587,21668,1370,334,44,110,1,-1,-1,-1
587,21652,1490,342,55,111,1,-1,-1,-1
587,21679,1487,718,99,202,1,-1,-1,-1
587,21690,393,458,80,140,1,-1,-1,-1
587,21711,73,189,37,74,1,-1,-1,-1
587,21712,-6,693,75,208,1,-1,-1,-1
587,21714,1583,423,63,135,1,-1,-1,-1
587,21715,1791,660,49,179,1,-1,-1,-1
588,21574,189,331,51,107,1,-1,-1,-1
588,21625,824,474,58,120,1,-1,-1,-1
588,21636,909,521,60,113,1,-1,-1,-1
588,21638,825,395,60,113,1,-1,-1,-1
588,21595,569,312,49,105,1,-1,-1,-1
588,21640,1096,489,82,124,1,-1,-1,-1
588,21643,778,495,69,120,1,-1,-1,-1
588,21649,975,474,61,130,1,-1,-1,-1
588,21657,1159,484,64,130,1,-1,-1,-1
588,21668,1367,333,44,110,1,-1,-1,-1
588,21652,1487,341,54,111,1,-1,-1,-1
588,21679,1483,718,99,202,1,-1,-1,-1
588,21690,399,457,78,140,1,-1,-1,-1
588,21711,69,188,38,74,1,-1,-1,-1
588,21712,-7,694,73,206,1,-1,-1,-1
588,21714,1580,422,64,135,1,-1,-1,-1
588,21715,1785,659,51,180,1,-1,-1,-1
589,21574,184,331,52,106,1,-1,-1,-1
589,21625,823,474,57,118,1,-1,-1,-1
589,21636,911,521,60,112,1,-1,-1,-1
589,21638,820,394,60,113,1,-1,-1,-1
589,21595,566,311,49,105,1,-1,-1,-1
589,21640,1090,490,85,124,1,-1,-1,-1
589,21643,774,496,69,119,1,-1,-1,-1
589,21649,976,474,60,130,1,-1,-1,-1
589,21657,1154,484,64,131,1,-1,-1,-1
589,21668,1362,333,44,110,1,-1,-1,-1
589,21652,1483,341,55,111,1,-1,-1,-1
589,21679,1480,717,99,202,1,-1,-1,-1
589,21690,405,456,76,139,1,-1,-1,-1
589,21711,66,187,37,75,1,-1,-1,-1
589,21712,-9,694,71,204,1,-1,-1,-1
589,21714,1577,421,65,135,1,-1,-1,-1
589,21715,1779,659,53,180,1,-1,-1,-1
589,21716,1131,606,20,15,1,-1,-1,-1
590,21574,181,330,52,106,1,-1,-1,-1
590,21625,822,475,57,115,1,-1,-1,-1
590,21636,913,520,62,112,1,-1,-1,-1
590,21638,816,393,59,114,1,-1,-1,-1
590,21595,563,311,49,105,1,-1,-1,-1
590,21640,1083,490,88,124,1,-1,-1,-1
590,21643,769,496,69,118,1,-1,-1,-1
590,21649,975,472,60,131,1,-1,-1,-1
590,21657,1147,484,65,133,1,-1,-1,-1
590,21668,1357,331,45,110,1,-1,-1,-1
590,21652,1479,341,56,110,1,-1,-1,-1
590,21679,1477,716,99,202,1,-1,-1,-1
590,21690,413,456,74,138,1,-1,-1,-1
590,21711,62,186,37,75,1,-1,-1,-1
590,21712,-7,696,68,201,1,-1,-1,-1
590,21714,1575,420,65,135,1,-1,-1,-1
590,21715,1772,659,55,180,1,-1,-1,-1
590,21716,1128,607,20,15,1,-1,-1,-1
591,21574,174,330,53,106,1,-1,-1,-1
591,21625,822,475,55,112,1,-1,-1,-1
591,21636,918,520,63,112,1,-1,-1,-1
591,21638,811,392,59,115,1,-1,-1,-1
591,21595,561,310,48,105,1,-1,-1,-1
591,21640,1074,491,91,123,1,-1,-1,-1
591,21643,765,497,68,117,1,-1,-1,-1
591,21649,973,469,60,133,1,-1,-1,-1
591,21657,1143,484,66,134,1,-1,-1,-1
591,21668,1351,330,45,110,1,-1,-1,-1
591,21652,1473,341,56,109,1,-1,-1,-1
591,21679,1473,715,99,202,1,-1,-1,-1
591,21690,416,456,73,137,1,-1,-1,-1
591,21711,56,184,37,76,1,-1,-1,-1
591,21712,-4,702,65,194,1,-1,-1,-1
591,21714,1571,419,67,135,1,-1,-1,-1
591,21715,1766,658,56,180,1,-1,-1,-1
591,21716,1122,609,20,15,1,-1,-1,-1
592,21574,171,329,54,106,1,-1,-1,-1
592,21625,821,476,54,109,1,-1,-1,-1
592,21636,922,519,65,112,1,-1,-1,-1
592,21638,807,391,58,115,1,-1,-1,-1
592,21595,557,309,50,105,1,-1,-1,-1
592,21640,1069,492,93,121,1,-1,-1,-1
592,21643,760,497,66,116,1,-1,-1,-1
592,21649,970,465,61,136,1,-1,-1,-1
592,21657,1139,487,67,133,1,-1,-1,-1
592,21668,1345,329,46,110,1,-1,-1,-1
592,21652,1471,340,56,109,1,-1,-1,-1
592,21679,1469,714,99,202,1,-1,-1,-1
592,21690,418,456,72,136,1,-1,-1,-1
592,21711,53,183,38,77,1,-1,-1,-1
592,21712,-2,705,65,191,1,-1,-1,-1
592,21714,1567,417,69,136,1,-1,-1,-1
592,21715,1759,658,57,180,1,-1,-1,-1
592,21716,1117,610,20,15,1,-1,-1,-1
593,21574,169,328,53,106,1,-1,-1,-1
593,21625,821,476,53,106,1,-1,-1,-1
593,21636,922,518,68,114,1,-1,-1,-1
593,21638,802,390,58,115,1,-1,-1,-1
593,21595,554,307,50,105,1,-1,-1,-1
593,21640,1063,493,96,121,1,-1,-1,-1
593,21643,755,498,65,113,1,-1,-1,-1
593,21649,968,462,61,138,1,-1,-1,-1
593,21657,1136,489,69,132,1,-1,-1,-1
593,21668,1338,328,47,110,1,-1,-1,-1
593,21652,1467,340,58,109,1,-1,-1,-1
593,21679,1466,713,99,202,1,-1,-1,-1
593,21690,419,456,73,136,1,-1,-1,-1
593,21711,50,183,37,76,1,-1,-1,-1
593,21712,0,707,65,189,1,-1,-1,-1
593,21714,1563,415,70,138,1,-1,-1,-1
593,21715,1752,658,58,180,1,-1,-1,-1
594,21574,166,327,54,106,1,-1,-1,-1
594,21625,820,477,53,104,1,-1,-1,-1
594,21636,920,517,71,118,1,-1,-1,-1
594,21638,798,389,57,116,1,-1,-1,-1
594,21595,548,305,51,106,1,-1,-1,-1
594,21640,1058,495,97,120,1,-1,-1,-1
594,21643,754,498,65,112,1,-1,-1,-1
594,21649,965,457,63,141,1,-1,-1,-1
594,21657,1133,492,70,131,1,-1,-1,-1
594,21668,1334,327,47,110,1,-1,-1,-1
594,21652,1463,340,59,109,1,-1,-1,-1
594,21679,1462,712,99,202,1,-1,-1,-1
594,21690,420,456,74,135,1,-1,-1,-1
594,21711,46,182,37,75,1,-1,-1,-1
594,21712,0,709,67,192,1,-1,-1,-1
594,21714,1558,412,72,140,1,-1,-1,-1
594,21715,1747,657,59,181,1,-1,-1,-1
595,21574,162,326,55,106,1,-1,-1,-1
595,21625,819,477,52,101,1,-1,-1,-1
595,21636,917,515,75,124,1,-1,-1,-1
595,21638,790,388,57,115,1,-1,-1,-1
595,21595,546,304,51,106,1,-1,-1,-1
595,21640,1053,497,98,119,1,-1,-1,-1
595,21643,750,498,66,111,1,-1,-1,-1
595,21649,964,455,63,143,1,-1,-1,-1
595,21657,1129,494,73,130,1,-1,-1,-1
595,21668,1330,326,47,110,1,-1,-1,-1
595,21652,1457,339,60,109,1,-1,-1,-1
595,21679,1458,710,99,202,1,-1,-1,-1
595,21690,422,455,74,136,1,-1,-1,-1
595,21711,41,181,37,75,1,-1,-1,-1
595,21712,0,711,67,193,1,-1,-1,-1
595,21714,1553,409,73,142,1,-1,-1,-1
595,21715,1742,657,61,181,1,-1,-1,-1
596,21574,158,324,55,106,1,-1,-1,-1
596,21625,818,478,52,98,1,-1,-1,-1
596,21636,916,515,78,127,1,-1,-1,-1
596,21638,788,387,56,115,1,-1,-1,-1
596,21595,546,303,51,106,1,-1,-1,-1
596,21640,1044,500,100,118,1,-1,-1,-1
596,21643,748,498,67,112,1,-1,-1,-1
596,21649,966,454,63,143,1,-1,-1,-1
596,21657,1124,497,76,130,1,-1,-1,-1
596,21668,1323,325,48,110,1,-1,-1,-1
596,21652,1454,338,62,109,1,-1,-1,-1
596,21679,1455,709,99,201,1,-1,-1,-1
596,21690,423,452,75,137,1,-1,-1,-1
596,21711,36,181,37,75,1,-1,-1,-1
596,21712,-1,712,66,194,1,-1,-1,-1
596,21714,1551,408,73,142,1,-1,-1,-1
596,21715,1737,658,61,181,1,-1,-1,-1
597,21574,155,323,55,106,1,-1,-1,-1
597,21625,817,479,51,95,1,-1,-1,-1
597,21636,918,514,79,129,1,-1,-1,-1
597,21638,786,386,56,116,1,-1,-1,-1
597,21595,546,302,51,106,1,-1,-1,-1
597,21640,1041,501,101,118,1,-1,-1,-1
597,21643,745,498,70,115,1,-1,-1,-1
597,21649,970,453,63,144,1,-1,-1,-1
597,21657,1121,501,78,127,1,-1,-1,-1
597,21668,1320,324,49,110,1,-1,-1,-1
597,21652,1455,337,62,109,1,-1,-1,-1
597,21679,1453,709,99,199,1,-1,-1,-1
597,21690,426,450,74,137,1,-1,-1,-1
597,21711,32,180,37,75,1,-1,-1,-1
597,21712,0,712,66,194,1,-1,-1,-1
597,21714,1549,409,73,141,1,-1,-1,-1
597,21715,1728,658,63,181,1,-1,-1,-1
598,21574,151,322,56,107,1,-1,-1,-1
598,21625,820,479,51,93,1,-1,-1,-1
598,21636,922,513,78,131,1,-1,-1,-1
598,21638,784,385,56,117,1,-1,-1,-1
598,21595,546,300,51,106,1,-1,-1,-1
598,21640,1033,499,104,120,1,-1,-1,-1
598,21643,747,498,71,115,1,-1,-1,-1
598,21649,974,453,62,143,1,-1,-1,-1
598,21657,1119,505,79,123,1,-1,-1,-1
598,21668,1318,324,49,109,1,-1,-1,-1
598,21652,1456,335,63,110,1,-1,-1,-1
598,21679,1451,708,98,198,1,-1,-1,-1
598,21690,429,446,73,139,1,-1,-1,-1
598,21711,31,180,38,74,1,-1,-1,-1
598,21712,2,712,68,193,1,-1,-1,-1
598,21714,1549,410,71,139,1,-1,-1,-1
598,21715,1725,658,64,181,1,-1,-1,-1
598,21721,1013,618,22,15,1,-1,-1,-1
599,21574,148,320,55,107,1,-1,-1,-1
599,21625,824,478,52,94,1,-1,-1,-1
599,21636,927,511,77,133,1,-1,-1,-1
599,21638,783,384,55,117,1,-1,-1,-1
599,21595,546,299,50,106,1,-1,-1,-1
599,21640,1023,497,107,124,1,-1,-1,-1
599,21643,759,498,69,113,1,-1,-1,-1
599,21649,978,453,62,143,1,-1,-1,-1
599,21657,1117,510,79,117,1,-1,-1,-1
599,21668,1315,323,50,110,1,-1,-1,-1
599,21652,1457,333,64,110,1,-1,-1,-1
599,21679,1449,707,98,197,1,-1,-1,-1
599,21690,435,445,71,139,1,-1,-1,-1
599,21711,33,179,37,74,1,-1,-1,-1
599,21712,6,710,70,194,1,-1,-1,-1
599,21714,1549,411,69,138,1,-1,-1,-1
599,21715,1722,656,64,181,1,-1,-1,-1
599,21721,1012,618,22,15,1,-1,-1,-1
600,21574,147,319,55,107,1,-1,-1,-1
600,21625,828,477,54,94,1,-1,-1,-1
600,21636,933,511,74,132,1,-1,-1,-1
600,21638,781,382,55,118,1,-1,-1,-1
600,21595,546,298,50,106,1,-1,-1,-1
600,21640,1007,493,111,131,1,-1,-1,-1
600,21643,765,499,69,110,1,-1,-1,-1
600,21649,982,453,61,143,1,-1,-1,-1
600,21657,1114,519,77,108,1,-1,-1,-1
600,21668,1313,322,50,110,1,-1,-1,-1
600,21652,1459,331,64,111,1,-1,-1,-1
600,21679,1446,707,100,194,1,-1,-1,-1
600,21690,443,443,70,138,1,-1,-1,-1
600,21711,35,178,37,74,1,-1,-1,-1
600,21712,10,708,72,194,1,-1,-1,-1
600,21714,1550,412,68,136,1,-1,-1,-1
600,21715,1718,654,65,181,1,-1,-1,-1
600,21721,1011,619,22,15,1,-1,-1,-1
601,21574,148,318,55,106,1,-1,-1,-1
601,21625,834,476,54,95,1,-1,-1,-1
601,21636,938,510,73,132,1,-1,-1,-1
601,21638,778,379,54,119,1,-1,-1,-1
601,21595,546,295,50,106,1,-1,-1,-1
601,21640,1001,491,113,134,1,-1,-1,-1
601,21643,771,499,68,109,1,-1,-1,-1
601,21649,986,452,60,144,1,-1,-1,-1
601,21657,1112,522,78,105,1,-1,-1,-1
601,21668,1311,321,50,110,1,-1,-1,-1
601,21652,1461,329,64,111,1,-1,-1,-1
601,21679,1443,706,100,193,1,-1,-1,-1
601,21690,455,441,69,138,1,-1,-1,-1
601,21711,38,176,38,74,1,-1,-1,-1
601,21712,14,706,76,194,1,-1,-1,-1
601,21714,1553,412,68,136,1,-1,-1,-1
601,21715,1715,651,65,181,1,-1,-1,-1
601,21721,1010,620,22,15,1,-1,-1,-1
602,21574,150,317,55,105,1,-1,-1,-1
602,21625,839,475,55,96,1,-1,-1,-1
602,21636,946,510,71,129,1,-1,-1,-1
602,21638,778,378,54,119,1,-1,-1,-1
602,21595,548,294,48,106,1,-1,-1,-1
602,21640,1000,492,112,134,1,-1,-1,-1
602,21643,777,499,70,112,1,-1,-1,-1
602,21649,992,452,59,143,1,-1,-1,-1
602,21657,1114,525,79,101,1,-1,-1,-1
602,21668,1308,319,50,110,1,-1,-1,-1
602,21652,1464,325,64,112,1,-1,-1,-1
602,21679,1440,706,101,189,1,-1,-1,-1
602,21690,462,440,68,138,1,-1,-1,-1
602,21711,40,175,38,74,1,-1,-1,-1
602,21712,16,703,80,194,1,-1,-1,-1
602,21714,1556,412,69,135,1,-1,-1,-1
602,21715,1711,649,65,181,1,-1,-1,-1
602,21721,1009,621,22,15,1,-1,-1,-1
603,21574,152,315,54,104,1,-1,-1,-1
603,21625,844,474,56,96,1,-1,-1,-1
603,21636,951,510,70,128,1,-1,-1,-1
603,21638,779,377,53,119,1,-1,-1,-1
603,21595,550,293,49,105,1,-1,-1,-1
603,21640,1000,493,111,134,1,-1,-1,-1
603,21643,780,498,71,113,1,-1,-1,-1
603,21649,997,451,58,143,1,-1,-1,-1
603,21657,1118,527,78,97,1,-1,-1,-1
603,21668,1307,318,51,110,1,-1,-1,-1
603,21652,1465,324,63,112,1,-1,-1,-1
603,21679,1439,705,102,189,1,-1,-1,-1
603,21690,468,440,68,136,1,-1,-1,-1
603,21711,44,174,37,74,1,-1,-1,-1
603,21712,19,699,83,195,1,-1,-1,-1
603,21714,1559,412,70,134,1,-1,-1,-1
603,21715,1707,646,66,181,1,-1,-1,-1
603,21721,1007,623,22,15,1,-1,-1,-1
604,21574,155,314,53,104,1,-1,-1,-1
604,21625,849,473,57,97,1,-1,-1,-1
604,21636,957,512,69,126,1,-1,-1,-1
604,21638,780,376,53,118,1,-1,-1,-1
604,21595,554,292,48,105,1,-1,-1,-1
604,21640,1000,495,110,134,1,-1,-1,-1
604,21643,790,497,73,116,1,-1,-1,-1
604,21649,1003,451,57,142,1,-1,-1,-1
604,21657,1123,530,77,93,1,-1,-1,-1
604,21668,1307,316,51,110,1,-1,-1,-1
604,21652,1468,324,62,111,1,-1,-1,-1
604,21679,1440,705,103,187,1,-1,-1,-1
604,21690,478,440,69,134,1,-1,-1,-1
604,21711,49,173,37,74,1,-1,-1,-1
604,21712,23,695,87,195,1,-1,-1,-1
604,21714,1560,411,71,134,1,-1,-1,-1
604,21715,1702,641,66,181,1,-1,-1,-1
604,21721,1013,626,22,15,1,-1,-1,-1
605,21574,158,312,53,104,1,-1,-1,-1
605,21625,854,472,58,98,1,-1,-1,-1
605,21636,963,513,69,125,1,-1,-1,-1
605,21638,782,374,52,117,1,-1,-1,-1
605,21595,557,291,49,105,1,-1,-1,-1
605,21640,999,496,109,134,1,-1,-1,-1
605,21643,796,497,73,117,1,-1,-1,-1
605,21649,1010,450,57,141,1,-1,-1,-1
605,21657,1129,533,74,89,1,-1,-1,-1
605,21668,1307,315,51,110,1,-1,-1,-1
605,21652,1472,325,61,108,1,-1,-1,-1
605,21679,1442,703,104,185,1,-1,-1,-1
605,21690,482,440,70,133,1,-1,-1,-1
605,21711,53,171,38,74,1,-1,-1,-1
605,21712,27,694,91,195,1,-1,-1,-1
605,21714,1561,411,72,134,1,-1,-1,-1
605,21715,1700,640,67,181,1,-1,-1,-1
606,21574,161,311,52,103,1,-1,-1,-1
606,21625,861,471,58,98,1,-1,-1,-1
606,21636,969,515,68,123,1,-1,-1,-1
606,21638,785,372,51,118,1,-1,-1,-1
606,21595,564,290,48,104,1,-1,-1,-1
606,21640,995,497,107,135,1,-1,-1,-1
606,21643,802,496,73,117,1,-1,-1,-1
606,21649,1017,450,57,139,1,-1,-1,-1
606,21657,1135,535,71,85,1,-1,-1,-1
606,21668,1308,313,51,110,1,-1,-1,-1
606,21652,1475,326,60,106,1,-1,-1,-1
606,21679,1445,702,105,182,1,-1,-1,-1
606,21690,485,440,70,131,1,-1,-1,-1
606,21711,60,169,37,74,1,-1,-1,-1
606,21712,36,694,93,196,1,-1,-1,-1
606,21714,1565,408,73,135,1,-1,-1,-1
606,21715,1699,641,66,177,1,-1,-1,-1
607,21574,164,310,52,102,1,-1,-1,-1
607,21625,865,470,60,100,1,-1,-1,-1
607,21636,979,518,67,121,1,-1,-1,-1
607,21638,787,371,50,116,1,-1,-1,-1
607,21595,566,290,49,103,1,-1,-1,-1
607,21640,989,498,105,135,1,-1,-1,-1
607,21643,808,495,73,116,1,-1,-1,-1
607,21649,1025,449,56,138,1,-1,-1,-1
607,21657,1138,534,71,83,1,-1,-1,-1
607,21668,1308,311,51,110,1,-1,-1,-1
607,21652,1478,327,60,103,1,-1,-1,-1
607,21679,1447,701,106,179,1,-1,-1,-1
607,21690,491,441,69,127,1,-1,-1,-1
607,21711,65,168,36,74,1,-1,-1,-1
607,21712,50,695,95,196,1,-1,-1,-1
607,21714,1569,404,73,137,1,-1,-1,-1
607,21715,1698,642,67,174,1,-1,-1,-1
608,21574,168,309,51,100,1,-1,-1,-1
608,21625,871,468,61,103,1,-1,-1,-1
608,21636,984,520,67,119,1,-1,-1,-1
608,21638,789,369,49,116,1,-1,-1,-1
608,21595,569,289,49,103,1,-1,-1,-1
608,21640,986,499,102,136,1,-1,-1,-1
608,21643,816,493,72,115,1,-1,-1,-1
608,21649,1036,449,55,135,1,-1,-1,-1
608,21657,1139,530,73,84,1,-1,-1,-1
608,21668,1308,308,52,110,1,-1,-1,-1
608,21652,1482,328,59,101,1,-1,-1,-1
608,21679,1450,700,107,177,1,-1,-1,-1
608,21690,493,441,69,126,1,-1,-1,-1
608,21711,69,166,36,74,1,-1,-1,-1
608,21712,58,696,97,195,1,-1,-1,-1
608,21714,1574,399,74,138,1,-1,-1,-1
608,21715,1696,644,69,170,1,-1,-1,-1
609,21574,170,308,51,100,1,-1,-1,-1
609,21625,878,467,61,105,1,-1,-1,-1
609,21636,994,521,65,118,1,-1,-1,-1
609,21638,790,368,49,116,1,-1,-1,-1
609,21595,573,288,50,102,1,-1,-1,-1
609,21640,983,500,99,136,1,-1,-1,-1
609,21643,821,493,73,114,1,-1,-1,-1
609,21649,1040,448,55,135,1,-1,-1,-1
609,21657,1140,526,76,85,1,-1,-1,-1
609,21668,1308,307,52,110,1,-1,-1,-1
609,21652,1485,328,59,99,1,-1,-1,-1
609,21679,1453,699,108,175,1,-1,-1,-1
609,21690,499,440,70,126,1,-1,-1,-1
609,21711,74,166,35,74,1,-1,-1,-1
609,21712,69,696,98,195,1,-1,-1,-1
609,21714,1578,397,73,138,1,-1,-1,-1
609,21715,1695,645,71,167,1,-1,-1,-1
609,21725,1076,645,22,16,1,-1,-1,-1
610,21574,174,307,51,100,1,-1,-1,-1
610,21625,885,466,62,107,1,-1,-1,-1
610,21636,1004,521,65,117,1,-1,-1,-1
610,21638,792,367,49,115,1,-1,-1,-1
610,21595,578,286,49,103,1,-1,-1,-1
610,21640,979,501,97,136,1,-1,-1,-1
610,21643,828,492,74,114,1,-1,-1,-1
610,21649,1042,446,56,136,1,-1,-1,-1
610,21657,1141,521,79,87,1,-1,-1,-1
610,21668,1308,305,52,110,1,-1,-1,-1
610,21652,1489,328,59,98,1,-1,-1,-1
610,21679,1456,698,109,171,1,-1,-1,-1
610,21690,507,438,70,126,1,-1,-1,-1
610,21711,79,165,35,74,1,-1,-1,-1
610,21712,80,696,99,194,1,-1,-1,-1
610,21714,1580,396,72,138,1,-1,-1,-1
610,21715,1692,647,74,162,1,-1,-1,-1
610,21725,1084,648,23,16,1,-1,-1,-1
611,21574,179,306,51,99,1,-1,-1,-1
611,21625,892,464,62,110,1,-1,-1,-1
611,21636,1020,521,63,116,1,-1,-1,-1
611,21638,793,366,49,114,1,-1,-1,-1
611,21595,582,285,49,102,1,-1,-1,-1
611,21640,977,500,95,136,1,-1,-1,-1
611,21643,835,492,75,114,1,-1,-1,-1
611,21649,1045,443,56,137,1,-1,-1,-1
611,21657,1142,514,83,89,1,-1,-1,-1
611,21668,1308,304,51,109,1,-1,-1,-1
611,21652,1496,325,58,97,1,-1,-1,-1
611,21679,1460,697,111,170,1,-1,-1,-1
611,21690,518,436,69,126,1,-1,-1,-1
611,21711,84,164,35,74,1,-1,-1,-1
611,21712,91,697,101,193,1,-1,-1,-1
611,21714,1583,395,72,138,1,-1,-1,-1
611,21715,1685,649,77,158,1,-1,-1,-1
612,21574,183,305,51,98,1,-1,-1,-1
612,21625,898,463,63,113,1,-1,-1,-1
612,21636,1026,522,63,115,1,-1,-1,-1
612,21638,794,365,50,114,1,-1,-1,-1
612,21595,587,283,48,102,1,-1,-1,-1
612,21640,975,498,95,137,1,-1,-1,-1
612,21643,844,491,78,117,1,-1,-1,-1
612,21649,1047,441,56,137,1,-1,-1,-1
612,21657,1142,511,86,90,1,-1,-1,-1
612,21668,1308,303,50,109,1,-1,-1,-1
612,21652,1498,325,58,96,1,-1,-1,-1
612,21679,1468,696,112,166,1,-1,-1,-1
612,21690,523,435,69,127,1,-1,-1,-1
612,21711,90,163,35,74,1,-1,-1,-1
612,21712,104,697,103,193,1,-1,-1,-1
612,21714,1584,395,71,137,1,-1,-1,-1
612,21715,1675,649,80,156,1,-1,-1,-1
613,21574,188,304,50,97,1,-1,-1,-1
613,21625,905,461,62,115,1,-1,-1,-1
613,21636,1029,524,64,115,1,-1,-1,-1
613,21638,795,364,51,113,1,-1,-1,-1
613,21595,594,281,47,102,1,-1,-1,-1
613,21640,973,496,95,138,1,-1,-1,-1
613,21643,854,490,81,119,1,-1,-1,-1
613,21649,1050,439,56,137,1,-1,-1,-1
613,21657,1144,508,88,90,1,-1,-1,-1
613,21668,1308,302,50,108,1,-1,-1,-1
613,21652,1500,322,59,98,1,-1,-1,-1
613,21679,1478,695,112,163,1,-1,-1,-1
613,21690,526,434,70,127,1,-1,-1,-1
613,21711,91,162,36,74,1,-1,-1,-1
613,21712,113,697,104,192,1,-1,-1,-1
613,21714,1583,395,71,137,1,-1,-1,-1
613,21715,1665,650,83,154,1,-1,-1,-1
614,21574,193,303,50,95,1,-1,-1,-1
614,21625,912,460,62,118,1,-1,-1,-1
614,21636,1030,527,66,116,1,-1,-1,-1
614,21638,796,363,52,112,1,-1,-1,-1
614,21595,596,280,46,102,1,-1,-1,-1
614,21640,971,493,95,139,1,-1,-1,-1
614,21643,865,489,82,120,1,-1,-1,-1
614,21649,1053,436,56,138,1,-1,-1,-1
614,21657,1147,504,90,91,1,-1,-1,-1
614,21668,1307,301,50,108,1,-1,-1,-1
614,21652,1502,320,59,98,1,-1,-1,-1
614,21679,1488,694,114,159,1,-1,-1,-1
614,21690,530,433,69,128,1,-1,-1,-1
614,21711,91,162,35,74,1,-1,-1,-1
614,21712,123,698,105,191,1,-1,-1,-1
614,21714,1581,395,70,137,1,-1,-1,-1
614,21715,1653,650,87,152,1,-1,-1,-1
615,21574,199,302,50,93,1,-1,-1,-1
615,21625,918,459,61,119,1,-1,-1,-1
615,21636,1032,531,69,118,1,-1,-1,-1
615,21638,796,362,53,111,1,-1,-1,-1
615,21595,596,280,46,101,1,-1,-1,-1
615,21640,971,491,94,141,1,-1,-1,-1
615,21643,879,487,81,120,1,-1,-1,-1
615,21649,1055,434,55,139,1,-1,-1,-1
615,21657,1150,501,92,90,1,-1,-1,-1
615,21668,1307,299,49,108,1,-1,-1,-1
615,21652,1503,317,60,100,1,-1,-1,-1
615,21679,1498,693,116,156,1,-1,-1,-1
615,21690,532,432,68,128,1,-1,-1,-1
615,21711,90,161,34,74,1,-1,-1,-1
615,21712,139,700,105,190,1,-1,-1,-1
615,21714,1578,395,71,137,1,-1,-1,-1
615,21715,1642,651,90,150,1,-1,-1,-1
616,21574,200,300,50,93,1,-1,-1,-1
616,21625,922,457,60,120,1,-1,-1,-1
616,21636,1032,534,72,117,1,-1,-1,-1
616,21638,794,362,53,110,1,-1,-1,-1
616,21595,594,279,46,100,1,-1,-1,-1
616,21640,970,489,95,143,1,-1,-1,-1
616,21643,885,486,81,119,1,-1,-1,-1
616,21649,1054,432,55,139,1,-1,-1,-1
616,21657,1153,497,94,91,1,-1,-1,-1
616,21668,1307,298,48,107,1,-1,-1,-1
616,21652,1505,314,60,100,1,-1,-1,-1
616,21679,1508,692,117,152,1,-1,-1,-1
616,21690,533,433,67,126,1,-1,-1,-1
616,21711,89,160,34,74,1,-1,-1,-1
616,21712,146,700,105,190,1,-1,-1,-1
616,21714,1575,395,71,136,1,-1,-1,-1
616,21715,1630,652,92,147,1,-1,-1,-1
617,21574,199,299,50,93,1,-1,-1,-1
617,21625,925,456,59,120,1,-1,-1,-1
617,21636,1037,539,71,112,1,-1,-1,-1
617,21638,792,362,54,109,1,-1,-1,-1
617,21595,592,279,45,98,1,-1,-1,-1
617,21640,970,487,95,145,1,-1,-1,-1
617,21643,888,483,83,120,1,-1,-1,-1
617,21649,1052,431,55,139,1,-1,-1,-1
617,21657,1157,493,95,91,1,-1,-1,-1
617,21668,1302,297,48,107,1,-1,-1,-1
617,21652,1505,312,60,100,1,-1,-1,-1
617,21679,1518,690,119,149,1,-1,-1,-1
617,21690,534,435,65,122,1,-1,-1,-1
617,21711,87,160,34,73,1,-1,-1,-1
617,21712,161,694,107,190,1,-1,-1,-1
617,21714,1572,395,70,135,1,-1,-1,-1
617,21715,1613,652,92,141,1,-1,-1,-1
618,21574,197,298,50,92,1,-1,-1,-1
618,21625,929,455,58,119,1,-1,-1,-1
618,21636,1042,547,70,105,1,-1,-1,-1
618,21638,790,361,54,108,1,-1,-1,-1
618,21595,590,279,45,97,1,-1,-1,-1
618,21640,969,487,93,146,1,-1,-1,-1
618,21643,890,482,83,120,1,-1,-1,-1
618,21649,1051,430,55,139,1,-1,-1,-1
618,21657,1156,490,98,93,1,-1,-1,-1
618,21668,1295,296,46,106,1,-1,-1,-1
618,21652,1504,310,61,101,1,-1,-1,-1
618,21679,1529,689,121,145,1,-1,-1,-1
618,21690,534,436,64,120,1,-1,-1,-1
618,21711,85,159,34,73,1,-1,-1,-1
618,21712,166,692,107,190,1,-1,-1,-1
618,21714,1567,396,69,131,1,-1,-1,-1
618,21715,1589,651,89,133,1,-1,-1,-1
619,21574,193,297,51,92,1,-1,-1,-1
619,21625,932,454,58,119,1,-1,-1,-1
619,21636,1053,559,64,94,1,-1,-1,-1
619,21638,786,361,55,105,1,-1,-1,-1
619,21595,588,278,45,97,1,-1,-1,-1
619,21640,965,488,92,144,1,-1,-1,-1
619,21643,895,481,83,120,1,-1,-1,-1
619,21649,1049,429,55,139,1,-1,-1,-1
619,21657,1153,486,101,96,1,-1,-1,-1
619,21668,1286,296,46,104,1,-1,-1,-1
619,21652,1502,309,61,101,1,-1,-1,-1
619,21679,1536,687,122,144,1,-1,-1,-1
619,21690,533,437,62,116,1,-1,-1,-1
619,21711,84,159,33,72,1,-1,-1,-1
619,21712,169,692,109,189,1,-1,-1,-1
619,21714,1564,395,69,131,1,-1,-1,-1
619,21715,1564,650,84,123,1,-1,-1,-1
620,21574,190,295,51,93,1,-1,-1,-1
620,21625,935,452,58,120,1,-1,-1,-1
620,21636,1055,565,63,88,1,-1,-1,-1
620,21638,785,361,55,104,1,-1,-1,-1
620,21595,586,278,45,95,1,-1,-1,-1
620,21640,960,489,90,143,1,-1,-1,-1
620,21643,900,480,84,121,1,-1,-1,-1
620,21649,1047,428,54,139,1,-1,-1,-1
620,21657,1149,481,104,100,1,-1,-1,-1
620,21668,1276,295,46,104,1,-1,-1,-1
620,21652,1501,308,61,100,1,-1,-1,-1
620,21679,1541,685,124,144,1,-1,-1,-1
620,21690,531,437,61,115,1,-1,-1,-1
620,21711,83,158,32,72,1,-1,-1,-1
620,21712,170,691,112,190,1,-1,-1,-1
620,21714,1557,393,70,130,1,-1,-1,-1
620,21715,1536,649,78,112,1,-1,-1,-1
621,21574,188,294,50,92,1,-1,-1,-1
621,21625,938,451,58,120,1,-1,-1,-1
621,21636,1049,571,61,83,1,-1,-1,-1
621,21638,779,359,56,104,1,-1,-1,-1
621,21595,581,277,45,94,1,-1,-1,-1
621,21640,952,491,88,139,1,-1,-1,-1
621,21643,905,478,84,123,1,-1,-1,-1
621,21649,1045,427,54,139,1,-1,-1,-1
621,21657,1146,477,106,103,1,-1,-1,-1
621,21668,1266,294,46,103,1,-1,-1,-1
621,21652,1499,306,61,99,1,-1,-1,-1
621,21679,1547,682,124,145,1,-1,-1,-1
621,21690,524,437,62,116,1,-1,-1,-1
621,21711,80,157,32,72,1,-1,-1,-1
621,21712,171,691,115,189,1,-1,-1,-1
621,21714,1551,390,69,130,1,-1,-1,-1
621,21715,1511,646,80,111,1,-1,-1,-1
622,21574,185,293,50,92,1,-1,-1,-1
622,21625,942,450,58,119,1,-1,-1,-1
622,21636,1038,583,57,74,1,-1,-1,-1
622,21638,772,357,57,105,1,-1,-1,-1
622,21595,574,277,46,93,1,-1,-1,-1
622,21640,947,492,86,138,1,-1,-1,-1
622,21643,912,477,83,123,1,-1,-1,-1
622,21649,1038,427,54,138,1,-1,-1,-1
622,21657,1143,473,107,106,1,-1,-1,-1
622,21668,1257,293,45,102,1,-1,-1,-1
622,21652,1496,305,60,100,1,-1,-1,-1
622,21679,1553,680,123,146,1,-1,-1,-1
622,21690,514,435,63,118,1,-1,-1,-1
622,21711,77,157,32,72,1,-1,-1,-1
622,21712,172,691,118,189,1,-1,-1,-1
622,21714,1543,387,69,129,1,-1,-1,-1
622,21715,1486,641,84,115,1,-1,-1,-1
623,21574,182,291,49,93,1,-1,-1,-1
623,21625,941,449,58,119,1,-1,-1,-1
623,21636,1030,587,57,71,1,-1,-1,-1
623,21638,764,354,58,106,1,-1,-1,-1
623,21595,567,275,46,93,1,-1,-1,-1
623,21640,937,492,87,138,1,-1,-1,-1
623,21643,914,475,82,124,1,-1,-1,-1
623,21649,1028,428,54,135,1,-1,-1,-1
623,21657,1139,469,109,109,1,-1,-1,-1
623,21668,1247,292,45,101,1,-1,-1,-1
623,21652,1487,304,61,99,1,-1,-1,-1
623,21679,1563,676,119,146,1,-1,-1,-1
623,21690,502,433,64,122,1,-1,-1,-1
623,21711,68,156,32,72,1,-1,-1,-1
623,21712,171,691,123,189,1,-1,-1,-1
623,21714,1534,385,69,130,1,-1,-1,-1
623,21715,1460,636,89,120,1,-1,-1,-1
624,21574,176,289,50,94,1,-1,-1,-1
624,21625,937,447,58,120,1,-1,-1,-1
624,21636,1017,591,57,69,1,-1,-1,-1
624,21638,757,352,58,106,1,-1,-1,-1
624,21595,559,274,46,92,1,-1,-1,-1
624,21640,925,492,89,140,1,-1,-1,-1
624,21643,913,471,83,124,1,-1,-1,-1
624,21649,1017,428,54,133,1,-1,-1,-1
624,21657,1135,463,112,114,1,-1,-1,-1
624,21668,1237,292,46,99,1,-1,-1,-1
624,21652,1478,302,62,100,1,-1,-1,-1
624,21679,1564,674,117,148,1,-1,-1,-1
624,21690,492,433,65,122,1,-1,-1,-1
624,21711,57,155,32,72,1,-1,-1,-1
624,21712,170,692,125,187,1,-1,-1,-1
624,21714,1524,383,68,131,1,-1,-1,-1
624,21715,1434,632,95,125,1,-1,-1,-1
624,21726,1905,504,12,147,1,-1,-1,-1
625,21574,168,288,50,93,1,-1,-1,-1
625,21625,932,445,58,121,1,-1,-1,-1
625,21636,1003,594,57,67,1,-1,-1,-1
625,21638,748,349,59,108,1,-1,-1,-1
625,21595,549,272,46,92,1,-1,-1,-1
625,21640,912,491,90,142,1,-1,-1,-1
625,21643,912,469,83,124,1,-1,-1,-1
625,21649,1004,428,53,129,1,-1,-1,-1
625,21657,1134,460,110,116,1,-1,-1,-1
625,21668,1226,291,45,98,1,-1,-1,-1
625,21652,1462,299,64,101,1,-1,-1,-1
625,21679,1559,669,118,152,1,-1,-1,-1
625,21690,481,433,65,123,1,-1,-1,-1
625,21711,45,154,31,72,1,-1,-1,-1
625,21712,172,694,121,183,1,-1,-1,-1
625,21714,1506,382,70,131,1,-1,-1,-1
625,21715,1400,626,102,132,1,-1,-1,-1
625,21726,1897,500,12,142,1,-1,-1,-1
626,21574,159,286,51,94,1,-1,-1,-1
626,21625,926,444,59,121,1,-1,-1,-1
626,21636,981,599,58,63,1,-1,-1,-1
626,21638,742,348,59,107,1,-1,-1,-1
626,21595,543,271,46,92,1,-1,-1,-1
626,21640,906,490,90,142,1,-1,-1,-1
626,21643,910,467,84,125,1,-1,-1,-1
626,21649,994,427,54,129,1,-1,-1,-1
626,21657,1130,457,109,117,1,-1,-1,-1
626,21668,1216,290,46,97,1,-1,-1,-1
626,21652,1455,298,65,101,1,-1,-1,-1
626,21679,1550,663,121,158,1,-1,-1,-1
626,21690,465,433,66,123,1,-1,-1,-1
626,21711,31,152,31,72,1,-1,-1,-1
626,21712,173,693,121,183,1,-1,-1,-1
626,21714,1499,381,72,132,1,-1,-1,-1
626,21715,1377,622,107,136,1,-1,-1,-1
626,21726,1885,494,13,136,1,-1,-1,-1
627,21574,150,284,51,95,1,-1,-1,-1
627,21625,921,442,58,123,1,-1,-1,-1
627,21636,971,600,58,62,1,-1,-1,-1
627,21638,737,346,58,108,1,-1,-1,-1
627,21595,536,270,47,92,1,-1,-1,-1
627,21640,903,490,89,142,1,-1,-1,-1
627,21643,906,463,86,126,1,-1,-1,-1
627,21649,983,425,55,127,1,-1,-1,-1
627,21657,1128,454,106,117,1,-1,-1,-1
627,21668,1206,288,46,97,1,-1,-1,-1
627,21652,1448,297,65,100,1,-1,-1,-1
627,21679,1541,658,124,162,1,-1,-1,-1
627,21690,456,433,65,123,1,-1,-1,-1
627,21711,22,151,30,71,1,-1,-1,-1
627,21712,180,692,121,186,1,-1,-1,-1
627,21714,1487,380,72,131,1,-1,-1,-1
627,21715,1350,618,109,139,1,-1,-1,-1
628,21574,142,283,51,95,1,-1,-1,-1
628,21625,915,440,59,124,1,-1,-1,-1
628,21636,958,602,59,60,1,-1,-1,-1
628,21638,732,344,58,109,1,-1,-1,-1
628,21595,529,269,47,93,1,-1,-1,-1
628,21640,900,489,89,141,1,-1,-1,-1
628,21643,906,462,87,126,1,-1,-1,-1
628,21649,971,422,57,127,1,-1,-1,-1
628,21657,1124,451,104,117,1,-1,-1,-1
628,21668,1196,287,46,96,1,-1,-1,-1
628,21652,1441,295,64,100,1,-1,-1,-1
628,21679,1531,651,128,169,1,-1,-1,-1
628,21690,445,431,66,125,1,-1,-1,-1
628,21711,14,150,29,70,1,-1,-1,-1
628,21712,191,689,121,191,1,-1,-1,-1
628,21714,1474,379,72,131,1,-1,-1,-1
628,21715,1321,613,112,142,1,-1,-1,-1
628,21727,1829,484,83,129,1,-1,-1,-1
629,21574,133,281,51,95,1,-1,-1,-1
629,21625,910,438,58,125,1,-1,-1,-1
629,21636,939,604,60,59,1,-1,-1,-1
629,21638,727,342,58,109,1,-1,-1,-1
629,21595,522,269,47,92,1,-1,-1,-1
629,21640,899,487,87,141,1,-1,-1,-1
629,21643,908,461,89,128,1,-1,-1,-1
629,21649,960,418,58,128,1,-1,-1,-1
629,21657,1120,448,102,117,1,-1,-1,-1
629,21668,1186,285,45,96,1,-1,-1,-1
629,21652,1434,294,63,100,1,-1,-1,-1
629,21679,1526,647,131,172,1,-1,-1,-1
629,21690,428,428,68,126,1,-1,-1,-1
629,21711,6,150,28,68,1,-1,-1,-1
629,21712,196,688,120,193,1,-1,-1,-1
629,21714,1461,378,71,131,1,-1,-1,-1
629,21715,1292,609,114,145,1,-1,-1,-1
629,21727,1815,480,84,130,1,-1,-1,-1
630,21574,123,279,52,96,1,-1,-1,-1
630,21625,904,436,59,126,1,-1,-1,-1
630,21636,929,601,64,62,1,-1,-1,-1
630,21638,722,341,57,109,1,-1,-1,-1
630,21595,514,268,47,92,1,-1,-1,-1
630,21640,898,486,88,141,1,-1,-1,-1
630,21643,913,460,90,129,1,-1,-1,-1
630,21649,943,413,58,128,1,-1,-1,-1
630,21657,1114,444,99,116,1,-1,-1,-1
630,21668,1176,283,45,97,1,-1,-1,-1
630,21652,1423,293,62,100,1,-1,-1,-1
630,21679,1523,643,131,174,1,-1,-1,-1
630,21690,421,427,68,127,1,-1,-1,-1
630,21711,-1,149,26,67,1,-1,-1,-1
630,21712,200,687,116,193,1,-1,-1,-1
630,21714,1446,377,69,130,1,-1,-1,-1
630,21715,1247,602,116,150,1,-1,-1,-1
630,21727,1808,477,84,131,1,-1,-1,-1
631,21574,120,277,52,96,1,-1,-1,-1
631,21625,898,434,59,127,1,-1,-1,-1
631,21636,916,594,72,70,1,-1,-1,-1
631,21638,714,338,55,110,1,-1,-1,-1
631,21595,507,267,47,92,1,-1,-1,-1
631,21640,899,484,87,143,1,-1,-1,-1
631,21643,916,458,89,131,1,-1,-1,-1
631,21649,935,411,59,128,1,-1,-1,-1
631,21657,1112,443,97,116,1,-1,-1,-1
631,21668,1163,281,45,97,1,-1,-1,-1
631,21652,1420,292,59,100,1,-1,-1,-1
631,21679,1522,639,129,176,1,-1,-1,-1
631,21690,412,426,69,129,1,-1,-1,-1
631,21711,-4,153,23,62,1,-1,-1,-1
631,21712,203,686,113,193,1,-1,-1,-1
631,21714,1438,376,68,129,1,-1,-1,-1
631,21715,1228,600,116,151,1,-1,-1,-1
631,21727,1803,474,86,133,1,-1,-1,-1
632,21574,118,276,52,97,1,-1,-1,-1
632,21625,893,432,59,128,1,-1,-1,-1
632,21636,902,585,81,79,1,-1,-1,-1
632,21638,712,337,54,110,1,-1,-1,-1
632,21595,497,266,48,92,1,-1,-1,-1
632,21640,899,483,88,146,1,-1,-1,-1
632,21643,922,454,90,133,1,-1,-1,-1
632,21649,927,411,59,128,1,-1,-1,-1
632,21657,1114,440,96,117,1,-1,-1,-1
632,21668,1159,279,43,97,1,-1,-1,-1
632,21652,1416,291,59,100,1,-1,-1,-1
632,21679,1520,635,128,179,1,-1,-1,-1
632,21690,402,426,70,130,1,-1,-1,-1
632,21711,-6,157,21,57,1,-1,-1,-1
632,21712,206,686,109,191,1,-1,-1,-1
632,21714,1431,374,67,129,1,-1,-1,-1
632,21715,1205,597,115,151,1,-1,-1,-1
632,21727,1795,468,87,138,1,-1,-1,-1
633,21574,117,275,51,97,1,-1,-1,-1
633,21625,888,430,58,129,1,-1,-1,-1
633,21636,885,572,91,92,1,-1,-1,-1
633,21638,710,337,54,109,1,-1,-1,-1
633,21595,495,265,48,93,1,-1,-1,-1
633,21640,900,481,88,148,1,-1,-1,-1
633,21643,926,452,89,134,1,-1,-1,-1
633,21649,919,411,60,128,1,-1,-1,-1
633,21657,1117,437,94,118,1,-1,-1,-1
633,21668,1156,278,43,96,1,-1,-1,-1
633,21652,1413,290,58,98,1,-1,-1,-1
633,21679,1519,632,125,180,1,-1,-1,-1
633,21690,388,425,71,134,1,-1,-1,-1
633,21712,208,685,106,190,1,-1,-1,-1
633,21714,1423,371,65,129,1,-1,-1,-1
633,21715,1180,593,113,152,1,-1,-1,-1
633,21727,1792,465,87,139,1,-1,-1,-1
634,21574,116,273,50,97,1,-1,-1,-1
634,21625,888,430,58,129,1,-1,-1,-1
634,21636,878,568,95,97,1,-1,-1,-1
634,21638,709,336,54,109,1,-1,-1,-1
634,21595,496,263,47,94,1,-1,-1,-1
634,21640,900,479,89,150,1,-1,-1,-1
634,21643,931,450,89,135,1,-1,-1,-1
634,21649,911,412,61,127,1,-1,-1,-1
634,21657,1120,434,94,120,1,-1,-1,-1
634,21668,1154,276,43,97,1,-1,-1,-1
634,21652,1409,288,58,98,1,-1,-1,-1
634,21679,1519,627,122,184,1,-1,-1,-1
634,21690,382,425,72,134,1,-1,-1,-1
634,21712,211,685,102,187,1,-1,-1,-1
634,21714,1419,370,64,129,1,-1,-1,-1
634,21715,1155,590,111,152,1,-1,-1,-1
634,21727,1790,462,86,141,1,-1,-1,-1
634,21728,0,168,4,46,1,-1,-1,-1
635,21574,115,272,49,98,1,-1,-1,-1
635,21625,891,431,58,129,1,-1,-1,-1
635,21636,877,567,93,97,1,-1,-1,-1
635,21638,707,335,55,107,1,-1,-1,-1
635,21595,497,262,48,94,1,-1,-1,-1
635,21640,901,477,88,153,1,-1,-1,-1
635,21643,938,448,89,134,1,-1,-1,-1
635,21649,903,412,61,128,1,-1,-1,-1
635,21657,1124,432,93,121,1,-1,-1,-1
635,21668,1153,275,42,97,1,-1,-1,-1
635,21652,1404,287,59,97,1,-1,-1,-1
635,21679,1521,627,118,183,1,-1,-1,-1
635,21690,376,426,71,132,1,-1,-1,-1
635,21712,214,684,100,187,1,-1,-1,-1
635,21714,1415,369,64,129,1,-1,-1,-1
635,21715,1130,587,108,151,1,-1,-1,-1
635,21727,1786,460,86,141,1,-1,-1,-1
635,21728,0,165,4,49,1,-1,-1,-1
636,21574,116,271,47,98,1,-1,-1,-1
636,21625,895,433,58,128,1,-1,-1,-1
636,21636,876,567,92,97,1,-1,-1,-1
636,21638,707,335,56,106,1,-1,-1,-1
636,21595,500,260,47,94,1,-1,-1,-1
636,21640,905,475,87,154,1,-1,-1,-1
636,21643,945,448,88,133,1,-1,-1,-1
636,21649,894,413,61,128,1,-1,-1,-1
636,21657,1127,429,92,122,1,-1,-1,-1
636,21668,1151,274,42,97,1,-1,-1,-1
636,21652,1403,285,60,97,1,-1,-1,-1
636,21679,1525,628,113,182,1,-1,-1,-1
636,21690,375,426,70,132,1,-1,-1,-1
636,21712,219,679,98,188,1,-1,-1,-1
636,21714,1410,368,64,130,1,-1,-1,-1
636,21715,1102,583,104,151,1,-1,-1,-1
636,21727,1782,457,85,142,1,-1,-1,-1
636,21728,0,162,4,52,1,-1,-1,-1
637,21574,119,270,45,97,1,-1,-1,-1
637,21625,900,435,57,127,1,-1,-1,-1
637,21636,877,567,89,97,1,-1,-1,-1
637,21638,709,334,58,106,1,-1,-1,-1
637,21595,502,259,47,94,1,-1,-1,-1
637,21640,911,474,86,153,1,-1,-1,-1
637,21643,955,448,87,132,1,-1,-1,-1
637,21649,889,412,62,127,1,-1,-1,-1
637,21657,1130,426,92,124,1,-1,-1,-1
637,21668,1150,272,41,97,1,-1,-1,-1
637,21652,1404,284,60,97,1,-1,-1,-1
637,21679,1529,630,109,180,1,-1,-1,-1
637,21690,373,424,69,132,1,-1,-1,-1
637,21712,225,674,96,189,1,-1,-1,-1
637,21714,1405,367,63,130,1,-1,-1,-1
637,21715,1083,582,102,152,1,-1,-1,-1
637,21727,1781,456,83,141,1,-1,-1,-1
637,21728,0,157,4,57,1,-1,-1,-1
638,21574,124,269,45,97,1,-1,-1,-1
638,21625,904,437,57,126,1,-1,-1,-1
638,21636,878,570,86,94,1,-1,-1,-1
638,21638,713,332,58,106,1,-1,-1,-1
638,21595,504,256,47,96,1,-1,-1,-1
638,21640,919,472,83,153,1,-1,-1,-1
638,21643,968,448,84,132,1,-1,-1,-1
638,21649,886,410,62,128,1,-1,-1,-1
638,21657,1134,423,91,125,1,-1,-1,-1
638,21668,1148,271,41,97,1,-1,-1,-1
638,21652,1405,282,61,97,1,-1,-1,-1
638,21679,1533,632,105,177,1,-1,-1,-1
638,21690,369,421,68,131,1,-1,-1,-1
638,21712,232,669,94,189,1,-1,-1,-1
638,21714,1402,367,63,129,1,-1,-1,-1
638,21715,1067,582,100,151,1,-1,-1,-1
638,21727,1781,455,82,142,1,-1,-1,-1
638,21728,0,154,5,60,1,-1,-1,-1
639,21574,130,268,44,96,1,-1,-1,-1
639,21625,909,439,57,125,1,-1,-1,-1
639,21636,879,575,82,89,1,-1,-1,-1
639,21638,717,330,59,107,1,-1,-1,-1
639,21595,507,255,47,96,1,-1,-1,-1
639,21640,932,469,80,151,1,-1,-1,-1
639,21643,985,449,81,130,1,-1,-1,-1
639,21649,884,407,62,128,1,-1,-1,-1
639,21657,1138,421,90,126,1,-1,-1,-1
639,21668,1146,269,41,97,1,-1,-1,-1
639,21652,1407,280,61,97,1,-1,-1,-1
639,21679,1537,632,103,176,1,-1,-1,-1
639,21690,368,419,67,131,1,-1,-1,-1
639,21712,240,662,92,190,1,-1,-1,-1
639,21714,1400,366,64,129,1,-1,-1,-1
639,21715,1051,582,98,150,1,-1,-1,-1
639,21727,1781,455,81,141,1,-1,-1,-1
639,21728,2,151,6,62,1,-1,-1,-1
640,21574,136,267,44,96,1,-1,-1,-1
640,21625,913,441,58,124,1,-1,-1,-1
640,21636,880,581,77,83,1,-1,-1,-1
640,21638,721,328,60,107,1,-1,-1,-1
640,21595,511,255,46,94,1,-1,-1,-1
640,21640,938,467,78,151,1,-1,-1,-1
640,21643,994,448,79,130,1,-1,-1,-1
640,21649,882,405,63,128,1,-1,-1,-1
640,21657,1143,419,89,127,1,-1,-1,-1
640,21668,1144,268,41,97,1,-1,-1,-1
640,21652,1409,278,61,98,1,-1,-1,-1
640,21679,1542,632,101,176,1,-1,-1,-1
640,21690,369,418,66,131,1,-1,-1,-1
640,21712,245,658,91,191,1,-1,-1,-1
640,21714,1399,365,64,128,1,-1,-1,-1
640,21715,1034,582,99,150,1,-1,-1,-1
640,21727,1782,455,80,140,1,-1,-1,-1
640,21728,7,145,7,66,1,-1,-1,-1
641,21574,141,266,45,95,1,-1,-1,-1
641,21625,916,441,58,123,1,-1,-1,-1
641,21636,882,588,70,76,1,-1,-1,-1
641,21638,726,325,60,108,1,-1,-1,-1
641,21595,515,254,45,94,1,-1,-1,-1
641,21640,947,466,76,151,1,-1,-1,-1
641,21643,1005,446,78,131,1,-1,-1,-1
641,21649,879,402,63,128,1,-1,-1,-1
641,21657,1150,416,86,128,1,-1,-1,-1
641,21668,1145,266,40,97,1,-1,-1,-1
641,21652,1411,276,61,98,1,-1,-1,-1
641,21679,1546,631,100,176,1,-1,-1,-1
641,21690,369,415,64,131,1,-1,-1,-1
641,21712,251,656,89,190,1,-1,-1,-1
641,21714,1397,364,64,127,1,-1,-1,-1
641,21715,1012,582,99,150,1,-1,-1,-1
641,21727,1786,453,79,141,1,-1,-1,-1
641,21728,8,143,9,68,1,-1,-1,-1
642,21574,148,265,46,94,1,-1,-1,-1
642,21625,920,440,57,123,1,-1,-1,-1
642,21636,883,590,68,73,1,-1,-1,-1
642,21638,731,324,59,107,1,-1,-1,-1
642,21595,519,254,45,92,1,-1,-1,-1
642,21640,956,465,75,150,1,-1,-1,-1
642,21643,1021,441,78,132,1,-1,-1,-1
642,21649,879,400,63,128,1,-1,-1,-1
642,21657,1156,414,85,128,1,-1,-1,-1
642,21668,1147,266,40,96,1,-1,-1,-1
642,21652,1413,275,60,98,1,-1,-1,-1
642,21679,1550,630,99,176,1,-1,-1,-1
642,21690,369,413,64,132,1,-1,-1,-1
642,21712,258,653,87,189,1,-1,-1,-1
642,21714,1396,362,65,127,1,-1,-1,-1
642,21715,1000,582,100,149,1,-1,-1,-1
642,21727,1790,451,78,140,1,-1,-1,-1
642,21728,12,142,11,68,1,-1,-1,-1
643,21574,153,264,47,93,1,-1,-1,-1
643,21625,922,439,58,123,1,-1,-1,-1
643,21636,884,590,67,72,1,-1,-1,-1
643,21638,736,322,59,108,1,-1,-1,-1
643,21595,525,254,45,90,1,-1,-1,-1
643,21640,966,464,74,150,1,-1,-1,-1
643,21643,1028,439,77,133,1,-1,-1,-1
643,21649,879,398,64,128,1,-1,-1,-1
643,21657,1163,412,82,129,1,-1,-1,-1
643,21668,1150,265,40,96,1,-1,-1,-1
643,21652,1414,273,59,99,1,-1,-1,-1
643,21679,1554,629,99,176,1,-1,-1,-1
643,21690,371,414,63,130,1,-1,-1,-1
643,21712,263,650,86,189,1,-1,-1,-1
643,21714,1397,360,65,127,1,-1,-1,-1
643,21715,989,581,100,149,1,-1,-1,-1
643,21727,1797,447,76,141,1,-1,-1,-1
643,21728,17,140,12,69,1,-1,-1,-1
644,21574,160,263,47,93,1,-1,-1,-1
644,21625,925,437,58,123,1,-1,-1,-1
644,21636,885,590,66,72,1,-1,-1,-1
644,21638,741,321,59,108,1,-1,-1,-1
644,21595,527,253,46,89,1,-1,-1,-1
644,21640,980,463,74,148,1,-1,-1,-1
644,21643,1039,437,76,133,1,-1,-1,-1
644,21649,880,396,65,128,1,-1,-1,-1
644,21657,1172,409,79,130,1,-1,-1,-1
644,21668,1153,264,41,95,1,-1,-1,-1
644,21652,1416,271,58,99,1,-1,-1,-1
644,21679,1561,628,98,176,1,-1,-1,-1
644,21690,374,415,61,127,1,-1,-1,-1
644,21712,269,648,85,188,1,-1,-1,-1
644,21714,1399,356,65,127,1,-1,-1,-1
644,21715,978,579,99,150,1,-1,-1,-1
644,21727,1800,446,75,140,1,-1,-1,-1
644,21728,22,140,13,67,1,-1,-1,-1
645,21574,167,262,48,93,1,-1,-1,-1
645,21625,928,436,57,123,1,-1,-1,-1
645,21636,887,589,64,71,1,-1,-1,-1
645,21638,750,319,59,108,1,-1,-1,-1
645,21595,532,253,46,89,1,-1,-1,-1
645,21640,987,462,74,148,1,-1,-1,-1
645,21643,1051,437,76,132,1,-1,-1,-1
645,21649,881,393,66,128,1,-1,-1,-1
645,21657,1177,408,76,130,1,-1,-1,-1
645,21668,1157,263,41,95,1,-1,-1,-1
645,21652,1416,270,57,99,1,-1,-1,-1
645,21679,1563,627,98,176,1,-1,-1,-1
645,21690,376,415,59,126,1,-1,-1,-1
645,21712,276,645,83,186,1,-1,-1,-1
645,21714,1399,354,65,127,1,-1,-1,-1
645,21715,968,578,97,149,1,-1,-1,-1
645,21727,1803,444,74,141,1,-1,-1,-1
645,21728,26,139,16,67,1,-1,-1,-1
646,21574,174,261,48,92,1,-1,-1,-1
646,21625,931,435,56,123,1,-1,-1,-1
646,21636,888,588,63,71,1,-1,-1,-1
646,21638,753,318,59,108,1,-1,-1,-1
646,21595,538,252,46,89,1,-1,-1,-1
646,21640,997,461,73,148,1,-1,-1,-1
646,21643,1064,437,77,131,1,-1,-1,-1
646,21649,882,392,67,128,1,-1,-1,-1
646,21657,1181,407,73,130,1,-1,-1,-1
646,21668,1161,262,41,94,1,-1,-1,-1
646,21652,1417,269,56,99,1,-1,-1,-1
646,21679,1566,626,98,176,1,-1,-1,-1
646,21690,378,416,60,126,1,-1,-1,-1
646,21712,280,642,83,186,1,-1,-1,-1
646,21714,1398,353,65,127,1,-1,-1,-1
646,21715,957,577,96,149,1,-1,-1,-1
646,21727,1805,443,73,140,1,-1,-1,-1
646,21728,34,138,17,66,1,-1,-1,-1
647,21574,181,259,48,93,1,-1,-1,-1
647,21625,934,433,56,123,1,-1,-1,-1
647,21636,890,589,61,69,1,-1,-1,-1
647,21638,757,317,59,108,1,-1,-1,-1
647,21595,544,251,46,90,1,-1,-1,-1
647,21640,1007,459,71,148,1,-1,-1,-1
647,21643,1077,437,79,131,1,-1,-1,-1
647,21649,881,391,68,129,1,-1,-1,-1
647,21657,1186,407,69,129,1,-1,-1,-1
647,21668,1164,261,41,93,1,-1,-1,-1
647,21652,1418,267,54,99,1,-1,-1,-1
647,21679,1571,624,97,178,1,-1,-1,-1
647,21690,380,416,60,128,1,-1,-1,-1
647,21712,284,638,82,186,1,-1,-1,-1
647,21714,1397,352,66,127,1,-1,-1,-1
647,21715,946,575,93,149,1,-1,-1,-1
647,21727,1807,442,73,140,1,-1,-1,-1
647,21728,37,137,19,66,1,-1,-1,-1
648,21574,189,258,47,93,1,-1,-1,-1
648,21625,938,431,55,123,1,-1,-1,-1
648,21636,891,589,58,67,1,-1,-1,-1
648,21638,761,316,59,108,1,-1,-1,-1
648,21595,550,249,45,91,1,-1,-1,-1
648,21640,1022,456,70,148,1,-1,-1,-1
648,21643,1090,436,80,132,1,-1,-1,-1
648,21649,879,390,70,129,1,-1,-1,-1
648,21657,1190,407,67,127,1,-1,-1,-1
648,21668,1167,261,42,92,1,-1,-1,-1
648,21652,1419,266,54,99,1,-1,-1,-1
648,21679,1575,623,96,178,1,-1,-1,-1
648,21690,383,417,59,128,1,-1,-1,-1
648,21712,287,634,81,186,1,-1,-1,-1
648,21714,1396,351,65,126,1,-1,-1,-1
648,21715,933,573,90,149,1,-1,-1,-1
648,21727,1809,440,72,141,1,-1,-1,-1
648,21728,39,137,20,66,1,-1,-1,-1
649,21574,198,257,45,93,1,-1,-1,-1
649,21625,940,430,54,123,1,-1,-1,-1
649,21636,891,589,56,66,1,-1,-1,-1
649,21638,764,315,59,108,1,-1,-1,-1
649,21595,560,247,44,92,1,-1,-1,-1
649,21640,1029,455,69,148,1,-1,-1,-1
649,21643,1102,435,82,132,1,-1,-1,-1
649,21649,878,388,71,131,1,-1,-1,-1
649,21657,1194,408,65,125,1,-1,-1,-1
649,21668,1169,260,43,92,1,-1,-1,-1
649,21652,1419,266,53,99,1,-1,-1,-1
649,21679,1580,621,94,179,1,-1,-1,-1
649,21690,384,417,58,127,1,-1,-1,-1
649,21712,291,629,80,186,1,-1,-1,-1
649,21714,1395,350,66,127,1,-1,-1,-1
649,21715,925,573,86,149,1,-1,-1,-1
649,21727,1810,441,72,140,1,-1,-1,-1
649,21728,40,136,22,66,1,-1,-1,-1
650,21574,203,256,45,93,1,-1,-1,-1
650,21625,941,430,54,123,1,-1,-1,-1
650,21636,892,590,53,62,1,-1,-1,-1
650,21638,768,315,59,109,1,-1,-1,-1
650,21595,565,246,42,93,1,-1,-1,-1
650,21640,1037,454,69,148,1,-1,-1,-1
650,21643,1117,433,82,133,1,-1,-1,-1
650,21649,877,387,72,132,1,-1,-1,-1
650,21657,1197,408,64,124,1,-1,-1,-1
650,21668,1170,259,44,92,1,-1,-1,-1
650,21652,1420,265,52,99,1,-1,-1,-1
650,21679,1586,619,91,180,1,-1,-1,-1
650,21690,382,415,58,129,1,-1,-1,-1
650,21712,294,625,79,186,1,-1,-1,-1
650,21714,1395,349,65,127,1,-1,-1,-1
650,21715,914,574,84,148,1,-1,-1,-1
650,21727,1811,441,72,140,1,-1,-1,-1
650,21728,41,135,24,66,1,-1,-1,-1
651,21574,206,256,44,92,1,-1,-1,-1
651,21625,942,430,54,123,1,-1,-1,-1
651,21636,893,591,51,60,1,-1,-1,-1
651,21638,772,314,59,109,1,-1,-1,-1
651,21595,568,246,40,92,1,-1,-1,-1
651,21640,1045,454,69,148,1,-1,-1,-1
651,21643,1126,432,82,135,1,-1,-1,-1
651,21649,876,386,73,133,1,-1,-1,-1
651,21657,1201,408,62,123,1,-1,-1,-1
651,21668,1172,259,43,92,1,-1,-1,-1
651,21652,1420,265,51,99,1,-1,-1,-1
651,21679,1594,617,88,181,1,-1,-1,-1
651,21690,380,414,58,129,1,-1,-1,-1
651,21712,299,620,77,186,1,-1,-1,-1
651,21714,1395,349,65,127,1,-1,-1,-1
651,21715,902,576,82,146,1,-1,-1,-1
651,21727,1812,442,73,141,1,-1,-1,-1
651,21728,43,135,24,66,1,-1,-1,-1
652,21574,209,255,45,92,1,-1,-1,-1
652,21625,944,430,52,123,1,-1,-1,-1
652,21636,893,589,51,61,1,-1,-1,-1
652,21638,776,313,60,109,1,-1,-1,-1
652,21595,571,246,40,92,1,-1,-1,-1
652,21640,1055,453,71,148,1,-1,-1,-1
652,21643,1135,428,82,140,1,-1,-1,-1
652,21649,874,386,73,133,1,-1,-1,-1
652,21657,1205,408,60,122,1,-1,-1,-1
652,21668,1174,258,43,92,1,-1,-1,-1
652,21652,1421,264,49,99,1,-1,-1,-1
652,21679,1598,616,86,181,1,-1,-1,-1
652,21690,379,414,58,130,1,-1,-1,-1
652,21712,301,618,76,186,1,-1,-1,-1
652,21714,1394,348,65,127,1,-1,-1,-1
652,21715,890,578,81,145,1,-1,-1,-1
652,21727,1812,443,74,141,1,-1,-1,-1
652,21728,45,134,25,67,1,-1,-1,-1
653,21574,212,255,44,92,1,-1,-1,-1
653,21625,945,430,52,123,1,-1,-1,-1
653,21636,893,587,51,60,1,-1,-1,-1
653,21638,778,313,60,109,1,-1,-1,-1
653,21595,573,246,40,92,1,-1,-1,-1
653,21640,1060,453,72,147,1,-1,-1,-1
653,21643,1140,427,81,141,1,-1,-1,-1
653,21649,872,386,73,133,1,-1,-1,-1
653,21657,1208,408,60,122,1,-1,-1,-1
653,21668,1175,258,44,91,1,-1,-1,-1
653,21652,1422,264,48,99,1,-1,-1,-1
653,21679,1602,617,84,181,1,-1,-1,-1
653,21690,377,415,59,130,1,-1,-1,-1
653,21712,302,617,74,185,1,-1,-1,-1
653,21714,1394,348,64,127,1,-1,-1,-1
653,21715,878,580,80,144,1,-1,-1,-1
653,21727,1814,442,73,141,1,-1,-1,-1
653,21728,47,133,26,68,1,-1,-1,-1
654,21574,215,255,46,92,1,-1,-1,-1
654,21625,946,430,52,123,1,-1,-1,-1
654,21636,894,587,50,59,1,-1,-1,-1
654,21638,781,313,59,109,1,-1,-1,-1
654,21595,576,247,41,91,1,-1,-1,-1
654,21640,1068,454,72,147,1,-1,-1,-1
654,21643,1154,427,79,139,1,-1,-1,-1
654,21649,870,387,73,133,1,-1,-1,-1
654,21657,1211,407,61,123,1,-1,-1,-1
654,21668,1177,257,43,92,1,-1,-1,-1
654,21652,1422,264,48,99,1,-1,-1,-1
654,21679,1606,617,82,182,1,-1,-1,-1
654,21690,375,416,59,131,1,-1,-1,-1
654,21712,304,617,72,185,1,-1,-1,-1
654,21714,1394,348,63,127,1,-1,-1,-1
654,21715,860,583,80,142,1,-1,-1,-1
654,21727,1817,441,73,142,1,-1,-1,-1
654,21728,47,133,26,67,1,-1,-1,-1
655,21574,216,254,47,92,1,-1,-1,-1
655,21625,947,430,52,123,1,-1,-1,-1
655,21636,894,589,48,57,1,-1,-1,-1
655,21638,782,313,60,109,1,-1,-1,-1
655,21595,577,247,42,91,1,-1,-1,-1
655,21640,1075,454,72,147,1,-1,-1,-1
655,21643,1163,428,77,137,1,-1,-1,-1
655,21649,867,387,73,133,1,-1,-1,-1
655,21657,1216,407,60,124,1,-1,-1,-1
655,21668,1178,257,44,92,1,-1,-1,-1
655,21652,1423,264,46,98,1,-1,-1,-1
655,21679,1611,618,79,183,1,-1,-1,-1
655,21690,373,416,61,132,1,-1,-1,-1
655,21712,304,617,71,184,1,-1,-1,-1
655,21714,1394,348,62,127,1,-1,-1,-1
655,21715,851,585,80,140,1,-1,-1,-1
655,21727,1822,441,71,141,1,-1,-1,-1
655,21728,46,133,26,67,1,-1,-1,-1
656,21574,217,254,48,92,1,-1,-1,-1
656,21625,949,430,51,123,1,-1,-1,-1
656,21638,785,313,59,109,1,-1,-1,-1
656,21595,579,247,42,91,1,-1,-1,-1
656,21640,1084,455,71,147,1,-1,-1,-1
656,21643,1172,430,75,136,1,-1,-1,-1
656,21649,866,387,72,133,1,-1,-1,-1
656,21657,1220,407,61,124,1,-1,-1,-1
656,21668,1180,257,43,92,1,-1,-1,-1
656,21652,1424,265,45,97,1,-1,-1,-1
656,21679,1615,620,78,182,1,-1,-1,-1
656,21690,371,418,61,131,1,-1,-1,-1
656,21712,306,617,69,184,1,-1,-1,-1
656,21714,1393,348,61,127,1,-1,-1,-1
656,21715,842,586,81,139,1,-1,-1,-1
656,21727,1828,441,69,142,1,-1,-1,-1
656,21728,44,132,27,68,1,-1,-1,-1
657,21574,219,253,47,93,1,-1,-1,-1
657,21625,950,430,50,123,1,-1,-1,-1
657,21638,787,313,59,109,1,-1,-1,-1
657,21595,581,246,42,91,1,-1,-1,-1
657,21640,1091,454,70,147,1,-1,-1,-1
657,21643,1181,433,73,134,1,-1,-1,-1
657,21649,865,387,71,133,1,-1,-1,-1
657,21657,1224,407,61,125,1,-1,-1,-1
657,21668,1182,257,43,92,1,-1,-1,-1
657,21652,1425,265,44,97,1,-1,-1,-1
657,21679,1619,622,77,182,1,-1,-1,-1
657,21690,368,420,60,129,1,-1,-1,-1
657,21712,307,617,68,183,1,-1,-1,-1
657,21714,1393,348,61,127,1,-1,-1,-1
657,21715,834,587,80,137,1,-1,-1,-1
657,21727,1835,440,67,143,1,-1,-1,-1
657,21728,43,132,27,67,1,-1,-1,-1
657,21636,895,592,44,54,1,-1,-1,-1
658,21574,221,253,47,92,1,-1,-1,-1
658,21625,951,431,51,123,1,-1,-1,-1
658,21638,788,313,59,109,1,-1,-1,-1
658,21595,582,246,43,91,1,-1,-1,-1
658,21640,1097,453,71,147,1,-1,-1,-1
658,21643,1193,436,70,133,1,-1,-1,-1
658,21649,865,387,69,133,1,-1,-1,-1
658,21657,1230,407,61,126,1,-1,-1,-1
658,21668,1183,257,44,91,1,-1,-1,-1
658,21652,1425,266,44,96,1,-1,-1,-1
658,21679,1624,623,76,183,1,-1,-1,-1
658,21690,365,421,61,129,1,-1,-1,-1
658,21712,308,617,67,181,1,-1,-1,-1
658,21714,1394,348,59,127,1,-1,-1,-1
658,21715,826,589,80,134,1,-1,-1,-1
658,21727,1838,441,66,142,1,-1,-1,-1
658,21728,42,132,27,67,1,-1,-1,-1
658,21636,893,592,45,56,1,-1,-1,-1
659,21574,223,252,46,93,1,-1,-1,-1
659,21625,952,431,50,123,1,-1,-1,-1
659,21638,790,313,59,109,1,-1,-1,-1
659,21595,584,246,42,91,1,-1,-1,-1
659,21640,1103,451,70,147,1,-1,-1,-1
659,21643,1200,437,68,133,1,-1,-1,-1
659,21649,865,387,68,133,1,-1,-1,-1
659,21657,1233,407,61,126,1,-1,-1,-1
659,21668,1185,256,43,92,1,-1,-1,-1
659,21652,1426,267,44,96,1,-1,-1,-1
659,21679,1626,624,76,183,1,-1,-1,-1
659,21690,363,423,61,129,1,-1,-1,-1
659,21712,309,617,66,180,1,-1,-1,-1
659,21714,1394,348,58,127,1,-1,-1,-1
659,21715,818,590,80,133,1,-1,-1,-1
659,21727,1841,442,64,141,1,-1,-1,-1
659,21728,40,132,27,67,1,-1,-1,-1
659,21636,888,592,48,60,1,-1,-1,-1
660,21574,227,252,44,93,1,-1,-1,-1
660,21625,953,432,50,123,1,-1,-1,-1
660,21638,792,313,58,108,1,-1,-1,-1
660,21595,587,245,41,91,1,-1,-1,-1
660,21640,1112,449,70,147,1,-1,-1,-1
660,21643,1205,434,68,135,1,-1,-1,-1
660,21649,864,387,67,133,1,-1,-1,-1
660,21657,1235,407,61,126,1,-1,-1,-1
660,21668,1187,256,43,92,1,-1,-1,-1
660,21652,1427,267,43,95,1,-1,-1,-1
660,21679,1629,624,75,184,1,-1,-1,-1
660,21690,360,425,62,129,1,-1,-1,-1
660,21712,310,616,66,179,1,-1,-1,-1
660,21714,1394,348,57,127,1,-1,-1,-1
660,21715,805,592,81,130,1,-1,-1,-1
660,21727,1842,443,63,140,1,-1,-1,-1
660,21728,39,132,27,67,1,-1,-1,-1
660,21636,885,592,50,61,1,-1,-1,-1
661,21574,228,251,43,93,1,-1,-1,-1
661,21625,954,433,50,123,1,-1,-1,-1
661,21638,793,313,59,108,1,-1,-1,-1
661,21595,590,245,40,91,1,-1,-1,-1
661,21640,1117,448,69,147,1,-1,-1,-1
661,21643,1210,431,68,138,1,-1,-1,-1
661,21649,864,387,65,133,1,-1,-1,-1
661,21657,1238,408,60,126,1,-1,-1,-1
661,21668,1189,256,44,92,1,-1,-1,-1
661,21652,1428,268,43,94,1,-1,-1,-1
661,21679,1632,625,74,183,1,-1,-1,-1
661,21690,359,428,61,128,1,-1,-1,-1
661,21712,311,616,66,178,1,-1,-1,-1
661,21714,1394,348,56,127,1,-1,-1,-1
661,21715,800,593,81,129,1,-1,-1,-1
661,21727,1843,444,62,141,1,-1,-1,-1
661,21728,37,132,27,67,1,-1,-1,-1
661,21636,883,592,50,62,1,-1,-1,-1
662,21574,230,251,42,93,1,-1,-1,-1
662,21625,955,433,51,123,1,-1,-1,-1
662,21638,794,313,60,108,1,-1,-1,-1
662,21595,591,245,40,91,1,-1,-1,-1
662,21640,1122,449,68,146,1,-1,-1,-1
662,21643,1216,428,68,140,1,-1,-1,-1
662,21649,864,387,64,133,1,-1,-1,-1
662,21657,1241,408,62,126,1,-1,-1,-1
662,21668,1190,256,44,92,1,-1,-1,-1
662,21652,1428,268,42,94,1,-1,-1,-1
662,21679,1635,626,73,183,1,-1,-1,-1
662,21690,357,432,60,124,1,-1,-1,-1
662,21712,312,615,65,177,1,-1,-1,-1
662,21714,1395,348,55,127,1,-1,-1,-1
662,21715,795,596,83,129,1,-1,-1,-1
662,21727,1844,445,63,141,1,-1,-1,-1
662,21728,35,132,27,67,1,-1,-1,-1
662,21636,880,591,50,63,1,-1,-1,-1
663,21574,232,252,41,92,1,-1,-1,-1
663,21625,956,434,51,123,1,-1,-1,-1
663,21638,796,314,60,108,1,-1,-1,-1
663,21595,593,246,40,91,1,-1,-1,-1
663,21640,1128,450,67,146,1,-1,-1,-1
663,21643,1222,427,67,141,1,-1,-1,-1
663,21649,864,388,62,133,1,-1,-1,-1
663,21657,1243,408,61,126,1,-1,-1,-1
663,21668,1190,257,43,91,1,-1,-1,-1
663,21652,1427,268,42,94,1,-1,-1,-1
663,21679,1638,626,72,184,1,-1,-1,-1
663,21690,356,433,59,123,1,-1,-1,-1
663,21712,313,615,65,175,1,-1,-1,-1
663,21714,1395,349,54,126,1,-1,-1,-1
663,21715,792,600,82,128,1,-1,-1,-1
663,21727,1845,447,63,141,1,-1,-1,-1
663,21728,33,132,28,67,1,-1,-1,-1
663,21636,879,591,50,63,1,-1,-1,-1
664,21574,234,253,40,92,1,-1,-1,-1
664,21625,958,435,50,123,1,-1,-1,-1
664,21638,799,314,60,108,1,-1,-1,-1
664,21595,595,247,39,90,1,-1,-1,-1
664,21640,1134,450,66,145,1,-1,-1,-1
664,21643,1228,428,67,142,1,-1,-1,-1
664,21649,864,389,61,133,1,-1,-1,-1
664,21657,1244,409,62,126,1,-1,-1,-1
664,21668,1190,257,43,91,1,-1,-1,-1
664,21652,1426,269,42,94,1,-1,-1,-1
664,21679,1641,627,71,183,1,-1,-1,-1
664,21690,356,436,59,121,1,-1,-1,-1
664,21712,315,614,65,174,1,-1,-1,-1
664,21714,1396,350,53,125,1,-1,-1,-1
664,21715,789,604,83,128,1,-1,-1,-1
664,21727,1846,447,64,144,1,-1,-1,-1
664,21728,31,132,29,67,1,-1,-1,-1
664,21636,878,591,49,63,1,-1,-1,-1
665,21574,235,253,41,91,1,-1,-1,-1
665,21625,959,436,50,123,1,-1,-1,-1
665,21638,800,314,61,108,1,-1,-1,-1
665,21595,596,247,41,90,1,-1,-1,-1
665,21640,1141,451,63,144,1,-1,-1,-1
665,21643,1235,430,67,141,1,-1,-1,-1
665,21649,864,390,60,132,1,-1,-1,-1
665,21657,1245,409,62,126,1,-1,-1,-1
665,21668,1190,258,43,91,1,-1,-1,-1
665,21652,1425,269,42,94,1,-1,-1,-1
665,21679,1643,627,70,184,1,-1,-1,-1
665,21690,355,439,58,119,1,-1,-1,-1
665,21712,315,613,66,173,1,-1,-1,-1
665,21714,1397,351,51,124,1,-1,-1,-1
665,21715,786,608,83,127,1,-1,-1,-1
665,21727,1848,448,65,145,1,-1,-1,-1
665,21728,29,132,28,67,1,-1,-1,-1
665,21636,876,591,49,64,1,-1,-1,-1
666,21574,236,254,42,91,1,-1,-1,-1
666,21625,959,436,51,123,1,-1,-1,-1
666,21638,803,314,60,108,1,-1,-1,-1
666,21595,599,249,42,90,1,-1,-1,-1
666,21640,1148,452,62,144,1,-1,-1,-1
666,21643,1243,432,68,141,1,-1,-1,-1
666,21649,864,391,58,132,1,-1,-1,-1
666,21657,1246,409,61,126,1,-1,-1,-1
666,21668,1190,259,42,90,1,-1,-1,-1
666,21652,1423,270,43,93,1,-1,-1,-1
666,21679,1646,628,70,183,1,-1,-1,-1
666,21690,355,442,57,118,1,-1,-1,-1
666,21712,316,612,66,174,1,-1,-1,-1
666,21714,1398,351,50,124,1,-1,-1,-1
666,21715,782,612,83,127,1,-1,-1,-1
666,21727,1849,448,65,146,1,-1,-1,-1
666,21728,27,132,29,67,1,-1,-1,-1
666,21636,874,591,48,64,1,-1,-1,-1
667,21574,238,255,43,90,1,-1,-1,-1
667,21625,959,437,50,124,1,-1,-1,-1
667,21638,807,315,59,108,1,-1,-1,-1
667,21595,599,249,43,90,1,-1,-1,-1
667,21640,1153,452,59,143,1,-1,-1,-1
667,21643,1247,434,67,141,1,-1,-1,-1
667,21649,864,392,57,131,1,-1,-1,-1
667,21657,1248,409,59,127,1,-1,-1,-1
667,21668,1189,259,43,90,1,-1,-1,-1
667,21652,1422,270,43,94,1,-1,-1,-1
667,21679,1647,629,69,183,1,-1,-1,-1
667,21690,355,444,56,119,1,-1,-1,-1
667,21712,317,611,67,174,1,-1,-1,-1
667,21714,1397,351,49,124,1,-1,-1,-1
667,21715,780,615,83,125,1,-1,-1,-1
667,21727,1851,448,64,147,1,-1,-1,-1
667,21728,25,132,28,67,1,-1,-1,-1
667,21636,872,591,49,64,1,-1,-1,-1
668,21574,239,255,43,90,1,-1,-1,-1
668,21625,958,438,51,125,1,-1,-1,-1
668,21638,808,315,59,108,1,-1,-1,-1
668,21595,599,249,44,90,1,-1,-1,-1
668,21640,1156,450,58,144,1,-1,-1,-1
668,21643,1249,437,67,139,1,-1,-1,-1
668,21649,864,393,56,131,1,-1,-1,-1
668,21657,1250,409,57,127,1,-1,-1,-1
668,21668,1190,259,42,90,1,-1,-1,-1
668,21652,1421,270,43,94,1,-1,-1,-1
668,21679,1647,631,69,182,1,-1,-1,-1
668,21690,353,443,58,123,1,-1,-1,-1
668,21712,318,610,68,175,1,-1,-1,-1
668,21714,1397,352,49,124,1,-1,-1,-1
668,21715,778,616,83,126,1,-1,-1,-1
668,21727,1853,448,64,147,1,-1,-1,-1
668,21728,22,132,29,67,1,-1,-1,-1
668,21636,870,591,49,64,1,-1,-1,-1
669,21574,239,255,44,90,1,-1,-1,-1
669,21625,958,439,52,124,1,-1,-1,-1
669,21638,808,316,60,108,1,-1,-1,-1
669,21595,600,250,44,89,1,-1,-1,-1
669,21640,1158,449,58,144,1,-1,-1,-1
669,21643,1252,441,67,137,1,-1,-1,-1
669,21649,864,393,54,131,1,-1,-1,-1
669,21657,1251,410,56,126,1,-1,-1,-1
669,21668,1190,259,42,90,1,-1,-1,-1
669,21652,1419,271,44,94,1,-1,-1,-1
669,21679,1646,632,69,182,1,-1,-1,-1
669,21690,353,443,57,125,1,-1,-1,-1
669,21712,320,609,67,175,1,-1,-1,-1
669,21714,1397,352,48,124,1,-1,-1,-1
669,21715,776,617,83,125,1,-1,-1,-1
669,21727,1854,448,64,147,1,-1,-1,-1
669,21728,19,132,30,67,1,-1,-1,-1
669,21636,867,591,48,64,1,-1,-1,-1
670,21574,240,255,44,90,1,-1,-1,-1
670,21625,958,439,51,126,1,-1,-1,-1
670,21638,809,316,60,108,1,-1,-1,-1
670,21595,601,249,44,90,1,-1,-1,-1
670,21640,1161,448,57,145,1,-1,-1,-1
670,21643,1255,443,66,136,1,-1,-1,-1
670,21649,862,394,54,131,1,-1,-1,-1
670,21657,1251,410,55,126,1,-1,-1,-1
670,21668,1191,258,42,90,1,-1,-1,-1
670,21652,1417,271,44,94,1,-1,-1,-1
670,21679,1646,634,69,181,1,-1,-1,-1
670,21690,352,444,57,126,1,-1,-1,-1
670,21712,321,608,68,176,1,-1,-1,-1
670,21714,1396,352,49,124,1,-1,-1,-1
670,21715,774,619,83,124,1,-1,-1,-1
670,21727,1856,448,64,147,1,-1,-1,-1
670,21728,17,132,29,67,1,-1,-1,-1
670,21636,865,591,48,64,1,-1,-1,-1
671,21574,242,254,42,91,1,-1,-1,-1
671,21625,957,440,52,126,1,-1,-1,-1
671,21638,809,317,60,108,1,-1,-1,-1
671,21595,602,249,44,90,1,-1,-1,-1
671,21640,1163,447,57,145,1,-1,-1,-1
671,21643,1256,443,67,136,1,-1,-1,-1
671,21649,861,394,53,131,1,-1,-1,-1
671,21657,1251,411,53,125,1,-1,-1,-1
671,21668,1192,258,42,90,1,-1,-1,-1
671,21652,1416,271,44,94,1,-1,-1,-1
671,21679,1644,635,70,181,1,-1,-1,-1
671,21690,351,445,57,127,1,-1,-1,-1
671,21712,324,607,68,176,1,-1,-1,-1
671,21714,1395,352,49,125,1,-1,-1,-1
671,21715,773,619,84,125,1,-1,-1,-1
671,21727,1858,449,62,146,1,-1,-1,-1
671,21728,14,133,30,67,1,-1,-1,-1
671,21636,863,591,49,64,1,-1,-1,-1
672,21574,243,253,41,92,1,-1,-1,-1
672,21625,957,441,52,127,1,-1,-1,-1
672,21638,809,318,61,108,1,-1,-1,-1
672,21595,603,249,43,90,1,-1,-1,-1
672,21640,1165,444,58,146,1,-1,-1,-1
672,21643,1259,442,66,137,1,-1,-1,-1
672,21649,860,394,52,131,1,-1,-1,-1
672,21657,1251,411,53,125,1,-1,-1,-1
672,21668,1193,257,41,91,1,-1,-1,-1
672,21652,1413,271,44,95,1,-1,-1,-1
672,21679,1643,636,71,181,1,-1,-1,-1
672,21690,350,447,56,128,1,-1,-1,-1
672,21712,325,606,68,177,1,-1,-1,-1
672,21714,1394,352,50,126,1,-1,-1,-1
672,21715,774,621,85,126,1,-1,-1,-1
672,21727,1859,449,61,146,1,-1,-1,-1
672,21728,10,133,29,67,1,-1,-1,-1
672,21636,861,591,48,65,1,-1,-1,-1
673,21574,244,253,41,92,1,-1,-1,-1
673,21625,957,442,52,127,1,-1,-1,-1
673,21638,810,318,61,108,1,-1,-1,-1
673,21595,605,249,42,90,1,-1,-1,-1
673,21640,1166,444,57,145,1,-1,-1,-1
673,21643,1262,441,67,138,1,-1,-1,-1
673,21649,858,395,51,130,1,-1,-1,-1
673,21657,1251,412,52,124,1,-1,-1,-1
673,21668,1195,257,40,91,1,-1,-1,-1
673,21652,1412,271,44,95,1,-1,-1,-1
673,21679,1641,639,72,179,1,-1,-1,-1
673,21690,348,449,57,130,1,-1,-1,-1
673,21712,326,607,67,175,1,-1,-1,-1
673,21714,1393,352,51,126,1,-1,-1,-1
673,21715,775,623,86,128,1,-1,-1,-1
673,21727,1860,450,61,145,1,-1,-1,-1
673,21728,8,133,30,67,1,-1,-1,-1
673,21636,858,591,49,65,1,-1,-1,-1
674,21574,246,253,40,92,1,-1,-1,-1
674,21625,956,442,53,128,1,-1,-1,-1
674,21638,810,318,62,108,1,-1,-1,-1
674,21595,606,249,41,91,1,-1,-1,-1
674,21640,1166,442,58,146,1,-1,-1,-1
674,21643,1262,440,68,138,1,-1,-1,-1
674,21649,857,395,51,131,1,-1,-1,-1
674,21657,1251,413,51,123,1,-1,-1,-1
674,21668,1194,256,41,91,1,-1,-1,-1
674,21652,1410,271,44,96,1,-1,-1,-1
674,21679,1640,640,74,179,1,-1,-1,-1
674,21690,348,450,56,130,1,-1,-1,-1
674,21712,328,608,65,172,1,-1,-1,-1
674,21714,1391,352,53,127,1,-1,-1,-1
674,21715,775,625,87,131,1,-1,-1,-1
674,21727,1860,450,60,145,1,-1,-1,-1
674,21728,5,133,30,67,1,-1,-1,-1
674,21636,856,591,48,65,1,-1,-1,-1
675,21574,248,254,40,91,1,-1,-1,-1
675,21625,955,443,54,128,1,-1,-1,-1
675,21638,811,317,62,109,1,-1,-1,-1
675,21595,607,249,40,90,1,-1,-1,-1
675,21640,1166,440,58,147,1,-1,-1,-1
675,21643,1262,440,68,139,1,-1,-1,-1
675,21649,856,395,50,131,1,-1,-1,-1
675,21657,1250,414,50,121,1,-1,-1,-1
675,21668,1194,256,40,92,1,-1,-1,-1
675,21652,1409,270,44,97,1,-1,-1,-1
675,21679,1640,641,75,179,1,-1,-1,-1
675,21690,346,449,57,132,1,-1,-1,-1
675,21712,331,609,63,168,1,-1,-1,-1
675,21714,1390,352,54,127,1,-1,-1,-1
675,21715,776,629,89,134,1,-1,-1,-1
675,21727,1859,451,60,144,1,-1,-1,-1
675,21728,2,133,30,68,1,-1,-1,-1
675,21636,853,591,48,66,1,-1,-1,-1
676,21574,250,255,41,91,1,-1,-1,-1
676,21625,955,444,54,128,1,-1,-1,-1
676,21638,811,317,63,109,1,-1,-1,-1
676,21595,607,249,40,90,1,-1,-1,-1
676,21640,1167,438,57,148,1,-1,-1,-1
676,21643,1260,439,68,139,1,-1,-1,-1
676,21649,855,396,49,129,1,-1,-1,-1
676,21657,1250,415,50,120,1,-1,-1,-1
676,21668,1193,256,41,92,1,-1,-1,-1
676,21652,1407,270,44,97,1,-1,-1,-1
676,21679,1641,641,77,180,1,-1,-1,-1
676,21690,345,449,57,134,1,-1,-1,-1
676,21712,332,609,63,166,1,-1,-1,-1
676,21714,1388,352,55,126,1,-1,-1,-1
676,21715,777,630,88,135,1,-1,-1,-1
676,21727,1857,453,60,142,1,-1,-1,-1
676,21728,0,133,28,67,1,-1,-1,-1
676,21636,849,591,48,66,1,-1,-1,-1
677,21574,251,255,41,91,1,-1,-1,-1
677,21625,955,444,53,128,1,-1,-1,-1
677,21638,812,316,63,111,1,-1,-1,-1
677,21595,608,250,39,89,1,-1,-1,-1
677,21640,1167,436,58,148,1,-1,-1,-1
677,21643,1260,439,68,139,1,-1,-1,-1
677,21649,853,396,49,129,1,-1,-1,-1
677,21657,1251,415,50,120,1,-1,-1,-1
677,21668,1191,256,42,92,1,-1,-1,-1
677,21652,1405,270,43,97,1,-1,-1,-1
677,21679,1642,642,77,179,1,-1,-1,-1
677,21690,344,449,57,135,1,-1,-1,-1
677,21712,333,609,62,165,1,-1,-1,-1
677,21714,1386,352,56,126,1,-1,-1,-1
677,21715,779,630,89,138,1,-1,-1,-1
677,21727,1855,453,61,142,1,-1,-1,-1
677,21728,-3,133,27,67,1,-1,-1,-1
677,21636,847,591,46,64,1,-1,-1,-1
678,21574,249,255,43,91,1,-1,-1,-1
678,21625,955,444,53,128,1,-1,-1,-1
678,21638,812,316,62,111,1,-1,-1,-1
678,21595,607,250,40,89,1,-1,-1,-1
678,21640,1168,434,58,149,1,-1,-1,-1
678,21643,1260,439,69,139,1,-1,-1,-1
678,21649,851,397,49,127,1,-1,-1,-1
678,21657,1252,415,50,119,1,-1,-1,-1
678,21668,1190,256,43,92,1,-1,-1,-1
678,21652,1405,270,42,97,1,-1,-1,-1
678,21679,1644,642,77,180,1,-1,-1,-1
678,21690,343,450,57,136,1,-1,-1,-1
678,21712,334,610,62,165,1,-1,-1,-1
678,21714,1385,352,56,125,1,-1,-1,-1
678,21715,780,628,93,143,1,-1,-1,-1
678,21727,1854,454,61,141,1,-1,-1,-1
678,21728,-4,136,24,63,1,-1,-1,-1
678,21636,844,591,45,61,1,-1,-1,-1
679,21574,247,254,44,92,1,-1,-1,-1
679,21625,954,444,54,128,1,-1,-1,-1
679,21638,812,316,62,111,1,-1,-1,-1
679,21595,607,251,40,89,1,-1,-1,-1
679,21640,1169,433,56,147,1,-1,-1,-1
679,21643,1261,439,68,138,1,-1,-1,-1
679,21649,849,397,50,127,1,-1,-1,-1
679,21657,1254,414,50,120,1,-1,-1,-1
679,21668,1189,256,43,92,1,-1,-1,-1
679,21652,1402,269,42,98,1,-1,-1,-1
679,21679,1646,643,77,180,1,-1,-1,-1
679,21690,342,451,57,136,1,-1,-1,-1
679,21712,336,610,62,164,1,-1,-1,-1
679,21714,1383,352,57,124,1,-1,-1,-1
679,21715,782,627,95,147,1,-1,-1,-1
679,21727,1853,454,62,141,1,-1,-1,-1
679,21728,-3,147,19,50,1,-1,-1,-1
679,21636,841,590,44,58,1,-1,-1,-1
680,21574,245,254,44,92,1,-1,-1,-1
680,21625,954,445,54,127,1,-1,-1,-1
680,21638,811,315,62,112,1,-1,-1,-1
680,21595,606,251,41,89,1,-1,-1,-1
680,21640,1169,431,56,146,1,-1,-1,-1
680,21643,1263,440,67,137,1,-1,-1,-1
680,21649,848,397,51,127,1,-1,-1,-1
680,21657,1256,414,51,120,1,-1,-1,-1
680,21668,1188,256,43,92,1,-1,-1,-1
680,21652,1401,270,40,97,1,-1,-1,-1
680,21679,1647,643,78,181,1,-1,-1,-1
680,21690,341,453,58,136,1,-1,-1,-1
680,21712,337,610,62,164,1,-1,-1,-1
680,21714,1383,352,57,124,1,-1,-1,-1
680,21715,783,625,98,152,1,-1,-1,-1
680,21727,1851,454,63,140,1,-1,-1,-1
680,21728,-2,161,12,33,1,-1,-1,-1
680,21636,839,589,43,59,1,-1,-1,-1
681,21574,243,253,44,92,1,-1,-1,-1
681,21625,953,445,55,127,1,-1,-1,-1
681,21638,811,315,62,111,1,-1,-1,-1
681,21595,606,251,41,89,1,-1,-1,-1
681,21640,1169,431,55,145,1,-1,-1,-1
681,21643,1264,440,67,135,1,-1,-1,-1
681,21649,847,397,52,126,1,-1,-1,-1
681,21657,1258,414,51,119,1,-1,-1,-1
681,21668,1187,255,43,92,1,-1,-1,-1
681,21652,1398,270,40,96,1,-1,-1,-1
681,21679,1649,644,78,181,1,-1,-1,-1
681,21690,339,456,58,136,1,-1,-1,-1
681,21712,337,610,63,163,1,-1,-1,-1
681,21714,1384,352,57,123,1,-1,-1,-1
681,21715,785,623,102,157,1,-1,-1,-1
681,21727,1850,453,64,140,1,-1,-1,-1
681,21636,834,588,46,61,1,-1,-1,-1
682,21574,241,251,44,93,1,-1,-1,-1
682,21625,953,445,54,127,1,-1,-1,-1
682,21638,810,315,62,111,1,-1,-1,-1
682,21595,605,249,42,90,1,-1,-1,-1
682,21640,1169,430,53,143,1,-1,-1,-1
682,21643,1267,440,66,135,1,-1,-1,-1
682,21649,846,397,52,127,1,-1,-1,-1
682,21657,1260,414,50,119,1,-1,-1,-1
682,21668,1186,255,42,92,1,-1,-1,-1
682,21652,1396,270,39,96,1,-1,-1,-1
682,21679,1651,644,78,182,1,-1,-1,-1
682,21690,339,457,58,136,1,-1,-1,-1
682,21712,339,611,63,163,1,-1,-1,-1
682,21714,1386,352,57,123,1,-1,-1,-1
682,21715,789,624,104,158,1,-1,-1,-1
682,21727,1848,452,66,141,1,-1,-1,-1
682,21636,832,588,47,62,1,-1,-1,-1
682,21729,0,184,3,7,1,-1,-1,-1
683,21574,240,251,44,93,1,-1,-1,-1
683,21625,953,445,54,127,1,-1,-1,-1
683,21638,809,315,62,111,1,-1,-1,-1
683,21595,605,248,41,91,1,-1,-1,-1
683,21640,1169,429,52,141,1,-1,-1,-1
683,21643,1269,438,65,136,1,-1,-1,-1
683,21649,845,397,53,127,1,-1,-1,-1
683,21657,1261,414,51,119,1,-1,-1,-1
683,21668,1186,254,41,92,1,-1,-1,-1
683,21652,1394,271,39,95,1,-1,-1,-1
683,21679,1654,644,77,183,1,-1,-1,-1
683,21690,338,457,59,137,1,-1,-1,-1
683,21712,339,611,64,162,1,-1,-1,-1
683,21714,1388,352,56,123,1,-1,-1,-1
683,21715,795,625,104,158,1,-1,-1,-1
683,21727,1846,450,67,141,1,-1,-1,-1
683,21636,829,587,47,64,1,-1,-1,-1
683,21729,0,184,3,7,1,-1,-1,-1
684,21574,240,250,44,93,1,-1,-1,-1
684,21625,952,445,55,126,1,-1,-1,-1
684,21638,808,315,63,111,1,-1,-1,-1
684,21595,605,246,40,93,1,-1,-1,-1
684,21640,1168,428,52,140,1,-1,-1,-1
684,21643,1272,437,65,137,1,-1,-1,-1
684,21649,843,397,54,127,1,-1,-1,-1
684,21657,1264,413,51,120,1,-1,-1,-1
684,21668,1185,253,40,92,1,-1,-1,-1
684,21652,1392,271,39,95,1,-1,-1,-1
684,21679,1656,645,76,183,1,-1,-1,-1
684,21690,337,457,60,138,1,-1,-1,-1
684,21712,340,611,64,162,1,-1,-1,-1
684,21714,1391,352,54,123,1,-1,-1,-1
684,21715,802,627,103,157,1,-1,-1,-1
684,21727,1845,449,68,142,1,-1,-1,-1
684,21636,825,587,47,64,1,-1,-1,-1
684,21729,0,184,3,7,1,-1,-1,-1
685,21574,240,250,44,93,1,-1,-1,-1
685,21625,952,445,54,126,1,-1,-1,-1
685,21638,807,315,64,111,1,-1,-1,-1
685,21595,605,246,40,92,1,-1,-1,-1
685,21640,1166,426,52,141,1,-1,-1,-1
685,21643,1273,437,64,136,1,-1,-1,-1
685,21649,841,397,55,128,1,-1,-1,-1
685,21657,1265,413,51,120,1,-1,-1,-1
685,21668,1184,252,39,93,1,-1,-1,-1
685,21652,1390,272,39,94,1,-1,-1,-1
685,21679,1657,645,76,183,1,-1,-1,-1
685,21690,336,457,60,139,1,-1,-1,-1
685,21712,341,612,66,161,1,-1,-1,-1
685,21714,1392,352,52,123,1,-1,-1,-1
685,21715,809,630,102,155,1,-1,-1,-1
685,21727,1846,449,69,141,1,-1,-1,-1
685,21636,819,587,47,64,1,-1,-1,-1
686,21574,240,250,45,93,1,-1,-1,-1
686,21625,951,446,55,126,1,-1,-1,-1
686,21638,806,315,64,110,1,-1,-1,-1
686,21595,605,246,39,92,1,-1,-1,-1
686,21640,1164,424,52,141,1,-1,-1,-1
686,21643,1275,437,63,136,1,-1,-1,-1
686,21649,839,397,55,128,1,-1,-1,-1
686,21657,1265,413,51,120,1,-1,-1,-1
686,21668,1183,252,38,92,1,-1,-1,-1
686,21652,1389,272,38,95,1,-1,-1,-1
686,21679,1659,645,75,183,1,-1,-1,-1
686,21690,335,457,60,140,1,-1,-1,-1
686,21712,342,612,67,162,1,-1,-1,-1
686,21714,1392,352,51,122,1,-1,-1,-1
686,21715,820,633,101,154,1,-1,-1,-1
686,21727,1848,448,69,142,1,-1,-1,-1
686,21636,817,587,47,64,1,-1,-1,-1
687,21574,240,250,45,93,1,-1,-1,-1
687,21625,951,446,54,126,1,-1,-1,-1
687,21638,807,315,64,110,1,-1,-1,-1
687,21595,605,247,38,91,1,-1,-1,-1
687,21640,1162,422,52,143,1,-1,-1,-1
687,21643,1275,438,62,135,1,-1,-1,-1
687,21649,836,398,55,128,1,-1,-1,-1
687,21657,1265,413,51,120,1,-1,-1,-1
687,21668,1181,252,38,92,1,-1,-1,-1
687,21652,1385,272,38,95,1,-1,-1,-1
687,21679,1661,645,74,183,1,-1,-1,-1
687,21690,334,457,60,141,1,-1,-1,-1
687,21712,344,612,67,163,1,-1,-1,-1
687,21714,1393,351,49,121,1,-1,-1,-1
687,21715,825,634,101,154,1,-1,-1,-1
687,21727,1852,448,68,143,1,-1,-1,-1
687,21636,813,587,47,64,1,-1,-1,-1
688,21574,240,250,46,92,1,-1,-1,-1
688,21625,950,446,54,126,1,-1,-1,-1
688,21638,807,315,65,109,1,-1,-1,-1
688,21595,604,247,39,91,1,-1,-1,-1
688,21640,1161,419,51,144,1,-1,-1,-1
688,21643,1274,438,62,135,1,-1,-1,-1
688,21649,833,398,54,128,1,-1,-1,-1
688,21657,1264,412,52,122,1,-1,-1,-1
688,21668,1179,252,37,92,1,-1,-1,-1
688,21652,1384,272,38,95,1,-1,-1,-1
688,21679,1664,645,73,183,1,-1,-1,-1
688,21690,332,456,60,143,1,-1,-1,-1
688,21712,345,613,68,163,1,-1,-1,-1
688,21714,1393,351,48,119,1,-1,-1,-1
688,21715,830,634,102,156,1,-1,-1,-1
688,21727,1853,448,68,143,1,-1,-1,-1
688,21636,809,587,47,64,1,-1,-1,-1
689,21574,240,250,47,92,1,-1,-1,-1
689,21625,949,446,54,126,1,-1,-1,-1
689,21638,808,315,65,109,1,-1,-1,-1
689,21595,604,248,39,90,1,-1,-1,-1
689,21640,1159,418,51,144,1,-1,-1,-1
689,21643,1272,438,61,134,1,-1,-1,-1
689,21649,831,398,55,128,1,-1,-1,-1
689,21657,1263,412,52,122,1,-1,-1,-1
689,21668,1177,252,37,92,1,-1,-1,-1
689,21652,1382,273,38,95,1,-1,-1,-1
689,21679,1664,645,73,183,1,-1,-1,-1
689,21690,331,456,60,144,1,-1,-1,-1
689,21712,346,613,69,163,1,-1,-1,-1
689,21714,1393,351,46,118,1,-1,-1,-1
689,21715,835,633,103,159,1,-1,-1,-1
689,21727,1853,448,68,144,1,-1,-1,-1
689,21636,803,587,47,64,1,-1,-1,-1
690,21574,239,250,48,92,1,-1,-1,-1
690,21625,949,446,54,126,1,-1,-1,-1
690,21638,809,315,65,109,1,-1,-1,-1
690,21595,603,249,40,90,1,-1,-1,-1
690,21640,1158,417,50,141,1,-1,-1,-1
690,21643,1269,438,60,132,1,-1,-1,-1
690,21649,830,398,54,128,1,-1,-1,-1
690,21657,1263,412,52,122,1,-1,-1,-1
690,21668,1176,252,36,92,1,-1,-1,-1
690,21652,1380,273,37,95,1,-1,-1,-1
690,21679,1664,645,73,183,1,-1,-1,-1
690,21690,329,457,60,144,1,-1,-1,-1
690,21712,348,614,70,164,1,-1,-1,-1
690,21714,1392,350,46,118,1,-1,-1,-1
690,21715,839,632,106,162,1,-1,-1,-1
690,21727,1853,446,67,148,1,-1,-1,-1
690,21636,799,587,48,64,1,-1,-1,-1
691,21574,238,250,47,92,1,-1,-1,-1
691,21625,948,446,53,126,1,-1,-1,-1
691,21638,811,315,64,109,1,-1,-1,-1
691,21595,601,249,42,90,1,-1,-1,-1
691,21640,1157,417,48,138,1,-1,-1,-1
691,21643,1267,438,60,131,1,-1,-1,-1
691,21649,830,398,53,128,1,-1,-1,-1
691,21657,1262,411,53,123,1,-1,-1,-1
691,21668,1174,251,37,92,1,-1,-1,-1
691,21652,1377,273,38,95,1,-1,-1,-1
691,21679,1663,646,73,183,1,-1,-1,-1
691,21690,328,458,59,144,1,-1,-1,-1
691,21712,347,615,71,165,1,-1,-1,-1
691,21714,1392,350,45,118,1,-1,-1,-1
691,21715,845,632,108,166,1,-1,-1,-1
691,21727,1853,446,67,148,1,-1,-1,-1
691,21636,795,587,47,65,1,-1,-1,-1
692,21574,236,250,47,92,1,-1,-1,-1
692,21625,948,446,52,126,1,-1,-1,-1
692,21638,811,315,63,109,1,-1,-1,-1
692,21595,600,249,42,90,1,-1,-1,-1
692,21640,1156,416,48,137,1,-1,-1,-1
692,21643,1266,437,60,131,1,-1,-1,-1
692,21649,829,398,53,128,1,-1,-1,-1
692,21657,1262,411,53,123,1,-1,-1,-1
692,21668,1172,251,36,92,1,-1,-1,-1
692,21652,1375,273,37,95,1,-1,-1,-1
692,21679,1662,646,74,184,1,-1,-1,-1
692,21690,326,459,58,144,1,-1,-1,-1
692,21712,345,616,72,166,1,-1,-1,-1
692,21714,1391,349,45,118,1,-1,-1,-1
692,21715,852,633,109,166,1,-1,-1,-1
692,21727,1851,445,66,149,1,-1,-1,-1
692,21636,790,587,48,65,1,-1,-1,-1
693,21574,235,250,46,92,1,-1,-1,-1
693,21625,947,446,52,126,1,-1,-1,-1
693,21638,810,316,63,109,1,-1,-1,-1
693,21595,598,249,42,90,1,-1,-1,-1
693,21640,1155,415,47,136,1,-1,-1,-1
693,21643,1264,436,61,131,1,-1,-1,-1
693,21649,829,398,52,128,1,-1,-1,-1
693,21657,1262,411,53,123,1,-1,-1,-1
693,21668,1170,251,37,92,1,-1,-1,-1
693,21652,1371,273,37,95,1,-1,-1,-1
693,21679,1661,647,75,184,1,-1,-1,-1
693,21690,324,462,58,142,1,-1,-1,-1
693,21712,343,617,72,167,1,-1,-1,-1
693,21714,1390,348,45,118,1,-1,-1,-1
693,21715,863,633,108,166,1,-1,-1,-1
693,21727,1847,445,66,149,1,-1,-1,-1
693,21636,786,587,48,65,1,-1,-1,-1
694,21574,234,249,45,92,1,-1,-1,-1
694,21625,947,446,51,126,1,-1,-1,-1
694,21638,808,316,63,109,1,-1,-1,-1
694,21595,596,249,42,90,1,-1,-1,-1
694,21640,1153,413,48,137,1,-1,-1,-1
694,21643,1263,435,61,132,1,-1,-1,-1
694,21649,828,398,52,128,1,-1,-1,-1
694,21657,1261,411,54,124,1,-1,-1,-1
694,21668,1168,251,37,92,1,-1,-1,-1
694,21652,1369,273,37,94,1,-1,-1,-1
694,21679,1660,648,77,184,1,-1,-1,-1
694,21690,323,462,57,143,1,-1,-1,-1
694,21712,341,618,73,168,1,-1,-1,-1
694,21714,1389,348,45,117,1,-1,-1,-1
694,21715,875,634,106,165,1,-1,-1,-1
694,21727,1845,445,65,149,1,-1,-1,-1
694,21636,781,586,49,66,1,-1,-1,-1
695,21574,233,249,44,91,1,-1,-1,-1
695,21625,947,446,50,126,1,-1,-1,-1
695,21638,807,317,63,108,1,-1,-1,-1
695,21595,594,249,42,90,1,-1,-1,-1
695,21640,1152,411,47,138,1,-1,-1,-1
695,21643,1262,433,60,132,1,-1,-1,-1
695,21649,827,398,51,128,1,-1,-1,-1
695,21657,1260,412,55,123,1,-1,-1,-1
695,21668,1166,251,38,92,1,-1,-1,-1
695,21652,1367,273,37,94,1,-1,-1,-1
695,21679,1658,648,79,184,1,-1,-1,-1
695,21690,322,463,56,143,1,-1,-1,-1
695,21712,338,620,73,168,1,-1,-1,-1
695,21714,1389,348,46,117,1,-1,-1,-1
695,21715,895,637,103,163,1,-1,-1,-1
695,21727,1844,445,64,147,1,-1,-1,-1
695,21636,778,585,49,67,1,-1,-1,-1
696,21574,232,248,43,92,1,-1,-1,-1
696,21625,946,446,50,126,1,-1,-1,-1
696,21638,805,317,63,108,1,-1,-1,-1
696,21595,592,248,41,91,1,-1,-1,-1
696,21640,1150,408,47,138,1,-1,-1,-1
696,21643,1261,433,60,131,1,-1,-1,-1
696,21649,825,397,51,128,1,-1,-1,-1
696,21657,1260,412,55,123,1,-1,-1,-1
696,21668,1165,250,38,92,1,-1,-1,-1
696,21652,1364,273,37,94,1,-1,-1,-1
696,21679,1656,649,82,184,1,-1,-1,-1
696,21690,319,464,57,144,1,-1,-1,-1
696,21712,336,621,73,169,1,-1,-1,-1
696,21714,1387,349,47,116,1,-1,-1,-1
696,21715,904,637,101,163,1,-1,-1,-1
696,21727,1844,444,63,147,1,-1,-1,-1
696,21636,773,583,50,69,1,-1,-1,-1
697,21574,230,248,42,92,1,-1,-1,-1
697,21625,946,446,50,126,1,-1,-1,-1
697,21638,802,318,63,106,1,-1,-1,-1
697,21595,592,248,40,91,1,-1,-1,-1
697,21640,1148,407,47,139,1,-1,-1,-1
697,21643,1261,432,59,132,1,-1,-1,-1
697,21649,824,397,50,128,1,-1,-1,-1
697,21657,1260,412,55,123,1,-1,-1,-1
697,21668,1165,250,38,92,1,-1,-1,-1
697,21652,1361,274,37,93,1,-1,-1,-1
697,21679,1656,649,83,184,1,-1,-1,-1
697,21690,317,465,57,144,1,-1,-1,-1
697,21712,334,621,73,171,1,-1,-1,-1
697,21714,1386,349,49,116,1,-1,-1,-1
697,21715,913,638,100,163,1,-1,-1,-1
697,21727,1843,443,62,147,1,-1,-1,-1
697,21636,771,581,50,70,1,-1,-1,-1
698,21574,230,247,41,92,1,-1,-1,-1
698,21625,945,446,51,126,1,-1,-1,-1
698,21638,802,318,63,106,1,-1,-1,-1
698,21595,591,248,39,91,1,-1,-1,-1
698,21640,1145,404,48,141,1,-1,-1,-1
698,21643,1260,431,59,133,1,-1,-1,-1
698,21649,822,397,50,128,1,-1,-1,-1
698,21657,1259,412,56,123,1,-1,-1,-1
698,21668,1165,249,37,92,1,-1,-1,-1
698,21652,1358,274,38,93,1,-1,-1,-1
698,21679,1657,648,84,184,1,-1,-1,-1
698,21690,314,465,58,147,1,-1,-1,-1
698,21712,331,623,74,172,1,-1,-1,-1
698,21714,1385,349,50,116,1,-1,-1,-1
698,21715,923,639,98,162,1,-1,-1,-1
698,21727,1842,442,62,148,1,-1,-1,-1
698,21636,767,580,51,71,1,-1,-1,-1
699,21574,229,247,40,92,1,-1,-1,-1
699,21625,945,446,51,127,1,-1,-1,-1
699,21638,803,318,63,105,1,-1,-1,-1
699,21595,591,247,39,91,1,-1,-1,-1
699,21640,1143,403,48,142,1,-1,-1,-1
699,21643,1259,431,59,133,1,-1,-1,-1
699,21649,819,396,50,128,1,-1,-1,-1
699,21657,1258,413,57,122,1,-1,-1,-1
699,21668,1164,249,37,92,1,-1,-1,-1
699,21652,1355,274,38,92,1,-1,-1,-1
699,21679,1658,647,86,185,1,-1,-1,-1
699,21690,312,466,58,147,1,-1,-1,-1
699,21712,329,624,75,173,1,-1,-1,-1
699,21714,1383,349,51,115,1,-1,-1,-1
699,21715,932,639,98,163,1,-1,-1,-1
699,21727,1842,442,61,146,1,-1,-1,-1
699,21636,763,579,52,72,1,-1,-1,-1
700,21574,227,247,40,91,1,-1,-1,-1
700,21625,944,446,52,127,1,-1,-1,-1
700,21638,804,318,62,104,1,-1,-1,-1
700,21595,590,247,39,92,1,-1,-1,-1
700,21640,1141,402,47,140,1,-1,-1,-1
700,21643,1258,430,59,134,1,-1,-1,-1
700,21649,817,396,50,128,1,-1,-1,-1
700,21657,1258,413,57,122,1,-1,-1,-1
700,21668,1164,248,36,92,1,-1,-1,-1
700,21652,1351,274,39,92,1,-1,-1,-1
700,21679,1659,647,87,185,1,-1,-1,-1
700,21690,311,467,58,147,1,-1,-1,-1
700,21712,326,625,76,174,1,-1,-1,-1
700,21714,1380,349,53,114,1,-1,-1,-1
700,21715,942,640,97,163,1,-1,-1,-1
700,21727,1841,441,61,147,1,-1,-1,-1
700,21636,758,577,52,74,1,-1,-1,-1
701,21574,226,247,41,91,1,-1,-1,-1
701,21625,943,446,53,127,1,-1,-1,-1
701,21638,806,317,61,103,1,-1,-1,-1
701,21595,589,248,39,92,1,-1,-1,-1
701,21640,1139,402,47,138,1,-1,-1,-1
701,21643,1257,431,59,133,1,-1,-1,-1
701,21649,815,395,50,128,1,-1,-1,-1
701,21657,1258,413,57,122,1,-1,-1,-1
701,21668,1162,248,36,91,1,-1,-1,-1
701,21652,1349,274,40,91,1,-1,-1,-1
701,21679,1660,646,89,185,1,-1,-1,-1
701,21690,310,469,58,147,1,-1,-1,-1
701,21712,323,626,76,175,1,-1,-1,-1
701,21714,1380,348,54,114,1,-1,-1,-1
701,21715,951,640,98,164,1,-1,-1,-1
701,21727,1839,441,62,146,1,-1,-1,-1
701,21636,754,576,52,76,1,-1,-1,-1
702,21574,225,247,41,91,1,-1,-1,-1
702,21625,943,446,54,128,1,-1,-1,-1
702,21638,808,317,60,103,1,-1,-1,-1
702,21595,588,248,40,92,1,-1,-1,-1
702,21640,1138,401,46,136,1,-1,-1,-1
702,21643,1256,431,59,133,1,-1,-1,-1
702,21649,812,395,51,128,1,-1,-1,-1
702,21657,1258,413,58,122,1,-1,-1,-1
702,21668,1161,248,36,91,1,-1,-1,-1
702,21652,1348,274,40,91,1,-1,-1,-1
702,21679,1662,645,90,186,1,-1,-1,-1
702,21690,308,471,58,147,1,-1,-1,-1
702,21712,320,628,77,176,1,-1,-1,-1
702,21714,1381,346,56,116,1,-1,-1,-1
702,21715,965,640,99,165,1,-1,-1,-1
702,21727,1837,440,63,146,1,-1,-1,-1
702,21636,749,573,54,79,1,-1,-1,-1
703,21574,223,247,42,91,1,-1,-1,-1
703,21625,942,445,55,128,1,-1,-1,-1
703,21638,808,317,60,102,1,-1,-1,-1
703,21595,587,248,40,93,1,-1,-1,-1
703,21640,1136,400,44,133,1,-1,-1,-1
703,21643,1255,432,58,131,1,-1,-1,-1
703,21649,809,395,51,128,1,-1,-1,-1
703,21657,1258,413,58,122,1,-1,-1,-1
703,21668,1159,248,36,91,1,-1,-1,-1
703,21652,1347,274,41,92,1,-1,-1,-1
703,21679,1663,645,91,186,1,-1,-1,-1
703,21690,307,472,59,147,1,-1,-1,-1
703,21712,318,629,78,177,1,-1,-1,-1
703,21714,1382,343,58,119,1,-1,-1,-1
703,21715,972,640,99,165,1,-1,-1,-1
703,21727,1835,441,63,144,1,-1,-1,-1
703,21636,744,570,55,82,1,-1,-1,-1
704,21574,221,247,44,91,1,-1,-1,-1
704,21625,943,445,55,128,1,-1,-1,-1
704,21638,807,317,60,103,1,-1,-1,-1
704,21595,586,249,41,92,1,-1,-1,-1
704,21640,1134,399,44,132,1,-1,-1,-1
704,21643,1254,432,58,130,1,-1,-1,-1
704,21649,807,396,51,128,1,-1,-1,-1
704,21657,1257,412,58,122,1,-1,-1,-1
704,21668,1157,248,37,90,1,-1,-1,-1
704,21652,1346,274,42,93,1,-1,-1,-1
704,21679,1665,644,91,186,1,-1,-1,-1
704,21690,305,473,59,147,1,-1,-1,-1
704,21712,317,630,78,178,1,-1,-1,-1
704,21714,1385,339,60,123,1,-1,-1,-1
704,21715,982,639,100,165,1,-1,-1,-1
704,21727,1831,442,64,143,1,-1,-1,-1
704,21636,741,569,54,83,1,-1,-1,-1
705,21574,221,247,44,91,1,-1,-1,-1
705,21625,944,445,54,128,1,-1,-1,-1
705,21638,806,316,61,105,1,-1,-1,-1
705,21595,585,249,42,92,1,-1,-1,-1
705,21640,1131,396,45,134,1,-1,-1,-1
705,21643,1252,432,58,130,1,-1,-1,-1
705,21649,804,396,51,128,1,-1,-1,-1
705,21657,1257,412,58,122,1,-1,-1,-1
705,21668,1154,248,38,90,1,-1,-1,-1
705,21652,1345,274,42,94,1,-1,-1,-1
705,21679,1666,643,92,187,1,-1,-1,-1
705,21690,303,473,59,147,1,-1,-1,-1
705,21712,316,631,78,179,1,-1,-1,-1
705,21714,1387,338,61,124,1,-1,-1,-1
705,21715,993,638,102,165,1,-1,-1,-1
705,21727,1828,442,65,142,1,-1,-1,-1
705,21636,737,568,55,84,1,-1,-1,-1
706,21574,220,247,44,91,1,-1,-1,-1
706,21625,946,444,53,129,1,-1,-1,-1
706,21638,805,316,60,106,1,-1,-1,-1
706,21595,584,249,42,92,1,-1,-1,-1
706,21640,1128,393,46,136,1,-1,-1,-1
706,21643,1248,433,58,128,1,-1,-1,-1
706,21649,801,396,51,128,1,-1,-1,-1
706,21657,1258,411,56,122,1,-1,-1,-1
706,21668,1153,248,38,89,1,-1,-1,-1
706,21652,1344,273,43,95,1,-1,-1,-1
706,21679,1668,643,92,186,1,-1,-1,-1
706,21690,301,474,60,147,1,-1,-1,-1
706,21712,315,632,78,180,1,-1,-1,-1
706,21714,1388,338,61,124,1,-1,-1,-1
706,21715,1005,636,103,166,1,-1,-1,-1
706,21727,1826,442,66,142,1,-1,-1,-1
706,21636,732,566,55,86,1,-1,-1,-1
707,21574,220,247,44,90,1,-1,-1,-1
707,21625,947,444,52,129,1,-1,-1,-1
707,21638,804,316,60,106,1,-1,-1,-1
707,21595,585,249,42,92,1,-1,-1,-1
707,21640,1124,390,46,139,1,-1,-1,-1
707,21643,1247,433,57,128,1,-1,-1,-1
707,21649,798,396,51,128,1,-1,-1,-1
707,21657,1258,411,56,122,1,-1,-1,-1
707,21668,1151,248,39,89,1,-1,-1,-1
707,21652,1344,273,43,96,1,-1,-1,-1
707,21679,1671,642,91,185,1,-1,-1,-1
707,21690,301,474,60,147,1,-1,-1,-1
707,21712,314,633,79,181,1,-1,-1,-1
707,21714,1390,339,61,124,1,-1,-1,-1
707,21715,1017,634,105,168,1,-1,-1,-1
707,21727,1823,441,67,142,1,-1,-1,-1
707,21636,730,565,55,88,1,-1,-1,-1
708,21574,221,246,43,91,1,-1,-1,-1
708,21625,948,444,51,129,1,-1,-1,-1
708,21638,804,316,60,106,1,-1,-1,-1
708,21595,585,248,41,92,1,-1,-1,-1
708,21640,1122,388,47,140,1,-1,-1,-1
708,21643,1246,433,57,128,1,-1,-1,-1
708,21649,797,396,50,128,1,-1,-1,-1
708,21657,1258,410,56,122,1,-1,-1,-1
708,21668,1150,248,40,89,1,-1,-1,-1
708,21652,1343,273,43,96,1,-1,-1,-1
708,21679,1674,642,90,184,1,-1,-1,-1
708,21690,301,475,60,147,1,-1,-1,-1
708,21712,314,635,79,181,1,-1,-1,-1
708,21714,1392,340,61,124,1,-1,-1,-1
708,21715,1030,632,108,168,1,-1,-1,-1
708,21727,1821,441,66,142,1,-1,-1,-1
708,21636,727,564,55,88,1,-1,-1,-1
709,21574,221,245,41,91,1,-1,-1,-1
709,21625,949,444,51,129,1,-1,-1,-1
709,21638,804,316,61,106,1,-1,-1,-1
709,21595,585,248,41,92,1,-1,-1,-1
709,21640,1119,386,47,140,1,-1,-1,-1
709,21643,1246,433,56,127,1,-1,-1,-1
709,21649,796,396,51,128,1,-1,-1,-1
709,21657,1259,410,55,122,1,-1,-1,-1
709,21668,1149,248,40,90,1,-1,-1,-1
709,21652,1342,272,44,98,1,-1,-1,-1
709,21679,1677,642,89,183,1,-1,-1,-1
709,21690,300,475,61,148,1,-1,-1,-1
709,21712,313,636,79,183,1,-1,-1,-1
709,21714,1393,342,61,123,1,-1,-1,-1
709,21715,1042,631,109,169,1,-1,-1,-1
709,21727,1821,440,66,142,1,-1,-1,-1
709,21636,725,564,54,88,1,-1,-1,-1
710,21574,221,245,40,90,1,-1,-1,-1
710,21625,950,445,50,128,1,-1,-1,-1
710,21638,804,316,61,106,1,-1,-1,-1
710,21595,585,248,41,92,1,-1,-1,-1
710,21640,1117,386,45,139,1,-1,-1,-1
710,21643,1247,432,55,128,1,-1,-1,-1
710,21649,795,395,51,129,1,-1,-1,-1
710,21657,1260,410,55,123,1,-1,-1,-1
710,21668,1148,248,40,89,1,-1,-1,-1
710,21652,1341,272,44,98,1,-1,-1,-1
710,21679,1680,642,88,181,1,-1,-1,-1
710,21690,300,476,61,148,1,-1,-1,-1
710,21712,312,637,79,183,1,-1,-1,-1
710,21714,1396,343,60,122,1,-1,-1,-1
710,21715,1054,631,110,169,1,-1,-1,-1
710,21727,1824,438,65,143,1,-1,-1,-1
710,21636,721,563,54,89,1,-1,-1,-1
711,21574,221,244,40,91,1,-1,-1,-1
711,21625,950,445,52,128,1,-1,-1,-1
711,21638,803,316,62,107,1,-1,-1,-1
711,21595,586,247,39,93,1,-1,-1,-1
711,21640,1114,385,45,139,1,-1,-1,-1
711,21643,1248,431,53,128,1,-1,-1,-1
711,21649,795,394,50,130,1,-1,-1,-1
711,21657,1261,410,55,123,1,-1,-1,-1
711,21668,1147,248,40,89,1,-1,-1,-1
711,21652,1340,272,44,98,1,-1,-1,-1
711,21679,1683,642,86,180,1,-1,-1,-1
711,21690,300,477,62,148,1,-1,-1,-1
711,21712,311,638,78,184,1,-1,-1,-1
711,21714,1397,343,60,122,1,-1,-1,-1
711,21715,1067,630,110,169,1,-1,-1,-1
711,21727,1828,436,65,143,1,-1,-1,-1
711,21636,719,562,54,90,1,-1,-1,-1
712,21574,220,244,40,91,1,-1,-1,-1
712,21625,950,445,53,128,1,-1,-1,-1
712,21638,803,316,63,107,1,-1,-1,-1
712,21595,586,247,39,92,1,-1,-1,-1
712,21640,1110,384,45,138,1,-1,-1,-1
712,21643,1249,431,51,127,1,-1,-1,-1
712,21649,793,393,51,132,1,-1,-1,-1
712,21657,1261,410,57,125,1,-1,-1,-1
712,21668,1146,247,39,90,1,-1,-1,-1
712,21652,1339,272,44,98,1,-1,-1,-1
712,21679,1686,642,85,179,1,-1,-1,-1
712,21690,300,478,62,148,1,-1,-1,-1
712,21712,309,639,78,184,1,-1,-1,-1
712,21714,1398,343,60,121,1,-1,-1,-1
712,21715,1080,629,111,169,1,-1,-1,-1
712,21727,1830,435,64,144,1,-1,-1,-1
712,21636,715,561,54,91,1,-1,-1,-1
713,21574,220,244,40,91,1,-1,-1,-1
713,21625,951,446,54,127,1,-1,-1,-1
713,21638,803,316,64,107,1,-1,-1,-1
713,21595,585,247,39,92,1,-1,-1,-1
713,21640,1106,383,45,136,1,-1,-1,-1
713,21643,1249,430,50,128,1,-1,-1,-1
713,21649,793,393,50,132,1,-1,-1,-1
713,21657,1261,410,59,125,1,-1,-1,-1
713,21668,1145,247,39,90,1,-1,-1,-1
713,21652,1337,272,45,98,1,-1,-1,-1
713,21679,1689,642,84,178,1,-1,-1,-1
713,21690,299,479,63,147,1,-1,-1,-1
713,21712,308,641,77,184,1,-1,-1,-1
713,21714,1397,343,61,120,1,-1,-1,-1
713,21715,1093,628,110,170,1,-1,-1,-1
713,21727,1831,434,63,145,1,-1,-1,-1
713,21636,709,559,54,92,1,-1,-1,-1
714,21574,219,244,41,90,1,-1,-1,-1
714,21625,950,446,57,127,1,-1,-1,-1
714,21638,804,316,64,107,1,-1,-1,-1
714,21595,584,247,39,92,1,-1,-1,-1
714,21640,1104,382,45,135,1,-1,-1,-1
714,21643,1248,429,49,129,1,-1,-1,-1
714,21649,794,392,49,133,1,-1,-1,-1
714,21657,1261,410,59,125,1,-1,-1,-1
714,21668,1144,247,38,90,1,-1,-1,-1
714,21652,1337,272,45,97,1,-1,-1,-1
714,21679,1692,642,84,177,1,-1,-1,-1
714,21690,297,480,63,147,1,-1,-1,-1
714,21712,306,642,77,184,1,-1,-1,-1
714,21714,1397,343,61,118,1,-1,-1,-1
714,21715,1109,628,109,170,1,-1,-1,-1
714,21727,1831,434,63,145,1,-1,-1,-1
714,21636,706,558,54,93,1,-1,-1,-1
715,21574,217,244,43,90,1,-1,-1,-1
715,21625,951,446,57,126,1,-1,-1,-1
715,21638,805,315,65,107,1,-1,-1,-1
715,21595,582,247,41,93,1,-1,-1,-1
715,21640,1104,380,44,134,1,-1,-1,-1
715,21643,1246,428,49,130,1,-1,-1,-1
715,21649,794,392,50,132,1,-1,-1,-1
715,21657,1261,410,60,125,1,-1,-1,-1
715,21668,1144,247,37,90,1,-1,-1,-1
715,21652,1336,272,45,97,1,-1,-1,-1
715,21679,1695,642,85,177,1,-1,-1,-1
715,21690,294,480,63,147,1,-1,-1,-1
715,21712,303,645,77,183,1,-1,-1,-1
715,21714,1396,343,62,117,1,-1,-1,-1
715,21715,1121,627,108,170,1,-1,-1,-1
715,21727,1832,433,63,145,1,-1,-1,-1
715,21636,703,556,54,95,1,-1,-1,-1
715,21730,1,644,34,141,1,-1,-1,-1
716,21574,217,244,43,90,1,-1,-1,-1
716,21625,951,445,58,126,1,-1,-1,-1
716,21638,807,315,64,107,1,-1,-1,-1
716,21595,581,247,42,93,1,-1,-1,-1
716,21640,1104,378,43,134,1,-1,-1,-1
716,21643,1245,427,48,130,1,-1,-1,-1
716,21649,794,392,50,131,1,-1,-1,-1
716,21657,1262,409,59,125,1,-1,-1,-1
716,21668,1144,247,36,90,1,-1,-1,-1
716,21652,1335,271,45,98,1,-1,-1,-1
716,21679,1698,642,85,176,1,-1,-1,-1
716,21690,292,481,63,147,1,-1,-1,-1
716,21712,303,646,76,184,1,-1,-1,-1
716,21714,1397,341,63,118,1,-1,-1,-1
716,21715,1136,627,105,169,1,-1,-1,-1
716,21727,1831,432,63,145,1,-1,-1,-1
716,21636,699,554,54,97,1,-1,-1,-1
716,21730,4,642,37,152,1,-1,-1,-1
717,21574,218,244,43,90,1,-1,-1,-1
717,21625,952,444,57,126,1,-1,-1,-1
717,21638,808,314,64,107,1,-1,-1,-1
717,21595,581,247,43,93,1,-1,-1,-1
717,21640,1104,375,43,133,1,-1,-1,-1
717,21643,1243,426,48,132,1,-1,-1,-1
717,21649,794,392,51,130,1,-1,-1,-1
717,21657,1263,409,59,124,1,-1,-1,-1
717,21668,1143,247,36,90,1,-1,-1,-1
717,21652,1334,271,45,97,1,-1,-1,-1
717,21679,1701,641,86,177,1,-1,-1,-1
717,21690,292,480,63,147,1,-1,-1,-1
717,21712,301,648,76,183,1,-1,-1,-1
717,21714,1399,339,65,119,1,-1,-1,-1
717,21715,1150,627,103,168,1,-1,-1,-1
717,21727,1830,432,63,145,1,-1,-1,-1
717,21636,695,552,55,99,1,-1,-1,-1
717,21730,11,639,43,176,1,-1,-1,-1
718,21574,218,244,43,90,1,-1,-1,-1
718,21625,954,443,56,126,1,-1,-1,-1
718,21638,808,314,64,107,1,-1,-1,-1
718,21595,580,247,44,93,1,-1,-1,-1
718,21640,1104,372,42,132,1,-1,-1,-1
718,21643,1242,426,47,132,1,-1,-1,-1
718,21649,793,392,52,130,1,-1,-1,-1
718,21657,1263,409,59,124,1,-1,-1,-1
718,21668,1142,246,35,90,1,-1,-1,-1
718,21652,1335,271,45,97,1,-1,-1,-1
718,21679,1703,641,87,176,1,-1,-1,-1
718,21690,294,479,62,148,1,-1,-1,-1
718,21712,299,649,76,184,1,-1,-1,-1
718,21714,1402,336,65,120,1,-1,-1,-1
718,21715,1164,627,102,168,1,-1,-1,-1
718,21727,1827,431,64,145,1,-1,-1,-1
718,21636,693,550,54,101,1,-1,-1,-1
718,21730,13,638,46,184,1,-1,-1,-1
719,21574,219,244,42,89,1,-1,-1,-1
719,21625,956,442,54,126,1,-1,-1,-1
719,21638,809,314,63,106,1,-1,-1,-1
719,21595,581,247,44,93,1,-1,-1,-1
719,21640,1103,371,42,132,1,-1,-1,-1
719,21643,1239,426,48,132,1,-1,-1,-1
719,21649,790,392,53,130,1,-1,-1,-1
719,21657,1264,408,58,125,1,-1,-1,-1
719,21668,1141,246,36,90,1,-1,-1,-1
719,21652,1336,270,45,98,1,-1,-1,-1
719,21679,1705,640,89,177,1,-1,-1,-1
719,21690,296,478,63,150,1,-1,-1,-1
719,21712,298,650,76,185,1,-1,-1,-1
719,21714,1406,332,65,122,1,-1,-1,-1
719,21715,1178,627,101,167,1,-1,-1,-1
719,21727,1825,430,63,145,1,-1,-1,-1
719,21636,690,549,54,100,1,-1,-1,-1
719,21730,16,639,49,188,1,-1,-1,-1
720,21574,220,243,41,90,1,-1,-1,-1
720,21625,957,442,53,125,1,-1,-1,-1
720,21638,809,314,64,106,1,-1,-1,-1
720,21595,581,246,44,94,1,-1,-1,-1
720,21640,1102,371,41,132,1,-1,-1,-1
720,21643,1237,426,47,132,1,-1,-1,-1
720,21649,788,392,53,130,1,-1,-1,-1
720,21657,1265,408,57,124,1,-1,-1,-1
720,21668,1140,246,36,90,1,-1,-1,-1
720,21652,1336,269,47,99,1,-1,-1,-1
720,21679,1708,639,90,177,1,-1,-1,-1
720,21690,297,478,63,150,1,-1,-1,-1
720,21712,296,651,76,186,1,-1,-1,-1
720,21714,1411,329,64,124,1,-1,-1,-1
720,21715,1197,628,97,165,1,-1,-1,-1
720,21727,1823,430,64,145,1,-1,-1,-1
720,21636,686,547,54,101,1,-1,-1,-1
720,21730,20,641,51,189,1,-1,-1,-1
721,21574,221,243,40,89,1,-1,-1,-1
721,21625,960,442,51,125,1,-1,-1,-1
721,21638,809,314,64,106,1,-1,-1,-1
721,21595,581,246,44,93,1,-1,-1,-1
721,21640,1100,372,42,130,1,-1,-1,-1
721,21643,1235,426,47,133,1,-1,-1,-1
721,21649,785,392,55,130,1,-1,-1,-1
721,21657,1266,407,56,125,1,-1,-1,-1
721,21668,1139,245,36,90,1,-1,-1,-1
721,21652,1337,269,47,98,1,-1,-1,-1
721,21679,1710,639,92,177,1,-1,-1,-1
721,21690,298,478,63,150,1,-1,-1,-1
721,21712,294,652,77,188,1,-1,-1,-1
721,21714,1414,328,64,125,1,-1,-1,-1
721,21715,1208,628,97,164,1,-1,-1,-1
721,21727,1822,428,63,145,1,-1,-1,-1
721,21636,684,545,54,103,1,-1,-1,-1
721,21730,24,644,56,190,1,-1,-1,-1
722,21574,222,242,39,90,1,-1,-1,-1
722,21625,961,443,51,125,1,-1,-1,-1
722,21638,809,314,64,106,1,-1,-1,-1
722,21595,582,246,43,93,1,-1,-1,-1
722,21640,1099,372,41,129,1,-1,-1,-1
722,21643,1232,426,48,133,1,-1,-1,-1
722,21649,781,392,55,130,1,-1,-1,-1
722,21657,1267,407,56,124,1,-1,-1,-1
722,21668,1138,244,36,90,1,-1,-1,-1
722,21652,1338,268,48,99,1,-1,-1,-1
722,21679,1714,638,93,177,1,-1,-1,-1
722,21690,299,480,63,150,1,-1,-1,-1
722,21712,293,653,76,188,1,-1,-1,-1
722,21714,1418,329,63,125,1,-1,-1,-1
722,21715,1219,626,96,164,1,-1,-1,-1
722,21727,1822,426,62,145,1,-1,-1,-1
722,21636,681,544,54,105,1,-1,-1,-1
722,21730,30,644,59,190,1,-1,-1,-1
723,21574,223,242,40,90,1,-1,-1,-1
723,21625,963,444,51,125,1,-1,-1,-1
723,21638,811,314,64,106,1,-1,-1,-1
723,21595,583,245,42,93,1,-1,-1,-1
723,21640,1098,372,41,128,1,-1,-1,-1
723,21643,1230,426,47,133,1,-1,-1,-1
723,21649,780,392,56,130,1,-1,-1,-1
723,21657,1268,407,56,124,1,-1,-1,-1
723,21668,1138,244,37,90,1,-1,-1,-1
723,21652,1338,267,48,100,1,-1,-1,-1
723,21679,1719,638,94,177,1,-1,-1,-1
723,21690,299,481,64,150,1,-1,-1,-1
723,21712,293,654,76,188,1,-1,-1,-1
723,21714,1421,331,63,124,1,-1,-1,-1
723,21715,1230,625,97,164,1,-1,-1,-1
723,21727,1821,423,62,145,1,-1,-1,-1
723,21636,677,543,55,106,1,-1,-1,-1
723,21730,37,643,62,190,1,-1,-1,-1
724,21574,224,242,40,90,1,-1,-1,-1
724,21625,965,446,52,124,1,-1,-1,-1
724,21638,812,314,65,106,1,-1,-1,-1
724,21595,584,245,41,93,1,-1,-1,-1
724,21640,1097,372,41,128,1,-1,-1,-1
724,21643,1227,426,47,132,1,-1,-1,-1
724,21649,782,392,56,131,1,-1,-1,-1
724,21657,1269,406,56,125,1,-1,-1,-1
724,21668,1139,244,37,90,1,-1,-1,-1
724,21652,1337,267,49,100,1,-1,-1,-1
724,21679,1725,638,93,177,1,-1,-1,-1
724,21690,299,482,65,151,1,-1,-1,-1
724,21712,293,656,76,186,1,-1,-1,-1
724,21714,1425,332,63,124,1,-1,-1,-1
724,21715,1240,624,98,164,1,-1,-1,-1
724,21727,1822,422,61,145,1,-1,-1,-1
724,21636,674,541,55,109,1,-1,-1,-1
724,21730,45,642,65,190,1,-1,-1,-1
725,21574,224,242,42,90,1,-1,-1,-1
725,21625,966,446,53,124,1,-1,-1,-1
725,21638,815,313,64,107,1,-1,-1,-1
725,21595,585,246,41,93,1,-1,-1,-1
725,21640,1096,372,41,127,1,-1,-1,-1
725,21643,1225,426,48,132,1,-1,-1,-1
725,21649,785,392,56,132,1,-1,-1,-1
725,21657,1271,406,55,125,1,-1,-1,-1
725,21668,1141,243,36,90,1,-1,-1,-1
725,21652,1336,267,50,99,1,-1,-1,-1
725,21679,1732,638,92,177,1,-1,-1,-1
725,21690,298,484,67,151,1,-1,-1,-1
725,21712,293,658,76,185,1,-1,-1,-1
725,21714,1430,335,63,123,1,-1,-1,-1
725,21715,1251,622,99,164,1,-1,-1,-1
725,21727,1823,422,60,145,1,-1,-1,-1
725,21636,670,539,56,111,1,-1,-1,-1
725,21730,55,640,68,190,1,-1,-1,-1
726,21574,225,242,42,90,1,-1,-1,-1
726,21625,968,447,53,124,1,-1,-1,-1
726,21638,818,313,63,107,1,-1,-1,-1
726,21595,586,247,40,93,1,-1,-1,-1
726,21640,1095,372,40,127,1,-1,-1,-1
726,21643,1224,426,48,131,1,-1,-1,-1
726,21649,788,392,56,133,1,-1,-1,-1
726,21657,1272,406,56,125,1,-1,-1,-1
726,21668,1143,243,35,90,1,-1,-1,-1
726,21652,1335,267,50,99,1,-1,-1,-1
726,21679,1739,637,90,177,1,-1,-1,-1
726,21690,298,485,67,151,1,-1,-1,-1
726,21712,293,660,76,184,1,-1,-1,-1
726,21714,1432,336,63,122,1,-1,-1,-1
726,21715,1264,620,102,164,1,-1,-1,-1
726,21727,1824,422,59,145,1,-1,-1,-1
726,21636,667,537,57,113,1,-1,-1,-1
726,21730,63,640,71,189,1,-1,-1,-1
727,21574,225,242,43,91,1,-1,-1,-1
727,21625,970,447,54,125,1,-1,-1,-1
727,21638,819,313,63,107,1,-1,-1,-1
727,21595,587,247,40,93,1,-1,-1,-1
727,21640,1094,372,40,126,1,-1,-1,-1
727,21643,1223,426,48,131,1,-1,-1,-1
727,21649,792,392,55,134,1,-1,-1,-1
727,21657,1273,405,57,125,1,-1,-1,-1
727,21668,1144,243,35,90,1,-1,-1,-1
727,21652,1334,267,50,99,1,-1,-1,-1
727,21679,1748,637,88,177,1,-1,-1,-1
727,21690,297,486,69,152,1,-1,-1,-1
727,21712,293,663,76,182,1,-1,-1,-1
727,21714,1435,336,63,122,1,-1,-1,-1
727,21715,1273,619,104,164,1,-1,-1,-1
727,21727,1825,422,59,145,1,-1,-1,-1
727,21636,665,537,57,114,1,-1,-1,-1
727,21730,73,642,73,186,1,-1,-1,-1
728,21574,226,242,43,91,1,-1,-1,-1
728,21625,972,447,55,126,1,-1,-1,-1
728,21638,821,314,63,107,1,-1,-1,-1
728,21595,588,248,41,94,1,-1,-1,-1
728,21640,1093,372,41,126,1,-1,-1,-1
728,21643,1222,427,49,131,1,-1,-1,-1
728,21649,795,392,55,135,1,-1,-1,-1
728,21657,1274,405,58,125,1,-1,-1,-1
728,21668,1146,244,34,90,1,-1,-1,-1
728,21652,1335,267,50,98,1,-1,-1,-1
728,21679,1753,637,86,177,1,-1,-1,-1
728,21690,297,487,69,153,1,-1,-1,-1
728,21712,292,666,77,180,1,-1,-1,-1
728,21714,1437,336,64,122,1,-1,-1,-1
728,21715,1285,619,105,163,1,-1,-1,-1
728,21727,1826,423,58,145,1,-1,-1,-1
728,21636,662,536,58,115,1,-1,-1,-1
728,21730,85,645,74,184,1,-1,-1,-1
729,21574,227,242,43,91,1,-1,-1,-1
729,21625,973,447,56,127,1,-1,-1,-1
729,21638,823,315,63,107,1,-1,-1,-1
729,21595,589,249,41,94,1,-1,-1,-1
729,21640,1093,372,41,125,1,-1,-1,-1
729,21643,1222,428,49,131,1,-1,-1,-1
729,21649,798,394,54,134,1,-1,-1,-1
729,21657,1274,404,59,125,1,-1,-1,-1
729,21668,1146,245,35,90,1,-1,-1,-1
729,21652,1337,268,49,98,1,-1,-1,-1
729,21679,1758,638,85,177,1,-1,-1,-1
729,21690,296,488,71,155,1,-1,-1,-1
729,21712,293,668,77,179,1,-1,-1,-1
729,21714,1439,337,65,121,1,-1,-1,-1
729,21715,1298,618,106,165,1,-1,-1,-1
729,21727,1827,425,56,142,1,-1,-1,-1
729,21636,660,536,57,116,1,-1,-1,-1
729,21730,97,648,76,181,1,-1,-1,-1
730,21574,229,241,43,92,1,-1,-1,-1
730,21625,975,447,57,128,1,-1,-1,-1
730,21638,824,315,63,107,1,-1,-1,-1
730,21595,590,250,42,94,1,-1,-1,-1
730,21640,1094,371,41,125,1,-1,-1,-1
730,21643,1221,429,50,131,1,-1,-1,-1
730,21649,801,396,54,133,1,-1,-1,-1
730,21657,1277,405,59,125,1,-1,-1,-1
730,21668,1147,246,35,90,1,-1,-1,-1
730,21652,1342,268,48,98,1,-1,-1,-1
730,21679,1762,639,85,178,1,-1,-1,-1
730,21690,297,489,70,155,1,-1,-1,-1
730,21712,294,669,79,182,1,-1,-1,-1
730,21714,1443,337,65,121,1,-1,-1,-1
730,21715,1312,617,106,165,1,-1,-1,-1
730,21727,1827,426,56,141,1,-1,-1,-1
730,21636,659,535,58,117,1,-1,-1,-1
730,21730,109,650,77,180,1,-1,-1,-1
731,21574,231,241,41,92,1,-1,-1,-1
731,21625,978,447,56,129,1,-1,-1,-1
731,21638,826,317,62,106,1,-1,-1,-1
731,21595,591,250,42,94,1,-1,-1,-1
731,21640,1095,369,42,126,1,-1,-1,-1
731,21643,1221,430,50,131,1,-1,-1,-1
731,21649,803,398,53,131,1,-1,-1,-1
731,21657,1280,405,59,125,1,-1,-1,-1
731,21668,1148,247,36,90,1,-1,-1,-1
731,21652,1344,268,47,98,1,-1,-1,-1
731,21679,1765,640,87,178,1,-1,-1,-1
731,21690,298,490,71,155,1,-1,-1,-1
731,21712,296,670,80,184,1,-1,-1,-1
731,21714,1446,337,66,120,1,-1,-1,-1
731,21715,1326,617,106,165,1,-1,-1,-1
731,21727,1827,428,56,138,1,-1,-1,-1
731,21636,658,535,58,118,1,-1,-1,-1
731,21730,121,651,79,179,1,-1,-1,-1
732,21574,234,242,41,91,1,-1,-1,-1
732,21625,980,447,57,130,1,-1,-1,-1
732,21638,827,317,63,106,1,-1,-1,-1
732,21595,593,251,41,93,1,-1,-1,-1
732,21640,1096,368,42,126,1,-1,-1,-1
732,21643,1220,431,50,131,1,-1,-1,-1
732,21649,805,400,54,130,1,-1,-1,-1
732,21657,1284,406,59,124,1,-1,-1,-1
732,21668,1149,248,37,89,1,-1,-1,-1
732,21652,1346,270,47,98,1,-1,-1,-1
732,21679,1770,641,88,178,1,-1,-1,-1
732,21690,302,493,69,153,1,-1,-1,-1
732,21712,297,671,82,188,1,-1,-1,-1
732,21714,1450,337,66,120,1,-1,-1,-1
732,21715,1348,617,105,165,1,-1,-1,-1
732,21727,1827,429,57,137,1,-1,-1,-1
732,21636,656,534,59,120,1,-1,-1,-1
732,21730,141,651,80,179,1,-1,-1,-1
733,21574,237,243,41,90,1,-1,-1,-1
733,21625,983,447,57,132,1,-1,-1,-1
733,21638,831,318,62,106,1,-1,-1,-1
733,21595,596,252,40,93,1,-1,-1,-1
733,21640,1097,369,43,126,1,-1,-1,-1
733,21643,1220,432,50,131,1,-1,-1,-1
733,21649,806,402,56,128,1,-1,-1,-1
733,21657,1287,406,59,124,1,-1,-1,-1
733,21668,1149,248,39,90,1,-1,-1,-1
733,21652,1349,271,46,98,1,-1,-1,-1
733,21679,1772,641,91,178,1,-1,-1,-1
733,21690,303,494,68,152,1,-1,-1,-1
733,21712,300,673,83,190,1,-1,-1,-1
733,21714,1455,336,66,121,1,-1,-1,-1
733,21715,1359,616,105,166,1,-1,-1,-1
733,21727,1830,429,57,137,1,-1,-1,-1
733,21636,656,534,58,120,1,-1,-1,-1
733,21730,149,651,81,179,1,-1,-1,-1
734,21574,241,244,40,90,1,-1,-1,-1
734,21625,985,447,57,133,1,-1,-1,-1
734,21638,835,319,63,106,1,-1,-1,-1
734,21595,599,254,39,92,1,-1,-1,-1
734,21640,1099,369,43,125,1,-1,-1,-1
734,21643,1219,434,50,131,1,-1,-1,-1
734,21649,808,404,56,127,1,-1,-1,-1
734,21657,1293,407,58,124,1,-1,-1,-1
734,21668,1151,249,39,89,1,-1,-1,-1
734,21652,1354,273,45,98,1,-1,-1,-1
734,21679,1779,640,91,180,1,-1,-1,-1
734,21690,306,495,68,152,1,-1,-1,-1
734,21712,303,675,84,195,1,-1,-1,-1
734,21714,1460,335,66,122,1,-1,-1,-1
734,21715,1373,617,103,165,1,-1,-1,-1
734,21727,1833,428,58,138,1,-1,-1,-1
734,21636,657,533,58,121,1,-1,-1,-1
734,21730,160,651,82,179,1,-1,-1,-1
735,21574,245,245,41,89,1,-1,-1,-1
735,21625,987,447,57,132,1,-1,-1,-1
735,21638,839,319,63,106,1,-1,-1,-1
735,21595,602,254,39,92,1,-1,-1,-1
735,21640,1101,370,43,125,1,-1,-1,-1
735,21643,1219,434,50,131,1,-1,-1,-1
735,21649,809,404,58,127,1,-1,-1,-1
735,21657,1296,407,57,124,1,-1,-1,-1
735,21668,1152,249,40,90,1,-1,-1,-1
735,21652,1356,274,45,98,1,-1,-1,-1
735,21679,1787,638,91,181,1,-1,-1,-1
735,21690,310,496,68,151,1,-1,-1,-1
735,21712,305,676,84,197,1,-1,-1,-1
735,21714,1469,333,65,123,1,-1,-1,-1
735,21715,1389,618,102,163,1,-1,-1,-1
735,21727,1838,426,58,139,1,-1,-1,-1
735,21636,658,533,59,121,1,-1,-1,-1
735,21730,171,652,85,178,1,-1,-1,-1
736,21574,248,246,41,89,1,-1,-1,-1
736,21625,990,448,56,131,1,-1,-1,-1
736,21638,845,320,63,106,1,-1,-1,-1
736,21595,606,255,38,92,1,-1,-1,-1
736,21640,1104,371,44,124,1,-1,-1,-1
736,21643,1218,435,51,131,1,-1,-1,-1
736,21649,811,403,59,128,1,-1,-1,-1
736,21657,1299,408,57,124,1,-1,-1,-1
736,21668,1155,249,40,90,1,-1,-1,-1
736,21652,1358,275,45,98,1,-1,-1,-1
736,21679,1797,636,90,182,1,-1,-1,-1
736,21690,315,497,68,150,1,-1,-1,-1
736,21712,308,678,84,198,1,-1,-1,-1
736,21714,1473,333,65,123,1,-1,-1,-1
736,21715,1408,619,102,162,1,-1,-1,-1
736,21727,1841,426,58,138,1,-1,-1,-1
736,21636,659,533,59,121,1,-1,-1,-1
736,21730,183,652,86,177,1,-1,-1,-1
737,21574,252,247,42,88,1,-1,-1,-1
737,21625,994,450,56,129,1,-1,-1,-1
737,21638,848,321,63,106,1,-1,-1,-1
737,21595,610,255,38,92,1,-1,-1,-1
737,21640,1104,371,46,124,1,-1,-1,-1
737,21643,1218,434,51,132,1,-1,-1,-1
737,21649,812,402,60,128,1,-1,-1,-1
737,21657,1302,408,57,124,1,-1,-1,-1
737,21668,1157,249,40,91,1,-1,-1,-1
737,21652,1361,275,44,98,1,-1,-1,-1
737,21679,1807,634,89,183,1,-1,-1,-1
737,21690,317,497,69,150,1,-1,-1,-1
737,21712,311,680,84,199,1,-1,-1,-1
737,21714,1480,334,63,121,1,-1,-1,-1
737,21715,1420,619,101,162,1,-1,-1,-1
737,21727,1844,425,58,139,1,-1,-1,-1
737,21636,660,533,60,121,1,-1,-1,-1
737,21730,194,652,90,178,1,-1,-1,-1
738,21574,254,248,43,87,1,-1,-1,-1
738,21625,995,450,57,129,1,-1,-1,-1
738,21638,851,321,63,106,1,-1,-1,-1
738,21595,614,256,38,92,1,-1,-1,-1
738,21640,1106,371,47,124,1,-1,-1,-1
738,21643,1218,435,50,132,1,-1,-1,-1
738,21649,816,401,60,129,1,-1,-1,-1
738,21657,1305,409,57,123,1,-1,-1,-1
738,21668,1161,249,39,91,1,-1,-1,-1
738,21652,1363,275,44,98,1,-1,-1,-1
738,21679,1817,632,86,184,1,-1,-1,-1
738,21690,319,498,70,150,1,-1,-1,-1
738,21712,315,683,83,199,1,-1,-1,-1
738,21714,1487,335,62,120,1,-1,-1,-1
738,21715,1433,617,102,163,1,-1,-1,-1
738,21727,1849,424,59,140,1,-1,-1,-1
738,21636,662,532,59,121,1,-1,-1,-1
738,21730,204,654,92,177,1,-1,-1,-1
739,21574,256,247,43,88,1,-1,-1,-1
739,21625,997,450,57,128,1,-1,-1,-1
739,21638,855,321,62,106,1,-1,-1,-1
739,21595,619,256,39,92,1,-1,-1,-1
739,21640,1109,370,47,124,1,-1,-1,-1
739,21643,1217,437,50,132,1,-1,-1,-1
739,21649,818,400,60,130,1,-1,-1,-1
739,21657,1308,409,58,123,1,-1,-1,-1
739,21668,1165,250,37,91,1,-1,-1,-1
739,21652,1366,275,43,98,1,-1,-1,-1
739,21679,1823,633,84,183,1,-1,-1,-1
739,21690,323,499,70,150,1,-1,-1,-1
739,21712,318,685,82,200,1,-1,-1,-1
739,21714,1495,338,61,119,1,-1,-1,-1
739,21715,1447,615,103,164,1,-1,-1,-1
739,21727,1851,423,59,141,1,-1,-1,-1
739,21636,663,532,60,121,1,-1,-1,-1
739,21730,221,657,93,175,1,-1,-1,-1
740,21574,257,247,44,88,1,-1,-1,-1
740,21625,1000,450,57,128,1,-1,-1,-1
740,21638,860,321,62,106,1,-1,-1,-1
740,21595,620,257,40,92,1,-1,-1,-1
740,21640,1113,370,47,123,1,-1,-1,-1
740,21643,1217,439,50,132,1,-1,-1,-1
740,21649,822,400,61,130,1,-1,-1,-1
740,21657,1312,409,58,123,1,-1,-1,-1
740,21668,1167,250,37,92,1,-1,-1,-1
740,21652,1368,275,43,98,1,-1,-1,-1
740,21679,1828,634,81,182,1,-1,-1,-1
740,21690,326,500,70,150,1,-1,-1,-1
740,21712,321,688,82,200,1,-1,-1,-1
740,21714,1500,339,62,118,1,-1,-1,-1
740,21715,1461,612,103,166,1,-1,-1,-1
740,21727,1852,423,60,141,1,-1,-1,-1
740,21636,663,532,61,121,1,-1,-1,-1
740,21730,228,657,94,176,1,-1,-1,-1
741,21574,259,247,44,88,1,-1,-1,-1
741,21625,1002,450,58,129,1,-1,-1,-1
741,21638,863,322,61,106,1,-1,-1,-1
741,21595,621,257,42,92,1,-1,-1,-1
741,21640,1116,369,47,124,1,-1,-1,-1
741,21643,1216,440,50,132,1,-1,-1,-1
741,21649,828,400,60,130,1,-1,-1,-1
741,21657,1315,410,59,122,1,-1,-1,-1
741,21668,1170,250,36,91,1,-1,-1,-1
741,21652,1369,274,44,99,1,-1,-1,-1
741,21679,1832,636,80,180,1,-1,-1,-1
741,21690,328,501,70,150,1,-1,-1,-1
741,21712,326,692,82,200,1,-1,-1,-1
741,21714,1504,340,62,117,1,-1,-1,-1
741,21715,1484,609,103,168,1,-1,-1,-1
741,21727,1855,424,59,141,1,-1,-1,-1
741,21636,665,532,60,120,1,-1,-1,-1
741,21730,240,656,96,177,1,-1,-1,-1
742,21574,263,247,43,88,1,-1,-1,-1
742,21625,1005,449,58,129,1,-1,-1,-1
742,21638,865,322,61,106,1,-1,-1,-1
742,21595,622,257,43,93,1,-1,-1,-1
742,21640,1121,368,47,124,1,-1,-1,-1
742,21643,1216,440,49,132,1,-1,-1,-1
742,21649,834,400,60,130,1,-1,-1,-1
742,21657,1319,410,59,122,1,-1,-1,-1
742,21668,1172,250,35,91,1,-1,-1,-1
742,21652,1371,273,44,99,1,-1,-1,-1
742,21679,1836,638,79,179,1,-1,-1,-1
742,21690,330,501,70,151,1,-1,-1,-1
742,21712,328,694,82,200,1,-1,-1,-1
742,21714,1507,340,63,118,1,-1,-1,-1
742,21715,1493,608,103,168,1,-1,-1,-1
742,21727,1855,424,60,141,1,-1,-1,-1
742,21636,667,532,60,119,1,-1,-1,-1
742,21730,253,653,98,180,1,-1,-1,-1
743,21574,265,247,42,88,1,-1,-1,-1
743,21625,1008,449,58,129,1,-1,-1,-1
743,21638,868,322,60,106,1,-1,-1,-1
743,21595,624,257,43,93,1,-1,-1,-1
743,21640,1123,367,46,124,1,-1,-1,-1
743,21643,1215,441,49,132,1,-1,-1,-1
743,21649,840,400,60,130,1,-1,-1,-1
743,21657,1323,409,60,123,1,-1,-1,-1
743,21668,1175,251,35,89,1,-1,-1,-1
743,21652,1373,272,43,99,1,-1,-1,-1
743,21679,1840,641,78,176,1,-1,-1,-1
743,21690,331,501,70,151,1,-1,-1,-1
743,21712,331,696,81,200,1,-1,-1,-1
743,21714,1513,341,63,117,1,-1,-1,-1
743,21715,1507,608,101,168,1,-1,-1,-1
743,21727,1856,424,60,141,1,-1,-1,-1
743,21636,667,532,61,119,1,-1,-1,-1
743,21730,271,650,101,183,1,-1,-1,-1
744,21574,268,246,42,89,1,-1,-1,-1
744,21625,1011,449,58,130,1,-1,-1,-1
744,21638,870,322,60,106,1,-1,-1,-1
744,21595,626,257,44,93,1,-1,-1,-1
744,21640,1126,367,46,124,1,-1,-1,-1
744,21643,1214,441,49,132,1,-1,-1,-1
744,21649,846,400,60,130,1,-1,-1,-1
744,21657,1328,409,60,123,1,-1,-1,-1
744,21668,1177,251,35,89,1,-1,-1,-1
744,21652,1375,271,44,100,1,-1,-1,-1
744,21679,1844,643,76,174,1,-1,-1,-1
744,21690,334,501,70,151,1,-1,-1,-1
744,21712,334,697,81,200,1,-1,-1,-1
744,21714,1515,341,65,118,1,-1,-1,-1
744,21715,1522,609,100,166,1,-1,-1,-1
744,21727,1858,424,59,139,1,-1,-1,-1
744,21636,668,533,61,118,1,-1,-1,-1
744,21730,282,649,101,184,1,-1,-1,-1
745,21574,273,246,41,89,1,-1,-1,-1
745,21625,1013,448,57,130,1,-1,-1,-1
745,21638,873,322,60,106,1,-1,-1,-1
745,21595,626,257,46,94,1,-1,-1,-1
745,21640,1128,367,47,124,1,-1,-1,-1
745,21643,1213,440,49,133,1,-1,-1,-1
745,21649,851,400,60,129,1,-1,-1,-1
745,21657,1332,408,60,124,1,-1,-1,-1
745,21668,1180,252,36,88,1,-1,-1,-1
745,21652,1377,271,44,100,1,-1,-1,-1
745,21679,1849,645,74,170,1,-1,-1,-1
745,21690,337,501,70,151,1,-1,-1,-1
745,21712,337,699,81,200,1,-1,-1,-1
745,21714,1519,340,64,118,1,-1,-1,-1
745,21715,1538,610,98,165,1,-1,-1,-1
745,21727,1858,424,60,138,1,-1,-1,-1
745,21636,669,533,61,118,1,-1,-1,-1
745,21730,292,650,102,181,1,-1,-1,-1
746,21574,276,246,42,89,1,-1,-1,-1
746,21625,1015,448,57,130,1,-1,-1,-1
746,21638,874,322,60,106,1,-1,-1,-1
746,21595,628,257,45,93,1,-1,-1,-1
746,21640,1131,367,47,124,1,-1,-1,-1
746,21643,1212,439,49,134,1,-1,-1,-1
746,21649,854,400,61,129,1,-1,-1,-1
746,21657,1337,408,59,124,1,-1,-1,-1
746,21668,1181,252,37,87,1,-1,-1,-1
746,21652,1380,271,44,100,1,-1,-1,-1
746,21679,1855,648,71,166,1,-1,-1,-1
746,21690,345,501,69,151,1,-1,-1,-1
746,21712,341,700,80,200,1,-1,-1,-1
746,21714,1524,339,64,118,1,-1,-1,-1
746,21715,1554,612,96,163,1,-1,-1,-1
746,21727,1858,422,60,139,1,-1,-1,-1
746,21636,671,534,61,117,1,-1,-1,-1
746,21730,309,654,100,176,1,-1,-1,-1
747,21574,281,245,42,90,1,-1,-1,-1
747,21625,1016,448,57,130,1,-1,-1,-1
747,21638,876,322,59,106,1,-1,-1,-1
747,21595,631,257,44,93,1,-1,-1,-1
747,21640,1135,366,48,124,1,-1,-1,-1
747,21643,1211,440,49,133,1,-1,-1,-1
747,21649,857,400,63,129,1,-1,-1,-1
747,21657,1342,407,59,124,1,-1,-1,-1
747,21668,1182,252,37,87,1,-1,-1,-1
747,21652,1384,272,44,99,1,-1,-1,-1
747,21679,1861,650,67,162,1,-1,-1,-1
747,21690,347,501,70,151,1,-1,-1,-1
747,21712,344,702,80,200,1,-1,-1,-1
747,21714,1529,337,63,118,1,-1,-1,-1
747,21715,1579,613,95,161,1,-1,-1,-1
747,21727,1858,420,61,140,1,-1,-1,-1
747,21636,670,534,61,116,1,-1,-1,-1
747,21730,317,655,99,173,1,-1,-1,-1
748,21574,283,245,42,90,1,-1,-1,-1
748,21625,1017,447,57,130,1,-1,-1,-1
748,21638,877,322,60,106,1,-1,-1,-1
748,21595,634,257,43,92,1,-1,-1,-1
748,21640,1137,366,48,124,1,-1,-1,-1
748,21643,1210,440,48,134,1,-1,-1,-1
748,21649,859,400,63,128,1,-1,-1,-1
748,21657,1344,407,59,124,1,-1,-1,-1
748,21668,1181,251,38,88,1,-1,-1,-1
748,21652,1385,272,44,98,1,-1,-1,-1
748,21679,1870,653,62,157,1,-1,-1,-1
748,21690,349,501,70,151,1,-1,-1,-1
748,21712,347,703,79,201,1,-1,-1,-1
748,21714,1534,336,62,119,1,-1,-1,-1
748,21715,1589,614,93,159,1,-1,-1,-1
748,21727,1858,419,61,140,1,-1,-1,-1
748,21636,669,534,61,116,1,-1,-1,-1
748,21730,331,655,96,167,1,-1,-1,-1
749,21574,284,245,42,90,1,-1,-1,-1
749,21625,1018,447,57,130,1,-1,-1,-1
749,21638,880,322,59,106,1,-1,-1,-1
749,21595,638,257,42,91,1,-1,-1,-1
749,21640,1138,366,49,124,1,-1,-1,-1
749,21643,1207,440,48,134,1,-1,-1,-1
749,21649,858,399,66,129,1,-1,-1,-1
749,21657,1346,406,59,124,1,-1,-1,-1
749,21668,1182,251,38,87,1,-1,-1,-1
749,21652,1386,272,44,98,1,-1,-1,-1
749,21679,1876,655,56,146,1,-1,-1,-1
749,21690,351,501,70,154,1,-1,-1,-1
749,21712,350,705,79,200,1,-1,-1,-1
749,21714,1540,335,62,120,1,-1,-1,-1
749,21715,1599,612,94,161,1,-1,-1,-1
749,21727,1859,418,60,139,1,-1,-1,-1
749,21636,667,534,61,116,1,-1,-1,-1
749,21730,348,655,90,158,1,-1,-1,-1
750,21574,285,247,42,88,1,-1,-1,-1
750,21625,1020,446,56,130,1,-1,-1,-1
750,21638,881,322,59,106,1,-1,-1,-1
750,21595,641,257,41,92,1,-1,-1,-1
750,21640,1139,365,49,124,1,-1,-1,-1
750,21643,1206,441,48,132,1,-1,-1,-1
750,21649,859,399,65,129,1,-1,-1,-1
750,21657,1348,406,60,124,1,-1,-1,-1
750,21668,1182,250,38,88,1,-1,-1,-1
750,21652,1385,273,45,96,1,-1,-1,-1
750,21690,353,504,70,152,1,-1,-1,-1
750,21712,355,707,79,200,1,-1,-1,-1
750,21714,1545,333,62,122,1,-1,-1,-1
750,21715,1617,608,96,163,1,-1,-1,-1
750,21727,1860,418,60,138,1,-1,-1,-1
750,21636,666,536,60,115,1,-1,-1,-1
750,21730,379,654,80,145,1,-1,-1,-1