1,77600,430,942,79,135,1,-1,-1,-1
1,77601,1017,645,64,157,1,-1,-1,-1
1,77602,1182,459,39,121,1,-1,-1,-1
1,77603,869,476,51,121,1,-1,-1,-1
1,77604,422,462,72,152,1,-1,-1,-1
1,77605,623,402,43,109,1,-1,-1,-1
1,77606,149,566,55,143,1,-1,-1,-1
1,77607,197,536,71,149,1,-1,-1,-1
1,77608,645,360,36,114,1,-1,-1,-1
1,77609,577,328,42,96,1,-1,-1,-1
1,77610,361,329,39,97,1,-1,-1,-1
1,77611,1673,284,31,94,1,-1,-1,-1
2,77600,423,942,79,135,1,-1,-1,-1
2,77601,1016,644,63,156,1,-1,-1,-1
2,77602,1181,459,39,121,1,-1,-1,-1
2,77603,867,476,51,121,1,-1,-1,-1
2,77604,418,462,72,151,1,-1,-1,-1
2,77605,623,402,43,109,1,-1,-1,-1
2,77606,146,566,55,143,1,-1,-1,-1
2,77607,193,536,71,149,1,-1,-1,-1
2,77608,645,360,35,113,1,-1,-1,-1
2,77609,576,328,43,96,1,-1,-1,-1
2,77610,360,329,39,96,1,-1,-1,-1
2,77611,1674,284,31,94,1,-1,-1,-1
3,77600,416,943,79,135,1,-1,-1,-1
3,77601,1015,643,63,156,1,-1,-1,-1
3,77602,1180,459,39,121,1,-1,-1,-1
3,77603,865,476,51,122,1,-1,-1,-1
3,77604,414,462,72,151,1,-1,-1,-1
3,77605,622,402,43,108,1,-1,-1,-1
3,77606,144,566,55,143,1,-1,-1,-1
3,77607,189,536,71,149,1,-1,-1,-1
3,77608,644,360,36,112,1,-1,-1,-1
3,77609,577,328,42,97,1,-1,-1,-1
3,77610,360,329,38,95,1,-1,-1,-1
3,77611,1676,284,31,94,1,-1,-1,-1
4,77600,408,943,79,135,1,-1,-1,-1
4,77601,1014,642,63,155,1,-1,-1,-1
4,77602,1178,459,40,121,1,-1,-1,-1
4,77603,864,476,51,122,1,-1,-1,-1
4,77604,410,463,71,150,1,-1,-1,-1
4,77605,621,402,43,107,1,-1,-1,-1
4,77606,141,566,55,143,1,-1,-1,-1
4,77607,186,536,70,149,1,-1,-1,-1
4,77608,644,360,36,112,1,-1,-1,-1
4,77609,577,328,43,97,1,-1,-1,-1
4,77610,359,329,39,95,1,-1,-1,-1
4,77611,1678,284,31,94,1,-1,-1,-1
5,77600,400,944,79,135,1,-1,-1,-1
5,77601,1013,641,62,155,1,-1,-1,-1
5,77602,1177,459,40,121,1,-1,-1,-1
5,77603,862,475,50,123,1,-1,-1,-1
5,77604,404,463,71,151,1,-1,-1,-1
5,77605,621,402,42,107,1,-1,-1,-1
5,77606,138,566,55,143,1,-1,-1,-1
5,77607,182,536,68,148,1,-1,-1,-1
5,77608,644,360,36,113,1,-1,-1,-1
5,77609,578,328,43,97,1,-1,-1,-1
5,77610,359,329,39,95,1,-1,-1,-1
5,77611,1682,283,31,94,1,-1,-1,-1
6,77600,391,944,79,135,1,-1,-1,-1
6,77601,1011,640,62,154,1,-1,-1,-1
6,77602,1175,459,42,121,1,-1,-1,-1
6,77603,861,476,49,122,1,-1,-1,-1
6,77604,398,464,71,150,1,-1,-1,-1
6,77605,620,402,42,106,1,-1,-1,-1
6,77606,135,566,55,143,1,-1,-1,-1
6,77607,179,536,67,148,1,-1,-1,-1
6,77608,643,360,36,113,1,-1,-1,-1
6,77609,578,328,43,97,1,-1,-1,-1
6,77610,358,329,39,95,1,-1,-1,-1
6,77611,1683,283,31,94,1,-1,-1,-1
7,77600,382,944,79,135,1,-1,-1,-1
7,77601,1011,639,61,154,1,-1,-1,-1
7,77602,1174,459,43,121,1,-1,-1,-1
7,77603,859,476,49,122,1,-1,-1,-1
7,77604,396,465,70,149,1,-1,-1,-1
7,77605,620,402,42,105,1,-1,-1,-1
7,77606,133,566,56,144,1,-1,-1,-1
7,77607,177,536,67,148,1,-1,-1,-1
7,77608,644,361,36,113,1,-1,-1,-1
7,77609,578,328,43,97,1,-1,-1,-1
7,77610,358,329,39,95,1,-1,-1,-1
7,77611,1685,282,31,94,1,-1,-1,-1
8,77600,373,942,79,135,1,-1,-1,-1
8,77601,1011,639,61,154,1,-1,-1,-1
8,77602,1173,459,45,121,1,-1,-1,-1
8,77603,858,476,48,122,1,-1,-1,-1
8,77604,393,465,70,149,1,-1,-1,-1
8,77605,620,402,42,105,1,-1,-1,-1
8,77606,132,567,56,144,1,-1,-1,-1
8,77607,177,537,65,147,1,-1,-1,-1
8,77608,644,361,36,113,1,-1,-1,-1
8,77609,578,328,43,97,1,-1,-1,-1
8,77610,359,329,40,96,1,-1,-1,-1
8,77611,1687,283,31,94,1,-1,-1,-1
9,77600,364,941,80,135,1,-1,-1,-1
9,77601,1011,639,60,154,1,-1,-1,-1
9,77602,1174,459,46,122,1,-1,-1,-1
9,77603,856,476,48,123,1,-1,-1,-1
9,77604,390,465,70,149,1,-1,-1,-1
9,77605,621,402,42,105,1,-1,-1,-1
9,77606,129,567,57,145,1,-1,-1,-1
9,77607,176,538,65,147,1,-1,-1,-1
9,77608,644,361,37,113,1,-1,-1,-1
9,77609,578,328,43,97,1,-1,-1,-1
9,77610,361,329,40,96,1,-1,-1,-1
9,77611,1690,283,31,94,1,-1,-1,-1
10,77600,355,940,81,135,1,-1,-1,-1
10,77601,1011,639,61,154,1,-1,-1,-1
10,77602,1175,459,47,123,1,-1,-1,-1
10,77603,854,475,49,124,1,-1,-1,-1
10,77604,387,464,70,148,1,-1,-1,-1
10,77605,621,402,42,106,1,-1,-1,-1
10,77606,127,567,58,146,1,-1,-1,-1
10,77607,176,539,65,146,1,-1,-1,-1
10,77608,645,361,36,113,1,-1,-1,-1
10,77609,578,328,43,97,1,-1,-1,-1
10,77610,361,329,41,97,1,-1,-1,-1
10,77611,1693,283,31,94,1,-1,-1,-1
11,77600,344,939,81,135,1,-1,-1,-1
11,77601,1011,639,61,154,1,-1,-1,-1
11,77602,1175,459,48,124,1,-1,-1,-1
11,77603,852,476,50,124,1,-1,-1,-1
11,77604,385,464,69,148,1,-1,-1,-1
11,77605,622,402,42,106,1,-1,-1,-1
11,77606,125,567,59,146,1,-1,-1,-1
11,77607,175,539,65,146,1,-1,-1,-1
11,77608,645,361,37,113,1,-1,-1,-1
11,77609,578,328,43,97,1,-1,-1,-1
11,77610,363,329,40,98,1,-1,-1,-1
11,77611,1695,283,31,94,1,-1,-1,-1
12,77600,335,936,83,137,1,-1,-1,-1
12,77601,1011,639,61,154,1,-1,-1,-1
12,77602,1173,458,49,125,1,-1,-1,-1
12,77603,851,476,51,124,1,-1,-1,-1
12,77604,381,464,70,148,1,-1,-1,-1
12,77605,621,403,43,106,1,-1,-1,-1
12,77606,123,567,60,147,1,-1,-1,-1
12,77607,174,540,65,145,1,-1,-1,-1
12,77608,646,361,37,113,1,-1,-1,-1
12,77609,577,328,43,97,1,-1,-1,-1
12,77610,363,329,41,98,1,-1,-1,-1
12,77611,1698,284,31,94,1,-1,-1,-1
13,77600,324,934,86,141,1,-1,-1,-1
13,77601,1011,639,61,154,1,-1,-1,-1
13,77602,1170,459,50,124,1,-1,-1,-1
13,77603,851,476,50,123,1,-1,-1,-1
13,77604,377,465,70,148,1,-1,-1,-1
13,77605,621,403,43,106,1,-1,-1,-1
13,77606,122,567,60,147,1,-1,-1,-1
13,77607,171,540,66,146,1,-1,-1,-1
13,77608,646,361,37,113,1,-1,-1,-1
13,77609,575,328,42,97,1,-1,-1,-1
13,77610,362,329,40,98,1,-1,-1,-1
13,77611,1701,284,31,94,1,-1,-1,-1
14,77600,313,930,88,146,1,-1,-1,-1
14,77601,1011,639,62,154,1,-1,-1,-1
14,77602,1168,459,49,125,1,-1,-1,-1
14,77603,852,476,50,123,1,-1,-1,-1
14,77604,372,465,69,149,1,-1,-1,-1
14,77605,619,403,44,106,1,-1,-1,-1
14,77606,120,568,60,146,1,-1,-1,-1
14,77607,169,541,65,145,1,-1,-1,-1
14,77608,647,361,37,113,1,-1,-1,-1
14,77609,573,328,42,97,1,-1,-1,-1
14,77610,360,329,40,98,1,-1,-1,-1
14,77611,1704,284,32,94,1,-1,-1,-1
15,77600,302,926,90,150,1,-1,-1,-1
15,77601,1011,639,62,154,1,-1,-1,-1
15,77602,1165,460,49,124,1,-1,-1,-1
15,77603,852,476,50,123,1,-1,-1,-1
15,77604,367,466,69,149,1,-1,-1,-1
15,77605,618,403,46,107,1,-1,-1,-1
15,77606,119,568,60,145,1,-1,-1,-1
15,77607,166,541,65,145,1,-1,-1,-1
15,77608,647,361,38,112,1,-1,-1,-1
15,77609,571,328,42,97,1,-1,-1,-1
15,77610,359,329,39,98,1,-1,-1,-1
15,77611,1708,284,31,95,1,-1,-1,-1
16,77600,291,922,91,156,1,-1,-1,-1
16,77601,1011,639,63,154,1,-1,-1,-1
16,77602,1161,460,49,124,1,-1,-1,-1
16,77603,852,476,49,123,1,-1,-1,-1
16,77604,362,467,67,149,1,-1,-1,-1
16,77605,617,403,47,107,1,-1,-1,-1
16,77606,118,569,58,144,1,-1,-1,-1
16,77607,163,541,65,145,1,-1,-1,-1
16,77608,647,361,38,112,1,-1,-1,-1
16,77609,569,328,42,97,1,-1,-1,-1
16,77610,357,329,39,98,1,-1,-1,-1
16,77611,1711,284,31,95,1,-1,-1,-1
17,77600,282,919,92,159,1,-1,-1,-1
17,77601,1011,639,62,154,1,-1,-1,-1
17,77602,1160,460,48,124,1,-1,-1,-1
17,77603,851,475,49,124,1,-1,-1,-1
17,77604,359,468,66,149,1,-1,-1,-1
17,77605,617,403,48,107,1,-1,-1,-1
17,77606,116,570,58,143,1,-1,-1,-1
17,77607,160,541,64,145,1,-1,-1,-1
17,77608,646,361,39,112,1,-1,-1,-1
17,77609,569,328,41,97,1,-1,-1,-1
17,77610,357,329,38,98,1,-1,-1,-1
17,77611,1713,284,31,96,1,-1,-1,-1
18,77600,274,917,92,161,1,-1,-1,-1
18,77601,1009,638,63,154,1,-1,-1,-1
18,77602,1158,460,47,124,1,-1,-1,-1
18,77603,849,476,48,123,1,-1,-1,-1
18,77604,356,468,65,150,1,-1,-1,-1
18,77605,616,403,49,107,1,-1,-1,-1
18,77606,113,570,58,143,1,-1,-1,-1
18,77607,156,541,63,145,1,-1,-1,-1
18,77608,645,361,39,111,1,-1,-1,-1
18,77609,568,328,41,97,1,-1,-1,-1
18,77610,355,329,38,98,1,-1,-1,-1
18,77611,1715,284,30,96,1,-1,-1,-1
19,77600,266,915,92,164,1,-1,-1,-1
19,77601,1008,638,62,153,1,-1,-1,-1
19,77602,1156,460,47,124,1,-1,-1,-1
19,77603,848,476,47,122,1,-1,-1,-1
19,77604,352,468,65,151,1,-1,-1,-1
19,77605,616,403,50,106,1,-1,-1,-1
19,77606,111,570,56,143,1,-1,-1,-1
19,77607,152,541,62,146,1,-1,-1,-1
19,77608,644,361,39,111,1,-1,-1,-1
19,77609,568,328,41,97,1,-1,-1,-1
19,77610,355,329,38,98,1,-1,-1,-1
19,77611,1716,284,30,95,1,-1,-1,-1
20,77600,259,913,91,166,1,-1,-1,-1
20,77601,1006,637,61,153,1,-1,-1,-1
20,77602,1154,461,48,123,1,-1,-1,-1
20,77603,845,476,46,122,1,-1,-1,-1
20,77604,349,468,64,152,1,-1,-1,-1
20,77605,617,403,49,106,1,-1,-1,-1
20,77606,105,570,56,143,1,-1,-1,-1
20,77607,144,541,62,148,1,-1,-1,-1
20,77608,643,361,39,111,1,-1,-1,-1
20,77609,567,328,40,97,1,-1,-1,-1
20,77610,353,329,39,98,1,-1,-1,-1
20,77611,1717,284,30,95,1,-1,-1,-1
21,77600,250,910,91,169,1,-1,-1,-1
21,77601,1005,636,60,153,1,-1,-1,-1
21,77602,1152,461,49,123,1,-1,-1,-1
21,77603,845,476,44,122,1,-1,-1,-1
21,77604,345,468,64,153,1,-1,-1,-1
21,77605,617,403,50,106,1,-1,-1,-1
21,77606,104,570,55,143,1,-1,-1,-1
21,77607,141,542,61,147,1,-1,-1,-1
21,77608,643,361,37,111,1,-1,-1,-1
21,77609,567,328,39,97,1,-1,-1,-1
21,77610,353,329,40,98,1,-1,-1,-1
21,77611,1719,284,29,94,1,-1,-1,-1
22,77600,242,907,91,172,1,-1,-1,-1
22,77601,1003,635,59,153,1,-1,-1,-1
22,77602,1151,461,49,123,1,-1,-1,-1
22,77603,842,476,45,121,1,-1,-1,-1
22,77604,342,468,63,154,1,-1,-1,-1
22,77605,616,403,49,105,1,-1,-1,-1
22,77606,103,570,54,143,1,-1,-1,-1
22,77607,141,542,60,148,1,-1,-1,-1
22,77608,642,361,38,111,1,-1,-1,-1
22,77609,567,328,39,97,1,-1,-1,-1
22,77610,353,329,40,97,1,-1,-1,-1
22,77611,1721,284,28,94,1,-1,-1,-1
23,77600,234,903,92,176,1,-1,-1,-1
23,77601,1001,634,59,153,1,-1,-1,-1
23,77602,1149,462,50,122,1,-1,-1,-1
23,77603,840,476,45,121,1,-1,-1,-1
23,77604,338,468,63,153,1,-1,-1,-1
23,77605,613,402,50,105,1,-1,-1,-1
23,77606,101,570,55,143,1,-1,-1,-1
23,77607,140,542,60,147,1,-1,-1,-1
23,77608,642,361,37,111,1,-1,-1,-1
23,77609,567,328,38,97,1,-1,-1,-1
23,77610,353,328,40,98,1,-1,-1,-1
23,77611,1722,284,28,93,1,-1,-1,-1
24,77600,227,899,93,180,1,-1,-1,-1
24,77601,998,634,59,152,1,-1,-1,-1
24,77602,1149,462,50,122,1,-1,-1,-1
24,77603,837,475,45,122,1,-1,-1,-1
24,77604,334,468,63,154,1,-1,-1,-1
24,77605,610,402,49,105,1,-1,-1,-1
24,77606,99,570,56,143,1,-1,-1,-1
24,77607,139,542,60,147,1,-1,-1,-1
24,77608,642,361,37,111,1,-1,-1,-1
24,77609,567,328,38,97,1,-1,-1,-1
24,77610,353,329,41,97,1,-1,-1,-1
24,77611,1723,284,28,93,1,-1,-1,-1
25,77600,219,896,93,183,1,-1,-1,-1
25,77601,996,634,59,152,1,-1,-1,-1
25,77602,1148,462,50,122,1,-1,-1,-1
25,77603,832,476,47,120,1,-1,-1,-1
25,77604,330,469,62,153,1,-1,-1,-1
25,77605,606,400,48,107,1,-1,-1,-1
25,77606,97,570,58,143,1,-1,-1,-1
25,77607,138,542,61,147,1,-1,-1,-1
25,77608,642,361,37,111,1,-1,-1,-1
25,77609,566,328,37,97,1,-1,-1,-1
25,77610,353,329,42,96,1,-1,-1,-1
25,77611,1725,284,27,92,1,-1,-1,-1
26,77600,209,892,95,187,1,-1,-1,-1
26,77601,993,633,60,152,1,-1,-1,-1
26,77602,1147,462,50,122,1,-1,-1,-1
26,77603,831,476,48,120,1,-1,-1,-1
26,77604,326,469,62,153,1,-1,-1,-1
26,77605,604,400,48,106,1,-1,-1,-1
26,77606,95,570,59,143,1,-1,-1,-1
26,77607,138,542,61,146,1,-1,-1,-1
26,77608,642,361,38,111,1,-1,-1,-1
26,77609,566,328,36,97,1,-1,-1,-1
26,77610,353,330,42,95,1,-1,-1,-1
26,77611,1727,284,27,92,1,-1,-1,-1
27,77600,202,889,95,189,1,-1,-1,-1
27,77601,991,633,61,152,1,-1,-1,-1
27,77602,1145,462,50,122,1,-1,-1,-1
27,77603,829,476,49,120,1,-1,-1,-1
27,77604,322,470,62,152,1,-1,-1,-1
27,77605,602,400,47,107,1,-1,-1,-1
27,77606,92,570,60,143,1,-1,-1,-1
27,77607,135,542,62,146,1,-1,-1,-1
27,77608,641,361,39,111,1,-1,-1,-1
27,77609,564,328,36,96,1,-1,-1,-1
27,77610,352,330,42,95,1,-1,-1,-1
27,77611,1728,284,27,91,1,-1,-1,-1
28,77600,195,888,94,189,1,-1,-1,-1
28,77601,989,633,62,152,1,-1,-1,-1
28,77602,1143,462,50,122,1,-1,-1,-1
28,77603,828,476,49,121,1,-1,-1,-1
28,77604,317,470,64,152,1,-1,-1,-1
28,77605,600,400,47,107,1,-1,-1,-1
28,77606,89,570,61,142,1,-1,-1,-1
28,77607,132,542,61,145,1,-1,-1,-1
28,77608,640,361,39,111,1,-1,-1,-1
28,77609,562,328,36,96,1,-1,-1,-1
28,77610,350,331,42,94,1,-1,-1,-1
28,77611,1731,284,26,91,1,-1,-1,-1
29,77600,187,886,94,189,1,-1,-1,-1
29,77601,988,633,63,152,1,-1,-1,-1
29,77602,1140,462,50,123,1,-1,-1,-1
29,77603,826,475,50,122,1,-1,-1,-1
29,77604,313,470,64,152,1,-1,-1,-1
29,77605,599,401,47,106,1,-1,-1,-1
29,77606,87,570,60,141,1,-1,-1,-1
29,77607,128,542,61,144,1,-1,-1,-1
29,77608,639,361,40,111,1,-1,-1,-1
29,77609,560,328,37,96,1,-1,-1,-1
29,77610,348,331,42,94,1,-1,-1,-1
29,77611,1732,284,26,91,1,-1,-1,-1
30,77600,176,884,93,189,1,-1,-1,-1
30,77601,986,633,63,151,1,-1,-1,-1
30,77602,1137,462,50,123,1,-1,-1,-1
30,77603,825,476,50,121,1,-1,-1,-1
30,77604,309,471,64,151,1,-1,-1,-1
30,77605,597,402,48,106,1,-1,-1,-1
30,77606,84,570,60,140,1,-1,-1,-1
30,77607,125,542,60,144,1,-1,-1,-1
30,77608,638,361,40,111,1,-1,-1,-1
30,77609,557,329,38,94,1,-1,-1,-1
30,77610,346,331,40,93,1,-1,-1,-1
30,77611,1733,284,26,91,1,-1,-1,-1
31,77600,172,883,91,189,1,-1,-1,-1
31,77601,985,633,64,151,1,-1,-1,-1
31,77602,1134,462,50,123,1,-1,-1,-1
31,77603,824,476,50,121,1,-1,-1,-1
31,77604,304,471,66,151,1,-1,-1,-1
31,77605,594,403,49,105,1,-1,-1,-1
31,77606,81,570,60,139,1,-1,-1,-1
31,77607,122,542,58,143,1,-1,-1,-1
31,77608,637,361,41,111,1,-1,-1,-1
31,77609,555,329,39,94,1,-1,-1,-1
31,77610,345,331,40,93,1,-1,-1,-1
31,77611,1735,284,26,92,1,-1,-1,-1
32,77600,164,880,92,192,1,-1,-1,-1
32,77601,986,633,64,151,1,-1,-1,-1
32,77602,1133,462,50,123,1,-1,-1,-1
32,77603,822,475,49,123,1,-1,-1,-1
32,77604,300,471,66,151,1,-1,-1,-1
32,77605,592,403,50,105,1,-1,-1,-1
32,77606,77,570,60,139,1,-1,-1,-1
32,77607,117,542,58,143,1,-1,-1,-1
32,77608,636,361,41,111,1,-1,-1,-1
32,77609,553,330,40,93,1,-1,-1,-1
32,77610,345,331,39,93,1,-1,-1,-1
32,77611,1736,284,26,92,1,-1,-1,-1
33,77600,156,877,92,196,1,-1,-1,-1
33,77601,987,632,64,153,1,-1,-1,-1
33,77602,1131,462,50,123,1,-1,-1,-1
33,77603,819,476,50,122,1,-1,-1,-1
33,77604,296,471,66,151,1,-1,-1,-1
33,77605,590,403,50,106,1,-1,-1,-1
33,77606,73,570,60,141,1,-1,-1,-1
33,77607,112,542,58,144,1,-1,-1,-1
33,77608,635,361,41,111,1,-1,-1,-1
33,77609,552,330,41,93,1,-1,-1,-1
33,77610,344,331,39,93,1,-1,-1,-1
33,77611,1737,284,26,92,1,-1,-1,-1
34,77600,147,873,91,200,1,-1,-1,-1
34,77601,988,632,64,153,1,-1,-1,-1
34,77602,1129,462,51,123,1,-1,-1,-1
34,77603,817,476,49,122,1,-1,-1,-1
34,77604,291,470,67,153,1,-1,-1,-1
34,77605,588,402,51,107,1,-1,-1,-1
34,77606,67,570,61,142,1,-1,-1,-1
34,77607,106,542,59,146,1,-1,-1,-1
34,77608,634,361,40,111,1,-1,-1,-1
34,77609,551,330,41,93,1,-1,-1,-1
34,77610,343,331,39,94,1,-1,-1,-1
34,77611,1739,284,26,92,1,-1,-1,-1
35,77600,138,870,91,204,1,-1,-1,-1
35,77601,990,631,65,154,1,-1,-1,-1
35,77602,1128,462,51,123,1,-1,-1,-1
35,77603,814,476,50,122,1,-1,-1,-1
35,77604,286,470,67,153,1,-1,-1,-1
35,77605,586,402,51,107,1,-1,-1,-1
35,77606,62,570,63,143,1,-1,-1,-1
35,77607,99,542,61,147,1,-1,-1,-1
35,77608,633,361,40,110,1,-1,-1,-1
35,77609,550,330,41,93,1,-1,-1,-1
35,77610,342,331,39,95,1,-1,-1,-1
35,77611,1740,284,26,93,1,-1,-1,-1
36,77600,128,866,91,209,1,-1,-1,-1
36,77601,991,630,64,155,1,-1,-1,-1
36,77602,1125,462,53,123,1,-1,-1,-1
36,77603,811,476,49,122,1,-1,-1,-1
36,77604,280,469,66,155,1,-1,-1,-1
36,77605,583,401,51,108,1,-1,-1,-1
36,77606,56,570,65,145,1,-1,-1,-1
36,77607,93,542,62,148,1,-1,-1,-1
36,77608,632,361,40,110,1,-1,-1,-1
36,77609,549,330,41,93,1,-1,-1,-1
36,77610,341,331,40,96,1,-1,-1,-1
36,77611,1741,284,26,94,1,-1,-1,-1
37,77600,122,865,90,210,1,-1,-1,-1
37,77601,992,630,64,155,1,-1,-1,-1
37,77602,1123,462,53,123,1,-1,-1,-1
37,77603,809,476,49,122,1,-1,-1,-1
37,77604,277,469,66,156,1,-1,-1,-1
37,77605,583,401,50,108,1,-1,-1,-1
37,77606,53,570,66,146,1,-1,-1,-1
37,77607,89,542,64,148,1,-1,-1,-1
37,77608,632,361,39,110,1,-1,-1,-1
37,77609,548,330,40,93,1,-1,-1,-1
37,77610,340,332,41,95,1,-1,-1,-1
37,77611,1743,285,26,93,1,-1,-1,-1
38,77600,116,864,90,211,1,-1,-1,-1
38,77601,993,630,64,155,1,-1,-1,-1
38,77602,1121,463,53,122,1,-1,-1,-1
38,77603,808,475,50,123,1,-1,-1,-1
38,77604,276,469,65,156,1,-1,-1,-1
38,77605,580,400,50,109,1,-1,-1,-1
38,77606,52,571,66,146,1,-1,-1,-1
38,77607,88,542,64,149,1,-1,-1,-1
38,77608,632,361,39,111,1,-1,-1,-1
38,77609,546,330,40,93,1,-1,-1,-1
38,77610,341,332,40,96,1,-1,-1,-1
38,77611,1744,285,26,94,1,-1,-1,-1
39,77600,111,864,91,211,1,-1,-1,-1
39,77601,994,630,63,155,1,-1,-1,-1
39,77602,1119,463,53,121,1,-1,-1,-1
39,77603,808,476,50,123,1,-1,-1,-1
39,77604,275,470,65,156,1,-1,-1,-1
39,77605,578,400,49,109,1,-1,-1,-1
39,77606,51,571,68,147,1,-1,-1,-1
39,77607,87,542,64,149,1,-1,-1,-1
39,77608,631,361,40,111,1,-1,-1,-1
39,77609,544,330,40,94,1,-1,-1,-1
39,77610,341,332,40,96,1,-1,-1,-1
39,77611,1746,285,26,94,1,-1,-1,-1
40,77600,102,864,93,212,1,-1,-1,-1
40,77601,995,630,62,155,1,-1,-1,-1
40,77602,1117,463,53,121,1,-1,-1,-1
40,77603,808,475,51,123,1,-1,-1,-1
40,77604,273,471,66,156,1,-1,-1,-1
40,77605,575,400,49,109,1,-1,-1,-1
40,77606,51,572,67,146,1,-1,-1,-1
40,77607,86,542,65,149,1,-1,-1,-1
40,77608,632,361,39,111,1,-1,-1,-1
40,77609,542,330,40,94,1,-1,-1,-1
40,77610,341,332,40,95,1,-1,-1,-1
40,77611,1748,285,26,95,1,-1,-1,-1
41,77600,97,864,96,212,1,-1,-1,-1
41,77601,996,630,61,155,1,-1,-1,-1
41,77602,1116,463,51,120,1,-1,-1,-1
41,77603,809,476,50,122,1,-1,-1,-1
41,77604,271,472,67,155,1,-1,-1,-1
41,77605,573,400,48,109,1,-1,-1,-1
41,77606,50,572,69,147,1,-1,-1,-1
41,77607,85,542,65,149,1,-1,-1,-1
41,77608,631,361,41,112,1,-1,-1,-1
41,77609,541,331,38,93,1,-1,-1,-1
41,77610,342,332,40,95,1,-1,-1,-1
41,77611,1749,285,26,95,1,-1,-1,-1
42,77600,89,863,98,211,1,-1,-1,-1
42,77601,996,630,61,155,1,-1,-1,-1
42,77602,1113,463,51,120,1,-1,-1,-1
42,77603,808,476,51,122,1,-1,-1,-1
42,77604,268,472,67,156,1,-1,-1,-1
42,77605,571,400,47,109,1,-1,-1,-1
42,77606,48,573,69,145,1,-1,-1,-1
42,77607,81,541,65,149,1,-1,-1,-1
42,77608,630,361,41,112,1,-1,-1,-1
42,77609,539,331,38,94,1,-1,-1,-1
42,77610,342,331,39,95,1,-1,-1,-1
42,77611,1750,286,26,95,1,-1,-1,-1
43,77600,80,862,99,210,1,-1,-1,-1
43,77601,997,630,59,154,1,-1,-1,-1
43,77602,1111,463,50,120,1,-1,-1,-1
43,77603,807,476,50,121,1,-1,-1,-1
43,77604,263,473,67,155,1,-1,-1,-1
43,77605,569,400,48,109,1,-1,-1,-1
43,77606,45,573,68,145,1,-1,-1,-1
43,77607,75,541,65,148,1,-1,-1,-1
43,77608,629,361,42,112,1,-1,-1,-1
43,77609,537,331,39,94,1,-1,-1,-1
43,77610,341,331,39,95,1,-1,-1,-1
43,77611,1750,286,26,95,1,-1,-1,-1
44,77600,70,860,100,211,1,-1,-1,-1
44,77601,997,630,58,154,1,-1,-1,-1
44,77602,1107,463,51,120,1,-1,-1,-1
44,77603,805,476,50,121,1,-1,-1,-1
44,77604,257,473,67,154,1,-1,-1,-1
44,77605,567,400,49,109,1,-1,-1,-1
44,77606,43,574,66,144,1,-1,-1,-1
44,77607,67,541,65,148,1,-1,-1,-1
44,77608,628,361,42,112,1,-1,-1,-1
44,77609,535,331,39,94,1,-1,-1,-1
44,77610,340,331,38,95,1,-1,-1,-1
44,77611,1751,286,26,95,1,-1,-1,-1
45,77600,55,858,101,211,1,-1,-1,-1
45,77601,997,630,58,153,1,-1,-1,-1
45,77602,1104,463,51,121,1,-1,-1,-1
45,77603,803,475,49,121,1,-1,-1,-1
45,77604,252,473,66,154,1,-1,-1,-1
45,77605,566,400,49,109,1,-1,-1,-1
45,77606,40,574,65,143,1,-1,-1,-1
45,77607,60,540,64,148,1,-1,-1,-1
45,77608,627,361,42,112,1,-1,-1,-1
45,77609,533,331,40,95,1,-1,-1,-1
45,77610,339,330,38,95,1,-1,-1,-1
45,77611,1752,286,27,95,1,-1,-1,-1
46,77600,49,856,101,211,1,-1,-1,-1
46,77601,997,630,57,153,1,-1,-1,-1
46,77602,1099,463,53,121,1,-1,-1,-1
46,77603,803,476,47,120,1,-1,-1,-1
46,77604,247,473,64,154,1,-1,-1,-1
46,77605,564,400,50,109,1,-1,-1,-1
46,77606,37,574,64,143,1,-1,-1,-1
46,77607,51,540,65,147,1,-1,-1,-1
46,77608,625,361,43,112,1,-1,-1,-1
46,77609,530,331,41,95,1,-1,-1,-1
46,77610,338,330,37,94,1,-1,-1,-1
46,77611,1753,287,26,94,1,-1,-1,-1
47,77600,43,855,102,211,1,-1,-1,-1
47,77601,996,630,57,153,1,-1,-1,-1
47,77602,1097,463,54,121,1,-1,-1,-1
47,77603,800,476,47,119,1,-1,-1,-1
47,77604,243,473,64,154,1,-1,-1,-1
47,77605,560,400,51,108,1,-1,-1,-1
47,77606,35,574,63,143,1,-1,-1,-1
47,77607,47,540,65,147,1,-1,-1,-1
47,77608,624,362,43,111,1,-1,-1,-1
47,77609,528,331,42,95,1,-1,-1,-1
47,77610,337,329,37,95,1,-1,-1,-1
47,77611,1753,287,27,94,1,-1,-1,-1
48,77600,36,854,102,212,1,-1,-1,-1
48,77601,995,630,57,154,1,-1,-1,-1
48,77602,1095,463,55,122,1,-1,-1,-1
48,77603,797,476,47,120,1,-1,-1,-1
48,77604,241,473,64,154,1,-1,-1,-1
48,77605,557,400,51,108,1,-1,-1,-1
48,77606,33,574,62,143,1,-1,-1,-1
48,77607,44,540,65,146,1,-1,-1,-1
48,77608,622,362,44,111,1,-1,-1,-1
48,77609,526,331,43,96,1,-1,-1,-1
48,77610,336,329,38,95,1,-1,-1,-1
48,77611,1754,287,27,94,1,-1,-1,-1
49,77600,30,852,103,213,1,-1,-1,-1
49,77601,994,630,57,154,1,-1,-1,-1
49,77602,1093,463,55,122,1,-1,-1,-1
49,77603,793,476,47,120,1,-1,-1,-1
49,77604,239,474,64,153,1,-1,-1,-1
49,77605,554,399,50,109,1,-1,-1,-1
49,77606,31,574,62,143,1,-1,-1,-1
49,77607,41,540,66,146,1,-1,-1,-1
49,77608,621,362,43,112,1,-1,-1,-1
49,77609,525,331,43,96,1,-1,-1,-1
49,77610,334,329,39,95,1,-1,-1,-1
49,77611,1754,287,28,94,1,-1,-1,-1
50,77600,23,850,103,214,1,-1,-1,-1
50,77601,993,630,57,155,1,-1,-1,-1
50,77602,1092,464,55,121,1,-1,-1,-1
50,77603,788,476,48,120,1,-1,-1,-1
50,77604,236,475,65,153,1,-1,-1,-1
50,77605,550,399,50,108,1,-1,-1,-1
50,77606,29,574,62,144,1,-1,-1,-1
50,77607,36,540,68,145,1,-1,-1,-1
50,77608,619,362,43,112,1,-1,-1,-1
50,77609,524,331,43,96,1,-1,-1,-1
50,77610,333,329,40,96,1,-1,-1,-1
50,77611,1755,288,28,94,1,-1,-1,-1
51,77600,16,848,104,215,1,-1,-1,-1
51,77601,991,630,58,156,1,-1,-1,-1
51,77602,1090,465,56,120,1,-1,-1,-1
51,77603,786,476,48,120,1,-1,-1,-1
51,77604,233,476,66,153,1,-1,-1,-1
51,77605,546,399,48,108,1,-1,-1,-1
51,77606,26,574,63,145,1,-1,-1,-1
51,77607,33,540,70,144,1,-1,-1,-1
51,77608,618,362,42,112,1,-1,-1,-1
51,77609,523,331,43,96,1,-1,-1,-1
51,77610,332,329,41,96,1,-1,-1,-1
51,77611,1756,288,28,94,1,-1,-1,-1
52,77600,10,847,103,215,1,-1,-1,-1
52,77601,990,631,58,156,1,-1,-1,-1
52,77602,1088,465,56,120,1,-1,-1,-1
52,77603,785,476,48,120,1,-1,-1,-1
52,77604,230,477,67,153,1,-1,-1,-1
52,77605,544,399,47,108,1,-1,-1,-1
52,77606,24,575,63,144,1,-1,-1,-1
52,77607,30,540,71,145,1,-1,-1,-1
52,77608,617,362,41,112,1,-1,-1,-1
52,77609,522,331,42,95,1,-1,-1,-1
52,77610,331,329,41,96,1,-1,-1,-1
52,77611,1756,288,28,94,1,-1,-1,-1
53,77600,3,844,102,215,1,-1,-1,-1
53,77601,988,632,58,155,1,-1,-1,-1
53,77602,1085,466,55,120,1,-1,-1,-1
53,77603,783,476,50,121,1,-1,-1,-1
53,77604,226,477,67,154,1,-1,-1,-1
53,77605,541,399,47,108,1,-1,-1,-1
53,77606,21,575,64,145,1,-1,-1,-1
53,77607,27,540,73,146,1,-1,-1,-1
53,77608,616,362,41,112,1,-1,-1,-1
53,77609,520,331,42,94,1,-1,-1,-1
53,77610,329,329,41,96,1,-1,-1,-1
53,77611,1757,288,28,94,1,-1,-1,-1
54,77600,-1,842,99,215,1,-1,-1,-1
54,77601,987,632,58,155,1,-1,-1,-1
54,77602,1082,466,55,120,1,-1,-1,-1
54,77603,782,476,50,121,1,-1,-1,-1
54,77604,221,476,68,155,1,-1,-1,-1
54,77605,538,400,47,108,1,-1,-1,-1
54,77606,18,575,65,145,1,-1,-1,-1
54,77607,25,540,73,146,1,-1,-1,-1
54,77608,615,362,40,112,1,-1,-1,-1
54,77609,518,331,41,93,1,-1,-1,-1
54,77610,327,329,41,97,1,-1,-1,-1
54,77611,1757,288,29,94,1,-1,-1,-1
55,77600,-11,838,96,215,1,-1,-1,-1
55,77601,984,634,59,153,1,-1,-1,-1
55,77602,1079,466,53,120,1,-1,-1,-1
55,77603,781,477,50,120,1,-1,-1,-1
55,77604,216,476,68,155,1,-1,-1,-1
55,77605,534,401,48,108,1,-1,-1,-1
55,77606,15,575,66,147,1,-1,-1,-1
55,77607,20,540,74,147,1,-1,-1,-1
55,77608,614,362,39,112,1,-1,-1,-1
55,77609,516,331,41,93,1,-1,-1,-1
55,77610,324,329,40,97,1,-1,-1,-1
55,77611,1758,288,29,94,1,-1,-1,-1
56,77600,-13,836,92,216,1,-1,-1,-1
56,77601,983,634,60,153,1,-1,-1,-1
56,77602,1076,466,51,121,1,-1,-1,-1
56,77603,780,477,51,120,1,-1,-1,-1
56,77604,210,476,69,156,1,-1,-1,-1
56,77605,531,402,49,107,1,-1,-1,-1
56,77606,13,575,67,147,1,-1,-1,-1
56,77607,17,540,73,147,1,-1,-1,-1
56,77608,612,362,39,112,1,-1,-1,-1
56,77609,513,331,41,92,1,-1,-1,-1
56,77610,322,329,40,97,1,-1,-1,-1
56,77611,1759,288,28,94,1,-1,-1,-1
57,77600,-13,838,88,213,1,-1,-1,-1
57,77601,982,635,61,152,1,-1,-1,-1
57,77602,1074,466,50,121,1,-1,-1,-1
57,77603,778,477,52,120,1,-1,-1,-1
57,77604,207,476,69,157,1,-1,-1,-1
57,77605,528,402,50,108,1,-1,-1,-1
57,77606,11,576,67,146,1,-1,-1,-1
57,77607,15,540,72,147,1,-1,-1,-1
57,77608,611,362,39,112,1,-1,-1,-1
57,77609,512,331,40,92,1,-1,-1,-1
57,77610,321,330,39,96,1,-1,-1,-1
57,77611,1758,289,29,93,1,-1,-1,-1
58,77600,-12,840,85,211,1,-1,-1,-1
58,77601,981,635,62,152,1,-1,-1,-1
58,77602,1071,466,49,121,1,-1,-1,-1
58,77603,775,477,52,121,1,-1,-1,-1
58,77604,204,478,68,156,1,-1,-1,-1
58,77605,527,403,50,107,1,-1,-1,-1
58,77606,8,576,67,145,1,-1,-1,-1
58,77607,12,540,72,149,1,-1,-1,-1
58,77608,611,362,39,112,1,-1,-1,-1
58,77609,511,331,40,93,1,-1,-1,-1
58,77610,319,330,39,96,1,-1,-1,-1
58,77611,1758,290,29,93,1,-1,-1,-1
59,77600,-11,843,81,208,1,-1,-1,-1
59,77601,980,635,63,152,1,-1,-1,-1
59,77602,1068,467,49,121,1,-1,-1,-1
59,77603,774,477,51,121,1,-1,-1,-1
59,77604,200,479,68,156,1,-1,-1,-1
59,77605,525,403,51,107,1,-1,-1,-1
59,77606,6,576,66,144,1,-1,-1,-1
59,77607,9,540,72,152,1,-1,-1,-1
59,77608,610,362,40,113,1,-1,-1,-1
59,77609,510,332,41,94,1,-1,-1,-1
59,77610,318,331,38,96,1,-1,-1,-1
59,77611,1759,292,28,92,1,-1,-1,-1
60,77600,-10,848,78,203,1,-1,-1,-1
60,77601,978,635,64,152,1,-1,-1,-1
60,77602,1065,468,50,121,1,-1,-1,-1
60,77603,771,477,50,123,1,-1,-1,-1
60,77604,197,481,67,155,1,-1,-1,-1
60,77605,524,403,50,106,1,-1,-1,-1
60,77606,4,576,65,143,1,-1,-1,-1
60,77607,6,540,71,154,1,-1,-1,-1
60,77608,610,362,41,113,1,-1,-1,-1
60,77609,508,333,42,95,1,-1,-1,-1
60,77610,316,332,38,96,1,-1,-1,-1
60,77611,1758,294,28,91,1,-1,-1,-1
61,77600,-9,850,74,194,1,-1,-1,-1
61,77601,977,635,65,152,1,-1,-1,-1
61,77602,1060,469,51,121,1,-1,-1,-1
61,77603,769,477,50,123,1,-1,-1,-1
61,77604,194,482,66,155,1,-1,-1,-1
61,77605,523,403,51,106,1,-1,-1,-1
61,77606,2,576,63,143,1,-1,-1,-1
61,77607,3,539,71,159,1,-1,-1,-1
61,77608,609,362,43,114,1,-1,-1,-1
61,77609,507,333,43,96,1,-1,-1,-1
61,77610,314,332,39,96,1,-1,-1,-1
61,77611,1758,295,28,91,1,-1,-1,-1
62,77600,-6,850,63,171,1,-1,-1,-1
62,77601,976,635,65,152,1,-1,-1,-1
62,77602,1057,470,52,120,1,-1,-1,-1
62,77603,768,477,48,124,1,-1,-1,-1
62,77604,191,483,66,154,1,-1,-1,-1
62,77605,519,403,51,106,1,-1,-1,-1
62,77606,0,576,62,143,1,-1,-1,-1
62,77607,2,541,69,158,1,-1,-1,-1
62,77608,609,362,44,114,1,-1,-1,-1
62,77609,505,334,43,96,1,-1,-1,-1
62,77610,313,333,39,96,1,-1,-1,-1
62,77611,1758,296,28,89,1,-1,-1,-1
63,77600,-3,850,52,140,1,-1,-1,-1
63,77601,975,635,65,152,1,-1,-1,-1
63,77602,1054,470,53,120,1,-1,-1,-1
63,77603,766,478,49,123,1,-1,-1,-1
63,77604,188,483,67,155,1,-1,-1,-1
63,77605,515,403,51,106,1,-1,-1,-1
63,77606,0,577,60,142,1,-1,-1,-1
63,77607,1,543,68,157,1,-1,-1,-1
63,77608,609,363,44,114,1,-1,-1,-1
63,77609,504,334,43,96,1,-1,-1,-1
63,77610,312,334,40,95,1,-1,-1,-1
63,77611,1758,296,28,89,1,-1,-1,-1
64,77600,0,850,40,107,1,-1,-1,-1
64,77601,974,635,65,152,1,-1,-1,-1
64,77602,1050,470,55,120,1,-1,-1,-1
64,77603,765,478,48,123,1,-1,-1,-1
64,77604,186,483,66,156,1,-1,-1,-1
64,77605,510,403,52,107,1,-1,-1,-1
64,77606,-2,577,59,143,1,-1,-1,-1
64,77607,0,544,66,155,1,-1,-1,-1
64,77608,609,365,45,114,1,-1,-1,-1
64,77609,503,334,42,95,1,-1,-1,-1
64,77610,312,334,40,95,1,-1,-1,-1
64,77611,1758,297,28,89,1,-1,-1,-1
65,77600,2,850,29,74,1,-1,-1,-1
65,77601,973,635,64,153,1,-1,-1,-1
65,77602,1047,470,55,120,1,-1,-1,-1
65,77603,763,478,49,124,1,-1,-1,-1
65,77604,183,483,68,158,1,-1,-1,-1
65,77605,505,403,52,107,1,-1,-1,-1
65,77606,-3,577,58,143,1,-1,-1,-1
65,77607,0,546,65,154,1,-1,-1,-1
65,77608,610,367,45,114,1,-1,-1,-1
65,77609,501,334,41,95,1,-1,-1,-1
65,77610,310,334,41,95,1,-1,-1,-1
65,77611,1758,298,28,87,1,-1,-1,-1
66,77601,972,635,63,153,1,-1,-1,-1
66,77602,1044,470,56,120,1,-1,-1,-1
66,77603,760,479,51,122,1,-1,-1,-1
66,77604,179,482,70,160,1,-1,-1,-1
66,77605,500,403,53,107,1,-1,-1,-1
66,77606,-4,578,57,143,1,-1,-1,-1
66,77607,0,548,63,152,1,-1,-1,-1
66,77608,610,367,45,114,1,-1,-1,-1
66,77609,501,334,40,95,1,-1,-1,-1
66,77610,309,335,41,95,1,-1,-1,-1
66,77611,1757,299,29,86,1,-1,-1,-1
67,77601,971,635,62,153,1,-1,-1,-1
67,77602,1040,470,56,119,1,-1,-1,-1
67,77603,759,479,51,122,1,-1,-1,-1
67,77604,175,482,70,160,1,-1,-1,-1
67,77605,496,403,54,107,1,-1,-1,-1
67,77606,-4,579,56,143,1,-1,-1,-1
67,77607,-2,550,61,148,1,-1,-1,-1
67,77608,609,368,45,114,1,-1,-1,-1
67,77609,500,334,40,95,1,-1,-1,-1
67,77610,308,335,41,95,1,-1,-1,-1
67,77611,1757,300,29,86,1,-1,-1,-1
68,77601,969,635,62,153,1,-1,-1,-1
68,77602,1036,470,57,119,1,-1,-1,-1
68,77603,758,479,52,123,1,-1,-1,-1
68,77604,171,483,70,160,1,-1,-1,-1
68,77605,494,403,54,108,1,-1,-1,-1
68,77606,-5,579,56,144,1,-1,-1,-1
68,77607,-4,552,58,144,1,-1,-1,-1
68,77608,608,368,44,114,1,-1,-1,-1
68,77609,499,334,39,95,1,-1,-1,-1
68,77610,306,335,42,95,1,-1,-1,-1
68,77611,1757,301,29,85,1,-1,-1,-1
69,77601,966,635,62,153,1,-1,-1,-1
69,77602,1032,470,58,119,1,-1,-1,-1
69,77603,757,479,52,124,1,-1,-1,-1
69,77604,166,483,70,160,1,-1,-1,-1
69,77605,492,403,54,108,1,-1,-1,-1
69,77606,-5,579,55,145,1,-1,-1,-1
69,77607,-6,554,54,139,1,-1,-1,-1
69,77608,607,368,43,114,1,-1,-1,-1
69,77609,497,334,40,95,1,-1,-1,-1
69,77610,305,335,41,96,1,-1,-1,-1
69,77611,1757,303,30,85,1,-1,-1,-1
69,77613,0,873,2,12,1,-1,-1,-1
70,77601,964,635,62,154,1,-1,-1,-1
70,77602,1029,470,58,119,1,-1,-1,-1
70,77603,756,480,53,123,1,-1,-1,-1
70,77604,161,483,70,160,1,-1,-1,-1
70,77605,490,403,53,108,1,-1,-1,-1
70,77606,-5,579,55,146,1,-1,-1,-1
70,77607,-8,556,51,135,1,-1,-1,-1
70,77608,605,368,42,113,1,-1,-1,-1
70,77609,494,334,41,95,1,-1,-1,-1
70,77610,303,335,41,96,1,-1,-1,-1
70,77611,1757,306,31,84,1,-1,-1,-1
70,77613,0,873,2,12,1,-1,-1,-1
71,77601,961,635,63,154,1,-1,-1,-1
71,77602,1025,470,58,119,1,-1,-1,-1
71,77603,755,480,52,122,1,-1,-1,-1
71,77604,157,483,69,160,1,-1,-1,-1
71,77605,488,403,53,108,1,-1,-1,-1
71,77606,-5,579,54,147,1,-1,-1,-1
71,77607,-10,558,47,130,1,-1,-1,-1
71,77608,605,368,41,113,1,-1,-1,-1
71,77609,492,334,42,95,1,-1,-1,-1
71,77610,302,335,40,97,1,-1,-1,-1
71,77611,1757,307,31,83,1,-1,-1,-1
72,77601,960,635,64,155,1,-1,-1,-1
72,77602,1023,470,59,119,1,-1,-1,-1
72,77603,754,480,52,122,1,-1,-1,-1
72,77604,154,483,68,160,1,-1,-1,-1
72,77605,486,403,52,108,1,-1,-1,-1
72,77606,-6,579,53,148,1,-1,-1,-1
72,77607,-11,559,44,128,1,-1,-1,-1
72,77608,604,368,40,113,1,-1,-1,-1
72,77609,492,334,42,96,1,-1,-1,-1
72,77610,301,335,40,97,1,-1,-1,-1
72,77611,1755,308,33,83,1,-1,-1,-1
73,77601,959,635,65,155,1,-1,-1,-1
73,77602,1022,470,59,119,1,-1,-1,-1
73,77603,752,480,51,121,1,-1,-1,-1
73,77604,153,485,68,159,1,-1,-1,-1
73,77605,485,403,51,108,1,-1,-1,-1
73,77606,-7,579,51,147,1,-1,-1,-1
73,77607,-11,559,41,127,1,-1,-1,-1
73,77608,602,368,40,113,1,-1,-1,-1
73,77609,491,334,43,95,1,-1,-1,-1
73,77610,300,335,39,97,1,-1,-1,-1
73,77611,1754,310,33,82,1,-1,-1,-1
74,77601,958,635,66,156,1,-1,-1,-1
74,77602,1021,470,59,119,1,-1,-1,-1
74,77603,750,480,51,121,1,-1,-1,-1
74,77604,151,486,67,158,1,-1,-1,-1
74,77605,484,403,49,108,1,-1,-1,-1
74,77606,-8,579,49,147,1,-1,-1,-1
74,77607,-11,559,39,126,1,-1,-1,-1
74,77608,601,368,40,114,1,-1,-1,-1
74,77609,491,335,44,94,1,-1,-1,-1
74,77610,299,335,39,97,1,-1,-1,-1
74,77611,1753,311,34,81,1,-1,-1,-1
75,77601,957,635,67,156,1,-1,-1,-1
75,77602,1019,470,59,119,1,-1,-1,-1
75,77603,749,480,50,121,1,-1,-1,-1
75,77604,150,488,67,156,1,-1,-1,-1
75,77605,482,403,49,108,1,-1,-1,-1
75,77606,-9,579,46,147,1,-1,-1,-1
75,77607,-12,559,36,126,1,-1,-1,-1
75,77608,599,368,40,114,1,-1,-1,-1
75,77609,491,336,44,93,1,-1,-1,-1
75,77610,298,336,40,95,1,-1,-1,-1
75,77611,1750,313,34,79,1,-1,-1,-1
76,77601,956,635,69,156,1,-1,-1,-1
76,77602,1018,470,59,119,1,-1,-1,-1
76,77603,747,480,48,120,1,-1,-1,-1
76,77604,148,489,67,155,1,-1,-1,-1
76,77605,481,403,47,108,1,-1,-1,-1
76,77606,-11,579,44,146,1,-1,-1,-1
76,77607,-8,588,27,98,1,-1,-1,-1
76,77608,598,368,41,114,1,-1,-1,-1
76,77609,491,336,44,93,1,-1,-1,-1
76,77610,297,336,41,95,1,-1,-1,-1
76,77611,1746,314,36,78,1,-1,-1,-1
77,77601,956,635,69,155,1,-1,-1,-1
77,77602,1016,470,59,119,1,-1,-1,-1
77,77603,745,480,48,120,1,-1,-1,-1
77,77604,143,490,69,154,1,-1,-1,-1
77,77605,479,403,47,108,1,-1,-1,-1
77,77606,-10,587,40,139,1,-1,-1,-1
77,77607,-6,599,23,87,1,-1,-1,-1
77,77608,597,368,41,114,1,-1,-1,-1
77,77609,489,337,44,92,1,-1,-1,-1
77,77610,295,337,42,95,1,-1,-1,-1
77,77611,1741,315,39,77,1,-1,-1,-1
78,77601,955,635,69,153,1,-1,-1,-1
78,77602,1013,469,59,119,1,-1,-1,-1
78,77603,743,480,48,119,1,-1,-1,-1
78,77604,139,490,68,154,1,-1,-1,-1
78,77605,478,403,46,108,1,-1,-1,-1
78,77606,-8,590,37,136,1,-1,-1,-1
78,77608,597,368,41,114,1,-1,-1,-1
78,77609,486,337,44,92,1,-1,-1,-1
78,77610,293,337,42,95,1,-1,-1,-1
78,77611,1736,315,42,78,1,-1,-1,-1
79,77601,954,635,68,151,1,-1,-1,-1
79,77602,1010,468,58,119,1,-1,-1,-1
79,77603,740,480,48,120,1,-1,-1,-1
79,77604,133,490,69,154,1,-1,-1,-1
79,77605,476,403,46,108,1,-1,-1,-1
79,77606,-7,589,36,137,1,-1,-1,-1
79,77608,597,368,41,114,1,-1,-1,-1
79,77609,484,338,43,91,1,-1,-1,-1
79,77610,291,337,42,95,1,-1,-1,-1
79,77611,1731,315,46,79,1,-1,-1,-1
80,77601,954,635,67,149,1,-1,-1,-1
80,77602,1007,468,57,119,1,-1,-1,-1
80,77603,736,480,50,120,1,-1,-1,-1
80,77604,128,490,69,154,1,-1,-1,-1
80,77605,474,403,47,108,1,-1,-1,-1
80,77606,-5,587,35,139,1,-1,-1,-1
80,77608,596,368,41,114,1,-1,-1,-1
80,77609,482,338,42,92,1,-1,-1,-1
80,77610,290,337,41,95,1,-1,-1,-1
80,77611,1724,315,49,80,1,-1,-1,-1
81,77601,953,635,66,147,1,-1,-1,-1
81,77602,1004,467,55,120,1,-1,-1,-1
81,77603,735,480,51,120,1,-1,-1,-1
81,77604,122,490,68,154,1,-1,-1,-1
81,77605,471,403,48,108,1,-1,-1,-1
81,77606,-5,586,35,140,1,-1,-1,-1
81,77608,596,368,41,114,1,-1,-1,-1
81,77609,479,338,42,92,1,-1,-1,-1
81,77610,288,337,41,95,1,-1,-1,-1
81,77611,1720,315,53,81,1,-1,-1,-1
82,77601,952,635,64,147,1,-1,-1,-1
82,77602,1003,467,55,120,1,-1,-1,-1
82,77603,735,480,52,120,1,-1,-1,-1
82,77604,119,490,69,154,1,-1,-1,-1
82,77605,470,403,48,107,1,-1,-1,-1
82,77606,-4,586,33,138,1,-1,-1,-1
82,77608,596,368,42,114,1,-1,-1,-1
82,77609,479,338,41,92,1,-1,-1,-1
82,77610,288,337,40,95,1,-1,-1,-1
82,77611,1719,315,56,81,1,-1,-1,-1
83,77601,949,635,64,147,1,-1,-1,-1
83,77602,1003,466,54,121,1,-1,-1,-1
83,77603,736,480,52,120,1,-1,-1,-1
83,77604,119,491,69,154,1,-1,-1,-1
83,77605,469,402,49,107,1,-1,-1,-1
83,77606,-4,586,32,136,1,-1,-1,-1
83,77608,597,368,41,114,1,-1,-1,-1
83,77609,479,338,41,92,1,-1,-1,-1
83,77610,289,337,39,94,1,-1,-1,-1
83,77611,1720,315,58,82,1,-1,-1,-1
84,77601,946,635,64,147,1,-1,-1,-1
84,77602,1003,466,55,121,1,-1,-1,-1
84,77603,738,480,52,120,1,-1,-1,-1
84,77604,118,491,70,155,1,-1,-1,-1
84,77605,469,401,48,106,1,-1,-1,-1
84,77606,-4,586,31,134,1,-1,-1,-1
84,77608,598,368,40,114,1,-1,-1,-1
84,77609,480,338,41,93,1,-1,-1,-1
84,77610,289,337,39,94,1,-1,-1,-1
84,77611,1721,315,60,83,1,-1,-1,-1
85,77601,943,635,64,148,1,-1,-1,-1
85,77602,1004,466,55,122,1,-1,-1,-1
85,77603,739,480,51,120,1,-1,-1,-1
85,77604,118,491,71,156,1,-1,-1,-1
85,77605,469,401,47,106,1,-1,-1,-1
85,77606,-4,586,29,131,1,-1,-1,-1
85,77608,598,368,41,114,1,-1,-1,-1
85,77609,480,338,42,93,1,-1,-1,-1
85,77610,290,337,39,94,1,-1,-1,-1
85,77611,1723,315,60,84,1,-1,-1,-1
86,77601,939,635,64,148,1,-1,-1,-1
86,77602,1004,466,56,122,1,-1,-1,-1
86,77603,741,480,51,119,1,-1,-1,-1
86,77604,117,491,72,157,1,-1,-1,-1
86,77605,469,400,46,105,1,-1,-1,-1
86,77606,-5,581,28,135,1,-1,-1,-1
86,77608,599,368,40,114,1,-1,-1,-1
86,77609,481,338,43,93,1,-1,-1,-1
86,77610,291,337,38,93,1,-1,-1,-1
86,77611,1724,315,62,85,1,-1,-1,-1
87,77601,940,635,65,148,1,-1,-1,-1
87,77602,1008,466,55,122,1,-1,-1,-1
87,77603,745,479,50,120,1,-1,-1,-1
87,77604,120,491,73,157,1,-1,-1,-1
87,77605,472,400,46,105,1,-1,-1,-1
87,77606,-4,575,29,141,1,-1,-1,-1
87,77608,604,368,40,114,1,-1,-1,-1
87,77609,487,337,43,94,1,-1,-1,-1
87,77610,292,337,39,93,1,-1,-1,-1
87,77611,1725,316,62,85,1,-1,-1,-1
88,77601,945,635,65,148,1,-1,-1,-1
88,77602,1014,466,55,120,1,-1,-1,-1
88,77603,751,479,50,120,1,-1,-1,-1
88,77604,125,491,73,157,1,-1,-1,-1
88,77605,477,399,45,106,1,-1,-1,-1
88,77606,-1,572,29,143,1,-1,-1,-1
88,77608,612,368,40,114,1,-1,-1,-1
88,77609,494,337,43,94,1,-1,-1,-1
88,77610,295,337,39,92,1,-1,-1,-1
88,77611,1726,318,62,85,1,-1,-1,-1
89,77601,950,635,66,147,1,-1,-1,-1
89,77602,1021,466,54,119,1,-1,-1,-1
89,77603,758,478,51,121,1,-1,-1,-1
89,77604,130,491,73,157,1,-1,-1,-1
89,77605,481,399,45,107,1,-1,-1,-1
89,77606,5,571,30,142,1,-1,-1,-1
89,77608,622,368,40,114,1,-1,-1,-1
89,77609,503,337,43,93,1,-1,-1,-1
89,77610,303,337,40,92,1,-1,-1,-1
89,77611,1727,319,62,85,1,-1,-1,-1
90,77601,961,635,67,146,1,-1,-1,-1
90,77602,1028,465,52,118,1,-1,-1,-1
90,77603,766,477,51,122,1,-1,-1,-1
90,77604,138,491,74,157,1,-1,-1,-1
90,77605,487,399,47,108,1,-1,-1,-1
90,77606,13,569,32,142,1,-1,-1,-1
90,77608,631,368,41,113,1,-1,-1,-1
90,77609,512,336,43,93,1,-1,-1,-1
90,77610,319,337,41,92,1,-1,-1,-1
90,77611,1727,321,64,85,1,-1,-1,-1
91,77601,964,635,69,145,1,-1,-1,-1
91,77602,1036,465,50,116,1,-1,-1,-1
91,77603,773,477,52,122,1,-1,-1,-1
91,77604,141,491,74,157,1,-1,-1,-1
91,77605,490,399,48,108,1,-1,-1,-1
91,77606,25,567,36,147,1,-1,-1,-1
91,77608,642,368,41,113,1,-1,-1,-1
91,77609,523,336,43,93,1,-1,-1,-1
91,77610,326,337,42,92,1,-1,-1,-1
91,77611,1733,322,64,84,1,-1,-1,-1
91,77614,3,554,16,100,1,-1,-1,-1
92,77601,975,633,70,147,1,-1,-1,-1
92,77602,1049,464,50,117,1,-1,-1,-1
92,77603,785,476,52,123,1,-1,-1,-1
92,77604,153,491,74,156,1,-1,-1,-1
92,77605,502,399,49,108,1,-1,-1,-1
92,77606,39,566,39,147,1,-1,-1,-1
92,77608,655,368,42,113,1,-1,-1,-1
92,77609,537,336,42,93,1,-1,-1,-1
92,77610,340,336,42,92,1,-1,-1,-1
92,77611,1751,321,62,82,1,-1,-1,-1
92,77614,10,543,20,127,1,-1,-1,-1
93,77601,990,631,70,147,1,-1,-1,-1
93,77602,1064,464,51,117,1,-1,-1,-1
93,77603,800,477,52,122,1,-1,-1,-1
93,77604,168,491,75,156,1,-1,-1,-1
93,77605,519,399,50,107,1,-1,-1,-1
93,77606,60,564,41,147,1,-1,-1,-1
93,77608,673,368,43,112,1,-1,-1,-1
93,77609,554,335,43,93,1,-1,-1,-1
93,77610,357,336,42,92,1,-1,-1,-1
93,77611,1764,321,63,81,1,-1,-1,-1
93,77614,19,539,23,138,1,-1,-1,-1
94,77601,1005,629,71,147,1,-1,-1,-1
94,77602,1081,465,51,117,1,-1,-1,-1
94,77603,815,478,53,120,1,-1,-1,-1
94,77604,185,490,74,155,1,-1,-1,-1
94,77605,537,399,51,107,1,-1,-1,-1
94,77606,85,563,42,146,1,-1,-1,-1
94,77608,693,369,43,110,1,-1,-1,-1
94,77609,574,335,42,93,1,-1,-1,-1
94,77610,374,335,42,92,1,-1,-1,-1
94,77611,1780,321,65,82,1,-1,-1,-1
94,77614,40,536,26,147,1,-1,-1,-1
94,77615,2,795,21,105,1,-1,-1,-1
95,77601,1021,627,70,148,1,-1,-1,-1
95,77602,1098,465,52,117,1,-1,-1,-1
95,77603,832,478,53,120,1,-1,-1,-1
95,77604,211,490,75,154,1,-1,-1,-1
95,77606,110,562,43,144,1,-1,-1,-1
95,77608,713,369,44,110,1,-1,-1,-1
95,77609,593,335,43,93,1,-1,-1,-1
95,77610,392,335,42,91,1,-1,-1,-1
95,77611,1804,320,69,85,1,-1,-1,-1
95,77614,47,535,29,150,1,-1,-1,-1
95,77615,7,776,33,162,1,-1,-1,-1
96,77601,1038,625,69,148,1,-1,-1,-1
96,77602,1120,465,53,117,1,-1,-1,-1
96,77603,848,479,54,118,1,-1,-1,-1
96,77604,222,490,75,154,1,-1,-1,-1
96,77606,137,561,45,142,1,-1,-1,-1
96,77608,737,369,43,108,1,-1,-1,-1
96,77609,616,335,43,92,1,-1,-1,-1
96,77610,409,334,42,91,1,-1,-1,-1
96,77611,1818,320,70,87,1,-1,-1,-1
96,77614,70,535,32,150,1,-1,-1,-1
96,77615,10,769,37,184,1,-1,-1,-1
96,77617,13,371,40,113,1,-1,-1,-1
96,77605,575,398,51,107,1,-1,-1,-1
97,77601,1058,625,69,148,1,-1,-1,-1
97,77602,1138,466,55,117,1,-1,-1,-1
97,77603,873,479,54,118,1,-1,-1,-1
97,77604,247,492,74,151,1,-1,-1,-1
97,77606,165,560,46,140,1,-1,-1,-1
97,77608,757,370,43,107,1,-1,-1,-1
97,77609,636,336,43,92,1,-1,-1,-1
97,77611,1847,323,68,85,1,-1,-1,-1
97,77614,99,534,34,149,1,-1,-1,-1
97,77615,29,765,40,192,1,-1,-1,-1
97,77617,2,372,32,91,1,-1,-1,-1
97,77605,600,399,52,106,1,-1,-1,-1
98,77601,1080,626,70,148,1,-1,-1,-1
98,77602,1163,466,56,117,1,-1,-1,-1
98,77603,901,480,54,116,1,-1,-1,-1
98,77604,278,494,73,148,1,-1,-1,-1
98,77606,195,559,48,138,1,-1,-1,-1
98,77608,778,370,44,106,1,-1,-1,-1
98,77609,658,337,44,92,1,-1,-1,-1
98,77614,130,533,37,148,1,-1,-1,-1
98,77615,55,762,42,194,1,-1,-1,-1
98,77617,15,373,29,83,1,-1,-1,-1
98,77605,628,400,51,105,1,-1,-1,-1
98,77621,63,370,58,112,1,-1,-1,-1
99,77601,1104,628,70,147,1,-1,-1,-1
99,77602,1190,467,56,117,1,-1,-1,-1
99,77603,933,480,53,115,1,-1,-1,-1
99,77604,310,496,72,145,1,-1,-1,-1
99,77606,226,557,49,137,1,-1,-1,-1
99,77608,801,370,43,107,1,-1,-1,-1
99,77609,681,339,44,92,1,-1,-1,-1
99,77614,161,533,40,147,1,-1,-1,-1
99,77615,83,760,44,192,1,-1,-1,-1
99,77605,656,400,51,105,1,-1,-1,-1
99,77621,56,373,47,90,1,-1,-1,-1
99,77624,1897,368,21,42,1,-1,-1,-1
100,77601,1127,629,71,146,1,-1,-1,-1
100,77602,1217,467,57,117,1,-1,-1,-1
100,77603,964,480,52,114,1,-1,-1,-1
100,77604,358,500,70,139,1,-1,-1,-1
100,77606,258,556,49,135,1,-1,-1,-1
100,77608,823,370,44,107,1,-1,-1,-1
100,77609,704,340,45,92,1,-1,-1,-1
100,77614,194,533,42,145,1,-1,-1,-1
100,77615,112,758,47,189,1,-1,-1,-1
100,77621,72,374,42,82,1,-1,-1,-1
100,77628,13,314,37,81,1,-1,-1,-1
101,77601,1151,630,72,146,1,-1,-1,-1
101,77602,1251,468,57,116,1,-1,-1,-1
101,77604,379,502,70,137,1,-1,-1,-1
101,77606,292,555,50,133,1,-1,-1,-1
101,77608,846,371,44,106,1,-1,-1,-1
101,77609,728,341,45,92,1,-1,-1,-1
101,77614,228,533,45,143,1,-1,-1,-1
101,77615,142,756,50,187,1,-1,-1,-1
101,77629,719,403,47,104,1,-1,-1,-1
101,77631,109,448,59,106,1,-1,-1,-1
101,77632,162,371,46,112,1,-1,-1,-1
102,77601,1177,630,73,146,1,-1,-1,-1
102,77602,1275,469,57,116,1,-1,-1,-1
102,77604,404,503,70,136,1,-1,-1,-1
102,77606,322,555,51,131,1,-1,-1,-1
102,77608,880,372,45,107,1,-1,-1,-1
102,77614,257,533,48,142,1,-1,-1,-1
102,77615,174,753,53,185,1,-1,-1,-1
102,77629,740,403,47,104,1,-1,-1,-1
102,77631,135,448,58,106,1,-1,-1,-1
102,77632,152,374,37,89,1,-1,-1,-1
102,77634,597,341,60,91,1,-1,-1,-1
102,77603,1021,479,51,114,1,-1,-1,-1
103,77601,1204,630,74,145,1,-1,-1,-1
103,77602,1301,469,57,116,1,-1,-1,-1
103,77604,430,503,69,136,1,-1,-1,-1
103,77606,354,554,52,130,1,-1,-1,-1
103,77608,910,374,45,107,1,-1,-1,-1
103,77614,287,533,50,140,1,-1,-1,-1
103,77615,208,750,55,184,1,-1,-1,-1
103,77629,768,404,47,103,1,-1,-1,-1
103,77631,169,450,58,104,1,-1,-1,-1
103,77634,619,341,59,91,1,-1,-1,-1
103,77637,796,344,48,92,1,-1,-1,-1
103,77603,1048,480,50,114,1,-1,-1,-1
104,77601,1233,630,74,145,1,-1,-1,-1
104,77602,1328,470,57,116,1,-1,-1,-1
104,77604,456,503,69,136,1,-1,-1,-1
104,77606,386,554,54,129,1,-1,-1,-1
104,77608,939,376,46,106,1,-1,-1,-1
104,77614,316,533,52,139,1,-1,-1,-1
104,77615,243,746,56,182,1,-1,-1,-1
104,77629,795,404,48,103,1,-1,-1,-1
104,77631,205,451,57,103,1,-1,-1,-1
104,77634,644,342,59,89,1,-1,-1,-1
104,77637,820,346,48,92,1,-1,-1,-1
104,77603,1073,481,49,115,1,-1,-1,-1
104,77642,126,313,58,89,1,-1,-1,-1
105,77601,1277,630,74,143,1,-1,-1,-1
105,77602,1355,471,57,116,1,-1,-1,-1
105,77604,499,503,68,136,1,-1,-1,-1
105,77606,419,553,54,128,1,-1,-1,-1
105,77614,346,533,54,137,1,-1,-1,-1
105,77615,278,742,58,182,1,-1,-1,-1
105,77629,841,405,47,101,1,-1,-1,-1
105,77634,670,342,57,88,1,-1,-1,-1
105,77603,1109,482,51,116,1,-1,-1,-1
106,77601,1296,630,74,143,1,-1,-1,-1
106,77602,1387,472,56,116,1,-1,-1,-1
106,77604,515,503,67,135,1,-1,-1,-1
106,77606,453,552,56,127,1,-1,-1,-1
106,77614,377,533,57,136,1,-1,-1,-1
106,77615,318,738,58,180,1,-1,-1,-1
106,77629,855,406,48,100,1,-1,-1,-1
106,77634,695,343,57,87,1,-1,-1,-1
106,77603,1126,483,50,116,1,-1,-1,-1
106,77646,882,350,45,92,1,-1,-1,-1
106,77648,343,377,55,102,1,-1,-1,-1
106,77608,994,380,46,106,1,-1,-1,-1
106,77631,274,453,55,100,1,-1,-1,-1
107,77601,1318,630,74,143,1,-1,-1,-1
107,77602,1408,474,56,115,1,-1,-1,-1
107,77604,538,503,66,135,1,-1,-1,-1
107,77606,482,552,56,126,1,-1,-1,-1
107,77614,406,532,58,135,1,-1,-1,-1
107,77615,347,736,58,180,1,-1,-1,-1
107,77629,877,407,48,99,1,-1,-1,-1
107,77634,724,345,56,86,1,-1,-1,-1
107,77603,1152,484,51,116,1,-1,-1,-1
107,77648,369,377,55,102,1,-1,-1,-1
107,77608,1026,382,46,107,1,-1,-1,-1
107,77631,310,454,56,99,1,-1,-1,-1
107,77628,2,343,37,83,1,-1,-1,-1
108,77601,1341,631,75,144,1,-1,-1,-1
108,77602,1430,476,56,116,1,-1,-1,-1
108,77604,563,503,66,135,1,-1,-1,-1
108,77606,510,552,58,126,1,-1,-1,-1
108,77614,434,532,59,135,1,-1,-1,-1
108,77615,374,735,60,179,1,-1,-1,-1
108,77629,901,407,49,99,1,-1,-1,-1
108,77634,756,348,55,85,1,-1,-1,-1
108,77603,1182,486,52,116,1,-1,-1,-1
108,77648,399,378,55,101,1,-1,-1,-1
108,77608,1057,384,46,106,1,-1,-1,-1
108,77631,355,455,55,97,1,-1,-1,-1
108,77655,258,321,49,87,1,-1,-1,-1
108,77617,28,345,31,82,1,-1,-1,-1
109,77601,1365,632,75,144,1,-1,-1,-1
109,77602,1452,479,55,115,1,-1,-1,-1
109,77604,589,503,66,135,1,-1,-1,-1
109,77606,538,552,58,126,1,-1,-1,-1
109,77614,463,531,59,135,1,-1,-1,-1
109,77615,402,733,60,180,1,-1,-1,-1
109,77629,927,408,48,98,1,-1,-1,-1
109,77634,787,350,54,85,1,-1,-1,-1
109,77603,1213,487,53,116,1,-1,-1,-1
109,77648,429,378,55,101,1,-1,-1,-1
109,77608,1090,386,46,105,1,-1,-1,-1
109,77631,383,456,56,96,1,-1,-1,-1
109,77655,282,323,48,85,1,-1,-1,-1
110,77601,1389,633,75,145,1,-1,-1,-1
110,77602,1473,482,56,115,1,-1,-1,-1
110,77604,615,503,66,135,1,-1,-1,-1
110,77606,566,552,59,126,1,-1,-1,-1
110,77614,492,531,59,135,1,-1,-1,-1
110,77615,429,732,62,180,1,-1,-1,-1
110,77629,952,408,48,98,1,-1,-1,-1
110,77634,819,353,53,84,1,-1,-1,-1
110,77603,1245,489,53,116,1,-1,-1,-1
110,77648,468,379,55,100,1,-1,-1,-1
110,77608,1122,388,46,105,1,-1,-1,-1
110,77631,411,456,57,97,1,-1,-1,-1
110,77632,101,353,32,80,1,-1,-1,-1
111,77601,1413,634,75,146,1,-1,-1,-1
111,77602,1495,485,56,114,1,-1,-1,-1
111,77604,642,504,65,134,1,-1,-1,-1
111,77606,597,552,59,126,1,-1,-1,-1
111,77614,524,531,59,134,1,-1,-1,-1
111,77615,460,731,62,180,1,-1,-1,-1
111,77629,980,409,47,96,1,-1,-1,-1
111,77634,854,356,52,83,1,-1,-1,-1
111,77603,1278,490,54,116,1,-1,-1,-1
111,77648,488,380,55,100,1,-1,-1,-1
111,77608,1156,391,46,103,1,-1,-1,-1
111,77631,445,457,59,97,1,-1,-1,-1
111,77663,423,379,35,83,1,-1,-1,-1
111,77621,101,353,41,80,1,-1,-1,-1
112,77601,1437,635,75,146,1,-1,-1,-1
112,77602,1521,486,57,114,1,-1,-1,-1
112,77604,668,504,66,134,1,-1,-1,-1
112,77606,621,552,59,125,1,-1,-1,-1
112,77614,546,531,58,133,1,-1,-1,-1
112,77615,481,731,64,180,1,-1,-1,-1
112,77629,1016,411,46,96,1,-1,-1,-1
112,77603,1304,492,54,116,1,-1,-1,-1
112,77648,512,380,55,100,1,-1,-1,-1
112,77608,1181,392,47,103,1,-1,-1,-1
112,77631,465,458,60,96,1,-1,-1,-1
112,77666,1062,356,45,92,1,-1,-1,-1
112,77667,380,327,41,88,1,-1,-1,-1
112,77642,123,352,53,82,1,-1,-1,-1
112,77646,880,357,41,83,1,-1,-1,-1
113,77601,1461,636,75,147,1,-1,-1,-1
113,77602,1550,487,57,114,1,-1,-1,-1
113,77604,708,504,65,134,1,-1,-1,-1
113,77606,644,552,59,125,1,-1,-1,-1
113,77614,566,532,57,132,1,-1,-1,-1
113,77615,502,731,64,179,1,-1,-1,-1
113,77629,1041,413,47,96,1,-1,-1,-1
113,77603,1329,493,54,116,1,-1,-1,-1
113,77648,537,380,54,100,1,-1,-1,-1
113,77608,1203,393,47,103,1,-1,-1,-1
113,77631,484,459,59,95,1,-1,-1,-1
113,77666,1081,358,45,91,1,-1,-1,-1
113,77667,400,327,40,86,1,-1,-1,-1
113,77642,144,354,52,82,1,-1,-1,-1
113,77634,897,359,52,82,1,-1,-1,-1
114,77601,1485,637,75,147,1,-1,-1,-1
114,77602,1580,488,56,114,1,-1,-1,-1
114,77604,725,504,66,134,1,-1,-1,-1
114,77606,667,552,59,125,1,-1,-1,-1
114,77614,585,534,57,130,1,-1,-1,-1
114,77615,523,731,65,178,1,-1,-1,-1
114,77629,1062,415,48,97,1,-1,-1,-1
114,77603,1352,495,55,115,1,-1,-1,-1
114,77648,562,381,54,100,1,-1,-1,-1
114,77608,1225,394,47,103,1,-1,-1,-1
114,77631,502,460,59,94,1,-1,-1,-1
114,77666,1105,360,44,90,1,-1,-1,-1
114,77667,423,328,39,84,1,-1,-1,-1
114,77634,918,361,52,82,1,-1,-1,-1
115,77601,1510,638,74,148,1,-1,-1,-1
115,77602,1620,489,55,114,1,-1,-1,-1
115,77604,746,504,66,135,1,-1,-1,-1
115,77606,705,552,57,124,1,-1,-1,-1
115,77614,614,536,58,127,1,-1,-1,-1
115,77615,555,731,66,176,1,-1,-1,-1
115,77629,1082,416,49,98,1,-1,-1,-1
115,77603,1376,497,53,115,1,-1,-1,-1
115,77648,586,381,54,100,1,-1,-1,-1
115,77608,1258,395,47,103,1,-1,-1,-1
115,77631,521,461,57,92,1,-1,-1,-1
115,77666,1142,363,43,88,1,-1,-1,-1
115,77667,445,329,39,83,1,-1,-1,-1
115,77634,950,364,53,81,1,-1,-1,-1
116,77601,1534,639,73,148,1,-1,-1,-1
116,77602,1642,490,55,114,1,-1,-1,-1
116,77604,767,504,67,137,1,-1,-1,-1
116,77606,733,553,57,124,1,-1,-1,-1
116,77614,640,537,60,126,1,-1,-1,-1
116,77615,569,731,67,175,1,-1,-1,-1
116,77629,1102,418,49,98,1,-1,-1,-1
116,77603,1405,499,52,114,1,-1,-1,-1
116,77648,613,382,53,100,1,-1,-1,-1
116,77608,1272,395,48,103,1,-1,-1,-1
116,77631,540,463,55,90,1,-1,-1,-1
116,77666,1154,364,44,88,1,-1,-1,-1
116,77667,466,330,39,82,1,-1,-1,-1
116,77677,231,351,52,88,1,-1,-1,-1
116,77678,170,288,35,56,1,-1,-1,-1
116,77637,961,364,45,82,1,-1,-1,-1
117,77601,1558,640,73,149,1,-1,-1,-1
117,77602,1663,491,55,114,1,-1,-1,-1
117,77604,790,504,67,138,1,-1,-1,-1
117,77606,754,553,56,123,1,-1,-1,-1
117,77614,659,537,61,126,1,-1,-1,-1
117,77615,587,731,67,174,1,-1,-1,-1
117,77629,1127,419,50,98,1,-1,-1,-1
117,77603,1425,500,52,115,1,-1,-1,-1
117,77648,639,382,52,100,1,-1,-1,-1
117,77608,1291,396,48,103,1,-1,-1,-1
117,77631,572,462,54,89,1,-1,-1,-1
117,77666,1173,365,44,87,1,-1,-1,-1
117,77667,491,330,39,82,1,-1,-1,-1
117,77677,255,351,52,88,1,-1,-1,-1
117,77634,999,365,55,84,1,-1,-1,-1
118,77601,1582,641,73,149,1,-1,-1,-1
118,77602,1684,492,55,115,1,-1,-1,-1
118,77604,812,504,68,140,1,-1,-1,-1
118,77606,775,554,56,123,1,-1,-1,-1
118,77614,680,537,62,126,1,-1,-1,-1
118,77615,608,730,66,173,1,-1,-1,-1
118,77629,1154,421,51,97,1,-1,-1,-1
118,77603,1445,502,52,114,1,-1,-1,-1
118,77648,666,384,51,99,1,-1,-1,-1
118,77608,1313,398,48,103,1,-1,-1,-1
118,77631,596,462,54,89,1,-1,-1,-1
118,77666,1194,366,44,87,1,-1,-1,-1
118,77667,517,332,39,82,1,-1,-1,-1
118,77677,284,351,51,87,1,-1,-1,-1
118,77681,7,442,21,112,1,-1,-1,-1
118,77634,1015,365,56,86,1,-1,-1,-1
119,77601,1606,641,72,150,1,-1,-1,-1
119,77602,1705,494,55,116,1,-1,-1,-1
119,77604,835,504,68,141,1,-1,-1,-1
119,77606,798,555,54,122,1,-1,-1,-1
119,77614,701,537,62,127,1,-1,-1,-1
119,77615,629,730,66,171,1,-1,-1,-1
119,77629,1181,422,51,97,1,-1,-1,-1
119,77603,1466,503,52,115,1,-1,-1,-1
119,77648,693,385,50,98,1,-1,-1,-1
119,77608,1335,400,48,103,1,-1,-1,-1
119,77631,617,461,55,90,1,-1,-1,-1
119,77666,1216,367,44,87,1,-1,-1,-1
119,77667,543,333,38,81,1,-1,-1,-1
119,77677,312,352,50,86,1,-1,-1,-1
119,77681,18,443,22,113,1,-1,-1,-1
119,77634,1033,365,55,86,1,-1,-1,-1
120,77601,1631,642,71,151,1,-1,-1,-1
120,77602,1740,497,55,116,1,-1,-1,-1
120,77604,858,504,69,143,1,-1,-1,-1
120,77606,820,556,54,122,1,-1,-1,-1
120,77614,721,537,63,129,1,-1,-1,-1
120,77615,651,730,66,170,1,-1,-1,-1
120,77629,1211,423,50,98,1,-1,-1,-1
120,77603,1496,505,54,116,1,-1,-1,-1
120,77648,721,387,49,97,1,-1,-1,-1
120,77608,1358,401,48,103,1,-1,-1,-1
120,77631,637,460,55,91,1,-1,-1,-1
120,77666,1238,368,43,88,1,-1,-1,-1
120,77667,569,334,39,81,1,-1,-1,-1
120,77677,340,353,49,85,1,-1,-1,-1
120,77681,23,444,23,114,1,-1,-1,-1
120,77634,1060,364,54,87,1,-1,-1,-1
121,77601,1657,643,71,151,1,-1,-1,-1
121,77602,1767,498,55,117,1,-1,-1,-1
121,77604,878,504,67,143,1,-1,-1,-1
121,77606,850,557,52,121,1,-1,-1,-1
121,77614,750,536,63,130,1,-1,-1,-1
121,77615,676,729,64,169,1,-1,-1,-1
121,77629,1224,424,49,96,1,-1,-1,-1
121,77603,1521,507,55,115,1,-1,-1,-1
121,77648,751,388,48,97,1,-1,-1,-1
121,77608,1381,403,49,103,1,-1,-1,-1
121,77631,658,459,57,92,1,-1,-1,-1
121,77666,1261,370,42,87,1,-1,-1,-1
121,77667,598,335,38,81,1,-1,-1,-1
121,77677,369,353,49,84,1,-1,-1,-1
121,77634,1083,366,52,87,1,-1,-1,-1
122,77601,1677,644,71,152,1,-1,-1,-1
122,77602,1787,499,56,117,1,-1,-1,-1
122,77604,896,505,67,143,1,-1,-1,-1
122,77606,868,557,51,121,1,-1,-1,-1
122,77614,766,536,62,131,1,-1,-1,-1
122,77615,693,729,64,168,1,-1,-1,-1
122,77629,1250,423,48,96,1,-1,-1,-1
122,77603,1540,508,56,116,1,-1,-1,-1
122,77648,774,389,47,95,1,-1,-1,-1
122,77608,1416,404,49,103,1,-1,-1,-1
122,77631,672,459,57,91,1,-1,-1,-1
122,77666,1294,371,43,88,1,-1,-1,-1
122,77667,618,337,38,81,1,-1,-1,-1
122,77677,389,354,48,83,1,-1,-1,-1
122,77634,1101,367,51,87,1,-1,-1,-1
122,77690,699,389,41,97,1,-1,-1,-1
122,77691,74,436,66,115,1,-1,-1,-1
122,77692,322,293,36,56,1,-1,-1,-1
123,77601,1698,646,71,151,1,-1,-1,-1
123,77602,1806,500,56,117,1,-1,-1,-1
123,77604,914,506,67,142,1,-1,-1,-1
123,77606,888,558,51,120,1,-1,-1,-1
123,77614,783,536,62,131,1,-1,-1,-1
123,77615,708,729,64,168,1,-1,-1,-1
123,77629,1269,424,48,96,1,-1,-1,-1
123,77603,1560,508,56,117,1,-1,-1,-1
123,77648,796,388,46,95,1,-1,-1,-1
123,77608,1444,405,49,103,1,-1,-1,-1
123,77631,684,459,58,91,1,-1,-1,-1
123,77666,1318,372,43,88,1,-1,-1,-1
123,77667,636,339,38,81,1,-1,-1,-1
123,77677,406,354,46,83,1,-1,-1,-1
123,77634,1117,369,50,86,1,-1,-1,-1
123,77690,718,389,41,96,1,-1,-1,-1
123,77691,81,437,65,114,1,-1,-1,-1
123,77692,337,294,36,56,1,-1,-1,-1
124,77601,1718,647,71,151,1,-1,-1,-1
124,77602,1825,501,56,117,1,-1,-1,-1
124,77604,933,506,65,142,1,-1,-1,-1
124,77606,910,558,50,120,1,-1,-1,-1
124,77614,801,537,61,131,1,-1,-1,-1
124,77615,722,728,66,168,1,-1,-1,-1
124,77629,1286,424,49,97,1,-1,-1,-1
124,77603,1578,509,57,117,1,-1,-1,-1
124,77648,818,388,45,94,1,-1,-1,-1
124,77608,1468,406,49,103,1,-1,-1,-1
124,77631,697,458,57,90,1,-1,-1,-1
124,77666,1339,373,43,89,1,-1,-1,-1
124,77667,653,341,38,81,1,-1,-1,-1
124,77677,422,354,46,82,1,-1,-1,-1
124,77634,1134,370,49,85,1,-1,-1,-1
124,77690,742,389,40,95,1,-1,-1,-1
124,77691,99,439,65,113,1,-1,-1,-1
124,77692,355,295,36,56,1,-1,-1,-1
124,77695,2,498,26,97,1,-1,-1,-1
125,77601,1737,648,72,151,1,-1,-1,-1
125,77602,1857,503,55,116,1,-1,-1,-1
125,77604,951,507,64,142,1,-1,-1,-1
125,77606,933,558,49,120,1,-1,-1,-1
125,77614,818,538,61,131,1,-1,-1,-1
125,77615,736,728,68,168,1,-1,-1,-1
125,77629,1311,425,50,97,1,-1,-1,-1
125,77603,1608,510,57,118,1,-1,-1,-1
125,77648,839,387,45,94,1,-1,-1,-1
125,77608,1492,407,49,103,1,-1,-1,-1
125,77631,717,458,56,88,1,-1,-1,-1
125,77666,1358,374,45,89,1,-1,-1,-1
125,77667,671,343,38,81,1,-1,-1,-1
125,77677,438,354,45,82,1,-1,-1,-1
125,77634,1150,372,48,84,1,-1,-1,-1
125,77690,765,390,39,94,1,-1,-1,-1
125,77691,119,440,65,113,1,-1,-1,-1
125,77692,372,296,36,56,1,-1,-1,-1
125,77695,6,492,30,106,1,-1,-1,-1
125,77697,133,422,49,90,1,-1,-1,-1
126,77601,1760,650,74,150,1,-1,-1,-1
126,77602,1868,504,55,115,1,-1,-1,-1
126,77604,971,508,62,141,1,-1,-1,-1
126,77606,958,558,48,120,1,-1,-1,-1
126,77614,838,539,61,131,1,-1,-1,-1
126,77615,751,727,69,168,1,-1,-1,-1
126,77629,1322,425,50,98,1,-1,-1,-1
126,77603,1618,511,57,118,1,-1,-1,-1
126,77648,864,387,43,93,1,-1,-1,-1
126,77608,1522,408,49,103,1,-1,-1,-1
126,77631,724,458,55,88,1,-1,-1,-1
126,77666,1384,375,45,89,1,-1,-1,-1
126,77667,689,345,38,81,1,-1,-1,-1
126,77677,454,354,44,81,1,-1,-1,-1
126,77634,1166,373,48,83,1,-1,-1,-1
126,77690,789,390,39,94,1,-1,-1,-1
126,77691,140,442,66,111,1,-1,-1,-1
126,77692,390,297,36,56,1,-1,-1,-1
126,77695,12,483,34,119,1,-1,-1,-1
126,77699,1551,0,12,3,1,-1,-1,-1
126,77642,158,424,59,98,1,-1,-1,-1
127,77601,1775,651,75,150,1,-1,-1,-1
127,77602,1892,505,41,88,1,-1,-1,-1
127,77604,986,509,62,140,1,-1,-1,-1
127,77606,977,558,48,120,1,-1,-1,-1
127,77614,854,539,61,131,1,-1,-1,-1
127,77615,768,727,71,167,1,-1,-1,-1
127,77629,1337,426,51,97,1,-1,-1,-1
127,77603,1634,511,58,118,1,-1,-1,-1
127,77648,880,386,42,93,1,-1,-1,-1
127,77608,1540,409,49,103,1,-1,-1,-1
127,77631,737,457,54,88,1,-1,-1,-1
127,77666,1399,375,46,90,1,-1,-1,-1
127,77667,707,346,37,81,1,-1,-1,-1
127,77677,472,355,42,81,1,-1,-1,-1
127,77634,1184,375,48,82,1,-1,-1,-1
127,77690,806,390,39,94,1,-1,-1,-1
127,77691,161,444,67,110,1,-1,-1,-1
127,77692,409,297,36,56,1,-1,-1,-1
127,77695,26,479,35,122,1,-1,-1,-1
127,77642,175,426,58,98,1,-1,-1,-1
128,77601,1790,652,75,150,1,-1,-1,-1
128,77604,1001,508,61,140,1,-1,-1,-1
128,77606,996,557,47,121,1,-1,-1,-1
128,77614,871,539,61,131,1,-1,-1,-1
128,77615,786,725,71,167,1,-1,-1,-1
128,77629,1354,426,52,98,1,-1,-1,-1
128,77603,1654,511,56,118,1,-1,-1,-1
128,77648,896,386,41,93,1,-1,-1,-1
128,77608,1561,409,49,103,1,-1,-1,-1
128,77631,752,456,54,89,1,-1,-1,-1
128,77666,1418,375,47,90,1,-1,-1,-1
128,77667,726,347,37,81,1,-1,-1,-1
128,77677,491,356,42,81,1,-1,-1,-1
128,77634,1203,375,47,82,1,-1,-1,-1
128,77690,822,391,39,93,1,-1,-1,-1
128,77691,183,446,67,108,1,-1,-1,-1
128,77692,429,297,36,56,1,-1,-1,-1
128,77695,43,477,37,121,1,-1,-1,-1
128,77642,198,427,57,99,1,-1,-1,-1
129,77601,1807,652,74,150,1,-1,-1,-1
129,77604,1015,508,60,140,1,-1,-1,-1
129,77606,1015,556,47,121,1,-1,-1,-1
129,77614,888,538,61,131,1,-1,-1,-1
129,77615,806,723,71,167,1,-1,-1,-1
129,77629,1372,426,52,98,1,-1,-1,-1
129,77603,1674,511,56,118,1,-1,-1,-1
129,77648,911,386,42,93,1,-1,-1,-1
129,77608,1582,409,50,103,1,-1,-1,-1
129,77631,767,455,54,90,1,-1,-1,-1
129,77666,1439,374,47,90,1,-1,-1,-1
129,77667,745,347,37,81,1,-1,-1,-1
129,77677,510,358,42,80,1,-1,-1,-1
129,77634,1221,376,47,82,1,-1,-1,-1
129,77690,839,392,39,93,1,-1,-1,-1
129,77691,207,447,68,107,1,-1,-1,-1
129,77692,449,297,36,55,1,-1,-1,-1
129,77695,62,474,37,121,1,-1,-1,-1
129,77642,223,428,57,99,1,-1,-1,-1
130,77601,1823,653,74,150,1,-1,-1,-1
130,77604,1029,507,60,140,1,-1,-1,-1
130,77606,1037,555,47,122,1,-1,-1,-1
130,77614,908,537,63,131,1,-1,-1,-1
130,77615,827,722,69,166,1,-1,-1,-1
130,77629,1390,426,52,98,1,-1,-1,-1
130,77603,1708,510,54,118,1,-1,-1,-1
130,77648,936,385,42,94,1,-1,-1,-1
130,77608,1605,409,49,103,1,-1,-1,-1
130,77631,784,454,52,91,1,-1,-1,-1
130,77666,1460,374,48,90,1,-1,-1,-1
130,77667,776,348,38,81,1,-1,-1,-1
130,77677,542,361,42,79,1,-1,-1,-1
130,77634,1240,377,47,81,1,-1,-1,-1
130,77690,866,393,39,92,1,-1,-1,-1
130,77691,249,450,66,102,1,-1,-1,-1
130,77692,483,297,36,55,1,-1,-1,-1
130,77695,89,472,38,119,1,-1,-1,-1
130,77642,250,429,56,99,1,-1,-1,-1
130,77702,4,603,31,125,1,-1,-1,-1
131,77601,1840,653,72,151,1,-1,-1,-1
131,77604,1043,507,59,140,1,-1,-1,-1
131,77606,1054,555,47,122,1,-1,-1,-1
131,77614,922,536,64,131,1,-1,-1,-1
131,77615,849,720,68,166,1,-1,-1,-1
131,77629,1409,426,52,98,1,-1,-1,-1
131,77603,1722,510,52,117,1,-1,-1,-1
131,77648,945,385,42,94,1,-1,-1,-1
131,77608,1630,409,49,103,1,-1,-1,-1
131,77631,801,453,52,91,1,-1,-1,-1
131,77666,1485,374,47,91,1,-1,-1,-1
131,77667,787,348,38,81,1,-1,-1,-1
131,77677,553,361,43,79,1,-1,-1,-1
131,77634,1260,377,46,82,1,-1,-1,-1
131,77690,875,394,40,91,1,-1,-1,-1
131,77691,268,451,68,102,1,-1,-1,-1
131,77692,494,297,37,55,1,-1,-1,-1
131,77695,110,471,39,118,1,-1,-1,-1
131,77642,279,430,55,99,1,-1,-1,-1
131,77702,8,598,33,130,1,-1,-1,-1
132,77601,1856,652,69,151,1,-1,-1,-1
132,77604,1060,507,59,140,1,-1,-1,-1
132,77606,1072,554,46,123,1,-1,-1,-1
132,77614,938,535,63,131,1,-1,-1,-1
132,77615,865,719,67,166,1,-1,-1,-1
132,77629,1427,427,52,98,1,-1,-1,-1
132,77603,1738,511,52,117,1,-1,-1,-1
132,77648,961,385,42,94,1,-1,-1,-1
132,77608,1650,409,50,104,1,-1,-1,-1
132,77631,813,452,51,92,1,-1,-1,-1
132,77666,1502,374,47,91,1,-1,-1,-1
132,77667,803,349,37,81,1,-1,-1,-1
132,77677,567,362,43,78,1,-1,-1,-1
132,77634,1277,376,45,83,1,-1,-1,-1
132,77690,892,394,40,91,1,-1,-1,-1
132,77691,286,450,69,103,1,-1,-1,-1
132,77692,508,297,37,55,1,-1,-1,-1
132,77695,127,471,40,117,1,-1,-1,-1
132,77642,301,430,55,99,1,-1,-1,-1
132,77702,26,589,36,145,1,-1,-1,-1
133,77601,1873,653,64,147,1,-1,-1,-1
133,77604,1078,507,58,139,1,-1,-1,-1
133,77606,1090,554,46,123,1,-1,-1,-1
133,77614,954,534,63,131,1,-1,-1,-1
133,77615,881,718,65,166,1,-1,-1,-1
133,77629,1446,427,51,98,1,-1,-1,-1
133,77603,1755,511,52,118,1,-1,-1,-1
133,77648,980,385,42,94,1,-1,-1,-1
133,77608,1671,409,50,105,1,-1,-1,-1
133,77631,823,452,50,92,1,-1,-1,-1
133,77666,1519,374,47,91,1,-1,-1,-1
133,77667,820,350,37,80,1,-1,-1,-1
133,77677,583,362,44,77,1,-1,-1,-1
133,77634,1293,376,45,84,1,-1,-1,-1
133,77690,912,393,40,90,1,-1,-1,-1
133,77691,305,449,69,103,1,-1,-1,-1
133,77692,522,297,37,55,1,-1,-1,-1
133,77695,144,471,41,116,1,-1,-1,-1
133,77642,322,430,55,98,1,-1,-1,-1
133,77702,41,584,39,148,1,-1,-1,-1
134,77604,1096,507,58,139,1,-1,-1,-1
134,77606,1109,554,46,123,1,-1,-1,-1
134,77614,970,533,62,130,1,-1,-1,-1
134,77615,896,718,64,166,1,-1,-1,-1
134,77629,1465,427,51,98,1,-1,-1,-1
134,77603,1772,511,53,119,1,-1,-1,-1
134,77648,1000,385,42,94,1,-1,-1,-1
134,77608,1692,409,51,106,1,-1,-1,-1
134,77631,832,451,51,91,1,-1,-1,-1
134,77666,1535,373,47,93,1,-1,-1,-1
134,77667,837,350,38,81,1,-1,-1,-1
134,77677,600,362,43,76,1,-1,-1,-1
134,77634,1308,375,46,85,1,-1,-1,-1
134,77690,933,393,40,90,1,-1,-1,-1
134,77691,324,448,71,103,1,-1,-1,-1
134,77692,536,297,38,55,1,-1,-1,-1
134,77695,160,471,42,115,1,-1,-1,-1
134,77642,342,429,55,98,1,-1,-1,-1
134,77702,58,582,39,145,1,-1,-1,-1
135,77604,1115,507,57,139,1,-1,-1,-1
135,77606,1128,553,46,123,1,-1,-1,-1
135,77614,987,532,61,130,1,-1,-1,-1
135,77615,910,717,64,166,1,-1,-1,-1
135,77629,1483,427,51,98,1,-1,-1,-1
135,77603,1789,511,54,120,1,-1,-1,-1
135,77648,1020,385,42,94,1,-1,-1,-1
135,77608,1714,409,51,108,1,-1,-1,-1
135,77631,848,450,52,91,1,-1,-1,-1
135,77666,1550,373,48,93,1,-1,-1,-1
135,77677,627,363,42,74,1,-1,-1,-1
135,77634,1324,374,46,86,1,-1,-1,-1
135,77690,954,392,41,89,1,-1,-1,-1
135,77691,343,446,73,104,1,-1,-1,-1
135,77692,560,297,39,55,1,-1,-1,-1
135,77695,182,471,43,115,1,-1,-1,-1
135,77642,369,429,55,98,1,-1,-1,-1
135,77702,75,580,39,140,1,-1,-1,-1
135,77703,1905,702,17,93,1,-1,-1,-1
135,77646,870,352,40,81,1,-1,-1,-1
136,77604,1134,507,58,138,1,-1,-1,-1
136,77606,1149,553,45,123,1,-1,-1,-1
136,77614,1005,531,60,130,1,-1,-1,-1
136,77615,926,717,63,166,1,-1,-1,-1
136,77629,1503,428,50,98,1,-1,-1,-1
136,77603,1807,512,55,120,1,-1,-1,-1
136,77648,1040,386,43,93,1,-1,-1,-1
136,77608,1737,409,50,110,1,-1,-1,-1
136,77631,853,449,53,91,1,-1,-1,-1
136,77666,1567,373,48,93,1,-1,-1,-1
136,77677,637,363,41,74,1,-1,-1,-1
136,77634,1339,373,47,87,1,-1,-1,-1
136,77690,977,391,41,88,1,-1,-1,-1
136,77691,363,444,75,105,1,-1,-1,-1
136,77692,569,297,39,55,1,-1,-1,-1
136,77695,194,470,44,114,1,-1,-1,-1
136,77642,386,428,55,98,1,-1,-1,-1
136,77702,94,578,39,136,1,-1,-1,-1
136,77703,1905,702,18,93,1,-1,-1,-1
136,77704,4,572,18,90,1,-1,-1,-1
136,77646,871,351,39,81,1,-1,-1,-1
137,77604,1148,507,58,138,1,-1,-1,-1
137,77606,1165,552,45,123,1,-1,-1,-1
137,77614,1020,530,58,129,1,-1,-1,-1
137,77615,939,716,62,166,1,-1,-1,-1
137,77629,1519,427,50,98,1,-1,-1,-1
137,77603,1825,512,56,121,1,-1,-1,-1
137,77648,1055,385,43,94,1,-1,-1,-1
137,77608,1757,409,50,110,1,-1,-1,-1
137,77631,861,449,53,90,1,-1,-1,-1
137,77666,1584,373,48,94,1,-1,-1,-1
137,77677,650,361,41,75,1,-1,-1,-1
137,77634,1354,372,48,88,1,-1,-1,-1
137,77690,992,391,41,88,1,-1,-1,-1
137,77691,389,442,76,105,1,-1,-1,-1
137,77692,583,295,39,56,1,-1,-1,-1
137,77695,207,468,45,113,1,-1,-1,-1
137,77642,407,428,55,98,1,-1,-1,-1
137,77702,110,576,39,133,1,-1,-1,-1
137,77704,9,564,22,106,1,-1,-1,-1
137,77667,891,350,37,81,1,-1,-1,-1
138,77604,1160,506,58,139,1,-1,-1,-1
138,77606,1181,550,45,123,1,-1,-1,-1
138,77614,1033,529,58,129,1,-1,-1,-1
138,77615,953,715,62,166,1,-1,-1,-1
138,77629,1535,427,50,98,1,-1,-1,-1
138,77603,1844,511,57,121,1,-1,-1,-1
138,77648,1068,384,42,94,1,-1,-1,-1
138,77608,1776,409,49,110,1,-1,-1,-1
138,77631,870,448,53,90,1,-1,-1,-1
138,77666,1600,372,48,94,1,-1,-1,-1
138,77677,664,360,41,74,1,-1,-1,-1
138,77634,1369,371,48,88,1,-1,-1,-1
138,77690,1005,390,41,88,1,-1,-1,-1
138,77691,417,440,79,105,1,-1,-1,-1
138,77692,598,292,41,58,1,-1,-1,-1
138,77695,219,465,46,113,1,-1,-1,-1
138,77642,429,427,55,98,1,-1,-1,-1
138,77702,126,575,39,130,1,-1,-1,-1
138,77704,15,553,27,127,1,-1,-1,-1
138,77667,909,348,37,81,1,-1,-1,-1
139,77604,1172,506,58,139,1,-1,-1,-1
139,77606,1196,547,45,123,1,-1,-1,-1
139,77614,1046,528,58,128,1,-1,-1,-1
139,77615,966,713,62,166,1,-1,-1,-1
139,77629,1550,426,50,98,1,-1,-1,-1
139,77603,1868,510,54,121,1,-1,-1,-1
139,77648,1080,384,42,94,1,-1,-1,-1
139,77608,1796,408,49,110,1,-1,-1,-1
139,77631,880,447,53,90,1,-1,-1,-1
139,77666,1616,371,49,94,1,-1,-1,-1
139,77677,679,358,41,75,1,-1,-1,-1
139,77634,1384,370,47,89,1,-1,-1,-1
139,77690,1018,390,41,87,1,-1,-1,-1
139,77691,447,437,79,104,1,-1,-1,-1
139,77692,614,288,41,60,1,-1,-1,-1
139,77695,232,462,47,113,1,-1,-1,-1
139,77642,451,426,56,98,1,-1,-1,-1
139,77702,139,572,40,129,1,-1,-1,-1
139,77704,22,549,29,134,1,-1,-1,-1
139,77667,926,347,37,81,1,-1,-1,-1
139,77705,1459,0,18,8,1,-1,-1,-1
140,77604,1183,505,58,139,1,-1,-1,-1
140,77606,1212,545,44,123,1,-1,-1,-1
140,77614,1060,527,58,128,1,-1,-1,-1
140,77615,979,712,62,166,1,-1,-1,-1
140,77629,1565,426,49,98,1,-1,-1,-1
140,77603,1887,525,46,106,1,-1,-1,-1
140,77648,1099,382,41,95,1,-1,-1,-1
140,77608,1815,408,49,110,1,-1,-1,-1
140,77631,897,446,50,88,1,-1,-1,-1
140,77666,1633,371,49,94,1,-1,-1,-1
140,77677,694,356,41,76,1,-1,-1,-1
140,77634,1399,370,47,89,1,-1,-1,-1
140,77690,1038,388,41,88,1,-1,-1,-1
140,77691,476,434,82,104,1,-1,-1,-1
140,77692,630,285,43,63,1,-1,-1,-1
140,77695,252,457,48,113,1,-1,-1,-1
140,77642,484,425,56,98,1,-1,-1,-1
140,77702,158,565,42,131,1,-1,-1,-1
140,77704,35,545,32,135,1,-1,-1,-1
140,77667,944,346,37,81,1,-1,-1,-1
141,77604,1195,505,58,139,1,-1,-1,-1
141,77606,1228,543,44,123,1,-1,-1,-1
141,77614,1074,526,59,127,1,-1,-1,-1
141,77615,994,710,63,166,1,-1,-1,-1
141,77629,1580,425,50,98,1,-1,-1,-1
141,77603,1891,520,46,111,1,-1,-1,-1
141,77648,1107,382,40,94,1,-1,-1,-1
141,77608,1836,407,48,110,1,-1,-1,-1
141,77631,903,445,50,88,1,-1,-1,-1
141,77666,1651,370,49,93,1,-1,-1,-1
141,77677,710,354,41,76,1,-1,-1,-1
141,77634,1416,368,46,90,1,-1,-1,-1
141,77690,1046,388,40,87,1,-1,-1,-1
141,77691,511,431,83,104,1,-1,-1,-1
141,77692,648,281,43,65,1,-1,-1,-1
141,77695,261,455,48,113,1,-1,-1,-1
141,77642,500,424,55,98,1,-1,-1,-1
141,77702,164,563,43,131,1,-1,-1,-1
141,77704,41,544,33,135,1,-1,-1,-1
141,77667,963,344,37,81,1,-1,-1,-1
142,77604,1205,506,58,137,1,-1,-1,-1
142,77606,1241,542,45,123,1,-1,-1,-1
142,77614,1085,525,59,127,1,-1,-1,-1
142,77615,1005,708,62,166,1,-1,-1,-1
142,77629,1592,424,50,99,1,-1,-1,-1
142,77648,1117,381,40,95,1,-1,-1,-1
142,77608,1857,406,47,111,1,-1,-1,-1
142,77631,911,445,49,87,1,-1,-1,-1
142,77666,1663,369,50,93,1,-1,-1,-1
142,77677,720,354,41,75,1,-1,-1,-1
142,77634,1428,368,46,90,1,-1,-1,-1
142,77690,1057,387,41,88,1,-1,-1,-1
142,77691,533,430,84,103,1,-1,-1,-1
142,77692,660,280,42,66,1,-1,-1,-1
142,77695,272,453,49,113,1,-1,-1,-1
142,77642,519,424,56,98,1,-1,-1,-1
142,77702,175,561,43,130,1,-1,-1,-1
142,77704,49,543,35,134,1,-1,-1,-1
142,77667,976,343,37,81,1,-1,-1,-1
143,77604,1216,509,57,134,1,-1,-1,-1
143,77606,1255,541,44,123,1,-1,-1,-1
143,77614,1095,524,60,127,1,-1,-1,-1
143,77615,1015,705,62,166,1,-1,-1,-1
143,77629,1602,423,50,100,1,-1,-1,-1
143,77648,1130,381,40,95,1,-1,-1,-1
143,77608,1876,405,46,111,1,-1,-1,-1
143,77631,919,444,48,87,1,-1,-1,-1
143,77666,1674,369,49,93,1,-1,-1,-1
143,77677,728,353,41,76,1,-1,-1,-1
143,77634,1439,367,46,90,1,-1,-1,-1
143,77690,1070,387,41,88,1,-1,-1,-1
143,77691,554,429,84,102,1,-1,-1,-1
143,77692,669,281,42,66,1,-1,-1,-1
143,77695,284,451,49,112,1,-1,-1,-1
143,77642,540,423,56,98,1,-1,-1,-1
143,77702,187,559,44,129,1,-1,-1,-1
143,77704,60,541,36,133,1,-1,-1,-1
143,77667,988,343,37,81,1,-1,-1,-1
144,77604,1226,512,57,131,1,-1,-1,-1
144,77606,1269,539,44,124,1,-1,-1,-1
144,77614,1106,523,59,126,1,-1,-1,-1
144,77615,1026,703,61,166,1,-1,-1,-1
144,77629,1613,422,49,100,1,-1,-1,-1
144,77648,1143,380,40,95,1,-1,-1,-1
144,77608,1884,407,43,105,1,-1,-1,-1
144,77631,926,443,48,87,1,-1,-1,-1
144,77666,1685,368,48,93,1,-1,-1,-1
144,77677,736,352,41,77,1,-1,-1,-1
144,77634,1451,367,45,90,1,-1,-1,-1
144,77690,1084,387,41,88,1,-1,-1,-1
144,77691,575,428,83,101,1,-1,-1,-1
144,77692,678,281,41,66,1,-1,-1,-1
144,77695,297,449,49,111,1,-1,-1,-1
144,77642,561,422,56,98,1,-1,-1,-1
144,77702,200,557,44,128,1,-1,-1,-1
144,77704,70,539,38,133,1,-1,-1,-1
144,77667,998,343,37,81,1,-1,-1,-1
145,77604,1242,517,56,125,1,-1,-1,-1
145,77606,1283,538,44,123,1,-1,-1,-1
145,77614,1118,521,58,127,1,-1,-1,-1
145,77615,1036,700,61,166,1,-1,-1,-1
145,77629,1623,421,48,101,1,-1,-1,-1
145,77648,1162,380,40,95,1,-1,-1,-1
145,77631,935,442,48,87,1,-1,-1,-1
145,77666,1696,367,47,92,1,-1,-1,-1
145,77677,749,351,41,78,1,-1,-1,-1
145,77634,1462,367,46,90,1,-1,-1,-1
145,77690,1104,386,42,88,1,-1,-1,-1
145,77691,609,427,81,98,1,-1,-1,-1
145,77692,692,282,40,67,1,-1,-1,-1
145,77695,310,447,48,111,1,-1,-1,-1
145,77642,582,422,56,98,1,-1,-1,-1
145,77702,214,555,43,126,1,-1,-1,-1
145,77704,82,536,39,132,1,-1,-1,-1
145,77667,1016,344,37,81,1,-1,-1,-1
146,77604,1249,518,56,123,1,-1,-1,-1
146,77606,1297,537,44,123,1,-1,-1,-1
146,77614,1130,520,57,127,1,-1,-1,-1
146,77615,1048,698,59,166,1,-1,-1,-1
146,77629,1633,420,47,102,1,-1,-1,-1
146,77648,1170,379,41,95,1,-1,-1,-1
146,77631,943,440,48,87,1,-1,-1,-1
146,77666,1708,366,45,93,1,-1,-1,-1
146,77677,753,350,41,79,1,-1,-1,-1
146,77634,1473,367,46,90,1,-1,-1,-1
146,77690,1113,386,42,88,1,-1,-1,-1
146,77691,622,426,80,98,1,-1,-1,-1
146,77692,698,283,38,66,1,-1,-1,-1
146,77695,324,445,48,110,1,-1,-1,-1
146,77642,606,421,57,98,1,-1,-1,-1
146,77702,227,553,44,125,1,-1,-1,-1
146,77704,94,533,40,132,1,-1,-1,-1
146,77667,1022,344,37,81,1,-1,-1,-1
146,77709,1914,449,4,12,1,-1,-1,-1
147,77604,1256,519,57,123,1,-1,-1,-1
147,77606,1308,538,44,123,1,-1,-1,-1
147,77614,1138,519,57,127,1,-1,-1,-1
147,77615,1055,697,58,165,1,-1,-1,-1
147,77629,1643,420,47,103,1,-1,-1,-1
147,77648,1180,379,42,95,1,-1,-1,-1
147,77631,949,439,48,87,1,-1,-1,-1
147,77666,1719,366,45,92,1,-1,-1,-1
147,77677,760,350,40,79,1,-1,-1,-1
147,77634,1481,367,47,89,1,-1,-1,-1
147,77690,1124,386,43,88,1,-1,-1,-1
147,77691,640,425,79,97,1,-1,-1,-1
147,77692,705,282,38,67,1,-1,-1,-1
147,77695,334,444,47,109,1,-1,-1,-1
147,77642,625,422,55,97,1,-1,-1,-1
147,77702,239,550,44,124,1,-1,-1,-1
147,77704,104,532,40,129,1,-1,-1,-1
147,77667,1031,344,37,81,1,-1,-1,-1
148,77604,1265,518,56,124,1,-1,-1,-1
148,77606,1317,538,44,123,1,-1,-1,-1
148,77614,1144,518,57,129,1,-1,-1,-1
148,77615,1061,697,58,165,1,-1,-1,-1
148,77629,1654,421,46,103,1,-1,-1,-1
148,77648,1192,378,42,95,1,-1,-1,-1
148,77631,953,439,48,85,1,-1,-1,-1
148,77666,1730,367,45,93,1,-1,-1,-1
148,77677,768,350,41,79,1,-1,-1,-1
148,77634,1488,367,47,90,1,-1,-1,-1
148,77690,1136,386,43,88,1,-1,-1,-1
148,77691,660,424,80,97,1,-1,-1,-1
148,77692,714,282,38,67,1,-1,-1,-1
148,77695,342,444,47,109,1,-1,-1,-1
148,77642,644,424,54,95,1,-1,-1,-1
148,77702,250,546,44,124,1,-1,-1,-1
148,77704,115,530,40,128,1,-1,-1,-1
148,77667,1041,344,37,81,1,-1,-1,-1
149,77604,1273,517,56,124,1,-1,-1,-1
149,77606,1327,538,44,123,1,-1,-1,-1
149,77614,1151,517,57,131,1,-1,-1,-1
149,77615,1066,697,58,165,1,-1,-1,-1
149,77629,1664,422,47,103,1,-1,-1,-1
149,77648,1204,378,42,94,1,-1,-1,-1
149,77631,957,438,48,85,1,-1,-1,-1
149,77666,1741,367,45,94,1,-1,-1,-1
149,77677,777,349,41,79,1,-1,-1,-1
149,77634,1496,368,45,90,1,-1,-1,-1
149,77690,1148,386,42,88,1,-1,-1,-1
149,77691,681,423,79,97,1,-1,-1,-1
149,77692,724,282,37,66,1,-1,-1,-1
149,77695,349,444,47,109,1,-1,-1,-1
149,77642,662,427,53,92,1,-1,-1,-1
149,77702,261,542,44,124,1,-1,-1,-1
149,77704,125,529,41,126,1,-1,-1,-1
149,77667,1051,344,37,81,1,-1,-1,-1
150,77604,1282,517,55,124,1,-1,-1,-1
150,77606,1339,539,43,123,1,-1,-1,-1
150,77614,1159,517,57,132,1,-1,-1,-1
150,77615,1071,697,58,165,1,-1,-1,-1
150,77629,1675,423,47,103,1,-1,-1,-1
150,77648,1216,377,42,94,1,-1,-1,-1
150,77631,960,437,48,84,1,-1,-1,-1
150,77666,1754,368,46,94,1,-1,-1,-1
150,77677,791,349,41,79,1,-1,-1,-1
150,77634,1506,368,44,91,1,-1,-1,-1
150,77690,1160,386,42,88,1,-1,-1,-1
150,77691,715,421,81,96,1,-1,-1,-1
150,77692,740,281,36,67,1,-1,-1,-1
150,77695,357,444,47,109,1,-1,-1,-1
150,77642,681,430,51,89,1,-1,-1,-1
150,77702,272,538,44,124,1,-1,-1,-1
150,77704,135,529,41,123,1,-1,-1,-1
150,77667,1067,344,37,81,1,-1,-1,-1
151,77604,1292,516,54,125,1,-1,-1,-1
151,77606,1345,538,44,123,1,-1,-1,-1
151,77614,1164,516,57,132,1,-1,-1,-1
151,77615,1076,697,59,165,1,-1,-1,-1
151,77629,1687,424,48,102,1,-1,-1,-1
151,77648,1229,377,42,94,1,-1,-1,-1
151,77631,963,436,48,84,1,-1,-1,-1
151,77666,1762,368,46,94,1,-1,-1,-1
151,77677,795,349,42,79,1,-1,-1,-1
151,77634,1512,368,42,91,1,-1,-1,-1
151,77690,1175,386,41,88,1,-1,-1,-1
151,77691,738,420,84,98,1,-1,-1,-1
151,77692,746,281,36,66,1,-1,-1,-1
151,77695,366,443,46,109,1,-1,-1,-1
151,77642,702,433,50,86,1,-1,-1,-1
151,77702,284,534,44,124,1,-1,-1,-1
151,77704,147,527,41,120,1,-1,-1,-1
151,77667,1073,344,37,81,1,-1,-1,-1
152,77604,1298,516,53,124,1,-1,-1,-1
152,77606,1351,538,44,123,1,-1,-1,-1
152,77614,1168,515,57,133,1,-1,-1,-1
152,77615,1081,696,60,165,1,-1,-1,-1
152,77629,1693,424,48,103,1,-1,-1,-1
152,77648,1237,376,42,94,1,-1,-1,-1
152,77631,965,436,48,83,1,-1,-1,-1
152,77666,1769,368,46,94,1,-1,-1,-1
152,77677,798,349,42,79,1,-1,-1,-1
152,77634,1516,368,42,91,1,-1,-1,-1
152,77690,1183,387,41,88,1,-1,-1,-1
152,77691,757,419,84,99,1,-1,-1,-1
152,77692,751,280,35,66,1,-1,-1,-1
152,77695,371,442,46,109,1,-1,-1,-1
152,77642,713,434,50,84,1,-1,-1,-1
152,77702,291,531,45,124,1,-1,-1,-1
152,77704,153,525,42,120,1,-1,-1,-1
152,77667,1079,344,37,81,1,-1,-1,-1
153,77604,1302,516,52,124,1,-1,-1,-1
153,77606,1357,536,43,123,1,-1,-1,-1
153,77614,1174,514,56,133,1,-1,-1,-1
153,77615,1087,695,61,164,1,-1,-1,-1
153,77629,1698,424,49,103,1,-1,-1,-1
153,77648,1243,376,41,94,1,-1,-1,-1
153,77631,965,436,49,83,1,-1,-1,-1
153,77666,1775,368,47,95,1,-1,-1,-1
153,77677,799,349,42,79,1,-1,-1,-1
153,77634,1521,368,42,91,1,-1,-1,-1
153,77690,1189,387,42,89,1,-1,-1,-1
153,77691,774,419,85,100,1,-1,-1,-1
153,77692,755,279,35,66,1,-1,-1,-1
153,77695,375,441,46,109,1,-1,-1,-1
153,77642,722,433,49,84,1,-1,-1,-1
153,77702,297,530,45,124,1,-1,-1,-1
153,77704,158,523,43,123,1,-1,-1,-1
153,77667,1084,344,37,81,1,-1,-1,-1
154,77604,1305,516,52,124,1,-1,-1,-1
154,77606,1362,534,44,123,1,-1,-1,-1
154,77614,1179,514,55,132,1,-1,-1,-1
154,77615,1094,695,61,163,1,-1,-1,-1
154,77629,1703,424,48,103,1,-1,-1,-1
154,77648,1248,376,41,94,1,-1,-1,-1
154,77631,966,436,49,83,1,-1,-1,-1
154,77666,1782,368,47,94,1,-1,-1,-1
154,77677,800,349,42,78,1,-1,-1,-1
154,77634,1525,367,43,93,1,-1,-1,-1
154,77690,1195,387,41,89,1,-1,-1,-1
154,77691,793,419,83,100,1,-1,-1,-1
154,77692,758,278,35,66,1,-1,-1,-1
154,77695,379,439,46,109,1,-1,-1,-1
154,77642,730,433,50,84,1,-1,-1,-1
154,77702,303,528,45,124,1,-1,-1,-1
154,77704,162,521,45,125,1,-1,-1,-1
154,77667,1090,344,37,81,1,-1,-1,-1
155,77604,1307,516,53,124,1,-1,-1,-1
155,77606,1373,531,43,123,1,-1,-1,-1
155,77614,1188,513,54,133,1,-1,-1,-1
155,77615,1100,694,62,163,1,-1,-1,-1
155,77629,1711,423,47,105,1,-1,-1,-1
155,77648,1256,376,41,94,1,-1,-1,-1
155,77631,966,436,50,83,1,-1,-1,-1
155,77666,1792,368,47,94,1,-1,-1,-1
155,77677,801,349,41,78,1,-1,-1,-1
155,77634,1530,367,43,93,1,-1,-1,-1
155,77690,1205,387,41,90,1,-1,-1,-1
155,77691,821,419,82,100,1,-1,-1,-1
155,77692,761,277,35,66,1,-1,-1,-1
155,77695,383,437,46,109,1,-1,-1,-1
155,77642,738,432,50,84,1,-1,-1,-1
155,77702,312,525,45,124,1,-1,-1,-1
155,77704,169,517,46,129,1,-1,-1,-1
155,77667,1095,344,37,81,1,-1,-1,-1
156,77604,1310,516,54,124,1,-1,-1,-1
156,77606,1376,530,44,123,1,-1,-1,-1
156,77614,1191,513,54,132,1,-1,-1,-1
156,77615,1107,694,62,162,1,-1,-1,-1
156,77629,1714,423,46,105,1,-1,-1,-1
156,77648,1259,376,41,94,1,-1,-1,-1
156,77631,966,436,51,83,1,-1,-1,-1
156,77666,1796,367,47,95,1,-1,-1,-1
156,77677,803,349,40,78,1,-1,-1,-1
156,77634,1533,367,44,93,1,-1,-1,-1
156,77690,1208,387,41,90,1,-1,-1,-1
156,77691,833,419,79,100,1,-1,-1,-1
156,77692,765,275,34,66,1,-1,-1,-1
156,77695,387,436,46,109,1,-1,-1,-1
156,77642,746,431,51,84,1,-1,-1,-1
156,77702,316,524,45,123,1,-1,-1,-1
156,77704,172,516,46,129,1,-1,-1,-1
156,77667,1101,344,37,81,1,-1,-1,-1
157,77604,1312,516,55,124,1,-1,-1,-1
157,77606,1380,530,43,123,1,-1,-1,-1
157,77614,1193,513,53,132,1,-1,-1,-1
157,77615,1110,693,62,162,1,-1,-1,-1
157,77629,1716,422,46,106,1,-1,-1,-1
157,77648,1263,376,40,94,1,-1,-1,-1
157,77631,968,432,53,86,1,-1,-1,-1
157,77666,1799,367,47,94,1,-1,-1,-1
157,77677,804,349,40,78,1,-1,-1,-1
157,77634,1536,366,44,94,1,-1,-1,-1
157,77690,1213,387,40,91,1,-1,-1,-1
157,77691,846,415,79,102,1,-1,-1,-1
157,77692,767,274,35,66,1,-1,-1,-1
157,77695,390,434,45,109,1,-1,-1,-1
157,77642,748,430,52,85,1,-1,-1,-1
157,77702,321,521,45,123,1,-1,-1,-1
157,77704,174,515,46,129,1,-1,-1,-1
157,77667,1104,345,37,81,1,-1,-1,-1
158,77604,1315,516,54,123,1,-1,-1,-1
158,77606,1385,530,43,123,1,-1,-1,-1
158,77614,1194,511,53,132,1,-1,-1,-1
158,77615,1112,692,62,162,1,-1,-1,-1
158,77629,1718,422,45,106,1,-1,-1,-1
158,77648,1267,376,40,94,1,-1,-1,-1
158,77631,971,428,55,90,1,-1,-1,-1
158,77666,1802,367,47,94,1,-1,-1,-1
158,77677,805,349,40,78,1,-1,-1,-1
158,77634,1539,365,44,94,1,-1,-1,-1
158,77690,1217,387,40,91,1,-1,-1,-1
158,77691,858,410,80,105,1,-1,-1,-1
158,77692,770,274,34,66,1,-1,-1,-1
158,77695,392,434,45,109,1,-1,-1,-1
158,77642,750,427,52,86,1,-1,-1,-1
158,77702,326,519,45,121,1,-1,-1,-1
158,77704,178,513,45,128,1,-1,-1,-1
158,77667,1107,345,36,81,1,-1,-1,-1
159,77604,1317,515,55,124,1,-1,-1,-1
159,77606,1390,529,44,123,1,-1,-1,-1
159,77614,1196,510,53,132,1,-1,-1,-1
159,77615,1112,690,64,163,1,-1,-1,-1
159,77629,1719,421,46,107,1,-1,-1,-1
159,77648,1271,375,40,94,1,-1,-1,-1
159,77631,974,423,58,95,1,-1,-1,-1
159,77666,1805,366,46,94,1,-1,-1,-1
159,77677,806,349,39,79,1,-1,-1,-1
159,77634,1541,364,45,95,1,-1,-1,-1
159,77690,1221,387,40,91,1,-1,-1,-1
159,77691,872,404,80,108,1,-1,-1,-1
159,77692,772,274,34,66,1,-1,-1,-1
159,77695,394,434,45,109,1,-1,-1,-1
159,77642,751,424,53,88,1,-1,-1,-1
159,77702,331,517,45,118,1,-1,-1,-1
159,77704,180,512,46,126,1,-1,-1,-1
159,77667,1109,345,37,82,1,-1,-1,-1
160,77604,1321,515,56,123,1,-1,-1,-1
160,77606,1395,529,44,123,1,-1,-1,-1
160,77614,1198,509,52,132,1,-1,-1,-1
160,77615,1113,689,64,163,1,-1,-1,-1
160,77629,1720,421,47,107,1,-1,-1,-1
160,77648,1279,375,39,94,1,-1,-1,-1
160,77631,978,418,59,98,1,-1,-1,-1
160,77666,1810,365,46,94,1,-1,-1,-1
160,77677,807,349,40,80,1,-1,-1,-1
160,77634,1546,362,44,97,1,-1,-1,-1
160,77690,1228,387,40,90,1,-1,-1,-1
160,77691,884,398,82,112,1,-1,-1,-1
160,77692,774,274,34,66,1,-1,-1,-1
160,77695,395,434,46,109,1,-1,-1,-1
160,77642,752,421,53,90,1,-1,-1,-1
160,77702,337,514,45,117,1,-1,-1,-1
160,77704,184,510,45,125,1,-1,-1,-1
160,77667,1113,346,36,81,1,-1,-1,-1
161,77604,1323,515,55,123,1,-1,-1,-1
161,77606,1400,529,45,122,1,-1,-1,-1
161,77614,1199,508,52,132,1,-1,-1,-1
161,77615,1114,687,64,163,1,-1,-1,-1
161,77629,1722,420,47,108,1,-1,-1,-1
161,77648,1281,375,39,94,1,-1,-1,-1
161,77631,982,413,60,102,1,-1,-1,-1
161,77666,1813,365,44,94,1,-1,-1,-1
161,77677,808,349,39,80,1,-1,-1,-1
161,77634,1547,362,44,97,1,-1,-1,-1
161,77690,1231,387,39,90,1,-1,-1,-1
161,77691,899,391,83,116,1,-1,-1,-1
161,77692,777,274,33,66,1,-1,-1,-1
161,77695,397,434,47,109,1,-1,-1,-1
161,77642,753,418,54,91,1,-1,-1,-1
161,77702,343,512,44,114,1,-1,-1,-1
161,77704,187,509,46,122,1,-1,-1,-1
161,77667,1115,346,36,81,1,-1,-1,-1
162,77604,1324,514,56,124,1,-1,-1,-1
162,77606,1405,528,45,122,1,-1,-1,-1
162,77614,1202,506,51,131,1,-1,-1,-1
162,77615,1117,686,63,163,1,-1,-1,-1
162,77629,1725,420,48,108,1,-1,-1,-1
162,77648,1285,375,39,94,1,-1,-1,-1
162,77631,986,408,60,102,1,-1,-1,-1
162,77666,1816,363,44,95,1,-1,-1,-1
162,77677,808,348,39,80,1,-1,-1,-1
162,77634,1552,361,43,98,1,-1,-1,-1
162,77690,1234,386,40,91,1,-1,-1,-1
162,77691,911,386,82,118,1,-1,-1,-1
162,77692,779,274,33,66,1,-1,-1,-1
162,77695,399,432,48,109,1,-1,-1,-1
162,77642,755,415,53,92,1,-1,-1,-1
162,77702,349,508,45,114,1,-1,-1,-1
162,77704,191,507,46,120,1,-1,-1,-1
162,77667,1118,346,35,81,1,-1,-1,-1
163,77604,1327,512,55,125,1,-1,-1,-1
163,77606,1410,526,45,122,1,-1,-1,-1
163,77614,1205,505,51,131,1,-1,-1,-1
163,77615,1121,684,64,163,1,-1,-1,-1
163,77629,1729,420,48,107,1,-1,-1,-1
163,77648,1290,374,39,94,1,-1,-1,-1
163,77631,990,403,59,102,1,-1,-1,-1
163,77666,1819,362,45,95,1,-1,-1,-1
163,77677,809,346,39,80,1,-1,-1,-1
163,77634,1556,361,43,97,1,-1,-1,-1
163,77690,1238,387,40,90,1,-1,-1,-1
163,77691,924,382,80,117,1,-1,-1,-1
163,77692,781,274,33,66,1,-1,-1,-1
163,77695,402,430,47,109,1,-1,-1,-1
163,77642,756,412,53,93,1,-1,-1,-1
163,77702,355,504,46,114,1,-1,-1,-1
163,77704,196,503,45,119,1,-1,-1,-1
163,77667,1121,345,35,81,1,-1,-1,-1
164,77604,1329,511,55,125,1,-1,-1,-1
164,77606,1415,524,46,122,1,-1,-1,-1
164,77614,1209,503,51,131,1,-1,-1,-1
164,77615,1125,683,64,162,1,-1,-1,-1
164,77629,1732,421,49,106,1,-1,-1,-1
164,77648,1296,373,37,94,1,-1,-1,-1
164,77631,994,397,58,101,1,-1,-1,-1
164,77666,1822,361,45,96,1,-1,-1,-1
164,77677,809,345,39,80,1,-1,-1,-1
164,77634,1560,361,42,96,1,-1,-1,-1
164,77690,1242,387,41,90,1,-1,-1,-1
164,77691,937,378,78,117,1,-1,-1,-1
164,77692,783,274,33,66,1,-1,-1,-1
164,77695,405,427,48,109,1,-1,-1,-1
164,77642,758,408,53,95,1,-1,-1,-1
164,77702,362,501,46,115,1,-1,-1,-1
164,77704,202,499,45,118,1,-1,-1,-1
164,77667,1124,344,34,81,1,-1,-1,-1
165,77604,1331,509,55,125,1,-1,-1,-1
165,77606,1420,522,47,122,1,-1,-1,-1
165,77614,1212,501,51,131,1,-1,-1,-1
165,77615,1130,682,63,162,1,-1,-1,-1
165,77629,1739,421,49,105,1,-1,-1,-1
165,77648,1301,372,37,94,1,-1,-1,-1
165,77631,1000,389,57,100,1,-1,-1,-1
165,77666,1825,360,46,96,1,-1,-1,-1
165,77677,810,344,38,80,1,-1,-1,-1
165,77634,1567,360,42,96,1,-1,-1,-1
165,77690,1246,388,42,90,1,-1,-1,-1
165,77691,950,374,77,116,1,-1,-1,-1
165,77692,787,274,33,66,1,-1,-1,-1
165,77695,408,425,48,109,1,-1,-1,-1
165,77642,761,405,52,97,1,-1,-1,-1
165,77702,368,497,47,116,1,-1,-1,-1
165,77704,208,496,44,116,1,-1,-1,-1
165,77667,1127,343,34,81,1,-1,-1,-1
166,77604,1334,507,54,126,1,-1,-1,-1
166,77606,1427,520,47,122,1,-1,-1,-1
166,77614,1216,499,51,131,1,-1,-1,-1
166,77615,1136,681,63,162,1,-1,-1,-1
166,77629,1741,421,49,105,1,-1,-1,-1
166,77648,1306,372,38,94,1,-1,-1,-1
166,77631,1002,386,57,99,1,-1,-1,-1
166,77666,1829,358,47,97,1,-1,-1,-1
166,77677,810,342,39,80,1,-1,-1,-1
166,77634,1570,360,41,96,1,-1,-1,-1
166,77690,1250,388,43,90,1,-1,-1,-1
166,77691,964,370,74,115,1,-1,-1,-1
166,77692,788,274,33,66,1,-1,-1,-1
166,77695,412,422,48,109,1,-1,-1,-1
166,77642,763,402,52,98,1,-1,-1,-1
166,77702,376,492,47,118,1,-1,-1,-1
166,77704,215,492,43,114,1,-1,-1,-1
166,77667,1129,343,34,81,1,-1,-1,-1
167,77604,1334,507,54,125,1,-1,-1,-1
167,77606,1430,519,47,122,1,-1,-1,-1
167,77614,1217,498,52,131,1,-1,-1,-1
167,77615,1138,681,63,162,1,-1,-1,-1
167,77629,1743,421,49,105,1,-1,-1,-1
167,77648,1309,371,38,94,1,-1,-1,-1
167,77631,1005,385,55,97,1,-1,-1,-1
167,77666,1831,357,47,98,1,-1,-1,-1
167,77677,810,341,39,81,1,-1,-1,-1
167,77634,1572,360,41,95,1,-1,-1,-1
167,77690,1253,388,43,89,1,-1,-1,-1
167,77691,973,369,73,115,1,-1,-1,-1
167,77692,787,274,33,66,1,-1,-1,-1
167,77695,413,421,48,109,1,-1,-1,-1
167,77642,765,400,50,99,1,-1,-1,-1
167,77702,379,490,48,118,1,-1,-1,-1
167,77704,219,490,42,113,1,-1,-1,-1
167,77667,1131,341,34,82,1,-1,-1,-1
168,77604,1334,506,54,126,1,-1,-1,-1
168,77606,1432,517,48,122,1,-1,-1,-1
168,77614,1217,495,52,131,1,-1,-1,-1
168,77615,1139,680,62,162,1,-1,-1,-1
168,77629,1744,419,49,106,1,-1,-1,-1
168,77648,1310,370,38,96,1,-1,-1,-1
168,77631,1008,383,54,98,1,-1,-1,-1
168,77666,1832,357,48,97,1,-1,-1,-1
168,77677,809,341,39,82,1,-1,-1,-1
168,77634,1573,360,41,95,1,-1,-1,-1
168,77690,1254,387,44,89,1,-1,-1,-1
168,77691,982,370,72,115,1,-1,-1,-1
168,77692,787,273,33,66,1,-1,-1,-1
168,77695,413,419,47,109,1,-1,-1,-1
168,77642,765,399,49,98,1,-1,-1,-1
168,77702,382,488,48,118,1,-1,-1,-1
168,77704,220,487,43,115,1,-1,-1,-1
168,77667,1133,340,34,82,1,-1,-1,-1
169,77604,1333,506,54,126,1,-1,-1,-1
169,77606,1435,516,47,122,1,-1,-1,-1
169,77614,1216,493,53,131,1,-1,-1,-1
169,77615,1139,680,62,162,1,-1,-1,-1
169,77629,1745,418,49,107,1,-1,-1,-1
169,77648,1312,369,39,97,1,-1,-1,-1
169,77631,1011,382,54,98,1,-1,-1,-1
169,77666,1833,357,48,97,1,-1,-1,-1
169,77677,808,341,39,83,1,-1,-1,-1
169,77634,1575,360,40,95,1,-1,-1,-1
169,77690,1255,386,45,89,1,-1,-1,-1
169,77691,989,372,71,114,1,-1,-1,-1
169,77692,786,272,33,66,1,-1,-1,-1
169,77695,413,418,47,109,1,-1,-1,-1
169,77642,765,397,48,99,1,-1,-1,-1
169,77702,384,486,48,119,1,-1,-1,-1
169,77704,222,485,43,115,1,-1,-1,-1
169,77667,1134,338,35,84,1,-1,-1,-1
170,77604,1332,506,54,126,1,-1,-1,-1
170,77606,1439,515,47,121,1,-1,-1,-1
170,77614,1216,489,52,131,1,-1,-1,-1
170,77615,1139,679,63,162,1,-1,-1,-1
170,77629,1747,416,48,108,1,-1,-1,-1
170,77648,1313,368,39,99,1,-1,-1,-1
170,77631,1016,381,52,97,1,-1,-1,-1
170,77666,1835,357,48,97,1,-1,-1,-1
170,77677,806,341,40,84,1,-1,-1,-1
170,77634,1577,360,40,94,1,-1,-1,-1
170,77690,1256,385,45,89,1,-1,-1,-1
170,77691,997,374,70,115,1,-1,-1,-1
170,77692,785,271,33,66,1,-1,-1,-1
170,77695,413,417,47,109,1,-1,-1,-1
170,77642,764,396,47,98,1,-1,-1,-1
170,77702,385,485,49,119,1,-1,-1,-1
170,77704,224,483,43,116,1,-1,-1,-1
170,77667,1137,336,35,84,1,-1,-1,-1
171,77604,1332,506,54,126,1,-1,-1,-1
171,77606,1440,514,47,121,1,-1,-1,-1
171,77614,1215,487,52,131,1,-1,-1,-1
171,77615,1139,679,62,162,1,-1,-1,-1
171,77629,1749,415,47,109,1,-1,-1,-1
171,77648,1315,366,39,101,1,-1,-1,-1
171,77631,1017,382,52,97,1,-1,-1,-1
171,77666,1835,357,47,97,1,-1,-1,-1
171,77677,805,341,40,84,1,-1,-1,-1
171,77634,1578,360,39,94,1,-1,-1,-1
171,77690,1257,384,45,88,1,-1,-1,-1
171,77691,1005,376,70,114,1,-1,-1,-1
171,77692,784,270,33,66,1,-1,-1,-1
171,77695,413,415,47,109,1,-1,-1,-1
171,77642,764,395,46,98,1,-1,-1,-1
171,77702,388,482,49,119,1,-1,-1,-1
171,77704,226,481,44,116,1,-1,-1,-1
171,77667,1137,335,35,85,1,-1,-1,-1
172,77604,1330,506,54,125,1,-1,-1,-1
172,77606,1440,514,46,121,1,-1,-1,-1
172,77614,1213,487,51,131,1,-1,-1,-1
172,77615,1138,678,62,162,1,-1,-1,-1
172,77629,1749,415,45,109,1,-1,-1,-1
172,77648,1313,367,40,100,1,-1,-1,-1
172,77631,1014,385,51,96,1,-1,-1,-1
172,77666,1832,357,47,97,1,-1,-1,-1
172,77677,800,342,40,84,1,-1,-1,-1
172,77634,1576,360,39,94,1,-1,-1,-1
172,77690,1256,384,45,88,1,-1,-1,-1
172,77691,1010,379,70,114,1,-1,-1,-1
172,77692,783,270,32,66,1,-1,-1,-1
172,77695,406,416,47,109,1,-1,-1,-1
172,77642,757,394,45,98,1,-1,-1,-1
172,77702,388,482,49,118,1,-1,-1,-1
172,77704,227,479,43,117,1,-1,-1,-1
172,77667,1135,335,35,85,1,-1,-1,-1
173,77604,1327,505,54,125,1,-1,-1,-1
173,77606,1438,514,46,121,1,-1,-1,-1
173,77614,1210,487,51,131,1,-1,-1,-1
173,77615,1136,678,61,161,1,-1,-1,-1
173,77629,1748,416,43,108,1,-1,-1,-1
173,77648,1311,368,40,99,1,-1,-1,-1
173,77631,1010,391,50,94,1,-1,-1,-1
173,77666,1829,357,46,97,1,-1,-1,-1
173,77677,793,342,41,84,1,-1,-1,-1
173,77634,1574,360,39,94,1,-1,-1,-1
173,77690,1253,386,44,87,1,-1,-1,-1
173,77691,1016,383,68,114,1,-1,-1,-1
173,77692,780,270,33,65,1,-1,-1,-1
173,77695,399,416,47,109,1,-1,-1,-1
173,77642,747,394,45,98,1,-1,-1,-1
173,77702,388,480,48,117,1,-1,-1,-1
173,77704,227,478,44,117,1,-1,-1,-1
173,77667,1132,336,35,84,1,-1,-1,-1
174,77604,1325,505,53,123,1,-1,-1,-1
174,77606,1437,514,45,122,1,-1,-1,-1
174,77614,1208,488,49,131,1,-1,-1,-1
174,77615,1134,677,61,161,1,-1,-1,-1
174,77629,1746,417,43,108,1,-1,-1,-1
174,77648,1307,370,40,98,1,-1,-1,-1
174,77631,1006,396,49,93,1,-1,-1,-1
174,77666,1826,357,45,96,1,-1,-1,-1
174,77677,787,343,40,83,1,-1,-1,-1
174,77634,1571,360,39,94,1,-1,-1,-1
174,77690,1250,388,44,86,1,-1,-1,-1
174,77691,1021,387,67,113,1,-1,-1,-1
174,77692,777,270,34,65,1,-1,-1,-1
174,77695,391,417,46,109,1,-1,-1,-1
174,77642,735,394,45,98,1,-1,-1,-1
174,77702,387,479,48,116,1,-1,-1,-1
174,77704,227,477,43,117,1,-1,-1,-1
174,77667,1128,337,36,84,1,-1,-1,-1
175,77604,1322,504,54,122,1,-1,-1,-1
175,77606,1435,514,45,122,1,-1,-1,-1
175,77614,1205,488,49,131,1,-1,-1,-1
175,77615,1132,676,61,161,1,-1,-1,-1
175,77629,1743,418,41,107,1,-1,-1,-1
175,77648,1304,372,40,96,1,-1,-1,-1
175,77631,1002,402,48,91,1,-1,-1,-1
175,77666,1823,357,44,95,1,-1,-1,-1
175,77677,779,343,40,84,1,-1,-1,-1
175,77634,1569,360,38,94,1,-1,-1,-1
175,77690,1246,391,44,84,1,-1,-1,-1
175,77691,1029,394,66,111,1,-1,-1,-1
175,77692,774,270,34,64,1,-1,-1,-1
175,77695,382,417,46,109,1,-1,-1,-1
175,77642,724,394,43,98,1,-1,-1,-1
175,77702,387,477,47,115,1,-1,-1,-1
175,77704,227,475,43,117,1,-1,-1,-1
175,77667,1123,338,37,85,1,-1,-1,-1
176,77604,1319,503,54,121,1,-1,-1,-1
176,77606,1433,513,44,122,1,-1,-1,-1
176,77614,1202,489,48,131,1,-1,-1,-1
176,77615,1130,675,60,161,1,-1,-1,-1
176,77629,1742,418,40,107,1,-1,-1,-1
176,77648,1301,374,41,94,1,-1,-1,-1
176,77631,997,408,47,89,1,-1,-1,-1
176,77666,1819,357,44,94,1,-1,-1,-1
176,77677,771,344,39,83,1,-1,-1,-1
176,77634,1565,360,39,94,1,-1,-1,-1
176,77690,1241,393,44,84,1,-1,-1,-1
176,77691,1032,397,66,110,1,-1,-1,-1
176,77692,769,270,34,63,1,-1,-1,-1
176,77695,373,418,47,109,1,-1,-1,-1
176,77642,712,393,44,98,1,-1,-1,-1
176,77702,386,476,46,114,1,-1,-1,-1
176,77704,225,475,44,117,1,-1,-1,-1
176,77667,1117,339,38,84,1,-1,-1,-1
177,77604,1308,502,53,121,1,-1,-1,-1
177,77606,1427,513,43,122,1,-1,-1,-1
177,77614,1195,488,47,130,1,-1,-1,-1
177,77615,1121,675,60,160,1,-1,-1,-1
177,77629,1734,418,39,107,1,-1,-1,-1
177,77648,1294,376,41,93,1,-1,-1,-1
177,77631,992,412,46,86,1,-1,-1,-1
177,77666,1809,357,43,94,1,-1,-1,-1
177,77677,761,345,38,82,1,-1,-1,-1
177,77634,1557,361,39,93,1,-1,-1,-1
177,77690,1236,394,44,83,1,-1,-1,-1
177,77691,1031,398,65,110,1,-1,-1,-1
177,77692,761,271,35,63,1,-1,-1,-1
177,77695,364,418,46,109,1,-1,-1,-1
177,77642,700,393,44,98,1,-1,-1,-1
177,77702,380,475,46,114,1,-1,-1,-1
177,77704,219,476,43,115,1,-1,-1,-1
177,77667,1110,340,38,82,1,-1,-1,-1
178,77604,1297,502,53,121,1,-1,-1,-1
178,77606,1417,513,43,122,1,-1,-1,-1
178,77614,1185,488,45,127,1,-1,-1,-1
178,77615,1110,674,59,160,1,-1,-1,-1
178,77629,1724,418,38,108,1,-1,-1,-1
178,77648,1286,377,41,92,1,-1,-1,-1
178,77631,986,416,44,83,1,-1,-1,-1
178,77666,1795,357,43,94,1,-1,-1,-1
178,77677,750,346,37,81,1,-1,-1,-1
178,77634,1545,362,39,92,1,-1,-1,-1
178,77690,1230,394,45,82,1,-1,-1,-1
178,77691,1029,399,64,110,1,-1,-1,-1
178,77692,752,271,36,63,1,-1,-1,-1
178,77695,355,419,47,109,1,-1,-1,-1
178,77642,689,393,43,98,1,-1,-1,-1
178,77702,373,474,46,114,1,-1,-1,-1
178,77704,212,476,43,115,1,-1,-1,-1
178,77667,1103,340,38,82,1,-1,-1,-1
179,77604,1287,502,52,121,1,-1,-1,-1
179,77606,1406,512,42,122,1,-1,-1,-1
179,77614,1174,488,44,124,1,-1,-1,-1
179,77615,1097,673,59,160,1,-1,-1,-1
179,77629,1712,418,39,107,1,-1,-1,-1
179,77648,1277,378,42,91,1,-1,-1,-1
179,77631,980,420,43,80,1,-1,-1,-1
179,77666,1781,358,43,94,1,-1,-1,-1
179,77677,739,348,37,79,1,-1,-1,-1
179,77634,1533,363,39,92,1,-1,-1,-1
179,77690,1224,394,46,82,1,-1,-1,-1
179,77691,1027,401,61,108,1,-1,-1,-1
179,77692,743,271,36,63,1,-1,-1,-1
179,77695,347,420,46,109,1,-1,-1,-1
179,77642,677,393,44,98,1,-1,-1,-1
179,77702,366,472,45,114,1,-1,-1,-1
179,77704,204,477,43,113,1,-1,-1,-1
179,77667,1095,341,38,81,1,-1,-1,-1
180,77604,1277,502,52,121,1,-1,-1,-1
180,77606,1395,511,42,121,1,-1,-1,-1
180,77614,1162,488,44,122,1,-1,-1,-1
180,77615,1085,673,59,159,1,-1,-1,-1
180,77629,1695,417,38,107,1,-1,-1,-1
180,77648,1264,380,41,89,1,-1,-1,-1
180,77631,970,426,41,74,1,-1,-1,-1
180,77666,1767,358,43,94,1,-1,-1,-1
180,77677,720,350,36,77,1,-1,-1,-1
180,77634,1519,364,40,91,1,-1,-1,-1
180,77690,1215,393,47,81,1,-1,-1,-1
180,77691,1024,402,58,107,1,-1,-1,-1
180,77692,728,272,37,63,1,-1,-1,-1
180,77695,338,420,46,109,1,-1,-1,-1
180,77642,666,392,43,99,1,-1,-1,-1
180,77702,353,471,44,113,1,-1,-1,-1
180,77704,191,478,42,111,1,-1,-1,-1
180,77667,1082,342,38,80,1,-1,-1,-1
181,77604,1267,502,52,121,1,-1,-1,-1
181,77606,1382,510,42,121,1,-1,-1,-1
181,77614,1149,488,43,119,1,-1,-1,-1
181,77615,1069,672,59,159,1,-1,-1,-1
181,77629,1687,417,38,107,1,-1,-1,-1
181,77648,1257,380,42,89,1,-1,-1,-1
181,77631,967,428,39,73,1,-1,-1,-1
181,77666,1750,359,44,94,1,-1,-1,-1
181,77677,705,350,36,78,1,-1,-1,-1
181,77634,1504,365,41,90,1,-1,-1,-1
181,77690,1210,393,48,81,1,-1,-1,-1
181,77691,1021,403,57,106,1,-1,-1,-1
181,77692,723,272,37,63,1,-1,-1,-1
181,77695,329,421,46,109,1,-1,-1,-1
181,77642,654,392,43,98,1,-1,-1,-1
181,77702,348,470,44,113,1,-1,-1,-1
181,77704,185,479,43,109,1,-1,-1,-1
181,77667,1077,342,38,80,1,-1,-1,-1
182,77604,1254,502,52,121,1,-1,-1,-1
182,77606,1371,509,42,121,1,-1,-1,-1
182,77614,1138,487,43,118,1,-1,-1,-1
182,77615,1057,671,60,159,1,-1,-1,-1
182,77629,1675,416,39,107,1,-1,-1,-1
182,77648,1249,379,43,90,1,-1,-1,-1
182,77631,958,428,39,72,1,-1,-1,-1
182,77666,1736,359,44,94,1,-1,-1,-1
182,77677,692,350,36,78,1,-1,-1,-1
182,77634,1493,366,41,89,1,-1,-1,-1
182,77690,1202,393,49,81,1,-1,-1,-1
182,77691,1016,403,56,107,1,-1,-1,-1
182,77692,712,272,37,63,1,-1,-1,-1
182,77695,315,421,47,109,1,-1,-1,-1
182,77642,641,391,44,98,1,-1,-1,-1
182,77702,339,469,43,113,1,-1,-1,-1
182,77704,175,478,44,109,1,-1,-1,-1
182,77667,1067,342,38,79,1,-1,-1,-1
183,77604,1240,501,51,121,1,-1,-1,-1
183,77606,1359,508,42,121,1,-1,-1,-1
183,77614,1126,485,44,119,1,-1,-1,-1
183,77615,1043,671,61,158,1,-1,-1,-1
183,77629,1662,417,39,106,1,-1,-1,-1
183,77648,1241,377,43,92,1,-1,-1,-1
183,77631,948,427,39,72,1,-1,-1,-1
183,77666,1720,359,44,93,1,-1,-1,-1
183,77677,678,350,37,78,1,-1,-1,-1
183,77634,1482,367,42,88,1,-1,-1,-1
183,77690,1195,395,49,81,1,-1,-1,-1
183,77691,1010,403,56,107,1,-1,-1,-1
183,77692,700,272,37,63,1,-1,-1,-1
183,77695,298,421,47,109,1,-1,-1,-1
183,77642,626,390,45,99,1,-1,-1,-1
183,77702,328,468,43,112,1,-1,-1,-1
183,77704,164,478,43,108,1,-1,-1,-1
183,77667,1056,341,38,79,1,-1,-1,-1
184,77604,1225,501,51,121,1,-1,-1,-1
184,77606,1347,507,43,121,1,-1,-1,-1
184,77614,1115,483,44,120,1,-1,-1,-1
184,77615,1030,670,60,159,1,-1,-1,-1
184,77629,1648,417,39,105,1,-1,-1,-1
184,77648,1232,375,44,93,1,-1,-1,-1
184,77631,937,426,38,72,1,-1,-1,-1
184,77666,1705,360,43,91,1,-1,-1,-1
184,77677,665,349,37,79,1,-1,-1,-1
184,77634,1471,367,43,88,1,-1,-1,-1
184,77690,1187,396,50,81,1,-1,-1,-1
184,77691,1003,403,56,107,1,-1,-1,-1
184,77692,688,272,37,63,1,-1,-1,-1
184,77695,280,422,48,108,1,-1,-1,-1
184,77642,612,389,45,99,1,-1,-1,-1
184,77702,317,467,42,112,1,-1,-1,-1
184,77704,151,477,44,109,1,-1,-1,-1
184,77667,1044,340,37,79,1,-1,-1,-1
185,77604,1211,500,51,121,1,-1,-1,-1
185,77606,1335,506,43,122,1,-1,-1,-1
185,77614,1096,480,45,122,1,-1,-1,-1
185,77615,1015,670,61,158,1,-1,-1,-1
185,77629,1624,417,40,104,1,-1,-1,-1
185,77648,1218,371,45,97,1,-1,-1,-1
185,77631,925,425,39,72,1,-1,-1,-1
185,77666,1689,360,43,90,1,-1,-1,-1
185,77677,651,348,38,81,1,-1,-1,-1
185,77634,1460,368,44,87,1,-1,-1,-1
185,77690,1175,398,50,81,1,-1,-1,-1
185,77691,992,403,58,107,1,-1,-1,-1
185,77692,675,271,37,63,1,-1,-1,-1
185,77695,262,422,49,108,1,-1,-1,-1
185,77642,597,387,46,101,1,-1,-1,-1
185,77702,306,466,42,111,1,-1,-1,-1
185,77704,139,477,43,108,1,-1,-1,-1
185,77667,1031,339,38,79,1,-1,-1,-1
186,77604,1191,499,51,121,1,-1,-1,-1
186,77606,1321,504,44,122,1,-1,-1,-1
186,77614,1078,480,46,123,1,-1,-1,-1
186,77615,1000,669,62,159,1,-1,-1,-1
186,77629,1616,417,40,103,1,-1,-1,-1
186,77648,1213,370,46,98,1,-1,-1,-1
186,77631,913,424,39,72,1,-1,-1,-1
186,77666,1672,360,43,89,1,-1,-1,-1
186,77677,637,347,38,82,1,-1,-1,-1
186,77634,1449,369,46,86,1,-1,-1,-1
186,77690,1170,399,49,80,1,-1,-1,-1
186,77691,987,403,59,108,1,-1,-1,-1
186,77692,662,271,37,63,1,-1,-1,-1
186,77695,244,423,49,107,1,-1,-1,-1
186,77642,581,386,47,101,1,-1,-1,-1
186,77702,293,465,42,111,1,-1,-1,-1
186,77704,127,476,43,108,1,-1,-1,-1
186,77667,1019,338,38,79,1,-1,-1,-1
187,77604,1180,498,50,121,1,-1,-1,-1
187,77606,1311,503,44,122,1,-1,-1,-1
187,77614,1064,479,47,123,1,-1,-1,-1
187,77615,989,669,61,158,1,-1,-1,-1
187,77629,1603,416,40,103,1,-1,-1,-1
187,77648,1205,369,45,97,1,-1,-1,-1
187,77631,895,422,40,73,1,-1,-1,-1
187,77666,1659,359,42,89,1,-1,-1,-1
187,77677,622,346,39,82,1,-1,-1,-1
187,77634,1435,370,46,84,1,-1,-1,-1
187,77690,1162,398,50,81,1,-1,-1,-1
187,77691,978,400,60,109,1,-1,-1,-1
187,77692,649,270,37,63,1,-1,-1,-1
187,77695,230,423,50,106,1,-1,-1,-1
187,77642,567,385,46,101,1,-1,-1,-1
187,77702,282,464,41,111,1,-1,-1,-1
187,77704,114,474,43,109,1,-1,-1,-1
187,77667,1007,338,38,78,1,-1,-1,-1
188,77604,1167,497,51,121,1,-1,-1,-1
188,77606,1299,502,45,122,1,-1,-1,-1
188,77614,1051,478,47,123,1,-1,-1,-1
188,77615,977,668,62,158,1,-1,-1,-1
188,77629,1588,415,41,103,1,-1,-1,-1
188,77648,1196,368,43,96,1,-1,-1,-1
188,77631,881,421,41,73,1,-1,-1,-1
188,77666,1645,357,43,90,1,-1,-1,-1
188,77677,608,346,39,82,1,-1,-1,-1
188,77634,1426,369,46,84,1,-1,-1,-1
188,77690,1153,397,50,80,1,-1,-1,-1
188,77691,968,397,61,110,1,-1,-1,-1
188,77692,635,269,37,63,1,-1,-1,-1
188,77695,220,423,50,105,1,-1,-1,-1
188,77642,553,385,46,101,1,-1,-1,-1
188,77702,270,463,41,110,1,-1,-1,-1
188,77704,101,473,43,109,1,-1,-1,-1
188,77667,995,337,38,79,1,-1,-1,-1
189,77604,1154,496,51,121,1,-1,-1,-1
189,77606,1288,501,45,122,1,-1,-1,-1
189,77614,1038,477,47,122,1,-1,-1,-1
189,77615,965,667,62,157,1,-1,-1,-1
189,77629,1572,414,41,103,1,-1,-1,-1
189,77648,1186,367,43,95,1,-1,-1,-1
189,77631,868,419,41,74,1,-1,-1,-1
189,77666,1632,355,43,91,1,-1,-1,-1
189,77677,592,345,39,82,1,-1,-1,-1
189,77634,1417,368,47,84,1,-1,-1,-1
189,77690,1143,395,50,81,1,-1,-1,-1
189,77691,958,394,61,111,1,-1,-1,-1
189,77692,621,268,36,62,1,-1,-1,-1
189,77695,210,423,50,103,1,-1,-1,-1
189,77642,538,385,46,100,1,-1,-1,-1
189,77702,258,461,41,110,1,-1,-1,-1
189,77704,88,472,43,108,1,-1,-1,-1
189,77667,983,336,38,79,1,-1,-1,-1
189,77710,1889,491,26,102,1,-1,-1,-1
190,77604,1141,495,51,121,1,-1,-1,-1
190,77606,1271,499,45,122,1,-1,-1,-1
190,77614,1020,477,47,121,1,-1,-1,-1
190,77615,946,666,62,156,1,-1,-1,-1
190,77629,1551,412,42,102,1,-1,-1,-1
190,77648,1171,365,40,94,1,-1,-1,-1
190,77631,850,415,42,75,1,-1,-1,-1
190,77666,1609,352,45,92,1,-1,-1,-1
190,77677,568,343,38,82,1,-1,-1,-1
190,77634,1411,367,46,84,1,-1,-1,-1
190,77690,1127,394,51,81,1,-1,-1,-1
190,77691,943,388,60,112,1,-1,-1,-1
190,77692,599,266,35,62,1,-1,-1,-1
190,77695,201,423,50,102,1,-1,-1,-1
190,77642,524,385,46,100,1,-1,-1,-1
190,77702,246,459,41,110,1,-1,-1,-1
190,77704,76,470,42,109,1,-1,-1,-1
190,77667,964,336,38,79,1,-1,-1,-1
190,77710,1878,477,29,112,1,-1,-1,-1
190,77711,1892,646,22,98,1,-1,-1,-1
191,77604,1128,494,51,121,1,-1,-1,-1
191,77606,1262,498,46,122,1,-1,-1,-1
191,77614,1011,476,47,121,1,-1,-1,-1
191,77615,939,665,63,156,1,-1,-1,-1
191,77629,1542,411,43,103,1,-1,-1,-1
191,77648,1165,364,39,94,1,-1,-1,-1
191,77631,840,413,43,76,1,-1,-1,-1
191,77666,1601,351,45,92,1,-1,-1,-1
191,77677,559,343,38,82,1,-1,-1,-1
191,77634,1402,365,46,84,1,-1,-1,-1
191,77690,1121,393,52,82,1,-1,-1,-1
191,77691,937,387,59,112,1,-1,-1,-1
191,77692,591,266,34,61,1,-1,-1,-1
191,77695,191,423,51,100,1,-1,-1,-1
191,77642,509,385,46,99,1,-1,-1,-1
191,77702,233,458,41,109,1,-1,-1,-1
191,77704,62,469,43,109,1,-1,-1,-1
191,77667,957,335,38,79,1,-1,-1,-1
191,77710,1861,473,32,116,1,-1,-1,-1
191,77711,1882,631,26,111,1,-1,-1,-1
192,77604,1113,493,52,121,1,-1,-1,-1
192,77606,1252,498,46,121,1,-1,-1,-1
192,77614,1001,475,47,121,1,-1,-1,-1
192,77615,928,665,64,156,1,-1,-1,-1
192,77629,1531,410,43,103,1,-1,-1,-1
192,77648,1158,365,38,93,1,-1,-1,-1
192,77631,826,412,44,77,1,-1,-1,-1
192,77666,1590,352,45,91,1,-1,-1,-1
192,77677,547,342,38,82,1,-1,-1,-1
192,77634,1396,365,45,84,1,-1,-1,-1
192,77690,1115,391,53,83,1,-1,-1,-1
192,77691,929,386,58,112,1,-1,-1,-1
192,77692,581,265,33,61,1,-1,-1,-1
192,77695,182,422,51,99,1,-1,-1,-1
192,77642,495,385,45,98,1,-1,-1,-1
192,77702,222,458,41,108,1,-1,-1,-1
192,77704,49,468,43,110,1,-1,-1,-1
192,77667,946,334,39,79,1,-1,-1,-1
192,77710,1846,472,33,117,1,-1,-1,-1
192,77711,1867,609,30,130,1,-1,-1,-1
193,77604,1099,493,52,120,1,-1,-1,-1
193,77606,1241,497,46,121,1,-1,-1,-1
193,77614,989,474,48,121,1,-1,-1,-1
193,77615,917,665,64,156,1,-1,-1,-1
193,77629,1520,410,43,103,1,-1,-1,-1
193,77648,1151,366,36,92,1,-1,-1,-1
193,77631,811,411,45,78,1,-1,-1,-1
193,77666,1579,354,44,88,1,-1,-1,-1
193,77677,535,342,38,82,1,-1,-1,-1
193,77634,1389,364,46,85,1,-1,-1,-1
193,77690,1110,390,54,84,1,-1,-1,-1
193,77691,920,387,57,111,1,-1,-1,-1
193,77692,570,266,32,61,1,-1,-1,-1
193,77695,173,422,50,97,1,-1,-1,-1
193,77642,481,385,44,98,1,-1,-1,-1
193,77702,210,458,42,108,1,-1,-1,-1
193,77704,37,468,42,111,1,-1,-1,-1
193,77667,935,333,38,79,1,-1,-1,-1
193,77710,1831,471,34,117,1,-1,-1,-1
193,77711,1855,601,33,136,1,-1,-1,-1
194,77604,1084,492,52,121,1,-1,-1,-1
194,77606,1229,496,46,120,1,-1,-1,-1
194,77614,978,473,47,121,1,-1,-1,-1
194,77615,905,665,64,157,1,-1,-1,-1
194,77629,1508,410,43,103,1,-1,-1,-1
194,77648,1143,367,36,92,1,-1,-1,-1
194,77631,796,409,46,80,1,-1,-1,-1
194,77666,1567,357,43,84,1,-1,-1,-1
194,77677,523,342,37,82,1,-1,-1,-1
194,77634,1382,363,46,86,1,-1,-1,-1
194,77690,1105,389,55,86,1,-1,-1,-1
194,77691,911,387,56,110,1,-1,-1,-1
194,77692,559,266,32,61,1,-1,-1,-1
194,77695,164,422,50,96,1,-1,-1,-1
194,77642,466,385,44,97,1,-1,-1,-1
194,77702,199,459,43,106,1,-1,-1,-1
194,77704,23,468,44,113,1,-1,-1,-1
194,77667,923,332,39,79,1,-1,-1,-1
194,77710,1817,471,34,117,1,-1,-1,-1
194,77711,1841,598,36,140,1,-1,-1,-1
195,77604,1069,492,52,121,1,-1,-1,-1
195,77606,1210,496,46,117,1,-1,-1,-1
195,77614,959,470,48,121,1,-1,-1,-1
195,77615,885,665,65,157,1,-1,-1,-1
195,77629,1487,410,44,103,1,-1,-1,-1
195,77648,1130,368,35,90,1,-1,-1,-1
195,77631,780,408,48,81,1,-1,-1,-1
195,77666,1548,361,42,79,1,-1,-1,-1
195,77677,506,342,38,82,1,-1,-1,-1
195,77634,1369,362,48,86,1,-1,-1,-1
195,77690,1096,387,57,88,1,-1,-1,-1
195,77691,897,388,55,109,1,-1,-1,-1
195,77692,543,267,32,61,1,-1,-1,-1
195,77695,149,421,49,94,1,-1,-1,-1
195,77642,443,385,43,97,1,-1,-1,-1
195,77702,180,460,45,104,1,-1,-1,-1
195,77704,3,468,43,116,1,-1,-1,-1
195,77667,908,330,39,79,1,-1,-1,-1
195,77710,1802,471,36,116,1,-1,-1,-1
195,77711,1820,595,37,143,1,-1,-1,-1
196,77604,1053,492,53,121,1,-1,-1,-1
196,77606,1202,495,46,116,1,-1,-1,-1
196,77614,952,469,48,121,1,-1,-1,-1
196,77615,878,665,64,157,1,-1,-1,-1
196,77629,1473,411,43,103,1,-1,-1,-1
196,77648,1126,368,34,90,1,-1,-1,-1
196,77631,763,407,49,82,1,-1,-1,-1
196,77666,1541,362,41,77,1,-1,-1,-1
196,77677,496,342,38,82,1,-1,-1,-1
196,77634,1364,361,50,87,1,-1,-1,-1
196,77690,1093,386,57,89,1,-1,-1,-1
196,77691,891,389,55,108,1,-1,-1,-1
196,77692,534,267,31,61,1,-1,-1,-1
196,77695,144,421,49,93,1,-1,-1,-1
196,77642,434,385,43,96,1,-1,-1,-1
196,77702,173,461,46,103,1,-1,-1,-1
196,77704,-6,467,42,116,1,-1,-1,-1
196,77667,900,329,38,79,1,-1,-1,-1
196,77710,1787,471,37,116,1,-1,-1,-1
196,77711,1812,594,38,145,1,-1,-1,-1
197,77604,1042,492,53,121,1,-1,-1,-1
197,77606,1193,494,46,117,1,-1,-1,-1
197,77614,942,469,48,121,1,-1,-1,-1
197,77615,868,665,65,157,1,-1,-1,-1
197,77629,1463,411,44,102,1,-1,-1,-1
197,77648,1119,367,34,90,1,-1,-1,-1
197,77631,750,406,49,83,1,-1,-1,-1
197,77666,1531,363,42,77,1,-1,-1,-1
197,77677,485,343,37,82,1,-1,-1,-1
197,77634,1359,361,51,87,1,-1,-1,-1
197,77690,1089,385,57,90,1,-1,-1,-1
197,77691,885,389,53,108,1,-1,-1,-1
197,77692,524,267,31,61,1,-1,-1,-1
197,77695,136,421,51,93,1,-1,-1,-1
197,77642,423,384,42,96,1,-1,-1,-1
197,77702,164,460,47,103,1,-1,-1,-1
197,77704,-11,468,41,116,1,-1,-1,-1
197,77667,891,329,39,79,1,-1,-1,-1
197,77710,1775,471,37,115,1,-1,-1,-1
197,77711,1799,594,39,144,1,-1,-1,-1
198,77604,1034,492,52,121,1,-1,-1,-1
198,77606,1183,494,47,116,1,-1,-1,-1
198,77614,931,469,48,121,1,-1,-1,-1
198,77615,858,665,65,157,1,-1,-1,-1
198,77629,1455,410,43,103,1,-1,-1,-1
198,77648,1113,365,33,89,1,-1,-1,-1
198,77631,737,405,50,84,1,-1,-1,-1
198,77666,1520,364,43,77,1,-1,-1,-1
198,77677,474,344,37,82,1,-1,-1,-1
198,77634,1354,362,52,87,1,-1,-1,-1
198,77690,1084,384,56,91,1,-1,-1,-1
198,77691,876,389,54,108,1,-1,-1,-1
198,77692,514,267,31,60,1,-1,-1,-1
198,77695,128,422,51,93,1,-1,-1,-1
198,77642,411,383,42,96,1,-1,-1,-1
198,77702,155,460,49,102,1,-1,-1,-1
198,77667,882,329,39,79,1,-1,-1,-1
198,77710,1764,472,37,113,1,-1,-1,-1
198,77711,1785,593,40,145,1,-1,-1,-1
198,77712,1904,442,13,50,1,-1,-1,-1
199,77604,1026,492,51,121,1,-1,-1,-1
199,77606,1173,493,46,116,1,-1,-1,-1
199,77614,921,469,46,121,1,-1,-1,-1
199,77615,848,665,65,157,1,-1,-1,-1
199,77629,1447,410,43,103,1,-1,-1,-1
199,77648,1106,362,32,90,1,-1,-1,-1
199,77631,724,404,50,85,1,-1,-1,-1
199,77666,1509,365,43,76,1,-1,-1,-1
199,77677,463,344,37,82,1,-1,-1,-1
199,77634,1349,362,51,87,1,-1,-1,-1
199,77690,1079,384,55,90,1,-1,-1,-1
199,77691,869,390,53,106,1,-1,-1,-1
199,77692,504,266,31,61,1,-1,-1,-1
199,77695,119,423,53,93,1,-1,-1,-1
199,77642,397,381,42,96,1,-1,-1,-1
199,77702,145,459,51,102,1,-1,-1,-1
199,77667,874,329,38,79,1,-1,-1,-1
199,77710,1753,473,37,111,1,-1,-1,-1
199,77711,1770,593,41,144,1,-1,-1,-1
199,77712,1897,429,17,63,1,-1,-1,-1
200,77604,1014,491,52,121,1,-1,-1,-1
200,77606,1158,492,46,116,1,-1,-1,-1
200,77614,903,469,46,122,1,-1,-1,-1
200,77615,838,665,65,157,1,-1,-1,-1
200,77629,1435,410,43,103,1,-1,-1,-1
200,77648,1098,360,32,89,1,-1,-1,-1
200,77631,711,403,51,86,1,-1,-1,-1
200,77666,1495,365,45,77,1,-1,-1,-1
200,77677,448,345,37,82,1,-1,-1,-1
200,77634,1344,362,51,86,1,-1,-1,-1
200,77690,1074,383,54,90,1,-1,-1,-1
200,77691,860,390,53,106,1,-1,-1,-1
200,77692,491,266,30,60,1,-1,-1,-1
200,77695,109,423,54,93,1,-1,-1,-1
200,77642,381,380,41,96,1,-1,-1,-1
200,77702,130,458,51,102,1,-1,-1,-1
200,77667,862,329,39,79,1,-1,-1,-1
200,77710,1742,474,38,109,1,-1,-1,-1
200,77711,1746,592,42,144,1,-1,-1,-1
200,77712,1889,413,22,80,1,-1,-1,-1
201,77604,1009,491,50,121,1,-1,-1,-1
201,77606,1152,491,45,117,1,-1,-1,-1
201,77614,896,469,45,122,1,-1,-1,-1
201,77615,828,665,64,157,1,-1,-1,-1
201,77629,1429,409,44,103,1,-1,-1,-1
201,77648,1091,357,31,89,1,-1,-1,-1
201,77631,698,402,50,87,1,-1,-1,-1
201,77666,1488,366,45,76,1,-1,-1,-1
201,77677,440,345,37,82,1,-1,-1,-1
201,77634,1340,362,50,86,1,-1,-1,-1
201,77690,1068,382,53,91,1,-1,-1,-1
201,77691,853,390,52,105,1,-1,-1,-1
201,77692,483,265,31,61,1,-1,-1,-1
201,77695,103,424,56,92,1,-1,-1,-1
201,77642,371,379,42,96,1,-1,-1,-1
201,77702,125,457,51,103,1,-1,-1,-1
201,77667,856,330,39,79,1,-1,-1,-1
201,77710,1729,476,38,105,1,-1,-1,-1
201,77711,1736,592,43,143,1,-1,-1,-1
201,77712,1880,395,27,97,1,-1,-1,-1
201,77714,0,570,6,15,1,-1,-1,-1
202,77604,1002,491,50,121,1,-1,-1,-1
202,77606,1144,491,44,117,1,-1,-1,-1
202,77614,887,468,45,122,1,-1,-1,-1
202,77615,819,665,65,157,1,-1,-1,-1
202,77629,1422,410,43,102,1,-1,-1,-1
202,77648,1086,356,31,91,1,-1,-1,-1
202,77631,689,402,50,87,1,-1,-1,-1
202,77666,1483,364,46,77,1,-1,-1,-1
202,77677,432,346,37,82,1,-1,-1,-1
202,77634,1334,359,51,88,1,-1,-1,-1
202,77690,1064,382,51,90,1,-1,-1,-1
202,77691,844,390,53,105,1,-1,-1,-1
202,77692,477,265,30,61,1,-1,-1,-1
202,77695,98,424,58,92,1,-1,-1,-1
202,77642,363,379,41,96,1,-1,-1,-1
202,77702,118,457,53,104,1,-1,-1,-1
202,77667,849,331,39,79,1,-1,-1,-1
202,77710,1720,475,39,105,1,-1,-1,-1
202,77711,1727,592,43,143,1,-1,-1,-1
202,77712,1876,387,30,104,1,-1,-1,-1
202,77715,1904,505,15,74,1,-1,-1,-1
203,77604,995,491,50,121,1,-1,-1,-1
203,77606,1135,491,44,117,1,-1,-1,-1
203,77614,879,468,44,122,1,-1,-1,-1
203,77615,811,665,65,157,1,-1,-1,-1
203,77629,1414,410,44,102,1,-1,-1,-1
203,77648,1082,357,30,91,1,-1,-1,-1
203,77631,680,403,50,88,1,-1,-1,-1
203,77666,1478,363,46,77,1,-1,-1,-1
203,77677,424,346,37,82,1,-1,-1,-1
203,77634,1329,354,52,91,1,-1,-1,-1
203,77690,1059,381,49,89,1,-1,-1,-1
203,77691,837,390,52,105,1,-1,-1,-1
203,77692,469,265,30,61,1,-1,-1,-1
203,77695,94,424,59,92,1,-1,-1,-1
203,77642,355,379,40,96,1,-1,-1,-1
203,77702,113,456,53,106,1,-1,-1,-1
203,77667,841,331,40,79,1,-1,-1,-1
203,77710,1712,474,40,104,1,-1,-1,-1
203,77711,1717,592,44,142,1,-1,-1,-1
203,77712,1874,383,33,107,1,-1,-1,-1
203,77715,1900,495,16,82,1,-1,-1,-1
204,77604,988,491,49,121,1,-1,-1,-1
204,77606,1126,491,44,117,1,-1,-1,-1
204,77614,870,468,43,121,1,-1,-1,-1
204,77615,803,666,66,157,1,-1,-1,-1
204,77629,1405,411,44,101,1,-1,-1,-1
204,77648,1078,358,31,92,1,-1,-1,-1
204,77631,673,405,49,86,1,-1,-1,-1
204,77666,1470,362,46,76,1,-1,-1,-1
204,77677,416,346,37,82,1,-1,-1,-1
204,77634,1324,348,53,95,1,-1,-1,-1
204,77690,1054,380,47,88,1,-1,-1,-1
204,77691,830,389,51,105,1,-1,-1,-1
204,77692,462,266,30,61,1,-1,-1,-1
204,77695,90,423,61,93,1,-1,-1,-1
204,77642,346,380,41,96,1,-1,-1,-1
204,77702,106,456,54,107,1,-1,-1,-1
204,77667,833,332,42,79,1,-1,-1,-1
204,77710,1703,472,42,104,1,-1,-1,-1
204,77711,1708,593,45,140,1,-1,-1,-1
204,77712,1873,381,33,107,1,-1,-1,-1
204,77715,1894,483,19,92,1,-1,-1,-1
205,77604,977,491,48,121,1,-1,-1,-1
205,77606,1117,491,43,116,1,-1,-1,-1
205,77614,861,467,43,121,1,-1,-1,-1
205,77615,795,666,67,157,1,-1,-1,-1
205,77629,1391,412,45,100,1,-1,-1,-1
205,77648,1074,358,31,94,1,-1,-1,-1
205,77631,659,406,50,85,1,-1,-1,-1
205,77666,1467,361,46,77,1,-1,-1,-1
205,77677,403,346,37,82,1,-1,-1,-1
205,77634,1318,342,54,99,1,-1,-1,-1
205,77690,1049,379,46,87,1,-1,-1,-1
205,77691,822,389,51,105,1,-1,-1,-1
205,77692,451,266,29,61,1,-1,-1,-1
205,77695,87,423,61,92,1,-1,-1,-1
205,77642,338,380,40,96,1,-1,-1,-1
205,77702,101,456,54,108,1,-1,-1,-1
205,77667,821,333,43,79,1,-1,-1,-1
205,77710,1695,470,43,104,1,-1,-1,-1
205,77711,1698,593,46,139,1,-1,-1,-1
205,77712,1872,378,35,107,1,-1,-1,-1
205,77715,1886,463,23,109,1,-1,-1,-1
206,77604,972,491,48,121,1,-1,-1,-1
206,77606,1108,490,42,117,1,-1,-1,-1
206,77614,850,466,43,121,1,-1,-1,-1
206,77615,787,667,67,157,1,-1,-1,-1
206,77629,1386,412,46,100,1,-1,-1,-1
206,77648,1069,359,32,95,1,-1,-1,-1
206,77631,654,407,51,85,1,-1,-1,-1
206,77666,1464,360,47,78,1,-1,-1,-1
206,77677,398,346,37,82,1,-1,-1,-1
206,77634,1313,335,54,103,1,-1,-1,-1
206,77690,1044,378,45,86,1,-1,-1,-1
206,77691,815,388,50,106,1,-1,-1,-1
206,77692,446,266,29,61,1,-1,-1,-1
206,77695,83,423,62,92,1,-1,-1,-1
206,77642,329,380,41,96,1,-1,-1,-1
206,77702,94,455,56,111,1,-1,-1,-1
206,77667,816,333,45,79,1,-1,-1,-1
206,77710,1687,468,43,104,1,-1,-1,-1
206,77711,1688,593,46,138,1,-1,-1,-1
206,77712,1871,377,37,107,1,-1,-1,-1
206,77715,1881,456,26,114,1,-1,-1,-1
207,77604,966,492,48,121,1,-1,-1,-1
207,77606,1101,490,42,117,1,-1,-1,-1
207,77614,843,465,42,121,1,-1,-1,-1
207,77615,780,667,67,157,1,-1,-1,-1
207,77629,1380,411,47,100,1,-1,-1,-1
207,77648,1063,360,32,94,1,-1,-1,-1
207,77631,650,406,51,86,1,-1,-1,-1
207,77666,1461,359,48,79,1,-1,-1,-1
207,77677,392,345,37,83,1,-1,-1,-1
207,77634,1309,332,53,104,1,-1,-1,-1
207,77690,1040,377,44,86,1,-1,-1,-1
207,77691,808,387,49,106,1,-1,-1,-1
207,77692,440,266,30,62,1,-1,-1,-1
207,77695,79,422,63,93,1,-1,-1,-1
207,77642,321,380,40,96,1,-1,-1,-1
207,77702,88,455,55,111,1,-1,-1,-1
207,77667,810,333,47,79,1,-1,-1,-1
207,77710,1681,467,45,103,1,-1,-1,-1
207,77711,1679,593,47,137,1,-1,-1,-1
207,77712,1868,377,38,106,1,-1,-1,-1
207,77715,1875,454,27,115,1,-1,-1,-1
208,77604,958,492,49,121,1,-1,-1,-1
208,77606,1094,490,41,117,1,-1,-1,-1
208,77614,836,464,42,121,1,-1,-1,-1
208,77615,772,667,68,157,1,-1,-1,-1
208,77629,1375,410,47,99,1,-1,-1,-1
208,77648,1056,360,33,94,1,-1,-1,-1
208,77631,645,404,52,89,1,-1,-1,-1
208,77666,1458,358,48,80,1,-1,-1,-1
208,77677,385,345,37,83,1,-1,-1,-1
208,77634,1306,330,52,103,1,-1,-1,-1
208,77690,1036,376,44,86,1,-1,-1,-1
208,77691,800,386,49,106,1,-1,-1,-1
208,77692,434,266,30,62,1,-1,-1,-1
208,77695,75,422,64,92,1,-1,-1,-1
208,77642,312,381,40,96,1,-1,-1,-1
208,77702,81,455,55,111,1,-1,-1,-1
208,77667,804,333,48,79,1,-1,-1,-1
208,77710,1676,466,46,102,1,-1,-1,-1
208,77711,1670,591,48,137,1,-1,-1,-1
208,77712,1865,377,39,105,1,-1,-1,-1
208,77715,1867,455,28,114,1,-1,-1,-1
209,77604,950,492,49,121,1,-1,-1,-1
209,77606,1088,489,41,117,1,-1,-1,-1
209,77614,829,464,43,121,1,-1,-1,-1
209,77615,765,668,68,155,1,-1,-1,-1
209,77629,1370,409,47,99,1,-1,-1,-1
209,77648,1048,361,34,93,1,-1,-1,-1
209,77631,640,401,53,91,1,-1,-1,-1
209,77666,1455,356,49,82,1,-1,-1,-1
209,77677,378,344,37,83,1,-1,-1,-1
209,77634,1304,329,50,100,1,-1,-1,-1
209,77690,1032,375,44,87,1,-1,-1,-1
209,77691,794,385,46,107,1,-1,-1,-1
209,77692,428,266,29,62,1,-1,-1,-1
209,77695,71,421,65,93,1,-1,-1,-1
209,77642,304,381,40,96,1,-1,-1,-1
209,77702,75,455,54,111,1,-1,-1,-1
209,77667,798,332,48,80,1,-1,-1,-1
209,77710,1671,464,46,103,1,-1,-1,-1
209,77711,1661,590,50,137,1,-1,-1,-1
209,77712,1862,377,39,104,1,-1,-1,-1
209,77715,1858,455,30,112,1,-1,-1,-1
210,77604,942,493,49,121,1,-1,-1,-1
210,77606,1082,488,40,117,1,-1,-1,-1
210,77614,823,463,42,121,1,-1,-1,-1
210,77615,758,668,67,155,1,-1,-1,-1
210,77629,1365,407,47,98,1,-1,-1,-1
210,77648,1036,362,35,90,1,-1,-1,-1
210,77631,636,398,53,94,1,-1,-1,-1
210,77666,1450,354,49,83,1,-1,-1,-1
210,77677,370,343,38,83,1,-1,-1,-1
210,77634,1298,328,49,97,1,-1,-1,-1
210,77690,1026,374,44,88,1,-1,-1,-1
210,77691,783,385,45,107,1,-1,-1,-1
210,77692,422,266,29,62,1,-1,-1,-1
210,77695,65,421,65,93,1,-1,-1,-1
210,77642,290,382,40,96,1,-1,-1,-1
210,77702,64,455,55,110,1,-1,-1,-1
210,77667,792,331,49,80,1,-1,-1,-1
210,77710,1667,463,46,102,1,-1,-1,-1
210,77711,1651,589,52,137,1,-1,-1,-1
210,77712,1856,377,40,104,1,-1,-1,-1
210,77715,1844,457,31,109,1,-1,-1,-1
211,77604,933,493,50,121,1,-1,-1,-1
211,77606,1075,488,40,117,1,-1,-1,-1
211,77614,816,462,43,121,1,-1,-1,-1
211,77615,750,668,66,154,1,-1,-1,-1
211,77629,1360,406,46,98,1,-1,-1,-1
211,77648,1032,362,36,89,1,-1,-1,-1
211,77631,632,396,53,96,1,-1,-1,-1
211,77666,1449,354,48,83,1,-1,-1,-1
211,77677,363,343,38,83,1,-1,-1,-1
211,77634,1297,328,48,95,1,-1,-1,-1
211,77690,1023,374,44,88,1,-1,-1,-1
211,77691,778,384,43,107,1,-1,-1,-1
211,77692,415,265,30,63,1,-1,-1,-1
211,77695,63,421,66,92,1,-1,-1,-1
211,77642,284,382,40,96,1,-1,-1,-1
211,77702,60,454,55,111,1,-1,-1,-1
211,77667,787,330,48,80,1,-1,-1,-1
211,77710,1663,461,47,102,1,-1,-1,-1
211,77711,1641,588,55,138,1,-1,-1,-1
211,77712,1853,377,40,103,1,-1,-1,-1
211,77715,1838,458,33,107,1,-1,-1,-1
212,77604,927,493,51,121,1,-1,-1,-1
212,77606,1070,487,40,117,1,-1,-1,-1
212,77614,811,462,42,121,1,-1,-1,-1
212,77615,744,669,67,153,1,-1,-1,-1
212,77629,1355,405,46,98,1,-1,-1,-1
212,77648,1028,361,38,88,1,-1,-1,-1
212,77631,629,395,52,98,1,-1,-1,-1
212,77666,1446,353,49,84,1,-1,-1,-1
212,77677,355,342,39,83,1,-1,-1,-1
212,77634,1292,328,50,97,1,-1,-1,-1
212,77690,1020,374,44,86,1,-1,-1,-1
212,77691,772,383,42,107,1,-1,-1,-1
212,77692,409,265,30,63,1,-1,-1,-1
212,77695,58,420,69,96,1,-1,-1,-1
212,77642,278,381,40,96,1,-1,-1,-1
212,77702,56,454,54,110,1,-1,-1,-1
212,77667,781,329,49,80,1,-1,-1,-1
212,77710,1659,460,46,102,1,-1,-1,-1
212,77711,1633,588,57,137,1,-1,-1,-1
212,77712,1851,377,41,103,1,-1,-1,-1
212,77715,1832,459,34,106,1,-1,-1,-1
213,77604,922,493,51,121,1,-1,-1,-1
213,77606,1065,486,39,117,1,-1,-1,-1
213,77614,805,461,43,121,1,-1,-1,-1
213,77615,739,669,67,153,1,-1,-1,-1
213,77629,1351,404,46,99,1,-1,-1,-1
213,77648,1026,360,38,86,1,-1,-1,-1
213,77631,628,393,50,99,1,-1,-1,-1
213,77666,1443,353,49,84,1,-1,-1,-1
213,77677,347,341,40,84,1,-1,-1,-1
213,77634,1287,328,51,99,1,-1,-1,-1
213,77690,1017,373,43,86,1,-1,-1,-1
213,77691,766,382,41,107,1,-1,-1,-1
213,77692,403,265,30,63,1,-1,-1,-1
213,77695,53,419,71,100,1,-1,-1,-1
213,77642,270,379,41,96,1,-1,-1,-1
213,77702,52,454,54,110,1,-1,-1,-1
213,77667,776,329,49,80,1,-1,-1,-1
213,77710,1654,458,47,102,1,-1,-1,-1
213,77711,1625,587,58,137,1,-1,-1,-1
213,77712,1848,377,42,102,1,-1,-1,-1
213,77715,1825,460,36,104,1,-1,-1,-1
214,77604,917,492,52,121,1,-1,-1,-1
214,77606,1060,486,40,117,1,-1,-1,-1
214,77614,801,461,42,121,1,-1,-1,-1
214,77615,734,669,67,153,1,-1,-1,-1
214,77629,1346,403,46,100,1,-1,-1,-1
214,77648,1023,359,38,85,1,-1,-1,-1
214,77631,626,393,50,99,1,-1,-1,-1
214,77666,1440,352,49,85,1,-1,-1,-1
214,77677,339,340,41,84,1,-1,-1,-1
214,77634,1280,328,53,102,1,-1,-1,-1
214,77690,1013,373,43,84,1,-1,-1,-1
214,77691,759,381,41,107,1,-1,-1,-1
214,77692,396,265,30,63,1,-1,-1,-1
214,77695,49,418,73,105,1,-1,-1,-1
214,77642,262,376,42,97,1,-1,-1,-1
214,77702,49,453,53,110,1,-1,-1,-1
214,77667,770,328,49,80,1,-1,-1,-1
214,77710,1649,456,48,102,1,-1,-1,-1
214,77711,1617,587,60,136,1,-1,-1,-1
214,77712,1845,378,43,100,1,-1,-1,-1
214,77715,1818,461,38,102,1,-1,-1,-1
215,77604,912,491,52,121,1,-1,-1,-1
215,77606,1055,485,40,117,1,-1,-1,-1
215,77614,795,460,42,121,1,-1,-1,-1
215,77615,727,668,66,154,1,-1,-1,-1
215,77629,1342,402,45,100,1,-1,-1,-1
215,77648,1021,357,37,82,1,-1,-1,-1
215,77631,625,393,47,99,1,-1,-1,-1
215,77666,1436,352,49,85,1,-1,-1,-1
215,77677,328,339,42,84,1,-1,-1,-1
215,77634,1274,328,55,106,1,-1,-1,-1
215,77690,1007,372,43,82,1,-1,-1,-1
215,77691,748,380,41,107,1,-1,-1,-1
215,77692,387,264,30,64,1,-1,-1,-1
215,77695,43,416,76,110,1,-1,-1,-1
215,77642,254,374,43,97,1,-1,-1,-1
215,77702,46,452,52,111,1,-1,-1,-1
215,77667,762,327,48,81,1,-1,-1,-1
215,77710,1642,453,47,101,1,-1,-1,-1
215,77711,1607,587,61,136,1,-1,-1,-1
215,77712,1842,378,44,99,1,-1,-1,-1
215,77715,1808,463,38,99,1,-1,-1,-1
216,77604,907,490,52,120,1,-1,-1,-1
216,77606,1050,484,41,117,1,-1,-1,-1
216,77614,790,460,42,121,1,-1,-1,-1
216,77615,724,668,66,154,1,-1,-1,-1
216,77629,1337,401,45,102,1,-1,-1,-1
216,77648,1020,357,37,81,1,-1,-1,-1
216,77631,623,393,46,99,1,-1,-1,-1
216,77666,1432,352,49,85,1,-1,-1,-1
216,77677,323,339,42,84,1,-1,-1,-1
216,77634,1266,328,58,109,1,-1,-1,-1
216,77690,1005,371,42,81,1,-1,-1,-1
216,77691,744,379,41,107,1,-1,-1,-1
216,77692,382,264,30,64,1,-1,-1,-1
216,77695,37,415,78,115,1,-1,-1,-1
216,77642,245,372,44,98,1,-1,-1,-1
216,77702,42,452,51,110,1,-1,-1,-1
216,77667,759,326,48,81,1,-1,-1,-1
216,77710,1640,452,47,101,1,-1,-1,-1
216,77711,1602,586,62,136,1,-1,-1,-1
216,77712,1839,378,46,98,1,-1,-1,-1
216,77715,1804,464,40,98,1,-1,-1,-1
217,77604,904,490,51,120,1,-1,-1,-1
217,77606,1045,484,41,117,1,-1,-1,-1
217,77614,785,459,42,121,1,-1,-1,-1
217,77615,722,668,65,154,1,-1,-1,-1
217,77629,1333,401,45,103,1,-1,-1,-1
217,77648,1018,356,38,82,1,-1,-1,-1
217,77631,621,394,44,97,1,-1,-1,-1
217,77666,1430,350,50,86,1,-1,-1,-1
217,77677,318,339,42,83,1,-1,-1,-1
217,77634,1263,331,57,108,1,-1,-1,-1
217,77690,1003,371,44,82,1,-1,-1,-1
217,77691,739,379,40,107,1,-1,-1,-1
217,77692,378,264,30,64,1,-1,-1,-1
217,77695,36,415,76,116,1,-1,-1,-1
217,77642,237,371,46,98,1,-1,-1,-1
217,77702,38,451,50,110,1,-1,-1,-1
217,77667,756,326,47,81,1,-1,-1,-1
217,77710,1635,451,47,100,1,-1,-1,-1
217,77711,1597,586,63,136,1,-1,-1,-1
217,77712,1835,378,48,97,1,-1,-1,-1
217,77715,1800,464,41,97,1,-1,-1,-1
218,77604,900,489,51,121,1,-1,-1,-1
218,77606,1039,484,42,117,1,-1,-1,-1
218,77614,780,459,41,119,1,-1,-1,-1
218,77615,718,668,66,154,1,-1,-1,-1
218,77629,1330,401,44,103,1,-1,-1,-1
218,77648,1016,356,39,84,1,-1,-1,-1
218,77631,618,396,44,95,1,-1,-1,-1
218,77666,1430,348,50,88,1,-1,-1,-1
218,77677,312,339,42,83,1,-1,-1,-1
218,77634,1260,336,57,105,1,-1,-1,-1
218,77690,1001,371,44,81,1,-1,-1,-1
218,77691,733,379,41,107,1,-1,-1,-1
218,77692,373,264,31,63,1,-1,-1,-1
218,77695,36,416,75,116,1,-1,-1,-1
218,77642,230,371,46,98,1,-1,-1,-1
218,77702,33,452,51,110,1,-1,-1,-1
218,77667,753,326,47,81,1,-1,-1,-1
218,77710,1631,449,47,100,1,-1,-1,-1
218,77711,1593,585,63,136,1,-1,-1,-1
218,77712,1831,378,50,97,1,-1,-1,-1
218,77715,1795,462,43,97,1,-1,-1,-1
219,77604,896,489,51,121,1,-1,-1,-1
219,77606,1034,484,42,117,1,-1,-1,-1
219,77614,774,458,41,117,1,-1,-1,-1
219,77615,715,669,65,153,1,-1,-1,-1
219,77629,1326,401,45,103,1,-1,-1,-1
219,77648,1014,356,40,86,1,-1,-1,-1
219,77631,615,397,44,94,1,-1,-1,-1
219,77666,1429,346,50,90,1,-1,-1,-1
219,77677,306,340,43,83,1,-1,-1,-1
219,77634,1259,342,54,100,1,-1,-1,-1
219,77690,999,370,45,83,1,-1,-1,-1
219,77691,726,379,42,107,1,-1,-1,-1
219,77692,368,264,31,63,1,-1,-1,-1
219,77695,37,418,71,114,1,-1,-1,-1
219,77642,222,372,47,98,1,-1,-1,-1
219,77702,28,452,51,110,1,-1,-1,-1
219,77667,750,326,46,81,1,-1,-1,-1
219,77710,1626,447,47,99,1,-1,-1,-1
219,77711,1589,585,63,135,1,-1,-1,-1
219,77712,1828,379,51,96,1,-1,-1,-1
219,77715,1791,461,45,97,1,-1,-1,-1
220,77604,891,489,50,121,1,-1,-1,-1
220,77606,1024,484,44,117,1,-1,-1,-1
220,77614,765,457,41,115,1,-1,-1,-1
220,77615,711,669,64,153,1,-1,-1,-1
220,77629,1320,401,45,104,1,-1,-1,-1
220,77648,1012,356,40,89,1,-1,-1,-1
220,77631,610,401,44,91,1,-1,-1,-1
220,77666,1428,343,50,93,1,-1,-1,-1
220,77677,298,341,42,82,1,-1,-1,-1
220,77634,1257,352,52,93,1,-1,-1,-1
220,77690,997,370,46,83,1,-1,-1,-1
220,77691,720,378,42,107,1,-1,-1,-1
220,77692,360,263,31,64,1,-1,-1,-1
220,77695,38,421,67,111,1,-1,-1,-1
220,77642,211,372,48,99,1,-1,-1,-1
220,77702,20,453,53,110,1,-1,-1,-1
220,77667,746,326,46,81,1,-1,-1,-1
220,77710,1621,444,48,99,1,-1,-1,-1
220,77711,1584,584,62,135,1,-1,-1,-1
220,77712,1823,379,52,96,1,-1,-1,-1
220,77715,1788,460,46,96,1,-1,-1,-1
221,77604,890,489,48,121,1,-1,-1,-1
221,77606,1021,484,44,117,1,-1,-1,-1
221,77614,762,456,40,115,1,-1,-1,-1
221,77615,709,669,63,153,1,-1,-1,-1
221,77629,1318,401,46,104,1,-1,-1,-1
221,77648,1009,356,42,91,1,-1,-1,-1
221,77631,608,402,45,90,1,-1,-1,-1
221,77666,1428,342,49,94,1,-1,-1,-1
221,77677,295,341,40,82,1,-1,-1,-1
221,77634,1256,356,51,90,1,-1,-1,-1
221,77690,995,369,48,84,1,-1,-1,-1
221,77691,713,378,43,107,1,-1,-1,-1
221,77692,357,263,31,63,1,-1,-1,-1
221,77695,38,422,65,111,1,-1,-1,-1
221,77642,205,372,49,99,1,-1,-1,-1
221,77702,16,453,55,110,1,-1,-1,-1
221,77667,744,327,46,81,1,-1,-1,-1
221,77710,1615,442,49,98,1,-1,-1,-1
221,77711,1581,583,62,135,1,-1,-1,-1
221,77712,1820,379,53,95,1,-1,-1,-1
221,77715,1783,459,48,96,1,-1,-1,-1
222,77604,885,489,48,121,1,-1,-1,-1
222,77606,1016,484,45,117,1,-1,-1,-1
222,77614,758,456,40,115,1,-1,-1,-1
222,77615,705,669,63,153,1,-1,-1,-1
222,77629,1315,401,46,104,1,-1,-1,-1
222,77648,1005,356,42,92,1,-1,-1,-1
222,77631,607,402,46,90,1,-1,-1,-1
222,77666,1427,342,48,95,1,-1,-1,-1
222,77677,291,341,40,82,1,-1,-1,-1
222,77634,1254,357,51,89,1,-1,-1,-1
222,77690,994,368,48,84,1,-1,-1,-1
222,77691,707,378,44,107,1,-1,-1,-1
222,77692,352,263,32,63,1,-1,-1,-1
222,77695,37,422,64,111,1,-1,-1,-1
222,77642,199,372,48,99,1,-1,-1,-1
222,77702,12,453,56,111,1,-1,-1,-1
222,77667,740,327,45,81,1,-1,-1,-1
222,77710,1612,440,50,99,1,-1,-1,-1
222,77711,1578,583,62,135,1,-1,-1,-1
222,77712,1815,379,54,95,1,-1,-1,-1
222,77715,1779,458,50,96,1,-1,-1,-1
223,77604,881,489,47,121,1,-1,-1,-1
223,77606,1012,484,45,117,1,-1,-1,-1
223,77614,753,456,41,115,1,-1,-1,-1
223,77615,700,669,63,153,1,-1,-1,-1
223,77629,1311,401,46,104,1,-1,-1,-1
223,77648,1000,356,43,92,1,-1,-1,-1
223,77631,606,403,47,90,1,-1,-1,-1
223,77666,1424,343,48,94,1,-1,-1,-1
223,77677,285,341,40,83,1,-1,-1,-1
223,77634,1253,358,51,88,1,-1,-1,-1
223,77690,992,368,49,84,1,-1,-1,-1
223,77691,701,378,44,107,1,-1,-1,-1
223,77692,347,263,32,64,1,-1,-1,-1
223,77695,35,423,63,110,1,-1,-1,-1
223,77642,193,372,48,99,1,-1,-1,-1
223,77702,6,453,57,112,1,-1,-1,-1
223,77667,735,327,45,81,1,-1,-1,-1
223,77710,1610,439,51,98,1,-1,-1,-1
223,77711,1573,583,63,135,1,-1,-1,-1
223,77712,1808,379,54,94,1,-1,-1,-1
223,77715,1774,455,53,98,1,-1,-1,-1
224,77604,876,489,47,121,1,-1,-1,-1
224,77606,1007,483,45,117,1,-1,-1,-1
224,77614,748,456,42,116,1,-1,-1,-1
224,77615,696,669,63,153,1,-1,-1,-1
224,77629,1308,401,46,104,1,-1,-1,-1
224,77648,995,356,43,92,1,-1,-1,-1
224,77631,605,403,48,90,1,-1,-1,-1
224,77666,1421,345,48,92,1,-1,-1,-1
224,77677,280,341,40,83,1,-1,-1,-1
224,77634,1251,358,51,88,1,-1,-1,-1
224,77690,992,367,47,84,1,-1,-1,-1
224,77691,695,377,43,107,1,-1,-1,-1
224,77692,340,262,34,65,1,-1,-1,-1
224,77695,34,423,62,111,1,-1,-1,-1
224,77642,187,371,48,99,1,-1,-1,-1
224,77702,1,453,57,112,1,-1,-1,-1
224,77667,730,327,44,81,1,-1,-1,-1
224,77710,1609,437,51,99,1,-1,-1,-1
224,77711,1568,583,63,136,1,-1,-1,-1
224,77712,1801,379,54,93,1,-1,-1,-1
224,77715,1769,452,55,100,1,-1,-1,-1
225,77604,872,489,46,121,1,-1,-1,-1
225,77606,1000,483,45,117,1,-1,-1,-1
225,77614,739,456,43,116,1,-1,-1,-1
225,77615,691,669,63,153,1,-1,-1,-1
225,77629,1302,401,45,104,1,-1,-1,-1
225,77648,989,356,44,92,1,-1,-1,-1
225,77631,604,403,49,90,1,-1,-1,-1
225,77666,1418,346,48,91,1,-1,-1,-1
225,77677,275,342,41,83,1,-1,-1,-1
225,77634,1249,358,52,87,1,-1,-1,-1
225,77690,991,367,47,83,1,-1,-1,-1
225,77691,689,377,43,107,1,-1,-1,-1
225,77692,335,261,33,67,1,-1,-1,-1
225,77695,32,423,62,111,1,-1,-1,-1
225,77642,181,370,47,99,1,-1,-1,-1
225,77702,-5,453,54,113,1,-1,-1,-1
225,77667,725,328,43,80,1,-1,-1,-1
225,77710,1608,435,52,100,1,-1,-1,-1
225,77711,1563,583,64,136,1,-1,-1,-1
225,77712,1794,379,54,92,1,-1,-1,-1
225,77715,1762,449,58,102,1,-1,-1,-1
226,77604,867,489,45,120,1,-1,-1,-1
226,77606,997,482,45,117,1,-1,-1,-1
226,77614,735,456,44,116,1,-1,-1,-1
226,77615,686,669,64,154,1,-1,-1,-1
226,77629,1300,401,45,104,1,-1,-1,-1
226,77648,983,356,45,92,1,-1,-1,-1
226,77631,603,403,50,91,1,-1,-1,-1
226,77666,1414,347,50,91,1,-1,-1,-1
226,77677,268,342,42,84,1,-1,-1,-1
226,77634,1247,359,52,87,1,-1,-1,-1
226,77690,991,366,45,83,1,-1,-1,-1
226,77691,683,377,42,107,1,-1,-1,-1
226,77692,328,261,33,67,1,-1,-1,-1
226,77695,29,423,63,111,1,-1,-1,-1
226,77642,175,370,46,99,1,-1,-1,-1
226,77702,-7,454,52,113,1,-1,-1,-1
226,77667,719,328,42,80,1,-1,-1,-1
226,77710,1607,434,52,100,1,-1,-1,-1
226,77711,1558,583,64,136,1,-1,-1,-1
226,77712,1786,379,53,90,1,-1,-1,-1
226,77715,1759,447,60,104,1,-1,-1,-1
227,77604,861,489,45,120,1,-1,-1,-1
227,77606,992,482,45,117,1,-1,-1,-1
227,77614,730,456,44,116,1,-1,-1,-1
227,77615,681,669,64,154,1,-1,-1,-1
227,77629,1296,401,44,103,1,-1,-1,-1
227,77648,979,356,46,92,1,-1,-1,-1
227,77631,601,403,49,91,1,-1,-1,-1
227,77666,1410,348,51,90,1,-1,-1,-1
227,77677,263,342,42,84,1,-1,-1,-1
227,77634,1246,358,52,87,1,-1,-1,-1
227,77690,990,366,44,83,1,-1,-1,-1
227,77691,677,377,42,107,1,-1,-1,-1
227,77692,322,261,34,68,1,-1,-1,-1
227,77695,26,423,63,112,1,-1,-1,-1
227,77642,169,370,46,99,1,-1,-1,-1
227,77702,-7,454,51,113,1,-1,-1,-1
227,77667,714,328,42,80,1,-1,-1,-1
227,77710,1604,432,53,101,1,-1,-1,-1
227,77711,1553,583,65,137,1,-1,-1,-1
227,77712,1781,379,52,89,1,-1,-1,-1
227,77715,1758,445,62,105,1,-1,-1,-1
228,77604,857,489,43,119,1,-1,-1,-1
228,77606,986,482,45,117,1,-1,-1,-1
228,77614,723,457,45,115,1,-1,-1,-1
228,77615,675,669,65,154,1,-1,-1,-1
228,77629,1291,401,44,103,1,-1,-1,-1
228,77648,975,356,47,92,1,-1,-1,-1
228,77631,596,404,50,91,1,-1,-1,-1
228,77666,1407,348,51,90,1,-1,-1,-1
228,77677,256,343,43,84,1,-1,-1,-1
228,77634,1246,357,52,87,1,-1,-1,-1
228,77690,988,367,44,84,1,-1,-1,-1
228,77691,671,378,41,107,1,-1,-1,-1
228,77692,317,261,33,68,1,-1,-1,-1
228,77695,24,423,62,112,1,-1,-1,-1
228,77642,165,370,44,99,1,-1,-1,-1
228,77702,-7,455,50,113,1,-1,-1,-1
228,77667,708,328,41,80,1,-1,-1,-1
228,77710,1601,431,53,100,1,-1,-1,-1
228,77711,1548,583,66,137,1,-1,-1,-1
228,77712,1775,379,52,89,1,-1,-1,-1
228,77715,1758,444,63,106,1,-1,-1,-1
229,77604,852,489,43,118,1,-1,-1,-1
229,77606,980,482,45,117,1,-1,-1,-1
229,77614,716,457,46,115,1,-1,-1,-1
229,77615,668,669,66,155,1,-1,-1,-1
229,77629,1286,401,44,103,1,-1,-1,-1
229,77648,972,356,46,93,1,-1,-1,-1
229,77631,592,405,51,90,1,-1,-1,-1
229,77666,1404,348,51,90,1,-1,-1,-1
229,77677,249,343,44,84,1,-1,-1,-1
229,77634,1246,356,51,87,1,-1,-1,-1
229,77690,986,367,44,86,1,-1,-1,-1
229,77691,665,379,40,106,1,-1,-1,-1
229,77692,311,261,33,68,1,-1,-1,-1
229,77695,21,423,61,112,1,-1,-1,-1
229,77642,159,371,44,99,1,-1,-1,-1
229,77702,-7,456,49,112,1,-1,-1,-1
229,77667,702,328,41,80,1,-1,-1,-1
229,77710,1598,429,53,101,1,-1,-1,-1
229,77711,1543,583,66,137,1,-1,-1,-1
229,77712,1770,379,51,88,1,-1,-1,-1
229,77715,1758,443,64,107,1,-1,-1,-1
230,77604,847,489,43,118,1,-1,-1,-1
230,77606,974,482,45,117,1,-1,-1,-1
230,77614,708,458,47,114,1,-1,-1,-1
230,77615,664,669,67,155,1,-1,-1,-1
230,77629,1282,402,43,103,1,-1,-1,-1
230,77648,969,356,46,93,1,-1,-1,-1
230,77631,588,405,51,91,1,-1,-1,-1
230,77666,1400,348,51,89,1,-1,-1,-1
230,77677,240,343,46,85,1,-1,-1,-1
230,77634,1246,355,51,87,1,-1,-1,-1
230,77690,985,367,43,87,1,-1,-1,-1
230,77691,659,379,40,106,1,-1,-1,-1
230,77692,304,262,33,67,1,-1,-1,-1
230,77695,18,423,60,112,1,-1,-1,-1
230,77642,154,372,44,99,1,-1,-1,-1
230,77702,-6,457,47,112,1,-1,-1,-1
230,77667,696,327,40,80,1,-1,-1,-1
230,77710,1595,428,52,101,1,-1,-1,-1
230,77711,1535,583,67,138,1,-1,-1,-1
230,77712,1763,378,50,88,1,-1,-1,-1
230,77715,1759,442,64,109,1,-1,-1,-1
231,77604,841,489,43,117,1,-1,-1,-1
231,77606,967,482,46,117,1,-1,-1,-1
231,77614,701,458,47,114,1,-1,-1,-1
231,77615,659,669,67,155,1,-1,-1,-1
231,77629,1277,402,44,103,1,-1,-1,-1
231,77648,966,356,45,94,1,-1,-1,-1
231,77631,583,406,52,91,1,-1,-1,-1
231,77666,1396,348,50,88,1,-1,-1,-1
231,77677,235,343,45,86,1,-1,-1,-1
231,77634,1246,355,50,87,1,-1,-1,-1
231,77690,983,368,44,88,1,-1,-1,-1
231,77691,652,380,40,105,1,-1,-1,-1
231,77692,298,262,33,67,1,-1,-1,-1
231,77695,15,423,58,112,1,-1,-1,-1
231,77642,148,372,43,99,1,-1,-1,-1
231,77702,-5,458,46,111,1,-1,-1,-1
231,77667,690,327,40,80,1,-1,-1,-1
231,77710,1592,427,51,101,1,-1,-1,-1
231,77711,1532,583,67,138,1,-1,-1,-1
231,77712,1756,378,51,88,1,-1,-1,-1
231,77715,1760,440,64,110,1,-1,-1,-1
232,77604,834,489,42,118,1,-1,-1,-1
232,77606,960,481,45,117,1,-1,-1,-1
232,77614,694,458,49,113,1,-1,-1,-1
232,77615,653,669,67,155,1,-1,-1,-1
232,77629,1268,402,44,103,1,-1,-1,-1
232,77648,961,356,45,94,1,-1,-1,-1
232,77631,579,407,52,91,1,-1,-1,-1
232,77666,1392,348,50,88,1,-1,-1,-1
232,77677,228,343,46,85,1,-1,-1,-1
232,77634,1242,355,49,87,1,-1,-1,-1
232,77690,979,368,43,89,1,-1,-1,-1
232,77691,644,380,40,106,1,-1,-1,-1
232,77692,292,262,33,68,1,-1,-1,-1
232,77695,12,423,58,112,1,-1,-1,-1
232,77642,142,372,43,99,1,-1,-1,-1
232,77667,683,326,40,80,1,-1,-1,-1
232,77710,1587,425,50,100,1,-1,-1,-1
232,77711,1524,582,68,139,1,-1,-1,-1
232,77712,1746,376,51,90,1,-1,-1,-1
232,77715,1758,440,64,110,1,-1,-1,-1
233,77604,824,489,43,118,1,-1,-1,-1
233,77606,952,481,46,117,1,-1,-1,-1
233,77614,688,457,49,114,1,-1,-1,-1
233,77615,648,668,67,155,1,-1,-1,-1
233,77629,1260,402,44,103,1,-1,-1,-1
233,77648,956,355,45,93,1,-1,-1,-1
233,77631,576,407,51,91,1,-1,-1,-1
233,77666,1387,347,50,89,1,-1,-1,-1
233,77677,222,344,46,84,1,-1,-1,-1
233,77634,1238,356,49,87,1,-1,-1,-1
233,77690,973,367,42,90,1,-1,-1,-1
233,77691,635,380,40,106,1,-1,-1,-1
233,77692,286,263,32,67,1,-1,-1,-1
233,77695,8,423,58,114,1,-1,-1,-1
233,77642,134,372,43,99,1,-1,-1,-1
233,77667,677,326,39,80,1,-1,-1,-1
233,77710,1580,423,49,98,1,-1,-1,-1
233,77711,1515,580,67,139,1,-1,-1,-1
233,77712,1735,374,52,92,1,-1,-1,-1
233,77715,1753,439,64,111,1,-1,-1,-1
234,77604,815,488,42,119,1,-1,-1,-1
234,77606,944,481,46,117,1,-1,-1,-1
234,77614,682,456,49,115,1,-1,-1,-1
234,77615,642,668,67,155,1,-1,-1,-1
234,77629,1250,402,45,102,1,-1,-1,-1
234,77648,950,355,45,93,1,-1,-1,-1
234,77631,572,407,51,90,1,-1,-1,-1
234,77666,1381,346,50,90,1,-1,-1,-1
234,77677,215,345,45,83,1,-1,-1,-1
234,77634,1233,357,48,87,1,-1,-1,-1
234,77690,966,367,42,90,1,-1,-1,-1
234,77691,626,379,40,106,1,-1,-1,-1
234,77692,279,263,33,67,1,-1,-1,-1
234,77695,5,423,56,115,1,-1,-1,-1
234,77642,125,372,44,100,1,-1,-1,-1
234,77667,671,326,38,80,1,-1,-1,-1
234,77710,1572,421,48,97,1,-1,-1,-1
234,77711,1506,578,66,140,1,-1,-1,-1
234,77712,1723,372,53,94,1,-1,-1,-1
234,77715,1747,438,64,111,1,-1,-1,-1
234,77717,0,563,5,11,1,-1,-1,-1
235,77604,804,488,42,120,1,-1,-1,-1
235,77606,930,481,46,116,1,-1,-1,-1
235,77614,673,454,48,116,1,-1,-1,-1
235,77615,636,668,68,155,1,-1,-1,-1
235,77629,1241,402,45,101,1,-1,-1,-1
235,77648,944,354,46,93,1,-1,-1,-1
235,77631,566,406,50,90,1,-1,-1,-1
235,77666,1375,345,50,91,1,-1,-1,-1
235,77677,208,346,45,82,1,-1,-1,-1
235,77634,1228,358,48,87,1,-1,-1,-1
235,77690,960,366,42,90,1,-1,-1,-1
235,77691,616,379,41,106,1,-1,-1,-1
235,77692,273,263,32,67,1,-1,-1,-1
235,77695,0,424,57,116,1,-1,-1,-1
235,77642,116,372,46,100,1,-1,-1,-1
235,77667,665,325,38,80,1,-1,-1,-1
235,77710,1563,418,49,96,1,-1,-1,-1
235,77711,1496,576,66,140,1,-1,-1,-1
235,77712,1711,370,53,96,1,-1,-1,-1
235,77715,1741,437,63,111,1,-1,-1,-1
236,77604,795,487,42,121,1,-1,-1,-1
236,77606,923,480,47,116,1,-1,-1,-1
236,77614,669,454,47,116,1,-1,-1,-1
236,77615,631,667,67,155,1,-1,-1,-1
236,77629,1231,402,45,101,1,-1,-1,-1
236,77648,937,353,46,92,1,-1,-1,-1
236,77631,565,406,48,90,1,-1,-1,-1
236,77666,1369,345,49,90,1,-1,-1,-1
236,77677,201,347,46,81,1,-1,-1,-1
236,77634,1223,359,47,87,1,-1,-1,-1
236,77690,952,365,43,90,1,-1,-1,-1
236,77691,605,378,41,106,1,-1,-1,-1
236,77692,267,264,32,66,1,-1,-1,-1
236,77695,-3,424,56,118,1,-1,-1,-1
236,77642,107,372,46,100,1,-1,-1,-1
236,77667,658,325,38,79,1,-1,-1,-1
236,77710,1554,416,49,94,1,-1,-1,-1
236,77711,1485,574,64,141,1,-1,-1,-1
236,77712,1696,369,54,97,1,-1,-1,-1
236,77715,1735,436,62,111,1,-1,-1,-1
237,77604,785,487,41,121,1,-1,-1,-1
237,77606,914,480,47,116,1,-1,-1,-1
237,77614,661,453,47,117,1,-1,-1,-1
237,77615,624,667,67,155,1,-1,-1,-1
237,77629,1222,402,45,100,1,-1,-1,-1
237,77648,930,352,47,93,1,-1,-1,-1
237,77631,560,406,48,90,1,-1,-1,-1
237,77666,1362,345,48,90,1,-1,-1,-1
237,77677,192,347,46,81,1,-1,-1,-1
237,77634,1216,359,47,87,1,-1,-1,-1
237,77690,946,364,42,91,1,-1,-1,-1
237,77691,596,378,41,106,1,-1,-1,-1
237,77692,259,264,32,66,1,-1,-1,-1
237,77695,-7,432,52,112,1,-1,-1,-1
237,77642,95,372,48,99,1,-1,-1,-1
237,77667,650,324,37,80,1,-1,-1,-1
237,77710,1546,414,49,94,1,-1,-1,-1
237,77711,1478,573,63,141,1,-1,-1,-1
237,77712,1680,369,55,97,1,-1,-1,-1
237,77715,1728,435,62,111,1,-1,-1,-1
238,77604,773,487,42,121,1,-1,-1,-1
238,77606,904,480,46,115,1,-1,-1,-1
238,77614,651,453,46,117,1,-1,-1,-1
238,77615,616,667,69,156,1,-1,-1,-1
238,77629,1213,403,45,99,1,-1,-1,-1
238,77648,924,352,48,93,1,-1,-1,-1
238,77631,554,406,47,90,1,-1,-1,-1
238,77666,1353,345,48,89,1,-1,-1,-1
238,77677,183,346,46,82,1,-1,-1,-1
238,77634,1209,359,47,87,1,-1,-1,-1
238,77690,939,365,42,90,1,-1,-1,-1
238,77691,587,377,41,107,1,-1,-1,-1
238,77692,251,265,33,65,1,-1,-1,-1
238,77642,83,372,49,99,1,-1,-1,-1
238,77667,640,323,38,81,1,-1,-1,-1
238,77710,1538,412,50,95,1,-1,-1,-1
238,77711,1471,573,61,140,1,-1,-1,-1
238,77712,1663,368,56,98,1,-1,-1,-1
238,77715,1721,434,62,111,1,-1,-1,-1
238,77702,-6,469,30,78,1,-1,-1,-1
239,77604,762,487,42,120,1,-1,-1,-1
239,77606,893,480,46,115,1,-1,-1,-1
239,77614,639,453,47,117,1,-1,-1,-1
239,77615,609,667,69,156,1,-1,-1,-1
239,77629,1204,403,45,99,1,-1,-1,-1
239,77648,918,352,48,93,1,-1,-1,-1
239,77631,548,406,47,90,1,-1,-1,-1
239,77666,1346,346,45,87,1,-1,-1,-1
239,77677,173,345,47,83,1,-1,-1,-1
239,77634,1201,358,46,87,1,-1,-1,-1
239,77690,934,365,40,90,1,-1,-1,-1
239,77691,578,377,41,107,1,-1,-1,-1
239,77692,243,265,33,65,1,-1,-1,-1
239,77642,70,371,49,100,1,-1,-1,-1
239,77667,631,323,36,81,1,-1,-1,-1
239,77710,1529,410,51,97,1,-1,-1,-1
239,77711,1463,573,61,138,1,-1,-1,-1
239,77712,1645,368,58,97,1,-1,-1,-1
239,77715,1715,433,61,111,1,-1,-1,-1
239,77702,-2,485,22,60,1,-1,-1,-1
240,77604,751,487,42,120,1,-1,-1,-1
240,77606,883,479,45,115,1,-1,-1,-1
240,77614,628,453,46,117,1,-1,-1,-1
240,77615,601,667,71,156,1,-1,-1,-1
240,77629,1194,404,46,97,1,-1,-1,-1
240,77648,908,352,48,93,1,-1,-1,-1
240,77631,536,406,47,91,1,-1,-1,-1
240,77666,1338,346,44,86,1,-1,-1,-1
240,77677,163,345,48,83,1,-1,-1,-1
240,77634,1193,357,45,87,1,-1,-1,-1
240,77690,923,365,39,90,1,-1,-1,-1
240,77691,562,377,41,105,1,-1,-1,-1
240,77692,235,265,33,65,1,-1,-1,-1
240,77642,58,371,49,99,1,-1,-1,-1
240,77667,621,322,36,82,1,-1,-1,-1
240,77710,1519,409,51,97,1,-1,-1,-1
240,77711,1456,573,61,137,1,-1,-1,-1
240,77712,1628,368,60,97,1,-1,-1,-1
240,77715,1708,432,61,111,1,-1,-1,-1
241,77604,738,487,43,119,1,-1,-1,-1
241,77606,871,479,44,114,1,-1,-1,-1
241,77614,615,453,47,117,1,-1,-1,-1
241,77615,593,667,73,157,1,-1,-1,-1
241,77629,1184,404,46,96,1,-1,-1,-1
241,77648,905,352,47,93,1,-1,-1,-1
241,77631,532,406,48,91,1,-1,-1,-1
241,77666,1330,347,42,84,1,-1,-1,-1
241,77677,152,344,50,84,1,-1,-1,-1
241,77634,1185,356,45,87,1,-1,-1,-1
241,77690,920,365,37,90,1,-1,-1,-1
241,77691,557,377,40,105,1,-1,-1,-1
241,77692,226,265,34,65,1,-1,-1,-1
241,77642,45,371,49,99,1,-1,-1,-1
241,77667,611,322,35,82,1,-1,-1,-1
241,77710,1515,407,51,99,1,-1,-1,-1
241,77711,1448,573,60,136,1,-1,-1,-1
241,77712,1610,367,62,98,1,-1,-1,-1
241,77715,1701,431,61,110,1,-1,-1,-1
242,77604,729,487,44,119,1,-1,-1,-1
242,77606,863,479,44,114,1,-1,-1,-1
242,77614,608,453,46,117,1,-1,-1,-1
242,77615,586,667,74,156,1,-1,-1,-1
242,77629,1175,403,47,97,1,-1,-1,-1
242,77648,900,352,47,93,1,-1,-1,-1
242,77631,528,406,47,91,1,-1,-1,-1
242,77666,1324,347,41,84,1,-1,-1,-1
242,77677,143,344,50,84,1,-1,-1,-1
242,77634,1181,356,44,87,1,-1,-1,-1
242,77690,915,366,36,89,1,-1,-1,-1
242,77691,550,377,40,106,1,-1,-1,-1
242,77692,218,265,35,65,1,-1,-1,-1
242,77642,33,371,48,99,1,-1,-1,-1
242,77667,601,321,35,82,1,-1,-1,-1
242,77710,1508,405,50,98,1,-1,-1,-1
242,77711,1440,573,61,135,1,-1,-1,-1
242,77712,1597,368,63,96,1,-1,-1,-1
242,77715,1696,431,61,109,1,-1,-1,-1
243,77604,721,487,44,119,1,-1,-1,-1
243,77606,856,479,43,114,1,-1,-1,-1
243,77614,602,453,47,117,1,-1,-1,-1
243,77615,579,667,74,156,1,-1,-1,-1
243,77629,1168,402,47,97,1,-1,-1,-1
243,77648,895,352,47,93,1,-1,-1,-1
243,77631,523,406,47,91,1,-1,-1,-1
243,77666,1317,346,41,84,1,-1,-1,-1
243,77677,128,342,52,86,1,-1,-1,-1
243,77634,1179,356,44,87,1,-1,-1,-1
243,77690,909,366,36,89,1,-1,-1,-1
243,77691,543,377,40,107,1,-1,-1,-1
243,77692,209,265,36,65,1,-1,-1,-1
243,77642,16,371,47,99,1,-1,-1,-1
243,77667,592,320,34,83,1,-1,-1,-1
243,77710,1499,404,49,97,1,-1,-1,-1
243,77711,1431,572,61,135,1,-1,-1,-1
243,77712,1585,368,65,96,1,-1,-1,-1
243,77715,1692,431,61,108,1,-1,-1,-1
244,77604,713,487,46,120,1,-1,-1,-1
244,77606,851,478,42,114,1,-1,-1,-1
244,77614,596,452,47,119,1,-1,-1,-1
244,77615,573,666,73,157,1,-1,-1,-1
244,77629,1161,400,47,99,1,-1,-1,-1
244,77648,890,351,47,94,1,-1,-1,-1
244,77631,518,405,47,91,1,-1,-1,-1
244,77666,1311,345,41,85,1,-1,-1,-1
244,77677,122,342,52,87,1,-1,-1,-1
244,77634,1177,355,44,88,1,-1,-1,-1
244,77690,904,367,34,88,1,-1,-1,-1
244,77691,534,377,41,108,1,-1,-1,-1
244,77692,201,265,36,65,1,-1,-1,-1
244,77642,9,370,46,99,1,-1,-1,-1
244,77667,582,320,34,83,1,-1,-1,-1
244,77710,1489,403,49,95,1,-1,-1,-1
244,77711,1421,572,62,134,1,-1,-1,-1
244,77712,1574,369,66,96,1,-1,-1,-1
244,77715,1688,432,62,106,1,-1,-1,-1
245,77604,705,486,47,121,1,-1,-1,-1
245,77606,845,478,42,114,1,-1,-1,-1
245,77614,590,452,47,119,1,-1,-1,-1
245,77615,567,666,71,156,1,-1,-1,-1
245,77629,1154,399,47,99,1,-1,-1,-1
245,77648,884,351,47,93,1,-1,-1,-1
245,77631,510,405,46,91,1,-1,-1,-1
245,77666,1306,345,40,85,1,-1,-1,-1
245,77677,115,341,52,88,1,-1,-1,-1
245,77634,1175,355,44,88,1,-1,-1,-1
245,77690,898,367,34,88,1,-1,-1,-1
245,77691,526,378,42,109,1,-1,-1,-1
245,77692,188,265,37,65,1,-1,-1,-1
245,77642,1,370,45,99,1,-1,-1,-1
245,77667,567,319,33,83,1,-1,-1,-1
245,77710,1473,401,48,92,1,-1,-1,-1
245,77711,1413,571,61,135,1,-1,-1,-1
245,77712,1564,369,66,96,1,-1,-1,-1
245,77715,1683,432,63,105,1,-1,-1,-1
246,77604,696,485,48,123,1,-1,-1,-1
246,77606,839,478,41,114,1,-1,-1,-1
246,77614,584,451,46,120,1,-1,-1,-1
246,77615,560,666,70,156,1,-1,-1,-1
246,77629,1146,398,47,100,1,-1,-1,-1
246,77648,879,351,46,93,1,-1,-1,-1
246,77631,508,405,44,91,1,-1,-1,-1
246,77666,1300,344,40,86,1,-1,-1,-1
246,77677,113,341,52,88,1,-1,-1,-1
246,77634,1173,354,44,90,1,-1,-1,-1
246,77690,891,368,34,88,1,-1,-1,-1
246,77691,518,378,42,110,1,-1,-1,-1
246,77692,184,265,38,65,1,-1,-1,-1
246,77642,-1,371,44,98,1,-1,-1,-1
246,77667,562,318,33,84,1,-1,-1,-1
246,77710,1468,400,47,91,1,-1,-1,-1
246,77711,1404,570,61,135,1,-1,-1,-1
246,77712,1554,370,66,96,1,-1,-1,-1
246,77715,1678,433,66,103,1,-1,-1,-1
247,77604,692,485,50,124,1,-1,-1,-1
247,77606,837,477,42,115,1,-1,-1,-1
247,77614,583,451,46,120,1,-1,-1,-1
247,77615,559,665,69,157,1,-1,-1,-1
247,77629,1143,397,47,101,1,-1,-1,-1
247,77648,879,353,45,92,1,-1,-1,-1
247,77631,510,406,43,90,1,-1,-1,-1
247,77666,1297,344,40,85,1,-1,-1,-1
247,77677,116,341,51,89,1,-1,-1,-1
247,77634,1176,356,44,89,1,-1,-1,-1
247,77690,890,369,34,87,1,-1,-1,-1
247,77691,516,379,42,110,1,-1,-1,-1
247,77692,184,265,38,65,1,-1,-1,-1
247,77642,0,372,43,98,1,-1,-1,-1
247,77667,561,318,31,84,1,-1,-1,-1
247,77710,1468,400,47,91,1,-1,-1,-1
247,77711,1403,570,62,135,1,-1,-1,-1
247,77712,1552,371,66,96,1,-1,-1,-1
247,77715,1679,432,67,104,1,-1,-1,-1
248,77604,691,485,50,124,1,-1,-1,-1
248,77606,838,477,42,117,1,-1,-1,-1
248,77614,585,452,46,120,1,-1,-1,-1
248,77615,561,665,69,159,1,-1,-1,-1
248,77629,1143,398,46,101,1,-1,-1,-1
248,77648,883,354,44,91,1,-1,-1,-1
248,77631,514,409,42,88,1,-1,-1,-1
248,77666,1296,343,39,86,1,-1,-1,-1
248,77677,120,341,49,89,1,-1,-1,-1
248,77634,1181,357,44,88,1,-1,-1,-1
248,77690,891,370,34,87,1,-1,-1,-1
248,77691,517,379,42,111,1,-1,-1,-1
248,77692,184,265,40,65,1,-1,-1,-1
248,77642,0,374,44,98,1,-1,-1,-1
248,77667,560,318,31,84,1,-1,-1,-1
248,77710,1469,400,47,91,1,-1,-1,-1
248,77711,1406,571,62,135,1,-1,-1,-1
248,77712,1553,372,66,96,1,-1,-1,-1
248,77715,1682,432,69,105,1,-1,-1,-1
249,77604,691,486,51,124,1,-1,-1,-1
249,77606,839,477,44,118,1,-1,-1,-1
249,77614,588,453,46,120,1,-1,-1,-1
249,77615,564,665,69,161,1,-1,-1,-1
249,77629,1144,399,45,101,1,-1,-1,-1
249,77648,887,356,43,91,1,-1,-1,-1
249,77631,518,412,41,85,1,-1,-1,-1
249,77666,1295,343,38,86,1,-1,-1,-1
249,77677,123,341,49,90,1,-1,-1,-1
249,77634,1187,359,44,88,1,-1,-1,-1
249,77690,893,371,34,86,1,-1,-1,-1
249,77691,519,380,42,112,1,-1,-1,-1
249,77692,186,265,40,65,1,-1,-1,-1
249,77642,2,375,44,97,1,-1,-1,-1
249,77667,560,318,31,84,1,-1,-1,-1
249,77710,1471,400,47,91,1,-1,-1,-1
249,77711,1410,571,62,135,1,-1,-1,-1
249,77712,1555,373,66,96,1,-1,-1,-1
249,77715,1686,431,70,107,1,-1,-1,-1
250,77604,690,486,52,124,1,-1,-1,-1
250,77606,840,477,45,120,1,-1,-1,-1
250,77614,590,454,48,120,1,-1,-1,-1
250,77615,567,665,70,162,1,-1,-1,-1
250,77629,1144,400,45,101,1,-1,-1,-1
250,77648,894,358,41,90,1,-1,-1,-1
250,77631,523,416,40,83,1,-1,-1,-1
250,77666,1294,343,39,86,1,-1,-1,-1
250,77677,128,342,47,89,1,-1,-1,-1
250,77634,1196,361,44,88,1,-1,-1,-1
250,77690,896,373,34,86,1,-1,-1,-1
250,77691,522,381,41,113,1,-1,-1,-1
250,77692,187,265,41,65,1,-1,-1,-1
250,77642,4,377,43,97,1,-1,-1,-1
250,77667,561,318,30,84,1,-1,-1,-1
250,77710,1474,400,46,91,1,-1,-1,-1
250,77711,1417,573,61,135,1,-1,-1,-1
250,77712,1557,374,65,96,1,-1,-1,-1
250,77715,1692,430,69,108,1,-1,-1,-1
251,77604,690,487,52,125,1,-1,-1,-1
251,77606,842,477,46,123,1,-1,-1,-1
251,77614,594,455,48,121,1,-1,-1,-1
251,77615,570,665,72,164,1,-1,-1,-1
251,77629,1145,401,44,101,1,-1,-1,-1
251,77648,898,359,39,90,1,-1,-1,-1
251,77631,525,417,39,82,1,-1,-1,-1
251,77666,1294,343,38,86,1,-1,-1,-1
251,77677,132,342,46,89,1,-1,-1,-1
251,77634,1198,362,45,87,1,-1,-1,-1
251,77690,897,373,34,86,1,-1,-1,-1
251,77691,524,381,40,113,1,-1,-1,-1
251,77692,189,265,42,65,1,-1,-1,-1
251,77642,7,379,42,97,1,-1,-1,-1
251,77667,561,318,30,84,1,-1,-1,-1
251,77710,1477,400,45,92,1,-1,-1,-1
251,77711,1420,573,61,135,1,-1,-1,-1
251,77712,1560,375,64,96,1,-1,-1,-1
251,77715,1697,429,68,110,1,-1,-1,-1
252,77604,688,487,53,125,1,-1,-1,-1
252,77606,843,478,47,123,1,-1,-1,-1
252,77614,596,455,49,121,1,-1,-1,-1
252,77615,572,665,73,165,1,-1,-1,-1
252,77629,1146,402,44,102,1,-1,-1,-1
252,77648,900,360,38,89,1,-1,-1,-1
252,77631,525,416,39,83,1,-1,-1,-1
252,77666,1293,343,38,87,1,-1,-1,-1
252,77677,136,343,46,88,1,-1,-1,-1
252,77634,1199,362,45,87,1,-1,-1,-1
252,77690,895,374,35,86,1,-1,-1,-1
252,77691,525,382,38,111,1,-1,-1,-1
252,77692,190,265,43,65,1,-1,-1,-1
252,77642,8,379,42,97,1,-1,-1,-1
252,77667,561,318,30,84,1,-1,-1,-1
252,77710,1478,400,45,92,1,-1,-1,-1
252,77711,1421,573,60,135,1,-1,-1,-1
252,77712,1560,375,64,97,1,-1,-1,-1
252,77715,1701,428,65,111,1,-1,-1,-1
253,77604,685,488,53,125,1,-1,-1,-1
253,77606,844,479,47,123,1,-1,-1,-1
253,77614,597,456,49,120,1,-1,-1,-1
253,77615,573,665,74,166,1,-1,-1,-1
253,77629,1147,402,43,102,1,-1,-1,-1
253,77648,901,360,37,90,1,-1,-1,-1
253,77631,523,415,40,84,1,-1,-1,-1
253,77666,1292,343,38,87,1,-1,-1,-1
253,77677,140,343,45,88,1,-1,-1,-1
253,77634,1199,361,45,87,1,-1,-1,-1
253,77690,893,373,35,88,1,-1,-1,-1
253,77691,526,383,37,109,1,-1,-1,-1
253,77692,192,265,43,65,1,-1,-1,-1
253,77642,9,379,42,97,1,-1,-1,-1
253,77667,561,318,30,84,1,-1,-1,-1
253,77710,1479,399,44,92,1,-1,-1,-1
253,77711,1421,573,60,135,1,-1,-1,-1
253,77712,1560,376,63,96,1,-1,-1,-1
253,77715,1702,428,64,112,1,-1,-1,-1
254,77604,682,489,53,125,1,-1,-1,-1
254,77606,845,479,47,122,1,-1,-1,-1
254,77614,597,456,51,120,1,-1,-1,-1
254,77615,575,665,74,166,1,-1,-1,-1
254,77629,1148,403,43,102,1,-1,-1,-1
254,77648,902,360,37,90,1,-1,-1,-1
254,77631,521,413,40,86,1,-1,-1,-1
254,77666,1291,343,39,87,1,-1,-1,-1
254,77677,144,343,44,89,1,-1,-1,-1
254,77634,1198,361,45,87,1,-1,-1,-1
254,77690,890,373,35,88,1,-1,-1,-1
254,77691,526,383,36,107,1,-1,-1,-1
254,77692,193,265,45,65,1,-1,-1,-1
254,77642,9,379,43,97,1,-1,-1,-1
254,77667,561,318,30,84,1,-1,-1,-1
254,77710,1479,399,44,92,1,-1,-1,-1
254,77711,1420,573,60,135,1,-1,-1,-1
254,77712,1559,376,63,96,1,-1,-1,-1
254,77715,1703,428,62,112,1,-1,-1,-1
255,77604,678,489,54,126,1,-1,-1,-1
255,77606,847,480,47,121,1,-1,-1,-1
255,77614,598,456,50,119,1,-1,-1,-1
255,77615,577,665,75,166,1,-1,-1,-1
255,77629,1149,404,42,102,1,-1,-1,-1
255,77648,903,360,36,91,1,-1,-1,-1
255,77631,519,412,41,86,1,-1,-1,-1
255,77666,1290,343,38,87,1,-1,-1,-1
255,77677,150,344,44,88,1,-1,-1,-1
255,77634,1198,360,45,87,1,-1,-1,-1
255,77690,887,373,36,89,1,-1,-1,-1
255,77691,526,384,36,104,1,-1,-1,-1
255,77692,196,265,45,65,1,-1,-1,-1
255,77642,9,379,43,97,1,-1,-1,-1
255,77667,561,318,30,85,1,-1,-1,-1
255,77710,1479,399,43,91,1,-1,-1,-1
255,77711,1420,573,59,135,1,-1,-1,-1
255,77712,1558,376,62,96,1,-1,-1,-1
255,77715,1704,428,61,112,1,-1,-1,-1
256,77604,675,490,54,125,1,-1,-1,-1
256,77606,849,481,47,120,1,-1,-1,-1
256,77614,599,456,50,119,1,-1,-1,-1
256,77615,579,665,75,166,1,-1,-1,-1
256,77629,1149,405,43,102,1,-1,-1,-1
256,77648,904,360,36,91,1,-1,-1,-1
256,77631,518,410,41,88,1,-1,-1,-1
256,77666,1289,343,38,87,1,-1,-1,-1
256,77677,153,344,43,89,1,-1,-1,-1
256,77634,1198,360,44,87,1,-1,-1,-1
256,77690,884,372,36,91,1,-1,-1,-1
256,77691,526,385,35,101,1,-1,-1,-1
256,77692,197,265,46,66,1,-1,-1,-1
256,77642,9,379,43,97,1,-1,-1,-1
256,77667,561,318,30,85,1,-1,-1,-1
256,77710,1479,398,43,92,1,-1,-1,-1
256,77711,1419,573,59,135,1,-1,-1,-1
256,77712,1557,376,61,96,1,-1,-1,-1
256,77715,1705,428,58,112,1,-1,-1,-1
257,77604,674,490,54,124,1,-1,-1,-1
257,77606,852,482,46,118,1,-1,-1,-1
257,77614,601,458,50,117,1,-1,-1,-1
257,77615,584,665,74,164,1,-1,-1,-1
257,77629,1151,406,42,102,1,-1,-1,-1
257,77648,906,360,36,91,1,-1,-1,-1
257,77631,518,409,41,88,1,-1,-1,-1
257,77666,1289,343,38,87,1,-1,-1,-1
257,77677,158,344,42,88,1,-1,-1,-1
257,77634,1199,359,44,87,1,-1,-1,-1
257,77690,883,372,36,91,1,-1,-1,-1
257,77691,526,385,36,100,1,-1,-1,-1
257,77692,201,265,46,66,1,-1,-1,-1
257,77642,10,379,42,97,1,-1,-1,-1
257,77667,563,318,30,85,1,-1,-1,-1
257,77710,1481,397,42,92,1,-1,-1,-1
257,77711,1421,573,58,135,1,-1,-1,-1
257,77712,1560,374,61,97,1,-1,-1,-1
257,77715,1707,428,57,111,1,-1,-1,-1
258,77604,674,489,54,124,1,-1,-1,-1
258,77606,855,483,46,117,1,-1,-1,-1
258,77614,604,461,49,114,1,-1,-1,-1
258,77615,591,664,74,164,1,-1,-1,-1
258,77629,1153,406,41,102,1,-1,-1,-1
258,77648,909,360,35,91,1,-1,-1,-1
258,77631,518,409,41,88,1,-1,-1,-1
258,77666,1290,343,38,87,1,-1,-1,-1
258,77677,163,343,43,88,1,-1,-1,-1
258,77634,1201,357,43,87,1,-1,-1,-1
258,77690,883,373,37,90,1,-1,-1,-1
258,77691,527,383,36,101,1,-1,-1,-1
258,77692,207,265,46,65,1,-1,-1,-1
258,77642,9,379,43,97,1,-1,-1,-1
258,77667,566,318,30,84,1,-1,-1,-1
258,77710,1484,395,41,94,1,-1,-1,-1
258,77711,1424,573,58,134,1,-1,-1,-1
258,77712,1566,373,61,98,1,-1,-1,-1
258,77715,1712,429,53,109,1,-1,-1,-1
259,77604,674,487,55,124,1,-1,-1,-1
259,77606,859,484,45,115,1,-1,-1,-1
259,77614,606,464,48,111,1,-1,-1,-1
259,77615,598,663,74,163,1,-1,-1,-1
259,77629,1155,406,41,102,1,-1,-1,-1
259,77648,912,361,34,89,1,-1,-1,-1
259,77631,518,408,41,89,1,-1,-1,-1
259,77666,1289,342,38,87,1,-1,-1,-1
259,77677,169,342,41,87,1,-1,-1,-1
259,77634,1202,356,43,88,1,-1,-1,-1
259,77690,884,374,36,88,1,-1,-1,-1
259,77691,528,382,36,101,1,-1,-1,-1
259,77692,214,266,45,64,1,-1,-1,-1
259,77642,9,379,43,97,1,-1,-1,-1
259,77667,569,318,30,84,1,-1,-1,-1
259,77710,1487,392,41,95,1,-1,-1,-1
259,77711,1427,572,58,133,1,-1,-1,-1
259,77712,1572,372,60,100,1,-1,-1,-1
259,77715,1716,429,51,107,1,-1,-1,-1
260,77604,675,486,55,123,1,-1,-1,-1
260,77606,862,486,45,113,1,-1,-1,-1
260,77614,609,467,47,108,1,-1,-1,-1
260,77615,606,662,73,161,1,-1,-1,-1
260,77629,1158,406,41,102,1,-1,-1,-1
260,77648,917,362,33,86,1,-1,-1,-1
260,77631,518,406,42,90,1,-1,-1,-1
260,77666,1289,341,39,88,1,-1,-1,-1
260,77677,175,341,41,87,1,-1,-1,-1
260,77634,1204,354,43,88,1,-1,-1,-1
260,77690,885,376,36,86,1,-1,-1,-1
260,77691,528,380,37,101,1,-1,-1,-1
260,77692,221,267,44,63,1,-1,-1,-1
260,77642,10,378,43,97,1,-1,-1,-1
260,77667,572,318,30,84,1,-1,-1,-1
260,77710,1490,390,41,96,1,-1,-1,-1
260,77711,1431,571,57,132,1,-1,-1,-1
260,77712,1578,370,60,102,1,-1,-1,-1
260,77715,1721,430,49,105,1,-1,-1,-1
261,77604,676,485,54,122,1,-1,-1,-1
261,77606,865,487,45,111,1,-1,-1,-1
261,77614,612,470,46,105,1,-1,-1,-1
261,77615,614,661,72,161,1,-1,-1,-1
261,77629,1162,406,39,99,1,-1,-1,-1
261,77648,919,363,33,85,1,-1,-1,-1
261,77631,518,406,42,90,1,-1,-1,-1
261,77666,1289,340,39,88,1,-1,-1,-1
261,77677,182,340,40,87,1,-1,-1,-1
261,77634,1205,354,42,88,1,-1,-1,-1
261,77690,886,377,36,85,1,-1,-1,-1
261,77691,530,379,38,101,1,-1,-1,-1
261,77692,227,268,44,62,1,-1,-1,-1
261,77642,10,378,43,97,1,-1,-1,-1
261,77667,574,318,30,83,1,-1,-1,-1
261,77710,1493,388,40,97,1,-1,-1,-1
261,77711,1434,570,57,131,1,-1,-1,-1
261,77712,1586,368,58,104,1,-1,-1,-1
261,77715,1725,431,47,103,1,-1,-1,-1
262,77604,678,484,54,123,1,-1,-1,-1
262,77606,872,488,44,108,1,-1,-1,-1
262,77614,619,471,47,104,1,-1,-1,-1
262,77615,622,661,72,160,1,-1,-1,-1
262,77629,1166,405,39,99,1,-1,-1,-1
262,77648,923,362,34,86,1,-1,-1,-1
262,77631,522,405,41,90,1,-1,-1,-1
262,77666,1293,339,39,89,1,-1,-1,-1
262,77677,187,340,40,87,1,-1,-1,-1
262,77634,1210,353,41,88,1,-1,-1,-1
262,77690,888,377,37,83,1,-1,-1,-1
262,77691,532,378,38,102,1,-1,-1,-1
262,77692,234,269,44,60,1,-1,-1,-1
262,77642,14,376,43,97,1,-1,-1,-1
262,77667,577,318,30,83,1,-1,-1,-1
262,77710,1497,387,40,97,1,-1,-1,-1
262,77711,1441,569,56,131,1,-1,-1,-1
262,77712,1594,368,56,104,1,-1,-1,-1
262,77715,1731,431,46,102,1,-1,-1,-1
263,77604,680,483,54,123,1,-1,-1,-1
263,77606,879,488,44,107,1,-1,-1,-1
263,77614,628,470,46,103,1,-1,-1,-1
263,77615,630,660,71,159,1,-1,-1,-1
263,77629,1171,405,39,99,1,-1,-1,-1
263,77648,930,360,33,88,1,-1,-1,-1
263,77631,526,405,41,90,1,-1,-1,-1
263,77666,1299,339,39,88,1,-1,-1,-1
263,77677,194,339,39,87,1,-1,-1,-1
263,77634,1215,351,41,89,1,-1,-1,-1
263,77690,891,377,37,82,1,-1,-1,-1
263,77691,535,378,39,101,1,-1,-1,-1
263,77692,240,270,43,59,1,-1,-1,-1
263,77642,19,375,43,98,1,-1,-1,-1
263,77667,581,318,29,82,1,-1,-1,-1
263,77710,1503,385,38,97,1,-1,-1,-1
263,77711,1449,568,56,131,1,-1,-1,-1
263,77712,1603,369,54,102,1,-1,-1,-1
263,77715,1739,430,44,103,1,-1,-1,-1
264,77604,682,483,55,123,1,-1,-1,-1
264,77606,886,488,45,106,1,-1,-1,-1
264,77614,639,470,45,102,1,-1,-1,-1
264,77615,638,659,69,158,1,-1,-1,-1
264,77629,1177,405,39,99,1,-1,-1,-1
264,77648,936,359,34,89,1,-1,-1,-1
264,77631,531,405,41,90,1,-1,-1,-1
264,77666,1306,338,39,88,1,-1,-1,-1
264,77677,199,338,40,87,1,-1,-1,-1
264,77634,1224,349,41,89,1,-1,-1,-1
264,77690,894,376,37,82,1,-1,-1,-1
264,77691,539,377,41,102,1,-1,-1,-1
264,77692,247,270,43,59,1,-1,-1,-1
264,77642,24,373,45,99,1,-1,-1,-1
264,77667,583,318,30,81,1,-1,-1,-1
264,77710,1508,383,38,98,1,-1,-1,-1
264,77711,1458,568,56,131,1,-1,-1,-1
264,77712,1613,371,52,100,1,-1,-1,-1
264,77715,1746,429,45,103,1,-1,-1,-1
265,77604,687,481,54,123,1,-1,-1,-1
265,77606,896,488,44,105,1,-1,-1,-1
265,77614,652,469,45,101,1,-1,-1,-1
265,77615,645,658,69,157,1,-1,-1,-1
265,77629,1186,404,39,101,1,-1,-1,-1
265,77648,946,357,35,92,1,-1,-1,-1
265,77631,537,405,40,90,1,-1,-1,-1
265,77666,1313,338,40,88,1,-1,-1,-1
265,77677,205,337,39,86,1,-1,-1,-1
265,77634,1229,348,40,89,1,-1,-1,-1
265,77690,899,375,37,81,1,-1,-1,-1
265,77691,543,377,42,102,1,-1,-1,-1
265,77692,254,271,42,57,1,-1,-1,-1
265,77642,33,371,44,99,1,-1,-1,-1
265,77667,586,318,30,81,1,-1,-1,-1
265,77710,1513,382,38,98,1,-1,-1,-1
265,77711,1467,567,56,131,1,-1,-1,-1
265,77712,1624,372,50,99,1,-1,-1,-1
265,77715,1754,429,44,104,1,-1,-1,-1
266,77604,689,481,54,122,1,-1,-1,-1
266,77606,902,488,45,104,1,-1,-1,-1
266,77614,661,469,44,100,1,-1,-1,-1
266,77615,654,657,68,156,1,-1,-1,-1
266,77629,1190,404,38,101,1,-1,-1,-1
266,77648,952,357,35,92,1,-1,-1,-1
266,77631,542,405,39,90,1,-1,-1,-1
266,77666,1321,337,40,89,1,-1,-1,-1
266,77677,211,336,39,86,1,-1,-1,-1
266,77634,1237,347,40,90,1,-1,-1,-1
266,77690,902,375,37,80,1,-1,-1,-1
266,77691,548,376,43,102,1,-1,-1,-1
266,77692,261,272,41,57,1,-1,-1,-1
266,77642,38,370,44,99,1,-1,-1,-1
266,77667,589,318,30,80,1,-1,-1,-1
266,77710,1519,381,37,97,1,-1,-1,-1
266,77711,1476,567,57,131,1,-1,-1,-1
266,77712,1634,373,49,98,1,-1,-1,-1
266,77715,1762,428,44,104,1,-1,-1,-1
267,77604,696,481,52,122,1,-1,-1,-1
267,77606,910,488,44,103,1,-1,-1,-1
267,77614,670,470,44,98,1,-1,-1,-1
267,77615,662,656,67,156,1,-1,-1,-1
267,77629,1198,404,38,101,1,-1,-1,-1
267,77648,961,358,35,93,1,-1,-1,-1
267,77631,550,407,39,89,1,-1,-1,-1
267,77666,1328,337,41,89,1,-1,-1,-1
267,77677,220,335,38,86,1,-1,-1,-1
267,77634,1246,347,40,89,1,-1,-1,-1
267,77690,907,374,38,81,1,-1,-1,-1
267,77691,553,376,44,102,1,-1,-1,-1
267,77692,268,272,41,56,1,-1,-1,-1
267,77642,47,369,44,99,1,-1,-1,-1
267,77667,596,318,30,80,1,-1,-1,-1
267,77710,1528,382,36,96,1,-1,-1,-1
267,77711,1484,566,57,131,1,-1,-1,-1
267,77712,1644,373,49,98,1,-1,-1,-1
267,77715,1772,429,43,105,1,-1,-1,-1
268,77604,703,482,52,121,1,-1,-1,-1
268,77606,916,487,45,104,1,-1,-1,-1
268,77614,679,470,44,98,1,-1,-1,-1
268,77615,670,656,66,154,1,-1,-1,-1
268,77629,1207,403,38,103,1,-1,-1,-1
268,77648,970,359,35,93,1,-1,-1,-1
268,77631,560,408,38,88,1,-1,-1,-1
268,77666,1336,337,40,89,1,-1,-1,-1
268,77677,229,335,38,86,1,-1,-1,-1
268,77634,1257,346,39,89,1,-1,-1,-1
268,77690,911,374,39,83,1,-1,-1,-1
268,77691,559,376,45,101,1,-1,-1,-1
268,77692,276,271,40,56,1,-1,-1,-1
268,77642,58,369,44,99,1,-1,-1,-1
268,77667,604,318,29,80,1,-1,-1,-1
268,77710,1536,382,37,96,1,-1,-1,-1
268,77711,1494,566,58,131,1,-1,-1,-1
268,77712,1654,373,49,99,1,-1,-1,-1
268,77715,1783,431,42,104,1,-1,-1,-1
269,77604,711,484,52,119,1,-1,-1,-1
269,77606,924,486,45,104,1,-1,-1,-1
269,77614,689,470,43,98,1,-1,-1,-1
269,77615,678,655,65,154,1,-1,-1,-1
269,77629,1217,403,37,103,1,-1,-1,-1
269,77648,981,361,35,92,1,-1,-1,-1
269,77631,570,409,39,87,1,-1,-1,-1
269,77666,1343,336,41,89,1,-1,-1,-1
269,77677,239,334,37,86,1,-1,-1,-1
269,77634,1267,346,38,88,1,-1,-1,-1
269,77690,917,373,39,84,1,-1,-1,-1
269,77691,566,376,46,101,1,-1,-1,-1
269,77692,284,271,40,56,1,-1,-1,-1
269,77642,70,369,44,99,1,-1,-1,-1
269,77667,612,318,30,79,1,-1,-1,-1
269,77710,1546,383,36,96,1,-1,-1,-1
269,77711,1504,566,58,131,1,-1,-1,-1
269,77712,1665,372,48,100,1,-1,-1,-1
269,77715,1794,434,42,104,1,-1,-1,-1
270,77604,719,485,52,118,1,-1,-1,-1
270,77606,936,485,45,105,1,-1,-1,-1
270,77614,705,471,42,97,1,-1,-1,-1
270,77615,692,655,64,152,1,-1,-1,-1
270,77629,1226,403,39,104,1,-1,-1,-1
270,77648,997,363,35,92,1,-1,-1,-1
270,77631,581,410,38,87,1,-1,-1,-1
270,77666,1350,336,41,89,1,-1,-1,-1
270,77677,249,334,37,86,1,-1,-1,-1
270,77634,1277,346,39,88,1,-1,-1,-1
270,77690,925,373,41,87,1,-1,-1,-1
270,77691,573,376,47,101,1,-1,-1,-1
270,77692,292,270,40,56,1,-1,-1,-1
270,77642,81,370,44,99,1,-1,-1,-1
270,77667,621,319,30,78,1,-1,-1,-1
270,77710,1561,384,37,96,1,-1,-1,-1
270,77711,1513,567,59,131,1,-1,-1,-1
270,77712,1680,372,50,103,1,-1,-1,-1
270,77715,1805,437,43,103,1,-1,-1,-1
271,77604,728,486,51,116,1,-1,-1,-1
271,77606,940,485,45,104,1,-1,-1,-1
271,77614,711,472,43,96,1,-1,-1,-1
271,77615,697,655,63,151,1,-1,-1,-1
271,77629,1236,403,39,104,1,-1,-1,-1
271,77648,1004,363,35,92,1,-1,-1,-1
271,77631,593,412,38,86,1,-1,-1,-1
271,77666,1357,336,41,89,1,-1,-1,-1
271,77677,259,334,36,85,1,-1,-1,-1
271,77634,1288,346,38,88,1,-1,-1,-1
271,77690,929,372,41,89,1,-1,-1,-1
271,77691,580,376,48,101,1,-1,-1,-1
271,77692,300,270,39,55,1,-1,-1,-1
271,77642,94,370,44,99,1,-1,-1,-1
271,77667,630,319,31,78,1,-1,-1,-1
271,77710,1566,385,39,95,1,-1,-1,-1
271,77711,1523,567,59,131,1,-1,-1,-1
271,77712,1688,372,50,103,1,-1,-1,-1
271,77715,1818,440,43,103,1,-1,-1,-1
272,77604,736,487,52,116,1,-1,-1,-1
272,77606,947,485,46,106,1,-1,-1,-1
272,77614,722,472,43,97,1,-1,-1,-1
272,77615,705,655,63,151,1,-1,-1,-1
272,77629,1252,405,38,102,1,-1,-1,-1
272,77648,1013,364,34,92,1,-1,-1,-1
272,77631,599,412,39,86,1,-1,-1,-1
272,77666,1365,335,41,89,1,-1,-1,-1
272,77677,269,333,36,85,1,-1,-1,-1
272,77634,1298,346,38,87,1,-1,-1,-1
272,77690,935,372,41,89,1,-1,-1,-1
272,77691,587,376,49,101,1,-1,-1,-1
272,77692,308,269,39,56,1,-1,-1,-1
272,77642,102,370,44,99,1,-1,-1,-1
272,77667,638,319,31,78,1,-1,-1,-1
272,77710,1578,385,40,95,1,-1,-1,-1
272,77711,1533,567,60,132,1,-1,-1,-1
272,77712,1701,371,50,105,1,-1,-1,-1
272,77715,1827,442,43,102,1,-1,-1,-1
273,77604,745,489,53,116,1,-1,-1,-1
273,77606,955,486,47,106,1,-1,-1,-1
273,77614,735,473,44,97,1,-1,-1,-1
273,77615,714,654,64,152,1,-1,-1,-1
273,77629,1264,407,38,101,1,-1,-1,-1
273,77648,1022,363,35,92,1,-1,-1,-1
273,77631,606,411,39,86,1,-1,-1,-1
273,77666,1372,335,41,89,1,-1,-1,-1
273,77677,278,333,36,85,1,-1,-1,-1
273,77634,1308,345,38,87,1,-1,-1,-1
273,77690,941,373,40,88,1,-1,-1,-1
273,77691,594,376,48,99,1,-1,-1,-1
273,77692,315,268,39,56,1,-1,-1,-1
273,77642,109,371,45,99,1,-1,-1,-1
273,77667,647,320,31,77,1,-1,-1,-1
273,77710,1592,384,40,96,1,-1,-1,-1
273,77711,1543,567,60,132,1,-1,-1,-1
273,77712,1716,371,49,105,1,-1,-1,-1
273,77715,1837,443,43,102,1,-1,-1,-1
274,77604,753,490,54,116,1,-1,-1,-1
274,77606,964,487,46,107,1,-1,-1,-1
274,77614,749,475,44,97,1,-1,-1,-1
274,77615,724,653,63,153,1,-1,-1,-1
274,77629,1276,410,37,99,1,-1,-1,-1
274,77648,1032,363,35,92,1,-1,-1,-1
274,77631,611,410,40,85,1,-1,-1,-1
274,77666,1380,335,41,89,1,-1,-1,-1
274,77677,288,333,35,85,1,-1,-1,-1
274,77634,1317,345,38,87,1,-1,-1,-1
274,77690,948,373,40,89,1,-1,-1,-1
274,77691,601,375,48,99,1,-1,-1,-1
274,77692,324,268,38,55,1,-1,-1,-1
274,77642,116,372,44,99,1,-1,-1,-1
274,77667,655,320,32,76,1,-1,-1,-1
274,77710,1606,384,41,96,1,-1,-1,-1
274,77711,1554,567,60,133,1,-1,-1,-1
274,77712,1732,371,49,105,1,-1,-1,-1
274,77715,1847,443,44,102,1,-1,-1,-1
274,77719,1,493,15,101,1,-1,-1,-1
275,77604,761,491,56,116,1,-1,-1,-1
275,77606,976,489,47,108,1,-1,-1,-1
275,77614,771,477,45,97,1,-1,-1,-1
275,77615,733,653,65,153,1,-1,-1,-1
275,77629,1292,414,37,96,1,-1,-1,-1
275,77648,1043,362,34,92,1,-1,-1,-1
275,77631,617,410,39,85,1,-1,-1,-1
275,77666,1387,334,41,89,1,-1,-1,-1
275,77677,304,332,35,85,1,-1,-1,-1
275,77634,1327,345,38,87,1,-1,-1,-1
275,77690,954,374,40,88,1,-1,-1,-1
275,77691,609,375,47,98,1,-1,-1,-1
275,77692,336,266,37,55,1,-1,-1,-1
275,77642,122,372,45,99,1,-1,-1,-1
275,77667,669,320,32,76,1,-1,-1,-1
275,77710,1621,384,42,96,1,-1,-1,-1
275,77711,1564,566,59,135,1,-1,-1,-1
275,77712,1747,372,49,105,1,-1,-1,-1
275,77715,1857,443,44,102,1,-1,-1,-1
275,77719,7,491,14,103,1,-1,-1,-1
276,77604,770,492,57,116,1,-1,-1,-1
276,77606,981,489,47,109,1,-1,-1,-1
276,77614,779,478,46,97,1,-1,-1,-1
276,77615,743,652,65,153,1,-1,-1,-1
276,77629,1299,416,36,95,1,-1,-1,-1
276,77648,1053,362,34,92,1,-1,-1,-1
276,77631,623,409,39,85,1,-1,-1,-1
276,77666,1395,334,41,89,1,-1,-1,-1
276,77677,310,332,34,85,1,-1,-1,-1
276,77634,1337,345,38,87,1,-1,-1,-1
276,77690,961,374,40,89,1,-1,-1,-1
276,77691,616,375,46,96,1,-1,-1,-1
276,77692,341,266,37,55,1,-1,-1,-1
276,77642,132,373,44,99,1,-1,-1,-1
276,77667,675,320,32,76,1,-1,-1,-1
276,77710,1637,383,43,97,1,-1,-1,-1
276,77711,1575,566,58,135,1,-1,-1,-1
276,77712,1765,372,48,106,1,-1,-1,-1
276,77715,1868,444,44,101,1,-1,-1,-1
276,77719,14,489,16,105,1,-1,-1,-1
276,77720,4,455,28,76,1,-1,-1,-1
277,77604,775,492,58,116,1,-1,-1,-1
277,77606,987,490,48,110,1,-1,-1,-1
277,77614,788,478,47,99,1,-1,-1,-1
277,77615,752,651,66,154,1,-1,-1,-1
277,77629,1309,417,36,95,1,-1,-1,-1
277,77648,1063,362,34,92,1,-1,-1,-1
277,77631,628,409,40,85,1,-1,-1,-1
277,77666,1403,334,41,89,1,-1,-1,-1
277,77677,317,332,34,85,1,-1,-1,-1
277,77634,1347,345,38,87,1,-1,-1,-1
277,77690,968,374,40,89,1,-1,-1,-1
277,77691,624,375,45,97,1,-1,-1,-1
277,77692,350,266,36,55,1,-1,-1,-1
277,77642,141,373,45,99,1,-1,-1,-1
277,77667,681,321,33,76,1,-1,-1,-1
277,77710,1648,384,44,97,1,-1,-1,-1
277,77711,1587,566,57,137,1,-1,-1,-1
277,77712,1778,374,47,105,1,-1,-1,-1
277,77715,1879,443,43,101,1,-1,-1,-1
277,77719,21,487,16,107,1,-1,-1,-1
277,77720,10,454,29,78,1,-1,-1,-1
278,77604,779,491,59,117,1,-1,-1,-1
278,77606,993,491,48,110,1,-1,-1,-1
278,77614,797,480,47,99,1,-1,-1,-1
278,77615,762,650,67,155,1,-1,-1,-1
278,77629,1319,419,36,94,1,-1,-1,-1
278,77648,1072,363,34,92,1,-1,-1,-1
278,77631,635,409,40,87,1,-1,-1,-1
278,77666,1411,334,41,89,1,-1,-1,-1
278,77677,325,333,33,85,1,-1,-1,-1
278,77634,1357,345,38,87,1,-1,-1,-1
278,77690,974,375,40,88,1,-1,-1,-1
278,77691,631,376,45,97,1,-1,-1,-1
278,77692,359,266,36,55,1,-1,-1,-1
278,77642,152,374,44,99,1,-1,-1,-1
278,77667,687,321,34,76,1,-1,-1,-1
278,77710,1658,384,44,97,1,-1,-1,-1
278,77711,1607,568,57,138,1,-1,-1,-1
278,77712,1791,375,47,105,1,-1,-1,-1
278,77715,1892,443,40,101,1,-1,-1,-1
278,77719,29,485,18,109,1,-1,-1,-1
278,77720,17,453,29,81,1,-1,-1,-1
279,77604,783,490,59,118,1,-1,-1,-1
279,77606,999,492,49,110,1,-1,-1,-1
279,77614,806,481,48,100,1,-1,-1,-1
279,77615,772,649,67,155,1,-1,-1,-1
279,77629,1330,420,36,94,1,-1,-1,-1
279,77648,1081,364,34,92,1,-1,-1,-1
279,77631,642,409,40,88,1,-1,-1,-1
279,77666,1420,335,41,89,1,-1,-1,-1
279,77677,333,333,33,85,1,-1,-1,-1
279,77634,1367,345,38,87,1,-1,-1,-1
279,77690,981,374,39,90,1,-1,-1,-1
279,77691,638,376,45,97,1,-1,-1,-1
279,77692,369,266,35,55,1,-1,-1,-1
279,77642,163,374,43,99,1,-1,-1,-1
279,77667,694,322,33,76,1,-1,-1,-1
279,77710,1667,385,46,97,1,-1,-1,-1
279,77711,1614,568,57,139,1,-1,-1,-1
279,77712,1803,377,46,105,1,-1,-1,-1
279,77715,1897,443,37,101,1,-1,-1,-1
279,77719,35,484,20,110,1,-1,-1,-1
279,77720,24,453,31,82,1,-1,-1,-1
280,77604,786,489,60,119,1,-1,-1,-1
280,77606,1010,493,49,112,1,-1,-1,-1
280,77614,821,483,48,101,1,-1,-1,-1
280,77615,784,648,69,156,1,-1,-1,-1
280,77629,1341,421,37,94,1,-1,-1,-1
280,77648,1097,366,34,92,1,-1,-1,-1
280,77631,648,410,41,89,1,-1,-1,-1
280,77666,1428,335,42,90,1,-1,-1,-1
280,77677,341,334,33,85,1,-1,-1,-1
280,77634,1376,345,38,87,1,-1,-1,-1
280,77690,991,374,40,90,1,-1,-1,-1
280,77691,646,377,44,97,1,-1,-1,-1
280,77692,379,267,35,55,1,-1,-1,-1
280,77642,174,375,43,98,1,-1,-1,-1
280,77667,700,323,34,76,1,-1,-1,-1
280,77710,1676,386,46,96,1,-1,-1,-1
280,77711,1623,570,56,138,1,-1,-1,-1
280,77712,1814,378,46,105,1,-1,-1,-1
280,77719,42,485,22,111,1,-1,-1,-1
280,77720,30,452,33,85,1,-1,-1,-1
281,77604,790,488,59,119,1,-1,-1,-1
281,77606,1014,494,49,112,1,-1,-1,-1
281,77614,826,484,48,101,1,-1,-1,-1
281,77615,790,647,70,157,1,-1,-1,-1
281,77629,1353,422,36,94,1,-1,-1,-1
281,77648,1103,366,34,92,1,-1,-1,-1
281,77631,655,410,41,90,1,-1,-1,-1
281,77666,1438,335,41,90,1,-1,-1,-1
281,77677,349,335,33,85,1,-1,-1,-1
281,77634,1387,344,37,87,1,-1,-1,-1
281,77690,995,374,40,91,1,-1,-1,-1
281,77691,654,377,44,98,1,-1,-1,-1
281,77692,388,267,35,55,1,-1,-1,-1
281,77642,185,375,43,99,1,-1,-1,-1
281,77667,707,324,34,75,1,-1,-1,-1
281,77710,1685,387,48,96,1,-1,-1,-1
281,77711,1633,572,55,137,1,-1,-1,-1
281,77712,1826,380,47,105,1,-1,-1,-1
281,77719,50,486,23,112,1,-1,-1,-1
281,77720,37,452,34,86,1,-1,-1,-1
282,77604,792,487,58,120,1,-1,-1,-1
282,77606,1018,495,49,112,1,-1,-1,-1
282,77614,835,486,49,103,1,-1,-1,-1
282,77615,796,647,70,157,1,-1,-1,-1
282,77629,1361,423,37,96,1,-1,-1,-1
282,77648,1110,367,35,93,1,-1,-1,-1
282,77631,662,411,41,91,1,-1,-1,-1
282,77666,1445,336,41,90,1,-1,-1,-1
282,77677,357,335,33,85,1,-1,-1,-1
282,77634,1395,345,38,87,1,-1,-1,-1
282,77690,1000,375,39,91,1,-1,-1,-1
282,77691,660,378,43,99,1,-1,-1,-1
282,77692,398,267,35,55,1,-1,-1,-1
282,77642,193,376,43,98,1,-1,-1,-1
282,77667,714,324,34,76,1,-1,-1,-1
282,77710,1693,387,49,96,1,-1,-1,-1
282,77711,1643,574,55,137,1,-1,-1,-1
282,77712,1835,381,47,105,1,-1,-1,-1
282,77719,57,487,25,113,1,-1,-1,-1
282,77720,41,453,37,89,1,-1,-1,-1
283,77604,793,487,58,120,1,-1,-1,-1
283,77606,1022,496,49,113,1,-1,-1,-1
283,77614,846,489,50,105,1,-1,-1,-1
283,77615,802,648,70,157,1,-1,-1,-1
283,77629,1369,424,38,97,1,-1,-1,-1
283,77648,1117,368,36,94,1,-1,-1,-1
283,77631,669,411,41,92,1,-1,-1,-1
283,77666,1451,337,41,90,1,-1,-1,-1
283,77677,365,336,32,85,1,-1,-1,-1
283,77634,1403,346,38,87,1,-1,-1,-1
283,77690,1003,376,39,90,1,-1,-1,-1
283,77691,665,378,43,100,1,-1,-1,-1
283,77692,408,268,35,55,1,-1,-1,-1
283,77642,199,377,43,98,1,-1,-1,-1
283,77667,721,325,33,75,1,-1,-1,-1
283,77710,1701,388,49,97,1,-1,-1,-1
283,77711,1652,577,56,135,1,-1,-1,-1
283,77712,1843,383,47,105,1,-1,-1,-1
283,77719,65,488,27,114,1,-1,-1,-1
283,77720,46,455,39,92,1,-1,-1,-1
284,77604,794,486,57,120,1,-1,-1,-1
284,77606,1026,498,49,113,1,-1,-1,-1
284,77614,858,493,50,107,1,-1,-1,-1
284,77615,807,648,70,157,1,-1,-1,-1
284,77629,1376,424,38,98,1,-1,-1,-1
284,77648,1125,369,36,95,1,-1,-1,-1
284,77631,675,412,42,93,1,-1,-1,-1
284,77666,1457,337,41,91,1,-1,-1,-1
284,77677,373,336,32,85,1,-1,-1,-1
284,77634,1412,346,38,87,1,-1,-1,-1
284,77690,1007,378,38,90,1,-1,-1,-1
284,77691,669,379,44,101,1,-1,-1,-1
284,77692,418,268,34,55,1,-1,-1,-1
284,77642,205,378,43,98,1,-1,-1,-1
284,77667,727,326,34,74,1,-1,-1,-1
284,77710,1708,388,50,97,1,-1,-1,-1
284,77711,1661,579,57,135,1,-1,-1,-1
284,77712,1851,384,47,105,1,-1,-1,-1
284,77719,73,489,27,115,1,-1,-1,-1
284,77720,50,456,42,95,1,-1,-1,-1
284,77723,-1,522,39,111,1,-1,-1,-1
285,77604,796,486,55,120,1,-1,-1,-1
285,77606,1030,500,49,114,1,-1,-1,-1
285,77614,870,496,51,109,1,-1,-1,-1
285,77615,816,648,69,157,1,-1,-1,-1
285,77629,1387,425,39,100,1,-1,-1,-1
285,77648,1137,371,36,96,1,-1,-1,-1
285,77631,685,413,42,94,1,-1,-1,-1
285,77666,1463,338,41,91,1,-1,-1,-1
285,77677,382,337,31,85,1,-1,-1,-1
285,77634,1420,347,38,87,1,-1,-1,-1
285,77690,1013,380,38,90,1,-1,-1,-1
285,77691,676,380,44,102,1,-1,-1,-1
285,77692,428,268,34,55,1,-1,-1,-1
285,77642,211,379,43,98,1,-1,-1,-1
285,77667,734,326,34,75,1,-1,-1,-1
285,77710,1721,389,50,98,1,-1,-1,-1
285,77711,1670,582,57,134,1,-1,-1,-1
285,77712,1859,386,47,105,1,-1,-1,-1
285,77719,85,491,30,116,1,-1,-1,-1
285,77720,55,458,44,98,1,-1,-1,-1
285,77723,0,522,41,119,1,-1,-1,-1
286,77604,797,485,54,121,1,-1,-1,-1
286,77606,1034,502,49,114,1,-1,-1,-1
286,77614,883,500,52,111,1,-1,-1,-1
286,77615,819,648,69,157,1,-1,-1,-1
286,77629,1392,425,39,102,1,-1,-1,-1
286,77648,1143,372,36,96,1,-1,-1,-1
286,77631,690,413,42,95,1,-1,-1,-1
286,77666,1469,338,41,91,1,-1,-1,-1
286,77677,390,338,32,85,1,-1,-1,-1
286,77634,1429,348,38,87,1,-1,-1,-1
286,77690,1016,381,38,90,1,-1,-1,-1
286,77691,680,380,44,103,1,-1,-1,-1
286,77692,438,269,34,55,1,-1,-1,-1
286,77642,217,380,43,98,1,-1,-1,-1
286,77667,742,327,33,75,1,-1,-1,-1
286,77710,1726,390,50,97,1,-1,-1,-1
286,77711,1680,584,58,133,1,-1,-1,-1
286,77712,1866,387,48,105,1,-1,-1,-1
286,77719,90,491,30,118,1,-1,-1,-1
286,77720,59,459,47,102,1,-1,-1,-1
286,77723,0,523,45,125,1,-1,-1,-1
287,77604,800,485,52,121,1,-1,-1,-1
287,77606,1039,504,48,115,1,-1,-1,-1
287,77614,893,502,53,113,1,-1,-1,-1
287,77615,826,648,68,157,1,-1,-1,-1
287,77629,1399,426,39,102,1,-1,-1,-1
287,77648,1150,373,36,97,1,-1,-1,-1
287,77631,696,416,40,93,1,-1,-1,-1
287,77666,1483,340,41,91,1,-1,-1,-1
287,77677,397,338,31,85,1,-1,-1,-1
287,77634,1437,348,38,87,1,-1,-1,-1
287,77690,1020,382,37,90,1,-1,-1,-1
287,77691,684,381,43,102,1,-1,-1,-1
287,77692,446,269,34,55,1,-1,-1,-1
287,77642,222,380,43,98,1,-1,-1,-1
287,77667,747,328,34,75,1,-1,-1,-1
287,77710,1735,390,50,98,1,-1,-1,-1
287,77711,1688,586,59,133,1,-1,-1,-1
287,77712,1876,387,48,108,1,-1,-1,-1
287,77719,98,492,31,118,1,-1,-1,-1
287,77720,64,461,48,105,1,-1,-1,-1
287,77723,4,524,46,127,1,-1,-1,-1
288,77604,802,486,52,122,1,-1,-1,-1
288,77606,1044,507,48,115,1,-1,-1,-1
288,77614,903,503,54,116,1,-1,-1,-1
288,77615,833,648,68,157,1,-1,-1,-1
288,77629,1408,428,39,101,1,-1,-1,-1
288,77648,1158,374,36,97,1,-1,-1,-1
288,77631,701,418,40,94,1,-1,-1,-1
288,77666,1492,340,40,91,1,-1,-1,-1
288,77677,403,339,31,85,1,-1,-1,-1
288,77634,1445,349,38,87,1,-1,-1,-1
288,77690,1024,383,38,91,1,-1,-1,-1
288,77691,689,381,43,103,1,-1,-1,-1
288,77692,454,269,34,56,1,-1,-1,-1
288,77642,228,381,43,98,1,-1,-1,-1
288,77667,753,328,33,75,1,-1,-1,-1
288,77710,1746,392,50,98,1,-1,-1,-1
288,77711,1696,587,60,133,1,-1,-1,-1
288,77712,1884,388,46,110,1,-1,-1,-1
288,77719,107,493,32,119,1,-1,-1,-1
288,77720,68,463,51,109,1,-1,-1,-1
288,77723,10,526,45,127,1,-1,-1,-1
289,77604,806,487,51,122,1,-1,-1,-1
289,77606,1049,509,48,115,1,-1,-1,-1
289,77614,913,504,56,118,1,-1,-1,-1
289,77615,841,649,68,157,1,-1,-1,-1
289,77629,1418,430,39,100,1,-1,-1,-1
289,77648,1165,376,36,97,1,-1,-1,-1
289,77631,707,421,39,92,1,-1,-1,-1
289,77666,1499,342,41,91,1,-1,-1,-1
289,77677,409,339,31,85,1,-1,-1,-1
289,77634,1454,350,38,87,1,-1,-1,-1
289,77690,1029,384,38,92,1,-1,-1,-1
289,77691,694,382,42,102,1,-1,-1,-1
289,77692,462,269,34,56,1,-1,-1,-1
289,77642,234,382,42,98,1,-1,-1,-1
289,77667,758,328,33,76,1,-1,-1,-1
289,77710,1758,393,49,98,1,-1,-1,-1
289,77711,1703,589,61,133,1,-1,-1,-1
289,77719,115,495,34,120,1,-1,-1,-1
289,77720,73,464,53,113,1,-1,-1,-1
289,77723,16,527,46,128,1,-1,-1,-1
290,77604,810,489,52,122,1,-1,-1,-1
290,77606,1054,512,48,116,1,-1,-1,-1
290,77614,923,505,57,121,1,-1,-1,-1
290,77615,848,649,68,157,1,-1,-1,-1
290,77629,1433,433,39,98,1,-1,-1,-1
290,77648,1177,378,37,97,1,-1,-1,-1
290,77631,716,425,38,91,1,-1,-1,-1
290,77666,1506,343,41,91,1,-1,-1,-1
290,77677,414,339,31,85,1,-1,-1,-1
290,77634,1462,350,38,87,1,-1,-1,-1
290,77690,1036,385,39,94,1,-1,-1,-1
290,77691,702,383,42,102,1,-1,-1,-1
290,77692,470,268,33,58,1,-1,-1,-1
290,77642,244,384,42,98,1,-1,-1,-1
290,77667,763,328,33,76,1,-1,-1,-1
290,77710,1777,395,48,97,1,-1,-1,-1
290,77711,1711,591,62,132,1,-1,-1,-1
290,77719,129,497,35,121,1,-1,-1,-1
290,77720,81,467,55,118,1,-1,-1,-1
290,77723,24,529,47,128,1,-1,-1,-1
291,77604,812,489,51,123,1,-1,-1,-1
291,77606,1060,515,48,116,1,-1,-1,-1
291,77614,934,506,58,124,1,-1,-1,-1
291,77615,857,649,68,157,1,-1,-1,-1
291,77629,1438,434,39,97,1,-1,-1,-1
291,77648,1182,379,37,97,1,-1,-1,-1
291,77631,719,427,38,91,1,-1,-1,-1
291,77666,1514,344,41,91,1,-1,-1,-1
291,77677,420,339,31,85,1,-1,-1,-1
291,77634,1471,351,38,87,1,-1,-1,-1
291,77690,1040,386,39,94,1,-1,-1,-1
291,77691,706,384,41,102,1,-1,-1,-1
291,77692,477,268,34,58,1,-1,-1,-1
291,77642,247,385,43,98,1,-1,-1,-1
291,77667,768,328,33,76,1,-1,-1,-1
291,77710,1785,396,47,97,1,-1,-1,-1
291,77711,1719,592,63,133,1,-1,-1,-1
291,77719,135,497,36,123,1,-1,-1,-1
291,77720,84,468,56,120,1,-1,-1,-1
291,77723,27,530,47,127,1,-1,-1,-1
292,77604,814,489,51,122,1,-1,-1,-1
292,77606,1064,515,48,117,1,-1,-1,-1
292,77614,943,508,59,125,1,-1,-1,-1
292,77615,865,649,68,157,1,-1,-1,-1
292,77629,1446,435,39,97,1,-1,-1,-1
292,77648,1190,380,37,97,1,-1,-1,-1
292,77631,724,428,37,90,1,-1,-1,-1
292,77666,1523,345,40,91,1,-1,-1,-1
292,77677,426,339,31,85,1,-1,-1,-1
292,77634,1480,352,38,87,1,-1,-1,-1
292,77690,1044,386,40,95,1,-1,-1,-1
292,77691,709,384,41,102,1,-1,-1,-1
292,77692,485,267,34,59,1,-1,-1,-1
292,77642,253,385,42,98,1,-1,-1,-1
292,77667,773,328,33,76,1,-1,-1,-1
292,77710,1799,396,48,99,1,-1,-1,-1
292,77711,1725,594,63,133,1,-1,-1,-1
292,77719,142,498,37,122,1,-1,-1,-1
292,77720,89,469,57,121,1,-1,-1,-1
292,77723,34,531,47,127,1,-1,-1,-1
293,77604,816,488,51,122,1,-1,-1,-1
293,77606,1068,515,48,117,1,-1,-1,-1
293,77614,951,509,60,126,1,-1,-1,-1
293,77615,874,649,68,157,1,-1,-1,-1
293,77629,1454,437,40,98,1,-1,-1,-1
293,77648,1199,381,36,97,1,-1,-1,-1
293,77631,729,428,36,90,1,-1,-1,-1
293,77666,1532,345,41,91,1,-1,-1,-1
293,77677,432,339,30,85,1,-1,-1,-1
293,77634,1490,352,37,86,1,-1,-1,-1
293,77690,1050,387,39,94,1,-1,-1,-1
293,77691,714,385,40,102,1,-1,-1,-1
293,77692,493,267,33,60,1,-1,-1,-1
293,77642,259,384,43,98,1,-1,-1,-1
293,77667,778,328,33,77,1,-1,-1,-1
293,77710,1807,397,47,99,1,-1,-1,-1
293,77711,1730,595,65,133,1,-1,-1,-1
293,77719,150,498,38,123,1,-1,-1,-1
293,77720,95,469,57,122,1,-1,-1,-1
293,77723,42,531,47,126,1,-1,-1,-1
294,77604,818,488,51,122,1,-1,-1,-1
294,77606,1072,515,47,117,1,-1,-1,-1
294,77614,961,511,60,126,1,-1,-1,-1
294,77615,882,649,68,157,1,-1,-1,-1
294,77629,1462,439,41,98,1,-1,-1,-1
294,77648,1208,382,36,97,1,-1,-1,-1
294,77631,734,429,37,90,1,-1,-1,-1
294,77666,1542,345,41,91,1,-1,-1,-1
294,77677,438,339,30,85,1,-1,-1,-1
294,77634,1499,352,38,86,1,-1,-1,-1
294,77690,1055,387,39,95,1,-1,-1,-1
294,77691,719,385,40,102,1,-1,-1,-1
294,77692,501,266,33,61,1,-1,-1,-1
294,77642,266,384,42,98,1,-1,-1,-1
294,77667,783,328,33,77,1,-1,-1,-1
294,77710,1817,397,47,99,1,-1,-1,-1
294,77711,1736,596,66,133,1,-1,-1,-1
294,77719,159,499,38,122,1,-1,-1,-1
294,77720,102,469,57,122,1,-1,-1,-1
294,77723,50,532,47,125,1,-1,-1,-1
295,77604,819,487,51,121,1,-1,-1,-1
295,77606,1078,514,47,117,1,-1,-1,-1
295,77614,975,514,61,126,1,-1,-1,-1
295,77615,890,649,68,157,1,-1,-1,-1
295,77629,1474,442,42,99,1,-1,-1,-1
295,77648,1217,382,36,97,1,-1,-1,-1
295,77631,740,429,36,90,1,-1,-1,-1
295,77666,1552,346,40,91,1,-1,-1,-1
295,77677,447,339,30,85,1,-1,-1,-1
295,77634,1510,353,38,85,1,-1,-1,-1
295,77690,1062,388,38,93,1,-1,-1,-1
295,77691,724,386,39,101,1,-1,-1,-1
295,77692,514,266,33,62,1,-1,-1,-1
295,77642,273,384,42,98,1,-1,-1,-1
295,77667,791,328,34,77,1,-1,-1,-1
295,77710,1828,397,47,100,1,-1,-1,-1
295,77711,1742,597,67,134,1,-1,-1,-1
295,77719,172,499,39,123,1,-1,-1,-1
295,77720,108,469,57,123,1,-1,-1,-1
295,77723,62,532,48,125,1,-1,-1,-1
296,77604,821,487,51,121,1,-1,-1,-1
296,77606,1081,513,46,117,1,-1,-1,-1
296,77614,982,515,60,125,1,-1,-1,-1
296,77615,900,649,66,157,1,-1,-1,-1
296,77629,1480,443,43,100,1,-1,-1,-1
296,77648,1227,383,36,97,1,-1,-1,-1
296,77631,745,429,36,90,1,-1,-1,-1
296,77666,1564,346,40,91,1,-1,-1,-1
296,77677,450,339,31,85,1,-1,-1,-1
296,77634,1520,353,38,85,1,-1,-1,-1
296,77690,1068,388,38,94,1,-1,-1,-1
296,77691,729,387,38,101,1,-1,-1,-1
296,77692,518,266,33,62,1,-1,-1,-1
296,77642,280,383,41,98,1,-1,-1,-1
296,77667,794,328,34,77,1,-1,-1,-1
296,77710,1841,397,48,101,1,-1,-1,-1
296,77711,1748,598,68,135,1,-1,-1,-1
296,77719,177,500,40,122,1,-1,-1,-1
296,77720,115,469,57,123,1,-1,-1,-1
296,77723,68,533,48,124,1,-1,-1,-1
297,77604,823,486,52,121,1,-1,-1,-1
297,77606,1083,515,46,118,1,-1,-1,-1
297,77614,992,517,60,125,1,-1,-1,-1
297,77615,907,649,66,157,1,-1,-1,-1
297,77629,1489,443,43,101,1,-1,-1,-1
297,77648,1234,383,37,97,1,-1,-1,-1
297,77631,750,429,36,90,1,-1,-1,-1
297,77666,1572,346,40,91,1,-1,-1,-1
297,77677,454,338,30,85,1,-1,-1,-1
297,77634,1530,352,38,86,1,-1,-1,-1
297,77690,1072,389,38,94,1,-1,-1,-1
297,77691,733,386,38,101,1,-1,-1,-1
297,77692,523,265,32,62,1,-1,-1,-1
297,77642,286,383,42,98,1,-1,-1,-1
297,77667,797,327,34,77,1,-1,-1,-1
297,77710,1850,397,47,101,1,-1,-1,-1
297,77711,1753,599,69,135,1,-1,-1,-1
297,77719,184,500,41,123,1,-1,-1,-1
297,77720,122,469,57,123,1,-1,-1,-1
297,77723,77,533,48,124,1,-1,-1,-1
298,77604,825,484,52,121,1,-1,-1,-1
298,77606,1085,518,47,118,1,-1,-1,-1
298,77614,1003,520,61,124,1,-1,-1,-1
298,77615,913,650,66,156,1,-1,-1,-1
298,77629,1499,443,44,101,1,-1,-1,-1
298,77648,1241,382,36,97,1,-1,-1,-1
298,77631,755,430,36,90,1,-1,-1,-1
298,77666,1580,346,40,91,1,-1,-1,-1
298,77677,458,337,30,85,1,-1,-1,-1
298,77634,1539,352,38,86,1,-1,-1,-1
298,77690,1076,389,38,94,1,-1,-1,-1
298,77691,736,385,39,101,1,-1,-1,-1
298,77692,529,263,31,62,1,-1,-1,-1
298,77642,293,383,41,99,1,-1,-1,-1
298,77667,800,326,34,77,1,-1,-1,-1
298,77710,1859,396,46,101,1,-1,-1,-1
298,77711,1760,600,68,135,1,-1,-1,-1
298,77719,193,501,40,123,1,-1,-1,-1
298,77720,128,469,58,123,1,-1,-1,-1
298,77723,86,533,50,125,1,-1,-1,-1
299,77604,827,483,52,121,1,-1,-1,-1
299,77606,1087,520,47,119,1,-1,-1,-1
299,77614,1015,522,61,124,1,-1,-1,-1
299,77615,919,650,66,156,1,-1,-1,-1
299,77629,1510,443,44,102,1,-1,-1,-1
299,77648,1248,381,36,97,1,-1,-1,-1
299,77631,761,430,35,90,1,-1,-1,-1
299,77666,1588,346,41,91,1,-1,-1,-1
299,77677,461,336,31,85,1,-1,-1,-1
299,77634,1548,351,38,87,1,-1,-1,-1
299,77690,1080,388,38,94,1,-1,-1,-1
299,77691,741,384,38,100,1,-1,-1,-1
299,77692,535,262,31,62,1,-1,-1,-1
299,77642,299,383,42,99,1,-1,-1,-1
299,77667,803,325,34,77,1,-1,-1,-1
299,77710,1869,396,44,101,1,-1,-1,-1
299,77711,1766,601,68,135,1,-1,-1,-1
299,77719,201,502,41,123,1,-1,-1,-1
299,77720,135,469,57,124,1,-1,-1,-1
299,77723,97,534,50,125,1,-1,-1,-1
300,77604,831,481,52,121,1,-1,-1,-1
300,77606,1088,523,50,119,1,-1,-1,-1
300,77614,1027,525,61,123,1,-1,-1,-1
300,77615,928,650,66,156,1,-1,-1,-1
300,77629,1520,443,44,103,1,-1,-1,-1
300,77648,1257,380,37,97,1,-1,-1,-1
300,77631,769,431,35,89,1,-1,-1,-1
300,77666,1597,346,40,91,1,-1,-1,-1
300,77677,465,335,31,85,1,-1,-1,-1
300,77634,1557,351,39,87,1,-1,-1,-1
300,77690,1085,388,38,95,1,-1,-1,-1
300,77691,747,382,37,101,1,-1,-1,-1
300,77692,541,261,30,62,1,-1,-1,-1
300,77642,311,382,41,99,1,-1,-1,-1
300,77667,806,323,33,77,1,-1,-1,-1
300,77710,1879,395,43,102,1,-1,-1,-1
300,77711,1772,602,68,135,1,-1,-1,-1
300,77719,209,503,42,123,1,-1,-1,-1
300,77720,146,469,57,125,1,-1,-1,-1
300,77723,107,535,51,124,1,-1,-1,-1
301,77604,832,481,53,121,1,-1,-1,-1
301,77606,1090,526,51,120,1,-1,-1,-1
301,77614,1041,528,60,122,1,-1,-1,-1
301,77615,932,651,66,155,1,-1,-1,-1
301,77629,1531,443,45,104,1,-1,-1,-1
301,77648,1261,380,37,98,1,-1,-1,-1
301,77631,772,431,35,89,1,-1,-1,-1
301,77666,1606,346,40,91,1,-1,-1,-1
301,77677,469,334,31,85,1,-1,-1,-1
301,77634,1567,350,38,88,1,-1,-1,-1
301,77690,1087,388,38,95,1,-1,-1,-1
301,77691,750,382,38,100,1,-1,-1,-1
301,77692,546,260,30,62,1,-1,-1,-1
301,77642,315,382,41,99,1,-1,-1,-1
301,77667,808,322,34,77,1,-1,-1,-1
301,77710,1889,395,41,102,1,-1,-1,-1
301,77711,1781,603,67,135,1,-1,-1,-1
301,77719,220,504,42,123,1,-1,-1,-1
301,77720,150,470,57,124,1,-1,-1,-1
301,77723,120,535,52,124,1,-1,-1,-1
302,77604,834,480,52,120,1,-1,-1,-1
302,77606,1091,526,53,120,1,-1,-1,-1
302,77614,1050,529,61,123,1,-1,-1,-1
302,77615,937,650,66,155,1,-1,-1,-1
302,77629,1538,443,45,104,1,-1,-1,-1
302,77648,1265,379,37,98,1,-1,-1,-1
302,77631,774,431,36,90,1,-1,-1,-1
302,77666,1612,345,41,91,1,-1,-1,-1
302,77677,473,333,30,85,1,-1,-1,-1
302,77634,1574,349,37,89,1,-1,-1,-1
302,77690,1089,388,39,95,1,-1,-1,-1
302,77691,752,382,37,100,1,-1,-1,-1
302,77692,552,258,29,62,1,-1,-1,-1
302,77642,318,381,40,99,1,-1,-1,-1
302,77667,810,321,34,77,1,-1,-1,-1
302,77710,1896,395,38,102,1,-1,-1,-1
302,77711,1784,603,66,134,1,-1,-1,-1
302,77719,226,505,42,122,1,-1,-1,-1
302,77720,153,469,58,125,1,-1,-1,-1
302,77723,127,536,53,124,1,-1,-1,-1
303,77604,835,479,53,119,1,-1,-1,-1
303,77606,1093,526,54,120,1,-1,-1,-1
303,77614,1058,530,63,124,1,-1,-1,-1
303,77615,942,649,66,155,1,-1,-1,-1
303,77629,1543,444,46,104,1,-1,-1,-1
303,77648,1268,378,38,99,1,-1,-1,-1
303,77631,777,431,35,91,1,-1,-1,-1
303,77666,1619,345,40,91,1,-1,-1,-1
303,77677,477,332,30,85,1,-1,-1,-1
303,77634,1579,348,38,89,1,-1,-1,-1
303,77690,1092,388,38,96,1,-1,-1,-1
303,77691,754,381,37,100,1,-1,-1,-1
303,77692,558,257,29,62,1,-1,-1,-1
303,77642,320,379,40,99,1,-1,-1,-1
303,77667,813,320,34,77,1,-1,-1,-1
303,77711,1787,603,65,134,1,-1,-1,-1
303,77719,232,504,43,123,1,-1,-1,-1
303,77720,156,468,57,125,1,-1,-1,-1
303,77723,134,534,54,127,1,-1,-1,-1
304,77604,836,478,53,119,1,-1,-1,-1
304,77606,1095,526,55,120,1,-1,-1,-1
304,77614,1066,531,65,125,1,-1,-1,-1
304,77615,947,648,65,155,1,-1,-1,-1
304,77629,1549,444,46,105,1,-1,-1,-1
304,77648,1271,378,38,99,1,-1,-1,-1
304,77631,779,431,36,94,1,-1,-1,-1
304,77666,1625,345,40,91,1,-1,-1,-1
304,77677,481,331,30,85,1,-1,-1,-1
304,77634,1584,347,38,89,1,-1,-1,-1
304,77690,1094,388,39,96,1,-1,-1,-1
304,77691,756,381,37,99,1,-1,-1,-1
304,77692,563,256,29,62,1,-1,-1,-1
304,77642,322,378,40,99,1,-1,-1,-1
304,77667,816,319,34,77,1,-1,-1,-1
304,77711,1790,603,64,133,1,-1,-1,-1
304,77719,239,503,42,124,1,-1,-1,-1
304,77720,158,468,57,124,1,-1,-1,-1
304,77723,140,533,56,129,1,-1,-1,-1
304,77726,1913,436,6,61,1,-1,-1,-1
305,77604,838,477,54,118,1,-1,-1,-1
305,77606,1097,525,56,121,1,-1,-1,-1
305,77614,1074,532,67,127,1,-1,-1,-1
305,77615,952,647,65,155,1,-1,-1,-1
305,77629,1554,445,46,105,1,-1,-1,-1
305,77648,1275,377,38,100,1,-1,-1,-1
305,77631,782,432,37,95,1,-1,-1,-1
305,77666,1630,345,41,91,1,-1,-1,-1
305,77677,485,330,30,85,1,-1,-1,-1
305,77634,1592,346,38,90,1,-1,-1,-1
305,77690,1099,388,38,97,1,-1,-1,-1
305,77691,759,380,37,100,1,-1,-1,-1
305,77692,569,255,28,62,1,-1,-1,-1
305,77642,324,376,40,100,1,-1,-1,-1
305,77667,819,318,34,77,1,-1,-1,-1
305,77711,1793,603,63,133,1,-1,-1,-1
305,77719,249,502,42,124,1,-1,-1,-1
305,77720,160,467,57,124,1,-1,-1,-1
305,77723,151,532,57,132,1,-1,-1,-1
306,77604,839,476,54,118,1,-1,-1,-1
306,77606,1099,525,57,120,1,-1,-1,-1
306,77614,1082,533,69,128,1,-1,-1,-1
306,77615,957,646,65,155,1,-1,-1,-1
306,77629,1559,446,46,105,1,-1,-1,-1
306,77648,1278,376,38,101,1,-1,-1,-1
306,77631,783,432,37,97,1,-1,-1,-1
306,77666,1636,345,40,91,1,-1,-1,-1
306,77677,489,329,30,85,1,-1,-1,-1
306,77634,1595,345,38,90,1,-1,-1,-1
306,77690,1101,388,39,97,1,-1,-1,-1
306,77691,760,379,37,101,1,-1,-1,-1
306,77692,575,253,28,62,1,-1,-1,-1
306,77642,326,375,40,100,1,-1,-1,-1
306,77667,822,317,34,77,1,-1,-1,-1
306,77711,1796,603,62,132,1,-1,-1,-1
306,77719,252,501,43,125,1,-1,-1,-1
306,77720,163,466,57,123,1,-1,-1,-1
306,77723,155,531,57,134,1,-1,-1,-1
307,77604,839,474,54,117,1,-1,-1,-1
307,77606,1098,525,58,120,1,-1,-1,-1
307,77614,1088,531,70,131,1,-1,-1,-1
307,77615,959,645,64,155,1,-1,-1,-1
307,77629,1563,446,47,105,1,-1,-1,-1
307,77648,1282,375,38,101,1,-1,-1,-1
307,77631,784,430,38,98,1,-1,-1,-1
307,77666,1642,343,40,91,1,-1,-1,-1
307,77677,493,328,30,85,1,-1,-1,-1
307,77634,1598,343,39,90,1,-1,-1,-1
307,77690,1103,387,38,96,1,-1,-1,-1
307,77691,758,377,38,102,1,-1,-1,-1
307,77692,580,252,28,62,1,-1,-1,-1
307,77642,328,373,41,100,1,-1,-1,-1
307,77667,825,316,34,77,1,-1,-1,-1
307,77711,1800,603,62,133,1,-1,-1,-1
307,77719,256,501,42,124,1,-1,-1,-1
307,77720,165,466,56,122,1,-1,-1,-1
307,77723,162,530,57,134,1,-1,-1,-1
308,77604,838,472,54,116,1,-1,-1,-1
308,77606,1096,525,60,119,1,-1,-1,-1
308,77614,1093,527,73,133,1,-1,-1,-1
308,77615,959,644,64,155,1,-1,-1,-1
308,77629,1567,445,47,106,1,-1,-1,-1
308,77648,1286,375,38,101,1,-1,-1,-1
308,77631,785,429,38,98,1,-1,-1,-1
308,77666,1648,341,40,91,1,-1,-1,-1
308,77677,497,327,30,85,1,-1,-1,-1
308,77634,1601,341,39,90,1,-1,-1,-1
308,77690,1104,387,38,96,1,-1,-1,-1
308,77691,756,375,38,103,1,-1,-1,-1
308,77692,586,251,28,62,1,-1,-1,-1
308,77642,330,372,41,100,1,-1,-1,-1
308,77667,827,315,34,77,1,-1,-1,-1
308,77711,1803,601,62,135,1,-1,-1,-1
308,77719,259,501,42,123,1,-1,-1,-1
308,77720,168,465,55,122,1,-1,-1,-1
308,77723,170,530,57,132,1,-1,-1,-1
309,77604,838,469,54,116,1,-1,-1,-1
309,77606,1092,525,62,119,1,-1,-1,-1
309,77614,1099,524,74,136,1,-1,-1,-1
309,77615,959,643,64,155,1,-1,-1,-1
309,77629,1572,444,47,107,1,-1,-1,-1
309,77648,1289,374,38,102,1,-1,-1,-1
309,77631,786,427,39,99,1,-1,-1,-1
309,77666,1653,338,40,91,1,-1,-1,-1
309,77677,501,326,30,85,1,-1,-1,-1
309,77634,1604,339,39,90,1,-1,-1,-1
309,77690,1105,386,37,95,1,-1,-1,-1
309,77691,753,373,38,103,1,-1,-1,-1
309,77692,591,250,28,62,1,-1,-1,-1
309,77642,332,371,41,100,1,-1,-1,-1
309,77667,830,314,34,77,1,-1,-1,-1
309,77711,1806,601,62,135,1,-1,-1,-1
309,77719,262,501,42,122,1,-1,-1,-1
309,77720,170,464,56,122,1,-1,-1,-1
309,77723,178,529,56,131,1,-1,-1,-1
309,77727,1184,303,19,30,1,-1,-1,-1
310,77604,837,467,54,115,1,-1,-1,-1
310,77606,1089,525,63,118,1,-1,-1,-1
310,77614,1104,520,76,139,1,-1,-1,-1
310,77615,959,641,64,155,1,-1,-1,-1
310,77629,1576,443,48,109,1,-1,-1,-1
310,77648,1295,372,38,104,1,-1,-1,-1
310,77631,787,423,39,102,1,-1,-1,-1
310,77666,1662,334,40,91,1,-1,-1,-1
310,77677,507,325,30,85,1,-1,-1,-1
310,77634,1607,336,40,91,1,-1,-1,-1
310,77690,1107,385,37,94,1,-1,-1,-1
310,77691,750,371,39,103,1,-1,-1,-1
310,77692,600,247,28,62,1,-1,-1,-1
310,77642,335,368,41,100,1,-1,-1,-1
310,77667,835,312,34,77,1,-1,-1,-1
310,77711,1808,601,61,133,1,-1,-1,-1
310,77719,266,501,42,121,1,-1,-1,-1
310,77720,174,463,54,121,1,-1,-1,-1
310,77723,186,529,56,130,1,-1,-1,-1
311,77604,837,464,54,115,1,-1,-1,-1
311,77606,1085,525,66,118,1,-1,-1,-1
311,77614,1109,516,78,142,1,-1,-1,-1
311,77615,959,640,64,155,1,-1,-1,-1
311,77629,1581,442,48,110,1,-1,-1,-1
311,77648,1297,372,38,104,1,-1,-1,-1
311,77631,787,422,40,102,1,-1,-1,-1
311,77666,1666,333,40,91,1,-1,-1,-1
311,77677,509,324,30,85,1,-1,-1,-1
311,77634,1611,334,40,91,1,-1,-1,-1
311,77690,1108,385,36,93,1,-1,-1,-1
311,77691,748,368,39,105,1,-1,-1,-1
311,77692,603,246,28,62,1,-1,-1,-1
311,77642,336,367,40,100,1,-1,-1,-1
311,77667,835,311,35,78,1,-1,-1,-1
311,77711,1809,600,60,132,1,-1,-1,-1
311,77719,269,501,42,119,1,-1,-1,-1
311,77720,174,463,55,121,1,-1,-1,-1
311,77723,195,529,56,128,1,-1,-1,-1
312,77604,836,462,54,114,1,-1,-1,-1
312,77606,1080,523,68,120,1,-1,-1,-1
312,77614,1112,511,78,143,1,-1,-1,-1
312,77615,958,639,64,155,1,-1,-1,-1
312,77629,1584,440,48,111,1,-1,-1,-1
312,77648,1297,371,38,104,1,-1,-1,-1
312,77631,785,420,40,102,1,-1,-1,-1
312,77666,1666,331,40,91,1,-1,-1,-1
312,77677,507,322,30,85,1,-1,-1,-1
312,77634,1613,331,40,91,1,-1,-1,-1
312,77690,1105,383,36,94,1,-1,-1,-1
312,77691,745,366,39,106,1,-1,-1,-1
312,77692,603,244,27,62,1,-1,-1,-1
312,77642,333,365,41,101,1,-1,-1,-1
312,77667,833,309,34,78,1,-1,-1,-1
312,77711,1808,598,60,132,1,-1,-1,-1
312,77719,270,500,43,120,1,-1,-1,-1
312,77720,171,461,55,122,1,-1,-1,-1
312,77723,199,527,56,129,1,-1,-1,-1
313,77604,835,460,53,114,1,-1,-1,-1
313,77606,1076,522,69,121,1,-1,-1,-1
313,77614,1114,506,79,143,1,-1,-1,-1
313,77615,958,637,63,155,1,-1,-1,-1
313,77629,1586,438,49,112,1,-1,-1,-1
313,77648,1295,369,38,104,1,-1,-1,-1
313,77631,782,419,39,102,1,-1,-1,-1
313,77666,1666,328,41,91,1,-1,-1,-1
313,77677,505,319,30,85,1,-1,-1,-1
313,77634,1615,329,40,90,1,-1,-1,-1
313,77690,1101,381,37,94,1,-1,-1,-1
313,77691,743,363,39,107,1,-1,-1,-1
313,77692,602,242,27,62,1,-1,-1,-1
313,77642,329,363,41,101,1,-1,-1,-1
313,77667,829,307,34,79,1,-1,-1,-1
313,77711,1808,595,60,132,1,-1,-1,-1
313,77719,270,498,44,122,1,-1,-1,-1
313,77720,168,459,54,123,1,-1,-1,-1
313,77723,201,525,56,131,1,-1,-1,-1
314,77604,833,458,53,114,1,-1,-1,-1
314,77606,1072,521,70,122,1,-1,-1,-1
314,77614,1115,501,79,143,1,-1,-1,-1
314,77615,957,634,63,155,1,-1,-1,-1
314,77629,1587,436,49,112,1,-1,-1,-1
314,77648,1293,367,38,104,1,-1,-1,-1
314,77631,780,418,39,101,1,-1,-1,-1
314,77666,1666,325,41,91,1,-1,-1,-1
314,77677,502,317,30,85,1,-1,-1,-1
314,77634,1617,326,40,90,1,-1,-1,-1
314,77690,1098,379,37,95,1,-1,-1,-1
314,77691,740,361,39,108,1,-1,-1,-1
314,77692,599,239,27,62,1,-1,-1,-1
314,77642,324,361,41,101,1,-1,-1,-1
314,77667,825,305,34,80,1,-1,-1,-1
314,77711,1806,589,62,137,1,-1,-1,-1
314,77719,269,497,45,125,1,-1,-1,-1
314,77720,164,457,54,124,1,-1,-1,-1
314,77723,201,522,57,133,1,-1,-1,-1
315,77604,832,455,52,114,1,-1,-1,-1
315,77606,1068,519,70,125,1,-1,-1,-1
315,77614,1117,495,79,144,1,-1,-1,-1
315,77615,955,631,63,155,1,-1,-1,-1
315,77629,1589,432,50,114,1,-1,-1,-1
315,77648,1291,366,37,104,1,-1,-1,-1
315,77631,776,417,39,100,1,-1,-1,-1
315,77666,1666,322,41,91,1,-1,-1,-1
315,77677,499,314,30,85,1,-1,-1,-1
315,77634,1619,323,40,90,1,-1,-1,-1
315,77690,1094,377,37,96,1,-1,-1,-1
315,77691,737,359,39,109,1,-1,-1,-1
315,77692,597,237,27,62,1,-1,-1,-1
315,77642,320,359,41,102,1,-1,-1,-1
315,77667,820,303,34,80,1,-1,-1,-1
315,77711,1804,587,63,138,1,-1,-1,-1
315,77719,269,494,47,128,1,-1,-1,-1
315,77720,159,455,55,124,1,-1,-1,-1
315,77723,202,517,59,138,1,-1,-1,-1
316,77604,830,453,51,113,1,-1,-1,-1
316,77606,1064,518,70,126,1,-1,-1,-1
316,77614,1119,490,79,144,1,-1,-1,-1
316,77615,954,629,63,155,1,-1,-1,-1
316,77629,1590,430,50,114,1,-1,-1,-1
316,77648,1289,364,37,104,1,-1,-1,-1
316,77631,773,416,39,100,1,-1,-1,-1
316,77666,1667,319,41,91,1,-1,-1,-1
316,77677,496,312,30,85,1,-1,-1,-1
316,77634,1621,320,40,89,1,-1,-1,-1
316,77690,1090,375,37,96,1,-1,-1,-1
316,77691,734,356,40,110,1,-1,-1,-1
316,77692,595,234,27,62,1,-1,-1,-1
316,77642,316,357,41,102,1,-1,-1,-1
316,77667,816,300,34,81,1,-1,-1,-1
316,77711,1797,583,64,142,1,-1,-1,-1
316,77719,269,493,47,129,1,-1,-1,-1
316,77720,155,454,54,125,1,-1,-1,-1
316,77723,203,516,58,139,1,-1,-1,-1
317,77604,826,450,50,114,1,-1,-1,-1
317,77606,1056,518,68,126,1,-1,-1,-1
317,77614,1120,490,80,144,1,-1,-1,-1
317,77615,951,628,63,155,1,-1,-1,-1
317,77629,1588,429,51,115,1,-1,-1,-1
317,77648,1287,362,37,104,1,-1,-1,-1
317,77631,769,414,38,100,1,-1,-1,-1
317,77666,1665,316,42,92,1,-1,-1,-1
317,77677,493,309,31,85,1,-1,-1,-1
317,77634,1621,318,39,89,1,-1,-1,-1
317,77690,1086,374,37,96,1,-1,-1,-1
317,77691,729,354,40,110,1,-1,-1,-1
317,77692,593,232,27,62,1,-1,-1,-1
317,77642,312,355,41,102,1,-1,-1,-1
317,77667,811,298,34,82,1,-1,-1,-1
317,77711,1795,582,64,143,1,-1,-1,-1
317,77719,266,492,48,130,1,-1,-1,-1
317,77720,151,452,54,126,1,-1,-1,-1
317,77723,202,514,57,141,1,-1,-1,-1
318,77604,821,447,50,114,1,-1,-1,-1
318,77606,1045,517,68,127,1,-1,-1,-1
318,77614,1121,491,82,146,1,-1,-1,-1
318,77615,947,626,63,155,1,-1,-1,-1
318,77629,1586,429,51,114,1,-1,-1,-1
318,77648,1285,361,36,104,1,-1,-1,-1
318,77631,763,413,39,100,1,-1,-1,-1
318,77666,1664,314,42,92,1,-1,-1,-1
318,77677,490,307,30,85,1,-1,-1,-1
318,77634,1618,316,39,89,1,-1,-1,-1
318,77690,1082,372,38,98,1,-1,-1,-1
318,77691,724,353,39,108,1,-1,-1,-1
318,77692,591,229,27,62,1,-1,-1,-1
318,77642,308,353,41,102,1,-1,-1,-1
318,77667,807,296,34,82,1,-1,-1,-1
318,77711,1787,581,64,144,1,-1,-1,-1
318,77719,263,491,48,131,1,-1,-1,-1
318,77720,147,450,54,127,1,-1,-1,-1
318,77723,199,513,58,141,1,-1,-1,-1
319,77604,816,444,49,115,1,-1,-1,-1
319,77606,1034,516,66,128,1,-1,-1,-1
319,77614,1122,493,83,148,1,-1,-1,-1
319,77615,943,624,62,155,1,-1,-1,-1
319,77629,1584,429,51,114,1,-1,-1,-1
319,77648,1283,359,36,104,1,-1,-1,-1
319,77631,758,412,38,100,1,-1,-1,-1
319,77666,1662,311,42,93,1,-1,-1,-1
319,77677,487,304,30,85,1,-1,-1,-1
319,77634,1615,314,39,89,1,-1,-1,-1
319,77690,1078,370,38,98,1,-1,-1,-1
319,77691,718,351,39,109,1,-1,-1,-1
319,77692,589,227,27,62,1,-1,-1,-1
319,77642,303,351,41,102,1,-1,-1,-1
319,77667,802,294,34,83,1,-1,-1,-1
319,77711,1773,581,65,144,1,-1,-1,-1
319,77719,260,490,48,131,1,-1,-1,-1
319,77720,143,448,53,128,1,-1,-1,-1
319,77723,197,512,57,141,1,-1,-1,-1
320,77604,811,441,48,116,1,-1,-1,-1
320,77606,1022,516,65,128,1,-1,-1,-1
320,77614,1123,496,85,149,1,-1,-1,-1
320,77615,935,621,63,155,1,-1,-1,-1
320,77629,1581,428,51,115,1,-1,-1,-1
320,77648,1281,358,36,104,1,-1,-1,-1
320,77631,750,410,39,100,1,-1,-1,-1
320,77666,1659,307,42,93,1,-1,-1,-1
320,77677,483,300,30,85,1,-1,-1,-1
320,77634,1611,312,39,89,1,-1,-1,-1
320,77690,1074,368,39,99,1,-1,-1,-1
320,77691,709,350,40,107,1,-1,-1,-1
320,77692,586,223,27,62,1,-1,-1,-1
320,77642,299,348,41,103,1,-1,-1,-1
320,77667,796,290,33,84,1,-1,-1,-1
320,77711,1766,581,66,144,1,-1,-1,-1
320,77719,256,489,48,131,1,-1,-1,-1
320,77720,138,446,53,129,1,-1,-1,-1
320,77723,195,511,56,141,1,-1,-1,-1
321,77604,805,438,49,116,1,-1,-1,-1
321,77606,1009,515,65,129,1,-1,-1,-1
321,77614,1124,499,87,150,1,-1,-1,-1
321,77615,932,620,63,155,1,-1,-1,-1
321,77629,1579,428,51,114,1,-1,-1,-1
321,77648,1279,356,36,104,1,-1,-1,-1
321,77631,746,409,39,100,1,-1,-1,-1
321,77666,1658,305,41,94,1,-1,-1,-1
321,77677,481,299,30,85,1,-1,-1,-1
321,77634,1609,311,39,89,1,-1,-1,-1
321,77690,1071,365,38,100,1,-1,-1,-1
321,77691,705,348,40,108,1,-1,-1,-1
321,77692,585,221,26,62,1,-1,-1,-1
321,77642,295,346,40,103,1,-1,-1,-1
321,77667,793,289,33,84,1,-1,-1,-1
321,77711,1760,581,67,146,1,-1,-1,-1
321,77719,252,487,48,132,1,-1,-1,-1
321,77720,134,444,53,130,1,-1,-1,-1
321,77723,192,510,56,141,1,-1,-1,-1
322,77604,802,436,48,116,1,-1,-1,-1
322,77606,1002,515,63,127,1,-1,-1,-1
322,77614,1124,500,88,150,1,-1,-1,-1
322,77615,929,621,63,155,1,-1,-1,-1
322,77629,1577,427,51,115,1,-1,-1,-1
322,77648,1277,355,36,104,1,-1,-1,-1
322,77631,743,409,39,101,1,-1,-1,-1
322,77666,1657,304,40,93,1,-1,-1,-1
322,77677,480,298,30,85,1,-1,-1,-1
322,77634,1606,309,40,89,1,-1,-1,-1
322,77690,1067,364,39,100,1,-1,-1,-1
322,77691,700,347,40,107,1,-1,-1,-1
322,77692,583,220,27,62,1,-1,-1,-1
322,77642,292,344,41,103,1,-1,-1,-1
322,77667,789,287,33,85,1,-1,-1,-1
322,77711,1757,581,67,145,1,-1,-1,-1
322,77719,251,486,48,132,1,-1,-1,-1
322,77720,133,442,52,131,1,-1,-1,-1
322,77723,193,511,55,138,1,-1,-1,-1
323,77604,799,433,47,117,1,-1,-1,-1
323,77606,996,515,61,125,1,-1,-1,-1
323,77614,1125,502,85,147,1,-1,-1,-1
323,77615,927,623,62,155,1,-1,-1,-1
323,77629,1576,426,50,115,1,-1,-1,-1
323,77648,1275,353,36,104,1,-1,-1,-1
323,77631,741,409,39,102,1,-1,-1,-1
323,77666,1655,303,40,93,1,-1,-1,-1
323,77677,479,297,30,85,1,-1,-1,-1
323,77634,1604,308,39,88,1,-1,-1,-1
323,77690,1064,362,38,101,1,-1,-1,-1
323,77691,696,346,40,105,1,-1,-1,-1
323,77692,582,219,26,62,1,-1,-1,-1
323,77642,290,344,40,103,1,-1,-1,-1
323,77667,786,286,32,84,1,-1,-1,-1
323,77711,1756,581,65,143,1,-1,-1,-1
323,77719,253,486,47,130,1,-1,-1,-1
323,77720,132,441,52,131,1,-1,-1,-1
323,77723,196,512,55,135,1,-1,-1,-1
324,77604,796,431,47,116,1,-1,-1,-1
324,77606,992,515,59,124,1,-1,-1,-1
324,77614,1126,503,83,145,1,-1,-1,-1
324,77615,924,625,62,155,1,-1,-1,-1
324,77629,1574,425,50,116,1,-1,-1,-1
324,77648,1272,352,36,104,1,-1,-1,-1
324,77631,738,408,39,102,1,-1,-1,-1
324,77666,1653,302,40,93,1,-1,-1,-1
324,77677,478,296,30,85,1,-1,-1,-1
324,77634,1601,306,40,89,1,-1,-1,-1
324,77690,1062,361,38,100,1,-1,-1,-1
324,77691,691,344,40,105,1,-1,-1,-1
324,77692,581,217,26,62,1,-1,-1,-1
324,77642,289,343,40,102,1,-1,-1,-1
324,77667,782,285,32,84,1,-1,-1,-1
324,77711,1756,581,64,142,1,-1,-1,-1
324,77719,255,486,46,129,1,-1,-1,-1
324,77720,131,440,52,131,1,-1,-1,-1
324,77723,200,513,55,132,1,-1,-1,-1
325,77604,792,427,47,116,1,-1,-1,-1
325,77606,987,515,58,122,1,-1,-1,-1
325,77614,1127,505,80,142,1,-1,-1,-1
325,77615,920,628,63,155,1,-1,-1,-1
325,77629,1570,423,51,117,1,-1,-1,-1
325,77648,1270,351,36,104,1,-1,-1,-1
325,77631,735,408,40,103,1,-1,-1,-1
325,77666,1651,301,40,92,1,-1,-1,-1
325,77677,476,295,30,85,1,-1,-1,-1
325,77634,1597,304,40,89,1,-1,-1,-1
325,77690,1059,360,38,100,1,-1,-1,-1
325,77691,687,343,40,104,1,-1,-1,-1
325,77692,580,216,26,62,1,-1,-1,-1
325,77642,287,342,40,102,1,-1,-1,-1
325,77667,779,283,32,84,1,-1,-1,-1
325,77711,1754,579,63,141,1,-1,-1,-1
325,77719,257,486,47,128,1,-1,-1,-1
325,77720,131,439,51,130,1,-1,-1,-1
325,77723,204,514,55,129,1,-1,-1,-1
326,77604,791,426,46,115,1,-1,-1,-1
326,77606,982,515,56,120,1,-1,-1,-1
326,77614,1129,506,75,139,1,-1,-1,-1
326,77615,918,629,63,155,1,-1,-1,-1
326,77629,1569,422,51,117,1,-1,-1,-1
326,77648,1268,350,36,104,1,-1,-1,-1
326,77631,732,408,40,104,1,-1,-1,-1
326,77666,1649,299,39,92,1,-1,-1,-1
326,77677,475,294,30,85,1,-1,-1,-1
326,77634,1595,302,40,89,1,-1,-1,-1
326,77690,1056,359,38,100,1,-1,-1,-1
326,77691,683,341,40,104,1,-1,-1,-1
326,77692,579,215,26,62,1,-1,-1,-1
326,77642,286,342,40,102,1,-1,-1,-1
326,77667,776,282,31,84,1,-1,-1,-1
326,77711,1751,576,63,141,1,-1,-1,-1
326,77719,260,486,46,126,1,-1,-1,-1
326,77720,131,437,51,131,1,-1,-1,-1
326,77723,209,515,55,125,1,-1,-1,-1
327,77604,789,425,46,115,1,-1,-1,-1
327,77606,979,515,56,119,1,-1,-1,-1
327,77614,1129,506,74,139,1,-1,-1,-1
327,77615,919,628,62,152,1,-1,-1,-1
327,77629,1566,422,51,118,1,-1,-1,-1
327,77648,1266,350,35,104,1,-1,-1,-1
327,77631,728,408,40,104,1,-1,-1,-1
327,77666,1646,298,39,91,1,-1,-1,-1
327,77677,474,293,30,85,1,-1,-1,-1
327,77634,1592,301,40,89,1,-1,-1,-1
327,77690,1053,358,38,100,1,-1,-1,-1
327,77691,678,340,39,104,1,-1,-1,-1
327,77692,577,213,26,62,1,-1,-1,-1
327,77642,285,341,39,102,1,-1,-1,-1
327,77667,772,281,31,84,1,-1,-1,-1
327,77711,1748,573,63,141,1,-1,-1,-1
327,77719,261,486,46,125,1,-1,-1,-1
327,77720,130,436,51,131,1,-1,-1,-1
327,77723,210,515,57,125,1,-1,-1,-1
328,77604,787,423,46,115,1,-1,-1,-1
328,77606,977,515,56,118,1,-1,-1,-1
328,77614,1130,507,71,138,1,-1,-1,-1
328,77615,919,626,62,150,1,-1,-1,-1
328,77629,1563,421,51,119,1,-1,-1,-1
328,77648,1264,349,35,104,1,-1,-1,-1
328,77631,725,408,40,103,1,-1,-1,-1
328,77666,1643,297,39,91,1,-1,-1,-1
328,77677,473,292,30,85,1,-1,-1,-1
328,77634,1589,299,40,89,1,-1,-1,-1
328,77690,1050,357,38,100,1,-1,-1,-1
328,77691,673,340,39,103,1,-1,-1,-1
328,77692,576,212,26,62,1,-1,-1,-1
328,77642,284,340,39,102,1,-1,-1,-1
328,77667,769,279,30,84,1,-1,-1,-1
328,77711,1745,568,62,140,1,-1,-1,-1
328,77719,260,485,47,127,1,-1,-1,-1
328,77720,130,435,51,130,1,-1,-1,-1
328,77723,210,515,58,125,1,-1,-1,-1
329,77604,786,422,45,115,1,-1,-1,-1
329,77606,976,515,56,118,1,-1,-1,-1
329,77614,1130,507,70,137,1,-1,-1,-1
329,77615,919,624,63,146,1,-1,-1,-1
329,77629,1560,421,50,119,1,-1,-1,-1
329,77648,1262,348,35,104,1,-1,-1,-1
329,77631,721,409,40,101,1,-1,-1,-1
329,77666,1639,296,39,91,1,-1,-1,-1
329,77677,472,291,30,85,1,-1,-1,-1
329,77634,1586,298,39,89,1,-1,-1,-1
329,77690,1047,356,39,100,1,-1,-1,-1
329,77691,668,339,39,102,1,-1,-1,-1
329,77692,575,211,26,62,1,-1,-1,-1
329,77642,282,340,40,101,1,-1,-1,-1
329,77667,765,278,30,84,1,-1,-1,-1
329,77711,1741,566,62,141,1,-1,-1,-1
329,77719,260,484,48,129,1,-1,-1,-1
329,77720,129,433,51,131,1,-1,-1,-1
329,77723,209,515,61,126,1,-1,-1,-1
330,77604,784,420,46,115,1,-1,-1,-1
330,77606,973,515,57,117,1,-1,-1,-1
330,77614,1129,507,69,137,1,-1,-1,-1
330,77615,919,622,64,142,1,-1,-1,-1
330,77629,1557,421,50,119,1,-1,-1,-1
330,77648,1260,347,35,105,1,-1,-1,-1
330,77631,717,409,39,101,1,-1,-1,-1
330,77666,1636,295,39,91,1,-1,-1,-1
330,77677,470,290,30,85,1,-1,-1,-1
330,77634,1583,297,39,88,1,-1,-1,-1
330,77690,1045,355,38,100,1,-1,-1,-1
330,77691,664,339,38,101,1,-1,-1,-1
330,77692,573,209,26,62,1,-1,-1,-1
330,77642,281,339,40,101,1,-1,-1,-1
330,77667,760,276,30,84,1,-1,-1,-1
330,77711,1735,567,62,140,1,-1,-1,-1
330,77719,260,483,48,131,1,-1,-1,-1
330,77720,129,432,51,131,1,-1,-1,-1
330,77723,209,515,62,127,1,-1,-1,-1
331,77604,782,419,45,115,1,-1,-1,-1
331,77606,972,515,57,117,1,-1,-1,-1
331,77614,1129,507,68,137,1,-1,-1,-1
331,77615,919,620,65,138,1,-1,-1,-1
331,77629,1554,420,48,120,1,-1,-1,-1
331,77648,1257,346,35,105,1,-1,-1,-1
331,77631,713,409,39,99,1,-1,-1,-1
331,77666,1632,294,39,91,1,-1,-1,-1
331,77677,469,289,30,85,1,-1,-1,-1
331,77634,1580,295,39,88,1,-1,-1,-1
331,77690,1042,354,38,100,1,-1,-1,-1
331,77691,658,338,39,101,1,-1,-1,-1
331,77692,572,208,26,62,1,-1,-1,-1
331,77642,279,338,40,101,1,-1,-1,-1
331,77667,758,275,29,84,1,-1,-1,-1
331,77711,1729,567,62,140,1,-1,-1,-1
331,77719,259,481,50,133,1,-1,-1,-1
331,77720,129,431,50,130,1,-1,-1,-1
331,77723,208,515,64,128,1,-1,-1,-1
332,77604,779,417,45,115,1,-1,-1,-1
332,77606,968,515,58,118,1,-1,-1,-1
332,77614,1130,509,66,135,1,-1,-1,-1
332,77615,916,615,69,139,1,-1,-1,-1
332,77629,1548,420,48,120,1,-1,-1,-1
332,77648,1255,345,35,105,1,-1,-1,-1
332,77631,709,409,39,99,1,-1,-1,-1
332,77666,1629,293,38,91,1,-1,-1,-1
332,77677,465,288,30,85,1,-1,-1,-1
332,77634,1577,294,38,88,1,-1,-1,-1
332,77690,1037,354,39,100,1,-1,-1,-1
332,77691,652,337,38,101,1,-1,-1,-1
332,77692,568,206,26,63,1,-1,-1,-1
332,77642,276,337,40,101,1,-1,-1,-1
332,77667,753,274,30,84,1,-1,-1,-1
332,77711,1722,568,62,140,1,-1,-1,-1
332,77719,257,480,50,134,1,-1,-1,-1
332,77720,128,430,50,130,1,-1,-1,-1
332,77723,204,515,66,128,1,-1,-1,-1
333,77604,775,415,44,115,1,-1,-1,-1
333,77606,963,515,60,119,1,-1,-1,-1
333,77614,1131,511,65,133,1,-1,-1,-1
333,77615,911,610,73,139,1,-1,-1,-1
333,77629,1543,420,47,120,1,-1,-1,-1
333,77648,1252,345,35,104,1,-1,-1,-1
333,77631,704,408,39,100,1,-1,-1,-1
333,77666,1625,292,38,91,1,-1,-1,-1
333,77677,460,286,30,85,1,-1,-1,-1
333,77634,1573,292,39,89,1,-1,-1,-1
333,77690,1033,353,38,101,1,-1,-1,-1
333,77691,643,335,39,102,1,-1,-1,-1
333,77692,562,205,27,63,1,-1,-1,-1
333,77642,272,336,40,100,1,-1,-1,-1
333,77667,746,272,31,84,1,-1,-1,-1
333,77711,1715,569,63,140,1,-1,-1,-1
333,77719,254,480,50,134,1,-1,-1,-1
333,77720,125,430,50,129,1,-1,-1,-1
333,77723,199,513,66,130,1,-1,-1,-1
333,77735,1903,391,15,52,1,-1,-1,-1
334,77604,770,413,44,115,1,-1,-1,-1
334,77606,958,514,61,122,1,-1,-1,-1
334,77614,1133,514,64,129,1,-1,-1,-1
334,77615,906,604,77,141,1,-1,-1,-1
334,77629,1537,420,46,120,1,-1,-1,-1
334,77648,1249,344,35,104,1,-1,-1,-1
334,77631,699,407,40,101,1,-1,-1,-1
334,77666,1620,290,38,91,1,-1,-1,-1
334,77677,455,284,30,85,1,-1,-1,-1
334,77634,1569,291,40,89,1,-1,-1,-1
334,77690,1028,352,39,101,1,-1,-1,-1
334,77691,636,333,38,102,1,-1,-1,-1
334,77692,557,204,26,63,1,-1,-1,-1
334,77642,267,335,41,100,1,-1,-1,-1
334,77667,740,271,31,84,1,-1,-1,-1
334,77711,1707,570,64,140,1,-1,-1,-1
334,77719,252,480,50,133,1,-1,-1,-1
334,77720,123,429,50,129,1,-1,-1,-1
334,77723,194,512,66,130,1,-1,-1,-1
334,77735,1901,385,17,58,1,-1,-1,-1
335,77604,766,410,44,115,1,-1,-1,-1
335,77606,950,513,62,125,1,-1,-1,-1
335,77614,1134,519,63,124,1,-1,-1,-1
335,77615,900,594,81,143,1,-1,-1,-1
335,77629,1531,419,46,121,1,-1,-1,-1
335,77648,1245,343,36,105,1,-1,-1,-1
335,77631,695,406,40,102,1,-1,-1,-1
335,77666,1613,288,38,91,1,-1,-1,-1
335,77677,450,283,30,85,1,-1,-1,-1
335,77634,1563,289,41,89,1,-1,-1,-1
335,77690,1024,352,38,101,1,-1,-1,-1
335,77691,627,331,39,103,1,-1,-1,-1
335,77692,551,202,27,63,1,-1,-1,-1
335,77642,263,334,40,100,1,-1,-1,-1
335,77667,733,269,32,84,1,-1,-1,-1
335,77711,1700,571,65,140,1,-1,-1,-1
335,77719,249,480,49,133,1,-1,-1,-1
335,77720,120,429,50,129,1,-1,-1,-1
335,77723,188,510,67,132,1,-1,-1,-1
335,77735,1898,377,19,64,1,-1,-1,-1
336,77604,761,408,44,115,1,-1,-1,-1
336,77606,947,513,62,126,1,-1,-1,-1
336,77614,1134,521,64,121,1,-1,-1,-1
336,77615,896,591,85,143,1,-1,-1,-1
336,77629,1523,419,46,120,1,-1,-1,-1
336,77648,1242,343,35,104,1,-1,-1,-1
336,77631,690,405,40,103,1,-1,-1,-1
336,77666,1610,287,37,91,1,-1,-1,-1
336,77677,445,281,30,85,1,-1,-1,-1
336,77634,1560,288,42,89,1,-1,-1,-1
336,77690,1018,351,39,102,1,-1,-1,-1
336,77691,618,329,40,104,1,-1,-1,-1
336,77692,545,200,27,64,1,-1,-1,-1
336,77642,258,333,41,100,1,-1,-1,-1
336,77667,726,268,32,84,1,-1,-1,-1
336,77711,1693,572,66,140,1,-1,-1,-1
336,77719,246,480,49,132,1,-1,-1,-1
336,77720,118,428,49,129,1,-1,-1,-1
336,77723,183,509,66,132,1,-1,-1,-1
336,77735,1895,370,21,70,1,-1,-1,-1
337,77604,758,406,43,115,1,-1,-1,-1
337,77606,944,512,62,127,1,-1,-1,-1
337,77614,1130,524,64,117,1,-1,-1,-1
337,77615,893,587,87,141,1,-1,-1,-1
337,77629,1519,419,46,120,1,-1,-1,-1
337,77648,1239,342,35,104,1,-1,-1,-1
337,77631,686,404,40,104,1,-1,-1,-1
337,77666,1607,286,37,91,1,-1,-1,-1
337,77677,442,279,30,85,1,-1,-1,-1
337,77634,1557,287,42,89,1,-1,-1,-1
337,77690,1013,351,39,102,1,-1,-1,-1
337,77691,613,327,40,105,1,-1,-1,-1
337,77692,541,199,27,64,1,-1,-1,-1
337,77642,254,332,41,100,1,-1,-1,-1
337,77667,721,267,33,84,1,-1,-1,-1
337,77711,1687,571,66,139,1,-1,-1,-1
337,77719,245,480,49,132,1,-1,-1,-1
337,77720,115,428,49,128,1,-1,-1,-1
337,77723,180,508,66,133,1,-1,-1,-1
337,77735,1892,362,23,76,1,-1,-1,-1
338,77604,755,404,42,115,1,-1,-1,-1
338,77606,941,512,62,128,1,-1,-1,-1
338,77614,1124,526,64,114,1,-1,-1,-1
338,77615,891,584,87,137,1,-1,-1,-1
338,77629,1516,418,45,120,1,-1,-1,-1
338,77648,1236,341,35,104,1,-1,-1,-1
338,77631,682,404,40,103,1,-1,-1,-1
338,77666,1603,284,38,91,1,-1,-1,-1
338,77677,441,279,30,85,1,-1,-1,-1
338,77634,1553,286,43,89,1,-1,-1,-1
338,77690,1009,350,39,103,1,-1,-1,-1
338,77691,608,326,40,105,1,-1,-1,-1
338,77692,538,198,27,64,1,-1,-1,-1
338,77642,249,331,42,100,1,-1,-1,-1
338,77667,717,266,33,84,1,-1,-1,-1
338,77711,1681,571,65,137,1,-1,-1,-1
338,77719,244,480,49,132,1,-1,-1,-1
338,77720,113,428,49,128,1,-1,-1,-1
338,77723,178,508,65,133,1,-1,-1,-1
338,77735,1890,354,25,83,1,-1,-1,-1
339,77604,752,403,42,115,1,-1,-1,-1
339,77606,938,512,62,128,1,-1,-1,-1
339,77614,1119,529,64,111,1,-1,-1,-1
339,77615,888,582,88,132,1,-1,-1,-1
339,77629,1513,418,45,120,1,-1,-1,-1
339,77648,1233,341,35,104,1,-1,-1,-1
339,77631,678,404,40,103,1,-1,-1,-1
339,77666,1599,283,38,91,1,-1,-1,-1
339,77677,439,279,30,85,1,-1,-1,-1
339,77634,1550,284,43,89,1,-1,-1,-1
339,77690,1004,350,39,103,1,-1,-1,-1
339,77691,604,324,40,107,1,-1,-1,-1
339,77692,535,197,27,64,1,-1,-1,-1
339,77642,245,329,41,100,1,-1,-1,-1
339,77667,713,265,34,84,1,-1,-1,-1
339,77711,1676,570,65,135,1,-1,-1,-1
339,77719,244,479,49,132,1,-1,-1,-1
339,77720,110,427,49,128,1,-1,-1,-1
339,77723,175,508,65,133,1,-1,-1,-1
339,77735,1887,347,28,89,1,-1,-1,-1
340,77604,749,402,42,115,1,-1,-1,-1
340,77606,936,512,60,127,1,-1,-1,-1
340,77614,1113,531,64,108,1,-1,-1,-1
340,77615,887,579,88,127,1,-1,-1,-1
340,77629,1509,418,45,119,1,-1,-1,-1
340,77648,1228,340,36,104,1,-1,-1,-1
340,77631,675,404,39,102,1,-1,-1,-1
340,77666,1595,281,37,91,1,-1,-1,-1
340,77677,438,278,29,85,1,-1,-1,-1
340,77634,1545,283,42,89,1,-1,-1,-1
340,77690,996,349,39,104,1,-1,-1,-1
340,77691,597,322,41,108,1,-1,-1,-1
340,77692,532,197,27,64,1,-1,-1,-1
340,77642,238,328,41,100,1,-1,-1,-1
340,77667,710,264,33,84,1,-1,-1,-1
340,77711,1668,569,64,131,1,-1,-1,-1
340,77719,244,479,49,133,1,-1,-1,-1
340,77720,106,427,49,127,1,-1,-1,-1
340,77723,173,508,65,133,1,-1,-1,-1
340,77735,1885,339,30,96,1,-1,-1,-1
341,77604,746,400,42,115,1,-1,-1,-1
341,77606,932,512,61,127,1,-1,-1,-1
341,77614,1106,534,65,104,1,-1,-1,-1
341,77615,885,576,88,122,1,-1,-1,-1
341,77629,1506,417,46,119,1,-1,-1,-1
341,77648,1226,339,35,104,1,-1,-1,-1
341,77631,671,404,40,102,1,-1,-1,-1
341,77666,1591,279,37,91,1,-1,-1,-1
341,77677,436,278,30,85,1,-1,-1,-1
341,77634,1543,282,42,90,1,-1,-1,-1
341,77690,993,349,40,104,1,-1,-1,-1
341,77691,595,321,41,109,1,-1,-1,-1
341,77692,530,196,26,64,1,-1,-1,-1
341,77642,234,327,42,100,1,-1,-1,-1
341,77667,706,264,34,84,1,-1,-1,-1
341,77711,1663,568,64,131,1,-1,-1,-1
341,77719,244,479,49,133,1,-1,-1,-1
341,77720,104,426,49,127,1,-1,-1,-1
341,77723,171,508,65,133,1,-1,-1,-1
341,77735,1881,331,33,102,1,-1,-1,-1
342,77604,744,400,41,114,1,-1,-1,-1
342,77606,931,516,60,126,1,-1,-1,-1
342,77614,1101,534,67,104,1,-1,-1,-1
342,77615,886,572,89,121,1,-1,-1,-1
342,77629,1504,418,46,118,1,-1,-1,-1
342,77648,1224,339,35,104,1,-1,-1,-1
342,77631,668,404,40,103,1,-1,-1,-1
342,77666,1589,278,37,91,1,-1,-1,-1
342,77677,435,277,29,85,1,-1,-1,-1
342,77634,1542,282,42,89,1,-1,-1,-1
342,77690,989,349,40,104,1,-1,-1,-1
342,77691,591,321,40,108,1,-1,-1,-1
342,77692,527,196,27,64,1,-1,-1,-1
342,77642,231,327,42,100,1,-1,-1,-1
342,77667,703,263,33,84,1,-1,-1,-1
342,77711,1656,568,65,131,1,-1,-1,-1
342,77719,243,478,49,133,1,-1,-1,-1
342,77720,102,426,50,127,1,-1,-1,-1
342,77723,167,509,65,133,1,-1,-1,-1
342,77735,1879,328,34,104,1,-1,-1,-1
343,77604,741,400,42,113,1,-1,-1,-1
343,77606,931,520,60,126,1,-1,-1,-1
343,77614,1097,532,69,108,1,-1,-1,-1
343,77615,887,567,91,122,1,-1,-1,-1
343,77629,1501,419,45,118,1,-1,-1,-1
343,77648,1222,340,35,104,1,-1,-1,-1
343,77631,665,405,40,104,1,-1,-1,-1
343,77666,1587,278,36,91,1,-1,-1,-1
343,77677,433,277,29,85,1,-1,-1,-1
343,77634,1541,281,42,89,1,-1,-1,-1
343,77690,984,350,40,104,1,-1,-1,-1
343,77691,586,321,40,108,1,-1,-1,-1
343,77692,524,195,27,64,1,-1,-1,-1
343,77642,228,327,43,101,1,-1,-1,-1
343,77667,699,262,33,85,1,-1,-1,-1
343,77711,1649,567,65,132,1,-1,-1,-1
343,77719,242,478,49,134,1,-1,-1,-1
343,77720,100,427,49,127,1,-1,-1,-1
343,77723,163,510,65,134,1,-1,-1,-1
343,77735,1877,327,35,104,1,-1,-1,-1
344,77604,739,401,41,110,1,-1,-1,-1
344,77606,931,525,60,126,1,-1,-1,-1
344,77614,1093,530,72,111,1,-1,-1,-1
344,77615,889,562,93,124,1,-1,-1,-1
344,77629,1499,420,45,117,1,-1,-1,-1
344,77648,1220,340,35,104,1,-1,-1,-1
344,77631,662,406,40,105,1,-1,-1,-1
344,77666,1584,278,37,91,1,-1,-1,-1
344,77677,431,276,30,85,1,-1,-1,-1
344,77634,1540,281,41,89,1,-1,-1,-1
344,77690,979,350,40,104,1,-1,-1,-1
344,77691,581,321,41,107,1,-1,-1,-1
344,77692,522,194,26,64,1,-1,-1,-1
344,77642,225,326,42,101,1,-1,-1,-1
344,77667,695,262,34,85,1,-1,-1,-1
344,77711,1641,567,66,133,1,-1,-1,-1
344,77719,240,478,49,134,1,-1,-1,-1
344,77720,97,427,50,127,1,-1,-1,-1
344,77723,158,511,66,135,1,-1,-1,-1
344,77735,1875,327,36,103,1,-1,-1,-1
345,77604,737,401,40,109,1,-1,-1,-1
345,77606,931,533,60,126,1,-1,-1,-1
345,77614,1088,527,74,118,1,-1,-1,-1
345,77615,894,555,94,126,1,-1,-1,-1
345,77629,1494,422,44,115,1,-1,-1,-1
345,77648,1218,341,35,104,1,-1,-1,-1
345,77631,657,407,42,106,1,-1,-1,-1
345,77666,1582,278,36,91,1,-1,-1,-1
345,77677,430,276,30,85,1,-1,-1,-1
345,77634,1540,281,39,88,1,-1,-1,-1
345,77690,974,351,40,103,1,-1,-1,-1
345,77691,575,321,42,107,1,-1,-1,-1
345,77692,519,194,27,64,1,-1,-1,-1
345,77642,221,326,43,101,1,-1,-1,-1
345,77667,692,261,33,85,1,-1,-1,-1
345,77711,1632,567,67,134,1,-1,-1,-1
345,77719,238,478,49,134,1,-1,-1,-1
345,77720,94,427,50,127,1,-1,-1,-1
345,77723,154,513,67,135,1,-1,-1,-1
345,77735,1872,327,37,102,1,-1,-1,-1
346,77604,734,400,41,109,1,-1,-1,-1
346,77606,932,536,59,126,1,-1,-1,-1
346,77614,1087,526,74,119,1,-1,-1,-1
346,77615,896,552,93,128,1,-1,-1,-1
346,77629,1493,422,43,115,1,-1,-1,-1
346,77648,1216,341,35,105,1,-1,-1,-1
346,77631,656,407,41,107,1,-1,-1,-1
346,77666,1579,278,37,91,1,-1,-1,-1
346,77677,428,275,30,85,1,-1,-1,-1
346,77634,1540,281,39,88,1,-1,-1,-1
346,77690,969,351,40,103,1,-1,-1,-1
346,77691,569,321,43,106,1,-1,-1,-1
346,77692,516,193,27,64,1,-1,-1,-1
346,77642,218,326,43,102,1,-1,-1,-1
346,77667,688,260,33,86,1,-1,-1,-1
346,77711,1624,567,68,136,1,-1,-1,-1
346,77719,236,478,49,135,1,-1,-1,-1
346,77720,91,427,51,127,1,-1,-1,-1
346,77723,149,514,67,137,1,-1,-1,-1
346,77735,1870,328,39,101,1,-1,-1,-1
347,77604,731,399,41,109,1,-1,-1,-1
347,77606,933,538,60,126,1,-1,-1,-1
347,77614,1086,523,74,122,1,-1,-1,-1
347,77615,895,550,93,129,1,-1,-1,-1
347,77629,1490,424,44,115,1,-1,-1,-1
347,77648,1213,342,35,105,1,-1,-1,-1
347,77631,652,407,42,108,1,-1,-1,-1
347,77666,1577,278,36,91,1,-1,-1,-1
347,77677,427,275,29,85,1,-1,-1,-1
347,77634,1538,281,39,88,1,-1,-1,-1
347,77690,964,352,41,103,1,-1,-1,-1
347,77691,564,321,43,106,1,-1,-1,-1
347,77692,513,193,27,64,1,-1,-1,-1
347,77642,215,326,43,102,1,-1,-1,-1
347,77667,686,261,32,84,1,-1,-1,-1
347,77711,1616,567,68,137,1,-1,-1,-1
347,77719,235,479,48,136,1,-1,-1,-1
347,77720,88,427,52,127,1,-1,-1,-1
347,77723,146,515,67,137,1,-1,-1,-1
347,77735,1867,328,40,100,1,-1,-1,-1
348,77604,728,398,41,109,1,-1,-1,-1
348,77606,936,540,60,124,1,-1,-1,-1
348,77614,1084,520,74,124,1,-1,-1,-1
348,77615,894,550,92,129,1,-1,-1,-1
348,77629,1486,426,44,115,1,-1,-1,-1
348,77648,1211,342,35,105,1,-1,-1,-1
348,77631,649,408,42,107,1,-1,-1,-1
348,77666,1574,278,37,91,1,-1,-1,-1
348,77677,426,275,28,84,1,-1,-1,-1
348,77634,1536,281,38,88,1,-1,-1,-1
348,77690,958,352,42,103,1,-1,-1,-1
348,77691,559,321,44,105,1,-1,-1,-1
348,77692,511,194,26,64,1,-1,-1,-1
348,77642,212,326,43,103,1,-1,-1,-1
348,77667,683,261,32,84,1,-1,-1,-1
348,77711,1608,567,69,138,1,-1,-1,-1
348,77719,234,480,49,136,1,-1,-1,-1
348,77720,86,427,52,127,1,-1,-1,-1
348,77723,143,516,67,138,1,-1,-1,-1
348,77735,1865,329,39,99,1,-1,-1,-1
349,77604,725,398,41,109,1,-1,-1,-1
349,77606,937,542,63,123,1,-1,-1,-1
349,77614,1083,517,74,126,1,-1,-1,-1
349,77615,892,549,91,129,1,-1,-1,-1
349,77629,1482,428,44,114,1,-1,-1,-1
349,77648,1208,343,36,105,1,-1,-1,-1
349,77631,645,408,42,108,1,-1,-1,-1
349,77666,1572,278,36,91,1,-1,-1,-1
349,77677,424,275,28,83,1,-1,-1,-1
349,77634,1534,281,38,88,1,-1,-1,-1
349,77690,953,353,42,102,1,-1,-1,-1
349,77691,554,321,43,105,1,-1,-1,-1
349,77692,508,194,27,64,1,-1,-1,-1
349,77642,209,326,43,103,1,-1,-1,-1
349,77667,681,262,31,83,1,-1,-1,-1
349,77711,1599,566,69,140,1,-1,-1,-1
349,77719,232,480,49,137,1,-1,-1,-1
349,77720,83,427,52,127,1,-1,-1,-1
349,77723,141,517,67,138,1,-1,-1,-1
349,77735,1862,329,40,99,1,-1,-1,-1
350,77604,721,397,41,109,1,-1,-1,-1
350,77606,941,544,64,122,1,-1,-1,-1
350,77614,1081,511,74,130,1,-1,-1,-1
350,77615,890,548,90,129,1,-1,-1,-1
350,77629,1477,430,44,114,1,-1,-1,-1
350,77648,1204,343,36,106,1,-1,-1,-1
350,77631,640,409,41,107,1,-1,-1,-1
350,77666,1568,278,36,91,1,-1,-1,-1
350,77677,423,275,28,82,1,-1,-1,-1
350,77634,1529,281,38,87,1,-1,-1,-1
350,77690,945,354,42,102,1,-1,-1,-1
350,77691,546,322,43,103,1,-1,-1,-1
350,77692,505,194,27,64,1,-1,-1,-1
350,77642,203,326,44,104,1,-1,-1,-1
350,77667,679,262,30,82,1,-1,-1,-1
350,77711,1586,566,69,142,1,-1,-1,-1
350,77719,231,481,50,138,1,-1,-1,-1
350,77720,78,428,53,127,1,-1,-1,-1
350,77723,138,518,67,138,1,-1,-1,-1
350,77735,1859,330,40,97,1,-1,-1,-1
351,77604,719,396,40,109,1,-1,-1,-1
351,77606,941,545,67,121,1,-1,-1,-1
351,77614,1081,510,73,131,1,-1,-1,-1
351,77615,888,547,90,129,1,-1,-1,-1
351,77629,1475,432,43,114,1,-1,-1,-1
351,77648,1203,344,36,106,1,-1,-1,-1
351,77631,638,409,41,108,1,-1,-1,-1
351,77666,1567,279,36,91,1,-1,-1,-1
351,77677,422,275,27,81,1,-1,-1,-1
351,77634,1528,281,38,87,1,-1,-1,-1
351,77690,941,354,43,102,1,-1,-1,-1
351,77691,543,322,43,103,1,-1,-1,-1
351,77692,502,194,27,64,1,-1,-1,-1
351,77642,202,326,43,104,1,-1,-1,-1
351,77667,676,263,30,82,1,-1,-1,-1
351,77711,1581,566,69,143,1,-1,-1,-1
351,77719,229,482,50,139,1,-1,-1,-1
351,77720,76,428,54,127,1,-1,-1,-1
351,77723,136,519,67,138,1,-1,-1,-1
351,77735,1856,331,39,96,1,-1,-1,-1
352,77604,717,397,41,109,1,-1,-1,-1
352,77606,940,545,70,121,1,-1,-1,-1
352,77614,1083,510,72,132,1,-1,-1,-1
352,77615,886,548,89,129,1,-1,-1,-1
352,77629,1473,434,44,115,1,-1,-1,-1
352,77648,1202,345,36,105,1,-1,-1,-1
352,77631,636,412,41,106,1,-1,-1,-1
352,77666,1565,279,37,91,1,-1,-1,-1
352,77677,421,275,28,81,1,-1,-1,-1
352,77634,1527,281,38,88,1,-1,-1,-1
352,77690,936,355,43,102,1,-1,-1,-1
352,77691,538,323,44,103,1,-1,-1,-1
352,77692,500,194,28,64,1,-1,-1,-1
352,77642,199,326,43,104,1,-1,-1,-1
352,77667,675,263,29,82,1,-1,-1,-1
352,77711,1577,568,70,143,1,-1,-1,-1
352,77719,229,484,50,139,1,-1,-1,-1
352,77720,73,428,55,127,1,-1,-1,-1
352,77723,134,522,67,138,1,-1,-1,-1
352,77735,1855,331,39,96,1,-1,-1,-1
353,77604,716,397,40,109,1,-1,-1,-1
353,77606,940,544,71,121,1,-1,-1,-1
353,77614,1085,512,72,133,1,-1,-1,-1
353,77615,883,548,88,128,1,-1,-1,-1
353,77629,1471,436,45,115,1,-1,-1,-1
353,77648,1200,346,36,105,1,-1,-1,-1
353,77631,635,414,41,106,1,-1,-1,-1
353,77666,1565,280,36,91,1,-1,-1,-1
353,77677,421,275,28,82,1,-1,-1,-1
353,77634,1528,281,38,88,1,-1,-1,-1
353,77690,931,355,43,102,1,-1,-1,-1
353,77691,534,323,43,103,1,-1,-1,-1
353,77692,499,195,28,64,1,-1,-1,-1
353,77642,195,327,43,104,1,-1,-1,-1
353,77667,673,264,29,82,1,-1,-1,-1
353,77711,1574,569,68,142,1,-1,-1,-1
353,77719,228,485,51,139,1,-1,-1,-1
353,77720,70,429,56,127,1,-1,-1,-1
353,77723,133,524,66,138,1,-1,-1,-1
353,77735,1855,331,39,96,1,-1,-1,-1
354,77604,714,397,41,109,1,-1,-1,-1
354,77606,939,543,73,121,1,-1,-1,-1
354,77614,1088,514,72,134,1,-1,-1,-1
354,77615,880,548,88,128,1,-1,-1,-1
354,77629,1469,438,45,117,1,-1,-1,-1
354,77648,1199,347,36,105,1,-1,-1,-1
354,77631,634,416,41,106,1,-1,-1,-1
354,77666,1564,281,36,90,1,-1,-1,-1
354,77677,421,275,28,83,1,-1,-1,-1
354,77634,1529,281,38,89,1,-1,-1,-1
354,77690,925,356,44,101,1,-1,-1,-1
354,77691,529,324,43,103,1,-1,-1,-1
354,77692,498,195,29,64,1,-1,-1,-1
354,77642,192,327,43,104,1,-1,-1,-1
354,77667,672,265,29,82,1,-1,-1,-1
354,77711,1571,570,67,142,1,-1,-1,-1
354,77719,228,487,51,138,1,-1,-1,-1
354,77720,67,430,56,127,1,-1,-1,-1
354,77723,132,527,66,138,1,-1,-1,-1
354,77735,1855,332,40,95,1,-1,-1,-1
355,77604,713,398,41,109,1,-1,-1,-1
355,77606,938,543,75,120,1,-1,-1,-1
355,77614,1091,516,71,135,1,-1,-1,-1
355,77615,877,549,87,128,1,-1,-1,-1
355,77629,1467,441,45,118,1,-1,-1,-1
355,77648,1197,349,36,105,1,-1,-1,-1
355,77631,633,419,40,105,1,-1,-1,-1
355,77666,1563,282,36,89,1,-1,-1,-1
355,77677,421,275,29,83,1,-1,-1,-1
355,77634,1530,281,38,90,1,-1,-1,-1
355,77690,920,357,43,101,1,-1,-1,-1
355,77691,524,325,43,103,1,-1,-1,-1
355,77692,498,196,29,64,1,-1,-1,-1
355,77642,189,328,42,104,1,-1,-1,-1
355,77667,671,266,28,82,1,-1,-1,-1
355,77711,1569,572,65,140,1,-1,-1,-1
355,77719,228,488,51,138,1,-1,-1,-1
355,77720,63,430,57,127,1,-1,-1,-1
355,77723,131,530,65,137,1,-1,-1,-1
355,77735,1855,332,41,97,1,-1,-1,-1
356,77604,713,398,40,109,1,-1,-1,-1
356,77606,937,541,77,121,1,-1,-1,-1
356,77614,1094,518,71,136,1,-1,-1,-1
356,77615,874,550,87,127,1,-1,-1,-1
356,77629,1466,442,45,119,1,-1,-1,-1
356,77648,1196,350,36,105,1,-1,-1,-1
356,77631,631,422,41,105,1,-1,-1,-1
356,77666,1563,282,35,89,1,-1,-1,-1
356,77677,421,276,29,84,1,-1,-1,-1
356,77634,1530,281,38,90,1,-1,-1,-1
356,77690,914,358,44,100,1,-1,-1,-1
356,77691,519,326,43,103,1,-1,-1,-1
356,77692,497,196,30,64,1,-1,-1,-1
356,77642,185,328,42,104,1,-1,-1,-1
356,77667,669,266,28,82,1,-1,-1,-1
356,77711,1566,573,64,140,1,-1,-1,-1
356,77719,228,490,51,138,1,-1,-1,-1
356,77720,59,431,58,127,1,-1,-1,-1
356,77723,129,533,66,137,1,-1,-1,-1
356,77735,1855,333,42,96,1,-1,-1,-1
357,77604,711,398,40,109,1,-1,-1,-1
357,77606,938,541,79,121,1,-1,-1,-1
357,77614,1093,520,70,135,1,-1,-1,-1
357,77615,871,552,86,126,1,-1,-1,-1
357,77629,1463,443,44,119,1,-1,-1,-1
357,77648,1195,351,35,105,1,-1,-1,-1
357,77631,630,424,40,106,1,-1,-1,-1
357,77666,1561,283,36,89,1,-1,-1,-1
357,77677,421,276,29,84,1,-1,-1,-1
357,77634,1529,281,38,90,1,-1,-1,-1
357,77690,908,359,44,100,1,-1,-1,-1
357,77691,514,327,43,103,1,-1,-1,-1
357,77692,495,197,30,64,1,-1,-1,-1
357,77642,182,329,42,104,1,-1,-1,-1
357,77667,666,267,28,81,1,-1,-1,-1
357,77711,1560,574,64,140,1,-1,-1,-1
357,77719,226,491,51,138,1,-1,-1,-1
357,77720,56,432,58,127,1,-1,-1,-1
357,77723,126,535,66,136,1,-1,-1,-1
357,77735,1853,333,43,96,1,-1,-1,-1
358,77604,708,398,41,109,1,-1,-1,-1
358,77606,941,541,79,120,1,-1,-1,-1
358,77614,1090,520,69,134,1,-1,-1,-1
358,77615,868,555,85,124,1,-1,-1,-1
358,77629,1459,445,44,119,1,-1,-1,-1
358,77648,1193,352,36,104,1,-1,-1,-1
358,77631,627,426,42,107,1,-1,-1,-1
358,77666,1560,283,35,89,1,-1,-1,-1
358,77677,419,277,29,84,1,-1,-1,-1
358,77634,1528,281,37,90,1,-1,-1,-1
358,77690,903,359,44,100,1,-1,-1,-1
358,77691,509,328,44,103,1,-1,-1,-1
358,77692,491,197,31,64,1,-1,-1,-1
358,77642,179,329,42,104,1,-1,-1,-1
358,77667,662,267,29,81,1,-1,-1,-1
358,77711,1554,575,64,141,1,-1,-1,-1
358,77719,223,493,50,138,1,-1,-1,-1
358,77720,53,432,58,127,1,-1,-1,-1
358,77723,122,534,67,139,1,-1,-1,-1
358,77735,1850,334,42,95,1,-1,-1,-1
359,77604,706,398,41,109,1,-1,-1,-1
359,77606,945,541,78,120,1,-1,-1,-1
359,77614,1086,521,68,131,1,-1,-1,-1
359,77615,866,558,81,122,1,-1,-1,-1
359,77629,1454,446,44,119,1,-1,-1,-1
359,77648,1191,353,36,104,1,-1,-1,-1
359,77631,624,427,43,109,1,-1,-1,-1
359,77666,1558,284,36,88,1,-1,-1,-1
359,77677,418,277,29,84,1,-1,-1,-1
359,77634,1526,281,36,89,1,-1,-1,-1
359,77690,897,360,44,100,1,-1,-1,-1
359,77691,505,328,43,103,1,-1,-1,-1
359,77692,487,198,31,64,1,-1,-1,-1
359,77642,175,330,41,104,1,-1,-1,-1
359,77667,658,267,28,81,1,-1,-1,-1
359,77711,1547,577,64,141,1,-1,-1,-1
359,77719,219,494,51,138,1,-1,-1,-1
359,77720,49,433,59,127,1,-1,-1,-1
359,77723,117,534,68,140,1,-1,-1,-1
359,77735,1847,334,42,95,1,-1,-1,-1
360,77604,704,398,41,109,1,-1,-1,-1
360,77606,948,541,77,119,1,-1,-1,-1
360,77614,1081,521,66,129,1,-1,-1,-1
360,77615,863,561,79,120,1,-1,-1,-1
360,77629,1450,447,44,119,1,-1,-1,-1
360,77648,1190,355,35,104,1,-1,-1,-1
360,77631,621,428,44,111,1,-1,-1,-1
360,77666,1555,284,36,88,1,-1,-1,-1
360,77677,417,278,29,84,1,-1,-1,-1
360,77634,1523,281,36,88,1,-1,-1,-1
360,77690,892,361,43,99,1,-1,-1,-1
360,77691,500,329,43,103,1,-1,-1,-1
360,77692,484,198,31,64,1,-1,-1,-1
360,77642,172,330,41,104,1,-1,-1,-1
360,77667,654,267,28,81,1,-1,-1,-1
360,77711,1535,579,67,142,1,-1,-1,-1
360,77719,216,495,50,139,1,-1,-1,-1
360,77720,46,434,59,127,1,-1,-1,-1
360,77723,112,534,68,141,1,-1,-1,-1
360,77735,1843,334,43,95,1,-1,-1,-1
361,77604,702,398,40,109,1,-1,-1,-1
361,77606,953,541,75,119,1,-1,-1,-1
361,77614,1076,522,66,126,1,-1,-1,-1
361,77615,860,564,77,118,1,-1,-1,-1
361,77629,1446,448,43,119,1,-1,-1,-1
361,77648,1188,356,36,104,1,-1,-1,-1
361,77631,618,429,44,113,1,-1,-1,-1
361,77666,1554,284,36,89,1,-1,-1,-1
361,77677,415,279,30,84,1,-1,-1,-1
361,77634,1523,281,34,88,1,-1,-1,-1
361,77690,885,362,43,99,1,-1,-1,-1
361,77691,494,330,44,103,1,-1,-1,-1
361,77692,479,199,32,64,1,-1,-1,-1
361,77642,168,331,41,104,1,-1,-1,-1
361,77667,649,267,29,81,1,-1,-1,-1
361,77711,1530,580,69,142,1,-1,-1,-1
361,77719,212,497,50,138,1,-1,-1,-1
361,77720,42,435,60,127,1,-1,-1,-1
361,77723,108,534,68,143,1,-1,-1,-1
361,77735,1839,334,43,95,1,-1,-1,-1
362,77604,699,399,41,109,1,-1,-1,-1
362,77606,955,541,75,120,1,-1,-1,-1
362,77614,1073,521,66,127,1,-1,-1,-1
362,77615,860,567,75,116,1,-1,-1,-1
362,77629,1441,450,43,119,1,-1,-1,-1
362,77648,1186,357,35,104,1,-1,-1,-1
362,77631,614,430,45,114,1,-1,-1,-1
362,77666,1551,284,36,89,1,-1,-1,-1
362,77677,413,279,30,84,1,-1,-1,-1
362,77634,1520,282,34,87,1,-1,-1,-1
362,77690,880,363,43,99,1,-1,-1,-1
362,77691,488,331,44,103,1,-1,-1,-1
362,77692,476,199,31,64,1,-1,-1,-1
362,77642,164,331,40,105,1,-1,-1,-1
362,77667,644,267,30,80,1,-1,-1,-1
362,77711,1521,582,70,142,1,-1,-1,-1
362,77719,208,498,50,138,1,-1,-1,-1
362,77720,38,435,60,127,1,-1,-1,-1
362,77723,104,534,67,144,1,-1,-1,-1
362,77735,1837,335,43,96,1,-1,-1,-1
363,77604,697,399,40,109,1,-1,-1,-1
363,77606,956,541,76,122,1,-1,-1,-1
363,77614,1070,519,68,130,1,-1,-1,-1
363,77615,861,569,74,116,1,-1,-1,-1
363,77629,1435,451,44,119,1,-1,-1,-1
363,77648,1182,358,36,104,1,-1,-1,-1
363,77631,610,432,45,113,1,-1,-1,-1
363,77666,1548,284,35,89,1,-1,-1,-1
363,77677,411,280,30,84,1,-1,-1,-1
363,77634,1516,282,34,87,1,-1,-1,-1
363,77690,875,363,43,99,1,-1,-1,-1
363,77691,482,331,44,103,1,-1,-1,-1
363,77692,472,200,30,63,1,-1,-1,-1
363,77642,158,332,40,104,1,-1,-1,-1
363,77667,639,267,30,81,1,-1,-1,-1
363,77711,1511,585,70,141,1,-1,-1,-1
363,77719,204,500,50,138,1,-1,-1,-1
363,77720,33,436,59,127,1,-1,-1,-1
363,77723,99,534,67,146,1,-1,-1,-1
363,77735,1835,335,43,97,1,-1,-1,-1
364,77604,694,400,41,109,1,-1,-1,-1
364,77606,956,541,78,125,1,-1,-1,-1
364,77614,1067,517,71,133,1,-1,-1,-1
364,77615,862,571,72,115,1,-1,-1,-1
364,77629,1428,453,44,120,1,-1,-1,-1
364,77648,1179,359,35,104,1,-1,-1,-1
364,77631,607,433,44,113,1,-1,-1,-1
364,77666,1544,285,35,88,1,-1,-1,-1
364,77677,408,280,30,85,1,-1,-1,-1
364,77634,1513,283,33,86,1,-1,-1,-1
364,77690,869,363,43,99,1,-1,-1,-1
364,77691,474,332,44,103,1,-1,-1,-1
364,77692,466,200,30,63,1,-1,-1,-1
364,77642,152,333,40,104,1,-1,-1,-1
364,77667,634,268,30,81,1,-1,-1,-1
364,77711,1500,587,69,141,1,-1,-1,-1
364,77719,200,501,50,138,1,-1,-1,-1
364,77720,28,436,59,127,1,-1,-1,-1
364,77723,95,534,67,147,1,-1,-1,-1
364,77735,1833,335,44,97,1,-1,-1,-1
365,77604,692,401,40,109,1,-1,-1,-1
365,77606,956,541,79,128,1,-1,-1,-1
365,77614,1063,514,74,138,1,-1,-1,-1
365,77615,864,574,71,114,1,-1,-1,-1
365,77629,1423,455,44,120,1,-1,-1,-1
365,77648,1175,359,35,104,1,-1,-1,-1
365,77631,603,434,43,114,1,-1,-1,-1
365,77666,1538,286,35,87,1,-1,-1,-1
365,77677,406,281,30,84,1,-1,-1,-1
365,77634,1509,284,34,86,1,-1,-1,-1
365,77690,863,363,43,99,1,-1,-1,-1
365,77691,468,332,44,103,1,-1,-1,-1
365,77692,462,200,29,63,1,-1,-1,-1
365,77642,145,333,40,104,1,-1,-1,-1
365,77667,629,268,31,81,1,-1,-1,-1
365,77711,1489,590,69,140,1,-1,-1,-1
365,77719,196,503,49,138,1,-1,-1,-1
365,77720,23,436,58,128,1,-1,-1,-1
365,77723,90,535,67,147,1,-1,-1,-1
365,77735,1831,336,45,98,1,-1,-1,-1
366,77604,689,402,40,109,1,-1,-1,-1
366,77606,956,541,82,131,1,-1,-1,-1
366,77614,1060,512,77,141,1,-1,-1,-1
366,77615,865,575,70,113,1,-1,-1,-1
366,77629,1415,458,45,121,1,-1,-1,-1
366,77648,1172,360,35,104,1,-1,-1,-1
366,77631,599,436,42,112,1,-1,-1,-1
366,77666,1536,286,35,88,1,-1,-1,-1
366,77677,404,281,30,84,1,-1,-1,-1
366,77634,1504,284,35,86,1,-1,-1,-1
366,77690,857,364,43,99,1,-1,-1,-1
366,77691,461,333,44,103,1,-1,-1,-1
366,77692,457,200,29,63,1,-1,-1,-1
366,77642,138,334,40,104,1,-1,-1,-1
366,77667,624,269,31,81,1,-1,-1,-1
366,77711,1477,593,67,140,1,-1,-1,-1
366,77719,191,504,50,138,1,-1,-1,-1
366,77720,17,437,58,128,1,-1,-1,-1
366,77723,86,535,66,147,1,-1,-1,-1
366,77735,1829,336,46,99,1,-1,-1,-1
367,77604,686,402,41,109,1,-1,-1,-1
367,77606,958,541,83,132,1,-1,-1,-1
367,77614,1057,513,79,142,1,-1,-1,-1
367,77615,866,576,70,113,1,-1,-1,-1
367,77629,1411,458,45,122,1,-1,-1,-1
367,77648,1168,360,35,104,1,-1,-1,-1
367,77631,596,437,43,113,1,-1,-1,-1
367,77666,1533,286,34,87,1,-1,-1,-1
367,77677,401,282,30,84,1,-1,-1,-1
367,77634,1502,285,35,85,1,-1,-1,-1
367,77690,851,364,43,99,1,-1,-1,-1
367,77691,453,333,45,103,1,-1,-1,-1
367,77692,453,200,28,63,1,-1,-1,-1
367,77642,132,334,40,104,1,-1,-1,-1
367,77667,618,270,32,80,1,-1,-1,-1
367,77711,1471,594,65,140,1,-1,-1,-1
367,77719,188,504,49,138,1,-1,-1,-1
367,77720,12,437,57,128,1,-1,-1,-1
367,77723,81,535,67,148,1,-1,-1,-1
367,77735,1827,336,47,100,1,-1,-1,-1
368,77604,684,403,40,109,1,-1,-1,-1
368,77606,963,541,82,132,1,-1,-1,-1
368,77614,1055,515,79,142,1,-1,-1,-1
368,77615,867,577,70,114,1,-1,-1,-1
368,77629,1406,458,46,122,1,-1,-1,-1
368,77648,1164,361,35,104,1,-1,-1,-1
368,77631,594,439,43,112,1,-1,-1,-1
368,77666,1530,286,35,87,1,-1,-1,-1
368,77677,399,282,30,84,1,-1,-1,-1
368,77634,1501,285,34,85,1,-1,-1,-1
368,77690,845,364,43,99,1,-1,-1,-1
368,77691,446,333,46,103,1,-1,-1,-1
368,77692,448,200,28,62,1,-1,-1,-1
368,77642,125,335,40,104,1,-1,-1,-1
368,77667,614,270,31,81,1,-1,-1,-1
368,77711,1465,596,65,139,1,-1,-1,-1
368,77719,183,505,50,138,1,-1,-1,-1
368,77720,7,437,56,129,1,-1,-1,-1
368,77723,76,536,67,149,1,-1,-1,-1
368,77735,1825,336,47,100,1,-1,-1,-1
369,77604,681,404,40,109,1,-1,-1,-1
369,77606,968,541,83,132,1,-1,-1,-1
369,77614,1053,518,79,141,1,-1,-1,-1
369,77615,867,578,72,115,1,-1,-1,-1
369,77629,1402,458,46,123,1,-1,-1,-1
369,77648,1161,361,35,104,1,-1,-1,-1
369,77631,593,442,42,111,1,-1,-1,-1
369,77666,1526,286,36,87,1,-1,-1,-1
369,77677,396,283,30,84,1,-1,-1,-1
369,77634,1500,285,34,86,1,-1,-1,-1
369,77690,839,364,43,99,1,-1,-1,-1
369,77691,439,334,46,103,1,-1,-1,-1
369,77692,444,200,27,62,1,-1,-1,-1
369,77642,118,335,40,104,1,-1,-1,-1
369,77667,609,271,32,81,1,-1,-1,-1
369,77711,1459,598,64,139,1,-1,-1,-1
369,77719,179,506,50,138,1,-1,-1,-1
369,77720,2,438,55,129,1,-1,-1,-1
369,77723,71,537,68,148,1,-1,-1,-1
369,77735,1822,337,48,99,1,-1,-1,-1
370,77604,677,405,40,109,1,-1,-1,-1
370,77606,974,541,81,131,1,-1,-1,-1
370,77614,1052,521,77,140,1,-1,-1,-1
370,77615,868,580,74,116,1,-1,-1,-1
370,77629,1398,457,46,124,1,-1,-1,-1
370,77648,1157,362,35,104,1,-1,-1,-1
370,77631,590,445,42,112,1,-1,-1,-1
370,77666,1523,286,36,88,1,-1,-1,-1
370,77677,393,283,29,84,1,-1,-1,-1
370,77634,1499,285,34,86,1,-1,-1,-1
370,77690,833,365,43,99,1,-1,-1,-1
370,77691,431,334,47,103,1,-1,-1,-1
370,77692,436,200,27,62,1,-1,-1,-1
370,77642,112,336,39,104,1,-1,-1,-1
370,77667,601,271,32,81,1,-1,-1,-1
370,77711,1449,601,64,137,1,-1,-1,-1
370,77719,172,507,50,138,1,-1,-1,-1
370,77720,-5,438,53,129,1,-1,-1,-1
370,77723,63,537,70,149,1,-1,-1,-1
370,77735,1819,337,48,100,1,-1,-1,-1
371,77604,675,406,40,109,1,-1,-1,-1
371,77606,980,541,81,131,1,-1,-1,-1
371,77614,1050,525,76,138,1,-1,-1,-1
371,77615,868,581,76,115,1,-1,-1,-1
371,77629,1394,457,46,125,1,-1,-1,-1
371,77648,1153,362,35,104,1,-1,-1,-1
371,77631,589,447,43,111,1,-1,-1,-1
371,77666,1519,285,37,88,1,-1,-1,-1
371,77677,391,284,29,84,1,-1,-1,-1
371,77634,1498,285,34,86,1,-1,-1,-1
371,77690,827,365,43,99,1,-1,-1,-1
371,77691,424,334,47,103,1,-1,-1,-1
371,77692,434,200,26,61,1,-1,-1,-1
371,77642,105,336,40,104,1,-1,-1,-1
371,77667,597,272,32,81,1,-1,-1,-1
371,77711,1446,602,64,136,1,-1,-1,-1
371,77719,169,508,51,138,1,-1,-1,-1
371,77720,-8,448,47,121,1,-1,-1,-1
371,77723,59,538,71,149,1,-1,-1,-1
371,77735,1816,337,48,100,1,-1,-1,-1
372,77604,671,405,40,108,1,-1,-1,-1
372,77606,981,541,80,131,1,-1,-1,-1
372,77614,1048,527,75,137,1,-1,-1,-1
372,77615,871,581,77,117,1,-1,-1,-1
372,77629,1389,458,46,125,1,-1,-1,-1
372,77648,1148,363,35,104,1,-1,-1,-1
372,77631,585,447,43,111,1,-1,-1,-1
372,77666,1515,285,37,88,1,-1,-1,-1
372,77677,385,283,30,84,1,-1,-1,-1
372,77634,1493,284,35,85,1,-1,-1,-1
372,77690,821,365,43,99,1,-1,-1,-1
372,77691,415,334,47,103,1,-1,-1,-1
372,77692,427,199,26,62,1,-1,-1,-1
372,77642,99,337,40,104,1,-1,-1,-1
372,77667,590,272,32,81,1,-1,-1,-1
372,77711,1440,603,64,136,1,-1,-1,-1
372,77719,163,509,51,138,1,-1,-1,-1
372,77720,-10,455,42,114,1,-1,-1,-1
372,77723,52,539,71,149,1,-1,-1,-1
372,77735,1812,337,47,99,1,-1,-1,-1
373,77604,666,404,40,108,1,-1,-1,-1
373,77606,978,541,80,131,1,-1,-1,-1
373,77614,1046,528,73,137,1,-1,-1,-1
373,77615,874,581,79,119,1,-1,-1,-1
373,77629,1383,458,46,125,1,-1,-1,-1
373,77648,1142,364,35,104,1,-1,-1,-1
373,77631,581,446,43,112,1,-1,-1,-1
373,77666,1510,285,37,88,1,-1,-1,-1
373,77677,379,283,30,84,1,-1,-1,-1
373,77634,1488,283,34,85,1,-1,-1,-1
373,77690,814,365,43,99,1,-1,-1,-1
373,77691,405,334,48,103,1,-1,-1,-1
373,77692,420,198,25,62,1,-1,-1,-1
373,77642,88,337,40,104,1,-1,-1,-1
373,77667,581,271,32,81,1,-1,-1,-1
373,77711,1435,603,64,136,1,-1,-1,-1
373,77719,156,510,51,138,1,-1,-1,-1
373,77720,-11,452,41,116,1,-1,-1,-1
373,77723,43,540,72,149,1,-1,-1,-1
373,77735,1805,336,48,98,1,-1,-1,-1
374,77604,661,404,40,106,1,-1,-1,-1
374,77606,975,541,78,131,1,-1,-1,-1
374,77614,1043,529,71,137,1,-1,-1,-1
374,77615,879,581,79,120,1,-1,-1,-1
374,77629,1376,459,46,125,1,-1,-1,-1
374,77648,1136,364,35,104,1,-1,-1,-1
374,77631,576,446,44,113,1,-1,-1,-1
374,77666,1506,285,37,87,1,-1,-1,-1
374,77677,373,282,29,84,1,-1,-1,-1
374,77634,1481,282,35,85,1,-1,-1,-1
374,77690,807,365,43,99,1,-1,-1,-1
374,77691,396,333,48,103,1,-1,-1,-1
374,77692,412,197,24,62,1,-1,-1,-1
374,77642,84,338,39,104,1,-1,-1,-1
374,77667,572,270,32,81,1,-1,-1,-1
374,77711,1430,604,64,136,1,-1,-1,-1
374,77719,148,511,52,138,1,-1,-1,-1
374,77723,34,542,73,148,1,-1,-1,-1
374,77735,1799,335,47,98,1,-1,-1,-1
375,77604,653,402,40,105,1,-1,-1,-1
375,77606,970,541,79,131,1,-1,-1,-1
375,77614,1041,530,69,137,1,-1,-1,-1
375,77615,884,581,79,122,1,-1,-1,-1
375,77629,1370,461,45,124,1,-1,-1,-1
375,77648,1130,365,35,104,1,-1,-1,-1
375,77631,571,445,45,114,1,-1,-1,-1
375,77666,1499,284,36,87,1,-1,-1,-1
375,77677,366,281,29,84,1,-1,-1,-1
375,77634,1475,281,35,85,1,-1,-1,-1
375,77690,801,365,43,99,1,-1,-1,-1
375,77691,386,333,48,103,1,-1,-1,-1
375,77692,403,196,24,62,1,-1,-1,-1
375,77642,75,338,40,104,1,-1,-1,-1
375,77667,562,269,33,81,1,-1,-1,-1
375,77711,1424,604,64,136,1,-1,-1,-1
375,77719,136,512,52,138,1,-1,-1,-1
375,77723,19,545,73,146,1,-1,-1,-1
375,77735,1792,334,47,98,1,-1,-1,-1
376,77604,649,402,40,104,1,-1,-1,-1
376,77606,966,541,77,131,1,-1,-1,-1
376,77614,1038,531,67,137,1,-1,-1,-1
376,77615,889,581,80,124,1,-1,-1,-1
376,77629,1363,462,46,124,1,-1,-1,-1
376,77648,1123,365,35,104,1,-1,-1,-1
376,77631,566,445,45,115,1,-1,-1,-1
376,77666,1496,284,36,87,1,-1,-1,-1
376,77677,358,280,30,84,1,-1,-1,-1
376,77634,1468,280,34,84,1,-1,-1,-1
376,77690,794,365,43,99,1,-1,-1,-1
376,77691,375,333,49,103,1,-1,-1,-1
376,77692,394,195,23,62,1,-1,-1,-1
376,77642,64,339,40,104,1,-1,-1,-1
376,77667,552,269,33,80,1,-1,-1,-1
376,77711,1418,605,64,135,1,-1,-1,-1
376,77719,130,513,53,138,1,-1,-1,-1
376,77723,13,546,74,146,1,-1,-1,-1
376,77735,1785,332,46,98,1,-1,-1,-1
377,77604,644,402,40,103,1,-1,-1,-1
377,77606,964,543,76,130,1,-1,-1,-1
377,77614,1034,532,66,137,1,-1,-1,-1
377,77615,892,582,79,126,1,-1,-1,-1
377,77629,1357,462,45,124,1,-1,-1,-1
377,77648,1116,366,36,104,1,-1,-1,-1
377,77631,562,446,45,115,1,-1,-1,-1
377,77666,1492,283,36,87,1,-1,-1,-1
377,77677,352,280,30,84,1,-1,-1,-1
377,77634,1462,280,35,84,1,-1,-1,-1
377,77690,787,365,43,99,1,-1,-1,-1
377,77691,365,332,49,103,1,-1,-1,-1
377,77692,387,194,23,62,1,-1,-1,-1
377,77642,53,339,40,104,1,-1,-1,-1
377,77667,544,269,33,80,1,-1,-1,-1
377,77711,1412,606,63,135,1,-1,-1,-1
377,77719,122,514,54,138,1,-1,-1,-1
377,77723,8,546,73,147,1,-1,-1,-1
377,77735,1781,332,45,98,1,-1,-1,-1
378,77604,638,401,40,104,1,-1,-1,-1
378,77606,962,547,75,128,1,-1,-1,-1
378,77614,1029,533,65,138,1,-1,-1,-1
378,77615,895,582,79,129,1,-1,-1,-1
378,77629,1350,461,46,124,1,-1,-1,-1
378,77648,1110,366,35,104,1,-1,-1,-1
378,77631,557,449,44,113,1,-1,-1,-1
378,77666,1489,283,35,87,1,-1,-1,-1
378,77677,346,279,30,84,1,-1,-1,-1
378,77634,1457,279,34,85,1,-1,-1,-1
378,77690,780,365,43,99,1,-1,-1,-1
378,77691,355,332,49,103,1,-1,-1,-1
378,77692,380,194,23,62,1,-1,-1,-1
378,77642,37,339,41,104,1,-1,-1,-1
378,77667,536,268,34,80,1,-1,-1,-1
378,77711,1407,607,63,134,1,-1,-1,-1
378,77719,113,514,54,138,1,-1,-1,-1
378,77723,2,546,72,147,1,-1,-1,-1
378,77735,1778,331,44,98,1,-1,-1,-1
379,77604,632,401,40,104,1,-1,-1,-1
379,77606,959,552,74,126,1,-1,-1,-1
379,77614,1024,533,64,141,1,-1,-1,-1
379,77615,898,583,78,132,1,-1,-1,-1
379,77629,1345,460,46,124,1,-1,-1,-1
379,77648,1103,367,36,104,1,-1,-1,-1
379,77631,552,451,44,112,1,-1,-1,-1
379,77666,1486,282,35,87,1,-1,-1,-1
379,77677,340,279,30,84,1,-1,-1,-1
379,77634,1452,278,35,85,1,-1,-1,-1
379,77690,774,365,43,99,1,-1,-1,-1
379,77691,345,331,49,103,1,-1,-1,-1
379,77692,373,193,22,62,1,-1,-1,-1
379,77642,29,340,40,104,1,-1,-1,-1
379,77667,528,268,34,80,1,-1,-1,-1
379,77711,1401,608,63,134,1,-1,-1,-1
379,77719,103,515,55,138,1,-1,-1,-1
379,77723,-2,546,70,147,1,-1,-1,-1
379,77735,1775,331,44,98,1,-1,-1,-1
380,77604,626,401,40,104,1,-1,-1,-1
380,77606,957,557,73,124,1,-1,-1,-1
380,77614,1019,534,63,142,1,-1,-1,-1
380,77615,901,584,77,134,1,-1,-1,-1
380,77629,1339,459,47,125,1,-1,-1,-1
380,77648,1093,367,35,104,1,-1,-1,-1
380,77631,548,453,43,111,1,-1,-1,-1
380,77666,1482,281,35,87,1,-1,-1,-1
380,77677,334,279,30,84,1,-1,-1,-1
380,77634,1447,278,34,85,1,-1,-1,-1
380,77690,762,364,43,99,1,-1,-1,-1
380,77691,328,331,50,103,1,-1,-1,-1
380,77692,366,193,22,62,1,-1,-1,-1
380,77642,20,340,41,104,1,-1,-1,-1
380,77667,520,268,35,80,1,-1,-1,-1
380,77711,1395,609,62,134,1,-1,-1,-1
380,77719,93,515,55,138,1,-1,-1,-1
380,77723,-7,547,68,147,1,-1,-1,-1
380,77735,1773,331,44,98,1,-1,-1,-1
381,77604,620,401,41,104,1,-1,-1,-1
381,77606,954,561,74,122,1,-1,-1,-1
381,77614,1014,535,62,144,1,-1,-1,-1
381,77615,904,586,76,137,1,-1,-1,-1
381,77629,1333,458,47,125,1,-1,-1,-1
381,77648,1089,368,35,104,1,-1,-1,-1
381,77631,543,456,43,109,1,-1,-1,-1
381,77666,1478,281,35,86,1,-1,-1,-1
381,77677,328,278,30,84,1,-1,-1,-1
381,77634,1442,278,34,85,1,-1,-1,-1
381,77690,758,364,43,99,1,-1,-1,-1
381,77691,323,330,50,103,1,-1,-1,-1
381,77692,358,193,22,62,1,-1,-1,-1
381,77642,11,340,41,104,1,-1,-1,-1
381,77667,513,268,34,80,1,-1,-1,-1
381,77711,1389,610,61,133,1,-1,-1,-1
381,77719,83,516,55,138,1,-1,-1,-1
381,77723,-11,547,66,147,1,-1,-1,-1
381,77735,1770,330,44,98,1,-1,-1,-1
382,77604,619,401,40,103,1,-1,-1,-1
382,77606,952,563,74,121,1,-1,-1,-1
382,77614,1013,534,61,145,1,-1,-1,-1
382,77615,909,586,74,137,1,-1,-1,-1
382,77629,1330,458,47,126,1,-1,-1,-1
382,77648,1088,368,35,104,1,-1,-1,-1
382,77631,542,457,43,109,1,-1,-1,-1
382,77666,1474,280,35,87,1,-1,-1,-1
382,77677,326,278,30,84,1,-1,-1,-1
382,77634,1440,277,35,85,1,-1,-1,-1
382,77690,756,364,43,99,1,-1,-1,-1
382,77691,318,330,51,103,1,-1,-1,-1
382,77692,355,192,22,62,1,-1,-1,-1
382,77642,1,340,41,104,1,-1,-1,-1
382,77667,508,267,34,81,1,-1,-1,-1
382,77711,1387,610,61,134,1,-1,-1,-1
382,77719,75,516,56,138,1,-1,-1,-1
382,77723,-12,550,63,145,1,-1,-1,-1
382,77735,1767,330,44,98,1,-1,-1,-1
383,77604,617,400,40,104,1,-1,-1,-1
383,77606,951,563,73,120,1,-1,-1,-1
383,77614,1013,533,60,145,1,-1,-1,-1
383,77615,915,585,73,137,1,-1,-1,-1
383,77629,1327,459,48,125,1,-1,-1,-1
383,77648,1087,368,35,104,1,-1,-1,-1
383,77631,542,457,44,111,1,-1,-1,-1
383,77666,1471,279,35,87,1,-1,-1,-1
383,77677,325,277,30,84,1,-1,-1,-1
383,77634,1442,276,34,84,1,-1,-1,-1
383,77690,755,364,43,99,1,-1,-1,-1
383,77691,315,329,50,103,1,-1,-1,-1
383,77692,353,191,22,62,1,-1,-1,-1
383,77642,-1,339,40,104,1,-1,-1,-1
383,77667,503,266,35,81,1,-1,-1,-1
383,77711,1388,610,61,134,1,-1,-1,-1
383,77719,65,516,57,138,1,-1,-1,-1
383,77723,-11,551,61,144,1,-1,-1,-1
383,77735,1764,330,44,98,1,-1,-1,-1
384,77604,617,399,40,104,1,-1,-1,-1
384,77606,949,563,73,120,1,-1,-1,-1
384,77614,1014,531,59,146,1,-1,-1,-1
384,77615,922,584,72,136,1,-1,-1,-1
384,77629,1324,460,48,125,1,-1,-1,-1
384,77648,1087,368,35,104,1,-1,-1,-1
384,77631,543,457,44,112,1,-1,-1,-1
384,77666,1467,278,35,87,1,-1,-1,-1
384,77677,325,277,29,84,1,-1,-1,-1
384,77634,1443,274,34,84,1,-1,-1,-1
384,77690,754,363,43,100,1,-1,-1,-1
384,77691,312,329,51,103,1,-1,-1,-1
384,77692,352,190,22,62,1,-1,-1,-1
384,77642,-2,337,40,104,1,-1,-1,-1
384,77667,499,264,35,81,1,-1,-1,-1
384,77711,1390,610,62,136,1,-1,-1,-1
384,77719,61,516,58,138,1,-1,-1,-1
384,77723,-9,552,59,143,1,-1,-1,-1
384,77735,1761,330,44,97,1,-1,-1,-1
385,77604,617,399,40,103,1,-1,-1,-1
385,77606,947,563,72,120,1,-1,-1,-1
385,77614,1015,530,57,145,1,-1,-1,-1
385,77615,933,583,73,135,1,-1,-1,-1
385,77629,1320,462,49,124,1,-1,-1,-1
385,77648,1086,368,36,104,1,-1,-1,-1
385,77631,545,457,45,114,1,-1,-1,-1
385,77666,1461,277,34,87,1,-1,-1,-1
385,77677,324,275,30,84,1,-1,-1,-1
385,77634,1446,272,32,83,1,-1,-1,-1
385,77690,753,363,44,101,1,-1,-1,-1
385,77691,309,328,50,104,1,-1,-1,-1
385,77692,350,188,23,62,1,-1,-1,-1
385,77642,-2,336,40,104,1,-1,-1,-1
385,77667,494,262,35,81,1,-1,-1,-1
385,77711,1392,610,62,137,1,-1,-1,-1
385,77719,60,516,58,138,1,-1,-1,-1
385,77723,-7,551,58,143,1,-1,-1,-1
385,77735,1757,329,43,98,1,-1,-1,-1
386,77604,617,398,40,104,1,-1,-1,-1
386,77606,946,564,71,119,1,-1,-1,-1
386,77614,1016,529,57,145,1,-1,-1,-1
386,77615,938,582,73,134,1,-1,-1,-1
386,77629,1320,462,49,124,1,-1,-1,-1
386,77648,1086,368,36,104,1,-1,-1,-1
386,77631,546,457,45,115,1,-1,-1,-1
386,77666,1458,276,35,87,1,-1,-1,-1
386,77677,324,275,30,84,1,-1,-1,-1
386,77634,1448,271,31,83,1,-1,-1,-1
386,77690,752,362,44,102,1,-1,-1,-1
386,77691,306,327,50,104,1,-1,-1,-1
386,77692,350,187,24,62,1,-1,-1,-1
386,77642,-2,334,41,104,1,-1,-1,-1
386,77667,492,262,34,81,1,-1,-1,-1
386,77711,1394,610,63,138,1,-1,-1,-1
386,77719,60,516,58,138,1,-1,-1,-1
386,77723,-6,551,58,143,1,-1,-1,-1
386,77735,1755,329,44,97,1,-1,-1,-1
387,77604,617,397,40,104,1,-1,-1,-1
387,77606,944,565,70,119,1,-1,-1,-1
387,77614,1017,531,56,144,1,-1,-1,-1
387,77615,947,586,74,131,1,-1,-1,-1
387,77629,1320,462,51,124,1,-1,-1,-1
387,77648,1086,368,36,105,1,-1,-1,-1
387,77631,548,458,44,114,1,-1,-1,-1
387,77666,1459,276,35,87,1,-1,-1,-1
387,77677,326,274,30,84,1,-1,-1,-1
387,77634,1450,271,31,83,1,-1,-1,-1
387,77690,751,362,44,102,1,-1,-1,-1
387,77691,303,327,49,104,1,-1,-1,-1
387,77692,351,187,25,62,1,-1,-1,-1
387,77642,-2,333,41,104,1,-1,-1,-1
387,77667,491,261,34,82,1,-1,-1,-1
387,77711,1395,610,62,138,1,-1,-1,-1
387,77719,60,516,59,138,1,-1,-1,-1
387,77723,-4,551,57,143,1,-1,-1,-1
387,77735,1756,329,43,97,1,-1,-1,-1
388,77604,618,397,40,104,1,-1,-1,-1
388,77606,942,567,68,118,1,-1,-1,-1
388,77614,1018,533,56,142,1,-1,-1,-1
388,77615,960,592,73,128,1,-1,-1,-1
388,77629,1322,462,51,124,1,-1,-1,-1
388,77648,1086,368,36,105,1,-1,-1,-1
388,77631,550,459,44,114,1,-1,-1,-1
388,77666,1461,276,34,87,1,-1,-1,-1
388,77677,329,274,30,84,1,-1,-1,-1
388,77634,1452,271,31,83,1,-1,-1,-1
388,77690,751,361,44,103,1,-1,-1,-1
388,77691,300,326,49,105,1,-1,-1,-1
388,77692,353,187,25,62,1,-1,-1,-1
388,77642,-1,333,41,104,1,-1,-1,-1
388,77667,490,261,35,82,1,-1,-1,-1
388,77711,1394,610,62,137,1,-1,-1,-1
388,77719,61,516,59,138,1,-1,-1,-1
388,77723,-3,551,57,143,1,-1,-1,-1
388,77735,1757,328,44,98,1,-1,-1,-1
389,77604,620,397,40,104,1,-1,-1,-1
389,77606,939,570,67,118,1,-1,-1,-1
389,77614,1018,535,57,141,1,-1,-1,-1
389,77615,973,598,72,125,1,-1,-1,-1
389,77629,1325,462,52,124,1,-1,-1,-1
389,77648,1085,368,37,105,1,-1,-1,-1
389,77631,552,460,44,113,1,-1,-1,-1
389,77666,1462,276,34,86,1,-1,-1,-1
389,77677,331,274,30,84,1,-1,-1,-1
389,77634,1454,271,32,83,1,-1,-1,-1
389,77690,750,361,44,103,1,-1,-1,-1
389,77691,297,325,49,105,1,-1,-1,-1
389,77692,355,186,25,62,1,-1,-1,-1
389,77642,-1,334,41,104,1,-1,-1,-1
389,77667,490,261,34,82,1,-1,-1,-1
389,77711,1392,610,62,136,1,-1,-1,-1
389,77719,61,516,60,138,1,-1,-1,-1
389,77723,-2,551,57,144,1,-1,-1,-1
389,77735,1758,328,44,98,1,-1,-1,-1
390,77604,622,397,40,104,1,-1,-1,-1
390,77606,935,573,65,118,1,-1,-1,-1
390,77614,1017,540,60,137,1,-1,-1,-1
390,77615,986,604,70,122,1,-1,-1,-1
390,77629,1329,462,52,124,1,-1,-1,-1
390,77648,1085,368,36,106,1,-1,-1,-1
390,77631,554,462,45,112,1,-1,-1,-1
390,77666,1464,277,34,85,1,-1,-1,-1
390,77677,334,274,30,84,1,-1,-1,-1
390,77634,1456,271,32,83,1,-1,-1,-1
390,77690,748,360,45,104,1,-1,-1,-1
390,77691,293,325,49,105,1,-1,-1,-1
390,77692,356,186,27,62,1,-1,-1,-1
390,77642,-1,334,42,104,1,-1,-1,-1
390,77667,490,261,34,82,1,-1,-1,-1
390,77711,1389,610,63,135,1,-1,-1,-1
390,77719,61,516,61,138,1,-1,-1,-1
390,77723,0,551,57,144,1,-1,-1,-1
390,77735,1761,328,43,98,1,-1,-1,-1
391,77604,623,396,40,104,1,-1,-1,-1
391,77606,934,575,63,117,1,-1,-1,-1
391,77614,1016,541,63,137,1,-1,-1,-1
391,77615,1000,611,69,118,1,-1,-1,-1
391,77629,1331,462,53,124,1,-1,-1,-1
391,77648,1085,369,37,105,1,-1,-1,-1
391,77631,556,464,45,111,1,-1,-1,-1
391,77666,1466,277,34,85,1,-1,-1,-1
391,77677,337,274,30,84,1,-1,-1,-1
391,77634,1458,271,33,82,1,-1,-1,-1
391,77690,748,359,45,106,1,-1,-1,-1
391,77691,292,324,48,106,1,-1,-1,-1
391,77692,359,185,27,62,1,-1,-1,-1
391,77642,0,335,41,104,1,-1,-1,-1
391,77667,490,261,34,82,1,-1,-1,-1
391,77711,1388,610,63,134,1,-1,-1,-1
391,77719,62,516,62,138,1,-1,-1,-1
391,77723,0,551,58,144,1,-1,-1,-1
391,77735,1763,327,43,98,1,-1,-1,-1
392,77604,626,396,39,104,1,-1,-1,-1
392,77606,933,576,61,116,1,-1,-1,-1
392,77614,1014,542,65,136,1,-1,-1,-1
392,77615,1004,614,70,118,1,-1,-1,-1
392,77629,1336,461,53,125,1,-1,-1,-1
392,77648,1087,368,37,106,1,-1,-1,-1
392,77631,559,466,45,110,1,-1,-1,-1
392,77666,1468,277,34,85,1,-1,-1,-1
392,77677,342,274,30,84,1,-1,-1,-1
392,77634,1460,271,35,82,1,-1,-1,-1
392,77690,750,359,45,104,1,-1,-1,-1
392,77691,294,324,47,105,1,-1,-1,-1
392,77692,362,184,27,62,1,-1,-1,-1
392,77642,0,335,42,104,1,-1,-1,-1
392,77667,490,261,35,82,1,-1,-1,-1
392,77711,1389,611,64,135,1,-1,-1,-1
392,77719,65,516,61,138,1,-1,-1,-1
392,77723,2,554,58,140,1,-1,-1,-1
392,77735,1766,327,43,98,1,-1,-1,-1
393,77604,630,396,39,104,1,-1,-1,-1
393,77606,930,577,62,115,1,-1,-1,-1
393,77614,1012,542,67,136,1,-1,-1,-1
393,77615,1002,614,73,121,1,-1,-1,-1
393,77629,1342,461,53,125,1,-1,-1,-1
393,77648,1089,368,38,106,1,-1,-1,-1
393,77631,562,469,45,108,1,-1,-1,-1
393,77666,1469,277,34,84,1,-1,-1,-1
393,77677,346,273,30,84,1,-1,-1,-1
393,77634,1463,270,35,82,1,-1,-1,-1
393,77690,754,360,44,103,1,-1,-1,-1
393,77691,296,323,47,106,1,-1,-1,-1
393,77692,366,184,27,62,1,-1,-1,-1
393,77642,2,334,43,104,1,-1,-1,-1
393,77667,492,260,34,82,1,-1,-1,-1
393,77711,1390,612,65,136,1,-1,-1,-1
393,77719,69,518,62,137,1,-1,-1,-1
393,77723,4,556,58,137,1,-1,-1,-1
393,77735,1770,327,43,98,1,-1,-1,-1
394,77604,634,395,39,104,1,-1,-1,-1
394,77606,928,578,61,115,1,-1,-1,-1
394,77614,1010,542,69,137,1,-1,-1,-1
394,77615,999,615,77,123,1,-1,-1,-1
394,77629,1348,461,54,126,1,-1,-1,-1
394,77648,1092,368,38,106,1,-1,-1,-1
394,77631,566,471,45,106,1,-1,-1,-1
394,77666,1471,277,34,84,1,-1,-1,-1
394,77677,350,272,30,84,1,-1,-1,-1
394,77634,1467,270,36,82,1,-1,-1,-1
394,77690,758,361,45,102,1,-1,-1,-1
394,77691,299,323,46,105,1,-1,-1,-1
394,77692,369,183,28,62,1,-1,-1,-1
394,77642,4,333,43,104,1,-1,-1,-1
394,77667,494,260,34,82,1,-1,-1,-1
394,77711,1392,614,66,137,1,-1,-1,-1
394,77719,73,519,62,137,1,-1,-1,-1
394,77723,7,559,57,133,1,-1,-1,-1
394,77735,1774,327,43,98,1,-1,-1,-1
395,77604,639,394,38,104,1,-1,-1,-1
395,77606,924,580,61,113,1,-1,-1,-1
395,77614,1007,542,71,137,1,-1,-1,-1
395,77615,995,615,80,125,1,-1,-1,-1
395,77629,1355,461,54,126,1,-1,-1,-1
395,77648,1095,367,38,107,1,-1,-1,-1
395,77631,570,474,45,104,1,-1,-1,-1
395,77666,1474,277,33,83,1,-1,-1,-1
395,77677,354,272,31,84,1,-1,-1,-1
395,77634,1471,269,36,82,1,-1,-1,-1
395,77690,763,361,44,101,1,-1,-1,-1
395,77691,301,322,47,105,1,-1,-1,-1
395,77692,374,183,27,62,1,-1,-1,-1
395,77642,6,332,43,104,1,-1,-1,-1
395,77667,495,259,35,82,1,-1,-1,-1
395,77711,1394,616,69,140,1,-1,-1,-1
395,77719,81,521,62,137,1,-1,-1,-1
395,77723,11,565,57,126,1,-1,-1,-1
395,77735,1780,327,44,98,1,-1,-1,-1
396,77604,643,393,39,104,1,-1,-1,-1
396,77606,922,581,62,112,1,-1,-1,-1
396,77614,1006,542,71,137,1,-1,-1,-1
396,77615,990,615,86,129,1,-1,-1,-1
396,77629,1362,461,54,127,1,-1,-1,-1
396,77648,1098,367,38,107,1,-1,-1,-1
396,77631,574,476,45,102,1,-1,-1,-1
396,77666,1475,277,33,83,1,-1,-1,-1
396,77677,359,271,32,84,1,-1,-1,-1
396,77634,1475,268,38,82,1,-1,-1,-1
396,77690,767,362,44,99,1,-1,-1,-1
396,77691,304,322,46,105,1,-1,-1,-1
396,77692,378,182,28,62,1,-1,-1,-1
396,77642,8,331,44,104,1,-1,-1,-1
396,77667,497,259,34,82,1,-1,-1,-1
396,77711,1395,617,70,141,1,-1,-1,-1
396,77719,84,522,61,136,1,-1,-1,-1
396,77723,11,567,60,124,1,-1,-1,-1
396,77735,1783,327,44,97,1,-1,-1,-1
397,77604,649,392,38,104,1,-1,-1,-1
397,77606,922,582,64,114,1,-1,-1,-1
397,77614,1005,541,72,136,1,-1,-1,-1
397,77615,993,619,86,127,1,-1,-1,-1
397,77629,1369,461,54,128,1,-1,-1,-1
397,77648,1101,367,38,107,1,-1,-1,-1
397,77631,577,477,47,103,1,-1,-1,-1
397,77666,1480,276,34,83,1,-1,-1,-1
397,77677,366,270,31,84,1,-1,-1,-1
397,77634,1479,267,38,82,1,-1,-1,-1
397,77690,772,362,44,98,1,-1,-1,-1
397,77691,306,321,46,105,1,-1,-1,-1
397,77692,384,181,28,62,1,-1,-1,-1
397,77642,11,330,44,104,1,-1,-1,-1
397,77667,501,258,34,82,1,-1,-1,-1
397,77711,1395,618,71,141,1,-1,-1,-1
397,77719,89,520,61,137,1,-1,-1,-1
397,77723,10,565,62,124,1,-1,-1,-1
397,77735,1792,327,43,97,1,-1,-1,-1
398,77604,655,392,39,104,1,-1,-1,-1
398,77606,923,584,66,115,1,-1,-1,-1
398,77614,1003,539,72,138,1,-1,-1,-1
398,77615,998,621,87,126,1,-1,-1,-1
398,77629,1376,461,54,128,1,-1,-1,-1
398,77648,1103,367,39,107,1,-1,-1,-1
398,77631,580,477,49,106,1,-1,-1,-1
398,77666,1486,274,34,84,1,-1,-1,-1
398,77677,373,269,32,83,1,-1,-1,-1
398,77634,1485,265,38,82,1,-1,-1,-1
398,77690,777,363,44,97,1,-1,-1,-1
398,77691,308,321,46,104,1,-1,-1,-1
398,77692,390,179,28,61,1,-1,-1,-1
398,77642,13,329,45,104,1,-1,-1,-1
398,77667,505,257,34,81,1,-1,-1,-1
398,77711,1395,618,73,143,1,-1,-1,-1
398,77719,95,519,62,136,1,-1,-1,-1
398,77723,9,562,63,125,1,-1,-1,-1
398,77735,1801,325,44,97,1,-1,-1,-1
399,77604,662,391,39,104,1,-1,-1,-1
399,77606,924,586,67,116,1,-1,-1,-1
399,77614,1001,538,72,137,1,-1,-1,-1
399,77615,1004,621,88,127,1,-1,-1,-1
399,77629,1384,461,54,129,1,-1,-1,-1
399,77648,1106,366,39,107,1,-1,-1,-1
399,77631,584,477,50,109,1,-1,-1,-1
399,77666,1493,272,34,85,1,-1,-1,-1
399,77677,381,267,32,83,1,-1,-1,-1
399,77634,1493,263,39,82,1,-1,-1,-1
399,77690,780,364,46,95,1,-1,-1,-1
399,77691,311,320,46,104,1,-1,-1,-1
399,77692,398,177,27,61,1,-1,-1,-1
399,77642,15,328,45,104,1,-1,-1,-1
399,77667,510,256,34,80,1,-1,-1,-1
399,77711,1395,618,74,145,1,-1,-1,-1
399,77719,102,517,61,136,1,-1,-1,-1
399,77723,7,558,66,127,1,-1,-1,-1
399,77735,1811,324,43,97,1,-1,-1,-1
400,77604,669,390,39,104,1,-1,-1,-1
400,77606,926,587,68,118,1,-1,-1,-1
400,77614,999,536,71,138,1,-1,-1,-1
400,77615,1013,621,89,129,1,-1,-1,-1
400,77629,1392,462,53,128,1,-1,-1,-1
400,77648,1109,366,40,107,1,-1,-1,-1
400,77631,586,477,52,111,1,-1,-1,-1
400,77666,1503,270,34,86,1,-1,-1,-1
400,77677,389,266,32,82,1,-1,-1,-1
400,77634,1502,261,39,82,1,-1,-1,-1
400,77690,785,364,45,94,1,-1,-1,-1
400,77691,314,320,46,104,1,-1,-1,-1
400,77692,405,175,27,61,1,-1,-1,-1
400,77642,19,327,45,103,1,-1,-1,-1
400,77667,515,255,34,80,1,-1,-1,-1
400,77711,1395,618,76,147,1,-1,-1,-1
400,77719,107,515,62,135,1,-1,-1,-1
400,77723,5,555,68,128,1,-1,-1,-1
400,77735,1822,322,42,96,1,-1,-1,-1
401,77604,675,389,41,104,1,-1,-1,-1
401,77606,927,589,69,120,1,-1,-1,-1
401,77614,997,534,70,138,1,-1,-1,-1
401,77615,1016,621,90,130,1,-1,-1,-1
401,77629,1399,462,54,129,1,-1,-1,-1
401,77648,1112,365,40,108,1,-1,-1,-1
401,77631,589,477,53,114,1,-1,-1,-1
401,77666,1507,269,35,86,1,-1,-1,-1
401,77677,397,265,32,82,1,-1,-1,-1
401,77634,1511,259,40,82,1,-1,-1,-1
401,77690,789,365,45,93,1,-1,-1,-1
401,77691,315,317,47,104,1,-1,-1,-1
401,77692,412,173,28,61,1,-1,-1,-1
401,77642,21,326,45,103,1,-1,-1,-1
401,77667,520,254,34,79,1,-1,-1,-1
401,77711,1395,618,77,149,1,-1,-1,-1
401,77719,114,512,62,135,1,-1,-1,-1
401,77723,4,550,69,130,1,-1,-1,-1
401,77735,1833,320,41,96,1,-1,-1,-1
402,77604,682,388,41,104,1,-1,-1,-1
402,77606,925,590,72,123,1,-1,-1,-1
402,77614,997,534,69,139,1,-1,-1,-1
402,77615,1017,620,92,132,1,-1,-1,-1
402,77629,1406,463,54,128,1,-1,-1,-1
402,77648,1117,364,40,108,1,-1,-1,-1
402,77631,593,477,54,115,1,-1,-1,-1
402,77666,1514,267,35,87,1,-1,-1,-1
402,77677,404,264,33,81,1,-1,-1,-1
402,77634,1519,257,39,82,1,-1,-1,-1
402,77690,792,364,47,92,1,-1,-1,-1
402,77691,319,315,46,103,1,-1,-1,-1
402,77692,419,172,28,60,1,-1,-1,-1
402,77642,26,325,45,103,1,-1,-1,-1
402,77667,525,253,35,79,1,-1,-1,-1
402,77711,1397,618,77,149,1,-1,-1,-1
402,77719,120,512,62,135,1,-1,-1,-1
402,77723,2,547,71,132,1,-1,-1,-1
402,77735,1842,319,41,96,1,-1,-1,-1
403,77604,689,386,42,104,1,-1,-1,-1
403,77606,922,590,74,128,1,-1,-1,-1
403,77614,997,535,69,140,1,-1,-1,-1
403,77615,1018,618,94,134,1,-1,-1,-1
403,77629,1414,462,53,128,1,-1,-1,-1
403,77648,1122,363,40,108,1,-1,-1,-1
403,77631,597,476,55,115,1,-1,-1,-1
403,77666,1521,266,35,87,1,-1,-1,-1
403,77677,412,263,32,81,1,-1,-1,-1
403,77634,1526,256,39,82,1,-1,-1,-1
403,77690,795,362,48,92,1,-1,-1,-1
403,77691,324,314,47,103,1,-1,-1,-1
403,77692,426,170,28,61,1,-1,-1,-1
403,77642,31,325,45,102,1,-1,-1,-1
403,77667,529,252,36,79,1,-1,-1,-1
403,77711,1401,619,76,148,1,-1,-1,-1
403,77719,125,511,63,135,1,-1,-1,-1
403,77723,0,544,72,134,1,-1,-1,-1
403,77735,1851,319,40,96,1,-1,-1,-1
404,77604,696,385,42,104,1,-1,-1,-1
404,77606,918,590,77,132,1,-1,-1,-1
404,77614,997,536,68,140,1,-1,-1,-1
404,77615,1018,617,97,137,1,-1,-1,-1
404,77629,1421,461,53,128,1,-1,-1,-1
404,77648,1127,362,40,108,1,-1,-1,-1
404,77631,602,476,55,115,1,-1,-1,-1
404,77666,1529,264,35,87,1,-1,-1,-1
404,77677,418,262,33,80,1,-1,-1,-1
404,77634,1533,254,40,82,1,-1,-1,-1
404,77690,799,359,48,93,1,-1,-1,-1
404,77691,329,313,47,102,1,-1,-1,-1
404,77692,432,169,28,60,1,-1,-1,-1
404,77642,37,324,45,101,1,-1,-1,-1
404,77667,534,251,36,79,1,-1,-1,-1
404,77711,1404,619,76,147,1,-1,-1,-1
404,77719,131,510,63,135,1,-1,-1,-1
404,77723,-1,541,71,136,1,-1,-1,-1
404,77735,1859,318,40,96,1,-1,-1,-1
405,77604,703,383,42,104,1,-1,-1,-1
405,77606,912,590,82,140,1,-1,-1,-1
405,77614,996,538,69,142,1,-1,-1,-1
405,77615,1018,615,99,140,1,-1,-1,-1
405,77629,1428,460,53,128,1,-1,-1,-1
405,77648,1132,360,41,109,1,-1,-1,-1
405,77631,608,475,56,115,1,-1,-1,-1
405,77666,1537,263,35,87,1,-1,-1,-1
405,77677,425,261,33,80,1,-1,-1,-1
405,77634,1540,253,40,82,1,-1,-1,-1
405,77690,802,356,49,95,1,-1,-1,-1
405,77691,335,312,48,102,1,-1,-1,-1
405,77692,439,169,28,59,1,-1,-1,-1
405,77642,42,323,45,101,1,-1,-1,-1
405,77667,538,249,37,79,1,-1,-1,-1
405,77711,1408,620,75,145,1,-1,-1,-1
405,77719,139,510,65,135,1,-1,-1,-1
405,77723,-4,537,72,139,1,-1,-1,-1
405,77735,1867,317,41,96,1,-1,-1,-1
406,77604,710,381,43,104,1,-1,-1,-1
406,77606,910,590,84,143,1,-1,-1,-1
406,77614,996,538,68,144,1,-1,-1,-1
406,77615,1018,613,102,143,1,-1,-1,-1
406,77629,1436,459,53,128,1,-1,-1,-1
406,77648,1137,359,41,109,1,-1,-1,-1
406,77631,610,474,57,115,1,-1,-1,-1
406,77666,1545,261,35,87,1,-1,-1,-1
406,77677,432,260,33,79,1,-1,-1,-1
406,77634,1547,251,40,82,1,-1,-1,-1
406,77690,805,354,50,94,1,-1,-1,-1
406,77691,340,311,49,102,1,-1,-1,-1
406,77692,446,168,28,59,1,-1,-1,-1
406,77642,48,323,45,99,1,-1,-1,-1
406,77667,543,248,37,79,1,-1,-1,-1
406,77711,1411,621,75,143,1,-1,-1,-1
406,77719,142,509,66,135,1,-1,-1,-1
406,77723,-4,535,71,141,1,-1,-1,-1
406,77735,1876,316,40,96,1,-1,-1,-1
407,77604,717,380,43,104,1,-1,-1,-1
407,77606,912,590,86,147,1,-1,-1,-1
407,77614,996,536,68,145,1,-1,-1,-1
407,77615,1014,612,103,143,1,-1,-1,-1
407,77629,1443,459,52,128,1,-1,-1,-1
407,77648,1142,358,42,109,1,-1,-1,-1
407,77631,612,474,59,115,1,-1,-1,-1
407,77666,1552,260,35,87,1,-1,-1,-1
407,77677,441,258,33,80,1,-1,-1,-1
407,77634,1557,250,40,82,1,-1,-1,-1
407,77690,808,351,51,96,1,-1,-1,-1
407,77691,346,311,49,101,1,-1,-1,-1
407,77692,455,166,28,58,1,-1,-1,-1
407,77642,54,322,44,98,1,-1,-1,-1
407,77667,548,246,38,78,1,-1,-1,-1
407,77711,1414,622,75,142,1,-1,-1,-1
407,77719,148,507,67,135,1,-1,-1,-1
407,77723,-3,535,71,139,1,-1,-1,-1
407,77735,1882,315,40,96,1,-1,-1,-1
408,77604,724,379,43,104,1,-1,-1,-1
408,77606,916,590,88,152,1,-1,-1,-1
408,77614,997,534,66,144,1,-1,-1,-1
408,77615,1008,612,102,140,1,-1,-1,-1
408,77629,1450,458,53,128,1,-1,-1,-1
408,77648,1148,357,42,109,1,-1,-1,-1
408,77631,615,473,60,116,1,-1,-1,-1
408,77666,1559,258,35,87,1,-1,-1,-1
408,77677,451,256,33,80,1,-1,-1,-1
408,77634,1564,248,40,82,1,-1,-1,-1
408,77690,811,349,51,97,1,-1,-1,-1
408,77691,351,310,50,100,1,-1,-1,-1
408,77692,465,164,29,58,1,-1,-1,-1
408,77642,59,321,45,97,1,-1,-1,-1
408,77667,554,244,38,78,1,-1,-1,-1
408,77711,1417,622,75,142,1,-1,-1,-1
408,77719,156,505,67,134,1,-1,-1,-1
408,77723,-1,535,69,136,1,-1,-1,-1
408,77735,1888,315,37,93,1,-1,-1,-1
409,77604,731,377,43,104,1,-1,-1,-1
409,77606,921,590,91,157,1,-1,-1,-1
409,77614,997,531,66,144,1,-1,-1,-1
409,77615,1002,612,101,138,1,-1,-1,-1
409,77629,1458,457,52,129,1,-1,-1,-1
409,77648,1154,355,42,109,1,-1,-1,-1
409,77631,617,472,61,116,1,-1,-1,-1
409,77666,1566,257,34,87,1,-1,-1,-1
409,77677,461,254,33,80,1,-1,-1,-1
409,77634,1573,246,40,82,1,-1,-1,-1
409,77690,815,346,51,97,1,-1,-1,-1
409,77691,357,309,50,100,1,-1,-1,-1
409,77692,476,161,30,59,1,-1,-1,-1
409,77642,65,320,45,97,1,-1,-1,-1
409,77667,560,241,37,78,1,-1,-1,-1
409,77711,1419,622,76,143,1,-1,-1,-1
409,77719,165,502,66,133,1,-1,-1,-1
409,77723,0,535,69,132,1,-1,-1,-1
410,77604,737,376,45,104,1,-1,-1,-1
410,77606,926,590,92,162,1,-1,-1,-1
410,77614,997,528,65,144,1,-1,-1,-1
410,77615,992,611,99,134,1,-1,-1,-1
410,77629,1467,457,52,128,1,-1,-1,-1
410,77648,1159,354,42,109,1,-1,-1,-1
410,77631,619,471,62,117,1,-1,-1,-1
410,77666,1575,254,34,87,1,-1,-1,-1
410,77677,471,252,33,80,1,-1,-1,-1
410,77634,1584,244,40,82,1,-1,-1,-1
410,77690,818,344,51,98,1,-1,-1,-1
410,77691,362,309,51,99,1,-1,-1,-1
410,77692,487,159,31,59,1,-1,-1,-1
410,77642,74,319,45,95,1,-1,-1,-1
410,77667,566,239,38,77,1,-1,-1,-1
410,77711,1422,622,76,144,1,-1,-1,-1
410,77719,173,499,66,132,1,-1,-1,-1
410,77723,2,535,68,129,1,-1,-1,-1
410,77737,1907,383,12,24,1,-1,-1,-1
411,77604,746,375,45,103,1,-1,-1,-1
411,77606,932,590,93,167,1,-1,-1,-1
411,77614,997,524,65,144,1,-1,-1,-1
411,77615,989,611,97,133,1,-1,-1,-1
411,77629,1474,456,52,128,1,-1,-1,-1
411,77648,1164,352,43,110,1,-1,-1,-1
411,77631,622,470,62,118,1,-1,-1,-1
411,77666,1581,253,34,87,1,-1,-1,-1
411,77677,482,250,33,80,1,-1,-1,-1
411,77634,1595,242,41,82,1,-1,-1,-1
411,77690,822,341,51,99,1,-1,-1,-1
411,77691,367,308,53,99,1,-1,-1,-1
411,77692,499,156,31,59,1,-1,-1,-1
411,77642,78,318,44,95,1,-1,-1,-1
411,77667,572,237,38,76,1,-1,-1,-1
411,77711,1424,622,76,145,1,-1,-1,-1
411,77719,183,496,65,131,1,-1,-1,-1
411,77723,5,535,67,126,1,-1,-1,-1
412,77604,752,374,46,103,1,-1,-1,-1
412,77606,935,592,92,166,1,-1,-1,-1
412,77614,999,523,64,143,1,-1,-1,-1
412,77615,989,613,98,132,1,-1,-1,-1
412,77629,1483,455,53,129,1,-1,-1,-1
412,77648,1170,351,43,110,1,-1,-1,-1
412,77631,625,468,63,119,1,-1,-1,-1
412,77666,1591,252,34,87,1,-1,-1,-1
412,77677,493,248,33,80,1,-1,-1,-1
412,77634,1606,240,41,82,1,-1,-1,-1
412,77690,827,340,51,98,1,-1,-1,-1
412,77691,374,307,53,98,1,-1,-1,-1
412,77692,510,154,31,59,1,-1,-1,-1
412,77642,85,318,45,94,1,-1,-1,-1
412,77667,581,235,38,76,1,-1,-1,-1
412,77711,1426,622,77,146,1,-1,-1,-1
412,77719,193,495,65,130,1,-1,-1,-1
412,77723,7,534,68,125,1,-1,-1,-1
413,77604,760,373,47,102,1,-1,-1,-1
413,77606,938,597,88,161,1,-1,-1,-1
413,77614,1001,522,64,143,1,-1,-1,-1
413,77615,990,616,100,130,1,-1,-1,-1
413,77629,1493,453,52,129,1,-1,-1,-1
413,77648,1176,350,44,111,1,-1,-1,-1
413,77631,628,467,64,120,1,-1,-1,-1
413,77666,1602,250,34,87,1,-1,-1,-1
413,77677,504,246,33,80,1,-1,-1,-1
413,77634,1616,239,41,82,1,-1,-1,-1
413,77690,833,338,52,99,1,-1,-1,-1
413,77691,381,305,53,98,1,-1,-1,-1
413,77692,520,154,32,57,1,-1,-1,-1
413,77642,95,316,45,94,1,-1,-1,-1
413,77667,591,234,38,76,1,-1,-1,-1
413,77711,1429,622,77,147,1,-1,-1,-1
413,77719,204,494,65,130,1,-1,-1,-1
413,77723,10,532,70,126,1,-1,-1,-1
414,77604,770,371,46,101,1,-1,-1,-1
414,77606,940,601,85,156,1,-1,-1,-1
414,77614,1003,522,63,142,1,-1,-1,-1
414,77615,990,618,103,130,1,-1,-1,-1
414,77629,1503,451,52,130,1,-1,-1,-1
414,77648,1183,350,43,110,1,-1,-1,-1
414,77631,631,465,66,123,1,-1,-1,-1
414,77666,1613,249,34,87,1,-1,-1,-1
414,77677,516,244,33,80,1,-1,-1,-1
414,77634,1627,238,41,82,1,-1,-1,-1
414,77690,840,337,51,100,1,-1,-1,-1
414,77691,388,303,54,98,1,-1,-1,-1
414,77692,532,153,31,57,1,-1,-1,-1
414,77642,106,314,45,94,1,-1,-1,-1
414,77667,602,234,38,75,1,-1,-1,-1
414,77711,1431,622,77,148,1,-1,-1,-1
414,77719,216,493,65,130,1,-1,-1,-1
414,77723,14,530,71,127,1,-1,-1,-1
414,77738,2,454,28,80,1,-1,-1,-1
415,77604,780,369,46,100,1,-1,-1,-1
415,77606,942,606,81,150,1,-1,-1,-1
415,77614,1006,522,63,141,1,-1,-1,-1
415,77615,992,623,108,129,1,-1,-1,-1
415,77629,1518,448,54,130,1,-1,-1,-1
415,77648,1189,349,44,110,1,-1,-1,-1
415,77631,636,462,67,125,1,-1,-1,-1
415,77666,1624,248,35,87,1,-1,-1,-1
415,77677,528,242,33,80,1,-1,-1,-1
415,77634,1645,237,41,82,1,-1,-1,-1
415,77690,846,336,52,100,1,-1,-1,-1
415,77691,395,301,55,98,1,-1,-1,-1
415,77692,543,152,31,56,1,-1,-1,-1
415,77642,117,313,46,93,1,-1,-1,-1
415,77667,612,233,39,74,1,-1,-1,-1
415,77711,1435,621,78,150,1,-1,-1,-1
415,77719,227,492,66,130,1,-1,-1,-1
415,77723,17,529,74,128,1,-1,-1,-1
415,77738,6,447,30,86,1,-1,-1,-1
416,77604,791,367,46,99,1,-1,-1,-1
416,77606,944,611,77,144,1,-1,-1,-1
416,77614,1008,522,63,140,1,-1,-1,-1
416,77615,990,625,114,128,1,-1,-1,-1
416,77629,1524,447,53,131,1,-1,-1,-1
416,77648,1196,348,44,111,1,-1,-1,-1
416,77631,639,461,67,126,1,-1,-1,-1
416,77666,1636,247,34,87,1,-1,-1,-1
416,77677,540,240,33,80,1,-1,-1,-1
416,77634,1651,236,41,82,1,-1,-1,-1
416,77690,853,336,52,100,1,-1,-1,-1
416,77691,403,299,55,98,1,-1,-1,-1
416,77692,555,152,31,54,1,-1,-1,-1
416,77642,128,311,46,93,1,-1,-1,-1
416,77667,623,232,40,74,1,-1,-1,-1
416,77711,1436,621,79,151,1,-1,-1,-1
416,77719,240,491,67,130,1,-1,-1,-1
416,77723,20,526,77,130,1,-1,-1,-1
416,77738,10,441,33,91,1,-1,-1,-1
417,77604,799,365,46,99,1,-1,-1,-1
417,77606,946,619,73,137,1,-1,-1,-1
417,77614,1012,522,62,140,1,-1,-1,-1
417,77615,992,629,116,126,1,-1,-1,-1
417,77629,1533,446,54,131,1,-1,-1,-1
417,77648,1202,347,45,112,1,-1,-1,-1
417,77631,642,460,66,126,1,-1,-1,-1
417,77666,1647,246,34,87,1,-1,-1,-1
417,77677,550,238,33,80,1,-1,-1,-1
417,77634,1662,235,41,82,1,-1,-1,-1
417,77690,860,335,52,101,1,-1,-1,-1
417,77691,411,297,55,98,1,-1,-1,-1
417,77692,564,151,32,54,1,-1,-1,-1
417,77642,139,309,46,93,1,-1,-1,-1
417,77667,631,231,40,74,1,-1,-1,-1
417,77711,1440,622,79,152,1,-1,-1,-1
417,77719,248,491,68,129,1,-1,-1,-1
417,77723,24,525,79,132,1,-1,-1,-1
417,77738,15,434,35,97,1,-1,-1,-1
418,77604,807,364,46,99,1,-1,-1,-1
418,77606,948,632,71,128,1,-1,-1,-1
418,77614,1017,522,62,140,1,-1,-1,-1
418,77615,994,635,116,123,1,-1,-1,-1
418,77629,1544,446,53,131,1,-1,-1,-1
418,77648,1209,347,45,111,1,-1,-1,-1
418,77631,644,460,66,126,1,-1,-1,-1
418,77666,1659,245,34,87,1,-1,-1,-1
418,77677,559,238,33,80,1,-1,-1,-1
418,77634,1676,234,40,82,1,-1,-1,-1
418,77690,866,334,53,101,1,-1,-1,-1
418,77691,418,296,56,97,1,-1,-1,-1
418,77692,572,151,32,53,1,-1,-1,-1
418,77642,150,308,46,92,1,-1,-1,-1
418,77667,638,231,40,73,1,-1,-1,-1
418,77711,1445,623,79,153,1,-1,-1,-1
418,77719,256,491,68,129,1,-1,-1,-1
418,77723,29,524,79,132,1,-1,-1,-1
418,77738,20,427,38,103,1,-1,-1,-1
419,77604,815,363,47,99,1,-1,-1,-1
419,77606,950,646,68,119,1,-1,-1,-1
419,77614,1021,522,64,141,1,-1,-1,-1
419,77615,998,640,114,122,1,-1,-1,-1
419,77629,1554,446,53,131,1,-1,-1,-1
419,77648,1215,346,45,111,1,-1,-1,-1
419,77631,647,460,65,125,1,-1,-1,-1
419,77666,1670,244,34,87,1,-1,-1,-1
419,77677,567,237,34,80,1,-1,-1,-1
419,77634,1689,233,41,82,1,-1,-1,-1
419,77690,873,333,53,101,1,-1,-1,-1
419,77691,426,294,55,97,1,-1,-1,-1
419,77692,580,151,33,53,1,-1,-1,-1
419,77642,161,306,46,93,1,-1,-1,-1
419,77667,644,230,40,73,1,-1,-1,-1
419,77711,1449,624,80,153,1,-1,-1,-1
419,77719,263,491,68,128,1,-1,-1,-1
419,77723,34,524,80,133,1,-1,-1,-1
419,77738,24,419,41,110,1,-1,-1,-1
420,77604,828,362,47,99,1,-1,-1,-1
420,77606,951,660,67,110,1,-1,-1,-1
420,77614,1026,522,65,141,1,-1,-1,-1
420,77615,1003,646,110,119,1,-1,-1,-1
420,77629,1571,446,55,130,1,-1,-1,-1
420,77648,1226,345,45,112,1,-1,-1,-1
420,77631,650,460,63,125,1,-1,-1,-1
420,77666,1681,243,34,87,1,-1,-1,-1
420,77677,576,236,34,80,1,-1,-1,-1
420,77634,1703,233,40,82,1,-1,-1,-1
420,77690,883,332,53,102,1,-1,-1,-1
420,77691,439,290,55,97,1,-1,-1,-1
420,77692,588,150,33,53,1,-1,-1,-1
420,77642,177,303,46,92,1,-1,-1,-1
420,77667,650,229,41,73,1,-1,-1,-1
420,77711,1454,626,80,154,1,-1,-1,-1
420,77719,275,490,67,128,1,-1,-1,-1
420,77723,42,523,81,134,1,-1,-1,-1
420,77738,30,410,46,117,1,-1,-1,-1
421,77604,833,361,46,99,1,-1,-1,-1
421,77606,954,676,64,99,1,-1,-1,-1
421,77614,1031,522,66,141,1,-1,-1,-1
421,77615,1009,652,104,117,1,-1,-1,-1
421,77629,1578,446,55,130,1,-1,-1,-1
421,77648,1230,344,46,112,1,-1,-1,-1
421,77631,653,460,61,124,1,-1,-1,-1
421,77666,1693,242,34,87,1,-1,-1,-1
421,77677,585,235,34,80,1,-1,-1,-1
421,77634,1719,232,39,82,1,-1,-1,-1
421,77690,887,331,53,102,1,-1,-1,-1
421,77691,443,289,55,97,1,-1,-1,-1
421,77692,595,150,34,53,1,-1,-1,-1
421,77642,184,302,46,92,1,-1,-1,-1
421,77667,656,228,41,73,1,-1,-1,-1
421,77711,1459,627,80,155,1,-1,-1,-1
421,77719,280,490,67,127,1,-1,-1,-1
421,77723,45,523,81,134,1,-1,-1,-1
421,77738,33,405,49,121,1,-1,-1,-1
422,77604,839,360,47,100,1,-1,-1,-1
422,77606,954,686,64,95,1,-1,-1,-1
422,77614,1034,522,66,141,1,-1,-1,-1
422,77615,1013,657,100,114,1,-1,-1,-1
422,77629,1586,446,57,132,1,-1,-1,-1
422,77648,1234,343,47,113,1,-1,-1,-1
422,77631,657,460,61,124,1,-1,-1,-1
422,77666,1703,241,34,86,1,-1,-1,-1
422,77677,597,235,34,80,1,-1,-1,-1
422,77634,1730,231,39,81,1,-1,-1,-1
422,77690,892,331,54,102,1,-1,-1,-1
422,77691,449,288,55,97,1,-1,-1,-1
422,77692,605,149,35,53,1,-1,-1,-1
422,77642,192,301,46,93,1,-1,-1,-1
422,77667,665,227,41,72,1,-1,-1,-1
422,77711,1465,628,80,155,1,-1,-1,-1
422,77719,287,489,67,127,1,-1,-1,-1
422,77723,49,523,80,134,1,-1,-1,-1
422,77738,39,403,50,121,1,-1,-1,-1
423,77604,848,360,47,100,1,-1,-1,-1
423,77606,953,695,66,94,1,-1,-1,-1
423,77614,1035,521,67,142,1,-1,-1,-1
423,77615,1016,662,98,112,1,-1,-1,-1
423,77629,1596,446,59,133,1,-1,-1,-1
423,77648,1240,343,46,112,1,-1,-1,-1
423,77631,661,460,62,125,1,-1,-1,-1
423,77666,1712,241,34,86,1,-1,-1,-1
423,77677,609,234,35,80,1,-1,-1,-1
423,77634,1741,230,38,81,1,-1,-1,-1
423,77690,898,330,53,102,1,-1,-1,-1
423,77691,456,286,55,99,1,-1,-1,-1
423,77692,616,149,35,52,1,-1,-1,-1
423,77642,201,300,47,92,1,-1,-1,-1
423,77667,675,226,41,72,1,-1,-1,-1
423,77711,1469,629,81,156,1,-1,-1,-1
423,77719,295,486,67,127,1,-1,-1,-1
423,77723,53,523,80,134,1,-1,-1,-1
423,77738,46,401,52,122,1,-1,-1,-1
424,77604,857,360,48,101,1,-1,-1,-1
424,77606,953,704,66,94,1,-1,-1,-1
424,77614,1036,519,69,144,1,-1,-1,-1
424,77615,1018,667,98,110,1,-1,-1,-1
424,77629,1605,446,63,134,1,-1,-1,-1
424,77648,1246,342,47,113,1,-1,-1,-1
424,77631,666,459,62,126,1,-1,-1,-1
424,77666,1720,240,34,86,1,-1,-1,-1
424,77677,622,233,35,80,1,-1,-1,-1
424,77634,1751,230,38,81,1,-1,-1,-1
424,77690,904,330,53,101,1,-1,-1,-1
424,77691,463,285,56,98,1,-1,-1,-1
424,77692,628,147,35,53,1,-1,-1,-1
424,77642,209,298,48,94,1,-1,-1,-1
424,77667,685,224,42,73,1,-1,-1,-1
424,77711,1474,631,81,157,1,-1,-1,-1
424,77719,302,484,68,127,1,-1,-1,-1
424,77723,57,523,79,134,1,-1,-1,-1
424,77738,53,400,53,122,1,-1,-1,-1
425,77604,866,359,48,102,1,-1,-1,-1
425,77606,953,713,66,92,1,-1,-1,-1
425,77614,1037,517,70,145,1,-1,-1,-1
425,77615,1020,671,97,108,1,-1,-1,-1
425,77629,1615,446,66,136,1,-1,-1,-1
425,77648,1251,342,48,113,1,-1,-1,-1
425,77631,672,457,65,128,1,-1,-1,-1
425,77666,1729,240,34,86,1,-1,-1,-1
425,77677,634,232,36,79,1,-1,-1,-1
425,77634,1762,229,38,81,1,-1,-1,-1
425,77690,910,329,53,102,1,-1,-1,-1
425,77691,473,282,56,100,1,-1,-1,-1
425,77692,639,146,35,53,1,-1,-1,-1
425,77642,218,297,47,94,1,-1,-1,-1
425,77667,695,223,43,73,1,-1,-1,-1
425,77711,1482,633,82,158,1,-1,-1,-1
425,77719,310,481,68,128,1,-1,-1,-1
425,77723,62,523,78,134,1,-1,-1,-1
425,77738,61,398,53,122,1,-1,-1,-1
426,77604,874,359,49,103,1,-1,-1,-1
426,77606,953,722,66,93,1,-1,-1,-1
426,77614,1038,516,71,146,1,-1,-1,-1
426,77615,1020,676,100,106,1,-1,-1,-1
426,77629,1624,445,70,138,1,-1,-1,-1
426,77648,1257,342,48,112,1,-1,-1,-1
426,77631,675,456,67,129,1,-1,-1,-1
426,77666,1737,239,35,86,1,-1,-1,-1
426,77677,648,231,36,79,1,-1,-1,-1
426,77634,1773,228,38,81,1,-1,-1,-1
426,77690,916,329,52,101,1,-1,-1,-1
426,77691,477,281,57,100,1,-1,-1,-1
426,77692,651,145,36,53,1,-1,-1,-1
426,77642,226,296,48,94,1,-1,-1,-1
426,77667,706,222,43,73,1,-1,-1,-1
426,77711,1485,634,82,158,1,-1,-1,-1
426,77719,318,479,69,128,1,-1,-1,-1
426,77723,66,523,78,134,1,-1,-1,-1
426,77738,68,396,54,123,1,-1,-1,-1
426,77740,1013,732,11,20,1,-1,-1,-1
427,77604,882,358,50,103,1,-1,-1,-1
427,77606,955,729,65,91,1,-1,-1,-1
427,77614,1038,515,71,147,1,-1,-1,-1
427,77615,1023,680,99,102,1,-1,-1,-1
427,77629,1630,445,73,138,1,-1,-1,-1
427,77648,1262,341,49,113,1,-1,-1,-1
427,77631,677,456,67,129,1,-1,-1,-1
427,77666,1746,239,35,86,1,-1,-1,-1
427,77677,657,231,37,79,1,-1,-1,-1
427,77634,1781,228,38,80,1,-1,-1,-1
427,77690,923,328,51,101,1,-1,-1,-1
427,77691,483,280,57,100,1,-1,-1,-1
427,77692,659,144,37,53,1,-1,-1,-1
427,77642,235,294,47,95,1,-1,-1,-1
427,77667,712,220,45,74,1,-1,-1,-1
427,77711,1486,635,81,157,1,-1,-1,-1
427,77719,323,477,70,127,1,-1,-1,-1
427,77723,72,521,77,135,1,-1,-1,-1
427,77738,76,394,54,123,1,-1,-1,-1
428,77604,890,357,50,103,1,-1,-1,-1
428,77606,959,736,63,88,1,-1,-1,-1
428,77614,1038,514,71,147,1,-1,-1,-1
428,77615,1027,684,96,96,1,-1,-1,-1
428,77629,1634,445,76,139,1,-1,-1,-1
428,77648,1268,341,49,113,1,-1,-1,-1
428,77631,678,455,68,129,1,-1,-1,-1
428,77666,1755,239,35,85,1,-1,-1,-1
428,77677,664,230,38,79,1,-1,-1,-1
428,77634,1789,227,38,81,1,-1,-1,-1
428,77690,929,328,51,100,1,-1,-1,-1
428,77691,490,280,56,99,1,-1,-1,-1
428,77692,665,143,37,53,1,-1,-1,-1
428,77642,244,293,47,96,1,-1,-1,-1
428,77667,718,219,45,74,1,-1,-1,-1
428,77711,1486,637,80,155,1,-1,-1,-1
428,77719,327,475,69,126,1,-1,-1,-1
428,77723,77,519,79,136,1,-1,-1,-1
428,77738,84,392,54,123,1,-1,-1,-1
429,77604,898,355,50,103,1,-1,-1,-1
429,77606,963,744,61,85,1,-1,-1,-1
429,77614,1037,513,71,149,1,-1,-1,-1
429,77615,1032,687,93,90,1,-1,-1,-1
429,77629,1639,445,79,139,1,-1,-1,-1
429,77648,1274,340,49,113,1,-1,-1,-1
429,77631,680,455,67,128,1,-1,-1,-1
429,77666,1763,238,36,86,1,-1,-1,-1
429,77677,671,229,38,79,1,-1,-1,-1
429,77634,1796,226,38,81,1,-1,-1,-1
429,77690,935,328,50,100,1,-1,-1,-1
429,77691,496,279,55,99,1,-1,-1,-1
429,77692,670,142,38,53,1,-1,-1,-1
429,77642,253,292,47,96,1,-1,-1,-1
429,77667,723,218,46,74,1,-1,-1,-1
429,77711,1485,639,79,153,1,-1,-1,-1
429,77719,330,473,70,125,1,-1,-1,-1
429,77723,82,516,81,137,1,-1,-1,-1
429,77738,91,391,54,123,1,-1,-1,-1
430,77604,905,353,50,103,1,-1,-1,-1
430,77606,967,751,59,82,1,-1,-1,-1
430,77614,1037,512,71,150,1,-1,-1,-1
430,77615,1037,690,90,85,1,-1,-1,-1
430,77629,1643,445,81,139,1,-1,-1,-1
430,77648,1283,340,50,113,1,-1,-1,-1
430,77631,681,454,67,127,1,-1,-1,-1
430,77666,1777,238,37,85,1,-1,-1,-1
430,77677,678,228,39,79,1,-1,-1,-1
430,77634,1809,225,38,81,1,-1,-1,-1
430,77690,945,327,49,100,1,-1,-1,-1
430,77691,503,279,55,97,1,-1,-1,-1
430,77692,676,140,37,54,1,-1,-1,-1
430,77642,261,290,47,97,1,-1,-1,-1
430,77667,728,217,46,74,1,-1,-1,-1
430,77711,1485,642,77,149,1,-1,-1,-1
430,77719,333,471,70,125,1,-1,-1,-1
430,77723,87,514,83,137,1,-1,-1,-1
430,77738,99,390,54,123,1,-1,-1,-1
431,77604,916,351,50,103,1,-1,-1,-1
431,77606,971,759,57,78,1,-1,-1,-1
431,77614,1036,512,71,150,1,-1,-1,-1
431,77615,1042,694,87,79,1,-1,-1,-1
431,77629,1647,445,84,139,1,-1,-1,-1
431,77648,1286,339,50,114,1,-1,-1,-1
431,77631,684,453,65,126,1,-1,-1,-1
431,77666,1783,238,37,85,1,-1,-1,-1
431,77677,685,228,39,77,1,-1,-1,-1
431,77634,1814,224,37,81,1,-1,-1,-1
431,77690,950,327,47,99,1,-1,-1,-1
431,77691,511,278,53,97,1,-1,-1,-1
431,77692,682,139,37,54,1,-1,-1,-1
431,77642,270,289,46,97,1,-1,-1,-1
431,77667,733,216,46,74,1,-1,-1,-1
431,77711,1484,643,76,148,1,-1,-1,-1
431,77719,337,470,70,123,1,-1,-1,-1
431,77723,92,511,86,138,1,-1,-1,-1
431,77738,107,388,53,123,1,-1,-1,-1
432,77604,921,350,50,103,1,-1,-1,-1
432,77606,972,760,58,80,1,-1,-1,-1
432,77614,1036,511,70,150,1,-1,-1,-1
432,77615,1044,693,87,78,1,-1,-1,-1
432,77629,1651,445,85,137,1,-1,-1,-1
432,77648,1287,338,51,114,1,-1,-1,-1
432,77631,686,452,63,126,1,-1,-1,-1
432,77666,1789,238,37,85,1,-1,-1,-1
432,77677,692,227,39,77,1,-1,-1,-1
432,77634,1820,224,37,81,1,-1,-1,-1
432,77690,953,327,47,99,1,-1,-1,-1
432,77691,516,277,53,96,1,-1,-1,-1
432,77692,688,138,37,53,1,-1,-1,-1
432,77642,276,288,46,97,1,-1,-1,-1
432,77667,738,215,47,75,1,-1,-1,-1
432,77711,1484,644,75,148,1,-1,-1,-1
432,77719,340,468,71,123,1,-1,-1,-1
432,77723,92,510,88,138,1,-1,-1,-1
432,77738,112,386,53,124,1,-1,-1,-1
433,77604,926,348,50,104,1,-1,-1,-1
433,77606,971,759,61,84,1,-1,-1,-1
433,77614,1035,510,70,152,1,-1,-1,-1
433,77615,1045,692,89,78,1,-1,-1,-1
433,77629,1655,444,86,137,1,-1,-1,-1
433,77648,1288,337,51,114,1,-1,-1,-1
433,77631,688,452,61,125,1,-1,-1,-1
433,77666,1795,237,38,86,1,-1,-1,-1
433,77677,698,226,40,77,1,-1,-1,-1
433,77634,1827,223,37,81,1,-1,-1,-1
433,77690,957,326,46,99,1,-1,-1,-1
433,77691,521,275,53,97,1,-1,-1,-1
433,77692,694,136,36,54,1,-1,-1,-1
433,77642,280,286,46,98,1,-1,-1,-1
433,77667,743,214,47,75,1,-1,-1,-1
433,77711,1483,646,74,147,1,-1,-1,-1
433,77719,344,466,73,125,1,-1,-1,-1
433,77723,90,508,91,139,1,-1,-1,-1
433,77738,115,385,53,124,1,-1,-1,-1
434,77604,931,347,51,105,1,-1,-1,-1
434,77606,970,757,65,90,1,-1,-1,-1
434,77614,1035,509,70,153,1,-1,-1,-1
434,77615,1045,690,92,79,1,-1,-1,-1
434,77629,1658,444,87,136,1,-1,-1,-1
434,77648,1289,336,51,114,1,-1,-1,-1
434,77631,690,452,60,124,1,-1,-1,-1
434,77666,1801,236,39,86,1,-1,-1,-1
434,77677,705,225,40,76,1,-1,-1,-1
434,77634,1835,223,36,81,1,-1,-1,-1
434,77690,959,325,46,99,1,-1,-1,-1
434,77691,525,273,53,98,1,-1,-1,-1
434,77692,699,135,36,54,1,-1,-1,-1
434,77642,285,285,45,97,1,-1,-1,-1
434,77667,749,213,47,75,1,-1,-1,-1
434,77711,1481,648,74,146,1,-1,-1,-1
434,77719,347,465,74,126,1,-1,-1,-1
434,77723,88,507,91,139,1,-1,-1,-1
434,77738,118,384,54,123,1,-1,-1,-1
435,77604,936,346,51,105,1,-1,-1,-1
435,77606,968,753,71,99,1,-1,-1,-1
435,77614,1034,508,69,154,1,-1,-1,-1
435,77615,1045,688,94,80,1,-1,-1,-1
435,77629,1662,444,87,135,1,-1,-1,-1
435,77648,1289,334,52,115,1,-1,-1,-1
435,77631,692,452,58,122,1,-1,-1,-1
435,77666,1813,234,38,88,1,-1,-1,-1
435,77677,716,224,41,76,1,-1,-1,-1
435,77634,1847,222,36,81,1,-1,-1,-1
435,77690,963,324,45,100,1,-1,-1,-1
435,77691,532,270,54,99,1,-1,-1,-1
435,77692,709,133,36,54,1,-1,-1,-1
435,77642,289,283,45,98,1,-1,-1,-1
435,77667,757,212,48,75,1,-1,-1,-1
435,77711,1480,649,74,147,1,-1,-1,-1
435,77719,353,462,76,130,1,-1,-1,-1
435,77723,85,506,91,139,1,-1,-1,-1
435,77738,120,383,54,123,1,-1,-1,-1
436,77604,942,345,51,105,1,-1,-1,-1
436,77606,969,752,71,101,1,-1,-1,-1
436,77614,1033,508,69,154,1,-1,-1,-1
436,77615,1046,686,96,82,1,-1,-1,-1
436,77629,1667,444,87,134,1,-1,-1,-1
436,77648,1291,333,52,115,1,-1,-1,-1
436,77631,695,452,56,121,1,-1,-1,-1
436,77666,1817,233,38,88,1,-1,-1,-1
436,77677,720,223,41,76,1,-1,-1,-1
436,77634,1851,221,36,81,1,-1,-1,-1
436,77690,966,323,44,100,1,-1,-1,-1
436,77691,535,268,53,100,1,-1,-1,-1
436,77692,713,132,35,54,1,-1,-1,-1
436,77642,294,282,44,96,1,-1,-1,-1
436,77667,760,211,48,75,1,-1,-1,-1
436,77711,1478,652,74,147,1,-1,-1,-1
436,77719,355,461,76,131,1,-1,-1,-1
436,77723,83,505,92,140,1,-1,-1,-1
436,77738,123,381,55,124,1,-1,-1,-1
437,77604,945,343,50,107,1,-1,-1,-1
437,77606,974,753,71,99,1,-1,-1,-1
437,77614,1030,508,68,153,1,-1,-1,-1
437,77615,1048,685,96,81,1,-1,-1,-1
437,77629,1669,444,87,133,1,-1,-1,-1
437,77648,1292,332,52,115,1,-1,-1,-1
437,77631,694,452,55,120,1,-1,-1,-1
437,77666,1820,233,38,88,1,-1,-1,-1
437,77677,722,222,42,76,1,-1,-1,-1
437,77634,1855,221,35,81,1,-1,-1,-1
437,77690,969,322,44,100,1,-1,-1,-1
437,77691,535,268,53,99,1,-1,-1,-1
437,77692,715,131,35,54,1,-1,-1,-1
437,77642,297,280,44,97,1,-1,-1,-1
437,77667,762,210,47,75,1,-1,-1,-1
437,77711,1476,653,73,147,1,-1,-1,-1
437,77719,355,459,76,131,1,-1,-1,-1
437,77723,83,504,92,140,1,-1,-1,-1
437,77738,125,380,56,123,1,-1,-1,-1
438,77604,946,342,50,107,1,-1,-1,-1
438,77606,980,756,70,95,1,-1,-1,-1
438,77614,1026,508,65,151,1,-1,-1,-1
438,77615,1051,685,94,77,1,-1,-1,-1
438,77629,1669,443,88,133,1,-1,-1,-1
438,77648,1293,330,52,115,1,-1,-1,-1
438,77631,692,451,56,121,1,-1,-1,-1
438,77666,1823,233,38,88,1,-1,-1,-1
438,77677,725,220,41,76,1,-1,-1,-1
438,77634,1857,221,35,80,1,-1,-1,-1
438,77690,972,321,44,100,1,-1,-1,-1
438,77691,536,268,53,99,1,-1,-1,-1
438,77692,717,130,34,54,1,-1,-1,-1
438,77642,302,279,43,96,1,-1,-1,-1
438,77667,762,207,47,75,1,-1,-1,-1
438,77711,1470,652,74,147,1,-1,-1,-1
438,77719,355,458,75,130,1,-1,-1,-1
438,77723,83,502,91,141,1,-1,-1,-1
438,77738,128,379,56,123,1,-1,-1,-1
439,77604,946,341,50,107,1,-1,-1,-1
439,77606,988,759,68,90,1,-1,-1,-1
439,77614,1021,509,64,149,1,-1,-1,-1
439,77615,1054,686,93,73,1,-1,-1,-1
439,77629,1669,442,89,134,1,-1,-1,-1
439,77648,1293,329,53,115,1,-1,-1,-1
439,77631,689,451,57,120,1,-1,-1,-1
439,77666,1825,232,38,88,1,-1,-1,-1
439,77677,726,218,42,76,1,-1,-1,-1
439,77634,1860,221,35,80,1,-1,-1,-1
439,77690,975,320,43,101,1,-1,-1,-1
439,77691,536,268,52,98,1,-1,-1,-1
439,77692,719,128,34,54,1,-1,-1,-1
439,77642,306,277,43,96,1,-1,-1,-1
439,77667,763,205,47,74,1,-1,-1,-1
439,77711,1464,652,74,148,1,-1,-1,-1
439,77719,354,456,74,130,1,-1,-1,-1
439,77723,82,500,92,142,1,-1,-1,-1
439,77738,130,377,58,124,1,-1,-1,-1
440,77604,947,340,49,107,1,-1,-1,-1
440,77606,995,762,68,86,1,-1,-1,-1
440,77614,1016,509,63,147,1,-1,-1,-1
440,77615,1057,686,91,69,1,-1,-1,-1
440,77629,1669,442,89,134,1,-1,-1,-1
440,77648,1295,327,53,116,1,-1,-1,-1
440,77631,686,450,57,121,1,-1,-1,-1
440,77666,1829,232,38,88,1,-1,-1,-1
440,77677,728,217,42,76,1,-1,-1,-1
440,77634,1863,221,35,80,1,-1,-1,-1
440,77690,980,318,43,101,1,-1,-1,-1
440,77691,537,267,51,98,1,-1,-1,-1
440,77692,721,126,33,54,1,-1,-1,-1
440,77642,310,276,43,96,1,-1,-1,-1
440,77667,764,203,46,74,1,-1,-1,-1
440,77711,1456,652,75,149,1,-1,-1,-1
440,77719,353,455,73,129,1,-1,-1,-1
440,77723,82,499,92,142,1,-1,-1,-1
440,77738,132,376,60,124,1,-1,-1,-1
441,77604,948,339,49,107,1,-1,-1,-1
441,77606,1003,766,69,80,1,-1,-1,-1
441,77614,1010,510,61,145,1,-1,-1,-1
441,77615,1060,686,90,64,1,-1,-1,-1
441,77629,1669,441,90,134,1,-1,-1,-1
441,77648,1295,326,53,116,1,-1,-1,-1
441,77631,683,450,59,121,1,-1,-1,-1
441,77666,1830,231,38,88,1,-1,-1,-1
441,77677,730,215,42,76,1,-1,-1,-1
441,77634,1864,221,36,79,1,-1,-1,-1
441,77690,981,317,42,101,1,-1,-1,-1
441,77691,537,267,51,97,1,-1,-1,-1
441,77692,723,125,33,54,1,-1,-1,-1
441,77642,314,274,43,96,1,-1,-1,-1
441,77667,764,201,46,74,1,-1,-1,-1
441,77711,1449,652,75,149,1,-1,-1,-1
441,77719,352,453,72,128,1,-1,-1,-1
441,77723,82,497,91,143,1,-1,-1,-1
441,77738,135,375,61,124,1,-1,-1,-1
442,77604,947,338,49,107,1,-1,-1,-1
442,77606,1003,767,72,78,1,-1,-1,-1
442,77614,1005,509,60,145,1,-1,-1,-1
442,77615,1062,685,92,62,1,-1,-1,-1
442,77629,1668,440,90,135,1,-1,-1,-1
442,77648,1294,324,53,116,1,-1,-1,-1
442,77631,680,448,61,122,1,-1,-1,-1
442,77666,1832,230,38,88,1,-1,-1,-1
442,77677,732,213,42,76,1,-1,-1,-1
442,77634,1864,219,36,79,1,-1,-1,-1
442,77690,981,316,42,102,1,-1,-1,-1
442,77691,536,266,51,97,1,-1,-1,-1
442,77692,726,123,31,54,1,-1,-1,-1
442,77642,316,273,42,95,1,-1,-1,-1
442,77667,765,199,45,73,1,-1,-1,-1
442,77711,1444,653,75,149,1,-1,-1,-1
442,77719,350,451,71,127,1,-1,-1,-1
442,77723,80,495,90,143,1,-1,-1,-1
442,77738,134,373,62,125,1,-1,-1,-1
443,77604,945,337,49,106,1,-1,-1,-1
443,77606,1000,766,75,78,1,-1,-1,-1
443,77614,999,507,60,145,1,-1,-1,-1
443,77615,1065,683,93,59,1,-1,-1,-1
443,77629,1666,439,91,134,1,-1,-1,-1
443,77648,1292,323,52,115,1,-1,-1,-1
443,77631,678,446,62,122,1,-1,-1,-1
443,77666,1833,227,38,88,1,-1,-1,-1
443,77677,734,211,42,75,1,-1,-1,-1
443,77634,1863,216,37,79,1,-1,-1,-1
443,77690,980,315,42,101,1,-1,-1,-1
443,77691,536,264,51,97,1,-1,-1,-1
443,77692,728,121,30,54,1,-1,-1,-1
443,77642,316,271,42,95,1,-1,-1,-1
443,77667,766,197,44,73,1,-1,-1,-1
443,77711,1439,653,76,148,1,-1,-1,-1
443,77719,349,449,70,127,1,-1,-1,-1
443,77723,75,493,89,142,1,-1,-1,-1
443,77738,132,372,64,124,1,-1,-1,-1
444,77604,943,335,49,105,1,-1,-1,-1
444,77606,995,765,78,78,1,-1,-1,-1
444,77614,991,504,62,146,1,-1,-1,-1
444,77615,1066,680,96,59,1,-1,-1,-1
444,77629,1664,437,90,134,1,-1,-1,-1
444,77648,1289,322,52,114,1,-1,-1,-1
444,77631,676,443,63,123,1,-1,-1,-1
444,77666,1834,225,38,88,1,-1,-1,-1
444,77677,737,209,41,76,1,-1,-1,-1
444,77634,1864,214,35,79,1,-1,-1,-1
444,77690,980,313,41,101,1,-1,-1,-1
444,77691,536,262,50,96,1,-1,-1,-1
444,77692,730,119,30,54,1,-1,-1,-1
444,77642,317,270,41,95,1,-1,-1,-1
444,77667,766,195,44,73,1,-1,-1,-1
444,77711,1435,654,75,147,1,-1,-1,-1
444,77719,347,447,69,126,1,-1,-1,-1
444,77723,70,491,88,141,1,-1,-1,-1
444,77738,130,370,64,124,1,-1,-1,-1
445,77604,939,334,50,104,1,-1,-1,-1
445,77606,989,763,83,81,1,-1,-1,-1
445,77614,980,499,64,148,1,-1,-1,-1
445,77615,1071,677,97,56,1,-1,-1,-1
445,77629,1662,436,90,134,1,-1,-1,-1
445,77648,1287,321,51,113,1,-1,-1,-1
445,77631,675,440,64,124,1,-1,-1,-1
445,77666,1835,222,38,88,1,-1,-1,-1
445,77677,739,208,41,75,1,-1,-1,-1
445,77634,1864,211,35,79,1,-1,-1,-1
445,77690,978,311,41,101,1,-1,-1,-1
445,77691,535,259,50,96,1,-1,-1,-1
445,77692,732,118,29,54,1,-1,-1,-1
445,77642,317,269,41,95,1,-1,-1,-1
445,77667,767,193,44,73,1,-1,-1,-1
445,77711,1429,655,74,146,1,-1,-1,-1
445,77719,345,445,69,126,1,-1,-1,-1
445,77723,65,488,87,141,1,-1,-1,-1
445,77738,129,368,64,124,1,-1,-1,-1
446,77604,936,332,51,104,1,-1,-1,-1
446,77606,984,761,86,82,1,-1,-1,-1
446,77614,976,497,66,148,1,-1,-1,-1
446,77615,1071,676,100,55,1,-1,-1,-1
446,77629,1660,434,89,134,1,-1,-1,-1
446,77648,1285,319,50,112,1,-1,-1,-1
446,77631,674,436,64,125,1,-1,-1,-1
446,77666,1837,220,38,88,1,-1,-1,-1
446,77677,741,206,41,75,1,-1,-1,-1
446,77634,1864,208,34,79,1,-1,-1,-1
446,77690,977,310,41,100,1,-1,-1,-1
446,77691,535,257,49,96,1,-1,-1,-1
446,77692,735,116,28,54,1,-1,-1,-1
446,77642,317,268,40,95,1,-1,-1,-1
446,77667,767,191,44,73,1,-1,-1,-1
446,77711,1427,656,74,145,1,-1,-1,-1
446,77719,344,442,67,125,1,-1,-1,-1
446,77723,59,485,85,141,1,-1,-1,-1
446,77738,128,366,65,125,1,-1,-1,-1
447,77604,933,330,53,104,1,-1,-1,-1
447,77606,979,760,88,83,1,-1,-1,-1
447,77614,969,496,68,149,1,-1,-1,-1
447,77615,1073,674,104,55,1,-1,-1,-1
447,77629,1657,433,89,134,1,-1,-1,-1
447,77648,1282,318,50,112,1,-1,-1,-1
447,77631,673,434,63,126,1,-1,-1,-1
447,77666,1837,219,38,88,1,-1,-1,-1
447,77677,742,204,41,75,1,-1,-1,-1
447,77634,1863,207,33,79,1,-1,-1,-1
447,77690,976,308,41,100,1,-1,-1,-1
447,77691,535,255,49,96,1,-1,-1,-1
447,77692,735,114,28,54,1,-1,-1,-1
447,77642,317,267,40,95,1,-1,-1,-1
447,77667,766,189,43,73,1,-1,-1,-1
447,77711,1421,657,75,146,1,-1,-1,-1
447,77719,342,440,67,126,1,-1,-1,-1
447,77723,55,484,85,140,1,-1,-1,-1
447,77738,126,365,65,124,1,-1,-1,-1
448,77604,930,328,54,105,1,-1,-1,-1
448,77606,974,758,90,84,1,-1,-1,-1
448,77614,963,496,69,148,1,-1,-1,-1
448,77615,1075,672,108,55,1,-1,-1,-1
448,77629,1654,432,88,133,1,-1,-1,-1
448,77648,1280,316,48,111,1,-1,-1,-1
448,77631,671,431,64,127,1,-1,-1,-1
448,77666,1837,217,38,88,1,-1,-1,-1
448,77677,743,204,41,75,1,-1,-1,-1
448,77634,1863,207,32,77,1,-1,-1,-1
448,77690,974,306,41,100,1,-1,-1,-1
448,77691,534,252,49,96,1,-1,-1,-1
448,77692,735,113,28,54,1,-1,-1,-1
448,77642,317,266,39,95,1,-1,-1,-1
448,77667,766,188,41,72,1,-1,-1,-1
448,77711,1415,659,76,149,1,-1,-1,-1
448,77719,340,439,67,127,1,-1,-1,-1
448,77723,54,484,84,140,1,-1,-1,-1
448,77738,125,363,64,124,1,-1,-1,-1
449,77604,928,327,55,105,1,-1,-1,-1
449,77606,969,757,93,86,1,-1,-1,-1
449,77614,956,496,69,147,1,-1,-1,-1
449,77615,1078,670,113,55,1,-1,-1,-1
449,77629,1650,431,86,132,1,-1,-1,-1
449,77648,1278,314,48,111,1,-1,-1,-1
449,77631,671,428,63,128,1,-1,-1,-1
449,77666,1837,216,38,88,1,-1,-1,-1
449,77677,743,203,41,75,1,-1,-1,-1
449,77634,1862,207,32,76,1,-1,-1,-1
449,77690,973,305,41,99,1,-1,-1,-1
449,77691,532,251,49,95,1,-1,-1,-1
449,77692,736,113,27,54,1,-1,-1,-1
449,77642,318,264,38,95,1,-1,-1,-1
449,77667,764,187,41,72,1,-1,-1,-1
449,77711,1409,662,76,151,1,-1,-1,-1
449,77719,337,438,67,128,1,-1,-1,-1
449,77723,52,483,84,140,1,-1,-1,-1
449,77738,124,361,64,124,1,-1,-1,-1
450,77604,925,325,56,105,1,-1,-1,-1
450,77606,963,754,94,88,1,-1,-1,-1
450,77614,946,496,69,146,1,-1,-1,-1
450,77615,1080,667,117,56,1,-1,-1,-1
450,77629,1646,429,85,132,1,-1,-1,-1
450,77648,1277,313,47,111,1,-1,-1,-1
450,77631,669,424,62,129,1,-1,-1,-1
450,77666,1838,215,37,88,1,-1,-1,-1
450,77677,744,202,41,75,1,-1,-1,-1
450,77634,1861,207,31,75,1,-1,-1,-1
450,77690,971,303,41,100,1,-1,-1,-1
450,77691,528,250,47,94,1,-1,-1,-1
450,77692,736,112,27,54,1,-1,-1,-1
450,77642,318,263,38,95,1,-1,-1,-1
450,77667,763,186,39,71,1,-1,-1,-1
450,77711,1402,664,77,153,1,-1,-1,-1
450,77719,333,436,68,130,1,-1,-1,-1
450,77723,50,482,84,140,1,-1,-1,-1
450,77738,122,359,65,124,1,-1,-1,-1
451,77604,923,323,57,106,1,-1,-1,-1
451,77606,960,753,95,89,1,-1,-1,-1
451,77614,942,496,70,146,1,-1,-1,-1
451,77615,1082,665,122,55,1,-1,-1,-1
451,77629,1641,428,83,131,1,-1,-1,-1
451,77648,1275,311,47,111,1,-1,-1,-1
451,77631,669,422,61,129,1,-1,-1,-1
451,77666,1838,214,37,88,1,-1,-1,-1
451,77677,744,201,41,75,1,-1,-1,-1
451,77634,1859,206,31,74,1,-1,-1,-1
451,77690,968,301,42,101,1,-1,-1,-1
451,77691,526,250,47,93,1,-1,-1,-1
451,77692,735,111,28,54,1,-1,-1,-1
451,77642,318,262,37,95,1,-1,-1,-1
451,77667,762,184,38,72,1,-1,-1,-1
451,77711,1396,667,77,156,1,-1,-1,-1
451,77719,332,435,68,131,1,-1,-1,-1
451,77723,48,482,84,139,1,-1,-1,-1
451,77738,121,357,64,125,1,-1,-1,-1
452,77604,921,321,58,107,1,-1,-1,-1
452,77606,958,751,95,89,1,-1,-1,-1
452,77614,934,494,70,147,1,-1,-1,-1
452,77615,1083,663,125,55,1,-1,-1,-1
452,77629,1639,427,81,131,1,-1,-1,-1
452,77648,1273,310,48,111,1,-1,-1,-1
452,77631,669,420,59,129,1,-1,-1,-1
452,77666,1836,213,37,88,1,-1,-1,-1
452,77677,743,200,41,75,1,-1,-1,-1
452,77634,1856,205,32,74,1,-1,-1,-1
452,77690,966,300,42,101,1,-1,-1,-1
452,77691,523,248,47,93,1,-1,-1,-1
452,77692,735,110,27,54,1,-1,-1,-1
452,77642,317,261,37,95,1,-1,-1,-1
452,77667,760,183,38,72,1,-1,-1,-1
452,77711,1391,668,77,155,1,-1,-1,-1
452,77719,330,434,68,131,1,-1,-1,-1
452,77723,43,481,83,139,1,-1,-1,-1
452,77738,117,356,64,124,1,-1,-1,-1
453,77604,919,320,59,106,1,-1,-1,-1
453,77606,956,748,96,89,1,-1,-1,-1
453,77614,924,492,72,148,1,-1,-1,-1
453,77615,1083,660,129,56,1,-1,-1,-1
453,77629,1637,426,81,131,1,-1,-1,-1
453,77648,1271,308,48,111,1,-1,-1,-1
453,77631,669,419,58,128,1,-1,-1,-1
453,77666,1835,212,37,88,1,-1,-1,-1
453,77677,741,198,41,75,1,-1,-1,-1
453,77634,1854,203,32,74,1,-1,-1,-1
453,77690,964,298,41,101,1,-1,-1,-1
453,77691,520,245,47,94,1,-1,-1,-1
453,77692,733,108,28,54,1,-1,-1,-1
453,77642,316,259,36,95,1,-1,-1,-1
453,77667,759,182,37,72,1,-1,-1,-1
453,77711,1388,669,74,153,1,-1,-1,-1
453,77719,327,434,69,130,1,-1,-1,-1
453,77723,35,480,83,138,1,-1,-1,-1
453,77738,111,353,64,124,1,-1,-1,-1
454,77604,918,318,59,106,1,-1,-1,-1
454,77606,955,745,96,88,1,-1,-1,-1
454,77614,913,489,74,148,1,-1,-1,-1
454,77615,1082,657,133,56,1,-1,-1,-1
454,77629,1636,425,80,131,1,-1,-1,-1
454,77648,1269,307,48,111,1,-1,-1,-1
454,77631,668,418,57,128,1,-1,-1,-1
454,77666,1834,211,36,87,1,-1,-1,-1
454,77677,739,197,42,75,1,-1,-1,-1
454,77634,1851,201,32,74,1,-1,-1,-1
454,77690,962,297,42,101,1,-1,-1,-1
454,77691,517,242,47,95,1,-1,-1,-1
454,77692,732,106,27,54,1,-1,-1,-1
454,77642,314,256,37,95,1,-1,-1,-1
454,77667,757,180,36,72,1,-1,-1,-1
454,77711,1385,669,72,151,1,-1,-1,-1
454,77719,323,433,70,130,1,-1,-1,-1
454,77723,26,480,82,136,1,-1,-1,-1
454,77738,106,351,63,124,1,-1,-1,-1
455,77604,916,316,60,106,1,-1,-1,-1
455,77606,953,742,96,88,1,-1,-1,-1
455,77614,902,487,75,149,1,-1,-1,-1
455,77615,1082,655,136,55,1,-1,-1,-1
455,77629,1636,425,79,130,1,-1,-1,-1
455,77648,1266,305,49,111,1,-1,-1,-1
455,77631,668,416,55,127,1,-1,-1,-1
455,77666,1832,210,36,87,1,-1,-1,-1
455,77677,738,195,41,74,1,-1,-1,-1
455,77634,1849,199,32,74,1,-1,-1,-1
455,77690,958,295,42,101,1,-1,-1,-1
455,77691,510,238,49,96,1,-1,-1,-1
455,77692,731,104,27,54,1,-1,-1,-1
455,77642,312,254,36,95,1,-1,-1,-1
455,77667,755,178,36,72,1,-1,-1,-1
455,77711,1380,670,68,147,1,-1,-1,-1
455,77719,319,432,71,130,1,-1,-1,-1
455,77723,11,479,80,134,1,-1,-1,-1
455,77738,100,348,63,124,1,-1,-1,-1
456,77604,914,315,61,106,1,-1,-1,-1
456,77606,951,738,97,88,1,-1,-1,-1
456,77614,890,484,77,150,1,-1,-1,-1
456,77615,1083,652,138,56,1,-1,-1,-1
456,77629,1634,424,79,131,1,-1,-1,-1
456,77648,1265,306,49,108,1,-1,-1,-1
456,77631,667,415,54,126,1,-1,-1,-1
456,77666,1831,209,34,86,1,-1,-1,-1
456,77677,736,193,41,74,1,-1,-1,-1
456,77634,1846,197,32,74,1,-1,-1,-1
456,77690,956,294,42,101,1,-1,-1,-1
456,77691,508,236,49,96,1,-1,-1,-1
456,77692,730,103,26,54,1,-1,-1,-1
456,77642,310,252,36,95,1,-1,-1,-1
456,77667,753,176,35,72,1,-1,-1,-1
456,77711,1379,670,66,145,1,-1,-1,-1
456,77719,316,431,73,130,1,-1,-1,-1
456,77723,6,478,79,134,1,-1,-1,-1
456,77738,93,346,63,123,1,-1,-1,-1
457,77604,912,313,62,106,1,-1,-1,-1
457,77606,950,736,98,87,1,-1,-1,-1
457,77614,881,483,77,150,1,-1,-1,-1
457,77615,1081,649,144,57,1,-1,-1,-1
457,77629,1631,423,78,131,1,-1,-1,-1
457,77648,1263,305,49,108,1,-1,-1,-1
457,77631,666,414,53,125,1,-1,-1,-1
457,77666,1830,208,34,85,1,-1,-1,-1
457,77677,734,191,41,74,1,-1,-1,-1
457,77634,1843,195,33,74,1,-1,-1,-1
457,77690,955,293,42,101,1,-1,-1,-1
457,77691,504,234,49,96,1,-1,-1,-1
457,77692,729,101,26,54,1,-1,-1,-1
457,77642,308,250,37,95,1,-1,-1,-1
457,77667,752,175,34,72,1,-1,-1,-1
457,77711,1374,672,65,146,1,-1,-1,-1
457,77719,311,430,74,129,1,-1,-1,-1
457,77723,2,477,78,134,1,-1,-1,-1
457,77738,87,344,63,123,1,-1,-1,-1
458,77604,908,312,62,106,1,-1,-1,-1
458,77606,949,734,98,87,1,-1,-1,-1
458,77614,872,481,77,150,1,-1,-1,-1
458,77615,1079,645,150,59,1,-1,-1,-1
458,77629,1626,420,79,132,1,-1,-1,-1
458,77648,1260,303,50,108,1,-1,-1,-1
458,77631,665,412,53,125,1,-1,-1,-1
458,77666,1830,207,34,84,1,-1,-1,-1
458,77677,732,189,41,74,1,-1,-1,-1
458,77634,1841,193,33,75,1,-1,-1,-1
458,77690,954,290,42,101,1,-1,-1,-1
458,77691,499,232,49,96,1,-1,-1,-1
458,77692,728,99,25,54,1,-1,-1,-1
458,77642,306,248,37,95,1,-1,-1,-1
458,77667,750,173,34,72,1,-1,-1,-1
458,77711,1368,675,65,147,1,-1,-1,-1
458,77719,307,428,75,128,1,-1,-1,-1
458,77723,0,476,75,134,1,-1,-1,-1
458,77738,81,341,63,123,1,-1,-1,-1
459,77604,904,310,63,106,1,-1,-1,-1
459,77606,949,733,98,86,1,-1,-1,-1
459,77614,863,480,77,150,1,-1,-1,-1
459,77615,1078,641,155,61,1,-1,-1,-1
459,77629,1621,418,77,132,1,-1,-1,-1
459,77648,1257,301,50,108,1,-1,-1,-1
459,77631,664,411,53,124,1,-1,-1,-1
459,77666,1830,205,34,85,1,-1,-1,-1
459,77677,730,188,41,73,1,-1,-1,-1
459,77634,1839,191,33,76,1,-1,-1,-1
459,77690,952,288,43,101,1,-1,-1,-1
459,77691,494,231,49,95,1,-1,-1,-1
459,77692,727,97,25,54,1,-1,-1,-1
459,77642,305,246,37,95,1,-1,-1,-1
459,77667,748,171,33,72,1,-1,-1,-1
459,77711,1361,678,66,148,1,-1,-1,-1
459,77719,301,426,76,127,1,-1,-1,-1
459,77723,-3,475,73,134,1,-1,-1,-1
459,77738,75,339,63,123,1,-1,-1,-1
460,77604,901,309,63,106,1,-1,-1,-1
460,77606,949,732,98,85,1,-1,-1,-1
460,77614,855,479,75,150,1,-1,-1,-1
460,77615,1077,637,159,62,1,-1,-1,-1
460,77629,1616,415,76,132,1,-1,-1,-1
460,77648,1254,299,51,108,1,-1,-1,-1
460,77631,664,410,51,123,1,-1,-1,-1
460,77666,1830,203,34,85,1,-1,-1,-1
460,77677,727,184,41,73,1,-1,-1,-1
460,77634,1835,188,33,77,1,-1,-1,-1
460,77690,951,286,43,101,1,-1,-1,-1
460,77691,490,229,48,95,1,-1,-1,-1
460,77692,725,93,25,54,1,-1,-1,-1
460,77642,302,242,37,95,1,-1,-1,-1
460,77667,745,168,33,72,1,-1,-1,-1
460,77711,1354,681,67,150,1,-1,-1,-1
460,77719,296,424,76,126,1,-1,-1,-1
460,77723,-7,474,72,134,1,-1,-1,-1
460,77738,66,335,64,123,1,-1,-1,-1
461,77604,896,308,63,106,1,-1,-1,-1
461,77606,948,731,99,84,1,-1,-1,-1
461,77614,846,478,74,150,1,-1,-1,-1
461,77615,1076,633,163,64,1,-1,-1,-1
461,77629,1611,412,73,132,1,-1,-1,-1
461,77648,1251,296,52,108,1,-1,-1,-1
461,77631,663,409,51,121,1,-1,-1,-1
461,77666,1830,201,33,85,1,-1,-1,-1
461,77677,726,183,41,73,1,-1,-1,-1
461,77634,1834,187,33,77,1,-1,-1,-1
461,77690,949,284,43,101,1,-1,-1,-1
461,77691,484,228,48,93,1,-1,-1,-1
461,77692,725,92,24,54,1,-1,-1,-1
461,77642,301,240,38,95,1,-1,-1,-1
461,77667,744,167,32,72,1,-1,-1,-1
461,77711,1346,684,69,153,1,-1,-1,-1
461,77719,289,422,77,125,1,-1,-1,-1
461,77723,-10,473,70,133,1,-1,-1,-1
461,77738,61,333,64,123,1,-1,-1,-1
462,77604,893,306,63,107,1,-1,-1,-1
462,77606,947,730,100,83,1,-1,-1,-1
462,77614,839,477,73,150,1,-1,-1,-1
462,77615,1075,630,167,64,1,-1,-1,-1
462,77629,1608,411,72,132,1,-1,-1,-1
462,77648,1248,294,52,108,1,-1,-1,-1
462,77631,663,407,50,121,1,-1,-1,-1
462,77666,1830,199,33,85,1,-1,-1,-1
462,77677,724,182,41,72,1,-1,-1,-1
462,77634,1832,187,33,76,1,-1,-1,-1
462,77690,948,282,43,101,1,-1,-1,-1
462,77691,482,226,47,93,1,-1,-1,-1
462,77692,725,90,23,54,1,-1,-1,-1
462,77642,299,239,38,94,1,-1,-1,-1
462,77667,743,165,32,72,1,-1,-1,-1
462,77711,1341,687,69,154,1,-1,-1,-1
462,77719,285,420,78,125,1,-1,-1,-1
462,77723,-10,479,64,126,1,-1,-1,-1
462,77738,57,331,64,123,1,-1,-1,-1
463,77604,892,305,62,106,1,-1,-1,-1
463,77606,946,729,101,82,1,-1,-1,-1
463,77614,832,475,74,151,1,-1,-1,-1
463,77615,1076,627,169,65,1,-1,-1,-1
463,77629,1605,409,72,132,1,-1,-1,-1
463,77648,1245,291,52,108,1,-1,-1,-1
463,77631,664,405,50,121,1,-1,-1,-1
463,77666,1830,198,33,85,1,-1,-1,-1
463,77677,722,180,41,73,1,-1,-1,-1
463,77634,1831,186,33,76,1,-1,-1,-1
463,77690,947,280,43,101,1,-1,-1,-1
463,77691,480,224,47,92,1,-1,-1,-1
463,77692,725,89,23,54,1,-1,-1,-1
463,77642,298,237,38,94,1,-1,-1,-1
463,77667,742,164,32,72,1,-1,-1,-1
463,77711,1335,690,71,155,1,-1,-1,-1
463,77719,282,418,77,125,1,-1,-1,-1
463,77723,-8,490,55,113,1,-1,-1,-1
463,77738,53,330,64,123,1,-1,-1,-1
464,77604,890,304,63,104,1,-1,-1,-1
464,77606,946,728,101,80,1,-1,-1,-1
464,77614,825,473,74,152,1,-1,-1,-1
464,77615,1076,624,170,66,1,-1,-1,-1
464,77629,1602,406,72,133,1,-1,-1,-1
464,77648,1242,289,52,108,1,-1,-1,-1
464,77631,665,402,49,123,1,-1,-1,-1
464,77666,1830,196,33,85,1,-1,-1,-1
464,77677,720,177,41,73,1,-1,-1,-1
464,77634,1830,185,32,75,1,-1,-1,-1
464,77690,945,278,44,101,1,-1,-1,-1
464,77691,479,222,46,92,1,-1,-1,-1
464,77692,725,87,22,54,1,-1,-1,-1
464,77642,296,235,39,93,1,-1,-1,-1
464,77667,741,162,32,72,1,-1,-1,-1
464,77711,1330,693,72,157,1,-1,-1,-1
464,77719,279,415,77,125,1,-1,-1,-1
464,77723,-6,502,47,98,1,-1,-1,-1
464,77738,49,328,64,123,1,-1,-1,-1
465,77604,887,302,63,103,1,-1,-1,-1
465,77606,945,727,102,79,1,-1,-1,-1
465,77614,818,471,76,152,1,-1,-1,-1
465,77615,1077,621,171,66,1,-1,-1,-1
465,77629,1598,404,74,133,1,-1,-1,-1
465,77648,1239,286,53,108,1,-1,-1,-1
465,77631,666,400,49,123,1,-1,-1,-1
465,77666,1829,193,33,85,1,-1,-1,-1
465,77677,718,175,41,73,1,-1,-1,-1
465,77634,1828,185,33,74,1,-1,-1,-1
465,77690,944,275,43,101,1,-1,-1,-1
465,77691,478,220,46,92,1,-1,-1,-1
465,77692,724,84,23,54,1,-1,-1,-1
465,77642,294,233,39,93,1,-1,-1,-1
465,77667,740,159,32,72,1,-1,-1,-1
465,77711,1325,696,73,158,1,-1,-1,-1
465,77719,275,413,77,125,1,-1,-1,-1
465,77723,-5,515,39,83,1,-1,-1,-1
465,77738,44,326,65,123,1,-1,-1,-1
466,77604,886,301,63,103,1,-1,-1,-1
466,77606,944,726,103,78,1,-1,-1,-1
466,77614,810,468,78,152,1,-1,-1,-1
466,77615,1078,617,172,67,1,-1,-1,-1
466,77629,1594,402,75,134,1,-1,-1,-1
466,77648,1236,284,54,108,1,-1,-1,-1
466,77631,667,397,48,124,1,-1,-1,-1
466,77666,1829,192,33,85,1,-1,-1,-1
466,77677,716,173,41,73,1,-1,-1,-1
466,77634,1826,184,33,74,1,-1,-1,-1
466,77690,943,273,43,101,1,-1,-1,-1
466,77691,477,218,46,92,1,-1,-1,-1
466,77692,724,82,23,54,1,-1,-1,-1
466,77642,293,231,39,92,1,-1,-1,-1
466,77667,740,157,31,72,1,-1,-1,-1
466,77711,1320,699,75,160,1,-1,-1,-1
466,77719,272,410,77,125,1,-1,-1,-1
466,77723,-3,527,30,68,1,-1,-1,-1
466,77738,39,325,66,123,1,-1,-1,-1
467,77604,885,299,63,103,1,-1,-1,-1
467,77606,944,726,103,76,1,-1,-1,-1
467,77614,802,466,79,152,1,-1,-1,-1
467,77615,1079,615,173,68,1,-1,-1,-1
467,77629,1591,400,75,134,1,-1,-1,-1
467,77648,1234,282,54,107,1,-1,-1,-1
467,77631,668,395,47,124,1,-1,-1,-1
467,77666,1829,190,33,85,1,-1,-1,-1
467,77677,714,171,42,73,1,-1,-1,-1
467,77634,1823,182,35,74,1,-1,-1,-1
467,77690,941,271,44,101,1,-1,-1,-1
467,77691,476,216,46,93,1,-1,-1,-1
467,77692,724,80,22,54,1,-1,-1,-1
467,77642,291,228,40,92,1,-1,-1,-1
467,77667,739,155,31,72,1,-1,-1,-1
467,77711,1315,702,76,163,1,-1,-1,-1
467,77719,271,408,75,125,1,-1,-1,-1
467,77723,0,545,23,50,1,-1,-1,-1
467,77738,35,323,66,123,1,-1,-1,-1
468,77604,882,297,64,103,1,-1,-1,-1
468,77606,944,727,103,73,1,-1,-1,-1
468,77614,794,464,79,151,1,-1,-1,-1
468,77615,1080,613,174,69,1,-1,-1,-1
468,77629,1587,398,74,134,1,-1,-1,-1
468,77648,1231,280,54,107,1,-1,-1,-1
468,77631,669,392,47,125,1,-1,-1,-1
468,77666,1829,188,33,85,1,-1,-1,-1
468,77677,712,169,42,73,1,-1,-1,-1
468,77634,1821,179,35,75,1,-1,-1,-1
468,77690,941,269,44,101,1,-1,-1,-1
468,77691,475,214,46,93,1,-1,-1,-1
468,77692,723,78,23,54,1,-1,-1,-1
468,77642,290,226,40,92,1,-1,-1,-1
468,77667,739,152,30,72,1,-1,-1,-1
468,77711,1310,705,76,164,1,-1,-1,-1
468,77719,271,406,73,125,1,-1,-1,-1
468,77723,0,547,22,46,1,-1,-1,-1
468,77738,31,321,66,123,1,-1,-1,-1
469,77604,879,294,65,104,1,-1,-1,-1
469,77606,944,728,103,71,1,-1,-1,-1
469,77614,787,462,78,151,1,-1,-1,-1
469,77615,1082,612,175,69,1,-1,-1,-1
469,77629,1583,396,73,133,1,-1,-1,-1
469,77648,1229,278,54,107,1,-1,-1,-1
469,77631,670,390,45,125,1,-1,-1,-1
469,77666,1829,186,33,85,1,-1,-1,-1
469,77677,710,166,42,74,1,-1,-1,-1
469,77634,1817,176,37,76,1,-1,-1,-1
469,77690,940,267,44,101,1,-1,-1,-1
469,77691,474,213,46,92,1,-1,-1,-1
469,77692,723,75,23,54,1,-1,-1,-1
469,77642,288,224,41,91,1,-1,-1,-1
469,77667,738,150,30,72,1,-1,-1,-1
469,77711,1305,708,77,165,1,-1,-1,-1
469,77719,271,403,72,126,1,-1,-1,-1
469,77723,1,547,21,44,1,-1,-1,-1
469,77738,26,320,66,123,1,-1,-1,-1
470,77604,876,292,66,104,1,-1,-1,-1
470,77606,944,728,102,69,1,-1,-1,-1
470,77614,780,461,76,150,1,-1,-1,-1
470,77615,1083,609,178,72,1,-1,-1,-1
470,77629,1579,394,72,133,1,-1,-1,-1
470,77648,1227,275,54,108,1,-1,-1,-1
470,77631,671,387,45,126,1,-1,-1,-1
470,77666,1829,183,33,85,1,-1,-1,-1
470,77677,708,164,42,74,1,-1,-1,-1
470,77634,1813,171,38,77,1,-1,-1,-1
470,77690,939,266,44,101,1,-1,-1,-1
470,77691,473,211,45,92,1,-1,-1,-1
470,77692,723,73,23,54,1,-1,-1,-1
470,77642,287,221,41,92,1,-1,-1,-1
470,77667,737,148,30,72,1,-1,-1,-1
470,77711,1300,710,78,168,1,-1,-1,-1
470,77719,271,401,69,126,1,-1,-1,-1
470,77723,1,554,17,32,1,-1,-1,-1
470,77738,22,318,66,123,1,-1,-1,-1
471,77604,873,289,66,105,1,-1,-1,-1
471,77606,945,729,101,67,1,-1,-1,-1
471,77614,771,458,74,150,1,-1,-1,-1
471,77615,1085,609,178,72,1,-1,-1,-1
471,77629,1576,392,69,133,1,-1,-1,-1
471,77648,1224,273,55,108,1,-1,-1,-1
471,77631,673,384,43,126,1,-1,-1,-1
471,77666,1829,181,33,85,1,-1,-1,-1
471,77677,706,161,41,74,1,-1,-1,-1
471,77634,1811,169,39,77,1,-1,-1,-1
471,77690,939,264,44,101,1,-1,-1,-1
471,77691,472,209,45,93,1,-1,-1,-1
471,77692,722,70,24,54,1,-1,-1,-1
471,77642,285,219,42,91,1,-1,-1,-1
471,77667,736,145,30,72,1,-1,-1,-1
471,77711,1295,713,79,169,1,-1,-1,-1
471,77719,271,398,67,126,1,-1,-1,-1
471,77723,0,559,11,23,1,-1,-1,-1
471,77738,18,316,66,123,1,-1,-1,-1
472,77604,871,287,66,105,1,-1,-1,-1
472,77606,945,729,102,66,1,-1,-1,-1
472,77614,766,456,72,150,1,-1,-1,-1
472,77615,1088,606,177,73,1,-1,-1,-1
472,77629,1573,390,68,133,1,-1,-1,-1
472,77648,1221,271,55,108,1,-1,-1,-1
472,77631,674,382,42,126,1,-1,-1,-1
472,77666,1829,179,33,85,1,-1,-1,-1
472,77677,704,159,42,74,1,-1,-1,-1
472,77634,1808,166,40,78,1,-1,-1,-1
472,77690,938,262,44,101,1,-1,-1,-1
472,77691,470,207,45,93,1,-1,-1,-1
472,77692,722,68,24,54,1,-1,-1,-1
472,77642,283,217,42,91,1,-1,-1,-1
472,77667,735,143,30,72,1,-1,-1,-1
472,77711,1290,716,79,171,1,-1,-1,-1
472,77719,272,396,65,126,1,-1,-1,-1
472,77723,0,559,12,26,1,-1,-1,-1
472,77738,15,314,66,123,1,-1,-1,-1
473,77604,869,286,66,105,1,-1,-1,-1
473,77606,944,729,103,65,1,-1,-1,-1
473,77614,761,455,70,150,1,-1,-1,-1
473,77615,1094,604,173,72,1,-1,-1,-1
473,77629,1569,388,67,133,1,-1,-1,-1
473,77648,1218,269,56,109,1,-1,-1,-1
473,77631,674,379,41,126,1,-1,-1,-1
473,77666,1829,176,32,85,1,-1,-1,-1
473,77677,702,157,42,74,1,-1,-1,-1
473,77634,1805,164,40,79,1,-1,-1,-1
473,77690,937,260,44,101,1,-1,-1,-1
473,77691,468,205,46,93,1,-1,-1,-1
473,77692,722,66,24,54,1,-1,-1,-1
473,77642,281,215,42,91,1,-1,-1,-1
473,77667,734,140,30,73,1,-1,-1,-1
473,77711,1286,719,79,173,1,-1,-1,-1
473,77719,272,393,64,127,1,-1,-1,-1
473,77738,12,311,66,123,1,-1,-1,-1
474,77604,867,284,66,104,1,-1,-1,-1
474,77606,944,729,103,64,1,-1,-1,-1
474,77614,755,453,69,150,1,-1,-1,-1
474,77615,1099,602,170,72,1,-1,-1,-1
474,77629,1565,387,67,132,1,-1,-1,-1
474,77648,1216,267,56,109,1,-1,-1,-1
474,77631,675,377,39,126,1,-1,-1,-1
474,77666,1828,174,33,85,1,-1,-1,-1
474,77677,700,155,42,74,1,-1,-1,-1
474,77634,1802,162,40,79,1,-1,-1,-1
474,77690,936,258,44,101,1,-1,-1,-1
474,77691,467,203,45,93,1,-1,-1,-1
474,77692,721,64,25,54,1,-1,-1,-1
474,77642,279,212,43,93,1,-1,-1,-1
474,77667,733,138,30,73,1,-1,-1,-1
474,77711,1281,722,80,175,1,-1,-1,-1
474,77719,273,391,61,127,1,-1,-1,-1
474,77738,10,308,65,123,1,-1,-1,-1
475,77604,865,282,65,104,1,-1,-1,-1
475,77606,944,728,103,63,1,-1,-1,-1
475,77614,750,451,67,151,1,-1,-1,-1
475,77615,1108,599,165,71,1,-1,-1,-1
475,77629,1560,386,68,132,1,-1,-1,-1
475,77648,1214,265,56,109,1,-1,-1,-1
475,77631,676,374,38,124,1,-1,-1,-1
475,77666,1828,170,33,85,1,-1,-1,-1
475,77677,699,153,42,74,1,-1,-1,-1
475,77634,1798,160,41,80,1,-1,-1,-1
475,77690,936,257,43,101,1,-1,-1,-1
475,77691,465,201,46,93,1,-1,-1,-1
475,77692,721,61,24,54,1,-1,-1,-1
475,77642,277,210,44,93,1,-1,-1,-1
475,77667,733,136,30,73,1,-1,-1,-1
475,77711,1275,727,81,177,1,-1,-1,-1
475,77719,273,389,60,127,1,-1,-1,-1
475,77738,7,306,65,123,1,-1,-1,-1
476,77604,863,280,65,104,1,-1,-1,-1
476,77606,944,728,103,62,1,-1,-1,-1
476,77614,744,448,66,152,1,-1,-1,-1
476,77615,1112,598,162,70,1,-1,-1,-1
476,77629,1554,384,70,132,1,-1,-1,-1
476,77648,1211,263,56,109,1,-1,-1,-1
476,77631,676,373,38,124,1,-1,-1,-1
476,77666,1828,169,33,85,1,-1,-1,-1
476,77677,697,150,41,74,1,-1,-1,-1
476,77634,1794,158,42,81,1,-1,-1,-1
476,77690,935,255,43,101,1,-1,-1,-1
476,77691,463,199,46,93,1,-1,-1,-1
476,77692,721,59,24,54,1,-1,-1,-1
476,77642,275,208,44,93,1,-1,-1,-1
476,77667,732,134,29,74,1,-1,-1,-1
476,77711,1271,729,81,178,1,-1,-1,-1
476,77719,274,386,59,127,1,-1,-1,-1
476,77738,5,303,64,123,1,-1,-1,-1
477,77604,861,279,65,104,1,-1,-1,-1
477,77606,944,728,103,61,1,-1,-1,-1
477,77614,738,446,65,152,1,-1,-1,-1
477,77615,1114,595,162,71,1,-1,-1,-1
477,77629,1551,383,70,132,1,-1,-1,-1
477,77648,1210,261,56,109,1,-1,-1,-1
477,77631,677,371,36,123,1,-1,-1,-1
477,77666,1829,167,32,85,1,-1,-1,-1
477,77677,696,148,41,74,1,-1,-1,-1
477,77634,1791,156,42,82,1,-1,-1,-1
477,77690,935,253,42,101,1,-1,-1,-1
477,77691,462,197,45,93,1,-1,-1,-1
477,77692,720,56,24,55,1,-1,-1,-1
477,77642,272,205,45,95,1,-1,-1,-1
477,77667,732,132,29,74,1,-1,-1,-1
477,77711,1268,732,81,180,1,-1,-1,-1
477,77719,273,383,58,128,1,-1,-1,-1
477,77738,3,300,64,124,1,-1,-1,-1
478,77604,860,277,65,105,1,-1,-1,-1
478,77606,944,728,103,60,1,-1,-1,-1
478,77614,732,444,64,153,1,-1,-1,-1
478,77615,1114,591,163,73,1,-1,-1,-1
478,77629,1547,381,72,131,1,-1,-1,-1
478,77648,1210,259,56,109,1,-1,-1,-1
478,77631,678,368,36,123,1,-1,-1,-1
478,77666,1828,166,33,86,1,-1,-1,-1
478,77677,694,146,41,73,1,-1,-1,-1
478,77634,1787,154,43,82,1,-1,-1,-1
478,77690,935,251,42,101,1,-1,-1,-1
478,77691,460,195,46,93,1,-1,-1,-1
478,77692,719,54,25,55,1,-1,-1,-1
478,77642,270,203,45,95,1,-1,-1,-1
478,77667,731,130,29,74,1,-1,-1,-1
478,77711,1264,736,82,182,1,-1,-1,-1
478,77719,274,380,56,128,1,-1,-1,-1
478,77738,1,297,63,124,1,-1,-1,-1
479,77604,858,276,65,104,1,-1,-1,-1
479,77606,944,728,103,59,1,-1,-1,-1
479,77614,726,442,64,153,1,-1,-1,-1
479,77615,1115,586,163,76,1,-1,-1,-1
479,77629,1544,379,71,130,1,-1,-1,-1
479,77648,1209,257,56,109,1,-1,-1,-1
479,77631,679,365,36,122,1,-1,-1,-1
479,77666,1828,164,34,87,1,-1,-1,-1
479,77677,693,144,40,73,1,-1,-1,-1
479,77634,1783,152,43,83,1,-1,-1,-1
479,77690,935,249,42,101,1,-1,-1,-1
479,77691,458,193,46,93,1,-1,-1,-1
479,77692,719,52,25,55,1,-1,-1,-1
479,77642,268,201,45,95,1,-1,-1,-1
479,77667,730,128,28,74,1,-1,-1,-1
479,77711,1260,741,83,184,1,-1,-1,-1
479,77719,274,376,55,129,1,-1,-1,-1
479,77738,0,294,62,124,1,-1,-1,-1
480,77604,857,274,65,106,1,-1,-1,-1
480,77606,945,728,102,57,1,-1,-1,-1
480,77614,721,440,62,154,1,-1,-1,-1
480,77615,1114,580,166,78,1,-1,-1,-1
480,77629,1542,377,71,129,1,-1,-1,-1
480,77648,1209,255,56,110,1,-1,-1,-1
480,77631,680,362,37,123,1,-1,-1,-1
480,77666,1829,163,34,87,1,-1,-1,-1
480,77677,691,142,40,73,1,-1,-1,-1
480,77634,1777,148,43,84,1,-1,-1,-1
480,77690,935,247,42,103,1,-1,-1,-1
480,77691,455,189,47,93,1,-1,-1,-1
480,77692,719,49,24,55,1,-1,-1,-1
480,77642,265,197,46,97,1,-1,-1,-1
480,77667,729,125,29,75,1,-1,-1,-1
480,77711,1257,745,83,187,1,-1,-1,-1
480,77719,274,373,55,129,1,-1,-1,-1
480,77738,-4,289,61,125,1,-1,-1,-1
481,77604,855,273,66,106,1,-1,-1,-1
481,77606,945,727,101,57,1,-1,-1,-1
481,77614,715,438,61,155,1,-1,-1,-1
481,77615,1116,577,164,80,1,-1,-1,-1
481,77629,1539,374,70,129,1,-1,-1,-1
481,77648,1209,254,56,109,1,-1,-1,-1
481,77631,681,359,37,121,1,-1,-1,-1
481,77666,1828,162,35,88,1,-1,-1,-1
481,77677,689,139,41,73,1,-1,-1,-1
481,77634,1775,147,43,84,1,-1,-1,-1
481,77690,935,245,42,104,1,-1,-1,-1
481,77691,454,188,47,93,1,-1,-1,-1
481,77692,719,46,24,56,1,-1,-1,-1
481,77642,264,196,46,97,1,-1,-1,-1
481,77667,728,123,28,76,1,-1,-1,-1
481,77711,1252,750,84,189,1,-1,-1,-1
481,77719,275,369,52,130,1,-1,-1,-1
481,77738,-5,288,61,124,1,-1,-1,-1
482,77604,854,271,67,107,1,-1,-1,-1
482,77606,947,726,102,57,1,-1,-1,-1
482,77614,711,436,61,155,1,-1,-1,-1
482,77615,1117,574,164,81,1,-1,-1,-1
482,77629,1537,372,69,129,1,-1,-1,-1
482,77648,1209,252,56,109,1,-1,-1,-1
482,77631,682,358,37,120,1,-1,-1,-1
482,77666,1828,160,35,88,1,-1,-1,-1
482,77677,689,137,40,73,1,-1,-1,-1
482,77634,1773,146,43,84,1,-1,-1,-1
482,77690,935,244,43,103,1,-1,-1,-1
482,77691,453,186,48,93,1,-1,-1,-1
482,77692,720,44,25,56,1,-1,-1,-1
482,77642,264,194,46,97,1,-1,-1,-1
482,77667,729,121,28,76,1,-1,-1,-1
482,77711,1249,755,83,189,1,-1,-1,-1
482,77719,277,366,51,130,1,-1,-1,-1
482,77738,-2,285,59,124,1,-1,-1,-1
483,77604,852,269,67,107,1,-1,-1,-1
483,77606,950,725,103,56,1,-1,-1,-1
483,77614,708,435,61,155,1,-1,-1,-1
483,77615,1119,570,163,83,1,-1,-1,-1
483,77629,1535,371,68,128,1,-1,-1,-1
483,77648,1209,251,57,109,1,-1,-1,-1
483,77631,683,357,38,119,1,-1,-1,-1
483,77666,1828,159,36,89,1,-1,-1,-1
483,77677,690,135,39,74,1,-1,-1,-1
483,77634,1771,145,42,84,1,-1,-1,-1
483,77690,935,242,43,104,1,-1,-1,-1
483,77691,453,184,48,93,1,-1,-1,-1
483,77692,722,43,24,55,1,-1,-1,-1
483,77642,266,192,45,97,1,-1,-1,-1
483,77667,731,119,27,76,1,-1,-1,-1
483,77711,1247,760,82,187,1,-1,-1,-1
483,77719,279,364,50,130,1,-1,-1,-1
483,77738,0,283,59,123,1,-1,-1,-1
484,77604,850,268,68,107,1,-1,-1,-1
484,77606,953,723,104,57,1,-1,-1,-1
484,77614,704,433,63,155,1,-1,-1,-1
484,77615,1122,567,162,85,1,-1,-1,-1
484,77629,1533,370,67,128,1,-1,-1,-1
484,77648,1209,249,57,109,1,-1,-1,-1
484,77631,685,356,38,118,1,-1,-1,-1
484,77666,1828,158,36,89,1,-1,-1,-1
484,77677,691,134,39,74,1,-1,-1,-1
484,77634,1770,145,42,83,1,-1,-1,-1
484,77690,935,240,43,105,1,-1,-1,-1
484,77691,453,182,49,93,1,-1,-1,-1
484,77692,725,41,23,55,1,-1,-1,-1
484,77642,268,191,45,96,1,-1,-1,-1
484,77667,732,118,28,76,1,-1,-1,-1
484,77711,1245,767,80,184,1,-1,-1,-1
484,77719,282,362,48,129,1,-1,-1,-1
484,77738,2,281,59,123,1,-1,-1,-1
485,77604,847,265,68,108,1,-1,-1,-1
485,77606,957,721,104,57,1,-1,-1,-1
485,77614,698,432,66,153,1,-1,-1,-1
485,77615,1123,563,161,87,1,-1,-1,-1
485,77629,1531,369,66,127,1,-1,-1,-1
485,77648,1209,246,57,109,1,-1,-1,-1
485,77631,688,354,38,117,1,-1,-1,-1
485,77666,1828,156,37,90,1,-1,-1,-1
485,77677,692,132,39,75,1,-1,-1,-1
485,77634,1769,144,41,83,1,-1,-1,-1
485,77690,935,236,43,106,1,-1,-1,-1
485,77691,454,181,49,93,1,-1,-1,-1
485,77692,727,39,23,55,1,-1,-1,-1
485,77642,269,189,44,96,1,-1,-1,-1
485,77667,734,116,28,76,1,-1,-1,-1
485,77711,1244,773,78,182,1,-1,-1,-1
485,77719,285,360,47,129,1,-1,-1,-1
485,77738,6,279,58,123,1,-1,-1,-1
486,77604,847,264,67,106,1,-1,-1,-1
486,77606,960,720,105,56,1,-1,-1,-1
486,77614,695,431,68,153,1,-1,-1,-1
486,77615,1126,559,159,89,1,-1,-1,-1
486,77629,1528,368,66,127,1,-1,-1,-1
486,77648,1209,245,57,109,1,-1,-1,-1
486,77631,688,354,39,116,1,-1,-1,-1
486,77666,1827,155,38,90,1,-1,-1,-1
486,77677,692,130,39,75,1,-1,-1,-1
486,77634,1767,142,40,82,1,-1,-1,-1
486,77690,936,235,42,106,1,-1,-1,-1
486,77691,455,179,49,93,1,-1,-1,-1
486,77692,730,37,22,55,1,-1,-1,-1
486,77642,270,187,44,96,1,-1,-1,-1
486,77667,735,114,29,77,1,-1,-1,-1
486,77711,1242,781,76,178,1,-1,-1,-1
486,77719,288,358,45,129,1,-1,-1,-1
486,77738,9,276,57,123,1,-1,-1,-1
487,77604,847,263,66,106,1,-1,-1,-1
487,77606,963,718,106,57,1,-1,-1,-1
487,77614,692,428,69,152,1,-1,-1,-1
487,77615,1129,556,157,91,1,-1,-1,-1
487,77629,1527,367,67,127,1,-1,-1,-1
487,77648,1209,243,57,109,1,-1,-1,-1
487,77631,689,351,40,115,1,-1,-1,-1
487,77666,1827,153,39,90,1,-1,-1,-1
487,77677,693,128,38,76,1,-1,-1,-1
487,77634,1767,142,39,81,1,-1,-1,-1
487,77690,936,233,42,107,1,-1,-1,-1
487,77691,455,178,49,93,1,-1,-1,-1
487,77692,732,36,22,54,1,-1,-1,-1
487,77642,272,185,43,96,1,-1,-1,-1
487,77667,737,112,28,77,1,-1,-1,-1
487,77711,1240,785,77,181,1,-1,-1,-1
487,77719,291,356,44,129,1,-1,-1,-1
487,77738,13,274,56,122,1,-1,-1,-1
488,77604,848,262,67,105,1,-1,-1,-1
488,77606,967,716,107,57,1,-1,-1,-1
488,77614,688,425,69,152,1,-1,-1,-1
488,77615,1132,552,155,93,1,-1,-1,-1
488,77629,1526,365,67,129,1,-1,-1,-1
488,77648,1210,242,57,109,1,-1,-1,-1
488,77631,691,348,40,115,1,-1,-1,-1
488,77666,1827,152,39,90,1,-1,-1,-1
488,77677,695,127,37,76,1,-1,-1,-1
488,77634,1766,140,40,82,1,-1,-1,-1
488,77690,937,231,42,106,1,-1,-1,-1
488,77691,455,176,49,93,1,-1,-1,-1
488,77692,735,34,21,54,1,-1,-1,-1
488,77642,274,184,42,95,1,-1,-1,-1
488,77667,739,111,29,76,1,-1,-1,-1
488,77711,1238,788,79,185,1,-1,-1,-1
488,77719,294,354,44,129,1,-1,-1,-1
488,77738,16,271,55,122,1,-1,-1,-1
489,77604,849,262,67,105,1,-1,-1,-1
489,77606,970,715,107,56,1,-1,-1,-1
489,77614,684,422,69,151,1,-1,-1,-1
489,77615,1135,548,153,96,1,-1,-1,-1
489,77629,1526,364,68,130,1,-1,-1,-1
489,77648,1210,241,57,109,1,-1,-1,-1
489,77631,693,345,41,114,1,-1,-1,-1
489,77666,1827,150,40,90,1,-1,-1,-1
489,77677,696,125,36,76,1,-1,-1,-1
489,77634,1765,137,41,83,1,-1,-1,-1
489,77690,939,230,41,105,1,-1,-1,-1
489,77691,455,174,50,93,1,-1,-1,-1
489,77692,737,32,21,54,1,-1,-1,-1
489,77642,275,182,42,95,1,-1,-1,-1
489,77667,741,109,29,77,1,-1,-1,-1
489,77711,1236,790,80,192,1,-1,-1,-1
489,77719,297,352,43,128,1,-1,-1,-1
489,77738,19,269,55,122,1,-1,-1,-1
490,77604,850,261,68,105,1,-1,-1,-1
490,77606,974,713,107,57,1,-1,-1,-1
490,77614,680,419,69,150,1,-1,-1,-1
490,77615,1139,542,152,99,1,-1,-1,-1
490,77629,1525,363,69,130,1,-1,-1,-1
490,77648,1209,239,59,109,1,-1,-1,-1
490,77631,694,342,41,113,1,-1,-1,-1
490,77666,1827,148,41,90,1,-1,-1,-1
490,77677,698,122,35,77,1,-1,-1,-1
490,77634,1764,134,41,83,1,-1,-1,-1
490,77690,940,228,41,105,1,-1,-1,-1
490,77691,455,171,51,93,1,-1,-1,-1
490,77692,742,30,19,54,1,-1,-1,-1
490,77642,277,180,41,95,1,-1,-1,-1
490,77667,744,106,30,77,1,-1,-1,-1
490,77711,1233,794,83,201,1,-1,-1,-1
490,77719,302,349,43,128,1,-1,-1,-1
490,77738,22,267,54,121,1,-1,-1,-1
491,77604,851,260,68,105,1,-1,-1,-1
491,77606,978,711,108,57,1,-1,-1,-1
491,77614,676,415,67,150,1,-1,-1,-1
491,77615,1142,540,148,100,1,-1,-1,-1
491,77629,1524,361,71,132,1,-1,-1,-1
491,77648,1210,238,59,109,1,-1,-1,-1
491,77631,696,338,41,112,1,-1,-1,-1
491,77666,1827,147,41,90,1,-1,-1,-1
491,77677,699,121,35,77,1,-1,-1,-1
491,77634,1764,130,42,84,1,-1,-1,-1
491,77690,942,226,40,105,1,-1,-1,-1
491,77691,455,170,51,93,1,-1,-1,-1
491,77692,743,29,20,54,1,-1,-1,-1
491,77642,279,179,40,93,1,-1,-1,-1
491,77667,744,105,31,77,1,-1,-1,-1
491,77711,1231,796,84,204,1,-1,-1,-1
491,77719,304,347,42,128,1,-1,-1,-1
491,77738,26,264,53,121,1,-1,-1,-1
492,77604,851,259,69,105,1,-1,-1,-1
492,77606,980,710,109,56,1,-1,-1,-1
492,77614,675,413,66,150,1,-1,-1,-1
492,77615,1143,536,145,102,1,-1,-1,-1
492,77629,1522,360,71,131,1,-1,-1,-1
492,77648,1210,237,60,109,1,-1,-1,-1
492,77631,697,336,42,112,1,-1,-1,-1
492,77666,1827,145,42,90,1,-1,-1,-1
492,77677,699,120,34,77,1,-1,-1,-1
492,77634,1761,129,43,84,1,-1,-1,-1
492,77690,944,225,39,104,1,-1,-1,-1
492,77691,456,169,51,93,1,-1,-1,-1
492,77692,746,28,18,54,1,-1,-1,-1
492,77642,281,178,40,93,1,-1,-1,-1
492,77667,745,105,31,76,1,-1,-1,-1
492,77711,1228,801,84,205,1,-1,-1,-1
492,77719,306,346,43,127,1,-1,-1,-1
492,77738,30,262,52,121,1,-1,-1,-1
493,77604,852,258,68,105,1,-1,-1,-1
493,77606,983,708,109,57,1,-1,-1,-1
493,77614,674,412,65,149,1,-1,-1,-1
493,77615,1145,533,142,103,1,-1,-1,-1
493,77629,1518,358,72,132,1,-1,-1,-1
493,77648,1209,236,62,109,1,-1,-1,-1
493,77631,698,334,43,113,1,-1,-1,-1
493,77666,1827,144,42,90,1,-1,-1,-1
493,77677,700,119,34,77,1,-1,-1,-1
493,77634,1758,129,42,83,1,-1,-1,-1
493,77690,946,223,38,103,1,-1,-1,-1
493,77691,457,168,51,92,1,-1,-1,-1
493,77692,748,28,18,54,1,-1,-1,-1
493,77642,284,177,39,93,1,-1,-1,-1
493,77667,746,104,32,76,1,-1,-1,-1
493,77711,1226,807,83,206,1,-1,-1,-1
493,77719,309,344,43,127,1,-1,-1,-1
493,77738,33,260,52,121,1,-1,-1,-1
494,77604,854,257,67,104,1,-1,-1,-1
494,77606,986,706,109,57,1,-1,-1,-1
494,77614,672,411,66,149,1,-1,-1,-1
494,77615,1147,530,139,104,1,-1,-1,-1
494,77629,1515,357,71,131,1,-1,-1,-1
494,77648,1210,235,62,109,1,-1,-1,-1
494,77631,699,332,44,114,1,-1,-1,-1
494,77666,1827,142,43,90,1,-1,-1,-1
494,77677,702,118,32,77,1,-1,-1,-1
494,77634,1754,129,43,83,1,-1,-1,-1
494,77690,947,221,38,103,1,-1,-1,-1
494,77691,459,167,51,92,1,-1,-1,-1
494,77692,750,27,18,54,1,-1,-1,-1
494,77642,287,177,38,92,1,-1,-1,-1
494,77667,748,103,32,76,1,-1,-1,-1
494,77711,1222,813,84,207,1,-1,-1,-1
494,77719,312,343,43,126,1,-1,-1,-1
494,77738,38,258,51,121,1,-1,-1,-1
495,77604,857,256,65,103,1,-1,-1,-1
495,77606,988,705,109,57,1,-1,-1,-1
495,77614,670,409,67,149,1,-1,-1,-1
495,77615,1148,526,137,106,1,-1,-1,-1
495,77629,1512,356,70,129,1,-1,-1,-1
495,77648,1210,235,63,109,1,-1,-1,-1
495,77631,700,330,45,114,1,-1,-1,-1
495,77666,1828,139,43,90,1,-1,-1,-1
495,77677,702,118,32,77,1,-1,-1,-1
495,77634,1751,129,41,82,1,-1,-1,-1
495,77690,949,221,38,103,1,-1,-1,-1
495,77691,460,166,51,92,1,-1,-1,-1
495,77692,752,27,18,54,1,-1,-1,-1
495,77642,290,176,39,92,1,-1,-1,-1
495,77667,749,102,32,75,1,-1,-1,-1
495,77711,1219,820,84,206,1,-1,-1,-1
495,77719,317,340,43,125,1,-1,-1,-1
495,77738,42,257,50,121,1,-1,-1,-1
496,77604,862,256,62,101,1,-1,-1,-1
496,77606,991,703,109,57,1,-1,-1,-1
496,77614,668,408,69,149,1,-1,-1,-1
496,77615,1148,523,136,108,1,-1,-1,-1
496,77629,1508,354,70,130,1,-1,-1,-1
496,77648,1210,234,63,109,1,-1,-1,-1
496,77631,701,328,47,115,1,-1,-1,-1
496,77666,1828,138,44,90,1,-1,-1,-1
496,77677,703,117,32,77,1,-1,-1,-1
496,77634,1746,128,41,82,1,-1,-1,-1
496,77690,951,220,37,103,1,-1,-1,-1
496,77691,462,165,51,92,1,-1,-1,-1
496,77692,755,26,18,55,1,-1,-1,-1
496,77642,293,176,39,92,1,-1,-1,-1
496,77667,751,101,32,74,1,-1,-1,-1
496,77711,1215,827,84,206,1,-1,-1,-1
496,77719,318,339,44,125,1,-1,-1,-1
496,77738,46,255,50,121,1,-1,-1,-1
496,77743,1147,1067,17,12,1,-1,-1,-1
497,77604,864,257,60,100,1,-1,-1,-1
497,77606,993,702,110,57,1,-1,-1,-1
497,77614,667,407,70,149,1,-1,-1,-1
497,77615,1149,520,134,109,1,-1,-1,-1
497,77629,1506,354,69,128,1,-1,-1,-1
497,77648,1210,234,64,108,1,-1,-1,-1
497,77631,703,327,48,115,1,-1,-1,-1
497,77666,1828,138,45,90,1,-1,-1,-1
497,77677,705,116,31,77,1,-1,-1,-1
497,77634,1743,128,41,82,1,-1,-1,-1
497,77690,952,220,38,102,1,-1,-1,-1
497,77691,464,164,50,92,1,-1,-1,-1
497,77692,757,26,18,55,1,-1,-1,-1
497,77642,296,175,39,92,1,-1,-1,-1
497,77667,753,100,32,74,1,-1,-1,-1
497,77711,1212,834,85,206,1,-1,-1,-1
497,77719,321,339,45,124,1,-1,-1,-1
497,77738,50,253,49,121,1,-1,-1,-1
497,77743,1148,1072,9,7,1,-1,-1,-1
498,77604,865,258,59,100,1,-1,-1,-1
498,77606,996,701,110,57,1,-1,-1,-1
498,77614,666,406,71,149,1,-1,-1,-1
498,77615,1150,516,133,111,1,-1,-1,-1
498,77629,1504,355,69,128,1,-1,-1,-1
498,77648,1210,234,64,108,1,-1,-1,-1
498,77631,705,325,48,115,1,-1,-1,-1
498,77666,1828,138,45,90,1,-1,-1,-1
498,77677,706,115,30,77,1,-1,-1,-1
498,77634,1739,128,41,82,1,-1,-1,-1
498,77690,954,220,38,102,1,-1,-1,-1
498,77691,466,163,49,91,1,-1,-1,-1
498,77692,760,25,18,55,1,-1,-1,-1
498,77642,299,174,39,92,1,-1,-1,-1
498,77667,754,100,32,73,1,-1,-1,-1
498,77711,1209,841,85,208,1,-1,-1,-1
498,77719,326,339,45,123,1,-1,-1,-1
498,77738,54,251,49,121,1,-1,-1,-1
499,77604,866,260,57,99,1,-1,-1,-1
499,77606,998,699,111,57,1,-1,-1,-1
499,77614,665,405,71,149,1,-1,-1,-1
499,77615,1151,513,131,112,1,-1,-1,-1
499,77629,1502,355,68,127,1,-1,-1,-1
499,77648,1210,234,65,108,1,-1,-1,-1
499,77631,707,324,49,114,1,-1,-1,-1
499,77666,1828,138,45,90,1,-1,-1,-1
499,77677,706,114,31,77,1,-1,-1,-1
499,77634,1735,127,42,82,1,-1,-1,-1
499,77690,956,219,37,102,1,-1,-1,-1
499,77691,467,162,50,91,1,-1,-1,-1
499,77692,762,25,18,55,1,-1,-1,-1
499,77642,302,174,39,91,1,-1,-1,-1
499,77667,755,99,32,73,1,-1,-1,-1
499,77711,1206,848,86,209,1,-1,-1,-1
499,77719,330,338,45,122,1,-1,-1,-1
499,77738,58,249,48,121,1,-1,-1,-1
500,77604,867,261,56,100,1,-1,-1,-1
500,77606,1003,697,111,57,1,-1,-1,-1
500,77614,663,403,71,150,1,-1,-1,-1
500,77615,1152,509,129,114,1,-1,-1,-1
500,77629,1499,356,69,127,1,-1,-1,-1
500,77648,1211,234,64,107,1,-1,-1,-1
500,77631,710,322,49,114,1,-1,-1,-1
500,77666,1829,137,44,90,1,-1,-1,-1
500,77677,708,113,30,77,1,-1,-1,-1
500,77634,1732,127,42,83,1,-1,-1,-1
500,77690,958,219,37,102,1,-1,-1,-1
500,77691,469,161,49,91,1,-1,-1,-1
500,77692,765,24,19,56,1,-1,-1,-1
500,77642,306,173,40,91,1,-1,-1,-1
500,77667,759,98,31,71,1,-1,-1,-1
500,77711,1203,855,86,210,1,-1,-1,-1
500,77719,334,338,46,121,1,-1,-1,-1
500,77738,64,246,47,121,1,-1,-1,-1
501,77604,868,262,55,100,1,-1,-1,-1
501,77606,1005,696,110,57,1,-1,-1,-1
501,77614,663,403,70,150,1,-1,-1,-1
501,77615,1152,506,128,115,1,-1,-1,-1
501,77629,1498,357,68,126,1,-1,-1,-1
501,77648,1211,234,65,107,1,-1,-1,-1
501,77631,714,321,48,114,1,-1,-1,-1
501,77666,1830,137,43,90,1,-1,-1,-1
501,77677,709,112,29,77,1,-1,-1,-1
501,77634,1727,126,43,83,1,-1,-1,-1
501,77690,961,218,37,102,1,-1,-1,-1
501,77691,472,160,47,91,1,-1,-1,-1
501,77692,766,24,19,56,1,-1,-1,-1
501,77642,308,173,40,90,1,-1,-1,-1
501,77667,760,97,32,71,1,-1,-1,-1
501,77711,1201,861,86,211,1,-1,-1,-1
501,77719,338,338,46,120,1,-1,-1,-1
501,77738,67,245,47,121,1,-1,-1,-1
502,77604,869,263,54,99,1,-1,-1,-1
502,77606,1008,695,110,56,1,-1,-1,-1
502,77614,662,402,71,149,1,-1,-1,-1
502,77615,1151,503,127,117,1,-1,-1,-1
502,77629,1495,356,69,126,1,-1,-1,-1
502,77648,1211,233,65,107,1,-1,-1,-1
502,77631,716,321,48,112,1,-1,-1,-1
502,77666,1829,137,43,90,1,-1,-1,-1
502,77677,709,112,29,77,1,-1,-1,-1
502,77634,1724,127,43,83,1,-1,-1,-1
502,77690,961,218,37,101,1,-1,-1,-1
502,77691,473,160,47,90,1,-1,-1,-1
502,77692,768,24,19,55,1,-1,-1,-1
502,77642,310,173,40,90,1,-1,-1,-1
502,77667,760,97,32,71,1,-1,-1,-1
502,77711,1199,868,85,207,1,-1,-1,-1
502,77719,342,337,46,120,1,-1,-1,-1
502,77738,71,245,46,120,1,-1,-1,-1
503,77604,871,264,52,98,1,-1,-1,-1
503,77606,1011,693,110,56,1,-1,-1,-1
503,77614,661,401,70,149,1,-1,-1,-1
503,77615,1150,501,125,119,1,-1,-1,-1
503,77629,1493,356,69,125,1,-1,-1,-1
503,77648,1211,233,65,107,1,-1,-1,-1
503,77631,718,321,48,110,1,-1,-1,-1
503,77666,1828,137,43,90,1,-1,-1,-1
503,77677,710,113,29,77,1,-1,-1,-1
503,77634,1721,127,43,83,1,-1,-1,-1
503,77690,962,218,38,101,1,-1,-1,-1
503,77691,475,160,46,90,1,-1,-1,-1
503,77692,770,25,19,55,1,-1,-1,-1
503,77642,312,172,40,90,1,-1,-1,-1
503,77667,762,97,32,71,1,-1,-1,-1
503,77711,1197,875,84,202,1,-1,-1,-1
503,77719,345,335,47,122,1,-1,-1,-1
503,77738,75,244,46,120,1,-1,-1,-1
504,77604,873,264,51,97,1,-1,-1,-1
504,77606,1016,692,108,55,1,-1,-1,-1
504,77614,661,401,69,148,1,-1,-1,-1
504,77615,1149,498,122,121,1,-1,-1,-1
504,77629,1490,355,70,125,1,-1,-1,-1
504,77648,1211,233,65,107,1,-1,-1,-1
504,77631,720,321,48,108,1,-1,-1,-1
504,77666,1827,137,42,90,1,-1,-1,-1
504,77677,711,113,29,76,1,-1,-1,-1
504,77634,1718,128,42,83,1,-1,-1,-1
504,77690,963,218,38,101,1,-1,-1,-1
504,77691,476,160,46,91,1,-1,-1,-1
504,77692,772,25,19,55,1,-1,-1,-1
504,77642,313,172,41,90,1,-1,-1,-1
504,77667,763,97,32,71,1,-1,-1,-1
504,77711,1196,882,81,196,1,-1,-1,-1
504,77719,348,334,47,122,1,-1,-1,-1
504,77738,80,243,45,120,1,-1,-1,-1
505,77604,876,265,49,95,1,-1,-1,-1
505,77606,1020,690,108,54,1,-1,-1,-1
505,77614,660,400,69,148,1,-1,-1,-1
505,77615,1146,495,120,124,1,-1,-1,-1
505,77629,1486,354,69,125,1,-1,-1,-1
505,77648,1211,233,65,107,1,-1,-1,-1
505,77631,721,321,48,106,1,-1,-1,-1
505,77666,1824,137,43,90,1,-1,-1,-1
505,77677,712,113,28,76,1,-1,-1,-1
505,77634,1713,129,42,83,1,-1,-1,-1
505,77690,964,218,38,100,1,-1,-1,-1
505,77691,478,160,45,91,1,-1,-1,-1
505,77692,774,26,19,54,1,-1,-1,-1
505,77642,315,172,41,90,1,-1,-1,-1
505,77667,765,97,32,70,1,-1,-1,-1
505,77711,1193,889,80,190,1,-1,-1,-1
505,77719,351,333,46,122,1,-1,-1,-1
505,77738,85,243,45,120,1,-1,-1,-1
506,77604,878,266,49,94,1,-1,-1,-1
506,77606,1025,688,106,54,1,-1,-1,-1
506,77614,658,400,69,147,1,-1,-1,-1
506,77615,1146,493,116,126,1,-1,-1,-1
506,77629,1484,353,70,125,1,-1,-1,-1
506,77648,1211,233,65,107,1,-1,-1,-1
506,77631,723,321,48,104,1,-1,-1,-1
506,77666,1824,137,42,90,1,-1,-1,-1
506,77677,713,114,28,76,1,-1,-1,-1
506,77634,1711,130,41,83,1,-1,-1,-1
506,77690,965,218,38,100,1,-1,-1,-1
506,77691,479,160,45,91,1,-1,-1,-1
506,77692,776,26,19,54,1,-1,-1,-1
506,77642,318,171,40,90,1,-1,-1,-1
506,77667,767,97,31,70,1,-1,-1,-1
506,77711,1191,897,79,183,1,-1,-1,-1
506,77719,355,331,46,123,1,-1,-1,-1
506,77738,89,242,46,120,1,-1,-1,-1
507,77604,880,267,49,94,1,-1,-1,-1
507,77606,1029,687,105,52,1,-1,-1,-1
507,77614,657,399,70,147,1,-1,-1,-1
507,77615,1147,492,113,127,1,-1,-1,-1
507,77629,1482,354,69,124,1,-1,-1,-1
507,77648,1211,233,65,107,1,-1,-1,-1
507,77631,725,320,48,103,1,-1,-1,-1
507,77666,1823,137,42,90,1,-1,-1,-1
507,77677,714,114,27,75,1,-1,-1,-1
507,77634,1708,130,40,83,1,-1,-1,-1
507,77690,966,218,37,99,1,-1,-1,-1
507,77691,481,160,44,91,1,-1,-1,-1
507,77692,777,26,20,54,1,-1,-1,-1
507,77642,320,171,40,89,1,-1,-1,-1
507,77667,768,98,31,70,1,-1,-1,-1
507,77711,1190,904,76,176,1,-1,-1,-1
507,77719,357,330,46,123,1,-1,-1,-1
507,77738,94,241,45,119,1,-1,-1,-1
508,77604,881,267,49,96,1,-1,-1,-1
508,77606,1034,685,104,51,1,-1,-1,-1
508,77614,656,399,69,146,1,-1,-1,-1
508,77615,1148,491,110,128,1,-1,-1,-1
508,77629,1479,355,69,124,1,-1,-1,-1
508,77648,1211,233,65,107,1,-1,-1,-1
508,77631,727,320,49,102,1,-1,-1,-1
508,77666,1821,137,42,91,1,-1,-1,-1
508,77677,715,114,27,75,1,-1,-1,-1
508,77634,1704,130,40,83,1,-1,-1,-1
508,77690,967,217,37,100,1,-1,-1,-1
508,77691,483,160,43,91,1,-1,-1,-1
508,77692,779,27,20,54,1,-1,-1,-1
508,77642,322,171,40,89,1,-1,-1,-1
508,77667,770,98,31,70,1,-1,-1,-1
508,77711,1189,912,75,168,1,-1,-1,-1
508,77719,359,330,45,123,1,-1,-1,-1
508,77738,99,241,45,119,1,-1,-1,-1
509,77604,882,267,50,98,1,-1,-1,-1
509,77606,1038,683,104,51,1,-1,-1,-1
509,77614,655,398,69,146,1,-1,-1,-1
509,77615,1150,490,106,130,1,-1,-1,-1
509,77629,1477,357,69,122,1,-1,-1,-1
509,77648,1211,233,65,107,1,-1,-1,-1
509,77631,729,319,50,102,1,-1,-1,-1
509,77666,1820,137,43,91,1,-1,-1,-1
509,77677,715,115,28,75,1,-1,-1,-1
509,77634,1700,130,40,83,1,-1,-1,-1
509,77690,968,217,37,99,1,-1,-1,-1
509,77691,485,160,41,91,1,-1,-1,-1
509,77692,781,27,19,54,1,-1,-1,-1
509,77642,325,171,40,88,1,-1,-1,-1
509,77667,772,98,31,69,1,-1,-1,-1
509,77711,1187,919,74,161,1,-1,-1,-1
509,77719,362,329,44,123,1,-1,-1,-1
509,77738,106,240,45,119,1,-1,-1,-1
510,77604,883,267,50,100,1,-1,-1,-1
510,77606,1044,681,103,49,1,-1,-1,-1
510,77614,653,397,70,145,1,-1,-1,-1
510,77615,1151,489,104,132,1,-1,-1,-1
510,77629,1473,358,69,122,1,-1,-1,-1
510,77648,1211,233,65,107,1,-1,-1,-1
510,77631,731,319,51,102,1,-1,-1,-1
510,77666,1817,137,45,92,1,-1,-1,-1
510,77677,716,115,27,75,1,-1,-1,-1
510,77634,1695,131,41,82,1,-1,-1,-1
510,77690,969,217,37,99,1,-1,-1,-1
510,77691,486,161,41,91,1,-1,-1,-1
510,77692,783,28,20,53,1,-1,-1,-1
510,77642,327,170,38,89,1,-1,-1,-1
510,77667,774,98,30,69,1,-1,-1,-1
510,77711,1185,927,72,153,1,-1,-1,-1
510,77719,366,328,44,124,1,-1,-1,-1
510,77738,109,239,45,119,1,-1,-1,-1
511,77604,885,267,51,102,1,-1,-1,-1
511,77606,1046,679,104,50,1,-1,-1,-1
511,77614,652,397,70,144,1,-1,-1,-1
511,77615,1153,487,102,134,1,-1,-1,-1
511,77629,1470,360,70,121,1,-1,-1,-1
511,77648,1210,233,66,107,1,-1,-1,-1
511,77631,734,318,52,102,1,-1,-1,-1
511,77666,1816,137,45,92,1,-1,-1,-1
511,77677,717,115,28,74,1,-1,-1,-1
511,77634,1690,131,42,82,1,-1,-1,-1
511,77690,969,217,38,99,1,-1,-1,-1
511,77691,488,161,40,91,1,-1,-1,-1
511,77692,785,28,20,53,1,-1,-1,-1
511,77642,328,170,38,89,1,-1,-1,-1
511,77667,776,98,29,69,1,-1,-1,-1
511,77711,1185,935,69,145,1,-1,-1,-1
511,77719,368,328,43,124,1,-1,-1,-1
511,77738,111,239,46,118,1,-1,-1,-1
512,77604,887,268,50,102,1,-1,-1,-1
512,77606,1046,677,109,52,1,-1,-1,-1
512,77614,650,396,69,144,1,-1,-1,-1
512,77615,1154,486,100,135,1,-1,-1,-1
512,77629,1467,360,71,122,1,-1,-1,-1
512,77648,1209,233,66,107,1,-1,-1,-1
512,77631,735,318,53,102,1,-1,-1,-1
512,77666,1814,137,45,92,1,-1,-1,-1
512,77677,717,116,28,74,1,-1,-1,-1
512,77634,1685,132,43,82,1,-1,-1,-1
512,77690,970,217,38,99,1,-1,-1,-1
512,77691,489,161,39,91,1,-1,-1,-1
512,77692,786,28,20,53,1,-1,-1,-1
512,77642,328,170,38,89,1,-1,-1,-1
512,77667,777,98,29,69,1,-1,-1,-1
512,77711,1184,943,67,137,1,-1,-1,-1
512,77719,369,328,43,123,1,-1,-1,-1
512,77738,113,239,46,118,1,-1,-1,-1
513,77604,888,270,50,101,1,-1,-1,-1
513,77606,1043,674,118,57,1,-1,-1,-1
513,77614,647,396,68,142,1,-1,-1,-1
513,77615,1154,485,96,136,1,-1,-1,-1
513,77629,1464,361,71,123,1,-1,-1,-1
513,77648,1208,233,66,107,1,-1,-1,-1
513,77631,737,318,54,102,1,-1,-1,-1
513,77666,1813,137,44,92,1,-1,-1,-1
513,77677,716,116,29,74,1,-1,-1,-1
513,77634,1680,132,42,82,1,-1,-1,-1
513,77690,970,217,38,100,1,-1,-1,-1
513,77691,489,161,38,91,1,-1,-1,-1
513,77692,786,28,21,53,1,-1,-1,-1
513,77642,329,170,38,89,1,-1,-1,-1
513,77667,777,98,30,70,1,-1,-1,-1
513,77711,1184,951,66,128,1,-1,-1,-1
513,77719,371,328,42,123,1,-1,-1,-1
513,77738,115,239,45,117,1,-1,-1,-1
514,77604,889,272,49,100,1,-1,-1,-1
514,77606,1042,671,126,61,1,-1,-1,-1
514,77614,645,395,66,142,1,-1,-1,-1
514,77615,1153,483,94,138,1,-1,-1,-1
514,77629,1460,362,72,124,1,-1,-1,-1
514,77648,1206,234,67,107,1,-1,-1,-1
514,77631,739,318,55,102,1,-1,-1,-1
514,77666,1811,137,44,92,1,-1,-1,-1
514,77677,716,116,29,74,1,-1,-1,-1
514,77634,1674,133,43,82,1,-1,-1,-1
514,77690,970,217,38,100,1,-1,-1,-1
514,77691,489,162,38,91,1,-1,-1,-1
514,77692,788,29,20,52,1,-1,-1,-1
514,77642,330,170,37,89,1,-1,-1,-1
514,77667,777,98,30,70,1,-1,-1,-1
514,77711,1184,959,64,120,1,-1,-1,-1
514,77719,373,328,42,122,1,-1,-1,-1
514,77738,118,239,45,117,1,-1,-1,-1
515,77604,890,274,49,99,1,-1,-1,-1
515,77606,1041,669,132,65,1,-1,-1,-1
515,77614,641,395,63,140,1,-1,-1,-1
515,77615,1152,482,91,139,1,-1,-1,-1
515,77629,1457,362,73,125,1,-1,-1,-1
515,77648,1205,234,67,108,1,-1,-1,-1
515,77631,741,318,57,103,1,-1,-1,-1
515,77666,1809,137,43,92,1,-1,-1,-1
515,77677,715,116,30,75,1,-1,-1,-1
515,77634,1669,133,42,82,1,-1,-1,-1
515,77690,970,217,39,100,1,-1,-1,-1
515,77691,489,162,37,91,1,-1,-1,-1
515,77692,789,29,20,52,1,-1,-1,-1
515,77642,330,171,37,89,1,-1,-1,-1
515,77667,778,98,29,70,1,-1,-1,-1
515,77711,1185,973,60,106,1,-1,-1,-1
515,77719,376,328,41,122,1,-1,-1,-1
515,77738,120,239,45,117,1,-1,-1,-1
516,77604,892,277,47,98,1,-1,-1,-1
516,77606,1040,666,138,69,1,-1,-1,-1
516,77614,639,394,61,140,1,-1,-1,-1
516,77615,1152,480,87,141,1,-1,-1,-1
516,77629,1454,362,73,127,1,-1,-1,-1
516,77648,1203,234,68,108,1,-1,-1,-1
516,77631,743,318,59,103,1,-1,-1,-1
516,77666,1808,138,42,91,1,-1,-1,-1
516,77677,715,116,30,75,1,-1,-1,-1
516,77634,1663,134,42,82,1,-1,-1,-1
516,77690,970,217,39,101,1,-1,-1,-1
516,77691,489,163,37,91,1,-1,-1,-1
516,77692,789,29,21,52,1,-1,-1,-1
516,77642,331,171,36,89,1,-1,-1,-1
516,77667,778,98,29,71,1,-1,-1,-1
516,77711,1184,977,61,102,1,-1,-1,-1
516,77719,377,328,41,122,1,-1,-1,-1
516,77738,122,239,45,116,1,-1,-1,-1
517,77604,893,278,48,98,1,-1,-1,-1
517,77606,1041,664,141,71,1,-1,-1,-1
517,77614,637,395,60,140,1,-1,-1,-1
517,77615,1151,480,84,142,1,-1,-1,-1
517,77629,1452,363,73,127,1,-1,-1,-1
517,77648,1201,235,69,108,1,-1,-1,-1
517,77631,744,318,61,103,1,-1,-1,-1
517,77666,1806,140,41,90,1,-1,-1,-1
517,77677,714,117,31,75,1,-1,-1,-1
517,77634,1660,134,41,83,1,-1,-1,-1
517,77690,970,217,39,101,1,-1,-1,-1
517,77691,489,163,37,91,1,-1,-1,-1
517,77692,791,30,20,51,1,-1,-1,-1
517,77642,331,171,36,89,1,-1,-1,-1
517,77667,778,98,30,71,1,-1,-1,-1
517,77711,1180,980,62,99,1,-1,-1,-1
517,77719,378,328,41,121,1,-1,-1,-1
517,77738,125,239,45,116,1,-1,-1,-1
518,77604,894,279,49,100,1,-1,-1,-1
518,77606,1045,662,141,72,1,-1,-1,-1
518,77614,636,395,58,139,1,-1,-1,-1
518,77615,1150,481,82,142,1,-1,-1,-1
518,77629,1451,363,72,127,1,-1,-1,-1
518,77648,1199,235,70,108,1,-1,-1,-1
518,77631,746,318,62,104,1,-1,-1,-1
518,77666,1805,142,40,89,1,-1,-1,-1
518,77677,713,117,31,75,1,-1,-1,-1
518,77634,1658,135,41,83,1,-1,-1,-1
518,77690,970,217,40,102,1,-1,-1,-1
518,77691,489,164,37,90,1,-1,-1,-1
518,77692,792,30,20,51,1,-1,-1,-1
518,77642,332,171,36,89,1,-1,-1,-1
518,77667,778,98,30,71,1,-1,-1,-1
518,77711,1174,982,63,97,1,-1,-1,-1
518,77719,379,328,41,121,1,-1,-1,-1
518,77738,127,239,45,115,1,-1,-1,-1
519,77604,896,279,49,102,1,-1,-1,-1
519,77606,1049,660,141,73,1,-1,-1,-1
519,77614,633,396,59,139,1,-1,-1,-1
519,77615,1148,482,81,142,1,-1,-1,-1
519,77629,1450,364,71,127,1,-1,-1,-1
519,77648,1198,235,71,109,1,-1,-1,-1
519,77631,748,318,64,104,1,-1,-1,-1
519,77666,1804,144,40,87,1,-1,-1,-1
519,77677,712,118,32,75,1,-1,-1,-1
519,77634,1654,135,41,84,1,-1,-1,-1
519,77690,970,217,40,102,1,-1,-1,-1
519,77691,489,164,38,91,1,-1,-1,-1
519,77692,794,30,19,51,1,-1,-1,-1
519,77642,332,171,36,89,1,-1,-1,-1
519,77667,778,98,30,72,1,-1,-1,-1
519,77711,1168,983,65,96,1,-1,-1,-1
519,77719,380,327,42,121,1,-1,-1,-1
519,77738,129,239,45,115,1,-1,-1,-1
519,77745,0,437,18,89,1,-1,-1,-1
520,77604,897,280,50,104,1,-1,-1,-1
520,77606,1054,658,139,74,1,-1,-1,-1
520,77614,629,397,60,138,1,-1,-1,-1
520,77615,1147,483,80,142,1,-1,-1,-1
520,77629,1449,365,71,127,1,-1,-1,-1
520,77648,1195,236,72,108,1,-1,-1,-1
520,77631,750,318,65,104,1,-1,-1,-1
520,77666,1803,146,39,86,1,-1,-1,-1
520,77677,710,118,34,75,1,-1,-1,-1
520,77634,1650,135,42,85,1,-1,-1,-1
520,77690,971,217,39,103,1,-1,-1,-1
520,77691,488,165,38,90,1,-1,-1,-1
520,77692,795,30,19,51,1,-1,-1,-1
520,77642,333,171,35,89,1,-1,-1,-1
520,77667,778,98,31,72,1,-1,-1,-1
520,77711,1162,986,66,93,1,-1,-1,-1
520,77719,382,327,41,121,1,-1,-1,-1
520,77738,131,238,46,115,1,-1,-1,-1
520,77745,0,427,19,99,1,-1,-1,-1
521,77604,899,281,51,106,1,-1,-1,-1
521,77606,1060,656,139,74,1,-1,-1,-1
521,77614,627,397,62,138,1,-1,-1,-1
521,77615,1145,484,80,142,1,-1,-1,-1
521,77629,1448,365,70,127,1,-1,-1,-1
521,77648,1194,236,72,108,1,-1,-1,-1
521,77631,752,318,67,104,1,-1,-1,-1
521,77666,1800,148,41,85,1,-1,-1,-1
521,77677,709,118,35,76,1,-1,-1,-1
521,77634,1648,135,43,85,1,-1,-1,-1
521,77690,971,217,39,103,1,-1,-1,-1
521,77691,487,165,39,90,1,-1,-1,-1
521,77692,796,30,19,51,1,-1,-1,-1
521,77642,333,171,36,89,1,-1,-1,-1
521,77667,779,98,30,72,1,-1,-1,-1
521,77711,1156,988,67,91,1,-1,-1,-1
521,77719,383,327,42,121,1,-1,-1,-1
521,77738,134,238,45,115,1,-1,-1,-1
521,77745,0,415,21,110,1,-1,-1,-1
522,77604,900,281,52,107,1,-1,-1,-1
522,77606,1063,655,138,74,1,-1,-1,-1
522,77614,625,397,63,138,1,-1,-1,-1
522,77615,1144,485,80,142,1,-1,-1,-1
522,77629,1447,366,70,127,1,-1,-1,-1
522,77648,1194,237,73,108,1,-1,-1,-1
522,77631,757,320,67,102,1,-1,-1,-1
522,77666,1800,148,41,85,1,-1,-1,-1
522,77677,709,118,35,76,1,-1,-1,-1
522,77634,1645,135,43,86,1,-1,-1,-1
522,77690,972,218,40,103,1,-1,-1,-1
522,77691,487,166,40,90,1,-1,-1,-1
522,77692,797,30,19,52,1,-1,-1,-1
522,77642,334,171,35,89,1,-1,-1,-1
522,77667,779,98,31,73,1,-1,-1,-1
522,77711,1152,992,66,87,1,-1,-1,-1
522,77719,383,327,43,121,1,-1,-1,-1
522,77738,135,238,45,114,1,-1,-1,-1
522,77745,0,396,25,128,1,-1,-1,-1
523,77604,902,282,51,107,1,-1,-1,-1
523,77606,1066,654,137,75,1,-1,-1,-1
523,77614,623,397,64,139,1,-1,-1,-1
523,77615,1144,485,80,143,1,-1,-1,-1
523,77629,1445,367,70,127,1,-1,-1,-1
523,77648,1194,237,74,108,1,-1,-1,-1
523,77631,762,321,67,99,1,-1,-1,-1
523,77666,1800,147,42,87,1,-1,-1,-1
523,77677,709,118,35,76,1,-1,-1,-1
523,77634,1643,135,43,86,1,-1,-1,-1
523,77690,974,218,39,103,1,-1,-1,-1
523,77691,487,166,40,90,1,-1,-1,-1
523,77692,798,30,19,52,1,-1,-1,-1
523,77642,335,171,36,90,1,-1,-1,-1
523,77667,780,98,31,73,1,-1,-1,-1
523,77711,1148,996,65,83,1,-1,-1,-1
523,77719,384,327,43,120,1,-1,-1,-1
523,77738,136,238,46,114,1,-1,-1,-1
523,77745,0,389,26,135,1,-1,-1,-1
524,77604,904,283,51,107,1,-1,-1,-1
524,77606,1069,654,136,75,1,-1,-1,-1
524,77614,620,396,65,140,1,-1,-1,-1
524,77615,1144,485,79,144,1,-1,-1,-1
524,77629,1443,367,70,127,1,-1,-1,-1
524,77648,1195,238,75,108,1,-1,-1,-1
524,77631,768,323,67,96,1,-1,-1,-1
524,77666,1801,146,42,87,1,-1,-1,-1
524,77677,708,119,36,76,1,-1,-1,-1
524,77634,1640,136,43,85,1,-1,-1,-1
524,77690,976,219,38,102,1,-1,-1,-1
524,77691,487,166,41,91,1,-1,-1,-1
524,77692,800,31,18,51,1,-1,-1,-1
524,77642,336,171,36,90,1,-1,-1,-1
524,77667,780,99,31,72,1,-1,-1,-1
524,77711,1146,1001,62,77,1,-1,-1,-1
524,77719,385,327,43,120,1,-1,-1,-1
524,77738,137,237,46,114,1,-1,-1,-1
524,77745,0,386,27,138,1,-1,-1,-1
525,77604,906,284,51,106,1,-1,-1,-1
525,77606,1072,653,136,76,1,-1,-1,-1
525,77614,617,396,65,141,1,-1,-1,-1
525,77615,1144,485,78,145,1,-1,-1,-1
525,77629,1441,367,70,128,1,-1,-1,-1
525,77648,1195,239,76,108,1,-1,-1,-1
525,77631,773,324,67,93,1,-1,-1,-1
525,77666,1801,145,43,88,1,-1,-1,-1
525,77677,708,119,36,76,1,-1,-1,-1
525,77634,1638,136,42,85,1,-1,-1,-1
525,77690,978,220,38,101,1,-1,-1,-1
525,77691,487,167,41,90,1,-1,-1,-1
525,77692,802,31,18,52,1,-1,-1,-1
525,77642,337,171,36,91,1,-1,-1,-1
525,77667,781,99,32,72,1,-1,-1,-1
525,77711,1143,1006,60,72,1,-1,-1,-1
525,77719,386,327,43,119,1,-1,-1,-1
525,77738,138,237,46,114,1,-1,-1,-1
525,77745,1,385,28,138,1,-1,-1,-1
526,77604,908,285,50,106,1,-1,-1,-1
526,77606,1074,653,135,76,1,-1,-1,-1
526,77614,616,396,64,141,1,-1,-1,-1
526,77615,1144,485,78,146,1,-1,-1,-1
526,77629,1438,368,71,128,1,-1,-1,-1
526,77648,1196,239,76,108,1,-1,-1,-1
526,77631,784,326,65,88,1,-1,-1,-1
526,77666,1801,144,44,89,1,-1,-1,-1
526,77677,707,119,38,76,1,-1,-1,-1
526,77634,1634,137,41,83,1,-1,-1,-1
526,77690,980,221,38,100,1,-1,-1,-1
526,77691,487,167,42,91,1,-1,-1,-1
526,77692,803,31,18,52,1,-1,-1,-1
526,77642,338,171,37,92,1,-1,-1,-1
526,77667,782,99,32,73,1,-1,-1,-1
526,77711,1140,1012,56,65,1,-1,-1,-1
526,77719,386,327,44,118,1,-1,-1,-1
526,77738,139,236,46,114,1,-1,-1,-1
526,77745,2,385,29,138,1,-1,-1,-1
527,77604,911,287,50,106,1,-1,-1,-1
527,77606,1078,653,134,76,1,-1,-1,-1
527,77614,617,395,63,142,1,-1,-1,-1
527,77615,1145,485,76,147,1,-1,-1,-1
527,77629,1438,368,71,130,1,-1,-1,-1
527,77648,1197,240,76,108,1,-1,-1,-1
527,77631,788,327,66,87,1,-1,-1,-1
527,77666,1802,144,43,89,1,-1,-1,-1
527,77677,707,119,38,76,1,-1,-1,-1
527,77634,1632,137,41,83,1,-1,-1,-1
527,77690,982,221,38,100,1,-1,-1,-1
527,77691,487,167,42,91,1,-1,-1,-1
527,77692,804,31,18,52,1,-1,-1,-1
527,77642,339,171,37,93,1,-1,-1,-1
527,77667,783,100,32,72,1,-1,-1,-1
527,77711,1135,1014,58,64,1,-1,-1,-1
527,77719,387,328,45,118,1,-1,-1,-1
527,77738,140,236,46,113,1,-1,-1,-1
527,77745,3,386,29,137,1,-1,-1,-1
528,77604,915,288,50,107,1,-1,-1,-1
528,77606,1082,653,133,76,1,-1,-1,-1
528,77614,619,395,63,142,1,-1,-1,-1
528,77615,1144,485,76,149,1,-1,-1,-1
528,77629,1438,369,72,130,1,-1,-1,-1
528,77648,1197,241,76,108,1,-1,-1,-1
528,77631,796,328,68,88,1,-1,-1,-1
528,77666,1802,145,43,89,1,-1,-1,-1
528,77677,707,119,37,76,1,-1,-1,-1
528,77634,1631,138,40,83,1,-1,-1,-1
528,77690,983,222,38,99,1,-1,-1,-1
528,77691,487,168,43,91,1,-1,-1,-1
528,77692,806,31,17,52,1,-1,-1,-1
528,77642,341,171,36,93,1,-1,-1,-1
528,77667,784,100,32,72,1,-1,-1,-1
528,77711,1129,1013,59,65,1,-1,-1,-1
528,77719,389,328,45,118,1,-1,-1,-1
528,77738,141,235,47,113,1,-1,-1,-1
528,77745,4,386,30,138,1,-1,-1,-1
529,77604,918,290,50,108,1,-1,-1,-1
529,77606,1087,653,132,76,1,-1,-1,-1
529,77614,620,395,63,142,1,-1,-1,-1
529,77615,1144,485,75,151,1,-1,-1,-1
529,77629,1438,370,72,131,1,-1,-1,-1
529,77648,1197,241,77,108,1,-1,-1,-1
529,77631,805,329,71,89,1,-1,-1,-1
529,77666,1802,145,44,89,1,-1,-1,-1
529,77677,707,119,37,76,1,-1,-1,-1
529,77634,1630,140,40,82,1,-1,-1,-1
529,77690,985,223,38,98,1,-1,-1,-1
529,77691,487,168,44,91,1,-1,-1,-1
529,77692,807,31,17,52,1,-1,-1,-1
529,77642,342,171,38,93,1,-1,-1,-1
529,77667,785,100,32,72,1,-1,-1,-1
529,77711,1119,1012,63,67,1,-1,-1,-1
529,77719,390,329,47,118,1,-1,-1,-1
529,77738,142,235,47,113,1,-1,-1,-1
529,77745,5,386,31,138,1,-1,-1,-1
530,77604,924,292,51,110,1,-1,-1,-1
530,77606,1092,653,131,76,1,-1,-1,-1
530,77614,622,396,62,141,1,-1,-1,-1
530,77615,1143,485,75,153,1,-1,-1,-1
530,77629,1438,371,72,131,1,-1,-1,-1
530,77648,1198,242,77,108,1,-1,-1,-1
530,77631,816,329,72,91,1,-1,-1,-1
530,77666,1803,146,43,89,1,-1,-1,-1
530,77677,706,119,39,76,1,-1,-1,-1
530,77634,1628,142,40,81,1,-1,-1,-1
530,77690,987,224,37,98,1,-1,-1,-1
530,77691,488,168,44,91,1,-1,-1,-1
530,77692,809,32,18,52,1,-1,-1,-1
530,77642,345,170,37,95,1,-1,-1,-1
530,77667,786,100,33,72,1,-1,-1,-1
530,77711,1115,1011,65,68,1,-1,-1,-1
530,77719,391,329,48,118,1,-1,-1,-1
530,77738,145,234,47,113,1,-1,-1,-1
530,77745,6,386,32,137,1,-1,-1,-1
531,77604,929,293,51,111,1,-1,-1,-1
531,77606,1098,653,129,76,1,-1,-1,-1
531,77614,624,396,61,141,1,-1,-1,-1
531,77615,1142,485,75,154,1,-1,-1,-1
531,77629,1438,372,73,132,1,-1,-1,-1
531,77648,1199,242,77,108,1,-1,-1,-1
531,77631,828,329,74,94,1,-1,-1,-1
531,77666,1803,146,44,89,1,-1,-1,-1
531,77677,707,119,38,76,1,-1,-1,-1
531,77634,1628,142,40,82,1,-1,-1,-1
531,77690,989,225,37,97,1,-1,-1,-1
531,77691,488,169,44,91,1,-1,-1,-1
531,77692,810,32,17,52,1,-1,-1,-1
531,77642,345,170,38,95,1,-1,-1,-1
531,77667,786,101,33,72,1,-1,-1,-1
531,77711,1112,1011,67,68,1,-1,-1,-1
531,77719,392,330,49,119,1,-1,-1,-1
531,77738,145,234,48,113,1,-1,-1,-1
531,77745,7,386,33,137,1,-1,-1,-1
532,77604,933,295,51,111,1,-1,-1,-1
532,77606,1102,654,129,76,1,-1,-1,-1
532,77614,625,396,61,141,1,-1,-1,-1
532,77615,1141,487,74,154,1,-1,-1,-1
532,77629,1438,373,74,132,1,-1,-1,-1
532,77648,1200,243,77,108,1,-1,-1,-1
532,77631,836,330,76,95,1,-1,-1,-1
532,77666,1804,147,44,88,1,-1,-1,-1
532,77677,708,119,38,75,1,-1,-1,-1
532,77634,1626,143,40,81,1,-1,-1,-1
532,77690,991,226,36,96,1,-1,-1,-1
532,77691,489,169,45,91,1,-1,-1,-1
532,77692,813,32,17,52,1,-1,-1,-1
532,77642,347,171,38,95,1,-1,-1,-1
532,77667,787,101,33,72,1,-1,-1,-1
532,77711,1110,1012,67,67,1,-1,-1,-1
532,77719,394,330,50,119,1,-1,-1,-1
532,77738,147,234,48,113,1,-1,-1,-1
532,77745,8,386,35,137,1,-1,-1,-1
533,77604,938,296,51,111,1,-1,-1,-1
533,77606,1108,654,128,76,1,-1,-1,-1
533,77614,627,396,60,140,1,-1,-1,-1
533,77615,1141,489,73,154,1,-1,-1,-1
533,77629,1439,373,74,133,1,-1,-1,-1
533,77648,1201,243,77,107,1,-1,-1,-1
533,77631,843,330,77,96,1,-1,-1,-1
533,77666,1806,148,44,88,1,-1,-1,-1
533,77677,709,119,38,75,1,-1,-1,-1
533,77634,1624,144,41,81,1,-1,-1,-1
533,77690,992,226,37,97,1,-1,-1,-1
533,77691,490,169,45,91,1,-1,-1,-1
533,77692,816,32,17,52,1,-1,-1,-1
533,77642,349,171,38,96,1,-1,-1,-1
533,77667,788,101,34,72,1,-1,-1,-1
533,77711,1109,1012,68,67,1,-1,-1,-1
533,77719,396,330,51,119,1,-1,-1,-1
533,77738,151,233,47,113,1,-1,-1,-1
533,77745,12,387,36,136,1,-1,-1,-1
534,77604,944,298,51,111,1,-1,-1,-1
534,77606,1113,655,128,77,1,-1,-1,-1
534,77614,628,396,60,140,1,-1,-1,-1
534,77615,1140,491,73,154,1,-1,-1,-1
534,77629,1440,374,74,133,1,-1,-1,-1
534,77648,1202,243,77,107,1,-1,-1,-1
534,77631,849,330,79,97,1,-1,-1,-1
534,77666,1807,148,45,88,1,-1,-1,-1
534,77677,711,119,37,75,1,-1,-1,-1
534,77634,1623,145,41,80,1,-1,-1,-1
534,77690,994,227,37,96,1,-1,-1,-1
534,77691,490,169,46,91,1,-1,-1,-1
534,77692,818,32,17,52,1,-1,-1,-1
534,77642,351,171,38,96,1,-1,-1,-1
534,77667,789,101,34,72,1,-1,-1,-1
534,77711,1107,1013,69,66,1,-1,-1,-1
534,77719,399,330,52,119,1,-1,-1,-1
534,77738,154,233,48,113,1,-1,-1,-1
534,77745,15,387,37,136,1,-1,-1,-1
535,77604,949,300,51,110,1,-1,-1,-1
535,77606,1119,655,127,77,1,-1,-1,-1
535,77614,630,396,59,140,1,-1,-1,-1
535,77615,1139,495,72,152,1,-1,-1,-1
535,77629,1441,376,76,134,1,-1,-1,-1
535,77648,1203,243,77,107,1,-1,-1,-1
535,77631,856,330,79,98,1,-1,-1,-1
535,77666,1810,149,45,87,1,-1,-1,-1
535,77677,713,120,36,74,1,-1,-1,-1
535,77634,1622,145,41,80,1,-1,-1,-1
535,77690,996,227,37,97,1,-1,-1,-1
535,77691,492,169,45,91,1,-1,-1,-1
535,77692,821,33,17,52,1,-1,-1,-1
535,77642,354,172,38,95,1,-1,-1,-1
535,77667,790,101,34,72,1,-1,-1,-1
535,77711,1106,1014,69,65,1,-1,-1,-1
535,77719,404,330,53,119,1,-1,-1,-1
535,77738,157,232,48,113,1,-1,-1,-1
535,77745,21,387,38,135,1,-1,-1,-1
536,77604,955,302,52,110,1,-1,-1,-1
536,77606,1125,656,125,77,1,-1,-1,-1
536,77614,631,396,59,139,1,-1,-1,-1
536,77615,1138,496,72,152,1,-1,-1,-1
536,77629,1442,377,75,134,1,-1,-1,-1
536,77648,1204,243,77,107,1,-1,-1,-1
536,77631,864,330,80,99,1,-1,-1,-1
536,77666,1811,149,46,87,1,-1,-1,-1
536,77677,714,120,37,74,1,-1,-1,-1
536,77634,1620,146,41,80,1,-1,-1,-1
536,77690,997,228,37,97,1,-1,-1,-1
536,77691,493,170,45,91,1,-1,-1,-1
536,77692,824,33,17,52,1,-1,-1,-1
536,77642,356,172,37,95,1,-1,-1,-1
536,77667,791,102,35,72,1,-1,-1,-1
536,77711,1103,1015,70,64,1,-1,-1,-1
536,77719,405,330,53,119,1,-1,-1,-1
536,77738,161,232,48,113,1,-1,-1,-1
536,77745,23,387,39,135,1,-1,-1,-1
537,77604,959,304,52,110,1,-1,-1,-1
537,77606,1128,656,125,78,1,-1,-1,-1
537,77614,632,396,59,139,1,-1,-1,-1
537,77615,1137,497,71,152,1,-1,-1,-1
537,77629,1443,377,76,135,1,-1,-1,-1
537,77648,1204,243,78,107,1,-1,-1,-1
537,77631,871,330,81,100,1,-1,-1,-1
537,77666,1812,149,46,88,1,-1,-1,-1
537,77677,716,120,36,74,1,-1,-1,-1
537,77634,1618,146,41,80,1,-1,-1,-1
537,77690,999,229,37,97,1,-1,-1,-1
537,77691,495,170,44,91,1,-1,-1,-1
537,77692,827,33,18,52,1,-1,-1,-1
537,77642,359,173,37,94,1,-1,-1,-1
537,77667,792,102,35,72,1,-1,-1,-1
537,77711,1102,1015,70,64,1,-1,-1,-1
537,77719,407,330,54,118,1,-1,-1,-1
537,77738,164,232,48,113,1,-1,-1,-1
537,77745,24,387,41,136,1,-1,-1,-1
538,77604,964,307,51,109,1,-1,-1,-1
538,77606,1130,656,124,78,1,-1,-1,-1
538,77614,633,396,60,139,1,-1,-1,-1
538,77615,1136,497,70,152,1,-1,-1,-1
538,77629,1444,378,75,136,1,-1,-1,-1
538,77648,1205,243,78,107,1,-1,-1,-1
538,77631,880,330,80,100,1,-1,-1,-1
538,77666,1813,150,46,87,1,-1,-1,-1
538,77677,718,121,35,73,1,-1,-1,-1
538,77634,1617,147,40,79,1,-1,-1,-1
538,77690,1001,229,37,97,1,-1,-1,-1
538,77691,496,170,44,91,1,-1,-1,-1
538,77692,830,34,17,52,1,-1,-1,-1
538,77642,362,173,36,95,1,-1,-1,-1
538,77667,794,102,34,72,1,-1,-1,-1
538,77711,1102,1015,70,63,1,-1,-1,-1
538,77719,409,330,54,118,1,-1,-1,-1
538,77738,168,231,47,113,1,-1,-1,-1
538,77745,27,388,42,135,1,-1,-1,-1
539,77604,968,310,51,109,1,-1,-1,-1
539,77606,1131,656,124,79,1,-1,-1,-1
539,77614,634,395,59,140,1,-1,-1,-1
539,77615,1135,498,69,152,1,-1,-1,-1
539,77629,1446,378,74,137,1,-1,-1,-1
539,77648,1206,243,79,107,1,-1,-1,-1
539,77631,889,330,79,101,1,-1,-1,-1
539,77666,1814,150,45,88,1,-1,-1,-1
539,77677,719,121,35,73,1,-1,-1,-1
539,77634,1616,147,40,79,1,-1,-1,-1
539,77690,1002,230,37,97,1,-1,-1,-1
539,77691,498,170,43,91,1,-1,-1,-1
539,77692,833,35,17,52,1,-1,-1,-1
539,77642,365,174,36,94,1,-1,-1,-1
539,77667,795,103,35,72,1,-1,-1,-1
539,77711,1102,1016,70,62,1,-1,-1,-1
539,77719,411,330,55,117,1,-1,-1,-1
539,77738,171,231,48,113,1,-1,-1,-1
539,77745,29,388,44,136,1,-1,-1,-1
540,77604,971,312,51,109,1,-1,-1,-1
540,77606,1134,656,122,79,1,-1,-1,-1
540,77614,635,395,60,140,1,-1,-1,-1
540,77615,1133,498,68,152,1,-1,-1,-1
540,77629,1448,379,72,138,1,-1,-1,-1
540,77648,1207,243,79,107,1,-1,-1,-1
540,77631,898,330,78,101,1,-1,-1,-1
540,77666,1815,150,44,89,1,-1,-1,-1
540,77677,722,121,33,73,1,-1,-1,-1
540,77634,1613,148,40,79,1,-1,-1,-1
540,77690,1005,231,37,97,1,-1,-1,-1
540,77691,500,171,43,91,1,-1,-1,-1
540,77692,836,35,18,52,1,-1,-1,-1
540,77642,369,174,35,94,1,-1,-1,-1
540,77667,797,103,35,72,1,-1,-1,-1
540,77711,1100,1017,71,61,1,-1,-1,-1
540,77719,414,330,56,117,1,-1,-1,-1
540,77738,176,230,48,113,1,-1,-1,-1
540,77745,33,388,45,138,1,-1,-1,-1
541,77604,976,315,50,109,1,-1,-1,-1
541,77606,1135,656,121,79,1,-1,-1,-1
541,77614,636,394,60,141,1,-1,-1,-1
541,77615,1132,498,67,152,1,-1,-1,-1
541,77629,1450,380,70,139,1,-1,-1,-1
541,77648,1207,243,79,107,1,-1,-1,-1
541,77631,909,330,76,102,1,-1,-1,-1
541,77666,1816,151,44,88,1,-1,-1,-1
541,77677,721,122,33,72,1,-1,-1,-1
541,77634,1612,149,39,78,1,-1,-1,-1
541,77690,1005,231,37,97,1,-1,-1,-1
541,77691,501,171,43,91,1,-1,-1,-1
541,77692,837,35,18,52,1,-1,-1,-1
541,77642,370,174,35,94,1,-1,-1,-1
541,77667,796,103,35,72,1,-1,-1,-1
541,77711,1100,1017,71,61,1,-1,-1,-1
541,77719,416,330,55,117,1,-1,-1,-1
541,77738,178,230,47,113,1,-1,-1,-1
541,77745,34,388,46,138,1,-1,-1,-1
542,77604,978,316,50,110,1,-1,-1,-1
542,77606,1135,656,119,79,1,-1,-1,-1
542,77614,635,393,61,142,1,-1,-1,-1
542,77615,1128,498,66,152,1,-1,-1,-1
542,77629,1448,380,68,140,1,-1,-1,-1
542,77648,1204,243,80,107,1,-1,-1,-1
542,77631,914,330,75,102,1,-1,-1,-1
542,77666,1814,151,43,88,1,-1,-1,-1
542,77677,718,121,33,73,1,-1,-1,-1
542,77634,1608,148,39,78,1,-1,-1,-1
542,77690,1004,230,37,97,1,-1,-1,-1
542,77691,499,170,42,92,1,-1,-1,-1
542,77692,836,33,17,52,1,-1,-1,-1
542,77642,368,174,35,93,1,-1,-1,-1
542,77667,794,102,34,72,1,-1,-1,-1
542,77711,1096,1017,71,62,1,-1,-1,-1
542,77719,415,330,56,117,1,-1,-1,-1
542,77738,176,229,47,113,1,-1,-1,-1
542,77745,32,388,48,139,1,-1,-1,-1
543,77604,980,316,50,111,1,-1,-1,-1
543,77606,1135,656,119,79,1,-1,-1,-1
543,77614,633,392,61,142,1,-1,-1,-1
543,77615,1120,498,67,153,1,-1,-1,-1
543,77629,1444,381,67,139,1,-1,-1,-1
543,77648,1201,243,81,107,1,-1,-1,-1
543,77631,918,330,75,105,1,-1,-1,-1
543,77666,1811,151,42,87,1,-1,-1,-1
543,77677,715,120,31,73,1,-1,-1,-1
543,77634,1603,147,39,79,1,-1,-1,-1
543,77690,1002,230,37,97,1,-1,-1,-1
543,77691,496,169,42,93,1,-1,-1,-1
543,77692,834,32,17,51,1,-1,-1,-1
543,77642,365,173,35,94,1,-1,-1,-1
543,77667,791,101,35,72,1,-1,-1,-1
543,77711,1091,1017,71,62,1,-1,-1,-1
543,77719,415,330,56,117,1,-1,-1,-1
543,77738,172,228,47,113,1,-1,-1,-1
543,77745,28,388,49,139,1,-1,-1,-1
544,77604,982,316,49,112,1,-1,-1,-1
544,77606,1133,656,120,79,1,-1,-1,-1
544,77614,631,391,60,142,1,-1,-1,-1
544,77615,1113,499,66,152,1,-1,-1,-1
544,77629,1439,382,66,137,1,-1,-1,-1
544,77648,1198,242,82,109,1,-1,-1,-1
544,77631,922,330,75,106,1,-1,-1,-1
544,77666,1807,151,42,87,1,-1,-1,-1
544,77677,711,119,31,73,1,-1,-1,-1
544,77634,1597,146,40,79,1,-1,-1,-1
544,77690,999,229,38,98,1,-1,-1,-1
544,77691,493,167,41,95,1,-1,-1,-1
544,77692,832,31,17,51,1,-1,-1,-1
544,77642,362,171,35,94,1,-1,-1,-1
544,77667,788,100,34,72,1,-1,-1,-1
544,77711,1086,1017,72,62,1,-1,-1,-1
544,77719,413,330,57,117,1,-1,-1,-1
544,77738,168,227,46,113,1,-1,-1,-1
544,77745,24,388,50,138,1,-1,-1,-1
545,77604,985,316,49,114,1,-1,-1,-1
545,77606,1131,656,120,79,1,-1,-1,-1
545,77614,629,390,60,142,1,-1,-1,-1
545,77615,1104,499,67,152,1,-1,-1,-1
545,77629,1434,382,65,137,1,-1,-1,-1
545,77648,1195,242,83,109,1,-1,-1,-1
545,77631,927,331,75,108,1,-1,-1,-1
545,77666,1803,151,42,86,1,-1,-1,-1
545,77677,707,118,31,73,1,-1,-1,-1
545,77634,1592,145,39,79,1,-1,-1,-1
545,77690,997,228,38,99,1,-1,-1,-1
545,77691,489,166,41,96,1,-1,-1,-1
545,77692,829,29,18,51,1,-1,-1,-1
545,77642,358,170,35,94,1,-1,-1,-1
545,77667,784,99,34,72,1,-1,-1,-1
545,77711,1080,1017,72,62,1,-1,-1,-1
545,77719,411,330,57,117,1,-1,-1,-1
545,77738,163,226,47,113,1,-1,-1,-1
545,77745,17,387,52,138,1,-1,-1,-1
546,77604,986,316,48,114,1,-1,-1,-1
546,77606,1129,656,121,80,1,-1,-1,-1
546,77614,627,389,60,142,1,-1,-1,-1
546,77615,1096,500,67,152,1,-1,-1,-1
546,77629,1427,383,66,136,1,-1,-1,-1
546,77648,1192,242,83,109,1,-1,-1,-1
546,77631,929,332,74,108,1,-1,-1,-1
546,77666,1798,151,43,85,1,-1,-1,-1
546,77677,703,117,30,73,1,-1,-1,-1
546,77634,1587,144,38,79,1,-1,-1,-1
546,77690,994,227,38,99,1,-1,-1,-1
546,77691,485,164,41,97,1,-1,-1,-1
546,77692,827,28,17,51,1,-1,-1,-1
546,77642,355,169,35,94,1,-1,-1,-1
546,77667,781,97,34,72,1,-1,-1,-1
546,77711,1075,1017,72,62,1,-1,-1,-1
546,77719,410,330,57,117,1,-1,-1,-1
546,77738,159,224,46,113,1,-1,-1,-1
546,77745,14,387,53,138,1,-1,-1,-1
547,77604,988,317,47,113,1,-1,-1,-1
547,77606,1129,656,120,80,1,-1,-1,-1
547,77614,625,388,61,142,1,-1,-1,-1
547,77615,1091,500,69,152,1,-1,-1,-1
547,77629,1423,384,66,135,1,-1,-1,-1
547,77648,1188,242,85,109,1,-1,-1,-1
547,77631,932,332,72,110,1,-1,-1,-1
547,77666,1795,150,43,85,1,-1,-1,-1
547,77677,699,116,30,73,1,-1,-1,-1
547,77634,1581,143,39,80,1,-1,-1,-1
547,77690,991,227,39,99,1,-1,-1,-1
547,77691,482,163,40,98,1,-1,-1,-1
547,77692,825,27,17,51,1,-1,-1,-1
547,77642,351,168,36,94,1,-1,-1,-1
547,77667,777,96,34,72,1,-1,-1,-1
547,77711,1071,1015,73,64,1,-1,-1,-1
547,77719,408,329,58,118,1,-1,-1,-1
547,77738,154,223,46,113,1,-1,-1,-1
547,77745,11,387,54,138,1,-1,-1,-1
548,77604,989,318,46,112,1,-1,-1,-1
548,77606,1128,656,120,80,1,-1,-1,-1
548,77614,624,387,60,143,1,-1,-1,-1
548,77615,1088,501,69,152,1,-1,-1,-1
548,77629,1418,384,67,136,1,-1,-1,-1
548,77648,1185,241,86,110,1,-1,-1,-1
548,77631,934,332,71,111,1,-1,-1,-1
548,77666,1793,148,44,85,1,-1,-1,-1
548,77677,695,115,29,73,1,-1,-1,-1
548,77634,1576,142,38,80,1,-1,-1,-1
548,77690,988,226,40,100,1,-1,-1,-1
548,77691,478,162,40,99,1,-1,-1,-1
548,77692,822,25,18,51,1,-1,-1,-1
548,77642,348,167,36,94,1,-1,-1,-1
548,77667,774,95,33,72,1,-1,-1,-1
548,77711,1068,1013,75,66,1,-1,-1,-1
548,77719,406,329,59,119,1,-1,-1,-1
548,77738,150,222,46,113,1,-1,-1,-1
548,77745,8,387,54,137,1,-1,-1,-1
549,77604,991,319,45,111,1,-1,-1,-1
549,77606,1127,656,121,80,1,-1,-1,-1
549,77614,623,387,60,143,1,-1,-1,-1
549,77615,1085,501,71,152,1,-1,-1,-1
549,77629,1412,385,68,136,1,-1,-1,-1
549,77648,1182,241,87,111,1,-1,-1,-1
549,77631,936,332,69,111,1,-1,-1,-1
549,77666,1791,147,44,84,1,-1,-1,-1
549,77677,691,114,28,73,1,-1,-1,-1
549,77634,1571,141,37,80,1,-1,-1,-1
549,77690,986,225,39,101,1,-1,-1,-1
549,77691,474,160,40,100,1,-1,-1,-1
549,77692,820,24,17,51,1,-1,-1,-1
549,77642,344,165,36,95,1,-1,-1,-1
549,77667,771,94,33,72,1,-1,-1,-1
549,77711,1064,1010,79,69,1,-1,-1,-1
549,77719,404,329,59,119,1,-1,-1,-1
549,77738,145,221,46,113,1,-1,-1,-1
549,77745,4,386,55,138,1,-1,-1,-1
550,77604,992,320,45,111,1,-1,-1,-1
550,77606,1126,656,120,79,1,-1,-1,-1
550,77614,622,386,59,144,1,-1,-1,-1
550,77615,1080,501,72,153,1,-1,-1,-1
550,77629,1407,386,69,136,1,-1,-1,-1
550,77648,1177,241,88,111,1,-1,-1,-1
550,77631,941,332,66,112,1,-1,-1,-1
550,77666,1789,145,44,84,1,-1,-1,-1
550,77677,687,113,27,73,1,-1,-1,-1
550,77634,1565,140,37,81,1,-1,-1,-1
550,77690,981,224,41,102,1,-1,-1,-1
550,77691,470,159,39,101,1,-1,-1,-1
550,77692,818,23,17,51,1,-1,-1,-1
550,77642,338,163,37,95,1,-1,-1,-1
550,77667,768,93,32,72,1,-1,-1,-1
550,77711,1059,1006,82,73,1,-1,-1,-1
550,77719,402,328,59,121,1,-1,-1,-1
550,77738,138,219,46,113,1,-1,-1,-1
550,77745,1,386,55,137,1,-1,-1,-1
551,77604,993,321,45,110,1,-1,-1,-1
551,77606,1125,656,120,79,1,-1,-1,-1
551,77614,621,385,58,145,1,-1,-1,-1
551,77615,1079,502,72,153,1,-1,-1,-1
551,77629,1402,386,70,136,1,-1,-1,-1
551,77648,1175,241,89,112,1,-1,-1,-1
551,77631,943,332,64,112,1,-1,-1,-1
551,77666,1788,144,44,84,1,-1,-1,-1
551,77677,683,112,27,73,1,-1,-1,-1
551,77634,1560,139,36,81,1,-1,-1,-1
551,77690,980,224,41,102,1,-1,-1,-1
551,77691,468,158,38,102,1,-1,-1,-1
551,77692,815,21,17,50,1,-1,-1,-1
551,77642,335,162,38,95,1,-1,-1,-1
551,77667,764,92,32,72,1,-1,-1,-1
551,77711,1057,1004,84,75,1,-1,-1,-1
551,77719,400,328,60,122,1,-1,-1,-1
551,77738,135,218,46,113,1,-1,-1,-1
551,77745,-1,386,54,137,1,-1,-1,-1
552,77604,995,323,45,110,1,-1,-1,-1
552,77606,1124,656,122,79,1,-1,-1,-1
552,77614,620,385,58,145,1,-1,-1,-1
552,77615,1074,501,73,154,1,-1,-1,-1
552,77629,1399,387,72,136,1,-1,-1,-1
552,77648,1173,240,90,113,1,-1,-1,-1
552,77631,947,332,62,113,1,-1,-1,-1
552,77666,1788,143,43,84,1,-1,-1,-1
552,77677,680,111,27,73,1,-1,-1,-1
552,77634,1556,138,36,81,1,-1,-1,-1
552,77690,978,223,41,102,1,-1,-1,-1
552,77691,465,157,38,102,1,-1,-1,-1
552,77692,814,19,17,51,1,-1,-1,-1
552,77642,333,162,38,95,1,-1,-1,-1
552,77667,762,91,31,72,1,-1,-1,-1
552,77711,1056,1003,84,76,1,-1,-1,-1
552,77719,399,328,60,122,1,-1,-1,-1
552,77738,133,217,45,113,1,-1,-1,-1
552,77745,-2,385,52,137,1,-1,-1,-1
553,77604,997,324,47,113,1,-1,-1,-1
553,77606,1125,656,121,79,1,-1,-1,-1
553,77614,620,384,57,145,1,-1,-1,-1
553,77615,1069,501,73,154,1,-1,-1,-1
553,77629,1398,387,73,137,1,-1,-1,-1
553,77648,1171,240,90,112,1,-1,-1,-1
553,77631,951,333,60,113,1,-1,-1,-1
553,77666,1787,142,44,84,1,-1,-1,-1
553,77677,677,109,27,73,1,-1,-1,-1
553,77634,1553,136,36,83,1,-1,-1,-1
553,77690,977,222,41,103,1,-1,-1,-1
553,77691,463,156,37,102,1,-1,-1,-1
553,77692,813,18,17,51,1,-1,-1,-1
553,77642,332,160,38,95,1,-1,-1,-1
553,77667,761,89,30,72,1,-1,-1,-1
553,77711,1054,1002,84,77,1,-1,-1,-1
553,77719,398,327,60,122,1,-1,-1,-1
553,77738,129,215,46,113,1,-1,-1,-1
553,77745,-3,385,52,136,1,-1,-1,-1
554,77604,1000,326,47,116,1,-1,-1,-1
554,77606,1124,656,123,80,1,-1,-1,-1
554,77614,621,383,56,146,1,-1,-1,-1
554,77615,1064,500,72,155,1,-1,-1,-1
554,77629,1397,387,74,139,1,-1,-1,-1
554,77648,1171,239,90,112,1,-1,-1,-1
554,77631,955,335,59,112,1,-1,-1,-1
554,77666,1787,141,43,84,1,-1,-1,-1
554,77677,675,108,26,73,1,-1,-1,-1
554,77634,1549,134,37,83,1,-1,-1,-1
554,77690,976,221,41,103,1,-1,-1,-1
554,77691,460,155,37,102,1,-1,-1,-1
554,77692,812,16,18,51,1,-1,-1,-1
554,77642,330,159,38,95,1,-1,-1,-1
554,77667,759,88,30,72,1,-1,-1,-1
554,77711,1052,1001,85,78,1,-1,-1,-1
554,77719,397,326,60,122,1,-1,-1,-1
554,77738,126,214,45,113,1,-1,-1,-1
554,77745,-3,385,50,136,1,-1,-1,-1
555,77604,1003,327,48,119,1,-1,-1,-1
555,77606,1125,656,124,81,1,-1,-1,-1
555,77614,620,383,56,146,1,-1,-1,-1
555,77615,1056,499,71,156,1,-1,-1,-1
555,77629,1396,387,76,141,1,-1,-1,-1
555,77648,1169,238,92,113,1,-1,-1,-1
555,77631,959,336,57,112,1,-1,-1,-1
555,77666,1787,139,43,84,1,-1,-1,-1
555,77677,672,107,27,74,1,-1,-1,-1
555,77634,1543,131,38,84,1,-1,-1,-1
555,77690,974,220,42,103,1,-1,-1,-1
555,77691,457,153,37,102,1,-1,-1,-1
555,77692,811,14,18,52,1,-1,-1,-1
555,77642,328,158,38,95,1,-1,-1,-1
555,77667,757,87,30,72,1,-1,-1,-1
555,77711,1050,1000,85,79,1,-1,-1,-1
555,77719,396,325,60,122,1,-1,-1,-1
555,77738,122,212,45,113,1,-1,-1,-1
555,77745,-4,385,49,134,1,-1,-1,-1
556,77604,1006,329,48,123,1,-1,-1,-1
556,77606,1125,656,125,81,1,-1,-1,-1
556,77614,621,382,55,146,1,-1,-1,-1
556,77615,1053,499,69,156,1,-1,-1,-1
556,77629,1396,387,77,142,1,-1,-1,-1
556,77648,1168,237,92,113,1,-1,-1,-1
556,77631,963,337,56,112,1,-1,-1,-1
556,77666,1787,138,42,84,1,-1,-1,-1
556,77677,670,105,27,75,1,-1,-1,-1
556,77634,1540,130,39,85,1,-1,-1,-1
556,77690,972,219,43,104,1,-1,-1,-1
556,77691,455,152,37,103,1,-1,-1,-1
556,77692,811,12,18,53,1,-1,-1,-1
556,77642,326,156,39,95,1,-1,-1,-1
556,77667,756,85,30,73,1,-1,-1,-1
556,77711,1048,999,86,80,1,-1,-1,-1
556,77719,395,324,61,123,1,-1,-1,-1
556,77738,119,210,45,113,1,-1,-1,-1
556,77745,-4,386,47,133,1,-1,-1,-1
557,77604,1008,331,48,122,1,-1,-1,-1
557,77606,1125,656,126,82,1,-1,-1,-1
557,77614,621,381,55,146,1,-1,-1,-1
557,77615,1049,499,69,157,1,-1,-1,-1
557,77629,1394,387,77,142,1,-1,-1,-1
557,77648,1167,236,92,113,1,-1,-1,-1
557,77631,965,338,56,112,1,-1,-1,-1
557,77666,1785,137,43,85,1,-1,-1,-1
557,77677,667,104,28,75,1,-1,-1,-1
557,77634,1537,128,39,85,1,-1,-1,-1
557,77690,971,218,43,104,1,-1,-1,-1
557,77691,452,151,37,103,1,-1,-1,-1
557,77692,810,10,19,53,1,-1,-1,-1
557,77642,324,155,39,95,1,-1,-1,-1
557,77667,754,84,30,73,1,-1,-1,-1
557,77711,1046,998,86,81,1,-1,-1,-1
557,77719,395,324,60,123,1,-1,-1,-1
557,77738,115,209,46,113,1,-1,-1,-1
557,77745,-4,392,45,126,1,-1,-1,-1
558,77604,1009,332,48,121,1,-1,-1,-1
558,77606,1126,656,126,82,1,-1,-1,-1
558,77614,621,380,55,147,1,-1,-1,-1
558,77615,1045,499,69,158,1,-1,-1,-1
558,77629,1391,387,78,143,1,-1,-1,-1
558,77648,1166,235,92,113,1,-1,-1,-1
558,77631,965,337,57,114,1,-1,-1,-1
558,77666,1783,134,44,87,1,-1,-1,-1
558,77677,665,102,27,75,1,-1,-1,-1
558,77634,1533,126,39,86,1,-1,-1,-1
558,77690,970,217,43,104,1,-1,-1,-1
558,77691,449,150,37,103,1,-1,-1,-1
558,77692,809,8,20,54,1,-1,-1,-1
558,77642,321,154,40,95,1,-1,-1,-1
558,77667,753,83,29,73,1,-1,-1,-1
558,77711,1042,996,87,83,1,-1,-1,-1
558,77719,395,324,60,123,1,-1,-1,-1
558,77738,112,207,45,113,1,-1,-1,-1
558,77745,-3,400,40,116,1,-1,-1,-1
559,77604,1012,333,46,119,1,-1,-1,-1
559,77606,1126,656,127,82,1,-1,-1,-1
559,77614,621,378,55,147,1,-1,-1,-1
559,77615,1041,498,70,160,1,-1,-1,-1
559,77629,1388,388,78,142,1,-1,-1,-1
559,77648,1164,234,93,114,1,-1,-1,-1
559,77631,966,337,56,115,1,-1,-1,-1
559,77666,1780,132,45,88,1,-1,-1,-1
559,77677,662,101,28,75,1,-1,-1,-1
559,77634,1530,124,38,86,1,-1,-1,-1
559,77690,968,216,44,105,1,-1,-1,-1
559,77691,446,149,38,103,1,-1,-1,-1
559,77692,809,6,20,54,1,-1,-1,-1
559,77642,320,152,39,95,1,-1,-1,-1
559,77667,751,81,29,73,1,-1,-1,-1
559,77711,1039,994,88,84,1,-1,-1,-1
559,77719,395,324,61,124,1,-1,-1,-1
559,77738,109,205,45,113,1,-1,-1,-1
559,77745,-2,409,36,106,1,-1,-1,-1
560,77604,1013,333,46,117,1,-1,-1,-1
560,77606,1128,656,126,82,1,-1,-1,-1
560,77614,622,376,55,147,1,-1,-1,-1
560,77615,1036,498,72,162,1,-1,-1,-1
560,77629,1385,388,78,143,1,-1,-1,-1
560,77648,1163,233,93,114,1,-1,-1,-1
560,77631,966,336,57,119,1,-1,-1,-1
560,77666,1779,130,45,89,1,-1,-1,-1
560,77677,658,99,29,76,1,-1,-1,-1
560,77634,1526,122,38,86,1,-1,-1,-1
560,77690,967,214,44,106,1,-1,-1,-1
560,77691,442,148,39,103,1,-1,-1,-1
560,77692,807,2,21,55,1,-1,-1,-1
560,77642,318,151,39,95,1,-1,-1,-1
560,77667,748,79,29,74,1,-1,-1,-1
560,77711,1035,993,89,85,1,-1,-1,-1
560,77719,395,324,61,124,1,-1,-1,-1
560,77738,104,203,45,113,1,-1,-1,-1
560,77745,-2,423,30,90,1,-1,-1,-1
561,77604,1015,334,46,115,1,-1,-1,-1
561,77606,1128,656,127,81,1,-1,-1,-1
561,77614,623,373,54,148,1,-1,-1,-1
561,77615,1030,498,74,163,1,-1,-1,-1
561,77629,1382,389,78,142,1,-1,-1,-1
561,77648,1162,232,93,114,1,-1,-1,-1
561,77631,966,336,57,120,1,-1,-1,-1
561,77666,1776,128,46,90,1,-1,-1,-1
561,77677,655,98,30,77,1,-1,-1,-1
561,77634,1523,120,37,87,1,-1,-1,-1
561,77690,966,213,44,106,1,-1,-1,-1
561,77691,440,146,39,103,1,-1,-1,-1
561,77692,806,1,22,55,1,-1,-1,-1
561,77642,316,149,40,95,1,-1,-1,-1
561,77667,747,78,29,74,1,-1,-1,-1
561,77711,1031,991,89,86,1,-1,-1,-1
561,77719,395,324,61,124,1,-1,-1,-1
561,77738,102,201,45,113,1,-1,-1,-1
561,77745,-3,428,27,83,1,-1,-1,-1
562,77604,1017,334,46,116,1,-1,-1,-1
562,77606,1129,654,125,80,1,-1,-1,-1
562,77614,624,371,54,148,1,-1,-1,-1
562,77615,1026,498,75,164,1,-1,-1,-1
562,77629,1380,388,78,142,1,-1,-1,-1
562,77648,1161,229,92,114,1,-1,-1,-1
562,77631,967,335,57,120,1,-1,-1,-1
562,77666,1775,125,47,90,1,-1,-1,-1
562,77677,653,95,30,77,1,-1,-1,-1
562,77634,1522,117,36,87,1,-1,-1,-1
562,77690,965,210,45,106,1,-1,-1,-1
562,77691,437,143,40,103,1,-1,-1,-1
562,77692,806,1,21,52,1,-1,-1,-1
562,77642,315,146,40,95,1,-1,-1,-1
562,77667,745,75,30,74,1,-1,-1,-1
562,77711,1027,987,92,90,1,-1,-1,-1
562,77719,395,322,61,125,1,-1,-1,-1
562,77738,99,198,45,113,1,-1,-1,-1
562,77745,-1,453,19,57,1,-1,-1,-1
563,77604,1019,334,47,118,1,-1,-1,-1
563,77606,1130,653,122,77,1,-1,-1,-1
563,77614,625,368,53,148,1,-1,-1,-1
563,77615,1022,498,75,162,1,-1,-1,-1
563,77629,1379,385,78,144,1,-1,-1,-1
563,77648,1159,227,93,114,1,-1,-1,-1
563,77631,968,333,57,121,1,-1,-1,-1
563,77666,1774,121,46,91,1,-1,-1,-1
563,77677,649,92,31,77,1,-1,-1,-1
563,77634,1519,114,36,86,1,-1,-1,-1
563,77690,963,208,45,106,1,-1,-1,-1
563,77691,434,139,40,104,1,-1,-1,-1
563,77692,806,1,21,49,1,-1,-1,-1
563,77642,314,142,40,96,1,-1,-1,-1
563,77667,743,72,30,74,1,-1,-1,-1
563,77711,1022,982,97,95,1,-1,-1,-1
563,77719,395,320,61,124,1,-1,-1,-1
563,77738,96,195,46,113,1,-1,-1,-1
563,77745,-1,461,15,48,1,-1,-1,-1
564,77604,1021,333,49,120,1,-1,-1,-1
564,77606,1131,651,119,75,1,-1,-1,-1
564,77614,626,366,53,149,1,-1,-1,-1
564,77615,1018,496,75,163,1,-1,-1,-1
564,77629,1378,383,77,144,1,-1,-1,-1
564,77648,1157,224,94,115,1,-1,-1,-1
564,77631,970,332,56,121,1,-1,-1,-1
564,77666,1774,117,46,92,1,-1,-1,-1
564,77677,646,88,32,78,1,-1,-1,-1
564,77634,1517,111,36,86,1,-1,-1,-1
564,77690,962,205,45,107,1,-1,-1,-1
564,77691,431,136,40,103,1,-1,-1,-1
564,77692,806,0,20,46,1,-1,-1,-1
564,77642,312,139,40,96,1,-1,-1,-1
564,77667,740,69,30,74,1,-1,-1,-1
564,77711,1017,976,102,102,1,-1,-1,-1
564,77719,395,318,61,124,1,-1,-1,-1
564,77738,94,191,45,113,1,-1,-1,-1
565,77604,1023,333,50,122,1,-1,-1,-1
565,77606,1132,648,116,71,1,-1,-1,-1
565,77614,627,362,53,149,1,-1,-1,-1
565,77615,1011,494,76,162,1,-1,-1,-1
565,77629,1377,380,76,145,1,-1,-1,-1
565,77648,1156,221,94,115,1,-1,-1,-1
565,77631,973,330,55,121,1,-1,-1,-1
565,77666,1773,113,45,92,1,-1,-1,-1
565,77677,643,85,32,78,1,-1,-1,-1
565,77634,1515,107,36,86,1,-1,-1,-1
565,77690,961,203,45,107,1,-1,-1,-1
565,77691,428,133,40,103,1,-1,-1,-1
565,77642,310,135,41,96,1,-1,-1,-1
565,77667,739,66,29,73,1,-1,-1,-1
565,77711,1012,970,107,108,1,-1,-1,-1
565,77719,394,314,61,124,1,-1,-1,-1
565,77738,91,188,46,113,1,-1,-1,-1
566,77604,1025,332,52,125,1,-1,-1,-1
566,77606,1133,647,115,70,1,-1,-1,-1
566,77614,627,360,53,149,1,-1,-1,-1
566,77615,1009,494,75,161,1,-1,-1,-1
566,77629,1376,377,75,145,1,-1,-1,-1
566,77648,1154,218,94,115,1,-1,-1,-1
566,77631,974,330,55,120,1,-1,-1,-1
566,77666,1773,108,44,94,1,-1,-1,-1
566,77677,640,81,32,78,1,-1,-1,-1
566,77634,1513,103,36,86,1,-1,-1,-1
566,77690,960,200,45,107,1,-1,-1,-1
566,77691,426,130,40,103,1,-1,-1,-1
566,77642,309,132,40,96,1,-1,-1,-1
566,77667,736,62,30,73,1,-1,-1,-1
566,77711,1007,963,112,115,1,-1,-1,-1
566,77719,394,313,61,124,1,-1,-1,-1
566,77738,88,184,46,113,1,-1,-1,-1
567,77604,1026,331,53,127,1,-1,-1,-1
567,77606,1133,644,116,70,1,-1,-1,-1
567,77614,628,358,52,150,1,-1,-1,-1
567,77615,1004,492,75,161,1,-1,-1,-1
567,77629,1373,375,74,146,1,-1,-1,-1
567,77648,1152,216,95,115,1,-1,-1,-1
567,77631,974,327,55,121,1,-1,-1,-1
567,77666,1771,105,43,93,1,-1,-1,-1
567,77677,636,78,34,78,1,-1,-1,-1
567,77634,1510,101,36,85,1,-1,-1,-1
567,77690,959,197,46,107,1,-1,-1,-1
567,77691,422,126,40,103,1,-1,-1,-1
567,77642,308,128,40,96,1,-1,-1,-1
567,77667,733,59,31,73,1,-1,-1,-1
567,77711,1004,958,115,120,1,-1,-1,-1
567,77719,394,310,61,125,1,-1,-1,-1
567,77738,86,181,45,113,1,-1,-1,-1
568,77604,1025,330,55,127,1,-1,-1,-1
568,77606,1131,640,120,72,1,-1,-1,-1
568,77614,629,355,52,150,1,-1,-1,-1
568,77615,1000,490,75,160,1,-1,-1,-1
568,77629,1370,374,73,146,1,-1,-1,-1
568,77648,1150,213,96,115,1,-1,-1,-1
568,77631,975,325,54,122,1,-1,-1,-1
568,77666,1769,102,43,92,1,-1,-1,-1
568,77677,633,74,34,78,1,-1,-1,-1
568,77634,1507,98,37,86,1,-1,-1,-1
568,77690,958,195,46,108,1,-1,-1,-1
568,77691,419,123,40,103,1,-1,-1,-1
568,77642,307,125,40,96,1,-1,-1,-1
568,77667,731,56,31,73,1,-1,-1,-1
568,77711,1002,953,118,126,1,-1,-1,-1
568,77719,394,307,62,126,1,-1,-1,-1
568,77738,83,177,46,113,1,-1,-1,-1
569,77604,1025,328,55,127,1,-1,-1,-1
569,77606,1131,636,122,73,1,-1,-1,-1
569,77614,630,352,52,151,1,-1,-1,-1
569,77615,994,488,76,160,1,-1,-1,-1
569,77629,1367,373,72,146,1,-1,-1,-1
569,77648,1149,210,95,115,1,-1,-1,-1
569,77631,976,323,54,124,1,-1,-1,-1
569,77666,1767,99,42,91,1,-1,-1,-1
569,77677,629,71,35,79,1,-1,-1,-1
569,77634,1504,95,38,86,1,-1,-1,-1
569,77690,957,192,46,108,1,-1,-1,-1
569,77691,417,120,40,103,1,-1,-1,-1
569,77642,305,122,40,97,1,-1,-1,-1
569,77667,729,52,31,73,1,-1,-1,-1
569,77711,1001,948,119,131,1,-1,-1,-1
569,77719,395,305,61,127,1,-1,-1,-1
569,77738,81,174,45,113,1,-1,-1,-1
569,77747,0,490,1,4,1,-1,-1,-1
570,77604,1025,325,55,128,1,-1,-1,-1
570,77606,1130,632,125,75,1,-1,-1,-1
570,77614,631,347,52,152,1,-1,-1,-1
570,77615,989,486,76,160,1,-1,-1,-1
570,77629,1364,371,71,147,1,-1,-1,-1
570,77648,1145,206,97,116,1,-1,-1,-1
570,77631,977,320,54,125,1,-1,-1,-1
570,77666,1764,96,42,91,1,-1,-1,-1
570,77677,624,65,36,79,1,-1,-1,-1
570,77634,1501,93,38,86,1,-1,-1,-1
570,77690,955,188,46,109,1,-1,-1,-1
570,77691,414,117,40,102,1,-1,-1,-1
570,77642,303,116,40,97,1,-1,-1,-1
570,77667,725,47,32,73,1,-1,-1,-1
570,77711,1000,943,121,136,1,-1,-1,-1
570,77719,395,302,62,127,1,-1,-1,-1
570,77738,76,168,46,113,1,-1,-1,-1
570,77747,0,490,1,4,1,-1,-1,-1
571,77604,1025,324,55,128,1,-1,-1,-1
571,77606,1129,628,128,77,1,-1,-1,-1
571,77614,632,345,52,152,1,-1,-1,-1
571,77615,984,485,76,160,1,-1,-1,-1
571,77629,1360,370,70,147,1,-1,-1,-1
571,77648,1144,204,97,116,1,-1,-1,-1
571,77631,978,319,53,126,1,-1,-1,-1
571,77666,1761,93,42,90,1,-1,-1,-1
571,77677,621,63,37,79,1,-1,-1,-1
571,77634,1497,90,39,86,1,-1,-1,-1
571,77690,954,186,47,109,1,-1,-1,-1
571,77691,411,113,40,102,1,-1,-1,-1
571,77642,302,114,40,97,1,-1,-1,-1
571,77667,724,45,32,73,1,-1,-1,-1
571,77711,998,937,125,142,1,-1,-1,-1
571,77719,395,299,62,128,1,-1,-1,-1
571,77738,75,166,45,113,1,-1,-1,-1
572,77604,1025,324,55,129,1,-1,-1,-1
572,77606,1129,626,127,76,1,-1,-1,-1
572,77614,632,344,52,152,1,-1,-1,-1
572,77615,979,483,77,160,1,-1,-1,-1
572,77629,1358,368,70,148,1,-1,-1,-1
572,77648,1143,202,97,116,1,-1,-1,-1
572,77631,978,317,53,126,1,-1,-1,-1
572,77666,1760,90,42,90,1,-1,-1,-1
572,77677,619,60,37,80,1,-1,-1,-1
572,77634,1494,87,40,87,1,-1,-1,-1
572,77690,954,184,46,109,1,-1,-1,-1
572,77691,410,111,40,102,1,-1,-1,-1
572,77642,301,111,40,98,1,-1,-1,-1
572,77667,722,42,33,73,1,-1,-1,-1
572,77711,997,933,125,146,1,-1,-1,-1
572,77719,397,297,62,127,1,-1,-1,-1
572,77738,74,163,45,113,1,-1,-1,-1
573,77604,1026,325,55,129,1,-1,-1,-1
573,77606,1128,624,126,76,1,-1,-1,-1
573,77614,633,342,51,152,1,-1,-1,-1
573,77615,974,481,77,160,1,-1,-1,-1
573,77629,1356,366,69,148,1,-1,-1,-1
573,77648,1142,200,98,117,1,-1,-1,-1
573,77631,978,316,53,126,1,-1,-1,-1
573,77666,1760,88,43,90,1,-1,-1,-1
573,77677,616,58,38,79,1,-1,-1,-1
573,77634,1491,85,41,87,1,-1,-1,-1
573,77690,952,182,47,110,1,-1,-1,-1
573,77691,409,108,40,102,1,-1,-1,-1
573,77642,301,109,39,97,1,-1,-1,-1
573,77667,720,40,33,74,1,-1,-1,-1
573,77711,996,929,126,150,1,-1,-1,-1
573,77719,400,295,61,128,1,-1,-1,-1
573,77738,72,160,45,113,1,-1,-1,-1
573,77692,810,0,10,15,1,-1,-1,-1
574,77604,1027,326,55,129,1,-1,-1,-1
574,77606,1127,623,124,74,1,-1,-1,-1
574,77614,634,341,51,152,1,-1,-1,-1
574,77615,969,479,78,160,1,-1,-1,-1
574,77629,1354,364,69,149,1,-1,-1,-1
574,77648,1141,198,98,117,1,-1,-1,-1
574,77631,979,314,52,126,1,-1,-1,-1
574,77666,1760,85,44,90,1,-1,-1,-1
574,77677,613,56,38,79,1,-1,-1,-1
574,77634,1487,82,41,88,1,-1,-1,-1
574,77690,951,180,47,109,1,-1,-1,-1
574,77691,408,106,40,102,1,-1,-1,-1
574,77642,300,107,40,97,1,-1,-1,-1
574,77667,718,38,34,73,1,-1,-1,-1
574,77711,994,924,127,155,1,-1,-1,-1
574,77719,402,293,61,127,1,-1,-1,-1
574,77738,71,158,45,113,1,-1,-1,-1
574,77692,811,0,10,12,1,-1,-1,-1
575,77604,1027,328,55,130,1,-1,-1,-1
575,77606,1125,621,123,73,1,-1,-1,-1
575,77614,634,339,50,152,1,-1,-1,-1
575,77615,960,476,79,160,1,-1,-1,-1
575,77629,1352,361,68,150,1,-1,-1,-1
575,77648,1139,196,99,118,1,-1,-1,-1
575,77631,979,312,51,127,1,-1,-1,-1
575,77666,1760,82,44,90,1,-1,-1,-1
575,77677,610,53,39,79,1,-1,-1,-1
575,77634,1482,78,42,88,1,-1,-1,-1
575,77690,950,178,47,109,1,-1,-1,-1
575,77691,407,104,40,102,1,-1,-1,-1
575,77642,300,104,39,97,1,-1,-1,-1
575,77667,716,35,34,74,1,-1,-1,-1
575,77711,992,920,127,159,1,-1,-1,-1
575,77719,405,292,60,125,1,-1,-1,-1
575,77738,70,155,45,113,1,-1,-1,-1
575,77692,812,0,10,8,1,-1,-1,-1
576,77604,1028,329,55,130,1,-1,-1,-1
576,77606,1124,620,122,72,1,-1,-1,-1
576,77614,635,337,50,152,1,-1,-1,-1
576,77615,957,474,79,160,1,-1,-1,-1
576,77629,1351,360,67,150,1,-1,-1,-1
576,77648,1138,194,98,118,1,-1,-1,-1
576,77631,979,310,51,126,1,-1,-1,-1
576,77666,1759,80,44,90,1,-1,-1,-1
576,77677,608,50,38,79,1,-1,-1,-1
576,77634,1480,77,43,88,1,-1,-1,-1
576,77690,949,175,47,111,1,-1,-1,-1
576,77691,407,102,40,102,1,-1,-1,-1
576,77642,299,101,40,98,1,-1,-1,-1
576,77667,715,32,34,75,1,-1,-1,-1
576,77711,990,914,128,165,1,-1,-1,-1
576,77719,407,290,60,124,1,-1,-1,-1
576,77738,68,152,45,113,1,-1,-1,-1
577,77604,1028,328,56,132,1,-1,-1,-1
577,77606,1123,618,122,72,1,-1,-1,-1
577,77614,635,336,50,151,1,-1,-1,-1
577,77615,954,473,80,161,1,-1,-1,-1
577,77629,1350,360,67,149,1,-1,-1,-1
577,77648,1137,192,97,119,1,-1,-1,-1
577,77631,979,309,51,126,1,-1,-1,-1
577,77666,1758,78,45,90,1,-1,-1,-1
577,77677,605,47,38,79,1,-1,-1,-1
577,77634,1478,75,43,88,1,-1,-1,-1
577,77690,948,173,47,111,1,-1,-1,-1
577,77691,406,100,40,102,1,-1,-1,-1
577,77642,298,98,40,98,1,-1,-1,-1
577,77667,713,30,34,75,1,-1,-1,-1
577,77711,989,910,128,169,1,-1,-1,-1
577,77719,408,288,60,125,1,-1,-1,-1
577,77738,67,149,45,113,1,-1,-1,-1
577,77748,804,0,29,6,1,-1,-1,-1
578,77604,1027,327,57,135,1,-1,-1,-1
578,77606,1121,616,123,72,1,-1,-1,-1
578,77614,636,334,50,151,1,-1,-1,-1
578,77615,951,471,80,163,1,-1,-1,-1
578,77629,1348,360,67,149,1,-1,-1,-1
578,77648,1136,190,97,119,1,-1,-1,-1
578,77631,978,308,51,127,1,-1,-1,-1
578,77666,1757,75,44,91,1,-1,-1,-1
578,77677,603,45,37,79,1,-1,-1,-1
578,77634,1474,73,44,88,1,-1,-1,-1
578,77690,946,171,48,110,1,-1,-1,-1
578,77691,406,98,40,102,1,-1,-1,-1
578,77642,297,96,40,98,1,-1,-1,-1
578,77667,711,27,34,75,1,-1,-1,-1
578,77711,988,906,128,173,1,-1,-1,-1
578,77719,410,286,60,127,1,-1,-1,-1
578,77738,65,146,45,113,1,-1,-1,-1
578,77748,804,0,29,6,1,-1,-1,-1
579,77604,1027,325,57,138,1,-1,-1,-1
579,77606,1119,613,124,72,1,-1,-1,-1
579,77614,636,332,50,152,1,-1,-1,-1
579,77615,949,470,80,164,1,-1,-1,-1
579,77629,1346,361,67,147,1,-1,-1,-1
579,77648,1136,188,96,120,1,-1,-1,-1
579,77631,978,307,51,127,1,-1,-1,-1
579,77666,1755,72,45,91,1,-1,-1,-1
579,77677,600,42,37,79,1,-1,-1,-1
579,77634,1471,71,45,88,1,-1,-1,-1
579,77690,945,169,47,110,1,-1,-1,-1
579,77691,405,96,40,102,1,-1,-1,-1
579,77642,297,93,40,98,1,-1,-1,-1
579,77667,710,24,33,76,1,-1,-1,-1
579,77711,988,901,128,178,1,-1,-1,-1
579,77719,411,285,60,127,1,-1,-1,-1
579,77738,64,143,45,113,1,-1,-1,-1
580,77604,1025,323,60,143,1,-1,-1,-1
580,77606,1117,610,125,72,1,-1,-1,-1
580,77614,637,331,50,150,1,-1,-1,-1
580,77615,946,467,80,167,1,-1,-1,-1
580,77629,1343,361,67,146,1,-1,-1,-1
580,77648,1134,185,95,120,1,-1,-1,-1
580,77631,978,307,50,128,1,-1,-1,-1
580,77666,1754,69,45,92,1,-1,-1,-1
580,77677,598,39,36,78,1,-1,-1,-1
580,77634,1468,69,45,88,1,-1,-1,-1
580,77690,943,165,48,111,1,-1,-1,-1
580,77691,404,93,40,102,1,-1,-1,-1
580,77642,296,90,40,98,1,-1,-1,-1
580,77667,708,22,33,76,1,-1,-1,-1
580,77711,987,893,129,186,1,-1,-1,-1
580,77719,411,283,61,128,1,-1,-1,-1
580,77738,62,140,45,113,1,-1,-1,-1
581,77604,1025,322,60,144,1,-1,-1,-1
581,77606,1116,607,126,73,1,-1,-1,-1
581,77614,637,329,50,150,1,-1,-1,-1
581,77615,945,465,79,169,1,-1,-1,-1
581,77629,1341,361,69,145,1,-1,-1,-1
581,77648,1133,184,95,120,1,-1,-1,-1
581,77631,977,306,50,128,1,-1,-1,-1
581,77666,1753,67,45,92,1,-1,-1,-1
581,77677,595,36,36,78,1,-1,-1,-1
581,77634,1465,67,46,88,1,-1,-1,-1
581,77690,942,164,48,111,1,-1,-1,-1
581,77691,404,92,40,102,1,-1,-1,-1
581,77642,295,87,41,99,1,-1,-1,-1
581,77667,706,19,33,76,1,-1,-1,-1
581,77711,987,891,128,188,1,-1,-1,-1
581,77719,413,281,60,130,1,-1,-1,-1
581,77738,61,136,45,113,1,-1,-1,-1
581,77749,1076,1035,31,44,1,-1,-1,-1
582,77604,1024,323,60,144,1,-1,-1,-1
582,77606,1114,603,126,72,1,-1,-1,-1
582,77614,639,328,50,150,1,-1,-1,-1
582,77615,941,464,77,169,1,-1,-1,-1
582,77629,1339,361,70,146,1,-1,-1,-1
582,77648,1132,183,94,120,1,-1,-1,-1
582,77631,977,305,50,129,1,-1,-1,-1
582,77666,1752,65,45,92,1,-1,-1,-1
582,77677,594,34,35,78,1,-1,-1,-1
582,77634,1462,65,46,88,1,-1,-1,-1
582,77690,941,163,48,111,1,-1,-1,-1
582,77691,403,91,40,103,1,-1,-1,-1
582,77642,295,85,41,99,1,-1,-1,-1
582,77667,706,17,32,76,1,-1,-1,-1
582,77711,988,887,126,192,1,-1,-1,-1
582,77719,414,280,60,130,1,-1,-1,-1
582,77738,60,134,45,113,1,-1,-1,-1
582,77749,1076,1035,31,43,1,-1,-1,-1
583,77604,1023,324,60,144,1,-1,-1,-1
583,77606,1113,601,126,73,1,-1,-1,-1
583,77614,641,327,49,150,1,-1,-1,-1
583,77615,936,463,76,170,1,-1,-1,-1
583,77629,1336,360,72,147,1,-1,-1,-1
583,77648,1131,183,92,120,1,-1,-1,-1
583,77631,976,304,49,130,1,-1,-1,-1
583,77666,1750,64,45,92,1,-1,-1,-1
583,77677,592,33,35,78,1,-1,-1,-1
583,77634,1458,63,47,88,1,-1,-1,-1
583,77690,941,162,48,111,1,-1,-1,-1
583,77691,403,89,40,103,1,-1,-1,-1
583,77642,295,84,41,99,1,-1,-1,-1
583,77667,705,16,32,76,1,-1,-1,-1
583,77711,988,883,126,196,1,-1,-1,-1
583,77719,416,279,60,130,1,-1,-1,-1
583,77738,60,133,45,113,1,-1,-1,-1
583,77749,1076,1034,31,45,1,-1,-1,-1
584,77604,1022,326,59,143,1,-1,-1,-1
584,77606,1112,600,127,73,1,-1,-1,-1
584,77614,642,326,50,150,1,-1,-1,-1
584,77615,930,462,76,171,1,-1,-1,-1
584,77629,1334,360,73,148,1,-1,-1,-1
584,77648,1130,182,90,120,1,-1,-1,-1
584,77631,975,303,50,130,1,-1,-1,-1
584,77666,1748,63,44,92,1,-1,-1,-1
584,77677,591,32,34,79,1,-1,-1,-1
584,77634,1455,61,48,88,1,-1,-1,-1
584,77690,940,162,48,111,1,-1,-1,-1
584,77691,401,88,40,103,1,-1,-1,-1
584,77642,296,83,40,99,1,-1,-1,-1
584,77667,704,15,32,76,1,-1,-1,-1
584,77711,988,878,125,201,1,-1,-1,-1
584,77719,419,278,60,130,1,-1,-1,-1
584,77738,60,132,45,113,1,-1,-1,-1
584,77749,1076,1033,31,46,1,-1,-1,-1
585,77604,1019,329,60,142,1,-1,-1,-1
585,77606,1113,598,127,74,1,-1,-1,-1
585,77614,644,325,51,149,1,-1,-1,-1
585,77615,924,461,76,172,1,-1,-1,-1
585,77629,1330,360,75,149,1,-1,-1,-1
585,77648,1128,181,89,120,1,-1,-1,-1
585,77631,975,303,49,130,1,-1,-1,-1
585,77666,1746,62,44,92,1,-1,-1,-1
585,77677,589,31,33,79,1,-1,-1,-1
585,77634,1452,59,48,89,1,-1,-1,-1
585,77690,940,161,48,111,1,-1,-1,-1
585,77691,401,87,39,103,1,-1,-1,-1
585,77642,296,82,40,99,1,-1,-1,-1
585,77667,704,14,31,76,1,-1,-1,-1
585,77711,988,872,126,207,1,-1,-1,-1
585,77719,423,277,59,129,1,-1,-1,-1
585,77738,60,131,45,113,1,-1,-1,-1
585,77749,1075,1032,33,47,1,-1,-1,-1
586,77604,1018,330,61,142,1,-1,-1,-1
586,77606,1113,597,127,74,1,-1,-1,-1
586,77614,646,324,50,150,1,-1,-1,-1
586,77615,918,460,75,172,1,-1,-1,-1
586,77629,1329,359,75,150,1,-1,-1,-1
586,77648,1127,181,87,119,1,-1,-1,-1
586,77631,974,302,50,131,1,-1,-1,-1
586,77666,1744,61,44,92,1,-1,-1,-1
586,77677,587,30,33,79,1,-1,-1,-1
586,77634,1448,57,49,89,1,-1,-1,-1
586,77690,939,160,48,111,1,-1,-1,-1
586,77691,400,85,40,104,1,-1,-1,-1
586,77642,297,81,41,99,1,-1,-1,-1
586,77667,704,13,31,76,1,-1,-1,-1
586,77711,989,869,124,210,1,-1,-1,-1
586,77719,425,276,59,129,1,-1,-1,-1
586,77738,59,129,46,113,1,-1,-1,-1
586,77749,1075,1031,33,48,1,-1,-1,-1
587,77604,1016,331,62,144,1,-1,-1,-1
587,77606,1112,596,128,75,1,-1,-1,-1
587,77614,646,322,51,150,1,-1,-1,-1
587,77615,914,459,74,174,1,-1,-1,-1
587,77629,1326,359,76,150,1,-1,-1,-1
587,77648,1126,180,84,119,1,-1,-1,-1
587,77631,974,301,49,132,1,-1,-1,-1
587,77666,1742,60,44,91,1,-1,-1,-1
587,77677,585,29,33,79,1,-1,-1,-1
587,77634,1447,56,49,89,1,-1,-1,-1
587,77690,939,160,47,110,1,-1,-1,-1
587,77691,399,84,39,104,1,-1,-1,-1
587,77642,297,80,41,99,1,-1,-1,-1
587,77667,704,12,30,76,1,-1,-1,-1
587,77711,990,866,122,213,1,-1,-1,-1
587,77719,427,276,60,130,1,-1,-1,-1
587,77738,59,128,46,113,1,-1,-1,-1
587,77749,1076,1030,32,46,1,-1,-1,-1
588,77604,1013,333,64,145,1,-1,-1,-1
588,77606,1113,594,127,75,1,-1,-1,-1
588,77614,647,321,50,150,1,-1,-1,-1
588,77615,911,459,74,175,1,-1,-1,-1
588,77629,1323,359,77,151,1,-1,-1,-1
588,77648,1124,179,83,119,1,-1,-1,-1
588,77631,973,301,49,132,1,-1,-1,-1
588,77666,1741,59,43,91,1,-1,-1,-1
588,77677,584,28,32,79,1,-1,-1,-1
588,77634,1445,55,49,90,1,-1,-1,-1
588,77690,939,159,46,110,1,-1,-1,-1
588,77691,398,82,39,105,1,-1,-1,-1
588,77642,297,79,42,99,1,-1,-1,-1
588,77667,703,11,30,76,1,-1,-1,-1
588,77711,990,862,122,217,1,-1,-1,-1
588,77719,429,276,60,130,1,-1,-1,-1
588,77738,58,127,47,113,1,-1,-1,-1
588,77749,1077,1029,31,45,1,-1,-1,-1
589,77604,1011,334,65,148,1,-1,-1,-1
589,77606,1113,593,127,75,1,-1,-1,-1
589,77614,647,320,50,150,1,-1,-1,-1
589,77615,908,459,75,176,1,-1,-1,-1
589,77629,1321,359,76,151,1,-1,-1,-1
589,77648,1123,179,81,119,1,-1,-1,-1
589,77631,973,300,49,132,1,-1,-1,-1
589,77666,1740,59,43,90,1,-1,-1,-1
589,77677,582,27,32,79,1,-1,-1,-1
589,77634,1444,54,49,90,1,-1,-1,-1
589,77690,938,158,46,110,1,-1,-1,-1
589,77691,397,81,39,104,1,-1,-1,-1
589,77642,297,78,42,99,1,-1,-1,-1
589,77667,702,10,30,76,1,-1,-1,-1
589,77711,991,858,120,221,1,-1,-1,-1
589,77719,432,276,61,132,1,-1,-1,-1
589,77738,58,125,46,113,1,-1,-1,-1
589,77749,1078,1028,30,43,1,-1,-1,-1
590,77604,1008,335,67,151,1,-1,-1,-1
590,77606,1114,591,126,76,1,-1,-1,-1
590,77614,648,319,49,150,1,-1,-1,-1
590,77615,905,459,75,177,1,-1,-1,-1
590,77629,1319,359,75,151,1,-1,-1,-1
590,77648,1120,178,79,119,1,-1,-1,-1
590,77631,972,298,49,134,1,-1,-1,-1
590,77666,1738,57,42,90,1,-1,-1,-1
590,77677,581,26,31,79,1,-1,-1,-1
590,77634,1443,52,48,91,1,-1,-1,-1
590,77690,937,157,46,110,1,-1,-1,-1
590,77691,396,80,39,104,1,-1,-1,-1
590,77642,298,76,42,99,1,-1,-1,-1
590,77667,702,9,29,76,1,-1,-1,-1
590,77711,991,854,120,225,1,-1,-1,-1
590,77719,434,277,62,132,1,-1,-1,-1
590,77738,57,123,47,113,1,-1,-1,-1
591,77604,1005,337,69,155,1,-1,-1,-1
591,77606,1114,590,125,76,1,-1,-1,-1
591,77614,648,318,49,150,1,-1,-1,-1
591,77615,902,459,76,179,1,-1,-1,-1
591,77629,1316,359,74,151,1,-1,-1,-1
591,77648,1120,178,76,119,1,-1,-1,-1
591,77631,972,297,49,135,1,-1,-1,-1
591,77666,1738,57,41,90,1,-1,-1,-1
591,77677,579,25,31,79,1,-1,-1,-1
591,77634,1442,52,48,91,1,-1,-1,-1
591,77690,937,157,45,110,1,-1,-1,-1
591,77691,396,78,38,105,1,-1,-1,-1
591,77642,298,76,42,99,1,-1,-1,-1
591,77667,701,8,30,76,1,-1,-1,-1
591,77711,992,850,119,229,1,-1,-1,-1
591,77719,436,277,63,134,1,-1,-1,-1
591,77738,57,123,47,113,1,-1,-1,-1
592,77604,1004,338,69,155,1,-1,-1,-1
592,77606,1114,588,126,77,1,-1,-1,-1
592,77614,649,317,49,151,1,-1,-1,-1
592,77615,899,459,76,179,1,-1,-1,-1
592,77629,1315,360,73,151,1,-1,-1,-1
592,77648,1119,177,74,119,1,-1,-1,-1
592,77631,971,297,49,135,1,-1,-1,-1
592,77666,1737,57,41,88,1,-1,-1,-1
592,77677,577,24,31,80,1,-1,-1,-1
592,77634,1440,51,47,91,1,-1,-1,-1
592,77690,937,157,44,110,1,-1,-1,-1
592,77691,396,77,38,105,1,-1,-1,-1
592,77642,298,74,42,99,1,-1,-1,-1
592,77667,700,7,29,76,1,-1,-1,-1
592,77711,993,847,118,232,1,-1,-1,-1
592,77719,438,276,63,134,1,-1,-1,-1
592,77738,57,121,47,113,1,-1,-1,-1
593,77604,1004,340,67,153,1,-1,-1,-1
593,77606,1114,586,126,79,1,-1,-1,-1
593,77614,649,317,49,152,1,-1,-1,-1
593,77615,896,459,75,179,1,-1,-1,-1
593,77629,1314,361,72,151,1,-1,-1,-1
593,77648,1118,176,73,119,1,-1,-1,-1
593,77631,970,297,48,134,1,-1,-1,-1
593,77666,1737,57,40,87,1,-1,-1,-1
593,77677,575,23,31,80,1,-1,-1,-1
593,77634,1438,50,46,91,1,-1,-1,-1
593,77690,936,156,44,110,1,-1,-1,-1
593,77691,397,77,37,105,1,-1,-1,-1
593,77642,298,73,43,99,1,-1,-1,-1
593,77667,700,6,29,75,1,-1,-1,-1
593,77711,994,843,117,236,1,-1,-1,-1
593,77719,439,276,63,134,1,-1,-1,-1
593,77738,58,120,48,113,1,-1,-1,-1
594,77604,1004,341,67,150,1,-1,-1,-1
594,77606,1113,583,127,81,1,-1,-1,-1
594,77614,649,317,49,152,1,-1,-1,-1
594,77615,892,459,75,178,1,-1,-1,-1
594,77629,1312,361,72,151,1,-1,-1,-1
594,77648,1116,175,72,120,1,-1,-1,-1
594,77631,968,297,49,134,1,-1,-1,-1
594,77666,1736,57,39,86,1,-1,-1,-1
594,77677,573,22,31,81,1,-1,-1,-1
594,77634,1436,49,45,91,1,-1,-1,-1
594,77690,936,155,44,110,1,-1,-1,-1
594,77691,396,76,38,105,1,-1,-1,-1
594,77642,299,72,42,99,1,-1,-1,-1
594,77667,700,5,28,75,1,-1,-1,-1
594,77711,995,839,116,240,1,-1,-1,-1
594,77719,440,274,63,134,1,-1,-1,-1
594,77738,59,119,48,113,1,-1,-1,-1
595,77604,1005,344,65,145,1,-1,-1,-1
595,77606,1113,581,127,82,1,-1,-1,-1
595,77614,650,317,49,154,1,-1,-1,-1
595,77615,890,459,72,177,1,-1,-1,-1
595,77629,1310,362,71,151,1,-1,-1,-1
595,77648,1116,175,70,120,1,-1,-1,-1
595,77631,966,297,49,134,1,-1,-1,-1
595,77666,1736,57,38,84,1,-1,-1,-1
595,77677,570,21,31,81,1,-1,-1,-1
595,77634,1433,49,45,91,1,-1,-1,-1
595,77690,935,155,43,110,1,-1,-1,-1
595,77691,397,75,37,105,1,-1,-1,-1
595,77642,299,71,43,99,1,-1,-1,-1
595,77667,699,4,28,75,1,-1,-1,-1
595,77711,996,835,115,244,1,-1,-1,-1
595,77719,441,273,63,134,1,-1,-1,-1
595,77738,60,118,48,113,1,-1,-1,-1
596,77604,1005,345,65,144,1,-1,-1,-1
596,77606,1112,577,128,85,1,-1,-1,-1
596,77614,650,317,49,154,1,-1,-1,-1
596,77615,886,459,71,176,1,-1,-1,-1
596,77629,1310,362,70,151,1,-1,-1,-1
596,77648,1114,174,69,120,1,-1,-1,-1
596,77631,964,297,49,134,1,-1,-1,-1
596,77666,1736,58,37,83,1,-1,-1,-1
596,77677,569,20,31,81,1,-1,-1,-1
596,77634,1430,48,45,91,1,-1,-1,-1
596,77690,934,154,43,110,1,-1,-1,-1
596,77691,397,74,37,106,1,-1,-1,-1
596,77642,300,70,43,99,1,-1,-1,-1
596,77667,698,4,28,75,1,-1,-1,-1
596,77711,996,831,115,248,1,-1,-1,-1
596,77719,442,272,62,134,1,-1,-1,-1
596,77738,61,117,48,113,1,-1,-1,-1
597,77604,1004,348,65,144,1,-1,-1,-1
597,77606,1113,575,126,86,1,-1,-1,-1
597,77614,651,316,49,154,1,-1,-1,-1
597,77615,882,459,70,175,1,-1,-1,-1
597,77629,1308,362,69,152,1,-1,-1,-1
597,77648,1113,174,68,120,1,-1,-1,-1
597,77631,962,297,49,133,1,-1,-1,-1
597,77666,1735,58,38,82,1,-1,-1,-1
597,77677,567,19,32,81,1,-1,-1,-1
597,77634,1428,47,44,91,1,-1,-1,-1
597,77690,934,154,43,110,1,-1,-1,-1
597,77691,397,73,37,106,1,-1,-1,-1
597,77642,300,69,43,99,1,-1,-1,-1
597,77667,698,3,28,76,1,-1,-1,-1
597,77711,998,827,112,249,1,-1,-1,-1
597,77719,445,271,61,134,1,-1,-1,-1
597,77738,62,115,48,113,1,-1,-1,-1
598,77604,1003,351,65,145,1,-1,-1,-1
598,77606,1114,573,125,87,1,-1,-1,-1
598,77614,652,316,49,154,1,-1,-1,-1
598,77615,877,459,68,174,1,-1,-1,-1
598,77629,1305,362,70,152,1,-1,-1,-1
598,77648,1112,173,66,121,1,-1,-1,-1
598,77631,959,296,50,133,1,-1,-1,-1
598,77666,1735,58,37,82,1,-1,-1,-1
598,77677,566,18,32,81,1,-1,-1,-1
598,77634,1425,46,44,91,1,-1,-1,-1
598,77690,933,153,43,110,1,-1,-1,-1
598,77691,397,72,38,106,1,-1,-1,-1
598,77642,301,68,42,99,1,-1,-1,-1
598,77667,697,2,28,76,1,-1,-1,-1
598,77711,1001,823,110,249,1,-1,-1,-1
598,77719,446,272,62,134,1,-1,-1,-1
598,77738,63,114,48,113,1,-1,-1,-1
599,77604,1002,355,66,145,1,-1,-1,-1
599,77606,1115,571,123,88,1,-1,-1,-1
599,77614,652,316,49,153,1,-1,-1,-1
599,77615,872,458,68,175,1,-1,-1,-1
599,77629,1302,361,69,152,1,-1,-1,-1
599,77648,1110,172,65,122,1,-1,-1,-1
599,77631,957,295,50,133,1,-1,-1,-1
599,77666,1734,58,37,81,1,-1,-1,-1
599,77677,565,17,32,81,1,-1,-1,-1
599,77634,1423,46,43,91,1,-1,-1,-1
599,77690,932,152,43,110,1,-1,-1,-1
599,77691,397,71,38,106,1,-1,-1,-1
599,77642,302,67,42,99,1,-1,-1,-1
599,77667,696,1,28,77,1,-1,-1,-1
599,77711,1003,819,108,247,1,-1,-1,-1
599,77719,449,272,61,134,1,-1,-1,-1
599,77738,63,113,49,113,1,-1,-1,-1
600,77604,1000,358,67,147,1,-1,-1,-1
600,77606,1116,569,121,89,1,-1,-1,-1
600,77614,653,316,49,152,1,-1,-1,-1
600,77615,866,458,68,174,1,-1,-1,-1
600,77629,1300,361,68,152,1,-1,-1,-1
600,77648,1109,172,64,121,1,-1,-1,-1
600,77631,955,294,49,133,1,-1,-1,-1
600,77666,1733,58,37,81,1,-1,-1,-1
600,77677,563,16,33,81,1,-1,-1,-1
600,77634,1419,45,44,91,1,-1,-1,-1
600,77690,931,152,42,110,1,-1,-1,-1
600,77691,398,70,38,106,1,-1,-1,-1
600,77642,302,65,42,99,1,-1,-1,-1
600,77667,695,1,28,77,1,-1,-1,-1
600,77711,1007,813,105,244,1,-1,-1,-1
600,77719,451,273,61,135,1,-1,-1,-1
600,77738,64,111,49,113,1,-1,-1,-1
601,77604,998,362,68,149,1,-1,-1,-1
601,77606,1117,567,119,89,1,-1,-1,-1
601,77614,653,316,49,152,1,-1,-1,-1
601,77615,860,457,69,174,1,-1,-1,-1
601,77629,1297,360,68,153,1,-1,-1,-1
601,77648,1108,171,63,122,1,-1,-1,-1
601,77631,951,294,50,133,1,-1,-1,-1
601,77666,1732,58,37,80,1,-1,-1,-1
601,77677,562,15,34,81,1,-1,-1,-1
601,77634,1416,44,44,91,1,-1,-1,-1
601,77690,931,151,42,110,1,-1,-1,-1
601,77691,398,69,38,106,1,-1,-1,-1
601,77642,302,64,42,99,1,-1,-1,-1
601,77667,694,0,28,78,1,-1,-1,-1
601,77711,1009,811,103,243,1,-1,-1,-1
601,77719,453,273,62,135,1,-1,-1,-1
601,77738,65,110,49,113,1,-1,-1,-1
602,77604,995,364,69,149,1,-1,-1,-1
602,77606,1118,566,117,89,1,-1,-1,-1
602,77614,653,316,50,152,1,-1,-1,-1
602,77615,857,456,69,174,1,-1,-1,-1
602,77629,1295,361,68,153,1,-1,-1,-1
602,77648,1107,170,61,122,1,-1,-1,-1
602,77631,950,293,49,133,1,-1,-1,-1
602,77666,1732,58,37,80,1,-1,-1,-1
602,77677,560,14,34,81,1,-1,-1,-1
602,77634,1413,44,45,91,1,-1,-1,-1
602,77690,930,151,41,110,1,-1,-1,-1
602,77691,398,68,38,106,1,-1,-1,-1
602,77642,303,64,42,98,1,-1,-1,-1
602,77667,693,0,28,78,1,-1,-1,-1
602,77711,1011,808,102,244,1,-1,-1,-1
602,77719,455,273,61,135,1,-1,-1,-1
602,77738,65,109,49,113,1,-1,-1,-1
603,77604,992,364,70,152,1,-1,-1,-1
603,77606,1119,565,115,89,1,-1,-1,-1
603,77614,653,316,50,152,1,-1,-1,-1
603,77615,856,456,69,173,1,-1,-1,-1
603,77629,1295,363,68,153,1,-1,-1,-1
603,77648,1106,170,60,122,1,-1,-1,-1
603,77631,948,292,49,133,1,-1,-1,-1
603,77666,1732,57,38,80,1,-1,-1,-1
603,77677,558,14,34,81,1,-1,-1,-1
603,77634,1410,43,44,91,1,-1,-1,-1
603,77690,929,151,41,110,1,-1,-1,-1
603,77691,399,68,38,106,1,-1,-1,-1
603,77642,304,63,41,98,1,-1,-1,-1
603,77667,692,0,28,77,1,-1,-1,-1
603,77711,1013,807,100,243,1,-1,-1,-1
603,77719,456,273,62,136,1,-1,-1,-1
603,77738,65,108,49,113,1,-1,-1,-1
604,77604,988,364,71,153,1,-1,-1,-1
604,77606,1120,564,113,89,1,-1,-1,-1
604,77614,653,316,51,152,1,-1,-1,-1
604,77615,854,456,70,173,1,-1,-1,-1
604,77629,1294,364,68,154,1,-1,-1,-1
604,77648,1105,170,59,122,1,-1,-1,-1
604,77631,946,292,48,133,1,-1,-1,-1
604,77666,1732,56,38,81,1,-1,-1,-1
604,77677,556,13,34,81,1,-1,-1,-1
604,77634,1407,43,44,91,1,-1,-1,-1
604,77690,928,151,41,110,1,-1,-1,-1
604,77691,398,67,39,106,1,-1,-1,-1
604,77642,304,63,41,98,1,-1,-1,-1
604,77667,691,0,29,77,1,-1,-1,-1
604,77711,1015,805,99,242,1,-1,-1,-1
604,77719,457,273,61,136,1,-1,-1,-1
604,77738,65,107,49,113,1,-1,-1,-1
605,77604,984,364,73,155,1,-1,-1,-1
605,77606,1121,563,111,89,1,-1,-1,-1
605,77614,654,315,50,152,1,-1,-1,-1
605,77615,853,456,70,173,1,-1,-1,-1
605,77629,1293,366,68,154,1,-1,-1,-1
605,77648,1104,170,58,122,1,-1,-1,-1
605,77631,944,291,47,133,1,-1,-1,-1
605,77666,1731,55,39,82,1,-1,-1,-1
605,77677,554,13,35,81,1,-1,-1,-1
605,77634,1404,43,45,91,1,-1,-1,-1
605,77690,926,151,42,110,1,-1,-1,-1
605,77691,399,66,38,106,1,-1,-1,-1
605,77642,305,63,41,98,1,-1,-1,-1
605,77667,691,0,28,76,1,-1,-1,-1
605,77711,1018,801,98,244,1,-1,-1,-1
605,77719,459,273,61,138,1,-1,-1,-1
605,77738,65,106,49,113,1,-1,-1,-1
606,77604,980,364,75,156,1,-1,-1,-1
606,77606,1122,562,108,89,1,-1,-1,-1
606,77614,653,315,51,152,1,-1,-1,-1
606,77615,852,456,71,172,1,-1,-1,-1
606,77629,1293,368,67,154,1,-1,-1,-1
606,77648,1103,170,57,122,1,-1,-1,-1
606,77631,942,291,47,133,1,-1,-1,-1
606,77666,1731,55,39,81,1,-1,-1,-1
606,77677,551,13,35,81,1,-1,-1,-1
606,77634,1400,42,45,91,1,-1,-1,-1
606,77690,925,151,41,110,1,-1,-1,-1
606,77691,400,66,38,106,1,-1,-1,-1
606,77642,306,62,40,98,1,-1,-1,-1
606,77667,690,0,27,76,1,-1,-1,-1
606,77711,1020,800,96,244,1,-1,-1,-1
606,77719,460,273,60,138,1,-1,-1,-1
606,77738,65,105,49,113,1,-1,-1,-1
607,77604,976,364,78,158,1,-1,-1,-1
607,77606,1123,561,106,89,1,-1,-1,-1
607,77614,653,315,52,152,1,-1,-1,-1
607,77615,849,456,71,172,1,-1,-1,-1
607,77629,1292,368,67,156,1,-1,-1,-1
607,77648,1102,169,57,122,1,-1,-1,-1
607,77631,940,291,47,132,1,-1,-1,-1
607,77666,1731,54,39,82,1,-1,-1,-1
607,77677,549,12,35,81,1,-1,-1,-1
607,77634,1397,42,45,91,1,-1,-1,-1
607,77690,923,151,42,110,1,-1,-1,-1
607,77691,400,65,38,106,1,-1,-1,-1
607,77642,307,62,39,97,1,-1,-1,-1
607,77667,690,0,27,75,1,-1,-1,-1
607,77711,1023,797,94,243,1,-1,-1,-1
607,77719,462,273,59,138,1,-1,-1,-1
607,77738,65,105,49,113,1,-1,-1,-1
608,77604,973,364,80,161,1,-1,-1,-1
608,77606,1124,560,104,89,1,-1,-1,-1
608,77614,653,316,52,152,1,-1,-1,-1
608,77615,846,456,71,172,1,-1,-1,-1
608,77629,1290,369,67,156,1,-1,-1,-1
608,77648,1100,169,57,122,1,-1,-1,-1
608,77631,937,291,47,132,1,-1,-1,-1
608,77666,1731,53,40,83,1,-1,-1,-1
608,77677,547,12,35,81,1,-1,-1,-1
608,77634,1394,42,46,91,1,-1,-1,-1
608,77690,922,151,42,110,1,-1,-1,-1
608,77691,401,65,38,106,1,-1,-1,-1
608,77642,307,62,40,97,1,-1,-1,-1
608,77667,689,0,28,75,1,-1,-1,-1
608,77711,1024,793,93,241,1,-1,-1,-1
608,77719,463,273,59,138,1,-1,-1,-1
608,77738,65,104,49,113,1,-1,-1,-1
609,77604,971,364,80,163,1,-1,-1,-1
609,77606,1124,559,104,89,1,-1,-1,-1
609,77614,653,316,53,152,1,-1,-1,-1
609,77615,841,456,72,173,1,-1,-1,-1
609,77629,1288,368,67,157,1,-1,-1,-1
609,77648,1099,169,56,122,1,-1,-1,-1
609,77631,934,291,48,131,1,-1,-1,-1
609,77666,1731,52,40,84,1,-1,-1,-1
609,77677,545,11,35,82,1,-1,-1,-1
609,77634,1390,41,46,91,1,-1,-1,-1
609,77690,921,151,42,110,1,-1,-1,-1
609,77691,401,64,38,106,1,-1,-1,-1
609,77642,309,61,39,97,1,-1,-1,-1
609,77667,688,0,28,75,1,-1,-1,-1
609,77711,1027,788,91,240,1,-1,-1,-1
609,77719,466,273,58,137,1,-1,-1,-1
609,77738,65,103,49,113,1,-1,-1,-1
610,77604,969,364,82,166,1,-1,-1,-1
610,77606,1126,558,102,89,1,-1,-1,-1
610,77614,653,316,54,152,1,-1,-1,-1
610,77615,837,456,71,173,1,-1,-1,-1
610,77629,1286,368,67,158,1,-1,-1,-1
610,77648,1098,169,55,122,1,-1,-1,-1
610,77631,930,291,49,131,1,-1,-1,-1
610,77666,1731,51,40,85,1,-1,-1,-1
610,77677,541,11,35,81,1,-1,-1,-1
610,77634,1385,41,47,91,1,-1,-1,-1
610,77690,920,151,42,110,1,-1,-1,-1
610,77691,402,64,37,106,1,-1,-1,-1
610,77642,310,61,39,96,1,-1,-1,-1
610,77667,686,0,28,74,1,-1,-1,-1
610,77711,1028,784,90,239,1,-1,-1,-1
610,77719,468,273,58,137,1,-1,-1,-1
610,77738,64,102,50,113,1,-1,-1,-1
611,77604,966,364,84,169,1,-1,-1,-1
611,77606,1126,557,101,89,1,-1,-1,-1
611,77614,653,316,55,153,1,-1,-1,-1
611,77615,832,456,71,173,1,-1,-1,-1
611,77629,1284,368,67,158,1,-1,-1,-1
611,77648,1097,169,55,122,1,-1,-1,-1
611,77631,927,291,50,130,1,-1,-1,-1
611,77666,1731,50,40,86,1,-1,-1,-1
611,77677,540,11,34,81,1,-1,-1,-1
611,77634,1383,40,47,91,1,-1,-1,-1
611,77690,918,151,43,110,1,-1,-1,-1
611,77691,402,63,37,107,1,-1,-1,-1
611,77642,310,61,39,96,1,-1,-1,-1
611,77667,686,0,28,74,1,-1,-1,-1
611,77711,1030,779,88,237,1,-1,-1,-1
611,77719,469,273,58,137,1,-1,-1,-1
611,77738,64,101,49,113,1,-1,-1,-1
612,77604,965,364,84,172,1,-1,-1,-1
612,77606,1126,557,100,89,1,-1,-1,-1
612,77614,653,316,55,154,1,-1,-1,-1
612,77615,826,456,71,173,1,-1,-1,-1
612,77629,1283,368,67,159,1,-1,-1,-1
612,77648,1094,169,54,122,1,-1,-1,-1
612,77631,925,289,50,130,1,-1,-1,-1
612,77666,1731,50,40,86,1,-1,-1,-1
612,77677,539,11,34,81,1,-1,-1,-1
612,77634,1381,40,47,91,1,-1,-1,-1
612,77690,917,151,43,110,1,-1,-1,-1
612,77691,402,63,37,106,1,-1,-1,-1
612,77642,310,61,39,95,1,-1,-1,-1
612,77667,686,0,28,74,1,-1,-1,-1
612,77711,1031,776,87,237,1,-1,-1,-1
612,77719,470,273,58,138,1,-1,-1,-1
612,77738,64,101,50,113,1,-1,-1,-1
613,77604,963,364,84,174,1,-1,-1,-1
613,77606,1127,557,98,88,1,-1,-1,-1
613,77614,652,316,56,155,1,-1,-1,-1
613,77615,821,456,71,173,1,-1,-1,-1
613,77629,1280,370,67,159,1,-1,-1,-1
613,77648,1092,169,53,122,1,-1,-1,-1
613,77631,922,288,51,130,1,-1,-1,-1
613,77666,1731,50,40,86,1,-1,-1,-1
613,77677,537,10,34,81,1,-1,-1,-1
613,77634,1380,40,46,91,1,-1,-1,-1
613,77690,916,151,43,110,1,-1,-1,-1
613,77691,401,63,38,106,1,-1,-1,-1
613,77642,310,60,39,96,1,-1,-1,-1
613,77667,685,0,28,74,1,-1,-1,-1
613,77711,1032,775,86,237,1,-1,-1,-1
613,77719,471,273,59,140,1,-1,-1,-1
613,77738,65,101,49,113,1,-1,-1,-1
614,77604,961,364,86,176,1,-1,-1,-1
614,77606,1127,557,96,88,1,-1,-1,-1
614,77614,652,316,56,155,1,-1,-1,-1
614,77615,815,456,71,173,1,-1,-1,-1
614,77629,1278,371,67,159,1,-1,-1,-1
614,77648,1089,170,53,122,1,-1,-1,-1
614,77631,920,286,50,130,1,-1,-1,-1
614,77666,1731,50,41,86,1,-1,-1,-1
614,77677,535,10,35,81,1,-1,-1,-1
614,77634,1377,40,47,91,1,-1,-1,-1
614,77690,915,151,43,110,1,-1,-1,-1
614,77691,400,62,38,106,1,-1,-1,-1
614,77642,310,60,39,96,1,-1,-1,-1
614,77667,685,0,28,74,1,-1,-1,-1
614,77711,1032,773,86,237,1,-1,-1,-1
614,77719,471,273,61,142,1,-1,-1,-1
614,77738,65,100,50,113,1,-1,-1,-1
615,77604,958,364,87,179,1,-1,-1,-1
615,77606,1127,557,95,88,1,-1,-1,-1
615,77614,651,315,57,158,1,-1,-1,-1
615,77615,808,456,72,172,1,-1,-1,-1
615,77629,1276,373,67,159,1,-1,-1,-1
615,77648,1086,170,53,122,1,-1,-1,-1
615,77631,916,283,50,130,1,-1,-1,-1
615,77666,1732,50,40,86,1,-1,-1,-1
615,77677,534,9,34,82,1,-1,-1,-1
615,77634,1375,39,46,91,1,-1,-1,-1
615,77690,914,151,43,110,1,-1,-1,-1
615,77691,400,62,38,106,1,-1,-1,-1
615,77642,309,59,39,97,1,-1,-1,-1
615,77667,684,0,28,74,1,-1,-1,-1
615,77711,1032,771,86,237,1,-1,-1,-1
615,77719,471,273,61,142,1,-1,-1,-1
615,77738,66,100,49,113,1,-1,-1,-1
616,77604,956,364,88,182,1,-1,-1,-1
616,77606,1127,557,95,88,1,-1,-1,-1
616,77614,651,315,57,158,1,-1,-1,-1
616,77615,801,456,74,172,1,-1,-1,-1
616,77629,1275,374,66,159,1,-1,-1,-1
616,77648,1082,170,53,122,1,-1,-1,-1
616,77631,915,283,48,129,1,-1,-1,-1
616,77666,1732,50,40,86,1,-1,-1,-1
616,77677,532,9,35,82,1,-1,-1,-1
616,77634,1373,39,46,91,1,-1,-1,-1
616,77690,913,151,42,110,1,-1,-1,-1
616,77691,399,62,38,106,1,-1,-1,-1
616,77642,309,59,39,97,1,-1,-1,-1
616,77667,683,0,29,74,1,-1,-1,-1
616,77711,1032,769,86,238,1,-1,-1,-1
616,77719,470,274,61,142,1,-1,-1,-1
616,77738,66,100,49,113,1,-1,-1,-1
617,77604,954,364,90,184,1,-1,-1,-1
617,77606,1127,556,95,88,1,-1,-1,-1
617,77614,650,314,58,160,1,-1,-1,-1
617,77615,797,456,74,172,1,-1,-1,-1
617,77629,1273,376,66,159,1,-1,-1,-1
617,77648,1079,171,53,122,1,-1,-1,-1
617,77631,912,282,47,129,1,-1,-1,-1
617,77666,1732,50,40,86,1,-1,-1,-1
617,77677,531,9,34,82,1,-1,-1,-1
617,77634,1372,39,45,91,1,-1,-1,-1
617,77690,912,151,43,111,1,-1,-1,-1
617,77691,398,62,39,105,1,-1,-1,-1
617,77642,309,59,39,97,1,-1,-1,-1
617,77667,683,0,28,74,1,-1,-1,-1
617,77711,1031,766,87,238,1,-1,-1,-1
617,77719,469,275,62,142,1,-1,-1,-1
617,77738,66,100,50,113,1,-1,-1,-1
618,77604,953,364,90,188,1,-1,-1,-1
618,77606,1128,556,93,88,1,-1,-1,-1
618,77614,650,314,58,160,1,-1,-1,-1
618,77615,795,456,74,171,1,-1,-1,-1
618,77629,1271,377,65,159,1,-1,-1,-1
618,77648,1076,171,53,122,1,-1,-1,-1
618,77631,909,282,46,128,1,-1,-1,-1
618,77666,1732,49,40,86,1,-1,-1,-1
618,77677,529,8,33,82,1,-1,-1,-1
618,77634,1370,38,43,91,1,-1,-1,-1
618,77690,911,151,42,111,1,-1,-1,-1
618,77691,397,62,41,105,1,-1,-1,-1
618,77642,309,58,39,98,1,-1,-1,-1
618,77667,683,0,27,73,1,-1,-1,-1
618,77711,1031,763,87,238,1,-1,-1,-1
618,77719,468,276,62,141,1,-1,-1,-1
618,77738,67,100,49,113,1,-1,-1,-1
619,77604,951,364,92,191,1,-1,-1,-1
619,77606,1128,556,94,88,1,-1,-1,-1
619,77614,650,314,57,160,1,-1,-1,-1
619,77615,791,455,75,171,1,-1,-1,-1
619,77629,1269,379,66,159,1,-1,-1,-1
619,77648,1073,171,53,122,1,-1,-1,-1
619,77631,905,282,46,128,1,-1,-1,-1
619,77666,1732,48,40,87,1,-1,-1,-1
619,77677,527,8,33,81,1,-1,-1,-1
619,77634,1368,38,43,90,1,-1,-1,-1
619,77690,910,151,42,111,1,-1,-1,-1
619,77691,396,61,41,105,1,-1,-1,-1
619,77642,309,58,39,98,1,-1,-1,-1
619,77667,683,0,27,73,1,-1,-1,-1
619,77711,1030,760,87,238,1,-1,-1,-1
619,77719,467,276,62,141,1,-1,-1,-1
619,77738,67,99,50,113,1,-1,-1,-1
620,77604,949,364,93,197,1,-1,-1,-1
620,77606,1129,555,93,88,1,-1,-1,-1
620,77614,649,314,58,160,1,-1,-1,-1
620,77615,789,454,75,170,1,-1,-1,-1
620,77629,1266,382,66,159,1,-1,-1,-1
620,77648,1070,172,53,122,1,-1,-1,-1
620,77631,899,282,46,127,1,-1,-1,-1
620,77666,1731,47,41,88,1,-1,-1,-1
620,77677,524,7,32,81,1,-1,-1,-1
620,77634,1366,38,42,90,1,-1,-1,-1
620,77690,909,151,42,111,1,-1,-1,-1
620,77691,395,61,42,105,1,-1,-1,-1
620,77642,309,57,39,99,1,-1,-1,-1
620,77667,683,0,26,72,1,-1,-1,-1
620,77711,1030,754,87,238,1,-1,-1,-1
620,77719,466,277,62,140,1,-1,-1,-1
620,77738,68,99,49,113,1,-1,-1,-1
621,77604,949,364,93,199,1,-1,-1,-1
621,77606,1129,555,93,88,1,-1,-1,-1
621,77614,649,314,58,160,1,-1,-1,-1
621,77615,787,453,75,170,1,-1,-1,-1
621,77629,1265,383,66,159,1,-1,-1,-1
621,77648,1067,172,53,122,1,-1,-1,-1
621,77631,896,282,46,127,1,-1,-1,-1
621,77666,1731,46,41,88,1,-1,-1,-1
621,77677,523,7,31,81,1,-1,-1,-1
621,77634,1365,38,41,90,1,-1,-1,-1
621,77690,908,151,41,111,1,-1,-1,-1
621,77691,394,61,43,104,1,-1,-1,-1
621,77642,309,57,39,99,1,-1,-1,-1
621,77667,683,0,26,72,1,-1,-1,-1
621,77711,1030,752,87,238,1,-1,-1,-1
621,77719,464,278,62,140,1,-1,-1,-1
621,77738,68,99,50,113,1,-1,-1,-1
622,77604,947,366,92,200,1,-1,-1,-1
622,77606,1130,555,91,88,1,-1,-1,-1
622,77614,649,315,57,159,1,-1,-1,-1
622,77615,784,452,74,170,1,-1,-1,-1
622,77629,1264,383,65,160,1,-1,-1,-1
622,77648,1065,173,53,122,1,-1,-1,-1
622,77631,894,282,46,126,1,-1,-1,-1
622,77666,1731,45,41,89,1,-1,-1,-1
622,77677,521,7,31,81,1,-1,-1,-1
622,77634,1363,37,39,90,1,-1,-1,-1
622,77690,907,151,41,112,1,-1,-1,-1
622,77691,394,61,44,104,1,-1,-1,-1
622,77642,309,57,39,99,1,-1,-1,-1
622,77667,683,0,26,72,1,-1,-1,-1
622,77711,1030,749,86,237,1,-1,-1,-1
622,77719,463,279,62,140,1,-1,-1,-1
622,77738,69,99,50,113,1,-1,-1,-1
623,77604,945,368,91,200,1,-1,-1,-1
623,77606,1130,555,91,88,1,-1,-1,-1
623,77614,649,315,57,160,1,-1,-1,-1
623,77615,780,451,74,171,1,-1,-1,-1
623,77629,1261,383,66,161,1,-1,-1,-1
623,77648,1063,173,54,122,1,-1,-1,-1
623,77631,891,281,48,127,1,-1,-1,-1
623,77666,1732,44,41,90,1,-1,-1,-1
623,77677,519,6,31,82,1,-1,-1,-1
623,77634,1361,37,38,90,1,-1,-1,-1
623,77690,906,151,40,112,1,-1,-1,-1
623,77691,394,61,45,104,1,-1,-1,-1
623,77642,309,57,40,99,1,-1,-1,-1
623,77667,683,0,26,73,1,-1,-1,-1
623,77711,1029,746,85,235,1,-1,-1,-1
623,77719,461,279,62,140,1,-1,-1,-1
623,77738,70,99,50,113,1,-1,-1,-1
624,77604,942,370,91,201,1,-1,-1,-1
624,77606,1131,555,90,88,1,-1,-1,-1
624,77614,649,316,57,159,1,-1,-1,-1
624,77615,777,451,72,170,1,-1,-1,-1
624,77629,1259,383,66,162,1,-1,-1,-1
624,77648,1062,173,53,123,1,-1,-1,-1
624,77631,889,280,48,128,1,-1,-1,-1
624,77666,1733,43,41,90,1,-1,-1,-1
624,77677,517,6,31,82,1,-1,-1,-1
624,77634,1359,37,37,90,1,-1,-1,-1
624,77690,905,151,40,113,1,-1,-1,-1
624,77691,395,61,45,104,1,-1,-1,-1
624,77642,309,57,40,100,1,-1,-1,-1
624,77667,683,0,26,74,1,-1,-1,-1
624,77711,1029,743,84,233,1,-1,-1,-1
624,77719,460,279,61,140,1,-1,-1,-1
624,77738,72,99,50,113,1,-1,-1,-1
625,77604,937,375,91,200,1,-1,-1,-1
625,77606,1131,555,90,87,1,-1,-1,-1
625,77614,649,316,57,160,1,-1,-1,-1
625,77615,773,450,71,171,1,-1,-1,-1
625,77629,1256,383,66,163,1,-1,-1,-1
625,77648,1060,173,54,124,1,-1,-1,-1
625,77631,887,280,49,128,1,-1,-1,-1
625,77666,1734,41,41,92,1,-1,-1,-1
625,77677,513,6,32,82,1,-1,-1,-1
625,77634,1356,38,37,90,1,-1,-1,-1
625,77690,903,151,40,113,1,-1,-1,-1
625,77691,396,61,44,104,1,-1,-1,-1
625,77642,310,57,39,100,1,-1,-1,-1
625,77667,683,0,26,74,1,-1,-1,-1
625,77711,1029,738,82,231,1,-1,-1,-1
625,77719,458,279,60,140,1,-1,-1,-1
625,77738,73,99,50,113,1,-1,-1,-1
626,77604,936,376,90,200,1,-1,-1,-1
626,77606,1132,556,89,87,1,-1,-1,-1
626,77614,649,317,57,159,1,-1,-1,-1
626,77615,769,449,69,172,1,-1,-1,-1
626,77629,1256,383,65,164,1,-1,-1,-1
626,77648,1059,173,53,124,1,-1,-1,-1
626,77631,885,279,50,129,1,-1,-1,-1
626,77666,1734,40,41,93,1,-1,-1,-1
626,77677,511,6,32,82,1,-1,-1,-1
626,77634,1354,38,36,90,1,-1,-1,-1
626,77690,902,151,40,114,1,-1,-1,-1
626,77691,397,61,44,104,1,-1,-1,-1
626,77642,310,57,39,101,1,-1,-1,-1
626,77667,683,0,26,75,1,-1,-1,-1
626,77711,1030,736,80,229,1,-1,-1,-1
626,77719,457,279,60,140,1,-1,-1,-1
626,77738,74,99,50,114,1,-1,-1,-1
627,77604,934,378,91,200,1,-1,-1,-1
627,77606,1131,556,90,87,1,-1,-1,-1
627,77614,649,317,58,160,1,-1,-1,-1
627,77615,765,448,68,172,1,-1,-1,-1
627,77629,1254,385,66,164,1,-1,-1,-1
627,77648,1058,173,53,125,1,-1,-1,-1
627,77631,881,278,51,129,1,-1,-1,-1
627,77666,1735,40,40,93,1,-1,-1,-1
627,77677,510,6,33,82,1,-1,-1,-1
627,77634,1352,38,35,90,1,-1,-1,-1
627,77690,901,151,40,114,1,-1,-1,-1
627,77691,398,61,45,104,1,-1,-1,-1
627,77642,310,57,40,101,1,-1,-1,-1
627,77667,683,0,26,75,1,-1,-1,-1
627,77711,1030,735,80,229,1,-1,-1,-1
627,77719,457,279,59,140,1,-1,-1,-1
627,77738,76,99,50,114,1,-1,-1,-1
628,77604,934,380,91,200,1,-1,-1,-1
628,77606,1131,556,90,87,1,-1,-1,-1
628,77614,649,318,58,159,1,-1,-1,-1
628,77615,761,448,68,173,1,-1,-1,-1
628,77629,1253,388,65,164,1,-1,-1,-1
628,77648,1057,173,53,125,1,-1,-1,-1
628,77631,877,277,51,129,1,-1,-1,-1
628,77666,1735,39,41,93,1,-1,-1,-1
628,77677,509,6,33,82,1,-1,-1,-1
628,77634,1350,38,34,90,1,-1,-1,-1
628,77690,899,151,40,115,1,-1,-1,-1
628,77691,399,61,44,104,1,-1,-1,-1
628,77642,310,57,40,101,1,-1,-1,-1
628,77667,682,0,26,76,1,-1,-1,-1
628,77711,1030,733,80,230,1,-1,-1,-1
628,77719,455,280,59,140,1,-1,-1,-1
628,77738,77,99,50,114,1,-1,-1,-1
629,77604,933,382,91,200,1,-1,-1,-1
629,77606,1131,556,90,87,1,-1,-1,-1
629,77614,649,318,59,159,1,-1,-1,-1
629,77615,756,448,68,173,1,-1,-1,-1
629,77629,1251,390,66,165,1,-1,-1,-1
629,77648,1056,173,53,126,1,-1,-1,-1
629,77631,872,276,52,129,1,-1,-1,-1
629,77666,1735,38,40,94,1,-1,-1,-1
629,77677,509,7,33,82,1,-1,-1,-1
629,77634,1348,38,33,90,1,-1,-1,-1
629,77690,898,152,40,115,1,-1,-1,-1
629,77691,400,61,43,104,1,-1,-1,-1
629,77642,310,57,40,102,1,-1,-1,-1
629,77667,682,0,26,76,1,-1,-1,-1
629,77711,1030,731,79,231,1,-1,-1,-1
629,77719,455,281,57,140,1,-1,-1,-1
629,77738,79,99,50,114,1,-1,-1,-1
630,77604,931,385,92,200,1,-1,-1,-1
630,77606,1132,557,88,87,1,-1,-1,-1
630,77614,649,318,59,159,1,-1,-1,-1
630,77615,749,448,68,174,1,-1,-1,-1
630,77629,1249,396,66,164,1,-1,-1,-1
630,77648,1054,173,53,126,1,-1,-1,-1
630,77631,868,274,51,128,1,-1,-1,-1
630,77666,1735,38,40,94,1,-1,-1,-1
630,77677,508,8,33,82,1,-1,-1,-1
630,77634,1344,38,32,90,1,-1,-1,-1
630,77690,896,152,40,116,1,-1,-1,-1
630,77691,401,61,43,104,1,-1,-1,-1
630,77642,310,57,41,102,1,-1,-1,-1
630,77667,681,0,27,78,1,-1,-1,-1
630,77711,1031,728,78,232,1,-1,-1,-1
630,77719,453,282,57,141,1,-1,-1,-1
630,77738,81,99,50,114,1,-1,-1,-1
631,77604,930,387,92,199,1,-1,-1,-1
631,77606,1132,557,88,87,1,-1,-1,-1
631,77614,648,318,59,159,1,-1,-1,-1
631,77615,746,448,70,174,1,-1,-1,-1
631,77629,1248,397,65,165,1,-1,-1,-1
631,77648,1054,173,52,126,1,-1,-1,-1
631,77631,864,273,51,128,1,-1,-1,-1
631,77666,1735,38,40,94,1,-1,-1,-1
631,77677,508,8,33,82,1,-1,-1,-1
631,77634,1343,38,31,90,1,-1,-1,-1
631,77690,895,152,40,117,1,-1,-1,-1
631,77691,402,61,42,104,1,-1,-1,-1
631,77642,310,57,41,103,1,-1,-1,-1
631,77667,681,0,27,78,1,-1,-1,-1
631,77711,1031,728,78,231,1,-1,-1,-1
631,77719,452,282,57,141,1,-1,-1,-1
631,77738,82,99,50,114,1,-1,-1,-1
632,77604,929,388,94,202,1,-1,-1,-1
632,77606,1132,557,88,87,1,-1,-1,-1
632,77614,648,318,60,159,1,-1,-1,-1
632,77615,744,448,70,174,1,-1,-1,-1
632,77629,1246,399,66,164,1,-1,-1,-1
632,77648,1053,174,52,126,1,-1,-1,-1
632,77631,861,272,52,128,1,-1,-1,-1
632,77666,1735,37,40,95,1,-1,-1,-1
632,77677,507,8,33,82,1,-1,-1,-1
632,77634,1340,38,32,90,1,-1,-1,-1
632,77690,894,153,40,116,1,-1,-1,-1
632,77691,403,61,41,104,1,-1,-1,-1
632,77642,311,57,41,103,1,-1,-1,-1
632,77667,681,0,27,79,1,-1,-1,-1
632,77711,1033,725,78,230,1,-1,-1,-1
632,77719,451,283,56,141,1,-1,-1,-1
632,77738,83,99,51,114,1,-1,-1,-1
633,77604,928,390,94,204,1,-1,-1,-1
633,77606,1132,557,88,87,1,-1,-1,-1
633,77614,647,318,61,159,1,-1,-1,-1
633,77615,742,448,72,174,1,-1,-1,-1
633,77629,1244,399,66,164,1,-1,-1,-1
633,77648,1053,174,52,127,1,-1,-1,-1
633,77631,859,272,52,128,1,-1,-1,-1
633,77666,1735,36,40,95,1,-1,-1,-1
633,77677,505,8,34,82,1,-1,-1,-1
633,77634,1337,38,32,90,1,-1,-1,-1
633,77690,893,154,40,115,1,-1,-1,-1
633,77691,403,61,41,104,1,-1,-1,-1
633,77642,311,57,41,103,1,-1,-1,-1
633,77667,681,0,27,79,1,-1,-1,-1
633,77711,1036,722,76,226,1,-1,-1,-1
633,77719,451,284,56,141,1,-1,-1,-1
633,77738,85,98,50,114,1,-1,-1,-1
634,77604,927,391,95,206,1,-1,-1,-1
634,77606,1133,558,88,86,1,-1,-1,-1
634,77614,648,318,61,159,1,-1,-1,-1
634,77615,741,448,72,174,1,-1,-1,-1
634,77629,1243,400,65,164,1,-1,-1,-1
634,77648,1053,175,52,126,1,-1,-1,-1
634,77631,857,272,53,128,1,-1,-1,-1
634,77666,1734,35,41,95,1,-1,-1,-1
634,77677,503,8,34,82,1,-1,-1,-1
634,77634,1334,38,32,90,1,-1,-1,-1
634,77690,892,154,40,116,1,-1,-1,-1
634,77691,403,61,42,104,1,-1,-1,-1
634,77642,312,57,41,103,1,-1,-1,-1
634,77667,681,0,27,79,1,-1,-1,-1
634,77711,1038,719,76,223,1,-1,-1,-1
634,77719,449,285,57,142,1,-1,-1,-1
634,77738,87,98,50,114,1,-1,-1,-1
635,77604,926,392,96,210,1,-1,-1,-1
635,77606,1133,558,88,86,1,-1,-1,-1
635,77614,647,318,62,159,1,-1,-1,-1
635,77615,739,448,74,174,1,-1,-1,-1
635,77629,1241,400,65,164,1,-1,-1,-1
635,77648,1053,176,51,126,1,-1,-1,-1
635,77631,854,272,54,128,1,-1,-1,-1
635,77666,1734,34,40,96,1,-1,-1,-1
635,77677,501,8,33,82,1,-1,-1,-1
635,77634,1331,38,33,90,1,-1,-1,-1
635,77690,891,155,40,115,1,-1,-1,-1
635,77691,404,61,41,104,1,-1,-1,-1
635,77642,313,57,41,103,1,-1,-1,-1
635,77667,681,0,27,79,1,-1,-1,-1
635,77711,1041,715,75,219,1,-1,-1,-1
635,77719,448,286,56,142,1,-1,-1,-1
635,77738,89,98,50,114,1,-1,-1,-1
636,77604,924,394,97,212,1,-1,-1,-1
636,77606,1133,558,88,86,1,-1,-1,-1
636,77614,647,319,63,159,1,-1,-1,-1
636,77615,736,448,75,174,1,-1,-1,-1
636,77629,1238,401,65,164,1,-1,-1,-1
636,77648,1053,177,51,126,1,-1,-1,-1
636,77631,853,272,55,128,1,-1,-1,-1
636,77666,1734,34,40,96,1,-1,-1,-1
636,77677,500,7,33,82,1,-1,-1,-1
636,77634,1327,38,34,90,1,-1,-1,-1
636,77690,890,156,41,115,1,-1,-1,-1
636,77691,404,61,41,104,1,-1,-1,-1
636,77642,315,57,41,103,1,-1,-1,-1
636,77667,681,0,27,79,1,-1,-1,-1
636,77711,1045,712,73,215,1,-1,-1,-1
636,77719,447,287,57,142,1,-1,-1,-1
636,77738,90,98,51,114,1,-1,-1,-1
637,77604,924,396,96,212,1,-1,-1,-1
637,77606,1135,559,87,85,1,-1,-1,-1
637,77614,647,319,64,159,1,-1,-1,-1
637,77615,733,448,76,175,1,-1,-1,-1
637,77629,1236,402,66,164,1,-1,-1,-1
637,77648,1052,178,51,126,1,-1,-1,-1
637,77631,851,272,56,127,1,-1,-1,-1
637,77666,1734,33,41,97,1,-1,-1,-1
637,77677,500,7,32,82,1,-1,-1,-1
637,77634,1325,38,35,90,1,-1,-1,-1
637,77690,889,157,40,114,1,-1,-1,-1
637,77691,404,61,41,104,1,-1,-1,-1
637,77642,316,57,41,103,1,-1,-1,-1
637,77667,681,0,28,79,1,-1,-1,-1
637,77711,1045,709,75,216,1,-1,-1,-1
637,77719,446,288,57,141,1,-1,-1,-1
637,77738,92,98,50,114,1,-1,-1,-1
638,77604,925,400,94,209,1,-1,-1,-1
638,77606,1136,559,87,85,1,-1,-1,-1
638,77614,648,319,64,160,1,-1,-1,-1
638,77615,730,448,77,175,1,-1,-1,-1
638,77629,1235,403,65,166,1,-1,-1,-1
638,77648,1052,178,51,126,1,-1,-1,-1
638,77631,849,271,57,127,1,-1,-1,-1
638,77666,1734,33,42,98,1,-1,-1,-1
638,77677,499,8,33,82,1,-1,-1,-1
638,77634,1323,38,36,91,1,-1,-1,-1
638,77690,888,157,41,114,1,-1,-1,-1
638,77691,405,61,40,104,1,-1,-1,-1
638,77642,317,57,41,103,1,-1,-1,-1
638,77667,681,0,28,79,1,-1,-1,-1
638,77711,1046,707,75,217,1,-1,-1,-1
638,77719,445,288,57,142,1,-1,-1,-1
638,77738,94,97,50,114,1,-1,-1,-1
639,77604,926,403,92,206,1,-1,-1,-1
639,77606,1138,559,87,85,1,-1,-1,-1
639,77614,649,320,65,159,1,-1,-1,-1
639,77615,728,448,76,175,1,-1,-1,-1
639,77629,1233,405,66,166,1,-1,-1,-1
639,77648,1052,179,50,126,1,-1,-1,-1
639,77631,847,270,58,127,1,-1,-1,-1
639,77666,1733,33,44,99,1,-1,-1,-1
639,77677,499,8,32,82,1,-1,-1,-1
639,77634,1322,38,37,91,1,-1,-1,-1
639,77690,886,158,42,114,1,-1,-1,-1
639,77691,405,61,40,104,1,-1,-1,-1
639,77642,318,57,41,103,1,-1,-1,-1
639,77667,682,0,27,79,1,-1,-1,-1
639,77711,1046,706,76,218,1,-1,-1,-1
639,77719,443,289,57,141,1,-1,-1,-1
639,77738,96,97,50,114,1,-1,-1,-1
640,77604,927,409,90,200,1,-1,-1,-1
640,77606,1139,559,87,85,1,-1,-1,-1
640,77614,650,321,66,159,1,-1,-1,-1
640,77615,725,448,77,176,1,-1,-1,-1
640,77629,1230,407,66,168,1,-1,-1,-1
640,77648,1052,180,50,126,1,-1,-1,-1
640,77631,844,268,58,127,1,-1,-1,-1
640,77666,1732,33,47,101,1,-1,-1,-1
640,77677,499,9,32,81,1,-1,-1,-1
640,77634,1322,38,36,91,1,-1,-1,-1
640,77690,884,159,43,114,1,-1,-1,-1
640,77691,405,61,41,103,1,-1,-1,-1
640,77642,319,57,41,103,1,-1,-1,-1
640,77667,682,0,28,79,1,-1,-1,-1
640,77711,1046,704,77,220,1,-1,-1,-1
640,77719,442,290,57,140,1,-1,-1,-1
640,77738,99,97,50,114,1,-1,-1,-1
641,77604,928,411,88,198,1,-1,-1,-1
641,77606,1140,559,87,85,1,-1,-1,-1
641,77614,651,322,66,159,1,-1,-1,-1
641,77615,722,448,77,176,1,-1,-1,-1
641,77629,1229,408,67,168,1,-1,-1,-1
641,77648,1052,181,49,126,1,-1,-1,-1
641,77631,843,267,58,127,1,-1,-1,-1
641,77666,1731,33,50,102,1,-1,-1,-1
641,77677,498,9,33,82,1,-1,-1,-1
641,77634,1321,38,36,92,1,-1,-1,-1
641,77690,884,160,42,113,1,-1,-1,-1
641,77691,405,61,41,103,1,-1,-1,-1
641,77642,320,57,40,103,1,-1,-1,-1
641,77667,683,0,27,79,1,-1,-1,-1
641,77711,1045,702,79,222,1,-1,-1,-1
641,77719,440,291,57,140,1,-1,-1,-1
641,77738,100,97,50,114,1,-1,-1,-1
641,77750,0,375,17,69,1,-1,-1,-1
642,77604,932,416,86,195,1,-1,-1,-1
642,77606,1142,559,87,85,1,-1,-1,-1
642,77614,653,323,66,159,1,-1,-1,-1
642,77615,720,448,76,176,1,-1,-1,-1
642,77629,1228,410,66,168,1,-1,-1,-1
642,77648,1050,181,49,126,1,-1,-1,-1
642,77631,841,267,58,127,1,-1,-1,-1
642,77666,1730,34,50,101,1,-1,-1,-1
642,77677,498,10,33,81,1,-1,-1,-1
642,77634,1320,38,36,92,1,-1,-1,-1
642,77690,882,160,43,114,1,-1,-1,-1
642,77691,406,61,41,104,1,-1,-1,-1
642,77642,321,57,40,103,1,-1,-1,-1
642,77667,683,0,27,79,1,-1,-1,-1
642,77711,1045,701,80,223,1,-1,-1,-1
642,77719,438,292,58,139,1,-1,-1,-1
642,77738,101,97,50,115,1,-1,-1,-1
642,77750,0,371,17,73,1,-1,-1,-1
643,77604,936,422,85,191,1,-1,-1,-1
643,77606,1144,559,86,85,1,-1,-1,-1
643,77614,654,324,66,159,1,-1,-1,-1
643,77615,717,448,76,177,1,-1,-1,-1
643,77629,1226,412,66,168,1,-1,-1,-1
643,77648,1049,181,49,126,1,-1,-1,-1
643,77631,840,266,58,127,1,-1,-1,-1
643,77666,1728,35,51,100,1,-1,-1,-1
643,77677,498,10,33,81,1,-1,-1,-1
643,77634,1318,39,36,91,1,-1,-1,-1
643,77690,882,161,43,114,1,-1,-1,-1
643,77691,407,61,42,105,1,-1,-1,-1
643,77642,322,57,40,103,1,-1,-1,-1
643,77667,683,0,28,79,1,-1,-1,-1
643,77711,1046,700,80,223,1,-1,-1,-1
643,77719,436,293,58,139,1,-1,-1,-1
643,77738,102,97,50,115,1,-1,-1,-1
643,77750,0,366,19,79,1,-1,-1,-1
644,77604,940,428,83,186,1,-1,-1,-1
644,77606,1145,559,87,85,1,-1,-1,-1
644,77614,656,325,66,159,1,-1,-1,-1
644,77615,715,448,75,177,1,-1,-1,-1
644,77629,1224,415,66,167,1,-1,-1,-1
644,77648,1048,182,49,126,1,-1,-1,-1
644,77631,839,266,57,127,1,-1,-1,-1
644,77666,1726,36,51,99,1,-1,-1,-1
644,77677,498,10,32,81,1,-1,-1,-1
644,77634,1317,39,35,91,1,-1,-1,-1
644,77690,881,162,44,114,1,-1,-1,-1
644,77691,408,61,42,106,1,-1,-1,-1
644,77642,323,57,40,103,1,-1,-1,-1
644,77667,684,0,27,79,1,-1,-1,-1
644,77711,1047,699,80,222,1,-1,-1,-1
644,77719,433,294,59,139,1,-1,-1,-1
644,77738,104,98,50,115,1,-1,-1,-1
644,77750,0,360,20,85,1,-1,-1,-1
645,77604,946,434,80,182,1,-1,-1,-1
645,77606,1147,559,87,85,1,-1,-1,-1
645,77614,657,325,67,159,1,-1,-1,-1
645,77615,713,448,74,177,1,-1,-1,-1
645,77629,1222,417,66,166,1,-1,-1,-1
645,77648,1046,182,49,126,1,-1,-1,-1
645,77631,838,266,57,127,1,-1,-1,-1
645,77666,1724,38,50,97,1,-1,-1,-1
645,77677,497,11,33,81,1,-1,-1,-1
645,77634,1313,40,35,90,1,-1,-1,-1
645,77690,880,163,44,114,1,-1,-1,-1
645,77691,409,61,42,106,1,-1,-1,-1
645,77642,323,57,40,103,1,-1,-1,-1
645,77667,684,1,28,79,1,-1,-1,-1
645,77711,1048,697,80,222,1,-1,-1,-1
645,77719,429,295,60,139,1,-1,-1,-1
645,77738,105,98,50,115,1,-1,-1,-1
645,77750,0,355,21,90,1,-1,-1,-1
646,77604,950,440,78,179,1,-1,-1,-1
646,77606,1148,559,87,85,1,-1,-1,-1
646,77614,658,326,67,159,1,-1,-1,-1
646,77615,710,448,73,178,1,-1,-1,-1
646,77629,1220,419,67,166,1,-1,-1,-1
646,77648,1045,183,50,126,1,-1,-1,-1
646,77631,836,266,57,128,1,-1,-1,-1
646,77666,1723,38,49,97,1,-1,-1,-1
646,77677,497,11,32,81,1,-1,-1,-1
646,77634,1312,41,35,90,1,-1,-1,-1
646,77690,879,164,44,114,1,-1,-1,-1
646,77691,410,61,42,107,1,-1,-1,-1
646,77642,324,57,40,104,1,-1,-1,-1
646,77667,685,1,27,79,1,-1,-1,-1
646,77711,1049,696,81,221,1,-1,-1,-1
646,77719,427,296,61,139,1,-1,-1,-1
646,77738,106,98,50,116,1,-1,-1,-1
646,77750,0,350,23,96,1,-1,-1,-1
647,77604,955,444,76,177,1,-1,-1,-1
647,77606,1150,559,86,85,1,-1,-1,-1
647,77614,659,327,67,159,1,-1,-1,-1
647,77615,710,449,72,177,1,-1,-1,-1
647,77629,1219,421,67,166,1,-1,-1,-1
647,77648,1042,183,51,127,1,-1,-1,-1
647,77631,835,266,56,128,1,-1,-1,-1
647,77666,1722,39,49,96,1,-1,-1,-1
647,77677,496,12,33,81,1,-1,-1,-1
647,77634,1311,41,34,90,1,-1,-1,-1
647,77690,879,165,44,114,1,-1,-1,-1
647,77691,411,61,42,108,1,-1,-1,-1
647,77642,325,57,40,104,1,-1,-1,-1
647,77667,685,2,28,79,1,-1,-1,-1
647,77711,1052,695,80,217,1,-1,-1,-1
647,77719,425,296,62,139,1,-1,-1,-1
647,77738,108,99,49,115,1,-1,-1,-1
647,77750,0,348,24,99,1,-1,-1,-1
648,77604,960,446,75,177,1,-1,-1,-1
648,77606,1150,560,86,85,1,-1,-1,-1
648,77614,660,328,67,159,1,-1,-1,-1
648,77615,710,450,71,177,1,-1,-1,-1
648,77629,1217,422,68,167,1,-1,-1,-1
648,77648,1040,183,52,127,1,-1,-1,-1
648,77631,833,266,56,128,1,-1,-1,-1
648,77666,1720,40,49,96,1,-1,-1,-1
648,77677,495,13,33,80,1,-1,-1,-1
648,77634,1309,42,34,91,1,-1,-1,-1
648,77690,878,166,44,115,1,-1,-1,-1
648,77691,412,61,42,108,1,-1,-1,-1
648,77642,326,57,40,105,1,-1,-1,-1
648,77667,685,2,28,80,1,-1,-1,-1
648,77711,1054,694,81,214,1,-1,-1,-1
648,77719,423,297,63,139,1,-1,-1,-1
648,77738,109,99,49,115,1,-1,-1,-1
648,77750,0,346,24,103,1,-1,-1,-1
649,77604,965,447,74,178,1,-1,-1,-1
649,77606,1150,561,86,85,1,-1,-1,-1
649,77614,660,329,68,159,1,-1,-1,-1
649,77615,710,450,70,177,1,-1,-1,-1
649,77629,1216,423,68,169,1,-1,-1,-1
649,77648,1039,184,52,127,1,-1,-1,-1
649,77631,832,265,55,128,1,-1,-1,-1
649,77666,1719,41,48,96,1,-1,-1,-1
649,77677,495,13,32,81,1,-1,-1,-1
649,77634,1306,43,36,91,1,-1,-1,-1
649,77690,877,167,44,115,1,-1,-1,-1
649,77691,413,61,43,109,1,-1,-1,-1
649,77642,327,57,40,105,1,-1,-1,-1
649,77667,686,3,28,80,1,-1,-1,-1
649,77711,1058,693,81,210,1,-1,-1,-1
649,77719,422,298,63,139,1,-1,-1,-1
649,77738,111,100,48,115,1,-1,-1,-1
649,77750,0,344,25,107,1,-1,-1,-1
650,77604,970,449,72,178,1,-1,-1,-1
650,77606,1151,562,85,85,1,-1,-1,-1
650,77614,660,329,69,159,1,-1,-1,-1
650,77615,710,451,70,177,1,-1,-1,-1
650,77629,1214,424,69,171,1,-1,-1,-1
650,77648,1036,184,53,127,1,-1,-1,-1
650,77631,830,265,55,128,1,-1,-1,-1
650,77666,1718,43,47,96,1,-1,-1,-1
650,77677,495,14,32,81,1,-1,-1,-1
650,77634,1302,44,37,91,1,-1,-1,-1
650,77690,876,168,44,115,1,-1,-1,-1
650,77691,414,61,43,110,1,-1,-1,-1
650,77642,328,57,40,105,1,-1,-1,-1
650,77667,686,4,28,80,1,-1,-1,-1
650,77711,1062,692,82,203,1,-1,-1,-1
650,77719,420,299,64,139,1,-1,-1,-1
650,77738,112,100,49,115,1,-1,-1,-1
650,77750,0,343,26,111,1,-1,-1,-1
651,77604,975,451,72,177,1,-1,-1,-1
651,77606,1151,562,86,85,1,-1,-1,-1
651,77614,661,330,69,159,1,-1,-1,-1
651,77615,710,452,69,177,1,-1,-1,-1
651,77629,1212,425,70,173,1,-1,-1,-1
651,77648,1035,185,54,127,1,-1,-1,-1
651,77631,830,265,54,128,1,-1,-1,-1
651,77666,1717,43,46,96,1,-1,-1,-1
651,77677,494,14,33,81,1,-1,-1,-1
651,77634,1300,45,38,91,1,-1,-1,-1
651,77690,876,169,43,115,1,-1,-1,-1
651,77691,415,61,43,111,1,-1,-1,-1
651,77642,329,57,40,106,1,-1,-1,-1
651,77667,687,4,28,80,1,-1,-1,-1
651,77711,1063,691,82,202,1,-1,-1,-1
651,77719,419,300,63,138,1,-1,-1,-1
651,77738,113,101,48,115,1,-1,-1,-1
651,77750,0,342,26,113,1,-1,-1,-1
652,77604,978,452,72,178,1,-1,-1,-1
652,77606,1152,563,85,85,1,-1,-1,-1
652,77614,662,331,68,159,1,-1,-1,-1
652,77615,710,452,68,178,1,-1,-1,-1
652,77629,1211,427,69,172,1,-1,-1,-1
652,77648,1034,185,54,127,1,-1,-1,-1
652,77631,828,265,53,128,1,-1,-1,-1
652,77666,1715,44,45,96,1,-1,-1,-1
652,77677,494,15,32,81,1,-1,-1,-1
652,77634,1298,45,38,92,1,-1,-1,-1
652,77690,875,169,44,116,1,-1,-1,-1
652,77691,416,61,42,111,1,-1,-1,-1
652,77642,329,58,40,105,1,-1,-1,-1
652,77667,687,5,28,80,1,-1,-1,-1
652,77711,1061,690,84,202,1,-1,-1,-1
652,77719,416,301,64,138,1,-1,-1,-1
652,77738,114,102,47,115,1,-1,-1,-1
652,77750,-1,342,26,114,1,-1,-1,-1
653,77604,981,452,71,178,1,-1,-1,-1
653,77606,1152,564,86,85,1,-1,-1,-1
653,77614,662,331,69,159,1,-1,-1,-1
653,77615,710,453,68,177,1,-1,-1,-1
653,77629,1209,431,68,168,1,-1,-1,-1
653,77648,1033,186,54,127,1,-1,-1,-1
653,77631,827,265,52,127,1,-1,-1,-1
653,77666,1712,44,45,97,1,-1,-1,-1
653,77677,493,15,33,81,1,-1,-1,-1
653,77634,1296,45,38,92,1,-1,-1,-1
653,77690,874,170,43,115,1,-1,-1,-1
653,77691,416,62,42,110,1,-1,-1,-1
653,77642,330,58,39,106,1,-1,-1,-1
653,77667,688,5,28,80,1,-1,-1,-1
653,77711,1058,689,84,203,1,-1,-1,-1
653,77719,412,301,64,139,1,-1,-1,-1
653,77738,114,103,47,114,1,-1,-1,-1
653,77750,-2,342,26,114,1,-1,-1,-1
654,77604,983,452,72,179,1,-1,-1,-1
654,77606,1152,565,85,85,1,-1,-1,-1
654,77614,663,332,69,159,1,-1,-1,-1
654,77615,710,453,67,177,1,-1,-1,-1
654,77629,1208,434,67,165,1,-1,-1,-1
654,77648,1032,186,54,127,1,-1,-1,-1
654,77631,825,264,53,128,1,-1,-1,-1
654,77666,1708,45,46,97,1,-1,-1,-1
654,77677,493,16,32,81,1,-1,-1,-1
654,77634,1293,45,39,92,1,-1,-1,-1
654,77690,873,171,43,115,1,-1,-1,-1
654,77691,416,63,42,110,1,-1,-1,-1
654,77642,331,59,39,105,1,-1,-1,-1
654,77667,688,6,28,80,1,-1,-1,-1
654,77711,1054,688,86,203,1,-1,-1,-1
654,77719,408,302,65,138,1,-1,-1,-1
654,77738,115,104,46,114,1,-1,-1,-1
654,77750,-2,342,25,114,1,-1,-1,-1
655,77604,985,452,72,180,1,-1,-1,-1
655,77606,1152,566,86,85,1,-1,-1,-1
655,77614,664,333,69,159,1,-1,-1,-1
655,77615,710,453,67,177,1,-1,-1,-1
655,77629,1206,438,66,161,1,-1,-1,-1
655,77648,1031,187,54,126,1,-1,-1,-1
655,77631,823,264,53,127,1,-1,-1,-1
655,77666,1704,45,47,98,1,-1,-1,-1
655,77677,493,16,32,81,1,-1,-1,-1
655,77634,1291,45,38,93,1,-1,-1,-1
655,77690,872,172,42,115,1,-1,-1,-1
655,77691,416,63,41,109,1,-1,-1,-1
655,77642,331,60,39,105,1,-1,-1,-1
655,77667,689,6,27,80,1,-1,-1,-1
655,77711,1052,686,85,205,1,-1,-1,-1
655,77719,405,302,65,139,1,-1,-1,-1
655,77738,115,105,46,113,1,-1,-1,-1
655,77750,-3,342,24,114,1,-1,-1,-1
656,77604,987,452,73,181,1,-1,-1,-1
656,77606,1152,567,86,85,1,-1,-1,-1
656,77614,664,334,69,159,1,-1,-1,-1
656,77615,710,453,66,177,1,-1,-1,-1
656,77629,1205,443,64,156,1,-1,-1,-1
656,77648,1030,187,54,126,1,-1,-1,-1
656,77631,821,264,54,126,1,-1,-1,-1
656,77666,1700,45,48,99,1,-1,-1,-1
656,77677,492,17,32,81,1,-1,-1,-1
656,77634,1290,45,36,93,1,-1,-1,-1
656,77690,870,173,43,115,1,-1,-1,-1
656,77691,416,64,41,108,1,-1,-1,-1
656,77642,332,61,39,105,1,-1,-1,-1
656,77667,689,7,27,80,1,-1,-1,-1
656,77711,1048,685,85,207,1,-1,-1,-1
656,77719,401,302,66,140,1,-1,-1,-1
656,77738,116,106,45,112,1,-1,-1,-1
656,77750,-3,342,24,114,1,-1,-1,-1
657,77604,990,453,74,181,1,-1,-1,-1
657,77606,1153,568,86,85,1,-1,-1,-1
657,77614,664,334,69,159,1,-1,-1,-1
657,77615,710,453,66,177,1,-1,-1,-1
657,77629,1203,446,65,154,1,-1,-1,-1
657,77648,1029,188,54,126,1,-1,-1,-1
657,77631,820,264,53,125,1,-1,-1,-1
657,77666,1699,46,48,99,1,-1,-1,-1
657,77677,492,17,32,81,1,-1,-1,-1
657,77634,1288,45,35,94,1,-1,-1,-1
657,77690,869,173,42,115,1,-1,-1,-1
657,77691,416,64,41,108,1,-1,-1,-1
657,77642,333,61,39,106,1,-1,-1,-1
657,77667,690,7,27,80,1,-1,-1,-1
657,77711,1047,685,84,207,1,-1,-1,-1
657,77719,397,302,67,141,1,-1,-1,-1
657,77738,116,106,45,112,1,-1,-1,-1
657,77750,-3,343,22,113,1,-1,-1,-1
658,77604,992,454,75,180,1,-1,-1,-1
658,77606,1154,568,85,85,1,-1,-1,-1
658,77614,664,335,69,160,1,-1,-1,-1
658,77615,711,453,64,177,1,-1,-1,-1
658,77629,1201,448,65,153,1,-1,-1,-1
658,77648,1029,189,53,126,1,-1,-1,-1
658,77631,818,263,54,125,1,-1,-1,-1
658,77666,1697,46,49,99,1,-1,-1,-1
658,77677,491,18,32,81,1,-1,-1,-1
658,77634,1286,46,35,93,1,-1,-1,-1
658,77690,868,174,42,115,1,-1,-1,-1
658,77691,416,65,41,107,1,-1,-1,-1
658,77642,333,62,39,105,1,-1,-1,-1
658,77667,690,8,27,80,1,-1,-1,-1
658,77711,1047,684,83,208,1,-1,-1,-1
658,77719,393,303,67,141,1,-1,-1,-1
658,77738,116,107,45,112,1,-1,-1,-1
658,77750,-4,343,22,113,1,-1,-1,-1
659,77604,995,457,76,178,1,-1,-1,-1
659,77606,1154,568,87,85,1,-1,-1,-1
659,77614,664,336,69,160,1,-1,-1,-1
659,77615,711,453,64,177,1,-1,-1,-1
659,77629,1199,450,66,153,1,-1,-1,-1
659,77648,1029,189,52,126,1,-1,-1,-1
659,77631,816,263,55,125,1,-1,-1,-1
659,77666,1697,46,48,99,1,-1,-1,-1
659,77677,491,18,32,81,1,-1,-1,-1
659,77634,1285,46,33,93,1,-1,-1,-1
659,77690,866,175,42,115,1,-1,-1,-1
659,77691,417,66,40,106,1,-1,-1,-1
659,77642,334,63,38,105,1,-1,-1,-1
659,77667,691,8,27,80,1,-1,-1,-1
659,77711,1046,684,83,208,1,-1,-1,-1
659,77719,389,303,68,141,1,-1,-1,-1
659,77738,116,108,45,111,1,-1,-1,-1
659,77750,-4,343,21,113,1,-1,-1,-1
660,77604,999,459,76,178,1,-1,-1,-1
660,77606,1155,568,86,86,1,-1,-1,-1
660,77614,664,337,69,160,1,-1,-1,-1
660,77615,711,453,63,177,1,-1,-1,-1
660,77629,1197,452,67,153,1,-1,-1,-1
660,77648,1028,190,51,126,1,-1,-1,-1
660,77631,813,263,57,124,1,-1,-1,-1
660,77666,1696,46,48,98,1,-1,-1,-1
660,77677,490,18,32,82,1,-1,-1,-1
660,77634,1283,47,34,92,1,-1,-1,-1
660,77690,865,176,42,115,1,-1,-1,-1
660,77691,417,66,40,106,1,-1,-1,-1
660,77642,335,64,38,104,1,-1,-1,-1
660,77667,692,9,27,81,1,-1,-1,-1
660,77711,1046,683,82,209,1,-1,-1,-1
660,77719,384,304,69,141,1,-1,-1,-1
660,77738,116,109,45,111,1,-1,-1,-1
660,77750,-4,343,20,113,1,-1,-1,-1
661,77604,1002,462,76,176,1,-1,-1,-1
661,77606,1155,569,88,86,1,-1,-1,-1
661,77614,664,337,69,161,1,-1,-1,-1
661,77615,711,453,63,177,1,-1,-1,-1
661,77629,1196,454,67,153,1,-1,-1,-1
661,77648,1028,190,50,126,1,-1,-1,-1
661,77631,810,263,59,124,1,-1,-1,-1
661,77666,1695,46,48,98,1,-1,-1,-1
661,77677,490,19,32,82,1,-1,-1,-1
661,77634,1280,48,34,92,1,-1,-1,-1
661,77690,864,177,42,115,1,-1,-1,-1
661,77691,417,67,40,105,1,-1,-1,-1
661,77642,335,65,38,104,1,-1,-1,-1
661,77667,692,10,27,81,1,-1,-1,-1
661,77711,1046,683,82,209,1,-1,-1,-1
661,77719,382,304,69,142,1,-1,-1,-1
661,77738,116,110,45,110,1,-1,-1,-1
661,77750,-4,343,19,113,1,-1,-1,-1
662,77604,1006,463,77,175,1,-1,-1,-1
662,77606,1155,569,88,87,1,-1,-1,-1
662,77614,664,338,69,160,1,-1,-1,-1
662,77615,711,453,63,177,1,-1,-1,-1
662,77629,1196,457,66,152,1,-1,-1,-1
662,77648,1026,191,50,126,1,-1,-1,-1
662,77631,808,262,60,124,1,-1,-1,-1
662,77666,1693,46,48,98,1,-1,-1,-1
662,77677,490,19,32,82,1,-1,-1,-1
662,77634,1278,49,34,91,1,-1,-1,-1
662,77690,863,177,42,116,1,-1,-1,-1
662,77691,417,67,40,105,1,-1,-1,-1
662,77642,336,65,37,104,1,-1,-1,-1
662,77667,692,10,27,80,1,-1,-1,-1
662,77711,1044,682,82,210,1,-1,-1,-1
662,77719,381,306,69,141,1,-1,-1,-1
662,77738,117,113,44,108,1,-1,-1,-1
662,77750,-3,343,18,113,1,-1,-1,-1
663,77604,1011,463,77,174,1,-1,-1,-1
663,77606,1156,569,87,87,1,-1,-1,-1
663,77614,664,339,68,160,1,-1,-1,-1
663,77615,712,453,62,177,1,-1,-1,-1
663,77629,1196,460,65,149,1,-1,-1,-1
663,77648,1025,191,48,126,1,-1,-1,-1
663,77631,806,261,61,124,1,-1,-1,-1
663,77666,1690,46,47,99,1,-1,-1,-1
663,77677,490,20,32,82,1,-1,-1,-1
663,77634,1276,49,34,91,1,-1,-1,-1
663,77690,863,178,42,116,1,-1,-1,-1
663,77691,418,68,40,105,1,-1,-1,-1
663,77642,336,66,38,104,1,-1,-1,-1
663,77667,692,10,27,81,1,-1,-1,-1
663,77711,1041,681,82,210,1,-1,-1,-1
663,77719,379,307,68,141,1,-1,-1,-1
663,77738,118,115,44,106,1,-1,-1,-1
663,77750,-3,343,18,114,1,-1,-1,-1
664,77604,1016,463,77,173,1,-1,-1,-1
664,77606,1156,569,89,87,1,-1,-1,-1
664,77614,664,340,69,160,1,-1,-1,-1
664,77615,712,453,63,178,1,-1,-1,-1
664,77629,1196,464,64,146,1,-1,-1,-1
664,77648,1022,191,49,126,1,-1,-1,-1
664,77631,804,260,61,124,1,-1,-1,-1
664,77666,1687,47,47,98,1,-1,-1,-1
664,77677,490,20,32,82,1,-1,-1,-1
664,77634,1274,50,35,91,1,-1,-1,-1
664,77690,862,179,42,116,1,-1,-1,-1
664,77691,419,68,40,106,1,-1,-1,-1
664,77642,337,66,37,104,1,-1,-1,-1
664,77667,693,11,26,80,1,-1,-1,-1
664,77711,1039,680,82,210,1,-1,-1,-1
664,77719,378,309,68,140,1,-1,-1,-1
664,77738,119,118,43,103,1,-1,-1,-1
664,77750,-3,343,17,114,1,-1,-1,-1
665,77604,1026,463,75,172,1,-1,-1,-1
665,77606,1156,569,89,88,1,-1,-1,-1
665,77614,665,341,68,160,1,-1,-1,-1
665,77615,713,453,62,178,1,-1,-1,-1
665,77629,1197,469,62,141,1,-1,-1,-1
665,77648,1020,191,48,126,1,-1,-1,-1
665,77631,803,258,61,125,1,-1,-1,-1
665,77666,1683,47,47,99,1,-1,-1,-1
665,77677,491,20,32,82,1,-1,-1,-1
665,77634,1270,51,36,90,1,-1,-1,-1
665,77690,861,179,43,117,1,-1,-1,-1
665,77691,420,69,40,105,1,-1,-1,-1
665,77642,338,67,37,103,1,-1,-1,-1
665,77667,693,11,26,80,1,-1,-1,-1
665,77711,1037,678,82,211,1,-1,-1,-1
665,77719,377,310,67,140,1,-1,-1,-1
665,77738,120,120,42,101,1,-1,-1,-1
665,77750,-2,343,16,114,1,-1,-1,-1
666,77604,1030,463,74,172,1,-1,-1,-1
666,77606,1157,570,89,88,1,-1,-1,-1
666,77614,664,342,68,161,1,-1,-1,-1
666,77615,713,453,63,178,1,-1,-1,-1
666,77629,1198,471,60,138,1,-1,-1,-1
666,77648,1018,191,48,126,1,-1,-1,-1
666,77631,801,257,62,125,1,-1,-1,-1
666,77666,1680,47,46,99,1,-1,-1,-1
666,77677,491,20,32,82,1,-1,-1,-1
666,77634,1268,52,36,89,1,-1,-1,-1
666,77690,860,180,43,118,1,-1,-1,-1
666,77691,420,69,40,106,1,-1,-1,-1
666,77642,338,67,37,103,1,-1,-1,-1
666,77667,693,11,27,80,1,-1,-1,-1
666,77711,1034,677,82,212,1,-1,-1,-1
666,77719,376,312,66,140,1,-1,-1,-1
666,77738,122,123,40,98,1,-1,-1,-1
666,77750,-2,343,16,115,1,-1,-1,-1
667,77604,1033,463,74,172,1,-1,-1,-1
667,77606,1157,570,89,89,1,-1,-1,-1
667,77614,665,343,67,161,1,-1,-1,-1
667,77615,713,453,63,179,1,-1,-1,-1
667,77629,1197,472,60,136,1,-1,-1,-1
667,77648,1015,191,49,126,1,-1,-1,-1
667,77631,801,256,61,125,1,-1,-1,-1
667,77666,1678,48,45,99,1,-1,-1,-1
667,77677,491,20,32,82,1,-1,-1,-1
667,77634,1265,52,38,89,1,-1,-1,-1
667,77690,859,181,44,118,1,-1,-1,-1
667,77691,421,70,40,106,1,-1,-1,-1
667,77642,339,67,37,103,1,-1,-1,-1
667,77667,693,12,27,80,1,-1,-1,-1
667,77711,1032,675,81,213,1,-1,-1,-1
667,77719,373,313,65,140,1,-1,-1,-1
667,77738,123,125,40,96,1,-1,-1,-1
667,77750,-2,343,16,115,1,-1,-1,-1
668,77604,1036,463,74,174,1,-1,-1,-1
668,77606,1156,570,90,89,1,-1,-1,-1
668,77614,666,344,67,160,1,-1,-1,-1
668,77615,712,453,64,180,1,-1,-1,-1
668,77629,1195,472,60,135,1,-1,-1,-1
668,77648,1013,191,49,126,1,-1,-1,-1
668,77631,801,256,59,125,1,-1,-1,-1
668,77666,1676,49,45,98,1,-1,-1,-1
668,77677,492,20,32,82,1,-1,-1,-1
668,77634,1262,52,38,90,1,-1,-1,-1
668,77690,858,182,44,119,1,-1,-1,-1
668,77691,422,70,40,106,1,-1,-1,-1
668,77642,339,68,37,102,1,-1,-1,-1
668,77667,693,12,27,79,1,-1,-1,-1
668,77711,1029,675,81,212,1,-1,-1,-1
668,77719,369,313,64,140,1,-1,-1,-1
668,77738,124,128,40,93,1,-1,-1,-1
668,77750,-2,343,16,115,1,-1,-1,-1
669,77604,1039,463,74,175,1,-1,-1,-1
669,77606,1155,570,91,89,1,-1,-1,-1
669,77614,667,344,66,161,1,-1,-1,-1
669,77615,712,454,64,180,1,-1,-1,-1
669,77629,1194,472,59,134,1,-1,-1,-1
669,77648,1010,191,49,126,1,-1,-1,-1
669,77631,801,256,58,124,1,-1,-1,-1
669,77666,1674,51,45,96,1,-1,-1,-1
669,77677,492,21,33,82,1,-1,-1,-1
669,77634,1259,52,38,91,1,-1,-1,-1
669,77690,858,183,44,119,1,-1,-1,-1
669,77691,423,70,40,106,1,-1,-1,-1
669,77642,340,68,37,102,1,-1,-1,-1
669,77667,694,12,26,79,1,-1,-1,-1
669,77711,1026,675,80,212,1,-1,-1,-1
669,77719,364,313,63,140,1,-1,-1,-1
669,77738,125,130,39,91,1,-1,-1,-1
669,77750,-1,343,14,115,1,-1,-1,-1
670,77604,1042,463,74,177,1,-1,-1,-1
670,77606,1155,570,90,90,1,-1,-1,-1
670,77614,668,345,65,160,1,-1,-1,-1
670,77615,711,455,65,181,1,-1,-1,-1
670,77629,1192,472,59,133,1,-1,-1,-1
670,77648,1006,191,50,126,1,-1,-1,-1
670,77631,802,256,56,123,1,-1,-1,-1
670,77666,1671,53,46,95,1,-1,-1,-1
670,77677,493,21,32,83,1,-1,-1,-1
670,77634,1256,52,38,92,1,-1,-1,-1
670,77690,856,184,46,120,1,-1,-1,-1
670,77691,424,71,40,106,1,-1,-1,-1
670,77642,341,69,36,101,1,-1,-1,-1
670,77667,694,13,27,79,1,-1,-1,-1
670,77711,1021,674,79,212,1,-1,-1,-1
670,77719,360,313,61,140,1,-1,-1,-1
670,77738,127,134,38,87,1,-1,-1,-1
670,77750,-1,343,14,116,1,-1,-1,-1
671,77604,1046,463,73,178,1,-1,-1,-1
671,77606,1154,570,91,90,1,-1,-1,-1
671,77614,668,345,65,161,1,-1,-1,-1
671,77615,710,455,66,181,1,-1,-1,-1
671,77629,1191,471,58,133,1,-1,-1,-1
671,77648,1005,191,50,126,1,-1,-1,-1
671,77631,802,256,54,122,1,-1,-1,-1
671,77666,1670,54,46,95,1,-1,-1,-1
671,77677,493,21,32,83,1,-1,-1,-1
671,77634,1253,52,38,92,1,-1,-1,-1
671,77690,856,185,45,120,1,-1,-1,-1
671,77691,425,72,40,106,1,-1,-1,-1
671,77642,342,69,36,101,1,-1,-1,-1
671,77667,694,14,28,79,1,-1,-1,-1
671,77711,1019,674,79,211,1,-1,-1,-1
671,77719,355,313,59,140,1,-1,-1,-1
671,77738,128,136,37,85,1,-1,-1,-1
671,77750,-1,343,14,116,1,-1,-1,-1
672,77604,1048,465,73,179,1,-1,-1,-1
672,77606,1153,570,93,91,1,-1,-1,-1
672,77614,670,346,64,160,1,-1,-1,-1
672,77615,710,456,67,182,1,-1,-1,-1
672,77629,1189,471,59,132,1,-1,-1,-1
672,77648,1004,191,50,126,1,-1,-1,-1
672,77631,803,256,53,122,1,-1,-1,-1
672,77666,1669,54,46,95,1,-1,-1,-1
672,77677,492,21,33,83,1,-1,-1,-1
672,77634,1250,52,37,93,1,-1,-1,-1
672,77690,855,185,46,121,1,-1,-1,-1
672,77691,425,72,40,106,1,-1,-1,-1
672,77642,342,69,36,101,1,-1,-1,-1
672,77667,694,14,28,79,1,-1,-1,-1
672,77711,1016,674,78,211,1,-1,-1,-1
672,77719,353,313,57,140,1,-1,-1,-1
672,77738,128,137,38,84,1,-1,-1,-1
672,77750,-1,343,14,116,1,-1,-1,-1
673,77604,1050,467,72,178,1,-1,-1,-1
673,77606,1153,570,92,91,1,-1,-1,-1
673,77614,670,347,64,160,1,-1,-1,-1
673,77615,709,457,68,182,1,-1,-1,-1
673,77629,1188,470,59,132,1,-1,-1,-1
673,77648,1003,191,51,126,1,-1,-1,-1
673,77631,803,256,51,122,1,-1,-1,-1
673,77666,1667,55,47,95,1,-1,-1,-1
673,77677,493,22,32,83,1,-1,-1,-1
673,77634,1248,53,37,93,1,-1,-1,-1
673,77690,854,187,46,120,1,-1,-1,-1
673,77691,426,72,40,107,1,-1,-1,-1
673,77642,342,70,36,101,1,-1,-1,-1
673,77667,695,15,28,79,1,-1,-1,-1
673,77711,1012,674,77,210,1,-1,-1,-1
673,77719,350,313,57,140,1,-1,-1,-1
673,77738,129,138,38,84,1,-1,-1,-1
673,77750,-1,343,13,116,1,-1,-1,-1
674,77604,1053,469,71,177,1,-1,-1,-1
674,77606,1152,570,94,91,1,-1,-1,-1
674,77614,671,347,62,160,1,-1,-1,-1
674,77615,708,458,69,182,1,-1,-1,-1
674,77629,1187,469,59,132,1,-1,-1,-1
674,77648,1003,191,51,126,1,-1,-1,-1
674,77631,804,255,50,122,1,-1,-1,-1
674,77666,1665,55,47,96,1,-1,-1,-1
674,77677,493,23,32,83,1,-1,-1,-1
674,77634,1246,54,37,92,1,-1,-1,-1
674,77690,853,188,46,120,1,-1,-1,-1
674,77691,426,73,41,107,1,-1,-1,-1
674,77642,342,71,36,100,1,-1,-1,-1
674,77667,695,16,28,79,1,-1,-1,-1
674,77711,1007,674,77,209,1,-1,-1,-1
674,77719,348,313,56,140,1,-1,-1,-1
674,77738,130,140,38,83,1,-1,-1,-1
674,77750,-2,343,13,116,1,-1,-1,-1
675,77604,1056,473,70,176,1,-1,-1,-1
675,77606,1150,570,95,92,1,-1,-1,-1
675,77614,672,349,61,160,1,-1,-1,-1
675,77615,706,459,71,183,1,-1,-1,-1
675,77629,1185,467,58,132,1,-1,-1,-1
675,77648,1002,191,51,126,1,-1,-1,-1
675,77631,803,255,49,122,1,-1,-1,-1
675,77666,1663,56,46,96,1,-1,-1,-1
675,77677,492,24,32,82,1,-1,-1,-1
675,77634,1243,55,38,91,1,-1,-1,-1
675,77690,852,189,46,121,1,-1,-1,-1
675,77691,427,74,40,107,1,-1,-1,-1
675,77642,343,72,36,100,1,-1,-1,-1
675,77667,695,17,28,79,1,-1,-1,-1
675,77711,1000,674,77,207,1,-1,-1,-1
675,77719,346,314,55,140,1,-1,-1,-1
675,77738,131,141,38,83,1,-1,-1,-1
675,77750,-2,343,12,116,1,-1,-1,-1
676,77604,1057,474,70,177,1,-1,-1,-1
676,77606,1149,569,96,94,1,-1,-1,-1
676,77614,673,350,60,160,1,-1,-1,-1
676,77615,705,459,73,184,1,-1,-1,-1
676,77629,1184,466,59,133,1,-1,-1,-1
676,77648,1002,191,51,126,1,-1,-1,-1
676,77631,804,255,48,122,1,-1,-1,-1
676,77666,1662,57,45,96,1,-1,-1,-1
676,77677,492,25,31,82,1,-1,-1,-1
676,77634,1241,56,38,91,1,-1,-1,-1
676,77690,850,190,46,121,1,-1,-1,-1
676,77691,427,74,40,107,1,-1,-1,-1
676,77642,343,73,37,100,1,-1,-1,-1
676,77667,696,18,28,79,1,-1,-1,-1
676,77711,997,674,77,206,1,-1,-1,-1
676,77719,344,314,55,140,1,-1,-1,-1
676,77738,131,142,38,83,1,-1,-1,-1
676,77750,-2,343,12,116,1,-1,-1,-1
677,77604,1060,475,70,177,1,-1,-1,-1
677,77606,1147,563,99,98,1,-1,-1,-1
677,77614,675,350,59,160,1,-1,-1,-1
677,77615,704,460,74,183,1,-1,-1,-1
677,77629,1182,465,60,133,1,-1,-1,-1
677,77648,1002,191,50,126,1,-1,-1,-1
677,77631,803,255,47,122,1,-1,-1,-1
677,77666,1659,57,45,96,1,-1,-1,-1
677,77677,492,25,31,82,1,-1,-1,-1
677,77634,1240,57,38,90,1,-1,-1,-1
677,77690,850,192,46,120,1,-1,-1,-1
677,77691,428,75,40,107,1,-1,-1,-1
677,77642,343,74,37,100,1,-1,-1,-1
677,77667,696,19,28,79,1,-1,-1,-1
677,77711,994,676,78,203,1,-1,-1,-1
677,77719,341,314,55,141,1,-1,-1,-1
677,77738,132,143,38,83,1,-1,-1,-1
677,77750,-2,347,11,112,1,-1,-1,-1
678,77604,1064,475,69,178,1,-1,-1,-1
678,77606,1145,555,103,104,1,-1,-1,-1
678,77614,677,351,58,159,1,-1,-1,-1
678,77615,703,461,74,183,1,-1,-1,-1
678,77629,1181,464,60,133,1,-1,-1,-1
678,77648,1002,191,50,126,1,-1,-1,-1
678,77631,802,255,46,121,1,-1,-1,-1
678,77666,1656,58,45,96,1,-1,-1,-1
678,77677,492,26,30,82,1,-1,-1,-1
678,77634,1238,58,39,91,1,-1,-1,-1
678,77690,849,193,45,120,1,-1,-1,-1
678,77691,428,76,40,107,1,-1,-1,-1
678,77642,343,75,37,100,1,-1,-1,-1
678,77667,697,20,28,79,1,-1,-1,-1
678,77711,991,677,79,202,1,-1,-1,-1
678,77719,339,315,55,141,1,-1,-1,-1
678,77738,132,144,39,82,1,-1,-1,-1
678,77750,-1,351,10,108,1,-1,-1,-1
679,77604,1068,475,69,179,1,-1,-1,-1
679,77606,1142,547,108,110,1,-1,-1,-1
679,77614,679,351,58,159,1,-1,-1,-1
679,77615,702,462,75,182,1,-1,-1,-1
679,77629,1180,462,60,133,1,-1,-1,-1
679,77648,1001,191,51,126,1,-1,-1,-1
679,77631,800,255,46,120,1,-1,-1,-1
679,77666,1653,59,45,96,1,-1,-1,-1
679,77677,492,27,29,82,1,-1,-1,-1
679,77634,1237,59,39,91,1,-1,-1,-1
679,77690,848,194,45,121,1,-1,-1,-1
679,77691,429,76,40,107,1,-1,-1,-1
679,77642,344,76,36,100,1,-1,-1,-1
679,77667,697,21,28,79,1,-1,-1,-1
679,77711,987,679,81,200,1,-1,-1,-1
679,77719,336,315,55,141,1,-1,-1,-1
679,77738,133,145,39,82,1,-1,-1,-1
679,77750,-1,356,10,104,1,-1,-1,-1
680,77604,1074,475,68,180,1,-1,-1,-1
680,77606,1140,537,113,118,1,-1,-1,-1
680,77614,682,352,57,159,1,-1,-1,-1
680,77615,701,463,76,182,1,-1,-1,-1
680,77629,1177,460,61,133,1,-1,-1,-1
680,77648,1001,191,50,126,1,-1,-1,-1
680,77631,799,255,46,120,1,-1,-1,-1
680,77666,1650,60,44,96,1,-1,-1,-1
680,77677,492,29,29,82,1,-1,-1,-1
680,77634,1236,60,39,91,1,-1,-1,-1
680,77690,847,196,45,120,1,-1,-1,-1
680,77691,430,77,40,108,1,-1,-1,-1
680,77642,344,77,37,100,1,-1,-1,-1
680,77667,697,23,29,79,1,-1,-1,-1
680,77711,982,681,83,197,1,-1,-1,-1
680,77719,334,316,55,141,1,-1,-1,-1
680,77738,134,146,39,83,1,-1,-1,-1
680,77750,0,362,9,97,1,-1,-1,-1
681,77604,1076,475,68,180,1,-1,-1,-1
681,77606,1140,531,114,123,1,-1,-1,-1
681,77614,684,352,58,159,1,-1,-1,-1
681,77615,699,464,77,181,1,-1,-1,-1
681,77629,1176,460,61,133,1,-1,-1,-1
681,77648,1001,191,50,126,1,-1,-1,-1
681,77631,797,255,46,119,1,-1,-1,-1
681,77666,1645,61,45,96,1,-1,-1,-1
681,77677,492,30,28,82,1,-1,-1,-1
681,77634,1235,61,39,91,1,-1,-1,-1
681,77690,846,197,45,120,1,-1,-1,-1
681,77691,430,78,40,108,1,-1,-1,-1
681,77642,345,78,37,99,1,-1,-1,-1
681,77667,698,24,28,79,1,-1,-1,-1
681,77711,979,682,85,196,1,-1,-1,-1
681,77719,331,316,55,141,1,-1,-1,-1
681,77738,135,148,39,82,1,-1,-1,-1
681,77750,0,364,9,95,1,-1,-1,-1
682,77604,1081,475,67,180,1,-1,-1,-1
682,77606,1142,526,115,128,1,-1,-1,-1
682,77614,686,353,58,159,1,-1,-1,-1
682,77615,698,466,78,179,1,-1,-1,-1
682,77629,1173,459,64,139,1,-1,-1,-1
682,77648,1000,191,50,126,1,-1,-1,-1
682,77631,796,255,47,119,1,-1,-1,-1
682,77666,1643,62,45,96,1,-1,-1,-1
682,77677,493,30,27,82,1,-1,-1,-1
682,77634,1233,61,39,92,1,-1,-1,-1
682,77690,846,198,44,120,1,-1,-1,-1
682,77691,431,78,40,108,1,-1,-1,-1
682,77642,345,79,37,99,1,-1,-1,-1
682,77667,698,24,28,79,1,-1,-1,-1
682,77711,974,683,87,196,1,-1,-1,-1
682,77719,327,316,57,141,1,-1,-1,-1
682,77738,135,149,39,81,1,-1,-1,-1
683,77604,1085,476,67,180,1,-1,-1,-1
683,77606,1145,522,114,130,1,-1,-1,-1
683,77614,688,354,58,159,1,-1,-1,-1
683,77615,697,467,78,179,1,-1,-1,-1
683,77629,1170,459,67,144,1,-1,-1,-1
683,77648,1001,192,49,126,1,-1,-1,-1
683,77631,796,255,47,120,1,-1,-1,-1
683,77666,1642,63,45,96,1,-1,-1,-1
683,77677,493,31,27,82,1,-1,-1,-1
683,77634,1230,61,39,93,1,-1,-1,-1
683,77690,846,199,44,120,1,-1,-1,-1
683,77691,431,79,40,107,1,-1,-1,-1
683,77642,345,80,38,99,1,-1,-1,-1
683,77667,698,25,28,79,1,-1,-1,-1
683,77711,969,683,88,197,1,-1,-1,-1
683,77719,324,318,57,140,1,-1,-1,-1
683,77738,136,150,39,81,1,-1,-1,-1
684,77604,1088,476,67,181,1,-1,-1,-1
684,77606,1148,517,113,134,1,-1,-1,-1
684,77614,690,355,59,159,1,-1,-1,-1
684,77615,696,468,79,179,1,-1,-1,-1
684,77629,1167,458,71,153,1,-1,-1,-1
684,77648,1000,193,50,126,1,-1,-1,-1
684,77631,795,255,49,121,1,-1,-1,-1
684,77666,1640,64,46,95,1,-1,-1,-1
684,77677,493,31,27,82,1,-1,-1,-1
684,77634,1228,61,38,93,1,-1,-1,-1
684,77690,846,200,44,120,1,-1,-1,-1
684,77691,432,80,39,107,1,-1,-1,-1
684,77642,346,81,38,98,1,-1,-1,-1
684,77667,698,26,29,80,1,-1,-1,-1
684,77711,964,683,89,197,1,-1,-1,-1
684,77719,321,319,57,140,1,-1,-1,-1
684,77738,137,150,39,81,1,-1,-1,-1
685,77604,1092,477,68,180,1,-1,-1,-1
685,77606,1152,510,113,140,1,-1,-1,-1
685,77614,693,356,59,159,1,-1,-1,-1
685,77615,695,470,80,177,1,-1,-1,-1
685,77629,1163,458,75,159,1,-1,-1,-1
685,77648,1000,194,50,126,1,-1,-1,-1
685,77631,793,255,52,122,1,-1,-1,-1
685,77666,1639,66,45,94,1,-1,-1,-1
685,77677,494,32,27,82,1,-1,-1,-1
685,77634,1225,61,38,94,1,-1,-1,-1
685,77690,846,201,44,120,1,-1,-1,-1
685,77691,433,81,38,106,1,-1,-1,-1
685,77642,347,81,38,99,1,-1,-1,-1
685,77667,699,27,28,80,1,-1,-1,-1
685,77711,959,683,89,198,1,-1,-1,-1
685,77719,317,320,58,140,1,-1,-1,-1
685,77738,138,151,39,81,1,-1,-1,-1
686,77604,1096,477,69,181,1,-1,-1,-1
686,77606,1154,508,111,141,1,-1,-1,-1
686,77614,694,357,60,159,1,-1,-1,-1
686,77615,694,471,81,177,1,-1,-1,-1
686,77629,1159,457,80,169,1,-1,-1,-1
686,77648,1000,195,49,126,1,-1,-1,-1
686,77631,792,255,55,123,1,-1,-1,-1
686,77666,1637,67,46,94,1,-1,-1,-1
686,77677,495,33,26,82,1,-1,-1,-1
686,77634,1221,61,39,95,1,-1,-1,-1
686,77690,846,202,44,120,1,-1,-1,-1
686,77691,434,81,38,107,1,-1,-1,-1
686,77642,348,82,38,99,1,-1,-1,-1
686,77667,699,29,29,80,1,-1,-1,-1
686,77711,954,683,88,199,1,-1,-1,-1
686,77719,313,321,59,139,1,-1,-1,-1
686,77738,138,152,39,80,1,-1,-1,-1
687,77604,1098,478,69,180,1,-1,-1,-1
687,77606,1157,506,108,145,1,-1,-1,-1
687,77614,695,357,61,159,1,-1,-1,-1
687,77615,692,472,82,177,1,-1,-1,-1
687,77629,1157,457,82,172,1,-1,-1,-1
687,77648,999,196,50,126,1,-1,-1,-1
687,77631,792,255,57,123,1,-1,-1,-1
687,77666,1636,68,46,93,1,-1,-1,-1
687,77677,495,34,26,82,1,-1,-1,-1
687,77634,1219,62,39,95,1,-1,-1,-1
687,77690,846,203,44,120,1,-1,-1,-1
687,77691,434,82,39,106,1,-1,-1,-1
687,77642,348,83,38,99,1,-1,-1,-1
687,77667,700,30,28,80,1,-1,-1,-1
687,77711,949,683,87,199,1,-1,-1,-1
687,77719,309,322,60,139,1,-1,-1,-1
687,77738,139,153,39,80,1,-1,-1,-1
688,77604,1100,479,70,180,1,-1,-1,-1
688,77606,1159,505,106,147,1,-1,-1,-1
688,77614,697,357,60,159,1,-1,-1,-1
688,77615,690,474,82,177,1,-1,-1,-1
688,77629,1157,458,83,173,1,-1,-1,-1
688,77648,1000,196,50,126,1,-1,-1,-1
688,77631,792,255,58,123,1,-1,-1,-1
688,77666,1635,69,46,93,1,-1,-1,-1
688,77677,496,35,25,82,1,-1,-1,-1
688,77634,1217,64,39,94,1,-1,-1,-1
688,77690,846,204,43,120,1,-1,-1,-1
688,77691,435,83,38,106,1,-1,-1,-1
688,77642,349,84,38,98,1,-1,-1,-1
688,77667,700,31,29,80,1,-1,-1,-1
688,77711,943,685,86,199,1,-1,-1,-1
688,77719,305,324,62,137,1,-1,-1,-1
688,77738,140,154,39,80,1,-1,-1,-1
689,77604,1101,479,70,181,1,-1,-1,-1
689,77606,1161,503,105,150,1,-1,-1,-1
689,77614,698,358,61,158,1,-1,-1,-1
689,77615,688,476,83,177,1,-1,-1,-1
689,77629,1157,459,83,173,1,-1,-1,-1
689,77648,999,197,50,126,1,-1,-1,-1
689,77631,792,255,60,124,1,-1,-1,-1
689,77666,1633,69,47,94,1,-1,-1,-1
689,77677,496,35,25,82,1,-1,-1,-1
689,77634,1216,66,39,93,1,-1,-1,-1
689,77690,846,205,43,120,1,-1,-1,-1
689,77691,436,84,37,105,1,-1,-1,-1
689,77642,350,84,38,99,1,-1,-1,-1
689,77667,701,32,28,81,1,-1,-1,-1
689,77711,937,687,86,199,1,-1,-1,-1
689,77719,301,325,63,137,1,-1,-1,-1
689,77738,141,155,39,79,1,-1,-1,-1
689,77750,5,439,5,27,1,-1,-1,-1
690,77604,1102,480,71,180,1,-1,-1,-1
690,77606,1162,501,104,153,1,-1,-1,-1
690,77614,700,359,61,158,1,-1,-1,-1
690,77615,686,477,84,177,1,-1,-1,-1
690,77629,1158,460,83,173,1,-1,-1,-1
690,77648,998,198,51,126,1,-1,-1,-1
690,77631,792,255,61,124,1,-1,-1,-1
690,77666,1632,70,46,94,1,-1,-1,-1
690,77677,496,36,25,82,1,-1,-1,-1
690,77634,1214,69,39,92,1,-1,-1,-1
690,77690,846,206,43,120,1,-1,-1,-1
690,77691,437,85,37,105,1,-1,-1,-1
690,77642,351,85,38,99,1,-1,-1,-1
690,77667,701,34,29,80,1,-1,-1,-1
690,77711,926,689,86,199,1,-1,-1,-1
690,77719,297,326,64,137,1,-1,-1,-1
690,77738,142,156,39,80,1,-1,-1,-1
691,77604,1104,481,71,180,1,-1,-1,-1
691,77606,1164,500,102,156,1,-1,-1,-1
691,77614,701,359,62,158,1,-1,-1,-1
691,77615,684,479,84,177,1,-1,-1,-1
691,77629,1158,461,84,173,1,-1,-1,-1
691,77648,998,199,51,126,1,-1,-1,-1
691,77631,793,255,60,124,1,-1,-1,-1
691,77666,1630,70,46,95,1,-1,-1,-1
691,77677,497,37,25,82,1,-1,-1,-1
691,77634,1212,70,40,92,1,-1,-1,-1
691,77690,846,207,43,120,1,-1,-1,-1
691,77691,438,86,37,104,1,-1,-1,-1
691,77642,351,86,38,99,1,-1,-1,-1
691,77667,702,35,28,80,1,-1,-1,-1
691,77711,922,690,86,199,1,-1,-1,-1
691,77719,293,327,65,136,1,-1,-1,-1
691,77738,143,157,39,80,1,-1,-1,-1
691,77751,0,435,18,34,1,-1,-1,-1
692,77604,1104,482,73,181,1,-1,-1,-1
692,77606,1166,499,99,159,1,-1,-1,-1
692,77614,703,360,62,158,1,-1,-1,-1
692,77615,682,481,85,177,1,-1,-1,-1
692,77629,1159,463,84,172,1,-1,-1,-1
692,77648,998,200,50,126,1,-1,-1,-1
692,77631,793,255,61,124,1,-1,-1,-1
692,77666,1629,72,45,95,1,-1,-1,-1
692,77677,497,38,25,82,1,-1,-1,-1
692,77634,1211,72,40,91,1,-1,-1,-1
692,77690,847,208,42,120,1,-1,-1,-1
692,77691,439,87,36,104,1,-1,-1,-1
692,77642,352,87,38,99,1,-1,-1,-1
692,77667,703,36,28,80,1,-1,-1,-1
692,77711,917,691,86,199,1,-1,-1,-1
692,77719,290,328,67,137,1,-1,-1,-1
692,77738,143,158,40,79,1,-1,-1,-1
692,77751,0,435,18,34,1,-1,-1,-1
693,77604,1105,483,73,181,1,-1,-1,-1
693,77606,1168,497,98,162,1,-1,-1,-1
693,77614,705,361,61,158,1,-1,-1,-1
693,77615,681,483,84,177,1,-1,-1,-1
693,77629,1159,465,84,172,1,-1,-1,-1
693,77648,997,200,51,126,1,-1,-1,-1
693,77631,794,255,61,124,1,-1,-1,-1
693,77666,1628,73,44,95,1,-1,-1,-1
693,77677,497,39,25,82,1,-1,-1,-1
693,77634,1209,73,41,91,1,-1,-1,-1
693,77690,847,209,43,120,1,-1,-1,-1
693,77691,440,88,36,104,1,-1,-1,-1
693,77642,353,88,38,99,1,-1,-1,-1
693,77667,703,37,28,80,1,-1,-1,-1
693,77711,912,692,87,198,1,-1,-1,-1
693,77719,289,329,68,137,1,-1,-1,-1
693,77738,144,159,40,79,1,-1,-1,-1
693,77751,0,435,19,35,1,-1,-1,-1
694,77604,1106,484,73,181,1,-1,-1,-1
694,77606,1170,496,96,165,1,-1,-1,-1
694,77614,706,362,62,158,1,-1,-1,-1
694,77615,679,485,84,177,1,-1,-1,-1
694,77629,1159,467,84,171,1,-1,-1,-1
694,77648,998,201,50,125,1,-1,-1,-1
694,77631,795,255,60,124,1,-1,-1,-1
694,77666,1626,75,44,95,1,-1,-1,-1
694,77677,498,39,25,82,1,-1,-1,-1
694,77634,1209,75,40,91,1,-1,-1,-1
694,77690,849,211,42,120,1,-1,-1,-1
694,77691,441,89,36,104,1,-1,-1,-1
694,77642,354,89,39,99,1,-1,-1,-1
694,77667,703,38,28,80,1,-1,-1,-1
694,77711,907,693,88,198,1,-1,-1,-1
694,77719,288,330,69,138,1,-1,-1,-1
694,77738,144,160,40,79,1,-1,-1,-1
694,77751,0,435,19,36,1,-1,-1,-1
695,77604,1106,485,73,182,1,-1,-1,-1
695,77606,1172,493,95,170,1,-1,-1,-1
695,77614,708,362,62,158,1,-1,-1,-1
695,77615,677,487,85,176,1,-1,-1,-1
695,77629,1160,469,83,170,1,-1,-1,-1
695,77648,998,201,50,125,1,-1,-1,-1
695,77631,797,255,59,124,1,-1,-1,-1
695,77666,1623,78,44,95,1,-1,-1,-1
695,77677,498,41,25,82,1,-1,-1,-1
695,77634,1208,76,39,91,1,-1,-1,-1
695,77690,849,212,43,120,1,-1,-1,-1
695,77691,442,90,36,104,1,-1,-1,-1
695,77642,355,90,39,99,1,-1,-1,-1
695,77667,704,40,28,80,1,-1,-1,-1
695,77711,901,693,90,198,1,-1,-1,-1
695,77719,286,332,69,139,1,-1,-1,-1
695,77738,145,161,40,80,1,-1,-1,-1
695,77751,0,435,20,36,1,-1,-1,-1
696,77604,1107,487,73,182,1,-1,-1,-1
696,77606,1174,493,92,170,1,-1,-1,-1
696,77614,710,363,61,158,1,-1,-1,-1
696,77615,675,489,85,177,1,-1,-1,-1
696,77629,1161,471,82,169,1,-1,-1,-1
696,77648,998,202,49,124,1,-1,-1,-1
696,77631,797,255,59,124,1,-1,-1,-1
696,77666,1623,79,43,95,1,-1,-1,-1
696,77677,498,42,25,82,1,-1,-1,-1
696,77634,1208,78,38,91,1,-1,-1,-1
696,77690,850,214,43,120,1,-1,-1,-1
696,77691,443,92,36,104,1,-1,-1,-1
696,77642,355,92,39,98,1,-1,-1,-1
696,77667,704,41,28,80,1,-1,-1,-1
696,77711,896,694,93,198,1,-1,-1,-1
696,77719,286,333,68,139,1,-1,-1,-1
696,77738,146,162,40,80,1,-1,-1,-1
696,77751,0,435,21,37,1,-1,-1,-1
697,77604,1108,488,72,182,1,-1,-1,-1
697,77606,1175,492,90,172,1,-1,-1,-1
697,77614,711,364,61,158,1,-1,-1,-1
697,77615,674,491,84,176,1,-1,-1,-1
697,77629,1162,472,82,169,1,-1,-1,-1
697,77648,998,203,49,123,1,-1,-1,-1
697,77631,799,256,57,123,1,-1,-1,-1
697,77666,1621,80,43,95,1,-1,-1,-1
697,77677,499,42,25,82,1,-1,-1,-1
697,77634,1206,80,37,90,1,-1,-1,-1
697,77690,851,215,42,120,1,-1,-1,-1
697,77691,444,93,36,104,1,-1,-1,-1
697,77642,356,93,39,98,1,-1,-1,-1
697,77667,705,42,27,80,1,-1,-1,-1
697,77711,889,695,94,199,1,-1,-1,-1
697,77719,284,333,69,141,1,-1,-1,-1
697,77738,147,164,40,79,1,-1,-1,-1
697,77751,0,435,20,38,1,-1,-1,-1
698,77604,1108,489,72,181,1,-1,-1,-1
698,77606,1177,493,87,171,1,-1,-1,-1
698,77614,712,364,61,158,1,-1,-1,-1
698,77615,672,492,84,177,1,-1,-1,-1
698,77629,1164,473,81,169,1,-1,-1,-1
698,77648,997,203,49,123,1,-1,-1,-1
698,77631,800,257,56,124,1,-1,-1,-1
698,77666,1620,82,42,95,1,-1,-1,-1
698,77677,500,43,25,82,1,-1,-1,-1
698,77634,1204,81,37,90,1,-1,-1,-1
698,77690,852,217,42,120,1,-1,-1,-1
698,77691,445,94,36,104,1,-1,-1,-1
698,77642,357,94,39,98,1,-1,-1,-1
698,77667,705,43,28,80,1,-1,-1,-1
698,77711,882,695,94,201,1,-1,-1,-1
698,77719,281,333,69,142,1,-1,-1,-1
698,77738,148,165,40,79,1,-1,-1,-1
698,77751,0,435,20,39,1,-1,-1,-1
699,77604,1108,489,71,181,1,-1,-1,-1
699,77606,1179,493,85,172,1,-1,-1,-1
699,77614,713,365,61,157,1,-1,-1,-1
699,77615,671,493,84,177,1,-1,-1,-1
699,77629,1166,474,81,169,1,-1,-1,-1
699,77648,997,204,48,122,1,-1,-1,-1
699,77631,800,257,56,124,1,-1,-1,-1
699,77666,1620,83,41,95,1,-1,-1,-1
699,77677,500,44,25,82,1,-1,-1,-1
699,77634,1201,82,37,91,1,-1,-1,-1
699,77690,852,219,42,120,1,-1,-1,-1
699,77691,446,95,36,104,1,-1,-1,-1
699,77642,358,96,39,98,1,-1,-1,-1
699,77667,705,44,28,80,1,-1,-1,-1
699,77711,874,695,95,204,1,-1,-1,-1
699,77719,277,333,69,142,1,-1,-1,-1
699,77738,149,166,40,80,1,-1,-1,-1
699,77751,-1,435,20,39,1,-1,-1,-1
700,77604,1108,490,71,180,1,-1,-1,-1
700,77606,1181,494,82,171,1,-1,-1,-1
700,77614,714,366,61,157,1,-1,-1,-1
700,77615,669,495,83,177,1,-1,-1,-1
700,77629,1169,475,81,170,1,-1,-1,-1
700,77648,997,204,48,122,1,-1,-1,-1
700,77631,802,258,54,124,1,-1,-1,-1
700,77666,1618,85,42,94,1,-1,-1,-1
700,77677,501,45,25,82,1,-1,-1,-1
700,77634,1197,83,37,92,1,-1,-1,-1
700,77690,853,220,42,120,1,-1,-1,-1
700,77691,448,98,36,104,1,-1,-1,-1
700,77642,359,97,39,98,1,-1,-1,-1
700,77667,705,44,28,80,1,-1,-1,-1
700,77711,867,695,95,206,1,-1,-1,-1
700,77719,274,333,69,143,1,-1,-1,-1
700,77738,149,167,40,80,1,-1,-1,-1
700,77751,-2,435,20,40,1,-1,-1,-1
701,77604,1108,490,71,180,1,-1,-1,-1
701,77606,1183,494,79,171,1,-1,-1,-1
701,77614,715,366,60,157,1,-1,-1,-1
701,77615,668,496,82,177,1,-1,-1,-1
701,77629,1172,476,80,170,1,-1,-1,-1
701,77648,997,205,47,122,1,-1,-1,-1
701,77631,802,259,54,124,1,-1,-1,-1
701,77666,1617,87,42,94,1,-1,-1,-1
701,77677,501,46,26,82,1,-1,-1,-1
701,77634,1196,84,37,92,1,-1,-1,-1
701,77690,854,222,42,120,1,-1,-1,-1
701,77691,449,99,36,104,1,-1,-1,-1
701,77642,360,99,39,97,1,-1,-1,-1
701,77667,705,45,28,80,1,-1,-1,-1
701,77711,858,695,93,209,1,-1,-1,-1
701,77719,271,333,69,144,1,-1,-1,-1
701,77738,150,169,40,79,1,-1,-1,-1
701,77751,-3,435,20,41,1,-1,-1,-1
702,77604,1109,490,70,180,1,-1,-1,-1
702,77606,1184,494,78,171,1,-1,-1,-1
702,77614,715,367,61,157,1,-1,-1,-1
702,77615,666,498,83,177,1,-1,-1,-1
702,77629,1174,477,79,170,1,-1,-1,-1
702,77648,997,206,47,121,1,-1,-1,-1
702,77631,804,259,52,125,1,-1,-1,-1
702,77666,1616,88,42,94,1,-1,-1,-1
702,77677,502,47,26,82,1,-1,-1,-1
702,77634,1195,84,37,92,1,-1,-1,-1
702,77690,855,223,41,120,1,-1,-1,-1
702,77691,450,99,35,104,1,-1,-1,-1
702,77642,360,100,40,97,1,-1,-1,-1
702,77667,705,46,28,80,1,-1,-1,-1
702,77711,853,695,91,211,1,-1,-1,-1
702,77719,267,333,69,144,1,-1,-1,-1
702,77738,151,170,40,80,1,-1,-1,-1
702,77751,-3,435,19,41,1,-1,-1,-1
703,77604,1110,490,70,180,1,-1,-1,-1
703,77606,1186,495,75,171,1,-1,-1,-1
703,77614,716,368,60,157,1,-1,-1,-1
703,77615,665,499,82,177,1,-1,-1,-1
703,77629,1177,478,78,170,1,-1,-1,-1
703,77648,997,205,47,122,1,-1,-1,-1
703,77631,805,260,51,124,1,-1,-1,-1
703,77666,1615,88,42,94,1,-1,-1,-1
703,77677,503,48,26,82,1,-1,-1,-1
703,77634,1194,85,37,91,1,-1,-1,-1
703,77690,855,223,42,121,1,-1,-1,-1
703,77691,450,100,35,104,1,-1,-1,-1
703,77642,361,100,40,97,1,-1,-1,-1
703,77667,705,46,29,81,1,-1,-1,-1
703,77711,847,697,90,211,1,-1,-1,-1
703,77719,264,332,69,145,1,-1,-1,-1
703,77738,152,170,40,80,1,-1,-1,-1
704,77604,1111,490,69,180,1,-1,-1,-1
704,77606,1187,495,74,171,1,-1,-1,-1
704,77614,717,369,60,157,1,-1,-1,-1
704,77615,663,501,81,177,1,-1,-1,-1
704,77629,1179,479,78,170,1,-1,-1,-1
704,77648,997,204,47,122,1,-1,-1,-1
704,77631,806,261,49,124,1,-1,-1,-1
704,77666,1614,88,41,95,1,-1,-1,-1
704,77677,503,49,27,82,1,-1,-1,-1
704,77634,1192,86,37,91,1,-1,-1,-1
704,77690,856,223,41,121,1,-1,-1,-1
704,77691,450,100,36,104,1,-1,-1,-1
704,77642,362,101,40,97,1,-1,-1,-1
704,77667,705,47,29,81,1,-1,-1,-1
704,77711,840,699,90,210,1,-1,-1,-1
704,77719,260,332,70,146,1,-1,-1,-1
704,77738,153,171,40,80,1,-1,-1,-1
705,77604,1112,490,68,180,1,-1,-1,-1
705,77606,1188,495,73,171,1,-1,-1,-1
705,77614,718,369,60,157,1,-1,-1,-1
705,77615,662,502,80,177,1,-1,-1,-1
705,77629,1182,480,76,171,1,-1,-1,-1
705,77648,997,204,47,122,1,-1,-1,-1
705,77631,808,262,47,124,1,-1,-1,-1
705,77666,1613,88,40,95,1,-1,-1,-1
705,77677,505,51,26,82,1,-1,-1,-1
705,77634,1191,87,38,91,1,-1,-1,-1
705,77690,856,223,42,121,1,-1,-1,-1
705,77691,451,100,35,104,1,-1,-1,-1
705,77642,363,101,40,97,1,-1,-1,-1
705,77667,705,48,29,82,1,-1,-1,-1
705,77711,831,701,93,209,1,-1,-1,-1
705,77719,254,332,70,146,1,-1,-1,-1
705,77738,154,171,40,80,1,-1,-1,-1
706,77604,1113,490,68,180,1,-1,-1,-1
706,77606,1190,496,71,170,1,-1,-1,-1
706,77614,720,370,59,157,1,-1,-1,-1
706,77615,661,503,79,177,1,-1,-1,-1
706,77629,1185,481,75,171,1,-1,-1,-1
706,77648,997,203,46,123,1,-1,-1,-1
706,77631,809,263,46,124,1,-1,-1,-1
706,77666,1612,88,40,96,1,-1,-1,-1
706,77677,505,52,26,82,1,-1,-1,-1
706,77634,1190,88,37,91,1,-1,-1,-1
706,77690,856,223,43,122,1,-1,-1,-1
706,77691,451,101,36,104,1,-1,-1,-1
706,77642,363,102,40,97,1,-1,-1,-1
706,77667,706,49,29,82,1,-1,-1,-1
706,77711,823,703,95,209,1,-1,-1,-1
706,77719,252,332,70,147,1,-1,-1,-1
706,77738,155,171,40,80,1,-1,-1,-1
707,77604,1114,490,67,180,1,-1,-1,-1
707,77606,1191,496,70,170,1,-1,-1,-1
707,77614,720,371,60,157,1,-1,-1,-1
707,77615,659,504,79,177,1,-1,-1,-1
707,77629,1187,482,73,170,1,-1,-1,-1
707,77648,997,203,47,123,1,-1,-1,-1
707,77631,810,263,45,124,1,-1,-1,-1
707,77666,1609,88,39,96,1,-1,-1,-1
707,77677,505,53,27,82,1,-1,-1,-1
707,77634,1188,88,38,91,1,-1,-1,-1
707,77690,857,223,42,122,1,-1,-1,-1
707,77691,451,101,36,104,1,-1,-1,-1
707,77642,364,102,40,97,1,-1,-1,-1
707,77667,706,50,29,81,1,-1,-1,-1
707,77711,817,704,97,208,1,-1,-1,-1
707,77719,251,332,70,146,1,-1,-1,-1
707,77738,156,172,40,80,1,-1,-1,-1
708,77604,1114,490,67,180,1,-1,-1,-1
708,77606,1192,497,69,169,1,-1,-1,-1
708,77614,721,371,59,158,1,-1,-1,-1
708,77615,657,504,79,177,1,-1,-1,-1
708,77629,1188,483,73,170,1,-1,-1,-1
708,77648,997,202,46,124,1,-1,-1,-1
708,77631,812,263,44,124,1,-1,-1,-1
708,77666,1607,88,39,96,1,-1,-1,-1
708,77677,505,53,27,82,1,-1,-1,-1
708,77634,1186,88,38,91,1,-1,-1,-1
708,77690,857,223,43,122,1,-1,-1,-1
708,77691,452,102,36,103,1,-1,-1,-1
708,77642,365,102,40,97,1,-1,-1,-1
708,77667,706,51,29,81,1,-1,-1,-1
708,77711,812,704,99,208,1,-1,-1,-1
708,77719,249,331,69,146,1,-1,-1,-1
708,77738,157,172,40,80,1,-1,-1,-1
709,77604,1115,490,66,181,1,-1,-1,-1
709,77606,1192,497,68,169,1,-1,-1,-1
709,77614,721,372,60,158,1,-1,-1,-1
709,77615,655,505,78,177,1,-1,-1,-1
709,77629,1189,483,72,170,1,-1,-1,-1
709,77648,997,202,47,124,1,-1,-1,-1
709,77631,813,263,44,124,1,-1,-1,-1
709,77666,1603,88,40,97,1,-1,-1,-1
709,77677,505,53,27,82,1,-1,-1,-1
709,77634,1185,88,37,91,1,-1,-1,-1
709,77690,857,223,44,123,1,-1,-1,-1
709,77691,452,102,37,104,1,-1,-1,-1
709,77642,366,103,40,96,1,-1,-1,-1
709,77667,706,51,29,82,1,-1,-1,-1
709,77711,808,704,100,208,1,-1,-1,-1
709,77719,248,331,68,144,1,-1,-1,-1
709,77738,158,173,40,79,1,-1,-1,-1
710,77604,1116,490,66,181,1,-1,-1,-1
710,77606,1194,498,66,168,1,-1,-1,-1
710,77614,722,372,60,159,1,-1,-1,-1
710,77615,654,505,77,176,1,-1,-1,-1
710,77629,1190,484,71,170,1,-1,-1,-1
710,77648,997,201,47,125,1,-1,-1,-1
710,77631,814,263,44,124,1,-1,-1,-1
710,77666,1600,88,40,97,1,-1,-1,-1
710,77677,505,54,27,82,1,-1,-1,-1
710,77634,1183,88,36,91,1,-1,-1,-1
710,77690,857,223,44,123,1,-1,-1,-1
710,77691,453,102,36,104,1,-1,-1,-1
710,77642,367,103,40,97,1,-1,-1,-1
710,77667,706,52,29,81,1,-1,-1,-1
710,77711,803,704,99,208,1,-1,-1,-1
710,77719,246,330,67,142,1,-1,-1,-1
710,77738,159,173,41,80,1,-1,-1,-1
711,77604,1116,490,65,182,1,-1,-1,-1
711,77606,1195,498,65,169,1,-1,-1,-1
711,77614,722,373,61,159,1,-1,-1,-1
711,77615,652,505,76,176,1,-1,-1,-1
711,77629,1192,484,69,170,1,-1,-1,-1
711,77648,997,201,46,125,1,-1,-1,-1
711,77631,815,263,44,123,1,-1,-1,-1
711,77666,1597,88,40,97,1,-1,-1,-1
711,77677,505,54,28,82,1,-1,-1,-1
711,77634,1182,88,34,91,1,-1,-1,-1
711,77690,857,223,45,123,1,-1,-1,-1
711,77691,453,103,36,104,1,-1,-1,-1
711,77642,367,104,40,97,1,-1,-1,-1
711,77667,706,53,29,81,1,-1,-1,-1
711,77711,802,704,98,208,1,-1,-1,-1
711,77719,245,330,66,141,1,-1,-1,-1
711,77738,160,174,41,80,1,-1,-1,-1
712,77604,1117,490,64,182,1,-1,-1,-1
712,77606,1195,499,65,168,1,-1,-1,-1
712,77614,723,373,60,160,1,-1,-1,-1
712,77615,651,505,75,176,1,-1,-1,-1
712,77629,1193,484,69,170,1,-1,-1,-1
712,77648,998,200,45,126,1,-1,-1,-1
712,77631,816,263,44,123,1,-1,-1,-1
712,77666,1595,88,41,98,1,-1,-1,-1
712,77677,505,54,28,82,1,-1,-1,-1
712,77634,1180,88,34,91,1,-1,-1,-1
712,77690,857,223,45,123,1,-1,-1,-1
712,77691,453,103,37,104,1,-1,-1,-1
712,77642,368,104,40,97,1,-1,-1,-1
712,77667,706,54,30,81,1,-1,-1,-1
712,77711,795,704,98,209,1,-1,-1,-1
712,77719,244,330,67,141,1,-1,-1,-1
712,77738,161,174,40,80,1,-1,-1,-1
713,77604,1118,490,64,183,1,-1,-1,-1
713,77606,1196,499,64,168,1,-1,-1,-1
713,77614,724,374,60,160,1,-1,-1,-1
713,77615,649,505,74,176,1,-1,-1,-1
713,77629,1194,485,68,170,1,-1,-1,-1
713,77648,998,200,45,125,1,-1,-1,-1
713,77631,817,263,45,123,1,-1,-1,-1
713,77666,1595,89,41,97,1,-1,-1,-1
713,77677,504,55,28,82,1,-1,-1,-1
713,77634,1178,88,34,91,1,-1,-1,-1
713,77690,857,223,45,123,1,-1,-1,-1
713,77691,453,103,37,104,1,-1,-1,-1
713,77642,368,104,40,97,1,-1,-1,-1
713,77667,707,54,29,81,1,-1,-1,-1
713,77711,786,704,97,209,1,-1,-1,-1
713,77719,245,329,65,142,1,-1,-1,-1
713,77738,162,174,40,80,1,-1,-1,-1
714,77604,1119,490,63,183,1,-1,-1,-1
714,77606,1196,500,63,167,1,-1,-1,-1
714,77614,724,374,61,160,1,-1,-1,-1
714,77615,648,505,73,176,1,-1,-1,-1
714,77629,1195,485,67,170,1,-1,-1,-1
714,77648,998,200,45,124,1,-1,-1,-1
714,77631,818,263,46,123,1,-1,-1,-1
714,77666,1594,89,42,97,1,-1,-1,-1
714,77677,504,55,28,82,1,-1,-1,-1
714,77634,1175,88,34,91,1,-1,-1,-1
714,77690,856,224,45,122,1,-1,-1,-1
714,77691,453,103,37,104,1,-1,-1,-1
714,77642,369,105,40,97,1,-1,-1,-1
714,77667,707,55,29,81,1,-1,-1,-1
714,77711,776,704,97,209,1,-1,-1,-1
714,77719,245,329,65,142,1,-1,-1,-1
714,77738,162,175,41,80,1,-1,-1,-1
715,77604,1119,490,63,183,1,-1,-1,-1
715,77606,1197,501,61,166,1,-1,-1,-1
715,77614,725,374,61,162,1,-1,-1,-1
715,77615,646,505,73,176,1,-1,-1,-1
715,77629,1196,485,67,171,1,-1,-1,-1
715,77648,998,200,45,123,1,-1,-1,-1
715,77631,819,263,47,122,1,-1,-1,-1
715,77666,1594,90,43,97,1,-1,-1,-1
715,77677,504,56,29,82,1,-1,-1,-1
715,77634,1171,88,35,91,1,-1,-1,-1
715,77690,856,224,45,123,1,-1,-1,-1
715,77691,453,104,37,104,1,-1,-1,-1
715,77642,369,105,40,97,1,-1,-1,-1
715,77667,707,56,29,81,1,-1,-1,-1
715,77711,760,704,96,210,1,-1,-1,-1
715,77719,244,329,64,143,1,-1,-1,-1
715,77738,163,175,40,80,1,-1,-1,-1
716,77604,1120,490,62,184,1,-1,-1,-1
716,77606,1197,501,60,166,1,-1,-1,-1
716,77614,725,375,61,162,1,-1,-1,-1
716,77615,644,505,71,176,1,-1,-1,-1
716,77629,1197,486,67,170,1,-1,-1,-1
716,77648,999,200,44,123,1,-1,-1,-1
716,77631,819,263,48,122,1,-1,-1,-1
716,77666,1593,91,44,97,1,-1,-1,-1
716,77677,504,56,29,82,1,-1,-1,-1
716,77634,1169,89,36,91,1,-1,-1,-1
716,77690,856,225,45,122,1,-1,-1,-1
716,77691,453,104,37,104,1,-1,-1,-1
716,77642,370,106,40,97,1,-1,-1,-1
716,77667,707,56,30,81,1,-1,-1,-1
716,77711,754,704,95,210,1,-1,-1,-1
716,77719,245,329,63,143,1,-1,-1,-1
716,77738,163,176,41,80,1,-1,-1,-1
717,77604,1121,490,61,184,1,-1,-1,-1
717,77606,1197,502,60,165,1,-1,-1,-1
717,77614,725,375,62,163,1,-1,-1,-1
717,77615,642,506,71,176,1,-1,-1,-1
717,77629,1198,487,67,170,1,-1,-1,-1
717,77648,999,200,44,122,1,-1,-1,-1
717,77631,819,263,49,122,1,-1,-1,-1
717,77666,1591,92,44,96,1,-1,-1,-1
717,77677,504,56,29,82,1,-1,-1,-1
717,77634,1167,89,36,91,1,-1,-1,-1
717,77690,856,225,44,122,1,-1,-1,-1
717,77691,453,104,37,104,1,-1,-1,-1
717,77642,370,106,41,97,1,-1,-1,-1
717,77667,708,57,29,81,1,-1,-1,-1
717,77711,749,706,95,209,1,-1,-1,-1
717,77719,244,329,62,143,1,-1,-1,-1
717,77738,164,177,40,80,1,-1,-1,-1
718,77604,1121,490,61,185,1,-1,-1,-1
718,77606,1198,503,59,165,1,-1,-1,-1
718,77614,725,376,62,162,1,-1,-1,-1
718,77615,641,506,71,176,1,-1,-1,-1
718,77629,1200,488,65,170,1,-1,-1,-1
718,77648,999,200,44,121,1,-1,-1,-1
718,77631,818,264,51,121,1,-1,-1,-1
718,77666,1588,92,45,97,1,-1,-1,-1
718,77677,503,57,30,82,1,-1,-1,-1
718,77634,1164,89,38,91,1,-1,-1,-1
718,77690,855,226,44,121,1,-1,-1,-1
718,77691,453,105,37,104,1,-1,-1,-1
718,77642,371,106,40,97,1,-1,-1,-1
718,77667,708,57,29,82,1,-1,-1,-1
718,77711,744,708,95,208,1,-1,-1,-1
718,77719,242,329,62,143,1,-1,-1,-1
718,77738,164,177,41,80,1,-1,-1,-1
719,77604,1120,490,61,185,1,-1,-1,-1
719,77606,1199,503,57,165,1,-1,-1,-1
719,77614,725,376,62,162,1,-1,-1,-1
719,77615,640,507,70,176,1,-1,-1,-1
719,77629,1201,488,66,170,1,-1,-1,-1
719,77648,999,200,44,120,1,-1,-1,-1
719,77631,818,265,52,120,1,-1,-1,-1
719,77666,1586,93,45,96,1,-1,-1,-1
719,77677,503,57,30,82,1,-1,-1,-1
719,77634,1162,90,38,91,1,-1,-1,-1
719,77690,855,227,44,121,1,-1,-1,-1
719,77691,453,105,37,104,1,-1,-1,-1
719,77642,371,107,41,97,1,-1,-1,-1
719,77667,707,58,30,81,1,-1,-1,-1
719,77711,739,710,96,208,1,-1,-1,-1
719,77719,241,329,61,143,1,-1,-1,-1
719,77738,165,178,41,80,1,-1,-1,-1
720,77604,1121,490,60,186,1,-1,-1,-1
720,77606,1199,504,56,164,1,-1,-1,-1
720,77614,726,376,61,163,1,-1,-1,-1
720,77615,638,508,71,177,1,-1,-1,-1
720,77629,1203,489,65,170,1,-1,-1,-1
720,77648,999,200,44,119,1,-1,-1,-1
720,77631,817,266,53,119,1,-1,-1,-1
720,77666,1582,93,46,96,1,-1,-1,-1
720,77677,503,58,29,82,1,-1,-1,-1
720,77634,1160,90,37,91,1,-1,-1,-1
720,77690,855,227,43,121,1,-1,-1,-1
720,77691,453,105,37,104,1,-1,-1,-1
720,77642,372,107,40,97,1,-1,-1,-1
720,77667,707,58,30,81,1,-1,-1,-1
720,77711,731,715,98,206,1,-1,-1,-1
720,77719,238,329,61,144,1,-1,-1,-1
720,77738,166,179,40,80,1,-1,-1,-1
721,77604,1121,490,60,186,1,-1,-1,-1
721,77606,1200,505,54,163,1,-1,-1,-1
721,77614,726,377,62,162,1,-1,-1,-1
721,77615,637,509,71,177,1,-1,-1,-1
721,77629,1205,489,65,170,1,-1,-1,-1
721,77648,999,200,44,119,1,-1,-1,-1
721,77631,817,266,54,119,1,-1,-1,-1
721,77666,1579,94,45,96,1,-1,-1,-1
721,77677,502,58,30,82,1,-1,-1,-1
721,77634,1158,91,37,91,1,-1,-1,-1
721,77690,854,228,44,120,1,-1,-1,-1
721,77691,453,106,37,104,1,-1,-1,-1
721,77642,372,108,41,97,1,-1,-1,-1
721,77667,707,58,30,82,1,-1,-1,-1
721,77711,727,716,99,206,1,-1,-1,-1
721,77719,237,329,61,144,1,-1,-1,-1
721,77738,166,179,41,80,1,-1,-1,-1
722,77604,1121,490,59,187,1,-1,-1,-1
722,77606,1200,504,54,164,1,-1,-1,-1
722,77614,725,377,62,162,1,-1,-1,-1
722,77615,635,510,71,177,1,-1,-1,-1
722,77629,1206,490,65,170,1,-1,-1,-1
722,77648,999,200,43,118,1,-1,-1,-1
722,77631,816,267,56,118,1,-1,-1,-1
722,77666,1576,95,45,95,1,-1,-1,-1
722,77677,502,59,30,82,1,-1,-1,-1
722,77634,1156,91,36,91,1,-1,-1,-1
722,77690,855,228,43,120,1,-1,-1,-1
722,77691,453,106,38,104,1,-1,-1,-1
722,77642,373,108,40,97,1,-1,-1,-1
722,77667,707,59,30,82,1,-1,-1,-1
722,77711,719,717,100,205,1,-1,-1,-1
722,77719,235,329,60,144,1,-1,-1,-1
722,77738,167,180,41,80,1,-1,-1,-1
723,77604,1121,490,59,187,1,-1,-1,-1
723,77606,1199,504,54,164,1,-1,-1,-1
723,77614,724,377,61,162,1,-1,-1,-1
723,77615,633,511,72,177,1,-1,-1,-1
723,77629,1207,491,65,170,1,-1,-1,-1
723,77648,997,200,44,117,1,-1,-1,-1
723,77631,816,268,57,117,1,-1,-1,-1
723,77666,1572,95,46,95,1,-1,-1,-1
723,77677,502,59,30,82,1,-1,-1,-1
723,77634,1154,92,36,91,1,-1,-1,-1
723,77690,855,228,43,120,1,-1,-1,-1
723,77691,453,106,37,104,1,-1,-1,-1
723,77642,373,108,41,97,1,-1,-1,-1
723,77667,707,59,30,82,1,-1,-1,-1
723,77711,710,717,99,205,1,-1,-1,-1
723,77719,234,329,59,143,1,-1,-1,-1
723,77738,166,180,41,79,1,-1,-1,-1
724,77604,1120,490,60,188,1,-1,-1,-1
724,77606,1198,504,54,164,1,-1,-1,-1
724,77614,724,378,61,162,1,-1,-1,-1
724,77615,631,512,73,178,1,-1,-1,-1
724,77629,1209,491,64,170,1,-1,-1,-1
724,77648,996,200,43,116,1,-1,-1,-1
724,77631,816,269,58,116,1,-1,-1,-1
724,77666,1569,96,46,95,1,-1,-1,-1
724,77677,502,60,30,82,1,-1,-1,-1
724,77634,1152,92,36,91,1,-1,-1,-1
724,77690,856,228,42,120,1,-1,-1,-1
724,77691,452,106,37,104,1,-1,-1,-1
724,77642,373,109,41,97,1,-1,-1,-1
724,77667,707,60,29,82,1,-1,-1,-1
724,77711,701,717,97,204,1,-1,-1,-1
724,77719,231,328,60,142,1,-1,-1,-1
724,77738,166,180,40,79,1,-1,-1,-1
725,77604,1121,490,59,188,1,-1,-1,-1
725,77606,1197,503,53,165,1,-1,-1,-1
725,77614,723,378,61,162,1,-1,-1,-1
725,77615,628,514,75,178,1,-1,-1,-1
725,77629,1211,492,63,170,1,-1,-1,-1
725,77648,995,199,43,117,1,-1,-1,-1
725,77631,815,269,59,116,1,-1,-1,-1
725,77666,1567,96,46,95,1,-1,-1,-1
725,77677,501,60,30,82,1,-1,-1,-1
725,77634,1150,93,34,90,1,-1,-1,-1
725,77690,856,228,42,120,1,-1,-1,-1
725,77691,452,107,38,104,1,-1,-1,-1
725,77642,373,109,41,97,1,-1,-1,-1
725,77667,707,60,29,82,1,-1,-1,-1
725,77711,687,717,94,204,1,-1,-1,-1
725,77719,229,327,59,141,1,-1,-1,-1
725,77738,166,180,40,79,1,-1,-1,-1
726,77604,1121,490,59,188,1,-1,-1,-1
726,77606,1196,503,54,165,1,-1,-1,-1
726,77614,722,379,61,162,1,-1,-1,-1
726,77615,626,515,76,178,1,-1,-1,-1
726,77629,1212,493,63,170,1,-1,-1,-1
726,77648,994,199,43,117,1,-1,-1,-1
726,77631,814,270,61,115,1,-1,-1,-1
726,77666,1563,97,46,94,1,-1,-1,-1
726,77677,501,61,30,82,1,-1,-1,-1
726,77634,1149,94,33,90,1,-1,-1,-1
726,77690,856,228,41,120,1,-1,-1,-1
726,77691,451,107,38,104,1,-1,-1,-1
726,77642,373,109,41,97,1,-1,-1,-1
726,77667,707,60,29,82,1,-1,-1,-1
726,77711,683,717,91,204,1,-1,-1,-1
726,77719,228,327,58,141,1,-1,-1,-1
726,77738,166,180,40,79,1,-1,-1,-1
727,77604,1121,490,59,189,1,-1,-1,-1
727,77606,1195,503,54,165,1,-1,-1,-1
727,77614,721,379,61,162,1,-1,-1,-1
727,77615,622,515,77,179,1,-1,-1,-1
727,77629,1214,493,64,170,1,-1,-1,-1
727,77648,992,199,44,116,1,-1,-1,-1
727,77631,814,271,62,114,1,-1,-1,-1
727,77666,1560,98,47,94,1,-1,-1,-1
727,77677,501,61,29,82,1,-1,-1,-1
727,77634,1146,94,33,90,1,-1,-1,-1
727,77690,856,228,41,120,1,-1,-1,-1
727,77691,450,107,38,104,1,-1,-1,-1
727,77642,373,110,41,97,1,-1,-1,-1
727,77667,707,61,29,82,1,-1,-1,-1
727,77711,676,718,90,205,1,-1,-1,-1
727,77719,226,326,59,141,1,-1,-1,-1
727,77738,165,180,40,79,1,-1,-1,-1
728,77604,1121,491,58,188,1,-1,-1,-1
728,77606,1194,502,54,167,1,-1,-1,-1
728,77614,721,380,61,162,1,-1,-1,-1
728,77615,617,516,77,179,1,-1,-1,-1
728,77629,1217,493,64,171,1,-1,-1,-1
728,77648,991,199,44,116,1,-1,-1,-1
728,77631,814,271,63,114,1,-1,-1,-1
728,77666,1559,98,46,94,1,-1,-1,-1
728,77677,500,62,30,81,1,-1,-1,-1
728,77634,1144,95,33,90,1,-1,-1,-1
728,77690,856,228,41,120,1,-1,-1,-1
728,77691,449,107,38,104,1,-1,-1,-1
728,77642,373,110,41,97,1,-1,-1,-1
728,77667,707,61,29,82,1,-1,-1,-1
728,77711,667,719,90,206,1,-1,-1,-1
728,77719,225,326,59,141,1,-1,-1,-1
728,77738,165,180,40,79,1,-1,-1,-1
729,77604,1121,492,58,187,1,-1,-1,-1
729,77606,1193,502,54,167,1,-1,-1,-1
729,77614,720,381,61,162,1,-1,-1,-1
729,77615,612,517,78,178,1,-1,-1,-1
729,77629,1220,493,63,173,1,-1,-1,-1
729,77648,989,199,44,115,1,-1,-1,-1
729,77631,814,272,63,114,1,-1,-1,-1
729,77666,1557,98,46,94,1,-1,-1,-1
729,77677,500,62,29,81,1,-1,-1,-1
729,77634,1141,95,33,90,1,-1,-1,-1
729,77690,856,228,40,120,1,-1,-1,-1
729,77691,449,107,38,104,1,-1,-1,-1
729,77642,373,110,41,97,1,-1,-1,-1
729,77667,707,61,29,82,1,-1,-1,-1
729,77711,658,720,92,206,1,-1,-1,-1
729,77719,224,325,59,141,1,-1,-1,-1
729,77738,165,180,40,79,1,-1,-1,-1
730,77604,1121,493,57,186,1,-1,-1,-1
730,77606,1191,501,54,168,1,-1,-1,-1
730,77614,720,381,60,162,1,-1,-1,-1
730,77615,607,518,78,178,1,-1,-1,-1
730,77629,1223,494,63,173,1,-1,-1,-1
730,77648,988,198,43,115,1,-1,-1,-1
730,77631,813,272,65,114,1,-1,-1,-1
730,77666,1555,98,46,94,1,-1,-1,-1
730,77677,499,63,30,81,1,-1,-1,-1
730,77634,1137,96,34,90,1,-1,-1,-1
730,77690,857,228,39,120,1,-1,-1,-1
730,77691,448,108,39,104,1,-1,-1,-1
730,77642,373,111,41,97,1,-1,-1,-1
730,77667,707,62,28,82,1,-1,-1,-1
730,77711,643,722,95,207,1,-1,-1,-1
730,77719,222,325,60,141,1,-1,-1,-1
730,77738,165,180,40,79,1,-1,-1,-1
731,77604,1121,495,57,184,1,-1,-1,-1
731,77606,1190,501,55,168,1,-1,-1,-1
731,77614,719,382,60,162,1,-1,-1,-1
731,77615,602,519,78,178,1,-1,-1,-1
731,77629,1226,494,62,174,1,-1,-1,-1
731,77648,987,198,43,115,1,-1,-1,-1
731,77631,813,273,66,113,1,-1,-1,-1
731,77666,1554,98,45,94,1,-1,-1,-1
731,77677,499,64,30,81,1,-1,-1,-1
731,77634,1134,96,35,90,1,-1,-1,-1
731,77690,857,228,39,120,1,-1,-1,-1
731,77691,447,108,39,104,1,-1,-1,-1
731,77642,373,111,41,97,1,-1,-1,-1
731,77667,707,62,28,82,1,-1,-1,-1
731,77711,636,723,99,207,1,-1,-1,-1
731,77719,222,325,59,141,1,-1,-1,-1
731,77738,165,180,40,79,1,-1,-1,-1
732,77604,1121,496,57,184,1,-1,-1,-1
732,77606,1188,500,56,169,1,-1,-1,-1
732,77614,719,382,60,162,1,-1,-1,-1
732,77615,597,520,78,177,1,-1,-1,-1
732,77629,1228,493,62,176,1,-1,-1,-1
732,77648,986,198,43,115,1,-1,-1,-1
732,77631,813,274,66,113,1,-1,-1,-1
732,77666,1552,98,44,93,1,-1,-1,-1
732,77677,499,64,30,81,1,-1,-1,-1
732,77634,1132,97,36,89,1,-1,-1,-1
732,77690,858,228,38,120,1,-1,-1,-1
732,77691,446,108,40,104,1,-1,-1,-1
732,77642,373,111,41,97,1,-1,-1,-1
732,77667,706,63,29,82,1,-1,-1,-1
732,77711,629,723,101,208,1,-1,-1,-1
732,77719,221,325,59,141,1,-1,-1,-1
732,77738,165,179,40,80,1,-1,-1,-1
733,77604,1121,497,56,184,1,-1,-1,-1
733,77606,1187,500,56,169,1,-1,-1,-1
733,77614,719,382,60,162,1,-1,-1,-1
733,77615,592,521,78,177,1,-1,-1,-1
733,77629,1231,492,60,177,1,-1,-1,-1
733,77648,986,197,43,115,1,-1,-1,-1
733,77631,813,274,66,113,1,-1,-1,-1
733,77666,1551,98,43,93,1,-1,-1,-1
733,77677,500,64,29,81,1,-1,-1,-1
733,77634,1131,97,35,89,1,-1,-1,-1
733,77690,858,228,38,120,1,-1,-1,-1
733,77691,446,108,40,104,1,-1,-1,-1
733,77642,373,111,41,97,1,-1,-1,-1
733,77667,706,63,28,82,1,-1,-1,-1
733,77711,622,723,102,209,1,-1,-1,-1
733,77719,220,325,59,141,1,-1,-1,-1
733,77738,165,179,40,80,1,-1,-1,-1
734,77604,1121,498,56,183,1,-1,-1,-1
734,77606,1185,499,56,170,1,-1,-1,-1
734,77614,718,383,60,161,1,-1,-1,-1
734,77615,586,522,79,177,1,-1,-1,-1
734,77629,1233,491,60,178,1,-1,-1,-1
734,77648,985,197,44,114,1,-1,-1,-1
734,77631,813,275,67,112,1,-1,-1,-1
734,77666,1550,98,42,93,1,-1,-1,-1
734,77677,500,65,29,81,1,-1,-1,-1
734,77634,1130,97,35,89,1,-1,-1,-1
734,77690,859,228,37,120,1,-1,-1,-1
734,77691,446,108,39,105,1,-1,-1,-1
734,77642,373,112,41,97,1,-1,-1,-1
734,77667,706,63,28,83,1,-1,-1,-1
734,77711,616,723,102,210,1,-1,-1,-1
734,77719,218,325,60,141,1,-1,-1,-1
734,77738,165,178,41,81,1,-1,-1,-1
735,77604,1121,500,55,181,1,-1,-1,-1
735,77606,1183,498,56,171,1,-1,-1,-1
735,77614,718,383,60,161,1,-1,-1,-1
735,77615,581,523,78,177,1,-1,-1,-1
735,77629,1236,490,59,180,1,-1,-1,-1
735,77648,985,196,43,115,1,-1,-1,-1
735,77631,814,276,66,111,1,-1,-1,-1
735,77666,1548,98,42,93,1,-1,-1,-1
735,77677,500,65,29,81,1,-1,-1,-1
735,77634,1128,97,35,89,1,-1,-1,-1
735,77690,860,227,37,120,1,-1,-1,-1
735,77691,445,108,40,105,1,-1,-1,-1
735,77642,373,112,41,97,1,-1,-1,-1
735,77667,705,64,29,83,1,-1,-1,-1
735,77711,610,723,101,211,1,-1,-1,-1
735,77719,217,326,58,141,1,-1,-1,-1
735,77738,164,177,41,83,1,-1,-1,-1
736,77604,1121,501,55,180,1,-1,-1,-1
736,77606,1181,497,57,172,1,-1,-1,-1
736,77614,718,383,60,161,1,-1,-1,-1
736,77615,577,524,77,177,1,-1,-1,-1
736,77629,1238,490,57,180,1,-1,-1,-1
736,77648,984,195,44,115,1,-1,-1,-1
736,77631,814,277,67,110,1,-1,-1,-1
736,77666,1547,98,41,93,1,-1,-1,-1
736,77677,500,66,29,81,1,-1,-1,-1
736,77634,1127,97,35,89,1,-1,-1,-1
736,77690,860,227,37,120,1,-1,-1,-1
736,77691,445,108,40,105,1,-1,-1,-1
736,77642,373,112,41,97,1,-1,-1,-1
736,77667,705,64,29,83,1,-1,-1,-1
736,77711,604,723,99,211,1,-1,-1,-1
736,77719,216,326,58,141,1,-1,-1,-1
736,77738,164,176,41,84,1,-1,-1,-1
737,77604,1121,501,55,180,1,-1,-1,-1
737,77606,1179,496,57,173,1,-1,-1,-1
737,77614,718,383,60,161,1,-1,-1,-1
737,77615,573,525,78,176,1,-1,-1,-1
737,77629,1240,489,56,180,1,-1,-1,-1
737,77648,984,195,44,115,1,-1,-1,-1
737,77631,815,277,67,111,1,-1,-1,-1
737,77666,1545,98,40,93,1,-1,-1,-1
737,77677,501,66,29,81,1,-1,-1,-1
737,77634,1125,97,35,89,1,-1,-1,-1
737,77690,860,227,37,120,1,-1,-1,-1
737,77691,445,108,40,106,1,-1,-1,-1
737,77642,374,112,40,97,1,-1,-1,-1
737,77667,704,64,29,83,1,-1,-1,-1
737,77711,597,723,97,211,1,-1,-1,-1
737,77719,215,326,57,141,1,-1,-1,-1
737,77738,164,176,42,84,1,-1,-1,-1
738,77604,1121,502,55,179,1,-1,-1,-1
738,77606,1177,495,57,174,1,-1,-1,-1
738,77614,718,384,59,160,1,-1,-1,-1
738,77615,572,526,77,176,1,-1,-1,-1
738,77629,1241,489,55,180,1,-1,-1,-1
738,77648,984,194,44,115,1,-1,-1,-1
738,77631,816,277,67,112,1,-1,-1,-1
738,77666,1542,98,40,93,1,-1,-1,-1
738,77677,501,66,29,81,1,-1,-1,-1
738,77634,1123,97,35,90,1,-1,-1,-1
738,77690,861,227,36,119,1,-1,-1,-1
738,77691,445,108,40,106,1,-1,-1,-1
738,77642,374,113,41,97,1,-1,-1,-1
738,77667,703,65,29,83,1,-1,-1,-1
738,77711,589,723,96,211,1,-1,-1,-1
738,77719,214,325,57,141,1,-1,-1,-1
738,77738,164,175,42,85,1,-1,-1,-1
739,77604,1121,502,55,179,1,-1,-1,-1
739,77606,1175,495,57,174,1,-1,-1,-1
739,77614,718,384,59,160,1,-1,-1,-1
739,77615,570,526,78,175,1,-1,-1,-1
739,77629,1242,488,54,181,1,-1,-1,-1
739,77648,984,193,43,115,1,-1,-1,-1
739,77631,818,278,67,112,1,-1,-1,-1
739,77666,1540,98,40,93,1,-1,-1,-1
739,77677,501,67,29,81,1,-1,-1,-1
739,77634,1121,97,34,91,1,-1,-1,-1
739,77690,861,226,37,120,1,-1,-1,-1
739,77691,445,108,40,106,1,-1,-1,-1
739,77642,374,113,41,97,1,-1,-1,-1
739,77667,703,65,29,83,1,-1,-1,-1
739,77711,580,724,95,211,1,-1,-1,-1
739,77719,212,324,57,141,1,-1,-1,-1
739,77738,164,174,42,86,1,-1,-1,-1
740,77604,1121,503,55,178,1,-1,-1,-1
740,77606,1172,493,58,176,1,-1,-1,-1
740,77614,718,384,60,160,1,-1,-1,-1
740,77615,567,527,79,175,1,-1,-1,-1
740,77629,1243,488,54,181,1,-1,-1,-1
740,77648,983,193,44,115,1,-1,-1,-1
740,77631,820,278,67,113,1,-1,-1,-1
740,77666,1537,98,40,94,1,-1,-1,-1
740,77677,502,67,28,81,1,-1,-1,-1
740,77634,1117,97,34,92,1,-1,-1,-1
740,77690,862,226,36,120,1,-1,-1,-1
740,77691,445,108,40,107,1,-1,-1,-1
740,77642,374,113,41,97,1,-1,-1,-1
740,77667,703,65,29,83,1,-1,-1,-1
740,77711,566,726,94,209,1,-1,-1,-1
740,77719,211,324,57,141,1,-1,-1,-1
740,77738,164,173,43,87,1,-1,-1,-1
741,77604,1121,503,54,178,1,-1,-1,-1
741,77606,1171,492,58,177,1,-1,-1,-1
741,77614,717,384,60,160,1,-1,-1,-1
741,77615,566,527,79,175,1,-1,-1,-1
741,77629,1244,487,53,182,1,-1,-1,-1
741,77648,983,192,44,115,1,-1,-1,-1
741,77631,822,279,67,113,1,-1,-1,-1
741,77666,1535,98,40,94,1,-1,-1,-1
741,77677,501,68,29,81,1,-1,-1,-1
741,77634,1116,97,34,92,1,-1,-1,-1
741,77690,862,225,36,120,1,-1,-1,-1
741,77691,445,108,39,107,1,-1,-1,-1
741,77642,374,113,41,97,1,-1,-1,-1
741,77667,703,66,29,83,1,-1,-1,-1
741,77711,560,727,95,209,1,-1,-1,-1
741,77719,209,323,57,141,1,-1,-1,-1
741,77738,163,172,43,89,1,-1,-1,-1
742,77604,1121,504,54,178,1,-1,-1,-1
742,77606,1170,492,58,176,1,-1,-1,-1
742,77614,717,385,60,159,1,-1,-1,-1
742,77615,564,528,80,174,1,-1,-1,-1
742,77629,1246,487,52,181,1,-1,-1,-1
742,77648,982,191,44,115,1,-1,-1,-1
742,77631,824,279,67,114,1,-1,-1,-1
742,77666,1532,98,40,95,1,-1,-1,-1
742,77677,501,68,29,81,1,-1,-1,-1
742,77634,1114,97,33,93,1,-1,-1,-1
742,77690,864,225,35,120,1,-1,-1,-1
742,77691,445,108,40,107,1,-1,-1,-1
742,77642,374,113,41,97,1,-1,-1,-1
742,77667,702,66,30,83,1,-1,-1,-1
742,77711,555,727,96,209,1,-1,-1,-1
742,77719,208,322,57,141,1,-1,-1,-1
742,77738,163,171,43,90,1,-1,-1,-1
743,77604,1121,504,54,178,1,-1,-1,-1
743,77606,1169,492,57,176,1,-1,-1,-1
743,77614,717,385,60,159,1,-1,-1,-1
743,77615,562,528,81,175,1,-1,-1,-1
743,77629,1247,486,52,182,1,-1,-1,-1
743,77648,982,191,43,114,1,-1,-1,-1
743,77631,827,280,66,114,1,-1,-1,-1
743,77666,1529,98,41,95,1,-1,-1,-1
743,77677,501,68,29,81,1,-1,-1,-1
743,77634,1113,97,33,93,1,-1,-1,-1
743,77690,865,225,35,119,1,-1,-1,-1
743,77691,446,108,39,106,1,-1,-1,-1
743,77642,374,113,41,97,1,-1,-1,-1
743,77667,702,66,30,83,1,-1,-1,-1
743,77711,550,729,97,209,1,-1,-1,-1
743,77719,207,321,56,141,1,-1,-1,-1
743,77738,162,169,45,92,1,-1,-1,-1
744,77604,1121,505,54,177,1,-1,-1,-1
744,77606,1168,492,57,176,1,-1,-1,-1
744,77614,717,385,60,159,1,-1,-1,-1
744,77615,558,528,81,176,1,-1,-1,-1
744,77629,1247,486,52,182,1,-1,-1,-1
744,77648,981,190,43,114,1,-1,-1,-1
744,77631,829,280,66,115,1,-1,-1,-1
744,77666,1527,98,41,95,1,-1,-1,-1
744,77677,501,68,29,81,1,-1,-1,-1
744,77634,1110,98,33,92,1,-1,-1,-1
744,77690,867,225,35,118,1,-1,-1,-1
744,77691,446,108,38,106,1,-1,-1,-1
744,77642,374,112,41,97,1,-1,-1,-1
744,77667,702,67,31,83,1,-1,-1,-1
744,77711,545,730,98,209,1,-1,-1,-1
744,77719,205,320,56,142,1,-1,-1,-1
744,77738,162,166,45,95,1,-1,-1,-1
745,77604,1121,505,54,177,1,-1,-1,-1
745,77606,1168,492,56,175,1,-1,-1,-1
745,77614,717,385,60,159,1,-1,-1,-1
745,77615,553,529,80,176,1,-1,-1,-1
745,77629,1248,486,53,182,1,-1,-1,-1
745,77648,980,190,43,113,1,-1,-1,-1
745,77631,833,281,64,115,1,-1,-1,-1
745,77666,1522,98,42,96,1,-1,-1,-1
745,77677,500,68,29,81,1,-1,-1,-1
745,77634,1107,98,33,92,1,-1,-1,-1
745,77690,869,225,34,117,1,-1,-1,-1
745,77691,447,108,38,106,1,-1,-1,-1
745,77642,373,112,41,97,1,-1,-1,-1
745,77667,702,67,31,83,1,-1,-1,-1
745,77711,537,733,100,209,1,-1,-1,-1
745,77719,204,320,56,142,1,-1,-1,-1
745,77738,161,163,47,98,1,-1,-1,-1
746,77604,1121,506,54,176,1,-1,-1,-1
746,77606,1167,492,55,175,1,-1,-1,-1
746,77614,717,385,61,159,1,-1,-1,-1
746,77615,547,529,80,176,1,-1,-1,-1
746,77629,1249,485,52,183,1,-1,-1,-1
746,77648,980,189,42,113,1,-1,-1,-1
746,77631,834,282,63,115,1,-1,-1,-1
746,77666,1520,98,43,97,1,-1,-1,-1
746,77677,500,69,28,81,1,-1,-1,-1
746,77634,1105,99,34,92,1,-1,-1,-1
746,77690,871,225,33,116,1,-1,-1,-1
746,77691,447,108,37,105,1,-1,-1,-1
746,77642,373,112,41,97,1,-1,-1,-1
746,77667,702,67,30,84,1,-1,-1,-1
746,77711,533,734,101,209,1,-1,-1,-1
746,77719,203,319,56,141,1,-1,-1,-1
746,77738,161,162,47,99,1,-1,-1,-1
747,77604,1122,506,53,176,1,-1,-1,-1
747,77606,1165,492,56,174,1,-1,-1,-1
747,77614,716,386,62,158,1,-1,-1,-1
747,77615,545,530,78,176,1,-1,-1,-1
747,77629,1250,485,52,181,1,-1,-1,-1
747,77648,979,189,41,112,1,-1,-1,-1
747,77631,836,282,62,115,1,-1,-1,-1
747,77666,1517,98,44,97,1,-1,-1,-1
747,77677,500,69,28,81,1,-1,-1,-1
747,77634,1104,99,35,92,1,-1,-1,-1
747,77690,872,225,33,116,1,-1,-1,-1
747,77691,447,108,37,105,1,-1,-1,-1
747,77642,373,112,41,97,1,-1,-1,-1
747,77667,702,67,30,84,1,-1,-1,-1
747,77711,524,733,102,210,1,-1,-1,-1
747,77719,202,318,56,141,1,-1,-1,-1
747,77738,161,160,47,101,1,-1,-1,-1
748,77604,1123,506,53,176,1,-1,-1,-1
748,77606,1164,491,55,175,1,-1,-1,-1
748,77614,716,386,62,159,1,-1,-1,-1
748,77615,541,530,77,176,1,-1,-1,-1
748,77629,1250,484,52,179,1,-1,-1,-1
748,77648,979,188,40,112,1,-1,-1,-1
748,77631,838,283,61,115,1,-1,-1,-1
748,77666,1515,98,44,97,1,-1,-1,-1
748,77677,499,69,28,81,1,-1,-1,-1
748,77634,1103,99,35,92,1,-1,-1,-1
748,77690,874,225,33,115,1,-1,-1,-1
748,77691,448,108,36,104,1,-1,-1,-1
748,77642,374,112,41,98,1,-1,-1,-1
748,77667,701,68,31,84,1,-1,-1,-1
748,77711,514,732,101,210,1,-1,-1,-1
748,77719,202,318,55,140,1,-1,-1,-1
748,77738,161,159,47,102,1,-1,-1,-1
749,77604,1124,506,53,176,1,-1,-1,-1
749,77606,1164,491,54,174,1,-1,-1,-1
749,77614,716,386,61,158,1,-1,-1,-1
749,77615,538,531,75,176,1,-1,-1,-1
749,77629,1251,484,52,176,1,-1,-1,-1
749,77648,978,187,41,112,1,-1,-1,-1
749,77631,840,284,60,115,1,-1,-1,-1
749,77666,1513,98,43,97,1,-1,-1,-1
749,77677,499,69,28,81,1,-1,-1,-1
749,77634,1102,99,35,92,1,-1,-1,-1
749,77690,875,225,33,114,1,-1,-1,-1
749,77691,448,108,36,104,1,-1,-1,-1
749,77642,374,112,41,98,1,-1,-1,-1
749,77667,701,68,31,84,1,-1,-1,-1
749,77711,504,731,100,211,1,-1,-1,-1
749,77719,201,318,55,139,1,-1,-1,-1
749,77738,161,158,47,103,1,-1,-1,-1
750,77604,1125,506,54,176,1,-1,-1,-1
750,77606,1163,491,53,174,1,-1,-1,-1
750,77614,716,386,62,158,1,-1,-1,-1
750,77615,533,531,72,176,1,-1,-1,-1
750,77629,1253,484,51,172,1,-1,-1,-1
750,77648,977,187,40,110,1,-1,-1,-1
750,77631,843,286,58,114,1,-1,-1,-1
750,77666,1509,99,43,95,1,-1,-1,-1
750,77677,499,69,28,81,1,-1,-1,-1
750,77634,1101,99,35,92,1,-1,-1,-1
750,77690,878,225,32,113,1,-1,-1,-1
750,77691,449,108,35,103,1,-1,-1,-1
750,77642,374,112,42,99,1,-1,-1,-1
750,77667,702,68,31,84,1,-1,-1,-1
750,77711,491,730,96,211,1,-1,-1,-1
750,77719,200,318,55,136,1,-1,-1,-1
750,77738,161,156,47,105,1,-1,-1,-1