1,105273,296,614,85,213,1,-1,-1,-1
1,105274,821,516,56,155,1,-1,-1,-1
1,105275,469,480,63,140,1,-1,-1,-1
1,105276,1820,499,69,161,1,-1,-1,-1
1,105277,1814,450,66,163,1,-1,-1,-1
1,105278,1153,340,45,129,1,-1,-1,-1
1,105279,922,350,42,124,1,-1,-1,-1
1,105280,1274,461,68,151,1,-1,-1,-1
1,105281,1780,315,64,131,1,-1,-1,-1
1,105282,1585,250,38,103,1,-1,-1,-1
1,105283,1205,234,37,99,1,-1,-1,-1
1,105284,1445,319,44,122,1,-1,-1,-1
1,105285,777,185,38,90,1,-1,-1,-1
1,105286,1654,331,46,124,1,-1,-1,-1
1,105287,1388,247,43,108,1,-1,-1,-1
2,105273,301,615,85,213,1,-1,-1,-1
2,105274,827,516,56,154,1,-1,-1,-1
2,105275,472,480,63,140,1,-1,-1,-1
2,105276,1821,499,68,160,1,-1,-1,-1
2,105277,1818,450,66,163,1,-1,-1,-1
2,105278,1153,340,45,129,1,-1,-1,-1
2,105279,924,350,42,124,1,-1,-1,-1
2,105280,1270,464,67,149,1,-1,-1,-1
2,105281,1780,315,64,131,1,-1,-1,-1
2,105282,1585,250,38,103,1,-1,-1,-1
2,105283,1204,234,37,99,1,-1,-1,-1
2,105284,1445,319,44,122,1,-1,-1,-1
2,105285,776,186,38,89,1,-1,-1,-1
2,105286,1655,331,47,125,1,-1,-1,-1
2,105287,1389,247,43,108,1,-1,-1,-1
3,105273,307,617,85,212,1,-1,-1,-1
3,105274,834,516,56,153,1,-1,-1,-1
3,105275,476,480,64,140,1,-1,-1,-1
3,105276,1823,498,68,160,1,-1,-1,-1
3,105277,1823,450,66,163,1,-1,-1,-1
3,105278,1154,340,45,130,1,-1,-1,-1
3,105279,926,350,42,124,1,-1,-1,-1
3,105280,1266,467,67,147,1,-1,-1,-1
3,105281,1780,315,65,131,1,-1,-1,-1
3,105282,1584,250,38,103,1,-1,-1,-1
3,105283,1204,234,37,99,1,-1,-1,-1
3,105284,1445,319,44,122,1,-1,-1,-1
3,105285,777,188,37,89,1,-1,-1,-1
3,105286,1658,332,47,125,1,-1,-1,-1
3,105287,1391,248,43,107,1,-1,-1,-1
4,105273,313,618,85,212,1,-1,-1,-1
4,105274,841,516,56,152,1,-1,-1,-1
4,105275,479,480,65,141,1,-1,-1,-1
4,105276,1825,498,69,160,1,-1,-1,-1
4,105277,1830,451,65,162,1,-1,-1,-1
4,105278,1154,340,46,130,1,-1,-1,-1
4,105279,929,350,41,124,1,-1,-1,-1
4,105280,1261,470,66,146,1,-1,-1,-1
4,105281,1781,315,65,131,1,-1,-1,-1
4,105282,1584,250,38,103,1,-1,-1,-1
4,105283,1204,234,37,99,1,-1,-1,-1
4,105284,1446,320,44,122,1,-1,-1,-1
4,105285,777,190,37,88,1,-1,-1,-1
4,105286,1662,333,47,125,1,-1,-1,-1
4,105287,1392,248,43,107,1,-1,-1,-1
5,105273,324,621,85,211,1,-1,-1,-1
5,105274,848,516,57,151,1,-1,-1,-1
5,105275,483,480,66,141,1,-1,-1,-1
5,105276,1827,499,68,158,1,-1,-1,-1
5,105277,1836,451,64,162,1,-1,-1,-1
5,105278,1155,340,46,130,1,-1,-1,-1
5,105279,931,350,42,124,1,-1,-1,-1
5,105280,1257,473,65,144,1,-1,-1,-1
5,105281,1782,315,65,131,1,-1,-1,-1
5,105282,1584,250,38,103,1,-1,-1,-1
5,105283,1203,234,37,99,1,-1,-1,-1
5,105284,1447,321,43,121,1,-1,-1,-1
5,105285,777,192,38,87,1,-1,-1,-1
5,105286,1665,334,48,125,1,-1,-1,-1
5,105287,1396,249,41,105,1,-1,-1,-1
6,105273,327,622,87,211,1,-1,-1,-1
6,105274,854,515,59,152,1,-1,-1,-1
6,105275,486,479,69,143,1,-1,-1,-1
6,105276,1830,499,68,158,1,-1,-1,-1
6,105277,1842,452,64,161,1,-1,-1,-1
6,105278,1156,340,46,130,1,-1,-1,-1
6,105279,935,350,41,124,1,-1,-1,-1
6,105280,1251,478,65,141,1,-1,-1,-1
6,105281,1782,315,66,131,1,-1,-1,-1
6,105282,1583,250,38,103,1,-1,-1,-1
6,105283,1203,234,37,99,1,-1,-1,-1
6,105284,1449,321,42,121,1,-1,-1,-1
6,105285,777,194,37,86,1,-1,-1,-1
6,105286,1668,335,48,125,1,-1,-1,-1
6,105287,1397,250,41,103,1,-1,-1,-1
7,105273,332,621,87,211,1,-1,-1,-1
7,105274,862,515,59,150,1,-1,-1,-1
7,105275,489,480,70,142,1,-1,-1,-1
7,105276,1832,499,69,157,1,-1,-1,-1
7,105277,1846,452,63,162,1,-1,-1,-1
7,105278,1162,340,47,132,1,-1,-1,-1
7,105279,937,350,41,124,1,-1,-1,-1
7,105280,1247,479,65,141,1,-1,-1,-1
7,105281,1782,315,67,131,1,-1,-1,-1
7,105282,1583,250,39,103,1,-1,-1,-1
7,105283,1203,233,37,100,1,-1,-1,-1
7,105284,1449,322,43,120,1,-1,-1,-1
7,105285,776,195,38,86,1,-1,-1,-1
7,105286,1670,336,49,125,1,-1,-1,-1
7,105287,1397,250,42,104,1,-1,-1,-1
8,105273,338,620,87,211,1,-1,-1,-1
8,105274,869,515,61,149,1,-1,-1,-1
8,105275,494,481,71,142,1,-1,-1,-1
8,105276,1836,499,68,157,1,-1,-1,-1
8,105277,1848,453,63,162,1,-1,-1,-1
8,105278,1165,341,47,131,1,-1,-1,-1
8,105279,939,351,41,123,1,-1,-1,-1
8,105280,1242,479,66,142,1,-1,-1,-1
8,105281,1782,315,68,132,1,-1,-1,-1
8,105282,1584,250,39,104,1,-1,-1,-1
8,105283,1202,234,38,99,1,-1,-1,-1
8,105284,1450,322,43,120,1,-1,-1,-1
8,105285,775,196,38,86,1,-1,-1,-1
8,105286,1671,336,50,126,1,-1,-1,-1
8,105287,1399,250,41,104,1,-1,-1,-1
9,105273,344,619,87,212,1,-1,-1,-1
9,105274,876,514,61,149,1,-1,-1,-1
9,105275,497,482,73,142,1,-1,-1,-1
9,105276,1840,498,68,158,1,-1,-1,-1
9,105277,1851,454,62,161,1,-1,-1,-1
9,105278,1166,342,47,131,1,-1,-1,-1
9,105279,941,351,41,124,1,-1,-1,-1
9,105280,1237,480,67,142,1,-1,-1,-1
9,105281,1782,315,70,134,1,-1,-1,-1
9,105282,1584,251,40,104,1,-1,-1,-1
9,105283,1203,234,38,100,1,-1,-1,-1
9,105284,1451,322,42,120,1,-1,-1,-1
9,105285,774,196,38,88,1,-1,-1,-1
9,105286,1673,336,50,126,1,-1,-1,-1
9,105287,1400,250,41,104,1,-1,-1,-1
10,105273,351,618,86,211,1,-1,-1,-1
10,105274,884,514,61,148,1,-1,-1,-1
10,105275,502,483,74,141,1,-1,-1,-1
10,105276,1847,498,68,159,1,-1,-1,-1
10,105277,1853,455,61,161,1,-1,-1,-1
10,105278,1167,343,48,131,1,-1,-1,-1
10,105279,943,352,41,123,1,-1,-1,-1
10,105280,1232,480,68,143,1,-1,-1,-1
10,105281,1781,315,72,135,1,-1,-1,-1
10,105282,1585,252,40,104,1,-1,-1,-1
10,105283,1203,234,39,100,1,-1,-1,-1
10,105284,1451,322,42,120,1,-1,-1,-1
10,105285,772,197,39,88,1,-1,-1,-1
10,105286,1674,336,52,126,1,-1,-1,-1
10,105287,1402,250,41,104,1,-1,-1,-1
11,105273,359,616,85,212,1,-1,-1,-1
11,105274,893,514,61,147,1,-1,-1,-1
11,105275,508,485,74,140,1,-1,-1,-1
11,105276,1850,497,66,160,1,-1,-1,-1
11,105277,1857,457,61,160,1,-1,-1,-1
11,105278,1168,344,47,131,1,-1,-1,-1
11,105279,945,353,41,123,1,-1,-1,-1
11,105280,1226,480,68,145,1,-1,-1,-1
11,105281,1781,315,73,136,1,-1,-1,-1
11,105282,1586,253,40,104,1,-1,-1,-1
11,105283,1204,233,39,102,1,-1,-1,-1
11,105284,1452,322,42,120,1,-1,-1,-1
11,105285,771,198,39,88,1,-1,-1,-1
11,105286,1676,336,53,127,1,-1,-1,-1
11,105287,1402,250,41,104,1,-1,-1,-1
12,105273,363,616,83,212,1,-1,-1,-1
12,105274,902,515,60,147,1,-1,-1,-1
12,105275,511,486,74,140,1,-1,-1,-1
12,105276,1852,497,66,160,1,-1,-1,-1
12,105277,1858,458,61,160,1,-1,-1,-1
12,105278,1168,345,48,130,1,-1,-1,-1
12,105279,945,354,42,122,1,-1,-1,-1
12,105280,1222,481,68,145,1,-1,-1,-1
12,105281,1780,316,74,136,1,-1,-1,-1
12,105282,1586,253,40,104,1,-1,-1,-1
12,105283,1202,234,39,102,1,-1,-1,-1
12,105284,1451,322,42,120,1,-1,-1,-1
12,105285,769,198,39,89,1,-1,-1,-1
12,105286,1677,336,53,127,1,-1,-1,-1
12,105287,1402,250,41,104,1,-1,-1,-1
13,105273,365,617,81,211,1,-1,-1,-1
13,105274,910,517,61,148,1,-1,-1,-1
13,105275,514,486,74,140,1,-1,-1,-1
13,105276,1854,497,64,160,1,-1,-1,-1
13,105277,1859,458,60,160,1,-1,-1,-1
13,105278,1167,345,48,130,1,-1,-1,-1
13,105279,946,354,42,123,1,-1,-1,-1
13,105280,1216,482,68,145,1,-1,-1,-1
13,105281,1779,318,74,135,1,-1,-1,-1
13,105282,1586,253,40,105,1,-1,-1,-1
13,105283,1200,235,38,101,1,-1,-1,-1
13,105284,1451,322,42,121,1,-1,-1,-1
13,105285,766,198,39,89,1,-1,-1,-1
13,105286,1679,336,53,127,1,-1,-1,-1
13,105287,1402,250,40,104,1,-1,-1,-1
14,105273,367,617,79,211,1,-1,-1,-1
14,105274,919,520,62,148,1,-1,-1,-1
14,105275,516,486,75,140,1,-1,-1,-1
14,105276,1855,497,64,160,1,-1,-1,-1
14,105277,1859,459,60,159,1,-1,-1,-1
14,105278,1166,345,49,130,1,-1,-1,-1
14,105279,946,354,42,123,1,-1,-1,-1
14,105280,1209,484,68,144,1,-1,-1,-1
14,105281,1778,320,75,134,1,-1,-1,-1
14,105282,1586,253,41,106,1,-1,-1,-1
14,105283,1198,236,37,100,1,-1,-1,-1
14,105284,1451,322,42,122,1,-1,-1,-1
14,105285,763,199,38,89,1,-1,-1,-1
14,105286,1681,336,53,126,1,-1,-1,-1
14,105287,1401,250,40,104,1,-1,-1,-1
15,105273,369,619,77,209,1,-1,-1,-1
15,105274,928,522,63,149,1,-1,-1,-1
15,105275,519,486,76,140,1,-1,-1,-1
15,105276,1856,497,63,160,1,-1,-1,-1
15,105277,1859,460,60,157,1,-1,-1,-1
15,105278,1166,345,49,130,1,-1,-1,-1
15,105279,947,354,42,123,1,-1,-1,-1
15,105280,1197,488,68,143,1,-1,-1,-1
15,105281,1776,324,75,132,1,-1,-1,-1
15,105282,1586,253,40,107,1,-1,-1,-1
15,105283,1195,237,35,98,1,-1,-1,-1
15,105284,1451,322,42,124,1,-1,-1,-1
15,105285,760,199,38,89,1,-1,-1,-1
15,105286,1683,336,53,126,1,-1,-1,-1
15,105287,1400,250,40,105,1,-1,-1,-1
16,105273,370,619,75,208,1,-1,-1,-1
16,105274,938,525,63,150,1,-1,-1,-1
16,105275,522,486,76,140,1,-1,-1,-1
16,105276,1858,497,63,160,1,-1,-1,-1
16,105277,1859,461,59,156,1,-1,-1,-1
16,105278,1166,344,49,130,1,-1,-1,-1
16,105279,948,354,42,123,1,-1,-1,-1
16,105280,1192,489,68,143,1,-1,-1,-1
16,105281,1775,325,76,132,1,-1,-1,-1
16,105282,1586,253,40,108,1,-1,-1,-1
16,105283,1193,238,34,97,1,-1,-1,-1
16,105284,1451,322,42,124,1,-1,-1,-1
16,105285,756,200,38,89,1,-1,-1,-1
16,105286,1686,336,52,126,1,-1,-1,-1
16,105287,1400,250,40,105,1,-1,-1,-1
17,105273,370,620,73,208,1,-1,-1,-1
17,105274,941,525,65,151,1,-1,-1,-1
17,105275,523,486,76,140,1,-1,-1,-1
17,105276,1859,496,62,161,1,-1,-1,-1
17,105277,1860,461,59,156,1,-1,-1,-1
17,105278,1165,344,50,130,1,-1,-1,-1
17,105279,946,354,43,123,1,-1,-1,-1
17,105280,1186,493,68,143,1,-1,-1,-1
17,105281,1773,326,77,131,1,-1,-1,-1
17,105282,1584,253,39,108,1,-1,-1,-1
17,105283,1189,239,33,96,1,-1,-1,-1
17,105284,1449,322,42,125,1,-1,-1,-1
17,105285,753,200,37,89,1,-1,-1,-1
17,105286,1686,336,53,126,1,-1,-1,-1
17,105287,1399,250,39,105,1,-1,-1,-1
17,105288,1894,413,25,46,1,-1,-1,-1
18,105273,369,620,72,208,1,-1,-1,-1
18,105274,942,524,66,153,1,-1,-1,-1
18,105275,522,486,76,140,1,-1,-1,-1
18,105276,1858,496,63,161,1,-1,-1,-1
18,105277,1864,461,58,155,1,-1,-1,-1
18,105278,1165,345,50,130,1,-1,-1,-1
18,105279,944,354,43,123,1,-1,-1,-1
18,105280,1180,497,68,142,1,-1,-1,-1
18,105281,1771,326,79,132,1,-1,-1,-1
18,105282,1581,254,39,108,1,-1,-1,-1
18,105283,1184,239,33,96,1,-1,-1,-1
18,105284,1447,322,42,126,1,-1,-1,-1
18,105285,749,200,37,90,1,-1,-1,-1
18,105286,1687,336,51,126,1,-1,-1,-1
18,105287,1397,250,38,105,1,-1,-1,-1
18,105288,1891,410,27,52,1,-1,-1,-1
19,105273,369,620,69,208,1,-1,-1,-1
19,105274,942,523,66,154,1,-1,-1,-1
19,105275,521,487,76,140,1,-1,-1,-1
19,105276,1858,496,62,161,1,-1,-1,-1
19,105277,1867,461,57,154,1,-1,-1,-1
19,105278,1164,345,50,130,1,-1,-1,-1
19,105279,941,354,44,123,1,-1,-1,-1
19,105280,1173,501,69,142,1,-1,-1,-1
19,105281,1769,326,81,132,1,-1,-1,-1
19,105282,1578,254,39,108,1,-1,-1,-1
19,105283,1178,239,33,96,1,-1,-1,-1
19,105284,1445,323,41,125,1,-1,-1,-1
19,105285,746,201,36,89,1,-1,-1,-1
19,105286,1686,336,52,126,1,-1,-1,-1
19,105287,1395,250,38,104,1,-1,-1,-1
19,105288,1888,407,31,57,1,-1,-1,-1
20,105273,369,620,67,208,1,-1,-1,-1
20,105274,942,522,67,156,1,-1,-1,-1
20,105275,520,488,75,140,1,-1,-1,-1
20,105276,1857,495,63,162,1,-1,-1,-1
20,105277,1872,461,54,153,1,-1,-1,-1
20,105278,1163,346,49,130,1,-1,-1,-1
20,105279,937,354,45,123,1,-1,-1,-1
20,105280,1163,507,69,142,1,-1,-1,-1
20,105281,1767,326,82,132,1,-1,-1,-1
20,105282,1575,255,39,108,1,-1,-1,-1
20,105283,1172,240,34,95,1,-1,-1,-1
20,105284,1442,323,40,125,1,-1,-1,-1
20,105285,742,202,36,89,1,-1,-1,-1
20,105286,1685,336,52,126,1,-1,-1,-1
20,105287,1392,250,37,104,1,-1,-1,-1
20,105288,1885,404,33,62,1,-1,-1,-1
21,105273,368,620,65,208,1,-1,-1,-1
21,105274,942,521,68,157,1,-1,-1,-1
21,105275,518,489,75,140,1,-1,-1,-1
21,105276,1857,494,63,163,1,-1,-1,-1
21,105277,1877,460,52,153,1,-1,-1,-1
21,105278,1163,346,49,130,1,-1,-1,-1
21,105279,934,354,47,123,1,-1,-1,-1
21,105280,1160,508,69,143,1,-1,-1,-1
21,105281,1765,326,84,132,1,-1,-1,-1
21,105282,1572,255,38,108,1,-1,-1,-1
21,105283,1166,240,34,96,1,-1,-1,-1
21,105284,1440,323,40,126,1,-1,-1,-1
21,105285,738,203,36,88,1,-1,-1,-1
21,105286,1685,336,51,126,1,-1,-1,-1
21,105287,1390,250,37,103,1,-1,-1,-1
21,105288,1883,400,36,68,1,-1,-1,-1
22,105273,368,620,64,208,1,-1,-1,-1
22,105274,940,521,68,158,1,-1,-1,-1
22,105275,516,490,75,140,1,-1,-1,-1
22,105276,1857,493,63,162,1,-1,-1,-1
22,105277,1879,460,50,153,1,-1,-1,-1
22,105278,1162,346,49,130,1,-1,-1,-1
22,105279,931,354,48,123,1,-1,-1,-1
22,105280,1156,507,70,145,1,-1,-1,-1
22,105281,1764,326,85,132,1,-1,-1,-1
22,105282,1569,255,38,108,1,-1,-1,-1
22,105283,1161,241,36,95,1,-1,-1,-1
22,105284,1438,324,40,125,1,-1,-1,-1
22,105285,735,203,36,88,1,-1,-1,-1
22,105286,1684,337,51,125,1,-1,-1,-1
22,105287,1387,250,38,104,1,-1,-1,-1
22,105288,1881,399,38,70,1,-1,-1,-1
23,105273,369,620,62,209,1,-1,-1,-1
23,105274,938,521,68,158,1,-1,-1,-1
23,105275,514,490,76,140,1,-1,-1,-1
23,105276,1858,492,62,161,1,-1,-1,-1
23,105277,1880,460,48,152,1,-1,-1,-1
23,105278,1162,346,48,130,1,-1,-1,-1
23,105279,927,354,50,122,1,-1,-1,-1
23,105280,1153,506,70,147,1,-1,-1,-1
23,105281,1762,326,86,132,1,-1,-1,-1
23,105282,1565,256,38,106,1,-1,-1,-1
23,105283,1158,241,37,96,1,-1,-1,-1
23,105284,1436,324,40,125,1,-1,-1,-1
23,105285,731,203,36,88,1,-1,-1,-1
23,105286,1683,339,51,123,1,-1,-1,-1
23,105287,1385,250,37,104,1,-1,-1,-1
23,105288,1880,398,38,72,1,-1,-1,-1
24,105273,369,620,62,209,1,-1,-1,-1
24,105274,935,522,68,159,1,-1,-1,-1
24,105275,512,490,76,141,1,-1,-1,-1
24,105276,1859,491,61,160,1,-1,-1,-1
24,105277,1880,460,47,152,1,-1,-1,-1
24,105278,1161,345,48,130,1,-1,-1,-1
24,105279,923,354,51,122,1,-1,-1,-1
24,105280,1151,503,70,149,1,-1,-1,-1
24,105281,1760,326,87,132,1,-1,-1,-1
24,105282,1562,256,38,106,1,-1,-1,-1
24,105283,1155,241,38,96,1,-1,-1,-1
24,105284,1434,325,40,125,1,-1,-1,-1
24,105285,727,203,36,88,1,-1,-1,-1
24,105286,1682,341,50,121,1,-1,-1,-1
24,105287,1382,251,38,103,1,-1,-1,-1
24,105288,1879,398,38,72,1,-1,-1,-1
25,105273,370,620,61,210,1,-1,-1,-1
25,105274,930,523,70,159,1,-1,-1,-1
25,105275,509,490,76,141,1,-1,-1,-1
25,105276,1859,489,61,159,1,-1,-1,-1
25,105277,1881,460,45,152,1,-1,-1,-1
25,105278,1160,344,48,131,1,-1,-1,-1
25,105279,919,354,52,122,1,-1,-1,-1
25,105280,1148,500,71,152,1,-1,-1,-1
25,105281,1758,326,88,132,1,-1,-1,-1
25,105282,1559,257,38,105,1,-1,-1,-1
25,105283,1150,241,39,96,1,-1,-1,-1
25,105284,1431,325,40,125,1,-1,-1,-1
25,105285,723,203,37,88,1,-1,-1,-1
25,105286,1681,343,49,120,1,-1,-1,-1
25,105287,1379,251,38,103,1,-1,-1,-1
25,105288,1878,398,38,72,1,-1,-1,-1
26,105273,370,620,61,210,1,-1,-1,-1
26,105274,929,523,69,160,1,-1,-1,-1
26,105275,507,490,76,142,1,-1,-1,-1
26,105276,1859,488,60,159,1,-1,-1,-1
26,105277,1881,460,44,152,1,-1,-1,-1
26,105278,1159,344,47,130,1,-1,-1,-1
26,105279,915,354,54,122,1,-1,-1,-1
26,105280,1146,498,70,154,1,-1,-1,-1
26,105281,1757,326,87,132,1,-1,-1,-1
26,105282,1555,257,38,105,1,-1,-1,-1
26,105283,1148,241,39,95,1,-1,-1,-1
26,105284,1429,326,40,125,1,-1,-1,-1
26,105285,719,203,37,88,1,-1,-1,-1
26,105286,1680,345,49,118,1,-1,-1,-1
26,105287,1377,251,37,104,1,-1,-1,-1
26,105288,1877,398,39,72,1,-1,-1,-1
27,105273,368,620,60,210,1,-1,-1,-1
27,105274,926,525,70,159,1,-1,-1,-1
27,105275,503,490,76,142,1,-1,-1,-1
27,105276,1859,488,60,158,1,-1,-1,-1
27,105277,1881,460,43,152,1,-1,-1,-1
27,105278,1157,344,46,130,1,-1,-1,-1
27,105279,912,354,55,122,1,-1,-1,-1
27,105280,1143,499,70,155,1,-1,-1,-1
27,105281,1755,326,87,132,1,-1,-1,-1
27,105282,1552,258,40,104,1,-1,-1,-1
27,105283,1144,240,40,95,1,-1,-1,-1
27,105284,1426,326,40,125,1,-1,-1,-1
27,105285,715,203,37,88,1,-1,-1,-1
27,105286,1679,346,48,118,1,-1,-1,-1
27,105287,1374,251,37,104,1,-1,-1,-1
27,105288,1875,398,42,76,1,-1,-1,-1
28,105273,364,620,60,211,1,-1,-1,-1
28,105274,924,527,70,157,1,-1,-1,-1
28,105275,497,490,77,143,1,-1,-1,-1
28,105276,1857,488,60,158,1,-1,-1,-1
28,105277,1882,460,42,152,1,-1,-1,-1
28,105278,1154,344,46,130,1,-1,-1,-1
28,105279,907,355,56,121,1,-1,-1,-1
28,105280,1140,502,68,155,1,-1,-1,-1
28,105281,1752,326,88,132,1,-1,-1,-1
28,105282,1549,258,40,104,1,-1,-1,-1
28,105283,1139,240,41,95,1,-1,-1,-1
28,105284,1424,326,39,125,1,-1,-1,-1
28,105285,710,204,37,88,1,-1,-1,-1
28,105286,1678,346,49,119,1,-1,-1,-1
28,105287,1371,251,37,104,1,-1,-1,-1
28,105288,1873,398,45,83,1,-1,-1,-1
29,105273,361,620,59,211,1,-1,-1,-1
29,105274,920,528,70,156,1,-1,-1,-1
29,105275,491,490,78,143,1,-1,-1,-1
29,105276,1856,488,60,159,1,-1,-1,-1
29,105277,1882,459,41,153,1,-1,-1,-1
29,105278,1152,343,46,130,1,-1,-1,-1
29,105279,904,355,58,122,1,-1,-1,-1
29,105280,1137,505,67,155,1,-1,-1,-1
29,105281,1750,326,87,132,1,-1,-1,-1
29,105282,1546,258,40,104,1,-1,-1,-1
29,105283,1135,240,41,95,1,-1,-1,-1
29,105284,1421,327,39,125,1,-1,-1,-1
29,105285,705,205,37,88,1,-1,-1,-1
29,105286,1677,346,49,120,1,-1,-1,-1
29,105287,1367,251,38,104,1,-1,-1,-1
29,105288,1871,397,49,91,1,-1,-1,-1
30,105273,357,620,58,211,1,-1,-1,-1
30,105274,917,531,70,153,1,-1,-1,-1
30,105275,483,490,80,144,1,-1,-1,-1
30,105276,1853,488,62,159,1,-1,-1,-1
30,105277,1882,459,41,153,1,-1,-1,-1
30,105278,1150,343,46,130,1,-1,-1,-1
30,105279,901,355,58,121,1,-1,-1,-1
30,105280,1134,508,65,155,1,-1,-1,-1
30,105281,1746,326,88,132,1,-1,-1,-1
30,105282,1542,258,40,104,1,-1,-1,-1
30,105283,1130,240,41,94,1,-1,-1,-1
30,105284,1418,328,39,125,1,-1,-1,-1
30,105285,700,206,37,88,1,-1,-1,-1
30,105286,1676,346,50,122,1,-1,-1,-1
30,105287,1362,251,37,104,1,-1,-1,-1
30,105288,1869,397,53,99,1,-1,-1,-1
31,105273,352,620,57,211,1,-1,-1,-1
31,105274,913,531,71,153,1,-1,-1,-1
31,105275,478,490,81,145,1,-1,-1,-1
31,105276,1852,488,62,159,1,-1,-1,-1
31,105277,1882,459,40,152,1,-1,-1,-1
31,105278,1147,343,46,130,1,-1,-1,-1
31,105279,898,355,58,121,1,-1,-1,-1
31,105280,1131,512,64,154,1,-1,-1,-1
31,105281,1744,326,87,131,1,-1,-1,-1
31,105282,1541,258,40,104,1,-1,-1,-1
31,105283,1125,239,40,95,1,-1,-1,-1
31,105284,1415,328,38,125,1,-1,-1,-1
31,105285,694,207,37,88,1,-1,-1,-1
31,105286,1675,346,50,123,1,-1,-1,-1
31,105287,1360,251,37,104,1,-1,-1,-1
31,105288,1866,396,57,108,1,-1,-1,-1
32,105273,348,620,56,211,1,-1,-1,-1
32,105274,906,530,71,154,1,-1,-1,-1
32,105275,472,490,82,145,1,-1,-1,-1
32,105276,1852,488,63,159,1,-1,-1,-1
32,105277,1881,458,40,153,1,-1,-1,-1
32,105278,1145,343,46,130,1,-1,-1,-1
32,105279,896,355,57,121,1,-1,-1,-1
32,105280,1127,514,62,154,1,-1,-1,-1
32,105281,1740,326,88,131,1,-1,-1,-1
32,105282,1538,258,40,104,1,-1,-1,-1
32,105283,1121,239,40,95,1,-1,-1,-1
32,105284,1412,329,38,125,1,-1,-1,-1
32,105285,688,208,38,88,1,-1,-1,-1
32,105286,1673,346,50,124,1,-1,-1,-1
32,105287,1358,251,37,103,1,-1,-1,-1
32,105288,1863,396,59,115,1,-1,-1,-1
33,105273,344,621,56,210,1,-1,-1,-1
33,105274,896,527,72,157,1,-1,-1,-1
33,105275,465,492,83,144,1,-1,-1,-1
33,105276,1853,487,63,159,1,-1,-1,-1
33,105277,1880,458,40,153,1,-1,-1,-1
33,105278,1143,343,47,131,1,-1,-1,-1
33,105279,893,355,58,120,1,-1,-1,-1
33,105280,1122,516,61,153,1,-1,-1,-1
33,105281,1737,326,87,131,1,-1,-1,-1
33,105282,1533,258,41,104,1,-1,-1,-1
33,105283,1116,239,40,95,1,-1,-1,-1
33,105284,1409,329,38,125,1,-1,-1,-1
33,105285,683,208,38,88,1,-1,-1,-1
33,105286,1672,346,50,124,1,-1,-1,-1
33,105287,1355,251,37,102,1,-1,-1,-1
33,105288,1860,395,60,121,1,-1,-1,-1
34,105273,340,621,56,209,1,-1,-1,-1
34,105274,886,524,73,159,1,-1,-1,-1
34,105275,458,493,84,144,1,-1,-1,-1
34,105276,1855,487,62,159,1,-1,-1,-1
34,105277,1878,457,40,154,1,-1,-1,-1
34,105278,1142,343,47,131,1,-1,-1,-1
34,105279,890,355,57,120,1,-1,-1,-1
34,105280,1117,518,60,152,1,-1,-1,-1
34,105281,1732,326,88,132,1,-1,-1,-1
34,105282,1529,259,41,103,1,-1,-1,-1
34,105283,1111,239,41,95,1,-1,-1,-1
34,105284,1405,330,39,125,1,-1,-1,-1
34,105285,678,208,38,88,1,-1,-1,-1
34,105286,1670,346,50,124,1,-1,-1,-1
34,105287,1351,251,37,102,1,-1,-1,-1
34,105288,1856,395,62,126,1,-1,-1,-1
35,105273,336,621,55,209,1,-1,-1,-1
35,105274,876,522,73,161,1,-1,-1,-1
35,105275,451,494,86,143,1,-1,-1,-1
35,105276,1856,486,62,159,1,-1,-1,-1
35,105277,1876,457,41,154,1,-1,-1,-1
35,105278,1140,343,48,131,1,-1,-1,-1
35,105279,887,355,57,120,1,-1,-1,-1
35,105280,1112,520,59,151,1,-1,-1,-1
35,105281,1726,326,88,132,1,-1,-1,-1
35,105282,1523,259,42,103,1,-1,-1,-1
35,105283,1103,240,40,94,1,-1,-1,-1
35,105284,1402,330,38,125,1,-1,-1,-1
35,105285,673,209,38,88,1,-1,-1,-1
35,105286,1667,346,50,124,1,-1,-1,-1
35,105287,1346,251,37,101,1,-1,-1,-1
35,105288,1850,394,64,135,1,-1,-1,-1
36,105273,330,621,57,208,1,-1,-1,-1
36,105274,865,518,72,165,1,-1,-1,-1
36,105275,443,496,87,142,1,-1,-1,-1
36,105276,1858,486,61,159,1,-1,-1,-1
36,105277,1875,457,41,154,1,-1,-1,-1
36,105278,1138,343,49,132,1,-1,-1,-1
36,105279,884,355,57,119,1,-1,-1,-1
36,105280,1105,522,59,150,1,-1,-1,-1
36,105281,1723,326,88,132,1,-1,-1,-1
36,105282,1519,259,43,103,1,-1,-1,-1
36,105283,1099,240,41,94,1,-1,-1,-1
36,105284,1398,330,38,125,1,-1,-1,-1
36,105285,667,209,37,88,1,-1,-1,-1
36,105286,1666,346,49,124,1,-1,-1,-1
36,105287,1344,251,37,101,1,-1,-1,-1
36,105288,1848,394,64,138,1,-1,-1,-1
37,105273,326,621,58,208,1,-1,-1,-1
37,105274,859,516,71,165,1,-1,-1,-1
37,105275,435,496,88,142,1,-1,-1,-1
37,105276,1858,485,61,159,1,-1,-1,-1
37,105277,1873,456,42,155,1,-1,-1,-1
37,105278,1136,343,49,132,1,-1,-1,-1
37,105279,881,355,57,119,1,-1,-1,-1
37,105280,1100,523,59,149,1,-1,-1,-1
37,105281,1720,326,88,131,1,-1,-1,-1
37,105282,1517,259,43,103,1,-1,-1,-1
37,105283,1096,240,41,94,1,-1,-1,-1
37,105284,1395,331,38,124,1,-1,-1,-1
37,105285,662,210,38,88,1,-1,-1,-1
37,105286,1664,346,49,124,1,-1,-1,-1
37,105287,1342,251,37,100,1,-1,-1,-1
37,105288,1846,393,64,139,1,-1,-1,-1
38,105273,323,621,57,208,1,-1,-1,-1
38,105274,853,515,69,163,1,-1,-1,-1
38,105275,426,496,90,143,1,-1,-1,-1
38,105276,1858,485,61,159,1,-1,-1,-1
38,105277,1871,456,43,155,1,-1,-1,-1
38,105278,1133,343,50,132,1,-1,-1,-1
38,105279,877,355,57,119,1,-1,-1,-1
38,105280,1095,523,59,149,1,-1,-1,-1
38,105281,1717,326,87,131,1,-1,-1,-1
38,105282,1513,259,44,103,1,-1,-1,-1
38,105283,1091,240,41,94,1,-1,-1,-1
38,105284,1391,331,38,122,1,-1,-1,-1
38,105285,658,210,37,88,1,-1,-1,-1
38,105286,1662,346,49,124,1,-1,-1,-1
38,105287,1340,251,36,100,1,-1,-1,-1
38,105288,1844,393,64,139,1,-1,-1,-1
39,105273,319,621,57,209,1,-1,-1,-1
39,105274,848,514,68,161,1,-1,-1,-1
39,105275,417,495,90,144,1,-1,-1,-1
39,105276,1858,485,60,159,1,-1,-1,-1
39,105277,1868,456,45,154,1,-1,-1,-1
39,105278,1131,343,50,131,1,-1,-1,-1
39,105279,873,355,58,119,1,-1,-1,-1
39,105280,1090,523,60,149,1,-1,-1,-1
39,105281,1714,326,86,130,1,-1,-1,-1
39,105282,1510,259,44,103,1,-1,-1,-1
39,105283,1086,240,42,95,1,-1,-1,-1
39,105284,1388,331,38,121,1,-1,-1,-1
39,105285,653,210,38,88,1,-1,-1,-1
39,105286,1659,346,49,124,1,-1,-1,-1
39,105287,1337,251,37,100,1,-1,-1,-1
39,105288,1842,393,63,139,1,-1,-1,-1
40,105273,313,621,58,210,1,-1,-1,-1
40,105274,841,512,65,158,1,-1,-1,-1
40,105275,406,494,90,145,1,-1,-1,-1
40,105276,1857,485,60,159,1,-1,-1,-1
40,105277,1865,456,46,154,1,-1,-1,-1
40,105278,1129,343,50,130,1,-1,-1,-1
40,105279,870,355,58,119,1,-1,-1,-1
40,105280,1085,523,61,149,1,-1,-1,-1
40,105281,1710,327,86,129,1,-1,-1,-1
40,105282,1505,259,43,103,1,-1,-1,-1
40,105283,1082,239,42,96,1,-1,-1,-1
40,105284,1386,331,37,121,1,-1,-1,-1
40,105285,649,210,37,88,1,-1,-1,-1
40,105286,1657,346,48,124,1,-1,-1,-1
40,105287,1334,251,37,100,1,-1,-1,-1
40,105288,1840,392,64,139,1,-1,-1,-1
41,105273,310,621,58,210,1,-1,-1,-1
41,105274,832,511,65,160,1,-1,-1,-1
41,105275,401,494,89,145,1,-1,-1,-1
41,105276,1856,485,61,159,1,-1,-1,-1
41,105277,1863,456,48,153,1,-1,-1,-1
41,105278,1126,343,51,130,1,-1,-1,-1
41,105279,866,355,58,119,1,-1,-1,-1
41,105280,1080,523,61,149,1,-1,-1,-1
41,105281,1706,327,85,128,1,-1,-1,-1
41,105282,1503,259,44,103,1,-1,-1,-1
41,105283,1077,239,43,96,1,-1,-1,-1
41,105284,1383,332,36,118,1,-1,-1,-1
41,105285,645,210,36,88,1,-1,-1,-1
41,105286,1654,346,48,124,1,-1,-1,-1
41,105287,1333,251,37,100,1,-1,-1,-1
41,105288,1837,392,64,138,1,-1,-1,-1
42,105273,308,622,58,209,1,-1,-1,-1
42,105274,826,510,65,160,1,-1,-1,-1
42,105275,396,495,89,146,1,-1,-1,-1
42,105276,1856,485,61,159,1,-1,-1,-1
42,105277,1863,456,49,153,1,-1,-1,-1
42,105278,1125,343,51,129,1,-1,-1,-1
42,105279,864,355,58,119,1,-1,-1,-1
42,105280,1076,522,61,149,1,-1,-1,-1
42,105281,1703,328,85,127,1,-1,-1,-1
42,105282,1500,259,44,103,1,-1,-1,-1
42,105283,1073,239,43,96,1,-1,-1,-1
42,105284,1380,332,36,118,1,-1,-1,-1
42,105285,640,210,37,88,1,-1,-1,-1
42,105286,1652,346,48,125,1,-1,-1,-1
42,105287,1331,250,36,101,1,-1,-1,-1
42,105288,1835,392,64,137,1,-1,-1,-1
43,105273,305,624,60,208,1,-1,-1,-1
43,105274,821,509,63,159,1,-1,-1,-1
43,105275,391,496,88,147,1,-1,-1,-1
43,105276,1857,484,60,159,1,-1,-1,-1
43,105277,1864,456,50,153,1,-1,-1,-1
43,105278,1123,343,52,130,1,-1,-1,-1
43,105279,861,355,58,119,1,-1,-1,-1
43,105280,1071,521,63,150,1,-1,-1,-1
43,105281,1701,328,84,127,1,-1,-1,-1
43,105282,1498,259,44,102,1,-1,-1,-1
43,105283,1068,238,43,98,1,-1,-1,-1
43,105284,1378,332,36,117,1,-1,-1,-1
43,105285,635,210,37,88,1,-1,-1,-1
43,105286,1651,346,48,125,1,-1,-1,-1
43,105287,1328,250,37,101,1,-1,-1,-1
43,105288,1832,391,65,138,1,-1,-1,-1
44,105273,302,625,61,207,1,-1,-1,-1
44,105274,815,508,63,158,1,-1,-1,-1
44,105275,385,497,89,148,1,-1,-1,-1
44,105276,1858,483,60,159,1,-1,-1,-1
44,105277,1865,455,51,154,1,-1,-1,-1
44,105278,1122,343,52,131,1,-1,-1,-1
44,105279,858,355,59,119,1,-1,-1,-1
44,105280,1067,520,63,152,1,-1,-1,-1
44,105281,1698,328,85,128,1,-1,-1,-1
44,105282,1496,259,43,102,1,-1,-1,-1
44,105283,1064,238,43,98,1,-1,-1,-1
44,105284,1376,332,36,117,1,-1,-1,-1
44,105285,630,210,37,89,1,-1,-1,-1
44,105286,1650,346,48,125,1,-1,-1,-1
44,105287,1326,250,37,100,1,-1,-1,-1
44,105288,1829,391,64,138,1,-1,-1,-1
45,105273,300,627,62,206,1,-1,-1,-1
45,105274,810,507,62,157,1,-1,-1,-1
45,105275,380,498,88,149,1,-1,-1,-1
45,105276,1858,482,61,159,1,-1,-1,-1
45,105277,1867,454,51,154,1,-1,-1,-1
45,105278,1120,343,52,132,1,-1,-1,-1
45,105279,855,355,58,119,1,-1,-1,-1
45,105280,1063,519,64,153,1,-1,-1,-1
45,105281,1696,328,85,128,1,-1,-1,-1
45,105282,1493,259,44,102,1,-1,-1,-1
45,105283,1059,238,44,98,1,-1,-1,-1
45,105284,1373,332,36,117,1,-1,-1,-1
45,105285,622,210,37,89,1,-1,-1,-1
45,105286,1648,346,48,125,1,-1,-1,-1
45,105287,1322,249,37,101,1,-1,-1,-1
45,105288,1826,390,64,138,1,-1,-1,-1
46,105273,296,629,65,205,1,-1,-1,-1
46,105274,804,506,61,156,1,-1,-1,-1
46,105275,374,500,89,149,1,-1,-1,-1
46,105276,1859,481,60,160,1,-1,-1,-1
46,105277,1869,454,50,154,1,-1,-1,-1
46,105278,1119,343,53,132,1,-1,-1,-1
46,105279,851,354,58,119,1,-1,-1,-1
46,105280,1057,518,65,153,1,-1,-1,-1
46,105281,1692,328,86,129,1,-1,-1,-1
46,105282,1491,260,43,101,1,-1,-1,-1
46,105283,1054,237,44,99,1,-1,-1,-1
46,105284,1372,332,36,117,1,-1,-1,-1
46,105285,619,210,38,89,1,-1,-1,-1
46,105286,1646,346,50,125,1,-1,-1,-1
46,105287,1321,249,37,101,1,-1,-1,-1
46,105288,1823,390,64,138,1,-1,-1,-1
47,105273,292,629,67,206,1,-1,-1,-1
47,105274,801,504,60,156,1,-1,-1,-1
47,105275,369,501,88,149,1,-1,-1,-1
47,105276,1860,480,59,160,1,-1,-1,-1
47,105277,1870,453,50,156,1,-1,-1,-1
47,105278,1117,343,54,133,1,-1,-1,-1
47,105279,849,354,58,119,1,-1,-1,-1
47,105280,1055,516,64,154,1,-1,-1,-1
47,105281,1691,328,85,129,1,-1,-1,-1
47,105282,1489,260,43,101,1,-1,-1,-1
47,105283,1050,237,43,99,1,-1,-1,-1
47,105284,1370,332,36,117,1,-1,-1,-1
47,105285,615,210,38,89,1,-1,-1,-1
47,105286,1645,346,50,125,1,-1,-1,-1
47,105287,1319,248,36,101,1,-1,-1,-1
47,105288,1822,389,63,138,1,-1,-1,-1
48,105273,288,628,69,207,1,-1,-1,-1
48,105274,798,502,60,156,1,-1,-1,-1
48,105275,363,500,86,150,1,-1,-1,-1
48,105276,1862,480,58,159,1,-1,-1,-1
48,105277,1872,453,50,156,1,-1,-1,-1
48,105278,1115,343,54,133,1,-1,-1,-1
48,105279,847,354,57,118,1,-1,-1,-1
48,105280,1052,514,65,154,1,-1,-1,-1
48,105281,1689,328,86,130,1,-1,-1,-1
48,105282,1487,260,43,101,1,-1,-1,-1
48,105283,1045,238,43,98,1,-1,-1,-1
48,105284,1367,332,37,117,1,-1,-1,-1
48,105285,612,210,37,90,1,-1,-1,-1
48,105286,1644,346,50,125,1,-1,-1,-1
48,105287,1316,248,37,100,1,-1,-1,-1
48,105288,1821,389,61,137,1,-1,-1,-1
49,105273,283,627,72,209,1,-1,-1,-1
49,105274,795,500,59,156,1,-1,-1,-1
49,105275,356,500,85,150,1,-1,-1,-1
49,105276,1863,480,57,158,1,-1,-1,-1
49,105277,1874,453,48,156,1,-1,-1,-1
49,105278,1113,343,54,133,1,-1,-1,-1
49,105279,845,354,57,118,1,-1,-1,-1
49,105280,1049,511,64,155,1,-1,-1,-1
49,105281,1688,328,86,130,1,-1,-1,-1
49,105282,1485,260,43,101,1,-1,-1,-1
49,105283,1039,238,43,98,1,-1,-1,-1
49,105284,1365,332,36,117,1,-1,-1,-1
49,105285,608,211,38,89,1,-1,-1,-1
49,105286,1642,346,51,125,1,-1,-1,-1
49,105287,1314,247,37,101,1,-1,-1,-1
49,105288,1820,389,60,136,1,-1,-1,-1
50,105273,278,626,74,211,1,-1,-1,-1
50,105274,792,497,59,156,1,-1,-1,-1
50,105275,350,500,84,150,1,-1,-1,-1
50,105276,1864,480,56,157,1,-1,-1,-1
50,105277,1876,453,47,156,1,-1,-1,-1
50,105278,1111,343,54,133,1,-1,-1,-1
50,105279,843,354,57,118,1,-1,-1,-1
50,105280,1046,509,64,154,1,-1,-1,-1
50,105281,1687,328,86,130,1,-1,-1,-1
50,105282,1483,261,43,100,1,-1,-1,-1
50,105283,1034,239,41,98,1,-1,-1,-1
50,105284,1362,332,36,117,1,-1,-1,-1
50,105285,602,212,37,88,1,-1,-1,-1
50,105286,1640,346,51,125,1,-1,-1,-1
50,105287,1310,247,37,100,1,-1,-1,-1
50,105288,1818,389,60,135,1,-1,-1,-1
51,105273,273,625,76,213,1,-1,-1,-1
51,105274,790,495,58,156,1,-1,-1,-1
51,105275,342,500,83,150,1,-1,-1,-1
51,105276,1866,480,55,156,1,-1,-1,-1
51,105277,1877,453,47,156,1,-1,-1,-1
51,105278,1109,343,54,133,1,-1,-1,-1
51,105279,840,354,57,118,1,-1,-1,-1
51,105280,1043,506,63,154,1,-1,-1,-1
51,105281,1686,328,85,130,1,-1,-1,-1
51,105282,1481,261,43,101,1,-1,-1,-1
51,105283,1028,239,40,98,1,-1,-1,-1
51,105284,1360,332,36,117,1,-1,-1,-1
51,105285,600,213,37,88,1,-1,-1,-1
51,105286,1638,346,51,125,1,-1,-1,-1
51,105287,1309,246,37,101,1,-1,-1,-1
51,105288,1817,389,59,134,1,-1,-1,-1
52,105273,270,625,78,214,1,-1,-1,-1
52,105274,786,493,58,155,1,-1,-1,-1
52,105275,338,500,81,150,1,-1,-1,-1
52,105276,1866,480,54,154,1,-1,-1,-1
52,105277,1878,453,45,156,1,-1,-1,-1
52,105278,1109,343,53,133,1,-1,-1,-1
52,105279,839,355,57,117,1,-1,-1,-1
52,105280,1042,505,62,154,1,-1,-1,-1
52,105281,1687,329,84,129,1,-1,-1,-1
52,105282,1480,261,42,101,1,-1,-1,-1
52,105283,1025,239,39,99,1,-1,-1,-1
52,105284,1358,332,36,117,1,-1,-1,-1
52,105285,597,213,37,88,1,-1,-1,-1
52,105286,1637,346,52,125,1,-1,-1,-1
52,105287,1307,246,37,101,1,-1,-1,-1
52,105288,1817,389,59,134,1,-1,-1,-1
53,105273,267,626,80,214,1,-1,-1,-1
53,105274,783,491,57,154,1,-1,-1,-1
53,105275,334,501,80,149,1,-1,-1,-1
53,105276,1866,480,52,153,1,-1,-1,-1
53,105277,1879,452,44,157,1,-1,-1,-1
53,105278,1108,343,54,133,1,-1,-1,-1
53,105279,838,355,56,117,1,-1,-1,-1
53,105280,1039,506,62,152,1,-1,-1,-1
53,105281,1687,330,84,128,1,-1,-1,-1
53,105282,1478,261,42,101,1,-1,-1,-1
53,105283,1021,240,38,97,1,-1,-1,-1
53,105284,1357,332,36,117,1,-1,-1,-1
53,105285,594,213,37,88,1,-1,-1,-1
53,105286,1637,346,52,125,1,-1,-1,-1
53,105287,1305,246,37,101,1,-1,-1,-1
53,105288,1819,389,59,133,1,-1,-1,-1
54,105273,265,627,81,214,1,-1,-1,-1
54,105274,779,489,57,154,1,-1,-1,-1
54,105275,329,501,80,149,1,-1,-1,-1
54,105276,1865,480,52,152,1,-1,-1,-1
54,105277,1879,452,44,156,1,-1,-1,-1
54,105278,1108,343,55,133,1,-1,-1,-1
54,105279,837,355,56,117,1,-1,-1,-1
54,105280,1038,507,60,152,1,-1,-1,-1
54,105281,1689,331,83,128,1,-1,-1,-1
54,105282,1478,260,41,102,1,-1,-1,-1
54,105283,1017,240,38,97,1,-1,-1,-1
54,105284,1356,332,36,117,1,-1,-1,-1
54,105285,591,213,37,88,1,-1,-1,-1
54,105286,1637,346,52,125,1,-1,-1,-1
54,105287,1304,246,37,101,1,-1,-1,-1
54,105288,1820,388,59,133,1,-1,-1,-1
55,105273,262,628,82,214,1,-1,-1,-1
55,105274,775,487,57,154,1,-1,-1,-1
55,105275,324,502,81,148,1,-1,-1,-1
55,105276,1864,480,52,149,1,-1,-1,-1
55,105277,1879,452,43,156,1,-1,-1,-1
55,105278,1108,343,55,133,1,-1,-1,-1
55,105279,836,354,56,118,1,-1,-1,-1
55,105280,1035,509,59,150,1,-1,-1,-1
55,105281,1691,333,82,125,1,-1,-1,-1
55,105282,1476,260,42,102,1,-1,-1,-1
55,105283,1010,240,40,97,1,-1,-1,-1
55,105284,1355,332,36,117,1,-1,-1,-1
55,105285,589,213,36,88,1,-1,-1,-1
55,105286,1637,345,52,125,1,-1,-1,-1
55,105287,1302,246,37,101,1,-1,-1,-1
55,105288,1823,387,58,133,1,-1,-1,-1
56,105273,261,628,83,215,1,-1,-1,-1
56,105274,772,486,56,151,1,-1,-1,-1
56,105275,319,503,82,146,1,-1,-1,-1
56,105276,1864,480,52,148,1,-1,-1,-1
56,105277,1880,451,42,157,1,-1,-1,-1
56,105278,1108,342,55,134,1,-1,-1,-1
56,105279,835,354,56,118,1,-1,-1,-1
56,105280,1034,510,59,149,1,-1,-1,-1
56,105281,1691,329,83,128,1,-1,-1,-1
56,105282,1476,260,42,102,1,-1,-1,-1
56,105283,1008,240,40,97,1,-1,-1,-1
56,105284,1353,332,36,117,1,-1,-1,-1
56,105285,585,213,37,88,1,-1,-1,-1
56,105286,1637,345,52,125,1,-1,-1,-1
56,105287,1300,246,37,101,1,-1,-1,-1
56,105288,1824,386,59,134,1,-1,-1,-1
57,105273,258,629,83,214,1,-1,-1,-1
57,105274,770,484,56,152,1,-1,-1,-1
57,105275,316,503,82,146,1,-1,-1,-1
57,105276,1868,480,51,147,1,-1,-1,-1
57,105277,1881,451,42,156,1,-1,-1,-1
57,105278,1108,342,55,134,1,-1,-1,-1
57,105279,835,354,56,117,1,-1,-1,-1
57,105280,1033,508,59,149,1,-1,-1,-1
57,105281,1693,329,83,128,1,-1,-1,-1
57,105282,1476,260,41,103,1,-1,-1,-1
57,105283,1006,240,41,97,1,-1,-1,-1
57,105284,1353,332,36,117,1,-1,-1,-1
57,105285,583,214,37,88,1,-1,-1,-1
57,105286,1637,345,52,125,1,-1,-1,-1
57,105287,1300,246,37,101,1,-1,-1,-1
57,105288,1827,386,58,133,1,-1,-1,-1
58,105273,256,629,83,214,1,-1,-1,-1
58,105274,768,482,56,153,1,-1,-1,-1
58,105275,313,503,83,146,1,-1,-1,-1
58,105276,1874,480,49,146,1,-1,-1,-1
58,105277,1884,451,39,153,1,-1,-1,-1
58,105278,1109,343,54,133,1,-1,-1,-1
58,105279,834,353,56,118,1,-1,-1,-1
58,105280,1033,506,58,149,1,-1,-1,-1
58,105281,1697,329,83,128,1,-1,-1,-1
58,105282,1476,260,41,103,1,-1,-1,-1
58,105283,1005,240,42,97,1,-1,-1,-1
58,105284,1353,332,36,118,1,-1,-1,-1
58,105285,581,214,37,88,1,-1,-1,-1
58,105286,1636,344,53,125,1,-1,-1,-1
58,105287,1300,246,36,101,1,-1,-1,-1
58,105288,1831,386,57,133,1,-1,-1,-1
59,105273,254,629,82,215,1,-1,-1,-1
59,105274,766,480,56,155,1,-1,-1,-1
59,105275,310,503,85,146,1,-1,-1,-1
59,105276,1884,495,41,130,1,-1,-1,-1
59,105277,1894,451,25,99,1,-1,-1,-1
59,105278,1109,344,54,132,1,-1,-1,-1
59,105279,834,353,56,118,1,-1,-1,-1
59,105280,1032,504,58,148,1,-1,-1,-1
59,105281,1700,329,83,128,1,-1,-1,-1
59,105282,1476,260,41,103,1,-1,-1,-1
59,105283,1004,240,42,97,1,-1,-1,-1
59,105284,1353,332,36,118,1,-1,-1,-1
59,105285,580,215,37,88,1,-1,-1,-1
59,105286,1636,344,53,125,1,-1,-1,-1
59,105287,1300,246,36,101,1,-1,-1,-1
59,105288,1835,385,56,133,1,-1,-1,-1
60,105273,252,629,81,215,1,-1,-1,-1
60,105274,763,476,57,158,1,-1,-1,-1
60,105275,307,503,85,146,1,-1,-1,-1
60,105276,1891,516,34,109,1,-1,-1,-1
60,105277,1902,478,14,50,1,-1,-1,-1
60,105278,1109,345,54,131,1,-1,-1,-1
60,105279,834,353,56,118,1,-1,-1,-1
60,105280,1033,501,57,149,1,-1,-1,-1
60,105281,1704,329,82,128,1,-1,-1,-1
60,105282,1476,260,41,103,1,-1,-1,-1
60,105283,1003,240,43,97,1,-1,-1,-1
60,105284,1353,332,36,119,1,-1,-1,-1
60,105285,579,216,37,89,1,-1,-1,-1
60,105286,1635,344,53,125,1,-1,-1,-1
60,105287,1300,246,36,101,1,-1,-1,-1
60,105288,1838,384,56,134,1,-1,-1,-1
61,105273,249,629,80,215,1,-1,-1,-1
61,105274,763,475,56,159,1,-1,-1,-1
61,105275,305,503,85,146,1,-1,-1,-1
61,105276,1894,523,30,102,1,-1,-1,-1
61,105278,1109,345,54,131,1,-1,-1,-1
61,105279,833,353,57,118,1,-1,-1,-1
61,105280,1032,498,58,150,1,-1,-1,-1
61,105281,1708,328,82,130,1,-1,-1,-1
61,105282,1476,260,41,104,1,-1,-1,-1
61,105283,1002,240,43,97,1,-1,-1,-1
61,105284,1353,332,36,119,1,-1,-1,-1
61,105285,577,216,37,89,1,-1,-1,-1
61,105286,1635,344,53,125,1,-1,-1,-1
61,105287,1300,246,36,101,1,-1,-1,-1
61,105288,1843,384,54,133,1,-1,-1,-1
62,105273,248,629,77,215,1,-1,-1,-1
62,105274,762,474,55,158,1,-1,-1,-1
62,105275,301,502,86,147,1,-1,-1,-1
62,105276,1895,525,29,100,1,-1,-1,-1
62,105278,1110,346,54,130,1,-1,-1,-1
62,105279,833,353,57,118,1,-1,-1,-1
62,105280,1033,496,56,150,1,-1,-1,-1
62,105281,1711,328,81,129,1,-1,-1,-1
62,105282,1477,261,41,103,1,-1,-1,-1
62,105283,1000,240,43,96,1,-1,-1,-1
62,105284,1353,332,37,120,1,-1,-1,-1
62,105285,577,217,36,89,1,-1,-1,-1
62,105286,1635,344,53,125,1,-1,-1,-1
62,105287,1301,246,36,101,1,-1,-1,-1
62,105288,1846,383,54,133,1,-1,-1,-1
62,105289,1911,505,8,18,1,-1,-1,-1
63,105273,245,629,76,215,1,-1,-1,-1
63,105274,761,473,54,156,1,-1,-1,-1
63,105275,297,501,86,148,1,-1,-1,-1
63,105278,1111,346,54,130,1,-1,-1,-1
63,105279,832,353,58,118,1,-1,-1,-1
63,105280,1033,495,56,149,1,-1,-1,-1
63,105281,1714,328,81,129,1,-1,-1,-1
63,105282,1477,261,41,103,1,-1,-1,-1
63,105283,998,240,42,95,1,-1,-1,-1
63,105284,1354,332,36,120,1,-1,-1,-1
63,105285,576,217,36,89,1,-1,-1,-1
63,105286,1635,344,53,125,1,-1,-1,-1
63,105287,1301,246,36,101,1,-1,-1,-1
63,105288,1850,384,53,132,1,-1,-1,-1
64,105273,243,630,74,214,1,-1,-1,-1
64,105274,759,472,53,153,1,-1,-1,-1
64,105275,294,500,85,149,1,-1,-1,-1
64,105278,1112,346,54,130,1,-1,-1,-1
64,105279,832,353,59,118,1,-1,-1,-1
64,105280,1033,493,56,150,1,-1,-1,-1
64,105281,1717,327,81,129,1,-1,-1,-1
64,105282,1478,261,41,103,1,-1,-1,-1
64,105283,995,240,42,95,1,-1,-1,-1
64,105284,1354,332,36,120,1,-1,-1,-1
64,105285,575,217,36,89,1,-1,-1,-1
64,105286,1635,344,53,125,1,-1,-1,-1
64,105287,1302,246,36,100,1,-1,-1,-1
64,105288,1853,384,54,132,1,-1,-1,-1
65,105273,240,631,72,213,1,-1,-1,-1
65,105274,758,471,52,151,1,-1,-1,-1
65,105275,290,499,85,150,1,-1,-1,-1
65,105278,1114,346,53,130,1,-1,-1,-1
65,105279,832,353,59,118,1,-1,-1,-1
65,105280,1034,490,56,150,1,-1,-1,-1
65,105281,1722,325,80,129,1,-1,-1,-1
65,105282,1478,260,41,103,1,-1,-1,-1
65,105283,992,240,40,93,1,-1,-1,-1
65,105284,1355,332,36,120,1,-1,-1,-1
65,105285,573,217,36,89,1,-1,-1,-1
65,105286,1635,344,53,125,1,-1,-1,-1
65,105287,1302,246,36,100,1,-1,-1,-1
65,105288,1859,384,54,131,1,-1,-1,-1
66,105273,237,632,72,212,1,-1,-1,-1
66,105274,756,470,51,148,1,-1,-1,-1
66,105275,286,498,84,151,1,-1,-1,-1
66,105278,1115,346,53,130,1,-1,-1,-1
66,105279,832,353,59,118,1,-1,-1,-1
66,105280,1035,489,55,150,1,-1,-1,-1
66,105281,1725,325,78,128,1,-1,-1,-1
66,105282,1479,260,41,103,1,-1,-1,-1
66,105283,991,240,39,93,1,-1,-1,-1
66,105284,1355,332,36,120,1,-1,-1,-1
66,105285,573,217,36,89,1,-1,-1,-1
66,105286,1635,344,53,125,1,-1,-1,-1
66,105287,1302,246,37,99,1,-1,-1,-1
66,105288,1860,384,55,130,1,-1,-1,-1
67,105273,234,632,71,211,1,-1,-1,-1
67,105274,754,468,52,148,1,-1,-1,-1
67,105275,286,498,82,151,1,-1,-1,-1
67,105278,1117,346,51,130,1,-1,-1,-1
67,105279,832,353,59,118,1,-1,-1,-1
67,105280,1035,490,54,149,1,-1,-1,-1
67,105281,1728,325,77,128,1,-1,-1,-1
67,105282,1479,260,41,103,1,-1,-1,-1
67,105283,989,240,39,93,1,-1,-1,-1
67,105284,1356,332,36,120,1,-1,-1,-1
67,105285,572,218,36,88,1,-1,-1,-1
67,105286,1636,344,53,125,1,-1,-1,-1
67,105287,1303,246,37,98,1,-1,-1,-1
67,105288,1862,384,55,131,1,-1,-1,-1
68,105273,232,632,70,211,1,-1,-1,-1
68,105274,753,467,51,148,1,-1,-1,-1
68,105275,286,497,80,152,1,-1,-1,-1
68,105278,1118,346,51,130,1,-1,-1,-1
68,105279,833,353,58,118,1,-1,-1,-1
68,105280,1036,490,53,149,1,-1,-1,-1
68,105281,1732,326,76,128,1,-1,-1,-1
68,105282,1479,259,41,104,1,-1,-1,-1
68,105283,987,240,39,93,1,-1,-1,-1
68,105284,1357,332,36,120,1,-1,-1,-1
68,105285,572,220,35,87,1,-1,-1,-1
68,105286,1636,344,53,125,1,-1,-1,-1
68,105287,1303,246,37,98,1,-1,-1,-1
68,105288,1865,384,54,131,1,-1,-1,-1
69,105273,227,632,71,209,1,-1,-1,-1
69,105274,751,466,52,147,1,-1,-1,-1
69,105275,286,497,79,152,1,-1,-1,-1
69,105278,1119,346,51,130,1,-1,-1,-1
69,105279,833,353,59,118,1,-1,-1,-1
69,105280,1037,491,52,148,1,-1,-1,-1
69,105281,1736,327,74,127,1,-1,-1,-1
69,105282,1480,259,41,103,1,-1,-1,-1
69,105283,985,240,40,94,1,-1,-1,-1
69,105284,1357,332,36,120,1,-1,-1,-1
69,105285,571,222,35,86,1,-1,-1,-1
69,105286,1637,343,53,125,1,-1,-1,-1
69,105287,1303,246,38,98,1,-1,-1,-1
69,105288,1868,383,54,131,1,-1,-1,-1
70,105273,225,632,71,209,1,-1,-1,-1
70,105274,750,464,51,147,1,-1,-1,-1
70,105275,287,497,77,152,1,-1,-1,-1
70,105278,1121,346,50,130,1,-1,-1,-1
70,105279,835,353,58,118,1,-1,-1,-1
70,105280,1038,493,52,146,1,-1,-1,-1
70,105281,1740,328,74,127,1,-1,-1,-1
70,105282,1480,259,41,103,1,-1,-1,-1
70,105283,982,240,41,95,1,-1,-1,-1
70,105284,1359,332,36,120,1,-1,-1,-1
70,105285,570,225,35,85,1,-1,-1,-1
70,105286,1638,343,53,125,1,-1,-1,-1
70,105287,1303,246,39,98,1,-1,-1,-1
70,105288,1872,382,53,131,1,-1,-1,-1
71,105273,224,632,72,209,1,-1,-1,-1
71,105274,748,462,51,148,1,-1,-1,-1
71,105275,287,497,77,152,1,-1,-1,-1
71,105278,1122,346,49,130,1,-1,-1,-1
71,105279,835,353,58,118,1,-1,-1,-1
71,105280,1038,494,51,145,1,-1,-1,-1
71,105281,1744,329,73,127,1,-1,-1,-1
71,105282,1480,259,41,103,1,-1,-1,-1
71,105283,979,240,42,95,1,-1,-1,-1
71,105284,1359,332,36,120,1,-1,-1,-1
71,105285,570,226,35,84,1,-1,-1,-1
71,105286,1639,343,53,125,1,-1,-1,-1
71,105287,1303,246,40,99,1,-1,-1,-1
71,105288,1874,382,52,132,1,-1,-1,-1
72,105273,223,632,73,209,1,-1,-1,-1
72,105274,746,461,51,147,1,-1,-1,-1
72,105275,288,497,76,152,1,-1,-1,-1
72,105278,1123,346,49,130,1,-1,-1,-1
72,105279,836,353,58,118,1,-1,-1,-1
72,105280,1039,493,50,145,1,-1,-1,-1
72,105281,1748,329,70,127,1,-1,-1,-1
72,105282,1481,259,41,103,1,-1,-1,-1
72,105283,979,240,42,96,1,-1,-1,-1
72,105284,1360,332,36,120,1,-1,-1,-1
72,105285,571,227,35,84,1,-1,-1,-1
72,105286,1640,343,53,125,1,-1,-1,-1
72,105287,1303,246,41,99,1,-1,-1,-1
72,105288,1877,384,49,130,1,-1,-1,-1
73,105273,222,632,75,209,1,-1,-1,-1
73,105274,744,459,52,148,1,-1,-1,-1
73,105275,289,497,75,152,1,-1,-1,-1
73,105278,1123,346,49,131,1,-1,-1,-1
73,105279,838,353,56,119,1,-1,-1,-1
73,105280,1040,491,50,145,1,-1,-1,-1
73,105281,1750,330,70,126,1,-1,-1,-1
73,105282,1483,259,41,104,1,-1,-1,-1
73,105283,978,242,44,96,1,-1,-1,-1
73,105284,1362,332,36,120,1,-1,-1,-1
73,105285,572,229,36,82,1,-1,-1,-1
73,105286,1642,342,52,125,1,-1,-1,-1
73,105287,1304,246,41,100,1,-1,-1,-1
73,105288,1880,385,46,128,1,-1,-1,-1
74,105273,221,632,76,209,1,-1,-1,-1
74,105274,743,458,51,147,1,-1,-1,-1
74,105275,290,497,75,153,1,-1,-1,-1
74,105278,1125,346,48,131,1,-1,-1,-1
74,105279,840,353,56,119,1,-1,-1,-1
74,105280,1041,489,49,144,1,-1,-1,-1
74,105281,1753,330,68,125,1,-1,-1,-1
74,105282,1484,259,41,104,1,-1,-1,-1
74,105283,978,243,44,96,1,-1,-1,-1
74,105284,1363,332,36,120,1,-1,-1,-1
74,105285,575,230,36,81,1,-1,-1,-1
74,105286,1643,342,53,126,1,-1,-1,-1
74,105287,1304,246,43,101,1,-1,-1,-1
74,105288,1883,388,44,125,1,-1,-1,-1
75,105273,220,632,77,209,1,-1,-1,-1
75,105274,741,456,51,148,1,-1,-1,-1
75,105275,291,497,75,153,1,-1,-1,-1
75,105278,1126,347,48,131,1,-1,-1,-1
75,105279,842,353,55,120,1,-1,-1,-1
75,105280,1042,485,49,145,1,-1,-1,-1
75,105281,1757,330,67,124,1,-1,-1,-1
75,105282,1485,259,42,104,1,-1,-1,-1
75,105283,977,245,45,96,1,-1,-1,-1
75,105284,1364,333,36,120,1,-1,-1,-1
75,105285,577,231,37,80,1,-1,-1,-1
75,105286,1646,342,52,126,1,-1,-1,-1
75,105287,1304,246,44,101,1,-1,-1,-1
75,105288,1885,390,42,123,1,-1,-1,-1
76,105273,219,632,79,209,1,-1,-1,-1
76,105274,739,454,51,148,1,-1,-1,-1
76,105275,292,497,74,154,1,-1,-1,-1
76,105278,1126,347,48,131,1,-1,-1,-1
76,105279,843,353,55,120,1,-1,-1,-1
76,105280,1043,484,49,144,1,-1,-1,-1
76,105281,1758,330,67,124,1,-1,-1,-1
76,105282,1486,259,42,105,1,-1,-1,-1
76,105283,978,245,45,96,1,-1,-1,-1
76,105284,1365,334,36,120,1,-1,-1,-1
76,105285,580,232,37,80,1,-1,-1,-1
76,105286,1647,342,51,126,1,-1,-1,-1
76,105287,1305,246,44,102,1,-1,-1,-1
76,105288,1889,392,39,122,1,-1,-1,-1
77,105273,218,630,82,212,1,-1,-1,-1
77,105274,737,454,51,148,1,-1,-1,-1
77,105275,294,497,74,154,1,-1,-1,-1
77,105278,1128,349,48,131,1,-1,-1,-1
77,105279,845,355,53,120,1,-1,-1,-1
77,105280,1044,484,48,145,1,-1,-1,-1
77,105281,1762,330,66,125,1,-1,-1,-1
77,105282,1488,261,43,104,1,-1,-1,-1
77,105283,977,246,46,96,1,-1,-1,-1
77,105284,1368,334,36,120,1,-1,-1,-1
77,105285,585,233,38,79,1,-1,-1,-1
77,105286,1649,344,51,126,1,-1,-1,-1
77,105287,1306,246,45,103,1,-1,-1,-1
77,105288,1893,417,31,97,1,-1,-1,-1
78,105273,218,628,85,216,1,-1,-1,-1
78,105274,735,454,52,148,1,-1,-1,-1
78,105275,296,497,74,154,1,-1,-1,-1
78,105278,1130,350,48,131,1,-1,-1,-1
78,105279,847,356,53,120,1,-1,-1,-1
78,105280,1045,485,48,144,1,-1,-1,-1
78,105281,1766,331,66,126,1,-1,-1,-1
78,105282,1491,264,42,102,1,-1,-1,-1
78,105283,977,247,45,96,1,-1,-1,-1
78,105284,1370,335,36,120,1,-1,-1,-1
78,105285,591,233,40,80,1,-1,-1,-1
78,105286,1652,345,50,126,1,-1,-1,-1
78,105287,1308,246,46,104,1,-1,-1,-1
78,105289,1903,494,14,28,1,-1,-1,-1
79,105273,217,626,88,219,1,-1,-1,-1
79,105274,733,454,52,148,1,-1,-1,-1
79,105275,299,497,74,154,1,-1,-1,-1
79,105278,1132,352,47,131,1,-1,-1,-1
79,105279,849,358,52,120,1,-1,-1,-1
79,105280,1047,486,47,143,1,-1,-1,-1
79,105281,1770,331,66,127,1,-1,-1,-1
79,105282,1494,266,43,101,1,-1,-1,-1
79,105283,977,248,45,96,1,-1,-1,-1
79,105284,1372,336,36,120,1,-1,-1,-1
79,105285,598,233,40,82,1,-1,-1,-1
79,105286,1654,347,50,126,1,-1,-1,-1
79,105287,1310,246,46,105,1,-1,-1,-1
79,105289,1904,493,14,28,1,-1,-1,-1
80,105273,216,624,91,221,1,-1,-1,-1
80,105274,731,454,52,148,1,-1,-1,-1
80,105275,301,496,75,156,1,-1,-1,-1
80,105278,1134,353,47,131,1,-1,-1,-1
80,105279,850,360,52,120,1,-1,-1,-1
80,105280,1048,487,46,143,1,-1,-1,-1
80,105281,1775,332,66,128,1,-1,-1,-1
80,105282,1498,269,43,100,1,-1,-1,-1
80,105283,977,249,44,96,1,-1,-1,-1
80,105284,1374,336,36,120,1,-1,-1,-1
80,105285,605,234,41,83,1,-1,-1,-1
80,105286,1658,349,48,125,1,-1,-1,-1
80,105287,1312,246,47,106,1,-1,-1,-1
81,105273,215,621,94,225,1,-1,-1,-1
81,105274,730,455,52,148,1,-1,-1,-1
81,105275,304,496,75,156,1,-1,-1,-1
81,105278,1136,355,46,131,1,-1,-1,-1
81,105279,853,362,51,120,1,-1,-1,-1
81,105280,1049,488,46,142,1,-1,-1,-1
81,105281,1780,333,66,128,1,-1,-1,-1
81,105282,1500,270,43,100,1,-1,-1,-1
81,105283,978,250,42,96,1,-1,-1,-1
81,105284,1377,336,36,120,1,-1,-1,-1
81,105285,612,234,42,84,1,-1,-1,-1
81,105286,1660,351,48,125,1,-1,-1,-1
81,105287,1314,246,48,107,1,-1,-1,-1
81,105290,1914,509,5,13,1,-1,-1,-1
82,105273,213,622,95,225,1,-1,-1,-1
82,105274,727,454,53,148,1,-1,-1,-1
82,105275,306,496,74,156,1,-1,-1,-1
82,105278,1138,356,46,131,1,-1,-1,-1
82,105279,854,362,50,121,1,-1,-1,-1
82,105280,1051,488,45,142,1,-1,-1,-1
82,105281,1782,333,66,129,1,-1,-1,-1
82,105282,1501,271,44,100,1,-1,-1,-1
82,105283,977,251,42,96,1,-1,-1,-1
82,105284,1379,337,36,120,1,-1,-1,-1
82,105285,617,234,43,85,1,-1,-1,-1
82,105286,1662,351,47,125,1,-1,-1,-1
82,105287,1315,250,47,104,1,-1,-1,-1
82,105290,1914,509,5,13,1,-1,-1,-1
83,105273,211,626,94,221,1,-1,-1,-1
83,105274,724,454,53,146,1,-1,-1,-1
83,105275,306,496,74,155,1,-1,-1,-1
83,105278,1139,356,46,131,1,-1,-1,-1
83,105279,855,363,51,120,1,-1,-1,-1
83,105280,1051,488,45,142,1,-1,-1,-1
83,105281,1784,333,66,129,1,-1,-1,-1
83,105282,1502,271,45,101,1,-1,-1,-1
83,105283,976,251,42,97,1,-1,-1,-1
83,105284,1381,337,36,120,1,-1,-1,-1
83,105285,621,234,42,85,1,-1,-1,-1
83,105286,1663,352,46,125,1,-1,-1,-1
83,105287,1316,252,47,102,1,-1,-1,-1
84,105273,209,630,92,217,1,-1,-1,-1
84,105274,721,453,52,144,1,-1,-1,-1
84,105275,307,496,73,154,1,-1,-1,-1
84,105278,1140,356,45,131,1,-1,-1,-1
84,105279,857,363,50,121,1,-1,-1,-1
84,105280,1051,488,46,142,1,-1,-1,-1
84,105281,1785,333,66,129,1,-1,-1,-1
84,105282,1503,271,46,102,1,-1,-1,-1
84,105283,975,251,42,98,1,-1,-1,-1
84,105284,1383,338,36,120,1,-1,-1,-1
84,105285,624,234,43,85,1,-1,-1,-1
84,105286,1663,352,46,125,1,-1,-1,-1
84,105287,1315,252,48,102,1,-1,-1,-1
85,105273,206,636,90,211,1,-1,-1,-1
85,105274,718,452,52,144,1,-1,-1,-1
85,105275,307,496,73,153,1,-1,-1,-1
85,105278,1141,356,45,131,1,-1,-1,-1
85,105279,858,364,50,120,1,-1,-1,-1
85,105280,1052,488,45,141,1,-1,-1,-1
85,105281,1787,333,65,129,1,-1,-1,-1
85,105282,1505,271,47,103,1,-1,-1,-1
85,105283,973,251,42,99,1,-1,-1,-1
85,105284,1386,338,36,120,1,-1,-1,-1
85,105285,630,234,43,85,1,-1,-1,-1
85,105286,1664,352,46,125,1,-1,-1,-1
85,105287,1315,253,48,101,1,-1,-1,-1
86,105273,206,639,88,209,1,-1,-1,-1
86,105274,714,452,52,142,1,-1,-1,-1
86,105275,307,496,73,153,1,-1,-1,-1
86,105278,1142,356,46,131,1,-1,-1,-1
86,105279,858,364,51,120,1,-1,-1,-1
86,105280,1052,488,45,141,1,-1,-1,-1
86,105281,1789,333,65,128,1,-1,-1,-1
86,105282,1505,271,48,104,1,-1,-1,-1
86,105283,973,251,42,100,1,-1,-1,-1
86,105284,1388,339,36,120,1,-1,-1,-1
86,105285,631,234,44,85,1,-1,-1,-1
86,105286,1665,352,45,124,1,-1,-1,-1
86,105287,1315,253,48,101,1,-1,-1,-1
87,105273,207,641,87,207,1,-1,-1,-1
87,105274,712,453,52,139,1,-1,-1,-1
87,105275,307,496,73,152,1,-1,-1,-1
87,105278,1144,356,45,131,1,-1,-1,-1
87,105279,859,364,51,120,1,-1,-1,-1
87,105280,1053,487,45,141,1,-1,-1,-1
87,105281,1791,333,65,128,1,-1,-1,-1
87,105282,1509,271,48,104,1,-1,-1,-1
87,105283,973,251,42,100,1,-1,-1,-1
87,105284,1390,339,36,120,1,-1,-1,-1
87,105285,636,234,44,85,1,-1,-1,-1
87,105286,1665,352,45,124,1,-1,-1,-1
87,105287,1314,253,49,101,1,-1,-1,-1
88,105273,207,642,87,206,1,-1,-1,-1
88,105274,711,454,50,136,1,-1,-1,-1
88,105275,306,496,73,152,1,-1,-1,-1
88,105278,1146,356,45,131,1,-1,-1,-1
88,105279,860,364,50,120,1,-1,-1,-1
88,105280,1054,485,45,141,1,-1,-1,-1
88,105281,1794,333,65,128,1,-1,-1,-1
88,105282,1512,271,49,104,1,-1,-1,-1
88,105283,973,251,42,101,1,-1,-1,-1
88,105284,1392,340,36,119,1,-1,-1,-1
88,105285,643,234,43,85,1,-1,-1,-1
88,105286,1665,352,46,123,1,-1,-1,-1
88,105287,1313,253,50,101,1,-1,-1,-1
89,105273,207,644,87,204,1,-1,-1,-1
89,105274,709,456,50,131,1,-1,-1,-1
89,105275,306,496,72,152,1,-1,-1,-1
89,105278,1148,357,45,130,1,-1,-1,-1
89,105279,861,364,50,120,1,-1,-1,-1
89,105280,1054,483,46,141,1,-1,-1,-1
89,105281,1797,333,65,127,1,-1,-1,-1
89,105282,1516,272,48,104,1,-1,-1,-1
89,105283,972,251,43,102,1,-1,-1,-1
89,105284,1394,340,36,119,1,-1,-1,-1
89,105285,650,235,42,84,1,-1,-1,-1
89,105286,1665,352,46,122,1,-1,-1,-1
89,105287,1312,254,51,100,1,-1,-1,-1
90,105273,207,646,88,202,1,-1,-1,-1
90,105274,706,460,48,123,1,-1,-1,-1
90,105275,305,496,73,152,1,-1,-1,-1
90,105278,1151,358,45,128,1,-1,-1,-1
90,105279,862,364,50,120,1,-1,-1,-1
90,105280,1055,482,45,140,1,-1,-1,-1
90,105281,1800,333,64,127,1,-1,-1,-1
90,105282,1523,272,47,104,1,-1,-1,-1
90,105283,973,251,43,103,1,-1,-1,-1
90,105284,1395,340,37,119,1,-1,-1,-1
90,105285,662,236,41,83,1,-1,-1,-1
90,105286,1665,352,46,121,1,-1,-1,-1
90,105287,1311,255,52,99,1,-1,-1,-1
91,105273,207,647,88,201,1,-1,-1,-1
91,105274,705,461,48,121,1,-1,-1,-1
91,105275,305,496,71,152,1,-1,-1,-1
91,105278,1154,358,44,128,1,-1,-1,-1
91,105279,863,363,50,120,1,-1,-1,-1
91,105280,1056,479,45,140,1,-1,-1,-1
91,105281,1803,333,63,126,1,-1,-1,-1
91,105282,1525,273,47,104,1,-1,-1,-1
91,105283,973,251,43,104,1,-1,-1,-1
91,105284,1397,340,37,119,1,-1,-1,-1
91,105285,667,237,40,82,1,-1,-1,-1
91,105286,1664,352,47,120,1,-1,-1,-1
91,105287,1310,256,52,97,1,-1,-1,-1
92,105273,208,647,89,201,1,-1,-1,-1
92,105274,702,461,48,120,1,-1,-1,-1
92,105275,304,496,72,152,1,-1,-1,-1
92,105278,1155,358,45,128,1,-1,-1,-1
92,105279,864,363,50,120,1,-1,-1,-1
92,105280,1057,479,44,139,1,-1,-1,-1
92,105281,1806,333,63,126,1,-1,-1,-1
92,105282,1527,273,46,103,1,-1,-1,-1
92,105283,973,251,43,104,1,-1,-1,-1
92,105284,1399,341,37,118,1,-1,-1,-1
92,105285,671,236,40,83,1,-1,-1,-1
92,105286,1663,352,47,120,1,-1,-1,-1
92,105287,1310,256,53,97,1,-1,-1,-1
93,105273,208,646,90,202,1,-1,-1,-1
93,105274,698,461,49,120,1,-1,-1,-1
93,105275,304,496,71,152,1,-1,-1,-1
93,105278,1157,358,44,128,1,-1,-1,-1
93,105279,866,364,48,120,1,-1,-1,-1
93,105280,1057,478,45,140,1,-1,-1,-1
93,105281,1808,333,62,126,1,-1,-1,-1
93,105282,1528,273,45,104,1,-1,-1,-1
93,105283,974,252,42,102,1,-1,-1,-1
93,105284,1400,341,38,118,1,-1,-1,-1
93,105285,675,235,41,84,1,-1,-1,-1
93,105286,1663,352,47,119,1,-1,-1,-1
93,105287,1310,256,55,97,1,-1,-1,-1
94,105273,209,645,91,203,1,-1,-1,-1
94,105274,694,460,50,121,1,-1,-1,-1
94,105275,304,496,71,152,1,-1,-1,-1
94,105278,1159,358,44,128,1,-1,-1,-1
94,105279,867,364,48,120,1,-1,-1,-1
94,105280,1056,478,46,140,1,-1,-1,-1
94,105281,1811,333,61,125,1,-1,-1,-1
94,105282,1529,274,45,102,1,-1,-1,-1
94,105283,974,252,42,103,1,-1,-1,-1
94,105284,1402,341,39,118,1,-1,-1,-1
94,105285,679,234,41,84,1,-1,-1,-1
94,105286,1662,352,48,119,1,-1,-1,-1
94,105287,1311,256,55,97,1,-1,-1,-1
95,105273,210,644,92,204,1,-1,-1,-1
95,105274,689,459,52,121,1,-1,-1,-1
95,105275,304,496,70,151,1,-1,-1,-1
95,105278,1161,357,44,128,1,-1,-1,-1
95,105279,868,365,48,120,1,-1,-1,-1
95,105280,1056,478,46,140,1,-1,-1,-1
95,105281,1814,333,60,125,1,-1,-1,-1
95,105282,1529,274,45,102,1,-1,-1,-1
95,105283,974,253,42,102,1,-1,-1,-1
95,105284,1404,341,40,118,1,-1,-1,-1
95,105285,684,232,43,86,1,-1,-1,-1
95,105286,1660,352,49,119,1,-1,-1,-1
95,105287,1312,256,56,97,1,-1,-1,-1
96,105273,211,643,94,205,1,-1,-1,-1
96,105274,683,459,55,122,1,-1,-1,-1
96,105275,303,496,71,151,1,-1,-1,-1
96,105278,1163,357,44,128,1,-1,-1,-1
96,105279,869,365,48,120,1,-1,-1,-1
96,105280,1056,478,46,140,1,-1,-1,-1
96,105281,1816,333,60,125,1,-1,-1,-1
96,105282,1530,275,45,102,1,-1,-1,-1
96,105283,974,254,42,101,1,-1,-1,-1
96,105284,1405,342,40,117,1,-1,-1,-1
96,105285,686,232,44,86,1,-1,-1,-1
96,105286,1660,352,49,119,1,-1,-1,-1
96,105287,1312,256,57,97,1,-1,-1,-1
97,105273,212,644,94,204,1,-1,-1,-1
97,105274,677,457,57,123,1,-1,-1,-1
97,105275,302,496,71,150,1,-1,-1,-1
97,105278,1165,357,44,128,1,-1,-1,-1
97,105279,870,366,48,120,1,-1,-1,-1
97,105280,1055,478,46,139,1,-1,-1,-1
97,105281,1819,331,59,126,1,-1,-1,-1
97,105282,1530,276,45,100,1,-1,-1,-1
97,105283,974,254,41,101,1,-1,-1,-1
97,105284,1407,341,40,118,1,-1,-1,-1
97,105285,690,231,45,87,1,-1,-1,-1
97,105286,1659,352,49,120,1,-1,-1,-1
97,105287,1312,256,58,97,1,-1,-1,-1
98,105273,214,647,94,201,1,-1,-1,-1
98,105274,671,456,58,125,1,-1,-1,-1
98,105275,300,495,72,149,1,-1,-1,-1
98,105278,1167,357,44,128,1,-1,-1,-1
98,105279,871,366,47,120,1,-1,-1,-1
98,105280,1054,478,46,136,1,-1,-1,-1
98,105281,1822,330,58,126,1,-1,-1,-1
98,105282,1530,276,44,99,1,-1,-1,-1
98,105283,974,254,41,101,1,-1,-1,-1
98,105284,1409,341,41,118,1,-1,-1,-1
98,105285,694,230,45,87,1,-1,-1,-1
98,105286,1658,352,49,121,1,-1,-1,-1
98,105287,1313,256,58,97,1,-1,-1,-1
99,105273,215,649,94,199,1,-1,-1,-1
99,105274,664,454,58,127,1,-1,-1,-1
99,105275,299,495,72,149,1,-1,-1,-1
99,105278,1168,357,44,127,1,-1,-1,-1
99,105279,871,366,48,120,1,-1,-1,-1
99,105280,1053,477,46,135,1,-1,-1,-1
99,105281,1825,329,58,126,1,-1,-1,-1
99,105282,1529,276,45,97,1,-1,-1,-1
99,105283,973,254,42,101,1,-1,-1,-1
99,105284,1411,340,42,118,1,-1,-1,-1
99,105285,699,229,45,88,1,-1,-1,-1
99,105286,1657,352,49,121,1,-1,-1,-1
99,105287,1313,256,58,97,1,-1,-1,-1
100,105273,217,652,93,196,1,-1,-1,-1
100,105274,657,453,59,129,1,-1,-1,-1
100,105275,296,494,74,149,1,-1,-1,-1
100,105278,1170,357,44,128,1,-1,-1,-1
100,105279,873,366,47,120,1,-1,-1,-1
100,105280,1052,476,46,133,1,-1,-1,-1
100,105281,1828,328,57,126,1,-1,-1,-1
100,105282,1528,276,45,96,1,-1,-1,-1
100,105283,973,254,42,101,1,-1,-1,-1
100,105284,1414,340,42,118,1,-1,-1,-1
100,105285,705,228,44,89,1,-1,-1,-1
100,105286,1656,352,49,122,1,-1,-1,-1
100,105287,1314,256,59,97,1,-1,-1,-1
101,105273,219,656,93,191,1,-1,-1,-1
101,105274,650,451,59,131,1,-1,-1,-1
101,105275,294,493,75,149,1,-1,-1,-1
101,105278,1172,357,44,128,1,-1,-1,-1
101,105279,874,366,46,120,1,-1,-1,-1
101,105280,1051,475,45,131,1,-1,-1,-1
101,105281,1832,327,56,126,1,-1,-1,-1
101,105282,1527,276,46,94,1,-1,-1,-1
101,105283,972,254,43,101,1,-1,-1,-1
101,105284,1416,339,43,118,1,-1,-1,-1
101,105285,710,227,43,89,1,-1,-1,-1
101,105286,1655,352,49,123,1,-1,-1,-1
101,105287,1315,256,58,97,1,-1,-1,-1
102,105273,221,657,94,190,1,-1,-1,-1
102,105274,643,452,58,131,1,-1,-1,-1
102,105275,294,493,75,148,1,-1,-1,-1
102,105278,1172,357,45,128,1,-1,-1,-1
102,105279,874,366,46,120,1,-1,-1,-1
102,105280,1050,474,46,131,1,-1,-1,-1
102,105281,1834,326,56,127,1,-1,-1,-1
102,105282,1526,274,47,95,1,-1,-1,-1
102,105283,972,254,42,101,1,-1,-1,-1
102,105284,1418,339,43,118,1,-1,-1,-1
102,105285,714,227,42,89,1,-1,-1,-1
102,105286,1653,352,49,124,1,-1,-1,-1
102,105287,1315,256,59,97,1,-1,-1,-1
103,105273,222,657,96,190,1,-1,-1,-1
103,105274,637,456,57,128,1,-1,-1,-1
103,105275,294,492,76,147,1,-1,-1,-1
103,105278,1173,357,45,129,1,-1,-1,-1
103,105279,874,365,45,120,1,-1,-1,-1
103,105280,1049,474,47,130,1,-1,-1,-1
103,105281,1835,326,55,127,1,-1,-1,-1
103,105282,1525,272,49,96,1,-1,-1,-1
103,105283,972,254,42,100,1,-1,-1,-1
103,105284,1420,338,44,118,1,-1,-1,-1
103,105285,718,228,42,88,1,-1,-1,-1
103,105286,1652,352,48,124,1,-1,-1,-1
103,105287,1316,256,58,96,1,-1,-1,-1
104,105273,223,657,99,189,1,-1,-1,-1
104,105274,629,459,58,127,1,-1,-1,-1
104,105275,295,491,76,147,1,-1,-1,-1
104,105278,1174,357,45,129,1,-1,-1,-1
104,105279,875,365,45,120,1,-1,-1,-1
104,105280,1048,473,47,130,1,-1,-1,-1
104,105281,1836,326,55,127,1,-1,-1,-1
104,105282,1524,270,50,98,1,-1,-1,-1
104,105283,972,254,42,100,1,-1,-1,-1
104,105284,1423,338,44,118,1,-1,-1,-1
104,105285,722,229,41,87,1,-1,-1,-1
104,105286,1651,353,48,124,1,-1,-1,-1
104,105287,1317,256,58,96,1,-1,-1,-1
105,105273,226,657,102,189,1,-1,-1,-1
105,105274,622,464,58,125,1,-1,-1,-1
105,105275,296,491,76,146,1,-1,-1,-1
105,105278,1175,357,45,129,1,-1,-1,-1
105,105279,876,365,44,120,1,-1,-1,-1
105,105280,1048,472,48,130,1,-1,-1,-1
105,105281,1838,326,54,128,1,-1,-1,-1
105,105282,1523,268,52,99,1,-1,-1,-1
105,105283,971,254,42,99,1,-1,-1,-1
105,105284,1425,337,44,118,1,-1,-1,-1
105,105285,728,231,41,85,1,-1,-1,-1
105,105286,1651,353,47,124,1,-1,-1,-1
105,105287,1318,256,59,96,1,-1,-1,-1
106,105273,227,657,104,189,1,-1,-1,-1
106,105274,613,468,58,123,1,-1,-1,-1
106,105275,297,490,76,146,1,-1,-1,-1
106,105278,1175,357,46,129,1,-1,-1,-1
106,105279,876,365,44,120,1,-1,-1,-1
106,105280,1048,471,48,131,1,-1,-1,-1
106,105281,1838,326,55,128,1,-1,-1,-1
106,105282,1521,266,55,101,1,-1,-1,-1
106,105283,971,254,41,99,1,-1,-1,-1
106,105284,1428,337,44,117,1,-1,-1,-1
106,105285,730,231,41,85,1,-1,-1,-1
106,105286,1650,353,47,124,1,-1,-1,-1
106,105287,1318,256,59,95,1,-1,-1,-1
107,105273,233,656,109,191,1,-1,-1,-1
107,105274,608,470,60,121,1,-1,-1,-1
107,105275,296,489,77,145,1,-1,-1,-1
107,105278,1176,356,45,129,1,-1,-1,-1
107,105279,876,364,43,120,1,-1,-1,-1
107,105280,1047,472,47,130,1,-1,-1,-1
107,105281,1839,326,54,128,1,-1,-1,-1
107,105282,1521,266,55,101,1,-1,-1,-1
107,105283,971,254,41,98,1,-1,-1,-1
107,105284,1429,336,44,118,1,-1,-1,-1
107,105285,732,231,41,85,1,-1,-1,-1
107,105286,1648,353,47,124,1,-1,-1,-1
107,105287,1318,256,59,95,1,-1,-1,-1
108,105273,243,655,112,192,1,-1,-1,-1
108,105274,606,471,61,120,1,-1,-1,-1
108,105275,296,488,77,145,1,-1,-1,-1
108,105278,1176,355,46,129,1,-1,-1,-1
108,105279,876,364,43,120,1,-1,-1,-1
108,105280,1044,472,49,130,1,-1,-1,-1
108,105281,1839,326,54,127,1,-1,-1,-1
108,105282,1520,265,55,102,1,-1,-1,-1
108,105283,971,254,41,98,1,-1,-1,-1
108,105284,1428,335,45,118,1,-1,-1,-1
108,105285,734,232,41,85,1,-1,-1,-1
108,105286,1647,353,46,124,1,-1,-1,-1
108,105287,1319,256,59,95,1,-1,-1,-1
109,105273,253,654,116,194,1,-1,-1,-1
109,105274,604,471,62,120,1,-1,-1,-1
109,105275,295,487,77,145,1,-1,-1,-1
109,105278,1175,354,47,129,1,-1,-1,-1
109,105279,876,363,43,120,1,-1,-1,-1
109,105280,1041,472,49,129,1,-1,-1,-1
109,105281,1840,326,53,125,1,-1,-1,-1
109,105282,1519,265,56,102,1,-1,-1,-1
109,105283,971,254,41,98,1,-1,-1,-1
109,105284,1429,335,44,117,1,-1,-1,-1
109,105285,735,232,41,85,1,-1,-1,-1
109,105286,1646,353,45,124,1,-1,-1,-1
109,105287,1319,256,59,95,1,-1,-1,-1
110,105273,270,653,121,196,1,-1,-1,-1
110,105274,603,471,62,120,1,-1,-1,-1
110,105275,294,484,77,145,1,-1,-1,-1
110,105278,1176,352,46,129,1,-1,-1,-1
110,105279,877,363,43,120,1,-1,-1,-1
110,105280,1038,473,49,129,1,-1,-1,-1
110,105281,1840,326,53,125,1,-1,-1,-1
110,105282,1517,265,57,102,1,-1,-1,-1
110,105283,971,254,41,98,1,-1,-1,-1
110,105284,1428,334,45,118,1,-1,-1,-1
110,105285,737,232,41,85,1,-1,-1,-1
110,105286,1644,353,45,124,1,-1,-1,-1
110,105287,1319,255,59,96,1,-1,-1,-1
111,105273,275,652,125,197,1,-1,-1,-1
111,105274,602,471,62,120,1,-1,-1,-1
111,105275,293,484,77,144,1,-1,-1,-1
111,105278,1175,352,47,129,1,-1,-1,-1
111,105279,877,362,42,120,1,-1,-1,-1
111,105280,1035,473,50,128,1,-1,-1,-1
111,105281,1839,326,53,124,1,-1,-1,-1
111,105282,1517,265,57,102,1,-1,-1,-1
111,105283,971,255,40,97,1,-1,-1,-1
111,105284,1428,334,44,117,1,-1,-1,-1
111,105285,740,232,40,86,1,-1,-1,-1
111,105286,1641,353,45,124,1,-1,-1,-1
111,105287,1319,255,59,96,1,-1,-1,-1
112,105273,284,652,127,196,1,-1,-1,-1
112,105274,600,470,64,121,1,-1,-1,-1
112,105275,291,483,78,145,1,-1,-1,-1
112,105278,1175,351,47,129,1,-1,-1,-1
112,105279,877,362,42,120,1,-1,-1,-1
112,105280,1030,473,51,129,1,-1,-1,-1
112,105281,1839,326,53,123,1,-1,-1,-1
112,105282,1516,265,57,102,1,-1,-1,-1
112,105283,971,255,40,96,1,-1,-1,-1
112,105284,1427,333,44,117,1,-1,-1,-1
112,105285,741,232,40,86,1,-1,-1,-1
112,105286,1639,353,45,124,1,-1,-1,-1
112,105287,1316,255,59,95,1,-1,-1,-1
113,105273,294,652,128,195,1,-1,-1,-1
113,105274,597,469,66,124,1,-1,-1,-1
113,105275,288,483,78,144,1,-1,-1,-1
113,105278,1175,351,47,129,1,-1,-1,-1
113,105279,876,362,42,120,1,-1,-1,-1
113,105280,1024,473,51,128,1,-1,-1,-1
113,105281,1839,325,53,123,1,-1,-1,-1
113,105282,1514,266,57,100,1,-1,-1,-1
113,105283,970,255,40,96,1,-1,-1,-1
113,105284,1427,333,44,117,1,-1,-1,-1
113,105285,742,232,40,86,1,-1,-1,-1
113,105286,1636,353,45,124,1,-1,-1,-1
113,105287,1314,254,59,96,1,-1,-1,-1
114,105273,305,652,127,194,1,-1,-1,-1
114,105274,594,468,69,127,1,-1,-1,-1
114,105275,286,483,77,144,1,-1,-1,-1
114,105278,1174,351,48,129,1,-1,-1,-1
114,105279,875,362,42,120,1,-1,-1,-1
114,105280,1018,472,51,129,1,-1,-1,-1
114,105281,1838,324,53,123,1,-1,-1,-1
114,105282,1512,267,57,99,1,-1,-1,-1
114,105283,969,255,41,96,1,-1,-1,-1
114,105284,1427,333,43,116,1,-1,-1,-1
114,105285,743,232,40,86,1,-1,-1,-1
114,105286,1633,354,45,123,1,-1,-1,-1
114,105287,1312,254,59,96,1,-1,-1,-1
115,105273,316,651,127,193,1,-1,-1,-1
115,105274,591,467,71,130,1,-1,-1,-1
115,105275,284,483,77,143,1,-1,-1,-1
115,105278,1174,351,47,129,1,-1,-1,-1
115,105279,874,362,43,119,1,-1,-1,-1
115,105280,1009,470,52,130,1,-1,-1,-1
115,105281,1838,324,53,121,1,-1,-1,-1
115,105282,1511,267,57,98,1,-1,-1,-1
115,105283,969,255,41,96,1,-1,-1,-1
115,105284,1427,332,43,116,1,-1,-1,-1
115,105285,744,232,40,86,1,-1,-1,-1
115,105286,1629,355,45,123,1,-1,-1,-1
115,105287,1310,254,59,96,1,-1,-1,-1
116,105273,328,651,125,192,1,-1,-1,-1
116,105274,588,466,74,133,1,-1,-1,-1
116,105275,280,482,78,143,1,-1,-1,-1
116,105278,1173,351,48,129,1,-1,-1,-1
116,105279,873,362,43,119,1,-1,-1,-1
116,105280,1004,470,51,129,1,-1,-1,-1
116,105281,1835,324,53,121,1,-1,-1,-1
116,105282,1509,268,56,97,1,-1,-1,-1
116,105283,968,255,41,96,1,-1,-1,-1
116,105284,1425,332,42,116,1,-1,-1,-1
116,105285,745,232,40,86,1,-1,-1,-1
116,105286,1625,356,46,123,1,-1,-1,-1
116,105287,1307,254,59,96,1,-1,-1,-1
117,105273,332,651,123,190,1,-1,-1,-1
117,105274,586,466,75,134,1,-1,-1,-1
117,105275,273,483,77,143,1,-1,-1,-1
117,105278,1170,352,48,129,1,-1,-1,-1
117,105279,869,363,43,118,1,-1,-1,-1
117,105280,996,471,51,130,1,-1,-1,-1
117,105281,1831,325,53,121,1,-1,-1,-1
117,105282,1505,268,56,96,1,-1,-1,-1
117,105283,965,255,42,97,1,-1,-1,-1
117,105284,1421,334,42,115,1,-1,-1,-1
117,105285,743,232,41,87,1,-1,-1,-1
117,105286,1618,357,46,123,1,-1,-1,-1
117,105287,1301,256,60,96,1,-1,-1,-1
118,105273,333,651,121,187,1,-1,-1,-1
118,105274,584,467,77,135,1,-1,-1,-1
118,105275,263,484,77,143,1,-1,-1,-1
118,105278,1166,352,48,129,1,-1,-1,-1
118,105279,864,364,44,118,1,-1,-1,-1
118,105280,986,473,51,129,1,-1,-1,-1
118,105281,1826,326,53,121,1,-1,-1,-1
118,105282,1500,269,57,96,1,-1,-1,-1
118,105283,961,255,42,97,1,-1,-1,-1
118,105284,1416,335,43,115,1,-1,-1,-1
118,105285,740,234,40,87,1,-1,-1,-1
118,105286,1610,359,46,122,1,-1,-1,-1
118,105287,1294,258,60,96,1,-1,-1,-1
119,105273,333,651,118,184,1,-1,-1,-1
119,105274,583,468,78,135,1,-1,-1,-1
119,105275,253,484,76,144,1,-1,-1,-1
119,105278,1162,353,48,130,1,-1,-1,-1
119,105279,859,366,44,117,1,-1,-1,-1
119,105280,976,475,52,129,1,-1,-1,-1
119,105281,1821,326,53,121,1,-1,-1,-1
119,105282,1495,269,57,96,1,-1,-1,-1
119,105283,957,256,43,96,1,-1,-1,-1
119,105284,1412,336,42,114,1,-1,-1,-1
119,105285,736,236,40,87,1,-1,-1,-1
119,105286,1601,361,47,122,1,-1,-1,-1
119,105287,1287,259,60,96,1,-1,-1,-1
120,105273,332,651,116,182,1,-1,-1,-1
120,105274,582,469,78,135,1,-1,-1,-1
120,105275,242,485,76,144,1,-1,-1,-1
120,105278,1157,353,49,130,1,-1,-1,-1
120,105279,853,367,44,117,1,-1,-1,-1
120,105280,966,478,52,128,1,-1,-1,-1
120,105281,1812,328,53,121,1,-1,-1,-1
120,105282,1487,270,56,95,1,-1,-1,-1
120,105283,951,256,42,97,1,-1,-1,-1
120,105284,1405,338,43,113,1,-1,-1,-1
120,105285,730,238,40,87,1,-1,-1,-1
120,105286,1592,362,47,122,1,-1,-1,-1
120,105287,1279,261,60,96,1,-1,-1,-1
121,105273,331,651,114,179,1,-1,-1,-1
121,105274,581,471,78,135,1,-1,-1,-1
121,105275,231,486,74,145,1,-1,-1,-1
121,105278,1153,354,49,130,1,-1,-1,-1
121,105279,847,368,45,116,1,-1,-1,-1
121,105280,955,480,52,129,1,-1,-1,-1
121,105281,1808,328,53,121,1,-1,-1,-1
121,105282,1478,272,57,97,1,-1,-1,-1
121,105283,949,256,42,97,1,-1,-1,-1
121,105284,1402,338,43,113,1,-1,-1,-1
121,105285,726,240,40,87,1,-1,-1,-1
121,105286,1583,364,47,121,1,-1,-1,-1
121,105287,1270,263,61,96,1,-1,-1,-1
122,105273,326,654,112,177,1,-1,-1,-1
122,105274,578,473,77,136,1,-1,-1,-1
122,105275,220,488,74,145,1,-1,-1,-1
122,105278,1147,356,49,130,1,-1,-1,-1
122,105279,840,371,46,116,1,-1,-1,-1
122,105280,946,483,53,129,1,-1,-1,-1
122,105281,1802,331,53,121,1,-1,-1,-1
122,105282,1469,274,57,97,1,-1,-1,-1
122,105283,943,261,41,95,1,-1,-1,-1
122,105284,1394,341,44,113,1,-1,-1,-1
122,105285,719,243,40,87,1,-1,-1,-1
122,105286,1574,367,47,121,1,-1,-1,-1
122,105287,1263,265,60,96,1,-1,-1,-1
123,105273,320,656,111,178,1,-1,-1,-1
123,105274,573,476,77,136,1,-1,-1,-1
123,105275,208,491,73,145,1,-1,-1,-1
123,105278,1141,357,49,130,1,-1,-1,-1
123,105279,833,374,46,116,1,-1,-1,-1
123,105280,938,485,52,129,1,-1,-1,-1
123,105281,1795,333,53,121,1,-1,-1,-1
123,105282,1461,278,56,96,1,-1,-1,-1
123,105283,936,266,40,92,1,-1,-1,-1
123,105284,1386,344,44,112,1,-1,-1,-1
123,105285,710,247,40,88,1,-1,-1,-1
123,105286,1565,369,47,121,1,-1,-1,-1
123,105287,1255,269,61,96,1,-1,-1,-1
124,105273,312,660,110,177,1,-1,-1,-1
124,105274,568,479,76,136,1,-1,-1,-1
124,105275,197,494,71,145,1,-1,-1,-1
124,105278,1134,359,49,130,1,-1,-1,-1
124,105279,825,378,46,116,1,-1,-1,-1
124,105280,930,488,53,129,1,-1,-1,-1
124,105281,1788,335,52,122,1,-1,-1,-1
124,105282,1452,282,56,95,1,-1,-1,-1
124,105283,929,272,38,89,1,-1,-1,-1
124,105284,1376,347,44,112,1,-1,-1,-1
124,105285,701,251,39,89,1,-1,-1,-1
124,105286,1556,372,48,121,1,-1,-1,-1
124,105287,1246,274,61,96,1,-1,-1,-1
125,105273,300,666,110,177,1,-1,-1,-1
125,105274,562,483,75,135,1,-1,-1,-1
125,105275,185,497,69,145,1,-1,-1,-1
125,105278,1128,361,48,130,1,-1,-1,-1
125,105279,817,382,45,116,1,-1,-1,-1
125,105280,922,490,53,131,1,-1,-1,-1
125,105281,1781,338,51,122,1,-1,-1,-1
125,105282,1444,286,55,94,1,-1,-1,-1
125,105283,921,278,38,86,1,-1,-1,-1
125,105284,1367,351,44,111,1,-1,-1,-1
125,105285,691,255,40,90,1,-1,-1,-1
125,105286,1546,375,49,121,1,-1,-1,-1
125,105287,1238,278,61,96,1,-1,-1,-1
126,105273,295,668,109,178,1,-1,-1,-1
126,105274,556,487,74,135,1,-1,-1,-1
126,105275,170,501,67,144,1,-1,-1,-1
126,105278,1122,363,47,130,1,-1,-1,-1
126,105279,809,386,45,116,1,-1,-1,-1
126,105280,913,493,53,131,1,-1,-1,-1
126,105281,1773,340,50,122,1,-1,-1,-1
126,105282,1434,290,56,93,1,-1,-1,-1
126,105283,913,284,37,84,1,-1,-1,-1
126,105284,1357,354,44,112,1,-1,-1,-1
126,105285,682,259,40,91,1,-1,-1,-1
126,105286,1537,378,49,121,1,-1,-1,-1
126,105287,1228,283,60,96,1,-1,-1,-1
127,105273,283,671,109,179,1,-1,-1,-1
127,105274,551,490,74,136,1,-1,-1,-1
127,105275,158,504,65,145,1,-1,-1,-1
127,105278,1112,367,47,129,1,-1,-1,-1
127,105279,800,390,45,116,1,-1,-1,-1
127,105280,902,495,54,132,1,-1,-1,-1
127,105281,1763,344,49,122,1,-1,-1,-1
127,105282,1422,294,55,92,1,-1,-1,-1
127,105283,904,288,37,83,1,-1,-1,-1
127,105284,1347,358,44,112,1,-1,-1,-1
127,105285,673,263,39,91,1,-1,-1,-1
127,105286,1524,382,49,121,1,-1,-1,-1
127,105287,1219,287,61,96,1,-1,-1,-1
128,105273,268,675,110,182,1,-1,-1,-1
128,105274,545,493,73,138,1,-1,-1,-1
128,105275,142,509,65,146,1,-1,-1,-1
128,105278,1102,372,45,129,1,-1,-1,-1
128,105279,790,394,44,116,1,-1,-1,-1
128,105280,890,498,52,132,1,-1,-1,-1
128,105281,1752,349,48,122,1,-1,-1,-1
128,105282,1409,299,55,90,1,-1,-1,-1
128,105283,892,293,39,83,1,-1,-1,-1
128,105284,1336,363,43,111,1,-1,-1,-1
128,105285,663,268,39,90,1,-1,-1,-1
128,105286,1509,387,49,121,1,-1,-1,-1
128,105287,1209,291,61,96,1,-1,-1,-1
129,105273,252,678,110,185,1,-1,-1,-1
129,105274,538,496,74,139,1,-1,-1,-1
129,105275,126,513,63,146,1,-1,-1,-1
129,105278,1091,379,44,127,1,-1,-1,-1
129,105279,780,399,44,116,1,-1,-1,-1
129,105280,877,501,52,132,1,-1,-1,-1
129,105281,1741,353,47,122,1,-1,-1,-1
129,105282,1395,304,54,89,1,-1,-1,-1
129,105283,881,297,40,83,1,-1,-1,-1
129,105284,1324,367,44,111,1,-1,-1,-1
129,105285,654,273,38,89,1,-1,-1,-1
129,105286,1494,393,48,121,1,-1,-1,-1
129,105287,1198,296,61,96,1,-1,-1,-1
130,105273,236,681,110,188,1,-1,-1,-1
130,105274,532,499,72,141,1,-1,-1,-1
130,105275,110,518,62,147,1,-1,-1,-1
130,105278,1072,389,43,125,1,-1,-1,-1
130,105279,763,406,44,116,1,-1,-1,-1
130,105280,855,505,51,133,1,-1,-1,-1
130,105281,1721,361,47,122,1,-1,-1,-1
130,105282,1371,311,53,88,1,-1,-1,-1
130,105283,863,304,41,84,1,-1,-1,-1
130,105284,1313,372,44,111,1,-1,-1,-1
130,105285,638,281,37,88,1,-1,-1,-1
130,105286,1478,398,48,121,1,-1,-1,-1
130,105287,1187,300,61,96,1,-1,-1,-1
131,105273,219,685,110,191,1,-1,-1,-1
131,105274,525,502,73,142,1,-1,-1,-1
131,105275,92,523,61,148,1,-1,-1,-1
131,105278,1066,393,42,123,1,-1,-1,-1
131,105279,757,409,44,116,1,-1,-1,-1
131,105280,847,507,50,133,1,-1,-1,-1
131,105281,1714,364,46,122,1,-1,-1,-1
131,105282,1362,314,53,88,1,-1,-1,-1
131,105283,856,306,43,85,1,-1,-1,-1
131,105284,1300,377,45,111,1,-1,-1,-1
131,105285,631,284,37,87,1,-1,-1,-1
131,105286,1459,405,47,121,1,-1,-1,-1
131,105287,1172,306,62,97,1,-1,-1,-1
131,105292,1893,475,23,110,1,-1,-1,-1
132,105273,198,691,108,194,1,-1,-1,-1
132,105274,515,506,71,143,1,-1,-1,-1
132,105275,74,528,59,148,1,-1,-1,-1
132,105278,1055,396,42,123,1,-1,-1,-1
132,105279,744,413,44,116,1,-1,-1,-1
132,105280,832,512,50,132,1,-1,-1,-1
132,105281,1700,369,45,121,1,-1,-1,-1
132,105282,1346,318,53,88,1,-1,-1,-1
132,105283,843,310,44,85,1,-1,-1,-1
132,105284,1288,382,45,111,1,-1,-1,-1
132,105285,618,289,37,87,1,-1,-1,-1
132,105286,1446,410,48,121,1,-1,-1,-1
132,105287,1163,310,61,96,1,-1,-1,-1
132,105292,1882,487,23,108,1,-1,-1,-1
132,105293,1860,444,33,147,1,-1,-1,-1
133,105273,173,698,108,196,1,-1,-1,-1
133,105274,503,512,69,142,1,-1,-1,-1
133,105275,55,534,58,149,1,-1,-1,-1
133,105278,1042,400,41,122,1,-1,-1,-1
133,105279,730,418,44,116,1,-1,-1,-1
133,105280,816,518,49,132,1,-1,-1,-1
133,105281,1683,374,44,121,1,-1,-1,-1
133,105282,1329,323,54,88,1,-1,-1,-1
133,105283,829,316,46,84,1,-1,-1,-1
133,105284,1274,386,46,112,1,-1,-1,-1
133,105285,602,296,37,87,1,-1,-1,-1
133,105286,1433,414,47,121,1,-1,-1,-1
133,105287,1152,316,60,95,1,-1,-1,-1
133,105293,1860,483,28,122,1,-1,-1,-1
134,105273,147,706,108,199,1,-1,-1,-1
134,105274,489,517,68,142,1,-1,-1,-1
134,105275,35,540,57,150,1,-1,-1,-1
134,105278,1029,403,41,122,1,-1,-1,-1
134,105279,715,424,43,116,1,-1,-1,-1
134,105280,798,525,49,131,1,-1,-1,-1
134,105281,1665,380,44,120,1,-1,-1,-1
134,105282,1310,327,54,88,1,-1,-1,-1
134,105283,814,321,46,85,1,-1,-1,-1
134,105284,1261,390,46,112,1,-1,-1,-1
134,105285,585,303,37,87,1,-1,-1,-1
134,105286,1420,418,46,121,1,-1,-1,-1
134,105287,1142,321,59,94,1,-1,-1,-1
134,105293,1846,501,27,120,1,-1,-1,-1
134,105294,1826,455,39,145,1,-1,-1,-1
135,105273,120,714,107,202,1,-1,-1,-1
135,105274,476,523,66,141,1,-1,-1,-1
135,105275,16,546,55,150,1,-1,-1,-1
135,105278,1007,408,40,123,1,-1,-1,-1
135,105279,689,434,44,116,1,-1,-1,-1
135,105280,770,537,49,128,1,-1,-1,-1
135,105281,1646,386,44,118,1,-1,-1,-1
135,105282,1291,332,55,89,1,-1,-1,-1
135,105283,799,327,47,85,1,-1,-1,-1
135,105284,1241,397,46,112,1,-1,-1,-1
135,105285,567,310,37,87,1,-1,-1,-1
135,105286,1406,423,46,121,1,-1,-1,-1
135,105287,1124,331,58,92,1,-1,-1,-1
135,105293,1827,509,30,126,1,-1,-1,-1
136,105273,90,723,107,204,1,-1,-1,-1
136,105274,460,530,64,140,1,-1,-1,-1
136,105275,-4,552,53,151,1,-1,-1,-1
136,105278,999,410,40,123,1,-1,-1,-1
136,105279,680,437,43,116,1,-1,-1,-1
136,105280,758,541,50,128,1,-1,-1,-1
136,105281,1626,391,44,118,1,-1,-1,-1
136,105282,1271,337,56,89,1,-1,-1,-1
136,105283,783,333,48,85,1,-1,-1,-1
136,105284,1231,400,46,112,1,-1,-1,-1
136,105285,548,318,37,87,1,-1,-1,-1
136,105286,1392,427,46,121,1,-1,-1,-1
136,105287,1117,334,58,91,1,-1,-1,-1
136,105293,1808,516,33,134,1,-1,-1,-1
136,105295,1787,467,46,143,1,-1,-1,-1
137,105273,70,729,106,207,1,-1,-1,-1
137,105274,451,533,62,141,1,-1,-1,-1
137,105275,-16,555,50,153,1,-1,-1,-1
137,105278,985,415,39,123,1,-1,-1,-1
137,105279,663,443,44,118,1,-1,-1,-1
137,105280,743,547,50,126,1,-1,-1,-1
137,105281,1612,395,44,118,1,-1,-1,-1
137,105282,1252,341,56,88,1,-1,-1,-1
137,105283,772,338,49,84,1,-1,-1,-1
137,105284,1220,403,46,112,1,-1,-1,-1
137,105285,534,323,38,87,1,-1,-1,-1
137,105286,1377,432,46,122,1,-1,-1,-1
137,105287,1107,338,58,91,1,-1,-1,-1
137,105293,1792,519,34,137,1,-1,-1,-1
137,105295,1774,470,45,142,1,-1,-1,-1
138,105273,51,736,105,208,1,-1,-1,-1
138,105274,441,536,62,141,1,-1,-1,-1
138,105275,-20,555,48,155,1,-1,-1,-1
138,105278,968,420,40,123,1,-1,-1,-1
138,105279,639,451,45,121,1,-1,-1,-1
138,105280,722,554,50,122,1,-1,-1,-1
138,105281,1599,398,44,119,1,-1,-1,-1
138,105282,1233,344,54,87,1,-1,-1,-1
138,105283,763,343,49,83,1,-1,-1,-1
138,105284,1208,406,45,112,1,-1,-1,-1
138,105285,521,327,37,87,1,-1,-1,-1
138,105286,1361,436,47,124,1,-1,-1,-1
138,105287,1096,343,57,91,1,-1,-1,-1
138,105293,1776,521,35,138,1,-1,-1,-1
138,105295,1756,476,45,138,1,-1,-1,-1
139,105273,32,741,106,210,1,-1,-1,-1
139,105274,432,539,62,142,1,-1,-1,-1
139,105278,951,426,40,123,1,-1,-1,-1
139,105279,623,456,46,120,1,-1,-1,-1
139,105280,711,558,51,121,1,-1,-1,-1
139,105281,1586,401,44,119,1,-1,-1,-1
139,105282,1213,348,53,84,1,-1,-1,-1
139,105283,756,347,49,82,1,-1,-1,-1
139,105284,1195,410,45,111,1,-1,-1,-1
139,105285,507,330,39,87,1,-1,-1,-1
139,105286,1345,441,47,125,1,-1,-1,-1
139,105287,1083,348,58,90,1,-1,-1,-1
139,105293,1760,524,36,138,1,-1,-1,-1
139,105295,1738,480,44,136,1,-1,-1,-1
140,105273,14,747,105,212,1,-1,-1,-1
140,105274,423,541,62,143,1,-1,-1,-1
140,105278,934,432,40,123,1,-1,-1,-1
140,105279,608,461,45,118,1,-1,-1,-1
140,105280,696,563,53,122,1,-1,-1,-1
140,105281,1573,403,44,121,1,-1,-1,-1
140,105282,1183,355,50,80,1,-1,-1,-1
140,105283,743,354,49,81,1,-1,-1,-1
140,105284,1174,416,44,111,1,-1,-1,-1
140,105285,485,336,40,87,1,-1,-1,-1
140,105286,1322,447,47,127,1,-1,-1,-1
140,105287,1062,355,58,91,1,-1,-1,-1
140,105293,1738,527,36,138,1,-1,-1,-1
140,105295,1709,488,43,133,1,-1,-1,-1
140,105296,1908,509,10,110,1,-1,-1,-1
141,105273,-4,753,104,214,1,-1,-1,-1
141,105274,413,544,63,144,1,-1,-1,-1
141,105278,915,438,40,123,1,-1,-1,-1
141,105279,591,465,45,117,1,-1,-1,-1
141,105280,688,564,55,123,1,-1,-1,-1
141,105281,1560,406,44,122,1,-1,-1,-1
141,105282,1171,357,48,80,1,-1,-1,-1
141,105283,738,357,49,81,1,-1,-1,-1
141,105284,1166,418,44,110,1,-1,-1,-1
141,105285,477,338,41,87,1,-1,-1,-1
141,105286,1310,450,48,128,1,-1,-1,-1
141,105287,1055,358,57,90,1,-1,-1,-1
141,105293,1726,528,37,138,1,-1,-1,-1
141,105295,1698,490,44,132,1,-1,-1,-1
141,105296,1903,507,10,114,1,-1,-1,-1
142,105273,-17,757,101,215,1,-1,-1,-1
142,105274,398,547,63,144,1,-1,-1,-1
142,105278,901,443,41,122,1,-1,-1,-1
142,105279,576,469,45,117,1,-1,-1,-1
142,105280,676,566,57,125,1,-1,-1,-1
142,105281,1550,409,43,122,1,-1,-1,-1
142,105282,1155,360,47,79,1,-1,-1,-1
142,105283,730,359,49,81,1,-1,-1,-1
142,105284,1156,420,43,110,1,-1,-1,-1
142,105285,465,342,41,87,1,-1,-1,-1
142,105286,1297,454,48,128,1,-1,-1,-1
142,105287,1046,360,58,91,1,-1,-1,-1
142,105293,1711,529,39,139,1,-1,-1,-1
142,105295,1682,492,44,131,1,-1,-1,-1
142,105296,1895,504,12,118,1,-1,-1,-1
143,105273,-28,761,97,217,1,-1,-1,-1
143,105274,380,550,63,145,1,-1,-1,-1
143,105278,888,446,40,123,1,-1,-1,-1
143,105279,561,473,45,117,1,-1,-1,-1
143,105280,662,567,59,128,1,-1,-1,-1
143,105281,1541,411,42,122,1,-1,-1,-1
143,105282,1138,363,46,80,1,-1,-1,-1
143,105283,720,361,50,80,1,-1,-1,-1
143,105284,1143,423,43,109,1,-1,-1,-1
143,105285,451,346,42,87,1,-1,-1,-1
143,105286,1285,457,48,128,1,-1,-1,-1
143,105287,1037,364,57,90,1,-1,-1,-1
143,105293,1697,530,39,140,1,-1,-1,-1
143,105295,1664,493,44,132,1,-1,-1,-1
143,105296,1888,502,12,123,1,-1,-1,-1
144,105273,-34,772,85,205,1,-1,-1,-1
144,105274,360,554,64,145,1,-1,-1,-1
144,105278,874,449,41,123,1,-1,-1,-1
144,105279,546,477,45,117,1,-1,-1,-1
144,105280,648,568,61,132,1,-1,-1,-1
144,105281,1531,414,42,120,1,-1,-1,-1
144,105282,1120,366,46,81,1,-1,-1,-1
144,105283,709,363,51,81,1,-1,-1,-1
144,105284,1131,426,42,108,1,-1,-1,-1
144,105285,437,350,42,87,1,-1,-1,-1
144,105286,1272,461,48,128,1,-1,-1,-1
144,105287,1029,367,55,90,1,-1,-1,-1
144,105293,1681,531,40,141,1,-1,-1,-1
144,105295,1645,495,45,132,1,-1,-1,-1
144,105296,1880,500,14,127,1,-1,-1,-1
144,105297,1897,473,19,63,1,-1,-1,-1
145,105274,341,557,64,145,1,-1,-1,-1
145,105278,861,453,41,123,1,-1,-1,-1
145,105279,531,481,45,118,1,-1,-1,-1
145,105280,633,569,63,136,1,-1,-1,-1
145,105281,1517,418,42,120,1,-1,-1,-1
145,105282,1101,368,47,82,1,-1,-1,-1
145,105283,698,365,52,81,1,-1,-1,-1
145,105284,1110,430,41,107,1,-1,-1,-1
145,105285,413,358,42,87,1,-1,-1,-1
145,105286,1251,467,47,127,1,-1,-1,-1
145,105287,1020,370,54,90,1,-1,-1,-1
145,105293,1657,533,40,143,1,-1,-1,-1
145,105295,1614,497,45,131,1,-1,-1,-1
145,105296,1868,496,16,134,1,-1,-1,-1
145,105297,1892,475,22,71,1,-1,-1,-1
146,105274,318,561,64,146,1,-1,-1,-1
146,105278,847,456,41,123,1,-1,-1,-1
146,105279,513,486,46,118,1,-1,-1,-1
146,105280,618,571,65,138,1,-1,-1,-1
146,105281,1510,419,42,120,1,-1,-1,-1
146,105282,1083,371,47,83,1,-1,-1,-1
146,105283,688,367,52,81,1,-1,-1,-1
146,105284,1102,431,42,107,1,-1,-1,-1
146,105285,404,361,42,87,1,-1,-1,-1
146,105286,1243,469,47,127,1,-1,-1,-1
146,105287,1011,373,53,90,1,-1,-1,-1
146,105293,1647,534,42,143,1,-1,-1,-1
146,105295,1602,498,46,132,1,-1,-1,-1
146,105296,1862,494,19,138,1,-1,-1,-1
146,105297,1886,477,25,81,1,-1,-1,-1
147,105274,303,562,64,146,1,-1,-1,-1
147,105278,836,458,42,123,1,-1,-1,-1
147,105279,500,489,46,119,1,-1,-1,-1
147,105280,609,573,66,140,1,-1,-1,-1
147,105281,1502,421,43,118,1,-1,-1,-1
147,105282,1066,372,48,87,1,-1,-1,-1
147,105283,679,368,54,81,1,-1,-1,-1
147,105284,1093,433,41,107,1,-1,-1,-1
147,105285,392,363,42,87,1,-1,-1,-1
147,105286,1233,471,47,128,1,-1,-1,-1
147,105287,1003,375,53,90,1,-1,-1,-1
147,105293,1634,536,42,143,1,-1,-1,-1
147,105295,1587,499,47,131,1,-1,-1,-1
147,105296,1856,496,22,139,1,-1,-1,-1
147,105297,1879,480,28,92,1,-1,-1,-1
148,105274,290,564,64,144,1,-1,-1,-1
148,105278,826,459,43,124,1,-1,-1,-1
148,105279,486,493,47,119,1,-1,-1,-1
148,105280,603,575,66,140,1,-1,-1,-1
148,105281,1494,421,43,119,1,-1,-1,-1
148,105282,1049,374,50,89,1,-1,-1,-1
148,105283,671,368,55,83,1,-1,-1,-1
148,105284,1082,434,42,108,1,-1,-1,-1
148,105285,379,365,43,89,1,-1,-1,-1
148,105286,1223,473,46,129,1,-1,-1,-1
148,105287,995,376,53,92,1,-1,-1,-1
148,105293,1620,538,42,144,1,-1,-1,-1
148,105295,1570,500,48,131,1,-1,-1,-1
148,105296,1851,498,24,141,1,-1,-1,-1
148,105297,1872,482,32,102,1,-1,-1,-1
149,105274,277,564,63,143,1,-1,-1,-1
149,105278,816,460,44,125,1,-1,-1,-1
149,105279,473,496,48,119,1,-1,-1,-1
149,105280,597,578,66,140,1,-1,-1,-1
149,105281,1486,422,43,118,1,-1,-1,-1
149,105282,1033,375,51,92,1,-1,-1,-1
149,105283,663,368,57,84,1,-1,-1,-1
149,105284,1072,435,42,110,1,-1,-1,-1
149,105285,365,368,43,89,1,-1,-1,-1
149,105286,1212,476,46,129,1,-1,-1,-1
149,105287,988,378,52,93,1,-1,-1,-1
149,105293,1604,541,43,143,1,-1,-1,-1
149,105295,1553,502,50,130,1,-1,-1,-1
149,105296,1845,501,26,141,1,-1,-1,-1
149,105297,1866,485,35,113,1,-1,-1,-1
150,105274,255,565,62,141,1,-1,-1,-1
150,105278,806,461,45,126,1,-1,-1,-1
150,105279,460,500,49,119,1,-1,-1,-1
150,105280,593,580,65,141,1,-1,-1,-1
150,105281,1474,425,43,117,1,-1,-1,-1
150,105282,1017,376,51,95,1,-1,-1,-1
150,105283,650,368,61,87,1,-1,-1,-1
150,105284,1061,436,43,111,1,-1,-1,-1
150,105285,351,370,44,91,1,-1,-1,-1
150,105286,1195,480,46,129,1,-1,-1,-1
150,105287,980,379,52,95,1,-1,-1,-1
150,105293,1589,543,44,143,1,-1,-1,-1
150,105295,1536,503,51,130,1,-1,-1,-1
150,105296,1835,506,30,142,1,-1,-1,-1
150,105297,1856,488,39,130,1,-1,-1,-1
151,105274,247,566,62,139,1,-1,-1,-1
151,105278,795,462,46,127,1,-1,-1,-1
151,105279,445,504,49,120,1,-1,-1,-1
151,105280,587,583,65,140,1,-1,-1,-1
151,105281,1469,425,43,117,1,-1,-1,-1
151,105282,999,376,52,99,1,-1,-1,-1
151,105283,645,368,63,88,1,-1,-1,-1
151,105284,1050,438,43,111,1,-1,-1,-1
151,105285,335,373,46,92,1,-1,-1,-1
151,105286,1188,481,47,130,1,-1,-1,-1
151,105287,972,380,52,96,1,-1,-1,-1
151,105293,1572,546,45,142,1,-1,-1,-1
151,105295,1517,505,53,129,1,-1,-1,-1
151,105296,1832,507,32,143,1,-1,-1,-1
151,105297,1852,490,41,136,1,-1,-1,-1
152,105274,235,566,63,140,1,-1,-1,-1
152,105278,788,463,48,128,1,-1,-1,-1
152,105279,435,506,50,120,1,-1,-1,-1
152,105280,584,584,64,141,1,-1,-1,-1
152,105281,1465,426,43,116,1,-1,-1,-1
152,105282,990,377,52,100,1,-1,-1,-1
152,105283,644,368,64,90,1,-1,-1,-1
152,105284,1043,439,43,112,1,-1,-1,-1
152,105285,327,374,47,93,1,-1,-1,-1
152,105286,1182,483,46,130,1,-1,-1,-1
152,105287,967,381,51,96,1,-1,-1,-1
152,105293,1563,547,45,143,1,-1,-1,-1
152,105295,1503,505,55,131,1,-1,-1,-1
152,105296,1831,509,34,142,1,-1,-1,-1
152,105297,1851,490,42,138,1,-1,-1,-1
153,105274,221,566,64,142,1,-1,-1,-1
153,105278,784,464,48,128,1,-1,-1,-1
153,105279,427,508,51,120,1,-1,-1,-1
153,105280,581,584,64,141,1,-1,-1,-1
153,105281,1462,426,43,116,1,-1,-1,-1
153,105282,983,378,51,101,1,-1,-1,-1
153,105283,643,368,66,92,1,-1,-1,-1
153,105284,1035,440,43,112,1,-1,-1,-1
153,105285,322,375,48,94,1,-1,-1,-1
153,105286,1175,485,46,130,1,-1,-1,-1
153,105287,962,382,51,96,1,-1,-1,-1
153,105293,1555,549,46,143,1,-1,-1,-1
153,105295,1491,506,58,133,1,-1,-1,-1
153,105296,1831,513,35,140,1,-1,-1,-1
153,105297,1851,491,42,137,1,-1,-1,-1
154,105274,207,566,65,144,1,-1,-1,-1
154,105278,780,466,49,128,1,-1,-1,-1
154,105279,419,510,51,120,1,-1,-1,-1
154,105280,578,584,65,141,1,-1,-1,-1
154,105281,1458,425,43,116,1,-1,-1,-1
154,105282,977,379,50,100,1,-1,-1,-1
154,105283,644,367,67,95,1,-1,-1,-1
154,105284,1029,441,43,112,1,-1,-1,-1
154,105285,318,375,49,95,1,-1,-1,-1
154,105286,1169,487,46,130,1,-1,-1,-1
154,105287,957,382,51,96,1,-1,-1,-1
154,105293,1548,550,47,144,1,-1,-1,-1
154,105295,1480,506,60,136,1,-1,-1,-1
154,105296,1831,516,37,138,1,-1,-1,-1
154,105297,1852,491,42,136,1,-1,-1,-1
155,105274,193,567,65,146,1,-1,-1,-1
155,105278,776,468,50,128,1,-1,-1,-1
155,105279,411,512,52,120,1,-1,-1,-1
155,105280,573,584,65,141,1,-1,-1,-1
155,105281,1454,425,44,115,1,-1,-1,-1
155,105282,971,380,50,100,1,-1,-1,-1
155,105283,644,367,68,98,1,-1,-1,-1
155,105284,1018,443,43,112,1,-1,-1,-1
155,105285,313,376,50,96,1,-1,-1,-1
155,105286,1157,490,46,130,1,-1,-1,-1
155,105287,949,382,52,96,1,-1,-1,-1
155,105293,1537,550,49,146,1,-1,-1,-1
155,105295,1468,506,62,138,1,-1,-1,-1
155,105296,1832,522,37,134,1,-1,-1,-1
155,105297,1853,490,42,137,1,-1,-1,-1
156,105274,174,568,67,149,1,-1,-1,-1
156,105278,772,470,51,128,1,-1,-1,-1
156,105279,404,514,52,120,1,-1,-1,-1
156,105280,571,584,65,141,1,-1,-1,-1
156,105281,1450,426,43,114,1,-1,-1,-1
156,105282,966,381,48,99,1,-1,-1,-1
156,105283,645,367,68,100,1,-1,-1,-1
156,105284,1013,444,43,112,1,-1,-1,-1
156,105285,311,376,50,97,1,-1,-1,-1
156,105286,1153,491,46,131,1,-1,-1,-1
156,105287,946,382,52,96,1,-1,-1,-1
156,105293,1533,551,49,146,1,-1,-1,-1
156,105295,1457,507,63,141,1,-1,-1,-1
156,105296,1831,524,39,133,1,-1,-1,-1
156,105297,1854,490,42,135,1,-1,-1,-1
157,105274,163,569,67,150,1,-1,-1,-1
157,105278,767,470,52,128,1,-1,-1,-1
157,105279,392,516,53,120,1,-1,-1,-1
157,105280,569,584,65,142,1,-1,-1,-1
157,105281,1448,426,43,114,1,-1,-1,-1
157,105282,960,382,48,99,1,-1,-1,-1
157,105283,646,367,67,100,1,-1,-1,-1
157,105284,1008,444,43,113,1,-1,-1,-1
157,105285,306,377,51,98,1,-1,-1,-1
157,105286,1147,493,46,131,1,-1,-1,-1
157,105287,941,385,52,94,1,-1,-1,-1
157,105293,1528,551,50,146,1,-1,-1,-1
157,105295,1446,508,64,141,1,-1,-1,-1
157,105296,1831,524,40,135,1,-1,-1,-1
157,105297,1854,492,44,135,1,-1,-1,-1
158,105274,150,570,67,150,1,-1,-1,-1
158,105278,762,469,52,128,1,-1,-1,-1
158,105279,378,517,53,120,1,-1,-1,-1
158,105280,566,585,65,143,1,-1,-1,-1
158,105281,1446,427,44,114,1,-1,-1,-1
158,105282,955,382,48,100,1,-1,-1,-1
158,105283,647,367,66,101,1,-1,-1,-1
158,105284,1003,445,43,113,1,-1,-1,-1
158,105285,300,378,50,98,1,-1,-1,-1
158,105286,1140,494,47,132,1,-1,-1,-1
158,105287,934,388,53,93,1,-1,-1,-1
158,105293,1521,553,51,146,1,-1,-1,-1
158,105295,1435,509,64,141,1,-1,-1,-1
158,105296,1830,524,43,137,1,-1,-1,-1
158,105297,1855,493,44,136,1,-1,-1,-1
159,105274,137,571,67,151,1,-1,-1,-1
159,105278,756,468,52,128,1,-1,-1,-1
159,105279,364,518,53,120,1,-1,-1,-1
159,105280,562,586,66,144,1,-1,-1,-1
159,105281,1445,427,44,114,1,-1,-1,-1
159,105282,948,383,49,100,1,-1,-1,-1
159,105283,647,367,66,101,1,-1,-1,-1
159,105284,997,445,44,114,1,-1,-1,-1
159,105285,294,380,50,96,1,-1,-1,-1
159,105286,1133,496,46,133,1,-1,-1,-1
159,105287,927,391,53,91,1,-1,-1,-1
159,105293,1515,554,50,146,1,-1,-1,-1
159,105295,1425,511,64,141,1,-1,-1,-1
159,105296,1830,523,44,140,1,-1,-1,-1
159,105297,1856,495,45,136,1,-1,-1,-1
160,105274,124,573,67,150,1,-1,-1,-1
160,105278,750,467,53,128,1,-1,-1,-1
160,105279,349,519,54,120,1,-1,-1,-1
160,105280,559,587,65,145,1,-1,-1,-1
160,105281,1442,428,44,114,1,-1,-1,-1
160,105282,942,383,49,100,1,-1,-1,-1
160,105283,647,367,65,100,1,-1,-1,-1
160,105284,991,445,44,115,1,-1,-1,-1
160,105285,282,382,50,96,1,-1,-1,-1
160,105286,1125,497,46,134,1,-1,-1,-1
160,105287,920,394,53,89,1,-1,-1,-1
160,105293,1508,555,52,146,1,-1,-1,-1
160,105295,1415,513,62,140,1,-1,-1,-1
160,105296,1829,521,46,144,1,-1,-1,-1
160,105297,1857,497,47,137,1,-1,-1,-1
161,105274,109,574,67,151,1,-1,-1,-1
161,105278,747,467,53,128,1,-1,-1,-1
161,105279,341,520,53,120,1,-1,-1,-1
161,105280,556,588,64,146,1,-1,-1,-1
161,105281,1442,429,43,114,1,-1,-1,-1
161,105282,939,383,49,100,1,-1,-1,-1
161,105283,648,367,64,100,1,-1,-1,-1
161,105284,985,446,44,115,1,-1,-1,-1
161,105285,279,382,48,96,1,-1,-1,-1
161,105286,1117,499,46,135,1,-1,-1,-1
161,105287,912,397,54,87,1,-1,-1,-1
161,105293,1500,556,52,146,1,-1,-1,-1
161,105295,1404,515,61,138,1,-1,-1,-1
161,105296,1830,521,48,145,1,-1,-1,-1
161,105297,1858,497,48,139,1,-1,-1,-1
162,105274,99,574,67,151,1,-1,-1,-1
162,105278,745,467,53,128,1,-1,-1,-1
162,105279,335,521,53,120,1,-1,-1,-1
162,105280,557,589,63,145,1,-1,-1,-1
162,105281,1442,428,44,116,1,-1,-1,-1
162,105282,937,383,50,100,1,-1,-1,-1
162,105283,651,367,63,101,1,-1,-1,-1
162,105284,982,446,45,116,1,-1,-1,-1
162,105285,276,382,48,97,1,-1,-1,-1
162,105286,1112,499,47,135,1,-1,-1,-1
162,105287,904,399,56,86,1,-1,-1,-1
162,105293,1496,557,52,145,1,-1,-1,-1
162,105295,1396,514,61,140,1,-1,-1,-1
162,105296,1833,521,48,146,1,-1,-1,-1
162,105297,1861,496,48,139,1,-1,-1,-1
163,105274,89,573,67,152,1,-1,-1,-1
163,105278,743,467,54,128,1,-1,-1,-1
163,105279,329,521,54,120,1,-1,-1,-1
163,105280,559,589,62,145,1,-1,-1,-1
163,105281,1443,427,45,118,1,-1,-1,-1
163,105282,937,383,49,100,1,-1,-1,-1
163,105283,655,367,63,101,1,-1,-1,-1
163,105284,980,446,45,117,1,-1,-1,-1
163,105285,273,382,48,98,1,-1,-1,-1
163,105286,1109,500,47,135,1,-1,-1,-1
163,105287,896,399,56,85,1,-1,-1,-1
163,105293,1492,557,52,145,1,-1,-1,-1
163,105295,1390,514,62,141,1,-1,-1,-1
163,105296,1836,522,50,146,1,-1,-1,-1
163,105297,1864,495,48,140,1,-1,-1,-1
164,105274,79,571,68,154,1,-1,-1,-1
164,105278,741,468,54,128,1,-1,-1,-1
164,105279,324,521,54,120,1,-1,-1,-1
164,105280,562,590,62,143,1,-1,-1,-1
164,105281,1443,426,46,121,1,-1,-1,-1
164,105282,936,383,50,100,1,-1,-1,-1
164,105283,659,367,63,102,1,-1,-1,-1
164,105284,980,446,45,119,1,-1,-1,-1
164,105285,270,382,49,99,1,-1,-1,-1
164,105286,1106,501,47,136,1,-1,-1,-1
164,105287,889,399,55,85,1,-1,-1,-1
164,105293,1487,557,54,144,1,-1,-1,-1
164,105295,1383,513,63,143,1,-1,-1,-1
164,105296,1840,523,50,146,1,-1,-1,-1
164,105297,1868,493,48,141,1,-1,-1,-1
165,105274,68,570,69,156,1,-1,-1,-1
165,105278,740,468,54,128,1,-1,-1,-1
165,105279,319,521,54,120,1,-1,-1,-1
165,105280,565,590,61,143,1,-1,-1,-1
165,105281,1443,425,48,124,1,-1,-1,-1
165,105282,934,383,51,100,1,-1,-1,-1
165,105283,665,367,62,102,1,-1,-1,-1
165,105284,978,446,46,121,1,-1,-1,-1
165,105285,264,382,50,101,1,-1,-1,-1
165,105286,1104,502,47,136,1,-1,-1,-1
165,105287,882,400,55,85,1,-1,-1,-1
165,105293,1483,557,54,144,1,-1,-1,-1
165,105295,1371,510,65,147,1,-1,-1,-1
165,105296,1847,525,50,146,1,-1,-1,-1
165,105297,1873,491,48,143,1,-1,-1,-1
166,105274,57,568,69,158,1,-1,-1,-1
166,105278,738,468,55,128,1,-1,-1,-1
166,105279,314,522,54,120,1,-1,-1,-1
166,105280,568,591,61,141,1,-1,-1,-1
166,105281,1444,424,49,127,1,-1,-1,-1
166,105282,933,383,51,100,1,-1,-1,-1
166,105283,670,367,62,103,1,-1,-1,-1
166,105284,978,445,46,122,1,-1,-1,-1
166,105285,262,382,51,101,1,-1,-1,-1
166,105286,1101,503,47,136,1,-1,-1,-1
166,105287,873,400,54,84,1,-1,-1,-1
166,105293,1477,557,56,143,1,-1,-1,-1
166,105295,1367,509,66,149,1,-1,-1,-1
166,105296,1849,525,51,145,1,-1,-1,-1
166,105297,1877,490,46,140,1,-1,-1,-1
167,105274,48,566,69,160,1,-1,-1,-1
167,105278,736,468,55,128,1,-1,-1,-1
167,105279,307,521,55,121,1,-1,-1,-1
167,105280,570,590,62,142,1,-1,-1,-1
167,105281,1444,423,50,129,1,-1,-1,-1
167,105282,933,382,50,100,1,-1,-1,-1
167,105283,673,367,62,103,1,-1,-1,-1
167,105284,976,445,47,122,1,-1,-1,-1
167,105285,262,382,52,101,1,-1,-1,-1
167,105286,1098,503,48,136,1,-1,-1,-1
167,105287,867,399,54,85,1,-1,-1,-1
167,105293,1473,557,57,143,1,-1,-1,-1
167,105295,1360,510,68,148,1,-1,-1,-1
167,105296,1851,524,52,146,1,-1,-1,-1
167,105297,1882,490,42,130,1,-1,-1,-1
168,105274,37,566,69,161,1,-1,-1,-1
168,105278,734,468,55,128,1,-1,-1,-1
168,105279,299,521,55,120,1,-1,-1,-1
168,105280,573,587,62,145,1,-1,-1,-1
168,105281,1446,423,50,128,1,-1,-1,-1
168,105282,934,379,50,100,1,-1,-1,-1
168,105283,676,368,60,102,1,-1,-1,-1
168,105284,975,444,46,123,1,-1,-1,-1
168,105285,263,381,53,102,1,-1,-1,-1
168,105286,1095,502,48,137,1,-1,-1,-1
168,105287,861,396,55,88,1,-1,-1,-1
168,105293,1467,556,59,145,1,-1,-1,-1
168,105295,1353,510,67,148,1,-1,-1,-1
168,105296,1854,523,52,147,1,-1,-1,-1
168,105297,1887,490,36,116,1,-1,-1,-1
169,105274,26,565,70,162,1,-1,-1,-1
169,105278,732,468,56,128,1,-1,-1,-1
169,105279,291,520,55,120,1,-1,-1,-1
169,105280,574,585,64,148,1,-1,-1,-1
169,105281,1448,423,50,128,1,-1,-1,-1
169,105282,935,377,50,99,1,-1,-1,-1
169,105283,678,369,60,101,1,-1,-1,-1
169,105284,974,443,46,123,1,-1,-1,-1
169,105285,264,380,55,103,1,-1,-1,-1
169,105286,1093,502,48,136,1,-1,-1,-1
169,105287,855,393,57,91,1,-1,-1,-1
169,105293,1461,556,60,146,1,-1,-1,-1
169,105295,1346,511,67,148,1,-1,-1,-1
169,105296,1856,522,52,147,1,-1,-1,-1
169,105297,1891,490,33,108,1,-1,-1,-1
170,105274,16,565,69,163,1,-1,-1,-1
170,105278,730,467,56,128,1,-1,-1,-1
170,105279,282,518,55,120,1,-1,-1,-1
170,105280,576,581,65,153,1,-1,-1,-1
170,105281,1451,423,50,128,1,-1,-1,-1
170,105282,935,375,50,99,1,-1,-1,-1
170,105283,680,370,59,99,1,-1,-1,-1
170,105284,972,442,46,123,1,-1,-1,-1
170,105285,266,379,55,104,1,-1,-1,-1
170,105286,1090,501,49,137,1,-1,-1,-1
170,105287,849,389,58,95,1,-1,-1,-1
170,105293,1452,555,61,148,1,-1,-1,-1
170,105295,1339,512,67,147,1,-1,-1,-1
170,105296,1859,520,53,148,1,-1,-1,-1
170,105297,1894,490,29,101,1,-1,-1,-1
171,105274,4,564,68,165,1,-1,-1,-1
171,105278,728,467,55,128,1,-1,-1,-1
171,105279,271,517,55,120,1,-1,-1,-1
171,105280,577,580,65,154,1,-1,-1,-1
171,105281,1452,422,50,129,1,-1,-1,-1
171,105282,936,372,49,99,1,-1,-1,-1
171,105283,682,371,58,98,1,-1,-1,-1
171,105284,971,441,45,122,1,-1,-1,-1
171,105285,267,379,57,104,1,-1,-1,-1
171,105286,1087,501,49,137,1,-1,-1,-1
171,105287,843,386,60,97,1,-1,-1,-1
171,105293,1448,555,61,149,1,-1,-1,-1
171,105295,1331,513,67,146,1,-1,-1,-1
171,105296,1862,518,53,148,1,-1,-1,-1
171,105297,1897,490,26,95,1,-1,-1,-1
172,105274,-4,562,67,165,1,-1,-1,-1
172,105278,726,466,56,129,1,-1,-1,-1
172,105279,264,515,56,121,1,-1,-1,-1
172,105280,579,580,64,153,1,-1,-1,-1
172,105281,1454,421,49,129,1,-1,-1,-1
172,105282,935,368,51,100,1,-1,-1,-1
172,105283,686,371,58,97,1,-1,-1,-1
172,105284,969,440,45,123,1,-1,-1,-1
172,105285,268,379,57,103,1,-1,-1,-1
172,105286,1084,500,49,138,1,-1,-1,-1
172,105287,840,383,60,99,1,-1,-1,-1
172,105293,1443,555,61,149,1,-1,-1,-1
172,105295,1322,513,67,147,1,-1,-1,-1
172,105296,1864,518,52,148,1,-1,-1,-1
172,105297,1902,494,20,74,1,-1,-1,-1
173,105274,-8,561,65,163,1,-1,-1,-1
173,105278,722,464,57,130,1,-1,-1,-1
173,105279,257,514,56,121,1,-1,-1,-1
173,105280,581,579,63,154,1,-1,-1,-1
173,105281,1455,419,50,129,1,-1,-1,-1
173,105282,934,363,51,103,1,-1,-1,-1
173,105283,692,370,58,97,1,-1,-1,-1
173,105284,967,438,45,123,1,-1,-1,-1
173,105285,268,379,57,101,1,-1,-1,-1
173,105286,1080,500,50,139,1,-1,-1,-1
173,105287,838,380,61,101,1,-1,-1,-1
173,105293,1436,555,62,148,1,-1,-1,-1
173,105295,1312,512,68,147,1,-1,-1,-1
173,105296,1865,517,52,149,1,-1,-1,-1
173,105297,1908,500,12,43,1,-1,-1,-1
174,105274,-11,560,62,160,1,-1,-1,-1
174,105278,718,462,57,131,1,-1,-1,-1
174,105279,249,511,57,122,1,-1,-1,-1
174,105280,583,579,62,153,1,-1,-1,-1
174,105281,1457,417,49,128,1,-1,-1,-1
174,105282,932,359,54,105,1,-1,-1,-1
174,105283,698,369,57,96,1,-1,-1,-1
174,105284,964,436,46,124,1,-1,-1,-1
174,105285,268,379,57,99,1,-1,-1,-1
174,105286,1076,500,51,140,1,-1,-1,-1
174,105287,837,378,61,101,1,-1,-1,-1
174,105293,1430,555,62,149,1,-1,-1,-1
174,105295,1302,511,70,148,1,-1,-1,-1
174,105296,1865,517,52,149,1,-1,-1,-1
174,105297,1910,503,9,33,1,-1,-1,-1
175,105274,-14,560,58,155,1,-1,-1,-1
175,105278,712,459,58,132,1,-1,-1,-1
175,105279,235,507,58,124,1,-1,-1,-1
175,105280,586,579,61,152,1,-1,-1,-1
175,105281,1459,414,48,127,1,-1,-1,-1
175,105282,930,352,55,109,1,-1,-1,-1
175,105283,708,368,58,94,1,-1,-1,-1
175,105284,960,434,46,125,1,-1,-1,-1
175,105285,267,379,57,95,1,-1,-1,-1
175,105286,1071,499,51,141,1,-1,-1,-1
175,105287,836,375,60,103,1,-1,-1,-1
175,105293,1421,556,62,147,1,-1,-1,-1
175,105295,1286,510,72,150,1,-1,-1,-1
175,105296,1866,517,51,149,1,-1,-1,-1
175,105297,1912,504,7,29,1,-1,-1,-1
175,105298,1468,1043,54,33,1,-1,-1,-1
176,105274,-16,560,54,151,1,-1,-1,-1
176,105278,709,458,58,133,1,-1,-1,-1
176,105279,231,506,58,125,1,-1,-1,-1
176,105280,587,579,61,151,1,-1,-1,-1
176,105281,1460,413,48,127,1,-1,-1,-1
176,105282,928,349,58,110,1,-1,-1,-1
176,105283,711,368,59,94,1,-1,-1,-1
176,105284,957,432,46,126,1,-1,-1,-1
176,105285,268,379,56,94,1,-1,-1,-1
176,105286,1069,499,51,141,1,-1,-1,-1
176,105287,835,373,61,104,1,-1,-1,-1
176,105293,1416,556,63,147,1,-1,-1,-1
176,105295,1279,510,74,150,1,-1,-1,-1
176,105296,1866,517,51,149,1,-1,-1,-1
176,105297,1914,504,6,26,1,-1,-1,-1
176,105298,1454,1041,54,33,1,-1,-1,-1
177,105278,705,457,59,134,1,-1,-1,-1
177,105279,222,505,59,125,1,-1,-1,-1
177,105280,589,578,60,150,1,-1,-1,-1
177,105281,1460,412,48,127,1,-1,-1,-1
177,105282,926,348,58,111,1,-1,-1,-1
177,105283,716,368,58,93,1,-1,-1,-1
177,105284,954,432,47,126,1,-1,-1,-1
177,105285,268,377,58,95,1,-1,-1,-1
177,105286,1065,499,51,142,1,-1,-1,-1
177,105287,832,372,59,103,1,-1,-1,-1
177,105293,1408,555,65,148,1,-1,-1,-1
177,105295,1268,510,75,150,1,-1,-1,-1
177,105296,1866,517,51,148,1,-1,-1,-1
177,105298,1436,1040,53,33,1,-1,-1,-1
178,105278,700,457,58,133,1,-1,-1,-1
178,105279,214,505,59,125,1,-1,-1,-1
178,105280,589,577,60,150,1,-1,-1,-1
178,105281,1461,411,46,128,1,-1,-1,-1
178,105282,923,347,58,112,1,-1,-1,-1
178,105283,721,368,57,92,1,-1,-1,-1
178,105284,952,432,47,126,1,-1,-1,-1
178,105285,269,376,58,95,1,-1,-1,-1
178,105286,1060,499,52,142,1,-1,-1,-1
178,105287,827,370,60,103,1,-1,-1,-1
178,105293,1400,554,66,149,1,-1,-1,-1
178,105295,1254,510,76,150,1,-1,-1,-1
178,105296,1867,516,50,148,1,-1,-1,-1
178,105298,1418,1039,54,33,1,-1,-1,-1
179,105278,694,456,59,134,1,-1,-1,-1
179,105279,204,504,59,125,1,-1,-1,-1
179,105280,590,576,60,149,1,-1,-1,-1
179,105281,1460,411,47,127,1,-1,-1,-1
179,105282,920,347,58,112,1,-1,-1,-1
179,105283,725,369,57,90,1,-1,-1,-1
179,105284,950,432,47,126,1,-1,-1,-1
179,105285,269,375,59,96,1,-1,-1,-1
179,105286,1055,500,52,142,1,-1,-1,-1
179,105287,822,370,58,102,1,-1,-1,-1
179,105293,1391,553,67,151,1,-1,-1,-1
179,105295,1241,510,76,150,1,-1,-1,-1
179,105296,1867,514,49,148,1,-1,-1,-1
179,105298,1400,1037,53,33,1,-1,-1,-1
180,105278,689,455,60,135,1,-1,-1,-1
180,105279,195,504,59,125,1,-1,-1,-1
180,105280,591,575,59,149,1,-1,-1,-1
180,105281,1460,410,46,128,1,-1,-1,-1
180,105282,915,348,59,111,1,-1,-1,-1
180,105283,731,369,55,89,1,-1,-1,-1
180,105284,949,433,46,126,1,-1,-1,-1
180,105285,270,374,60,97,1,-1,-1,-1
180,105286,1047,500,53,143,1,-1,-1,-1
180,105287,813,369,58,100,1,-1,-1,-1
180,105293,1376,552,69,153,1,-1,-1,-1
180,105295,1227,509,77,152,1,-1,-1,-1
180,105296,1867,512,50,148,1,-1,-1,-1
180,105298,1389,1036,52,33,1,-1,-1,-1
181,105278,684,455,59,135,1,-1,-1,-1
181,105279,184,504,60,125,1,-1,-1,-1
181,105280,591,574,60,149,1,-1,-1,-1
181,105281,1460,410,46,127,1,-1,-1,-1
181,105282,913,348,59,111,1,-1,-1,-1
181,105283,736,369,54,88,1,-1,-1,-1
181,105284,948,433,45,126,1,-1,-1,-1
181,105285,271,373,60,99,1,-1,-1,-1
181,105286,1044,501,52,143,1,-1,-1,-1
181,105287,810,368,58,100,1,-1,-1,-1
181,105293,1371,552,70,153,1,-1,-1,-1
181,105295,1212,509,76,152,1,-1,-1,-1
181,105296,1868,512,49,148,1,-1,-1,-1
181,105298,1379,1034,51,33,1,-1,-1,-1
181,105302,785,255,24,18,1,-1,-1,-1
182,105278,681,454,60,135,1,-1,-1,-1
182,105279,177,504,60,126,1,-1,-1,-1
182,105280,594,573,60,150,1,-1,-1,-1
182,105281,1463,410,46,128,1,-1,-1,-1
182,105282,915,350,58,110,1,-1,-1,-1
182,105283,741,370,53,86,1,-1,-1,-1
182,105284,947,433,46,127,1,-1,-1,-1
182,105285,273,374,60,99,1,-1,-1,-1
182,105286,1042,501,52,143,1,-1,-1,-1
182,105287,810,368,58,100,1,-1,-1,-1
182,105293,1363,553,71,154,1,-1,-1,-1
182,105295,1205,510,75,151,1,-1,-1,-1
182,105296,1869,511,49,148,1,-1,-1,-1
182,105298,1369,1033,51,33,1,-1,-1,-1
183,105278,679,454,60,135,1,-1,-1,-1
183,105279,171,504,61,126,1,-1,-1,-1
183,105280,598,572,61,152,1,-1,-1,-1
183,105281,1467,410,46,128,1,-1,-1,-1
183,105282,917,355,57,108,1,-1,-1,-1
183,105283,745,370,54,86,1,-1,-1,-1
183,105284,947,433,47,129,1,-1,-1,-1
183,105285,275,375,60,99,1,-1,-1,-1
183,105286,1040,501,53,143,1,-1,-1,-1
183,105287,811,368,58,101,1,-1,-1,-1
183,105293,1355,555,71,154,1,-1,-1,-1
183,105295,1200,511,76,152,1,-1,-1,-1
183,105296,1871,511,49,147,1,-1,-1,-1
183,105298,1356,1032,51,33,1,-1,-1,-1
184,105278,677,454,61,135,1,-1,-1,-1
184,105279,166,504,61,126,1,-1,-1,-1
184,105280,603,571,61,154,1,-1,-1,-1
184,105281,1473,410,47,129,1,-1,-1,-1
184,105282,920,359,56,106,1,-1,-1,-1
184,105283,749,370,55,86,1,-1,-1,-1
184,105284,947,433,48,131,1,-1,-1,-1
184,105285,277,378,60,98,1,-1,-1,-1
184,105286,1038,501,53,143,1,-1,-1,-1
184,105287,812,368,59,102,1,-1,-1,-1
184,105293,1348,558,71,153,1,-1,-1,-1
184,105295,1196,512,76,152,1,-1,-1,-1
184,105296,1874,511,47,147,1,-1,-1,-1
184,105298,1349,1032,50,33,1,-1,-1,-1
185,105278,675,454,62,135,1,-1,-1,-1
185,105279,160,504,63,127,1,-1,-1,-1
185,105280,607,571,62,156,1,-1,-1,-1
185,105281,1480,410,49,130,1,-1,-1,-1
185,105282,925,367,54,102,1,-1,-1,-1
185,105283,754,370,56,86,1,-1,-1,-1
185,105284,947,433,49,134,1,-1,-1,-1
185,105285,280,380,61,98,1,-1,-1,-1
185,105286,1036,501,54,143,1,-1,-1,-1
185,105287,814,368,59,103,1,-1,-1,-1
185,105293,1340,561,71,153,1,-1,-1,-1
185,105295,1192,513,77,152,1,-1,-1,-1
185,105296,1876,511,46,146,1,-1,-1,-1
185,105298,1342,1033,50,33,1,-1,-1,-1
186,105278,674,454,62,135,1,-1,-1,-1
186,105279,154,504,64,127,1,-1,-1,-1
186,105280,613,570,62,159,1,-1,-1,-1
186,105281,1485,410,50,130,1,-1,-1,-1
186,105282,927,370,53,101,1,-1,-1,-1
186,105283,757,370,58,86,1,-1,-1,-1
186,105284,948,433,48,135,1,-1,-1,-1
186,105285,283,383,61,96,1,-1,-1,-1
186,105286,1034,501,54,143,1,-1,-1,-1
186,105287,817,368,58,104,1,-1,-1,-1
186,105293,1331,564,71,152,1,-1,-1,-1
186,105295,1187,515,78,153,1,-1,-1,-1
186,105296,1878,511,45,146,1,-1,-1,-1
186,105298,1335,1034,49,33,1,-1,-1,-1
187,105278,675,454,63,133,1,-1,-1,-1
187,105279,154,503,66,127,1,-1,-1,-1
187,105280,622,569,62,159,1,-1,-1,-1
187,105281,1494,412,51,129,1,-1,-1,-1
187,105282,935,370,53,100,1,-1,-1,-1
187,105283,766,369,58,86,1,-1,-1,-1
187,105284,954,434,49,134,1,-1,-1,-1
187,105285,291,385,61,95,1,-1,-1,-1
187,105286,1038,501,54,144,1,-1,-1,-1
187,105287,823,367,59,105,1,-1,-1,-1
187,105293,1330,565,73,153,1,-1,-1,-1
187,105295,1185,515,79,154,1,-1,-1,-1
187,105296,1886,511,36,117,1,-1,-1,-1
187,105298,1328,1035,49,33,1,-1,-1,-1
188,105278,679,452,63,131,1,-1,-1,-1
188,105279,158,501,66,127,1,-1,-1,-1
188,105280,635,569,61,157,1,-1,-1,-1
188,105281,1505,413,51,129,1,-1,-1,-1
188,105282,946,369,52,100,1,-1,-1,-1
188,105283,775,368,59,85,1,-1,-1,-1
188,105284,962,435,49,133,1,-1,-1,-1
188,105285,301,386,61,95,1,-1,-1,-1
188,105286,1044,501,56,145,1,-1,-1,-1
188,105287,833,366,57,104,1,-1,-1,-1
188,105293,1333,566,74,155,1,-1,-1,-1
188,105295,1183,516,80,155,1,-1,-1,-1
188,105298,1317,1037,48,33,1,-1,-1,-1
189,105278,683,450,63,129,1,-1,-1,-1
189,105279,163,499,67,127,1,-1,-1,-1
189,105280,647,569,61,155,1,-1,-1,-1
189,105281,1516,415,52,128,1,-1,-1,-1
189,105282,957,368,51,100,1,-1,-1,-1
189,105283,786,366,59,85,1,-1,-1,-1
189,105284,970,436,51,132,1,-1,-1,-1
189,105285,312,387,61,94,1,-1,-1,-1
189,105286,1051,501,58,147,1,-1,-1,-1
189,105287,843,364,56,104,1,-1,-1,-1
189,105293,1337,565,76,157,1,-1,-1,-1
189,105295,1182,516,81,156,1,-1,-1,-1
189,105304,1904,533,15,48,1,-1,-1,-1
190,105278,688,449,63,126,1,-1,-1,-1
190,105279,169,496,67,127,1,-1,-1,-1
190,105280,661,569,59,153,1,-1,-1,-1
190,105281,1527,418,53,125,1,-1,-1,-1
190,105282,976,367,50,98,1,-1,-1,-1
190,105283,803,364,57,83,1,-1,-1,-1
190,105284,978,436,52,131,1,-1,-1,-1
190,105285,323,388,61,93,1,-1,-1,-1
190,105286,1059,501,59,148,1,-1,-1,-1
190,105287,853,362,56,104,1,-1,-1,-1
190,105293,1343,564,79,162,1,-1,-1,-1
190,105295,1180,516,81,159,1,-1,-1,-1
191,105278,693,447,63,123,1,-1,-1,-1
191,105279,175,493,68,128,1,-1,-1,-1
191,105280,676,569,58,151,1,-1,-1,-1
191,105281,1538,420,55,124,1,-1,-1,-1
191,105282,984,366,49,98,1,-1,-1,-1
191,105283,811,364,57,82,1,-1,-1,-1
191,105284,988,437,52,130,1,-1,-1,-1
191,105285,336,390,62,91,1,-1,-1,-1
191,105286,1067,501,61,150,1,-1,-1,-1
191,105287,864,360,55,103,1,-1,-1,-1
191,105293,1346,564,81,163,1,-1,-1,-1
191,105295,1182,516,81,160,1,-1,-1,-1
192,105278,698,444,64,123,1,-1,-1,-1
192,105279,182,490,68,127,1,-1,-1,-1
192,105280,689,567,59,151,1,-1,-1,-1
192,105281,1553,420,56,124,1,-1,-1,-1
192,105282,999,365,49,100,1,-1,-1,-1
192,105283,825,362,56,82,1,-1,-1,-1
192,105284,997,436,54,129,1,-1,-1,-1
192,105285,347,389,62,92,1,-1,-1,-1
192,105286,1078,500,62,151,1,-1,-1,-1
192,105287,877,359,54,103,1,-1,-1,-1
192,105293,1353,564,83,162,1,-1,-1,-1
192,105295,1188,516,81,161,1,-1,-1,-1
192,105305,1318,1028,58,47,1,-1,-1,-1
193,105278,705,441,65,124,1,-1,-1,-1
193,105279,189,487,68,127,1,-1,-1,-1
193,105280,704,565,59,151,1,-1,-1,-1
193,105281,1570,418,57,124,1,-1,-1,-1
193,105282,1015,364,50,102,1,-1,-1,-1
193,105283,842,360,56,82,1,-1,-1,-1
193,105284,1007,434,56,130,1,-1,-1,-1
193,105285,359,386,64,94,1,-1,-1,-1
193,105286,1090,500,63,150,1,-1,-1,-1
193,105287,891,358,54,103,1,-1,-1,-1
193,105293,1363,564,82,162,1,-1,-1,-1
193,105295,1197,517,80,159,1,-1,-1,-1
193,105305,1318,1024,65,53,1,-1,-1,-1
194,105278,712,438,66,125,1,-1,-1,-1
194,105279,196,484,69,126,1,-1,-1,-1
194,105280,720,562,59,153,1,-1,-1,-1
194,105281,1587,417,59,123,1,-1,-1,-1
194,105282,1033,362,51,104,1,-1,-1,-1
194,105283,859,359,57,81,1,-1,-1,-1
194,105284,1018,432,57,130,1,-1,-1,-1
194,105285,371,382,67,96,1,-1,-1,-1
194,105286,1102,500,63,149,1,-1,-1,-1
194,105287,905,358,54,102,1,-1,-1,-1
194,105293,1373,565,83,161,1,-1,-1,-1
194,105295,1207,517,80,159,1,-1,-1,-1
194,105305,1319,1022,69,56,1,-1,-1,-1
195,105278,722,432,68,129,1,-1,-1,-1
195,105279,208,478,69,126,1,-1,-1,-1
195,105280,746,557,61,156,1,-1,-1,-1
195,105281,1605,415,60,123,1,-1,-1,-1
195,105282,1051,361,52,107,1,-1,-1,-1
195,105283,877,357,56,82,1,-1,-1,-1
195,105284,1035,427,59,132,1,-1,-1,-1
195,105285,385,378,68,100,1,-1,-1,-1
195,105286,1116,499,63,149,1,-1,-1,-1
195,105287,919,358,55,101,1,-1,-1,-1
195,105293,1382,565,83,160,1,-1,-1,-1
195,105295,1216,517,79,159,1,-1,-1,-1
195,105305,1322,1019,72,59,1,-1,-1,-1
196,105278,727,430,68,130,1,-1,-1,-1
196,105279,212,476,71,126,1,-1,-1,-1
196,105280,755,556,62,156,1,-1,-1,-1
196,105281,1623,412,62,124,1,-1,-1,-1
196,105282,1071,361,52,107,1,-1,-1,-1
196,105283,895,355,57,82,1,-1,-1,-1
196,105284,1042,425,60,133,1,-1,-1,-1
196,105285,398,374,71,103,1,-1,-1,-1
196,105286,1132,499,62,148,1,-1,-1,-1
196,105287,933,357,56,102,1,-1,-1,-1
196,105293,1393,565,82,158,1,-1,-1,-1
196,105295,1227,518,79,158,1,-1,-1,-1
196,105305,1325,1017,75,61,1,-1,-1,-1
197,105278,734,428,69,131,1,-1,-1,-1
197,105279,219,473,71,126,1,-1,-1,-1
197,105280,772,553,62,156,1,-1,-1,-1
197,105281,1637,410,63,125,1,-1,-1,-1
197,105282,1093,360,53,107,1,-1,-1,-1
197,105283,910,354,57,82,1,-1,-1,-1
197,105284,1054,424,60,133,1,-1,-1,-1
197,105285,406,371,73,105,1,-1,-1,-1
197,105286,1144,497,62,150,1,-1,-1,-1
197,105287,948,355,57,102,1,-1,-1,-1
197,105293,1402,565,83,158,1,-1,-1,-1
197,105295,1234,517,80,159,1,-1,-1,-1
197,105305,1329,1014,78,64,1,-1,-1,-1
198,105278,743,426,70,131,1,-1,-1,-1
198,105279,228,469,72,127,1,-1,-1,-1
198,105280,791,551,62,156,1,-1,-1,-1
198,105281,1651,408,65,126,1,-1,-1,-1
198,105282,1115,360,54,105,1,-1,-1,-1
198,105283,924,353,59,84,1,-1,-1,-1
198,105284,1067,422,61,132,1,-1,-1,-1
198,105285,412,368,74,107,1,-1,-1,-1
198,105286,1157,495,63,152,1,-1,-1,-1
198,105287,962,351,60,105,1,-1,-1,-1
198,105293,1410,566,85,158,1,-1,-1,-1
198,105295,1242,516,80,160,1,-1,-1,-1
198,105305,1333,1012,80,66,1,-1,-1,-1
199,105278,752,424,70,132,1,-1,-1,-1
199,105279,236,465,73,127,1,-1,-1,-1
199,105280,811,548,62,156,1,-1,-1,-1
199,105281,1664,405,67,128,1,-1,-1,-1
199,105282,1137,359,54,105,1,-1,-1,-1
199,105283,937,351,60,85,1,-1,-1,-1
199,105284,1082,420,61,132,1,-1,-1,-1
199,105285,418,364,74,110,1,-1,-1,-1
199,105286,1174,492,64,153,1,-1,-1,-1
199,105287,978,347,61,107,1,-1,-1,-1
199,105293,1419,566,85,159,1,-1,-1,-1
199,105295,1248,514,81,161,1,-1,-1,-1
199,105305,1337,1009,83,69,1,-1,-1,-1
200,105278,761,422,70,132,1,-1,-1,-1
200,105279,245,461,74,128,1,-1,-1,-1
200,105280,832,546,61,155,1,-1,-1,-1
200,105281,1685,401,70,129,1,-1,-1,-1
200,105282,1159,359,56,104,1,-1,-1,-1
200,105283,956,349,63,88,1,-1,-1,-1
200,105284,1096,419,62,132,1,-1,-1,-1
200,105285,423,361,75,112,1,-1,-1,-1
200,105286,1185,490,65,154,1,-1,-1,-1
200,105287,994,342,62,110,1,-1,-1,-1
200,105293,1428,566,86,161,1,-1,-1,-1
200,105295,1255,513,82,162,1,-1,-1,-1
200,105305,1343,1006,88,72,1,-1,-1,-1
201,105278,771,420,70,132,1,-1,-1,-1
201,105279,254,457,75,128,1,-1,-1,-1
201,105280,856,543,62,154,1,-1,-1,-1
201,105281,1692,400,72,129,1,-1,-1,-1
201,105282,1180,359,58,102,1,-1,-1,-1
201,105283,964,348,65,88,1,-1,-1,-1
201,105284,1115,416,62,132,1,-1,-1,-1
201,105285,428,358,76,113,1,-1,-1,-1
201,105286,1198,489,65,154,1,-1,-1,-1
201,105287,1011,338,61,113,1,-1,-1,-1
201,105293,1441,567,86,162,1,-1,-1,-1
201,105295,1262,511,84,164,1,-1,-1,-1
201,105305,1346,1005,89,74,1,-1,-1,-1
201,105306,0,561,57,115,1,-1,-1,-1
202,105278,782,418,71,132,1,-1,-1,-1
202,105279,262,454,77,128,1,-1,-1,-1
202,105280,873,541,62,154,1,-1,-1,-1
202,105281,1705,398,74,131,1,-1,-1,-1
202,105282,1201,358,59,103,1,-1,-1,-1
202,105283,973,347,66,89,1,-1,-1,-1
202,105284,1127,415,62,131,1,-1,-1,-1
202,105285,439,356,75,115,1,-1,-1,-1
202,105286,1212,488,65,155,1,-1,-1,-1
202,105287,1026,336,61,113,1,-1,-1,-1
202,105293,1448,567,87,163,1,-1,-1,-1
202,105295,1270,511,84,164,1,-1,-1,-1
202,105305,1351,1004,90,74,1,-1,-1,-1
202,105306,-2,551,63,127,1,-1,-1,-1
203,105278,794,416,72,132,1,-1,-1,-1
203,105279,270,450,77,130,1,-1,-1,-1
203,105280,892,540,61,152,1,-1,-1,-1
203,105281,1720,397,75,133,1,-1,-1,-1
203,105282,1220,357,61,103,1,-1,-1,-1
203,105283,981,346,67,89,1,-1,-1,-1
203,105284,1141,414,63,131,1,-1,-1,-1
203,105285,451,355,76,116,1,-1,-1,-1
203,105286,1227,487,65,155,1,-1,-1,-1
203,105287,1042,335,61,113,1,-1,-1,-1
203,105293,1457,565,88,165,1,-1,-1,-1
203,105295,1280,512,84,164,1,-1,-1,-1
203,105305,1358,1003,89,74,1,-1,-1,-1
203,105306,-7,531,75,150,1,-1,-1,-1
204,105278,807,413,72,133,1,-1,-1,-1
204,105279,278,446,78,131,1,-1,-1,-1
204,105280,910,539,61,151,1,-1,-1,-1
204,105281,1737,396,75,134,1,-1,-1,-1
204,105282,1239,356,62,103,1,-1,-1,-1
204,105283,990,345,68,90,1,-1,-1,-1
204,105284,1155,413,65,131,1,-1,-1,-1
204,105285,464,354,76,117,1,-1,-1,-1
204,105286,1242,487,64,154,1,-1,-1,-1
204,105287,1058,335,60,113,1,-1,-1,-1
204,105293,1466,564,90,167,1,-1,-1,-1
204,105295,1290,513,84,163,1,-1,-1,-1
204,105305,1363,1003,90,74,1,-1,-1,-1
204,105306,-7,524,78,158,1,-1,-1,-1
205,105278,820,411,72,133,1,-1,-1,-1
205,105279,286,442,79,132,1,-1,-1,-1
205,105280,929,537,61,149,1,-1,-1,-1
205,105281,1754,394,75,136,1,-1,-1,-1
205,105282,1269,355,65,104,1,-1,-1,-1
205,105283,1005,344,69,90,1,-1,-1,-1
205,105284,1170,411,65,132,1,-1,-1,-1
205,105285,485,352,77,119,1,-1,-1,-1
205,105286,1256,486,63,154,1,-1,-1,-1
205,105287,1074,334,59,113,1,-1,-1,-1
205,105293,1474,562,93,170,1,-1,-1,-1
205,105295,1300,514,83,163,1,-1,-1,-1
205,105305,1369,1004,91,73,1,-1,-1,-1
205,105306,-5,519,80,163,1,-1,-1,-1
206,105278,833,408,74,134,1,-1,-1,-1
206,105279,294,438,80,134,1,-1,-1,-1
206,105280,949,536,61,147,1,-1,-1,-1
206,105281,1772,393,74,138,1,-1,-1,-1
206,105282,1282,354,65,104,1,-1,-1,-1
206,105283,1011,343,69,90,1,-1,-1,-1
206,105284,1185,410,66,132,1,-1,-1,-1
206,105285,493,352,78,119,1,-1,-1,-1
206,105286,1272,485,62,154,1,-1,-1,-1
206,105287,1090,334,59,113,1,-1,-1,-1
206,105293,1484,560,95,174,1,-1,-1,-1
206,105295,1311,516,83,162,1,-1,-1,-1
206,105305,1376,1003,91,73,1,-1,-1,-1
206,105306,-1,514,82,167,1,-1,-1,-1
207,105278,842,407,75,134,1,-1,-1,-1
207,105279,302,435,80,134,1,-1,-1,-1
207,105280,964,535,61,146,1,-1,-1,-1
207,105281,1786,393,75,139,1,-1,-1,-1
207,105282,1297,352,67,105,1,-1,-1,-1
207,105283,1020,342,71,90,1,-1,-1,-1
207,105284,1197,409,68,132,1,-1,-1,-1
207,105285,504,351,78,120,1,-1,-1,-1
207,105286,1290,485,62,154,1,-1,-1,-1
207,105287,1106,333,58,114,1,-1,-1,-1
207,105293,1493,560,95,173,1,-1,-1,-1
207,105295,1320,516,83,162,1,-1,-1,-1
207,105305,1382,1000,95,76,1,-1,-1,-1
207,105306,4,507,87,173,1,-1,-1,-1
208,105278,851,407,75,134,1,-1,-1,-1
208,105279,310,431,78,135,1,-1,-1,-1
208,105280,977,533,62,145,1,-1,-1,-1
208,105281,1800,392,74,140,1,-1,-1,-1
208,105282,1314,349,68,107,1,-1,-1,-1
208,105283,1032,341,72,90,1,-1,-1,-1
208,105284,1207,407,70,134,1,-1,-1,-1
208,105285,515,350,80,120,1,-1,-1,-1
208,105286,1309,485,62,154,1,-1,-1,-1
208,105287,1123,332,59,114,1,-1,-1,-1
208,105293,1503,560,94,173,1,-1,-1,-1
208,105295,1329,515,84,164,1,-1,-1,-1
208,105305,1388,997,99,79,1,-1,-1,-1
208,105306,7,505,89,174,1,-1,-1,-1
209,105278,859,406,76,136,1,-1,-1,-1
209,105279,318,428,77,135,1,-1,-1,-1
209,105280,990,531,62,145,1,-1,-1,-1
209,105281,1813,392,74,140,1,-1,-1,-1
209,105282,1332,347,69,107,1,-1,-1,-1
209,105283,1045,339,73,92,1,-1,-1,-1
209,105284,1218,405,70,135,1,-1,-1,-1
209,105285,528,349,80,120,1,-1,-1,-1
209,105286,1329,486,62,152,1,-1,-1,-1
209,105287,1140,330,59,116,1,-1,-1,-1
209,105293,1512,561,94,172,1,-1,-1,-1
209,105295,1338,514,86,166,1,-1,-1,-1
209,105305,1394,992,105,83,1,-1,-1,-1
209,105306,15,503,88,174,1,-1,-1,-1
210,105278,870,406,75,136,1,-1,-1,-1
210,105279,327,424,77,134,1,-1,-1,-1
210,105280,1003,528,63,146,1,-1,-1,-1
210,105281,1827,392,74,140,1,-1,-1,-1
210,105282,1350,343,69,109,1,-1,-1,-1
210,105283,1063,336,75,94,1,-1,-1,-1
210,105284,1228,403,72,136,1,-1,-1,-1
210,105285,540,348,81,120,1,-1,-1,-1
210,105286,1349,486,63,152,1,-1,-1,-1
210,105287,1157,329,59,116,1,-1,-1,-1
210,105293,1522,562,92,170,1,-1,-1,-1
210,105295,1347,513,89,168,1,-1,-1,-1
210,105305,1401,987,109,88,1,-1,-1,-1
210,105306,24,502,87,171,1,-1,-1,-1
211,105278,878,404,75,137,1,-1,-1,-1
211,105279,334,422,76,134,1,-1,-1,-1
211,105280,1016,526,63,145,1,-1,-1,-1
211,105281,1843,392,74,141,1,-1,-1,-1
211,105282,1369,340,70,111,1,-1,-1,-1
211,105283,1071,335,77,94,1,-1,-1,-1
211,105284,1240,400,72,138,1,-1,-1,-1
211,105285,553,347,83,121,1,-1,-1,-1
211,105286,1371,487,64,150,1,-1,-1,-1
211,105287,1176,328,60,116,1,-1,-1,-1
211,105293,1533,563,90,169,1,-1,-1,-1
211,105295,1357,512,91,169,1,-1,-1,-1
211,105305,1408,982,114,93,1,-1,-1,-1
211,105306,34,501,85,170,1,-1,-1,-1
212,105278,888,402,74,137,1,-1,-1,-1
212,105279,341,421,75,134,1,-1,-1,-1
212,105280,1028,524,65,145,1,-1,-1,-1
212,105281,1858,391,72,143,1,-1,-1,-1
212,105282,1384,339,70,111,1,-1,-1,-1
212,105283,1080,334,78,94,1,-1,-1,-1
212,105284,1251,399,72,139,1,-1,-1,-1
212,105285,564,348,83,119,1,-1,-1,-1
212,105286,1384,487,65,150,1,-1,-1,-1
212,105287,1191,327,60,117,1,-1,-1,-1
212,105293,1542,563,89,169,1,-1,-1,-1
212,105295,1364,512,93,170,1,-1,-1,-1
212,105305,1414,980,115,95,1,-1,-1,-1
212,105306,47,499,83,167,1,-1,-1,-1
213,105278,898,399,74,138,1,-1,-1,-1
213,105279,348,419,74,135,1,-1,-1,-1
213,105280,1041,522,65,145,1,-1,-1,-1
213,105281,1872,391,69,145,1,-1,-1,-1
213,105282,1399,340,68,110,1,-1,-1,-1
213,105283,1089,333,78,94,1,-1,-1,-1
213,105284,1263,398,73,139,1,-1,-1,-1
213,105285,575,350,83,117,1,-1,-1,-1
213,105286,1394,488,66,150,1,-1,-1,-1
213,105287,1205,326,61,117,1,-1,-1,-1
213,105293,1550,562,90,172,1,-1,-1,-1
213,105295,1373,514,93,169,1,-1,-1,-1
213,105305,1420,979,115,96,1,-1,-1,-1
213,105306,56,499,80,165,1,-1,-1,-1
214,105278,909,396,74,138,1,-1,-1,-1
214,105279,355,419,73,134,1,-1,-1,-1
214,105280,1054,519,65,146,1,-1,-1,-1
214,105282,1413,340,67,110,1,-1,-1,-1
214,105283,1098,333,79,94,1,-1,-1,-1
214,105284,1276,398,72,138,1,-1,-1,-1
214,105285,586,352,83,116,1,-1,-1,-1
214,105286,1403,489,68,150,1,-1,-1,-1
214,105287,1219,326,61,117,1,-1,-1,-1
214,105293,1558,560,91,174,1,-1,-1,-1
214,105295,1382,515,92,168,1,-1,-1,-1
214,105305,1427,979,112,96,1,-1,-1,-1
214,105306,65,499,79,164,1,-1,-1,-1
215,105278,919,393,74,139,1,-1,-1,-1
215,105279,362,418,73,134,1,-1,-1,-1
215,105280,1067,517,66,145,1,-1,-1,-1
215,105282,1432,340,66,109,1,-1,-1,-1
215,105283,1111,332,79,95,1,-1,-1,-1
215,105284,1289,397,71,138,1,-1,-1,-1
215,105285,596,354,84,114,1,-1,-1,-1
215,105286,1412,490,69,150,1,-1,-1,-1
215,105287,1233,325,61,117,1,-1,-1,-1
215,105293,1566,559,92,176,1,-1,-1,-1
215,105295,1397,517,90,166,1,-1,-1,-1
215,105305,1433,979,111,96,1,-1,-1,-1
215,105306,74,499,79,162,1,-1,-1,-1
215,105307,1912,469,7,27,1,-1,-1,-1
216,105278,931,389,74,139,1,-1,-1,-1
216,105279,370,417,71,134,1,-1,-1,-1
216,105280,1080,515,67,145,1,-1,-1,-1
216,105282,1442,339,65,110,1,-1,-1,-1
216,105283,1116,332,80,94,1,-1,-1,-1
216,105284,1304,397,69,137,1,-1,-1,-1
216,105285,608,356,83,112,1,-1,-1,-1
216,105286,1421,490,70,150,1,-1,-1,-1
216,105287,1248,324,62,117,1,-1,-1,-1
216,105293,1573,558,94,179,1,-1,-1,-1
216,105295,1403,518,89,166,1,-1,-1,-1
216,105305,1439,979,109,96,1,-1,-1,-1
216,105306,84,499,79,161,1,-1,-1,-1
217,105278,938,388,74,139,1,-1,-1,-1
217,105279,376,416,71,133,1,-1,-1,-1
217,105280,1094,512,66,146,1,-1,-1,-1
217,105282,1454,338,65,111,1,-1,-1,-1
217,105283,1121,332,79,95,1,-1,-1,-1
217,105284,1314,396,68,137,1,-1,-1,-1
217,105285,619,357,84,111,1,-1,-1,-1
217,105286,1434,488,71,151,1,-1,-1,-1
217,105287,1259,324,62,116,1,-1,-1,-1
217,105293,1578,557,95,181,1,-1,-1,-1
217,105295,1410,518,89,167,1,-1,-1,-1
217,105305,1441,978,109,97,1,-1,-1,-1
217,105306,98,498,81,158,1,-1,-1,-1
218,105278,946,388,72,139,1,-1,-1,-1
218,105279,382,415,70,133,1,-1,-1,-1
218,105280,1106,510,68,146,1,-1,-1,-1
218,105282,1466,336,65,112,1,-1,-1,-1
218,105283,1125,332,79,96,1,-1,-1,-1
218,105284,1324,394,68,139,1,-1,-1,-1
218,105285,632,357,84,110,1,-1,-1,-1
218,105286,1448,484,72,153,1,-1,-1,-1
218,105287,1270,323,63,116,1,-1,-1,-1
218,105293,1582,557,95,181,1,-1,-1,-1
218,105295,1417,518,90,169,1,-1,-1,-1
218,105305,1441,975,110,100,1,-1,-1,-1
218,105306,103,498,83,157,1,-1,-1,-1
219,105278,954,388,71,139,1,-1,-1,-1
219,105279,388,414,71,133,1,-1,-1,-1
219,105280,1119,508,68,145,1,-1,-1,-1
219,105282,1478,334,66,113,1,-1,-1,-1
219,105283,1130,332,78,96,1,-1,-1,-1
219,105284,1333,391,68,141,1,-1,-1,-1
219,105285,646,358,83,108,1,-1,-1,-1
219,105286,1464,480,72,154,1,-1,-1,-1
219,105287,1281,322,63,116,1,-1,-1,-1
219,105293,1586,557,94,182,1,-1,-1,-1
219,105295,1425,517,92,171,1,-1,-1,-1
219,105305,1441,972,110,103,1,-1,-1,-1
219,105306,106,498,86,157,1,-1,-1,-1
220,105278,960,388,70,139,1,-1,-1,-1
220,105279,394,413,71,132,1,-1,-1,-1
220,105280,1132,505,69,146,1,-1,-1,-1
220,105282,1491,332,66,114,1,-1,-1,-1
220,105283,1135,332,77,97,1,-1,-1,-1
220,105284,1347,388,69,143,1,-1,-1,-1
220,105285,659,358,82,108,1,-1,-1,-1
220,105286,1489,474,73,156,1,-1,-1,-1
220,105287,1292,320,62,117,1,-1,-1,-1
220,105293,1590,556,93,183,1,-1,-1,-1
220,105295,1433,516,93,174,1,-1,-1,-1
220,105305,1440,969,111,106,1,-1,-1,-1
220,105306,109,496,87,158,1,-1,-1,-1
221,105278,968,387,68,139,1,-1,-1,-1
221,105279,400,411,70,133,1,-1,-1,-1
221,105280,1145,503,69,146,1,-1,-1,-1
221,105282,1504,329,67,116,1,-1,-1,-1
221,105283,1136,331,76,98,1,-1,-1,-1
221,105284,1353,386,69,144,1,-1,-1,-1
221,105285,674,359,80,106,1,-1,-1,-1
221,105286,1499,472,73,157,1,-1,-1,-1
221,105287,1305,319,61,117,1,-1,-1,-1
221,105293,1594,556,93,183,1,-1,-1,-1
221,105295,1441,515,96,177,1,-1,-1,-1
221,105305,1439,965,113,110,1,-1,-1,-1
221,105306,113,495,88,157,1,-1,-1,-1
222,105278,973,387,65,137,1,-1,-1,-1
222,105279,403,410,70,132,1,-1,-1,-1
222,105280,1150,500,70,147,1,-1,-1,-1
222,105282,1509,327,68,117,1,-1,-1,-1
222,105283,1136,330,76,100,1,-1,-1,-1
222,105284,1357,386,69,143,1,-1,-1,-1
222,105285,683,357,80,107,1,-1,-1,-1
222,105286,1507,470,72,157,1,-1,-1,-1
222,105287,1308,318,61,116,1,-1,-1,-1
222,105293,1597,556,92,182,1,-1,-1,-1
222,105295,1444,515,97,178,1,-1,-1,-1
222,105305,1439,964,112,111,1,-1,-1,-1
222,105306,117,494,88,157,1,-1,-1,-1
223,105278,977,387,63,134,1,-1,-1,-1
223,105279,405,407,70,132,1,-1,-1,-1
223,105280,1153,497,71,149,1,-1,-1,-1
223,105282,1512,324,69,119,1,-1,-1,-1
223,105283,1135,328,76,103,1,-1,-1,-1
223,105284,1362,386,67,141,1,-1,-1,-1
223,105285,690,355,79,108,1,-1,-1,-1
223,105286,1514,468,72,158,1,-1,-1,-1
223,105287,1308,315,61,116,1,-1,-1,-1
223,105293,1600,555,90,182,1,-1,-1,-1
223,105295,1444,515,96,178,1,-1,-1,-1
223,105305,1439,963,110,112,1,-1,-1,-1
223,105306,122,493,87,157,1,-1,-1,-1
224,105278,981,387,61,131,1,-1,-1,-1
224,105279,407,404,69,132,1,-1,-1,-1
224,105280,1155,493,72,151,1,-1,-1,-1
224,105282,1514,321,69,121,1,-1,-1,-1
224,105283,1134,326,76,105,1,-1,-1,-1
224,105284,1366,385,67,139,1,-1,-1,-1
224,105285,697,353,78,109,1,-1,-1,-1
224,105286,1522,467,70,157,1,-1,-1,-1
224,105287,1306,312,60,117,1,-1,-1,-1
224,105293,1602,554,91,182,1,-1,-1,-1
224,105295,1443,514,96,180,1,-1,-1,-1
224,105305,1438,962,110,113,1,-1,-1,-1
224,105306,126,491,86,158,1,-1,-1,-1
225,105278,985,387,59,128,1,-1,-1,-1
225,105279,409,401,68,132,1,-1,-1,-1
225,105280,1156,490,73,154,1,-1,-1,-1
225,105282,1516,318,70,122,1,-1,-1,-1
225,105283,1133,324,76,108,1,-1,-1,-1
225,105284,1374,385,65,136,1,-1,-1,-1
225,105285,703,351,78,110,1,-1,-1,-1
225,105286,1534,464,69,157,1,-1,-1,-1
225,105287,1303,309,60,117,1,-1,-1,-1
225,105293,1604,553,91,181,1,-1,-1,-1
225,105295,1443,514,94,180,1,-1,-1,-1
225,105305,1437,961,110,115,1,-1,-1,-1
225,105306,132,490,84,158,1,-1,-1,-1
226,105278,988,387,58,124,1,-1,-1,-1
226,105279,411,398,66,132,1,-1,-1,-1
226,105280,1158,486,74,157,1,-1,-1,-1
226,105282,1518,315,70,124,1,-1,-1,-1
226,105283,1130,322,78,111,1,-1,-1,-1
226,105284,1376,385,65,134,1,-1,-1,-1
226,105285,710,349,77,112,1,-1,-1,-1
226,105286,1539,463,67,157,1,-1,-1,-1
226,105287,1301,306,60,118,1,-1,-1,-1
226,105293,1607,551,92,181,1,-1,-1,-1
226,105295,1441,514,92,180,1,-1,-1,-1
226,105305,1435,960,109,116,1,-1,-1,-1
226,105306,137,489,82,158,1,-1,-1,-1
227,105278,987,385,59,125,1,-1,-1,-1
227,105279,407,396,65,132,1,-1,-1,-1
227,105280,1157,483,73,157,1,-1,-1,-1
227,105282,1514,314,70,124,1,-1,-1,-1
227,105283,1125,320,78,113,1,-1,-1,-1
227,105284,1373,383,64,134,1,-1,-1,-1
227,105285,712,348,76,112,1,-1,-1,-1
227,105286,1539,460,66,157,1,-1,-1,-1
227,105287,1298,304,60,118,1,-1,-1,-1
227,105293,1604,550,93,180,1,-1,-1,-1
227,105295,1436,514,90,179,1,-1,-1,-1
227,105305,1427,957,111,119,1,-1,-1,-1
227,105306,136,489,80,157,1,-1,-1,-1
228,105278,984,382,59,126,1,-1,-1,-1
228,105279,400,396,65,129,1,-1,-1,-1
228,105280,1153,482,73,156,1,-1,-1,-1
228,105282,1508,313,69,123,1,-1,-1,-1
228,105283,1116,318,78,114,1,-1,-1,-1
228,105284,1368,381,63,134,1,-1,-1,-1
228,105285,712,346,75,112,1,-1,-1,-1
228,105286,1538,457,65,157,1,-1,-1,-1
228,105287,1295,301,60,119,1,-1,-1,-1
228,105293,1594,549,94,181,1,-1,-1,-1
228,105295,1429,513,91,179,1,-1,-1,-1
228,105305,1417,953,112,123,1,-1,-1,-1
228,105306,133,489,77,156,1,-1,-1,-1
229,105278,980,378,61,129,1,-1,-1,-1
229,105279,391,396,65,128,1,-1,-1,-1
229,105280,1149,480,72,154,1,-1,-1,-1
229,105282,1501,312,68,122,1,-1,-1,-1
229,105283,1105,315,78,115,1,-1,-1,-1
229,105284,1362,378,63,134,1,-1,-1,-1
229,105285,711,344,74,112,1,-1,-1,-1
229,105286,1536,453,65,158,1,-1,-1,-1
229,105287,1293,298,59,119,1,-1,-1,-1
229,105293,1582,547,94,181,1,-1,-1,-1
229,105295,1421,512,91,179,1,-1,-1,-1
229,105305,1405,950,115,126,1,-1,-1,-1
229,105306,129,489,76,155,1,-1,-1,-1
230,105278,976,374,63,133,1,-1,-1,-1
230,105279,382,396,65,126,1,-1,-1,-1
230,105280,1144,478,69,151,1,-1,-1,-1
230,105282,1494,312,66,121,1,-1,-1,-1
230,105283,1094,313,79,115,1,-1,-1,-1
230,105284,1354,374,62,134,1,-1,-1,-1
230,105285,710,342,73,112,1,-1,-1,-1
230,105286,1534,450,64,157,1,-1,-1,-1
230,105287,1290,295,59,120,1,-1,-1,-1
230,105293,1570,545,93,182,1,-1,-1,-1
230,105295,1412,512,93,179,1,-1,-1,-1
230,105305,1386,944,119,131,1,-1,-1,-1
230,105306,123,489,75,153,1,-1,-1,-1
231,105278,972,371,64,134,1,-1,-1,-1
231,105279,372,395,67,125,1,-1,-1,-1
231,105280,1141,477,68,150,1,-1,-1,-1
231,105282,1486,311,65,120,1,-1,-1,-1
231,105283,1082,310,80,116,1,-1,-1,-1
231,105284,1350,372,61,134,1,-1,-1,-1
231,105285,709,341,73,112,1,-1,-1,-1
231,105286,1532,447,63,157,1,-1,-1,-1
231,105287,1287,292,59,120,1,-1,-1,-1
231,105293,1557,543,91,182,1,-1,-1,-1
231,105295,1403,511,94,179,1,-1,-1,-1
231,105305,1379,941,119,134,1,-1,-1,-1
231,105306,118,489,74,152,1,-1,-1,-1
232,105278,970,367,64,135,1,-1,-1,-1
232,105279,365,394,68,124,1,-1,-1,-1
232,105280,1136,474,67,150,1,-1,-1,-1
232,105282,1481,310,64,120,1,-1,-1,-1
232,105283,1069,309,79,117,1,-1,-1,-1
232,105284,1343,372,61,134,1,-1,-1,-1
232,105285,710,339,73,113,1,-1,-1,-1
232,105286,1529,443,63,157,1,-1,-1,-1
232,105287,1282,290,59,120,1,-1,-1,-1
232,105293,1547,542,91,182,1,-1,-1,-1
232,105295,1392,510,95,179,1,-1,-1,-1
232,105305,1368,939,119,136,1,-1,-1,-1
232,105306,114,488,75,153,1,-1,-1,-1
233,105278,970,362,63,137,1,-1,-1,-1
233,105279,359,393,69,123,1,-1,-1,-1
233,105280,1130,470,67,150,1,-1,-1,-1
233,105282,1476,308,65,120,1,-1,-1,-1
233,105283,1054,308,79,117,1,-1,-1,-1
233,105284,1335,371,61,135,1,-1,-1,-1
233,105285,711,337,72,113,1,-1,-1,-1
233,105286,1526,440,62,157,1,-1,-1,-1
233,105287,1275,288,58,121,1,-1,-1,-1
233,105293,1537,542,91,182,1,-1,-1,-1
233,105295,1380,509,95,180,1,-1,-1,-1
233,105305,1355,937,119,138,1,-1,-1,-1
233,105306,111,487,75,155,1,-1,-1,-1
234,105278,970,358,62,136,1,-1,-1,-1
234,105279,354,391,69,123,1,-1,-1,-1
234,105280,1124,467,67,150,1,-1,-1,-1
234,105282,1472,306,65,121,1,-1,-1,-1
234,105283,1040,308,78,117,1,-1,-1,-1
234,105284,1325,370,62,135,1,-1,-1,-1
234,105285,712,334,71,114,1,-1,-1,-1
234,105286,1523,436,62,157,1,-1,-1,-1
234,105287,1267,286,57,121,1,-1,-1,-1
234,105293,1528,542,91,181,1,-1,-1,-1
234,105295,1368,508,95,180,1,-1,-1,-1
234,105305,1343,935,117,140,1,-1,-1,-1
234,105306,107,487,77,157,1,-1,-1,-1
235,105278,970,355,61,135,1,-1,-1,-1
235,105279,348,389,69,123,1,-1,-1,-1
235,105280,1118,463,66,150,1,-1,-1,-1
235,105282,1464,302,67,123,1,-1,-1,-1
235,105283,1025,307,77,118,1,-1,-1,-1
235,105284,1316,369,62,135,1,-1,-1,-1
235,105285,713,332,71,114,1,-1,-1,-1
235,105286,1520,432,62,157,1,-1,-1,-1
235,105287,1258,285,58,121,1,-1,-1,-1
235,105293,1513,542,92,181,1,-1,-1,-1
235,105295,1355,507,95,180,1,-1,-1,-1
235,105305,1322,932,116,143,1,-1,-1,-1
235,105306,105,486,77,160,1,-1,-1,-1
236,105278,970,350,59,136,1,-1,-1,-1
236,105279,342,387,70,123,1,-1,-1,-1
236,105280,1111,459,66,150,1,-1,-1,-1
236,105282,1459,301,68,123,1,-1,-1,-1
236,105283,1011,307,75,118,1,-1,-1,-1
236,105284,1306,368,63,135,1,-1,-1,-1
236,105285,715,329,70,115,1,-1,-1,-1
236,105286,1516,427,62,158,1,-1,-1,-1
236,105287,1250,283,58,121,1,-1,-1,-1
236,105293,1507,542,93,180,1,-1,-1,-1
236,105295,1342,505,93,181,1,-1,-1,-1
236,105305,1314,931,114,144,1,-1,-1,-1
236,105306,101,484,78,164,1,-1,-1,-1
237,105278,969,349,58,134,1,-1,-1,-1
237,105279,339,385,70,124,1,-1,-1,-1
237,105280,1107,456,66,152,1,-1,-1,-1
237,105282,1452,299,68,124,1,-1,-1,-1
237,105283,997,307,73,118,1,-1,-1,-1
237,105284,1300,368,64,136,1,-1,-1,-1
237,105285,717,328,69,115,1,-1,-1,-1
237,105286,1513,426,61,157,1,-1,-1,-1
237,105287,1242,281,58,122,1,-1,-1,-1
237,105293,1495,541,95,182,1,-1,-1,-1
237,105295,1333,504,92,182,1,-1,-1,-1
237,105305,1304,928,113,147,1,-1,-1,-1
237,105306,100,484,78,165,1,-1,-1,-1
238,105278,969,349,56,133,1,-1,-1,-1
238,105279,336,384,71,125,1,-1,-1,-1
238,105280,1105,455,66,153,1,-1,-1,-1
238,105282,1444,298,68,123,1,-1,-1,-1
238,105283,983,307,71,118,1,-1,-1,-1
238,105284,1296,367,65,137,1,-1,-1,-1
238,105285,719,328,69,115,1,-1,-1,-1
238,105286,1508,425,62,157,1,-1,-1,-1
238,105287,1234,280,58,122,1,-1,-1,-1
238,105293,1482,541,96,183,1,-1,-1,-1
238,105295,1323,504,93,182,1,-1,-1,-1
238,105305,1292,926,113,150,1,-1,-1,-1
238,105306,98,485,79,166,1,-1,-1,-1
239,105278,967,349,55,131,1,-1,-1,-1
239,105279,333,382,72,127,1,-1,-1,-1
239,105280,1103,453,67,155,1,-1,-1,-1
239,105282,1436,296,67,123,1,-1,-1,-1
239,105283,969,307,69,118,1,-1,-1,-1
239,105284,1293,366,65,138,1,-1,-1,-1
239,105285,720,328,70,116,1,-1,-1,-1
239,105286,1504,424,61,157,1,-1,-1,-1
239,105287,1226,278,57,123,1,-1,-1,-1
239,105293,1468,539,96,184,1,-1,-1,-1
239,105295,1313,504,94,183,1,-1,-1,-1
239,105305,1280,924,112,152,1,-1,-1,-1
239,105306,97,486,79,168,1,-1,-1,-1
240,105278,966,350,55,130,1,-1,-1,-1
240,105279,330,381,73,128,1,-1,-1,-1
240,105280,1100,452,68,158,1,-1,-1,-1
240,105282,1423,293,65,123,1,-1,-1,-1
240,105283,947,308,68,118,1,-1,-1,-1
240,105284,1290,365,65,139,1,-1,-1,-1
240,105285,722,328,70,116,1,-1,-1,-1
240,105286,1499,423,61,157,1,-1,-1,-1
240,105287,1218,277,58,122,1,-1,-1,-1
240,105293,1446,537,96,188,1,-1,-1,-1
240,105295,1298,504,96,185,1,-1,-1,-1
240,105305,1260,919,114,159,1,-1,-1,-1
240,105306,96,488,80,170,1,-1,-1,-1
241,105278,964,350,54,128,1,-1,-1,-1
241,105279,328,379,74,130,1,-1,-1,-1
241,105280,1098,450,68,160,1,-1,-1,-1
241,105282,1418,292,63,123,1,-1,-1,-1
241,105283,938,307,66,119,1,-1,-1,-1
241,105284,1288,364,64,139,1,-1,-1,-1
241,105285,724,328,71,116,1,-1,-1,-1
241,105286,1494,423,61,157,1,-1,-1,-1
241,105287,1209,275,58,123,1,-1,-1,-1
241,105293,1439,536,94,189,1,-1,-1,-1
241,105295,1291,504,98,185,1,-1,-1,-1
241,105305,1254,918,112,160,1,-1,-1,-1
241,105306,95,489,80,170,1,-1,-1,-1
242,105278,963,353,53,125,1,-1,-1,-1
242,105279,327,377,74,131,1,-1,-1,-1
242,105280,1094,449,68,160,1,-1,-1,-1
242,105282,1410,291,62,123,1,-1,-1,-1
242,105283,928,307,66,119,1,-1,-1,-1
242,105284,1284,363,64,140,1,-1,-1,-1
242,105285,724,328,71,116,1,-1,-1,-1
242,105286,1490,421,60,156,1,-1,-1,-1
242,105287,1202,274,58,123,1,-1,-1,-1
242,105293,1430,536,93,188,1,-1,-1,-1
242,105295,1281,504,99,185,1,-1,-1,-1
242,105305,1245,917,111,162,1,-1,-1,-1
242,105306,95,489,80,171,1,-1,-1,-1
243,105278,962,356,52,122,1,-1,-1,-1
243,105279,326,377,75,132,1,-1,-1,-1
243,105280,1091,447,67,158,1,-1,-1,-1
243,105282,1402,291,61,123,1,-1,-1,-1
243,105283,920,307,65,120,1,-1,-1,-1
243,105284,1279,362,64,141,1,-1,-1,-1
243,105285,724,328,71,116,1,-1,-1,-1
243,105286,1485,419,59,154,1,-1,-1,-1
243,105287,1194,272,58,122,1,-1,-1,-1
243,105293,1421,536,90,186,1,-1,-1,-1
243,105295,1271,504,99,186,1,-1,-1,-1
243,105305,1234,915,110,164,1,-1,-1,-1
243,105306,94,487,81,173,1,-1,-1,-1
244,105278,960,358,53,120,1,-1,-1,-1
244,105279,325,376,75,132,1,-1,-1,-1
244,105280,1087,445,66,155,1,-1,-1,-1
244,105282,1394,290,60,123,1,-1,-1,-1
244,105283,910,307,66,121,1,-1,-1,-1
244,105284,1273,361,64,142,1,-1,-1,-1
244,105285,724,327,71,116,1,-1,-1,-1
244,105286,1481,417,59,152,1,-1,-1,-1
244,105287,1186,271,58,121,1,-1,-1,-1
244,105293,1411,536,88,183,1,-1,-1,-1
244,105295,1261,504,98,186,1,-1,-1,-1
244,105305,1223,914,109,165,1,-1,-1,-1
244,105306,95,485,79,174,1,-1,-1,-1
245,105278,958,363,52,115,1,-1,-1,-1
245,105279,323,375,77,132,1,-1,-1,-1
245,105280,1084,444,64,152,1,-1,-1,-1
245,105282,1386,290,58,123,1,-1,-1,-1
245,105283,901,307,65,121,1,-1,-1,-1
245,105284,1268,361,63,143,1,-1,-1,-1
245,105285,724,327,69,115,1,-1,-1,-1
245,105286,1477,416,58,149,1,-1,-1,-1
245,105287,1179,270,58,121,1,-1,-1,-1
245,105293,1399,537,86,179,1,-1,-1,-1
245,105295,1251,504,96,187,1,-1,-1,-1
245,105305,1204,912,110,167,1,-1,-1,-1
245,105306,95,482,77,176,1,-1,-1,-1
246,105278,957,365,53,113,1,-1,-1,-1
246,105279,323,374,77,133,1,-1,-1,-1
246,105280,1080,442,62,149,1,-1,-1,-1
246,105282,1377,289,57,123,1,-1,-1,-1
246,105283,892,306,65,122,1,-1,-1,-1
246,105284,1262,360,63,144,1,-1,-1,-1
246,105285,724,327,68,115,1,-1,-1,-1
246,105286,1471,414,57,146,1,-1,-1,-1
246,105287,1172,269,58,119,1,-1,-1,-1
246,105293,1391,536,86,179,1,-1,-1,-1
246,105295,1242,504,94,188,1,-1,-1,-1
246,105305,1198,911,109,168,1,-1,-1,-1
246,105306,96,481,75,177,1,-1,-1,-1
246,105310,693,435,25,15,1,-1,-1,-1
247,105278,955,365,54,113,1,-1,-1,-1
247,105279,323,373,78,135,1,-1,-1,-1
247,105280,1079,440,62,146,1,-1,-1,-1
247,105282,1370,288,56,123,1,-1,-1,-1
247,105283,880,308,65,122,1,-1,-1,-1
247,105284,1258,361,62,143,1,-1,-1,-1
247,105285,725,327,67,115,1,-1,-1,-1
247,105286,1470,412,56,146,1,-1,-1,-1
247,105287,1164,267,59,119,1,-1,-1,-1
247,105293,1383,534,85,180,1,-1,-1,-1
247,105295,1233,505,92,188,1,-1,-1,-1
247,105305,1190,909,110,170,1,-1,-1,-1
247,105306,99,483,74,177,1,-1,-1,-1
248,105278,952,365,55,112,1,-1,-1,-1
248,105279,322,372,80,137,1,-1,-1,-1
248,105280,1080,437,61,145,1,-1,-1,-1
248,105282,1364,287,56,123,1,-1,-1,-1
248,105283,868,311,64,120,1,-1,-1,-1
248,105284,1254,364,62,141,1,-1,-1,-1
248,105285,726,327,67,115,1,-1,-1,-1
248,105286,1467,410,58,148,1,-1,-1,-1
248,105287,1157,266,59,119,1,-1,-1,-1
248,105293,1375,531,85,182,1,-1,-1,-1
248,105295,1226,506,89,188,1,-1,-1,-1
248,105305,1182,907,110,172,1,-1,-1,-1
248,105306,102,486,73,176,1,-1,-1,-1
249,105278,949,365,58,112,1,-1,-1,-1
249,105279,322,371,82,139,1,-1,-1,-1
249,105280,1081,434,60,144,1,-1,-1,-1
249,105282,1358,285,56,124,1,-1,-1,-1
249,105283,855,314,63,118,1,-1,-1,-1
249,105284,1251,367,60,138,1,-1,-1,-1
249,105285,728,327,66,115,1,-1,-1,-1
249,105286,1465,409,59,149,1,-1,-1,-1
249,105287,1149,265,59,117,1,-1,-1,-1
249,105293,1366,529,85,183,1,-1,-1,-1
249,105295,1219,507,87,188,1,-1,-1,-1
249,105305,1174,904,111,175,1,-1,-1,-1
249,105306,106,489,72,175,1,-1,-1,-1
249,105312,1895,366,23,138,1,-1,-1,-1
250,105278,944,365,60,112,1,-1,-1,-1
250,105279,322,370,84,141,1,-1,-1,-1
250,105280,1081,431,60,142,1,-1,-1,-1
250,105282,1350,284,57,123,1,-1,-1,-1
250,105283,843,318,62,117,1,-1,-1,-1
250,105284,1245,371,60,135,1,-1,-1,-1
250,105285,731,327,64,115,1,-1,-1,-1
250,105286,1463,405,60,153,1,-1,-1,-1
250,105287,1138,263,59,116,1,-1,-1,-1
250,105293,1353,526,86,184,1,-1,-1,-1
250,105295,1211,508,85,188,1,-1,-1,-1
250,105305,1162,900,111,179,1,-1,-1,-1
250,105306,110,492,71,175,1,-1,-1,-1
250,105312,1893,362,24,142,1,-1,-1,-1
251,105278,941,364,63,112,1,-1,-1,-1
251,105279,322,369,85,142,1,-1,-1,-1
251,105280,1083,427,59,141,1,-1,-1,-1
251,105282,1346,282,58,124,1,-1,-1,-1
251,105283,828,321,62,115,1,-1,-1,-1
251,105284,1242,373,61,133,1,-1,-1,-1
251,105285,732,327,63,115,1,-1,-1,-1
251,105286,1462,403,60,155,1,-1,-1,-1
251,105287,1133,261,60,116,1,-1,-1,-1
251,105293,1347,524,85,185,1,-1,-1,-1
251,105295,1203,509,84,188,1,-1,-1,-1
251,105305,1158,898,110,181,1,-1,-1,-1
251,105306,114,496,71,174,1,-1,-1,-1
251,105312,1892,360,25,144,1,-1,-1,-1
251,105315,585,448,25,15,1,-1,-1,-1
252,105278,935,362,66,114,1,-1,-1,-1
252,105279,322,367,86,142,1,-1,-1,-1
252,105280,1084,425,60,140,1,-1,-1,-1
252,105282,1343,281,57,122,1,-1,-1,-1
252,105283,819,322,62,114,1,-1,-1,-1
252,105284,1240,371,62,133,1,-1,-1,-1
252,105285,734,325,62,115,1,-1,-1,-1
252,105286,1462,401,61,154,1,-1,-1,-1
252,105287,1128,259,60,116,1,-1,-1,-1
252,105293,1340,524,85,184,1,-1,-1,-1
252,105295,1195,508,82,187,1,-1,-1,-1
252,105305,1153,894,111,185,1,-1,-1,-1
252,105306,117,497,71,173,1,-1,-1,-1
252,105312,1886,356,26,146,1,-1,-1,-1
253,105278,927,360,69,115,1,-1,-1,-1
253,105279,322,364,86,141,1,-1,-1,-1
253,105280,1087,422,59,140,1,-1,-1,-1
253,105282,1339,280,58,121,1,-1,-1,-1
253,105283,812,322,61,113,1,-1,-1,-1
253,105284,1239,367,62,135,1,-1,-1,-1
253,105285,735,323,61,115,1,-1,-1,-1
253,105286,1462,398,61,153,1,-1,-1,-1
253,105287,1122,257,61,116,1,-1,-1,-1
253,105293,1334,523,83,182,1,-1,-1,-1
253,105295,1186,506,82,185,1,-1,-1,-1
253,105305,1147,890,112,188,1,-1,-1,-1
253,105306,120,497,72,172,1,-1,-1,-1
253,105312,1879,352,27,148,1,-1,-1,-1
254,105278,919,358,73,116,1,-1,-1,-1
254,105279,324,362,84,140,1,-1,-1,-1
254,105280,1089,419,60,140,1,-1,-1,-1
254,105282,1336,279,57,119,1,-1,-1,-1
254,105283,804,322,63,111,1,-1,-1,-1
254,105284,1238,363,63,136,1,-1,-1,-1
254,105285,736,320,61,116,1,-1,-1,-1
254,105286,1462,394,60,151,1,-1,-1,-1
254,105287,1117,254,62,116,1,-1,-1,-1
254,105293,1327,523,81,179,1,-1,-1,-1
254,105295,1177,505,81,184,1,-1,-1,-1
254,105305,1142,885,112,193,1,-1,-1,-1
254,105306,124,496,71,172,1,-1,-1,-1
254,105312,1871,348,29,149,1,-1,-1,-1
255,105278,911,356,76,117,1,-1,-1,-1
255,105279,325,359,83,139,1,-1,-1,-1
255,105280,1092,416,59,140,1,-1,-1,-1
255,105282,1331,277,55,116,1,-1,-1,-1
255,105283,797,321,63,110,1,-1,-1,-1
255,105284,1236,357,65,137,1,-1,-1,-1
255,105285,737,317,61,116,1,-1,-1,-1
255,105286,1462,391,60,150,1,-1,-1,-1
255,105287,1112,251,62,116,1,-1,-1,-1
255,105293,1315,523,80,176,1,-1,-1,-1
255,105295,1168,503,81,182,1,-1,-1,-1
255,105305,1132,876,115,202,1,-1,-1,-1
255,105306,130,495,70,170,1,-1,-1,-1
255,105312,1857,342,34,152,1,-1,-1,-1
256,105278,901,353,79,117,1,-1,-1,-1
256,105279,327,356,80,137,1,-1,-1,-1
256,105280,1095,412,59,141,1,-1,-1,-1
256,105282,1329,276,54,115,1,-1,-1,-1
256,105283,791,321,63,108,1,-1,-1,-1
256,105284,1235,354,65,139,1,-1,-1,-1
256,105285,737,314,62,117,1,-1,-1,-1
256,105286,1462,387,59,148,1,-1,-1,-1
256,105287,1107,248,63,117,1,-1,-1,-1
256,105293,1311,522,80,175,1,-1,-1,-1
256,105295,1158,501,82,180,1,-1,-1,-1
256,105305,1129,873,115,205,1,-1,-1,-1
256,105306,133,495,70,169,1,-1,-1,-1
256,105312,1850,340,38,153,1,-1,-1,-1
256,105319,491,453,21,16,1,-1,-1,-1
257,105278,894,350,82,118,1,-1,-1,-1
257,105279,328,353,79,136,1,-1,-1,-1
257,105280,1097,409,60,140,1,-1,-1,-1
257,105282,1326,273,55,115,1,-1,-1,-1
257,105283,786,318,66,110,1,-1,-1,-1
257,105284,1233,349,66,139,1,-1,-1,-1
257,105285,737,310,62,118,1,-1,-1,-1
257,105286,1463,383,60,147,1,-1,-1,-1
257,105287,1102,245,63,117,1,-1,-1,-1
257,105293,1305,518,80,176,1,-1,-1,-1
257,105295,1153,501,82,178,1,-1,-1,-1
257,105305,1125,869,116,208,1,-1,-1,-1
257,105306,136,492,71,170,1,-1,-1,-1
257,105312,1842,337,42,153,1,-1,-1,-1
258,105278,885,347,84,118,1,-1,-1,-1
258,105279,329,350,78,136,1,-1,-1,-1
258,105280,1099,405,59,141,1,-1,-1,-1
258,105282,1322,269,56,115,1,-1,-1,-1
258,105283,783,315,66,112,1,-1,-1,-1
258,105284,1232,343,66,140,1,-1,-1,-1
258,105285,737,306,63,119,1,-1,-1,-1
258,105286,1463,376,60,149,1,-1,-1,-1
258,105287,1097,242,63,117,1,-1,-1,-1
258,105293,1299,513,81,177,1,-1,-1,-1
258,105295,1149,500,82,177,1,-1,-1,-1
258,105305,1122,864,116,213,1,-1,-1,-1
258,105306,140,488,72,172,1,-1,-1,-1
258,105312,1835,334,44,153,1,-1,-1,-1
259,105278,876,344,86,118,1,-1,-1,-1
259,105279,331,347,76,136,1,-1,-1,-1
259,105280,1101,401,59,141,1,-1,-1,-1
259,105282,1318,264,57,116,1,-1,-1,-1
259,105283,780,311,68,114,1,-1,-1,-1
259,105284,1231,336,67,141,1,-1,-1,-1
259,105285,737,301,64,120,1,-1,-1,-1
259,105286,1464,370,60,151,1,-1,-1,-1
259,105287,1092,239,63,117,1,-1,-1,-1
259,105293,1292,508,83,178,1,-1,-1,-1
259,105295,1147,500,82,175,1,-1,-1,-1
259,105305,1119,859,117,218,1,-1,-1,-1
259,105306,144,484,73,174,1,-1,-1,-1
259,105312,1827,331,47,153,1,-1,-1,-1
260,105278,866,340,88,118,1,-1,-1,-1
260,105279,333,343,74,136,1,-1,-1,-1
260,105280,1104,395,60,141,1,-1,-1,-1
260,105282,1311,256,59,118,1,-1,-1,-1
260,105283,775,305,71,118,1,-1,-1,-1
260,105284,1229,330,67,141,1,-1,-1,-1
260,105285,736,296,66,121,1,-1,-1,-1
260,105286,1465,364,60,153,1,-1,-1,-1
260,105287,1083,235,64,116,1,-1,-1,-1
260,105293,1286,502,84,180,1,-1,-1,-1
260,105295,1145,500,81,173,1,-1,-1,-1
260,105305,1115,854,118,224,1,-1,-1,-1
260,105306,148,481,74,176,1,-1,-1,-1
260,105312,1820,328,48,153,1,-1,-1,-1
261,105278,855,336,91,118,1,-1,-1,-1
261,105279,336,339,72,136,1,-1,-1,-1
261,105280,1106,393,59,140,1,-1,-1,-1
261,105282,1308,254,60,117,1,-1,-1,-1
261,105283,774,303,71,119,1,-1,-1,-1
261,105284,1228,323,67,142,1,-1,-1,-1
261,105285,735,290,67,123,1,-1,-1,-1
261,105286,1466,357,60,154,1,-1,-1,-1
261,105287,1080,233,64,117,1,-1,-1,-1
261,105293,1278,496,86,181,1,-1,-1,-1
261,105295,1142,500,81,172,1,-1,-1,-1
261,105305,1110,848,119,230,1,-1,-1,-1
261,105306,153,477,74,178,1,-1,-1,-1
261,105312,1812,325,50,152,1,-1,-1,-1
261,105323,415,447,21,16,1,-1,-1,-1
262,105278,847,333,92,119,1,-1,-1,-1
262,105279,337,337,71,136,1,-1,-1,-1
262,105280,1110,390,58,138,1,-1,-1,-1
262,105282,1304,250,62,118,1,-1,-1,-1
262,105283,775,298,71,120,1,-1,-1,-1
262,105284,1228,319,67,143,1,-1,-1,-1
262,105285,735,287,68,122,1,-1,-1,-1
262,105286,1468,353,60,154,1,-1,-1,-1
262,105287,1079,230,64,117,1,-1,-1,-1
262,105293,1271,493,88,182,1,-1,-1,-1
262,105295,1143,498,81,172,1,-1,-1,-1
262,105305,1109,844,118,234,1,-1,-1,-1
262,105306,158,474,74,179,1,-1,-1,-1
262,105312,1806,322,51,153,1,-1,-1,-1
262,105323,412,444,21,16,1,-1,-1,-1
263,105278,839,331,94,120,1,-1,-1,-1
263,105279,339,335,70,137,1,-1,-1,-1
263,105280,1114,387,57,135,1,-1,-1,-1
263,105282,1301,246,62,118,1,-1,-1,-1
263,105283,776,293,71,120,1,-1,-1,-1
263,105284,1230,317,67,142,1,-1,-1,-1
263,105285,736,284,67,121,1,-1,-1,-1
263,105286,1471,349,58,153,1,-1,-1,-1
263,105287,1079,227,63,116,1,-1,-1,-1
263,105293,1266,490,88,181,1,-1,-1,-1
263,105295,1145,493,82,174,1,-1,-1,-1
263,105305,1108,840,118,238,1,-1,-1,-1
263,105306,164,473,73,178,1,-1,-1,-1
263,105312,1799,319,53,152,1,-1,-1,-1
263,105323,408,441,21,16,1,-1,-1,-1
264,105278,832,328,95,122,1,-1,-1,-1
264,105279,339,333,70,137,1,-1,-1,-1
264,105280,1119,383,56,133,1,-1,-1,-1
264,105282,1298,243,62,118,1,-1,-1,-1
264,105283,778,287,71,121,1,-1,-1,-1
264,105284,1231,315,67,140,1,-1,-1,-1
264,105285,736,281,67,119,1,-1,-1,-1
264,105286,1473,346,58,152,1,-1,-1,-1
264,105287,1079,224,63,116,1,-1,-1,-1
264,105293,1260,487,88,180,1,-1,-1,-1
264,105295,1147,487,83,177,1,-1,-1,-1
264,105305,1107,835,118,242,1,-1,-1,-1
264,105306,171,471,72,179,1,-1,-1,-1
264,105312,1792,315,55,153,1,-1,-1,-1
264,105323,404,439,21,16,1,-1,-1,-1
265,105278,825,325,95,123,1,-1,-1,-1
265,105279,340,331,70,137,1,-1,-1,-1
265,105280,1124,380,56,130,1,-1,-1,-1
265,105282,1295,239,62,118,1,-1,-1,-1
265,105283,780,281,71,123,1,-1,-1,-1
265,105284,1234,313,66,139,1,-1,-1,-1
265,105285,738,276,64,117,1,-1,-1,-1
265,105286,1477,341,57,149,1,-1,-1,-1
265,105287,1078,220,63,116,1,-1,-1,-1
265,105293,1255,484,88,180,1,-1,-1,-1
265,105295,1150,481,85,181,1,-1,-1,-1
265,105305,1107,831,118,245,1,-1,-1,-1
265,105306,177,470,71,179,1,-1,-1,-1
265,105312,1786,312,57,153,1,-1,-1,-1
265,105323,399,434,21,16,1,-1,-1,-1
266,105278,818,323,95,125,1,-1,-1,-1
266,105279,340,329,72,137,1,-1,-1,-1
266,105280,1128,377,55,127,1,-1,-1,-1
266,105282,1291,234,61,118,1,-1,-1,-1
266,105283,782,274,71,124,1,-1,-1,-1
266,105284,1236,311,66,138,1,-1,-1,-1
266,105285,738,274,64,116,1,-1,-1,-1
266,105286,1479,339,56,148,1,-1,-1,-1
266,105287,1078,217,62,116,1,-1,-1,-1
266,105293,1250,481,87,180,1,-1,-1,-1
266,105295,1153,476,86,183,1,-1,-1,-1
266,105305,1107,826,118,249,1,-1,-1,-1
266,105306,184,469,70,177,1,-1,-1,-1
266,105312,1777,307,60,154,1,-1,-1,-1
266,105323,397,432,21,16,1,-1,-1,-1
267,105278,813,320,94,126,1,-1,-1,-1
267,105279,344,328,71,134,1,-1,-1,-1
267,105280,1130,373,55,127,1,-1,-1,-1
267,105282,1290,232,59,117,1,-1,-1,-1
267,105283,785,271,70,124,1,-1,-1,-1
267,105284,1240,308,65,138,1,-1,-1,-1
267,105285,740,271,63,116,1,-1,-1,-1
267,105286,1482,335,57,147,1,-1,-1,-1
267,105287,1078,214,62,116,1,-1,-1,-1
267,105293,1242,478,86,178,1,-1,-1,-1
267,105295,1157,473,86,182,1,-1,-1,-1
267,105305,1109,823,118,252,1,-1,-1,-1
267,105306,190,468,69,177,1,-1,-1,-1
267,105312,1773,305,62,154,1,-1,-1,-1
267,105323,399,431,21,16,1,-1,-1,-1
268,105278,807,317,95,126,1,-1,-1,-1
268,105279,349,328,69,130,1,-1,-1,-1
268,105280,1130,370,55,127,1,-1,-1,-1
268,105282,1289,230,58,116,1,-1,-1,-1
268,105283,789,269,69,123,1,-1,-1,-1
268,105284,1243,303,66,140,1,-1,-1,-1
268,105285,741,266,63,116,1,-1,-1,-1
268,105286,1486,331,56,147,1,-1,-1,-1
268,105287,1077,210,62,116,1,-1,-1,-1
268,105293,1240,477,85,177,1,-1,-1,-1
268,105295,1163,470,84,180,1,-1,-1,-1
268,105305,1113,820,118,255,1,-1,-1,-1
268,105306,198,467,68,176,1,-1,-1,-1
268,105312,1770,303,63,154,1,-1,-1,-1
268,105323,403,431,21,16,1,-1,-1,-1
269,105278,801,314,97,126,1,-1,-1,-1
269,105279,355,327,68,127,1,-1,-1,-1
269,105280,1130,366,56,128,1,-1,-1,-1
269,105282,1289,229,57,115,1,-1,-1,-1
269,105283,793,267,69,123,1,-1,-1,-1
269,105284,1247,299,66,141,1,-1,-1,-1
269,105285,743,262,62,115,1,-1,-1,-1
269,105286,1490,326,57,147,1,-1,-1,-1
269,105287,1077,207,61,115,1,-1,-1,-1
269,105293,1242,475,84,176,1,-1,-1,-1
269,105295,1169,469,83,177,1,-1,-1,-1
269,105305,1118,817,117,258,1,-1,-1,-1
269,105306,206,467,67,174,1,-1,-1,-1
269,105312,1768,301,63,154,1,-1,-1,-1
269,105323,407,430,21,16,1,-1,-1,-1
270,105278,790,309,101,127,1,-1,-1,-1
270,105279,365,326,64,120,1,-1,-1,-1
270,105280,1130,360,55,130,1,-1,-1,-1
270,105282,1289,228,55,114,1,-1,-1,-1
270,105283,797,266,68,123,1,-1,-1,-1
270,105284,1251,295,65,141,1,-1,-1,-1
270,105285,745,255,63,115,1,-1,-1,-1
270,105286,1494,322,57,146,1,-1,-1,-1
270,105287,1077,203,60,115,1,-1,-1,-1
270,105293,1246,474,82,175,1,-1,-1,-1
270,105295,1174,467,82,173,1,-1,-1,-1
270,105305,1122,814,117,261,1,-1,-1,-1
270,105306,213,466,66,173,1,-1,-1,-1
270,105312,1766,298,61,155,1,-1,-1,-1
270,105323,412,429,21,16,1,-1,-1,-1
271,105278,784,307,104,127,1,-1,-1,-1
271,105279,370,325,61,117,1,-1,-1,-1
271,105280,1130,358,55,130,1,-1,-1,-1
271,105282,1289,226,53,113,1,-1,-1,-1
271,105283,802,264,68,123,1,-1,-1,-1
271,105284,1256,290,64,142,1,-1,-1,-1
271,105285,747,252,62,115,1,-1,-1,-1
271,105286,1499,317,57,147,1,-1,-1,-1
271,105287,1077,200,60,115,1,-1,-1,-1
271,105293,1249,472,82,174,1,-1,-1,-1
271,105295,1181,465,80,169,1,-1,-1,-1
271,105305,1127,811,117,264,1,-1,-1,-1
271,105306,222,465,65,172,1,-1,-1,-1
271,105312,1766,297,59,155,1,-1,-1,-1
271,105323,416,428,21,16,1,-1,-1,-1
272,105278,777,307,105,127,1,-1,-1,-1
272,105279,377,324,61,117,1,-1,-1,-1
272,105280,1131,357,54,129,1,-1,-1,-1
272,105282,1289,224,53,112,1,-1,-1,-1
272,105283,808,263,66,122,1,-1,-1,-1
272,105284,1261,287,63,141,1,-1,-1,-1
272,105285,748,248,62,116,1,-1,-1,-1
272,105286,1502,314,57,147,1,-1,-1,-1
272,105287,1076,197,60,114,1,-1,-1,-1
272,105293,1254,471,80,173,1,-1,-1,-1
272,105295,1188,463,82,168,1,-1,-1,-1
272,105305,1130,807,116,265,1,-1,-1,-1
272,105306,228,465,66,171,1,-1,-1,-1
272,105312,1764,296,58,153,1,-1,-1,-1
272,105323,421,427,21,16,1,-1,-1,-1
273,105278,770,307,105,125,1,-1,-1,-1
273,105279,384,323,61,117,1,-1,-1,-1
273,105280,1132,357,54,126,1,-1,-1,-1
273,105282,1290,222,52,111,1,-1,-1,-1
273,105283,814,262,65,120,1,-1,-1,-1
273,105284,1268,285,61,138,1,-1,-1,-1
273,105285,749,245,63,116,1,-1,-1,-1
273,105286,1504,312,57,146,1,-1,-1,-1
273,105287,1076,194,59,114,1,-1,-1,-1
273,105293,1258,470,78,172,1,-1,-1,-1
273,105295,1197,459,82,169,1,-1,-1,-1
273,105305,1132,804,114,263,1,-1,-1,-1
273,105306,235,464,67,172,1,-1,-1,-1
273,105312,1762,295,57,151,1,-1,-1,-1
273,105323,427,426,21,16,1,-1,-1,-1
274,105278,763,308,104,124,1,-1,-1,-1
274,105279,393,322,60,117,1,-1,-1,-1
274,105280,1134,357,53,123,1,-1,-1,-1
274,105282,1292,220,51,111,1,-1,-1,-1
274,105283,822,262,63,117,1,-1,-1,-1
274,105284,1275,283,60,136,1,-1,-1,-1
274,105285,750,242,64,116,1,-1,-1,-1
274,105286,1506,310,57,146,1,-1,-1,-1
274,105287,1076,191,58,114,1,-1,-1,-1
274,105293,1262,468,77,172,1,-1,-1,-1
274,105295,1207,455,82,170,1,-1,-1,-1
274,105305,1134,801,112,262,1,-1,-1,-1
274,105306,242,464,68,172,1,-1,-1,-1
274,105312,1758,293,59,149,1,-1,-1,-1
274,105323,432,425,21,16,1,-1,-1,-1
275,105278,755,308,102,123,1,-1,-1,-1
275,105279,401,321,60,117,1,-1,-1,-1
275,105280,1134,357,53,120,1,-1,-1,-1
275,105282,1292,218,51,111,1,-1,-1,-1
275,105283,829,261,61,114,1,-1,-1,-1
275,105284,1281,281,59,133,1,-1,-1,-1
275,105285,751,238,65,117,1,-1,-1,-1
275,105286,1509,306,57,147,1,-1,-1,-1
275,105287,1075,188,57,114,1,-1,-1,-1
275,105293,1269,466,75,171,1,-1,-1,-1
275,105295,1217,451,82,171,1,-1,-1,-1
275,105305,1135,795,110,261,1,-1,-1,-1
275,105306,250,464,68,173,1,-1,-1,-1
275,105312,1754,292,60,147,1,-1,-1,-1
275,105323,437,424,21,16,1,-1,-1,-1
276,105278,748,309,99,122,1,-1,-1,-1
276,105279,410,320,61,117,1,-1,-1,-1
276,105280,1135,357,54,117,1,-1,-1,-1
276,105282,1293,216,51,110,1,-1,-1,-1
276,105283,837,260,59,112,1,-1,-1,-1
276,105284,1288,279,58,130,1,-1,-1,-1
276,105285,751,236,66,116,1,-1,-1,-1
276,105286,1511,305,56,146,1,-1,-1,-1
276,105287,1075,186,55,112,1,-1,-1,-1
276,105293,1272,465,73,170,1,-1,-1,-1
276,105295,1228,446,82,173,1,-1,-1,-1
276,105305,1137,793,107,259,1,-1,-1,-1
276,105306,257,463,70,173,1,-1,-1,-1
276,105312,1749,290,62,145,1,-1,-1,-1
276,105323,443,422,21,16,1,-1,-1,-1
277,105278,743,308,98,122,1,-1,-1,-1
277,105279,417,320,60,115,1,-1,-1,-1
277,105280,1136,355,56,118,1,-1,-1,-1
277,105282,1294,215,50,110,1,-1,-1,-1
277,105283,844,257,59,111,1,-1,-1,-1
277,105284,1293,277,57,128,1,-1,-1,-1
277,105285,751,234,66,114,1,-1,-1,-1
277,105286,1513,302,56,146,1,-1,-1,-1
277,105287,1075,183,55,112,1,-1,-1,-1
277,105293,1277,461,72,170,1,-1,-1,-1
277,105295,1235,444,81,172,1,-1,-1,-1
277,105305,1137,790,106,258,1,-1,-1,-1
277,105306,264,463,70,173,1,-1,-1,-1
277,105312,1746,288,64,144,1,-1,-1,-1
277,105323,446,421,21,16,1,-1,-1,-1
278,105278,739,305,97,125,1,-1,-1,-1
278,105279,422,319,60,114,1,-1,-1,-1
278,105280,1138,351,57,120,1,-1,-1,-1
278,105282,1294,213,51,110,1,-1,-1,-1
278,105283,852,253,59,112,1,-1,-1,-1
278,105284,1296,275,58,127,1,-1,-1,-1
278,105285,751,231,64,111,1,-1,-1,-1
278,105286,1515,299,56,146,1,-1,-1,-1
278,105287,1076,181,53,111,1,-1,-1,-1
278,105293,1283,455,71,171,1,-1,-1,-1
278,105295,1241,442,80,170,1,-1,-1,-1
278,105305,1137,786,105,256,1,-1,-1,-1
278,105306,270,463,72,173,1,-1,-1,-1
278,105312,1743,285,67,147,1,-1,-1,-1
278,105323,449,420,21,16,1,-1,-1,-1
279,105278,734,302,98,129,1,-1,-1,-1
279,105279,428,318,60,113,1,-1,-1,-1
279,105280,1139,346,60,123,1,-1,-1,-1
279,105282,1295,211,50,109,1,-1,-1,-1
279,105283,860,249,59,112,1,-1,-1,-1
279,105284,1300,273,56,125,1,-1,-1,-1
279,105285,750,229,64,109,1,-1,-1,-1
279,105286,1517,295,57,145,1,-1,-1,-1
279,105287,1075,178,52,111,1,-1,-1,-1
279,105293,1289,448,71,172,1,-1,-1,-1
279,105295,1247,441,78,168,1,-1,-1,-1
279,105305,1136,783,105,254,1,-1,-1,-1
279,105306,277,463,72,173,1,-1,-1,-1
279,105312,1741,283,69,147,1,-1,-1,-1
279,105323,451,418,21,16,1,-1,-1,-1
280,105278,728,298,99,133,1,-1,-1,-1
280,105279,437,317,60,110,1,-1,-1,-1
280,105280,1141,341,61,126,1,-1,-1,-1
280,105282,1296,209,50,108,1,-1,-1,-1
280,105283,868,244,60,114,1,-1,-1,-1
280,105284,1303,271,56,124,1,-1,-1,-1
280,105285,749,225,63,104,1,-1,-1,-1
280,105286,1520,291,56,144,1,-1,-1,-1
280,105287,1075,174,50,110,1,-1,-1,-1
280,105293,1298,437,71,174,1,-1,-1,-1
280,105295,1256,438,76,165,1,-1,-1,-1
280,105305,1135,780,104,251,1,-1,-1,-1
280,105306,288,463,73,173,1,-1,-1,-1
280,105312,1739,280,71,148,1,-1,-1,-1
280,105323,453,416,21,16,1,-1,-1,-1
281,105278,726,296,97,135,1,-1,-1,-1
281,105279,440,316,60,110,1,-1,-1,-1
281,105280,1143,334,63,130,1,-1,-1,-1
281,105282,1297,206,51,109,1,-1,-1,-1
281,105283,877,239,60,114,1,-1,-1,-1
281,105284,1307,269,55,123,1,-1,-1,-1
281,105285,749,224,62,102,1,-1,-1,-1
281,105286,1522,287,56,144,1,-1,-1,-1
281,105287,1075,172,49,110,1,-1,-1,-1
281,105293,1302,433,70,174,1,-1,-1,-1
281,105295,1259,438,76,163,1,-1,-1,-1
281,105305,1133,776,105,249,1,-1,-1,-1
281,105306,293,462,73,173,1,-1,-1,-1
281,105312,1737,277,72,150,1,-1,-1,-1
281,105323,456,415,21,16,1,-1,-1,-1
282,105278,719,294,95,135,1,-1,-1,-1
282,105279,444,316,60,110,1,-1,-1,-1
282,105280,1144,330,64,132,1,-1,-1,-1
282,105282,1297,203,52,109,1,-1,-1,-1
282,105283,882,236,59,114,1,-1,-1,-1
282,105284,1308,267,55,122,1,-1,-1,-1
282,105285,744,221,63,102,1,-1,-1,-1
282,105286,1520,282,57,143,1,-1,-1,-1
282,105287,1074,169,48,110,1,-1,-1,-1
282,105293,1304,431,69,172,1,-1,-1,-1
282,105295,1265,434,76,163,1,-1,-1,-1
282,105305,1132,772,106,249,1,-1,-1,-1
282,105306,298,462,74,173,1,-1,-1,-1
282,105312,1733,274,73,151,1,-1,-1,-1
282,105323,456,412,21,16,1,-1,-1,-1
283,105278,710,291,93,135,1,-1,-1,-1
283,105279,449,315,61,110,1,-1,-1,-1
283,105280,1144,325,64,134,1,-1,-1,-1
283,105282,1299,200,51,110,1,-1,-1,-1
283,105283,885,233,60,114,1,-1,-1,-1
283,105284,1308,263,55,123,1,-1,-1,-1
283,105285,738,216,64,103,1,-1,-1,-1
283,105286,1515,277,57,143,1,-1,-1,-1
283,105287,1073,167,47,108,1,-1,-1,-1
283,105293,1306,430,69,167,1,-1,-1,-1
283,105295,1273,429,76,162,1,-1,-1,-1
283,105305,1131,769,106,248,1,-1,-1,-1
283,105306,303,460,75,175,1,-1,-1,-1
283,105312,1727,272,74,150,1,-1,-1,-1
283,105323,456,410,21,16,1,-1,-1,-1
284,105278,700,288,91,135,1,-1,-1,-1
284,105279,454,315,61,110,1,-1,-1,-1
284,105280,1144,321,63,135,1,-1,-1,-1
284,105282,1299,197,52,110,1,-1,-1,-1
284,105283,888,229,59,115,1,-1,-1,-1
284,105284,1308,259,55,123,1,-1,-1,-1
284,105285,732,212,65,104,1,-1,-1,-1
284,105286,1510,272,57,143,1,-1,-1,-1
284,105287,1073,164,45,108,1,-1,-1,-1
284,105293,1308,428,68,164,1,-1,-1,-1
284,105295,1281,424,77,161,1,-1,-1,-1
284,105305,1130,766,107,248,1,-1,-1,-1
284,105306,309,459,75,175,1,-1,-1,-1
284,105312,1722,270,74,149,1,-1,-1,-1
284,105323,456,407,21,16,1,-1,-1,-1
285,105278,684,283,89,135,1,-1,-1,-1
285,105279,461,314,61,110,1,-1,-1,-1
285,105280,1144,317,62,136,1,-1,-1,-1
285,105282,1301,195,51,110,1,-1,-1,-1
285,105283,892,226,58,115,1,-1,-1,-1
285,105284,1309,253,54,123,1,-1,-1,-1
285,105285,722,205,67,105,1,-1,-1,-1
285,105286,1505,266,56,143,1,-1,-1,-1
285,105287,1071,161,45,108,1,-1,-1,-1
285,105293,1310,427,69,157,1,-1,-1,-1
285,105295,1293,415,79,161,1,-1,-1,-1
285,105305,1130,762,106,248,1,-1,-1,-1
285,105306,318,456,75,178,1,-1,-1,-1
285,105312,1715,267,75,150,1,-1,-1,-1
285,105323,455,405,21,16,1,-1,-1,-1
285,105324,3,465,26,117,1,-1,-1,-1
286,105278,679,281,87,136,1,-1,-1,-1
286,105279,464,314,61,109,1,-1,-1,-1
286,105280,1143,312,62,137,1,-1,-1,-1
286,105282,1302,192,51,110,1,-1,-1,-1
286,105283,895,222,57,115,1,-1,-1,-1
286,105284,1309,251,54,123,1,-1,-1,-1
286,105285,717,202,68,106,1,-1,-1,-1
286,105286,1499,261,56,143,1,-1,-1,-1
286,105287,1070,158,45,107,1,-1,-1,-1
286,105293,1311,426,70,154,1,-1,-1,-1
286,105295,1297,411,81,162,1,-1,-1,-1
286,105305,1129,759,106,248,1,-1,-1,-1
286,105306,322,455,75,178,1,-1,-1,-1
286,105312,1708,265,76,149,1,-1,-1,-1
286,105323,454,401,21,16,1,-1,-1,-1
286,105324,6,454,29,125,1,-1,-1,-1
287,105278,673,281,85,135,1,-1,-1,-1
287,105279,466,311,61,110,1,-1,-1,-1
287,105280,1142,310,60,137,1,-1,-1,-1
287,105282,1302,189,51,110,1,-1,-1,-1
287,105283,897,219,58,116,1,-1,-1,-1
287,105284,1309,247,54,123,1,-1,-1,-1
287,105285,709,199,68,108,1,-1,-1,-1
287,105286,1495,258,55,142,1,-1,-1,-1
287,105287,1070,155,43,107,1,-1,-1,-1
287,105293,1310,424,72,153,1,-1,-1,-1
287,105295,1305,406,82,161,1,-1,-1,-1
287,105305,1130,754,105,248,1,-1,-1,-1
287,105306,328,454,74,178,1,-1,-1,-1
287,105312,1704,264,75,147,1,-1,-1,-1
287,105323,453,399,21,16,1,-1,-1,-1
287,105324,10,440,32,134,1,-1,-1,-1
288,105278,669,281,82,134,1,-1,-1,-1
288,105279,468,308,61,109,1,-1,-1,-1
288,105280,1140,310,59,136,1,-1,-1,-1
288,105282,1304,186,50,111,1,-1,-1,-1
288,105283,899,216,57,116,1,-1,-1,-1
288,105284,1310,243,54,123,1,-1,-1,-1
288,105285,699,196,69,109,1,-1,-1,-1
288,105286,1490,256,54,142,1,-1,-1,-1
288,105287,1068,152,43,106,1,-1,-1,-1
288,105293,1311,421,73,152,1,-1,-1,-1
288,105295,1313,399,84,162,1,-1,-1,-1
288,105305,1131,750,106,248,1,-1,-1,-1
288,105306,335,452,73,178,1,-1,-1,-1
288,105312,1701,263,74,145,1,-1,-1,-1
288,105323,453,397,21,16,1,-1,-1,-1
288,105324,14,428,35,142,1,-1,-1,-1
289,105278,664,282,81,134,1,-1,-1,-1
289,105279,470,306,60,110,1,-1,-1,-1
289,105280,1138,310,58,135,1,-1,-1,-1
289,105282,1305,183,50,111,1,-1,-1,-1
289,105283,901,213,57,117,1,-1,-1,-1
289,105284,1310,239,55,123,1,-1,-1,-1
289,105285,689,192,69,112,1,-1,-1,-1
289,105286,1486,254,53,141,1,-1,-1,-1
289,105287,1067,149,43,106,1,-1,-1,-1
289,105293,1311,419,75,151,1,-1,-1,-1
289,105295,1322,392,86,163,1,-1,-1,-1
289,105305,1133,745,105,248,1,-1,-1,-1
289,105306,342,450,73,178,1,-1,-1,-1
289,105312,1697,262,74,142,1,-1,-1,-1
289,105323,451,395,21,16,1,-1,-1,-1
289,105324,18,414,38,151,1,-1,-1,-1
290,105278,656,283,79,132,1,-1,-1,-1
290,105279,472,301,60,110,1,-1,-1,-1
290,105280,1136,310,57,134,1,-1,-1,-1
290,105282,1306,181,50,111,1,-1,-1,-1
290,105283,903,210,56,117,1,-1,-1,-1
290,105284,1312,232,54,123,1,-1,-1,-1
290,105285,674,188,71,114,1,-1,-1,-1
290,105286,1479,250,52,141,1,-1,-1,-1
290,105287,1065,144,42,106,1,-1,-1,-1
290,105293,1312,416,77,150,1,-1,-1,-1
290,105295,1332,385,86,163,1,-1,-1,-1
290,105305,1133,740,106,249,1,-1,-1,-1
290,105306,350,449,72,178,1,-1,-1,-1
290,105312,1695,261,72,140,1,-1,-1,-1
290,105323,449,392,21,16,1,-1,-1,-1
290,105324,24,394,44,164,1,-1,-1,-1
291,105278,654,284,77,131,1,-1,-1,-1
291,105279,473,299,60,110,1,-1,-1,-1
291,105280,1134,310,56,132,1,-1,-1,-1
291,105282,1308,178,49,111,1,-1,-1,-1
291,105283,904,207,57,117,1,-1,-1,-1
291,105284,1313,229,55,123,1,-1,-1,-1
291,105285,669,186,69,115,1,-1,-1,-1
291,105286,1477,249,51,140,1,-1,-1,-1
291,105287,1065,142,41,106,1,-1,-1,-1
291,105293,1313,414,79,149,1,-1,-1,-1
291,105295,1342,378,87,163,1,-1,-1,-1
291,105305,1134,735,107,249,1,-1,-1,-1
291,105306,359,446,71,178,1,-1,-1,-1
291,105312,1692,260,70,138,1,-1,-1,-1
291,105323,448,391,21,16,1,-1,-1,-1
291,105324,25,386,49,170,1,-1,-1,-1
292,105278,654,284,75,130,1,-1,-1,-1
292,105279,474,296,60,112,1,-1,-1,-1
292,105280,1136,309,55,133,1,-1,-1,-1
292,105282,1312,176,48,111,1,-1,-1,-1
292,105283,908,205,56,118,1,-1,-1,-1
292,105284,1316,227,55,123,1,-1,-1,-1
292,105285,666,185,69,115,1,-1,-1,-1
292,105286,1476,249,50,139,1,-1,-1,-1
292,105287,1069,141,40,105,1,-1,-1,-1
292,105293,1320,410,81,151,1,-1,-1,-1
292,105295,1354,374,87,164,1,-1,-1,-1
292,105305,1139,733,107,249,1,-1,-1,-1
292,105306,367,445,70,179,1,-1,-1,-1
292,105312,1693,258,70,138,1,-1,-1,-1
292,105323,449,391,21,16,1,-1,-1,-1
292,105324,35,383,52,171,1,-1,-1,-1
293,105278,654,284,73,129,1,-1,-1,-1
293,105279,475,292,61,114,1,-1,-1,-1
293,105280,1138,307,56,134,1,-1,-1,-1
293,105282,1315,175,49,112,1,-1,-1,-1
293,105283,913,204,56,118,1,-1,-1,-1
293,105284,1321,226,56,123,1,-1,-1,-1
293,105285,664,184,67,114,1,-1,-1,-1
293,105286,1475,248,50,139,1,-1,-1,-1
293,105287,1074,140,41,105,1,-1,-1,-1
293,105293,1331,405,82,153,1,-1,-1,-1
293,105295,1367,371,86,164,1,-1,-1,-1
293,105305,1145,733,108,249,1,-1,-1,-1
293,105306,378,446,70,179,1,-1,-1,-1
293,105312,1695,257,70,138,1,-1,-1,-1
293,105323,451,390,21,16,1,-1,-1,-1
293,105324,48,382,55,169,1,-1,-1,-1
294,105278,655,284,71,127,1,-1,-1,-1
294,105279,475,288,63,116,1,-1,-1,-1
294,105280,1142,305,55,136,1,-1,-1,-1
294,105282,1320,175,49,112,1,-1,-1,-1
294,105283,918,203,56,118,1,-1,-1,-1
294,105284,1326,225,56,123,1,-1,-1,-1
294,105285,663,183,65,113,1,-1,-1,-1
294,105286,1474,248,49,137,1,-1,-1,-1
294,105287,1080,139,40,104,1,-1,-1,-1
294,105293,1343,400,82,156,1,-1,-1,-1
294,105295,1380,369,85,163,1,-1,-1,-1
294,105305,1152,733,109,250,1,-1,-1,-1
294,105306,390,447,69,179,1,-1,-1,-1
294,105312,1697,255,71,140,1,-1,-1,-1
294,105323,452,389,21,16,1,-1,-1,-1
294,105324,62,381,58,168,1,-1,-1,-1
295,105278,655,284,69,126,1,-1,-1,-1
295,105279,476,284,65,119,1,-1,-1,-1
295,105280,1147,302,55,137,1,-1,-1,-1
295,105282,1325,175,49,112,1,-1,-1,-1
295,105283,923,202,56,118,1,-1,-1,-1
295,105284,1331,224,56,123,1,-1,-1,-1
295,105285,661,183,64,111,1,-1,-1,-1
295,105286,1474,248,49,136,1,-1,-1,-1
295,105287,1086,138,40,105,1,-1,-1,-1
295,105293,1356,394,81,160,1,-1,-1,-1
295,105295,1403,367,82,161,1,-1,-1,-1
295,105305,1158,733,110,251,1,-1,-1,-1
295,105306,401,448,70,180,1,-1,-1,-1
295,105312,1700,253,71,142,1,-1,-1,-1
295,105323,455,387,21,16,1,-1,-1,-1
295,105324,77,380,60,166,1,-1,-1,-1
296,105278,656,284,67,124,1,-1,-1,-1
296,105279,477,279,66,122,1,-1,-1,-1
296,105280,1150,301,55,138,1,-1,-1,-1
296,105282,1330,175,50,112,1,-1,-1,-1
296,105283,929,200,56,118,1,-1,-1,-1
296,105284,1337,224,55,122,1,-1,-1,-1
296,105285,659,182,62,110,1,-1,-1,-1
296,105286,1474,248,48,134,1,-1,-1,-1
296,105287,1091,137,40,105,1,-1,-1,-1
296,105293,1371,389,79,162,1,-1,-1,-1
296,105295,1412,366,80,161,1,-1,-1,-1
296,105305,1167,733,111,251,1,-1,-1,-1
296,105306,414,450,69,180,1,-1,-1,-1
296,105312,1702,251,73,144,1,-1,-1,-1
296,105323,456,387,21,16,1,-1,-1,-1
296,105324,92,380,64,164,1,-1,-1,-1
297,105278,656,283,67,124,1,-1,-1,-1
297,105279,479,278,67,123,1,-1,-1,-1
297,105280,1155,300,53,139,1,-1,-1,-1
297,105282,1336,175,50,112,1,-1,-1,-1
297,105283,934,200,55,118,1,-1,-1,-1
297,105284,1340,223,57,123,1,-1,-1,-1
297,105285,658,181,60,110,1,-1,-1,-1
297,105286,1475,246,47,134,1,-1,-1,-1
297,105287,1097,136,39,104,1,-1,-1,-1
297,105293,1382,388,77,162,1,-1,-1,-1
297,105295,1426,364,78,161,1,-1,-1,-1
297,105305,1172,733,112,251,1,-1,-1,-1
297,105306,426,451,70,180,1,-1,-1,-1
297,105312,1708,249,74,145,1,-1,-1,-1
297,105323,460,387,21,16,1,-1,-1,-1
297,105324,104,381,66,162,1,-1,-1,-1
298,105278,657,282,66,126,1,-1,-1,-1
298,105279,483,277,68,124,1,-1,-1,-1
298,105280,1160,299,53,139,1,-1,-1,-1
298,105282,1342,175,51,111,1,-1,-1,-1
298,105283,939,199,55,118,1,-1,-1,-1
298,105284,1344,221,57,125,1,-1,-1,-1
298,105285,656,180,60,110,1,-1,-1,-1
298,105286,1478,242,48,136,1,-1,-1,-1
298,105287,1103,135,39,104,1,-1,-1,-1
298,105293,1392,388,74,160,1,-1,-1,-1
298,105295,1440,363,79,159,1,-1,-1,-1
298,105305,1177,732,113,251,1,-1,-1,-1
298,105306,439,452,69,182,1,-1,-1,-1
298,105312,1714,247,76,145,1,-1,-1,-1
298,105323,465,386,21,16,1,-1,-1,-1
298,105324,114,382,69,159,1,-1,-1,-1
299,105278,657,280,67,128,1,-1,-1,-1
299,105279,487,278,68,123,1,-1,-1,-1
299,105280,1166,299,52,140,1,-1,-1,-1
299,105282,1348,175,52,111,1,-1,-1,-1
299,105283,944,198,55,118,1,-1,-1,-1
299,105284,1348,219,57,125,1,-1,-1,-1
299,105285,654,178,60,111,1,-1,-1,-1
299,105286,1481,238,48,137,1,-1,-1,-1
299,105287,1109,134,38,104,1,-1,-1,-1
299,105293,1401,390,72,157,1,-1,-1,-1
299,105295,1455,361,79,159,1,-1,-1,-1
299,105305,1183,731,113,251,1,-1,-1,-1
299,105306,451,454,69,182,1,-1,-1,-1
299,105312,1721,245,79,146,1,-1,-1,-1
299,105323,470,385,21,16,1,-1,-1,-1
299,105324,124,383,71,157,1,-1,-1,-1
300,105278,657,278,67,130,1,-1,-1,-1
300,105279,491,278,69,124,1,-1,-1,-1
300,105280,1171,298,52,141,1,-1,-1,-1
300,105282,1354,175,53,111,1,-1,-1,-1
300,105283,950,197,55,118,1,-1,-1,-1
300,105284,1352,216,57,127,1,-1,-1,-1
300,105285,652,177,60,111,1,-1,-1,-1
300,105286,1484,234,49,138,1,-1,-1,-1
300,105287,1115,133,38,104,1,-1,-1,-1
300,105293,1410,392,70,154,1,-1,-1,-1
300,105295,1475,358,81,158,1,-1,-1,-1
300,105305,1191,730,114,251,1,-1,-1,-1
300,105306,470,456,69,182,1,-1,-1,-1
300,105312,1728,243,82,147,1,-1,-1,-1
300,105323,475,385,21,16,1,-1,-1,-1
300,105324,134,385,74,154,1,-1,-1,-1
301,105278,657,276,68,132,1,-1,-1,-1
301,105279,495,278,70,124,1,-1,-1,-1
301,105280,1176,297,51,141,1,-1,-1,-1
301,105282,1361,174,53,111,1,-1,-1,-1
301,105283,955,197,55,118,1,-1,-1,-1
301,105284,1356,214,58,129,1,-1,-1,-1
301,105285,650,175,60,111,1,-1,-1,-1
301,105286,1489,227,49,140,1,-1,-1,-1
301,105287,1121,131,39,104,1,-1,-1,-1
301,105293,1419,394,68,149,1,-1,-1,-1
301,105295,1487,356,83,159,1,-1,-1,-1
301,105305,1194,730,115,251,1,-1,-1,-1
301,105306,478,456,69,182,1,-1,-1,-1
301,105312,1734,241,87,147,1,-1,-1,-1
301,105323,480,384,21,16,1,-1,-1,-1
301,105324,144,386,77,151,1,-1,-1,-1
302,105278,660,274,67,133,1,-1,-1,-1
302,105279,499,279,70,122,1,-1,-1,-1
302,105280,1181,298,51,141,1,-1,-1,-1
302,105282,1368,174,53,110,1,-1,-1,-1
302,105283,960,196,54,118,1,-1,-1,-1
302,105284,1360,213,58,129,1,-1,-1,-1
302,105285,647,174,61,111,1,-1,-1,-1
302,105286,1492,225,49,140,1,-1,-1,-1
302,105287,1126,131,39,103,1,-1,-1,-1
302,105293,1427,396,66,147,1,-1,-1,-1
302,105295,1500,353,86,161,1,-1,-1,-1
302,105305,1202,729,115,251,1,-1,-1,-1
302,105306,489,459,69,182,1,-1,-1,-1
302,105312,1738,239,90,148,1,-1,-1,-1
302,105323,487,385,21,16,1,-1,-1,-1
302,105324,156,387,79,150,1,-1,-1,-1
303,105278,664,272,66,134,1,-1,-1,-1
303,105279,504,279,70,123,1,-1,-1,-1
303,105280,1186,299,50,140,1,-1,-1,-1
303,105282,1375,173,54,110,1,-1,-1,-1
303,105283,964,195,54,118,1,-1,-1,-1
303,105284,1364,213,57,129,1,-1,-1,-1
303,105285,643,173,61,111,1,-1,-1,-1
303,105286,1495,225,49,139,1,-1,-1,-1
303,105287,1131,130,39,103,1,-1,-1,-1
303,105293,1434,397,65,146,1,-1,-1,-1
303,105295,1515,350,88,163,1,-1,-1,-1
303,105305,1212,728,114,251,1,-1,-1,-1
303,105306,501,461,70,182,1,-1,-1,-1
303,105312,1741,238,92,147,1,-1,-1,-1
303,105324,169,389,80,147,1,-1,-1,-1
304,105278,668,270,66,135,1,-1,-1,-1
304,105279,509,280,69,121,1,-1,-1,-1
304,105280,1190,301,50,139,1,-1,-1,-1
304,105282,1384,173,53,109,1,-1,-1,-1
304,105283,969,195,54,118,1,-1,-1,-1
304,105284,1369,212,57,129,1,-1,-1,-1
304,105285,640,172,61,110,1,-1,-1,-1
304,105286,1499,225,48,137,1,-1,-1,-1
304,105287,1137,129,38,102,1,-1,-1,-1
304,105293,1440,398,64,145,1,-1,-1,-1
304,105295,1530,347,89,165,1,-1,-1,-1
304,105305,1222,728,113,251,1,-1,-1,-1
304,105306,514,463,70,182,1,-1,-1,-1
304,105312,1744,237,94,147,1,-1,-1,-1
304,105324,182,390,82,145,1,-1,-1,-1
305,105278,673,268,65,136,1,-1,-1,-1
305,105279,518,281,66,120,1,-1,-1,-1
305,105280,1195,302,50,138,1,-1,-1,-1
305,105282,1392,172,53,109,1,-1,-1,-1
305,105283,974,194,54,118,1,-1,-1,-1
305,105284,1377,212,56,128,1,-1,-1,-1
305,105285,637,171,60,110,1,-1,-1,-1
305,105286,1505,225,47,134,1,-1,-1,-1
305,105287,1142,128,39,102,1,-1,-1,-1
305,105293,1450,400,63,143,1,-1,-1,-1
305,105295,1555,341,91,170,1,-1,-1,-1
305,105305,1237,727,112,251,1,-1,-1,-1
305,105306,526,465,71,182,1,-1,-1,-1
305,105312,1747,236,96,146,1,-1,-1,-1
305,105324,196,391,82,144,1,-1,-1,-1
306,105278,678,265,64,136,1,-1,-1,-1
306,105279,521,281,65,119,1,-1,-1,-1
306,105280,1199,304,51,136,1,-1,-1,-1
306,105282,1401,171,53,109,1,-1,-1,-1
306,105283,979,194,53,118,1,-1,-1,-1
306,105284,1380,212,55,128,1,-1,-1,-1
306,105285,633,170,59,110,1,-1,-1,-1
306,105286,1506,225,48,134,1,-1,-1,-1
306,105287,1147,127,39,102,1,-1,-1,-1
306,105293,1454,402,62,141,1,-1,-1,-1
306,105295,1566,339,90,171,1,-1,-1,-1
306,105305,1245,726,111,251,1,-1,-1,-1
306,105306,540,467,72,182,1,-1,-1,-1
306,105312,1751,235,97,146,1,-1,-1,-1
306,105324,211,392,81,142,1,-1,-1,-1
306,105325,517,391,21,16,1,-1,-1,-1
307,105278,679,264,64,136,1,-1,-1,-1
307,105279,526,279,64,120,1,-1,-1,-1
307,105280,1202,304,51,136,1,-1,-1,-1
307,105282,1409,170,51,110,1,-1,-1,-1
307,105283,984,193,53,118,1,-1,-1,-1
307,105284,1384,210,54,129,1,-1,-1,-1
307,105285,632,170,58,109,1,-1,-1,-1
307,105286,1509,226,48,132,1,-1,-1,-1
307,105287,1153,126,38,102,1,-1,-1,-1
307,105293,1457,403,62,139,1,-1,-1,-1
307,105295,1579,338,89,172,1,-1,-1,-1
307,105305,1254,726,110,249,1,-1,-1,-1
307,105306,552,468,72,182,1,-1,-1,-1
307,105312,1753,235,98,145,1,-1,-1,-1
307,105324,231,393,81,141,1,-1,-1,-1
308,105278,679,264,64,136,1,-1,-1,-1
308,105279,531,276,64,121,1,-1,-1,-1
308,105280,1202,304,53,135,1,-1,-1,-1
308,105282,1416,170,51,109,1,-1,-1,-1
308,105283,988,192,53,118,1,-1,-1,-1
308,105284,1388,209,53,128,1,-1,-1,-1
308,105285,631,169,58,109,1,-1,-1,-1
308,105286,1512,227,48,129,1,-1,-1,-1
308,105287,1159,125,39,101,1,-1,-1,-1
308,105293,1460,404,62,137,1,-1,-1,-1
308,105295,1593,336,87,172,1,-1,-1,-1
308,105305,1264,726,108,247,1,-1,-1,-1
308,105306,564,469,72,180,1,-1,-1,-1
308,105312,1754,235,98,145,1,-1,-1,-1
308,105324,253,395,81,139,1,-1,-1,-1
309,105278,679,264,65,136,1,-1,-1,-1
309,105279,537,273,64,122,1,-1,-1,-1
309,105280,1204,304,53,134,1,-1,-1,-1
309,105282,1424,170,50,109,1,-1,-1,-1
309,105283,993,192,52,118,1,-1,-1,-1
309,105284,1392,208,52,128,1,-1,-1,-1
309,105285,630,168,58,108,1,-1,-1,-1
309,105286,1514,227,48,128,1,-1,-1,-1
309,105287,1164,124,40,101,1,-1,-1,-1
309,105293,1462,406,62,135,1,-1,-1,-1
309,105295,1607,336,85,171,1,-1,-1,-1
309,105305,1275,726,105,245,1,-1,-1,-1
309,105306,576,470,73,180,1,-1,-1,-1
309,105312,1756,235,97,145,1,-1,-1,-1
309,105324,276,396,81,138,1,-1,-1,-1
310,105278,678,264,66,136,1,-1,-1,-1
310,105279,542,270,64,122,1,-1,-1,-1
310,105280,1204,303,54,134,1,-1,-1,-1
310,105282,1431,169,50,109,1,-1,-1,-1
310,105283,998,191,51,118,1,-1,-1,-1
310,105284,1395,207,52,127,1,-1,-1,-1
310,105285,629,168,58,106,1,-1,-1,-1
310,105286,1517,228,48,125,1,-1,-1,-1
310,105287,1171,123,40,101,1,-1,-1,-1
310,105293,1466,408,62,132,1,-1,-1,-1
310,105295,1621,335,83,171,1,-1,-1,-1
310,105305,1285,726,103,243,1,-1,-1,-1
310,105306,588,471,73,179,1,-1,-1,-1
310,105312,1758,235,96,145,1,-1,-1,-1
310,105324,300,397,80,137,1,-1,-1,-1
311,105278,677,264,68,136,1,-1,-1,-1
311,105279,547,266,65,124,1,-1,-1,-1
311,105280,1206,302,53,133,1,-1,-1,-1
311,105282,1439,169,49,108,1,-1,-1,-1
311,105283,1003,190,51,118,1,-1,-1,-1
311,105284,1399,206,52,126,1,-1,-1,-1
311,105285,628,167,58,105,1,-1,-1,-1
311,105286,1520,229,47,123,1,-1,-1,-1
311,105287,1171,122,40,100,1,-1,-1,-1
311,105293,1466,408,63,131,1,-1,-1,-1
311,105295,1635,335,81,170,1,-1,-1,-1
311,105305,1296,726,102,240,1,-1,-1,-1
311,105306,600,471,74,178,1,-1,-1,-1
311,105312,1759,235,95,144,1,-1,-1,-1
311,105324,325,398,79,136,1,-1,-1,-1
311,105329,586,437,21,16,1,-1,-1,-1
312,105278,675,261,69,136,1,-1,-1,-1
312,105279,549,263,65,124,1,-1,-1,-1
312,105280,1202,301,54,132,1,-1,-1,-1
312,105282,1440,169,49,106,1,-1,-1,-1
312,105283,1002,189,51,118,1,-1,-1,-1
312,105284,1398,204,51,126,1,-1,-1,-1
312,105285,621,165,59,104,1,-1,-1,-1
312,105286,1518,226,49,123,1,-1,-1,-1
312,105287,1167,119,40,100,1,-1,-1,-1
312,105293,1462,408,64,129,1,-1,-1,-1
312,105295,1643,332,78,168,1,-1,-1,-1
312,105305,1302,726,100,236,1,-1,-1,-1
312,105306,609,471,75,177,1,-1,-1,-1
312,105312,1759,232,92,144,1,-1,-1,-1
312,105324,338,396,80,136,1,-1,-1,-1
313,105278,671,256,69,136,1,-1,-1,-1
313,105279,551,259,65,124,1,-1,-1,-1
313,105280,1197,299,54,131,1,-1,-1,-1
313,105282,1440,167,48,105,1,-1,-1,-1
313,105283,998,186,50,118,1,-1,-1,-1
313,105284,1395,201,51,126,1,-1,-1,-1
313,105285,611,162,60,104,1,-1,-1,-1
313,105286,1515,221,49,124,1,-1,-1,-1
313,105287,1163,116,40,99,1,-1,-1,-1
313,105293,1458,407,64,128,1,-1,-1,-1
313,105295,1648,330,76,164,1,-1,-1,-1
313,105305,1306,726,100,231,1,-1,-1,-1
313,105306,616,471,76,176,1,-1,-1,-1
313,105312,1757,229,90,143,1,-1,-1,-1
313,105324,349,394,80,136,1,-1,-1,-1
314,105278,666,251,70,135,1,-1,-1,-1
314,105279,552,255,65,124,1,-1,-1,-1
314,105280,1191,297,54,130,1,-1,-1,-1
314,105282,1438,166,48,102,1,-1,-1,-1
314,105283,993,184,50,117,1,-1,-1,-1
314,105284,1391,198,50,126,1,-1,-1,-1
314,105285,601,159,60,103,1,-1,-1,-1
314,105286,1510,216,50,125,1,-1,-1,-1
314,105287,1157,112,41,100,1,-1,-1,-1
314,105293,1453,406,65,126,1,-1,-1,-1
314,105295,1651,327,74,161,1,-1,-1,-1
314,105305,1309,726,101,226,1,-1,-1,-1
314,105306,622,471,78,175,1,-1,-1,-1
314,105312,1755,224,87,143,1,-1,-1,-1
314,105324,358,392,82,135,1,-1,-1,-1
315,105278,662,246,69,135,1,-1,-1,-1
315,105279,554,249,65,124,1,-1,-1,-1
315,105280,1184,296,55,127,1,-1,-1,-1
315,105282,1436,164,47,101,1,-1,-1,-1
315,105283,988,181,49,117,1,-1,-1,-1
315,105284,1387,195,50,126,1,-1,-1,-1
315,105285,590,155,60,104,1,-1,-1,-1
315,105286,1505,211,52,126,1,-1,-1,-1
315,105287,1151,109,41,100,1,-1,-1,-1
315,105293,1446,405,63,123,1,-1,-1,-1
315,105295,1653,324,74,157,1,-1,-1,-1
315,105305,1312,726,102,221,1,-1,-1,-1
315,105306,627,471,80,174,1,-1,-1,-1
315,105312,1752,220,85,141,1,-1,-1,-1
315,105324,369,387,85,137,1,-1,-1,-1
316,105278,657,240,68,134,1,-1,-1,-1
316,105279,552,243,65,123,1,-1,-1,-1
316,105280,1177,294,55,126,1,-1,-1,-1
316,105282,1434,163,46,99,1,-1,-1,-1
316,105283,982,179,49,116,1,-1,-1,-1
316,105284,1383,192,49,126,1,-1,-1,-1
316,105285,579,152,61,103,1,-1,-1,-1
316,105286,1500,205,53,127,1,-1,-1,-1
316,105287,1146,106,40,100,1,-1,-1,-1
316,105293,1443,405,64,121,1,-1,-1,-1
316,105295,1656,321,72,153,1,-1,-1,-1
316,105305,1313,726,105,216,1,-1,-1,-1
316,105306,633,471,82,173,1,-1,-1,-1
316,105312,1750,215,81,141,1,-1,-1,-1
316,105324,375,386,87,136,1,-1,-1,-1
317,105278,652,237,67,134,1,-1,-1,-1
317,105279,548,239,66,123,1,-1,-1,-1
317,105280,1170,294,55,124,1,-1,-1,-1
317,105282,1431,160,46,99,1,-1,-1,-1
317,105283,977,176,48,115,1,-1,-1,-1
317,105284,1377,190,49,125,1,-1,-1,-1
317,105285,568,148,62,104,1,-1,-1,-1
317,105286,1493,202,54,127,1,-1,-1,-1
317,105287,1140,102,40,100,1,-1,-1,-1
317,105293,1435,404,65,122,1,-1,-1,-1
317,105295,1658,317,72,154,1,-1,-1,-1
317,105305,1312,724,110,214,1,-1,-1,-1
317,105306,637,469,85,173,1,-1,-1,-1
317,105312,1746,213,79,140,1,-1,-1,-1
317,105324,386,384,87,134,1,-1,-1,-1
318,105278,647,234,67,134,1,-1,-1,-1
318,105279,545,235,65,123,1,-1,-1,-1
318,105280,1164,295,55,122,1,-1,-1,-1
318,105282,1425,157,47,99,1,-1,-1,-1
318,105283,971,173,48,115,1,-1,-1,-1
318,105284,1370,188,47,124,1,-1,-1,-1
318,105285,558,145,61,104,1,-1,-1,-1
318,105286,1485,199,54,127,1,-1,-1,-1
318,105287,1134,99,41,100,1,-1,-1,-1
318,105293,1426,403,65,123,1,-1,-1,-1
318,105295,1659,313,73,155,1,-1,-1,-1
318,105305,1309,721,115,215,1,-1,-1,-1
318,105306,640,468,86,173,1,-1,-1,-1
318,105312,1742,211,77,139,1,-1,-1,-1
318,105324,398,383,87,131,1,-1,-1,-1
318,105330,651,486,17,13,1,-1,-1,-1
319,105278,643,232,66,134,1,-1,-1,-1
319,105279,542,231,64,123,1,-1,-1,-1
319,105280,1157,297,55,119,1,-1,-1,-1
319,105282,1420,154,47,99,1,-1,-1,-1
319,105283,966,171,47,114,1,-1,-1,-1
319,105284,1362,186,47,122,1,-1,-1,-1
319,105285,547,141,61,104,1,-1,-1,-1
319,105286,1475,197,56,126,1,-1,-1,-1
319,105287,1129,96,40,100,1,-1,-1,-1
319,105293,1416,402,66,125,1,-1,-1,-1
319,105295,1661,308,74,157,1,-1,-1,-1
319,105305,1307,718,119,217,1,-1,-1,-1
319,105306,642,466,88,173,1,-1,-1,-1
319,105312,1737,210,75,137,1,-1,-1,-1
319,105324,411,381,86,129,1,-1,-1,-1
320,105278,639,230,65,134,1,-1,-1,-1
320,105279,537,225,63,123,1,-1,-1,-1
320,105280,1148,299,53,115,1,-1,-1,-1
320,105282,1413,151,49,98,1,-1,-1,-1
320,105283,957,166,46,113,1,-1,-1,-1
320,105284,1355,184,46,121,1,-1,-1,-1
320,105285,530,136,62,104,1,-1,-1,-1
320,105286,1466,194,56,127,1,-1,-1,-1
320,105287,1123,93,40,99,1,-1,-1,-1
320,105293,1400,400,66,127,1,-1,-1,-1
320,105295,1665,301,73,159,1,-1,-1,-1
320,105305,1305,714,123,218,1,-1,-1,-1
320,105306,646,464,88,173,1,-1,-1,-1
320,105312,1731,208,74,137,1,-1,-1,-1
320,105324,429,380,85,125,1,-1,-1,-1
321,105278,633,228,65,134,1,-1,-1,-1
321,105279,534,222,61,122,1,-1,-1,-1
321,105280,1144,300,53,114,1,-1,-1,-1
321,105282,1407,147,50,99,1,-1,-1,-1
321,105283,953,164,47,113,1,-1,-1,-1
321,105284,1347,183,46,118,1,-1,-1,-1
321,105285,523,134,62,104,1,-1,-1,-1
321,105286,1456,192,56,126,1,-1,-1,-1
321,105287,1118,89,39,99,1,-1,-1,-1
321,105293,1395,400,65,127,1,-1,-1,-1
321,105295,1666,298,73,160,1,-1,-1,-1
321,105305,1302,710,128,220,1,-1,-1,-1
321,105306,649,463,89,173,1,-1,-1,-1
321,105312,1725,207,73,135,1,-1,-1,-1
321,105324,438,378,84,124,1,-1,-1,-1
322,105278,627,227,64,134,1,-1,-1,-1
322,105279,527,220,61,122,1,-1,-1,-1
322,105280,1136,298,54,114,1,-1,-1,-1
322,105282,1401,145,51,98,1,-1,-1,-1
322,105283,944,163,47,113,1,-1,-1,-1
322,105284,1337,181,45,117,1,-1,-1,-1
322,105285,509,131,61,104,1,-1,-1,-1
322,105286,1446,189,57,127,1,-1,-1,-1
322,105287,1111,86,38,99,1,-1,-1,-1
322,105293,1382,398,65,128,1,-1,-1,-1
322,105295,1666,297,71,160,1,-1,-1,-1
322,105305,1301,708,131,221,1,-1,-1,-1
322,105306,650,461,90,174,1,-1,-1,-1
322,105312,1718,205,72,133,1,-1,-1,-1
322,105324,445,377,84,124,1,-1,-1,-1
323,105278,620,225,64,134,1,-1,-1,-1
323,105279,520,219,60,120,1,-1,-1,-1
323,105280,1127,296,54,114,1,-1,-1,-1
323,105282,1395,143,52,98,1,-1,-1,-1
323,105283,934,161,46,113,1,-1,-1,-1
323,105284,1325,179,45,117,1,-1,-1,-1
323,105285,491,129,62,103,1,-1,-1,-1
323,105286,1435,186,57,127,1,-1,-1,-1
323,105287,1102,84,39,99,1,-1,-1,-1
323,105293,1366,397,66,128,1,-1,-1,-1
323,105295,1665,297,70,157,1,-1,-1,-1
323,105305,1301,706,132,221,1,-1,-1,-1
323,105306,651,459,89,173,1,-1,-1,-1
323,105312,1709,203,72,131,1,-1,-1,-1
323,105324,453,376,83,124,1,-1,-1,-1
324,105278,613,224,63,134,1,-1,-1,-1
324,105279,513,217,60,119,1,-1,-1,-1
324,105280,1117,293,55,115,1,-1,-1,-1
324,105282,1390,141,52,97,1,-1,-1,-1
324,105283,922,159,47,113,1,-1,-1,-1
324,105284,1313,178,45,115,1,-1,-1,-1
324,105285,471,126,62,104,1,-1,-1,-1
324,105286,1423,183,58,127,1,-1,-1,-1
324,105287,1094,82,38,99,1,-1,-1,-1
324,105293,1350,396,65,129,1,-1,-1,-1
324,105295,1663,297,71,155,1,-1,-1,-1
324,105305,1301,704,134,222,1,-1,-1,-1
324,105306,651,456,91,175,1,-1,-1,-1
324,105312,1701,202,70,127,1,-1,-1,-1
324,105324,461,375,82,123,1,-1,-1,-1
325,105278,605,222,63,134,1,-1,-1,-1
325,105279,506,215,60,118,1,-1,-1,-1
325,105280,1107,291,56,116,1,-1,-1,-1
325,105282,1381,138,53,97,1,-1,-1,-1
325,105283,911,157,46,113,1,-1,-1,-1
325,105284,1300,176,45,115,1,-1,-1,-1
325,105285,451,123,63,104,1,-1,-1,-1
325,105286,1411,180,58,126,1,-1,-1,-1
325,105287,1086,81,38,98,1,-1,-1,-1
325,105293,1332,394,67,130,1,-1,-1,-1
325,105295,1660,297,71,151,1,-1,-1,-1
325,105305,1302,702,134,222,1,-1,-1,-1
325,105306,652,454,91,175,1,-1,-1,-1
325,105312,1692,200,70,124,1,-1,-1,-1
325,105324,469,373,81,124,1,-1,-1,-1
326,105278,598,220,62,134,1,-1,-1,-1
326,105279,497,213,60,117,1,-1,-1,-1
326,105280,1096,288,57,116,1,-1,-1,-1
326,105282,1377,136,54,98,1,-1,-1,-1
326,105283,899,156,46,113,1,-1,-1,-1
326,105284,1286,175,44,113,1,-1,-1,-1
326,105285,427,120,64,103,1,-1,-1,-1
326,105286,1400,177,58,126,1,-1,-1,-1
326,105287,1077,79,38,98,1,-1,-1,-1
326,105293,1314,393,67,130,1,-1,-1,-1
326,105295,1657,297,73,150,1,-1,-1,-1
326,105305,1304,701,132,222,1,-1,-1,-1
326,105306,652,452,91,176,1,-1,-1,-1
326,105312,1682,198,70,122,1,-1,-1,-1
326,105324,478,372,79,123,1,-1,-1,-1
327,105278,590,219,62,133,1,-1,-1,-1
327,105279,490,210,63,121,1,-1,-1,-1
327,105280,1085,283,58,117,1,-1,-1,-1
327,105282,1372,134,54,99,1,-1,-1,-1
327,105283,887,154,47,113,1,-1,-1,-1
327,105284,1274,173,45,113,1,-1,-1,-1
327,105285,411,118,64,103,1,-1,-1,-1
327,105286,1389,176,58,125,1,-1,-1,-1
327,105287,1068,77,39,98,1,-1,-1,-1
327,105293,1299,392,69,132,1,-1,-1,-1
327,105295,1650,295,74,149,1,-1,-1,-1
327,105305,1303,701,134,222,1,-1,-1,-1
327,105306,651,451,91,176,1,-1,-1,-1
327,105312,1671,196,71,122,1,-1,-1,-1
327,105324,483,371,78,124,1,-1,-1,-1
328,105278,582,218,61,133,1,-1,-1,-1
328,105279,478,208,66,124,1,-1,-1,-1
328,105280,1077,282,58,117,1,-1,-1,-1
328,105282,1366,132,56,100,1,-1,-1,-1
328,105283,876,152,46,113,1,-1,-1,-1
328,105284,1261,172,45,113,1,-1,-1,-1
328,105285,393,117,65,103,1,-1,-1,-1
328,105286,1378,175,57,125,1,-1,-1,-1
328,105287,1059,75,39,98,1,-1,-1,-1
328,105293,1285,391,70,133,1,-1,-1,-1
328,105295,1640,293,75,148,1,-1,-1,-1
328,105305,1301,701,136,223,1,-1,-1,-1
328,105306,650,451,92,175,1,-1,-1,-1
328,105312,1661,194,72,122,1,-1,-1,-1
328,105324,486,371,78,125,1,-1,-1,-1
329,105278,573,217,61,132,1,-1,-1,-1
329,105279,468,207,66,122,1,-1,-1,-1
329,105280,1069,283,58,116,1,-1,-1,-1
329,105282,1360,130,58,101,1,-1,-1,-1
329,105283,864,151,47,112,1,-1,-1,-1
329,105284,1247,171,45,112,1,-1,-1,-1
329,105285,375,117,66,103,1,-1,-1,-1
329,105286,1367,175,57,124,1,-1,-1,-1
329,105287,1050,73,39,98,1,-1,-1,-1
329,105293,1272,391,70,134,1,-1,-1,-1
329,105295,1631,290,75,149,1,-1,-1,-1
329,105305,1298,701,140,223,1,-1,-1,-1
329,105306,648,451,94,175,1,-1,-1,-1
329,105312,1650,193,73,122,1,-1,-1,-1
329,105324,489,371,79,127,1,-1,-1,-1
330,105278,565,215,60,132,1,-1,-1,-1
330,105279,460,206,66,122,1,-1,-1,-1
330,105280,1060,283,59,117,1,-1,-1,-1
330,105282,1351,126,59,104,1,-1,-1,-1
330,105283,852,149,47,113,1,-1,-1,-1
330,105284,1233,169,45,113,1,-1,-1,-1
330,105285,358,116,65,103,1,-1,-1,-1
330,105286,1356,175,56,124,1,-1,-1,-1
330,105287,1036,70,39,97,1,-1,-1,-1
330,105293,1251,390,72,137,1,-1,-1,-1
330,105295,1622,287,75,149,1,-1,-1,-1
330,105305,1293,701,146,225,1,-1,-1,-1
330,105306,646,451,95,175,1,-1,-1,-1
330,105312,1632,190,76,122,1,-1,-1,-1
330,105324,491,371,80,129,1,-1,-1,-1
330,105331,1889,250,27,111,1,-1,-1,-1
331,105278,557,214,58,131,1,-1,-1,-1
331,105279,454,206,65,120,1,-1,-1,-1
331,105280,1051,285,58,116,1,-1,-1,-1
331,105282,1347,125,59,104,1,-1,-1,-1
331,105283,840,147,47,113,1,-1,-1,-1
331,105284,1218,168,46,113,1,-1,-1,-1
331,105285,340,116,66,103,1,-1,-1,-1
331,105286,1345,176,54,122,1,-1,-1,-1
331,105287,1031,69,39,97,1,-1,-1,-1
331,105293,1237,391,73,138,1,-1,-1,-1
331,105295,1613,284,73,148,1,-1,-1,-1
331,105305,1290,701,152,226,1,-1,-1,-1
331,105306,645,451,96,174,1,-1,-1,-1
331,105312,1625,189,77,122,1,-1,-1,-1
331,105324,493,371,83,130,1,-1,-1,-1
331,105331,1879,246,27,114,1,-1,-1,-1
331,105332,737,592,13,8,1,-1,-1,-1
332,105278,550,214,58,131,1,-1,-1,-1
332,105279,447,201,66,123,1,-1,-1,-1
332,105280,1043,286,58,115,1,-1,-1,-1
332,105282,1341,125,57,100,1,-1,-1,-1
332,105283,827,147,48,113,1,-1,-1,-1
332,105284,1206,168,47,113,1,-1,-1,-1
332,105285,323,115,67,103,1,-1,-1,-1
332,105286,1335,176,53,122,1,-1,-1,-1
332,105287,1020,69,40,96,1,-1,-1,-1
332,105293,1222,392,74,139,1,-1,-1,-1
332,105295,1606,283,73,148,1,-1,-1,-1
332,105305,1290,702,155,224,1,-1,-1,-1
332,105306,639,451,97,174,1,-1,-1,-1
332,105312,1615,189,78,122,1,-1,-1,-1
332,105324,494,372,84,133,1,-1,-1,-1
332,105331,1866,240,29,119,1,-1,-1,-1
333,105278,545,213,57,132,1,-1,-1,-1
333,105279,441,199,66,125,1,-1,-1,-1
333,105280,1035,287,58,114,1,-1,-1,-1
333,105282,1335,126,54,94,1,-1,-1,-1
333,105283,813,146,48,113,1,-1,-1,-1
333,105284,1195,168,47,113,1,-1,-1,-1
333,105285,305,115,68,103,1,-1,-1,-1
333,105286,1326,176,53,122,1,-1,-1,-1
333,105287,1008,69,40,95,1,-1,-1,-1
333,105293,1202,393,75,140,1,-1,-1,-1
333,105295,1599,283,72,147,1,-1,-1,-1
333,105305,1291,705,157,222,1,-1,-1,-1
333,105306,631,452,97,174,1,-1,-1,-1
333,105312,1604,188,79,123,1,-1,-1,-1
333,105324,493,374,88,135,1,-1,-1,-1
333,105331,1852,234,31,124,1,-1,-1,-1
334,105278,539,213,57,132,1,-1,-1,-1
334,105279,435,199,66,125,1,-1,-1,-1
334,105280,1027,288,58,113,1,-1,-1,-1
334,105282,1329,127,50,87,1,-1,-1,-1
334,105283,799,146,48,113,1,-1,-1,-1
334,105284,1184,168,47,113,1,-1,-1,-1
334,105285,288,114,68,103,1,-1,-1,-1
334,105286,1316,176,52,122,1,-1,-1,-1
334,105287,995,70,40,93,1,-1,-1,-1
334,105293,1183,394,75,141,1,-1,-1,-1
334,105295,1593,283,70,146,1,-1,-1,-1
334,105305,1292,707,158,219,1,-1,-1,-1
334,105306,623,453,96,174,1,-1,-1,-1
334,105312,1592,187,79,124,1,-1,-1,-1
334,105324,493,375,90,138,1,-1,-1,-1
334,105331,1835,227,34,129,1,-1,-1,-1
335,105278,529,213,57,133,1,-1,-1,-1
335,105279,428,198,65,126,1,-1,-1,-1
335,105280,1013,290,59,111,1,-1,-1,-1
335,105282,1318,129,44,76,1,-1,-1,-1
335,105283,785,146,47,113,1,-1,-1,-1
335,105284,1168,169,47,112,1,-1,-1,-1
335,105285,260,113,67,103,1,-1,-1,-1
335,105286,1300,176,52,122,1,-1,-1,-1
335,105287,982,70,40,92,1,-1,-1,-1
335,105293,1163,396,76,142,1,-1,-1,-1
335,105295,1587,283,69,146,1,-1,-1,-1
335,105305,1293,709,160,217,1,-1,-1,-1
335,105306,615,454,94,174,1,-1,-1,-1
335,105312,1580,187,79,124,1,-1,-1,-1
335,105324,492,377,93,143,1,-1,-1,-1
335,105331,1821,224,37,131,1,-1,-1,-1
336,105278,526,213,56,134,1,-1,-1,-1
336,105279,422,198,64,126,1,-1,-1,-1
336,105280,1008,290,60,111,1,-1,-1,-1
336,105282,1313,130,42,72,1,-1,-1,-1
336,105283,770,145,48,113,1,-1,-1,-1
336,105284,1159,168,47,113,1,-1,-1,-1
336,105285,249,113,68,103,1,-1,-1,-1
336,105286,1294,176,51,122,1,-1,-1,-1
336,105287,969,70,40,91,1,-1,-1,-1
336,105293,1141,397,77,143,1,-1,-1,-1
336,105295,1580,283,68,145,1,-1,-1,-1
336,105305,1295,712,160,215,1,-1,-1,-1
336,105306,607,454,91,173,1,-1,-1,-1
336,105312,1567,186,79,125,1,-1,-1,-1
336,105324,492,378,93,145,1,-1,-1,-1
336,105331,1802,224,39,130,1,-1,-1,-1
337,105278,518,212,56,134,1,-1,-1,-1
337,105279,411,199,63,125,1,-1,-1,-1
337,105280,1001,290,61,112,1,-1,-1,-1
337,105282,1304,129,43,77,1,-1,-1,-1
337,105283,756,145,47,113,1,-1,-1,-1
337,105284,1144,168,47,112,1,-1,-1,-1
337,105285,231,112,68,103,1,-1,-1,-1
337,105286,1280,175,51,122,1,-1,-1,-1
337,105287,955,71,40,90,1,-1,-1,-1
337,105293,1123,398,77,143,1,-1,-1,-1
337,105295,1571,284,66,144,1,-1,-1,-1
337,105305,1295,715,160,212,1,-1,-1,-1
337,105306,602,454,88,173,1,-1,-1,-1
337,105312,1557,185,78,125,1,-1,-1,-1
337,105324,488,378,93,147,1,-1,-1,-1
337,105331,1781,223,41,130,1,-1,-1,-1
338,105278,508,212,56,133,1,-1,-1,-1
338,105279,400,199,63,125,1,-1,-1,-1
338,105280,994,289,62,113,1,-1,-1,-1
338,105282,1292,128,46,82,1,-1,-1,-1
338,105283,742,145,47,113,1,-1,-1,-1
338,105284,1127,168,47,111,1,-1,-1,-1
338,105285,210,112,67,101,1,-1,-1,-1
338,105286,1263,175,50,120,1,-1,-1,-1
338,105287,942,71,40,89,1,-1,-1,-1
338,105293,1107,400,76,143,1,-1,-1,-1
338,105295,1560,287,66,141,1,-1,-1,-1
338,105305,1295,717,159,210,1,-1,-1,-1
338,105306,597,454,86,172,1,-1,-1,-1
338,105312,1547,185,77,125,1,-1,-1,-1
338,105324,483,378,93,148,1,-1,-1,-1
338,105331,1760,223,43,129,1,-1,-1,-1
339,105278,497,212,56,132,1,-1,-1,-1
339,105279,387,199,62,124,1,-1,-1,-1
339,105280,988,288,62,115,1,-1,-1,-1
339,105282,1279,127,49,89,1,-1,-1,-1
339,105283,728,145,47,113,1,-1,-1,-1
339,105284,1109,168,47,110,1,-1,-1,-1
339,105285,189,111,66,101,1,-1,-1,-1
339,105286,1245,174,49,119,1,-1,-1,-1
339,105287,929,71,40,88,1,-1,-1,-1
339,105293,1090,401,76,143,1,-1,-1,-1
339,105295,1549,290,64,138,1,-1,-1,-1
339,105305,1293,719,160,208,1,-1,-1,-1
339,105306,593,454,83,171,1,-1,-1,-1
339,105312,1537,184,77,125,1,-1,-1,-1
339,105324,477,378,93,149,1,-1,-1,-1
339,105331,1739,223,44,128,1,-1,-1,-1
340,105278,479,212,56,131,1,-1,-1,-1
340,105279,373,199,63,123,1,-1,-1,-1
340,105280,980,286,63,117,1,-1,-1,-1
340,105282,1267,126,51,96,1,-1,-1,-1
340,105283,714,144,47,113,1,-1,-1,-1
340,105284,1091,168,46,109,1,-1,-1,-1
340,105285,154,110,63,98,1,-1,-1,-1
340,105286,1226,173,49,119,1,-1,-1,-1
340,105287,911,71,40,87,1,-1,-1,-1
340,105293,1063,403,77,143,1,-1,-1,-1
340,105295,1537,293,65,135,1,-1,-1,-1
340,105305,1293,722,158,207,1,-1,-1,-1
340,105306,584,454,81,169,1,-1,-1,-1
340,105312,1519,183,77,125,1,-1,-1,-1
340,105324,469,377,91,152,1,-1,-1,-1
340,105331,1717,223,46,127,1,-1,-1,-1
340,105333,1883,602,32,127,1,-1,-1,-1
341,105278,472,212,57,130,1,-1,-1,-1
341,105279,360,199,61,120,1,-1,-1,-1
341,105280,973,285,63,118,1,-1,-1,-1
341,105282,1255,124,53,103,1,-1,-1,-1
341,105283,699,144,46,113,1,-1,-1,-1
341,105284,1072,167,46,108,1,-1,-1,-1
341,105285,141,110,62,97,1,-1,-1,-1
341,105286,1204,172,49,118,1,-1,-1,-1
341,105287,899,71,41,86,1,-1,-1,-1
341,105293,1052,403,76,144,1,-1,-1,-1
341,105295,1525,296,64,132,1,-1,-1,-1
341,105305,1292,724,158,205,1,-1,-1,-1
341,105306,581,455,79,168,1,-1,-1,-1
341,105312,1512,183,77,124,1,-1,-1,-1
341,105324,465,377,90,153,1,-1,-1,-1
341,105331,1695,222,48,127,1,-1,-1,-1
341,105333,1875,588,36,141,1,-1,-1,-1
342,105278,459,212,58,130,1,-1,-1,-1
342,105279,344,199,61,119,1,-1,-1,-1
342,105280,962,285,64,120,1,-1,-1,-1
342,105282,1241,124,52,106,1,-1,-1,-1
342,105283,683,144,46,112,1,-1,-1,-1
342,105284,1054,167,46,107,1,-1,-1,-1
342,105285,119,110,61,97,1,-1,-1,-1
342,105286,1189,172,48,117,1,-1,-1,-1
342,105287,884,71,41,86,1,-1,-1,-1
342,105293,1031,406,77,144,1,-1,-1,-1
342,105295,1511,297,65,131,1,-1,-1,-1
342,105305,1291,725,160,208,1,-1,-1,-1
342,105306,572,457,79,168,1,-1,-1,-1
342,105312,1499,182,77,124,1,-1,-1,-1
342,105324,458,378,88,154,1,-1,-1,-1
342,105331,1677,222,49,126,1,-1,-1,-1
342,105333,1865,571,40,159,1,-1,-1,-1
343,105278,445,212,59,130,1,-1,-1,-1
343,105279,327,196,62,121,1,-1,-1,-1
343,105280,949,285,64,122,1,-1,-1,-1
343,105282,1225,125,52,106,1,-1,-1,-1
343,105283,665,145,46,111,1,-1,-1,-1
343,105284,1036,167,46,107,1,-1,-1,-1
343,105285,95,111,60,97,1,-1,-1,-1
343,105286,1173,172,48,116,1,-1,-1,-1
343,105287,867,71,42,86,1,-1,-1,-1
343,105293,1008,408,77,145,1,-1,-1,-1
343,105295,1496,298,65,130,1,-1,-1,-1
343,105305,1290,725,164,213,1,-1,-1,-1
343,105306,562,459,78,168,1,-1,-1,-1
343,105312,1483,181,76,124,1,-1,-1,-1
343,105324,449,381,86,153,1,-1,-1,-1
343,105331,1658,221,51,126,1,-1,-1,-1
343,105333,1848,544,50,188,1,-1,-1,-1
344,105278,430,213,59,130,1,-1,-1,-1
344,105279,311,195,62,122,1,-1,-1,-1
344,105280,935,285,64,124,1,-1,-1,-1
344,105282,1209,126,51,106,1,-1,-1,-1
344,105283,647,145,45,111,1,-1,-1,-1
344,105284,1016,167,47,107,1,-1,-1,-1
344,105285,69,111,60,97,1,-1,-1,-1
344,105286,1156,173,48,115,1,-1,-1,-1
344,105287,849,71,43,86,1,-1,-1,-1
344,105293,983,411,77,146,1,-1,-1,-1
344,105295,1481,298,66,130,1,-1,-1,-1
344,105305,1289,725,168,219,1,-1,-1,-1
344,105306,552,462,77,167,1,-1,-1,-1
344,105312,1466,180,76,124,1,-1,-1,-1
344,105324,439,383,84,154,1,-1,-1,-1
344,105331,1641,220,52,126,1,-1,-1,-1
344,105333,1841,533,55,200,1,-1,-1,-1
344,105334,1890,251,29,136,1,-1,-1,-1
345,105278,415,213,60,130,1,-1,-1,-1
345,105279,292,194,62,123,1,-1,-1,-1
345,105280,911,285,66,127,1,-1,-1,-1
345,105282,1181,127,50,105,1,-1,-1,-1
345,105283,628,145,46,111,1,-1,-1,-1
345,105284,997,167,47,107,1,-1,-1,-1
345,105285,26,112,59,97,1,-1,-1,-1
345,105286,1140,173,47,114,1,-1,-1,-1
345,105287,831,71,44,86,1,-1,-1,-1
345,105293,943,415,77,149,1,-1,-1,-1
345,105295,1457,298,66,130,1,-1,-1,-1
345,105305,1287,725,175,228,1,-1,-1,-1
345,105306,541,465,77,167,1,-1,-1,-1
345,105312,1449,179,75,123,1,-1,-1,-1
345,105324,426,386,82,154,1,-1,-1,-1
345,105331,1623,219,53,126,1,-1,-1,-1
345,105333,1813,525,59,205,1,-1,-1,-1
345,105334,1871,251,29,134,1,-1,-1,-1
346,105278,400,213,60,130,1,-1,-1,-1
346,105279,277,194,60,123,1,-1,-1,-1
346,105280,902,285,67,128,1,-1,-1,-1
346,105282,1171,128,49,104,1,-1,-1,-1
346,105283,609,146,45,109,1,-1,-1,-1
346,105284,976,167,46,107,1,-1,-1,-1
346,105285,11,113,58,96,1,-1,-1,-1
346,105286,1124,173,47,114,1,-1,-1,-1
346,105287,813,71,45,86,1,-1,-1,-1
346,105293,928,416,77,150,1,-1,-1,-1
346,105295,1446,298,68,130,1,-1,-1,-1
346,105305,1287,725,176,232,1,-1,-1,-1
346,105306,529,468,77,167,1,-1,-1,-1
346,105312,1431,177,74,124,1,-1,-1,-1
346,105324,418,389,80,153,1,-1,-1,-1
346,105331,1605,218,54,126,1,-1,-1,-1
346,105333,1800,523,61,206,1,-1,-1,-1
346,105334,1846,251,29,132,1,-1,-1,-1
347,105278,385,213,61,130,1,-1,-1,-1
347,105279,261,191,59,123,1,-1,-1,-1
347,105280,891,286,68,128,1,-1,-1,-1
347,105282,1154,129,49,104,1,-1,-1,-1
347,105283,591,146,45,109,1,-1,-1,-1
347,105284,960,168,47,107,1,-1,-1,-1
347,105286,1106,173,47,114,1,-1,-1,-1
347,105287,796,71,45,85,1,-1,-1,-1
347,105293,909,418,77,150,1,-1,-1,-1
347,105295,1430,297,69,131,1,-1,-1,-1
347,105305,1288,725,176,233,1,-1,-1,-1
347,105306,519,470,77,166,1,-1,-1,-1
347,105312,1416,178,72,123,1,-1,-1,-1
347,105324,410,392,79,153,1,-1,-1,-1
347,105331,1583,218,55,126,1,-1,-1,-1
347,105333,1782,524,63,203,1,-1,-1,-1
347,105334,1821,251,30,131,1,-1,-1,-1
348,105278,370,211,62,132,1,-1,-1,-1
348,105279,254,190,57,123,1,-1,-1,-1
348,105280,881,286,67,129,1,-1,-1,-1
348,105282,1134,130,50,104,1,-1,-1,-1
348,105283,572,146,45,109,1,-1,-1,-1
348,105284,945,169,46,107,1,-1,-1,-1
348,105286,1086,173,48,114,1,-1,-1,-1
348,105287,777,70,47,86,1,-1,-1,-1
348,105293,890,419,76,151,1,-1,-1,-1
348,105295,1412,296,69,132,1,-1,-1,-1
348,105305,1290,725,175,234,1,-1,-1,-1
348,105306,509,471,77,167,1,-1,-1,-1
348,105312,1402,180,71,120,1,-1,-1,-1
348,105324,400,394,78,153,1,-1,-1,-1
348,105331,1558,219,57,125,1,-1,-1,-1
348,105333,1762,526,65,199,1,-1,-1,-1
348,105334,1787,251,32,128,1,-1,-1,-1
348,105335,0,125,14,69,1,-1,-1,-1
349,105278,355,210,63,133,1,-1,-1,-1
349,105279,241,190,57,123,1,-1,-1,-1
349,105280,870,287,67,128,1,-1,-1,-1
349,105282,1114,131,49,104,1,-1,-1,-1
349,105283,554,147,45,107,1,-1,-1,-1
349,105284,929,170,47,107,1,-1,-1,-1
349,105286,1067,173,48,114,1,-1,-1,-1
349,105287,759,70,48,86,1,-1,-1,-1
349,105293,869,420,75,151,1,-1,-1,-1
349,105295,1392,295,69,133,1,-1,-1,-1
349,105305,1291,725,175,234,1,-1,-1,-1
349,105306,500,471,76,168,1,-1,-1,-1
349,105312,1389,181,68,120,1,-1,-1,-1
349,105324,391,397,77,153,1,-1,-1,-1
349,105331,1532,220,58,125,1,-1,-1,-1
349,105333,1741,529,68,196,1,-1,-1,-1
349,105334,1768,252,34,127,1,-1,-1,-1
350,105278,339,208,64,135,1,-1,-1,-1
350,105279,218,191,56,122,1,-1,-1,-1
350,105280,851,288,66,128,1,-1,-1,-1
350,105282,1093,131,49,105,1,-1,-1,-1
350,105283,535,147,45,107,1,-1,-1,-1
350,105284,904,171,47,107,1,-1,-1,-1
350,105286,1047,173,48,113,1,-1,-1,-1
350,105287,741,70,48,86,1,-1,-1,-1
350,105293,848,421,75,152,1,-1,-1,-1
350,105295,1365,293,69,135,1,-1,-1,-1
350,105305,1293,725,174,234,1,-1,-1,-1
350,105306,485,472,74,168,1,-1,-1,-1
350,105312,1375,183,66,117,1,-1,-1,-1
350,105324,382,400,76,153,1,-1,-1,-1
350,105331,1506,222,59,124,1,-1,-1,-1
350,105333,1707,533,69,190,1,-1,-1,-1
350,105334,1747,251,36,128,1,-1,-1,-1
351,105278,324,207,65,136,1,-1,-1,-1
351,105279,209,191,56,122,1,-1,-1,-1
351,105280,844,288,66,129,1,-1,-1,-1
351,105282,1070,132,50,105,1,-1,-1,-1
351,105283,516,147,45,107,1,-1,-1,-1
351,105284,896,171,47,107,1,-1,-1,-1
351,105286,1027,172,48,114,1,-1,-1,-1
351,105287,722,70,49,86,1,-1,-1,-1
351,105293,827,422,74,153,1,-1,-1,-1
351,105295,1351,293,68,135,1,-1,-1,-1
351,105305,1296,725,172,233,1,-1,-1,-1
351,105306,479,472,73,169,1,-1,-1,-1
351,105312,1360,185,63,115,1,-1,-1,-1
351,105324,372,403,75,153,1,-1,-1,-1
351,105331,1479,224,61,122,1,-1,-1,-1
351,105333,1694,535,71,187,1,-1,-1,-1
351,105334,1724,250,38,129,1,-1,-1,-1
351,105336,1890,467,26,55,1,-1,-1,-1
352,105278,312,208,64,136,1,-1,-1,-1
352,105279,194,192,56,122,1,-1,-1,-1
352,105280,835,290,65,127,1,-1,-1,-1
352,105282,1053,133,50,105,1,-1,-1,-1
352,105283,499,148,45,106,1,-1,-1,-1
352,105284,879,172,47,107,1,-1,-1,-1
352,105286,1008,172,48,114,1,-1,-1,-1
352,105287,707,71,50,86,1,-1,-1,-1
352,105293,805,424,74,153,1,-1,-1,-1
352,105295,1332,293,68,135,1,-1,-1,-1
352,105305,1298,725,172,235,1,-1,-1,-1
352,105306,471,473,73,170,1,-1,-1,-1
352,105312,1346,185,62,115,1,-1,-1,-1
352,105324,364,405,74,154,1,-1,-1,-1
352,105331,1459,224,62,121,1,-1,-1,-1
352,105333,1676,538,73,183,1,-1,-1,-1
352,105334,1701,250,41,130,1,-1,-1,-1
352,105336,1877,452,33,68,1,-1,-1,-1
353,105278,300,209,64,135,1,-1,-1,-1
353,105279,178,193,55,122,1,-1,-1,-1
353,105280,824,292,64,125,1,-1,-1,-1
353,105282,1036,134,50,104,1,-1,-1,-1
353,105283,483,149,46,106,1,-1,-1,-1
353,105284,860,172,47,107,1,-1,-1,-1
353,105286,988,172,48,114,1,-1,-1,-1
353,105287,691,72,51,86,1,-1,-1,-1
353,105293,783,427,73,154,1,-1,-1,-1
353,105295,1314,294,66,134,1,-1,-1,-1
353,105305,1300,725,172,238,1,-1,-1,-1
353,105306,461,475,73,170,1,-1,-1,-1
353,105312,1332,185,62,117,1,-1,-1,-1
353,105324,354,406,76,157,1,-1,-1,-1
353,105331,1440,225,63,119,1,-1,-1,-1
353,105333,1657,540,75,178,1,-1,-1,-1
353,105334,1673,249,44,132,1,-1,-1,-1
353,105336,1860,434,41,85,1,-1,-1,-1
354,105278,290,211,62,133,1,-1,-1,-1
354,105279,159,194,56,122,1,-1,-1,-1
354,105280,813,294,62,124,1,-1,-1,-1
354,105282,1020,135,49,103,1,-1,-1,-1
354,105283,467,150,46,106,1,-1,-1,-1
354,105284,840,173,47,107,1,-1,-1,-1
354,105286,968,172,48,114,1,-1,-1,-1
354,105287,676,73,51,86,1,-1,-1,-1
354,105293,761,430,73,154,1,-1,-1,-1
354,105295,1293,295,66,134,1,-1,-1,-1
354,105305,1301,725,174,241,1,-1,-1,-1
354,105306,450,477,74,171,1,-1,-1,-1
354,105312,1318,185,61,118,1,-1,-1,-1
354,105324,344,407,77,159,1,-1,-1,-1
354,105331,1423,225,62,117,1,-1,-1,-1
354,105333,1636,542,79,175,1,-1,-1,-1
354,105334,1655,249,45,132,1,-1,-1,-1
354,105336,1841,415,51,103,1,-1,-1,-1
355,105278,280,213,60,132,1,-1,-1,-1
355,105279,132,196,56,121,1,-1,-1,-1
355,105280,801,297,61,122,1,-1,-1,-1
355,105282,1004,136,50,102,1,-1,-1,-1
355,105283,451,150,46,106,1,-1,-1,-1
355,105284,820,174,47,106,1,-1,-1,-1
355,105286,936,172,48,114,1,-1,-1,-1
355,105287,661,74,50,86,1,-1,-1,-1
355,105293,739,433,73,155,1,-1,-1,-1
355,105295,1273,296,64,133,1,-1,-1,-1
355,105305,1303,725,178,246,1,-1,-1,-1
355,105306,433,480,76,173,1,-1,-1,-1
355,105312,1293,184,62,120,1,-1,-1,-1
355,105324,330,408,80,163,1,-1,-1,-1
355,105331,1395,226,61,114,1,-1,-1,-1
355,105333,1604,545,81,169,1,-1,-1,-1
355,105334,1635,250,47,131,1,-1,-1,-1
355,105336,1813,385,65,130,1,-1,-1,-1
356,105278,269,216,57,129,1,-1,-1,-1
356,105279,120,196,55,122,1,-1,-1,-1
356,105280,789,299,59,120,1,-1,-1,-1
356,105282,986,136,50,102,1,-1,-1,-1
356,105283,436,151,46,106,1,-1,-1,-1
356,105284,797,174,47,107,1,-1,-1,-1
356,105286,924,171,48,114,1,-1,-1,-1
356,105287,646,75,50,86,1,-1,-1,-1
356,105293,713,436,75,156,1,-1,-1,-1
356,105295,1252,297,62,132,1,-1,-1,-1
356,105305,1304,725,179,248,1,-1,-1,-1
356,105306,426,482,76,172,1,-1,-1,-1
356,105312,1284,184,62,120,1,-1,-1,-1
356,105324,323,409,82,164,1,-1,-1,-1
356,105331,1384,226,62,113,1,-1,-1,-1
356,105333,1591,545,85,168,1,-1,-1,-1
356,105334,1616,251,47,130,1,-1,-1,-1
356,105336,1799,372,72,142,1,-1,-1,-1
357,105278,260,216,56,129,1,-1,-1,-1
357,105279,106,198,55,122,1,-1,-1,-1
357,105280,780,300,59,121,1,-1,-1,-1
357,105282,974,138,51,100,1,-1,-1,-1
357,105283,420,152,46,106,1,-1,-1,-1
357,105284,780,175,48,108,1,-1,-1,-1
357,105286,908,173,48,114,1,-1,-1,-1
357,105287,631,76,49,85,1,-1,-1,-1
357,105293,694,439,75,156,1,-1,-1,-1
357,105295,1236,298,62,133,1,-1,-1,-1
357,105305,1309,725,178,248,1,-1,-1,-1
357,105306,419,485,77,170,1,-1,-1,-1
357,105312,1272,185,61,119,1,-1,-1,-1
357,105324,319,411,81,163,1,-1,-1,-1
357,105331,1368,226,63,113,1,-1,-1,-1
357,105333,1578,545,89,168,1,-1,-1,-1
357,105334,1596,253,48,129,1,-1,-1,-1
357,105336,1781,367,75,147,1,-1,-1,-1
358,105278,251,217,56,128,1,-1,-1,-1
358,105279,92,200,55,122,1,-1,-1,-1
358,105280,770,301,60,123,1,-1,-1,-1
358,105282,963,140,50,99,1,-1,-1,-1
358,105283,404,153,47,106,1,-1,-1,-1
358,105284,764,177,48,108,1,-1,-1,-1
358,105286,890,175,48,114,1,-1,-1,-1
358,105287,616,77,49,85,1,-1,-1,-1
358,105293,675,442,76,156,1,-1,-1,-1
358,105295,1222,298,61,135,1,-1,-1,-1
358,105305,1314,725,176,248,1,-1,-1,-1
358,105306,413,491,76,167,1,-1,-1,-1
358,105312,1260,187,59,117,1,-1,-1,-1
358,105324,315,414,81,162,1,-1,-1,-1
358,105331,1352,226,63,114,1,-1,-1,-1
358,105333,1566,543,93,169,1,-1,-1,-1
358,105334,1576,254,49,128,1,-1,-1,-1
358,105336,1760,365,78,148,1,-1,-1,-1
359,105278,242,217,57,128,1,-1,-1,-1
359,105279,78,201,55,122,1,-1,-1,-1
359,105280,761,303,60,124,1,-1,-1,-1
359,105282,952,143,51,98,1,-1,-1,-1
359,105283,389,154,46,105,1,-1,-1,-1
359,105284,749,178,47,108,1,-1,-1,-1
359,105286,871,177,48,114,1,-1,-1,-1
359,105287,602,78,47,85,1,-1,-1,-1
359,105293,656,446,76,157,1,-1,-1,-1
359,105295,1208,299,62,136,1,-1,-1,-1
359,105305,1321,725,173,248,1,-1,-1,-1
359,105306,406,497,77,163,1,-1,-1,-1
359,105312,1247,190,58,114,1,-1,-1,-1
359,105324,311,416,80,161,1,-1,-1,-1
359,105331,1334,225,64,116,1,-1,-1,-1
359,105333,1555,542,95,170,1,-1,-1,-1
359,105334,1557,256,49,127,1,-1,-1,-1
359,105336,1738,364,79,149,1,-1,-1,-1
360,105278,232,217,58,128,1,-1,-1,-1
360,105279,63,203,55,122,1,-1,-1,-1
360,105280,745,304,62,128,1,-1,-1,-1
360,105282,936,145,51,98,1,-1,-1,-1
360,105283,364,155,46,106,1,-1,-1,-1
360,105284,734,179,46,108,1,-1,-1,-1
360,105286,842,181,49,114,1,-1,-1,-1
360,105287,587,79,47,85,1,-1,-1,-1
360,105293,636,449,78,157,1,-1,-1,-1
360,105295,1194,300,62,137,1,-1,-1,-1
360,105305,1330,725,169,248,1,-1,-1,-1
360,105306,400,502,76,160,1,-1,-1,-1
360,105312,1234,192,56,112,1,-1,-1,-1
360,105324,307,420,77,158,1,-1,-1,-1
360,105331,1306,224,64,118,1,-1,-1,-1
360,105333,1540,539,96,173,1,-1,-1,-1
360,105334,1527,258,48,125,1,-1,-1,-1
360,105336,1717,364,80,149,1,-1,-1,-1
361,105278,223,217,58,127,1,-1,-1,-1
361,105279,45,205,55,122,1,-1,-1,-1
361,105280,739,305,63,129,1,-1,-1,-1
361,105282,928,147,52,97,1,-1,-1,-1
361,105283,354,156,47,105,1,-1,-1,-1
361,105284,717,181,46,108,1,-1,-1,-1
361,105286,830,182,49,114,1,-1,-1,-1
361,105287,572,80,46,85,1,-1,-1,-1
361,105293,614,453,78,158,1,-1,-1,-1
361,105295,1181,300,61,139,1,-1,-1,-1
361,105305,1336,726,164,247,1,-1,-1,-1
361,105306,392,508,77,157,1,-1,-1,-1
361,105312,1218,194,53,110,1,-1,-1,-1
361,105324,305,422,76,157,1,-1,-1,-1
361,105331,1296,224,64,118,1,-1,-1,-1
361,105333,1533,539,96,173,1,-1,-1,-1
361,105334,1515,259,48,124,1,-1,-1,-1
361,105336,1694,364,81,149,1,-1,-1,-1
361,105337,501,654,34,26,1,-1,-1,-1
362,105278,214,219,60,126,1,-1,-1,-1
362,105279,35,207,54,121,1,-1,-1,-1
362,105280,732,306,63,129,1,-1,-1,-1
362,105282,918,148,52,96,1,-1,-1,-1
362,105283,342,156,46,106,1,-1,-1,-1
362,105284,706,182,46,108,1,-1,-1,-1
362,105286,815,183,49,114,1,-1,-1,-1
362,105287,559,82,45,85,1,-1,-1,-1
362,105293,598,456,80,160,1,-1,-1,-1
362,105295,1167,301,60,139,1,-1,-1,-1
362,105305,1344,728,159,245,1,-1,-1,-1
362,105306,383,511,78,158,1,-1,-1,-1
362,105312,1208,195,53,109,1,-1,-1,-1
362,105324,303,424,75,157,1,-1,-1,-1
362,105331,1283,225,63,118,1,-1,-1,-1
362,105333,1524,541,95,172,1,-1,-1,-1
362,105334,1497,259,50,126,1,-1,-1,-1
362,105336,1678,365,81,147,1,-1,-1,-1
363,105278,206,221,60,126,1,-1,-1,-1
363,105279,25,208,54,119,1,-1,-1,-1
363,105280,726,307,62,129,1,-1,-1,-1
363,105282,907,149,52,96,1,-1,-1,-1
363,105283,329,157,47,105,1,-1,-1,-1
363,105284,696,183,44,108,1,-1,-1,-1
363,105286,800,184,48,113,1,-1,-1,-1
363,105287,547,84,44,84,1,-1,-1,-1
363,105293,582,460,82,163,1,-1,-1,-1
363,105295,1151,303,60,138,1,-1,-1,-1
363,105305,1351,731,154,242,1,-1,-1,-1
363,105306,372,513,80,160,1,-1,-1,-1
363,105312,1197,196,53,110,1,-1,-1,-1
363,105324,301,426,74,157,1,-1,-1,-1
363,105331,1269,227,62,117,1,-1,-1,-1
363,105333,1515,544,95,169,1,-1,-1,-1
363,105334,1479,260,51,126,1,-1,-1,-1
363,105336,1667,366,80,144,1,-1,-1,-1
364,105278,198,224,60,124,1,-1,-1,-1
364,105279,17,210,52,117,1,-1,-1,-1
364,105280,719,308,62,128,1,-1,-1,-1
364,105282,895,150,53,95,1,-1,-1,-1
364,105283,316,158,46,105,1,-1,-1,-1
364,105284,685,184,44,108,1,-1,-1,-1
364,105286,785,185,48,112,1,-1,-1,-1
364,105287,535,86,43,84,1,-1,-1,-1
364,105293,567,464,84,166,1,-1,-1,-1
364,105295,1136,305,59,138,1,-1,-1,-1
364,105305,1359,734,148,239,1,-1,-1,-1
364,105306,362,514,80,164,1,-1,-1,-1
364,105312,1185,196,54,111,1,-1,-1,-1
364,105324,299,428,74,158,1,-1,-1,-1
364,105331,1255,229,60,116,1,-1,-1,-1
364,105333,1506,546,93,167,1,-1,-1,-1
364,105334,1460,260,52,126,1,-1,-1,-1
364,105336,1656,367,78,141,1,-1,-1,-1
365,105278,187,228,59,122,1,-1,-1,-1
365,105279,2,213,51,114,1,-1,-1,-1
365,105280,712,310,62,127,1,-1,-1,-1
365,105282,884,150,53,95,1,-1,-1,-1
365,105283,303,159,46,104,1,-1,-1,-1
365,105284,676,186,43,108,1,-1,-1,-1
365,105286,770,186,47,112,1,-1,-1,-1
365,105287,514,89,43,83,1,-1,-1,-1
365,105293,551,467,87,170,1,-1,-1,-1
365,105295,1120,307,58,137,1,-1,-1,-1
365,105305,1370,740,142,234,1,-1,-1,-1
365,105306,347,516,81,168,1,-1,-1,-1
365,105312,1166,197,55,113,1,-1,-1,-1
365,105324,295,432,74,158,1,-1,-1,-1
365,105331,1234,233,58,114,1,-1,-1,-1
365,105333,1497,549,92,165,1,-1,-1,-1
365,105334,1441,260,53,127,1,-1,-1,-1
365,105336,1640,369,75,136,1,-1,-1,-1
366,105278,182,229,58,122,1,-1,-1,-1
366,105279,-5,215,49,109,1,-1,-1,-1
366,105280,703,312,62,126,1,-1,-1,-1
366,105282,873,151,53,95,1,-1,-1,-1
366,105283,290,160,46,104,1,-1,-1,-1
366,105284,666,187,43,108,1,-1,-1,-1
366,105286,754,186,47,112,1,-1,-1,-1
366,105287,507,90,42,83,1,-1,-1,-1
366,105293,534,471,90,174,1,-1,-1,-1
366,105295,1103,309,57,136,1,-1,-1,-1
366,105305,1375,742,138,232,1,-1,-1,-1
366,105306,340,517,80,168,1,-1,-1,-1
366,105312,1159,197,56,114,1,-1,-1,-1
366,105324,294,434,72,156,1,-1,-1,-1
366,105331,1224,234,56,113,1,-1,-1,-1
366,105333,1486,552,91,163,1,-1,-1,-1
366,105334,1419,260,55,128,1,-1,-1,-1
366,105336,1633,370,74,133,1,-1,-1,-1
367,105278,175,229,58,122,1,-1,-1,-1
367,105279,-12,215,46,108,1,-1,-1,-1
367,105280,698,313,61,126,1,-1,-1,-1
367,105282,862,152,52,94,1,-1,-1,-1
367,105283,277,161,45,103,1,-1,-1,-1
367,105284,654,188,43,108,1,-1,-1,-1
367,105286,738,187,47,111,1,-1,-1,-1
367,105287,496,90,41,83,1,-1,-1,-1
367,105293,522,474,90,173,1,-1,-1,-1
367,105295,1090,310,57,136,1,-1,-1,-1
367,105305,1382,743,135,231,1,-1,-1,-1
367,105306,332,517,80,167,1,-1,-1,-1
367,105312,1148,198,56,114,1,-1,-1,-1
367,105324,290,436,72,155,1,-1,-1,-1
367,105331,1210,233,56,113,1,-1,-1,-1
367,105333,1479,554,90,161,1,-1,-1,-1
367,105334,1405,260,57,128,1,-1,-1,-1
367,105336,1621,370,74,133,1,-1,-1,-1
368,105278,167,229,58,122,1,-1,-1,-1
368,105279,-16,215,38,98,1,-1,-1,-1
368,105280,694,315,60,124,1,-1,-1,-1
368,105282,850,153,52,94,1,-1,-1,-1
368,105283,264,162,45,103,1,-1,-1,-1
368,105284,641,189,43,106,1,-1,-1,-1
368,105286,723,188,46,111,1,-1,-1,-1
368,105287,484,90,41,83,1,-1,-1,-1
368,105293,511,478,89,170,1,-1,-1,-1
368,105295,1078,311,56,137,1,-1,-1,-1
368,105305,1389,743,131,231,1,-1,-1,-1
368,105306,323,517,80,166,1,-1,-1,-1
368,105312,1135,198,56,113,1,-1,-1,-1
368,105324,285,438,71,153,1,-1,-1,-1
368,105331,1195,232,55,112,1,-1,-1,-1
368,105333,1473,555,89,159,1,-1,-1,-1
368,105334,1392,261,57,125,1,-1,-1,-1
368,105336,1607,371,73,132,1,-1,-1,-1
369,105278,158,228,59,122,1,-1,-1,-1
369,105280,690,316,59,123,1,-1,-1,-1
369,105282,840,153,51,94,1,-1,-1,-1
369,105283,251,164,45,102,1,-1,-1,-1
369,105284,629,190,42,105,1,-1,-1,-1
369,105286,707,189,46,110,1,-1,-1,-1
369,105287,471,90,41,83,1,-1,-1,-1
369,105293,501,481,88,166,1,-1,-1,-1
369,105295,1066,313,56,136,1,-1,-1,-1
369,105305,1396,743,129,231,1,-1,-1,-1
369,105306,314,517,81,164,1,-1,-1,-1
369,105312,1122,199,55,112,1,-1,-1,-1
369,105324,279,440,71,152,1,-1,-1,-1
369,105331,1180,230,56,114,1,-1,-1,-1
369,105333,1467,556,88,156,1,-1,-1,-1
369,105334,1379,261,58,124,1,-1,-1,-1
369,105336,1591,371,75,132,1,-1,-1,-1
370,105278,149,228,59,122,1,-1,-1,-1
370,105280,685,317,59,122,1,-1,-1,-1
370,105282,828,154,51,93,1,-1,-1,-1
370,105283,230,166,44,101,1,-1,-1,-1
370,105284,609,191,42,103,1,-1,-1,-1
370,105286,692,190,45,110,1,-1,-1,-1
370,105287,450,90,41,84,1,-1,-1,-1
370,105293,491,485,85,161,1,-1,-1,-1
370,105295,1050,315,55,136,1,-1,-1,-1
370,105305,1404,743,125,231,1,-1,-1,-1
370,105306,304,516,82,162,1,-1,-1,-1
370,105312,1109,200,53,110,1,-1,-1,-1
370,105324,273,442,71,150,1,-1,-1,-1
370,105331,1157,229,56,113,1,-1,-1,-1
370,105333,1460,556,88,155,1,-1,-1,-1
370,105334,1362,262,57,121,1,-1,-1,-1
370,105336,1566,372,76,132,1,-1,-1,-1
371,105278,138,227,60,123,1,-1,-1,-1
371,105280,681,318,58,122,1,-1,-1,-1
371,105282,817,154,50,94,1,-1,-1,-1
371,105283,222,167,44,101,1,-1,-1,-1
371,105284,601,191,41,104,1,-1,-1,-1
371,105286,674,191,45,109,1,-1,-1,-1
371,105287,442,90,40,84,1,-1,-1,-1
371,105293,480,488,83,157,1,-1,-1,-1
371,105295,1039,316,55,136,1,-1,-1,-1
371,105305,1412,743,122,231,1,-1,-1,-1
371,105306,293,516,84,159,1,-1,-1,-1
371,105312,1095,201,52,109,1,-1,-1,-1
371,105324,266,445,72,147,1,-1,-1,-1
371,105331,1146,228,56,114,1,-1,-1,-1
371,105333,1453,557,88,153,1,-1,-1,-1
371,105334,1353,262,57,120,1,-1,-1,-1
371,105336,1557,373,76,131,1,-1,-1,-1
372,105278,131,227,59,122,1,-1,-1,-1
372,105280,674,319,58,121,1,-1,-1,-1
372,105282,799,155,50,93,1,-1,-1,-1
372,105283,210,167,43,101,1,-1,-1,-1
372,105284,589,192,42,103,1,-1,-1,-1
372,105286,659,191,45,108,1,-1,-1,-1
372,105287,430,90,39,83,1,-1,-1,-1
372,105293,472,490,83,156,1,-1,-1,-1
372,105295,1026,316,55,135,1,-1,-1,-1
372,105305,1418,742,120,231,1,-1,-1,-1
372,105306,286,513,86,159,1,-1,-1,-1
372,105312,1083,201,52,108,1,-1,-1,-1
372,105324,259,445,73,148,1,-1,-1,-1
372,105331,1132,228,56,112,1,-1,-1,-1
372,105333,1445,557,88,153,1,-1,-1,-1
372,105334,1339,261,57,121,1,-1,-1,-1
372,105336,1543,371,77,131,1,-1,-1,-1
373,105278,123,227,59,121,1,-1,-1,-1
373,105280,667,319,58,122,1,-1,-1,-1
373,105282,792,156,49,93,1,-1,-1,-1
373,105283,195,167,44,101,1,-1,-1,-1
373,105284,576,193,41,103,1,-1,-1,-1
373,105286,644,191,44,108,1,-1,-1,-1
373,105287,417,90,38,83,1,-1,-1,-1
373,105293,464,492,84,157,1,-1,-1,-1
373,105295,1012,316,55,134,1,-1,-1,-1
373,105305,1422,741,120,231,1,-1,-1,-1
373,105306,278,508,89,162,1,-1,-1,-1
373,105312,1072,200,52,109,1,-1,-1,-1
373,105324,253,444,74,150,1,-1,-1,-1
373,105331,1117,227,55,111,1,-1,-1,-1
373,105333,1435,556,90,155,1,-1,-1,-1
373,105334,1323,260,58,121,1,-1,-1,-1
373,105336,1529,369,77,131,1,-1,-1,-1
374,105278,114,227,59,121,1,-1,-1,-1
374,105280,658,319,59,122,1,-1,-1,-1
374,105282,781,156,48,93,1,-1,-1,-1
374,105283,180,167,44,101,1,-1,-1,-1
374,105284,562,193,42,104,1,-1,-1,-1
374,105286,628,191,44,108,1,-1,-1,-1
374,105287,402,90,38,83,1,-1,-1,-1
374,105293,457,493,85,158,1,-1,-1,-1
374,105295,998,316,55,132,1,-1,-1,-1
374,105305,1426,740,122,230,1,-1,-1,-1
374,105306,271,504,92,164,1,-1,-1,-1
374,105312,1060,199,53,110,1,-1,-1,-1
374,105324,246,443,75,152,1,-1,-1,-1
374,105331,1102,227,53,109,1,-1,-1,-1
374,105333,1426,554,91,158,1,-1,-1,-1
374,105334,1306,258,60,122,1,-1,-1,-1
374,105336,1514,367,77,131,1,-1,-1,-1
375,105278,106,227,58,121,1,-1,-1,-1
375,105280,644,319,59,122,1,-1,-1,-1
375,105282,768,156,47,93,1,-1,-1,-1
375,105283,165,167,43,101,1,-1,-1,-1
375,105284,540,194,42,105,1,-1,-1,-1
375,105286,613,191,43,107,1,-1,-1,-1
375,105287,388,90,37,82,1,-1,-1,-1
375,105293,449,495,87,160,1,-1,-1,-1
375,105295,974,316,54,130,1,-1,-1,-1
375,105305,1430,739,123,229,1,-1,-1,-1
375,105306,265,499,93,167,1,-1,-1,-1
375,105312,1048,198,55,110,1,-1,-1,-1
375,105324,238,442,76,155,1,-1,-1,-1
375,105331,1086,227,52,108,1,-1,-1,-1
375,105333,1416,553,93,161,1,-1,-1,-1
375,105334,1280,256,60,122,1,-1,-1,-1
375,105336,1499,364,77,132,1,-1,-1,-1
376,105278,97,228,56,119,1,-1,-1,-1
376,105280,639,319,59,122,1,-1,-1,-1
376,105282,755,156,47,93,1,-1,-1,-1
376,105283,149,167,43,101,1,-1,-1,-1
376,105284,531,195,42,105,1,-1,-1,-1
376,105286,596,191,44,107,1,-1,-1,-1
376,105287,374,90,36,82,1,-1,-1,-1
376,105293,442,496,87,162,1,-1,-1,-1
376,105295,966,316,54,129,1,-1,-1,-1
376,105305,1434,737,126,228,1,-1,-1,-1
376,105306,258,494,94,170,1,-1,-1,-1
376,105312,1036,197,56,111,1,-1,-1,-1
376,105324,231,440,76,158,1,-1,-1,-1
376,105331,1069,227,51,106,1,-1,-1,-1
376,105333,1405,551,94,164,1,-1,-1,-1
376,105334,1269,255,62,123,1,-1,-1,-1
376,105336,1480,361,77,132,1,-1,-1,-1
376,105352,1050,794,36,26,1,-1,-1,-1
377,105278,88,227,55,118,1,-1,-1,-1
377,105280,631,318,59,121,1,-1,-1,-1
377,105282,741,155,47,93,1,-1,-1,-1
377,105283,134,167,43,101,1,-1,-1,-1
377,105284,518,194,42,105,1,-1,-1,-1
377,105286,580,190,43,107,1,-1,-1,-1
377,105287,359,90,35,82,1,-1,-1,-1
377,105293,434,497,88,161,1,-1,-1,-1
377,105295,954,316,54,129,1,-1,-1,-1
377,105305,1430,735,130,228,1,-1,-1,-1
377,105306,254,489,95,172,1,-1,-1,-1
377,105312,1024,197,56,109,1,-1,-1,-1
377,105324,225,440,75,158,1,-1,-1,-1
377,105331,1055,227,50,105,1,-1,-1,-1
377,105333,1395,550,95,165,1,-1,-1,-1
377,105334,1255,254,61,123,1,-1,-1,-1
377,105336,1469,360,76,131,1,-1,-1,-1
378,105278,77,227,55,118,1,-1,-1,-1
378,105280,622,318,59,121,1,-1,-1,-1
378,105282,728,155,46,93,1,-1,-1,-1
378,105283,119,167,43,101,1,-1,-1,-1
378,105284,503,193,41,105,1,-1,-1,-1
378,105286,565,190,42,106,1,-1,-1,-1
378,105287,345,90,34,81,1,-1,-1,-1
378,105293,425,497,88,160,1,-1,-1,-1
378,105295,940,316,54,129,1,-1,-1,-1
378,105305,1424,732,132,228,1,-1,-1,-1
378,105306,252,486,94,172,1,-1,-1,-1
378,105312,1011,197,55,106,1,-1,-1,-1
378,105324,219,440,74,157,1,-1,-1,-1
378,105331,1042,226,49,105,1,-1,-1,-1
378,105333,1385,548,95,165,1,-1,-1,-1
378,105334,1238,254,61,121,1,-1,-1,-1
378,105336,1456,359,74,130,1,-1,-1,-1
379,105278,66,226,54,118,1,-1,-1,-1
379,105280,613,317,59,120,1,-1,-1,-1
379,105282,714,155,46,93,1,-1,-1,-1
379,105283,103,167,43,101,1,-1,-1,-1
379,105284,487,193,41,105,1,-1,-1,-1
379,105286,548,190,42,106,1,-1,-1,-1
379,105287,330,90,34,81,1,-1,-1,-1
379,105293,417,497,88,159,1,-1,-1,-1
379,105295,926,317,54,129,1,-1,-1,-1
379,105305,1416,729,135,227,1,-1,-1,-1
379,105306,250,482,93,172,1,-1,-1,-1
379,105312,998,197,54,104,1,-1,-1,-1
379,105324,213,440,72,155,1,-1,-1,-1
379,105331,1028,225,50,105,1,-1,-1,-1
379,105333,1374,547,95,164,1,-1,-1,-1
379,105334,1220,253,61,120,1,-1,-1,-1
379,105336,1443,359,71,127,1,-1,-1,-1
380,105278,54,225,55,117,1,-1,-1,-1
380,105280,603,317,59,119,1,-1,-1,-1
380,105282,700,155,46,93,1,-1,-1,-1
380,105283,83,167,43,101,1,-1,-1,-1
380,105284,472,192,40,105,1,-1,-1,-1
380,105286,532,190,42,105,1,-1,-1,-1
380,105287,316,90,32,81,1,-1,-1,-1
380,105293,408,496,89,159,1,-1,-1,-1
380,105295,906,318,53,129,1,-1,-1,-1
380,105305,1408,726,138,227,1,-1,-1,-1
380,105306,246,476,93,173,1,-1,-1,-1
380,105312,980,198,51,100,1,-1,-1,-1
380,105324,207,440,71,153,1,-1,-1,-1
380,105331,1008,224,50,106,1,-1,-1,-1
380,105333,1364,545,95,164,1,-1,-1,-1
380,105334,1203,252,60,120,1,-1,-1,-1
380,105336,1430,360,68,124,1,-1,-1,-1
381,105278,41,225,56,117,1,-1,-1,-1
381,105280,593,317,60,119,1,-1,-1,-1
381,105282,685,155,46,93,1,-1,-1,-1
381,105283,73,167,42,99,1,-1,-1,-1
381,105284,454,191,40,105,1,-1,-1,-1
381,105286,514,190,42,105,1,-1,-1,-1
381,105287,299,90,32,80,1,-1,-1,-1
381,105293,398,496,90,158,1,-1,-1,-1
381,105295,896,319,54,128,1,-1,-1,-1
381,105305,1400,722,140,227,1,-1,-1,-1
381,105306,245,474,92,173,1,-1,-1,-1
381,105312,971,198,50,98,1,-1,-1,-1
381,105324,200,440,69,151,1,-1,-1,-1
381,105331,999,223,49,106,1,-1,-1,-1
381,105333,1353,543,95,163,1,-1,-1,-1
381,105334,1185,252,58,118,1,-1,-1,-1
381,105336,1415,361,65,121,1,-1,-1,-1
381,105356,1229,826,36,26,1,-1,-1,-1
382,105278,33,224,56,117,1,-1,-1,-1
382,105280,587,317,60,119,1,-1,-1,-1
382,105282,673,155,45,92,1,-1,-1,-1
382,105283,62,166,41,96,1,-1,-1,-1
382,105284,440,191,41,105,1,-1,-1,-1
382,105286,501,190,41,105,1,-1,-1,-1
382,105287,287,90,31,80,1,-1,-1,-1
382,105293,394,496,90,158,1,-1,-1,-1
382,105295,884,319,54,129,1,-1,-1,-1
382,105305,1392,718,142,227,1,-1,-1,-1
382,105306,240,473,92,172,1,-1,-1,-1
382,105312,959,199,48,95,1,-1,-1,-1
382,105324,195,441,68,149,1,-1,-1,-1
382,105331,987,223,49,106,1,-1,-1,-1
382,105333,1348,543,95,163,1,-1,-1,-1
382,105334,1172,251,56,117,1,-1,-1,-1
382,105336,1402,359,64,121,1,-1,-1,-1
383,105278,25,224,57,116,1,-1,-1,-1
383,105280,582,318,60,117,1,-1,-1,-1
383,105282,661,155,45,92,1,-1,-1,-1
383,105283,51,166,41,93,1,-1,-1,-1
383,105284,427,193,40,104,1,-1,-1,-1
383,105286,487,190,41,104,1,-1,-1,-1
383,105287,276,90,30,80,1,-1,-1,-1
383,105293,391,496,91,158,1,-1,-1,-1
383,105295,872,320,54,129,1,-1,-1,-1
383,105305,1385,715,144,226,1,-1,-1,-1
383,105306,235,472,90,171,1,-1,-1,-1
383,105312,946,199,47,92,1,-1,-1,-1
383,105324,190,440,68,149,1,-1,-1,-1
383,105331,974,223,48,104,1,-1,-1,-1
383,105333,1345,544,95,161,1,-1,-1,-1
383,105334,1158,250,57,116,1,-1,-1,-1
383,105336,1389,358,64,122,1,-1,-1,-1
384,105278,19,223,57,117,1,-1,-1,-1
384,105280,578,319,60,117,1,-1,-1,-1
384,105282,650,156,44,91,1,-1,-1,-1
384,105283,40,166,39,90,1,-1,-1,-1
384,105284,414,194,39,103,1,-1,-1,-1
384,105286,473,190,41,104,1,-1,-1,-1
384,105287,264,91,30,80,1,-1,-1,-1
384,105293,388,496,91,159,1,-1,-1,-1
384,105295,860,320,54,129,1,-1,-1,-1
384,105305,1377,712,145,226,1,-1,-1,-1
384,105306,229,471,88,170,1,-1,-1,-1
384,105312,933,199,45,90,1,-1,-1,-1
384,105324,185,440,68,149,1,-1,-1,-1
384,105331,961,223,47,103,1,-1,-1,-1
384,105333,1344,544,94,161,1,-1,-1,-1
384,105334,1145,249,56,115,1,-1,-1,-1
384,105336,1375,357,64,122,1,-1,-1,-1
385,105278,12,223,57,117,1,-1,-1,-1
385,105280,574,321,58,115,1,-1,-1,-1
385,105282,638,157,44,90,1,-1,-1,-1
385,105283,28,166,39,86,1,-1,-1,-1
385,105284,400,195,39,103,1,-1,-1,-1
385,105286,459,190,41,105,1,-1,-1,-1
385,105287,252,91,29,80,1,-1,-1,-1
385,105293,385,496,91,159,1,-1,-1,-1
385,105295,843,321,55,129,1,-1,-1,-1
385,105305,1367,707,147,225,1,-1,-1,-1
385,105306,223,470,86,168,1,-1,-1,-1
385,105312,919,199,44,87,1,-1,-1,-1
385,105324,176,439,67,148,1,-1,-1,-1
385,105331,948,223,46,102,1,-1,-1,-1
385,105333,1340,545,94,159,1,-1,-1,-1
385,105334,1132,248,56,114,1,-1,-1,-1
385,105336,1362,355,65,123,1,-1,-1,-1
385,105359,1881,148,32,110,1,-1,-1,-1
386,105278,6,223,56,117,1,-1,-1,-1
386,105280,572,321,58,116,1,-1,-1,-1
386,105282,623,158,44,88,1,-1,-1,-1
386,105283,18,166,38,82,1,-1,-1,-1
386,105284,386,197,39,102,1,-1,-1,-1
386,105286,445,190,41,105,1,-1,-1,-1
386,105287,240,92,29,80,1,-1,-1,-1
386,105293,384,497,90,159,1,-1,-1,-1
386,105295,834,321,55,129,1,-1,-1,-1
386,105305,1364,706,148,224,1,-1,-1,-1
386,105306,217,469,83,167,1,-1,-1,-1
386,105312,905,199,43,85,1,-1,-1,-1
386,105324,173,439,67,148,1,-1,-1,-1
386,105331,934,223,45,100,1,-1,-1,-1
386,105333,1339,545,94,159,1,-1,-1,-1
386,105334,1116,247,56,112,1,-1,-1,-1
386,105336,1348,353,65,124,1,-1,-1,-1
386,105359,1865,149,31,108,1,-1,-1,-1
387,105278,1,223,55,117,1,-1,-1,-1
387,105280,568,322,59,115,1,-1,-1,-1
387,105282,614,159,45,88,1,-1,-1,-1
387,105283,0,166,37,79,1,-1,-1,-1
387,105284,376,197,39,102,1,-1,-1,-1
387,105286,431,191,41,104,1,-1,-1,-1
387,105287,228,93,29,80,1,-1,-1,-1
387,105293,383,497,90,160,1,-1,-1,-1
387,105295,824,322,56,129,1,-1,-1,-1
387,105305,1365,708,147,221,1,-1,-1,-1
387,105306,212,468,82,166,1,-1,-1,-1
387,105312,895,199,43,85,1,-1,-1,-1
387,105324,165,439,68,147,1,-1,-1,-1
387,105331,922,224,45,99,1,-1,-1,-1
387,105333,1335,547,95,159,1,-1,-1,-1
387,105334,1105,246,56,112,1,-1,-1,-1
387,105336,1336,353,66,125,1,-1,-1,-1
387,105359,1844,150,31,105,1,-1,-1,-1
387,105362,1430,861,35,26,1,-1,-1,-1
388,105278,-1,223,52,117,1,-1,-1,-1
388,105280,564,322,59,116,1,-1,-1,-1
388,105282,605,159,45,88,1,-1,-1,-1
388,105283,-5,166,34,77,1,-1,-1,-1
388,105284,366,198,39,102,1,-1,-1,-1
388,105286,418,191,40,104,1,-1,-1,-1
388,105287,215,94,29,79,1,-1,-1,-1
388,105293,383,499,90,159,1,-1,-1,-1
388,105295,814,323,57,128,1,-1,-1,-1
388,105305,1368,710,146,217,1,-1,-1,-1
388,105306,205,467,81,165,1,-1,-1,-1
388,105312,886,199,44,88,1,-1,-1,-1
388,105324,155,439,69,148,1,-1,-1,-1
388,105331,909,225,46,99,1,-1,-1,-1
388,105333,1330,548,96,162,1,-1,-1,-1
388,105334,1094,247,56,112,1,-1,-1,-1
388,105336,1326,353,65,125,1,-1,-1,-1
388,105359,1824,152,30,102,1,-1,-1,-1
389,105278,-6,224,52,117,1,-1,-1,-1
389,105280,559,322,60,118,1,-1,-1,-1
389,105282,596,158,45,89,1,-1,-1,-1
389,105284,356,198,39,102,1,-1,-1,-1
389,105286,404,191,40,104,1,-1,-1,-1
389,105287,203,94,28,80,1,-1,-1,-1
389,105293,382,501,91,158,1,-1,-1,-1
389,105295,805,324,57,128,1,-1,-1,-1
389,105305,1371,712,146,214,1,-1,-1,-1
389,105306,199,466,81,165,1,-1,-1,-1
389,105312,877,198,46,91,1,-1,-1,-1
389,105324,146,440,69,148,1,-1,-1,-1
389,105331,897,225,46,99,1,-1,-1,-1
389,105333,1325,551,98,163,1,-1,-1,-1
389,105334,1083,247,57,112,1,-1,-1,-1
389,105336,1316,354,64,124,1,-1,-1,-1
389,105359,1803,153,30,99,1,-1,-1,-1
390,105278,-11,224,49,117,1,-1,-1,-1
390,105280,552,323,61,118,1,-1,-1,-1
390,105282,582,158,45,90,1,-1,-1,-1
390,105284,341,199,39,102,1,-1,-1,-1
390,105286,390,191,41,105,1,-1,-1,-1
390,105287,192,95,27,80,1,-1,-1,-1
390,105293,381,504,93,157,1,-1,-1,-1
390,105295,795,325,57,127,1,-1,-1,-1
390,105305,1377,716,143,207,1,-1,-1,-1
390,105306,193,465,80,164,1,-1,-1,-1
390,105312,864,198,47,95,1,-1,-1,-1
390,105324,132,441,69,148,1,-1,-1,-1
390,105331,877,227,46,98,1,-1,-1,-1
390,105333,1316,553,99,166,1,-1,-1,-1
390,105334,1073,247,56,112,1,-1,-1,-1
390,105336,1307,355,62,122,1,-1,-1,-1
390,105359,1775,155,30,95,1,-1,-1,-1
390,105363,0,189,5,32,1,-1,-1,-1
391,105278,-14,234,41,107,1,-1,-1,-1
391,105280,550,323,62,118,1,-1,-1,-1
391,105282,577,158,45,90,1,-1,-1,-1
391,105284,328,198,39,102,1,-1,-1,-1
391,105286,376,191,41,105,1,-1,-1,-1
391,105287,175,96,28,80,1,-1,-1,-1
391,105293,380,505,95,157,1,-1,-1,-1
391,105295,784,326,58,127,1,-1,-1,-1
391,105305,1379,718,143,204,1,-1,-1,-1
391,105306,186,464,81,163,1,-1,-1,-1
391,105312,859,198,48,97,1,-1,-1,-1
391,105324,124,441,69,148,1,-1,-1,-1
391,105331,870,227,47,99,1,-1,-1,-1
391,105333,1312,554,100,167,1,-1,-1,-1
391,105334,1061,247,56,112,1,-1,-1,-1
391,105336,1297,356,60,122,1,-1,-1,-1
391,105359,1760,157,31,93,1,-1,-1,-1
392,105278,-15,238,36,103,1,-1,-1,-1
392,105280,546,324,63,119,1,-1,-1,-1
392,105282,570,159,46,90,1,-1,-1,-1
392,105284,318,200,40,101,1,-1,-1,-1
392,105286,365,193,40,104,1,-1,-1,-1
392,105287,166,97,28,80,1,-1,-1,-1
392,105293,381,504,97,157,1,-1,-1,-1
392,105295,777,328,59,126,1,-1,-1,-1
392,105305,1378,718,143,203,1,-1,-1,-1
392,105306,182,464,81,162,1,-1,-1,-1
392,105312,853,198,46,97,1,-1,-1,-1
392,105324,114,443,69,148,1,-1,-1,-1
392,105331,861,228,47,98,1,-1,-1,-1
392,105333,1311,556,100,167,1,-1,-1,-1
392,105334,1053,248,56,112,1,-1,-1,-1
392,105336,1290,357,59,121,1,-1,-1,-1
392,105359,1742,158,32,93,1,-1,-1,-1
393,105280,543,325,62,119,1,-1,-1,-1
393,105282,564,160,45,90,1,-1,-1,-1
393,105284,309,202,39,101,1,-1,-1,-1
393,105286,354,195,40,103,1,-1,-1,-1
393,105287,157,98,27,80,1,-1,-1,-1
393,105293,383,503,98,156,1,-1,-1,-1
393,105295,771,331,59,125,1,-1,-1,-1
393,105305,1376,718,143,201,1,-1,-1,-1
393,105306,178,464,80,162,1,-1,-1,-1
393,105312,845,200,46,95,1,-1,-1,-1
393,105324,102,445,70,149,1,-1,-1,-1
393,105331,853,228,47,99,1,-1,-1,-1
393,105333,1310,558,100,167,1,-1,-1,-1
393,105334,1047,249,55,111,1,-1,-1,-1
393,105336,1283,358,58,121,1,-1,-1,-1
393,105359,1723,158,33,93,1,-1,-1,-1
394,105280,539,327,62,118,1,-1,-1,-1
394,105282,557,161,45,90,1,-1,-1,-1
394,105284,300,204,39,101,1,-1,-1,-1
394,105286,344,197,39,102,1,-1,-1,-1
394,105287,148,100,27,78,1,-1,-1,-1
394,105293,386,501,99,157,1,-1,-1,-1
394,105295,766,333,59,126,1,-1,-1,-1
394,105305,1374,717,142,200,1,-1,-1,-1
394,105306,174,464,80,162,1,-1,-1,-1
394,105312,837,201,46,94,1,-1,-1,-1
394,105324,90,447,70,150,1,-1,-1,-1
394,105331,844,228,47,99,1,-1,-1,-1
394,105333,1309,560,100,167,1,-1,-1,-1
394,105334,1041,250,54,110,1,-1,-1,-1
394,105336,1276,360,57,121,1,-1,-1,-1
394,105359,1704,159,34,93,1,-1,-1,-1
395,105280,536,328,61,118,1,-1,-1,-1
395,105282,550,163,44,90,1,-1,-1,-1
395,105284,285,209,38,99,1,-1,-1,-1
395,105286,333,199,39,101,1,-1,-1,-1
395,105287,138,101,28,78,1,-1,-1,-1
395,105293,388,499,100,157,1,-1,-1,-1
395,105295,759,336,59,126,1,-1,-1,-1
395,105305,1372,716,141,199,1,-1,-1,-1
395,105306,170,464,76,162,1,-1,-1,-1
395,105312,823,203,46,92,1,-1,-1,-1
395,105324,78,449,71,151,1,-1,-1,-1
395,105331,830,228,47,100,1,-1,-1,-1
395,105333,1307,563,101,167,1,-1,-1,-1
395,105334,1032,252,51,109,1,-1,-1,-1
395,105336,1270,361,56,121,1,-1,-1,-1
395,105359,1684,160,36,93,1,-1,-1,-1
396,105280,532,330,61,117,1,-1,-1,-1
396,105282,543,164,45,90,1,-1,-1,-1
396,105284,280,210,38,99,1,-1,-1,-1
396,105286,320,201,40,100,1,-1,-1,-1
396,105287,128,103,28,77,1,-1,-1,-1
396,105293,391,497,101,157,1,-1,-1,-1
396,105295,755,338,60,125,1,-1,-1,-1
396,105305,1370,715,139,198,1,-1,-1,-1
396,105306,168,464,74,162,1,-1,-1,-1
396,105312,818,204,46,91,1,-1,-1,-1
396,105324,65,451,72,152,1,-1,-1,-1
396,105331,825,229,46,99,1,-1,-1,-1
396,105333,1307,564,101,167,1,-1,-1,-1
396,105334,1028,252,50,109,1,-1,-1,-1
396,105336,1263,362,55,120,1,-1,-1,-1
396,105359,1663,161,37,93,1,-1,-1,-1
396,105364,1464,874,10,22,1,-1,-1,-1
397,105280,531,333,59,116,1,-1,-1,-1
397,105282,536,165,45,90,1,-1,-1,-1
397,105284,272,212,38,99,1,-1,-1,-1
397,105286,312,202,39,100,1,-1,-1,-1
397,105287,118,104,28,77,1,-1,-1,-1
397,105293,394,496,102,157,1,-1,-1,-1
397,105295,752,339,60,126,1,-1,-1,-1
397,105305,1369,715,138,196,1,-1,-1,-1
397,105306,165,465,72,161,1,-1,-1,-1
397,105312,812,205,47,92,1,-1,-1,-1
397,105324,55,452,72,153,1,-1,-1,-1
397,105331,819,230,45,99,1,-1,-1,-1
397,105333,1309,567,99,166,1,-1,-1,-1
397,105334,1022,253,49,108,1,-1,-1,-1
397,105336,1256,364,55,120,1,-1,-1,-1
397,105359,1648,161,38,93,1,-1,-1,-1
397,105364,1464,874,10,21,1,-1,-1,-1
398,105280,529,335,59,116,1,-1,-1,-1
398,105282,529,166,45,90,1,-1,-1,-1
398,105284,262,214,38,100,1,-1,-1,-1
398,105286,302,204,40,100,1,-1,-1,-1
398,105287,108,106,29,75,1,-1,-1,-1
398,105293,399,496,101,157,1,-1,-1,-1
398,105295,748,341,61,125,1,-1,-1,-1
398,105305,1368,714,137,195,1,-1,-1,-1
398,105306,160,466,72,160,1,-1,-1,-1
398,105312,805,206,48,94,1,-1,-1,-1
398,105324,46,454,71,153,1,-1,-1,-1
398,105331,813,232,43,98,1,-1,-1,-1
398,105333,1310,572,99,165,1,-1,-1,-1
398,105334,1014,253,50,108,1,-1,-1,-1
398,105336,1249,365,54,120,1,-1,-1,-1
398,105359,1634,161,39,93,1,-1,-1,-1
399,105280,528,338,59,115,1,-1,-1,-1
399,105282,522,168,45,90,1,-1,-1,-1
399,105284,252,216,38,100,1,-1,-1,-1
399,105286,292,205,40,100,1,-1,-1,-1
399,105287,98,107,30,75,1,-1,-1,-1
399,105293,404,495,100,158,1,-1,-1,-1
399,105295,745,342,61,126,1,-1,-1,-1
399,105305,1368,714,135,193,1,-1,-1,-1
399,105306,155,466,71,160,1,-1,-1,-1
399,105312,797,207,50,96,1,-1,-1,-1
399,105324,36,455,71,152,1,-1,-1,-1
399,105331,806,233,42,97,1,-1,-1,-1
399,105333,1312,576,98,164,1,-1,-1,-1
399,105334,1006,253,50,108,1,-1,-1,-1
399,105336,1242,366,53,120,1,-1,-1,-1
399,105359,1620,161,40,94,1,-1,-1,-1
400,105280,526,343,58,114,1,-1,-1,-1
400,105282,511,170,44,90,1,-1,-1,-1
400,105284,242,218,38,101,1,-1,-1,-1
400,105286,282,207,40,99,1,-1,-1,-1
400,105287,87,109,32,74,1,-1,-1,-1
400,105293,409,495,98,159,1,-1,-1,-1
400,105295,742,343,61,126,1,-1,-1,-1
400,105305,1368,714,132,191,1,-1,-1,-1
400,105306,149,467,71,159,1,-1,-1,-1
400,105312,790,208,51,99,1,-1,-1,-1
400,105324,27,457,69,151,1,-1,-1,-1
400,105331,794,236,41,97,1,-1,-1,-1
400,105333,1314,581,97,163,1,-1,-1,-1
400,105334,994,253,51,108,1,-1,-1,-1
400,105336,1235,367,53,119,1,-1,-1,-1
400,105359,1598,162,42,94,1,-1,-1,-1
400,105364,1467,873,10,19,1,-1,-1,-1
401,105280,525,344,57,114,1,-1,-1,-1
401,105282,506,171,45,90,1,-1,-1,-1
401,105284,231,220,38,101,1,-1,-1,-1
401,105286,273,208,40,99,1,-1,-1,-1
401,105287,77,110,32,74,1,-1,-1,-1
401,105293,415,495,95,159,1,-1,-1,-1
401,105295,740,344,61,126,1,-1,-1,-1
401,105305,1368,714,131,190,1,-1,-1,-1
401,105306,143,467,72,159,1,-1,-1,-1
401,105312,782,210,53,102,1,-1,-1,-1
401,105324,17,459,69,150,1,-1,-1,-1
401,105331,790,237,40,96,1,-1,-1,-1
401,105333,1316,585,96,162,1,-1,-1,-1
401,105334,988,253,51,108,1,-1,-1,-1
401,105336,1224,369,53,119,1,-1,-1,-1
401,105359,1589,162,42,94,1,-1,-1,-1
401,105364,1467,873,10,18,1,-1,-1,-1
402,105280,524,345,58,115,1,-1,-1,-1
402,105282,500,172,45,90,1,-1,-1,-1
402,105284,222,222,38,101,1,-1,-1,-1
402,105286,263,209,41,99,1,-1,-1,-1
402,105287,67,111,34,74,1,-1,-1,-1
402,105293,420,495,93,157,1,-1,-1,-1
402,105295,738,347,60,125,1,-1,-1,-1
402,105305,1365,714,130,190,1,-1,-1,-1
402,105306,138,467,74,159,1,-1,-1,-1
402,105312,777,211,52,101,1,-1,-1,-1
402,105324,11,460,68,150,1,-1,-1,-1
402,105331,785,238,39,96,1,-1,-1,-1
402,105333,1318,590,95,161,1,-1,-1,-1
402,105334,981,252,52,108,1,-1,-1,-1
402,105336,1220,370,52,119,1,-1,-1,-1
402,105359,1576,162,44,94,1,-1,-1,-1
402,105364,1462,871,11,17,1,-1,-1,-1
403,105280,523,346,58,116,1,-1,-1,-1
403,105282,494,172,45,90,1,-1,-1,-1
403,105284,214,222,38,100,1,-1,-1,-1
403,105286,253,210,41,100,1,-1,-1,-1
403,105287,58,111,35,75,1,-1,-1,-1
403,105293,425,494,90,155,1,-1,-1,-1
403,105295,736,349,60,125,1,-1,-1,-1
403,105305,1361,714,130,190,1,-1,-1,-1
403,105306,135,467,73,159,1,-1,-1,-1
403,105312,774,212,50,98,1,-1,-1,-1
403,105324,7,462,68,149,1,-1,-1,-1
403,105331,778,239,40,95,1,-1,-1,-1
403,105333,1319,593,96,161,1,-1,-1,-1
403,105334,975,251,52,108,1,-1,-1,-1
403,105336,1214,371,53,120,1,-1,-1,-1
403,105359,1562,162,44,94,1,-1,-1,-1
403,105362,1446,865,26,19,1,-1,-1,-1
404,105280,521,347,59,118,1,-1,-1,-1
404,105282,488,173,44,89,1,-1,-1,-1
404,105284,206,223,38,100,1,-1,-1,-1
404,105286,243,211,41,100,1,-1,-1,-1
404,105287,49,110,35,77,1,-1,-1,-1
404,105293,429,493,90,153,1,-1,-1,-1
404,105295,735,352,59,125,1,-1,-1,-1
404,105305,1357,714,130,190,1,-1,-1,-1
404,105306,132,466,73,159,1,-1,-1,-1
404,105312,771,214,47,94,1,-1,-1,-1
404,105324,3,463,67,149,1,-1,-1,-1
404,105331,771,239,41,96,1,-1,-1,-1
404,105333,1321,597,96,161,1,-1,-1,-1
404,105334,969,251,51,107,1,-1,-1,-1
404,105336,1208,372,54,121,1,-1,-1,-1
404,105359,1548,163,45,93,1,-1,-1,-1
404,105362,1442,862,25,18,1,-1,-1,-1
405,105280,519,347,61,120,1,-1,-1,-1
405,105282,482,173,45,90,1,-1,-1,-1
405,105284,198,224,38,99,1,-1,-1,-1
405,105286,229,213,41,100,1,-1,-1,-1
405,105287,35,110,36,79,1,-1,-1,-1
405,105293,433,492,90,150,1,-1,-1,-1
405,105295,733,356,57,124,1,-1,-1,-1
405,105305,1350,714,130,190,1,-1,-1,-1
405,105306,129,465,73,159,1,-1,-1,-1
405,105312,768,215,44,90,1,-1,-1,-1
405,105324,-2,464,66,149,1,-1,-1,-1
405,105331,760,239,42,97,1,-1,-1,-1
405,105333,1324,603,96,161,1,-1,-1,-1
405,105334,960,250,49,106,1,-1,-1,-1
405,105336,1199,374,55,122,1,-1,-1,-1
405,105359,1534,164,45,91,1,-1,-1,-1
405,105362,1434,857,25,18,1,-1,-1,-1
406,105280,517,348,62,121,1,-1,-1,-1
406,105282,474,174,46,89,1,-1,-1,-1
406,105284,191,225,37,98,1,-1,-1,-1
406,105286,222,214,41,100,1,-1,-1,-1
406,105287,30,110,36,80,1,-1,-1,-1
406,105293,436,490,92,148,1,-1,-1,-1
406,105295,732,358,57,124,1,-1,-1,-1
406,105305,1347,714,131,190,1,-1,-1,-1
406,105306,127,465,71,158,1,-1,-1,-1
406,105312,765,217,40,86,1,-1,-1,-1
406,105324,-5,465,66,149,1,-1,-1,-1
406,105331,756,239,43,97,1,-1,-1,-1
406,105333,1324,605,97,161,1,-1,-1,-1
406,105334,956,250,49,106,1,-1,-1,-1
406,105336,1196,375,55,122,1,-1,-1,-1
406,105359,1519,164,44,90,1,-1,-1,-1
406,105362,1429,854,26,18,1,-1,-1,-1
407,105280,516,349,61,122,1,-1,-1,-1
407,105282,468,175,45,88,1,-1,-1,-1
407,105284,183,226,37,98,1,-1,-1,-1
407,105286,212,215,41,100,1,-1,-1,-1
407,105287,24,111,35,79,1,-1,-1,-1
407,105293,439,490,93,147,1,-1,-1,-1
407,105295,731,359,56,124,1,-1,-1,-1
407,105305,1343,712,131,189,1,-1,-1,-1
407,105306,123,464,71,159,1,-1,-1,-1
407,105312,761,216,41,87,1,-1,-1,-1
407,105324,-12,465,63,150,1,-1,-1,-1
407,105331,750,240,43,96,1,-1,-1,-1
407,105333,1326,609,98,162,1,-1,-1,-1
407,105334,952,249,47,106,1,-1,-1,-1
407,105336,1192,375,56,123,1,-1,-1,-1
407,105359,1508,165,45,89,1,-1,-1,-1
407,105362,1425,851,26,18,1,-1,-1,-1
408,105280,515,349,61,122,1,-1,-1,-1
408,105282,461,175,46,88,1,-1,-1,-1
408,105284,175,227,38,99,1,-1,-1,-1
408,105286,201,215,41,100,1,-1,-1,-1
408,105287,17,111,34,79,1,-1,-1,-1
408,105293,443,489,94,149,1,-1,-1,-1
408,105295,729,361,56,125,1,-1,-1,-1
408,105305,1339,710,130,187,1,-1,-1,-1
408,105306,118,464,71,159,1,-1,-1,-1
408,105312,757,215,41,91,1,-1,-1,-1
408,105324,-14,472,59,146,1,-1,-1,-1
408,105331,744,240,43,97,1,-1,-1,-1
408,105333,1328,614,98,162,1,-1,-1,-1
408,105334,947,249,47,107,1,-1,-1,-1
408,105336,1190,374,56,124,1,-1,-1,-1
408,105359,1497,165,45,88,1,-1,-1,-1
408,105362,1421,848,26,18,1,-1,-1,-1
409,105280,514,350,60,121,1,-1,-1,-1
409,105282,454,176,47,87,1,-1,-1,-1
409,105284,166,228,38,100,1,-1,-1,-1
409,105286,190,216,41,100,1,-1,-1,-1
409,105287,10,111,34,79,1,-1,-1,-1
409,105293,446,489,95,149,1,-1,-1,-1
409,105295,726,362,58,127,1,-1,-1,-1
409,105305,1335,707,130,185,1,-1,-1,-1
409,105306,112,464,73,159,1,-1,-1,-1
409,105312,752,214,43,96,1,-1,-1,-1
409,105324,-18,475,52,141,1,-1,-1,-1
409,105331,737,241,43,96,1,-1,-1,-1
409,105333,1329,618,100,163,1,-1,-1,-1
409,105334,942,248,46,107,1,-1,-1,-1
409,105336,1187,374,56,125,1,-1,-1,-1
409,105359,1486,165,45,88,1,-1,-1,-1
409,105362,1416,846,26,18,1,-1,-1,-1
410,105280,513,351,58,121,1,-1,-1,-1
410,105282,448,176,47,88,1,-1,-1,-1
410,105284,158,229,38,102,1,-1,-1,-1
410,105286,178,216,42,100,1,-1,-1,-1
410,105287,4,112,33,77,1,-1,-1,-1
410,105293,451,489,93,150,1,-1,-1,-1
410,105295,724,364,59,128,1,-1,-1,-1
410,105305,1329,702,130,183,1,-1,-1,-1
410,105306,103,464,75,159,1,-1,-1,-1
410,105312,745,212,46,102,1,-1,-1,-1
410,105331,731,242,43,95,1,-1,-1,-1
410,105333,1331,623,100,163,1,-1,-1,-1
410,105334,937,247,46,109,1,-1,-1,-1
410,105336,1182,373,56,126,1,-1,-1,-1
410,105359,1476,165,45,88,1,-1,-1,-1
410,105362,1411,842,26,18,1,-1,-1,-1
411,105280,513,352,56,120,1,-1,-1,-1
411,105282,439,177,48,87,1,-1,-1,-1
411,105284,148,231,38,102,1,-1,-1,-1
411,105286,167,217,41,100,1,-1,-1,-1
411,105287,-2,112,32,78,1,-1,-1,-1
411,105293,456,489,93,152,1,-1,-1,-1
411,105295,721,365,61,131,1,-1,-1,-1
411,105305,1325,701,130,182,1,-1,-1,-1
411,105306,98,464,77,159,1,-1,-1,-1
411,105312,741,212,46,104,1,-1,-1,-1
411,105331,725,243,41,94,1,-1,-1,-1
411,105333,1333,628,101,164,1,-1,-1,-1
411,105334,931,247,46,109,1,-1,-1,-1
411,105336,1181,373,54,127,1,-1,-1,-1
411,105359,1464,164,46,89,1,-1,-1,-1
411,105362,1396,839,27,18,1,-1,-1,-1
412,105280,510,354,54,120,1,-1,-1,-1
412,105282,433,177,48,87,1,-1,-1,-1
412,105284,139,232,39,103,1,-1,-1,-1
412,105286,155,217,42,100,1,-1,-1,-1
412,105287,-8,113,29,75,1,-1,-1,-1
412,105293,457,489,91,153,1,-1,-1,-1
412,105295,718,367,62,131,1,-1,-1,-1
412,105305,1317,699,131,181,1,-1,-1,-1
412,105306,91,464,78,159,1,-1,-1,-1
412,105312,735,213,45,104,1,-1,-1,-1
412,105331,718,243,42,95,1,-1,-1,-1
412,105333,1330,634,103,165,1,-1,-1,-1
412,105334,924,247,45,109,1,-1,-1,-1
412,105336,1177,374,53,126,1,-1,-1,-1
412,105359,1452,164,47,89,1,-1,-1,-1
413,105280,505,357,54,119,1,-1,-1,-1
413,105282,427,178,48,87,1,-1,-1,-1
413,105284,129,233,38,103,1,-1,-1,-1
413,105286,143,217,42,100,1,-1,-1,-1
413,105293,456,489,90,153,1,-1,-1,-1
413,105295,715,368,63,133,1,-1,-1,-1
413,105305,1307,698,132,179,1,-1,-1,-1
413,105306,83,465,79,159,1,-1,-1,-1
413,105312,727,215,44,103,1,-1,-1,-1
413,105331,711,243,42,96,1,-1,-1,-1
413,105333,1324,639,107,167,1,-1,-1,-1
413,105334,916,247,45,109,1,-1,-1,-1
413,105336,1171,376,53,126,1,-1,-1,-1
413,105359,1439,165,47,88,1,-1,-1,-1
414,105280,500,360,53,119,1,-1,-1,-1
414,105282,420,179,48,87,1,-1,-1,-1
414,105284,118,234,39,103,1,-1,-1,-1
414,105286,132,218,41,100,1,-1,-1,-1
414,105293,453,489,91,153,1,-1,-1,-1
414,105295,712,370,64,134,1,-1,-1,-1
414,105305,1297,697,132,177,1,-1,-1,-1
414,105306,74,465,79,159,1,-1,-1,-1
414,105312,718,217,44,101,1,-1,-1,-1
414,105331,704,243,42,98,1,-1,-1,-1
414,105333,1318,646,111,167,1,-1,-1,-1
414,105334,908,247,46,109,1,-1,-1,-1
414,105336,1165,379,51,126,1,-1,-1,-1
414,105359,1426,165,47,88,1,-1,-1,-1
415,105280,495,363,52,119,1,-1,-1,-1
415,105282,410,180,47,87,1,-1,-1,-1
415,105284,107,235,39,103,1,-1,-1,-1
415,105286,117,218,42,100,1,-1,-1,-1
415,105293,450,489,91,154,1,-1,-1,-1
415,105295,709,371,64,136,1,-1,-1,-1
415,105305,1286,695,133,176,1,-1,-1,-1
415,105306,66,466,78,159,1,-1,-1,-1
415,105312,710,219,43,99,1,-1,-1,-1
415,105331,692,243,42,100,1,-1,-1,-1
415,105333,1310,652,117,169,1,-1,-1,-1
415,105334,895,248,46,107,1,-1,-1,-1
415,105336,1158,382,51,125,1,-1,-1,-1
415,105359,1412,165,48,88,1,-1,-1,-1
416,105280,488,367,53,119,1,-1,-1,-1
416,105282,405,181,47,86,1,-1,-1,-1
416,105284,95,236,38,103,1,-1,-1,-1
416,105286,110,219,42,100,1,-1,-1,-1
416,105293,446,489,93,154,1,-1,-1,-1
416,105295,706,373,64,137,1,-1,-1,-1
416,105305,1275,694,134,175,1,-1,-1,-1
416,105306,58,466,77,159,1,-1,-1,-1
416,105312,701,221,42,97,1,-1,-1,-1
416,105331,687,243,43,101,1,-1,-1,-1
416,105333,1302,659,123,171,1,-1,-1,-1
416,105334,889,248,47,107,1,-1,-1,-1
416,105336,1152,385,50,123,1,-1,-1,-1
416,105359,1397,165,48,89,1,-1,-1,-1
417,105280,486,369,53,119,1,-1,-1,-1
417,105282,401,181,46,87,1,-1,-1,-1
417,105284,88,237,38,104,1,-1,-1,-1
417,105286,105,220,42,100,1,-1,-1,-1
417,105293,448,490,92,153,1,-1,-1,-1
417,105295,708,375,63,138,1,-1,-1,-1
417,105305,1264,693,136,174,1,-1,-1,-1
417,105306,49,467,76,159,1,-1,-1,-1
417,105312,695,222,41,97,1,-1,-1,-1
417,105331,683,243,43,102,1,-1,-1,-1
417,105333,1296,662,128,171,1,-1,-1,-1
417,105334,882,250,48,106,1,-1,-1,-1
417,105336,1146,387,50,125,1,-1,-1,-1
417,105359,1387,166,48,88,1,-1,-1,-1
418,105280,485,369,53,120,1,-1,-1,-1
418,105282,396,181,46,87,1,-1,-1,-1
418,105284,82,239,39,103,1,-1,-1,-1
418,105286,101,221,41,100,1,-1,-1,-1
418,105293,453,492,92,151,1,-1,-1,-1
418,105295,712,377,61,136,1,-1,-1,-1
418,105305,1254,692,136,172,1,-1,-1,-1
418,105306,44,468,76,158,1,-1,-1,-1
418,105312,689,222,42,97,1,-1,-1,-1
418,105331,680,244,42,101,1,-1,-1,-1
418,105333,1291,663,132,171,1,-1,-1,-1
418,105334,875,251,48,105,1,-1,-1,-1
418,105336,1142,389,51,126,1,-1,-1,-1
418,105359,1379,166,47,88,1,-1,-1,-1
419,105280,485,370,54,120,1,-1,-1,-1
419,105282,391,182,46,87,1,-1,-1,-1
419,105284,76,241,39,103,1,-1,-1,-1
419,105286,96,222,42,100,1,-1,-1,-1
419,105293,460,494,89,149,1,-1,-1,-1
419,105295,716,380,60,135,1,-1,-1,-1
419,105305,1243,691,137,171,1,-1,-1,-1
419,105306,40,469,75,158,1,-1,-1,-1
419,105312,684,222,42,98,1,-1,-1,-1
419,105331,677,245,41,100,1,-1,-1,-1
419,105333,1287,664,135,171,1,-1,-1,-1
419,105334,868,252,47,103,1,-1,-1,-1
419,105336,1137,391,52,128,1,-1,-1,-1
419,105359,1371,166,48,89,1,-1,-1,-1
420,105280,485,371,54,121,1,-1,-1,-1
420,105282,383,182,46,88,1,-1,-1,-1
420,105284,71,243,39,103,1,-1,-1,-1
420,105286,91,223,42,100,1,-1,-1,-1
420,105293,468,496,85,147,1,-1,-1,-1
420,105295,721,383,59,133,1,-1,-1,-1
420,105305,1226,690,138,167,1,-1,-1,-1
420,105306,36,471,76,156,1,-1,-1,-1
420,105312,675,222,44,99,1,-1,-1,-1
420,105331,673,246,40,100,1,-1,-1,-1
420,105333,1283,665,136,171,1,-1,-1,-1
420,105334,856,254,47,102,1,-1,-1,-1
420,105336,1132,392,53,130,1,-1,-1,-1
420,105359,1363,166,48,88,1,-1,-1,-1
421,105280,485,371,55,121,1,-1,-1,-1
421,105282,380,183,46,88,1,-1,-1,-1
421,105284,67,245,38,103,1,-1,-1,-1
421,105286,87,225,42,100,1,-1,-1,-1
421,105293,477,497,81,146,1,-1,-1,-1
421,105295,726,385,57,132,1,-1,-1,-1
421,105305,1219,689,139,167,1,-1,-1,-1
421,105306,31,472,77,155,1,-1,-1,-1
421,105312,672,222,45,100,1,-1,-1,-1
421,105331,670,247,39,99,1,-1,-1,-1
421,105333,1282,667,138,172,1,-1,-1,-1
421,105334,852,255,48,101,1,-1,-1,-1
421,105336,1128,394,54,131,1,-1,-1,-1
421,105359,1354,166,47,88,1,-1,-1,-1
422,105280,489,373,55,121,1,-1,-1,-1
422,105282,379,183,46,89,1,-1,-1,-1
422,105284,66,247,38,103,1,-1,-1,-1
422,105286,83,226,42,100,1,-1,-1,-1
422,105293,486,501,78,144,1,-1,-1,-1
422,105295,730,387,58,133,1,-1,-1,-1
422,105305,1202,686,142,169,1,-1,-1,-1
422,105306,30,473,78,155,1,-1,-1,-1
422,105312,670,224,46,100,1,-1,-1,-1
422,105331,671,249,38,98,1,-1,-1,-1
422,105333,1282,672,140,171,1,-1,-1,-1
422,105334,852,256,48,101,1,-1,-1,-1
422,105336,1126,395,55,132,1,-1,-1,-1
422,105359,1349,167,47,88,1,-1,-1,-1
423,105280,494,375,55,121,1,-1,-1,-1
423,105282,379,184,46,89,1,-1,-1,-1
423,105284,66,249,39,103,1,-1,-1,-1
423,105286,78,227,42,100,1,-1,-1,-1
423,105293,496,505,75,143,1,-1,-1,-1
423,105295,735,389,59,135,1,-1,-1,-1
423,105305,1183,683,144,171,1,-1,-1,-1
423,105306,29,473,79,155,1,-1,-1,-1
423,105312,668,226,47,100,1,-1,-1,-1
423,105331,672,250,38,99,1,-1,-1,-1
423,105333,1284,677,141,172,1,-1,-1,-1
423,105334,853,256,48,102,1,-1,-1,-1
423,105336,1127,397,55,131,1,-1,-1,-1
423,105359,1346,167,48,89,1,-1,-1,-1
424,105280,498,377,56,121,1,-1,-1,-1
424,105282,380,185,46,89,1,-1,-1,-1
424,105284,68,251,38,103,1,-1,-1,-1
424,105286,74,228,42,100,1,-1,-1,-1
424,105293,505,509,73,141,1,-1,-1,-1
424,105295,739,392,62,136,1,-1,-1,-1
424,105305,1163,680,146,173,1,-1,-1,-1
424,105306,29,473,79,156,1,-1,-1,-1
424,105312,666,228,49,99,1,-1,-1,-1
424,105331,675,252,37,99,1,-1,-1,-1
424,105333,1285,683,143,171,1,-1,-1,-1
424,105334,855,256,48,103,1,-1,-1,-1
424,105336,1129,399,55,129,1,-1,-1,-1
424,105359,1344,167,48,90,1,-1,-1,-1
425,105280,503,379,56,120,1,-1,-1,-1
425,105282,383,186,44,91,1,-1,-1,-1
425,105284,70,253,38,103,1,-1,-1,-1
425,105286,69,230,42,100,1,-1,-1,-1
425,105293,520,517,71,138,1,-1,-1,-1
425,105295,746,394,66,140,1,-1,-1,-1
425,105305,1142,677,148,175,1,-1,-1,-1
425,105306,30,473,79,156,1,-1,-1,-1
425,105312,664,231,51,99,1,-1,-1,-1
425,105331,677,253,37,100,1,-1,-1,-1
425,105333,1288,692,144,170,1,-1,-1,-1
425,105334,857,256,48,104,1,-1,-1,-1
425,105336,1131,400,54,129,1,-1,-1,-1
425,105359,1342,167,48,91,1,-1,-1,-1
426,105280,509,382,56,120,1,-1,-1,-1
426,105282,384,187,43,91,1,-1,-1,-1
426,105284,71,255,38,103,1,-1,-1,-1
426,105286,64,231,42,100,1,-1,-1,-1
426,105293,526,519,69,137,1,-1,-1,-1
426,105295,747,395,70,141,1,-1,-1,-1
426,105305,1122,673,148,178,1,-1,-1,-1
426,105306,31,473,77,157,1,-1,-1,-1
426,105312,662,233,52,99,1,-1,-1,-1
426,105331,679,255,37,100,1,-1,-1,-1
426,105333,1288,696,146,170,1,-1,-1,-1
426,105334,859,256,48,105,1,-1,-1,-1
426,105336,1134,402,52,127,1,-1,-1,-1
426,105359,1340,167,48,92,1,-1,-1,-1
427,105280,514,383,57,121,1,-1,-1,-1
427,105282,387,188,42,91,1,-1,-1,-1
427,105284,73,257,38,103,1,-1,-1,-1
427,105286,62,233,42,99,1,-1,-1,-1
427,105293,533,521,68,136,1,-1,-1,-1
427,105295,753,398,73,141,1,-1,-1,-1
427,105305,1109,670,147,178,1,-1,-1,-1
427,105306,34,473,76,158,1,-1,-1,-1
427,105312,662,234,54,100,1,-1,-1,-1
427,105331,682,256,36,101,1,-1,-1,-1
427,105333,1289,702,145,169,1,-1,-1,-1
427,105334,862,258,47,105,1,-1,-1,-1
427,105336,1137,404,52,128,1,-1,-1,-1
427,105359,1339,167,48,93,1,-1,-1,-1
428,105280,520,383,58,122,1,-1,-1,-1
428,105282,390,190,42,91,1,-1,-1,-1
428,105284,74,259,38,103,1,-1,-1,-1
428,105286,62,234,42,100,1,-1,-1,-1
428,105293,542,522,68,137,1,-1,-1,-1
428,105295,761,401,73,141,1,-1,-1,-1
428,105305,1100,666,144,178,1,-1,-1,-1
428,105306,36,473,76,160,1,-1,-1,-1
428,105312,663,235,55,99,1,-1,-1,-1
428,105331,684,258,37,102,1,-1,-1,-1
428,105333,1290,711,142,165,1,-1,-1,-1
428,105334,867,260,46,105,1,-1,-1,-1
428,105336,1140,406,52,129,1,-1,-1,-1
428,105359,1339,169,47,91,1,-1,-1,-1
429,105280,526,383,59,123,1,-1,-1,-1
429,105282,393,192,42,91,1,-1,-1,-1
429,105284,76,261,38,103,1,-1,-1,-1
429,105286,62,235,42,100,1,-1,-1,-1
429,105293,550,523,68,137,1,-1,-1,-1
429,105295,770,405,74,141,1,-1,-1,-1
429,105305,1092,662,141,177,1,-1,-1,-1
429,105306,39,473,75,162,1,-1,-1,-1
429,105312,665,236,56,99,1,-1,-1,-1
429,105331,686,260,36,102,1,-1,-1,-1
429,105333,1291,719,138,163,1,-1,-1,-1
429,105334,871,264,46,103,1,-1,-1,-1
429,105336,1143,407,53,131,1,-1,-1,-1
429,105359,1339,170,46,91,1,-1,-1,-1
430,105280,537,383,59,124,1,-1,-1,-1
430,105282,396,194,43,91,1,-1,-1,-1
430,105284,77,264,39,103,1,-1,-1,-1
430,105286,62,236,42,100,1,-1,-1,-1
430,105293,564,525,67,137,1,-1,-1,-1
430,105295,785,410,73,142,1,-1,-1,-1
430,105305,1080,656,135,175,1,-1,-1,-1
430,105306,42,473,74,165,1,-1,-1,-1
430,105312,668,237,57,99,1,-1,-1,-1
430,105331,689,262,37,103,1,-1,-1,-1
430,105333,1293,733,132,158,1,-1,-1,-1
430,105334,875,268,46,102,1,-1,-1,-1
430,105336,1147,409,54,133,1,-1,-1,-1
430,105359,1338,172,45,89,1,-1,-1,-1
431,105280,541,383,60,124,1,-1,-1,-1
431,105282,400,196,43,91,1,-1,-1,-1
431,105284,79,265,38,104,1,-1,-1,-1
431,105286,62,238,42,100,1,-1,-1,-1
431,105293,569,525,67,139,1,-1,-1,-1
431,105295,791,413,73,142,1,-1,-1,-1
431,105305,1076,654,132,173,1,-1,-1,-1
431,105306,44,473,74,168,1,-1,-1,-1
431,105312,669,237,57,99,1,-1,-1,-1
431,105331,691,263,37,103,1,-1,-1,-1
431,105333,1294,738,127,157,1,-1,-1,-1
431,105334,879,271,46,102,1,-1,-1,-1
431,105336,1150,411,55,133,1,-1,-1,-1
431,105359,1338,173,45,89,1,-1,-1,-1
432,105280,546,386,61,124,1,-1,-1,-1
432,105282,403,197,43,91,1,-1,-1,-1
432,105284,80,266,39,105,1,-1,-1,-1
432,105286,62,239,42,100,1,-1,-1,-1
432,105293,579,526,68,140,1,-1,-1,-1
432,105295,799,415,72,143,1,-1,-1,-1
432,105305,1063,651,130,175,1,-1,-1,-1
432,105306,45,473,73,169,1,-1,-1,-1
432,105312,669,237,58,100,1,-1,-1,-1
432,105331,694,265,37,103,1,-1,-1,-1
432,105333,1291,738,127,159,1,-1,-1,-1
432,105334,881,273,46,101,1,-1,-1,-1
432,105336,1155,413,55,135,1,-1,-1,-1
432,105359,1340,174,44,88,1,-1,-1,-1
433,105280,553,391,61,122,1,-1,-1,-1
433,105282,405,197,44,91,1,-1,-1,-1
433,105284,82,267,39,105,1,-1,-1,-1
433,105286,63,240,42,100,1,-1,-1,-1
433,105293,591,528,69,142,1,-1,-1,-1
433,105295,807,419,71,142,1,-1,-1,-1
433,105305,1045,649,128,178,1,-1,-1,-1
433,105306,46,475,71,168,1,-1,-1,-1
433,105312,669,238,59,100,1,-1,-1,-1
433,105331,698,266,37,103,1,-1,-1,-1
433,105333,1287,735,127,163,1,-1,-1,-1
433,105334,882,273,47,100,1,-1,-1,-1
433,105336,1161,417,55,135,1,-1,-1,-1
433,105359,1341,174,44,88,1,-1,-1,-1
434,105280,560,396,61,121,1,-1,-1,-1
434,105282,408,197,44,91,1,-1,-1,-1
434,105284,83,267,40,107,1,-1,-1,-1
434,105286,63,241,42,100,1,-1,-1,-1
434,105293,603,529,71,145,1,-1,-1,-1
434,105295,816,422,70,143,1,-1,-1,-1
434,105305,1026,646,128,181,1,-1,-1,-1
434,105306,47,477,68,167,1,-1,-1,-1
434,105312,669,238,60,101,1,-1,-1,-1
434,105331,702,267,37,104,1,-1,-1,-1
434,105333,1281,732,130,169,1,-1,-1,-1
434,105334,883,273,47,100,1,-1,-1,-1
434,105336,1167,420,55,136,1,-1,-1,-1
434,105359,1343,175,44,88,1,-1,-1,-1
435,105280,567,401,61,120,1,-1,-1,-1
435,105282,412,197,44,91,1,-1,-1,-1
435,105284,85,268,41,108,1,-1,-1,-1
435,105286,63,243,42,100,1,-1,-1,-1
435,105293,615,531,73,148,1,-1,-1,-1
435,105295,828,427,69,143,1,-1,-1,-1
435,105305,1007,644,127,183,1,-1,-1,-1
435,105306,47,479,67,166,1,-1,-1,-1
435,105312,669,239,62,103,1,-1,-1,-1
435,105331,706,269,37,104,1,-1,-1,-1
435,105333,1273,726,133,177,1,-1,-1,-1
435,105334,884,273,46,100,1,-1,-1,-1
435,105336,1172,423,56,136,1,-1,-1,-1
435,105359,1346,177,44,88,1,-1,-1,-1
436,105280,575,407,60,119,1,-1,-1,-1
436,105282,413,197,44,90,1,-1,-1,-1
436,105284,86,269,42,108,1,-1,-1,-1
436,105286,63,244,42,100,1,-1,-1,-1
436,105293,629,533,75,150,1,-1,-1,-1
436,105295,834,430,68,143,1,-1,-1,-1
436,105305,988,641,125,186,1,-1,-1,-1
436,105306,47,481,65,164,1,-1,-1,-1
436,105312,669,239,63,104,1,-1,-1,-1
436,105331,709,270,38,105,1,-1,-1,-1
436,105333,1269,724,134,180,1,-1,-1,-1
436,105334,884,273,47,100,1,-1,-1,-1
436,105336,1179,426,56,137,1,-1,-1,-1
436,105359,1347,178,43,88,1,-1,-1,-1
437,105280,579,410,61,120,1,-1,-1,-1
437,105282,415,198,43,90,1,-1,-1,-1
437,105284,87,270,42,109,1,-1,-1,-1
437,105286,63,245,42,100,1,-1,-1,-1
437,105293,639,537,76,150,1,-1,-1,-1
437,105295,843,433,68,143,1,-1,-1,-1
437,105305,972,640,123,185,1,-1,-1,-1
437,105306,48,482,63,163,1,-1,-1,-1
437,105312,668,240,64,105,1,-1,-1,-1
437,105331,713,271,38,105,1,-1,-1,-1
437,105333,1263,720,133,182,1,-1,-1,-1
437,105334,887,274,47,100,1,-1,-1,-1
437,105336,1183,430,57,136,1,-1,-1,-1
437,105359,1349,178,44,88,1,-1,-1,-1
438,105280,583,413,61,122,1,-1,-1,-1
438,105282,416,200,43,90,1,-1,-1,-1
438,105284,88,273,43,109,1,-1,-1,-1
438,105286,64,247,42,100,1,-1,-1,-1
438,105293,649,543,77,148,1,-1,-1,-1
438,105295,851,436,68,145,1,-1,-1,-1
438,105305,958,639,119,182,1,-1,-1,-1
438,105306,49,482,62,164,1,-1,-1,-1
438,105312,666,241,65,106,1,-1,-1,-1
438,105331,718,273,38,105,1,-1,-1,-1
438,105333,1256,718,131,182,1,-1,-1,-1
438,105334,891,275,46,100,1,-1,-1,-1
438,105336,1187,434,57,134,1,-1,-1,-1
438,105359,1351,179,44,88,1,-1,-1,-1
439,105280,586,416,62,122,1,-1,-1,-1
439,105282,417,202,43,90,1,-1,-1,-1
439,105284,89,275,43,109,1,-1,-1,-1
439,105286,65,248,42,100,1,-1,-1,-1
439,105293,658,550,79,146,1,-1,-1,-1
439,105295,860,438,69,147,1,-1,-1,-1
439,105305,944,638,116,179,1,-1,-1,-1
439,105306,49,482,61,164,1,-1,-1,-1
439,105312,665,243,65,107,1,-1,-1,-1
439,105331,722,274,38,106,1,-1,-1,-1
439,105333,1248,715,131,183,1,-1,-1,-1
439,105334,894,275,48,101,1,-1,-1,-1
439,105336,1191,438,56,133,1,-1,-1,-1
439,105359,1354,179,43,88,1,-1,-1,-1
440,105280,589,418,63,123,1,-1,-1,-1
440,105282,419,204,42,90,1,-1,-1,-1
440,105284,90,278,42,109,1,-1,-1,-1
440,105286,65,250,42,100,1,-1,-1,-1
440,105293,667,557,80,143,1,-1,-1,-1
440,105295,869,441,69,148,1,-1,-1,-1
440,105305,923,638,112,173,1,-1,-1,-1
440,105306,50,482,60,164,1,-1,-1,-1
440,105312,663,244,66,108,1,-1,-1,-1
440,105331,727,276,39,107,1,-1,-1,-1
440,105333,1236,710,129,184,1,-1,-1,-1
440,105334,900,276,48,103,1,-1,-1,-1
440,105336,1195,444,57,131,1,-1,-1,-1
440,105359,1356,180,43,88,1,-1,-1,-1
441,105280,593,421,63,125,1,-1,-1,-1
441,105282,421,207,40,89,1,-1,-1,-1
441,105284,90,280,43,109,1,-1,-1,-1
441,105286,66,252,42,100,1,-1,-1,-1
441,105293,676,565,84,139,1,-1,-1,-1
441,105295,879,444,69,151,1,-1,-1,-1
441,105305,915,638,111,172,1,-1,-1,-1
441,105306,50,482,59,164,1,-1,-1,-1
441,105312,661,247,67,109,1,-1,-1,-1
441,105331,730,277,39,107,1,-1,-1,-1
441,105333,1232,708,127,184,1,-1,-1,-1
441,105334,903,277,48,103,1,-1,-1,-1
441,105336,1197,446,56,130,1,-1,-1,-1
441,105359,1358,181,44,88,1,-1,-1,-1
442,105280,596,423,64,127,1,-1,-1,-1
442,105282,422,208,40,89,1,-1,-1,-1
442,105284,90,283,43,110,1,-1,-1,-1
442,105286,67,254,42,100,1,-1,-1,-1
442,105293,682,567,86,140,1,-1,-1,-1
442,105295,887,447,69,151,1,-1,-1,-1
442,105305,906,637,112,174,1,-1,-1,-1
442,105306,51,484,58,164,1,-1,-1,-1
442,105312,659,248,68,110,1,-1,-1,-1
442,105331,732,279,39,107,1,-1,-1,-1
442,105333,1229,706,125,185,1,-1,-1,-1
442,105334,906,279,49,103,1,-1,-1,-1
442,105336,1197,449,57,131,1,-1,-1,-1
442,105359,1360,182,44,88,1,-1,-1,-1
443,105280,600,426,64,128,1,-1,-1,-1
443,105282,424,209,40,90,1,-1,-1,-1
443,105284,89,285,45,112,1,-1,-1,-1
443,105286,68,255,43,102,1,-1,-1,-1
443,105293,686,567,89,143,1,-1,-1,-1
443,105295,893,450,70,152,1,-1,-1,-1
443,105305,898,636,112,177,1,-1,-1,-1
443,105306,50,486,58,164,1,-1,-1,-1
443,105312,658,248,68,111,1,-1,-1,-1
443,105331,734,281,39,106,1,-1,-1,-1
443,105333,1225,703,125,187,1,-1,-1,-1
443,105334,911,281,49,105,1,-1,-1,-1
443,105336,1197,452,58,132,1,-1,-1,-1
443,105359,1362,182,44,88,1,-1,-1,-1
444,105280,603,429,65,130,1,-1,-1,-1
444,105282,426,210,40,91,1,-1,-1,-1
444,105284,89,288,44,113,1,-1,-1,-1
444,105286,69,257,44,103,1,-1,-1,-1
444,105293,690,567,92,145,1,-1,-1,-1
444,105295,900,454,69,152,1,-1,-1,-1
444,105305,890,634,111,179,1,-1,-1,-1
444,105306,50,489,57,164,1,-1,-1,-1
444,105312,658,249,67,111,1,-1,-1,-1
444,105331,736,284,39,106,1,-1,-1,-1
444,105333,1222,701,124,187,1,-1,-1,-1
444,105334,915,284,50,105,1,-1,-1,-1
444,105336,1197,455,58,133,1,-1,-1,-1
444,105359,1364,182,44,89,1,-1,-1,-1
445,105280,606,432,66,131,1,-1,-1,-1
445,105282,429,211,40,92,1,-1,-1,-1
445,105284,88,290,46,114,1,-1,-1,-1
445,105286,70,259,44,104,1,-1,-1,-1
445,105293,698,565,94,150,1,-1,-1,-1
445,105295,908,458,68,152,1,-1,-1,-1
445,105305,878,633,111,184,1,-1,-1,-1
445,105306,51,491,56,164,1,-1,-1,-1
445,105312,657,249,66,111,1,-1,-1,-1
445,105331,740,288,39,106,1,-1,-1,-1
445,105333,1219,698,123,188,1,-1,-1,-1
445,105334,920,287,50,105,1,-1,-1,-1
445,105336,1196,459,59,133,1,-1,-1,-1
445,105359,1368,183,44,90,1,-1,-1,-1
446,105280,610,436,67,132,1,-1,-1,-1
446,105282,430,211,40,93,1,-1,-1,-1
446,105284,87,293,46,115,1,-1,-1,-1
446,105286,71,260,45,106,1,-1,-1,-1
446,105293,702,564,94,153,1,-1,-1,-1
446,105295,915,462,68,153,1,-1,-1,-1
446,105305,872,632,110,186,1,-1,-1,-1
446,105306,50,494,56,164,1,-1,-1,-1
446,105312,656,250,66,112,1,-1,-1,-1
446,105331,742,290,39,105,1,-1,-1,-1
446,105333,1215,696,123,189,1,-1,-1,-1
446,105334,924,290,51,106,1,-1,-1,-1
446,105336,1196,462,59,134,1,-1,-1,-1
446,105359,1369,184,44,90,1,-1,-1,-1
447,105280,613,440,67,131,1,-1,-1,-1
447,105282,432,212,40,93,1,-1,-1,-1
447,105284,87,295,47,115,1,-1,-1,-1
447,105286,72,261,45,106,1,-1,-1,-1
447,105293,710,564,93,153,1,-1,-1,-1
447,105295,922,465,67,154,1,-1,-1,-1
447,105305,864,631,107,185,1,-1,-1,-1
447,105306,50,495,55,164,1,-1,-1,-1
447,105312,655,250,65,113,1,-1,-1,-1
447,105331,744,292,39,105,1,-1,-1,-1
447,105333,1213,693,123,190,1,-1,-1,-1
447,105334,927,290,51,108,1,-1,-1,-1
447,105336,1196,465,59,136,1,-1,-1,-1
447,105359,1371,184,44,90,1,-1,-1,-1
448,105280,615,445,69,129,1,-1,-1,-1
448,105282,434,213,39,93,1,-1,-1,-1
448,105284,87,296,46,115,1,-1,-1,-1
448,105286,73,262,46,106,1,-1,-1,-1
448,105293,720,564,92,153,1,-1,-1,-1
448,105295,929,469,68,154,1,-1,-1,-1
448,105305,855,629,104,184,1,-1,-1,-1
448,105306,48,494,55,164,1,-1,-1,-1
448,105312,654,252,63,112,1,-1,-1,-1
448,105331,747,293,39,106,1,-1,-1,-1
448,105333,1211,690,122,192,1,-1,-1,-1
448,105334,931,290,51,109,1,-1,-1,-1
448,105336,1195,468,60,137,1,-1,-1,-1
448,105359,1373,185,44,90,1,-1,-1,-1
449,105280,618,451,69,125,1,-1,-1,-1
449,105282,436,214,40,93,1,-1,-1,-1
449,105284,87,297,46,116,1,-1,-1,-1
449,105286,75,262,45,106,1,-1,-1,-1
449,105293,731,563,91,154,1,-1,-1,-1
449,105295,937,473,67,153,1,-1,-1,-1
449,105305,845,627,102,184,1,-1,-1,-1
449,105306,46,494,55,164,1,-1,-1,-1
449,105312,651,254,63,112,1,-1,-1,-1
449,105331,750,296,39,107,1,-1,-1,-1
449,105333,1210,686,122,194,1,-1,-1,-1
449,105334,935,290,51,109,1,-1,-1,-1
449,105336,1195,472,61,137,1,-1,-1,-1
449,105359,1375,186,44,91,1,-1,-1,-1
450,105280,620,456,70,122,1,-1,-1,-1
450,105282,438,215,40,93,1,-1,-1,-1
450,105284,87,298,46,116,1,-1,-1,-1
450,105286,77,263,45,106,1,-1,-1,-1
450,105293,741,563,91,154,1,-1,-1,-1
450,105295,943,477,69,153,1,-1,-1,-1
450,105305,828,623,100,184,1,-1,-1,-1
450,105306,45,493,55,163,1,-1,-1,-1
450,105312,650,256,61,112,1,-1,-1,-1
450,105331,753,299,40,108,1,-1,-1,-1
450,105333,1209,682,120,196,1,-1,-1,-1
450,105334,940,289,51,112,1,-1,-1,-1
450,105336,1195,477,61,138,1,-1,-1,-1
450,105359,1377,187,44,91,1,-1,-1,-1
451,105280,622,461,72,120,1,-1,-1,-1
451,105282,441,216,40,92,1,-1,-1,-1
451,105284,87,299,45,116,1,-1,-1,-1
451,105286,78,263,45,106,1,-1,-1,-1
451,105293,753,563,89,154,1,-1,-1,-1
451,105295,951,481,69,153,1,-1,-1,-1
451,105305,822,622,97,183,1,-1,-1,-1
451,105306,42,491,56,164,1,-1,-1,-1
451,105312,648,258,59,112,1,-1,-1,-1
451,105331,755,301,40,108,1,-1,-1,-1
451,105333,1207,678,120,199,1,-1,-1,-1
451,105334,942,289,51,113,1,-1,-1,-1
451,105336,1195,479,60,139,1,-1,-1,-1
451,105359,1378,187,45,92,1,-1,-1,-1
452,105280,627,463,74,120,1,-1,-1,-1
452,105282,441,216,40,93,1,-1,-1,-1
452,105284,87,301,45,116,1,-1,-1,-1
452,105286,77,264,46,107,1,-1,-1,-1
452,105293,759,563,88,156,1,-1,-1,-1
452,105295,956,484,70,153,1,-1,-1,-1
452,105305,812,620,95,182,1,-1,-1,-1
452,105306,40,492,56,163,1,-1,-1,-1
452,105312,646,259,58,112,1,-1,-1,-1
452,105331,756,302,41,110,1,-1,-1,-1
452,105333,1207,675,117,200,1,-1,-1,-1
452,105334,946,290,50,113,1,-1,-1,-1
452,105336,1193,484,61,138,1,-1,-1,-1
452,105359,1380,188,44,92,1,-1,-1,-1
453,105280,634,462,76,122,1,-1,-1,-1
453,105282,440,216,42,94,1,-1,-1,-1
453,105284,86,303,45,117,1,-1,-1,-1
453,105286,78,266,45,106,1,-1,-1,-1
453,105293,762,563,89,158,1,-1,-1,-1
453,105295,962,485,70,154,1,-1,-1,-1
453,105305,800,617,93,182,1,-1,-1,-1
453,105306,38,492,57,164,1,-1,-1,-1
453,105312,645,259,57,113,1,-1,-1,-1
453,105331,759,302,40,112,1,-1,-1,-1
453,105333,1207,672,114,201,1,-1,-1,-1
453,105334,951,293,50,113,1,-1,-1,-1
453,105336,1191,490,60,135,1,-1,-1,-1
453,105359,1381,188,44,92,1,-1,-1,-1
454,105280,642,462,77,125,1,-1,-1,-1
454,105282,440,216,42,95,1,-1,-1,-1
454,105284,85,306,45,117,1,-1,-1,-1
454,105286,77,268,46,106,1,-1,-1,-1
454,105293,765,563,89,160,1,-1,-1,-1
454,105295,967,487,70,153,1,-1,-1,-1
454,105305,787,614,91,181,1,-1,-1,-1
454,105306,36,494,58,164,1,-1,-1,-1
454,105312,643,259,57,114,1,-1,-1,-1
454,105331,761,303,41,113,1,-1,-1,-1
454,105333,1207,670,111,202,1,-1,-1,-1
454,105334,956,296,50,113,1,-1,-1,-1
454,105336,1189,496,60,133,1,-1,-1,-1
454,105359,1383,188,44,93,1,-1,-1,-1
455,105280,649,461,78,128,1,-1,-1,-1
455,105282,439,216,42,96,1,-1,-1,-1
455,105284,84,308,45,117,1,-1,-1,-1
455,105286,77,271,45,106,1,-1,-1,-1
455,105293,767,563,89,163,1,-1,-1,-1
455,105295,975,490,69,154,1,-1,-1,-1
455,105305,775,611,88,180,1,-1,-1,-1
455,105306,34,495,58,166,1,-1,-1,-1
455,105312,641,260,57,114,1,-1,-1,-1
455,105331,762,304,41,114,1,-1,-1,-1
455,105333,1207,667,107,203,1,-1,-1,-1
455,105334,961,298,50,113,1,-1,-1,-1
455,105336,1185,507,60,128,1,-1,-1,-1
455,105359,1385,189,44,92,1,-1,-1,-1
456,105280,658,461,78,131,1,-1,-1,-1
456,105282,438,216,43,97,1,-1,-1,-1
456,105284,84,311,45,118,1,-1,-1,-1
456,105286,77,273,45,106,1,-1,-1,-1
456,105293,769,563,90,166,1,-1,-1,-1
456,105295,979,492,69,152,1,-1,-1,-1
456,105305,761,607,87,179,1,-1,-1,-1
456,105306,31,496,59,167,1,-1,-1,-1
456,105312,640,260,56,115,1,-1,-1,-1
456,105331,764,305,41,115,1,-1,-1,-1
456,105333,1208,664,102,203,1,-1,-1,-1
456,105334,967,301,49,114,1,-1,-1,-1
456,105336,1183,511,61,126,1,-1,-1,-1
456,105359,1385,189,44,92,1,-1,-1,-1
457,105280,666,461,77,133,1,-1,-1,-1
457,105282,439,216,44,98,1,-1,-1,-1
457,105284,83,312,46,119,1,-1,-1,-1
457,105286,77,274,46,106,1,-1,-1,-1
457,105293,769,562,89,167,1,-1,-1,-1
457,105295,986,494,69,151,1,-1,-1,-1
457,105305,750,605,85,176,1,-1,-1,-1
457,105306,30,497,60,166,1,-1,-1,-1
457,105312,638,260,57,115,1,-1,-1,-1
457,105331,766,306,41,117,1,-1,-1,-1
457,105333,1210,661,98,202,1,-1,-1,-1
457,105334,971,303,49,114,1,-1,-1,-1
457,105336,1181,516,63,123,1,-1,-1,-1
457,105359,1388,189,44,92,1,-1,-1,-1
458,105280,674,463,76,133,1,-1,-1,-1
458,105282,441,217,44,98,1,-1,-1,-1
458,105284,83,312,46,121,1,-1,-1,-1
458,105286,78,275,46,106,1,-1,-1,-1
458,105293,769,562,87,167,1,-1,-1,-1
458,105295,995,498,69,147,1,-1,-1,-1
458,105305,739,602,84,174,1,-1,-1,-1
458,105306,31,497,60,165,1,-1,-1,-1
458,105312,638,261,56,115,1,-1,-1,-1
458,105331,767,307,42,118,1,-1,-1,-1
458,105333,1213,659,94,199,1,-1,-1,-1
458,105334,974,305,50,113,1,-1,-1,-1
458,105336,1180,520,64,121,1,-1,-1,-1
458,105359,1391,189,43,92,1,-1,-1,-1
459,105280,682,464,74,135,1,-1,-1,-1
459,105282,444,218,43,98,1,-1,-1,-1
459,105284,83,312,46,122,1,-1,-1,-1
459,105286,80,276,46,106,1,-1,-1,-1
459,105293,767,561,86,168,1,-1,-1,-1
459,105295,1003,503,71,143,1,-1,-1,-1
459,105305,727,599,84,172,1,-1,-1,-1
459,105306,32,497,60,164,1,-1,-1,-1
459,105312,637,261,57,116,1,-1,-1,-1
459,105331,769,309,41,118,1,-1,-1,-1
459,105333,1215,657,91,196,1,-1,-1,-1
459,105334,977,306,50,114,1,-1,-1,-1
459,105336,1179,524,65,118,1,-1,-1,-1
459,105359,1394,190,44,91,1,-1,-1,-1
459,105372,3,564,37,142,1,-1,-1,-1
460,105280,694,467,73,136,1,-1,-1,-1
460,105282,446,218,44,99,1,-1,-1,-1
460,105284,82,312,47,124,1,-1,-1,-1
460,105286,82,277,46,106,1,-1,-1,-1
460,105293,765,560,84,168,1,-1,-1,-1
460,105295,1012,507,72,140,1,-1,-1,-1
460,105305,716,597,84,168,1,-1,-1,-1
460,105306,34,497,59,163,1,-1,-1,-1
460,105312,636,262,58,116,1,-1,-1,-1
460,105331,770,310,42,119,1,-1,-1,-1
460,105333,1217,653,88,191,1,-1,-1,-1
460,105334,980,307,50,114,1,-1,-1,-1
460,105336,1177,532,66,113,1,-1,-1,-1
460,105359,1397,190,44,91,1,-1,-1,-1
460,105372,7,562,41,154,1,-1,-1,-1
461,105280,699,468,71,137,1,-1,-1,-1
461,105282,449,219,43,99,1,-1,-1,-1
461,105284,82,312,47,125,1,-1,-1,-1
461,105286,82,277,47,106,1,-1,-1,-1
461,105293,765,560,81,167,1,-1,-1,-1
461,105295,1021,511,75,137,1,-1,-1,-1
461,105305,703,594,85,166,1,-1,-1,-1
461,105306,36,497,58,162,1,-1,-1,-1
461,105312,636,262,57,117,1,-1,-1,-1
461,105331,772,311,41,120,1,-1,-1,-1
461,105333,1218,652,87,189,1,-1,-1,-1
461,105334,983,308,51,115,1,-1,-1,-1
461,105336,1176,535,68,111,1,-1,-1,-1
461,105359,1401,191,43,91,1,-1,-1,-1
461,105372,13,559,45,170,1,-1,-1,-1
461,105374,1080,640,31,20,1,-1,-1,-1
462,105280,706,470,69,136,1,-1,-1,-1
462,105282,450,220,43,99,1,-1,-1,-1
462,105284,80,314,48,125,1,-1,-1,-1
462,105286,83,277,48,107,1,-1,-1,-1
462,105293,765,558,80,167,1,-1,-1,-1
462,105295,1028,514,78,136,1,-1,-1,-1
462,105305,696,592,87,166,1,-1,-1,-1
462,105306,36,497,58,162,1,-1,-1,-1
462,105312,635,263,58,116,1,-1,-1,-1
462,105331,773,313,41,120,1,-1,-1,-1
462,105333,1218,650,87,188,1,-1,-1,-1
462,105334,987,308,50,116,1,-1,-1,-1
462,105336,1177,535,71,112,1,-1,-1,-1
462,105359,1403,191,43,91,1,-1,-1,-1
462,105372,14,558,48,174,1,-1,-1,-1
462,105374,1090,642,31,20,1,-1,-1,-1
463,105280,713,473,68,133,1,-1,-1,-1
463,105282,450,220,43,99,1,-1,-1,-1
463,105284,79,316,47,125,1,-1,-1,-1
463,105286,84,277,49,109,1,-1,-1,-1
463,105293,765,556,78,167,1,-1,-1,-1
463,105295,1036,516,80,136,1,-1,-1,-1
463,105305,690,589,90,167,1,-1,-1,-1
463,105306,38,496,56,162,1,-1,-1,-1
463,105312,635,263,58,116,1,-1,-1,-1
463,105331,774,314,42,121,1,-1,-1,-1
463,105333,1217,648,86,186,1,-1,-1,-1
463,105334,989,307,52,118,1,-1,-1,-1
463,105336,1178,535,75,114,1,-1,-1,-1
463,105359,1404,191,44,91,1,-1,-1,-1
463,105372,14,558,49,175,1,-1,-1,-1
463,105374,1102,646,31,20,1,-1,-1,-1
464,105280,721,477,68,129,1,-1,-1,-1
464,105282,450,220,42,99,1,-1,-1,-1
464,105284,77,319,47,124,1,-1,-1,-1
464,105286,86,277,51,111,1,-1,-1,-1
464,105293,765,553,76,168,1,-1,-1,-1
464,105295,1044,518,82,136,1,-1,-1,-1
464,105305,685,586,93,169,1,-1,-1,-1
464,105306,38,496,56,162,1,-1,-1,-1
464,105312,634,263,58,116,1,-1,-1,-1
464,105331,776,315,41,122,1,-1,-1,-1
464,105333,1216,645,85,186,1,-1,-1,-1
464,105334,993,307,51,118,1,-1,-1,-1
464,105336,1180,535,78,115,1,-1,-1,-1
464,105359,1405,191,44,91,1,-1,-1,-1
464,105372,14,558,51,175,1,-1,-1,-1
465,105280,730,482,69,124,1,-1,-1,-1
465,105282,450,220,42,99,1,-1,-1,-1
465,105284,74,323,47,124,1,-1,-1,-1
465,105286,87,277,53,112,1,-1,-1,-1
465,105293,765,551,74,168,1,-1,-1,-1
465,105295,1059,521,83,136,1,-1,-1,-1
465,105305,680,583,95,171,1,-1,-1,-1
465,105306,39,495,56,162,1,-1,-1,-1
465,105312,633,263,57,116,1,-1,-1,-1
465,105331,778,317,42,123,1,-1,-1,-1
465,105333,1215,643,85,185,1,-1,-1,-1
465,105334,996,306,52,120,1,-1,-1,-1
465,105336,1182,535,82,117,1,-1,-1,-1
465,105359,1406,191,45,92,1,-1,-1,-1
465,105372,14,558,51,174,1,-1,-1,-1
466,105280,734,483,72,123,1,-1,-1,-1
466,105282,450,220,41,99,1,-1,-1,-1
466,105284,73,325,47,123,1,-1,-1,-1
466,105286,88,277,55,114,1,-1,-1,-1
466,105293,765,549,73,167,1,-1,-1,-1
466,105295,1064,522,84,136,1,-1,-1,-1
466,105305,674,579,98,174,1,-1,-1,-1
466,105306,39,495,56,162,1,-1,-1,-1
466,105312,633,263,57,116,1,-1,-1,-1
466,105331,779,318,42,123,1,-1,-1,-1
466,105333,1214,640,84,185,1,-1,-1,-1
466,105334,1000,305,52,122,1,-1,-1,-1
466,105336,1183,535,86,118,1,-1,-1,-1
466,105359,1407,191,45,92,1,-1,-1,-1
466,105372,14,558,53,174,1,-1,-1,-1
467,105280,739,480,75,127,1,-1,-1,-1
467,105282,450,220,41,99,1,-1,-1,-1
467,105284,70,325,47,124,1,-1,-1,-1
467,105286,88,277,56,115,1,-1,-1,-1
467,105293,763,548,72,166,1,-1,-1,-1
467,105295,1070,523,88,139,1,-1,-1,-1
467,105305,668,576,99,173,1,-1,-1,-1
467,105306,38,495,56,162,1,-1,-1,-1
467,105312,631,263,57,116,1,-1,-1,-1
467,105331,778,318,41,123,1,-1,-1,-1
467,105333,1211,637,83,184,1,-1,-1,-1
467,105334,1001,306,52,122,1,-1,-1,-1
467,105336,1186,536,88,117,1,-1,-1,-1
467,105359,1406,189,46,93,1,-1,-1,-1
467,105372,17,557,54,175,1,-1,-1,-1
468,105280,744,476,78,132,1,-1,-1,-1
468,105282,450,220,41,99,1,-1,-1,-1
468,105284,65,325,48,125,1,-1,-1,-1
468,105286,87,277,57,115,1,-1,-1,-1
468,105293,759,547,71,167,1,-1,-1,-1
468,105295,1077,525,92,143,1,-1,-1,-1
468,105305,663,574,99,170,1,-1,-1,-1
468,105306,36,495,57,162,1,-1,-1,-1
468,105312,630,263,57,116,1,-1,-1,-1
468,105331,776,319,41,124,1,-1,-1,-1
468,105333,1209,633,82,183,1,-1,-1,-1
468,105334,1002,306,51,123,1,-1,-1,-1
468,105336,1190,536,88,117,1,-1,-1,-1
468,105359,1405,188,46,94,1,-1,-1,-1
468,105372,20,557,57,176,1,-1,-1,-1
469,105280,750,472,80,137,1,-1,-1,-1
469,105282,450,220,41,99,1,-1,-1,-1
469,105284,61,324,47,127,1,-1,-1,-1
469,105286,86,277,58,114,1,-1,-1,-1
469,105293,756,547,70,166,1,-1,-1,-1
469,105295,1083,526,97,149,1,-1,-1,-1
469,105305,657,572,98,166,1,-1,-1,-1
469,105306,34,495,58,162,1,-1,-1,-1
469,105312,629,263,56,116,1,-1,-1,-1
469,105331,774,320,42,124,1,-1,-1,-1
469,105333,1206,629,82,181,1,-1,-1,-1
469,105334,1002,308,51,122,1,-1,-1,-1
469,105336,1193,536,89,116,1,-1,-1,-1
469,105359,1404,186,47,95,1,-1,-1,-1
469,105372,23,556,61,177,1,-1,-1,-1
470,105280,757,467,81,143,1,-1,-1,-1
470,105282,450,220,41,99,1,-1,-1,-1
470,105284,56,324,48,127,1,-1,-1,-1
470,105286,85,277,58,114,1,-1,-1,-1
470,105293,752,547,69,165,1,-1,-1,-1
470,105295,1090,527,102,155,1,-1,-1,-1
470,105305,648,569,97,159,1,-1,-1,-1
470,105306,31,495,60,163,1,-1,-1,-1
470,105312,627,263,56,116,1,-1,-1,-1
470,105331,772,320,42,124,1,-1,-1,-1
470,105333,1201,622,80,179,1,-1,-1,-1
470,105334,1002,309,51,122,1,-1,-1,-1
470,105336,1199,537,87,115,1,-1,-1,-1
470,105359,1402,184,48,96,1,-1,-1,-1
470,105372,27,555,64,179,1,-1,-1,-1
471,105280,765,462,80,150,1,-1,-1,-1
471,105282,449,220,41,99,1,-1,-1,-1
471,105284,52,323,48,129,1,-1,-1,-1
471,105286,84,277,59,114,1,-1,-1,-1
471,105293,748,547,69,165,1,-1,-1,-1
471,105295,1096,529,109,161,1,-1,-1,-1
471,105305,645,567,97,157,1,-1,-1,-1
471,105306,28,495,62,163,1,-1,-1,-1
471,105312,626,263,55,115,1,-1,-1,-1
471,105331,770,321,42,124,1,-1,-1,-1
471,105333,1199,619,81,178,1,-1,-1,-1
471,105334,1002,310,50,122,1,-1,-1,-1
471,105336,1202,538,86,114,1,-1,-1,-1
471,105359,1401,183,47,96,1,-1,-1,-1
471,105372,31,554,67,181,1,-1,-1,-1
472,105280,770,461,79,152,1,-1,-1,-1
472,105282,448,219,41,99,1,-1,-1,-1
472,105284,48,323,48,129,1,-1,-1,-1
472,105286,83,277,59,114,1,-1,-1,-1
472,105293,742,543,69,166,1,-1,-1,-1
472,105295,1104,532,110,160,1,-1,-1,-1
472,105305,641,564,98,156,1,-1,-1,-1
472,105306,25,495,65,164,1,-1,-1,-1
472,105312,623,262,54,116,1,-1,-1,-1
472,105331,768,321,43,124,1,-1,-1,-1
472,105333,1197,617,80,174,1,-1,-1,-1
472,105334,1002,311,49,122,1,-1,-1,-1
472,105336,1207,539,85,114,1,-1,-1,-1
472,105359,1398,182,48,97,1,-1,-1,-1
472,105372,33,553,69,180,1,-1,-1,-1
473,105280,777,460,76,153,1,-1,-1,-1
473,105282,446,219,41,99,1,-1,-1,-1
473,105284,44,324,48,130,1,-1,-1,-1
473,105286,82,277,59,114,1,-1,-1,-1
473,105293,736,538,69,168,1,-1,-1,-1
473,105295,1114,537,108,156,1,-1,-1,-1
473,105305,638,560,98,157,1,-1,-1,-1
473,105306,23,494,66,163,1,-1,-1,-1
473,105312,620,261,54,116,1,-1,-1,-1
473,105331,767,322,42,124,1,-1,-1,-1
473,105333,1195,615,79,170,1,-1,-1,-1
473,105334,1002,310,49,122,1,-1,-1,-1
473,105336,1212,540,84,114,1,-1,-1,-1
473,105359,1396,182,48,96,1,-1,-1,-1
473,105372,34,551,70,179,1,-1,-1,-1
474,105280,782,461,74,153,1,-1,-1,-1
474,105282,444,218,41,99,1,-1,-1,-1
474,105284,41,325,47,130,1,-1,-1,-1
474,105286,81,277,59,114,1,-1,-1,-1
474,105293,731,533,68,169,1,-1,-1,-1
474,105295,1123,542,105,151,1,-1,-1,-1
474,105305,634,555,99,158,1,-1,-1,-1
474,105306,22,494,66,162,1,-1,-1,-1
474,105312,616,260,54,116,1,-1,-1,-1
474,105331,765,322,42,124,1,-1,-1,-1
474,105333,1193,613,79,165,1,-1,-1,-1
474,105334,1001,309,49,122,1,-1,-1,-1
474,105336,1218,542,83,113,1,-1,-1,-1
474,105359,1393,181,47,96,1,-1,-1,-1
474,105372,36,549,70,178,1,-1,-1,-1
475,105280,790,462,73,153,1,-1,-1,-1
475,105282,441,217,43,99,1,-1,-1,-1
475,105284,37,326,47,129,1,-1,-1,-1
475,105286,81,277,58,114,1,-1,-1,-1
475,105293,721,524,67,172,1,-1,-1,-1
475,105295,1133,547,101,145,1,-1,-1,-1
475,105305,631,551,99,158,1,-1,-1,-1
475,105306,20,493,66,161,1,-1,-1,-1
475,105312,613,259,54,116,1,-1,-1,-1
475,105331,763,323,43,124,1,-1,-1,-1
475,105333,1191,611,79,160,1,-1,-1,-1
475,105334,1000,307,49,123,1,-1,-1,-1
475,105336,1227,546,82,113,1,-1,-1,-1
475,105359,1388,179,47,96,1,-1,-1,-1
475,105372,38,548,69,175,1,-1,-1,-1
476,105280,794,462,71,153,1,-1,-1,-1
476,105282,440,217,43,99,1,-1,-1,-1
476,105284,33,327,47,129,1,-1,-1,-1
476,105286,80,277,58,114,1,-1,-1,-1
476,105293,718,521,66,173,1,-1,-1,-1
476,105295,1144,553,96,138,1,-1,-1,-1
476,105305,627,547,100,158,1,-1,-1,-1
476,105306,19,493,66,160,1,-1,-1,-1
476,105312,609,258,53,117,1,-1,-1,-1
476,105331,760,323,44,124,1,-1,-1,-1
476,105333,1188,609,79,153,1,-1,-1,-1
476,105334,1000,306,49,125,1,-1,-1,-1
476,105336,1232,547,79,113,1,-1,-1,-1
476,105359,1386,178,47,97,1,-1,-1,-1
476,105372,40,546,67,173,1,-1,-1,-1
477,105280,803,466,69,150,1,-1,-1,-1
477,105282,440,216,43,99,1,-1,-1,-1
477,105284,31,328,47,128,1,-1,-1,-1
477,105286,81,277,57,114,1,-1,-1,-1
477,105293,715,520,65,172,1,-1,-1,-1
477,105295,1149,557,95,136,1,-1,-1,-1
477,105305,626,543,100,157,1,-1,-1,-1
477,105306,20,495,66,159,1,-1,-1,-1
477,105312,607,258,54,116,1,-1,-1,-1
477,105331,760,324,44,124,1,-1,-1,-1
477,105333,1187,606,81,152,1,-1,-1,-1
477,105334,1002,306,50,125,1,-1,-1,-1
477,105336,1237,549,81,116,1,-1,-1,-1
477,105359,1385,178,47,97,1,-1,-1,-1
477,105372,45,545,65,174,1,-1,-1,-1
478,105280,815,472,67,145,1,-1,-1,-1
478,105282,440,215,43,100,1,-1,-1,-1
478,105284,30,329,47,128,1,-1,-1,-1
478,105286,82,276,58,115,1,-1,-1,-1
478,105293,713,519,63,172,1,-1,-1,-1
478,105295,1151,561,96,136,1,-1,-1,-1
478,105305,626,540,99,156,1,-1,-1,-1
478,105306,22,498,66,156,1,-1,-1,-1
478,105312,606,257,54,117,1,-1,-1,-1
478,105331,761,324,44,125,1,-1,-1,-1
478,105333,1187,602,83,152,1,-1,-1,-1
478,105334,1003,306,51,126,1,-1,-1,-1
478,105336,1242,552,83,121,1,-1,-1,-1
478,105359,1384,178,48,97,1,-1,-1,-1
478,105372,49,545,66,173,1,-1,-1,-1
479,105280,827,478,67,140,1,-1,-1,-1
479,105282,440,215,44,99,1,-1,-1,-1
479,105284,29,329,48,129,1,-1,-1,-1
479,105286,84,276,57,115,1,-1,-1,-1
479,105293,710,519,62,171,1,-1,-1,-1
479,105295,1152,565,99,136,1,-1,-1,-1
479,105305,626,536,99,156,1,-1,-1,-1
479,105306,25,500,65,155,1,-1,-1,-1
479,105312,605,257,54,117,1,-1,-1,-1
479,105331,762,325,44,125,1,-1,-1,-1
479,105333,1187,598,86,154,1,-1,-1,-1
479,105334,1005,306,52,127,1,-1,-1,-1
479,105336,1247,555,87,126,1,-1,-1,-1
479,105359,1384,177,47,97,1,-1,-1,-1
479,105372,55,545,66,174,1,-1,-1,-1
480,105280,846,487,66,133,1,-1,-1,-1
480,105282,440,214,44,100,1,-1,-1,-1
480,105284,27,329,49,129,1,-1,-1,-1
480,105286,86,275,57,116,1,-1,-1,-1
480,105293,708,519,61,169,1,-1,-1,-1
480,105295,1153,570,104,137,1,-1,-1,-1
480,105305,625,532,99,156,1,-1,-1,-1
480,105306,27,503,64,153,1,-1,-1,-1
480,105312,605,256,54,118,1,-1,-1,-1
480,105331,763,326,44,125,1,-1,-1,-1
480,105333,1189,591,87,157,1,-1,-1,-1
480,105334,1009,305,53,130,1,-1,-1,-1
480,105336,1256,559,92,134,1,-1,-1,-1
480,105359,1383,176,48,99,1,-1,-1,-1
480,105372,62,545,68,174,1,-1,-1,-1
481,105280,853,491,67,130,1,-1,-1,-1
481,105282,441,213,44,101,1,-1,-1,-1
481,105284,27,329,49,130,1,-1,-1,-1
481,105286,88,274,56,116,1,-1,-1,-1
481,105293,705,520,60,167,1,-1,-1,-1
481,105295,1152,572,108,138,1,-1,-1,-1
481,105305,625,529,99,154,1,-1,-1,-1
481,105306,29,506,64,151,1,-1,-1,-1
481,105312,604,256,53,117,1,-1,-1,-1
481,105331,765,327,44,124,1,-1,-1,-1
481,105333,1188,588,89,158,1,-1,-1,-1
481,105334,1010,305,55,131,1,-1,-1,-1
481,105336,1260,561,93,137,1,-1,-1,-1
481,105359,1383,176,48,99,1,-1,-1,-1
481,105372,65,545,69,174,1,-1,-1,-1
482,105280,856,491,68,130,1,-1,-1,-1
482,105282,441,212,44,101,1,-1,-1,-1
482,105284,27,329,49,131,1,-1,-1,-1
482,105286,90,274,55,116,1,-1,-1,-1
482,105293,703,519,61,167,1,-1,-1,-1
482,105295,1151,572,113,141,1,-1,-1,-1
482,105305,630,529,95,149,1,-1,-1,-1
482,105306,30,508,64,151,1,-1,-1,-1
482,105312,603,255,54,118,1,-1,-1,-1
482,105331,766,328,45,124,1,-1,-1,-1
482,105333,1185,585,89,158,1,-1,-1,-1
482,105334,1013,305,55,131,1,-1,-1,-1
482,105336,1263,560,94,139,1,-1,-1,-1
482,105359,1383,175,47,99,1,-1,-1,-1
482,105372,68,545,70,174,1,-1,-1,-1
483,105280,857,490,70,130,1,-1,-1,-1
483,105282,441,212,44,101,1,-1,-1,-1
483,105284,27,330,50,131,1,-1,-1,-1
483,105286,91,273,56,118,1,-1,-1,-1
483,105293,703,518,61,166,1,-1,-1,-1
483,105295,1150,571,119,143,1,-1,-1,-1
483,105305,638,533,90,140,1,-1,-1,-1
483,105306,30,508,65,152,1,-1,-1,-1
483,105312,603,255,54,117,1,-1,-1,-1
483,105331,767,329,44,124,1,-1,-1,-1
483,105333,1180,582,90,157,1,-1,-1,-1
483,105334,1017,305,56,131,1,-1,-1,-1
483,105336,1268,558,93,141,1,-1,-1,-1
483,105359,1383,175,46,98,1,-1,-1,-1
483,105372,70,545,72,174,1,-1,-1,-1
484,105280,858,488,71,131,1,-1,-1,-1
484,105282,442,211,44,101,1,-1,-1,-1
484,105284,26,331,51,131,1,-1,-1,-1
484,105286,93,273,55,118,1,-1,-1,-1
484,105293,703,517,60,166,1,-1,-1,-1
484,105295,1150,570,124,146,1,-1,-1,-1
484,105305,646,536,86,131,1,-1,-1,-1
484,105306,29,508,66,154,1,-1,-1,-1
484,105312,602,255,54,117,1,-1,-1,-1
484,105331,769,330,44,124,1,-1,-1,-1
484,105333,1174,578,92,156,1,-1,-1,-1
484,105334,1022,305,55,131,1,-1,-1,-1
484,105336,1272,556,93,142,1,-1,-1,-1
484,105359,1382,174,46,99,1,-1,-1,-1
484,105372,72,545,74,174,1,-1,-1,-1
485,105280,860,487,71,131,1,-1,-1,-1
485,105282,442,210,44,102,1,-1,-1,-1
485,105284,26,331,51,132,1,-1,-1,-1
485,105286,96,272,55,119,1,-1,-1,-1
485,105293,704,516,59,166,1,-1,-1,-1
485,105295,1150,568,128,150,1,-1,-1,-1
485,105305,661,541,76,116,1,-1,-1,-1
485,105306,29,508,67,156,1,-1,-1,-1
485,105312,600,254,54,117,1,-1,-1,-1
485,105331,771,331,44,124,1,-1,-1,-1
485,105333,1169,575,93,155,1,-1,-1,-1
485,105334,1026,305,56,131,1,-1,-1,-1
485,105336,1275,555,93,143,1,-1,-1,-1
485,105359,1382,174,45,97,1,-1,-1,-1
485,105372,77,545,75,174,1,-1,-1,-1
485,105374,1267,697,32,21,1,-1,-1,-1
486,105280,861,485,71,132,1,-1,-1,-1
486,105282,443,209,43,103,1,-1,-1,-1
486,105284,26,332,52,133,1,-1,-1,-1
486,105286,98,271,53,120,1,-1,-1,-1
486,105293,703,515,59,165,1,-1,-1,-1
486,105295,1150,566,133,154,1,-1,-1,-1
486,105305,666,543,73,111,1,-1,-1,-1
486,105306,28,508,69,159,1,-1,-1,-1
486,105312,599,254,54,117,1,-1,-1,-1
486,105331,771,332,44,124,1,-1,-1,-1
486,105333,1162,572,95,154,1,-1,-1,-1
486,105334,1031,305,55,131,1,-1,-1,-1
486,105336,1280,552,91,145,1,-1,-1,-1
486,105359,1381,173,46,98,1,-1,-1,-1
486,105372,78,545,76,174,1,-1,-1,-1
486,105374,1278,702,34,21,1,-1,-1,-1
487,105280,861,483,71,132,1,-1,-1,-1
487,105282,440,209,43,103,1,-1,-1,-1
487,105284,25,333,52,133,1,-1,-1,-1
487,105286,98,271,54,120,1,-1,-1,-1
487,105293,703,514,58,164,1,-1,-1,-1
487,105295,1151,565,136,155,1,-1,-1,-1
487,105305,673,540,74,111,1,-1,-1,-1
487,105306,27,507,70,160,1,-1,-1,-1
487,105312,598,254,54,117,1,-1,-1,-1
487,105331,770,332,44,124,1,-1,-1,-1
487,105333,1157,570,97,154,1,-1,-1,-1
487,105334,1032,306,55,130,1,-1,-1,-1
487,105336,1281,550,90,145,1,-1,-1,-1
487,105359,1379,173,45,97,1,-1,-1,-1
487,105372,81,545,77,174,1,-1,-1,-1
488,105280,861,481,70,134,1,-1,-1,-1
488,105282,436,208,43,103,1,-1,-1,-1
488,105284,22,333,53,134,1,-1,-1,-1
488,105286,99,270,53,121,1,-1,-1,-1
488,105293,702,511,57,163,1,-1,-1,-1
488,105295,1152,564,138,156,1,-1,-1,-1
488,105305,680,535,76,113,1,-1,-1,-1
488,105306,21,506,71,161,1,-1,-1,-1
488,105312,596,253,54,117,1,-1,-1,-1
488,105331,769,331,44,124,1,-1,-1,-1
488,105333,1153,568,98,155,1,-1,-1,-1
488,105334,1033,306,55,131,1,-1,-1,-1
488,105336,1280,547,90,147,1,-1,-1,-1
488,105359,1377,172,44,97,1,-1,-1,-1
488,105372,84,545,78,173,1,-1,-1,-1
489,105280,860,480,70,133,1,-1,-1,-1
489,105282,431,207,43,103,1,-1,-1,-1
489,105284,20,333,53,135,1,-1,-1,-1
489,105286,99,269,53,121,1,-1,-1,-1
489,105293,699,508,58,163,1,-1,-1,-1
489,105295,1153,563,141,157,1,-1,-1,-1
489,105305,687,529,79,116,1,-1,-1,-1
489,105306,14,505,72,162,1,-1,-1,-1
489,105312,594,252,54,117,1,-1,-1,-1
489,105331,767,331,44,124,1,-1,-1,-1
489,105333,1148,567,100,156,1,-1,-1,-1
489,105334,1034,307,54,130,1,-1,-1,-1
489,105336,1279,545,89,148,1,-1,-1,-1
489,105359,1374,172,44,97,1,-1,-1,-1
489,105372,88,545,78,172,1,-1,-1,-1
490,105280,858,477,70,134,1,-1,-1,-1
490,105282,426,206,43,103,1,-1,-1,-1
490,105284,17,333,53,135,1,-1,-1,-1
490,105286,99,268,54,122,1,-1,-1,-1
490,105293,697,505,58,162,1,-1,-1,-1
490,105295,1156,561,142,158,1,-1,-1,-1
490,105305,695,523,81,118,1,-1,-1,-1
490,105306,7,504,71,163,1,-1,-1,-1
490,105312,591,251,55,117,1,-1,-1,-1
490,105331,765,331,44,124,1,-1,-1,-1
490,105333,1143,565,102,158,1,-1,-1,-1
490,105334,1034,308,54,130,1,-1,-1,-1
490,105336,1276,541,90,149,1,-1,-1,-1
490,105359,1369,172,45,97,1,-1,-1,-1
490,105372,92,545,77,171,1,-1,-1,-1
491,105280,857,476,70,135,1,-1,-1,-1
491,105282,421,205,42,103,1,-1,-1,-1
491,105284,14,333,54,136,1,-1,-1,-1
491,105286,99,266,54,123,1,-1,-1,-1
491,105293,695,501,56,162,1,-1,-1,-1
491,105295,1157,560,143,159,1,-1,-1,-1
491,105305,702,516,85,122,1,-1,-1,-1
491,105306,-1,502,71,164,1,-1,-1,-1
491,105312,589,250,55,118,1,-1,-1,-1
491,105331,763,330,44,124,1,-1,-1,-1
491,105333,1139,564,102,158,1,-1,-1,-1
491,105334,1034,308,54,131,1,-1,-1,-1
491,105336,1273,538,90,151,1,-1,-1,-1
491,105359,1367,171,44,97,1,-1,-1,-1
491,105372,96,545,77,170,1,-1,-1,-1
492,105280,852,473,69,135,1,-1,-1,-1
492,105282,417,204,42,103,1,-1,-1,-1
492,105284,10,334,54,135,1,-1,-1,-1
492,105286,94,265,54,123,1,-1,-1,-1
492,105293,691,500,57,160,1,-1,-1,-1
492,105295,1155,560,145,159,1,-1,-1,-1
492,105305,709,511,88,125,1,-1,-1,-1
492,105306,-3,502,69,164,1,-1,-1,-1
492,105312,580,249,55,117,1,-1,-1,-1
492,105331,758,330,44,124,1,-1,-1,-1
492,105333,1133,563,102,159,1,-1,-1,-1
492,105334,1031,308,54,129,1,-1,-1,-1
492,105336,1270,535,90,152,1,-1,-1,-1
492,105359,1359,170,44,97,1,-1,-1,-1
492,105372,93,545,78,169,1,-1,-1,-1
493,105280,845,471,68,135,1,-1,-1,-1
493,105282,412,203,42,103,1,-1,-1,-1
493,105284,5,334,53,134,1,-1,-1,-1
493,105286,88,265,53,121,1,-1,-1,-1
493,105293,686,500,57,157,1,-1,-1,-1
493,105295,1153,561,146,158,1,-1,-1,-1
493,105305,716,505,90,128,1,-1,-1,-1
493,105306,-4,502,69,164,1,-1,-1,-1
493,105312,569,247,54,117,1,-1,-1,-1
493,105331,752,330,44,124,1,-1,-1,-1
493,105333,1126,563,101,159,1,-1,-1,-1
493,105334,1026,307,53,129,1,-1,-1,-1
493,105336,1266,530,91,154,1,-1,-1,-1
493,105359,1351,168,44,97,1,-1,-1,-1
493,105372,88,544,77,169,1,-1,-1,-1
494,105280,836,469,68,135,1,-1,-1,-1
494,105282,407,202,42,103,1,-1,-1,-1
494,105284,0,334,51,133,1,-1,-1,-1
494,105286,79,264,53,121,1,-1,-1,-1
494,105293,680,500,56,153,1,-1,-1,-1
494,105295,1150,561,149,159,1,-1,-1,-1
494,105305,723,499,93,131,1,-1,-1,-1
494,105306,-4,501,68,165,1,-1,-1,-1
494,105312,556,245,55,117,1,-1,-1,-1
494,105331,745,331,44,124,1,-1,-1,-1
494,105333,1119,562,100,159,1,-1,-1,-1
494,105334,1021,306,53,128,1,-1,-1,-1
494,105336,1262,526,91,155,1,-1,-1,-1
494,105359,1342,166,44,97,1,-1,-1,-1
494,105372,82,543,78,169,1,-1,-1,-1
495,105280,825,465,66,136,1,-1,-1,-1
495,105282,403,201,41,103,1,-1,-1,-1
495,105284,-6,334,46,131,1,-1,-1,-1
495,105286,70,263,53,120,1,-1,-1,-1
495,105293,670,500,57,148,1,-1,-1,-1
495,105295,1146,562,152,159,1,-1,-1,-1
495,105305,734,489,98,136,1,-1,-1,-1
495,105306,-4,501,68,165,1,-1,-1,-1
495,105312,543,242,55,117,1,-1,-1,-1
495,105331,737,331,43,124,1,-1,-1,-1
495,105333,1109,561,97,159,1,-1,-1,-1
495,105334,1013,304,51,127,1,-1,-1,-1
495,105336,1257,522,91,157,1,-1,-1,-1
495,105359,1326,163,45,97,1,-1,-1,-1
495,105372,76,542,77,168,1,-1,-1,-1
496,105280,818,463,66,136,1,-1,-1,-1
496,105282,398,200,41,103,1,-1,-1,-1
496,105284,-13,334,43,130,1,-1,-1,-1
496,105286,61,262,52,119,1,-1,-1,-1
496,105293,664,500,59,147,1,-1,-1,-1
496,105295,1143,563,155,157,1,-1,-1,-1
496,105305,738,485,100,138,1,-1,-1,-1
496,105306,-3,501,66,165,1,-1,-1,-1
496,105312,530,240,54,117,1,-1,-1,-1
496,105331,729,331,44,124,1,-1,-1,-1
496,105333,1105,561,96,159,1,-1,-1,-1
496,105334,1009,303,51,127,1,-1,-1,-1
496,105336,1253,518,92,158,1,-1,-1,-1
496,105359,1320,162,45,97,1,-1,-1,-1
496,105372,69,540,77,168,1,-1,-1,-1
497,105280,807,460,65,138,1,-1,-1,-1
497,105282,388,198,41,103,1,-1,-1,-1
497,105284,-15,334,40,130,1,-1,-1,-1
497,105286,54,261,50,119,1,-1,-1,-1
497,105293,652,497,61,148,1,-1,-1,-1
497,105295,1139,573,148,146,1,-1,-1,-1
497,105305,738,482,101,138,1,-1,-1,-1
497,105312,516,238,56,118,1,-1,-1,-1
497,105331,719,330,44,125,1,-1,-1,-1
497,105333,1097,559,95,160,1,-1,-1,-1
497,105334,1001,302,50,127,1,-1,-1,-1
497,105336,1248,514,93,160,1,-1,-1,-1
497,105359,1309,160,46,97,1,-1,-1,-1
497,105372,61,539,77,169,1,-1,-1,-1
498,105280,794,457,65,139,1,-1,-1,-1
498,105282,375,195,41,103,1,-1,-1,-1
498,105286,47,261,49,119,1,-1,-1,-1
498,105293,638,494,62,149,1,-1,-1,-1
498,105295,1134,587,137,130,1,-1,-1,-1
498,105305,737,479,103,138,1,-1,-1,-1
498,105312,502,236,56,118,1,-1,-1,-1
498,105331,709,330,45,125,1,-1,-1,-1
498,105333,1086,555,95,162,1,-1,-1,-1
498,105334,991,300,50,127,1,-1,-1,-1
498,105336,1244,509,93,163,1,-1,-1,-1
498,105359,1296,158,46,97,1,-1,-1,-1
498,105372,51,536,77,171,1,-1,-1,-1
499,105280,780,454,66,140,1,-1,-1,-1
499,105282,361,193,41,103,1,-1,-1,-1
499,105286,40,261,48,119,1,-1,-1,-1
499,105293,623,490,63,151,1,-1,-1,-1
499,105295,1129,602,124,113,1,-1,-1,-1
499,105305,735,476,104,138,1,-1,-1,-1
499,105312,489,234,56,118,1,-1,-1,-1
499,105331,699,330,44,125,1,-1,-1,-1
499,105333,1076,552,95,164,1,-1,-1,-1
499,105334,981,299,50,127,1,-1,-1,-1
499,105336,1240,505,94,164,1,-1,-1,-1
499,105359,1283,155,46,97,1,-1,-1,-1
499,105372,40,534,78,173,1,-1,-1,-1
500,105280,760,450,66,143,1,-1,-1,-1
500,105282,339,190,41,103,1,-1,-1,-1
500,105286,33,261,47,119,1,-1,-1,-1
500,105293,599,484,65,154,1,-1,-1,-1
500,105295,1122,628,101,83,1,-1,-1,-1
500,105305,733,473,105,138,1,-1,-1,-1
500,105312,475,233,56,118,1,-1,-1,-1
500,105331,688,330,44,125,1,-1,-1,-1
500,105333,1065,548,94,167,1,-1,-1,-1
500,105334,965,296,50,127,1,-1,-1,-1
500,105336,1233,498,95,166,1,-1,-1,-1
500,105359,1261,151,47,97,1,-1,-1,-1
500,105372,28,532,79,175,1,-1,-1,-1
501,105280,750,448,66,143,1,-1,-1,-1
501,105282,331,188,40,103,1,-1,-1,-1
501,105286,26,262,46,119,1,-1,-1,-1
501,105293,590,481,65,156,1,-1,-1,-1
501,105295,1117,635,97,74,1,-1,-1,-1
501,105305,733,470,105,140,1,-1,-1,-1
501,105312,461,231,57,118,1,-1,-1,-1
501,105331,677,330,44,125,1,-1,-1,-1
501,105333,1053,545,95,169,1,-1,-1,-1
501,105334,958,296,51,126,1,-1,-1,-1
501,105336,1230,495,95,168,1,-1,-1,-1
501,105359,1253,149,46,97,1,-1,-1,-1
501,105372,15,530,80,178,1,-1,-1,-1
502,105280,741,445,65,144,1,-1,-1,-1
502,105282,323,188,40,102,1,-1,-1,-1
502,105286,20,262,45,119,1,-1,-1,-1
502,105293,580,479,66,155,1,-1,-1,-1
502,105295,1107,635,101,72,1,-1,-1,-1
502,105305,733,466,108,142,1,-1,-1,-1
502,105312,451,230,57,119,1,-1,-1,-1
502,105331,665,329,46,126,1,-1,-1,-1
502,105333,1046,543,95,169,1,-1,-1,-1
502,105334,950,295,50,127,1,-1,-1,-1
502,105336,1225,494,95,167,1,-1,-1,-1
502,105359,1242,150,47,97,1,-1,-1,-1
502,105372,9,530,80,179,1,-1,-1,-1
503,105280,731,444,66,144,1,-1,-1,-1
503,105282,315,189,41,102,1,-1,-1,-1
503,105286,12,262,44,119,1,-1,-1,-1
503,105293,569,478,66,155,1,-1,-1,-1
503,105295,1096,632,106,73,1,-1,-1,-1
503,105305,735,462,109,145,1,-1,-1,-1
503,105312,443,230,57,118,1,-1,-1,-1
503,105331,654,329,46,126,1,-1,-1,-1
503,105333,1041,540,94,170,1,-1,-1,-1
503,105334,940,295,51,127,1,-1,-1,-1
503,105336,1220,493,95,167,1,-1,-1,-1
503,105359,1230,150,47,97,1,-1,-1,-1
503,105372,4,531,79,178,1,-1,-1,-1
504,105280,720,442,67,143,1,-1,-1,-1
504,105282,307,189,41,102,1,-1,-1,-1
504,105286,6,262,42,119,1,-1,-1,-1
504,105293,558,477,66,154,1,-1,-1,-1
504,105295,1085,629,110,73,1,-1,-1,-1
504,105305,737,458,110,149,1,-1,-1,-1
504,105312,435,230,56,118,1,-1,-1,-1
504,105331,644,329,47,126,1,-1,-1,-1
504,105333,1037,538,93,170,1,-1,-1,-1
504,105334,932,295,50,127,1,-1,-1,-1
504,105336,1215,491,94,168,1,-1,-1,-1
504,105359,1219,150,46,96,1,-1,-1,-1
504,105372,1,532,78,178,1,-1,-1,-1
505,105280,709,441,68,142,1,-1,-1,-1
505,105282,299,189,41,102,1,-1,-1,-1
505,105286,0,263,40,118,1,-1,-1,-1
505,105293,547,476,67,154,1,-1,-1,-1
505,105295,1071,625,113,74,1,-1,-1,-1
505,105305,740,451,112,155,1,-1,-1,-1
505,105312,427,229,56,118,1,-1,-1,-1
505,105331,627,328,47,126,1,-1,-1,-1
505,105333,1029,535,93,169,1,-1,-1,-1
505,105334,923,295,51,127,1,-1,-1,-1
505,105336,1209,490,94,167,1,-1,-1,-1
505,105359,1200,151,46,96,1,-1,-1,-1
505,105372,-1,532,76,178,1,-1,-1,-1
506,105280,698,439,69,142,1,-1,-1,-1
506,105282,291,189,42,102,1,-1,-1,-1
506,105286,-6,263,38,118,1,-1,-1,-1
506,105293,536,474,67,154,1,-1,-1,-1
506,105295,1063,624,116,73,1,-1,-1,-1
506,105305,742,449,111,157,1,-1,-1,-1
506,105312,419,229,56,118,1,-1,-1,-1
506,105331,620,328,48,126,1,-1,-1,-1
506,105333,1027,534,92,168,1,-1,-1,-1
506,105334,914,295,50,127,1,-1,-1,-1
506,105336,1204,489,93,167,1,-1,-1,-1
506,105359,1193,151,45,96,1,-1,-1,-1
506,105372,-4,533,75,177,1,-1,-1,-1
507,105280,685,437,71,143,1,-1,-1,-1
507,105282,282,190,42,102,1,-1,-1,-1
507,105286,-8,266,35,113,1,-1,-1,-1
507,105293,526,474,67,153,1,-1,-1,-1
507,105295,1055,623,116,73,1,-1,-1,-1
507,105305,745,448,109,158,1,-1,-1,-1
507,105312,410,230,55,118,1,-1,-1,-1
507,105331,611,327,49,128,1,-1,-1,-1
507,105333,1023,534,91,167,1,-1,-1,-1
507,105334,904,295,51,127,1,-1,-1,-1
507,105336,1198,487,94,168,1,-1,-1,-1
507,105359,1182,151,45,95,1,-1,-1,-1
507,105372,-6,533,73,177,1,-1,-1,-1
508,105280,672,434,72,146,1,-1,-1,-1
508,105282,274,190,42,102,1,-1,-1,-1
508,105293,516,474,68,152,1,-1,-1,-1
508,105295,1046,623,115,71,1,-1,-1,-1
508,105305,748,449,105,157,1,-1,-1,-1
508,105312,401,230,55,118,1,-1,-1,-1
508,105331,601,327,50,129,1,-1,-1,-1
508,105333,1018,535,90,165,1,-1,-1,-1
508,105334,895,295,51,127,1,-1,-1,-1
508,105336,1193,486,93,167,1,-1,-1,-1
508,105359,1170,152,44,95,1,-1,-1,-1
508,105372,-8,533,71,176,1,-1,-1,-1
509,105280,658,430,75,149,1,-1,-1,-1
509,105282,264,190,43,102,1,-1,-1,-1
509,105293,505,474,69,152,1,-1,-1,-1
509,105295,1038,622,113,69,1,-1,-1,-1
509,105305,751,451,102,155,1,-1,-1,-1
509,105312,391,231,55,118,1,-1,-1,-1
509,105331,591,327,50,130,1,-1,-1,-1
509,105333,1012,536,89,163,1,-1,-1,-1
509,105334,887,295,50,127,1,-1,-1,-1
509,105336,1187,485,93,167,1,-1,-1,-1
509,105359,1156,153,45,95,1,-1,-1,-1
509,105372,-10,533,70,175,1,-1,-1,-1
509,105379,0,296,10,54,1,-1,-1,-1
510,105280,644,427,76,152,1,-1,-1,-1
510,105282,250,190,43,102,1,-1,-1,-1
510,105293,490,474,69,152,1,-1,-1,-1
510,105295,1025,622,109,65,1,-1,-1,-1
510,105305,754,452,98,154,1,-1,-1,-1
510,105312,382,231,54,117,1,-1,-1,-1
510,105331,581,327,51,131,1,-1,-1,-1
510,105333,1007,538,87,161,1,-1,-1,-1
510,105334,872,295,50,127,1,-1,-1,-1
510,105336,1182,483,92,168,1,-1,-1,-1
510,105359,1143,154,44,95,1,-1,-1,-1
510,105372,-12,533,66,173,1,-1,-1,-1
511,105280,629,423,77,156,1,-1,-1,-1
511,105282,244,190,44,101,1,-1,-1,-1
511,105293,483,475,70,152,1,-1,-1,-1
511,105295,1019,622,109,64,1,-1,-1,-1
511,105305,756,454,96,152,1,-1,-1,-1
511,105312,370,232,53,117,1,-1,-1,-1
511,105331,570,326,53,133,1,-1,-1,-1
511,105333,1002,539,85,158,1,-1,-1,-1
511,105334,866,295,51,127,1,-1,-1,-1
511,105336,1176,482,92,167,1,-1,-1,-1
511,105359,1129,155,44,94,1,-1,-1,-1
511,105372,-13,535,63,171,1,-1,-1,-1
512,105280,619,421,77,158,1,-1,-1,-1
512,105282,236,191,43,101,1,-1,-1,-1
512,105293,474,474,70,152,1,-1,-1,-1
512,105295,1007,622,110,64,1,-1,-1,-1
512,105305,757,454,94,152,1,-1,-1,-1
512,105312,362,232,53,117,1,-1,-1,-1
512,105331,560,326,53,134,1,-1,-1,-1
512,105333,994,541,84,155,1,-1,-1,-1
512,105334,860,296,50,126,1,-1,-1,-1
512,105336,1171,480,93,169,1,-1,-1,-1
512,105359,1118,155,43,94,1,-1,-1,-1
512,105372,-16,547,55,158,1,-1,-1,-1
513,105280,610,419,76,159,1,-1,-1,-1
513,105282,226,192,44,101,1,-1,-1,-1
513,105293,463,473,72,153,1,-1,-1,-1
513,105295,991,622,112,64,1,-1,-1,-1
513,105305,758,452,92,153,1,-1,-1,-1
513,105312,354,232,52,117,1,-1,-1,-1
513,105331,550,325,54,137,1,-1,-1,-1
513,105333,990,541,83,154,1,-1,-1,-1
513,105334,853,297,50,125,1,-1,-1,-1
513,105336,1168,479,94,170,1,-1,-1,-1
513,105359,1107,155,44,94,1,-1,-1,-1
513,105372,-14,575,42,129,1,-1,-1,-1
514,105280,600,417,77,160,1,-1,-1,-1
514,105282,216,193,44,101,1,-1,-1,-1
514,105293,453,472,73,154,1,-1,-1,-1
514,105295,976,621,113,64,1,-1,-1,-1
514,105305,758,451,90,154,1,-1,-1,-1
514,105312,345,233,52,117,1,-1,-1,-1
514,105331,540,325,55,138,1,-1,-1,-1
514,105333,985,541,83,154,1,-1,-1,-1
514,105334,847,297,49,125,1,-1,-1,-1
514,105336,1165,476,94,172,1,-1,-1,-1
514,105359,1097,156,43,94,1,-1,-1,-1
514,105372,-12,585,36,119,1,-1,-1,-1
515,105280,585,415,77,162,1,-1,-1,-1
515,105282,205,194,45,101,1,-1,-1,-1
515,105293,438,471,73,154,1,-1,-1,-1
515,105295,960,621,115,64,1,-1,-1,-1
515,105305,759,450,88,155,1,-1,-1,-1
515,105312,336,233,52,117,1,-1,-1,-1
515,105331,530,324,56,139,1,-1,-1,-1
515,105333,979,539,83,155,1,-1,-1,-1
515,105334,839,298,48,124,1,-1,-1,-1
515,105336,1163,474,95,173,1,-1,-1,-1
515,105359,1086,156,43,94,1,-1,-1,-1
516,105280,580,414,76,163,1,-1,-1,-1
516,105282,194,194,45,101,1,-1,-1,-1
516,105293,430,470,74,155,1,-1,-1,-1
516,105295,942,621,118,64,1,-1,-1,-1
516,105305,759,449,87,156,1,-1,-1,-1
516,105312,327,233,52,117,1,-1,-1,-1
516,105331,518,324,57,140,1,-1,-1,-1
516,105333,974,537,82,156,1,-1,-1,-1
516,105334,832,299,48,124,1,-1,-1,-1
516,105336,1160,472,96,175,1,-1,-1,-1
516,105359,1074,157,43,94,1,-1,-1,-1
517,105280,571,415,75,161,1,-1,-1,-1
517,105282,185,195,45,101,1,-1,-1,-1
517,105293,421,470,74,154,1,-1,-1,-1
517,105295,931,621,117,63,1,-1,-1,-1
517,105305,759,448,86,156,1,-1,-1,-1
517,105312,319,234,52,117,1,-1,-1,-1
517,105331,510,325,57,140,1,-1,-1,-1
517,105333,969,535,82,157,1,-1,-1,-1
517,105334,824,299,48,124,1,-1,-1,-1
517,105336,1158,470,96,177,1,-1,-1,-1
517,105359,1065,157,43,94,1,-1,-1,-1
518,105280,562,416,74,160,1,-1,-1,-1
518,105282,178,195,45,101,1,-1,-1,-1
518,105293,411,470,74,154,1,-1,-1,-1
518,105295,921,621,117,61,1,-1,-1,-1
518,105305,758,448,85,156,1,-1,-1,-1
518,105312,312,234,52,117,1,-1,-1,-1
518,105331,503,326,57,141,1,-1,-1,-1
518,105333,963,534,82,158,1,-1,-1,-1
518,105334,817,300,48,123,1,-1,-1,-1
518,105336,1155,467,96,179,1,-1,-1,-1
518,105359,1055,158,43,93,1,-1,-1,-1
519,105280,552,418,72,157,1,-1,-1,-1
519,105282,170,196,45,101,1,-1,-1,-1
519,105293,401,469,75,154,1,-1,-1,-1
519,105295,912,621,115,60,1,-1,-1,-1
519,105305,757,448,83,156,1,-1,-1,-1
519,105312,304,235,52,116,1,-1,-1,-1
519,105331,496,328,56,140,1,-1,-1,-1
519,105333,958,532,80,160,1,-1,-1,-1
519,105334,810,301,47,122,1,-1,-1,-1
519,105336,1152,465,97,181,1,-1,-1,-1
519,105359,1045,159,42,93,1,-1,-1,-1
520,105280,536,420,69,154,1,-1,-1,-1
520,105282,159,197,44,100,1,-1,-1,-1
520,105293,390,469,76,153,1,-1,-1,-1
520,105295,897,622,113,56,1,-1,-1,-1
520,105305,756,448,82,156,1,-1,-1,-1
520,105312,295,235,51,117,1,-1,-1,-1
520,105331,489,331,56,138,1,-1,-1,-1
520,105333,949,529,80,162,1,-1,-1,-1
520,105334,799,302,46,121,1,-1,-1,-1
520,105336,1148,461,98,184,1,-1,-1,-1
520,105359,1035,160,42,92,1,-1,-1,-1
521,105280,530,422,67,152,1,-1,-1,-1
521,105282,154,198,44,99,1,-1,-1,-1
521,105293,379,469,76,152,1,-1,-1,-1
521,105295,891,622,113,55,1,-1,-1,-1
521,105305,756,448,80,156,1,-1,-1,-1
521,105312,289,236,51,116,1,-1,-1,-1
521,105331,481,333,57,137,1,-1,-1,-1
521,105333,946,528,79,162,1,-1,-1,-1
521,105334,794,303,46,120,1,-1,-1,-1
521,105336,1147,460,98,185,1,-1,-1,-1
521,105359,1024,161,41,91,1,-1,-1,-1
522,105280,523,423,66,151,1,-1,-1,-1
522,105282,147,198,43,100,1,-1,-1,-1
522,105293,372,469,76,151,1,-1,-1,-1
522,105295,882,622,114,54,1,-1,-1,-1
522,105305,754,448,79,156,1,-1,-1,-1
522,105312,281,236,51,116,1,-1,-1,-1
522,105331,474,335,56,136,1,-1,-1,-1
522,105333,945,526,78,164,1,-1,-1,-1
522,105334,788,303,46,121,1,-1,-1,-1
522,105336,1145,462,97,183,1,-1,-1,-1
522,105359,1016,162,40,91,1,-1,-1,-1
523,105280,516,424,64,149,1,-1,-1,-1
523,105282,140,198,42,100,1,-1,-1,-1
523,105293,365,469,76,150,1,-1,-1,-1
523,105295,872,620,116,54,1,-1,-1,-1
523,105305,752,448,78,155,1,-1,-1,-1
523,105312,274,236,51,116,1,-1,-1,-1
523,105331,466,337,57,136,1,-1,-1,-1
523,105333,944,525,76,164,1,-1,-1,-1
523,105334,782,304,46,120,1,-1,-1,-1
523,105336,1143,464,95,180,1,-1,-1,-1
523,105359,1009,162,40,91,1,-1,-1,-1
524,105280,509,426,63,146,1,-1,-1,-1
524,105282,132,199,42,99,1,-1,-1,-1
524,105293,358,469,77,149,1,-1,-1,-1
524,105295,862,619,118,53,1,-1,-1,-1
524,105305,750,447,76,155,1,-1,-1,-1
524,105312,267,237,50,116,1,-1,-1,-1
524,105331,459,339,57,135,1,-1,-1,-1
524,105333,943,525,76,163,1,-1,-1,-1
524,105334,775,304,46,121,1,-1,-1,-1
524,105336,1141,466,92,178,1,-1,-1,-1
524,105359,1002,163,39,90,1,-1,-1,-1
525,105280,502,428,61,143,1,-1,-1,-1
525,105282,120,201,40,98,1,-1,-1,-1
525,105293,349,469,77,149,1,-1,-1,-1
525,105295,845,617,121,53,1,-1,-1,-1
525,105305,747,447,74,154,1,-1,-1,-1
525,105312,259,237,51,116,1,-1,-1,-1
525,105331,452,341,56,134,1,-1,-1,-1
525,105333,943,524,74,163,1,-1,-1,-1
525,105334,769,304,46,121,1,-1,-1,-1
525,105336,1139,469,90,174,1,-1,-1,-1
525,105359,990,163,39,91,1,-1,-1,-1
526,105280,494,429,61,142,1,-1,-1,-1
526,105282,116,201,40,98,1,-1,-1,-1
526,105293,345,469,77,148,1,-1,-1,-1
526,105295,838,617,124,52,1,-1,-1,-1
526,105305,745,447,72,153,1,-1,-1,-1
526,105312,250,238,51,115,1,-1,-1,-1
526,105331,445,343,56,134,1,-1,-1,-1
526,105333,942,523,73,164,1,-1,-1,-1
526,105334,763,305,45,120,1,-1,-1,-1
526,105336,1137,472,88,170,1,-1,-1,-1
526,105359,986,164,39,90,1,-1,-1,-1
527,105280,487,430,61,140,1,-1,-1,-1
527,105282,112,202,39,98,1,-1,-1,-1
527,105293,342,468,77,149,1,-1,-1,-1
527,105295,829,615,127,53,1,-1,-1,-1
527,105305,743,447,70,153,1,-1,-1,-1
527,105312,245,238,51,116,1,-1,-1,-1
527,105331,442,345,56,133,1,-1,-1,-1
527,105333,941,522,73,164,1,-1,-1,-1
527,105334,758,306,44,120,1,-1,-1,-1
527,105336,1135,474,86,168,1,-1,-1,-1
527,105359,981,165,38,91,1,-1,-1,-1
528,105280,480,431,61,140,1,-1,-1,-1
528,105282,108,203,38,98,1,-1,-1,-1
528,105293,339,468,76,150,1,-1,-1,-1
528,105295,821,614,131,53,1,-1,-1,-1
528,105305,741,447,68,151,1,-1,-1,-1
528,105312,241,239,50,115,1,-1,-1,-1
528,105331,441,346,56,133,1,-1,-1,-1
528,105333,941,521,72,164,1,-1,-1,-1
528,105334,753,307,45,120,1,-1,-1,-1
528,105336,1132,477,84,164,1,-1,-1,-1
528,105359,975,166,38,91,1,-1,-1,-1
529,105280,473,432,61,139,1,-1,-1,-1
529,105282,104,205,38,97,1,-1,-1,-1
529,105293,336,468,76,150,1,-1,-1,-1
529,105295,813,613,133,53,1,-1,-1,-1
529,105305,739,446,66,151,1,-1,-1,-1
529,105312,236,240,50,114,1,-1,-1,-1
529,105331,442,348,55,133,1,-1,-1,-1
529,105333,939,520,72,164,1,-1,-1,-1
529,105334,749,309,44,119,1,-1,-1,-1
529,105336,1130,480,82,161,1,-1,-1,-1
529,105359,969,167,38,91,1,-1,-1,-1
530,105280,467,433,61,138,1,-1,-1,-1
530,105282,100,206,38,96,1,-1,-1,-1
530,105293,331,468,76,150,1,-1,-1,-1
530,105295,804,612,137,54,1,-1,-1,-1
530,105305,735,446,63,150,1,-1,-1,-1
530,105312,232,241,49,114,1,-1,-1,-1
530,105331,441,350,56,132,1,-1,-1,-1
530,105333,938,519,71,163,1,-1,-1,-1
530,105334,745,310,43,119,1,-1,-1,-1
530,105336,1127,484,79,156,1,-1,-1,-1
530,105359,959,170,37,91,1,-1,-1,-1
531,105280,459,433,61,137,1,-1,-1,-1
531,105282,95,207,38,96,1,-1,-1,-1
531,105293,330,467,75,151,1,-1,-1,-1
531,105295,796,610,138,55,1,-1,-1,-1
531,105305,734,446,62,149,1,-1,-1,-1
531,105312,228,242,48,114,1,-1,-1,-1
531,105331,442,352,55,131,1,-1,-1,-1
531,105333,938,518,70,163,1,-1,-1,-1
531,105334,740,312,43,118,1,-1,-1,-1
531,105336,1126,485,77,154,1,-1,-1,-1
531,105359,955,171,37,90,1,-1,-1,-1
532,105280,455,434,61,136,1,-1,-1,-1
532,105282,93,208,38,96,1,-1,-1,-1
532,105293,329,467,74,151,1,-1,-1,-1
532,105295,791,609,140,55,1,-1,-1,-1
532,105305,736,447,59,149,1,-1,-1,-1
532,105312,226,243,47,113,1,-1,-1,-1
532,105331,443,353,54,132,1,-1,-1,-1
532,105333,939,519,70,162,1,-1,-1,-1
532,105334,738,313,44,118,1,-1,-1,-1
532,105336,1125,486,76,153,1,-1,-1,-1
532,105359,952,171,36,91,1,-1,-1,-1
533,105280,452,435,61,135,1,-1,-1,-1
533,105282,93,209,39,96,1,-1,-1,-1
533,105293,328,467,74,151,1,-1,-1,-1
533,105295,788,609,140,55,1,-1,-1,-1
533,105305,738,448,58,149,1,-1,-1,-1
533,105312,225,244,47,113,1,-1,-1,-1
533,105331,443,355,54,132,1,-1,-1,-1
533,105333,941,519,69,162,1,-1,-1,-1
533,105334,738,313,43,119,1,-1,-1,-1
533,105336,1125,486,75,153,1,-1,-1,-1
533,105359,950,172,35,91,1,-1,-1,-1
534,105280,449,436,61,134,1,-1,-1,-1
534,105282,93,210,38,96,1,-1,-1,-1
534,105293,328,467,72,151,1,-1,-1,-1
534,105295,786,609,140,55,1,-1,-1,-1
534,105305,740,449,56,148,1,-1,-1,-1
534,105312,224,245,46,112,1,-1,-1,-1
534,105331,444,357,53,131,1,-1,-1,-1
534,105333,944,520,68,162,1,-1,-1,-1
534,105334,737,313,43,119,1,-1,-1,-1
534,105336,1124,486,74,153,1,-1,-1,-1
534,105359,947,173,35,91,1,-1,-1,-1
535,105280,446,436,61,133,1,-1,-1,-1
535,105282,93,212,39,95,1,-1,-1,-1
535,105293,327,467,71,151,1,-1,-1,-1
535,105295,782,609,139,55,1,-1,-1,-1
535,105305,742,449,56,148,1,-1,-1,-1
535,105312,223,247,45,111,1,-1,-1,-1
535,105331,445,360,52,131,1,-1,-1,-1
535,105333,947,520,67,161,1,-1,-1,-1
535,105334,736,313,43,120,1,-1,-1,-1
535,105336,1123,486,72,153,1,-1,-1,-1
535,105359,943,175,34,91,1,-1,-1,-1
535,105380,1885,841,21,15,1,-1,-1,-1
536,105280,443,437,61,132,1,-1,-1,-1
536,105282,93,213,39,95,1,-1,-1,-1
536,105293,327,467,70,151,1,-1,-1,-1
536,105295,781,610,139,55,1,-1,-1,-1
536,105305,745,450,54,148,1,-1,-1,-1
536,105312,224,248,43,110,1,-1,-1,-1
536,105331,445,361,52,131,1,-1,-1,-1
536,105333,950,521,65,161,1,-1,-1,-1
536,105334,735,313,43,120,1,-1,-1,-1
536,105336,1124,486,70,153,1,-1,-1,-1
536,105359,942,176,34,91,1,-1,-1,-1
537,105280,441,438,62,132,1,-1,-1,-1
537,105282,94,214,39,95,1,-1,-1,-1
537,105293,328,469,69,151,1,-1,-1,-1
537,105295,780,610,139,55,1,-1,-1,-1
537,105305,747,451,53,148,1,-1,-1,-1
537,105312,225,249,43,110,1,-1,-1,-1
537,105331,447,363,51,131,1,-1,-1,-1
537,105333,952,522,65,161,1,-1,-1,-1
537,105334,735,315,43,120,1,-1,-1,-1
537,105336,1125,487,69,154,1,-1,-1,-1
537,105359,942,178,32,91,1,-1,-1,-1
538,105280,440,439,62,133,1,-1,-1,-1
538,105282,95,216,39,95,1,-1,-1,-1
538,105293,330,471,67,151,1,-1,-1,-1
538,105295,781,611,138,55,1,-1,-1,-1
538,105305,749,452,52,148,1,-1,-1,-1
538,105312,226,251,42,110,1,-1,-1,-1
538,105331,449,366,50,130,1,-1,-1,-1
538,105333,955,522,64,161,1,-1,-1,-1
538,105334,737,317,42,119,1,-1,-1,-1
538,105336,1126,490,69,153,1,-1,-1,-1
538,105359,941,180,33,91,1,-1,-1,-1
539,105280,439,440,62,134,1,-1,-1,-1
539,105282,96,219,39,95,1,-1,-1,-1
539,105293,331,472,67,151,1,-1,-1,-1
539,105295,781,611,138,55,1,-1,-1,-1
539,105305,751,453,51,147,1,-1,-1,-1
539,105312,227,253,42,110,1,-1,-1,-1
539,105331,452,369,49,130,1,-1,-1,-1
539,105333,957,523,63,160,1,-1,-1,-1
539,105334,738,319,42,118,1,-1,-1,-1
539,105336,1128,492,69,153,1,-1,-1,-1
539,105359,942,183,32,90,1,-1,-1,-1
540,105280,437,442,64,134,1,-1,-1,-1
540,105282,97,221,39,95,1,-1,-1,-1
540,105293,333,474,65,151,1,-1,-1,-1
540,105295,782,612,138,55,1,-1,-1,-1
540,105305,754,455,50,147,1,-1,-1,-1
540,105312,230,256,41,110,1,-1,-1,-1
540,105331,454,372,48,129,1,-1,-1,-1
540,105333,960,523,62,160,1,-1,-1,-1
540,105334,739,322,41,117,1,-1,-1,-1
540,105336,1129,495,71,154,1,-1,-1,-1
540,105359,941,187,32,90,1,-1,-1,-1
541,105280,436,443,64,136,1,-1,-1,-1
541,105282,98,224,39,95,1,-1,-1,-1
541,105293,335,475,64,151,1,-1,-1,-1
541,105295,782,612,137,55,1,-1,-1,-1
541,105305,756,455,50,147,1,-1,-1,-1
541,105312,231,258,40,109,1,-1,-1,-1
541,105331,457,375,47,129,1,-1,-1,-1
541,105333,963,524,61,159,1,-1,-1,-1
541,105334,739,324,41,116,1,-1,-1,-1
541,105336,1129,497,73,153,1,-1,-1,-1
541,105359,941,189,32,90,1,-1,-1,-1
542,105280,434,445,65,136,1,-1,-1,-1
542,105282,98,226,39,95,1,-1,-1,-1
542,105293,338,476,63,151,1,-1,-1,-1
542,105295,782,613,137,55,1,-1,-1,-1
542,105305,759,457,49,146,1,-1,-1,-1
542,105312,231,259,41,110,1,-1,-1,-1
542,105331,460,378,46,128,1,-1,-1,-1
542,105333,965,524,61,159,1,-1,-1,-1
542,105334,739,326,41,117,1,-1,-1,-1
542,105336,1132,498,75,153,1,-1,-1,-1
542,105359,941,190,32,90,1,-1,-1,-1
543,105280,431,446,64,136,1,-1,-1,-1
543,105282,99,228,39,95,1,-1,-1,-1
543,105293,343,478,62,150,1,-1,-1,-1
543,105295,782,614,136,55,1,-1,-1,-1
543,105305,762,459,49,146,1,-1,-1,-1
543,105312,233,262,40,110,1,-1,-1,-1
543,105331,462,380,46,128,1,-1,-1,-1
543,105333,967,525,60,160,1,-1,-1,-1
543,105334,740,328,40,117,1,-1,-1,-1
543,105336,1137,499,75,153,1,-1,-1,-1
543,105359,942,193,31,89,1,-1,-1,-1
544,105280,428,448,64,134,1,-1,-1,-1
544,105282,100,231,39,95,1,-1,-1,-1
544,105293,348,479,60,150,1,-1,-1,-1
544,105295,782,615,136,55,1,-1,-1,-1
544,105305,766,461,48,145,1,-1,-1,-1
544,105312,234,264,40,110,1,-1,-1,-1
544,105331,464,383,46,128,1,-1,-1,-1
544,105333,970,525,60,160,1,-1,-1,-1
544,105334,740,330,40,118,1,-1,-1,-1
544,105336,1141,500,78,153,1,-1,-1,-1
544,105359,942,195,31,89,1,-1,-1,-1
545,105280,424,449,64,134,1,-1,-1,-1
545,105282,101,233,38,95,1,-1,-1,-1
545,105293,353,480,59,150,1,-1,-1,-1
545,105295,782,616,135,55,1,-1,-1,-1
545,105305,769,462,48,145,1,-1,-1,-1
545,105312,235,268,41,109,1,-1,-1,-1
545,105331,468,388,44,127,1,-1,-1,-1
545,105333,973,526,59,159,1,-1,-1,-1
545,105334,740,332,40,117,1,-1,-1,-1
545,105336,1146,501,78,153,1,-1,-1,-1
545,105359,942,199,31,89,1,-1,-1,-1
546,105280,421,451,63,133,1,-1,-1,-1
546,105282,103,236,38,95,1,-1,-1,-1
546,105293,359,481,57,149,1,-1,-1,-1
546,105295,781,617,135,55,1,-1,-1,-1
546,105305,773,464,47,144,1,-1,-1,-1
546,105312,235,269,41,110,1,-1,-1,-1
546,105331,469,390,44,127,1,-1,-1,-1
546,105333,975,526,59,161,1,-1,-1,-1
546,105334,740,333,39,119,1,-1,-1,-1
546,105336,1152,502,79,153,1,-1,-1,-1
546,105359,942,201,31,88,1,-1,-1,-1
547,105280,419,452,62,133,1,-1,-1,-1
547,105282,103,238,39,95,1,-1,-1,-1
547,105293,363,482,56,149,1,-1,-1,-1
547,105295,781,618,134,55,1,-1,-1,-1
547,105305,776,466,47,144,1,-1,-1,-1
547,105312,236,271,41,110,1,-1,-1,-1
547,105331,471,392,44,127,1,-1,-1,-1
547,105333,977,526,60,161,1,-1,-1,-1
547,105334,740,335,39,118,1,-1,-1,-1
547,105336,1157,503,80,152,1,-1,-1,-1
547,105359,943,203,31,88,1,-1,-1,-1
548,105280,418,454,61,132,1,-1,-1,-1
548,105282,104,240,38,94,1,-1,-1,-1
548,105293,367,482,56,149,1,-1,-1,-1
548,105295,780,619,134,55,1,-1,-1,-1
548,105305,779,468,47,143,1,-1,-1,-1
548,105312,236,273,41,109,1,-1,-1,-1
548,105331,474,394,44,126,1,-1,-1,-1
548,105333,979,527,60,161,1,-1,-1,-1
548,105334,742,336,38,119,1,-1,-1,-1
548,105336,1162,504,81,152,1,-1,-1,-1
548,105359,944,204,31,88,1,-1,-1,-1
549,105280,416,455,60,132,1,-1,-1,-1
549,105282,104,241,38,94,1,-1,-1,-1
549,105293,371,482,56,150,1,-1,-1,-1
549,105295,780,619,133,55,1,-1,-1,-1
549,105305,783,470,46,143,1,-1,-1,-1
549,105312,236,274,41,110,1,-1,-1,-1
549,105331,477,396,43,126,1,-1,-1,-1
549,105333,981,527,61,161,1,-1,-1,-1
549,105334,743,338,38,118,1,-1,-1,-1
549,105336,1167,505,82,152,1,-1,-1,-1
549,105359,944,206,31,87,1,-1,-1,-1
550,105280,414,456,58,132,1,-1,-1,-1
550,105282,105,243,37,94,1,-1,-1,-1
550,105293,374,482,56,151,1,-1,-1,-1
550,105295,780,621,132,55,1,-1,-1,-1
550,105305,786,472,46,142,1,-1,-1,-1
550,105312,236,276,41,110,1,-1,-1,-1
550,105331,479,398,43,126,1,-1,-1,-1
550,105333,983,528,61,161,1,-1,-1,-1
550,105334,745,339,37,118,1,-1,-1,-1
550,105336,1172,506,83,152,1,-1,-1,-1
550,105359,945,207,31,88,1,-1,-1,-1
550,105381,0,415,23,34,1,-1,-1,-1
551,105280,413,456,57,132,1,-1,-1,-1
551,105282,105,245,37,93,1,-1,-1,-1
551,105293,377,483,56,151,1,-1,-1,-1
551,105295,780,622,131,55,1,-1,-1,-1
551,105305,789,474,46,142,1,-1,-1,-1
551,105312,236,278,41,110,1,-1,-1,-1
551,105331,483,400,43,126,1,-1,-1,-1
551,105333,985,528,61,162,1,-1,-1,-1
551,105334,745,340,37,118,1,-1,-1,-1
551,105336,1178,507,84,152,1,-1,-1,-1
551,105359,946,209,31,87,1,-1,-1,-1
552,105280,413,457,56,132,1,-1,-1,-1
552,105282,105,246,37,92,1,-1,-1,-1
552,105293,379,486,56,148,1,-1,-1,-1
552,105295,778,622,132,55,1,-1,-1,-1
552,105305,792,476,46,141,1,-1,-1,-1
552,105312,235,280,42,110,1,-1,-1,-1
552,105331,485,402,43,125,1,-1,-1,-1
552,105333,987,529,61,162,1,-1,-1,-1
552,105334,745,341,36,118,1,-1,-1,-1
552,105336,1181,508,84,152,1,-1,-1,-1
552,105359,946,210,31,88,1,-1,-1,-1
552,105382,1,422,50,142,1,-1,-1,-1
553,105280,413,458,54,132,1,-1,-1,-1
553,105282,104,247,38,93,1,-1,-1,-1
553,105293,381,488,56,147,1,-1,-1,-1
553,105295,778,624,130,55,1,-1,-1,-1
553,105305,795,477,46,142,1,-1,-1,-1
553,105312,236,281,41,110,1,-1,-1,-1
553,105331,488,404,42,125,1,-1,-1,-1
553,105333,988,529,61,161,1,-1,-1,-1
553,105334,746,342,36,119,1,-1,-1,-1
553,105336,1183,508,84,151,1,-1,-1,-1
553,105359,947,212,31,87,1,-1,-1,-1
553,105382,9,426,49,140,1,-1,-1,-1
554,105280,413,460,53,131,1,-1,-1,-1
554,105282,104,248,37,93,1,-1,-1,-1
554,105293,383,490,55,145,1,-1,-1,-1
554,105295,777,625,130,55,1,-1,-1,-1
554,105305,797,478,47,142,1,-1,-1,-1
554,105312,236,282,42,110,1,-1,-1,-1
554,105331,490,406,43,124,1,-1,-1,-1
554,105333,989,529,61,161,1,-1,-1,-1
554,105334,746,344,36,119,1,-1,-1,-1
554,105336,1185,509,84,150,1,-1,-1,-1
554,105359,948,213,32,88,1,-1,-1,-1
554,105382,14,429,50,139,1,-1,-1,-1
555,105280,412,462,53,130,1,-1,-1,-1
555,105282,104,249,37,93,1,-1,-1,-1
555,105293,386,493,54,142,1,-1,-1,-1
555,105295,776,626,130,55,1,-1,-1,-1
555,105305,799,479,48,142,1,-1,-1,-1
555,105312,237,283,40,110,1,-1,-1,-1
555,105331,493,408,43,124,1,-1,-1,-1
555,105333,990,529,61,161,1,-1,-1,-1
555,105334,747,345,35,120,1,-1,-1,-1
555,105336,1187,509,84,149,1,-1,-1,-1
555,105359,950,216,31,88,1,-1,-1,-1
555,105382,23,433,51,138,1,-1,-1,-1
556,105280,413,463,51,130,1,-1,-1,-1
556,105282,104,250,37,93,1,-1,-1,-1
556,105293,387,495,55,140,1,-1,-1,-1
556,105295,775,627,130,55,1,-1,-1,-1
556,105305,801,480,48,141,1,-1,-1,-1
556,105312,237,284,41,110,1,-1,-1,-1
556,105331,495,410,43,124,1,-1,-1,-1
556,105333,992,530,60,159,1,-1,-1,-1
556,105334,747,346,34,120,1,-1,-1,-1
556,105336,1188,510,84,148,1,-1,-1,-1
556,105359,950,217,32,88,1,-1,-1,-1
556,105382,33,438,52,136,1,-1,-1,-1
557,105280,410,464,51,129,1,-1,-1,-1
557,105282,103,251,38,93,1,-1,-1,-1
557,105293,390,495,55,140,1,-1,-1,-1
557,105295,775,628,128,55,1,-1,-1,-1
557,105305,803,481,49,141,1,-1,-1,-1
557,105312,237,285,41,110,1,-1,-1,-1
557,105331,497,411,44,124,1,-1,-1,-1
557,105333,993,530,60,159,1,-1,-1,-1
557,105334,748,346,33,121,1,-1,-1,-1
557,105336,1190,510,84,148,1,-1,-1,-1
557,105359,950,218,32,88,1,-1,-1,-1
557,105382,39,441,54,135,1,-1,-1,-1
558,105280,407,465,51,129,1,-1,-1,-1
558,105282,103,252,38,94,1,-1,-1,-1
558,105293,393,495,55,140,1,-1,-1,-1
558,105295,774,629,127,55,1,-1,-1,-1
558,105305,805,483,50,140,1,-1,-1,-1
558,105312,237,286,40,110,1,-1,-1,-1
558,105331,499,413,43,124,1,-1,-1,-1
558,105333,995,530,59,158,1,-1,-1,-1
558,105334,747,346,33,122,1,-1,-1,-1
558,105336,1192,511,84,147,1,-1,-1,-1
558,105359,950,218,33,88,1,-1,-1,-1
558,105382,43,444,56,135,1,-1,-1,-1
559,105280,404,466,51,128,1,-1,-1,-1
559,105282,103,253,38,94,1,-1,-1,-1
559,105293,396,495,56,139,1,-1,-1,-1
559,105295,773,630,127,54,1,-1,-1,-1
559,105305,807,484,51,141,1,-1,-1,-1
559,105312,237,287,39,109,1,-1,-1,-1
559,105331,500,414,44,124,1,-1,-1,-1
559,105333,996,530,58,158,1,-1,-1,-1
559,105334,746,346,34,123,1,-1,-1,-1
559,105336,1194,511,84,146,1,-1,-1,-1
559,105359,950,219,33,88,1,-1,-1,-1
559,105382,48,446,58,136,1,-1,-1,-1
560,105280,401,467,51,128,1,-1,-1,-1
560,105282,104,254,38,94,1,-1,-1,-1
560,105293,402,495,56,139,1,-1,-1,-1
560,105295,771,633,127,54,1,-1,-1,-1
560,105305,811,485,51,141,1,-1,-1,-1
560,105312,237,288,39,109,1,-1,-1,-1
560,105331,502,415,43,124,1,-1,-1,-1
560,105333,998,531,57,157,1,-1,-1,-1
560,105334,745,346,34,124,1,-1,-1,-1
560,105336,1197,512,83,144,1,-1,-1,-1
560,105359,951,220,32,88,1,-1,-1,-1
560,105382,56,450,61,136,1,-1,-1,-1
561,105280,398,468,51,127,1,-1,-1,-1
561,105282,104,255,38,94,1,-1,-1,-1
561,105293,405,495,55,139,1,-1,-1,-1
561,105295,768,631,132,56,1,-1,-1,-1
561,105305,812,486,52,141,1,-1,-1,-1
561,105312,236,289,39,108,1,-1,-1,-1
561,105331,503,417,44,123,1,-1,-1,-1
561,105333,999,531,56,157,1,-1,-1,-1
561,105334,744,346,34,124,1,-1,-1,-1
561,105336,1198,512,83,144,1,-1,-1,-1
561,105359,951,221,33,88,1,-1,-1,-1
561,105382,59,452,63,136,1,-1,-1,-1
562,105280,393,468,51,128,1,-1,-1,-1
562,105282,103,255,38,94,1,-1,-1,-1
562,105293,405,495,56,139,1,-1,-1,-1
562,105295,765,630,134,58,1,-1,-1,-1
562,105305,812,487,53,141,1,-1,-1,-1
562,105312,236,290,38,108,1,-1,-1,-1
562,105331,505,418,44,124,1,-1,-1,-1
562,105333,999,531,56,156,1,-1,-1,-1
562,105334,744,347,34,123,1,-1,-1,-1
562,105336,1199,512,83,144,1,-1,-1,-1
562,105359,951,221,33,88,1,-1,-1,-1
562,105382,65,453,65,135,1,-1,-1,-1
563,105280,387,468,51,128,1,-1,-1,-1
563,105282,102,256,39,94,1,-1,-1,-1
563,105293,405,494,57,140,1,-1,-1,-1
563,105295,761,630,137,58,1,-1,-1,-1
563,105305,812,488,54,141,1,-1,-1,-1
563,105312,235,290,39,108,1,-1,-1,-1
563,105331,506,420,44,123,1,-1,-1,-1
563,105333,998,530,56,156,1,-1,-1,-1
563,105334,742,347,34,123,1,-1,-1,-1
563,105336,1199,513,84,143,1,-1,-1,-1
563,105359,951,222,33,88,1,-1,-1,-1
563,105382,73,453,66,137,1,-1,-1,-1
564,105280,382,469,50,127,1,-1,-1,-1
564,105282,101,256,39,94,1,-1,-1,-1
564,105293,405,494,57,141,1,-1,-1,-1
564,105295,757,630,139,59,1,-1,-1,-1
564,105305,811,489,55,141,1,-1,-1,-1
564,105312,235,291,38,108,1,-1,-1,-1
564,105331,508,421,44,124,1,-1,-1,-1
564,105333,998,530,55,155,1,-1,-1,-1
564,105334,741,348,34,122,1,-1,-1,-1
564,105336,1199,513,84,143,1,-1,-1,-1
564,105359,951,223,33,88,1,-1,-1,-1
564,105382,82,454,67,137,1,-1,-1,-1
565,105280,376,469,49,128,1,-1,-1,-1
565,105282,100,257,38,94,1,-1,-1,-1
565,105293,405,494,57,142,1,-1,-1,-1
565,105295,751,630,143,60,1,-1,-1,-1
565,105305,811,490,55,141,1,-1,-1,-1
565,105312,234,291,38,108,1,-1,-1,-1
565,105331,509,422,44,124,1,-1,-1,-1
565,105333,996,529,55,155,1,-1,-1,-1
565,105334,739,349,35,121,1,-1,-1,-1
565,105336,1200,513,84,143,1,-1,-1,-1
565,105359,950,224,33,88,1,-1,-1,-1
565,105382,98,455,67,137,1,-1,-1,-1
566,105280,369,469,49,129,1,-1,-1,-1
566,105282,99,258,38,93,1,-1,-1,-1
566,105293,401,494,58,142,1,-1,-1,-1
566,105295,749,630,144,61,1,-1,-1,-1
566,105305,810,491,56,141,1,-1,-1,-1
566,105312,233,291,38,108,1,-1,-1,-1
566,105331,511,423,44,124,1,-1,-1,-1
566,105333,996,528,54,154,1,-1,-1,-1
566,105334,739,350,34,119,1,-1,-1,-1
566,105336,1200,513,84,143,1,-1,-1,-1
566,105359,950,225,33,88,1,-1,-1,-1
566,105382,104,456,67,137,1,-1,-1,-1
567,105280,366,470,48,128,1,-1,-1,-1
567,105282,97,258,38,93,1,-1,-1,-1
567,105293,400,493,58,143,1,-1,-1,-1
567,105295,745,630,146,62,1,-1,-1,-1
567,105305,810,492,56,141,1,-1,-1,-1
567,105312,231,292,38,108,1,-1,-1,-1
567,105331,511,425,45,124,1,-1,-1,-1
567,105333,995,528,53,153,1,-1,-1,-1
567,105334,736,351,35,118,1,-1,-1,-1
567,105336,1200,514,85,142,1,-1,-1,-1
567,105359,949,225,33,88,1,-1,-1,-1
567,105382,114,458,65,137,1,-1,-1,-1
568,105280,363,470,47,129,1,-1,-1,-1
568,105282,94,259,39,93,1,-1,-1,-1
568,105293,399,493,58,143,1,-1,-1,-1
568,105295,742,630,146,62,1,-1,-1,-1
568,105305,809,493,56,141,1,-1,-1,-1
568,105312,228,292,38,108,1,-1,-1,-1
568,105331,511,425,45,125,1,-1,-1,-1
568,105333,993,527,54,153,1,-1,-1,-1
568,105334,734,351,35,118,1,-1,-1,-1
568,105336,1200,514,86,142,1,-1,-1,-1
568,105359,946,226,33,88,1,-1,-1,-1
568,105382,125,460,65,137,1,-1,-1,-1
569,105280,360,470,46,129,1,-1,-1,-1
569,105282,91,259,39,93,1,-1,-1,-1
569,105293,399,493,58,143,1,-1,-1,-1
569,105295,739,630,147,63,1,-1,-1,-1
569,105305,809,494,56,141,1,-1,-1,-1
569,105312,225,293,37,107,1,-1,-1,-1
569,105331,511,426,45,125,1,-1,-1,-1
569,105333,992,527,54,152,1,-1,-1,-1
569,105334,732,351,35,118,1,-1,-1,-1
569,105336,1200,514,86,142,1,-1,-1,-1
569,105359,943,226,33,88,1,-1,-1,-1
569,105382,136,463,64,137,1,-1,-1,-1
570,105280,356,470,46,129,1,-1,-1,-1
570,105282,89,260,39,93,1,-1,-1,-1
570,105293,398,492,58,143,1,-1,-1,-1
570,105295,735,630,148,63,1,-1,-1,-1
570,105305,809,496,56,141,1,-1,-1,-1
570,105312,221,293,38,108,1,-1,-1,-1
570,105331,511,427,45,125,1,-1,-1,-1
570,105333,991,526,53,151,1,-1,-1,-1
570,105334,729,351,35,118,1,-1,-1,-1
570,105336,1201,514,87,142,1,-1,-1,-1
570,105359,939,227,34,88,1,-1,-1,-1
570,105382,147,466,64,137,1,-1,-1,-1
571,105280,353,470,46,129,1,-1,-1,-1
571,105282,86,260,39,93,1,-1,-1,-1
571,105293,398,492,58,143,1,-1,-1,-1
571,105295,731,630,149,63,1,-1,-1,-1
571,105305,809,497,56,141,1,-1,-1,-1
571,105312,217,294,38,108,1,-1,-1,-1
571,105331,511,427,45,126,1,-1,-1,-1
571,105333,989,525,53,151,1,-1,-1,-1
571,105334,727,351,36,119,1,-1,-1,-1
571,105336,1201,515,87,141,1,-1,-1,-1
571,105359,937,227,34,88,1,-1,-1,-1
571,105382,158,469,64,137,1,-1,-1,-1
572,105280,350,470,45,129,1,-1,-1,-1
572,105282,82,261,40,92,1,-1,-1,-1
572,105293,397,490,57,143,1,-1,-1,-1
572,105295,728,630,150,64,1,-1,-1,-1
572,105305,808,498,56,140,1,-1,-1,-1
572,105312,214,294,38,108,1,-1,-1,-1
572,105331,510,428,46,126,1,-1,-1,-1
572,105333,987,525,53,151,1,-1,-1,-1
572,105334,725,351,36,118,1,-1,-1,-1
572,105336,1199,515,88,141,1,-1,-1,-1
572,105359,934,227,34,87,1,-1,-1,-1
572,105382,165,470,64,138,1,-1,-1,-1
573,105280,345,470,45,129,1,-1,-1,-1
573,105282,79,261,39,93,1,-1,-1,-1
573,105293,395,489,57,143,1,-1,-1,-1
573,105295,726,630,150,64,1,-1,-1,-1
573,105305,808,499,56,139,1,-1,-1,-1
573,105312,211,295,38,108,1,-1,-1,-1
573,105331,510,429,45,126,1,-1,-1,-1
573,105333,984,524,54,151,1,-1,-1,-1
573,105334,723,351,36,118,1,-1,-1,-1
573,105336,1198,515,88,142,1,-1,-1,-1
573,105359,931,228,33,86,1,-1,-1,-1
573,105382,170,470,65,141,1,-1,-1,-1
574,105280,341,470,45,130,1,-1,-1,-1
574,105282,74,262,39,92,1,-1,-1,-1
574,105293,393,488,56,143,1,-1,-1,-1
574,105295,723,630,150,64,1,-1,-1,-1
574,105305,807,500,55,138,1,-1,-1,-1
574,105312,208,295,38,108,1,-1,-1,-1
574,105331,509,429,46,126,1,-1,-1,-1
574,105333,981,524,54,151,1,-1,-1,-1
574,105334,721,352,36,117,1,-1,-1,-1
574,105336,1196,515,88,142,1,-1,-1,-1
574,105359,927,228,33,86,1,-1,-1,-1
574,105382,174,470,67,143,1,-1,-1,-1
575,105280,335,469,45,131,1,-1,-1,-1
575,105282,68,263,39,92,1,-1,-1,-1
575,105293,391,486,56,143,1,-1,-1,-1
575,105295,720,630,150,64,1,-1,-1,-1
575,105305,806,501,55,137,1,-1,-1,-1
575,105312,205,295,38,108,1,-1,-1,-1
575,105331,509,430,46,127,1,-1,-1,-1
575,105333,978,524,54,150,1,-1,-1,-1
575,105334,717,353,35,116,1,-1,-1,-1
575,105336,1195,515,87,142,1,-1,-1,-1
575,105359,922,228,32,85,1,-1,-1,-1
575,105382,178,470,69,144,1,-1,-1,-1
576,105280,331,469,45,131,1,-1,-1,-1
576,105282,65,264,39,91,1,-1,-1,-1
576,105293,388,485,55,142,1,-1,-1,-1
576,105295,718,630,150,65,1,-1,-1,-1
576,105305,806,502,54,137,1,-1,-1,-1
576,105312,202,296,38,108,1,-1,-1,-1
576,105331,509,431,46,127,1,-1,-1,-1
576,105333,975,523,54,151,1,-1,-1,-1
576,105334,716,354,35,115,1,-1,-1,-1
576,105336,1194,515,86,143,1,-1,-1,-1
576,105359,920,229,32,84,1,-1,-1,-1
576,105382,183,469,71,146,1,-1,-1,-1
577,105280,328,469,45,131,1,-1,-1,-1
577,105282,62,264,40,92,1,-1,-1,-1
577,105293,387,484,54,143,1,-1,-1,-1
577,105295,718,631,147,64,1,-1,-1,-1
577,105305,805,503,53,136,1,-1,-1,-1
577,105312,199,296,38,108,1,-1,-1,-1
577,105331,509,432,46,127,1,-1,-1,-1
577,105333,972,523,54,151,1,-1,-1,-1
577,105334,715,354,34,115,1,-1,-1,-1
577,105336,1192,515,86,143,1,-1,-1,-1
577,105359,918,229,32,84,1,-1,-1,-1
577,105382,190,471,72,146,1,-1,-1,-1
578,105280,323,469,46,131,1,-1,-1,-1
578,105282,59,264,41,92,1,-1,-1,-1
578,105293,386,484,54,142,1,-1,-1,-1
578,105295,716,633,145,62,1,-1,-1,-1
578,105305,804,505,53,134,1,-1,-1,-1
578,105312,195,297,39,108,1,-1,-1,-1
578,105331,510,433,46,127,1,-1,-1,-1
578,105333,970,523,54,151,1,-1,-1,-1
578,105334,712,354,35,115,1,-1,-1,-1
578,105336,1191,515,85,143,1,-1,-1,-1
578,105359,915,229,32,84,1,-1,-1,-1
578,105382,199,472,73,146,1,-1,-1,-1
579,105280,318,469,48,131,1,-1,-1,-1
579,105282,56,264,41,92,1,-1,-1,-1
579,105293,385,484,53,142,1,-1,-1,-1
579,105295,714,635,143,61,1,-1,-1,-1
579,105305,803,506,53,133,1,-1,-1,-1
579,105312,192,297,39,108,1,-1,-1,-1
579,105331,511,434,46,127,1,-1,-1,-1
579,105333,967,522,54,151,1,-1,-1,-1
579,105334,710,354,34,115,1,-1,-1,-1
579,105336,1191,515,83,143,1,-1,-1,-1
579,105359,912,229,32,84,1,-1,-1,-1
579,105382,208,474,73,146,1,-1,-1,-1
580,105280,310,469,50,131,1,-1,-1,-1
580,105282,52,264,42,93,1,-1,-1,-1
580,105293,384,484,53,142,1,-1,-1,-1
580,105295,711,637,139,60,1,-1,-1,-1
580,105305,802,507,53,132,1,-1,-1,-1
580,105312,188,297,39,108,1,-1,-1,-1
580,105331,512,434,46,128,1,-1,-1,-1
580,105333,962,522,54,151,1,-1,-1,-1
580,105334,708,355,34,114,1,-1,-1,-1
580,105336,1190,515,81,143,1,-1,-1,-1
580,105359,907,229,33,84,1,-1,-1,-1
580,105382,218,476,73,144,1,-1,-1,-1
581,105280,307,469,51,132,1,-1,-1,-1
581,105282,49,264,42,93,1,-1,-1,-1
581,105293,383,483,52,142,1,-1,-1,-1
581,105295,710,638,138,60,1,-1,-1,-1
581,105305,802,508,52,131,1,-1,-1,-1
581,105312,186,298,39,108,1,-1,-1,-1
581,105331,513,435,45,128,1,-1,-1,-1
581,105333,961,522,54,151,1,-1,-1,-1
581,105334,705,355,34,114,1,-1,-1,-1
581,105336,1189,515,80,143,1,-1,-1,-1
581,105359,905,230,33,83,1,-1,-1,-1
581,105382,229,477,72,144,1,-1,-1,-1
582,105280,306,469,53,131,1,-1,-1,-1
582,105282,48,264,43,93,1,-1,-1,-1
582,105293,383,483,52,142,1,-1,-1,-1
582,105295,709,639,139,59,1,-1,-1,-1
582,105305,802,509,51,130,1,-1,-1,-1
582,105312,185,298,39,109,1,-1,-1,-1
582,105331,513,436,46,129,1,-1,-1,-1
582,105333,959,521,54,151,1,-1,-1,-1
582,105334,703,354,34,114,1,-1,-1,-1
582,105336,1190,515,79,144,1,-1,-1,-1
582,105359,904,230,33,84,1,-1,-1,-1
582,105382,238,479,71,144,1,-1,-1,-1
583,105280,308,469,53,131,1,-1,-1,-1
583,105282,47,264,44,93,1,-1,-1,-1
583,105293,383,483,52,142,1,-1,-1,-1
583,105295,708,639,140,60,1,-1,-1,-1
583,105305,802,511,50,128,1,-1,-1,-1
583,105312,183,299,40,109,1,-1,-1,-1
583,105331,515,437,45,129,1,-1,-1,-1
583,105333,958,521,54,151,1,-1,-1,-1
583,105334,702,354,34,114,1,-1,-1,-1
583,105336,1194,515,76,144,1,-1,-1,-1
583,105359,902,230,34,85,1,-1,-1,-1
583,105382,246,481,71,143,1,-1,-1,-1
584,105280,310,470,53,130,1,-1,-1,-1
584,105282,47,265,44,93,1,-1,-1,-1
584,105293,384,482,51,142,1,-1,-1,-1
584,105295,707,639,142,60,1,-1,-1,-1
584,105305,802,512,50,127,1,-1,-1,-1
584,105312,182,299,41,109,1,-1,-1,-1
584,105331,515,438,46,128,1,-1,-1,-1
584,105333,957,520,54,151,1,-1,-1,-1
584,105334,700,353,34,114,1,-1,-1,-1
584,105336,1197,515,75,144,1,-1,-1,-1
584,105359,900,230,35,86,1,-1,-1,-1
584,105382,254,482,71,143,1,-1,-1,-1
585,105280,312,470,53,130,1,-1,-1,-1
585,105282,47,266,45,93,1,-1,-1,-1
585,105293,385,481,51,142,1,-1,-1,-1
585,105295,705,639,145,61,1,-1,-1,-1
585,105305,803,514,49,125,1,-1,-1,-1
585,105312,181,299,43,110,1,-1,-1,-1
585,105331,517,439,45,129,1,-1,-1,-1
585,105333,957,519,54,151,1,-1,-1,-1
585,105334,699,353,34,114,1,-1,-1,-1
585,105336,1201,515,73,144,1,-1,-1,-1
585,105359,899,230,35,87,1,-1,-1,-1
585,105382,266,484,72,143,1,-1,-1,-1
586,105280,313,471,53,129,1,-1,-1,-1
586,105282,47,267,45,93,1,-1,-1,-1
586,105293,386,480,51,142,1,-1,-1,-1
586,105295,704,639,147,62,1,-1,-1,-1
586,105305,803,516,49,123,1,-1,-1,-1
586,105312,179,300,45,110,1,-1,-1,-1
586,105331,518,440,45,129,1,-1,-1,-1
586,105333,956,518,53,151,1,-1,-1,-1
586,105334,697,352,34,114,1,-1,-1,-1
586,105336,1205,515,71,144,1,-1,-1,-1
586,105359,897,230,36,88,1,-1,-1,-1
586,105382,271,485,73,143,1,-1,-1,-1
587,105280,312,471,54,129,1,-1,-1,-1
587,105282,45,266,45,93,1,-1,-1,-1
587,105293,387,479,50,142,1,-1,-1,-1
587,105295,703,638,149,64,1,-1,-1,-1
587,105305,803,517,49,122,1,-1,-1,-1
587,105312,177,300,46,110,1,-1,-1,-1
587,105331,519,441,45,129,1,-1,-1,-1
587,105333,955,517,54,151,1,-1,-1,-1
587,105334,696,351,34,114,1,-1,-1,-1
587,105336,1209,515,70,144,1,-1,-1,-1
587,105359,895,229,36,89,1,-1,-1,-1
587,105382,280,486,73,143,1,-1,-1,-1
588,105280,311,471,53,129,1,-1,-1,-1
588,105282,42,266,46,93,1,-1,-1,-1
588,105293,387,479,50,142,1,-1,-1,-1
588,105295,702,638,150,64,1,-1,-1,-1
588,105305,803,519,48,120,1,-1,-1,-1
588,105312,175,299,47,110,1,-1,-1,-1
588,105331,519,441,45,130,1,-1,-1,-1
588,105333,954,516,53,151,1,-1,-1,-1
588,105334,695,351,33,114,1,-1,-1,-1
588,105336,1213,515,68,144,1,-1,-1,-1
588,105359,893,228,37,89,1,-1,-1,-1
588,105382,290,486,74,144,1,-1,-1,-1
589,105280,309,471,54,129,1,-1,-1,-1
589,105282,39,265,45,93,1,-1,-1,-1
589,105293,388,479,51,141,1,-1,-1,-1
589,105295,700,637,152,65,1,-1,-1,-1
589,105305,804,520,47,119,1,-1,-1,-1
589,105312,172,299,49,110,1,-1,-1,-1
589,105331,519,441,45,132,1,-1,-1,-1
589,105333,954,516,52,151,1,-1,-1,-1
589,105334,693,350,34,114,1,-1,-1,-1
589,105336,1216,515,66,144,1,-1,-1,-1
589,105359,892,228,37,89,1,-1,-1,-1
589,105382,300,486,74,144,1,-1,-1,-1
590,105280,306,471,54,129,1,-1,-1,-1
590,105282,35,264,46,93,1,-1,-1,-1
590,105293,388,479,51,139,1,-1,-1,-1
590,105295,699,637,153,65,1,-1,-1,-1
590,105305,804,522,47,117,1,-1,-1,-1
590,105312,167,298,52,110,1,-1,-1,-1
590,105331,519,442,46,132,1,-1,-1,-1
590,105333,953,515,52,151,1,-1,-1,-1
590,105334,692,350,34,113,1,-1,-1,-1
590,105336,1222,515,64,144,1,-1,-1,-1
590,105359,891,227,37,89,1,-1,-1,-1
590,105382,317,487,74,144,1,-1,-1,-1
591,105280,304,471,55,130,1,-1,-1,-1
591,105282,32,263,46,93,1,-1,-1,-1
591,105293,388,478,52,139,1,-1,-1,-1
591,105295,698,636,154,66,1,-1,-1,-1
591,105305,804,523,47,116,1,-1,-1,-1
591,105312,164,298,55,110,1,-1,-1,-1
591,105331,520,442,46,134,1,-1,-1,-1
591,105333,953,514,51,151,1,-1,-1,-1
591,105334,691,349,33,114,1,-1,-1,-1
591,105336,1225,515,62,144,1,-1,-1,-1
591,105359,889,226,37,89,1,-1,-1,-1
591,105382,324,487,74,145,1,-1,-1,-1
592,105280,302,471,55,130,1,-1,-1,-1
592,105282,28,262,46,93,1,-1,-1,-1
592,105293,386,478,52,139,1,-1,-1,-1
592,105295,696,636,156,66,1,-1,-1,-1
592,105305,803,526,47,115,1,-1,-1,-1
592,105312,160,297,56,110,1,-1,-1,-1
592,105331,520,442,46,135,1,-1,-1,-1
592,105333,952,513,51,151,1,-1,-1,-1
592,105334,689,348,34,114,1,-1,-1,-1
592,105336,1227,514,62,145,1,-1,-1,-1
592,105359,887,226,37,89,1,-1,-1,-1
592,105382,331,488,74,145,1,-1,-1,-1
593,105280,300,471,55,131,1,-1,-1,-1
593,105282,24,261,47,93,1,-1,-1,-1
593,105293,383,477,53,139,1,-1,-1,-1
593,105295,694,636,158,67,1,-1,-1,-1
593,105305,801,530,47,114,1,-1,-1,-1
593,105312,155,296,59,111,1,-1,-1,-1
593,105331,520,442,47,137,1,-1,-1,-1
593,105333,950,512,51,151,1,-1,-1,-1
593,105334,688,347,34,114,1,-1,-1,-1
593,105336,1229,513,60,145,1,-1,-1,-1
593,105359,886,225,37,89,1,-1,-1,-1
593,105382,338,489,73,145,1,-1,-1,-1
594,105280,298,471,55,131,1,-1,-1,-1
594,105282,20,261,47,93,1,-1,-1,-1
594,105293,380,476,54,139,1,-1,-1,-1
594,105295,692,636,160,68,1,-1,-1,-1
594,105305,799,533,48,115,1,-1,-1,-1
594,105312,149,294,61,112,1,-1,-1,-1
594,105331,520,443,47,138,1,-1,-1,-1
594,105333,948,511,50,151,1,-1,-1,-1
594,105334,686,347,34,114,1,-1,-1,-1
594,105336,1230,512,60,145,1,-1,-1,-1
594,105359,884,224,37,90,1,-1,-1,-1
594,105382,344,489,74,146,1,-1,-1,-1
595,105280,294,471,56,133,1,-1,-1,-1
595,105282,13,259,47,93,1,-1,-1,-1
595,105293,376,474,54,139,1,-1,-1,-1
595,105295,688,636,164,70,1,-1,-1,-1
595,105305,797,538,48,113,1,-1,-1,-1
595,105312,141,292,62,113,1,-1,-1,-1
595,105331,520,443,48,139,1,-1,-1,-1
595,105333,945,511,50,151,1,-1,-1,-1
595,105334,684,346,34,114,1,-1,-1,-1
595,105336,1232,511,60,146,1,-1,-1,-1
595,105359,882,223,37,90,1,-1,-1,-1
595,105382,355,491,74,145,1,-1,-1,-1
596,105280,293,471,56,133,1,-1,-1,-1
596,105282,10,259,47,93,1,-1,-1,-1
596,105293,374,473,55,139,1,-1,-1,-1
596,105295,687,635,165,72,1,-1,-1,-1
596,105305,795,542,48,113,1,-1,-1,-1
596,105312,137,292,64,113,1,-1,-1,-1
596,105331,520,443,48,140,1,-1,-1,-1
596,105333,943,510,50,151,1,-1,-1,-1
596,105334,682,345,34,114,1,-1,-1,-1
596,105336,1233,510,60,146,1,-1,-1,-1
596,105359,882,222,36,91,1,-1,-1,-1
596,105382,359,492,74,145,1,-1,-1,-1
597,105280,290,471,57,134,1,-1,-1,-1
597,105282,6,258,46,93,1,-1,-1,-1
597,105293,371,472,55,139,1,-1,-1,-1
597,105295,684,635,165,72,1,-1,-1,-1
597,105305,793,546,49,113,1,-1,-1,-1
597,105312,132,291,65,113,1,-1,-1,-1
597,105331,519,444,49,141,1,-1,-1,-1
597,105333,942,509,49,151,1,-1,-1,-1
597,105334,678,345,34,114,1,-1,-1,-1
597,105336,1235,509,59,146,1,-1,-1,-1
597,105359,880,222,36,90,1,-1,-1,-1
597,105382,366,491,75,146,1,-1,-1,-1
598,105280,287,471,56,134,1,-1,-1,-1
598,105282,1,258,45,91,1,-1,-1,-1
598,105293,368,471,55,140,1,-1,-1,-1
598,105295,680,635,164,72,1,-1,-1,-1
598,105305,791,550,49,113,1,-1,-1,-1
598,105312,128,291,64,113,1,-1,-1,-1
598,105331,519,446,49,140,1,-1,-1,-1
598,105333,940,508,49,151,1,-1,-1,-1
598,105334,673,344,35,115,1,-1,-1,-1
598,105336,1235,508,60,146,1,-1,-1,-1
598,105359,877,222,36,90,1,-1,-1,-1
598,105382,374,491,76,147,1,-1,-1,-1
599,105280,283,471,57,135,1,-1,-1,-1
599,105282,-3,257,41,90,1,-1,-1,-1
599,105293,364,469,55,141,1,-1,-1,-1
599,105295,676,635,163,72,1,-1,-1,-1
599,105305,790,554,49,113,1,-1,-1,-1
599,105312,123,290,64,114,1,-1,-1,-1
599,105331,519,448,49,140,1,-1,-1,-1
599,105333,937,507,50,151,1,-1,-1,-1
599,105334,667,343,36,116,1,-1,-1,-1
599,105336,1237,507,60,146,1,-1,-1,-1
599,105359,874,221,36,91,1,-1,-1,-1
599,105382,383,490,75,149,1,-1,-1,-1
600,105280,279,471,57,135,1,-1,-1,-1
600,105282,-5,261,41,88,1,-1,-1,-1
600,105293,362,468,55,141,1,-1,-1,-1
600,105295,670,635,161,72,1,-1,-1,-1
600,105305,787,560,50,113,1,-1,-1,-1
600,105312,118,290,63,114,1,-1,-1,-1
600,105331,519,449,49,141,1,-1,-1,-1
600,105333,935,507,49,150,1,-1,-1,-1
600,105334,660,343,38,116,1,-1,-1,-1
600,105336,1238,506,61,147,1,-1,-1,-1
600,105359,871,221,36,90,1,-1,-1,-1
600,105382,397,489,76,151,1,-1,-1,-1
600,105383,1,460,26,118,1,-1,-1,-1
601,105280,275,471,57,135,1,-1,-1,-1
601,105282,-8,262,38,85,1,-1,-1,-1
601,105293,358,466,55,142,1,-1,-1,-1
601,105295,668,635,159,72,1,-1,-1,-1
601,105305,786,563,50,112,1,-1,-1,-1
601,105312,113,289,61,115,1,-1,-1,-1
601,105331,519,451,48,140,1,-1,-1,-1
601,105333,933,506,49,150,1,-1,-1,-1
601,105334,654,342,38,117,1,-1,-1,-1
601,105336,1239,505,61,147,1,-1,-1,-1
601,105359,868,221,36,90,1,-1,-1,-1
601,105382,402,488,77,152,1,-1,-1,-1
601,105383,3,462,27,122,1,-1,-1,-1
602,105280,273,471,58,136,1,-1,-1,-1
602,105282,-7,265,34,82,1,-1,-1,-1
602,105293,356,466,54,142,1,-1,-1,-1
602,105295,666,635,160,73,1,-1,-1,-1
602,105305,784,566,51,111,1,-1,-1,-1
602,105312,110,290,60,115,1,-1,-1,-1
602,105331,519,452,48,141,1,-1,-1,-1
602,105333,931,505,49,150,1,-1,-1,-1
602,105334,649,341,40,119,1,-1,-1,-1
602,105336,1239,505,63,148,1,-1,-1,-1
602,105359,865,221,36,90,1,-1,-1,-1
602,105382,411,489,76,152,1,-1,-1,-1
602,105383,4,463,29,127,1,-1,-1,-1
603,105280,271,471,59,137,1,-1,-1,-1
603,105282,-8,272,29,74,1,-1,-1,-1
603,105293,355,467,54,142,1,-1,-1,-1
603,105295,663,635,163,75,1,-1,-1,-1
603,105305,784,569,50,110,1,-1,-1,-1
603,105312,108,291,58,115,1,-1,-1,-1
603,105331,519,454,48,140,1,-1,-1,-1
603,105333,930,505,49,150,1,-1,-1,-1
603,105334,645,341,41,120,1,-1,-1,-1
603,105336,1239,505,63,149,1,-1,-1,-1
603,105359,862,221,35,90,1,-1,-1,-1
603,105382,421,491,76,152,1,-1,-1,-1
603,105383,6,465,30,132,1,-1,-1,-1
604,105280,271,471,59,139,1,-1,-1,-1
604,105293,353,468,54,142,1,-1,-1,-1
604,105295,660,635,165,78,1,-1,-1,-1
604,105305,782,572,51,109,1,-1,-1,-1
604,105312,106,292,57,115,1,-1,-1,-1
604,105331,519,456,48,140,1,-1,-1,-1
604,105333,929,505,49,150,1,-1,-1,-1
604,105334,641,341,43,122,1,-1,-1,-1
604,105336,1240,506,63,149,1,-1,-1,-1
604,105359,858,221,36,90,1,-1,-1,-1
604,105382,432,493,75,152,1,-1,-1,-1
604,105383,7,466,32,138,1,-1,-1,-1
605,105280,271,471,59,140,1,-1,-1,-1
605,105293,352,469,52,142,1,-1,-1,-1
605,105295,658,635,167,80,1,-1,-1,-1
605,105305,781,576,51,108,1,-1,-1,-1
605,105312,103,292,56,115,1,-1,-1,-1
605,105331,518,457,49,141,1,-1,-1,-1
605,105333,928,505,48,150,1,-1,-1,-1
605,105334,638,341,44,123,1,-1,-1,-1
605,105336,1240,507,64,150,1,-1,-1,-1
605,105359,855,221,35,90,1,-1,-1,-1
605,105382,450,496,73,153,1,-1,-1,-1
605,105383,9,469,36,146,1,-1,-1,-1
606,105280,270,472,59,140,1,-1,-1,-1
606,105293,350,470,53,142,1,-1,-1,-1
606,105295,655,635,169,82,1,-1,-1,-1
606,105305,780,579,51,107,1,-1,-1,-1
606,105312,101,294,54,115,1,-1,-1,-1
606,105331,518,459,49,140,1,-1,-1,-1
606,105333,927,505,48,150,1,-1,-1,-1
606,105334,634,341,45,125,1,-1,-1,-1
606,105336,1240,507,64,151,1,-1,-1,-1
606,105359,853,221,35,90,1,-1,-1,-1
606,105382,457,497,72,153,1,-1,-1,-1
606,105383,10,470,37,149,1,-1,-1,-1
606,105385,0,338,3,9,1,-1,-1,-1
607,105280,271,473,58,140,1,-1,-1,-1
607,105293,350,470,52,142,1,-1,-1,-1
607,105295,653,635,170,84,1,-1,-1,-1
607,105305,779,582,51,106,1,-1,-1,-1
607,105312,99,294,53,115,1,-1,-1,-1
607,105331,518,461,50,141,1,-1,-1,-1
607,105333,925,505,49,150,1,-1,-1,-1
607,105334,631,341,46,125,1,-1,-1,-1
607,105336,1241,508,64,151,1,-1,-1,-1
607,105359,852,222,35,90,1,-1,-1,-1
607,105382,469,498,71,154,1,-1,-1,-1
607,105383,12,471,39,150,1,-1,-1,-1
608,105280,271,475,58,141,1,-1,-1,-1
608,105293,349,470,52,142,1,-1,-1,-1
608,105295,651,635,171,86,1,-1,-1,-1
608,105305,777,586,52,105,1,-1,-1,-1
608,105312,96,295,53,115,1,-1,-1,-1
608,105331,520,463,49,142,1,-1,-1,-1
608,105333,924,505,49,150,1,-1,-1,-1
608,105334,630,342,46,126,1,-1,-1,-1
608,105336,1242,509,64,152,1,-1,-1,-1
608,105359,851,223,35,91,1,-1,-1,-1
608,105382,482,499,71,153,1,-1,-1,-1
608,105383,15,473,40,150,1,-1,-1,-1
609,105280,273,478,57,140,1,-1,-1,-1
609,105293,349,470,51,142,1,-1,-1,-1
609,105295,649,635,172,88,1,-1,-1,-1
609,105305,776,589,53,104,1,-1,-1,-1
609,105312,93,296,53,115,1,-1,-1,-1
609,105331,520,465,50,143,1,-1,-1,-1
609,105333,922,505,50,150,1,-1,-1,-1
609,105334,628,343,48,126,1,-1,-1,-1
609,105336,1243,509,64,152,1,-1,-1,-1
609,105359,850,224,35,91,1,-1,-1,-1
609,105382,495,500,72,153,1,-1,-1,-1
609,105383,18,474,42,150,1,-1,-1,-1
610,105280,274,480,56,139,1,-1,-1,-1
610,105293,349,470,51,142,1,-1,-1,-1
610,105295,647,635,173,90,1,-1,-1,-1
610,105305,774,594,53,102,1,-1,-1,-1
610,105312,91,297,52,115,1,-1,-1,-1
610,105331,521,467,50,144,1,-1,-1,-1
610,105333,921,505,49,150,1,-1,-1,-1
610,105334,626,344,47,127,1,-1,-1,-1
610,105336,1244,511,64,153,1,-1,-1,-1
610,105359,849,225,35,92,1,-1,-1,-1
610,105382,508,500,73,154,1,-1,-1,-1
610,105383,24,476,44,150,1,-1,-1,-1
611,105280,275,482,56,139,1,-1,-1,-1
611,105293,348,470,52,142,1,-1,-1,-1
611,105295,644,635,175,93,1,-1,-1,-1
611,105305,773,596,54,101,1,-1,-1,-1
611,105312,88,299,52,116,1,-1,-1,-1
611,105331,522,469,51,145,1,-1,-1,-1
611,105333,920,505,50,150,1,-1,-1,-1
611,105334,624,344,49,128,1,-1,-1,-1
611,105336,1245,511,63,154,1,-1,-1,-1
611,105359,849,226,36,92,1,-1,-1,-1
611,105382,522,501,74,154,1,-1,-1,-1
611,105383,25,477,47,149,1,-1,-1,-1
612,105280,276,484,55,139,1,-1,-1,-1
612,105293,348,470,52,143,1,-1,-1,-1
612,105295,645,638,171,91,1,-1,-1,-1
612,105305,772,598,55,101,1,-1,-1,-1
612,105312,85,299,53,116,1,-1,-1,-1
612,105331,522,472,52,146,1,-1,-1,-1
612,105333,919,505,50,151,1,-1,-1,-1
612,105334,625,345,48,127,1,-1,-1,-1
612,105336,1245,512,63,154,1,-1,-1,-1
612,105359,849,227,35,93,1,-1,-1,-1
612,105382,532,498,77,158,1,-1,-1,-1
612,105383,31,478,49,150,1,-1,-1,-1
613,105280,277,485,56,139,1,-1,-1,-1
613,105293,347,470,52,144,1,-1,-1,-1
613,105295,648,642,165,89,1,-1,-1,-1
613,105305,771,599,56,102,1,-1,-1,-1
613,105312,84,300,52,117,1,-1,-1,-1
613,105331,523,474,53,147,1,-1,-1,-1
613,105333,918,505,50,151,1,-1,-1,-1
613,105334,625,345,47,126,1,-1,-1,-1
613,105336,1246,513,63,154,1,-1,-1,-1
613,105359,848,228,35,93,1,-1,-1,-1
613,105382,542,495,79,162,1,-1,-1,-1
613,105383,39,481,49,149,1,-1,-1,-1
614,105280,279,486,55,140,1,-1,-1,-1
614,105293,345,470,54,146,1,-1,-1,-1
614,105295,652,647,157,86,1,-1,-1,-1
614,105305,771,599,57,103,1,-1,-1,-1
614,105312,82,301,52,117,1,-1,-1,-1
614,105331,524,476,53,148,1,-1,-1,-1
614,105333,917,505,51,151,1,-1,-1,-1
614,105334,625,346,47,125,1,-1,-1,-1
614,105336,1246,513,63,155,1,-1,-1,-1
614,105359,847,229,36,94,1,-1,-1,-1
614,105382,552,490,81,168,1,-1,-1,-1
614,105383,47,483,51,149,1,-1,-1,-1
615,105280,280,488,56,140,1,-1,-1,-1
615,105293,343,470,56,148,1,-1,-1,-1
615,105295,656,654,148,80,1,-1,-1,-1
615,105305,770,600,59,104,1,-1,-1,-1
615,105312,80,301,52,118,1,-1,-1,-1
615,105331,526,480,53,149,1,-1,-1,-1
615,105333,917,505,51,151,1,-1,-1,-1
615,105334,626,346,45,125,1,-1,-1,-1
615,105336,1246,514,63,154,1,-1,-1,-1
615,105359,846,231,36,95,1,-1,-1,-1
615,105382,567,482,85,179,1,-1,-1,-1
615,105383,55,485,52,149,1,-1,-1,-1
616,105280,281,489,57,141,1,-1,-1,-1
616,105293,342,470,57,148,1,-1,-1,-1
616,105295,657,658,145,78,1,-1,-1,-1
616,105305,770,602,59,104,1,-1,-1,-1
616,105312,78,302,52,119,1,-1,-1,-1
616,105331,526,481,54,150,1,-1,-1,-1
616,105333,916,505,51,152,1,-1,-1,-1
616,105334,626,346,45,124,1,-1,-1,-1
616,105336,1247,515,63,154,1,-1,-1,-1
616,105359,846,232,36,95,1,-1,-1,-1
616,105382,574,479,84,183,1,-1,-1,-1
616,105383,65,488,52,149,1,-1,-1,-1
617,105280,281,491,58,140,1,-1,-1,-1
617,105293,342,470,58,149,1,-1,-1,-1
617,105295,658,660,143,77,1,-1,-1,-1
617,105305,769,603,61,105,1,-1,-1,-1
617,105312,77,303,53,119,1,-1,-1,-1
617,105331,528,483,55,150,1,-1,-1,-1
617,105333,915,505,52,152,1,-1,-1,-1
617,105334,626,347,44,123,1,-1,-1,-1
617,105336,1247,515,63,154,1,-1,-1,-1
617,105359,845,232,36,95,1,-1,-1,-1
617,105382,582,478,84,185,1,-1,-1,-1
617,105383,72,490,52,149,1,-1,-1,-1
618,105280,282,491,59,141,1,-1,-1,-1
618,105293,342,470,60,150,1,-1,-1,-1
618,105295,658,661,143,77,1,-1,-1,-1
618,105305,768,604,62,106,1,-1,-1,-1
618,105312,77,303,52,120,1,-1,-1,-1
618,105331,531,484,55,151,1,-1,-1,-1
618,105333,914,505,52,152,1,-1,-1,-1
618,105334,626,348,43,124,1,-1,-1,-1
618,105336,1247,516,63,154,1,-1,-1,-1
618,105359,845,232,36,96,1,-1,-1,-1
618,105382,592,478,83,185,1,-1,-1,-1
618,105383,77,492,54,149,1,-1,-1,-1
619,105280,282,492,59,141,1,-1,-1,-1
619,105293,342,470,61,151,1,-1,-1,-1
619,105295,657,663,144,76,1,-1,-1,-1
619,105305,767,605,64,106,1,-1,-1,-1
619,105312,77,303,51,121,1,-1,-1,-1
619,105331,534,486,55,151,1,-1,-1,-1
619,105333,914,505,52,153,1,-1,-1,-1
619,105334,626,349,43,124,1,-1,-1,-1
619,105336,1248,517,63,154,1,-1,-1,-1
619,105359,845,233,36,96,1,-1,-1,-1
619,105382,602,478,83,186,1,-1,-1,-1
619,105383,83,495,55,149,1,-1,-1,-1
620,105280,282,493,60,142,1,-1,-1,-1
620,105293,342,470,63,152,1,-1,-1,-1
620,105295,657,665,144,77,1,-1,-1,-1
620,105305,766,606,65,107,1,-1,-1,-1
620,105312,76,303,52,123,1,-1,-1,-1
620,105331,537,488,55,150,1,-1,-1,-1
620,105333,913,505,52,153,1,-1,-1,-1
620,105334,626,350,42,126,1,-1,-1,-1
620,105336,1249,517,63,154,1,-1,-1,-1
620,105359,844,234,37,96,1,-1,-1,-1
620,105382,617,478,84,187,1,-1,-1,-1
620,105383,88,497,57,149,1,-1,-1,-1
621,105280,282,493,61,143,1,-1,-1,-1
621,105293,342,470,64,153,1,-1,-1,-1
621,105295,656,666,144,77,1,-1,-1,-1
621,105305,765,608,66,107,1,-1,-1,-1
621,105312,76,303,52,124,1,-1,-1,-1
621,105331,540,490,55,150,1,-1,-1,-1
621,105333,912,505,53,153,1,-1,-1,-1
621,105334,626,350,41,127,1,-1,-1,-1
621,105336,1248,518,64,154,1,-1,-1,-1
621,105359,844,234,37,97,1,-1,-1,-1
621,105382,622,478,84,187,1,-1,-1,-1
621,105383,93,500,59,149,1,-1,-1,-1
622,105280,284,494,61,143,1,-1,-1,-1
622,105293,343,470,65,152,1,-1,-1,-1
622,105295,655,667,145,77,1,-1,-1,-1
622,105305,765,609,67,107,1,-1,-1,-1
622,105312,76,303,51,126,1,-1,-1,-1
622,105331,543,491,55,151,1,-1,-1,-1
622,105333,910,506,53,153,1,-1,-1,-1
622,105334,626,351,40,126,1,-1,-1,-1
622,105336,1248,518,64,154,1,-1,-1,-1
622,105359,844,235,37,97,1,-1,-1,-1
622,105382,630,477,84,188,1,-1,-1,-1
622,105383,100,501,60,149,1,-1,-1,-1
623,105280,287,494,61,143,1,-1,-1,-1
623,105293,346,470,64,151,1,-1,-1,-1
623,105295,655,668,144,77,1,-1,-1,-1
623,105305,765,610,67,107,1,-1,-1,-1
623,105312,76,304,51,125,1,-1,-1,-1
623,105331,547,493,54,151,1,-1,-1,-1
623,105333,908,506,53,154,1,-1,-1,-1
623,105334,625,351,40,126,1,-1,-1,-1
623,105336,1248,518,63,154,1,-1,-1,-1
623,105359,843,236,38,96,1,-1,-1,-1
623,105382,639,477,84,188,1,-1,-1,-1
623,105383,107,501,62,150,1,-1,-1,-1
624,105280,289,495,61,143,1,-1,-1,-1
624,105293,348,470,63,149,1,-1,-1,-1
624,105295,654,669,145,77,1,-1,-1,-1
624,105305,764,612,68,107,1,-1,-1,-1
624,105312,77,304,50,126,1,-1,-1,-1
624,105331,550,495,54,151,1,-1,-1,-1
624,105333,906,507,53,155,1,-1,-1,-1
624,105334,624,351,40,125,1,-1,-1,-1
624,105336,1248,518,63,154,1,-1,-1,-1
624,105359,842,236,39,97,1,-1,-1,-1
624,105382,648,476,84,189,1,-1,-1,-1
624,105383,115,501,63,151,1,-1,-1,-1
625,105280,292,495,61,143,1,-1,-1,-1
625,105293,353,469,61,148,1,-1,-1,-1
625,105295,653,670,146,77,1,-1,-1,-1
625,105305,763,613,69,107,1,-1,-1,-1
625,105312,77,305,49,126,1,-1,-1,-1
625,105331,553,497,54,151,1,-1,-1,-1
625,105333,904,508,53,155,1,-1,-1,-1
625,105334,623,351,40,125,1,-1,-1,-1
625,105336,1249,518,62,154,1,-1,-1,-1
625,105359,842,237,39,97,1,-1,-1,-1
625,105382,658,476,83,189,1,-1,-1,-1
625,105383,124,502,63,152,1,-1,-1,-1
626,105280,296,496,61,143,1,-1,-1,-1
626,105293,355,469,60,147,1,-1,-1,-1
626,105295,653,671,146,77,1,-1,-1,-1
626,105305,763,614,69,107,1,-1,-1,-1
626,105312,78,306,49,126,1,-1,-1,-1
626,105331,557,499,53,151,1,-1,-1,-1
626,105333,901,508,54,156,1,-1,-1,-1
626,105334,622,351,40,124,1,-1,-1,-1
626,105336,1249,518,61,154,1,-1,-1,-1
626,105359,841,237,40,98,1,-1,-1,-1
626,105382,672,475,83,190,1,-1,-1,-1
626,105383,133,502,64,153,1,-1,-1,-1
627,105280,298,496,60,144,1,-1,-1,-1
627,105293,356,470,59,146,1,-1,-1,-1
627,105295,652,671,146,78,1,-1,-1,-1
627,105305,762,615,70,107,1,-1,-1,-1
627,105312,78,307,48,125,1,-1,-1,-1
627,105331,559,501,54,150,1,-1,-1,-1
627,105333,900,509,53,156,1,-1,-1,-1
627,105334,620,351,41,124,1,-1,-1,-1
627,105336,1250,518,60,154,1,-1,-1,-1
627,105359,841,238,40,98,1,-1,-1,-1
627,105382,678,475,83,190,1,-1,-1,-1
627,105383,139,504,64,153,1,-1,-1,-1
628,105280,300,497,60,144,1,-1,-1,-1
628,105293,356,471,58,146,1,-1,-1,-1
628,105295,651,671,148,79,1,-1,-1,-1
628,105305,762,617,70,107,1,-1,-1,-1
628,105312,77,307,48,126,1,-1,-1,-1
628,105331,562,502,53,150,1,-1,-1,-1
628,105333,898,510,53,157,1,-1,-1,-1
628,105334,618,351,40,124,1,-1,-1,-1
628,105336,1250,518,59,154,1,-1,-1,-1
628,105359,840,239,41,98,1,-1,-1,-1
628,105382,684,476,82,190,1,-1,-1,-1
628,105383,144,505,65,154,1,-1,-1,-1
629,105280,301,498,60,144,1,-1,-1,-1
629,105293,357,472,57,146,1,-1,-1,-1
629,105295,650,671,150,80,1,-1,-1,-1
629,105305,761,618,71,107,1,-1,-1,-1
629,105312,76,308,47,125,1,-1,-1,-1
629,105331,564,503,53,151,1,-1,-1,-1
629,105333,896,511,53,157,1,-1,-1,-1
629,105334,615,351,41,124,1,-1,-1,-1
629,105336,1251,518,58,154,1,-1,-1,-1
629,105359,839,239,42,99,1,-1,-1,-1
629,105382,691,476,81,191,1,-1,-1,-1
629,105383,150,508,65,153,1,-1,-1,-1
630,105280,303,500,60,144,1,-1,-1,-1
630,105293,357,473,57,146,1,-1,-1,-1
630,105295,649,671,152,81,1,-1,-1,-1
630,105305,761,620,71,107,1,-1,-1,-1
630,105312,75,308,47,126,1,-1,-1,-1
630,105331,566,505,53,151,1,-1,-1,-1
630,105333,894,511,53,158,1,-1,-1,-1
630,105334,612,351,41,124,1,-1,-1,-1
630,105336,1251,518,57,154,1,-1,-1,-1
630,105359,839,239,42,99,1,-1,-1,-1
630,105382,697,477,80,191,1,-1,-1,-1
630,105383,157,512,65,153,1,-1,-1,-1
631,105280,304,501,60,144,1,-1,-1,-1
631,105293,357,474,56,146,1,-1,-1,-1
631,105295,648,671,153,82,1,-1,-1,-1
631,105305,761,621,71,107,1,-1,-1,-1
631,105312,74,309,47,125,1,-1,-1,-1
631,105331,569,506,52,151,1,-1,-1,-1
631,105333,891,512,53,159,1,-1,-1,-1
631,105334,609,351,41,124,1,-1,-1,-1
631,105336,1252,518,55,154,1,-1,-1,-1
631,105359,838,239,42,100,1,-1,-1,-1
631,105382,704,477,79,192,1,-1,-1,-1
631,105383,161,514,65,153,1,-1,-1,-1
632,105280,304,502,61,144,1,-1,-1,-1
632,105293,358,474,56,146,1,-1,-1,-1
632,105295,646,672,156,83,1,-1,-1,-1
632,105305,760,622,72,107,1,-1,-1,-1
632,105312,74,310,47,125,1,-1,-1,-1
632,105331,571,507,53,152,1,-1,-1,-1
632,105333,891,513,53,158,1,-1,-1,-1
632,105334,608,351,41,124,1,-1,-1,-1
632,105336,1250,518,55,153,1,-1,-1,-1
632,105359,837,239,43,100,1,-1,-1,-1
632,105382,712,478,77,192,1,-1,-1,-1
632,105383,166,513,65,154,1,-1,-1,-1
633,105280,305,502,61,145,1,-1,-1,-1
633,105293,359,473,55,146,1,-1,-1,-1
633,105295,645,672,156,84,1,-1,-1,-1
633,105305,760,622,72,108,1,-1,-1,-1
633,105312,74,310,46,125,1,-1,-1,-1
633,105331,573,508,53,152,1,-1,-1,-1
633,105333,889,513,53,158,1,-1,-1,-1
633,105334,608,351,41,125,1,-1,-1,-1
633,105336,1249,518,54,153,1,-1,-1,-1
633,105359,836,239,44,101,1,-1,-1,-1
633,105382,719,478,76,193,1,-1,-1,-1
633,105383,173,513,65,154,1,-1,-1,-1
634,105280,306,502,62,146,1,-1,-1,-1
634,105293,360,473,55,146,1,-1,-1,-1
634,105295,643,673,158,86,1,-1,-1,-1
634,105305,760,623,73,108,1,-1,-1,-1
634,105312,74,310,46,125,1,-1,-1,-1
634,105331,575,510,52,152,1,-1,-1,-1
634,105333,889,513,52,157,1,-1,-1,-1
634,105334,607,352,41,125,1,-1,-1,-1
634,105336,1246,518,55,153,1,-1,-1,-1
634,105359,836,239,44,102,1,-1,-1,-1
634,105382,726,478,74,193,1,-1,-1,-1
634,105383,179,513,66,153,1,-1,-1,-1
635,105280,306,503,63,146,1,-1,-1,-1
635,105293,362,472,54,146,1,-1,-1,-1
635,105295,640,673,161,89,1,-1,-1,-1
635,105305,760,624,73,109,1,-1,-1,-1
635,105312,74,310,46,125,1,-1,-1,-1
635,105331,579,511,52,153,1,-1,-1,-1
635,105333,888,513,53,157,1,-1,-1,-1
635,105334,607,353,40,126,1,-1,-1,-1
635,105336,1244,518,55,152,1,-1,-1,-1
635,105359,836,239,44,102,1,-1,-1,-1
635,105382,733,479,73,193,1,-1,-1,-1
635,105383,190,513,66,153,1,-1,-1,-1
636,105280,306,503,64,147,1,-1,-1,-1
636,105293,363,471,54,146,1,-1,-1,-1
636,105295,639,674,162,90,1,-1,-1,-1
636,105305,760,624,73,110,1,-1,-1,-1
636,105312,74,309,45,125,1,-1,-1,-1
636,105331,580,512,53,153,1,-1,-1,-1
636,105333,887,513,53,156,1,-1,-1,-1
636,105334,606,353,41,126,1,-1,-1,-1
636,105336,1241,518,56,152,1,-1,-1,-1
636,105359,835,239,44,102,1,-1,-1,-1
636,105382,740,479,72,194,1,-1,-1,-1
636,105383,194,512,67,153,1,-1,-1,-1
637,105280,308,503,64,146,1,-1,-1,-1
637,105293,364,471,54,145,1,-1,-1,-1
637,105295,639,674,162,91,1,-1,-1,-1
637,105305,760,625,73,110,1,-1,-1,-1
637,105312,74,309,45,125,1,-1,-1,-1
637,105331,584,513,53,154,1,-1,-1,-1
637,105333,887,513,53,156,1,-1,-1,-1
637,105334,605,353,40,125,1,-1,-1,-1
637,105336,1237,518,58,152,1,-1,-1,-1
637,105359,836,239,45,103,1,-1,-1,-1
637,105382,747,481,70,193,1,-1,-1,-1
637,105383,200,513,67,153,1,-1,-1,-1
638,105280,310,503,63,145,1,-1,-1,-1
638,105293,366,471,54,145,1,-1,-1,-1
638,105295,639,674,161,92,1,-1,-1,-1
638,105305,760,626,73,110,1,-1,-1,-1
638,105312,74,309,46,125,1,-1,-1,-1
638,105331,590,515,52,154,1,-1,-1,-1
638,105333,885,513,54,155,1,-1,-1,-1
638,105334,605,352,39,124,1,-1,-1,-1
638,105336,1234,518,60,151,1,-1,-1,-1
638,105359,837,239,45,103,1,-1,-1,-1
638,105382,753,483,68,191,1,-1,-1,-1
638,105383,207,514,67,153,1,-1,-1,-1
639,105280,313,503,62,145,1,-1,-1,-1
639,105293,367,470,54,145,1,-1,-1,-1
639,105295,639,674,161,92,1,-1,-1,-1
639,105305,760,626,73,111,1,-1,-1,-1
639,105312,75,309,45,125,1,-1,-1,-1
639,105331,595,516,53,154,1,-1,-1,-1
639,105333,885,513,54,155,1,-1,-1,-1
639,105334,604,352,40,124,1,-1,-1,-1
639,105336,1231,518,61,151,1,-1,-1,-1
639,105359,839,239,44,103,1,-1,-1,-1
639,105382,759,484,67,189,1,-1,-1,-1
639,105383,215,514,66,154,1,-1,-1,-1
640,105280,317,503,60,144,1,-1,-1,-1
640,105293,368,470,55,145,1,-1,-1,-1
640,105295,639,674,161,93,1,-1,-1,-1
640,105305,761,627,73,111,1,-1,-1,-1
640,105312,75,308,45,126,1,-1,-1,-1
640,105331,600,517,53,155,1,-1,-1,-1
640,105333,883,513,55,154,1,-1,-1,-1
640,105334,603,351,39,123,1,-1,-1,-1
640,105336,1228,518,63,150,1,-1,-1,-1
640,105359,841,239,44,103,1,-1,-1,-1
640,105382,765,486,66,187,1,-1,-1,-1
640,105383,223,515,66,153,1,-1,-1,-1
641,105280,320,503,58,144,1,-1,-1,-1
641,105293,369,470,57,145,1,-1,-1,-1
641,105295,639,674,161,94,1,-1,-1,-1
641,105305,762,627,73,112,1,-1,-1,-1
641,105312,75,308,45,126,1,-1,-1,-1
641,105331,606,518,53,156,1,-1,-1,-1
641,105333,883,512,56,154,1,-1,-1,-1
641,105334,602,351,39,122,1,-1,-1,-1
641,105336,1224,518,65,150,1,-1,-1,-1
641,105359,843,239,44,103,1,-1,-1,-1
641,105382,771,488,65,184,1,-1,-1,-1
641,105383,232,516,66,153,1,-1,-1,-1
642,105280,326,503,57,144,1,-1,-1,-1
642,105293,371,470,57,144,1,-1,-1,-1
642,105295,641,674,160,94,1,-1,-1,-1
642,105305,765,628,72,112,1,-1,-1,-1
642,105312,77,308,45,126,1,-1,-1,-1
642,105331,611,519,54,157,1,-1,-1,-1
642,105333,883,511,57,153,1,-1,-1,-1
642,105334,603,351,39,122,1,-1,-1,-1
642,105336,1222,518,68,150,1,-1,-1,-1
642,105359,844,239,44,103,1,-1,-1,-1
642,105382,778,492,64,181,1,-1,-1,-1
642,105383,240,517,66,153,1,-1,-1,-1
643,105280,333,503,57,144,1,-1,-1,-1
643,105293,373,469,59,144,1,-1,-1,-1
643,105295,644,674,159,95,1,-1,-1,-1
643,105305,768,628,73,112,1,-1,-1,-1
643,105312,79,307,46,126,1,-1,-1,-1
643,105331,617,520,54,157,1,-1,-1,-1
643,105333,884,510,57,153,1,-1,-1,-1
643,105334,604,350,39,122,1,-1,-1,-1
643,105336,1222,517,70,151,1,-1,-1,-1
643,105359,846,239,43,103,1,-1,-1,-1
643,105382,786,497,63,178,1,-1,-1,-1
643,105383,248,517,66,153,1,-1,-1,-1
644,105280,341,503,56,144,1,-1,-1,-1
644,105293,376,469,59,143,1,-1,-1,-1
644,105295,646,674,158,95,1,-1,-1,-1
644,105305,772,628,72,113,1,-1,-1,-1
644,105312,82,307,45,126,1,-1,-1,-1
644,105331,623,521,54,158,1,-1,-1,-1
644,105333,886,509,56,152,1,-1,-1,-1
644,105334,604,350,40,122,1,-1,-1,-1
644,105336,1222,517,73,151,1,-1,-1,-1
644,105359,847,239,44,104,1,-1,-1,-1
644,105382,794,503,62,173,1,-1,-1,-1
644,105383,257,517,65,153,1,-1,-1,-1
645,105280,352,503,56,145,1,-1,-1,-1
645,105293,379,468,60,144,1,-1,-1,-1
645,105295,649,674,159,96,1,-1,-1,-1
645,105305,775,628,72,113,1,-1,-1,-1
645,105312,87,306,45,126,1,-1,-1,-1
645,105331,628,522,54,160,1,-1,-1,-1
645,105333,887,509,56,152,1,-1,-1,-1
645,105334,606,349,39,123,1,-1,-1,-1
645,105336,1223,517,75,151,1,-1,-1,-1
645,105359,850,240,43,103,1,-1,-1,-1
645,105382,802,509,61,169,1,-1,-1,-1
645,105383,266,517,65,154,1,-1,-1,-1
646,105280,357,504,56,144,1,-1,-1,-1
646,105293,382,467,61,144,1,-1,-1,-1
646,105295,651,674,158,97,1,-1,-1,-1
646,105305,779,628,71,113,1,-1,-1,-1
646,105312,89,306,45,126,1,-1,-1,-1
646,105331,634,524,54,160,1,-1,-1,-1
646,105333,888,508,57,152,1,-1,-1,-1
646,105334,607,349,41,123,1,-1,-1,-1
646,105336,1223,516,77,152,1,-1,-1,-1
646,105359,852,240,42,103,1,-1,-1,-1
646,105382,811,515,59,164,1,-1,-1,-1
646,105383,275,517,65,154,1,-1,-1,-1
647,105280,360,504,57,145,1,-1,-1,-1
647,105293,385,466,62,144,1,-1,-1,-1
647,105295,653,674,158,98,1,-1,-1,-1
647,105305,783,628,70,114,1,-1,-1,-1
647,105312,92,305,45,126,1,-1,-1,-1
647,105331,639,524,54,161,1,-1,-1,-1
647,105333,890,507,55,151,1,-1,-1,-1
647,105334,608,349,40,122,1,-1,-1,-1
647,105336,1223,516,79,152,1,-1,-1,-1
647,105359,854,240,42,102,1,-1,-1,-1
647,105382,817,518,59,162,1,-1,-1,-1
647,105383,284,517,64,154,1,-1,-1,-1
648,105280,364,504,57,145,1,-1,-1,-1
648,105293,390,465,62,144,1,-1,-1,-1
648,105295,654,674,158,99,1,-1,-1,-1
648,105305,786,629,70,113,1,-1,-1,-1
648,105312,94,305,45,126,1,-1,-1,-1
648,105331,644,525,55,161,1,-1,-1,-1
648,105333,891,506,56,151,1,-1,-1,-1
648,105334,608,348,42,123,1,-1,-1,-1
648,105336,1224,515,81,154,1,-1,-1,-1
648,105359,857,240,42,102,1,-1,-1,-1
648,105382,823,520,58,160,1,-1,-1,-1
648,105383,293,517,63,155,1,-1,-1,-1
649,105280,367,504,59,145,1,-1,-1,-1
649,105293,396,463,61,143,1,-1,-1,-1
649,105295,656,674,158,99,1,-1,-1,-1
649,105305,790,629,69,114,1,-1,-1,-1
649,105312,96,304,45,126,1,-1,-1,-1
649,105331,650,526,55,161,1,-1,-1,-1
649,105333,893,505,54,150,1,-1,-1,-1
649,105334,609,348,41,124,1,-1,-1,-1
649,105336,1224,515,82,154,1,-1,-1,-1
649,105359,859,240,42,102,1,-1,-1,-1
649,105382,829,521,58,158,1,-1,-1,-1
649,105383,302,518,63,155,1,-1,-1,-1
650,105280,371,504,59,144,1,-1,-1,-1
650,105293,402,462,60,142,1,-1,-1,-1
650,105295,658,674,158,100,1,-1,-1,-1
650,105305,794,629,68,114,1,-1,-1,-1
650,105312,98,304,45,126,1,-1,-1,-1
650,105331,655,526,56,161,1,-1,-1,-1
650,105333,894,504,54,150,1,-1,-1,-1
650,105334,609,347,43,125,1,-1,-1,-1
650,105336,1225,515,85,154,1,-1,-1,-1
650,105359,861,240,43,102,1,-1,-1,-1
650,105382,838,523,57,156,1,-1,-1,-1
650,105383,311,518,63,155,1,-1,-1,-1
651,105280,374,504,61,144,1,-1,-1,-1
651,105293,409,460,59,142,1,-1,-1,-1
651,105295,660,674,158,101,1,-1,-1,-1
651,105305,797,629,68,115,1,-1,-1,-1
651,105312,101,303,45,127,1,-1,-1,-1
651,105331,660,527,56,161,1,-1,-1,-1
651,105333,896,503,53,149,1,-1,-1,-1
651,105334,610,346,43,125,1,-1,-1,-1
651,105336,1225,514,87,155,1,-1,-1,-1
651,105359,864,240,42,102,1,-1,-1,-1
651,105382,842,523,56,156,1,-1,-1,-1
651,105383,321,518,61,156,1,-1,-1,-1
651,105386,0,350,36,131,1,-1,-1,-1
652,105280,377,503,62,145,1,-1,-1,-1
652,105293,413,459,58,142,1,-1,-1,-1
652,105295,660,674,158,102,1,-1,-1,-1
652,105305,799,629,67,115,1,-1,-1,-1
652,105312,104,303,45,125,1,-1,-1,-1
652,105331,665,527,57,161,1,-1,-1,-1
652,105333,896,502,53,149,1,-1,-1,-1
652,105334,611,345,42,126,1,-1,-1,-1
652,105336,1223,514,88,155,1,-1,-1,-1
652,105359,866,240,43,102,1,-1,-1,-1
652,105382,844,524,56,155,1,-1,-1,-1
652,105383,327,518,61,156,1,-1,-1,-1
652,105386,2,349,37,132,1,-1,-1,-1
653,105280,381,503,62,145,1,-1,-1,-1
653,105293,416,459,57,141,1,-1,-1,-1
653,105295,660,673,158,103,1,-1,-1,-1
653,105305,800,628,67,116,1,-1,-1,-1
653,105312,107,302,45,126,1,-1,-1,-1
653,105331,670,528,58,161,1,-1,-1,-1
653,105333,896,501,52,149,1,-1,-1,-1
653,105334,611,344,43,126,1,-1,-1,-1
653,105336,1220,512,89,155,1,-1,-1,-1
653,105359,869,240,43,102,1,-1,-1,-1
653,105382,847,524,55,156,1,-1,-1,-1
653,105383,333,518,61,155,1,-1,-1,-1
653,105386,5,348,36,133,1,-1,-1,-1
654,105280,385,502,62,146,1,-1,-1,-1
654,105293,418,458,58,140,1,-1,-1,-1
654,105295,660,672,157,103,1,-1,-1,-1
654,105305,801,627,66,116,1,-1,-1,-1
654,105312,111,302,45,125,1,-1,-1,-1
654,105331,674,528,59,162,1,-1,-1,-1
654,105333,896,501,51,148,1,-1,-1,-1
654,105334,610,342,44,126,1,-1,-1,-1
654,105336,1217,511,89,155,1,-1,-1,-1
654,105359,871,240,44,102,1,-1,-1,-1
654,105382,850,525,54,155,1,-1,-1,-1
654,105383,339,518,61,155,1,-1,-1,-1
654,105386,7,348,37,133,1,-1,-1,-1
655,105280,389,502,62,146,1,-1,-1,-1
655,105293,422,458,58,138,1,-1,-1,-1
655,105295,660,672,157,104,1,-1,-1,-1
655,105305,802,627,66,116,1,-1,-1,-1
655,105312,115,301,45,125,1,-1,-1,-1
655,105331,680,529,60,162,1,-1,-1,-1
655,105333,895,501,50,148,1,-1,-1,-1
655,105334,610,341,44,126,1,-1,-1,-1
655,105336,1213,510,89,155,1,-1,-1,-1
655,105359,875,240,45,102,1,-1,-1,-1
655,105382,854,525,53,156,1,-1,-1,-1
655,105383,345,518,60,154,1,-1,-1,-1
655,105386,10,347,39,134,1,-1,-1,-1
656,105280,395,501,60,147,1,-1,-1,-1
656,105293,422,458,60,137,1,-1,-1,-1
656,105295,660,671,156,105,1,-1,-1,-1
656,105305,802,626,66,117,1,-1,-1,-1
656,105312,118,300,46,125,1,-1,-1,-1
656,105331,685,530,61,162,1,-1,-1,-1
656,105333,894,501,50,148,1,-1,-1,-1
656,105334,610,339,44,126,1,-1,-1,-1
656,105336,1210,509,89,155,1,-1,-1,-1
656,105359,875,240,46,102,1,-1,-1,-1
656,105382,856,525,52,156,1,-1,-1,-1
656,105383,350,518,61,154,1,-1,-1,-1
656,105386,11,346,40,135,1,-1,-1,-1
656,105387,6,583,23,166,1,-1,-1,-1
657,105280,399,501,59,146,1,-1,-1,-1
657,105293,423,457,60,137,1,-1,-1,-1
657,105295,660,671,154,104,1,-1,-1,-1
657,105305,803,625,65,117,1,-1,-1,-1
657,105312,120,300,46,125,1,-1,-1,-1
657,105331,689,530,62,162,1,-1,-1,-1
657,105333,894,501,49,147,1,-1,-1,-1
657,105334,609,338,44,126,1,-1,-1,-1
657,105336,1207,508,89,155,1,-1,-1,-1
657,105359,875,240,47,102,1,-1,-1,-1
657,105382,857,525,52,156,1,-1,-1,-1
657,105383,355,518,61,153,1,-1,-1,-1
657,105386,12,346,41,134,1,-1,-1,-1
657,105387,11,585,25,170,1,-1,-1,-1
658,105280,406,500,57,145,1,-1,-1,-1
658,105293,425,454,61,138,1,-1,-1,-1
658,105295,660,670,152,104,1,-1,-1,-1
658,105305,803,625,65,117,1,-1,-1,-1
658,105312,122,300,46,124,1,-1,-1,-1
658,105331,694,531,63,162,1,-1,-1,-1
658,105333,893,500,49,147,1,-1,-1,-1
658,105334,608,338,44,126,1,-1,-1,-1
658,105336,1205,507,87,154,1,-1,-1,-1
658,105359,874,240,47,102,1,-1,-1,-1
658,105382,859,525,52,157,1,-1,-1,-1
658,105383,360,518,62,153,1,-1,-1,-1
658,105386,14,344,42,134,1,-1,-1,-1
658,105387,17,586,26,176,1,-1,-1,-1
659,105280,413,500,56,142,1,-1,-1,-1
659,105293,427,452,61,138,1,-1,-1,-1
659,105295,660,670,150,104,1,-1,-1,-1
659,105305,804,624,65,118,1,-1,-1,-1
659,105312,123,300,46,124,1,-1,-1,-1
659,105331,698,531,64,162,1,-1,-1,-1
659,105333,892,500,48,147,1,-1,-1,-1
659,105334,607,337,43,126,1,-1,-1,-1
659,105336,1202,506,87,154,1,-1,-1,-1
659,105359,874,240,47,102,1,-1,-1,-1
659,105382,861,525,53,158,1,-1,-1,-1
659,105383,365,518,62,152,1,-1,-1,-1
659,105386,17,343,42,134,1,-1,-1,-1
659,105387,23,587,29,182,1,-1,-1,-1
660,105280,419,500,56,140,1,-1,-1,-1
660,105293,431,449,61,139,1,-1,-1,-1
660,105295,661,670,147,103,1,-1,-1,-1
660,105305,804,623,66,119,1,-1,-1,-1
660,105312,125,300,45,123,1,-1,-1,-1
660,105331,702,531,65,163,1,-1,-1,-1
660,105333,892,500,47,146,1,-1,-1,-1
660,105334,605,336,43,127,1,-1,-1,-1
660,105336,1198,503,85,154,1,-1,-1,-1
660,105359,872,240,48,102,1,-1,-1,-1
660,105382,863,525,54,160,1,-1,-1,-1
660,105383,374,517,63,151,1,-1,-1,-1
660,105386,19,342,43,134,1,-1,-1,-1
660,105387,30,589,33,189,1,-1,-1,-1
661,105280,426,500,55,138,1,-1,-1,-1
661,105293,432,447,61,140,1,-1,-1,-1
661,105295,661,670,145,102,1,-1,-1,-1
661,105305,804,623,66,119,1,-1,-1,-1
661,105312,126,300,45,122,1,-1,-1,-1
661,105331,706,531,66,163,1,-1,-1,-1
661,105333,891,500,47,146,1,-1,-1,-1
661,105334,604,336,43,126,1,-1,-1,-1
661,105336,1197,502,83,154,1,-1,-1,-1
661,105359,872,240,48,102,1,-1,-1,-1
661,105382,864,525,55,161,1,-1,-1,-1
661,105383,377,517,64,151,1,-1,-1,-1
661,105386,21,341,44,134,1,-1,-1,-1
661,105387,32,590,37,190,1,-1,-1,-1
662,105280,429,500,56,138,1,-1,-1,-1
662,105293,434,447,61,140,1,-1,-1,-1
662,105295,661,671,142,101,1,-1,-1,-1
662,105305,804,622,66,120,1,-1,-1,-1
662,105312,127,300,46,122,1,-1,-1,-1
662,105331,711,532,66,163,1,-1,-1,-1
662,105333,891,500,46,145,1,-1,-1,-1
662,105334,604,336,42,126,1,-1,-1,-1
662,105336,1195,502,82,154,1,-1,-1,-1
662,105359,870,240,49,102,1,-1,-1,-1
662,105382,864,525,55,161,1,-1,-1,-1
662,105383,381,517,65,150,1,-1,-1,-1
662,105386,25,340,43,134,1,-1,-1,-1
662,105387,33,590,40,190,1,-1,-1,-1
663,105280,430,500,57,139,1,-1,-1,-1
663,105293,436,446,61,140,1,-1,-1,-1
663,105295,661,672,140,100,1,-1,-1,-1
663,105305,805,622,65,120,1,-1,-1,-1
663,105312,129,299,46,122,1,-1,-1,-1
663,105331,715,532,67,163,1,-1,-1,-1
663,105333,890,499,46,145,1,-1,-1,-1
663,105334,603,336,42,125,1,-1,-1,-1
663,105336,1192,501,82,154,1,-1,-1,-1
663,105359,870,240,48,102,1,-1,-1,-1
663,105382,865,525,55,161,1,-1,-1,-1
663,105383,386,517,65,150,1,-1,-1,-1
663,105386,28,340,44,134,1,-1,-1,-1
663,105387,34,590,43,189,1,-1,-1,-1
664,105280,431,500,59,140,1,-1,-1,-1
664,105293,438,445,61,140,1,-1,-1,-1
664,105295,661,673,138,99,1,-1,-1,-1
664,105305,805,622,66,120,1,-1,-1,-1
664,105312,131,299,45,121,1,-1,-1,-1
664,105331,720,532,67,164,1,-1,-1,-1
664,105333,889,499,46,145,1,-1,-1,-1
664,105334,602,336,42,125,1,-1,-1,-1
664,105336,1189,501,81,153,1,-1,-1,-1
664,105359,869,240,49,102,1,-1,-1,-1
664,105382,865,525,56,161,1,-1,-1,-1
664,105383,391,517,66,149,1,-1,-1,-1
664,105386,31,340,45,133,1,-1,-1,-1
664,105387,35,590,45,188,1,-1,-1,-1
665,105280,432,500,60,142,1,-1,-1,-1
665,105293,440,444,61,140,1,-1,-1,-1
665,105295,661,674,136,97,1,-1,-1,-1
665,105305,805,622,66,120,1,-1,-1,-1
665,105312,134,298,45,121,1,-1,-1,-1
665,105331,726,533,68,163,1,-1,-1,-1
665,105333,888,499,46,145,1,-1,-1,-1
665,105334,601,336,41,124,1,-1,-1,-1
665,105336,1187,500,80,153,1,-1,-1,-1
665,105359,868,240,49,102,1,-1,-1,-1
665,105382,866,525,57,161,1,-1,-1,-1
665,105383,397,516,67,150,1,-1,-1,-1
665,105386,35,340,45,133,1,-1,-1,-1
665,105387,36,590,48,187,1,-1,-1,-1
666,105280,432,500,63,144,1,-1,-1,-1
666,105293,442,443,60,140,1,-1,-1,-1
666,105295,660,674,136,97,1,-1,-1,-1
666,105305,805,622,65,120,1,-1,-1,-1
666,105312,137,298,44,120,1,-1,-1,-1
666,105331,730,533,69,164,1,-1,-1,-1
666,105333,887,499,46,144,1,-1,-1,-1
666,105334,601,336,40,123,1,-1,-1,-1
666,105336,1184,499,79,153,1,-1,-1,-1
666,105359,868,240,48,102,1,-1,-1,-1
666,105382,867,525,57,161,1,-1,-1,-1
666,105383,402,516,67,149,1,-1,-1,-1
666,105386,38,340,46,132,1,-1,-1,-1
666,105387,39,590,50,184,1,-1,-1,-1
667,105280,434,500,63,144,1,-1,-1,-1
667,105293,443,443,61,140,1,-1,-1,-1
667,105295,661,675,134,96,1,-1,-1,-1
667,105305,805,622,65,120,1,-1,-1,-1
667,105312,139,297,44,121,1,-1,-1,-1
667,105331,734,534,70,163,1,-1,-1,-1
667,105333,887,499,45,144,1,-1,-1,-1
667,105334,600,336,40,122,1,-1,-1,-1
667,105336,1180,499,80,152,1,-1,-1,-1
667,105359,867,240,48,102,1,-1,-1,-1
667,105382,867,525,58,162,1,-1,-1,-1
667,105383,407,516,69,149,1,-1,-1,-1
667,105386,40,340,47,132,1,-1,-1,-1
667,105387,41,590,53,183,1,-1,-1,-1
668,105280,436,500,64,144,1,-1,-1,-1
668,105293,445,443,60,140,1,-1,-1,-1
668,105295,660,674,135,97,1,-1,-1,-1
668,105305,806,622,65,120,1,-1,-1,-1
668,105312,141,297,44,120,1,-1,-1,-1
668,105331,740,534,70,163,1,-1,-1,-1
668,105333,886,498,45,144,1,-1,-1,-1
668,105334,599,335,40,122,1,-1,-1,-1
668,105336,1177,498,79,152,1,-1,-1,-1
668,105359,866,240,48,102,1,-1,-1,-1
668,105382,867,527,58,162,1,-1,-1,-1
668,105383,413,516,69,149,1,-1,-1,-1
668,105386,43,339,47,132,1,-1,-1,-1
668,105387,49,590,55,182,1,-1,-1,-1
669,105280,437,500,64,145,1,-1,-1,-1
669,105293,446,443,60,140,1,-1,-1,-1
669,105295,660,674,135,97,1,-1,-1,-1
669,105305,806,622,65,120,1,-1,-1,-1
669,105312,141,296,45,121,1,-1,-1,-1
669,105331,746,535,70,163,1,-1,-1,-1
669,105333,885,498,45,143,1,-1,-1,-1
669,105334,596,334,41,122,1,-1,-1,-1
669,105336,1174,498,79,151,1,-1,-1,-1
669,105359,865,240,48,102,1,-1,-1,-1
669,105382,867,528,59,162,1,-1,-1,-1
669,105383,418,516,70,148,1,-1,-1,-1
669,105386,45,339,47,131,1,-1,-1,-1
669,105387,59,590,58,182,1,-1,-1,-1
670,105280,441,500,63,145,1,-1,-1,-1
670,105293,447,442,60,140,1,-1,-1,-1
670,105295,660,673,136,98,1,-1,-1,-1
670,105305,806,622,65,120,1,-1,-1,-1
670,105312,143,296,45,121,1,-1,-1,-1
670,105331,751,536,71,162,1,-1,-1,-1
670,105333,883,498,45,143,1,-1,-1,-1
670,105334,595,333,41,121,1,-1,-1,-1
670,105336,1171,497,79,150,1,-1,-1,-1
670,105359,864,240,48,102,1,-1,-1,-1
670,105382,867,529,59,162,1,-1,-1,-1
670,105383,424,516,69,148,1,-1,-1,-1
670,105386,48,338,48,131,1,-1,-1,-1
670,105387,70,590,60,181,1,-1,-1,-1
671,105280,444,500,62,145,1,-1,-1,-1
671,105293,448,442,60,140,1,-1,-1,-1
671,105295,660,672,136,99,1,-1,-1,-1
671,105305,806,622,65,120,1,-1,-1,-1
671,105312,144,295,45,121,1,-1,-1,-1
671,105331,757,536,71,162,1,-1,-1,-1
671,105333,883,498,45,142,1,-1,-1,-1
671,105334,593,332,41,121,1,-1,-1,-1
671,105336,1168,496,79,150,1,-1,-1,-1
671,105359,863,240,48,102,1,-1,-1,-1
671,105382,867,531,59,162,1,-1,-1,-1
671,105383,430,516,70,147,1,-1,-1,-1
671,105386,49,337,48,131,1,-1,-1,-1
671,105387,81,590,63,180,1,-1,-1,-1
672,105280,447,500,62,145,1,-1,-1,-1
672,105293,451,441,59,140,1,-1,-1,-1
672,105295,660,672,136,99,1,-1,-1,-1
672,105305,806,622,65,120,1,-1,-1,-1
672,105312,145,295,45,121,1,-1,-1,-1
672,105331,763,537,71,161,1,-1,-1,-1
672,105333,885,500,43,140,1,-1,-1,-1
672,105334,590,332,42,121,1,-1,-1,-1
672,105336,1165,496,79,149,1,-1,-1,-1
672,105359,863,240,47,102,1,-1,-1,-1
672,105382,867,532,60,162,1,-1,-1,-1
672,105383,434,516,71,147,1,-1,-1,-1
672,105386,52,337,47,131,1,-1,-1,-1
672,105387,86,590,66,180,1,-1,-1,-1
673,105280,451,500,61,145,1,-1,-1,-1
673,105293,454,440,59,140,1,-1,-1,-1
673,105295,661,672,136,99,1,-1,-1,-1
673,105305,807,622,65,120,1,-1,-1,-1
673,105312,146,295,46,121,1,-1,-1,-1
673,105331,769,537,72,161,1,-1,-1,-1
673,105333,886,503,43,136,1,-1,-1,-1
673,105334,587,332,43,121,1,-1,-1,-1
673,105336,1163,495,79,149,1,-1,-1,-1
673,105359,862,240,47,102,1,-1,-1,-1
673,105382,867,532,60,162,1,-1,-1,-1
673,105383,438,516,71,147,1,-1,-1,-1
673,105386,54,336,48,131,1,-1,-1,-1
673,105387,90,590,69,180,1,-1,-1,-1
674,105280,455,500,61,145,1,-1,-1,-1
674,105293,457,438,60,140,1,-1,-1,-1
674,105295,661,671,137,101,1,-1,-1,-1
674,105305,807,622,65,120,1,-1,-1,-1
674,105312,147,294,46,121,1,-1,-1,-1
674,105331,774,538,73,161,1,-1,-1,-1
674,105333,887,506,42,133,1,-1,-1,-1
674,105334,583,332,44,121,1,-1,-1,-1
674,105336,1161,494,78,150,1,-1,-1,-1
674,105359,861,240,47,102,1,-1,-1,-1
674,105382,866,533,61,162,1,-1,-1,-1
674,105383,443,516,71,147,1,-1,-1,-1
674,105386,58,336,47,131,1,-1,-1,-1
674,105387,93,590,72,181,1,-1,-1,-1
675,105280,462,500,61,144,1,-1,-1,-1
675,105293,461,437,60,140,1,-1,-1,-1
675,105295,663,671,137,101,1,-1,-1,-1
675,105305,807,622,65,120,1,-1,-1,-1
675,105312,148,294,47,121,1,-1,-1,-1
675,105331,780,539,73,160,1,-1,-1,-1
675,105333,890,509,40,128,1,-1,-1,-1
675,105334,580,332,44,121,1,-1,-1,-1
675,105336,1160,493,77,150,1,-1,-1,-1
675,105359,860,240,47,102,1,-1,-1,-1
675,105382,866,533,60,163,1,-1,-1,-1
675,105383,448,516,71,147,1,-1,-1,-1
675,105386,61,335,47,131,1,-1,-1,-1
675,105387,95,590,75,181,1,-1,-1,-1
676,105280,464,500,61,144,1,-1,-1,-1
676,105293,466,435,60,140,1,-1,-1,-1
676,105295,665,670,138,102,1,-1,-1,-1
676,105305,808,622,64,120,1,-1,-1,-1
676,105312,150,293,47,121,1,-1,-1,-1
676,105331,786,539,73,160,1,-1,-1,-1
676,105333,891,512,40,124,1,-1,-1,-1
676,105334,576,332,45,121,1,-1,-1,-1
676,105336,1158,493,76,149,1,-1,-1,-1
676,105359,861,240,46,102,1,-1,-1,-1
676,105382,865,534,61,162,1,-1,-1,-1
676,105383,452,516,70,147,1,-1,-1,-1
676,105386,64,334,47,131,1,-1,-1,-1
676,105387,98,590,77,181,1,-1,-1,-1
677,105280,468,500,61,144,1,-1,-1,-1
677,105293,468,434,60,140,1,-1,-1,-1
677,105295,667,670,139,102,1,-1,-1,-1
677,105305,808,622,64,120,1,-1,-1,-1
677,105312,151,293,48,121,1,-1,-1,-1
677,105331,790,540,73,159,1,-1,-1,-1
677,105333,893,515,39,121,1,-1,-1,-1
677,105334,574,332,46,121,1,-1,-1,-1
677,105336,1157,492,74,150,1,-1,-1,-1
677,105359,861,240,46,102,1,-1,-1,-1
677,105382,865,534,61,162,1,-1,-1,-1
677,105383,456,517,71,147,1,-1,-1,-1
677,105386,68,334,46,131,1,-1,-1,-1
677,105387,104,590,79,180,1,-1,-1,-1
678,105280,471,501,61,144,1,-1,-1,-1
678,105293,470,434,59,140,1,-1,-1,-1
678,105295,669,670,140,102,1,-1,-1,-1
678,105305,808,622,65,120,1,-1,-1,-1
678,105312,153,293,48,121,1,-1,-1,-1
678,105331,794,540,73,159,1,-1,-1,-1
678,105333,894,518,39,117,1,-1,-1,-1
678,105334,571,332,47,121,1,-1,-1,-1
678,105336,1155,491,73,150,1,-1,-1,-1
678,105359,862,240,45,102,1,-1,-1,-1
678,105382,864,534,61,163,1,-1,-1,-1
678,105383,461,517,70,147,1,-1,-1,-1
678,105386,71,333,47,131,1,-1,-1,-1
678,105387,112,590,79,179,1,-1,-1,-1
679,105280,475,502,60,143,1,-1,-1,-1
679,105293,471,434,58,140,1,-1,-1,-1
679,105295,670,671,141,103,1,-1,-1,-1
679,105305,809,622,64,120,1,-1,-1,-1
679,105312,154,293,49,121,1,-1,-1,-1
679,105331,798,540,73,159,1,-1,-1,-1
679,105333,896,521,38,114,1,-1,-1,-1
679,105334,570,332,46,121,1,-1,-1,-1
679,105336,1155,490,71,150,1,-1,-1,-1
679,105359,863,240,45,102,1,-1,-1,-1
679,105382,862,534,62,163,1,-1,-1,-1
679,105383,466,518,69,146,1,-1,-1,-1
679,105386,74,333,48,131,1,-1,-1,-1
679,105387,122,590,78,178,1,-1,-1,-1
680,105280,479,503,60,143,1,-1,-1,-1
680,105293,473,433,58,140,1,-1,-1,-1
680,105295,673,671,141,103,1,-1,-1,-1
680,105305,809,622,64,120,1,-1,-1,-1
680,105312,156,293,49,121,1,-1,-1,-1
680,105331,802,540,72,159,1,-1,-1,-1
680,105333,898,523,37,110,1,-1,-1,-1
680,105334,567,332,46,121,1,-1,-1,-1
680,105336,1153,490,70,150,1,-1,-1,-1
680,105359,863,240,46,102,1,-1,-1,-1
680,105382,862,534,61,164,1,-1,-1,-1
680,105383,474,518,68,146,1,-1,-1,-1
680,105386,77,332,48,131,1,-1,-1,-1
680,105387,132,590,77,177,1,-1,-1,-1
681,105280,483,504,60,142,1,-1,-1,-1
681,105293,476,433,57,139,1,-1,-1,-1
681,105295,674,671,142,104,1,-1,-1,-1
681,105305,809,622,64,120,1,-1,-1,-1
681,105312,157,293,50,121,1,-1,-1,-1
681,105331,806,540,71,158,1,-1,-1,-1
681,105333,899,527,37,105,1,-1,-1,-1
681,105334,567,332,44,121,1,-1,-1,-1
681,105336,1152,489,68,150,1,-1,-1,-1
681,105359,864,240,46,102,1,-1,-1,-1
681,105382,860,534,62,164,1,-1,-1,-1
681,105383,477,518,68,146,1,-1,-1,-1
681,105386,81,332,49,131,1,-1,-1,-1
681,105387,144,590,74,176,1,-1,-1,-1
682,105280,487,504,60,143,1,-1,-1,-1
682,105293,479,432,56,139,1,-1,-1,-1
682,105295,676,671,143,104,1,-1,-1,-1
682,105305,809,622,64,120,1,-1,-1,-1
682,105312,160,292,50,121,1,-1,-1,-1
682,105331,810,540,70,158,1,-1,-1,-1
682,105333,900,528,37,105,1,-1,-1,-1
682,105334,565,332,44,121,1,-1,-1,-1
682,105336,1151,488,66,151,1,-1,-1,-1
682,105359,865,240,45,102,1,-1,-1,-1
682,105382,860,533,61,165,1,-1,-1,-1
682,105383,482,518,67,146,1,-1,-1,-1
682,105386,84,332,49,130,1,-1,-1,-1
682,105387,153,590,73,176,1,-1,-1,-1
683,105280,491,505,60,142,1,-1,-1,-1
683,105293,481,431,56,139,1,-1,-1,-1
683,105295,679,671,142,103,1,-1,-1,-1
683,105305,809,622,65,120,1,-1,-1,-1
683,105312,163,292,50,121,1,-1,-1,-1
683,105331,814,540,69,158,1,-1,-1,-1
683,105333,900,528,38,105,1,-1,-1,-1
683,105334,564,332,44,120,1,-1,-1,-1
683,105336,1151,488,64,150,1,-1,-1,-1
683,105359,866,240,45,102,1,-1,-1,-1
683,105382,859,533,61,166,1,-1,-1,-1
683,105383,487,518,66,147,1,-1,-1,-1
683,105386,88,331,50,130,1,-1,-1,-1
683,105387,160,590,73,176,1,-1,-1,-1
684,105280,495,505,59,142,1,-1,-1,-1
684,105293,484,431,55,138,1,-1,-1,-1
684,105295,682,671,141,102,1,-1,-1,-1
684,105305,810,622,64,120,1,-1,-1,-1
684,105312,165,292,50,121,1,-1,-1,-1
684,105331,817,540,68,157,1,-1,-1,-1
684,105333,900,528,39,105,1,-1,-1,-1
684,105334,563,331,44,121,1,-1,-1,-1
684,105336,1149,488,64,150,1,-1,-1,-1
684,105359,867,240,44,102,1,-1,-1,-1
684,105382,857,533,62,166,1,-1,-1,-1
684,105383,492,518,66,147,1,-1,-1,-1
684,105386,92,330,49,130,1,-1,-1,-1
684,105387,167,590,73,176,1,-1,-1,-1
685,105280,500,505,58,142,1,-1,-1,-1
685,105293,488,430,54,137,1,-1,-1,-1
685,105295,685,671,141,102,1,-1,-1,-1
685,105305,810,622,64,120,1,-1,-1,-1
685,105312,168,292,49,120,1,-1,-1,-1
685,105331,821,540,66,157,1,-1,-1,-1
685,105333,900,528,40,106,1,-1,-1,-1
685,105334,561,331,44,121,1,-1,-1,-1
685,105336,1148,488,63,149,1,-1,-1,-1
685,105359,867,240,45,102,1,-1,-1,-1
685,105382,856,533,61,166,1,-1,-1,-1
685,105383,497,519,66,147,1,-1,-1,-1
685,105386,99,329,49,129,1,-1,-1,-1
685,105387,176,590,77,177,1,-1,-1,-1
686,105280,505,506,56,141,1,-1,-1,-1
686,105293,490,429,53,137,1,-1,-1,-1
686,105295,688,671,140,101,1,-1,-1,-1
686,105305,810,622,64,120,1,-1,-1,-1
686,105312,172,292,49,120,1,-1,-1,-1
686,105331,826,540,64,157,1,-1,-1,-1
686,105333,900,528,41,106,1,-1,-1,-1
686,105334,560,330,44,121,1,-1,-1,-1
686,105336,1147,488,62,149,1,-1,-1,-1
686,105359,868,240,45,102,1,-1,-1,-1
686,105382,856,533,60,167,1,-1,-1,-1
686,105383,502,519,66,147,1,-1,-1,-1
686,105386,102,328,48,129,1,-1,-1,-1
686,105387,179,590,79,177,1,-1,-1,-1
686,105388,0,345,16,127,1,-1,-1,-1
687,105280,510,506,56,142,1,-1,-1,-1
687,105293,492,429,52,136,1,-1,-1,-1
687,105295,691,672,139,100,1,-1,-1,-1
687,105305,810,622,64,120,1,-1,-1,-1
687,105312,175,292,49,120,1,-1,-1,-1
687,105331,831,541,63,157,1,-1,-1,-1
687,105333,901,528,41,106,1,-1,-1,-1
687,105334,558,330,45,120,1,-1,-1,-1
687,105336,1147,488,61,148,1,-1,-1,-1
687,105359,869,240,44,102,1,-1,-1,-1
687,105382,854,533,60,167,1,-1,-1,-1
687,105383,508,520,65,147,1,-1,-1,-1
687,105386,105,328,48,129,1,-1,-1,-1
687,105387,185,590,80,177,1,-1,-1,-1
687,105388,0,344,16,128,1,-1,-1,-1
688,105280,515,506,56,142,1,-1,-1,-1
688,105293,494,428,52,136,1,-1,-1,-1
688,105295,693,673,139,99,1,-1,-1,-1
688,105305,810,622,65,120,1,-1,-1,-1
688,105312,178,291,49,121,1,-1,-1,-1
688,105331,836,543,62,158,1,-1,-1,-1
688,105333,900,528,43,107,1,-1,-1,-1
688,105334,556,330,45,120,1,-1,-1,-1
688,105336,1145,488,61,148,1,-1,-1,-1
688,105359,870,240,45,102,1,-1,-1,-1
688,105382,852,534,59,166,1,-1,-1,-1
688,105383,513,520,65,148,1,-1,-1,-1
688,105386,109,328,48,129,1,-1,-1,-1
688,105387,191,590,81,177,1,-1,-1,-1
688,105388,1,343,16,129,1,-1,-1,-1
689,105280,521,506,55,143,1,-1,-1,-1
689,105293,496,427,52,136,1,-1,-1,-1
689,105295,696,673,138,99,1,-1,-1,-1
689,105305,811,622,64,120,1,-1,-1,-1
689,105312,182,290,48,121,1,-1,-1,-1
689,105331,841,545,61,158,1,-1,-1,-1
689,105333,900,528,44,107,1,-1,-1,-1
689,105334,554,329,46,120,1,-1,-1,-1
689,105336,1144,488,60,147,1,-1,-1,-1
689,105359,871,240,45,102,1,-1,-1,-1
689,105382,850,534,58,167,1,-1,-1,-1
689,105383,518,521,65,147,1,-1,-1,-1
689,105386,113,328,47,129,1,-1,-1,-1
689,105387,197,590,81,178,1,-1,-1,-1
689,105388,2,342,16,129,1,-1,-1,-1
690,105280,527,506,56,143,1,-1,-1,-1
690,105293,500,426,51,134,1,-1,-1,-1
690,105295,699,674,136,98,1,-1,-1,-1
690,105305,811,622,64,120,1,-1,-1,-1
690,105312,187,288,48,121,1,-1,-1,-1
690,105331,847,546,60,160,1,-1,-1,-1
690,105333,901,528,44,107,1,-1,-1,-1
690,105334,551,329,47,120,1,-1,-1,-1
690,105336,1141,488,61,147,1,-1,-1,-1
690,105359,873,240,44,102,1,-1,-1,-1
690,105382,847,535,58,166,1,-1,-1,-1
690,105383,523,521,65,148,1,-1,-1,-1
690,105386,116,328,48,129,1,-1,-1,-1
690,105387,204,590,80,179,1,-1,-1,-1
690,105388,2,341,17,131,1,-1,-1,-1
691,105280,533,506,56,144,1,-1,-1,-1
691,105293,501,425,52,133,1,-1,-1,-1
691,105295,702,674,135,97,1,-1,-1,-1
691,105305,811,622,64,120,1,-1,-1,-1
691,105312,191,288,46,121,1,-1,-1,-1
691,105331,852,548,59,160,1,-1,-1,-1
691,105333,901,528,45,108,1,-1,-1,-1
691,105334,550,329,47,120,1,-1,-1,-1
691,105336,1140,488,61,146,1,-1,-1,-1
691,105359,874,241,44,102,1,-1,-1,-1
691,105382,845,536,57,165,1,-1,-1,-1
691,105383,528,521,65,148,1,-1,-1,-1
691,105386,120,328,48,129,1,-1,-1,-1
691,105387,211,590,79,179,1,-1,-1,-1
691,105388,3,341,17,131,1,-1,-1,-1
692,105280,537,506,56,144,1,-1,-1,-1
692,105293,503,425,53,133,1,-1,-1,-1
692,105295,704,675,134,96,1,-1,-1,-1
692,105305,813,622,64,120,1,-1,-1,-1
692,105312,194,287,46,121,1,-1,-1,-1
692,105331,857,550,59,161,1,-1,-1,-1
692,105333,901,528,46,108,1,-1,-1,-1
692,105334,549,329,48,120,1,-1,-1,-1
692,105336,1139,488,61,146,1,-1,-1,-1
692,105359,875,241,45,102,1,-1,-1,-1
692,105382,843,536,56,165,1,-1,-1,-1
692,105383,534,522,63,148,1,-1,-1,-1
692,105386,124,327,49,129,1,-1,-1,-1
692,105387,221,591,78,179,1,-1,-1,-1
692,105388,3,340,18,130,1,-1,-1,-1
693,105280,539,506,56,144,1,-1,-1,-1
693,105293,506,424,54,135,1,-1,-1,-1
693,105295,706,675,134,96,1,-1,-1,-1
693,105305,815,622,64,119,1,-1,-1,-1
693,105312,197,287,45,121,1,-1,-1,-1
693,105331,862,552,58,163,1,-1,-1,-1
693,105333,903,528,46,108,1,-1,-1,-1
693,105334,547,328,48,120,1,-1,-1,-1
693,105336,1137,487,61,146,1,-1,-1,-1
693,105359,877,241,44,102,1,-1,-1,-1
693,105382,840,537,56,164,1,-1,-1,-1
693,105383,539,522,64,148,1,-1,-1,-1
693,105386,129,327,49,129,1,-1,-1,-1
693,105387,232,591,77,178,1,-1,-1,-1
693,105388,4,339,19,129,1,-1,-1,-1
694,105280,541,506,56,144,1,-1,-1,-1
694,105293,508,424,55,135,1,-1,-1,-1
694,105295,707,675,134,96,1,-1,-1,-1
694,105305,817,622,64,119,1,-1,-1,-1
694,105312,200,287,45,121,1,-1,-1,-1
694,105331,867,554,58,164,1,-1,-1,-1
694,105333,904,528,48,109,1,-1,-1,-1
694,105334,544,328,49,120,1,-1,-1,-1
694,105336,1135,487,61,146,1,-1,-1,-1
694,105359,878,241,44,102,1,-1,-1,-1
694,105382,838,538,55,163,1,-1,-1,-1
694,105383,545,522,64,148,1,-1,-1,-1
694,105386,134,327,49,129,1,-1,-1,-1
694,105387,243,591,76,178,1,-1,-1,-1
694,105388,5,339,19,127,1,-1,-1,-1
695,105280,544,506,56,144,1,-1,-1,-1
695,105293,510,423,56,137,1,-1,-1,-1
695,105295,709,675,133,96,1,-1,-1,-1
695,105305,819,621,64,120,1,-1,-1,-1
695,105312,206,287,45,121,1,-1,-1,-1
695,105331,876,557,57,164,1,-1,-1,-1
695,105333,905,528,48,109,1,-1,-1,-1
695,105334,543,327,49,120,1,-1,-1,-1
695,105336,1134,486,60,146,1,-1,-1,-1
695,105359,880,241,44,102,1,-1,-1,-1
695,105382,836,538,54,163,1,-1,-1,-1
695,105383,553,523,63,148,1,-1,-1,-1
695,105386,139,326,49,129,1,-1,-1,-1
695,105387,260,591,76,176,1,-1,-1,-1
695,105388,7,339,20,123,1,-1,-1,-1
696,105280,546,506,56,144,1,-1,-1,-1
696,105293,513,423,58,137,1,-1,-1,-1
696,105295,710,675,133,97,1,-1,-1,-1
696,105305,822,621,64,119,1,-1,-1,-1
696,105312,208,287,44,121,1,-1,-1,-1
696,105331,879,558,57,165,1,-1,-1,-1
696,105333,907,529,48,108,1,-1,-1,-1
696,105334,540,327,50,120,1,-1,-1,-1
696,105336,1132,486,60,146,1,-1,-1,-1
696,105359,882,241,43,102,1,-1,-1,-1
696,105382,834,539,52,162,1,-1,-1,-1
696,105383,556,523,64,148,1,-1,-1,-1
696,105386,144,326,50,128,1,-1,-1,-1
696,105387,267,591,76,176,1,-1,-1,-1
696,105388,7,338,21,123,1,-1,-1,-1
697,105280,549,506,56,144,1,-1,-1,-1
697,105293,515,422,59,137,1,-1,-1,-1
697,105295,712,675,133,97,1,-1,-1,-1
697,105305,824,621,64,119,1,-1,-1,-1
697,105312,210,287,44,121,1,-1,-1,-1
697,105331,883,559,56,166,1,-1,-1,-1
697,105333,908,529,50,109,1,-1,-1,-1
697,105334,538,326,50,120,1,-1,-1,-1
697,105336,1130,485,60,147,1,-1,-1,-1
697,105359,883,242,43,101,1,-1,-1,-1
697,105382,832,539,51,162,1,-1,-1,-1
697,105383,560,523,63,149,1,-1,-1,-1
697,105386,147,325,50,128,1,-1,-1,-1
697,105387,273,591,77,176,1,-1,-1,-1
697,105388,7,338,22,121,1,-1,-1,-1
698,105280,553,506,56,144,1,-1,-1,-1
698,105293,518,421,58,137,1,-1,-1,-1
698,105295,714,675,132,97,1,-1,-1,-1
698,105305,826,621,64,119,1,-1,-1,-1
698,105312,213,287,43,119,1,-1,-1,-1
698,105331,887,560,56,166,1,-1,-1,-1
698,105333,910,529,49,109,1,-1,-1,-1
698,105334,536,326,51,120,1,-1,-1,-1
698,105336,1128,484,60,147,1,-1,-1,-1
698,105359,885,242,43,101,1,-1,-1,-1
698,105382,830,540,50,161,1,-1,-1,-1
698,105383,563,524,64,148,1,-1,-1,-1
698,105386,150,325,50,128,1,-1,-1,-1
698,105387,280,590,76,176,1,-1,-1,-1
698,105388,7,337,22,121,1,-1,-1,-1
699,105280,557,506,56,144,1,-1,-1,-1
699,105293,520,419,59,137,1,-1,-1,-1
699,105295,716,675,132,97,1,-1,-1,-1
699,105305,829,621,64,119,1,-1,-1,-1
699,105312,215,287,43,117,1,-1,-1,-1
699,105331,891,561,56,166,1,-1,-1,-1
699,105333,911,529,50,109,1,-1,-1,-1
699,105334,534,325,51,120,1,-1,-1,-1
699,105336,1127,484,59,147,1,-1,-1,-1
699,105359,887,242,42,101,1,-1,-1,-1
699,105382,828,540,50,161,1,-1,-1,-1
699,105383,567,524,64,149,1,-1,-1,-1
699,105386,152,324,50,128,1,-1,-1,-1
699,105387,286,589,76,176,1,-1,-1,-1
699,105388,6,336,24,121,1,-1,-1,-1
700,105280,563,506,56,144,1,-1,-1,-1
700,105293,525,416,57,137,1,-1,-1,-1
700,105295,720,675,131,96,1,-1,-1,-1
700,105305,832,621,64,119,1,-1,-1,-1
700,105312,218,287,43,115,1,-1,-1,-1
700,105331,896,561,56,166,1,-1,-1,-1
700,105333,914,530,50,108,1,-1,-1,-1
700,105334,533,325,50,120,1,-1,-1,-1
700,105336,1125,483,59,147,1,-1,-1,-1
700,105359,888,242,43,101,1,-1,-1,-1
700,105382,826,540,49,161,1,-1,-1,-1
700,105383,571,524,63,150,1,-1,-1,-1
700,105386,156,324,49,128,1,-1,-1,-1
700,105387,293,589,76,176,1,-1,-1,-1
700,105388,6,335,25,122,1,-1,-1,-1
701,105280,565,506,57,144,1,-1,-1,-1
701,105293,526,415,57,137,1,-1,-1,-1
701,105295,722,675,131,96,1,-1,-1,-1
701,105305,834,621,64,119,1,-1,-1,-1
701,105312,220,287,42,114,1,-1,-1,-1
701,105331,899,562,57,167,1,-1,-1,-1
701,105333,914,530,51,109,1,-1,-1,-1
701,105334,531,324,51,121,1,-1,-1,-1
701,105336,1123,483,58,147,1,-1,-1,-1
701,105359,890,242,42,101,1,-1,-1,-1
701,105382,825,540,48,161,1,-1,-1,-1
701,105383,575,524,62,150,1,-1,-1,-1
701,105386,157,323,49,128,1,-1,-1,-1
701,105387,299,588,76,176,1,-1,-1,-1
701,105388,6,335,25,121,1,-1,-1,-1
702,105280,570,506,57,144,1,-1,-1,-1
702,105293,527,415,57,136,1,-1,-1,-1
702,105295,723,675,132,95,1,-1,-1,-1
702,105305,834,620,64,120,1,-1,-1,-1
702,105312,221,287,43,114,1,-1,-1,-1
702,105331,904,563,56,167,1,-1,-1,-1
702,105333,915,530,50,108,1,-1,-1,-1
702,105334,529,324,50,120,1,-1,-1,-1
702,105336,1122,482,57,147,1,-1,-1,-1
702,105359,891,242,42,101,1,-1,-1,-1
702,105382,822,541,48,160,1,-1,-1,-1
702,105383,579,524,63,151,1,-1,-1,-1
702,105386,159,322,48,128,1,-1,-1,-1
702,105387,306,588,76,175,1,-1,-1,-1
702,105388,6,334,27,121,1,-1,-1,-1
703,105280,575,506,57,144,1,-1,-1,-1
703,105293,529,415,56,136,1,-1,-1,-1
703,105295,724,675,132,95,1,-1,-1,-1
703,105305,834,620,65,120,1,-1,-1,-1
703,105312,222,287,43,113,1,-1,-1,-1
703,105331,908,564,57,167,1,-1,-1,-1
703,105333,915,530,51,107,1,-1,-1,-1
703,105334,527,323,50,120,1,-1,-1,-1
703,105336,1121,481,57,147,1,-1,-1,-1
703,105359,892,241,41,101,1,-1,-1,-1
703,105382,820,541,48,159,1,-1,-1,-1
703,105383,583,525,62,151,1,-1,-1,-1
703,105386,162,322,48,128,1,-1,-1,-1
703,105387,314,587,75,176,1,-1,-1,-1
703,105388,6,333,28,123,1,-1,-1,-1
704,105280,580,506,57,144,1,-1,-1,-1
704,105293,531,414,56,136,1,-1,-1,-1
704,105295,724,675,134,95,1,-1,-1,-1
704,105305,833,619,66,121,1,-1,-1,-1
704,105312,224,287,43,114,1,-1,-1,-1
704,105331,912,564,58,167,1,-1,-1,-1
704,105333,915,530,51,106,1,-1,-1,-1
704,105334,525,323,50,120,1,-1,-1,-1
704,105336,1120,480,56,147,1,-1,-1,-1
704,105359,893,241,41,101,1,-1,-1,-1
704,105382,818,541,48,159,1,-1,-1,-1
704,105383,587,525,62,151,1,-1,-1,-1
704,105386,165,322,47,127,1,-1,-1,-1
704,105387,322,586,74,177,1,-1,-1,-1
704,105388,6,333,28,122,1,-1,-1,-1
705,105280,585,506,57,144,1,-1,-1,-1
705,105293,533,414,56,137,1,-1,-1,-1
705,105295,725,675,135,95,1,-1,-1,-1
705,105305,833,618,66,122,1,-1,-1,-1
705,105312,225,286,44,115,1,-1,-1,-1
705,105331,918,565,58,168,1,-1,-1,-1
705,105333,915,530,52,106,1,-1,-1,-1
705,105334,523,322,49,120,1,-1,-1,-1
705,105336,1119,479,56,147,1,-1,-1,-1
705,105359,893,240,42,101,1,-1,-1,-1
705,105382,815,541,47,159,1,-1,-1,-1
705,105383,594,525,61,152,1,-1,-1,-1
705,105386,169,321,48,127,1,-1,-1,-1
705,105387,329,586,75,178,1,-1,-1,-1
705,105388,6,332,29,123,1,-1,-1,-1
706,105280,591,506,57,144,1,-1,-1,-1
706,105293,533,413,56,137,1,-1,-1,-1
706,105295,726,675,136,95,1,-1,-1,-1
706,105305,833,617,67,122,1,-1,-1,-1
706,105312,227,286,44,115,1,-1,-1,-1
706,105331,920,566,59,168,1,-1,-1,-1
706,105333,916,530,51,105,1,-1,-1,-1
706,105334,522,322,48,119,1,-1,-1,-1
706,105336,1118,478,54,147,1,-1,-1,-1
706,105359,894,240,42,101,1,-1,-1,-1
706,105382,814,542,47,157,1,-1,-1,-1
706,105383,596,525,61,152,1,-1,-1,-1
706,105386,170,321,48,127,1,-1,-1,-1
706,105387,336,586,77,179,1,-1,-1,-1
706,105388,6,331,30,124,1,-1,-1,-1
706,105390,1686,882,32,24,1,-1,-1,-1
707,105280,594,506,57,144,1,-1,-1,-1
707,105293,535,413,55,137,1,-1,-1,-1
707,105295,726,675,138,95,1,-1,-1,-1
707,105305,832,616,68,123,1,-1,-1,-1
707,105312,228,285,44,116,1,-1,-1,-1
707,105331,921,567,60,168,1,-1,-1,-1
707,105333,916,530,52,104,1,-1,-1,-1
707,105334,520,322,47,119,1,-1,-1,-1
707,105336,1116,477,54,147,1,-1,-1,-1
707,105359,895,239,41,101,1,-1,-1,-1
707,105382,812,542,47,158,1,-1,-1,-1
707,105383,600,525,60,152,1,-1,-1,-1
707,105386,173,321,46,127,1,-1,-1,-1
707,105387,344,586,78,180,1,-1,-1,-1
707,105388,5,331,31,124,1,-1,-1,-1
708,105280,597,506,56,144,1,-1,-1,-1
708,105293,536,412,55,137,1,-1,-1,-1
708,105295,726,675,139,95,1,-1,-1,-1
708,105305,832,615,69,124,1,-1,-1,-1
708,105312,230,285,44,116,1,-1,-1,-1
708,105331,923,568,61,168,1,-1,-1,-1
708,105333,916,530,52,103,1,-1,-1,-1
708,105334,518,321,47,119,1,-1,-1,-1
708,105336,1115,476,54,147,1,-1,-1,-1
708,105359,896,238,41,101,1,-1,-1,-1
708,105382,810,544,47,158,1,-1,-1,-1
708,105383,604,526,59,152,1,-1,-1,-1
708,105386,175,321,46,126,1,-1,-1,-1
708,105387,351,586,80,181,1,-1,-1,-1
708,105388,4,331,32,124,1,-1,-1,-1
709,105280,599,506,56,144,1,-1,-1,-1
709,105293,537,411,55,137,1,-1,-1,-1
709,105295,725,674,141,96,1,-1,-1,-1
709,105305,831,614,70,125,1,-1,-1,-1
709,105312,231,284,44,117,1,-1,-1,-1
709,105331,924,569,62,169,1,-1,-1,-1
709,105333,916,530,52,102,1,-1,-1,-1
709,105334,517,321,45,118,1,-1,-1,-1
709,105336,1115,475,52,148,1,-1,-1,-1
709,105359,896,238,41,101,1,-1,-1,-1
709,105382,807,545,48,160,1,-1,-1,-1
709,105383,608,526,58,153,1,-1,-1,-1
709,105386,177,321,46,125,1,-1,-1,-1
709,105387,359,586,81,182,1,-1,-1,-1
709,105388,4,331,32,124,1,-1,-1,-1
710,105280,602,506,57,144,1,-1,-1,-1
710,105293,539,410,54,137,1,-1,-1,-1
710,105295,725,674,142,96,1,-1,-1,-1
710,105305,832,612,70,127,1,-1,-1,-1
710,105312,232,284,44,117,1,-1,-1,-1
710,105331,925,570,62,169,1,-1,-1,-1
710,105333,916,530,53,101,1,-1,-1,-1
710,105334,513,320,45,118,1,-1,-1,-1
710,105336,1113,473,52,148,1,-1,-1,-1
710,105359,897,237,41,101,1,-1,-1,-1
710,105382,805,546,48,160,1,-1,-1,-1
710,105383,612,527,58,152,1,-1,-1,-1
710,105386,180,321,45,124,1,-1,-1,-1
710,105387,368,586,85,183,1,-1,-1,-1
710,105388,3,331,32,124,1,-1,-1,-1
711,105280,603,507,57,144,1,-1,-1,-1
711,105293,541,408,53,137,1,-1,-1,-1
711,105295,724,674,144,97,1,-1,-1,-1
711,105305,831,611,71,128,1,-1,-1,-1
711,105312,234,283,44,118,1,-1,-1,-1
711,105331,926,572,64,168,1,-1,-1,-1
711,105333,916,530,53,101,1,-1,-1,-1
711,105334,512,319,44,118,1,-1,-1,-1
711,105336,1112,472,51,148,1,-1,-1,-1
711,105359,897,236,41,101,1,-1,-1,-1
711,105382,802,548,49,161,1,-1,-1,-1
711,105383,616,528,58,152,1,-1,-1,-1
711,105386,182,321,44,123,1,-1,-1,-1
711,105387,373,586,86,183,1,-1,-1,-1
711,105388,2,331,33,124,1,-1,-1,-1
711,105391,0,283,11,57,1,-1,-1,-1
712,105280,605,507,56,144,1,-1,-1,-1
712,105293,542,407,53,137,1,-1,-1,-1
712,105295,724,673,145,98,1,-1,-1,-1
712,105305,830,611,72,128,1,-1,-1,-1
712,105312,236,283,44,118,1,-1,-1,-1
712,105331,927,573,65,169,1,-1,-1,-1
712,105333,916,530,54,100,1,-1,-1,-1
712,105334,511,320,43,117,1,-1,-1,-1
712,105336,1111,472,50,148,1,-1,-1,-1
712,105359,898,236,41,101,1,-1,-1,-1
712,105382,800,549,49,161,1,-1,-1,-1
712,105383,619,529,58,152,1,-1,-1,-1
712,105386,184,320,44,123,1,-1,-1,-1
712,105387,377,586,87,184,1,-1,-1,-1
712,105388,2,331,33,123,1,-1,-1,-1
712,105391,0,280,12,59,1,-1,-1,-1
713,105280,607,507,57,144,1,-1,-1,-1
713,105293,543,407,52,136,1,-1,-1,-1
713,105295,723,673,147,98,1,-1,-1,-1
713,105305,828,609,73,130,1,-1,-1,-1
713,105312,238,283,43,118,1,-1,-1,-1
713,105331,928,575,66,168,1,-1,-1,-1
713,105333,916,530,55,101,1,-1,-1,-1
713,105334,510,321,42,116,1,-1,-1,-1
713,105336,1109,472,49,147,1,-1,-1,-1
713,105359,898,236,41,101,1,-1,-1,-1
713,105382,798,551,50,162,1,-1,-1,-1
713,105383,623,530,57,152,1,-1,-1,-1
713,105386,187,319,44,123,1,-1,-1,-1
713,105387,382,586,87,184,1,-1,-1,-1
713,105388,2,330,33,123,1,-1,-1,-1
713,105391,1,277,12,61,1,-1,-1,-1
714,105280,609,507,57,144,1,-1,-1,-1
714,105293,544,407,51,136,1,-1,-1,-1
714,105295,723,672,148,99,1,-1,-1,-1
714,105305,827,608,74,132,1,-1,-1,-1
714,105312,239,283,44,118,1,-1,-1,-1
714,105331,929,576,67,168,1,-1,-1,-1
714,105333,916,530,55,101,1,-1,-1,-1
714,105334,508,321,42,116,1,-1,-1,-1
714,105336,1107,471,49,148,1,-1,-1,-1
714,105359,898,236,42,101,1,-1,-1,-1
714,105382,795,552,51,163,1,-1,-1,-1
714,105383,627,530,57,152,1,-1,-1,-1
714,105386,189,318,45,123,1,-1,-1,-1
714,105387,387,586,86,183,1,-1,-1,-1
714,105388,1,330,34,121,1,-1,-1,-1
714,105391,2,275,12,62,1,-1,-1,-1
715,105280,612,508,56,143,1,-1,-1,-1
715,105293,544,407,52,135,1,-1,-1,-1
715,105295,723,672,149,99,1,-1,-1,-1
715,105305,825,606,76,134,1,-1,-1,-1
715,105312,240,284,44,118,1,-1,-1,-1
715,105331,930,577,68,168,1,-1,-1,-1
715,105333,917,531,55,101,1,-1,-1,-1
715,105334,506,322,42,115,1,-1,-1,-1
715,105336,1104,471,49,147,1,-1,-1,-1
715,105359,898,236,42,101,1,-1,-1,-1
715,105382,793,553,51,163,1,-1,-1,-1
715,105383,632,531,57,152,1,-1,-1,-1
715,105386,192,317,45,124,1,-1,-1,-1
715,105387,396,586,84,183,1,-1,-1,-1
715,105388,1,329,34,120,1,-1,-1,-1
715,105391,2,272,13,64,1,-1,-1,-1
716,105280,614,508,57,143,1,-1,-1,-1
716,105293,545,407,51,135,1,-1,-1,-1
716,105295,723,672,150,99,1,-1,-1,-1
716,105305,824,604,77,136,1,-1,-1,-1
716,105312,242,284,43,118,1,-1,-1,-1
716,105331,932,578,69,169,1,-1,-1,-1
716,105333,917,531,55,101,1,-1,-1,-1
716,105334,505,323,41,114,1,-1,-1,-1
716,105336,1102,471,49,147,1,-1,-1,-1
716,105359,899,236,41,101,1,-1,-1,-1
716,105382,790,556,52,164,1,-1,-1,-1
716,105383,635,532,56,152,1,-1,-1,-1
716,105386,195,316,46,125,1,-1,-1,-1
716,105387,399,586,83,183,1,-1,-1,-1
716,105388,1,328,34,119,1,-1,-1,-1
716,105391,3,270,13,65,1,-1,-1,-1
717,105280,617,508,56,143,1,-1,-1,-1
717,105293,545,407,52,134,1,-1,-1,-1
717,105295,723,669,153,103,1,-1,-1,-1
717,105305,822,603,78,138,1,-1,-1,-1
717,105312,244,284,42,118,1,-1,-1,-1
717,105331,933,579,70,169,1,-1,-1,-1
717,105333,917,532,56,101,1,-1,-1,-1
717,105334,502,324,43,113,1,-1,-1,-1
717,105336,1099,471,50,147,1,-1,-1,-1
717,105359,899,236,41,101,1,-1,-1,-1
717,105382,787,557,53,164,1,-1,-1,-1
717,105383,638,532,56,153,1,-1,-1,-1
717,105386,196,315,47,126,1,-1,-1,-1
717,105387,408,587,82,182,1,-1,-1,-1
717,105388,1,327,34,119,1,-1,-1,-1
717,105391,3,269,14,67,1,-1,-1,-1
718,105280,619,508,56,142,1,-1,-1,-1
718,105293,546,407,51,134,1,-1,-1,-1
718,105295,724,667,156,107,1,-1,-1,-1
718,105305,821,601,78,140,1,-1,-1,-1
718,105312,246,284,41,117,1,-1,-1,-1
718,105331,936,580,70,169,1,-1,-1,-1
718,105333,917,533,57,100,1,-1,-1,-1
718,105334,500,324,43,113,1,-1,-1,-1
718,105336,1097,470,50,147,1,-1,-1,-1
718,105359,899,236,41,101,1,-1,-1,-1
718,105382,786,557,54,165,1,-1,-1,-1
718,105383,641,533,56,153,1,-1,-1,-1
718,105386,198,316,46,124,1,-1,-1,-1
718,105387,418,588,81,181,1,-1,-1,-1
718,105388,1,327,34,120,1,-1,-1,-1
718,105391,3,269,16,68,1,-1,-1,-1
719,105280,622,508,54,142,1,-1,-1,-1
719,105293,546,407,51,134,1,-1,-1,-1
719,105295,726,665,159,111,1,-1,-1,-1
719,105305,819,598,80,143,1,-1,-1,-1
719,105312,247,284,42,117,1,-1,-1,-1
719,105331,938,580,70,170,1,-1,-1,-1
719,105333,917,533,57,101,1,-1,-1,-1
719,105334,498,325,44,112,1,-1,-1,-1
719,105336,1094,470,51,147,1,-1,-1,-1
719,105359,900,236,40,101,1,-1,-1,-1
719,105382,784,557,55,166,1,-1,-1,-1
719,105383,644,534,57,154,1,-1,-1,-1
719,105386,199,317,47,124,1,-1,-1,-1
719,105387,428,589,81,180,1,-1,-1,-1
719,105388,0,327,35,121,1,-1,-1,-1
719,105391,4,270,15,67,1,-1,-1,-1
720,105280,625,508,53,142,1,-1,-1,-1
720,105293,546,407,51,134,1,-1,-1,-1
720,105295,729,662,163,116,1,-1,-1,-1
720,105305,818,597,80,144,1,-1,-1,-1
720,105312,249,285,41,117,1,-1,-1,-1
720,105331,941,581,70,170,1,-1,-1,-1
720,105333,918,534,57,101,1,-1,-1,-1
720,105334,495,327,44,110,1,-1,-1,-1
720,105336,1092,470,51,147,1,-1,-1,-1
720,105359,900,236,41,101,1,-1,-1,-1
720,105382,783,557,55,167,1,-1,-1,-1
720,105383,646,535,57,154,1,-1,-1,-1
720,105386,202,318,47,122,1,-1,-1,-1
720,105387,441,591,83,179,1,-1,-1,-1
720,105388,0,327,36,122,1,-1,-1,-1
720,105391,4,271,17,68,1,-1,-1,-1
721,105280,628,508,51,141,1,-1,-1,-1
721,105293,546,407,52,134,1,-1,-1,-1
721,105295,732,660,160,119,1,-1,-1,-1
721,105305,817,595,81,145,1,-1,-1,-1
721,105312,251,285,41,117,1,-1,-1,-1
721,105331,943,581,70,171,1,-1,-1,-1
721,105333,918,535,57,100,1,-1,-1,-1
721,105334,493,327,45,110,1,-1,-1,-1
721,105336,1088,469,52,147,1,-1,-1,-1
721,105359,901,236,40,101,1,-1,-1,-1
721,105382,782,557,55,167,1,-1,-1,-1
721,105383,649,536,57,154,1,-1,-1,-1
721,105386,202,318,48,122,1,-1,-1,-1
721,105387,447,591,84,179,1,-1,-1,-1
721,105388,0,327,36,122,1,-1,-1,-1
721,105391,4,272,17,68,1,-1,-1,-1
722,105280,633,508,50,143,1,-1,-1,-1
722,105293,547,407,52,134,1,-1,-1,-1
722,105295,734,658,160,121,1,-1,-1,-1
722,105305,818,592,80,146,1,-1,-1,-1
722,105312,253,285,40,117,1,-1,-1,-1
722,105331,946,582,70,171,1,-1,-1,-1
722,105333,919,535,58,100,1,-1,-1,-1
722,105334,491,330,45,107,1,-1,-1,-1
722,105336,1086,469,52,147,1,-1,-1,-1
722,105359,902,236,40,101,1,-1,-1,-1
722,105382,780,557,57,168,1,-1,-1,-1
722,105383,652,537,57,155,1,-1,-1,-1
722,105386,204,318,48,122,1,-1,-1,-1
722,105387,452,592,84,179,1,-1,-1,-1
722,105388,0,327,36,122,1,-1,-1,-1
722,105391,5,272,19,74,1,-1,-1,-1
723,105280,639,510,50,143,1,-1,-1,-1
723,105293,548,405,52,133,1,-1,-1,-1
723,105295,736,656,158,124,1,-1,-1,-1
723,105305,818,589,80,147,1,-1,-1,-1
723,105312,255,285,40,117,1,-1,-1,-1
723,105331,948,582,70,172,1,-1,-1,-1
723,105333,920,535,58,100,1,-1,-1,-1
723,105334,488,332,46,105,1,-1,-1,-1
723,105336,1083,469,53,146,1,-1,-1,-1
723,105359,903,236,40,101,1,-1,-1,-1
723,105382,779,557,57,169,1,-1,-1,-1
723,105383,654,538,58,155,1,-1,-1,-1
723,105386,206,317,48,123,1,-1,-1,-1
723,105387,456,592,86,179,1,-1,-1,-1
723,105388,0,327,37,122,1,-1,-1,-1
723,105391,6,272,22,82,1,-1,-1,-1
724,105280,644,511,51,145,1,-1,-1,-1
724,105293,551,403,51,133,1,-1,-1,-1
724,105295,739,654,155,127,1,-1,-1,-1
724,105305,818,586,79,148,1,-1,-1,-1
724,105312,256,285,40,118,1,-1,-1,-1
724,105331,951,583,69,172,1,-1,-1,-1
724,105333,921,536,58,99,1,-1,-1,-1
724,105334,485,335,46,102,1,-1,-1,-1
724,105336,1080,469,55,146,1,-1,-1,-1
724,105359,905,236,40,101,1,-1,-1,-1
724,105382,778,557,57,169,1,-1,-1,-1
724,105383,657,539,59,156,1,-1,-1,-1
724,105386,208,316,48,123,1,-1,-1,-1
724,105387,460,592,87,179,1,-1,-1,-1
724,105388,0,327,37,122,1,-1,-1,-1
724,105391,7,272,25,90,1,-1,-1,-1
725,105280,651,513,53,145,1,-1,-1,-1
725,105293,553,401,51,133,1,-1,-1,-1
725,105295,741,651,153,131,1,-1,-1,-1
725,105305,819,583,78,149,1,-1,-1,-1
725,105312,258,285,40,118,1,-1,-1,-1
725,105331,956,583,68,174,1,-1,-1,-1
725,105333,923,536,57,99,1,-1,-1,-1
725,105334,482,339,46,98,1,-1,-1,-1
725,105336,1078,468,55,146,1,-1,-1,-1
725,105359,907,236,40,101,1,-1,-1,-1
725,105382,777,557,58,170,1,-1,-1,-1
725,105383,661,541,59,156,1,-1,-1,-1
725,105386,211,315,47,124,1,-1,-1,-1
725,105387,467,592,88,179,1,-1,-1,-1
725,105388,1,326,36,122,1,-1,-1,-1
725,105391,9,272,30,102,1,-1,-1,-1
726,105280,654,513,54,146,1,-1,-1,-1
726,105293,555,399,51,132,1,-1,-1,-1
726,105295,744,649,150,133,1,-1,-1,-1
726,105305,819,580,78,150,1,-1,-1,-1
726,105312,259,284,40,119,1,-1,-1,-1
726,105331,958,584,67,174,1,-1,-1,-1
726,105333,924,537,57,98,1,-1,-1,-1
726,105334,479,342,46,95,1,-1,-1,-1
726,105336,1074,468,57,146,1,-1,-1,-1
726,105359,910,236,40,101,1,-1,-1,-1
726,105382,776,557,58,171,1,-1,-1,-1
726,105383,663,542,59,156,1,-1,-1,-1
726,105386,213,314,47,124,1,-1,-1,-1
726,105387,470,592,88,179,1,-1,-1,-1
726,105388,1,326,36,122,1,-1,-1,-1
726,105391,10,272,32,107,1,-1,-1,-1
727,105280,656,514,54,146,1,-1,-1,-1
727,105293,558,398,51,132,1,-1,-1,-1
727,105295,747,648,145,135,1,-1,-1,-1
727,105305,819,577,77,151,1,-1,-1,-1
727,105312,260,284,40,119,1,-1,-1,-1
727,105331,960,584,66,175,1,-1,-1,-1
727,105333,926,537,57,98,1,-1,-1,-1
727,105334,477,344,46,93,1,-1,-1,-1
727,105336,1072,468,58,146,1,-1,-1,-1
727,105359,912,236,40,101,1,-1,-1,-1
727,105382,776,557,58,172,1,-1,-1,-1
727,105383,666,543,59,156,1,-1,-1,-1
727,105386,216,313,47,125,1,-1,-1,-1
727,105387,478,592,88,179,1,-1,-1,-1
727,105388,1,325,37,122,1,-1,-1,-1
727,105391,11,272,34,109,1,-1,-1,-1
728,105280,658,514,54,146,1,-1,-1,-1
728,105293,561,398,51,132,1,-1,-1,-1
728,105295,750,647,141,135,1,-1,-1,-1
728,105305,820,574,74,151,1,-1,-1,-1
728,105312,261,283,41,119,1,-1,-1,-1
728,105331,962,585,65,175,1,-1,-1,-1
728,105333,927,538,57,97,1,-1,-1,-1
728,105334,477,347,46,90,1,-1,-1,-1
728,105336,1071,467,58,145,1,-1,-1,-1
728,105359,914,236,40,100,1,-1,-1,-1
728,105382,776,558,58,171,1,-1,-1,-1
728,105383,669,543,59,156,1,-1,-1,-1
728,105386,220,313,46,124,1,-1,-1,-1
728,105387,487,592,88,179,1,-1,-1,-1
728,105388,1,325,37,122,1,-1,-1,-1
728,105391,13,273,35,110,1,-1,-1,-1
729,105280,660,514,54,146,1,-1,-1,-1
729,105293,564,398,51,132,1,-1,-1,-1
729,105295,754,647,137,135,1,-1,-1,-1
729,105305,821,572,73,152,1,-1,-1,-1
729,105312,262,283,41,119,1,-1,-1,-1
729,105331,964,586,64,175,1,-1,-1,-1
729,105333,929,538,57,98,1,-1,-1,-1
729,105334,476,350,46,87,1,-1,-1,-1
729,105336,1071,466,58,145,1,-1,-1,-1
729,105359,915,236,41,100,1,-1,-1,-1
729,105382,776,559,58,171,1,-1,-1,-1
729,105383,673,543,59,156,1,-1,-1,-1
729,105386,224,313,46,124,1,-1,-1,-1
729,105387,497,592,87,179,1,-1,-1,-1
729,105388,1,324,37,122,1,-1,-1,-1
729,105391,16,273,35,110,1,-1,-1,-1
730,105280,661,514,54,146,1,-1,-1,-1
730,105293,568,398,50,132,1,-1,-1,-1
730,105295,758,647,132,135,1,-1,-1,-1
730,105305,822,567,71,154,1,-1,-1,-1
730,105312,263,282,42,120,1,-1,-1,-1
730,105331,965,587,64,175,1,-1,-1,-1
730,105333,931,539,56,97,1,-1,-1,-1
730,105334,477,353,45,84,1,-1,-1,-1
730,105336,1070,465,58,144,1,-1,-1,-1
730,105359,917,236,42,100,1,-1,-1,-1
730,105382,776,561,58,171,1,-1,-1,-1
730,105383,676,544,59,156,1,-1,-1,-1
730,105386,230,313,46,124,1,-1,-1,-1
730,105387,508,592,85,179,1,-1,-1,-1
730,105388,1,324,37,122,1,-1,-1,-1
730,105391,20,273,34,109,1,-1,-1,-1
731,105280,664,514,53,146,1,-1,-1,-1
731,105293,571,398,50,132,1,-1,-1,-1
731,105295,761,646,129,135,1,-1,-1,-1
731,105305,823,565,69,154,1,-1,-1,-1
731,105312,265,282,42,120,1,-1,-1,-1
731,105331,966,588,64,175,1,-1,-1,-1
731,105333,931,540,57,96,1,-1,-1,-1
731,105334,476,356,46,81,1,-1,-1,-1
731,105336,1070,464,58,144,1,-1,-1,-1
731,105359,919,236,41,100,1,-1,-1,-1
731,105382,776,562,58,171,1,-1,-1,-1
731,105383,679,544,59,156,1,-1,-1,-1
731,105386,233,313,45,123,1,-1,-1,-1
731,105387,521,592,84,178,1,-1,-1,-1
731,105388,1,323,38,122,1,-1,-1,-1
731,105391,21,273,34,109,1,-1,-1,-1
732,105280,668,514,52,146,1,-1,-1,-1
732,105293,572,398,50,132,1,-1,-1,-1
732,105295,764,646,126,135,1,-1,-1,-1
732,105305,824,565,67,154,1,-1,-1,-1
732,105312,265,282,43,120,1,-1,-1,-1
732,105331,968,589,64,175,1,-1,-1,-1
732,105333,933,540,56,96,1,-1,-1,-1
732,105334,476,358,46,79,1,-1,-1,-1
732,105336,1069,464,58,144,1,-1,-1,-1
732,105359,920,236,42,100,1,-1,-1,-1
732,105382,776,563,58,171,1,-1,-1,-1
732,105383,683,544,59,157,1,-1,-1,-1
732,105386,235,313,45,123,1,-1,-1,-1
732,105387,529,592,82,178,1,-1,-1,-1
732,105388,1,323,38,122,1,-1,-1,-1
732,105391,24,273,34,109,1,-1,-1,-1
733,105280,672,514,53,146,1,-1,-1,-1
733,105293,572,398,51,131,1,-1,-1,-1
733,105295,766,646,124,135,1,-1,-1,-1
733,105305,824,564,66,155,1,-1,-1,-1
733,105312,266,281,43,122,1,-1,-1,-1
733,105331,970,590,63,174,1,-1,-1,-1
733,105333,934,540,57,96,1,-1,-1,-1
733,105334,476,361,47,76,1,-1,-1,-1
733,105336,1069,463,57,143,1,-1,-1,-1
733,105359,922,236,42,100,1,-1,-1,-1
733,105382,776,565,58,171,1,-1,-1,-1
733,105383,686,545,59,156,1,-1,-1,-1
733,105386,237,313,45,122,1,-1,-1,-1
733,105387,535,592,82,178,1,-1,-1,-1
733,105388,1,323,39,122,1,-1,-1,-1
733,105391,27,273,34,109,1,-1,-1,-1
734,105280,678,514,53,147,1,-1,-1,-1
734,105293,573,397,51,132,1,-1,-1,-1
734,105295,769,645,122,135,1,-1,-1,-1
734,105305,825,564,65,155,1,-1,-1,-1
734,105312,266,281,44,122,1,-1,-1,-1
734,105331,971,592,62,173,1,-1,-1,-1
734,105333,936,540,57,96,1,-1,-1,-1
734,105334,476,362,47,75,1,-1,-1,-1
734,105336,1068,462,57,143,1,-1,-1,-1
734,105359,923,235,43,100,1,-1,-1,-1
734,105382,776,566,58,171,1,-1,-1,-1
734,105383,689,545,59,157,1,-1,-1,-1
734,105386,239,313,45,122,1,-1,-1,-1
734,105387,541,593,82,178,1,-1,-1,-1
734,105388,2,322,38,122,1,-1,-1,-1
734,105391,31,273,34,109,1,-1,-1,-1
735,105280,683,515,53,147,1,-1,-1,-1
735,105293,573,397,51,132,1,-1,-1,-1
735,105295,773,645,119,135,1,-1,-1,-1
735,105305,826,565,63,154,1,-1,-1,-1
735,105312,267,281,43,120,1,-1,-1,-1
735,105331,974,593,62,173,1,-1,-1,-1
735,105333,937,540,56,96,1,-1,-1,-1
735,105334,476,364,47,73,1,-1,-1,-1
735,105336,1067,461,57,142,1,-1,-1,-1
735,105359,925,235,43,100,1,-1,-1,-1
735,105382,776,568,58,171,1,-1,-1,-1
735,105383,695,546,58,156,1,-1,-1,-1
735,105386,242,313,43,121,1,-1,-1,-1
735,105387,550,594,83,177,1,-1,-1,-1
735,105388,2,322,40,122,1,-1,-1,-1
735,105391,34,273,35,109,1,-1,-1,-1
736,105280,689,515,53,148,1,-1,-1,-1
736,105293,573,396,51,132,1,-1,-1,-1
736,105295,774,645,118,135,1,-1,-1,-1
736,105305,827,565,61,154,1,-1,-1,-1
736,105312,268,280,43,121,1,-1,-1,-1
736,105331,975,594,62,173,1,-1,-1,-1
736,105333,938,540,57,96,1,-1,-1,-1
736,105334,476,366,47,71,1,-1,-1,-1
736,105336,1067,460,56,142,1,-1,-1,-1
736,105359,927,234,42,100,1,-1,-1,-1
736,105382,777,569,57,171,1,-1,-1,-1
736,105383,697,547,58,156,1,-1,-1,-1
736,105386,244,313,43,120,1,-1,-1,-1
736,105387,552,594,86,178,1,-1,-1,-1
736,105388,3,321,39,122,1,-1,-1,-1
736,105391,38,273,35,109,1,-1,-1,-1
737,105280,693,516,54,148,1,-1,-1,-1
737,105293,575,395,51,132,1,-1,-1,-1
737,105295,776,643,118,137,1,-1,-1,-1
737,105305,827,565,61,154,1,-1,-1,-1
737,105312,268,280,43,121,1,-1,-1,-1
737,105331,976,594,62,175,1,-1,-1,-1
737,105333,940,540,56,96,1,-1,-1,-1
737,105334,477,366,48,71,1,-1,-1,-1
737,105336,1068,460,55,141,1,-1,-1,-1
737,105359,929,233,43,100,1,-1,-1,-1
737,105382,778,570,58,171,1,-1,-1,-1
737,105383,700,547,57,156,1,-1,-1,-1
737,105386,246,313,43,120,1,-1,-1,-1
737,105387,558,594,87,177,1,-1,-1,-1
737,105388,3,321,40,122,1,-1,-1,-1
737,105391,41,273,36,109,1,-1,-1,-1
738,105280,696,516,55,148,1,-1,-1,-1
738,105293,577,394,51,132,1,-1,-1,-1
738,105295,778,640,118,140,1,-1,-1,-1
738,105305,828,565,59,154,1,-1,-1,-1
738,105312,269,280,43,120,1,-1,-1,-1
738,105331,977,594,63,176,1,-1,-1,-1
738,105333,941,540,56,95,1,-1,-1,-1
738,105334,478,366,49,71,1,-1,-1,-1
738,105336,1068,459,55,142,1,-1,-1,-1
738,105359,931,233,43,100,1,-1,-1,-1
738,105382,779,570,58,171,1,-1,-1,-1
738,105383,703,547,57,156,1,-1,-1,-1
738,105386,248,313,42,119,1,-1,-1,-1
738,105387,566,594,86,177,1,-1,-1,-1
738,105388,4,320,40,122,1,-1,-1,-1
738,105391,46,274,37,108,1,-1,-1,-1
739,105280,700,517,55,148,1,-1,-1,-1
739,105293,580,392,51,132,1,-1,-1,-1
739,105295,779,638,119,141,1,-1,-1,-1
739,105305,828,565,59,154,1,-1,-1,-1
739,105312,270,280,42,120,1,-1,-1,-1
739,105331,978,594,63,177,1,-1,-1,-1
739,105333,943,540,55,95,1,-1,-1,-1
739,105334,479,366,51,72,1,-1,-1,-1
739,105336,1068,459,55,141,1,-1,-1,-1
739,105359,933,232,43,101,1,-1,-1,-1
739,105382,781,571,57,171,1,-1,-1,-1
739,105383,706,547,57,156,1,-1,-1,-1
739,105386,251,313,41,118,1,-1,-1,-1
739,105387,574,593,85,177,1,-1,-1,-1
739,105388,5,320,40,122,1,-1,-1,-1
739,105391,50,274,38,108,1,-1,-1,-1
740,105280,706,518,55,148,1,-1,-1,-1
740,105293,583,390,51,132,1,-1,-1,-1
740,105295,781,634,119,145,1,-1,-1,-1
740,105305,829,565,57,154,1,-1,-1,-1
740,105312,270,279,42,121,1,-1,-1,-1
740,105331,980,594,63,178,1,-1,-1,-1
740,105333,945,540,55,95,1,-1,-1,-1
740,105334,480,366,52,72,1,-1,-1,-1
740,105336,1068,458,55,142,1,-1,-1,-1
740,105359,935,231,43,101,1,-1,-1,-1
740,105382,783,571,57,171,1,-1,-1,-1
740,105383,709,547,57,156,1,-1,-1,-1
740,105386,253,313,40,118,1,-1,-1,-1
740,105387,583,593,83,177,1,-1,-1,-1
740,105388,5,320,41,122,1,-1,-1,-1
740,105391,55,274,39,108,1,-1,-1,-1
740,105392,-1,489,40,149,1,-1,-1,-1
741,105280,708,519,55,147,1,-1,-1,-1
741,105293,585,389,51,132,1,-1,-1,-1
741,105295,782,631,120,148,1,-1,-1,-1
741,105305,829,565,57,154,1,-1,-1,-1
741,105312,271,279,42,120,1,-1,-1,-1
741,105331,981,594,63,179,1,-1,-1,-1
741,105333,946,540,54,94,1,-1,-1,-1
741,105334,481,366,53,72,1,-1,-1,-1
741,105336,1068,458,54,141,1,-1,-1,-1
741,105359,937,230,42,101,1,-1,-1,-1
741,105382,784,572,57,171,1,-1,-1,-1
741,105383,713,547,56,156,1,-1,-1,-1
741,105386,255,313,40,117,1,-1,-1,-1
741,105387,593,593,81,177,1,-1,-1,-1
741,105388,6,319,41,123,1,-1,-1,-1
741,105391,60,275,40,107,1,-1,-1,-1
741,105392,-1,487,41,151,1,-1,-1,-1
742,105280,712,519,56,147,1,-1,-1,-1
742,105293,587,389,51,132,1,-1,-1,-1
742,105295,784,628,120,150,1,-1,-1,-1
742,105305,829,565,57,154,1,-1,-1,-1
742,105312,273,279,41,120,1,-1,-1,-1
742,105331,982,594,64,181,1,-1,-1,-1
742,105333,948,538,54,96,1,-1,-1,-1
742,105334,482,366,54,72,1,-1,-1,-1
742,105336,1069,457,54,142,1,-1,-1,-1
742,105359,938,230,43,101,1,-1,-1,-1
742,105382,786,572,57,171,1,-1,-1,-1
742,105383,716,547,56,156,1,-1,-1,-1
742,105386,257,312,40,118,1,-1,-1,-1
742,105387,602,593,80,177,1,-1,-1,-1
742,105388,7,319,41,122,1,-1,-1,-1
742,105391,63,275,41,108,1,-1,-1,-1
742,105392,1,486,42,152,1,-1,-1,-1
743,105280,716,520,56,147,1,-1,-1,-1
743,105293,590,389,51,132,1,-1,-1,-1
743,105295,786,625,120,153,1,-1,-1,-1
743,105305,830,565,55,154,1,-1,-1,-1
743,105312,275,279,41,120,1,-1,-1,-1
743,105331,983,594,65,182,1,-1,-1,-1
743,105333,950,536,55,98,1,-1,-1,-1
743,105334,483,366,54,72,1,-1,-1,-1
743,105336,1069,457,54,141,1,-1,-1,-1
743,105359,941,230,42,101,1,-1,-1,-1
743,105382,788,573,57,171,1,-1,-1,-1
743,105383,719,547,56,156,1,-1,-1,-1
743,105386,260,312,39,117,1,-1,-1,-1
743,105387,611,593,79,177,1,-1,-1,-1
743,105388,8,318,41,122,1,-1,-1,-1
743,105391,64,275,43,107,1,-1,-1,-1
743,105392,6,486,42,152,1,-1,-1,-1
744,105280,721,520,56,147,1,-1,-1,-1
744,105293,591,389,51,132,1,-1,-1,-1
744,105295,788,623,120,155,1,-1,-1,-1
744,105305,830,565,55,154,1,-1,-1,-1
744,105312,277,279,41,120,1,-1,-1,-1
744,105331,985,594,65,183,1,-1,-1,-1
744,105333,951,534,56,100,1,-1,-1,-1
744,105334,484,366,56,72,1,-1,-1,-1
744,105336,1069,456,53,142,1,-1,-1,-1
744,105359,943,230,42,101,1,-1,-1,-1
744,105382,790,573,56,171,1,-1,-1,-1
744,105383,722,548,56,156,1,-1,-1,-1
744,105386,261,311,40,118,1,-1,-1,-1
744,105387,621,593,79,178,1,-1,-1,-1
744,105388,10,318,41,121,1,-1,-1,-1
744,105391,67,275,43,108,1,-1,-1,-1
744,105392,11,486,43,153,1,-1,-1,-1
745,105280,727,521,55,147,1,-1,-1,-1
745,105293,593,389,52,132,1,-1,-1,-1
745,105295,790,618,121,160,1,-1,-1,-1
745,105305,830,565,55,154,1,-1,-1,-1
745,105312,280,279,40,119,1,-1,-1,-1
745,105331,986,594,66,184,1,-1,-1,-1
745,105333,953,532,56,102,1,-1,-1,-1
745,105334,486,366,56,72,1,-1,-1,-1
745,105336,1070,456,53,142,1,-1,-1,-1
745,105359,945,230,42,101,1,-1,-1,-1
745,105382,793,574,56,171,1,-1,-1,-1
745,105383,727,548,56,156,1,-1,-1,-1
745,105386,263,311,39,118,1,-1,-1,-1
745,105387,635,593,81,178,1,-1,-1,-1
745,105388,11,317,41,121,1,-1,-1,-1
745,105391,69,274,45,109,1,-1,-1,-1
745,105392,16,486,45,154,1,-1,-1,-1
746,105280,733,521,54,147,1,-1,-1,-1
746,105293,595,389,52,132,1,-1,-1,-1
746,105295,792,616,120,162,1,-1,-1,-1
746,105305,830,565,55,154,1,-1,-1,-1
746,105312,282,279,40,118,1,-1,-1,-1
746,105331,987,595,66,184,1,-1,-1,-1
746,105333,955,530,56,104,1,-1,-1,-1
746,105334,487,366,56,72,1,-1,-1,-1
746,105336,1070,455,52,142,1,-1,-1,-1
746,105359,948,230,41,101,1,-1,-1,-1
746,105382,795,574,56,172,1,-1,-1,-1
746,105383,730,548,56,156,1,-1,-1,-1
746,105386,265,310,40,118,1,-1,-1,-1
746,105387,640,593,82,178,1,-1,-1,-1
746,105388,13,317,40,120,1,-1,-1,-1
746,105391,71,274,46,109,1,-1,-1,-1
746,105392,17,486,47,154,1,-1,-1,-1
747,105280,737,522,54,146,1,-1,-1,-1
747,105293,597,388,52,131,1,-1,-1,-1
747,105295,795,614,120,164,1,-1,-1,-1
747,105305,831,565,53,154,1,-1,-1,-1
747,105312,284,279,40,118,1,-1,-1,-1
747,105331,989,596,66,182,1,-1,-1,-1
747,105333,956,528,57,106,1,-1,-1,-1
747,105334,488,366,57,72,1,-1,-1,-1
747,105336,1069,455,52,142,1,-1,-1,-1
747,105359,950,229,41,101,1,-1,-1,-1
747,105382,798,575,55,171,1,-1,-1,-1
747,105383,733,548,56,157,1,-1,-1,-1
747,105386,267,310,40,118,1,-1,-1,-1
747,105387,645,593,83,178,1,-1,-1,-1
747,105388,14,317,41,119,1,-1,-1,-1
747,105391,73,274,46,109,1,-1,-1,-1
747,105392,18,486,49,153,1,-1,-1,-1
748,105280,741,522,53,147,1,-1,-1,-1
748,105293,598,387,53,131,1,-1,-1,-1
748,105295,799,610,118,168,1,-1,-1,-1
748,105305,831,565,53,154,1,-1,-1,-1
748,105312,286,279,40,117,1,-1,-1,-1
748,105331,991,598,65,180,1,-1,-1,-1
748,105333,958,525,57,109,1,-1,-1,-1
748,105334,489,366,57,72,1,-1,-1,-1
748,105336,1068,454,52,142,1,-1,-1,-1
748,105359,952,229,40,101,1,-1,-1,-1
748,105382,800,575,54,171,1,-1,-1,-1
748,105383,735,549,57,158,1,-1,-1,-1
748,105386,269,309,40,118,1,-1,-1,-1
748,105387,649,593,84,178,1,-1,-1,-1
748,105388,16,316,40,119,1,-1,-1,-1
748,105391,76,273,46,110,1,-1,-1,-1
748,105392,19,486,49,152,1,-1,-1,-1
749,105280,745,523,53,147,1,-1,-1,-1
749,105293,600,385,52,131,1,-1,-1,-1
749,105295,803,607,117,171,1,-1,-1,-1
749,105305,831,565,53,154,1,-1,-1,-1
749,105312,289,279,39,117,1,-1,-1,-1
749,105331,993,600,64,178,1,-1,-1,-1
749,105333,959,522,58,112,1,-1,-1,-1
749,105334,490,366,58,72,1,-1,-1,-1
749,105336,1065,454,54,141,1,-1,-1,-1
749,105359,955,229,40,100,1,-1,-1,-1
749,105382,802,576,54,171,1,-1,-1,-1
749,105383,738,549,58,160,1,-1,-1,-1
749,105386,271,309,39,118,1,-1,-1,-1
749,105387,654,593,85,179,1,-1,-1,-1
749,105388,17,316,41,118,1,-1,-1,-1
749,105391,79,273,45,110,1,-1,-1,-1
749,105392,21,483,51,153,1,-1,-1,-1
750,105280,751,523,52,147,1,-1,-1,-1
750,105293,603,383,52,131,1,-1,-1,-1
750,105295,809,602,116,176,1,-1,-1,-1
750,105305,831,565,53,154,1,-1,-1,-1
750,105312,292,279,40,116,1,-1,-1,-1
750,105331,995,603,64,174,1,-1,-1,-1
750,105333,962,517,59,117,1,-1,-1,-1
750,105334,492,366,58,72,1,-1,-1,-1
750,105336,1062,453,55,140,1,-1,-1,-1
750,105359,958,229,40,100,1,-1,-1,-1
750,105382,805,577,54,171,1,-1,-1,-1
750,105383,743,550,58,161,1,-1,-1,-1
750,105386,274,308,40,120,1,-1,-1,-1
750,105387,662,593,85,179,1,-1,-1,-1
750,105388,19,315,41,118,1,-1,-1,-1
750,105391,84,274,45,109,1,-1,-1,-1
750,105392,29,479,51,152,1,-1,-1,-1