1,13,771,71,19,42,1,-1,-1,-1
1,12,1068,149,27,61,1,-1,-1,-1
1,11,537,228,31,83,1,-1,-1,-1
1,10,1256,468,63,118,1,-1,-1,-1
1,9,1458,306,29,94,1,-1,-1,-1
1,8,1425,327,41,103,1,-1,-1,-1
1,7,1733,215,47,76,1,-1,-1,-1
1,6,1797,260,42,84,1,-1,-1,-1
1,5,496,384,56,108,1,-1,-1,-1
1,4,625,553,93,120,1,-1,-1,-1
1,3,1039,512,86,148,1,-1,-1,-1
1,2,222,497,90,150,1,-1,-1,-1
1,1,333,709,123,171,1,-1,-1,-1
2,14,760,69,18,42,1,-1,-1,-1
2,12,1057,149,28,60,1,-1,-1,-1
2,11,526,229,32,82,1,-1,-1,-1
2,10,1240,472,63,117,1,-1,-1,-1
2,9,1448,305,30,94,1,-1,-1,-1
2,8,1414,327,41,102,1,-1,-1,-1
2,7,1725,214,46,74,1,-1,-1,-1
2,6,1789,259,41,83,1,-1,-1,-1
2,5,487,385,54,108,1,-1,-1,-1
2,4,623,557,95,118,1,-1,-1,-1
2,3,1029,516,84,145,1,-1,-1,-1
2,2,205,503,93,145,1,-1,-1,-1
2,1,334,710,114,170,1,-1,-1,-1
3,16,749,68,18,42,1,-1,-1,-1
3,15,1894,570,24,139,1,-1,-1,-1
3,12,1046,148,28,60,1,-1,-1,-1
3,11,515,229,32,83,1,-1,-1,-1
3,10,1224,475,62,117,1,-1,-1,-1
3,9,1437,303,29,94,1,-1,-1,-1
3,8,1404,325,40,102,1,-1,-1,-1
3,7,1716,213,43,74,1,-1,-1,-1
3,6,1781,257,39,84,1,-1,-1,-1
3,5,479,384,51,108,1,-1,-1,-1
3,4,621,560,97,117,1,-1,-1,-1
3,3,1019,519,82,143,1,-1,-1,-1
3,2,200,503,93,145,1,-1,-1,-1
3,1,336,711,98,171,1,-1,-1,-1
4,12,1025,146,28,60,1,-1,-1,-1
4,11,494,229,32,83,1,-1,-1,-1
4,10,1194,480,60,117,1,-1,-1,-1
4,9,1417,299,27,96,1,-1,-1,-1
4,8,1384,322,39,102,1,-1,-1,-1
4,7,1700,209,38,73,1,-1,-1,-1
4,6,1765,253,36,84,1,-1,-1,-1
4,5,463,384,44,109,1,-1,-1,-1
4,4,617,565,99,115,1,-1,-1,-1
4,3,999,524,78,139,1,-1,-1,-1
4,2,173,506,92,145,1,-1,-1,-1
4,1,347,716,87,177,1,-1,-1,-1
5,12,1023,146,28,60,1,-1,-1,-1
5,11,492,228,32,83,1,-1,-1,-1
5,10,1190,481,63,117,1,-1,-1,-1
5,9,1414,299,27,96,1,-1,-1,-1
5,8,1382,322,39,103,1,-1,-1,-1
5,7,1699,209,38,73,1,-1,-1,-1
5,6,1763,252,36,84,1,-1,-1,-1
5,5,462,384,44,109,1,-1,-1,-1
5,4,616,566,100,116,1,-1,-1,-1
5,3,998,525,78,138,1,-1,-1,-1
5,2,159,508,93,144,1,-1,-1,-1
5,1,358,716,82,181,1,-1,-1,-1
6,15,1857,562,58,141,1,-1,-1,-1
6,12,1003,144,28,60,1,-1,-1,-1
6,11,467,227,32,83,1,-1,-1,-1
6,10,1154,485,86,121,1,-1,-1,-1
6,9,1391,295,28,98,1,-1,-1,-1
6,8,1367,319,40,104,1,-1,-1,-1
6,7,1681,205,33,74,1,-1,-1,-1
6,6,1742,247,33,85,1,-1,-1,-1
6,5,449,383,36,109,1,-1,-1,-1
6,4,605,570,106,127,1,-1,-1,-1
6,3,980,534,80,134,1,-1,-1,-1
6,2,148,506,93,145,1,-1,-1,-1
6,1,362,715,86,184,1,-1,-1,-1
7,15,1842,560,67,144,1,-1,-1,-1
7,12,990,141,28,60,1,-1,-1,-1
7,11,453,225,33,84,1,-1,-1,-1
7,10,1131,486,94,124,1,-1,-1,-1
7,9,1380,290,28,100,1,-1,-1,-1
7,8,1348,315,42,105,1,-1,-1,-1
7,7,1670,204,35,75,1,-1,-1,-1
7,6,1732,244,32,85,1,-1,-1,-1
7,5,439,382,36,110,1,-1,-1,-1
7,4,602,570,102,130,1,-1,-1,-1
7,3,967,532,82,140,1,-1,-1,-1
7,2,135,502,91,149,1,-1,-1,-1
7,1,352,714,100,185,1,-1,-1,-1
8,15,1842,559,64,145,1,-1,-1,-1
8,12,982,140,28,61,1,-1,-1,-1
8,11,445,224,33,84,1,-1,-1,-1
8,10,1109,491,106,125,1,-1,-1,-1
8,9,1371,288,29,100,1,-1,-1,-1
8,8,1339,314,42,105,1,-1,-1,-1
8,7,1661,202,35,74,1,-1,-1,-1
8,6,1723,242,32,85,1,-1,-1,-1
8,5,433,381,40,110,1,-1,-1,-1
8,4,602,572,95,129,1,-1,-1,-1
8,3,964,535,83,140,1,-1,-1,-1
8,2,129,502,85,149,1,-1,-1,-1
8,1,343,715,112,186,1,-1,-1,-1
9,15,1813,552,72,154,1,-1,-1,-1
9,12,971,138,28,61,1,-1,-1,-1
9,11,432,223,33,83,1,-1,-1,-1
9,10,1071,499,126,126,1,-1,-1,-1
9,9,1359,286,30,99,1,-1,-1,-1
9,8,1327,312,41,104,1,-1,-1,-1
9,7,1650,200,36,74,1,-1,-1,-1
9,6,1711,239,33,85,1,-1,-1,-1
9,5,424,380,44,110,1,-1,-1,-1
9,4,602,575,87,127,1,-1,-1,-1
9,3,960,538,85,141,1,-1,-1,-1
9,2,117,503,74,148,1,-1,-1,-1
9,1,341,715,114,185,1,-1,-1,-1
10,15,1798,551,75,153,1,-1,-1,-1
10,12,959,137,28,61,1,-1,-1,-1
10,11,419,222,33,83,1,-1,-1,-1
10,10,1046,499,126,130,1,-1,-1,-1
10,9,1346,284,31,99,1,-1,-1,-1
10,8,1315,310,41,103,1,-1,-1,-1
10,7,1639,198,37,74,1,-1,-1,-1
10,6,1700,237,34,85,1,-1,-1,-1
10,5,408,379,52,110,1,-1,-1,-1
10,4,603,580,70,124,1,-1,-1,-1
10,3,953,543,89,143,1,-1,-1,-1
10,2,111,499,66,154,1,-1,-1,-1
10,1,336,716,120,184,1,-1,-1,-1
11,15,1798,551,75,157,1,-1,-1,-1
11,12,948,135,28,61,1,-1,-1,-1
11,11,406,222,33,83,1,-1,-1,-1
11,10,1045,500,126,130,1,-1,-1,-1
11,9,1334,282,32,99,1,-1,-1,-1
11,8,1303,308,41,103,1,-1,-1,-1
11,7,1627,196,38,73,1,-1,-1,-1
11,6,1688,234,34,85,1,-1,-1,-1
11,5,407,379,53,110,1,-1,-1,-1
11,4,602,580,70,124,1,-1,-1,-1
11,3,952,544,88,143,1,-1,-1,-1
11,2,102,504,63,148,1,-1,-1,-1
11,1,337,718,119,184,1,-1,-1,-1
12,15,1784,549,78,154,1,-1,-1,-1
12,12,937,133,28,61,1,-1,-1,-1
12,11,394,221,33,83,1,-1,-1,-1
12,10,1027,509,116,126,1,-1,-1,-1
12,9,1322,280,32,98,1,-1,-1,-1
12,8,1291,306,40,102,1,-1,-1,-1
12,7,1616,194,38,73,1,-1,-1,-1
12,6,1677,232,35,85,1,-1,-1,-1
12,5,394,379,58,110,1,-1,-1,-1
12,4,595,581,72,124,1,-1,-1,-1
12,3,945,548,84,142,1,-1,-1,-1
12,2,101,504,61,148,1,-1,-1,-1
12,1,343,721,92,180,1,-1,-1,-1
13,24,1838,244,47,92,1,-1,-1,-1
13,15,1756,550,87,154,1,-1,-1,-1
13,12,919,130,28,61,1,-1,-1,-1
13,11,374,219,33,82,1,-1,-1,-1
13,10,1000,524,101,120,1,-1,-1,-1
13,9,1303,277,34,98,1,-1,-1,-1
13,8,1273,303,40,101,1,-1,-1,-1
13,7,1599,191,40,72,1,-1,-1,-1
13,6,1659,228,36,85,1,-1,-1,-1
13,5,375,379,65,110,1,-1,-1,-1
13,4,584,582,75,124,1,-1,-1,-1
13,3,934,555,78,140,1,-1,-1,-1
13,2,94,505,53,148,1,-1,-1,-1
13,1,351,718,82,184,1,-1,-1,-1
14,24,1829,242,47,92,1,-1,-1,-1
14,15,1750,551,87,152,1,-1,-1,-1
14,12,913,129,28,61,1,-1,-1,-1
14,11,368,219,34,82,1,-1,-1,-1
14,10,983,525,105,133,1,-1,-1,-1
14,9,1297,276,34,98,1,-1,-1,-1
14,8,1267,302,40,101,1,-1,-1,-1
14,7,1594,190,39,73,1,-1,-1,-1
14,6,1653,226,36,85,1,-1,-1,-1
14,5,368,379,65,110,1,-1,-1,-1
14,4,583,583,76,125,1,-1,-1,-1
14,3,928,563,79,143,1,-1,-1,-1
14,2,88,504,56,148,1,-1,-1,-1
14,1,352,718,82,184,1,-1,-1,-1
15,24,1811,238,48,92,1,-1,-1,-1
15,15,1732,553,94,146,1,-1,-1,-1
15,12,901,127,28,61,1,-1,-1,-1
15,11,354,218,34,83,1,-1,-1,-1
15,10,982,527,101,131,1,-1,-1,-1
15,9,1283,274,34,98,1,-1,-1,-1
15,8,1255,301,39,102,1,-1,-1,-1
15,7,1583,187,38,73,1,-1,-1,-1
15,6,1642,224,36,85,1,-1,-1,-1
15,5,356,377,64,111,1,-1,-1,-1
15,4,582,584,77,128,1,-1,-1,-1
15,3,925,564,84,144,1,-1,-1,-1
15,2,67,502,65,148,1,-1,-1,-1
15,1,358,719,82,183,1,-1,-1,-1
16,29,1820,484,57,139,1,-1,-1,-1
16,24,1800,237,47,92,1,-1,-1,-1
16,15,1724,551,94,146,1,-1,-1,-1
16,12,888,126,29,61,1,-1,-1,-1
16,11,340,216,35,83,1,-1,-1,-1
16,10,977,542,75,121,1,-1,-1,-1
16,9,1270,272,34,98,1,-1,-1,-1
16,8,1242,299,39,102,1,-1,-1,-1
16,7,1573,184,37,73,1,-1,-1,-1
16,6,1630,221,35,85,1,-1,-1,-1
16,5,344,376,63,112,1,-1,-1,-1
16,4,580,586,77,130,1,-1,-1,-1
16,3,908,571,109,154,1,-1,-1,-1
16,2,62,502,67,148,1,-1,-1,-1
16,1,348,710,93,193,1,-1,-1,-1
17,29,1803,480,59,138,1,-1,-1,-1
17,24,1785,234,47,92,1,-1,-1,-1
17,15,1715,549,95,146,1,-1,-1,-1
17,12,875,124,29,61,1,-1,-1,-1
17,11,326,215,36,84,1,-1,-1,-1
17,10,974,548,65,120,1,-1,-1,-1
17,9,1256,270,34,98,1,-1,-1,-1
17,8,1229,297,39,103,1,-1,-1,-1
17,7,1563,182,35,73,1,-1,-1,-1
17,6,1618,219,35,85,1,-1,-1,-1
17,5,332,374,63,112,1,-1,-1,-1
17,4,579,588,78,132,1,-1,-1,-1
17,3,894,577,135,148,1,-1,-1,-1
17,2,39,499,76,147,1,-1,-1,-1
17,1,338,710,103,195,1,-1,-1,-1
18,29,1785,476,60,136,1,-1,-1,-1
18,24,1769,230,47,92,1,-1,-1,-1
18,15,1705,547,96,145,1,-1,-1,-1
18,12,862,122,29,61,1,-1,-1,-1
18,11,312,214,37,84,1,-1,-1,-1
18,10,971,548,67,121,1,-1,-1,-1
18,9,1243,267,34,98,1,-1,-1,-1
18,8,1217,295,38,103,1,-1,-1,-1
18,7,1552,179,34,73,1,-1,-1,-1
18,6,1606,216,34,84,1,-1,-1,-1
18,5,320,373,62,113,1,-1,-1,-1
18,4,577,589,79,134,1,-1,-1,-1
18,3,893,578,136,147,1,-1,-1,-1
18,2,34,499,77,148,1,-1,-1,-1
18,1,338,710,103,195,1,-1,-1,-1
19,34,1839,346,54,112,1,-1,-1,-1
19,29,1754,468,62,133,1,-1,-1,-1
19,24,1753,226,48,94,1,-1,-1,-1
19,15,1688,543,98,145,1,-1,-1,-1
19,12,840,118,30,61,1,-1,-1,-1
19,11,287,212,38,85,1,-1,-1,-1
19,10,915,552,103,131,1,-1,-1,-1
19,9,1219,263,33,99,1,-1,-1,-1
19,8,1195,292,38,104,1,-1,-1,-1
19,7,1534,174,32,74,1,-1,-1,-1
19,6,1586,211,33,84,1,-1,-1,-1
19,5,298,371,60,114,1,-1,-1,-1
19,4,575,592,81,137,1,-1,-1,-1
19,3,871,584,139,139,1,-1,-1,-1
19,2,11,496,85,152,1,-1,-1,-1
19,1,316,709,128,198,1,-1,-1,-1
20,34,1834,345,54,111,1,-1,-1,-1
20,29,1750,467,62,133,1,-1,-1,-1
20,24,1749,225,49,94,1,-1,-1,-1
20,15,1686,542,97,145,1,-1,-1,-1
20,12,836,118,29,61,1,-1,-1,-1
20,11,283,212,38,85,1,-1,-1,-1
20,10,904,554,104,137,1,-1,-1,-1
20,9,1216,263,33,99,1,-1,-1,-1
20,8,1191,292,38,104,1,-1,-1,-1
20,7,1530,174,33,74,1,-1,-1,-1
20,6,1582,211,34,84,1,-1,-1,-1
20,5,295,371,60,114,1,-1,-1,-1
20,4,574,593,80,138,1,-1,-1,-1
20,3,866,587,124,148,1,-1,-1,-1
20,2,1,497,82,152,1,-1,-1,-1
20,1,316,709,127,198,1,-1,-1,-1
21,34,1812,344,56,110,1,-1,-1,-1
21,29,1729,464,62,133,1,-1,-1,-1
21,24,1732,223,50,94,1,-1,-1,-1
21,15,1675,540,97,144,1,-1,-1,-1
21,12,821,116,29,62,1,-1,-1,-1
21,11,266,211,37,86,1,-1,-1,-1
21,10,900,557,104,138,1,-1,-1,-1
21,9,1201,262,33,98,1,-1,-1,-1
21,8,1176,290,38,104,1,-1,-1,-1
21,7,1514,172,36,73,1,-1,-1,-1
21,6,1567,208,35,84,1,-1,-1,-1
21,5,282,371,58,115,1,-1,-1,-1
21,4,572,596,78,141,1,-1,-1,-1
21,3,869,587,121,150,1,-1,-1,-1
21,2,0,498,69,149,1,-1,-1,-1
21,1,313,714,106,201,1,-1,-1,-1
22,34,1791,342,58,108,1,-1,-1,-1
22,29,1709,461,63,133,1,-1,-1,-1
22,24,1715,221,52,93,1,-1,-1,-1
22,15,1664,538,97,143,1,-1,-1,-1
22,12,806,114,29,62,1,-1,-1,-1
22,11,250,210,37,86,1,-1,-1,-1
22,10,885,567,102,141,1,-1,-1,-1
22,9,1187,261,33,98,1,-1,-1,-1
22,8,1161,288,38,104,1,-1,-1,-1
22,7,1498,170,38,72,1,-1,-1,-1
22,6,1551,206,36,84,1,-1,-1,-1
22,5,269,371,57,115,1,-1,-1,-1
22,4,570,600,76,143,1,-1,-1,-1
22,3,877,587,108,157,1,-1,-1,-1
22,2,0,501,57,148,1,-1,-1,-1
22,1,314,718,91,196,1,-1,-1,-1
23,34,1769,341,60,107,1,-1,-1,-1
23,29,1689,458,63,133,1,-1,-1,-1
23,24,1699,219,53,93,1,-1,-1,-1
23,15,1652,536,97,143,1,-1,-1,-1
23,12,790,112,29,62,1,-1,-1,-1
23,11,234,209,36,87,1,-1,-1,-1
23,10,874,570,91,141,1,-1,-1,-1
23,9,1172,260,33,98,1,-1,-1,-1
23,8,1146,286,39,104,1,-1,-1,-1
23,7,1482,169,41,72,1,-1,-1,-1
23,6,1536,204,38,83,1,-1,-1,-1
23,5,256,371,55,115,1,-1,-1,-1
23,4,567,603,74,146,1,-1,-1,-1
23,3,878,592,104,154,1,-1,-1,-1
23,2,0,500,47,149,1,-1,-1,-1
23,1,316,717,89,197,1,-1,-1,-1
24,34,1748,339,62,105,1,-1,-1,-1
24,29,1669,455,63,133,1,-1,-1,-1
24,24,1682,217,54,92,1,-1,-1,-1
24,15,1641,534,97,142,1,-1,-1,-1
24,12,775,111,29,63,1,-1,-1,-1
24,11,217,209,36,88,1,-1,-1,-1
24,10,873,572,90,142,1,-1,-1,-1
24,9,1157,258,33,97,1,-1,-1,-1
24,8,1131,285,39,104,1,-1,-1,-1
24,7,1466,167,44,71,1,-1,-1,-1
24,6,1520,201,39,83,1,-1,-1,-1
24,5,242,371,54,115,1,-1,-1,-1
24,4,565,606,73,148,1,-1,-1,-1
24,3,877,592,106,157,1,-1,-1,-1
24,2,0,501,38,153,1,-1,-1,-1
24,1,328,715,76,200,1,-1,-1,-1
25,29,1649,451,63,132,1,-1,-1,-1
25,24,1649,213,57,91,1,-1,-1,-1
25,15,1630,532,97,141,1,-1,-1,-1
25,10,870,585,81,151,1,-1,-1,-1
25,5,216,370,50,116,1,-1,-1,-1
25,4,560,613,69,154,1,-1,-1,-1
25,3,871,597,115,170,1,-1,-1,-1
25,2,0,543,27,103,1,-1,-1,-1
25,1,315,714,90,202,1,-1,-1,-1
26,42,1859,307,60,103,1,-1,-1,-1
26,29,1628,448,63,132,1,-1,-1,-1
26,24,1648,213,57,91,1,-1,-1,-1
26,15,1618,530,97,140,1,-1,-1,-1
26,10,869,585,79,151,1,-1,-1,-1
26,5,216,370,50,116,1,-1,-1,-1
26,4,560,613,69,154,1,-1,-1,-1
26,3,870,597,118,167,1,-1,-1,-1
26,1,315,714,90,202,1,-1,-1,-1
32,5,107,374,67,119,1,-1,-1,-1
32,4,549,623,88,172,1,-1,-1,-1
32,3,914,614,85,176,1,-1,-1,-1
32,1,289,720,81,198,1,-1,-1,-1
33,34,1580,318,69,108,1,-1,-1,-1
33,29,1472,429,72,126,1,-1,-1,-1
33,24,1541,196,44,90,1,-1,-1,-1
33,15,1535,526,97,142,1,-1,-1,-1
33,10,825,624,133,154,1,-1,-1,-1
33,5,97,374,64,119,1,-1,-1,-1
33,4,549,623,91,174,1,-1,-1,-1
33,3,931,619,72,173,1,-1,-1,-1
33,1,295,718,71,201,1,-1,-1,-1
34,34,1564,317,67,108,1,-1,-1,-1
34,29,1454,429,73,125,1,-1,-1,-1
34,24,1526,195,45,90,1,-1,-1,-1
34,15,1527,526,95,142,1,-1,-1,-1
34,10,835,621,124,154,1,-1,-1,-1
34,5,83,375,60,120,1,-1,-1,-1
34,4,550,624,94,177,1,-1,-1,-1
34,3,922,623,106,181,1,-1,-1,-1
34,1,283,714,82,209,1,-1,-1,-1
35,62,1826,536,93,121,1,-1,-1,-1
35,61,1720,278,64,104,1,-1,-1,-1
35,58,981,246,31,100,1,-1,-1,-1
35,57,949,275,41,103,1,-1,-1,-1
35,56,1294,151,50,68,1,-1,-1,-1
35,55,1329,180,36,82,1,-1,-1,-1
35,34,1549,316,65,108,1,-1,-1,-1
35,29,1435,429,73,125,1,-1,-1,-1
35,24,1500,193,47,88,1,-1,-1,-1
35,15,1518,525,93,142,1,-1,-1,-1
35,10,816,622,145,156,1,-1,-1,-1
35,5,69,376,56,121,1,-1,-1,-1
35,4,551,625,101,183,1,-1,-1,-1
35,3,920,628,125,171,1,-1,-1,-1
35,1,269,709,91,215,1,-1,-1,-1
37,58,948,247,31,100,1,-1,-1,-1
37,57,916,276,44,102,1,-1,-1,-1
37,56,1274,150,51,68,1,-1,-1,-1
37,55,1308,178,34,81,1,-1,-1,-1
37,10,809,624,163,165,1,-1,-1,-1
37,5,24,380,50,122,1,-1,-1,-1
37,4,548,633,112,187,1,-1,-1,-1
37,3,932,635,118,167,1,-1,-1,-1
37,1,245,710,118,216,1,-1,-1,-1
38,58,924,247,32,101,1,-1,-1,-1
38,57,891,278,47,101,1,-1,-1,-1
38,56,1251,149,52,68,1,-1,-1,-1
38,55,1281,177,31,81,1,-1,-1,-1
38,10,824,634,152,169,1,-1,-1,-1
38,5,0,381,51,127,1,-1,-1,-1
38,4,545,642,126,191,1,-1,-1,-1
38,3,963,651,95,154,1,-1,-1,-1
38,1,230,713,124,213,1,-1,-1,-1
39,62,1778,532,99,145,1,-1,-1,-1
39,61,1644,276,75,100,1,-1,-1,-1
39,58,912,248,32,101,1,-1,-1,-1
39,57,881,279,46,101,1,-1,-1,-1
39,56,1242,149,51,68,1,-1,-1,-1
39,55,1270,177,32,81,1,-1,-1,-1
39,29,1360,427,77,123,1,-1,-1,-1
39,24,1435,191,50,86,1,-1,-1,-1
39,15,1481,524,85,143,1,-1,-1,-1
39,10,839,636,129,167,1,-1,-1,-1
39,5,0,384,31,125,1,-1,-1,-1
39,4,543,644,125,192,1,-1,-1,-1
39,3,962,655,103,149,1,-1,-1,-1
39,1,226,715,110,211,1,-1,-1,-1
40,74,1817,364,73,111,1,-1,-1,-1
40,73,1460,315,63,105,1,-1,-1,-1
40,62,1763,534,98,145,1,-1,-1,-1
40,61,1626,275,73,101,1,-1,-1,-1
40,58,890,250,32,100,1,-1,-1,-1
40,57,860,280,43,102,1,-1,-1,-1
40,56,1223,149,50,68,1,-1,-1,-1
40,55,1246,179,33,80,1,-1,-1,-1
40,29,1337,427,80,122,1,-1,-1,-1
40,24,1414,191,48,86,1,-1,-1,-1
40,15,1459,523,83,143,1,-1,-1,-1
40,10,838,636,128,168,1,-1,-1,-1
40,5,0,386,32,123,1,-1,-1,-1
40,4,540,646,123,194,1,-1,-1,-1
40,3,961,656,103,149,1,-1,-1,-1
40,1,226,715,107,211,1,-1,-1,-1
41,74,1800,364,69,111,1,-1,-1,-1
41,73,1435,318,67,104,1,-1,-1,-1
41,62,1748,535,97,145,1,-1,-1,-1
41,61,1608,275,71,101,1,-1,-1,-1
41,58,868,252,32,100,1,-1,-1,-1
41,57,840,282,41,102,1,-1,-1,-1
41,56,1205,149,50,67,1,-1,-1,-1
41,55,1222,180,34,79,1,-1,-1,-1
41,29,1314,427,83,122,1,-1,-1,-1
41,24,1394,190,46,85,1,-1,-1,-1
41,15,1437,523,80,144,1,-1,-1,-1
41,10,833,635,125,171,1,-1,-1,-1
41,4,537,649,121,196,1,-1,-1,-1
41,3,958,659,105,147,1,-1,-1,-1
41,1,224,718,71,211,1,-1,-1,-1
42,74,1782,363,65,111,1,-1,-1,-1
42,73,1411,320,71,103,1,-1,-1,-1
42,62,1733,536,95,146,1,-1,-1,-1
42,61,1590,274,69,101,1,-1,-1,-1
42,58,846,254,32,100,1,-1,-1,-1
42,57,819,284,39,103,1,-1,-1,-1
42,56,1186,148,49,66,1,-1,-1,-1
42,55,1198,181,35,79,1,-1,-1,-1
42,29,1290,427,87,121,1,-1,-1,-1
42,24,1374,190,45,85,1,-1,-1,-1
42,15,1415,522,78,144,1,-1,-1,-1
42,10,806,633,144,166,1,-1,-1,-1
42,4,533,651,119,198,1,-1,-1,-1
42,3,927,665,139,177,1,-1,-1,-1
42,1,220,719,71,212,1,-1,-1,-1
43,74,1764,363,62,111,1,-1,-1,-1
43,73,1386,323,74,101,1,-1,-1,-1
43,62,1719,537,94,146,1,-1,-1,-1
43,61,1572,273,67,102,1,-1,-1,-1
43,58,823,257,32,99,1,-1,-1,-1
43,57,799,285,37,103,1,-1,-1,-1
43,56,1167,148,48,66,1,-1,-1,-1
43,55,1174,182,37,78,1,-1,-1,-1
43,29,1267,427,90,121,1,-1,-1,-1
43,24,1354,190,43,84,1,-1,-1,-1
43,15,1393,521,76,145,1,-1,-1,-1
43,10,796,636,142,172,1,-1,-1,-1
43,4,530,654,117,200,1,-1,-1,-1
43,3,917,673,138,185,1,-1,-1,-1
43,1,189,723,75,216,1,-1,-1,-1
44,74,1733,363,55,110,1,-1,-1,-1
44,73,1344,327,80,99,1,-1,-1,-1
44,62,1693,539,92,147,1,-1,-1,-1
44,61,1541,272,64,102,1,-1,-1,-1
44,57,785,260,32,99,1,-1,-1,-1
44,56,1134,148,46,65,1,-1,-1,-1
44,29,1226,427,96,120,1,-1,-1,-1
44,15,1355,521,72,145,1,-1,-1,-1
44,10,795,641,136,179,1,-1,-1,-1
44,4,524,658,114,204,1,-1,-1,-1
44,3,910,685,127,193,1,-1,-1,-1
44,1,156,727,95,219,1,-1,-1,-1
46,56,1103,153,43,68,1,-1,-1,-1
46,4,515,669,98,205,1,-1,-1,-1
46,3,912,705,83,183,1,-1,-1,-1
46,1,98,737,134,228,1,-1,-1,-1
47,56,1078,156,41,70,1,-1,-1,-1
47,4,507,677,85,205,1,-1,-1,-1
47,3,910,708,81,186,1,-1,-1,-1
47,1,91,740,133,227,1,-1,-1,-1
48,74,1624,378,65,101,1,-1,-1,-1
48,73,1269,338,81,98,1,-1,-1,-1
48,62,1619,536,96,155,1,-1,-1,-1
48,61,1456,283,49,99,1,-1,-1,-1
48,56,1053,160,39,72,1,-1,-1,-1
48,29,1141,436,106,123,1,-1,-1,-1
48,15,1263,519,65,135,1,-1,-1,-1
48,10,790,652,96,187,1,-1,-1,-1
48,4,500,685,73,206,1,-1,-1,-1
48,3,902,721,72,201,1,-1,-1,-1
48,1,53,753,123,222,1,-1,-1,-1
50,73,1219,345,86,97,1,-1,-1,-1
50,62,1573,532,86,163,1,-1,-1,-1
50,29,1095,442,109,124,1,-1,-1,-1
50,10,762,659,122,175,1,-1,-1,-1
50,4,467,700,81,205,1,-1,-1,-1
50,3,886,735,89,206,1,-1,-1,-1
50,1,22,772,101,210,1,-1,-1,-1
51,73,1186,350,94,97,1,-1,-1,-1
51,62,1573,532,86,163,1,-1,-1,-1
51,55,1130,208,42,81,1,-1,-1,-1
51,29,1080,445,106,123,1,-1,-1,-1
51,10,762,659,122,175,1,-1,-1,-1
51,4,467,700,82,205,1,-1,-1,-1
51,3,878,744,100,209,1,-1,-1,-1
51,1,22,772,101,210,1,-1,-1,-1
52,73,1169,353,97,100,1,-1,-1,-1
52,62,1558,531,56,161,1,-1,-1,-1
52,55,1113,213,34,80,1,-1,-1,-1
52,29,1039,450,99,124,1,-1,-1,-1
52,10,768,665,99,174,1,-1,-1,-1
52,4,425,704,130,216,1,-1,-1,-1
52,3,851,768,108,219,1,-1,-1,-1
52,1,0,775,83,228,1,-1,-1,-1
53,73,1167,354,94,100,1,-1,-1,-1
53,62,1553,531,54,161,1,-1,-1,-1
53,55,1102,213,36,80,1,-1,-1,-1
53,29,1030,450,95,125,1,-1,-1,-1
53,10,772,665,95,177,1,-1,-1,-1
53,4,420,706,132,213,1,-1,-1,-1
53,3,847,772,113,216,1,-1,-1,-1
53,1,0,780,56,231,1,-1,-1,-1
54,73,1161,358,85,103,1,-1,-1,-1
54,62,1537,532,47,161,1,-1,-1,-1
54,55,1071,215,39,80,1,-1,-1,-1
54,29,1004,452,84,125,1,-1,-1,-1
54,10,782,664,84,183,1,-1,-1,-1
54,4,406,710,138,204,1,-1,-1,-1
54,3,837,782,127,207,1,-1,-1,-1
54,1,0,815,40,168,1,-1,-1,-1
55,126,1425,396,71,92,1,-1,-1,-1
55,125,1296,300,58,96,1,-1,-1,-1
55,124,1052,514,89,124,1,-1,-1,-1
55,121,480,340,59,103,1,-1,-1,-1
55,73,1155,363,86,102,1,-1,-1,-1
55,62,1525,535,50,162,1,-1,-1,-1
55,55,1055,217,38,80,1,-1,-1,-1
55,29,991,456,69,127,1,-1,-1,-1
55,10,774,659,82,192,1,-1,-1,-1
55,4,407,717,120,197,1,-1,-1,-1
55,3,833,786,121,210,1,-1,-1,-1
55,1,0,814,42,170,1,-1,-1,-1
57,130,811,221,52,78,1,-1,-1,-1
57,125,1277,304,45,94,1,-1,-1,-1
57,124,1017,513,100,131,1,-1,-1,-1
57,121,455,347,43,105,1,-1,-1,-1
57,73,1124,368,87,102,1,-1,-1,-1
57,62,1505,541,60,160,1,-1,-1,-1
57,55,1026,222,36,80,1,-1,-1,-1
57,29,955,465,76,129,1,-1,-1,-1
57,10,760,654,109,186,1,-1,-1,-1
57,4,413,726,80,200,1,-1,-1,-1
57,3,829,804,129,213,1,-1,-1,-1
58,136,434,319,47,99,1,-1,-1,-1
58,130,799,226,49,78,1,-1,-1,-1
58,125,1267,308,45,94,1,-1,-1,-1
58,124,1002,506,104,136,1,-1,-1,-1
58,121,445,349,37,108,1,-1,-1,-1
58,73,1114,369,108,100,1,-1,-1,-1
58,62,1490,544,71,157,1,-1,-1,-1
58,55,1012,224,34,81,1,-1,-1,-1
58,29,938,468,82,131,1,-1,-1,-1
58,10,760,657,107,169,1,-1,-1,-1
58,4,412,725,74,209,1,-1,-1,-1
58,3,830,811,120,210,1,-1,-1,-1
59,136,420,324,46,98,1,-1,-1,-1
59,130,792,227,47,79,1,-1,-1,-1
59,126,1377,395,62,98,1,-1,-1,-1
59,125,1260,310,47,94,1,-1,-1,-1
59,124,995,506,103,136,1,-1,-1,-1
59,121,429,352,33,108,1,-1,-1,-1
59,73,1114,372,104,99,1,-1,-1,-1
59,62,1486,545,69,156,1,-1,-1,-1
59,55,1005,225,34,81,1,-1,-1,-1
59,29,930,469,79,131,1,-1,-1,-1
59,10,762,656,102,172,1,-1,-1,-1
59,4,405,727,77,211,1,-1,-1,-1
59,3,827,813,120,212,1,-1,-1,-1
60,136,417,325,45,95,1,-1,-1,-1
60,130,781,230,44,79,1,-1,-1,-1
60,126,1364,396,59,100,1,-1,-1,-1
60,125,1247,312,53,93,1,-1,-1,-1
60,124,982,506,100,135,1,-1,-1,-1
60,121,425,353,35,108,1,-1,-1,-1
60,73,1113,377,99,98,1,-1,-1,-1
60,62,1479,547,65,154,1,-1,-1,-1
60,55,994,227,33,82,1,-1,-1,-1
60,29,915,471,73,132,1,-1,-1,-1
60,10,765,654,95,176,1,-1,-1,-1
60,4,404,727,78,211,1,-1,-1,-1
60,3,822,817,121,215,1,-1,-1,-1
61,142,825,194,31,76,1,-1,-1,-1
61,136,403,329,41,85,1,-1,-1,-1
61,130,769,233,40,80,1,-1,-1,-1
61,126,1350,396,56,102,1,-1,-1,-1
61,125,1234,315,58,93,1,-1,-1,-1
61,124,970,507,97,134,1,-1,-1,-1
61,121,409,358,43,108,1,-1,-1,-1
61,73,1112,383,93,97,1,-1,-1,-1
61,62,1472,549,61,152,1,-1,-1,-1
61,55,982,229,33,83,1,-1,-1,-1
61,29,901,473,67,132,1,-1,-1,-1
61,10,768,652,87,180,1,-1,-1,-1
61,4,399,728,85,211,1,-1,-1,-1
61,3,816,820,121,219,1,-1,-1,-1
62,142,813,196,33,76,1,-1,-1,-1
62,136,390,332,36,75,1,-1,-1,-1
62,130,758,235,37,80,1,-1,-1,-1
62,126,1337,397,53,104,1,-1,-1,-1
62,125,1220,318,63,93,1,-1,-1,-1
62,124,958,507,94,134,1,-1,-1,-1
62,121,392,363,51,108,1,-1,-1,-1
62,73,1111,388,87,96,1,-1,-1,-1
62,62,1465,551,57,150,1,-1,-1,-1
62,55,970,231,32,83,1,-1,-1,-1
62,29,887,475,61,133,1,-1,-1,-1
62,10,772,650,80,184,1,-1,-1,-1
62,4,394,729,92,211,1,-1,-1,-1
62,3,811,824,122,222,1,-1,-1,-1
63,142,795,200,36,76,1,-1,-1,-1
63,136,370,337,30,61,1,-1,-1,-1
63,130,740,240,32,81,1,-1,-1,-1
63,126,1316,397,48,107,1,-1,-1,-1
63,125,1200,323,71,92,1,-1,-1,-1
63,124,939,508,89,133,1,-1,-1,-1
63,121,368,370,63,109,1,-1,-1,-1
63,73,1110,396,79,94,1,-1,-1,-1
63,62,1455,554,52,147,1,-1,-1,-1
63,55,953,234,31,84,1,-1,-1,-1
63,29,866,478,52,134,1,-1,-1,-1
63,10,777,647,68,191,1,-1,-1,-1
63,4,386,730,103,211,1,-1,-1,-1
63,3,804,828,122,227,1,-1,-1,-1
64,142,792,201,35,76,1,-1,-1,-1
64,136,363,339,31,69,1,-1,-1,-1
64,130,733,241,34,81,1,-1,-1,-1
64,126,1312,398,48,107,1,-1,-1,-1
64,125,1197,323,70,92,1,-1,-1,-1
64,124,935,507,88,134,1,-1,-1,-1
64,121,361,372,63,109,1,-1,-1,-1
64,73,1113,398,73,93,1,-1,-1,-1
64,62,1453,554,50,148,1,-1,-1,-1
64,55,948,235,32,84,1,-1,-1,-1
64,29,860,480,51,131,1,-1,-1,-1
64,10,774,647,73,188,1,-1,-1,-1
64,4,386,733,97,210,1,-1,-1,-1
64,3,801,832,120,227,1,-1,-1,-1
65,142,777,208,29,73,1,-1,-1,-1
65,130,706,246,41,81,1,-1,-1,-1
65,126,1295,403,47,108,1,-1,-1,-1
65,125,1184,325,69,92,1,-1,-1,-1
65,124,916,507,85,138,1,-1,-1,-1
65,121,335,380,67,109,1,-1,-1,-1
65,73,1122,407,48,92,1,-1,-1,-1
65,62,1444,553,45,152,1,-1,-1,-1
65,55,931,237,33,85,1,-1,-1,-1
65,29,837,486,47,122,1,-1,-1,-1
65,10,763,644,93,178,1,-1,-1,-1
65,4,384,743,76,204,1,-1,-1,-1
65,3,791,843,111,227,1,-1,-1,-1
67,142,760,210,33,75,1,-1,-1,-1
67,130,689,250,43,81,1,-1,-1,-1
67,125,1181,328,60,91,1,-1,-1,-1
67,124,909,507,78,133,1,-1,-1,-1
67,121,315,384,66,111,1,-1,-1,-1
67,73,1113,412,59,95,1,-1,-1,-1
67,62,1434,553,46,152,1,-1,-1,-1
67,29,819,486,50,125,1,-1,-1,-1
67,10,768,646,88,173,1,-1,-1,-1
67,4,383,741,75,208,1,-1,-1,-1
67,3,776,845,108,230,1,-1,-1,-1
69,142,725,214,42,78,1,-1,-1,-1
69,130,661,257,41,81,1,-1,-1,-1
69,124,898,508,60,127,1,-1,-1,-1
69,121,281,392,59,113,1,-1,-1,-1
69,29,781,486,53,132,1,-1,-1,-1
69,10,774,646,83,172,1,-1,-1,-1
69,4,366,739,97,219,1,-1,-1,-1
69,3,746,850,95,228,1,-1,-1,-1
70,142,723,215,42,78,1,-1,-1,-1
70,130,659,257,40,81,1,-1,-1,-1
70,124,895,509,61,128,1,-1,-1,-1
70,121,279,393,57,113,1,-1,-1,-1
70,55,885,246,32,85,1,-1,-1,-1
70,29,779,486,53,131,1,-1,-1,-1
70,10,773,645,82,174,1,-1,-1,-1
70,4,364,740,99,218,1,-1,-1,-1
70,3,743,851,95,228,1,-1,-1,-1
71,142,704,221,39,74,1,-1,-1,-1
71,130,648,261,29,82,1,-1,-1,-1
71,126,1219,419,92,107,1,-1,-1,-1
71,125,1156,345,48,89,1,-1,-1,-1
71,124,874,511,68,130,1,-1,-1,-1
71,121,270,400,42,113,1,-1,-1,-1
71,73,1097,433,55,104,1,-1,-1,-1
71,62,1407,551,53,143,1,-1,-1,-1
71,55,870,251,31,86,1,-1,-1,-1
71,29,762,489,51,126,1,-1,-1,-1
71,10,767,641,79,182,1,-1,-1,-1
71,4,353,748,110,213,1,-1,-1,-1
71,3,727,853,97,226,1,-1,-1,-1
73,153,239,377,35,110,1,-1,-1,-1
73,142,695,226,35,74,1,-1,-1,-1
73,130,634,265,31,84,1,-1,-1,-1
73,124,864,510,73,132,1,-1,-1,-1
73,121,259,405,38,113,1,-1,-1,-1
73,10,766,638,78,183,1,-1,-1,-1
73,4,350,753,101,206,1,-1,-1,-1
73,3,721,857,94,222,1,-1,-1,-1
74,153,231,380,33,112,1,-1,-1,-1
74,142,688,230,31,73,1,-1,-1,-1
74,130,624,267,33,85,1,-1,-1,-1
74,124,856,509,77,134,1,-1,-1,-1
74,121,250,409,35,114,1,-1,-1,-1
74,15,738,493,58,124,1,-1,-1,-1
74,10,765,635,78,183,1,-1,-1,-1
74,4,348,758,94,199,1,-1,-1,-1
74,3,716,860,91,219,1,-1,-1,-1
75,155,1550,187,33,62,1,-1,-1,-1
75,142,676,233,22,77,1,-1,-1,-1
75,130,598,277,45,82,1,-1,-1,-1
75,126,1213,431,55,111,1,-1,-1,-1
75,125,1124,355,62,90,1,-1,-1,-1
75,124,855,512,73,131,1,-1,-1,-1
75,121,225,416,52,118,1,-1,-1,-1
75,73,1082,447,88,107,1,-1,-1,-1
75,62,1376,540,72,156,1,-1,-1,-1
75,55,835,261,28,89,1,-1,-1,-1
75,15,726,491,61,131,1,-1,-1,-1
75,10,760,638,87,158,1,-1,-1,-1
75,4,350,759,87,203,1,-1,-1,-1
75,3,705,880,86,199,1,-1,-1,-1
76,155,1543,188,34,63,1,-1,-1,-1
76,142,676,233,22,77,1,-1,-1,-1
76,130,598,277,45,82,1,-1,-1,-1
76,126,1211,432,49,113,1,-1,-1,-1
76,125,1124,356,62,90,1,-1,-1,-1
76,124,852,516,68,127,1,-1,-1,-1
76,121,225,416,52,118,1,-1,-1,-1
76,73,1082,447,87,107,1,-1,-1,-1
76,62,1376,540,72,156,1,-1,-1,-1
76,55,835,261,28,89,1,-1,-1,-1
76,15,712,489,65,138,1,-1,-1,-1
76,10,760,638,87,158,1,-1,-1,-1
76,4,350,759,87,203,1,-1,-1,-1
76,3,705,881,87,198,1,-1,-1,-1
77,155,1526,192,37,62,1,-1,-1,-1
77,142,657,234,27,82,1,-1,-1,-1
77,130,579,283,50,84,1,-1,-1,-1
77,126,1197,436,52,114,1,-1,-1,-1
77,125,1127,359,50,90,1,-1,-1,-1
77,124,857,517,60,128,1,-1,-1,-1
77,121,200,424,65,117,1,-1,-1,-1
77,73,1096,456,72,110,1,-1,-1,-1
77,62,1367,543,77,152,1,-1,-1,-1
77,55,820,266,28,87,1,-1,-1,-1
77,15,704,491,64,132,1,-1,-1,-1
77,10,759,641,91,164,1,-1,-1,-1
77,4,341,753,83,218,1,-1,-1,-1
77,3,689,897,93,182,1,-1,-1,-1
78,155,1523,193,36,63,1,-1,-1,-1
78,142,653,235,27,81,1,-1,-1,-1
78,130,574,285,49,83,1,-1,-1,-1
78,126,1192,438,55,113,1,-1,-1,-1
78,125,1125,359,49,91,1,-1,-1,-1
78,124,854,516,62,131,1,-1,-1,-1
78,121,192,426,67,118,1,-1,-1,-1
78,73,1106,457,62,110,1,-1,-1,-1
78,62,1365,544,79,152,1,-1,-1,-1
78,55,815,266,27,88,1,-1,-1,-1
78,15,701,491,63,131,1,-1,-1,-1
78,10,760,639,85,167,1,-1,-1,-1
78,4,339,753,85,219,1,-1,-1,-1
78,3,673,897,103,182,1,-1,-1,-1
79,155,1516,194,33,64,1,-1,-1,-1
79,142,643,238,27,80,1,-1,-1,-1
79,130,563,289,45,80,1,-1,-1,-1
79,126,1182,443,61,111,1,-1,-1,-1
79,125,1121,360,48,93,1,-1,-1,-1
79,124,846,513,65,137,1,-1,-1,-1
79,121,174,429,72,120,1,-1,-1,-1
79,73,1127,461,41,109,1,-1,-1,-1
79,62,1359,546,81,152,1,-1,-1,-1
79,55,803,268,25,88,1,-1,-1,-1
79,15,693,491,60,129,1,-1,-1,-1
79,10,762,634,72,173,1,-1,-1,-1
79,4,336,753,91,222,1,-1,-1,-1
79,3,636,898,124,181,1,-1,-1,-1
80,157,148,404,43,118,1,-1,-1,-1
80,155,1513,194,31,64,1,-1,-1,-1
80,142,636,241,27,78,1,-1,-1,-1
80,130,562,290,40,81,1,-1,-1,-1
80,126,1178,444,60,109,1,-1,-1,-1
80,125,1119,363,52,92,1,-1,-1,-1
80,124,844,512,67,137,1,-1,-1,-1
80,121,169,431,68,120,1,-1,-1,-1
80,73,1125,462,52,111,1,-1,-1,-1
80,62,1362,546,73,153,1,-1,-1,-1
80,55,797,269,27,87,1,-1,-1,-1
80,15,686,492,60,129,1,-1,-1,-1
80,10,761,633,67,178,1,-1,-1,-1
80,4,335,757,89,217,1,-1,-1,-1
80,3,630,898,124,181,1,-1,-1,-1
81,157,139,407,49,118,1,-1,-1,-1
81,155,1510,195,29,65,1,-1,-1,-1
81,142,632,243,27,78,1,-1,-1,-1
81,130,560,290,35,82,1,-1,-1,-1
81,126,1174,445,59,106,1,-1,-1,-1
81,125,1117,365,57,92,1,-1,-1,-1
81,124,842,511,69,137,1,-1,-1,-1
81,121,163,433,63,119,1,-1,-1,-1
81,73,1127,462,57,111,1,-1,-1,-1
81,62,1366,545,64,154,1,-1,-1,-1
81,55,791,270,29,87,1,-1,-1,-1
81,15,679,493,59,129,1,-1,-1,-1
81,10,761,632,72,176,1,-1,-1,-1
81,4,334,760,87,212,1,-1,-1,-1
81,3,624,899,124,180,1,-1,-1,-1
82,157,126,410,55,118,1,-1,-1,-1
82,155,1506,195,27,65,1,-1,-1,-1
82,142,625,246,27,76,1,-1,-1,-1
82,130,558,292,28,82,1,-1,-1,-1
82,126,1170,447,57,103,1,-1,-1,-1
82,125,1115,369,63,91,1,-1,-1,-1
82,124,838,510,72,137,1,-1,-1,-1
82,121,156,435,58,119,1,-1,-1,-1
82,73,1131,464,68,112,1,-1,-1,-1
82,62,1370,544,53,156,1,-1,-1,-1
82,55,784,272,32,87,1,-1,-1,-1
82,15,669,495,58,129,1,-1,-1,-1
82,10,760,631,85,171,1,-1,-1,-1
82,4,333,765,84,205,1,-1,-1,-1
82,3,616,900,123,179,1,-1,-1,-1
83,157,125,411,51,118,1,-1,-1,-1
83,155,1504,196,27,65,1,-1,-1,-1
83,142,622,246,30,77,1,-1,-1,-1
83,130,555,293,30,83,1,-1,-1,-1
83,126,1169,446,53,106,1,-1,-1,-1
83,125,1114,372,63,89,1,-1,-1,-1
83,124,839,512,73,134,1,-1,-1,-1
83,121,155,436,54,119,1,-1,-1,-1
83,73,1136,465,67,114,1,-1,-1,-1
83,62,1371,544,53,156,1,-1,-1,-1
83,55,781,273,32,87,1,-1,-1,-1
83,15,668,495,59,126,1,-1,-1,-1
83,10,764,631,83,168,1,-1,-1,-1
83,4,335,764,82,205,1,-1,-1,-1
83,3,610,898,124,181,1,-1,-1,-1
84,157,124,413,45,119,1,-1,-1,-1
84,155,1502,198,27,64,1,-1,-1,-1
84,142,616,247,34,77,1,-1,-1,-1
84,130,550,295,33,84,1,-1,-1,-1
84,126,1169,445,49,109,1,-1,-1,-1
84,125,1112,376,63,87,1,-1,-1,-1
84,124,840,514,74,131,1,-1,-1,-1
84,121,153,437,49,120,1,-1,-1,-1
84,73,1142,466,65,115,1,-1,-1,-1
84,62,1373,545,53,156,1,-1,-1,-1
84,55,777,275,33,87,1,-1,-1,-1
84,15,666,496,60,123,1,-1,-1,-1
84,10,770,631,82,163,1,-1,-1,-1
84,4,336,763,81,205,1,-1,-1,-1
84,3,602,895,125,183,1,-1,-1,-1
85,157,122,415,37,120,1,-1,-1,-1
85,155,1499,201,28,63,1,-1,-1,-1
85,142,609,248,40,78,1,-1,-1,-1
85,130,544,297,36,85,1,-1,-1,-1
85,126,1169,443,43,114,1,-1,-1,-1
85,125,1110,382,63,84,1,-1,-1,-1
85,124,841,516,76,127,1,-1,-1,-1
85,121,151,439,41,120,1,-1,-1,-1
85,73,1150,467,63,118,1,-1,-1,-1
85,62,1375,545,52,156,1,-1,-1,-1
85,55,773,279,34,87,1,-1,-1,-1
85,15,664,497,61,118,1,-1,-1,-1
85,10,777,632,79,156,1,-1,-1,-1
85,4,339,762,78,205,1,-1,-1,-1
85,3,591,892,127,187,1,-1,-1,-1
86,157,122,416,35,121,1,-1,-1,-1
86,155,1499,203,30,64,1,-1,-1,-1
86,142,607,250,40,77,1,-1,-1,-1
86,130,541,298,38,85,1,-1,-1,-1
86,126,1168,442,41,111,1,-1,-1,-1
86,125,1111,382,60,85,1,-1,-1,-1
86,124,842,518,78,125,1,-1,-1,-1
86,121,149,440,45,121,1,-1,-1,-1
86,73,1156,468,67,117,1,-1,-1,-1
86,62,1375,548,52,155,1,-1,-1,-1
86,55,772,279,34,87,1,-1,-1,-1
86,15,661,498,67,119,1,-1,-1,-1
86,10,778,629,78,161,1,-1,-1,-1
86,4,341,760,83,209,1,-1,-1,-1
86,3,586,888,125,191,1,-1,-1,-1
87,157,122,418,30,123,1,-1,-1,-1
87,155,1497,206,35,65,1,-1,-1,-1
87,142,603,255,41,75,1,-1,-1,-1
87,130,536,301,41,86,1,-1,-1,-1
87,126,1168,441,38,106,1,-1,-1,-1
87,125,1112,384,55,88,1,-1,-1,-1
87,124,844,522,82,121,1,-1,-1,-1
87,121,146,443,51,122,1,-1,-1,-1
87,73,1168,470,74,114,1,-1,-1,-1
87,62,1376,552,53,153,1,-1,-1,-1
87,55,772,280,33,89,1,-1,-1,-1
87,15,657,500,79,121,1,-1,-1,-1
87,10,779,623,75,169,1,-1,-1,-1
87,4,345,756,93,217,1,-1,-1,-1
87,3,576,879,121,200,1,-1,-1,-1
88,157,120,420,31,121,1,-1,-1,-1
88,155,1496,207,35,65,1,-1,-1,-1
88,142,605,255,36,75,1,-1,-1,-1
88,130,536,303,39,85,1,-1,-1,-1
88,126,1165,439,41,119,1,-1,-1,-1
88,125,1113,383,54,91,1,-1,-1,-1
88,124,846,523,78,124,1,-1,-1,-1
88,121,144,446,56,121,1,-1,-1,-1
88,73,1173,471,70,111,1,-1,-1,-1
88,62,1375,554,56,150,1,-1,-1,-1
88,55,772,283,31,86,1,-1,-1,-1
88,15,652,498,85,126,1,-1,-1,-1
88,10,781,623,67,171,1,-1,-1,-1
88,4,346,755,100,221,1,-1,-1,-1
88,3,566,877,116,202,1,-1,-1,-1
89,157,118,421,34,121,1,-1,-1,-1
89,155,1497,208,35,65,1,-1,-1,-1
89,142,605,255,35,76,1,-1,-1,-1
89,130,536,304,40,85,1,-1,-1,-1
89,126,1166,439,41,119,1,-1,-1,-1
89,125,1113,383,54,91,1,-1,-1,-1
89,124,846,523,78,124,1,-1,-1,-1
89,121,143,447,56,121,1,-1,-1,-1
89,73,1177,470,70,111,1,-1,-1,-1
89,62,1377,555,57,150,1,-1,-1,-1
89,55,771,283,31,86,1,-1,-1,-1
89,15,654,497,83,126,1,-1,-1,-1
89,10,782,623,68,170,1,-1,-1,-1
89,4,348,755,98,219,1,-1,-1,-1
89,3,561,876,117,203,1,-1,-1,-1
90,157,116,424,38,120,1,-1,-1,-1
90,155,1500,208,32,65,1,-1,-1,-1
90,142,605,256,35,76,1,-1,-1,-1
90,130,537,305,42,85,1,-1,-1,-1
90,126,1166,439,41,119,1,-1,-1,-1
90,125,1112,384,55,92,1,-1,-1,-1
90,124,846,522,77,124,1,-1,-1,-1
90,121,141,449,57,121,1,-1,-1,-1
90,73,1184,470,70,111,1,-1,-1,-1
90,62,1379,555,58,149,1,-1,-1,-1
90,55,771,283,31,86,1,-1,-1,-1
90,15,660,494,78,125,1,-1,-1,-1
90,10,783,622,71,166,1,-1,-1,-1
90,4,351,756,94,216,1,-1,-1,-1
90,3,551,873,119,206,1,-1,-1,-1
91,157,114,426,43,120,1,-1,-1,-1
91,155,1503,209,30,65,1,-1,-1,-1
91,142,605,256,34,77,1,-1,-1,-1
91,130,538,306,45,84,1,-1,-1,-1
91,126,1167,438,40,119,1,-1,-1,-1
91,125,1112,385,56,92,1,-1,-1,-1
91,124,847,521,76,124,1,-1,-1,-1
91,121,140,451,58,120,1,-1,-1,-1
91,73,1190,469,70,111,1,-1,-1,-1
91,62,1381,555,59,148,1,-1,-1,-1
91,55,770,283,31,86,1,-1,-1,-1
91,15,665,492,73,125,1,-1,-1,-1
91,10,785,622,74,163,1,-1,-1,-1
91,4,354,757,90,213,1,-1,-1,-1
91,3,542,870,120,208,1,-1,-1,-1
92,157,111,428,48,119,1,-1,-1,-1
92,155,1506,209,28,66,1,-1,-1,-1
92,142,604,257,33,77,1,-1,-1,-1
92,130,539,306,47,84,1,-1,-1,-1
92,126,1167,437,40,119,1,-1,-1,-1
92,125,1111,387,57,93,1,-1,-1,-1
92,124,847,520,75,125,1,-1,-1,-1
92,121,138,453,59,120,1,-1,-1,-1
92,73,1197,469,71,111,1,-1,-1,-1
92,62,1384,555,61,147,1,-1,-1,-1
92,55,769,283,31,86,1,-1,-1,-1
92,15,670,490,69,125,1,-1,-1,-1
92,10,786,622,77,159,1,-1,-1,-1
92,4,356,758,86,210,1,-1,-1,-1
92,3,532,868,122,211,1,-1,-1,-1
93,157,109,431,52,118,1,-1,-1,-1
93,155,1509,210,26,66,1,-1,-1,-1
93,142,604,257,32,77,1,-1,-1,-1
93,130,540,307,50,84,1,-1,-1,-1
93,126,1168,437,40,119,1,-1,-1,-1
93,125,1111,388,58,94,1,-1,-1,-1
93,124,847,519,74,125,1,-1,-1,-1
93,121,136,455,60,120,1,-1,-1,-1
93,73,1204,468,71,111,1,-1,-1,-1
93,62,1386,556,62,147,1,-1,-1,-1
93,55,769,284,31,87,1,-1,-1,-1
93,15,675,488,64,124,1,-1,-1,-1
93,10,788,622,80,156,1,-1,-1,-1
93,4,359,759,83,208,1,-1,-1,-1
93,3,522,865,124,214,1,-1,-1,-1
94,157,105,435,60,117,1,-1,-1,-1
94,155,1514,211,23,66,1,-1,-1,-1
94,142,604,258,31,78,1,-1,-1,-1
94,130,542,309,54,83,1,-1,-1,-1
94,126,1169,436,40,118,1,-1,-1,-1
94,125,1110,390,60,95,1,-1,-1,-1
94,124,848,518,72,126,1,-1,-1,-1
94,121,133,459,61,119,1,-1,-1,-1
94,73,1216,467,72,110,1,-1,-1,-1
94,62,1391,556,64,145,1,-1,-1,-1
94,55,768,284,31,87,1,-1,-1,-1
94,15,684,484,56,124,1,-1,-1,-1
94,10,791,621,85,150,1,-1,-1,-1
94,4,365,760,76,202,1,-1,-1,-1
94,3,505,861,127,218,1,-1,-1,-1
95,157,105,435,59,118,1,-1,-1,-1
95,155,1515,211,23,67,1,-1,-1,-1
95,142,604,258,31,78,1,-1,-1,-1
95,130,543,309,53,83,1,-1,-1,-1
95,126,1169,436,40,118,1,-1,-1,-1
95,125,1109,390,60,95,1,-1,-1,-1
95,124,848,518,72,126,1,-1,-1,-1
95,121,133,459,61,120,1,-1,-1,-1
95,73,1217,467,71,110,1,-1,-1,-1
95,62,1391,556,64,145,1,-1,-1,-1
95,55,768,284,31,87,1,-1,-1,-1
95,15,685,484,57,124,1,-1,-1,-1
95,10,791,621,84,150,1,-1,-1,-1
95,4,365,760,77,202,1,-1,-1,-1
95,3,502,860,126,218,1,-1,-1,-1
96,157,108,435,55,119,1,-1,-1,-1
96,155,1516,212,25,67,1,-1,-1,-1
96,142,603,259,31,78,1,-1,-1,-1
96,130,549,310,51,83,1,-1,-1,-1
96,126,1170,437,42,119,1,-1,-1,-1
96,125,1105,390,63,97,1,-1,-1,-1
96,124,847,517,71,126,1,-1,-1,-1
96,121,132,459,60,121,1,-1,-1,-1
96,73,1222,466,69,110,1,-1,-1,-1
96,62,1394,556,62,145,1,-1,-1,-1
96,55,769,285,32,87,1,-1,-1,-1
96,15,690,482,57,124,1,-1,-1,-1
96,10,794,619,81,152,1,-1,-1,-1
96,4,366,760,77,202,1,-1,-1,-1
96,3,491,857,123,216,1,-1,-1,-1
97,157,110,435,50,120,1,-1,-1,-1
97,155,1518,214,26,67,1,-1,-1,-1
97,142,602,259,31,78,1,-1,-1,-1
97,130,554,312,48,83,1,-1,-1,-1
97,126,1172,437,43,119,1,-1,-1,-1
97,125,1102,390,65,98,1,-1,-1,-1
97,124,846,517,71,126,1,-1,-1,-1
97,121,131,460,59,122,1,-1,-1,-1
97,73,1227,465,67,109,1,-1,-1,-1
97,62,1397,557,61,145,1,-1,-1,-1
97,55,770,285,32,87,1,-1,-1,-1
97,15,694,481,58,123,1,-1,-1,-1
97,10,796,617,78,153,1,-1,-1,-1
97,4,368,760,78,202,1,-1,-1,-1
97,3,480,855,120,214,1,-1,-1,-1
98,157,112,435,45,122,1,-1,-1,-1
98,155,1520,215,28,67,1,-1,-1,-1
98,142,602,260,32,79,1,-1,-1,-1
98,130,559,313,46,83,1,-1,-1,-1
98,126,1173,438,45,119,1,-1,-1,-1
98,125,1098,391,67,100,1,-1,-1,-1
98,124,845,517,71,126,1,-1,-1,-1
98,121,130,460,58,123,1,-1,-1,-1
98,73,1233,465,65,109,1,-1,-1,-1
98,62,1400,557,59,145,1,-1,-1,-1
98,55,770,286,32,87,1,-1,-1,-1
98,15,699,479,59,123,1,-1,-1,-1
98,10,798,615,75,155,1,-1,-1,-1
98,4,369,760,79,202,1,-1,-1,-1
98,3,470,852,117,211,1,-1,-1,-1
99,157,115,435,41,123,1,-1,-1,-1
99,155,1521,216,29,67,1,-1,-1,-1
99,142,601,260,32,79,1,-1,-1,-1
99,130,565,314,43,83,1,-1,-1,-1
99,126,1175,438,46,119,1,-1,-1,-1
99,125,1094,391,69,101,1,-1,-1,-1
99,124,844,516,71,126,1,-1,-1,-1
99,121,129,460,56,124,1,-1,-1,-1
99,73,1238,464,62,109,1,-1,-1,-1
99,62,1403,557,58,145,1,-1,-1,-1
99,55,771,286,32,88,1,-1,-1,-1
99,15,703,477,60,123,1,-1,-1,-1
99,10,800,613,72,156,1,-1,-1,-1
99,4,370,760,80,202,1,-1,-1,-1
99,3,459,849,115,209,1,-1,-1,-1
100,157,119,435,32,126,1,-1,-1,-1
100,155,1523,217,31,67,1,-1,-1,-1
100,142,599,261,32,79,1,-1,-1,-1
100,130,575,316,38,83,1,-1,-1,-1
100,126,1178,440,50,119,1,-1,-1,-1
100,125,1090,391,72,103,1,-1,-1,-1
100,124,842,516,70,126,1,-1,-1,-1
100,121,127,461,54,126,1,-1,-1,-1
100,73,1243,463,60,108,1,-1,-1,-1
100,62,1409,557,55,146,1,-1,-1,-1
100,55,773,287,33,88,1,-1,-1,-1
100,15,713,474,62,123,1,-1,-1,-1
100,10,805,609,65,159,1,-1,-1,-1
100,4,373,760,82,201,1,-1,-1,-1
100,3,438,844,109,205,1,-1,-1,-1
101,157,119,435,32,126,1,-1,-1,-1
101,155,1525,218,33,68,1,-1,-1,-1
101,142,599,261,32,79,1,-1,-1,-1
101,130,575,316,38,83,1,-1,-1,-1
101,126,1178,440,49,119,1,-1,-1,-1
101,125,1086,391,74,104,1,-1,-1,-1
101,124,842,516,70,126,1,-1,-1,-1
101,121,127,461,54,126,1,-1,-1,-1
101,73,1249,463,58,108,1,-1,-1,-1
101,62,1409,558,55,146,1,-1,-1,-1
101,55,773,287,33,88,1,-1,-1,-1
101,15,713,474,62,123,1,-1,-1,-1
101,10,805,609,65,159,1,-1,-1,-1
101,4,373,760,82,201,1,-1,-1,-1
101,3,438,844,109,205,1,-1,-1,-1
102,157,118,437,32,125,1,-1,-1,-1
102,155,1528,219,32,68,1,-1,-1,-1
102,142,597,262,32,79,1,-1,-1,-1
102,130,579,318,41,83,1,-1,-1,-1
102,126,1180,440,48,120,1,-1,-1,-1
102,125,1078,392,75,104,1,-1,-1,-1
102,124,839,516,71,127,1,-1,-1,-1
102,121,123,464,55,126,1,-1,-1,-1
102,73,1250,462,58,107,1,-1,-1,-1
102,62,1406,559,58,146,1,-1,-1,-1
102,55,774,289,33,87,1,-1,-1,-1
102,15,721,473,60,122,1,-1,-1,-1
102,10,802,608,67,158,1,-1,-1,-1
102,4,372,759,81,204,1,-1,-1,-1
102,3,422,840,107,205,1,-1,-1,-1
103,157,118,439,32,124,1,-1,-1,-1
103,155,1531,220,31,68,1,-1,-1,-1
103,142,595,263,32,79,1,-1,-1,-1
103,130,582,321,45,83,1,-1,-1,-1
103,126,1182,440,46,121,1,-1,-1,-1
103,125,1071,393,77,104,1,-1,-1,-1
103,124,836,517,71,128,1,-1,-1,-1
103,121,119,467,56,126,1,-1,-1,-1
103,73,1251,461,58,107,1,-1,-1,-1
103,62,1403,560,61,146,1,-1,-1,-1
103,55,774,291,33,86,1,-1,-1,-1
103,15,730,472,58,121,1,-1,-1,-1
103,10,799,607,69,158,1,-1,-1,-1
103,4,371,758,81,207,1,-1,-1,-1
103,3,407,836,105,206,1,-1,-1,-1
104,157,117,441,31,123,1,-1,-1,-1
104,155,1535,222,31,68,1,-1,-1,-1
104,142,593,264,32,79,1,-1,-1,-1
104,130,585,323,48,83,1,-1,-1,-1
104,126,1184,440,44,122,1,-1,-1,-1
104,125,1063,394,78,104,1,-1,-1,-1
104,124,833,518,72,130,1,-1,-1,-1
104,121,115,470,57,126,1,-1,-1,-1
104,73,1252,459,58,106,1,-1,-1,-1
104,62,1401,561,63,146,1,-1,-1,-1
104,55,775,293,33,85,1,-1,-1,-1
104,15,738,471,56,120,1,-1,-1,-1
104,10,797,606,71,158,1,-1,-1,-1
104,4,370,757,80,209,1,-1,-1,-1
104,3,392,832,102,206,1,-1,-1,-1
105,157,117,443,31,122,1,-1,-1,-1
105,155,1538,223,30,68,1,-1,-1,-1
105,142,591,265,32,79,1,-1,-1,-1
105,130,588,325,51,83,1,-1,-1,-1
105,126,1186,440,43,123,1,-1,-1,-1
105,125,1055,395,79,104,1,-1,-1,-1
105,124,829,519,73,131,1,-1,-1,-1
105,121,111,473,58,126,1,-1,-1,-1
105,73,1253,458,58,106,1,-1,-1,-1
105,62,1398,562,66,146,1,-1,-1,-1
105,55,776,295,34,84,1,-1,-1,-1
105,15,747,470,54,119,1,-1,-1,-1
105,10,794,605,72,157,1,-1,-1,-1
105,4,369,756,79,212,1,-1,-1,-1
105,3,376,827,100,207,1,-1,-1,-1
106,157,116,444,31,121,1,-1,-1,-1
106,155,1541,224,30,68,1,-1,-1,-1
106,142,589,265,32,79,1,-1,-1,-1
106,130,592,327,54,83,1,-1,-1,-1
106,126,1189,440,41,124,1,-1,-1,-1
106,125,1047,395,81,104,1,-1,-1,-1
106,124,826,520,73,133,1,-1,-1,-1
106,121,108,476,59,126,1,-1,-1,-1
106,73,1255,457,58,105,1,-1,-1,-1
106,62,1395,563,69,146,1,-1,-1,-1
106,55,776,297,34,83,1,-1,-1,-1
106,15,755,469,52,118,1,-1,-1,-1
106,10,791,604,74,157,1,-1,-1,-1
106,4,368,755,79,215,1,-1,-1,-1
106,3,361,823,98,207,1,-1,-1,-1
107,157,115,447,31,119,1,-1,-1,-1
107,155,1545,226,29,68,1,-1,-1,-1
107,142,587,266,32,79,1,-1,-1,-1
107,130,596,330,59,83,1,-1,-1,-1
107,126,1191,440,39,126,1,-1,-1,-1
107,125,1037,396,83,103,1,-1,-1,-1
107,124,822,521,74,134,1,-1,-1,-1
107,121,103,479,60,126,1,-1,-1,-1
107,73,1256,456,58,104,1,-1,-1,-1
107,62,1392,565,72,146,1,-1,-1,-1
107,55,777,299,34,81,1,-1,-1,-1
107,15,766,467,49,117,1,-1,-1,-1
107,10,788,603,76,156,1,-1,-1,-1
107,4,367,754,78,218,1,-1,-1,-1
107,3,343,818,96,208,1,-1,-1,-1
108,157,113,448,33,120,1,-1,-1,-1
108,155,1549,227,29,68,1,-1,-1,-1
108,142,585,269,31,79,1,-1,-1,-1
108,130,602,331,55,85,1,-1,-1,-1
108,126,1191,442,40,125,1,-1,-1,-1
108,125,1035,399,77,104,1,-1,-1,-1
108,124,820,522,72,134,1,-1,-1,-1
108,121,97,481,60,126,1,-1,-1,-1
108,73,1255,455,60,106,1,-1,-1,-1
108,62,1392,566,70,147,1,-1,-1,-1
108,55,776,300,35,81,1,-1,-1,-1
108,15,771,468,49,116,1,-1,-1,-1
108,10,784,604,76,155,1,-1,-1,-1
108,4,364,755,79,217,1,-1,-1,-1
108,3,313,815,119,208,1,-1,-1,-1
109,157,110,450,36,120,1,-1,-1,-1
109,155,1549,227,28,68,1,-1,-1,-1
109,142,585,269,31,79,1,-1,-1,-1
109,130,603,331,55,85,1,-1,-1,-1
109,126,1191,444,41,125,1,-1,-1,-1
109,125,1033,403,67,104,1,-1,-1,-1
109,124,817,523,69,133,1,-1,-1,-1
109,121,90,483,61,127,1,-1,-1,-1
109,73,1253,455,62,107,1,-1,-1,-1
109,62,1393,566,66,149,1,-1,-1,-1
109,55,774,302,36,82,1,-1,-1,-1
109,15,777,469,49,115,1,-1,-1,-1
109,10,779,606,75,154,1,-1,-1,-1
109,4,362,757,79,214,1,-1,-1,-1
109,3,313,815,119,208,1,-1,-1,-1
110,157,107,452,39,121,1,-1,-1,-1
110,155,1553,228,28,69,1,-1,-1,-1
110,142,582,271,33,78,1,-1,-1,-1
110,130,616,333,39,87,1,-1,-1,-1
110,126,1192,446,43,124,1,-1,-1,-1
110,125,1029,409,54,104,1,-1,-1,-1
110,124,815,525,66,133,1,-1,-1,-1
110,121,82,485,62,127,1,-1,-1,-1
110,73,1250,454,64,110,1,-1,-1,-1
110,62,1394,568,61,152,1,-1,-1,-1
110,55,772,303,37,82,1,-1,-1,-1
110,15,784,470,48,115,1,-1,-1,-1
110,10,774,607,74,153,1,-1,-1,-1
110,4,359,758,80,212,1,-1,-1,-1
110,3,296,813,120,205,1,-1,-1,-1
111,157,104,454,42,121,1,-1,-1,-1
111,155,1556,230,28,69,1,-1,-1,-1
111,142,579,273,35,78,1,-1,-1,-1
111,130,617,333,40,87,1,-1,-1,-1
111,126,1192,449,44,123,1,-1,-1,-1
111,125,1022,410,59,104,1,-1,-1,-1
111,124,812,526,63,132,1,-1,-1,-1
111,121,75,487,63,127,1,-1,-1,-1
111,73,1248,454,65,109,1,-1,-1,-1
111,62,1396,569,62,152,1,-1,-1,-1
111,55,770,305,39,82,1,-1,-1,-1
111,15,791,471,48,114,1,-1,-1,-1
111,10,769,609,73,152,1,-1,-1,-1
111,4,356,759,81,210,1,-1,-1,-1
111,3,280,811,121,201,1,-1,-1,-1
112,157,100,456,45,122,1,-1,-1,-1
112,155,1560,231,28,69,1,-1,-1,-1
112,142,575,275,36,78,1,-1,-1,-1
112,130,618,335,42,88,1,-1,-1,-1
112,126,1192,451,45,123,1,-1,-1,-1
112,125,1011,413,68,104,1,-1,-1,-1
112,124,809,528,60,131,1,-1,-1,-1
112,121,67,489,64,127,1,-1,-1,-1
112,73,1246,453,65,106,1,-1,-1,-1
112,62,1398,572,63,153,1,-1,-1,-1
112,55,768,306,40,82,1,-1,-1,-1
112,15,797,472,48,113,1,-1,-1,-1
112,10,764,610,72,151,1,-1,-1,-1
112,4,353,760,82,207,1,-1,-1,-1
112,3,263,809,122,198,1,-1,-1,-1
113,157,96,459,50,122,1,-1,-1,-1
113,155,1566,233,27,70,1,-1,-1,-1
113,142,570,277,39,77,1,-1,-1,-1
113,130,620,337,45,90,1,-1,-1,-1
113,126,1192,455,48,122,1,-1,-1,-1
113,125,993,416,80,105,1,-1,-1,-1
113,124,805,529,56,130,1,-1,-1,-1
113,121,56,492,65,127,1,-1,-1,-1
113,73,1243,453,66,103,1,-1,-1,-1
113,62,1401,576,64,154,1,-1,-1,-1
113,55,765,308,42,83,1,-1,-1,-1
113,15,806,473,47,111,1,-1,-1,-1
113,10,756,612,71,149,1,-1,-1,-1
113,4,348,762,83,204,1,-1,-1,-1
113,3,238,806,124,193,1,-1,-1,-1
114,157,94,460,50,123,1,-1,-1,-1
114,155,1567,233,27,70,1,-1,-1,-1
114,142,568,278,40,77,1,-1,-1,-1
114,130,621,337,45,90,1,-1,-1,-1
114,126,1193,455,47,122,1,-1,-1,-1
114,125,993,418,79,105,1,-1,-1,-1
114,124,802,531,58,130,1,-1,-1,-1
114,121,52,494,67,127,1,-1,-1,-1
114,73,1242,452,64,104,1,-1,-1,-1
114,62,1401,578,63,154,1,-1,-1,-1
114,55,765,309,41,83,1,-1,-1,-1
114,15,809,474,50,110,1,-1,-1,-1
114,10,754,613,71,149,1,-1,-1,-1
114,4,345,763,84,203,1,-1,-1,-1
114,3,229,805,124,194,1,-1,-1,-1
115,157,89,462,51,123,1,-1,-1,-1
115,155,1571,234,27,70,1,-1,-1,-1
115,142,564,279,42,77,1,-1,-1,-1
115,130,622,339,44,91,1,-1,-1,-1
115,126,1194,457,46,123,1,-1,-1,-1
115,125,992,422,74,106,1,-1,-1,-1
115,124,797,534,63,130,1,-1,-1,-1
115,121,43,496,72,127,1,-1,-1,-1
115,73,1239,451,62,107,1,-1,-1,-1
115,62,1401,580,61,154,1,-1,-1,-1
115,55,764,309,41,83,1,-1,-1,-1
115,15,813,476,54,109,1,-1,-1,-1
115,10,748,613,71,148,1,-1,-1,-1
115,4,340,765,86,202,1,-1,-1,-1
115,3,210,802,124,197,1,-1,-1,-1
116,157,84,464,52,123,1,-1,-1,-1
116,155,1575,235,27,71,1,-1,-1,-1
116,142,560,280,43,76,1,-1,-1,-1
116,130,622,340,43,91,1,-1,-1,-1
116,126,1196,458,45,124,1,-1,-1,-1
116,125,993,422,73,107,1,-1,-1,-1
116,124,792,537,67,130,1,-1,-1,-1
116,121,34,499,76,126,1,-1,-1,-1
116,73,1236,450,59,109,1,-1,-1,-1
116,62,1401,582,59,154,1,-1,-1,-1
116,55,763,310,40,84,1,-1,-1,-1
116,15,817,478,58,107,1,-1,-1,-1
116,10,743,614,71,147,1,-1,-1,-1
116,4,334,767,89,200,1,-1,-1,-1
116,3,192,799,124,201,1,-1,-1,-1
117,157,80,466,52,123,1,-1,-1,-1
117,155,1579,236,27,71,1,-1,-1,-1
117,142,556,281,45,76,1,-1,-1,-1
117,130,623,342,43,91,1,-1,-1,-1
117,126,1198,460,44,125,1,-1,-1,-1
117,125,994,422,65,110,1,-1,-1,-1
117,124,787,540,71,130,1,-1,-1,-1
117,121,24,501,80,126,1,-1,-1,-1
117,73,1233,449,56,111,1,-1,-1,-1
117,62,1400,584,58,154,1,-1,-1,-1
117,55,762,311,39,84,1,-1,-1,-1
117,15,821,480,62,106,1,-1,-1,-1
117,10,737,615,71,146,1,-1,-1,-1
117,4,329,769,91,199,1,-1,-1,-1
117,3,173,796,125,204,1,-1,-1,-1
118,157,75,468,53,123,1,-1,-1,-1
118,155,1583,238,27,71,1,-1,-1,-1
118,142,552,282,47,76,1,-1,-1,-1
118,130,624,344,42,91,1,-1,-1,-1
118,126,1200,461,43,125,1,-1,-1,-1
118,125,997,422,61,111,1,-1,-1,-1
118,124,781,543,76,130,1,-1,-1,-1
118,121,15,504,84,126,1,-1,-1,-1
118,73,1229,448,52,114,1,-1,-1,-1
118,62,1400,586,56,154,1,-1,-1,-1
118,55,760,311,38,84,1,-1,-1,-1
118,15,825,481,66,104,1,-1,-1,-1
118,10,731,615,71,145,1,-1,-1,-1
118,4,323,771,93,197,1,-1,-1,-1
118,3,142,791,125,209,1,-1,-1,-1
119,157,67,472,54,124,1,-1,-1,-1
119,155,1589,239,27,72,1,-1,-1,-1
119,142,545,284,50,75,1,-1,-1,-1
119,130,626,346,40,92,1,-1,-1,-1
119,126,1203,464,41,127,1,-1,-1,-1
119,125,1008,422,51,113,1,-1,-1,-1
119,124,772,548,84,130,1,-1,-1,-1
119,121,0,509,92,125,1,-1,-1,-1
119,73,1226,447,58,117,1,-1,-1,-1
119,62,1400,589,53,153,1,-1,-1,-1
119,55,759,313,37,85,1,-1,-1,-1
119,15,832,484,73,102,1,-1,-1,-1
119,10,721,617,71,143,1,-1,-1,-1
119,4,313,774,96,194,1,-1,-1,-1
119,3,128,788,118,212,1,-1,-1,-1
120,157,67,473,55,124,1,-1,-1,-1
120,155,1592,240,27,72,1,-1,-1,-1
120,142,546,284,49,75,1,-1,-1,-1
120,130,627,347,41,92,1,-1,-1,-1
120,126,1205,464,41,127,1,-1,-1,-1
120,125,1009,422,51,114,1,-1,-1,-1
120,124,772,548,84,130,1,-1,-1,-1
120,121,0,509,91,125,1,-1,-1,-1
120,73,1227,448,57,115,1,-1,-1,-1
120,62,1402,590,54,154,1,-1,-1,-1
120,55,760,314,38,85,1,-1,-1,-1
120,15,834,485,73,102,1,-1,-1,-1
120,10,722,617,72,144,1,-1,-1,-1
120,4,314,774,96,195,1,-1,-1,-1
120,3,127,789,118,211,1,-1,-1,-1
121,157,70,475,58,124,1,-1,-1,-1
121,155,1604,242,29,72,1,-1,-1,-1
121,142,550,286,47,76,1,-1,-1,-1
121,130,634,347,42,94,1,-1,-1,-1
121,126,1213,467,43,126,1,-1,-1,-1
121,125,1018,425,53,117,1,-1,-1,-1
121,124,774,552,85,128,1,-1,-1,-1
121,121,0,510,87,128,1,-1,-1,-1
121,73,1234,450,54,111,1,-1,-1,-1
121,62,1408,594,57,154,1,-1,-1,-1
121,55,767,318,42,84,1,-1,-1,-1
121,15,847,488,73,102,1,-1,-1,-1
121,10,723,619,75,146,1,-1,-1,-1
121,4,317,775,95,198,1,-1,-1,-1
121,3,120,791,118,208,1,-1,-1,-1
122,157,72,478,61,125,1,-1,-1,-1
122,142,554,289,45,76,1,-1,-1,-1
122,130,640,348,44,95,1,-1,-1,-1
122,126,1221,471,45,125,1,-1,-1,-1
122,125,1026,427,52,118,1,-1,-1,-1
122,124,776,555,86,126,1,-1,-1,-1
122,121,0,512,84,130,1,-1,-1,-1
122,73,1240,452,50,106,1,-1,-1,-1
122,62,1413,598,60,154,1,-1,-1,-1
122,55,773,322,45,83,1,-1,-1,-1
122,15,860,490,72,102,1,-1,-1,-1
122,10,725,621,79,148,1,-1,-1,-1
122,4,321,775,94,200,1,-1,-1,-1
122,3,114,793,117,205,1,-1,-1,-1
123,157,77,482,67,125,1,-1,-1,-1
123,142,562,292,41,77,1,-1,-1,-1
123,130,652,350,47,97,1,-1,-1,-1
123,126,1236,476,49,124,1,-1,-1,-1
123,125,1045,431,48,121,1,-1,-1,-1
123,124,778,561,89,123,1,-1,-1,-1
123,121,0,515,77,133,1,-1,-1,-1
123,73,1251,457,44,97,1,-1,-1,-1
123,62,1424,605,65,155,1,-1,-1,-1
123,55,784,329,52,81,1,-1,-1,-1
123,15,882,495,72,101,1,-1,-1,-1
123,10,728,625,85,152,1,-1,-1,-1
123,4,326,776,93,205,1,-1,-1,-1
123,3,102,797,116,199,1,-1,-1,-1
124,157,80,483,68,125,1,-1,-1,-1
124,142,564,293,41,77,1,-1,-1,-1
124,130,655,351,47,97,1,-1,-1,-1
124,126,1239,477,49,124,1,-1,-1,-1
124,125,1047,432,49,121,1,-1,-1,-1
124,124,780,562,88,124,1,-1,-1,-1
124,121,2,515,76,133,1,-1,-1,-1
124,73,1253,457,44,98,1,-1,-1,-1
124,62,1425,606,68,154,1,-1,-1,-1
124,55,787,330,53,81,1,-1,-1,-1
124,15,886,496,71,101,1,-1,-1,-1
124,10,729,625,85,152,1,-1,-1,-1
124,4,329,777,93,205,1,-1,-1,-1
124,3,103,797,119,198,1,-1,-1,-1
125,125,1059,438,49,120,1,-1,-1,-1
125,124,788,566,84,125,1,-1,-1,-1
125,121,23,522,65,132,1,-1,-1,-1
125,62,1435,622,97,154,1,-1,-1,-1
125,15,903,500,71,101,1,-1,-1,-1
125,10,743,632,93,144,1,-1,-1,-1
125,4,357,782,91,206,1,-1,-1,-1
125,3,104,796,132,195,1,-1,-1,-1
126,125,1072,445,50,120,1,-1,-1,-1
126,124,796,570,80,126,1,-1,-1,-1
126,121,23,522,65,132,1,-1,-1,-1
126,62,1435,622,97,154,1,-1,-1,-1
126,15,922,505,70,101,1,-1,-1,-1
126,10,744,632,93,144,1,-1,-1,-1
126,4,356,784,91,206,1,-1,-1,-1
126,3,106,796,146,192,1,-1,-1,-1
128,3,139,798,139,182,1,-1,-1,-1
129,157,116,542,84,126,1,-1,-1,-1
129,3,154,797,139,183,1,-1,-1,-1
130,3,182,795,137,185,1,-1,-1,-1
131,181,1452,530,79,125,1,-1,-1,-1
131,180,1621,666,99,159,1,-1,-1,-1
131,179,1236,478,74,123,1,-1,-1,-1
131,178,1421,493,50,111,1,-1,-1,-1
131,177,974,375,65,82,1,-1,-1,-1
131,176,1113,526,72,114,1,-1,-1,-1
131,175,945,600,85,132,1,-1,-1,-1
131,174,883,660,93,150,1,-1,-1,-1
131,173,283,532,90,98,1,-1,-1,-1
131,170,521,799,102,195,1,-1,-1,-1
131,3,210,792,136,187,1,-1,-1,-1
133,170,606,800,119,188,1,-1,-1,-1
133,3,284,778,130,186,1,-1,-1,-1
137,4,430,767,121,173,1,-1,-1,-1
140,201,176,811,137,164,1,-1,-1,-1
148,201,554,770,143,154,1,-1,-1,-1
151,201,676,752,133,152,1,-1,-1,-1
156,201,814,739,129,151,1,-1,-1,-1
160,249,1653,777,90,178,1,-1,-1,-1
160,221,1266,642,78,160,1,-1,-1,-1
160,201,865,727,87,148,1,-1,-1,-1
160,124,817,562,64,135,1,-1,-1,-1
161,249,1664,775,87,177,1,-1,-1,-1
161,221,1276,637,78,160,1,-1,-1,-1
161,201,861,722,90,151,1,-1,-1,-1
161,176,1540,520,59,111,1,-1,-1,-1
161,124,826,559,67,135,1,-1,-1,-1
162,250,1431,525,76,109,1,-1,-1,-1
162,249,1675,774,84,175,1,-1,-1,-1
162,228,473,560,55,135,1,-1,-1,-1
162,221,1285,632,77,160,1,-1,-1,-1
162,201,861,721,91,152,1,-1,-1,-1
162,176,1554,519,61,111,1,-1,-1,-1
162,124,834,557,69,135,1,-1,-1,-1
164,258,75,726,107,149,1,-1,-1,-1
164,256,571,451,61,87,1,-1,-1,-1
164,255,528,550,45,128,1,-1,-1,-1
164,250,1448,520,76,109,1,-1,-1,-1
164,249,1689,771,82,174,1,-1,-1,-1
164,221,1301,624,75,158,1,-1,-1,-1
164,201,856,707,112,158,1,-1,-1,-1
164,176,1577,516,65,111,1,-1,-1,-1
164,124,846,552,72,136,1,-1,-1,-1
165,258,78,725,106,149,1,-1,-1,-1
165,256,566,450,60,88,1,-1,-1,-1
165,255,529,551,47,128,1,-1,-1,-1
165,250,1449,518,72,111,1,-1,-1,-1
165,249,1683,768,88,175,1,-1,-1,-1
165,221,1302,620,72,156,1,-1,-1,-1
165,201,846,705,122,153,1,-1,-1,-1
165,176,1578,514,64,112,1,-1,-1,-1
165,173,503,545,54,137,1,-1,-1,-1
165,124,848,549,69,136,1,-1,-1,-1
166,258,81,723,105,148,1,-1,-1,-1
166,256,562,449,59,89,1,-1,-1,-1
166,255,531,551,49,129,1,-1,-1,-1
166,250,1450,516,68,112,1,-1,-1,-1
166,249,1678,765,93,177,1,-1,-1,-1
166,221,1304,617,70,153,1,-1,-1,-1
166,201,834,704,110,153,1,-1,-1,-1
166,176,1580,513,63,113,1,-1,-1,-1
166,173,505,543,56,138,1,-1,-1,-1
166,124,849,547,67,137,1,-1,-1,-1
167,264,1054,250,30,50,1,-1,-1,-1
167,263,1246,369,40,76,1,-1,-1,-1
167,258,84,721,104,148,1,-1,-1,-1
167,256,557,448,57,90,1,-1,-1,-1
167,255,532,551,51,129,1,-1,-1,-1
167,250,1451,514,64,113,1,-1,-1,-1
167,249,1672,762,98,179,1,-1,-1,-1
167,221,1305,614,67,151,1,-1,-1,-1
167,201,834,704,85,155,1,-1,-1,-1
167,176,1582,511,62,114,1,-1,-1,-1
167,173,507,540,58,139,1,-1,-1,-1
167,124,850,544,64,137,1,-1,-1,-1
168,264,1059,249,32,49,1,-1,-1,-1
168,263,1251,367,40,77,1,-1,-1,-1
168,258,86,720,103,147,1,-1,-1,-1
168,256,552,447,56,91,1,-1,-1,-1
168,255,534,551,53,130,1,-1,-1,-1
168,250,1451,512,61,114,1,-1,-1,-1
168,249,1666,758,103,181,1,-1,-1,-1
168,221,1306,610,64,149,1,-1,-1,-1
168,201,834,704,85,155,1,-1,-1,-1
168,176,1584,510,61,115,1,-1,-1,-1
168,173,508,538,60,140,1,-1,-1,-1
168,124,851,542,62,138,1,-1,-1,-1
169,263,1258,364,39,79,1,-1,-1,-1
169,258,91,717,102,146,1,-1,-1,-1
169,256,543,445,54,93,1,-1,-1,-1
169,255,536,551,57,131,1,-1,-1,-1
169,250,1453,509,54,116,1,-1,-1,-1
169,249,1656,753,112,184,1,-1,-1,-1
169,221,1309,604,59,145,1,-1,-1,-1
169,176,1587,507,60,117,1,-1,-1,-1
169,173,511,534,63,142,1,-1,-1,-1
169,124,853,538,57,139,1,-1,-1,-1
170,263,1259,364,40,79,1,-1,-1,-1
170,258,91,717,101,146,1,-1,-1,-1
170,256,541,445,54,92,1,-1,-1,-1
170,255,538,552,56,130,1,-1,-1,-1
170,250,1452,509,54,116,1,-1,-1,-1
170,249,1655,753,112,184,1,-1,-1,-1
170,221,1308,604,60,145,1,-1,-1,-1
170,176,1587,507,60,117,1,-1,-1,-1
170,173,511,535,63,142,1,-1,-1,-1
170,124,853,538,57,138,1,-1,-1,-1
171,263,1261,365,41,78,1,-1,-1,-1
171,258,90,717,100,145,1,-1,-1,-1
171,256,535,446,55,92,1,-1,-1,-1
171,255,542,556,56,129,1,-1,-1,-1
171,250,1448,509,53,115,1,-1,-1,-1
171,249,1650,752,111,186,1,-1,-1,-1
171,221,1305,602,62,143,1,-1,-1,-1
171,176,1586,507,60,117,1,-1,-1,-1
171,173,507,538,64,141,1,-1,-1,-1
171,124,855,539,55,137,1,-1,-1,-1
172,265,745,694,116,162,1,-1,-1,-1
172,263,1264,366,42,77,1,-1,-1,-1
172,258,89,717,99,143,1,-1,-1,-1
172,256,528,447,57,92,1,-1,-1,-1
172,255,547,560,55,127,1,-1,-1,-1
172,250,1444,509,52,114,1,-1,-1,-1
172,249,1645,752,109,187,1,-1,-1,-1
172,221,1303,599,65,142,1,-1,-1,-1
172,176,1585,507,61,117,1,-1,-1,-1
172,173,504,541,65,140,1,-1,-1,-1
172,124,856,539,53,136,1,-1,-1,-1
173,265,724,695,121,157,1,-1,-1,-1
173,263,1267,367,43,77,1,-1,-1,-1
173,258,89,716,98,142,1,-1,-1,-1
173,256,522,447,58,92,1,-1,-1,-1
173,255,551,564,54,125,1,-1,-1,-1
173,250,1440,510,51,113,1,-1,-1,-1
173,249,1639,752,108,189,1,-1,-1,-1
173,221,1300,597,67,141,1,-1,-1,-1
173,176,1585,508,61,117,1,-1,-1,-1
173,173,501,543,66,140,1,-1,-1,-1
173,124,857,540,51,134,1,-1,-1,-1
174,265,726,697,97,158,1,-1,-1,-1
174,263,1269,368,45,76,1,-1,-1,-1
174,258,88,716,96,141,1,-1,-1,-1
174,256,515,448,60,92,1,-1,-1,-1
174,255,556,568,53,124,1,-1,-1,-1
174,250,1436,510,51,112,1,-1,-1,-1
174,249,1634,751,107,191,1,-1,-1,-1
174,221,1298,595,70,139,1,-1,-1,-1
174,176,1584,508,62,117,1,-1,-1,-1
174,173,498,546,67,139,1,-1,-1,-1
174,124,858,540,49,133,1,-1,-1,-1
175,265,710,696,90,156,1,-1,-1,-1
175,263,1272,369,46,75,1,-1,-1,-1
175,258,87,716,95,140,1,-1,-1,-1
175,256,508,448,61,92,1,-1,-1,-1
175,255,564,575,51,120,1,-1,-1,-1
175,250,1428,510,49,111,1,-1,-1,-1
175,249,1624,750,104,194,1,-1,-1,-1
175,221,1295,593,72,138,1,-1,-1,-1
175,176,1582,508,62,118,1,-1,-1,-1
175,173,494,549,67,138,1,-1,-1,-1
175,124,861,541,45,131,1,-1,-1,-1
176,265,710,696,89,157,1,-1,-1,-1
176,263,1275,370,47,75,1,-1,-1,-1
176,258,86,716,94,138,1,-1,-1,-1
176,256,501,449,63,91,1,-1,-1,-1
176,255,565,575,51,120,1,-1,-1,-1
176,250,1428,510,49,111,1,-1,-1,-1
176,249,1624,750,104,194,1,-1,-1,-1
176,221,1293,591,75,136,1,-1,-1,-1
176,176,1582,508,62,118,1,-1,-1,-1
176,173,491,552,68,137,1,-1,-1,-1
176,124,861,541,45,131,1,-1,-1,-1
177,265,705,690,84,165,1,-1,-1,-1
177,263,1287,370,45,75,1,-1,-1,-1
177,258,95,711,90,140,1,-1,-1,-1
177,256,504,449,60,92,1,-1,-1,-1
177,255,582,573,52,122,1,-1,-1,-1
177,250,1437,510,48,111,1,-1,-1,-1
177,249,1629,750,103,194,1,-1,-1,-1
177,221,1297,587,73,139,1,-1,-1,-1
177,176,1594,509,61,119,1,-1,-1,-1
177,173,505,550,66,137,1,-1,-1,-1
177,124,873,540,44,130,1,-1,-1,-1
179,265,696,682,103,167,1,-1,-1,-1
179,263,1315,371,40,75,1,-1,-1,-1
179,258,114,700,82,143,1,-1,-1,-1
179,256,509,450,54,92,1,-1,-1,-1
179,255,615,569,53,125,1,-1,-1,-1
179,250,1456,509,46,111,1,-1,-1,-1
179,249,1640,750,100,193,1,-1,-1,-1
179,221,1315,581,72,138,1,-1,-1,-1
179,176,1619,509,59,122,1,-1,-1,-1
179,173,535,544,62,137,1,-1,-1,-1
179,124,898,538,43,128,1,-1,-1,-1
180,265,693,679,107,159,1,-1,-1,-1
180,263,1328,371,37,76,1,-1,-1,-1
180,258,123,694,77,144,1,-1,-1,-1
180,256,512,450,51,93,1,-1,-1,-1
180,255,632,567,54,126,1,-1,-1,-1
180,250,1465,509,45,111,1,-1,-1,-1
180,249,1645,750,99,193,1,-1,-1,-1
180,221,1324,579,72,138,1,-1,-1,-1
180,176,1631,509,58,123,1,-1,-1,-1
180,173,550,542,59,137,1,-1,-1,-1
180,124,911,537,43,128,1,-1,-1,-1
181,265,697,679,101,157,1,-1,-1,-1
181,263,1342,371,35,76,1,-1,-1,-1
181,258,133,688,73,145,1,-1,-1,-1
181,256,515,451,48,93,1,-1,-1,-1
181,255,649,565,55,127,1,-1,-1,-1
181,250,1475,508,44,112,1,-1,-1,-1
181,249,1651,750,98,192,1,-1,-1,-1
181,221,1333,576,71,137,1,-1,-1,-1
181,176,1643,509,57,124,1,-1,-1,-1
181,173,565,539,57,137,1,-1,-1,-1
181,124,923,536,42,127,1,-1,-1,-1
182,265,711,681,81,151,1,-1,-1,-1
182,263,1359,372,32,76,1,-1,-1,-1
182,258,144,682,68,147,1,-1,-1,-1
182,256,518,451,44,93,1,-1,-1,-1
182,255,670,563,56,129,1,-1,-1,-1
182,250,1486,508,43,112,1,-1,-1,-1
182,249,1657,750,96,192,1,-1,-1,-1
182,221,1344,573,71,137,1,-1,-1,-1
182,176,1658,509,56,126,1,-1,-1,-1
182,173,583,536,54,136,1,-1,-1,-1
182,124,939,535,42,126,1,-1,-1,-1
183,265,725,677,57,157,1,-1,-1,-1
183,263,1367,372,38,78,1,-1,-1,-1
183,258,152,678,68,147,1,-1,-1,-1
183,256,521,451,45,94,1,-1,-1,-1
183,255,681,562,55,129,1,-1,-1,-1
183,250,1491,506,49,114,1,-1,-1,-1
183,249,1657,747,111,191,1,-1,-1,-1
183,221,1355,571,63,140,1,-1,-1,-1
183,176,1667,510,67,125,1,-1,-1,-1
183,173,589,535,55,137,1,-1,-1,-1
183,124,946,533,44,127,1,-1,-1,-1
184,265,724,675,59,158,1,-1,-1,-1
184,263,1379,372,48,80,1,-1,-1,-1
184,258,162,672,67,148,1,-1,-1,-1
184,256,525,451,47,95,1,-1,-1,-1
184,255,695,561,54,128,1,-1,-1,-1
184,250,1499,502,56,118,1,-1,-1,-1
184,249,1657,743,131,189,1,-1,-1,-1
184,221,1369,569,53,145,1,-1,-1,-1
184,176,1681,510,82,123,1,-1,-1,-1
184,173,596,535,57,137,1,-1,-1,-1
184,124,955,531,46,128,1,-1,-1,-1
185,270,1215,240,23,53,1,-1,-1,-1
185,265,721,667,67,164,1,-1,-1,-1
185,263,1390,371,46,80,1,-1,-1,-1
185,258,172,667,66,148,1,-1,-1,-1
185,256,528,451,49,95,1,-1,-1,-1
185,255,710,560,54,128,1,-1,-1,-1
185,250,1503,502,61,117,1,-1,-1,-1
185,249,1663,745,123,188,1,-1,-1,-1
185,221,1375,567,57,145,1,-1,-1,-1
185,176,1692,510,77,123,1,-1,-1,-1
185,173,604,534,58,137,1,-1,-1,-1
185,124,965,529,49,129,1,-1,-1,-1
186,270,1228,239,22,53,1,-1,-1,-1
186,265,717,666,75,163,1,-1,-1,-1
186,263,1403,370,44,80,1,-1,-1,-1
186,258,182,662,65,149,1,-1,-1,-1
186,256,532,452,50,96,1,-1,-1,-1
186,255,724,559,53,127,1,-1,-1,-1
186,250,1508,502,67,116,1,-1,-1,-1
186,249,1669,747,115,187,1,-1,-1,-1
186,221,1381,564,63,144,1,-1,-1,-1
186,176,1704,510,73,122,1,-1,-1,-1
186,173,612,534,59,138,1,-1,-1,-1
186,124,975,526,52,130,1,-1,-1,-1
187,270,1242,238,20,54,1,-1,-1,-1
187,265,709,664,91,160,1,-1,-1,-1
187,263,1415,369,41,79,1,-1,-1,-1
187,258,192,657,65,149,1,-1,-1,-1
187,256,536,452,52,97,1,-1,-1,-1
187,255,739,557,52,127,1,-1,-1,-1
187,250,1512,502,73,115,1,-1,-1,-1
187,249,1676,749,106,186,1,-1,-1,-1
187,221,1387,561,68,143,1,-1,-1,-1
187,176,1716,511,68,121,1,-1,-1,-1
187,173,619,533,60,138,1,-1,-1,-1
187,124,984,524,55,132,1,-1,-1,-1
188,270,1261,236,17,55,1,-1,-1,-1
188,265,698,660,113,156,1,-1,-1,-1
188,263,1433,368,38,79,1,-1,-1,-1
188,258,208,649,64,150,1,-1,-1,-1
188,256,541,452,55,98,1,-1,-1,-1
188,255,760,556,51,126,1,-1,-1,-1
188,250,1519,502,81,113,1,-1,-1,-1
188,249,1686,752,93,184,1,-1,-1,-1
188,221,1397,558,76,142,1,-1,-1,-1
188,176,1734,511,61,119,1,-1,-1,-1
188,173,631,533,62,139,1,-1,-1,-1
188,124,998,521,59,133,1,-1,-1,-1
189,270,1267,235,18,55,1,-1,-1,-1
189,265,702,661,111,155,1,-1,-1,-1
189,263,1438,367,40,79,1,-1,-1,-1
189,258,212,646,63,149,1,-1,-1,-1
189,256,541,452,55,98,1,-1,-1,-1
189,255,766,555,52,125,1,-1,-1,-1
189,250,1523,502,80,113,1,-1,-1,-1
189,249,1687,751,95,184,1,-1,-1,-1
189,221,1399,556,75,142,1,-1,-1,-1
189,176,1739,510,62,120,1,-1,-1,-1
189,173,634,532,62,138,1,-1,-1,-1
189,124,1003,520,58,133,1,-1,-1,-1
190,270,1276,234,19,55,1,-1,-1,-1
190,265,708,661,107,153,1,-1,-1,-1
190,263,1447,365,43,79,1,-1,-1,-1
190,258,220,641,62,148,1,-1,-1,-1
190,256,540,452,57,98,1,-1,-1,-1
190,255,777,554,52,123,1,-1,-1,-1
190,250,1531,500,77,114,1,-1,-1,-1
190,249,1690,750,98,184,1,-1,-1,-1
190,221,1403,554,74,144,1,-1,-1,-1
190,176,1748,509,64,120,1,-1,-1,-1
190,173,640,532,62,137,1,-1,-1,-1
190,124,1013,519,56,133,1,-1,-1,-1
191,270,1286,233,20,55,1,-1,-1,-1
191,265,708,660,100,154,1,-1,-1,-1
191,263,1456,364,45,80,1,-1,-1,-1
191,258,229,636,61,147,1,-1,-1,-1
191,256,540,452,58,98,1,-1,-1,-1
191,255,789,553,53,122,1,-1,-1,-1
191,250,1539,499,74,115,1,-1,-1,-1
191,249,1692,748,102,183,1,-1,-1,-1
191,221,1407,552,73,145,1,-1,-1,-1
191,176,1757,507,66,121,1,-1,-1,-1
191,173,646,531,62,136,1,-1,-1,-1
191,124,1022,519,54,132,1,-1,-1,-1
192,270,1296,231,21,54,1,-1,-1,-1
192,265,709,659,87,157,1,-1,-1,-1
192,263,1465,363,48,80,1,-1,-1,-1
192,258,237,631,60,146,1,-1,-1,-1
192,256,540,453,59,99,1,-1,-1,-1
192,255,800,552,53,120,1,-1,-1,-1
192,250,1546,498,71,116,1,-1,-1,-1
192,249,1695,747,106,183,1,-1,-1,-1
192,221,1411,549,72,146,1,-1,-1,-1
192,176,1766,506,68,122,1,-1,-1,-1
192,173,653,530,62,135,1,-1,-1,-1
192,124,1031,518,53,132,1,-1,-1,-1
193,270,1306,230,22,54,1,-1,-1,-1
193,265,709,658,84,158,1,-1,-1,-1
193,263,1474,361,51,80,1,-1,-1,-1
193,258,246,626,59,145,1,-1,-1,-1
193,256,539,453,60,99,1,-1,-1,-1
193,255,811,550,54,118,1,-1,-1,-1
193,250,1554,497,68,117,1,-1,-1,-1
193,249,1698,745,109,183,1,-1,-1,-1
193,221,1415,547,71,148,1,-1,-1,-1
193,176,1775,505,70,122,1,-1,-1,-1
193,173,659,530,62,133,1,-1,-1,-1
193,124,1040,517,51,132,1,-1,-1,-1
194,270,1323,227,24,54,1,-1,-1,-1
194,265,711,653,70,163,1,-1,-1,-1
194,263,1489,359,56,81,1,-1,-1,-1
194,258,261,617,57,143,1,-1,-1,-1
194,256,539,453,61,99,1,-1,-1,-1
194,255,831,548,55,115,1,-1,-1,-1
194,250,1567,495,63,119,1,-1,-1,-1
194,249,1702,742,116,183,1,-1,-1,-1
194,221,1422,543,70,150,1,-1,-1,-1
194,176,1791,502,73,123,1,-1,-1,-1
194,173,670,529,62,131,1,-1,-1,-1
194,124,1056,516,48,131,1,-1,-1,-1
195,270,1326,227,23,54,1,-1,-1,-1
195,265,710,653,71,163,1,-1,-1,-1
195,263,1492,359,55,81,1,-1,-1,-1
195,258,262,617,57,142,1,-1,-1,-1
195,256,539,454,62,100,1,-1,-1,-1
195,255,833,548,55,115,1,-1,-1,-1
195,250,1568,495,62,119,1,-1,-1,-1
195,249,1702,742,116,183,1,-1,-1,-1
195,221,1424,542,69,150,1,-1,-1,-1
195,176,1793,502,72,124,1,-1,-1,-1
195,173,671,528,63,132,1,-1,-1,-1
195,124,1058,516,48,131,1,-1,-1,-1
196,270,1336,227,23,54,1,-1,-1,-1
196,265,711,649,77,164,1,-1,-1,-1
196,263,1501,358,53,82,1,-1,-1,-1
196,258,269,614,58,140,1,-1,-1,-1
196,256,539,455,62,100,1,-1,-1,-1
196,255,839,546,57,117,1,-1,-1,-1
196,250,1573,495,58,119,1,-1,-1,-1
196,249,1703,741,115,185,1,-1,-1,-1
196,221,1430,542,66,148,1,-1,-1,-1
196,176,1803,502,70,125,1,-1,-1,-1
196,173,675,526,63,132,1,-1,-1,-1
196,124,1065,516,48,130,1,-1,-1,-1
197,270,1346,226,23,54,1,-1,-1,-1
197,265,711,649,77,164,1,-1,-1,-1
197,263,1510,357,51,83,1,-1,-1,-1
197,258,275,611,59,139,1,-1,-1,-1
197,256,539,456,63,100,1,-1,-1,-1
197,255,846,543,59,119,1,-1,-1,-1
197,250,1578,495,55,119,1,-1,-1,-1
197,249,1703,740,114,187,1,-1,-1,-1
197,221,1437,541,63,147,1,-1,-1,-1
197,176,1812,502,69,127,1,-1,-1,-1
197,173,678,525,64,133,1,-1,-1,-1
197,124,1071,516,48,129,1,-1,-1,-1
198,270,1356,226,22,53,1,-1,-1,-1
198,265,696,650,89,153,1,-1,-1,-1
198,263,1519,357,50,84,1,-1,-1,-1
198,258,281,608,60,137,1,-1,-1,-1
198,256,540,456,63,100,1,-1,-1,-1
198,255,852,541,60,121,1,-1,-1,-1
198,250,1582,494,51,119,1,-1,-1,-1
198,249,1704,739,114,189,1,-1,-1,-1
198,221,1443,540,59,146,1,-1,-1,-1
198,176,1822,502,67,128,1,-1,-1,-1
198,173,682,523,64,133,1,-1,-1,-1
198,124,1078,516,47,128,1,-1,-1,-1
199,270,1366,226,22,53,1,-1,-1,-1
199,265,696,653,87,148,1,-1,-1,-1
199,263,1527,356,48,85,1,-1,-1,-1
199,258,287,606,61,135,1,-1,-1,-1
199,256,540,457,64,101,1,-1,-1,-1
199,255,859,539,62,123,1,-1,-1,-1
199,250,1587,494,47,120,1,-1,-1,-1
199,249,1704,738,113,190,1,-1,-1,-1
199,221,1449,539,56,145,1,-1,-1,-1
199,176,1831,502,65,130,1,-1,-1,-1
199,173,686,521,65,134,1,-1,-1,-1
199,124,1085,516,47,128,1,-1,-1,-1
200,270,1385,225,21,53,1,-1,-1,-1
200,265,702,655,74,144,1,-1,-1,-1
200,263,1544,355,44,88,1,-1,-1,-1
200,258,293,603,63,134,1,-1,-1,-1
200,256,540,459,65,101,1,-1,-1,-1
200,255,872,534,65,127,1,-1,-1,-1
200,250,1597,494,40,120,1,-1,-1,-1
200,249,1705,736,112,194,1,-1,-1,-1
200,221,1456,538,53,143,1,-1,-1,-1
200,176,1850,501,61,133,1,-1,-1,-1
200,173,690,519,65,134,1,-1,-1,-1
200,124,1092,516,47,127,1,-1,-1,-1
201,270,1385,225,21,53,1,-1,-1,-1
201,265,701,655,73,144,1,-1,-1,-1
201,263,1545,355,44,88,1,-1,-1,-1
201,258,300,600,64,132,1,-1,-1,-1
201,256,541,459,65,101,1,-1,-1,-1
201,255,872,534,65,127,1,-1,-1,-1
201,250,1597,494,40,120,1,-1,-1,-1
201,249,1705,736,112,194,1,-1,-1,-1
201,221,1462,537,50,142,1,-1,-1,-1
201,176,1850,501,61,133,1,-1,-1,-1
201,173,694,518,66,135,1,-1,-1,-1
201,124,1099,516,47,126,1,-1,-1,-1
202,270,1391,225,22,53,1,-1,-1,-1
202,265,695,654,57,148,1,-1,-1,-1
202,263,1551,355,43,88,1,-1,-1,-1
202,258,308,597,62,132,1,-1,-1,-1
202,256,547,460,62,102,1,-1,-1,-1
202,255,877,533,63,128,1,-1,-1,-1
202,250,1596,494,46,119,1,-1,-1,-1
202,249,1701,736,109,195,1,-1,-1,-1
202,221,1462,535,54,141,1,-1,-1,-1
202,176,1858,502,55,132,1,-1,-1,-1
202,173,695,517,65,136,1,-1,-1,-1
202,124,1101,515,51,126,1,-1,-1,-1
203,271,0,323,25,81,1,-1,-1,-1
203,270,1397,225,22,53,1,-1,-1,-1
203,265,693,654,59,148,1,-1,-1,-1
203,263,1557,354,42,88,1,-1,-1,-1
203,258,316,595,61,131,1,-1,-1,-1
203,256,553,462,60,102,1,-1,-1,-1
203,255,883,532,62,129,1,-1,-1,-1
203,250,1595,493,51,118,1,-1,-1,-1
203,249,1697,735,106,196,1,-1,-1,-1
203,221,1462,533,58,140,1,-1,-1,-1
203,176,1865,503,49,132,1,-1,-1,-1
203,173,696,516,63,136,1,-1,-1,-1
203,124,1104,515,54,126,1,-1,-1,-1
204,271,0,319,25,86,1,-1,-1,-1
204,270,1403,225,23,53,1,-1,-1,-1
204,265,674,648,76,154,1,-1,-1,-1
204,263,1564,353,42,88,1,-1,-1,-1
204,258,324,592,59,131,1,-1,-1,-1
204,256,559,463,58,103,1,-1,-1,-1
204,255,889,531,60,130,1,-1,-1,-1
204,250,1594,493,56,117,1,-1,-1,-1
204,249,1693,734,102,198,1,-1,-1,-1
204,221,1461,531,62,139,1,-1,-1,-1
204,176,1872,503,43,131,1,-1,-1,-1
204,173,697,515,62,137,1,-1,-1,-1
204,124,1106,514,57,126,1,-1,-1,-1
205,271,0,320,25,86,1,-1,-1,-1
205,270,1409,225,23,54,1,-1,-1,-1
205,265,661,648,87,151,1,-1,-1,-1
205,263,1570,353,41,87,1,-1,-1,-1
205,258,332,589,58,131,1,-1,-1,-1
205,256,566,464,55,103,1,-1,-1,-1
205,255,894,530,58,130,1,-1,-1,-1
205,250,1593,493,62,116,1,-1,-1,-1
205,249,1689,734,99,199,1,-1,-1,-1
205,221,1461,530,66,138,1,-1,-1,-1
205,176,1879,504,37,130,1,-1,-1,-1
205,173,699,514,61,138,1,-1,-1,-1
205,124,1108,514,61,126,1,-1,-1,-1
206,271,0,320,30,87,1,-1,-1,-1
206,270,1415,225,24,54,1,-1,-1,-1
206,265,660,649,86,150,1,-1,-1,-1
206,263,1576,352,40,87,1,-1,-1,-1
206,258,341,586,57,130,1,-1,-1,-1
206,256,572,465,53,104,1,-1,-1,-1
206,255,900,529,57,131,1,-1,-1,-1
206,250,1592,493,67,116,1,-1,-1,-1
206,249,1685,733,96,200,1,-1,-1,-1
206,221,1461,528,70,137,1,-1,-1,-1
206,176,1886,505,31,130,1,-1,-1,-1
206,173,700,513,59,139,1,-1,-1,-1
206,124,1111,513,64,126,1,-1,-1,-1
207,271,0,320,31,87,1,-1,-1,-1
207,270,1422,225,25,54,1,-1,-1,-1
207,265,655,653,84,147,1,-1,-1,-1
207,263,1585,351,39,87,1,-1,-1,-1
207,258,351,583,55,130,1,-1,-1,-1
207,256,580,466,50,104,1,-1,-1,-1
207,255,907,528,55,132,1,-1,-1,-1
207,250,1590,492,74,115,1,-1,-1,-1
207,249,1680,733,92,201,1,-1,-1,-1
207,221,1460,525,75,136,1,-1,-1,-1
207,176,1895,506,24,129,1,-1,-1,-1
207,173,701,511,58,139,1,-1,-1,-1
207,124,1114,512,68,126,1,-1,-1,-1
208,271,0,319,34,88,1,-1,-1,-1
208,270,1422,225,26,54,1,-1,-1,-1
208,265,657,652,76,150,1,-1,-1,-1
208,263,1586,351,39,87,1,-1,-1,-1
208,258,354,582,54,129,1,-1,-1,-1
208,256,581,466,49,105,1,-1,-1,-1
208,255,910,529,53,132,1,-1,-1,-1
208,250,1589,492,72,116,1,-1,-1,-1
208,249,1675,733,89,200,1,-1,-1,-1
208,221,1459,524,73,137,1,-1,-1,-1
208,176,1893,507,26,127,1,-1,-1,-1
208,173,699,512,57,139,1,-1,-1,-1
208,124,1115,512,64,126,1,-1,-1,-1
209,271,0,319,35,88,1,-1,-1,-1
209,270,1423,225,27,55,1,-1,-1,-1
209,265,657,651,75,150,1,-1,-1,-1
209,263,1589,352,39,86,1,-1,-1,-1
209,258,359,580,52,129,1,-1,-1,-1
209,256,581,465,48,107,1,-1,-1,-1
209,255,915,530,52,132,1,-1,-1,-1
209,250,1588,490,69,117,1,-1,-1,-1
209,249,1668,733,87,198,1,-1,-1,-1
209,221,1458,522,71,137,1,-1,-1,-1
209,176,1891,510,28,124,1,-1,-1,-1
209,173,697,512,56,138,1,-1,-1,-1
209,124,1117,512,59,128,1,-1,-1,-1
210,271,3,320,33,89,1,-1,-1,-1
210,270,1424,224,28,55,1,-1,-1,-1
210,265,657,651,70,152,1,-1,-1,-1
210,263,1591,352,38,86,1,-1,-1,-1
210,258,363,579,51,128,1,-1,-1,-1
210,256,582,464,48,109,1,-1,-1,-1
210,255,919,532,51,132,1,-1,-1,-1
210,250,1587,489,67,118,1,-1,-1,-1
210,249,1661,733,84,196,1,-1,-1,-1
210,221,1457,520,69,138,1,-1,-1,-1
210,176,1888,512,31,121,1,-1,-1,-1
210,173,695,512,55,137,1,-1,-1,-1
210,124,1119,511,54,129,1,-1,-1,-1
211,271,2,320,34,89,1,-1,-1,-1
211,270,1425,223,29,56,1,-1,-1,-1
211,265,655,651,72,152,1,-1,-1,-1
211,263,1593,352,38,85,1,-1,-1,-1
211,258,368,577,50,127,1,-1,-1,-1
211,256,583,463,47,110,1,-1,-1,-1
211,255,924,533,49,132,1,-1,-1,-1
211,250,1586,488,64,119,1,-1,-1,-1
211,249,1654,733,82,194,1,-1,-1,-1
211,221,1455,518,68,139,1,-1,-1,-1
211,176,1885,515,34,118,1,-1,-1,-1
211,173,692,513,54,137,1,-1,-1,-1
211,124,1121,511,49,130,1,-1,-1,-1
212,271,6,321,33,89,1,-1,-1,-1
212,270,1426,223,30,57,1,-1,-1,-1
212,265,655,651,72,152,1,-1,-1,-1
212,263,1596,353,38,84,1,-1,-1,-1
212,258,372,575,48,127,1,-1,-1,-1
212,256,583,463,47,112,1,-1,-1,-1
212,255,928,534,48,132,1,-1,-1,-1
212,250,1584,487,62,121,1,-1,-1,-1
212,249,1647,733,79,193,1,-1,-1,-1
212,221,1454,517,66,140,1,-1,-1,-1
212,176,1883,517,36,116,1,-1,-1,-1
212,173,690,513,54,136,1,-1,-1,-1
212,124,1123,510,44,131,1,-1,-1,-1
213,271,5,322,33,89,1,-1,-1,-1
213,270,1428,222,31,57,1,-1,-1,-1
213,265,642,653,81,153,1,-1,-1,-1
213,263,1599,353,37,83,1,-1,-1,-1
213,258,379,573,46,126,1,-1,-1,-1
213,256,584,461,46,114,1,-1,-1,-1
213,255,935,536,46,132,1,-1,-1,-1
213,250,1582,486,58,122,1,-1,-1,-1
213,249,1637,733,75,190,1,-1,-1,-1
213,221,1452,514,63,141,1,-1,-1,-1
213,176,1879,520,40,112,1,-1,-1,-1
213,173,687,514,52,135,1,-1,-1,-1
213,124,1126,510,36,133,1,-1,-1,-1
214,271,4,323,34,90,1,-1,-1,-1
214,270,1426,222,32,57,1,-1,-1,-1
214,265,635,655,84,154,1,-1,-1,-1
214,263,1597,353,37,83,1,-1,-1,-1
214,258,377,573,47,125,1,-1,-1,-1
214,256,580,463,50,114,1,-1,-1,-1
214,255,934,536,45,133,1,-1,-1,-1
214,250,1580,486,57,122,1,-1,-1,-1
214,249,1628,732,76,190,1,-1,-1,-1
214,221,1448,513,64,141,1,-1,-1,-1
214,176,1879,519,40,113,1,-1,-1,-1
214,173,683,513,52,135,1,-1,-1,-1
214,124,1123,511,37,132,1,-1,-1,-1
215,271,1,323,37,92,1,-1,-1,-1
215,270,1423,223,32,56,1,-1,-1,-1
215,265,635,655,84,154,1,-1,-1,-1
215,263,1593,353,36,83,1,-1,-1,-1
215,258,372,574,50,123,1,-1,-1,-1
215,256,573,466,58,113,1,-1,-1,-1
215,255,932,536,43,133,1,-1,-1,-1
215,250,1575,486,55,121,1,-1,-1,-1
215,249,1613,731,79,190,1,-1,-1,-1
215,221,1439,512,65,141,1,-1,-1,-1
215,176,1879,515,40,117,1,-1,-1,-1
215,173,676,513,51,135,1,-1,-1,-1
215,124,1117,515,39,129,1,-1,-1,-1
216,271,0,323,31,92,1,-1,-1,-1
216,270,1420,223,33,56,1,-1,-1,-1
216,265,598,656,100,155,1,-1,-1,-1
216,263,1589,352,35,83,1,-1,-1,-1
216,258,368,574,52,121,1,-1,-1,-1
216,256,565,468,66,112,1,-1,-1,-1
216,255,930,536,42,133,1,-1,-1,-1
216,250,1570,486,53,120,1,-1,-1,-1
216,249,1597,730,81,190,1,-1,-1,-1
216,221,1430,511,67,141,1,-1,-1,-1
216,176,1880,512,39,121,1,-1,-1,-1
216,173,669,512,49,135,1,-1,-1,-1
216,124,1111,519,40,127,1,-1,-1,-1
217,271,0,322,25,93,1,-1,-1,-1
217,270,1417,223,34,55,1,-1,-1,-1
217,265,597,656,99,155,1,-1,-1,-1
217,263,1584,352,34,83,1,-1,-1,-1
217,258,363,575,54,120,1,-1,-1,-1
217,256,558,471,73,111,1,-1,-1,-1
217,255,928,536,40,134,1,-1,-1,-1
217,250,1565,486,51,120,1,-1,-1,-1
217,249,1582,729,83,189,1,-1,-1,-1
217,221,1421,510,69,140,1,-1,-1,-1
217,176,1880,509,39,125,1,-1,-1,-1
217,173,662,511,48,135,1,-1,-1,-1
217,124,1105,522,42,124,1,-1,-1,-1
218,271,0,335,17,79,1,-1,-1,-1
218,270,1414,224,35,54,1,-1,-1,-1
218,265,584,657,92,156,1,-1,-1,-1
218,263,1580,352,33,82,1,-1,-1,-1
218,258,359,575,56,118,1,-1,-1,-1
218,256,550,473,81,110,1,-1,-1,-1
218,255,926,536,39,134,1,-1,-1,-1
218,250,1560,485,49,119,1,-1,-1,-1
218,249,1566,728,86,189,1,-1,-1,-1
218,221,1412,510,70,140,1,-1,-1,-1
218,176,1880,505,39,129,1,-1,-1,-1
218,173,655,510,47,135,1,-1,-1,-1
218,124,1099,526,44,122,1,-1,-1,-1
219,271,0,334,18,80,1,-1,-1,-1
219,270,1408,224,36,53,1,-1,-1,-1
219,265,576,658,89,157,1,-1,-1,-1
219,263,1573,351,32,82,1,-1,-1,-1
219,258,351,576,60,115,1,-1,-1,-1
219,256,536,478,95,108,1,-1,-1,-1
219,255,923,537,36,135,1,-1,-1,-1
219,250,1551,485,46,117,1,-1,-1,-1
219,249,1539,726,90,189,1,-1,-1,-1
219,221,1397,508,73,140,1,-1,-1,-1
219,176,1881,499,38,135,1,-1,-1,-1
219,173,643,509,45,135,1,-1,-1,-1
219,124,1089,532,46,118,1,-1,-1,-1
220,270,1408,224,36,53,1,-1,-1,-1
220,265,574,658,87,157,1,-1,-1,-1
220,263,1572,351,32,82,1,-1,-1,-1
220,258,351,576,60,116,1,-1,-1,-1
220,256,536,479,94,108,1,-1,-1,-1
220,255,921,537,37,135,1,-1,-1,-1
220,250,1549,485,46,117,1,-1,-1,-1
220,249,1536,725,90,189,1,-1,-1,-1
220,221,1394,507,72,140,1,-1,-1,-1
220,176,1878,500,40,135,1,-1,-1,-1
220,173,641,509,46,135,1,-1,-1,-1
220,124,1088,532,47,118,1,-1,-1,-1
221,270,1406,224,35,54,1,-1,-1,-1
221,265,567,658,79,160,1,-1,-1,-1
221,263,1566,351,34,82,1,-1,-1,-1
221,258,350,575,58,117,1,-1,-1,-1
221,256,531,483,90,109,1,-1,-1,-1
221,255,916,538,39,135,1,-1,-1,-1
221,250,1543,485,47,117,1,-1,-1,-1
221,249,1523,723,88,189,1,-1,-1,-1
221,221,1383,506,70,140,1,-1,-1,-1
221,176,1868,501,48,135,1,-1,-1,-1
221,173,630,510,51,135,1,-1,-1,-1
221,124,1086,533,48,118,1,-1,-1,-1
222,270,1404,224,35,54,1,-1,-1,-1
222,265,563,657,77,166,1,-1,-1,-1
222,263,1560,351,36,82,1,-1,-1,-1
222,258,350,574,56,119,1,-1,-1,-1
222,256,526,488,85,109,1,-1,-1,-1
222,255,910,540,42,135,1,-1,-1,-1
222,250,1536,485,49,117,1,-1,-1,-1
222,249,1511,721,87,189,1,-1,-1,-1
222,221,1373,504,68,140,1,-1,-1,-1
222,176,1858,502,55,135,1,-1,-1,-1
222,173,620,511,56,135,1,-1,-1,-1
222,124,1084,535,49,118,1,-1,-1,-1
223,270,1402,224,35,54,1,-1,-1,-1
223,265,562,657,78,167,1,-1,-1,-1
223,263,1553,351,38,82,1,-1,-1,-1
223,258,350,574,55,120,1,-1,-1,-1
223,256,522,492,80,110,1,-1,-1,-1
223,255,905,541,44,136,1,-1,-1,-1
223,250,1530,485,50,116,1,-1,-1,-1
223,249,1498,719,85,189,1,-1,-1,-1
223,221,1362,503,66,140,1,-1,-1,-1
223,176,1848,503,62,135,1,-1,-1,-1
223,173,610,511,62,136,1,-1,-1,-1
223,124,1082,536,51,119,1,-1,-1,-1
224,270,1401,223,35,55,1,-1,-1,-1
224,265,559,657,84,169,1,-1,-1,-1
224,263,1547,351,40,82,1,-1,-1,-1
224,258,349,573,53,121,1,-1,-1,-1
224,256,517,496,75,110,1,-1,-1,-1
224,255,899,542,47,136,1,-1,-1,-1
224,250,1523,485,51,116,1,-1,-1,-1
224,249,1486,717,84,189,1,-1,-1,-1
224,221,1352,501,63,140,1,-1,-1,-1
224,176,1839,504,69,135,1,-1,-1,-1
224,173,600,512,67,136,1,-1,-1,-1
224,124,1080,537,52,119,1,-1,-1,-1
225,270,1397,223,34,56,1,-1,-1,-1
225,265,555,657,90,171,1,-1,-1,-1
225,263,1541,351,42,82,1,-1,-1,-1
225,258,349,573,51,123,1,-1,-1,-1
225,256,508,505,66,111,1,-1,-1,-1
225,255,888,545,52,136,1,-1,-1,-1
225,250,1510,484,54,115,1,-1,-1,-1
225,249,1461,713,81,189,1,-1,-1,-1
225,221,1341,500,61,140,1,-1,-1,-1
225,176,1819,506,84,135,1,-1,-1,-1
225,173,590,513,72,136,1,-1,-1,-1
225,124,1078,538,53,120,1,-1,-1,-1
226,270,1397,223,34,56,1,-1,-1,-1
226,265,551,657,96,173,1,-1,-1,-1
226,263,1535,351,44,82,1,-1,-1,-1
226,258,349,572,49,125,1,-1,-1,-1
226,256,508,505,66,111,1,-1,-1,-1
226,255,888,545,52,136,1,-1,-1,-1
226,250,1510,484,54,115,1,-1,-1,-1
226,249,1461,713,81,189,1,-1,-1,-1
226,221,1330,498,59,140,1,-1,-1,-1
226,176,1819,506,83,135,1,-1,-1,-1
226,173,579,513,77,136,1,-1,-1,-1
226,124,1076,539,54,120,1,-1,-1,-1
227,270,1398,222,33,57,1,-1,-1,-1
227,265,549,658,97,171,1,-1,-1,-1
227,263,1527,350,45,83,1,-1,-1,-1
227,258,345,572,49,127,1,-1,-1,-1
227,256,506,504,63,113,1,-1,-1,-1
227,255,884,545,55,137,1,-1,-1,-1
227,250,1505,484,54,116,1,-1,-1,-1
227,249,1445,711,83,188,1,-1,-1,-1
227,221,1318,497,61,139,1,-1,-1,-1
227,176,1817,505,76,136,1,-1,-1,-1
227,173,572,512,72,137,1,-1,-1,-1
227,124,1072,541,56,121,1,-1,-1,-1
228,270,1399,221,31,58,1,-1,-1,-1
228,265,547,659,97,170,1,-1,-1,-1
228,263,1518,350,47,84,1,-1,-1,-1
228,258,342,571,50,129,1,-1,-1,-1
228,256,504,504,60,114,1,-1,-1,-1
228,255,879,545,58,138,1,-1,-1,-1
228,250,1499,484,54,117,1,-1,-1,-1
228,249,1430,708,85,187,1,-1,-1,-1
228,221,1306,497,64,137,1,-1,-1,-1
228,176,1816,505,68,136,1,-1,-1,-1
228,173,566,512,66,138,1,-1,-1,-1
228,124,1068,542,57,123,1,-1,-1,-1
229,270,1401,220,30,59,1,-1,-1,-1
229,265,544,660,98,168,1,-1,-1,-1
229,263,1510,349,49,85,1,-1,-1,-1
229,258,338,571,50,131,1,-1,-1,-1
229,256,501,503,57,116,1,-1,-1,-1
229,255,875,545,62,139,1,-1,-1,-1
229,250,1493,484,53,117,1,-1,-1,-1
229,249,1414,706,87,186,1,-1,-1,-1
229,221,1293,496,67,135,1,-1,-1,-1
229,176,1814,504,60,136,1,-1,-1,-1
229,173,559,511,61,139,1,-1,-1,-1
229,124,1064,544,59,124,1,-1,-1,-1
230,270,1402,219,29,60,1,-1,-1,-1
230,265,542,661,98,167,1,-1,-1,-1
230,263,1501,348,51,85,1,-1,-1,-1
230,258,335,570,50,133,1,-1,-1,-1
230,256,499,503,55,117,1,-1,-1,-1
230,255,870,545,65,140,1,-1,-1,-1
230,250,1487,484,53,118,1,-1,-1,-1
230,249,1398,704,89,185,1,-1,-1,-1
230,221,1281,495,70,133,1,-1,-1,-1
230,176,1812,504,52,137,1,-1,-1,-1
230,173,552,510,56,140,1,-1,-1,-1
230,124,1060,546,60,125,1,-1,-1,-1
231,270,1403,218,28,61,1,-1,-1,-1
231,265,539,662,99,165,1,-1,-1,-1
231,263,1493,348,52,86,1,-1,-1,-1
231,258,331,570,50,135,1,-1,-1,-1
231,256,497,502,52,119,1,-1,-1,-1
231,255,866,546,68,141,1,-1,-1,-1
231,250,1482,484,53,119,1,-1,-1,-1
231,249,1383,701,90,183,1,-1,-1,-1
231,221,1268,494,72,132,1,-1,-1,-1
231,176,1811,504,45,137,1,-1,-1,-1
231,173,545,509,50,141,1,-1,-1,-1
231,124,1056,547,61,127,1,-1,-1,-1
232,270,1404,217,26,62,1,-1,-1,-1
232,265,536,663,99,164,1,-1,-1,-1
232,263,1483,347,55,87,1,-1,-1,-1
232,258,327,569,50,138,1,-1,-1,-1
232,256,494,502,49,121,1,-1,-1,-1
232,255,860,546,72,142,1,-1,-1,-1
232,250,1475,484,53,120,1,-1,-1,-1
232,249,1364,699,93,182,1,-1,-1,-1
232,221,1252,493,76,129,1,-1,-1,-1
232,176,1808,503,35,137,1,-1,-1,-1
232,173,536,508,43,143,1,-1,-1,-1
232,124,1051,549,63,128,1,-1,-1,-1
233,270,1403,217,28,62,1,-1,-1,-1
233,265,535,663,98,163,1,-1,-1,-1
233,263,1479,347,52,87,1,-1,-1,-1
233,258,326,570,49,138,1,-1,-1,-1
233,256,492,500,51,121,1,-1,-1,-1
233,255,857,546,72,141,1,-1,-1,-1
233,250,1471,483,52,120,1,-1,-1,-1
233,249,1355,697,91,180,1,-1,-1,-1
233,221,1246,494,76,129,1,-1,-1,-1
233,176,1801,503,40,137,1,-1,-1,-1
233,173,526,509,48,142,1,-1,-1,-1
233,124,1049,551,62,130,1,-1,-1,-1
234,270,1401,217,30,62,1,-1,-1,-1
234,265,532,664,97,163,1,-1,-1,-1
234,263,1475,347,48,87,1,-1,-1,-1
234,258,324,570,48,137,1,-1,-1,-1
234,256,490,497,54,122,1,-1,-1,-1
234,255,853,545,71,141,1,-1,-1,-1
234,250,1467,483,52,120,1,-1,-1,-1
234,249,1344,694,88,179,1,-1,-1,-1
234,221,1238,494,76,128,1,-1,-1,-1
234,176,1792,503,46,137,1,-1,-1,-1
234,173,514,510,55,140,1,-1,-1,-1
234,124,1047,553,61,132,1,-1,-1,-1
235,270,1399,218,32,61,1,-1,-1,-1
235,265,530,664,96,163,1,-1,-1,-1
235,263,1471,347,45,87,1,-1,-1,-1
235,258,322,571,46,137,1,-1,-1,-1
235,256,488,495,56,122,1,-1,-1,-1
235,255,849,545,70,140,1,-1,-1,-1
235,250,1462,482,51,120,1,-1,-1,-1
235,249,1332,691,86,177,1,-1,-1,-1
235,221,1229,494,76,127,1,-1,-1,-1
235,176,1783,503,52,137,1,-1,-1,-1
235,173,501,511,61,138,1,-1,-1,-1
235,124,1045,556,60,135,1,-1,-1,-1
236,270,1397,219,34,61,1,-1,-1,-1
236,265,527,664,95,163,1,-1,-1,-1
236,263,1467,347,42,87,1,-1,-1,-1
236,258,321,571,45,137,1,-1,-1,-1
236,256,485,492,59,123,1,-1,-1,-1
236,255,845,545,69,140,1,-1,-1,-1
236,250,1458,481,51,120,1,-1,-1,-1
236,249,1321,689,83,175,1,-1,-1,-1
236,221,1221,494,76,126,1,-1,-1,-1
236,176,1774,503,58,137,1,-1,-1,-1
236,173,488,512,67,137,1,-1,-1,-1
236,124,1043,558,59,137,1,-1,-1,-1
237,270,1395,219,37,61,1,-1,-1,-1
237,265,525,665,93,163,1,-1,-1,-1
237,263,1462,347,38,87,1,-1,-1,-1
237,258,319,571,44,137,1,-1,-1,-1
237,256,483,490,61,123,1,-1,-1,-1
237,255,841,544,68,139,1,-1,-1,-1
237,250,1453,480,50,121,1,-1,-1,-1
237,249,1310,686,81,173,1,-1,-1,-1
237,221,1213,495,76,126,1,-1,-1,-1
237,176,1765,503,65,137,1,-1,-1,-1
237,173,476,513,74,135,1,-1,-1,-1
237,124,1040,560,58,139,1,-1,-1,-1
238,270,1392,220,40,60,1,-1,-1,-1
238,265,521,665,91,162,1,-1,-1,-1
238,263,1456,347,33,87,1,-1,-1,-1
238,258,316,572,42,137,1,-1,-1,-1
238,256,480,486,65,124,1,-1,-1,-1
238,255,835,544,66,138,1,-1,-1,-1
238,250,1446,479,49,121,1,-1,-1,-1
238,249,1293,682,77,170,1,-1,-1,-1
238,221,1201,495,76,124,1,-1,-1,-1
238,176,1751,503,74,137,1,-1,-1,-1
238,173,457,515,83,133,1,-1,-1,-1
238,124,1037,563,56,142,1,-1,-1,-1
239,270,1391,219,39,60,1,-1,-1,-1
239,265,519,664,90,163,1,-1,-1,-1
239,263,1453,346,33,88,1,-1,-1,-1
239,258,314,572,43,137,1,-1,-1,-1
239,256,479,485,64,125,1,-1,-1,-1
239,255,833,544,64,139,1,-1,-1,-1
239,250,1443,479,50,121,1,-1,-1,-1
239,249,1286,680,79,170,1,-1,-1,-1
239,221,1195,494,75,125,1,-1,-1,-1
239,176,1748,502,71,137,1,-1,-1,-1
239,173,454,515,81,133,1,-1,-1,-1
239,124,1034,564,58,142,1,-1,-1,-1
240,270,1390,219,38,60,1,-1,-1,-1
240,265,517,663,87,164,1,-1,-1,-1
240,263,1447,346,32,88,1,-1,-1,-1
240,258,311,572,45,138,1,-1,-1,-1
240,256,477,484,61,126,1,-1,-1,-1
240,255,829,543,61,139,1,-1,-1,-1
240,250,1435,479,53,121,1,-1,-1,-1
240,249,1272,675,81,170,1,-1,-1,-1
240,221,1183,491,74,126,1,-1,-1,-1
240,176,1743,500,66,137,1,-1,-1,-1
240,173,449,515,78,133,1,-1,-1,-1
240,124,1028,565,61,143,1,-1,-1,-1
241,270,1390,218,36,61,1,-1,-1,-1
241,265,514,661,84,165,1,-1,-1,-1
241,263,1441,346,32,88,1,-1,-1,-1
241,258,307,571,48,139,1,-1,-1,-1
241,256,476,482,58,127,1,-1,-1,-1
241,255,825,543,58,140,1,-1,-1,-1
241,250,1428,478,55,121,1,-1,-1,-1
241,249,1258,671,83,169,1,-1,-1,-1
241,221,1172,489,72,126,1,-1,-1,-1
241,176,1737,498,61,137,1,-1,-1,-1
241,173,444,515,75,133,1,-1,-1,-1
241,124,1021,566,65,143,1,-1,-1,-1
242,270,1389,217,35,61,1,-1,-1,-1
242,265,511,660,81,166,1,-1,-1,-1
242,263,1435,345,31,88,1,-1,-1,-1
242,258,303,571,50,139,1,-1,-1,-1
242,256,474,480,56,128,1,-1,-1,-1
242,255,821,542,55,140,1,-1,-1,-1
242,250,1421,478,57,121,1,-1,-1,-1
242,249,1244,666,86,169,1,-1,-1,-1
242,221,1161,486,71,127,1,-1,-1,-1
242,176,1731,497,56,137,1,-1,-1,-1
242,173,439,515,72,133,1,-1,-1,-1
242,124,1015,567,68,143,1,-1,-1,-1
243,270,1388,216,33,61,1,-1,-1,-1
243,265,508,658,78,167,1,-1,-1,-1
243,263,1429,345,31,89,1,-1,-1,-1
243,258,300,571,52,140,1,-1,-1,-1
243,256,473,478,53,130,1,-1,-1,-1
243,255,817,541,52,141,1,-1,-1,-1
243,250,1414,478,59,121,1,-1,-1,-1
243,249,1231,662,88,168,1,-1,-1,-1
243,221,1149,483,69,128,1,-1,-1,-1
243,176,1726,495,51,137,1,-1,-1,-1
243,173,434,515,69,133,1,-1,-1,-1
243,124,1009,568,72,144,1,-1,-1,-1
244,274,1862,534,57,138,1,-1,-1,-1
244,270,1386,215,31,61,1,-1,-1,-1
244,265,503,656,73,168,1,-1,-1,-1
244,263,1419,345,30,89,1,-1,-1,-1
244,258,293,570,56,142,1,-1,-1,-1
244,256,470,475,49,132,1,-1,-1,-1
244,255,810,541,47,141,1,-1,-1,-1
244,250,1401,478,62,120,1,-1,-1,-1
244,249,1207,654,92,168,1,-1,-1,-1
244,221,1129,479,66,130,1,-1,-1,-1
244,176,1716,493,43,137,1,-1,-1,-1
244,173,425,515,64,133,1,-1,-1,-1
244,124,998,570,78,144,1,-1,-1,-1
245,274,1842,533,56,138,1,-1,-1,-1
245,270,1386,215,31,62,1,-1,-1,-1
245,265,502,655,73,168,1,-1,-1,-1
245,263,1417,344,31,89,1,-1,-1,-1
245,258,293,570,56,142,1,-1,-1,-1
245,256,470,475,48,132,1,-1,-1,-1
245,255,809,540,48,141,1,-1,-1,-1
245,250,1401,477,61,120,1,-1,-1,-1
245,249,1202,653,91,167,1,-1,-1,-1
245,221,1126,479,67,129,1,-1,-1,-1
245,176,1714,493,44,137,1,-1,-1,-1
245,173,422,515,64,133,1,-1,-1,-1
245,124,997,570,77,144,1,-1,-1,-1
246,274,1829,531,57,137,1,-1,-1,-1
246,270,1384,214,30,62,1,-1,-1,-1
246,265,499,652,71,168,1,-1,-1,-1
246,263,1409,344,34,90,1,-1,-1,-1
246,258,291,569,55,142,1,-1,-1,-1
246,256,470,474,48,132,1,-1,-1,-1
246,255,804,540,50,141,1,-1,-1,-1
246,250,1397,477,58,121,1,-1,-1,-1
246,249,1187,650,87,166,1,-1,-1,-1
246,221,1112,480,71,127,1,-1,-1,-1
246,176,1707,493,49,137,1,-1,-1,-1
246,173,410,515,65,134,1,-1,-1,-1
246,124,993,572,73,145,1,-1,-1,-1
247,274,1815,529,59,136,1,-1,-1,-1
247,270,1383,213,30,62,1,-1,-1,-1
247,265,496,648,70,167,1,-1,-1,-1
247,263,1401,343,36,90,1,-1,-1,-1
247,258,289,568,54,143,1,-1,-1,-1
247,256,469,473,47,132,1,-1,-1,-1
247,255,799,540,52,141,1,-1,-1,-1
247,250,1394,476,55,121,1,-1,-1,-1
247,249,1172,648,84,164,1,-1,-1,-1
247,221,1098,481,75,125,1,-1,-1,-1
247,176,1700,493,53,136,1,-1,-1,-1
247,173,399,515,66,134,1,-1,-1,-1
247,124,989,574,69,146,1,-1,-1,-1
248,274,1801,528,60,135,1,-1,-1,-1
248,270,1381,213,30,62,1,-1,-1,-1
248,265,492,645,68,167,1,-1,-1,-1
248,263,1393,343,39,90,1,-1,-1,-1
248,258,288,568,53,144,1,-1,-1,-1
248,256,468,472,47,132,1,-1,-1,-1
248,255,794,540,54,140,1,-1,-1,-1
248,250,1391,476,51,121,1,-1,-1,-1
248,249,1157,645,81,162,1,-1,-1,-1
248,221,1084,481,78,124,1,-1,-1,-1
248,176,1692,493,58,136,1,-1,-1,-1
248,173,387,515,68,135,1,-1,-1,-1
248,124,984,576,65,146,1,-1,-1,-1
249,274,1787,526,62,135,1,-1,-1,-1
249,270,1379,212,29,62,1,-1,-1,-1
249,265,489,642,66,166,1,-1,-1,-1
249,263,1385,342,42,91,1,-1,-1,-1
249,258,286,567,52,145,1,-1,-1,-1
249,256,468,472,46,132,1,-1,-1,-1
249,255,789,539,56,140,1,-1,-1,-1
249,250,1388,475,48,121,1,-1,-1,-1
249,249,1142,642,77,160,1,-1,-1,-1
249,221,1071,482,82,122,1,-1,-1,-1
249,176,1685,493,62,135,1,-1,-1,-1
249,173,376,515,69,135,1,-1,-1,-1
249,124,980,578,61,147,1,-1,-1,-1
250,274,1773,524,63,134,1,-1,-1,-1
250,270,1376,211,28,62,1,-1,-1,-1
250,265,486,639,65,166,1,-1,-1,-1
250,263,1369,341,48,91,1,-1,-1,-1
250,258,284,566,51,145,1,-1,-1,-1
250,256,467,470,45,132,1,-1,-1,-1
250,255,780,539,60,139,1,-1,-1,-1
250,250,1381,475,41,122,1,-1,-1,-1
250,249,1111,637,70,157,1,-1,-1,-1
250,221,1057,483,85,120,1,-1,-1,-1
250,176,1671,493,71,134,1,-1,-1,-1
250,173,364,515,70,136,1,-1,-1,-1
250,124,976,580,57,147,1,-1,-1,-1
251,274,1759,522,65,133,1,-1,-1,-1
251,270,1376,211,28,62,1,-1,-1,-1
251,265,482,636,63,165,1,-1,-1,-1
251,263,1369,341,48,91,1,-1,-1,-1
251,258,282,565,49,146,1,-1,-1,-1
251,256,467,470,45,132,1,-1,-1,-1
251,255,779,539,60,139,1,-1,-1,-1
251,250,1381,475,42,122,1,-1,-1,-1
251,249,1111,637,70,157,1,-1,-1,-1
251,221,1043,484,89,118,1,-1,-1,-1
251,176,1671,493,71,134,1,-1,-1,-1
251,173,352,515,71,137,1,-1,-1,-1
251,124,972,582,53,148,1,-1,-1,-1
252,274,1746,521,69,134,1,-1,-1,-1
252,270,1375,211,28,62,1,-1,-1,-1
252,265,475,641,65,160,1,-1,-1,-1
252,263,1365,342,48,91,1,-1,-1,-1
252,258,281,565,49,146,1,-1,-1,-1
252,256,467,468,44,132,1,-1,-1,-1
252,255,776,538,59,139,1,-1,-1,-1
252,250,1374,475,45,122,1,-1,-1,-1
252,249,1098,633,71,156,1,-1,-1,-1
252,221,1034,481,84,118,1,-1,-1,-1
252,176,1668,492,66,134,1,-1,-1,-1
252,173,347,516,72,136,1,-1,-1,-1
252,124,969,578,55,153,1,-1,-1,-1
253,274,1732,519,73,135,1,-1,-1,-1
253,270,1375,210,27,62,1,-1,-1,-1
253,265,474,641,66,160,1,-1,-1,-1
253,263,1362,342,49,90,1,-1,-1,-1
253,258,280,565,49,146,1,-1,-1,-1
253,256,467,466,44,131,1,-1,-1,-1
253,255,773,537,59,139,1,-1,-1,-1
253,250,1366,475,49,122,1,-1,-1,-1
253,249,1085,629,71,156,1,-1,-1,-1
253,221,1026,479,80,118,1,-1,-1,-1
253,176,1665,491,61,135,1,-1,-1,-1
253,173,341,516,73,136,1,-1,-1,-1
253,124,966,574,57,159,1,-1,-1,-1
254,274,1719,517,77,135,1,-1,-1,-1
254,270,1374,210,27,62,1,-1,-1,-1
254,265,470,641,67,160,1,-1,-1,-1
254,263,1358,342,50,90,1,-1,-1,-1
254,258,279,565,49,146,1,-1,-1,-1
254,256,468,465,44,131,1,-1,-1,-1
254,255,769,536,58,138,1,-1,-1,-1
254,250,1359,475,52,122,1,-1,-1,-1
254,249,1071,625,71,156,1,-1,-1,-1
254,221,1017,477,75,118,1,-1,-1,-1
254,176,1661,490,56,135,1,-1,-1,-1
254,173,335,517,75,135,1,-1,-1,-1
254,124,964,570,58,164,1,-1,-1,-1
255,274,1705,515,82,136,1,-1,-1,-1
255,270,1373,210,26,63,1,-1,-1,-1
255,265,466,642,69,160,1,-1,-1,-1
255,263,1355,342,50,90,1,-1,-1,-1
255,258,278,565,49,146,1,-1,-1,-1
255,256,468,463,44,130,1,-1,-1,-1
255,255,766,535,57,138,1,-1,-1,-1
255,250,1352,476,56,122,1,-1,-1,-1
255,249,1058,621,72,156,1,-1,-1,-1
255,221,1009,475,70,118,1,-1,-1,-1
255,176,1658,489,51,135,1,-1,-1,-1
255,173,329,518,76,135,1,-1,-1,-1
255,124,961,566,60,170,1,-1,-1,-1
256,274,1691,514,86,137,1,-1,-1,-1
256,270,1373,210,26,63,1,-1,-1,-1
256,265,461,642,70,159,1,-1,-1,-1
256,263,1352,343,51,89,1,-1,-1,-1
256,258,277,565,48,146,1,-1,-1,-1
256,256,468,461,44,129,1,-1,-1,-1
256,255,762,534,56,138,1,-1,-1,-1
256,250,1344,476,59,122,1,-1,-1,-1
256,249,1045,617,72,156,1,-1,-1,-1
256,221,1000,473,65,119,1,-1,-1,-1
256,176,1655,488,45,136,1,-1,-1,-1
256,173,323,519,77,134,1,-1,-1,-1
256,124,958,562,62,175,1,-1,-1,-1
257,274,1674,511,92,138,1,-1,-1,-1
257,270,1372,209,25,63,1,-1,-1,-1
257,265,457,642,71,159,1,-1,-1,-1
257,263,1348,343,52,89,1,-1,-1,-1
257,258,276,565,48,145,1,-1,-1,-1
257,256,469,460,43,129,1,-1,-1,-1
257,255,758,532,55,138,1,-1,-1,-1
257,250,1335,476,64,122,1,-1,-1,-1
257,249,1028,612,73,156,1,-1,-1,-1
257,221,990,470,59,119,1,-1,-1,-1
257,176,1652,487,39,136,1,-1,-1,-1
257,173,316,520,79,134,1,-1,-1,-1
257,124,955,557,64,182,1,-1,-1,-1
258,274,1672,510,85,139,1,-1,-1,-1
258,270,1372,209,25,63,1,-1,-1,-1
258,265,453,640,69,161,1,-1,-1,-1
258,263,1346,342,49,90,1,-1,-1,-1
258,258,275,565,48,145,1,-1,-1,-1
258,256,470,460,44,128,1,-1,-1,-1
258,255,757,532,55,138,1,-1,-1,-1
258,250,1335,476,62,122,1,-1,-1,-1
258,249,1024,606,72,156,1,-1,-1,-1
258,221,981,471,62,121,1,-1,-1,-1
258,176,1648,487,43,136,1,-1,-1,-1
258,173,315,518,78,135,1,-1,-1,-1
258,124,954,557,65,179,1,-1,-1,-1
259,274,1668,509,76,139,1,-1,-1,-1
259,270,1372,209,26,63,1,-1,-1,-1
259,265,448,637,67,162,1,-1,-1,-1
259,263,1344,341,46,91,1,-1,-1,-1
259,258,274,565,48,145,1,-1,-1,-1
259,256,472,460,45,127,1,-1,-1,-1
259,255,755,531,54,138,1,-1,-1,-1
259,250,1334,476,61,123,1,-1,-1,-1
259,249,1018,598,71,155,1,-1,-1,-1
259,221,969,471,65,123,1,-1,-1,-1
259,176,1643,487,47,135,1,-1,-1,-1
259,173,314,516,77,138,1,-1,-1,-1
259,124,954,557,67,175,1,-1,-1,-1
260,274,1665,508,66,140,1,-1,-1,-1
260,270,1372,209,26,63,1,-1,-1,-1
260,265,444,635,65,164,1,-1,-1,-1
260,263,1343,339,42,92,1,-1,-1,-1
260,258,273,565,48,145,1,-1,-1,-1
260,256,474,460,47,126,1,-1,-1,-1
260,255,753,531,53,138,1,-1,-1,-1
260,250,1334,476,59,124,1,-1,-1,-1
260,249,1012,589,70,155,1,-1,-1,-1
260,221,957,472,69,125,1,-1,-1,-1
260,176,1639,487,52,135,1,-1,-1,-1
260,173,313,513,75,140,1,-1,-1,-1
260,124,953,556,68,172,1,-1,-1,-1
261,274,1662,506,57,140,1,-1,-1,-1
261,270,1372,208,27,63,1,-1,-1,-1
261,265,439,632,62,166,1,-1,-1,-1
261,263,1341,338,39,93,1,-1,-1,-1
261,258,272,565,48,145,1,-1,-1,-1
261,256,475,460,48,125,1,-1,-1,-1
261,255,751,530,53,138,1,-1,-1,-1
261,250,1334,475,58,125,1,-1,-1,-1
261,249,1006,581,69,154,1,-1,-1,-1
261,221,945,473,72,128,1,-1,-1,-1
261,176,1634,487,56,134,1,-1,-1,-1
261,173,312,511,74,142,1,-1,-1,-1
261,124,952,556,70,168,1,-1,-1,-1
262,274,1659,505,48,141,1,-1,-1,-1
262,270,1372,208,27,63,1,-1,-1,-1
262,265,435,629,60,168,1,-1,-1,-1
262,263,1339,337,35,94,1,-1,-1,-1
262,258,271,565,47,145,1,-1,-1,-1
262,256,477,460,49,124,1,-1,-1,-1
262,255,749,530,52,138,1,-1,-1,-1
262,250,1333,475,57,125,1,-1,-1,-1
262,249,1000,572,68,153,1,-1,-1,-1
262,221,933,473,75,130,1,-1,-1,-1
262,176,1629,487,61,133,1,-1,-1,-1
262,173,311,509,73,145,1,-1,-1,-1
262,124,952,556,71,164,1,-1,-1,-1
263,274,1654,503,34,141,1,-1,-1,-1
263,270,1373,207,28,63,1,-1,-1,-1
263,265,429,625,56,171,1,-1,-1,-1
263,263,1337,335,30,95,1,-1,-1,-1
263,258,269,565,47,145,1,-1,-1,-1
263,256,480,460,51,123,1,-1,-1,-1
263,255,746,529,51,139,1,-1,-1,-1
263,250,1333,475,54,126,1,-1,-1,-1
263,249,991,560,66,153,1,-1,-1,-1
263,221,915,474,81,134,1,-1,-1,-1
263,176,1622,487,67,133,1,-1,-1,-1
263,173,309,505,71,148,1,-1,-1,-1
263,124,951,556,74,159,1,-1,-1,-1
264,274,1648,503,36,141,1,-1,-1,-1
264,270,1372,207,28,63,1,-1,-1,-1
264,265,426,627,57,169,1,-1,-1,-1
264,263,1334,336,32,95,1,-1,-1,-1
264,258,268,565,48,145,1,-1,-1,-1
264,256,480,460,51,123,1,-1,-1,-1
264,255,746,529,51,139,1,-1,-1,-1
264,250,1331,475,54,127,1,-1,-1,-1
264,249,991,560,67,150,1,-1,-1,-1
264,221,912,475,80,134,1,-1,-1,-1
264,176,1622,487,64,133,1,-1,-1,-1
264,173,307,505,70,149,1,-1,-1,-1
264,124,951,557,75,160,1,-1,-1,-1
265,274,1637,502,41,141,1,-1,-1,-1
265,270,1371,207,28,63,1,-1,-1,-1
265,265,423,630,58,167,1,-1,-1,-1
265,263,1329,337,35,94,1,-1,-1,-1
265,258,265,565,49,145,1,-1,-1,-1
265,256,481,459,53,122,1,-1,-1,-1
265,255,744,529,50,139,1,-1,-1,-1
265,250,1328,475,54,127,1,-1,-1,-1
265,249,991,560,68,144,1,-1,-1,-1
265,221,905,476,78,133,1,-1,-1,-1
265,176,1623,486,58,133,1,-1,-1,-1
265,173,305,505,67,150,1,-1,-1,-1
265,124,950,561,78,162,1,-1,-1,-1
266,274,1625,502,46,140,1,-1,-1,-1
266,270,1370,207,29,63,1,-1,-1,-1
266,265,419,633,59,164,1,-1,-1,-1
266,263,1324,338,38,93,1,-1,-1,-1
266,258,263,565,51,145,1,-1,-1,-1
266,256,482,458,54,122,1,-1,-1,-1
266,255,743,529,49,139,1,-1,-1,-1
266,250,1325,476,53,127,1,-1,-1,-1
266,249,990,559,68,139,1,-1,-1,-1
266,221,898,476,76,133,1,-1,-1,-1
266,176,1623,485,52,133,1,-1,-1,-1
266,173,302,504,64,151,1,-1,-1,-1
266,124,950,564,82,164,1,-1,-1,-1
267,274,1614,501,50,140,1,-1,-1,-1
267,270,1369,207,29,63,1,-1,-1,-1
267,265,415,636,61,162,1,-1,-1,-1
267,263,1319,339,41,91,1,-1,-1,-1
267,258,260,565,52,145,1,-1,-1,-1
267,256,482,457,55,122,1,-1,-1,-1
267,255,742,529,48,139,1,-1,-1,-1
267,250,1321,476,53,128,1,-1,-1,-1
267,249,990,559,69,133,1,-1,-1,-1
267,221,891,477,74,132,1,-1,-1,-1
267,176,1623,485,46,133,1,-1,-1,-1
267,173,299,504,61,151,1,-1,-1,-1
267,124,949,567,85,166,1,-1,-1,-1
268,274,1603,500,55,139,1,-1,-1,-1
268,270,1368,207,29,62,1,-1,-1,-1
268,265,411,639,62,159,1,-1,-1,-1
268,263,1314,340,44,90,1,-1,-1,-1
268,258,257,565,53,145,1,-1,-1,-1
268,256,483,456,57,121,1,-1,-1,-1
268,255,741,529,47,139,1,-1,-1,-1
268,250,1318,476,53,128,1,-1,-1,-1
268,249,989,559,70,128,1,-1,-1,-1
268,221,885,478,72,132,1,-1,-1,-1
268,176,1624,484,40,133,1,-1,-1,-1
268,173,296,503,58,152,1,-1,-1,-1
268,124,948,571,88,167,1,-1,-1,-1
269,274,1583,499,63,138,1,-1,-1,-1
269,270,1367,207,30,62,1,-1,-1,-1
269,265,405,644,64,155,1,-1,-1,-1
269,263,1305,342,50,89,1,-1,-1,-1
269,258,253,565,56,145,1,-1,-1,-1
269,256,484,454,59,120,1,-1,-1,-1
269,255,738,529,45,140,1,-1,-1,-1
269,250,1313,476,52,129,1,-1,-1,-1
269,249,988,558,71,118,1,-1,-1,-1
269,221,873,479,69,131,1,-1,-1,-1
269,176,1624,483,30,133,1,-1,-1,-1
269,173,291,502,53,154,1,-1,-1,-1
269,124,947,576,94,170,1,-1,-1,-1
270,274,1581,499,62,137,1,-1,-1,-1
270,270,1365,207,30,62,1,-1,-1,-1
270,265,402,644,64,155,1,-1,-1,-1
270,263,1303,341,49,89,1,-1,-1,-1
270,258,251,565,56,145,1,-1,-1,-1
270,256,483,454,59,120,1,-1,-1,-1
270,255,736,529,46,140,1,-1,-1,-1
270,250,1310,476,52,129,1,-1,-1,-1
270,249,985,560,73,117,1,-1,-1,-1
270,221,868,479,71,131,1,-1,-1,-1
270,176,1621,483,31,132,1,-1,-1,-1
270,173,289,502,53,154,1,-1,-1,-1
270,124,945,578,93,170,1,-1,-1,-1
271,274,1570,500,58,135,1,-1,-1,-1
271,270,1357,205,31,62,1,-1,-1,-1
271,265,393,644,65,155,1,-1,-1,-1
271,263,1294,340,47,90,1,-1,-1,-1
271,258,244,564,55,145,1,-1,-1,-1
271,256,478,453,59,120,1,-1,-1,-1
271,255,730,527,48,140,1,-1,-1,-1
271,250,1301,476,53,129,1,-1,-1,-1
271,249,974,565,78,114,1,-1,-1,-1
271,221,852,480,75,130,1,-1,-1,-1
271,176,1608,482,33,132,1,-1,-1,-1
271,173,279,502,53,152,1,-1,-1,-1
271,124,936,583,89,168,1,-1,-1,-1
272,274,1560,501,55,132,1,-1,-1,-1
272,270,1350,204,32,63,1,-1,-1,-1
272,265,385,644,66,155,1,-1,-1,-1
272,263,1286,338,45,91,1,-1,-1,-1
272,258,237,563,55,145,1,-1,-1,-1
272,256,472,453,60,120,1,-1,-1,-1
272,255,723,526,49,141,1,-1,-1,-1
272,250,1293,476,53,128,1,-1,-1,-1
272,249,962,569,82,110,1,-1,-1,-1
272,221,837,481,79,129,1,-1,-1,-1
272,176,1595,481,36,131,1,-1,-1,-1
272,173,270,502,53,150,1,-1,-1,-1
272,124,927,588,86,166,1,-1,-1,-1
273,274,1549,501,51,129,1,-1,-1,-1
273,270,1342,202,32,63,1,-1,-1,-1
273,265,377,644,67,155,1,-1,-1,-1
273,263,1277,336,43,91,1,-1,-1,-1
273,258,230,562,55,146,1,-1,-1,-1
273,256,467,452,60,120,1,-1,-1,-1
273,255,716,524,51,142,1,-1,-1,-1
273,250,1284,475,54,128,1,-1,-1,-1
273,249,951,574,87,107,1,-1,-1,-1
273,221,821,481,83,128,1,-1,-1,-1
273,176,1582,481,39,130,1,-1,-1,-1
273,173,261,502,53,149,1,-1,-1,-1
273,124,919,593,83,164,1,-1,-1,-1
274,274,1539,502,47,127,1,-1,-1,-1
274,270,1335,200,33,63,1,-1,-1,-1
274,265,368,644,68,155,1,-1,-1,-1
274,263,1269,334,41,92,1,-1,-1,-1
274,258,223,561,55,146,1,-1,-1,-1
274,256,462,452,60,119,1,-1,-1,-1
274,255,709,523,53,142,1,-1,-1,-1
274,250,1275,475,55,128,1,-1,-1,-1
274,249,939,579,92,103,1,-1,-1,-1
274,221,805,482,87,128,1,-1,-1,-1
274,176,1569,480,42,130,1,-1,-1,-1
274,173,252,502,53,147,1,-1,-1,-1
274,124,910,598,79,162,1,-1,-1,-1
275,274,1518,503,40,122,1,-1,-1,-1
275,265,360,644,68,155,1,-1,-1,-1
275,263,1252,331,37,94,1,-1,-1,-1
275,258,216,560,55,146,1,-1,-1,-1
275,256,452,451,61,119,1,-1,-1,-1
275,255,695,520,56,143,1,-1,-1,-1
275,250,1257,474,56,127,1,-1,-1,-1
275,249,916,589,102,96,1,-1,-1,-1
275,221,789,482,91,127,1,-1,-1,-1
275,173,243,502,53,145,1,-1,-1,-1
275,124,901,603,76,160,1,-1,-1,-1
276,277,1781,683,133,170,1,-1,-1,-1
276,274,1517,503,40,122,1,-1,-1,-1
276,265,351,644,69,155,1,-1,-1,-1
276,263,1251,331,37,94,1,-1,-1,-1
276,258,208,559,55,146,1,-1,-1,-1
276,256,451,450,61,119,1,-1,-1,-1
276,255,695,520,56,143,1,-1,-1,-1
276,250,1257,474,56,127,1,-1,-1,-1
276,249,916,589,102,96,1,-1,-1,-1
276,221,772,483,95,126,1,-1,-1,-1
276,173,233,502,53,144,1,-1,-1,-1
276,124,892,608,73,158,1,-1,-1,-1
277,277,1753,678,128,170,1,-1,-1,-1
277,274,1498,499,41,123,1,-1,-1,-1
277,265,336,641,68,157,1,-1,-1,-1
277,263,1233,329,39,93,1,-1,-1,-1
277,258,195,558,57,146,1,-1,-1,-1
277,256,443,446,58,120,1,-1,-1,-1
277,255,681,517,57,143,1,-1,-1,-1
277,250,1240,472,56,127,1,-1,-1,-1
277,249,900,594,98,94,1,-1,-1,-1
277,221,755,480,91,127,1,-1,-1,-1
277,173,218,500,53,142,1,-1,-1,-1
277,124,873,613,73,152,1,-1,-1,-1
278,278,1509,472,47,128,1,-1,-1,-1
278,277,1726,673,124,169,1,-1,-1,-1
278,274,1479,495,43,124,1,-1,-1,-1
278,265,321,638,66,159,1,-1,-1,-1
278,263,1215,328,42,93,1,-1,-1,-1
278,258,180,557,59,145,1,-1,-1,-1
278,256,435,442,55,122,1,-1,-1,-1
278,255,667,513,58,142,1,-1,-1,-1
278,250,1224,470,57,127,1,-1,-1,-1
278,249,884,599,95,92,1,-1,-1,-1
278,221,738,476,86,129,1,-1,-1,-1
278,173,203,498,52,141,1,-1,-1,-1
278,124,853,618,74,145,1,-1,-1,-1
279,278,1492,469,47,128,1,-1,-1,-1
279,277,1698,668,119,169,1,-1,-1,-1
279,274,1459,492,44,125,1,-1,-1,-1
279,265,305,635,65,161,1,-1,-1,-1
279,263,1196,326,44,92,1,-1,-1,-1
279,258,166,555,62,145,1,-1,-1,-1
279,256,427,438,52,123,1,-1,-1,-1
279,255,652,510,59,141,1,-1,-1,-1
279,250,1207,468,57,127,1,-1,-1,-1
279,249,867,604,91,90,1,-1,-1,-1
279,221,720,473,82,131,1,-1,-1,-1
279,173,187,497,52,140,1,-1,-1,-1
279,124,833,623,75,139,1,-1,-1,-1
280,278,1476,466,46,129,1,-1,-1,-1
280,277,1670,663,115,169,1,-1,-1,-1
280,274,1440,488,46,126,1,-1,-1,-1
280,265,288,632,63,163,1,-1,-1,-1
280,263,1178,324,47,92,1,-1,-1,-1
280,258,151,554,65,144,1,-1,-1,-1
280,256,419,434,49,124,1,-1,-1,-1
280,255,638,506,60,141,1,-1,-1,-1
280,250,1191,466,58,127,1,-1,-1,-1
280,249,851,610,87,88,1,-1,-1,-1
280,221,702,470,77,132,1,-1,-1,-1
280,173,171,495,52,138,1,-1,-1,-1
280,124,813,629,76,132,1,-1,-1,-1
281,278,1459,463,46,129,1,-1,-1,-1
281,277,1642,658,110,168,1,-1,-1,-1
281,274,1421,485,48,127,1,-1,-1,-1
281,265,279,630,60,163,1,-1,-1,-1
281,263,1160,323,50,91,1,-1,-1,-1
281,258,137,553,67,144,1,-1,-1,-1
281,256,410,430,46,126,1,-1,-1,-1
281,255,624,503,61,140,1,-1,-1,-1
281,250,1174,465,58,127,1,-1,-1,-1
281,249,835,615,84,86,1,-1,-1,-1
281,221,685,466,73,134,1,-1,-1,-1
281,173,155,493,51,137,1,-1,-1,-1
281,124,793,634,77,125,1,-1,-1,-1
282,278,1438,460,46,129,1,-1,-1,-1
282,277,1606,651,104,168,1,-1,-1,-1
282,274,1397,480,50,129,1,-1,-1,-1
282,265,267,627,56,163,1,-1,-1,-1
282,263,1136,321,53,90,1,-1,-1,-1
282,258,122,551,70,143,1,-1,-1,-1
282,256,400,425,43,128,1,-1,-1,-1
282,255,606,499,62,139,1,-1,-1,-1
282,250,1154,462,59,127,1,-1,-1,-1
282,249,815,621,79,84,1,-1,-1,-1
282,221,663,462,67,136,1,-1,-1,-1
282,173,136,491,51,135,1,-1,-1,-1
282,124,768,640,79,117,1,-1,-1,-1
283,278,1428,458,46,129,1,-1,-1,-1
283,277,1584,649,104,167,1,-1,-1,-1
283,274,1385,478,52,129,1,-1,-1,-1
283,265,260,625,56,164,1,-1,-1,-1
283,263,1125,319,53,90,1,-1,-1,-1
283,258,108,550,72,143,1,-1,-1,-1
283,256,395,424,44,127,1,-1,-1,-1
283,255,598,498,61,138,1,-1,-1,-1
283,250,1146,461,57,127,1,-1,-1,-1
283,249,807,620,79,82,1,-1,-1,-1
283,221,652,462,69,134,1,-1,-1,-1
283,173,128,490,52,136,1,-1,-1,-1
283,124,757,642,79,114,1,-1,-1,-1
284,278,1414,456,47,128,1,-1,-1,-1
284,277,1552,645,104,166,1,-1,-1,-1
284,274,1369,475,54,129,1,-1,-1,-1
284,265,250,622,55,165,1,-1,-1,-1
284,263,1110,317,52,90,1,-1,-1,-1
284,258,94,549,75,142,1,-1,-1,-1
284,256,388,423,46,126,1,-1,-1,-1
284,255,587,496,59,138,1,-1,-1,-1
284,250,1135,460,56,127,1,-1,-1,-1
284,249,796,619,78,79,1,-1,-1,-1
284,221,638,462,71,133,1,-1,-1,-1
284,173,118,489,52,136,1,-1,-1,-1
284,124,741,645,80,110,1,-1,-1,-1
285,285,1193,184,29,62,1,-1,-1,-1
285,278,1401,455,47,128,1,-1,-1,-1
285,277,1521,641,104,165,1,-1,-1,-1
285,274,1353,472,57,129,1,-1,-1,-1
285,265,241,619,54,166,1,-1,-1,-1
285,263,1095,315,52,90,1,-1,-1,-1
285,258,79,547,77,142,1,-1,-1,-1
285,256,381,422,48,126,1,-1,-1,-1
285,255,576,495,56,137,1,-1,-1,-1
285,250,1124,459,55,127,1,-1,-1,-1
285,249,784,618,77,76,1,-1,-1,-1
285,221,624,462,74,131,1,-1,-1,-1
285,173,107,487,53,137,1,-1,-1,-1
285,124,726,648,81,105,1,-1,-1,-1
286,285,1182,182,28,63,1,-1,-1,-1
286,278,1387,453,47,128,1,-1,-1,-1
286,277,1489,637,103,164,1,-1,-1,-1
286,274,1337,469,59,130,1,-1,-1,-1
286,265,231,616,53,167,1,-1,-1,-1
286,263,1080,313,52,91,1,-1,-1,-1
286,258,65,546,80,141,1,-1,-1,-1
286,256,373,421,50,125,1,-1,-1,-1
286,255,566,493,54,137,1,-1,-1,-1
286,250,1113,458,53,127,1,-1,-1,-1
286,249,773,617,77,73,1,-1,-1,-1
286,221,610,462,76,130,1,-1,-1,-1
286,173,97,486,54,138,1,-1,-1,-1
286,124,711,651,81,101,1,-1,-1,-1
287,285,1171,180,27,63,1,-1,-1,-1
287,278,1374,451,47,128,1,-1,-1,-1
287,277,1457,633,103,163,1,-1,-1,-1
287,274,1322,466,62,130,1,-1,-1,-1
287,265,221,613,53,169,1,-1,-1,-1
287,263,1064,312,51,91,1,-1,-1,-1
287,258,50,544,82,141,1,-1,-1,-1
287,256,366,420,51,125,1,-1,-1,-1
287,255,555,491,52,136,1,-1,-1,-1
287,250,1102,457,52,127,1,-1,-1,-1
287,249,762,616,76,70,1,-1,-1,-1
287,221,595,463,79,128,1,-1,-1,-1
287,173,86,485,55,138,1,-1,-1,-1
287,124,696,654,82,96,1,-1,-1,-1
288,285,1156,177,25,65,1,-1,-1,-1
288,278,1354,448,48,127,1,-1,-1,-1
288,277,1412,627,103,162,1,-1,-1,-1
288,274,1299,462,65,130,1,-1,-1,-1
288,265,206,609,51,171,1,-1,-1,-1
288,263,1042,309,51,91,1,-1,-1,-1
288,258,29,542,86,140,1,-1,-1,-1
288,256,356,418,54,124,1,-1,-1,-1
288,255,539,489,49,135,1,-1,-1,-1
288,250,1087,456,49,127,1,-1,-1,-1
288,249,745,614,75,66,1,-1,-1,-1
288,221,574,463,82,126,1,-1,-1,-1
288,173,71,483,56,139,1,-1,-1,-1
288,124,674,659,83,90,1,-1,-1,-1
289,285,1152,176,25,64,1,-1,-1,-1
289,278,1348,447,48,127,1,-1,-1,-1
289,277,1400,626,102,161,1,-1,-1,-1
289,274,1295,464,63,128,1,-1,-1,-1
289,265,203,607,52,171,1,-1,-1,-1
289,263,1036,308,52,91,1,-1,-1,-1
289,258,17,543,79,137,1,-1,-1,-1
289,256,353,416,54,124,1,-1,-1,-1
289,255,535,488,49,135,1,-1,-1,-1
289,250,1082,455,49,127,1,-1,-1,-1
289,249,743,613,74,65,1,-1,-1,-1
289,221,571,462,80,126,1,-1,-1,-1
289,173,66,482,57,139,1,-1,-1,-1
289,124,665,658,86,90,1,-1,-1,-1
290,285,1145,175,25,64,1,-1,-1,-1
290,278,1337,445,50,127,1,-1,-1,-1
290,277,1379,624,102,160,1,-1,-1,-1
290,274,1287,461,61,129,1,-1,-1,-1
290,265,195,604,52,172,1,-1,-1,-1
290,263,1026,308,53,90,1,-1,-1,-1
290,258,2,538,74,141,1,-1,-1,-1
290,256,348,413,53,124,1,-1,-1,-1
290,255,527,486,50,134,1,-1,-1,-1
290,250,1072,454,50,127,1,-1,-1,-1
290,249,739,612,73,64,1,-1,-1,-1
290,221,564,459,76,128,1,-1,-1,-1
290,173,58,479,58,140,1,-1,-1,-1
290,124,648,657,93,89,1,-1,-1,-1
291,285,1137,173,25,64,1,-1,-1,-1
291,278,1326,444,51,127,1,-1,-1,-1
291,277,1358,622,101,158,1,-1,-1,-1
291,274,1278,459,59,129,1,-1,-1,-1
291,265,188,601,53,172,1,-1,-1,-1
291,263,1016,307,54,89,1,-1,-1,-1
291,258,0,538,51,141,1,-1,-1,-1
291,256,342,409,52,124,1,-1,-1,-1
291,255,519,484,50,134,1,-1,-1,-1
291,250,1063,452,50,127,1,-1,-1,-1
291,249,735,610,72,63,1,-1,-1,-1
291,221,557,457,72,129,1,-1,-1,-1
291,173,50,477,59,140,1,-1,-1,-1
291,124,631,656,99,88,1,-1,-1,-1
292,285,1130,172,25,63,1,-1,-1,-1
292,278,1315,442,52,127,1,-1,-1,-1
292,277,1337,619,101,157,1,-1,-1,-1
292,274,1270,457,56,130,1,-1,-1,-1
292,265,181,597,53,173,1,-1,-1,-1
292,263,1006,306,55,88,1,-1,-1,-1
292,258,0,534,36,143,1,-1,-1,-1
292,256,337,405,51,125,1,-1,-1,-1
292,255,511,482,51,133,1,-1,-1,-1
292,250,1054,451,50,127,1,-1,-1,-1
292,249,730,608,71,62,1,-1,-1,-1
292,221,550,454,68,130,1,-1,-1,-1
292,173,41,475,60,141,1,-1,-1,-1
292,124,613,655,105,88,1,-1,-1,-1
293,285,1122,171,26,63,1,-1,-1,-1
293,278,1304,440,54,126,1,-1,-1,-1
293,277,1316,617,100,156,1,-1,-1,-1
293,274,1262,454,54,130,1,-1,-1,-1
293,265,173,594,54,174,1,-1,-1,-1
293,263,996,305,56,88,1,-1,-1,-1
293,258,0,537,17,140,1,-1,-1,-1
293,256,332,402,49,125,1,-1,-1,-1
293,255,503,480,52,133,1,-1,-1,-1
293,250,1044,449,50,127,1,-1,-1,-1
293,249,726,607,70,61,1,-1,-1,-1
293,221,543,452,64,131,1,-1,-1,-1
293,173,33,472,61,141,1,-1,-1,-1
293,124,596,654,112,87,1,-1,-1,-1
294,285,1110,169,26,62,1,-1,-1,-1
294,278,1285,437,56,126,1,-1,-1,-1
294,277,1279,613,99,153,1,-1,-1,-1
294,274,1248,451,50,131,1,-1,-1,-1
294,265,161,588,55,175,1,-1,-1,-1
294,263,978,304,57,86,1,-1,-1,-1
294,256,323,396,48,126,1,-1,-1,-1
294,255,490,477,52,132,1,-1,-1,-1
294,250,1028,447,50,127,1,-1,-1,-1
294,249,719,604,68,60,1,-1,-1,-1
294,221,531,447,57,133,1,-1,-1,-1
294,173,18,468,62,142,1,-1,-1,-1
294,124,566,652,122,86,1,-1,-1,-1
295,287,1851,312,63,101,1,-1,-1,-1
295,285,1109,168,26,62,1,-1,-1,-1
295,278,1283,437,56,126,1,-1,-1,-1
295,277,1276,612,98,154,1,-1,-1,-1
295,274,1246,450,50,131,1,-1,-1,-1
295,265,159,588,55,174,1,-1,-1,-1
295,263,976,303,57,86,1,-1,-1,-1
295,256,322,395,48,125,1,-1,-1,-1
295,255,488,476,52,132,1,-1,-1,-1
295,250,1027,447,50,127,1,-1,-1,-1
295,249,718,603,68,60,1,-1,-1,-1
295,221,530,447,57,133,1,-1,-1,-1
295,173,18,468,62,142,1,-1,-1,-1
295,124,565,653,121,85,1,-1,-1,-1
296,287,1830,309,67,99,1,-1,-1,-1
296,285,1105,167,26,62,1,-1,-1,-1
296,278,1277,434,55,127,1,-1,-1,-1
296,277,1266,607,94,155,1,-1,-1,-1
296,274,1241,448,49,129,1,-1,-1,-1
296,265,154,585,57,173,1,-1,-1,-1
296,263,970,302,54,87,1,-1,-1,-1
296,256,319,394,48,123,1,-1,-1,-1
296,255,483,474,51,132,1,-1,-1,-1
296,250,1022,446,50,127,1,-1,-1,-1
296,249,715,601,68,60,1,-1,-1,-1
296,221,526,445,57,133,1,-1,-1,-1
296,173,15,466,62,142,1,-1,-1,-1
296,124,559,655,118,83,1,-1,-1,-1
297,287,1824,309,64,97,1,-1,-1,-1
297,285,1101,166,27,62,1,-1,-1,-1
297,278,1271,432,55,128,1,-1,-1,-1
297,277,1255,601,90,156,1,-1,-1,-1
297,274,1235,447,48,128,1,-1,-1,-1
297,265,148,582,59,171,1,-1,-1,-1
297,263,964,300,52,87,1,-1,-1,-1
297,256,316,393,49,121,1,-1,-1,-1
297,255,477,472,50,132,1,-1,-1,-1
297,250,1016,446,50,127,1,-1,-1,-1
297,249,712,598,67,60,1,-1,-1,-1
297,221,522,443,57,133,1,-1,-1,-1
297,173,12,464,62,142,1,-1,-1,-1
297,124,554,657,115,81,1,-1,-1,-1
298,287,1810,307,57,94,1,-1,-1,-1
298,285,1098,165,27,62,1,-1,-1,-1
298,278,1265,429,54,129,1,-1,-1,-1
298,277,1244,596,85,157,1,-1,-1,-1
298,274,1229,445,47,127,1,-1,-1,-1
298,265,143,579,61,170,1,-1,-1,-1
298,263,958,298,49,87,1,-1,-1,-1
298,256,313,392,49,119,1,-1,-1,-1
298,255,472,470,50,132,1,-1,-1,-1
298,250,1011,446,49,127,1,-1,-1,-1
298,249,709,596,66,59,1,-1,-1,-1
298,221,519,441,57,133,1,-1,-1,-1
298,173,9,462,61,143,1,-1,-1,-1
298,124,549,659,112,78,1,-1,-1,-1
299,290,1768,823,105,203,1,-1,-1,-1
299,287,1808,306,54,95,1,-1,-1,-1
299,285,1094,164,28,62,1,-1,-1,-1
299,278,1259,426,53,130,1,-1,-1,-1
299,277,1233,591,81,158,1,-1,-1,-1
299,274,1223,443,46,126,1,-1,-1,-1
299,265,137,577,63,168,1,-1,-1,-1
299,263,951,297,47,87,1,-1,-1,-1
299,256,310,390,49,118,1,-1,-1,-1
299,255,467,468,49,132,1,-1,-1,-1
299,250,1006,445,49,127,1,-1,-1,-1
299,249,706,593,65,59,1,-1,-1,-1
299,221,515,439,57,133,1,-1,-1,-1
299,173,6,461,61,143,1,-1,-1,-1
299,124,543,662,109,76,1,-1,-1,-1
300,290,1741,817,104,201,1,-1,-1,-1
300,287,1797,301,37,99,1,-1,-1,-1
300,285,1087,162,28,62,1,-1,-1,-1
300,278,1247,421,52,132,1,-1,-1,-1
300,277,1212,581,73,161,1,-1,-1,-1
300,274,1211,440,44,124,1,-1,-1,-1
300,265,126,571,66,165,1,-1,-1,-1
300,263,939,294,42,88,1,-1,-1,-1
300,256,304,388,50,114,1,-1,-1,-1
300,255,456,464,47,131,1,-1,-1,-1
300,250,996,444,49,127,1,-1,-1,-1
300,249,700,589,64,59,1,-1,-1,-1
300,221,511,438,57,133,1,-1,-1,-1
300,173,3,459,61,143,1,-1,-1,-1
300,124,538,664,106,74,1,-1,-1,-1
301,290,1736,818,105,201,1,-1,-1,-1
301,287,1796,301,37,99,1,-1,-1,-1
301,285,1087,162,28,62,1,-1,-1,-1
301,278,1247,421,52,132,1,-1,-1,-1
301,277,1210,582,76,161,1,-1,-1,-1
301,274,1211,440,44,124,1,-1,-1,-1
301,265,126,571,67,165,1,-1,-1,-1
301,263,939,294,42,88,1,-1,-1,-1
301,256,304,388,50,114,1,-1,-1,-1
301,255,456,464,47,131,1,-1,-1,-1
301,250,996,444,49,127,1,-1,-1,-1
301,249,700,589,64,59,1,-1,-1,-1
301,221,507,436,57,133,1,-1,-1,-1
301,173,0,457,60,143,1,-1,-1,-1
301,124,532,666,103,71,1,-1,-1,-1
302,290,1709,817,102,202,1,-1,-1,-1
302,287,1785,300,40,98,1,-1,-1,-1
302,285,1086,161,28,61,1,-1,-1,-1
302,278,1246,421,49,131,1,-1,-1,-1
302,277,1200,583,75,159,1,-1,-1,-1
302,274,1208,438,45,124,1,-1,-1,-1
302,265,125,571,67,165,1,-1,-1,-1
302,263,935,293,42,87,1,-1,-1,-1
302,256,305,386,49,114,1,-1,-1,-1
302,255,454,463,48,131,1,-1,-1,-1
302,250,993,444,48,127,1,-1,-1,-1
302,249,698,588,64,59,1,-1,-1,-1
302,221,509,434,58,133,1,-1,-1,-1
302,173,0,456,59,143,1,-1,-1,-1
302,124,524,663,102,73,1,-1,-1,-1
303,290,1682,816,100,203,1,-1,-1,-1
303,287,1773,299,44,96,1,-1,-1,-1
303,285,1085,161,27,61,1,-1,-1,-1
303,278,1245,421,46,130,1,-1,-1,-1
303,277,1189,584,74,158,1,-1,-1,-1
303,274,1205,436,45,124,1,-1,-1,-1
303,265,125,570,68,164,1,-1,-1,-1
303,263,931,293,41,86,1,-1,-1,-1
303,256,306,384,49,114,1,-1,-1,-1
303,255,451,461,48,130,1,-1,-1,-1
303,250,991,443,47,126,1,-1,-1,-1
303,249,697,587,65,58,1,-1,-1,-1
303,221,510,433,59,134,1,-1,-1,-1
303,173,0,455,58,142,1,-1,-1,-1
303,124,516,660,100,75,1,-1,-1,-1
304,290,1655,816,98,204,1,-1,-1,-1
304,287,1762,298,47,95,1,-1,-1,-1
304,285,1083,160,26,61,1,-1,-1,-1
304,278,1243,421,44,129,1,-1,-1,-1
304,277,1178,584,72,156,1,-1,-1,-1
304,274,1202,435,46,125,1,-1,-1,-1
304,265,124,569,68,163,1,-1,-1,-1
304,263,928,293,41,85,1,-1,-1,-1
304,256,307,382,48,115,1,-1,-1,-1
304,255,449,460,49,130,1,-1,-1,-1
304,250,988,442,46,125,1,-1,-1,-1
304,249,696,585,65,58,1,-1,-1,-1
304,221,511,431,60,134,1,-1,-1,-1
304,173,0,453,57,142,1,-1,-1,-1
304,124,508,658,98,76,1,-1,-1,-1
305,290,1628,815,96,205,1,-1,-1,-1
305,287,1751,297,50,93,1,-1,-1,-1
305,285,1082,160,25,60,1,-1,-1,-1
305,278,1242,421,41,128,1,-1,-1,-1
305,277,1167,585,71,155,1,-1,-1,-1
305,274,1199,433,47,125,1,-1,-1,-1
305,265,123,568,69,162,1,-1,-1,-1
305,263,924,293,41,84,1,-1,-1,-1
305,256,307,380,48,115,1,-1,-1,-1
305,255,446,459,50,129,1,-1,-1,-1
305,250,986,442,45,125,1,-1,-1,-1
305,249,694,584,65,58,1,-1,-1,-1
305,221,512,429,61,135,1,-1,-1,-1
305,173,0,452,55,141,1,-1,-1,-1
305,124,500,655,97,78,1,-1,-1,-1
306,290,1601,814,94,206,1,-1,-1,-1
306,287,1740,296,53,92,1,-1,-1,-1
306,285,1081,159,24,60,1,-1,-1,-1
306,278,1241,421,39,127,1,-1,-1,-1
306,277,1156,586,70,153,1,-1,-1,-1
306,274,1196,431,48,125,1,-1,-1,-1
306,265,122,568,70,162,1,-1,-1,-1
306,263,920,292,40,83,1,-1,-1,-1
306,256,308,378,47,115,1,-1,-1,-1
306,255,444,457,50,128,1,-1,-1,-1
306,250,983,441,44,124,1,-1,-1,-1
306,249,693,583,65,57,1,-1,-1,-1
306,221,514,428,62,135,1,-1,-1,-1
306,173,0,451,54,141,1,-1,-1,-1
306,124,492,652,95,80,1,-1,-1,-1
307,290,1568,813,91,207,1,-1,-1,-1
307,287,1726,295,57,90,1,-1,-1,-1
307,285,1080,158,23,59,1,-1,-1,-1
307,278,1239,421,35,125,1,-1,-1,-1
307,277,1142,587,68,151,1,-1,-1,-1
307,274,1192,429,49,126,1,-1,-1,-1
307,265,121,567,70,161,1,-1,-1,-1
307,263,916,292,40,82,1,-1,-1,-1
307,256,309,376,47,116,1,-1,-1,-1
307,255,441,456,51,128,1,-1,-1,-1
307,250,980,440,43,123,1,-1,-1,-1
307,249,692,582,66,57,1,-1,-1,-1
307,221,515,426,63,136,1,-1,-1,-1
307,173,0,449,52,141,1,-1,-1,-1
307,124,482,649,93,82,1,-1,-1,-1
308,290,1550,811,96,208,1,-1,-1,-1
308,287,1725,294,51,91,1,-1,-1,-1
308,285,1080,158,24,60,1,-1,-1,-1
308,278,1238,421,36,125,1,-1,-1,-1
308,277,1136,585,70,152,1,-1,-1,-1
308,274,1190,427,51,125,1,-1,-1,-1
308,265,121,566,69,161,1,-1,-1,-1
308,263,913,291,38,83,1,-1,-1,-1
308,256,311,375,46,116,1,-1,-1,-1
308,255,441,455,50,127,1,-1,-1,-1
308,250,977,440,44,124,1,-1,-1,-1
308,249,692,581,66,57,1,-1,-1,-1
308,221,516,426,63,136,1,-1,-1,-1
308,173,0,449,55,140,1,-1,-1,-1
308,124,478,651,94,79,1,-1,-1,-1
309,292,1865,648,54,179,1,-1,-1,-1
309,290,1527,809,102,210,1,-1,-1,-1
309,287,1724,293,44,91,1,-1,-1,-1
309,285,1081,157,24,60,1,-1,-1,-1
309,278,1237,420,36,125,1,-1,-1,-1
309,277,1128,584,73,152,1,-1,-1,-1
309,274,1188,426,53,125,1,-1,-1,-1
309,265,121,564,67,161,1,-1,-1,-1
309,263,910,289,36,84,1,-1,-1,-1
309,256,314,373,45,115,1,-1,-1,-1
309,255,441,454,48,127,1,-1,-1,-1
309,250,973,440,46,125,1,-1,-1,-1
309,249,692,580,66,57,1,-1,-1,-1
309,221,517,426,64,136,1,-1,-1,-1
309,173,0,449,58,139,1,-1,-1,-1
309,124,473,654,96,75,1,-1,-1,-1
310,292,1846,638,73,185,1,-1,-1,-1
310,290,1487,804,113,212,1,-1,-1,-1
310,287,1723,290,30,93,1,-1,-1,-1
310,285,1082,156,24,60,1,-1,-1,-1
310,278,1234,419,37,125,1,-1,-1,-1
310,277,1114,580,78,153,1,-1,-1,-1
310,274,1183,423,57,124,1,-1,-1,-1
310,265,121,563,65,161,1,-1,-1,-1
310,263,904,287,32,86,1,-1,-1,-1
310,256,317,371,44,115,1,-1,-1,-1
310,255,441,452,46,127,1,-1,-1,-1
310,250,966,439,49,127,1,-1,-1,-1
310,249,692,579,66,57,1,-1,-1,-1
310,221,519,426,64,136,1,-1,-1,-1
310,173,0,448,64,138,1,-1,-1,-1
310,124,468,656,98,71,1,-1,-1,-1
311,292,1834,634,69,184,1,-1,-1,-1
311,290,1479,804,116,212,1,-1,-1,-1
311,287,1721,290,31,93,1,-1,-1,-1
311,285,1081,156,24,60,1,-1,-1,-1
311,278,1234,419,37,125,1,-1,-1,-1
311,277,1114,581,77,153,1,-1,-1,-1
311,274,1183,423,57,124,1,-1,-1,-1
311,265,122,562,63,161,1,-1,-1,-1
311,263,902,287,33,86,1,-1,-1,-1
311,256,320,369,44,115,1,-1,-1,-1
311,255,441,451,44,127,1,-1,-1,-1
311,250,965,440,49,127,1,-1,-1,-1
311,249,693,578,66,57,1,-1,-1,-1
311,221,520,426,65,136,1,-1,-1,-1
311,173,0,448,65,138,1,-1,-1,-1
311,124,463,659,100,67,1,-1,-1,-1
312,292,1806,629,87,189,1,-1,-1,-1
312,290,1448,805,128,214,1,-1,-1,-1
312,287,1715,287,35,94,1,-1,-1,-1
312,285,1081,156,24,61,1,-1,-1,-1
312,278,1234,417,36,126,1,-1,-1,-1
312,277,1112,582,75,149,1,-1,-1,-1
312,274,1180,422,59,124,1,-1,-1,-1
312,265,122,561,62,161,1,-1,-1,-1
312,263,898,286,35,86,1,-1,-1,-1
312,256,323,367,43,114,1,-1,-1,-1
312,255,441,450,42,127,1,-1,-1,-1
312,250,964,441,48,127,1,-1,-1,-1
312,249,693,577,66,57,1,-1,-1,-1
312,221,521,426,65,136,1,-1,-1,-1
312,173,1,449,68,138,1,-1,-1,-1
312,124,458,662,102,63,1,-1,-1,-1
313,292,1784,628,102,187,1,-1,-1,-1
313,290,1402,807,146,216,1,-1,-1,-1
313,287,1704,284,41,96,1,-1,-1,-1
313,285,1081,155,24,61,1,-1,-1,-1
313,278,1233,415,35,128,1,-1,-1,-1
313,277,1110,584,72,143,1,-1,-1,-1
313,274,1176,421,63,123,1,-1,-1,-1
313,265,122,559,59,161,1,-1,-1,-1
313,263,890,285,40,86,1,-1,-1,-1
313,256,328,364,41,114,1,-1,-1,-1
313,255,441,448,40,127,1,-1,-1,-1
313,250,963,442,46,126,1,-1,-1,-1
313,249,693,576,66,57,1,-1,-1,-1
313,221,523,426,66,137,1,-1,-1,-1
313,173,4,449,73,137,1,-1,-1,-1
313,124,450,666,105,58,1,-1,-1,-1
314,292,1780,627,98,186,1,-1,-1,-1
314,290,1392,807,144,217,1,-1,-1,-1
314,287,1703,284,42,95,1,-1,-1,-1
314,285,1081,155,24,61,1,-1,-1,-1
314,278,1232,415,35,127,1,-1,-1,-1
314,277,1110,583,72,144,1,-1,-1,-1
314,274,1174,421,66,122,1,-1,-1,-1
314,265,122,558,58,161,1,-1,-1,-1
314,263,889,285,40,85,1,-1,-1,-1
314,256,328,364,42,114,1,-1,-1,-1
314,255,441,448,39,127,1,-1,-1,-1
314,250,961,442,47,126,1,-1,-1,-1
314,249,694,575,66,57,1,-1,-1,-1
314,221,524,426,65,137,1,-1,-1,-1
314,173,5,449,73,137,1,-1,-1,-1
314,124,451,665,105,58,1,-1,-1,-1
315,292,1772,626,91,184,1,-1,-1,-1
315,290,1372,806,141,217,1,-1,-1,-1
315,287,1699,285,43,94,1,-1,-1,-1
315,285,1080,155,24,61,1,-1,-1,-1
315,278,1231,415,34,127,1,-1,-1,-1
315,277,1109,581,71,146,1,-1,-1,-1
315,274,1172,421,66,123,1,-1,-1,-1
315,265,122,558,56,161,1,-1,-1,-1
315,263,887,285,41,85,1,-1,-1,-1
315,256,330,365,45,113,1,-1,-1,-1
315,255,442,447,39,126,1,-1,-1,-1
315,250,959,442,47,126,1,-1,-1,-1
315,249,694,575,66,57,1,-1,-1,-1
315,221,525,425,63,137,1,-1,-1,-1
315,173,7,449,73,136,1,-1,-1,-1
315,124,451,664,105,59,1,-1,-1,-1
316,292,1764,625,83,182,1,-1,-1,-1
316,290,1353,805,137,218,1,-1,-1,-1
316,287,1695,286,43,92,1,-1,-1,-1
316,285,1080,155,24,60,1,-1,-1,-1
316,278,1229,415,34,127,1,-1,-1,-1
316,277,1108,579,71,148,1,-1,-1,-1
316,274,1171,420,66,123,1,-1,-1,-1
316,265,123,557,53,162,1,-1,-1,-1
316,263,884,285,43,84,1,-1,-1,-1
316,256,331,365,47,112,1,-1,-1,-1
316,255,442,447,38,126,1,-1,-1,-1
316,250,956,441,48,126,1,-1,-1,-1
316,249,695,575,66,57,1,-1,-1,-1
316,221,527,425,60,137,1,-1,-1,-1
316,173,10,449,74,136,1,-1,-1,-1
316,124,451,662,105,60,1,-1,-1,-1
317,292,1757,623,75,180,1,-1,-1,-1
317,290,1334,804,134,219,1,-1,-1,-1
317,287,1692,286,44,91,1,-1,-1,-1
317,285,1080,155,23,60,1,-1,-1,-1
317,278,1228,415,33,126,1,-1,-1,-1
317,277,1107,577,71,151,1,-1,-1,-1
317,274,1169,419,67,123,1,-1,-1,-1
317,265,123,556,51,162,1,-1,-1,-1
317,263,882,285,44,84,1,-1,-1,-1
317,256,333,365,50,112,1,-1,-1,-1
317,255,443,446,37,126,1,-1,-1,-1
317,250,954,441,48,126,1,-1,-1,-1
317,249,695,574,66,56,1,-1,-1,-1
317,221,528,425,58,138,1,-1,-1,-1
317,173,12,449,74,136,1,-1,-1,-1
317,124,452,661,105,61,1,-1,-1,-1
318,292,1749,622,68,178,1,-1,-1,-1
318,290,1315,803,131,219,1,-1,-1,-1
318,287,1688,287,45,89,1,-1,-1,-1
318,285,1080,155,23,60,1,-1,-1,-1
318,278,1226,415,33,126,1,-1,-1,-1
318,277,1107,575,70,153,1,-1,-1,-1
318,274,1167,418,67,123,1,-1,-1,-1
318,265,124,555,49,163,1,-1,-1,-1
318,263,880,285,45,84,1,-1,-1,-1
318,256,334,366,53,111,1,-1,-1,-1
318,255,443,445,36,126,1,-1,-1,-1
318,250,951,440,49,126,1,-1,-1,-1
318,249,696,574,66,56,1,-1,-1,-1
318,221,530,424,55,138,1,-1,-1,-1
318,173,15,449,74,136,1,-1,-1,-1
318,124,452,659,106,63,1,-1,-1,-1
319,292,1736,620,55,174,1,-1,-1,-1
319,290,1283,802,125,220,1,-1,-1,-1
319,287,1682,288,46,87,1,-1,-1,-1
319,285,1080,156,22,60,1,-1,-1,-1
319,278,1224,414,32,125,1,-1,-1,-1
319,277,1106,572,69,156,1,-1,-1,-1
319,274,1163,417,67,124,1,-1,-1,-1
319,265,124,553,45,163,1,-1,-1,-1
319,263,876,285,47,83,1,-1,-1,-1
319,256,337,366,57,110,1,-1,-1,-1
319,255,444,444,35,126,1,-1,-1,-1
319,250,947,440,50,125,1,-1,-1,-1
319,249,697,573,66,56,1,-1,-1,-1
319,221,533,424,51,138,1,-1,-1,-1
319,173,19,449,75,136,1,-1,-1,-1
319,124,453,656,106,64,1,-1,-1,-1
320,292,1732,619,56,175,1,-1,-1,-1
320,290,1278,802,123,220,1,-1,-1,-1
320,287,1682,288,46,87,1,-1,-1,-1
320,285,1080,156,22,60,1,-1,-1,-1
320,278,1224,414,32,125,1,-1,-1,-1
320,277,1106,572,70,156,1,-1,-1,-1
320,274,1163,417,67,124,1,-1,-1,-1
320,265,124,553,46,163,1,-1,-1,-1
320,263,876,285,47,83,1,-1,-1,-1
320,256,339,366,56,110,1,-1,-1,-1
320,255,444,444,35,126,1,-1,-1,-1
320,250,946,440,51,126,1,-1,-1,-1
320,249,697,573,66,56,1,-1,-1,-1
320,221,533,424,51,138,1,-1,-1,-1
320,173,21,448,74,136,1,-1,-1,-1
320,124,453,656,105,64,1,-1,-1,-1
321,292,1720,615,60,177,1,-1,-1,-1
321,290,1263,804,114,219,1,-1,-1,-1
321,287,1684,287,44,87,1,-1,-1,-1
321,285,1080,155,23,60,1,-1,-1,-1
321,278,1222,415,32,124,1,-1,-1,-1
321,277,1106,571,71,155,1,-1,-1,-1
321,274,1163,416,66,123,1,-1,-1,-1
321,265,124,552,47,163,1,-1,-1,-1
321,263,875,285,45,83,1,-1,-1,-1
321,256,345,366,51,109,1,-1,-1,-1
321,255,444,443,36,126,1,-1,-1,-1
321,250,944,441,56,126,1,-1,-1,-1
321,249,697,572,66,56,1,-1,-1,-1
321,221,536,424,51,138,1,-1,-1,-1
321,173,28,448,70,137,1,-1,-1,-1
321,124,454,656,102,64,1,-1,-1,-1
322,292,1708,611,64,179,1,-1,-1,-1
322,290,1248,805,106,219,1,-1,-1,-1
322,287,1686,286,42,88,1,-1,-1,-1
322,285,1080,155,23,60,1,-1,-1,-1
322,278,1220,415,32,124,1,-1,-1,-1
322,277,1107,571,73,155,1,-1,-1,-1
322,274,1163,415,65,122,1,-1,-1,-1
322,265,125,551,48,162,1,-1,-1,-1
322,263,874,285,43,83,1,-1,-1,-1
322,256,351,366,47,109,1,-1,-1,-1
322,255,445,443,37,126,1,-1,-1,-1
322,250,942,442,61,126,1,-1,-1,-1
322,249,698,571,66,56,1,-1,-1,-1
322,221,538,424,50,137,1,-1,-1,-1
322,173,35,447,67,137,1,-1,-1,-1
322,124,455,656,98,63,1,-1,-1,-1
323,292,1696,607,68,181,1,-1,-1,-1
323,290,1234,807,97,218,1,-1,-1,-1
323,287,1689,285,40,88,1,-1,-1,-1
323,285,1079,155,23,60,1,-1,-1,-1
323,278,1218,415,33,123,1,-1,-1,-1
323,277,1108,570,74,154,1,-1,-1,-1
323,274,1162,415,64,121,1,-1,-1,-1
323,265,125,551,49,162,1,-1,-1,-1
323,263,874,285,42,83,1,-1,-1,-1
323,256,357,365,42,108,1,-1,-1,-1
323,255,446,442,38,127,1,-1,-1,-1
323,250,939,443,66,126,1,-1,-1,-1
323,249,699,571,65,56,1,-1,-1,-1
323,221,540,424,49,137,1,-1,-1,-1
323,173,42,446,64,138,1,-1,-1,-1
323,124,456,656,95,62,1,-1,-1,-1
324,292,1684,603,72,183,1,-1,-1,-1
324,290,1219,808,89,217,1,-1,-1,-1
324,287,1691,284,38,89,1,-1,-1,-1
324,285,1079,154,23,60,1,-1,-1,-1
324,278,1216,416,33,122,1,-1,-1,-1
324,277,1109,570,76,153,1,-1,-1,-1
324,274,1162,414,63,120,1,-1,-1,-1
324,265,125,550,50,162,1,-1,-1,-1
324,263,873,285,40,82,1,-1,-1,-1
324,256,363,365,38,107,1,-1,-1,-1
324,255,446,441,39,127,1,-1,-1,-1
324,250,937,445,71,127,1,-1,-1,-1
324,249,699,570,65,56,1,-1,-1,-1
324,221,542,424,49,136,1,-1,-1,-1
324,173,49,446,60,138,1,-1,-1,-1
324,124,458,656,92,62,1,-1,-1,-1
325,292,1672,599,76,184,1,-1,-1,-1
325,290,1189,811,72,215,1,-1,-1,-1
325,287,1695,283,34,90,1,-1,-1,-1
325,285,1079,154,23,61,1,-1,-1,-1
325,278,1213,416,33,121,1,-1,-1,-1
325,277,1110,569,77,153,1,-1,-1,-1
325,274,1161,413,62,118,1,-1,-1,-1
325,265,126,548,52,161,1,-1,-1,-1
325,263,872,284,37,82,1,-1,-1,-1
325,256,375,365,29,106,1,-1,-1,-1
325,255,447,440,41,127,1,-1,-1,-1
325,250,933,447,81,127,1,-1,-1,-1
325,249,700,568,65,56,1,-1,-1,-1
325,221,545,423,48,136,1,-1,-1,-1
325,173,56,445,57,139,1,-1,-1,-1
325,124,459,656,89,61,1,-1,-1,-1
326,292,1660,595,80,186,1,-1,-1,-1
326,290,1189,811,72,215,1,-1,-1,-1
326,287,1695,283,34,90,1,-1,-1,-1
326,285,1079,154,23,61,1,-1,-1,-1
326,278,1213,416,33,121,1,-1,-1,-1
326,277,1110,568,79,152,1,-1,-1,-1
326,274,1161,413,62,118,1,-1,-1,-1
326,265,126,548,52,161,1,-1,-1,-1
326,263,872,284,37,82,1,-1,-1,-1
326,256,375,365,29,106,1,-1,-1,-1
326,255,447,440,41,127,1,-1,-1,-1
326,250,933,447,81,127,1,-1,-1,-1
326,249,700,568,65,56,1,-1,-1,-1
326,221,547,423,48,135,1,-1,-1,-1
326,173,63,444,53,139,1,-1,-1,-1
326,124,460,656,85,60,1,-1,-1,-1
327,292,1650,593,83,186,1,-1,-1,-1
327,290,1169,811,73,216,1,-1,-1,-1
327,287,1694,282,36,90,1,-1,-1,-1
327,285,1079,154,23,61,1,-1,-1,-1
327,278,1210,417,35,120,1,-1,-1,-1
327,277,1111,568,81,153,1,-1,-1,-1
327,274,1162,413,61,118,1,-1,-1,-1
327,265,126,547,53,161,1,-1,-1,-1
327,263,870,284,37,82,1,-1,-1,-1
327,256,377,364,35,106,1,-1,-1,-1
327,255,448,440,41,126,1,-1,-1,-1
327,250,931,447,78,127,1,-1,-1,-1
327,249,701,568,65,56,1,-1,-1,-1
327,221,549,423,49,135,1,-1,-1,-1
327,173,67,445,55,137,1,-1,-1,-1
327,124,461,656,83,59,1,-1,-1,-1
328,292,1640,592,87,186,1,-1,-1,-1
328,290,1150,812,75,217,1,-1,-1,-1
328,287,1693,282,37,90,1,-1,-1,-1
328,285,1079,154,22,60,1,-1,-1,-1
328,278,1208,418,37,119,1,-1,-1,-1
328,277,1112,568,84,154,1,-1,-1,-1
328,274,1163,412,61,118,1,-1,-1,-1
328,265,126,546,53,161,1,-1,-1,-1
328,263,869,284,37,83,1,-1,-1,-1
328,256,380,364,40,106,1,-1,-1,-1
328,255,448,440,41,125,1,-1,-1,-1
328,250,929,446,76,126,1,-1,-1,-1
328,249,701,567,65,56,1,-1,-1,-1
328,221,550,423,51,136,1,-1,-1,-1
328,173,71,446,58,134,1,-1,-1,-1
328,124,461,656,80,58,1,-1,-1,-1
329,292,1630,590,90,186,1,-1,-1,-1
329,290,1131,812,76,218,1,-1,-1,-1
329,287,1693,281,39,90,1,-1,-1,-1
329,285,1079,154,22,60,1,-1,-1,-1
329,278,1205,419,38,118,1,-1,-1,-1
329,277,1113,567,86,155,1,-1,-1,-1
329,274,1164,412,61,118,1,-1,-1,-1
329,265,126,545,54,161,1,-1,-1,-1
329,263,867,285,37,83,1,-1,-1,-1
329,256,382,364,46,106,1,-1,-1,-1
329,255,449,440,41,125,1,-1,-1,-1
329,250,928,446,73,126,1,-1,-1,-1
329,249,701,567,65,56,1,-1,-1,-1
329,221,552,422,52,136,1,-1,-1,-1
329,173,74,447,61,132,1,-1,-1,-1
329,124,462,656,77,57,1,-1,-1,-1
330,292,1620,589,94,185,1,-1,-1,-1
330,290,1112,812,77,220,1,-1,-1,-1
330,287,1692,281,41,90,1,-1,-1,-1
330,285,1079,155,22,59,1,-1,-1,-1
330,278,1202,420,40,118,1,-1,-1,-1
330,277,1113,567,89,155,1,-1,-1,-1
330,274,1165,411,61,119,1,-1,-1,-1
330,265,126,544,55,161,1,-1,-1,-1
330,263,866,285,37,83,1,-1,-1,-1
330,256,385,364,51,106,1,-1,-1,-1
330,255,449,440,42,124,1,-1,-1,-1
330,250,926,446,70,125,1,-1,-1,-1
330,249,702,566,65,56,1,-1,-1,-1
330,221,554,422,54,136,1,-1,-1,-1
330,173,78,449,63,129,1,-1,-1,-1
330,124,463,656,75,55,1,-1,-1,-1
331,292,1610,588,98,185,1,-1,-1,-1
331,290,1093,813,79,221,1,-1,-1,-1
331,287,1691,281,43,90,1,-1,-1,-1
331,285,1079,155,21,59,1,-1,-1,-1
331,278,1200,421,41,117,1,-1,-1,-1
331,277,1114,567,92,156,1,-1,-1,-1
331,274,1166,410,61,119,1,-1,-1,-1
331,265,126,543,55,161,1,-1,-1,-1
331,263,864,285,37,83,1,-1,-1,-1
331,256,387,363,57,106,1,-1,-1,-1
331,255,450,440,42,123,1,-1,-1,-1
331,250,925,446,67,124,1,-1,-1,-1
331,249,702,566,65,55,1,-1,-1,-1
331,221,556,422,55,137,1,-1,-1,-1
331,173,82,450,66,127,1,-1,-1,-1
331,124,463,657,72,54,1,-1,-1,-1
332,292,1598,586,102,185,1,-1,-1,-1
332,290,1069,813,80,222,1,-1,-1,-1
332,287,1690,280,45,90,1,-1,-1,-1
332,285,1079,155,21,59,1,-1,-1,-1
332,278,1197,422,43,116,1,-1,-1,-1
332,277,1115,566,95,157,1,-1,-1,-1
332,274,1167,410,60,119,1,-1,-1,-1
332,265,126,542,56,161,1,-1,-1,-1
332,263,862,285,37,83,1,-1,-1,-1
332,256,390,363,63,106,1,-1,-1,-1
332,255,451,440,42,122,1,-1,-1,-1
332,250,923,446,64,124,1,-1,-1,-1
332,249,702,565,65,55,1,-1,-1,-1
332,221,558,421,57,137,1,-1,-1,-1
332,173,87,451,69,124,1,-1,-1,-1
332,124,464,657,69,53,1,-1,-1,-1
333,292,1595,586,96,183,1,-1,-1,-1
333,290,1051,813,86,221,1,-1,-1,-1
333,287,1690,280,46,89,1,-1,-1,-1
333,285,1078,155,21,59,1,-1,-1,-1
333,278,1195,421,42,116,1,-1,-1,-1
333,277,1116,566,94,157,1,-1,-1,-1
333,274,1171,409,58,119,1,-1,-1,-1
333,265,126,542,57,161,1,-1,-1,-1
333,263,861,285,38,84,1,-1,-1,-1
333,256,394,362,60,107,1,-1,-1,-1
333,255,450,440,42,122,1,-1,-1,-1
333,250,920,446,63,124,1,-1,-1,-1
333,249,703,565,65,55,1,-1,-1,-1
333,221,560,421,57,137,1,-1,-1,-1
333,173,90,450,70,125,1,-1,-1,-1
333,124,464,658,69,52,1,-1,-1,-1
334,292,1591,586,89,180,1,-1,-1,-1
334,290,1027,812,94,221,1,-1,-1,-1
334,287,1689,280,47,89,1,-1,-1,-1
334,285,1078,155,21,59,1,-1,-1,-1
334,278,1193,421,41,117,1,-1,-1,-1
334,277,1117,565,93,157,1,-1,-1,-1
334,274,1176,409,55,118,1,-1,-1,-1
334,265,127,541,57,160,1,-1,-1,-1
334,263,861,284,39,84,1,-1,-1,-1
334,256,399,362,56,107,1,-1,-1,-1
334,255,450,440,42,121,1,-1,-1,-1
334,250,916,447,61,124,1,-1,-1,-1
334,249,703,565,64,55,1,-1,-1,-1
334,221,563,421,57,137,1,-1,-1,-1
334,173,95,450,70,127,1,-1,-1,-1
334,124,463,659,69,52,1,-1,-1,-1
335,292,1588,586,82,178,1,-1,-1,-1
335,290,1004,812,102,220,1,-1,-1,-1
335,287,1689,281,49,89,1,-1,-1,-1
335,285,1078,155,21,59,1,-1,-1,-1
335,278,1191,420,40,117,1,-1,-1,-1
335,277,1119,565,92,156,1,-1,-1,-1
335,274,1181,409,52,118,1,-1,-1,-1
335,265,128,541,57,160,1,-1,-1,-1
335,263,860,284,39,85,1,-1,-1,-1
335,256,404,361,51,107,1,-1,-1,-1
335,255,450,440,43,121,1,-1,-1,-1
335,250,912,448,59,124,1,-1,-1,-1
335,249,703,564,64,55,1,-1,-1,-1
335,221,566,421,56,137,1,-1,-1,-1
335,173,100,449,71,128,1,-1,-1,-1
335,124,463,661,69,52,1,-1,-1,-1
336,292,1584,585,75,176,1,-1,-1,-1
336,290,981,812,110,219,1,-1,-1,-1
336,287,1688,281,50,88,1,-1,-1,-1
336,285,1078,155,21,59,1,-1,-1,-1
336,278,1189,420,39,118,1,-1,-1,-1
336,277,1120,565,91,156,1,-1,-1,-1
336,274,1186,408,50,117,1,-1,-1,-1
336,265,128,541,57,159,1,-1,-1,-1
336,263,859,284,40,85,1,-1,-1,-1
336,256,409,360,47,108,1,-1,-1,-1
336,255,450,440,43,121,1,-1,-1,-1
336,250,909,449,57,124,1,-1,-1,-1
336,249,703,564,64,56,1,-1,-1,-1
336,221,568,420,56,137,1,-1,-1,-1
336,173,104,448,72,129,1,-1,-1,-1
336,124,462,662,70,51,1,-1,-1,-1
337,292,1580,585,67,173,1,-1,-1,-1
337,290,957,811,118,219,1,-1,-1,-1
337,287,1688,281,52,88,1,-1,-1,-1
337,285,1078,155,22,59,1,-1,-1,-1
337,278,1186,419,38,118,1,-1,-1,-1
337,277,1122,564,90,155,1,-1,-1,-1
337,274,1191,408,47,117,1,-1,-1,-1
337,265,129,541,58,159,1,-1,-1,-1
337,263,858,284,41,86,1,-1,-1,-1
337,256,413,359,43,108,1,-1,-1,-1
337,255,450,439,43,121,1,-1,-1,-1
337,250,905,450,55,125,1,-1,-1,-1
337,249,703,563,64,56,1,-1,-1,-1
337,221,571,420,56,137,1,-1,-1,-1
337,173,109,448,73,131,1,-1,-1,-1
337,124,461,663,70,51,1,-1,-1,-1
338,292,1574,585,57,170,1,-1,-1,-1
338,290,923,810,129,218,1,-1,-1,-1
338,287,1687,281,54,87,1,-1,-1,-1
338,285,1078,154,22,59,1,-1,-1,-1
338,278,1183,419,36,119,1,-1,-1,-1
338,277,1124,564,88,155,1,-1,-1,-1
338,274,1199,407,43,116,1,-1,-1,-1
338,265,130,540,58,158,1,-1,-1,-1
338,263,856,283,42,87,1,-1,-1,-1
338,256,421,358,37,109,1,-1,-1,-1
338,255,449,439,43,121,1,-1,-1,-1
338,250,899,451,52,125,1,-1,-1,-1
338,249,704,562,64,56,1,-1,-1,-1
338,221,575,420,56,137,1,-1,-1,-1
338,173,116,447,74,133,1,-1,-1,-1
338,124,460,665,70,50,1,-1,-1,-1
339,292,1569,586,60,169,1,-1,-1,-1
339,290,916,811,128,217,1,-1,-1,-1
339,287,1689,281,53,87,1,-1,-1,-1
339,285,1078,154,22,59,1,-1,-1,-1
339,278,1182,419,37,119,1,-1,-1,-1
339,277,1125,563,88,155,1,-1,-1,-1
339,274,1199,407,43,116,1,-1,-1,-1
339,265,131,540,58,158,1,-1,-1,-1
339,263,856,283,42,87,1,-1,-1,-1
339,256,423,358,37,108,1,-1,-1,-1
339,255,450,439,44,121,1,-1,-1,-1
339,250,899,451,51,125,1,-1,-1,-1
339,249,704,562,63,56,1,-1,-1,-1
339,221,576,420,56,137,1,-1,-1,-1
339,173,119,447,74,133,1,-1,-1,-1
339,124,458,664,71,52,1,-1,-1,-1
340,292,1560,586,65,168,1,-1,-1,-1
340,290,903,812,127,216,1,-1,-1,-1
340,287,1694,281,50,87,1,-1,-1,-1
340,285,1079,155,22,58,1,-1,-1,-1
340,278,1179,420,37,119,1,-1,-1,-1
340,277,1127,562,87,154,1,-1,-1,-1
340,274,1199,407,43,116,1,-1,-1,-1
340,265,132,540,57,157,1,-1,-1,-1
340,263,855,284,43,86,1,-1,-1,-1
340,256,426,358,39,108,1,-1,-1,-1
340,255,451,440,46,121,1,-1,-1,-1
340,250,898,451,49,125,1,-1,-1,-1
340,249,704,562,63,56,1,-1,-1,-1
340,221,578,420,57,136,1,-1,-1,-1
340,173,125,448,74,133,1,-1,-1,-1
340,124,454,661,74,54,1,-1,-1,-1
341,292,1551,587,71,166,1,-1,-1,-1
341,290,890,812,125,214,1,-1,-1,-1
341,287,1698,282,47,87,1,-1,-1,-1
341,285,1079,155,22,58,1,-1,-1,-1
341,278,1177,421,38,119,1,-1,-1,-1
341,277,1129,562,85,154,1,-1,-1,-1
341,274,1199,407,43,116,1,-1,-1,-1
341,265,133,540,57,157,1,-1,-1,-1
341,263,854,285,44,86,1,-1,-1,-1
341,256,430,359,41,107,1,-1,-1,-1
341,255,452,440,47,120,1,-1,-1,-1
341,250,897,451,48,125,1,-1,-1,-1
341,249,705,561,63,56,1,-1,-1,-1
341,221,580,420,58,136,1,-1,-1,-1
341,173,130,449,74,134,1,-1,-1,-1
341,124,450,658,77,56,1,-1,-1,-1
342,292,1542,588,77,165,1,-1,-1,-1
342,290,877,813,124,213,1,-1,-1,-1
342,287,1702,282,44,87,1,-1,-1,-1
342,285,1079,155,21,58,1,-1,-1,-1
342,278,1174,421,39,119,1,-1,-1,-1
342,277,1131,561,84,154,1,-1,-1,-1
342,274,1199,407,43,116,1,-1,-1,-1
342,265,134,539,56,157,1,-1,-1,-1
342,263,853,285,45,86,1,-1,-1,-1
342,256,433,359,42,106,1,-1,-1,-1
342,255,453,440,49,120,1,-1,-1,-1
342,250,896,451,46,125,1,-1,-1,-1
342,249,705,561,63,56,1,-1,-1,-1
342,221,582,420,58,136,1,-1,-1,-1
342,173,136,450,74,134,1,-1,-1,-1
342,124,445,656,79,59,1,-1,-1,-1
343,292,1533,589,83,164,1,-1,-1,-1
343,290,864,814,122,211,1,-1,-1,-1
343,287,1707,282,42,87,1,-1,-1,-1
343,285,1079,155,21,58,1,-1,-1,-1
343,278,1171,422,40,119,1,-1,-1,-1
343,277,1133,560,83,154,1,-1,-1,-1
343,274,1199,407,44,116,1,-1,-1,-1
343,265,135,539,56,156,1,-1,-1,-1
343,263,852,286,46,85,1,-1,-1,-1
343,256,437,360,44,106,1,-1,-1,-1
343,255,454,440,50,120,1,-1,-1,-1
343,250,895,451,44,125,1,-1,-1,-1
343,249,706,561,63,56,1,-1,-1,-1
343,221,584,420,59,135,1,-1,-1,-1
343,173,142,450,74,134,1,-1,-1,-1
343,124,441,653,82,61,1,-1,-1,-1
344,292,1517,590,93,161,1,-1,-1,-1
344,290,842,815,120,209,1,-1,-1,-1
344,287,1714,282,37,87,1,-1,-1,-1
344,285,1079,155,21,58,1,-1,-1,-1
344,278,1167,423,41,120,1,-1,-1,-1
344,277,1136,558,81,153,1,-1,-1,-1
344,274,1198,407,44,116,1,-1,-1,-1
344,265,136,539,55,156,1,-1,-1,-1
344,263,851,287,47,85,1,-1,-1,-1
344,256,443,360,47,105,1,-1,-1,-1
344,255,456,441,53,120,1,-1,-1,-1
344,250,893,451,41,125,1,-1,-1,-1
344,249,707,560,63,56,1,-1,-1,-1
344,221,587,421,60,135,1,-1,-1,-1
344,173,151,452,74,135,1,-1,-1,-1
344,124,433,648,86,66,1,-1,-1,-1
345,292,1517,590,91,161,1,-1,-1,-1
345,290,840,814,118,209,1,-1,-1,-1
345,287,1714,282,37,87,1,-1,-1,-1
345,285,1079,155,21,58,1,-1,-1,-1
345,278,1166,423,41,120,1,-1,-1,-1
345,277,1137,558,81,153,1,-1,-1,-1
345,274,1199,407,44,116,1,-1,-1,-1
345,265,137,539,55,155,1,-1,-1,-1
345,263,851,287,47,85,1,-1,-1,-1
345,256,444,360,47,104,1,-1,-1,-1
345,255,456,441,53,120,1,-1,-1,-1
345,250,892,452,42,125,1,-1,-1,-1
345,249,707,560,63,56,1,-1,-1,-1
345,221,588,421,60,135,1,-1,-1,-1
345,173,153,452,74,135,1,-1,-1,-1
345,124,432,649,87,65,1,-1,-1,-1
346,292,1515,589,84,160,1,-1,-1,-1
346,290,834,812,114,211,1,-1,-1,-1
346,287,1714,282,40,87,1,-1,-1,-1
346,285,1079,155,22,58,1,-1,-1,-1
346,278,1163,424,40,119,1,-1,-1,-1
346,277,1141,558,79,153,1,-1,-1,-1
346,274,1199,407,46,117,1,-1,-1,-1
346,265,137,540,54,155,1,-1,-1,-1
346,263,851,287,45,85,1,-1,-1,-1
346,256,448,360,46,103,1,-1,-1,-1
346,255,458,441,51,120,1,-1,-1,-1
346,250,890,453,43,126,1,-1,-1,-1
346,249,707,560,63,56,1,-1,-1,-1
346,221,590,421,58,135,1,-1,-1,-1
346,173,158,451,71,136,1,-1,-1,-1
346,124,428,650,90,65,1,-1,-1,-1
347,292,1514,589,78,158,1,-1,-1,-1
347,290,828,810,110,212,1,-1,-1,-1
347,287,1715,283,43,86,1,-1,-1,-1
347,285,1079,155,22,58,1,-1,-1,-1
347,278,1159,424,40,119,1,-1,-1,-1
347,277,1144,557,77,152,1,-1,-1,-1
347,274,1200,406,47,117,1,-1,-1,-1
347,265,138,540,53,154,1,-1,-1,-1
347,263,852,287,44,85,1,-1,-1,-1
347,256,453,360,45,103,1,-1,-1,-1
347,255,461,441,50,120,1,-1,-1,-1
347,250,888,454,44,126,1,-1,-1,-1
347,249,707,559,63,56,1,-1,-1,-1
347,221,592,421,57,135,1,-1,-1,-1
347,173,164,450,69,137,1,-1,-1,-1
347,124,424,652,92,64,1,-1,-1,-1
348,292,1513,588,71,157,1,-1,-1,-1
348,290,823,809,106,214,1,-1,-1,-1
348,287,1715,284,45,86,1,-1,-1,-1
348,285,1079,155,23,58,1,-1,-1,-1
348,278,1156,424,39,119,1,-1,-1,-1
348,277,1148,557,76,152,1,-1,-1,-1
348,274,1201,406,48,117,1,-1,-1,-1
348,265,139,541,52,154,1,-1,-1,-1
348,263,852,287,43,85,1,-1,-1,-1
348,256,457,360,45,102,1,-1,-1,-1
348,255,463,441,49,120,1,-1,-1,-1
348,250,886,455,45,127,1,-1,-1,-1
348,249,707,559,63,56,1,-1,-1,-1
348,221,594,422,55,135,1,-1,-1,-1
348,173,170,450,67,138,1,-1,-1,-1
348,124,420,654,95,64,1,-1,-1,-1
349,292,1512,587,64,156,1,-1,-1,-1
349,290,817,807,102,215,1,-1,-1,-1
349,287,1715,284,48,85,1,-1,-1,-1
349,285,1079,155,23,59,1,-1,-1,-1
349,278,1153,424,38,119,1,-1,-1,-1
349,277,1151,557,74,151,1,-1,-1,-1
349,274,1202,406,49,117,1,-1,-1,-1
349,265,140,542,51,153,1,-1,-1,-1
349,263,853,287,41,85,1,-1,-1,-1
349,256,461,360,44,101,1,-1,-1,-1
349,255,465,442,48,120,1,-1,-1,-1
349,250,883,456,47,128,1,-1,-1,-1
349,249,707,559,63,56,1,-1,-1,-1
349,221,596,422,53,135,1,-1,-1,-1
349,173,175,449,65,139,1,-1,-1,-1
349,124,417,655,98,63,1,-1,-1,-1
350,292,1511,587,58,154,1,-1,-1,-1
350,290,805,803,94,218,1,-1,-1,-1
350,287,1715,285,53,84,1,-1,-1,-1
350,285,1079,155,24,59,1,-1,-1,-1
350,278,1147,424,37,119,1,-1,-1,-1
350,277,1155,556,72,151,1,-1,-1,-1
350,274,1203,405,52,117,1,-1,-1,-1
350,265,141,543,50,153,1,-1,-1,-1
350,263,854,287,39,85,1,-1,-1,-1
350,256,469,361,43,99,1,-1,-1,-1
350,255,469,442,45,121,1,-1,-1,-1
350,250,879,458,49,129,1,-1,-1,-1
350,249,707,558,63,55,1,-1,-1,-1
350,221,598,422,52,134,1,-1,-1,-1
350,173,181,449,62,140,1,-1,-1,-1
350,124,413,657,100,62,1,-1,-1,-1
351,292,1510,586,51,153,1,-1,-1,-1
351,290,805,803,94,218,1,-1,-1,-1
351,287,1716,285,53,84,1,-1,-1,-1
351,285,1079,155,24,59,1,-1,-1,-1
351,278,1147,424,37,119,1,-1,-1,-1
351,277,1158,556,70,151,1,-1,-1,-1
351,274,1204,405,52,117,1,-1,-1,-1
351,265,142,544,49,152,1,-1,-1,-1
351,263,854,287,39,85,1,-1,-1,-1
351,256,469,361,43,99,1,-1,-1,-1
351,255,469,442,45,121,1,-1,-1,-1
351,250,879,458,49,129,1,-1,-1,-1
351,249,707,558,63,55,1,-1,-1,-1
351,221,600,423,50,134,1,-1,-1,-1
351,173,187,448,60,141,1,-1,-1,-1
351,124,408,658,103,62,1,-1,-1,-1
352,292,1500,585,56,153,1,-1,-1,-1
352,290,801,803,92,218,1,-1,-1,-1
352,287,1721,285,50,85,1,-1,-1,-1
352,285,1080,156,24,59,1,-1,-1,-1
352,278,1142,425,39,119,1,-1,-1,-1
352,277,1159,556,68,151,1,-1,-1,-1
352,274,1207,405,50,117,1,-1,-1,-1
352,265,144,544,48,152,1,-1,-1,-1
352,263,854,288,39,85,1,-1,-1,-1
352,256,472,361,45,100,1,-1,-1,-1
352,255,472,442,45,121,1,-1,-1,-1
352,250,877,458,47,129,1,-1,-1,-1
352,249,708,558,63,55,1,-1,-1,-1
352,221,602,423,50,134,1,-1,-1,-1
352,173,191,450,60,141,1,-1,-1,-1
352,124,405,657,106,63,1,-1,-1,-1
353,292,1490,585,62,154,1,-1,-1,-1
353,290,796,804,91,217,1,-1,-1,-1
353,287,1726,285,46,86,1,-1,-1,-1
353,285,1081,156,23,59,1,-1,-1,-1
353,278,1138,426,42,119,1,-1,-1,-1
353,277,1160,555,65,152,1,-1,-1,-1
353,274,1211,406,48,117,1,-1,-1,-1
353,265,145,545,47,151,1,-1,-1,-1
353,263,853,288,39,85,1,-1,-1,-1
353,256,476,361,47,102,1,-1,-1,-1
353,255,474,442,44,121,1,-1,-1,-1
353,250,874,459,46,128,1,-1,-1,-1
353,249,708,558,63,55,1,-1,-1,-1
353,221,605,423,50,134,1,-1,-1,-1
353,173,196,452,61,140,1,-1,-1,-1
353,124,401,656,110,64,1,-1,-1,-1
354,292,1480,584,68,154,1,-1,-1,-1
354,290,792,804,89,216,1,-1,-1,-1
354,287,1731,284,43,86,1,-1,-1,-1
354,285,1082,156,22,59,1,-1,-1,-1
354,278,1134,426,44,119,1,-1,-1,-1
354,277,1161,555,62,152,1,-1,-1,-1
354,274,1214,406,47,117,1,-1,-1,-1
354,265,147,546,46,150,1,-1,-1,-1
354,263,853,289,39,85,1,-1,-1,-1
354,256,480,361,49,103,1,-1,-1,-1
354,255,476,442,43,121,1,-1,-1,-1
354,250,872,459,45,128,1,-1,-1,-1
354,249,708,558,63,55,1,-1,-1,-1
354,221,607,424,50,134,1,-1,-1,-1
354,173,200,453,61,140,1,-1,-1,-1
354,124,398,654,113,65,1,-1,-1,-1
355,292,1470,584,73,154,1,-1,-1,-1
355,290,788,805,88,216,1,-1,-1,-1
355,287,1736,284,40,87,1,-1,-1,-1
355,285,1084,157,21,58,1,-1,-1,-1
355,278,1129,427,47,119,1,-1,-1,-1
355,277,1162,554,59,152,1,-1,-1,-1
355,274,1218,406,45,117,1,-1,-1,-1
355,265,148,546,44,149,1,-1,-1,-1
355,263,853,290,39,85,1,-1,-1,-1
355,256,483,362,51,104,1,-1,-1,-1
355,255,478,442,43,121,1,-1,-1,-1
355,250,870,460,43,128,1,-1,-1,-1
355,249,708,558,63,55,1,-1,-1,-1
355,221,610,424,49,134,1,-1,-1,-1
355,173,204,455,62,140,1,-1,-1,-1
355,124,394,653,117,66,1,-1,-1,-1
356,292,1460,583,79,155,1,-1,-1,-1
356,290,783,805,86,215,1,-1,-1,-1
356,287,1741,284,36,88,1,-1,-1,-1
356,285,1085,157,20,58,1,-1,-1,-1
356,278,1125,428,49,118,1,-1,-1,-1
356,277,1163,554,56,153,1,-1,-1,-1
356,274,1222,406,44,117,1,-1,-1,-1
356,265,150,547,43,148,1,-1,-1,-1
356,263,853,291,39,85,1,-1,-1,-1
356,256,487,362,53,106,1,-1,-1,-1
356,255,480,441,42,121,1,-1,-1,-1
356,250,868,460,42,128,1,-1,-1,-1
356,249,709,558,63,55,1,-1,-1,-1
356,221,612,424,49,134,1,-1,-1,-1
356,173,209,457,62,139,1,-1,-1,-1
356,124,391,652,120,68,1,-1,-1,-1
357,292,1448,583,86,155,1,-1,-1,-1
357,290,778,805,85,214,1,-1,-1,-1
357,287,1747,283,33,89,1,-1,-1,-1
357,285,1086,157,19,58,1,-1,-1,-1
357,278,1120,429,52,118,1,-1,-1,-1
357,277,1165,553,52,153,1,-1,-1,-1
357,274,1226,406,42,117,1,-1,-1,-1
357,265,151,548,42,147,1,-1,-1,-1
357,263,852,292,39,85,1,-1,-1,-1
357,256,491,362,55,107,1,-1,-1,-1
357,255,483,441,41,121,1,-1,-1,-1
357,250,865,461,40,127,1,-1,-1,-1
357,249,709,559,63,55,1,-1,-1,-1
357,221,615,425,49,134,1,-1,-1,-1
357,173,214,459,62,139,1,-1,-1,-1
357,124,386,650,125,69,1,-1,-1,-1
358,292,1447,582,81,155,1,-1,-1,-1
358,290,778,806,84,215,1,-1,-1,-1
358,287,1748,284,36,89,1,-1,-1,-1
358,285,1087,157,18,58,1,-1,-1,-1
358,278,1117,429,52,119,1,-1,-1,-1
358,277,1164,554,53,153,1,-1,-1,-1
358,274,1226,407,43,117,1,-1,-1,-1
358,265,152,548,43,147,1,-1,-1,-1
358,263,852,291,39,85,1,-1,-1,-1
358,256,495,362,53,107,1,-1,-1,-1
358,255,484,442,42,121,1,-1,-1,-1
358,250,862,461,41,128,1,-1,-1,-1
358,249,709,558,63,55,1,-1,-1,-1
358,221,617,425,50,133,1,-1,-1,-1
358,173,219,459,60,139,1,-1,-1,-1
358,124,383,650,128,69,1,-1,-1,-1
359,292,1447,581,75,155,1,-1,-1,-1
359,290,777,806,83,216,1,-1,-1,-1
359,287,1749,284,40,88,1,-1,-1,-1
359,285,1088,158,18,57,1,-1,-1,-1
359,278,1112,429,52,120,1,-1,-1,-1
359,277,1163,554,55,152,1,-1,-1,-1
359,274,1226,407,44,117,1,-1,-1,-1
359,265,152,547,44,147,1,-1,-1,-1
359,263,852,291,39,85,1,-1,-1,-1
359,256,499,362,50,107,1,-1,-1,-1
359,255,486,443,42,121,1,-1,-1,-1
359,250,858,461,43,128,1,-1,-1,-1
359,249,709,558,63,55,1,-1,-1,-1
359,221,618,425,51,133,1,-1,-1,-1
359,173,225,458,58,139,1,-1,-1,-1
359,124,380,650,132,68,1,-1,-1,-1
360,292,1446,580,69,154,1,-1,-1,-1
360,290,776,807,82,216,1,-1,-1,-1
360,287,1750,284,43,88,1,-1,-1,-1
360,285,1089,158,17,57,1,-1,-1,-1
360,278,1108,428,52,121,1,-1,-1,-1
360,277,1162,554,56,152,1,-1,-1,-1
360,274,1226,408,46,117,1,-1,-1,-1
360,265,153,547,45,148,1,-1,-1,-1
360,263,853,291,39,86,1,-1,-1,-1
360,256,502,363,46,107,1,-1,-1,-1
360,255,487,443,42,121,1,-1,-1,-1
360,250,854,462,45,129,1,-1,-1,-1
360,249,709,558,63,55,1,-1,-1,-1
360,221,619,426,53,133,1,-1,-1,-1
360,173,232,458,55,139,1,-1,-1,-1
360,124,376,650,136,68,1,-1,-1,-1
361,292,1445,580,62,154,1,-1,-1,-1
361,290,776,807,81,217,1,-1,-1,-1
361,287,1752,285,47,88,1,-1,-1,-1
361,285,1090,158,16,57,1,-1,-1,-1
361,278,1104,428,52,122,1,-1,-1,-1
361,277,1161,554,58,151,1,-1,-1,-1
361,274,1227,408,48,116,1,-1,-1,-1
361,265,154,547,47,148,1,-1,-1,-1
361,263,853,291,39,86,1,-1,-1,-1
361,256,506,363,43,107,1,-1,-1,-1
361,255,489,444,42,122,1,-1,-1,-1
361,250,849,462,47,130,1,-1,-1,-1
361,249,709,558,63,55,1,-1,-1,-1
361,221,620,426,54,133,1,-1,-1,-1
361,173,238,457,53,139,1,-1,-1,-1
361,124,372,651,140,67,1,-1,-1,-1
362,292,1445,579,56,154,1,-1,-1,-1
362,290,775,807,80,218,1,-1,-1,-1
362,287,1753,285,51,88,1,-1,-1,-1
362,285,1091,158,15,56,1,-1,-1,-1
362,278,1100,427,52,123,1,-1,-1,-1
362,277,1161,554,59,150,1,-1,-1,-1
362,274,1227,409,49,116,1,-1,-1,-1
362,265,154,546,48,148,1,-1,-1,-1
362,263,853,291,39,86,1,-1,-1,-1
362,256,510,363,40,107,1,-1,-1,-1
362,255,491,445,43,122,1,-1,-1,-1
362,250,845,463,49,130,1,-1,-1,-1
362,249,709,558,63,55,1,-1,-1,-1
362,221,622,426,56,133,1,-1,-1,-1
362,173,244,457,50,139,1,-1,-1,-1
362,124,368,651,144,67,1,-1,-1,-1
363,292,1444,577,47,154,1,-1,-1,-1
363,290,774,808,79,219,1,-1,-1,-1
363,287,1754,286,57,87,1,-1,-1,-1
363,285,1093,158,14,56,1,-1,-1,-1
363,278,1094,427,52,124,1,-1,-1,-1
363,277,1159,554,62,149,1,-1,-1,-1
363,274,1227,409,52,116,1,-1,-1,-1
363,265,155,546,50,149,1,-1,-1,-1
363,263,853,291,39,86,1,-1,-1,-1
363,256,516,363,36,107,1,-1,-1,-1
363,255,493,446,43,122,1,-1,-1,-1
363,250,839,463,51,131,1,-1,-1,-1
363,249,709,558,63,55,1,-1,-1,-1
363,221,624,427,58,133,1,-1,-1,-1
363,173,253,456,47,139,1,-1,-1,-1
363,124,363,651,150,66,1,-1,-1,-1
364,292,1440,577,49,154,1,-1,-1,-1
364,290,774,808,80,219,1,-1,-1,-1
364,287,1757,286,55,87,1,-1,-1,-1
364,285,1093,158,15,56,1,-1,-1,-1
364,278,1092,427,52,124,1,-1,-1,-1
364,277,1160,554,61,149,1,-1,-1,-1
364,274,1229,409,50,116,1,-1,-1,-1
364,265,155,546,50,149,1,-1,-1,-1
364,263,853,291,39,86,1,-1,-1,-1
364,256,516,363,37,107,1,-1,-1,-1
364,255,494,446,43,122,1,-1,-1,-1
364,250,838,464,52,131,1,-1,-1,-1
364,249,709,558,63,55,1,-1,-1,-1
364,221,624,427,59,133,1,-1,-1,-1
364,173,254,457,49,139,1,-1,-1,-1
364,124,363,652,150,66,1,-1,-1,-1
365,292,1431,578,55,153,1,-1,-1,-1
365,290,775,809,82,218,1,-1,-1,-1
365,287,1761,286,52,88,1,-1,-1,-1
365,285,1093,158,15,56,1,-1,-1,-1
365,278,1088,428,53,124,1,-1,-1,-1
365,277,1161,554,61,149,1,-1,-1,-1
365,274,1233,409,48,116,1,-1,-1,-1
365,265,156,547,52,148,1,-1,-1,-1
365,263,853,292,40,86,1,-1,-1,-1
365,256,518,363,40,108,1,-1,-1,-1
365,255,495,446,43,123,1,-1,-1,-1
365,250,836,464,52,131,1,-1,-1,-1
365,249,709,558,63,55,1,-1,-1,-1
365,221,626,427,60,132,1,-1,-1,-1
365,173,256,458,54,138,1,-1,-1,-1
365,124,363,652,149,65,1,-1,-1,-1
366,292,1423,578,60,153,1,-1,-1,-1
366,290,775,810,84,217,1,-1,-1,-1
366,287,1765,285,49,88,1,-1,-1,-1
366,285,1093,158,16,56,1,-1,-1,-1
366,278,1085,428,53,125,1,-1,-1,-1
366,277,1162,554,60,149,1,-1,-1,-1
366,274,1237,409,46,116,1,-1,-1,-1
366,265,156,549,53,148,1,-1,-1,-1
366,263,853,293,41,86,1,-1,-1,-1
366,256,519,363,43,108,1,-1,-1,-1
366,255,496,447,43,123,1,-1,-1,-1
366,250,834,465,52,130,1,-1,-1,-1
366,249,709,558,63,55,1,-1,-1,-1
366,221,627,428,62,132,1,-1,-1,-1
366,173,258,459,59,138,1,-1,-1,-1
366,124,363,653,149,65,1,-1,-1,-1
367,292,1415,578,65,152,1,-1,-1,-1
367,290,776,811,87,217,1,-1,-1,-1
367,287,1770,285,46,88,1,-1,-1,-1
367,285,1092,157,16,57,1,-1,-1,-1
367,278,1081,429,53,125,1,-1,-1,-1
367,277,1162,553,59,148,1,-1,-1,-1
367,274,1241,408,44,116,1,-1,-1,-1
367,265,157,550,54,148,1,-1,-1,-1
367,263,854,293,42,86,1,-1,-1,-1
367,256,520,364,45,108,1,-1,-1,-1
367,255,498,447,43,124,1,-1,-1,-1
367,250,832,466,52,130,1,-1,-1,-1
367,249,709,558,64,55,1,-1,-1,-1
367,221,629,428,64,132,1,-1,-1,-1
367,173,259,460,64,138,1,-1,-1,-1
367,124,363,654,149,64,1,-1,-1,-1
368,292,1407,578,70,152,1,-1,-1,-1
368,290,776,812,89,216,1,-1,-1,-1
368,287,1774,285,42,88,1,-1,-1,-1
368,285,1092,157,17,57,1,-1,-1,-1
368,278,1078,430,53,125,1,-1,-1,-1
368,277,1163,553,59,148,1,-1,-1,-1
368,274,1245,408,41,116,1,-1,-1,-1
368,265,157,551,56,148,1,-1,-1,-1
368,263,854,294,43,86,1,-1,-1,-1
368,256,522,364,48,108,1,-1,-1,-1
368,255,499,448,42,124,1,-1,-1,-1
368,250,830,466,52,130,1,-1,-1,-1
368,249,708,558,64,55,1,-1,-1,-1
368,221,630,428,66,132,1,-1,-1,-1
368,173,261,461,68,138,1,-1,-1,-1
368,124,363,655,149,64,1,-1,-1,-1
369,292,1393,579,79,151,1,-1,-1,-1
369,290,777,813,92,215,1,-1,-1,-1
369,287,1782,285,37,89,1,-1,-1,-1
369,285,1092,157,18,57,1,-1,-1,-1
369,278,1072,431,54,125,1,-1,-1,-1
369,277,1165,552,58,147,1,-1,-1,-1
369,274,1251,408,38,117,1,-1,-1,-1
369,265,158,553,58,148,1,-1,-1,-1
369,263,854,295,44,86,1,-1,-1,-1
369,256,524,364,53,108,1,-1,-1,-1
369,255,502,448,42,125,1,-1,-1,-1
369,250,827,467,53,130,1,-1,-1,-1
369,249,708,558,64,54,1,-1,-1,-1
369,221,633,429,69,132,1,-1,-1,-1
369,173,264,463,76,137,1,-1,-1,-1
369,124,363,656,148,63,1,-1,-1,-1
370,292,1393,579,78,151,1,-1,-1,-1
370,290,777,813,92,215,1,-1,-1,-1
370,287,1782,285,38,89,1,-1,-1,-1
370,285,1092,157,17,57,1,-1,-1,-1
370,278,1071,431,53,125,1,-1,-1,-1
370,277,1164,552,58,147,1,-1,-1,-1
370,274,1252,408,39,117,1,-1,-1,-1
370,265,158,553,58,148,1,-1,-1,-1
370,263,854,295,44,86,1,-1,-1,-1
370,256,525,364,52,108,1,-1,-1,-1
370,255,502,448,42,125,1,-1,-1,-1
370,250,826,468,52,130,1,-1,-1,-1
370,249,708,558,64,54,1,-1,-1,-1
370,221,633,429,69,132,1,-1,-1,-1
370,173,266,463,75,137,1,-1,-1,-1
370,124,363,657,148,62,1,-1,-1,-1
371,292,1392,579,75,151,1,-1,-1,-1
371,290,776,813,90,216,1,-1,-1,-1
371,287,1784,286,41,88,1,-1,-1,-1
371,285,1093,157,17,57,1,-1,-1,-1
371,278,1069,431,52,125,1,-1,-1,-1
371,277,1161,552,60,148,1,-1,-1,-1
371,274,1253,408,42,116,1,-1,-1,-1
371,265,159,552,57,149,1,-1,-1,-1
371,263,854,295,44,86,1,-1,-1,-1
371,256,527,364,52,109,1,-1,-1,-1
371,255,504,448,42,125,1,-1,-1,-1
371,250,825,468,51,130,1,-1,-1,-1
371,249,708,558,64,55,1,-1,-1,-1
371,221,634,429,71,133,1,-1,-1,-1
371,173,272,462,70,138,1,-1,-1,-1
371,124,362,658,149,60,1,-1,-1,-1
372,292,1391,579,72,151,1,-1,-1,-1
372,290,776,814,89,216,1,-1,-1,-1
372,287,1786,286,44,88,1,-1,-1,-1
372,285,1093,157,17,57,1,-1,-1,-1
372,278,1066,431,50,125,1,-1,-1,-1
372,277,1158,552,61,148,1,-1,-1,-1
372,274,1254,408,45,116,1,-1,-1,-1
372,265,159,552,56,151,1,-1,-1,-1
372,263,854,295,43,86,1,-1,-1,-1
372,256,530,365,52,109,1,-1,-1,-1
372,255,506,448,42,125,1,-1,-1,-1
372,250,824,469,50,130,1,-1,-1,-1
372,249,708,558,64,55,1,-1,-1,-1
372,221,634,428,73,133,1,-1,-1,-1
372,173,279,462,65,138,1,-1,-1,-1
372,124,362,660,149,58,1,-1,-1,-1
373,292,1391,579,69,151,1,-1,-1,-1
373,290,776,814,87,217,1,-1,-1,-1
373,287,1788,287,47,87,1,-1,-1,-1
373,285,1094,157,17,57,1,-1,-1,-1
373,278,1064,432,49,125,1,-1,-1,-1
373,277,1155,552,63,149,1,-1,-1,-1
373,274,1255,408,49,116,1,-1,-1,-1
373,265,159,552,55,152,1,-1,-1,-1
373,263,854,295,43,87,1,-1,-1,-1
373,256,532,365,52,110,1,-1,-1,-1
373,255,508,448,41,125,1,-1,-1,-1
373,250,824,470,48,130,1,-1,-1,-1
373,249,708,558,64,55,1,-1,-1,-1
373,221,635,428,75,134,1,-1,-1,-1
373,173,285,461,61,139,1,-1,-1,-1
373,124,362,662,149,56,1,-1,-1,-1
374,292,1390,579,65,151,1,-1,-1,-1
374,290,776,814,85,217,1,-1,-1,-1
374,287,1789,288,50,87,1,-1,-1,-1
374,285,1094,157,17,57,1,-1,-1,-1
374,278,1061,432,47,125,1,-1,-1,-1
374,277,1152,551,65,149,1,-1,-1,-1
374,274,1257,409,52,116,1,-1,-1,-1
374,265,159,552,53,153,1,-1,-1,-1
374,263,854,296,42,87,1,-1,-1,-1
374,256,535,365,51,110,1,-1,-1,-1
374,255,510,448,41,125,1,-1,-1,-1
374,250,823,471,47,130,1,-1,-1,-1
374,249,708,558,64,55,1,-1,-1,-1
374,221,636,428,76,135,1,-1,-1,-1
374,173,292,461,56,140,1,-1,-1,-1
374,124,362,663,150,54,1,-1,-1,-1
375,292,1390,580,62,151,1,-1,-1,-1
375,290,775,814,82,218,1,-1,-1,-1
375,287,1793,289,56,86,1,-1,-1,-1
375,285,1095,157,17,57,1,-1,-1,-1
375,278,1056,432,44,125,1,-1,-1,-1
375,277,1149,551,67,149,1,-1,-1,-1
375,274,1259,409,58,116,1,-1,-1,-1
375,265,160,551,52,154,1,-1,-1,-1
375,263,854,296,41,87,1,-1,-1,-1
375,256,540,366,51,111,1,-1,-1,-1
375,255,513,448,41,125,1,-1,-1,-1
375,250,821,472,44,130,1,-1,-1,-1
375,249,708,558,63,55,1,-1,-1,-1
375,221,637,428,78,135,1,-1,-1,-1
375,173,299,460,51,140,1,-1,-1,-1
375,124,361,665,150,52,1,-1,-1,-1
376,292,1389,580,59,151,1,-1,-1,-1
376,290,775,814,82,218,1,-1,-1,-1
376,287,1793,289,56,86,1,-1,-1,-1
376,285,1095,157,17,57,1,-1,-1,-1
376,278,1056,432,44,125,1,-1,-1,-1
376,277,1146,551,68,150,1,-1,-1,-1
376,274,1259,409,58,116,1,-1,-1,-1
376,265,160,551,51,156,1,-1,-1,-1
376,263,854,296,41,87,1,-1,-1,-1
376,256,540,366,51,111,1,-1,-1,-1
376,255,513,448,41,125,1,-1,-1,-1
376,250,821,472,44,130,1,-1,-1,-1
376,249,708,558,63,55,1,-1,-1,-1
376,221,638,428,80,136,1,-1,-1,-1
376,173,305,460,46,141,1,-1,-1,-1
376,124,361,667,150,50,1,-1,-1,-1
377,292,1382,580,61,151,1,-1,-1,-1
377,290,776,815,84,218,1,-1,-1,-1
377,287,1799,290,54,86,1,-1,-1,-1
377,285,1096,157,17,57,1,-1,-1,-1
377,278,1053,433,43,125,1,-1,-1,-1
377,277,1146,551,68,150,1,-1,-1,-1
377,274,1261,409,57,116,1,-1,-1,-1
377,265,159,551,53,156,1,-1,-1,-1
377,263,854,297,40,87,1,-1,-1,-1
377,256,543,366,51,111,1,-1,-1,-1
377,255,515,449,42,125,1,-1,-1,-1
377,250,819,473,44,130,1,-1,-1,-1
377,249,708,557,63,55,1,-1,-1,-1
377,221,639,428,76,136,1,-1,-1,-1
377,173,308,461,50,141,1,-1,-1,-1
377,124,362,667,150,50,1,-1,-1,-1
378,292,1374,580,63,151,1,-1,-1,-1
378,290,777,815,87,217,1,-1,-1,-1
378,287,1806,290,53,86,1,-1,-1,-1
378,285,1098,157,17,57,1,-1,-1,-1
378,278,1051,434,43,124,1,-1,-1,-1
378,277,1146,550,68,149,1,-1,-1,-1
378,274,1263,408,56,116,1,-1,-1,-1
378,265,158,552,54,156,1,-1,-1,-1
378,263,855,297,40,88,1,-1,-1,-1
378,256,546,366,51,111,1,-1,-1,-1
378,255,517,449,43,125,1,-1,-1,-1
378,250,817,474,44,130,1,-1,-1,-1
378,249,708,557,64,55,1,-1,-1,-1
378,221,641,429,72,136,1,-1,-1,-1
378,173,311,462,54,142,1,-1,-1,-1
378,124,362,667,150,50,1,-1,-1,-1
379,292,1366,580,66,151,1,-1,-1,-1
379,290,778,816,90,217,1,-1,-1,-1
379,287,1812,290,51,86,1,-1,-1,-1
379,285,1099,157,17,57,1,-1,-1,-1
379,278,1048,435,42,124,1,-1,-1,-1
379,277,1146,550,68,149,1,-1,-1,-1
379,274,1264,408,55,117,1,-1,-1,-1
379,265,158,552,56,157,1,-1,-1,-1
379,263,855,298,39,88,1,-1,-1,-1
379,256,549,366,51,111,1,-1,-1,-1
379,255,519,450,45,125,1,-1,-1,-1
379,250,815,475,44,130,1,-1,-1,-1
379,249,708,557,64,55,1,-1,-1,-1
379,221,642,430,68,137,1,-1,-1,-1
379,173,313,463,58,142,1,-1,-1,-1
379,124,363,667,149,49,1,-1,-1,-1
380,292,1358,580,68,151,1,-1,-1,-1
380,290,779,816,92,216,1,-1,-1,-1
380,287,1818,291,50,86,1,-1,-1,-1
380,285,1100,157,17,57,1,-1,-1,-1
380,278,1046,436,41,124,1,-1,-1,-1
380,277,1146,549,68,149,1,-1,-1,-1
380,274,1266,408,55,117,1,-1,-1,-1
380,265,157,553,58,157,1,-1,-1,-1
380,263,855,298,39,88,1,-1,-1,-1
380,256,552,366,51,110,1,-1,-1,-1
380,255,521,451,46,125,1,-1,-1,-1
380,250,813,476,44,130,1,-1,-1,-1
380,249,708,556,64,55,1,-1,-1,-1
380,221,644,431,64,137,1,-1,-1,-1
380,173,316,464,61,142,1,-1,-1,-1
380,124,363,667,149,49,1,-1,-1,-1
381,292,1350,581,70,151,1,-1,-1,-1
381,290,780,817,95,215,1,-1,-1,-1
381,287,1825,291,48,86,1,-1,-1,-1
381,285,1102,157,17,57,1,-1,-1,-1
381,278,1043,437,40,123,1,-1,-1,-1
381,277,1145,549,68,149,1,-1,-1,-1
381,274,1268,408,54,117,1,-1,-1,-1
381,265,156,554,60,157,1,-1,-1,-1
381,263,856,299,38,89,1,-1,-1,-1
381,256,555,366,52,110,1,-1,-1,-1
381,255,523,452,47,124,1,-1,-1,-1
381,250,811,477,43,130,1,-1,-1,-1
381,249,708,556,64,55,1,-1,-1,-1
381,221,645,432,60,137,1,-1,-1,-1
381,173,319,466,65,143,1,-1,-1,-1
381,124,364,667,148,49,1,-1,-1,-1
382,292,1341,581,73,151,1,-1,-1,-1
382,290,781,817,98,215,1,-1,-1,-1
382,287,1833,292,46,86,1,-1,-1,-1
382,285,1103,157,16,56,1,-1,-1,-1
382,278,1040,438,40,123,1,-1,-1,-1
382,277,1145,548,68,149,1,-1,-1,-1
382,274,1270,408,52,118,1,-1,-1,-1
382,265,155,554,62,158,1,-1,-1,-1
382,263,856,299,37,89,1,-1,-1,-1
382,256,559,367,52,110,1,-1,-1,-1
382,255,525,453,49,124,1,-1,-1,-1
382,250,809,478,43,129,1,-1,-1,-1
382,249,708,556,64,55,1,-1,-1,-1
382,221,647,433,55,137,1,-1,-1,-1
382,173,322,467,70,143,1,-1,-1,-1
382,124,364,667,148,49,1,-1,-1,-1
383,292,1340,581,72,151,1,-1,-1,-1
383,290,786,818,89,215,1,-1,-1,-1
383,287,1834,291,48,86,1,-1,-1,-1
383,285,1104,157,17,57,1,-1,-1,-1
383,278,1036,438,42,123,1,-1,-1,-1
383,277,1143,548,69,148,1,-1,-1,-1
383,274,1273,408,51,118,1,-1,-1,-1
383,265,154,555,63,158,1,-1,-1,-1
383,263,855,299,37,89,1,-1,-1,-1
383,256,560,367,50,110,1,-1,-1,-1
383,255,526,453,49,124,1,-1,-1,-1
383,250,807,478,43,130,1,-1,-1,-1
383,249,708,556,64,55,1,-1,-1,-1
383,221,648,433,54,137,1,-1,-1,-1
383,173,327,467,67,143,1,-1,-1,-1
383,124,365,667,148,49,1,-1,-1,-1
384,292,1339,581,70,152,1,-1,-1,-1
384,290,793,818,78,214,1,-1,-1,-1
384,287,1837,291,50,87,1,-1,-1,-1
384,285,1104,157,19,57,1,-1,-1,-1
384,278,1031,438,44,123,1,-1,-1,-1
384,277,1139,548,69,148,1,-1,-1,-1
384,274,1278,408,50,117,1,-1,-1,-1
384,265,154,556,65,158,1,-1,-1,-1
384,263,855,300,38,89,1,-1,-1,-1
384,256,563,367,48,111,1,-1,-1,-1
384,255,527,453,49,125,1,-1,-1,-1
384,250,805,479,44,130,1,-1,-1,-1
384,249,708,556,64,54,1,-1,-1,-1
384,221,648,433,53,138,1,-1,-1,-1
384,173,334,467,63,143,1,-1,-1,-1
384,124,366,666,148,50,1,-1,-1,-1
385,292,1338,581,68,152,1,-1,-1,-1
385,290,800,818,66,214,1,-1,-1,-1
385,287,1839,290,52,88,1,-1,-1,-1
385,285,1104,157,20,57,1,-1,-1,-1
385,278,1026,438,46,124,1,-1,-1,-1
385,277,1136,547,69,148,1,-1,-1,-1
385,274,1282,408,48,117,1,-1,-1,-1
385,265,153,557,66,158,1,-1,-1,-1
385,263,855,300,38,89,1,-1,-1,-1
385,256,565,368,46,111,1,-1,-1,-1
385,255,529,452,49,125,1,-1,-1,-1
385,250,803,479,44,130,1,-1,-1,-1
385,249,708,556,64,54,1,-1,-1,-1
385,221,648,433,53,138,1,-1,-1,-1
385,173,340,467,59,143,1,-1,-1,-1
385,124,367,665,147,50,1,-1,-1,-1
386,292,1337,581,66,153,1,-1,-1,-1
386,290,806,818,64,214,1,-1,-1,-1
386,287,1841,289,54,89,1,-1,-1,-1
386,285,1105,157,21,57,1,-1,-1,-1
386,278,1021,438,49,124,1,-1,-1,-1
386,277,1133,547,70,147,1,-1,-1,-1
386,274,1286,408,47,117,1,-1,-1,-1
386,265,153,558,68,158,1,-1,-1,-1
386,263,856,300,38,89,1,-1,-1,-1
386,256,567,368,44,111,1,-1,-1,-1
386,255,530,452,49,125,1,-1,-1,-1
386,250,801,479,44,130,1,-1,-1,-1
386,249,708,557,63,54,1,-1,-1,-1
386,221,648,433,52,138,1,-1,-1,-1
386,173,347,467,55,143,1,-1,-1,-1
386,124,368,664,147,51,1,-1,-1,-1
387,292,1336,581,64,153,1,-1,-1,-1
387,290,813,818,63,214,1,-1,-1,-1
387,287,1844,289,56,90,1,-1,-1,-1
387,285,1105,157,22,57,1,-1,-1,-1
387,278,1015,438,51,124,1,-1,-1,-1
387,277,1129,547,70,147,1,-1,-1,-1
387,274,1291,408,45,117,1,-1,-1,-1
387,265,152,560,70,159,1,-1,-1,-1
387,263,856,301,38,88,1,-1,-1,-1
387,256,570,369,42,112,1,-1,-1,-1
387,255,531,452,49,125,1,-1,-1,-1
387,250,798,479,44,130,1,-1,-1,-1
387,249,708,557,63,54,1,-1,-1,-1
387,221,648,434,51,138,1,-1,-1,-1
387,173,353,466,51,143,1,-1,-1,-1
387,124,369,663,147,51,1,-1,-1,-1
388,292,1335,581,61,154,1,-1,-1,-1
388,290,823,818,61,214,1,-1,-1,-1
388,287,1847,288,59,91,1,-1,-1,-1
388,285,1106,157,24,57,1,-1,-1,-1
388,278,1008,439,55,125,1,-1,-1,-1
388,277,1124,546,71,146,1,-1,-1,-1
388,274,1297,408,43,117,1,-1,-1,-1
388,265,152,561,72,159,1,-1,-1,-1
388,263,856,301,39,88,1,-1,-1,-1
388,256,573,369,39,112,1,-1,-1,-1
388,255,533,452,49,125,1,-1,-1,-1
388,250,795,480,44,130,1,-1,-1,-1
388,249,709,557,63,53,1,-1,-1,-1
388,221,649,434,50,138,1,-1,-1,-1
388,173,362,466,45,143,1,-1,-1,-1
388,124,370,662,147,52,1,-1,-1,-1
389,292,1331,581,62,155,1,-1,-1,-1
389,290,823,819,66,213,1,-1,-1,-1
389,287,1854,291,59,87,1,-1,-1,-1
389,285,1106,157,24,57,1,-1,-1,-1
389,278,1007,439,54,125,1,-1,-1,-1
389,277,1124,546,70,146,1,-1,-1,-1
389,274,1298,409,44,117,1,-1,-1,-1
389,265,152,562,71,159,1,-1,-1,-1
389,263,856,301,38,88,1,-1,-1,-1
389,256,574,369,40,112,1,-1,-1,-1
389,255,534,452,50,125,1,-1,-1,-1
389,250,793,480,45,130,1,-1,-1,-1
389,249,709,557,63,53,1,-1,-1,-1
389,221,649,434,50,138,1,-1,-1,-1
389,173,364,467,48,143,1,-1,-1,-1
389,124,371,661,147,52,1,-1,-1,-1
390,292,1325,581,64,155,1,-1,-1,-1
390,290,823,820,75,212,1,-1,-1,-1
390,287,1862,292,56,86,1,-1,-1,-1
390,285,1106,157,24,57,1,-1,-1,-1
390,278,1005,439,52,126,1,-1,-1,-1
390,277,1124,546,69,147,1,-1,-1,-1
390,274,1299,409,46,117,1,-1,-1,-1
390,265,153,562,69,159,1,-1,-1,-1
390,263,857,302,38,89,1,-1,-1,-1
390,256,575,369,43,113,1,-1,-1,-1
390,255,535,454,52,126,1,-1,-1,-1
390,250,790,480,47,131,1,-1,-1,-1
390,249,709,557,63,54,1,-1,-1,-1
390,221,650,434,50,138,1,-1,-1,-1
390,173,366,468,54,142,1,-1,-1,-1
390,124,373,661,147,52,1,-1,-1,-1
391,292,1319,582,66,156,1,-1,-1,-1
391,290,823,822,84,210,1,-1,-1,-1
391,287,1873,291,46,88,1,-1,-1,-1
391,285,1106,157,24,57,1,-1,-1,-1
391,278,1003,440,49,126,1,-1,-1,-1
391,277,1123,546,68,147,1,-1,-1,-1
391,274,1300,409,47,116,1,-1,-1,-1
391,265,153,562,67,159,1,-1,-1,-1
391,263,858,302,38,89,1,-1,-1,-1
391,256,576,369,45,113,1,-1,-1,-1
391,255,536,455,54,126,1,-1,-1,-1
391,250,786,481,49,131,1,-1,-1,-1
391,249,709,557,63,54,1,-1,-1,-1
391,221,651,435,50,137,1,-1,-1,-1
391,173,368,469,59,141,1,-1,-1,-1
391,124,375,660,147,52,1,-1,-1,-1
392,292,1313,582,68,157,1,-1,-1,-1
392,290,824,823,93,209,1,-1,-1,-1
392,287,1878,293,41,85,1,-1,-1,-1
392,285,1107,156,25,57,1,-1,-1,-1
392,278,1000,440,47,127,1,-1,-1,-1
392,277,1122,546,67,147,1,-1,-1,-1
392,274,1301,410,49,116,1,-1,-1,-1
392,265,154,562,65,159,1,-1,-1,-1
392,263,858,302,37,89,1,-1,-1,-1
392,256,578,369,47,114,1,-1,-1,-1
392,255,538,456,56,126,1,-1,-1,-1
392,250,782,481,51,131,1,-1,-1,-1
392,249,709,557,63,54,1,-1,-1,-1
392,221,651,435,50,137,1,-1,-1,-1
392,173,370,470,65,140,1,-1,-1,-1
392,124,377,660,147,52,1,-1,-1,-1
393,292,1307,583,70,157,1,-1,-1,-1
393,290,824,824,103,207,1,-1,-1,-1
393,287,1880,295,39,84,1,-1,-1,-1
393,285,1107,156,25,57,1,-1,-1,-1
393,278,998,440,45,127,1,-1,-1,-1
393,277,1122,546,66,147,1,-1,-1,-1
393,274,1302,410,51,116,1,-1,-1,-1
393,265,155,562,63,159,1,-1,-1,-1
393,263,859,302,37,89,1,-1,-1,-1
393,256,579,369,50,115,1,-1,-1,-1
393,255,539,457,57,126,1,-1,-1,-1
393,250,778,481,53,132,1,-1,-1,-1
393,249,709,557,63,54,1,-1,-1,-1
393,221,652,436,50,137,1,-1,-1,-1
393,173,372,471,70,139,1,-1,-1,-1
393,124,379,659,147,52,1,-1,-1,-1
394,292,1297,584,73,158,1,-1,-1,-1
394,290,825,827,118,204,1,-1,-1,-1
394,287,1883,299,36,79,1,-1,-1,-1
394,285,1108,156,25,57,1,-1,-1,-1
394,278,995,441,41,128,1,-1,-1,-1
394,277,1121,546,65,148,1,-1,-1,-1
394,274,1304,411,54,115,1,-1,-1,-1
394,265,156,562,59,159,1,-1,-1,-1
394,263,860,303,36,90,1,-1,-1,-1
394,256,581,370,54,116,1,-1,-1,-1
394,255,541,458,61,127,1,-1,-1,-1
394,250,772,482,56,133,1,-1,-1,-1
394,249,709,557,63,55,1,-1,-1,-1
394,221,654,436,51,137,1,-1,-1,-1
394,173,376,473,80,138,1,-1,-1,-1
394,124,382,658,147,51,1,-1,-1,-1
395,292,1296,584,73,158,1,-1,-1,-1
395,290,825,827,117,205,1,-1,-1,-1
395,287,1889,301,30,77,1,-1,-1,-1
395,285,1108,156,25,57,1,-1,-1,-1
395,278,993,441,42,128,1,-1,-1,-1
395,277,1122,546,64,148,1,-1,-1,-1
395,274,1305,411,53,115,1,-1,-1,-1
395,265,156,562,59,159,1,-1,-1,-1
395,263,860,303,36,89,1,-1,-1,-1
395,256,582,370,54,116,1,-1,-1,-1
395,255,542,458,60,127,1,-1,-1,-1
395,250,772,482,55,133,1,-1,-1,-1
395,249,709,557,63,54,1,-1,-1,-1
395,221,654,436,50,137,1,-1,-1,-1
395,173,377,473,78,138,1,-1,-1,-1
395,124,383,658,147,51,1,-1,-1,-1
396,292,1293,585,73,158,1,-1,-1,-1
396,290,828,826,115,205,1,-1,-1,-1
396,287,1891,304,28,71,1,-1,-1,-1
396,285,1110,156,23,57,1,-1,-1,-1
396,278,988,442,45,128,1,-1,-1,-1
396,277,1125,546,60,148,1,-1,-1,-1
396,274,1309,411,52,115,1,-1,-1,-1
396,265,158,563,60,159,1,-1,-1,-1
396,263,860,304,36,89,1,-1,-1,-1
396,256,583,371,54,115,1,-1,-1,-1
396,255,545,458,57,127,1,-1,-1,-1
396,250,772,482,53,133,1,-1,-1,-1
396,249,709,557,63,54,1,-1,-1,-1
396,221,654,437,50,138,1,-1,-1,-1
396,173,382,473,74,139,1,-1,-1,-1
396,124,385,660,147,49,1,-1,-1,-1
397,292,1291,585,72,158,1,-1,-1,-1
397,290,831,825,113,205,1,-1,-1,-1
397,285,1112,156,22,57,1,-1,-1,-1
397,278,982,443,48,127,1,-1,-1,-1
397,277,1128,546,57,147,1,-1,-1,-1
397,274,1312,410,51,116,1,-1,-1,-1
397,265,159,564,60,159,1,-1,-1,-1
397,263,860,305,36,89,1,-1,-1,-1
397,256,585,371,54,115,1,-1,-1,-1
397,255,548,459,54,128,1,-1,-1,-1
397,250,771,483,51,133,1,-1,-1,-1
397,249,709,557,62,54,1,-1,-1,-1
397,221,655,437,49,138,1,-1,-1,-1
397,173,387,473,70,140,1,-1,-1,-1
397,124,386,662,147,46,1,-1,-1,-1
398,292,1288,586,72,158,1,-1,-1,-1
398,290,834,825,110,206,1,-1,-1,-1
398,285,1114,156,20,57,1,-1,-1,-1
398,278,976,444,51,126,1,-1,-1,-1
398,277,1131,547,53,147,1,-1,-1,-1
398,274,1316,410,50,116,1,-1,-1,-1
398,265,160,565,61,159,1,-1,-1,-1
398,263,860,306,36,88,1,-1,-1,-1
398,256,587,372,55,115,1,-1,-1,-1
398,255,551,459,51,128,1,-1,-1,-1
398,250,771,483,49,133,1,-1,-1,-1
398,249,709,557,62,54,1,-1,-1,-1
398,221,655,437,49,139,1,-1,-1,-1
398,173,392,472,66,141,1,-1,-1,-1
398,124,388,663,147,44,1,-1,-1,-1
399,292,1285,586,71,158,1,-1,-1,-1
399,290,837,824,108,206,1,-1,-1,-1
399,285,1115,156,19,57,1,-1,-1,-1
399,278,971,444,54,126,1,-1,-1,-1
399,277,1134,547,50,147,1,-1,-1,-1
399,274,1320,410,48,116,1,-1,-1,-1
399,265,161,566,62,159,1,-1,-1,-1
399,263,859,306,36,88,1,-1,-1,-1
399,256,588,373,55,115,1,-1,-1,-1
399,255,554,459,48,128,1,-1,-1,-1
399,250,770,483,47,133,1,-1,-1,-1
399,249,710,556,62,54,1,-1,-1,-1
399,221,656,437,48,140,1,-1,-1,-1
399,173,398,472,62,142,1,-1,-1,-1
399,124,390,665,148,42,1,-1,-1,-1
400,292,1283,587,71,157,1,-1,-1,-1
400,290,843,823,104,207,1,-1,-1,-1
400,285,1119,156,16,57,1,-1,-1,-1
400,278,959,446,60,125,1,-1,-1,-1
400,277,1137,547,46,147,1,-1,-1,-1
400,274,1327,409,46,117,1,-1,-1,-1
400,265,163,567,63,158,1,-1,-1,-1
400,263,859,308,36,87,1,-1,-1,-1
400,256,592,375,56,114,1,-1,-1,-1
400,255,559,459,43,129,1,-1,-1,-1
400,250,769,484,43,132,1,-1,-1,-1
400,249,710,556,62,54,1,-1,-1,-1
400,221,656,438,48,141,1,-1,-1,-1
400,173,403,472,57,142,1,-1,-1,-1
400,124,391,667,148,40,1,-1,-1,-1
401,292,1280,587,70,157,1,-1,-1,-1
401,290,843,823,103,207,1,-1,-1,-1
401,285,1119,156,16,57,1,-1,-1,-1
401,278,959,446,60,125,1,-1,-1,-1
401,277,1140,547,42,147,1,-1,-1,-1
401,274,1327,409,46,117,1,-1,-1,-1
401,265,163,567,63,158,1,-1,-1,-1
401,263,859,308,36,87,1,-1,-1,-1
401,256,592,375,56,114,1,-1,-1,-1
401,255,559,459,43,129,1,-1,-1,-1
401,250,769,484,43,132,1,-1,-1,-1
401,249,710,556,62,54,1,-1,-1,-1
401,221,657,438,47,141,1,-1,-1,-1
401,173,408,472,53,143,1,-1,-1,-1
401,124,393,668,148,38,1,-1,-1,-1
402,292,1278,588,68,157,1,-1,-1,-1
402,290,854,823,98,208,1,-1,-1,-1
402,285,1120,156,17,57,1,-1,-1,-1
402,278,959,446,56,125,1,-1,-1,-1
402,277,1139,547,44,147,1,-1,-1,-1
402,274,1329,410,47,117,1,-1,-1,-1
402,265,165,567,63,159,1,-1,-1,-1
402,263,859,308,36,88,1,-1,-1,-1
402,256,594,375,53,114,1,-1,-1,-1
402,255,561,460,44,129,1,-1,-1,-1
402,250,765,485,46,132,1,-1,-1,-1
402,249,710,556,63,54,1,-1,-1,-1
402,221,658,438,46,141,1,-1,-1,-1
402,173,411,474,54,143,1,-1,-1,-1
402,124,395,667,148,40,1,-1,-1,-1
403,292,1275,589,66,158,1,-1,-1,-1
403,290,864,822,92,208,1,-1,-1,-1
403,285,1121,157,18,57,1,-1,-1,-1
403,278,958,446,52,126,1,-1,-1,-1
403,277,1138,546,45,147,1,-1,-1,-1
403,274,1332,410,49,117,1,-1,-1,-1
403,265,167,567,63,159,1,-1,-1,-1
403,263,859,308,37,89,1,-1,-1,-1
403,256,596,375,50,114,1,-1,-1,-1
403,255,563,461,45,129,1,-1,-1,-1
403,250,761,486,48,132,1,-1,-1,-1
403,249,709,556,63,54,1,-1,-1,-1
403,221,658,438,46,141,1,-1,-1,-1
403,173,414,476,56,144,1,-1,-1,-1
403,124,397,666,147,42,1,-1,-1,-1
404,292,1273,590,64,158,1,-1,-1,-1
404,290,875,822,86,209,1,-1,-1,-1
404,285,1122,157,18,56,1,-1,-1,-1
404,278,957,445,48,127,1,-1,-1,-1
404,277,1137,546,46,147,1,-1,-1,-1
404,274,1335,411,50,116,1,-1,-1,-1
404,265,169,567,63,159,1,-1,-1,-1
404,263,859,308,38,89,1,-1,-1,-1
404,256,598,375,47,114,1,-1,-1,-1
404,255,564,462,46,129,1,-1,-1,-1
404,250,757,487,51,132,1,-1,-1,-1
404,249,709,556,63,54,1,-1,-1,-1
404,221,659,439,45,141,1,-1,-1,-1
404,173,417,478,57,144,1,-1,-1,-1
404,124,399,665,147,44,1,-1,-1,-1
405,292,1270,591,62,158,1,-1,-1,-1
405,290,885,822,80,210,1,-1,-1,-1
405,285,1123,157,19,56,1,-1,-1,-1
405,278,956,445,44,128,1,-1,-1,-1
405,277,1136,546,48,148,1,-1,-1,-1
405,274,1337,411,51,116,1,-1,-1,-1
405,265,170,567,63,159,1,-1,-1,-1
405,263,859,308,38,90,1,-1,-1,-1
405,256,601,375,45,114,1,-1,-1,-1
405,255,566,462,47,128,1,-1,-1,-1
405,250,753,488,54,132,1,-1,-1,-1
405,249,709,556,63,53,1,-1,-1,-1
405,221,660,439,45,141,1,-1,-1,-1
405,173,420,480,59,144,1,-1,-1,-1
405,124,401,664,147,46,1,-1,-1,-1
406,292,1268,591,60,158,1,-1,-1,-1
406,290,896,821,75,210,1,-1,-1,-1
406,285,1124,157,19,56,1,-1,-1,-1
406,278,956,445,40,128,1,-1,-1,-1
406,277,1135,545,49,148,1,-1,-1,-1
406,274,1340,412,52,116,1,-1,-1,-1
406,265,172,566,63,160,1,-1,-1,-1
406,263,859,309,39,90,1,-1,-1,-1
406,256,603,376,42,114,1,-1,-1,-1
406,255,568,463,49,128,1,-1,-1,-1
406,250,749,489,56,132,1,-1,-1,-1
406,249,709,556,63,53,1,-1,-1,-1
406,221,661,439,44,141,1,-1,-1,-1
406,173,423,482,60,144,1,-1,-1,-1
406,124,403,663,147,48,1,-1,-1,-1
407,292,1265,592,57,158,1,-1,-1,-1
407,290,909,821,68,211,1,-1,-1,-1
407,285,1125,157,20,56,1,-1,-1,-1
407,278,955,445,35,129,1,-1,-1,-1
407,277,1134,545,51,148,1,-1,-1,-1
407,274,1343,412,54,116,1,-1,-1,-1
407,265,174,566,63,160,1,-1,-1,-1
407,263,860,309,40,91,1,-1,-1,-1
407,256,606,376,38,114,1,-1,-1,-1
407,255,570,464,50,128,1,-1,-1,-1
407,250,744,490,59,132,1,-1,-1,-1
407,249,709,557,64,53,1,-1,-1,-1
407,221,662,439,43,141,1,-1,-1,-1
407,173,427,484,62,144,1,-1,-1,-1
407,124,406,661,147,51,1,-1,-1,-1
408,292,1262,593,58,158,1,-1,-1,-1
408,290,910,821,74,211,1,-1,-1,-1
408,285,1125,157,21,56,1,-1,-1,-1
408,278,951,445,38,129,1,-1,-1,-1
408,277,1134,545,51,148,1,-1,-1,-1
408,274,1343,413,53,116,1,-1,-1,-1
408,265,174,567,64,160,1,-1,-1,-1
408,263,860,310,39,91,1,-1,-1,-1
408,256,607,377,39,114,1,-1,-1,-1
408,255,571,464,49,128,1,-1,-1,-1
408,250,741,490,60,133,1,-1,-1,-1
408,249,709,556,63,53,1,-1,-1,-1
408,221,662,440,43,141,1,-1,-1,-1
408,173,429,484,60,144,1,-1,-1,-1
408,124,406,659,147,53,1,-1,-1,-1
409,292,1259,594,59,158,1,-1,-1,-1
409,290,911,822,82,210,1,-1,-1,-1
409,285,1126,157,21,57,1,-1,-1,-1
409,278,946,446,42,129,1,-1,-1,-1
409,277,1134,546,50,147,1,-1,-1,-1
409,274,1344,413,52,116,1,-1,-1,-1
409,265,174,567,65,160,1,-1,-1,-1
409,263,860,311,39,91,1,-1,-1,-1
409,256,608,377,40,114,1,-1,-1,-1
409,255,572,465,48,128,1,-1,-1,-1
409,250,737,491,60,133,1,-1,-1,-1
409,249,709,556,62,53,1,-1,-1,-1
409,221,662,440,43,141,1,-1,-1,-1
409,173,432,484,58,144,1,-1,-1,-1
409,124,406,657,147,56,1,-1,-1,-1
410,292,1256,596,60,158,1,-1,-1,-1
410,290,913,822,90,210,1,-1,-1,-1
410,285,1126,156,22,57,1,-1,-1,-1
410,278,941,447,46,129,1,-1,-1,-1
410,277,1134,546,50,147,1,-1,-1,-1
410,274,1345,413,52,116,1,-1,-1,-1
410,265,174,568,66,161,1,-1,-1,-1
410,263,860,312,39,91,1,-1,-1,-1
410,256,609,378,40,115,1,-1,-1,-1
410,255,574,466,47,129,1,-1,-1,-1
410,250,733,491,61,134,1,-1,-1,-1
410,249,709,556,62,54,1,-1,-1,-1
410,221,663,441,43,141,1,-1,-1,-1
410,173,434,484,56,144,1,-1,-1,-1
410,124,406,654,147,59,1,-1,-1,-1
411,292,1253,597,62,158,1,-1,-1,-1
411,290,914,823,97,210,1,-1,-1,-1
411,285,1126,156,22,58,1,-1,-1,-1
411,278,936,448,49,129,1,-1,-1,-1
411,277,1134,546,50,147,1,-1,-1,-1
411,274,1346,413,51,116,1,-1,-1,-1
411,265,174,569,67,161,1,-1,-1,-1
411,263,860,313,39,90,1,-1,-1,-1
411,256,610,379,41,115,1,-1,-1,-1
411,255,576,466,46,129,1,-1,-1,-1
411,250,729,492,61,134,1,-1,-1,-1
411,249,709,556,61,54,1,-1,-1,-1
411,221,663,441,43,141,1,-1,-1,-1
411,173,437,484,54,144,1,-1,-1,-1
411,124,406,652,148,61,1,-1,-1,-1
412,292,1250,598,63,158,1,-1,-1,-1
412,290,916,823,105,209,1,-1,-1,-1
412,285,1127,156,23,58,1,-1,-1,-1
412,278,931,448,53,129,1,-1,-1,-1
412,277,1134,546,50,146,1,-1,-1,-1
412,274,1347,413,50,117,1,-1,-1,-1
412,265,174,570,68,161,1,-1,-1,-1
412,263,860,314,39,90,1,-1,-1,-1
412,256,612,380,42,115,1,-1,-1,-1
412,255,577,467,45,129,1,-1,-1,-1
412,250,725,493,62,135,1,-1,-1,-1
412,249,709,555,61,54,1,-1,-1,-1
412,221,663,442,43,140,1,-1,-1,-1
412,173,440,484,51,144,1,-1,-1,-1
412,124,406,649,148,64,1,-1,-1,-1
413,292,1245,599,64,158,1,-1,-1,-1
413,290,918,824,117,209,1,-1,-1,-1
413,285,1127,155,23,59,1,-1,-1,-1
413,278,924,449,58,130,1,-1,-1,-1
413,277,1133,547,50,145,1,-1,-1,-1
413,274,1348,413,49,117,1,-1,-1,-1
413,265,174,571,70,162,1,-1,-1,-1
413,263,860,315,38,90,1,-1,-1,-1
413,256,614,381,43,115,1,-1,-1,-1
413,255,579,468,43,129,1,-1,-1,-1
413,250,719,494,62,135,1,-1,-1,-1
413,249,709,555,60,54,1,-1,-1,-1
413,221,663,443,43,140,1,-1,-1,-1
413,173,444,483,48,144,1,-1,-1,-1
413,124,406,646,149,68,1,-1,-1,-1
414,292,1243,599,64,159,1,-1,-1,-1
414,290,925,823,111,209,1,-1,-1,-1
414,285,1128,155,23,59,1,-1,-1,-1
414,278,923,450,57,130,1,-1,-1,-1
414,277,1134,547,49,145,1,-1,-1,-1
414,274,1350,413,49,117,1,-1,-1,-1
414,265,175,571,69,162,1,-1,-1,-1
414,263,860,315,38,90,1,-1,-1,-1
414,256,614,381,43,115,1,-1,-1,-1
414,255,580,468,44,129,1,-1,-1,-1
414,250,718,494,62,135,1,-1,-1,-1
414,249,709,555,60,54,1,-1,-1,-1
414,221,663,443,43,140,1,-1,-1,-1
414,173,445,484,48,144,1,-1,-1,-1
414,124,407,646,148,68,1,-1,-1,-1
415,292,1239,599,64,160,1,-1,-1,-1
415,290,937,822,102,210,1,-1,-1,-1
415,285,1130,156,21,58,1,-1,-1,-1
415,278,921,450,54,130,1,-1,-1,-1
415,277,1135,546,48,145,1,-1,-1,-1
415,274,1353,413,49,117,1,-1,-1,-1
415,265,176,571,69,163,1,-1,-1,-1
415,263,861,315,37,91,1,-1,-1,-1
415,256,615,381,44,115,1,-1,-1,-1
415,255,581,468,45,129,1,-1,-1,-1
415,250,715,494,62,135,1,-1,-1,-1
415,249,709,555,61,54,1,-1,-1,-1
415,221,662,443,43,140,1,-1,-1,-1
415,173,447,486,49,144,1,-1,-1,-1
415,124,409,646,146,67,1,-1,-1,-1
416,292,1235,599,65,161,1,-1,-1,-1
416,290,949,821,92,210,1,-1,-1,-1
416,285,1132,156,20,58,1,-1,-1,-1
416,278,920,450,51,130,1,-1,-1,-1
416,277,1136,546,47,145,1,-1,-1,-1
416,274,1356,414,49,117,1,-1,-1,-1
416,265,177,572,68,164,1,-1,-1,-1
416,263,861,315,35,91,1,-1,-1,-1
416,256,616,381,44,116,1,-1,-1,-1
416,255,582,468,47,129,1,-1,-1,-1
416,250,712,495,62,135,1,-1,-1,-1
416,249,709,555,61,54,1,-1,-1,-1
416,221,662,443,43,140,1,-1,-1,-1
416,173,449,487,50,144,1,-1,-1,-1
416,124,411,646,144,67,1,-1,-1,-1
417,292,1231,599,65,162,1,-1,-1,-1
417,290,961,820,83,211,1,-1,-1,-1
417,285,1134,157,19,57,1,-1,-1,-1
417,278,918,451,48,130,1,-1,-1,-1
417,277,1137,546,46,145,1,-1,-1,-1
417,274,1359,414,49,117,1,-1,-1,-1
417,265,179,572,68,165,1,-1,-1,-1
417,263,861,315,34,91,1,-1,-1,-1
417,256,617,381,45,116,1,-1,-1,-1
417,255,584,468,49,129,1,-1,-1,-1
417,250,709,495,62,135,1,-1,-1,-1
417,249,709,555,62,54,1,-1,-1,-1
417,221,661,444,43,140,1,-1,-1,-1
417,173,451,489,50,144,1,-1,-1,-1
417,124,413,647,142,66,1,-1,-1,-1
418,292,1227,599,65,163,1,-1,-1,-1
418,290,973,819,73,212,1,-1,-1,-1
418,285,1136,157,17,57,1,-1,-1,-1
418,278,917,451,46,130,1,-1,-1,-1
418,277,1138,546,45,145,1,-1,-1,-1
418,274,1363,414,49,117,1,-1,-1,-1
418,265,180,573,67,166,1,-1,-1,-1
418,263,862,314,33,92,1,-1,-1,-1
418,256,618,380,46,116,1,-1,-1,-1
418,255,585,468,50,129,1,-1,-1,-1
418,250,707,495,62,135,1,-1,-1,-1
418,249,709,554,62,54,1,-1,-1,-1
418,221,660,444,43,141,1,-1,-1,-1
418,173,453,491,51,144,1,-1,-1,-1
418,124,415,647,141,65,1,-1,-1,-1
419,294,0,560,18,125,1,-1,-1,-1
419,292,1220,599,65,165,1,-1,-1,-1
419,290,994,818,57,213,1,-1,-1,-1
419,285,1140,158,15,56,1,-1,-1,-1
419,278,914,452,41,130,1,-1,-1,-1
419,277,1140,545,43,145,1,-1,-1,-1
419,274,1368,414,48,118,1,-1,-1,-1
419,265,182,573,66,167,1,-1,-1,-1
419,263,862,314,31,92,1,-1,-1,-1
419,256,620,380,47,116,1,-1,-1,-1
419,255,587,468,53,130,1,-1,-1,-1
419,250,702,496,61,135,1,-1,-1,-1
419,249,709,554,63,54,1,-1,-1,-1
419,221,659,444,43,141,1,-1,-1,-1
419,173,456,494,52,144,1,-1,-1,-1
419,124,419,648,138,64,1,-1,-1,-1
420,294,0,557,24,126,1,-1,-1,-1
420,292,1219,600,65,164,1,-1,-1,-1
420,290,994,818,59,213,1,-1,-1,-1
420,285,1140,158,15,56,1,-1,-1,-1
420,278,913,452,41,130,1,-1,-1,-1
420,277,1140,545,43,145,1,-1,-1,-1
420,274,1369,414,49,118,1,-1,-1,-1
420,265,183,573,65,167,1,-1,-1,-1
420,263,862,314,32,92,1,-1,-1,-1
420,256,620,380,47,116,1,-1,-1,-1
420,255,587,468,53,130,1,-1,-1,-1
420,250,702,496,61,135,1,-1,-1,-1
420,249,709,554,63,53,1,-1,-1,-1
420,221,659,444,43,141,1,-1,-1,-1
420,173,456,494,52,144,1,-1,-1,-1
420,124,419,648,137,64,1,-1,-1,-1
421,294,0,546,30,140,1,-1,-1,-1
421,292,1216,601,66,164,1,-1,-1,-1
421,290,996,819,69,212,1,-1,-1,-1
421,285,1141,158,16,56,1,-1,-1,-1
421,278,909,452,44,130,1,-1,-1,-1
421,277,1139,545,43,145,1,-1,-1,-1
421,274,1370,414,49,118,1,-1,-1,-1
421,265,186,574,64,166,1,-1,-1,-1
421,263,861,315,32,93,1,-1,-1,-1
421,256,621,381,49,117,1,-1,-1,-1
421,255,588,469,53,131,1,-1,-1,-1
421,250,701,497,60,135,1,-1,-1,-1
421,249,709,555,63,53,1,-1,-1,-1
421,221,659,445,44,141,1,-1,-1,-1
421,173,458,493,52,145,1,-1,-1,-1
421,124,422,649,135,63,1,-1,-1,-1
422,294,0,538,33,154,1,-1,-1,-1
422,292,1212,603,67,164,1,-1,-1,-1
422,290,998,819,79,212,1,-1,-1,-1
422,285,1142,157,17,56,1,-1,-1,-1
422,278,905,453,46,130,1,-1,-1,-1
422,277,1139,545,44,145,1,-1,-1,-1
422,274,1372,414,49,119,1,-1,-1,-1
422,265,189,574,63,166,1,-1,-1,-1
422,263,861,316,33,93,1,-1,-1,-1
422,256,622,382,51,117,1,-1,-1,-1
422,255,590,469,53,132,1,-1,-1,-1
422,250,700,497,60,135,1,-1,-1,-1
422,249,710,555,62,52,1,-1,-1,-1
422,221,659,445,44,141,1,-1,-1,-1
422,173,460,493,51,145,1,-1,-1,-1
422,124,424,650,133,61,1,-1,-1,-1
423,294,0,537,37,152,1,-1,-1,-1
423,292,1209,605,68,163,1,-1,-1,-1
423,290,999,820,89,211,1,-1,-1,-1
423,285,1143,157,17,56,1,-1,-1,-1
423,278,901,453,48,129,1,-1,-1,-1
423,277,1139,545,44,145,1,-1,-1,-1
423,274,1373,415,50,119,1,-1,-1,-1
423,265,192,575,62,165,1,-1,-1,-1
423,263,860,317,34,93,1,-1,-1,-1
423,256,623,383,53,118,1,-1,-1,-1
423,255,591,469,53,133,1,-1,-1,-1
423,250,700,498,59,135,1,-1,-1,-1
423,249,710,555,62,51,1,-1,-1,-1
423,221,658,445,44,141,1,-1,-1,-1
423,173,462,493,51,146,1,-1,-1,-1
423,124,426,651,131,60,1,-1,-1,-1
424,294,0,539,42,152,1,-1,-1,-1
424,292,1206,606,69,163,1,-1,-1,-1
424,290,1001,821,99,211,1,-1,-1,-1
424,285,1145,157,18,56,1,-1,-1,-1
424,278,897,454,50,129,1,-1,-1,-1
424,277,1139,545,44,145,1,-1,-1,-1
424,274,1375,415,50,120,1,-1,-1,-1
424,265,195,575,60,165,1,-1,-1,-1
424,263,860,318,34,93,1,-1,-1,-1
424,256,623,384,54,118,1,-1,-1,-1
424,255,592,470,52,134,1,-1,-1,-1
424,250,699,499,58,136,1,-1,-1,-1
424,249,711,556,62,50,1,-1,-1,-1
424,221,658,445,45,140,1,-1,-1,-1
424,173,464,493,51,146,1,-1,-1,-1
424,124,428,652,129,59,1,-1,-1,-1
425,294,0,538,46,151,1,-1,-1,-1
425,292,1203,608,70,163,1,-1,-1,-1
425,290,1004,822,119,210,1,-1,-1,-1
425,285,1147,156,20,56,1,-1,-1,-1
425,278,889,455,54,128,1,-1,-1,-1
425,277,1139,545,44,145,1,-1,-1,-1
425,274,1378,415,51,121,1,-1,-1,-1
425,265,200,576,58,164,1,-1,-1,-1
425,263,859,319,36,94,1,-1,-1,-1
425,256,625,385,58,119,1,-1,-1,-1
425,255,595,471,52,135,1,-1,-1,-1
425,250,698,500,57,136,1,-1,-1,-1
425,249,712,556,61,49,1,-1,-1,-1
425,221,658,446,45,140,1,-1,-1,-1
425,173,466,493,51,147,1,-1,-1,-1
425,124,430,653,128,57,1,-1,-1,-1
426,294,0,541,50,151,1,-1,-1,-1
426,292,1199,609,71,162,1,-1,-1,-1
426,290,1005,822,118,210,1,-1,-1,-1
426,285,1147,156,20,56,1,-1,-1,-1
426,278,889,455,54,128,1,-1,-1,-1
426,277,1139,545,44,145,1,-1,-1,-1
426,274,1378,415,51,121,1,-1,-1,-1
426,265,200,576,58,164,1,-1,-1,-1
426,263,859,319,35,94,1,-1,-1,-1
426,256,625,385,58,119,1,-1,-1,-1
426,255,595,471,52,135,1,-1,-1,-1
426,250,698,500,57,136,1,-1,-1,-1
426,249,712,556,61,49,1,-1,-1,-1
426,221,658,446,45,140,1,-1,-1,-1
426,173,468,493,50,148,1,-1,-1,-1
426,124,432,655,126,56,1,-1,-1,-1
427,294,0,542,53,151,1,-1,-1,-1
427,292,1198,610,68,162,1,-1,-1,-1
427,290,1017,820,110,210,1,-1,-1,-1
427,285,1148,156,21,56,1,-1,-1,-1
427,278,888,455,51,129,1,-1,-1,-1
427,277,1138,545,45,145,1,-1,-1,-1
427,274,1380,415,49,120,1,-1,-1,-1
427,265,203,577,59,163,1,-1,-1,-1
427,263,859,319,35,94,1,-1,-1,-1
427,256,627,385,55,119,1,-1,-1,-1
427,255,595,471,51,135,1,-1,-1,-1
427,250,697,500,53,137,1,-1,-1,-1
427,249,713,556,60,49,1,-1,-1,-1
427,221,658,447,45,140,1,-1,-1,-1
427,173,469,495,52,148,1,-1,-1,-1
427,124,432,653,126,57,1,-1,-1,-1
428,294,0,542,53,151,1,-1,-1,-1
428,292,1197,610,65,162,1,-1,-1,-1
428,290,1029,819,101,211,1,-1,-1,-1
428,285,1148,156,22,56,1,-1,-1,-1
428,278,888,455,48,129,1,-1,-1,-1
428,277,1138,544,45,146,1,-1,-1,-1
428,274,1381,415,47,120,1,-1,-1,-1
428,265,205,578,60,162,1,-1,-1,-1
428,263,860,319,34,94,1,-1,-1,-1
428,256,628,386,53,118,1,-1,-1,-1
428,255,596,472,50,134,1,-1,-1,-1
428,250,697,501,50,138,1,-1,-1,-1
428,249,714,555,59,49,1,-1,-1,-1
428,221,658,447,44,141,1,-1,-1,-1
428,173,470,496,55,148,1,-1,-1,-1
428,124,432,652,125,58,1,-1,-1,-1
429,294,0,541,53,151,1,-1,-1,-1
429,292,1196,610,61,162,1,-1,-1,-1
429,290,1041,818,92,212,1,-1,-1,-1
429,285,1148,156,23,56,1,-1,-1,-1
429,278,887,455,45,129,1,-1,-1,-1
429,277,1138,544,45,146,1,-1,-1,-1
429,274,1383,415,46,120,1,-1,-1,-1
429,265,207,580,62,162,1,-1,-1,-1
429,263,860,319,33,95,1,-1,-1,-1
429,256,630,386,51,117,1,-1,-1,-1
429,255,597,472,49,134,1,-1,-1,-1
429,250,696,501,46,138,1,-1,-1,-1
429,249,714,555,58,49,1,-1,-1,-1
429,221,658,448,44,141,1,-1,-1,-1
429,173,470,497,57,149,1,-1,-1,-1
429,124,432,651,125,59,1,-1,-1,-1
430,294,0,543,54,150,1,-1,-1,-1
430,292,1195,610,58,162,1,-1,-1,-1
430,290,1053,816,83,213,1,-1,-1,-1
430,285,1149,156,24,56,1,-1,-1,-1
430,278,887,456,43,129,1,-1,-1,-1
430,277,1137,543,46,146,1,-1,-1,-1
430,274,1384,415,44,120,1,-1,-1,-1
430,265,209,581,63,161,1,-1,-1,-1
430,263,861,319,33,95,1,-1,-1,-1
430,256,631,386,49,117,1,-1,-1,-1
430,255,598,473,48,133,1,-1,-1,-1
430,250,696,501,42,139,1,-1,-1,-1
430,249,715,555,57,50,1,-1,-1,-1
430,221,658,449,44,141,1,-1,-1,-1
430,173,471,499,59,149,1,-1,-1,-1
430,124,433,650,125,60,1,-1,-1,-1
431,294,0,542,54,150,1,-1,-1,-1
431,292,1194,610,55,162,1,-1,-1,-1
431,290,1065,815,74,214,1,-1,-1,-1
431,285,1149,156,25,56,1,-1,-1,-1
431,278,887,456,40,129,1,-1,-1,-1
431,277,1137,543,46,146,1,-1,-1,-1
431,274,1386,415,42,120,1,-1,-1,-1
431,265,212,582,64,160,1,-1,-1,-1
431,263,861,318,32,96,1,-1,-1,-1
431,256,632,386,47,116,1,-1,-1,-1
431,255,599,473,47,133,1,-1,-1,-1
431,250,695,502,39,140,1,-1,-1,-1
431,249,716,554,56,50,1,-1,-1,-1
431,221,658,450,43,141,1,-1,-1,-1
431,173,471,500,62,150,1,-1,-1,-1
431,124,433,649,125,61,1,-1,-1,-1
432,294,0,542,51,149,1,-1,-1,-1
432,292,1192,610,50,162,1,-1,-1,-1
432,290,1079,813,64,215,1,-1,-1,-1
432,285,1150,155,26,56,1,-1,-1,-1
432,278,886,456,36,130,1,-1,-1,-1
432,277,1137,542,47,147,1,-1,-1,-1
432,274,1388,415,40,120,1,-1,-1,-1
432,265,214,583,65,159,1,-1,-1,-1
432,263,862,318,31,96,1,-1,-1,-1
432,256,634,386,44,115,1,-1,-1,-1
432,255,600,474,45,132,1,-1,-1,-1
432,250,695,502,34,141,1,-1,-1,-1
432,249,717,554,55,50,1,-1,-1,-1
432,221,658,451,43,141,1,-1,-1,-1
432,173,472,502,64,150,1,-1,-1,-1
432,124,433,648,125,62,1,-1,-1,-1
433,294,0,540,53,151,1,-1,-1,-1
433,292,1189,611,52,162,1,-1,-1,-1
433,290,1081,814,71,215,1,-1,-1,-1
433,285,1152,155,25,56,1,-1,-1,-1
433,278,882,457,39,130,1,-1,-1,-1
433,277,1137,542,46,146,1,-1,-1,-1
433,274,1388,415,40,120,1,-1,-1,-1
433,265,215,586,65,157,1,-1,-1,-1
433,263,862,319,32,96,1,-1,-1,-1
433,256,635,387,43,115,1,-1,-1,-1
433,255,601,474,46,132,1,-1,-1,-1
433,250,691,503,36,141,1,-1,-1,-1
433,249,716,553,56,50,1,-1,-1,-1
433,221,658,451,44,140,1,-1,-1,-1
433,173,474,502,63,151,1,-1,-1,-1
433,124,432,647,126,63,1,-1,-1,-1
434,294,0,540,53,151,1,-1,-1,-1
434,292,1185,612,54,163,1,-1,-1,-1
434,290,1084,814,80,214,1,-1,-1,-1
434,285,1155,155,24,56,1,-1,-1,-1
434,278,878,457,43,131,1,-1,-1,-1
434,277,1137,542,46,146,1,-1,-1,-1
434,274,1390,415,41,120,1,-1,-1,-1
434,265,216,589,64,155,1,-1,-1,-1
434,263,863,320,32,95,1,-1,-1,-1
434,256,636,387,42,114,1,-1,-1,-1
434,255,602,475,48,132,1,-1,-1,-1
434,250,687,504,39,141,1,-1,-1,-1
434,249,715,553,57,51,1,-1,-1,-1
434,221,658,451,45,140,1,-1,-1,-1
434,173,476,503,61,151,1,-1,-1,-1
434,124,432,646,128,64,1,-1,-1,-1
435,294,5,541,56,151,1,-1,-1,-1
435,292,1181,614,56,164,1,-1,-1,-1
435,290,1086,815,88,214,1,-1,-1,-1
435,285,1158,155,22,56,1,-1,-1,-1
435,278,873,458,46,131,1,-1,-1,-1
435,277,1137,543,46,145,1,-1,-1,-1
435,274,1391,416,41,120,1,-1,-1,-1
435,265,217,592,64,152,1,-1,-1,-1
435,263,863,320,33,95,1,-1,-1,-1
435,256,637,388,40,114,1,-1,-1,-1
435,255,604,475,49,131,1,-1,-1,-1
435,250,683,505,41,141,1,-1,-1,-1
435,249,714,553,58,51,1,-1,-1,-1
435,221,657,451,46,139,1,-1,-1,-1
435,173,478,504,58,151,1,-1,-1,-1
435,124,431,645,129,65,1,-1,-1,-1
436,294,9,541,58,150,1,-1,-1,-1
436,292,1177,615,57,164,1,-1,-1,-1
436,290,1089,815,97,213,1,-1,-1,-1
436,285,1160,154,20,57,1,-1,-1,-1
436,278,869,459,50,132,1,-1,-1,-1
436,277,1137,543,46,144,1,-1,-1,-1
436,274,1392,416,42,120,1,-1,-1,-1
436,265,218,595,64,150,1,-1,-1,-1
436,263,863,321,33,94,1,-1,-1,-1
436,256,637,388,39,113,1,-1,-1,-1
436,255,605,475,50,131,1,-1,-1,-1
436,250,678,506,44,141,1,-1,-1,-1
436,249,713,553,59,51,1,-1,-1,-1
436,221,657,451,47,138,1,-1,-1,-1
436,173,480,504,56,151,1,-1,-1,-1
436,124,431,644,131,66,1,-1,-1,-1
437,294,13,541,60,149,1,-1,-1,-1
437,292,1173,616,59,165,1,-1,-1,-1
437,290,1091,815,106,213,1,-1,-1,-1
437,285,1163,154,19,57,1,-1,-1,-1
437,278,864,459,53,132,1,-1,-1,-1
437,277,1137,543,46,144,1,-1,-1,-1
437,274,1393,416,42,120,1,-1,-1,-1
437,265,219,598,63,147,1,-1,-1,-1
437,263,864,322,34,94,1,-1,-1,-1
437,256,638,389,37,112,1,-1,-1,-1
437,255,606,475,51,131,1,-1,-1,-1
437,250,674,507,47,141,1,-1,-1,-1
437,249,711,552,60,51,1,-1,-1,-1
437,221,657,451,49,138,1,-1,-1,-1
437,173,482,505,54,151,1,-1,-1,-1
437,124,430,642,132,67,1,-1,-1,-1
438,294,20,542,64,149,1,-1,-1,-1
438,292,1167,619,62,166,1,-1,-1,-1
438,290,1095,816,119,212,1,-1,-1,-1
438,285,1167,153,16,58,1,-1,-1,-1
438,278,858,460,59,133,1,-1,-1,-1
438,277,1137,543,46,143,1,-1,-1,-1
438,274,1395,417,43,120,1,-1,-1,-1
438,265,221,603,63,143,1,-1,-1,-1
438,263,865,323,35,93,1,-1,-1,-1
438,256,640,389,35,112,1,-1,-1,-1
438,255,608,476,53,130,1,-1,-1,-1
438,250,668,509,50,141,1,-1,-1,-1
438,249,710,552,62,52,1,-1,-1,-1
438,221,657,451,51,137,1,-1,-1,-1
438,173,485,506,51,151,1,-1,-1,-1
438,124,430,641,134,68,1,-1,-1,-1
439,294,21,542,65,149,1,-1,-1,-1
439,292,1165,619,62,166,1,-1,-1,-1
439,290,1100,816,115,212,1,-1,-1,-1
439,285,1167,154,17,57,1,-1,-1,-1
439,278,857,460,59,133,1,-1,-1,-1
439,277,1137,543,46,143,1,-1,-1,-1
439,274,1396,417,42,121,1,-1,-1,-1
439,265,221,604,63,142,1,-1,-1,-1
439,263,865,323,34,93,1,-1,-1,-1
439,256,640,390,35,111,1,-1,-1,-1
439,255,609,476,53,131,1,-1,-1,-1
439,250,668,509,49,141,1,-1,-1,-1
439,249,710,552,62,52,1,-1,-1,-1
439,221,657,451,51,137,1,-1,-1,-1
439,173,485,506,51,151,1,-1,-1,-1
439,124,430,641,134,67,1,-1,-1,-1
440,294,22,542,67,149,1,-1,-1,-1
440,292,1161,619,62,166,1,-1,-1,-1
440,290,1110,815,106,214,1,-1,-1,-1
440,285,1168,154,18,57,1,-1,-1,-1
440,278,856,460,58,134,1,-1,-1,-1
440,277,1137,543,46,143,1,-1,-1,-1
440,274,1397,418,42,121,1,-1,-1,-1
440,265,221,608,64,138,1,-1,-1,-1
440,263,867,324,34,93,1,-1,-1,-1
440,256,640,390,36,110,1,-1,-1,-1
440,255,610,476,52,131,1,-1,-1,-1
440,250,667,509,48,141,1,-1,-1,-1
440,249,710,552,62,52,1,-1,-1,-1
440,221,657,451,51,137,1,-1,-1,-1
440,173,486,507,51,150,1,-1,-1,-1
440,124,429,643,135,65,1,-1,-1,-1
441,294,23,542,69,149,1,-1,-1,-1
441,292,1158,619,62,166,1,-1,-1,-1
441,290,1120,815,98,215,1,-1,-1,-1
441,285,1168,154,20,57,1,-1,-1,-1
441,278,855,460,58,134,1,-1,-1,-1
441,277,1138,544,45,143,1,-1,-1,-1
441,274,1398,418,42,121,1,-1,-1,-1
441,265,222,612,65,135,1,-1,-1,-1
441,263,868,324,34,94,1,-1,-1,-1
441,256,641,390,37,109,1,-1,-1,-1
441,255,610,477,52,131,1,-1,-1,-1
441,250,667,510,46,141,1,-1,-1,-1
441,249,710,552,62,52,1,-1,-1,-1
441,221,657,452,50,137,1,-1,-1,-1
441,173,488,508,50,150,1,-1,-1,-1
441,124,429,644,136,64,1,-1,-1,-1
442,294,24,542,71,150,1,-1,-1,-1
442,292,1154,620,62,166,1,-1,-1,-1
442,290,1130,814,89,216,1,-1,-1,-1
442,285,1168,154,21,57,1,-1,-1,-1
442,278,854,460,58,135,1,-1,-1,-1
442,277,1138,544,45,143,1,-1,-1,-1
442,274,1399,418,42,121,1,-1,-1,-1
442,265,222,616,66,132,1,-1,-1,-1
442,263,869,324,33,94,1,-1,-1,-1
442,256,641,391,37,108,1,-1,-1,-1
442,255,611,477,51,132,1,-1,-1,-1
442,250,666,510,44,140,1,-1,-1,-1
442,249,710,552,62,52,1,-1,-1,-1
442,221,657,452,50,138,1,-1,-1,-1
442,173,489,509,50,149,1,-1,-1,-1
442,124,429,645,137,62,1,-1,-1,-1
443,294,25,543,72,150,1,-1,-1,-1
443,292,1151,620,63,166,1,-1,-1,-1
443,290,1139,813,81,217,1,-1,-1,-1
443,285,1168,154,22,57,1,-1,-1,-1
443,278,853,460,58,135,1,-1,-1,-1
443,277,1138,544,45,143,1,-1,-1,-1
443,274,1400,419,41,122,1,-1,-1,-1
443,265,223,620,67,128,1,-1,-1,-1
443,263,871,325,33,94,1,-1,-1,-1
443,256,642,391,38,107,1,-1,-1,-1
443,255,612,477,50,132,1,-1,-1,-1
443,250,666,510,42,140,1,-1,-1,-1
443,249,710,552,62,53,1,-1,-1,-1
443,221,657,452,50,138,1,-1,-1,-1
443,173,490,511,50,148,1,-1,-1,-1
443,124,429,646,138,60,1,-1,-1,-1
444,294,27,543,76,151,1,-1,-1,-1
444,292,1145,621,63,166,1,-1,-1,-1
444,290,1156,812,67,219,1,-1,-1,-1
444,285,1169,154,24,57,1,-1,-1,-1
444,278,851,461,58,137,1,-1,-1,-1
444,277,1139,544,44,143,1,-1,-1,-1
444,274,1402,419,41,122,1,-1,-1,-1
444,265,223,627,68,123,1,-1,-1,-1
444,263,873,325,32,94,1,-1,-1,-1
444,256,643,391,39,106,1,-1,-1,-1
444,255,614,478,49,133,1,-1,-1,-1
444,250,665,511,39,140,1,-1,-1,-1
444,249,710,552,62,53,1,-1,-1,-1
444,221,657,453,50,138,1,-1,-1,-1
444,173,492,512,49,147,1,-1,-1,-1
444,124,429,647,140,57,1,-1,-1,-1
445,294,28,543,75,151,1,-1,-1,-1
445,292,1144,621,64,166,1,-1,-1,-1
445,290,1157,812,69,219,1,-1,-1,-1
445,285,1169,154,24,57,1,-1,-1,-1
445,278,851,461,57,136,1,-1,-1,-1
445,277,1139,544,45,143,1,-1,-1,-1
445,274,1402,419,41,122,1,-1,-1,-1
445,265,223,628,68,122,1,-1,-1,-1
445,263,873,325,33,94,1,-1,-1,-1
445,256,643,392,39,106,1,-1,-1,-1
445,255,614,478,49,133,1,-1,-1,-1
445,250,664,511,40,140,1,-1,-1,-1
445,249,710,552,63,53,1,-1,-1,-1
445,221,657,453,50,138,1,-1,-1,-1
445,173,493,513,49,146,1,-1,-1,-1
445,124,429,647,140,57,1,-1,-1,-1
446,294,34,542,72,151,1,-1,-1,-1
446,292,1140,622,66,168,1,-1,-1,-1
446,290,1161,813,77,219,1,-1,-1,-1
446,285,1170,154,24,57,1,-1,-1,-1
446,278,852,461,54,136,1,-1,-1,-1
446,277,1138,544,46,143,1,-1,-1,-1
446,274,1403,420,42,122,1,-1,-1,-1
446,265,223,630,69,121,1,-1,-1,-1
446,263,874,326,33,94,1,-1,-1,-1
446,256,643,392,41,107,1,-1,-1,-1
446,255,614,478,49,132,1,-1,-1,-1
446,250,659,512,44,140,1,-1,-1,-1
446,249,710,551,63,53,1,-1,-1,-1
446,221,658,453,48,138,1,-1,-1,-1
446,173,494,514,49,145,1,-1,-1,-1
446,124,429,647,140,56,1,-1,-1,-1
447,294,39,542,69,151,1,-1,-1,-1
447,292,1136,623,69,169,1,-1,-1,-1
447,290,1166,813,85,218,1,-1,-1,-1
447,285,1172,154,23,57,1,-1,-1,-1
447,278,852,462,51,136,1,-1,-1,-1
447,277,1138,543,46,144,1,-1,-1,-1
447,274,1405,420,43,122,1,-1,-1,-1
447,265,222,633,71,119,1,-1,-1,-1
447,263,875,326,34,94,1,-1,-1,-1
447,256,643,393,43,107,1,-1,-1,-1
447,255,615,479,49,132,1,-1,-1,-1
447,250,654,512,47,141,1,-1,-1,-1
447,249,710,551,63,53,1,-1,-1,-1
447,221,658,453,47,138,1,-1,-1,-1
447,173,496,516,49,144,1,-1,-1,-1
447,124,429,648,140,55,1,-1,-1,-1
448,294,44,542,66,151,1,-1,-1,-1
448,292,1132,624,71,170,1,-1,-1,-1
448,290,1170,814,93,218,1,-1,-1,-1
448,285,1173,153,23,57,1,-1,-1,-1
448,278,853,462,48,136,1,-1,-1,-1
448,277,1137,543,47,144,1,-1,-1,-1
448,274,1406,420,44,122,1,-1,-1,-1
448,265,222,635,72,117,1,-1,-1,-1
448,263,876,327,35,94,1,-1,-1,-1
448,256,643,393,44,108,1,-1,-1,-1
448,255,616,479,49,131,1,-1,-1,-1
448,250,649,513,51,142,1,-1,-1,-1
448,249,710,551,63,54,1,-1,-1,-1
448,221,659,453,45,137,1,-1,-1,-1
448,173,498,517,49,143,1,-1,-1,-1
448,124,429,648,140,54,1,-1,-1,-1
449,294,50,541,62,151,1,-1,-1,-1
449,292,1128,626,74,172,1,-1,-1,-1
449,290,1174,814,101,217,1,-1,-1,-1
449,285,1174,153,22,57,1,-1,-1,-1
449,278,853,463,45,135,1,-1,-1,-1
449,277,1137,542,48,144,1,-1,-1,-1
449,274,1407,420,45,122,1,-1,-1,-1
449,265,222,637,73,116,1,-1,-1,-1
449,263,877,327,36,94,1,-1,-1,-1
449,256,643,394,46,109,1,-1,-1,-1
449,255,616,479,48,131,1,-1,-1,-1
449,250,644,514,54,142,1,-1,-1,-1
449,249,710,551,63,54,1,-1,-1,-1
449,221,660,453,44,137,1,-1,-1,-1
449,173,500,519,49,141,1,-1,-1,-1
449,124,429,648,140,53,1,-1,-1,-1
450,294,55,541,59,151,1,-1,-1,-1
450,292,1124,627,76,173,1,-1,-1,-1
450,290,1182,815,117,216,1,-1,-1,-1
450,285,1176,153,21,57,1,-1,-1,-1
450,278,854,464,39,135,1,-1,-1,-1
450,277,1136,542,49,144,1,-1,-1,-1
450,274,1410,420,48,122,1,-1,-1,-1
450,265,221,640,74,114,1,-1,-1,-1
450,263,879,328,37,94,1,-1,-1,-1
450,256,643,395,49,110,1,-1,-1,-1
450,255,618,480,48,129,1,-1,-1,-1
450,250,634,515,61,143,1,-1,-1,-1
450,249,710,551,63,54,1,-1,-1,-1
450,221,661,453,42,137,1,-1,-1,-1
450,173,502,520,50,140,1,-1,-1,-1
450,124,428,648,141,52,1,-1,-1,-1
451,294,60,541,56,151,1,-1,-1,-1
451,292,1120,628,79,175,1,-1,-1,-1
451,290,1183,815,117,216,1,-1,-1,-1
451,285,1176,153,21,57,1,-1,-1,-1
451,278,854,464,39,135,1,-1,-1,-1
451,277,1136,542,50,144,1,-1,-1,-1
451,274,1410,420,47,122,1,-1,-1,-1
451,265,221,642,75,112,1,-1,-1,-1
451,263,879,328,37,94,1,-1,-1,-1
451,256,643,395,49,110,1,-1,-1,-1
451,255,618,480,48,129,1,-1,-1,-1
451,250,634,515,61,143,1,-1,-1,-1
451,249,710,551,63,54,1,-1,-1,-1
451,221,661,453,40,137,1,-1,-1,-1
451,173,504,522,50,139,1,-1,-1,-1
451,124,428,648,141,50,1,-1,-1,-1
452,294,63,542,60,151,1,-1,-1,-1
452,292,1120,630,75,174,1,-1,-1,-1
452,290,1193,814,109,216,1,-1,-1,-1
452,285,1179,153,21,57,1,-1,-1,-1
452,278,852,464,39,135,1,-1,-1,-1
452,277,1132,541,55,141,1,-1,-1,-1
452,274,1411,421,47,122,1,-1,-1,-1
452,265,221,643,75,112,1,-1,-1,-1
452,263,883,328,38,94,1,-1,-1,-1
452,256,643,395,49,106,1,-1,-1,-1
452,255,620,481,49,130,1,-1,-1,-1
452,250,632,516,59,143,1,-1,-1,-1
452,249,709,551,63,54,1,-1,-1,-1
452,221,661,453,41,138,1,-1,-1,-1
452,173,505,524,49,136,1,-1,-1,-1
452,124,429,648,141,49,1,-1,-1,-1
453,294,65,543,64,151,1,-1,-1,-1
453,292,1120,631,71,173,1,-1,-1,-1
453,290,1203,813,101,215,1,-1,-1,-1
453,285,1181,153,20,57,1,-1,-1,-1
453,278,850,465,39,135,1,-1,-1,-1
453,277,1128,541,59,138,1,-1,-1,-1
453,274,1412,421,47,123,1,-1,-1,-1
453,265,221,643,75,112,1,-1,-1,-1
453,263,886,328,38,94,1,-1,-1,-1
453,256,644,395,49,103,1,-1,-1,-1
453,255,622,481,50,130,1,-1,-1,-1
453,250,631,516,58,143,1,-1,-1,-1
453,249,709,551,63,54,1,-1,-1,-1
453,221,660,452,42,139,1,-1,-1,-1
453,173,507,527,49,134,1,-1,-1,-1
453,124,430,647,141,48,1,-1,-1,-1
454,294,67,544,67,150,1,-1,-1,-1
454,292,1120,633,66,172,1,-1,-1,-1
454,290,1212,812,93,215,1,-1,-1,-1
454,285,1183,153,19,57,1,-1,-1,-1
454,278,848,466,39,135,1,-1,-1,-1
454,277,1124,540,64,134,1,-1,-1,-1
454,274,1414,421,46,123,1,-1,-1,-1
454,265,221,643,75,111,1,-1,-1,-1
454,263,890,328,39,94,1,-1,-1,-1
454,256,644,396,49,99,1,-1,-1,-1
454,255,624,482,50,131,1,-1,-1,-1
454,250,630,517,56,143,1,-1,-1,-1
454,249,709,551,63,54,1,-1,-1,-1
454,221,659,452,42,140,1,-1,-1,-1
454,173,509,529,49,131,1,-1,-1,-1
454,124,431,647,141,47,1,-1,-1,-1
455,294,69,545,71,150,1,-1,-1,-1
455,292,1119,635,62,171,1,-1,-1,-1
455,290,1222,812,85,214,1,-1,-1,-1
455,285,1186,154,19,57,1,-1,-1,-1
455,278,847,467,39,135,1,-1,-1,-1
455,277,1120,540,68,131,1,-1,-1,-1
455,274,1415,422,46,124,1,-1,-1,-1
455,265,221,644,75,111,1,-1,-1,-1
455,263,894,328,39,94,1,-1,-1,-1
455,256,644,396,49,96,1,-1,-1,-1
455,255,626,483,51,131,1,-1,-1,-1
455,250,628,518,54,142,1,-1,-1,-1
455,249,709,551,63,54,1,-1,-1,-1
455,221,659,452,43,142,1,-1,-1,-1
455,173,510,532,49,129,1,-1,-1,-1
455,124,431,647,141,45,1,-1,-1,-1
456,294,72,546,75,150,1,-1,-1,-1
456,292,1119,636,58,170,1,-1,-1,-1
456,290,1232,811,77,214,1,-1,-1,-1
456,285,1188,154,18,57,1,-1,-1,-1
456,278,845,467,40,135,1,-1,-1,-1
456,277,1117,539,73,127,1,-1,-1,-1
456,274,1416,422,46,125,1,-1,-1,-1
456,265,221,644,74,111,1,-1,-1,-1
456,263,897,328,40,94,1,-1,-1,-1
456,256,644,396,49,92,1,-1,-1,-1
456,255,628,483,52,131,1,-1,-1,-1
456,250,627,518,53,142,1,-1,-1,-1
456,249,709,551,63,54,1,-1,-1,-1
456,221,658,452,43,143,1,-1,-1,-1
456,173,512,534,48,126,1,-1,-1,-1
456,124,432,647,141,44,1,-1,-1,-1
457,294,74,547,79,149,1,-1,-1,-1
457,292,1119,638,52,169,1,-1,-1,-1
457,290,1244,810,67,214,1,-1,-1,-1
457,285,1191,154,17,57,1,-1,-1,-1
457,278,842,468,40,136,1,-1,-1,-1
457,277,1112,539,79,123,1,-1,-1,-1
457,274,1418,422,45,125,1,-1,-1,-1
457,265,222,645,74,110,1,-1,-1,-1
457,263,902,328,40,94,1,-1,-1,-1
457,256,645,397,48,88,1,-1,-1,-1
457,255,630,484,52,132,1,-1,-1,-1
457,250,626,519,51,142,1,-1,-1,-1
457,249,709,551,63,54,1,-1,-1,-1
457,221,657,451,44,144,1,-1,-1,-1
457,173,514,537,48,123,1,-1,-1,-1
457,124,433,647,141,43,1,-1,-1,-1
458,294,80,547,76,149,1,-1,-1,-1
458,292,1119,639,53,169,1,-1,-1,-1
458,290,1249,810,74,214,1,-1,-1,-1
458,285,1193,154,19,57,1,-1,-1,-1
458,278,842,468,41,136,1,-1,-1,-1
458,277,1118,539,75,126,1,-1,-1,-1
458,274,1420,423,46,125,1,-1,-1,-1
458,265,224,645,75,110,1,-1,-1,-1
458,263,904,329,41,94,1,-1,-1,-1
458,256,647,397,48,87,1,-1,-1,-1
458,255,632,485,51,132,1,-1,-1,-1
458,250,626,520,50,142,1,-1,-1,-1
458,249,711,551,64,54,1,-1,-1,-1
458,221,659,451,44,144,1,-1,-1,-1
458,173,516,540,48,121,1,-1,-1,-1
458,124,435,646,141,43,1,-1,-1,-1
459,294,88,546,71,149,1,-1,-1,-1
459,292,1118,641,53,170,1,-1,-1,-1
459,290,1255,811,82,214,1,-1,-1,-1
459,285,1195,154,20,57,1,-1,-1,-1
459,278,842,469,43,136,1,-1,-1,-1
459,277,1126,540,69,130,1,-1,-1,-1
459,274,1422,424,46,125,1,-1,-1,-1
459,265,226,645,75,110,1,-1,-1,-1
459,263,908,329,43,94,1,-1,-1,-1
459,256,649,398,47,85,1,-1,-1,-1
459,255,635,485,50,133,1,-1,-1,-1
459,250,627,521,50,142,1,-1,-1,-1
459,249,713,551,64,54,1,-1,-1,-1
459,221,660,452,45,144,1,-1,-1,-1
459,173,519,543,48,118,1,-1,-1,-1
459,124,438,646,140,44,1,-1,-1,-1
460,294,96,546,66,150,1,-1,-1,-1
460,292,1117,642,54,171,1,-1,-1,-1
460,290,1262,811,91,215,1,-1,-1,-1
460,285,1198,154,22,57,1,-1,-1,-1
460,278,842,469,45,135,1,-1,-1,-1
460,277,1134,540,64,134,1,-1,-1,-1
460,274,1424,425,46,124,1,-1,-1,-1
460,265,229,644,75,110,1,-1,-1,-1
460,263,911,330,44,93,1,-1,-1,-1
460,256,652,398,47,83,1,-1,-1,-1
460,255,638,485,48,134,1,-1,-1,-1
460,250,628,522,49,143,1,-1,-1,-1
460,249,716,551,64,54,1,-1,-1,-1
460,221,662,452,45,144,1,-1,-1,-1
460,173,522,546,47,116,1,-1,-1,-1
460,124,441,645,140,44,1,-1,-1,-1
461,294,104,546,61,150,1,-1,-1,-1
461,292,1116,644,54,172,1,-1,-1,-1
461,290,1268,812,99,215,1,-1,-1,-1
461,285,1200,154,24,57,1,-1,-1,-1
461,278,842,469,47,135,1,-1,-1,-1
461,277,1143,540,59,137,1,-1,-1,-1
461,274,1427,426,47,124,1,-1,-1,-1
461,265,232,644,75,110,1,-1,-1,-1
461,263,914,330,45,93,1,-1,-1,-1
461,256,654,399,46,81,1,-1,-1,-1
461,255,642,486,47,134,1,-1,-1,-1
461,250,628,522,49,143,1,-1,-1,-1
461,249,718,550,64,54,1,-1,-1,-1
461,221,664,452,45,143,1,-1,-1,-1
461,173,525,549,47,113,1,-1,-1,-1
461,124,443,644,140,45,1,-1,-1,-1
462,294,111,546,56,150,1,-1,-1,-1
462,292,1116,645,54,173,1,-1,-1,-1
462,290,1274,812,108,215,1,-1,-1,-1
462,285,1203,154,25,57,1,-1,-1,-1
462,278,842,469,49,135,1,-1,-1,-1
462,277,1151,541,54,141,1,-1,-1,-1
462,274,1429,427,47,124,1,-1,-1,-1
462,265,234,644,75,110,1,-1,-1,-1
462,263,918,331,46,93,1,-1,-1,-1
462,256,657,399,45,79,1,-1,-1,-1
462,255,645,486,46,135,1,-1,-1,-1
462,250,629,523,48,144,1,-1,-1,-1
462,249,721,550,64,54,1,-1,-1,-1
462,221,666,452,45,143,1,-1,-1,-1
462,173,528,552,46,110,1,-1,-1,-1
462,124,446,643,139,46,1,-1,-1,-1
463,294,122,545,49,150,1,-1,-1,-1
463,292,1115,648,55,174,1,-1,-1,-1
463,290,1283,813,120,216,1,-1,-1,-1
463,285,1206,155,28,57,1,-1,-1,-1
463,278,842,469,52,135,1,-1,-1,-1
463,277,1162,541,46,146,1,-1,-1,-1
463,274,1433,428,48,124,1,-1,-1,-1
463,265,238,644,76,110,1,-1,-1,-1
463,263,923,332,48,92,1,-1,-1,-1
463,256,661,400,44,77,1,-1,-1,-1
463,255,649,487,44,136,1,-1,-1,-1
463,250,630,525,47,144,1,-1,-1,-1
463,249,724,550,64,54,1,-1,-1,-1
463,221,668,453,46,143,1,-1,-1,-1
463,173,533,557,46,106,1,-1,-1,-1
463,124,450,642,139,47,1,-1,-1,-1
464,294,129,545,51,150,1,-1,-1,-1
464,292,1117,648,55,174,1,-1,-1,-1
464,290,1291,814,117,216,1,-1,-1,-1
464,285,1211,155,27,57,1,-1,-1,-1
464,278,844,469,54,136,1,-1,-1,-1
464,277,1166,542,49,146,1,-1,-1,-1
464,274,1438,428,48,124,1,-1,-1,-1
464,265,242,644,76,110,1,-1,-1,-1
464,263,929,332,47,92,1,-1,-1,-1
464,256,665,401,44,77,1,-1,-1,-1
464,255,653,487,44,136,1,-1,-1,-1
464,250,634,525,47,144,1,-1,-1,-1
464,249,729,550,64,54,1,-1,-1,-1
464,221,672,453,46,142,1,-1,-1,-1
464,173,537,558,46,104,1,-1,-1,-1
464,124,455,642,139,47,1,-1,-1,-1
465,294,141,545,54,150,1,-1,-1,-1
465,292,1122,650,56,173,1,-1,-1,-1
465,290,1306,814,112,216,1,-1,-1,-1
465,285,1220,155,26,58,1,-1,-1,-1
465,278,849,470,58,136,1,-1,-1,-1
465,277,1173,543,54,146,1,-1,-1,-1
465,274,1446,429,47,124,1,-1,-1,-1
465,265,250,644,76,109,1,-1,-1,-1
465,263,942,331,45,93,1,-1,-1,-1
465,256,674,401,44,77,1,-1,-1,-1
465,255,660,488,44,135,1,-1,-1,-1
465,250,640,526,46,144,1,-1,-1,-1
465,249,736,550,64,54,1,-1,-1,-1
465,221,679,453,45,142,1,-1,-1,-1
465,173,544,560,48,101,1,-1,-1,-1
465,124,464,642,138,47,1,-1,-1,-1
466,294,153,545,58,150,1,-1,-1,-1
466,292,1127,651,56,173,1,-1,-1,-1
466,290,1321,815,107,217,1,-1,-1,-1
466,285,1229,155,25,58,1,-1,-1,-1
466,278,854,470,62,136,1,-1,-1,-1
466,277,1180,544,58,145,1,-1,-1,-1
466,274,1455,429,47,124,1,-1,-1,-1
466,265,258,644,76,108,1,-1,-1,-1
466,263,954,331,43,94,1,-1,-1,-1
466,256,682,401,44,78,1,-1,-1,-1
466,255,668,488,45,135,1,-1,-1,-1
466,250,647,527,45,144,1,-1,-1,-1
466,249,743,551,64,54,1,-1,-1,-1
466,221,687,453,45,141,1,-1,-1,-1
466,173,551,562,49,98,1,-1,-1,-1
466,124,473,641,137,47,1,-1,-1,-1
467,294,165,544,62,150,1,-1,-1,-1
467,292,1131,652,56,172,1,-1,-1,-1
467,290,1336,816,102,217,1,-1,-1,-1
467,285,1239,155,24,58,1,-1,-1,-1
467,278,858,470,66,137,1,-1,-1,-1
467,277,1187,545,63,145,1,-1,-1,-1
467,274,1463,430,47,124,1,-1,-1,-1
467,265,266,644,76,108,1,-1,-1,-1
467,263,966,331,41,94,1,-1,-1,-1
467,256,691,402,43,78,1,-1,-1,-1
467,255,675,489,46,134,1,-1,-1,-1
467,250,653,527,44,144,1,-1,-1,-1
467,249,751,551,64,54,1,-1,-1,-1
467,221,694,453,45,140,1,-1,-1,-1
467,173,559,564,50,95,1,-1,-1,-1
467,124,482,641,136,47,1,-1,-1,-1
468,294,177,544,65,150,1,-1,-1,-1
468,292,1136,653,57,172,1,-1,-1,-1
468,290,1351,817,97,218,1,-1,-1,-1
468,285,1248,155,22,59,1,-1,-1,-1
468,278,863,471,69,137,1,-1,-1,-1
468,277,1193,546,67,144,1,-1,-1,-1
468,274,1472,430,46,124,1,-1,-1,-1
468,265,273,644,76,107,1,-1,-1,-1
468,263,978,330,39,95,1,-1,-1,-1
468,256,699,402,43,78,1,-1,-1,-1
468,255,682,489,46,133,1,-1,-1,-1
468,250,660,528,43,144,1,-1,-1,-1
468,249,758,551,64,54,1,-1,-1,-1
468,221,701,454,45,140,1,-1,-1,-1
468,173,566,566,51,91,1,-1,-1,-1
468,124,491,641,136,47,1,-1,-1,-1
469,294,198,543,72,150,1,-1,-1,-1
469,292,1144,655,58,171,1,-1,-1,-1
469,290,1376,818,88,219,1,-1,-1,-1
469,278,871,471,76,138,1,-1,-1,-1
469,277,1205,547,75,143,1,-1,-1,-1
469,274,1487,431,46,124,1,-1,-1,-1
469,265,287,644,77,106,1,-1,-1,-1
469,256,714,403,43,79,1,-1,-1,-1
469,255,695,490,47,133,1,-1,-1,-1
469,250,671,530,42,144,1,-1,-1,-1
469,249,771,551,64,53,1,-1,-1,-1
469,221,713,454,44,139,1,-1,-1,-1
469,173,579,570,54,86,1,-1,-1,-1
469,124,506,640,134,48,1,-1,-1,-1
470,294,201,543,72,150,1,-1,-1,-1
470,292,1145,656,58,171,1,-1,-1,-1
470,290,1381,818,89,219,1,-1,-1,-1
470,278,873,472,76,138,1,-1,-1,-1
470,277,1208,548,75,143,1,-1,-1,-1
470,274,1489,431,46,124,1,-1,-1,-1
470,265,289,644,76,106,1,-1,-1,-1
470,256,717,403,43,81,1,-1,-1,-1
470,255,697,490,47,133,1,-1,-1,-1
470,250,673,530,42,144,1,-1,-1,-1
470,249,773,551,64,53,1,-1,-1,-1
470,221,715,454,44,139,1,-1,-1,-1
470,173,581,570,54,86,1,-1,-1,-1
470,124,509,640,134,48,1,-1,-1,-1
471,294,210,543,72,149,1,-1,-1,-1
471,292,1149,658,61,173,1,-1,-1,-1
471,290,1395,819,93,218,1,-1,-1,-1
471,278,881,472,74,138,1,-1,-1,-1
471,277,1216,548,75,144,1,-1,-1,-1
471,274,1499,432,45,124,1,-1,-1,-1
471,265,300,643,75,106,1,-1,-1,-1
471,256,725,404,43,87,1,-1,-1,-1
471,255,705,491,47,133,1,-1,-1,-1
471,250,678,531,43,143,1,-1,-1,-1
471,249,781,551,65,53,1,-1,-1,-1
471,221,723,454,44,140,1,-1,-1,-1
471,173,589,571,54,85,1,-1,-1,-1
471,124,518,640,134,47,1,-1,-1,-1
472,296,1286,155,19,59,1,-1,-1,-1
472,295,1020,331,41,95,1,-1,-1,-1
472,294,220,543,72,149,1,-1,-1,-1
472,292,1153,661,64,174,1,-1,-1,-1
472,290,1410,820,97,218,1,-1,-1,-1
472,278,888,473,73,138,1,-1,-1,-1
472,277,1224,548,76,144,1,-1,-1,-1
472,274,1508,433,45,125,1,-1,-1,-1
472,265,317,642,74,105,1,-1,-1,-1
472,256,734,405,43,93,1,-1,-1,-1
472,255,713,491,47,134,1,-1,-1,-1
472,250,683,533,43,141,1,-1,-1,-1
472,249,788,551,65,53,1,-1,-1,-1
472,221,730,455,44,141,1,-1,-1,-1
472,173,597,571,54,85,1,-1,-1,-1
472,124,526,640,133,47,1,-1,-1,-1
473,296,1296,156,19,59,1,-1,-1,-1
473,295,1030,332,43,95,1,-1,-1,-1
473,294,229,543,73,148,1,-1,-1,-1
473,292,1156,663,66,175,1,-1,-1,-1
473,290,1424,821,101,218,1,-1,-1,-1
473,278,896,473,71,139,1,-1,-1,-1
473,277,1233,549,76,144,1,-1,-1,-1
473,274,1517,435,45,125,1,-1,-1,-1
473,265,320,643,73,105,1,-1,-1,-1
473,256,743,405,42,99,1,-1,-1,-1
473,255,721,492,47,134,1,-1,-1,-1
473,250,689,534,44,140,1,-1,-1,-1
473,249,796,551,65,53,1,-1,-1,-1
473,221,738,455,44,142,1,-1,-1,-1
473,173,605,572,54,85,1,-1,-1,-1
473,124,535,640,133,47,1,-1,-1,-1
474,296,1306,156,18,58,1,-1,-1,-1
474,295,1039,332,45,95,1,-1,-1,-1
474,294,239,543,73,148,1,-1,-1,-1
474,292,1160,665,69,176,1,-1,-1,-1
474,290,1438,823,105,217,1,-1,-1,-1
474,278,903,474,70,139,1,-1,-1,-1
474,277,1241,549,76,145,1,-1,-1,-1
474,274,1527,436,44,125,1,-1,-1,-1
474,265,327,643,72,105,1,-1,-1,-1
474,256,751,406,42,104,1,-1,-1,-1
474,255,729,492,46,135,1,-1,-1,-1
474,250,694,535,45,139,1,-1,-1,-1
474,249,804,551,65,53,1,-1,-1,-1
474,221,745,455,44,143,1,-1,-1,-1
474,173,613,572,55,85,1,-1,-1,-1
474,124,544,640,133,46,1,-1,-1,-1
475,295,1057,333,50,94,1,-1,-1,-1
475,294,248,542,73,147,1,-1,-1,-1
475,292,1163,668,71,178,1,-1,-1,-1
475,290,1466,825,113,217,1,-1,-1,-1
475,278,918,475,67,139,1,-1,-1,-1
475,277,1249,549,76,145,1,-1,-1,-1
475,274,1545,438,43,126,1,-1,-1,-1
475,265,340,644,70,104,1,-1,-1,-1
475,256,768,407,42,116,1,-1,-1,-1
475,255,745,493,46,136,1,-1,-1,-1
475,250,705,538,46,137,1,-1,-1,-1
475,249,818,551,65,53,1,-1,-1,-1
475,221,752,456,44,144,1,-1,-1,-1
475,173,621,573,55,84,1,-1,-1,-1
475,124,552,640,132,46,1,-1,-1,-1
477,295,1066,333,49,94,1,-1,-1,-1
477,294,269,543,70,147,1,-1,-1,-1
477,292,1170,672,71,178,1,-1,-1,-1
477,290,1478,825,108,217,1,-1,-1,-1
477,278,923,476,62,139,1,-1,-1,-1
477,277,1269,550,74,146,1,-1,-1,-1
477,274,1550,439,44,126,1,-1,-1,-1
477,265,347,644,70,104,1,-1,-1,-1
477,256,772,408,43,116,1,-1,-1,-1
477,255,749,495,47,136,1,-1,-1,-1
477,250,706,541,47,134,1,-1,-1,-1
477,249,822,552,65,53,1,-1,-1,-1
477,221,764,457,45,144,1,-1,-1,-1
477,173,633,574,55,84,1,-1,-1,-1
477,124,565,640,131,45,1,-1,-1,-1
478,296,1332,159,19,58,1,-1,-1,-1
478,295,1075,334,49,95,1,-1,-1,-1
478,294,281,543,66,148,1,-1,-1,-1
478,292,1172,674,69,178,1,-1,-1,-1
478,290,1488,825,103,218,1,-1,-1,-1
478,278,927,476,57,139,1,-1,-1,-1
478,277,1280,550,71,147,1,-1,-1,-1
478,274,1554,440,44,126,1,-1,-1,-1
478,265,352,644,70,104,1,-1,-1,-1
478,256,776,409,44,116,1,-1,-1,-1
478,255,752,496,49,136,1,-1,-1,-1
478,250,706,545,49,131,1,-1,-1,-1
478,249,825,552,65,53,1,-1,-1,-1
478,221,768,458,46,144,1,-1,-1,-1
478,173,636,575,54,84,1,-1,-1,-1
478,124,569,640,131,45,1,-1,-1,-1
479,296,1336,160,19,58,1,-1,-1,-1
479,295,1083,334,48,95,1,-1,-1,-1
479,294,292,543,63,148,1,-1,-1,-1
479,292,1175,676,66,177,1,-1,-1,-1
479,290,1499,825,98,218,1,-1,-1,-1
479,278,932,477,52,139,1,-1,-1,-1
479,277,1292,550,69,147,1,-1,-1,-1
479,274,1559,442,44,126,1,-1,-1,-1
479,265,353,644,70,104,1,-1,-1,-1
479,256,780,410,45,116,1,-1,-1,-1
479,255,756,497,50,136,1,-1,-1,-1
479,250,707,548,50,128,1,-1,-1,-1
479,249,829,553,65,54,1,-1,-1,-1
479,221,772,459,47,144,1,-1,-1,-1
479,173,640,575,53,83,1,-1,-1,-1
479,124,573,641,130,45,1,-1,-1,-1
480,296,1340,161,20,57,1,-1,-1,-1
480,295,1092,334,47,95,1,-1,-1,-1
480,294,304,544,59,148,1,-1,-1,-1
480,292,1177,677,63,177,1,-1,-1,-1
480,290,1509,825,93,219,1,-1,-1,-1
480,278,936,478,48,138,1,-1,-1,-1
480,277,1303,549,66,148,1,-1,-1,-1
480,274,1564,443,45,127,1,-1,-1,-1
480,265,356,645,70,104,1,-1,-1,-1
480,256,784,411,46,116,1,-1,-1,-1
480,255,760,499,51,136,1,-1,-1,-1
480,250,708,551,51,125,1,-1,-1,-1
480,249,832,553,65,54,1,-1,-1,-1
480,221,776,460,47,144,1,-1,-1,-1
480,173,644,576,52,83,1,-1,-1,-1
480,124,577,641,129,44,1,-1,-1,-1
481,296,1344,162,21,57,1,-1,-1,-1
481,295,1101,334,47,96,1,-1,-1,-1
481,294,315,544,56,149,1,-1,-1,-1
481,292,1180,679,61,176,1,-1,-1,-1
481,290,1520,826,89,219,1,-1,-1,-1
481,278,940,478,43,138,1,-1,-1,-1
481,277,1315,549,63,149,1,-1,-1,-1
481,274,1568,444,45,127,1,-1,-1,-1
481,265,360,645,71,104,1,-1,-1,-1
481,256,788,412,47,116,1,-1,-1,-1
481,255,764,500,53,137,1,-1,-1,-1
481,250,708,554,52,122,1,-1,-1,-1
481,249,835,554,64,54,1,-1,-1,-1
481,221,780,460,48,143,1,-1,-1,-1
481,173,648,576,51,83,1,-1,-1,-1
481,124,581,641,129,44,1,-1,-1,-1
482,296,1348,163,22,57,1,-1,-1,-1
482,295,1112,334,46,96,1,-1,-1,-1
482,294,329,545,52,149,1,-1,-1,-1
482,292,1183,681,57,176,1,-1,-1,-1
482,290,1533,826,83,220,1,-1,-1,-1
482,278,946,479,37,138,1,-1,-1,-1
482,277,1329,549,60,150,1,-1,-1,-1
482,274,1574,445,46,127,1,-1,-1,-1
482,265,363,646,71,104,1,-1,-1,-1
482,256,792,413,48,117,1,-1,-1,-1
482,255,768,502,54,137,1,-1,-1,-1
482,250,709,558,54,119,1,-1,-1,-1
482,249,840,554,64,54,1,-1,-1,-1
482,221,785,462,49,143,1,-1,-1,-1
482,173,653,577,50,83,1,-1,-1,-1
482,124,585,642,128,44,1,-1,-1,-1
483,296,1350,164,21,57,1,-1,-1,-1
483,295,1114,336,45,95,1,-1,-1,-1
483,294,333,545,54,148,1,-1,-1,-1
483,292,1180,683,59,176,1,-1,-1,-1
483,290,1538,826,85,219,1,-1,-1,-1
483,278,946,480,37,138,1,-1,-1,-1
483,277,1330,550,63,149,1,-1,-1,-1
483,274,1574,446,46,127,1,-1,-1,-1
483,265,367,646,71,104,1,-1,-1,-1
483,256,794,414,48,116,1,-1,-1,-1
483,255,771,503,53,136,1,-1,-1,-1
483,250,710,560,55,117,1,-1,-1,-1
483,249,841,554,64,55,1,-1,-1,-1
483,221,787,462,49,143,1,-1,-1,-1
483,173,655,577,50,83,1,-1,-1,-1
483,124,587,642,129,44,1,-1,-1,-1
484,296,1352,166,20,57,1,-1,-1,-1
484,295,1117,337,45,95,1,-1,-1,-1
484,294,337,546,56,146,1,-1,-1,-1
484,292,1177,685,60,177,1,-1,-1,-1
484,290,1545,827,89,218,1,-1,-1,-1
484,278,946,481,38,137,1,-1,-1,-1
484,277,1332,551,66,148,1,-1,-1,-1
484,274,1574,448,46,126,1,-1,-1,-1
484,265,370,646,71,103,1,-1,-1,-1
484,256,796,416,48,116,1,-1,-1,-1
484,255,774,504,52,135,1,-1,-1,-1
484,250,711,563,57,115,1,-1,-1,-1
484,249,843,553,64,56,1,-1,-1,-1
484,221,789,463,48,142,1,-1,-1,-1
484,173,657,577,49,83,1,-1,-1,-1
484,124,589,643,130,44,1,-1,-1,-1
485,296,1354,168,19,57,1,-1,-1,-1
485,295,1121,339,44,94,1,-1,-1,-1
485,294,342,547,58,144,1,-1,-1,-1
485,292,1174,687,61,177,1,-1,-1,-1
485,290,1552,827,92,217,1,-1,-1,-1
485,278,946,482,38,137,1,-1,-1,-1
485,277,1333,552,69,147,1,-1,-1,-1
485,274,1574,449,47,126,1,-1,-1,-1
485,265,373,646,71,103,1,-1,-1,-1
485,256,799,417,48,115,1,-1,-1,-1
485,255,777,505,51,134,1,-1,-1,-1
485,250,711,566,60,112,1,-1,-1,-1
485,249,845,553,64,56,1,-1,-1,-1
485,221,792,465,47,142,1,-1,-1,-1
485,173,660,577,48,83,1,-1,-1,-1
485,124,590,643,131,44,1,-1,-1,-1
486,296,1356,170,18,56,1,-1,-1,-1
486,295,1124,340,44,93,1,-1,-1,-1
486,294,347,548,60,143,1,-1,-1,-1
486,292,1171,689,63,177,1,-1,-1,-1
486,290,1559,827,95,216,1,-1,-1,-1
486,278,946,483,38,136,1,-1,-1,-1
486,277,1335,553,71,146,1,-1,-1,-1
486,274,1574,450,47,126,1,-1,-1,-1
486,265,377,646,72,102,1,-1,-1,-1
486,256,801,418,48,115,1,-1,-1,-1
486,255,781,506,50,133,1,-1,-1,-1
486,250,712,568,62,110,1,-1,-1,-1
486,249,847,552,64,57,1,-1,-1,-1
486,221,794,466,46,141,1,-1,-1,-1
486,173,663,577,48,84,1,-1,-1,-1
486,124,592,644,131,44,1,-1,-1,-1
487,296,1358,171,17,56,1,-1,-1,-1
487,295,1127,341,43,92,1,-1,-1,-1
487,294,351,549,62,141,1,-1,-1,-1
487,292,1168,691,64,178,1,-1,-1,-1
487,290,1566,828,99,215,1,-1,-1,-1
487,278,946,484,39,136,1,-1,-1,-1
487,277,1336,554,74,145,1,-1,-1,-1
487,274,1575,452,48,126,1,-1,-1,-1
487,265,380,647,72,102,1,-1,-1,-1
487,256,804,420,48,115,1,-1,-1,-1
487,255,784,507,48,132,1,-1,-1,-1
487,250,713,571,64,108,1,-1,-1,-1
487,249,849,552,64,58,1,-1,-1,-1
487,221,796,467,46,140,1,-1,-1,-1
487,173,665,578,47,84,1,-1,-1,-1
487,124,594,644,132,44,1,-1,-1,-1
488,296,1361,174,15,56,1,-1,-1,-1
488,295,1132,344,43,91,1,-1,-1,-1
488,294,358,551,65,139,1,-1,-1,-1
488,292,1164,693,66,179,1,-1,-1,-1
488,290,1576,828,103,213,1,-1,-1,-1
488,278,946,486,39,135,1,-1,-1,-1
488,277,1338,555,79,144,1,-1,-1,-1
488,274,1575,453,48,126,1,-1,-1,-1
488,265,385,647,72,101,1,-1,-1,-1
488,256,807,422,48,114,1,-1,-1,-1
488,255,789,508,47,131,1,-1,-1,-1
488,250,714,575,67,104,1,-1,-1,-1
488,249,851,551,64,59,1,-1,-1,-1
488,221,800,468,45,140,1,-1,-1,-1
488,173,669,578,46,84,1,-1,-1,-1
488,124,597,645,133,44,1,-1,-1,-1
489,296,1362,175,15,56,1,-1,-1,-1
489,295,1134,344,43,91,1,-1,-1,-1
489,294,363,551,63,135,1,-1,-1,-1
489,292,1163,694,66,178,1,-1,-1,-1
489,290,1578,828,103,213,1,-1,-1,-1
489,278,947,486,39,135,1,-1,-1,-1
489,277,1343,555,76,144,1,-1,-1,-1
489,274,1575,454,48,126,1,-1,-1,-1
489,265,387,647,72,101,1,-1,-1,-1
489,256,808,422,47,114,1,-1,-1,-1
489,255,790,509,47,131,1,-1,-1,-1
489,250,714,576,67,104,1,-1,-1,-1
489,249,852,550,64,60,1,-1,-1,-1
489,221,801,469,44,139,1,-1,-1,-1
489,173,671,577,46,85,1,-1,-1,-1
489,124,598,645,133,44,1,-1,-1,-1
490,296,1364,176,16,56,1,-1,-1,-1
490,295,1140,345,43,91,1,-1,-1,-1
490,294,371,551,59,128,1,-1,-1,-1
490,292,1162,695,65,177,1,-1,-1,-1
490,290,1582,828,102,212,1,-1,-1,-1
490,278,948,487,38,135,1,-1,-1,-1
490,277,1350,555,70,144,1,-1,-1,-1
490,274,1575,456,48,125,1,-1,-1,-1
490,265,390,647,72,101,1,-1,-1,-1
490,256,811,423,47,115,1,-1,-1,-1
490,255,793,511,47,131,1,-1,-1,-1
490,250,716,577,68,102,1,-1,-1,-1
490,249,854,548,64,63,1,-1,-1,-1
490,221,803,470,44,138,1,-1,-1,-1
490,173,673,576,45,86,1,-1,-1,-1
490,124,601,645,133,44,1,-1,-1,-1
491,296,1365,178,16,56,1,-1,-1,-1
491,295,1145,346,43,91,1,-1,-1,-1
491,294,380,552,54,122,1,-1,-1,-1
491,292,1161,696,65,177,1,-1,-1,-1
491,290,1585,828,101,212,1,-1,-1,-1
491,278,950,487,38,134,1,-1,-1,-1
491,277,1358,555,65,144,1,-1,-1,-1
491,274,1575,458,47,125,1,-1,-1,-1
491,265,393,647,72,100,1,-1,-1,-1
491,256,813,423,46,115,1,-1,-1,-1
491,255,795,512,47,131,1,-1,-1,-1
491,250,717,579,68,100,1,-1,-1,-1
491,249,856,546,64,65,1,-1,-1,-1
491,221,805,471,43,137,1,-1,-1,-1
491,173,676,575,45,87,1,-1,-1,-1
491,124,604,645,132,44,1,-1,-1,-1
492,296,1367,179,17,56,1,-1,-1,-1
492,295,1150,346,44,91,1,-1,-1,-1
492,294,388,553,50,115,1,-1,-1,-1
492,292,1159,697,64,176,1,-1,-1,-1
492,290,1588,828,101,212,1,-1,-1,-1
492,278,951,488,38,134,1,-1,-1,-1
492,277,1366,555,59,144,1,-1,-1,-1
492,274,1575,459,47,125,1,-1,-1,-1
492,265,396,647,72,100,1,-1,-1,-1
492,256,815,424,45,116,1,-1,-1,-1
492,255,798,514,47,131,1,-1,-1,-1
492,250,719,581,69,99,1,-1,-1,-1
492,249,858,544,64,68,1,-1,-1,-1
492,221,807,473,43,136,1,-1,-1,-1
492,173,679,573,44,88,1,-1,-1,-1
492,124,606,645,131,44,1,-1,-1,-1
493,296,1368,181,17,56,1,-1,-1,-1
493,295,1156,347,44,91,1,-1,-1,-1
493,294,397,553,46,109,1,-1,-1,-1
493,292,1158,698,63,175,1,-1,-1,-1
493,290,1591,828,100,212,1,-1,-1,-1
493,278,953,489,37,133,1,-1,-1,-1
493,277,1373,555,54,144,1,-1,-1,-1
493,274,1575,461,47,125,1,-1,-1,-1
493,265,400,647,72,100,1,-1,-1,-1
493,256,818,425,44,116,1,-1,-1,-1
493,255,800,515,47,131,1,-1,-1,-1
493,250,720,582,70,97,1,-1,-1,-1
493,249,859,542,65,70,1,-1,-1,-1
493,221,809,474,42,135,1,-1,-1,-1
493,173,681,572,43,89,1,-1,-1,-1
493,124,609,646,131,44,1,-1,-1,-1
494,296,1371,184,18,56,1,-1,-1,-1
494,295,1165,349,45,91,1,-1,-1,-1
494,294,411,554,38,98,1,-1,-1,-1
494,292,1156,700,62,174,1,-1,-1,-1
494,290,1597,828,99,211,1,-1,-1,-1
494,278,955,490,37,132,1,-1,-1,-1
494,277,1386,554,44,144,1,-1,-1,-1
494,274,1575,463,46,125,1,-1,-1,-1
494,265,405,647,72,99,1,-1,-1,-1
494,256,822,426,43,117,1,-1,-1,-1
494,255,804,518,47,131,1,-1,-1,-1
494,250,722,585,71,95,1,-1,-1,-1
494,249,862,539,65,75,1,-1,-1,-1
494,221,812,476,41,134,1,-1,-1,-1
494,173,686,570,42,91,1,-1,-1,-1
494,124,614,646,130,44,1,-1,-1,-1
495,296,1371,184,18,56,1,-1,-1,-1
495,295,1165,349,44,91,1,-1,-1,-1
495,294,413,554,39,100,1,-1,-1,-1
495,292,1155,700,63,174,1,-1,-1,-1
495,290,1600,828,98,211,1,-1,-1,-1
495,278,955,490,37,132,1,-1,-1,-1
495,277,1387,555,46,143,1,-1,-1,-1
495,274,1575,463,46,125,1,-1,-1,-1
495,265,405,647,72,99,1,-1,-1,-1
495,256,822,426,43,117,1,-1,-1,-1
495,255,805,518,47,131,1,-1,-1,-1
495,250,723,585,71,94,1,-1,-1,-1
495,249,862,538,65,75,1,-1,-1,-1
495,221,812,476,41,133,1,-1,-1,-1
495,173,686,569,42,92,1,-1,-1,-1
495,124,614,646,130,44,1,-1,-1,-1
496,296,1371,184,19,56,1,-1,-1,-1
496,295,1168,349,43,91,1,-1,-1,-1
496,294,417,555,43,105,1,-1,-1,-1
496,292,1151,702,64,175,1,-1,-1,-1
496,290,1608,827,97,211,1,-1,-1,-1
496,278,953,490,38,132,1,-1,-1,-1
496,277,1389,556,51,143,1,-1,-1,-1
496,274,1575,464,45,124,1,-1,-1,-1
496,265,406,648,72,98,1,-1,-1,-1
496,256,823,427,42,116,1,-1,-1,-1
496,255,805,518,47,131,1,-1,-1,-1
496,250,724,586,70,94,1,-1,-1,-1
496,249,862,536,66,77,1,-1,-1,-1
496,221,812,477,41,133,1,-1,-1,-1
496,173,687,566,42,96,1,-1,-1,-1
496,124,613,645,130,45,1,-1,-1,-1
497,296,1371,184,20,56,1,-1,-1,-1
497,295,1170,350,43,90,1,-1,-1,-1
497,294,420,555,47,111,1,-1,-1,-1
497,292,1146,704,65,176,1,-1,-1,-1
497,290,1616,827,96,211,1,-1,-1,-1
497,278,952,490,39,132,1,-1,-1,-1
497,277,1391,557,56,142,1,-1,-1,-1
497,274,1575,464,45,124,1,-1,-1,-1
497,265,407,648,72,98,1,-1,-1,-1
497,256,825,427,40,116,1,-1,-1,-1
497,255,805,518,47,131,1,-1,-1,-1
497,250,725,586,69,94,1,-1,-1,-1
497,249,862,534,67,79,1,-1,-1,-1
497,221,812,478,41,132,1,-1,-1,-1
497,173,688,563,42,100,1,-1,-1,-1
497,124,612,645,130,45,1,-1,-1,-1
498,296,1371,185,21,56,1,-1,-1,-1
498,295,1173,350,42,90,1,-1,-1,-1
498,294,424,555,51,117,1,-1,-1,-1
498,292,1142,706,67,178,1,-1,-1,-1
498,290,1625,826,94,211,1,-1,-1,-1
498,278,950,490,40,132,1,-1,-1,-1
498,277,1393,558,60,141,1,-1,-1,-1
498,274,1575,464,44,124,1,-1,-1,-1
498,265,408,648,72,98,1,-1,-1,-1
498,256,826,428,39,116,1,-1,-1,-1
498,255,805,519,47,131,1,-1,-1,-1
498,250,726,586,69,94,1,-1,-1,-1
498,249,862,532,69,81,1,-1,-1,-1
498,221,812,479,40,131,1,-1,-1,-1
498,173,688,559,42,104,1,-1,-1,-1
498,124,611,644,130,45,1,-1,-1,-1
499,296,1371,185,22,56,1,-1,-1,-1
499,295,1175,350,41,90,1,-1,-1,-1
499,294,428,555,55,122,1,-1,-1,-1
499,292,1138,708,68,179,1,-1,-1,-1
499,290,1633,825,93,211,1,-1,-1,-1
499,278,949,490,40,132,1,-1,-1,-1
499,277,1395,559,65,141,1,-1,-1,-1
499,274,1575,464,44,124,1,-1,-1,-1
499,265,409,648,72,97,1,-1,-1,-1
499,256,827,429,38,116,1,-1,-1,-1
499,255,805,519,47,131,1,-1,-1,-1
499,250,727,587,68,93,1,-1,-1,-1
499,249,862,530,70,83,1,-1,-1,-1
499,221,812,480,40,130,1,-1,-1,-1
499,173,689,556,42,108,1,-1,-1,-1
499,124,611,644,130,46,1,-1,-1,-1
500,296,1371,186,24,56,1,-1,-1,-1
500,295,1180,351,39,89,1,-1,-1,-1
500,294,432,555,59,128,1,-1,-1,-1
500,292,1134,709,70,180,1,-1,-1,-1
500,290,1650,824,90,210,1,-1,-1,-1
500,278,946,490,42,132,1,-1,-1,-1
500,277,1397,560,70,140,1,-1,-1,-1
500,274,1576,464,43,124,1,-1,-1,-1
500,265,410,648,71,97,1,-1,-1,-1
500,256,830,430,36,115,1,-1,-1,-1
500,255,806,519,47,131,1,-1,-1,-1
500,250,729,587,67,93,1,-1,-1,-1
500,249,862,525,72,87,1,-1,-1,-1
500,221,813,481,40,129,1,-1,-1,-1
500,173,689,553,42,111,1,-1,-1,-1
500,124,610,643,130,46,1,-1,-1,-1
501,296,1371,186,24,56,1,-1,-1,-1
501,295,1180,351,39,89,1,-1,-1,-1
501,294,437,556,63,134,1,-1,-1,-1
501,292,1130,711,71,181,1,-1,-1,-1
501,290,1650,824,91,210,1,-1,-1,-1
501,278,946,490,42,132,1,-1,-1,-1
501,277,1399,561,75,139,1,-1,-1,-1
501,274,1576,464,43,124,1,-1,-1,-1
501,265,411,647,72,99,1,-1,-1,-1
501,256,830,430,36,115,1,-1,-1,-1
501,255,806,519,47,131,1,-1,-1,-1
501,250,729,587,67,93,1,-1,-1,-1
501,249,862,525,72,87,1,-1,-1,-1
501,221,813,482,40,128,1,-1,-1,-1
501,173,690,549,42,115,1,-1,-1,-1
501,124,609,643,130,46,1,-1,-1,-1
502,296,1372,186,23,57,1,-1,-1,-1
502,295,1183,351,40,89,1,-1,-1,-1
502,294,440,555,60,135,1,-1,-1,-1
502,292,1128,712,69,181,1,-1,-1,-1
502,290,1654,824,93,210,1,-1,-1,-1
502,278,945,491,43,132,1,-1,-1,-1
502,277,1407,561,71,140,1,-1,-1,-1
502,274,1575,465,44,124,1,-1,-1,-1
502,265,410,647,72,99,1,-1,-1,-1
502,256,831,430,36,114,1,-1,-1,-1
502,255,806,520,47,131,1,-1,-1,-1
502,250,729,585,66,95,1,-1,-1,-1
502,249,861,524,73,88,1,-1,-1,-1
502,221,812,483,40,127,1,-1,-1,-1
502,173,690,547,42,117,1,-1,-1,-1
502,124,609,643,130,47,1,-1,-1,-1
503,296,1372,186,23,57,1,-1,-1,-1
503,295,1187,350,41,89,1,-1,-1,-1
503,294,444,555,56,135,1,-1,-1,-1
503,292,1126,712,66,181,1,-1,-1,-1
503,290,1658,825,96,209,1,-1,-1,-1
503,278,943,491,44,132,1,-1,-1,-1
503,277,1415,560,66,140,1,-1,-1,-1
503,274,1575,465,45,124,1,-1,-1,-1
503,265,410,647,72,99,1,-1,-1,-1
503,256,832,430,36,113,1,-1,-1,-1
503,255,805,520,47,131,1,-1,-1,-1
503,250,730,583,66,97,1,-1,-1,-1
503,249,859,522,74,89,1,-1,-1,-1
503,221,811,484,40,126,1,-1,-1,-1
503,173,691,545,42,118,1,-1,-1,-1
503,124,608,642,129,47,1,-1,-1,-1
504,296,1373,186,22,57,1,-1,-1,-1
504,295,1191,350,42,89,1,-1,-1,-1
504,294,448,555,52,136,1,-1,-1,-1
504,292,1125,713,63,182,1,-1,-1,-1
504,290,1662,825,99,209,1,-1,-1,-1
504,278,941,492,44,133,1,-1,-1,-1
504,277,1424,560,61,140,1,-1,-1,-1
504,274,1575,465,45,124,1,-1,-1,-1
504,265,410,647,72,99,1,-1,-1,-1
504,256,833,430,36,112,1,-1,-1,-1
504,255,805,520,47,130,1,-1,-1,-1
504,250,730,581,66,98,1,-1,-1,-1
504,249,858,521,75,91,1,-1,-1,-1
504,221,810,485,40,125,1,-1,-1,-1
504,173,691,543,42,119,1,-1,-1,-1
504,124,608,642,129,47,1,-1,-1,-1
505,296,1373,186,22,57,1,-1,-1,-1
505,295,1194,349,43,89,1,-1,-1,-1
505,294,452,555,49,136,1,-1,-1,-1
505,292,1123,713,61,182,1,-1,-1,-1
505,290,1666,826,102,208,1,-1,-1,-1
505,278,940,492,45,133,1,-1,-1,-1
505,277,1432,559,57,140,1,-1,-1,-1
505,274,1575,465,46,124,1,-1,-1,-1
505,265,410,647,72,99,1,-1,-1,-1
505,256,834,430,36,112,1,-1,-1,-1
505,255,805,520,47,130,1,-1,-1,-1
505,250,730,579,65,100,1,-1,-1,-1
505,249,857,519,76,92,1,-1,-1,-1
505,221,810,487,40,124,1,-1,-1,-1
505,173,691,541,42,121,1,-1,-1,-1
505,124,608,642,129,48,1,-1,-1,-1
506,296,1374,186,21,57,1,-1,-1,-1
506,295,1198,349,45,89,1,-1,-1,-1
506,294,456,555,45,137,1,-1,-1,-1
506,292,1122,714,58,182,1,-1,-1,-1
506,290,1670,826,105,208,1,-1,-1,-1
506,278,938,493,46,133,1,-1,-1,-1
506,277,1441,559,52,141,1,-1,-1,-1
506,274,1575,466,47,125,1,-1,-1,-1
506,265,409,647,72,99,1,-1,-1,-1
506,256,836,430,37,111,1,-1,-1,-1
506,255,805,521,47,130,1,-1,-1,-1
506,250,731,577,65,102,1,-1,-1,-1
506,249,856,518,77,93,1,-1,-1,-1
506,221,809,488,40,123,1,-1,-1,-1
506,173,692,538,42,122,1,-1,-1,-1
506,124,607,641,128,48,1,-1,-1,-1
507,296,1375,185,21,57,1,-1,-1,-1
507,295,1202,348,46,89,1,-1,-1,-1
507,294,461,554,40,137,1,-1,-1,-1
507,292,1120,715,55,183,1,-1,-1,-1
507,290,1675,827,109,207,1,-1,-1,-1
507,278,936,493,46,134,1,-1,-1,-1
507,277,1451,558,46,141,1,-1,-1,-1
507,274,1575,466,48,125,1,-1,-1,-1
507,265,409,648,72,99,1,-1,-1,-1
507,256,837,429,37,110,1,-1,-1,-1
507,255,804,521,48,130,1,-1,-1,-1
507,250,731,575,65,104,1,-1,-1,-1
507,249,854,516,78,95,1,-1,-1,-1
507,221,808,489,40,122,1,-1,-1,-1
507,173,692,536,42,123,1,-1,-1,-1
507,124,607,641,128,48,1,-1,-1,-1
508,296,1375,185,20,57,1,-1,-1,-1
508,295,1205,348,44,90,1,-1,-1,-1
508,294,463,554,41,138,1,-1,-1,-1
508,292,1115,716,57,183,1,-1,-1,-1
508,290,1684,827,104,208,1,-1,-1,-1
508,278,935,493,46,134,1,-1,-1,-1
508,277,1452,558,52,141,1,-1,-1,-1
508,274,1576,466,48,125,1,-1,-1,-1
508,265,409,647,72,99,1,-1,-1,-1
508,256,837,430,37,110,1,-1,-1,-1
508,255,804,521,48,130,1,-1,-1,-1
508,250,731,574,64,105,1,-1,-1,-1
508,249,854,515,79,95,1,-1,-1,-1
508,221,807,490,41,121,1,-1,-1,-1
508,173,693,535,41,125,1,-1,-1,-1
508,124,606,641,128,48,1,-1,-1,-1
509,296,1376,185,20,57,1,-1,-1,-1
509,295,1208,347,41,90,1,-1,-1,-1
509,294,466,554,42,139,1,-1,-1,-1
509,292,1110,718,60,183,1,-1,-1,-1
509,290,1694,827,99,209,1,-1,-1,-1
509,278,935,494,45,134,1,-1,-1,-1
509,277,1454,559,59,141,1,-1,-1,-1
509,274,1577,466,48,125,1,-1,-1,-1
509,265,409,647,72,99,1,-1,-1,-1
509,256,838,430,37,110,1,-1,-1,-1
509,255,804,521,49,130,1,-1,-1,-1
509,250,731,572,64,107,1,-1,-1,-1
509,249,854,514,79,96,1,-1,-1,-1
509,221,807,491,42,120,1,-1,-1,-1
509,173,693,534,41,127,1,-1,-1,-1
509,124,606,642,128,48,1,-1,-1,-1
510,296,1377,185,20,57,1,-1,-1,-1
510,295,1211,346,39,90,1,-1,-1,-1
510,294,469,554,43,139,1,-1,-1,-1
510,292,1104,719,64,183,1,-1,-1,-1
510,290,1705,827,94,210,1,-1,-1,-1
510,278,934,494,45,133,1,-1,-1,-1
510,277,1455,559,66,141,1,-1,-1,-1
510,274,1578,467,48,125,1,-1,-1,-1
510,265,409,647,72,98,1,-1,-1,-1
510,256,839,430,38,110,1,-1,-1,-1
510,255,804,521,51,130,1,-1,-1,-1
510,250,731,570,64,109,1,-1,-1,-1
510,249,853,514,79,97,1,-1,-1,-1
510,221,806,492,43,119,1,-1,-1,-1
510,173,694,533,40,129,1,-1,-1,-1
510,124,605,642,128,48,1,-1,-1,-1
511,296,1378,185,19,57,1,-1,-1,-1
511,295,1215,346,37,91,1,-1,-1,-1
511,294,472,554,43,140,1,-1,-1,-1
511,292,1099,721,67,183,1,-1,-1,-1
511,290,1716,827,88,211,1,-1,-1,-1
511,278,933,495,44,133,1,-1,-1,-1
511,277,1457,559,73,141,1,-1,-1,-1
511,274,1578,467,48,124,1,-1,-1,-1
511,265,409,647,72,98,1,-1,-1,-1
511,256,840,430,38,110,1,-1,-1,-1
511,255,804,521,52,130,1,-1,-1,-1
511,250,731,568,64,111,1,-1,-1,-1
511,249,853,513,80,97,1,-1,-1,-1
511,221,806,493,44,118,1,-1,-1,-1
511,173,695,532,40,131,1,-1,-1,-1
511,124,605,643,129,48,1,-1,-1,-1
512,296,1379,185,19,57,1,-1,-1,-1
512,295,1218,345,34,91,1,-1,-1,-1
512,294,475,554,44,141,1,-1,-1,-1
512,292,1093,723,70,183,1,-1,-1,-1
512,290,1726,827,83,212,1,-1,-1,-1
512,278,933,495,44,133,1,-1,-1,-1
512,277,1458,559,80,141,1,-1,-1,-1
512,274,1579,467,49,124,1,-1,-1,-1
512,265,409,647,72,98,1,-1,-1,-1
512,256,840,430,38,110,1,-1,-1,-1
512,255,804,522,53,130,1,-1,-1,-1
512,250,731,566,64,112,1,-1,-1,-1
512,249,853,512,80,98,1,-1,-1,-1
512,221,805,494,45,117,1,-1,-1,-1
512,173,695,531,40,133,1,-1,-1,-1
512,124,604,643,129,47,1,-1,-1,-1
513,296,1381,185,18,57,1,-1,-1,-1
513,295,1223,344,31,92,1,-1,-1,-1
513,294,479,555,46,142,1,-1,-1,-1
513,292,1085,725,75,183,1,-1,-1,-1
513,290,1742,827,75,214,1,-1,-1,-1
513,278,931,496,43,133,1,-1,-1,-1
513,277,1460,560,90,141,1,-1,-1,-1
513,274,1581,467,49,124,1,-1,-1,-1
513,265,409,647,72,98,1,-1,-1,-1
513,256,841,430,38,110,1,-1,-1,-1
513,255,804,522,54,130,1,-1,-1,-1
513,250,731,563,64,115,1,-1,-1,-1
513,249,853,511,81,99,1,-1,-1,-1
513,221,804,496,47,116,1,-1,-1,-1
513,173,696,529,39,136,1,-1,-1,-1
513,124,603,644,129,47,1,-1,-1,-1
514,296,1381,185,18,57,1,-1,-1,-1
514,295,1225,344,32,91,1,-1,-1,-1
514,294,479,555,47,142,1,-1,-1,-1
514,292,1084,726,74,183,1,-1,-1,-1
514,290,1743,827,79,214,1,-1,-1,-1
514,278,931,496,42,133,1,-1,-1,-1
514,277,1465,560,86,142,1,-1,-1,-1
514,274,1581,467,49,124,1,-1,-1,-1
514,265,409,647,72,98,1,-1,-1,-1
514,256,843,430,38,109,1,-1,-1,-1
514,255,805,522,54,130,1,-1,-1,-1
514,250,731,561,63,116,1,-1,-1,-1
514,249,853,511,80,99,1,-1,-1,-1
514,221,804,496,47,116,1,-1,-1,-1
514,173,697,528,39,137,1,-1,-1,-1
514,124,603,644,130,47,1,-1,-1,-1
515,296,1382,185,18,57,1,-1,-1,-1
515,295,1227,344,35,91,1,-1,-1,-1
515,294,479,556,51,142,1,-1,-1,-1
515,292,1083,727,71,182,1,-1,-1,-1
515,290,1744,827,88,214,1,-1,-1,-1
515,278,931,495,41,133,1,-1,-1,-1
515,277,1474,560,78,142,1,-1,-1,-1
515,274,1581,467,50,124,1,-1,-1,-1
515,265,409,647,72,98,1,-1,-1,-1
515,256,846,429,38,107,1,-1,-1,-1
515,255,806,522,54,130,1,-1,-1,-1
515,250,731,559,62,118,1,-1,-1,-1
515,249,853,510,79,100,1,-1,-1,-1
515,221,803,495,47,116,1,-1,-1,-1
515,173,697,527,38,137,1,-1,-1,-1
515,124,601,645,131,46,1,-1,-1,-1
516,296,1383,185,17,57,1,-1,-1,-1
516,295,1229,344,38,91,1,-1,-1,-1
516,294,480,556,54,142,1,-1,-1,-1
516,292,1081,729,68,182,1,-1,-1,-1
516,290,1745,828,96,215,1,-1,-1,-1
516,278,930,495,41,133,1,-1,-1,-1
516,277,1483,560,71,143,1,-1,-1,-1
516,274,1581,467,51,124,1,-1,-1,-1
516,265,409,647,72,98,1,-1,-1,-1
516,256,849,429,37,105,1,-1,-1,-1
516,255,807,522,54,131,1,-1,-1,-1
516,250,731,557,60,120,1,-1,-1,-1
516,249,854,510,79,100,1,-1,-1,-1
516,221,803,495,48,115,1,-1,-1,-1
516,173,698,526,38,138,1,-1,-1,-1
516,124,600,646,132,45,1,-1,-1,-1
517,296,1384,185,17,57,1,-1,-1,-1
517,295,1231,344,41,91,1,-1,-1,-1
517,294,480,557,57,141,1,-1,-1,-1
517,292,1079,730,65,181,1,-1,-1,-1
517,290,1747,828,104,215,1,-1,-1,-1
517,278,930,495,40,133,1,-1,-1,-1
517,277,1491,561,63,144,1,-1,-1,-1
517,274,1581,467,52,124,1,-1,-1,-1
517,265,409,647,72,98,1,-1,-1,-1
517,256,853,428,37,103,1,-1,-1,-1
517,255,809,522,54,131,1,-1,-1,-1
517,250,731,555,59,122,1,-1,-1,-1
517,249,854,509,78,101,1,-1,-1,-1
517,221,802,495,48,115,1,-1,-1,-1
517,173,699,525,37,138,1,-1,-1,-1
517,124,598,647,133,45,1,-1,-1,-1
518,296,1385,185,16,57,1,-1,-1,-1
518,295,1233,344,43,90,1,-1,-1,-1
518,294,480,557,61,141,1,-1,-1,-1
518,292,1077,732,63,181,1,-1,-1,-1
518,290,1748,829,112,216,1,-1,-1,-1
518,278,929,495,39,133,1,-1,-1,-1
518,277,1500,561,56,144,1,-1,-1,-1
518,274,1582,467,52,124,1,-1,-1,-1
518,265,410,647,72,98,1,-1,-1,-1
518,256,856,428,36,100,1,-1,-1,-1
518,255,810,522,53,131,1,-1,-1,-1
518,250,731,553,58,124,1,-1,-1,-1
518,249,854,509,78,101,1,-1,-1,-1
518,221,802,495,49,115,1,-1,-1,-1
518,173,700,524,37,138,1,-1,-1,-1
518,124,597,648,134,44,1,-1,-1,-1
519,296,1387,185,16,57,1,-1,-1,-1
519,295,1236,345,48,90,1,-1,-1,-1
519,294,481,559,66,141,1,-1,-1,-1
519,292,1074,734,58,180,1,-1,-1,-1
519,290,1751,829,126,217,1,-1,-1,-1
519,278,928,494,37,133,1,-1,-1,-1
519,277,1515,561,43,146,1,-1,-1,-1
519,274,1582,468,54,124,1,-1,-1,-1
519,265,410,647,72,99,1,-1,-1,-1
519,256,861,427,36,97,1,-1,-1,-1
519,255,812,522,53,132,1,-1,-1,-1
519,250,732,549,55,127,1,-1,-1,-1
519,249,855,508,76,102,1,-1,-1,-1
519,221,801,495,50,115,1,-1,-1,-1
519,173,701,523,36,139,1,-1,-1,-1
519,124,595,649,136,43,1,-1,-1,-1
520,296,1387,185,16,57,1,-1,-1,-1
520,295,1237,344,47,90,1,-1,-1,-1
520,294,482,559,65,141,1,-1,-1,-1
520,292,1073,734,59,180,1,-1,-1,-1
520,290,1755,830,123,216,1,-1,-1,-1
520,278,928,495,37,133,1,-1,-1,-1
520,277,1515,561,45,145,1,-1,-1,-1
520,274,1583,468,53,124,1,-1,-1,-1
520,265,410,647,72,99,1,-1,-1,-1
520,256,862,427,36,98,1,-1,-1,-1
520,255,812,522,53,132,1,-1,-1,-1
520,250,732,549,55,128,1,-1,-1,-1
520,249,855,508,76,102,1,-1,-1,-1
520,221,801,495,50,115,1,-1,-1,-1
520,173,701,522,37,139,1,-1,-1,-1
520,124,594,649,136,43,1,-1,-1,-1
521,296,1387,186,16,57,1,-1,-1,-1
521,295,1241,344,44,90,1,-1,-1,-1
521,294,488,559,60,141,1,-1,-1,-1
521,292,1067,736,63,181,1,-1,-1,-1
521,290,1767,830,114,216,1,-1,-1,-1
521,278,927,495,36,133,1,-1,-1,-1
521,277,1517,562,51,145,1,-1,-1,-1
521,274,1585,467,51,124,1,-1,-1,-1
521,265,410,647,72,99,1,-1,-1,-1
521,256,863,428,38,100,1,-1,-1,-1
521,255,814,522,52,133,1,-1,-1,-1
521,250,732,548,53,129,1,-1,-1,-1
521,249,855,508,74,102,1,-1,-1,-1
521,221,801,495,49,115,1,-1,-1,-1
521,173,702,522,39,140,1,-1,-1,-1
521,124,593,650,137,42,1,-1,-1,-1
522,296,1387,186,17,57,1,-1,-1,-1
522,295,1245,343,41,90,1,-1,-1,-1
522,294,493,559,55,141,1,-1,-1,-1
522,292,1062,738,67,182,1,-1,-1,-1
522,290,1780,831,105,215,1,-1,-1,-1
522,278,926,495,36,133,1,-1,-1,-1
522,277,1518,563,58,145,1,-1,-1,-1
522,274,1587,467,49,124,1,-1,-1,-1
522,265,410,647,72,99,1,-1,-1,-1
522,256,865,428,40,102,1,-1,-1,-1
522,255,815,522,50,133,1,-1,-1,-1
522,250,732,547,51,130,1,-1,-1,-1
522,249,855,508,73,102,1,-1,-1,-1
522,221,801,495,49,116,1,-1,-1,-1
522,173,703,522,41,141,1,-1,-1,-1
522,124,593,651,138,41,1,-1,-1,-1
523,296,1388,186,17,56,1,-1,-1,-1
523,295,1248,343,38,91,1,-1,-1,-1
523,294,499,559,50,141,1,-1,-1,-1
523,292,1057,739,70,183,1,-1,-1,-1
523,290,1792,832,97,215,1,-1,-1,-1
523,278,924,495,35,133,1,-1,-1,-1
523,277,1519,564,64,144,1,-1,-1,-1
523,274,1589,467,47,124,1,-1,-1,-1
523,265,410,647,72,99,1,-1,-1,-1
523,256,867,429,41,104,1,-1,-1,-1
523,255,816,522,49,134,1,-1,-1,-1
523,250,732,547,49,131,1,-1,-1,-1
523,249,855,508,71,101,1,-1,-1,-1
523,221,801,494,49,116,1,-1,-1,-1
523,173,704,522,44,142,1,-1,-1,-1
523,124,592,652,138,41,1,-1,-1,-1
524,296,1388,186,17,56,1,-1,-1,-1
524,295,1252,342,34,91,1,-1,-1,-1
524,294,504,559,45,140,1,-1,-1,-1
524,292,1051,741,74,183,1,-1,-1,-1
524,290,1804,833,88,214,1,-1,-1,-1
524,278,923,496,34,133,1,-1,-1,-1
524,277,1520,565,71,144,1,-1,-1,-1
524,274,1591,467,45,124,1,-1,-1,-1
524,265,409,647,72,100,1,-1,-1,-1
524,256,869,429,43,106,1,-1,-1,-1
524,255,818,522,48,134,1,-1,-1,-1
524,250,732,546,47,132,1,-1,-1,-1
524,249,855,508,70,101,1,-1,-1,-1
524,221,801,494,48,117,1,-1,-1,-1
524,173,705,521,46,143,1,-1,-1,-1
524,124,591,652,139,40,1,-1,-1,-1
525,296,1388,187,18,56,1,-1,-1,-1
525,295,1259,341,28,91,1,-1,-1,-1
525,294,510,559,40,140,1,-1,-1,-1
525,292,1046,742,78,184,1,-1,-1,-1
525,290,1829,834,70,213,1,-1,-1,-1
525,278,921,496,33,134,1,-1,-1,-1
525,277,1521,566,78,143,1,-1,-1,-1
525,274,1596,467,41,124,1,-1,-1,-1
525,265,409,647,72,100,1,-1,-1,-1
525,256,872,430,46,110,1,-1,-1,-1
525,255,821,522,46,135,1,-1,-1,-1
525,250,733,544,44,134,1,-1,-1,-1
525,249,855,508,67,101,1,-1,-1,-1
525,221,801,494,48,118,1,-1,-1,-1
525,173,706,521,48,144,1,-1,-1,-1
525,124,590,653,140,39,1,-1,-1,-1
526,296,1388,187,18,56,1,-1,-1,-1
526,295,1259,341,28,91,1,-1,-1,-1
526,294,516,560,35,140,1,-1,-1,-1
526,292,1041,744,81,185,1,-1,-1,-1
526,290,1829,834,70,213,1,-1,-1,-1
526,278,921,496,33,134,1,-1,-1,-1
526,277,1522,567,84,143,1,-1,-1,-1
526,274,1596,467,41,124,1,-1,-1,-1
526,265,409,647,72,100,1,-1,-1,-1
526,256,872,430,46,110,1,-1,-1,-1
526,255,821,522,46,135,1,-1,-1,-1
526,250,733,544,44,134,1,-1,-1,-1
526,249,855,508,67,101,1,-1,-1,-1
526,221,801,494,48,118,1,-1,-1,-1
526,173,706,521,50,145,1,-1,-1,-1
526,124,589,654,140,39,1,-1,-1,-1
527,296,1389,187,17,56,1,-1,-1,-1
527,295,1261,341,32,91,1,-1,-1,-1
527,294,517,560,40,140,1,-1,-1,-1
527,292,1039,745,78,185,1,-1,-1,-1
527,290,1831,834,71,213,1,-1,-1,-1
527,278,917,497,36,134,1,-1,-1,-1
527,277,1532,567,81,143,1,-1,-1,-1
527,274,1597,467,41,123,1,-1,-1,-1
527,265,409,647,72,100,1,-1,-1,-1
527,256,875,429,44,111,1,-1,-1,-1
527,255,823,523,46,134,1,-1,-1,-1
527,250,734,543,42,135,1,-1,-1,-1
527,249,855,509,65,98,1,-1,-1,-1
527,221,801,493,48,119,1,-1,-1,-1
527,173,706,520,53,145,1,-1,-1,-1
527,124,589,654,140,39,1,-1,-1,-1
528,299,460,919,91,159,1,-1,-1,-1
528,298,295,950,92,129,1,-1,-1,-1
528,296,1390,187,16,56,1,-1,-1,-1
528,295,1263,341,35,90,1,-1,-1,-1
528,294,518,561,46,139,1,-1,-1,-1
528,292,1037,747,75,186,1,-1,-1,-1
528,290,1834,834,71,213,1,-1,-1,-1
528,278,914,497,40,133,1,-1,-1,-1
528,277,1541,567,77,142,1,-1,-1,-1
528,274,1598,467,41,123,1,-1,-1,-1
528,265,409,647,71,100,1,-1,-1,-1
528,256,877,428,41,113,1,-1,-1,-1
528,255,824,523,46,134,1,-1,-1,-1
528,250,736,542,41,136,1,-1,-1,-1
528,249,855,509,63,96,1,-1,-1,-1
528,221,801,493,47,119,1,-1,-1,-1
528,173,707,520,56,145,1,-1,-1,-1
528,124,589,655,139,39,1,-1,-1,-1
529,299,461,912,93,165,1,-1,-1,-1
529,298,297,947,91,132,1,-1,-1,-1
529,296,1392,186,16,56,1,-1,-1,-1
529,295,1265,341,39,90,1,-1,-1,-1
529,294,520,561,51,138,1,-1,-1,-1
529,292,1035,749,71,186,1,-1,-1,-1
529,290,1837,834,72,213,1,-1,-1,-1
529,278,910,497,43,133,1,-1,-1,-1
529,277,1551,567,74,142,1,-1,-1,-1
529,274,1599,467,41,123,1,-1,-1,-1
529,265,409,647,71,100,1,-1,-1,-1
529,256,880,427,39,114,1,-1,-1,-1
529,255,826,523,46,133,1,-1,-1,-1
529,250,737,541,39,137,1,-1,-1,-1
529,249,856,510,61,93,1,-1,-1,-1
529,221,801,493,47,119,1,-1,-1,-1
529,173,707,520,58,144,1,-1,-1,-1
529,124,589,655,139,38,1,-1,-1,-1
530,299,462,906,95,171,1,-1,-1,-1
530,298,300,944,90,135,1,-1,-1,-1
530,296,1393,186,15,56,1,-1,-1,-1
530,295,1267,342,42,90,1,-1,-1,-1
530,294,521,561,56,138,1,-1,-1,-1
530,292,1034,750,68,186,1,-1,-1,-1
530,290,1840,834,72,213,1,-1,-1,-1
530,278,906,498,46,133,1,-1,-1,-1
530,277,1561,568,70,142,1,-1,-1,-1
530,274,1600,467,41,122,1,-1,-1,-1
530,265,409,647,71,99,1,-1,-1,-1
530,256,883,426,36,116,1,-1,-1,-1
530,255,828,523,46,132,1,-1,-1,-1
530,250,739,540,38,138,1,-1,-1,-1
530,249,856,511,59,91,1,-1,-1,-1
530,221,801,492,47,119,1,-1,-1,-1
530,173,707,520,61,144,1,-1,-1,-1
530,124,589,655,138,38,1,-1,-1,-1
531,299,462,900,98,177,1,-1,-1,-1
531,298,303,941,90,138,1,-1,-1,-1
531,296,1394,186,14,56,1,-1,-1,-1
531,295,1269,342,45,90,1,-1,-1,-1
531,294,523,562,61,137,1,-1,-1,-1
531,292,1032,752,65,186,1,-1,-1,-1
531,290,1842,834,73,213,1,-1,-1,-1
531,278,903,498,49,133,1,-1,-1,-1
531,277,1570,568,66,142,1,-1,-1,-1
531,274,1601,467,41,122,1,-1,-1,-1
531,265,409,647,71,99,1,-1,-1,-1
531,256,885,425,34,117,1,-1,-1,-1
531,255,829,523,46,132,1,-1,-1,-1
531,250,740,539,36,139,1,-1,-1,-1
531,249,857,512,57,89,1,-1,-1,-1
531,221,801,492,46,120,1,-1,-1,-1
531,173,707,519,64,144,1,-1,-1,-1
531,124,589,656,138,38,1,-1,-1,-1
532,299,463,893,100,184,1,-1,-1,-1
532,298,306,938,89,141,1,-1,-1,-1
532,296,1396,186,13,56,1,-1,-1,-1
532,295,1272,342,49,89,1,-1,-1,-1
532,294,525,563,68,137,1,-1,-1,-1
532,292,1030,754,61,186,1,-1,-1,-1
532,290,1845,834,74,213,1,-1,-1,-1
532,278,898,498,53,133,1,-1,-1,-1
532,277,1582,568,62,142,1,-1,-1,-1
532,274,1603,467,42,121,1,-1,-1,-1
532,265,409,647,70,99,1,-1,-1,-1
532,256,888,424,31,119,1,-1,-1,-1
532,255,832,524,46,131,1,-1,-1,-1
532,250,742,538,34,140,1,-1,-1,-1
532,249,857,513,55,86,1,-1,-1,-1
532,221,802,491,46,120,1,-1,-1,-1
532,173,707,519,67,144,1,-1,-1,-1
532,124,588,656,137,38,1,-1,-1,-1
533,299,467,888,98,188,1,-1,-1,-1
533,298,310,933,88,146,1,-1,-1,-1
533,296,1396,186,13,56,1,-1,-1,-1
533,295,1275,341,46,89,1,-1,-1,-1
533,294,527,562,66,137,1,-1,-1,-1
533,292,1026,755,62,186,1,-1,-1,-1
533,290,1855,855,64,190,1,-1,-1,-1
533,278,899,499,52,132,1,-1,-1,-1
533,277,1584,568,64,141,1,-1,-1,-1
533,274,1603,467,42,122,1,-1,-1,-1
533,265,409,647,70,99,1,-1,-1,-1
533,256,888,424,33,116,1,-1,-1,-1
533,255,832,524,45,131,1,-1,-1,-1
533,250,743,537,35,140,1,-1,-1,-1
533,249,858,515,53,84,1,-1,-1,-1
533,221,802,491,46,120,1,-1,-1,-1
533,173,710,519,64,144,1,-1,-1,-1
533,124,589,656,136,38,1,-1,-1,-1
534,299,472,882,95,193,1,-1,-1,-1
534,298,315,927,88,152,1,-1,-1,-1
534,296,1397,186,13,56,1,-1,-1,-1
534,295,1279,341,42,89,1,-1,-1,-1
534,294,530,562,63,138,1,-1,-1,-1
534,292,1021,757,64,187,1,-1,-1,-1
534,290,1864,859,55,185,1,-1,-1,-1
534,278,899,499,49,132,1,-1,-1,-1
534,277,1587,568,67,141,1,-1,-1,-1
534,274,1603,467,43,122,1,-1,-1,-1
534,265,409,647,70,99,1,-1,-1,-1
534,256,888,424,36,112,1,-1,-1,-1
534,255,832,524,45,131,1,-1,-1,-1
534,250,744,536,35,140,1,-1,-1,-1
534,249,859,517,51,82,1,-1,-1,-1
534,221,802,491,45,120,1,-1,-1,-1
534,173,713,518,61,144,1,-1,-1,-1
534,124,589,656,136,39,1,-1,-1,-1
535,299,477,875,93,198,1,-1,-1,-1
535,298,320,921,87,158,1,-1,-1,-1
535,296,1397,186,14,56,1,-1,-1,-1
535,295,1283,340,37,89,1,-1,-1,-1
535,294,532,561,61,138,1,-1,-1,-1
535,292,1015,758,66,188,1,-1,-1,-1
535,290,1875,858,44,186,1,-1,-1,-1
535,278,899,500,47,131,1,-1,-1,-1
535,277,1589,569,70,141,1,-1,-1,-1
535,274,1603,467,44,122,1,-1,-1,-1
535,265,409,647,70,99,1,-1,-1,-1
535,256,888,424,39,108,1,-1,-1,-1
535,255,832,524,44,131,1,-1,-1,-1
535,250,745,535,35,141,1,-1,-1,-1
535,249,860,519,50,80,1,-1,-1,-1
535,221,802,491,45,119,1,-1,-1,-1
535,173,717,518,58,144,1,-1,-1,-1
535,124,589,656,135,39,1,-1,-1,-1
536,299,482,869,90,203,1,-1,-1,-1
536,298,326,915,87,164,1,-1,-1,-1
536,296,1398,187,14,56,1,-1,-1,-1
536,295,1287,339,33,90,1,-1,-1,-1
536,294,535,561,58,139,1,-1,-1,-1
536,292,1010,760,68,188,1,-1,-1,-1
536,290,1893,868,26,172,1,-1,-1,-1
536,278,899,500,45,131,1,-1,-1,-1
536,277,1592,569,73,140,1,-1,-1,-1
536,274,1604,467,45,123,1,-1,-1,-1
536,265,409,647,69,98,1,-1,-1,-1
536,256,888,424,42,104,1,-1,-1,-1
536,255,833,524,44,131,1,-1,-1,-1
536,250,746,534,35,141,1,-1,-1,-1
536,249,861,521,48,77,1,-1,-1,-1
536,221,802,492,44,119,1,-1,-1,-1
536,173,720,518,55,144,1,-1,-1,-1
536,124,590,656,135,40,1,-1,-1,-1
537,299,487,863,87,208,1,-1,-1,-1
537,298,331,909,86,170,1,-1,-1,-1
537,296,1398,187,14,56,1,-1,-1,-1
537,295,1291,338,29,90,1,-1,-1,-1
537,294,538,560,56,140,1,-1,-1,-1
537,292,1005,761,70,189,1,-1,-1,-1
537,278,899,501,43,131,1,-1,-1,-1
537,277,1595,569,76,140,1,-1,-1,-1
537,274,1604,467,46,123,1,-1,-1,-1
537,265,409,647,69,98,1,-1,-1,-1
537,256,888,423,45,100,1,-1,-1,-1
537,255,833,524,43,131,1,-1,-1,-1
537,250,747,533,36,141,1,-1,-1,-1
537,249,862,522,46,75,1,-1,-1,-1
537,221,803,492,44,119,1,-1,-1,-1
537,173,724,517,51,143,1,-1,-1,-1
537,124,590,656,134,40,1,-1,-1,-1
538,299,495,854,83,215,1,-1,-1,-1
538,298,338,900,85,179,1,-1,-1,-1
538,296,1399,187,15,56,1,-1,-1,-1
538,295,1296,337,23,90,1,-1,-1,-1
538,294,542,559,52,141,1,-1,-1,-1
538,292,997,763,73,190,1,-1,-1,-1
538,278,900,501,40,130,1,-1,-1,-1
538,277,1599,570,80,139,1,-1,-1,-1
538,274,1604,467,48,124,1,-1,-1,-1
538,265,409,647,69,98,1,-1,-1,-1
538,256,888,423,50,95,1,-1,-1,-1
538,255,834,525,42,130,1,-1,-1,-1
538,250,748,532,36,141,1,-1,-1,-1
538,249,863,525,43,72,1,-1,-1,-1
538,221,803,492,43,118,1,-1,-1,-1
538,173,729,517,47,143,1,-1,-1,-1
538,124,590,655,134,40,1,-1,-1,-1
539,299,496,851,83,213,1,-1,-1,-1
539,298,341,896,85,183,1,-1,-1,-1
539,296,1399,187,15,56,1,-1,-1,-1
539,295,1296,337,25,90,1,-1,-1,-1
539,294,544,560,53,141,1,-1,-1,-1
539,292,997,764,72,190,1,-1,-1,-1
539,278,898,501,41,131,1,-1,-1,-1
539,277,1603,569,78,140,1,-1,-1,-1
539,274,1605,467,47,124,1,-1,-1,-1
539,265,409,647,69,98,1,-1,-1,-1
539,256,888,423,50,97,1,-1,-1,-1
539,255,834,525,41,130,1,-1,-1,-1
539,250,748,532,37,140,1,-1,-1,-1
539,249,864,526,41,71,1,-1,-1,-1
539,221,803,492,43,118,1,-1,-1,-1
539,173,730,516,45,144,1,-1,-1,-1
539,124,591,656,133,40,1,-1,-1,-1
540,299,499,845,81,209,1,-1,-1,-1
540,298,345,888,85,191,1,-1,-1,-1
540,296,1399,186,16,57,1,-1,-1,-1
540,295,1296,338,28,89,1,-1,-1,-1
540,294,549,560,53,142,1,-1,-1,-1
540,292,996,765,69,190,1,-1,-1,-1
540,278,894,501,43,131,1,-1,-1,-1
540,277,1611,569,74,141,1,-1,-1,-1
540,274,1607,467,47,124,1,-1,-1,-1
540,265,409,647,69,98,1,-1,-1,-1
540,256,889,423,50,99,1,-1,-1,-1
540,255,835,525,40,130,1,-1,-1,-1
540,250,749,532,40,139,1,-1,-1,-1
540,249,865,528,39,70,1,-1,-1,-1
540,221,804,492,42,118,1,-1,-1,-1
540,173,733,516,43,144,1,-1,-1,-1
540,124,592,657,132,40,1,-1,-1,-1
541,299,502,839,79,205,1,-1,-1,-1
541,298,349,881,85,198,1,-1,-1,-1
541,296,1400,186,16,57,1,-1,-1,-1
541,295,1296,338,32,88,1,-1,-1,-1
541,294,553,560,54,142,1,-1,-1,-1
541,292,996,767,66,191,1,-1,-1,-1
541,278,891,501,44,132,1,-1,-1,-1
541,277,1619,569,70,142,1,-1,-1,-1
541,274,1609,467,46,124,1,-1,-1,-1
541,265,409,647,69,99,1,-1,-1,-1
541,256,891,422,50,102,1,-1,-1,-1
541,255,836,525,38,130,1,-1,-1,-1
541,250,750,531,43,139,1,-1,-1,-1
541,249,866,530,36,69,1,-1,-1,-1
541,221,804,493,41,118,1,-1,-1,-1
541,173,735,515,41,145,1,-1,-1,-1
541,124,593,658,130,39,1,-1,-1,-1
542,299,505,833,77,201,1,-1,-1,-1
542,298,352,873,85,206,1,-1,-1,-1
542,296,1400,186,17,57,1,-1,-1,-1
542,295,1297,338,36,88,1,-1,-1,-1
542,294,558,561,54,143,1,-1,-1,-1
542,292,995,768,64,191,1,-1,-1,-1
542,278,888,501,46,133,1,-1,-1,-1
542,277,1627,569,66,144,1,-1,-1,-1
542,274,1611,466,46,124,1,-1,-1,-1
542,265,409,647,69,99,1,-1,-1,-1
542,256,892,422,50,105,1,-1,-1,-1
542,255,837,525,37,130,1,-1,-1,-1
542,250,750,531,45,138,1,-1,-1,-1
542,249,868,531,33,67,1,-1,-1,-1
542,221,805,493,40,118,1,-1,-1,-1
542,173,738,515,39,145,1,-1,-1,-1
542,124,594,659,129,39,1,-1,-1,-1
543,299,508,827,76,198,1,-1,-1,-1
543,298,356,866,85,213,1,-1,-1,-1
543,296,1400,186,17,57,1,-1,-1,-1
543,295,1297,339,40,87,1,-1,-1,-1
543,294,562,561,55,144,1,-1,-1,-1
543,292,995,770,61,192,1,-1,-1,-1
543,278,885,501,47,133,1,-1,-1,-1
543,277,1635,569,62,145,1,-1,-1,-1
543,274,1613,466,45,124,1,-1,-1,-1
543,265,408,646,69,99,1,-1,-1,-1
543,256,893,421,50,108,1,-1,-1,-1
543,255,838,525,35,130,1,-1,-1,-1
543,250,751,531,48,137,1,-1,-1,-1
543,249,869,533,31,66,1,-1,-1,-1
543,221,805,494,40,118,1,-1,-1,-1
543,173,740,514,36,146,1,-1,-1,-1
543,124,596,660,128,39,1,-1,-1,-1
544,299,513,817,73,191,1,-1,-1,-1
544,298,363,853,85,226,1,-1,-1,-1
544,296,1401,185,18,58,1,-1,-1,-1
544,295,1297,339,46,86,1,-1,-1,-1
544,294,570,561,56,145,1,-1,-1,-1
544,292,994,772,57,192,1,-1,-1,-1
544,278,879,501,50,134,1,-1,-1,-1
544,277,1649,568,55,147,1,-1,-1,-1
544,274,1616,466,45,124,1,-1,-1,-1
544,265,408,646,69,99,1,-1,-1,-1
544,256,895,421,50,113,1,-1,-1,-1
544,255,840,525,33,129,1,-1,-1,-1
544,250,752,530,53,135,1,-1,-1,-1
544,249,871,536,26,64,1,-1,-1,-1
544,221,806,494,38,118,1,-1,-1,-1
544,173,745,513,32,146,1,-1,-1,-1
544,124,597,662,126,38,1,-1,-1,-1
545,299,513,815,73,191,1,-1,-1,-1
545,298,365,852,85,226,1,-1,-1,-1
545,296,1401,185,18,58,1,-1,-1,-1
545,295,1298,339,45,87,1,-1,-1,-1
545,294,571,562,57,145,1,-1,-1,-1
545,292,992,772,58,193,1,-1,-1,-1
545,278,879,501,49,134,1,-1,-1,-1
545,277,1649,569,57,147,1,-1,-1,-1
545,274,1617,466,44,124,1,-1,-1,-1
545,265,408,646,69,99,1,-1,-1,-1
545,256,896,420,50,113,1,-1,-1,-1
545,255,840,525,33,129,1,-1,-1,-1
545,250,752,530,53,135,1,-1,-1,-1
545,249,871,536,28,63,1,-1,-1,-1
545,221,806,494,38,118,1,-1,-1,-1
545,173,745,513,32,146,1,-1,-1,-1
545,124,597,662,126,38,1,-1,-1,-1
546,299,516,807,75,188,1,-1,-1,-1
546,298,371,847,84,223,1,-1,-1,-1
546,296,1401,185,19,58,1,-1,-1,-1
546,295,1303,338,41,87,1,-1,-1,-1
546,294,572,563,58,145,1,-1,-1,-1
546,292,985,774,62,194,1,-1,-1,-1
546,278,880,502,47,134,1,-1,-1,-1
546,277,1651,569,61,147,1,-1,-1,-1
546,274,1619,466,44,124,1,-1,-1,-1
546,265,408,646,69,99,1,-1,-1,-1
546,256,899,420,47,113,1,-1,-1,-1
546,255,841,525,32,130,1,-1,-1,-1
546,250,753,530,53,135,1,-1,-1,-1
546,249,871,537,32,62,1,-1,-1,-1
546,221,806,494,38,117,1,-1,-1,-1
546,173,745,512,32,147,1,-1,-1,-1
546,124,594,662,129,39,1,-1,-1,-1
547,299,518,800,77,186,1,-1,-1,-1
547,298,376,842,83,221,1,-1,-1,-1
547,296,1401,185,19,58,1,-1,-1,-1
547,295,1308,338,37,87,1,-1,-1,-1
547,294,573,563,60,144,1,-1,-1,-1
547,292,979,775,66,196,1,-1,-1,-1
547,278,880,503,45,134,1,-1,-1,-1
547,277,1652,569,66,148,1,-1,-1,-1
547,274,1620,466,44,123,1,-1,-1,-1
547,265,408,647,69,99,1,-1,-1,-1
547,256,901,419,45,114,1,-1,-1,-1
547,255,841,525,32,130,1,-1,-1,-1
547,250,755,529,53,135,1,-1,-1,-1
547,249,871,539,36,61,1,-1,-1,-1
547,221,807,494,37,117,1,-1,-1,-1
547,173,745,512,31,147,1,-1,-1,-1
547,124,591,661,131,39,1,-1,-1,-1
548,299,521,792,79,184,1,-1,-1,-1
548,298,382,838,82,218,1,-1,-1,-1
548,296,1401,185,19,58,1,-1,-1,-1
548,295,1313,337,33,87,1,-1,-1,-1
548,294,575,564,62,144,1,-1,-1,-1
548,292,973,777,71,197,1,-1,-1,-1
548,278,880,504,43,134,1,-1,-1,-1
548,277,1654,570,71,148,1,-1,-1,-1
548,274,1622,466,43,123,1,-1,-1,-1
548,265,408,647,69,98,1,-1,-1,-1
548,256,904,418,43,114,1,-1,-1,-1
548,255,842,525,32,130,1,-1,-1,-1
548,250,756,529,53,135,1,-1,-1,-1
548,249,871,540,40,60,1,-1,-1,-1
548,221,807,494,37,117,1,-1,-1,-1
548,173,746,511,31,147,1,-1,-1,-1
548,124,588,661,134,40,1,-1,-1,-1
549,299,523,785,81,182,1,-1,-1,-1
549,298,387,833,81,216,1,-1,-1,-1
549,296,1401,185,19,58,1,-1,-1,-1
549,295,1318,336,29,87,1,-1,-1,-1
549,294,576,565,63,144,1,-1,-1,-1
549,292,967,778,75,199,1,-1,-1,-1
549,278,881,505,41,134,1,-1,-1,-1
549,277,1656,570,75,148,1,-1,-1,-1
549,274,1624,466,43,123,1,-1,-1,-1
549,265,407,647,69,98,1,-1,-1,-1
549,256,907,418,40,114,1,-1,-1,-1
549,255,842,525,32,130,1,-1,-1,-1
549,250,757,529,53,135,1,-1,-1,-1
549,249,871,541,44,58,1,-1,-1,-1
549,221,808,494,36,117,1,-1,-1,-1
549,173,746,511,30,148,1,-1,-1,-1
549,124,586,661,137,41,1,-1,-1,-1
550,299,528,771,84,178,1,-1,-1,-1
550,298,398,824,79,211,1,-1,-1,-1
550,296,1401,185,20,58,1,-1,-1,-1
550,295,1327,335,21,87,1,-1,-1,-1
550,294,577,566,65,144,1,-1,-1,-1
550,292,961,780,79,200,1,-1,-1,-1
550,278,881,507,37,134,1,-1,-1,-1
550,277,1657,571,80,148,1,-1,-1,-1
550,274,1628,466,42,123,1,-1,-1,-1
550,265,407,647,70,98,1,-1,-1,-1
550,256,912,416,36,114,1,-1,-1,-1
550,255,844,525,32,130,1,-1,-1,-1
550,250,760,528,53,135,1,-1,-1,-1
550,249,872,543,52,56,1,-1,-1,-1
550,221,808,495,36,116,1,-1,-1,-1
550,173,746,510,30,148,1,-1,-1,-1
550,124,583,661,139,41,1,-1,-1,-1
551,299,528,770,84,178,1,-1,-1,-1
551,298,399,824,79,211,1,-1,-1,-1
551,296,1401,185,20,58,1,-1,-1,-1
551,295,1327,335,22,87,1,-1,-1,-1
551,294,579,567,67,144,1,-1,-1,-1
551,292,954,781,83,202,1,-1,-1,-1
551,278,881,507,37,134,1,-1,-1,-1
551,277,1659,571,85,148,1,-1,-1,-1
551,274,1628,466,42,123,1,-1,-1,-1
551,265,407,647,70,98,1,-1,-1,-1
551,256,912,416,36,114,1,-1,-1,-1
551,255,844,525,32,130,1,-1,-1,-1
551,250,760,528,53,135,1,-1,-1,-1
551,249,872,543,52,56,1,-1,-1,-1
551,221,809,495,35,116,1,-1,-1,-1
551,173,747,509,29,148,1,-1,-1,-1
551,124,580,660,142,42,1,-1,-1,-1
552,299,534,764,83,180,1,-1,-1,-1
552,298,405,818,79,208,1,-1,-1,-1
552,296,1401,185,20,58,1,-1,-1,-1
552,295,1328,335,26,87,1,-1,-1,-1
552,294,584,567,62,143,1,-1,-1,-1
552,292,952,783,81,202,1,-1,-1,-1
552,278,880,506,37,134,1,-1,-1,-1
552,277,1668,571,82,148,1,-1,-1,-1
552,274,1628,466,44,122,1,-1,-1,-1
552,265,407,647,70,98,1,-1,-1,-1
552,256,914,416,36,114,1,-1,-1,-1
552,255,844,525,32,131,1,-1,-1,-1
552,250,763,528,52,136,1,-1,-1,-1
552,249,876,540,48,58,1,-1,-1,-1
552,221,809,494,35,116,1,-1,-1,-1
552,173,747,510,30,148,1,-1,-1,-1
552,124,580,659,142,43,1,-1,-1,-1
553,299,539,757,81,183,1,-1,-1,-1
553,298,410,812,80,205,1,-1,-1,-1
553,296,1401,185,20,57,1,-1,-1,-1
553,295,1329,335,31,87,1,-1,-1,-1
553,294,589,567,58,143,1,-1,-1,-1
553,292,949,785,79,201,1,-1,-1,-1
553,278,879,506,37,134,1,-1,-1,-1
553,277,1677,571,80,148,1,-1,-1,-1
553,274,1628,466,46,122,1,-1,-1,-1
553,265,407,647,70,98,1,-1,-1,-1
553,256,916,416,36,114,1,-1,-1,-1
553,255,845,524,33,131,1,-1,-1,-1
553,250,767,527,52,136,1,-1,-1,-1
553,249,880,538,44,60,1,-1,-1,-1
553,221,810,494,34,117,1,-1,-1,-1
553,173,747,510,31,148,1,-1,-1,-1
553,124,580,658,142,45,1,-1,-1,-1
554,299,544,751,79,185,1,-1,-1,-1
554,298,416,806,81,202,1,-1,-1,-1
554,296,1401,186,21,57,1,-1,-1,-1
554,295,1330,335,36,87,1,-1,-1,-1
554,294,594,568,54,143,1,-1,-1,-1
554,292,947,787,77,201,1,-1,-1,-1
554,278,877,506,36,134,1,-1,-1,-1
554,277,1687,572,77,147,1,-1,-1,-1
554,274,1628,466,48,122,1,-1,-1,-1
554,265,407,647,70,98,1,-1,-1,-1
554,256,917,415,36,115,1,-1,-1,-1
554,255,846,523,34,132,1,-1,-1,-1
554,250,770,526,51,136,1,-1,-1,-1
554,249,884,536,40,61,1,-1,-1,-1
554,221,810,494,34,117,1,-1,-1,-1
554,173,747,510,32,148,1,-1,-1,-1
554,124,579,656,142,46,1,-1,-1,-1
555,299,550,744,77,188,1,-1,-1,-1
555,298,422,800,81,199,1,-1,-1,-1
555,296,1401,186,21,57,1,-1,-1,-1
555,295,1331,335,40,87,1,-1,-1,-1
555,294,599,568,50,142,1,-1,-1,-1
555,292,944,790,75,201,1,-1,-1,-1
555,278,876,506,36,134,1,-1,-1,-1
555,277,1696,572,74,147,1,-1,-1,-1
555,274,1628,466,50,122,1,-1,-1,-1
555,265,407,647,70,98,1,-1,-1,-1
555,256,919,415,36,115,1,-1,-1,-1
555,255,846,523,34,132,1,-1,-1,-1
555,250,773,525,50,136,1,-1,-1,-1
555,249,889,534,36,63,1,-1,-1,-1
555,221,811,494,33,117,1,-1,-1,-1
555,173,747,510,33,148,1,-1,-1,-1
555,124,579,655,142,48,1,-1,-1,-1
556,299,555,738,75,190,1,-1,-1,-1
556,298,428,793,82,196,1,-1,-1,-1
556,296,1402,186,21,57,1,-1,-1,-1
556,295,1331,335,45,86,1,-1,-1,-1
556,294,604,568,46,142,1,-1,-1,-1
556,292,942,792,73,201,1,-1,-1,-1
556,278,874,506,35,135,1,-1,-1,-1
556,277,1705,572,72,147,1,-1,-1,-1
556,274,1628,466,51,122,1,-1,-1,-1
556,265,407,647,70,99,1,-1,-1,-1
556,256,920,415,36,115,1,-1,-1,-1
556,255,847,522,35,133,1,-1,-1,-1
556,250,777,525,49,136,1,-1,-1,-1
556,249,893,531,32,65,1,-1,-1,-1
556,221,811,493,33,117,1,-1,-1,-1
556,173,747,510,34,148,1,-1,-1,-1
556,124,579,654,142,49,1,-1,-1,-1
557,299,561,730,73,193,1,-1,-1,-1
557,298,435,786,82,193,1,-1,-1,-1
557,296,1402,186,22,57,1,-1,-1,-1
557,295,1332,335,51,86,1,-1,-1,-1
557,294,610,568,41,142,1,-1,-1,-1
557,292,939,794,70,201,1,-1,-1,-1
557,278,873,506,35,135,1,-1,-1,-1
557,277,1716,572,69,147,1,-1,-1,-1
557,274,1628,466,54,122,1,-1,-1,-1
557,265,407,647,70,99,1,-1,-1,-1
557,256,922,414,35,115,1,-1,-1,-1
557,255,848,522,36,133,1,-1,-1,-1
557,250,781,524,48,137,1,-1,-1,-1
557,249,898,529,28,67,1,-1,-1,-1
557,221,812,493,32,118,1,-1,-1,-1
557,173,747,510,35,149,1,-1,-1,-1
557,124,579,652,142,51,1,-1,-1,-1
558,299,564,726,73,193,1,-1,-1,-1
558,298,439,782,82,192,1,-1,-1,-1
558,296,1402,186,22,57,1,-1,-1,-1
558,295,1336,335,47,86,1,-1,-1,-1
558,294,611,569,44,141,1,-1,-1,-1
558,292,936,795,70,201,1,-1,-1,-1
558,278,873,506,35,135,1,-1,-1,-1
558,277,1719,572,72,146,1,-1,-1,-1
558,274,1628,466,54,122,1,-1,-1,-1
558,265,407,647,70,99,1,-1,-1,-1
558,256,923,414,36,115,1,-1,-1,-1
558,255,848,522,36,133,1,-1,-1,-1
558,250,782,524,48,137,1,-1,-1,-1
558,249,898,528,29,68,1,-1,-1,-1
558,221,812,493,32,117,1,-1,-1,-1
558,173,748,511,37,148,1,-1,-1,-1
558,124,579,653,142,50,1,-1,-1,-1
559,299,568,721,73,192,1,-1,-1,-1
559,298,444,776,81,191,1,-1,-1,-1
559,296,1402,185,22,57,1,-1,-1,-1
559,295,1340,334,43,87,1,-1,-1,-1
559,294,612,569,49,141,1,-1,-1,-1
559,292,933,796,70,202,1,-1,-1,-1
559,278,872,506,34,135,1,-1,-1,-1
559,277,1721,573,75,145,1,-1,-1,-1
559,274,1629,466,53,122,1,-1,-1,-1
559,265,407,647,70,99,1,-1,-1,-1
559,256,923,413,37,115,1,-1,-1,-1
559,255,848,521,36,134,1,-1,-1,-1
559,250,784,523,48,137,1,-1,-1,-1
559,249,897,526,30,69,1,-1,-1,-1
559,221,812,493,32,117,1,-1,-1,-1
559,173,748,512,38,147,1,-1,-1,-1
559,124,579,654,143,49,1,-1,-1,-1
560,299,571,716,72,191,1,-1,-1,-1
560,298,449,770,81,190,1,-1,-1,-1
560,296,1402,185,22,57,1,-1,-1,-1
560,295,1344,334,39,87,1,-1,-1,-1
560,294,613,570,53,141,1,-1,-1,-1
560,292,929,798,71,203,1,-1,-1,-1
560,278,872,506,34,135,1,-1,-1,-1
560,277,1724,574,79,145,1,-1,-1,-1
560,274,1629,466,53,122,1,-1,-1,-1
560,265,407,647,70,99,1,-1,-1,-1
560,256,924,412,38,115,1,-1,-1,-1
560,255,848,521,35,134,1,-1,-1,-1
560,250,785,523,48,137,1,-1,-1,-1
560,249,896,525,32,70,1,-1,-1,-1
560,221,812,492,32,117,1,-1,-1,-1
560,173,749,513,40,145,1,-1,-1,-1
560,124,579,655,143,49,1,-1,-1,-1
561,299,575,711,72,190,1,-1,-1,-1
561,298,454,764,80,189,1,-1,-1,-1
561,296,1402,185,22,57,1,-1,-1,-1
561,295,1348,333,35,87,1,-1,-1,-1
561,294,614,570,57,141,1,-1,-1,-1
561,292,926,799,71,204,1,-1,-1,-1
561,278,872,506,33,135,1,-1,-1,-1
561,277,1727,574,83,144,1,-1,-1,-1
561,274,1630,466,53,122,1,-1,-1,-1
561,265,408,647,70,99,1,-1,-1,-1
561,256,925,411,39,115,1,-1,-1,-1
561,255,848,521,35,134,1,-1,-1,-1
561,250,787,523,48,137,1,-1,-1,-1
561,249,896,523,33,72,1,-1,-1,-1
561,221,812,492,32,117,1,-1,-1,-1
561,173,750,513,42,144,1,-1,-1,-1
561,124,579,656,143,48,1,-1,-1,-1
562,299,578,706,72,189,1,-1,-1,-1
562,298,459,758,80,188,1,-1,-1,-1
562,296,1402,185,22,57,1,-1,-1,-1
562,295,1352,332,31,88,1,-1,-1,-1
562,294,615,571,62,141,1,-1,-1,-1
562,292,922,800,71,204,1,-1,-1,-1
562,278,872,506,33,135,1,-1,-1,-1
562,277,1730,575,87,143,1,-1,-1,-1
562,274,1630,466,53,122,1,-1,-1,-1
562,265,408,647,70,99,1,-1,-1,-1
562,256,925,410,39,114,1,-1,-1,-1
562,255,848,521,35,134,1,-1,-1,-1
562,250,789,522,48,137,1,-1,-1,-1
562,249,895,522,34,73,1,-1,-1,-1
562,221,812,492,32,117,1,-1,-1,-1
562,173,751,514,44,143,1,-1,-1,-1
562,124,579,657,143,47,1,-1,-1,-1
563,299,583,699,71,188,1,-1,-1,-1
563,298,466,750,79,187,1,-1,-1,-1
563,296,1402,185,22,57,1,-1,-1,-1
563,295,1358,331,25,88,1,-1,-1,-1
563,294,616,571,68,141,1,-1,-1,-1
563,292,918,802,71,205,1,-1,-1,-1
563,278,872,506,32,135,1,-1,-1,-1
563,277,1734,576,92,142,1,-1,-1,-1
563,274,1631,466,53,122,1,-1,-1,-1
563,265,408,647,70,99,1,-1,-1,-1
563,256,926,408,41,114,1,-1,-1,-1
563,255,848,521,35,135,1,-1,-1,-1
563,250,791,522,49,137,1,-1,-1,-1
563,249,894,520,37,74,1,-1,-1,-1
563,221,812,491,32,116,1,-1,-1,-1
563,173,752,515,47,142,1,-1,-1,-1
563,124,578,658,143,45,1,-1,-1,-1
564,299,584,697,71,186,1,-1,-1,-1
564,298,468,747,78,187,1,-1,-1,-1
564,296,1402,185,21,57,1,-1,-1,-1
564,295,1359,332,26,88,1,-1,-1,-1
564,294,619,571,66,141,1,-1,-1,-1
564,292,917,803,71,205,1,-1,-1,-1
564,278,871,506,32,135,1,-1,-1,-1
564,277,1738,575,89,143,1,-1,-1,-1
564,274,1633,466,51,122,1,-1,-1,-1
564,265,408,647,70,99,1,-1,-1,-1
564,256,926,408,41,114,1,-1,-1,-1
564,255,848,521,36,135,1,-1,-1,-1
564,250,792,521,48,136,1,-1,-1,-1
564,249,894,519,37,76,1,-1,-1,-1
564,221,812,491,32,116,1,-1,-1,-1
564,173,752,516,46,141,1,-1,-1,-1
564,124,579,658,143,45,1,-1,-1,-1
565,299,586,694,71,183,1,-1,-1,-1
565,298,473,742,77,188,1,-1,-1,-1
565,296,1403,185,21,57,1,-1,-1,-1
565,295,1359,332,29,87,1,-1,-1,-1
565,294,623,571,63,141,1,-1,-1,-1
565,292,915,805,70,206,1,-1,-1,-1
565,278,870,506,33,135,1,-1,-1,-1
565,277,1746,575,84,144,1,-1,-1,-1
565,274,1635,466,49,122,1,-1,-1,-1
565,265,408,647,70,99,1,-1,-1,-1
565,256,926,408,42,114,1,-1,-1,-1
565,255,848,520,36,135,1,-1,-1,-1
565,250,794,520,48,135,1,-1,-1,-1
565,249,895,517,37,79,1,-1,-1,-1
565,221,811,491,33,116,1,-1,-1,-1
565,173,753,517,45,140,1,-1,-1,-1
565,124,579,658,143,45,1,-1,-1,-1
566,299,588,691,71,180,1,-1,-1,-1
566,298,478,736,75,189,1,-1,-1,-1
566,296,1403,185,20,57,1,-1,-1,-1
566,295,1360,332,31,86,1,-1,-1,-1
566,294,628,571,60,140,1,-1,-1,-1
566,292,914,806,69,206,1,-1,-1,-1
566,278,870,507,33,134,1,-1,-1,-1
566,277,1754,575,79,146,1,-1,-1,-1
566,274,1638,466,46,123,1,-1,-1,-1
566,265,408,647,70,99,1,-1,-1,-1
566,256,927,408,43,113,1,-1,-1,-1
566,255,848,520,36,135,1,-1,-1,-1
566,250,796,519,47,135,1,-1,-1,-1
566,249,895,515,38,82,1,-1,-1,-1
566,221,811,491,33,116,1,-1,-1,-1
566,173,754,517,44,140,1,-1,-1,-1
566,124,579,658,143,45,1,-1,-1,-1
567,299,590,687,72,176,1,-1,-1,-1
567,298,482,731,74,191,1,-1,-1,-1
567,296,1403,185,20,58,1,-1,-1,-1
567,295,1360,333,34,86,1,-1,-1,-1
567,294,632,571,57,140,1,-1,-1,-1
567,292,912,808,67,206,1,-1,-1,-1
567,278,869,507,33,134,1,-1,-1,-1
567,277,1762,574,74,147,1,-1,-1,-1
567,274,1641,465,44,123,1,-1,-1,-1
567,265,408,647,70,99,1,-1,-1,-1
567,256,927,408,44,113,1,-1,-1,-1
567,255,848,520,37,135,1,-1,-1,-1
567,250,799,517,47,134,1,-1,-1,-1
567,249,896,513,38,85,1,-1,-1,-1
567,221,810,491,34,116,1,-1,-1,-1
567,173,755,518,44,139,1,-1,-1,-1
567,124,579,658,143,45,1,-1,-1,-1
568,299,592,684,72,173,1,-1,-1,-1
568,298,487,726,73,192,1,-1,-1,-1
568,296,1404,185,19,58,1,-1,-1,-1
568,295,1361,333,36,85,1,-1,-1,-1
568,294,637,571,53,140,1,-1,-1,-1
568,292,910,810,66,206,1,-1,-1,-1
568,278,868,507,34,134,1,-1,-1,-1
568,277,1770,574,69,149,1,-1,-1,-1
568,274,1644,465,41,123,1,-1,-1,-1
568,265,409,647,70,99,1,-1,-1,-1
568,256,927,408,45,113,1,-1,-1,-1
568,255,848,520,37,135,1,-1,-1,-1
568,250,801,516,46,133,1,-1,-1,-1
568,249,896,511,39,88,1,-1,-1,-1
568,221,809,491,34,116,1,-1,-1,-1
568,173,756,519,43,138,1,-1,-1,-1
568,124,579,658,143,45,1,-1,-1,-1
569,299,596,678,72,167,1,-1,-1,-1
569,298,495,717,70,193,1,-1,-1,-1
569,296,1404,184,18,58,1,-1,-1,-1
569,295,1362,334,40,84,1,-1,-1,-1
569,294,645,571,48,140,1,-1,-1,-1
569,292,908,813,65,206,1,-1,-1,-1
569,278,867,507,34,133,1,-1,-1,-1
569,277,1783,573,61,151,1,-1,-1,-1
569,274,1649,465,37,123,1,-1,-1,-1
569,265,409,647,70,99,1,-1,-1,-1
569,256,928,408,47,112,1,-1,-1,-1
569,255,848,519,38,135,1,-1,-1,-1
569,250,804,514,45,132,1,-1,-1,-1
569,249,897,508,40,93,1,-1,-1,-1
569,221,809,490,35,116,1,-1,-1,-1
569,173,757,521,41,137,1,-1,-1,-1
569,124,579,658,143,45,1,-1,-1,-1
570,299,597,677,72,167,1,-1,-1,-1
570,298,496,716,71,193,1,-1,-1,-1
570,296,1404,184,18,58,1,-1,-1,-1
570,295,1363,334,40,84,1,-1,-1,-1
570,294,646,571,49,140,1,-1,-1,-1
570,292,906,813,65,206,1,-1,-1,-1
570,278,866,507,35,133,1,-1,-1,-1
570,277,1784,573,62,151,1,-1,-1,-1
570,274,1649,465,37,123,1,-1,-1,-1
570,265,409,647,70,99,1,-1,-1,-1
570,256,928,408,47,112,1,-1,-1,-1
570,255,848,519,38,135,1,-1,-1,-1
570,250,805,514,45,132,1,-1,-1,-1
570,249,897,507,40,93,1,-1,-1,-1
570,221,809,490,35,116,1,-1,-1,-1
570,173,758,521,41,137,1,-1,-1,-1
570,124,579,658,143,45,1,-1,-1,-1
571,299,599,673,71,165,1,-1,-1,-1
571,298,500,713,72,191,1,-1,-1,-1
571,296,1404,184,18,58,1,-1,-1,-1
571,295,1367,333,37,84,1,-1,-1,-1
571,294,649,571,52,141,1,-1,-1,-1
571,292,900,815,68,208,1,-1,-1,-1
571,278,865,507,35,133,1,-1,-1,-1
571,277,1786,574,65,151,1,-1,-1,-1
571,274,1650,465,36,124,1,-1,-1,-1
571,265,409,646,70,99,1,-1,-1,-1
571,256,931,407,46,112,1,-1,-1,-1
571,255,847,519,39,134,1,-1,-1,-1
571,250,807,513,44,133,1,-1,-1,-1
571,249,897,506,43,95,1,-1,-1,-1
571,221,809,490,35,117,1,-1,-1,-1
571,173,759,521,42,137,1,-1,-1,-1
571,124,579,658,143,45,1,-1,-1,-1
572,299,602,669,70,163,1,-1,-1,-1
572,298,504,710,73,188,1,-1,-1,-1
572,296,1404,185,18,58,1,-1,-1,-1
572,295,1371,332,35,85,1,-1,-1,-1
572,294,653,572,55,141,1,-1,-1,-1
572,292,894,817,71,209,1,-1,-1,-1
572,278,864,508,36,133,1,-1,-1,-1
572,277,1788,575,69,151,1,-1,-1,-1
572,274,1651,464,35,124,1,-1,-1,-1
572,265,409,646,71,99,1,-1,-1,-1
572,256,933,406,44,112,1,-1,-1,-1
572,255,846,519,40,134,1,-1,-1,-1
572,250,809,513,43,133,1,-1,-1,-1
572,249,897,504,45,98,1,-1,-1,-1
572,221,809,489,35,118,1,-1,-1,-1
572,173,761,521,43,137,1,-1,-1,-1
572,124,579,658,142,45,1,-1,-1,-1
573,299,604,665,69,161,1,-1,-1,-1
573,298,508,706,74,186,1,-1,-1,-1
573,296,1404,185,18,58,1,-1,-1,-1
573,295,1376,331,32,86,1,-1,-1,-1
573,294,656,572,58,141,1,-1,-1,-1
573,292,888,819,73,211,1,-1,-1,-1
573,278,863,508,37,133,1,-1,-1,-1
573,277,1790,575,72,150,1,-1,-1,-1
573,274,1652,464,34,124,1,-1,-1,-1
573,265,409,646,71,99,1,-1,-1,-1
573,256,935,404,43,112,1,-1,-1,-1
573,255,846,519,41,133,1,-1,-1,-1
573,250,812,512,42,133,1,-1,-1,-1
573,249,898,502,48,100,1,-1,-1,-1
573,221,809,489,35,119,1,-1,-1,-1
573,173,762,521,44,138,1,-1,-1,-1
573,124,579,657,142,45,1,-1,-1,-1
574,299,607,661,68,159,1,-1,-1,-1
574,298,512,703,76,184,1,-1,-1,-1
574,296,1404,185,18,58,1,-1,-1,-1
574,295,1380,330,30,86,1,-1,-1,-1
574,294,660,572,62,141,1,-1,-1,-1
574,292,882,820,76,212,1,-1,-1,-1
574,278,862,508,37,133,1,-1,-1,-1
574,277,1793,576,75,150,1,-1,-1,-1
574,274,1653,464,33,125,1,-1,-1,-1
574,265,409,645,71,100,1,-1,-1,-1
574,256,938,403,42,112,1,-1,-1,-1
574,255,845,519,42,132,1,-1,-1,-1
574,250,814,512,41,134,1,-1,-1,-1
574,249,898,500,50,102,1,-1,-1,-1
574,221,809,488,35,120,1,-1,-1,-1
574,173,764,521,45,138,1,-1,-1,-1
574,124,579,657,141,45,1,-1,-1,-1
575,299,611,653,66,155,1,-1,-1,-1
575,298,520,697,78,180,1,-1,-1,-1
575,296,1403,185,18,58,1,-1,-1,-1
575,295,1388,328,25,87,1,-1,-1,-1
575,294,663,573,65,141,1,-1,-1,-1
575,292,875,822,78,214,1,-1,-1,-1
575,278,860,509,39,134,1,-1,-1,-1
575,277,1795,577,79,150,1,-1,-1,-1
575,274,1654,463,31,126,1,-1,-1,-1
575,265,409,645,71,100,1,-1,-1,-1
575,256,942,401,40,112,1,-1,-1,-1
575,255,844,519,44,131,1,-1,-1,-1
575,250,819,511,39,134,1,-1,-1,-1
575,249,898,496,55,106,1,-1,-1,-1
575,221,809,487,35,120,1,-1,-1,-1
575,173,766,521,46,138,1,-1,-1,-1
575,124,578,657,140,45,1,-1,-1,-1
576,299,612,653,66,155,1,-1,-1,-1
576,298,520,696,78,180,1,-1,-1,-1
576,296,1403,185,18,58,1,-1,-1,-1
576,295,1388,328,25,87,1,-1,-1,-1
576,294,667,573,68,141,1,-1,-1,-1
576,292,869,824,81,215,1,-1,-1,-1
576,278,859,509,39,134,1,-1,-1,-1
576,277,1797,577,82,149,1,-1,-1,-1
576,274,1654,463,31,126,1,-1,-1,-1
576,265,409,645,71,100,1,-1,-1,-1
576,256,943,401,40,112,1,-1,-1,-1
576,255,843,519,45,131,1,-1,-1,-1
576,250,819,511,39,134,1,-1,-1,-1
576,249,899,496,55,106,1,-1,-1,-1
576,221,809,487,35,121,1,-1,-1,-1
576,173,767,521,46,138,1,-1,-1,-1
576,124,579,657,140,45,1,-1,-1,-1
577,299,613,649,67,154,1,-1,-1,-1
577,298,524,693,77,178,1,-1,-1,-1
577,296,1403,185,18,58,1,-1,-1,-1
577,295,1389,328,28,87,1,-1,-1,-1
577,294,672,573,63,142,1,-1,-1,-1
577,292,866,827,80,215,1,-1,-1,-1
577,278,858,509,39,133,1,-1,-1,-1
577,277,1806,577,79,149,1,-1,-1,-1
577,274,1653,463,31,126,1,-1,-1,-1
577,265,409,645,71,100,1,-1,-1,-1
577,256,944,401,40,111,1,-1,-1,-1
577,255,843,519,47,131,1,-1,-1,-1
577,250,820,510,39,133,1,-1,-1,-1
577,249,900,496,56,108,1,-1,-1,-1
577,221,808,486,36,123,1,-1,-1,-1
577,173,768,521,50,139,1,-1,-1,-1
577,124,579,658,139,44,1,-1,-1,-1
578,299,614,645,68,154,1,-1,-1,-1
578,298,529,689,76,176,1,-1,-1,-1
578,296,1403,185,17,58,1,-1,-1,-1
578,295,1390,328,31,86,1,-1,-1,-1
578,294,677,573,59,143,1,-1,-1,-1
578,292,863,829,79,214,1,-1,-1,-1
578,278,857,509,40,133,1,-1,-1,-1
578,277,1815,577,77,149,1,-1,-1,-1
578,274,1653,462,32,126,1,-1,-1,-1
578,265,409,645,70,100,1,-1,-1,-1
578,256,946,401,40,110,1,-1,-1,-1
578,255,842,519,49,132,1,-1,-1,-1
578,250,822,509,39,132,1,-1,-1,-1
578,249,902,495,57,110,1,-1,-1,-1
578,221,808,485,36,125,1,-1,-1,-1
578,173,769,521,54,139,1,-1,-1,-1
578,124,579,658,138,42,1,-1,-1,-1
579,299,615,641,69,153,1,-1,-1,-1
579,298,533,685,75,174,1,-1,-1,-1
579,296,1403,185,17,58,1,-1,-1,-1
579,295,1391,328,33,86,1,-1,-1,-1
579,294,682,573,54,144,1,-1,-1,-1
579,292,860,832,79,213,1,-1,-1,-1
579,278,855,510,41,132,1,-1,-1,-1
579,277,1824,577,74,149,1,-1,-1,-1
579,274,1652,462,32,126,1,-1,-1,-1
579,265,409,645,70,100,1,-1,-1,-1
579,256,948,400,40,109,1,-1,-1,-1
579,255,841,519,51,132,1,-1,-1,-1
579,250,824,508,39,131,1,-1,-1,-1
579,249,904,494,58,113,1,-1,-1,-1
579,221,807,484,37,126,1,-1,-1,-1
579,173,769,520,59,139,1,-1,-1,-1
579,124,579,658,136,40,1,-1,-1,-1
580,299,616,637,70,153,1,-1,-1,-1
580,298,537,681,75,172,1,-1,-1,-1
580,296,1403,185,17,58,1,-1,-1,-1
580,295,1392,328,36,85,1,-1,-1,-1
580,294,687,573,50,144,1,-1,-1,-1
580,292,857,834,78,212,1,-1,-1,-1
580,278,854,510,41,132,1,-1,-1,-1
580,277,1833,577,72,149,1,-1,-1,-1
580,274,1651,461,32,126,1,-1,-1,-1
580,265,409,645,70,100,1,-1,-1,-1
580,256,950,400,40,108,1,-1,-1,-1
580,255,841,518,53,132,1,-1,-1,-1
580,250,825,507,39,129,1,-1,-1,-1
580,249,905,493,59,115,1,-1,-1,-1
580,221,807,483,37,128,1,-1,-1,-1
580,173,770,520,63,139,1,-1,-1,-1
580,124,579,658,135,39,1,-1,-1,-1
581,299,617,633,71,152,1,-1,-1,-1
581,298,542,677,74,170,1,-1,-1,-1
581,296,1403,185,17,58,1,-1,-1,-1
581,295,1393,328,39,85,1,-1,-1,-1
581,294,693,573,45,145,1,-1,-1,-1
581,292,854,836,77,212,1,-1,-1,-1
581,278,852,511,42,131,1,-1,-1,-1
581,277,1842,577,69,149,1,-1,-1,-1
581,274,1650,461,33,126,1,-1,-1,-1
581,265,409,645,70,100,1,-1,-1,-1
581,256,951,400,40,106,1,-1,-1,-1
581,255,840,518,55,132,1,-1,-1,-1
581,250,827,506,39,128,1,-1,-1,-1
581,249,907,492,60,117,1,-1,-1,-1
581,221,806,482,38,130,1,-1,-1,-1
581,173,771,520,67,139,1,-1,-1,-1
581,124,579,658,134,37,1,-1,-1,-1
582,299,619,629,72,151,1,-1,-1,-1
582,298,547,673,73,168,1,-1,-1,-1
582,296,1403,185,17,58,1,-1,-1,-1
582,295,1394,328,42,84,1,-1,-1,-1
582,294,699,573,39,146,1,-1,-1,-1
582,292,850,839,76,211,1,-1,-1,-1
582,278,851,511,43,131,1,-1,-1,-1
582,277,1853,577,66,148,1,-1,-1,-1
582,274,1649,461,33,126,1,-1,-1,-1
582,265,409,646,69,100,1,-1,-1,-1
582,256,953,400,40,105,1,-1,-1,-1
582,255,839,518,57,132,1,-1,-1,-1
582,250,829,505,39,127,1,-1,-1,-1
582,249,909,491,62,119,1,-1,-1,-1
582,221,806,480,38,132,1,-1,-1,-1
582,173,771,519,71,139,1,-1,-1,-1
582,124,579,659,132,35,1,-1,-1,-1
583,299,621,627,72,149,1,-1,-1,-1
583,298,550,670,73,166,1,-1,-1,-1
583,296,1403,185,17,58,1,-1,-1,-1
583,295,1396,328,41,85,1,-1,-1,-1
583,294,701,573,42,146,1,-1,-1,-1
583,292,848,841,75,210,1,-1,-1,-1
583,278,849,511,44,131,1,-1,-1,-1
583,277,1853,579,66,147,1,-1,-1,-1
583,274,1650,461,32,126,1,-1,-1,-1
583,265,409,645,69,100,1,-1,-1,-1
583,256,955,400,39,106,1,-1,-1,-1
583,255,841,518,56,132,1,-1,-1,-1
583,250,831,505,39,126,1,-1,-1,-1
583,249,911,492,60,119,1,-1,-1,-1
583,221,805,479,39,132,1,-1,-1,-1
583,173,771,519,72,140,1,-1,-1,-1
583,124,578,659,131,36,1,-1,-1,-1
584,299,624,624,72,147,1,-1,-1,-1
584,298,555,666,72,165,1,-1,-1,-1
584,296,1403,185,17,58,1,-1,-1,-1
584,295,1399,327,40,85,1,-1,-1,-1
584,294,703,573,46,146,1,-1,-1,-1
584,292,846,842,74,210,1,-1,-1,-1
584,278,847,511,45,132,1,-1,-1,-1
584,277,1854,578,65,149,1,-1,-1,-1
584,274,1651,461,32,126,1,-1,-1,-1
584,265,409,645,69,101,1,-1,-1,-1
584,256,957,399,37,106,1,-1,-1,-1
584,255,843,518,54,132,1,-1,-1,-1
584,250,833,504,38,126,1,-1,-1,-1
584,249,915,492,59,119,1,-1,-1,-1
584,221,805,478,39,133,1,-1,-1,-1
584,173,771,519,73,140,1,-1,-1,-1
584,124,578,659,128,37,1,-1,-1,-1
585,299,627,622,72,145,1,-1,-1,-1
585,298,559,663,72,163,1,-1,-1,-1
585,296,1403,185,17,58,1,-1,-1,-1
585,295,1402,327,38,85,1,-1,-1,-1
585,294,706,573,50,146,1,-1,-1,-1
585,292,843,844,72,210,1,-1,-1,-1
585,278,845,512,45,133,1,-1,-1,-1
585,277,1854,580,65,147,1,-1,-1,-1
585,274,1651,461,31,126,1,-1,-1,-1
585,265,410,645,68,101,1,-1,-1,-1
585,256,960,398,36,107,1,-1,-1,-1
585,255,845,518,53,132,1,-1,-1,-1
585,250,836,504,37,126,1,-1,-1,-1
585,249,918,492,57,119,1,-1,-1,-1
585,221,804,477,39,134,1,-1,-1,-1
585,173,771,518,73,141,1,-1,-1,-1
585,124,577,658,126,38,1,-1,-1,-1
586,299,630,619,71,143,1,-1,-1,-1
586,298,564,659,72,162,1,-1,-1,-1
586,296,1403,185,17,58,1,-1,-1,-1
586,295,1405,326,37,86,1,-1,-1,-1
586,294,708,573,54,146,1,-1,-1,-1
586,292,841,845,71,210,1,-1,-1,-1
586,278,843,512,46,133,1,-1,-1,-1
586,277,1859,580,60,146,1,-1,-1,-1
586,274,1652,461,30,126,1,-1,-1,-1
586,265,410,645,68,101,1,-1,-1,-1
586,256,962,397,34,107,1,-1,-1,-1
586,255,847,518,51,132,1,-1,-1,-1
586,250,838,503,36,126,1,-1,-1,-1
586,249,921,493,55,119,1,-1,-1,-1
586,221,804,477,40,134,1,-1,-1,-1
586,173,771,518,74,141,1,-1,-1,-1
586,124,577,658,124,39,1,-1,-1,-1
587,299,633,617,71,140,1,-1,-1,-1
587,298,568,656,71,160,1,-1,-1,-1
587,296,1403,185,17,58,1,-1,-1,-1
587,295,1408,326,35,86,1,-1,-1,-1
587,294,711,573,58,146,1,-1,-1,-1
587,292,839,847,70,209,1,-1,-1,-1
587,278,841,512,47,134,1,-1,-1,-1
587,277,1863,579,56,146,1,-1,-1,-1
587,274,1653,461,29,126,1,-1,-1,-1
587,265,410,644,68,101,1,-1,-1,-1
587,256,964,397,33,108,1,-1,-1,-1
587,255,849,518,49,132,1,-1,-1,-1
587,250,840,502,36,126,1,-1,-1,-1
587,249,924,493,53,119,1,-1,-1,-1
587,221,803,476,40,135,1,-1,-1,-1
587,173,771,518,75,141,1,-1,-1,-1
587,124,576,658,122,40,1,-1,-1,-1
588,299,638,613,71,137,1,-1,-1,-1
588,298,575,650,71,158,1,-1,-1,-1
588,296,1402,185,17,58,1,-1,-1,-1
588,295,1413,325,33,86,1,-1,-1,-1
588,294,715,573,63,146,1,-1,-1,-1
588,292,836,849,68,209,1,-1,-1,-1
588,278,839,512,48,135,1,-1,-1,-1
588,277,1874,594,45,126,1,-1,-1,-1
588,274,1654,460,28,126,1,-1,-1,-1
588,265,411,644,67,102,1,-1,-1,-1
588,256,967,396,30,109,1,-1,-1,-1
588,255,852,518,47,132,1,-1,-1,-1
588,250,844,502,34,126,1,-1,-1,-1
588,249,929,493,51,119,1,-1,-1,-1
588,221,803,474,41,136,1,-1,-1,-1
588,173,771,517,76,142,1,-1,-1,-1
588,124,576,658,119,42,1,-1,-1,-1
589,299,639,612,70,138,1,-1,-1,-1
589,298,577,648,71,159,1,-1,-1,-1
589,296,1402,185,17,58,1,-1,-1,-1
589,295,1413,325,34,86,1,-1,-1,-1
589,294,715,573,63,146,1,-1,-1,-1
589,292,834,850,68,210,1,-1,-1,-1
589,278,838,512,47,135,1,-1,-1,-1
589,277,1887,597,32,125,1,-1,-1,-1
589,274,1654,460,28,126,1,-1,-1,-1
589,265,411,644,67,102,1,-1,-1,-1
589,256,968,395,32,109,1,-1,-1,-1
589,255,853,519,46,133,1,-1,-1,-1
589,250,845,501,35,126,1,-1,-1,-1
589,249,930,494,50,120,1,-1,-1,-1
589,221,803,474,41,136,1,-1,-1,-1
589,173,771,517,73,142,1,-1,-1,-1
589,124,576,658,119,41,1,-1,-1,-1
590,299,640,610,69,138,1,-1,-1,-1
590,298,581,645,70,159,1,-1,-1,-1
590,296,1402,185,18,58,1,-1,-1,-1
590,295,1415,325,34,86,1,-1,-1,-1
590,294,717,574,64,146,1,-1,-1,-1
590,292,831,852,68,211,1,-1,-1,-1
590,278,838,513,46,135,1,-1,-1,-1
590,277,1900,600,19,123,1,-1,-1,-1
590,274,1654,460,28,126,1,-1,-1,-1
590,265,411,644,67,102,1,-1,-1,-1
590,256,968,395,35,109,1,-1,-1,-1
590,255,855,519,45,133,1,-1,-1,-1
590,250,847,501,35,125,1,-1,-1,-1
590,249,932,494,49,120,1,-1,-1,-1
590,221,802,474,41,136,1,-1,-1,-1
590,173,772,517,69,142,1,-1,-1,-1
590,124,575,658,120,41,1,-1,-1,-1
591,299,642,608,67,139,1,-1,-1,-1
591,298,586,641,70,160,1,-1,-1,-1
591,296,1402,185,18,58,1,-1,-1,-1
591,295,1416,325,35,86,1,-1,-1,-1
591,294,718,574,65,146,1,-1,-1,-1
591,292,828,854,68,212,1,-1,-1,-1
591,278,837,514,44,134,1,-1,-1,-1
591,277,1895,598,24,124,1,-1,-1,-1
591,274,1654,460,29,126,1,-1,-1,-1
591,265,411,643,67,102,1,-1,-1,-1
591,256,968,395,37,109,1,-1,-1,-1
591,255,857,520,44,133,1,-1,-1,-1
591,250,849,501,35,125,1,-1,-1,-1
591,249,935,495,48,120,1,-1,-1,-1
591,221,802,474,41,136,1,-1,-1,-1
591,173,772,517,64,142,1,-1,-1,-1
591,124,575,658,120,41,1,-1,-1,-1
592,299,644,606,66,139,1,-1,-1,-1
592,298,590,637,70,161,1,-1,-1,-1
592,296,1402,185,18,58,1,-1,-1,-1
592,295,1417,325,36,85,1,-1,-1,-1
592,294,720,574,66,146,1,-1,-1,-1
592,292,825,856,68,213,1,-1,-1,-1
592,278,836,514,42,134,1,-1,-1,-1
592,274,1654,460,29,126,1,-1,-1,-1
592,265,411,643,67,102,1,-1,-1,-1
592,256,969,394,40,108,1,-1,-1,-1
592,255,859,520,42,133,1,-1,-1,-1
592,250,852,501,35,125,1,-1,-1,-1
592,249,937,496,47,121,1,-1,-1,-1
592,221,802,473,41,135,1,-1,-1,-1
592,173,773,517,59,142,1,-1,-1,-1
592,124,575,657,120,40,1,-1,-1,-1
593,299,645,604,64,140,1,-1,-1,-1
593,298,594,634,69,162,1,-1,-1,-1
593,296,1401,185,18,58,1,-1,-1,-1
593,295,1418,325,37,85,1,-1,-1,-1
593,294,721,574,66,146,1,-1,-1,-1
593,292,822,859,68,215,1,-1,-1,-1
593,278,835,515,40,134,1,-1,-1,-1
593,274,1654,460,29,126,1,-1,-1,-1
593,265,411,643,67,102,1,-1,-1,-1
593,256,969,394,43,108,1,-1,-1,-1
593,255,861,521,41,133,1,-1,-1,-1
593,250,854,500,35,124,1,-1,-1,-1
593,249,940,496,46,121,1,-1,-1,-1
593,221,801,473,41,135,1,-1,-1,-1
593,173,773,516,54,142,1,-1,-1,-1
593,124,575,657,121,40,1,-1,-1,-1
594,299,648,601,62,140,1,-1,-1,-1
594,298,601,627,69,163,1,-1,-1,-1
594,296,1401,185,19,58,1,-1,-1,-1
594,295,1419,325,38,84,1,-1,-1,-1
594,294,723,574,68,146,1,-1,-1,-1
594,292,817,862,68,217,1,-1,-1,-1
594,278,834,516,37,134,1,-1,-1,-1
594,274,1653,460,29,126,1,-1,-1,-1
594,265,411,643,67,102,1,-1,-1,-1
594,256,970,393,47,108,1,-1,-1,-1
594,255,864,522,39,133,1,-1,-1,-1
594,250,858,500,36,124,1,-1,-1,-1
594,249,944,497,45,122,1,-1,-1,-1
594,221,801,473,41,135,1,-1,-1,-1
594,173,774,516,46,142,1,-1,-1,-1
594,124,575,657,121,40,1,-1,-1,-1
595,299,649,601,62,140,1,-1,-1,-1
595,298,602,627,68,163,1,-1,-1,-1
595,296,1401,185,19,58,1,-1,-1,-1
595,295,1421,325,38,85,1,-1,-1,-1
595,294,726,574,66,146,1,-1,-1,-1
595,292,815,863,69,216,1,-1,-1,-1
595,278,834,516,37,134,1,-1,-1,-1
595,274,1653,460,29,126,1,-1,-1,-1
595,265,411,643,67,102,1,-1,-1,-1
595,256,971,393,47,108,1,-1,-1,-1
595,255,864,522,39,133,1,-1,-1,-1
595,250,859,500,35,124,1,-1,-1,-1
595,249,944,497,44,122,1,-1,-1,-1
595,221,801,473,41,135,1,-1,-1,-1
595,173,774,516,46,142,1,-1,-1,-1
595,124,574,657,121,39,1,-1,-1,-1
596,299,651,599,62,139,1,-1,-1,-1
596,298,605,625,68,161,1,-1,-1,-1
596,296,1401,185,19,58,1,-1,-1,-1
596,295,1425,324,38,85,1,-1,-1,-1
596,294,732,574,61,146,1,-1,-1,-1
596,292,811,864,71,215,1,-1,-1,-1
596,278,833,516,38,135,1,-1,-1,-1
596,274,1653,460,29,125,1,-1,-1,-1
596,265,411,643,67,102,1,-1,-1,-1
596,256,974,393,45,108,1,-1,-1,-1
596,255,864,522,40,133,1,-1,-1,-1
596,250,860,499,33,125,1,-1,-1,-1
596,249,946,498,44,122,1,-1,-1,-1
596,221,800,472,41,136,1,-1,-1,-1
596,173,773,516,44,140,1,-1,-1,-1
596,124,574,658,118,38,1,-1,-1,-1
597,299,654,597,61,138,1,-1,-1,-1
597,298,607,623,67,159,1,-1,-1,-1
597,296,1401,185,19,58,1,-1,-1,-1
597,295,1429,324,37,86,1,-1,-1,-1
597,294,739,574,56,147,1,-1,-1,-1
597,292,806,866,73,213,1,-1,-1,-1
597,278,832,516,38,136,1,-1,-1,-1
597,274,1653,460,29,124,1,-1,-1,-1
597,265,411,643,67,102,1,-1,-1,-1
597,256,976,392,43,108,1,-1,-1,-1
597,255,865,522,41,133,1,-1,-1,-1
597,250,862,499,31,125,1,-1,-1,-1
597,249,947,499,44,122,1,-1,-1,-1
597,221,799,472,41,136,1,-1,-1,-1
597,173,773,515,42,139,1,-1,-1,-1
597,124,573,659,116,38,1,-1,-1,-1
598,299,656,595,61,137,1,-1,-1,-1
598,298,610,621,66,158,1,-1,-1,-1
598,296,1401,185,19,58,1,-1,-1,-1
598,295,1433,323,37,86,1,-1,-1,-1
598,294,746,574,51,147,1,-1,-1,-1
598,292,801,867,75,212,1,-1,-1,-1
598,278,831,516,39,137,1,-1,-1,-1
598,274,1652,460,28,123,1,-1,-1,-1
598,265,411,642,67,103,1,-1,-1,-1
598,256,979,392,42,107,1,-1,-1,-1
598,255,865,522,42,133,1,-1,-1,-1
598,250,864,499,30,126,1,-1,-1,-1
598,249,948,500,44,122,1,-1,-1,-1
598,221,799,472,42,137,1,-1,-1,-1
598,173,773,515,40,138,1,-1,-1,-1
598,124,573,659,114,37,1,-1,-1,-1
599,299,658,593,61,135,1,-1,-1,-1
599,298,613,620,66,156,1,-1,-1,-1
599,296,1401,185,19,58,1,-1,-1,-1
599,295,1437,323,36,86,1,-1,-1,-1
599,294,753,574,45,148,1,-1,-1,-1
599,292,797,869,77,210,1,-1,-1,-1
599,278,830,516,39,137,1,-1,-1,-1
599,274,1652,460,28,123,1,-1,-1,-1
599,265,411,642,67,103,1,-1,-1,-1
599,256,982,391,40,107,1,-1,-1,-1
599,255,865,522,43,133,1,-1,-1,-1
599,250,866,499,28,127,1,-1,-1,-1
599,249,949,500,43,122,1,-1,-1,-1
599,221,798,472,42,137,1,-1,-1,-1
599,173,772,514,38,136,1,-1,-1,-1
599,124,572,660,112,36,1,-1,-1,-1
600,299,663,590,60,133,1,-1,-1,-1
600,298,619,616,64,153,1,-1,-1,-1
600,296,1401,185,18,58,1,-1,-1,-1
600,295,1445,322,35,87,1,-1,-1,-1
600,294,760,574,40,148,1,-1,-1,-1
600,292,792,870,79,209,1,-1,-1,-1
600,278,829,516,41,139,1,-1,-1,-1
600,274,1651,460,28,121,1,-1,-1,-1
600,265,411,642,67,104,1,-1,-1,-1
600,256,987,390,37,107,1,-1,-1,-1
600,255,865,523,45,133,1,-1,-1,-1
600,250,869,498,24,128,1,-1,-1,-1
600,249,952,502,43,123,1,-1,-1,-1
600,221,797,472,42,138,1,-1,-1,-1
600,173,772,514,36,135,1,-1,-1,-1
600,124,572,661,109,35,1,-1,-1,-1
601,299,663,590,60,133,1,-1,-1,-1
601,298,619,616,64,152,1,-1,-1,-1
601,296,1401,185,18,58,1,-1,-1,-1
601,295,1445,322,35,87,1,-1,-1,-1
601,294,767,574,35,148,1,-1,-1,-1
601,292,787,872,81,207,1,-1,-1,-1
601,278,829,516,41,139,1,-1,-1,-1
601,274,1651,460,28,121,1,-1,-1,-1
601,265,411,642,67,104,1,-1,-1,-1
601,256,987,390,37,107,1,-1,-1,-1
601,255,865,523,45,133,1,-1,-1,-1
601,250,869,498,24,129,1,-1,-1,-1
601,249,952,502,43,123,1,-1,-1,-1
601,221,796,471,43,138,1,-1,-1,-1
601,173,772,513,34,134,1,-1,-1,-1
601,124,571,662,107,34,1,-1,-1,-1
602,299,666,591,59,131,1,-1,-1,-1
602,298,620,615,64,151,1,-1,-1,-1
602,296,1401,185,19,58,1,-1,-1,-1
602,295,1446,322,35,87,1,-1,-1,-1
602,294,768,574,41,149,1,-1,-1,-1
602,292,784,875,82,204,1,-1,-1,-1
602,278,829,516,40,139,1,-1,-1,-1
602,274,1647,460,31,121,1,-1,-1,-1
602,265,411,642,67,104,1,-1,-1,-1
602,256,989,390,38,107,1,-1,-1,-1
602,255,866,522,46,133,1,-1,-1,-1
602,250,870,499,25,129,1,-1,-1,-1
602,249,952,503,44,124,1,-1,-1,-1
602,221,796,471,42,137,1,-1,-1,-1
602,173,772,513,34,136,1,-1,-1,-1
602,124,572,663,107,34,1,-1,-1,-1
603,299,668,592,58,129,1,-1,-1,-1
603,298,622,613,65,150,1,-1,-1,-1
603,296,1400,185,19,58,1,-1,-1,-1
603,295,1448,321,36,86,1,-1,-1,-1
603,294,769,574,46,149,1,-1,-1,-1
603,292,780,878,84,201,1,-1,-1,-1
603,278,828,516,39,139,1,-1,-1,-1
603,274,1644,460,35,121,1,-1,-1,-1
603,265,412,641,67,104,1,-1,-1,-1
603,256,990,389,39,107,1,-1,-1,-1
603,255,866,522,47,133,1,-1,-1,-1
603,250,870,499,26,129,1,-1,-1,-1
603,249,952,503,46,125,1,-1,-1,-1
603,221,795,471,42,137,1,-1,-1,-1
603,173,773,512,34,138,1,-1,-1,-1
603,124,572,664,107,34,1,-1,-1,-1
604,299,671,593,57,127,1,-1,-1,-1
604,298,624,612,65,148,1,-1,-1,-1
604,296,1400,185,19,58,1,-1,-1,-1
604,295,1450,321,36,86,1,-1,-1,-1
604,294,769,574,52,149,1,-1,-1,-1
604,292,776,881,85,198,1,-1,-1,-1
604,278,828,516,39,139,1,-1,-1,-1
604,274,1640,460,38,121,1,-1,-1,-1
604,265,412,641,67,104,1,-1,-1,-1
604,256,992,389,39,107,1,-1,-1,-1
604,255,867,522,48,133,1,-1,-1,-1
604,250,870,500,27,130,1,-1,-1,-1
604,249,952,504,47,126,1,-1,-1,-1
604,221,794,471,42,136,1,-1,-1,-1
604,173,774,512,33,140,1,-1,-1,-1
604,124,572,664,107,33,1,-1,-1,-1
605,299,674,595,56,124,1,-1,-1,-1
605,298,626,610,65,147,1,-1,-1,-1
605,296,1400,185,19,58,1,-1,-1,-1
605,295,1451,321,37,85,1,-1,-1,-1
605,294,770,574,58,149,1,-1,-1,-1
605,292,773,884,86,195,1,-1,-1,-1
605,278,828,516,38,139,1,-1,-1,-1
605,274,1636,461,41,121,1,-1,-1,-1
605,265,412,641,67,105,1,-1,-1,-1
605,256,994,388,40,108,1,-1,-1,-1
605,255,868,522,48,133,1,-1,-1,-1
605,250,870,500,28,130,1,-1,-1,-1
605,249,952,505,49,127,1,-1,-1,-1
605,221,793,471,42,135,1,-1,-1,-1
605,173,774,512,33,142,1,-1,-1,-1
605,124,573,665,107,33,1,-1,-1,-1
606,299,677,596,54,122,1,-1,-1,-1
606,298,627,609,65,146,1,-1,-1,-1
606,296,1400,185,19,58,1,-1,-1,-1
606,295,1453,321,37,84,1,-1,-1,-1
606,294,771,574,64,149,1,-1,-1,-1
606,292,769,887,88,192,1,-1,-1,-1
606,278,828,516,38,139,1,-1,-1,-1
606,274,1633,461,44,122,1,-1,-1,-1
606,265,412,640,67,105,1,-1,-1,-1
606,256,995,388,41,108,1,-1,-1,-1
606,255,869,522,49,133,1,-1,-1,-1
606,250,870,501,29,130,1,-1,-1,-1
606,249,952,505,51,128,1,-1,-1,-1
606,221,792,471,42,135,1,-1,-1,-1
606,173,775,511,33,144,1,-1,-1,-1
606,124,573,666,107,33,1,-1,-1,-1
607,299,680,597,53,120,1,-1,-1,-1
607,298,629,607,65,144,1,-1,-1,-1
607,296,1400,185,19,58,1,-1,-1,-1
607,295,1455,321,38,84,1,-1,-1,-1
607,294,772,574,70,149,1,-1,-1,-1
607,292,765,891,89,188,1,-1,-1,-1
607,278,828,516,37,139,1,-1,-1,-1
607,274,1628,461,48,122,1,-1,-1,-1
607,265,412,640,67,105,1,-1,-1,-1
607,256,998,388,42,108,1,-1,-1,-1
607,255,870,522,50,134,1,-1,-1,-1
607,250,871,501,31,131,1,-1,-1,-1
607,249,952,506,53,130,1,-1,-1,-1
607,221,791,471,41,134,1,-1,-1,-1
607,173,776,511,33,147,1,-1,-1,-1
607,124,573,667,108,32,1,-1,-1,-1
608,299,681,599,55,117,1,-1,-1,-1
608,298,629,606,65,143,1,-1,-1,-1
608,296,1400,185,19,58,1,-1,-1,-1
608,295,1457,320,37,84,1,-1,-1,-1
608,294,776,574,66,149,1,-1,-1,-1
608,292,765,892,87,187,1,-1,-1,-1
608,278,828,516,37,139,1,-1,-1,-1
608,274,1627,461,49,121,1,-1,-1,-1
608,265,412,640,67,106,1,-1,-1,-1
608,256,999,387,42,108,1,-1,-1,-1
608,255,871,522,49,133,1,-1,-1,-1
608,250,871,501,34,131,1,-1,-1,-1
608,249,952,507,53,129,1,-1,-1,-1
608,221,790,471,42,132,1,-1,-1,-1
608,173,776,511,33,147,1,-1,-1,-1
608,124,574,667,108,33,1,-1,-1,-1
609,299,682,602,57,113,1,-1,-1,-1
609,298,629,605,65,142,1,-1,-1,-1
609,296,1399,185,19,58,1,-1,-1,-1
609,295,1459,320,37,84,1,-1,-1,-1
609,294,782,574,61,148,1,-1,-1,-1
609,292,766,892,84,187,1,-1,-1,-1
609,278,828,515,36,139,1,-1,-1,-1
609,274,1626,461,50,121,1,-1,-1,-1
609,265,412,639,67,106,1,-1,-1,-1
609,256,1000,387,42,107,1,-1,-1,-1
609,255,872,522,48,133,1,-1,-1,-1
609,250,871,502,39,131,1,-1,-1,-1
609,249,952,508,53,129,1,-1,-1,-1
609,221,788,471,42,130,1,-1,-1,-1
609,173,776,510,33,147,1,-1,-1,-1
609,124,574,666,108,34,1,-1,-1,-1
610,299,682,604,59,110,1,-1,-1,-1
610,298,629,604,64,142,1,-1,-1,-1
610,296,1399,185,19,58,1,-1,-1,-1
610,295,1461,320,36,84,1,-1,-1,-1
610,294,788,574,55,147,1,-1,-1,-1
610,292,766,893,82,186,1,-1,-1,-1
610,278,828,515,35,139,1,-1,-1,-1
610,274,1624,461,52,120,1,-1,-1,-1
610,265,412,639,67,106,1,-1,-1,-1
610,256,1001,387,42,107,1,-1,-1,-1
610,255,873,522,46,133,1,-1,-1,-1
610,250,871,502,43,132,1,-1,-1,-1
610,249,952,509,54,129,1,-1,-1,-1
610,221,786,471,43,129,1,-1,-1,-1
610,173,776,510,33,147,1,-1,-1,-1
610,124,574,666,108,34,1,-1,-1,-1
611,299,683,607,61,106,1,-1,-1,-1
611,298,629,603,64,141,1,-1,-1,-1
611,296,1399,185,19,58,1,-1,-1,-1
611,295,1463,320,36,85,1,-1,-1,-1
611,294,793,574,50,147,1,-1,-1,-1
611,292,767,894,79,185,1,-1,-1,-1
611,278,828,515,34,140,1,-1,-1,-1
611,274,1623,461,53,120,1,-1,-1,-1
611,265,412,639,67,107,1,-1,-1,-1
611,256,1002,386,42,106,1,-1,-1,-1
611,255,874,523,45,133,1,-1,-1,-1
611,250,871,502,47,132,1,-1,-1,-1
611,249,952,510,54,128,1,-1,-1,-1
611,221,784,472,44,127,1,-1,-1,-1
611,173,776,510,33,147,1,-1,-1,-1
611,124,574,666,109,35,1,-1,-1,-1
612,299,684,609,62,103,1,-1,-1,-1
612,298,629,602,64,140,1,-1,-1,-1
612,296,1399,185,19,58,1,-1,-1,-1
612,295,1466,319,35,85,1,-1,-1,-1
612,294,799,574,44,146,1,-1,-1,-1
612,292,767,894,76,185,1,-1,-1,-1
612,278,829,515,33,140,1,-1,-1,-1
612,274,1622,462,54,119,1,-1,-1,-1
612,265,412,638,67,107,1,-1,-1,-1
612,256,1003,386,42,106,1,-1,-1,-1
612,255,875,523,44,132,1,-1,-1,-1
612,250,871,503,52,132,1,-1,-1,-1
612,249,953,511,55,128,1,-1,-1,-1
612,221,783,472,44,125,1,-1,-1,-1
612,173,776,510,33,147,1,-1,-1,-1
612,124,575,666,109,36,1,-1,-1,-1
613,299,684,613,65,98,1,-1,-1,-1
613,298,629,601,64,139,1,-1,-1,-1
613,296,1399,185,19,58,1,-1,-1,-1
613,295,1469,319,35,85,1,-1,-1,-1
613,294,807,574,37,145,1,-1,-1,-1
613,292,768,895,72,184,1,-1,-1,-1
613,278,829,515,31,140,1,-1,-1,-1
613,274,1620,462,56,118,1,-1,-1,-1
613,265,411,638,67,107,1,-1,-1,-1
613,256,1005,385,42,105,1,-1,-1,-1
613,255,876,523,42,132,1,-1,-1,-1
613,250,871,503,58,133,1,-1,-1,-1
613,249,953,513,55,127,1,-1,-1,-1
613,221,780,472,45,123,1,-1,-1,-1
613,173,777,509,33,147,1,-1,-1,-1
613,124,575,666,109,37,1,-1,-1,-1
614,299,685,614,66,97,1,-1,-1,-1
614,298,629,601,63,138,1,-1,-1,-1
614,296,1399,185,19,58,1,-1,-1,-1
614,295,1469,319,35,85,1,-1,-1,-1
614,294,808,574,39,145,1,-1,-1,-1
614,292,767,897,72,182,1,-1,-1,-1
614,278,829,515,31,135,1,-1,-1,-1
614,274,1620,462,55,119,1,-1,-1,-1
614,265,411,638,66,108,1,-1,-1,-1
614,256,1007,385,42,105,1,-1,-1,-1
614,255,877,523,42,132,1,-1,-1,-1
614,250,872,503,58,134,1,-1,-1,-1
614,249,954,514,55,127,1,-1,-1,-1
614,221,780,472,45,124,1,-1,-1,-1
614,173,777,509,34,147,1,-1,-1,-1
614,124,575,665,109,36,1,-1,-1,-1
615,299,685,616,66,96,1,-1,-1,-1
615,298,630,601,62,137,1,-1,-1,-1
615,296,1399,184,19,58,1,-1,-1,-1
615,295,1471,318,35,85,1,-1,-1,-1
615,294,810,574,44,145,1,-1,-1,-1
615,292,766,900,72,179,1,-1,-1,-1
615,278,829,515,30,126,1,-1,-1,-1
615,274,1620,461,54,119,1,-1,-1,-1
615,265,411,638,66,108,1,-1,-1,-1
615,256,1010,385,42,106,1,-1,-1,-1
615,255,878,523,42,133,1,-1,-1,-1
615,250,873,501,58,135,1,-1,-1,-1
615,249,955,515,55,127,1,-1,-1,-1
615,221,779,472,45,126,1,-1,-1,-1
615,173,777,509,34,146,1,-1,-1,-1
615,124,575,665,109,36,1,-1,-1,-1
616,299,686,618,66,94,1,-1,-1,-1
616,298,631,602,60,135,1,-1,-1,-1
616,296,1399,184,19,58,1,-1,-1,-1
616,295,1472,318,34,85,1,-1,-1,-1
616,294,811,573,48,146,1,-1,-1,-1
616,292,764,903,72,176,1,-1,-1,-1
616,278,829,515,29,116,1,-1,-1,-1
616,274,1619,461,53,120,1,-1,-1,-1
616,265,411,638,66,108,1,-1,-1,-1
616,256,1012,384,42,106,1,-1,-1,-1
616,255,878,522,43,133,1,-1,-1,-1
616,250,873,500,57,136,1,-1,-1,-1
616,249,957,517,55,127,1,-1,-1,-1
616,221,778,472,45,129,1,-1,-1,-1
616,173,777,508,35,145,1,-1,-1,-1
616,124,575,664,108,36,1,-1,-1,-1
617,299,687,620,67,92,1,-1,-1,-1
617,298,631,602,59,134,1,-1,-1,-1
617,296,1399,184,19,58,1,-1,-1,-1
617,295,1473,318,34,85,1,-1,-1,-1
617,294,813,573,53,146,1,-1,-1,-1
617,292,763,906,72,173,1,-1,-1,-1
617,278,829,515,28,107,1,-1,-1,-1
617,274,1619,460,52,120,1,-1,-1,-1
617,265,411,638,66,108,1,-1,-1,-1
617,256,1015,384,42,107,1,-1,-1,-1
617,255,879,522,43,133,1,-1,-1,-1
617,250,874,498,57,137,1,-1,-1,-1
617,249,958,519,55,126,1,-1,-1,-1
617,221,777,472,44,131,1,-1,-1,-1
617,173,778,508,35,145,1,-1,-1,-1
617,124,575,664,108,36,1,-1,-1,-1
618,299,687,622,67,91,1,-1,-1,-1
618,298,632,602,58,133,1,-1,-1,-1
618,296,1399,184,19,58,1,-1,-1,-1
618,295,1475,318,34,85,1,-1,-1,-1
618,294,815,573,57,146,1,-1,-1,-1
618,292,761,909,72,170,1,-1,-1,-1
618,278,829,515,27,97,1,-1,-1,-1
618,274,1619,460,52,121,1,-1,-1,-1
618,265,411,638,66,108,1,-1,-1,-1
618,256,1018,384,42,107,1,-1,-1,-1
618,255,880,521,43,134,1,-1,-1,-1
618,250,875,497,57,138,1,-1,-1,-1
618,249,960,520,55,126,1,-1,-1,-1
618,221,776,472,44,133,1,-1,-1,-1
618,173,778,508,36,144,1,-1,-1,-1
618,124,575,663,108,36,1,-1,-1,-1
619,299,688,625,67,88,1,-1,-1,-1
619,298,633,603,55,130,1,-1,-1,-1
619,296,1399,183,19,58,1,-1,-1,-1
619,295,1477,317,34,84,1,-1,-1,-1
619,294,818,573,65,146,1,-1,-1,-1
619,292,759,914,71,165,1,-1,-1,-1
619,278,830,515,26,81,1,-1,-1,-1
619,274,1619,459,50,122,1,-1,-1,-1
619,265,411,638,66,108,1,-1,-1,-1
619,256,1023,383,42,108,1,-1,-1,-1
619,255,881,521,44,134,1,-1,-1,-1
619,250,876,495,57,140,1,-1,-1,-1
619,249,962,523,55,126,1,-1,-1,-1
619,221,774,472,44,137,1,-1,-1,-1
619,173,779,507,37,143,1,-1,-1,-1
619,124,575,662,107,36,1,-1,-1,-1
620,299,688,625,67,88,1,-1,-1,-1
620,298,633,603,55,129,1,-1,-1,-1
620,296,1399,183,19,58,1,-1,-1,-1
620,295,1478,317,34,84,1,-1,-1,-1
620,294,819,573,64,146,1,-1,-1,-1
620,292,758,915,72,164,1,-1,-1,-1
620,278,830,515,26,84,1,-1,-1,-1
620,274,1618,459,49,122,1,-1,-1,-1
620,265,411,638,66,108,1,-1,-1,-1
620,256,1023,383,42,108,1,-1,-1,-1
620,255,881,521,44,134,1,-1,-1,-1
620,250,876,494,56,141,1,-1,-1,-1
620,249,963,524,55,126,1,-1,-1,-1
620,221,774,472,44,137,1,-1,-1,-1
620,173,779,507,37,143,1,-1,-1,-1
620,124,575,662,107,36,1,-1,-1,-1
621,299,688,626,67,87,1,-1,-1,-1
621,298,633,605,56,127,1,-1,-1,-1
621,296,1399,184,19,58,1,-1,-1,-1
621,295,1481,317,35,85,1,-1,-1,-1
621,294,821,572,63,146,1,-1,-1,-1
621,292,755,916,74,163,1,-1,-1,-1
621,278,829,514,27,94,1,-1,-1,-1
621,274,1618,459,46,122,1,-1,-1,-1
621,265,411,638,67,108,1,-1,-1,-1
621,256,1024,383,44,108,1,-1,-1,-1
621,255,881,521,44,134,1,-1,-1,-1
621,250,877,493,56,143,1,-1,-1,-1
621,249,965,525,54,125,1,-1,-1,-1
621,221,774,472,43,137,1,-1,-1,-1
621,173,780,507,38,143,1,-1,-1,-1
621,124,575,661,107,36,1,-1,-1,-1
622,299,688,626,67,86,1,-1,-1,-1
622,298,633,607,56,124,1,-1,-1,-1
622,296,1399,184,19,58,1,-1,-1,-1
622,295,1484,317,35,85,1,-1,-1,-1
622,294,824,572,61,146,1,-1,-1,-1
622,292,752,918,76,161,1,-1,-1,-1
622,278,829,514,28,104,1,-1,-1,-1
622,274,1617,459,43,122,1,-1,-1,-1
622,265,411,638,67,108,1,-1,-1,-1
622,256,1026,382,45,108,1,-1,-1,-1
622,255,881,521,44,134,1,-1,-1,-1
622,250,878,491,55,145,1,-1,-1,-1
622,249,967,526,54,124,1,-1,-1,-1
622,221,774,473,43,137,1,-1,-1,-1
622,173,781,507,40,142,1,-1,-1,-1
622,124,575,661,107,37,1,-1,-1,-1
623,299,688,627,67,85,1,-1,-1,-1
623,298,633,609,56,122,1,-1,-1,-1
623,296,1399,184,19,58,1,-1,-1,-1
623,295,1487,317,36,85,1,-1,-1,-1
623,294,826,571,60,146,1,-1,-1,-1
623,292,749,920,78,159,1,-1,-1,-1
623,278,829,514,28,113,1,-1,-1,-1
623,274,1616,459,39,122,1,-1,-1,-1
623,265,410,638,67,108,1,-1,-1,-1
623,256,1027,382,46,108,1,-1,-1,-1
623,255,881,521,44,134,1,-1,-1,-1
623,250,879,490,54,147,1,-1,-1,-1
623,249,968,528,54,124,1,-1,-1,-1
623,221,774,473,43,137,1,-1,-1,-1
623,173,782,507,41,142,1,-1,-1,-1
623,124,575,660,107,37,1,-1,-1,-1
624,299,688,627,67,84,1,-1,-1,-1
624,298,634,611,56,119,1,-1,-1,-1
624,296,1399,184,19,58,1,-1,-1,-1
624,295,1490,316,36,85,1,-1,-1,-1
624,294,828,571,58,146,1,-1,-1,-1
624,292,746,921,80,158,1,-1,-1,-1
624,278,828,514,29,123,1,-1,-1,-1
624,274,1615,459,36,122,1,-1,-1,-1
624,265,410,638,68,108,1,-1,-1,-1
624,256,1028,382,48,108,1,-1,-1,-1
624,255,882,521,44,135,1,-1,-1,-1
624,250,880,488,54,149,1,-1,-1,-1
624,249,970,529,54,123,1,-1,-1,-1
624,221,774,473,43,137,1,-1,-1,-1
624,173,783,508,42,142,1,-1,-1,-1
624,124,575,660,107,38,1,-1,-1,-1
625,299,688,629,67,83,1,-1,-1,-1
625,298,634,615,57,114,1,-1,-1,-1
625,296,1399,184,19,58,1,-1,-1,-1
625,295,1496,316,37,85,1,-1,-1,-1
625,294,831,570,57,146,1,-1,-1,-1
625,292,743,923,81,156,1,-1,-1,-1
625,278,828,514,31,142,1,-1,-1,-1
625,274,1613,458,30,123,1,-1,-1,-1
625,265,410,638,68,107,1,-1,-1,-1
625,256,1030,381,50,108,1,-1,-1,-1
625,255,882,521,44,135,1,-1,-1,-1
625,250,882,485,52,152,1,-1,-1,-1
625,249,974,532,53,122,1,-1,-1,-1
625,221,774,473,43,137,1,-1,-1,-1
625,173,784,508,43,141,1,-1,-1,-1
625,124,575,659,107,38,1,-1,-1,-1
626,299,688,629,67,83,1,-1,-1,-1
626,298,634,615,57,114,1,-1,-1,-1
626,296,1399,184,19,58,1,-1,-1,-1
626,295,1496,316,37,85,1,-1,-1,-1
626,294,833,570,55,147,1,-1,-1,-1
626,292,740,924,83,155,1,-1,-1,-1
626,278,828,514,31,142,1,-1,-1,-1
626,274,1613,458,30,123,1,-1,-1,-1
626,265,410,638,69,107,1,-1,-1,-1
626,256,1030,381,50,108,1,-1,-1,-1
626,255,882,521,45,135,1,-1,-1,-1
626,250,882,485,52,152,1,-1,-1,-1
626,249,974,532,53,122,1,-1,-1,-1
626,221,774,474,43,136,1,-1,-1,-1
626,173,784,508,44,141,1,-1,-1,-1
626,124,575,659,107,38,1,-1,-1,-1
627,299,687,629,67,82,1,-1,-1,-1
627,298,631,616,59,112,1,-1,-1,-1
627,296,1399,184,19,58,1,-1,-1,-1
627,295,1498,316,37,85,1,-1,-1,-1
627,294,838,570,54,146,1,-1,-1,-1
627,292,740,927,85,152,1,-1,-1,-1
627,278,828,514,31,141,1,-1,-1,-1
627,274,1609,458,34,123,1,-1,-1,-1
627,265,410,638,69,107,1,-1,-1,-1
627,256,1035,381,47,108,1,-1,-1,-1
627,255,881,521,45,134,1,-1,-1,-1
627,250,884,485,52,153,1,-1,-1,-1
627,249,976,534,53,123,1,-1,-1,-1
627,221,773,474,42,137,1,-1,-1,-1
627,173,785,508,45,140,1,-1,-1,-1
627,124,575,658,107,39,1,-1,-1,-1
628,299,686,629,68,82,1,-1,-1,-1
628,298,628,618,62,110,1,-1,-1,-1
628,296,1399,184,19,58,1,-1,-1,-1
628,295,1500,315,36,85,1,-1,-1,-1
628,294,844,570,53,146,1,-1,-1,-1
628,292,740,930,86,149,1,-1,-1,-1
628,278,829,513,32,141,1,-1,-1,-1
628,274,1605,458,38,123,1,-1,-1,-1
628,265,410,637,69,107,1,-1,-1,-1
628,256,1039,380,44,108,1,-1,-1,-1
628,255,881,521,46,133,1,-1,-1,-1
628,250,885,484,52,153,1,-1,-1,-1
628,249,978,535,53,124,1,-1,-1,-1
628,221,772,474,41,138,1,-1,-1,-1
628,173,785,508,46,140,1,-1,-1,-1
628,124,575,658,106,40,1,-1,-1,-1
629,299,686,630,69,82,1,-1,-1,-1
629,298,625,620,64,108,1,-1,-1,-1
629,296,1399,185,19,58,1,-1,-1,-1
629,295,1502,315,36,85,1,-1,-1,-1
629,294,849,570,53,146,1,-1,-1,-1
629,292,740,933,88,146,1,-1,-1,-1
629,278,829,513,32,140,1,-1,-1,-1
629,274,1601,458,42,123,1,-1,-1,-1
629,265,410,637,69,107,1,-1,-1,-1
629,256,1043,380,41,108,1,-1,-1,-1
629,255,881,521,46,133,1,-1,-1,-1
629,250,886,484,52,153,1,-1,-1,-1
629,249,980,537,53,125,1,-1,-1,-1
629,221,771,475,41,138,1,-1,-1,-1
629,173,785,508,48,140,1,-1,-1,-1
629,124,575,657,106,40,1,-1,-1,-1
630,299,685,630,70,82,1,-1,-1,-1
630,298,622,622,67,105,1,-1,-1,-1
630,296,1399,185,18,58,1,-1,-1,-1
630,295,1504,314,35,85,1,-1,-1,-1
630,294,855,570,52,145,1,-1,-1,-1
630,292,740,936,89,143,1,-1,-1,-1
630,278,830,513,33,140,1,-1,-1,-1
630,274,1597,458,46,123,1,-1,-1,-1
630,265,410,637,69,107,1,-1,-1,-1
630,256,1047,379,38,107,1,-1,-1,-1
630,255,880,521,47,132,1,-1,-1,-1
630,250,888,484,51,153,1,-1,-1,-1
630,249,982,538,53,126,1,-1,-1,-1
630,221,771,475,40,139,1,-1,-1,-1
630,173,786,508,49,139,1,-1,-1,-1
630,124,574,656,106,41,1,-1,-1,-1
631,299,684,630,71,81,1,-1,-1,-1
631,298,619,624,69,103,1,-1,-1,-1
631,296,1399,185,18,58,1,-1,-1,-1
631,295,1506,314,35,85,1,-1,-1,-1
631,294,860,570,51,145,1,-1,-1,-1
631,292,740,939,90,140,1,-1,-1,-1
631,278,830,513,33,139,1,-1,-1,-1
631,274,1593,458,50,123,1,-1,-1,-1
631,265,409,637,70,107,1,-1,-1,-1
631,256,1052,378,35,107,1,-1,-1,-1
631,255,880,521,48,131,1,-1,-1,-1
631,250,889,483,51,153,1,-1,-1,-1
631,249,984,540,53,127,1,-1,-1,-1
631,221,770,476,40,139,1,-1,-1,-1
631,173,786,508,50,139,1,-1,-1,-1
631,124,574,656,106,42,1,-1,-1,-1
632,299,683,631,72,81,1,-1,-1,-1
632,298,616,626,72,101,1,-1,-1,-1
632,296,1399,185,18,58,1,-1,-1,-1
632,295,1508,314,35,85,1,-1,-1,-1
632,294,866,570,50,144,1,-1,-1,-1
632,292,740,942,92,137,1,-1,-1,-1
632,278,831,512,34,138,1,-1,-1,-1
632,274,1588,458,54,123,1,-1,-1,-1
632,265,409,637,70,107,1,-1,-1,-1
632,256,1057,378,31,107,1,-1,-1,-1
632,255,879,521,48,130,1,-1,-1,-1
632,250,891,483,51,154,1,-1,-1,-1
632,249,986,541,53,129,1,-1,-1,-1
632,221,769,476,39,140,1,-1,-1,-1
632,173,787,508,51,138,1,-1,-1,-1
632,124,574,655,105,43,1,-1,-1,-1
633,299,682,630,73,81,1,-1,-1,-1
633,298,616,627,71,100,1,-1,-1,-1
633,296,1399,185,18,58,1,-1,-1,-1
633,295,1509,314,34,84,1,-1,-1,-1
633,294,867,570,52,144,1,-1,-1,-1
633,292,739,944,92,135,1,-1,-1,-1
633,278,830,512,35,138,1,-1,-1,-1
633,274,1588,458,53,123,1,-1,-1,-1
633,265,409,637,70,107,1,-1,-1,-1
633,256,1057,378,34,107,1,-1,-1,-1
633,255,879,521,47,131,1,-1,-1,-1
633,250,892,483,50,153,1,-1,-1,-1
633,249,988,542,52,128,1,-1,-1,-1
633,221,767,476,40,140,1,-1,-1,-1
633,173,788,507,49,138,1,-1,-1,-1
633,124,574,655,105,43,1,-1,-1,-1
634,299,681,630,74,81,1,-1,-1,-1
634,298,616,628,71,98,1,-1,-1,-1
634,296,1399,184,18,58,1,-1,-1,-1
634,295,1511,313,34,84,1,-1,-1,-1
634,294,867,569,55,144,1,-1,-1,-1
634,292,738,945,91,134,1,-1,-1,-1
634,278,830,512,37,138,1,-1,-1,-1
634,274,1588,457,53,123,1,-1,-1,-1
634,265,410,636,70,107,1,-1,-1,-1
634,256,1057,377,36,107,1,-1,-1,-1
634,255,878,521,45,131,1,-1,-1,-1
634,250,895,484,49,152,1,-1,-1,-1
634,249,990,543,51,128,1,-1,-1,-1
634,221,765,477,42,139,1,-1,-1,-1
634,173,791,507,47,138,1,-1,-1,-1
634,124,574,654,105,44,1,-1,-1,-1
635,299,680,630,75,81,1,-1,-1,-1
635,298,617,629,71,97,1,-1,-1,-1
635,296,1399,184,18,58,1,-1,-1,-1
635,295,1513,313,33,84,1,-1,-1,-1
635,294,868,569,57,144,1,-1,-1,-1
635,292,737,947,91,132,1,-1,-1,-1
635,278,830,512,38,138,1,-1,-1,-1
635,274,1588,457,52,123,1,-1,-1,-1
635,265,410,636,70,108,1,-1,-1,-1
635,256,1058,377,39,107,1,-1,-1,-1
635,255,877,521,43,132,1,-1,-1,-1
635,250,897,485,47,151,1,-1,-1,-1
635,249,992,544,50,127,1,-1,-1,-1
635,221,762,477,43,139,1,-1,-1,-1
635,173,793,506,45,138,1,-1,-1,-1
635,124,574,654,104,44,1,-1,-1,-1
636,299,679,630,76,80,1,-1,-1,-1
636,298,617,630,71,96,1,-1,-1,-1
636,296,1399,184,18,58,1,-1,-1,-1
636,295,1515,313,33,84,1,-1,-1,-1
636,294,868,568,60,144,1,-1,-1,-1
636,292,736,948,90,131,1,-1,-1,-1
636,278,830,512,39,138,1,-1,-1,-1
636,274,1588,457,51,122,1,-1,-1,-1
636,265,410,636,70,108,1,-1,-1,-1
636,256,1058,377,42,107,1,-1,-1,-1
636,255,877,521,40,132,1,-1,-1,-1
636,250,900,486,46,150,1,-1,-1,-1
636,249,994,544,49,126,1,-1,-1,-1
636,221,760,477,45,138,1,-1,-1,-1
636,173,795,506,43,138,1,-1,-1,-1
636,124,574,654,104,45,1,-1,-1,-1
637,299,678,629,78,80,1,-1,-1,-1
637,298,617,631,71,94,1,-1,-1,-1
637,296,1399,184,18,58,1,-1,-1,-1
637,295,1517,313,33,84,1,-1,-1,-1
637,294,869,568,62,145,1,-1,-1,-1
637,292,735,950,89,129,1,-1,-1,-1
637,278,829,512,41,138,1,-1,-1,-1
637,274,1588,456,50,122,1,-1,-1,-1
637,265,410,636,70,108,1,-1,-1,-1
637,256,1058,376,45,107,1,-1,-1,-1
637,255,876,521,38,133,1,-1,-1,-1
637,250,902,486,45,149,1,-1,-1,-1
637,249,996,545,48,126,1,-1,-1,-1
637,221,758,477,46,138,1,-1,-1,-1
637,173,797,505,41,138,1,-1,-1,-1
637,124,575,653,104,46,1,-1,-1,-1
638,299,676,629,79,80,1,-1,-1,-1
638,298,617,632,70,92,1,-1,-1,-1
638,296,1399,184,18,58,1,-1,-1,-1
638,295,1520,313,32,84,1,-1,-1,-1
638,294,870,567,66,145,1,-1,-1,-1
638,292,733,952,88,127,1,-1,-1,-1
638,278,829,512,43,137,1,-1,-1,-1
638,274,1589,456,49,121,1,-1,-1,-1
638,265,410,636,70,108,1,-1,-1,-1
638,256,1059,376,49,107,1,-1,-1,-1
638,255,875,520,35,134,1,-1,-1,-1
638,250,905,487,43,148,1,-1,-1,-1
638,249,999,546,46,125,1,-1,-1,-1
638,221,754,478,48,137,1,-1,-1,-1
638,173,801,504,38,138,1,-1,-1,-1
638,124,575,653,103,47,1,-1,-1,-1
639,299,677,629,79,80,1,-1,-1,-1
639,298,617,633,70,92,1,-1,-1,-1
639,296,1399,183,18,58,1,-1,-1,-1
639,295,1521,312,32,84,1,-1,-1,-1
639,294,873,567,64,145,1,-1,-1,-1
639,292,733,953,89,126,1,-1,-1,-1
639,278,830,511,43,137,1,-1,-1,-1
639,274,1589,456,50,121,1,-1,-1,-1
639,265,411,636,70,108,1,-1,-1,-1
639,256,1061,376,47,106,1,-1,-1,-1
639,255,876,520,35,134,1,-1,-1,-1
639,250,905,489,44,145,1,-1,-1,-1
639,249,1000,547,46,126,1,-1,-1,-1
639,221,754,478,48,137,1,-1,-1,-1
639,173,801,504,39,138,1,-1,-1,-1
639,124,575,652,103,46,1,-1,-1,-1
640,299,677,630,79,79,1,-1,-1,-1
640,298,617,633,70,91,1,-1,-1,-1
640,296,1399,183,18,58,1,-1,-1,-1
640,295,1522,312,31,84,1,-1,-1,-1
640,294,878,566,60,145,1,-1,-1,-1
640,292,731,954,91,125,1,-1,-1,-1
640,278,831,511,42,137,1,-1,-1,-1
640,274,1589,455,50,121,1,-1,-1,-1
640,265,411,635,69,108,1,-1,-1,-1
640,256,1066,375,45,106,1,-1,-1,-1
640,255,876,520,35,134,1,-1,-1,-1
640,250,905,491,45,141,1,-1,-1,-1
640,249,1003,548,47,127,1,-1,-1,-1
640,221,753,478,48,138,1,-1,-1,-1
640,173,802,504,39,138,1,-1,-1,-1
640,124,575,652,104,46,1,-1,-1,-1
641,299,677,630,79,79,1,-1,-1,-1
641,298,617,633,70,90,1,-1,-1,-1
641,296,1399,183,19,58,1,-1,-1,-1
641,295,1524,311,30,84,1,-1,-1,-1
641,294,883,565,56,145,1,-1,-1,-1
641,292,730,955,92,124,1,-1,-1,-1
641,278,832,510,42,137,1,-1,-1,-1
641,274,1589,455,51,121,1,-1,-1,-1
641,265,411,635,69,108,1,-1,-1,-1
641,256,1070,374,43,106,1,-1,-1,-1
641,255,877,520,35,134,1,-1,-1,-1
641,250,906,493,46,136,1,-1,-1,-1
641,249,1005,549,48,129,1,-1,-1,-1
641,221,753,478,48,138,1,-1,-1,-1
641,173,803,504,40,138,1,-1,-1,-1
641,124,575,652,104,45,1,-1,-1,-1
642,299,677,631,78,78,1,-1,-1,-1
642,298,617,634,70,90,1,-1,-1,-1
642,296,1399,182,19,58,1,-1,-1,-1
642,295,1525,310,30,84,1,-1,-1,-1
642,294,888,564,52,146,1,-1,-1,-1
642,292,728,956,94,123,1,-1,-1,-1
642,278,833,510,42,137,1,-1,-1,-1
642,274,1589,454,51,121,1,-1,-1,-1
642,265,411,635,69,108,1,-1,-1,-1
642,256,1074,373,40,106,1,-1,-1,-1
642,255,878,519,35,135,1,-1,-1,-1
642,250,906,495,48,132,1,-1,-1,-1
642,249,1007,550,48,130,1,-1,-1,-1
642,221,753,478,47,138,1,-1,-1,-1
642,173,803,503,41,139,1,-1,-1,-1
642,124,575,651,105,44,1,-1,-1,-1
643,304,1630,916,107,163,1,-1,-1,-1
643,299,678,631,78,78,1,-1,-1,-1
643,298,617,634,70,89,1,-1,-1,-1
643,296,1399,182,19,58,1,-1,-1,-1
643,295,1527,309,29,83,1,-1,-1,-1
643,294,893,564,47,146,1,-1,-1,-1
643,292,727,957,95,122,1,-1,-1,-1
643,278,834,509,41,137,1,-1,-1,-1
643,274,1589,454,52,120,1,-1,-1,-1
643,265,411,635,68,108,1,-1,-1,-1
643,256,1079,372,38,106,1,-1,-1,-1
643,255,878,519,35,135,1,-1,-1,-1
643,250,906,497,49,128,1,-1,-1,-1
643,249,1009,551,49,132,1,-1,-1,-1
643,221,752,477,47,138,1,-1,-1,-1
643,173,804,503,42,139,1,-1,-1,-1
643,124,575,651,105,44,1,-1,-1,-1
644,304,1618,906,101,173,1,-1,-1,-1
644,299,678,632,78,77,1,-1,-1,-1
644,298,617,635,70,87,1,-1,-1,-1
644,296,1399,181,19,58,1,-1,-1,-1
644,295,1529,308,28,83,1,-1,-1,-1
644,294,901,562,41,146,1,-1,-1,-1
644,292,725,958,98,121,1,-1,-1,-1
644,278,836,508,41,137,1,-1,-1,-1
644,274,1589,453,53,120,1,-1,-1,-1
644,265,411,634,68,108,1,-1,-1,-1
644,256,1086,371,34,106,1,-1,-1,-1
644,255,879,519,35,135,1,-1,-1,-1
644,250,906,501,51,120,1,-1,-1,-1
644,249,1013,553,50,134,1,-1,-1,-1
644,221,751,477,46,139,1,-1,-1,-1
644,173,806,502,43,139,1,-1,-1,-1
644,124,575,650,106,42,1,-1,-1,-1
645,304,1607,896,94,183,1,-1,-1,-1
645,299,678,632,78,77,1,-1,-1,-1
645,298,617,635,70,87,1,-1,-1,-1
645,296,1399,181,19,58,1,-1,-1,-1
645,295,1530,308,28,83,1,-1,-1,-1
645,294,901,562,42,147,1,-1,-1,-1
645,292,725,959,97,120,1,-1,-1,-1
645,278,836,508,41,137,1,-1,-1,-1
645,274,1589,453,53,120,1,-1,-1,-1
645,265,411,634,68,108,1,-1,-1,-1
645,256,1086,371,34,106,1,-1,-1,-1
645,255,879,519,35,135,1,-1,-1,-1
645,250,906,501,51,120,1,-1,-1,-1
645,249,1013,553,50,134,1,-1,-1,-1
645,221,751,478,46,139,1,-1,-1,-1
645,173,806,502,43,139,1,-1,-1,-1
645,124,575,650,106,43,1,-1,-1,-1
646,304,1594,886,92,193,1,-1,-1,-1
646,299,678,633,78,76,1,-1,-1,-1
646,298,617,634,72,87,1,-1,-1,-1
646,296,1399,181,19,58,1,-1,-1,-1
646,295,1531,307,30,84,1,-1,-1,-1
646,294,902,562,46,147,1,-1,-1,-1
646,292,725,961,96,118,1,-1,-1,-1
646,278,837,508,41,137,1,-1,-1,-1
646,274,1590,453,54,119,1,-1,-1,-1
646,265,411,634,68,107,1,-1,-1,-1
646,256,1087,371,36,106,1,-1,-1,-1
646,255,879,518,37,135,1,-1,-1,-1
646,250,907,501,49,120,1,-1,-1,-1
646,249,1016,555,51,134,1,-1,-1,-1
646,221,751,478,45,139,1,-1,-1,-1
646,173,807,502,43,139,1,-1,-1,-1
646,124,575,650,105,43,1,-1,-1,-1
647,304,1578,879,102,200,1,-1,-1,-1
647,299,679,633,77,76,1,-1,-1,-1
647,298,617,634,73,87,1,-1,-1,-1
647,296,1399,181,19,58,1,-1,-1,-1
647,295,1533,307,32,84,1,-1,-1,-1
647,294,902,561,49,147,1,-1,-1,-1
647,292,725,963,94,116,1,-1,-1,-1
647,278,838,508,41,137,1,-1,-1,-1
647,274,1590,453,55,119,1,-1,-1,-1
647,265,411,634,68,107,1,-1,-1,-1
647,256,1088,371,39,106,1,-1,-1,-1
647,255,878,518,38,136,1,-1,-1,-1
647,250,907,501,48,120,1,-1,-1,-1
647,249,1018,557,52,134,1,-1,-1,-1
647,221,750,479,45,139,1,-1,-1,-1
647,173,807,502,43,139,1,-1,-1,-1
647,124,574,650,104,44,1,-1,-1,-1
648,304,1563,877,114,202,1,-1,-1,-1
648,299,679,633,77,76,1,-1,-1,-1
648,298,616,634,75,87,1,-1,-1,-1
648,296,1399,180,19,58,1,-1,-1,-1
648,295,1534,307,34,84,1,-1,-1,-1
648,294,903,561,53,147,1,-1,-1,-1
648,292,726,965,92,114,1,-1,-1,-1
648,278,839,508,41,137,1,-1,-1,-1
648,274,1590,453,56,119,1,-1,-1,-1
648,265,411,634,68,107,1,-1,-1,-1
648,256,1089,371,41,105,1,-1,-1,-1
648,255,878,518,39,136,1,-1,-1,-1
648,250,908,501,46,120,1,-1,-1,-1
648,249,1020,559,53,134,1,-1,-1,-1
648,221,749,479,44,140,1,-1,-1,-1
648,173,808,502,43,139,1,-1,-1,-1
648,124,574,649,102,45,1,-1,-1,-1
649,304,1546,869,124,210,1,-1,-1,-1
649,299,680,634,77,75,1,-1,-1,-1
649,298,616,634,77,87,1,-1,-1,-1
649,296,1399,180,19,58,1,-1,-1,-1
649,295,1536,306,36,84,1,-1,-1,-1
649,294,904,561,57,147,1,-1,-1,-1
649,292,726,967,91,112,1,-1,-1,-1
649,278,839,508,41,138,1,-1,-1,-1
649,274,1590,453,57,118,1,-1,-1,-1
649,265,411,634,69,106,1,-1,-1,-1
649,256,1089,371,43,105,1,-1,-1,-1
649,255,877,518,40,136,1,-1,-1,-1
649,250,909,501,45,120,1,-1,-1,-1
649,249,1022,561,54,134,1,-1,-1,-1
649,221,749,480,44,140,1,-1,-1,-1
649,173,809,502,43,139,1,-1,-1,-1
649,124,574,649,101,46,1,-1,-1,-1
650,304,1530,868,121,201,1,-1,-1,-1
650,299,680,635,77,75,1,-1,-1,-1
650,298,616,633,80,87,1,-1,-1,-1
650,296,1399,180,20,58,1,-1,-1,-1
650,295,1539,305,40,85,1,-1,-1,-1
650,294,904,560,61,147,1,-1,-1,-1
650,292,726,969,89,110,1,-1,-1,-1
650,278,841,507,41,138,1,-1,-1,-1
650,274,1591,453,59,117,1,-1,-1,-1
650,265,411,635,69,105,1,-1,-1,-1
650,256,1091,370,47,105,1,-1,-1,-1
650,255,877,518,43,136,1,-1,-1,-1
650,250,910,501,42,120,1,-1,-1,-1
650,249,1026,565,56,134,1,-1,-1,-1
650,221,748,480,43,140,1,-1,-1,-1
650,173,810,502,43,138,1,-1,-1,-1
650,124,574,649,100,47,1,-1,-1,-1
651,304,1530,868,121,201,1,-1,-1,-1
651,299,680,635,77,75,1,-1,-1,-1
651,298,616,633,80,87,1,-1,-1,-1
651,296,1399,180,20,58,1,-1,-1,-1
651,295,1539,305,40,85,1,-1,-1,-1
651,294,905,560,65,148,1,-1,-1,-1
651,292,727,971,88,108,1,-1,-1,-1
651,278,841,507,41,138,1,-1,-1,-1
651,274,1591,453,59,117,1,-1,-1,-1
651,265,411,635,69,105,1,-1,-1,-1
651,256,1091,370,47,105,1,-1,-1,-1
651,255,877,518,42,136,1,-1,-1,-1
651,250,910,501,42,120,1,-1,-1,-1
651,249,1027,565,56,134,1,-1,-1,-1
651,221,747,481,42,140,1,-1,-1,-1
651,173,811,502,43,138,1,-1,-1,-1
651,124,574,649,99,48,1,-1,-1,-1
652,304,1512,856,113,214,1,-1,-1,-1
652,299,680,635,77,75,1,-1,-1,-1
652,298,616,633,78,87,1,-1,-1,-1
652,296,1399,180,19,58,1,-1,-1,-1
652,295,1541,305,38,84,1,-1,-1,-1
652,294,908,559,63,147,1,-1,-1,-1
652,292,728,972,85,107,1,-1,-1,-1
652,278,842,507,40,138,1,-1,-1,-1
652,274,1596,452,57,119,1,-1,-1,-1
652,265,410,636,69,104,1,-1,-1,-1
652,256,1095,370,45,105,1,-1,-1,-1
652,255,877,518,42,136,1,-1,-1,-1
652,250,909,501,42,122,1,-1,-1,-1
652,249,1029,568,55,133,1,-1,-1,-1
652,221,746,481,44,140,1,-1,-1,-1
652,173,811,501,44,138,1,-1,-1,-1
652,124,574,649,98,48,1,-1,-1,-1
653,304,1492,844,103,227,1,-1,-1,-1
653,299,680,634,76,74,1,-1,-1,-1
653,298,616,633,77,87,1,-1,-1,-1
653,296,1399,180,19,58,1,-1,-1,-1
653,295,1543,304,37,84,1,-1,-1,-1
653,294,910,558,61,147,1,-1,-1,-1
653,292,730,973,82,106,1,-1,-1,-1
653,278,844,507,39,138,1,-1,-1,-1
653,274,1600,451,55,120,1,-1,-1,-1
653,265,410,637,70,103,1,-1,-1,-1
653,256,1098,369,42,105,1,-1,-1,-1
653,255,878,518,41,137,1,-1,-1,-1
653,250,909,501,42,124,1,-1,-1,-1
653,249,1032,571,55,133,1,-1,-1,-1
653,221,744,481,45,140,1,-1,-1,-1
653,173,811,501,44,138,1,-1,-1,-1
653,124,574,649,97,49,1,-1,-1,-1
654,304,1481,838,104,222,1,-1,-1,-1
654,299,680,634,76,74,1,-1,-1,-1
654,298,617,633,76,87,1,-1,-1,-1
654,296,1399,180,19,58,1,-1,-1,-1
654,295,1545,304,35,84,1,-1,-1,-1
654,294,913,557,59,147,1,-1,-1,-1
654,292,732,974,80,105,1,-1,-1,-1
654,278,845,507,39,139,1,-1,-1,-1
654,274,1605,451,53,122,1,-1,-1,-1
654,265,410,638,70,102,1,-1,-1,-1
654,256,1102,368,39,105,1,-1,-1,-1
654,255,878,518,40,137,1,-1,-1,-1
654,250,908,501,42,126,1,-1,-1,-1
654,249,1035,574,54,132,1,-1,-1,-1
654,221,742,482,47,140,1,-1,-1,-1
654,173,811,501,45,138,1,-1,-1,-1
654,124,574,649,97,50,1,-1,-1,-1
655,304,1469,832,106,217,1,-1,-1,-1
655,299,679,634,76,74,1,-1,-1,-1
655,298,617,634,75,87,1,-1,-1,-1
655,296,1399,180,19,58,1,-1,-1,-1
655,295,1547,303,34,84,1,-1,-1,-1
655,294,916,557,57,146,1,-1,-1,-1
655,292,734,975,77,104,1,-1,-1,-1
655,278,847,507,38,139,1,-1,-1,-1
655,274,1610,450,51,123,1,-1,-1,-1
655,265,409,639,70,101,1,-1,-1,-1
655,256,1106,367,36,105,1,-1,-1,-1
655,255,879,518,39,137,1,-1,-1,-1
655,250,908,500,42,128,1,-1,-1,-1
655,249,1038,576,54,131,1,-1,-1,-1
655,221,740,482,48,139,1,-1,-1,-1
655,173,811,501,45,138,1,-1,-1,-1
655,124,574,649,96,51,1,-1,-1,-1
656,304,1457,825,107,211,1,-1,-1,-1
656,299,679,634,75,74,1,-1,-1,-1
656,298,617,634,74,87,1,-1,-1,-1
656,296,1400,180,18,58,1,-1,-1,-1
656,295,1549,303,32,84,1,-1,-1,-1
656,294,919,556,55,146,1,-1,-1,-1
656,292,736,976,74,103,1,-1,-1,-1
656,278,848,507,37,139,1,-1,-1,-1
656,274,1614,449,49,125,1,-1,-1,-1
656,265,409,641,71,100,1,-1,-1,-1
656,256,1109,366,34,105,1,-1,-1,-1
656,255,879,519,38,137,1,-1,-1,-1
656,250,907,500,42,130,1,-1,-1,-1
656,249,1041,579,53,130,1,-1,-1,-1
656,221,738,482,50,139,1,-1,-1,-1
656,173,811,501,46,138,1,-1,-1,-1
656,124,574,649,95,52,1,-1,-1,-1
657,304,1443,818,108,205,1,-1,-1,-1
657,299,679,634,75,73,1,-1,-1,-1
657,298,617,634,72,87,1,-1,-1,-1
657,296,1400,180,18,58,1,-1,-1,-1
657,295,1551,303,31,83,1,-1,-1,-1
657,294,922,555,53,146,1,-1,-1,-1
657,292,738,977,71,102,1,-1,-1,-1
657,278,850,507,36,139,1,-1,-1,-1
657,274,1620,448,47,126,1,-1,-1,-1
657,265,408,642,71,99,1,-1,-1,-1
657,256,1114,365,31,105,1,-1,-1,-1
657,255,880,519,37,138,1,-1,-1,-1
657,250,906,500,42,132,1,-1,-1,-1
657,249,1045,583,53,129,1,-1,-1,-1
657,221,736,483,52,139,1,-1,-1,-1
657,173,812,501,46,138,1,-1,-1,-1
657,124,574,649,94,53,1,-1,-1,-1
658,304,1435,813,107,206,1,-1,-1,-1
658,299,678,634,76,73,1,-1,-1,-1
658,298,617,634,73,87,1,-1,-1,-1
658,296,1400,180,18,58,1,-1,-1,-1
658,295,1552,303,31,83,1,-1,-1,-1
658,294,924,554,52,145,1,-1,-1,-1
658,292,735,977,74,102,1,-1,-1,-1
658,278,850,506,36,139,1,-1,-1,-1
658,274,1620,448,48,125,1,-1,-1,-1
658,265,408,642,71,99,1,-1,-1,-1
658,256,1115,365,33,104,1,-1,-1,-1
658,255,880,519,36,137,1,-1,-1,-1
658,250,907,500,41,132,1,-1,-1,-1
658,249,1047,585,54,130,1,-1,-1,-1
658,221,735,483,52,140,1,-1,-1,-1
658,173,811,500,48,138,1,-1,-1,-1
658,124,574,649,95,52,1,-1,-1,-1
659,304,1426,807,106,207,1,-1,-1,-1
659,299,676,634,78,73,1,-1,-1,-1
659,298,617,634,73,86,1,-1,-1,-1
659,296,1400,180,18,58,1,-1,-1,-1
659,295,1554,303,31,83,1,-1,-1,-1
659,294,927,554,51,145,1,-1,-1,-1
659,292,732,977,77,102,1,-1,-1,-1
659,278,851,506,36,139,1,-1,-1,-1
659,274,1621,449,51,124,1,-1,-1,-1
659,265,408,642,71,99,1,-1,-1,-1
659,256,1116,365,35,104,1,-1,-1,-1
659,255,881,519,35,137,1,-1,-1,-1
659,250,907,499,40,132,1,-1,-1,-1
659,249,1050,587,56,131,1,-1,-1,-1
659,221,735,483,51,140,1,-1,-1,-1
659,173,811,500,50,138,1,-1,-1,-1
659,124,574,649,97,50,1,-1,-1,-1
660,304,1417,801,105,207,1,-1,-1,-1
660,299,675,634,79,73,1,-1,-1,-1
660,298,617,635,74,86,1,-1,-1,-1
660,296,1400,180,18,58,1,-1,-1,-1
660,295,1556,302,32,83,1,-1,-1,-1
660,294,930,554,51,145,1,-1,-1,-1
660,292,728,978,80,101,1,-1,-1,-1
660,278,851,506,36,139,1,-1,-1,-1
660,274,1622,450,53,122,1,-1,-1,-1
660,265,409,643,71,98,1,-1,-1,-1
660,256,1117,365,37,104,1,-1,-1,-1
660,255,882,519,34,137,1,-1,-1,-1
660,250,908,499,39,133,1,-1,-1,-1
660,249,1053,589,58,133,1,-1,-1,-1
660,221,734,483,51,141,1,-1,-1,-1
660,173,811,500,52,139,1,-1,-1,-1
660,124,574,649,98,49,1,-1,-1,-1
661,304,1408,795,105,208,1,-1,-1,-1
661,299,673,634,81,73,1,-1,-1,-1
661,298,616,635,75,86,1,-1,-1,-1
661,296,1399,180,18,58,1,-1,-1,-1
661,295,1557,302,32,83,1,-1,-1,-1
661,294,933,553,50,145,1,-1,-1,-1
661,292,724,978,83,101,1,-1,-1,-1
661,278,851,506,36,138,1,-1,-1,-1
661,274,1622,451,55,121,1,-1,-1,-1
661,265,409,643,71,98,1,-1,-1,-1
661,256,1118,365,40,104,1,-1,-1,-1
661,255,883,519,33,137,1,-1,-1,-1
661,250,908,499,38,133,1,-1,-1,-1
661,249,1056,591,59,134,1,-1,-1,-1
661,221,733,483,51,142,1,-1,-1,-1
661,173,811,500,54,139,1,-1,-1,-1
661,124,574,649,100,47,1,-1,-1,-1
662,304,1400,789,104,209,1,-1,-1,-1
662,299,672,634,82,74,1,-1,-1,-1
662,298,616,635,76,85,1,-1,-1,-1
662,296,1399,180,18,58,1,-1,-1,-1
662,295,1559,302,32,83,1,-1,-1,-1
662,294,935,553,49,145,1,-1,-1,-1
662,292,720,979,86,100,1,-1,-1,-1
662,278,852,506,37,138,1,-1,-1,-1
662,274,1623,451,57,120,1,-1,-1,-1
662,265,409,643,71,98,1,-1,-1,-1
662,256,1119,365,42,103,1,-1,-1,-1
662,255,884,519,32,136,1,-1,-1,-1
662,250,909,499,37,133,1,-1,-1,-1
662,249,1059,594,61,135,1,-1,-1,-1
662,221,733,483,50,143,1,-1,-1,-1
662,173,810,500,56,139,1,-1,-1,-1
662,124,574,649,101,46,1,-1,-1,-1
663,304,1387,781,102,210,1,-1,-1,-1
663,299,670,634,84,74,1,-1,-1,-1
663,298,616,636,77,85,1,-1,-1,-1
663,296,1399,180,19,58,1,-1,-1,-1
663,295,1561,302,33,83,1,-1,-1,-1
663,294,939,552,48,144,1,-1,-1,-1
663,292,715,979,90,100,1,-1,-1,-1
663,278,852,505,37,138,1,-1,-1,-1
663,274,1624,452,60,118,1,-1,-1,-1
663,265,410,644,71,98,1,-1,-1,-1
663,256,1121,365,46,103,1,-1,-1,-1
663,255,885,520,31,136,1,-1,-1,-1
663,250,909,499,36,133,1,-1,-1,-1
663,249,1063,597,63,137,1,-1,-1,-1
663,221,732,483,50,144,1,-1,-1,-1
663,173,810,500,59,139,1,-1,-1,-1
663,124,574,649,104,44,1,-1,-1,-1
664,304,1381,778,101,209,1,-1,-1,-1
664,299,671,634,83,74,1,-1,-1,-1
664,298,616,636,77,85,1,-1,-1,-1
664,296,1399,180,19,58,1,-1,-1,-1
664,295,1561,302,32,83,1,-1,-1,-1
664,294,940,553,50,144,1,-1,-1,-1
664,292,714,979,92,100,1,-1,-1,-1
664,278,853,505,36,138,1,-1,-1,-1
664,274,1625,452,60,118,1,-1,-1,-1
664,265,410,644,71,98,1,-1,-1,-1
664,256,1123,364,44,103,1,-1,-1,-1
664,255,885,520,31,136,1,-1,-1,-1
664,250,909,498,36,133,1,-1,-1,-1
664,249,1065,597,63,138,1,-1,-1,-1
664,221,731,484,50,144,1,-1,-1,-1
664,173,810,500,58,139,1,-1,-1,-1
664,124,574,649,104,44,1,-1,-1,-1
665,304,1371,774,99,206,1,-1,-1,-1
665,299,672,633,82,74,1,-1,-1,-1
665,298,617,635,78,85,1,-1,-1,-1
665,296,1399,180,18,58,1,-1,-1,-1
665,295,1562,302,32,83,1,-1,-1,-1
665,294,940,553,52,144,1,-1,-1,-1
665,292,713,978,95,101,1,-1,-1,-1
665,278,855,506,35,138,1,-1,-1,-1
665,274,1626,452,60,118,1,-1,-1,-1
665,265,410,643,71,98,1,-1,-1,-1
665,256,1125,364,42,102,1,-1,-1,-1
665,255,885,520,31,136,1,-1,-1,-1
665,250,909,498,36,133,1,-1,-1,-1
665,249,1069,598,62,140,1,-1,-1,-1
665,221,731,484,49,144,1,-1,-1,-1
665,173,811,500,55,139,1,-1,-1,-1
665,124,574,648,104,44,1,-1,-1,-1
666,304,1361,769,97,204,1,-1,-1,-1
666,299,673,633,80,74,1,-1,-1,-1
666,298,617,635,78,85,1,-1,-1,-1
666,296,1399,180,18,58,1,-1,-1,-1
666,295,1564,301,31,83,1,-1,-1,-1
666,294,941,553,55,143,1,-1,-1,-1
666,292,713,978,98,101,1,-1,-1,-1
666,278,857,506,33,138,1,-1,-1,-1
666,274,1626,451,59,119,1,-1,-1,-1
666,265,410,643,71,98,1,-1,-1,-1
666,256,1128,364,40,102,1,-1,-1,-1
666,255,885,520,30,136,1,-1,-1,-1
666,250,908,498,37,134,1,-1,-1,-1
666,249,1073,599,61,142,1,-1,-1,-1
666,221,730,485,48,144,1,-1,-1,-1
666,173,811,500,53,139,1,-1,-1,-1
666,124,574,648,105,43,1,-1,-1,-1
667,304,1351,765,95,202,1,-1,-1,-1
667,299,675,633,79,74,1,-1,-1,-1
667,298,617,635,79,85,1,-1,-1,-1
667,296,1399,180,18,58,1,-1,-1,-1
667,295,1565,301,31,82,1,-1,-1,-1
667,294,941,553,58,143,1,-1,-1,-1
667,292,712,977,100,102,1,-1,-1,-1
667,278,859,506,32,138,1,-1,-1,-1
667,274,1627,451,59,119,1,-1,-1,-1
667,265,409,643,71,98,1,-1,-1,-1
667,256,1131,363,37,102,1,-1,-1,-1
667,255,885,520,30,136,1,-1,-1,-1
667,250,908,498,37,134,1,-1,-1,-1
667,249,1077,600,60,144,1,-1,-1,-1
667,221,729,485,47,144,1,-1,-1,-1
667,173,812,501,51,138,1,-1,-1,-1
667,124,574,648,105,43,1,-1,-1,-1
668,304,1341,760,93,200,1,-1,-1,-1
668,299,676,633,77,75,1,-1,-1,-1
668,298,617,635,79,85,1,-1,-1,-1
668,296,1399,180,18,58,1,-1,-1,-1
668,295,1566,301,30,82,1,-1,-1,-1
668,294,941,553,60,143,1,-1,-1,-1
668,292,711,977,103,102,1,-1,-1,-1
668,278,861,507,31,138,1,-1,-1,-1
668,274,1628,450,59,120,1,-1,-1,-1
668,265,409,643,71,98,1,-1,-1,-1
668,256,1133,363,35,101,1,-1,-1,-1
668,255,885,520,30,135,1,-1,-1,-1
668,250,907,498,37,134,1,-1,-1,-1
668,249,1081,601,59,146,1,-1,-1,-1
668,221,729,486,46,144,1,-1,-1,-1
668,173,812,501,48,138,1,-1,-1,-1
668,124,573,648,106,43,1,-1,-1,-1
669,304,1325,753,90,196,1,-1,-1,-1
669,299,678,632,75,75,1,-1,-1,-1
669,298,618,635,80,85,1,-1,-1,-1
669,296,1399,179,18,58,1,-1,-1,-1
669,295,1568,300,29,82,1,-1,-1,-1
669,294,942,554,65,142,1,-1,-1,-1
669,292,710,976,108,103,1,-1,-1,-1
669,278,864,507,29,138,1,-1,-1,-1
669,274,1629,450,58,120,1,-1,-1,-1
669,265,409,643,72,98,1,-1,-1,-1
669,256,1137,362,31,101,1,-1,-1,-1
669,255,885,520,30,135,1,-1,-1,-1
669,250,906,497,38,134,1,-1,-1,-1
669,249,1088,603,57,150,1,-1,-1,-1
669,221,728,487,45,144,1,-1,-1,-1
669,173,813,501,44,138,1,-1,-1,-1
669,124,573,647,106,42,1,-1,-1,-1
670,304,1322,752,90,194,1,-1,-1,-1
670,299,678,632,74,75,1,-1,-1,-1
670,298,617,635,80,85,1,-1,-1,-1
670,296,1398,179,18,58,1,-1,-1,-1
670,295,1568,300,29,82,1,-1,-1,-1
670,294,943,554,64,142,1,-1,-1,-1
670,292,711,976,107,103,1,-1,-1,-1
670,278,864,507,29,138,1,-1,-1,-1
670,274,1631,449,57,120,1,-1,-1,-1
670,265,409,643,72,98,1,-1,-1,-1
670,256,1138,362,31,101,1,-1,-1,-1
670,255,885,520,30,135,1,-1,-1,-1
670,250,906,497,38,134,1,-1,-1,-1
670,249,1089,604,57,150,1,-1,-1,-1
670,221,727,487,45,144,1,-1,-1,-1
670,173,812,501,44,138,1,-1,-1,-1
670,124,573,648,104,42,1,-1,-1,-1
671,304,1313,749,89,189,1,-1,-1,-1
671,299,678,632,74,75,1,-1,-1,-1
671,298,617,635,78,85,1,-1,-1,-1
671,296,1398,179,18,58,1,-1,-1,-1
671,295,1569,300,31,82,1,-1,-1,-1
671,294,944,554,63,142,1,-1,-1,-1
671,292,713,975,106,104,1,-1,-1,-1
671,278,864,507,28,137,1,-1,-1,-1
671,274,1636,449,54,121,1,-1,-1,-1
671,265,409,643,72,98,1,-1,-1,-1
671,256,1140,362,32,101,1,-1,-1,-1
671,255,884,521,31,135,1,-1,-1,-1
671,250,906,497,38,134,1,-1,-1,-1
671,249,1092,606,57,149,1,-1,-1,-1
671,221,724,488,47,143,1,-1,-1,-1
671,173,812,500,44,138,1,-1,-1,-1
671,124,573,648,96,43,1,-1,-1,-1
672,304,1305,746,89,184,1,-1,-1,-1
672,299,678,632,74,76,1,-1,-1,-1
672,298,616,635,77,85,1,-1,-1,-1
672,296,1398,179,19,58,1,-1,-1,-1
672,295,1570,299,32,82,1,-1,-1,-1
672,294,946,553,61,142,1,-1,-1,-1
672,292,715,974,104,105,1,-1,-1,-1
672,278,864,507,28,135,1,-1,-1,-1
672,274,1640,449,52,121,1,-1,-1,-1
672,265,408,642,72,98,1,-1,-1,-1
672,256,1142,361,32,102,1,-1,-1,-1
672,255,884,521,32,135,1,-1,-1,-1
672,250,905,497,38,134,1,-1,-1,-1
672,249,1095,609,57,148,1,-1,-1,-1
672,221,721,488,48,143,1,-1,-1,-1
672,173,812,500,44,139,1,-1,-1,-1
672,124,572,648,87,43,1,-1,-1,-1
673,304,1296,743,88,179,1,-1,-1,-1
673,299,678,632,74,76,1,-1,-1,-1
673,298,616,635,76,86,1,-1,-1,-1
673,296,1398,179,19,58,1,-1,-1,-1
673,295,1571,299,34,82,1,-1,-1,-1
673,294,947,553,59,142,1,-1,-1,-1
673,292,718,973,102,106,1,-1,-1,-1
673,278,864,507,28,134,1,-1,-1,-1
673,274,1645,448,49,122,1,-1,-1,-1
673,265,408,642,72,98,1,-1,-1,-1
673,256,1144,361,33,102,1,-1,-1,-1
673,255,883,521,33,135,1,-1,-1,-1
673,250,905,496,38,134,1,-1,-1,-1
673,249,1099,611,57,147,1,-1,-1,-1
673,221,718,489,50,142,1,-1,-1,-1
673,173,811,499,43,139,1,-1,-1,-1
673,124,571,649,79,43,1,-1,-1,-1
674,304,1288,740,88,174,1,-1,-1,-1
674,299,678,632,74,76,1,-1,-1,-1
674,298,615,635,74,86,1,-1,-1,-1
674,296,1397,178,19,58,1,-1,-1,-1
674,295,1573,299,35,82,1,-1,-1,-1
674,294,949,553,57,142,1,-1,-1,-1
674,292,720,972,100,107,1,-1,-1,-1
674,278,864,507,28,132,1,-1,-1,-1
674,274,1650,448,46,122,1,-1,-1,-1
674,265,408,642,72,98,1,-1,-1,-1
674,256,1145,360,33,102,1,-1,-1,-1
674,255,883,521,35,135,1,-1,-1,-1
674,250,904,496,38,134,1,-1,-1,-1
674,249,1102,614,57,146,1,-1,-1,-1
674,221,716,490,51,142,1,-1,-1,-1
674,173,811,498,43,139,1,-1,-1,-1
674,124,571,649,71,44,1,-1,-1,-1
675,304,1271,735,87,165,1,-1,-1,-1
675,299,677,631,73,76,1,-1,-1,-1
675,298,614,635,72,86,1,-1,-1,-1
675,296,1397,178,19,59,1,-1,-1,-1
675,295,1575,298,38,81,1,-1,-1,-1
675,294,950,553,55,142,1,-1,-1,-1
675,292,722,971,99,108,1,-1,-1,-1
675,278,864,507,27,130,1,-1,-1,-1
675,274,1659,447,41,123,1,-1,-1,-1
675,265,407,642,72,98,1,-1,-1,-1
675,256,1149,359,35,103,1,-1,-1,-1
675,255,882,521,37,135,1,-1,-1,-1
675,250,903,496,38,135,1,-1,-1,-1
675,249,1108,619,58,144,1,-1,-1,-1
675,221,713,491,53,141,1,-1,-1,-1
675,173,811,498,43,140,1,-1,-1,-1
675,124,570,649,63,44,1,-1,-1,-1
676,304,1271,734,87,165,1,-1,-1,-1
676,299,677,631,73,76,1,-1,-1,-1
676,298,614,635,72,86,1,-1,-1,-1
676,296,1397,178,19,59,1,-1,-1,-1
676,295,1575,298,38,81,1,-1,-1,-1
676,294,952,553,54,142,1,-1,-1,-1
676,292,725,971,97,108,1,-1,-1,-1
676,278,864,507,27,130,1,-1,-1,-1
676,274,1659,447,41,123,1,-1,-1,-1
676,265,407,642,72,98,1,-1,-1,-1
676,256,1149,359,35,103,1,-1,-1,-1
676,255,881,521,37,135,1,-1,-1,-1
676,250,903,496,38,135,1,-1,-1,-1
676,249,1108,619,58,144,1,-1,-1,-1
676,221,710,491,54,140,1,-1,-1,-1
676,173,810,497,42,140,1,-1,-1,-1
676,124,570,650,55,44,1,-1,-1,-1
677,304,1263,731,85,163,1,-1,-1,-1
677,299,675,631,74,76,1,-1,-1,-1
677,298,613,634,72,86,1,-1,-1,-1
677,296,1395,178,19,58,1,-1,-1,-1
677,295,1576,298,36,81,1,-1,-1,-1
677,294,955,552,53,142,1,-1,-1,-1
677,292,726,970,94,109,1,-1,-1,-1
677,278,863,507,28,130,1,-1,-1,-1
677,274,1659,447,42,123,1,-1,-1,-1
677,265,406,641,72,99,1,-1,-1,-1
677,256,1149,358,35,103,1,-1,-1,-1
677,255,880,520,41,135,1,-1,-1,-1
677,250,902,495,38,134,1,-1,-1,-1
677,249,1111,621,60,146,1,-1,-1,-1
677,221,708,492,53,141,1,-1,-1,-1
677,173,809,497,43,140,1,-1,-1,-1
677,124,568,651,56,44,1,-1,-1,-1
678,304,1256,728,84,162,1,-1,-1,-1
678,299,674,630,74,76,1,-1,-1,-1
678,298,612,634,72,86,1,-1,-1,-1
678,296,1394,178,19,58,1,-1,-1,-1
678,295,1577,297,34,81,1,-1,-1,-1
678,294,958,552,53,143,1,-1,-1,-1
678,292,727,969,90,110,1,-1,-1,-1
678,278,861,507,30,130,1,-1,-1,-1
678,274,1658,447,42,122,1,-1,-1,-1
678,265,405,641,72,99,1,-1,-1,-1
678,256,1148,357,34,103,1,-1,-1,-1
678,255,879,520,46,135,1,-1,-1,-1
678,250,901,495,38,134,1,-1,-1,-1
678,249,1113,624,62,148,1,-1,-1,-1
678,221,706,492,52,141,1,-1,-1,-1
678,173,808,497,43,140,1,-1,-1,-1
678,124,566,651,57,43,1,-1,-1,-1
679,304,1248,725,82,161,1,-1,-1,-1
679,299,672,629,74,76,1,-1,-1,-1
679,298,611,634,72,86,1,-1,-1,-1
679,296,1393,178,18,58,1,-1,-1,-1
679,295,1578,297,32,80,1,-1,-1,-1
679,294,961,551,52,143,1,-1,-1,-1
679,292,729,968,87,111,1,-1,-1,-1
679,278,859,507,31,130,1,-1,-1,-1
679,274,1658,446,43,122,1,-1,-1,-1
679,265,403,640,71,99,1,-1,-1,-1
679,256,1148,356,34,103,1,-1,-1,-1
679,255,878,520,50,135,1,-1,-1,-1
679,250,899,495,38,134,1,-1,-1,-1
679,249,1116,626,64,149,1,-1,-1,-1
679,221,704,493,51,142,1,-1,-1,-1
679,173,807,497,43,140,1,-1,-1,-1
679,124,565,652,57,42,1,-1,-1,-1
680,304,1241,722,80,160,1,-1,-1,-1
680,299,671,628,75,77,1,-1,-1,-1
680,298,610,633,72,86,1,-1,-1,-1
680,296,1392,177,18,58,1,-1,-1,-1
680,295,1579,296,30,80,1,-1,-1,-1
680,294,964,550,52,143,1,-1,-1,-1
680,292,730,967,84,112,1,-1,-1,-1
680,278,858,508,32,130,1,-1,-1,-1
680,274,1658,446,44,122,1,-1,-1,-1
680,265,402,640,71,100,1,-1,-1,-1
680,256,1148,356,34,102,1,-1,-1,-1
680,255,877,520,54,135,1,-1,-1,-1
680,250,898,495,39,134,1,-1,-1,-1
680,249,1119,628,66,151,1,-1,-1,-1
680,221,702,493,50,142,1,-1,-1,-1
680,173,806,497,43,140,1,-1,-1,-1
680,124,563,653,58,42,1,-1,-1,-1
681,304,1233,719,79,159,1,-1,-1,-1
681,299,669,628,75,77,1,-1,-1,-1
681,298,609,633,72,86,1,-1,-1,-1
681,296,1390,177,18,58,1,-1,-1,-1
681,295,1580,295,28,80,1,-1,-1,-1
681,294,967,550,51,143,1,-1,-1,-1
681,292,732,966,80,113,1,-1,-1,-1
681,278,856,508,33,130,1,-1,-1,-1
681,274,1657,446,45,121,1,-1,-1,-1
681,265,401,640,71,100,1,-1,-1,-1
681,256,1148,355,34,102,1,-1,-1,-1
681,255,876,520,59,135,1,-1,-1,-1
681,250,897,495,39,133,1,-1,-1,-1
681,249,1121,631,68,153,1,-1,-1,-1
681,221,700,493,49,142,1,-1,-1,-1
681,173,805,497,44,140,1,-1,-1,-1
681,124,561,654,59,41,1,-1,-1,-1
682,304,1225,715,77,157,1,-1,-1,-1
682,299,667,627,75,77,1,-1,-1,-1
682,298,607,633,72,86,1,-1,-1,-1
682,296,1389,177,18,58,1,-1,-1,-1
682,295,1581,295,26,79,1,-1,-1,-1
682,294,971,549,51,144,1,-1,-1,-1
682,292,734,964,76,115,1,-1,-1,-1
682,278,854,508,35,130,1,-1,-1,-1
682,274,1657,446,46,121,1,-1,-1,-1
682,265,400,639,71,100,1,-1,-1,-1
682,256,1147,354,34,102,1,-1,-1,-1
682,255,875,520,64,135,1,-1,-1,-1
682,250,896,495,39,133,1,-1,-1,-1
682,249,1124,634,71,155,1,-1,-1,-1
682,221,697,494,48,143,1,-1,-1,-1
682,173,804,497,44,140,1,-1,-1,-1
682,124,559,655,60,40,1,-1,-1,-1
683,304,1222,714,76,156,1,-1,-1,-1
683,299,667,626,76,77,1,-1,-1,-1
683,298,607,633,72,85,1,-1,-1,-1
683,296,1388,177,18,58,1,-1,-1,-1
683,295,1581,294,27,79,1,-1,-1,-1
683,294,971,549,51,144,1,-1,-1,-1
683,292,735,963,75,116,1,-1,-1,-1
683,278,853,509,35,130,1,-1,-1,-1
683,274,1657,446,49,121,1,-1,-1,-1
683,265,399,639,71,100,1,-1,-1,-1
683,256,1147,353,34,102,1,-1,-1,-1
683,255,875,520,64,135,1,-1,-1,-1
683,250,895,495,39,133,1,-1,-1,-1
683,249,1129,635,70,155,1,-1,-1,-1
683,221,695,494,48,142,1,-1,-1,-1
683,173,804,497,44,140,1,-1,-1,-1
683,124,557,656,67,40,1,-1,-1,-1
684,306,831,611,15,11,1,-1,-1,-1
684,304,1219,712,75,154,1,-1,-1,-1
684,299,666,626,76,78,1,-1,-1,-1
684,298,606,633,72,85,1,-1,-1,-1
684,296,1388,177,18,58,1,-1,-1,-1
684,295,1582,294,29,80,1,-1,-1,-1
684,294,972,549,52,144,1,-1,-1,-1
684,292,736,962,74,117,1,-1,-1,-1
684,278,852,509,36,130,1,-1,-1,-1
684,274,1657,445,53,121,1,-1,-1,-1
684,265,398,639,71,100,1,-1,-1,-1
684,256,1148,353,33,102,1,-1,-1,-1
684,255,876,519,64,135,1,-1,-1,-1
684,250,895,494,38,133,1,-1,-1,-1
684,249,1134,637,69,155,1,-1,-1,-1
684,221,693,494,49,142,1,-1,-1,-1
684,173,803,497,44,140,1,-1,-1,-1
684,124,555,657,76,39,1,-1,-1,-1
685,307,1728,938,76,140,1,-1,-1,-1
685,306,830,611,15,11,1,-1,-1,-1
685,304,1216,711,74,152,1,-1,-1,-1
685,299,665,625,76,79,1,-1,-1,-1
685,298,605,633,71,85,1,-1,-1,-1
685,296,1387,177,18,58,1,-1,-1,-1
685,295,1582,293,30,80,1,-1,-1,-1
685,294,972,548,53,144,1,-1,-1,-1
685,292,737,961,72,118,1,-1,-1,-1
685,278,851,510,37,130,1,-1,-1,-1
685,274,1657,445,57,120,1,-1,-1,-1
685,265,398,638,71,100,1,-1,-1,-1
685,256,1148,352,33,102,1,-1,-1,-1
685,255,876,519,65,135,1,-1,-1,-1
685,250,895,494,38,133,1,-1,-1,-1
685,249,1140,638,68,155,1,-1,-1,-1
685,221,691,494,50,142,1,-1,-1,-1
685,173,803,496,45,140,1,-1,-1,-1
685,124,552,657,84,38,1,-1,-1,-1
686,307,1709,932,79,146,1,-1,-1,-1
686,306,830,610,15,11,1,-1,-1,-1
686,304,1212,710,73,150,1,-1,-1,-1
686,299,664,624,76,80,1,-1,-1,-1
686,298,605,633,71,85,1,-1,-1,-1
686,296,1387,177,18,58,1,-1,-1,-1
686,295,1582,293,31,80,1,-1,-1,-1
686,294,972,548,54,144,1,-1,-1,-1
686,292,738,960,71,119,1,-1,-1,-1
686,278,850,510,38,130,1,-1,-1,-1
686,274,1657,445,60,120,1,-1,-1,-1
686,265,397,638,71,100,1,-1,-1,-1
686,256,1149,351,32,103,1,-1,-1,-1
686,255,876,518,65,135,1,-1,-1,-1
686,250,894,494,37,133,1,-1,-1,-1
686,249,1145,640,67,155,1,-1,-1,-1
686,221,688,494,50,142,1,-1,-1,-1
686,173,802,496,45,140,1,-1,-1,-1
686,124,550,658,93,38,1,-1,-1,-1
687,307,1690,927,83,152,1,-1,-1,-1
687,306,829,610,15,11,1,-1,-1,-1
687,304,1209,709,72,148,1,-1,-1,-1
687,299,663,623,77,81,1,-1,-1,-1
687,298,604,633,71,84,1,-1,-1,-1
687,296,1386,176,19,58,1,-1,-1,-1
687,295,1582,292,33,80,1,-1,-1,-1
687,294,973,548,55,144,1,-1,-1,-1
687,292,740,959,69,120,1,-1,-1,-1
687,278,848,511,39,130,1,-1,-1,-1
687,274,1657,444,64,120,1,-1,-1,-1
687,265,396,637,71,100,1,-1,-1,-1
687,256,1149,351,32,103,1,-1,-1,-1
687,255,876,518,65,135,1,-1,-1,-1
687,250,894,494,37,133,1,-1,-1,-1
687,249,1151,642,66,154,1,-1,-1,-1
687,221,686,494,51,141,1,-1,-1,-1
687,173,802,496,45,140,1,-1,-1,-1
687,124,547,659,102,37,1,-1,-1,-1
688,307,1663,918,88,161,1,-1,-1,-1
688,306,829,610,16,11,1,-1,-1,-1
688,304,1204,707,71,146,1,-1,-1,-1
688,299,661,622,77,82,1,-1,-1,-1
688,298,603,633,70,84,1,-1,-1,-1
688,296,1385,176,19,58,1,-1,-1,-1
688,295,1583,292,35,81,1,-1,-1,-1
688,294,973,547,57,144,1,-1,-1,-1
688,292,742,957,67,122,1,-1,-1,-1
688,278,847,512,40,129,1,-1,-1,-1
688,274,1657,443,70,120,1,-1,-1,-1
688,265,395,637,71,100,1,-1,-1,-1
688,256,1149,350,31,103,1,-1,-1,-1
688,255,877,517,66,135,1,-1,-1,-1
688,250,893,494,37,134,1,-1,-1,-1
688,249,1158,644,65,154,1,-1,-1,-1
688,221,682,494,52,141,1,-1,-1,-1
688,173,801,496,46,140,1,-1,-1,-1
688,124,544,661,114,37,1,-1,-1,-1
689,307,1655,914,87,165,1,-1,-1,-1
689,306,828,610,16,11,1,-1,-1,-1
689,304,1203,706,71,146,1,-1,-1,-1
689,299,661,622,77,82,1,-1,-1,-1
689,298,603,633,70,84,1,-1,-1,-1
689,296,1385,176,19,58,1,-1,-1,-1
689,295,1583,291,34,80,1,-1,-1,-1
689,294,974,547,56,143,1,-1,-1,-1
689,292,743,957,66,122,1,-1,-1,-1
689,278,846,512,41,130,1,-1,-1,-1
689,274,1657,443,69,120,1,-1,-1,-1
689,265,395,636,71,100,1,-1,-1,-1
689,256,1149,350,32,103,1,-1,-1,-1
689,255,876,517,66,135,1,-1,-1,-1
689,250,893,493,37,134,1,-1,-1,-1
689,249,1163,646,64,151,1,-1,-1,-1
689,221,681,495,52,141,1,-1,-1,-1
689,173,801,495,46,140,1,-1,-1,-1
689,124,541,660,116,37,1,-1,-1,-1
690,307,1642,907,87,172,1,-1,-1,-1
690,306,828,610,15,11,1,-1,-1,-1
690,304,1202,706,71,146,1,-1,-1,-1
690,299,660,622,78,82,1,-1,-1,-1
690,298,602,633,70,84,1,-1,-1,-1
690,296,1384,176,19,58,1,-1,-1,-1
690,295,1584,291,33,80,1,-1,-1,-1
690,294,977,546,53,143,1,-1,-1,-1
690,292,746,957,64,122,1,-1,-1,-1
690,278,845,512,42,131,1,-1,-1,-1
690,274,1658,443,68,120,1,-1,-1,-1
690,265,395,635,71,101,1,-1,-1,-1
690,256,1149,350,32,103,1,-1,-1,-1
690,255,875,517,66,135,1,-1,-1,-1
690,250,892,493,37,134,1,-1,-1,-1
690,249,1170,649,61,146,1,-1,-1,-1
690,221,680,495,52,140,1,-1,-1,-1
690,173,800,495,45,140,1,-1,-1,-1
690,124,536,660,120,38,1,-1,-1,-1
691,307,1629,899,87,180,1,-1,-1,-1
691,306,827,610,15,11,1,-1,-1,-1
691,304,1200,705,71,146,1,-1,-1,-1
691,299,659,621,78,82,1,-1,-1,-1
691,298,602,633,70,84,1,-1,-1,-1
691,296,1383,175,19,58,1,-1,-1,-1
691,295,1585,290,32,80,1,-1,-1,-1
691,294,979,545,51,143,1,-1,-1,-1
691,292,750,956,62,123,1,-1,-1,-1
691,278,843,513,42,131,1,-1,-1,-1
691,274,1658,442,67,121,1,-1,-1,-1
691,265,394,634,70,102,1,-1,-1,-1
691,256,1148,349,33,103,1,-1,-1,-1
691,255,874,517,66,134,1,-1,-1,-1
691,250,892,493,37,134,1,-1,-1,-1
691,249,1178,652,59,141,1,-1,-1,-1
691,221,678,496,52,139,1,-1,-1,-1
691,173,799,495,45,140,1,-1,-1,-1
691,124,531,659,124,39,1,-1,-1,-1
692,307,1616,892,87,187,1,-1,-1,-1
692,306,827,609,15,11,1,-1,-1,-1
692,304,1198,704,70,146,1,-1,-1,-1
692,299,658,621,78,82,1,-1,-1,-1
692,298,602,633,70,84,1,-1,-1,-1
692,296,1383,175,19,58,1,-1,-1,-1
692,295,1586,290,31,80,1,-1,-1,-1
692,294,981,544,48,143,1,-1,-1,-1
692,292,753,956,60,123,1,-1,-1,-1
692,278,842,513,43,132,1,-1,-1,-1
692,274,1659,442,66,121,1,-1,-1,-1
692,265,394,633,70,103,1,-1,-1,-1
692,256,1148,349,34,102,1,-1,-1,-1
692,255,873,517,66,134,1,-1,-1,-1
692,250,892,493,38,133,1,-1,-1,-1
692,249,1185,655,56,135,1,-1,-1,-1
692,221,676,496,52,138,1,-1,-1,-1
692,173,799,495,45,140,1,-1,-1,-1
692,124,527,659,128,40,1,-1,-1,-1
693,307,1603,884,86,195,1,-1,-1,-1
693,306,826,609,15,11,1,-1,-1,-1
693,304,1196,703,70,146,1,-1,-1,-1
693,299,657,620,79,82,1,-1,-1,-1
693,298,601,633,70,84,1,-1,-1,-1
693,296,1382,175,19,58,1,-1,-1,-1
693,295,1586,290,31,80,1,-1,-1,-1
693,294,984,543,46,143,1,-1,-1,-1
693,292,756,955,58,124,1,-1,-1,-1
693,278,840,514,44,133,1,-1,-1,-1
693,274,1659,441,66,122,1,-1,-1,-1
693,265,393,632,70,104,1,-1,-1,-1
693,256,1147,349,35,102,1,-1,-1,-1
693,255,872,517,65,134,1,-1,-1,-1
693,250,891,493,38,133,1,-1,-1,-1
693,249,1193,659,54,130,1,-1,-1,-1
693,221,674,497,51,138,1,-1,-1,-1
693,173,798,495,45,140,1,-1,-1,-1
693,124,522,658,132,41,1,-1,-1,-1
694,307,1580,871,86,208,1,-1,-1,-1
694,304,1193,702,70,146,1,-1,-1,-1
694,299,656,620,79,83,1,-1,-1,-1
694,298,601,633,70,83,1,-1,-1,-1
694,296,1381,174,19,58,1,-1,-1,-1
694,295,1588,289,29,79,1,-1,-1,-1
694,294,987,542,42,143,1,-1,-1,-1
694,292,761,955,55,124,1,-1,-1,-1
694,278,838,515,45,134,1,-1,-1,-1
694,274,1660,440,64,122,1,-1,-1,-1
694,265,392,631,69,106,1,-1,-1,-1
694,256,1146,348,36,102,1,-1,-1,-1
694,255,871,517,65,133,1,-1,-1,-1
694,250,890,493,39,133,1,-1,-1,-1
694,249,1206,664,50,121,1,-1,-1,-1
694,221,671,498,51,136,1,-1,-1,-1
694,173,797,495,45,140,1,-1,-1,-1
694,124,514,658,138,42,1,-1,-1,-1
695,307,1576,870,87,207,1,-1,-1,-1
695,304,1193,702,70,146,1,-1,-1,-1
695,299,656,620,79,82,1,-1,-1,-1
695,298,601,633,70,83,1,-1,-1,-1
695,296,1381,174,19,58,1,-1,-1,-1
695,295,1588,289,30,80,1,-1,-1,-1
695,294,988,542,42,143,1,-1,-1,-1
695,292,761,954,55,125,1,-1,-1,-1
695,278,838,515,45,134,1,-1,-1,-1
695,274,1661,440,63,122,1,-1,-1,-1
695,265,392,630,69,107,1,-1,-1,-1
695,256,1146,348,36,102,1,-1,-1,-1
695,255,870,517,65,133,1,-1,-1,-1
695,250,890,493,39,133,1,-1,-1,-1
695,249,1207,665,51,123,1,-1,-1,-1
695,221,671,498,51,136,1,-1,-1,-1
695,173,796,495,45,140,1,-1,-1,-1
695,124,514,658,136,42,1,-1,-1,-1
696,307,1561,865,89,205,1,-1,-1,-1
696,304,1192,701,71,148,1,-1,-1,-1
696,299,655,621,79,82,1,-1,-1,-1
696,298,600,633,70,83,1,-1,-1,-1
696,296,1380,174,19,58,1,-1,-1,-1
696,295,1589,288,32,80,1,-1,-1,-1
696,294,990,542,43,142,1,-1,-1,-1
696,292,762,954,57,125,1,-1,-1,-1
696,278,836,515,44,135,1,-1,-1,-1
696,274,1663,440,58,123,1,-1,-1,-1
696,265,393,626,68,110,1,-1,-1,-1
696,256,1146,347,35,102,1,-1,-1,-1
696,255,870,517,64,133,1,-1,-1,-1
696,250,890,493,39,133,1,-1,-1,-1
696,249,1213,668,54,129,1,-1,-1,-1
696,221,670,499,52,136,1,-1,-1,-1
696,173,796,495,45,140,1,-1,-1,-1
696,124,513,658,129,41,1,-1,-1,-1
697,307,1546,860,91,203,1,-1,-1,-1
697,304,1192,700,72,150,1,-1,-1,-1
697,299,655,621,79,81,1,-1,-1,-1
697,298,600,634,70,83,1,-1,-1,-1
697,296,1380,174,18,58,1,-1,-1,-1
697,295,1590,288,34,81,1,-1,-1,-1
697,294,992,542,44,142,1,-1,-1,-1
697,292,762,954,58,125,1,-1,-1,-1
697,278,835,515,44,135,1,-1,-1,-1
697,274,1665,439,54,123,1,-1,-1,-1
697,265,393,622,67,114,1,-1,-1,-1
697,256,1145,347,34,102,1,-1,-1,-1
697,255,869,517,63,133,1,-1,-1,-1
697,250,890,493,39,134,1,-1,-1,-1
697,249,1218,671,56,135,1,-1,-1,-1
697,221,669,499,52,135,1,-1,-1,-1
697,173,796,494,45,140,1,-1,-1,-1
697,124,513,658,123,40,1,-1,-1,-1
698,307,1531,855,94,201,1,-1,-1,-1
698,304,1191,699,73,151,1,-1,-1,-1
698,299,655,622,79,81,1,-1,-1,-1
698,298,599,634,70,82,1,-1,-1,-1
698,296,1380,174,18,58,1,-1,-1,-1
698,295,1591,287,36,81,1,-1,-1,-1
698,294,994,542,46,141,1,-1,-1,-1
698,292,763,953,60,126,1,-1,-1,-1
698,278,833,515,43,136,1,-1,-1,-1
698,274,1666,438,50,123,1,-1,-1,-1
698,265,393,619,66,118,1,-1,-1,-1
698,256,1144,346,34,101,1,-1,-1,-1
698,255,869,517,61,133,1,-1,-1,-1
698,250,890,493,39,134,1,-1,-1,-1
698,249,1223,674,59,141,1,-1,-1,-1
698,221,668,500,53,135,1,-1,-1,-1
698,173,795,494,44,140,1,-1,-1,-1
698,124,512,658,116,39,1,-1,-1,-1
699,307,1516,850,96,199,1,-1,-1,-1
699,304,1191,698,73,153,1,-1,-1,-1
699,299,654,623,79,80,1,-1,-1,-1
699,298,599,634,70,82,1,-1,-1,-1
699,296,1379,174,18,58,1,-1,-1,-1
699,295,1592,286,38,82,1,-1,-1,-1
699,294,996,542,47,141,1,-1,-1,-1
699,292,764,953,62,126,1,-1,-1,-1
699,278,832,515,42,136,1,-1,-1,-1
699,274,1668,438,46,123,1,-1,-1,-1
699,265,393,615,65,121,1,-1,-1,-1
699,256,1143,345,33,101,1,-1,-1,-1
699,255,868,517,60,133,1,-1,-1,-1
699,250,889,493,40,134,1,-1,-1,-1
699,249,1228,677,62,148,1,-1,-1,-1
699,221,667,501,53,134,1,-1,-1,-1
699,173,795,494,44,140,1,-1,-1,-1
699,124,512,658,110,38,1,-1,-1,-1
700,307,1488,841,101,196,1,-1,-1,-1
700,304,1190,697,75,156,1,-1,-1,-1
700,299,654,624,79,79,1,-1,-1,-1
700,298,598,634,70,81,1,-1,-1,-1
700,296,1378,174,18,58,1,-1,-1,-1
700,295,1594,285,41,83,1,-1,-1,-1
700,294,997,542,48,141,1,-1,-1,-1
700,292,764,952,63,127,1,-1,-1,-1
700,278,829,515,41,137,1,-1,-1,-1
700,274,1672,437,37,124,1,-1,-1,-1
700,265,394,608,62,128,1,-1,-1,-1
700,256,1142,344,31,101,1,-1,-1,-1
700,255,867,517,58,133,1,-1,-1,-1
700,250,889,493,40,134,1,-1,-1,-1
700,249,1239,683,67,159,1,-1,-1,-1
700,221,666,502,54,133,1,-1,-1,-1
700,173,795,493,44,140,1,-1,-1,-1
700,124,512,658,103,37,1,-1,-1,-1
701,307,1487,841,101,196,1,-1,-1,-1
701,304,1190,697,75,156,1,-1,-1,-1
701,299,654,624,79,79,1,-1,-1,-1
701,298,598,634,70,81,1,-1,-1,-1
701,296,1378,174,18,58,1,-1,-1,-1
701,295,1594,285,41,83,1,-1,-1,-1
701,294,999,541,49,140,1,-1,-1,-1
701,292,765,952,65,127,1,-1,-1,-1
701,278,829,515,41,137,1,-1,-1,-1
701,274,1672,437,37,124,1,-1,-1,-1
701,265,394,608,62,128,1,-1,-1,-1
701,256,1142,344,31,101,1,-1,-1,-1
701,255,867,517,57,133,1,-1,-1,-1
701,250,889,493,40,134,1,-1,-1,-1
701,249,1239,683,67,160,1,-1,-1,-1
701,221,665,502,54,133,1,-1,-1,-1
701,173,794,493,44,140,1,-1,-1,-1
701,124,511,658,97,36,1,-1,-1,-1
702,307,1478,836,99,193,1,-1,-1,-1
702,304,1189,698,76,156,1,-1,-1,-1
702,299,653,625,79,78,1,-1,-1,-1
702,298,597,634,71,81,1,-1,-1,-1
702,296,1377,173,18,58,1,-1,-1,-1
702,295,1596,285,40,83,1,-1,-1,-1
702,294,999,541,51,140,1,-1,-1,-1
702,292,766,952,65,127,1,-1,-1,-1
702,278,827,515,41,137,1,-1,-1,-1
702,274,1671,436,37,124,1,-1,-1,-1
702,265,394,605,60,131,1,-1,-1,-1
702,256,1140,343,32,101,1,-1,-1,-1
702,255,866,516,53,134,1,-1,-1,-1
702,250,888,493,41,133,1,-1,-1,-1
702,249,1246,685,67,163,1,-1,-1,-1
702,221,662,503,55,135,1,-1,-1,-1
702,173,793,493,42,140,1,-1,-1,-1
702,124,510,658,97,35,1,-1,-1,-1
703,307,1470,831,97,190,1,-1,-1,-1
703,304,1189,699,77,156,1,-1,-1,-1
703,299,652,625,79,77,1,-1,-1,-1
703,298,596,634,71,81,1,-1,-1,-1
703,296,1376,173,18,57,1,-1,-1,-1
703,295,1597,284,38,82,1,-1,-1,-1
703,294,999,541,52,140,1,-1,-1,-1
703,292,767,951,64,128,1,-1,-1,-1
703,278,825,516,42,137,1,-1,-1,-1
703,274,1670,435,38,124,1,-1,-1,-1
703,265,394,602,58,134,1,-1,-1,-1
703,256,1139,343,33,101,1,-1,-1,-1
703,255,865,516,49,134,1,-1,-1,-1
703,250,887,493,42,133,1,-1,-1,-1
703,249,1253,686,67,167,1,-1,-1,-1
703,221,659,503,56,137,1,-1,-1,-1
703,173,792,493,40,140,1,-1,-1,-1
703,124,509,658,97,35,1,-1,-1,-1
704,307,1461,826,95,187,1,-1,-1,-1
704,304,1189,700,78,157,1,-1,-1,-1
704,299,651,626,79,76,1,-1,-1,-1
704,298,595,634,71,81,1,-1,-1,-1
704,296,1376,173,18,57,1,-1,-1,-1
704,295,1599,284,37,82,1,-1,-1,-1
704,294,999,540,53,140,1,-1,-1,-1
704,292,768,951,64,128,1,-1,-1,-1
704,278,823,516,43,138,1,-1,-1,-1
704,274,1669,434,38,124,1,-1,-1,-1
704,265,395,598,56,137,1,-1,-1,-1
704,256,1137,342,33,101,1,-1,-1,-1
704,255,864,516,44,134,1,-1,-1,-1
704,250,887,493,43,133,1,-1,-1,-1
704,249,1260,688,68,170,1,-1,-1,-1
704,221,656,504,56,140,1,-1,-1,-1
704,173,791,492,38,140,1,-1,-1,-1
704,124,507,658,98,34,1,-1,-1,-1
705,307,1452,822,93,184,1,-1,-1,-1
705,304,1189,701,78,157,1,-1,-1,-1
705,299,651,626,78,75,1,-1,-1,-1
705,298,594,634,71,81,1,-1,-1,-1
705,296,1375,172,18,57,1,-1,-1,-1
705,295,1601,283,36,82,1,-1,-1,-1
705,294,999,540,55,140,1,-1,-1,-1
705,292,769,951,63,128,1,-1,-1,-1
705,278,822,516,44,138,1,-1,-1,-1
705,274,1668,433,38,125,1,-1,-1,-1
705,265,395,595,54,140,1,-1,-1,-1
705,256,1136,342,34,100,1,-1,-1,-1
705,255,863,515,40,135,1,-1,-1,-1
705,250,886,493,44,132,1,-1,-1,-1
705,249,1267,690,68,174,1,-1,-1,-1
705,221,652,504,57,142,1,-1,-1,-1
705,173,789,492,36,140,1,-1,-1,-1
705,124,506,659,98,34,1,-1,-1,-1
706,307,1443,817,91,180,1,-1,-1,-1
706,304,1189,702,79,157,1,-1,-1,-1
706,299,650,626,78,74,1,-1,-1,-1
706,298,593,634,71,81,1,-1,-1,-1
706,296,1374,172,18,57,1,-1,-1,-1
706,295,1602,283,34,82,1,-1,-1,-1
706,294,999,540,56,140,1,-1,-1,-1
706,292,770,951,63,128,1,-1,-1,-1
706,278,820,517,44,138,1,-1,-1,-1
706,274,1668,432,38,125,1,-1,-1,-1
706,265,396,592,52,143,1,-1,-1,-1
706,256,1134,341,35,100,1,-1,-1,-1
706,255,862,515,36,135,1,-1,-1,-1
706,250,885,493,45,132,1,-1,-1,-1
706,249,1274,692,68,177,1,-1,-1,-1
706,221,649,505,58,144,1,-1,-1,-1
706,173,788,492,34,140,1,-1,-1,-1
706,124,505,659,98,34,1,-1,-1,-1
707,307,1433,812,89,177,1,-1,-1,-1
707,304,1188,704,80,157,1,-1,-1,-1
707,299,649,627,78,73,1,-1,-1,-1
707,298,592,633,71,82,1,-1,-1,-1
707,296,1373,171,18,57,1,-1,-1,-1
707,295,1604,282,32,81,1,-1,-1,-1
707,294,999,539,58,141,1,-1,-1,-1
707,292,771,950,62,129,1,-1,-1,-1
707,278,817,517,45,139,1,-1,-1,-1
707,274,1666,431,38,125,1,-1,-1,-1
707,265,396,588,50,146,1,-1,-1,-1
707,256,1132,341,35,100,1,-1,-1,-1
707,255,861,514,31,135,1,-1,-1,-1
707,250,884,493,46,131,1,-1,-1,-1
707,249,1282,694,68,182,1,-1,-1,-1
707,221,645,505,59,147,1,-1,-1,-1
707,173,787,492,31,140,1,-1,-1,-1
707,124,503,659,98,33,1,-1,-1,-1
708,307,1428,809,88,176,1,-1,-1,-1
708,304,1190,704,80,158,1,-1,-1,-1
708,299,648,626,78,74,1,-1,-1,-1
708,298,591,633,71,82,1,-1,-1,-1
708,296,1372,171,18,57,1,-1,-1,-1
708,295,1604,282,33,81,1,-1,-1,-1
708,294,999,538,58,140,1,-1,-1,-1
708,292,770,950,65,129,1,-1,-1,-1
708,278,816,517,45,139,1,-1,-1,-1
708,274,1665,431,39,124,1,-1,-1,-1
708,265,395,586,50,147,1,-1,-1,-1
708,256,1131,340,35,100,1,-1,-1,-1
708,255,860,514,31,135,1,-1,-1,-1
708,250,883,493,46,131,1,-1,-1,-1
708,249,1287,696,68,181,1,-1,-1,-1
708,221,643,506,58,147,1,-1,-1,-1
708,173,786,491,31,141,1,-1,-1,-1
708,124,502,659,98,33,1,-1,-1,-1
709,307,1421,806,86,174,1,-1,-1,-1
709,304,1193,705,79,158,1,-1,-1,-1
709,299,647,625,78,74,1,-1,-1,-1
709,298,589,632,71,82,1,-1,-1,-1
709,296,1370,170,18,57,1,-1,-1,-1
709,295,1604,281,33,81,1,-1,-1,-1
709,294,1000,537,58,140,1,-1,-1,-1
709,292,768,949,69,130,1,-1,-1,-1
709,278,814,518,45,139,1,-1,-1,-1
709,274,1664,430,39,122,1,-1,-1,-1
709,265,394,584,50,149,1,-1,-1,-1
709,256,1129,339,35,100,1,-1,-1,-1
709,255,859,513,31,135,1,-1,-1,-1
709,250,882,492,47,131,1,-1,-1,-1
709,249,1294,697,67,180,1,-1,-1,-1
709,221,640,506,57,147,1,-1,-1,-1
709,173,785,490,31,141,1,-1,-1,-1
709,124,501,659,99,32,1,-1,-1,-1
710,307,1414,802,85,172,1,-1,-1,-1
710,304,1195,706,78,158,1,-1,-1,-1
710,299,645,625,77,74,1,-1,-1,-1
710,298,588,631,71,82,1,-1,-1,-1
710,296,1369,170,18,57,1,-1,-1,-1
710,295,1603,281,33,80,1,-1,-1,-1
710,294,1001,536,59,140,1,-1,-1,-1
710,292,767,949,72,130,1,-1,-1,-1
710,278,812,518,45,139,1,-1,-1,-1
710,274,1663,430,39,121,1,-1,-1,-1
710,265,393,582,50,150,1,-1,-1,-1
710,256,1128,337,35,100,1,-1,-1,-1
710,255,858,513,31,135,1,-1,-1,-1
710,250,881,492,47,131,1,-1,-1,-1
710,249,1300,699,66,179,1,-1,-1,-1
710,221,637,506,56,147,1,-1,-1,-1
710,173,784,489,31,141,1,-1,-1,-1
710,124,499,658,99,32,1,-1,-1,-1
711,307,1408,799,84,170,1,-1,-1,-1
711,304,1197,707,78,158,1,-1,-1,-1
711,299,644,624,77,75,1,-1,-1,-1
711,298,586,631,71,82,1,-1,-1,-1
711,296,1368,169,18,57,1,-1,-1,-1
711,295,1603,280,33,80,1,-1,-1,-1
711,294,1002,535,59,140,1,-1,-1,-1
711,292,765,948,76,131,1,-1,-1,-1
711,278,810,518,45,139,1,-1,-1,-1
711,274,1661,429,39,120,1,-1,-1,-1
711,265,392,580,50,152,1,-1,-1,-1
711,256,1126,336,34,100,1,-1,-1,-1
711,255,857,512,31,135,1,-1,-1,-1
711,250,880,491,48,131,1,-1,-1,-1
711,249,1307,701,65,179,1,-1,-1,-1
711,221,635,507,55,147,1,-1,-1,-1
711,173,782,489,31,141,1,-1,-1,-1
711,124,498,658,99,31,1,-1,-1,-1
712,307,1401,796,83,169,1,-1,-1,-1
712,304,1200,708,77,159,1,-1,-1,-1
712,299,643,623,77,75,1,-1,-1,-1
712,298,585,630,71,82,1,-1,-1,-1
712,296,1366,169,18,57,1,-1,-1,-1
712,295,1602,279,34,80,1,-1,-1,-1
712,294,1003,534,59,140,1,-1,-1,-1
712,292,764,948,79,131,1,-1,-1,-1
712,278,808,518,45,139,1,-1,-1,-1
712,274,1660,429,40,118,1,-1,-1,-1
712,265,391,578,49,154,1,-1,-1,-1
712,256,1125,335,34,99,1,-1,-1,-1
712,255,855,512,30,135,1,-1,-1,-1
712,250,879,491,48,131,1,-1,-1,-1
712,249,1314,703,64,178,1,-1,-1,-1
712,221,632,507,55,147,1,-1,-1,-1
712,173,781,488,32,142,1,-1,-1,-1
712,124,497,658,99,31,1,-1,-1,-1
713,307,1392,791,81,166,1,-1,-1,-1
713,304,1203,709,76,159,1,-1,-1,-1
713,299,641,622,76,76,1,-1,-1,-1
713,298,583,629,70,82,1,-1,-1,-1
713,296,1364,168,18,58,1,-1,-1,-1
713,295,1602,278,34,79,1,-1,-1,-1
713,294,1004,532,59,140,1,-1,-1,-1
713,292,761,947,85,132,1,-1,-1,-1
713,278,806,518,44,139,1,-1,-1,-1
713,274,1658,428,40,116,1,-1,-1,-1
713,265,390,575,49,156,1,-1,-1,-1
713,256,1123,333,34,99,1,-1,-1,-1
713,255,854,511,30,135,1,-1,-1,-1
713,250,878,491,49,131,1,-1,-1,-1
713,249,1323,705,63,177,1,-1,-1,-1
713,221,628,508,53,147,1,-1,-1,-1
713,173,780,487,32,142,1,-1,-1,-1
713,124,495,658,99,31,1,-1,-1,-1
714,307,1389,790,81,167,1,-1,-1,-1
714,304,1206,710,75,159,1,-1,-1,-1
714,299,640,621,76,76,1,-1,-1,-1
714,298,582,628,70,82,1,-1,-1,-1
714,296,1363,167,18,58,1,-1,-1,-1
714,295,1601,278,34,79,1,-1,-1,-1
714,294,1004,531,59,140,1,-1,-1,-1
714,292,760,946,85,133,1,-1,-1,-1
714,278,804,518,44,139,1,-1,-1,-1
714,274,1657,427,41,116,1,-1,-1,-1
714,265,389,574,50,156,1,-1,-1,-1
714,256,1121,333,34,99,1,-1,-1,-1
714,255,853,510,31,135,1,-1,-1,-1
714,250,877,490,49,131,1,-1,-1,-1
714,249,1326,707,64,176,1,-1,-1,-1
714,221,626,507,53,147,1,-1,-1,-1
714,173,778,486,32,142,1,-1,-1,-1
714,124,493,657,99,30,1,-1,-1,-1
715,307,1384,787,80,168,1,-1,-1,-1
715,304,1211,713,73,159,1,-1,-1,-1
715,299,639,620,75,76,1,-1,-1,-1
715,298,580,627,70,82,1,-1,-1,-1
715,296,1361,167,18,57,1,-1,-1,-1
715,295,1599,277,34,79,1,-1,-1,-1
715,294,1004,530,59,141,1,-1,-1,-1
715,292,758,946,85,133,1,-1,-1,-1
715,278,801,517,45,139,1,-1,-1,-1
715,274,1655,426,42,116,1,-1,-1,-1
715,265,387,573,51,157,1,-1,-1,-1
715,256,1118,331,35,99,1,-1,-1,-1
715,255,851,509,31,135,1,-1,-1,-1
715,250,875,489,50,131,1,-1,-1,-1
715,249,1331,710,66,176,1,-1,-1,-1
715,221,623,507,53,147,1,-1,-1,-1
715,173,776,485,33,142,1,-1,-1,-1
715,124,492,656,99,30,1,-1,-1,-1
716,307,1379,784,79,170,1,-1,-1,-1
716,304,1216,715,71,159,1,-1,-1,-1
716,299,637,619,75,76,1,-1,-1,-1
716,298,577,626,70,82,1,-1,-1,-1
716,296,1360,166,17,57,1,-1,-1,-1
716,295,1598,276,34,79,1,-1,-1,-1
716,294,1003,528,58,141,1,-1,-1,-1
716,292,756,945,86,134,1,-1,-1,-1
716,278,798,515,45,139,1,-1,-1,-1
716,274,1653,425,43,116,1,-1,-1,-1
716,265,385,572,52,157,1,-1,-1,-1
716,256,1116,330,36,100,1,-1,-1,-1
716,255,848,508,32,134,1,-1,-1,-1
716,250,873,488,50,131,1,-1,-1,-1
716,249,1336,713,68,175,1,-1,-1,-1
716,221,620,506,52,146,1,-1,-1,-1
716,173,773,484,34,142,1,-1,-1,-1
716,124,490,655,99,30,1,-1,-1,-1
717,307,1374,781,78,171,1,-1,-1,-1
717,304,1221,718,69,159,1,-1,-1,-1
717,299,636,619,74,75,1,-1,-1,-1
717,298,575,625,70,82,1,-1,-1,-1
717,296,1358,165,17,57,1,-1,-1,-1
717,295,1596,274,33,79,1,-1,-1,-1
717,294,1003,527,57,142,1,-1,-1,-1
717,292,754,945,87,134,1,-1,-1,-1
717,278,795,514,45,139,1,-1,-1,-1
717,274,1651,424,44,116,1,-1,-1,-1
717,265,383,571,53,158,1,-1,-1,-1
717,256,1113,329,37,100,1,-1,-1,-1
717,255,846,507,33,134,1,-1,-1,-1
717,250,871,488,51,131,1,-1,-1,-1
717,249,1341,715,70,174,1,-1,-1,-1
717,221,616,506,52,146,1,-1,-1,-1
717,173,771,483,34,142,1,-1,-1,-1
717,124,488,654,99,30,1,-1,-1,-1
718,307,1369,778,78,172,1,-1,-1,-1
718,304,1227,720,66,159,1,-1,-1,-1
718,299,634,618,74,75,1,-1,-1,-1
718,298,573,624,70,82,1,-1,-1,-1
718,296,1356,164,17,57,1,-1,-1,-1
718,295,1594,273,33,79,1,-1,-1,-1
718,294,1003,525,57,142,1,-1,-1,-1
718,292,752,944,87,135,1,-1,-1,-1
718,278,792,513,45,139,1,-1,-1,-1
718,274,1649,422,45,116,1,-1,-1,-1
718,265,381,570,54,158,1,-1,-1,-1
718,256,1110,328,37,100,1,-1,-1,-1
718,255,844,507,34,134,1,-1,-1,-1
718,250,869,487,52,132,1,-1,-1,-1
718,249,1346,718,73,173,1,-1,-1,-1
718,221,613,506,51,146,1,-1,-1,-1
718,173,768,482,35,142,1,-1,-1,-1
718,124,486,653,99,30,1,-1,-1,-1
719,307,1360,773,76,175,1,-1,-1,-1
719,304,1235,724,63,159,1,-1,-1,-1
719,299,632,616,73,75,1,-1,-1,-1
719,298,569,622,70,82,1,-1,-1,-1
719,296,1353,162,17,57,1,-1,-1,-1
719,295,1591,271,33,79,1,-1,-1,-1
719,294,1002,523,56,143,1,-1,-1,-1
719,292,748,943,88,136,1,-1,-1,-1
719,278,787,512,46,139,1,-1,-1,-1
719,274,1646,420,47,117,1,-1,-1,-1
719,265,377,568,56,159,1,-1,-1,-1
719,256,1106,326,39,100,1,-1,-1,-1
719,255,841,505,35,134,1,-1,-1,-1
719,250,865,485,52,132,1,-1,-1,-1
719,249,1354,723,76,172,1,-1,-1,-1
719,221,608,505,51,145,1,-1,-1,-1
719,173,764,480,36,141,1,-1,-1,-1
719,124,482,652,99,30,1,-1,-1,-1
720,307,1359,772,76,176,1,-1,-1,-1
720,304,1236,725,63,159,1,-1,-1,-1
720,299,631,616,73,75,1,-1,-1,-1
720,298,568,622,70,82,1,-1,-1,-1
720,296,1352,162,17,57,1,-1,-1,-1
720,295,1592,271,32,79,1,-1,-1,-1
720,294,1002,523,55,143,1,-1,-1,-1
720,292,748,943,88,136,1,-1,-1,-1
720,278,786,512,46,140,1,-1,-1,-1
720,274,1646,420,47,116,1,-1,-1,-1
720,265,377,568,56,159,1,-1,-1,-1
720,256,1105,326,39,100,1,-1,-1,-1
720,255,840,505,34,134,1,-1,-1,-1
720,250,865,485,52,132,1,-1,-1,-1
720,249,1356,723,75,173,1,-1,-1,-1
720,221,607,505,51,145,1,-1,-1,-1
720,173,763,480,36,141,1,-1,-1,-1
720,124,482,652,99,30,1,-1,-1,-1
721,307,1358,771,74,179,1,-1,-1,-1
721,304,1237,728,64,160,1,-1,-1,-1
721,299,630,616,73,75,1,-1,-1,-1
721,298,567,622,70,83,1,-1,-1,-1
721,296,1350,162,18,57,1,-1,-1,-1
721,295,1592,271,30,79,1,-1,-1,-1
721,294,1001,522,54,143,1,-1,-1,-1
721,292,745,944,88,135,1,-1,-1,-1
721,278,783,512,46,141,1,-1,-1,-1
721,274,1644,420,47,116,1,-1,-1,-1
721,265,376,568,54,160,1,-1,-1,-1
721,256,1102,326,38,99,1,-1,-1,-1
721,255,839,505,34,134,1,-1,-1,-1
721,250,864,485,51,132,1,-1,-1,-1
721,249,1362,725,73,177,1,-1,-1,-1
721,221,603,506,52,145,1,-1,-1,-1
721,173,760,480,37,141,1,-1,-1,-1
721,124,480,651,99,30,1,-1,-1,-1
722,307,1356,770,73,182,1,-1,-1,-1
722,304,1239,731,65,161,1,-1,-1,-1
722,299,628,615,73,75,1,-1,-1,-1
722,298,565,621,70,83,1,-1,-1,-1
722,296,1347,161,19,57,1,-1,-1,-1
722,295,1593,270,28,79,1,-1,-1,-1
722,294,1001,521,53,142,1,-1,-1,-1
722,292,743,944,88,135,1,-1,-1,-1
722,278,780,513,46,141,1,-1,-1,-1
722,274,1643,419,47,116,1,-1,-1,-1
722,265,375,567,52,160,1,-1,-1,-1
722,256,1100,325,38,99,1,-1,-1,-1
722,255,837,504,33,134,1,-1,-1,-1
722,250,862,485,50,133,1,-1,-1,-1
722,249,1368,727,70,180,1,-1,-1,-1
722,221,600,507,53,146,1,-1,-1,-1
722,173,758,480,37,141,1,-1,-1,-1
722,124,478,651,98,30,1,-1,-1,-1
723,307,1354,769,72,185,1,-1,-1,-1
723,304,1241,733,65,163,1,-1,-1,-1
723,299,626,615,73,75,1,-1,-1,-1
723,298,563,621,70,83,1,-1,-1,-1
723,296,1345,161,20,56,1,-1,-1,-1
723,295,1594,270,27,79,1,-1,-1,-1
723,294,1000,521,51,142,1,-1,-1,-1
723,292,740,944,87,135,1,-1,-1,-1
723,278,778,513,46,142,1,-1,-1,-1
723,274,1642,418,47,116,1,-1,-1,-1
723,265,374,567,51,160,1,-1,-1,-1
723,256,1097,325,38,98,1,-1,-1,-1
723,255,836,504,32,134,1,-1,-1,-1
723,250,861,485,49,133,1,-1,-1,-1
723,249,1375,729,67,184,1,-1,-1,-1
723,221,597,508,55,146,1,-1,-1,-1
723,173,756,480,38,140,1,-1,-1,-1
723,124,476,651,98,30,1,-1,-1,-1
724,307,1352,768,70,188,1,-1,-1,-1
724,304,1242,736,66,164,1,-1,-1,-1
724,299,625,615,73,75,1,-1,-1,-1
724,298,561,621,70,83,1,-1,-1,-1
724,296,1342,160,21,56,1,-1,-1,-1
724,295,1595,269,25,79,1,-1,-1,-1
724,294,999,520,50,142,1,-1,-1,-1
724,292,738,944,87,135,1,-1,-1,-1
724,278,775,513,46,143,1,-1,-1,-1
724,274,1640,418,47,115,1,-1,-1,-1
724,265,373,567,49,161,1,-1,-1,-1
724,256,1095,325,38,97,1,-1,-1,-1
724,255,834,504,31,134,1,-1,-1,-1
724,250,860,485,48,134,1,-1,-1,-1
724,249,1381,731,65,187,1,-1,-1,-1
724,221,594,508,56,146,1,-1,-1,-1
724,173,753,480,38,140,1,-1,-1,-1
724,124,474,650,98,30,1,-1,-1,-1
725,307,1348,767,68,194,1,-1,-1,-1
725,304,1245,741,68,166,1,-1,-1,-1
725,299,621,614,73,74,1,-1,-1,-1
725,298,557,620,70,83,1,-1,-1,-1
725,296,1338,160,23,56,1,-1,-1,-1
725,295,1596,268,21,79,1,-1,-1,-1
725,294,998,520,48,142,1,-1,-1,-1
725,292,736,945,87,134,1,-1,-1,-1
725,278,769,514,46,144,1,-1,-1,-1
725,274,1638,417,47,115,1,-1,-1,-1
725,265,370,567,46,162,1,-1,-1,-1
725,256,1090,324,37,96,1,-1,-1,-1
725,255,831,503,30,134,1,-1,-1,-1
725,250,857,485,46,134,1,-1,-1,-1
725,249,1393,735,59,194,1,-1,-1,-1
725,221,591,509,57,146,1,-1,-1,-1
725,173,751,480,39,140,1,-1,-1,-1
725,124,472,650,98,30,1,-1,-1,-1
726,307,1348,767,68,194,1,-1,-1,-1
726,304,1245,741,68,166,1,-1,-1,-1
726,299,621,614,73,74,1,-1,-1,-1
726,298,557,620,70,83,1,-1,-1,-1
726,296,1338,160,23,56,1,-1,-1,-1
726,295,1596,268,21,79,1,-1,-1,-1
726,294,997,519,47,142,1,-1,-1,-1
726,292,733,945,87,134,1,-1,-1,-1
726,278,769,514,46,144,1,-1,-1,-1
726,274,1638,416,47,115,1,-1,-1,-1
726,265,370,567,46,162,1,-1,-1,-1
726,256,1090,324,37,96,1,-1,-1,-1
726,255,831,503,30,134,1,-1,-1,-1
726,250,857,485,46,134,1,-1,-1,-1
726,249,1393,736,60,194,1,-1,-1,-1
726,221,587,510,58,146,1,-1,-1,-1
726,173,748,480,39,140,1,-1,-1,-1
726,124,471,650,97,30,1,-1,-1,-1
727,307,1348,770,70,192,1,-1,-1,-1
727,304,1250,745,69,169,1,-1,-1,-1
727,299,621,614,73,75,1,-1,-1,-1
727,298,557,620,70,84,1,-1,-1,-1
727,296,1338,159,22,56,1,-1,-1,-1
727,295,1596,268,22,79,1,-1,-1,-1
727,294,998,518,46,142,1,-1,-1,-1
727,292,731,945,87,134,1,-1,-1,-1
727,278,767,515,46,144,1,-1,-1,-1
727,274,1640,416,45,115,1,-1,-1,-1
727,265,370,567,46,161,1,-1,-1,-1
727,256,1088,324,36,97,1,-1,-1,-1
727,255,830,503,30,134,1,-1,-1,-1
727,250,856,485,45,135,1,-1,-1,-1
727,249,1399,740,62,193,1,-1,-1,-1
727,221,586,512,57,145,1,-1,-1,-1
727,173,747,480,40,140,1,-1,-1,-1
727,124,470,649,98,31,1,-1,-1,-1
728,307,1348,773,71,190,1,-1,-1,-1
728,304,1255,749,70,171,1,-1,-1,-1
728,299,621,614,72,75,1,-1,-1,-1
728,298,556,619,70,84,1,-1,-1,-1
728,296,1339,159,22,56,1,-1,-1,-1
728,295,1595,267,22,79,1,-1,-1,-1
728,294,998,518,45,142,1,-1,-1,-1
728,292,729,944,87,134,1,-1,-1,-1
728,278,765,515,46,143,1,-1,-1,-1
728,274,1642,416,43,115,1,-1,-1,-1
728,265,369,567,45,161,1,-1,-1,-1
728,256,1087,323,35,97,1,-1,-1,-1
728,255,829,503,30,134,1,-1,-1,-1
728,250,855,485,44,135,1,-1,-1,-1
728,249,1405,745,64,193,1,-1,-1,-1
728,221,584,513,56,144,1,-1,-1,-1
728,173,746,479,41,140,1,-1,-1,-1
728,124,469,649,98,31,1,-1,-1,-1
729,307,1347,777,73,188,1,-1,-1,-1
729,304,1260,753,71,174,1,-1,-1,-1
729,299,620,614,72,75,1,-1,-1,-1
729,298,555,619,70,84,1,-1,-1,-1
729,296,1339,159,21,57,1,-1,-1,-1
729,295,1595,267,23,79,1,-1,-1,-1
729,294,999,517,45,142,1,-1,-1,-1
729,292,727,944,87,135,1,-1,-1,-1
729,278,763,515,46,143,1,-1,-1,-1
729,274,1645,415,41,116,1,-1,-1,-1
729,265,369,567,44,161,1,-1,-1,-1
729,256,1085,322,33,98,1,-1,-1,-1
729,255,828,502,30,134,1,-1,-1,-1
729,250,854,485,43,136,1,-1,-1,-1
729,249,1411,749,66,192,1,-1,-1,-1
729,221,583,515,55,143,1,-1,-1,-1
729,173,744,479,42,140,1,-1,-1,-1
729,124,469,649,98,31,1,-1,-1,-1
730,307,1347,780,74,186,1,-1,-1,-1
730,304,1264,756,72,177,1,-1,-1,-1
730,299,620,614,72,75,1,-1,-1,-1
730,298,554,619,70,84,1,-1,-1,-1
730,296,1340,158,20,57,1,-1,-1,-1
730,295,1594,267,23,79,1,-1,-1,-1
730,294,1000,516,44,142,1,-1,-1,-1
730,292,726,944,87,135,1,-1,-1,-1
730,278,761,515,46,142,1,-1,-1,-1
730,274,1647,415,39,116,1,-1,-1,-1
730,265,368,567,44,161,1,-1,-1,-1
730,256,1084,322,32,98,1,-1,-1,-1
730,255,828,502,30,134,1,-1,-1,-1
730,250,854,485,42,136,1,-1,-1,-1
730,249,1417,754,68,191,1,-1,-1,-1
730,221,581,516,54,142,1,-1,-1,-1
730,173,743,479,43,140,1,-1,-1,-1
730,124,468,649,98,31,1,-1,-1,-1
731,307,1347,783,76,184,1,-1,-1,-1
731,304,1269,760,73,180,1,-1,-1,-1
731,299,619,614,72,75,1,-1,-1,-1
731,298,554,618,69,84,1,-1,-1,-1
731,296,1340,158,20,57,1,-1,-1,-1
731,295,1594,266,23,79,1,-1,-1,-1
731,294,1000,515,43,142,1,-1,-1,-1
731,292,724,943,87,135,1,-1,-1,-1
731,278,758,516,47,142,1,-1,-1,-1
731,274,1649,414,37,116,1,-1,-1,-1
731,265,368,567,43,160,1,-1,-1,-1
731,256,1083,321,31,98,1,-1,-1,-1
731,255,827,502,30,134,1,-1,-1,-1
731,250,853,485,41,137,1,-1,-1,-1
731,249,1422,758,69,190,1,-1,-1,-1
731,221,580,518,53,141,1,-1,-1,-1
731,173,742,478,43,140,1,-1,-1,-1
731,124,468,649,99,31,1,-1,-1,-1
732,307,1347,787,78,182,1,-1,-1,-1
732,304,1274,764,75,183,1,-1,-1,-1
732,299,619,614,72,76,1,-1,-1,-1
732,298,553,618,69,84,1,-1,-1,-1
732,296,1341,157,19,57,1,-1,-1,-1
732,295,1593,266,24,80,1,-1,-1,-1
732,294,1001,514,42,143,1,-1,-1,-1
732,292,721,943,88,135,1,-1,-1,-1
732,278,756,516,47,141,1,-1,-1,-1
732,274,1652,414,35,117,1,-1,-1,-1
732,265,367,568,42,160,1,-1,-1,-1
732,256,1081,320,29,99,1,-1,-1,-1
732,255,826,502,30,135,1,-1,-1,-1
732,250,852,485,39,137,1,-1,-1,-1
732,249,1429,764,72,190,1,-1,-1,-1
732,221,578,520,52,140,1,-1,-1,-1
732,173,740,478,44,141,1,-1,-1,-1
732,124,467,648,99,31,1,-1,-1,-1
733,307,1352,789,76,181,1,-1,-1,-1
733,304,1278,768,76,184,1,-1,-1,-1
733,299,619,613,71,75,1,-1,-1,-1
733,298,553,618,68,84,1,-1,-1,-1
733,296,1341,157,18,57,1,-1,-1,-1
733,295,1593,265,25,80,1,-1,-1,-1
733,294,1002,514,43,142,1,-1,-1,-1
733,292,721,943,88,135,1,-1,-1,-1
733,278,756,516,47,142,1,-1,-1,-1
733,274,1652,413,37,117,1,-1,-1,-1
733,265,367,568,43,160,1,-1,-1,-1
733,256,1080,320,29,99,1,-1,-1,-1
733,255,826,501,30,134,1,-1,-1,-1
733,250,852,485,39,137,1,-1,-1,-1
733,249,1435,767,73,188,1,-1,-1,-1
733,221,577,521,52,137,1,-1,-1,-1
733,173,741,477,44,141,1,-1,-1,-1
733,124,467,648,99,31,1,-1,-1,-1
734,307,1358,790,73,179,1,-1,-1,-1
734,304,1282,772,78,186,1,-1,-1,-1
734,299,619,613,71,75,1,-1,-1,-1
734,298,553,617,68,84,1,-1,-1,-1
734,296,1342,157,18,57,1,-1,-1,-1
734,295,1593,265,27,79,1,-1,-1,-1
734,294,1003,513,45,141,1,-1,-1,-1
734,292,720,943,88,135,1,-1,-1,-1
734,278,755,516,46,142,1,-1,-1,-1
734,274,1651,412,40,117,1,-1,-1,-1
734,265,367,567,45,160,1,-1,-1,-1
734,256,1080,319,29,99,1,-1,-1,-1
734,255,826,501,30,134,1,-1,-1,-1
734,250,851,485,39,137,1,-1,-1,-1
734,249,1441,771,75,186,1,-1,-1,-1
734,221,576,523,51,135,1,-1,-1,-1
734,173,743,477,42,141,1,-1,-1,-1
734,124,467,648,99,31,1,-1,-1,-1
735,307,1364,791,71,178,1,-1,-1,-1
735,304,1286,776,79,188,1,-1,-1,-1
735,299,619,613,71,75,1,-1,-1,-1
735,298,553,617,67,84,1,-1,-1,-1
735,296,1343,157,17,58,1,-1,-1,-1
735,295,1593,265,29,79,1,-1,-1,-1
735,294,1004,513,47,141,1,-1,-1,-1
735,292,719,943,88,135,1,-1,-1,-1
735,278,755,517,46,143,1,-1,-1,-1
735,274,1651,412,43,117,1,-1,-1,-1
735,265,366,567,47,159,1,-1,-1,-1
735,256,1079,319,29,99,1,-1,-1,-1
735,255,826,501,30,134,1,-1,-1,-1
735,250,851,485,38,136,1,-1,-1,-1
735,249,1447,775,76,185,1,-1,-1,-1
735,221,575,524,50,132,1,-1,-1,-1
735,173,745,476,41,142,1,-1,-1,-1
735,124,467,648,99,31,1,-1,-1,-1
736,307,1370,793,68,176,1,-1,-1,-1
736,304,1290,780,80,189,1,-1,-1,-1
736,299,619,613,71,75,1,-1,-1,-1
736,298,553,617,66,84,1,-1,-1,-1
736,296,1344,156,16,58,1,-1,-1,-1
736,295,1592,264,30,79,1,-1,-1,-1
736,294,1005,513,49,140,1,-1,-1,-1
736,292,719,943,88,136,1,-1,-1,-1
736,278,754,517,45,144,1,-1,-1,-1
736,274,1651,411,46,117,1,-1,-1,-1
736,265,366,567,49,159,1,-1,-1,-1
736,256,1079,319,29,99,1,-1,-1,-1
736,255,826,500,30,134,1,-1,-1,-1
736,250,851,485,38,136,1,-1,-1,-1
736,249,1454,779,78,183,1,-1,-1,-1
736,221,574,526,50,129,1,-1,-1,-1
736,173,746,475,40,142,1,-1,-1,-1
736,124,467,647,98,31,1,-1,-1,-1
737,307,1375,794,66,175,1,-1,-1,-1
737,304,1294,784,82,191,1,-1,-1,-1
737,299,619,612,71,75,1,-1,-1,-1
737,298,554,617,65,85,1,-1,-1,-1
737,296,1345,156,15,58,1,-1,-1,-1
737,295,1592,264,32,79,1,-1,-1,-1
737,294,1006,512,51,140,1,-1,-1,-1
737,292,718,943,88,136,1,-1,-1,-1
737,278,754,517,45,145,1,-1,-1,-1
737,274,1650,410,49,117,1,-1,-1,-1
737,265,366,567,51,159,1,-1,-1,-1
737,256,1078,318,29,99,1,-1,-1,-1
737,255,826,500,30,134,1,-1,-1,-1
737,250,851,485,38,136,1,-1,-1,-1
737,249,1460,783,80,181,1,-1,-1,-1
737,221,573,528,49,127,1,-1,-1,-1
737,173,748,474,39,143,1,-1,-1,-1
737,124,467,647,98,31,1,-1,-1,-1
738,307,1384,796,62,173,1,-1,-1,-1
738,304,1299,790,84,193,1,-1,-1,-1
738,299,619,612,70,74,1,-1,-1,-1
738,298,554,617,64,85,1,-1,-1,-1
738,296,1346,156,14,58,1,-1,-1,-1
738,295,1592,263,35,79,1,-1,-1,-1
738,294,1008,512,53,139,1,-1,-1,-1
738,292,717,943,89,136,1,-1,-1,-1
738,278,754,518,44,146,1,-1,-1,-1
738,274,1650,409,53,117,1,-1,-1,-1
738,265,366,567,54,158,1,-1,-1,-1
738,256,1078,317,29,99,1,-1,-1,-1
738,255,827,500,30,134,1,-1,-1,-1
738,250,851,485,38,135,1,-1,-1,-1
738,249,1469,789,82,179,1,-1,-1,-1
738,221,572,530,48,123,1,-1,-1,-1
738,173,750,473,38,143,1,-1,-1,-1
738,124,466,647,98,31,1,-1,-1,-1
739,307,1387,799,63,173,1,-1,-1,-1
739,304,1301,793,85,192,1,-1,-1,-1
739,299,619,612,70,74,1,-1,-1,-1
739,298,554,617,64,84,1,-1,-1,-1
739,296,1346,155,15,58,1,-1,-1,-1
739,295,1591,263,34,79,1,-1,-1,-1
739,294,1008,512,53,139,1,-1,-1,-1
739,292,716,942,88,136,1,-1,-1,-1
739,278,753,518,44,146,1,-1,-1,-1
739,274,1650,409,52,117,1,-1,-1,-1
739,265,366,567,55,158,1,-1,-1,-1
739,256,1077,317,30,99,1,-1,-1,-1
739,255,826,500,30,134,1,-1,-1,-1
739,250,851,485,38,135,1,-1,-1,-1
739,249,1472,791,82,181,1,-1,-1,-1
739,221,572,532,48,118,1,-1,-1,-1
739,173,750,473,38,143,1,-1,-1,-1
739,124,466,647,98,31,1,-1,-1,-1
740,307,1392,803,64,174,1,-1,-1,-1
740,304,1305,798,86,191,1,-1,-1,-1
740,299,619,612,70,74,1,-1,-1,-1
740,298,553,617,65,84,1,-1,-1,-1
740,296,1346,155,16,58,1,-1,-1,-1
740,295,1590,263,34,79,1,-1,-1,-1
740,294,1009,512,53,139,1,-1,-1,-1
740,292,715,942,87,137,1,-1,-1,-1
740,278,753,519,43,146,1,-1,-1,-1
740,274,1651,410,51,117,1,-1,-1,-1
740,265,366,567,56,158,1,-1,-1,-1
740,256,1076,317,30,99,1,-1,-1,-1
740,255,826,499,31,134,1,-1,-1,-1
740,250,850,485,38,135,1,-1,-1,-1
740,249,1478,795,81,186,1,-1,-1,-1
740,221,572,535,47,110,1,-1,-1,-1
740,173,750,473,38,142,1,-1,-1,-1
740,124,466,646,98,31,1,-1,-1,-1
741,307,1397,807,65,175,1,-1,-1,-1
741,304,1308,803,87,189,1,-1,-1,-1
741,299,619,612,70,74,1,-1,-1,-1
741,298,553,617,65,84,1,-1,-1,-1
741,296,1345,155,17,58,1,-1,-1,-1
741,295,1590,263,33,80,1,-1,-1,-1
741,294,1009,512,53,139,1,-1,-1,-1
741,292,714,942,86,137,1,-1,-1,-1
741,278,752,519,43,146,1,-1,-1,-1
741,274,1651,410,49,116,1,-1,-1,-1
741,265,367,567,58,158,1,-1,-1,-1
741,256,1075,317,31,98,1,-1,-1,-1
741,255,826,499,31,135,1,-1,-1,-1
741,250,850,485,38,134,1,-1,-1,-1
741,249,1483,799,81,190,1,-1,-1,-1
741,221,571,539,47,102,1,-1,-1,-1
741,173,749,473,39,142,1,-1,-1,-1
741,124,465,646,98,31,1,-1,-1,-1
742,307,1401,812,66,177,1,-1,-1,-1
742,304,1311,809,89,187,1,-1,-1,-1
742,299,619,612,70,74,1,-1,-1,-1
742,298,553,617,65,83,1,-1,-1,-1
742,296,1345,155,18,58,1,-1,-1,-1
742,295,1589,263,33,80,1,-1,-1,-1
742,294,1010,512,53,139,1,-1,-1,-1
742,292,713,941,85,138,1,-1,-1,-1
742,278,752,519,43,147,1,-1,-1,-1
742,274,1652,410,48,116,1,-1,-1,-1
742,265,367,567,59,157,1,-1,-1,-1
742,256,1074,317,31,98,1,-1,-1,-1
742,255,825,499,31,135,1,-1,-1,-1
742,250,849,485,39,134,1,-1,-1,-1
742,249,1488,802,80,194,1,-1,-1,-1
742,221,571,542,47,94,1,-1,-1,-1
742,173,749,473,39,141,1,-1,-1,-1
742,124,465,646,98,32,1,-1,-1,-1
743,307,1406,816,67,178,1,-1,-1,-1
743,304,1315,814,90,186,1,-1,-1,-1
743,299,619,612,69,74,1,-1,-1,-1
743,298,552,617,66,83,1,-1,-1,-1
743,296,1344,155,19,58,1,-1,-1,-1
743,295,1588,262,32,80,1,-1,-1,-1
743,294,1010,512,53,139,1,-1,-1,-1
743,292,712,941,85,138,1,-1,-1,-1
743,278,752,520,43,147,1,-1,-1,-1
743,274,1652,411,46,116,1,-1,-1,-1
743,265,367,567,61,157,1,-1,-1,-1
743,256,1073,317,32,98,1,-1,-1,-1
743,255,825,499,31,135,1,-1,-1,-1
743,250,849,485,39,133,1,-1,-1,-1
743,249,1494,806,79,199,1,-1,-1,-1
743,221,570,546,46,86,1,-1,-1,-1
743,173,748,473,39,140,1,-1,-1,-1
743,124,464,646,98,32,1,-1,-1,-1
744,307,1414,823,68,180,1,-1,-1,-1
744,304,1320,823,92,183,1,-1,-1,-1
744,299,618,612,69,74,1,-1,-1,-1
744,298,552,618,66,83,1,-1,-1,-1
744,296,1344,155,21,58,1,-1,-1,-1
744,295,1587,262,31,80,1,-1,-1,-1
744,294,1011,512,53,139,1,-1,-1,-1
744,292,711,940,83,139,1,-1,-1,-1
744,278,751,521,42,148,1,-1,-1,-1
744,274,1653,411,44,115,1,-1,-1,-1
744,265,368,568,64,157,1,-1,-1,-1
744,256,1071,316,32,97,1,-1,-1,-1
744,255,825,499,32,136,1,-1,-1,-1
744,250,848,485,40,132,1,-1,-1,-1
744,249,1502,812,78,206,1,-1,-1,-1
744,221,570,551,46,73,1,-1,-1,-1
744,173,748,473,40,139,1,-1,-1,-1
744,124,464,645,98,32,1,-1,-1,-1
745,310,788,589,6,13,1,-1,-1,-1
745,307,1417,824,69,179,1,-1,-1,-1
745,304,1322,825,93,184,1,-1,-1,-1
745,299,618,612,69,74,1,-1,-1,-1
745,298,552,618,66,82,1,-1,-1,-1
745,296,1344,155,21,58,1,-1,-1,-1
745,295,1587,262,31,80,1,-1,-1,-1
745,294,1011,511,52,139,1,-1,-1,-1
745,292,710,940,83,139,1,-1,-1,-1
745,278,751,521,42,147,1,-1,-1,-1
745,274,1654,411,44,115,1,-1,-1,-1
745,265,368,568,64,157,1,-1,-1,-1
745,256,1071,316,32,97,1,-1,-1,-1
745,255,825,498,33,136,1,-1,-1,-1
745,250,848,485,40,132,1,-1,-1,-1
745,249,1504,813,78,207,1,-1,-1,-1
745,221,569,552,46,73,1,-1,-1,-1
745,173,748,473,40,139,1,-1,-1,-1
745,124,464,645,98,32,1,-1,-1,-1
746,310,788,589,7,13,1,-1,-1,-1
746,307,1423,827,72,179,1,-1,-1,-1
746,304,1329,831,96,187,1,-1,-1,-1
746,299,618,612,69,74,1,-1,-1,-1
746,298,551,618,66,82,1,-1,-1,-1
746,296,1343,155,22,58,1,-1,-1,-1
746,295,1588,262,30,80,1,-1,-1,-1
746,294,1012,511,52,139,1,-1,-1,-1
746,292,709,939,82,140,1,-1,-1,-1
746,278,750,521,42,147,1,-1,-1,-1
746,274,1654,411,43,115,1,-1,-1,-1
746,265,369,567,63,157,1,-1,-1,-1
746,256,1070,316,32,98,1,-1,-1,-1
746,255,824,498,36,135,1,-1,-1,-1
746,250,849,485,40,133,1,-1,-1,-1
746,249,1511,816,78,208,1,-1,-1,-1
746,221,568,553,46,71,1,-1,-1,-1
746,173,748,473,39,137,1,-1,-1,-1
746,124,464,645,98,32,1,-1,-1,-1
747,310,787,589,7,13,1,-1,-1,-1
747,307,1429,831,75,179,1,-1,-1,-1
747,304,1335,837,99,190,1,-1,-1,-1
747,299,618,612,69,74,1,-1,-1,-1
747,298,551,618,66,82,1,-1,-1,-1
747,296,1343,155,22,58,1,-1,-1,-1
747,295,1588,262,29,79,1,-1,-1,-1
747,294,1012,511,51,139,1,-1,-1,-1
747,292,708,939,81,140,1,-1,-1,-1
747,278,750,521,42,147,1,-1,-1,-1
747,274,1655,411,43,115,1,-1,-1,-1
747,265,370,567,62,157,1,-1,-1,-1
747,256,1069,315,31,98,1,-1,-1,-1
747,255,824,498,40,135,1,-1,-1,-1
747,250,849,484,40,133,1,-1,-1,-1
747,249,1517,820,77,209,1,-1,-1,-1
747,221,567,555,47,70,1,-1,-1,-1
747,173,748,473,39,135,1,-1,-1,-1
747,124,464,645,98,32,1,-1,-1,-1
748,310,787,589,8,13,1,-1,-1,-1
748,307,1436,834,78,178,1,-1,-1,-1
748,304,1342,843,102,193,1,-1,-1,-1
748,299,618,612,69,74,1,-1,-1,-1
748,298,551,618,65,81,1,-1,-1,-1
748,296,1343,155,22,58,1,-1,-1,-1
748,295,1589,262,28,79,1,-1,-1,-1
748,294,1013,510,51,139,1,-1,-1,-1
748,292,706,938,80,141,1,-1,-1,-1
748,278,750,522,42,146,1,-1,-1,-1
748,274,1656,410,43,115,1,-1,-1,-1
748,265,371,567,62,157,1,-1,-1,-1
748,256,1069,315,31,98,1,-1,-1,-1
748,255,824,498,43,135,1,-1,-1,-1
748,250,850,484,40,133,1,-1,-1,-1
748,249,1524,823,77,211,1,-1,-1,-1
748,221,566,556,48,68,1,-1,-1,-1
748,173,748,472,39,133,1,-1,-1,-1
748,124,464,645,98,32,1,-1,-1,-1
749,310,786,588,8,14,1,-1,-1,-1
749,307,1442,837,81,178,1,-1,-1,-1
749,304,1348,849,105,196,1,-1,-1,-1
749,299,617,612,68,74,1,-1,-1,-1
749,298,551,618,65,81,1,-1,-1,-1
749,296,1343,155,23,58,1,-1,-1,-1
749,295,1590,262,26,79,1,-1,-1,-1
749,294,1013,510,50,139,1,-1,-1,-1
749,292,705,937,79,141,1,-1,-1,-1
749,278,750,522,42,146,1,-1,-1,-1
749,274,1657,410,43,115,1,-1,-1,-1
749,265,372,567,61,157,1,-1,-1,-1
749,256,1068,315,30,98,1,-1,-1,-1
749,255,824,498,46,135,1,-1,-1,-1
749,250,850,484,40,133,1,-1,-1,-1
749,249,1531,826,76,212,1,-1,-1,-1
749,221,565,558,48,67,1,-1,-1,-1
749,173,748,472,38,131,1,-1,-1,-1
749,124,464,645,98,32,1,-1,-1,-1
750,310,785,588,9,14,1,-1,-1,-1
750,307,1463,842,80,180,1,-1,-1,-1
750,304,1361,861,110,205,1,-1,-1,-1
750,299,617,612,68,74,1,-1,-1,-1
750,298,551,618,65,80,1,-1,-1,-1
750,296,1343,155,24,58,1,-1,-1,-1
750,295,1591,261,24,79,1,-1,-1,-1
750,294,1014,509,49,138,1,-1,-1,-1
750,292,702,936,77,142,1,-1,-1,-1
750,278,749,522,42,145,1,-1,-1,-1
750,274,1658,409,42,114,1,-1,-1,-1
750,265,374,567,60,157,1,-1,-1,-1
750,256,1067,314,29,99,1,-1,-1,-1
750,255,824,498,53,134,1,-1,-1,-1
750,250,852,483,39,133,1,-1,-1,-1
750,249,1543,832,75,215,1,-1,-1,-1
750,221,563,561,50,64,1,-1,-1,-1
750,173,747,472,37,127,1,-1,-1,-1
750,124,464,645,98,32,1,-1,-1,-1