1,17,1806,613,66,120,1,-1,-1,-1
1,16,1285,544,57,101,1,-1,-1,-1
1,15,1677,738,63,146,1,-1,-1,-1
1,14,816,589,76,103,1,-1,-1,-1
1,13,721,685,98,119,1,-1,-1,-1
1,12,711,495,55,81,1,-1,-1,-1
1,11,626,510,32,97,1,-1,-1,-1
1,10,1725,565,57,119,1,-1,-1,-1
1,9,1276,615,43,120,1,-1,-1,-1
1,8,1064,467,50,80,1,-1,-1,-1
1,7,953,631,55,104,1,-1,-1,-1
1,6,397,513,39,98,1,-1,-1,-1
1,5,392,552,46,121,1,-1,-1,-1
1,4,0,802,72,145,1,-1,-1,-1
1,3,12,595,58,124,1,-1,-1,-1
1,2,874,391,36,69,1,-1,-1,-1
1,1,1107,571,39,110,1,-1,-1,-1
2,17,1806,614,67,119,1,-1,-1,-1
2,16,1285,545,58,100,1,-1,-1,-1
2,15,1677,739,64,145,1,-1,-1,-1
2,14,816,590,77,102,1,-1,-1,-1
2,13,721,686,99,118,1,-1,-1,-1
2,12,711,496,56,80,1,-1,-1,-1
2,11,626,511,33,96,1,-1,-1,-1
2,10,1725,566,58,118,1,-1,-1,-1
2,9,1276,616,44,119,1,-1,-1,-1
2,8,1064,468,51,79,1,-1,-1,-1
2,7,953,632,56,103,1,-1,-1,-1
2,6,397,514,40,97,1,-1,-1,-1
2,5,392,553,47,120,1,-1,-1,-1
2,4,0,803,73,144,1,-1,-1,-1
2,3,12,596,59,123,1,-1,-1,-1
2,2,874,392,37,68,1,-1,-1,-1
2,1,1107,572,40,109,1,-1,-1,-1
3,17,1799,613,66,119,1,-1,-1,-1
3,16,1285,545,61,100,1,-1,-1,-1
3,15,1677,738,69,144,1,-1,-1,-1
3,14,821,590,76,102,1,-1,-1,-1
3,13,723,685,101,119,1,-1,-1,-1
3,12,712,494,57,80,1,-1,-1,-1
3,11,622,510,33,97,1,-1,-1,-1
3,10,1725,564,62,118,1,-1,-1,-1
3,9,1277,617,47,118,1,-1,-1,-1
3,8,1065,467,52,79,1,-1,-1,-1
3,7,958,631,59,103,1,-1,-1,-1
3,6,395,514,42,97,1,-1,-1,-1
3,5,389,554,48,119,1,-1,-1,-1
3,4,0,806,76,146,1,-1,-1,-1
3,3,10,596,57,124,1,-1,-1,-1
3,2,866,390,37,68,1,-1,-1,-1
3,1,1104,571,41,109,1,-1,-1,-1
4,17,1793,613,66,119,1,-1,-1,-1
4,16,1285,544,64,100,1,-1,-1,-1
4,15,1678,737,74,143,1,-1,-1,-1
4,14,826,590,75,102,1,-1,-1,-1
4,13,725,684,103,119,1,-1,-1,-1
4,12,712,492,58,81,1,-1,-1,-1
4,11,618,510,33,97,1,-1,-1,-1
4,10,1725,563,65,117,1,-1,-1,-1
4,9,1278,618,50,118,1,-1,-1,-1
4,8,1067,465,54,80,1,-1,-1,-1
4,7,962,630,61,103,1,-1,-1,-1
4,6,394,514,43,98,1,-1,-1,-1
4,5,387,555,49,118,1,-1,-1,-1
4,4,0,808,79,148,1,-1,-1,-1
4,3,7,596,56,125,1,-1,-1,-1
4,2,859,389,37,68,1,-1,-1,-1
4,1,1101,570,41,109,1,-1,-1,-1
5,17,1787,613,65,119,1,-1,-1,-1
5,16,1285,544,67,100,1,-1,-1,-1
5,15,1678,737,80,142,1,-1,-1,-1
5,14,831,590,74,102,1,-1,-1,-1
5,13,727,683,104,119,1,-1,-1,-1
5,12,712,490,59,81,1,-1,-1,-1
5,11,614,510,34,98,1,-1,-1,-1
5,10,1725,562,68,117,1,-1,-1,-1
5,9,1278,619,54,117,1,-1,-1,-1
5,8,1068,464,56,80,1,-1,-1,-1
5,7,966,629,64,103,1,-1,-1,-1
5,6,393,513,45,98,1,-1,-1,-1
5,5,384,556,50,116,1,-1,-1,-1
5,4,0,810,83,150,1,-1,-1,-1
5,3,5,596,54,126,1,-1,-1,-1
5,2,851,388,37,68,1,-1,-1,-1
5,1,1098,569,42,109,1,-1,-1,-1
6,17,1780,613,65,118,1,-1,-1,-1
6,16,1285,544,70,100,1,-1,-1,-1
6,15,1678,736,85,141,1,-1,-1,-1
6,14,836,590,73,101,1,-1,-1,-1
6,13,729,682,106,119,1,-1,-1,-1
6,12,713,488,60,81,1,-1,-1,-1
6,11,609,510,34,98,1,-1,-1,-1
6,10,1725,561,71,117,1,-1,-1,-1
6,9,1279,620,57,117,1,-1,-1,-1
6,8,1070,463,57,80,1,-1,-1,-1
6,7,970,628,67,103,1,-1,-1,-1
6,6,391,513,47,98,1,-1,-1,-1
6,5,382,557,50,115,1,-1,-1,-1
6,4,0,813,86,152,1,-1,-1,-1
6,3,3,596,53,127,1,-1,-1,-1
6,2,844,386,37,68,1,-1,-1,-1
6,1,1095,568,43,108,1,-1,-1,-1
7,17,1772,613,64,118,1,-1,-1,-1
7,16,1285,543,73,100,1,-1,-1,-1
7,15,1679,735,92,139,1,-1,-1,-1
7,14,842,590,71,101,1,-1,-1,-1
7,13,732,681,108,119,1,-1,-1,-1
7,12,713,485,61,82,1,-1,-1,-1
7,11,604,510,34,99,1,-1,-1,-1
7,10,1725,560,75,117,1,-1,-1,-1
7,9,1280,622,61,116,1,-1,-1,-1
7,8,1072,461,59,80,1,-1,-1,-1
7,7,976,627,71,102,1,-1,-1,-1
7,6,390,513,49,98,1,-1,-1,-1
7,5,378,558,51,113,1,-1,-1,-1
7,4,0,816,91,154,1,-1,-1,-1
7,3,0,596,51,128,1,-1,-1,-1
7,2,836,385,37,68,1,-1,-1,-1
7,1,1091,567,43,108,1,-1,-1,-1
8,17,1767,612,64,118,1,-1,-1,-1
8,16,1286,542,73,100,1,-1,-1,-1
8,15,1682,734,90,139,1,-1,-1,-1
8,14,845,588,69,102,1,-1,-1,-1
8,13,735,680,103,120,1,-1,-1,-1
8,12,714,484,60,82,1,-1,-1,-1
8,11,599,509,34,99,1,-1,-1,-1
8,10,1725,558,74,117,1,-1,-1,-1
8,9,1279,622,60,116,1,-1,-1,-1
8,8,1073,460,59,80,1,-1,-1,-1
8,7,977,626,72,103,1,-1,-1,-1
8,6,386,512,48,99,1,-1,-1,-1
8,5,375,558,51,114,1,-1,-1,-1
8,4,4,817,89,156,1,-1,-1,-1
8,3,0,596,48,127,1,-1,-1,-1
8,2,829,384,37,68,1,-1,-1,-1
8,1,1086,566,45,107,1,-1,-1,-1
9,17,1761,611,63,117,1,-1,-1,-1
9,16,1287,541,73,101,1,-1,-1,-1
9,15,1686,733,88,139,1,-1,-1,-1
9,14,850,586,65,103,1,-1,-1,-1
9,13,738,678,97,121,1,-1,-1,-1
9,12,714,482,59,82,1,-1,-1,-1
9,11,593,507,34,99,1,-1,-1,-1
9,10,1725,555,71,117,1,-1,-1,-1
9,9,1277,621,58,117,1,-1,-1,-1
9,8,1075,459,59,80,1,-1,-1,-1
9,7,980,625,73,104,1,-1,-1,-1
9,6,383,510,46,99,1,-1,-1,-1
9,5,371,557,50,114,1,-1,-1,-1
9,4,10,819,86,158,1,-1,-1,-1
9,3,0,598,40,125,1,-1,-1,-1
9,2,821,382,37,67,1,-1,-1,-1
9,1,1080,566,47,106,1,-1,-1,-1
10,17,1754,609,62,117,1,-1,-1,-1
10,16,1288,540,73,101,1,-1,-1,-1
10,15,1690,732,85,139,1,-1,-1,-1
10,14,855,584,62,105,1,-1,-1,-1
10,13,742,676,90,122,1,-1,-1,-1
10,12,715,479,58,83,1,-1,-1,-1
10,11,587,506,34,100,1,-1,-1,-1
10,10,1725,553,69,117,1,-1,-1,-1
10,9,1276,621,56,117,1,-1,-1,-1
10,8,1077,457,58,80,1,-1,-1,-1
10,7,982,624,74,104,1,-1,-1,-1
10,6,379,509,44,100,1,-1,-1,-1
10,5,366,556,50,115,1,-1,-1,-1
10,4,16,821,83,160,1,-1,-1,-1
10,3,0,598,37,122,1,-1,-1,-1
10,2,814,381,37,67,1,-1,-1,-1
10,1,1073,565,49,105,1,-1,-1,-1
11,17,1747,608,62,117,1,-1,-1,-1
11,16,1288,539,73,101,1,-1,-1,-1
11,15,1694,730,82,139,1,-1,-1,-1
11,14,860,582,58,106,1,-1,-1,-1
11,13,746,675,84,123,1,-1,-1,-1
11,12,715,477,57,83,1,-1,-1,-1
11,11,580,504,34,100,1,-1,-1,-1
11,10,1725,550,66,118,1,-1,-1,-1
11,9,1274,621,54,117,1,-1,-1,-1
11,8,1078,456,58,80,1,-1,-1,-1
11,7,985,623,76,105,1,-1,-1,-1
11,6,375,508,42,100,1,-1,-1,-1
11,5,362,555,49,115,1,-1,-1,-1
11,4,22,823,81,162,1,-1,-1,-1
11,3,0,598,18,101,1,-1,-1,-1
11,2,806,380,37,67,1,-1,-1,-1
11,1,1066,564,50,103,1,-1,-1,-1
12,17,1741,607,61,117,1,-1,-1,-1
12,16,1289,538,73,102,1,-1,-1,-1
12,15,1699,729,80,139,1,-1,-1,-1
12,14,865,581,55,107,1,-1,-1,-1
12,13,749,673,77,124,1,-1,-1,-1
12,12,716,475,56,84,1,-1,-1,-1
12,11,574,502,35,100,1,-1,-1,-1
12,10,1725,548,64,118,1,-1,-1,-1
12,9,1273,621,52,117,1,-1,-1,-1
12,8,1080,455,58,80,1,-1,-1,-1
12,7,987,622,77,106,1,-1,-1,-1
12,6,371,506,41,100,1,-1,-1,-1
12,5,358,555,49,116,1,-1,-1,-1
12,4,28,825,78,164,1,-1,-1,-1
12,3,0,597,19,97,1,-1,-1,-1
12,2,799,379,37,67,1,-1,-1,-1
12,1,1059,564,52,102,1,-1,-1,-1
13,17,1731,605,60,116,1,-1,-1,-1
13,16,1291,536,73,102,1,-1,-1,-1
13,15,1705,727,76,139,1,-1,-1,-1
13,14,872,578,50,109,1,-1,-1,-1
13,13,755,670,68,125,1,-1,-1,-1
13,12,717,472,54,84,1,-1,-1,-1
13,11,564,500,35,101,1,-1,-1,-1
13,10,1725,544,60,118,1,-1,-1,-1
13,9,1270,621,50,117,1,-1,-1,-1
13,8,1082,453,57,80,1,-1,-1,-1
13,7,991,621,79,107,1,-1,-1,-1
13,6,365,504,38,101,1,-1,-1,-1
13,5,353,554,48,117,1,-1,-1,-1
13,4,37,828,74,167,1,-1,-1,-1
13,3,0,591,8,79,1,-1,-1,-1
13,2,791,377,38,67,1,-1,-1,-1
13,1,1049,563,55,100,1,-1,-1,-1
14,17,1725,605,61,116,1,-1,-1,-1
14,16,1291,535,71,102,1,-1,-1,-1
14,15,1702,726,75,139,1,-1,-1,-1
14,14,869,577,52,109,1,-1,-1,-1
14,13,753,669,69,125,1,-1,-1,-1
14,12,715,471,54,84,1,-1,-1,-1
14,11,559,500,35,101,1,-1,-1,-1
14,10,1721,544,61,118,1,-1,-1,-1
14,9,1268,621,50,117,1,-1,-1,-1
14,8,1081,452,56,80,1,-1,-1,-1
14,7,991,621,78,107,1,-1,-1,-1
14,6,361,503,39,101,1,-1,-1,-1
14,5,347,553,47,117,1,-1,-1,-1
14,4,36,828,77,168,1,-1,-1,-1
14,2,784,376,38,67,1,-1,-1,-1
14,1,1046,562,55,99,1,-1,-1,-1
15,17,1714,605,61,115,1,-1,-1,-1
15,16,1292,533,69,103,1,-1,-1,-1
15,15,1696,724,73,139,1,-1,-1,-1
15,14,864,576,56,110,1,-1,-1,-1
15,13,750,668,72,125,1,-1,-1,-1
15,12,713,470,52,85,1,-1,-1,-1
15,11,549,499,34,101,1,-1,-1,-1
15,10,1714,543,63,117,1,-1,-1,-1
15,9,1263,620,51,118,1,-1,-1,-1
15,8,1078,450,53,80,1,-1,-1,-1
15,7,991,620,77,107,1,-1,-1,-1
15,6,353,502,41,101,1,-1,-1,-1
15,5,342,551,49,118,1,-1,-1,-1
15,4,34,828,82,169,1,-1,-1,-1
15,2,776,375,38,67,1,-1,-1,-1
15,1,1041,561,54,99,1,-1,-1,-1
16,17,1702,605,62,115,1,-1,-1,-1
16,16,1292,532,66,104,1,-1,-1,-1
16,15,1689,722,72,138,1,-1,-1,-1
16,14,860,575,61,110,1,-1,-1,-1
16,13,747,666,75,125,1,-1,-1,-1
16,12,711,468,51,85,1,-1,-1,-1
16,11,538,498,34,101,1,-1,-1,-1
16,10,1707,542,65,116,1,-1,-1,-1
16,9,1258,620,52,118,1,-1,-1,-1
16,8,1075,449,50,80,1,-1,-1,-1
16,7,991,620,75,107,1,-1,-1,-1
16,6,344,501,44,100,1,-1,-1,-1
16,5,334,549,51,118,1,-1,-1,-1
16,4,32,829,86,170,1,-1,-1,-1
16,2,769,373,38,67,1,-1,-1,-1
16,1,1035,559,53,98,1,-1,-1,-1
17,17,1691,605,63,114,1,-1,-1,-1
17,16,1293,530,64,105,1,-1,-1,-1
17,15,1683,720,70,138,1,-1,-1,-1
17,14,855,573,65,110,1,-1,-1,-1
17,13,744,664,78,125,1,-1,-1,-1
17,12,709,467,50,86,1,-1,-1,-1
17,11,528,498,34,100,1,-1,-1,-1
17,10,1700,541,67,115,1,-1,-1,-1
17,9,1253,620,53,119,1,-1,-1,-1
17,8,1072,447,47,80,1,-1,-1,-1
17,7,990,620,73,108,1,-1,-1,-1
17,6,335,499,46,100,1,-1,-1,-1
17,5,326,547,53,119,1,-1,-1,-1
17,4,30,830,91,172,1,-1,-1,-1
17,2,761,372,38,67,1,-1,-1,-1
17,1,1030,558,52,97,1,-1,-1,-1
18,17,1679,605,64,113,1,-1,-1,-1
18,16,1293,528,61,105,1,-1,-1,-1
18,15,1677,717,68,138,1,-1,-1,-1
18,14,850,572,69,110,1,-1,-1,-1
18,13,740,663,81,125,1,-1,-1,-1
18,12,706,465,48,86,1,-1,-1,-1
18,11,518,497,34,100,1,-1,-1,-1
18,10,1692,540,69,114,1,-1,-1,-1
18,9,1248,620,54,119,1,-1,-1,-1
18,8,1069,446,44,80,1,-1,-1,-1
18,7,990,619,71,108,1,-1,-1,-1
18,6,326,498,49,100,1,-1,-1,-1
18,5,319,544,54,120,1,-1,-1,-1
18,4,28,830,96,173,1,-1,-1,-1
18,2,754,371,38,67,1,-1,-1,-1
18,1,1024,556,51,96,1,-1,-1,-1
19,17,1660,605,65,112,1,-1,-1,-1
19,16,1294,525,57,107,1,-1,-1,-1
19,15,1666,714,65,138,1,-1,-1,-1
19,14,841,570,77,110,1,-1,-1,-1
19,13,735,660,85,125,1,-1,-1,-1
19,12,702,463,46,87,1,-1,-1,-1
19,11,500,496,33,100,1,-1,-1,-1
19,10,1680,539,72,113,1,-1,-1,-1
19,9,1239,619,55,120,1,-1,-1,-1
19,8,1063,443,39,80,1,-1,-1,-1
19,7,990,619,69,108,1,-1,-1,-1
19,6,309,495,53,99,1,-1,-1,-1
19,5,304,540,58,121,1,-1,-1,-1
19,4,25,831,105,175,1,-1,-1,-1
19,2,746,369,38,67,1,-1,-1,-1
19,1,1015,553,49,95,1,-1,-1,-1
20,17,1656,605,66,112,1,-1,-1,-1
20,16,1292,525,57,107,1,-1,-1,-1
20,15,1664,713,64,138,1,-1,-1,-1
20,14,840,569,77,111,1,-1,-1,-1
20,13,734,659,86,125,1,-1,-1,-1
20,12,702,462,46,87,1,-1,-1,-1
20,11,496,495,34,100,1,-1,-1,-1
20,10,1677,538,72,113,1,-1,-1,-1
20,9,1236,619,56,121,1,-1,-1,-1
20,8,1061,442,40,80,1,-1,-1,-1
20,7,988,618,68,108,1,-1,-1,-1
20,6,307,495,53,99,1,-1,-1,-1
20,5,302,540,58,121,1,-1,-1,-1
20,4,25,831,105,175,1,-1,-1,-1
20,2,738,368,38,67,1,-1,-1,-1
20,1,1012,553,50,95,1,-1,-1,-1
21,17,1640,603,68,112,1,-1,-1,-1
21,16,1285,523,60,108,1,-1,-1,-1
21,15,1657,713,61,136,1,-1,-1,-1
21,14,836,567,76,111,1,-1,-1,-1
21,13,729,656,87,126,1,-1,-1,-1
21,12,687,456,49,85,1,-1,-1,-1
21,11,481,495,36,99,1,-1,-1,-1
21,10,1667,536,70,113,1,-1,-1,-1
21,9,1226,618,56,122,1,-1,-1,-1
21,8,1052,440,44,80,1,-1,-1,-1
21,7,983,615,65,108,1,-1,-1,-1
21,6,291,494,53,99,1,-1,-1,-1
21,5,291,540,59,121,1,-1,-1,-1
21,4,28,832,104,177,1,-1,-1,-1
21,2,731,367,38,67,1,-1,-1,-1
21,1,1000,551,52,96,1,-1,-1,-1
22,17,1624,600,70,113,1,-1,-1,-1
22,16,1277,520,64,109,1,-1,-1,-1
22,15,1651,712,58,134,1,-1,-1,-1
22,14,832,565,76,112,1,-1,-1,-1
22,13,724,653,88,127,1,-1,-1,-1
22,12,684,455,50,85,1,-1,-1,-1
22,11,466,494,38,99,1,-1,-1,-1
22,10,1658,533,68,113,1,-1,-1,-1
22,9,1216,616,57,123,1,-1,-1,-1
22,8,1043,437,48,80,1,-1,-1,-1
22,7,978,613,63,108,1,-1,-1,-1
22,6,276,492,52,98,1,-1,-1,-1
22,5,280,539,60,120,1,-1,-1,-1
22,4,30,833,102,178,1,-1,-1,-1
22,2,723,365,38,66,1,-1,-1,-1
22,1,989,550,55,97,1,-1,-1,-1
23,17,1608,598,72,113,1,-1,-1,-1
23,16,1269,518,67,109,1,-1,-1,-1
23,15,1644,711,55,132,1,-1,-1,-1
23,14,828,562,76,113,1,-1,-1,-1
23,13,720,650,89,128,1,-1,-1,-1
23,12,673,452,53,86,1,-1,-1,-1
23,11,451,493,39,98,1,-1,-1,-1
23,10,1648,530,67,113,1,-1,-1,-1
23,9,1206,615,57,124,1,-1,-1,-1
23,8,1033,434,52,81,1,-1,-1,-1
23,7,973,610,60,108,1,-1,-1,-1
23,6,260,490,52,98,1,-1,-1,-1
23,5,269,538,62,120,1,-1,-1,-1
23,4,32,834,101,179,1,-1,-1,-1
23,2,716,364,38,66,1,-1,-1,-1
23,1,978,548,57,98,1,-1,-1,-1
24,17,1593,596,74,113,1,-1,-1,-1
24,16,1261,516,70,110,1,-1,-1,-1
24,15,1637,710,52,130,1,-1,-1,-1
24,14,824,560,75,114,1,-1,-1,-1
24,13,715,647,90,129,1,-1,-1,-1
24,12,663,450,57,87,1,-1,-1,-1
24,11,435,492,41,98,1,-1,-1,-1
24,10,1638,528,65,113,1,-1,-1,-1
24,9,1196,614,58,125,1,-1,-1,-1
24,8,1024,432,56,81,1,-1,-1,-1
24,7,968,608,58,107,1,-1,-1,-1
24,6,242,488,51,98,1,-1,-1,-1
24,5,257,537,63,120,1,-1,-1,-1
24,4,35,835,100,181,1,-1,-1,-1
24,2,708,363,38,66,1,-1,-1,-1
24,1,966,547,59,99,1,-1,-1,-1
25,17,1561,592,78,114,1,-1,-1,-1
25,16,1246,512,76,112,1,-1,-1,-1
25,15,1624,709,46,125,1,-1,-1,-1
25,14,816,555,75,115,1,-1,-1,-1
25,13,706,640,92,130,1,-1,-1,-1
25,12,641,444,64,89,1,-1,-1,-1
25,11,420,491,43,97,1,-1,-1,-1
25,10,1618,522,62,112,1,-1,-1,-1
25,9,1176,612,59,127,1,-1,-1,-1
25,8,1006,426,64,82,1,-1,-1,-1
25,7,958,602,53,107,1,-1,-1,-1
25,6,230,486,56,102,1,-1,-1,-1
25,5,235,536,65,119,1,-1,-1,-1
25,4,39,837,97,183,1,-1,-1,-1
25,2,693,360,39,66,1,-1,-1,-1
25,1,955,545,62,100,1,-1,-1,-1
26,17,1561,592,78,114,1,-1,-1,-1
26,16,1240,509,65,111,1,-1,-1,-1
26,15,1607,704,51,126,1,-1,-1,-1
26,14,806,555,74,115,1,-1,-1,-1
26,13,706,640,92,130,1,-1,-1,-1
26,12,641,444,64,89,1,-1,-1,-1
26,11,390,489,47,96,1,-1,-1,-1
26,10,1618,522,62,112,1,-1,-1,-1
26,9,1176,612,59,127,1,-1,-1,-1
26,8,1006,426,64,82,1,-1,-1,-1
26,7,958,602,53,107,1,-1,-1,-1
26,6,230,486,56,102,1,-1,-1,-1
26,5,235,536,65,119,1,-1,-1,-1
26,4,39,837,97,183,1,-1,-1,-1
26,2,675,358,38,66,1,-1,-1,-1
26,1,932,542,66,102,1,-1,-1,-1
27,22,1836,476,59,94,1,-1,-1,-1
27,17,1537,590,77,115,1,-1,-1,-1
27,16,1240,509,65,111,1,-1,-1,-1
27,15,1607,704,51,126,1,-1,-1,-1
27,14,806,555,74,115,1,-1,-1,-1
27,13,705,639,86,129,1,-1,-1,-1
27,12,632,443,57,89,1,-1,-1,-1
27,11,390,489,47,96,1,-1,-1,-1
27,10,1598,520,60,111,1,-1,-1,-1
27,9,1160,610,59,128,1,-1,-1,-1
27,8,986,424,62,82,1,-1,-1,-1
27,7,939,599,58,108,1,-1,-1,-1
27,6,210,484,53,100,1,-1,-1,-1
27,5,213,534,66,120,1,-1,-1,-1
27,4,33,839,97,184,1,-1,-1,-1
27,2,675,358,38,66,1,-1,-1,-1
27,1,932,542,66,102,1,-1,-1,-1
28,22,1807,473,66,94,1,-1,-1,-1
28,17,1514,588,77,115,1,-1,-1,-1
28,16,1222,507,66,111,1,-1,-1,-1
28,15,1584,701,56,126,1,-1,-1,-1
28,14,765,553,74,114,1,-1,-1,-1
28,13,704,638,80,128,1,-1,-1,-1
28,12,623,441,50,90,1,-1,-1,-1
28,11,371,487,47,97,1,-1,-1,-1
28,10,1579,517,59,110,1,-1,-1,-1
28,9,1144,609,59,128,1,-1,-1,-1
28,8,965,421,60,82,1,-1,-1,-1
28,7,920,596,64,108,1,-1,-1,-1
28,6,191,483,50,99,1,-1,-1,-1
28,5,192,531,67,122,1,-1,-1,-1
28,4,26,841,97,185,1,-1,-1,-1
28,2,649,356,36,66,1,-1,-1,-1
28,1,911,539,67,101,1,-1,-1,-1
29,22,1794,471,69,95,1,-1,-1,-1
29,17,1490,585,77,116,1,-1,-1,-1
29,16,1204,505,68,110,1,-1,-1,-1
29,15,1560,698,61,126,1,-1,-1,-1
29,13,703,636,74,127,1,-1,-1,-1
29,12,614,440,44,91,1,-1,-1,-1
29,11,352,484,47,98,1,-1,-1,-1
29,10,1559,515,57,109,1,-1,-1,-1
29,9,1127,607,60,128,1,-1,-1,-1
29,8,945,418,58,83,1,-1,-1,-1
29,7,901,593,69,109,1,-1,-1,-1
29,6,171,482,47,98,1,-1,-1,-1
29,5,161,527,69,123,1,-1,-1,-1
29,4,20,843,97,186,1,-1,-1,-1
29,1,890,537,67,99,1,-1,-1,-1
30,22,1748,462,80,97,1,-1,-1,-1
30,17,1466,583,76,117,1,-1,-1,-1
30,16,1186,502,69,110,1,-1,-1,-1
30,15,1537,695,66,126,1,-1,-1,-1
30,13,677,632,81,130,1,-1,-1,-1
30,12,586,437,47,90,1,-1,-1,-1
30,11,320,483,48,99,1,-1,-1,-1
30,10,1539,512,55,108,1,-1,-1,-1
30,9,1111,606,60,129,1,-1,-1,-1
30,8,925,416,56,83,1,-1,-1,-1
30,7,882,590,75,109,1,-1,-1,-1
30,5,150,526,69,123,1,-1,-1,-1
30,4,14,845,97,187,1,-1,-1,-1
30,1,869,534,67,98,1,-1,-1,-1
31,22,1732,461,77,97,1,-1,-1,-1
31,17,1442,581,76,117,1,-1,-1,-1
31,16,1169,500,71,110,1,-1,-1,-1
31,15,1513,692,71,126,1,-1,-1,-1
31,13,651,628,88,134,1,-1,-1,-1
31,10,1520,510,53,107,1,-1,-1,-1
31,9,1095,604,60,129,1,-1,-1,-1
31,8,905,413,54,83,1,-1,-1,-1
31,7,863,587,81,110,1,-1,-1,-1
31,5,131,524,70,123,1,-1,-1,-1
31,4,7,847,97,188,1,-1,-1,-1
31,1,849,531,68,96,1,-1,-1,-1
32,29,716,547,58,110,1,-1,-1,-1
32,22,1688,457,68,96,1,-1,-1,-1
32,17,1418,579,75,118,1,-1,-1,-1
32,16,1151,498,72,109,1,-1,-1,-1
32,15,1490,688,76,126,1,-1,-1,-1
32,13,619,623,97,138,1,-1,-1,-1
32,10,1500,507,51,106,1,-1,-1,-1
32,9,1078,603,60,130,1,-1,-1,-1
32,8,880,410,52,84,1,-1,-1,-1
32,7,840,583,87,111,1,-1,-1,-1
32,5,111,522,71,122,1,-1,-1,-1
32,4,0,849,97,190,1,-1,-1,-1
32,1,823,528,68,94,1,-1,-1,-1
33,29,698,545,64,110,1,-1,-1,-1
33,22,1662,454,68,96,1,-1,-1,-1
33,17,1365,575,78,118,1,-1,-1,-1
33,16,1098,491,91,107,1,-1,-1,-1
33,13,608,622,90,134,1,-1,-1,-1
33,8,852,407,57,86,1,-1,-1,-1
33,7,824,573,86,114,1,-1,-1,-1
33,4,0,851,74,195,1,-1,-1,-1
33,1,791,523,72,94,1,-1,-1,-1
36,44,0,522,57,117,1,-1,-1,-1
36,43,1265,611,20,15,1,-1,-1,-1
36,35,0,470,31,96,1,-1,-1,-1
36,4,0,852,49,149,1,-1,-1,-1
37,43,1267,611,20,15,1,-1,-1,-1
37,14,714,562,91,112,1,-1,-1,-1
46,51,551,566,83,125,1,-1,-1,-1
47,78,626,452,68,99,1,-1,-1,-1
47,77,911,637,97,117,1,-1,-1,-1
47,75,183,591,74,119,1,-1,-1,-1
47,72,1584,797,131,153,1,-1,-1,-1
47,57,821,531,94,113,1,-1,-1,-1
47,51,486,563,76,125,1,-1,-1,-1
48,87,1484,446,81,98,1,-1,-1,-1
48,85,148,519,73,103,1,-1,-1,-1
48,81,269,484,78,94,1,-1,-1,-1
48,78,588,450,73,99,1,-1,-1,-1
48,77,877,634,96,117,1,-1,-1,-1
48,75,148,590,73,119,1,-1,-1,-1
48,72,1536,792,118,149,1,-1,-1,-1
48,57,787,530,93,112,1,-1,-1,-1
48,51,476,563,74,125,1,-1,-1,-1
49,95,1559,584,81,113,1,-1,-1,-1
49,89,310,520,94,105,1,-1,-1,-1
49,87,1443,443,79,98,1,-1,-1,-1
49,85,110,518,70,103,1,-1,-1,-1
49,81,233,482,78,94,1,-1,-1,-1
49,78,550,447,77,99,1,-1,-1,-1
49,77,844,632,96,117,1,-1,-1,-1
49,75,112,590,72,119,1,-1,-1,-1
49,72,1542,792,110,151,1,-1,-1,-1
49,57,753,529,92,112,1,-1,-1,-1
49,51,448,563,70,125,1,-1,-1,-1
50,95,1473,578,98,106,1,-1,-1,-1
50,89,247,514,92,101,1,-1,-1,-1
50,81,198,481,78,94,1,-1,-1,-1
50,78,474,442,85,99,1,-1,-1,-1
50,77,777,627,95,116,1,-1,-1,-1
50,72,1460,781,157,143,1,-1,-1,-1
50,57,685,526,91,112,1,-1,-1,-1
50,51,393,563,61,125,1,-1,-1,-1
56,89,103,508,86,100,1,-1,-1,-1
56,81,0,475,62,89,1,-1,-1,-1
57,89,76,505,82,99,1,-1,-1,-1
57,81,0,476,62,88,1,-1,-1,-1
58,89,78,507,79,99,1,-1,-1,-1
58,87,1117,427,55,91,1,-1,-1,-1
58,78,252,440,80,95,1,-1,-1,-1
58,77,574,624,115,118,1,-1,-1,-1
58,72,1346,753,132,148,1,-1,-1,-1
58,57,491,519,88,106,1,-1,-1,-1
58,51,179,564,73,120,1,-1,-1,-1
59,112,1261,558,96,107,1,-1,-1,-1
59,110,490,436,75,90,1,-1,-1,-1
59,89,60,507,79,98,1,-1,-1,-1
59,87,1095,427,54,90,1,-1,-1,-1
59,78,233,441,77,95,1,-1,-1,-1
59,77,560,623,113,120,1,-1,-1,-1
59,72,1340,750,129,147,1,-1,-1,-1
59,57,476,518,87,106,1,-1,-1,-1
59,51,158,564,74,120,1,-1,-1,-1
60,114,631,395,54,72,1,-1,-1,-1
60,113,832,378,40,65,1,-1,-1,-1
60,112,1244,556,97,107,1,-1,-1,-1
60,110,469,436,72,90,1,-1,-1,-1
60,89,42,506,78,98,1,-1,-1,-1
60,87,1073,426,53,90,1,-1,-1,-1
60,78,213,441,74,95,1,-1,-1,-1
60,77,546,623,111,121,1,-1,-1,-1
60,72,1334,748,127,147,1,-1,-1,-1
60,57,460,518,86,106,1,-1,-1,-1
60,51,137,564,74,121,1,-1,-1,-1
61,114,609,395,54,71,1,-1,-1,-1
61,113,810,377,39,65,1,-1,-1,-1
61,112,1226,553,98,107,1,-1,-1,-1
61,110,447,436,69,90,1,-1,-1,-1
61,89,24,505,78,97,1,-1,-1,-1
61,87,1051,425,53,89,1,-1,-1,-1
61,78,194,441,70,95,1,-1,-1,-1
61,77,532,622,109,122,1,-1,-1,-1
61,72,1328,745,125,147,1,-1,-1,-1
61,57,445,518,86,107,1,-1,-1,-1
61,51,116,564,75,121,1,-1,-1,-1
62,114,588,394,54,71,1,-1,-1,-1
62,113,788,376,38,65,1,-1,-1,-1
62,112,1209,551,99,108,1,-1,-1,-1
62,110,426,437,67,90,1,-1,-1,-1
62,89,0,504,78,97,1,-1,-1,-1
62,87,1029,424,52,89,1,-1,-1,-1
62,78,174,442,67,95,1,-1,-1,-1
62,77,518,621,107,123,1,-1,-1,-1
62,72,1321,743,123,146,1,-1,-1,-1
62,57,430,518,85,107,1,-1,-1,-1
62,51,95,564,76,122,1,-1,-1,-1
63,114,555,394,54,70,1,-1,-1,-1
63,113,754,375,36,65,1,-1,-1,-1
63,112,1183,548,101,108,1,-1,-1,-1
63,110,394,437,62,89,1,-1,-1,-1
63,89,0,503,57,96,1,-1,-1,-1
63,87,996,423,51,88,1,-1,-1,-1
63,78,145,442,61,95,1,-1,-1,-1
63,77,497,620,104,125,1,-1,-1,-1
63,72,1312,739,119,146,1,-1,-1,-1
63,57,407,517,83,107,1,-1,-1,-1
63,51,64,564,77,123,1,-1,-1,-1
64,114,547,395,53,70,1,-1,-1,-1
64,113,746,375,36,65,1,-1,-1,-1
64,112,1179,550,87,108,1,-1,-1,-1
64,110,387,437,62,89,1,-1,-1,-1
64,89,0,503,32,100,1,-1,-1,-1
64,87,987,423,52,88,1,-1,-1,-1
64,78,138,442,60,95,1,-1,-1,-1
64,77,494,620,104,125,1,-1,-1,-1
64,72,1313,738,119,146,1,-1,-1,-1
64,57,403,517,81,107,1,-1,-1,-1
64,51,59,564,76,122,1,-1,-1,-1
65,114,531,395,52,70,1,-1,-1,-1
65,113,730,375,35,65,1,-1,-1,-1
65,112,1177,550,87,108,1,-1,-1,-1
65,110,374,437,60,89,1,-1,-1,-1
65,89,0,503,28,78,1,-1,-1,-1
65,87,970,422,56,88,1,-1,-1,-1
65,78,124,443,58,96,1,-1,-1,-1
65,77,487,621,104,125,1,-1,-1,-1
65,72,1313,736,117,145,1,-1,-1,-1
65,57,396,517,78,106,1,-1,-1,-1
65,51,49,564,74,121,1,-1,-1,-1
66,114,515,395,51,71,1,-1,-1,-1
66,113,713,375,35,65,1,-1,-1,-1
66,112,1166,549,88,108,1,-1,-1,-1
66,110,361,437,59,88,1,-1,-1,-1
66,89,0,503,25,75,1,-1,-1,-1
66,87,952,422,59,88,1,-1,-1,-1
66,78,109,443,56,96,1,-1,-1,-1
66,77,481,621,105,125,1,-1,-1,-1
66,72,1314,734,116,144,1,-1,-1,-1
66,57,389,516,74,106,1,-1,-1,-1
66,51,38,564,72,121,1,-1,-1,-1
67,114,499,396,50,71,1,-1,-1,-1
67,113,697,375,34,65,1,-1,-1,-1
67,112,1156,549,90,108,1,-1,-1,-1
67,110,348,437,57,88,1,-1,-1,-1
67,89,0,501,25,75,1,-1,-1,-1
67,87,935,421,62,88,1,-1,-1,-1
67,78,95,443,54,96,1,-1,-1,-1
67,77,474,622,105,125,1,-1,-1,-1
67,72,1315,732,115,144,1,-1,-1,-1
67,57,382,516,70,105,1,-1,-1,-1
67,51,28,564,69,120,1,-1,-1,-1
71,114,435,397,54,72,1,-1,-1,-1
71,113,631,376,40,65,1,-1,-1,-1
71,112,1125,546,94,107,1,-1,-1,-1
71,110,287,438,60,87,1,-1,-1,-1
71,87,874,418,71,88,1,-1,-1,-1
71,78,32,445,56,96,1,-1,-1,-1
71,77,454,623,102,125,1,-1,-1,-1
71,72,1326,727,111,143,1,-1,-1,-1
71,57,357,515,59,104,1,-1,-1,-1
71,51,0,570,27,120,1,-1,-1,-1
72,114,419,397,59,73,1,-1,-1,-1
72,113,613,376,46,64,1,-1,-1,-1
72,112,1123,546,95,108,1,-1,-1,-1
72,110,268,438,66,87,1,-1,-1,-1
72,87,864,418,70,88,1,-1,-1,-1
72,78,1,446,67,95,1,-1,-1,-1
72,77,453,623,99,125,1,-1,-1,-1
72,72,1332,726,109,143,1,-1,-1,-1
72,57,352,516,58,105,1,-1,-1,-1
72,51,0,570,27,92,1,-1,-1,-1
73,114,394,396,66,73,1,-1,-1,-1
73,113,586,377,55,64,1,-1,-1,-1
73,112,1120,545,95,108,1,-1,-1,-1
73,110,239,439,74,88,1,-1,-1,-1
73,87,853,417,69,87,1,-1,-1,-1
73,78,0,444,62,93,1,-1,-1,-1
73,77,451,623,95,125,1,-1,-1,-1
73,72,1338,725,108,144,1,-1,-1,-1
73,57,347,516,56,106,1,-1,-1,-1
73,51,0,575,17,85,1,-1,-1,-1
74,114,391,396,64,73,1,-1,-1,-1
74,113,583,377,53,64,1,-1,-1,-1
74,112,1117,545,96,108,1,-1,-1,-1
74,110,237,440,70,88,1,-1,-1,-1
74,87,842,417,69,87,1,-1,-1,-1
74,78,0,447,55,92,1,-1,-1,-1
74,77,449,623,92,125,1,-1,-1,-1
74,72,1344,725,107,144,1,-1,-1,-1
74,57,341,517,55,106,1,-1,-1,-1
74,51,0,576,17,85,1,-1,-1,-1
75,114,377,396,57,74,1,-1,-1,-1
75,113,569,377,43,64,1,-1,-1,-1
75,112,1112,544,97,109,1,-1,-1,-1
75,110,228,441,53,89,1,-1,-1,-1
75,87,821,416,67,86,1,-1,-1,-1
75,78,0,449,37,93,1,-1,-1,-1
75,77,446,624,86,126,1,-1,-1,-1
75,72,1356,723,105,145,1,-1,-1,-1
75,57,331,518,53,108,1,-1,-1,-1
77,113,549,377,42,64,1,-1,-1,-1
77,110,207,441,54,89,1,-1,-1,-1
77,77,433,623,88,125,1,-1,-1,-1
77,72,1360,722,99,145,1,-1,-1,-1
78,117,1819,375,71,82,1,-1,-1,-1
78,113,530,378,40,64,1,-1,-1,-1
78,110,187,441,55,90,1,-1,-1,-1
78,77,421,623,91,125,1,-1,-1,-1
78,72,1363,720,92,145,1,-1,-1,-1
79,117,1789,372,69,84,1,-1,-1,-1
79,114,317,397,58,75,1,-1,-1,-1
79,113,511,378,39,64,1,-1,-1,-1
79,112,1086,543,91,111,1,-1,-1,-1
79,110,167,441,56,91,1,-1,-1,-1
79,87,765,416,67,87,1,-1,-1,-1
79,77,408,623,94,125,1,-1,-1,-1
79,72,1366,718,86,145,1,-1,-1,-1
79,57,292,518,52,110,1,-1,-1,-1
80,117,1782,371,68,85,1,-1,-1,-1
80,114,297,397,58,75,1,-1,-1,-1
80,113,491,378,37,63,1,-1,-1,-1
80,112,1078,543,89,111,1,-1,-1,-1
80,110,147,440,57,91,1,-1,-1,-1
80,87,746,416,66,87,1,-1,-1,-1
80,77,396,622,97,125,1,-1,-1,-1
80,72,1369,717,80,145,1,-1,-1,-1
80,57,279,518,52,110,1,-1,-1,-1
81,117,1732,365,56,90,1,-1,-1,-1
81,114,277,398,58,76,1,-1,-1,-1
81,113,472,378,35,63,1,-1,-1,-1
81,112,1070,542,87,112,1,-1,-1,-1
81,110,126,440,58,92,1,-1,-1,-1
81,87,727,416,66,88,1,-1,-1,-1
81,77,383,622,100,125,1,-1,-1,-1
81,72,1373,715,74,145,1,-1,-1,-1
81,57,266,518,51,111,1,-1,-1,-1
82,117,1715,367,56,87,1,-1,-1,-1
82,114,252,398,59,76,1,-1,-1,-1
82,113,448,378,33,63,1,-1,-1,-1
82,112,1059,542,85,113,1,-1,-1,-1
82,110,101,440,59,93,1,-1,-1,-1
82,87,704,416,66,88,1,-1,-1,-1
82,77,367,622,104,124,1,-1,-1,-1
82,72,1377,713,66,144,1,-1,-1,-1
82,57,249,517,51,112,1,-1,-1,-1
83,117,1671,372,53,80,1,-1,-1,-1
83,114,234,399,61,76,1,-1,-1,-1
83,113,430,379,34,64,1,-1,-1,-1
83,112,1050,542,87,112,1,-1,-1,-1
83,110,77,444,63,91,1,-1,-1,-1
83,87,689,416,65,88,1,-1,-1,-1
83,77,358,621,101,124,1,-1,-1,-1
83,72,1373,711,68,144,1,-1,-1,-1
83,57,237,518,52,112,1,-1,-1,-1
84,117,1647,372,51,81,1,-1,-1,-1
84,114,210,400,63,77,1,-1,-1,-1
84,113,407,380,35,65,1,-1,-1,-1
84,112,1038,543,88,112,1,-1,-1,-1
84,110,43,445,74,92,1,-1,-1,-1
84,87,669,417,65,88,1,-1,-1,-1
84,77,345,621,97,125,1,-1,-1,-1
84,72,1368,710,70,144,1,-1,-1,-1
84,57,220,519,52,112,1,-1,-1,-1
85,117,1611,371,47,82,1,-1,-1,-1
85,114,186,401,66,77,1,-1,-1,-1
85,113,383,380,36,65,1,-1,-1,-1
85,112,1026,543,90,111,1,-1,-1,-1
85,110,32,445,72,91,1,-1,-1,-1
85,87,648,417,65,89,1,-1,-1,-1
85,77,333,621,93,125,1,-1,-1,-1
85,72,1362,708,72,143,1,-1,-1,-1
85,57,203,521,53,112,1,-1,-1,-1
86,117,1587,369,41,82,1,-1,-1,-1
86,114,161,402,68,77,1,-1,-1,-1
86,113,360,381,37,66,1,-1,-1,-1
86,112,1013,544,92,110,1,-1,-1,-1
86,110,0,448,68,90,1,-1,-1,-1
86,87,628,418,65,89,1,-1,-1,-1
86,77,320,621,89,125,1,-1,-1,-1
86,72,1357,706,75,143,1,-1,-1,-1
86,57,187,522,54,113,1,-1,-1,-1
87,117,1577,369,42,81,1,-1,-1,-1
87,114,137,403,71,78,1,-1,-1,-1
87,113,337,382,38,67,1,-1,-1,-1
87,112,1001,544,94,110,1,-1,-1,-1
87,110,0,449,46,91,1,-1,-1,-1
87,87,608,418,64,89,1,-1,-1,-1
87,77,308,621,86,125,1,-1,-1,-1
87,72,1352,705,77,142,1,-1,-1,-1
87,57,170,523,55,113,1,-1,-1,-1
89,117,1508,371,49,77,1,-1,-1,-1
89,114,94,405,75,78,1,-1,-1,-1
89,113,294,384,39,68,1,-1,-1,-1
89,112,981,545,97,109,1,-1,-1,-1
89,87,573,420,62,90,1,-1,-1,-1
89,77,286,622,80,125,1,-1,-1,-1
89,72,1345,702,80,141,1,-1,-1,-1
89,57,140,525,58,113,1,-1,-1,-1
90,117,1487,371,47,77,1,-1,-1,-1
90,114,78,406,76,79,1,-1,-1,-1
90,113,278,385,39,68,1,-1,-1,-1
90,112,977,546,97,109,1,-1,-1,-1
90,87,562,421,58,89,1,-1,-1,-1
90,77,281,622,81,125,1,-1,-1,-1
90,72,1348,701,77,141,1,-1,-1,-1
90,57,130,526,61,113,1,-1,-1,-1
91,117,1453,373,44,78,1,-1,-1,-1
91,114,63,408,76,79,1,-1,-1,-1
91,113,263,387,39,68,1,-1,-1,-1
91,112,972,547,96,110,1,-1,-1,-1
91,87,552,422,55,89,1,-1,-1,-1
91,77,277,623,81,125,1,-1,-1,-1
91,72,1351,700,74,140,1,-1,-1,-1
91,57,121,528,64,112,1,-1,-1,-1
92,117,1448,373,43,78,1,-1,-1,-1
92,114,48,409,77,80,1,-1,-1,-1
92,113,247,388,38,68,1,-1,-1,-1
92,112,968,548,96,110,1,-1,-1,-1
92,87,541,423,51,89,1,-1,-1,-1
92,77,272,623,81,125,1,-1,-1,-1
92,72,1354,700,71,139,1,-1,-1,-1
92,57,111,529,67,112,1,-1,-1,-1
93,117,1434,373,41,78,1,-1,-1,-1
93,114,33,410,77,80,1,-1,-1,-1
93,113,232,390,38,68,1,-1,-1,-1
93,112,964,549,96,111,1,-1,-1,-1
93,87,530,425,47,88,1,-1,-1,-1
93,77,267,624,82,125,1,-1,-1,-1
93,72,1357,699,68,139,1,-1,-1,-1
93,57,101,530,70,111,1,-1,-1,-1
94,117,1410,373,38,78,1,-1,-1,-1
94,114,7,412,78,81,1,-1,-1,-1
94,113,205,392,37,68,1,-1,-1,-1
94,112,956,551,95,111,1,-1,-1,-1
94,87,512,427,41,88,1,-1,-1,-1
94,77,258,625,83,125,1,-1,-1,-1
94,72,1362,698,64,137,1,-1,-1,-1
94,57,85,532,75,110,1,-1,-1,-1
95,117,1406,373,38,78,1,-1,-1,-1
95,114,6,412,77,81,1,-1,-1,-1
95,113,203,392,38,68,1,-1,-1,-1
95,112,957,551,95,111,1,-1,-1,-1
95,87,510,427,41,88,1,-1,-1,-1
95,77,259,624,82,125,1,-1,-1,-1
95,72,1364,698,64,137,1,-1,-1,-1
95,57,85,532,76,110,1,-1,-1,-1
96,117,1394,374,38,77,1,-1,-1,-1
96,114,5,413,72,81,1,-1,-1,-1
96,113,196,393,39,68,1,-1,-1,-1
96,112,962,552,93,111,1,-1,-1,-1
96,87,502,427,43,88,1,-1,-1,-1
96,77,260,623,78,124,1,-1,-1,-1
96,72,1372,697,66,137,1,-1,-1,-1
96,57,85,532,79,110,1,-1,-1,-1
97,117,1382,375,39,76,1,-1,-1,-1
97,114,4,414,67,80,1,-1,-1,-1
97,113,189,394,40,68,1,-1,-1,-1
97,112,967,552,91,112,1,-1,-1,-1
97,87,494,427,45,88,1,-1,-1,-1
97,77,262,622,74,124,1,-1,-1,-1
97,72,1380,696,68,136,1,-1,-1,-1
97,57,85,532,82,110,1,-1,-1,-1
98,117,1369,376,39,75,1,-1,-1,-1
98,114,3,415,61,80,1,-1,-1,-1
98,113,182,394,42,68,1,-1,-1,-1
98,112,972,552,90,112,1,-1,-1,-1
98,87,486,427,47,88,1,-1,-1,-1
98,77,264,621,70,124,1,-1,-1,-1
98,72,1388,696,70,136,1,-1,-1,-1
98,57,86,532,84,110,1,-1,-1,-1
99,117,1357,377,40,75,1,-1,-1,-1
99,114,2,416,56,80,1,-1,-1,-1
99,113,176,395,43,68,1,-1,-1,-1
99,112,977,552,88,112,1,-1,-1,-1
99,87,479,427,49,88,1,-1,-1,-1
99,77,265,620,66,123,1,-1,-1,-1
99,72,1396,695,72,136,1,-1,-1,-1
99,57,86,532,87,110,1,-1,-1,-1
100,117,1333,378,40,73,1,-1,-1,-1
100,114,0,418,46,80,1,-1,-1,-1
100,113,162,397,46,68,1,-1,-1,-1
100,112,986,553,85,112,1,-1,-1,-1
100,87,463,427,53,88,1,-1,-1,-1
100,77,269,618,58,123,1,-1,-1,-1
100,72,1411,693,76,135,1,-1,-1,-1
100,57,87,532,93,110,1,-1,-1,-1
101,117,1332,378,40,73,1,-1,-1,-1
101,114,0,418,46,80,1,-1,-1,-1
101,113,162,397,46,68,1,-1,-1,-1
101,112,986,553,85,112,1,-1,-1,-1
101,87,463,427,53,88,1,-1,-1,-1
101,77,269,618,58,122,1,-1,-1,-1
101,72,1411,693,76,135,1,-1,-1,-1
101,57,87,532,92,110,1,-1,-1,-1
102,117,1318,377,39,74,1,-1,-1,-1
102,114,0,419,40,84,1,-1,-1,-1
102,113,152,397,46,68,1,-1,-1,-1
102,112,989,553,86,112,1,-1,-1,-1
102,87,455,427,54,87,1,-1,-1,-1
102,77,269,617,62,122,1,-1,-1,-1
102,72,1425,692,72,135,1,-1,-1,-1
102,57,93,531,84,112,1,-1,-1,-1
103,117,1304,376,38,74,1,-1,-1,-1
103,114,0,423,24,82,1,-1,-1,-1
103,113,143,398,47,67,1,-1,-1,-1
103,112,992,553,86,111,1,-1,-1,-1
103,87,448,427,55,87,1,-1,-1,-1
103,77,270,615,65,122,1,-1,-1,-1
103,72,1438,691,69,136,1,-1,-1,-1
103,57,100,531,77,115,1,-1,-1,-1
104,117,1290,375,36,75,1,-1,-1,-1
104,114,0,426,15,84,1,-1,-1,-1
104,113,133,398,48,67,1,-1,-1,-1
104,112,995,552,87,111,1,-1,-1,-1
104,87,440,427,56,86,1,-1,-1,-1
104,77,270,614,69,122,1,-1,-1,-1
104,72,1451,689,65,136,1,-1,-1,-1
104,57,106,530,68,118,1,-1,-1,-1
105,117,1276,375,35,76,1,-1,-1,-1
105,113,124,399,48,66,1,-1,-1,-1
105,112,998,552,87,111,1,-1,-1,-1
105,87,432,427,57,86,1,-1,-1,-1
105,77,271,613,72,121,1,-1,-1,-1
105,72,1464,688,62,136,1,-1,-1,-1
105,57,103,530,75,116,1,-1,-1,-1
106,117,1262,374,34,76,1,-1,-1,-1
106,113,115,400,49,65,1,-1,-1,-1
106,112,1001,552,88,110,1,-1,-1,-1
106,87,425,428,58,85,1,-1,-1,-1
106,77,272,612,75,121,1,-1,-1,-1
106,72,1478,687,58,137,1,-1,-1,-1
106,57,99,530,82,114,1,-1,-1,-1
107,117,1244,372,32,77,1,-1,-1,-1
107,113,103,400,49,65,1,-1,-1,-1
107,112,1004,552,88,110,1,-1,-1,-1
107,87,415,428,60,85,1,-1,-1,-1
107,77,272,611,80,121,1,-1,-1,-1
107,72,1494,685,54,137,1,-1,-1,-1
107,57,94,529,90,112,1,-1,-1,-1
108,117,1235,374,34,76,1,-1,-1,-1
108,113,98,401,50,65,1,-1,-1,-1
108,112,1009,553,92,111,1,-1,-1,-1
108,87,410,427,59,85,1,-1,-1,-1
108,77,268,610,85,118,1,-1,-1,-1
108,72,1487,682,75,140,1,-1,-1,-1
108,57,98,529,83,114,1,-1,-1,-1
109,117,1222,375,36,75,1,-1,-1,-1
109,113,92,402,50,65,1,-1,-1,-1
109,112,1014,553,85,112,1,-1,-1,-1
109,87,403,427,59,84,1,-1,-1,-1
109,77,262,608,91,115,1,-1,-1,-1
109,72,1486,682,84,138,1,-1,-1,-1
109,57,104,529,73,116,1,-1,-1,-1
110,117,1209,377,38,74,1,-1,-1,-1
110,113,86,403,51,65,1,-1,-1,-1
110,112,1031,553,60,116,1,-1,-1,-1
110,87,396,426,58,84,1,-1,-1,-1
110,77,253,606,101,111,1,-1,-1,-1
110,72,1482,682,118,131,1,-1,-1,-1
110,57,113,528,59,120,1,-1,-1,-1
111,117,1197,379,41,72,1,-1,-1,-1
111,113,80,404,51,65,1,-1,-1,-1
111,112,1032,553,62,116,1,-1,-1,-1
111,87,389,426,58,84,1,-1,-1,-1
111,77,257,606,93,112,1,-1,-1,-1
111,72,1491,681,110,133,1,-1,-1,-1
111,57,109,528,65,118,1,-1,-1,-1
112,117,1184,380,43,71,1,-1,-1,-1
112,113,74,405,52,65,1,-1,-1,-1
112,112,1033,552,66,116,1,-1,-1,-1
112,87,382,425,58,84,1,-1,-1,-1
112,77,265,605,77,115,1,-1,-1,-1
112,72,1509,680,95,138,1,-1,-1,-1
112,57,102,528,78,114,1,-1,-1,-1
113,117,1165,383,46,69,1,-1,-1,-1
113,113,65,406,52,65,1,-1,-1,-1
113,112,1035,552,72,117,1,-1,-1,-1
113,87,371,424,57,84,1,-1,-1,-1
113,77,276,605,53,119,1,-1,-1,-1
113,72,1535,678,72,145,1,-1,-1,-1
113,57,91,527,98,108,1,-1,-1,-1
114,117,1159,383,46,69,1,-1,-1,-1
114,113,62,407,53,65,1,-1,-1,-1
114,112,1038,552,71,117,1,-1,-1,-1
114,87,368,424,57,84,1,-1,-1,-1
114,77,276,604,55,118,1,-1,-1,-1
114,72,1539,678,72,144,1,-1,-1,-1
114,57,93,527,96,108,1,-1,-1,-1
115,117,1147,384,44,69,1,-1,-1,-1
115,113,57,408,54,65,1,-1,-1,-1
115,112,1043,552,70,117,1,-1,-1,-1
115,87,361,424,57,85,1,-1,-1,-1
115,77,276,604,58,117,1,-1,-1,-1
115,72,1548,677,72,144,1,-1,-1,-1
115,57,95,527,94,108,1,-1,-1,-1
116,117,1135,384,43,69,1,-1,-1,-1
116,113,51,408,55,64,1,-1,-1,-1
116,112,1049,552,68,117,1,-1,-1,-1
116,87,354,424,58,86,1,-1,-1,-1
116,77,276,603,62,116,1,-1,-1,-1
116,72,1556,676,71,143,1,-1,-1,-1
116,57,97,526,92,108,1,-1,-1,-1
117,117,1123,385,42,69,1,-1,-1,-1
117,113,45,409,55,64,1,-1,-1,-1
117,112,1054,553,67,117,1,-1,-1,-1
117,87,347,425,58,86,1,-1,-1,-1
117,77,276,602,65,115,1,-1,-1,-1
117,72,1564,675,71,142,1,-1,-1,-1
117,57,100,525,90,107,1,-1,-1,-1
118,117,1111,386,41,68,1,-1,-1,-1
118,113,40,410,56,63,1,-1,-1,-1
118,112,1060,553,65,117,1,-1,-1,-1
118,87,340,425,58,87,1,-1,-1,-1
118,77,276,602,68,113,1,-1,-1,-1
118,72,1573,675,70,142,1,-1,-1,-1
118,57,102,525,88,107,1,-1,-1,-1
119,117,1090,387,39,68,1,-1,-1,-1
119,113,30,412,58,62,1,-1,-1,-1
119,112,1069,553,63,117,1,-1,-1,-1
119,87,328,425,59,88,1,-1,-1,-1
119,77,276,601,74,111,1,-1,-1,-1
119,72,1587,673,70,141,1,-1,-1,-1
119,57,106,524,84,107,1,-1,-1,-1
120,117,1087,387,39,68,1,-1,-1,-1
120,113,30,412,58,62,1,-1,-1,-1
120,112,1071,554,62,117,1,-1,-1,-1
120,87,327,425,59,87,1,-1,-1,-1
120,77,276,600,74,112,1,-1,-1,-1
120,72,1588,673,71,140,1,-1,-1,-1
120,57,106,524,84,107,1,-1,-1,-1
121,117,1075,387,38,69,1,-1,-1,-1
121,113,26,413,59,63,1,-1,-1,-1
121,112,1076,554,60,117,1,-1,-1,-1
121,87,322,426,58,86,1,-1,-1,-1
121,77,278,598,75,112,1,-1,-1,-1
121,72,1591,671,75,139,1,-1,-1,-1
121,57,108,523,83,109,1,-1,-1,-1
122,117,1063,386,38,69,1,-1,-1,-1
122,113,23,414,60,63,1,-1,-1,-1
122,112,1081,555,58,117,1,-1,-1,-1
122,87,317,426,58,84,1,-1,-1,-1
122,77,279,597,77,113,1,-1,-1,-1
122,72,1594,670,80,137,1,-1,-1,-1
122,57,109,523,82,111,1,-1,-1,-1
123,117,1051,386,37,70,1,-1,-1,-1
123,113,20,415,60,64,1,-1,-1,-1
123,112,1087,556,55,117,1,-1,-1,-1
123,87,313,427,58,82,1,-1,-1,-1
123,77,280,595,78,113,1,-1,-1,-1
123,72,1597,669,85,135,1,-1,-1,-1
123,57,110,522,81,113,1,-1,-1,-1
124,117,1038,386,36,71,1,-1,-1,-1
124,113,17,416,61,65,1,-1,-1,-1
124,112,1092,557,53,116,1,-1,-1,-1
124,87,308,427,58,80,1,-1,-1,-1
124,77,281,593,79,114,1,-1,-1,-1
124,72,1600,667,89,133,1,-1,-1,-1
124,57,111,522,80,115,1,-1,-1,-1
125,117,1014,385,35,72,1,-1,-1,-1
125,113,10,418,63,66,1,-1,-1,-1
125,112,1103,558,49,116,1,-1,-1,-1
125,87,298,428,57,77,1,-1,-1,-1
125,77,284,590,81,115,1,-1,-1,-1
125,72,1606,665,98,129,1,-1,-1,-1
125,57,113,521,79,119,1,-1,-1,-1
126,117,1014,385,35,72,1,-1,-1,-1
126,113,10,418,63,66,1,-1,-1,-1
126,112,1103,558,49,116,1,-1,-1,-1
126,87,298,428,57,77,1,-1,-1,-1
126,77,284,590,81,115,1,-1,-1,-1
126,72,1606,665,98,129,1,-1,-1,-1
126,57,113,521,79,119,1,-1,-1,-1
127,117,998,386,37,72,1,-1,-1,-1
127,113,8,419,63,67,1,-1,-1,-1
127,112,1110,558,48,116,1,-1,-1,-1
127,87,294,429,55,77,1,-1,-1,-1
127,77,286,589,81,114,1,-1,-1,-1
127,72,1615,663,95,129,1,-1,-1,-1
127,57,116,520,78,118,1,-1,-1,-1
128,117,983,387,39,72,1,-1,-1,-1
128,113,7,420,62,67,1,-1,-1,-1
128,112,1116,558,47,116,1,-1,-1,-1
128,87,289,430,53,78,1,-1,-1,-1
128,77,288,588,80,113,1,-1,-1,-1
128,72,1623,661,93,129,1,-1,-1,-1
128,57,120,519,77,118,1,-1,-1,-1
129,117,967,388,41,73,1,-1,-1,-1
129,113,5,421,62,68,1,-1,-1,-1
129,112,1122,558,46,116,1,-1,-1,-1
129,87,284,431,50,79,1,-1,-1,-1
129,77,289,587,80,112,1,-1,-1,-1
129,72,1632,658,90,128,1,-1,-1,-1
129,57,123,518,76,117,1,-1,-1,-1
130,117,952,389,43,73,1,-1,-1,-1
130,113,3,422,61,69,1,-1,-1,-1
130,112,1129,558,45,116,1,-1,-1,-1
130,87,280,432,48,79,1,-1,-1,-1
130,77,291,586,80,111,1,-1,-1,-1
130,72,1640,656,87,128,1,-1,-1,-1
130,57,127,518,75,117,1,-1,-1,-1
131,117,936,390,45,73,1,-1,-1,-1
131,113,2,422,61,70,1,-1,-1,-1
131,112,1135,558,44,116,1,-1,-1,-1
131,87,275,433,46,80,1,-1,-1,-1
131,77,293,586,79,110,1,-1,-1,-1
131,72,1649,654,85,128,1,-1,-1,-1
131,57,130,517,74,116,1,-1,-1,-1
132,117,916,391,48,74,1,-1,-1,-1
132,113,0,424,60,71,1,-1,-1,-1
132,112,1143,558,43,116,1,-1,-1,-1
132,87,269,434,43,81,1,-1,-1,-1
132,77,295,585,79,109,1,-1,-1,-1
132,72,1659,652,81,127,1,-1,-1,-1
132,57,134,516,73,116,1,-1,-1,-1
133,117,909,391,47,74,1,-1,-1,-1
133,113,0,424,59,71,1,-1,-1,-1
133,112,1146,558,44,116,1,-1,-1,-1
133,87,269,434,44,81,1,-1,-1,-1
133,77,297,583,78,109,1,-1,-1,-1
133,72,1662,651,81,127,1,-1,-1,-1
133,57,138,515,71,116,1,-1,-1,-1
134,117,898,390,45,75,1,-1,-1,-1
134,113,0,425,58,72,1,-1,-1,-1
134,112,1150,558,45,116,1,-1,-1,-1
134,87,269,434,46,81,1,-1,-1,-1
134,77,299,581,78,109,1,-1,-1,-1
134,72,1665,650,80,127,1,-1,-1,-1
134,57,143,515,69,116,1,-1,-1,-1
135,117,888,390,43,75,1,-1,-1,-1
135,113,1,426,57,72,1,-1,-1,-1
135,112,1154,558,47,116,1,-1,-1,-1
135,87,268,434,47,81,1,-1,-1,-1
135,77,302,580,78,108,1,-1,-1,-1
135,72,1668,650,79,127,1,-1,-1,-1
135,57,149,514,66,116,1,-1,-1,-1
136,117,878,390,41,76,1,-1,-1,-1
136,113,1,427,56,73,1,-1,-1,-1
136,112,1158,558,48,115,1,-1,-1,-1
136,87,268,434,49,81,1,-1,-1,-1
136,77,304,578,77,108,1,-1,-1,-1
136,72,1671,649,78,127,1,-1,-1,-1
136,57,154,513,64,116,1,-1,-1,-1
137,117,867,390,39,76,1,-1,-1,-1
137,113,1,428,55,73,1,-1,-1,-1
137,112,1162,558,49,115,1,-1,-1,-1
137,87,268,434,50,82,1,-1,-1,-1
137,77,306,576,77,108,1,-1,-1,-1
137,72,1674,648,77,127,1,-1,-1,-1
137,57,159,512,62,116,1,-1,-1,-1
138,117,852,390,37,77,1,-1,-1,-1
138,113,2,429,54,74,1,-1,-1,-1
138,112,1168,558,51,115,1,-1,-1,-1
138,87,268,434,52,82,1,-1,-1,-1
138,77,309,573,76,108,1,-1,-1,-1
138,72,1678,647,75,127,1,-1,-1,-1
138,57,167,511,58,117,1,-1,-1,-1
139,117,847,390,37,77,1,-1,-1,-1
139,113,3,429,54,75,1,-1,-1,-1
139,112,1172,558,51,115,1,-1,-1,-1
139,87,267,434,52,82,1,-1,-1,-1
139,77,311,572,76,109,1,-1,-1,-1
139,72,1678,646,75,126,1,-1,-1,-1
139,57,170,511,58,116,1,-1,-1,-1
140,117,838,391,36,77,1,-1,-1,-1
140,113,4,430,54,75,1,-1,-1,-1
140,112,1178,558,51,115,1,-1,-1,-1
140,87,267,434,51,83,1,-1,-1,-1
140,77,313,571,75,109,1,-1,-1,-1
140,72,1676,643,75,125,1,-1,-1,-1
140,57,175,511,58,115,1,-1,-1,-1
141,117,829,392,36,77,1,-1,-1,-1
141,113,5,431,54,76,1,-1,-1,-1
141,112,1185,558,51,114,1,-1,-1,-1
141,87,266,434,49,83,1,-1,-1,-1
141,77,315,570,74,110,1,-1,-1,-1
141,72,1674,641,75,125,1,-1,-1,-1
141,57,181,511,59,114,1,-1,-1,-1
142,117,820,393,35,77,1,-1,-1,-1
142,113,6,432,54,77,1,-1,-1,-1
142,112,1192,558,51,114,1,-1,-1,-1
142,87,266,434,48,83,1,-1,-1,-1
142,77,318,568,72,111,1,-1,-1,-1
142,72,1672,638,75,124,1,-1,-1,-1
142,57,187,511,59,113,1,-1,-1,-1
143,117,810,394,35,77,1,-1,-1,-1
143,113,7,432,53,78,1,-1,-1,-1
143,112,1199,558,51,114,1,-1,-1,-1
143,87,265,434,47,84,1,-1,-1,-1
143,77,320,567,71,112,1,-1,-1,-1
143,72,1671,636,75,123,1,-1,-1,-1
143,57,193,511,59,111,1,-1,-1,-1
144,117,794,396,34,76,1,-1,-1,-1
144,113,9,433,53,79,1,-1,-1,-1
144,112,1210,558,51,114,1,-1,-1,-1
144,87,264,434,45,85,1,-1,-1,-1
144,77,324,565,69,113,1,-1,-1,-1
144,72,1667,631,75,122,1,-1,-1,-1
144,57,203,511,59,109,1,-1,-1,-1
145,117,792,396,34,76,1,-1,-1,-1
145,113,10,434,53,80,1,-1,-1,-1
145,112,1212,558,51,114,1,-1,-1,-1
145,87,264,434,46,85,1,-1,-1,-1
145,77,325,565,69,113,1,-1,-1,-1
145,72,1668,631,75,122,1,-1,-1,-1
145,57,204,511,58,109,1,-1,-1,-1
146,117,782,396,36,76,1,-1,-1,-1
146,113,16,434,51,80,1,-1,-1,-1
146,112,1220,558,50,114,1,-1,-1,-1
146,87,266,434,47,85,1,-1,-1,-1
146,77,330,563,67,114,1,-1,-1,-1
146,72,1670,629,74,121,1,-1,-1,-1
146,57,210,509,55,110,1,-1,-1,-1
147,117,773,396,37,77,1,-1,-1,-1
147,113,21,434,50,81,1,-1,-1,-1
147,112,1227,557,48,114,1,-1,-1,-1
147,87,267,433,48,85,1,-1,-1,-1
147,77,334,562,65,115,1,-1,-1,-1
147,72,1672,628,73,120,1,-1,-1,-1
147,57,216,507,52,110,1,-1,-1,-1
148,117,763,397,38,77,1,-1,-1,-1
148,113,26,435,48,81,1,-1,-1,-1
148,112,1235,557,47,114,1,-1,-1,-1
148,87,268,433,49,85,1,-1,-1,-1
148,77,339,561,63,116,1,-1,-1,-1
148,72,1674,626,71,120,1,-1,-1,-1
148,57,221,505,49,111,1,-1,-1,-1
149,117,754,397,40,77,1,-1,-1,-1
149,113,32,435,46,82,1,-1,-1,-1
149,112,1242,557,45,114,1,-1,-1,-1
149,87,270,433,50,85,1,-1,-1,-1
149,77,344,560,61,116,1,-1,-1,-1
149,72,1676,625,70,119,1,-1,-1,-1
149,57,227,503,46,111,1,-1,-1,-1
150,117,735,398,42,77,1,-1,-1,-1
150,113,42,436,43,83,1,-1,-1,-1
150,112,1257,556,43,114,1,-1,-1,-1
150,87,272,432,52,85,1,-1,-1,-1
150,77,353,558,58,118,1,-1,-1,-1
150,72,1680,622,68,118,1,-1,-1,-1
150,57,239,500,40,112,1,-1,-1,-1
151,117,735,398,42,77,1,-1,-1,-1
151,113,42,436,43,83,1,-1,-1,-1
151,112,1257,556,43,114,1,-1,-1,-1
151,87,272,432,52,85,1,-1,-1,-1
151,77,353,558,58,118,1,-1,-1,-1
151,72,1680,622,68,117,1,-1,-1,-1
151,57,239,500,40,112,1,-1,-1,-1
152,117,727,399,43,77,1,-1,-1,-1
152,113,51,437,43,83,1,-1,-1,-1
152,112,1264,555,45,113,1,-1,-1,-1
152,87,278,432,52,85,1,-1,-1,-1
152,77,360,556,56,117,1,-1,-1,-1
152,72,1679,619,72,117,1,-1,-1,-1
152,57,246,499,42,111,1,-1,-1,-1
153,117,718,399,44,77,1,-1,-1,-1
153,113,59,438,43,83,1,-1,-1,-1
153,112,1271,554,47,113,1,-1,-1,-1
153,87,284,433,52,85,1,-1,-1,-1
153,77,366,555,53,116,1,-1,-1,-1
153,72,1678,616,76,116,1,-1,-1,-1
153,57,254,498,44,111,1,-1,-1,-1
154,117,709,400,45,77,1,-1,-1,-1
154,113,68,439,44,84,1,-1,-1,-1
154,112,1278,553,49,113,1,-1,-1,-1
154,87,289,433,52,84,1,-1,-1,-1
154,77,373,554,51,115,1,-1,-1,-1
154,72,1677,613,79,115,1,-1,-1,-1
154,57,262,497,46,110,1,-1,-1,-1
155,117,701,401,45,77,1,-1,-1,-1
155,113,76,439,44,84,1,-1,-1,-1
155,112,1285,552,51,113,1,-1,-1,-1
155,87,295,434,53,84,1,-1,-1,-1
155,77,380,552,49,115,1,-1,-1,-1
155,72,1676,609,83,115,1,-1,-1,-1
155,57,270,497,48,109,1,-1,-1,-1
156,117,692,402,46,77,1,-1,-1,-1
156,113,85,440,44,84,1,-1,-1,-1
156,112,1291,551,54,112,1,-1,-1,-1
156,87,301,434,53,84,1,-1,-1,-1
156,77,386,551,47,114,1,-1,-1,-1
156,72,1675,606,87,114,1,-1,-1,-1
156,57,278,496,50,108,1,-1,-1,-1
157,117,682,402,47,77,1,-1,-1,-1
157,113,95,441,44,85,1,-1,-1,-1
157,112,1300,550,56,112,1,-1,-1,-1
157,87,308,435,53,84,1,-1,-1,-1
157,77,394,549,44,113,1,-1,-1,-1
157,72,1674,602,92,113,1,-1,-1,-1
157,57,287,495,52,107,1,-1,-1,-1
158,117,684,404,46,76,1,-1,-1,-1
158,113,109,443,45,85,1,-1,-1,-1
158,112,1309,550,59,112,1,-1,-1,-1
158,87,319,437,53,83,1,-1,-1,-1
158,77,402,550,47,112,1,-1,-1,-1
158,72,1685,603,91,114,1,-1,-1,-1
158,57,299,495,51,106,1,-1,-1,-1
159,117,688,407,45,76,1,-1,-1,-1
159,113,127,444,46,85,1,-1,-1,-1
159,112,1320,549,62,112,1,-1,-1,-1
159,87,333,439,54,82,1,-1,-1,-1
159,77,411,551,50,110,1,-1,-1,-1
159,72,1700,604,88,116,1,-1,-1,-1
159,57,314,496,49,106,1,-1,-1,-1
160,117,691,410,43,76,1,-1,-1,-1
160,113,145,446,46,85,1,-1,-1,-1
160,112,1332,549,65,112,1,-1,-1,-1
160,87,348,441,55,81,1,-1,-1,-1
160,77,421,552,53,109,1,-1,-1,-1
160,72,1714,605,86,118,1,-1,-1,-1
160,57,329,496,47,105,1,-1,-1,-1
161,117,694,412,42,76,1,-1,-1,-1
161,113,162,448,47,86,1,-1,-1,-1
161,112,1344,549,69,112,1,-1,-1,-1
161,87,362,444,56,80,1,-1,-1,-1
161,77,431,553,56,107,1,-1,-1,-1
161,72,1728,606,84,120,1,-1,-1,-1
161,57,344,497,45,105,1,-1,-1,-1
162,129,0,783,73,184,1,-1,-1,-1
162,117,698,415,41,76,1,-1,-1,-1
162,113,180,449,48,86,1,-1,-1,-1
162,112,1356,548,72,112,1,-1,-1,-1
162,87,377,446,56,79,1,-1,-1,-1
162,77,440,554,59,106,1,-1,-1,-1
162,72,1743,607,82,122,1,-1,-1,-1
162,57,359,497,43,104,1,-1,-1,-1
163,129,13,781,96,182,1,-1,-1,-1
163,117,703,419,38,76,1,-1,-1,-1
163,113,207,452,49,86,1,-1,-1,-1
163,112,1373,548,77,113,1,-1,-1,-1
163,87,398,450,58,78,1,-1,-1,-1
163,77,454,555,64,104,1,-1,-1,-1
163,72,1764,608,79,125,1,-1,-1,-1
163,57,382,498,40,104,1,-1,-1,-1
164,129,18,779,102,184,1,-1,-1,-1
164,117,708,421,39,75,1,-1,-1,-1
164,113,219,454,49,86,1,-1,-1,-1
164,112,1385,550,77,113,1,-1,-1,-1
164,87,408,451,57,79,1,-1,-1,-1
164,77,464,555,63,104,1,-1,-1,-1
164,72,1775,609,81,123,1,-1,-1,-1
164,57,391,499,41,103,1,-1,-1,-1
165,132,9,512,60,103,1,-1,-1,-1
165,129,38,779,96,183,1,-1,-1,-1
165,117,718,424,39,75,1,-1,-1,-1
165,113,242,457,50,85,1,-1,-1,-1
165,112,1408,553,76,114,1,-1,-1,-1
165,87,426,453,55,80,1,-1,-1,-1
165,77,483,556,63,104,1,-1,-1,-1
165,72,1805,610,87,118,1,-1,-1,-1
165,57,410,500,43,103,1,-1,-1,-1
166,129,59,780,91,181,1,-1,-1,-1
166,117,729,428,39,75,1,-1,-1,-1
166,113,265,460,50,85,1,-1,-1,-1
166,112,1430,557,75,115,1,-1,-1,-1
166,87,445,456,53,81,1,-1,-1,-1
166,77,503,557,62,104,1,-1,-1,-1
166,72,1825,613,92,114,1,-1,-1,-1
166,57,429,501,46,103,1,-1,-1,-1
167,129,79,780,85,179,1,-1,-1,-1
167,117,739,431,40,74,1,-1,-1,-1
167,113,288,463,51,84,1,-1,-1,-1
167,112,1453,561,74,116,1,-1,-1,-1
167,87,463,458,51,82,1,-1,-1,-1
167,77,522,557,61,104,1,-1,-1,-1
167,72,1852,629,67,103,1,-1,-1,-1
167,57,448,503,48,102,1,-1,-1,-1
168,129,100,780,79,178,1,-1,-1,-1
168,117,750,435,40,74,1,-1,-1,-1
168,113,311,467,52,84,1,-1,-1,-1
168,112,1476,565,73,117,1,-1,-1,-1
168,87,482,461,49,83,1,-1,-1,-1
168,77,541,558,61,104,1,-1,-1,-1
168,72,1886,654,33,71,1,-1,-1,-1
168,57,466,504,50,102,1,-1,-1,-1
169,136,107,519,88,98,1,-1,-1,-1
169,129,135,781,69,175,1,-1,-1,-1
169,117,768,441,40,73,1,-1,-1,-1
169,112,1515,571,72,118,1,-1,-1,-1
169,87,514,465,46,84,1,-1,-1,-1
169,77,574,559,59,104,1,-1,-1,-1
169,72,1886,648,33,71,1,-1,-1,-1
169,57,499,506,54,102,1,-1,-1,-1
171,138,91,467,86,93,1,-1,-1,-1
171,136,138,519,86,98,1,-1,-1,-1
171,129,158,782,73,171,1,-1,-1,-1
171,117,786,444,41,74,1,-1,-1,-1
171,112,1544,577,71,117,1,-1,-1,-1
171,87,538,470,50,84,1,-1,-1,-1
171,77,598,562,60,106,1,-1,-1,-1
171,57,524,508,53,101,1,-1,-1,-1
172,141,408,482,52,84,1,-1,-1,-1
172,138,113,470,82,93,1,-1,-1,-1
172,136,163,521,84,98,1,-1,-1,-1
172,134,14,488,68,96,1,-1,-1,-1
172,129,176,784,76,169,1,-1,-1,-1
172,117,800,447,41,74,1,-1,-1,-1
172,112,1568,581,70,116,1,-1,-1,-1
172,87,557,474,54,84,1,-1,-1,-1
172,77,616,564,61,107,1,-1,-1,-1
172,57,544,510,52,100,1,-1,-1,-1
173,141,433,486,52,85,1,-1,-1,-1
173,138,135,473,78,92,1,-1,-1,-1
173,136,188,523,83,98,1,-1,-1,-1
173,134,27,490,63,96,1,-1,-1,-1
173,129,194,785,79,166,1,-1,-1,-1
173,117,815,449,41,74,1,-1,-1,-1
173,112,1591,585,70,115,1,-1,-1,-1
173,87,576,478,57,83,1,-1,-1,-1
173,77,635,567,61,108,1,-1,-1,-1
173,57,564,512,51,100,1,-1,-1,-1
174,141,458,490,52,86,1,-1,-1,-1
174,138,157,476,74,92,1,-1,-1,-1
174,136,213,525,81,98,1,-1,-1,-1
174,134,64,497,49,96,1,-1,-1,-1
174,129,212,787,82,163,1,-1,-1,-1
174,117,829,452,41,75,1,-1,-1,-1
174,112,1614,589,69,114,1,-1,-1,-1
174,87,596,482,60,83,1,-1,-1,-1
174,77,653,569,62,110,1,-1,-1,-1
174,57,584,514,50,99,1,-1,-1,-1
175,141,507,498,51,87,1,-1,-1,-1
175,138,201,483,66,91,1,-1,-1,-1
175,136,263,528,78,98,1,-1,-1,-1
175,134,92,498,40,99,1,-1,-1,-1
175,129,248,789,88,158,1,-1,-1,-1
175,112,1660,597,68,111,1,-1,-1,-1
175,87,634,490,66,83,1,-1,-1,-1
175,77,690,574,63,112,1,-1,-1,-1
175,57,623,517,48,98,1,-1,-1,-1
176,141,507,498,51,87,1,-1,-1,-1
176,138,201,483,66,91,1,-1,-1,-1
176,136,264,528,78,98,1,-1,-1,-1
176,134,92,498,40,99,1,-1,-1,-1
176,129,248,789,88,158,1,-1,-1,-1
176,112,1661,597,68,111,1,-1,-1,-1
176,87,634,490,66,83,1,-1,-1,-1
176,77,691,574,63,112,1,-1,-1,-1
176,57,624,517,48,98,1,-1,-1,-1
177,141,536,502,48,87,1,-1,-1,-1
177,138,225,485,70,91,1,-1,-1,-1
177,136,290,530,77,99,1,-1,-1,-1
177,134,115,500,42,99,1,-1,-1,-1
177,129,268,789,85,159,1,-1,-1,-1
177,112,1690,600,69,113,1,-1,-1,-1
177,87,654,493,63,84,1,-1,-1,-1
177,77,713,577,60,112,1,-1,-1,-1
177,57,647,519,48,98,1,-1,-1,-1
178,145,893,461,44,78,1,-1,-1,-1
178,141,565,506,46,87,1,-1,-1,-1
178,138,249,487,73,91,1,-1,-1,-1
178,136,317,532,77,100,1,-1,-1,-1
178,134,137,502,45,100,1,-1,-1,-1
178,129,287,789,82,160,1,-1,-1,-1
178,112,1719,603,70,115,1,-1,-1,-1
178,87,674,495,60,86,1,-1,-1,-1
178,77,734,580,57,112,1,-1,-1,-1
178,57,670,521,48,98,1,-1,-1,-1
179,145,911,463,46,79,1,-1,-1,-1
179,141,593,510,43,87,1,-1,-1,-1
179,138,272,490,77,91,1,-1,-1,-1
179,136,344,534,77,101,1,-1,-1,-1
179,134,160,503,47,100,1,-1,-1,-1
179,129,306,788,79,161,1,-1,-1,-1
179,112,1748,606,71,118,1,-1,-1,-1
179,87,694,498,57,88,1,-1,-1,-1
179,77,756,583,54,111,1,-1,-1,-1
179,57,693,522,48,97,1,-1,-1,-1
180,145,929,465,48,80,1,-1,-1,-1
180,141,622,514,41,87,1,-1,-1,-1
180,138,296,492,80,91,1,-1,-1,-1
180,136,371,535,76,102,1,-1,-1,-1
180,134,183,505,50,101,1,-1,-1,-1
180,129,326,788,76,162,1,-1,-1,-1
180,112,1778,609,72,120,1,-1,-1,-1
180,87,714,500,55,89,1,-1,-1,-1
180,77,778,587,51,111,1,-1,-1,-1
180,57,716,524,48,97,1,-1,-1,-1
181,145,947,467,50,81,1,-1,-1,-1
181,141,650,518,38,87,1,-1,-1,-1
181,138,320,494,84,90,1,-1,-1,-1
181,136,398,537,76,103,1,-1,-1,-1
181,134,205,506,52,101,1,-1,-1,-1
181,129,345,787,74,163,1,-1,-1,-1
181,112,1807,612,72,122,1,-1,-1,-1
181,87,734,503,52,91,1,-1,-1,-1
181,77,800,590,49,111,1,-1,-1,-1
181,57,739,526,48,97,1,-1,-1,-1
182,145,969,469,52,83,1,-1,-1,-1
182,141,686,523,35,87,1,-1,-1,-1
182,138,349,497,88,90,1,-1,-1,-1
182,136,432,539,75,104,1,-1,-1,-1
182,134,233,509,55,102,1,-1,-1,-1
182,129,369,787,70,164,1,-1,-1,-1
182,112,1843,616,74,124,1,-1,-1,-1
182,87,759,506,48,93,1,-1,-1,-1
182,77,827,594,45,111,1,-1,-1,-1
182,57,768,528,48,96,1,-1,-1,-1
183,147,24,535,55,113,1,-1,-1,-1
183,145,977,470,53,83,1,-1,-1,-1
183,141,699,526,38,87,1,-1,-1,-1
183,138,365,500,84,90,1,-1,-1,-1
183,136,448,541,71,105,1,-1,-1,-1
183,134,246,510,54,102,1,-1,-1,-1
183,129,377,787,71,167,1,-1,-1,-1
183,112,1864,618,55,124,1,-1,-1,-1
183,87,767,508,48,94,1,-1,-1,-1
183,77,838,595,45,111,1,-1,-1,-1
183,57,780,529,46,96,1,-1,-1,-1
184,147,44,538,53,110,1,-1,-1,-1
184,145,989,472,54,84,1,-1,-1,-1
184,141,717,529,41,87,1,-1,-1,-1
184,138,386,504,79,91,1,-1,-1,-1
184,136,470,543,65,106,1,-1,-1,-1
184,134,263,511,52,103,1,-1,-1,-1
184,129,389,788,71,171,1,-1,-1,-1
184,112,1888,618,31,94,1,-1,-1,-1
184,87,778,510,49,94,1,-1,-1,-1
184,77,854,597,46,111,1,-1,-1,-1
184,57,796,530,44,96,1,-1,-1,-1
185,147,55,539,57,111,1,-1,-1,-1
185,145,1000,473,54,86,1,-1,-1,-1
185,141,735,533,44,86,1,-1,-1,-1
185,138,407,507,74,91,1,-1,-1,-1
185,136,492,545,60,107,1,-1,-1,-1
185,134,279,513,50,104,1,-1,-1,-1
185,129,401,788,72,175,1,-1,-1,-1
185,112,1888,622,31,86,1,-1,-1,-1
185,87,789,513,50,95,1,-1,-1,-1
185,77,869,599,46,111,1,-1,-1,-1
185,57,812,530,42,96,1,-1,-1,-1
186,147,67,539,63,112,1,-1,-1,-1
186,145,1012,475,55,87,1,-1,-1,-1
186,141,753,536,48,86,1,-1,-1,-1
186,138,428,511,69,91,1,-1,-1,-1
186,136,514,547,54,109,1,-1,-1,-1
186,134,296,514,48,104,1,-1,-1,-1
186,129,412,788,73,179,1,-1,-1,-1
186,87,800,515,50,96,1,-1,-1,-1
186,77,884,601,46,111,1,-1,-1,-1
186,57,827,531,40,97,1,-1,-1,-1
187,147,80,539,68,112,1,-1,-1,-1
187,145,1023,476,56,88,1,-1,-1,-1
187,141,771,540,51,86,1,-1,-1,-1
187,138,449,514,64,91,1,-1,-1,-1
187,136,536,549,48,110,1,-1,-1,-1
187,134,313,516,46,105,1,-1,-1,-1
187,129,424,789,74,183,1,-1,-1,-1
187,87,810,518,51,97,1,-1,-1,-1
187,77,899,603,47,111,1,-1,-1,-1
187,57,843,532,37,97,1,-1,-1,-1
188,147,98,540,76,113,1,-1,-1,-1
188,145,1040,479,57,89,1,-1,-1,-1
188,141,798,545,56,85,1,-1,-1,-1
188,138,480,520,57,91,1,-1,-1,-1
188,136,568,552,40,112,1,-1,-1,-1
188,134,338,518,43,106,1,-1,-1,-1
188,129,441,790,75,189,1,-1,-1,-1
188,87,826,522,52,98,1,-1,-1,-1
188,77,921,606,47,111,1,-1,-1,-1
188,57,866,534,34,97,1,-1,-1,-1
189,147,104,540,72,114,1,-1,-1,-1
189,145,1042,480,59,89,1,-1,-1,-1
189,141,807,545,57,86,1,-1,-1,-1
189,138,486,520,58,92,1,-1,-1,-1
189,136,574,553,43,111,1,-1,-1,-1
189,134,343,518,45,105,1,-1,-1,-1
189,129,443,790,77,188,1,-1,-1,-1
189,87,832,523,50,99,1,-1,-1,-1
189,77,927,607,50,111,1,-1,-1,-1
189,57,873,534,34,97,1,-1,-1,-1
190,147,117,542,63,115,1,-1,-1,-1
190,145,1046,482,64,89,1,-1,-1,-1
190,141,825,546,59,88,1,-1,-1,-1
190,138,496,520,60,93,1,-1,-1,-1
190,136,587,554,50,109,1,-1,-1,-1
190,134,353,519,50,105,1,-1,-1,-1
190,129,448,792,81,186,1,-1,-1,-1
190,87,842,524,48,101,1,-1,-1,-1
190,77,937,609,55,111,1,-1,-1,-1
190,57,884,533,35,99,1,-1,-1,-1
191,147,130,543,54,116,1,-1,-1,-1
191,145,1050,485,69,90,1,-1,-1,-1
191,141,843,546,61,90,1,-1,-1,-1
191,138,506,520,61,95,1,-1,-1,-1
191,136,600,556,56,107,1,-1,-1,-1
191,134,363,520,54,105,1,-1,-1,-1
191,129,453,794,85,184,1,-1,-1,-1
191,87,852,526,45,103,1,-1,-1,-1
191,77,948,611,59,111,1,-1,-1,-1
191,57,896,533,36,100,1,-1,-1,-1
192,147,160,545,44,116,1,-1,-1,-1
192,145,1064,493,70,87,1,-1,-1,-1
192,141,861,546,63,92,1,-1,-1,-1
192,138,521,521,56,96,1,-1,-1,-1
192,136,624,559,69,104,1,-1,-1,-1
192,134,373,520,59,105,1,-1,-1,-1
192,129,462,798,93,181,1,-1,-1,-1
192,87,862,527,42,105,1,-1,-1,-1
192,77,968,615,68,111,1,-1,-1,-1
192,57,908,533,37,101,1,-1,-1,-1
193,147,160,545,45,117,1,-1,-1,-1
193,145,1065,493,70,87,1,-1,-1,-1
193,141,879,547,65,94,1,-1,-1,-1
193,138,536,521,50,98,1,-1,-1,-1
193,136,626,559,68,105,1,-1,-1,-1
193,134,383,521,63,105,1,-1,-1,-1
193,129,463,798,93,181,1,-1,-1,-1
193,87,873,529,39,107,1,-1,-1,-1
193,77,968,615,69,111,1,-1,-1,-1
193,57,919,533,38,102,1,-1,-1,-1
194,147,168,545,61,121,1,-1,-1,-1
194,145,1074,492,71,92,1,-1,-1,-1
194,141,910,547,68,97,1,-1,-1,-1
194,138,562,521,41,100,1,-1,-1,-1
194,136,657,561,49,110,1,-1,-1,-1
194,134,400,522,71,105,1,-1,-1,-1
194,129,475,804,88,182,1,-1,-1,-1
194,87,890,531,34,111,1,-1,-1,-1
194,77,980,622,78,111,1,-1,-1,-1
194,57,940,532,39,104,1,-1,-1,-1
195,147,169,545,62,121,1,-1,-1,-1
195,145,1074,492,70,92,1,-1,-1,-1
195,141,914,548,68,98,1,-1,-1,-1
195,138,563,521,43,100,1,-1,-1,-1
195,136,660,561,50,110,1,-1,-1,-1
195,134,403,522,70,106,1,-1,-1,-1
195,129,476,805,88,182,1,-1,-1,-1
195,87,891,532,34,111,1,-1,-1,-1
195,77,982,622,77,111,1,-1,-1,-1
195,57,941,532,40,104,1,-1,-1,-1
196,147,173,546,66,121,1,-1,-1,-1
196,145,1074,493,66,91,1,-1,-1,-1
196,141,929,550,66,100,1,-1,-1,-1
196,138,568,521,49,101,1,-1,-1,-1
196,136,671,562,54,110,1,-1,-1,-1
196,134,414,522,69,108,1,-1,-1,-1
196,129,479,807,86,181,1,-1,-1,-1
196,87,895,533,34,112,1,-1,-1,-1
196,77,988,624,75,112,1,-1,-1,-1
196,57,946,531,43,105,1,-1,-1,-1
197,147,177,547,71,121,1,-1,-1,-1
197,145,1073,494,61,91,1,-1,-1,-1
197,141,945,553,64,102,1,-1,-1,-1
197,138,573,520,56,102,1,-1,-1,-1
197,136,681,563,58,110,1,-1,-1,-1
197,134,425,522,68,110,1,-1,-1,-1
197,129,482,810,84,180,1,-1,-1,-1
197,87,900,534,33,114,1,-1,-1,-1
197,77,994,625,73,113,1,-1,-1,-1
197,57,951,530,46,106,1,-1,-1,-1
198,147,184,549,78,120,1,-1,-1,-1
198,145,1073,496,53,90,1,-1,-1,-1
198,141,960,555,62,104,1,-1,-1,-1
198,138,582,520,69,103,1,-1,-1,-1
198,136,702,565,65,109,1,-1,-1,-1
198,134,446,521,66,114,1,-1,-1,-1
198,129,485,813,82,179,1,-1,-1,-1
198,87,904,535,33,115,1,-1,-1,-1
198,77,1000,626,70,114,1,-1,-1,-1
198,57,956,528,49,107,1,-1,-1,-1
199,147,185,549,78,120,1,-1,-1,-1
199,145,1073,496,53,90,1,-1,-1,-1
199,141,975,558,60,106,1,-1,-1,-1
199,138,583,520,68,103,1,-1,-1,-1
199,136,703,565,65,109,1,-1,-1,-1
199,134,447,521,66,114,1,-1,-1,-1
199,129,488,815,80,178,1,-1,-1,-1
199,87,908,536,32,117,1,-1,-1,-1
199,77,1006,628,68,114,1,-1,-1,-1
199,57,962,527,52,108,1,-1,-1,-1
200,147,209,550,57,120,1,-1,-1,-1
200,145,1071,499,50,92,1,-1,-1,-1
200,141,1006,563,56,109,1,-1,-1,-1
200,138,602,519,55,104,1,-1,-1,-1
200,136,724,568,53,109,1,-1,-1,-1
200,134,469,521,64,107,1,-1,-1,-1
200,129,495,820,76,177,1,-1,-1,-1
200,87,916,539,32,120,1,-1,-1,-1
200,77,1018,630,64,116,1,-1,-1,-1
200,57,972,525,57,110,1,-1,-1,-1
201,147,209,550,57,120,1,-1,-1,-1
201,145,1071,499,50,92,1,-1,-1,-1
201,141,1006,563,56,109,1,-1,-1,-1
201,138,602,519,55,104,1,-1,-1,-1
201,136,724,568,53,109,1,-1,-1,-1
201,134,469,521,64,107,1,-1,-1,-1
201,129,495,820,76,177,1,-1,-1,-1
201,87,916,539,32,120,1,-1,-1,-1
201,77,1018,630,64,116,1,-1,-1,-1
201,57,972,525,57,110,1,-1,-1,-1
202,147,212,550,59,121,1,-1,-1,-1
202,145,1069,499,49,93,1,-1,-1,-1
202,141,1022,564,58,110,1,-1,-1,-1
202,138,609,518,55,105,1,-1,-1,-1
202,136,730,568,54,110,1,-1,-1,-1
202,134,478,521,64,107,1,-1,-1,-1
202,129,491,820,81,178,1,-1,-1,-1
202,87,917,539,34,121,1,-1,-1,-1
202,77,1020,630,62,119,1,-1,-1,-1
202,57,978,522,58,113,1,-1,-1,-1
203,147,216,549,60,122,1,-1,-1,-1
203,145,1068,498,49,94,1,-1,-1,-1
203,141,1037,566,61,110,1,-1,-1,-1
203,138,615,517,55,106,1,-1,-1,-1
203,136,737,568,56,112,1,-1,-1,-1
203,134,486,520,65,108,1,-1,-1,-1
203,129,487,820,85,179,1,-1,-1,-1
203,87,917,540,36,122,1,-1,-1,-1
203,77,1023,630,61,122,1,-1,-1,-1
203,57,985,520,58,115,1,-1,-1,-1
204,147,219,549,61,122,1,-1,-1,-1
204,145,1067,498,48,95,1,-1,-1,-1
204,141,1053,567,63,110,1,-1,-1,-1
204,138,621,516,55,107,1,-1,-1,-1
204,136,743,568,57,113,1,-1,-1,-1
204,134,495,520,65,109,1,-1,-1,-1
204,129,484,820,90,181,1,-1,-1,-1
204,87,918,540,38,123,1,-1,-1,-1
204,77,1026,630,59,125,1,-1,-1,-1
204,57,991,517,58,117,1,-1,-1,-1
205,147,222,548,63,123,1,-1,-1,-1
205,145,1066,497,47,96,1,-1,-1,-1
205,141,1068,569,66,111,1,-1,-1,-1
205,138,628,515,55,108,1,-1,-1,-1
205,136,750,568,59,115,1,-1,-1,-1
205,134,503,520,65,109,1,-1,-1,-1
205,129,480,820,94,182,1,-1,-1,-1
205,87,919,541,40,124,1,-1,-1,-1
205,77,1028,630,58,127,1,-1,-1,-1
205,57,998,515,59,120,1,-1,-1,-1
206,147,226,548,64,124,1,-1,-1,-1
206,145,1064,497,47,97,1,-1,-1,-1
206,141,1084,570,68,111,1,-1,-1,-1
206,138,634,514,54,109,1,-1,-1,-1
206,136,756,568,61,116,1,-1,-1,-1
206,134,512,520,65,110,1,-1,-1,-1
206,129,477,821,99,184,1,-1,-1,-1
206,87,920,542,42,125,1,-1,-1,-1
206,77,1031,630,57,130,1,-1,-1,-1
206,57,1005,512,59,122,1,-1,-1,-1
207,147,230,547,66,125,1,-1,-1,-1
207,145,1063,496,46,98,1,-1,-1,-1
207,141,1103,572,71,111,1,-1,-1,-1
207,138,642,513,54,110,1,-1,-1,-1
207,136,764,568,63,118,1,-1,-1,-1
207,134,522,520,66,111,1,-1,-1,-1
207,129,472,821,104,185,1,-1,-1,-1
207,87,920,542,44,126,1,-1,-1,-1
207,77,1034,630,55,134,1,-1,-1,-1
207,57,1013,509,59,125,1,-1,-1,-1
208,147,231,546,65,127,1,-1,-1,-1
208,145,1062,495,46,100,1,-1,-1,-1
208,141,1116,572,73,113,1,-1,-1,-1
208,138,646,512,53,112,1,-1,-1,-1
208,136,766,566,64,120,1,-1,-1,-1
208,134,525,519,65,112,1,-1,-1,-1
208,129,467,821,103,187,1,-1,-1,-1
208,87,922,543,43,127,1,-1,-1,-1
208,77,1034,631,56,135,1,-1,-1,-1
208,57,1013,509,64,124,1,-1,-1,-1
209,147,234,545,64,129,1,-1,-1,-1
209,145,1060,494,46,102,1,-1,-1,-1
209,141,1134,572,75,114,1,-1,-1,-1
209,138,651,510,51,113,1,-1,-1,-1
209,136,769,563,65,122,1,-1,-1,-1
209,134,528,518,63,113,1,-1,-1,-1
209,129,461,821,101,189,1,-1,-1,-1
209,87,924,543,41,128,1,-1,-1,-1
209,77,1034,632,57,136,1,-1,-1,-1
209,57,1013,510,70,123,1,-1,-1,-1
210,147,236,544,64,131,1,-1,-1,-1
210,145,1059,492,46,104,1,-1,-1,-1
210,141,1152,573,77,116,1,-1,-1,-1
210,138,655,509,49,115,1,-1,-1,-1
210,136,772,560,67,124,1,-1,-1,-1
210,134,532,518,62,115,1,-1,-1,-1
210,129,454,821,99,191,1,-1,-1,-1
210,87,925,544,39,129,1,-1,-1,-1
210,77,1033,633,58,137,1,-1,-1,-1
210,57,1013,510,76,122,1,-1,-1,-1
211,147,239,544,63,133,1,-1,-1,-1
211,145,1057,491,46,106,1,-1,-1,-1
211,141,1169,573,79,117,1,-1,-1,-1
211,138,660,507,47,116,1,-1,-1,-1
211,136,774,557,68,126,1,-1,-1,-1
211,134,535,517,61,116,1,-1,-1,-1
211,129,448,821,97,194,1,-1,-1,-1
211,87,927,544,38,130,1,-1,-1,-1
211,77,1033,634,59,138,1,-1,-1,-1
211,57,1013,510,81,121,1,-1,-1,-1
212,147,241,543,62,135,1,-1,-1,-1
212,145,1056,489,46,108,1,-1,-1,-1
212,141,1187,573,81,119,1,-1,-1,-1
212,138,665,505,46,118,1,-1,-1,-1
212,136,777,555,70,127,1,-1,-1,-1
212,134,539,516,59,118,1,-1,-1,-1
212,129,441,821,95,196,1,-1,-1,-1
212,87,929,545,36,131,1,-1,-1,-1
212,77,1033,635,60,139,1,-1,-1,-1
212,57,1013,510,87,120,1,-1,-1,-1
213,147,245,541,61,138,1,-1,-1,-1
213,145,1053,487,46,111,1,-1,-1,-1
213,141,1213,573,84,121,1,-1,-1,-1
213,138,672,503,43,120,1,-1,-1,-1
213,136,781,551,72,130,1,-1,-1,-1
213,134,544,515,57,120,1,-1,-1,-1
213,129,432,821,93,199,1,-1,-1,-1
213,87,932,545,33,133,1,-1,-1,-1
213,77,1033,637,62,141,1,-1,-1,-1
213,57,1013,511,96,118,1,-1,-1,-1
214,147,245,542,61,138,1,-1,-1,-1
214,145,1051,488,49,111,1,-1,-1,-1
214,141,1225,574,82,122,1,-1,-1,-1
214,138,671,503,46,120,1,-1,-1,-1
214,136,782,552,71,130,1,-1,-1,-1
214,134,546,514,57,120,1,-1,-1,-1
214,129,428,822,91,199,1,-1,-1,-1
214,87,931,546,34,133,1,-1,-1,-1
214,77,1033,637,62,141,1,-1,-1,-1
214,57,1016,511,94,118,1,-1,-1,-1
215,147,246,542,61,137,1,-1,-1,-1
215,145,1045,489,56,110,1,-1,-1,-1
215,141,1248,575,79,123,1,-1,-1,-1
215,138,670,505,52,119,1,-1,-1,-1
215,136,784,554,70,130,1,-1,-1,-1
215,134,550,514,57,121,1,-1,-1,-1
215,129,421,824,89,198,1,-1,-1,-1
215,87,931,546,35,135,1,-1,-1,-1
215,77,1034,638,62,143,1,-1,-1,-1
215,57,1023,513,89,118,1,-1,-1,-1
216,147,247,543,61,137,1,-1,-1,-1
216,145,1039,491,63,110,1,-1,-1,-1
216,141,1272,576,76,124,1,-1,-1,-1
216,138,669,507,58,118,1,-1,-1,-1
216,136,786,556,69,130,1,-1,-1,-1
216,134,555,513,56,121,1,-1,-1,-1
216,129,414,826,86,198,1,-1,-1,-1
216,87,931,547,36,136,1,-1,-1,-1
216,77,1035,639,62,144,1,-1,-1,-1
216,57,1030,514,85,117,1,-1,-1,-1
217,147,248,543,62,136,1,-1,-1,-1
217,145,1034,493,70,110,1,-1,-1,-1
217,141,1295,578,73,125,1,-1,-1,-1
217,138,668,508,64,117,1,-1,-1,-1
217,136,787,558,68,129,1,-1,-1,-1
217,134,559,512,56,121,1,-1,-1,-1
217,129,407,829,84,197,1,-1,-1,-1
217,87,931,547,37,137,1,-1,-1,-1
217,77,1036,640,62,146,1,-1,-1,-1
217,57,1037,515,81,117,1,-1,-1,-1
218,147,249,544,62,136,1,-1,-1,-1
218,145,1028,494,77,109,1,-1,-1,-1
218,141,1319,579,70,126,1,-1,-1,-1
218,138,667,510,71,116,1,-1,-1,-1
218,136,789,560,68,129,1,-1,-1,-1
218,134,563,512,55,122,1,-1,-1,-1
218,129,400,831,81,197,1,-1,-1,-1
218,87,931,548,38,139,1,-1,-1,-1
218,77,1036,641,62,147,1,-1,-1,-1
218,57,1044,517,77,116,1,-1,-1,-1
219,147,251,545,62,135,1,-1,-1,-1
219,145,1018,497,88,108,1,-1,-1,-1
219,141,1359,581,65,127,1,-1,-1,-1
219,138,665,512,81,114,1,-1,-1,-1
219,136,792,564,66,129,1,-1,-1,-1
219,134,570,511,54,122,1,-1,-1,-1
219,129,388,835,77,196,1,-1,-1,-1
219,87,931,549,40,141,1,-1,-1,-1
219,77,1038,642,63,149,1,-1,-1,-1
219,57,1056,519,70,115,1,-1,-1,-1
220,147,251,544,62,135,1,-1,-1,-1
220,145,1019,497,87,108,1,-1,-1,-1
220,141,1365,581,64,128,1,-1,-1,-1
220,138,667,512,80,114,1,-1,-1,-1
220,136,792,564,67,129,1,-1,-1,-1
220,134,569,510,55,122,1,-1,-1,-1
220,129,385,835,79,196,1,-1,-1,-1
220,87,930,549,40,141,1,-1,-1,-1
220,77,1038,643,62,150,1,-1,-1,-1
220,57,1056,518,69,116,1,-1,-1,-1
221,147,250,543,62,136,1,-1,-1,-1
221,145,1019,496,80,109,1,-1,-1,-1
221,141,1387,583,61,129,1,-1,-1,-1
221,138,673,512,77,114,1,-1,-1,-1
221,136,790,564,69,128,1,-1,-1,-1
221,134,567,509,59,122,1,-1,-1,-1
221,129,371,837,86,195,1,-1,-1,-1
221,87,930,549,41,142,1,-1,-1,-1
221,77,1039,643,62,150,1,-1,-1,-1
221,57,1059,516,65,117,1,-1,-1,-1
222,147,249,541,61,138,1,-1,-1,-1
222,145,1020,495,74,109,1,-1,-1,-1
222,141,1409,584,58,130,1,-1,-1,-1
222,138,679,512,73,113,1,-1,-1,-1
222,136,789,565,72,127,1,-1,-1,-1
222,134,565,508,63,122,1,-1,-1,-1
222,129,358,839,94,195,1,-1,-1,-1
222,87,929,550,43,142,1,-1,-1,-1
222,77,1040,644,61,151,1,-1,-1,-1
222,57,1061,514,62,118,1,-1,-1,-1
223,147,249,539,61,139,1,-1,-1,-1
223,145,1020,494,68,109,1,-1,-1,-1
223,141,1431,586,55,131,1,-1,-1,-1
223,138,686,512,70,113,1,-1,-1,-1
223,136,787,565,75,126,1,-1,-1,-1
223,134,563,506,67,122,1,-1,-1,-1
223,129,345,841,101,194,1,-1,-1,-1
223,87,929,550,44,143,1,-1,-1,-1
223,77,1042,645,61,152,1,-1,-1,-1
223,57,1063,512,58,119,1,-1,-1,-1
224,147,248,538,60,141,1,-1,-1,-1
224,145,1021,493,62,110,1,-1,-1,-1
224,141,1452,588,52,131,1,-1,-1,-1
224,138,692,512,66,113,1,-1,-1,-1
224,136,786,566,77,126,1,-1,-1,-1
224,134,561,505,71,122,1,-1,-1,-1
224,129,332,843,109,194,1,-1,-1,-1
224,87,929,551,45,144,1,-1,-1,-1
224,77,1043,646,60,153,1,-1,-1,-1
224,57,1066,510,55,121,1,-1,-1,-1
225,147,246,534,60,144,1,-1,-1,-1
225,145,1022,492,49,110,1,-1,-1,-1
225,141,1496,591,46,133,1,-1,-1,-1
225,138,704,511,59,112,1,-1,-1,-1
225,136,783,567,83,124,1,-1,-1,-1
225,134,556,503,79,123,1,-1,-1,-1
225,129,306,847,124,193,1,-1,-1,-1
225,87,928,552,48,145,1,-1,-1,-1
225,77,1045,648,60,154,1,-1,-1,-1
225,57,1070,506,48,123,1,-1,-1,-1
226,147,246,534,60,144,1,-1,-1,-1
226,145,1022,492,50,110,1,-1,-1,-1
226,141,1496,591,46,133,1,-1,-1,-1
226,138,704,511,59,112,1,-1,-1,-1
226,136,783,567,83,124,1,-1,-1,-1
226,134,556,503,79,123,1,-1,-1,-1
226,129,306,847,124,193,1,-1,-1,-1
226,87,928,552,48,145,1,-1,-1,-1
226,77,1045,648,60,154,1,-1,-1,-1
226,57,1070,506,48,123,1,-1,-1,-1
227,147,247,534,59,144,1,-1,-1,-1
227,145,1015,490,54,111,1,-1,-1,-1
227,141,1518,593,53,134,1,-1,-1,-1
227,138,701,509,61,113,1,-1,-1,-1
227,136,781,566,81,124,1,-1,-1,-1
227,134,561,501,74,122,1,-1,-1,-1
227,129,291,847,123,196,1,-1,-1,-1
227,87,928,551,47,146,1,-1,-1,-1
227,77,1044,649,60,155,1,-1,-1,-1
227,57,1069,505,50,124,1,-1,-1,-1
228,147,248,533,59,145,1,-1,-1,-1
228,145,1008,488,59,112,1,-1,-1,-1
228,141,1540,594,60,134,1,-1,-1,-1
228,138,698,506,63,114,1,-1,-1,-1
228,136,780,564,80,124,1,-1,-1,-1
228,134,565,500,68,122,1,-1,-1,-1
228,129,277,848,122,198,1,-1,-1,-1
228,87,929,550,47,147,1,-1,-1,-1
228,77,1043,650,61,156,1,-1,-1,-1
228,57,1068,504,52,124,1,-1,-1,-1
229,147,249,533,59,145,1,-1,-1,-1
229,145,1001,486,63,113,1,-1,-1,-1
229,141,1562,596,67,135,1,-1,-1,-1
229,138,695,504,66,116,1,-1,-1,-1
229,136,778,563,78,125,1,-1,-1,-1
229,134,570,498,63,122,1,-1,-1,-1
229,129,263,848,121,201,1,-1,-1,-1
229,87,929,549,46,147,1,-1,-1,-1
229,77,1042,651,62,157,1,-1,-1,-1
229,57,1067,504,54,125,1,-1,-1,-1
230,147,250,532,59,145,1,-1,-1,-1
230,145,994,485,68,114,1,-1,-1,-1
230,141,1584,598,74,135,1,-1,-1,-1
230,138,692,501,68,117,1,-1,-1,-1
230,136,776,562,77,125,1,-1,-1,-1
230,134,574,497,58,122,1,-1,-1,-1
230,129,249,848,119,204,1,-1,-1,-1
230,87,930,548,46,148,1,-1,-1,-1
230,77,1040,651,63,158,1,-1,-1,-1
230,57,1066,503,56,125,1,-1,-1,-1
231,147,251,532,59,146,1,-1,-1,-1
231,145,987,483,73,115,1,-1,-1,-1
231,141,1606,599,81,135,1,-1,-1,-1
231,138,688,499,70,118,1,-1,-1,-1
231,136,774,560,75,125,1,-1,-1,-1
231,134,579,495,53,122,1,-1,-1,-1
231,129,234,849,118,207,1,-1,-1,-1
231,87,930,547,46,148,1,-1,-1,-1
231,77,1039,652,63,159,1,-1,-1,-1
231,57,1065,502,58,126,1,-1,-1,-1
232,147,252,531,58,146,1,-1,-1,-1
232,145,979,481,78,116,1,-1,-1,-1
232,141,1632,602,90,136,1,-1,-1,-1
232,138,685,496,72,119,1,-1,-1,-1
232,136,772,559,73,125,1,-1,-1,-1
232,134,584,494,47,122,1,-1,-1,-1
232,129,217,849,117,210,1,-1,-1,-1
232,87,931,546,45,149,1,-1,-1,-1
232,77,1038,653,64,161,1,-1,-1,-1
232,57,1064,502,61,127,1,-1,-1,-1
233,147,250,531,59,146,1,-1,-1,-1
233,145,974,480,79,115,1,-1,-1,-1
233,141,1645,603,90,136,1,-1,-1,-1
233,138,685,494,69,120,1,-1,-1,-1
233,136,769,557,73,127,1,-1,-1,-1
233,134,581,492,49,122,1,-1,-1,-1
233,129,205,852,114,210,1,-1,-1,-1
233,87,931,547,46,149,1,-1,-1,-1
233,77,1038,654,64,161,1,-1,-1,-1
233,57,1063,500,59,128,1,-1,-1,-1
234,147,248,531,59,145,1,-1,-1,-1
234,145,967,480,79,113,1,-1,-1,-1
234,141,1660,604,91,137,1,-1,-1,-1
234,138,685,492,65,121,1,-1,-1,-1
234,136,765,556,74,129,1,-1,-1,-1
234,134,577,491,53,122,1,-1,-1,-1
234,129,190,855,110,210,1,-1,-1,-1
234,87,930,548,48,149,1,-1,-1,-1
234,77,1039,654,63,162,1,-1,-1,-1
234,57,1062,497,56,130,1,-1,-1,-1
235,147,245,531,59,145,1,-1,-1,-1
235,145,960,479,79,112,1,-1,-1,-1
235,141,1676,606,91,137,1,-1,-1,-1
235,138,686,490,62,121,1,-1,-1,-1
235,136,760,554,74,130,1,-1,-1,-1
235,134,573,489,56,123,1,-1,-1,-1
235,129,175,858,106,210,1,-1,-1,-1
235,87,930,549,50,149,1,-1,-1,-1
235,77,1040,655,62,163,1,-1,-1,-1
235,57,1061,495,53,132,1,-1,-1,-1
236,147,243,530,59,144,1,-1,-1,-1
236,145,954,479,80,111,1,-1,-1,-1
236,141,1692,607,91,138,1,-1,-1,-1
236,138,686,488,58,122,1,-1,-1,-1
236,136,756,553,74,132,1,-1,-1,-1
236,134,569,487,60,123,1,-1,-1,-1
236,129,160,861,102,211,1,-1,-1,-1
236,87,929,550,52,149,1,-1,-1,-1
236,77,1041,656,61,164,1,-1,-1,-1
236,57,1059,493,51,135,1,-1,-1,-1
237,147,240,530,59,144,1,-1,-1,-1
237,145,947,479,80,109,1,-1,-1,-1
237,141,1707,608,92,139,1,-1,-1,-1
237,138,686,485,54,123,1,-1,-1,-1
237,136,751,551,74,134,1,-1,-1,-1
237,134,565,486,63,123,1,-1,-1,-1
237,129,145,864,98,211,1,-1,-1,-1
237,87,929,551,53,149,1,-1,-1,-1
237,77,1042,656,60,166,1,-1,-1,-1
237,57,1058,490,48,137,1,-1,-1,-1
238,147,236,530,60,143,1,-1,-1,-1
238,145,937,478,81,107,1,-1,-1,-1
238,141,1731,611,92,140,1,-1,-1,-1
238,138,687,482,48,124,1,-1,-1,-1
238,136,745,549,75,137,1,-1,-1,-1
238,134,559,483,68,124,1,-1,-1,-1
238,129,123,868,92,211,1,-1,-1,-1
238,87,928,552,56,148,1,-1,-1,-1
238,77,1043,657,58,167,1,-1,-1,-1
238,57,1056,487,44,140,1,-1,-1,-1
239,147,235,529,59,144,1,-1,-1,-1
239,145,933,478,80,107,1,-1,-1,-1
239,141,1737,611,91,141,1,-1,-1,-1
239,138,683,481,49,124,1,-1,-1,-1
239,136,741,548,74,138,1,-1,-1,-1
239,134,559,482,67,124,1,-1,-1,-1
239,129,113,870,95,209,1,-1,-1,-1
239,87,928,552,56,148,1,-1,-1,-1
239,77,1043,658,59,167,1,-1,-1,-1
239,57,1053,487,46,140,1,-1,-1,-1
240,147,232,527,59,144,1,-1,-1,-1
240,145,925,478,79,108,1,-1,-1,-1
240,141,1750,611,90,143,1,-1,-1,-1
240,138,677,479,51,124,1,-1,-1,-1
240,136,732,547,74,139,1,-1,-1,-1
240,134,559,480,64,125,1,-1,-1,-1
240,129,95,873,100,206,1,-1,-1,-1
240,87,926,552,56,148,1,-1,-1,-1
240,77,1043,658,59,168,1,-1,-1,-1
240,57,1048,487,51,140,1,-1,-1,-1
241,147,229,526,58,145,1,-1,-1,-1
241,145,917,479,77,108,1,-1,-1,-1
241,141,1763,611,88,145,1,-1,-1,-1
241,138,671,477,53,124,1,-1,-1,-1
241,136,723,546,73,140,1,-1,-1,-1
241,134,559,478,61,125,1,-1,-1,-1
241,129,76,876,105,203,1,-1,-1,-1
241,87,925,552,57,148,1,-1,-1,-1
241,77,1043,659,59,168,1,-1,-1,-1
241,57,1042,487,55,140,1,-1,-1,-1
242,147,226,524,58,146,1,-1,-1,-1
242,145,909,479,76,108,1,-1,-1,-1
242,141,1776,611,86,148,1,-1,-1,-1
242,138,665,474,55,124,1,-1,-1,-1
242,136,715,545,73,141,1,-1,-1,-1
242,134,558,475,58,126,1,-1,-1,-1
242,129,58,878,111,201,1,-1,-1,-1
242,87,924,551,57,148,1,-1,-1,-1
242,77,1043,659,60,168,1,-1,-1,-1
242,57,1036,488,60,140,1,-1,-1,-1
243,147,223,522,57,146,1,-1,-1,-1
243,145,900,479,75,109,1,-1,-1,-1
243,141,1789,611,84,150,1,-1,-1,-1
243,138,659,472,56,124,1,-1,-1,-1
243,136,706,544,72,142,1,-1,-1,-1
243,134,558,473,55,127,1,-1,-1,-1
243,129,40,881,116,198,1,-1,-1,-1
243,87,923,551,57,148,1,-1,-1,-1
243,77,1044,660,60,169,1,-1,-1,-1
243,57,1030,488,64,140,1,-1,-1,-1
244,147,218,519,57,148,1,-1,-1,-1
244,145,886,480,73,110,1,-1,-1,-1
244,141,1812,611,81,154,1,-1,-1,-1
244,138,648,468,60,124,1,-1,-1,-1
244,136,692,542,71,144,1,-1,-1,-1
244,134,558,469,50,128,1,-1,-1,-1
244,129,8,886,125,193,1,-1,-1,-1
244,87,920,551,58,147,1,-1,-1,-1
244,77,1044,660,61,169,1,-1,-1,-1
244,57,1020,488,72,140,1,-1,-1,-1
245,147,217,519,57,148,1,-1,-1,-1
245,145,886,480,72,110,1,-1,-1,-1
245,141,1815,610,79,154,1,-1,-1,-1
245,138,647,468,60,124,1,-1,-1,-1
245,136,689,542,71,144,1,-1,-1,-1
245,134,556,469,50,128,1,-1,-1,-1
245,129,0,884,106,195,1,-1,-1,-1
245,87,920,551,58,148,1,-1,-1,-1
245,77,1044,660,61,169,1,-1,-1,-1
245,57,1020,488,71,140,1,-1,-1,-1
246,147,213,517,58,149,1,-1,-1,-1
246,145,883,479,70,110,1,-1,-1,-1
246,141,1825,609,74,156,1,-1,-1,-1
246,138,642,466,60,122,1,-1,-1,-1
246,136,680,542,70,143,1,-1,-1,-1
246,134,549,467,52,128,1,-1,-1,-1
246,129,0,884,80,195,1,-1,-1,-1
246,87,919,550,57,148,1,-1,-1,-1
246,77,1044,659,60,171,1,-1,-1,-1
246,57,1020,486,67,141,1,-1,-1,-1
247,147,209,515,58,150,1,-1,-1,-1
247,145,881,479,68,109,1,-1,-1,-1
247,141,1834,608,68,159,1,-1,-1,-1
247,138,638,464,61,119,1,-1,-1,-1
247,136,672,542,70,143,1,-1,-1,-1
247,134,542,466,54,128,1,-1,-1,-1
247,129,0,909,50,170,1,-1,-1,-1
247,87,917,548,57,148,1,-1,-1,-1
247,77,1044,658,60,172,1,-1,-1,-1
247,57,1020,485,63,142,1,-1,-1,-1
248,147,205,514,59,152,1,-1,-1,-1
248,145,879,479,66,109,1,-1,-1,-1
248,141,1844,607,62,161,1,-1,-1,-1
248,138,634,463,61,117,1,-1,-1,-1
248,136,663,542,69,143,1,-1,-1,-1
248,134,536,464,56,128,1,-1,-1,-1
248,129,0,909,33,170,1,-1,-1,-1
248,87,916,547,56,149,1,-1,-1,-1
248,77,1045,657,60,173,1,-1,-1,-1
248,57,1020,483,59,143,1,-1,-1,-1
249,147,201,512,60,153,1,-1,-1,-1
249,145,876,479,63,109,1,-1,-1,-1
249,141,1854,606,57,163,1,-1,-1,-1
249,138,629,461,61,115,1,-1,-1,-1
249,136,654,542,68,142,1,-1,-1,-1
249,134,529,463,57,129,1,-1,-1,-1
249,129,0,932,14,147,1,-1,-1,-1
249,87,915,546,56,149,1,-1,-1,-1
249,77,1045,656,60,174,1,-1,-1,-1
249,57,1020,482,55,143,1,-1,-1,-1
250,147,193,509,61,155,1,-1,-1,-1
250,145,872,479,59,109,1,-1,-1,-1
250,141,1873,603,46,168,1,-1,-1,-1
250,138,621,458,62,110,1,-1,-1,-1
250,136,637,542,66,142,1,-1,-1,-1
250,134,516,460,61,129,1,-1,-1,-1
250,129,0,932,14,147,1,-1,-1,-1
250,87,912,544,55,150,1,-1,-1,-1
250,77,1045,654,59,177,1,-1,-1,-1
250,57,1020,479,48,145,1,-1,-1,-1
251,147,193,508,61,155,1,-1,-1,-1
251,145,872,479,59,109,1,-1,-1,-1
251,141,1874,603,45,168,1,-1,-1,-1
251,138,620,458,62,110,1,-1,-1,-1
251,136,636,542,66,142,1,-1,-1,-1
251,134,516,460,61,129,1,-1,-1,-1
251,87,912,544,55,150,1,-1,-1,-1
251,77,1045,654,59,177,1,-1,-1,-1
251,57,1020,479,48,145,1,-1,-1,-1
252,147,188,507,60,156,1,-1,-1,-1
252,145,871,476,60,112,1,-1,-1,-1
252,141,1886,603,33,168,1,-1,-1,-1
252,138,608,457,64,111,1,-1,-1,-1
252,136,626,540,67,143,1,-1,-1,-1
252,134,513,458,59,129,1,-1,-1,-1
252,87,907,542,58,150,1,-1,-1,-1
252,77,1042,654,62,177,1,-1,-1,-1
252,57,1016,479,46,145,1,-1,-1,-1
253,150,1866,635,53,156,1,-1,-1,-1
253,147,184,506,59,156,1,-1,-1,-1
253,145,871,472,61,116,1,-1,-1,-1
253,141,1897,603,22,170,1,-1,-1,-1
253,138,597,456,66,112,1,-1,-1,-1
253,136,615,537,68,144,1,-1,-1,-1
253,134,510,456,58,130,1,-1,-1,-1
253,87,901,540,60,150,1,-1,-1,-1
253,77,1039,654,64,177,1,-1,-1,-1
253,57,1013,478,45,146,1,-1,-1,-1
254,150,1851,632,68,173,1,-1,-1,-1
254,147,179,505,57,157,1,-1,-1,-1
254,145,870,469,62,119,1,-1,-1,-1
254,141,1902,603,17,170,1,-1,-1,-1
254,138,585,455,67,112,1,-1,-1,-1
254,136,605,535,69,145,1,-1,-1,-1
254,134,508,454,56,130,1,-1,-1,-1
254,87,896,538,63,151,1,-1,-1,-1
254,77,1036,653,67,177,1,-1,-1,-1
254,57,1009,478,44,146,1,-1,-1,-1
255,150,1836,626,83,181,1,-1,-1,-1
255,147,174,503,56,157,1,-1,-1,-1
255,145,870,466,62,122,1,-1,-1,-1
255,138,573,455,69,113,1,-1,-1,-1
255,136,594,533,69,147,1,-1,-1,-1
255,134,505,452,54,130,1,-1,-1,-1
255,87,890,536,66,151,1,-1,-1,-1
255,77,1034,653,70,178,1,-1,-1,-1
255,57,1006,478,43,147,1,-1,-1,-1
256,150,1814,626,105,181,1,-1,-1,-1
256,147,169,502,55,158,1,-1,-1,-1
256,145,870,462,63,125,1,-1,-1,-1
256,138,561,454,71,114,1,-1,-1,-1
256,136,584,531,70,148,1,-1,-1,-1
256,134,502,450,53,130,1,-1,-1,-1
256,87,885,535,69,151,1,-1,-1,-1
256,77,1031,653,73,178,1,-1,-1,-1
256,57,1003,477,42,147,1,-1,-1,-1
257,150,1806,629,111,182,1,-1,-1,-1
257,147,163,501,53,158,1,-1,-1,-1
257,145,869,458,64,129,1,-1,-1,-1
257,138,546,453,73,115,1,-1,-1,-1
257,136,571,528,71,149,1,-1,-1,-1
257,134,499,448,51,130,1,-1,-1,-1
257,87,878,532,72,151,1,-1,-1,-1
257,77,1027,653,76,178,1,-1,-1,-1
257,57,999,477,40,148,1,-1,-1,-1
258,150,1806,631,110,182,1,-1,-1,-1
258,147,159,500,54,158,1,-1,-1,-1
258,145,873,457,61,130,1,-1,-1,-1
258,138,542,451,72,116,1,-1,-1,-1
258,136,563,527,71,150,1,-1,-1,-1
258,134,496,447,56,130,1,-1,-1,-1
258,87,874,531,72,153,1,-1,-1,-1
258,77,1029,652,74,178,1,-1,-1,-1
258,57,994,476,44,149,1,-1,-1,-1
259,150,1794,633,100,181,1,-1,-1,-1
259,147,154,500,55,157,1,-1,-1,-1
259,145,879,456,57,132,1,-1,-1,-1
259,138,538,449,70,117,1,-1,-1,-1
259,136,552,526,72,152,1,-1,-1,-1
259,134,492,445,63,130,1,-1,-1,-1
259,87,869,529,72,155,1,-1,-1,-1
259,77,1030,652,72,178,1,-1,-1,-1
259,57,987,475,48,150,1,-1,-1,-1
260,150,1791,633,100,182,1,-1,-1,-1
260,147,150,499,56,156,1,-1,-1,-1
260,145,884,454,53,133,1,-1,-1,-1
260,138,533,446,69,119,1,-1,-1,-1
260,136,541,524,72,153,1,-1,-1,-1
260,134,489,443,70,130,1,-1,-1,-1
260,87,864,527,71,157,1,-1,-1,-1
260,77,1032,652,69,179,1,-1,-1,-1
260,57,980,474,53,151,1,-1,-1,-1
261,150,1779,630,98,184,1,-1,-1,-1
261,147,145,499,57,156,1,-1,-1,-1
261,145,889,453,49,135,1,-1,-1,-1
261,138,528,444,68,120,1,-1,-1,-1
261,136,531,523,72,155,1,-1,-1,-1
261,134,485,441,77,130,1,-1,-1,-1
261,87,859,525,71,159,1,-1,-1,-1
261,77,1033,652,67,179,1,-1,-1,-1
261,57,974,473,57,152,1,-1,-1,-1
262,150,1767,627,95,187,1,-1,-1,-1
262,147,140,498,58,155,1,-1,-1,-1
262,145,895,451,46,136,1,-1,-1,-1
262,138,523,442,66,122,1,-1,-1,-1
262,136,520,522,72,156,1,-1,-1,-1
262,134,481,439,84,130,1,-1,-1,-1
262,87,854,523,70,161,1,-1,-1,-1
262,77,1035,652,64,179,1,-1,-1,-1
262,57,967,472,62,153,1,-1,-1,-1
263,150,1749,623,92,191,1,-1,-1,-1
263,147,133,497,60,154,1,-1,-1,-1
263,145,903,449,40,138,1,-1,-1,-1
263,138,516,438,64,124,1,-1,-1,-1
263,136,504,520,72,158,1,-1,-1,-1
263,134,476,437,95,130,1,-1,-1,-1
263,87,847,520,69,164,1,-1,-1,-1
263,77,1037,651,60,179,1,-1,-1,-1
263,57,957,471,68,155,1,-1,-1,-1
264,150,1743,623,90,190,1,-1,-1,-1
264,147,132,496,60,154,1,-1,-1,-1
264,145,903,449,42,139,1,-1,-1,-1
264,138,513,437,63,125,1,-1,-1,-1
264,136,499,520,71,158,1,-1,-1,-1
264,134,475,436,91,130,1,-1,-1,-1
264,87,843,519,70,164,1,-1,-1,-1
264,77,1037,651,61,179,1,-1,-1,-1
264,57,956,470,67,155,1,-1,-1,-1
265,150,1732,622,87,190,1,-1,-1,-1
265,147,130,494,60,154,1,-1,-1,-1
265,145,904,449,45,139,1,-1,-1,-1
265,138,507,434,61,126,1,-1,-1,-1
265,136,490,519,70,158,1,-1,-1,-1
265,134,474,435,84,128,1,-1,-1,-1
265,87,835,518,71,163,1,-1,-1,-1
265,77,1036,652,63,178,1,-1,-1,-1
265,57,955,469,66,155,1,-1,-1,-1
266,150,1720,622,84,189,1,-1,-1,-1
266,147,128,491,60,154,1,-1,-1,-1
266,145,904,449,49,140,1,-1,-1,-1
266,138,501,432,60,127,1,-1,-1,-1
266,136,481,519,68,157,1,-1,-1,-1
266,134,473,434,77,127,1,-1,-1,-1
266,87,827,517,71,162,1,-1,-1,-1
266,77,1035,652,64,177,1,-1,-1,-1
266,57,953,468,64,155,1,-1,-1,-1
267,150,1709,621,81,189,1,-1,-1,-1
267,147,126,489,61,155,1,-1,-1,-1
267,145,905,449,52,141,1,-1,-1,-1
267,138,495,429,58,128,1,-1,-1,-1
267,136,472,519,67,157,1,-1,-1,-1
267,134,471,432,69,125,1,-1,-1,-1
267,87,819,516,72,162,1,-1,-1,-1
267,77,1033,652,66,176,1,-1,-1,-1
267,57,952,467,63,155,1,-1,-1,-1
268,150,1697,620,78,188,1,-1,-1,-1
268,147,124,486,61,155,1,-1,-1,-1
268,145,905,449,55,141,1,-1,-1,-1
268,138,489,427,56,130,1,-1,-1,-1
268,136,463,518,65,157,1,-1,-1,-1
268,134,470,431,62,124,1,-1,-1,-1
268,87,811,515,73,161,1,-1,-1,-1
268,77,1032,652,68,175,1,-1,-1,-1
268,57,950,466,61,155,1,-1,-1,-1
269,150,1677,619,73,187,1,-1,-1,-1
269,147,121,482,61,155,1,-1,-1,-1
269,145,906,449,61,142,1,-1,-1,-1
269,138,479,423,53,132,1,-1,-1,-1
269,136,447,518,62,156,1,-1,-1,-1
269,134,468,429,50,122,1,-1,-1,-1
269,87,797,513,74,160,1,-1,-1,-1
269,77,1031,653,70,173,1,-1,-1,-1
269,57,948,465,59,155,1,-1,-1,-1
270,150,1673,619,75,187,1,-1,-1,-1
270,147,120,482,61,155,1,-1,-1,-1
270,145,907,449,61,143,1,-1,-1,-1
270,138,477,423,53,132,1,-1,-1,-1
270,136,444,517,63,156,1,-1,-1,-1
270,134,465,429,52,121,1,-1,-1,-1
270,87,795,512,74,160,1,-1,-1,-1
270,77,1031,652,70,173,1,-1,-1,-1
270,57,946,465,60,155,1,-1,-1,-1
271,150,1659,618,81,187,1,-1,-1,-1
271,147,118,482,61,156,1,-1,-1,-1
271,145,910,448,58,143,1,-1,-1,-1
271,138,469,423,57,131,1,-1,-1,-1
271,136,434,517,66,155,1,-1,-1,-1
271,134,455,430,58,120,1,-1,-1,-1
271,87,788,511,74,160,1,-1,-1,-1
271,77,1031,650,69,175,1,-1,-1,-1
271,57,941,465,63,155,1,-1,-1,-1
272,150,1645,616,88,187,1,-1,-1,-1
272,147,117,481,60,156,1,-1,-1,-1
272,145,912,447,56,144,1,-1,-1,-1
272,138,462,423,60,131,1,-1,-1,-1
272,136,423,516,68,155,1,-1,-1,-1
272,134,446,430,64,118,1,-1,-1,-1
272,87,780,509,75,160,1,-1,-1,-1
272,77,1032,648,67,176,1,-1,-1,-1
272,57,936,465,67,156,1,-1,-1,-1
273,150,1631,615,94,186,1,-1,-1,-1
273,147,115,480,60,157,1,-1,-1,-1
273,145,915,447,54,145,1,-1,-1,-1
273,138,454,424,63,131,1,-1,-1,-1
273,136,413,516,71,154,1,-1,-1,-1
273,134,436,430,71,117,1,-1,-1,-1
273,87,773,508,75,160,1,-1,-1,-1
273,77,1032,646,66,178,1,-1,-1,-1
273,57,931,465,71,156,1,-1,-1,-1
274,150,1617,614,101,186,1,-1,-1,-1
274,147,113,480,59,158,1,-1,-1,-1
274,145,917,446,51,146,1,-1,-1,-1
274,138,446,424,67,131,1,-1,-1,-1
274,136,402,515,73,154,1,-1,-1,-1
274,134,426,431,77,115,1,-1,-1,-1
274,87,766,506,76,160,1,-1,-1,-1
274,77,1033,643,65,179,1,-1,-1,-1
274,57,926,466,75,156,1,-1,-1,-1
275,150,1589,611,114,185,1,-1,-1,-1
275,147,109,478,58,159,1,-1,-1,-1
275,145,922,445,47,147,1,-1,-1,-1
275,138,431,425,73,130,1,-1,-1,-1
275,136,381,514,78,152,1,-1,-1,-1
275,134,407,431,89,112,1,-1,-1,-1
275,87,752,503,76,160,1,-1,-1,-1
275,77,1034,639,62,182,1,-1,-1,-1
275,57,915,466,82,156,1,-1,-1,-1
276,150,1589,611,114,185,1,-1,-1,-1
276,147,109,478,58,159,1,-1,-1,-1
276,145,923,445,47,147,1,-1,-1,-1
276,138,431,425,73,130,1,-1,-1,-1
276,136,381,514,78,152,1,-1,-1,-1
276,134,407,431,89,112,1,-1,-1,-1
276,87,752,503,76,160,1,-1,-1,-1
276,77,1034,639,62,182,1,-1,-1,-1
276,57,915,466,82,156,1,-1,-1,-1
277,150,1578,610,110,185,1,-1,-1,-1
277,147,106,477,59,158,1,-1,-1,-1
277,145,926,444,49,148,1,-1,-1,-1
277,138,421,423,71,130,1,-1,-1,-1
277,136,369,513,79,153,1,-1,-1,-1
277,134,396,434,87,109,1,-1,-1,-1
277,87,743,501,77,160,1,-1,-1,-1
277,77,1034,638,63,182,1,-1,-1,-1
277,57,914,465,79,157,1,-1,-1,-1
278,150,1566,608,106,185,1,-1,-1,-1
278,147,103,476,60,158,1,-1,-1,-1
278,145,929,444,52,148,1,-1,-1,-1
278,138,412,422,69,129,1,-1,-1,-1
278,136,358,512,79,153,1,-1,-1,-1
278,134,386,436,84,105,1,-1,-1,-1
278,87,734,500,77,160,1,-1,-1,-1
278,77,1033,637,64,182,1,-1,-1,-1
278,57,913,465,76,158,1,-1,-1,-1
279,150,1555,606,101,185,1,-1,-1,-1
279,147,100,475,60,158,1,-1,-1,-1
279,145,932,444,54,148,1,-1,-1,-1
279,138,402,420,68,129,1,-1,-1,-1
279,136,346,511,80,153,1,-1,-1,-1
279,134,375,438,82,102,1,-1,-1,-1
279,87,725,498,77,160,1,-1,-1,-1
279,77,1033,635,65,181,1,-1,-1,-1
279,57,913,464,74,158,1,-1,-1,-1
280,150,1544,605,97,185,1,-1,-1,-1
280,147,97,473,61,158,1,-1,-1,-1
280,145,935,444,57,149,1,-1,-1,-1
280,138,393,419,66,128,1,-1,-1,-1
280,136,335,511,80,153,1,-1,-1,-1
280,134,364,441,79,99,1,-1,-1,-1
280,87,716,496,77,160,1,-1,-1,-1
280,77,1033,634,66,181,1,-1,-1,-1
280,57,912,463,71,159,1,-1,-1,-1
281,150,1533,603,93,185,1,-1,-1,-1
281,147,95,472,61,157,1,-1,-1,-1
281,145,938,443,59,149,1,-1,-1,-1
281,138,384,418,64,128,1,-1,-1,-1
281,136,323,510,81,153,1,-1,-1,-1
281,134,354,443,77,96,1,-1,-1,-1
281,87,707,494,77,160,1,-1,-1,-1
281,77,1032,633,68,181,1,-1,-1,-1
281,57,911,463,68,159,1,-1,-1,-1
282,150,1519,601,89,185,1,-1,-1,-1
282,147,91,471,62,157,1,-1,-1,-1
282,145,941,443,62,150,1,-1,-1,-1
282,138,372,416,62,127,1,-1,-1,-1
282,136,309,509,81,153,1,-1,-1,-1
282,134,340,446,74,92,1,-1,-1,-1
282,87,696,492,77,161,1,-1,-1,-1
282,77,1032,632,69,180,1,-1,-1,-1
282,57,910,462,65,160,1,-1,-1,-1
283,150,1512,601,85,185,1,-1,-1,-1
283,147,90,470,62,157,1,-1,-1,-1
283,145,942,443,62,150,1,-1,-1,-1
283,138,365,416,63,126,1,-1,-1,-1
283,136,300,508,82,153,1,-1,-1,-1
283,134,330,442,77,95,1,-1,-1,-1
283,87,689,492,75,161,1,-1,-1,-1
283,77,1032,631,70,180,1,-1,-1,-1
283,57,907,462,65,160,1,-1,-1,-1
284,150,1502,600,81,185,1,-1,-1,-1
284,147,89,468,63,157,1,-1,-1,-1
284,145,944,443,61,150,1,-1,-1,-1
284,138,354,416,65,125,1,-1,-1,-1
284,136,289,507,82,154,1,-1,-1,-1
284,134,316,437,81,100,1,-1,-1,-1
284,87,680,491,73,160,1,-1,-1,-1
284,77,1032,629,71,180,1,-1,-1,-1
284,57,904,463,64,159,1,-1,-1,-1
285,150,1492,600,77,185,1,-1,-1,-1
285,147,87,467,63,156,1,-1,-1,-1
285,145,945,443,60,151,1,-1,-1,-1
285,138,344,417,66,124,1,-1,-1,-1
285,136,278,505,83,154,1,-1,-1,-1
285,134,302,433,85,104,1,-1,-1,-1
285,87,670,491,70,160,1,-1,-1,-1
285,77,1033,628,72,179,1,-1,-1,-1
285,57,901,463,64,159,1,-1,-1,-1
286,150,1482,599,73,185,1,-1,-1,-1
286,147,86,466,64,156,1,-1,-1,-1
286,145,947,444,59,151,1,-1,-1,-1
286,138,334,417,67,123,1,-1,-1,-1
286,136,267,504,83,154,1,-1,-1,-1
286,134,288,428,88,108,1,-1,-1,-1
286,87,661,491,67,160,1,-1,-1,-1
286,77,1033,627,73,179,1,-1,-1,-1
286,57,898,463,64,159,1,-1,-1,-1
287,150,1472,599,69,185,1,-1,-1,-1
287,147,85,465,64,156,1,-1,-1,-1
287,145,948,444,59,152,1,-1,-1,-1
287,138,324,417,69,122,1,-1,-1,-1
287,136,256,503,84,154,1,-1,-1,-1
287,134,274,423,92,113,1,-1,-1,-1
287,87,652,490,65,160,1,-1,-1,-1
287,77,1033,625,75,179,1,-1,-1,-1
287,57,894,464,63,159,1,-1,-1,-1
288,150,1457,598,63,185,1,-1,-1,-1
288,147,83,463,65,156,1,-1,-1,-1
288,145,950,444,57,152,1,-1,-1,-1
288,138,309,417,71,121,1,-1,-1,-1
288,136,239,502,85,154,1,-1,-1,-1
288,134,253,416,98,119,1,-1,-1,-1
288,87,639,490,61,160,1,-1,-1,-1
288,77,1034,623,76,178,1,-1,-1,-1
288,57,890,464,63,158,1,-1,-1,-1
289,150,1451,598,65,185,1,-1,-1,-1
289,147,81,463,65,155,1,-1,-1,-1
289,145,951,445,59,151,1,-1,-1,-1
289,138,306,417,70,121,1,-1,-1,-1
289,136,234,501,83,155,1,-1,-1,-1
289,134,250,417,98,118,1,-1,-1,-1
289,87,634,490,61,159,1,-1,-1,-1
289,77,1033,622,75,178,1,-1,-1,-1
289,57,889,465,62,157,1,-1,-1,-1
290,150,1440,596,69,184,1,-1,-1,-1
290,147,79,462,66,154,1,-1,-1,-1
290,145,954,448,61,148,1,-1,-1,-1
290,138,301,416,68,121,1,-1,-1,-1
290,136,224,501,79,155,1,-1,-1,-1
290,134,244,420,99,115,1,-1,-1,-1
290,87,625,492,63,157,1,-1,-1,-1
290,77,1031,621,73,177,1,-1,-1,-1
290,57,887,467,61,154,1,-1,-1,-1
291,150,1428,594,72,183,1,-1,-1,-1
291,147,76,462,66,153,1,-1,-1,-1
291,145,957,451,63,145,1,-1,-1,-1
291,138,296,415,66,121,1,-1,-1,-1
291,136,214,500,75,156,1,-1,-1,-1
291,134,238,422,100,111,1,-1,-1,-1
291,87,616,493,65,155,1,-1,-1,-1
291,77,1030,619,72,176,1,-1,-1,-1
291,57,886,469,60,151,1,-1,-1,-1
292,150,1417,593,76,183,1,-1,-1,-1
292,147,74,462,66,153,1,-1,-1,-1
292,145,959,454,65,142,1,-1,-1,-1
292,138,290,415,64,121,1,-1,-1,-1
292,136,204,500,71,157,1,-1,-1,-1
292,134,232,424,101,108,1,-1,-1,-1
292,87,607,494,66,153,1,-1,-1,-1
292,77,1028,617,70,175,1,-1,-1,-1
292,57,884,471,58,148,1,-1,-1,-1
293,150,1406,591,80,182,1,-1,-1,-1
293,147,71,461,66,152,1,-1,-1,-1
293,145,962,457,67,139,1,-1,-1,-1
293,138,285,414,61,121,1,-1,-1,-1
293,136,194,499,68,158,1,-1,-1,-1
293,134,226,427,101,105,1,-1,-1,-1
293,87,598,496,68,151,1,-1,-1,-1
293,77,1026,615,68,174,1,-1,-1,-1
293,57,882,473,57,145,1,-1,-1,-1
294,150,1386,589,86,180,1,-1,-1,-1
294,147,67,461,66,150,1,-1,-1,-1
294,145,966,462,71,134,1,-1,-1,-1
294,138,276,413,58,121,1,-1,-1,-1
294,136,176,499,61,159,1,-1,-1,-1
294,134,216,431,103,100,1,-1,-1,-1
294,87,583,498,71,147,1,-1,-1,-1
294,77,1024,613,65,173,1,-1,-1,-1
294,57,880,476,55,141,1,-1,-1,-1
295,150,1383,588,86,180,1,-1,-1,-1
295,147,67,461,67,150,1,-1,-1,-1
295,145,967,462,71,134,1,-1,-1,-1
295,138,275,412,58,121,1,-1,-1,-1
295,136,172,499,63,158,1,-1,-1,-1
295,134,216,432,102,98,1,-1,-1,-1
295,87,580,498,71,148,1,-1,-1,-1
295,77,1023,613,66,172,1,-1,-1,-1
295,57,879,477,55,140,1,-1,-1,-1
296,150,1372,586,87,180,1,-1,-1,-1
296,147,66,461,68,149,1,-1,-1,-1
296,145,970,463,70,134,1,-1,-1,-1
296,138,271,412,58,121,1,-1,-1,-1
296,136,157,502,69,154,1,-1,-1,-1
296,134,214,436,99,93,1,-1,-1,-1
296,87,571,497,70,148,1,-1,-1,-1
296,77,1020,614,73,168,1,-1,-1,-1
296,57,875,479,57,139,1,-1,-1,-1
297,150,1361,585,88,179,1,-1,-1,-1
297,147,65,461,69,148,1,-1,-1,-1
297,145,972,463,69,134,1,-1,-1,-1
297,138,268,411,58,122,1,-1,-1,-1
297,136,142,504,75,150,1,-1,-1,-1
297,134,211,440,95,88,1,-1,-1,-1
297,87,562,497,69,148,1,-1,-1,-1
297,77,1018,616,79,165,1,-1,-1,-1
297,57,871,481,58,137,1,-1,-1,-1
298,150,1351,583,89,178,1,-1,-1,-1
298,147,64,461,70,147,1,-1,-1,-1
298,145,975,464,68,134,1,-1,-1,-1
298,138,264,411,58,122,1,-1,-1,-1
298,136,127,507,82,145,1,-1,-1,-1
298,134,209,444,92,83,1,-1,-1,-1
298,87,553,496,68,148,1,-1,-1,-1
298,77,1015,617,86,161,1,-1,-1,-1
298,57,867,483,59,136,1,-1,-1,-1
299,150,1340,581,90,178,1,-1,-1,-1
299,147,64,461,71,147,1,-1,-1,-1
299,145,977,464,67,134,1,-1,-1,-1
299,138,260,410,58,122,1,-1,-1,-1
299,136,112,509,88,141,1,-1,-1,-1
299,134,207,448,89,77,1,-1,-1,-1
299,87,544,496,67,149,1,-1,-1,-1
299,77,1012,619,92,158,1,-1,-1,-1
299,57,863,485,61,135,1,-1,-1,-1
300,150,1319,578,92,176,1,-1,-1,-1
300,147,62,462,74,145,1,-1,-1,-1
300,145,982,465,65,134,1,-1,-1,-1
300,138,253,409,58,123,1,-1,-1,-1
300,136,82,514,100,133,1,-1,-1,-1
300,134,203,457,83,67,1,-1,-1,-1
300,87,527,495,65,149,1,-1,-1,-1
300,77,1007,622,105,151,1,-1,-1,-1
300,57,856,489,63,132,1,-1,-1,-1
301,150,1318,578,92,176,1,-1,-1,-1
301,147,62,462,74,145,1,-1,-1,-1
301,145,982,465,65,134,1,-1,-1,-1
301,138,253,409,58,123,1,-1,-1,-1
301,136,82,514,100,133,1,-1,-1,-1
301,134,203,457,83,67,1,-1,-1,-1
301,87,527,495,65,149,1,-1,-1,-1
301,77,1007,622,105,151,1,-1,-1,-1
301,57,856,489,63,132,1,-1,-1,-1
302,154,1891,613,28,140,1,-1,-1,-1
302,150,1308,576,93,176,1,-1,-1,-1
302,147,66,463,72,143,1,-1,-1,-1
302,145,987,463,63,137,1,-1,-1,-1
302,138,244,407,59,124,1,-1,-1,-1
302,136,79,514,94,134,1,-1,-1,-1
302,134,204,455,80,68,1,-1,-1,-1
302,87,520,495,66,149,1,-1,-1,-1
302,77,1000,621,104,150,1,-1,-1,-1
302,57,854,489,66,133,1,-1,-1,-1
303,154,1887,618,32,166,1,-1,-1,-1
303,150,1298,575,93,176,1,-1,-1,-1
303,147,71,464,69,142,1,-1,-1,-1
303,145,992,461,62,140,1,-1,-1,-1
303,138,235,405,60,126,1,-1,-1,-1
303,136,75,514,88,134,1,-1,-1,-1
303,134,205,453,77,69,1,-1,-1,-1
303,87,514,495,67,149,1,-1,-1,-1
303,77,994,620,104,149,1,-1,-1,-1
303,57,851,488,69,134,1,-1,-1,-1
304,154,1880,623,39,161,1,-1,-1,-1
304,150,1288,574,94,176,1,-1,-1,-1
304,147,75,465,67,141,1,-1,-1,-1
304,145,997,459,61,143,1,-1,-1,-1
304,138,226,403,61,127,1,-1,-1,-1
304,136,72,513,82,135,1,-1,-1,-1
304,134,206,452,74,71,1,-1,-1,-1
304,87,508,495,69,149,1,-1,-1,-1
304,77,988,619,104,148,1,-1,-1,-1
304,57,849,488,72,135,1,-1,-1,-1
305,154,1874,626,45,162,1,-1,-1,-1
305,150,1278,572,94,175,1,-1,-1,-1
305,147,79,466,65,139,1,-1,-1,-1
305,145,1001,457,59,146,1,-1,-1,-1
305,138,217,401,62,129,1,-1,-1,-1
305,136,69,513,76,135,1,-1,-1,-1
305,134,207,450,71,72,1,-1,-1,-1
305,87,502,495,70,149,1,-1,-1,-1
305,77,981,617,104,147,1,-1,-1,-1
305,57,847,488,75,136,1,-1,-1,-1
306,154,1868,630,51,160,1,-1,-1,-1
306,150,1268,571,95,175,1,-1,-1,-1
306,147,83,466,63,138,1,-1,-1,-1
306,145,1006,455,58,149,1,-1,-1,-1
306,138,209,399,63,130,1,-1,-1,-1
306,136,65,513,70,135,1,-1,-1,-1
306,134,208,448,69,73,1,-1,-1,-1
306,87,495,495,71,148,1,-1,-1,-1
306,77,975,616,103,146,1,-1,-1,-1
306,57,844,487,78,137,1,-1,-1,-1
307,154,1846,629,73,158,1,-1,-1,-1
307,150,1255,569,95,175,1,-1,-1,-1
307,147,88,468,61,136,1,-1,-1,-1
307,145,1012,453,56,152,1,-1,-1,-1
307,138,198,397,64,132,1,-1,-1,-1
307,136,61,512,63,136,1,-1,-1,-1
307,134,209,446,65,74,1,-1,-1,-1
307,87,488,494,73,148,1,-1,-1,-1
307,77,967,615,103,145,1,-1,-1,-1
307,57,841,487,82,139,1,-1,-1,-1
308,154,1838,630,78,157,1,-1,-1,-1
308,150,1249,569,92,175,1,-1,-1,-1
308,147,89,467,60,137,1,-1,-1,-1
308,145,1014,454,59,152,1,-1,-1,-1
308,138,194,398,67,132,1,-1,-1,-1
308,136,54,513,66,135,1,-1,-1,-1
308,134,207,445,68,75,1,-1,-1,-1
308,87,484,495,72,148,1,-1,-1,-1
308,77,957,615,105,145,1,-1,-1,-1
308,57,842,487,81,139,1,-1,-1,-1
309,154,1827,630,83,157,1,-1,-1,-1
309,150,1241,568,87,175,1,-1,-1,-1
309,147,91,467,59,137,1,-1,-1,-1
309,145,1017,455,63,152,1,-1,-1,-1
309,138,189,399,69,131,1,-1,-1,-1
309,136,44,514,69,135,1,-1,-1,-1
309,134,205,443,72,76,1,-1,-1,-1
309,87,480,495,72,148,1,-1,-1,-1
309,77,943,614,108,145,1,-1,-1,-1
309,57,844,488,81,141,1,-1,-1,-1
310,154,1816,630,89,157,1,-1,-1,-1
310,150,1234,567,83,174,1,-1,-1,-1
310,147,92,466,59,138,1,-1,-1,-1
310,145,1019,456,66,153,1,-1,-1,-1
310,138,184,400,72,131,1,-1,-1,-1
310,136,34,515,73,134,1,-1,-1,-1
310,134,203,441,75,77,1,-1,-1,-1
310,87,476,495,71,147,1,-1,-1,-1
310,77,929,614,111,145,1,-1,-1,-1
310,57,845,489,80,142,1,-1,-1,-1
311,154,1805,631,94,156,1,-1,-1,-1
311,150,1226,567,79,174,1,-1,-1,-1
311,147,94,466,58,139,1,-1,-1,-1
311,145,1022,457,69,153,1,-1,-1,-1
311,138,178,401,75,130,1,-1,-1,-1
311,136,24,516,77,133,1,-1,-1,-1
311,134,201,440,79,79,1,-1,-1,-1
311,87,471,496,71,147,1,-1,-1,-1
311,77,915,613,114,145,1,-1,-1,-1
311,57,847,490,79,143,1,-1,-1,-1
312,154,1795,631,100,156,1,-1,-1,-1
312,150,1218,566,74,174,1,-1,-1,-1
312,147,96,465,58,139,1,-1,-1,-1
312,145,1025,458,73,153,1,-1,-1,-1
312,138,173,401,77,129,1,-1,-1,-1
312,136,14,517,80,132,1,-1,-1,-1
312,134,199,438,83,80,1,-1,-1,-1
312,87,467,496,70,146,1,-1,-1,-1
312,77,902,612,117,145,1,-1,-1,-1
312,57,848,491,79,144,1,-1,-1,-1
313,154,1779,632,108,156,1,-1,-1,-1
313,150,1206,566,68,173,1,-1,-1,-1
313,147,98,464,57,140,1,-1,-1,-1
313,145,1029,460,78,153,1,-1,-1,-1
313,138,165,403,81,129,1,-1,-1,-1
313,136,0,518,85,131,1,-1,-1,-1
313,134,195,435,88,81,1,-1,-1,-1
313,87,461,497,70,146,1,-1,-1,-1
313,77,882,612,121,145,1,-1,-1,-1
313,57,850,493,78,145,1,-1,-1,-1
314,154,1776,632,108,156,1,-1,-1,-1
314,150,1202,566,68,172,1,-1,-1,-1
314,147,100,464,57,140,1,-1,-1,-1
314,145,1032,461,78,154,1,-1,-1,-1
314,138,162,403,80,128,1,-1,-1,-1
314,136,0,519,81,130,1,-1,-1,-1
314,134,195,437,89,79,1,-1,-1,-1
314,87,457,497,72,146,1,-1,-1,-1
314,77,878,612,116,144,1,-1,-1,-1
314,57,852,491,76,147,1,-1,-1,-1
315,154,1770,632,107,157,1,-1,-1,-1
315,150,1193,566,67,170,1,-1,-1,-1
315,147,104,464,57,140,1,-1,-1,-1
315,145,1036,462,77,154,1,-1,-1,-1
315,138,157,403,77,128,1,-1,-1,-1
315,136,0,521,73,128,1,-1,-1,-1
315,134,195,440,91,76,1,-1,-1,-1
315,87,451,497,75,146,1,-1,-1,-1
315,77,872,613,107,144,1,-1,-1,-1
315,57,855,489,73,149,1,-1,-1,-1
316,154,1764,632,106,158,1,-1,-1,-1
316,150,1185,567,66,168,1,-1,-1,-1
316,147,108,464,57,140,1,-1,-1,-1
316,145,1041,463,77,155,1,-1,-1,-1
316,138,151,403,74,128,1,-1,-1,-1
316,136,0,523,65,127,1,-1,-1,-1
316,134,195,443,93,72,1,-1,-1,-1
316,87,444,497,79,147,1,-1,-1,-1
316,77,866,614,97,143,1,-1,-1,-1
316,57,859,486,70,151,1,-1,-1,-1
317,154,1759,633,105,160,1,-1,-1,-1
317,150,1176,567,66,166,1,-1,-1,-1
317,147,112,465,57,140,1,-1,-1,-1
317,145,1046,464,76,155,1,-1,-1,-1
317,138,145,403,71,128,1,-1,-1,-1
317,136,0,525,58,125,1,-1,-1,-1
317,134,194,447,95,68,1,-1,-1,-1
317,87,438,496,82,147,1,-1,-1,-1
317,77,860,614,88,142,1,-1,-1,-1
317,57,862,484,66,154,1,-1,-1,-1
318,154,1753,633,104,161,1,-1,-1,-1
318,150,1168,568,65,164,1,-1,-1,-1
318,147,116,465,58,141,1,-1,-1,-1
318,145,1051,465,76,156,1,-1,-1,-1
318,138,139,403,68,128,1,-1,-1,-1
318,136,0,527,50,123,1,-1,-1,-1
318,134,194,450,97,65,1,-1,-1,-1
318,87,431,496,86,148,1,-1,-1,-1
318,77,854,615,78,142,1,-1,-1,-1
318,57,865,481,63,156,1,-1,-1,-1
319,154,1743,633,103,163,1,-1,-1,-1
319,150,1153,569,65,160,1,-1,-1,-1
319,147,122,465,58,141,1,-1,-1,-1
319,145,1059,467,75,157,1,-1,-1,-1
319,138,129,403,64,127,1,-1,-1,-1
319,136,0,530,36,120,1,-1,-1,-1
319,134,193,455,101,59,1,-1,-1,-1
319,87,420,496,92,149,1,-1,-1,-1
319,77,844,617,62,140,1,-1,-1,-1
319,57,871,477,58,160,1,-1,-1,-1
320,154,1739,634,103,162,1,-1,-1,-1
320,150,1150,569,66,160,1,-1,-1,-1
320,147,123,465,58,141,1,-1,-1,-1
320,145,1059,467,74,157,1,-1,-1,-1
320,138,128,403,63,127,1,-1,-1,-1
320,136,0,532,32,108,1,-1,-1,-1
320,134,194,455,101,59,1,-1,-1,-1
320,87,418,496,91,149,1,-1,-1,-1
320,77,841,617,63,140,1,-1,-1,-1
320,57,871,478,58,160,1,-1,-1,-1
321,154,1727,636,104,162,1,-1,-1,-1
321,150,1139,569,73,159,1,-1,-1,-1
321,147,123,466,58,141,1,-1,-1,-1
321,145,1062,465,73,157,1,-1,-1,-1
321,138,125,403,59,128,1,-1,-1,-1
321,136,0,532,27,98,1,-1,-1,-1
321,134,195,454,100,60,1,-1,-1,-1
321,87,412,495,86,150,1,-1,-1,-1
321,77,831,618,66,139,1,-1,-1,-1
321,57,869,480,60,159,1,-1,-1,-1
322,154,1714,638,105,161,1,-1,-1,-1
322,150,1128,569,79,158,1,-1,-1,-1
322,147,124,467,59,141,1,-1,-1,-1
322,145,1065,464,72,157,1,-1,-1,-1
322,138,121,403,56,129,1,-1,-1,-1
322,136,0,533,26,92,1,-1,-1,-1
322,134,196,453,99,61,1,-1,-1,-1
322,87,405,494,82,152,1,-1,-1,-1
322,77,822,619,69,137,1,-1,-1,-1
322,57,866,482,62,157,1,-1,-1,-1
323,154,1702,640,106,161,1,-1,-1,-1
323,150,1116,570,86,157,1,-1,-1,-1
323,147,125,468,59,141,1,-1,-1,-1
323,145,1067,463,70,158,1,-1,-1,-1
323,138,118,404,53,129,1,-1,-1,-1
323,136,0,536,21,67,1,-1,-1,-1
323,134,197,453,99,62,1,-1,-1,-1
323,87,398,493,78,153,1,-1,-1,-1
323,77,812,619,73,136,1,-1,-1,-1
323,57,864,484,64,156,1,-1,-1,-1
324,154,1689,642,108,160,1,-1,-1,-1
324,150,1105,570,92,156,1,-1,-1,-1
324,147,126,469,59,141,1,-1,-1,-1
324,145,1070,462,69,158,1,-1,-1,-1
324,138,114,404,50,130,1,-1,-1,-1
324,136,0,537,20,68,1,-1,-1,-1
324,134,199,452,98,63,1,-1,-1,-1
324,87,392,492,74,155,1,-1,-1,-1
324,77,802,620,76,135,1,-1,-1,-1
324,57,862,487,66,155,1,-1,-1,-1
325,154,1665,646,110,160,1,-1,-1,-1
325,150,1083,571,105,155,1,-1,-1,-1
325,147,128,471,60,141,1,-1,-1,-1
325,145,1075,459,66,159,1,-1,-1,-1
325,138,107,404,43,131,1,-1,-1,-1
325,136,0,539,12,79,1,-1,-1,-1
325,134,201,450,97,64,1,-1,-1,-1
325,87,379,489,66,158,1,-1,-1,-1
325,77,783,622,82,132,1,-1,-1,-1
325,57,858,491,69,153,1,-1,-1,-1
326,154,1664,646,110,160,1,-1,-1,-1
326,150,1083,571,105,155,1,-1,-1,-1
326,147,128,471,60,141,1,-1,-1,-1
326,145,1075,459,66,159,1,-1,-1,-1
326,138,107,404,43,131,1,-1,-1,-1
326,136,0,539,10,76,1,-1,-1,-1
326,134,201,450,97,64,1,-1,-1,-1
326,87,379,489,66,158,1,-1,-1,-1
326,77,782,622,82,132,1,-1,-1,-1
326,57,858,491,69,153,1,-1,-1,-1
327,154,1644,647,111,160,1,-1,-1,-1
327,150,1072,569,103,156,1,-1,-1,-1
327,147,127,472,61,143,1,-1,-1,-1
327,145,1077,462,65,159,1,-1,-1,-1
327,138,99,404,48,131,1,-1,-1,-1
327,134,201,450,97,65,1,-1,-1,-1
327,87,373,490,64,157,1,-1,-1,-1
327,77,777,622,83,134,1,-1,-1,-1
327,57,857,492,69,154,1,-1,-1,-1
328,154,1624,647,111,161,1,-1,-1,-1
328,150,1060,567,102,158,1,-1,-1,-1
328,147,126,472,62,144,1,-1,-1,-1
328,145,1080,465,65,159,1,-1,-1,-1
328,138,91,404,52,131,1,-1,-1,-1
328,134,201,450,97,65,1,-1,-1,-1
328,87,367,491,62,157,1,-1,-1,-1
328,77,772,622,83,136,1,-1,-1,-1
328,57,856,493,68,155,1,-1,-1,-1
329,154,1605,648,112,161,1,-1,-1,-1
329,150,1049,565,101,160,1,-1,-1,-1
329,147,125,473,64,145,1,-1,-1,-1
329,145,1082,467,64,159,1,-1,-1,-1
329,138,82,404,57,132,1,-1,-1,-1
329,134,202,449,97,65,1,-1,-1,-1
329,87,362,492,61,156,1,-1,-1,-1
329,77,767,622,83,139,1,-1,-1,-1
329,57,854,494,68,156,1,-1,-1,-1
330,154,1585,649,112,162,1,-1,-1,-1
330,150,1038,564,99,162,1,-1,-1,-1
330,147,124,473,65,146,1,-1,-1,-1
330,145,1085,470,63,159,1,-1,-1,-1
330,138,74,404,61,132,1,-1,-1,-1
330,134,202,449,97,66,1,-1,-1,-1
330,87,356,493,59,155,1,-1,-1,-1
330,77,762,623,83,141,1,-1,-1,-1
330,57,853,494,67,157,1,-1,-1,-1
331,154,1565,649,113,162,1,-1,-1,-1
331,150,1026,562,98,163,1,-1,-1,-1
331,147,123,474,66,147,1,-1,-1,-1
331,145,1088,473,63,159,1,-1,-1,-1
331,138,66,404,66,132,1,-1,-1,-1
331,134,202,449,97,66,1,-1,-1,-1
331,87,350,494,58,155,1,-1,-1,-1
331,77,757,623,83,143,1,-1,-1,-1
331,57,852,495,66,158,1,-1,-1,-1
332,154,1541,650,114,163,1,-1,-1,-1
332,150,1013,560,97,165,1,-1,-1,-1
332,147,122,474,68,148,1,-1,-1,-1
332,145,1091,476,62,159,1,-1,-1,-1
332,138,56,404,71,132,1,-1,-1,-1
332,134,203,448,97,67,1,-1,-1,-1
332,87,343,496,56,154,1,-1,-1,-1
332,77,751,623,83,145,1,-1,-1,-1
332,57,850,496,66,160,1,-1,-1,-1
333,154,1527,650,112,165,1,-1,-1,-1
333,150,1003,561,95,164,1,-1,-1,-1
333,147,121,474,67,149,1,-1,-1,-1
333,145,1091,476,64,159,1,-1,-1,-1
333,138,53,404,71,132,1,-1,-1,-1
333,134,203,448,95,67,1,-1,-1,-1
333,87,338,496,58,154,1,-1,-1,-1
333,77,753,623,81,147,1,-1,-1,-1
333,57,847,496,66,161,1,-1,-1,-1
334,154,1510,650,110,167,1,-1,-1,-1
334,150,991,563,92,163,1,-1,-1,-1
334,147,120,474,66,150,1,-1,-1,-1
334,145,1091,476,66,160,1,-1,-1,-1
334,138,50,405,70,131,1,-1,-1,-1
334,134,204,448,93,67,1,-1,-1,-1
334,87,332,497,61,155,1,-1,-1,-1
334,77,755,624,77,148,1,-1,-1,-1
334,57,844,496,67,163,1,-1,-1,-1
335,154,1492,649,109,169,1,-1,-1,-1
335,150,979,565,90,162,1,-1,-1,-1
335,147,118,474,65,151,1,-1,-1,-1
335,145,1091,476,69,160,1,-1,-1,-1
335,138,47,406,70,131,1,-1,-1,-1
335,134,205,448,91,67,1,-1,-1,-1
335,87,325,498,63,155,1,-1,-1,-1
335,77,757,624,74,150,1,-1,-1,-1
335,57,841,495,67,165,1,-1,-1,-1
336,154,1475,649,107,171,1,-1,-1,-1
336,150,966,566,87,161,1,-1,-1,-1
336,147,117,474,64,152,1,-1,-1,-1
336,145,1092,476,71,160,1,-1,-1,-1
336,138,44,407,69,130,1,-1,-1,-1
336,134,205,447,89,67,1,-1,-1,-1
336,87,318,499,66,156,1,-1,-1,-1
336,77,759,625,71,152,1,-1,-1,-1
336,57,837,495,68,167,1,-1,-1,-1
337,154,1457,649,105,173,1,-1,-1,-1
337,150,954,568,85,160,1,-1,-1,-1
337,147,116,474,63,153,1,-1,-1,-1
337,145,1092,476,74,161,1,-1,-1,-1
337,138,40,408,69,129,1,-1,-1,-1
337,134,206,447,87,68,1,-1,-1,-1
337,87,312,500,69,156,1,-1,-1,-1
337,77,762,625,68,153,1,-1,-1,-1
337,57,834,495,68,169,1,-1,-1,-1
338,154,1431,648,102,176,1,-1,-1,-1
338,150,936,571,81,158,1,-1,-1,-1
338,147,114,474,62,154,1,-1,-1,-1
338,145,1092,476,77,161,1,-1,-1,-1
338,138,36,410,68,129,1,-1,-1,-1
338,134,207,447,85,68,1,-1,-1,-1
338,87,302,502,73,157,1,-1,-1,-1
338,77,765,626,63,156,1,-1,-1,-1
338,57,829,494,69,171,1,-1,-1,-1
339,154,1419,648,105,177,1,-1,-1,-1
339,150,932,571,82,158,1,-1,-1,-1
339,147,112,475,62,154,1,-1,-1,-1
339,145,1092,477,77,161,1,-1,-1,-1
339,138,33,410,67,129,1,-1,-1,-1
339,134,208,447,82,68,1,-1,-1,-1
339,87,300,502,72,157,1,-1,-1,-1
339,77,764,627,63,157,1,-1,-1,-1
339,57,827,495,68,171,1,-1,-1,-1
340,154,1397,648,110,179,1,-1,-1,-1
340,150,923,571,84,159,1,-1,-1,-1
340,147,109,476,61,154,1,-1,-1,-1
340,145,1092,478,77,161,1,-1,-1,-1
340,138,28,409,65,130,1,-1,-1,-1
340,134,210,447,78,68,1,-1,-1,-1
340,87,297,501,71,158,1,-1,-1,-1
340,77,763,628,63,159,1,-1,-1,-1
340,57,822,496,68,170,1,-1,-1,-1
341,154,1374,648,114,181,1,-1,-1,-1
341,150,914,572,86,159,1,-1,-1,-1
341,147,105,477,60,154,1,-1,-1,-1
341,145,1092,480,77,160,1,-1,-1,-1
341,138,23,409,63,130,1,-1,-1,-1
341,134,212,447,74,68,1,-1,-1,-1
341,87,293,501,70,158,1,-1,-1,-1
341,77,762,630,63,161,1,-1,-1,-1
341,57,818,497,67,169,1,-1,-1,-1
342,154,1351,648,119,183,1,-1,-1,-1
342,150,905,572,88,160,1,-1,-1,-1
342,147,102,479,59,154,1,-1,-1,-1
342,145,1092,482,76,160,1,-1,-1,-1
342,138,19,409,61,131,1,-1,-1,-1
342,134,214,448,70,68,1,-1,-1,-1
342,87,290,501,68,159,1,-1,-1,-1
342,77,761,631,63,162,1,-1,-1,-1
342,57,814,498,66,168,1,-1,-1,-1
343,154,1329,648,124,184,1,-1,-1,-1
343,150,896,572,90,160,1,-1,-1,-1
343,147,98,480,58,153,1,-1,-1,-1
343,145,1091,483,76,160,1,-1,-1,-1
343,138,14,408,59,132,1,-1,-1,-1
343,134,216,448,66,68,1,-1,-1,-1
343,87,287,501,67,160,1,-1,-1,-1
343,77,759,633,63,164,1,-1,-1,-1
343,57,809,499,65,168,1,-1,-1,-1
344,154,1290,648,132,188,1,-1,-1,-1
344,150,881,573,93,161,1,-1,-1,-1
344,147,93,482,56,153,1,-1,-1,-1
344,145,1091,486,75,159,1,-1,-1,-1
344,138,5,408,56,133,1,-1,-1,-1
344,134,219,448,59,68,1,-1,-1,-1
344,87,281,501,65,160,1,-1,-1,-1
344,77,757,635,64,168,1,-1,-1,-1
344,57,802,501,63,166,1,-1,-1,-1
345,154,1284,648,132,188,1,-1,-1,-1
345,150,879,573,93,162,1,-1,-1,-1
345,147,91,483,57,153,1,-1,-1,-1
345,145,1091,486,75,160,1,-1,-1,-1
345,138,5,408,54,133,1,-1,-1,-1
345,134,219,448,59,68,1,-1,-1,-1
345,87,280,501,65,161,1,-1,-1,-1
345,77,757,635,64,168,1,-1,-1,-1
345,57,801,501,64,166,1,-1,-1,-1
346,154,1261,648,130,189,1,-1,-1,-1
346,150,872,572,90,163,1,-1,-1,-1
346,147,87,484,60,154,1,-1,-1,-1
346,145,1091,485,73,161,1,-1,-1,-1
346,138,4,410,50,131,1,-1,-1,-1
346,134,219,448,60,68,1,-1,-1,-1
346,87,277,502,64,161,1,-1,-1,-1
346,77,758,635,67,169,1,-1,-1,-1
346,57,797,503,64,167,1,-1,-1,-1
347,162,0,791,55,203,1,-1,-1,-1
347,154,1239,648,129,189,1,-1,-1,-1
347,150,865,572,87,164,1,-1,-1,-1
347,147,82,485,63,154,1,-1,-1,-1
347,145,1090,484,72,162,1,-1,-1,-1
347,138,3,412,45,130,1,-1,-1,-1
347,134,219,448,60,68,1,-1,-1,-1
347,87,275,503,63,162,1,-1,-1,-1
347,77,758,636,70,171,1,-1,-1,-1
347,57,792,505,65,167,1,-1,-1,-1
348,162,0,791,98,194,1,-1,-1,-1
348,154,1216,648,127,190,1,-1,-1,-1
348,150,859,572,85,165,1,-1,-1,-1
348,147,78,486,66,155,1,-1,-1,-1
348,145,1090,483,70,163,1,-1,-1,-1
348,138,2,413,40,129,1,-1,-1,-1
348,134,219,448,61,68,1,-1,-1,-1
348,87,272,504,61,162,1,-1,-1,-1
348,77,758,636,73,172,1,-1,-1,-1
348,57,788,507,66,168,1,-1,-1,-1
349,162,0,790,141,191,1,-1,-1,-1
349,154,1193,649,126,191,1,-1,-1,-1
349,150,852,571,82,167,1,-1,-1,-1
349,147,73,487,70,155,1,-1,-1,-1
349,145,1090,482,69,165,1,-1,-1,-1
349,138,1,415,35,127,1,-1,-1,-1
349,134,218,448,62,68,1,-1,-1,-1
349,87,269,506,60,163,1,-1,-1,-1
349,77,758,636,76,173,1,-1,-1,-1
349,57,784,509,67,168,1,-1,-1,-1
350,162,11,789,159,187,1,-1,-1,-1
350,154,1158,649,124,192,1,-1,-1,-1
350,150,838,571,77,169,1,-1,-1,-1
350,147,64,489,76,156,1,-1,-1,-1
350,145,1090,480,66,167,1,-1,-1,-1
350,138,0,418,26,125,1,-1,-1,-1
350,134,218,448,63,68,1,-1,-1,-1
350,87,264,508,58,164,1,-1,-1,-1
350,77,758,636,82,176,1,-1,-1,-1
350,57,776,512,69,169,1,-1,-1,-1
351,162,12,787,158,187,1,-1,-1,-1
351,154,1148,649,130,192,1,-1,-1,-1
351,150,838,571,77,169,1,-1,-1,-1
351,147,64,489,75,156,1,-1,-1,-1
351,145,1089,480,66,167,1,-1,-1,-1
351,138,0,427,24,116,1,-1,-1,-1
351,134,218,448,63,68,1,-1,-1,-1
351,87,264,508,58,164,1,-1,-1,-1
351,77,758,636,82,176,1,-1,-1,-1
351,57,776,512,69,169,1,-1,-1,-1
352,162,31,788,144,187,1,-1,-1,-1
352,154,1127,652,125,190,1,-1,-1,-1
352,150,827,571,75,169,1,-1,-1,-1
352,147,57,489,74,157,1,-1,-1,-1
352,145,1087,481,66,167,1,-1,-1,-1
352,138,0,427,24,116,1,-1,-1,-1
352,134,218,447,65,68,1,-1,-1,-1
352,87,258,509,60,165,1,-1,-1,-1
352,77,752,641,90,174,1,-1,-1,-1
352,57,770,512,68,170,1,-1,-1,-1
353,162,50,789,130,187,1,-1,-1,-1
353,154,1105,655,120,188,1,-1,-1,-1
353,150,816,571,74,169,1,-1,-1,-1
353,147,51,489,72,159,1,-1,-1,-1
353,145,1085,483,66,166,1,-1,-1,-1
353,138,0,466,19,74,1,-1,-1,-1
353,134,218,447,67,69,1,-1,-1,-1
353,87,253,510,61,165,1,-1,-1,-1
353,77,747,645,99,173,1,-1,-1,-1
353,57,764,512,67,171,1,-1,-1,-1
354,162,72,790,115,186,1,-1,-1,-1
354,154,1084,659,115,186,1,-1,-1,-1
354,150,806,572,73,169,1,-1,-1,-1
354,147,44,488,71,160,1,-1,-1,-1
354,145,1083,485,65,166,1,-1,-1,-1
354,138,0,467,19,74,1,-1,-1,-1
354,134,218,447,69,69,1,-1,-1,-1
354,87,248,511,63,166,1,-1,-1,-1
354,77,741,649,107,171,1,-1,-1,-1
354,57,758,511,66,173,1,-1,-1,-1
355,162,73,786,114,191,1,-1,-1,-1
355,154,1062,662,110,184,1,-1,-1,-1
355,150,795,572,72,168,1,-1,-1,-1
355,147,38,488,69,162,1,-1,-1,-1
355,145,1081,486,65,165,1,-1,-1,-1
355,138,0,505,17,32,1,-1,-1,-1
355,134,218,447,71,70,1,-1,-1,-1
355,87,242,511,65,167,1,-1,-1,-1
355,77,736,654,115,170,1,-1,-1,-1
355,57,752,511,66,174,1,-1,-1,-1
356,162,74,781,114,196,1,-1,-1,-1
356,154,1041,665,105,182,1,-1,-1,-1
356,150,784,572,70,168,1,-1,-1,-1
356,147,32,488,67,163,1,-1,-1,-1
356,145,1079,488,65,165,1,-1,-1,-1
356,138,0,508,11,29,1,-1,-1,-1
356,134,219,446,73,70,1,-1,-1,-1
356,87,237,512,66,167,1,-1,-1,-1
356,77,730,658,124,169,1,-1,-1,-1
356,57,746,511,65,175,1,-1,-1,-1
357,162,75,776,114,202,1,-1,-1,-1
357,154,1015,669,99,179,1,-1,-1,-1
357,150,771,573,69,168,1,-1,-1,-1
357,147,24,488,66,165,1,-1,-1,-1
357,145,1077,490,65,164,1,-1,-1,-1
357,134,219,446,75,71,1,-1,-1,-1
357,87,231,513,68,168,1,-1,-1,-1
357,77,723,663,134,167,1,-1,-1,-1
357,57,738,511,64,177,1,-1,-1,-1
358,162,78,773,106,204,1,-1,-1,-1
358,154,1004,670,96,179,1,-1,-1,-1
358,150,764,574,70,169,1,-1,-1,-1
358,147,21,489,64,164,1,-1,-1,-1
358,145,1076,489,65,165,1,-1,-1,-1
358,134,219,445,77,71,1,-1,-1,-1
358,87,228,514,68,168,1,-1,-1,-1
358,77,721,657,132,170,1,-1,-1,-1
358,57,734,511,65,175,1,-1,-1,-1
359,162,79,772,105,205,1,-1,-1,-1
359,154,990,672,92,179,1,-1,-1,-1
359,150,756,576,71,169,1,-1,-1,-1
359,147,17,491,63,163,1,-1,-1,-1
359,145,1075,489,66,165,1,-1,-1,-1
359,134,220,444,80,72,1,-1,-1,-1
359,87,225,514,68,169,1,-1,-1,-1
359,77,717,650,131,175,1,-1,-1,-1
359,57,728,512,65,173,1,-1,-1,-1
360,162,79,768,100,208,1,-1,-1,-1
360,154,976,674,88,178,1,-1,-1,-1
360,150,748,578,72,170,1,-1,-1,-1
360,147,13,492,61,163,1,-1,-1,-1
360,145,1075,488,66,166,1,-1,-1,-1
360,134,220,443,83,73,1,-1,-1,-1
360,87,222,515,68,169,1,-1,-1,-1
360,77,714,643,129,180,1,-1,-1,-1
360,57,723,513,66,171,1,-1,-1,-1
361,162,80,763,94,212,1,-1,-1,-1
361,154,962,675,84,178,1,-1,-1,-1
361,150,739,580,73,171,1,-1,-1,-1
361,147,9,494,60,162,1,-1,-1,-1
361,145,1074,487,67,167,1,-1,-1,-1
361,134,221,442,86,74,1,-1,-1,-1
361,87,219,516,68,170,1,-1,-1,-1
361,77,710,635,127,185,1,-1,-1,-1
361,57,718,514,67,169,1,-1,-1,-1
362,162,79,764,94,212,1,-1,-1,-1
362,154,949,677,80,177,1,-1,-1,-1
362,150,731,582,74,171,1,-1,-1,-1
362,147,5,495,58,161,1,-1,-1,-1
362,145,1073,487,68,168,1,-1,-1,-1
362,134,222,442,89,75,1,-1,-1,-1
362,87,215,516,68,170,1,-1,-1,-1
362,77,707,628,125,189,1,-1,-1,-1
362,57,712,515,67,167,1,-1,-1,-1
363,162,79,765,94,212,1,-1,-1,-1
363,154,928,680,75,176,1,-1,-1,-1
363,150,718,585,75,172,1,-1,-1,-1
363,147,0,498,56,160,1,-1,-1,-1
363,145,1072,486,69,169,1,-1,-1,-1
363,134,222,440,93,77,1,-1,-1,-1
363,87,211,517,68,171,1,-1,-1,-1
363,77,701,617,122,196,1,-1,-1,-1
363,57,704,516,68,165,1,-1,-1,-1
364,162,76,765,97,212,1,-1,-1,-1
364,154,922,680,74,176,1,-1,-1,-1
364,150,714,585,75,173,1,-1,-1,-1
364,147,0,499,55,159,1,-1,-1,-1
364,145,1072,486,69,169,1,-1,-1,-1
364,134,223,440,90,77,1,-1,-1,-1
364,87,210,518,68,171,1,-1,-1,-1
364,77,702,619,118,196,1,-1,-1,-1
364,57,702,517,68,165,1,-1,-1,-1
365,162,70,764,102,211,1,-1,-1,-1
365,154,910,681,73,176,1,-1,-1,-1
365,150,706,585,74,175,1,-1,-1,-1
365,147,0,496,54,162,1,-1,-1,-1
365,145,1071,487,68,169,1,-1,-1,-1
365,134,224,438,84,79,1,-1,-1,-1
365,87,208,519,66,171,1,-1,-1,-1
365,77,703,623,109,195,1,-1,-1,-1
365,57,697,520,68,164,1,-1,-1,-1
366,162,65,763,108,211,1,-1,-1,-1
366,154,898,683,72,176,1,-1,-1,-1
366,150,699,585,73,176,1,-1,-1,-1
366,147,0,519,48,132,1,-1,-1,-1
366,145,1071,487,68,169,1,-1,-1,-1
366,134,225,437,79,80,1,-1,-1,-1
366,87,207,520,64,171,1,-1,-1,-1
366,77,704,627,100,194,1,-1,-1,-1
366,57,692,522,68,164,1,-1,-1,-1
367,162,59,762,114,210,1,-1,-1,-1
367,154,886,684,70,176,1,-1,-1,-1
367,150,691,584,72,178,1,-1,-1,-1
367,147,0,520,49,124,1,-1,-1,-1
367,145,1071,488,67,170,1,-1,-1,-1
367,134,226,436,73,81,1,-1,-1,-1
367,87,205,521,63,171,1,-1,-1,-1
367,77,705,631,91,192,1,-1,-1,-1
367,57,687,525,68,164,1,-1,-1,-1
368,162,53,762,119,210,1,-1,-1,-1
368,154,875,685,69,176,1,-1,-1,-1
368,150,683,584,72,179,1,-1,-1,-1
368,147,0,525,43,115,1,-1,-1,-1
368,145,1070,489,67,170,1,-1,-1,-1
368,134,227,434,67,82,1,-1,-1,-1
368,87,204,522,61,171,1,-1,-1,-1
368,77,706,635,83,191,1,-1,-1,-1
368,57,682,527,68,164,1,-1,-1,-1
369,162,44,760,129,209,1,-1,-1,-1
369,154,854,687,67,176,1,-1,-1,-1
369,150,670,584,70,181,1,-1,-1,-1
369,147,0,527,43,111,1,-1,-1,-1
369,145,1070,490,66,170,1,-1,-1,-1
369,134,229,432,57,84,1,-1,-1,-1
369,87,201,523,59,171,1,-1,-1,-1
369,77,707,642,68,189,1,-1,-1,-1
369,57,674,531,68,164,1,-1,-1,-1
370,162,43,759,129,209,1,-1,-1,-1
370,154,852,687,67,176,1,-1,-1,-1
370,150,669,584,70,181,1,-1,-1,-1
370,147,0,544,22,101,1,-1,-1,-1
370,145,1071,490,66,170,1,-1,-1,-1
370,134,230,432,57,85,1,-1,-1,-1
370,87,201,524,60,171,1,-1,-1,-1
370,77,706,643,67,189,1,-1,-1,-1
370,57,673,532,69,164,1,-1,-1,-1
371,162,39,758,127,209,1,-1,-1,-1
371,154,846,686,68,177,1,-1,-1,-1
371,150,666,585,71,181,1,-1,-1,-1
371,147,0,545,22,101,1,-1,-1,-1
371,145,1074,489,65,171,1,-1,-1,-1
371,134,233,430,58,86,1,-1,-1,-1
371,87,199,525,63,171,1,-1,-1,-1
371,77,704,646,67,188,1,-1,-1,-1
371,57,670,533,73,164,1,-1,-1,-1
372,162,35,756,125,210,1,-1,-1,-1
372,154,840,686,69,178,1,-1,-1,-1
372,150,664,587,71,180,1,-1,-1,-1
372,147,0,553,10,103,1,-1,-1,-1
372,145,1078,489,64,171,1,-1,-1,-1
372,134,237,429,58,88,1,-1,-1,-1
372,87,198,526,66,171,1,-1,-1,-1
372,77,702,649,67,187,1,-1,-1,-1
372,57,666,534,76,165,1,-1,-1,-1
373,162,31,754,123,210,1,-1,-1,-1
373,154,834,685,70,179,1,-1,-1,-1
373,150,661,588,71,180,1,-1,-1,-1
373,145,1081,489,63,172,1,-1,-1,-1
373,134,240,427,59,90,1,-1,-1,-1
373,87,196,527,69,172,1,-1,-1,-1
373,77,700,652,67,186,1,-1,-1,-1
373,57,663,535,79,166,1,-1,-1,-1
374,162,27,752,122,210,1,-1,-1,-1
374,154,828,684,71,180,1,-1,-1,-1
374,150,658,590,72,179,1,-1,-1,-1
374,145,1084,489,62,172,1,-1,-1,-1
374,134,244,426,59,91,1,-1,-1,-1
374,87,195,528,73,172,1,-1,-1,-1
374,77,698,655,66,185,1,-1,-1,-1
374,57,659,537,82,166,1,-1,-1,-1
375,162,20,748,118,210,1,-1,-1,-1
375,154,816,683,73,182,1,-1,-1,-1
375,150,653,592,72,178,1,-1,-1,-1
375,145,1091,488,60,174,1,-1,-1,-1
375,134,250,423,61,94,1,-1,-1,-1
375,87,192,530,79,172,1,-1,-1,-1
375,77,694,660,66,183,1,-1,-1,-1
375,57,653,539,89,167,1,-1,-1,-1
376,162,20,748,118,210,1,-1,-1,-1
376,154,816,683,73,182,1,-1,-1,-1
376,150,653,592,72,178,1,-1,-1,-1
376,145,1091,488,60,174,1,-1,-1,-1
376,134,251,423,61,94,1,-1,-1,-1
376,87,192,530,79,172,1,-1,-1,-1
376,77,695,660,66,183,1,-1,-1,-1
376,57,653,539,89,167,1,-1,-1,-1
378,162,36,739,124,208,1,-1,-1,-1
378,154,841,680,68,184,1,-1,-1,-1
378,150,675,594,73,176,1,-1,-1,-1
378,145,1123,487,63,171,1,-1,-1,-1
378,134,290,417,63,97,1,-1,-1,-1
378,87,228,526,77,173,1,-1,-1,-1
378,77,723,656,70,182,1,-1,-1,-1
378,57,675,538,85,162,1,-1,-1,-1
379,162,44,735,127,207,1,-1,-1,-1
379,154,853,678,66,185,1,-1,-1,-1
379,150,686,594,74,174,1,-1,-1,-1
379,147,0,539,27,107,1,-1,-1,-1
379,145,1139,486,64,169,1,-1,-1,-1
379,134,309,414,64,99,1,-1,-1,-1
379,87,245,525,75,174,1,-1,-1,-1
379,77,737,654,72,182,1,-1,-1,-1
379,57,686,537,83,160,1,-1,-1,-1
380,162,58,731,130,206,1,-1,-1,-1
380,154,865,677,63,186,1,-1,-1,-1
380,150,697,595,74,173,1,-1,-1,-1
380,147,2,515,52,159,1,-1,-1,-1
380,145,1154,485,65,168,1,-1,-1,-1
380,134,328,411,66,100,1,-1,-1,-1
380,87,263,523,74,174,1,-1,-1,-1
380,77,751,652,75,182,1,-1,-1,-1
380,57,697,536,81,157,1,-1,-1,-1
381,164,2,708,115,194,1,-1,-1,-1
381,162,73,726,133,205,1,-1,-1,-1
381,154,877,675,61,186,1,-1,-1,-1
381,150,708,596,74,172,1,-1,-1,-1
381,147,20,514,61,158,1,-1,-1,-1
381,145,1170,485,67,167,1,-1,-1,-1
381,134,348,408,67,102,1,-1,-1,-1
381,87,280,521,73,174,1,-1,-1,-1
381,77,765,650,77,182,1,-1,-1,-1
381,57,708,536,79,155,1,-1,-1,-1
382,164,23,715,110,189,1,-1,-1,-1
382,162,91,721,137,204,1,-1,-1,-1
382,154,892,673,58,187,1,-1,-1,-1
382,150,721,596,75,170,1,-1,-1,-1
382,147,38,510,70,158,1,-1,-1,-1
382,145,1189,484,68,165,1,-1,-1,-1
382,134,371,405,68,104,1,-1,-1,-1
382,87,302,519,72,175,1,-1,-1,-1
382,77,782,647,80,182,1,-1,-1,-1
382,57,721,535,77,152,1,-1,-1,-1
383,166,29,615,88,167,1,-1,-1,-1
383,164,42,713,109,187,1,-1,-1,-1
383,162,111,713,133,204,1,-1,-1,-1
383,154,904,671,60,188,1,-1,-1,-1
383,150,732,595,76,170,1,-1,-1,-1
383,147,56,509,70,155,1,-1,-1,-1
383,145,1205,482,68,164,1,-1,-1,-1
383,134,387,403,69,105,1,-1,-1,-1
383,87,321,519,71,174,1,-1,-1,-1
383,77,796,647,81,180,1,-1,-1,-1
383,57,734,533,75,154,1,-1,-1,-1
384,166,56,612,84,166,1,-1,-1,-1
384,164,66,712,108,184,1,-1,-1,-1
384,162,135,703,128,205,1,-1,-1,-1
384,154,920,667,64,188,1,-1,-1,-1
384,150,747,594,78,169,1,-1,-1,-1
384,147,78,509,71,151,1,-1,-1,-1
384,145,1226,481,67,163,1,-1,-1,-1
384,134,408,400,70,106,1,-1,-1,-1
384,87,345,518,71,172,1,-1,-1,-1
384,77,815,646,83,179,1,-1,-1,-1
384,57,750,532,74,156,1,-1,-1,-1
385,168,29,423,54,129,1,-1,-1,-1
385,166,82,609,79,166,1,-1,-1,-1
385,164,90,710,106,181,1,-1,-1,-1
385,162,160,692,123,206,1,-1,-1,-1
385,154,935,664,67,189,1,-1,-1,-1
385,150,761,593,80,168,1,-1,-1,-1
385,147,100,508,72,148,1,-1,-1,-1
385,145,1246,479,67,163,1,-1,-1,-1
385,134,428,397,72,107,1,-1,-1,-1
385,87,370,517,70,171,1,-1,-1,-1
385,77,833,646,85,177,1,-1,-1,-1
385,57,767,530,73,158,1,-1,-1,-1
386,168,52,420,58,129,1,-1,-1,-1
386,166,108,606,75,165,1,-1,-1,-1
386,164,114,708,105,178,1,-1,-1,-1
386,162,185,682,117,207,1,-1,-1,-1
386,154,950,661,70,189,1,-1,-1,-1
386,150,775,591,82,168,1,-1,-1,-1
386,147,123,508,72,144,1,-1,-1,-1
386,145,1267,477,66,162,1,-1,-1,-1
386,134,449,395,73,109,1,-1,-1,-1
386,87,394,516,69,170,1,-1,-1,-1
386,77,852,645,87,175,1,-1,-1,-1
386,57,783,528,71,161,1,-1,-1,-1
387,168,74,418,62,128,1,-1,-1,-1
387,166,134,603,71,164,1,-1,-1,-1
387,164,138,707,104,175,1,-1,-1,-1
387,162,209,672,112,207,1,-1,-1,-1
387,154,966,658,74,190,1,-1,-1,-1
387,150,789,590,84,167,1,-1,-1,-1
387,147,145,507,73,140,1,-1,-1,-1
387,145,1287,476,66,161,1,-1,-1,-1
387,134,470,392,74,110,1,-1,-1,-1
387,87,418,516,68,168,1,-1,-1,-1
387,77,870,644,89,174,1,-1,-1,-1
387,57,800,526,70,163,1,-1,-1,-1
388,168,108,414,67,127,1,-1,-1,-1
388,166,173,599,65,163,1,-1,-1,-1
388,164,174,704,102,171,1,-1,-1,-1
388,162,245,656,105,209,1,-1,-1,-1
388,154,988,653,78,190,1,-1,-1,-1
388,150,810,588,87,166,1,-1,-1,-1
388,147,178,506,74,135,1,-1,-1,-1
388,145,1317,473,65,159,1,-1,-1,-1
388,134,500,388,76,112,1,-1,-1,-1
388,87,454,514,67,166,1,-1,-1,-1
388,77,897,643,92,171,1,-1,-1,-1
388,57,824,523,68,167,1,-1,-1,-1
389,168,118,415,67,127,1,-1,-1,-1
389,166,183,599,68,164,1,-1,-1,-1
389,164,186,701,99,173,1,-1,-1,-1
389,162,257,655,101,207,1,-1,-1,-1
389,154,995,653,78,189,1,-1,-1,-1
389,150,816,588,86,165,1,-1,-1,-1
389,147,188,505,73,137,1,-1,-1,-1
389,145,1326,473,65,159,1,-1,-1,-1
389,134,510,387,74,112,1,-1,-1,-1
389,87,463,514,69,165,1,-1,-1,-1
389,77,905,642,89,171,1,-1,-1,-1
389,57,830,523,67,166,1,-1,-1,-1
390,168,137,415,67,125,1,-1,-1,-1
390,166,202,598,72,165,1,-1,-1,-1
390,164,210,693,94,175,1,-1,-1,-1
390,162,278,654,95,205,1,-1,-1,-1
390,154,1007,651,77,188,1,-1,-1,-1
390,150,828,588,86,165,1,-1,-1,-1
390,147,208,503,71,140,1,-1,-1,-1
390,145,1342,472,65,158,1,-1,-1,-1
390,134,530,385,71,113,1,-1,-1,-1
390,87,480,514,72,162,1,-1,-1,-1
390,77,918,638,85,172,1,-1,-1,-1
390,57,841,524,67,164,1,-1,-1,-1
391,168,157,415,67,124,1,-1,-1,-1
391,166,222,598,77,166,1,-1,-1,-1
391,164,234,686,89,178,1,-1,-1,-1
391,162,299,652,89,203,1,-1,-1,-1
391,154,1019,649,76,186,1,-1,-1,-1
391,150,840,588,85,164,1,-1,-1,-1
391,147,228,501,69,144,1,-1,-1,-1
391,145,1358,471,65,156,1,-1,-1,-1
391,134,549,383,68,113,1,-1,-1,-1
391,87,497,513,76,159,1,-1,-1,-1
391,77,932,635,80,172,1,-1,-1,-1
391,57,852,524,67,162,1,-1,-1,-1
392,168,176,416,67,123,1,-1,-1,-1
392,166,241,598,82,166,1,-1,-1,-1
392,164,258,679,84,180,1,-1,-1,-1
392,162,320,650,83,201,1,-1,-1,-1
392,154,1031,648,75,184,1,-1,-1,-1
392,150,852,588,85,163,1,-1,-1,-1
392,147,248,499,67,147,1,-1,-1,-1
392,145,1374,469,65,155,1,-1,-1,-1
392,134,569,382,65,114,1,-1,-1,-1
392,87,515,513,79,156,1,-1,-1,-1
392,77,946,631,75,172,1,-1,-1,-1
392,57,863,525,67,160,1,-1,-1,-1
393,168,196,416,67,122,1,-1,-1,-1
393,166,260,598,86,167,1,-1,-1,-1
393,164,282,671,78,183,1,-1,-1,-1
393,162,341,648,77,199,1,-1,-1,-1
393,154,1044,646,74,183,1,-1,-1,-1
393,150,865,589,84,162,1,-1,-1,-1
393,147,268,497,66,150,1,-1,-1,-1
393,145,1390,468,65,154,1,-1,-1,-1
393,134,589,380,62,115,1,-1,-1,-1
393,87,532,512,83,153,1,-1,-1,-1
393,77,960,628,71,172,1,-1,-1,-1
393,57,875,525,67,158,1,-1,-1,-1
394,168,229,417,66,120,1,-1,-1,-1
394,166,293,597,94,169,1,-1,-1,-1
394,164,323,659,70,188,1,-1,-1,-1
394,162,377,645,66,196,1,-1,-1,-1
394,154,1064,644,72,180,1,-1,-1,-1
394,150,885,589,83,160,1,-1,-1,-1
394,147,302,494,63,156,1,-1,-1,-1
394,145,1418,467,65,152,1,-1,-1,-1
394,134,622,377,57,116,1,-1,-1,-1
394,87,561,511,89,149,1,-1,-1,-1
394,77,984,622,63,173,1,-1,-1,-1
394,57,894,526,67,154,1,-1,-1,-1
395,168,232,417,66,120,1,-1,-1,-1
395,166,296,598,94,168,1,-1,-1,-1
395,164,327,658,69,187,1,-1,-1,-1
395,162,379,645,66,195,1,-1,-1,-1
395,154,1067,644,72,179,1,-1,-1,-1
395,150,884,589,85,160,1,-1,-1,-1
395,147,305,494,62,156,1,-1,-1,-1
395,145,1420,467,65,151,1,-1,-1,-1
395,134,625,377,57,115,1,-1,-1,-1
395,87,565,511,88,148,1,-1,-1,-1
395,77,984,623,64,172,1,-1,-1,-1
395,57,894,527,67,154,1,-1,-1,-1
396,168,245,418,63,120,1,-1,-1,-1
396,166,308,599,94,166,1,-1,-1,-1
396,164,339,656,68,187,1,-1,-1,-1
396,162,386,647,67,192,1,-1,-1,-1
396,154,1076,645,71,178,1,-1,-1,-1
396,150,881,589,92,158,1,-1,-1,-1
396,147,315,495,60,155,1,-1,-1,-1
396,145,1429,468,63,149,1,-1,-1,-1
396,134,634,379,55,114,1,-1,-1,-1
396,87,577,511,86,148,1,-1,-1,-1
396,77,986,625,70,168,1,-1,-1,-1
396,57,896,529,69,152,1,-1,-1,-1
397,168,258,418,61,120,1,-1,-1,-1
397,166,320,601,94,163,1,-1,-1,-1
397,164,352,654,67,187,1,-1,-1,-1
397,162,393,649,68,189,1,-1,-1,-1
397,154,1086,646,70,176,1,-1,-1,-1
397,150,879,589,99,157,1,-1,-1,-1
397,147,326,495,59,154,1,-1,-1,-1
397,145,1438,469,60,146,1,-1,-1,-1
397,134,643,380,54,113,1,-1,-1,-1
397,87,589,511,84,147,1,-1,-1,-1
397,77,987,627,76,165,1,-1,-1,-1
397,57,899,532,71,150,1,-1,-1,-1
398,168,271,419,58,120,1,-1,-1,-1
398,166,332,603,94,161,1,-1,-1,-1
398,164,364,651,66,187,1,-1,-1,-1
398,162,400,651,69,186,1,-1,-1,-1
398,154,1095,647,69,174,1,-1,-1,-1
398,150,876,589,106,155,1,-1,-1,-1
398,147,337,496,57,153,1,-1,-1,-1
398,145,1447,470,58,144,1,-1,-1,-1
398,134,653,381,52,111,1,-1,-1,-1
398,87,601,511,83,147,1,-1,-1,-1
398,77,989,629,82,161,1,-1,-1,-1
398,57,901,534,73,148,1,-1,-1,-1
399,168,284,419,56,120,1,-1,-1,-1
399,166,344,604,93,159,1,-1,-1,-1
399,164,377,649,65,186,1,-1,-1,-1
399,162,408,653,70,183,1,-1,-1,-1
399,154,1105,648,68,173,1,-1,-1,-1
399,150,873,589,113,154,1,-1,-1,-1
399,147,348,497,55,152,1,-1,-1,-1
399,145,1456,471,56,142,1,-1,-1,-1
399,134,662,382,50,110,1,-1,-1,-1
399,87,614,511,81,146,1,-1,-1,-1
399,77,990,631,88,158,1,-1,-1,-1
399,57,903,536,75,146,1,-1,-1,-1
400,168,309,420,51,120,1,-1,-1,-1
400,166,368,608,93,154,1,-1,-1,-1
400,164,401,645,63,186,1,-1,-1,-1
400,162,422,656,72,177,1,-1,-1,-1
400,154,1123,651,66,169,1,-1,-1,-1
400,150,867,589,126,151,1,-1,-1,-1
400,147,369,499,52,150,1,-1,-1,-1
400,145,1474,473,52,137,1,-1,-1,-1
400,134,680,384,47,107,1,-1,-1,-1
400,87,638,511,77,145,1,-1,-1,-1
400,77,993,634,100,151,1,-1,-1,-1
400,57,907,541,80,142,1,-1,-1,-1
401,168,310,420,51,120,1,-1,-1,-1
401,166,368,608,93,154,1,-1,-1,-1
401,164,401,645,63,186,1,-1,-1,-1
401,162,422,656,73,177,1,-1,-1,-1
401,154,1124,651,66,170,1,-1,-1,-1
401,150,867,589,126,151,1,-1,-1,-1
401,147,369,499,52,150,1,-1,-1,-1
401,145,1474,473,51,137,1,-1,-1,-1
401,134,680,384,47,107,1,-1,-1,-1
401,87,637,511,77,145,1,-1,-1,-1
401,77,993,634,99,151,1,-1,-1,-1
401,57,907,541,79,142,1,-1,-1,-1
402,168,317,421,49,120,1,-1,-1,-1
402,166,376,605,86,155,1,-1,-1,-1
402,164,411,643,61,185,1,-1,-1,-1
402,162,419,655,79,176,1,-1,-1,-1
402,154,1131,649,65,170,1,-1,-1,-1
402,150,864,588,120,151,1,-1,-1,-1
402,147,374,501,52,148,1,-1,-1,-1
402,145,1480,473,50,137,1,-1,-1,-1
402,134,682,385,48,107,1,-1,-1,-1
402,87,634,512,79,143,1,-1,-1,-1
402,77,999,632,92,152,1,-1,-1,-1
402,57,903,541,77,143,1,-1,-1,-1
403,168,325,421,47,120,1,-1,-1,-1
403,166,385,603,80,156,1,-1,-1,-1
403,164,421,641,60,184,1,-1,-1,-1
403,162,417,655,85,175,1,-1,-1,-1
403,154,1138,647,65,171,1,-1,-1,-1
403,150,862,588,114,151,1,-1,-1,-1
403,147,378,504,52,145,1,-1,-1,-1
403,145,1485,472,49,137,1,-1,-1,-1
403,134,683,386,49,106,1,-1,-1,-1
403,87,631,514,81,141,1,-1,-1,-1
403,77,1005,629,85,154,1,-1,-1,-1
403,57,900,540,75,143,1,-1,-1,-1
404,168,332,422,45,120,1,-1,-1,-1
404,166,393,601,73,157,1,-1,-1,-1
404,164,431,639,59,183,1,-1,-1,-1
404,162,415,654,91,174,1,-1,-1,-1
404,154,1146,645,65,172,1,-1,-1,-1
404,150,859,587,108,150,1,-1,-1,-1
404,147,383,507,52,143,1,-1,-1,-1
404,145,1490,472,47,136,1,-1,-1,-1
404,134,685,387,50,106,1,-1,-1,-1
404,87,628,515,83,138,1,-1,-1,-1
404,77,1011,626,78,156,1,-1,-1,-1
404,57,897,540,72,143,1,-1,-1,-1
405,168,340,422,44,120,1,-1,-1,-1
405,166,401,599,67,158,1,-1,-1,-1
405,164,441,637,57,182,1,-1,-1,-1
405,162,413,653,97,173,1,-1,-1,-1
405,154,1153,643,64,173,1,-1,-1,-1
405,150,857,587,102,150,1,-1,-1,-1
405,147,387,509,52,141,1,-1,-1,-1
405,145,1496,471,46,136,1,-1,-1,-1
405,134,686,388,50,105,1,-1,-1,-1
405,87,625,516,84,136,1,-1,-1,-1
405,77,1017,624,71,157,1,-1,-1,-1
405,57,893,539,70,144,1,-1,-1,-1
406,168,347,423,42,120,1,-1,-1,-1
406,166,409,597,60,160,1,-1,-1,-1
406,164,451,635,56,181,1,-1,-1,-1
406,162,410,653,103,172,1,-1,-1,-1
406,154,1160,642,64,173,1,-1,-1,-1
406,150,854,586,96,150,1,-1,-1,-1
406,147,392,512,52,139,1,-1,-1,-1
406,145,1501,471,45,136,1,-1,-1,-1
406,134,688,389,51,105,1,-1,-1,-1
406,87,622,518,86,134,1,-1,-1,-1
406,77,1023,621,64,159,1,-1,-1,-1
406,57,890,539,68,144,1,-1,-1,-1
407,168,356,423,39,120,1,-1,-1,-1
407,166,419,594,52,161,1,-1,-1,-1
407,164,463,632,54,179,1,-1,-1,-1
407,162,407,652,111,170,1,-1,-1,-1
407,154,1169,640,63,174,1,-1,-1,-1
407,150,851,586,89,150,1,-1,-1,-1
407,147,397,515,52,137,1,-1,-1,-1
407,145,1507,470,43,135,1,-1,-1,-1
407,134,690,390,52,104,1,-1,-1,-1
407,87,618,519,88,131,1,-1,-1,-1
407,77,1031,618,55,161,1,-1,-1,-1
407,57,886,538,65,144,1,-1,-1,-1
408,168,357,424,41,120,1,-1,-1,-1
408,166,418,595,56,159,1,-1,-1,-1
408,164,466,632,56,179,1,-1,-1,-1
408,162,409,651,105,171,1,-1,-1,-1
408,154,1172,639,64,174,1,-1,-1,-1
408,150,851,585,86,150,1,-1,-1,-1
408,147,396,516,57,137,1,-1,-1,-1
408,145,1508,469,44,136,1,-1,-1,-1
408,134,690,391,51,105,1,-1,-1,-1
408,87,620,519,83,131,1,-1,-1,-1
408,77,1032,618,55,160,1,-1,-1,-1
408,57,884,536,66,146,1,-1,-1,-1
409,168,358,426,43,121,1,-1,-1,-1
409,166,416,595,62,157,1,-1,-1,-1
409,164,469,631,57,178,1,-1,-1,-1
409,162,410,649,98,171,1,-1,-1,-1
409,154,1176,639,65,173,1,-1,-1,-1
409,150,851,583,83,150,1,-1,-1,-1
409,147,394,516,63,137,1,-1,-1,-1
409,145,1509,467,45,136,1,-1,-1,-1
409,134,690,391,50,105,1,-1,-1,-1
409,87,621,518,75,132,1,-1,-1,-1
409,77,1033,617,54,160,1,-1,-1,-1
409,57,881,533,68,147,1,-1,-1,-1
410,168,359,427,44,121,1,-1,-1,-1
410,166,414,596,67,155,1,-1,-1,-1
410,164,472,630,59,178,1,-1,-1,-1
410,162,411,647,91,171,1,-1,-1,-1
410,154,1179,639,66,172,1,-1,-1,-1
410,150,851,581,79,151,1,-1,-1,-1
410,147,392,517,69,138,1,-1,-1,-1
410,145,1510,465,46,137,1,-1,-1,-1
410,134,691,391,49,106,1,-1,-1,-1
410,87,623,517,68,133,1,-1,-1,-1
410,77,1034,617,54,159,1,-1,-1,-1
410,57,878,530,70,149,1,-1,-1,-1
411,168,360,429,46,122,1,-1,-1,-1
411,166,413,597,73,153,1,-1,-1,-1
411,164,475,629,61,177,1,-1,-1,-1
411,162,413,646,84,171,1,-1,-1,-1
411,154,1183,639,68,171,1,-1,-1,-1
411,150,852,580,76,151,1,-1,-1,-1
411,147,391,517,75,138,1,-1,-1,-1
411,145,1511,463,47,137,1,-1,-1,-1
411,134,691,391,48,106,1,-1,-1,-1
411,87,625,517,61,133,1,-1,-1,-1
411,77,1036,617,54,159,1,-1,-1,-1
411,57,876,527,72,151,1,-1,-1,-1
412,168,361,430,48,122,1,-1,-1,-1
412,166,411,598,78,151,1,-1,-1,-1
412,164,478,629,63,176,1,-1,-1,-1
412,162,414,644,77,172,1,-1,-1,-1
412,154,1186,639,69,170,1,-1,-1,-1
412,150,852,578,72,151,1,-1,-1,-1
412,147,389,518,81,138,1,-1,-1,-1
412,145,1512,462,48,138,1,-1,-1,-1
412,134,692,391,47,107,1,-1,-1,-1
412,87,626,516,54,134,1,-1,-1,-1
412,77,1037,617,54,159,1,-1,-1,-1
412,57,873,525,74,153,1,-1,-1,-1
413,168,362,432,51,123,1,-1,-1,-1
413,166,409,599,86,149,1,-1,-1,-1
413,164,482,628,66,175,1,-1,-1,-1
413,162,416,642,67,172,1,-1,-1,-1
413,154,1191,639,70,169,1,-1,-1,-1
413,150,852,576,67,152,1,-1,-1,-1
413,147,386,518,90,139,1,-1,-1,-1
413,145,1514,459,49,138,1,-1,-1,-1
413,134,692,391,45,108,1,-1,-1,-1
413,87,629,515,43,135,1,-1,-1,-1
413,77,1039,617,53,158,1,-1,-1,-1
413,57,869,521,77,155,1,-1,-1,-1
414,168,363,433,50,122,1,-1,-1,-1
414,166,408,598,85,148,1,-1,-1,-1
414,164,483,627,66,175,1,-1,-1,-1
414,162,414,642,68,171,1,-1,-1,-1
414,154,1195,639,69,169,1,-1,-1,-1
414,150,852,575,66,153,1,-1,-1,-1
414,147,385,517,87,140,1,-1,-1,-1
414,145,1514,459,50,138,1,-1,-1,-1
414,134,692,391,45,108,1,-1,-1,-1
414,87,627,515,44,136,1,-1,-1,-1
414,77,1039,617,54,157,1,-1,-1,-1
414,57,867,520,76,155,1,-1,-1,-1
415,168,365,434,49,121,1,-1,-1,-1
415,166,406,597,83,147,1,-1,-1,-1
415,164,484,627,66,174,1,-1,-1,-1
415,162,409,643,69,170,1,-1,-1,-1
415,154,1200,638,66,169,1,-1,-1,-1
415,150,852,572,65,154,1,-1,-1,-1
415,147,382,515,81,141,1,-1,-1,-1
415,145,1514,460,53,136,1,-1,-1,-1
415,134,690,392,45,107,1,-1,-1,-1
415,87,624,514,45,138,1,-1,-1,-1
415,77,1038,618,56,156,1,-1,-1,-1
415,57,865,520,73,154,1,-1,-1,-1
416,168,367,434,48,120,1,-1,-1,-1
416,166,404,596,81,147,1,-1,-1,-1
416,164,484,626,66,173,1,-1,-1,-1
416,162,405,645,70,169,1,-1,-1,-1
416,154,1206,638,64,169,1,-1,-1,-1
416,150,853,570,63,154,1,-1,-1,-1
416,147,379,512,75,143,1,-1,-1,-1
416,145,1514,461,55,135,1,-1,-1,-1
416,134,688,393,45,107,1,-1,-1,-1
416,87,622,513,46,140,1,-1,-1,-1
416,77,1038,618,58,155,1,-1,-1,-1
416,57,862,519,70,154,1,-1,-1,-1
417,168,368,435,47,119,1,-1,-1,-1
417,166,402,596,79,146,1,-1,-1,-1
417,164,485,625,66,172,1,-1,-1,-1
417,162,400,646,71,168,1,-1,-1,-1
417,154,1212,638,61,169,1,-1,-1,-1
417,150,853,568,61,155,1,-1,-1,-1
417,147,375,510,69,144,1,-1,-1,-1
417,145,1514,462,57,134,1,-1,-1,-1
417,134,686,393,45,107,1,-1,-1,-1
417,87,619,512,47,142,1,-1,-1,-1
417,77,1038,619,59,154,1,-1,-1,-1
417,57,859,519,68,153,1,-1,-1,-1
418,168,370,436,46,118,1,-1,-1,-1
418,166,400,595,77,145,1,-1,-1,-1
418,164,486,625,66,171,1,-1,-1,-1
418,162,395,647,72,167,1,-1,-1,-1
418,154,1218,638,59,169,1,-1,-1,-1
418,150,853,566,60,156,1,-1,-1,-1
418,147,372,508,62,146,1,-1,-1,-1
418,145,1514,463,60,132,1,-1,-1,-1
418,134,685,394,45,106,1,-1,-1,-1
418,87,616,511,49,144,1,-1,-1,-1
418,77,1037,620,61,153,1,-1,-1,-1
418,57,857,518,65,152,1,-1,-1,-1
419,168,373,437,45,117,1,-1,-1,-1
419,166,397,593,74,144,1,-1,-1,-1
419,164,487,624,66,170,1,-1,-1,-1
419,162,388,649,73,166,1,-1,-1,-1
419,154,1228,637,54,169,1,-1,-1,-1
419,150,853,562,57,158,1,-1,-1,-1
419,147,367,504,52,149,1,-1,-1,-1
419,145,1514,464,63,130,1,-1,-1,-1
419,134,682,395,45,106,1,-1,-1,-1
419,87,612,509,51,148,1,-1,-1,-1
419,77,1037,621,64,150,1,-1,-1,-1
419,57,852,517,61,151,1,-1,-1,-1
420,168,373,437,45,117,1,-1,-1,-1
420,166,396,593,74,144,1,-1,-1,-1
420,164,487,624,67,170,1,-1,-1,-1
420,162,387,648,73,166,1,-1,-1,-1
420,154,1229,637,55,169,1,-1,-1,-1
420,150,853,562,57,158,1,-1,-1,-1
420,147,365,504,53,148,1,-1,-1,-1
420,145,1515,464,63,130,1,-1,-1,-1
420,134,681,395,45,106,1,-1,-1,-1
420,87,611,510,52,147,1,-1,-1,-1
420,77,1037,621,64,150,1,-1,-1,-1
420,57,851,518,62,151,1,-1,-1,-1
421,168,372,438,47,117,1,-1,-1,-1
421,166,392,592,75,143,1,-1,-1,-1
421,164,488,624,69,169,1,-1,-1,-1
421,162,384,648,71,167,1,-1,-1,-1
421,154,1232,636,56,169,1,-1,-1,-1
421,150,853,563,58,157,1,-1,-1,-1
421,147,357,506,56,146,1,-1,-1,-1
421,145,1517,463,60,131,1,-1,-1,-1
421,134,678,396,44,105,1,-1,-1,-1
421,87,608,512,57,146,1,-1,-1,-1
421,77,1037,622,65,149,1,-1,-1,-1
421,57,848,519,65,149,1,-1,-1,-1
422,168,371,438,49,117,1,-1,-1,-1
422,166,388,591,75,143,1,-1,-1,-1
422,164,489,625,72,168,1,-1,-1,-1
422,162,382,647,70,169,1,-1,-1,-1
422,154,1234,636,57,169,1,-1,-1,-1
422,150,854,564,59,156,1,-1,-1,-1
422,147,350,508,60,145,1,-1,-1,-1
422,145,1520,463,58,131,1,-1,-1,-1
422,134,675,397,44,105,1,-1,-1,-1
422,87,604,515,63,145,1,-1,-1,-1
422,77,1036,622,65,149,1,-1,-1,-1
422,57,844,521,69,147,1,-1,-1,-1
423,168,371,439,51,117,1,-1,-1,-1
423,166,384,590,76,143,1,-1,-1,-1
423,164,489,625,74,167,1,-1,-1,-1
423,162,380,646,68,170,1,-1,-1,-1
423,154,1237,635,58,169,1,-1,-1,-1
423,150,855,565,59,155,1,-1,-1,-1
423,147,342,510,63,143,1,-1,-1,-1
423,145,1523,462,55,132,1,-1,-1,-1
423,134,673,398,44,105,1,-1,-1,-1
423,87,601,517,68,143,1,-1,-1,-1
423,77,1036,623,66,148,1,-1,-1,-1
423,57,840,523,73,145,1,-1,-1,-1
424,168,370,440,52,118,1,-1,-1,-1
424,166,380,589,76,143,1,-1,-1,-1
424,164,490,625,77,166,1,-1,-1,-1
424,162,377,645,66,171,1,-1,-1,-1
424,154,1240,635,59,169,1,-1,-1,-1
424,150,855,565,60,155,1,-1,-1,-1
424,147,334,513,67,141,1,-1,-1,-1
424,145,1525,461,53,132,1,-1,-1,-1
424,134,670,398,44,104,1,-1,-1,-1
424,87,598,520,74,142,1,-1,-1,-1
424,77,1036,624,67,147,1,-1,-1,-1
424,57,837,524,77,143,1,-1,-1,-1
425,168,369,441,56,118,1,-1,-1,-1
425,166,372,588,78,142,1,-1,-1,-1
425,164,491,626,82,164,1,-1,-1,-1
425,162,372,643,63,174,1,-1,-1,-1
425,154,1245,634,60,168,1,-1,-1,-1
425,150,856,567,61,153,1,-1,-1,-1
425,147,319,517,73,137,1,-1,-1,-1
425,145,1531,460,48,133,1,-1,-1,-1
425,134,664,400,44,104,1,-1,-1,-1
425,87,592,525,84,139,1,-1,-1,-1
425,77,1035,625,68,145,1,-1,-1,-1
425,57,830,528,84,140,1,-1,-1,-1
426,168,369,441,56,118,1,-1,-1,-1
426,166,372,587,78,142,1,-1,-1,-1
426,164,491,626,82,163,1,-1,-1,-1
426,162,373,644,63,174,1,-1,-1,-1
426,154,1246,634,61,168,1,-1,-1,-1
426,150,857,567,61,153,1,-1,-1,-1
426,147,320,517,73,138,1,-1,-1,-1
426,145,1531,459,48,133,1,-1,-1,-1
426,134,665,400,44,104,1,-1,-1,-1
426,87,592,525,84,139,1,-1,-1,-1
426,77,1035,625,68,145,1,-1,-1,-1
426,57,830,528,84,140,1,-1,-1,-1
427,168,378,442,57,118,1,-1,-1,-1
427,166,378,587,80,142,1,-1,-1,-1
427,164,499,626,84,162,1,-1,-1,-1
427,162,381,646,62,172,1,-1,-1,-1
427,154,1259,635,63,169,1,-1,-1,-1
427,150,867,569,61,150,1,-1,-1,-1
427,147,329,514,70,140,1,-1,-1,-1
427,145,1545,459,49,134,1,-1,-1,-1
427,134,675,400,43,104,1,-1,-1,-1
427,87,600,525,82,139,1,-1,-1,-1
427,77,1045,626,70,145,1,-1,-1,-1
427,57,837,529,85,138,1,-1,-1,-1
428,168,387,442,58,118,1,-1,-1,-1
428,166,384,586,82,142,1,-1,-1,-1
428,164,507,626,86,160,1,-1,-1,-1
428,162,389,649,60,170,1,-1,-1,-1
428,154,1273,635,66,169,1,-1,-1,-1
428,150,878,570,62,147,1,-1,-1,-1
428,147,338,512,67,142,1,-1,-1,-1
428,145,1558,458,50,134,1,-1,-1,-1
428,134,685,400,43,104,1,-1,-1,-1
428,87,609,525,80,139,1,-1,-1,-1
428,77,1055,626,71,145,1,-1,-1,-1
428,57,845,531,85,135,1,-1,-1,-1
429,168,396,443,59,117,1,-1,-1,-1
429,166,389,585,84,142,1,-1,-1,-1
429,164,516,626,88,159,1,-1,-1,-1
429,162,398,651,59,169,1,-1,-1,-1
429,154,1287,636,69,169,1,-1,-1,-1
429,150,888,571,62,145,1,-1,-1,-1
429,147,347,509,64,144,1,-1,-1,-1
429,145,1571,458,51,135,1,-1,-1,-1
429,134,694,400,43,105,1,-1,-1,-1
429,87,617,524,78,139,1,-1,-1,-1
429,77,1065,627,73,145,1,-1,-1,-1
429,57,852,533,85,133,1,-1,-1,-1
430,168,404,443,60,117,1,-1,-1,-1
430,166,395,584,86,141,1,-1,-1,-1
430,164,524,626,89,157,1,-1,-1,-1
430,162,406,654,58,167,1,-1,-1,-1
430,154,1301,637,72,169,1,-1,-1,-1
430,150,898,573,62,142,1,-1,-1,-1
430,147,356,507,60,147,1,-1,-1,-1
430,145,1584,457,51,135,1,-1,-1,-1
430,134,704,401,42,105,1,-1,-1,-1
430,87,625,524,76,139,1,-1,-1,-1
430,77,1074,628,75,145,1,-1,-1,-1
430,57,860,535,86,131,1,-1,-1,-1
431,168,413,444,62,117,1,-1,-1,-1
431,166,401,583,89,141,1,-1,-1,-1
431,164,532,627,91,156,1,-1,-1,-1
431,162,415,656,56,165,1,-1,-1,-1
431,154,1315,638,75,169,1,-1,-1,-1
431,150,909,574,62,139,1,-1,-1,-1
431,147,366,504,57,149,1,-1,-1,-1
431,145,1597,457,52,135,1,-1,-1,-1
431,134,714,401,42,106,1,-1,-1,-1
431,87,633,524,73,139,1,-1,-1,-1
431,77,1084,628,77,145,1,-1,-1,-1
431,57,867,536,86,129,1,-1,-1,-1
432,168,424,444,63,117,1,-1,-1,-1
432,166,408,582,91,141,1,-1,-1,-1
432,164,542,627,94,154,1,-1,-1,-1
432,162,425,659,54,164,1,-1,-1,-1
432,154,1331,639,78,169,1,-1,-1,-1
432,150,921,576,62,136,1,-1,-1,-1
432,147,377,501,53,152,1,-1,-1,-1
432,145,1613,456,53,136,1,-1,-1,-1
432,134,726,401,41,106,1,-1,-1,-1
432,87,643,524,71,139,1,-1,-1,-1
432,77,1096,629,79,145,1,-1,-1,-1
432,57,876,538,87,126,1,-1,-1,-1
433,168,437,445,61,117,1,-1,-1,-1
433,166,418,580,88,140,1,-1,-1,-1
433,164,554,627,92,153,1,-1,-1,-1
433,162,435,659,56,162,1,-1,-1,-1
433,154,1347,638,77,168,1,-1,-1,-1
433,150,930,575,65,136,1,-1,-1,-1
433,147,386,502,55,150,1,-1,-1,-1
433,145,1627,456,55,136,1,-1,-1,-1
433,134,738,400,43,106,1,-1,-1,-1
433,87,655,524,70,139,1,-1,-1,-1
433,77,1108,628,77,146,1,-1,-1,-1
433,57,887,538,84,127,1,-1,-1,-1
434,168,454,445,59,117,1,-1,-1,-1
434,166,432,579,84,139,1,-1,-1,-1
434,164,569,627,90,152,1,-1,-1,-1
434,162,448,659,59,161,1,-1,-1,-1
434,154,1366,638,76,167,1,-1,-1,-1
434,150,942,575,69,136,1,-1,-1,-1
434,147,397,502,58,147,1,-1,-1,-1
434,145,1645,455,56,136,1,-1,-1,-1
434,134,754,399,45,107,1,-1,-1,-1
434,87,669,523,69,139,1,-1,-1,-1
434,77,1123,628,76,147,1,-1,-1,-1
434,57,900,537,79,128,1,-1,-1,-1
435,168,470,445,57,116,1,-1,-1,-1
435,166,445,577,79,137,1,-1,-1,-1
435,164,584,627,88,150,1,-1,-1,-1
435,162,462,659,61,160,1,-1,-1,-1
435,154,1385,638,75,166,1,-1,-1,-1
435,150,953,574,73,136,1,-1,-1,-1
435,147,408,503,61,145,1,-1,-1,-1
435,145,1662,455,58,136,1,-1,-1,-1
435,134,769,398,47,107,1,-1,-1,-1
435,87,684,523,68,139,1,-1,-1,-1
435,77,1137,627,75,147,1,-1,-1,-1
435,57,914,536,75,129,1,-1,-1,-1
436,168,487,445,54,116,1,-1,-1,-1
436,166,458,576,75,136,1,-1,-1,-1
436,164,600,627,86,149,1,-1,-1,-1
436,162,475,659,63,158,1,-1,-1,-1
436,154,1404,638,74,165,1,-1,-1,-1
436,150,964,574,78,136,1,-1,-1,-1
436,147,419,504,64,142,1,-1,-1,-1
436,145,1680,454,59,136,1,-1,-1,-1
436,134,784,397,49,107,1,-1,-1,-1
436,87,699,523,67,139,1,-1,-1,-1
436,77,1152,626,73,148,1,-1,-1,-1
436,57,927,535,71,130,1,-1,-1,-1
437,168,504,446,52,116,1,-1,-1,-1
437,166,472,574,71,135,1,-1,-1,-1
437,164,615,627,84,148,1,-1,-1,-1
437,162,488,659,65,157,1,-1,-1,-1
437,154,1424,638,73,164,1,-1,-1,-1
437,150,975,573,82,136,1,-1,-1,-1
437,147,431,505,67,139,1,-1,-1,-1
437,145,1697,454,61,137,1,-1,-1,-1
437,134,800,395,51,107,1,-1,-1,-1
437,87,714,523,66,139,1,-1,-1,-1
437,77,1167,625,72,149,1,-1,-1,-1
437,57,941,534,67,131,1,-1,-1,-1
438,168,528,446,49,116,1,-1,-1,-1
438,166,491,571,65,133,1,-1,-1,-1
438,164,637,627,81,146,1,-1,-1,-1
438,162,508,659,69,155,1,-1,-1,-1
438,154,1452,638,72,163,1,-1,-1,-1
438,150,992,572,88,136,1,-1,-1,-1
438,147,447,506,71,135,1,-1,-1,-1
438,145,1723,453,63,137,1,-1,-1,-1
438,134,822,394,53,107,1,-1,-1,-1
438,87,735,522,64,139,1,-1,-1,-1
438,77,1189,624,69,150,1,-1,-1,-1
438,57,960,533,61,132,1,-1,-1,-1
439,169,14,500,59,135,1,-1,-1,-1
439,168,538,445,50,116,1,-1,-1,-1
439,166,500,570,65,133,1,-1,-1,-1
439,164,645,625,83,146,1,-1,-1,-1
439,162,520,657,71,155,1,-1,-1,-1
439,154,1462,636,73,162,1,-1,-1,-1
439,150,1002,571,84,136,1,-1,-1,-1
439,147,458,505,71,135,1,-1,-1,-1
439,145,1736,452,63,137,1,-1,-1,-1
439,134,832,393,52,107,1,-1,-1,-1
439,87,743,521,66,139,1,-1,-1,-1
439,77,1197,623,69,149,1,-1,-1,-1
439,57,969,531,62,133,1,-1,-1,-1
440,169,36,499,63,133,1,-1,-1,-1
440,168,556,443,53,115,1,-1,-1,-1
440,166,517,567,66,133,1,-1,-1,-1
440,164,659,621,87,145,1,-1,-1,-1
440,162,541,653,74,156,1,-1,-1,-1
440,154,1481,634,74,162,1,-1,-1,-1
440,150,1019,569,78,135,1,-1,-1,-1
440,147,478,504,72,134,1,-1,-1,-1
440,145,1768,450,61,137,1,-1,-1,-1
440,134,851,392,50,106,1,-1,-1,-1
440,87,758,519,70,139,1,-1,-1,-1
440,77,1213,622,69,147,1,-1,-1,-1
440,57,985,528,63,133,1,-1,-1,-1
441,169,57,498,67,130,1,-1,-1,-1
441,168,574,441,57,115,1,-1,-1,-1
441,166,533,565,66,132,1,-1,-1,-1
441,164,673,617,90,145,1,-1,-1,-1
441,162,563,649,78,156,1,-1,-1,-1
441,154,1500,631,75,161,1,-1,-1,-1
441,150,1037,567,72,135,1,-1,-1,-1
441,147,499,503,73,132,1,-1,-1,-1
441,145,1781,449,61,138,1,-1,-1,-1
441,134,869,392,47,106,1,-1,-1,-1
441,87,772,516,74,139,1,-1,-1,-1
441,77,1228,620,69,146,1,-1,-1,-1
441,57,1001,526,65,133,1,-1,-1,-1
442,169,79,497,71,128,1,-1,-1,-1
442,168,593,439,60,114,1,-1,-1,-1
442,166,550,562,67,132,1,-1,-1,-1
442,164,687,614,94,145,1,-1,-1,-1
442,162,585,645,81,157,1,-1,-1,-1
442,154,1520,628,77,161,1,-1,-1,-1
442,150,1055,565,66,134,1,-1,-1,-1
442,147,519,502,74,131,1,-1,-1,-1
442,145,1815,446,60,140,1,-1,-1,-1
442,134,888,391,45,105,1,-1,-1,-1
442,87,787,514,79,139,1,-1,-1,-1
442,77,1244,619,69,144,1,-1,-1,-1
442,57,1016,523,66,133,1,-1,-1,-1
443,170,9,691,98,173,1,-1,-1,-1
443,169,100,496,75,126,1,-1,-1,-1
443,168,611,437,63,114,1,-1,-1,-1
443,166,575,558,67,132,1,-1,-1,-1
443,164,701,610,98,145,1,-1,-1,-1
443,162,617,639,86,158,1,-1,-1,-1
443,154,1539,626,78,161,1,-1,-1,-1
443,150,1073,562,60,133,1,-1,-1,-1
443,147,540,501,75,130,1,-1,-1,-1
443,145,1823,446,60,139,1,-1,-1,-1
443,134,907,390,42,105,1,-1,-1,-1
443,87,801,512,83,139,1,-1,-1,-1
443,77,1259,617,69,143,1,-1,-1,-1
443,57,1032,521,67,133,1,-1,-1,-1
444,170,42,681,91,180,1,-1,-1,-1
444,169,137,494,82,122,1,-1,-1,-1
444,168,642,434,68,113,1,-1,-1,-1
444,166,581,557,68,131,1,-1,-1,-1
444,164,725,603,104,145,1,-1,-1,-1
444,162,631,640,91,159,1,-1,-1,-1
444,154,1571,622,80,160,1,-1,-1,-1
444,150,1104,559,50,132,1,-1,-1,-1
444,147,574,500,76,128,1,-1,-1,-1
444,145,1860,443,59,136,1,-1,-1,-1
444,134,939,389,38,104,1,-1,-1,-1
444,87,826,508,89,139,1,-1,-1,-1
444,77,1286,615,69,140,1,-1,-1,-1
444,57,1059,516,69,133,1,-1,-1,-1
445,170,48,675,92,180,1,-1,-1,-1
445,169,142,494,81,122,1,-1,-1,-1
445,168,646,434,68,113,1,-1,-1,-1
445,166,585,556,68,131,1,-1,-1,-1
445,164,728,602,103,145,1,-1,-1,-1
445,162,636,640,89,158,1,-1,-1,-1
445,154,1576,621,79,160,1,-1,-1,-1
445,150,1107,558,50,132,1,-1,-1,-1
445,147,578,499,76,128,1,-1,-1,-1
445,145,1887,441,32,137,1,-1,-1,-1
445,134,943,388,38,104,1,-1,-1,-1
445,87,830,507,88,139,1,-1,-1,-1
445,77,1289,614,69,140,1,-1,-1,-1
445,57,1062,516,69,133,1,-1,-1,-1
446,171,49,687,89,179,1,-1,-1,-1
446,170,70,669,93,180,1,-1,-1,-1
446,169,162,491,77,122,1,-1,-1,-1
446,168,660,432,66,113,1,-1,-1,-1
446,166,599,554,69,131,1,-1,-1,-1
446,164,740,598,99,145,1,-1,-1,-1
446,162,653,638,86,157,1,-1,-1,-1
446,154,1594,619,77,159,1,-1,-1,-1
446,150,1120,556,50,133,1,-1,-1,-1
446,147,592,495,73,129,1,-1,-1,-1
446,145,1887,440,32,137,1,-1,-1,-1
446,134,958,388,38,104,1,-1,-1,-1
446,87,845,504,81,139,1,-1,-1,-1
446,77,1299,613,69,140,1,-1,-1,-1
446,57,1071,514,69,133,1,-1,-1,-1
447,171,62,682,90,180,1,-1,-1,-1
447,170,92,663,94,181,1,-1,-1,-1
447,169,181,488,72,122,1,-1,-1,-1
447,168,674,430,65,113,1,-1,-1,-1
447,166,613,551,69,131,1,-1,-1,-1
447,164,752,594,95,145,1,-1,-1,-1
447,162,670,637,82,156,1,-1,-1,-1
447,154,1611,617,74,159,1,-1,-1,-1
447,150,1133,554,50,135,1,-1,-1,-1
447,147,605,492,71,130,1,-1,-1,-1
447,134,973,387,37,103,1,-1,-1,-1
447,87,859,501,75,140,1,-1,-1,-1
447,77,1309,612,68,140,1,-1,-1,-1
447,57,1080,512,68,133,1,-1,-1,-1
448,171,104,665,91,182,1,-1,-1,-1
448,170,114,657,95,181,1,-1,-1,-1
448,169,200,485,68,123,1,-1,-1,-1
448,168,688,429,64,113,1,-1,-1,-1
448,166,626,548,70,130,1,-1,-1,-1
448,164,764,590,91,146,1,-1,-1,-1
448,162,687,635,78,154,1,-1,-1,-1
448,154,1628,615,71,158,1,-1,-1,-1
448,150,1146,552,51,136,1,-1,-1,-1
448,147,618,488,68,131,1,-1,-1,-1
448,134,989,386,36,103,1,-1,-1,-1
448,87,874,497,69,140,1,-1,-1,-1
448,77,1319,611,68,139,1,-1,-1,-1
448,57,1090,510,67,133,1,-1,-1,-1
449,172,11,562,88,143,1,-1,-1,-1
449,171,112,661,92,181,1,-1,-1,-1
449,170,137,651,96,181,1,-1,-1,-1
449,169,219,482,64,123,1,-1,-1,-1
449,168,701,427,63,113,1,-1,-1,-1
449,166,640,546,70,130,1,-1,-1,-1
449,164,776,586,87,146,1,-1,-1,-1
449,162,704,634,74,153,1,-1,-1,-1
449,154,1645,613,69,158,1,-1,-1,-1
449,150,1158,550,51,137,1,-1,-1,-1
449,147,632,484,66,132,1,-1,-1,-1
449,134,1004,385,36,103,1,-1,-1,-1
449,87,888,494,63,141,1,-1,-1,-1
449,77,1329,610,67,139,1,-1,-1,-1
449,57,1099,508,67,133,1,-1,-1,-1
450,172,33,562,77,136,1,-1,-1,-1
450,171,143,647,94,178,1,-1,-1,-1
450,170,180,639,98,181,1,-1,-1,-1
450,169,256,477,55,123,1,-1,-1,-1
450,168,729,424,61,113,1,-1,-1,-1
450,166,667,541,71,130,1,-1,-1,-1
450,164,799,578,79,146,1,-1,-1,-1
450,162,736,631,66,150,1,-1,-1,-1
450,154,1678,609,64,157,1,-1,-1,-1
450,150,1183,545,52,139,1,-1,-1,-1
450,147,658,478,61,133,1,-1,-1,-1
450,134,1033,384,35,102,1,-1,-1,-1
450,87,917,488,51,142,1,-1,-1,-1
450,77,1349,607,66,139,1,-1,-1,-1
450,57,1117,504,65,133,1,-1,-1,-1
451,172,32,560,77,136,1,-1,-1,-1
451,171,143,647,94,178,1,-1,-1,-1
451,170,181,639,97,181,1,-1,-1,-1
451,169,257,477,55,123,1,-1,-1,-1
451,168,729,424,61,113,1,-1,-1,-1
451,166,668,541,71,130,1,-1,-1,-1
451,164,799,578,79,146,1,-1,-1,-1
451,162,737,631,66,150,1,-1,-1,-1
451,154,1679,609,64,157,1,-1,-1,-1
451,150,1184,545,52,139,1,-1,-1,-1
451,147,658,478,61,133,1,-1,-1,-1
451,134,1034,384,35,102,1,-1,-1,-1
451,87,917,488,51,141,1,-1,-1,-1
451,77,1350,607,66,139,1,-1,-1,-1
451,57,1118,504,65,133,1,-1,-1,-1
452,172,46,560,80,134,1,-1,-1,-1
452,171,158,646,98,174,1,-1,-1,-1
452,170,204,643,93,173,1,-1,-1,-1
452,169,272,477,55,121,1,-1,-1,-1
452,168,741,424,58,112,1,-1,-1,-1
452,166,677,540,71,130,1,-1,-1,-1
452,164,804,578,78,145,1,-1,-1,-1
452,162,745,631,68,150,1,-1,-1,-1
452,154,1689,608,64,157,1,-1,-1,-1
452,150,1194,545,51,139,1,-1,-1,-1
452,147,667,478,61,132,1,-1,-1,-1
452,134,1044,384,37,102,1,-1,-1,-1
452,87,926,488,51,140,1,-1,-1,-1
452,77,1359,607,63,139,1,-1,-1,-1
452,57,1125,504,64,134,1,-1,-1,-1
453,172,61,559,82,132,1,-1,-1,-1
453,171,172,645,101,170,1,-1,-1,-1
453,170,227,646,89,166,1,-1,-1,-1
453,169,287,478,55,119,1,-1,-1,-1
453,168,752,425,56,111,1,-1,-1,-1
453,166,685,539,71,130,1,-1,-1,-1
453,164,809,578,77,143,1,-1,-1,-1
453,162,754,631,70,150,1,-1,-1,-1
453,154,1700,607,65,157,1,-1,-1,-1
453,150,1205,544,51,139,1,-1,-1,-1
453,147,676,478,61,130,1,-1,-1,-1
453,134,1054,384,39,102,1,-1,-1,-1
453,87,935,489,51,138,1,-1,-1,-1
453,77,1369,607,60,138,1,-1,-1,-1
453,57,1133,504,63,134,1,-1,-1,-1
454,172,76,559,85,130,1,-1,-1,-1
454,171,187,645,105,167,1,-1,-1,-1
454,170,250,650,84,158,1,-1,-1,-1
454,169,301,478,54,117,1,-1,-1,-1
454,168,763,426,54,110,1,-1,-1,-1
454,166,694,538,71,130,1,-1,-1,-1
454,164,814,578,77,142,1,-1,-1,-1
454,162,763,631,72,150,1,-1,-1,-1
454,154,1710,606,66,157,1,-1,-1,-1
454,150,1216,543,50,139,1,-1,-1,-1
454,147,685,478,61,128,1,-1,-1,-1
454,134,1064,384,41,102,1,-1,-1,-1
454,87,944,489,50,136,1,-1,-1,-1
454,77,1378,607,56,138,1,-1,-1,-1
454,57,1141,504,61,135,1,-1,-1,-1
455,172,90,559,88,128,1,-1,-1,-1
455,171,202,644,108,163,1,-1,-1,-1
455,170,273,653,80,151,1,-1,-1,-1
455,169,316,479,54,116,1,-1,-1,-1
455,168,775,427,51,109,1,-1,-1,-1
455,166,703,537,71,130,1,-1,-1,-1
455,164,819,578,76,140,1,-1,-1,-1
455,162,771,631,74,150,1,-1,-1,-1
455,154,1721,605,67,157,1,-1,-1,-1
455,150,1227,542,50,139,1,-1,-1,-1
455,147,694,479,62,126,1,-1,-1,-1
455,134,1074,384,44,102,1,-1,-1,-1
455,87,952,490,50,134,1,-1,-1,-1
455,77,1388,607,53,138,1,-1,-1,-1
455,57,1149,504,60,135,1,-1,-1,-1
456,172,105,558,91,126,1,-1,-1,-1
456,171,216,643,112,160,1,-1,-1,-1
456,170,296,657,76,143,1,-1,-1,-1
456,169,331,479,54,114,1,-1,-1,-1
456,168,786,427,49,108,1,-1,-1,-1
456,166,712,536,71,130,1,-1,-1,-1
456,164,824,578,75,139,1,-1,-1,-1
456,162,780,632,76,150,1,-1,-1,-1
456,154,1731,604,67,156,1,-1,-1,-1
456,150,1237,542,50,139,1,-1,-1,-1
456,147,703,479,62,124,1,-1,-1,-1
456,134,1083,384,46,101,1,-1,-1,-1
456,87,961,491,50,133,1,-1,-1,-1
456,77,1398,607,50,138,1,-1,-1,-1
456,57,1156,504,59,136,1,-1,-1,-1
457,172,122,558,94,124,1,-1,-1,-1
457,171,234,642,116,155,1,-1,-1,-1
457,170,323,661,71,134,1,-1,-1,-1
457,169,349,480,54,112,1,-1,-1,-1
457,168,800,428,46,107,1,-1,-1,-1
457,166,723,535,71,130,1,-1,-1,-1
457,164,830,578,74,137,1,-1,-1,-1
457,162,790,632,78,149,1,-1,-1,-1
457,154,1744,602,68,156,1,-1,-1,-1
457,150,1250,541,49,139,1,-1,-1,-1
457,147,713,479,62,122,1,-1,-1,-1
457,134,1095,384,48,101,1,-1,-1,-1
457,87,972,491,50,131,1,-1,-1,-1
457,77,1409,607,46,138,1,-1,-1,-1
457,57,1166,504,57,136,1,-1,-1,-1
458,172,152,557,93,123,1,-1,-1,-1
458,171,266,640,114,154,1,-1,-1,-1
458,170,356,658,72,135,1,-1,-1,-1
458,169,375,480,54,111,1,-1,-1,-1
458,168,822,430,48,106,1,-1,-1,-1
458,166,746,535,70,129,1,-1,-1,-1
458,164,852,578,73,136,1,-1,-1,-1
458,162,813,633,77,149,1,-1,-1,-1
458,154,1765,602,68,156,1,-1,-1,-1
458,150,1269,542,53,138,1,-1,-1,-1
458,147,735,480,60,122,1,-1,-1,-1
458,134,1117,385,48,100,1,-1,-1,-1
458,87,993,492,52,129,1,-1,-1,-1
458,77,1427,608,49,137,1,-1,-1,-1
458,57,1185,504,60,135,1,-1,-1,-1
459,172,189,557,93,121,1,-1,-1,-1
459,171,307,638,112,152,1,-1,-1,-1
459,170,397,654,73,135,1,-1,-1,-1
459,169,409,481,55,110,1,-1,-1,-1
459,168,850,432,50,105,1,-1,-1,-1
459,166,776,535,68,127,1,-1,-1,-1
459,164,880,579,72,134,1,-1,-1,-1
459,162,842,634,76,148,1,-1,-1,-1
459,154,1777,603,71,156,1,-1,-1,-1
459,150,1292,544,57,135,1,-1,-1,-1
459,147,764,482,57,121,1,-1,-1,-1
459,134,1144,387,48,99,1,-1,-1,-1
459,87,1019,493,55,128,1,-1,-1,-1
459,77,1449,608,54,137,1,-1,-1,-1
459,57,1209,505,63,134,1,-1,-1,-1
460,172,225,557,92,119,1,-1,-1,-1
460,171,347,636,109,151,1,-1,-1,-1
460,170,438,650,75,136,1,-1,-1,-1
460,169,442,482,55,109,1,-1,-1,-1
460,168,878,433,52,105,1,-1,-1,-1
460,166,805,536,66,126,1,-1,-1,-1
460,164,908,580,71,132,1,-1,-1,-1
460,162,870,635,76,148,1,-1,-1,-1
460,154,1813,606,80,155,1,-1,-1,-1
460,150,1316,546,61,133,1,-1,-1,-1
460,147,792,483,54,121,1,-1,-1,-1
460,134,1172,389,47,98,1,-1,-1,-1
460,87,1045,494,58,126,1,-1,-1,-1
460,77,1471,609,59,136,1,-1,-1,-1
460,57,1233,506,66,132,1,-1,-1,-1
461,172,262,557,91,117,1,-1,-1,-1
461,171,388,634,106,149,1,-1,-1,-1
461,170,479,646,76,136,1,-1,-1,-1
461,169,475,483,56,108,1,-1,-1,-1
461,168,905,435,54,104,1,-1,-1,-1
461,166,835,536,64,125,1,-1,-1,-1
461,164,937,581,69,130,1,-1,-1,-1
461,162,899,636,75,147,1,-1,-1,-1
461,154,1841,609,78,150,1,-1,-1,-1
461,150,1339,547,66,131,1,-1,-1,-1
461,147,821,484,51,121,1,-1,-1,-1
461,134,1199,391,47,98,1,-1,-1,-1
461,87,1072,495,61,125,1,-1,-1,-1
461,77,1493,610,63,136,1,-1,-1,-1
461,57,1257,507,69,131,1,-1,-1,-1
462,172,299,557,90,116,1,-1,-1,-1
462,171,429,632,104,148,1,-1,-1,-1
462,170,520,642,78,137,1,-1,-1,-1
462,169,509,484,56,107,1,-1,-1,-1
462,168,933,437,57,103,1,-1,-1,-1
462,166,865,537,62,124,1,-1,-1,-1
462,164,965,581,68,128,1,-1,-1,-1
462,162,928,637,74,147,1,-1,-1,-1
462,154,1875,611,44,149,1,-1,-1,-1
462,150,1362,549,70,129,1,-1,-1,-1
462,147,849,486,48,120,1,-1,-1,-1
462,134,1226,393,47,97,1,-1,-1,-1
462,87,1098,496,64,123,1,-1,-1,-1
462,77,1515,611,68,135,1,-1,-1,-1
462,57,1281,507,72,129,1,-1,-1,-1
463,172,353,556,89,113,1,-1,-1,-1
463,171,488,629,100,145,1,-1,-1,-1
463,170,580,636,80,138,1,-1,-1,-1
463,166,908,538,59,122,1,-1,-1,-1
463,164,1006,583,67,126,1,-1,-1,-1
463,162,969,638,73,146,1,-1,-1,-1
463,154,1875,610,44,149,1,-1,-1,-1
463,150,1396,552,76,125,1,-1,-1,-1
463,87,1137,497,69,121,1,-1,-1,-1
463,77,1548,612,74,135,1,-1,-1,-1
463,57,1316,509,76,127,1,-1,-1,-1
464,172,375,556,87,113,1,-1,-1,-1
464,171,511,628,100,142,1,-1,-1,-1
464,170,605,634,79,137,1,-1,-1,-1
464,166,928,538,63,121,1,-1,-1,-1
464,164,1019,582,69,125,1,-1,-1,-1
464,162,989,638,74,144,1,-1,-1,-1
464,150,1411,553,74,125,1,-1,-1,-1
464,87,1152,498,68,120,1,-1,-1,-1
464,77,1561,612,74,134,1,-1,-1,-1
464,57,1330,509,74,126,1,-1,-1,-1
465,172,415,555,83,112,1,-1,-1,-1
465,171,554,627,101,137,1,-1,-1,-1
465,170,650,631,77,137,1,-1,-1,-1
465,166,964,538,70,119,1,-1,-1,-1
465,164,1043,581,73,124,1,-1,-1,-1
465,162,1024,638,76,140,1,-1,-1,-1
465,150,1438,555,70,123,1,-1,-1,-1
465,87,1181,498,67,120,1,-1,-1,-1
465,77,1584,612,72,133,1,-1,-1,-1
465,57,1356,510,71,126,1,-1,-1,-1
466,179,1048,442,60,98,1,-1,-1,-1
466,178,963,489,52,116,1,-1,-1,-1
466,177,1342,403,43,92,1,-1,-1,-1
466,175,674,486,59,102,1,-1,-1,-1
466,172,456,554,80,111,1,-1,-1,-1
466,171,597,626,101,131,1,-1,-1,-1
466,170,696,628,75,136,1,-1,-1,-1
466,166,1002,539,77,116,1,-1,-1,-1
466,164,1067,581,78,123,1,-1,-1,-1
466,162,1061,638,79,135,1,-1,-1,-1
466,150,1466,556,66,122,1,-1,-1,-1
466,87,1210,499,66,119,1,-1,-1,-1
466,77,1608,613,71,132,1,-1,-1,-1
466,57,1382,511,67,125,1,-1,-1,-1
467,179,1077,443,60,97,1,-1,-1,-1
467,178,991,489,55,115,1,-1,-1,-1
467,177,1372,406,42,91,1,-1,-1,-1
467,175,702,487,59,101,1,-1,-1,-1
467,172,496,553,76,110,1,-1,-1,-1
467,171,629,625,99,128,1,-1,-1,-1
467,170,741,624,73,135,1,-1,-1,-1
467,166,1029,539,70,116,1,-1,-1,-1
467,164,1090,580,82,122,1,-1,-1,-1
467,162,1083,638,76,135,1,-1,-1,-1
467,150,1493,558,61,120,1,-1,-1,-1
467,87,1238,499,65,118,1,-1,-1,-1
467,77,1632,613,70,132,1,-1,-1,-1
467,57,1408,512,63,124,1,-1,-1,-1
468,179,1106,444,60,96,1,-1,-1,-1
468,178,1020,490,58,114,1,-1,-1,-1
468,177,1401,409,41,90,1,-1,-1,-1
468,175,731,489,59,100,1,-1,-1,-1
468,172,537,551,72,109,1,-1,-1,-1
468,171,661,623,96,125,1,-1,-1,-1
468,170,787,621,71,135,1,-1,-1,-1
468,166,1057,540,62,116,1,-1,-1,-1
468,164,1114,579,87,121,1,-1,-1,-1
468,162,1105,638,72,135,1,-1,-1,-1
468,150,1520,560,57,119,1,-1,-1,-1
468,87,1267,500,65,117,1,-1,-1,-1
468,77,1656,614,69,131,1,-1,-1,-1
468,57,1434,513,60,123,1,-1,-1,-1
469,179,1156,446,61,94,1,-1,-1,-1
469,178,1068,490,63,112,1,-1,-1,-1
469,175,781,492,59,98,1,-1,-1,-1
469,171,717,620,92,119,1,-1,-1,-1
469,166,1106,541,50,115,1,-1,-1,-1
469,164,1154,578,95,119,1,-1,-1,-1
469,162,1144,638,67,135,1,-1,-1,-1
469,150,1566,563,50,116,1,-1,-1,-1
469,87,1316,501,63,115,1,-1,-1,-1
469,77,1696,614,66,129,1,-1,-1,-1
469,57,1478,515,54,122,1,-1,-1,-1
472,175,858,493,56,93,1,-1,-1,-1
472,171,811,617,65,117,1,-1,-1,-1
472,166,1161,541,53,112,1,-1,-1,-1
472,162,1190,636,71,132,1,-1,-1,-1
473,175,903,493,54,89,1,-1,-1,-1
473,171,865,616,50,115,1,-1,-1,-1
473,166,1185,541,55,111,1,-1,-1,-1
473,162,1210,636,73,130,1,-1,-1,-1
474,179,1280,455,39,89,1,-1,-1,-1
474,178,1196,495,42,102,1,-1,-1,-1
474,175,915,492,57,89,1,-1,-1,-1
474,171,878,614,49,115,1,-1,-1,-1
474,166,1209,541,56,110,1,-1,-1,-1
474,164,1255,574,73,118,1,-1,-1,-1
474,162,1231,636,75,128,1,-1,-1,-1
474,150,1657,560,74,115,1,-1,-1,-1
474,87,1437,506,44,107,1,-1,-1,-1
474,77,1804,622,52,125,1,-1,-1,-1
474,57,1577,520,59,117,1,-1,-1,-1
475,179,1311,454,39,88,1,-1,-1,-1
475,178,1227,493,49,104,1,-1,-1,-1
475,175,950,491,64,88,1,-1,-1,-1
475,171,916,610,47,114,1,-1,-1,-1
475,166,1255,541,60,107,1,-1,-1,-1
475,164,1300,572,63,118,1,-1,-1,-1
475,162,1270,635,79,125,1,-1,-1,-1
475,150,1692,562,64,116,1,-1,-1,-1
475,87,1464,504,44,108,1,-1,-1,-1
475,77,1831,620,45,123,1,-1,-1,-1
475,57,1606,522,48,114,1,-1,-1,-1
478,191,823,541,64,101,1,-1,-1,-1
478,175,987,489,58,87,1,-1,-1,-1
478,166,1295,539,53,106,1,-1,-1,-1
478,162,1297,633,71,125,1,-1,-1,-1
479,191,844,540,61,100,1,-1,-1,-1
479,175,1005,489,55,87,1,-1,-1,-1
479,170,1165,606,60,120,1,-1,-1,-1
479,166,1315,538,49,106,1,-1,-1,-1
479,164,1346,569,53,115,1,-1,-1,-1
479,162,1310,632,67,124,1,-1,-1,-1
480,197,112,635,84,153,1,-1,-1,-1
480,191,864,538,58,100,1,-1,-1,-1
480,190,990,599,57,114,1,-1,-1,-1
480,175,1024,488,52,86,1,-1,-1,-1
480,170,1189,605,60,119,1,-1,-1,-1
480,166,1334,538,46,105,1,-1,-1,-1
480,164,1361,568,50,115,1,-1,-1,-1
480,162,1324,631,63,124,1,-1,-1,-1
480,150,1738,558,65,115,1,-1,-1,-1
480,77,1890,621,29,121,1,-1,-1,-1
480,57,1654,519,60,113,1,-1,-1,-1
481,204,1544,502,49,102,1,-1,-1,-1
481,203,1388,455,43,84,1,-1,-1,-1
481,202,1302,495,45,97,1,-1,-1,-1
481,200,165,633,109,143,1,-1,-1,-1
481,199,1683,421,37,83,1,-1,-1,-1
481,197,149,626,87,152,1,-1,-1,-1
481,191,884,537,55,100,1,-1,-1,-1
481,190,1009,597,59,114,1,-1,-1,-1
481,175,1042,487,49,86,1,-1,-1,-1
481,170,1214,604,60,117,1,-1,-1,-1
481,166,1354,537,43,105,1,-1,-1,-1
481,164,1376,566,46,114,1,-1,-1,-1
481,162,1337,630,59,124,1,-1,-1,-1
481,150,1749,557,65,115,1,-1,-1,-1
481,77,1896,622,23,118,1,-1,-1,-1
481,57,1666,519,63,113,1,-1,-1,-1
482,204,1563,502,50,101,1,-1,-1,-1
482,203,1406,456,44,83,1,-1,-1,-1
482,202,1321,495,44,96,1,-1,-1,-1
482,200,191,625,115,146,1,-1,-1,-1
482,199,1703,421,35,82,1,-1,-1,-1
482,197,194,617,89,152,1,-1,-1,-1
482,191,909,535,51,99,1,-1,-1,-1
482,190,1031,594,62,114,1,-1,-1,-1
482,175,1064,486,46,85,1,-1,-1,-1
482,170,1244,602,60,116,1,-1,-1,-1
482,166,1377,536,39,104,1,-1,-1,-1
482,164,1395,565,42,113,1,-1,-1,-1
482,162,1353,629,54,124,1,-1,-1,-1
482,150,1762,556,65,115,1,-1,-1,-1
482,77,1900,624,19,109,1,-1,-1,-1
482,57,1680,518,66,113,1,-1,-1,-1
486,198,201,463,47,88,1,-1,-1,-1
486,197,280,597,66,148,1,-1,-1,-1
486,191,928,532,49,98,1,-1,-1,-1
486,190,1057,585,51,121,1,-1,-1,-1
486,162,1357,631,46,122,1,-1,-1,-1
487,208,413,456,44,83,1,-1,-1,-1
487,200,287,641,64,119,1,-1,-1,-1
487,197,305,592,62,148,1,-1,-1,-1
487,195,1294,602,56,112,1,-1,-1,-1
487,191,934,531,49,98,1,-1,-1,-1
487,190,1064,583,47,122,1,-1,-1,-1
487,170,1401,537,37,102,1,-1,-1,-1
487,162,1358,632,44,122,1,-1,-1,-1
487,87,1582,498,48,101,1,-1,-1,-1
488,208,431,455,44,83,1,-1,-1,-1
488,203,1432,452,49,84,1,-1,-1,-1
488,202,1343,486,53,98,1,-1,-1,-1
488,200,316,646,48,111,1,-1,-1,-1
488,197,343,584,57,148,1,-1,-1,-1
488,195,1309,602,54,111,1,-1,-1,-1
488,191,941,530,48,98,1,-1,-1,-1
488,190,1075,580,43,125,1,-1,-1,-1
488,177,1741,426,27,78,1,-1,-1,-1
488,175,1099,487,31,84,1,-1,-1,-1
488,170,1409,537,36,101,1,-1,-1,-1
488,164,1413,565,51,113,1,-1,-1,-1
488,162,1360,633,41,121,1,-1,-1,-1
488,150,1782,559,42,108,1,-1,-1,-1
488,87,1588,497,47,102,1,-1,-1,-1
488,57,1699,517,50,112,1,-1,-1,-1
489,208,434,455,44,83,1,-1,-1,-1
489,203,1433,453,48,84,1,-1,-1,-1
489,202,1343,487,53,98,1,-1,-1,-1
489,200,316,650,54,108,1,-1,-1,-1
489,197,349,586,59,148,1,-1,-1,-1
489,195,1311,601,52,111,1,-1,-1,-1
489,191,941,531,47,97,1,-1,-1,-1
489,190,1075,581,44,124,1,-1,-1,-1
489,177,1742,426,28,78,1,-1,-1,-1
489,175,1099,487,32,85,1,-1,-1,-1
489,170,1410,537,37,101,1,-1,-1,-1
489,164,1411,565,52,113,1,-1,-1,-1
489,162,1357,633,44,122,1,-1,-1,-1
489,150,1781,560,44,107,1,-1,-1,-1
489,87,1590,497,46,102,1,-1,-1,-1
489,57,1699,517,49,112,1,-1,-1,-1
491,208,445,456,40,82,1,-1,-1,-1
491,205,248,463,48,85,1,-1,-1,-1
491,202,1343,488,53,96,1,-1,-1,-1
491,200,315,662,75,98,1,-1,-1,-1
491,197,371,594,68,146,1,-1,-1,-1
491,191,940,531,44,97,1,-1,-1,-1
491,190,1077,585,46,122,1,-1,-1,-1
491,164,1404,565,56,113,1,-1,-1,-1
491,162,1349,635,54,123,1,-1,-1,-1
492,208,450,456,39,82,1,-1,-1,-1
492,205,254,463,48,85,1,-1,-1,-1
492,202,1342,489,53,96,1,-1,-1,-1
492,200,315,668,85,94,1,-1,-1,-1
492,197,382,598,72,145,1,-1,-1,-1
492,191,940,532,43,97,1,-1,-1,-1
492,190,1078,588,48,121,1,-1,-1,-1
492,164,1400,565,57,113,1,-1,-1,-1
492,162,1345,637,59,123,1,-1,-1,-1
495,197,414,614,81,141,1,-1,-1,-1
495,190,1080,594,51,118,1,-1,-1,-1
495,175,1094,488,47,88,1,-1,-1,-1
495,162,1332,640,72,125,1,-1,-1,-1
496,208,465,457,36,80,1,-1,-1,-1
496,205,271,462,43,86,1,-1,-1,-1
496,203,1441,457,39,83,1,-1,-1,-1
496,202,1340,492,52,94,1,-1,-1,-1
496,200,320,687,111,78,1,-1,-1,-1
496,197,422,622,79,137,1,-1,-1,-1
496,190,1080,594,49,119,1,-1,-1,-1
496,175,1092,488,46,88,1,-1,-1,-1
496,166,1605,501,37,101,1,-1,-1,-1
496,164,1419,542,43,100,1,-1,-1,-1
496,162,1328,640,70,126,1,-1,-1,-1
496,57,1694,522,47,108,1,-1,-1,-1
497,208,465,457,38,80,1,-1,-1,-1
497,205,272,462,41,87,1,-1,-1,-1
497,203,1439,458,39,83,1,-1,-1,-1
497,202,1338,493,50,94,1,-1,-1,-1
497,200,325,689,108,76,1,-1,-1,-1
497,197,430,629,77,133,1,-1,-1,-1
497,195,1388,567,54,112,1,-1,-1,-1
497,191,931,534,41,99,1,-1,-1,-1
497,190,1079,595,47,119,1,-1,-1,-1
497,177,1754,430,36,79,1,-1,-1,-1
497,175,1089,487,45,89,1,-1,-1,-1
497,166,1605,501,39,101,1,-1,-1,-1
497,164,1419,543,44,100,1,-1,-1,-1
497,162,1324,641,68,127,1,-1,-1,-1
497,150,1779,573,54,102,1,-1,-1,-1
497,57,1690,523,50,107,1,-1,-1,-1
499,209,1340,602,39,119,1,-1,-1,-1
499,208,465,458,42,79,1,-1,-1,-1
499,205,273,462,36,87,1,-1,-1,-1
499,203,1436,460,40,82,1,-1,-1,-1
499,202,1334,495,47,93,1,-1,-1,-1
499,200,337,694,100,72,1,-1,-1,-1
499,197,446,645,73,125,1,-1,-1,-1
499,191,925,535,43,100,1,-1,-1,-1
499,190,1078,596,42,119,1,-1,-1,-1
499,175,1085,487,44,89,1,-1,-1,-1
499,164,1419,546,46,100,1,-1,-1,-1
499,162,1315,642,64,128,1,-1,-1,-1
499,57,1681,526,57,105,1,-1,-1,-1
500,209,1341,604,41,119,1,-1,-1,-1
500,208,466,458,45,78,1,-1,-1,-1
500,205,275,462,32,87,1,-1,-1,-1
500,203,1433,461,41,82,1,-1,-1,-1
500,202,1331,497,44,93,1,-1,-1,-1
500,200,350,698,91,67,1,-1,-1,-1
500,197,462,660,69,117,1,-1,-1,-1
500,191,919,536,45,102,1,-1,-1,-1
500,190,1077,597,38,120,1,-1,-1,-1
500,175,1080,486,42,90,1,-1,-1,-1
500,170,1604,503,45,100,1,-1,-1,-1
500,164,1419,549,48,100,1,-1,-1,-1
500,162,1307,643,59,130,1,-1,-1,-1
500,57,1673,529,64,103,1,-1,-1,-1
501,209,1341,604,41,119,1,-1,-1,-1
501,208,466,458,45,78,1,-1,-1,-1
501,205,275,462,32,87,1,-1,-1,-1
501,203,1432,461,41,82,1,-1,-1,-1
501,202,1330,497,44,93,1,-1,-1,-1
501,200,350,699,91,67,1,-1,-1,-1
501,197,462,660,69,117,1,-1,-1,-1
501,195,1383,568,40,111,1,-1,-1,-1
501,191,919,536,45,102,1,-1,-1,-1
501,190,1076,597,38,120,1,-1,-1,-1
501,177,1758,430,32,80,1,-1,-1,-1
501,175,1080,486,42,90,1,-1,-1,-1
501,170,1604,503,45,100,1,-1,-1,-1
501,164,1419,549,48,100,1,-1,-1,-1
501,162,1307,643,59,130,1,-1,-1,-1
501,150,1797,573,45,106,1,-1,-1,-1
501,57,1672,528,63,103,1,-1,-1,-1
503,209,1342,604,40,120,1,-1,-1,-1
503,208,465,458,42,80,1,-1,-1,-1
503,205,269,463,38,87,1,-1,-1,-1
503,203,1423,462,43,83,1,-1,-1,-1
503,202,1322,497,43,94,1,-1,-1,-1
503,200,356,704,78,65,1,-1,-1,-1
503,197,458,662,71,119,1,-1,-1,-1
503,195,1376,570,41,110,1,-1,-1,-1
503,191,907,538,50,101,1,-1,-1,-1
503,190,1067,601,45,119,1,-1,-1,-1
503,177,1753,432,33,81,1,-1,-1,-1
503,175,1070,488,41,90,1,-1,-1,-1
503,164,1413,549,47,102,1,-1,-1,-1
503,162,1296,647,54,128,1,-1,-1,-1
503,150,1799,571,47,109,1,-1,-1,-1
503,57,1665,528,60,106,1,-1,-1,-1
504,209,1343,604,39,120,1,-1,-1,-1
504,208,464,458,40,80,1,-1,-1,-1
504,205,266,464,41,86,1,-1,-1,-1
504,203,1419,462,44,83,1,-1,-1,-1
504,202,1317,498,43,95,1,-1,-1,-1
504,200,359,707,71,63,1,-1,-1,-1
504,197,457,664,73,120,1,-1,-1,-1
504,195,1373,572,41,110,1,-1,-1,-1
504,191,901,539,52,101,1,-1,-1,-1
504,190,1062,603,48,119,1,-1,-1,-1
504,177,1751,432,34,81,1,-1,-1,-1
504,175,1066,489,40,90,1,-1,-1,-1
504,166,1596,504,44,101,1,-1,-1,-1
504,164,1411,549,47,103,1,-1,-1,-1
504,162,1291,649,51,128,1,-1,-1,-1
504,150,1800,570,47,110,1,-1,-1,-1
504,57,1662,528,59,107,1,-1,-1,-1
505,209,1344,604,39,120,1,-1,-1,-1
505,208,463,458,38,81,1,-1,-1,-1
505,205,263,465,44,86,1,-1,-1,-1
505,203,1414,463,45,84,1,-1,-1,-1
505,202,1313,498,43,96,1,-1,-1,-1
505,200,361,709,65,62,1,-1,-1,-1
505,197,455,665,74,121,1,-1,-1,-1
505,195,1369,573,42,110,1,-1,-1,-1
505,191,895,540,54,100,1,-1,-1,-1
505,190,1057,605,52,119,1,-1,-1,-1
505,177,1748,433,34,81,1,-1,-1,-1
505,175,1061,490,39,90,1,-1,-1,-1
505,166,1594,504,43,101,1,-1,-1,-1
505,164,1408,550,46,104,1,-1,-1,-1
505,162,1285,652,49,127,1,-1,-1,-1
505,150,1801,569,48,112,1,-1,-1,-1
505,57,1658,528,57,108,1,-1,-1,-1
506,211,1887,641,32,124,1,-1,-1,-1
506,209,1345,604,38,121,1,-1,-1,-1
506,208,463,458,36,82,1,-1,-1,-1
506,205,260,465,47,86,1,-1,-1,-1
506,203,1410,463,46,84,1,-1,-1,-1
506,202,1309,498,43,97,1,-1,-1,-1
506,200,364,712,58,61,1,-1,-1,-1
506,197,453,666,75,123,1,-1,-1,-1
506,195,1366,574,42,109,1,-1,-1,-1
506,191,889,541,57,100,1,-1,-1,-1
506,190,1052,606,55,119,1,-1,-1,-1
506,177,1745,434,34,81,1,-1,-1,-1
506,175,1056,490,39,90,1,-1,-1,-1
506,166,1591,504,43,101,1,-1,-1,-1
506,164,1405,550,46,105,1,-1,-1,-1
506,162,1280,654,46,126,1,-1,-1,-1
506,150,1803,568,49,113,1,-1,-1,-1
506,57,1654,527,56,109,1,-1,-1,-1
507,211,1880,641,39,125,1,-1,-1,-1
507,209,1345,603,37,121,1,-1,-1,-1
507,208,462,457,34,83,1,-1,-1,-1
507,205,257,466,50,86,1,-1,-1,-1
507,203,1404,463,48,84,1,-1,-1,-1
507,202,1303,498,42,98,1,-1,-1,-1
507,200,367,715,50,59,1,-1,-1,-1
507,197,451,668,77,124,1,-1,-1,-1
507,195,1361,576,42,109,1,-1,-1,-1
507,191,881,542,59,99,1,-1,-1,-1
507,190,1046,609,59,119,1,-1,-1,-1
507,177,1742,434,35,81,1,-1,-1,-1
507,175,1050,491,38,90,1,-1,-1,-1
507,166,1588,504,43,101,1,-1,-1,-1
507,164,1402,550,45,106,1,-1,-1,-1
507,162,1273,657,43,125,1,-1,-1,-1
507,150,1804,566,49,115,1,-1,-1,-1
507,57,1650,527,54,111,1,-1,-1,-1
508,211,1878,641,40,125,1,-1,-1,-1
508,209,1343,605,39,120,1,-1,-1,-1
508,208,459,458,35,82,1,-1,-1,-1
508,205,254,466,47,86,1,-1,-1,-1
508,203,1400,463,47,85,1,-1,-1,-1
508,202,1299,498,43,98,1,-1,-1,-1
508,200,365,715,50,58,1,-1,-1,-1
508,197,446,668,80,125,1,-1,-1,-1
508,195,1358,576,43,108,1,-1,-1,-1
508,191,877,542,58,99,1,-1,-1,-1
508,190,1044,610,57,119,1,-1,-1,-1
508,177,1739,435,34,81,1,-1,-1,-1
508,175,1045,492,39,90,1,-1,-1,-1
508,166,1586,504,41,102,1,-1,-1,-1
508,164,1397,551,46,106,1,-1,-1,-1
508,162,1269,658,45,126,1,-1,-1,-1
508,150,1803,566,49,115,1,-1,-1,-1
508,57,1647,527,53,111,1,-1,-1,-1
509,211,1875,641,41,125,1,-1,-1,-1
509,209,1340,608,42,119,1,-1,-1,-1
509,208,456,459,37,82,1,-1,-1,-1
509,205,251,465,44,87,1,-1,-1,-1
509,203,1396,463,47,85,1,-1,-1,-1
509,202,1293,498,45,98,1,-1,-1,-1
509,200,363,715,50,56,1,-1,-1,-1
509,197,441,669,83,126,1,-1,-1,-1
509,195,1353,576,44,106,1,-1,-1,-1
509,191,870,542,57,100,1,-1,-1,-1
509,190,1041,611,54,119,1,-1,-1,-1
509,177,1736,435,34,81,1,-1,-1,-1
509,175,1038,493,40,89,1,-1,-1,-1
509,166,1584,504,39,102,1,-1,-1,-1
509,164,1391,552,47,106,1,-1,-1,-1
509,162,1263,661,47,127,1,-1,-1,-1
509,150,1803,567,49,116,1,-1,-1,-1
509,57,1643,528,52,111,1,-1,-1,-1
510,211,1872,641,43,125,1,-1,-1,-1
510,209,1337,610,45,118,1,-1,-1,-1
510,208,453,460,38,81,1,-1,-1,-1
510,205,249,465,40,88,1,-1,-1,-1
510,203,1391,463,46,85,1,-1,-1,-1
510,202,1287,498,46,98,1,-1,-1,-1
510,200,360,714,50,54,1,-1,-1,-1
510,197,435,670,87,127,1,-1,-1,-1
510,195,1349,577,44,104,1,-1,-1,-1
510,191,864,543,55,100,1,-1,-1,-1
510,190,1038,612,51,119,1,-1,-1,-1
510,177,1732,436,33,81,1,-1,-1,-1
510,175,1031,493,41,89,1,-1,-1,-1
510,166,1581,504,37,102,1,-1,-1,-1
510,164,1385,553,47,106,1,-1,-1,-1
510,162,1258,663,49,127,1,-1,-1,-1
510,150,1802,567,49,116,1,-1,-1,-1
510,57,1639,528,50,110,1,-1,-1,-1
511,211,1865,641,51,124,1,-1,-1,-1
511,209,1335,613,48,117,1,-1,-1,-1
511,208,450,461,39,81,1,-1,-1,-1
511,205,246,464,37,88,1,-1,-1,-1
511,203,1387,463,45,86,1,-1,-1,-1
511,202,1282,498,47,98,1,-1,-1,-1
511,200,358,714,51,52,1,-1,-1,-1
511,197,430,671,91,129,1,-1,-1,-1
511,195,1344,577,45,103,1,-1,-1,-1
511,191,858,543,54,101,1,-1,-1,-1
511,190,1035,613,48,119,1,-1,-1,-1
511,177,1728,436,32,81,1,-1,-1,-1
511,175,1024,494,42,89,1,-1,-1,-1
511,166,1579,505,36,102,1,-1,-1,-1
511,164,1380,555,48,106,1,-1,-1,-1
511,162,1252,665,51,128,1,-1,-1,-1
511,150,1802,567,48,116,1,-1,-1,-1
511,57,1635,529,49,110,1,-1,-1,-1
512,211,1864,642,52,124,1,-1,-1,-1
512,209,1332,615,51,115,1,-1,-1,-1
512,208,447,462,41,80,1,-1,-1,-1
512,205,243,464,34,89,1,-1,-1,-1
512,203,1382,463,45,86,1,-1,-1,-1
512,202,1276,498,48,98,1,-1,-1,-1
512,200,355,713,51,50,1,-1,-1,-1
512,197,424,671,94,130,1,-1,-1,-1
512,195,1339,578,45,101,1,-1,-1,-1
512,191,852,543,52,101,1,-1,-1,-1
512,190,1032,614,45,119,1,-1,-1,-1
512,177,1725,437,32,81,1,-1,-1,-1
512,175,1017,495,43,89,1,-1,-1,-1
512,166,1576,505,34,102,1,-1,-1,-1
512,164,1374,556,49,106,1,-1,-1,-1
512,162,1247,667,53,129,1,-1,-1,-1
512,150,1801,567,48,117,1,-1,-1,-1
512,57,1632,529,48,110,1,-1,-1,-1
513,211,1853,646,64,123,1,-1,-1,-1
513,209,1328,619,56,114,1,-1,-1,-1
513,208,442,463,43,79,1,-1,-1,-1
513,205,238,463,29,90,1,-1,-1,-1
513,203,1375,462,44,87,1,-1,-1,-1
513,202,1267,499,50,99,1,-1,-1,-1
513,200,352,713,51,47,1,-1,-1,-1
513,197,416,672,99,132,1,-1,-1,-1
513,195,1333,579,46,98,1,-1,-1,-1
513,191,843,544,50,101,1,-1,-1,-1
513,190,1028,616,40,118,1,-1,-1,-1
513,177,1719,438,31,81,1,-1,-1,-1
513,175,1007,496,44,89,1,-1,-1,-1
513,166,1573,505,31,102,1,-1,-1,-1
513,164,1365,558,50,106,1,-1,-1,-1
513,162,1239,671,56,130,1,-1,-1,-1
513,150,1800,567,48,117,1,-1,-1,-1
513,57,1626,530,46,110,1,-1,-1,-1
514,211,1850,647,63,124,1,-1,-1,-1
514,209,1325,619,56,114,1,-1,-1,-1
514,208,441,463,42,80,1,-1,-1,-1
514,205,236,464,30,90,1,-1,-1,-1
514,203,1373,463,43,86,1,-1,-1,-1
514,202,1265,499,50,98,1,-1,-1,-1
514,200,349,713,53,48,1,-1,-1,-1
514,197,412,673,98,132,1,-1,-1,-1
514,195,1330,579,46,100,1,-1,-1,-1
514,191,840,544,49,101,1,-1,-1,-1
514,190,1025,617,41,119,1,-1,-1,-1
514,177,1717,438,31,81,1,-1,-1,-1
514,175,1004,496,44,89,1,-1,-1,-1
514,166,1571,505,33,102,1,-1,-1,-1
514,164,1363,558,50,106,1,-1,-1,-1
514,162,1235,671,57,131,1,-1,-1,-1
514,150,1799,568,47,117,1,-1,-1,-1
514,57,1623,531,46,110,1,-1,-1,-1
515,211,1845,647,62,125,1,-1,-1,-1
515,209,1320,620,56,113,1,-1,-1,-1
515,208,439,463,39,80,1,-1,-1,-1
515,205,231,465,32,89,1,-1,-1,-1
515,203,1368,464,42,86,1,-1,-1,-1
515,202,1259,501,49,98,1,-1,-1,-1
515,200,344,713,57,48,1,-1,-1,-1
515,197,406,673,95,133,1,-1,-1,-1
515,195,1326,579,46,102,1,-1,-1,-1
515,191,835,545,47,101,1,-1,-1,-1
515,190,1019,619,43,119,1,-1,-1,-1
515,177,1713,439,32,81,1,-1,-1,-1
515,175,998,497,44,89,1,-1,-1,-1
515,166,1567,506,36,102,1,-1,-1,-1
515,164,1360,559,49,106,1,-1,-1,-1
515,162,1227,673,57,131,1,-1,-1,-1
515,150,1798,569,47,117,1,-1,-1,-1
515,57,1619,532,48,109,1,-1,-1,-1
516,211,1840,648,62,126,1,-1,-1,-1
516,209,1315,620,56,113,1,-1,-1,-1
516,208,437,462,37,81,1,-1,-1,-1
516,205,226,466,35,88,1,-1,-1,-1
516,203,1364,465,41,85,1,-1,-1,-1
516,202,1254,502,48,97,1,-1,-1,-1
516,200,339,712,61,48,1,-1,-1,-1
516,197,399,673,92,133,1,-1,-1,-1
516,195,1321,579,45,105,1,-1,-1,-1
516,191,829,546,44,101,1,-1,-1,-1
516,190,1013,621,45,120,1,-1,-1,-1
516,177,1709,439,32,81,1,-1,-1,-1
516,175,993,497,44,89,1,-1,-1,-1
516,166,1563,506,39,102,1,-1,-1,-1
516,164,1356,560,48,107,1,-1,-1,-1
516,162,1219,674,58,132,1,-1,-1,-1
516,150,1797,570,47,116,1,-1,-1,-1
516,57,1614,534,49,109,1,-1,-1,-1
517,211,1836,649,61,127,1,-1,-1,-1
517,209,1310,621,56,113,1,-1,-1,-1
517,208,434,462,35,82,1,-1,-1,-1
517,205,222,468,37,88,1,-1,-1,-1
517,203,1359,466,40,85,1,-1,-1,-1
517,202,1249,503,48,97,1,-1,-1,-1
517,200,334,712,64,49,1,-1,-1,-1
517,197,393,673,89,134,1,-1,-1,-1
517,195,1317,578,44,108,1,-1,-1,-1
517,191,824,547,42,101,1,-1,-1,-1
517,190,1008,623,46,120,1,-1,-1,-1
517,177,1705,440,33,81,1,-1,-1,-1
517,175,987,498,45,89,1,-1,-1,-1
517,166,1559,507,41,101,1,-1,-1,-1
517,164,1353,560,48,107,1,-1,-1,-1
517,162,1211,676,58,133,1,-1,-1,-1
517,150,1796,571,47,116,1,-1,-1,-1
517,57,1609,535,51,109,1,-1,-1,-1
518,211,1831,649,60,129,1,-1,-1,-1
518,209,1305,622,56,113,1,-1,-1,-1
518,208,432,462,32,82,1,-1,-1,-1
518,205,217,469,40,87,1,-1,-1,-1
518,203,1355,467,39,84,1,-1,-1,-1
518,202,1244,505,47,96,1,-1,-1,-1
518,200,330,712,68,49,1,-1,-1,-1
518,197,386,673,86,134,1,-1,-1,-1
518,195,1312,578,44,110,1,-1,-1,-1
518,191,818,548,40,101,1,-1,-1,-1
518,190,1002,625,48,121,1,-1,-1,-1
518,177,1701,440,33,81,1,-1,-1,-1
518,175,982,498,45,89,1,-1,-1,-1
518,166,1555,507,44,101,1,-1,-1,-1
518,164,1349,561,47,108,1,-1,-1,-1
518,162,1203,677,59,134,1,-1,-1,-1
518,150,1795,572,47,115,1,-1,-1,-1
518,57,1604,536,52,108,1,-1,-1,-1
519,211,1823,650,59,131,1,-1,-1,-1
519,209,1296,623,57,113,1,-1,-1,-1
519,208,429,461,29,84,1,-1,-1,-1
519,205,209,471,44,86,1,-1,-1,-1
519,203,1347,469,38,83,1,-1,-1,-1
519,202,1235,507,46,96,1,-1,-1,-1
519,200,321,712,74,50,1,-1,-1,-1
519,197,375,674,81,135,1,-1,-1,-1
519,195,1305,578,43,114,1,-1,-1,-1
519,191,809,549,36,101,1,-1,-1,-1
519,190,993,628,51,122,1,-1,-1,-1
519,177,1694,441,34,81,1,-1,-1,-1
519,175,972,499,45,90,1,-1,-1,-1
519,166,1548,508,49,101,1,-1,-1,-1
519,164,1343,562,46,109,1,-1,-1,-1
519,162,1189,680,59,135,1,-1,-1,-1
519,150,1793,573,47,115,1,-1,-1,-1
519,57,1596,539,55,108,1,-1,-1,-1
520,211,1822,650,59,130,1,-1,-1,-1
520,209,1296,623,56,113,1,-1,-1,-1
520,208,428,461,30,83,1,-1,-1,-1
520,205,208,471,44,86,1,-1,-1,-1
520,203,1346,469,38,83,1,-1,-1,-1
520,202,1235,507,46,96,1,-1,-1,-1
520,200,321,712,75,50,1,-1,-1,-1
520,197,372,674,81,136,1,-1,-1,-1
520,195,1304,579,43,114,1,-1,-1,-1
520,191,807,550,38,101,1,-1,-1,-1
520,190,991,628,51,122,1,-1,-1,-1
520,177,1693,441,34,81,1,-1,-1,-1
520,175,971,499,45,89,1,-1,-1,-1
520,166,1547,508,49,101,1,-1,-1,-1
520,164,1342,563,47,109,1,-1,-1,-1
520,162,1187,680,59,135,1,-1,-1,-1
520,150,1793,574,47,115,1,-1,-1,-1
520,57,1596,539,54,108,1,-1,-1,-1
521,211,1819,652,58,130,1,-1,-1,-1
521,209,1297,624,53,113,1,-1,-1,-1
521,208,424,462,33,83,1,-1,-1,-1
521,205,207,471,44,87,1,-1,-1,-1
521,203,1341,469,39,84,1,-1,-1,-1
521,202,1232,507,45,96,1,-1,-1,-1
521,200,320,712,77,51,1,-1,-1,-1
521,197,363,674,80,136,1,-1,-1,-1
521,195,1300,580,43,113,1,-1,-1,-1
521,191,800,550,42,101,1,-1,-1,-1
521,190,985,630,53,122,1,-1,-1,-1
521,177,1689,441,35,81,1,-1,-1,-1
521,175,965,500,46,89,1,-1,-1,-1
521,166,1545,508,46,102,1,-1,-1,-1
521,164,1337,563,48,109,1,-1,-1,-1
521,162,1182,682,59,136,1,-1,-1,-1
521,150,1793,574,46,115,1,-1,-1,-1
521,57,1596,538,53,110,1,-1,-1,-1
522,211,1817,653,57,129,1,-1,-1,-1
522,209,1297,625,50,114,1,-1,-1,-1
522,208,421,463,36,82,1,-1,-1,-1
522,205,205,471,44,87,1,-1,-1,-1
522,203,1337,469,40,84,1,-1,-1,-1
522,202,1229,508,44,97,1,-1,-1,-1
522,200,318,712,79,52,1,-1,-1,-1
522,197,354,675,80,137,1,-1,-1,-1
522,195,1296,582,42,111,1,-1,-1,-1
522,191,794,551,47,101,1,-1,-1,-1
522,190,979,632,55,123,1,-1,-1,-1
522,177,1685,441,35,81,1,-1,-1,-1
522,175,959,500,47,88,1,-1,-1,-1
522,166,1543,508,44,102,1,-1,-1,-1
522,164,1332,564,49,110,1,-1,-1,-1
522,162,1177,683,58,137,1,-1,-1,-1
522,150,1792,575,46,114,1,-1,-1,-1
522,57,1595,538,51,111,1,-1,-1,-1
523,211,1814,654,55,129,1,-1,-1,-1
523,209,1298,626,48,114,1,-1,-1,-1
523,208,417,463,39,82,1,-1,-1,-1
523,205,203,472,44,87,1,-1,-1,-1
523,203,1332,468,41,85,1,-1,-1,-1
523,202,1226,508,44,97,1,-1,-1,-1
523,200,317,712,81,53,1,-1,-1,-1
523,197,345,676,79,138,1,-1,-1,-1
523,195,1292,583,42,110,1,-1,-1,-1
523,191,787,551,51,101,1,-1,-1,-1
523,190,973,635,56,123,1,-1,-1,-1
523,177,1681,441,36,81,1,-1,-1,-1
523,175,953,501,48,88,1,-1,-1,-1
523,166,1541,507,42,103,1,-1,-1,-1
523,164,1327,564,49,110,1,-1,-1,-1
523,162,1172,684,57,137,1,-1,-1,-1
523,150,1792,575,46,114,1,-1,-1,-1
523,57,1595,538,49,112,1,-1,-1,-1
524,211,1811,655,54,128,1,-1,-1,-1
524,209,1298,627,45,115,1,-1,-1,-1
524,208,414,464,42,81,1,-1,-1,-1
524,205,202,472,44,87,1,-1,-1,-1
524,203,1328,468,42,85,1,-1,-1,-1
524,202,1223,508,43,98,1,-1,-1,-1
524,200,315,713,83,54,1,-1,-1,-1
524,197,336,676,79,139,1,-1,-1,-1
524,195,1289,584,42,109,1,-1,-1,-1
524,191,780,552,56,101,1,-1,-1,-1
524,190,967,637,58,124,1,-1,-1,-1
524,177,1678,441,37,81,1,-1,-1,-1
524,175,947,502,49,87,1,-1,-1,-1
524,166,1539,507,39,104,1,-1,-1,-1
524,164,1322,565,50,111,1,-1,-1,-1
524,162,1167,686,57,138,1,-1,-1,-1
524,150,1791,576,46,114,1,-1,-1,-1
524,57,1595,537,48,114,1,-1,-1,-1
525,211,1805,658,52,127,1,-1,-1,-1
525,209,1299,629,39,115,1,-1,-1,-1
525,208,407,465,48,80,1,-1,-1,-1
525,205,199,472,44,87,1,-1,-1,-1
525,203,1319,468,44,86,1,-1,-1,-1
525,202,1217,509,42,99,1,-1,-1,-1
525,200,312,713,87,56,1,-1,-1,-1
525,197,318,677,78,140,1,-1,-1,-1
525,195,1282,587,42,106,1,-1,-1,-1
525,191,767,553,65,101,1,-1,-1,-1
525,190,955,640,61,125,1,-1,-1,-1
525,177,1670,442,38,81,1,-1,-1,-1
525,175,935,503,50,86,1,-1,-1,-1
525,166,1536,507,35,106,1,-1,-1,-1
525,164,1312,566,52,112,1,-1,-1,-1
525,162,1157,688,56,139,1,-1,-1,-1
525,150,1791,577,46,114,1,-1,-1,-1
525,57,1594,536,45,116,1,-1,-1,-1
526,211,1805,658,52,127,1,-1,-1,-1
526,209,1299,629,39,116,1,-1,-1,-1
526,208,407,465,48,80,1,-1,-1,-1
526,205,198,472,44,87,1,-1,-1,-1
526,203,1319,468,44,86,1,-1,-1,-1
526,202,1217,509,42,99,1,-1,-1,-1
526,200,312,713,88,56,1,-1,-1,-1
526,197,318,677,78,140,1,-1,-1,-1
526,195,1281,587,42,106,1,-1,-1,-1
526,191,767,553,65,101,1,-1,-1,-1
526,190,954,641,61,125,1,-1,-1,-1
526,177,1670,442,38,81,1,-1,-1,-1
526,175,935,503,50,86,1,-1,-1,-1
526,166,1536,507,35,106,1,-1,-1,-1
526,164,1312,566,52,112,1,-1,-1,-1
526,162,1157,688,56,139,1,-1,-1,-1
526,150,1790,577,46,114,1,-1,-1,-1
526,57,1594,536,45,116,1,-1,-1,-1
527,211,1804,659,52,127,1,-1,-1,-1
527,209,1297,628,42,117,1,-1,-1,-1
527,208,406,465,46,81,1,-1,-1,-1
527,205,196,473,43,87,1,-1,-1,-1
527,203,1314,468,44,86,1,-1,-1,-1
527,202,1211,509,45,98,1,-1,-1,-1
527,200,310,715,90,54,1,-1,-1,-1
527,197,305,677,77,141,1,-1,-1,-1
527,195,1278,588,42,108,1,-1,-1,-1
527,191,763,554,62,102,1,-1,-1,-1
527,190,950,642,61,125,1,-1,-1,-1
527,177,1667,442,37,81,1,-1,-1,-1
527,175,929,504,49,86,1,-1,-1,-1
527,166,1534,507,37,105,1,-1,-1,-1
527,164,1310,566,52,111,1,-1,-1,-1
527,162,1147,691,58,139,1,-1,-1,-1
527,150,1786,578,48,115,1,-1,-1,-1
527,57,1593,537,45,117,1,-1,-1,-1
528,211,1803,660,53,127,1,-1,-1,-1
528,209,1294,628,44,119,1,-1,-1,-1
528,208,405,464,44,82,1,-1,-1,-1
528,205,194,473,42,87,1,-1,-1,-1
528,203,1310,468,44,86,1,-1,-1,-1
528,202,1204,510,47,98,1,-1,-1,-1
528,200,308,716,93,52,1,-1,-1,-1
528,197,292,676,77,143,1,-1,-1,-1
528,195,1274,589,42,109,1,-1,-1,-1
528,191,760,554,60,102,1,-1,-1,-1
528,190,945,644,61,126,1,-1,-1,-1
528,177,1664,442,36,81,1,-1,-1,-1
528,175,924,504,47,86,1,-1,-1,-1
528,166,1533,507,39,105,1,-1,-1,-1
528,164,1307,567,52,111,1,-1,-1,-1
528,162,1138,693,60,139,1,-1,-1,-1
528,150,1782,578,50,116,1,-1,-1,-1
528,57,1593,537,45,117,1,-1,-1,-1
529,211,1802,661,53,127,1,-1,-1,-1
529,209,1291,627,46,121,1,-1,-1,-1
529,208,404,464,42,83,1,-1,-1,-1
529,205,191,473,41,87,1,-1,-1,-1
529,203,1306,468,45,86,1,-1,-1,-1
529,202,1198,510,50,98,1,-1,-1,-1
529,200,306,718,96,50,1,-1,-1,-1
529,197,279,676,76,144,1,-1,-1,-1
529,195,1270,590,42,110,1,-1,-1,-1
529,191,756,554,57,102,1,-1,-1,-1
529,190,940,646,61,126,1,-1,-1,-1
529,177,1662,443,35,81,1,-1,-1,-1
529,175,919,505,46,86,1,-1,-1,-1
529,166,1531,507,41,105,1,-1,-1,-1
529,164,1305,568,51,111,1,-1,-1,-1
529,162,1128,695,61,139,1,-1,-1,-1
529,150,1778,579,52,117,1,-1,-1,-1
529,57,1592,537,44,118,1,-1,-1,-1
530,211,1801,662,54,127,1,-1,-1,-1
530,209,1289,626,48,123,1,-1,-1,-1
530,208,403,463,40,83,1,-1,-1,-1
530,205,189,473,41,87,1,-1,-1,-1
530,203,1301,468,45,86,1,-1,-1,-1
530,202,1192,510,52,98,1,-1,-1,-1
530,200,304,720,98,49,1,-1,-1,-1
530,197,266,675,76,145,1,-1,-1,-1
530,195,1266,591,42,112,1,-1,-1,-1
530,191,752,555,55,103,1,-1,-1,-1
530,190,935,648,61,127,1,-1,-1,-1
530,177,1659,443,34,81,1,-1,-1,-1
530,175,914,506,44,86,1,-1,-1,-1
530,166,1530,507,43,105,1,-1,-1,-1
530,164,1302,569,51,111,1,-1,-1,-1
530,162,1119,697,63,138,1,-1,-1,-1
530,150,1774,580,54,119,1,-1,-1,-1
530,57,1591,537,44,118,1,-1,-1,-1
531,211,1800,663,54,127,1,-1,-1,-1
531,209,1286,626,51,124,1,-1,-1,-1
531,208,402,463,38,84,1,-1,-1,-1
531,205,186,473,40,87,1,-1,-1,-1
531,203,1297,468,46,86,1,-1,-1,-1
531,202,1186,511,55,98,1,-1,-1,-1
531,200,302,721,101,47,1,-1,-1,-1
531,197,253,675,75,146,1,-1,-1,-1
531,195,1263,592,43,113,1,-1,-1,-1
531,191,749,555,52,103,1,-1,-1,-1
531,190,930,650,61,127,1,-1,-1,-1
531,177,1656,444,33,81,1,-1,-1,-1
531,175,909,507,43,86,1,-1,-1,-1
531,166,1529,508,45,105,1,-1,-1,-1
531,164,1299,570,51,111,1,-1,-1,-1
531,162,1109,700,65,138,1,-1,-1,-1
531,150,1770,580,57,120,1,-1,-1,-1
531,57,1591,538,44,119,1,-1,-1,-1
532,211,1799,664,55,127,1,-1,-1,-1
532,209,1283,625,53,126,1,-1,-1,-1
532,208,401,463,36,85,1,-1,-1,-1
532,205,183,473,39,87,1,-1,-1,-1
532,203,1292,468,46,86,1,-1,-1,-1
532,202,1178,511,58,98,1,-1,-1,-1
532,200,300,723,104,44,1,-1,-1,-1
532,197,237,675,74,147,1,-1,-1,-1
532,195,1258,593,43,114,1,-1,-1,-1
532,191,744,556,49,104,1,-1,-1,-1
532,190,924,652,61,127,1,-1,-1,-1
532,177,1653,444,32,81,1,-1,-1,-1
532,175,903,507,41,86,1,-1,-1,-1
532,166,1527,508,47,105,1,-1,-1,-1
532,164,1296,571,51,111,1,-1,-1,-1
532,162,1098,702,68,138,1,-1,-1,-1
532,150,1765,581,59,121,1,-1,-1,-1
532,57,1590,538,44,120,1,-1,-1,-1
533,211,1799,664,55,128,1,-1,-1,-1
533,209,1282,626,53,125,1,-1,-1,-1
533,208,400,463,37,85,1,-1,-1,-1
533,205,184,473,40,87,1,-1,-1,-1
533,203,1290,469,45,86,1,-1,-1,-1
533,202,1175,512,58,98,1,-1,-1,-1
533,200,302,723,105,44,1,-1,-1,-1
533,197,233,675,72,148,1,-1,-1,-1
533,195,1256,593,44,114,1,-1,-1,-1
533,191,741,556,49,104,1,-1,-1,-1
533,190,918,653,59,128,1,-1,-1,-1
533,177,1653,445,32,81,1,-1,-1,-1
533,175,901,508,40,86,1,-1,-1,-1
533,166,1528,508,45,104,1,-1,-1,-1
533,164,1296,572,50,110,1,-1,-1,-1
533,162,1094,704,67,139,1,-1,-1,-1
533,150,1766,582,58,120,1,-1,-1,-1
533,57,1589,539,44,119,1,-1,-1,-1
534,211,1798,664,55,129,1,-1,-1,-1
534,209,1280,628,53,124,1,-1,-1,-1
534,208,399,463,39,85,1,-1,-1,-1
534,205,184,472,42,87,1,-1,-1,-1
534,203,1289,469,44,85,1,-1,-1,-1
534,202,1171,512,58,98,1,-1,-1,-1
534,200,305,722,105,43,1,-1,-1,-1
534,197,228,675,68,148,1,-1,-1,-1
534,195,1253,593,45,114,1,-1,-1,-1
534,191,737,555,50,104,1,-1,-1,-1
534,190,910,654,56,128,1,-1,-1,-1
534,177,1653,445,31,81,1,-1,-1,-1
534,175,898,509,38,86,1,-1,-1,-1
534,166,1530,508,42,104,1,-1,-1,-1
534,164,1295,573,50,110,1,-1,-1,-1
534,162,1090,706,65,140,1,-1,-1,-1
534,150,1767,583,56,119,1,-1,-1,-1
534,57,1589,541,45,118,1,-1,-1,-1
535,211,1798,665,55,130,1,-1,-1,-1
535,209,1278,630,53,123,1,-1,-1,-1
535,208,399,463,40,84,1,-1,-1,-1
535,205,184,472,43,88,1,-1,-1,-1
535,203,1287,470,43,85,1,-1,-1,-1
535,202,1166,512,57,98,1,-1,-1,-1
535,200,307,722,105,42,1,-1,-1,-1
535,197,223,676,65,148,1,-1,-1,-1
535,195,1250,593,47,114,1,-1,-1,-1
535,191,733,555,50,104,1,-1,-1,-1
535,190,903,655,53,129,1,-1,-1,-1
535,177,1653,445,30,81,1,-1,-1,-1
535,175,896,510,37,86,1,-1,-1,-1
535,166,1531,508,40,104,1,-1,-1,-1
535,164,1295,574,49,110,1,-1,-1,-1
535,162,1086,708,64,141,1,-1,-1,-1
535,150,1768,584,55,118,1,-1,-1,-1
535,57,1588,542,46,117,1,-1,-1,-1
536,211,1797,665,55,131,1,-1,-1,-1
536,209,1277,631,53,122,1,-1,-1,-1
536,208,398,464,42,84,1,-1,-1,-1
536,205,184,472,45,88,1,-1,-1,-1
536,203,1285,470,42,85,1,-1,-1,-1
536,202,1162,512,57,98,1,-1,-1,-1
536,200,310,722,105,41,1,-1,-1,-1
536,197,218,676,61,148,1,-1,-1,-1
536,195,1246,593,48,114,1,-1,-1,-1
536,191,730,555,51,104,1,-1,-1,-1
536,190,895,657,51,130,1,-1,-1,-1
536,177,1653,446,29,81,1,-1,-1,-1
536,175,893,510,35,86,1,-1,-1,-1
536,166,1532,509,37,104,1,-1,-1,-1
536,164,1294,575,49,110,1,-1,-1,-1
536,162,1082,710,63,142,1,-1,-1,-1
536,150,1769,585,53,117,1,-1,-1,-1
536,57,1588,544,46,116,1,-1,-1,-1
537,211,1797,665,55,132,1,-1,-1,-1
537,209,1275,633,53,120,1,-1,-1,-1
537,208,397,464,43,83,1,-1,-1,-1
537,205,185,472,46,88,1,-1,-1,-1
537,203,1283,471,41,84,1,-1,-1,-1
537,202,1158,513,57,98,1,-1,-1,-1
537,200,313,721,105,41,1,-1,-1,-1
537,197,213,676,58,148,1,-1,-1,-1
537,195,1243,593,50,114,1,-1,-1,-1
537,191,726,555,51,104,1,-1,-1,-1
537,190,887,658,48,130,1,-1,-1,-1
537,177,1653,446,28,81,1,-1,-1,-1
537,175,891,511,34,85,1,-1,-1,-1
537,166,1534,509,35,104,1,-1,-1,-1
537,164,1294,576,49,110,1,-1,-1,-1
537,162,1078,712,61,143,1,-1,-1,-1
537,150,1770,586,52,116,1,-1,-1,-1
537,57,1587,545,47,115,1,-1,-1,-1
538,211,1796,665,55,133,1,-1,-1,-1
538,209,1272,635,52,119,1,-1,-1,-1
538,208,396,464,45,83,1,-1,-1,-1
538,205,185,471,48,89,1,-1,-1,-1
538,203,1280,471,40,84,1,-1,-1,-1
538,202,1151,513,56,98,1,-1,-1,-1
538,200,317,721,106,40,1,-1,-1,-1
538,197,206,677,52,148,1,-1,-1,-1
538,195,1239,593,52,114,1,-1,-1,-1
538,191,720,555,52,104,1,-1,-1,-1
538,190,876,660,44,131,1,-1,-1,-1
538,177,1653,447,27,81,1,-1,-1,-1
538,175,887,512,32,85,1,-1,-1,-1
538,166,1536,509,31,104,1,-1,-1,-1
538,164,1293,578,48,110,1,-1,-1,-1
538,162,1072,715,59,144,1,-1,-1,-1
538,150,1772,587,50,114,1,-1,-1,-1
538,57,1587,547,48,114,1,-1,-1,-1
539,211,1798,665,55,134,1,-1,-1,-1
539,209,1272,636,52,119,1,-1,-1,-1
539,208,398,464,44,83,1,-1,-1,-1
539,205,186,471,47,89,1,-1,-1,-1
539,203,1281,471,40,84,1,-1,-1,-1
539,202,1151,513,57,98,1,-1,-1,-1
539,200,321,720,104,40,1,-1,-1,-1
539,197,202,677,55,148,1,-1,-1,-1
539,195,1240,593,51,114,1,-1,-1,-1
539,191,719,555,52,104,1,-1,-1,-1
539,190,874,661,44,130,1,-1,-1,-1
539,177,1653,446,29,81,1,-1,-1,-1
539,175,886,512,33,86,1,-1,-1,-1
539,166,1536,509,33,103,1,-1,-1,-1
539,164,1294,578,48,111,1,-1,-1,-1
539,162,1069,715,61,145,1,-1,-1,-1
539,150,1773,587,50,114,1,-1,-1,-1
539,57,1588,547,48,114,1,-1,-1,-1
540,211,1802,665,54,134,1,-1,-1,-1
540,209,1271,636,51,119,1,-1,-1,-1
540,208,402,463,42,83,1,-1,-1,-1
540,205,189,469,46,89,1,-1,-1,-1
540,203,1282,470,40,85,1,-1,-1,-1
540,202,1149,513,59,98,1,-1,-1,-1
540,200,328,719,102,40,1,-1,-1,-1
540,197,194,676,58,148,1,-1,-1,-1
540,195,1241,592,49,113,1,-1,-1,-1
540,191,718,556,54,103,1,-1,-1,-1
540,190,869,661,46,129,1,-1,-1,-1
540,177,1652,445,31,81,1,-1,-1,-1
540,175,883,511,37,86,1,-1,-1,-1
540,166,1537,509,36,103,1,-1,-1,-1
540,164,1296,578,47,111,1,-1,-1,-1
540,162,1065,715,65,146,1,-1,-1,-1
540,150,1776,586,51,114,1,-1,-1,-1
540,57,1591,546,48,114,1,-1,-1,-1
541,211,1806,664,54,134,1,-1,-1,-1
541,209,1270,637,51,119,1,-1,-1,-1
541,208,405,462,39,83,1,-1,-1,-1
541,205,191,468,44,89,1,-1,-1,-1
541,203,1283,469,41,85,1,-1,-1,-1
541,202,1148,513,61,99,1,-1,-1,-1
541,200,336,718,100,41,1,-1,-1,-1
541,197,186,675,62,148,1,-1,-1,-1
541,195,1242,591,47,112,1,-1,-1,-1
541,191,717,556,56,103,1,-1,-1,-1
541,190,865,662,47,128,1,-1,-1,-1
541,177,1652,444,34,81,1,-1,-1,-1
541,175,880,511,40,86,1,-1,-1,-1
541,166,1538,508,40,103,1,-1,-1,-1
541,164,1298,578,47,112,1,-1,-1,-1
541,162,1061,715,68,147,1,-1,-1,-1
541,150,1779,585,52,114,1,-1,-1,-1
541,57,1594,546,49,114,1,-1,-1,-1
542,211,1810,664,53,134,1,-1,-1,-1
542,209,1270,637,50,119,1,-1,-1,-1
542,208,409,461,37,83,1,-1,-1,-1
542,205,193,467,43,89,1,-1,-1,-1
542,203,1284,468,41,86,1,-1,-1,-1
542,202,1147,512,63,99,1,-1,-1,-1
542,200,344,717,98,41,1,-1,-1,-1
542,197,178,674,66,148,1,-1,-1,-1
542,195,1243,591,46,111,1,-1,-1,-1
542,191,716,557,57,102,1,-1,-1,-1
542,190,861,663,49,127,1,-1,-1,-1
542,177,1652,443,37,81,1,-1,-1,-1
542,175,878,510,43,86,1,-1,-1,-1
542,166,1539,508,43,103,1,-1,-1,-1
542,164,1300,577,46,112,1,-1,-1,-1
542,162,1058,715,71,148,1,-1,-1,-1
542,150,1781,584,53,114,1,-1,-1,-1
542,57,1596,545,50,114,1,-1,-1,-1
543,211,1814,664,53,135,1,-1,-1,-1
543,209,1269,638,49,119,1,-1,-1,-1
543,208,413,460,34,83,1,-1,-1,-1
543,205,196,466,41,89,1,-1,-1,-1
543,203,1285,468,41,86,1,-1,-1,-1
543,202,1145,512,64,99,1,-1,-1,-1
543,200,351,716,96,42,1,-1,-1,-1
543,197,170,673,70,148,1,-1,-1,-1
543,195,1245,590,44,109,1,-1,-1,-1
543,191,715,557,59,101,1,-1,-1,-1
543,190,856,664,50,126,1,-1,-1,-1
543,177,1652,442,40,81,1,-1,-1,-1
543,175,875,509,47,86,1,-1,-1,-1
543,166,1540,508,47,102,1,-1,-1,-1
543,164,1303,577,46,113,1,-1,-1,-1
543,162,1054,715,75,149,1,-1,-1,-1
543,150,1784,583,53,115,1,-1,-1,-1
543,57,1599,544,50,115,1,-1,-1,-1
544,211,1820,663,52,135,1,-1,-1,-1
544,209,1268,639,48,119,1,-1,-1,-1
544,208,419,458,30,82,1,-1,-1,-1
544,205,200,463,39,89,1,-1,-1,-1
544,203,1287,466,42,88,1,-1,-1,-1
544,202,1143,512,67,99,1,-1,-1,-1
544,200,364,714,93,43,1,-1,-1,-1
544,197,157,672,76,147,1,-1,-1,-1
544,195,1247,588,41,108,1,-1,-1,-1
544,191,713,558,62,100,1,-1,-1,-1
544,190,849,666,53,124,1,-1,-1,-1
544,177,1651,440,45,81,1,-1,-1,-1
544,175,871,508,52,87,1,-1,-1,-1
544,166,1541,507,52,102,1,-1,-1,-1
544,164,1306,577,45,114,1,-1,-1,-1
544,162,1047,715,80,151,1,-1,-1,-1
544,150,1789,582,55,115,1,-1,-1,-1
544,57,1604,543,51,115,1,-1,-1,-1
545,211,1821,663,52,135,1,-1,-1,-1
545,209,1268,638,49,119,1,-1,-1,-1
545,208,420,458,31,82,1,-1,-1,-1
545,205,202,463,39,89,1,-1,-1,-1
545,203,1288,466,42,88,1,-1,-1,-1
545,202,1144,511,67,99,1,-1,-1,-1
545,200,368,714,92,43,1,-1,-1,-1
545,197,156,671,77,147,1,-1,-1,-1
545,195,1247,588,41,107,1,-1,-1,-1
545,191,714,557,61,101,1,-1,-1,-1
545,190,850,665,53,125,1,-1,-1,-1
545,177,1652,440,44,81,1,-1,-1,-1
545,175,871,508,51,87,1,-1,-1,-1
545,166,1543,507,51,102,1,-1,-1,-1
545,164,1308,577,45,114,1,-1,-1,-1
545,162,1047,715,79,151,1,-1,-1,-1
545,150,1789,582,55,115,1,-1,-1,-1
545,57,1605,543,52,115,1,-1,-1,-1
546,211,1825,664,53,134,1,-1,-1,-1
546,209,1266,636,53,120,1,-1,-1,-1
546,208,425,457,33,82,1,-1,-1,-1
546,205,209,463,39,88,1,-1,-1,-1
546,203,1290,465,42,88,1,-1,-1,-1
546,202,1146,511,66,100,1,-1,-1,-1
546,200,379,713,89,43,1,-1,-1,-1
546,197,151,670,81,147,1,-1,-1,-1
546,195,1249,588,39,106,1,-1,-1,-1
546,191,719,556,60,102,1,-1,-1,-1
546,190,852,661,52,128,1,-1,-1,-1
546,177,1656,440,42,82,1,-1,-1,-1
546,175,873,508,49,87,1,-1,-1,-1
546,166,1549,507,48,102,1,-1,-1,-1
546,164,1312,577,45,114,1,-1,-1,-1
546,162,1049,715,74,151,1,-1,-1,-1
546,150,1790,582,54,115,1,-1,-1,-1
546,57,1608,543,55,115,1,-1,-1,-1
547,211,1828,664,54,134,1,-1,-1,-1
547,209,1265,634,56,122,1,-1,-1,-1
547,208,430,457,36,82,1,-1,-1,-1
547,205,216,463,40,88,1,-1,-1,-1
547,203,1292,465,41,88,1,-1,-1,-1
547,202,1149,510,65,100,1,-1,-1,-1
547,200,390,711,86,43,1,-1,-1,-1
547,197,147,669,85,147,1,-1,-1,-1
547,195,1251,588,37,105,1,-1,-1,-1
547,191,724,554,58,104,1,-1,-1,-1
547,190,854,657,52,130,1,-1,-1,-1
547,177,1659,440,40,82,1,-1,-1,-1
547,175,876,508,47,87,1,-1,-1,-1
547,166,1554,506,45,102,1,-1,-1,-1
547,164,1317,576,45,114,1,-1,-1,-1
547,162,1050,716,69,151,1,-1,-1,-1
547,150,1791,582,54,115,1,-1,-1,-1
547,57,1610,543,58,115,1,-1,-1,-1
548,211,1831,664,56,133,1,-1,-1,-1
548,209,1264,632,60,123,1,-1,-1,-1
548,208,434,456,38,82,1,-1,-1,-1
548,205,224,462,40,87,1,-1,-1,-1
548,203,1294,464,41,88,1,-1,-1,-1
548,202,1151,509,63,100,1,-1,-1,-1
548,200,401,710,83,43,1,-1,-1,-1
548,197,142,669,89,147,1,-1,-1,-1
548,195,1252,588,35,104,1,-1,-1,-1
548,191,729,553,57,105,1,-1,-1,-1
548,190,856,653,51,133,1,-1,-1,-1
548,177,1663,440,38,82,1,-1,-1,-1
548,175,878,507,44,88,1,-1,-1,-1
548,166,1560,506,42,102,1,-1,-1,-1
548,164,1322,576,45,115,1,-1,-1,-1
548,162,1052,717,65,151,1,-1,-1,-1
548,150,1792,582,53,115,1,-1,-1,-1
548,57,1613,543,61,116,1,-1,-1,-1
549,211,1834,664,57,132,1,-1,-1,-1
549,209,1262,631,63,125,1,-1,-1,-1
549,208,439,456,41,82,1,-1,-1,-1
549,205,231,462,41,87,1,-1,-1,-1
549,203,1297,463,41,88,1,-1,-1,-1
549,202,1153,508,62,100,1,-1,-1,-1
549,200,412,709,80,43,1,-1,-1,-1
549,197,138,668,92,147,1,-1,-1,-1
549,195,1254,588,34,103,1,-1,-1,-1
549,191,734,552,56,106,1,-1,-1,-1
549,190,858,650,51,136,1,-1,-1,-1
549,177,1666,440,35,82,1,-1,-1,-1
549,175,880,507,42,88,1,-1,-1,-1
549,166,1566,505,38,102,1,-1,-1,-1
549,164,1326,575,45,115,1,-1,-1,-1
549,162,1054,717,60,151,1,-1,-1,-1
549,150,1793,582,53,115,1,-1,-1,-1
549,57,1616,543,64,116,1,-1,-1,-1
550,211,1841,664,60,131,1,-1,-1,-1
550,209,1260,627,70,127,1,-1,-1,-1
550,208,447,455,45,82,1,-1,-1,-1
550,205,245,461,42,86,1,-1,-1,-1
550,203,1301,462,41,88,1,-1,-1,-1
550,202,1158,507,60,101,1,-1,-1,-1
550,200,433,706,75,43,1,-1,-1,-1
550,197,129,666,100,147,1,-1,-1,-1
550,195,1258,588,30,101,1,-1,-1,-1
550,191,743,549,53,109,1,-1,-1,-1
550,190,862,642,50,141,1,-1,-1,-1
550,177,1673,440,31,83,1,-1,-1,-1
550,175,884,507,37,88,1,-1,-1,-1
550,166,1577,504,32,103,1,-1,-1,-1
550,164,1335,574,45,116,1,-1,-1,-1
550,162,1057,718,51,151,1,-1,-1,-1
550,150,1795,583,52,116,1,-1,-1,-1
550,57,1622,542,69,116,1,-1,-1,-1
551,211,1841,664,60,131,1,-1,-1,-1
551,209,1260,627,70,127,1,-1,-1,-1
551,208,448,455,45,82,1,-1,-1,-1
551,205,245,461,41,86,1,-1,-1,-1
551,203,1301,462,41,88,1,-1,-1,-1
551,202,1158,507,60,101,1,-1,-1,-1
551,200,434,706,75,43,1,-1,-1,-1
551,197,129,666,100,147,1,-1,-1,-1
551,195,1258,588,31,101,1,-1,-1,-1
551,191,743,549,53,109,1,-1,-1,-1
551,190,862,642,50,141,1,-1,-1,-1
551,177,1673,440,31,83,1,-1,-1,-1
551,175,884,507,37,88,1,-1,-1,-1
551,166,1577,504,32,103,1,-1,-1,-1
551,164,1335,574,45,116,1,-1,-1,-1
551,162,1056,719,51,151,1,-1,-1,-1
551,150,1795,583,52,116,1,-1,-1,-1
551,57,1622,542,69,116,1,-1,-1,-1
552,211,1841,664,60,131,1,-1,-1,-1
552,209,1256,626,69,128,1,-1,-1,-1
552,208,452,455,44,82,1,-1,-1,-1
552,205,252,461,39,85,1,-1,-1,-1
552,203,1301,462,40,88,1,-1,-1,-1
552,202,1157,507,58,100,1,-1,-1,-1
552,200,442,704,74,43,1,-1,-1,-1
552,197,124,665,97,146,1,-1,-1,-1
552,195,1256,588,35,102,1,-1,-1,-1
552,191,744,548,52,108,1,-1,-1,-1
552,190,866,638,50,139,1,-1,-1,-1
552,177,1673,440,31,82,1,-1,-1,-1
552,175,884,507,37,88,1,-1,-1,-1
552,166,1577,504,34,103,1,-1,-1,-1
552,164,1336,575,46,115,1,-1,-1,-1
552,162,1053,720,52,151,1,-1,-1,-1
552,150,1794,583,51,116,1,-1,-1,-1
552,57,1624,542,66,116,1,-1,-1,-1
553,211,1842,664,60,131,1,-1,-1,-1
553,209,1251,626,67,128,1,-1,-1,-1
553,208,457,454,42,81,1,-1,-1,-1
553,205,259,460,37,85,1,-1,-1,-1
553,203,1301,462,40,88,1,-1,-1,-1
553,202,1155,507,56,100,1,-1,-1,-1
553,200,450,702,74,44,1,-1,-1,-1
553,197,119,664,95,146,1,-1,-1,-1
553,195,1254,588,38,104,1,-1,-1,-1
553,191,745,547,51,108,1,-1,-1,-1
553,190,870,635,49,137,1,-1,-1,-1
553,177,1673,441,30,82,1,-1,-1,-1
553,175,885,507,36,88,1,-1,-1,-1
553,166,1577,504,36,102,1,-1,-1,-1
553,164,1336,575,47,114,1,-1,-1,-1
553,162,1050,720,53,151,1,-1,-1,-1
553,150,1793,583,51,116,1,-1,-1,-1
553,57,1626,542,63,116,1,-1,-1,-1
554,211,1842,664,61,131,1,-1,-1,-1
554,209,1247,626,66,128,1,-1,-1,-1
554,208,461,454,40,81,1,-1,-1,-1
554,205,266,460,35,84,1,-1,-1,-1
554,203,1301,462,39,88,1,-1,-1,-1
554,202,1154,507,54,100,1,-1,-1,-1
554,200,458,701,74,44,1,-1,-1,-1
554,197,114,663,93,146,1,-1,-1,-1
554,195,1253,588,42,105,1,-1,-1,-1
554,191,745,547,49,107,1,-1,-1,-1
554,190,873,631,49,135,1,-1,-1,-1
554,177,1673,441,30,82,1,-1,-1,-1
554,175,885,508,36,88,1,-1,-1,-1
554,166,1577,504,38,102,1,-1,-1,-1
554,164,1336,575,49,114,1,-1,-1,-1
554,162,1047,721,53,151,1,-1,-1,-1
554,150,1792,583,50,116,1,-1,-1,-1
554,57,1628,542,60,116,1,-1,-1,-1
555,211,1843,664,61,130,1,-1,-1,-1
555,209,1243,626,65,128,1,-1,-1,-1
555,208,466,453,38,81,1,-1,-1,-1
555,205,273,459,32,84,1,-1,-1,-1
555,203,1301,462,39,88,1,-1,-1,-1
555,202,1153,507,52,100,1,-1,-1,-1
555,200,465,699,73,44,1,-1,-1,-1
555,197,109,662,91,146,1,-1,-1,-1
555,195,1251,588,46,106,1,-1,-1,-1
555,191,746,546,48,106,1,-1,-1,-1
555,190,877,627,48,133,1,-1,-1,-1
555,177,1673,441,29,82,1,-1,-1,-1
555,175,886,508,35,88,1,-1,-1,-1
555,166,1578,503,41,102,1,-1,-1,-1
555,164,1337,576,50,113,1,-1,-1,-1
555,162,1044,722,54,151,1,-1,-1,-1
555,150,1791,583,50,116,1,-1,-1,-1
555,57,1631,542,57,116,1,-1,-1,-1
556,211,1844,664,62,130,1,-1,-1,-1
556,209,1239,625,63,129,1,-1,-1,-1
556,208,470,453,37,81,1,-1,-1,-1
556,205,280,459,30,84,1,-1,-1,-1
556,203,1301,462,38,88,1,-1,-1,-1
556,202,1151,507,50,99,1,-1,-1,-1
556,200,473,697,73,45,1,-1,-1,-1
556,197,104,660,89,145,1,-1,-1,-1
556,195,1250,589,50,108,1,-1,-1,-1
556,191,747,545,47,106,1,-1,-1,-1
556,190,881,623,48,131,1,-1,-1,-1
556,177,1673,442,29,81,1,-1,-1,-1
556,175,886,508,34,89,1,-1,-1,-1
556,166,1578,503,43,102,1,-1,-1,-1
556,164,1337,576,51,112,1,-1,-1,-1
556,162,1041,723,55,151,1,-1,-1,-1
556,150,1790,583,49,116,1,-1,-1,-1
556,57,1633,542,54,116,1,-1,-1,-1
557,211,1844,664,62,130,1,-1,-1,-1
557,209,1234,625,62,129,1,-1,-1,-1
557,208,476,452,35,81,1,-1,-1,-1
557,205,288,458,27,83,1,-1,-1,-1
557,203,1301,463,38,88,1,-1,-1,-1
557,202,1150,508,47,99,1,-1,-1,-1
557,200,483,694,73,45,1,-1,-1,-1
557,197,99,659,86,145,1,-1,-1,-1
557,195,1248,589,55,109,1,-1,-1,-1
557,191,748,545,46,105,1,-1,-1,-1
557,190,886,619,47,129,1,-1,-1,-1
557,177,1673,442,28,81,1,-1,-1,-1
557,175,886,509,34,89,1,-1,-1,-1
557,166,1578,503,45,102,1,-1,-1,-1
557,164,1338,577,52,111,1,-1,-1,-1
557,162,1037,725,56,151,1,-1,-1,-1
557,150,1789,583,49,117,1,-1,-1,-1
557,57,1635,542,50,116,1,-1,-1,-1
558,211,1840,664,64,130,1,-1,-1,-1
558,209,1227,625,62,128,1,-1,-1,-1
558,208,474,452,36,81,1,-1,-1,-1
558,205,287,458,29,83,1,-1,-1,-1
558,203,1298,462,38,87,1,-1,-1,-1
558,202,1147,508,46,99,1,-1,-1,-1
558,200,483,693,72,45,1,-1,-1,-1
558,197,91,659,84,145,1,-1,-1,-1
558,195,1244,589,53,110,1,-1,-1,-1
558,191,744,545,48,104,1,-1,-1,-1
558,190,881,616,50,132,1,-1,-1,-1
558,177,1667,442,30,81,1,-1,-1,-1
558,175,882,509,35,89,1,-1,-1,-1
558,166,1574,503,45,102,1,-1,-1,-1
558,164,1335,577,54,111,1,-1,-1,-1
558,162,1032,724,57,151,1,-1,-1,-1
558,150,1782,583,50,115,1,-1,-1,-1
558,57,1630,541,51,116,1,-1,-1,-1
559,211,1835,663,65,130,1,-1,-1,-1
559,209,1217,624,62,127,1,-1,-1,-1
559,208,472,452,37,81,1,-1,-1,-1
559,205,286,457,32,83,1,-1,-1,-1
559,203,1293,462,38,86,1,-1,-1,-1
559,202,1142,507,44,99,1,-1,-1,-1
559,200,484,691,72,45,1,-1,-1,-1
559,197,83,659,82,145,1,-1,-1,-1
559,195,1239,588,52,110,1,-1,-1,-1
559,191,740,545,51,103,1,-1,-1,-1
559,190,876,614,53,135,1,-1,-1,-1
559,177,1659,441,31,81,1,-1,-1,-1
559,175,875,509,37,89,1,-1,-1,-1
559,166,1570,502,44,102,1,-1,-1,-1
559,164,1332,578,56,110,1,-1,-1,-1
559,162,1025,723,58,152,1,-1,-1,-1
559,150,1774,584,51,114,1,-1,-1,-1
559,57,1624,541,52,115,1,-1,-1,-1
560,211,1829,663,67,130,1,-1,-1,-1
560,209,1208,624,61,126,1,-1,-1,-1
560,208,470,451,38,80,1,-1,-1,-1
560,205,285,456,34,83,1,-1,-1,-1
560,203,1289,462,38,86,1,-1,-1,-1
560,202,1138,507,42,98,1,-1,-1,-1
560,200,485,689,72,44,1,-1,-1,-1
560,197,74,658,79,145,1,-1,-1,-1
560,195,1234,588,50,111,1,-1,-1,-1
560,191,735,545,54,103,1,-1,-1,-1
560,190,870,611,57,139,1,-1,-1,-1
560,177,1652,441,33,80,1,-1,-1,-1
560,175,869,508,39,90,1,-1,-1,-1
560,166,1565,501,43,102,1,-1,-1,-1
560,164,1329,579,58,109,1,-1,-1,-1
560,162,1019,722,58,152,1,-1,-1,-1
560,150,1765,584,52,112,1,-1,-1,-1
560,57,1618,540,53,115,1,-1,-1,-1
561,211,1824,662,69,131,1,-1,-1,-1
561,209,1199,623,61,125,1,-1,-1,-1
561,208,469,450,39,80,1,-1,-1,-1
561,205,285,455,37,82,1,-1,-1,-1
561,203,1284,461,38,85,1,-1,-1,-1
561,202,1134,507,40,98,1,-1,-1,-1
561,200,486,687,72,44,1,-1,-1,-1
561,197,65,658,77,145,1,-1,-1,-1
561,195,1229,588,48,111,1,-1,-1,-1
561,191,731,545,57,102,1,-1,-1,-1
561,190,865,608,61,142,1,-1,-1,-1
561,177,1644,440,35,80,1,-1,-1,-1
561,175,863,508,40,90,1,-1,-1,-1
561,166,1561,500,43,102,1,-1,-1,-1
561,164,1326,580,61,109,1,-1,-1,-1
561,162,1012,721,59,152,1,-1,-1,-1
561,150,1757,585,54,110,1,-1,-1,-1
561,57,1612,539,55,115,1,-1,-1,-1
562,211,1818,662,71,131,1,-1,-1,-1
562,209,1189,623,61,124,1,-1,-1,-1
562,208,467,450,40,80,1,-1,-1,-1
562,205,284,454,39,82,1,-1,-1,-1
562,203,1280,461,38,85,1,-1,-1,-1
562,202,1130,507,38,98,1,-1,-1,-1
562,200,487,685,72,44,1,-1,-1,-1
562,197,56,658,75,145,1,-1,-1,-1
562,195,1225,587,46,112,1,-1,-1,-1
562,191,727,545,60,101,1,-1,-1,-1
562,190,860,606,64,146,1,-1,-1,-1
562,177,1637,440,37,80,1,-1,-1,-1
562,175,857,508,42,90,1,-1,-1,-1
562,166,1556,499,42,102,1,-1,-1,-1
562,164,1323,581,63,108,1,-1,-1,-1
562,162,1005,720,60,153,1,-1,-1,-1
562,150,1748,585,55,109,1,-1,-1,-1
562,57,1606,539,56,114,1,-1,-1,-1
563,211,1810,661,74,131,1,-1,-1,-1
563,209,1176,622,61,123,1,-1,-1,-1
563,208,464,449,42,80,1,-1,-1,-1
563,205,282,453,43,82,1,-1,-1,-1
563,203,1273,460,39,84,1,-1,-1,-1
563,202,1124,507,35,97,1,-1,-1,-1
563,200,488,683,72,43,1,-1,-1,-1
563,197,43,657,71,145,1,-1,-1,-1
563,195,1217,587,43,112,1,-1,-1,-1
563,191,720,545,64,100,1,-1,-1,-1
563,190,852,602,69,150,1,-1,-1,-1
563,177,1626,439,39,80,1,-1,-1,-1
563,175,848,508,45,91,1,-1,-1,-1
563,166,1550,498,41,102,1,-1,-1,-1
563,164,1319,582,66,107,1,-1,-1,-1
563,162,996,719,61,153,1,-1,-1,-1
563,150,1736,586,57,106,1,-1,-1,-1
563,57,1597,538,57,114,1,-1,-1,-1
564,211,1808,660,71,131,1,-1,-1,-1
564,209,1172,622,60,122,1,-1,-1,-1
564,208,463,449,41,80,1,-1,-1,-1
564,205,282,453,42,82,1,-1,-1,-1
564,203,1269,460,38,84,1,-1,-1,-1
564,202,1119,507,37,97,1,-1,-1,-1
564,200,488,682,72,44,1,-1,-1,-1
564,197,40,657,70,145,1,-1,-1,-1
564,195,1214,587,43,112,1,-1,-1,-1
564,191,719,545,63,100,1,-1,-1,-1
564,190,863,628,53,122,1,-1,-1,-1
564,177,1622,439,38,79,1,-1,-1,-1
564,175,845,508,44,91,1,-1,-1,-1
564,166,1546,498,42,102,1,-1,-1,-1
564,164,1316,582,66,106,1,-1,-1,-1
564,162,990,719,63,153,1,-1,-1,-1
564,150,1732,586,57,106,1,-1,-1,-1
564,57,1593,538,57,113,1,-1,-1,-1
565,211,1804,658,66,131,1,-1,-1,-1
565,209,1165,621,59,121,1,-1,-1,-1
565,208,460,449,38,80,1,-1,-1,-1
565,205,280,453,41,82,1,-1,-1,-1
565,203,1263,459,38,83,1,-1,-1,-1
565,202,1108,506,42,97,1,-1,-1,-1
565,200,487,681,71,44,1,-1,-1,-1
565,197,33,656,67,144,1,-1,-1,-1
565,195,1209,588,44,111,1,-1,-1,-1
565,191,716,544,60,100,1,-1,-1,-1
565,190,859,627,54,122,1,-1,-1,-1
565,177,1614,439,37,79,1,-1,-1,-1
565,175,841,508,42,91,1,-1,-1,-1
565,166,1538,498,43,101,1,-1,-1,-1
565,164,1309,583,67,105,1,-1,-1,-1
565,162,978,718,65,152,1,-1,-1,-1
565,150,1726,587,56,105,1,-1,-1,-1
565,57,1586,537,55,112,1,-1,-1,-1
566,211,1800,657,61,130,1,-1,-1,-1
566,209,1158,621,57,119,1,-1,-1,-1
566,208,458,448,36,79,1,-1,-1,-1
566,205,278,452,40,81,1,-1,-1,-1
566,203,1256,459,37,83,1,-1,-1,-1
566,202,1098,505,46,97,1,-1,-1,-1
566,200,487,680,71,44,1,-1,-1,-1
566,197,26,655,64,144,1,-1,-1,-1
566,195,1203,588,45,110,1,-1,-1,-1
566,191,712,543,57,100,1,-1,-1,-1
566,190,852,626,54,121,1,-1,-1,-1
566,177,1606,438,35,79,1,-1,-1,-1
566,175,837,508,41,91,1,-1,-1,-1
566,166,1530,498,45,100,1,-1,-1,-1
566,164,1303,585,68,103,1,-1,-1,-1
566,162,967,718,67,151,1,-1,-1,-1
566,150,1720,587,56,104,1,-1,-1,-1
566,57,1580,537,53,111,1,-1,-1,-1
567,211,1795,655,56,130,1,-1,-1,-1
567,209,1150,621,56,118,1,-1,-1,-1
567,208,456,448,33,79,1,-1,-1,-1
567,205,277,452,38,81,1,-1,-1,-1
567,203,1250,458,37,83,1,-1,-1,-1
567,202,1087,505,50,96,1,-1,-1,-1
567,200,487,678,70,44,1,-1,-1,-1
567,197,19,654,62,143,1,-1,-1,-1
567,195,1197,589,45,109,1,-1,-1,-1
567,191,709,543,54,100,1,-1,-1,-1
567,190,846,624,55,121,1,-1,-1,-1
567,177,1598,438,33,79,1,-1,-1,-1
567,175,833,508,40,90,1,-1,-1,-1
567,166,1522,498,46,99,1,-1,-1,-1
567,164,1297,586,69,102,1,-1,-1,-1
567,162,956,717,69,150,1,-1,-1,-1
567,150,1714,587,55,104,1,-1,-1,-1
567,57,1573,537,52,110,1,-1,-1,-1
568,211,1791,653,51,130,1,-1,-1,-1
568,209,1143,620,54,117,1,-1,-1,-1
568,208,454,448,31,79,1,-1,-1,-1
568,205,275,452,37,81,1,-1,-1,-1
568,203,1243,458,36,83,1,-1,-1,-1
568,202,1077,504,54,96,1,-1,-1,-1
568,200,486,677,70,44,1,-1,-1,-1
568,197,13,653,59,142,1,-1,-1,-1
568,195,1192,589,46,109,1,-1,-1,-1
568,191,706,542,51,100,1,-1,-1,-1
568,190,840,622,56,121,1,-1,-1,-1
568,177,1590,438,32,79,1,-1,-1,-1
568,175,829,508,38,90,1,-1,-1,-1
568,166,1514,498,47,98,1,-1,-1,-1
568,164,1291,587,70,101,1,-1,-1,-1
568,162,945,717,72,150,1,-1,-1,-1
568,150,1708,588,55,103,1,-1,-1,-1
568,57,1566,537,50,109,1,-1,-1,-1
569,211,1784,651,43,130,1,-1,-1,-1
569,209,1131,619,52,115,1,-1,-1,-1
569,208,450,447,27,79,1,-1,-1,-1
569,205,273,451,35,81,1,-1,-1,-1
569,203,1232,457,35,83,1,-1,-1,-1
569,202,1059,503,61,96,1,-1,-1,-1
569,200,486,675,69,44,1,-1,-1,-1
569,197,1,651,55,141,1,-1,-1,-1
569,195,1182,590,47,107,1,-1,-1,-1
569,191,701,541,46,101,1,-1,-1,-1
569,190,829,619,57,120,1,-1,-1,-1
569,177,1577,437,29,79,1,-1,-1,-1
569,175,822,508,36,90,1,-1,-1,-1
569,166,1501,498,50,96,1,-1,-1,-1
569,164,1280,589,71,98,1,-1,-1,-1
569,162,926,716,75,148,1,-1,-1,-1
569,150,1697,588,54,102,1,-1,-1,-1
569,57,1555,537,48,107,1,-1,-1,-1
570,211,1781,651,44,129,1,-1,-1,-1
570,209,1128,619,52,115,1,-1,-1,-1
570,208,448,447,28,78,1,-1,-1,-1
570,205,271,451,36,81,1,-1,-1,-1
570,203,1230,457,35,83,1,-1,-1,-1
570,202,1058,503,60,95,1,-1,-1,-1
570,200,485,675,69,44,1,-1,-1,-1
570,197,0,653,42,138,1,-1,-1,-1
570,195,1180,590,47,107,1,-1,-1,-1
570,191,700,541,46,100,1,-1,-1,-1
570,190,828,620,57,119,1,-1,-1,-1
570,177,1575,437,29,79,1,-1,-1,-1
570,175,820,508,36,90,1,-1,-1,-1
570,166,1499,498,50,96,1,-1,-1,-1
570,164,1280,588,72,98,1,-1,-1,-1
570,162,923,716,74,148,1,-1,-1,-1
570,150,1695,588,54,101,1,-1,-1,-1
570,57,1552,537,49,107,1,-1,-1,-1
571,211,1773,653,45,128,1,-1,-1,-1
571,209,1116,619,56,115,1,-1,-1,-1
571,208,442,448,31,78,1,-1,-1,-1
571,205,265,451,38,80,1,-1,-1,-1
571,203,1224,457,37,83,1,-1,-1,-1
571,202,1053,504,58,95,1,-1,-1,-1
571,200,483,675,69,44,1,-1,-1,-1
571,197,0,653,31,140,1,-1,-1,-1
571,195,1174,590,47,106,1,-1,-1,-1
571,191,695,542,46,100,1,-1,-1,-1
571,190,823,621,58,118,1,-1,-1,-1
571,177,1567,438,28,78,1,-1,-1,-1
571,175,814,509,36,89,1,-1,-1,-1
571,166,1494,498,49,96,1,-1,-1,-1
571,164,1280,587,75,98,1,-1,-1,-1
571,162,913,716,71,148,1,-1,-1,-1
571,150,1690,589,53,101,1,-1,-1,-1
571,57,1544,539,51,105,1,-1,-1,-1
572,211,1766,654,47,127,1,-1,-1,-1
572,209,1104,619,59,115,1,-1,-1,-1
572,208,436,448,34,77,1,-1,-1,-1
572,205,260,451,41,80,1,-1,-1,-1
572,203,1217,458,38,82,1,-1,-1,-1
572,202,1048,505,55,94,1,-1,-1,-1
572,200,481,675,69,44,1,-1,-1,-1
572,197,0,653,24,141,1,-1,-1,-1
572,195,1167,590,48,105,1,-1,-1,-1
572,191,690,543,45,100,1,-1,-1,-1
572,190,818,622,59,116,1,-1,-1,-1
572,177,1559,438,28,78,1,-1,-1,-1
572,175,808,510,36,89,1,-1,-1,-1
572,166,1490,498,49,96,1,-1,-1,-1
572,164,1280,587,78,98,1,-1,-1,-1
572,162,904,716,67,148,1,-1,-1,-1
572,150,1684,589,53,100,1,-1,-1,-1
572,57,1536,541,54,103,1,-1,-1,-1
573,211,1758,655,48,126,1,-1,-1,-1
573,209,1092,618,62,115,1,-1,-1,-1
573,208,430,449,37,76,1,-1,-1,-1
573,205,254,451,44,80,1,-1,-1,-1
573,203,1211,458,39,82,1,-1,-1,-1
573,202,1043,506,52,94,1,-1,-1,-1
573,200,479,674,69,44,1,-1,-1,-1
573,197,0,653,20,137,1,-1,-1,-1
573,195,1160,589,48,104,1,-1,-1,-1
573,191,685,544,45,100,1,-1,-1,-1
573,190,813,623,60,115,1,-1,-1,-1
573,177,1551,439,27,78,1,-1,-1,-1
573,175,802,511,36,88,1,-1,-1,-1
573,166,1485,498,48,95,1,-1,-1,-1
573,164,1280,586,80,98,1,-1,-1,-1
573,162,894,716,63,147,1,-1,-1,-1
573,150,1679,589,52,99,1,-1,-1,-1
573,57,1528,543,56,101,1,-1,-1,-1
574,211,1750,657,50,125,1,-1,-1,-1
574,209,1080,618,65,115,1,-1,-1,-1
574,208,424,450,40,76,1,-1,-1,-1
574,205,248,451,47,80,1,-1,-1,-1
574,203,1204,459,40,81,1,-1,-1,-1
574,202,1038,507,50,93,1,-1,-1,-1
574,200,477,674,69,44,1,-1,-1,-1
574,195,1154,589,49,104,1,-1,-1,-1
574,191,679,544,45,100,1,-1,-1,-1
574,190,808,624,61,113,1,-1,-1,-1
574,177,1544,439,26,78,1,-1,-1,-1
574,175,796,512,36,87,1,-1,-1,-1
574,166,1480,498,47,95,1,-1,-1,-1
574,164,1280,585,83,98,1,-1,-1,-1
574,162,884,716,60,147,1,-1,-1,-1
574,150,1673,590,52,98,1,-1,-1,-1
574,57,1520,544,59,99,1,-1,-1,-1
575,211,1735,660,53,122,1,-1,-1,-1
575,209,1057,618,71,115,1,-1,-1,-1
575,208,413,451,45,74,1,-1,-1,-1
575,205,237,451,52,80,1,-1,-1,-1
575,203,1191,460,43,80,1,-1,-1,-1
575,202,1028,508,45,92,1,-1,-1,-1
575,200,472,673,69,44,1,-1,-1,-1
575,195,1141,589,50,102,1,-1,-1,-1
575,191,670,546,44,99,1,-1,-1,-1
575,190,799,626,63,110,1,-1,-1,-1
575,177,1529,441,25,77,1,-1,-1,-1
575,175,784,515,36,86,1,-1,-1,-1
575,166,1471,498,46,94,1,-1,-1,-1
575,164,1280,583,89,99,1,-1,-1,-1
575,162,865,715,52,146,1,-1,-1,-1
575,150,1663,590,51,97,1,-1,-1,-1
575,57,1504,548,64,96,1,-1,-1,-1
576,211,1734,660,53,122,1,-1,-1,-1
576,209,1057,618,71,116,1,-1,-1,-1
576,208,412,451,45,74,1,-1,-1,-1
576,205,236,451,52,80,1,-1,-1,-1
576,203,1191,460,43,80,1,-1,-1,-1
576,202,1027,508,45,92,1,-1,-1,-1
576,200,472,673,69,44,1,-1,-1,-1
576,195,1141,589,50,102,1,-1,-1,-1
576,191,669,546,44,99,1,-1,-1,-1
576,190,798,625,63,110,1,-1,-1,-1
576,177,1528,441,25,77,1,-1,-1,-1
576,175,784,515,36,86,1,-1,-1,-1
576,166,1470,498,46,94,1,-1,-1,-1
576,164,1279,584,89,99,1,-1,-1,-1
576,162,865,715,52,146,1,-1,-1,-1
576,150,1663,590,51,97,1,-1,-1,-1
576,57,1504,548,63,96,1,-1,-1,-1
577,211,1730,661,52,121,1,-1,-1,-1
577,209,1048,616,67,117,1,-1,-1,-1
577,208,406,451,43,75,1,-1,-1,-1
577,205,231,452,50,80,1,-1,-1,-1
577,203,1185,460,41,81,1,-1,-1,-1
577,202,1020,508,45,93,1,-1,-1,-1
577,200,469,673,68,44,1,-1,-1,-1
577,195,1136,589,50,102,1,-1,-1,-1
577,191,662,546,44,99,1,-1,-1,-1
577,190,792,625,59,112,1,-1,-1,-1
577,177,1519,441,26,76,1,-1,-1,-1
577,175,776,515,37,87,1,-1,-1,-1
577,166,1465,499,47,94,1,-1,-1,-1
577,164,1277,585,84,100,1,-1,-1,-1
577,162,852,717,52,146,1,-1,-1,-1
577,150,1658,591,51,96,1,-1,-1,-1
577,57,1499,548,62,96,1,-1,-1,-1
578,211,1725,662,52,119,1,-1,-1,-1
578,209,1039,615,62,118,1,-1,-1,-1
578,208,400,451,41,75,1,-1,-1,-1
578,205,226,452,48,80,1,-1,-1,-1
578,203,1178,459,40,81,1,-1,-1,-1
578,202,1012,508,45,94,1,-1,-1,-1
578,200,465,674,67,44,1,-1,-1,-1
578,195,1131,588,50,102,1,-1,-1,-1
578,191,655,546,43,99,1,-1,-1,-1
578,190,786,624,56,113,1,-1,-1,-1
578,177,1509,442,28,75,1,-1,-1,-1
578,175,767,516,38,88,1,-1,-1,-1
578,166,1460,499,47,93,1,-1,-1,-1
578,164,1275,586,79,101,1,-1,-1,-1
578,162,839,718,52,145,1,-1,-1,-1
578,150,1653,591,51,96,1,-1,-1,-1
578,57,1495,548,61,96,1,-1,-1,-1
579,211,1721,663,52,118,1,-1,-1,-1
579,209,1030,613,58,119,1,-1,-1,-1
579,208,393,451,39,75,1,-1,-1,-1
579,205,221,452,46,79,1,-1,-1,-1
579,203,1172,459,39,81,1,-1,-1,-1
579,202,1004,507,45,95,1,-1,-1,-1
579,200,462,674,66,44,1,-1,-1,-1
579,195,1126,588,51,102,1,-1,-1,-1
579,191,648,546,42,99,1,-1,-1,-1
579,190,780,623,52,115,1,-1,-1,-1
579,177,1500,443,29,74,1,-1,-1,-1
579,175,759,516,38,89,1,-1,-1,-1
579,166,1454,500,47,92,1,-1,-1,-1
579,164,1273,587,74,103,1,-1,-1,-1
579,162,826,719,52,144,1,-1,-1,-1
579,150,1648,591,51,95,1,-1,-1,-1
579,57,1490,548,60,96,1,-1,-1,-1
580,211,1716,664,52,116,1,-1,-1,-1
580,209,1021,612,54,120,1,-1,-1,-1
580,208,387,451,37,76,1,-1,-1,-1
580,205,216,453,44,79,1,-1,-1,-1
580,203,1166,459,38,81,1,-1,-1,-1
580,202,996,507,45,96,1,-1,-1,-1
580,200,458,674,65,44,1,-1,-1,-1
580,195,1121,588,51,103,1,-1,-1,-1
580,191,641,546,42,99,1,-1,-1,-1
580,190,774,622,49,116,1,-1,-1,-1
580,177,1490,443,30,74,1,-1,-1,-1
580,175,751,517,39,89,1,-1,-1,-1
580,166,1449,500,48,92,1,-1,-1,-1
580,164,1271,588,69,104,1,-1,-1,-1
580,162,812,720,53,143,1,-1,-1,-1
580,150,1643,592,52,94,1,-1,-1,-1
580,57,1486,548,58,96,1,-1,-1,-1
581,211,1711,665,51,115,1,-1,-1,-1
581,209,1012,611,50,121,1,-1,-1,-1
581,208,381,451,35,76,1,-1,-1,-1
581,205,210,453,42,79,1,-1,-1,-1
581,203,1159,459,36,81,1,-1,-1,-1
581,202,988,506,45,97,1,-1,-1,-1
581,200,455,674,64,44,1,-1,-1,-1
581,195,1116,587,51,103,1,-1,-1,-1
581,191,634,546,41,99,1,-1,-1,-1
581,190,768,621,45,117,1,-1,-1,-1
581,177,1481,444,31,73,1,-1,-1,-1
581,175,743,518,40,90,1,-1,-1,-1
581,166,1443,501,48,91,1,-1,-1,-1
581,164,1269,589,64,106,1,-1,-1,-1
581,162,799,722,53,142,1,-1,-1,-1
581,150,1638,592,52,93,1,-1,-1,-1
581,57,1481,548,57,96,1,-1,-1,-1
582,225,1872,626,46,107,1,-1,-1,-1
582,211,1706,666,51,113,1,-1,-1,-1
582,209,1001,609,44,122,1,-1,-1,-1
582,208,373,451,33,76,1,-1,-1,-1
582,205,204,454,40,79,1,-1,-1,-1
582,203,1152,459,35,82,1,-1,-1,-1
582,202,979,506,45,99,1,-1,-1,-1
582,200,451,674,63,43,1,-1,-1,-1
582,195,1110,587,51,103,1,-1,-1,-1
582,191,625,546,41,99,1,-1,-1,-1
582,190,761,620,41,119,1,-1,-1,-1
582,177,1470,445,32,72,1,-1,-1,-1
582,175,733,519,41,91,1,-1,-1,-1
582,166,1437,501,49,90,1,-1,-1,-1
582,164,1266,590,58,107,1,-1,-1,-1
582,162,784,723,53,141,1,-1,-1,-1
582,150,1632,592,52,93,1,-1,-1,-1
582,57,1476,549,56,95,1,-1,-1,-1
583,225,1863,627,54,106,1,-1,-1,-1
583,211,1702,666,53,113,1,-1,-1,-1
583,209,992,610,48,121,1,-1,-1,-1
583,208,367,451,33,76,1,-1,-1,-1
583,205,199,454,40,79,1,-1,-1,-1
583,203,1147,459,36,81,1,-1,-1,-1
583,202,975,506,44,98,1,-1,-1,-1
583,200,448,675,63,43,1,-1,-1,-1
583,195,1107,587,51,103,1,-1,-1,-1
583,191,621,545,41,100,1,-1,-1,-1
583,190,757,621,41,119,1,-1,-1,-1
583,177,1463,445,32,72,1,-1,-1,-1
583,175,729,519,40,91,1,-1,-1,-1
583,166,1433,502,49,90,1,-1,-1,-1
583,164,1269,592,57,106,1,-1,-1,-1
583,162,775,723,54,142,1,-1,-1,-1
583,150,1629,593,52,93,1,-1,-1,-1
583,57,1471,550,58,96,1,-1,-1,-1
584,225,1856,625,52,110,1,-1,-1,-1
584,211,1697,665,55,113,1,-1,-1,-1
584,209,981,612,52,120,1,-1,-1,-1
584,208,360,451,34,77,1,-1,-1,-1
584,205,192,454,40,79,1,-1,-1,-1
584,203,1140,460,37,81,1,-1,-1,-1
584,202,971,507,43,97,1,-1,-1,-1
584,200,445,675,62,43,1,-1,-1,-1
584,195,1103,587,50,103,1,-1,-1,-1
584,191,616,545,41,100,1,-1,-1,-1
584,190,753,622,42,119,1,-1,-1,-1
584,177,1455,444,31,73,1,-1,-1,-1
584,175,725,519,39,92,1,-1,-1,-1
584,166,1428,503,49,89,1,-1,-1,-1
584,164,1273,594,55,105,1,-1,-1,-1
584,162,765,723,57,144,1,-1,-1,-1
584,150,1625,594,52,93,1,-1,-1,-1
584,57,1466,551,60,97,1,-1,-1,-1
585,225,1856,625,52,110,1,-1,-1,-1
585,211,1693,664,58,113,1,-1,-1,-1
585,209,969,614,57,119,1,-1,-1,-1
585,208,353,451,35,77,1,-1,-1,-1
585,205,184,455,40,79,1,-1,-1,-1
585,203,1134,460,38,80,1,-1,-1,-1
585,202,966,508,43,96,1,-1,-1,-1
585,200,441,675,61,43,1,-1,-1,-1
585,195,1099,587,50,103,1,-1,-1,-1
585,191,611,545,41,100,1,-1,-1,-1
585,190,748,623,42,118,1,-1,-1,-1
585,177,1448,443,31,74,1,-1,-1,-1
585,175,720,520,38,92,1,-1,-1,-1
585,166,1423,503,50,88,1,-1,-1,-1
585,164,1277,596,54,103,1,-1,-1,-1
585,162,754,723,59,145,1,-1,-1,-1
585,150,1622,595,51,93,1,-1,-1,-1
585,57,1461,553,63,98,1,-1,-1,-1
586,225,1844,625,50,108,1,-1,-1,-1
586,211,1688,664,60,113,1,-1,-1,-1
586,209,958,615,61,118,1,-1,-1,-1
586,208,346,452,36,77,1,-1,-1,-1
586,205,177,455,40,79,1,-1,-1,-1
586,203,1128,461,39,79,1,-1,-1,-1
586,202,962,509,42,95,1,-1,-1,-1
586,200,438,675,60,43,1,-1,-1,-1
586,195,1095,587,49,103,1,-1,-1,-1
586,191,606,545,41,100,1,-1,-1,-1
586,190,743,623,42,118,1,-1,-1,-1
586,177,1440,443,30,75,1,-1,-1,-1
586,175,716,521,37,93,1,-1,-1,-1
586,166,1419,504,50,88,1,-1,-1,-1
586,164,1280,598,52,102,1,-1,-1,-1
586,162,744,724,62,146,1,-1,-1,-1
586,150,1618,596,51,93,1,-1,-1,-1
586,57,1456,555,65,99,1,-1,-1,-1
587,225,1837,624,50,108,1,-1,-1,-1
587,211,1683,663,63,113,1,-1,-1,-1
587,209,946,617,66,117,1,-1,-1,-1
587,208,339,452,37,77,1,-1,-1,-1
587,205,170,455,40,79,1,-1,-1,-1
587,203,1121,462,40,79,1,-1,-1,-1
587,202,957,510,41,94,1,-1,-1,-1
587,200,435,676,59,43,1,-1,-1,-1
587,195,1092,586,48,103,1,-1,-1,-1
587,191,601,545,41,100,1,-1,-1,-1
587,190,739,624,43,118,1,-1,-1,-1
587,177,1432,442,30,76,1,-1,-1,-1
587,175,711,521,36,93,1,-1,-1,-1
587,166,1414,505,51,87,1,-1,-1,-1
587,164,1284,600,51,101,1,-1,-1,-1
587,162,733,724,64,147,1,-1,-1,-1
587,150,1615,597,51,93,1,-1,-1,-1
587,57,1450,556,67,100,1,-1,-1,-1
588,225,1831,624,50,108,1,-1,-1,-1
588,211,1676,663,66,113,1,-1,-1,-1
588,209,930,619,72,116,1,-1,-1,-1
588,208,329,452,38,77,1,-1,-1,-1
588,205,160,456,40,79,1,-1,-1,-1
588,203,1112,462,41,78,1,-1,-1,-1
588,202,951,511,40,92,1,-1,-1,-1
588,200,430,676,58,43,1,-1,-1,-1
588,195,1086,586,47,103,1,-1,-1,-1
588,191,594,545,42,100,1,-1,-1,-1
588,190,732,626,43,118,1,-1,-1,-1
588,177,1421,441,29,77,1,-1,-1,-1
588,175,705,522,35,94,1,-1,-1,-1
588,166,1407,506,51,86,1,-1,-1,-1
588,164,1290,603,49,99,1,-1,-1,-1
588,162,718,724,68,149,1,-1,-1,-1
588,150,1610,599,50,93,1,-1,-1,-1
588,57,1443,558,71,102,1,-1,-1,-1
589,225,1828,624,50,108,1,-1,-1,-1
589,211,1676,662,65,113,1,-1,-1,-1
589,209,926,619,69,116,1,-1,-1,-1
589,208,326,452,38,77,1,-1,-1,-1
589,205,157,456,40,79,1,-1,-1,-1
589,203,1109,462,41,78,1,-1,-1,-1
589,202,948,511,40,93,1,-1,-1,-1
589,200,428,676,57,43,1,-1,-1,-1
589,195,1083,586,47,103,1,-1,-1,-1
589,191,591,545,41,100,1,-1,-1,-1
589,190,729,625,42,119,1,-1,-1,-1
589,177,1416,442,29,77,1,-1,-1,-1
589,175,701,522,35,94,1,-1,-1,-1
589,166,1404,506,51,86,1,-1,-1,-1
589,164,1289,602,50,100,1,-1,-1,-1
589,162,713,724,67,149,1,-1,-1,-1
589,150,1607,598,51,93,1,-1,-1,-1
589,57,1440,558,70,103,1,-1,-1,-1
590,225,1821,625,49,108,1,-1,-1,-1
590,211,1675,660,62,113,1,-1,-1,-1
590,209,921,618,65,117,1,-1,-1,-1
590,208,319,452,36,77,1,-1,-1,-1
590,205,151,456,40,80,1,-1,-1,-1
590,203,1104,463,40,78,1,-1,-1,-1
590,202,943,511,40,93,1,-1,-1,-1
590,200,424,676,56,43,1,-1,-1,-1
590,195,1076,585,47,104,1,-1,-1,-1
590,191,585,545,39,100,1,-1,-1,-1
590,190,723,624,42,120,1,-1,-1,-1
590,177,1408,442,29,77,1,-1,-1,-1
590,175,695,524,36,94,1,-1,-1,-1
590,166,1399,506,52,85,1,-1,-1,-1
590,164,1289,600,52,101,1,-1,-1,-1
590,162,703,725,67,149,1,-1,-1,-1
590,150,1602,598,51,93,1,-1,-1,-1
590,57,1434,558,69,105,1,-1,-1,-1
591,225,1814,625,49,109,1,-1,-1,-1
591,211,1675,659,60,114,1,-1,-1,-1
591,209,915,618,60,117,1,-1,-1,-1
591,208,312,452,34,77,1,-1,-1,-1
591,205,145,456,41,80,1,-1,-1,-1
591,203,1099,463,40,78,1,-1,-1,-1
591,202,939,512,40,93,1,-1,-1,-1
591,200,420,676,55,43,1,-1,-1,-1
591,195,1070,584,47,105,1,-1,-1,-1
591,191,580,546,37,100,1,-1,-1,-1
591,190,718,623,41,121,1,-1,-1,-1
591,177,1400,443,29,78,1,-1,-1,-1
591,175,689,525,36,94,1,-1,-1,-1
591,166,1394,507,52,85,1,-1,-1,-1
591,164,1289,597,55,103,1,-1,-1,-1
591,162,693,725,67,150,1,-1,-1,-1
591,150,1597,598,51,94,1,-1,-1,-1
591,57,1429,557,68,106,1,-1,-1,-1
592,225,1807,626,49,109,1,-1,-1,-1
592,211,1674,657,58,114,1,-1,-1,-1
592,209,909,617,55,117,1,-1,-1,-1
592,208,305,452,33,77,1,-1,-1,-1
592,205,139,456,41,80,1,-1,-1,-1
592,203,1095,463,39,77,1,-1,-1,-1
592,202,934,512,40,93,1,-1,-1,-1
592,200,416,676,54,43,1,-1,-1,-1
592,195,1064,584,47,107,1,-1,-1,-1
592,191,575,546,35,100,1,-1,-1,-1
592,190,712,623,40,123,1,-1,-1,-1
592,177,1392,443,29,78,1,-1,-1,-1
592,175,683,526,37,94,1,-1,-1,-1
592,166,1389,507,53,84,1,-1,-1,-1
592,164,1289,595,57,104,1,-1,-1,-1
592,162,683,725,67,150,1,-1,-1,-1
592,150,1592,597,52,94,1,-1,-1,-1
592,57,1423,557,67,108,1,-1,-1,-1
593,225,1800,626,49,109,1,-1,-1,-1
593,211,1673,656,55,115,1,-1,-1,-1
593,209,903,617,51,118,1,-1,-1,-1
593,208,299,452,31,77,1,-1,-1,-1
593,205,133,456,41,80,1,-1,-1,-1
593,203,1090,463,39,77,1,-1,-1,-1
593,202,929,512,40,93,1,-1,-1,-1
593,200,412,676,53,43,1,-1,-1,-1
593,195,1058,583,47,108,1,-1,-1,-1
593,191,569,546,33,100,1,-1,-1,-1
593,190,706,622,39,124,1,-1,-1,-1
593,177,1385,443,29,78,1,-1,-1,-1
593,175,677,527,38,94,1,-1,-1,-1
593,166,1384,508,53,84,1,-1,-1,-1
593,164,1288,592,60,106,1,-1,-1,-1
593,162,673,726,67,150,1,-1,-1,-1
593,150,1587,597,52,94,1,-1,-1,-1
593,57,1418,556,66,110,1,-1,-1,-1
594,225,1788,627,49,110,1,-1,-1,-1
594,211,1672,653,51,115,1,-1,-1,-1
594,209,894,616,43,118,1,-1,-1,-1
594,208,287,452,28,78,1,-1,-1,-1
594,205,122,456,41,80,1,-1,-1,-1
594,203,1081,463,38,77,1,-1,-1,-1
594,202,921,512,40,93,1,-1,-1,-1
594,200,405,677,51,44,1,-1,-1,-1
594,195,1047,582,46,109,1,-1,-1,-1
594,191,560,546,30,100,1,-1,-1,-1
594,190,697,620,38,127,1,-1,-1,-1
594,177,1371,444,29,78,1,-1,-1,-1
594,175,667,529,39,94,1,-1,-1,-1
594,166,1375,509,54,83,1,-1,-1,-1
594,164,1288,588,64,108,1,-1,-1,-1
594,162,657,727,67,150,1,-1,-1,-1
594,150,1578,596,53,95,1,-1,-1,-1
594,57,1409,555,64,113,1,-1,-1,-1
595,225,1786,627,49,110,1,-1,-1,-1
595,211,1672,653,51,115,1,-1,-1,-1
595,209,890,616,43,118,1,-1,-1,-1
595,208,285,452,29,78,1,-1,-1,-1
595,205,120,456,41,80,1,-1,-1,-1
595,203,1080,463,38,77,1,-1,-1,-1
595,202,920,513,40,93,1,-1,-1,-1
595,200,403,677,51,44,1,-1,-1,-1
595,195,1045,582,46,109,1,-1,-1,-1
595,191,558,547,30,100,1,-1,-1,-1
595,190,695,621,37,127,1,-1,-1,-1
595,177,1368,444,29,78,1,-1,-1,-1
595,175,665,529,39,94,1,-1,-1,-1
595,166,1373,509,54,83,1,-1,-1,-1
595,164,1288,587,63,109,1,-1,-1,-1
595,162,655,727,66,151,1,-1,-1,-1
595,150,1577,596,53,95,1,-1,-1,-1
595,57,1406,556,65,112,1,-1,-1,-1
596,225,1781,627,51,109,1,-1,-1,-1
596,211,1671,652,51,114,1,-1,-1,-1
596,209,879,618,45,119,1,-1,-1,-1
596,208,275,453,31,78,1,-1,-1,-1
596,205,112,456,40,81,1,-1,-1,-1
596,203,1075,463,39,77,1,-1,-1,-1
596,202,915,513,39,93,1,-1,-1,-1
596,200,397,677,51,44,1,-1,-1,-1
596,195,1039,582,45,109,1,-1,-1,-1
596,191,552,547,31,100,1,-1,-1,-1
596,190,688,622,37,127,1,-1,-1,-1
596,177,1360,445,30,78,1,-1,-1,-1
596,175,659,530,39,94,1,-1,-1,-1
596,166,1368,509,54,82,1,-1,-1,-1
596,164,1289,583,62,112,1,-1,-1,-1
596,162,648,728,65,151,1,-1,-1,-1
596,150,1573,595,52,95,1,-1,-1,-1
596,57,1396,557,69,111,1,-1,-1,-1
597,225,1776,627,52,109,1,-1,-1,-1
597,211,1670,651,51,113,1,-1,-1,-1
597,209,869,619,46,119,1,-1,-1,-1
597,208,266,453,33,78,1,-1,-1,-1
597,205,103,456,40,81,1,-1,-1,-1
597,203,1070,464,40,77,1,-1,-1,-1
597,202,910,513,38,94,1,-1,-1,-1
597,200,391,677,51,45,1,-1,-1,-1
597,195,1033,582,44,109,1,-1,-1,-1
597,191,546,547,31,100,1,-1,-1,-1
597,190,681,622,36,128,1,-1,-1,-1
597,177,1351,445,31,77,1,-1,-1,-1
597,175,653,532,39,94,1,-1,-1,-1
597,166,1363,510,55,81,1,-1,-1,-1
597,164,1290,579,60,115,1,-1,-1,-1
597,162,642,729,64,151,1,-1,-1,-1
597,150,1569,595,51,96,1,-1,-1,-1
597,57,1386,559,74,110,1,-1,-1,-1
598,225,1770,626,53,109,1,-1,-1,-1
598,211,1669,651,51,112,1,-1,-1,-1
598,209,858,620,48,120,1,-1,-1,-1
598,208,257,454,34,78,1,-1,-1,-1
598,205,95,456,39,82,1,-1,-1,-1
598,203,1065,464,40,76,1,-1,-1,-1
598,202,906,513,38,94,1,-1,-1,-1
598,200,385,678,51,45,1,-1,-1,-1
598,195,1026,582,44,109,1,-1,-1,-1
598,191,540,548,31,100,1,-1,-1,-1
598,190,674,623,36,128,1,-1,-1,-1
598,177,1342,446,32,77,1,-1,-1,-1
598,175,647,533,39,94,1,-1,-1,-1
598,166,1358,511,55,80,1,-1,-1,-1
598,164,1290,575,58,118,1,-1,-1,-1
598,162,636,731,64,151,1,-1,-1,-1
598,150,1564,594,50,97,1,-1,-1,-1
598,57,1376,560,78,110,1,-1,-1,-1
599,225,1765,626,55,108,1,-1,-1,-1
599,211,1668,650,50,112,1,-1,-1,-1
599,209,847,621,49,120,1,-1,-1,-1
599,208,247,454,36,78,1,-1,-1,-1
599,205,87,456,39,83,1,-1,-1,-1
599,203,1060,464,41,76,1,-1,-1,-1
599,202,901,513,37,94,1,-1,-1,-1
599,200,379,678,51,46,1,-1,-1,-1
599,195,1020,582,43,109,1,-1,-1,-1
599,191,533,548,32,100,1,-1,-1,-1
599,190,668,624,35,128,1,-1,-1,-1
599,177,1333,446,33,77,1,-1,-1,-1
599,175,641,534,39,94,1,-1,-1,-1
599,166,1353,511,55,79,1,-1,-1,-1
599,164,1291,570,56,121,1,-1,-1,-1
599,162,629,732,63,151,1,-1,-1,-1
599,150,1560,593,49,97,1,-1,-1,-1
599,57,1367,562,82,109,1,-1,-1,-1
600,225,1755,626,57,108,1,-1,-1,-1
600,211,1667,649,50,110,1,-1,-1,-1
600,209,826,623,52,121,1,-1,-1,-1
600,208,229,455,39,78,1,-1,-1,-1
600,205,71,456,38,84,1,-1,-1,-1
600,203,1050,464,42,76,1,-1,-1,-1
600,202,892,514,35,95,1,-1,-1,-1
600,200,367,678,51,46,1,-1,-1,-1
600,195,1007,582,42,109,1,-1,-1,-1
600,191,522,549,32,100,1,-1,-1,-1
600,190,654,626,34,129,1,-1,-1,-1
600,177,1316,447,35,76,1,-1,-1,-1
600,175,629,536,39,94,1,-1,-1,-1
600,166,1343,512,56,78,1,-1,-1,-1
600,164,1293,563,53,126,1,-1,-1,-1
600,162,617,734,61,152,1,-1,-1,-1
600,150,1552,592,47,98,1,-1,-1,-1
600,57,1348,564,91,107,1,-1,-1,-1
601,225,1755,626,57,108,1,-1,-1,-1
601,211,1667,649,50,110,1,-1,-1,-1
601,209,825,623,52,121,1,-1,-1,-1
601,208,228,455,39,78,1,-1,-1,-1
601,205,70,456,38,84,1,-1,-1,-1
601,203,1050,464,43,76,1,-1,-1,-1
601,202,891,514,35,95,1,-1,-1,-1
601,200,366,679,51,46,1,-1,-1,-1
601,195,1007,582,42,109,1,-1,-1,-1
601,191,521,549,32,100,1,-1,-1,-1
601,190,654,626,34,129,1,-1,-1,-1
601,177,1315,447,35,76,1,-1,-1,-1
601,175,628,536,39,94,1,-1,-1,-1
601,166,1343,512,56,78,1,-1,-1,-1
601,164,1292,563,53,126,1,-1,-1,-1
601,162,616,734,61,152,1,-1,-1,-1
601,150,1551,592,47,98,1,-1,-1,-1
601,57,1347,564,91,107,1,-1,-1,-1
602,225,1750,625,58,108,1,-1,-1,-1
602,211,1664,648,56,110,1,-1,-1,-1
602,209,817,623,49,122,1,-1,-1,-1
602,208,218,454,38,78,1,-1,-1,-1
602,205,58,456,38,84,1,-1,-1,-1
602,203,1048,464,44,76,1,-1,-1,-1
602,202,885,514,36,95,1,-1,-1,-1
602,200,358,679,51,47,1,-1,-1,-1
602,195,999,583,43,109,1,-1,-1,-1
602,191,514,549,32,101,1,-1,-1,-1
602,190,645,628,34,130,1,-1,-1,-1
602,177,1306,448,34,76,1,-1,-1,-1
602,175,622,536,38,95,1,-1,-1,-1
602,166,1340,511,57,79,1,-1,-1,-1
602,164,1289,569,53,119,1,-1,-1,-1
602,162,603,735,62,152,1,-1,-1,-1
602,150,1546,592,48,98,1,-1,-1,-1
602,57,1338,564,89,108,1,-1,-1,-1
603,225,1745,625,58,109,1,-1,-1,-1
603,211,1662,647,61,110,1,-1,-1,-1
603,209,810,624,47,122,1,-1,-1,-1
603,208,208,454,37,79,1,-1,-1,-1
603,205,46,456,38,85,1,-1,-1,-1
603,203,1045,464,46,76,1,-1,-1,-1
603,202,878,514,36,96,1,-1,-1,-1
603,200,349,680,52,47,1,-1,-1,-1
603,195,992,583,43,108,1,-1,-1,-1
603,191,506,549,31,101,1,-1,-1,-1
603,190,636,630,35,130,1,-1,-1,-1
603,177,1297,448,33,76,1,-1,-1,-1
603,175,616,536,37,95,1,-1,-1,-1
603,166,1337,511,59,80,1,-1,-1,-1
603,164,1286,576,54,111,1,-1,-1,-1
603,162,589,736,63,153,1,-1,-1,-1
603,150,1540,592,49,98,1,-1,-1,-1
603,57,1328,565,88,108,1,-1,-1,-1
604,225,1740,624,58,109,1,-1,-1,-1
604,211,1660,647,66,110,1,-1,-1,-1
604,209,802,625,45,122,1,-1,-1,-1
604,208,197,454,36,79,1,-1,-1,-1
604,205,31,456,38,86,1,-1,-1,-1
604,203,1042,464,48,76,1,-1,-1,-1
604,202,872,513,36,96,1,-1,-1,-1
604,200,340,681,52,47,1,-1,-1,-1
604,195,984,584,44,108,1,-1,-1,-1
604,191,499,549,31,101,1,-1,-1,-1
604,190,627,632,35,130,1,-1,-1,-1
604,177,1289,448,32,77,1,-1,-1,-1
604,175,610,537,36,96,1,-1,-1,-1
604,166,1334,510,60,81,1,-1,-1,-1
604,164,1282,583,55,104,1,-1,-1,-1
604,162,575,737,64,153,1,-1,-1,-1
604,150,1534,592,50,98,1,-1,-1,-1
604,57,1319,565,86,109,1,-1,-1,-1
605,225,1735,624,58,109,1,-1,-1,-1
605,211,1657,646,71,110,1,-1,-1,-1
605,209,795,625,42,123,1,-1,-1,-1
605,208,187,454,35,79,1,-1,-1,-1
605,205,23,456,37,85,1,-1,-1,-1
605,203,1039,463,49,76,1,-1,-1,-1
605,202,866,513,37,96,1,-1,-1,-1
605,200,332,681,52,47,1,-1,-1,-1
605,195,977,585,45,108,1,-1,-1,-1
605,191,491,549,30,102,1,-1,-1,-1
605,190,617,633,36,131,1,-1,-1,-1
605,177,1280,448,31,77,1,-1,-1,-1
605,175,604,537,35,97,1,-1,-1,-1
605,166,1332,509,61,82,1,-1,-1,-1
605,164,1279,589,56,97,1,-1,-1,-1
605,162,562,738,64,154,1,-1,-1,-1
605,150,1529,592,50,98,1,-1,-1,-1
605,57,1310,565,85,109,1,-1,-1,-1
606,225,1730,623,59,110,1,-1,-1,-1
606,211,1655,645,77,109,1,-1,-1,-1
606,209,787,626,40,123,1,-1,-1,-1
606,208,176,454,34,80,1,-1,-1,-1
606,205,14,456,37,85,1,-1,-1,-1
606,203,1036,463,51,76,1,-1,-1,-1
606,202,859,513,37,97,1,-1,-1,-1
606,200,323,682,53,47,1,-1,-1,-1
606,195,969,585,46,107,1,-1,-1,-1
606,191,484,549,29,102,1,-1,-1,-1
606,190,608,635,36,131,1,-1,-1,-1
606,177,1271,448,31,77,1,-1,-1,-1
606,175,598,537,34,98,1,-1,-1,-1
606,166,1329,508,62,83,1,-1,-1,-1
606,164,1275,596,57,89,1,-1,-1,-1
606,162,548,739,65,154,1,-1,-1,-1
606,150,1523,592,51,98,1,-1,-1,-1
606,57,1300,565,83,110,1,-1,-1,-1
607,225,1724,623,59,110,1,-1,-1,-1
607,211,1652,645,83,109,1,-1,-1,-1
607,209,778,626,37,123,1,-1,-1,-1
607,208,164,454,33,80,1,-1,-1,-1
607,205,3,457,37,85,1,-1,-1,-1
607,203,1033,463,53,76,1,-1,-1,-1
607,202,851,513,37,97,1,-1,-1,-1
607,200,313,683,53,47,1,-1,-1,-1
607,195,960,586,47,107,1,-1,-1,-1
607,191,475,549,29,102,1,-1,-1,-1
607,190,598,638,37,132,1,-1,-1,-1
607,177,1260,449,29,78,1,-1,-1,-1
607,175,590,537,33,99,1,-1,-1,-1
607,166,1325,507,64,84,1,-1,-1,-1
607,164,1271,603,58,81,1,-1,-1,-1
607,162,532,740,66,155,1,-1,-1,-1
607,150,1516,592,52,98,1,-1,-1,-1
607,57,1289,565,81,110,1,-1,-1,-1
608,225,1722,622,58,111,1,-1,-1,-1
608,211,1655,643,78,110,1,-1,-1,-1
608,209,770,626,39,124,1,-1,-1,-1
608,208,156,454,34,81,1,-1,-1,-1
608,205,2,455,37,87,1,-1,-1,-1
608,203,1032,463,52,76,1,-1,-1,-1
608,202,847,513,37,98,1,-1,-1,-1
608,200,307,684,54,47,1,-1,-1,-1
608,195,957,586,49,107,1,-1,-1,-1
608,191,470,549,30,103,1,-1,-1,-1
608,190,591,639,38,131,1,-1,-1,-1
608,177,1253,448,31,78,1,-1,-1,-1
608,175,586,538,34,100,1,-1,-1,-1
608,166,1325,506,61,86,1,-1,-1,-1
608,164,1269,604,64,79,1,-1,-1,-1
608,162,525,742,68,155,1,-1,-1,-1
608,150,1514,591,51,100,1,-1,-1,-1
608,57,1285,566,77,107,1,-1,-1,-1
609,225,1720,622,57,111,1,-1,-1,-1
609,211,1658,641,72,111,1,-1,-1,-1
609,209,759,627,43,124,1,-1,-1,-1
609,208,146,453,35,81,1,-1,-1,-1
609,205,0,455,21,88,1,-1,-1,-1
609,203,1031,463,51,76,1,-1,-1,-1
609,202,842,513,38,98,1,-1,-1,-1
609,200,301,684,54,47,1,-1,-1,-1
609,195,953,586,50,107,1,-1,-1,-1
609,191,463,550,31,103,1,-1,-1,-1
609,190,584,640,40,131,1,-1,-1,-1
609,177,1245,448,32,78,1,-1,-1,-1
609,175,580,538,35,100,1,-1,-1,-1
609,166,1326,504,57,87,1,-1,-1,-1
609,164,1265,605,72,77,1,-1,-1,-1
609,162,517,744,70,155,1,-1,-1,-1
609,150,1511,590,50,102,1,-1,-1,-1
609,57,1279,567,71,104,1,-1,-1,-1
610,225,1718,621,56,112,1,-1,-1,-1
610,211,1661,640,66,111,1,-1,-1,-1
610,209,749,627,46,124,1,-1,-1,-1
610,208,136,453,36,82,1,-1,-1,-1
610,205,0,462,10,83,1,-1,-1,-1
610,203,1030,464,50,76,1,-1,-1,-1
610,202,837,513,38,98,1,-1,-1,-1
610,200,295,685,54,47,1,-1,-1,-1
610,195,949,586,52,107,1,-1,-1,-1
610,191,457,550,32,104,1,-1,-1,-1
610,190,576,641,41,131,1,-1,-1,-1
610,177,1237,447,33,79,1,-1,-1,-1
610,175,575,539,36,101,1,-1,-1,-1
610,166,1326,502,53,89,1,-1,-1,-1
610,164,1262,606,80,74,1,-1,-1,-1
610,162,509,747,72,155,1,-1,-1,-1
610,150,1509,588,48,103,1,-1,-1,-1
610,57,1274,568,66,100,1,-1,-1,-1
611,225,1715,621,54,113,1,-1,-1,-1
611,211,1664,638,60,112,1,-1,-1,-1
611,209,739,627,49,125,1,-1,-1,-1
611,208,127,453,37,82,1,-1,-1,-1
611,205,0,462,10,83,1,-1,-1,-1
611,203,1029,464,49,75,1,-1,-1,-1
611,202,832,513,38,99,1,-1,-1,-1
611,200,288,686,55,48,1,-1,-1,-1
611,195,946,586,53,107,1,-1,-1,-1
611,191,450,550,34,104,1,-1,-1,-1
611,190,569,642,43,131,1,-1,-1,-1
611,177,1229,447,35,79,1,-1,-1,-1
611,175,569,539,37,102,1,-1,-1,-1
611,166,1326,501,50,91,1,-1,-1,-1
611,164,1258,607,88,72,1,-1,-1,-1
611,162,501,749,74,155,1,-1,-1,-1
611,150,1506,587,47,105,1,-1,-1,-1
611,57,1269,569,60,96,1,-1,-1,-1
612,225,1713,620,53,113,1,-1,-1,-1
612,211,1667,636,54,113,1,-1,-1,-1
612,209,729,628,52,125,1,-1,-1,-1
612,208,117,453,38,83,1,-1,-1,-1
612,203,1028,464,48,75,1,-1,-1,-1
612,202,827,513,38,99,1,-1,-1,-1
612,200,282,687,55,48,1,-1,-1,-1
612,195,942,586,55,107,1,-1,-1,-1
612,191,444,550,35,104,1,-1,-1,-1
612,190,561,643,44,130,1,-1,-1,-1
612,177,1220,447,36,79,1,-1,-1,-1
612,175,563,540,38,102,1,-1,-1,-1
612,166,1327,499,46,93,1,-1,-1,-1
612,164,1255,608,96,70,1,-1,-1,-1
612,162,493,751,75,155,1,-1,-1,-1
612,150,1504,586,46,107,1,-1,-1,-1
612,57,1263,570,55,93,1,-1,-1,-1
613,225,1710,620,52,114,1,-1,-1,-1
613,211,1672,634,46,114,1,-1,-1,-1
613,209,714,628,56,125,1,-1,-1,-1
613,208,103,453,39,83,1,-1,-1,-1
613,203,1026,465,47,75,1,-1,-1,-1
613,202,820,512,39,100,1,-1,-1,-1
613,200,272,688,56,48,1,-1,-1,-1
613,195,937,586,57,107,1,-1,-1,-1
613,191,434,551,37,105,1,-1,-1,-1
613,190,550,644,47,130,1,-1,-1,-1
613,177,1208,446,38,80,1,-1,-1,-1
613,175,555,540,39,103,1,-1,-1,-1
613,166,1327,497,41,95,1,-1,-1,-1
613,164,1250,610,107,67,1,-1,-1,-1
613,162,481,755,78,155,1,-1,-1,-1
613,150,1500,584,44,110,1,-1,-1,-1
613,57,1256,572,47,87,1,-1,-1,-1
614,225,1709,620,52,115,1,-1,-1,-1
614,211,1671,635,47,113,1,-1,-1,-1
614,209,711,628,56,126,1,-1,-1,-1
614,208,98,453,39,84,1,-1,-1,-1
614,203,1027,464,45,75,1,-1,-1,-1
614,202,818,512,39,100,1,-1,-1,-1
614,200,269,688,56,48,1,-1,-1,-1
614,195,937,586,56,107,1,-1,-1,-1
614,191,431,551,37,105,1,-1,-1,-1
614,190,547,645,46,130,1,-1,-1,-1
614,177,1205,446,38,80,1,-1,-1,-1
614,175,553,541,39,103,1,-1,-1,-1
614,166,1327,497,41,95,1,-1,-1,-1
614,164,1251,612,107,65,1,-1,-1,-1
614,162,475,755,79,155,1,-1,-1,-1
614,150,1499,583,43,111,1,-1,-1,-1
614,57,1252,575,50,85,1,-1,-1,-1
615,225,1707,619,52,116,1,-1,-1,-1
615,211,1670,636,48,112,1,-1,-1,-1
615,209,706,628,56,126,1,-1,-1,-1
615,208,90,453,39,84,1,-1,-1,-1
615,203,1028,463,43,76,1,-1,-1,-1
615,202,813,513,40,100,1,-1,-1,-1
615,200,263,688,56,49,1,-1,-1,-1
615,195,938,585,55,108,1,-1,-1,-1
615,191,425,551,37,106,1,-1,-1,-1
615,190,542,645,46,130,1,-1,-1,-1
615,177,1200,446,37,80,1,-1,-1,-1
615,175,548,541,40,103,1,-1,-1,-1
615,166,1326,498,41,95,1,-1,-1,-1
615,164,1253,617,107,61,1,-1,-1,-1
615,162,464,756,80,156,1,-1,-1,-1
615,150,1497,581,42,112,1,-1,-1,-1
615,57,1246,580,56,82,1,-1,-1,-1
616,225,1704,619,52,117,1,-1,-1,-1
616,211,1669,638,50,110,1,-1,-1,-1
616,209,701,628,56,126,1,-1,-1,-1
616,208,82,453,39,84,1,-1,-1,-1
616,203,1029,462,41,77,1,-1,-1,-1
616,202,808,513,41,100,1,-1,-1,-1
616,200,258,689,56,49,1,-1,-1,-1
616,195,938,585,53,109,1,-1,-1,-1
616,191,419,552,37,107,1,-1,-1,-1
616,190,537,646,46,130,1,-1,-1,-1
616,177,1195,447,36,81,1,-1,-1,-1
616,175,542,542,40,103,1,-1,-1,-1
616,166,1325,498,42,94,1,-1,-1,-1
616,164,1255,621,107,57,1,-1,-1,-1
616,162,453,756,81,157,1,-1,-1,-1
616,150,1496,580,41,114,1,-1,-1,-1
616,57,1240,586,62,79,1,-1,-1,-1
617,225,1702,619,52,117,1,-1,-1,-1
617,211,1668,639,52,109,1,-1,-1,-1
617,209,696,628,56,127,1,-1,-1,-1
617,208,74,454,38,84,1,-1,-1,-1
617,203,1031,462,39,77,1,-1,-1,-1
617,202,803,513,42,101,1,-1,-1,-1
617,200,252,689,57,49,1,-1,-1,-1
617,195,939,585,52,109,1,-1,-1,-1
617,191,413,552,37,107,1,-1,-1,-1
617,190,531,647,46,130,1,-1,-1,-1
617,177,1190,447,34,81,1,-1,-1,-1
617,175,537,543,41,103,1,-1,-1,-1
617,166,1324,499,42,94,1,-1,-1,-1
617,164,1257,626,106,54,1,-1,-1,-1
617,162,442,757,82,157,1,-1,-1,-1
617,150,1494,578,40,116,1,-1,-1,-1
617,57,1234,591,68,75,1,-1,-1,-1
618,225,1700,618,52,118,1,-1,-1,-1
618,211,1667,641,53,108,1,-1,-1,-1
618,209,691,629,57,127,1,-1,-1,-1
618,208,66,454,38,84,1,-1,-1,-1
618,203,1032,461,36,78,1,-1,-1,-1
618,202,798,513,43,101,1,-1,-1,-1
618,200,246,690,57,50,1,-1,-1,-1
618,195,940,585,51,110,1,-1,-1,-1
618,191,407,553,37,108,1,-1,-1,-1
618,190,526,648,46,130,1,-1,-1,-1
618,177,1185,447,33,81,1,-1,-1,-1
618,175,532,544,41,104,1,-1,-1,-1
618,166,1323,500,42,94,1,-1,-1,-1
618,164,1259,630,106,50,1,-1,-1,-1
618,162,430,757,83,158,1,-1,-1,-1
618,150,1493,577,39,118,1,-1,-1,-1
618,57,1229,597,74,72,1,-1,-1,-1
619,225,1696,618,53,120,1,-1,-1,-1
619,211,1666,643,56,105,1,-1,-1,-1
619,209,683,629,57,128,1,-1,-1,-1
619,208,53,454,37,85,1,-1,-1,-1
619,203,1034,459,33,79,1,-1,-1,-1
619,202,790,513,45,102,1,-1,-1,-1
619,200,237,690,58,51,1,-1,-1,-1
619,195,941,584,48,111,1,-1,-1,-1
619,191,397,554,36,109,1,-1,-1,-1
619,190,517,649,46,130,1,-1,-1,-1
619,177,1176,448,31,82,1,-1,-1,-1
619,175,524,545,42,104,1,-1,-1,-1
619,166,1321,501,43,93,1,-1,-1,-1
619,164,1262,638,105,44,1,-1,-1,-1
619,162,412,758,84,159,1,-1,-1,-1
619,150,1490,574,37,121,1,-1,-1,-1
619,57,1218,606,85,66,1,-1,-1,-1
620,225,1695,618,53,120,1,-1,-1,-1
620,211,1665,643,56,106,1,-1,-1,-1
620,209,681,629,56,128,1,-1,-1,-1
620,208,50,454,37,85,1,-1,-1,-1
620,203,1034,459,32,79,1,-1,-1,-1
620,202,789,513,45,102,1,-1,-1,-1
620,200,235,691,58,51,1,-1,-1,-1
620,195,941,585,49,111,1,-1,-1,-1
620,191,396,554,37,109,1,-1,-1,-1
620,190,515,649,46,130,1,-1,-1,-1
620,177,1174,448,31,82,1,-1,-1,-1
620,175,522,545,42,104,1,-1,-1,-1
620,166,1321,501,42,93,1,-1,-1,-1
620,164,1261,638,106,43,1,-1,-1,-1
620,162,408,760,85,159,1,-1,-1,-1
620,150,1489,574,37,121,1,-1,-1,-1
620,57,1216,607,84,65,1,-1,-1,-1
621,225,1694,617,53,121,1,-1,-1,-1
621,211,1664,642,56,108,1,-1,-1,-1
621,209,676,629,55,129,1,-1,-1,-1
621,208,44,454,37,85,1,-1,-1,-1
621,203,1033,459,32,80,1,-1,-1,-1
621,202,785,513,44,102,1,-1,-1,-1
621,200,231,692,58,50,1,-1,-1,-1
621,195,940,586,49,110,1,-1,-1,-1
621,191,390,555,38,109,1,-1,-1,-1
621,190,509,650,48,131,1,-1,-1,-1
621,177,1170,448,31,82,1,-1,-1,-1
621,175,518,547,44,104,1,-1,-1,-1
621,166,1320,501,42,93,1,-1,-1,-1
621,164,1261,640,110,41,1,-1,-1,-1
621,162,398,763,86,159,1,-1,-1,-1
621,150,1486,575,38,121,1,-1,-1,-1
621,57,1210,610,82,63,1,-1,-1,-1
622,225,1692,617,53,122,1,-1,-1,-1
622,211,1662,641,56,111,1,-1,-1,-1
622,209,671,630,53,129,1,-1,-1,-1
622,208,37,455,36,85,1,-1,-1,-1
622,203,1032,459,32,80,1,-1,-1,-1
622,202,781,514,43,102,1,-1,-1,-1
622,200,226,693,59,50,1,-1,-1,-1
622,195,939,588,50,108,1,-1,-1,-1
622,191,384,556,38,109,1,-1,-1,-1
622,190,504,650,49,131,1,-1,-1,-1
622,177,1166,448,30,83,1,-1,-1,-1
622,175,513,548,45,104,1,-1,-1,-1
622,166,1320,501,41,93,1,-1,-1,-1
622,164,1260,642,113,39,1,-1,-1,-1
622,162,387,767,87,158,1,-1,-1,-1
622,150,1484,575,38,121,1,-1,-1,-1
622,57,1203,614,80,60,1,-1,-1,-1
623,225,1690,617,52,123,1,-1,-1,-1
623,211,1660,640,56,113,1,-1,-1,-1
623,209,666,631,52,130,1,-1,-1,-1
623,208,30,455,35,86,1,-1,-1,-1
623,203,1031,458,31,81,1,-1,-1,-1
623,202,777,514,42,103,1,-1,-1,-1
623,200,222,694,59,50,1,-1,-1,-1
623,195,938,589,51,107,1,-1,-1,-1
623,191,378,556,39,109,1,-1,-1,-1
623,190,499,651,51,132,1,-1,-1,-1
623,177,1161,449,30,83,1,-1,-1,-1
623,175,509,549,46,104,1,-1,-1,-1
623,166,1319,502,40,93,1,-1,-1,-1
623,164,1260,643,116,36,1,-1,-1,-1
623,162,376,771,87,158,1,-1,-1,-1
623,150,1481,575,39,121,1,-1,-1,-1
623,57,1196,617,78,57,1,-1,-1,-1
624,225,1688,617,52,124,1,-1,-1,-1
624,211,1658,639,56,115,1,-1,-1,-1
624,209,661,631,51,130,1,-1,-1,-1
624,208,23,455,35,86,1,-1,-1,-1
624,203,1030,458,31,82,1,-1,-1,-1
624,202,774,514,41,103,1,-1,-1,-1
624,200,217,695,59,50,1,-1,-1,-1
624,195,937,590,51,106,1,-1,-1,-1
624,191,372,557,40,110,1,-1,-1,-1
624,190,493,651,52,133,1,-1,-1,-1
624,177,1157,449,30,84,1,-1,-1,-1
624,175,504,550,48,103,1,-1,-1,-1
624,166,1319,502,40,93,1,-1,-1,-1
624,164,1260,645,120,34,1,-1,-1,-1
624,162,366,775,88,158,1,-1,-1,-1
624,150,1478,575,39,121,1,-1,-1,-1
624,57,1189,621,76,54,1,-1,-1,-1
625,225,1685,617,52,125,1,-1,-1,-1
625,211,1655,637,56,120,1,-1,-1,-1
625,209,652,632,48,131,1,-1,-1,-1
625,208,10,455,34,86,1,-1,-1,-1
625,203,1028,457,30,83,1,-1,-1,-1
625,202,766,515,40,104,1,-1,-1,-1
625,200,208,697,60,49,1,-1,-1,-1
625,195,936,593,52,104,1,-1,-1,-1
625,191,361,559,42,110,1,-1,-1,-1
625,190,483,652,55,134,1,-1,-1,-1
625,177,1149,450,29,85,1,-1,-1,-1
625,175,495,552,50,103,1,-1,-1,-1
625,166,1318,503,38,93,1,-1,-1,-1
625,164,1259,648,126,30,1,-1,-1,-1
625,162,345,782,90,157,1,-1,-1,-1
625,150,1473,575,40,121,1,-1,-1,-1
625,57,1176,627,72,49,1,-1,-1,-1
626,225,1685,617,52,125,1,-1,-1,-1
626,211,1655,637,56,120,1,-1,-1,-1
626,209,651,632,48,131,1,-1,-1,-1
626,208,3,456,34,85,1,-1,-1,-1
626,203,1027,457,30,83,1,-1,-1,-1
626,202,766,515,40,104,1,-1,-1,-1
626,200,208,697,60,49,1,-1,-1,-1
626,195,935,593,52,104,1,-1,-1,-1
626,191,360,559,42,110,1,-1,-1,-1
626,190,482,652,55,134,1,-1,-1,-1
626,177,1148,450,29,85,1,-1,-1,-1
626,175,495,552,51,103,1,-1,-1,-1
626,166,1318,503,38,93,1,-1,-1,-1
626,164,1259,649,126,30,1,-1,-1,-1
626,162,345,782,90,157,1,-1,-1,-1
626,150,1473,575,41,121,1,-1,-1,-1
626,57,1175,627,72,49,1,-1,-1,-1
627,239,980,672,15,11,1,-1,-1,-1
627,225,1683,617,51,126,1,-1,-1,-1
627,211,1650,637,57,121,1,-1,-1,-1
627,209,646,633,50,132,1,-1,-1,-1
627,208,0,456,33,84,1,-1,-1,-1
627,203,1024,457,31,83,1,-1,-1,-1
627,202,762,515,39,104,1,-1,-1,-1
627,200,203,698,61,49,1,-1,-1,-1
627,195,932,593,52,105,1,-1,-1,-1
627,191,355,559,43,110,1,-1,-1,-1
627,190,475,652,55,135,1,-1,-1,-1
627,177,1142,449,31,85,1,-1,-1,-1
627,175,491,553,54,105,1,-1,-1,-1
627,166,1315,502,40,93,1,-1,-1,-1
627,164,1261,650,124,31,1,-1,-1,-1
627,162,335,782,88,160,1,-1,-1,-1
627,150,1469,576,43,120,1,-1,-1,-1
627,57,1166,628,73,49,1,-1,-1,-1
628,239,971,676,15,11,1,-1,-1,-1
628,225,1682,617,49,126,1,-1,-1,-1
628,211,1645,637,58,122,1,-1,-1,-1
628,209,640,633,52,133,1,-1,-1,-1
628,208,0,458,27,83,1,-1,-1,-1
628,203,1021,456,33,84,1,-1,-1,-1
628,202,758,516,39,104,1,-1,-1,-1
628,200,198,699,61,49,1,-1,-1,-1
628,195,929,592,52,106,1,-1,-1,-1
628,191,349,559,44,110,1,-1,-1,-1
628,190,467,652,54,136,1,-1,-1,-1
628,177,1136,449,33,86,1,-1,-1,-1
628,175,487,553,57,106,1,-1,-1,-1
628,166,1312,502,42,94,1,-1,-1,-1
628,164,1264,651,121,32,1,-1,-1,-1
628,162,326,782,86,163,1,-1,-1,-1
628,150,1466,577,45,120,1,-1,-1,-1
628,57,1157,629,73,50,1,-1,-1,-1
629,239,955,683,15,11,1,-1,-1,-1
629,225,1680,617,48,127,1,-1,-1,-1
629,211,1640,637,59,123,1,-1,-1,-1
629,209,635,634,55,133,1,-1,-1,-1
629,208,0,463,23,79,1,-1,-1,-1
629,203,1017,456,34,85,1,-1,-1,-1
629,202,754,517,38,104,1,-1,-1,-1
629,200,192,699,61,50,1,-1,-1,-1
629,195,927,592,51,107,1,-1,-1,-1
629,191,343,559,46,111,1,-1,-1,-1
629,190,459,652,53,138,1,-1,-1,-1
629,177,1130,449,35,86,1,-1,-1,-1
629,175,483,554,61,107,1,-1,-1,-1
629,166,1309,502,43,94,1,-1,-1,-1
629,164,1266,653,119,32,1,-1,-1,-1
629,162,316,782,83,166,1,-1,-1,-1
629,150,1463,578,47,120,1,-1,-1,-1
629,57,1148,629,73,50,1,-1,-1,-1
630,239,949,686,15,11,1,-1,-1,-1
630,225,1679,617,46,127,1,-1,-1,-1
630,211,1635,637,60,123,1,-1,-1,-1
630,209,630,634,57,134,1,-1,-1,-1
630,208,0,467,16,73,1,-1,-1,-1
630,203,1014,456,35,85,1,-1,-1,-1
630,202,749,517,37,105,1,-1,-1,-1
630,200,187,700,62,50,1,-1,-1,-1
630,195,924,592,51,109,1,-1,-1,-1
630,191,337,559,47,111,1,-1,-1,-1
630,190,452,652,53,139,1,-1,-1,-1
630,177,1124,449,37,87,1,-1,-1,-1
630,175,479,555,64,108,1,-1,-1,-1
630,166,1307,502,45,95,1,-1,-1,-1
630,164,1269,654,117,33,1,-1,-1,-1
630,162,307,782,81,169,1,-1,-1,-1
630,150,1460,578,50,120,1,-1,-1,-1
630,57,1139,630,74,51,1,-1,-1,-1
631,239,936,691,15,11,1,-1,-1,-1
631,225,1677,617,45,128,1,-1,-1,-1
631,211,1630,636,62,124,1,-1,-1,-1
631,209,624,635,59,135,1,-1,-1,-1
631,208,0,500,10,40,1,-1,-1,-1
631,203,1011,455,36,86,1,-1,-1,-1
631,202,745,518,37,105,1,-1,-1,-1
631,200,182,701,62,50,1,-1,-1,-1
631,195,921,591,50,110,1,-1,-1,-1
631,191,332,559,48,112,1,-1,-1,-1
631,190,444,652,52,140,1,-1,-1,-1
631,177,1118,449,39,87,1,-1,-1,-1
631,175,474,555,67,109,1,-1,-1,-1
631,166,1304,502,46,95,1,-1,-1,-1
631,164,1271,656,114,34,1,-1,-1,-1
631,162,297,783,79,171,1,-1,-1,-1
631,150,1457,579,52,119,1,-1,-1,-1
631,57,1130,631,74,51,1,-1,-1,-1
632,239,934,692,15,11,1,-1,-1,-1
632,225,1675,617,43,128,1,-1,-1,-1
632,211,1624,636,63,126,1,-1,-1,-1
632,209,618,635,61,136,1,-1,-1,-1
632,203,1007,455,37,87,1,-1,-1,-1
632,202,740,518,36,105,1,-1,-1,-1
632,200,176,702,62,50,1,-1,-1,-1
632,195,918,591,50,111,1,-1,-1,-1
632,191,325,559,50,112,1,-1,-1,-1
632,190,435,652,51,141,1,-1,-1,-1
632,177,1111,449,41,88,1,-1,-1,-1
632,175,469,556,71,111,1,-1,-1,-1
632,166,1301,502,48,95,1,-1,-1,-1
632,164,1274,657,111,35,1,-1,-1,-1
632,162,286,783,76,175,1,-1,-1,-1
632,150,1453,580,54,119,1,-1,-1,-1
632,57,1119,632,75,52,1,-1,-1,-1
633,239,930,692,15,11,1,-1,-1,-1
633,225,1675,617,43,129,1,-1,-1,-1
633,211,1621,637,66,126,1,-1,-1,-1
633,209,616,636,60,136,1,-1,-1,-1
633,203,1005,455,38,87,1,-1,-1,-1
633,202,738,518,36,106,1,-1,-1,-1
633,200,173,702,62,50,1,-1,-1,-1
633,195,915,590,49,112,1,-1,-1,-1
633,191,322,559,49,112,1,-1,-1,-1
633,190,429,653,55,141,1,-1,-1,-1
633,177,1108,449,40,88,1,-1,-1,-1
633,175,467,556,72,111,1,-1,-1,-1
633,166,1300,501,48,96,1,-1,-1,-1
633,164,1274,657,112,35,1,-1,-1,-1
633,162,274,784,79,175,1,-1,-1,-1
633,150,1453,580,53,120,1,-1,-1,-1
633,57,1114,631,73,52,1,-1,-1,-1
634,239,927,693,15,11,1,-1,-1,-1
634,225,1674,617,44,129,1,-1,-1,-1
634,211,1618,638,70,126,1,-1,-1,-1
634,209,613,636,58,136,1,-1,-1,-1
634,203,1004,455,39,87,1,-1,-1,-1
634,202,735,518,37,106,1,-1,-1,-1
634,200,170,703,63,50,1,-1,-1,-1
634,195,912,590,49,114,1,-1,-1,-1
634,191,318,559,48,113,1,-1,-1,-1
634,190,422,654,58,141,1,-1,-1,-1
634,177,1105,449,39,88,1,-1,-1,-1
634,175,465,557,73,111,1,-1,-1,-1
634,166,1299,501,48,96,1,-1,-1,-1
634,164,1274,658,112,36,1,-1,-1,-1
634,162,260,786,82,174,1,-1,-1,-1
634,150,1452,579,51,120,1,-1,-1,-1
634,57,1108,630,70,53,1,-1,-1,-1
635,239,919,694,15,11,1,-1,-1,-1
635,225,1674,617,44,130,1,-1,-1,-1
635,211,1614,639,74,126,1,-1,-1,-1
635,209,610,637,57,136,1,-1,-1,-1
635,203,1002,455,39,87,1,-1,-1,-1
635,202,732,518,37,107,1,-1,-1,-1
635,200,167,703,63,50,1,-1,-1,-1
635,195,909,589,49,115,1,-1,-1,-1
635,191,315,559,48,113,1,-1,-1,-1
635,190,415,655,62,141,1,-1,-1,-1
635,177,1102,449,38,89,1,-1,-1,-1
635,175,462,558,74,112,1,-1,-1,-1
635,166,1298,501,48,97,1,-1,-1,-1
635,164,1273,658,113,36,1,-1,-1,-1
635,162,246,788,85,174,1,-1,-1,-1
635,150,1451,579,48,121,1,-1,-1,-1
635,57,1102,628,67,54,1,-1,-1,-1
636,239,918,694,15,11,1,-1,-1,-1
636,225,1673,617,44,130,1,-1,-1,-1
636,211,1610,640,78,126,1,-1,-1,-1
636,209,607,637,55,137,1,-1,-1,-1
636,203,1000,455,40,87,1,-1,-1,-1
636,202,728,518,38,108,1,-1,-1,-1
636,200,163,703,63,50,1,-1,-1,-1
636,195,906,589,48,116,1,-1,-1,-1
636,191,311,559,47,113,1,-1,-1,-1
636,190,408,656,66,141,1,-1,-1,-1
636,177,1098,450,37,89,1,-1,-1,-1
636,175,459,558,75,112,1,-1,-1,-1
636,166,1297,500,48,97,1,-1,-1,-1
636,164,1273,658,113,36,1,-1,-1,-1
636,162,231,790,89,174,1,-1,-1,-1
636,150,1450,578,46,122,1,-1,-1,-1
636,57,1096,627,65,55,1,-1,-1,-1
637,239,913,695,15,11,1,-1,-1,-1
637,225,1672,618,45,131,1,-1,-1,-1
637,211,1607,641,82,126,1,-1,-1,-1
637,209,604,637,53,137,1,-1,-1,-1
637,203,998,455,40,87,1,-1,-1,-1
637,202,725,518,38,108,1,-1,-1,-1
637,200,160,704,64,51,1,-1,-1,-1
637,195,903,589,48,117,1,-1,-1,-1
637,191,308,559,46,114,1,-1,-1,-1
637,190,400,657,70,141,1,-1,-1,-1
637,177,1095,450,35,89,1,-1,-1,-1
637,175,457,559,76,113,1,-1,-1,-1
637,166,1297,500,48,98,1,-1,-1,-1
637,164,1272,658,114,36,1,-1,-1,-1
637,162,217,792,92,173,1,-1,-1,-1
637,150,1449,578,44,122,1,-1,-1,-1
637,57,1090,626,62,56,1,-1,-1,-1
638,239,906,696,15,11,1,-1,-1,-1
638,225,1671,618,45,131,1,-1,-1,-1
638,211,1602,643,88,126,1,-1,-1,-1
638,209,600,638,51,137,1,-1,-1,-1
638,203,996,456,41,87,1,-1,-1,-1
638,202,721,518,39,109,1,-1,-1,-1
638,200,155,704,64,51,1,-1,-1,-1
638,195,899,588,47,119,1,-1,-1,-1
638,191,303,559,45,114,1,-1,-1,-1
638,190,390,659,76,141,1,-1,-1,-1
638,177,1090,451,33,90,1,-1,-1,-1
638,175,453,560,77,113,1,-1,-1,-1
638,166,1295,500,48,98,1,-1,-1,-1
638,164,1272,658,115,36,1,-1,-1,-1
638,162,196,794,97,173,1,-1,-1,-1
638,150,1448,577,41,123,1,-1,-1,-1
638,57,1081,624,59,58,1,-1,-1,-1
639,239,904,696,15,11,1,-1,-1,-1
639,225,1672,618,45,132,1,-1,-1,-1
639,211,1601,643,86,126,1,-1,-1,-1
639,209,598,638,51,137,1,-1,-1,-1
639,203,995,455,40,87,1,-1,-1,-1
639,202,719,519,39,109,1,-1,-1,-1
639,200,153,705,65,51,1,-1,-1,-1
639,195,898,588,47,119,1,-1,-1,-1
639,191,301,559,44,114,1,-1,-1,-1
639,190,388,659,75,142,1,-1,-1,-1
639,177,1089,451,33,90,1,-1,-1,-1
639,175,452,560,77,114,1,-1,-1,-1
639,166,1295,499,48,99,1,-1,-1,-1
639,164,1274,657,112,37,1,-1,-1,-1
639,162,193,795,95,173,1,-1,-1,-1
639,150,1446,577,44,123,1,-1,-1,-1
639,57,1080,625,58,57,1,-1,-1,-1
640,239,897,698,15,11,1,-1,-1,-1
640,225,1673,617,44,132,1,-1,-1,-1
640,211,1599,642,83,127,1,-1,-1,-1
640,209,595,638,51,138,1,-1,-1,-1
640,203,994,455,39,87,1,-1,-1,-1
640,202,715,519,39,110,1,-1,-1,-1
640,200,150,705,65,51,1,-1,-1,-1
640,195,896,589,48,120,1,-1,-1,-1
640,191,297,559,43,115,1,-1,-1,-1
640,190,384,659,73,143,1,-1,-1,-1
640,177,1087,451,32,91,1,-1,-1,-1
640,175,449,560,78,114,1,-1,-1,-1
640,166,1294,498,47,100,1,-1,-1,-1
640,164,1277,656,108,39,1,-1,-1,-1
640,162,188,795,91,173,1,-1,-1,-1
640,150,1441,578,48,123,1,-1,-1,-1
640,57,1077,626,57,56,1,-1,-1,-1
641,239,897,698,15,11,1,-1,-1,-1
641,225,1674,617,43,132,1,-1,-1,-1
641,211,1597,641,80,128,1,-1,-1,-1
641,209,591,639,51,138,1,-1,-1,-1
641,203,993,454,38,88,1,-1,-1,-1
641,202,711,519,39,110,1,-1,-1,-1
641,200,146,706,66,51,1,-1,-1,-1
641,195,894,590,48,120,1,-1,-1,-1
641,191,294,560,42,115,1,-1,-1,-1
641,190,381,659,72,144,1,-1,-1,-1
641,177,1084,451,31,91,1,-1,-1,-1
641,175,447,561,78,115,1,-1,-1,-1
641,166,1293,498,46,100,1,-1,-1,-1
641,164,1281,654,104,40,1,-1,-1,-1
641,162,182,796,87,173,1,-1,-1,-1
641,150,1437,578,52,123,1,-1,-1,-1
641,57,1074,627,56,55,1,-1,-1,-1
642,239,892,699,15,11,1,-1,-1,-1
642,225,1675,616,42,133,1,-1,-1,-1
642,211,1595,641,76,128,1,-1,-1,-1
642,209,588,639,51,138,1,-1,-1,-1
642,203,992,454,37,88,1,-1,-1,-1
642,202,707,519,40,110,1,-1,-1,-1
642,200,143,706,66,51,1,-1,-1,-1
642,195,892,590,48,121,1,-1,-1,-1
642,191,290,560,41,115,1,-1,-1,-1
642,190,377,658,70,145,1,-1,-1,-1
642,177,1082,451,31,91,1,-1,-1,-1
642,175,445,561,78,115,1,-1,-1,-1
642,166,1292,497,45,101,1,-1,-1,-1
642,164,1285,653,100,42,1,-1,-1,-1
642,162,177,797,83,172,1,-1,-1,-1
642,150,1432,579,56,123,1,-1,-1,-1
642,57,1071,628,55,54,1,-1,-1,-1
643,239,887,700,15,11,1,-1,-1,-1
643,225,1677,616,42,133,1,-1,-1,-1
643,211,1593,640,73,129,1,-1,-1,-1
643,209,584,639,52,139,1,-1,-1,-1
643,203,991,453,36,88,1,-1,-1,-1
643,202,703,519,40,110,1,-1,-1,-1
643,200,139,707,67,50,1,-1,-1,-1
643,195,890,591,49,121,1,-1,-1,-1
643,191,287,560,39,116,1,-1,-1,-1
643,190,373,658,69,146,1,-1,-1,-1
643,177,1080,451,30,92,1,-1,-1,-1
643,175,443,562,79,116,1,-1,-1,-1
643,166,1291,497,44,102,1,-1,-1,-1
643,164,1288,652,96,43,1,-1,-1,-1
643,162,171,797,79,172,1,-1,-1,-1
643,150,1427,579,61,123,1,-1,-1,-1
643,57,1069,630,55,52,1,-1,-1,-1
644,239,881,701,15,11,1,-1,-1,-1
644,225,1678,615,40,134,1,-1,-1,-1
644,211,1589,639,68,131,1,-1,-1,-1
644,209,579,639,52,139,1,-1,-1,-1
644,203,989,452,34,89,1,-1,-1,-1
644,202,696,519,40,110,1,-1,-1,-1
644,200,134,708,68,50,1,-1,-1,-1
644,195,886,592,49,122,1,-1,-1,-1
644,191,281,560,37,116,1,-1,-1,-1
644,190,367,658,66,148,1,-1,-1,-1
644,177,1076,451,28,92,1,-1,-1,-1
644,175,439,562,79,116,1,-1,-1,-1
644,166,1290,495,43,103,1,-1,-1,-1
644,164,1294,649,90,46,1,-1,-1,-1
644,162,162,798,73,172,1,-1,-1,-1
644,150,1420,580,68,123,1,-1,-1,-1
644,57,1064,631,53,50,1,-1,-1,-1
645,239,876,701,15,11,1,-1,-1,-1
645,225,1679,615,40,134,1,-1,-1,-1
645,211,1589,639,69,131,1,-1,-1,-1
645,209,578,639,52,139,1,-1,-1,-1
645,203,989,452,33,89,1,-1,-1,-1
645,202,695,519,41,110,1,-1,-1,-1
645,200,133,708,68,50,1,-1,-1,-1
645,195,886,591,51,122,1,-1,-1,-1
645,191,280,560,38,116,1,-1,-1,-1
645,190,365,658,66,148,1,-1,-1,-1
645,177,1075,451,29,92,1,-1,-1,-1
645,175,439,562,79,116,1,-1,-1,-1
645,166,1289,496,42,103,1,-1,-1,-1
645,164,1295,649,89,46,1,-1,-1,-1
645,162,158,798,74,172,1,-1,-1,-1
645,150,1420,580,66,123,1,-1,-1,-1
645,57,1063,632,53,50,1,-1,-1,-1
646,239,869,703,15,11,1,-1,-1,-1
646,225,1679,616,39,134,1,-1,-1,-1
646,211,1586,640,70,130,1,-1,-1,-1
646,209,576,639,52,138,1,-1,-1,-1
646,203,988,452,32,89,1,-1,-1,-1
646,202,693,520,42,110,1,-1,-1,-1
646,200,131,708,68,50,1,-1,-1,-1
646,195,884,591,56,123,1,-1,-1,-1
646,191,277,561,39,117,1,-1,-1,-1
646,190,361,659,67,148,1,-1,-1,-1
646,177,1070,451,32,92,1,-1,-1,-1
646,175,438,563,80,116,1,-1,-1,-1
646,166,1288,496,42,103,1,-1,-1,-1
646,164,1296,648,87,47,1,-1,-1,-1
646,162,144,799,79,174,1,-1,-1,-1
646,150,1420,580,62,124,1,-1,-1,-1
646,57,1061,633,52,49,1,-1,-1,-1
647,239,869,703,15,11,1,-1,-1,-1
647,225,1679,616,38,134,1,-1,-1,-1
647,211,1584,640,72,130,1,-1,-1,-1
647,209,573,639,52,138,1,-1,-1,-1
647,203,987,452,30,89,1,-1,-1,-1
647,202,690,520,43,110,1,-1,-1,-1
647,200,128,709,69,50,1,-1,-1,-1
647,195,882,590,61,124,1,-1,-1,-1
647,191,274,561,40,117,1,-1,-1,-1
647,190,356,659,67,148,1,-1,-1,-1
647,177,1065,451,34,92,1,-1,-1,-1
647,175,437,563,80,116,1,-1,-1,-1
647,166,1287,496,41,103,1,-1,-1,-1
647,164,1298,647,86,48,1,-1,-1,-1
647,162,130,799,83,175,1,-1,-1,-1
647,150,1421,580,58,124,1,-1,-1,-1
647,57,1058,634,51,48,1,-1,-1,-1
648,239,869,702,15,11,1,-1,-1,-1
648,225,1679,616,38,135,1,-1,-1,-1
648,211,1582,641,73,130,1,-1,-1,-1
648,209,571,639,52,137,1,-1,-1,-1
648,203,986,452,29,89,1,-1,-1,-1
648,202,688,521,44,110,1,-1,-1,-1
648,200,126,709,69,50,1,-1,-1,-1
648,195,880,590,66,124,1,-1,-1,-1
648,191,271,561,41,117,1,-1,-1,-1
648,190,351,660,68,148,1,-1,-1,-1
648,177,1060,450,37,93,1,-1,-1,-1
648,175,436,564,81,116,1,-1,-1,-1
648,166,1286,496,40,104,1,-1,-1,-1
648,164,1300,646,84,49,1,-1,-1,-1
648,162,116,799,88,176,1,-1,-1,-1
648,150,1422,580,54,125,1,-1,-1,-1
648,57,1056,635,50,46,1,-1,-1,-1
649,239,870,702,15,11,1,-1,-1,-1
649,225,1680,616,37,135,1,-1,-1,-1
649,211,1579,642,75,130,1,-1,-1,-1
649,209,568,639,52,137,1,-1,-1,-1
649,203,985,452,27,90,1,-1,-1,-1
649,202,685,521,45,110,1,-1,-1,-1
649,200,124,710,70,50,1,-1,-1,-1
649,195,879,589,71,125,1,-1,-1,-1
649,191,269,561,42,118,1,-1,-1,-1
649,190,346,660,68,148,1,-1,-1,-1
649,177,1055,450,39,93,1,-1,-1,-1
649,175,435,564,81,115,1,-1,-1,-1
649,166,1285,496,40,104,1,-1,-1,-1
649,164,1302,645,83,51,1,-1,-1,-1
649,162,102,799,93,178,1,-1,-1,-1
649,150,1423,580,50,125,1,-1,-1,-1
649,57,1054,636,49,45,1,-1,-1,-1
650,239,870,702,15,11,1,-1,-1,-1
650,225,1680,617,35,136,1,-1,-1,-1
650,211,1575,643,78,130,1,-1,-1,-1
650,209,564,640,53,136,1,-1,-1,-1
650,203,984,452,24,90,1,-1,-1,-1
650,202,680,522,47,110,1,-1,-1,-1
650,200,119,710,71,50,1,-1,-1,-1
650,195,875,588,80,126,1,-1,-1,-1
650,191,263,561,44,118,1,-1,-1,-1
650,190,337,662,69,148,1,-1,-1,-1
650,177,1045,450,44,93,1,-1,-1,-1
650,175,433,565,82,115,1,-1,-1,-1
650,166,1283,496,38,104,1,-1,-1,-1
650,164,1306,644,80,53,1,-1,-1,-1
650,162,74,799,102,180,1,-1,-1,-1
650,150,1424,580,42,126,1,-1,-1,-1
650,57,1049,639,47,43,1,-1,-1,-1
651,239,871,701,15,11,1,-1,-1,-1
651,225,1680,617,35,136,1,-1,-1,-1
651,211,1575,642,78,130,1,-1,-1,-1
651,209,564,640,53,136,1,-1,-1,-1
651,203,983,452,24,90,1,-1,-1,-1
651,202,680,522,48,110,1,-1,-1,-1
651,200,119,710,71,50,1,-1,-1,-1
651,195,875,588,80,126,1,-1,-1,-1
651,191,263,561,44,118,1,-1,-1,-1
651,190,337,662,69,148,1,-1,-1,-1
651,177,1045,450,44,93,1,-1,-1,-1
651,175,433,565,82,115,1,-1,-1,-1
651,166,1283,496,38,104,1,-1,-1,-1
651,164,1306,644,79,53,1,-1,-1,-1
651,162,74,799,101,180,1,-1,-1,-1
651,150,1424,580,42,126,1,-1,-1,-1
651,57,1049,639,47,43,1,-1,-1,-1
652,239,872,702,15,11,1,-1,-1,-1
652,225,1677,617,38,135,1,-1,-1,-1
652,211,1570,642,75,130,1,-1,-1,-1
652,209,560,640,53,136,1,-1,-1,-1
652,203,981,452,26,91,1,-1,-1,-1
652,202,675,522,53,111,1,-1,-1,-1
652,200,117,711,71,50,1,-1,-1,-1
652,195,879,588,77,127,1,-1,-1,-1
652,191,260,562,49,119,1,-1,-1,-1
652,190,333,662,67,149,1,-1,-1,-1
652,177,1042,450,43,93,1,-1,-1,-1
652,175,432,565,82,115,1,-1,-1,-1
652,166,1282,497,38,104,1,-1,-1,-1
652,164,1306,640,78,57,1,-1,-1,-1
652,162,70,800,96,181,1,-1,-1,-1
652,150,1418,580,44,127,1,-1,-1,-1
652,57,1047,640,48,43,1,-1,-1,-1
653,239,873,702,15,11,1,-1,-1,-1
653,225,1675,617,41,134,1,-1,-1,-1
653,211,1566,641,71,131,1,-1,-1,-1
653,209,556,640,52,137,1,-1,-1,-1
653,203,979,452,28,91,1,-1,-1,-1
653,202,670,522,58,111,1,-1,-1,-1
653,200,115,711,71,50,1,-1,-1,-1
653,195,883,588,74,127,1,-1,-1,-1
653,191,257,562,54,120,1,-1,-1,-1
653,190,328,663,66,150,1,-1,-1,-1
653,177,1040,450,42,94,1,-1,-1,-1
653,175,431,566,82,116,1,-1,-1,-1
653,166,1281,497,38,105,1,-1,-1,-1
653,164,1307,637,76,61,1,-1,-1,-1
653,162,66,800,90,183,1,-1,-1,-1
653,150,1413,581,47,127,1,-1,-1,-1
653,57,1045,641,49,43,1,-1,-1,-1
654,239,874,702,15,11,1,-1,-1,-1
654,225,1672,618,44,133,1,-1,-1,-1
654,211,1561,641,68,131,1,-1,-1,-1
654,209,552,640,52,137,1,-1,-1,-1
654,203,977,452,29,91,1,-1,-1,-1
654,202,664,522,64,112,1,-1,-1,-1
654,200,113,712,71,50,1,-1,-1,-1
654,195,887,589,71,127,1,-1,-1,-1
654,191,254,562,59,120,1,-1,-1,-1
654,190,324,663,65,150,1,-1,-1,-1
654,177,1037,450,40,94,1,-1,-1,-1
654,175,430,566,82,116,1,-1,-1,-1
654,166,1280,498,38,105,1,-1,-1,-1
654,164,1307,633,74,65,1,-1,-1,-1
654,162,62,801,84,184,1,-1,-1,-1
654,150,1408,581,49,127,1,-1,-1,-1
654,57,1042,643,49,43,1,-1,-1,-1
655,239,875,702,15,11,1,-1,-1,-1
655,225,1669,618,47,133,1,-1,-1,-1
655,211,1557,640,65,131,1,-1,-1,-1
655,209,548,640,52,138,1,-1,-1,-1
655,203,974,452,31,92,1,-1,-1,-1
655,202,659,522,69,112,1,-1,-1,-1
655,200,112,712,71,50,1,-1,-1,-1
655,195,891,589,68,128,1,-1,-1,-1
655,191,251,562,64,121,1,-1,-1,-1
655,190,319,663,64,151,1,-1,-1,-1
655,177,1034,450,39,94,1,-1,-1,-1
655,175,430,566,82,116,1,-1,-1,-1
655,166,1278,498,37,105,1,-1,-1,-1
655,164,1308,630,73,69,1,-1,-1,-1
655,162,58,801,78,185,1,-1,-1,-1
655,150,1403,581,51,128,1,-1,-1,-1
655,57,1040,644,50,44,1,-1,-1,-1
656,239,877,702,15,11,1,-1,-1,-1
656,225,1667,618,50,132,1,-1,-1,-1
656,211,1552,640,61,132,1,-1,-1,-1
656,209,544,640,52,138,1,-1,-1,-1
656,203,972,452,33,92,1,-1,-1,-1
656,202,654,522,74,113,1,-1,-1,-1
656,200,110,713,71,50,1,-1,-1,-1
656,195,895,589,65,128,1,-1,-1,-1
656,191,248,562,69,122,1,-1,-1,-1
656,190,315,664,63,152,1,-1,-1,-1
656,177,1031,450,38,95,1,-1,-1,-1
656,175,429,566,83,116,1,-1,-1,-1
656,166,1277,499,37,106,1,-1,-1,-1
656,164,1308,626,71,73,1,-1,-1,-1
656,162,54,802,72,186,1,-1,-1,-1
656,150,1398,582,53,128,1,-1,-1,-1
656,57,1038,645,51,44,1,-1,-1,-1
657,239,877,702,15,11,1,-1,-1,-1
657,225,1664,618,53,131,1,-1,-1,-1
657,211,1547,639,57,132,1,-1,-1,-1
657,209,539,641,52,138,1,-1,-1,-1
657,203,969,452,34,93,1,-1,-1,-1
657,202,648,522,81,113,1,-1,-1,-1
657,200,108,713,71,50,1,-1,-1,-1
657,195,900,589,61,128,1,-1,-1,-1
657,191,244,563,75,122,1,-1,-1,-1
657,190,309,664,61,153,1,-1,-1,-1
657,177,1028,451,36,95,1,-1,-1,-1
657,175,428,566,83,117,1,-1,-1,-1
657,166,1276,499,37,106,1,-1,-1,-1
657,164,1309,622,69,78,1,-1,-1,-1
657,162,50,802,65,188,1,-1,-1,-1
657,150,1392,582,56,129,1,-1,-1,-1
657,57,1035,647,51,44,1,-1,-1,-1
658,239,878,702,15,11,1,-1,-1,-1
658,225,1664,618,53,131,1,-1,-1,-1
658,211,1543,639,60,132,1,-1,-1,-1
658,209,536,641,53,138,1,-1,-1,-1
658,203,968,451,34,93,1,-1,-1,-1
658,202,646,523,82,113,1,-1,-1,-1
658,200,107,713,71,50,1,-1,-1,-1
658,195,900,589,62,129,1,-1,-1,-1
658,191,243,563,76,122,1,-1,-1,-1
658,190,306,665,62,153,1,-1,-1,-1
658,177,1026,451,37,95,1,-1,-1,-1
658,175,427,566,83,117,1,-1,-1,-1
658,166,1275,499,37,106,1,-1,-1,-1
658,164,1309,621,67,80,1,-1,-1,-1
658,162,43,803,66,187,1,-1,-1,-1
658,150,1391,582,54,129,1,-1,-1,-1
658,57,1033,646,52,44,1,-1,-1,-1
659,239,879,702,15,11,1,-1,-1,-1
659,225,1664,619,53,131,1,-1,-1,-1
659,211,1538,639,62,132,1,-1,-1,-1
659,209,532,641,55,138,1,-1,-1,-1
659,203,967,451,33,93,1,-1,-1,-1
659,202,643,523,85,114,1,-1,-1,-1
659,200,105,714,71,50,1,-1,-1,-1
659,195,901,589,63,129,1,-1,-1,-1
659,191,241,563,77,122,1,-1,-1,-1
659,190,303,665,62,153,1,-1,-1,-1
659,177,1023,451,38,96,1,-1,-1,-1
659,175,426,565,83,117,1,-1,-1,-1
659,166,1274,498,37,107,1,-1,-1,-1
659,164,1310,619,66,82,1,-1,-1,-1
659,162,35,804,67,186,1,-1,-1,-1
659,150,1391,583,52,129,1,-1,-1,-1
659,57,1031,646,53,44,1,-1,-1,-1
660,239,879,702,15,11,1,-1,-1,-1
660,225,1664,619,54,131,1,-1,-1,-1
660,211,1533,639,65,132,1,-1,-1,-1
660,209,528,641,57,138,1,-1,-1,-1
660,203,965,451,32,93,1,-1,-1,-1
660,202,640,524,87,114,1,-1,-1,-1
660,200,104,714,71,51,1,-1,-1,-1
660,195,902,589,64,129,1,-1,-1,-1
660,191,239,563,79,122,1,-1,-1,-1
660,190,299,666,63,153,1,-1,-1,-1
660,177,1021,451,40,96,1,-1,-1,-1
660,175,426,565,84,117,1,-1,-1,-1
660,166,1273,498,36,107,1,-1,-1,-1
660,164,1310,617,64,84,1,-1,-1,-1
660,162,27,805,69,185,1,-1,-1,-1
660,150,1390,583,51,129,1,-1,-1,-1
660,57,1028,645,53,45,1,-1,-1,-1
661,239,880,702,15,11,1,-1,-1,-1
661,225,1664,619,54,132,1,-1,-1,-1
661,211,1528,639,68,132,1,-1,-1,-1
661,209,524,641,59,137,1,-1,-1,-1
661,203,964,451,31,94,1,-1,-1,-1
661,202,637,525,90,114,1,-1,-1,-1
661,200,103,714,71,51,1,-1,-1,-1
661,195,903,590,65,130,1,-1,-1,-1
661,191,237,564,80,122,1,-1,-1,-1
661,190,295,666,63,153,1,-1,-1,-1
661,177,1018,452,41,96,1,-1,-1,-1
661,175,425,565,84,118,1,-1,-1,-1
661,166,1272,498,36,108,1,-1,-1,-1
661,164,1311,615,62,86,1,-1,-1,-1
661,162,19,806,70,185,1,-1,-1,-1
661,150,1390,584,49,129,1,-1,-1,-1
661,57,1025,644,54,45,1,-1,-1,-1
662,239,881,702,15,11,1,-1,-1,-1
662,225,1664,619,54,132,1,-1,-1,-1
662,211,1523,638,71,132,1,-1,-1,-1
662,209,520,641,60,137,1,-1,-1,-1
662,203,963,451,30,94,1,-1,-1,-1
662,202,634,525,92,114,1,-1,-1,-1
662,200,102,714,71,51,1,-1,-1,-1
662,195,904,590,66,130,1,-1,-1,-1
662,191,235,564,81,122,1,-1,-1,-1
662,190,292,667,64,153,1,-1,-1,-1
662,177,1015,452,42,96,1,-1,-1,-1
662,175,424,565,84,118,1,-1,-1,-1
662,166,1270,497,36,108,1,-1,-1,-1
662,164,1311,613,60,88,1,-1,-1,-1
662,162,11,807,71,184,1,-1,-1,-1
662,150,1389,584,47,129,1,-1,-1,-1
662,57,1023,643,55,45,1,-1,-1,-1
663,239,882,702,15,11,1,-1,-1,-1
663,225,1664,620,55,132,1,-1,-1,-1
663,211,1516,638,75,132,1,-1,-1,-1
663,209,515,642,63,137,1,-1,-1,-1
663,203,961,451,29,94,1,-1,-1,-1
663,202,630,526,95,115,1,-1,-1,-1
663,200,100,715,71,51,1,-1,-1,-1
663,195,906,590,67,130,1,-1,-1,-1
663,191,232,564,83,122,1,-1,-1,-1
663,190,287,667,64,153,1,-1,-1,-1
663,177,1012,452,44,96,1,-1,-1,-1
663,175,423,564,84,118,1,-1,-1,-1
663,166,1269,497,36,108,1,-1,-1,-1
663,164,1312,610,58,91,1,-1,-1,-1
663,162,0,809,73,183,1,-1,-1,-1
663,150,1388,585,44,130,1,-1,-1,-1
663,57,1019,642,56,45,1,-1,-1,-1
664,239,883,702,15,11,1,-1,-1,-1
664,225,1664,620,53,132,1,-1,-1,-1
664,211,1513,638,74,132,1,-1,-1,-1
664,209,513,641,62,137,1,-1,-1,-1
664,203,959,451,30,94,1,-1,-1,-1
664,202,629,526,96,115,1,-1,-1,-1
664,200,99,715,71,51,1,-1,-1,-1
664,195,906,590,68,131,1,-1,-1,-1
664,191,232,564,84,122,1,-1,-1,-1
664,190,285,667,64,153,1,-1,-1,-1
664,177,1011,452,42,96,1,-1,-1,-1
664,175,422,564,84,118,1,-1,-1,-1
664,166,1267,497,37,109,1,-1,-1,-1
664,164,1312,609,58,92,1,-1,-1,-1
664,162,0,809,72,183,1,-1,-1,-1
664,150,1386,585,45,130,1,-1,-1,-1
664,57,1018,642,56,45,1,-1,-1,-1
665,239,884,702,15,11,1,-1,-1,-1
665,225,1664,620,50,133,1,-1,-1,-1
665,211,1508,637,72,132,1,-1,-1,-1
665,209,511,641,59,137,1,-1,-1,-1
665,203,955,451,32,94,1,-1,-1,-1
665,202,628,526,96,115,1,-1,-1,-1
665,200,98,715,71,51,1,-1,-1,-1
665,195,907,589,68,131,1,-1,-1,-1
665,191,232,565,85,122,1,-1,-1,-1
665,190,281,667,64,153,1,-1,-1,-1
665,177,1009,453,40,96,1,-1,-1,-1
665,175,421,564,84,119,1,-1,-1,-1
665,166,1264,497,39,109,1,-1,-1,-1
665,164,1312,608,57,93,1,-1,-1,-1
665,162,0,810,68,184,1,-1,-1,-1
665,150,1382,585,46,130,1,-1,-1,-1
665,57,1015,643,57,45,1,-1,-1,-1
666,239,885,701,15,11,1,-1,-1,-1
666,225,1663,620,47,133,1,-1,-1,-1
666,211,1503,636,71,133,1,-1,-1,-1
666,209,509,641,57,137,1,-1,-1,-1
666,203,952,451,34,94,1,-1,-1,-1
666,202,627,526,96,115,1,-1,-1,-1
666,200,97,715,71,51,1,-1,-1,-1
666,195,907,588,69,131,1,-1,-1,-1
666,191,231,566,87,122,1,-1,-1,-1
666,190,278,667,63,154,1,-1,-1,-1
666,177,1007,453,37,96,1,-1,-1,-1
666,175,420,564,85,119,1,-1,-1,-1
666,166,1261,497,41,109,1,-1,-1,-1
666,164,1312,607,57,95,1,-1,-1,-1
666,162,0,812,61,184,1,-1,-1,-1
666,150,1378,585,48,130,1,-1,-1,-1
666,57,1013,643,57,46,1,-1,-1,-1
667,225,1663,621,44,133,1,-1,-1,-1
667,211,1497,636,69,133,1,-1,-1,-1
667,209,506,641,55,137,1,-1,-1,-1
667,203,948,450,37,94,1,-1,-1,-1
667,202,626,526,97,115,1,-1,-1,-1
667,200,96,715,71,51,1,-1,-1,-1
667,195,908,587,70,131,1,-1,-1,-1
667,191,231,567,88,122,1,-1,-1,-1
667,190,274,667,63,154,1,-1,-1,-1
667,177,1005,453,35,96,1,-1,-1,-1
667,175,419,565,85,119,1,-1,-1,-1
667,166,1258,497,42,109,1,-1,-1,-1
667,164,1313,606,56,96,1,-1,-1,-1
667,162,0,811,48,184,1,-1,-1,-1
667,150,1374,585,50,131,1,-1,-1,-1
667,57,1011,644,58,46,1,-1,-1,-1
668,225,1663,621,41,133,1,-1,-1,-1
668,211,1492,635,68,133,1,-1,-1,-1
668,209,504,641,52,137,1,-1,-1,-1
668,203,945,450,39,94,1,-1,-1,-1
668,202,625,526,97,115,1,-1,-1,-1
668,200,95,715,71,51,1,-1,-1,-1
668,195,909,586,71,132,1,-1,-1,-1
668,191,230,567,89,122,1,-1,-1,-1
668,190,271,667,62,154,1,-1,-1,-1
668,177,1004,453,32,96,1,-1,-1,-1
668,175,418,565,85,119,1,-1,-1,-1
668,166,1255,498,44,110,1,-1,-1,-1
668,164,1313,605,56,97,1,-1,-1,-1
668,162,0,818,34,178,1,-1,-1,-1
668,150,1370,585,51,131,1,-1,-1,-1
668,57,1009,644,58,46,1,-1,-1,-1
669,225,1662,621,36,134,1,-1,-1,-1
669,211,1484,634,65,134,1,-1,-1,-1
669,209,500,641,48,138,1,-1,-1,-1
669,203,939,450,42,93,1,-1,-1,-1
669,202,623,526,98,116,1,-1,-1,-1
669,200,93,715,71,51,1,-1,-1,-1
669,195,910,585,72,132,1,-1,-1,-1
669,191,230,569,92,122,1,-1,-1,-1
669,190,265,666,62,155,1,-1,-1,-1
669,177,1001,453,28,96,1,-1,-1,-1
669,175,416,565,85,120,1,-1,-1,-1
669,166,1251,498,48,110,1,-1,-1,-1
669,164,1314,603,55,100,1,-1,-1,-1
669,162,0,834,19,161,1,-1,-1,-1
669,150,1363,585,54,131,1,-1,-1,-1
669,57,1007,645,59,46,1,-1,-1,-1
670,225,1660,621,38,134,1,-1,-1,-1
670,211,1483,634,65,134,1,-1,-1,-1
670,209,497,641,50,138,1,-1,-1,-1
670,203,939,450,42,94,1,-1,-1,-1
670,202,622,526,98,116,1,-1,-1,-1
670,200,92,715,71,51,1,-1,-1,-1
670,195,910,585,71,132,1,-1,-1,-1
670,191,229,569,91,122,1,-1,-1,-1
670,190,264,666,62,155,1,-1,-1,-1
670,177,999,453,29,96,1,-1,-1,-1
670,175,416,565,85,120,1,-1,-1,-1
670,166,1251,498,47,110,1,-1,-1,-1
670,164,1313,603,56,100,1,-1,-1,-1
670,150,1363,586,54,131,1,-1,-1,-1
670,57,1004,646,60,46,1,-1,-1,-1
671,225,1655,621,44,134,1,-1,-1,-1
671,211,1481,634,65,133,1,-1,-1,-1
671,209,489,642,54,138,1,-1,-1,-1
671,203,939,450,42,94,1,-1,-1,-1
671,202,622,527,97,116,1,-1,-1,-1
671,200,91,716,71,51,1,-1,-1,-1
671,195,911,585,70,132,1,-1,-1,-1
671,191,229,569,90,123,1,-1,-1,-1
671,190,260,666,61,155,1,-1,-1,-1
671,177,995,453,33,96,1,-1,-1,-1
671,175,416,565,84,120,1,-1,-1,-1
671,166,1250,498,45,111,1,-1,-1,-1
671,164,1311,603,58,99,1,-1,-1,-1
671,150,1361,586,56,131,1,-1,-1,-1
671,57,1002,646,60,47,1,-1,-1,-1
672,225,1650,622,49,134,1,-1,-1,-1
672,211,1479,633,65,133,1,-1,-1,-1
672,209,481,642,59,137,1,-1,-1,-1
672,203,939,450,41,94,1,-1,-1,-1
672,202,621,527,96,116,1,-1,-1,-1
672,200,91,716,71,51,1,-1,-1,-1
672,195,912,584,68,133,1,-1,-1,-1
672,191,228,568,89,123,1,-1,-1,-1
672,190,256,666,61,156,1,-1,-1,-1
672,177,990,453,37,96,1,-1,-1,-1
672,175,415,565,83,120,1,-1,-1,-1
672,166,1250,498,44,111,1,-1,-1,-1
672,164,1309,604,60,99,1,-1,-1,-1
672,150,1359,586,57,131,1,-1,-1,-1
672,57,1000,647,61,47,1,-1,-1,-1
673,225,1645,622,55,134,1,-1,-1,-1
673,211,1477,633,65,133,1,-1,-1,-1
673,209,473,642,63,137,1,-1,-1,-1
673,203,939,450,41,94,1,-1,-1,-1
673,202,620,528,96,117,1,-1,-1,-1
673,200,90,717,71,52,1,-1,-1,-1
673,195,913,584,66,133,1,-1,-1,-1
673,191,227,568,88,124,1,-1,-1,-1
673,190,253,665,60,156,1,-1,-1,-1
673,177,985,454,41,95,1,-1,-1,-1
673,175,415,565,82,121,1,-1,-1,-1
673,166,1250,498,42,112,1,-1,-1,-1
673,164,1307,604,61,99,1,-1,-1,-1
673,150,1357,586,58,132,1,-1,-1,-1
673,57,998,647,62,47,1,-1,-1,-1
674,225,1640,622,60,135,1,-1,-1,-1
674,211,1475,633,64,133,1,-1,-1,-1
674,209,464,643,68,137,1,-1,-1,-1
674,203,939,450,40,95,1,-1,-1,-1
674,202,619,529,95,117,1,-1,-1,-1
674,200,89,717,71,52,1,-1,-1,-1
674,195,914,583,65,133,1,-1,-1,-1
674,191,226,568,87,125,1,-1,-1,-1
674,190,249,665,60,156,1,-1,-1,-1
674,177,981,454,45,95,1,-1,-1,-1
674,175,414,565,81,121,1,-1,-1,-1
674,166,1250,498,41,112,1,-1,-1,-1
674,164,1306,605,63,98,1,-1,-1,-1
674,150,1355,586,60,132,1,-1,-1,-1
674,57,995,648,62,47,1,-1,-1,-1
675,225,1629,622,71,135,1,-1,-1,-1
675,211,1471,632,64,132,1,-1,-1,-1
675,209,448,644,77,137,1,-1,-1,-1
675,203,939,449,40,95,1,-1,-1,-1
675,202,618,530,94,118,1,-1,-1,-1
675,200,87,718,71,52,1,-1,-1,-1
675,195,916,583,62,134,1,-1,-1,-1
675,191,224,568,85,126,1,-1,-1,-1
675,190,241,665,59,157,1,-1,-1,-1
675,177,972,454,53,95,1,-1,-1,-1
675,175,413,565,79,121,1,-1,-1,-1
675,166,1250,498,38,113,1,-1,-1,-1
675,164,1302,606,67,98,1,-1,-1,-1
675,150,1351,586,62,132,1,-1,-1,-1
675,57,991,649,64,48,1,-1,-1,-1
676,225,1630,622,71,135,1,-1,-1,-1
676,211,1471,632,64,132,1,-1,-1,-1
676,209,448,644,77,137,1,-1,-1,-1
676,203,938,449,39,95,1,-1,-1,-1
676,202,618,530,94,118,1,-1,-1,-1
676,200,87,718,71,52,1,-1,-1,-1
676,195,916,583,62,134,1,-1,-1,-1
676,191,224,568,85,126,1,-1,-1,-1
676,190,241,665,59,157,1,-1,-1,-1
676,177,971,454,53,95,1,-1,-1,-1
676,175,413,565,79,121,1,-1,-1,-1
676,166,1250,498,38,113,1,-1,-1,-1
676,164,1302,606,67,98,1,-1,-1,-1
676,150,1351,586,62,132,1,-1,-1,-1
676,57,991,649,64,47,1,-1,-1,-1
677,225,1630,623,69,135,1,-1,-1,-1
677,211,1464,632,65,133,1,-1,-1,-1
677,209,446,644,75,137,1,-1,-1,-1
677,203,938,449,37,95,1,-1,-1,-1
677,202,620,530,89,118,1,-1,-1,-1
677,200,85,718,71,52,1,-1,-1,-1
677,195,916,583,62,133,1,-1,-1,-1
677,191,225,569,84,126,1,-1,-1,-1
677,190,236,665,61,157,1,-1,-1,-1
677,177,971,453,49,95,1,-1,-1,-1
677,175,413,565,77,122,1,-1,-1,-1
677,166,1247,498,39,113,1,-1,-1,-1
677,164,1302,606,67,98,1,-1,-1,-1
677,150,1349,586,58,133,1,-1,-1,-1
677,57,987,650,66,47,1,-1,-1,-1
678,225,1630,623,66,136,1,-1,-1,-1
678,211,1457,632,66,133,1,-1,-1,-1
678,209,444,644,74,137,1,-1,-1,-1
678,203,937,449,35,95,1,-1,-1,-1
678,202,621,530,84,119,1,-1,-1,-1
678,200,84,718,70,53,1,-1,-1,-1
678,195,917,583,63,133,1,-1,-1,-1
678,191,225,569,84,126,1,-1,-1,-1
678,190,231,665,63,157,1,-1,-1,-1
678,177,970,453,45,96,1,-1,-1,-1
678,175,413,565,75,122,1,-1,-1,-1
678,166,1245,499,41,114,1,-1,-1,-1
678,164,1303,606,67,98,1,-1,-1,-1
678,150,1348,585,54,133,1,-1,-1,-1
678,57,983,651,68,46,1,-1,-1,-1
679,225,1631,623,64,136,1,-1,-1,-1
679,211,1450,632,67,133,1,-1,-1,-1
679,209,442,644,72,137,1,-1,-1,-1
679,203,936,449,32,95,1,-1,-1,-1
679,202,623,529,79,120,1,-1,-1,-1
679,200,82,718,70,53,1,-1,-1,-1
679,195,917,583,63,133,1,-1,-1,-1
679,191,225,569,83,127,1,-1,-1,-1
679,190,226,666,66,157,1,-1,-1,-1
679,177,969,453,42,96,1,-1,-1,-1
679,175,413,565,74,122,1,-1,-1,-1
679,166,1243,499,42,114,1,-1,-1,-1
679,164,1303,607,67,97,1,-1,-1,-1
679,150,1347,585,50,134,1,-1,-1,-1
679,57,980,653,70,45,1,-1,-1,-1
680,225,1631,623,61,136,1,-1,-1,-1
680,211,1443,632,68,134,1,-1,-1,-1
680,209,440,645,71,137,1,-1,-1,-1
680,203,935,449,30,95,1,-1,-1,-1
680,202,624,529,74,121,1,-1,-1,-1
680,200,80,718,70,53,1,-1,-1,-1
680,195,918,583,64,133,1,-1,-1,-1
680,191,226,569,82,127,1,-1,-1,-1
680,190,221,666,68,157,1,-1,-1,-1
680,177,968,452,38,97,1,-1,-1,-1
680,175,413,565,72,122,1,-1,-1,-1
680,166,1240,500,44,114,1,-1,-1,-1
680,164,1304,607,67,97,1,-1,-1,-1
680,150,1345,585,45,135,1,-1,-1,-1
680,57,976,654,72,44,1,-1,-1,-1
681,225,1632,624,59,137,1,-1,-1,-1
681,211,1435,632,69,134,1,-1,-1,-1
681,209,438,645,70,137,1,-1,-1,-1
681,203,934,449,28,95,1,-1,-1,-1
681,202,626,529,69,121,1,-1,-1,-1
681,200,79,718,69,54,1,-1,-1,-1
681,195,918,583,64,133,1,-1,-1,-1
681,191,226,570,81,127,1,-1,-1,-1
681,190,216,666,70,157,1,-1,-1,-1
681,177,968,452,34,97,1,-1,-1,-1
681,175,412,565,70,122,1,-1,-1,-1
681,166,1238,500,45,115,1,-1,-1,-1
681,164,1304,607,66,97,1,-1,-1,-1
681,150,1344,584,41,136,1,-1,-1,-1
681,57,972,655,74,43,1,-1,-1,-1
682,225,1632,624,56,137,1,-1,-1,-1
682,211,1427,632,70,135,1,-1,-1,-1
682,209,435,645,68,137,1,-1,-1,-1
682,203,933,449,25,95,1,-1,-1,-1
682,202,628,529,63,122,1,-1,-1,-1
682,200,77,718,69,54,1,-1,-1,-1
682,195,919,582,65,132,1,-1,-1,-1
682,191,227,570,80,127,1,-1,-1,-1
682,190,210,667,72,158,1,-1,-1,-1
682,177,967,451,30,98,1,-1,-1,-1
682,175,412,565,68,122,1,-1,-1,-1
682,166,1235,501,47,115,1,-1,-1,-1
682,164,1305,608,66,97,1,-1,-1,-1
682,150,1342,584,36,137,1,-1,-1,-1
682,57,968,657,76,43,1,-1,-1,-1
683,225,1627,624,59,137,1,-1,-1,-1
683,211,1426,632,67,135,1,-1,-1,-1
683,209,431,645,66,138,1,-1,-1,-1
683,203,930,449,27,96,1,-1,-1,-1
683,202,628,530,61,122,1,-1,-1,-1
683,200,76,718,68,54,1,-1,-1,-1
683,195,917,582,68,132,1,-1,-1,-1
683,191,228,570,79,127,1,-1,-1,-1
683,190,207,666,72,158,1,-1,-1,-1
683,177,963,452,32,97,1,-1,-1,-1
683,175,416,565,66,122,1,-1,-1,-1
683,166,1235,501,46,115,1,-1,-1,-1
683,164,1303,606,68,98,1,-1,-1,-1
683,150,1337,584,41,136,1,-1,-1,-1
683,57,967,657,75,42,1,-1,-1,-1
684,225,1621,624,63,138,1,-1,-1,-1
684,211,1425,631,63,135,1,-1,-1,-1
684,209,425,645,64,139,1,-1,-1,-1
684,203,927,449,29,96,1,-1,-1,-1
684,202,629,530,59,122,1,-1,-1,-1
684,200,76,718,68,54,1,-1,-1,-1
684,195,914,582,73,132,1,-1,-1,-1
684,191,229,570,77,127,1,-1,-1,-1
684,190,204,666,71,159,1,-1,-1,-1
684,177,958,452,35,97,1,-1,-1,-1
684,175,421,565,63,122,1,-1,-1,-1
684,166,1235,502,45,116,1,-1,-1,-1
684,164,1301,605,70,99,1,-1,-1,-1
684,150,1331,585,47,136,1,-1,-1,-1
684,57,967,658,74,42,1,-1,-1,-1
685,225,1615,624,67,138,1,-1,-1,-1
685,211,1424,630,59,135,1,-1,-1,-1
685,209,420,644,62,139,1,-1,-1,-1
685,203,923,448,32,96,1,-1,-1,-1
685,202,630,531,57,122,1,-1,-1,-1
685,200,75,718,68,54,1,-1,-1,-1
685,195,912,582,77,132,1,-1,-1,-1
685,191,230,571,75,128,1,-1,-1,-1
685,190,200,666,70,160,1,-1,-1,-1
685,177,954,452,38,97,1,-1,-1,-1
685,175,427,565,59,122,1,-1,-1,-1
685,166,1234,502,44,116,1,-1,-1,-1
685,164,1299,603,73,101,1,-1,-1,-1
685,150,1326,585,52,135,1,-1,-1,-1
685,57,966,658,72,42,1,-1,-1,-1
686,225,1609,625,71,139,1,-1,-1,-1
686,211,1423,630,54,135,1,-1,-1,-1
686,209,414,644,60,140,1,-1,-1,-1
686,203,920,448,34,97,1,-1,-1,-1
686,202,631,532,55,123,1,-1,-1,-1
686,200,75,719,67,54,1,-1,-1,-1
686,195,909,582,82,132,1,-1,-1,-1
686,191,231,571,73,128,1,-1,-1,-1
686,190,197,665,69,160,1,-1,-1,-1
686,177,949,453,41,97,1,-1,-1,-1
686,175,432,565,56,122,1,-1,-1,-1
686,166,1234,503,43,116,1,-1,-1,-1
686,164,1297,601,75,102,1,-1,-1,-1
686,150,1320,586,58,135,1,-1,-1,-1
686,57,965,659,71,42,1,-1,-1,-1
687,225,1603,625,74,139,1,-1,-1,-1
687,211,1422,629,50,135,1,-1,-1,-1
687,209,409,644,58,141,1,-1,-1,-1
687,203,917,448,37,97,1,-1,-1,-1
687,202,632,533,54,123,1,-1,-1,-1
687,200,75,719,67,54,1,-1,-1,-1
687,195,906,581,86,131,1,-1,-1,-1
687,191,233,571,71,128,1,-1,-1,-1
687,190,194,665,69,161,1,-1,-1,-1
687,177,945,453,44,96,1,-1,-1,-1
687,175,437,565,53,122,1,-1,-1,-1
687,166,1234,503,42,117,1,-1,-1,-1
687,164,1295,599,77,103,1,-1,-1,-1
687,150,1314,587,64,134,1,-1,-1,-1
687,57,964,660,70,42,1,-1,-1,-1
688,225,1595,625,80,140,1,-1,-1,-1
688,211,1420,628,44,135,1,-1,-1,-1
688,209,401,643,56,142,1,-1,-1,-1
688,203,912,448,40,97,1,-1,-1,-1
688,202,633,534,51,123,1,-1,-1,-1
688,200,74,719,66,53,1,-1,-1,-1
688,195,903,581,93,131,1,-1,-1,-1
688,191,234,571,69,128,1,-1,-1,-1
688,190,189,664,67,162,1,-1,-1,-1
688,177,938,453,49,96,1,-1,-1,-1
688,175,444,565,48,122,1,-1,-1,-1
688,166,1233,504,41,117,1,-1,-1,-1
688,164,1292,597,80,105,1,-1,-1,-1
688,150,1306,587,72,134,1,-1,-1,-1
688,57,963,660,68,42,1,-1,-1,-1
689,225,1595,625,78,140,1,-1,-1,-1
689,211,1416,628,47,135,1,-1,-1,-1
689,209,399,643,57,142,1,-1,-1,-1
689,203,911,448,40,97,1,-1,-1,-1
689,202,634,534,51,123,1,-1,-1,-1
689,200,73,719,67,54,1,-1,-1,-1
689,195,902,581,94,131,1,-1,-1,-1
689,191,235,572,67,128,1,-1,-1,-1
689,190,187,665,68,162,1,-1,-1,-1
689,177,936,453,48,97,1,-1,-1,-1
689,175,444,565,50,122,1,-1,-1,-1
689,166,1233,504,41,117,1,-1,-1,-1
689,164,1291,596,78,106,1,-1,-1,-1
689,150,1306,587,69,134,1,-1,-1,-1
689,57,963,661,68,42,1,-1,-1,-1
690,225,1595,625,76,140,1,-1,-1,-1
690,211,1408,628,52,134,1,-1,-1,-1
690,209,394,643,60,143,1,-1,-1,-1
690,203,911,448,40,97,1,-1,-1,-1
690,202,635,534,51,123,1,-1,-1,-1
690,200,71,719,68,54,1,-1,-1,-1
690,195,901,581,96,132,1,-1,-1,-1
690,191,237,572,64,128,1,-1,-1,-1
690,190,184,665,70,162,1,-1,-1,-1
690,177,933,453,47,97,1,-1,-1,-1
690,175,445,566,54,122,1,-1,-1,-1
690,166,1232,504,42,118,1,-1,-1,-1
690,164,1290,594,74,109,1,-1,-1,-1
690,150,1306,587,65,135,1,-1,-1,-1
690,57,963,661,68,42,1,-1,-1,-1
691,225,1596,626,73,141,1,-1,-1,-1
691,211,1400,628,57,134,1,-1,-1,-1
691,209,390,643,63,143,1,-1,-1,-1
691,203,910,448,40,98,1,-1,-1,-1
691,202,636,534,52,123,1,-1,-1,-1
691,200,68,720,69,55,1,-1,-1,-1
691,195,900,581,98,132,1,-1,-1,-1
691,191,238,572,62,129,1,-1,-1,-1
691,190,180,665,72,162,1,-1,-1,-1
691,177,930,452,46,98,1,-1,-1,-1
691,175,445,567,58,121,1,-1,-1,-1
691,166,1230,503,42,118,1,-1,-1,-1
691,164,1289,592,70,111,1,-1,-1,-1
691,150,1306,587,60,135,1,-1,-1,-1
691,57,963,661,68,42,1,-1,-1,-1
692,225,1596,626,70,141,1,-1,-1,-1
692,211,1393,629,62,134,1,-1,-1,-1
692,209,385,643,66,144,1,-1,-1,-1
692,203,909,448,40,98,1,-1,-1,-1
692,202,637,534,52,124,1,-1,-1,-1
692,200,66,720,70,55,1,-1,-1,-1
692,195,899,581,100,133,1,-1,-1,-1
692,191,239,573,59,129,1,-1,-1,-1
692,190,177,665,73,161,1,-1,-1,-1
692,177,927,452,45,99,1,-1,-1,-1
692,175,445,567,62,121,1,-1,-1,-1
692,166,1229,503,43,118,1,-1,-1,-1
692,164,1288,590,66,113,1,-1,-1,-1
692,150,1306,587,55,136,1,-1,-1,-1
692,57,963,661,69,42,1,-1,-1,-1
693,225,1596,626,68,141,1,-1,-1,-1
693,211,1385,629,66,134,1,-1,-1,-1
693,209,381,643,69,144,1,-1,-1,-1
693,203,909,448,40,98,1,-1,-1,-1
693,202,638,535,53,124,1,-1,-1,-1
693,200,64,720,71,56,1,-1,-1,-1
693,195,898,581,102,133,1,-1,-1,-1
693,191,241,573,56,129,1,-1,-1,-1
693,190,174,666,75,161,1,-1,-1,-1
693,177,924,451,44,100,1,-1,-1,-1
693,175,446,568,66,121,1,-1,-1,-1
693,166,1228,503,43,118,1,-1,-1,-1
693,164,1288,588,62,115,1,-1,-1,-1
693,150,1306,586,51,137,1,-1,-1,-1
693,57,963,661,69,42,1,-1,-1,-1
694,225,1597,626,63,141,1,-1,-1,-1
694,211,1372,629,75,133,1,-1,-1,-1
694,209,373,643,74,145,1,-1,-1,-1
694,203,907,448,40,98,1,-1,-1,-1
694,202,640,535,53,124,1,-1,-1,-1
694,200,61,721,73,56,1,-1,-1,-1
694,195,897,581,106,134,1,-1,-1,-1
694,191,243,574,52,129,1,-1,-1,-1
694,190,168,666,78,161,1,-1,-1,-1
694,177,918,450,42,101,1,-1,-1,-1
694,175,446,569,73,120,1,-1,-1,-1
694,166,1226,503,44,119,1,-1,-1,-1
694,164,1286,584,55,119,1,-1,-1,-1
694,150,1306,586,43,138,1,-1,-1,-1
694,57,962,661,69,43,1,-1,-1,-1
695,225,1597,627,62,142,1,-1,-1,-1
695,211,1371,629,73,133,1,-1,-1,-1
695,209,372,642,73,145,1,-1,-1,-1
695,203,907,447,39,98,1,-1,-1,-1
695,202,640,535,54,125,1,-1,-1,-1
695,200,61,721,72,56,1,-1,-1,-1
695,195,897,581,106,134,1,-1,-1,-1
695,191,243,574,52,129,1,-1,-1,-1
695,190,168,666,77,161,1,-1,-1,-1
695,177,917,451,42,101,1,-1,-1,-1
695,175,449,568,71,120,1,-1,-1,-1
695,166,1226,503,44,119,1,-1,-1,-1
695,164,1285,584,56,119,1,-1,-1,-1
695,150,1304,586,44,138,1,-1,-1,-1
695,57,962,661,69,43,1,-1,-1,-1
696,225,1598,627,60,142,1,-1,-1,-1
696,211,1370,628,68,134,1,-1,-1,-1
696,209,369,642,69,145,1,-1,-1,-1
696,203,906,447,37,98,1,-1,-1,-1
696,202,640,536,57,125,1,-1,-1,-1
696,200,61,721,72,56,1,-1,-1,-1
696,195,899,581,106,135,1,-1,-1,-1
696,191,243,574,54,130,1,-1,-1,-1
696,190,168,666,74,162,1,-1,-1,-1
696,177,914,451,45,100,1,-1,-1,-1
696,175,456,568,66,121,1,-1,-1,-1
696,166,1226,504,43,119,1,-1,-1,-1
696,164,1282,583,58,120,1,-1,-1,-1
696,150,1297,587,49,137,1,-1,-1,-1
696,57,962,661,69,43,1,-1,-1,-1
697,225,1599,627,57,142,1,-1,-1,-1
697,211,1369,627,62,134,1,-1,-1,-1
697,209,365,642,66,146,1,-1,-1,-1
697,203,906,447,34,98,1,-1,-1,-1
697,202,640,536,59,126,1,-1,-1,-1
697,200,61,720,72,56,1,-1,-1,-1
697,195,901,581,106,135,1,-1,-1,-1
697,191,244,574,56,130,1,-1,-1,-1
697,190,168,665,72,162,1,-1,-1,-1
697,177,910,451,47,100,1,-1,-1,-1
697,175,464,568,61,121,1,-1,-1,-1
697,166,1226,505,42,119,1,-1,-1,-1
697,164,1279,583,60,121,1,-1,-1,-1
697,150,1290,587,54,137,1,-1,-1,-1
697,57,962,661,70,43,1,-1,-1,-1
698,225,1599,627,54,142,1,-1,-1,-1
698,211,1368,627,57,134,1,-1,-1,-1
698,209,362,642,62,147,1,-1,-1,-1
698,203,905,447,32,99,1,-1,-1,-1
698,202,640,537,62,126,1,-1,-1,-1
698,200,61,720,72,56,1,-1,-1,-1
698,195,902,580,107,136,1,-1,-1,-1
698,191,244,574,58,131,1,-1,-1,-1
698,190,168,665,69,162,1,-1,-1,-1
698,177,907,452,50,100,1,-1,-1,-1
698,175,471,568,56,122,1,-1,-1,-1
698,166,1226,505,41,120,1,-1,-1,-1
698,164,1275,582,62,122,1,-1,-1,-1
698,150,1282,587,58,136,1,-1,-1,-1
698,57,962,660,70,43,1,-1,-1,-1
699,225,1600,627,52,142,1,-1,-1,-1
699,211,1367,626,51,135,1,-1,-1,-1
699,209,358,641,59,147,1,-1,-1,-1
699,203,904,447,30,99,1,-1,-1,-1
699,202,640,538,64,127,1,-1,-1,-1
699,200,61,720,71,56,1,-1,-1,-1
699,195,904,580,107,136,1,-1,-1,-1
699,191,244,574,59,131,1,-1,-1,-1
699,190,168,665,66,163,1,-1,-1,-1
699,177,903,452,52,100,1,-1,-1,-1
699,175,479,568,51,122,1,-1,-1,-1
699,166,1226,506,39,120,1,-1,-1,-1
699,164,1272,581,64,123,1,-1,-1,-1
699,150,1275,588,63,136,1,-1,-1,-1
699,57,962,660,70,43,1,-1,-1,-1
700,225,1602,628,47,143,1,-1,-1,-1
700,211,1365,624,41,135,1,-1,-1,-1
700,209,352,641,52,148,1,-1,-1,-1
700,203,903,447,25,99,1,-1,-1,-1
700,202,640,539,69,128,1,-1,-1,-1
700,200,61,720,71,55,1,-1,-1,-1
700,195,907,580,108,137,1,-1,-1,-1
700,191,245,574,63,132,1,-1,-1,-1
700,190,168,664,61,163,1,-1,-1,-1
700,177,896,453,57,99,1,-1,-1,-1
700,175,493,567,41,123,1,-1,-1,-1
700,166,1226,508,37,120,1,-1,-1,-1
700,164,1266,580,69,125,1,-1,-1,-1
700,150,1261,589,71,135,1,-1,-1,-1
700,57,962,660,71,44,1,-1,-1,-1
701,225,1601,628,47,143,1,-1,-1,-1
701,211,1364,624,41,135,1,-1,-1,-1
701,209,351,641,52,148,1,-1,-1,-1
701,203,903,447,26,99,1,-1,-1,-1
701,202,640,539,70,128,1,-1,-1,-1
701,200,61,720,71,55,1,-1,-1,-1
701,195,908,580,108,137,1,-1,-1,-1
701,191,245,574,63,132,1,-1,-1,-1
701,190,168,664,61,163,1,-1,-1,-1
701,177,896,453,56,99,1,-1,-1,-1
701,175,494,567,42,123,1,-1,-1,-1
701,166,1226,508,37,120,1,-1,-1,-1
701,164,1265,580,69,125,1,-1,-1,-1
701,150,1261,589,71,135,1,-1,-1,-1
701,57,962,660,71,44,1,-1,-1,-1
702,225,1597,628,50,143,1,-1,-1,-1
702,211,1356,624,47,135,1,-1,-1,-1
702,209,345,641,56,148,1,-1,-1,-1
702,203,900,447,28,99,1,-1,-1,-1
702,202,640,539,73,128,1,-1,-1,-1
702,200,59,720,72,56,1,-1,-1,-1
702,195,910,580,107,137,1,-1,-1,-1
702,191,246,574,61,132,1,-1,-1,-1
702,190,166,664,61,164,1,-1,-1,-1
702,177,896,453,52,100,1,-1,-1,-1
702,175,496,567,46,123,1,-1,-1,-1
702,166,1224,508,38,121,1,-1,-1,-1
702,164,1263,579,67,126,1,-1,-1,-1
702,150,1260,589,69,136,1,-1,-1,-1
702,57,962,660,71,44,1,-1,-1,-1
703,225,1593,629,53,143,1,-1,-1,-1
703,211,1349,624,52,135,1,-1,-1,-1
703,209,339,642,61,148,1,-1,-1,-1
703,203,898,447,30,99,1,-1,-1,-1
703,202,639,539,77,128,1,-1,-1,-1
703,200,57,720,72,57,1,-1,-1,-1
703,195,912,580,107,137,1,-1,-1,-1
703,191,247,574,59,132,1,-1,-1,-1
703,190,164,664,61,164,1,-1,-1,-1
703,177,896,452,47,100,1,-1,-1,-1
703,175,498,567,51,123,1,-1,-1,-1
703,166,1223,508,38,122,1,-1,-1,-1
703,164,1261,578,65,126,1,-1,-1,-1
703,150,1259,588,67,136,1,-1,-1,-1
703,57,962,660,71,44,1,-1,-1,-1
704,225,1588,629,56,143,1,-1,-1,-1
704,211,1341,624,58,135,1,-1,-1,-1
704,209,332,642,66,147,1,-1,-1,-1
704,203,896,447,32,99,1,-1,-1,-1
704,202,639,539,80,128,1,-1,-1,-1
704,200,56,720,73,57,1,-1,-1,-1
704,195,915,580,106,136,1,-1,-1,-1
704,191,248,574,57,132,1,-1,-1,-1
704,190,162,663,62,164,1,-1,-1,-1
704,177,895,452,43,100,1,-1,-1,-1
704,175,500,568,55,123,1,-1,-1,-1
704,166,1222,508,39,122,1,-1,-1,-1
704,164,1259,577,64,127,1,-1,-1,-1
704,150,1258,588,64,136,1,-1,-1,-1
704,57,962,660,71,44,1,-1,-1,-1
705,225,1584,630,59,143,1,-1,-1,-1
705,211,1333,625,64,135,1,-1,-1,-1
705,209,326,643,70,147,1,-1,-1,-1
705,203,894,448,34,99,1,-1,-1,-1
705,202,639,539,84,128,1,-1,-1,-1
705,200,54,720,74,58,1,-1,-1,-1
705,195,917,580,106,136,1,-1,-1,-1
705,191,249,574,55,132,1,-1,-1,-1
705,190,160,663,62,164,1,-1,-1,-1
705,177,895,451,39,101,1,-1,-1,-1
705,175,503,568,60,123,1,-1,-1,-1
705,166,1220,508,39,123,1,-1,-1,-1
705,164,1256,576,62,127,1,-1,-1,-1
705,150,1257,588,62,137,1,-1,-1,-1
705,57,962,660,71,44,1,-1,-1,-1
706,225,1580,631,62,143,1,-1,-1,-1
706,211,1325,625,69,136,1,-1,-1,-1
706,209,319,643,75,147,1,-1,-1,-1
706,203,891,448,36,99,1,-1,-1,-1
706,202,638,539,87,128,1,-1,-1,-1
706,200,53,720,74,59,1,-1,-1,-1
706,195,920,580,105,136,1,-1,-1,-1
706,191,250,574,53,132,1,-1,-1,-1
706,190,158,663,62,164,1,-1,-1,-1
706,177,895,451,34,101,1,-1,-1,-1
706,175,505,568,65,123,1,-1,-1,-1
706,166,1219,509,40,123,1,-1,-1,-1
706,164,1254,575,60,128,1,-1,-1,-1
706,150,1256,588,60,137,1,-1,-1,-1
706,57,963,660,71,44,1,-1,-1,-1
707,225,1575,631,66,143,1,-1,-1,-1
707,211,1316,625,76,136,1,-1,-1,-1
707,209,312,644,80,147,1,-1,-1,-1
707,203,894,451,29,102,1,-1,-1,-1
707,202,638,539,92,128,1,-1,-1,-1
707,200,51,720,75,60,1,-1,-1,-1
707,195,922,580,105,136,1,-1,-1,-1
707,191,251,574,51,132,1,-1,-1,-1
707,190,155,663,62,164,1,-1,-1,-1
707,177,889,448,39,99,1,-1,-1,-1
707,175,508,568,70,123,1,-1,-1,-1
707,166,1217,509,40,124,1,-1,-1,-1
707,164,1252,574,58,129,1,-1,-1,-1
707,150,1255,587,57,138,1,-1,-1,-1
707,57,963,661,71,44,1,-1,-1,-1
708,225,1574,631,66,143,1,-1,-1,-1
708,211,1314,624,72,135,1,-1,-1,-1
708,209,309,644,78,147,1,-1,-1,-1
708,203,889,451,32,102,1,-1,-1,-1
708,202,641,540,90,128,1,-1,-1,-1
708,200,52,720,75,60,1,-1,-1,-1
708,195,923,580,105,136,1,-1,-1,-1
708,191,254,574,50,132,1,-1,-1,-1
708,190,154,662,63,164,1,-1,-1,-1
708,177,888,448,38,99,1,-1,-1,-1
708,175,514,568,69,123,1,-1,-1,-1
708,166,1216,509,41,124,1,-1,-1,-1
708,164,1249,574,58,129,1,-1,-1,-1
708,150,1251,587,57,138,1,-1,-1,-1
708,57,963,661,71,44,1,-1,-1,-1
709,225,1572,631,66,143,1,-1,-1,-1
709,211,1311,624,67,135,1,-1,-1,-1
709,209,307,643,76,147,1,-1,-1,-1
709,203,884,452,36,101,1,-1,-1,-1
709,202,644,540,88,128,1,-1,-1,-1
709,200,52,720,76,59,1,-1,-1,-1
709,195,925,580,106,136,1,-1,-1,-1
709,191,257,574,49,133,1,-1,-1,-1
709,190,151,662,64,164,1,-1,-1,-1
709,177,887,448,38,100,1,-1,-1,-1
709,175,522,568,68,123,1,-1,-1,-1
709,166,1215,510,41,125,1,-1,-1,-1
709,164,1247,574,57,129,1,-1,-1,-1
709,150,1247,587,56,138,1,-1,-1,-1
709,57,963,661,71,44,1,-1,-1,-1
710,225,1571,631,66,143,1,-1,-1,-1
710,211,1308,623,63,135,1,-1,-1,-1
710,209,304,643,74,148,1,-1,-1,-1
710,203,878,452,40,101,1,-1,-1,-1
710,202,647,541,86,128,1,-1,-1,-1
710,200,53,720,76,59,1,-1,-1,-1
710,195,926,580,106,136,1,-1,-1,-1
710,191,261,574,48,133,1,-1,-1,-1
710,190,149,662,65,164,1,-1,-1,-1
710,177,887,449,37,100,1,-1,-1,-1
710,175,530,568,67,123,1,-1,-1,-1
710,166,1214,510,42,126,1,-1,-1,-1
710,164,1244,574,57,129,1,-1,-1,-1
710,150,1242,586,56,138,1,-1,-1,-1
710,57,963,661,71,44,1,-1,-1,-1
711,225,1569,631,66,143,1,-1,-1,-1
711,211,1305,622,58,135,1,-1,-1,-1
711,209,302,643,71,148,1,-1,-1,-1
711,203,872,453,44,100,1,-1,-1,-1
711,202,651,541,84,127,1,-1,-1,-1
711,200,54,720,76,59,1,-1,-1,-1
711,195,927,580,107,136,1,-1,-1,-1
711,191,264,574,47,133,1,-1,-1,-1
711,190,146,662,66,164,1,-1,-1,-1
711,177,886,449,36,100,1,-1,-1,-1
711,175,538,568,66,124,1,-1,-1,-1
711,166,1213,511,42,126,1,-1,-1,-1
711,164,1242,574,56,129,1,-1,-1,-1
711,150,1238,586,55,138,1,-1,-1,-1
711,57,963,661,71,44,1,-1,-1,-1
712,225,1568,631,66,143,1,-1,-1,-1
712,211,1302,621,53,135,1,-1,-1,-1
712,209,299,643,69,148,1,-1,-1,-1
712,203,866,453,48,100,1,-1,-1,-1
712,202,654,542,82,127,1,-1,-1,-1
712,200,54,720,77,59,1,-1,-1,-1
712,195,929,580,107,136,1,-1,-1,-1
712,191,267,574,47,134,1,-1,-1,-1
712,190,144,662,67,164,1,-1,-1,-1
712,177,885,449,35,100,1,-1,-1,-1
712,175,546,568,65,124,1,-1,-1,-1
712,166,1211,511,43,127,1,-1,-1,-1
712,164,1239,574,55,129,1,-1,-1,-1
712,150,1233,586,55,138,1,-1,-1,-1
712,57,964,661,71,44,1,-1,-1,-1
713,225,1566,631,66,143,1,-1,-1,-1
713,211,1297,620,47,135,1,-1,-1,-1
713,209,295,643,66,149,1,-1,-1,-1
713,203,858,454,53,99,1,-1,-1,-1
713,202,659,543,80,126,1,-1,-1,-1
713,200,55,720,77,58,1,-1,-1,-1
713,195,931,580,108,135,1,-1,-1,-1
713,191,272,574,45,134,1,-1,-1,-1
713,190,141,662,69,164,1,-1,-1,-1
713,177,884,449,34,100,1,-1,-1,-1
713,175,557,568,64,124,1,-1,-1,-1
713,166,1210,512,44,128,1,-1,-1,-1
713,164,1236,575,54,128,1,-1,-1,-1
713,150,1227,585,54,139,1,-1,-1,-1
713,57,964,662,71,44,1,-1,-1,-1
714,225,1563,631,66,143,1,-1,-1,-1
714,211,1294,620,48,134,1,-1,-1,-1
714,209,293,643,66,149,1,-1,-1,-1
714,203,857,454,52,100,1,-1,-1,-1
714,202,660,543,80,127,1,-1,-1,-1
714,200,56,720,76,58,1,-1,-1,-1
714,195,932,580,106,135,1,-1,-1,-1
714,191,273,575,45,134,1,-1,-1,-1
714,190,139,662,69,164,1,-1,-1,-1
714,177,884,449,34,100,1,-1,-1,-1
714,175,558,568,64,124,1,-1,-1,-1
714,166,1209,512,44,127,1,-1,-1,-1
714,164,1235,575,54,129,1,-1,-1,-1
714,150,1225,586,55,138,1,-1,-1,-1
714,57,964,662,71,44,1,-1,-1,-1
715,225,1559,631,66,143,1,-1,-1,-1
715,211,1289,620,51,134,1,-1,-1,-1
715,209,289,643,66,149,1,-1,-1,-1
715,203,856,454,49,100,1,-1,-1,-1
715,202,662,543,80,127,1,-1,-1,-1
715,200,58,720,75,58,1,-1,-1,-1
715,195,936,580,104,135,1,-1,-1,-1
715,191,275,575,46,134,1,-1,-1,-1
715,190,137,662,69,163,1,-1,-1,-1
715,177,883,449,34,100,1,-1,-1,-1
715,175,561,569,65,124,1,-1,-1,-1
715,166,1209,512,43,127,1,-1,-1,-1
715,164,1234,575,53,129,1,-1,-1,-1
715,150,1222,586,57,138,1,-1,-1,-1
715,57,963,662,71,44,1,-1,-1,-1
716,225,1555,632,65,143,1,-1,-1,-1
716,211,1283,620,54,133,1,-1,-1,-1
716,209,285,643,66,149,1,-1,-1,-1
716,203,855,454,46,101,1,-1,-1,-1
716,202,665,543,80,127,1,-1,-1,-1
716,200,59,720,74,58,1,-1,-1,-1
716,195,939,580,101,135,1,-1,-1,-1
716,191,277,576,46,134,1,-1,-1,-1
716,190,135,661,69,163,1,-1,-1,-1
716,177,882,449,34,100,1,-1,-1,-1
716,175,564,569,65,124,1,-1,-1,-1
716,166,1208,513,43,127,1,-1,-1,-1
716,164,1233,575,52,129,1,-1,-1,-1
716,150,1220,586,59,138,1,-1,-1,-1
716,57,963,663,71,44,1,-1,-1,-1
717,225,1551,633,65,144,1,-1,-1,-1
717,211,1278,620,56,132,1,-1,-1,-1
717,209,282,643,66,149,1,-1,-1,-1
717,203,854,454,43,102,1,-1,-1,-1
717,202,667,543,81,127,1,-1,-1,-1
717,200,61,721,73,58,1,-1,-1,-1
717,195,942,581,98,135,1,-1,-1,-1
717,191,280,576,47,133,1,-1,-1,-1
717,190,133,661,69,163,1,-1,-1,-1
717,177,881,449,34,100,1,-1,-1,-1
717,175,567,569,66,125,1,-1,-1,-1
717,166,1207,513,43,127,1,-1,-1,-1
717,164,1231,576,51,129,1,-1,-1,-1
717,150,1217,586,61,137,1,-1,-1,-1
717,57,963,663,71,44,1,-1,-1,-1
718,225,1547,633,64,144,1,-1,-1,-1
718,211,1273,620,59,132,1,-1,-1,-1
718,209,278,643,66,149,1,-1,-1,-1
718,203,853,454,41,103,1,-1,-1,-1
718,202,670,544,81,127,1,-1,-1,-1
718,200,62,721,72,58,1,-1,-1,-1
718,195,946,581,96,134,1,-1,-1,-1
718,191,282,577,47,133,1,-1,-1,-1
718,190,131,661,69,162,1,-1,-1,-1
718,177,879,449,34,100,1,-1,-1,-1
718,175,570,569,66,125,1,-1,-1,-1
718,166,1207,513,43,126,1,-1,-1,-1
718,164,1230,576,49,129,1,-1,-1,-1
718,150,1214,586,62,137,1,-1,-1,-1
718,57,963,663,71,44,1,-1,-1,-1
719,225,1540,634,64,144,1,-1,-1,-1
719,211,1264,620,63,130,1,-1,-1,-1
719,209,271,643,67,149,1,-1,-1,-1
719,203,851,453,36,104,1,-1,-1,-1
719,202,673,544,81,127,1,-1,-1,-1
719,200,65,721,70,57,1,-1,-1,-1
719,195,951,581,91,134,1,-1,-1,-1
719,191,285,577,48,132,1,-1,-1,-1
719,190,127,661,68,162,1,-1,-1,-1
719,177,878,449,35,100,1,-1,-1,-1
719,175,575,570,67,125,1,-1,-1,-1
719,166,1206,514,43,126,1,-1,-1,-1
719,164,1228,576,48,129,1,-1,-1,-1
719,150,1209,587,65,136,1,-1,-1,-1
719,57,962,664,71,44,1,-1,-1,-1
720,225,1540,634,64,145,1,-1,-1,-1
720,211,1262,620,64,130,1,-1,-1,-1
720,209,270,643,66,148,1,-1,-1,-1
720,203,850,454,37,104,1,-1,-1,-1
720,202,674,544,82,128,1,-1,-1,-1
720,200,66,721,69,57,1,-1,-1,-1
720,195,952,581,91,134,1,-1,-1,-1
720,191,286,577,48,133,1,-1,-1,-1
720,190,127,661,68,162,1,-1,-1,-1
720,177,877,449,35,100,1,-1,-1,-1
720,175,577,570,67,125,1,-1,-1,-1
720,166,1205,514,43,126,1,-1,-1,-1
720,164,1227,576,47,129,1,-1,-1,-1
720,150,1208,587,64,136,1,-1,-1,-1
720,57,962,664,71,44,1,-1,-1,-1
721,225,1537,635,63,145,1,-1,-1,-1
721,211,1255,620,65,130,1,-1,-1,-1
721,209,268,643,65,148,1,-1,-1,-1
721,203,844,454,40,103,1,-1,-1,-1
721,202,676,544,83,128,1,-1,-1,-1
721,200,68,721,68,57,1,-1,-1,-1
721,195,956,582,90,134,1,-1,-1,-1
721,191,288,577,47,133,1,-1,-1,-1
721,190,128,661,67,162,1,-1,-1,-1
721,177,877,450,35,100,1,-1,-1,-1
721,175,584,570,65,125,1,-1,-1,-1
721,166,1203,515,43,126,1,-1,-1,-1
721,164,1226,577,44,130,1,-1,-1,-1
721,150,1207,587,58,136,1,-1,-1,-1
721,57,962,664,71,44,1,-1,-1,-1
722,225,1534,635,63,145,1,-1,-1,-1
722,211,1249,620,67,130,1,-1,-1,-1
722,209,265,643,63,148,1,-1,-1,-1
722,203,839,454,44,103,1,-1,-1,-1
722,202,677,544,84,128,1,-1,-1,-1
722,200,70,721,67,57,1,-1,-1,-1
722,195,959,582,88,133,1,-1,-1,-1
722,191,291,576,47,134,1,-1,-1,-1
722,190,129,660,67,163,1,-1,-1,-1
722,177,876,450,35,100,1,-1,-1,-1
722,175,592,570,64,124,1,-1,-1,-1
722,166,1202,516,44,125,1,-1,-1,-1
722,164,1225,577,42,130,1,-1,-1,-1
722,150,1205,587,53,136,1,-1,-1,-1
722,57,962,664,71,44,1,-1,-1,-1
723,225,1531,635,62,145,1,-1,-1,-1
723,211,1243,620,69,130,1,-1,-1,-1
723,209,263,643,62,148,1,-1,-1,-1
723,203,834,454,47,103,1,-1,-1,-1
723,202,679,545,86,129,1,-1,-1,-1
723,200,72,721,66,57,1,-1,-1,-1
723,195,962,582,87,133,1,-1,-1,-1
723,191,293,576,46,134,1,-1,-1,-1
723,190,130,660,66,163,1,-1,-1,-1
723,177,875,450,35,100,1,-1,-1,-1
723,175,599,570,62,124,1,-1,-1,-1
723,166,1200,517,44,125,1,-1,-1,-1
723,164,1224,577,40,130,1,-1,-1,-1
723,150,1204,587,47,135,1,-1,-1,-1
723,57,962,665,71,44,1,-1,-1,-1
724,225,1529,636,62,146,1,-1,-1,-1
724,211,1237,621,71,129,1,-1,-1,-1
724,209,260,643,60,148,1,-1,-1,-1
724,203,829,454,50,102,1,-1,-1,-1
724,202,680,545,87,129,1,-1,-1,-1
724,200,74,722,65,57,1,-1,-1,-1
724,195,966,582,85,132,1,-1,-1,-1
724,191,295,575,46,135,1,-1,-1,-1
724,190,131,660,65,164,1,-1,-1,-1
724,177,874,450,35,100,1,-1,-1,-1
724,175,606,570,61,124,1,-1,-1,-1
724,166,1198,518,45,125,1,-1,-1,-1
724,164,1222,577,37,130,1,-1,-1,-1
724,150,1202,588,42,135,1,-1,-1,-1
724,57,962,665,71,44,1,-1,-1,-1
725,225,1523,637,61,146,1,-1,-1,-1
725,211,1225,621,74,129,1,-1,-1,-1
725,209,255,644,57,147,1,-1,-1,-1
725,203,818,455,57,102,1,-1,-1,-1
725,202,684,545,90,129,1,-1,-1,-1
725,200,78,722,62,56,1,-1,-1,-1
725,195,972,583,83,131,1,-1,-1,-1
725,191,299,574,44,135,1,-1,-1,-1
725,190,132,660,63,165,1,-1,-1,-1
725,177,872,450,35,100,1,-1,-1,-1
725,175,620,570,58,123,1,-1,-1,-1
725,166,1195,519,46,124,1,-1,-1,-1
725,164,1220,578,32,130,1,-1,-1,-1
725,150,1200,588,31,134,1,-1,-1,-1
725,57,962,665,71,44,1,-1,-1,-1
726,225,1523,637,61,146,1,-1,-1,-1
726,211,1224,621,74,129,1,-1,-1,-1
726,209,255,644,58,147,1,-1,-1,-1
726,203,818,455,56,102,1,-1,-1,-1
726,202,684,545,90,130,1,-1,-1,-1
726,200,78,722,62,56,1,-1,-1,-1
726,195,972,583,83,132,1,-1,-1,-1
726,191,300,574,44,135,1,-1,-1,-1
726,190,133,659,63,165,1,-1,-1,-1
726,177,872,450,35,100,1,-1,-1,-1
726,175,621,570,58,123,1,-1,-1,-1
726,166,1194,519,46,124,1,-1,-1,-1
726,164,1220,578,33,130,1,-1,-1,-1
726,150,1199,588,32,134,1,-1,-1,-1
726,57,962,665,71,44,1,-1,-1,-1
727,225,1517,637,63,146,1,-1,-1,-1
727,211,1220,620,75,130,1,-1,-1,-1
727,209,247,643,61,147,1,-1,-1,-1
727,203,818,455,53,102,1,-1,-1,-1
727,202,689,545,86,130,1,-1,-1,-1
727,200,78,722,62,56,1,-1,-1,-1
727,195,976,582,83,132,1,-1,-1,-1
727,191,301,575,44,135,1,-1,-1,-1
727,190,135,659,62,164,1,-1,-1,-1
727,177,872,450,34,100,1,-1,-1,-1
727,175,625,570,58,124,1,-1,-1,-1
727,166,1193,519,46,124,1,-1,-1,-1
727,164,1214,577,38,131,1,-1,-1,-1
727,150,1193,588,37,135,1,-1,-1,-1
727,57,962,665,71,44,1,-1,-1,-1
728,225,1512,637,65,146,1,-1,-1,-1
728,211,1217,619,77,130,1,-1,-1,-1
728,209,239,643,64,146,1,-1,-1,-1
728,203,818,455,49,101,1,-1,-1,-1
728,202,694,546,82,130,1,-1,-1,-1
728,200,78,723,61,56,1,-1,-1,-1
728,195,979,581,83,133,1,-1,-1,-1
728,191,302,575,44,135,1,-1,-1,-1
728,190,136,659,61,164,1,-1,-1,-1
728,177,872,451,34,100,1,-1,-1,-1
728,175,630,570,59,124,1,-1,-1,-1
728,166,1191,520,46,124,1,-1,-1,-1
728,164,1208,577,43,131,1,-1,-1,-1
728,150,1187,587,42,135,1,-1,-1,-1
728,57,962,664,72,44,1,-1,-1,-1
729,225,1507,637,67,145,1,-1,-1,-1
729,211,1213,618,78,131,1,-1,-1,-1
729,209,231,643,67,146,1,-1,-1,-1
729,203,817,455,46,101,1,-1,-1,-1
729,202,698,546,78,130,1,-1,-1,-1
729,200,78,723,61,55,1,-1,-1,-1
729,195,983,580,83,134,1,-1,-1,-1
729,191,303,575,44,135,1,-1,-1,-1
729,190,138,659,60,164,1,-1,-1,-1
729,177,872,451,34,101,1,-1,-1,-1
729,175,635,569,60,125,1,-1,-1,-1
729,166,1190,520,46,125,1,-1,-1,-1
729,164,1202,576,48,131,1,-1,-1,-1
729,150,1181,587,47,135,1,-1,-1,-1
729,57,962,664,73,44,1,-1,-1,-1
730,225,1501,637,69,145,1,-1,-1,-1
730,211,1209,617,79,131,1,-1,-1,-1
730,209,223,643,71,145,1,-1,-1,-1
730,203,817,455,42,101,1,-1,-1,-1
730,202,703,546,74,131,1,-1,-1,-1
730,200,78,724,60,55,1,-1,-1,-1
730,195,986,579,83,134,1,-1,-1,-1
730,191,305,575,44,135,1,-1,-1,-1
730,190,140,659,59,163,1,-1,-1,-1
730,177,871,451,33,101,1,-1,-1,-1
730,175,639,569,61,125,1,-1,-1,-1
730,166,1188,520,47,125,1,-1,-1,-1
730,164,1196,576,53,131,1,-1,-1,-1
730,150,1175,587,52,136,1,-1,-1,-1
730,57,962,664,74,44,1,-1,-1,-1
731,225,1496,637,71,144,1,-1,-1,-1
731,211,1205,616,81,132,1,-1,-1,-1
731,209,216,643,74,145,1,-1,-1,-1
731,203,817,455,39,100,1,-1,-1,-1
731,202,708,547,70,131,1,-1,-1,-1
731,200,78,724,60,54,1,-1,-1,-1
731,195,990,579,83,135,1,-1,-1,-1
731,191,306,576,44,134,1,-1,-1,-1
731,190,142,659,58,163,1,-1,-1,-1
731,177,871,451,33,101,1,-1,-1,-1
731,175,644,569,61,125,1,-1,-1,-1
731,166,1186,520,47,125,1,-1,-1,-1
731,164,1190,575,58,132,1,-1,-1,-1
731,150,1169,587,57,136,1,-1,-1,-1
731,57,961,663,74,44,1,-1,-1,-1
732,225,1489,637,73,144,1,-1,-1,-1
732,211,1201,614,82,132,1,-1,-1,-1
732,209,206,643,78,144,1,-1,-1,-1
732,203,816,455,35,100,1,-1,-1,-1
732,202,714,547,66,131,1,-1,-1,-1
732,200,79,725,59,54,1,-1,-1,-1
732,195,994,578,82,136,1,-1,-1,-1
732,191,307,576,44,134,1,-1,-1,-1
732,190,144,659,56,163,1,-1,-1,-1
732,177,871,451,33,101,1,-1,-1,-1
732,175,649,569,62,126,1,-1,-1,-1
732,166,1184,520,47,125,1,-1,-1,-1
732,164,1183,574,63,132,1,-1,-1,-1
732,150,1162,587,63,136,1,-1,-1,-1
732,57,961,663,75,44,1,-1,-1,-1
733,225,1488,637,72,144,1,-1,-1,-1
733,211,1199,614,84,133,1,-1,-1,-1
733,209,206,643,77,144,1,-1,-1,-1
733,203,812,455,37,100,1,-1,-1,-1
733,202,717,547,64,131,1,-1,-1,-1
733,200,79,724,60,54,1,-1,-1,-1
733,195,995,578,84,136,1,-1,-1,-1
733,191,307,576,43,135,1,-1,-1,-1
733,190,145,659,57,163,1,-1,-1,-1
733,177,870,451,32,101,1,-1,-1,-1
733,175,655,569,62,126,1,-1,-1,-1
733,166,1183,521,47,125,1,-1,-1,-1
733,164,1183,574,61,132,1,-1,-1,-1
733,150,1161,586,60,136,1,-1,-1,-1
733,57,962,662,76,44,1,-1,-1,-1
734,225,1487,637,72,144,1,-1,-1,-1
734,211,1197,614,85,133,1,-1,-1,-1
734,209,204,643,76,144,1,-1,-1,-1
734,203,807,455,40,100,1,-1,-1,-1
734,202,721,547,63,131,1,-1,-1,-1
734,200,79,724,60,54,1,-1,-1,-1
734,195,996,578,86,135,1,-1,-1,-1
734,191,307,576,42,135,1,-1,-1,-1
734,190,146,659,57,163,1,-1,-1,-1
734,177,870,451,32,101,1,-1,-1,-1
734,175,661,569,63,126,1,-1,-1,-1
734,166,1182,521,48,125,1,-1,-1,-1
734,164,1183,574,57,133,1,-1,-1,-1
734,150,1160,586,56,136,1,-1,-1,-1
734,57,962,662,77,44,1,-1,-1,-1
735,225,1486,637,71,144,1,-1,-1,-1
735,211,1194,614,87,134,1,-1,-1,-1
735,209,203,643,75,144,1,-1,-1,-1
735,203,801,455,42,101,1,-1,-1,-1
735,202,725,547,61,131,1,-1,-1,-1
735,200,79,724,61,55,1,-1,-1,-1
735,195,998,578,89,135,1,-1,-1,-1
735,191,308,575,40,136,1,-1,-1,-1
735,190,146,659,58,162,1,-1,-1,-1
735,177,870,451,32,101,1,-1,-1,-1
735,175,668,569,63,126,1,-1,-1,-1
735,166,1181,522,48,125,1,-1,-1,-1
735,164,1182,574,53,133,1,-1,-1,-1
735,150,1160,586,51,136,1,-1,-1,-1
735,57,963,662,77,45,1,-1,-1,-1
736,225,1484,637,71,144,1,-1,-1,-1
736,211,1192,614,89,134,1,-1,-1,-1
736,209,202,643,74,144,1,-1,-1,-1
736,203,796,455,45,101,1,-1,-1,-1
736,202,729,547,59,131,1,-1,-1,-1
736,200,79,724,62,55,1,-1,-1,-1
736,195,999,578,91,135,1,-1,-1,-1
736,191,308,575,39,136,1,-1,-1,-1
736,190,147,659,59,162,1,-1,-1,-1
736,177,869,452,32,101,1,-1,-1,-1
736,175,674,568,63,126,1,-1,-1,-1
736,166,1180,523,48,125,1,-1,-1,-1
736,164,1182,574,50,133,1,-1,-1,-1
736,150,1159,586,47,136,1,-1,-1,-1
736,57,964,661,78,45,1,-1,-1,-1
737,225,1483,637,70,144,1,-1,-1,-1
737,211,1189,614,90,134,1,-1,-1,-1
737,209,201,643,73,144,1,-1,-1,-1
737,203,791,455,47,101,1,-1,-1,-1
737,202,733,548,57,131,1,-1,-1,-1
737,200,79,723,62,55,1,-1,-1,-1
737,195,1000,578,93,134,1,-1,-1,-1
737,191,308,575,38,136,1,-1,-1,-1
737,190,148,659,60,162,1,-1,-1,-1
737,177,869,452,31,101,1,-1,-1,-1
737,175,681,568,63,126,1,-1,-1,-1
737,166,1178,523,48,125,1,-1,-1,-1
737,164,1182,574,46,134,1,-1,-1,-1
737,150,1159,586,43,135,1,-1,-1,-1
737,57,964,661,79,45,1,-1,-1,-1
738,225,1481,637,70,145,1,-1,-1,-1
738,211,1186,614,93,135,1,-1,-1,-1
738,209,200,643,71,144,1,-1,-1,-1
738,203,783,455,51,101,1,-1,-1,-1
738,202,739,548,55,131,1,-1,-1,-1
738,200,79,723,63,56,1,-1,-1,-1
738,195,1002,579,96,134,1,-1,-1,-1
738,191,308,574,36,137,1,-1,-1,-1
738,190,149,659,61,162,1,-1,-1,-1
738,177,869,452,31,101,1,-1,-1,-1
738,175,690,568,64,126,1,-1,-1,-1
738,166,1177,524,49,125,1,-1,-1,-1
738,164,1181,573,41,134,1,-1,-1,-1
738,150,1158,585,37,135,1,-1,-1,-1
738,57,965,661,80,45,1,-1,-1,-1
739,225,1480,637,68,145,1,-1,-1,-1
739,211,1186,613,89,135,1,-1,-1,-1
739,209,197,643,70,144,1,-1,-1,-1
739,203,782,455,50,101,1,-1,-1,-1
739,202,740,548,55,131,1,-1,-1,-1
739,200,79,723,63,56,1,-1,-1,-1
739,195,1004,578,94,134,1,-1,-1,-1
739,191,308,574,36,137,1,-1,-1,-1
739,190,149,659,61,162,1,-1,-1,-1
739,177,868,452,31,101,1,-1,-1,-1
739,175,693,567,64,127,1,-1,-1,-1
739,166,1176,524,48,125,1,-1,-1,-1
739,164,1179,573,42,134,1,-1,-1,-1
739,150,1155,585,38,135,1,-1,-1,-1
739,57,965,660,80,45,1,-1,-1,-1
740,225,1478,637,64,146,1,-1,-1,-1
740,211,1186,612,83,135,1,-1,-1,-1
740,209,192,643,68,144,1,-1,-1,-1
740,203,781,455,50,101,1,-1,-1,-1
740,202,742,548,56,131,1,-1,-1,-1
740,200,79,724,63,55,1,-1,-1,-1
740,195,1007,578,92,134,1,-1,-1,-1
740,191,308,574,37,137,1,-1,-1,-1
740,190,150,659,61,162,1,-1,-1,-1
740,177,867,452,32,101,1,-1,-1,-1
740,175,698,566,65,129,1,-1,-1,-1
740,166,1176,525,47,125,1,-1,-1,-1
740,164,1174,574,43,133,1,-1,-1,-1
740,150,1150,586,41,135,1,-1,-1,-1
740,57,965,660,81,45,1,-1,-1,-1
741,225,1476,637,61,146,1,-1,-1,-1
741,211,1186,611,76,135,1,-1,-1,-1
741,209,186,643,66,144,1,-1,-1,-1
741,203,779,456,49,101,1,-1,-1,-1
741,202,744,548,56,131,1,-1,-1,-1
741,200,79,724,63,55,1,-1,-1,-1
741,195,1011,578,89,134,1,-1,-1,-1
741,191,308,574,38,136,1,-1,-1,-1
741,190,151,659,61,162,1,-1,-1,-1
741,177,866,452,33,101,1,-1,-1,-1
741,175,702,565,66,131,1,-1,-1,-1
741,166,1175,525,47,126,1,-1,-1,-1
741,164,1169,574,45,133,1,-1,-1,-1
741,150,1144,586,44,135,1,-1,-1,-1
741,57,966,659,82,45,1,-1,-1,-1
742,225,1473,636,58,147,1,-1,-1,-1
742,211,1186,610,70,134,1,-1,-1,-1
742,209,181,643,64,144,1,-1,-1,-1
742,203,777,456,48,101,1,-1,-1,-1
742,202,746,548,56,131,1,-1,-1,-1
742,200,79,725,63,55,1,-1,-1,-1
742,195,1014,577,87,135,1,-1,-1,-1
742,191,307,574,38,136,1,-1,-1,-1
742,190,151,659,61,162,1,-1,-1,-1
742,177,865,453,33,101,1,-1,-1,-1
742,175,707,564,67,132,1,-1,-1,-1
742,166,1175,525,46,126,1,-1,-1,-1
742,164,1164,574,46,132,1,-1,-1,-1
742,150,1139,586,47,135,1,-1,-1,-1
742,57,966,659,82,45,1,-1,-1,-1
743,225,1471,636,54,147,1,-1,-1,-1
743,211,1186,609,63,134,1,-1,-1,-1
743,209,176,643,62,144,1,-1,-1,-1
743,203,775,456,47,101,1,-1,-1,-1
743,202,747,548,57,131,1,-1,-1,-1
743,200,79,726,63,54,1,-1,-1,-1
743,195,1017,577,84,135,1,-1,-1,-1
743,191,307,574,39,136,1,-1,-1,-1
743,190,152,659,61,162,1,-1,-1,-1
743,177,864,453,34,101,1,-1,-1,-1
743,175,712,563,68,134,1,-1,-1,-1
743,166,1174,526,45,127,1,-1,-1,-1
743,164,1157,574,48,131,1,-1,-1,-1
743,150,1134,586,49,135,1,-1,-1,-1
743,57,966,658,83,45,1,-1,-1,-1
744,225,1468,636,49,149,1,-1,-1,-1
744,211,1187,607,52,134,1,-1,-1,-1
744,209,167,643,58,144,1,-1,-1,-1
744,203,772,456,46,101,1,-1,-1,-1
744,202,751,549,57,132,1,-1,-1,-1
744,200,79,726,63,54,1,-1,-1,-1
744,195,1022,576,80,135,1,-1,-1,-1
744,191,307,574,41,136,1,-1,-1,-1
744,190,154,658,61,162,1,-1,-1,-1
744,177,863,453,35,102,1,-1,-1,-1
744,175,720,561,70,137,1,-1,-1,-1
744,166,1173,526,44,128,1,-1,-1,-1
744,164,1151,575,53,130,1,-1,-1,-1
744,150,1126,587,54,135,1,-1,-1,-1
744,57,966,658,84,45,1,-1,-1,-1
745,225,1466,636,50,148,1,-1,-1,-1
745,211,1186,607,53,134,1,-1,-1,-1
745,209,165,643,60,144,1,-1,-1,-1
745,203,772,456,45,101,1,-1,-1,-1
745,202,751,549,57,132,1,-1,-1,-1
745,200,79,727,63,53,1,-1,-1,-1
745,195,1023,576,79,135,1,-1,-1,-1
745,191,307,574,40,136,1,-1,-1,-1
745,190,154,658,61,162,1,-1,-1,-1
745,177,862,453,35,102,1,-1,-1,-1
745,175,722,560,70,138,1,-1,-1,-1
745,166,1173,527,43,128,1,-1,-1,-1
745,164,1150,575,53,130,1,-1,-1,-1
745,150,1125,587,54,135,1,-1,-1,-1
745,57,966,657,85,45,1,-1,-1,-1
746,225,1459,637,55,148,1,-1,-1,-1
746,211,1182,607,55,133,1,-1,-1,-1
746,209,159,644,65,144,1,-1,-1,-1
746,203,770,456,43,101,1,-1,-1,-1
746,202,754,549,55,131,1,-1,-1,-1
746,200,79,727,63,53,1,-1,-1,-1
746,195,1027,576,77,135,1,-1,-1,-1
746,191,307,574,40,136,1,-1,-1,-1
746,190,153,658,61,162,1,-1,-1,-1
746,177,862,453,36,102,1,-1,-1,-1
746,175,728,557,68,141,1,-1,-1,-1
746,166,1172,527,43,128,1,-1,-1,-1
746,164,1148,575,55,130,1,-1,-1,-1
746,150,1124,587,55,135,1,-1,-1,-1
746,57,966,657,85,46,1,-1,-1,-1
747,225,1452,637,59,147,1,-1,-1,-1
747,211,1179,607,58,133,1,-1,-1,-1
747,209,153,645,70,143,1,-1,-1,-1
747,203,769,456,40,102,1,-1,-1,-1
747,202,756,549,53,131,1,-1,-1,-1
747,200,79,727,63,53,1,-1,-1,-1
747,195,1031,575,74,136,1,-1,-1,-1
747,191,306,574,40,136,1,-1,-1,-1
747,190,152,658,61,161,1,-1,-1,-1
747,177,861,454,37,102,1,-1,-1,-1
747,175,733,554,67,143,1,-1,-1,-1
747,166,1171,527,42,127,1,-1,-1,-1
747,164,1147,575,57,130,1,-1,-1,-1
747,150,1122,586,55,136,1,-1,-1,-1
747,57,966,657,86,46,1,-1,-1,-1
748,225,1446,638,63,146,1,-1,-1,-1
748,211,1176,608,60,132,1,-1,-1,-1
748,209,147,646,75,143,1,-1,-1,-1
748,203,767,456,37,102,1,-1,-1,-1
748,202,758,549,51,131,1,-1,-1,-1
748,200,79,727,63,52,1,-1,-1,-1
748,195,1034,575,72,136,1,-1,-1,-1
748,191,306,574,39,136,1,-1,-1,-1
748,190,152,658,62,161,1,-1,-1,-1
748,177,860,454,37,102,1,-1,-1,-1
748,175,739,551,65,146,1,-1,-1,-1
748,166,1171,528,41,127,1,-1,-1,-1
748,164,1145,574,58,130,1,-1,-1,-1
748,150,1121,586,56,136,1,-1,-1,-1
748,57,967,656,87,46,1,-1,-1,-1
749,225,1439,639,67,145,1,-1,-1,-1
749,211,1173,608,63,132,1,-1,-1,-1
749,209,141,647,80,142,1,-1,-1,-1
749,203,766,456,35,102,1,-1,-1,-1
749,202,761,549,49,131,1,-1,-1,-1
749,200,79,727,63,52,1,-1,-1,-1
749,195,1038,574,69,136,1,-1,-1,-1
749,191,306,574,39,137,1,-1,-1,-1
749,190,151,658,62,161,1,-1,-1,-1
749,177,859,454,38,102,1,-1,-1,-1
749,175,745,548,63,149,1,-1,-1,-1
749,166,1170,528,40,127,1,-1,-1,-1
749,164,1143,574,60,130,1,-1,-1,-1
749,150,1120,586,56,136,1,-1,-1,-1
749,57,967,656,88,46,1,-1,-1,-1
750,225,1439,639,67,145,1,-1,-1,-1
750,211,1173,608,63,132,1,-1,-1,-1
750,209,141,647,80,142,1,-1,-1,-1
750,203,766,456,35,102,1,-1,-1,-1
750,202,761,549,49,131,1,-1,-1,-1
750,200,79,727,63,52,1,-1,-1,-1
750,195,1038,574,69,136,1,-1,-1,-1
750,191,306,574,39,137,1,-1,-1,-1
750,190,151,658,62,161,1,-1,-1,-1
750,177,859,454,38,102,1,-1,-1,-1
750,175,745,548,63,149,1,-1,-1,-1
750,166,1170,528,40,127,1,-1,-1,-1
750,164,1143,574,60,130,1,-1,-1,-1
750,150,1120,586,56,136,1,-1,-1,-1
750,57,967,656,88,46,1,-1,-1,-1